map,seed,method,trial,source,cmd_vx,cmd_vy,cmd_wz,measured_vx,measured_vy,measured_wz,valid,safety_events
replicate_weighted_arc,10501,B4_d_opt,1,d_optimal,-0.2833553120493889,-0.2992605121806264,-0.5199953781440854,-0.1476077733854134,-0.13767178654654266,-0.40524063730239024,True,
replicate_weighted_arc,10502,B4_d_opt,1,d_optimal,-0.2833553120493889,-0.2992605121806264,-0.5199953781440854,-0.15552415935352107,-0.22133612389997592,-0.3973045154470237,True,
replicate_weighted_arc,10503,B4_d_opt,1,d_optimal,-0.2833553120493889,-0.2992605121806264,-0.5199953781440854,-0.2057920834043857,-0.22865165399922088,-0.33497578989609617,True,
replicate_weighted_arc,10504,B4_d_opt,1,d_optimal,-0.2833553120493889,-0.2992605121806264,-0.5199953781440854,-0.24337999210946112,-0.16554642621087431,-0.32362253870361785,True,
replicate_weighted_arc,10505,B4_d_opt,1,d_optimal,-0.2833553120493889,-0.2992605121806264,-0.5199953781440854,-0.18546259318537334,-0.19249962121213024,-0.3662781217756655,True,
replicate_weighted_arc,10506,B4_d_opt,1,d_optimal,-0.2833553120493889,-0.2992605121806264,-0.5199953781440854,-0.18964350914396944,-0.1928041253073262,-0.35137715698438543,True,
replicate_weighted_arc,10507,B4_d_opt,1,d_optimal,-0.2833553120493889,-0.2992605121806264,-0.5199953781440854,-0.20468971913090112,-0.1974328152029827,-0.3799650847490698,True,
replicate_weighted_arc,10508,B4_d_opt,1,d_optimal,-0.2833553120493889,-0.2992605121806264,-0.5199953781440854,-0.21804343811660118,-0.23538705511171484,-0.29009545912962287,True,
replicate_weighted_arc,10509,B4_d_opt,1,d_optimal,-0.2833553120493889,-0.2992605121806264,-0.5199953781440854,-0.27346913938434225,-0.2197730053531909,-0.36400152888413917,True,
replicate_weighted_arc,10510,B4_d_opt,1,d_optimal,-0.2833553120493889,-0.2992605121806264,-0.5199953781440854,-0.2141287114681207,-0.17088517725522281,-0.33427648666635595,True,
replicate_weighted_arc,10511,B4_d_opt,1,d_optimal,-0.2833553120493889,-0.2992605121806264,-0.5199953781440854,-0.14773701510368717,-0.16353688744193276,-0.3951814286406662,True,
replicate_weighted_arc,10512,B4_d_opt,1,d_optimal,-0.2833553120493889,-0.2992605121806264,-0.5199953781440854,-0.12326925201401544,-0.18443084577486815,-0.36201838726373864,True,
replicate_weighted_arc,10513,B4_d_opt,1,d_optimal,-0.2833553120493889,-0.2992605121806264,-0.5199953781440854,-0.10946830556211529,-0.07110040185391685,-0.38561878495870117,True,
replicate_weighted_arc,10514,B4_d_opt,1,d_optimal,-0.2833553120493889,-0.2992605121806264,-0.5199953781440854,-0.14878181488410464,-0.17325379667621266,-0.4007456926117755,True,
replicate_weighted_arc,10515,B4_d_opt,1,d_optimal,-0.2833553120493889,-0.2992605121806264,-0.5199953781440854,-0.2577660189531613,-0.13707277622152653,-0.3884313641826707,True,
replicate_weighted_arc,10516,B4_d_opt,1,d_optimal,-0.2833553120493889,-0.2992605121806264,-0.5199953781440854,-0.21842183848643212,-0.22672909916259293,-0.3712756030668973,True,
replicate_weighted_arc,10517,B4_d_opt,1,d_optimal,-0.2833553120493889,-0.2992605121806264,-0.5199953781440854,-0.25682995268104053,-0.11785529255725634,-0.3297349140169198,True,
replicate_weighted_arc,10518,B4_d_opt,1,d_optimal,-0.2833553120493889,-0.2992605121806264,-0.5199953781440854,-0.2312361920197799,-0.17936312976021485,-0.32256787395799696,True,
replicate_weighted_arc,10519,B4_d_opt,1,d_optimal,-0.2833553120493889,-0.2992605121806264,-0.5199953781440854,-0.10503897289039467,-0.2722341960708543,-0.38715928646054903,True,
replicate_weighted_arc,10520,B4_d_opt,1,d_optimal,-0.2833553120493889,-0.2992605121806264,-0.5199953781440854,-0.20923148922429968,-0.243917853613492,-0.4370352223401862,True,
replicate_weighted_arc,10521,B4_d_opt,1,d_optimal,-0.2833553120493889,-0.2992605121806264,-0.5199953781440854,-0.2618819346387393,-0.2476844467764752,-0.3335522520909817,True,
replicate_weighted_arc,10522,B4_d_opt,1,d_optimal,-0.2833553120493889,-0.2992605121806264,-0.5199953781440854,-0.2173193656090308,-0.19677059802102526,-0.30398709669775253,True,
replicate_weighted_arc,10523,B4_d_opt,1,d_optimal,-0.2833553120493889,-0.2992605121806264,-0.5199953781440854,-0.13171230597456945,-0.1386763300495179,-0.3172801708847271,True,
replicate_weighted_arc,10524,B4_d_opt,1,d_optimal,-0.2833553120493889,-0.2992605121806264,-0.5199953781440854,-0.09259979744243102,-0.266419409691308,-0.3574483714489308,True,
replicate_weighted_arc,10525,B4_d_opt,1,d_optimal,-0.2833553120493889,-0.2992605121806264,-0.5199953781440854,-0.21274978694205665,-0.19373244893413008,-0.379402942447429,True,
replicate_weighted_arc,10526,B4_d_opt,1,d_optimal,-0.2833553120493889,-0.2992605121806264,-0.5199953781440854,-0.2819352487303016,-0.12926371891540187,-0.3546715095182716,True,
replicate_weighted_arc,10527,B4_d_opt,1,d_optimal,-0.2833553120493889,-0.2992605121806264,-0.5199953781440854,-0.21186955757237302,-0.18334995640298163,-0.31159310921078803,True,
replicate_weighted_arc,10528,B4_d_opt,1,d_optimal,-0.2833553120493889,-0.2992605121806264,-0.5199953781440854,-0.27787410061271683,-0.22856362870962102,-0.3950460457212867,True,
replicate_weighted_arc,10529,B4_d_opt,1,d_optimal,-0.2833553120493889,-0.2992605121806264,-0.5199953781440854,-0.18860029956575086,-0.1791485232138791,-0.3729211538648142,True,
replicate_weighted_arc,10530,B4_d_opt,1,d_optimal,-0.2833553120493889,-0.2992605121806264,-0.5199953781440854,-0.25738092961495895,-0.24673764085162517,-0.37762857572112246,True,
replicate_weighted_arc,10531,B4_d_opt,1,d_optimal,-0.2833553120493889,-0.2992605121806264,-0.5199953781440854,-0.1355889052025663,-0.10150122023394896,-0.39505800982734235,True,
replicate_weighted_arc,10532,B4_d_opt,1,d_optimal,-0.2833553120493889,-0.2992605121806264,-0.5199953781440854,-0.17613621505298754,-0.2718068577495667,-0.3541916084588443,True,
replicate_weighted_arc,10533,B4_d_opt,1,d_optimal,-0.2833553120493889,-0.2992605121806264,-0.5199953781440854,-0.23098839180564945,-0.23910592560164712,-0.35271682694496437,True,
replicate_weighted_arc,10534,B4_d_opt,1,d_optimal,-0.2833553120493889,-0.2992605121806264,-0.5199953781440854,-0.19902753975480642,-0.21588242162121654,-0.3615337516027882,True,
replicate_weighted_arc,10535,B4_d_opt,1,d_optimal,-0.2833553120493889,-0.2992605121806264,-0.5199953781440854,-0.21629321803824725,-0.11246390212787938,-0.32718560427965204,True,
replicate_weighted_arc,10536,B4_d_opt,1,d_optimal,-0.2833553120493889,-0.2992605121806264,-0.5199953781440854,-0.09360755664463499,-0.20677240569413158,-0.31530771450881256,True,
replicate_weighted_arc,10537,B4_d_opt,1,d_optimal,-0.2833553120493889,-0.2992605121806264,-0.5199953781440854,-0.24217549457923526,-0.22345802370357631,-0.4224165929878807,True,
replicate_weighted_arc,10538,B4_d_opt,1,d_optimal,-0.2833553120493889,-0.2992605121806264,-0.5199953781440854,-0.23879523880768394,-0.28011311374798153,-0.4032852408360945,True,
replicate_weighted_arc,10539,B4_d_opt,1,d_optimal,-0.2833553120493889,-0.2992605121806264,-0.5199953781440854,-0.20865522968901193,-0.2249320872367191,-0.4196275743757392,True,
replicate_weighted_arc,10540,B4_d_opt,1,d_optimal,-0.2833553120493889,-0.2992605121806264,-0.5199953781440854,-0.2628350582649149,-0.14887937240865706,-0.34730908286464784,True,
replicate_weighted_arc,10541,B4_d_opt,1,d_optimal,-0.2833553120493889,-0.2992605121806264,-0.5199953781440854,-0.12577799382515265,-0.24764183058605752,-0.4549522014807781,True,
replicate_weighted_arc,10542,B4_d_opt,1,d_optimal,-0.2833553120493889,-0.2992605121806264,-0.5199953781440854,-0.11119040556813135,-0.20990735549025274,-0.3902794444456938,True,
replicate_weighted_arc,10543,B4_d_opt,1,d_optimal,-0.2833553120493889,-0.2992605121806264,-0.5199953781440854,-0.2156289913243143,-0.13999203649028652,-0.3383717311607078,True,
replicate_weighted_arc,10544,B4_d_opt,1,d_optimal,-0.2833553120493889,-0.2992605121806264,-0.5199953781440854,-0.1567357651506546,-0.21352907662578696,-0.3644813222226666,True,
replicate_weighted_arc,10545,B4_d_opt,1,d_optimal,-0.2833553120493889,-0.2992605121806264,-0.5199953781440854,-0.13980309044905442,-0.11451101074839275,-0.38256875485635883,True,
replicate_weighted_arc,10546,B4_d_opt,1,d_optimal,-0.2833553120493889,-0.2992605121806264,-0.5199953781440854,-0.17387045849410787,-0.16239967075063588,-0.2811950683753951,True,
replicate_weighted_arc,10547,B4_d_opt,1,d_optimal,-0.2833553120493889,-0.2992605121806264,-0.5199953781440854,-0.2332744456989049,-0.1750678761183133,-0.41614271430845917,True,
replicate_weighted_arc,10548,B4_d_opt,1,d_optimal,-0.2833553120493889,-0.2992605121806264,-0.5199953781440854,-0.15337850484577967,-0.14795937470982928,-0.403605393352171,True,
replicate_weighted_arc,10549,B4_d_opt,1,d_optimal,-0.2833553120493889,-0.2992605121806264,-0.5199953781440854,-0.12081635167766729,-0.18554609202353184,-0.3181010239155987,True,
replicate_weighted_arc,10550,B4_d_opt,1,d_optimal,-0.2833553120493889,-0.2992605121806264,-0.5199953781440854,-0.1917971727145862,-0.23204679476433648,-0.3756133539488042,True,
replicate_weighted_arc,10551,B4_d_opt,1,d_optimal,-0.2833553120493889,-0.2992605121806264,-0.5199953781440854,-0.21257485291940698,-0.2250466153645326,-0.4144187723599831,True,
replicate_weighted_arc,10552,B4_d_opt,1,d_optimal,-0.2833553120493889,-0.2992605121806264,-0.5199953781440854,-0.22723432465026167,-0.1465444867387793,-0.3249621416626922,True,
replicate_weighted_arc,10553,B4_d_opt,1,d_optimal,-0.2833553120493889,-0.2992605121806264,-0.5199953781440854,-0.14374027668017986,-0.2505452431368421,-0.339196744327842,True,
replicate_weighted_arc,10554,B4_d_opt,1,d_optimal,-0.2833553120493889,-0.2992605121806264,-0.5199953781440854,-0.17799661722505394,-0.1632469740906738,-0.36176703774178015,True,
replicate_weighted_arc,10555,B4_d_opt,1,d_optimal,-0.2833553120493889,-0.2992605121806264,-0.5199953781440854,-0.1656347139542917,-0.1914066298809154,-0.3449008318371166,True,
replicate_weighted_arc,10556,B4_d_opt,1,d_optimal,-0.2833553120493889,-0.2992605121806264,-0.5199953781440854,-0.14889742853624038,-0.24700492368029806,-0.3962075767401892,True,
replicate_weighted_arc,10557,B4_d_opt,1,d_optimal,-0.2833553120493889,-0.2992605121806264,-0.5199953781440854,-0.25124544370945584,-0.204507921758807,-0.3772416731220665,True,
replicate_weighted_arc,10558,B4_d_opt,1,d_optimal,-0.2833553120493889,-0.2992605121806264,-0.5199953781440854,-0.18738459281272035,-0.22109156777573696,-0.3542397822439631,True,
replicate_weighted_arc,10559,B4_d_opt,1,d_optimal,-0.2833553120493889,-0.2992605121806264,-0.5199953781440854,-0.22868493940648169,-0.1941406673425741,-0.3522077150506796,True,
replicate_weighted_arc,10560,B4_d_opt,1,d_optimal,-0.2833553120493889,-0.2992605121806264,-0.5199953781440854,-0.19857395541579442,-0.2168909397153164,-0.4658498168784479,True,
replicate_weighted_arc,10561,B4_d_opt,1,d_optimal,-0.2833553120493889,-0.2992605121806264,-0.5199953781440854,-0.265979094314414,-0.2518968412068568,-0.37589587010284997,True,
replicate_weighted_arc,10562,B4_d_opt,1,d_optimal,-0.2833553120493889,-0.2992605121806264,-0.5199953781440854,-0.18928895744135285,-0.16579635420294583,-0.26790611469156556,True,
replicate_weighted_arc,10563,B4_d_opt,1,d_optimal,-0.2833553120493889,-0.2992605121806264,-0.5199953781440854,-0.20550289004393682,-0.2149352475782128,-0.3412859626647359,True,
replicate_weighted_arc,10564,B4_d_opt,1,d_optimal,-0.2833553120493889,-0.2992605121806264,-0.5199953781440854,-0.2673074937878912,-0.1687408585300393,-0.3160178038073256,True,
replicate_weighted_arc,10565,B4_d_opt,1,d_optimal,-0.2833553120493889,-0.2992605121806264,-0.5199953781440854,-0.19697606418416092,-0.16735233643150452,-0.32842683267760864,True,
replicate_weighted_arc,10566,B4_d_opt,1,d_optimal,-0.2833553120493889,-0.2992605121806264,-0.5199953781440854,-0.17222634745535065,-0.20403001922764508,-0.3491869798536721,True,
replicate_weighted_arc,10567,B4_d_opt,1,d_optimal,-0.2833553120493889,-0.2992605121806264,-0.5199953781440854,-0.19539901613453378,-0.147491003207447,-0.34400389300622164,True,
replicate_weighted_arc,10568,B4_d_opt,1,d_optimal,-0.2833553120493889,-0.2992605121806264,-0.5199953781440854,-0.11777505214192896,-0.14515854235835163,-0.3725421488990264,True,
replicate_weighted_arc,10569,B4_d_opt,1,d_optimal,-0.2833553120493889,-0.2992605121806264,-0.5199953781440854,-0.2842754929000679,-0.11682954525284257,-0.38013579497350264,True,
replicate_weighted_arc,10570,B4_d_opt,1,d_optimal,-0.2833553120493889,-0.2992605121806264,-0.5199953781440854,-0.18048682614009215,-0.23397826778122205,-0.32021880999412977,True,
replicate_weighted_arc,10571,B4_d_opt,1,d_optimal,-0.2833553120493889,-0.2992605121806264,-0.5199953781440854,-0.21015376378594966,-0.19130860352403634,-0.3338422925376037,True,
replicate_weighted_arc,10572,B4_d_opt,1,d_optimal,-0.2833553120493889,-0.2992605121806264,-0.5199953781440854,-0.23946962165891314,-0.1998837926161297,-0.36986814510436666,True,
replicate_weighted_arc,10501,B4_d_opt,2,d_optimal,0.2593623623251915,-0.25614313669502736,0.6354816557839513,0.13594609226560675,-0.17995501880991416,0.5275783070751958,True,
replicate_weighted_arc,10502,B4_d_opt,2,d_optimal,0.2593623623251915,-0.25614313669502736,0.6354816557839513,0.23601775665298685,-0.13672533125393613,0.4565261834659139,True,
replicate_weighted_arc,10503,B4_d_opt,2,d_optimal,0.2593623623251915,-0.25614313669502736,0.6354816557839513,0.278107693516203,-0.11976150423690937,0.38858589510817043,True,
replicate_weighted_arc,10504,B4_d_opt,2,d_optimal,0.2593623623251915,-0.25614313669502736,0.6354816557839513,0.17546742053944142,-0.1863969614244937,0.4256642028203064,True,
replicate_weighted_arc,10505,B4_d_opt,2,d_optimal,0.2593623623251915,-0.25614313669502736,0.6354816557839513,0.1656226193710495,-0.17773674646524476,0.41764442380002764,True,
replicate_weighted_arc,10506,B4_d_opt,2,d_optimal,0.2593623623251915,-0.25614313669502736,0.6354816557839513,0.27057644025251365,-0.16527393741137106,0.40859261701868826,True,
replicate_weighted_arc,10507,B4_d_opt,2,d_optimal,0.2593623623251915,-0.25614313669502736,0.6354816557839513,0.08633158384286659,-0.1330396415242886,0.49612712351097277,True,
replicate_weighted_arc,10508,B4_d_opt,2,d_optimal,0.2593623623251915,-0.25614313669502736,0.6354816557839513,0.19408910606608912,-0.07972524075948487,0.38536234252696633,True,
replicate_weighted_arc,10509,B4_d_opt,2,d_optimal,0.2593623623251915,-0.25614313669502736,0.6354816557839513,0.13166542593705732,-0.06445082333915546,0.4249041213753272,False,
replicate_weighted_arc,10510,B4_d_opt,2,d_optimal,0.2593623623251915,-0.25614313669502736,0.6354816557839513,0.16427404899241965,-0.18523175045711346,0.5193361528372965,True,
replicate_weighted_arc,10511,B4_d_opt,2,d_optimal,0.2593623623251915,-0.25614313669502736,0.6354816557839513,0.08568052831686458,-0.14647756402497059,0.40503476669816757,True,
replicate_weighted_arc,10512,B4_d_opt,2,d_optimal,0.2593623623251915,-0.25614313669502736,0.6354816557839513,0.18138182960476207,-0.23165532715176385,0.5297337293698018,True,
replicate_weighted_arc,10513,B4_d_opt,2,d_optimal,0.2593623623251915,-0.25614313669502736,0.6354816557839513,0.14484876631021973,-0.3195596732811692,0.4787850933343233,True,
replicate_weighted_arc,10514,B4_d_opt,2,d_optimal,0.2593623623251915,-0.25614313669502736,0.6354816557839513,0.17564168678156303,-0.2797891352694297,0.4698689652682,True,
replicate_weighted_arc,10515,B4_d_opt,2,d_optimal,0.2593623623251915,-0.25614313669502736,0.6354816557839513,0.2719223868559358,-0.24889154028691385,0.4958190548213841,True,
replicate_weighted_arc,10516,B4_d_opt,2,d_optimal,0.2593623623251915,-0.25614313669502736,0.6354816557839513,0.15963086753580955,-0.05359547642902749,0.38838545220039694,True,
replicate_weighted_arc,10517,B4_d_opt,2,d_optimal,0.2593623623251915,-0.25614313669502736,0.6354816557839513,0.238432740388459,-0.29094526150945205,0.4684249538794384,True,
replicate_weighted_arc,10518,B4_d_opt,2,d_optimal,0.2593623623251915,-0.25614313669502736,0.6354816557839513,0.2027935678677785,-0.12439192883538484,0.4699464049185473,True,
replicate_weighted_arc,10519,B4_d_opt,2,d_optimal,0.2593623623251915,-0.25614313669502736,0.6354816557839513,0.0755273587886155,0.007383591951078411,0.18355739657240394,True,
replicate_weighted_arc,10520,B4_d_opt,2,d_optimal,0.2593623623251915,-0.25614313669502736,0.6354816557839513,0.20727642577245428,-0.10811746748773113,0.41466068243084897,True,
replicate_weighted_arc,10521,B4_d_opt,2,d_optimal,0.2593623623251915,-0.25614313669502736,0.6354816557839513,0.17651024473357557,-0.06924762087018357,0.3777118321292531,True,
replicate_weighted_arc,10522,B4_d_opt,2,d_optimal,0.2593623623251915,-0.25614313669502736,0.6354816557839513,0.16681220510774375,-0.13415279678608888,0.4264598412432961,True,
replicate_weighted_arc,10523,B4_d_opt,2,d_optimal,0.2593623623251915,-0.25614313669502736,0.6354816557839513,0.115762339867625,-0.23954838404825798,0.4908162094358172,True,
replicate_weighted_arc,10524,B4_d_opt,2,d_optimal,0.2593623623251915,-0.25614313669502736,0.6354816557839513,0.07385307311372491,-0.057801055082342206,0.3703534062970601,True,
replicate_weighted_arc,10525,B4_d_opt,2,d_optimal,0.2593623623251915,-0.25614313669502736,0.6354816557839513,0.24551075044720685,-0.20895657415151933,0.5316666540116564,True,
replicate_weighted_arc,10526,B4_d_opt,2,d_optimal,0.2593623623251915,-0.25614313669502736,0.6354816557839513,0.16568925073294183,-0.14156737283114681,0.4155530084562011,True,
replicate_weighted_arc,10527,B4_d_opt,2,d_optimal,0.2593623623251915,-0.25614313669502736,0.6354816557839513,0.21543709748141954,-0.16130686176685569,0.5226324256797056,True,
replicate_weighted_arc,10528,B4_d_opt,2,d_optimal,0.2593623623251915,-0.25614313669502736,0.6354816557839513,0.21922329499832377,-0.0773196000401982,0.3696966317885506,True,
replicate_weighted_arc,10529,B4_d_opt,2,d_optimal,0.2593623623251915,-0.25614313669502736,0.6354816557839513,0.1513665784925734,-0.22606828989656666,0.4764890476628788,True,
replicate_weighted_arc,10530,B4_d_opt,2,d_optimal,0.2593623623251915,-0.25614313669502736,0.6354816557839513,0.26863645438198885,-0.12431917521916075,0.4195162895401234,True,
replicate_weighted_arc,10531,B4_d_opt,2,d_optimal,0.2593623623251915,-0.25614313669502736,0.6354816557839513,0.210745837882925,-0.28146667265556796,0.5953950647476668,True,
replicate_weighted_arc,10532,B4_d_opt,2,d_optimal,0.2593623623251915,-0.25614313669502736,0.6354816557839513,0.09977437262153234,-0.025779071034676925,0.36084642312361753,True,
replicate_weighted_arc,10533,B4_d_opt,2,d_optimal,0.2593623623251915,-0.25614313669502736,0.6354816557839513,0.2867350784507515,-0.12475176882453684,0.5089166674315224,True,
replicate_weighted_arc,10534,B4_d_opt,2,d_optimal,0.2593623623251915,-0.25614313669502736,0.6354816557839513,0.19368610092501207,-0.1352593245456545,0.45788818332058195,True,
replicate_weighted_arc,10535,B4_d_opt,2,d_optimal,0.2593623623251915,-0.25614313669502736,0.6354816557839513,0.2543571015978032,-0.2721561224410474,0.48000374699985027,True,
replicate_weighted_arc,10536,B4_d_opt,2,d_optimal,0.2593623623251915,-0.25614313669502736,0.6354816557839513,0.1536859022470693,-0.11513214371258702,0.5292127173027722,True,
replicate_weighted_arc,10537,B4_d_opt,2,d_optimal,0.2593623623251915,-0.25614313669502736,0.6354816557839513,0.21705083244355114,-0.09330956693234686,0.441823350574988,True,
replicate_weighted_arc,10538,B4_d_opt,2,d_optimal,0.2593623623251915,-0.25614313669502736,0.6354816557839513,0.1900794418061771,-0.09888908818275091,0.3752228108494105,True,
replicate_weighted_arc,10539,B4_d_opt,2,d_optimal,0.2593623623251915,-0.25614313669502736,0.6354816557839513,0.13687881245997474,0.0008096883348813734,0.33484846789276057,True,
replicate_weighted_arc,10540,B4_d_opt,2,d_optimal,0.2593623623251915,-0.25614313669502736,0.6354816557839513,0.07126391962368704,-0.07474959060186885,0.2429816884638966,True,
replicate_weighted_arc,10541,B4_d_opt,2,d_optimal,0.2593623623251915,-0.25614313669502736,0.6354816557839513,0.19999314787797245,-0.13254940317978145,0.4386432951232564,True,
replicate_weighted_arc,10542,B4_d_opt,2,d_optimal,0.2593623623251915,-0.25614313669502736,0.6354816557839513,0.15999885389928226,-0.13223077049802054,0.5145795081112255,True,
replicate_weighted_arc,10543,B4_d_opt,2,d_optimal,0.2593623623251915,-0.25614313669502736,0.6354816557839513,0.2169542737043585,-0.25937359597190734,0.5068310325558589,True,
replicate_weighted_arc,10544,B4_d_opt,2,d_optimal,0.2593623623251915,-0.25614313669502736,0.6354816557839513,0.1468809901741879,-0.14373328940432223,0.437835089377471,True,
replicate_weighted_arc,10545,B4_d_opt,2,d_optimal,0.2593623623251915,-0.25614313669502736,0.6354816557839513,0.16282622679807293,-0.2648488260974399,0.42070726876986586,True,
replicate_weighted_arc,10546,B4_d_opt,2,d_optimal,0.2593623623251915,-0.25614313669502736,0.6354816557839513,0.13171069804471536,-0.19724867936511506,0.46743504969742905,True,
replicate_weighted_arc,10547,B4_d_opt,2,d_optimal,0.2593623623251915,-0.25614313669502736,0.6354816557839513,0.2684569518887624,-0.2518414319383359,0.4514109410558734,True,
replicate_weighted_arc,10548,B4_d_opt,2,d_optimal,0.2593623623251915,-0.25614313669502736,0.6354816557839513,0.22061563035281467,-0.25474891958590773,0.41993720986849686,True,
replicate_weighted_arc,10549,B4_d_opt,2,d_optimal,0.2593623623251915,-0.25614313669502736,0.6354816557839513,0.09804768054000726,-0.12197550035503346,0.5813077112017119,True,
replicate_weighted_arc,10550,B4_d_opt,2,d_optimal,0.2593623623251915,-0.25614313669502736,0.6354816557839513,0.21222486735267035,-0.14763228441691895,0.4331791117356375,True,
replicate_weighted_arc,10551,B4_d_opt,2,d_optimal,0.2593623623251915,-0.25614313669502736,0.6354816557839513,0.21845348546232746,-0.11529369276754235,0.4897845551779269,True,
replicate_weighted_arc,10552,B4_d_opt,2,d_optimal,0.2593623623251915,-0.25614313669502736,0.6354816557839513,0.29114192845479075,-0.2253572636791532,0.553148687598638,True,
replicate_weighted_arc,10553,B4_d_opt,2,d_optimal,0.2593623623251915,-0.25614313669502736,0.6354816557839513,0.09009228924931932,-0.135704809205618,0.5407451470906475,True,
replicate_weighted_arc,10554,B4_d_opt,2,d_optimal,0.2593623623251915,-0.25614313669502736,0.6354816557839513,0.21003094413824563,-0.19884440731570469,0.45511801446926403,True,
replicate_weighted_arc,10555,B4_d_opt,2,d_optimal,0.2593623623251915,-0.25614313669502736,0.6354816557839513,0.20644038403837084,-0.13941134919427353,0.4193184953520212,True,
replicate_weighted_arc,10556,B4_d_opt,2,d_optimal,0.2593623623251915,-0.25614313669502736,0.6354816557839513,0.2028943078881017,-0.07945915333152984,0.4651474441579955,True,
replicate_weighted_arc,10557,B4_d_opt,2,d_optimal,0.2593623623251915,-0.25614313669502736,0.6354816557839513,0.2385639119148369,-0.14436656146592267,0.5031448028184172,True,
replicate_weighted_arc,10558,B4_d_opt,2,d_optimal,0.2593623623251915,-0.25614313669502736,0.6354816557839513,0.07622671523165829,-0.13851793059560302,0.5176559702505578,True,
replicate_weighted_arc,10559,B4_d_opt,2,d_optimal,0.2593623623251915,-0.25614313669502736,0.6354816557839513,0.27501900561131415,-0.14491183582280442,0.43008076287673425,True,
replicate_weighted_arc,10560,B4_d_opt,2,d_optimal,0.2593623623251915,-0.25614313669502736,0.6354816557839513,0.24647354826454504,-0.17708036369492655,0.453984696440359,True,
replicate_weighted_arc,10561,B4_d_opt,2,d_optimal,0.2593623623251915,-0.25614313669502736,0.6354816557839513,0.2661681795112067,-0.11480403831282919,0.4164053492447505,True,
replicate_weighted_arc,10562,B4_d_opt,2,d_optimal,0.2593623623251915,-0.25614313669502736,0.6354816557839513,0.11030799538329228,-0.1753577738379785,0.5557264407927179,True,
replicate_weighted_arc,10563,B4_d_opt,2,d_optimal,0.2593623623251915,-0.25614313669502736,0.6354816557839513,0.09378545360413428,-0.11023533081894869,0.4308402243443936,True,
replicate_weighted_arc,10564,B4_d_opt,2,d_optimal,0.2593623623251915,-0.25614313669502736,0.6354816557839513,0.20338033263891517,-0.19532549491906734,0.5105107162557146,True,
replicate_weighted_arc,10565,B4_d_opt,2,d_optimal,0.2593623623251915,-0.25614313669502736,0.6354816557839513,0.0983243722043107,-0.2579836086870552,0.5040062177955864,True,
replicate_weighted_arc,10566,B4_d_opt,2,d_optimal,0.2593623623251915,-0.25614313669502736,0.6354816557839513,0.14451503770603394,-0.170638469966617,0.47109860116874785,True,
replicate_weighted_arc,10567,B4_d_opt,2,d_optimal,0.2593623623251915,-0.25614313669502736,0.6354816557839513,0.2735927393761656,-0.2631195112556822,0.5099934707275421,True,
replicate_weighted_arc,10568,B4_d_opt,2,d_optimal,0.2593623623251915,-0.25614313669502736,0.6354816557839513,0.20587562342872054,-0.20169375878874904,0.4375417439860796,True,
replicate_weighted_arc,10569,B4_d_opt,2,d_optimal,0.2593623623251915,-0.25614313669502736,0.6354816557839513,0.20259125793695146,-0.22911782775047163,0.5585977724313004,True,
replicate_weighted_arc,10570,B4_d_opt,2,d_optimal,0.2593623623251915,-0.25614313669502736,0.6354816557839513,0.13833074608088225,-0.09884183331915815,0.48372035892389686,True,
replicate_weighted_arc,10571,B4_d_opt,2,d_optimal,0.2593623623251915,-0.25614313669502736,0.6354816557839513,0.14485318092675453,-0.13673505192252214,0.5420141793624991,True,
replicate_weighted_arc,10572,B4_d_opt,2,d_optimal,0.2593623623251915,-0.25614313669502736,0.6354816557839513,0.17285231384718122,-0.15065389449492683,0.480835769874128,True,
replicate_weighted_arc,10501,B4_d_opt,3,d_optimal,-0.3606721453368664,0.22098153680562976,0.5084392305463552,-0.2581065465777764,0.10979328707609246,0.32469187781338626,True,
replicate_weighted_arc,10502,B4_d_opt,3,d_optimal,-0.3606721453368664,0.22098153680562976,0.5084392305463552,-0.22240466492707564,0.14412221314209794,0.269448844162433,True,
replicate_weighted_arc,10503,B4_d_opt,3,d_optimal,-0.3606721453368664,0.22098153680562976,0.5084392305463552,-0.21837446010134173,0.16368368768785108,0.39661018803140907,True,
replicate_weighted_arc,10504,B4_d_opt,3,d_optimal,-0.3606721453368664,0.22098153680562976,0.5084392305463552,-0.22149654302964955,0.16568258076459894,0.4185485760792375,True,
replicate_weighted_arc,10505,B4_d_opt,3,d_optimal,-0.3606721453368664,0.22098153680562976,0.5084392305463552,-0.26916819314624485,0.11313120653946208,0.307281132544744,True,
replicate_weighted_arc,10506,B4_d_opt,3,d_optimal,-0.3606721453368664,0.22098153680562976,0.5084392305463552,-0.242884440684997,0.06929186392642331,0.3522138392864983,True,
replicate_weighted_arc,10507,B4_d_opt,3,d_optimal,-0.3606721453368664,0.22098153680562976,0.5084392305463552,-0.2763128862939555,0.12454349495558185,0.3789217414566454,True,
replicate_weighted_arc,10508,B4_d_opt,3,d_optimal,-0.3606721453368664,0.22098153680562976,0.5084392305463552,-0.17615123837695013,0.1256735014114211,0.37688523940900387,True,
replicate_weighted_arc,10509,B4_d_opt,3,d_optimal,0.21620479896664624,0.25886442381888625,-0.6834113020449877,0.0836738967442893,0.05800027509962561,-0.38227703387939904,True,
replicate_weighted_arc,10510,B4_d_opt,3,d_optimal,-0.3606721453368664,0.22098153680562976,0.5084392305463552,-0.2303902568111995,0.1308816023842544,0.3117911528406147,True,
replicate_weighted_arc,10511,B4_d_opt,3,d_optimal,-0.3606721453368664,0.22098153680562976,0.5084392305463552,-0.28759430312919554,0.16233286780170236,0.3898807532719685,True,
replicate_weighted_arc,10512,B4_d_opt,3,d_optimal,-0.3606721453368664,0.22098153680562976,0.5084392305463552,-0.32266061458807294,0.0691329896635579,0.38621927069995776,True,
replicate_weighted_arc,10513,B4_d_opt,3,d_optimal,-0.3606721453368664,0.22098153680562976,0.5084392305463552,-0.285726625302697,0.08273712871830088,0.3350476915598559,True,
replicate_weighted_arc,10514,B4_d_opt,3,d_optimal,-0.3606721453368664,0.22098153680562976,0.5084392305463552,-0.24178771872562535,0.044250449920519894,0.1175773856559751,True,
replicate_weighted_arc,10515,B4_d_opt,3,d_optimal,-0.3606721453368664,0.22098153680562976,0.5084392305463552,-0.08145834633878497,-0.004568053202038601,0.1165063322436675,True,
replicate_weighted_arc,10516,B4_d_opt,3,d_optimal,-0.3606721453368664,0.22098153680562976,0.5084392305463552,-0.22829184152982887,0.1367105538483705,0.38997251875964606,True,
replicate_weighted_arc,10517,B4_d_opt,3,d_optimal,-0.3606721453368664,0.22098153680562976,0.5084392305463552,-0.049131059903995154,0.011567312453772865,-0.007130632954285282,True,
replicate_weighted_arc,10518,B4_d_opt,3,d_optimal,-0.3606721453368664,0.22098153680562976,0.5084392305463552,-0.21433189655925766,0.15511604314831198,0.42616908046092306,True,
replicate_weighted_arc,10519,B4_d_opt,3,d_optimal,-0.3606721453368664,0.22098153680562976,0.5084392305463552,-0.2912596140428186,0.13481575099538592,0.3800384716579954,True,
replicate_weighted_arc,10520,B4_d_opt,3,d_optimal,-0.3606721453368664,0.22098153680562976,0.5084392305463552,-0.21177883367589515,0.09675838132150381,0.2962103754918782,True,
replicate_weighted_arc,10521,B4_d_opt,3,d_optimal,-0.3606721453368664,0.22098153680562976,0.5084392305463552,-0.22609247550884096,0.16620141877792213,0.42638485906958756,True,
replicate_weighted_arc,10522,B4_d_opt,3,d_optimal,-0.3606721453368664,0.22098153680562976,0.5084392305463552,-0.21504108493479374,0.1681711198296142,0.4517822183756061,True,
replicate_weighted_arc,10523,B4_d_opt,3,d_optimal,-0.3606721453368664,0.22098153680562976,0.5084392305463552,-0.25662778795901187,0.14094020270784172,0.36366479664150664,True,
replicate_weighted_arc,10524,B4_d_opt,3,d_optimal,-0.3606721453368664,0.22098153680562976,0.5084392305463552,-0.29075889578086467,0.09618842024767933,0.31472488148339683,True,
replicate_weighted_arc,10525,B4_d_opt,3,d_optimal,-0.3606721453368664,0.22098153680562976,0.5084392305463552,-0.1691480997693656,0.07528851372734247,0.09540812788726924,True,
replicate_weighted_arc,10526,B4_d_opt,3,d_optimal,-0.3606721453368664,0.22098153680562976,0.5084392305463552,-0.20758116185422412,0.1341223150973274,0.37186883615220767,True,
replicate_weighted_arc,10527,B4_d_opt,3,d_optimal,-0.3606721453368664,0.22098153680562976,0.5084392305463552,-0.20657058814224755,0.17555292938102948,0.37425821543256105,True,
replicate_weighted_arc,10528,B4_d_opt,3,d_optimal,-0.3606721453368664,0.22098153680562976,0.5084392305463552,-0.18719157153532523,0.18383998972378715,0.4008070419343048,True,
replicate_weighted_arc,10529,B4_d_opt,3,d_optimal,-0.3606721453368664,0.22098153680562976,0.5084392305463552,-0.08564086086079273,0.029903433770068114,-0.021097959729624,True,
replicate_weighted_arc,10530,B4_d_opt,3,d_optimal,-0.3606721453368664,0.22098153680562976,0.5084392305463552,-0.2197943634634539,0.14323496418594292,0.3789045184465171,True,
replicate_weighted_arc,10531,B4_d_opt,3,d_optimal,-0.3606721453368664,0.22098153680562976,0.5084392305463552,-0.2563739398567936,0.07029707641415434,0.2620274654636617,True,
replicate_weighted_arc,10532,B4_d_opt,3,d_optimal,-0.3606721453368664,0.22098153680562976,0.5084392305463552,-0.30367885316227405,0.12481938162145863,0.3669458208423234,True,
replicate_weighted_arc,10533,B4_d_opt,3,d_optimal,-0.3606721453368664,0.22098153680562976,0.5084392305463552,-0.17333093561681578,0.07141657450909034,0.3392878491688795,True,
replicate_weighted_arc,10534,B4_d_opt,3,d_optimal,-0.3606721453368664,0.22098153680562976,0.5084392305463552,-0.2772207920545219,0.20125952267082672,0.3342878899820957,True,
replicate_weighted_arc,10535,B4_d_opt,3,d_optimal,-0.3606721453368664,0.22098153680562976,0.5084392305463552,-0.17377520592623805,0.14916169504007817,0.4006471723434597,True,
replicate_weighted_arc,10536,B4_d_opt,3,d_optimal,-0.3606721453368664,0.22098153680562976,0.5084392305463552,-0.28332663929088947,0.1218563539265282,0.42275218865419584,True,
replicate_weighted_arc,10537,B4_d_opt,3,d_optimal,-0.3606721453368664,0.22098153680562976,0.5084392305463552,-0.2708407288367235,0.17779262113661767,0.42658371828530156,True,
replicate_weighted_arc,10538,B4_d_opt,3,d_optimal,-0.3606721453368664,0.22098153680562976,0.5084392305463552,-0.23889461452027375,0.09123504335545742,0.35183662607259486,True,
replicate_weighted_arc,10539,B4_d_opt,3,d_optimal,-0.3606721453368664,0.22098153680562976,0.5084392305463552,-0.28028545900810214,0.24884364402510104,0.3003137046605967,True,
replicate_weighted_arc,10540,B4_d_opt,3,d_optimal,-0.3606721453368664,0.22098153680562976,0.5084392305463552,-0.21952221272398414,0.14512206061560548,0.4147004563852081,True,
replicate_weighted_arc,10541,B4_d_opt,3,d_optimal,-0.3606721453368664,0.22098153680562976,0.5084392305463552,-0.2428591308012388,0.08333820778609707,0.16570015532602775,True,
replicate_weighted_arc,10542,B4_d_opt,3,d_optimal,-0.3606721453368664,0.22098153680562976,0.5084392305463552,-0.16774644047367765,0.05487115629026552,0.0614523208283581,True,
replicate_weighted_arc,10543,B4_d_opt,3,d_optimal,-0.3606721453368664,0.22098153680562976,0.5084392305463552,-0.12303506713850891,0.028995621596898426,0.02659487431653828,False,
replicate_weighted_arc,10544,B4_d_opt,3,d_optimal,-0.3606721453368664,0.22098153680562976,0.5084392305463552,-0.27363749975616025,0.10229135486074911,0.39181446458663494,True,
replicate_weighted_arc,10545,B4_d_opt,3,d_optimal,-0.3606721453368664,0.22098153680562976,0.5084392305463552,-0.16646666634680102,0.049746126562560326,0.0011957667725259061,False,
replicate_weighted_arc,10546,B4_d_opt,3,d_optimal,-0.3606721453368664,0.22098153680562976,0.5084392305463552,-0.2547210826432304,0.06238217927133262,0.29161459688982305,True,
replicate_weighted_arc,10547,B4_d_opt,3,d_optimal,-0.3606721453368664,0.22098153680562976,0.5084392305463552,-0.07003526541190058,0.021784632339072615,0.058894447389939826,True,
replicate_weighted_arc,10548,B4_d_opt,3,d_optimal,-0.3606721453368664,0.22098153680562976,0.5084392305463552,-0.2698048499978132,0.07863136762335049,0.36231601659773993,True,
replicate_weighted_arc,10549,B4_d_opt,3,d_optimal,-0.3606721453368664,0.22098153680562976,0.5084392305463552,-0.26044474238362936,0.16510072691620442,0.38834220942520253,True,
replicate_weighted_arc,10550,B4_d_opt,3,d_optimal,-0.3606721453368664,0.22098153680562976,0.5084392305463552,-0.26433431656053885,0.09936537629590038,0.40352181056016884,True,
replicate_weighted_arc,10551,B4_d_opt,3,d_optimal,-0.3606721453368664,0.22098153680562976,0.5084392305463552,-0.2516204329702221,0.15852473670428383,0.35187079594165355,True,
replicate_weighted_arc,10552,B4_d_opt,3,d_optimal,-0.3606721453368664,0.22098153680562976,0.5084392305463552,-0.22423495146046835,0.13507024536245532,0.3776832990719527,True,
replicate_weighted_arc,10553,B4_d_opt,3,d_optimal,-0.3606721453368664,0.22098153680562976,0.5084392305463552,-0.3037705424526346,0.07328796405091843,0.43287561088635806,True,
replicate_weighted_arc,10554,B4_d_opt,3,d_optimal,-0.3606721453368664,0.22098153680562976,0.5084392305463552,-0.24330409282482623,0.12529638440898294,0.3748898220276051,True,
replicate_weighted_arc,10555,B4_d_opt,3,d_optimal,-0.3606721453368664,0.22098153680562976,0.5084392305463552,-0.2542915686050347,0.1630026597524973,0.4191972887842068,True,
replicate_weighted_arc,10556,B4_d_opt,3,d_optimal,-0.3606721453368664,0.22098153680562976,0.5084392305463552,-0.25844082794076845,0.15781329417332812,0.3641568708754099,True,
replicate_weighted_arc,10557,B4_d_opt,3,d_optimal,-0.3606721453368664,0.22098153680562976,0.5084392305463552,-0.07435357163229887,0.008032882281278568,0.04420720546758281,True,
replicate_weighted_arc,10558,B4_d_opt,3,d_optimal,-0.3606721453368664,0.22098153680562976,0.5084392305463552,-0.33312887909653477,0.20627542350085623,0.345492469118821,True,
replicate_weighted_arc,10559,B4_d_opt,3,d_optimal,-0.3606721453368664,0.22098153680562976,0.5084392305463552,-0.19540793302403112,0.1632946831478252,0.4233414552783159,True,
replicate_weighted_arc,10560,B4_d_opt,3,d_optimal,-0.3606721453368664,0.22098153680562976,0.5084392305463552,-0.22047675823442842,0.05936981713384185,0.26653228292621334,True,
replicate_weighted_arc,10561,B4_d_opt,3,d_optimal,-0.3606721453368664,0.22098153680562976,0.5084392305463552,-0.18286662457054975,0.13537908279309893,0.258033251894019,True,
replicate_weighted_arc,10562,B4_d_opt,3,d_optimal,-0.3606721453368664,0.22098153680562976,0.5084392305463552,-0.25634564086124934,0.06183693178773907,0.39986314164814346,True,
replicate_weighted_arc,10563,B4_d_opt,3,d_optimal,-0.3606721453368664,0.22098153680562976,0.5084392305463552,-0.308742356817728,0.1494166031435544,0.4320180777460344,True,
replicate_weighted_arc,10564,B4_d_opt,3,d_optimal,-0.3606721453368664,0.22098153680562976,0.5084392305463552,-0.22476335064602507,0.11976272881709571,0.41361556481061845,True,
replicate_weighted_arc,10565,B4_d_opt,3,d_optimal,-0.3606721453368664,0.22098153680562976,0.5084392305463552,-0.1811324640595456,0.03694632480658927,0.022017103105509205,True,
replicate_weighted_arc,10566,B4_d_opt,3,d_optimal,-0.3606721453368664,0.22098153680562976,0.5084392305463552,-0.27699316271990465,0.12894146488068411,0.38183568551429653,True,
replicate_weighted_arc,10567,B4_d_opt,3,d_optimal,-0.3606721453368664,0.22098153680562976,0.5084392305463552,-0.05179470630448729,0.01761214455686851,-0.02231789211192062,True,
replicate_weighted_arc,10568,B4_d_opt,3,d_optimal,-0.3606721453368664,0.22098153680562976,0.5084392305463552,-0.28763531527773684,0.06911680975928926,0.3576502693081952,True,
replicate_weighted_arc,10569,B4_d_opt,3,d_optimal,-0.3606721453368664,0.22098153680562976,0.5084392305463552,-0.07135373647389442,0.021188705287326033,-0.022617907970184575,True,
replicate_weighted_arc,10570,B4_d_opt,3,d_optimal,-0.3606721453368664,0.22098153680562976,0.5084392305463552,-0.28467353160310294,0.1682845952631288,0.46651828377702453,True,
replicate_weighted_arc,10571,B4_d_opt,3,d_optimal,-0.3606721453368664,0.22098153680562976,0.5084392305463552,-0.20098147244284012,0.1721471316432943,0.39407811262551967,True,
replicate_weighted_arc,10572,B4_d_opt,3,d_optimal,-0.3606721453368664,0.22098153680562976,0.5084392305463552,-0.2600781103299259,0.18541792715113997,0.3569550792437053,True,
replicate_weighted_arc,10501,B4_d_opt,4,d_optimal,0.3269119307398797,0.24289894066751,-0.5129319198429584,0.2386849859525272,0.12475135633700604,-0.35838663320932845,True,
replicate_weighted_arc,10502,B4_d_opt,4,d_optimal,0.3269119307398797,0.24289894066751,-0.5129319198429584,0.14881083552483107,0.07924202163382538,-0.33910757931206453,True,
replicate_weighted_arc,10503,B4_d_opt,4,d_optimal,0.3269119307398797,0.24289894066751,-0.5129319198429584,0.12973377658165097,0.0955657696030742,-0.3013822783733187,True,
replicate_weighted_arc,10504,B4_d_opt,4,d_optimal,0.3269119307398797,0.24289894066751,-0.5129319198429584,0.13237803136958992,0.030910970429780013,-0.27888254483383806,True,
replicate_weighted_arc,10505,B4_d_opt,4,d_optimal,0.3269119307398797,0.24289894066751,-0.5129319198429584,0.15432779034692581,0.048011753025412454,-0.3260799577390602,True,
replicate_weighted_arc,10506,B4_d_opt,4,d_optimal,0.3269119307398797,0.24289894066751,-0.5129319198429584,0.10637063576264359,0.013936665150380141,-0.28893815473791296,True,
replicate_weighted_arc,10507,B4_d_opt,4,d_optimal,0.3269119307398797,0.24289894066751,-0.5129319198429584,0.2583332677209234,0.14556709790939237,-0.25849493842399407,True,
replicate_weighted_arc,10508,B4_d_opt,4,d_optimal,0.3269119307398797,0.24289894066751,-0.5129319198429584,0.226339664389368,0.1623163809076154,-0.34948234967834413,True,
replicate_weighted_arc,10509,B4_d_opt,4,d_optimal,-0.3606721453368664,0.22098153680562976,0.5084392305463552,-0.24218953344956365,0.24356978781871944,0.33021271813467834,True,
replicate_weighted_arc,10510,B4_d_opt,4,d_optimal,0.3269119307398797,0.24289894066751,-0.5129319198429584,0.2045423599995626,0.1230505524027925,-0.397704001784957,True,
replicate_weighted_arc,10511,B4_d_opt,4,d_optimal,0.3269119307398797,0.24289894066751,-0.5129319198429584,0.30980175336306637,0.1446088661688381,-0.2988875634629027,True,
replicate_weighted_arc,10512,B4_d_opt,4,d_optimal,0.3269119307398797,0.24289894066751,-0.5129319198429584,0.2152318878413346,0.1563327010790307,-0.22891097172859767,True,
replicate_weighted_arc,10513,B4_d_opt,4,d_optimal,0.3269119307398797,0.24289894066751,-0.5129319198429584,0.3037178406469828,0.17340041014354998,-0.3903858168508528,True,
replicate_weighted_arc,10514,B4_d_opt,4,d_optimal,0.3269119307398797,0.24289894066751,-0.5129319198429584,0.13302964341617385,0.023271614033642824,-0.2292671883845227,True,
replicate_weighted_arc,10515,B4_d_opt,4,d_optimal,0.3269119307398797,0.24289894066751,-0.5129319198429584,0.09594776180919906,0.012826327982883051,-0.24363363652637915,True,
replicate_weighted_arc,10516,B4_d_opt,4,d_optimal,0.3269119307398797,0.24289894066751,-0.5129319198429584,0.18745020557252473,0.08996746257292501,-0.3371510677474849,True,
replicate_weighted_arc,10517,B4_d_opt,4,d_optimal,0.3269119307398797,0.24289894066751,-0.5129319198429584,0.1408709037766687,0.06507189349771587,-0.3469457055129378,True,
replicate_weighted_arc,10518,B4_d_opt,4,d_optimal,0.3269119307398797,0.24289894066751,-0.5129319198429584,0.1629823600973786,0.08267019218383494,-0.37302054170652327,True,
replicate_weighted_arc,10519,B4_d_opt,4,d_optimal,0.3269119307398797,0.24289894066751,-0.5129319198429584,0.25896072457845565,0.1206496696250353,-0.3363408301456175,True,
replicate_weighted_arc,10520,B4_d_opt,4,d_optimal,0.3269119307398797,0.24289894066751,-0.5129319198429584,0.12524547039521916,0.1139094891811017,-0.30680075370570337,True,
replicate_weighted_arc,10521,B4_d_opt,4,d_optimal,0.3269119307398797,0.24289894066751,-0.5129319198429584,0.14342871463488793,0.03220757910598907,-0.27208618904674226,True,
replicate_weighted_arc,10522,B4_d_opt,4,d_optimal,0.3269119307398797,0.24289894066751,-0.5129319198429584,0.1980078392134492,0.05729131585873343,-0.2972163843645529,True,
replicate_weighted_arc,10523,B4_d_opt,4,d_optimal,0.3269119307398797,0.24289894066751,-0.5129319198429584,0.292378872005645,0.1406386562519018,-0.4262404909593724,True,
replicate_weighted_arc,10524,B4_d_opt,4,d_optimal,0.3269119307398797,0.24289894066751,-0.5129319198429584,0.2750567660823359,0.18540857769782343,-0.3239338216785431,True,
replicate_weighted_arc,10525,B4_d_opt,4,d_optimal,0.3269119307398797,0.24289894066751,-0.5129319198429584,0.1288119233985361,0.15339437646827858,-0.2785993532380034,True,
replicate_weighted_arc,10526,B4_d_opt,4,d_optimal,0.3269119307398797,0.24289894066751,-0.5129319198429584,0.1380797321529861,0.057862910759461324,-0.3024059944143445,True,
replicate_weighted_arc,10527,B4_d_opt,4,d_optimal,0.3269119307398797,0.24289894066751,-0.5129319198429584,0.15746146627570917,0.045605333751045474,-0.28729934396822304,True,
replicate_weighted_arc,10528,B4_d_opt,4,d_optimal,0.3269119307398797,0.24289894066751,-0.5129319198429584,0.10133503491996472,0.014574366485406028,-0.23453795765769073,True,
replicate_weighted_arc,10529,B4_d_opt,4,d_optimal,0.3269119307398797,0.24289894066751,-0.5129319198429584,0.2538098033635677,0.21524944681678967,-0.35687131162676544,True,
replicate_weighted_arc,10530,B4_d_opt,4,d_optimal,0.3269119307398797,0.24289894066751,-0.5129319198429584,0.10493593764575576,0.0622241084361594,-0.30290042566342607,True,
replicate_weighted_arc,10531,B4_d_opt,4,d_optimal,0.3269119307398797,0.24289894066751,-0.5129319198429584,0.20436380550951533,0.12392343551496632,-0.330080206231416,True,
replicate_weighted_arc,10532,B4_d_opt,4,d_optimal,0.3269119307398797,0.24289894066751,-0.5129319198429584,0.19970989305702413,0.0800656657313793,-0.3836371221469674,True,
replicate_weighted_arc,10533,B4_d_opt,4,d_optimal,0.3269119307398797,0.24289894066751,-0.5129319198429584,0.10802908558209773,0.020372735220945997,-0.22506549031605064,True,
replicate_weighted_arc,10534,B4_d_opt,4,d_optimal,0.3269119307398797,0.24289894066751,-0.5129319198429584,0.13591881862076133,0.01557971408974158,-0.2605640074499757,True,
replicate_weighted_arc,10535,B4_d_opt,4,d_optimal,0.3269119307398797,0.24289894066751,-0.5129319198429584,0.1694482830479463,0.06460759570769936,-0.3596032003395306,True,
replicate_weighted_arc,10536,B4_d_opt,4,d_optimal,0.3269119307398797,0.24289894066751,-0.5129319198429584,0.17778439804831647,0.053441718625337885,-0.3126936693363949,True,
replicate_weighted_arc,10537,B4_d_opt,4,d_optimal,0.3269119307398797,0.24289894066751,-0.5129319198429584,0.12884211816094746,0.0455558370893955,-0.31685029201520143,True,
replicate_weighted_arc,10538,B4_d_opt,4,d_optimal,0.3269119307398797,0.24289894066751,-0.5129319198429584,0.11340324929473497,0.03421423261189759,-0.31285416228753277,True,
replicate_weighted_arc,10539,B4_d_opt,4,d_optimal,0.3269119307398797,0.24289894066751,-0.5129319198429584,0.118812240140224,0.051155649172140036,-0.34489073463704756,True,
replicate_weighted_arc,10540,B4_d_opt,4,d_optimal,0.3269119307398797,0.24289894066751,-0.5129319198429584,0.19003060019647405,0.14397758676710315,-0.2415072925558827,True,
replicate_weighted_arc,10541,B4_d_opt,4,d_optimal,0.3269119307398797,0.24289894066751,-0.5129319198429584,0.22442895980173108,0.13814174754258182,-0.31849576414717096,True,
replicate_weighted_arc,10542,B4_d_opt,4,d_optimal,0.3269119307398797,0.24289894066751,-0.5129319198429584,0.21880082114710434,0.14672840230254797,-0.40583120386230537,True,
replicate_weighted_arc,10543,B4_d_opt,4,d_optimal,-0.3828008659183979,0.1410139538347721,0.539111472479999,-0.1046258118339211,0.02976429346889253,-0.02384329262852426,True,
replicate_weighted_arc,10544,B4_d_opt,4,d_optimal,0.3269119307398797,0.24289894066751,-0.5129319198429584,0.24288681675093482,0.12799388136319192,-0.3789889127031844,True,
replicate_weighted_arc,10545,B4_d_opt,4,d_optimal,-0.3828008659183979,0.1410139538347721,0.539111472479999,-0.1322737518886868,0.034290749683276174,-0.0831711941118426,True,
replicate_weighted_arc,10546,B4_d_opt,4,d_optimal,0.3269119307398797,0.24289894066751,-0.5129319198429584,0.22649381442933283,0.10642344691782797,-0.30184190424089247,True,
replicate_weighted_arc,10547,B4_d_opt,4,d_optimal,0.3269119307398797,0.24289894066751,-0.5129319198429584,0.10295446472799918,0.018865099888143506,-0.24966160911462446,True,
replicate_weighted_arc,10548,B4_d_opt,4,d_optimal,0.3269119307398797,0.24289894066751,-0.5129319198429584,0.19345051526417523,0.13259768999203697,-0.3940490129001755,True,
replicate_weighted_arc,10549,B4_d_opt,4,d_optimal,0.3269119307398797,0.24289894066751,-0.5129319198429584,0.31498233307123497,0.14142414198667821,-0.3013590250311541,True,
replicate_weighted_arc,10550,B4_d_opt,4,d_optimal,0.3269119307398797,0.24289894066751,-0.5129319198429584,0.13036349495186358,0.038312047041095,-0.29371512118187393,True,
replicate_weighted_arc,10551,B4_d_opt,4,d_optimal,0.3269119307398797,0.24289894066751,-0.5129319198429584,0.13668058804824554,0.10816884494230573,-0.32125996470407614,True,
replicate_weighted_arc,10552,B4_d_opt,4,d_optimal,0.3269119307398797,0.24289894066751,-0.5129319198429584,0.10385201045301783,0.09773183000432147,-0.2386561483439602,True,
replicate_weighted_arc,10553,B4_d_opt,4,d_optimal,0.3269119307398797,0.24289894066751,-0.5129319198429584,0.3158136851826837,0.1437270051933539,-0.3487013595127307,True,
replicate_weighted_arc,10554,B4_d_opt,4,d_optimal,0.3269119307398797,0.24289894066751,-0.5129319198429584,0.21214159753080766,0.12072246296148226,-0.4390114346800276,True,
replicate_weighted_arc,10555,B4_d_opt,4,d_optimal,0.3269119307398797,0.24289894066751,-0.5129319198429584,0.2408562266986601,0.11959653458942733,-0.38177225541617443,True,
replicate_weighted_arc,10556,B4_d_opt,4,d_optimal,0.3269119307398797,0.24289894066751,-0.5129319198429584,0.1768711978903302,0.10684092485658928,-0.3025520502353654,True,
replicate_weighted_arc,10557,B4_d_opt,4,d_optimal,0.3269119307398797,0.24289894066751,-0.5129319198429584,0.11937693161207219,0.033362427956029755,-0.2138034731746087,True,
replicate_weighted_arc,10558,B4_d_opt,4,d_optimal,0.3269119307398797,0.24289894066751,-0.5129319198429584,0.1996996653480237,0.026253814308951937,-0.24579763706151336,False,BASE_HEIGHT_LIMIT
replicate_weighted_arc,10559,B4_d_opt,4,d_optimal,0.3269119307398797,0.24289894066751,-0.5129319198429584,0.10888979964122655,0.03526269195104529,-0.25477070140901054,True,
replicate_weighted_arc,10560,B4_d_opt,4,d_optimal,0.3269119307398797,0.24289894066751,-0.5129319198429584,0.22320486363703373,0.1992387264929178,-0.3313499623263864,True,
replicate_weighted_arc,10561,B4_d_opt,4,d_optimal,0.3269119307398797,0.24289894066751,-0.5129319198429584,0.12980774293105196,0.03366618666706007,-0.2873435608222252,True,
replicate_weighted_arc,10562,B4_d_opt,4,d_optimal,0.3269119307398797,0.24289894066751,-0.5129319198429584,0.1757127539249342,0.08354767004626872,-0.35841744682860305,True,
replicate_weighted_arc,10563,B4_d_opt,4,d_optimal,0.3269119307398797,0.24289894066751,-0.5129319198429584,0.1611215646477719,0.03150112055982346,-0.29440727279650813,True,
replicate_weighted_arc,10564,B4_d_opt,4,d_optimal,0.3269119307398797,0.24289894066751,-0.5129319198429584,0.10901681177303858,0.03673050655123471,-0.3046521474203253,True,
replicate_weighted_arc,10565,B4_d_opt,4,d_optimal,0.3269119307398797,0.24289894066751,-0.5129319198429584,0.20436203642491094,0.0963460915228814,-0.3014399928611245,True,
replicate_weighted_arc,10566,B4_d_opt,4,d_optimal,0.3269119307398797,0.24289894066751,-0.5129319198429584,0.23710740089645874,0.10976009289535263,-0.3409415280609288,True,
replicate_weighted_arc,10567,B4_d_opt,4,d_optimal,0.3269119307398797,0.24289894066751,-0.5129319198429584,0.08532155490113376,0.030807539360709464,-0.25867526815940345,True,
replicate_weighted_arc,10568,B4_d_opt,4,d_optimal,0.3269119307398797,0.24289894066751,-0.5129319198429584,0.19163601608178507,0.12231835229079863,-0.3799727693496691,True,
replicate_weighted_arc,10569,B4_d_opt,4,d_optimal,0.3269119307398797,0.24289894066751,-0.5129319198429584,0.15351611827934009,0.10240574466780093,-0.25459691129603673,True,
replicate_weighted_arc,10570,B4_d_opt,4,d_optimal,0.3269119307398797,0.24289894066751,-0.5129319198429584,0.1314828929186674,0.028157866646536606,-0.270930561412495,True,
replicate_weighted_arc,10571,B4_d_opt,4,d_optimal,0.3269119307398797,0.24289894066751,-0.5129319198429584,0.23977988159450148,0.10761666509604864,-0.42775108634525566,True,
replicate_weighted_arc,10572,B4_d_opt,4,d_optimal,0.3269119307398797,0.24289894066751,-0.5129319198429584,0.12490854830386253,0.02467193164211867,-0.24155969028386148,True,
replicate_weighted_arc,10501,B4_d_opt,5,d_optimal,-0.38717591688036923,0.19425333850085735,-0.518198074772954,-0.20104832330987935,0.1757688236262782,-0.4071824590665883,True,
replicate_weighted_arc,10502,B4_d_opt,5,d_optimal,-0.38717591688036923,0.19425333850085735,-0.518198074772954,-0.2710799011178751,0.11679434143279308,-0.3947406687221361,True,
replicate_weighted_arc,10503,B4_d_opt,5,d_optimal,-0.38717591688036923,0.19425333850085735,-0.518198074772954,-0.3259435083543176,0.10489089966145965,-0.2855269000851199,True,
replicate_weighted_arc,10504,B4_d_opt,5,d_optimal,-0.38717591688036923,0.19425333850085735,-0.518198074772954,-0.29129032073176886,0.1601605558760014,-0.2687556764458873,True,
replicate_weighted_arc,10505,B4_d_opt,5,d_optimal,-0.38717591688036923,0.19425333850085735,-0.518198074772954,-0.275487826622649,0.12281308366406346,-0.34459950579620446,True,
replicate_weighted_arc,10506,B4_d_opt,5,d_optimal,-0.38717591688036923,0.19425333850085735,-0.518198074772954,-0.31565120956378484,0.12658529104990732,-0.3143621928771557,True,
replicate_weighted_arc,10507,B4_d_opt,5,d_optimal,-0.38717591688036923,0.19425333850085735,-0.518198074772954,-0.22757714732893483,0.13328002430770655,-0.3427284151229564,True,
replicate_weighted_arc,10508,B4_d_opt,5,d_optimal,-0.38717591688036923,0.19425333850085735,-0.518198074772954,-0.2357640226108902,0.098289001392367,-0.2620111657598307,True,
replicate_weighted_arc,10509,B4_d_opt,5,d_optimal,0.28971729353070264,-0.1966872112825513,0.55107706990093,0.16380716313412136,-0.06747359861279727,0.436189275485941,True,
replicate_weighted_arc,10510,B4_d_opt,5,d_optimal,-0.38717591688036923,0.19425333850085735,-0.518198074772954,-0.256191341072256,0.1823851675817314,-0.41519324833538285,True,
replicate_weighted_arc,10511,B4_d_opt,5,d_optimal,-0.38717591688036923,0.19425333850085735,-0.518198074772954,-0.20187569170958933,0.16504373057620705,-0.3496479980159211,True,
replicate_weighted_arc,10512,B4_d_opt,5,d_optimal,-0.38717591688036923,0.19425333850085735,-0.518198074772954,-0.24161448455743495,0.14158842195406626,-0.2952690900832024,True,
replicate_weighted_arc,10513,B4_d_opt,5,d_optimal,-0.38717591688036923,0.19425333850085735,-0.518198074772954,-0.19308422532647831,0.22192293496604035,-0.4119965582101904,True,
replicate_weighted_arc,10514,B4_d_opt,5,d_optimal,-0.3677506223320961,0.2537424517795443,-0.4277359455823898,-0.27192192407942833,0.1852633998236729,-0.2832195066581055,True,
replicate_weighted_arc,10515,B4_d_opt,5,d_optimal,-0.38717591688036923,0.19425333850085735,-0.518198074772954,-0.26107198465860426,0.1987816795741691,-0.37118925049699736,True,
replicate_weighted_arc,10516,B4_d_opt,5,d_optimal,-0.38717591688036923,0.19425333850085735,-0.518198074772954,-0.25298516684435735,0.09106557288445158,-0.30384975687048615,True,
replicate_weighted_arc,10517,B4_d_opt,5,d_optimal,-0.38717591688036923,0.19425333850085735,-0.518198074772954,-0.2823197664228972,0.22304176377266297,-0.32716140834913376,True,
replicate_weighted_arc,10518,B4_d_opt,5,d_optimal,-0.38717591688036923,0.19425333850085735,-0.518198074772954,-0.30375143450828246,0.1573570012011774,-0.33588738496460374,True,
replicate_weighted_arc,10519,B4_d_opt,5,d_optimal,-0.38717591688036923,0.19425333850085735,-0.518198074772954,-0.17483965073247645,0.014560415952417713,-0.2593454581275796,True,
replicate_weighted_arc,10520,B4_d_opt,5,d_optimal,-0.38717591688036923,0.19425333850085735,-0.518198074772954,-0.2759404872414811,0.07768603808444556,-0.3516844245603748,True,
replicate_weighted_arc,10521,B4_d_opt,5,d_optimal,-0.38717591688036923,0.19425333850085735,-0.518198074772954,-0.27937449029750494,0.08142402479330152,-0.2496056055980814,True,
replicate_weighted_arc,10522,B4_d_opt,5,d_optimal,-0.38717591688036923,0.19425333850085735,-0.518198074772954,-0.22937210070978375,0.12587108262031702,-0.2478452585410758,True,
replicate_weighted_arc,10523,B4_d_opt,5,d_optimal,-0.38717591688036923,0.19425333850085735,-0.518198074772954,-0.17817236863966188,0.1846450245458755,-0.3518610984098284,True,
replicate_weighted_arc,10524,B4_d_opt,5,d_optimal,-0.38717591688036923,0.19425333850085735,-0.518198074772954,-0.19156126109881777,0.0392766102295865,-0.29739290120252804,True,
replicate_weighted_arc,10525,B4_d_opt,5,d_optimal,-0.3677506223320961,0.2537424517795443,-0.4277359455823898,-0.32775232505888174,0.15231695293290906,-0.2606071176402925,True,
replicate_weighted_arc,10526,B4_d_opt,5,d_optimal,-0.38717591688036923,0.19425333850085735,-0.518198074772954,-0.30476623131799463,0.20092037185312578,-0.3456945213076527,True,
replicate_weighted_arc,10527,B4_d_opt,5,d_optimal,-0.38717591688036923,0.19425333850085735,-0.518198074772954,-0.27155360575349113,0.1675071530030181,-0.3544895799716815,True,
replicate_weighted_arc,10528,B4_d_opt,5,d_optimal,-0.38717591688036923,0.19425333850085735,-0.518198074772954,-0.3283938188801102,0.11314494990157012,-0.31372014888076394,True,
replicate_weighted_arc,10529,B4_d_opt,5,d_optimal,-0.38717591688036923,0.19425333850085735,-0.518198074772954,-0.22610015394079383,0.13320210896096676,-0.30964658772980447,True,
replicate_weighted_arc,10530,B4_d_opt,5,d_optimal,-0.38717591688036923,0.19425333850085735,-0.518198074772954,-0.343055197382042,0.07997638553213106,-0.30868515090185406,True,
replicate_weighted_arc,10531,B4_d_opt,5,d_optimal,-0.38717591688036923,0.19425333850085735,-0.518198074772954,-0.2411615271512633,0.21379808763999847,-0.42491822083043207,True,
replicate_weighted_arc,10532,B4_d_opt,5,d_optimal,-0.38717591688036923,0.19425333850085735,-0.518198074772954,-0.25817625801852034,0.07415876152101916,-0.33809636350628625,True,
replicate_weighted_arc,10533,B4_d_opt,5,d_optimal,-0.38717591688036923,0.19425333850085735,-0.518198074772954,-0.3063790018376404,0.09599154653906673,-0.3456364680394877,True,
replicate_weighted_arc,10534,B4_d_opt,5,d_optimal,-0.38717591688036923,0.19425333850085735,-0.518198074772954,-0.2889186720309174,0.12017661067009855,-0.3619388250881153,True,
replicate_weighted_arc,10535,B4_d_opt,5,d_optimal,-0.38717591688036923,0.19425333850085735,-0.518198074772954,-0.2584126275588298,0.22961755665752628,-0.3137005822711162,True,
replicate_weighted_arc,10536,B4_d_opt,5,d_optimal,-0.38717591688036923,0.19425333850085735,-0.518198074772954,-0.22091499280396396,0.11354184778924821,-0.27990516285489453,True,
replicate_weighted_arc,10537,B4_d_opt,5,d_optimal,-0.38717591688036923,0.19425333850085735,-0.518198074772954,-0.35668002026308676,0.10550629632547587,-0.3319380073403134,True,
replicate_weighted_arc,10538,B4_d_opt,5,d_optimal,-0.38717591688036923,0.19425333850085735,-0.518198074772954,-0.31394812492278396,0.07213092459278313,-0.34007192021710414,True,
replicate_weighted_arc,10539,B4_d_opt,5,d_optimal,-0.38717591688036923,0.19425333850085735,-0.518198074772954,-0.3458442259997541,0.144101167941956,-0.4441750424814108,True,
replicate_weighted_arc,10540,B4_d_opt,5,d_optimal,-0.38717591688036923,0.19425333850085735,-0.518198074772954,-0.29584379723650944,0.19259235126089067,-0.3021613717591568,True,
replicate_weighted_arc,10541,B4_d_opt,5,d_optimal,-0.38717591688036923,0.19425333850085735,-0.518198074772954,-0.20555074547102856,0.02350890033346934,-0.26848689723168473,True,
replicate_weighted_arc,10542,B4_d_opt,5,d_optimal,-0.3677506223320961,0.2537424517795443,-0.4277359455823898,-0.22286028060354598,0.1262036820350141,-0.2781492371371359,True,
replicate_weighted_arc,10543,B4_d_opt,5,d_optimal,0.21620479896664624,0.25886442381888625,-0.6834113020449877,0.08976007248835186,0.10793987733126956,-0.4539776730100894,True,
replicate_weighted_arc,10544,B4_d_opt,5,d_optimal,-0.38717591688036923,0.19425333850085735,-0.518198074772954,-0.23532137733167768,0.10983063381342915,-0.29032211299934996,True,
replicate_weighted_arc,10545,B4_d_opt,5,d_optimal,0.21620479896664624,0.25886442381888625,-0.6834113020449877,0.1409651157614529,0.046654662743954155,-0.3707795142394139,True,
replicate_weighted_arc,10546,B4_d_opt,5,d_optimal,-0.38717591688036923,0.19425333850085735,-0.518198074772954,-0.20686985236860347,0.16561605993370743,-0.329116734832777,True,
replicate_weighted_arc,10547,B4_d_opt,5,d_optimal,-0.38717591688036923,0.19425333850085735,-0.518198074772954,-0.29647171813698553,0.15782825752617255,-0.3622965791970241,True,
replicate_weighted_arc,10548,B4_d_opt,5,d_optimal,-0.38717591688036923,0.19425333850085735,-0.518198074772954,-0.28200566970562435,0.19133495191841562,-0.346240425201798,True,
replicate_weighted_arc,10549,B4_d_opt,5,d_optimal,-0.38717591688036923,0.19425333850085735,-0.518198074772954,-0.161701689560961,0.1268900120828237,-0.3480763464168733,True,
replicate_weighted_arc,10550,B4_d_opt,5,d_optimal,-0.38717591688036923,0.19425333850085735,-0.518198074772954,-0.2942879212626049,0.10083398535499115,-0.2933146492647801,True,
replicate_weighted_arc,10551,B4_d_opt,5,d_optimal,-0.38717591688036923,0.19425333850085735,-0.518198074772954,-0.3363503306060776,0.12790225958880674,-0.4122108202788383,True,
replicate_weighted_arc,10552,B4_d_opt,5,d_optimal,-0.38717591688036923,0.19425333850085735,-0.518198074772954,-0.3550135509524076,0.21729502386182334,-0.3580372522301744,True,
replicate_weighted_arc,10553,B4_d_opt,5,d_optimal,-0.38717591688036923,0.19425333850085735,-0.518198074772954,-0.18373228840956757,0.027008578526723677,-0.2500977540420566,True,
replicate_weighted_arc,10554,B4_d_opt,5,d_optimal,-0.38717591688036923,0.19425333850085735,-0.518198074772954,-0.24792961308813083,0.17955798441264717,-0.3554846767584741,True,
replicate_weighted_arc,10555,B4_d_opt,5,d_optimal,-0.38717591688036923,0.19425333850085735,-0.518198074772954,-0.25241319310025734,0.1573427493152149,-0.3223234993915569,True,
replicate_weighted_arc,10556,B4_d_opt,5,d_optimal,-0.38717591688036923,0.19425333850085735,-0.518198074772954,-0.27262995944737656,0.11018337182077174,-0.3703943671692707,True,
replicate_weighted_arc,10557,B4_d_opt,5,d_optimal,-0.3677506223320961,0.2537424517795443,-0.4277359455823898,-0.26337148557427853,0.1370238729783777,-0.27639654567703337,True,
replicate_weighted_arc,10558,B4_d_opt,5,d_optimal,0.21620479896664624,0.25886442381888625,-0.6834113020449877,0.11848556705173122,0.053127295829759336,-0.3455799863291973,True,
replicate_weighted_arc,10559,B4_d_opt,5,d_optimal,-0.38717591688036923,0.19425333850085735,-0.518198074772954,-0.30648553414673163,0.11813599306073137,-0.2742457644474754,True,
replicate_weighted_arc,10560,B4_d_opt,5,d_optimal,-0.38717591688036923,0.19425333850085735,-0.518198074772954,-0.283915914704311,0.12197785489832855,-0.3880654842329124,True,
replicate_weighted_arc,10561,B4_d_opt,5,d_optimal,-0.38717591688036923,0.19425333850085735,-0.518198074772954,-0.31265768920366116,0.07468663351691482,-0.3638041675962163,True,
replicate_weighted_arc,10562,B4_d_opt,5,d_optimal,-0.38717591688036923,0.19425333850085735,-0.518198074772954,-0.2399089171199794,0.14014395093475143,-0.30147941970047815,True,
replicate_weighted_arc,10563,B4_d_opt,5,d_optimal,-0.38717591688036923,0.19425333850085735,-0.518198074772954,-0.2679700169837146,0.09739169867321858,-0.2546396790679992,True,
replicate_weighted_arc,10564,B4_d_opt,5,d_optimal,-0.38717591688036923,0.19425333850085735,-0.518198074772954,-0.33671469482119754,0.15980687541107902,-0.30397024376172255,True,
replicate_weighted_arc,10565,B4_d_opt,5,d_optimal,-0.3677506223320961,0.2537424517795443,-0.4277359455823898,-0.2018291831207879,0.18219092189060893,-0.3137976484594537,True,
replicate_weighted_arc,10566,B4_d_opt,5,d_optimal,-0.38717591688036923,0.19425333850085735,-0.518198074772954,-0.2528867759162623,0.11852110602015374,-0.287101127753709,True,
replicate_weighted_arc,10567,B4_d_opt,5,d_optimal,-0.38717591688036923,0.19425333850085735,-0.518198074772954,-0.2991166247940267,0.19028957500449883,-0.3240481873504552,True,
replicate_weighted_arc,10568,B4_d_opt,5,d_optimal,-0.38717591688036923,0.19425333850085735,-0.518198074772954,-0.2569554692595256,0.1649609170194422,-0.3349370354857992,True,
replicate_weighted_arc,10569,B4_d_opt,5,d_optimal,-0.38717591688036923,0.19425333850085735,-0.518198074772954,-0.3139545852950002,0.2067457105469629,-0.3565447377796403,True,
replicate_weighted_arc,10570,B4_d_opt,5,d_optimal,-0.38717591688036923,0.19425333850085735,-0.518198074772954,-0.2664023598471806,0.0991505999628638,-0.2569772821205959,True,
replicate_weighted_arc,10571,B4_d_opt,5,d_optimal,-0.38717591688036923,0.19425333850085735,-0.518198074772954,-0.22425227411512064,0.16061338931183425,-0.3482205283309519,True,
replicate_weighted_arc,10572,B4_d_opt,5,d_optimal,-0.38717591688036923,0.19425333850085735,-0.518198074772954,-0.32387855788672,0.15661839530940422,-0.3615885458621908,True,
replicate_weighted_arc,10501,B4_d_opt,6,d_optimal,0.24258189871907232,0.2316863274201751,0.693466329202056,0.14229185045052373,0.1507503691959474,0.511842181580921,True,
replicate_weighted_arc,10502,B4_d_opt,6,d_optimal,0.24258189871907232,0.2316863274201751,0.693466329202056,0.14003296622203842,0.16855887507414646,0.4120144620072764,True,
replicate_weighted_arc,10503,B4_d_opt,6,d_optimal,0.24258189871907232,0.2316863274201751,0.693466329202056,0.152767909343354,0.15970653499025564,0.3961303215702003,True,
replicate_weighted_arc,10504,B4_d_opt,6,d_optimal,0.24258189871907232,0.2316863274201751,0.693466329202056,0.18728325104826157,0.11541831054246589,0.4787535615895836,True,
replicate_weighted_arc,10505,B4_d_opt,6,d_optimal,0.24258189871907232,0.2316863274201751,0.693466329202056,0.16568946532605897,0.15175937159877834,0.4026649872880012,True,
replicate_weighted_arc,10506,B4_d_opt,6,d_optimal,0.24258189871907232,0.2316863274201751,0.693466329202056,0.1364128168531957,0.13530716418767905,0.41308203235662183,True,
replicate_weighted_arc,10507,B4_d_opt,6,d_optimal,0.24258189871907232,0.2316863274201751,0.693466329202056,0.08664769928774683,0.1682926256273246,0.434657682019661,True,
replicate_weighted_arc,10508,B4_d_opt,6,d_optimal,0.24258189871907232,0.2316863274201751,0.693466329202056,0.21078094793048208,0.20079090795811283,0.45017421756068554,True,
replicate_weighted_arc,10509,B4_d_opt,6,d_optimal,0.24258189871907232,0.2316863274201751,0.693466329202056,0.05755334584256683,0.08730642897783374,0.33231076434507034,True,
replicate_weighted_arc,10510,B4_d_opt,6,d_optimal,0.24258189871907232,0.2316863274201751,0.693466329202056,0.12643002143311105,0.13673710641803877,0.4358821664473906,True,
replicate_weighted_arc,10511,B4_d_opt,6,d_optimal,0.24258189871907232,0.2316863274201751,0.693466329202056,0.09013528927866425,0.12901169814609745,0.476044349757743,True,
replicate_weighted_arc,10512,B4_d_opt,6,d_optimal,0.24258189871907232,0.2316863274201751,0.693466329202056,0.09239450156588633,0.1418910510638882,0.542372186546833,True,
replicate_weighted_arc,10513,B4_d_opt,6,d_optimal,0.24258189871907232,0.2316863274201751,0.693466329202056,0.0378620585582778,-0.004565489656334245,0.4947183500894932,True,
replicate_weighted_arc,10514,B4_d_opt,6,d_optimal,0.24258189871907232,0.2316863274201751,0.693466329202056,0.014049138363704985,-0.021708922766854023,0.5006785252332148,True,
replicate_weighted_arc,10515,B4_d_opt,6,d_optimal,0.24258189871907232,0.2316863274201751,0.693466329202056,0.3079882411786402,0.12663325550812196,0.45572998072245824,True,
replicate_weighted_arc,10516,B4_d_opt,6,d_optimal,0.24258189871907232,0.2316863274201751,0.693466329202056,0.1371506570465493,0.1426511756998246,0.44877317765491936,True,
replicate_weighted_arc,10517,B4_d_opt,6,d_optimal,0.24258189871907232,0.2316863274201751,0.693466329202056,0.22814854325332323,0.0573049086785805,0.4282957194467778,True,
replicate_weighted_arc,10518,B4_d_opt,6,d_optimal,0.24258189871907232,0.2316863274201751,0.693466329202056,0.14447682214946136,0.15266118269686796,0.47450503919113834,True,
replicate_weighted_arc,10519,B4_d_opt,6,d_optimal,0.24258189871907232,0.2316863274201751,0.693466329202056,0.06916256436879105,0.211600816271025,0.44960999586323636,True,
replicate_weighted_arc,10520,B4_d_opt,6,d_optimal,0.24258189871907232,0.2316863274201751,0.693466329202056,0.14359539248334488,0.14841619012403784,0.45888229383867585,True,
replicate_weighted_arc,10521,B4_d_opt,6,d_optimal,0.24258189871907232,0.2316863274201751,0.693466329202056,0.16616685032298403,0.15638933232674185,0.4202870290274623,True,
replicate_weighted_arc,10522,B4_d_opt,6,d_optimal,0.24258189871907232,0.2316863274201751,0.693466329202056,0.20711841212570203,0.17874242604939994,0.5208509332962769,True,
replicate_weighted_arc,10523,B4_d_opt,6,d_optimal,0.24258189871907232,0.2316863274201751,0.693466329202056,0.1326148047550337,0.11282528994620494,0.44552311794387967,True,
replicate_weighted_arc,10524,B4_d_opt,6,d_optimal,0.24258189871907232,0.2316863274201751,0.693466329202056,0.04979651352701059,0.16609020608953246,0.4403719152812882,True,
replicate_weighted_arc,10525,B4_d_opt,6,d_optimal,0.24258189871907232,0.2316863274201751,0.693466329202056,0.17381974734143701,0.10119951212310221,0.6361601118092333,True,
replicate_weighted_arc,10526,B4_d_opt,6,d_optimal,0.24258189871907232,0.2316863274201751,0.693466329202056,0.18158296531389945,0.0865572206276126,0.5096588752034511,True,
replicate_weighted_arc,10527,B4_d_opt,6,d_optimal,0.24258189871907232,0.2316863274201751,0.693466329202056,0.23869274122376966,0.17656460688723227,0.4689794648022592,True,
replicate_weighted_arc,10528,B4_d_opt,6,d_optimal,0.24258189871907232,0.2316863274201751,0.693466329202056,0.18041258204033347,0.1659590033173727,0.45584862730340964,True,
replicate_weighted_arc,10529,B4_d_opt,6,d_optimal,0.24258189871907232,0.2316863274201751,0.693466329202056,0.18567053211589654,0.1080828296479536,0.5121718796935327,True,
replicate_weighted_arc,10530,B4_d_opt,6,d_optimal,0.24258189871907232,0.2316863274201751,0.693466329202056,0.1789723533302966,0.17001421279680923,0.43218729519038945,True,
replicate_weighted_arc,10531,B4_d_opt,6,d_optimal,0.24258189871907232,0.2316863274201751,0.693466329202056,0.17097133325282235,0.07138358563909633,0.5441487510381692,True,
replicate_weighted_arc,10532,B4_d_opt,6,d_optimal,0.24258189871907232,0.2316863274201751,0.693466329202056,0.10633664370780413,0.24631983502313465,0.4363182683114727,True,
replicate_weighted_arc,10533,B4_d_opt,6,d_optimal,0.24258189871907232,0.2316863274201751,0.693466329202056,0.24611923277929418,0.229273969001457,0.5150333349991397,True,
replicate_weighted_arc,10534,B4_d_opt,6,d_optimal,0.24258189871907232,0.2316863274201751,0.693466329202056,0.09415154642646145,0.14259320510904103,0.3730071578257509,True,
replicate_weighted_arc,10535,B4_d_opt,6,d_optimal,0.24258189871907232,0.2316863274201751,0.693466329202056,0.2662294328526862,0.11367779349080992,0.46212211395379477,True,
replicate_weighted_arc,10536,B4_d_opt,6,d_optimal,0.24258189871907232,0.2316863274201751,0.693466329202056,0.05163126354554277,0.1568958434684617,0.475544264465917,True,
replicate_weighted_arc,10537,B4_d_opt,6,d_optimal,0.24258189871907232,0.2316863274201751,0.693466329202056,0.062269618633874826,0.11319285266252717,0.40006247559311103,True,
replicate_weighted_arc,10538,B4_d_opt,6,d_optimal,0.24258189871907232,0.2316863274201751,0.693466329202056,0.14759976486967513,0.1706697018877975,0.4227696695093203,True,
replicate_weighted_arc,10539,B4_d_opt,6,d_optimal,0.24258189871907232,0.2316863274201751,0.693466329202056,0.11433808070917387,0.17975138166797824,0.4430520541341384,True,
replicate_weighted_arc,10540,B4_d_opt,6,d_optimal,0.24258189871907232,0.2316863274201751,0.693466329202056,0.20466461806248434,0.12325094626493037,0.5313250502439781,True,
replicate_weighted_arc,10541,B4_d_opt,6,d_optimal,0.24258189871907232,0.2316863274201751,0.693466329202056,0.13117624530357727,0.1613905656945771,0.5007133781532781,True,
replicate_weighted_arc,10542,B4_d_opt,6,d_optimal,0.24258189871907232,0.2316863274201751,0.693466329202056,0.12962965286814673,0.16471971417553855,0.4665633940864162,True,
replicate_weighted_arc,10543,B4_d_opt,6,d_optimal,0.24258189871907232,0.2316863274201751,0.693466329202056,0.1969223606969478,0.08122939701542306,0.4888789604900534,True,
replicate_weighted_arc,10544,B4_d_opt,6,d_optimal,0.24258189871907232,0.2316863274201751,0.693466329202056,0.10836515510113837,0.1383306455034178,0.44520373131522956,True,
replicate_weighted_arc,10545,B4_d_opt,6,d_optimal,0.24258189871907232,0.2316863274201751,0.693466329202056,0.012453901199646346,0.012833875824462042,0.39533703954278443,True,
replicate_weighted_arc,10546,B4_d_opt,6,d_optimal,0.24258189871907232,0.2316863274201751,0.693466329202056,0.1126460768997652,0.10507832992646982,0.4166215708933881,True,
replicate_weighted_arc,10547,B4_d_opt,6,d_optimal,0.24258189871907232,0.2316863274201751,0.693466329202056,0.25664405222266123,0.1218963059634812,0.44174042187133933,True,
replicate_weighted_arc,10548,B4_d_opt,6,d_optimal,0.24258189871907232,0.2316863274201751,0.693466329202056,0.15048550388000295,0.11746564219547082,0.4616204255397491,True,
replicate_weighted_arc,10549,B4_d_opt,6,d_optimal,0.24258189871907232,0.2316863274201751,0.693466329202056,0.05460536332954992,0.13323710475235706,0.48030565548945653,True,
replicate_weighted_arc,10550,B4_d_opt,6,d_optimal,0.24258189871907232,0.2316863274201751,0.693466329202056,0.11496785793151831,0.13888056942709157,0.43722481853707995,True,
replicate_weighted_arc,10551,B4_d_opt,6,d_optimal,0.24258189871907232,0.2316863274201751,0.693466329202056,0.05789062015821492,0.10908232472402603,0.3943397158710606,True,
replicate_weighted_arc,10552,B4_d_opt,6,d_optimal,0.24258189871907232,0.2316863274201751,0.693466329202056,0.2102422786364981,0.10807401468928209,0.5677325230048447,True,
replicate_weighted_arc,10553,B4_d_opt,6,d_optimal,0.24258189871907232,0.2316863274201751,0.693466329202056,0.10898787452713399,0.176426939514073,0.5041759103852573,True,
replicate_weighted_arc,10554,B4_d_opt,6,d_optimal,0.24258189871907232,0.2316863274201751,0.693466329202056,0.1845184156187711,0.14660322601990944,0.3944209474056641,True,
replicate_weighted_arc,10555,B4_d_opt,6,d_optimal,0.24258189871907232,0.2316863274201751,0.693466329202056,0.13184355003331807,0.15744587534285703,0.41933548638190166,True,
replicate_weighted_arc,10556,B4_d_opt,6,d_optimal,0.24258189871907232,0.2316863274201751,0.693466329202056,0.05977683516400492,0.15434288689299105,0.4526741486796615,True,
replicate_weighted_arc,10557,B4_d_opt,6,d_optimal,0.24258189871907232,0.2316863274201751,0.693466329202056,0.24109411840510286,0.17858615033768924,0.5363964943064137,True,
replicate_weighted_arc,10558,B4_d_opt,6,d_optimal,0.24258189871907232,0.2316863274201751,0.693466329202056,0.09355680413270703,0.2016799482748812,0.4850171645917398,True,
replicate_weighted_arc,10559,B4_d_opt,6,d_optimal,0.24258189871907232,0.2316863274201751,0.693466329202056,0.2170608716497891,0.18753778433427254,0.4951634423155846,True,
replicate_weighted_arc,10560,B4_d_opt,6,d_optimal,0.24258189871907232,0.2316863274201751,0.693466329202056,0.22134399427552326,0.17362211633090138,0.5023431474118853,True,
replicate_weighted_arc,10561,B4_d_opt,6,d_optimal,0.24258189871907232,0.2316863274201751,0.693466329202056,0.2561640764101591,0.18749029648198068,0.38403068752249664,True,
replicate_weighted_arc,10562,B4_d_opt,6,d_optimal,0.24258189871907232,0.2316863274201751,0.693466329202056,0.10492698140537625,0.11948578691026418,0.44977168992255856,True,
replicate_weighted_arc,10563,B4_d_opt,6,d_optimal,0.24258189871907232,0.2316863274201751,0.693466329202056,0.11152160224986248,0.19542926192561427,0.4579704154829772,True,
replicate_weighted_arc,10564,B4_d_opt,6,d_optimal,0.24258189871907232,0.2316863274201751,0.693466329202056,0.2016831288344285,0.10812151408515715,0.5091638479912612,True,
replicate_weighted_arc,10565,B4_d_opt,6,d_optimal,0.24258189871907232,0.2316863274201751,0.693466329202056,0.09723713743310357,0.0825062627891868,0.5317142442805398,True,
replicate_weighted_arc,10566,B4_d_opt,6,d_optimal,0.24258189871907232,0.2316863274201751,0.693466329202056,0.12893753044792441,0.1377166769741577,0.4372503389840589,True,
replicate_weighted_arc,10567,B4_d_opt,6,d_optimal,0.24258189871907232,0.2316863274201751,0.693466329202056,0.2345306319626426,0.10054777162088202,0.5288683660570295,True,
replicate_weighted_arc,10568,B4_d_opt,6,d_optimal,0.24258189871907232,0.2316863274201751,0.693466329202056,0.1176517533866416,0.1202225328274078,0.4482909184214463,True,
replicate_weighted_arc,10569,B4_d_opt,6,d_optimal,0.24258189871907232,0.2316863274201751,0.693466329202056,0.13359831018593857,0.09446127924050021,0.5156969062277965,True,
replicate_weighted_arc,10570,B4_d_opt,6,d_optimal,0.24258189871907232,0.2316863274201751,0.693466329202056,0.07270224305856478,0.16333233015306714,0.44522439932355035,True,
replicate_weighted_arc,10571,B4_d_opt,6,d_optimal,0.24258189871907232,0.2316863274201751,0.693466329202056,0.194936475196956,0.15258964646204257,0.39288037358016054,True,
replicate_weighted_arc,10572,B4_d_opt,6,d_optimal,0.24258189871907232,0.2316863274201751,0.693466329202056,0.1319723185161188,0.1355561118725383,0.462481003017478,True,
replicate_weighted_arc,10501,B4_d_opt,7,d_optimal,0.3742443926632405,-0.2441980669274926,-0.47695559132844206,0.26848324135430607,-0.16185435519791797,-0.21698496512029403,True,
replicate_weighted_arc,10502,B4_d_opt,7,d_optimal,0.3742443926632405,-0.2441980669274926,-0.47695559132844206,0.260643081310689,-0.18940609650838444,-0.17646818016396562,True,
replicate_weighted_arc,10503,B4_d_opt,7,d_optimal,0.3742443926632405,-0.2441980669274926,-0.47695559132844206,0.2273525203914247,-0.19966025193979645,-0.23690893114609704,True,
replicate_weighted_arc,10504,B4_d_opt,7,d_optimal,0.3742443926632405,-0.2441980669274926,-0.47695559132844206,0.19370010661302453,-0.215453693687882,-0.2995150781846749,True,
replicate_weighted_arc,10505,B4_d_opt,7,d_optimal,0.3742443926632405,-0.2441980669274926,-0.47695559132844206,0.2696609125079095,-0.20904916788449496,-0.2527798562490186,True,
replicate_weighted_arc,10506,B4_d_opt,7,d_optimal,0.3742443926632405,-0.2441980669274926,-0.47695559132844206,0.25064912165478287,-0.09408688619649556,-0.34249479807809186,True,
replicate_weighted_arc,10507,B4_d_opt,7,d_optimal,0.3742443926632405,-0.2441980669274926,-0.47695559132844206,0.24240161892127587,-0.16937128595503154,-0.2355777791714094,True,
replicate_weighted_arc,10508,B4_d_opt,7,d_optimal,0.3742443926632405,-0.2441980669274926,-0.47695559132844206,0.20654910052134293,-0.1606737396172224,-0.15807007424516653,True,
replicate_weighted_arc,10509,B4_d_opt,7,d_optimal,0.3742443926632405,-0.2441980669274926,-0.47695559132844206,0.19247912704578748,-0.23905199897119955,-0.21469878124380123,True,
replicate_weighted_arc,10510,B4_d_opt,7,d_optimal,0.3742443926632405,-0.2441980669274926,-0.47695559132844206,0.21406484683818433,-0.1619152386559148,-0.20519834792972386,True,
replicate_weighted_arc,10511,B4_d_opt,7,d_optimal,0.3742443926632405,-0.2441980669274926,-0.47695559132844206,0.29945054975010416,-0.218687520231249,-0.25398003905409716,True,
replicate_weighted_arc,10512,B4_d_opt,7,d_optimal,0.3742443926632405,-0.2441980669274926,-0.47695559132844206,0.3260666654628261,-0.16486376769838226,-0.20736475636120874,True,
replicate_weighted_arc,10513,B4_d_opt,7,d_optimal,0.3742443926632405,-0.2441980669274926,-0.47695559132844206,0.3181395919973779,-0.1752033660114628,-0.27026274886079643,True,
replicate_weighted_arc,10514,B4_d_opt,7,d_optimal,0.3742443926632405,-0.2441980669274926,-0.47695559132844206,0.26192723311040045,-0.1133551145739443,-0.2701025548061586,True,
replicate_weighted_arc,10515,B4_d_opt,7,d_optimal,0.3742443926632405,-0.2441980669274926,-0.47695559132844206,0.1592694129844941,-0.0711804066729321,-0.23331790227608756,True,
replicate_weighted_arc,10516,B4_d_opt,7,d_optimal,0.3742443926632405,-0.2441980669274926,-0.47695559132844206,0.23122515654999432,-0.15804748107541217,-0.22705642975176527,True,
replicate_weighted_arc,10517,B4_d_opt,7,d_optimal,0.3742443926632405,-0.2441980669274926,-0.47695559132844206,0.19346133901006687,-0.1383302151203646,-0.29363757591612116,False,BASE_HEIGHT_LIMIT
replicate_weighted_arc,10518,B4_d_opt,7,d_optimal,0.3742443926632405,-0.2441980669274926,-0.47695559132844206,0.21317216547662965,-0.1791244291009635,-0.27485891111070954,True,
replicate_weighted_arc,10519,B4_d_opt,7,d_optimal,0.3742443926632405,-0.2441980669274926,-0.47695559132844206,0.31350470941576547,-0.20523572369909168,-0.26623265199727547,True,
replicate_weighted_arc,10520,B4_d_opt,7,d_optimal,0.3742443926632405,-0.2441980669274926,-0.47695559132844206,0.20476083103400036,-0.1827555590416789,-0.29177750952622455,True,
replicate_weighted_arc,10521,B4_d_opt,7,d_optimal,0.3742443926632405,-0.2441980669274926,-0.47695559132844206,0.20096371694890383,-0.19941574502590823,-0.25763597573068253,True,
replicate_weighted_arc,10522,B4_d_opt,7,d_optimal,0.3742443926632405,-0.2441980669274926,-0.47695559132844206,0.22745215685493583,-0.2243794078151689,-0.23931217291976697,True,
replicate_weighted_arc,10523,B4_d_opt,7,d_optimal,0.3742443926632405,-0.2441980669274926,-0.47695559132844206,0.27518864894808404,-0.19667868581363843,-0.23810537318869665,True,
replicate_weighted_arc,10524,B4_d_opt,7,d_optimal,0.3742443926632405,-0.2441980669274926,-0.47695559132844206,0.33305123052849805,-0.16302340626580847,-0.19277764176013207,True,
replicate_weighted_arc,10525,B4_d_opt,7,d_optimal,0.3742443926632405,-0.2441980669274926,-0.47695559132844206,0.21435677753496377,-0.1621011756275403,-0.1922884587068598,True,
replicate_weighted_arc,10526,B4_d_opt,7,d_optimal,0.3742443926632405,-0.2441980669274926,-0.47695559132844206,0.16971830119352266,-0.16700669563255022,-0.2507969986817179,True,
replicate_weighted_arc,10527,B4_d_opt,7,d_optimal,0.3742443926632405,-0.2441980669274926,-0.47695559132844206,0.22951652328737895,-0.2279369318255238,-0.21013712208318347,True,
replicate_weighted_arc,10528,B4_d_opt,7,d_optimal,0.3742443926632405,-0.2441980669274926,-0.47695559132844206,0.18844785863844254,-0.22176430249265094,-0.2181473341482945,True,
replicate_weighted_arc,10529,B4_d_opt,7,d_optimal,0.3742443926632405,-0.2441980669274926,-0.47695559132844206,0.22239475244994333,-0.10480296265679548,-0.20605578279251038,True,
replicate_weighted_arc,10530,B4_d_opt,7,d_optimal,0.3742443926632405,-0.2441980669274926,-0.47695559132844206,0.19488756113137484,-0.17767272642277585,-0.30669015712915204,True,
replicate_weighted_arc,10531,B4_d_opt,7,d_optimal,0.3742443926632405,-0.2441980669274926,-0.47695559132844206,0.2844943134792714,-0.1306015132408194,-0.1829408775219536,True,
replicate_weighted_arc,10532,B4_d_opt,7,d_optimal,0.3742443926632405,-0.2441980669274926,-0.47695559132844206,0.27879127054925834,-0.1705998251238107,-0.2541413791904431,True,
replicate_weighted_arc,10533,B4_d_opt,7,d_optimal,0.3742443926632405,-0.2441980669274926,-0.47695559132844206,0.2285388543004027,-0.1425010176443314,-0.1684525193242144,True,
replicate_weighted_arc,10534,B4_d_opt,7,d_optimal,0.3742443926632405,-0.2441980669274926,-0.47695559132844206,0.2684520453872498,-0.24899456821768215,-0.22891970840809997,True,
replicate_weighted_arc,10535,B4_d_opt,7,d_optimal,0.3742443926632405,-0.2441980669274926,-0.47695559132844206,0.20321878234573765,-0.18610096581243848,-0.272674177731492,True,
replicate_weighted_arc,10536,B4_d_opt,7,d_optimal,0.3742443926632405,-0.2441980669274926,-0.47695559132844206,0.32775352248212153,-0.18346810241841122,-0.22991032194355107,True,
replicate_weighted_arc,10537,B4_d_opt,7,d_optimal,0.3742443926632405,-0.2441980669274926,-0.47695559132844206,0.2225964506704062,-0.21486637944845635,-0.3074432007626176,True,
replicate_weighted_arc,10538,B4_d_opt,7,d_optimal,0.3742443926632405,-0.2441980669274926,-0.47695559132844206,0.20910930664323146,-0.17817238579544487,-0.3162991382252542,True,
replicate_weighted_arc,10539,B4_d_opt,7,d_optimal,0.3742443926632405,-0.2441980669274926,-0.47695559132844206,0.25039872130516777,-0.25183475703819247,-0.22570289990190381,True,
replicate_weighted_arc,10540,B4_d_opt,7,d_optimal,0.3742443926632405,-0.2441980669274926,-0.47695559132844206,0.17872459928403142,-0.16653565069127577,-0.21920977781600434,True,
replicate_weighted_arc,10541,B4_d_opt,7,d_optimal,0.3742443926632405,-0.2441980669274926,-0.47695559132844206,0.32028782095196406,-0.1647630880270067,-0.24732365741729054,True,
replicate_weighted_arc,10542,B4_d_opt,7,d_optimal,0.3742443926632405,-0.2441980669274926,-0.47695559132844206,0.29135643566299885,-0.13272260416149528,-0.2668579011683534,True,
replicate_weighted_arc,10543,B4_d_opt,7,d_optimal,0.3742443926632405,-0.2441980669274926,-0.47695559132844206,0.20800252172583847,-0.11790725642619107,-0.20379014490574818,True,
replicate_weighted_arc,10544,B4_d_opt,7,d_optimal,0.3742443926632405,-0.2441980669274926,-0.47695559132844206,0.2823807224666398,-0.1997705267480435,-0.25167408093307636,True,
replicate_weighted_arc,10545,B4_d_opt,7,d_optimal,0.3742443926632405,-0.2441980669274926,-0.47695559132844206,0.28395801617529315,-0.09283120787268002,-0.27486448833146815,True,
replicate_weighted_arc,10546,B4_d_opt,7,d_optimal,0.3742443926632405,-0.2441980669274926,-0.47695559132844206,0.27671152942156335,-0.07897975015880138,-0.22326481439497736,True,
replicate_weighted_arc,10547,B4_d_opt,7,d_optimal,0.3742443926632405,-0.2441980669274926,-0.47695559132844206,0.21155022589285666,-0.08105200259292655,-0.29881096523850054,True,
replicate_weighted_arc,10548,B4_d_opt,7,d_optimal,0.3742443926632405,-0.2441980669274926,-0.47695559132844206,0.274362586211679,-0.14235289599600567,-0.27460154200308495,True,
replicate_weighted_arc,10549,B4_d_opt,7,d_optimal,0.3742443926632405,-0.2441980669274926,-0.47695559132844206,0.30642738294081906,-0.18602873603855064,-0.16083194535600667,True,
replicate_weighted_arc,10550,B4_d_opt,7,d_optimal,0.3742443926632405,-0.2441980669274926,-0.47695559132844206,0.2539219376162774,-0.1826831141453548,-0.2890847461836338,True,
replicate_weighted_arc,10551,B4_d_opt,7,d_optimal,0.3742443926632405,-0.2441980669274926,-0.47695559132844206,0.22476182500781042,-0.20291573643549563,-0.24550182537525408,True,
replicate_weighted_arc,10552,B4_d_opt,7,d_optimal,0.3742443926632405,-0.2441980669274926,-0.47695559132844206,0.20824782332706465,-0.16610657369603518,-0.1787917158687621,True,
replicate_weighted_arc,10553,B4_d_opt,7,d_optimal,0.3742443926632405,-0.2441980669274926,-0.47695559132844206,0.3053815029923018,-0.16502411398845207,-0.2113687735106338,True,
replicate_weighted_arc,10554,B4_d_opt,7,d_optimal,0.3742443926632405,-0.2441980669274926,-0.47695559132844206,0.2450439141199078,-0.12477551358035674,-0.2728368724225266,True,
replicate_weighted_arc,10555,B4_d_opt,7,d_optimal,0.3742443926632405,-0.2441980669274926,-0.47695559132844206,0.28519646853418423,-0.2101857393887366,-0.28213642279052237,True,
replicate_weighted_arc,10556,B4_d_opt,7,d_optimal,0.3742443926632405,-0.2441980669274926,-0.47695559132844206,0.2768059965950839,-0.2077346518421582,-0.18538046300139366,True,
replicate_weighted_arc,10557,B4_d_opt,7,d_optimal,0.3742443926632405,-0.2441980669274926,-0.47695559132844206,0.22043523834554413,-0.12026041653857869,-0.18335225895955473,False,BASE_HEIGHT_LIMIT
replicate_weighted_arc,10558,B4_d_opt,7,d_optimal,0.3742443926632405,-0.2441980669274926,-0.47695559132844206,0.28236379279818147,-0.23900781915532487,-0.18918747211984444,True,
replicate_weighted_arc,10559,B4_d_opt,7,d_optimal,0.3742443926632405,-0.2441980669274926,-0.47695559132844206,0.20628982237638607,-0.19967217660117426,-0.19799483807807422,True,
replicate_weighted_arc,10560,B4_d_opt,7,d_optimal,0.3742443926632405,-0.2441980669274926,-0.47695559132844206,0.24763256784407225,-0.12702411506882286,-0.22154505233935373,True,
replicate_weighted_arc,10561,B4_d_opt,7,d_optimal,0.3742443926632405,-0.2441980669274926,-0.47695559132844206,0.20608729282995658,-0.2029328914734257,-0.25445361165809505,True,
replicate_weighted_arc,10562,B4_d_opt,7,d_optimal,0.3742443926632405,-0.2441980669274926,-0.47695559132844206,0.21141148891466316,-0.11332219622368445,-0.21946877067471735,True,
replicate_weighted_arc,10563,B4_d_opt,7,d_optimal,0.3742443926632405,-0.2441980669274926,-0.47695559132844206,0.24416719141885654,-0.18082169818866187,-0.2563478250806449,True,
replicate_weighted_arc,10564,B4_d_opt,7,d_optimal,0.3742443926632405,-0.2441980669274926,-0.47695559132844206,0.1859508721516988,-0.20884565954354622,-0.26947166186958393,True,
replicate_weighted_arc,10565,B4_d_opt,7,d_optimal,0.3742443926632405,-0.2441980669274926,-0.47695559132844206,0.21604044644895085,-0.07715339219952133,-0.2408927031173997,False,BASE_HEIGHT_LIMIT
replicate_weighted_arc,10566,B4_d_opt,7,d_optimal,0.3742443926632405,-0.2441980669274926,-0.47695559132844206,0.28035809127534944,-0.23667746267742232,-0.2399507025228367,True,
replicate_weighted_arc,10567,B4_d_opt,7,d_optimal,0.3742443926632405,-0.2441980669274926,-0.47695559132844206,0.23296776807773475,-0.11171011571630071,-0.2731004494256254,True,
replicate_weighted_arc,10568,B4_d_opt,7,d_optimal,0.3742443926632405,-0.2441980669274926,-0.47695559132844206,0.28659860893009176,-0.10973190128518773,-0.2682924341946194,True,
replicate_weighted_arc,10569,B4_d_opt,7,d_optimal,0.3742443926632405,-0.2441980669274926,-0.47695559132844206,0.1883222373444478,-0.10098021576120772,-0.23185689367453755,True,
replicate_weighted_arc,10570,B4_d_opt,7,d_optimal,0.3742443926632405,-0.2441980669274926,-0.47695559132844206,0.24950743629574845,-0.22470932208046634,-0.28161310564529435,True,
replicate_weighted_arc,10571,B4_d_opt,7,d_optimal,0.3742443926632405,-0.2441980669274926,-0.47695559132844206,0.21838968862089464,-0.21687256245097095,-0.26397765071861823,True,
replicate_weighted_arc,10572,B4_d_opt,7,d_optimal,0.3742443926632405,-0.2441980669274926,-0.47695559132844206,0.21888956930762588,-0.23991309275372305,-0.20515259304954142,True,
replicate_weighted_arc,10501,B4_d_opt,8,d_optimal,-0.35580798834562305,-0.16044358257204294,0.595580174587667,-0.2728274815449113,-0.16377523968829763,0.4151800623173064,True,
replicate_weighted_arc,10502,B4_d_opt,8,d_optimal,-0.35580798834562305,-0.16044358257204294,0.595580174587667,-0.09235689804024003,0.031221311533156538,-0.07019217028457514,True,
replicate_weighted_arc,10503,B4_d_opt,8,d_optimal,-0.35580798834562305,-0.16044358257204294,0.595580174587667,-0.09588537374864234,0.02657337044951185,-0.09865089014119345,True,
replicate_weighted_arc,10504,B4_d_opt,8,d_optimal,-0.35580798834562305,-0.16044358257204294,0.595580174587667,-0.2159419298855783,-0.09917400798237958,0.4204374161330487,True,
replicate_weighted_arc,10505,B4_d_opt,8,d_optimal,-0.35580798834562305,-0.16044358257204294,0.595580174587667,-0.24601000876426865,-0.1426610255081185,0.3506620105785696,True,
replicate_weighted_arc,10506,B4_d_opt,8,d_optimal,-0.35580798834562305,-0.16044358257204294,0.595580174587667,-0.17533617523088277,-0.1876093458114048,0.42549855532787734,True,
replicate_weighted_arc,10507,B4_d_opt,8,d_optimal,-0.35580798834562305,-0.16044358257204294,0.595580174587667,-0.3122631723849145,-0.13024810389689434,0.3101818410421515,True,
replicate_weighted_arc,10508,B4_d_opt,8,d_optimal,-0.35580798834562305,-0.16044358257204294,0.595580174587667,-0.1509398641757957,-0.02276787070028017,0.08975122980423603,False,
replicate_weighted_arc,10509,B4_d_opt,8,d_optimal,-0.38717591688036923,0.19425333850085735,-0.518198074772954,-0.30175453850876777,0.1490173590909184,-0.4007360995961257,True,
replicate_weighted_arc,10510,B4_d_opt,8,d_optimal,-0.35580798834562305,-0.16044358257204294,0.595580174587667,-0.2435702933992036,-0.15518930461037028,0.4049666656318879,True,
replicate_weighted_arc,10511,B4_d_opt,8,d_optimal,-0.35580798834562305,-0.16044358257204294,0.595580174587667,-0.2617418786404928,-0.042411335717353414,0.04949524183292447,True,
replicate_weighted_arc,10512,B4_d_opt,8,d_optimal,-0.35580798834562305,-0.16044358257204294,0.595580174587667,-0.2792714867981052,-0.189383033654329,0.40248487623177165,True,
replicate_weighted_arc,10513,B4_d_opt,8,d_optimal,-0.35580798834562305,-0.16044358257204294,0.595580174587667,-0.3066647461416927,-0.17236671208572252,0.37403793009039527,True,
replicate_weighted_arc,10514,B4_d_opt,8,d_optimal,-0.35580798834562305,-0.16044358257204294,0.595580174587667,-0.26781836667926245,-0.2575860803631991,0.39193837915368174,True,
replicate_weighted_arc,10515,B4_d_opt,8,d_optimal,-0.35580798834562305,-0.16044358257204294,0.595580174587667,-0.14818716298990994,-0.22798121052051837,0.41090284278291117,True,
replicate_weighted_arc,10516,B4_d_opt,8,d_optimal,-0.35580798834562305,-0.16044358257204294,0.595580174587667,-0.22513380468323893,-0.12151769948437621,0.41347093246445743,True,
replicate_weighted_arc,10517,B4_d_opt,8,d_optimal,0.2826388642191887,-0.2294048175215721,-0.6455393088981509,0.10617584795224687,-0.06797259138592053,-0.42834744738796776,True,
replicate_weighted_arc,10518,B4_d_opt,8,d_optimal,-0.35580798834562305,-0.16044358257204294,0.595580174587667,-0.20272748361628481,-0.10706957024483123,0.454070986622796,True,
replicate_weighted_arc,10519,B4_d_opt,8,d_optimal,-0.35580798834562305,-0.16044358257204294,0.595580174587667,-0.22653569317705022,-0.045088518710886295,-0.012428182849004717,True,
replicate_weighted_arc,10520,B4_d_opt,8,d_optimal,-0.35580798834562305,-0.16044358257204294,0.595580174587667,-0.15216749251542036,-0.10055803811438922,0.14523694380963711,True,
replicate_weighted_arc,10521,B4_d_opt,8,d_optimal,-0.35580798834562305,-0.16044358257204294,0.595580174587667,-0.2302002917776108,-0.10023293156155552,0.43966031927396293,True,
replicate_weighted_arc,10522,B4_d_opt,8,d_optimal,-0.35580798834562305,-0.16044358257204294,0.595580174587667,-0.2310690354645291,-0.09447805771671858,0.4587156004312376,True,
replicate_weighted_arc,10523,B4_d_opt,8,d_optimal,-0.35580798834562305,-0.16044358257204294,0.595580174587667,-0.2264441669859353,-0.0275231286122329,0.08805906445017332,True,
replicate_weighted_arc,10524,B4_d_opt,8,d_optimal,-0.35580798834562305,-0.16044358257204294,0.595580174587667,-0.26666477477195116,-0.17000556908376502,0.40880356751932573,True,
replicate_weighted_arc,10525,B4_d_opt,8,d_optimal,-0.35580798834562305,-0.16044358257204294,0.595580174587667,-0.18707670575248175,-0.18065603714547496,0.42698276732806867,True,
replicate_weighted_arc,10526,B4_d_opt,8,d_optimal,-0.35580798834562305,-0.16044358257204294,0.595580174587667,-0.21667105728995542,-0.14112546149712973,0.4277928174074558,True,
replicate_weighted_arc,10527,B4_d_opt,8,d_optimal,-0.35580798834562305,-0.16044358257204294,0.595580174587667,-0.16914321614962494,-0.04053138982099592,0.11380930024890076,True,
replicate_weighted_arc,10528,B4_d_opt,8,d_optimal,-0.35580798834562305,-0.16044358257204294,0.595580174587667,-0.07520767457783425,0.023933105126282217,-0.054675512180803645,True,
replicate_weighted_arc,10529,B4_d_opt,8,d_optimal,-0.35580798834562305,-0.16044358257204294,0.595580174587667,-0.24917258360732825,-0.21201878606110544,0.41232250201968645,True,
replicate_weighted_arc,10530,B4_d_opt,8,d_optimal,-0.35580798834562305,-0.16044358257204294,0.595580174587667,-0.13055508167538188,-0.0068815718174023485,0.05288543037916954,True,
replicate_weighted_arc,10531,B4_d_opt,8,d_optimal,-0.35580798834562305,-0.16044358257204294,0.595580174587667,-0.24750397694122786,-0.20855058798042878,0.4270542924944023,True,
replicate_weighted_arc,10532,B4_d_opt,8,d_optimal,-0.35580798834562305,-0.16044358257204294,0.595580174587667,-0.2774228792777215,-0.12278946913544905,0.3266852034938853,True,
replicate_weighted_arc,10533,B4_d_opt,8,d_optimal,-0.35580798834562305,-0.16044358257204294,0.595580174587667,-0.13575661634728994,-0.041364624161175145,0.06409219102372318,False,
replicate_weighted_arc,10534,B4_d_opt,8,d_optimal,-0.35580798834562305,-0.16044358257204294,0.595580174587667,-0.09923564891123916,0.031012194979092807,-0.0667308073645458,True,
replicate_weighted_arc,10535,B4_d_opt,8,d_optimal,-0.35580798834562305,-0.16044358257204294,0.595580174587667,-0.13119676035539674,0.002904187592814965,-0.0647267752015755,False,
replicate_weighted_arc,10536,B4_d_opt,8,d_optimal,-0.35580798834562305,-0.16044358257204294,0.595580174587667,-0.2454798608622261,-0.1309744175368727,0.4972444426894407,True,
replicate_weighted_arc,10537,B4_d_opt,8,d_optimal,-0.35580798834562305,-0.16044358257204294,0.595580174587667,-0.07761634039378036,0.032128861208539604,-0.05834886651747273,True,
replicate_weighted_arc,10538,B4_d_opt,8,d_optimal,-0.35580798834562305,-0.16044358257204294,0.595580174587667,-0.23342197082872862,-0.15333637480405096,0.3974539145369392,True,
replicate_weighted_arc,10539,B4_d_opt,8,d_optimal,-0.35580798834562305,-0.16044358257204294,0.595580174587667,-0.08527181666759741,0.029876575004940016,-0.0531476026078681,True,
replicate_weighted_arc,10540,B4_d_opt,8,d_optimal,-0.35580798834562305,-0.16044358257204294,0.595580174587667,-0.22945141679204722,-0.13126838703934457,0.4100408901771025,True,
replicate_weighted_arc,10541,B4_d_opt,8,d_optimal,-0.35580798834562305,-0.16044358257204294,0.595580174587667,-0.23843237935474942,-0.17912363709350568,0.35434094730120896,True,
replicate_weighted_arc,10542,B4_d_opt,8,d_optimal,-0.35580798834562305,-0.16044358257204294,0.595580174587667,-0.23367399287166038,-0.20070509238445447,0.4129716319573516,True,
replicate_weighted_arc,10543,B4_d_opt,8,d_optimal,-0.3677506223320961,0.2537424517795443,-0.4277359455823898,-0.29243436062124073,0.2004211118828503,-0.2978533704463167,True,
replicate_weighted_arc,10544,B4_d_opt,8,d_optimal,-0.35580798834562305,-0.16044358257204294,0.595580174587667,-0.2579585050761869,-0.15090592366327812,0.4122589486597655,True,
replicate_weighted_arc,10545,B4_d_opt,8,d_optimal,-0.3677506223320961,0.2537424517795443,-0.4277359455823898,-0.20815071803484933,0.21134971993077564,-0.24093036020925562,True,
replicate_weighted_arc,10546,B4_d_opt,8,d_optimal,-0.35580798834562305,-0.16044358257204294,0.595580174587667,-0.29828107551009,-0.2101515419301032,0.4245546383123929,True,
replicate_weighted_arc,10547,B4_d_opt,8,d_optimal,-0.35580798834562305,-0.16044358257204294,0.595580174587667,-0.17847354922175354,-0.245974315364468,0.374036962453994,True,
replicate_weighted_arc,10548,B4_d_opt,8,d_optimal,-0.35580798834562305,-0.16044358257204294,0.595580174587667,-0.23408192313518617,-0.18170435598609053,0.38293398498060316,True,
replicate_weighted_arc,10549,B4_d_opt,8,d_optimal,-0.35580798834562305,-0.16044358257204294,0.595580174587667,-0.2879052282400838,-0.07950778964294902,0.3956600399072332,True,
replicate_weighted_arc,10550,B4_d_opt,8,d_optimal,-0.35580798834562305,-0.16044358257204294,0.595580174587667,-0.22876212889685907,-0.108429780074565,0.31958009955894856,True,
replicate_weighted_arc,10551,B4_d_opt,8,d_optimal,-0.35580798834562305,-0.16044358257204294,0.595580174587667,-0.1255916721555598,0.005331693437065554,-0.041313652808087395,True,
replicate_weighted_arc,10552,B4_d_opt,8,d_optimal,-0.35580798834562305,-0.16044358257204294,0.595580174587667,-0.15300989054851283,-0.15998938194704587,0.43269792527670886,True,
replicate_weighted_arc,10553,B4_d_opt,8,d_optimal,-0.35580798834562305,-0.16044358257204294,0.595580174587667,-0.32159288045777723,-0.15573909226409663,0.47859026931621657,True,
replicate_weighted_arc,10554,B4_d_opt,8,d_optimal,-0.35580798834562305,-0.16044358257204294,0.595580174587667,-0.20563781956624688,-0.1209037205561091,0.2617641704252479,True,
replicate_weighted_arc,10555,B4_d_opt,8,d_optimal,-0.35580798834562305,-0.16044358257204294,0.595580174587667,-0.09995682056579498,0.03345292187769713,-0.11025858624761439,True,
replicate_weighted_arc,10556,B4_d_opt,8,d_optimal,-0.35580798834562305,-0.16044358257204294,0.595580174587667,-0.2071373549529569,-0.09769092969231548,0.37515906937090926,True,
replicate_weighted_arc,10557,B4_d_opt,8,d_optimal,0.2826388642191887,-0.2294048175215721,-0.6455393088981509,0.15066399049505963,-0.11639797202455254,-0.3417828813919853,True,
replicate_weighted_arc,10558,B4_d_opt,8,d_optimal,-0.38717591688036923,0.19425333850085735,-0.518198074772954,-0.23882322453963914,0.10500268877351059,-0.3253126463280411,True,
replicate_weighted_arc,10559,B4_d_opt,8,d_optimal,-0.35580798834562305,-0.16044358257204294,0.595580174587667,-0.09163137479609001,0.027326339950477445,-0.10380658126382615,True,
replicate_weighted_arc,10560,B4_d_opt,8,d_optimal,-0.35580798834562305,-0.16044358257204294,0.595580174587667,-0.2068303807813283,-0.19421434769992535,0.32952949703919876,True,
replicate_weighted_arc,10561,B4_d_opt,8,d_optimal,-0.35580798834562305,-0.16044358257204294,0.595580174587667,-0.10473585593478203,0.01660070852263288,-0.031195895042272943,True,
replicate_weighted_arc,10562,B4_d_opt,8,d_optimal,-0.35580798834562305,-0.16044358257204294,0.595580174587667,-0.27874691011890074,-0.17967500348944818,0.4858897882094873,True,
replicate_weighted_arc,10563,B4_d_opt,8,d_optimal,-0.35580798834562305,-0.16044358257204294,0.595580174587667,-0.2985978368603509,-0.10784146753503723,0.4347491173237035,True,
replicate_weighted_arc,10564,B4_d_opt,8,d_optimal,-0.35580798834562305,-0.16044358257204294,0.595580174587667,-0.21193752945767919,-0.13246404204601536,0.48912038729734797,True,
replicate_weighted_arc,10565,B4_d_opt,8,d_optimal,0.2826388642191887,-0.2294048175215721,-0.6455393088981509,0.17026624735766768,-0.060079649685499566,-0.38550322810867244,True,
replicate_weighted_arc,10566,B4_d_opt,8,d_optimal,-0.35580798834562305,-0.16044358257204294,0.595580174587667,-0.22252468346289794,-0.03732757366001196,0.05329341158226506,True,
replicate_weighted_arc,10567,B4_d_opt,8,d_optimal,-0.35580798834562305,-0.16044358257204294,0.595580174587667,-0.15778820065168978,-0.22747311504540452,0.42753932650323506,True,
replicate_weighted_arc,10568,B4_d_opt,8,d_optimal,-0.35580798834562305,-0.16044358257204294,0.595580174587667,-0.2356914706023994,-0.1799275453741416,0.4013274139406687,True,
replicate_weighted_arc,10569,B4_d_opt,8,d_optimal,-0.35580798834562305,-0.16044358257204294,0.595580174587667,-0.2337319138441629,-0.18915718947822432,0.42663528875554213,True,
replicate_weighted_arc,10570,B4_d_opt,8,d_optimal,-0.35580798834562305,-0.16044358257204294,0.595580174587667,-0.2503289106851805,-0.10291590769223803,0.48830467176101566,True,
replicate_weighted_arc,10571,B4_d_opt,8,d_optimal,-0.35580798834562305,-0.16044358257204294,0.595580174587667,-0.14272646637155376,0.010408952730595694,-0.03481859972967021,False,
replicate_weighted_arc,10572,B4_d_opt,8,d_optimal,-0.35580798834562305,-0.16044358257204294,0.595580174587667,-0.1587183384480248,0.008255491207384263,-0.03577760595064696,False,
replicate_weighted_arc,10501,B4_d_opt,9,d_optimal,0.21620479896664624,0.25886442381888625,-0.6834113020449877,0.19487567153126936,0.1534890848501597,-0.5165712326241232,True,
replicate_weighted_arc,10502,B4_d_opt,9,d_optimal,0.21620479896664624,0.25886442381888625,-0.6834113020449877,0.040810582007037334,0.023875674714248632,-0.2763652577896677,True,
replicate_weighted_arc,10503,B4_d_opt,9,d_optimal,0.21620479896664624,0.25886442381888625,-0.6834113020449877,0.00789425920374035,-0.002130633162597197,-0.33934538299612604,True,
replicate_weighted_arc,10504,B4_d_opt,9,d_optimal,0.21620479896664624,0.25886442381888625,-0.6834113020449877,0.038482888732437236,0.016452127387092567,-0.33865545098809274,True,
replicate_weighted_arc,10505,B4_d_opt,9,d_optimal,0.21620479896664624,0.25886442381888625,-0.6834113020449877,0.05803197797807341,-0.0005129210344698683,-0.3129275871912091,True,
replicate_weighted_arc,10506,B4_d_opt,9,d_optimal,0.21620479896664624,0.25886442381888625,-0.6834113020449877,0.03844369091511709,0.014996917854077543,-0.2929212807591964,True,
replicate_weighted_arc,10507,B4_d_opt,9,d_optimal,0.21620479896664624,0.25886442381888625,-0.6834113020449877,0.15506163252276411,0.04512427373429777,-0.41245594705412164,True,
replicate_weighted_arc,10508,B4_d_opt,9,d_optimal,-0.256680677831173,-0.2696003710851073,0.5095532296225429,-0.12635994597042818,-0.21429906815515026,0.4236634302011427,True,
replicate_weighted_arc,10509,B4_d_opt,9,d_optimal,-0.256680677831173,-0.2696003710851073,0.5095532296225429,-0.18772581017896897,-0.14625432118699294,0.37744662334967427,True,
replicate_weighted_arc,10510,B4_d_opt,9,d_optimal,0.21620479896664624,0.25886442381888625,-0.6834113020449877,0.10649802169465128,0.03466666501335332,-0.3410980037851847,True,
replicate_weighted_arc,10511,B4_d_opt,9,d_optimal,0.21620479896664624,0.25886442381888625,-0.6834113020449877,0.23480482124718008,0.14749810522581216,-0.4533903045591321,True,
replicate_weighted_arc,10512,B4_d_opt,9,d_optimal,0.21620479896664624,0.25886442381888625,-0.6834113020449877,0.10383196255453173,0.009137507026166508,-0.281266700398714,True,
replicate_weighted_arc,10513,B4_d_opt,9,d_optimal,0.21620479896664624,0.25886442381888625,-0.6834113020449877,0.25388257827982086,0.20035031038676882,-0.4826000834102636,True,
replicate_weighted_arc,10514,B4_d_opt,9,d_optimal,0.21620479896664624,0.25886442381888625,-0.6834113020449877,0.132160959935814,0.14823658807411613,-0.4261003157780663,True,
replicate_weighted_arc,10515,B4_d_opt,9,d_optimal,0.21620479896664624,0.25886442381888625,-0.6834113020449877,0.12834146138755476,0.2791912553975775,-0.5157180165602231,True,
replicate_weighted_arc,10516,B4_d_opt,9,d_optimal,0.21620479896664624,0.25886442381888625,-0.6834113020449877,0.1142032937275959,0.0447111727364939,-0.3366708235307236,True,
replicate_weighted_arc,10517,B4_d_opt,9,d_optimal,-0.35580798834562305,-0.16044358257204294,0.595580174587667,-0.1866516812681224,-0.20209590800092486,0.44522340566397073,True,
replicate_weighted_arc,10518,B4_d_opt,9,d_optimal,0.21620479896664624,0.25886442381888625,-0.6834113020449877,0.0692530881718043,0.04066124818215061,-0.3580826201930583,True,
replicate_weighted_arc,10519,B4_d_opt,9,d_optimal,0.21620479896664624,0.25886442381888625,-0.6834113020449877,0.12821872393427905,0.037426271483005445,-0.3783955408405065,True,
replicate_weighted_arc,10520,B4_d_opt,9,d_optimal,0.21620479896664624,0.25886442381888625,-0.6834113020449877,0.025416373252981968,0.042056329341783355,-0.32986130825075494,True,
replicate_weighted_arc,10521,B4_d_opt,9,d_optimal,0.21620479896664624,0.25886442381888625,-0.6834113020449877,0.05104056186898882,0.02153408022327187,-0.3356637526542842,True,
replicate_weighted_arc,10522,B4_d_opt,9,d_optimal,0.21620479896664624,0.25886442381888625,-0.6834113020449877,0.11950383895071483,0.12211020405587322,-0.3463375200702281,True,
replicate_weighted_arc,10523,B4_d_opt,9,d_optimal,0.21620479896664624,0.25886442381888625,-0.6834113020449877,0.23957854363671574,0.15659965846343402,-0.503428371282077,True,
replicate_weighted_arc,10524,B4_d_opt,9,d_optimal,0.21620479896664624,0.25886442381888625,-0.6834113020449877,0.1792330708986722,0.10640200752661966,-0.44276552459557256,True,
replicate_weighted_arc,10525,B4_d_opt,9,d_optimal,0.21620479896664624,0.25886442381888625,-0.6834113020449877,0.0371171831620517,0.10831137531992219,-0.41401346486118046,True,
replicate_weighted_arc,10526,B4_d_opt,9,d_optimal,0.21620479896664624,0.25886442381888625,-0.6834113020449877,0.08086547364760567,0.09284055791535843,-0.46511917262533053,True,
replicate_weighted_arc,10527,B4_d_opt,9,d_optimal,0.21620479896664624,0.25886442381888625,-0.6834113020449877,0.049446677075699594,0.010188586124321733,-0.35562881640769917,True,
replicate_weighted_arc,10528,B4_d_opt,9,d_optimal,0.21620479896664624,0.25886442381888625,-0.6834113020449877,0.03433969903491654,0.07837902175933638,-0.3500345970064281,True,
replicate_weighted_arc,10529,B4_d_opt,9,d_optimal,0.21620479896664624,0.25886442381888625,-0.6834113020449877,0.11188560406416385,0.013966010900977089,-0.31763642450385327,True,
replicate_weighted_arc,10530,B4_d_opt,9,d_optimal,0.21620479896664624,0.25886442381888625,-0.6834113020449877,0.03847915546643766,0.1020575496821952,-0.4164294747004549,True,
replicate_weighted_arc,10531,B4_d_opt,9,d_optimal,0.21620479896664624,0.25886442381888625,-0.6834113020449877,0.09229060296646419,0.01669408358025898,-0.325239601184928,True,
replicate_weighted_arc,10532,B4_d_opt,9,d_optimal,0.21620479896664624,0.25886442381888625,-0.6834113020449877,0.1064885519135404,0.03505082113361167,-0.42995929089057383,True,
replicate_weighted_arc,10533,B4_d_opt,9,d_optimal,-0.256680677831173,-0.2696003710851073,0.5095532296225429,-0.08828336477795865,-0.2419646358945829,0.41611754171900417,True,
replicate_weighted_arc,10534,B4_d_opt,9,d_optimal,0.21620479896664624,0.25886442381888625,-0.6834113020449877,0.08595705620288294,0.006022745020390206,-0.3420558887798045,True,
replicate_weighted_arc,10535,B4_d_opt,9,d_optimal,-0.256680677831173,-0.2696003710851073,0.5095532296225429,-0.12093488200197827,-0.21620030650036207,0.39577284668407775,True,
replicate_weighted_arc,10536,B4_d_opt,9,d_optimal,0.21620479896664624,0.25886442381888625,-0.6834113020449877,0.14608012084059366,0.0809659303140413,-0.48197475968111003,True,
replicate_weighted_arc,10537,B4_d_opt,9,d_optimal,0.21620479896664624,0.25886442381888625,-0.6834113020449877,0.01630944331844901,0.04202081372901481,-0.3896099895844285,True,
replicate_weighted_arc,10538,B4_d_opt,9,d_optimal,0.21620479896664624,0.25886442381888625,-0.6834113020449877,0.05273706863450341,0.06412016397199576,-0.38596308025288856,True,
replicate_weighted_arc,10539,B4_d_opt,9,d_optimal,0.21620479896664624,0.25886442381888625,-0.6834113020449877,0.006045684626586473,-0.02559058396737624,-0.1832309080355105,True,
replicate_weighted_arc,10540,B4_d_opt,9,d_optimal,0.21620479896664624,0.25886442381888625,-0.6834113020449877,0.08968483063243579,0.05899798277804398,-0.32251651673034176,True,
replicate_weighted_arc,10541,B4_d_opt,9,d_optimal,0.21620479896664624,0.25886442381888625,-0.6834113020449877,0.11966874314311973,0.06355489851496879,-0.3843707060686144,True,
replicate_weighted_arc,10542,B4_d_opt,9,d_optimal,0.21620479896664624,0.25886442381888625,-0.6834113020449877,0.14646901350094754,0.11044750925536279,-0.533386380198864,True,
replicate_weighted_arc,10543,B4_d_opt,9,d_optimal,-0.35580798834562305,-0.16044358257204294,0.595580174587667,-0.22102323855802541,-0.21141190856909592,0.42136016644435564,True,
replicate_weighted_arc,10544,B4_d_opt,9,d_optimal,0.21620479896664624,0.25886442381888625,-0.6834113020449877,0.1462601072786287,0.09104551683367818,-0.4589525915930863,True,
replicate_weighted_arc,10545,B4_d_opt,9,d_optimal,-0.35580798834562305,-0.16044358257204294,0.595580174587667,-0.2833008482190294,-0.204259363693725,0.3979222980486907,True,
replicate_weighted_arc,10546,B4_d_opt,9,d_optimal,0.21620479896664624,0.25886442381888625,-0.6834113020449877,0.21164412296719157,0.17186952469066766,-0.4543416271123366,True,
replicate_weighted_arc,10547,B4_d_opt,9,d_optimal,0.21620479896664624,0.25886442381888625,-0.6834113020449877,0.12259254430509779,0.23495439505074917,-0.48059790281215137,False,
replicate_weighted_arc,10548,B4_d_opt,9,d_optimal,0.21620479896664624,0.25886442381888625,-0.6834113020449877,0.11322373479994036,0.07653441542006496,-0.4288960803976124,True,
replicate_weighted_arc,10549,B4_d_opt,9,d_optimal,0.21620479896664624,0.25886442381888625,-0.6834113020449877,0.257447786010833,0.14498865183944354,-0.4460970044367131,True,
replicate_weighted_arc,10550,B4_d_opt,9,d_optimal,0.21620479896664624,0.25886442381888625,-0.6834113020449877,0.0963176258076524,0.09956853114473564,-0.39962599434825335,True,
replicate_weighted_arc,10551,B4_d_opt,9,d_optimal,0.21620479896664624,0.25886442381888625,-0.6834113020449877,0.014265393551408028,0.003973511431060647,-0.3506094558098479,True,
replicate_weighted_arc,10552,B4_d_opt,9,d_optimal,0.21620479896664624,0.25886442381888625,-0.6834113020449877,0.0300644762737798,0.1088294448784537,-0.3955333258513099,True,
replicate_weighted_arc,10553,B4_d_opt,9,d_optimal,0.21620479896664624,0.25886442381888625,-0.6834113020449877,0.18449236598280366,0.06028761900027603,-0.39979672362693147,True,
replicate_weighted_arc,10554,B4_d_opt,9,d_optimal,0.21620479896664624,0.25886442381888625,-0.6834113020449877,0.09604633441453386,0.026020895927352294,-0.36727029014147794,True,
replicate_weighted_arc,10555,B4_d_opt,9,d_optimal,0.21620479896664624,0.25886442381888625,-0.6834113020449877,0.12711829213446446,0.0682548861955215,-0.4733595948235873,True,
replicate_weighted_arc,10556,B4_d_opt,9,d_optimal,0.21620479896664624,0.25886442381888625,-0.6834113020449877,0.09792088706254408,0.0868462137562919,-0.3684695052866161,True,
replicate_weighted_arc,10557,B4_d_opt,9,d_optimal,-0.35580798834562305,-0.16044358257204294,0.595580174587667,-0.18281983892643694,-0.18292718623946913,0.4201514262615179,True,
replicate_weighted_arc,10558,B4_d_opt,9,d_optimal,-0.35580798834562305,-0.16044358257204294,0.595580174587667,-0.24161750869259124,0.021721318766106057,0.004514400229481122,True,
replicate_weighted_arc,10559,B4_d_opt,9,d_optimal,0.21620479896664624,0.25886442381888625,-0.6834113020449877,0.015347022011822238,0.004383059646077509,-0.31829912344499917,True,
replicate_weighted_arc,10560,B4_d_opt,9,d_optimal,0.21620479896664624,0.25886442381888625,-0.6834113020449877,0.06843295476364397,0.012091454084799643,-0.35579460156619236,True,
replicate_weighted_arc,10561,B4_d_opt,9,d_optimal,0.21620479896664624,0.25886442381888625,-0.6834113020449877,0.01784643165564191,0.041397202096416695,-0.30179911022996897,True,
replicate_weighted_arc,10562,B4_d_opt,9,d_optimal,0.21620479896664624,0.25886442381888625,-0.6834113020449877,0.13095520241831587,0.05910891034681464,-0.3996328063079079,True,
replicate_weighted_arc,10563,B4_d_opt,9,d_optimal,0.21620479896664624,0.25886442381888625,-0.6834113020449877,0.13112659597666165,0.06064857722393953,-0.40898024479085704,True,
replicate_weighted_arc,10564,B4_d_opt,9,d_optimal,0.21620479896664624,0.25886442381888625,-0.6834113020449877,0.04280593122643926,0.023181849027248725,-0.42318875500141545,True,
replicate_weighted_arc,10565,B4_d_opt,9,d_optimal,-0.35580798834562305,-0.16044358257204294,0.595580174587667,-0.32014296896866395,-0.25794234794783855,0.4269332332292273,True,
replicate_weighted_arc,10566,B4_d_opt,9,d_optimal,0.21620479896664624,0.25886442381888625,-0.6834113020449877,0.07788952151477721,0.018208997645414348,-0.30893315165679613,True,
replicate_weighted_arc,10567,B4_d_opt,9,d_optimal,0.21620479896664624,0.25886442381888625,-0.6834113020449877,0.048810143885563456,0.10341481926003317,-0.31786552967166554,True,
replicate_weighted_arc,10568,B4_d_opt,9,d_optimal,0.21620479896664624,0.25886442381888625,-0.6834113020449877,0.08765018449344021,0.012963804483614252,-0.3720938716507036,True,
replicate_weighted_arc,10569,B4_d_opt,9,d_optimal,0.21620479896664624,0.25886442381888625,-0.6834113020449877,0.06981964892955746,0.08550976111395263,-0.3770449304065903,True,
replicate_weighted_arc,10570,B4_d_opt,9,d_optimal,0.21620479896664624,0.25886442381888625,-0.6834113020449877,0.09382920029826669,0.08914516698369662,-0.45912744159760793,True,
replicate_weighted_arc,10571,B4_d_opt,9,d_optimal,-0.256680677831173,-0.2696003710851073,0.5095532296225429,-0.16238511622322757,-0.1878513684369627,0.41944121509029325,True,
replicate_weighted_arc,10572,B4_d_opt,9,d_optimal,-0.256680677831173,-0.2696003710851073,0.5095532296225429,-0.1627927367925939,-0.16599428893960586,0.34270288956393774,True,
replicate_weighted_arc,10501,B4_d_opt,10,d_optimal,0.18782064393162723,-0.2843318095430732,-0.6770770397037267,0.15050859026550917,-0.14120519392857211,-0.35007189910489694,True,
replicate_weighted_arc,10502,B4_d_opt,10,d_optimal,0.18782064393162723,-0.2843318095430732,-0.6770770397037267,0.13820455776124643,-0.2087468266200311,-0.35281954097064727,True,
replicate_weighted_arc,10503,B4_d_opt,10,d_optimal,0.18782064393162723,-0.2843318095430732,-0.6770770397037267,0.10516332926207662,-0.23920201878265024,-0.4565630074233312,True,
replicate_weighted_arc,10504,B4_d_opt,10,d_optimal,0.18782064393162723,-0.2843318095430732,-0.6770770397037267,0.06289933945915113,-0.22399267335761605,-0.45033976175316537,True,
replicate_weighted_arc,10505,B4_d_opt,10,d_optimal,0.18782064393162723,-0.2843318095430732,-0.6770770397037267,0.15254677493275223,-0.22248311289934247,-0.427109752507485,True,
replicate_weighted_arc,10506,B4_d_opt,10,d_optimal,0.18782064393162723,-0.2843318095430732,-0.6770770397037267,0.11036637387287537,-0.11198636817372909,-0.44953973356422977,True,
replicate_weighted_arc,10507,B4_d_opt,10,d_optimal,0.18782064393162723,-0.2843318095430732,-0.6770770397037267,0.14228087288073452,-0.16305440695828216,-0.43889410433464865,True,
replicate_weighted_arc,10508,B4_d_opt,10,d_optimal,0.21620479896664624,0.25886442381888625,-0.6834113020449877,0.11137197319918551,0.04836096235315744,-0.3649900091000828,True,
replicate_weighted_arc,10509,B4_d_opt,10,d_optimal,0.3269119307398797,0.24289894066751,-0.5129319198429584,0.1467169397884771,0.026946160617187603,-0.3206336853337219,True,
replicate_weighted_arc,10510,B4_d_opt,10,d_optimal,0.18782064393162723,-0.2843318095430732,-0.6770770397037267,0.06685814066217928,-0.04522728682505868,-0.3373238176739747,True,
replicate_weighted_arc,10511,B4_d_opt,10,d_optimal,0.18782064393162723,-0.2843318095430732,-0.6770770397037267,0.174126840032054,-0.20833833455968373,-0.39367232778233824,True,
replicate_weighted_arc,10512,B4_d_opt,10,d_optimal,0.18782064393162723,-0.2843318095430732,-0.6770770397037267,0.19344129741816218,-0.131420313248253,-0.2741486451880418,True,
replicate_weighted_arc,10513,B4_d_opt,10,d_optimal,0.18782064393162723,-0.2843318095430732,-0.6770770397037267,0.20220387336853374,-0.09289742909881157,-0.427990162989563,True,
replicate_weighted_arc,10514,B4_d_opt,10,d_optimal,0.18782064393162723,-0.2843318095430732,-0.6770770397037267,0.14323775038462064,-0.10531817451121547,-0.4061753233471495,True,
replicate_weighted_arc,10515,B4_d_opt,10,d_optimal,0.18782064393162723,-0.2843318095430732,-0.6770770397037267,0.03258187364692573,-0.06974610149254057,-0.47425471546885956,True,
replicate_weighted_arc,10516,B4_d_opt,10,d_optimal,0.18782064393162723,-0.2843318095430732,-0.6770770397037267,0.11988029540414875,-0.19659020158611765,-0.4286857471544961,True,
replicate_weighted_arc,10517,B4_d_opt,10,d_optimal,0.21620479896664624,0.25886442381888625,-0.6834113020449877,0.11733049196079494,0.19402371351983358,-0.5180326327560175,True,
replicate_weighted_arc,10518,B4_d_opt,10,d_optimal,0.18782064393162723,-0.2843318095430732,-0.6770770397037267,0.08996509164094359,-0.1686461731370982,-0.47456853430753826,True,
replicate_weighted_arc,10519,B4_d_opt,10,d_optimal,0.16432437971234326,-0.27649079728871584,0.6670087862759828,0.029754412429607725,-0.10722419547514986,0.4423963730921365,True,
replicate_weighted_arc,10520,B4_d_opt,10,d_optimal,0.18782064393162723,-0.2843318095430732,-0.6770770397037267,0.0782312734191504,-0.20765674720551452,-0.48172307968195016,True,
replicate_weighted_arc,10521,B4_d_opt,10,d_optimal,0.18782064393162723,-0.2843318095430732,-0.6770770397037267,0.07419709377904757,-0.26101943340895006,-0.45910193722452014,True,
replicate_weighted_arc,10522,B4_d_opt,10,d_optimal,0.18782064393162723,-0.2843318095430732,-0.6770770397037267,0.08955884369297905,-0.20279781060696214,-0.45354230445824,True,
replicate_weighted_arc,10523,B4_d_opt,10,d_optimal,0.18782064393162723,-0.2843318095430732,-0.6770770397037267,0.160774207430513,-0.15844534045588973,-0.36145536694339153,True,
replicate_weighted_arc,10524,B4_d_opt,10,d_optimal,0.18782064393162723,-0.2843318095430732,-0.6770770397037267,0.22535029450085198,-0.2106831351623112,-0.26303404834910876,True,
replicate_weighted_arc,10525,B4_d_opt,10,d_optimal,0.18782064393162723,-0.2843318095430732,-0.6770770397037267,0.06951647415720041,-0.16657743268834024,-0.38144329052324133,True,
replicate_weighted_arc,10526,B4_d_opt,10,d_optimal,0.18782064393162723,-0.2843318095430732,-0.6770770397037267,0.022426217703648072,-0.16369698872340296,-0.4285753092400373,True,
replicate_weighted_arc,10527,B4_d_opt,10,d_optimal,0.18782064393162723,-0.2843318095430732,-0.6770770397037267,0.10265885660147418,-0.24100810923149965,-0.39182964426355443,True,
replicate_weighted_arc,10528,B4_d_opt,10,d_optimal,0.18782064393162723,-0.2843318095430732,-0.6770770397037267,0.03771387910567721,-0.2801318327914058,-0.48047731991991177,True,
replicate_weighted_arc,10529,B4_d_opt,10,d_optimal,0.18782064393162723,-0.2843318095430732,-0.6770770397037267,0.11197509027357026,-0.13952369210340237,-0.38530267380874883,True,
replicate_weighted_arc,10530,B4_d_opt,10,d_optimal,0.18782064393162723,-0.2843318095430732,-0.6770770397037267,0.05075393668035026,-0.23180688594375778,-0.4910275010522506,True,
replicate_weighted_arc,10531,B4_d_opt,10,d_optimal,0.18782064393162723,-0.2843318095430732,-0.6770770397037267,0.15720307378650528,-0.10314998450036193,-0.3351101411263319,True,
replicate_weighted_arc,10532,B4_d_opt,10,d_optimal,0.18782064393162723,-0.2843318095430732,-0.6770770397037267,0.1706488469557904,-0.2328213882478301,-0.42898510397801765,True,
replicate_weighted_arc,10533,B4_d_opt,10,d_optimal,0.21620479896664624,0.25886442381888625,-0.6834113020449877,0.027985417573548547,0.0014467506113793763,-0.25071998018919706,True,
replicate_weighted_arc,10534,B4_d_opt,10,d_optimal,0.18782064393162723,-0.2843318095430732,-0.6770770397037267,0.14266979620143352,-0.2635625494703168,-0.38069106862231167,True,
replicate_weighted_arc,10535,B4_d_opt,10,d_optimal,0.21620479896664624,0.25886442381888625,-0.6834113020449877,0.07148004039130468,0.014704944420639427,-0.34619349007325795,True,
replicate_weighted_arc,10536,B4_d_opt,10,d_optimal,0.18782064393162723,-0.2843318095430732,-0.6770770397037267,0.20656314886532495,-0.18720002755197437,-0.29525197596770664,True,
replicate_weighted_arc,10537,B4_d_opt,10,d_optimal,0.18782064393162723,-0.2843318095430732,-0.6770770397037267,0.0832369769000879,-0.24548399256724937,-0.532815154126456,True,
replicate_weighted_arc,10538,B4_d_opt,10,d_optimal,0.18782064393162723,-0.2843318095430732,-0.6770770397037267,0.07875268174395389,-0.23421041509508092,-0.5073312945927695,True,
replicate_weighted_arc,10539,B4_d_opt,10,d_optimal,0.18782064393162723,-0.2843318095430732,-0.6770770397037267,0.12200851677966275,-0.2845636894350134,-0.46196799727418064,True,
replicate_weighted_arc,10540,B4_d_opt,10,d_optimal,0.18782064393162723,-0.2843318095430732,-0.6770770397037267,0.0436923139917498,-0.17098596832696775,-0.41652543108478607,True,
replicate_weighted_arc,10541,B4_d_opt,10,d_optimal,0.18782064393162723,-0.2843318095430732,-0.6770770397037267,0.1845970821450181,-0.14199234868296542,-0.3691100894805406,True,
replicate_weighted_arc,10542,B4_d_opt,10,d_optimal,0.18782064393162723,-0.2843318095430732,-0.6770770397037267,0.18439530434095658,-0.11413717646450937,-0.3912469005597593,True,
replicate_weighted_arc,10543,B4_d_opt,10,d_optimal,0.3269119307398797,0.24289894066751,-0.5129319198429584,0.12831769619844086,0.03144243301459661,-0.2978811605978107,True,
replicate_weighted_arc,10544,B4_d_opt,10,d_optimal,0.18782064393162723,-0.2843318095430732,-0.6770770397037267,0.16207656787178404,-0.18525680665055172,-0.44062791802313345,True,
replicate_weighted_arc,10545,B4_d_opt,10,d_optimal,0.30023882240057,0.2508886814117432,0.5247063256800175,0.19175443658610297,0.11088715421023636,0.3507122407122591,True,
replicate_weighted_arc,10546,B4_d_opt,10,d_optimal,0.18782064393162723,-0.2843318095430732,-0.6770770397037267,0.13951756305266108,-0.09367601853901852,-0.3170093488065699,True,
replicate_weighted_arc,10547,B4_d_opt,10,d_optimal,0.11021717637777328,0.2783514909446239,-0.6190604036673903,0.02962004864940486,0.13489242394149709,-0.34518095201416904,True,
replicate_weighted_arc,10548,B4_d_opt,10,d_optimal,0.18782064393162723,-0.2843318095430732,-0.6770770397037267,0.13248114240867362,-0.13036562536352897,-0.40634501010131396,True,
replicate_weighted_arc,10549,B4_d_opt,10,d_optimal,0.18782064393162723,-0.2843318095430732,-0.6770770397037267,0.18862697528489225,-0.19019304759231745,-0.22921567272387106,True,
replicate_weighted_arc,10550,B4_d_opt,10,d_optimal,0.18782064393162723,-0.2843318095430732,-0.6770770397037267,0.1345159286825799,-0.20361900156354668,-0.45779555996233023,True,
replicate_weighted_arc,10551,B4_d_opt,10,d_optimal,0.18782064393162723,-0.2843318095430732,-0.6770770397037267,0.10722865306400593,-0.2458915017172818,-0.48150028565664044,True,
replicate_weighted_arc,10552,B4_d_opt,10,d_optimal,0.18782064393162723,-0.2843318095430732,-0.6770770397037267,0.08037742856254579,-0.16084023766613462,-0.4006664576732721,True,
replicate_weighted_arc,10553,B4_d_opt,10,d_optimal,0.18782064393162723,-0.2843318095430732,-0.6770770397037267,0.20780128479053886,-0.2202040017520977,-0.3784774320492318,True,
replicate_weighted_arc,10554,B4_d_opt,10,d_optimal,0.18782064393162723,-0.2843318095430732,-0.6770770397037267,0.11547024042687366,-0.14725287130782666,-0.4409425410529607,True,
replicate_weighted_arc,10555,B4_d_opt,10,d_optimal,0.18782064393162723,-0.2843318095430732,-0.6770770397037267,0.15543723193571407,-0.20878960463962196,-0.4223204571125659,True,
replicate_weighted_arc,10556,B4_d_opt,10,d_optimal,0.18782064393162723,-0.2843318095430732,-0.6770770397037267,0.158301040620031,-0.22649650219276254,-0.3624145372974484,True,
replicate_weighted_arc,10557,B4_d_opt,10,d_optimal,0.21620479896664624,0.25886442381888625,-0.6834113020449877,0.06452978536193,0.014646625419114287,-0.3244499070586407,True,
replicate_weighted_arc,10558,B4_d_opt,10,d_optimal,0.3423210203647614,0.28250132203102113,-0.15666650477796795,0.2007060056120193,0.07754836460770463,-0.03907491764882007,True,
replicate_weighted_arc,10559,B4_d_opt,10,d_optimal,0.18782064393162723,-0.2843318095430732,-0.6770770397037267,0.08755043784997066,-0.22422422107183668,-0.4388338048439507,True,
replicate_weighted_arc,10560,B4_d_opt,10,d_optimal,0.18782064393162723,-0.2843318095430732,-0.6770770397037267,0.12722149501412208,-0.1551532452698833,-0.45413423677002,True,
replicate_weighted_arc,10561,B4_d_opt,10,d_optimal,0.18782064393162723,-0.2843318095430732,-0.6770770397037267,0.05265417172306202,-0.2271707521062409,-0.4149822211320301,True,
replicate_weighted_arc,10562,B4_d_opt,10,d_optimal,0.18782064393162723,-0.2843318095430732,-0.6770770397037267,0.10356556795159778,-0.10679749833847973,-0.3411968239258387,True,
replicate_weighted_arc,10563,B4_d_opt,10,d_optimal,0.18782064393162723,-0.2843318095430732,-0.6770770397037267,0.1541825693210669,-0.2222258868608663,-0.45239435208775386,True,
replicate_weighted_arc,10564,B4_d_opt,10,d_optimal,0.18782064393162723,-0.2843318095430732,-0.6770770397037267,0.04081698095507692,-0.19596203120463318,-0.44343932532531927,True,
replicate_weighted_arc,10565,B4_d_opt,10,d_optimal,0.21620479896664624,0.25886442381888625,-0.6834113020449877,0.14457985898006068,0.06906657517728167,-0.3841309337669121,True,
replicate_weighted_arc,10566,B4_d_opt,10,d_optimal,0.18782064393162723,-0.2843318095430732,-0.6770770397037267,0.15174108392044575,-0.215554628164609,-0.435098861193848,True,
replicate_weighted_arc,10567,B4_d_opt,10,d_optimal,0.18782064393162723,-0.2843318095430732,-0.6770770397037267,0.08614682571757001,-0.08511756551634897,-0.42706380593311294,True,
replicate_weighted_arc,10568,B4_d_opt,10,d_optimal,0.18782064393162723,-0.2843318095430732,-0.6770770397037267,0.17923500956049357,-0.11281861383938091,-0.4074329639035743,True,
replicate_weighted_arc,10569,B4_d_opt,10,d_optimal,0.18782064393162723,-0.2843318095430732,-0.6770770397037267,0.046130234478735224,-0.0795395367653561,-0.45015554832025123,True,
replicate_weighted_arc,10570,B4_d_opt,10,d_optimal,0.18782064393162723,-0.2843318095430732,-0.6770770397037267,0.13012828441491608,-0.2438276695297083,-0.42039984074983583,True,
replicate_weighted_arc,10571,B4_d_opt,10,d_optimal,0.21620479896664624,0.25886442381888625,-0.6834113020449877,0.1581373271057509,0.1040326673392532,-0.39912363067303486,True,
replicate_weighted_arc,10572,B4_d_opt,10,d_optimal,0.21620479896664624,0.25886442381888625,-0.6834113020449877,0.07773741325777055,0.11725155678392066,-0.3871097296570839,True,
replicate_weighted_arc,10501,B4_d_opt,11,d_optimal,0.16432437971234326,-0.27649079728871584,0.6670087862759828,0.0775652957805123,-0.23687564198737335,0.5556616505308125,True,
replicate_weighted_arc,10502,B4_d_opt,11,d_optimal,0.30023882240057,0.2508886814117432,0.5247063256800175,0.20330039274885298,0.1811605433099016,0.2987056715010382,True,
replicate_weighted_arc,10503,B4_d_opt,11,d_optimal,0.30023882240057,0.2508886814117432,0.5247063256800175,0.16585717749056883,0.15837805743446384,0.27942660541374187,True,
replicate_weighted_arc,10504,B4_d_opt,11,d_optimal,0.16432437971234326,-0.27649079728871584,0.6670087862759828,0.1299519824773785,-0.2017237214502252,0.48543846366413496,True,
replicate_weighted_arc,10505,B4_d_opt,11,d_optimal,0.16432437971234326,-0.27649079728871584,0.6670087862759828,0.1276304500568059,-0.20484539514386477,0.4822930460188215,True,
replicate_weighted_arc,10506,B4_d_opt,11,d_optimal,0.30023882240057,0.2508886814117432,0.5247063256800175,0.17161291017380434,0.15398698224609664,0.2941019244202781,True,
replicate_weighted_arc,10507,B4_d_opt,11,d_optimal,0.16432437971234326,-0.27649079728871584,0.6670087862759828,0.01845524557452612,-0.19299051315780427,0.4833586886656191,True,
replicate_weighted_arc,10508,B4_d_opt,11,d_optimal,0.18782064393162723,-0.2843318095430732,-0.6770770397037267,0.07547618149289488,-0.17692157468850872,-0.3803721929746387,True,
replicate_weighted_arc,10509,B4_d_opt,11,d_optimal,0.16432437971234326,-0.27649079728871584,0.6670087862759828,0.05663441020245382,-0.10953782027640566,0.47111248693440744,False,
replicate_weighted_arc,10510,B4_d_opt,11,d_optimal,0.30023882240057,0.2508886814117432,0.5247063256800175,0.1677318299101314,0.14000700873387417,0.3126500103245788,True,
replicate_weighted_arc,10511,B4_d_opt,11,d_optimal,0.16432437971234326,-0.27649079728871584,0.6670087862759828,0.04429607193366528,-0.2278251873934961,0.4685502430844569,True,
replicate_weighted_arc,10512,B4_d_opt,11,d_optimal,0.30023882240057,0.2508886814117432,0.5247063256800175,0.12185675046976821,0.12952611543159187,0.3897382029390229,True,
replicate_weighted_arc,10513,B4_d_opt,11,d_optimal,0.30023882240057,0.2508886814117432,0.5247063256800175,0.174822135118049,0.06274738359868746,0.38933598567818506,True,
replicate_weighted_arc,10514,B4_d_opt,11,d_optimal,0.30023882240057,0.2508886814117432,0.5247063256800175,0.09705688592274792,0.07543226266931143,0.3933252573624534,True,
replicate_weighted_arc,10515,B4_d_opt,11,d_optimal,0.30023882240057,0.2508886814117432,0.5247063256800175,0.19159455530773908,0.08980503602950686,0.3055077323415752,True,
replicate_weighted_arc,10516,B4_d_opt,11,d_optimal,0.16432437971234326,-0.27649079728871584,0.6670087862759828,0.05071086055729348,0.016116091272870378,0.11574832608559354,False,
replicate_weighted_arc,10517,B4_d_opt,11,d_optimal,0.16432437971234326,-0.27649079728871584,0.6670087862759828,0.16619377412501543,-0.30466627074194075,0.49353770323214785,True,
replicate_weighted_arc,10518,B4_d_opt,11,d_optimal,0.16432437971234326,-0.27649079728871584,0.6670087862759828,0.13153959063266535,-0.11480841366478324,0.5942937388597275,True,
replicate_weighted_arc,10519,B4_d_opt,11,d_optimal,0.18782064393162723,-0.2843318095430732,-0.6770770397037267,0.20524926424206058,-0.22943564568548214,-0.3952079071821579,True,
replicate_weighted_arc,10520,B4_d_opt,11,d_optimal,0.16432437971234326,-0.27649079728871584,0.6670087862759828,0.1313555084536111,-0.1472966502860405,0.44551470727045245,True,
replicate_weighted_arc,10521,B4_d_opt,11,d_optimal,0.16432437971234326,-0.27649079728871584,0.6670087862759828,0.09941948962820218,-0.08505428940589356,0.5290852304938178,True,
replicate_weighted_arc,10522,B4_d_opt,11,d_optimal,0.16432437971234326,-0.27649079728871584,0.6670087862759828,0.10548165237369904,-0.15338865882616765,0.5296784464433172,True,
replicate_weighted_arc,10523,B4_d_opt,11,d_optimal,0.16432437971234326,-0.27649079728871584,0.6670087862759828,0.052368441223660016,-0.26791859867830403,0.5132496299060054,True,
replicate_weighted_arc,10524,B4_d_opt,11,d_optimal,0.16432437971234326,-0.27649079728871584,0.6670087862759828,0.07272680763352664,-0.11575267207400408,0.5694716140201531,True,
replicate_weighted_arc,10525,B4_d_opt,11,d_optimal,0.30023882240057,0.2508886814117432,0.5247063256800175,0.15813333209051117,0.12756194069915844,0.40806725989631504,True,
replicate_weighted_arc,10526,B4_d_opt,11,d_optimal,0.30023882240057,0.2508886814117432,0.5247063256800175,0.2231106720941255,0.14548397847665565,0.36990479061476517,True,
replicate_weighted_arc,10527,B4_d_opt,11,d_optimal,0.16432437971234326,-0.27649079728871584,0.6670087862759828,0.12944756985767283,-0.12255159245721249,0.6017943470014648,True,
replicate_weighted_arc,10528,B4_d_opt,11,d_optimal,0.16432437971234326,-0.27649079728871584,0.6670087862759828,0.1465073535828622,-0.0677923049154454,0.3611888422923921,True,
replicate_weighted_arc,10529,B4_d_opt,11,d_optimal,0.30023882240057,0.2508886814117432,0.5247063256800175,0.2022277725316061,0.12515518896434816,0.3594553570777187,True,
replicate_weighted_arc,10530,B4_d_opt,11,d_optimal,0.16432437971234326,-0.27649079728871584,0.6670087862759828,0.16779260483622105,-0.12512024188857346,0.5163655251940422,True,
replicate_weighted_arc,10531,B4_d_opt,11,d_optimal,0.30023882240057,0.2508886814117432,0.5247063256800175,0.2011725510776532,0.1177771342014392,0.41096197117370875,True,
replicate_weighted_arc,10532,B4_d_opt,11,d_optimal,0.16432437971234326,-0.27649079728871584,0.6670087862759828,0.025092809331562358,-0.05829809570391171,0.3771270747845626,True,
replicate_weighted_arc,10533,B4_d_opt,11,d_optimal,0.18782064393162723,-0.2843318095430732,-0.6770770397037267,0.10897726688738564,-0.1650178834604709,-0.35003059325963204,True,
replicate_weighted_arc,10534,B4_d_opt,11,d_optimal,0.30023882240057,0.2508886814117432,0.5247063256800175,0.14843628037998402,0.14075006853171068,0.2972383727210884,True,
replicate_weighted_arc,10535,B4_d_opt,11,d_optimal,0.18782064393162723,-0.2843318095430732,-0.6770770397037267,0.087099596035588,-0.11766113313101582,-0.4690730830788724,True,
replicate_weighted_arc,10536,B4_d_opt,11,d_optimal,0.30023882240057,0.2508886814117432,0.5247063256800175,0.10040893824161418,0.15071087383013387,0.34219405635810496,True,
replicate_weighted_arc,10537,B4_d_opt,11,d_optimal,0.30023882240057,0.2508886814117432,0.5247063256800175,0.14057619204058017,0.15393548841401758,0.34958724010812114,True,
replicate_weighted_arc,10538,B4_d_opt,11,d_optimal,0.16432437971234326,-0.27649079728871584,0.6670087862759828,0.13637120731832875,-0.12076942351332287,0.4301965598709029,True,
replicate_weighted_arc,10539,B4_d_opt,11,d_optimal,0.16432437971234326,-0.27649079728871584,0.6670087862759828,0.12406299338900532,-0.08270550526979939,0.46466150972721953,False,
replicate_weighted_arc,10540,B4_d_opt,11,d_optimal,0.16432437971234326,-0.27649079728871584,0.6670087862759828,0.10892822871686383,-0.18311975464039787,0.49632909039807044,True,
replicate_weighted_arc,10541,B4_d_opt,11,d_optimal,0.16432437971234326,-0.27649079728871584,0.6670087862759828,0.12743827185247833,-0.14675702150770054,0.4940283484351309,True,
replicate_weighted_arc,10542,B4_d_opt,11,d_optimal,0.30023882240057,0.2508886814117432,0.5247063256800175,0.1698329040405612,0.16607970336608122,0.31200942761084044,True,
replicate_weighted_arc,10543,B4_d_opt,11,d_optimal,0.18782064393162723,-0.2843318095430732,-0.6770770397037267,0.08696671593446176,-0.09390141955696713,-0.37057569270757584,True,
replicate_weighted_arc,10544,B4_d_opt,11,d_optimal,0.30023882240057,0.2508886814117432,0.5247063256800175,0.13748792234594379,0.13602766680122097,0.3223833758129641,True,
replicate_weighted_arc,10545,B4_d_opt,11,d_optimal,0.18782064393162723,-0.2843318095430732,-0.6770770397037267,0.16057247136799305,-0.08659200185975788,-0.40332170779769194,True,
replicate_weighted_arc,10546,B4_d_opt,11,d_optimal,0.30023882240057,0.2508886814117432,0.5247063256800175,0.15679051961905474,0.13214111528754396,0.3029268585707889,True,
replicate_weighted_arc,10547,B4_d_opt,11,d_optimal,0.18782064393162723,-0.2843318095430732,-0.6770770397037267,0.07194439882119466,-0.08990363986191549,-0.4661325007698685,True,
replicate_weighted_arc,10548,B4_d_opt,11,d_optimal,0.30023882240057,0.2508886814117432,0.5247063256800175,0.14812464487915408,0.1106825526896224,0.3168015412088556,True,
replicate_weighted_arc,10549,B4_d_opt,11,d_optimal,0.30023882240057,0.2508886814117432,0.5247063256800175,0.12666425232578868,0.14242746215048413,0.3465346752817267,True,
replicate_weighted_arc,10550,B4_d_opt,11,d_optimal,0.30023882240057,0.2508886814117432,0.5247063256800175,0.1385784157415452,0.14064816157695856,0.32411990136936486,True,
replicate_weighted_arc,10551,B4_d_opt,11,d_optimal,0.16432437971234326,-0.27649079728871584,0.6670087862759828,0.13135221091678778,-0.10904794246825977,0.49724239926885655,True,
replicate_weighted_arc,10552,B4_d_opt,11,d_optimal,0.16432437971234326,-0.27649079728871584,0.6670087862759828,0.2269673271876656,-0.20785002167430353,0.5700125737027152,True,
replicate_weighted_arc,10553,B4_d_opt,11,d_optimal,0.16432437971234326,-0.27649079728871584,0.6670087862759828,0.03517586289046463,-0.1945781704989766,0.572031463564022,True,
replicate_weighted_arc,10554,B4_d_opt,11,d_optimal,0.30023882240057,0.2508886814117432,0.5247063256800175,0.21143444185931926,0.1616000899085879,0.26779647498290127,True,
replicate_weighted_arc,10555,B4_d_opt,11,d_optimal,0.30023882240057,0.2508886814117432,0.5247063256800175,0.19424677815041164,0.1679797968836514,0.264359541659404,True,
replicate_weighted_arc,10556,B4_d_opt,11,d_optimal,0.30023882240057,0.2508886814117432,0.5247063256800175,0.06942976740065573,0.11438296395873368,0.31989190471747314,True,
replicate_weighted_arc,10557,B4_d_opt,11,d_optimal,0.16432437971234326,-0.27649079728871584,0.6670087862759828,0.16837663820122367,-0.16239217448405238,0.5512162481856183,True,
replicate_weighted_arc,10558,B4_d_opt,11,d_optimal,0.18782064393162723,-0.2843318095430732,-0.6770770397037267,0.1672385176989077,-0.2502121651685746,-0.35381429855247115,True,
replicate_weighted_arc,10559,B4_d_opt,11,d_optimal,0.16432437971234326,-0.27649079728871584,0.6670087862759828,0.20118347667721612,-0.13504525137422516,0.4534319319954544,True,
replicate_weighted_arc,10560,B4_d_opt,11,d_optimal,0.16432437971234326,-0.27649079728871584,0.6670087862759828,0.1680653102194512,-0.21281160154199882,0.4803001209502475,True,
replicate_weighted_arc,10561,B4_d_opt,11,d_optimal,0.16432437971234326,-0.27649079728871584,0.6670087862759828,0.20306339698066014,-0.12283080096728612,0.498944173992799,True,
replicate_weighted_arc,10562,B4_d_opt,11,d_optimal,0.30023882240057,0.2508886814117432,0.5247063256800175,0.10963509459673798,0.12757813593887804,0.3233069235142709,True,
replicate_weighted_arc,10563,B4_d_opt,11,d_optimal,0.16432437971234326,-0.27649079728871584,0.6670087862759828,0.05961607388840246,-0.12789634751275328,0.4695195071352674,True,
replicate_weighted_arc,10564,B4_d_opt,11,d_optimal,0.16432437971234326,-0.27649079728871584,0.6670087862759828,0.14387734330333615,-0.20458341340450326,0.5850232966375389,True,
replicate_weighted_arc,10565,B4_d_opt,11,d_optimal,0.16432437971234326,-0.27649079728871584,0.6670087862759828,0.028189755821888943,-0.2865663550135075,0.5205259232091226,True,
replicate_weighted_arc,10566,B4_d_opt,11,d_optimal,0.16432437971234326,-0.27649079728871584,0.6670087862759828,0.09770028298799772,-0.19368680466539984,0.49280644571009513,True,
replicate_weighted_arc,10567,B4_d_opt,11,d_optimal,0.30023882240057,0.2508886814117432,0.5247063256800175,0.22011000101785227,0.15804870227288476,0.4076965592989867,True,
replicate_weighted_arc,10568,B4_d_opt,11,d_optimal,0.16432437971234326,-0.27649079728871584,0.6670087862759828,0.12362552552295475,-0.2153377544493598,0.4530796475185413,True,
replicate_weighted_arc,10569,B4_d_opt,11,d_optimal,0.30023882240057,0.2508886814117432,0.5247063256800175,0.23281321516918105,0.09936426316252076,0.4624755692699828,True,
replicate_weighted_arc,10570,B4_d_opt,11,d_optimal,0.16432437971234326,-0.27649079728871584,0.6670087862759828,0.08870018071650762,-0.16029482567785722,0.540255184624141,True,
replicate_weighted_arc,10571,B4_d_opt,11,d_optimal,0.18782064393162723,-0.2843318095430732,-0.6770770397037267,0.10722904347964883,-0.2427552299634106,-0.45733218383689783,True,
replicate_weighted_arc,10572,B4_d_opt,11,d_optimal,0.18782064393162723,-0.2843318095430732,-0.6770770397037267,0.08311734826533919,-0.24600087699142636,-0.3985236022994413,True,
replicate_weighted_arc,10501,B4_d_opt,12,d_optimal,0.30023882240057,0.2508886814117432,0.5247063256800175,0.13665948049559623,0.13544066630949167,0.36666917448012115,True,
replicate_weighted_arc,10502,B4_d_opt,12,d_optimal,-0.3677506223320961,0.2537424517795443,-0.4277359455823898,-0.2580937703149887,0.17712862289751663,-0.35214158903566406,True,
replicate_weighted_arc,10503,B4_d_opt,12,d_optimal,-0.3677506223320961,0.2537424517795443,-0.4277359455823898,-0.3206531741800293,0.16005900478551963,-0.23425465956683225,True,
replicate_weighted_arc,10504,B4_d_opt,12,d_optimal,0.30023882240057,0.2508886814117432,0.5247063256800175,0.18431490279398646,0.125585901143912,0.3207669132012529,True,
replicate_weighted_arc,10505,B4_d_opt,12,d_optimal,0.30023882240057,0.2508886814117432,0.5247063256800175,0.15762246150340342,0.11500687898636966,0.2857953651791364,True,
replicate_weighted_arc,10506,B4_d_opt,12,d_optimal,-0.3677506223320961,0.2537424517795443,-0.4277359455823898,-0.309718982464883,0.17053635257675087,-0.2620131353514395,True,
replicate_weighted_arc,10507,B4_d_opt,12,d_optimal,0.30023882240057,0.2508886814117432,0.5247063256800175,0.09180814052624621,0.130680231282923,0.2974240330460932,True,
replicate_weighted_arc,10508,B4_d_opt,12,d_optimal,0.30023882240057,0.2508886814117432,0.5247063256800175,0.2612563743180593,0.21565098442558833,0.3508947487833169,True,
replicate_weighted_arc,10509,B4_d_opt,12,d_optimal,0.18782064393162723,-0.2843318095430732,-0.6770770397037267,0.05228868162150197,-0.2645776837851426,-0.4459345119710028,True,
replicate_weighted_arc,10510,B4_d_opt,12,d_optimal,-0.3677506223320961,0.2537424517795443,-0.4277359455823898,-0.23403162529154425,0.21028456596092315,-0.3479611243037392,True,
replicate_weighted_arc,10511,B4_d_opt,12,d_optimal,0.30023882240057,0.2508886814117432,0.5247063256800175,0.13076366232531889,0.13811391497511424,0.36545696750943213,True,
replicate_weighted_arc,10512,B4_d_opt,12,d_optimal,-0.3677506223320961,0.2537424517795443,-0.4277359455823898,-0.25576167999965466,0.19111531575101579,-0.23603369035035282,True,
replicate_weighted_arc,10513,B4_d_opt,12,d_optimal,-0.3677506223320961,0.2537424517795443,-0.4277359455823898,-0.2005179643275292,0.26450332960305645,-0.3525551284601989,True,
replicate_weighted_arc,10514,B4_d_opt,12,d_optimal,-0.38717591688036923,0.19425333850085735,-0.518198074772954,-0.2702628161993007,0.15293097779660755,-0.3419444987045739,True,
replicate_weighted_arc,10515,B4_d_opt,12,d_optimal,-0.3677506223320961,0.2537424517795443,-0.4277359455823898,-0.23984946834862494,0.2054256006562698,-0.27907489156415377,True,
replicate_weighted_arc,10516,B4_d_opt,12,d_optimal,0.30023882240057,0.2508886814117432,0.5247063256800175,0.17396909805471192,0.16099214997987382,0.3645011284558497,True,
replicate_weighted_arc,10517,B4_d_opt,12,d_optimal,0.18782064393162723,-0.2843318095430732,-0.6770770397037267,0.045807144941063,-0.07678670499230146,-0.46542952051751885,True,
replicate_weighted_arc,10518,B4_d_opt,12,d_optimal,0.30023882240057,0.2508886814117432,0.5247063256800175,0.18546858234474048,0.14821508494769942,0.3400983734327205,True,
replicate_weighted_arc,10519,B4_d_opt,12,d_optimal,0.30023882240057,0.2508886814117432,0.5247063256800175,0.11223894988914519,0.1956073883940807,0.3264624660572722,True,
replicate_weighted_arc,10520,B4_d_opt,12,d_optimal,0.30023882240057,0.2508886814117432,0.5247063256800175,0.19668482245357727,0.16338613517811884,0.31785820151444005,True,
replicate_weighted_arc,10521,B4_d_opt,12,d_optimal,0.30023882240057,0.2508886814117432,0.5247063256800175,0.19104335578759546,0.16068954382436787,0.2971771900176559,True,
replicate_weighted_arc,10522,B4_d_opt,12,d_optimal,0.30023882240057,0.2508886814117432,0.5247063256800175,0.22795876556854475,0.17959150921116063,0.37910215293861665,True,
replicate_weighted_arc,10523,B4_d_opt,12,d_optimal,0.30023882240057,0.2508886814117432,0.5247063256800175,0.188252907949823,0.11693369825702549,0.27389277335622164,True,
replicate_weighted_arc,10524,B4_d_opt,12,d_optimal,0.30023882240057,0.2508886814117432,0.5247063256800175,0.10466745505117879,0.17974332475475488,0.35028914735233413,True,
replicate_weighted_arc,10525,B4_d_opt,12,d_optimal,-0.38717591688036923,0.19425333850085735,-0.518198074772954,-0.34097101987770545,0.12035725884220234,-0.3247043502206786,True,
replicate_weighted_arc,10526,B4_d_opt,12,d_optimal,-0.3677506223320961,0.2537424517795443,-0.4277359455823898,-0.2774600054048899,0.2302730440462089,-0.2770587426010601,True,
replicate_weighted_arc,10527,B4_d_opt,12,d_optimal,0.30023882240057,0.2508886814117432,0.5247063256800175,0.2512677150267045,0.18462961468971537,0.3277734797604375,True,
replicate_weighted_arc,10528,B4_d_opt,12,d_optimal,0.30023882240057,0.2508886814117432,0.5247063256800175,0.20849482540399764,0.16983033839912925,0.35118434758067574,True,
replicate_weighted_arc,10529,B4_d_opt,12,d_optimal,-0.3677506223320961,0.2537424517795443,-0.4277359455823898,-0.219793215284151,0.1722643522203322,-0.25047331367224374,True,
replicate_weighted_arc,10530,B4_d_opt,12,d_optimal,0.30023882240057,0.2508886814117432,0.5247063256800175,0.1998875134377587,0.17672491303014576,0.3107337555602357,True,
replicate_weighted_arc,10531,B4_d_opt,12,d_optimal,-0.3677506223320961,0.2537424517795443,-0.4277359455823898,-0.23652606619773417,0.2342206388752551,-0.3522812290975171,True,
replicate_weighted_arc,10532,B4_d_opt,12,d_optimal,0.30023882240057,0.2508886814117432,0.5247063256800175,0.07667077537822511,0.11929429822814953,0.20521171532368254,True,
replicate_weighted_arc,10533,B4_d_opt,12,d_optimal,0.30023882240057,0.2508886814117432,0.5247063256800175,0.2559224616382883,0.2441466555102205,0.3880369596238931,True,
replicate_weighted_arc,10534,B4_d_opt,12,d_optimal,-0.3677506223320961,0.2537424517795443,-0.4277359455823898,-0.28861522460584027,0.1708816100202214,-0.31571754739123326,True,
replicate_weighted_arc,10535,B4_d_opt,12,d_optimal,-0.3677506223320961,0.2537424517795443,-0.4277359455823898,-0.23775388614900878,0.25626605176020845,-0.24165139717655695,True,
replicate_weighted_arc,10536,B4_d_opt,12,d_optimal,-0.3677506223320961,0.2537424517795443,-0.4277359455823898,-0.224573252110236,0.16151185656134454,-0.23930404232650085,True,
replicate_weighted_arc,10537,B4_d_opt,12,d_optimal,-0.3677506223320961,0.2537424517795443,-0.4277359455823898,-0.3376635383953851,0.141365683905903,-0.2628009281491744,True,
replicate_weighted_arc,10538,B4_d_opt,12,d_optimal,0.30023882240057,0.2508886814117432,0.5247063256800175,0.16199770908031927,0.16408235379390199,0.2935511295156971,True,
replicate_weighted_arc,10539,B4_d_opt,12,d_optimal,0.30023882240057,0.2508886814117432,0.5247063256800175,0.09732385259677011,0.12444407123236155,0.31164270783676123,True,
replicate_weighted_arc,10540,B4_d_opt,12,d_optimal,0.30023882240057,0.2508886814117432,0.5247063256800175,0.1787782248424946,0.1394232725448443,0.3799871826315644,True,
replicate_weighted_arc,10541,B4_d_opt,12,d_optimal,0.30023882240057,0.2508886814117432,0.5247063256800175,0.12838873183623636,0.13599368987151403,0.3786455024583625,True,
replicate_weighted_arc,10542,B4_d_opt,12,d_optimal,-0.38717591688036923,0.19425333850085735,-0.518198074772954,-0.21033084643446695,0.08729627536532418,-0.32568388134542076,True,
replicate_weighted_arc,10543,B4_d_opt,12,d_optimal,0.30023882240057,0.2508886814117432,0.5247063256800175,0.20955980384646128,0.11941064252690153,0.36201825503612844,True,
replicate_weighted_arc,10544,B4_d_opt,12,d_optimal,-0.3677506223320961,0.2537424517795443,-0.4277359455823898,-0.24156638132594846,0.14200253240775132,-0.22405341661608663,True,
replicate_weighted_arc,10545,B4_d_opt,12,d_optimal,-0.38717591688036923,0.19425333850085735,-0.518198074772954,-0.2178251175186772,0.17586118347883217,-0.2903935034262259,True,
replicate_weighted_arc,10546,B4_d_opt,12,d_optimal,-0.3677506223320961,0.2537424517795443,-0.4277359455823898,-0.20265076299358847,0.17828736692109606,-0.2361298061992291,True,
replicate_weighted_arc,10547,B4_d_opt,12,d_optimal,0.30023882240057,0.2508886814117432,0.5247063256800175,0.13447311982523813,0.06561643437805104,0.2900707975533613,True,
replicate_weighted_arc,10548,B4_d_opt,12,d_optimal,-0.3677506223320961,0.2537424517795443,-0.4277359455823898,-0.2754213159372573,0.2303448044256917,-0.28351617310085186,True,
replicate_weighted_arc,10549,B4_d_opt,12,d_optimal,-0.3677506223320961,0.2537424517795443,-0.4277359455823898,-0.1505773570722854,0.17240970335778455,-0.2900800277011224,True,
replicate_weighted_arc,10550,B4_d_opt,12,d_optimal,-0.3677506223320961,0.2537424517795443,-0.4277359455823898,-0.2809458897577193,0.13008328854444595,-0.24196176734701622,True,
replicate_weighted_arc,10551,B4_d_opt,12,d_optimal,0.30023882240057,0.2508886814117432,0.5247063256800175,0.09237613441473859,0.125490816177735,0.29093626815502927,True,
replicate_weighted_arc,10552,B4_d_opt,12,d_optimal,0.30023882240057,0.2508886814117432,0.5247063256800175,0.20944442595279586,0.17641942646562664,0.4400557262953922,True,
replicate_weighted_arc,10553,B4_d_opt,12,d_optimal,0.30023882240057,0.2508886814117432,0.5247063256800175,0.12196072990617442,0.14586555257463968,0.34347183182016666,True,
replicate_weighted_arc,10554,B4_d_opt,12,d_optimal,-0.3677506223320961,0.2537424517795443,-0.4277359455823898,-0.23551029234405063,0.206032511644979,-0.27817683883789807,True,
replicate_weighted_arc,10555,B4_d_opt,12,d_optimal,-0.3677506223320961,0.2537424517795443,-0.4277359455823898,-0.23888850167810036,0.19636656883948064,-0.2631595789582561,True,
replicate_weighted_arc,10556,B4_d_opt,12,d_optimal,-0.3677506223320961,0.2537424517795443,-0.4277359455823898,-0.27236291394755385,0.1549602716544452,-0.31363169778153566,True,
replicate_weighted_arc,10557,B4_d_opt,12,d_optimal,0.18782064393162723,-0.2843318095430732,-0.6770770397037267,0.05592440472682342,-0.04535343600599608,-0.33317718992498435,True,
replicate_weighted_arc,10558,B4_d_opt,12,d_optimal,0.16432437971234326,-0.27649079728871584,0.6670087862759828,0.01856954890575482,-0.1771786928046137,0.5416942590928832,True,
replicate_weighted_arc,10559,B4_d_opt,12,d_optimal,0.30023882240057,0.2508886814117432,0.5247063256800175,0.23486989551118118,0.19354478297584046,0.38275403334046826,True,
replicate_weighted_arc,10560,B4_d_opt,12,d_optimal,0.30023882240057,0.2508886814117432,0.5247063256800175,0.19122105150177415,0.15210601301736895,0.30889692589885165,True,
replicate_weighted_arc,10561,B4_d_opt,12,d_optimal,0.30023882240057,0.2508886814117432,0.5247063256800175,0.2578426979294189,0.16011037579979556,0.3019584555420271,True,
replicate_weighted_arc,10562,B4_d_opt,12,d_optimal,-0.3677506223320961,0.2537424517795443,-0.4277359455823898,-0.2282889381901236,0.18717448282574536,-0.26729816769339965,True,
replicate_weighted_arc,10563,B4_d_opt,12,d_optimal,0.30023882240057,0.2508886814117432,0.5247063256800175,0.08232227451753371,0.10068915206389069,0.24409651372013924,True,
replicate_weighted_arc,10564,B4_d_opt,12,d_optimal,0.30023882240057,0.2508886814117432,0.5247063256800175,0.22160526828434735,0.1399968668104257,0.37143301794046507,True,
replicate_weighted_arc,10565,B4_d_opt,12,d_optimal,0.18782064393162723,-0.2843318095430732,-0.6770770397037267,0.11781785826554073,-0.0730405069522956,-0.4072033508673706,True,
replicate_weighted_arc,10566,B4_d_opt,12,d_optimal,0.30023882240057,0.2508886814117432,0.5247063256800175,0.15409896869858125,0.12562102288515137,0.33215997663656943,True,
replicate_weighted_arc,10567,B4_d_opt,12,d_optimal,-0.3677506223320961,0.2537424517795443,-0.4277359455823898,-0.27988256585006155,0.22697092314935988,-0.2627351318334966,True,
replicate_weighted_arc,10568,B4_d_opt,12,d_optimal,0.30023882240057,0.2508886814117432,0.5247063256800175,0.17361096479160298,0.14658785764714166,0.2903331824974648,True,
replicate_weighted_arc,10569,B4_d_opt,12,d_optimal,-0.3677506223320961,0.2537424517795443,-0.4277359455823898,-0.2906719408978174,0.2323824436422591,-0.2812105699990047,True,
replicate_weighted_arc,10570,B4_d_opt,12,d_optimal,0.30023882240057,0.2508886814117432,0.5247063256800175,0.08566956367081031,0.13961005170946592,0.3003114906028173,True,
replicate_weighted_arc,10571,B4_d_opt,12,d_optimal,0.30023882240057,0.2508886814117432,0.5247063256800175,0.22419920290332554,0.14172577488862972,0.25662039909725626,True,
replicate_weighted_arc,10572,B4_d_opt,12,d_optimal,0.30023882240057,0.2508886814117432,0.5247063256800175,0.16602995302306853,0.14592794829257658,0.3764674497150641,True,
