scenario,seed,method,context_stage,monitor_trial,cmd_vx,cmd_vy,cmd_wz,measured_vx,measured_vy,measured_wz,predicted_vx,predicted_vy,predicted_wz,normalized_nis,cusum,legacy_alarm,signature_distance,alarm,valid,safety_events
replication030_payload_com_only,20101,frozen,pre_shift,1,-0.2,0.0,-0.2,-0.12259267507755107,0.011624744444841862,-0.17367222206667154,-0.20364105248147535,-0.00912851425097578,-0.18202517412234953,0.8295034223084223,0.0,False,nan,False,True,
replication030_payload_com_only,20102,frozen,pre_shift,1,-0.2,0.0,-0.2,-0.14756832238521142,0.017804456874307845,-0.18054722478234042,-0.20520189547083648,-0.0015755553976718462,-0.1775055100887628,0.43297972013842023,0.0,False,nan,False,True,
replication030_payload_com_only,20103,frozen,pre_shift,1,-0.2,0.0,-0.2,-0.09924342475521294,0.014022731493902596,-0.19008512880042253,-0.20204535775309995,-0.006610199878200142,-0.18710077245857737,1.3004155434200406,0.0,False,nan,False,True,
replication030_payload_com_only,20104,frozen,pre_shift,1,-0.2,0.0,-0.2,-0.13416584256473446,0.012321654629182192,-0.20051978116037972,-0.20337711605338374,-0.005785680447240099,-0.18339334550352715,0.6199311590402843,0.0,False,nan,False,True,
replication030_payload_com_only,20105,frozen,pre_shift,1,-0.2,0.0,-0.2,-0.1189360632355134,0.008929344829373893,-0.20496366841157718,-0.20503358063801608,0.0009712579227897334,-0.1849100623823354,0.8971264001911683,0.0,False,nan,False,True,
replication030_payload_com_only,20106,frozen,pre_shift,1,-0.2,0.0,-0.2,-0.13427032111660123,0.007326244110714787,-0.1946898496555412,-0.20355774477475716,-0.0029994660637297547,-0.18131270512027697,0.5883346149893018,0.0,False,nan,False,True,
replication030_payload_com_only,20107,frozen,pre_shift,1,-0.2,0.0,-0.2,-0.19818459881398368,0.007388969197126489,-0.22232906397677482,-0.20570643539408348,-0.0019666938079405147,-0.18748677098794453,0.0926298134011541,0.0,False,nan,False,True,
replication030_payload_com_only,20108,frozen,pre_shift,1,-0.2,0.0,-0.2,-0.123060328865264,0.0269279177392468,-0.23357116604367786,-0.20545167557601585,-0.010910677228487695,-0.18506457761457892,1.1123475863419883,0.0,False,nan,False,True,
replication030_payload_com_only,20109,frozen,pre_shift,1,-0.2,0.0,-0.2,-0.10992476441243902,0.008549334730376858,-0.2001470015788477,-0.20126729134788104,0.00014349338183448457,-0.18591209211491513,1.0022753466927685,0.0,False,nan,False,True,
replication030_payload_com_only,20110,frozen,pre_shift,1,-0.2,0.0,-0.2,-0.12657672182175608,0.024905652670428956,-0.19046267658290036,-0.2045653706954589,-0.008237281767490686,-0.18901274074928798,0.8406938356669617,0.0,False,nan,False,True,
replication030_payload_com_only,20111,frozen,pre_shift,1,-0.2,0.0,-0.2,-0.1191290962396766,0.027219749273044342,-0.18492082747893598,-0.19938707702200398,-0.014591404637120295,-0.1817789373160664,0.9616749785539148,0.0,False,nan,False,True,
replication030_payload_com_only,20112,frozen,pre_shift,1,-0.2,0.0,-0.2,-0.13899017291063154,0.023586616631111383,-0.18405788148276572,-0.2091281634282645,-0.00608877048957311,-0.18123983601106874,0.673700067052022,0.0,False,nan,False,True,
replication030_payload_com_only,20113,frozen,pre_shift,1,-0.2,0.0,-0.2,-0.13353225284043993,0.010791903221399897,-0.19368535170453535,-0.20473887036211733,-0.012413990482265493,-0.18522483033455472,0.6648395189846109,0.0,False,nan,False,True,
replication030_payload_com_only,20114,frozen,pre_shift,1,-0.2,0.0,-0.2,-0.13032535412173887,0.02192164305325646,-0.1762705519265301,-0.20328433237849428,-0.00025989193713714024,-0.18375815469054935,0.6813363916487211,0.0,False,nan,False,True,
replication030_payload_com_only,20115,frozen,pre_shift,1,-0.2,0.0,-0.2,-0.11743246347995748,0.03110397099985209,-0.20539151691577187,-0.20842593033029858,-0.0015934350981772853,-0.18366294324304025,1.101102784176679,0.0,False,nan,False,True,
replication030_payload_com_only,20116,frozen,pre_shift,1,-0.2,0.0,-0.2,-0.12131473107731706,0.012084662508493113,-0.20381257084778193,-0.20385621833797324,-0.009703306177935207,-0.18323190560056468,0.8837474278076427,0.0,False,nan,False,True,
replication030_payload_com_only,20117,frozen,pre_shift,1,-0.2,0.0,-0.2,-0.10144696953587233,0.021012874528675448,-0.18558067413058726,-0.19803807251842356,-0.00689832630728278,-0.18525055240785085,1.2007419944976392,0.0,False,nan,False,True,
replication030_payload_com_only,20118,frozen,pre_shift,1,-0.2,0.0,-0.2,-0.14075070847701432,0.01701448997046508,-0.20923702538577582,-0.208511185637364,0.00017179747434216844,-0.1854353633740742,0.601821244262242,0.0,False,nan,False,True,
replication030_payload_com_only,20119,frozen,pre_shift,1,-0.2,0.0,-0.2,-0.11318883753000895,0.02076119846412641,-0.16725630896889201,-0.20479830790641923,-0.008521381618755732,-0.17851259710703568,1.0997044838261132,0.0,False,nan,False,True,
replication030_payload_com_only,20120,frozen,pre_shift,1,-0.2,0.0,-0.2,-0.10424279268301864,0.01593675194008575,-0.16407984311164633,-0.20336878051037965,-0.005237663305881062,-0.17931735133673055,1.2254698007135325,0.0,False,nan,False,True,
replication030_payload_com_only,20121,frozen,pre_shift,1,-0.2,0.0,-0.2,-0.11661664166016827,0.018128121598491604,-0.22850359720033536,-0.2062071916040172,-0.005407044416622236,-0.1833541713195455,1.1480689750946709,0.0,False,nan,False,True,
replication030_payload_com_only,20122,frozen,pre_shift,1,-0.2,0.0,-0.2,-0.11051587466786657,0.01759986593951013,-0.15436236474679108,-0.2030978117855159,-0.00574186333254412,-0.18224190879601515,1.1236412062788486,0.0,False,nan,False,True,
replication030_payload_com_only,20123,frozen,pre_shift,1,-0.2,0.0,-0.2,-0.09838068808709112,0.014944721546848031,-0.18732766811982235,-0.2007093569219544,0.0013159039984586727,-0.18500953456890035,1.2575539391019046,0.0,False,nan,False,True,
replication030_payload_com_only,20124,frozen,pre_shift,1,-0.2,0.0,-0.2,-0.10598219330066724,0.03154204014203791,-0.21700784065982895,-0.20365128787574802,-0.0031942725539927694,-0.18723578650715722,1.3060904328566436,0.0,False,nan,False,True,
replication030_payload_com_only,20125,frozen,pre_shift,1,-0.2,0.0,-0.2,-0.13944576617358367,0.015595679120599218,-0.19711508335491917,-0.20949767206933975,-0.004155399682717456,-0.18316067417661727,0.6253447412437495,0.0,False,nan,False,True,
replication030_payload_com_only,20126,frozen,pre_shift,1,-0.2,0.0,-0.2,-0.19060643456025259,0.008332609395837258,-0.2114506969524252,-0.20547501586950842,0.000269143747428071,-0.18473699428216245,0.07822041686784804,0.0,False,nan,False,True,
replication030_payload_com_only,20127,frozen,pre_shift,1,-0.2,0.0,-0.2,-0.11187018939473194,0.01408002101126972,-0.19697045109414155,-0.20327029980879777,-0.010606867078691124,-0.18483507407008598,1.0698848844946698,0.0,False,nan,False,True,
replication030_payload_com_only,20128,frozen,pre_shift,1,-0.2,0.0,-0.2,-0.1839228376287238,-0.0004943532214233005,-0.17263083366273488,-0.2062829742778434,-0.0037933092285642647,-0.18273347765009113,0.06630406317235096,0.0,False,nan,False,True,
replication030_payload_com_only,20129,frozen,pre_shift,1,-0.2,0.0,-0.2,-0.14002366941751926,0.015594302735731374,-0.18434451368965565,-0.2063189207534382,-0.0002788042142750096,-0.18030335551822568,0.5382736686982951,0.0,False,nan,False,True,
replication030_payload_com_only,20130,frozen,pre_shift,1,-0.2,0.0,-0.2,-0.14382622268931106,0.019812841475676326,-0.21645724860198376,-0.20737132812054987,-0.008240348206512023,-0.18161164269853217,0.6380828291045341,0.0,False,nan,False,True,
replication030_payload_com_only,20131,frozen,pre_shift,1,-0.2,0.0,-0.2,-0.1187429452404236,0.024656716324500894,-0.22204780203882493,-0.20188470422597857,-0.005399972172021844,-0.18302957043976645,1.0144397474389828,0.0,False,nan,False,True,
replication030_payload_com_only,20132,frozen,pre_shift,1,-0.2,0.0,-0.2,-0.13680448907066473,0.008489067329781221,-0.187266458289095,-0.2031166858607501,-0.0073306696886712265,-0.18464047070154213,0.5455906754166796,0.0,False,nan,False,True,
replication030_payload_com_only,20133,frozen,pre_shift,1,-0.2,0.0,-0.2,-0.12284059755904803,0.017897369768191077,-0.2320800467384036,-0.2058466412798531,-0.004423749246302277,-0.1876844231139065,0.9872300319405971,0.0,False,nan,False,True,
replication030_payload_com_only,20134,frozen,pre_shift,1,-0.2,0.0,-0.2,-0.16461721482077085,0.01247453568798349,-0.17070778406437562,-0.20799890904748136,0.002045137416888385,-0.18170935172422112,0.24095548023787292,0.0,False,nan,False,True,
replication030_payload_com_only,20135,frozen,pre_shift,1,-0.2,0.0,-0.2,-0.08865034067178959,0.029199801970123413,-0.20707516096313028,-0.2041923423908764,-0.0014596846349955559,-0.18615852308086475,1.6887917981813816,0.1887917981813816,False,nan,False,True,
replication030_payload_com_only,20136,frozen,pre_shift,1,-0.2,0.0,-0.2,-0.14302949905831608,0.011687557767564503,-0.18789697368839758,-0.20573368307249792,-0.001242646136255988,-0.1834921448762091,0.47942320790910337,0.0,False,nan,False,True,
replication030_payload_com_only,20137,frozen,pre_shift,1,-0.2,0.0,-0.2,-0.11171621891501958,0.02923834990175779,-0.16980932072152927,-0.20281859591697382,-0.0057749622960179565,-0.19068294565512509,1.1518566256278204,0.0,False,nan,False,True,
replication030_payload_com_only,20138,frozen,pre_shift,1,-0.2,0.0,-0.2,-0.1288794766713411,0.005285900632208779,-0.21078335965976527,-0.20712274801571418,-0.0011476979255513509,-0.1858940846802045,0.7607724021355541,0.0,False,nan,False,True,
replication030_payload_com_only,20139,frozen,pre_shift,1,-0.2,0.0,-0.2,-0.13617248595518724,0.014129528384025878,-0.1568534101055683,-0.20352058071106102,0.000806890994577231,-0.18058811981691927,0.5909218642388084,0.0,False,nan,False,True,
replication030_payload_com_only,20140,frozen,pre_shift,1,-0.2,0.0,-0.2,-0.17610321113963165,0.011654937964433561,-0.16893755595289514,-0.20856324937919649,0.003531480681028075,-0.1844822839830112,0.14569177060137015,0.0,False,nan,False,True,
replication030_payload_com_only,20141,frozen,pre_shift,1,-0.2,0.0,-0.2,-0.15232762144109138,0.008528637113148994,-0.18651731597530607,-0.2067514729241182,-0.001658870954803411,-0.18321792695536912,0.359761046431806,0.0,False,nan,False,True,
replication030_payload_com_only,20142,frozen,pre_shift,1,-0.2,0.0,-0.2,-0.1469742772122756,0.014523288232751563,-0.16997447767648266,-0.20767453734098423,-0.002644193987705969,-0.1811850804511228,0.4754475332634917,0.0,False,nan,False,True,
replication030_payload_com_only,20143,frozen,pre_shift,1,-0.2,0.0,-0.2,-0.14373583396905862,0.009359538187441906,-0.15586399769082726,-0.20387986888439188,0.0015624058489788902,-0.18048014110043586,0.4718346724295448,0.0,False,nan,False,True,
replication030_payload_com_only,20144,frozen,pre_shift,1,-0.2,0.0,-0.2,-0.14153277448995052,0.010421674822953966,-0.166703444357341,-0.20624655216985707,-0.005224340501433293,-0.18369572577084786,0.5405550484319473,0.0,False,nan,False,True,
replication030_payload_com_only,20145,frozen,pre_shift,1,-0.2,0.0,-0.2,-0.14639578714320886,0.015045925012928186,-0.17900661075109103,-0.2071026989915232,0.0008293161321511022,-0.17980264583027053,0.4552907328969282,0.0,False,nan,False,True,
replication030_payload_com_only,20146,frozen,pre_shift,1,-0.2,0.0,-0.2,-0.11580497705553275,0.02281752956726392,-0.2028271846322722,-0.20236561179227672,-0.005507826679589771,-0.1781407762832332,1.0112567817972251,0.0,False,nan,False,True,
replication030_payload_com_only,20147,frozen,pre_shift,1,-0.2,0.0,-0.2,-0.1572905197836039,0.00820532502246374,-0.19252587675653438,-0.20649324788163662,0.0023001480635695334,-0.18477543102451502,0.28996968702318604,0.0,False,nan,False,True,
replication030_payload_com_only,20148,frozen,pre_shift,1,-0.2,0.0,-0.2,-0.10190109081861486,0.023474626892668157,-0.17785628800693323,-0.19797657857936804,-0.002994182245618763,-0.18171287536035438,1.1702442560625892,0.0,False,nan,False,True,
replication030_payload_com_only,20149,frozen,pre_shift,1,-0.2,0.0,-0.2,-0.1840969561819803,-0.004913653529389803,-0.19625859398613152,-0.20600726450817033,-0.008427796577609621,-0.1859990145287513,0.06470395319260923,0.0,False,nan,False,True,
replication030_payload_com_only,20150,frozen,pre_shift,1,-0.2,0.0,-0.2,-0.1180675037053615,0.013747347755229842,-0.16119584861647893,-0.19884158787490355,-0.00027748572419352666,-0.18330408917094274,0.8233003663253392,0.0,False,nan,False,True,
replication030_payload_com_only,20151,frozen,pre_shift,1,-0.2,0.0,-0.2,-0.18353617037610476,0.01738932852854794,-0.21721236194906587,-0.20560011790289137,-0.0012124841623007516,-0.1853468197605317,0.16140116876623728,0.0,False,nan,False,True,
replication030_payload_com_only,20152,frozen,pre_shift,1,-0.2,0.0,-0.2,-0.15277417771841437,0.026266599320467852,-0.23527335207848477,-0.20881459039965297,0.0018236071074068335,-0.1855131036848654,0.5875275131415489,0.0,False,nan,False,True,
replication030_payload_com_only,20153,frozen,pre_shift,1,-0.2,0.0,-0.2,-0.128665973109211,0.020766073512342068,-0.2043528487652441,-0.20756898890663344,-0.0118004648157136,-0.18061168348619122,0.8914924404087716,0.0,False,nan,False,True,
replication030_payload_com_only,20154,frozen,pre_shift,1,-0.2,0.0,-0.2,-0.15509208247062242,0.015751790570292815,-0.1912878768615311,-0.20840317699388664,0.002063345780434472,-0.18430914442682864,0.35735393448905506,0.0,False,nan,False,True,
replication030_payload_com_only,20155,frozen,pre_shift,1,-0.2,0.0,-0.2,-0.1280628998642354,0.02306383204117858,-0.21677178448837228,-0.20509310101571016,-0.004190357581036802,-0.1847207772834567,0.8397025927299971,0.0,False,nan,False,True,
replication030_payload_com_only,20156,frozen,pre_shift,1,-0.2,0.0,-0.2,-0.20820185373316555,0.0021262709322464788,-0.20089510839158212,-0.20896212227467745,-0.0005073534446770686,-0.1846299854568953,0.017407887273479253,0.0,False,nan,False,True,
replication030_payload_com_only,20157,frozen,pre_shift,1,-0.2,0.0,-0.2,-0.1264042785428757,0.024460934152631335,-0.17293322927915264,-0.2056225494818139,-0.005911018600719173,-0.18062539098585093,0.8428410877787464,0.0,False,nan,False,True,
replication030_payload_com_only,20158,frozen,pre_shift,1,-0.2,0.0,-0.2,-0.09124539500633792,0.01978995496547193,-0.16688142981472234,-0.20311226691495235,-0.0031208410930179497,-0.18059817950661222,1.5607399853380048,0.06073998533800484,False,nan,False,True,
replication030_payload_com_only,20159,frozen,pre_shift,1,-0.2,0.0,-0.2,-0.10048554986793884,0.005480858078487326,-0.18945468214104602,-0.2006796970164519,-0.004996896855952352,-0.18431445717934355,1.1990836213087865,0.0,False,nan,False,True,
replication030_payload_com_only,20160,frozen,pre_shift,1,-0.2,0.0,-0.2,-0.19429432900288854,-0.006339966985496562,-0.17618574382695007,-0.20414959663510476,-0.0035604128567359515,-0.18464389549602125,0.016848972061922443,0.0,False,nan,False,True,
replication030_payload_com_only,20161,frozen,pre_shift,1,-0.2,0.0,-0.2,-0.12567406510584914,0.015207896335594901,-0.2303170445939747,-0.20538887987539972,-0.007564556248493038,-0.18528725257725684,0.9399096387343248,0.0,False,nan,False,True,
replication030_payload_com_only,20162,frozen,pre_shift,1,-0.2,0.0,-0.2,-0.17151300449208534,0.010809513624391968,-0.2347988793911373,-0.20942866786501,-0.008961784685811403,-0.1827684457176473,0.38178163745959215,0.0,False,nan,False,True,
replication030_payload_com_only,20163,frozen,pre_shift,1,-0.2,0.0,-0.2,-0.14344186911685933,0.009300392767190517,-0.1976630603280279,-0.19944230048844316,-0.0010039948712337423,-0.18373591595093255,0.3939213390947484,0.0,False,nan,False,True,
replication030_payload_com_only,20164,frozen,pre_shift,1,-0.2,0.0,-0.2,-0.11097107203460035,0.026056282977582956,-0.1740675181243364,-0.20303473500417737,-0.012294304377223206,-0.18380116351855255,1.1776927482974386,0.0,False,nan,False,True,
replication030_payload_com_only,20165,frozen,pre_shift,1,-0.2,0.0,-0.2,-0.102673311342526,0.01790150787998878,-0.19542259820572314,-0.20002493800828514,-0.010201143375137289,-0.18123640441136282,1.2311969572577817,0.0,False,nan,False,True,
replication030_payload_com_only,20166,frozen,pre_shift,1,-0.2,0.0,-0.2,-0.09447200623413107,0.030008879328738317,-0.20963123688495292,-0.2048696548392428,-0.0013844475577492858,-0.18670168715133129,1.5645025787682465,0.0645025787682465,False,nan,False,True,
replication030_payload_com_only,20167,frozen,pre_shift,1,-0.2,0.0,-0.2,-0.11796901718084393,0.02003628171979502,-0.21491201543442806,-0.198043315562328,-0.008999731230980102,-0.1893096934781622,0.9028408185996604,0.0,False,nan,False,True,
replication030_payload_com_only,20168,frozen,pre_shift,1,-0.2,0.0,-0.2,-0.1342971174008606,0.011367430215845598,-0.20963494728053567,-0.2049993802495997,0.003174842974978248,-0.1873616146295638,0.6210405030956124,0.0,False,nan,False,True,
replication030_payload_com_only,20169,frozen,pre_shift,1,-0.2,0.0,-0.2,-0.14466055550848606,0.013635127714299523,-0.20466457965137305,-0.2039988368068153,0.0007147694722905775,-0.1866282016780037,0.45218538909715883,0.0,False,nan,False,True,
replication030_payload_com_only,20170,frozen,pre_shift,1,-0.2,0.0,-0.2,-0.08752698192120556,0.013162568450697583,-0.19568004447264692,-0.20376811259930042,0.004466815122348961,-0.18454099891941317,1.580076972665143,0.08007697266514291,False,nan,False,True,
replication030_payload_com_only,20171,frozen,pre_shift,1,-0.2,0.0,-0.2,-0.13951487473132484,0.02393284326617004,-0.19256635909256517,-0.2086533613373932,-0.00412449624863333,-0.17829438355128183,0.6571989966933257,0.0,False,nan,False,True,
replication030_payload_com_only,20172,frozen,pre_shift,1,-0.2,0.0,-0.2,-0.1198278127516302,0.013977972835573631,-0.16661082468041596,-0.2053830104410817,-0.009603507957934607,-0.1774746214432734,0.9364268617027128,0.0,False,nan,False,True,
replication030_payload_com_only,20101,frozen,pre_shift,2,-0.2,0.0,0.2,-0.018197050249320616,0.00635145715026448,0.09368372880812596,-0.20325990514090914,-0.011697504550207518,0.19764244178715756,4.815222683303907,3.315222683303907,False,nan,False,True,
replication030_payload_com_only,20102,frozen,pre_shift,2,-0.2,0.0,0.2,-0.022850468113192263,0.007096659422747039,0.08599340022642467,-0.20692233781050795,-0.0008962399463841691,0.18770026331597534,4.708459254199532,3.208459254199532,False,nan,False,True,
replication030_payload_com_only,20103,frozen,pre_shift,2,-0.2,0.0,0.2,-0.042854272133966836,0.00881556045428916,0.10857824345865608,-0.20019029820888237,-0.006467158947424958,0.19563002822852477,3.4493002617003774,1.9493002617003774,False,nan,False,True,
replication030_payload_com_only,20104,frozen,pre_shift,2,-0.2,0.0,0.2,-0.019027932303874485,0.008664881570810386,0.09896145412716843,-0.20359915637498638,-0.0091757215249475,0.19686654001154102,4.722321228965492,3.222321228965492,False,nan,False,True,
replication030_payload_com_only,20105,frozen,pre_shift,2,-0.2,0.0,0.2,-0.0311636379332223,0.012066599743992693,0.11043336823087431,-0.2034642421562245,0.0018573125884211062,0.19509687924133265,3.964558363744039,2.464558363744039,False,nan,False,True,
replication030_payload_com_only,20106,frozen,pre_shift,2,-0.2,0.0,0.2,-0.020072051428302137,0.007054511350947198,0.09805562942777331,-0.2042509146111693,-0.006470693793026988,0.19739054273641482,4.70404218596882,3.20404218596882,False,nan,False,True,
replication030_payload_com_only,20107,frozen,pre_shift,2,-0.2,0.0,0.2,-0.01956691043268917,0.006460152377741835,0.08738093879107753,-0.20529918039603587,-0.006905139678692689,0.19945469345566685,4.9439726120100795,3.4439726120100795,False,nan,False,True,
replication030_payload_com_only,20108,frozen,pre_shift,2,-0.2,0.0,0.2,-0.03666367299160404,0.01082829432666367,0.0922110311728027,-0.20372164279201216,-0.010313485997149992,0.1842355173308451,3.9168399890347776,2.4168399890347776,False,nan,False,True,
replication030_payload_com_only,20109,frozen,pre_shift,2,-0.2,0.0,0.2,-0.04859550232068773,0.007752705131862289,0.10811895344505743,-0.19963438602114822,-0.0009638832484435516,0.19397258326341182,3.183198257091451,1.6831982570914512,False,nan,False,True,
replication030_payload_com_only,20110,frozen,pre_shift,2,-0.2,0.0,0.2,-0.03280856985990244,0.01224915292736441,0.08422395440984887,-0.20253212986107147,-0.005311884165123725,0.1975123995496662,4.22076216230801,2.7207621623080103,False,nan,False,True,
replication030_payload_com_only,20111,frozen,pre_shift,2,-0.2,0.0,0.2,-0.04865353891176487,0.004576079230229169,0.08146159835911682,-0.19802656614667696,-0.013443417881270561,0.1856413154394254,3.357385650217059,1.8573856502170591,False,nan,False,True,
replication030_payload_com_only,20112,frozen,pre_shift,2,-0.2,0.0,0.2,-0.03191421438438659,0.004738937690971835,0.06269574290768028,-0.20769326104791275,-0.010689676847569166,0.20767631701532935,5.018970304588847,3.518970304588847,False,nan,False,True,
replication030_payload_com_only,20113,frozen,pre_shift,2,-0.2,0.0,0.2,-0.03572539045143109,0.0077244760081990275,0.09381592277144737,-0.20221544506503955,-0.014622642537216075,0.1975901593839026,4.0317104809599185,2.5317104809599185,False,nan,False,True,
replication030_payload_com_only,20114,frozen,pre_shift,2,-0.2,0.0,0.2,-0.024690947315003462,0.007261308016389369,0.07117611228249766,-0.20245704793670613,-0.004356374617616835,0.20273525098339468,4.8731765412849795,3.3731765412849795,False,nan,False,True,
replication030_payload_com_only,20115,frozen,pre_shift,2,-0.2,0.0,0.2,-0.013013556705740574,0.010483535726978651,0.09273609799691654,-0.20878041163192013,-0.005627803511352303,0.19850899588616613,5.330773900847306,3.830773900847306,False,nan,False,True,
replication030_payload_com_only,20116,frozen,pre_shift,2,-0.2,0.0,0.2,-0.022988123676311804,0.00998070073911969,0.09821440573911117,-0.20439276683474883,-0.014109367419004233,0.19977494262887066,4.6524948596625775,3.1524948596625775,False,nan,False,True,
replication030_payload_com_only,20117,frozen,pre_shift,2,-0.2,0.0,0.2,-0.02769287375778251,0.010443731006471951,0.09766937281452007,-0.19587436521571044,-0.007630065156989556,0.1870957675626313,3.9138017956015556,2.4138017956015556,False,nan,False,True,
replication030_payload_com_only,20118,frozen,pre_shift,2,-0.2,0.0,0.2,-0.010735679491103437,0.010632569662608936,0.08902910585961847,-0.208990678897428,-0.003225823115888595,0.19607272313675655,5.4582560315694115,3.9582560315694115,False,nan,False,True,
replication030_payload_com_only,20119,frozen,pre_shift,2,-0.2,0.0,0.2,-0.03467911781235079,0.00708803487824287,0.06767544188941083,-0.2029133890703945,-0.007074055599501187,0.1866417934507575,4.277087101518219,2.7770871015182186,False,nan,False,True,
replication030_payload_com_only,20120,frozen,pre_shift,2,-0.2,0.0,0.2,-0.026993640855389,0.0051984852469581675,0.07327735123573886,-0.20302311198763276,-0.007427761360789965,0.20130400492928763,4.736896945407624,3.236896945407624,False,nan,False,True,
replication030_payload_com_only,20121,frozen,pre_shift,2,-0.2,0.0,0.2,-0.02521429066619223,0.012483413544770812,0.0926254993528484,-0.20550358886340364,-0.0037849345680454026,0.18195609646443153,4.427041472012664,2.9270414720126636,False,nan,False,True,
replication030_payload_com_only,20122,frozen,pre_shift,2,-0.2,0.0,0.2,-0.03402822167747951,0.005206844976062275,0.07191595035558603,-0.20159697286268544,-0.00570053542410759,0.2023765326673453,4.406111375870234,2.9061113758702337,False,nan,False,True,
replication030_payload_com_only,20123,frozen,pre_shift,2,-0.2,0.0,0.2,-0.05361737314954926,0.007885474751831054,0.10418240425244267,-0.19886424476545453,0.00037677677700780234,0.1956899932304644,3.038362713930581,1.538362713930581,False,nan,False,True,
replication030_payload_com_only,20124,frozen,pre_shift,2,-0.2,0.0,0.2,-0.016446804223892823,0.011888434126406895,0.0869164036288699,-0.20356550319292482,-0.00425573614061882,0.19641446376983646,4.9775062906802345,3.4775062906802345,False,nan,False,True,
replication030_payload_com_only,20125,frozen,pre_shift,2,-0.2,0.0,0.2,-0.00850812780103734,0.008628456011202046,0.08661275162161294,-0.20994292430382774,-0.007080329413317521,0.1942972373109876,5.6295969721730215,4.1295969721730215,False,nan,False,True,
replication030_payload_com_only,20126,frozen,pre_shift,2,-0.2,0.0,0.2,-0.013115677176001499,0.007253591150896985,0.08981742059776415,-0.2046296456952387,-0.0035945441952208424,0.19724881258676252,5.137733926530119,3.637733926530119,False,nan,False,True,
replication030_payload_com_only,20127,frozen,pre_shift,2,-0.2,0.0,0.2,-0.05739926590166038,0.010940043787493985,0.10620186369774137,-0.20341303327156657,-0.008218128655742446,0.18590257388569745,2.9778848330371397,1.4778848330371397,False,nan,False,True,
replication030_payload_com_only,20128,frozen,pre_shift,2,-0.2,0.0,0.2,-0.027740438157085403,0.0007623927202444504,0.05323108075389367,-0.20183121767797643,-0.0034782255295252437,0.19997100542205162,4.910968892141576,3.410968892141576,False,nan,False,True,
replication030_payload_com_only,20129,frozen,pre_shift,2,-0.2,0.0,0.2,-0.01714224085933813,0.004622277253838498,0.05442704885553287,-0.20751476512812167,-0.0022217448789072928,0.19943368334022515,5.662865913754705,4.162865913754705,False,nan,False,True,
replication030_payload_com_only,20130,frozen,pre_shift,2,-0.2,0.0,0.2,-0.036919418555784324,0.00792279975961125,0.08186136956123248,-0.20660306276139503,-0.008249491241002112,0.19314971446379325,4.237408081395856,2.7374080813958557,False,nan,False,True,
replication030_payload_com_only,20131,frozen,pre_shift,2,-0.2,0.0,0.2,-0.03298509407821765,0.010644337005620072,0.08961551310920504,-0.20039186881988724,-0.004055219577569838,0.18622303746277594,3.95798164691821,2.45798164691821,False,nan,False,True,
replication030_payload_com_only,20132,frozen,pre_shift,2,-0.2,0.0,0.2,-0.026045485835374634,0.01002488651794897,0.10082760555823479,-0.20313029240206126,-0.006867118804391726,0.18836901023736907,4.211062142867859,2.711062142867859,False,nan,False,True,
replication030_payload_com_only,20133,frozen,pre_shift,2,-0.2,0.0,0.2,-0.02051196546820477,0.011213630280608554,0.09279667602519177,-0.2055253000561037,-0.0084633149437353,0.19628316035346638,4.8244931119814,3.3244931119813996,False,nan,False,True,
replication030_payload_com_only,20134,frozen,pre_shift,2,-0.2,0.0,0.2,-0.01071544599039921,0.0055892506955827585,0.07970344103320044,-0.21006833498385313,0.00020292077506134417,0.19701067168066175,5.634269381970633,4.134269381970633,False,nan,False,True,
replication030_payload_com_only,20135,frozen,pre_shift,2,-0.2,0.0,0.2,-0.017155385237890564,0.007927622452280984,0.0876055724760049,-0.20515534925381215,-0.005073142457968875,0.19573464606657012,4.996609189181343,3.6854009873627245,False,nan,False,True,
replication030_payload_com_only,20136,frozen,pre_shift,2,-0.2,0.0,0.2,-0.016699537521930655,0.007025943794519333,0.07676189271442249,-0.20423126282224893,-0.0038797631005724202,0.19918393658938566,5.1660594161361395,3.6660594161361395,False,nan,False,True,
replication030_payload_com_only,20137,frozen,pre_shift,2,-0.2,0.0,0.2,-0.033666071819320166,0.010578727223574573,0.07640706090698553,-0.2021582347055048,-0.003882800997902047,0.20257677051680917,4.388800122713454,2.8888001227134543,False,nan,False,True,
replication030_payload_com_only,20138,frozen,pre_shift,2,-0.2,0.0,0.2,-0.03380278023747618,0.009653162908546389,0.11354842023776038,-0.20531684516986806,-0.0012697607308456865,0.19397118287286985,3.882087325069332,2.382087325069332,False,nan,False,True,
replication030_payload_com_only,20139,frozen,pre_shift,2,-0.2,0.0,0.2,-0.022361595941091765,0.006013501846859309,0.05577668719438094,-0.20360393200964608,-0.002352797392222357,0.2062215665246373,5.3478197570350545,3.8478197570350545,False,nan,False,True,
replication030_payload_com_only,20140,frozen,pre_shift,2,-0.2,0.0,0.2,-0.008817437902428376,0.004517528054663607,0.08979388832088325,-0.20941166074525336,0.0013011116490680129,0.19527447754879487,5.460682584608325,3.9606825846083247,False,nan,False,True,
replication030_payload_com_only,20141,frozen,pre_shift,2,-0.2,0.0,0.2,-0.016094609121267606,0.009751348131333331,0.0925013135591729,-0.2072927887396338,-0.00507218115948356,0.19489667920685913,5.064275103551712,3.5642751035517124,False,nan,False,True,
replication030_payload_com_only,20142,frozen,pre_shift,2,-0.2,0.0,0.2,-0.017139489926110783,0.006716245901377544,0.07077167212710445,-0.2080592282287085,-0.0032975021622160708,0.19826947159503588,5.396134077177155,3.8961340771771553,False,nan,False,True,
replication030_payload_com_only,20143,frozen,pre_shift,2,-0.2,0.0,0.2,-0.012649656129855247,0.006240442886971952,0.07626811892414276,-0.20313057496332645,-0.0014711157790388352,0.19991581967894334,5.306162515944469,3.806162515944469,False,nan,False,True,
replication030_payload_com_only,20144,frozen,pre_shift,2,-0.2,0.0,0.2,-0.02091284131145889,0.004513475431547719,0.07593194713934028,-0.20768816654144032,-0.008020944797615594,0.19590022647679733,5.091593456064958,3.591593456064958,False,nan,False,True,
replication030_payload_com_only,20145,frozen,pre_shift,2,-0.2,0.0,0.2,-0.005752966751282041,0.008392530685591903,0.08449274798331656,-0.20718316464098968,-0.0017717633418403767,0.19767940179912216,5.6852640428942465,4.1852640428942465,False,nan,False,True,
replication030_payload_com_only,20146,frozen,pre_shift,2,-0.2,0.0,0.2,-0.03465827831292932,0.007244384367118868,0.07968742215802335,-0.20079414817789784,-0.005609829518769131,0.18760670696518061,4.036337543424644,2.5363375434246436,False,nan,False,True,
replication030_payload_com_only,20147,frozen,pre_shift,2,-0.2,0.0,0.2,-0.01971939478030515,0.0077399431240740705,0.1137878483672473,-0.20877194635577837,0.0007183523997458179,0.1981556379665593,4.674216489020577,3.1742164890205773,False,nan,False,True,
replication030_payload_com_only,20148,frozen,pre_shift,2,-0.2,0.0,0.2,-0.034374360402881436,0.008155243549608372,0.10263476813340765,-0.198607436491176,8.314638372963407e-05,0.1802323613714701,3.5575493069094564,2.0575493069094564,False,nan,False,True,
replication030_payload_com_only,20149,frozen,pre_shift,2,-0.2,0.0,0.2,-0.03126303096820856,0.010318118989224488,0.0885569219874345,-0.20483996064532736,-0.010632819128052466,0.198526758947051,4.406283277357889,2.906283277357889,False,nan,False,True,
replication030_payload_com_only,20150,frozen,pre_shift,2,-0.2,0.0,0.2,-0.027576554456108175,0.005929724428153647,0.08129582455323398,-0.197736387551938,-0.0034275045708230954,0.1971103675069887,4.300495813648056,2.800495813648056,False,nan,False,True,
replication030_payload_com_only,20151,frozen,pre_shift,2,-0.2,0.0,0.2,-0.021409840269016555,0.00464748318710481,0.09059960937343882,-0.2060312185271692,-0.006290057485664695,0.20091006440340112,4.861790545203658,3.3617905452036583,False,nan,False,True,
replication030_payload_com_only,20152,frozen,pre_shift,2,-0.2,0.0,0.2,-0.01774508862998492,0.009800013841985726,0.10296725187895074,-0.20816784561604187,0.0013396011140001198,0.1925814160161481,4.806478369691562,3.306478369691562,False,nan,False,True,
replication030_payload_com_only,20153,frozen,pre_shift,2,-0.2,0.0,0.2,-0.03693450111011564,0.010938918698564802,0.0845996414654833,-0.2066258236548233,-0.009345633116528838,0.18693475771401374,4.13930806174098,2.63930806174098,False,nan,False,True,
replication030_payload_com_only,20154,frozen,pre_shift,2,-0.2,0.0,0.2,-0.010715721006157596,0.00650514433877621,0.0859690649082051,-0.2072028947820819,0.0005394769175987795,0.19205459044215042,5.278685805184121,3.7786858051841206,False,nan,False,True,
replication030_payload_com_only,20155,frozen,pre_shift,2,-0.2,0.0,0.2,-0.0193645845030757,0.00840400455366296,0.08583226146075174,-0.20360072796419038,-0.006361649960658389,0.19736988368436573,4.87482671245886,3.3748267124588596,False,nan,False,True,
replication030_payload_com_only,20156,frozen,pre_shift,2,-0.2,0.0,0.2,-0.014786238729268616,0.006323357719213472,0.07434436249622463,-0.20939945827793535,-0.0038243882961855554,0.19726167521810237,5.499179050403136,3.9991790504031357,False,nan,False,True,
replication030_payload_com_only,20157,frozen,pre_shift,2,-0.2,0.0,0.2,-0.027395921891914154,0.006840592743708907,0.06876183413302225,-0.20578630258305508,-0.005615396406118318,0.1858431958457017,4.677584443378792,3.177584443378792,False,nan,False,True,
replication030_payload_com_only,20158,frozen,pre_shift,2,-0.2,0.0,0.2,-0.03417706866880855,0.004637066451078868,0.07946585762149538,-0.2033213094209138,-0.006374506922881958,0.19935850140080486,4.31129563719461,2.872035622532615,False,nan,False,True,
replication030_payload_com_only,20159,frozen,pre_shift,2,-0.2,0.0,0.2,-0.05191818408233008,0.010068706737214968,0.10263560140442363,-0.20091277233126145,-0.0043731343703932194,0.17885657633900526,3.0349828644743426,1.5349828644743426,False,nan,False,True,
replication030_payload_com_only,20160,frozen,pre_shift,2,-0.2,0.0,0.2,-0.030112711560260713,0.003074839250099296,0.0699804959039459,-0.20218107172805444,-0.008279328023883228,0.20192493379697227,4.635655504167984,3.1356555041679837,False,nan,False,True,
replication030_payload_com_only,20161,frozen,pre_shift,2,-0.2,0.0,0.2,-0.029758910620950648,0.013635247647800953,0.09366550437488853,-0.20371354903531888,-0.006469195174326796,0.18494788573320614,4.193000544860754,2.6930005448607544,False,nan,False,True,
replication030_payload_com_only,20162,frozen,pre_shift,2,-0.2,0.0,0.2,-0.030800869545312366,0.006862404820772777,0.0902738405414507,-0.2097754224793214,-0.009279483717728762,0.18403729183367287,4.415581739174871,2.915581739174871,False,nan,False,True,
replication030_payload_com_only,20163,frozen,pre_shift,2,-0.2,0.0,0.2,-0.02281165275469719,0.006993926537083572,0.0983190298049094,-0.1985484925460765,-0.004662868950239824,0.194114412896375,4.289377767278533,2.789377767278533,False,nan,False,True,
replication030_payload_com_only,20164,frozen,pre_shift,2,-0.2,0.0,0.2,-0.04065394568792918,0.004033739514027082,0.0749107917722581,-0.20039594565700647,-0.012586294350005758,0.20029299381569904,4.034027458754525,2.534027458754525,False,nan,False,True,
replication030_payload_com_only,20165,frozen,pre_shift,2,-0.2,0.0,0.2,-0.03341290102278657,0.007977820004884657,0.09694851386553699,-0.20132333543942624,-0.008687013045100306,0.18342668238636142,3.873159263220377,2.373159263220377,False,nan,False,True,
replication030_payload_com_only,20166,frozen,pre_shift,2,-0.2,0.0,0.2,-0.01334007652015648,0.009982303354962857,0.08837554621265184,-0.20563300321465622,-0.0056709576879400555,0.19765321714351275,5.220285546380384,3.784788125148631,False,nan,False,True,
replication030_payload_com_only,20167,frozen,pre_shift,2,-0.2,0.0,0.2,-0.035613280678670964,0.0107986995806998,0.09410034355008517,-0.19680228630251373,-0.006152329591246032,0.18345165241367611,3.6347251245427548,2.1347251245427548,False,nan,False,True,
replication030_payload_com_only,20168,frozen,pre_shift,2,-0.2,0.0,0.2,-0.03283561915975656,0.010289376545791328,0.10580121121390092,-0.2032902236532333,0.0027493074134232144,0.19444032636511008,3.918447905634348,2.418447905634348,False,nan,False,True,
replication030_payload_com_only,20169,frozen,pre_shift,2,-0.2,0.0,0.2,-0.018283488712963283,0.008125276023529342,0.09785522800292133,-0.20215292876700106,0.0010307053286086314,0.19466082824486577,4.581496733480093,3.081496733480093,False,nan,False,True,
replication030_payload_com_only,20170,frozen,pre_shift,2,-0.2,0.0,0.2,-0.028481415918588625,0.008158915007446737,0.10966880187023886,-0.20258281364844194,0.004428448292784362,0.19563713458432797,4.039107143106684,2.6191841157718274,False,nan,False,True,
replication030_payload_com_only,20171,frozen,pre_shift,2,-0.2,0.0,0.2,-0.022209538885373876,0.008579979099762585,0.07605689242825184,-0.20933615837123246,-0.004012993040251088,0.18922071761086526,5.009046691739158,3.509046691739158,False,nan,False,True,
replication030_payload_com_only,20172,frozen,pre_shift,2,-0.2,0.0,0.2,-0.033980120961108966,0.007442257504729329,0.08231396866143262,-0.2058779625658495,-0.008076982151760871,0.1876902676572749,4.241422603692021,2.741422603692021,False,nan,False,True,
replication030_payload_com_only,20101,frozen,pre_shift,3,0.12,-0.1,-0.15,0.11405526786132487,-0.08162066084879589,-0.09832665216802373,0.11789185681672382,-0.10299727225224024,-0.13055491561492763,0.11944959218189187,1.934672275485799,False,nan,False,True,
replication030_payload_com_only,20102,frozen,pre_shift,3,0.12,-0.1,-0.15,0.11157353940786033,-0.08379011494214121,-0.093587950311546,0.12257792087519886,-0.10358929383519666,-0.13139579310427674,0.1479839818202938,1.8564432360198257,False,nan,False,True,
replication030_payload_com_only,20103,frozen,pre_shift,3,0.12,-0.1,-0.15,0.12391859769015258,-0.08272946421221733,-0.1163177076136145,0.11981022806756246,-0.10318238346734054,-0.13908960361855183,0.08317659897357477,0.5324768606739521,False,nan,False,True,
replication030_payload_com_only,20104,frozen,pre_shift,3,0.12,-0.1,-0.15,0.10550444114990831,-0.07635266498280452,-0.11508563383309434,0.11683452553110704,-0.10388972283836363,-0.1317629332680768,0.12086446156081852,1.8431856905263104,False,nan,False,True,
replication030_payload_com_only,20105,frozen,pre_shift,3,0.12,-0.1,-0.15,0.11089937943862929,-0.08708841912350315,-0.12366147470467839,0.12164903921390025,-0.09833032942120046,-0.13139894113925832,0.03203322425663308,0.9965915880006722,False,nan,False,True,
replication030_payload_com_only,20106,frozen,pre_shift,3,0.12,-0.1,-0.15,0.10960788493492576,-0.08148957424605198,-0.1065882482392323,0.12077432395560621,-0.09819661019336287,-0.12987293702354974,0.0806894965284294,1.7847316824972497,False,nan,False,True,
replication030_payload_com_only,20107,frozen,pre_shift,3,0.12,-0.1,-0.15,0.0842228477520967,-0.048991612828955866,-0.13033243758373203,0.11704622582094054,-0.10198008338998478,-0.1342148473614011,0.4491689923824402,2.39314160439252,False,nan,False,True,
replication030_payload_com_only,20108,frozen,pre_shift,3,0.12,-0.1,-0.15,0.11623361053774572,-0.1007226434495249,-0.09613179051990033,0.12008848773721553,-0.10973655218689796,-0.13556449059197237,0.10682780588597124,1.0236677949207489,False,nan,False,True,
replication030_payload_com_only,20109,frozen,pre_shift,3,0.12,-0.1,-0.15,0.12277711782500922,-0.08211035565947893,-0.11525135713567278,0.11884833211779001,-0.09845720843255172,-0.13638878240926736,0.06084993915581477,0.24404819624726604,False,nan,False,True,
replication030_payload_com_only,20110,frozen,pre_shift,3,0.12,-0.1,-0.15,0.13324875474526798,-0.1409778270672212,-0.09892002266281207,0.12379021426599014,-0.11380554949975953,-0.13552731814107946,0.1792531584023542,1.4000153207103645,False,nan,False,True,
replication030_payload_com_only,20111,frozen,pre_shift,3,0.12,-0.1,-0.15,0.12473628604517902,-0.11481102284939304,-0.06652352032168787,0.12412258099404234,-0.10752886479744618,-0.13209890807613622,0.2711656876963617,0.6285513379134209,False,nan,False,True,
replication030_payload_com_only,20112,frozen,pre_shift,3,0.12,-0.1,-0.15,0.11725851246986702,-0.10175532714272294,-0.08647003493441982,0.11759014840782166,-0.10701609741644987,-0.13288103228414153,0.13583763554427797,2.154807940133125,False,nan,False,True,
replication030_payload_com_only,20113,frozen,pre_shift,3,0.12,-0.1,-0.15,0.11754837040573397,-0.09693468587872899,-0.08747547303246002,0.12164063599169342,-0.10992582157245324,-0.13395267228513663,0.1545458734942158,1.1862563544541342,False,nan,False,True,
replication030_payload_com_only,20114,frozen,pre_shift,3,0.12,-0.1,-0.15,0.11202917087011771,-0.10682344670682987,-0.06798257448526954,0.11823437322145292,-0.10577703538803376,-0.1295570435662056,0.23892161783132623,2.1120981591163055,False,nan,False,True,
replication030_payload_com_only,20115,frozen,pre_shift,3,0.12,-0.1,-0.15,0.10290242234373947,-0.08061584808087807,-0.12731252357645295,0.1182789881229954,-0.10209567943982602,-0.13661059218909796,0.08678802908636267,2.417561929933669,False,nan,False,True,
replication030_payload_com_only,20116,frozen,pre_shift,3,0.12,-0.1,-0.15,0.1170973457355365,-0.08094041792781052,-0.09981387792213048,0.12336315848102773,-0.10539469003271512,-0.12920021329993403,0.1274603513410523,1.7799552110036299,False,nan,False,True,
replication030_payload_com_only,20117,frozen,pre_shift,3,0.12,-0.1,-0.15,0.13055317473494438,-0.08844581745752798,-0.07893934758494653,0.12310235244771735,-0.10854375895582886,-0.12731917026272266,0.19715984507145212,1.1109616406730076,False,nan,False,True,
replication030_payload_com_only,20118,frozen,pre_shift,3,0.12,-0.1,-0.15,0.10977722445506177,-0.083574680745512,-0.11608382800284334,0.11908633220139583,-0.10044926938116647,-0.13514764397852314,0.06572761594042133,2.5239836475098327,False,nan,False,True,
replication030_payload_com_only,20119,frozen,pre_shift,3,0.12,-0.1,-0.15,0.12934392209559217,-0.09379877203946745,-0.06637589555067344,0.12297161834347799,-0.10684977316778099,-0.13218841595063383,0.2911427026352113,1.56822980415343,False,nan,False,True,
replication030_payload_com_only,20120,frozen,pre_shift,3,0.12,-0.1,-0.15,0.11948745141675847,-0.07846151419398725,-0.08634865409230838,0.11950511595370356,-0.10161406150413102,-0.1298859124128855,0.18010501495888517,1.9170019603665092,False,nan,False,True,
replication030_payload_com_only,20121,frozen,pre_shift,3,0.12,-0.1,-0.15,0.11591623599128428,-0.10264167925522537,-0.09913303351469088,0.11945156183891428,-0.10683852771651216,-0.13620277310204315,0.08814647351178191,1.5151879455244455,False,nan,False,True,
replication030_payload_com_only,20122,frozen,pre_shift,3,0.12,-0.1,-0.15,0.12411209766658908,-0.08658199080839872,-0.05561258021216158,0.1238908894560121,-0.102571760718853,-0.12925006928479416,0.3633123845767554,1.7694237604469891,False,nan,False,True,
replication030_payload_com_only,20123,frozen,pre_shift,3,0.12,-0.1,-0.15,0.12140505467369984,-0.0871864553416769,-0.11904804839325317,0.11945330003445497,-0.09734093774942354,-0.13415631878945874,0.02660025475264575,0.06496296868322693,False,nan,False,True,
replication030_payload_com_only,20124,frozen,pre_shift,3,0.12,-0.1,-0.15,0.07741490866071263,-0.045047530858860985,-0.12792434041578918,0.10769833963410051,-0.10331962079943917,-0.12744968724353956,0.49702804084163166,2.474534331521866,False,nan,False,True,
replication030_payload_com_only,20125,frozen,pre_shift,3,0.12,-0.1,-0.15,0.08686349486219411,-0.054453566710087345,-0.12345207261335353,0.11493792122433698,-0.10558449213711864,-0.13105008919872882,0.4026115904110033,3.0322085625840245,False,nan,False,True,
replication030_payload_com_only,20126,frozen,pre_shift,3,0.12,-0.1,-0.15,0.08229309769963199,-0.051692038435924265,-0.13472840786479562,0.11834565550534708,-0.09810537563543377,-0.13889349132548634,0.40280005504964,2.540533981579759,False,nan,False,True,
replication030_payload_com_only,20127,frozen,pre_shift,3,0.12,-0.1,-0.15,0.13437046862371832,-0.07754004945558428,-0.1049929447394388,0.12004163480891113,-0.1044278815717316,-0.1357083760555819,0.16764466139193404,0.1455294944290737,False,nan,False,True,
replication030_payload_com_only,20128,frozen,pre_shift,3,0.12,-0.1,-0.15,0.09919832428433709,-0.07324342308725329,-0.10523972075940845,0.11727032489032309,-0.10164219685020837,-0.1307335119243317,0.17283689881343636,2.0838057909550125,False,nan,False,True,
replication030_payload_com_only,20129,frozen,pre_shift,3,0.12,-0.1,-0.15,0.09195113892129357,-0.060445400732807034,-0.10560785040449458,0.119044050350358,-0.0976437180106897,-0.12930576862897727,0.2824428617730395,2.945308775527744,False,nan,False,True,
replication030_payload_com_only,20130,frozen,pre_shift,3,0.12,-0.1,-0.15,0.11964235768848681,-0.11439337473382856,-0.10921368292617245,0.11960612091364883,-0.1080565822548683,-0.13519591478557114,0.04639652750268116,1.2838046088985369,False,nan,False,True,
replication030_payload_com_only,20131,frozen,pre_shift,3,0.12,-0.1,-0.15,0.1221888065205425,-0.11576364417076936,-0.09816604527063143,0.12027755369666664,-0.10925329679419866,-0.13515094991609874,0.08982645147849362,1.0478080983967035,False,nan,False,True,
replication030_payload_com_only,20132,frozen,pre_shift,3,0.12,-0.1,-0.15,0.11209361255300239,-0.09112969398201895,-0.09823437884660301,0.1189162903685063,-0.10563637322520021,-0.1353245213675631,0.11459127308414413,1.325653415952003,False,nan,False,True,
replication030_payload_com_only,20133,frozen,pre_shift,3,0.12,-0.1,-0.15,0.09538661857767136,-0.06528950456756084,-0.14159044073193974,0.1152634227441424,-0.1020709286869095,-0.13649537417047966,0.20503924669461104,2.029532358676011,False,nan,False,True,
replication030_payload_com_only,20134,frozen,pre_shift,3,0.12,-0.1,-0.15,0.1111334578985584,-0.07971838441816217,-0.10035623879101238,0.12186060572229772,-0.09787773000378214,-0.13154492899564382,0.11215174484595519,2.746421126816588,False,nan,False,True,
replication030_payload_com_only,20135,frozen,pre_shift,3,0.12,-0.1,-0.15,0.07568545393493174,-0.04954594719396311,-0.1283989053398186,0.11381520714040902,-0.10584931834440599,-0.13561542736921853,0.545585196865383,2.7309861842281076,False,nan,False,True,
replication030_payload_com_only,20136,frozen,pre_shift,3,0.12,-0.1,-0.15,0.11299068223485967,-0.09155200830359325,-0.0879003467431048,0.11886707731259129,-0.1035495245761455,-0.12978354923931432,0.12919690676658774,2.295256322902727,False,nan,False,True,
replication030_payload_com_only,20137,frozen,pre_shift,3,0.12,-0.1,-0.15,0.13771871935433175,-0.12017482923389664,-0.06573281839907737,0.12535616766677216,-0.11260206996431706,-0.1348644482621489,0.31770738968119033,1.7065075123946447,False,nan,False,True,
replication030_payload_com_only,20138,frozen,pre_shift,3,0.12,-0.1,-0.15,0.1091741665643438,-0.0826607523863489,-0.11330272288635458,0.11734833209213669,-0.09848400779369323,-0.131721174237979,0.05806240725770633,0.9401497323270385,False,nan,False,True,
replication030_payload_com_only,20139,frozen,pre_shift,3,0.12,-0.1,-0.15,0.11571041715760245,-0.07394784627103121,-0.06360600904277744,0.12573882521806798,-0.09875387617180033,-0.12783420387812064,0.339272557211749,2.6870923142468035,False,nan,False,True,
replication030_payload_com_only,20140,frozen,pre_shift,3,0.12,-0.1,-0.15,0.09399725249392753,-0.06182339479180472,-0.10941787746512582,0.11803754668032543,-0.10103632305323472,-0.1317139882840349,0.27748190909077813,2.7381644936991028,False,nan,False,True,
replication030_payload_com_only,20141,frozen,pre_shift,3,0.12,-0.1,-0.15,0.11028514685486045,-0.08062446580571311,-0.09077326774810918,0.11809944649864755,-0.09843831157950342,-0.13291505072266346,0.15367718759915064,2.217952291150863,False,nan,False,True,
replication030_payload_com_only,20142,frozen,pre_shift,3,0.12,-0.1,-0.15,0.11105736092134728,-0.07413174186723628,-0.08718088953125687,0.11976227999772668,-0.10292084612983163,-0.1280671449331282,0.20874065594444133,2.604874733121597,False,nan,False,True,
replication030_payload_com_only,20143,frozen,pre_shift,3,0.12,-0.1,-0.15,0.11864869387348723,-0.08277995974855501,-0.07536547810803407,0.12438105693820162,-0.09927513756217007,-0.1302200670541375,0.22198667683619566,2.5281491927806647,False,nan,False,True,
replication030_payload_com_only,20144,frozen,pre_shift,3,0.12,-0.1,-0.15,0.1080088094381734,-0.07208151616986667,-0.07697881309282865,0.11758128010178186,-0.1035211242099145,-0.13004351957478824,0.30056076401083914,2.3921542200757973,False,nan,False,True,
replication030_payload_com_only,20145,frozen,pre_shift,3,0.12,-0.1,-0.15,0.10401250329386633,-0.07522721094760011,-0.12040872073074743,0.11780938961048969,-0.10223240689270897,-0.13221395941074973,0.11590710656286289,2.8011711494571094,False,nan,False,True,
replication030_payload_com_only,20146,frozen,pre_shift,3,0.12,-0.1,-0.15,0.11753626332889806,-0.09317679310221601,-0.0882512503990786,0.1185359408500147,-0.10423942481675741,-0.13333142190993294,0.13950828666043372,1.1758458300850774,False,nan,False,True,
replication030_payload_com_only,20147,frozen,pre_shift,3,0.12,-0.1,-0.15,0.11072421974255933,-0.08367888161722664,-0.14068300339510922,0.11578115499374587,-0.10034881845651032,-0.13160545698648526,0.040489904914546855,1.7147063939351241,False,nan,False,True,
replication030_payload_com_only,20148,frozen,pre_shift,3,0.12,-0.1,-0.15,0.12764629289396348,-0.09158750200800717,-0.07823291966694665,0.12392586839495713,-0.10432567624897472,-0.1319005096432715,0.19667262895952245,0.7542219358689788,False,nan,False,True,
replication030_payload_com_only,20149,frozen,pre_shift,3,0.12,-0.1,-0.15,0.11522468857567746,-0.09892288226818799,-0.09549405238230833,0.11496780869234202,-0.10685434223407136,-0.12883976439335493,0.075982726586366,1.4822660039442548,False,nan,False,True,
replication030_payload_com_only,20150,frozen,pre_shift,3,0.12,-0.1,-0.15,0.11846070760952289,-0.09225694979480761,-0.055277717726929576,0.12259727352141866,-0.10188299014444314,-0.13060519856107003,0.36199201775789636,1.6624878314059526,False,nan,False,True,
replication030_payload_com_only,20151,frozen,pre_shift,3,0.12,-0.1,-0.15,0.07006667714945172,-0.03706022924954077,-0.11224239647224704,0.11625223313896212,-0.0978757193365653,-0.13545568992484863,0.715952579746218,2.577743124949876,False,nan,False,True,
replication030_payload_com_only,20152,frozen,pre_shift,3,0.12,-0.1,-0.15,0.07309580724265732,-0.04550304071793452,-0.12357164439253994,0.11714090729526601,-0.10233413135912246,-0.1351439313649355,0.613812093673195,2.420290463364757,False,nan,False,True,
replication030_payload_com_only,20153,frozen,pre_shift,3,0.12,-0.1,-0.15,0.13372542365722143,-0.1192558105881714,-0.09393609601661321,0.12412350701298236,-0.11106335507137648,-0.1348722735446014,0.12162753774169162,1.2609355994826716,False,nan,False,True,
replication030_payload_com_only,20154,frozen,pre_shift,3,0.12,-0.1,-0.15,0.10921655062250006,-0.07480685322108968,-0.09037565648359039,0.12036938161847302,-0.10293148652255373,-0.12882645301818407,0.19816485994847552,2.476850665132596,False,nan,False,True,
replication030_payload_com_only,20155,frozen,pre_shift,3,0.12,-0.1,-0.15,0.08053704824383197,-0.057484273399598974,-0.12270117184631552,0.11541002700510081,-0.10909626575747161,-0.13384886173672353,0.46228313262179,2.33710984508065,False,nan,False,True,
replication030_payload_com_only,20156,frozen,pre_shift,3,0.12,-0.1,-0.15,0.09992891214697122,-0.08475736353288349,-0.11267967798099748,0.11802776441447291,-0.10289500843614147,-0.13407946559902448,0.1051090611817127,2.6042881115848484,False,nan,False,True,
replication030_payload_com_only,20157,frozen,pre_shift,3,0.12,-0.1,-0.15,0.1208329019347228,-0.10962405706909617,-0.05618348894443473,0.12114002746708251,-0.10730146298823647,-0.1316426662363675,0.3515116377463458,2.0290960811251377,False,nan,False,True,
replication030_payload_com_only,20158,frozen,pre_shift,3,0.12,-0.1,-0.15,0.13268639554437747,-0.07029142518781265,-0.06303203725186753,0.12521515719600626,-0.09866531532199987,-0.1279015093109796,0.3607491250354802,1.7327847475680953,False,nan,False,True,
replication030_payload_com_only,20159,frozen,pre_shift,3,0.12,-0.1,-0.15,0.1296917851855748,-0.07167988117720876,-0.10915937779823572,0.12149132475937416,-0.09705192417232264,-0.13635723470102207,0.12909140193965332,0.16407426641399603,False,nan,False,True,
replication030_payload_com_only,20160,frozen,pre_shift,3,0.12,-0.1,-0.15,0.10196555125969901,-0.0805483470552578,-0.0888538783829027,0.11838045450638324,-0.1015822544345679,-0.13051237196302662,0.19069496048345605,1.8263504646514397,False,nan,False,True,
replication030_payload_com_only,20161,frozen,pre_shift,3,0.12,-0.1,-0.15,0.1167868059364681,-0.09893805659014232,-0.10235108997572186,0.12251887153632986,-0.10506973607889576,-0.13835620229239498,0.08784959694459286,1.2808501418053473,False,nan,False,True,
replication030_payload_com_only,20162,frozen,pre_shift,3,0.12,-0.1,-0.15,0.09787498586940407,-0.06680364574102005,-0.1401688456244871,0.11602890571355734,-0.10545208297975787,-0.14110792581791679,0.21245852872151727,1.6280402678963883,False,nan,False,True,
replication030_payload_com_only,20163,frozen,pre_shift,3,0.12,-0.1,-0.15,0.1085353029691517,-0.07953962497124067,-0.11249249267338245,0.11861226314014958,-0.09866714694197819,-0.13318290946431974,0.08113395956368252,1.3705117268422158,False,nan,False,True,
replication030_payload_com_only,20164,frozen,pre_shift,3,0.12,-0.1,-0.15,0.1278005845095577,-0.09410202076518627,-0.07154412945557319,0.12061177845810031,-0.10775947054796384,-0.12963578067262146,0.23542305369700187,1.269450512451527,False,nan,False,True,
replication030_payload_com_only,20165,frozen,pre_shift,3,0.12,-0.1,-0.15,0.1189374540002541,-0.08354545309704997,-0.10839842319507674,0.11963562535379273,-0.10396463037067269,-0.13751852251889532,0.1014829846944494,0.9746422479148262,False,nan,False,True,
replication030_payload_com_only,20166,frozen,pre_shift,3,0.12,-0.1,-0.15,0.07402615385079615,-0.042227869653659114,-0.11946026308867283,0.11549624092224109,-0.10316102725009796,-0.13354682697336054,0.643814017787875,2.928602142936506,False,nan,False,True,
replication030_payload_com_only,20167,frozen,pre_shift,3,0.12,-0.1,-0.15,0.12201366635067992,-0.11192151011556464,-0.09240359043792223,0.12635229138661963,-0.10879165360540126,-0.145829807658024,0.1789278371217107,0.8136529616644654,False,nan,False,True,
replication030_payload_com_only,20168,frozen,pre_shift,3,0.12,-0.1,-0.15,0.1045068422120982,-0.08635238956559146,-0.13281299885717357,0.1171234536627203,-0.10182462995833833,-0.13541596708807016,0.046917847535427354,0.9653657531697752,False,nan,False,True,
replication030_payload_com_only,20169,frozen,pre_shift,3,0.12,-0.1,-0.15,0.10726053406773849,-0.07799420280374039,-0.10635274481691136,0.11909414825163345,-0.1024054070317778,-0.13126369082880446,0.1242459869861509,1.705742720466244,False,nan,False,True,
replication030_payload_com_only,20170,frozen,pre_shift,3,0.12,-0.1,-0.15,0.11633325336342379,-0.08878477765653753,-0.14824061627591556,0.11806637188476594,-0.09749877157946658,-0.13178386832349923,0.026025930698800975,1.1452100464706283,False,nan,False,True,
replication030_payload_com_only,20171,frozen,pre_shift,3,0.12,-0.1,-0.15,0.11758855856853521,-0.10589602851301907,-0.09770650121123654,0.11950609900913153,-0.11028540523857731,-0.13487401678908323,0.08796029263705786,2.097006984376216,False,nan,False,True,
replication030_payload_com_only,20172,frozen,pre_shift,3,0.12,-0.1,-0.15,0.11948886255193501,-0.08076186707706207,-0.06590339062626481,0.12270131318266228,-0.10527485896487901,-0.13050823366429878,0.32845349712604044,1.5698761008180613,False,nan,False,True,
replication030_payload_com_only,20101,frozen,pre_shift,4,0.12,0.1,0.15,0.09197147643666528,0.09267453026565424,0.16629029135693207,0.11984308765315438,0.08988577653947512,0.14928205760404606,0.10937442998253977,0.5440467054683387,False,nan,False,True,
replication030_payload_com_only,20102,frozen,pre_shift,4,0.12,0.1,0.15,0.10936751648989645,0.08908140008276903,0.1589864481092419,0.11942546531014143,0.09655386304720565,0.1391927016600961,0.0424565513201838,0.3988997873400095,False,nan,False,True,
replication030_payload_com_only,20103,frozen,pre_shift,4,0.12,0.1,0.15,0.11337374997552323,0.11415463924654055,0.150132250637578,0.12163396546941205,0.09163418630095635,0.14565495667767184,0.06814405587702185,0.0,False,nan,False,True,
replication030_payload_com_only,20104,frozen,pre_shift,4,0.12,0.1,0.15,0.07063631482529663,0.07672314603666276,0.13589787567650052,0.1180090229112468,0.0980396885220081,0.15148198430914056,0.32056037173478497,0.6637460622610953,False,nan,False,True,
replication030_payload_com_only,20105,frozen,pre_shift,4,0.12,0.1,0.15,0.09615540970099937,0.09564677343805363,0.13841531818834835,0.11745896170553843,0.09771955775261848,0.14888383899851354,0.05989321701510039,0.0,False,nan,False,True,
replication030_payload_com_only,20106,frozen,pre_shift,4,0.12,0.1,0.15,0.08894259128758833,0.09320802838287247,0.1470568611701175,0.11702566926557291,0.09666216127084458,0.1495644245929762,0.09275587894515991,0.3774875614424096,False,nan,False,True,
replication030_payload_com_only,20107,frozen,pre_shift,4,0.12,0.1,0.15,0.02861346767857963,0.04656810153365093,0.07286414496974285,0.11011655469155002,0.09291309112958362,0.1517848104652993,1.3430682252332344,2.2362098296257544,False,nan,False,True,
replication030_payload_com_only,20108,frozen,pre_shift,4,0.12,0.1,0.15,0.08896409797392,0.06466944397974568,0.12074537208937752,0.12484629208708704,0.09007182596963122,0.13899749883998475,0.23844828385298109,0.0,False,nan,False,True,
replication030_payload_com_only,20109,frozen,pre_shift,4,0.12,0.1,0.15,0.13264179327491643,0.1205362165602607,0.15184930747555744,0.12192460972478364,0.10071115704284118,0.15007796610294044,0.058422007530869485,0.0,False,nan,False,True,
replication030_payload_com_only,20110,frozen,pre_shift,4,0.12,0.1,0.15,0.1201661559190944,0.087152623027708,0.1437143571181322,0.1248301467824899,0.08999319074171627,0.1499663634722678,0.005761166079196388,0.0,False,nan,False,True,
replication030_payload_com_only,20111,frozen,pre_shift,4,0.12,0.1,0.15,0.07928568758343,0.06739414402913306,0.14540937396388212,0.11781319681824173,0.09206476275670171,0.13937525856344896,0.24135132772424206,0.0,False,nan,False,True,
replication030_payload_com_only,20112,frozen,pre_shift,4,0.12,0.1,0.15,0.09444525653375788,0.06976924836577326,0.16362513269307574,0.12234585264441325,0.09377181813481583,0.15582959134523874,0.15857353309698952,0.8133814732301146,False,nan,False,True,
replication030_payload_com_only,20113,frozen,pre_shift,4,0.12,0.1,0.15,0.128529821141488,0.09629931414185273,0.151609262131336,0.12472224737930854,0.09185700998718394,0.14904543804945083,0.004347231373698812,0.0,False,nan,False,True,
replication030_payload_com_only,20114,frozen,pre_shift,4,0.12,0.1,0.15,0.06030889947345789,0.056965030742584896,0.14078956615559596,0.11555578368639892,0.09559786340515662,0.15688994785576782,0.5230247492559208,1.1351229083722263,False,nan,False,True,
replication030_payload_com_only,20115,frozen,pre_shift,4,0.12,0.1,0.15,0.05662628091489726,0.06118128839277105,0.10688682342746023,0.11860379587292241,0.09750745656614349,0.14926105069007506,0.6776734913889232,1.595235421322592,False,nan,False,True,
replication030_payload_com_only,20116,frozen,pre_shift,4,0.12,0.1,0.15,0.05099629886908137,0.03442554054236324,0.10412561732292183,0.12078974637322237,0.08499964699959708,0.15184056481176708,0.9257910821815073,1.205746293185137,False,nan,False,True,
replication030_payload_com_only,20117,frozen,pre_shift,4,0.12,0.1,0.15,0.14429895661845657,0.10377060433586456,0.19126117858825514,0.12086044578254089,0.09056225194952974,0.1479766538635309,0.1940745638627529,0.0,False,nan,False,True,
replication030_payload_com_only,20118,frozen,pre_shift,4,0.12,0.1,0.15,0.033735026834758146,0.03152663681826023,0.07415923294002416,0.11666093337164737,0.09592828088463884,0.1506182177673756,1.5065659392308353,2.530549586740668,False,nan,False,True,
replication030_payload_com_only,20119,frozen,pre_shift,4,0.12,0.1,0.15,0.1078633817061669,0.07395721254122688,0.17929747982117705,0.1196887142412034,0.09263823468980663,0.13726223258996142,0.16558765725618857,0.23381746140961845,False,nan,False,True,
replication030_payload_com_only,20120,frozen,pre_shift,4,0.12,0.1,0.15,0.09458759422945096,0.09852575771888844,0.18241749226534087,0.11917809968071254,0.09641222095782076,0.15175318646441827,0.12937096857387362,0.5463729289403827,False,nan,False,True,
replication030_payload_com_only,20121,frozen,pre_shift,4,0.12,0.1,0.15,0.08120609960027507,0.06971078307205231,0.11438736749722556,0.11932434786179132,0.09780641852390788,0.13552721111185825,0.28127005062392557,0.2964579961483711,False,nan,False,True,
replication030_payload_com_only,20122,frozen,pre_shift,4,0.12,0.1,0.15,0.15185956688165334,0.12273839758296466,0.20155562407784722,0.1258254090378218,0.10149730474352123,0.153281035279563,0.2622085819556056,0.5316323424025948,False,nan,False,True,
replication030_payload_com_only,20123,frozen,pre_shift,4,0.12,0.1,0.15,0.1316400469666041,0.12784926311267963,0.13274110992981497,0.12144616674794106,0.10371068334964828,0.14629406243545567,0.09005647765211511,0.0,False,nan,False,True,
replication030_payload_com_only,20124,frozen,pre_shift,4,0.12,0.1,0.15,0.04879580464407379,0.05487835872211547,0.04961536458549516,0.11158022912909395,0.09338375489866847,0.15116697211794766,1.2061847890886215,2.1807191206104877,False,nan,False,True,
replication030_payload_com_only,20125,frozen,pre_shift,4,0.12,0.1,0.15,0.03180097914944982,0.027919260144775984,0.10148597567023375,0.11684057266843577,0.09827638528551712,0.15131877732718052,1.4527627185212362,2.9849712811052607,False,nan,False,True,
replication030_payload_com_only,20126,frozen,pre_shift,4,0.12,0.1,0.15,0.0373906371268366,0.04702803929918736,0.08450355909801266,0.11361101978961967,0.09347483206066284,0.14913718326793032,1.1255167417839007,2.16605072336366,False,nan,False,True,
replication030_payload_com_only,20127,frozen,pre_shift,4,0.12,0.1,0.15,0.15070815082619302,0.11468754485194141,0.134608748595388,0.12491878246309006,0.09588325307430666,0.13821528920712006,0.11622091990556947,0.0,False,nan,False,True,
replication030_payload_com_only,20128,frozen,pre_shift,4,0.12,0.1,0.15,0.01675283826311274,0.02072291081004453,0.08468097706396979,0.10935725968613276,0.0984688924496982,0.15025505278310375,1.8227526329901467,2.4065584239451594,False,nan,False,True,
replication030_payload_com_only,20129,frozen,pre_shift,4,0.12,0.1,0.15,0.09898076293335575,0.10826369091869716,0.23193205028225367,0.11356363192271754,0.09802918219778196,0.15486859921583834,0.40304378455254813,1.8483525600802921,False,nan,False,True,
replication030_payload_com_only,20130,frozen,pre_shift,4,0.12,0.1,0.15,0.09567430447499173,0.07455166132512622,0.13655087618383355,0.12311823611063667,0.09739518105442997,0.1456980632947702,0.15056878237873603,0.0,False,nan,False,True,
replication030_payload_com_only,20131,frozen,pre_shift,4,0.12,0.1,0.15,0.07462058762693025,0.06348586654975415,0.1121769020508711,0.11863493718999227,0.09567649194919584,0.13963558157886996,0.3802267628249592,0.0,False,nan,False,True,
replication030_payload_com_only,20132,frozen,pre_shift,4,0.12,0.1,0.15,0.06689071903502214,0.060185838838182563,0.09994998878745641,0.12345417520409771,0.09265045686215091,0.1421865224370251,0.5714364551757461,0.3970898711277492,False,nan,False,True,
replication030_payload_com_only,20133,frozen,pre_shift,4,0.12,0.1,0.15,0.03926213363463303,0.029661529582881086,0.07924568132410773,0.11709904200236297,0.09778062144395695,0.14939983240414986,1.4453880159303942,1.974920374606405,False,nan,False,True,
replication030_payload_com_only,20134,frozen,pre_shift,4,0.12,0.1,0.15,0.10397321395264136,0.11106421910741758,0.21350936413857008,0.11392479499972004,0.09752052694258947,0.15294491981757524,0.25926649846060534,1.5056876252771936,False,nan,False,True,
replication030_payload_com_only,20135,frozen,pre_shift,4,0.12,0.1,0.15,0.032401195302948826,0.038815775117406824,0.0586329355914711,0.10915407955328832,0.09450557719258114,0.14646440448886888,1.4514425260056554,2.682428710233763,False,nan,False,True,
replication030_payload_com_only,20136,frozen,pre_shift,4,0.12,0.1,0.15,0.033085106816979834,0.050660004956120434,0.07682578738163548,0.1081699507254324,0.0948168210525362,0.14868971843124412,1.1284847273685086,1.9237410502712355,False,nan,False,True,
replication030_payload_com_only,20137,frozen,pre_shift,4,0.12,0.1,0.15,0.14384382762719983,0.09356945869827114,0.19253302577290157,0.12489531490009553,0.09812435340431867,0.1548990320911565,0.1299407503986407,0.33644826279328544,False,nan,False,True,
replication030_payload_com_only,20138,frozen,pre_shift,4,0.12,0.1,0.15,0.11422379189493638,0.11132353253585801,0.17169123309852646,0.12185504214859132,0.10086222278649125,0.15183185947127809,0.04385404314937888,0.0,False,nan,False,True,
replication030_payload_com_only,20139,frozen,pre_shift,4,0.12,0.1,0.15,0.12018788740252005,0.09672394269356199,0.20318120609664386,0.1201356369285014,0.08987165182412134,0.15834933002636803,0.12856903726147959,1.3156613515082831,False,nan,False,True,
replication030_payload_com_only,20140,frozen,pre_shift,4,0.12,0.1,0.15,0.10860340201444876,0.1204524848100108,0.18861377209915609,0.1163131011825362,0.09740532360476706,0.15592035168319382,0.13476800578339737,1.3729324994825,False,nan,False,True,
replication030_payload_com_only,20141,frozen,pre_shift,4,0.12,0.1,0.15,0.07928460160357215,0.07592531150687978,0.14365451465832227,0.11976577206862653,0.09850848983258975,0.1479778027821612,0.24332960440715565,0.9612818955580185,False,nan,False,True,
replication030_payload_com_only,20142,frozen,pre_shift,4,0.12,0.1,0.15,0.027051362130989992,0.02298989214571,0.11320912542223305,0.11360615563428257,0.10025738596651104,0.1510274341360594,1.5375968389335017,2.642471572055099,False,nan,False,True,
replication030_payload_com_only,20143,frozen,pre_shift,4,0.12,0.1,0.15,0.13013762304743992,0.11657479571379982,0.2129709214341187,0.12042290829015613,0.09380038023016979,0.1511281887662882,0.3050800163519139,1.3332292091325786,False,nan,False,True,
replication030_payload_com_only,20144,frozen,pre_shift,4,0.12,0.1,0.15,0.12145862292229563,0.12200292107736102,0.20797682422821753,0.11853624184061146,0.09592783003748245,0.15315813626727823,0.2641681183182078,1.1563223383940051,False,nan,False,True,
replication030_payload_com_only,20145,frozen,pre_shift,4,0.12,0.1,0.15,0.05640586870432832,0.06945943428094649,0.152724568532249,0.11230943628395873,0.09855659909236915,0.1485202864913302,0.45561530104113807,1.7567864504982476,False,nan,False,True,
replication030_payload_com_only,20146,frozen,pre_shift,4,0.12,0.1,0.15,0.07644875695249949,0.07289876799977715,0.14078515783898204,0.11575173166359964,0.0973614930965357,0.1370577355561119,0.24620214015583472,0.0,False,nan,False,True,
replication030_payload_com_only,20147,frozen,pre_shift,4,0.12,0.1,0.15,0.10036393188056475,0.12154569001396949,0.15214054344414316,0.11433409511738728,0.099985847025377,0.15482090495271675,0.0777769731026149,0.29248336703773914,False,nan,False,True,
replication030_payload_com_only,20148,frozen,pre_shift,4,0.12,0.1,0.15,0.1425761593708795,0.11388750539805265,0.1762464061293138,0.1207569252134802,0.09725266869412055,0.13579889489877134,0.18235125963409612,0.0,False,nan,False,True,
replication030_payload_com_only,20149,frozen,pre_shift,4,0.12,0.1,0.15,0.11117690258169685,0.09393657544025959,0.1503265959783283,0.12009756127598797,0.10046929813046494,0.1535315409575555,0.014660324992949841,0.0,False,nan,False,True,
replication030_payload_com_only,20150,frozen,pre_shift,4,0.12,0.1,0.15,0.07238355498606575,0.06659331608577822,0.14996984926492368,0.11592740373211788,0.08919844100607677,0.15006214777820032,0.2715037129231172,0.43399154432906983,False,nan,False,True,
replication030_payload_com_only,20151,frozen,pre_shift,4,0.12,0.1,0.15,0.026432884670714637,0.04189348472354106,0.0522511767470999,0.11096906832970709,0.09148433677460066,0.15159792687888013,1.6307863188304592,2.7085294437803356,False,nan,False,True,
replication030_payload_com_only,20152,frozen,pre_shift,4,0.12,0.1,0.15,0.04494348896564043,0.05399908419802743,0.11469728030697098,0.11320166003680407,0.09940442333663027,0.14746406018429356,0.8197990329084218,1.7400894962731788,False,nan,False,True,
replication030_payload_com_only,20153,frozen,pre_shift,4,0.12,0.1,0.15,0.107550577645187,0.07925664249599629,0.14213528032627773,0.12440502664695297,0.091582721422099,0.13738811747287624,0.05177423778347154,0.0,False,nan,False,True,
replication030_payload_com_only,20154,frozen,pre_shift,4,0.12,0.1,0.15,0.0908400840942544,0.08386225114771566,0.18831936059323068,0.1199018955705232,0.09912142680832502,0.1541947926003744,0.19691451281026762,1.1737651779428635,False,nan,False,True,
replication030_payload_com_only,20155,frozen,pre_shift,4,0.12,0.1,0.15,0.03457329356110882,0.049928105534397076,0.046674500630246044,0.10610991232125314,0.09743142390216036,0.14450376068077805,1.373295088569795,2.2104049336504445,False,nan,False,True,
replication030_payload_com_only,20156,frozen,pre_shift,4,0.12,0.1,0.15,0.027539389758586275,0.023675072968569813,0.09358867007626764,0.11205163547507475,0.09268599059745716,0.14959299140897278,1.4659476866708854,2.570235798255734,False,nan,False,True,
replication030_payload_com_only,20157,frozen,pre_shift,4,0.12,0.1,0.15,0.07150904712728731,0.06473614945258062,0.15047137296465019,0.11695987996518449,0.09506264908234986,0.1383289430171791,0.34930788842584043,0.8784039695509782,False,nan,False,True,
replication030_payload_com_only,20158,frozen,pre_shift,4,0.12,0.1,0.15,0.15375566490530443,0.11521673731672674,0.2014944000313462,0.12440056634164265,0.09709326907037327,0.15216416781277003,0.27612846373862526,0.5089132113067205,False,nan,False,True,
replication030_payload_com_only,20159,frozen,pre_shift,4,0.12,0.1,0.15,0.14094255850948229,0.11514268922885744,0.1444747357442706,0.12166824804111051,0.09039819327961923,0.13240298243079593,0.12115073615230183,0.0,False,nan,False,True,
replication030_payload_com_only,20160,frozen,pre_shift,4,0.12,0.1,0.15,0.03358379938362428,0.047773624089488514,0.08186812087139396,0.107506089207446,0.09258570535239104,0.15380842665523184,1.1171337043577316,1.4434841690091713,False,nan,False,True,
replication030_payload_com_only,20161,frozen,pre_shift,4,0.12,0.1,0.15,0.10301147576414592,0.08377955082313708,0.11752128240860976,0.12265958954429731,0.0957833985393469,0.13681702445872093,0.08273392928091344,0.0,False,nan,False,True,
replication030_payload_com_only,20162,frozen,pre_shift,4,0.12,0.1,0.15,0.06533449753886121,0.056286306481617636,0.08185667995885719,0.12002611656208086,0.09961149857477383,0.13513310878000698,0.7083794665563441,0.8364197344527324,False,nan,False,True,
replication030_payload_com_only,20163,frozen,pre_shift,4,0.12,0.1,0.15,0.08735314224849815,0.09531311748260175,0.14903464177364492,0.1160494661719193,0.09883496564724224,0.14866961210832844,0.09653164326707407,0.0,False,nan,False,True,
replication030_payload_com_only,20164,frozen,pre_shift,4,0.12,0.1,0.15,0.1065200928031477,0.07701251448184238,0.18146234058851896,0.11993466918254456,0.08932112135233902,0.15381626196181297,0.08555410891807576,0.0,False,nan,False,True,
replication030_payload_com_only,20165,frozen,pre_shift,4,0.12,0.1,0.15,0.12490108191126556,0.11449170214152722,0.16035788292138065,0.12012651490223387,0.09064876295073035,0.13307072517285523,0.11346717843466891,0.0,False,nan,False,True,
replication030_payload_com_only,20166,frozen,pre_shift,4,0.12,0.1,0.15,0.01713937820362218,0.033004605166323364,0.032219697533441526,0.11074911695183982,0.09386203210443637,0.1505040420390483,2.1822383622232864,3.6108405051597923,False,nan,False,True,
replication030_payload_com_only,20167,frozen,pre_shift,4,0.12,0.1,0.15,0.10880605675776275,0.0899107594413578,0.14506866301525,0.11955871399897537,0.09546820780378931,0.13390251369633266,0.024801194458502693,0.0,False,nan,False,True,
replication030_payload_com_only,20168,frozen,pre_shift,4,0.12,0.1,0.15,0.08436834987191291,0.09458701996194273,0.1270925149159051,0.11937876574004945,0.10107900388462737,0.1515361821874527,0.18132378596785784,0.0,False,nan,False,True,
replication030_payload_com_only,20169,frozen,pre_shift,4,0.12,0.1,0.15,0.06080497085608183,0.05143546937722679,0.11579612825824957,0.11984811283664494,0.09781872478256061,0.15345635252396214,0.7037258373850713,0.9094685578513154,False,nan,False,True,
replication030_payload_com_only,20170,frozen,pre_shift,4,0.12,0.1,0.15,0.09280263155518229,0.09776465416625857,0.13992560121415148,0.11780713336445793,0.09864131439067732,0.14978774262737818,0.07861739197692116,0.0,False,nan,False,True,
replication030_payload_com_only,20171,frozen,pre_shift,4,0.12,0.1,0.15,0.07715918959088551,0.06725987213933153,0.1316427320087992,0.11948852303127486,0.09845739358485597,0.13885665276120226,0.3177735412012956,0.9147805255775117,False,nan,False,True,
replication030_payload_com_only,20172,frozen,pre_shift,4,0.12,0.1,0.15,0.14199193116510736,0.09842033240708664,0.19486838793588085,0.12389363867316573,0.09641563011222894,0.13808809642310588,0.23506876607142946,0.30494486688949074,False,nan,False,True,
replication030_payload_com_only,20101,frozen,post_shift,1,-0.2,0.0,-0.2,-0.14160100214528124,0.0189693157866242,-0.1216435003994227,-0.20364105248147535,-0.00912851425097578,-0.18202517412234953,0.7716892004553451,0.0,False,0.33228312486560474,False,True,
replication030_payload_com_only,20102,frozen,post_shift,1,-0.2,0.0,-0.2,-0.09181892767444683,0.017079233575812043,-0.12576540087531887,-0.20520189547083648,-0.0015755553976718462,-0.1775055100887628,1.7403524996671196,0.6392522870071291,False,0.5012766690206396,False,True,
replication030_payload_com_only,20103,frozen,post_shift,1,-0.2,0.0,-0.2,-0.11372628201337358,0.011861087518154333,-0.1074869763641986,-0.20204535775309995,-0.006610199878200142,-0.18710077245857737,1.3641738890826387,0.0,False,0.47117023867348784,False,True,
replication030_payload_com_only,20104,frozen,post_shift,1,-0.2,0.0,-0.2,-0.11301854201075202,0.017320461397399116,-0.08551067393279482,-0.20337711605338374,-0.005785680447240099,-0.18339334550352715,1.6313706419118923,0.7951167041729876,False,0.6595186137122601,False,True,
replication030_payload_com_only,20105,frozen,post_shift,1,-0.2,0.0,-0.2,-0.08797378344700864,0.01997637668627997,-0.15681340786198036,-0.20503358063801608,0.0009712579227897334,-0.1849100623823354,1.7199184241377203,0.21991842413772034,False,0.3735460585348519,False,True,
replication030_payload_com_only,20106,frozen,post_shift,1,-0.2,0.0,-0.2,-0.1036508685643159,0.024987655025823004,-0.12601935812024828,-0.20355774477475716,-0.0029994660637297547,-0.18131270512027697,1.4749952306502536,0.3524827920926632,False,0.49205376857183886,False,True,
replication030_payload_com_only,20107,frozen,post_shift,1,-0.2,0.0,-0.2,-0.11882276419453124,0.023757625863661206,-0.15027832988439868,-0.20570643539408348,-0.0019666938079405147,-0.18748677098794453,1.0628585197471634,1.7990683493729178,False,0.7234859780727495,False,True,
replication030_payload_com_only,20108,frozen,post_shift,1,-0.2,0.0,-0.2,-0.1221928013453058,0.027246511825946246,-0.09614018026179269,-0.20545167557601585,-0.010910677228487695,-0.18506457761457892,1.4910747896226717,0.0,False,0.763541007822755,False,True,
replication030_payload_com_only,20109,frozen,post_shift,1,-0.2,0.0,-0.2,-0.059513256163204103,0.02184616056987428,-0.05754777963192259,-0.20126729134788104,0.00014349338183448457,-0.18591209211491513,3.418877859682247,1.918877859682247,False,0.8859425851158814,False,True,
replication030_payload_com_only,20110,frozen,post_shift,1,-0.2,0.0,-0.2,-0.11906254979215528,0.02350858130248504,-0.1376746194245798,-0.2045653706954589,-0.008237281767490686,-0.18901274074928798,1.1520338959817786,0.0,False,0.2986490385727194,False,True,
replication030_payload_com_only,20111,frozen,post_shift,1,-0.2,0.0,-0.2,-0.06354093780382856,0.019840815360962223,-0.07274201490946947,-0.19938707702200398,-0.014591404637120295,-0.1817789373160664,3.0837758054080733,1.5837758054080733,False,0.7446882523039979,False,True,
replication030_payload_com_only,20112,frozen,post_shift,1,-0.2,0.0,-0.2,-0.146317830458167,0.011066441677268293,-0.12651101902686504,-0.2091281634282645,-0.00608877048957311,-0.18123983601106874,0.6845764629946954,0.0,False,0.3597827216514863,False,True,
replication030_payload_com_only,20113,frozen,post_shift,1,-0.2,0.0,-0.2,-0.12426355894143776,0.029737563488290493,-0.11450917291806875,-0.20473887036211733,-0.012413990482265493,-0.18522483033455472,1.2937913000668368,0.0,False,0.5039352376180801,False,True,
replication030_payload_com_only,20114,frozen,post_shift,1,-0.2,0.0,-0.2,-0.12161613452663737,0.002390795071798188,-0.08860595893774004,-0.20328433237849428,-0.00025989193713714024,-0.18375815469054935,1.3462790996508447,0.981402008023071,False,0.5483301639260919,False,True,
replication030_payload_com_only,20115,frozen,post_shift,1,-0.2,0.0,-0.2,-0.08174719471251923,0.012179884844544856,-0.10901677763329498,-0.20842593033029858,-0.0015934350981772853,-0.18366294324304025,2.2842927352626465,2.3795281565852386,False,0.6384334070339136,False,True,
replication030_payload_com_only,20116,frozen,post_shift,1,-0.2,0.0,-0.2,-0.08604151728379064,0.011110306258135649,-0.1310617517778607,-0.20385621833797324,-0.009703306177935207,-0.18323190560056468,1.8770936583343474,1.5828399515194844,False,0.47642657753390044,False,True,
replication030_payload_com_only,20117,frozen,post_shift,1,-0.2,0.0,-0.2,-0.09220201016176804,0.019724364548927727,-0.09825737438077053,-0.19803807251842356,-0.00689832630728278,-0.18525055240785085,1.8929409098414929,0.3929409098414929,False,0.489868011878768,False,True,
replication030_payload_com_only,20118,frozen,post_shift,1,-0.2,0.0,-0.2,-0.11568061671401438,0.01797977849098389,-0.1323116466910224,-0.208511185637364,0.00017179747434216844,-0.1854353633740742,1.2369282520297766,2.2674778387704446,False,0.46352100244997113,False,True,
replication030_payload_com_only,20119,frozen,post_shift,1,-0.2,0.0,-0.2,-0.07204978131848161,0.020062320462457702,-0.08366481072557924,-0.20479830790641923,-0.008521381618755732,-0.17851259710703568,2.7580428823224046,1.491860343732023,False,0.5496263700651126,False,True,
replication030_payload_com_only,20120,frozen,post_shift,1,-0.2,0.0,-0.2,-0.12566551504150267,0.027501720353701006,-0.081057322098566,-0.20336878051037965,-0.005237663305881062,-0.17931735133673055,1.449696167539491,0.49606909647987374,False,0.5070029692308514,False,True,
replication030_payload_com_only,20121,frozen,post_shift,1,-0.2,0.0,-0.2,-0.11578719930351897,0.02158409082850816,-0.1553329184872473,-0.2062071916040172,-0.005407044416622236,-0.1833541713195455,1.1095788360726822,0.0,False,0.4088356919957407,False,True,
replication030_payload_com_only,20122,frozen,post_shift,1,-0.2,0.0,-0.2,-0.07891237932140371,0.005722238031891693,-0.10931652333985255,-0.2030978117855159,-0.00574186333254412,-0.18224190879601515,2.186654444576319,1.218286786978914,False,0.3682785042527796,False,True,
replication030_payload_com_only,20123,frozen,post_shift,1,-0.2,0.0,-0.2,-0.1344304951126244,0.019576156193233923,-0.1534236462850402,-0.2007093569219544,0.0013159039984586727,-0.18500953456890035,0.6246387543008088,0.0,False,0.32424526648430274,False,True,
replication030_payload_com_only,20124,frozen,post_shift,1,-0.2,0.0,-0.2,-0.10737605114034257,0.02005492556057533,-0.18272754856373372,-0.20365128787574802,-0.0031942725539927694,-0.18723578650715722,1.1697086542899062,1.850427774900394,False,0.23871868476393204,False,True,
replication030_payload_com_only,20125,frozen,post_shift,1,-0.2,0.0,-0.2,-0.12862574702485913,0.027187530871979636,-0.13001562019634622,-0.20949767206933975,-0.004155399682717456,-0.18316067417661727,1.0620618411099354,2.547033122215196,False,0.40734460077081447,False,True,
replication030_payload_com_only,20126,frozen,post_shift,1,-0.2,0.0,-0.2,-0.11496131338249846,0.023448728755933276,-0.1569722367105747,-0.20547501586950842,0.000269143747428071,-0.18473699428216245,1.0867955784711143,1.7528463018347742,False,0.6474973211485906,False,True,
replication030_payload_com_only,20127,frozen,post_shift,1,-0.2,0.0,-0.2,-0.05464080462860848,0.006663892332361121,-0.10634064338363995,-0.20327029980879777,-0.010606867078691124,-0.18483507407008598,3.0520729823170005,1.5520729823170005,False,0.6551388630262255,False,True,
replication030_payload_com_only,20128,frozen,post_shift,1,-0.2,0.0,-0.2,-0.06960884005404766,0.019453756911419377,-0.07036017409669226,-0.2062829742778434,-0.0037933092285642647,-0.18273347765009113,3.0334557612201554,3.9400141851653148,False,1.0255303572549976,False,True,
replication030_payload_com_only,20129,frozen,post_shift,1,-0.2,0.0,-0.2,-0.11242870035223146,0.01384393767646404,-0.12386244552940562,-0.2063189207534382,-0.0002788042142750096,-0.18030335551822568,1.271469111170979,1.6198216712512712,False,0.3901712126876001,False,True,
replication030_payload_com_only,20130,frozen,post_shift,1,-0.2,0.0,-0.2,-0.08193359815718733,0.01874130317388264,-0.136858991966092,-0.20737132812054987,-0.008240348206512023,-0.18161164269853217,2.087729329380291,0.587729329380291,False,0.6254398901256136,False,True,
replication030_payload_com_only,20131,frozen,post_shift,1,-0.2,0.0,-0.2,-0.10146975419119467,-0.00023476710647542376,-0.07987301952148969,-0.20188470422597857,-0.005399972172021844,-0.18302957043976645,1.8476639312574215,0.34766393125742145,False,0.8578528889455874,False,True,
replication030_payload_com_only,20132,frozen,post_shift,1,-0.2,0.0,-0.2,-0.13607546354940034,0.01668992973810218,-0.1451870765888872,-0.2031166858607501,-0.0073306696886712265,-0.18464047070154213,0.6981440490298901,0.0,False,0.2553155295208114,False,True,
replication030_payload_com_only,20133,frozen,post_shift,1,-0.2,0.0,-0.2,-0.09525162016697843,0.017311838113881636,-0.11869162279335677,-0.2058466412798531,-0.004423749246302277,-0.1876844231139065,1.810923170453836,2.2858435450602412,False,0.6600809122394953,False,True,
replication030_payload_com_only,20134,frozen,post_shift,1,-0.2,0.0,-0.2,-0.12912476817584637,0.02765368079481049,-0.13046430362279038,-0.20799890904748136,0.002045137416888385,-0.18170935172422112,0.9737254328744757,0.9794130581516692,False,0.3876310744878434,False,True,
replication030_payload_com_only,20135,frozen,post_shift,1,-0.2,0.0,-0.2,-0.11943598524442009,0.025029162684075595,-0.11580345312762672,-0.2041923423908764,-0.0014596846349955559,-0.18615852308086475,1.244507048495295,2.426935758729058,False,0.55514655775381,False,True,
replication030_payload_com_only,20136,frozen,post_shift,1,-0.2,0.0,-0.2,-0.10940783545168775,0.028872316498810908,-0.14799043993427502,-0.20573368307249792,-0.001242646136255988,-0.1834921448762091,1.2915919232130864,1.715332973484322,False,0.3911133064305854,False,True,
replication030_payload_com_only,20137,frozen,post_shift,1,-0.2,0.0,-0.2,-0.11194083646871872,0.020405630128754005,-0.1700596395960668,-0.20281859591697382,-0.0057749622960179565,-0.19068294565512509,1.0925596976429872,0.0,False,0.1104294106015133,False,True,
replication030_payload_com_only,20138,frozen,post_shift,1,-0.2,0.0,-0.2,-0.13031740793154858,0.02022379720135584,-0.1428351333694755,-0.20712274801571418,-0.0011476979255513509,-0.1858940846802045,0.8694454417071175,0.0,False,0.4212719375028532,False,True,
replication030_payload_com_only,20139,frozen,post_shift,1,-0.2,0.0,-0.2,-0.06297762174325447,0.0015086509544022992,-0.15064637604440784,-0.20352058071106102,0.000806890994577231,-0.18058811981691927,2.410765172314315,2.2264265238225978,False,0.5471918021147789,False,True,
replication030_payload_com_only,20140,frozen,post_shift,1,-0.2,0.0,-0.2,-0.12323573701090414,0.026597623616758957,-0.1302984237868689,-0.20856324937919649,0.003531480681028075,-0.1844822839830112,1.1080398356405452,0.9809723351230453,False,0.4728301081586568,False,True,
replication030_payload_com_only,20141,frozen,post_shift,1,-0.2,0.0,-0.2,-0.09135770963486879,0.009337442409091868,-0.13016078266711067,-0.2067514729241182,-0.001658870954803411,-0.18321792695536912,1.7774874204436266,1.238769316001645,False,0.5364591525514653,False,True,
replication030_payload_com_only,20142,frozen,post_shift,1,-0.2,0.0,-0.2,-0.11923128050107265,0.02287670194206501,-0.1172060544079116,-0.20767453734098423,-0.002644193987705969,-0.1811850804511228,1.2625664678870676,2.4050380399421663,False,0.3689358797683714,False,True,
replication030_payload_com_only,20143,frozen,post_shift,1,-0.2,0.0,-0.2,-0.11897833978966178,0.018289140975278395,-0.07385038356799821,-0.20387986888439188,0.0015624058489788902,-0.18048014110043586,1.5828555687422219,1.4160847778748005,False,0.5013291646783429,False,True,
replication030_payload_com_only,20144,frozen,post_shift,1,-0.2,0.0,-0.2,-0.10580628834389802,0.02054759909649343,-0.09709862657836489,-0.20624655216985707,-0.005224340501433293,-0.18369572577084786,1.7471162079788538,1.403438546372859,False,0.4802856675671387,False,True,
replication030_payload_com_only,20145,frozen,post_shift,1,-0.2,0.0,-0.2,-0.13019030034171974,-0.023539502060914007,-0.09658646766690838,-0.2071026989915232,0.0008293161321511022,-0.17980264583027053,1.1959679460929442,1.4527543965911918,False,0.6750498702063272,False,True,
replication030_payload_com_only,20146,frozen,post_shift,1,-0.2,0.0,-0.2,-0.11334536009135562,0.020903923209498715,-0.11376220497933605,-0.20236561179227672,-0.005507826679589771,-0.1781407762832332,1.2820944205271034,0.0,False,0.4956947196666825,False,True,
replication030_payload_com_only,20147,frozen,post_shift,1,-0.2,0.0,-0.2,-0.12919973344469762,0.01901858678413995,-0.13693891078157377,-0.20649324788163662,0.0023001480635695334,-0.18477543102451502,0.8795844841077938,0.0,False,0.3922973525850523,False,True,
replication030_payload_com_only,20148,frozen,post_shift,1,-0.2,0.0,-0.2,-0.10608349471660079,0.02904134378101528,-0.13375444858458513,-0.19797657857936804,-0.002994182245618763,-0.18171287536035438,1.268427244168272,0.0,False,0.25644572461691567,False,True,
replication030_payload_com_only,20149,frozen,post_shift,1,-0.2,0.0,-0.2,-0.11215964256791539,0.03540926000117703,-0.10863312296883501,-0.20600726450817033,-0.008427796577609621,-0.1859990145287513,1.648774497782365,0.14877449778236507,False,0.8689443893685972,False,True,
replication030_payload_com_only,20150,frozen,post_shift,1,-0.2,0.0,-0.2,-0.11325217437497372,0.023663406215181565,-0.10769614899389847,-0.19884158787490355,-0.00027748572419352666,-0.18330408917094274,1.296292327638643,0.23028387196771294,False,0.3238624267932181,False,True,
replication030_payload_com_only,20151,frozen,post_shift,1,-0.2,0.0,-0.2,-0.08574385340859046,0.002119912938203018,-0.11845055455377249,-0.20560011790289137,-0.0012124841623007516,-0.1853468197605317,1.993694768860261,3.202224212640597,False,0.908516360269557,False,True,
replication030_payload_com_only,20152,frozen,post_shift,1,-0.2,0.0,-0.2,-0.08757750269936962,0.00833724911838153,-0.11218969608814931,-0.20881459039965297,0.0018236071074068335,-0.1855131036848654,2.0866953346782795,2.3267848309514583,False,0.8571323563296775,False,True,
replication030_payload_com_only,20153,frozen,post_shift,1,-0.2,0.0,-0.2,-0.09827152776223019,0.009616244982853617,-0.13347958779466454,-0.20756898890663344,-0.0118004648157136,-0.18061168348619122,1.617729800442154,0.11772980044215409,False,0.4707335113667028,False,True,
replication030_payload_com_only,20154,frozen,post_shift,1,-0.2,0.0,-0.2,-0.09903134529425692,0.02653502819921152,-0.12557226222877887,-0.20840317699388664,0.002063345780434472,-0.18430914442682864,1.705185782060826,1.3789509600036896,False,0.5583941817657454,False,True,
replication030_payload_com_only,20155,frozen,post_shift,1,-0.2,0.0,-0.2,-0.10918208869977336,0.021181135422020967,-0.13384673854579296,-0.20509310101571016,-0.004190357581036802,-0.1847207772834567,1.3336208001566368,2.0440257338070813,False,0.4806052990349362,False,True,
replication030_payload_com_only,20156,frozen,post_shift,1,-0.2,0.0,-0.2,-0.08906400657340383,0.010095131671484374,-0.08960570048272654,-0.20896212227467745,-0.0005073534446770686,-0.1846299854568953,2.281932633549108,3.352168431804842,False,1.0565796109102636,False,True,
replication030_payload_com_only,20157,frozen,post_shift,1,-0.2,0.0,-0.2,-0.13657219018915545,0.018584505957986507,-0.16039686725848362,-0.2056225494818139,-0.005911018600719173,-0.18062539098585093,0.6587921915848872,0.037196161135865435,False,0.12458384849238112,False,True,
replication030_payload_com_only,20158,frozen,post_shift,1,-0.2,0.0,-0.2,-0.14500645914879465,0.023800072794939675,-0.15391990735152955,-0.20311226691495235,-0.0031208410930179497,-0.18059817950661222,0.5255934439266967,0.0,False,0.3939031847593614,False,True,
replication030_payload_com_only,20159,frozen,post_shift,1,-0.2,0.0,-0.2,-0.044036707263307336,0.022046022635879577,-0.04769463026675918,-0.2006796970164519,-0.004996896855952352,-0.18431445717934355,4.168822130274575,2.6688221302745747,False,0.9086776277699049,False,True,
replication030_payload_com_only,20160,frozen,post_shift,1,-0.2,0.0,-0.2,-0.05341881995612319,0.010564144691533805,-0.0897318128907547,-0.20414959663510476,-0.0035604128567359515,-0.18464389549602125,3.2890814377847,3.2325656067938713,False,1.1348490566705236,False,True,
replication030_payload_com_only,20161,frozen,post_shift,1,-0.2,0.0,-0.2,-0.09765436108718828,0.00672425735855546,-0.13478837928616297,-0.20538887987539972,-0.007564556248493038,-0.18528725257725684,1.5670387518953353,0.06703875189533526,False,0.577027008912052,False,True,
replication030_payload_com_only,20162,frozen,post_shift,1,-0.2,0.0,-0.2,-0.09598366501123762,0.02927720617372391,-0.08913097360006451,-0.20942866786501,-0.008961784685811403,-0.1827684457176473,2.2502253598387765,1.586645094291509,False,0.9996283299868155,False,True,
replication030_payload_com_only,20163,frozen,post_shift,1,-0.2,0.0,-0.2,-0.1273908889651554,0.021280907740496735,-0.1481274885839679,-0.19944230048844316,-0.0010039948712337423,-0.18373591595093255,0.7563496428236363,0.0,False,0.3336245059318379,False,True,
replication030_payload_com_only,20164,frozen,post_shift,1,-0.2,0.0,-0.2,-0.06099210632656228,0.019552559593353485,-0.05304440148821654,-0.20303473500417737,-0.012294304377223206,-0.18380116351855255,3.5901124259691417,2.0901124259691417,False,0.7655770678338065,False,True,
replication030_payload_com_only,20165,frozen,post_shift,1,-0.2,0.0,-0.2,-0.10508727807224895,0.026721396574452543,-0.09406811410429855,-0.20002493800828514,-0.010201143375137289,-0.18123640441136282,1.7068628490491005,0.20686284904910046,False,0.5740310760048745,False,True,
replication030_payload_com_only,20166,frozen,post_shift,1,-0.2,0.0,-0.2,-0.11461073851502918,0.02416478377888432,-0.14082680364058686,-0.2048696548392428,-0.0013844475577492858,-0.18670168715133129,1.1794265228154235,3.290267027975216,False,0.414899270562194,False,True,
replication030_payload_com_only,20167,frozen,post_shift,1,-0.2,0.0,-0.2,-0.07619679199680814,0.004213041675767499,-0.1520373508045635,-0.198043315562328,-0.008999731230980102,-0.1893096934781622,1.877625833910422,0.3776258339104219,False,0.5001605950589744,False,True,
replication030_payload_com_only,20168,frozen,post_shift,1,-0.2,0.0,-0.2,-0.11332807269465203,0.024183950390614807,-0.12473572139737092,-0.2049993802495997,0.003174842974978248,-0.1873616146295638,1.2920256207375382,0.0,False,0.5201588478305631,False,True,
replication030_payload_com_only,20169,frozen,post_shift,1,-0.2,0.0,-0.2,-0.07794982503403376,0.022938040888275942,-0.15862401610455354,-0.2039988368068153,0.0007147694722905775,-0.1866282016780037,1.994170576909809,1.4036391347611246,False,0.5531759448041451,False,True,
replication030_payload_com_only,20170,frozen,post_shift,1,-0.2,0.0,-0.2,-0.13076645357419855,0.02434836665369344,-0.15105956394675307,-0.20376811259930042,0.004466815122348961,-0.18454099891941317,0.7435689701900547,0.0,False,0.419989230219887,False,True,
replication030_payload_com_only,20171,frozen,post_shift,1,-0.2,0.0,-0.2,-0.1285669338709768,0.016880311283769774,-0.1532595263605084,-0.2086533613373932,-0.00412449624863333,-0.17829438355128183,0.8557285443790462,0.2705090699565579,False,0.24813865160508877,False,True,
replication030_payload_com_only,20172,frozen,post_shift,1,-0.2,0.0,-0.2,-0.05337461562782177,0.0190829139945535,-0.0669476853677468,-0.2053830104410817,-0.009603507957934607,-0.1774746214432734,3.605729533957534,2.4106744008470247,False,0.7320830231404601,False,True,
replication030_payload_com_only,20101,frozen,post_shift,2,-0.2,0.0,0.2,-0.07381434355153361,0.009066356012581748,0.11165169809543411,-0.20325990514090914,-0.011697504550207518,0.19764244178715756,2.5041847123062353,1.0041847123062353,False,0.4110190839147232,True,True,
replication030_payload_com_only,20102,frozen,post_shift,2,-0.2,0.0,0.2,-0.0707108418289338,0.021518947510063516,0.0944929602941389,-0.20692233781050795,-0.0008962399463841691,0.18770026331597534,2.81579154729296,1.9550438343000893,False,0.38935615148040076,True,True,
replication030_payload_com_only,20103,frozen,post_shift,2,-0.2,0.0,0.2,-0.10329662123703087,0.0007214876750835285,0.11166697408597023,-0.20019029820888237,-0.006467158947424958,0.19563002822852477,1.5555336746887856,0.05553367468878556,False,0.44375976562747615,True,True,
replication030_payload_com_only,20104,frozen,post_shift,2,-0.2,0.0,0.2,-0.1105348129811196,-0.0038491803244523706,0.13468658117945714,-0.20359915637498638,-0.0091757215249475,0.19686654001154102,1.2656318613456539,0.5607485655186415,False,0.7007712776427835,True,True,
replication030_payload_com_only,20105,frozen,post_shift,2,-0.2,0.0,0.2,-0.08313381748645289,0.015295904348621358,0.09307966177561176,-0.2034642421562245,0.0018573125884211062,0.19509687924133265,2.377564106402142,1.0974825305398626,False,0.38564909539724224,True,True,
replication030_payload_com_only,20106,frozen,post_shift,2,-0.2,0.0,0.2,-0.11520159170143884,0.009693996164770248,0.07052765652306656,-0.2042509146111693,-0.006470693793026988,0.19739054273641482,1.9968258163899646,0.8493086084826278,False,0.6972753550727719,True,True,
replication030_payload_com_only,20107,frozen,post_shift,2,-0.2,0.0,0.2,-0.07281931633275657,0.013813644692626642,0.10100675479254888,-0.20529918039603587,-0.006905139678692689,0.19945469345566685,2.76045407230664,3.059522421679558,False,0.39857747486830536,True,True,
replication030_payload_com_only,20108,frozen,post_shift,2,-0.2,0.0,0.2,-0.09423463241510181,0.004088213853718159,0.1156558572648339,-0.20372164279201216,-0.010313485997149992,0.1842355173308451,1.7332696896631532,0.2332696896631532,False,0.4395063910350239,True,True,
replication030_payload_com_only,20109,frozen,post_shift,2,-0.2,0.0,0.2,-0.08385374969268043,0.01368788716286593,0.11629695999586773,-0.19963438602114822,-0.0009638832484435516,0.19397258326341182,1.9763550372426169,2.3952328969248637,False,0.2664470464043992,False,True,
replication030_payload_com_only,20110,frozen,post_shift,2,-0.2,0.0,0.2,-0.11083487231878326,-0.01065127389808568,0.1112570175229466,-0.20253212986107147,-0.005311884165123725,0.1975123995496662,1.449704274833432,0.0,False,0.6442940327132438,False,True,
replication030_payload_com_only,20111,frozen,post_shift,2,-0.2,0.0,0.2,-0.11286685946233711,-5.934551410901011e-05,0.12304291733973495,-0.19802656614667696,-0.013443417881270561,0.1856413154394254,1.1172191604006914,1.2009949658087646,False,0.516814069023809,True,True,
replication030_payload_com_only,20112,frozen,post_shift,2,-0.2,0.0,0.2,-0.09455614681754852,0.009545568810520884,0.08618466036786772,-0.20769326104791275,-0.010689676847569166,0.20767631701532935,2.509075365258026,1.0090753652580262,False,0.46993969019626314,True,True,
replication030_payload_com_only,20113,frozen,post_shift,2,-0.2,0.0,0.2,-0.08377341067002737,0.011703386608643547,0.11104121815877266,-0.20221544506503955,-0.014622642537216075,0.1975901593839026,2.2179477901250935,0.7179477901250935,False,0.35974683827773724,True,True,
replication030_payload_com_only,20114,frozen,post_shift,2,-0.2,0.0,0.2,-0.1083664684154583,-0.00824106110892806,0.11580966489737482,-0.20245704793670613,-0.004356374617616835,0.20273525098339468,1.5258537792427285,1.0072557872657995,False,0.675470871344967,True,True,
replication030_payload_com_only,20115,frozen,post_shift,2,-0.2,0.0,0.2,-0.08127294378787554,0.019354721812610613,0.1144862825502236,-0.20878041163192013,-0.005627803511352303,0.19850899588616613,2.452873501082336,3.3324016576675746,False,0.5144114351072636,True,True,
replication030_payload_com_only,20116,frozen,post_shift,2,-0.2,0.0,0.2,-0.11459995159094814,-0.015173104643208554,0.12102715408842878,-0.20439276683474883,-0.014109367419004233,0.19977494262887066,1.3517728433399014,1.4346127948593859,False,0.7369696738985929,True,True,
replication030_payload_com_only,20117,frozen,post_shift,2,-0.2,0.0,0.2,-0.09325591216085953,0.011814987790374688,0.12124496389524995,-0.19587436521571044,-0.007630065156989556,0.1870957675626313,1.5556673581727958,0.44860826801428866,False,0.486580131198371,True,True,
replication030_payload_com_only,20118,frozen,post_shift,2,-0.2,0.0,0.2,-0.0711556454752421,0.0192057846781467,0.09967514655035349,-0.208990678897428,-0.003225823115888595,0.19607272313675655,2.9149582269730687,3.6824360657435133,False,0.4485935328820725,True,True,
replication030_payload_com_only,20119,frozen,post_shift,2,-0.2,0.0,0.2,-0.12089478289387434,-0.008331853952866286,0.13543220772036485,-0.2029133890703945,-0.007074055599501187,0.1866417934507575,0.9616663938482,0.953526737580223,False,0.7470547518107882,True,True,
replication030_payload_com_only,20120,frozen,post_shift,2,-0.2,0.0,0.2,-0.10342527276740762,-0.006999922221551712,0.13486450214358078,-0.20302311198763276,-0.007427761360789965,0.20130400492928763,1.4381985731245255,0.4342676696043992,False,0.6620937301911473,True,True,
replication030_payload_com_only,20121,frozen,post_shift,2,-0.2,0.0,0.2,-0.07377283560575912,0.014325206098602111,0.09140342772748371,-0.20550358886340364,-0.0037849345680454026,0.18195609646443153,2.6327260955812224,1.1327260955812224,False,0.34767627661662215,True,True,
replication030_payload_com_only,20122,frozen,post_shift,2,-0.2,0.0,0.2,-0.09195701079174427,0.00981496189418464,0.11718545423304298,-0.20159697286268544,-0.00570053542410759,0.2023765326673453,1.9029213691385929,1.621208156117507,False,0.4876271645317552,True,True,
replication030_payload_com_only,20123,frozen,post_shift,2,-0.2,0.0,0.2,-0.10544191594568017,-0.010925077456925754,0.10843961432964867,-0.19886424476545453,0.00037677677700780234,0.1956899932304644,1.5304706051045107,0.030470605104510717,False,0.43917666863112437,True,True,
replication030_payload_com_only,20124,frozen,post_shift,2,-0.2,0.0,0.2,-0.10967074659714436,-0.018167882943645377,0.08634716145920959,-0.20356550319292482,-0.00425573614061882,0.19641446376983646,1.8377363154121802,2.188164090312574,False,0.7645696211163354,False,True,
replication030_payload_com_only,20125,frozen,post_shift,2,-0.2,0.0,0.2,-0.06686828424258827,0.011436656065499413,0.10992412241740611,-0.20994292430382774,-0.007080329413317521,0.1942972373109876,2.925726747347913,3.972759869563109,False,0.4379214737968435,True,True,
replication030_payload_com_only,20126,frozen,post_shift,2,-0.2,0.0,0.2,-0.09622716873554192,0.0009848641427729358,0.07749170409009593,-0.2046296456952387,-0.0035945441952208424,0.19724881258676252,2.3014999589397016,2.5543462607744756,False,0.6027052581907594,True,True,
replication030_payload_com_only,20127,frozen,post_shift,2,-0.2,0.0,0.2,-0.10075796063106886,0.01018612937133935,0.10104056653135396,-0.20341303327156657,-0.008218128655742446,0.18590257388569745,1.7371755088293421,1.7892484911463427,False,0.31117224356889567,True,True,
replication030_payload_com_only,20128,frozen,post_shift,2,-0.2,0.0,0.2,-0.08838053325614759,0.008673551816461499,0.1202505339111245,-0.20183121767797643,-0.0034782255295252437,0.19997100542205162,1.9193728530425425,4.359387038207857,True,0.5796743076344519,True,True,
replication030_payload_com_only,20129,frozen,post_shift,2,-0.2,0.0,0.2,-0.09119479890695899,0.007757009230656457,0.09558834622875952,-0.20751476512812167,-0.0022217448789072928,0.19943368334022515,2.306584379391376,2.4264060506426475,False,0.5775914657457301,True,True,
replication030_payload_com_only,20130,frozen,post_shift,2,-0.2,0.0,0.2,-0.1090458468135406,-0.0047128112098003255,0.0849222673465897,-0.20660306276139503,-0.008249491241002112,0.19314971446379325,1.878697030160622,0.966426359540913,False,0.5391245756305244,True,True,
replication030_payload_com_only,20131,frozen,post_shift,2,-0.2,0.0,0.2,-0.11036792207389841,-0.0032924699866418213,0.12656461085142573,-0.20039186881988724,-0.004055219577569838,0.18622303746277594,1.180510772630767,0.028174703888188546,False,0.6148182449828803,True,True,
replication030_payload_com_only,20132,frozen,post_shift,2,-0.2,0.0,0.2,-0.09681561673742968,-0.014819063657382904,0.08097924663428657,-0.20313029240206126,-0.006867118804391726,0.18836901023736907,2.0695933353681144,0.5695933353681144,False,0.6034329196397004,False,True,
replication030_payload_com_only,20133,frozen,post_shift,2,-0.2,0.0,0.2,-0.10063770004880809,0.0208881602771992,0.10023438719197612,-0.2055253000561037,-0.0084633149437353,0.19628316035346638,1.9869072058641866,2.772750750924428,False,0.586421073059876,True,True,
replication030_payload_com_only,20134,frozen,post_shift,2,-0.2,0.0,0.2,-0.05953786339101227,0.018993609596812372,0.09447533684556017,-0.21006833498385313,0.00020292077506134417,0.19701067168066175,3.4118506927765053,2.8912637509281747,False,0.3955035329845749,True,True,
replication030_payload_com_only,20135,frozen,post_shift,2,-0.2,0.0,0.2,-0.06955444741987618,0.011448736966766643,0.09867434923385295,-0.20515534925381215,-0.005073142457968875,0.19573464606657012,2.8159766872286105,3.7429124459576686,False,0.3818421425560555,True,True,
replication030_payload_com_only,20136,frozen,post_shift,2,-0.2,0.0,0.2,-0.06852531451789796,0.011707782374938639,0.08963640837732563,-0.20423126282224893,-0.0038797631005724202,0.19918393658938566,2.960887139720597,3.176220113204919,False,0.38154562146777304,True,True,
replication030_payload_com_only,20137,frozen,post_shift,2,-0.2,0.0,0.2,-0.09821155898706935,0.0012229428837422984,0.09267522719406598,-0.2021582347055048,-0.003882800997902047,0.20257677051680917,2.041626456840477,0.5416264568404769,False,0.4841509270135068,False,True,
replication030_payload_com_only,20138,frozen,post_shift,2,-0.2,0.0,0.2,-0.10307295633191506,-0.006411568704961542,0.10535922617320419,-0.20531684516986806,-0.0012697607308456865,0.19397118287286985,1.7146187614351402,0.21461876143514025,False,0.5359181869663862,True,True,
replication030_payload_com_only,20139,frozen,post_shift,2,-0.2,0.0,0.2,-0.11318402080808174,-0.010885157254827789,0.09319187958361125,-0.20360393200964608,-0.002352797392222357,0.2062215665246373,1.7864944169608845,2.5129209407834825,False,0.71321726275005,True,True,
replication030_payload_com_only,20140,frozen,post_shift,2,-0.2,0.0,0.2,-0.07865421533814401,0.016673769302404388,0.09874121975813262,-0.20941166074525336,0.0013011116490680129,0.19527447754879487,2.623267022158887,2.1042393572819322,False,0.523828242899628,True,True,
replication030_payload_com_only,20141,frozen,post_shift,2,-0.2,0.0,0.2,-0.10167240325017088,0.013886738259978734,0.06815151750288011,-0.2072927887396338,-0.00507218115948356,0.19489667920685913,2.391359198676942,2.130128514678587,False,0.6281901257161083,True,True,
replication030_payload_com_only,20142,frozen,post_shift,2,-0.2,0.0,0.2,-0.09490322119282393,0.0077673864714559145,0.10245983685076619,-0.2080592282287085,-0.0032975021622160708,0.19826947159503588,2.112491725505327,3.017529765447493,False,0.5828336931189566,True,True,
replication030_payload_com_only,20143,frozen,post_shift,2,-0.2,0.0,0.2,-0.07386289806893999,0.0044819802258117365,0.1136270678166605,-0.20313057496332645,-0.0014711157790388352,0.19991581967894334,2.453342659131405,2.3694274370062054,False,0.4844962544016521,True,True,
replication030_payload_com_only,20144,frozen,post_shift,2,-0.2,0.0,0.2,-0.09871556957976242,0.0028501067833809164,0.12865626918922923,-0.20768816654144032,-0.008020944797615594,0.19590022647679733,1.69817966958875,1.601618215961609,False,0.6285461842572958,True,True,
replication030_payload_com_only,20145,frozen,post_shift,2,-0.2,0.0,0.2,-0.058286103417847464,0.019880989287891535,0.09267683654455997,-0.20718316464098968,-0.0017717633418403767,0.19767940179912216,3.3801715260682053,3.3329259226593972,False,0.40434198744620525,True,True,
replication030_payload_com_only,20146,frozen,post_shift,2,-0.2,0.0,0.2,-0.0761042258571622,0.008265681007539624,0.08802264881958431,-0.20079414817789784,-0.005609829518769131,0.18760670696518061,2.5053940909017696,1.0053940909017696,False,0.2999140686644639,False,True,
replication030_payload_com_only,20147,frozen,post_shift,2,-0.2,0.0,0.2,-0.09340129630969261,0.0024878098837682948,0.08751073939072582,-0.20877194635577837,0.0007183523997458179,0.1981556379665593,2.338352687511734,0.8383526875117342,False,0.5501021734196458,True,True,
replication030_payload_com_only,20148,frozen,post_shift,2,-0.2,0.0,0.2,-0.1023007466897312,0.0020578535432320202,0.12196561685517766,-0.198607436491176,8.314638372963407e-05,0.1802323613714701,1.296112489203136,0.0,False,0.5027428062555308,False,True,
replication030_payload_com_only,20149,frozen,post_shift,2,-0.2,0.0,0.2,-0.0632616884554506,0.019956672601278855,0.10009978238138068,-0.20483996064532736,-0.010632819128052466,0.198526758947051,3.1009661266529243,1.7497406244352893,False,0.26621171993152726,False,True,
replication030_payload_com_only,20150,frozen,post_shift,2,-0.2,0.0,0.2,-0.08051287665155474,0.006668268204180061,0.11316935086378155,-0.197736387551938,-0.0034275045708230954,0.1971103675069887,2.0798940151984753,0.8101778871661882,False,0.41762780908188746,True,True,
replication030_payload_com_only,20151,frozen,post_shift,2,-0.2,0.0,0.2,-0.07341193887835326,0.021314670319525456,0.09220150137196291,-0.2060312185271692,-0.006290057485664695,0.20091006440340112,2.9343374184880315,4.636561631128629,True,0.42597535993967717,True,True,
replication030_payload_com_only,20152,frozen,post_shift,2,-0.2,0.0,0.2,-0.11876544676941292,-0.021859938392903257,0.12615894142796122,-0.20816784561604187,0.0013396011140001198,0.1925814160161481,1.2848469026185383,2.111631733569997,False,0.8329988323191958,True,True,
replication030_payload_com_only,20153,frozen,post_shift,2,-0.2,0.0,0.2,-0.0978412118700191,-0.006791813923152101,0.07582552711369575,-0.2066258236548233,-0.009345633116528838,0.18693475771401374,2.1999227795679315,0.8176525800100856,False,0.4906775800525506,True,True,
replication030_payload_com_only,20154,frozen,post_shift,2,-0.2,0.0,0.2,-0.07210610232547374,0.023807795936381618,0.10264851404276573,-0.2072028947820819,0.0005394769175987795,0.19205459044215042,2.7109787111661388,2.5899296711698283,False,0.4976440308411276,True,True,
replication030_payload_com_only,20155,frozen,post_shift,2,-0.2,0.0,0.2,-0.11092957554332315,0.0074611937169461445,0.09894798998809848,-0.20360072796419038,-0.006361649960658389,0.19736988368436573,1.6481099906240164,2.1921357244310977,False,0.6581875512236897,True,True,
replication030_payload_com_only,20156,frozen,post_shift,2,-0.2,0.0,0.2,-0.1085824754372019,-0.0012538979926749814,0.12148513044068827,-0.20939945827793535,-0.0038243882961855554,0.19726167521810237,1.559371328091502,3.411539759896344,False,0.7255501833442483,True,True,
replication030_payload_com_only,20157,frozen,post_shift,2,-0.2,0.0,0.2,-0.08296951373856934,0.008849436945309368,0.08248107510617811,-0.20578630258305508,-0.005615396406118318,0.1858431958457017,2.499734093282864,1.036930254418729,False,0.4049844230425997,False,True,
replication030_payload_com_only,20158,frozen,post_shift,2,-0.2,0.0,0.2,-0.06174433766959938,0.017125403564043636,0.10151119397190644,-0.2033213094209138,-0.006374506922881958,0.19935850140080486,3.058859306075668,1.558859306075668,False,0.27953820512984123,False,True,
replication030_payload_com_only,20159,frozen,post_shift,2,-0.2,0.0,0.2,-0.08536756614890074,0.01846309488490346,0.09575542664327297,-0.20091277233126145,-0.0043731343703932194,0.17885657633900526,2.090016009250468,3.2588381395250425,False,0.26373478988216087,False,True,
replication030_payload_com_only,20160,frozen,post_shift,2,-0.2,0.0,0.2,-0.08025556219510852,0.016203859430689194,0.0956748307616724,-0.20218107172805444,-0.008279328023883228,0.20192493379697227,2.5605134523721893,4.293079059166061,True,0.41903507525425865,True,True,
replication030_payload_com_only,20161,frozen,post_shift,2,-0.2,0.0,0.2,-0.11421920604984326,-0.017326766899748186,0.1083202515422769,-0.20371354903531888,-0.006469195174326796,0.18494788573320614,1.34437734241781,0.0,False,0.7213689315844384,True,True,
replication030_payload_com_only,20162,frozen,post_shift,2,-0.2,0.0,0.2,-0.05622554498558311,0.01595803955924072,0.09436373543191345,-0.2097754224793214,-0.009279483717728762,0.18403729183367287,3.385446369221311,3.47209146351282,False,0.21546052287926465,False,True,
replication030_payload_com_only,20163,frozen,post_shift,2,-0.2,0.0,0.2,-0.11063906948079844,0.01174509566808047,0.056519378039490024,-0.1985484925460765,-0.004662868950239824,0.194114412896375,2.1502368362501487,0.6502368362501487,False,0.6715707120883084,True,True,
replication030_payload_com_only,20164,frozen,post_shift,2,-0.2,0.0,0.2,-0.11233960492915109,0.0020255181294277997,0.12206495196233336,-0.20039594565700647,-0.012586294350005758,0.20029299381569904,1.3176975626607512,1.907809988629893,False,0.5757104694069433,True,True,
replication030_payload_com_only,20165,frozen,post_shift,2,-0.2,0.0,0.2,-0.08504427845272927,0.015599404041121845,0.11719677005228486,-0.20132333543942624,-0.008687013045100306,0.18342668238636142,1.941071548918364,0.6479343979674645,False,0.3971656646420937,True,True,
replication030_payload_com_only,20166,frozen,post_shift,2,-0.2,0.0,0.2,-0.09563202014613964,-0.0004724961742176653,0.10085953265493885,-0.20563300321465622,-0.0056709576879400555,0.19765321714351275,2.0149701182494453,3.8052371462246612,False,0.6061329201956289,True,True,
replication030_payload_com_only,20167,frozen,post_shift,2,-0.2,0.0,0.2,-0.1131177762024528,-0.002444449169148739,0.09731060696607602,-0.19680228630251373,-0.006152329591246032,0.18345165241367611,1.2956821317745864,0.17330796568500828,False,0.5780988136769695,True,True,
replication030_payload_com_only,20168,frozen,post_shift,2,-0.2,0.0,0.2,-0.06559635571668619,0.015235957733004298,0.10373447275327073,-0.2032902236532333,0.0027493074134232144,0.19444032636511008,2.7588676429492693,1.2588676429492693,False,0.24230873856220317,False,True,
replication030_payload_com_only,20169,frozen,post_shift,2,-0.2,0.0,0.2,-0.1127292795710099,-0.0008405262666840534,0.09670684485678235,-0.20215292876700106,0.0010307053286086314,0.19466082824486577,1.5328776013510084,1.436516736112133,False,0.6838884220373378,True,True,
replication030_payload_com_only,20170,frozen,post_shift,2,-0.2,0.0,0.2,-0.0741441210196742,0.014607717249425143,0.08634639770706898,-0.20258281364844194,0.004428448292784362,0.19563713458432797,2.7020220258342147,1.2020220258342147,False,0.3600942193107794,True,True,
replication030_payload_com_only,20171,frozen,post_shift,2,-0.2,0.0,0.2,-0.09942459063250259,-0.005480154565577288,0.07559656509434075,-0.20933615837123246,-0.004012993040251088,0.18922071761086526,2.2626299057126773,1.0331389756692353,False,0.5788672056782028,False,True,
replication030_payload_com_only,20172,frozen,post_shift,2,-0.2,0.0,0.2,-0.10195963144824041,0.012957019011396448,0.10815548564565643,-0.2058779625658495,-0.008076982151760871,0.1876902676572749,1.7238868126281062,2.6345612134751306,False,0.5110174183023287,True,True,
replication030_payload_com_only,20101,frozen,post_shift,3,0.12,-0.1,-0.15,0.04925955336741446,-0.02884631558608113,-0.08512274874180455,0.11789185681672382,-0.10299727225224024,-0.13055491561492763,1.312568828254601,0.8167535405608364,False,0.809176221416472,False,True,
replication030_payload_com_only,20102,frozen,post_shift,3,0.12,-0.1,-0.15,0.1031607214200656,-0.07233959588253046,-0.10261674246379525,0.12257792087519886,-0.10358929383519666,-0.13139579310427674,0.20994972951616306,0.6649935638162523,False,0.16313687315512548,False,True,
replication030_payload_com_only,20103,frozen,post_shift,3,0.12,-0.1,-0.15,0.11831453144699285,-0.07372906949657945,-0.03708152382006615,0.11981022806756246,-0.10318238346734054,-0.13908960361855183,0.7449030633293763,0.0,False,0.45611031947204694,False,True,
replication030_payload_com_only,20104,frozen,post_shift,3,0.12,-0.1,-0.15,0.11120463729886308,-0.06785989188903031,-0.07972767442883935,0.11683452553110704,-0.10388972283836363,-0.1317629332680768,0.3221189975992069,0.0,False,0.22696609258066994,False,True,
replication030_payload_com_only,20105,frozen,post_shift,3,0.12,-0.1,-0.15,0.11538768259311911,-0.058588695034039816,-0.050513597178909034,0.12164903921390025,-0.09833032942120046,-0.13139894113925832,0.5914319177997704,0.188914448339633,False,nan,False,False,BASE_HEIGHT_LIMIT
replication030_payload_com_only,20106,frozen,post_shift,3,0.12,-0.1,-0.15,0.10962812175676959,-0.06663303207972611,-0.03945315985582984,0.12077432395560621,-0.09819661019336287,-0.12987293702354974,0.6346339612602342,0.0,False,0.4166481402453125,False,True,
replication030_payload_com_only,20107,frozen,post_shift,3,0.12,-0.1,-0.15,0.07928783412013238,-0.033803419921672975,-0.10043107539361898,0.11704622582094054,-0.10198008338998478,-0.1342148473614011,0.7790444433431342,2.338566865022692,False,0.2547193022019023,False,True,
replication030_payload_com_only,20108,frozen,post_shift,3,0.12,-0.1,-0.15,0.043905956540834255,-0.029424985643123316,-0.05315185236533213,0.12008848773721553,-0.10973655218689796,-0.13556449059197237,1.8394363791665598,0.572706068829713,False,1.0574457747864923,False,True,
replication030_payload_com_only,20109,frozen,post_shift,3,0.12,-0.1,-0.15,0.08569866535928905,-0.08765278973959988,-0.09500888892803533,0.11884833211779001,-0.09845720843255172,-0.13638878240926736,0.24833387462979203,1.1435667715546558,False,0.29595618817250136,False,True,
replication030_payload_com_only,20110,frozen,post_shift,3,0.12,-0.1,-0.15,0.09826631815702058,-0.04591861949375804,-0.03167208378703168,0.12379021426599014,-0.11380554949975953,-0.13552731814107946,1.2742353454562125,0.0,False,1.2704048638571441,True,True,
replication030_payload_com_only,20111,frozen,post_shift,3,0.12,-0.1,-0.15,0.12086843359318446,-0.020897564044723572,-0.02464759576986024,0.12412258099404234,-0.10752886479744618,-0.13209890807613622,1.5746394104519421,1.2756343762607067,False,1.1970674771410033,False,True,
replication030_payload_com_only,20112,frozen,post_shift,3,0.12,-0.1,-0.15,0.07674035509834742,-0.04105027740861062,-0.12091768015921944,0.11759014840782166,-0.10701609741644987,-0.13288103228414153,0.7148456437545803,0.22392100901260648,False,0.8343760138487057,False,True,
replication030_payload_com_only,20113,frozen,post_shift,3,0.12,-0.1,-0.15,0.06909131391330349,-0.07994044867180398,-0.08050742721851967,0.12164063599169342,-0.10992582157245324,-0.13395267228513663,0.6073168356070772,0.0,False,0.40795163050108,False,True,
replication030_payload_com_only,20114,frozen,post_shift,3,0.12,-0.1,-0.15,0.07388431174193273,-0.058535454578366085,-0.06043668792108104,0.11823437322145292,-0.10577703538803376,-0.1295570435662056,0.7874405452614245,0.29469633252722394,False,0.6635710208900959,False,True,
replication030_payload_com_only,20115,frozen,post_shift,3,0.12,-0.1,-0.15,0.11481263673608375,-0.058785684761090806,-0.05768875858418787,0.1182789881229954,-0.10209567943982602,-0.13661059218909796,0.6022136118573126,2.4346152695248873,False,0.4809496005621407,False,True,
replication030_payload_com_only,20116,frozen,post_shift,3,0.12,-0.1,-0.15,0.10319736833008791,-0.061314176998905685,-0.0543952697726002,0.12336315848102773,-0.10539469003271512,-0.12920021329993403,0.6196603733647206,0.5542731682241064,False,0.3656660541117012,False,True,
replication030_payload_com_only,20117,frozen,post_shift,3,0.12,-0.1,-0.15,0.11189806556240224,-0.08420530624676931,-0.07088548453615943,0.12310235244771735,-0.10854375895582886,-0.12731917026272266,0.28019910997680736,0.0,False,0.15022464823029996,False,True,
replication030_payload_com_only,20118,frozen,post_shift,3,0.12,-0.1,-0.15,0.0914461124707269,-0.0777974158685443,-0.08476534292103713,0.11908633220139583,-0.10044926938116647,-0.13514764397852314,0.30672376791804795,2.489159833661561,False,0.22941788362264962,False,True,
replication030_payload_com_only,20119,frozen,post_shift,3,0.12,-0.1,-0.15,0.10770167198312411,-0.07374031094844222,-0.029033588792486263,0.12297161834347799,-0.10684977316778099,-0.13218841595063383,0.8125716328693469,0.26609837044956985,False,0.3602800658784099,False,True,
replication030_payload_com_only,20120,frozen,post_shift,3,0.12,-0.1,-0.15,0.08687138122025327,-0.04352338236634598,-0.09270317129967114,0.11950511595370356,-0.10161406150413102,-0.1298859124128855,0.6050898859282512,0.0,False,0.4962382270272538,False,True,
replication030_payload_com_only,20121,frozen,post_shift,3,0.12,-0.1,-0.15,0.09832308816329,-0.06170813458545833,-0.10158595596037652,0.11945156183891428,-0.10683852771651216,-0.13620277310204315,0.3653001389986203,0.0,False,0.5270511965650747,False,True,
replication030_payload_com_only,20122,frozen,post_shift,3,0.12,-0.1,-0.15,0.10935164192471424,-0.07863486024380245,-0.09390740668332426,0.1238908894560121,-0.102571760718853,-0.12925006928479416,0.1685488610997505,0.28975701721725744,False,0.25738353782458984,False,True,
replication030_payload_com_only,20123,frozen,post_shift,3,0.12,-0.1,-0.15,0.0873764604968031,-0.04160456160222752,-0.10783387086081828,0.11945330003445497,-0.09734093774942354,-0.13415631878945874,0.5269895714794849,0.0,False,0.6225771339714391,False,True,
replication030_payload_com_only,20124,frozen,post_shift,3,0.12,-0.1,-0.15,0.10838693108910412,-0.04436667302159487,-0.04756095626752834,0.10769833963410051,-0.10331962079943917,-0.12744968724353956,0.8011072526681828,1.4892713429807567,False,0.4983412620684369,True,True,
replication030_payload_com_only,20125,frozen,post_shift,3,0.12,-0.1,-0.15,0.04362229201768555,-0.019824843029343026,-0.07254015321228734,0.11493792122433698,-0.10558449213711864,-0.13105008919872882,1.6657258400881891,4.138485709651298,False,0.6023003587729717,False,True,
replication030_payload_com_only,20126,frozen,post_shift,3,0.12,-0.1,-0.15,0.08761351835847905,-0.096327448381143,-0.1064705761549776,0.11834565550534708,-0.09810537563543377,-0.13889349132548634,0.17622032459942769,1.2305665853739032,False,0.5808523203687873,False,True,
replication030_payload_com_only,20127,frozen,post_shift,3,0.12,-0.1,-0.15,0.13075390311191787,-0.056782404251627026,-0.018942076421766426,0.12004163480891113,-0.1044278815717316,-0.1357083760555819,1.1158987978784036,1.4051472890247463,False,nan,False,False,BASE_HEIGHT_LIMIT
replication030_payload_com_only,20128,frozen,post_shift,3,0.12,-0.1,-0.15,0.07437973572274431,-0.08143346875541752,-0.0642265636198136,0.11727032489032309,-0.10164219685020837,-0.1307335119243317,0.537478526738748,3.396865564946605,False,0.3063061013769624,False,True,
replication030_payload_com_only,20129,frozen,post_shift,3,0.12,-0.1,-0.15,0.09928875927592318,-0.04426295993835168,-0.13222192681452075,0.119044050350358,-0.0976437180106897,-0.12930576862897727,0.37964201913307977,1.3060480697757273,False,0.2559800160582639,False,True,
replication030_payload_com_only,20130,frozen,post_shift,3,0.12,-0.1,-0.15,0.10825190423323496,-0.06847409913659848,-0.06155301726878881,0.11960612091364883,-0.1080565822548683,-0.13519591478557114,0.5337055273896399,0.0001318869305529935,False,0.637333779584032,False,True,
replication030_payload_com_only,20131,frozen,post_shift,3,0.12,-0.1,-0.15,0.11058615986404854,-0.06780453041721506,-0.047884915219478394,0.12027755369666664,-0.10925329679419866,-0.13515094991609874,0.6822898790097622,0.0,False,0.6665478416854291,False,True,
replication030_payload_com_only,20132,frozen,post_shift,3,0.12,-0.1,-0.15,0.09372100790451975,-0.07237902542979281,-0.057628250575288,0.1189162903685063,-0.10563637322520021,-0.1353245213675631,0.573791151419933,0.0,False,0.3507824080678904,True,True,
replication030_payload_com_only,20133,frozen,post_shift,3,0.12,-0.1,-0.15,0.10291526118051192,-0.09872815435700309,-0.12724410899783736,0.1152634227441424,-0.1020709286869095,-0.13649537417047966,0.02449759187495007,1.297248342799378,False,0.4288987462472659,False,True,
replication030_payload_com_only,20134,frozen,post_shift,3,0.12,-0.1,-0.15,0.049932944596395856,-0.02708449823407642,-0.07026794465636554,0.12186060572229772,-0.09787773000378214,-0.13154492899564382,1.4166423994788566,2.8079061504070313,False,0.8074045099577074,False,True,
replication030_payload_com_only,20135,frozen,post_shift,3,0.12,-0.1,-0.15,0.053647000664536953,-0.033384832205513304,-0.0997739705528134,0.11381520714040902,-0.10584931834440599,-0.13561542736921853,1.1194628271996614,3.3623752731573298,False,0.30146247929389774,False,True,
replication030_payload_com_only,20136,frozen,post_shift,3,0.12,-0.1,-0.15,0.1038084492170789,-0.06799915404031705,-0.05844032699901342,0.11886707731259129,-0.1035495245761455,-0.12978354923931432,0.48943500546167323,2.165655118666592,False,0.34317075256941143,False,True,
replication030_payload_com_only,20137,frozen,post_shift,3,0.12,-0.1,-0.15,0.10626226757814428,-0.058133205858185405,-0.04892589974540891,0.12535616766677216,-0.11260206996431706,-0.1348644482621489,0.8409778710451979,0.0,False,0.8127946428347349,True,True,
replication030_payload_com_only,20138,frozen,post_shift,3,0.12,-0.1,-0.15,0.08777961439346511,-0.04361665614506889,-0.10024188585649678,0.11734833209213669,-0.09848400779369323,-0.131721174237979,0.5163383331743063,0.0,False,0.516538838400811,False,True,
replication030_payload_com_only,20139,frozen,post_shift,3,0.12,-0.1,-0.15,0.09706811536021451,-0.06620307230722379,-0.03561897146600693,0.12573882521806798,-0.09875387617180033,-0.12783420387812064,0.7443651691789075,1.75728610996239,False,nan,False,False,BASE_HEIGHT_LIMIT
replication030_payload_com_only,20140,frozen,post_shift,3,0.12,-0.1,-0.15,0.0731030663134382,-0.065704816181986,-0.08306517626473998,0.11803754668032543,-0.10103632305323472,-0.1317139882840349,0.5273100184344147,1.131549375716347,False,0.21462036655471073,False,True,
replication030_payload_com_only,20141,frozen,post_shift,3,0.12,-0.1,-0.15,0.10442406750355449,-0.09618609907352481,-0.09799484243671275,0.11809944649864755,-0.09843831157950342,-0.13291505072266346,0.09799479621005429,0.7281233108886411,False,0.20297896731910609,False,True,
replication030_payload_com_only,20142,frozen,post_shift,3,0.12,-0.1,-0.15,0.06613569061269849,-0.04467574634783381,-0.10385586620145361,0.11976227999772668,-0.10292084612983163,-0.1280671449331282,0.7694787209182725,2.2870084863657656,False,0.4971017007525351,False,True,
replication030_payload_com_only,20143,frozen,post_shift,3,0.12,-0.1,-0.15,0.050224045395741955,-0.03522352262752239,-0.10041375922471353,0.12438105693820162,-0.09927513756217007,-0.1302200670541375,1.1768553246727245,2.04628276167893,False,0.7820588917222889,False,True,
replication030_payload_com_only,20144,frozen,post_shift,3,0.12,-0.1,-0.15,0.10586873005856529,-0.07039814811268719,-0.056885585570683836,0.11758128010178186,-0.1035211242099145,-0.13004351957478824,0.4715192175125573,0.5731374334741663,False,0.11461886131363781,False,True,
replication030_payload_com_only,20145,frozen,post_shift,3,0.12,-0.1,-0.15,0.06604807663947572,-0.07510337075414966,-0.10924192324288035,0.11780938961048969,-0.10223240689270897,-0.13221395941074973,0.43104583746712627,2.2639717601265232,False,0.2781846094611982,False,True,
replication030_payload_com_only,20146,frozen,post_shift,3,0.12,-0.1,-0.15,0.05690543464753516,-0.04051312314686942,-0.09920770110923134,0.1185359408500147,-0.10423942481675741,-0.13333142190993294,0.9917233829560402,0.4971174738578098,False,0.7903255679463982,True,True,
replication030_payload_com_only,20147,frozen,post_shift,3,0.12,-0.1,-0.15,0.10054948496020058,-0.05180908046467629,-0.12570346578679426,0.11578115499374587,-0.10034881845651032,-0.13160545698648526,0.3041305345207649,0.0,False,0.41341029296049137,False,True,
replication030_payload_com_only,20148,frozen,post_shift,3,0.12,-0.1,-0.15,0.10640435774342362,-0.046504255746665196,-0.02708464931457015,0.12392586839495713,-0.10432567624897472,-0.1319005096432715,1.100938024845574,0.0,False,0.6491106496671184,True,True,
replication030_payload_com_only,20149,frozen,post_shift,3,0.12,-0.1,-0.15,0.10255628489488919,-0.06181217521932037,-0.09079461232580138,0.11496780869234202,-0.10685434223407136,-0.12883976439335493,0.34602042917795467,0.595761053613244,False,0.47334768327114235,True,True,
replication030_payload_com_only,20150,frozen,post_shift,3,0.12,-0.1,-0.15,0.10315029790812608,-0.0266634484821379,-0.14024195933998213,0.12259727352141866,-0.10188299014444314,-0.13060519856107003,0.7115822904715436,0.02176017763773186,False,0.9523826193942639,False,True,
replication030_payload_com_only,20151,frozen,post_shift,3,0.12,-0.1,-0.15,0.12371585851234211,-0.07331261799125512,-0.0702556635795766,0.11625223313896212,-0.0978757193365653,-0.13545568992484863,0.33843891426568257,3.4750005453943116,False,0.6376582841486196,False,True,
replication030_payload_com_only,20152,frozen,post_shift,3,0.12,-0.1,-0.15,0.09906504413006689,-0.050545548899411596,-0.018617880454772178,0.11714090729526601,-0.10233413135912246,-0.1351439313649355,1.1848949655616086,1.7965266991316053,False,0.6151092136583899,False,True,
replication030_payload_com_only,20153,frozen,post_shift,3,0.12,-0.1,-0.15,0.09788556174893027,-0.07757966422605214,-0.042986581754709145,0.12412350701298236,-0.11106335507137648,-0.1348722735446014,0.7238426301148663,0.04149521012495183,False,0.6457903866803182,False,True,
replication030_payload_com_only,20154,frozen,post_shift,3,0.12,-0.1,-0.15,0.0858649238527728,-0.07499763629604046,-0.1253015116524451,0.12036938161847302,-0.10293148652255373,-0.12882645301818407,0.23161003714656628,1.3215397083163947,False,0.2558821214318136,False,True,
replication030_payload_com_only,20155,frozen,post_shift,3,0.12,-0.1,-0.15,0.09874994284652397,-0.08265654958066472,-0.051877692064171296,0.11541002700510081,-0.10909626575747161,-0.13384886173672353,0.5283408706774925,1.22047659510859,False,0.5203311388860453,False,True,
replication030_payload_com_only,20156,frozen,post_shift,3,0.12,-0.1,-0.15,0.08934214057026259,-0.06639281611820685,-0.05557484928468797,0.11802776441447291,-0.10289500843614147,-0.13407946559902448,0.6258595981206688,2.5373993580170127,False,0.3988253457002955,False,True,
replication030_payload_com_only,20157,frozen,post_shift,3,0.12,-0.1,-0.15,0.06297772126826774,-0.04147785404843415,-0.09219808208630847,0.12114002746708251,-0.10730146298823647,-0.1316426662363675,0.99869625856354,0.5356265129822692,False,0.9676875626664375,True,True,
replication030_payload_com_only,20158,frozen,post_shift,3,0.12,-0.1,-0.15,0.0513154319064155,-0.02755664386455426,-0.08082557297638915,0.12521515719600626,-0.09866531532199987,-0.1279015093109796,1.365413241905604,1.424272547981272,False,0.7955773518821869,True,True,
replication030_payload_com_only,20159,frozen,post_shift,3,0.12,-0.1,-0.15,0.12409015087580914,-0.057941055255654565,-0.0860993891285781,0.12149132475937416,-0.09705192417232264,-0.13635723470102207,0.3273919605656603,2.086230100090703,False,0.21795962058487098,False,True,
replication030_payload_com_only,20160,frozen,post_shift,3,0.12,-0.1,-0.15,0.12153568467891643,-0.062146171073725116,-0.06320511716388233,0.11838045450638324,-0.1015822544345679,-0.13051237196302662,0.4622684692409726,3.2553475284070337,False,0.3045605253920317,False,True,
replication030_payload_com_only,20161,frozen,post_shift,3,0.12,-0.1,-0.15,0.10640680159006183,-0.06963925978383878,0.006590100456176353,0.12251887153632986,-0.10506973607889576,-0.13835620229239498,1.4670473713944976,0.0,False,0.7112855667418729,False,True,
replication030_payload_com_only,20162,frozen,post_shift,3,0.12,-0.1,-0.15,0.08910995065733589,-0.07652922752621774,-0.10768399075190782,0.11602890571355734,-0.10545208297975787,-0.14110792581791679,0.25262816352476497,2.224719627037585,False,0.22642620729261714,False,True,
replication030_payload_com_only,20163,frozen,post_shift,3,0.12,-0.1,-0.15,0.07369610293124525,-0.05464589368252559,-0.09697293067185134,0.11861226314014958,-0.09866714694197819,-0.13318290946431974,0.5442328355931357,0.0,False,0.40766245334190443,False,True,
replication030_payload_com_only,20164,frozen,post_shift,3,0.12,-0.1,-0.15,0.11791513678566294,-0.06107385480569675,0.026199290061466124,0.12061177845810031,-0.10775947054796384,-0.12963578067262146,1.7444041298755726,2.1522141185054657,False,0.685785890129427,False,True,
replication030_payload_com_only,20165,frozen,post_shift,3,0.12,-0.1,-0.15,0.06755907762101307,-0.07886525756693231,-0.10989055935087111,0.11963562535379273,-0.10396463037067269,-0.13751852251889532,0.43922844536563893,0.0,False,0.3717145973874843,False,True,
replication030_payload_com_only,20166,frozen,post_shift,3,0.12,-0.1,-0.15,0.12192300164250826,-0.04939466593369786,-0.0735771868685585,0.11549624092224109,-0.10316102725009796,-0.13354682697336054,0.5644416062079891,2.8696787524326504,False,0.4359459255488597,False,True,
replication030_payload_com_only,20167,frozen,post_shift,3,0.12,-0.1,-0.15,0.10883363260471528,-0.0680035308227788,-0.04000161645094521,0.12635229138661963,-0.10879165360540126,-0.145829807658024,0.9193207132594897,0.0,False,nan,False,False,BASE_HEIGHT_LIMIT
replication030_payload_com_only,20168,frozen,post_shift,3,0.12,-0.1,-0.15,0.061643276874659376,-0.044191271518222906,-0.11389067447339007,0.1171234536627203,-0.10182462995833833,-0.13541596708807016,0.774578841734558,0.5334464846838274,False,0.6184931959917931,True,True,
replication030_payload_com_only,20169,frozen,post_shift,3,0.12,-0.1,-0.15,0.1277899973619063,-0.07908794746286031,-0.04701179955616585,0.11909414825163345,-0.1024054070317778,-0.13126369082880446,0.5063748777024477,0.44289161381458064,False,nan,False,False,BASE_HEIGHT_LIMIT
replication030_payload_com_only,20170,frozen,post_shift,3,0.12,-0.1,-0.15,0.06665161475788374,-0.04008895116140555,-0.09495968081781,0.11806637188476594,-0.09749877157946658,-0.13178386832349923,0.7782138053781499,0.4802358312123646,False,0.7642408161304516,False,True,
replication030_payload_com_only,20171,frozen,post_shift,3,0.12,-0.1,-0.15,0.10487706465184428,-0.06445208650097534,-0.09687463253970983,0.11950609900913153,-0.11028540523857731,-0.13487401678908323,0.3601205736319412,0.0,False,0.5259661521702301,True,True,
replication030_payload_com_only,20172,frozen,post_shift,3,0.12,-0.1,-0.15,0.1268317359405058,-0.09098005320046879,-0.00021808961474889215,0.12270131318266228,-0.10527485896487901,-0.13050823366429878,1.0693326608210896,2.20389387429622,False,0.39016736368194294,False,True,
replication030_payload_com_only,20101,frozen,post_shift,4,0.12,0.1,0.15,0.047016308930481886,0.04388559952282145,0.024014755072017103,0.11984308765315438,0.08988577653947512,0.14928205760404606,1.7638418401367535,1.0805953806975899,False,1.0487158792477569,False,True,
replication030_payload_com_only,20102,frozen,post_shift,4,0.12,0.1,0.15,0.03915508753367497,0.041861444119393944,0.042307430555431944,0.11942546531014143,0.09655386304720565,0.1391927016600961,1.6611841792868152,0.8261777431030675,False,1.0099995238099726,False,True,
replication030_payload_com_only,20103,frozen,post_shift,4,0.12,0.1,0.15,0.038685673875385074,0.03893567998692287,0.048165355652219244,0.12163396546941205,0.09163418630095635,0.14565495667767184,1.6068061074435862,0.1068061074435862,False,1.2204736343094458,False,True,
replication030_payload_com_only,20104,frozen,post_shift,4,0.12,0.1,0.15,0.0416840418791884,0.031091532685019796,0.047032563374357655,0.1180090229112468,0.0980396885220081,0.15148198430914056,1.7597031098132554,0.2597031098132554,False,0.7822107199419941,False,True,
replication030_payload_com_only,20105,frozen,post_shift,4,0.12,0.1,0.15,0.07430958444601868,0.04120758765438728,0.12639141074597263,0.11745896170553843,0.09771955775261848,0.14888383899851354,0.612650970960575,0.0,False,0.7013398272437322,False,True,
replication030_payload_com_only,20106,frozen,post_shift,4,0.12,0.1,0.15,0.07460805977440735,0.0656848451088514,0.09983737114141807,0.11702566926557291,0.09666216127084458,0.1495644245929762,0.46355000938899105,0.0,False,0.4445945129861503,False,True,
replication030_payload_com_only,20107,frozen,post_shift,4,0.12,0.1,0.15,0.04550735370938578,0.04478340721882913,0.060466539799058194,0.11011655469155002,0.09291309112958362,0.1517848104652993,1.2485830095106454,2.0871498745333374,False,0.1407228498544696,False,True,
replication030_payload_com_only,20108,frozen,post_shift,4,0.12,0.1,0.15,0.08188619272495518,0.03422316784379289,0.12177620442639592,0.12484629208708704,0.09007182596963122,0.13899749883998475,0.5920519671641136,0.0,False,0.38396446570944537,False,True,
replication030_payload_com_only,20109,frozen,post_shift,4,0.12,0.1,0.15,0.03377696045952404,0.0578680193255066,0.04677636138665614,0.12192460972478364,0.10071115704284118,0.15007796610294044,1.7477986598772917,1.3913654314319475,False,1.2054369805097425,True,True,
replication030_payload_com_only,20110,frozen,post_shift,4,0.12,0.1,0.15,0.06368881790169435,0.054657175553257865,0.09592407848330704,0.1248301467824899,0.08999319074171627,0.1499663634722678,0.7352436659231155,0.0,False,0.6310492627523977,False,True,
replication030_payload_com_only,20111,frozen,post_shift,4,0.12,0.1,0.15,0.027909924890350817,0.025483155245949247,0.05583121858173797,0.11781319681824173,0.09206476275670171,0.13937525856344896,1.7454740496756367,1.5211084259363434,False,0.8104237547303924,False,True,
replication030_payload_com_only,20112,frozen,post_shift,4,0.12,0.1,0.15,0.05094733815208044,0.041137322707356205,-0.017581430381476512,0.12234585264441325,0.09377181813481583,0.15582959134523874,2.6401673356264994,1.3640883446391059,False,1.1126891124085863,False,True,
replication030_payload_com_only,20113,frozen,post_shift,4,0.12,0.1,0.15,0.05523099355290846,0.04550024265411535,0.07351063263857685,0.12472224737930854,0.09185700998718394,0.14904543804945083,1.1211638892710538,0.0,False,0.9303663216662695,False,True,
replication030_payload_com_only,20114,frozen,post_shift,4,0.12,0.1,0.15,0.10349073324749705,0.0910292804975023,0.1434204191056554,0.11555578368639892,0.09559786340515662,0.15688994785576782,0.029882409610124675,0.0,False,0.5259830656893355,False,True,
replication030_payload_com_only,20115,frozen,post_shift,4,0.12,0.1,0.15,0.041416388752963954,0.0513997053298981,0.043886234642836836,0.11860379587292241,0.09750745656614349,0.14926105069007506,1.5598838068777647,2.494499076402652,False,0.3863357269213355,False,True,
replication030_payload_com_only,20116,frozen,post_shift,4,0.12,0.1,0.15,0.047049713572230395,0.040391024094349845,0.05927982168998898,0.12078974637322237,0.08499964699959708,0.15184056481176708,1.3302221637293792,0.3844953319534856,False,0.26158655632127514,False,True,
replication030_payload_com_only,20117,frozen,post_shift,4,0.12,0.1,0.15,0.052339926034160156,0.03159006493032918,0.08528929298282788,0.12086044578254089,0.09056225194952974,0.1479766538635309,1.151324309772369,0.0,False,1.2617946062928584,False,True,
replication030_payload_com_only,20118,frozen,post_shift,4,0.12,0.1,0.15,0.05754116252718683,0.04862427846776037,0.07357880786744792,0.11666093337164737,0.09592828088463884,0.1506182177673756,1.0021104290045055,1.9912702626660665,False,0.2731332307902173,False,True,
replication030_payload_com_only,20119,frozen,post_shift,4,0.12,0.1,0.15,0.12946918469285892,0.07316096141283578,0.16455521337723633,0.1196887142412034,0.09263823468980663,0.13726223258996142,0.1012632736978848,0.0,False,nan,False,False,BASE_HEIGHT_LIMIT
replication030_payload_com_only,20120,frozen,post_shift,4,0.12,0.1,0.15,0.037715056408675784,0.03227423829140945,0.035635153137845446,0.11917809968071254,0.09641222095782076,0.15175318646441827,1.9560826020337139,0.45608260203371387,False,1.2311856407761874,False,True,
replication030_payload_com_only,20121,frozen,post_shift,4,0.12,0.1,0.15,0.0968442573904664,0.057386539275925505,0.1291836610755222,0.11932434786179132,0.09780641852390788,0.13552721111185825,0.2505784845935128,0.0,False,0.20728384248647422,False,True,
replication030_payload_com_only,20122,frozen,post_shift,4,0.12,0.1,0.15,0.04546799716617906,0.04635264967393103,0.0312700511127762,0.1258254090378218,0.10149730474352123,0.153281035279563,1.9316507924421105,0.7214078096593679,False,1.5440750684154727,False,True,
replication030_payload_com_only,20123,frozen,post_shift,4,0.12,0.1,0.15,0.09255789479939103,0.036265255548899915,0.09927653827130424,0.12144616674794106,0.10371068334964828,0.14629406243545567,0.7539834015318433,0.0,False,1.1929210769489345,False,True,
replication030_payload_com_only,20124,frozen,post_shift,4,0.12,0.1,0.15,0.07381252105607229,0.06538138832206157,0.12246286532004286,0.11158022912909395,0.09338375489866847,0.15116697211794766,0.30178010284099116,0.2910514458217479,False,0.4614712953681428,False,True,
replication030_payload_com_only,20125,frozen,post_shift,4,0.12,0.1,0.15,0.04938898636898852,0.044603638327874215,0.0999222358154882,0.11684057266843577,0.09827638528551712,0.15131877732718052,1.0293641633656134,3.6678498730169116,False,0.24362491019491048,False,True,
replication030_payload_com_only,20126,frozen,post_shift,4,0.12,0.1,0.15,0.0858381204680032,0.06220885090787916,0.08639862605107025,0.11361101978961967,0.09347483206066284,0.14913718326793032,0.43784359831263536,0.1684101836865386,False,0.3948072270768189,False,True,
replication030_payload_com_only,20127,frozen,post_shift,4,0.12,0.1,0.15,0.04503135062259007,0.06046207226219309,0.07252441981214953,0.12491878246309006,0.09588325307430666,0.13821528920712006,1.1187131240419563,1.0238604130667026,False,1.0715304610881085,False,True,
replication030_payload_com_only,20128,frozen,post_shift,4,0.12,0.1,0.15,0.0871578343777264,0.05201385810356546,0.1502115759510397,0.10935725968613276,0.0984688924496982,0.15025505278310375,0.3076716481140653,2.2045372130606706,False,0.733776598460833,False,True,
replication030_payload_com_only,20129,frozen,post_shift,4,0.12,0.1,0.15,0.023579785863186715,0.061076317211197925,0.05622242089127773,0.11356363192271754,0.09802918219778196,0.15486859921583834,1.6729197294693359,1.4789677992450632,False,1.2613000553619191,False,True,
replication030_payload_com_only,20130,frozen,post_shift,4,0.12,0.1,0.15,0.06295729476492756,0.05447154899842003,0.052349900049021965,0.12311823611063667,0.09739518105442997,0.1456980632947702,1.1387128000615878,0.0,False,0.5800303540775578,False,True,
replication030_payload_com_only,20131,frozen,post_shift,4,0.12,0.1,0.15,0.06160484358530036,0.06486871005442754,0.05905159644841466,0.11863493718999227,0.09567649194919584,0.13963558157886996,0.8575499524244533,0.0,False,0.30991950972825605,False,True,
replication030_payload_com_only,20132,frozen,post_shift,4,0.12,0.1,0.15,0.14159750084252823,0.05967507490966626,0.11303102146981002,0.12345417520409771,0.09265045686215091,0.1421865224370251,0.2180366017110992,0.0,False,0.5385835185522022,False,True,
replication030_payload_com_only,20133,frozen,post_shift,4,0.12,0.1,0.15,0.042292027039516254,0.05033070747126887,0.04562718506502056,0.11709904200236297,0.09778062144395695,0.14939983240414986,1.5153949932553867,1.3126433360547647,False,0.3195364272296818,False,True,
replication030_payload_com_only,20134,frozen,post_shift,4,0.12,0.1,0.15,0.0568876461280337,0.03147098639945941,0.09291496900771658,0.11392479499972004,0.09752052694258947,0.15294491981757524,1.0921709239062722,2.4000770743133035,False,1.245724599619426,False,True,
replication030_payload_com_only,20135,frozen,post_shift,4,0.12,0.1,0.15,0.051878506327119434,0.045499424083382596,0.03625278849243969,0.10915407955328832,0.09450557719258114,0.14646440448886888,1.3271264974053698,3.1895017705627,False,0.20443639677740935,False,True,
replication030_payload_com_only,20136,frozen,post_shift,4,0.12,0.1,0.15,0.03668253540883814,0.03513371446978098,0.022904974834337764,0.1081699507254324,0.0948168210525362,0.14868971843124412,1.9942828048049621,2.6599379234715546,False,0.35785895354569797,False,True,
replication030_payload_com_only,20137,frozen,post_shift,4,0.12,0.1,0.15,0.04057840185361052,0.040124973487010225,0.016772055092022745,0.12489531490009553,0.09812435340431867,0.1548990320911565,2.2884510345373874,0.7884510345373874,False,1.3942101614386964,False,True,
replication030_payload_com_only,20138,frozen,post_shift,4,0.12,0.1,0.15,0.06360706372062452,0.0360069010957621,0.048248836719228326,0.12185504214859132,0.10086222278649125,0.15183185947127809,1.4861527810496868,0.0,False,1.2195775429664035,False,True,
replication030_payload_com_only,20139,frozen,post_shift,4,0.12,0.1,0.15,0.09737068066395979,0.08443294905851233,0.1205035855386802,0.1201356369285014,0.08987165182412134,0.15834933002636803,0.14971971051624208,0.407005820478632,False,0.511020469616334,False,True,
replication030_payload_com_only,20140,frozen,post_shift,4,0.12,0.1,0.15,0.08344344138220673,0.027430249466394725,0.0861369469590514,0.1163131011825362,0.09740532360476706,0.15592035168319382,0.9836190288279029,0.6151684045442499,False,1.3070845520362062,False,True,
replication030_payload_com_only,20141,frozen,post_shift,4,0.12,0.1,0.15,0.03984734280171542,0.040003310293109634,0.020524673687531553,0.11976577206862653,0.09850848983258975,0.1479778027821612,2.0188242199280104,1.2469475308166516,False,0.8653936479153878,False,True,
replication030_payload_com_only,20142,frozen,post_shift,4,0.12,0.1,0.15,0.030800150699495918,0.034426445539759966,0.024275315583438983,0.11360615563428257,0.10025738596651104,0.1510274341360594,2.13274781995911,2.9197563063248757,False,0.515039316754959,False,True,
replication030_payload_com_only,20143,frozen,post_shift,4,0.12,0.1,0.15,0.034945124388754606,0.05213133991910182,-0.0357549050630636,0.12042290829015613,0.09380038023016979,0.1511281887662882,3.0656584643837603,3.61194122606269,False,1.7379948960088867,False,True,
replication030_payload_com_only,20144,frozen,post_shift,4,0.12,0.1,0.15,0.048162786010098886,0.046385056789791906,0.02556150385385769,0.11853624184061146,0.09592783003748245,0.15315813626727823,1.780567826542545,0.8537052600167114,False,1.4814047201615463,False,True,
replication030_payload_com_only,20145,frozen,post_shift,4,0.12,0.1,0.15,0.034303951242278426,0.06849091252794667,-0.019548706555758782,0.11230943628395873,0.09855659909236915,0.1485202864913302,2.4732874700700367,3.23725923019656,False,0.9700824364758674,False,True,
replication030_payload_com_only,20146,frozen,post_shift,4,0.12,0.1,0.15,0.03655696811918776,0.03257817792979025,-0.01870990874616026,0.11575173166359964,0.0973614930965357,0.1370577355561119,2.565111863386598,1.5622293372444078,False,1.0584702812852973,False,True,
replication030_payload_com_only,20147,frozen,post_shift,4,0.12,0.1,0.15,0.0496962869140732,0.0380006693218614,-0.004847298262459677,0.11433409511738728,0.099985847025377,0.15482090495271675,2.3841753456503807,0.8841753456503807,False,1.4079144262430425,False,True,
replication030_payload_com_only,20148,frozen,post_shift,4,0.12,0.1,0.15,0.0242035906047876,0.02473801577253913,0.028290679505000825,0.1207569252134802,0.09725266869412055,0.13579889489877134,2.4200642040288614,0.9200642040288614,False,1.6224560609495415,False,True,
replication030_payload_com_only,20149,frozen,post_shift,4,0.12,0.1,0.15,0.04975802697221007,0.023202990933518557,0.07901779588015849,0.12009756127598797,0.10046929813046494,0.1535315409575555,1.6194047438452308,0.7151657974584749,False,1.063561079616092,False,True,
replication030_payload_com_only,20150,frozen,post_shift,4,0.12,0.1,0.15,0.01671092928021883,0.04717508432023697,0.008646113504073011,0.11592740373211788,0.08919844100607677,0.15006214777820032,2.5901177981584307,1.1118779757961625,False,0.9129532495096121,False,True,
replication030_payload_com_only,20151,frozen,post_shift,4,0.12,0.1,0.15,0.04320934414728117,0.04925227923418251,0.058250048764867765,0.11096906832970709,0.09148433677460066,0.15159792687888013,1.27375919948809,3.2487597448824017,False,0.15469839711830038,False,True,
replication030_payload_com_only,20152,frozen,post_shift,4,0.12,0.1,0.15,0.10576026033835811,0.08756579797340515,0.12457198552251911,0.11320166003680407,0.09940442333663027,0.14746406018429356,0.05436342089104453,0.35089012002264997,False,0.6064390954870471,False,True,
replication030_payload_com_only,20153,frozen,post_shift,4,0.12,0.1,0.15,0.1536066805277134,0.0714684471138152,0.14605427018848108,0.12440502664695297,0.091582721422099,0.13738811747287624,0.15175718383153092,0.0,False,0.343764759025881,False,True,
replication030_payload_com_only,20154,frozen,post_shift,4,0.12,0.1,0.15,0.06652876384707242,0.0311902070565599,0.11114022196055003,0.1199018955705232,0.09912142680832502,0.1541947926003744,0.9667728140408994,0.7883125223572941,False,0.8046692995899697,False,True,
replication030_payload_com_only,20155,frozen,post_shift,4,0.12,0.1,0.15,0.022388390332725758,0.032321659275955546,0.023909036787815807,0.10610991232125314,0.09743142390216036,0.14450376068077805,2.056720551638596,1.777197146747186,False,0.26834014043173715,False,True,
replication030_payload_com_only,20156,frozen,post_shift,4,0.12,0.1,0.15,0.043227718440676466,0.035518983513059495,0.07025845942608712,0.11205163547507475,0.09268599059745716,0.14959299140897278,1.2215098763591996,2.2589092343762123,False,0.22644015615965613,False,True,
replication030_payload_com_only,20157,frozen,post_shift,4,0.12,0.1,0.15,0.04585779874668543,0.03591435248449932,0.04986347922204095,0.11695987996518449,0.09506264908234986,0.1383289430171791,1.4144862117716261,0.4501127247538953,False,0.6897628579276301,False,True,
replication030_payload_com_only,20158,frozen,post_shift,4,0.12,0.1,0.15,0.04916403236054639,0.04438941048185717,0.07064829335285112,0.12440056634164265,0.09709326907037327,0.15216416781277003,1.3796422994473454,1.3039148474286173,False,1.3676182378391646,False,True,
replication030_payload_com_only,20159,frozen,post_shift,4,0.12,0.1,0.15,0.0693141286799771,0.04526942733780987,0.09963924362530063,0.12166824804111051,0.09039819327961923,0.13240298243079593,0.6146749899904544,1.2009050900811573,False,1.04243269293663,True,True,
replication030_payload_com_only,20160,frozen,post_shift,4,0.12,0.1,0.15,0.07521530959693189,0.050240819958672474,0.07859043980777246,0.107506089207446,0.09258570535239104,0.15380842665523184,0.6644615315857659,2.4198090599927995,False,0.29951689150998356,False,True,
replication030_payload_com_only,20161,frozen,post_shift,4,0.12,0.1,0.15,0.06930905385359197,0.059261216591397985,0.12075869331874332,0.12265958954429731,0.0957833985393469,0.13681702445872093,0.48300486954663463,0.0,False,0.39013416272622115,False,True,
replication030_payload_com_only,20162,frozen,post_shift,4,0.12,0.1,0.15,0.027067261197296574,0.010819387752491416,0.007664427578148227,0.12002611656208086,0.09961149857477383,0.13513310878000698,2.946568836113734,3.6712884631513187,False,0.7533998746248792,True,True,
replication030_payload_com_only,20163,frozen,post_shift,4,0.12,0.1,0.15,0.07234933019218982,0.05899134613462129,0.06713247060469998,0.1160494661719193,0.09883496564724224,0.14866961210832844,0.786231864641942,0.0,False,0.6516575091708603,False,True,
replication030_payload_com_only,20164,frozen,post_shift,4,0.12,0.1,0.15,0.0194837609752916,0.02844357831931027,0.052561271926260034,0.11993466918254456,0.08932112135233902,0.15381626196181297,2.052450175260054,2.7046642937655196,False,1.1260125753060455,False,True,
replication030_payload_com_only,20165,frozen,post_shift,4,0.12,0.1,0.15,0.06604309219119152,0.03311049485808189,0.0719584724639334,0.12012651490223387,0.09064876295073035,0.13307072517285523,0.9269521274588074,0.0,False,1.2053063020679262,False,True,
replication030_payload_com_only,20166,frozen,post_shift,4,0.12,0.1,0.15,0.03547334260032315,0.038764424895343735,0.04892004372140879,0.11074911695183982,0.09386203210443637,0.1505040420390483,1.5789105903416492,2.9485893427742997,False,0.1759018337065162,False,True,
replication030_payload_com_only,20167,frozen,post_shift,4,0.12,0.1,0.15,0.05434011852654585,0.04575638271105466,0.06536445773570318,0.11955871399897537,0.09546820780378931,0.13390251369633266,1.0269112873881532,0.0,False,0.8074981456288082,False,True,
replication030_payload_com_only,20168,frozen,post_shift,4,0.12,0.1,0.15,0.045257498255118635,0.04442051992714219,-0.01350580681257995,0.11937876574004945,0.10107900388462737,0.1515361821874527,2.6789195682908087,1.712366052974636,False,1.039901297645414,False,True,
replication030_payload_com_only,20169,frozen,post_shift,4,0.12,0.1,0.15,0.08224725665818056,0.04121978447239046,0.14762223127136798,0.11984811283664494,0.09781872478256061,0.15345635252396214,0.5374670423053153,0.0,False,0.26650776949049654,False,True,
replication030_payload_com_only,20170,frozen,post_shift,4,0.12,0.1,0.15,0.07266687171930161,0.03404345205443742,0.07359220681906199,0.11780713336445793,0.09864131439067732,0.14978774262737818,1.0509837973109686,0.031219628523333154,False,0.8893416105712941,False,True,
replication030_payload_com_only,20171,frozen,post_shift,4,0.12,0.1,0.15,0.06181362366478459,0.03652510335158585,0.03695612179341922,0.11948852303127486,0.09845739358485597,0.13885665276120226,1.4259803504965936,0.0,False,0.6605505739504679,False,True,
replication030_payload_com_only,20172,frozen,post_shift,4,0.12,0.1,0.15,0.09003400777339386,0.061818539807705034,0.13383999421908144,0.12389363867316573,0.09641563011222894,0.13808809642310588,0.27384312972709773,0.977737004023318,False,0.6797171339841345,False,True,
replication030_payload_com_only,20101,frozen,post_shift,5,-0.2,0.0,-0.2,-0.14257727164242923,0.020884230883715774,-0.12619006318623013,-0.20364105248147535,-0.00912851425097578,-0.18202517412234953,0.7384027427724321,0.318998123470022,False,0.32149394985155005,False,True,
replication030_payload_com_only,20102,frozen,post_shift,5,-0.2,0.0,-0.2,-0.09828356329260755,0.010797043974730565,-0.1168869569946974,-0.20520189547083648,-0.0015755553976718462,-0.1775055100887628,1.6103701861710225,0.9365479292740899,False,0.5066375137276803,False,True,
replication030_payload_com_only,20103,frozen,post_shift,5,-0.2,0.0,-0.2,-0.11362051684901925,0.01218377667618684,-0.10818537933809927,-0.20204535775309995,-0.006610199878200142,-0.18710077245857737,1.3617059453630134,0.0,False,0.4670097328746346,False,True,
replication030_payload_com_only,20104,frozen,post_shift,5,-0.2,0.0,-0.2,-0.11223597058610614,0.020646961050262442,-0.0867897388996578,-0.20337711605338374,-0.005785680447240099,-0.18339334550352715,1.6521029028913041,0.4118060127045595,False,0.6592269390019152,False,True,
replication030_payload_com_only,20105,frozen,post_shift,5,-0.2,0.0,-0.2,-0.08811873176336277,0.019398171040848424,-0.1573922874802155,-0.20503358063801608,0.0009712579227897334,-0.1849100623823354,1.7113776480550442,0.21137764805504422,False,0.36800232322316023,False,True,
replication030_payload_com_only,20106,frozen,post_shift,5,-0.2,0.0,-0.2,-0.10386870186444033,0.02524178961217998,-0.1258132363287799,-0.20355774477475716,-0.0029994660637297547,-0.18131270512027697,1.4729406285104145,0.0,False,0.4936866211836535,False,True,
replication030_payload_com_only,20107,frozen,post_shift,5,-0.2,0.0,-0.2,-0.11822988743877795,0.023847627051074217,-0.14879010389131114,-0.20570643539408348,-0.0019666938079405147,-0.18748677098794453,1.08317049330132,1.6703203678346574,False,0.7317103896072421,False,True,
replication030_payload_com_only,20108,frozen,post_shift,5,-0.2,0.0,-0.2,-0.12153808992588025,0.027775435926412316,-0.09775192578599896,-0.20545167557601585,-0.010910677228487695,-0.18506457761457892,1.4910243007973276,0.0,False,0.7547040308771267,False,True,
replication030_payload_com_only,20109,frozen,post_shift,5,-0.2,0.0,-0.2,-0.07415383862331724,0.012203323967850593,-0.05755834276025004,-0.20126729134788104,0.00014349338183448457,-0.18591209211491513,2.912550947341042,2.8039163787729895,False,0.8335982518352995,False,True,
replication030_payload_com_only,20110,frozen,post_shift,5,-0.2,0.0,-0.2,-0.11905255866865584,0.02343449709084808,-0.13825680240556565,-0.2045653706954589,-0.008237281767490686,-0.18901274074928798,1.1478912925412141,0.0,False,0.2955427559670941,False,True,
replication030_payload_com_only,20111,frozen,post_shift,5,-0.2,0.0,-0.2,-0.06311365653585534,0.02193141921817123,-0.06959888672177919,-0.19938707702200398,-0.014591404637120295,-0.1817789373160664,3.157854450029548,3.178962875965891,False,0.7582384767894197,False,True,
replication030_payload_com_only,20112,frozen,post_shift,5,-0.2,0.0,-0.2,-0.14634157235843112,0.011191223883783429,-0.1275177919838039,-0.2091281634282645,-0.00608877048957311,-0.18123983601106874,0.6780370472243297,0.5421253918634356,False,0.35416176019508466,False,True,
replication030_payload_com_only,20113,frozen,post_shift,5,-0.2,0.0,-0.2,-0.12425062440953893,0.02994397633931398,-0.114296812940432,-0.20473887036211733,-0.012413990482265493,-0.18522483033455472,1.2980094580529067,0.0,False,0.5061926292272612,False,True,
replication030_payload_com_only,20114,frozen,post_shift,5,-0.2,0.0,-0.2,-0.12159535691433669,0.0023896421298567824,-0.08857646728640678,-0.20328433237849428,-0.00025989193713714024,-0.18375815469054935,1.3470350029455613,0.0,False,0.548498961298541,False,True,
replication030_payload_com_only,20115,frozen,post_shift,5,-0.2,0.0,-0.2,-0.08109607626420222,0.012518697315155423,-0.10809381733204139,-0.20842593033029858,-0.0015934350981772853,-0.18366294324304025,2.3139075635364335,3.3084066399390855,False,0.6430560704072888,False,True,
replication030_payload_com_only,20116,frozen,post_shift,5,-0.2,0.0,-0.2,-0.08600549538955643,0.011095962495212046,-0.1310520085648486,-0.20385621833797324,-0.009703306177935207,-0.18323190560056468,1.8780988394280904,0.762594171381576,False,0.47661321965723885,False,True,
replication030_payload_com_only,20117,frozen,post_shift,5,-0.2,0.0,-0.2,-0.09208807125819216,0.019804993552949967,-0.09853736513500444,-0.19803807251842356,-0.00689832630728278,-0.18525055240785085,1.893324993735999,0.39332499373599905,False,0.48840612688114754,False,True,
replication030_payload_com_only,20118,frozen,post_shift,5,-0.2,0.0,-0.2,-0.11305515025316223,0.018250007231354764,-0.13089472111366637,-0.208511185637364,0.00017179747434216844,-0.1854353633740742,1.3064624790385604,1.797732741704627,False,0.47833349990676277,False,True,
replication030_payload_com_only,20119,frozen,post_shift,5,-0.2,0.0,-0.2,-0.0731212930604915,0.01992461354812444,-0.0860944820038552,-0.20479830790641923,-0.008521381618755732,-0.17851259710703568,2.696704691805919,1.1967046918059192,False,0.5341609083414779,False,True,
replication030_payload_com_only,20120,frozen,post_shift,5,-0.2,0.0,-0.2,-0.1251211336168731,0.027269048070657588,-0.07938457146180113,-0.20336878051037965,-0.005237663305881062,-0.17931735133673055,1.4785903703215535,0.43467297235526736,False,0.5135208254864171,False,True,
replication030_payload_com_only,20121,frozen,post_shift,5,-0.2,0.0,-0.2,-0.11404631305802725,0.022270462773239668,-0.15743724188894445,-0.2062071916040172,-0.005407044416622236,-0.1833541713195455,1.14481948276151,0.0,False,0.3986170283142213,False,True,
replication030_payload_com_only,20122,frozen,post_shift,5,-0.2,0.0,-0.2,-0.07624098448742612,0.008721169962650419,-0.11042957628778621,-0.2030978117855159,-0.00574186333254412,-0.18224190879601515,2.266003782732295,1.4874115923916629,False,0.36307740962847934,False,True,
replication030_payload_com_only,20123,frozen,post_shift,5,-0.2,0.0,-0.2,-0.13443935971416826,0.019681136514303234,-0.15617005881988047,-0.2007093569219544,0.0013159039984586727,-0.18500953456890035,0.6146474012181394,0.0,False,0.3159212968022235,False,True,
replication030_payload_com_only,20124,frozen,post_shift,5,-0.2,0.0,-0.2,-0.10764824902805503,0.02015825730943952,-0.1825876060130041,-0.20365128787574802,-0.0031942725539927694,-0.18723578650715722,1.1641652821972623,0.0,False,0.23865576409032604,False,True,
replication030_payload_com_only,20125,frozen,post_shift,5,-0.2,0.0,-0.2,-0.12814752768450285,0.025821146534521253,-0.11971684685056594,-0.20949767206933975,-0.004155399682717456,-0.18316067417661727,1.1339995632237558,3.3018494362406674,False,0.4557870864519415,False,True,
replication030_payload_com_only,20126,frozen,post_shift,5,-0.2,0.0,-0.2,-0.1152674151894802,0.02275449892134877,-0.15638738523808887,-0.20547501586950842,0.000269143747428071,-0.18473699428216245,1.0791458232214879,0.0,False,0.6447232290387692,False,True,
replication030_payload_com_only,20127,frozen,post_shift,5,-0.2,0.0,-0.2,-0.05462728238183402,0.0067743496006710145,-0.10663334743609612,-0.20327029980879777,-0.010606867078691124,-0.18483507407008598,3.0500286798119642,2.573889092878667,False,0.6537560354819153,False,True,
replication030_payload_com_only,20128,frozen,post_shift,5,-0.2,0.0,-0.2,-0.07385282698596886,0.017588085960250036,-0.0683033322178333,-0.2062829742778434,-0.0037933092285642647,-0.18273347765009113,2.9120262155682184,3.616563428628889,False,1.0025745629207148,False,True,
replication030_payload_com_only,20129,frozen,post_shift,5,-0.2,0.0,-0.2,-0.11266975945403883,0.013947436128317746,-0.1231849648474674,-0.2063189207534382,-0.0002788042142750096,-0.18030335551822568,1.2703473659853843,1.2493151652304475,False,0.39248737248050286,False,True,
replication030_payload_com_only,20130,frozen,post_shift,5,-0.2,0.0,-0.2,-0.08258800296738524,0.017779585570630082,-0.14085916490641653,-0.20737132812054987,-0.008240348206512023,-0.18161164269853217,2.0409106460558237,0.5409106460558237,False,0.6069346302921499,False,True,
replication030_payload_com_only,20131,frozen,post_shift,5,-0.2,0.0,-0.2,-0.10144274780954614,-0.00020790818283694275,-0.07988247429475527,-0.20188470422597857,-0.005399972172021844,-0.18302957043976645,1.8482222515002038,0.3482222515002038,False,0.8577105751454395,False,True,
replication030_payload_com_only,20132,frozen,post_shift,5,-0.2,0.0,-0.2,-0.13587499479965137,0.016666383220302887,-0.14531246694152913,-0.2031166858607501,-0.0073306696886712265,-0.18464047070154213,0.7005072808484306,0.0,False,0.2545928318480757,False,True,
replication030_payload_com_only,20133,frozen,post_shift,5,-0.2,0.0,-0.2,-0.09675097575556672,0.017638408394864885,-0.1168337141729126,-0.2058466412798531,-0.004423749246302277,-0.1876844231139065,1.7893810965165693,1.602024432571334,False,0.6668343110602559,False,True,
replication030_payload_com_only,20134,frozen,post_shift,5,-0.2,0.0,-0.2,-0.12909951413523563,0.02767558720313561,-0.1304672575962171,-0.20799890904748136,0.002045137416888385,-0.18170935172422112,0.974335697569796,1.8744127718830996,False,0.387873683333096,False,True,
replication030_payload_com_only,20135,frozen,post_shift,5,-0.2,0.0,-0.2,-0.11869799443992977,0.025310994146604204,-0.11586542359140362,-0.2041923423908764,-0.0014596846349955559,-0.18615852308086475,1.2601660046893761,2.9496677752520757,False,0.5524429703885999,False,True,
replication030_payload_com_only,20136,frozen,post_shift,5,-0.2,0.0,-0.2,-0.10928589816700815,0.02862229050868848,-0.14549681663918965,-0.20573368307249792,-0.001242646136255988,-0.1834921448762091,1.3039575204165825,2.463895443888137,False,0.39798292940207713,False,True,
replication030_payload_com_only,20137,frozen,post_shift,5,-0.2,0.0,-0.2,-0.11216021108724882,0.02047907035223892,-0.17023487379645633,-0.20281859591697382,-0.0057749622960179565,-0.19068294565512509,1.087821756102609,0.3762727906399963,False,0.10956242429433552,False,True,
replication030_payload_com_only,20138,frozen,post_shift,5,-0.2,0.0,-0.2,-0.12825371822372156,0.020311264148966432,-0.14472019929564583,-0.20712274801571418,-0.0011476979255513509,-0.1858940846802045,0.8978001733449137,0.0,False,0.4123070552624464,False,True,
replication030_payload_com_only,20139,frozen,post_shift,5,-0.2,0.0,-0.2,-0.06269208990364292,0.0025749957941392037,-0.1514986702334354,-0.20352058071106102,0.000806890994577231,-0.18058811981691927,2.4173489986862915,1.3243548191649235,False,0.5451820523105444,False,True,
replication030_payload_com_only,20140,frozen,post_shift,5,-0.2,0.0,-0.2,-0.12323721140822917,0.026593657774609473,-0.13031436707223834,-0.20856324937919649,0.003531480681028075,-0.1844822839830112,1.1078788091823248,0.22304721372657477,False,0.4727619084317373,False,True,
replication030_payload_com_only,20141,frozen,post_shift,5,-0.2,0.0,-0.2,-0.09041021827286425,0.009597233261507862,-0.13197158346377727,-0.2067514729241182,-0.001658870954803411,-0.18321792695536912,1.792690635147289,1.5396381659639407,False,0.5362900033172147,False,True,
replication030_payload_com_only,20142,frozen,post_shift,5,-0.2,0.0,-0.2,-0.11970447487548344,0.022857653277066927,-0.1180794521461797,-0.20767453734098423,-0.002644193987705969,-0.1811850804511228,1.2457815746633127,2.6655378809881887,False,0.3632003317311719,False,True,
replication030_payload_com_only,20143,frozen,post_shift,5,-0.2,0.0,-0.2,-0.11897920814544825,0.018259655871886528,-0.07384062226734663,-0.20387986888439188,0.0015624058489788902,-0.18048014110043586,1.5828900734027227,3.694831299465413,False,0.5012943402028167,False,True,
replication030_payload_com_only,20144,frozen,post_shift,5,-0.2,0.0,-0.2,-0.1057816704821279,0.02060486584098286,-0.09704459025819091,-0.20624655216985707,-0.005224340501433293,-0.18369572577084786,1.748590151389337,1.1022954114060484,False,0.4808098231419901,False,True,
replication030_payload_com_only,20145,frozen,post_shift,5,-0.2,0.0,-0.2,-0.13724819954687018,-0.026544184767803174,-0.10568654949265875,-0.2071026989915232,0.0008293161321511022,-0.17980264583027053,1.005193736222209,2.742452966418769,False,0.663672711621541,False,True,
replication030_payload_com_only,20146,frozen,post_shift,5,-0.2,0.0,-0.2,-0.11315117902814109,0.02088153789145674,-0.11382593604743259,-0.20236561179227672,-0.005507826679589771,-0.1781407762832332,1.285048789387621,1.3472781266320288,False,0.4954060170538679,False,True,
replication030_payload_com_only,20147,frozen,post_shift,5,-0.2,0.0,-0.2,-0.12920862562890853,0.01899982955341572,-0.13693059392088958,-0.20649324788163662,0.0023001480635695334,-0.18477543102451502,0.8793926057297629,0.26356795138014355,False,0.3922205241670225,False,True,
replication030_payload_com_only,20148,frozen,post_shift,5,-0.2,0.0,-0.2,-0.10604550594722645,0.02905375207252683,-0.13366399372039142,-0.19797657857936804,-0.002994182245618763,-0.18171287536035438,1.2698955006137698,0.6899597046426311,False,0.25693653139862266,False,True,
replication030_payload_com_only,20149,frozen,post_shift,5,-0.2,0.0,-0.2,-0.11241507033897061,0.03506969162190386,-0.10858876645231424,-0.20600726450817033,-0.008427796577609621,-0.1859990145287513,1.6410325729206505,0.8561983703791254,False,0.8655471289113975,False,True,
replication030_payload_com_only,20150,frozen,post_shift,5,-0.2,0.0,-0.2,-0.11312846599451987,0.02369002304861978,-0.10786181538398175,-0.19884158787490355,-0.00027748572419352666,-0.18330408917094274,1.2973162172044528,0.9091941930006153,False,0.32324103972857765,False,True,
replication030_payload_com_only,20151,frozen,post_shift,5,-0.2,0.0,-0.2,-0.0858916845786787,0.0020743682670900415,-0.11852216867117563,-0.20560011790289137,-0.0012124841623007516,-0.1853468197605317,1.9888123251440348,3.7375720700264363,False,0.9075842284504284,False,True,
replication030_payload_com_only,20152,frozen,post_shift,5,-0.2,0.0,-0.2,-0.08760179048182144,0.008322956397545362,-0.11215940513936615,-0.20881459039965297,0.0018236071074068335,-0.1855131036848654,2.0862384792050372,0.9371285992276872,False,0.8572191149248044,False,True,
replication030_payload_com_only,20153,frozen,post_shift,5,-0.2,0.0,-0.2,-0.09825032707893286,0.009615809601447367,-0.13345982679139,-0.20756898890663344,-0.0118004648157136,-0.18061168348619122,1.618394431063477,0.11839443106347702,False,0.4708968001408112,False,True,
replication030_payload_com_only,20154,frozen,post_shift,5,-0.2,0.0,-0.2,-0.09810478326722216,0.026458691173109238,-0.12673443111551866,-0.20840317699388664,0.002063345780434472,-0.18430914442682864,1.7206381536819126,1.0089506760392069,False,0.5587658233921685,False,True,
replication030_payload_com_only,20155,frozen,post_shift,5,-0.2,0.0,-0.2,-0.10971701615051282,0.02021815065329815,-0.13218471596152098,-0.20509310101571016,-0.004190357581036802,-0.1847207772834567,1.3264842652754862,1.6036814120226723,False,0.4891521073512447,False,True,
replication030_payload_com_only,20156,frozen,post_shift,5,-0.2,0.0,-0.2,-0.07903997597123465,0.01349627195930099,-0.08774245248136552,-0.20896212227467745,-0.0005073534446770686,-0.1846299854568953,2.605617656137778,3.3645268905139902,False,1.125403389021731,False,True,
replication030_payload_com_only,20157,frozen,post_shift,5,-0.2,0.0,-0.2,-0.13639201458521666,0.018620018416681185,-0.16071572219824518,-0.2056225494818139,-0.005911018600719173,-0.18062539098585093,0.6610456464519584,0.0,False,0.12258558872007017,False,True,
replication030_payload_com_only,20158,frozen,post_shift,5,-0.2,0.0,-0.2,-0.14489140586419802,0.023473674769496806,-0.15345189321912187,-0.20311226691495235,-0.0031208410930179497,-0.18059817950661222,0.5267903916144676,0.3307052390430849,False,0.39308785881278063,False,True,
replication030_payload_com_only,20159,frozen,post_shift,5,-0.2,0.0,-0.2,-0.05076551185121038,0.01705036006250567,-0.05010218705566435,-0.2006796970164519,-0.004996896855952352,-0.18431445717934355,3.8535443330772847,3.554449423158442,False,0.863942545662514,False,True,
replication030_payload_com_only,20160,frozen,post_shift,5,-0.2,0.0,-0.2,-0.053738751007679816,0.010221663416924397,-0.09045808349358442,-0.20414959663510476,-0.0035604128567359515,-0.18464389549602125,3.2679229500773914,4.1877320100701905,False,1.1303265700134444,False,True,
replication030_payload_com_only,20161,frozen,post_shift,5,-0.2,0.0,-0.2,-0.0965484781070777,0.005036225756463365,-0.13315714172514134,-0.20538887987539972,-0.007564556248493038,-0.18528725257725684,1.6008027091243073,0.10080270912430733,False,0.592288903463981,False,True,
replication030_payload_com_only,20162,frozen,post_shift,5,-0.2,0.0,-0.2,-0.09561145658862845,0.030254371256535625,-0.09141178392068065,-0.20942866786501,-0.008961784685811403,-0.1827684457176473,2.242696067185533,4.413984530336852,True,0.9937670419990746,False,True,
replication030_payload_com_only,20163,frozen,post_shift,5,-0.2,0.0,-0.2,-0.12959747979145458,0.02079996361642673,-0.14555266730642055,-0.19944230048844316,-0.0010039948712337423,-0.18373591595093255,0.7280263165720986,0.0,False,0.33801326744928895,False,True,
replication030_payload_com_only,20164,frozen,post_shift,5,-0.2,0.0,-0.2,-0.06101790677599028,0.019494609782568464,-0.0530082244745837,-0.20303473500417737,-0.012294304377223206,-0.18380116351855255,3.5893894149083088,4.794053708673829,True,0.7657449359467552,False,True,
replication030_payload_com_only,20165,frozen,post_shift,5,-0.2,0.0,-0.2,-0.10942784007408106,0.02507820403916856,-0.08928630853617456,-0.20002493800828514,-0.010201143375137289,-0.18123640441136282,1.6542575729730993,0.15425757297309928,False,0.5983793592301143,False,True,
replication030_payload_com_only,20166,frozen,post_shift,5,-0.2,0.0,-0.2,-0.11483033849962232,0.02471435919720188,-0.14360655692098828,-0.2048696548392428,-0.0013844475577492858,-0.18670168715133129,1.1619654866154756,2.610554829389775,False,0.4000887490684978,False,True,
replication030_payload_com_only,20167,frozen,post_shift,5,-0.2,0.0,-0.2,-0.07299273864992616,0.008885059735011924,-0.1410593816551277,-0.198043315562328,-0.008999731230980102,-0.1893096934781622,2.0480232126815867,0.5480232126815867,False,0.5394227845093932,False,True,
replication030_payload_com_only,20168,frozen,post_shift,5,-0.2,0.0,-0.2,-0.11300585412070953,0.024175210856217506,-0.12411559895929153,-0.2049993802495997,0.003174842974978248,-0.1873616146295638,1.3037711972439168,1.5161372502185528,False,0.5239148056655816,False,True,
replication030_payload_com_only,20169,frozen,post_shift,5,-0.2,0.0,-0.2,-0.07811690524856484,0.0227660434706298,-0.1569792904800759,-0.2039988368068153,0.0007147694722905775,-0.1866282016780037,1.994328290249908,0.494328290249908,False,0.5559947080580455,False,True,
replication030_payload_com_only,20170,frozen,post_shift,5,-0.2,0.0,-0.2,-0.1307021267729627,0.024377370673854707,-0.15112175159270402,-0.20376811259930042,0.004466815122348961,-0.18454099891941317,0.744543236143613,0.0,False,0.41956845932129366,False,True,
replication030_payload_com_only,20171,frozen,post_shift,5,-0.2,0.0,-0.2,-0.12840905227238697,0.016511879392129284,-0.15239430675768076,-0.2086533613373932,-0.00412449624863333,-0.17829438355128183,0.8597283255349049,0.0,False,0.254373876302146,False,True,
replication030_payload_com_only,20172,frozen,post_shift,5,-0.2,0.0,-0.2,-0.051649290908324756,0.020137530133866967,-0.0655361366282402,-0.2053830104410817,-0.009603507957934607,-0.1774746214432734,3.697874623385207,3.175611627408525,False,0.7472605724303825,False,True,
replication030_payload_com_only,20101,passive,pre_shift,1,-0.2,0.0,-0.2,-0.12259267507755107,0.011624744444841862,-0.17367222206667154,-0.20364105248147535,-0.00912851425097578,-0.18202517412234953,0.8295034223084223,0.0,False,nan,False,True,
replication030_payload_com_only,20102,passive,pre_shift,1,-0.2,0.0,-0.2,-0.14756832238521142,0.017804456874307845,-0.18054722478234042,-0.20520189547083648,-0.0015755553976718462,-0.1775055100887628,0.43297972013842023,0.0,False,nan,False,True,
replication030_payload_com_only,20103,passive,pre_shift,1,-0.2,0.0,-0.2,-0.09924342475521294,0.014022731493902596,-0.19008512880042253,-0.20204535775309995,-0.006610199878200142,-0.18710077245857737,1.3004155434200406,0.0,False,nan,False,True,
replication030_payload_com_only,20104,passive,pre_shift,1,-0.2,0.0,-0.2,-0.13416584256473446,0.012321654629182192,-0.20051978116037972,-0.20337711605338374,-0.005785680447240099,-0.18339334550352715,0.6199311590402843,0.0,False,nan,False,True,
replication030_payload_com_only,20105,passive,pre_shift,1,-0.2,0.0,-0.2,-0.1189360632355134,0.008929344829373893,-0.20496366841157718,-0.20503358063801608,0.0009712579227897334,-0.1849100623823354,0.8971264001911683,0.0,False,nan,False,True,
replication030_payload_com_only,20106,passive,pre_shift,1,-0.2,0.0,-0.2,-0.13427032111660123,0.007326244110714787,-0.1946898496555412,-0.20355774477475716,-0.0029994660637297547,-0.18131270512027697,0.5883346149893018,0.0,False,nan,False,True,
replication030_payload_com_only,20107,passive,pre_shift,1,-0.2,0.0,-0.2,-0.19818459881398368,0.007388969197126489,-0.22232906397677482,-0.20570643539408348,-0.0019666938079405147,-0.18748677098794453,0.0926298134011541,0.0,False,nan,False,True,
replication030_payload_com_only,20108,passive,pre_shift,1,-0.2,0.0,-0.2,-0.123060328865264,0.0269279177392468,-0.23357116604367786,-0.20545167557601585,-0.010910677228487695,-0.18506457761457892,1.1123475863419883,0.0,False,nan,False,True,
replication030_payload_com_only,20109,passive,pre_shift,1,-0.2,0.0,-0.2,-0.10992476441243902,0.008549334730376858,-0.2001470015788477,-0.20126729134788104,0.00014349338183448457,-0.18591209211491513,1.0022753466927685,0.0,False,nan,False,True,
replication030_payload_com_only,20110,passive,pre_shift,1,-0.2,0.0,-0.2,-0.12657672182175608,0.024905652670428956,-0.19046267658290036,-0.2045653706954589,-0.008237281767490686,-0.18901274074928798,0.8406938356669617,0.0,False,nan,False,True,
replication030_payload_com_only,20111,passive,pre_shift,1,-0.2,0.0,-0.2,-0.1191290962396766,0.027219749273044342,-0.18492082747893598,-0.19938707702200398,-0.014591404637120295,-0.1817789373160664,0.9616749785539148,0.0,False,nan,False,True,
replication030_payload_com_only,20112,passive,pre_shift,1,-0.2,0.0,-0.2,-0.13899017291063154,0.023586616631111383,-0.18405788148276572,-0.2091281634282645,-0.00608877048957311,-0.18123983601106874,0.673700067052022,0.0,False,nan,False,True,
replication030_payload_com_only,20113,passive,pre_shift,1,-0.2,0.0,-0.2,-0.13353225284043993,0.010791903221399897,-0.19368535170453535,-0.20473887036211733,-0.012413990482265493,-0.18522483033455472,0.6648395189846109,0.0,False,nan,False,True,
replication030_payload_com_only,20114,passive,pre_shift,1,-0.2,0.0,-0.2,-0.13032535412173887,0.02192164305325646,-0.1762705519265301,-0.20328433237849428,-0.00025989193713714024,-0.18375815469054935,0.6813363916487211,0.0,False,nan,False,True,
replication030_payload_com_only,20115,passive,pre_shift,1,-0.2,0.0,-0.2,-0.11743246347995748,0.03110397099985209,-0.20539151691577187,-0.20842593033029858,-0.0015934350981772853,-0.18366294324304025,1.101102784176679,0.0,False,nan,False,True,
replication030_payload_com_only,20116,passive,pre_shift,1,-0.2,0.0,-0.2,-0.12131473107731706,0.012084662508493113,-0.20381257084778193,-0.20385621833797324,-0.009703306177935207,-0.18323190560056468,0.8837474278076427,0.0,False,nan,False,True,
replication030_payload_com_only,20117,passive,pre_shift,1,-0.2,0.0,-0.2,-0.10144696953587233,0.021012874528675448,-0.18558067413058726,-0.19803807251842356,-0.00689832630728278,-0.18525055240785085,1.2007419944976392,0.0,False,nan,False,True,
replication030_payload_com_only,20118,passive,pre_shift,1,-0.2,0.0,-0.2,-0.14075070847701432,0.01701448997046508,-0.20923702538577582,-0.208511185637364,0.00017179747434216844,-0.1854353633740742,0.601821244262242,0.0,False,nan,False,True,
replication030_payload_com_only,20119,passive,pre_shift,1,-0.2,0.0,-0.2,-0.11318883753000895,0.02076119846412641,-0.16725630896889201,-0.20479830790641923,-0.008521381618755732,-0.17851259710703568,1.0997044838261132,0.0,False,nan,False,True,
replication030_payload_com_only,20120,passive,pre_shift,1,-0.2,0.0,-0.2,-0.10424279268301864,0.01593675194008575,-0.16407984311164633,-0.20336878051037965,-0.005237663305881062,-0.17931735133673055,1.2254698007135325,0.0,False,nan,False,True,
replication030_payload_com_only,20121,passive,pre_shift,1,-0.2,0.0,-0.2,-0.11661664166016827,0.018128121598491604,-0.22850359720033536,-0.2062071916040172,-0.005407044416622236,-0.1833541713195455,1.1480689750946709,0.0,False,nan,False,True,
replication030_payload_com_only,20122,passive,pre_shift,1,-0.2,0.0,-0.2,-0.11051587466786657,0.01759986593951013,-0.15436236474679108,-0.2030978117855159,-0.00574186333254412,-0.18224190879601515,1.1236412062788486,0.0,False,nan,False,True,
replication030_payload_com_only,20123,passive,pre_shift,1,-0.2,0.0,-0.2,-0.09838068808709112,0.014944721546848031,-0.18732766811982235,-0.2007093569219544,0.0013159039984586727,-0.18500953456890035,1.2575539391019046,0.0,False,nan,False,True,
replication030_payload_com_only,20124,passive,pre_shift,1,-0.2,0.0,-0.2,-0.10598219330066724,0.03154204014203791,-0.21700784065982895,-0.20365128787574802,-0.0031942725539927694,-0.18723578650715722,1.3060904328566436,0.0,False,nan,False,True,
replication030_payload_com_only,20125,passive,pre_shift,1,-0.2,0.0,-0.2,-0.13944576617358367,0.015595679120599218,-0.19711508335491917,-0.20949767206933975,-0.004155399682717456,-0.18316067417661727,0.6253447412437495,0.0,False,nan,False,True,
replication030_payload_com_only,20126,passive,pre_shift,1,-0.2,0.0,-0.2,-0.19060643456025259,0.008332609395837258,-0.2114506969524252,-0.20547501586950842,0.000269143747428071,-0.18473699428216245,0.07822041686784804,0.0,False,nan,False,True,
replication030_payload_com_only,20127,passive,pre_shift,1,-0.2,0.0,-0.2,-0.11187018939473194,0.01408002101126972,-0.19697045109414155,-0.20327029980879777,-0.010606867078691124,-0.18483507407008598,1.0698848844946698,0.0,False,nan,False,True,
replication030_payload_com_only,20128,passive,pre_shift,1,-0.2,0.0,-0.2,-0.1839228376287238,-0.0004943532214233005,-0.17263083366273488,-0.2062829742778434,-0.0037933092285642647,-0.18273347765009113,0.06630406317235096,0.0,False,nan,False,True,
replication030_payload_com_only,20129,passive,pre_shift,1,-0.2,0.0,-0.2,-0.14002366941751926,0.015594302735731374,-0.18434451368965565,-0.2063189207534382,-0.0002788042142750096,-0.18030335551822568,0.5382736686982951,0.0,False,nan,False,True,
replication030_payload_com_only,20130,passive,pre_shift,1,-0.2,0.0,-0.2,-0.14382622268931106,0.019812841475676326,-0.21645724860198376,-0.20737132812054987,-0.008240348206512023,-0.18161164269853217,0.6380828291045341,0.0,False,nan,False,True,
replication030_payload_com_only,20131,passive,pre_shift,1,-0.2,0.0,-0.2,-0.1187429452404236,0.024656716324500894,-0.22204780203882493,-0.20188470422597857,-0.005399972172021844,-0.18302957043976645,1.0144397474389828,0.0,False,nan,False,True,
replication030_payload_com_only,20132,passive,pre_shift,1,-0.2,0.0,-0.2,-0.13680448907066473,0.008489067329781221,-0.187266458289095,-0.2031166858607501,-0.0073306696886712265,-0.18464047070154213,0.5455906754166796,0.0,False,nan,False,True,
replication030_payload_com_only,20133,passive,pre_shift,1,-0.2,0.0,-0.2,-0.12284059755904803,0.017897369768191077,-0.2320800467384036,-0.2058466412798531,-0.004423749246302277,-0.1876844231139065,0.9872300319405971,0.0,False,nan,False,True,
replication030_payload_com_only,20134,passive,pre_shift,1,-0.2,0.0,-0.2,-0.16461721482077085,0.01247453568798349,-0.17070778406437562,-0.20799890904748136,0.002045137416888385,-0.18170935172422112,0.24095548023787292,0.0,False,nan,False,True,
replication030_payload_com_only,20135,passive,pre_shift,1,-0.2,0.0,-0.2,-0.08865034067178959,0.029199801970123413,-0.20707516096313028,-0.2041923423908764,-0.0014596846349955559,-0.18615852308086475,1.6887917981813816,0.1887917981813816,False,nan,False,True,
replication030_payload_com_only,20136,passive,pre_shift,1,-0.2,0.0,-0.2,-0.14302949905831608,0.011687557767564503,-0.18789697368839758,-0.20573368307249792,-0.001242646136255988,-0.1834921448762091,0.47942320790910337,0.0,False,nan,False,True,
replication030_payload_com_only,20137,passive,pre_shift,1,-0.2,0.0,-0.2,-0.11171621891501958,0.02923834990175779,-0.16980932072152927,-0.20281859591697382,-0.0057749622960179565,-0.19068294565512509,1.1518566256278204,0.0,False,nan,False,True,
replication030_payload_com_only,20138,passive,pre_shift,1,-0.2,0.0,-0.2,-0.1288794766713411,0.005285900632208779,-0.21078335965976527,-0.20712274801571418,-0.0011476979255513509,-0.1858940846802045,0.7607724021355541,0.0,False,nan,False,True,
replication030_payload_com_only,20139,passive,pre_shift,1,-0.2,0.0,-0.2,-0.13617248595518724,0.014129528384025878,-0.1568534101055683,-0.20352058071106102,0.000806890994577231,-0.18058811981691927,0.5909218642388084,0.0,False,nan,False,True,
replication030_payload_com_only,20140,passive,pre_shift,1,-0.2,0.0,-0.2,-0.17610321113963165,0.011654937964433561,-0.16893755595289514,-0.20856324937919649,0.003531480681028075,-0.1844822839830112,0.14569177060137015,0.0,False,nan,False,True,
replication030_payload_com_only,20141,passive,pre_shift,1,-0.2,0.0,-0.2,-0.15232762144109138,0.008528637113148994,-0.18651731597530607,-0.2067514729241182,-0.001658870954803411,-0.18321792695536912,0.359761046431806,0.0,False,nan,False,True,
replication030_payload_com_only,20142,passive,pre_shift,1,-0.2,0.0,-0.2,-0.1469742772122756,0.014523288232751563,-0.16997447767648266,-0.20767453734098423,-0.002644193987705969,-0.1811850804511228,0.4754475332634917,0.0,False,nan,False,True,
replication030_payload_com_only,20143,passive,pre_shift,1,-0.2,0.0,-0.2,-0.14373583396905862,0.009359538187441906,-0.15586399769082726,-0.20387986888439188,0.0015624058489788902,-0.18048014110043586,0.4718346724295448,0.0,False,nan,False,True,
replication030_payload_com_only,20144,passive,pre_shift,1,-0.2,0.0,-0.2,-0.14153277448995052,0.010421674822953966,-0.166703444357341,-0.20624655216985707,-0.005224340501433293,-0.18369572577084786,0.5405550484319473,0.0,False,nan,False,True,
replication030_payload_com_only,20145,passive,pre_shift,1,-0.2,0.0,-0.2,-0.14639578714320886,0.015045925012928186,-0.17900661075109103,-0.2071026989915232,0.0008293161321511022,-0.17980264583027053,0.4552907328969282,0.0,False,nan,False,True,
replication030_payload_com_only,20146,passive,pre_shift,1,-0.2,0.0,-0.2,-0.11580497705553275,0.02281752956726392,-0.2028271846322722,-0.20236561179227672,-0.005507826679589771,-0.1781407762832332,1.0112567817972251,0.0,False,nan,False,True,
replication030_payload_com_only,20147,passive,pre_shift,1,-0.2,0.0,-0.2,-0.1572905197836039,0.00820532502246374,-0.19252587675653438,-0.20649324788163662,0.0023001480635695334,-0.18477543102451502,0.28996968702318604,0.0,False,nan,False,True,
replication030_payload_com_only,20148,passive,pre_shift,1,-0.2,0.0,-0.2,-0.10190109081861486,0.023474626892668157,-0.17785628800693323,-0.19797657857936804,-0.002994182245618763,-0.18171287536035438,1.1702442560625892,0.0,False,nan,False,True,
replication030_payload_com_only,20149,passive,pre_shift,1,-0.2,0.0,-0.2,-0.1840969561819803,-0.004913653529389803,-0.19625859398613152,-0.20600726450817033,-0.008427796577609621,-0.1859990145287513,0.06470395319260923,0.0,False,nan,False,True,
replication030_payload_com_only,20150,passive,pre_shift,1,-0.2,0.0,-0.2,-0.1180675037053615,0.013747347755229842,-0.16119584861647893,-0.19884158787490355,-0.00027748572419352666,-0.18330408917094274,0.8233003663253392,0.0,False,nan,False,True,
replication030_payload_com_only,20151,passive,pre_shift,1,-0.2,0.0,-0.2,-0.18353617037610476,0.01738932852854794,-0.21721236194906587,-0.20560011790289137,-0.0012124841623007516,-0.1853468197605317,0.16140116876623728,0.0,False,nan,False,True,
replication030_payload_com_only,20152,passive,pre_shift,1,-0.2,0.0,-0.2,-0.15277417771841437,0.026266599320467852,-0.23527335207848477,-0.20881459039965297,0.0018236071074068335,-0.1855131036848654,0.5875275131415489,0.0,False,nan,False,True,
replication030_payload_com_only,20153,passive,pre_shift,1,-0.2,0.0,-0.2,-0.128665973109211,0.020766073512342068,-0.2043528487652441,-0.20756898890663344,-0.0118004648157136,-0.18061168348619122,0.8914924404087716,0.0,False,nan,False,True,
replication030_payload_com_only,20154,passive,pre_shift,1,-0.2,0.0,-0.2,-0.15509208247062242,0.015751790570292815,-0.1912878768615311,-0.20840317699388664,0.002063345780434472,-0.18430914442682864,0.35735393448905506,0.0,False,nan,False,True,
replication030_payload_com_only,20155,passive,pre_shift,1,-0.2,0.0,-0.2,-0.1280628998642354,0.02306383204117858,-0.21677178448837228,-0.20509310101571016,-0.004190357581036802,-0.1847207772834567,0.8397025927299971,0.0,False,nan,False,True,
replication030_payload_com_only,20156,passive,pre_shift,1,-0.2,0.0,-0.2,-0.20820185373316555,0.0021262709322464788,-0.20089510839158212,-0.20896212227467745,-0.0005073534446770686,-0.1846299854568953,0.017407887273479253,0.0,False,nan,False,True,
replication030_payload_com_only,20157,passive,pre_shift,1,-0.2,0.0,-0.2,-0.1264042785428757,0.024460934152631335,-0.17293322927915264,-0.2056225494818139,-0.005911018600719173,-0.18062539098585093,0.8428410877787464,0.0,False,nan,False,True,
replication030_payload_com_only,20158,passive,pre_shift,1,-0.2,0.0,-0.2,-0.09124539500633792,0.01978995496547193,-0.16688142981472234,-0.20311226691495235,-0.0031208410930179497,-0.18059817950661222,1.5607399853380048,0.06073998533800484,False,nan,False,True,
replication030_payload_com_only,20159,passive,pre_shift,1,-0.2,0.0,-0.2,-0.10048554986793884,0.005480858078487326,-0.18945468214104602,-0.2006796970164519,-0.004996896855952352,-0.18431445717934355,1.1990836213087865,0.0,False,nan,False,True,
replication030_payload_com_only,20160,passive,pre_shift,1,-0.2,0.0,-0.2,-0.19429432900288854,-0.006339966985496562,-0.17618574382695007,-0.20414959663510476,-0.0035604128567359515,-0.18464389549602125,0.016848972061922443,0.0,False,nan,False,True,
replication030_payload_com_only,20161,passive,pre_shift,1,-0.2,0.0,-0.2,-0.12567406510584914,0.015207896335594901,-0.2303170445939747,-0.20538887987539972,-0.007564556248493038,-0.18528725257725684,0.9399096387343248,0.0,False,nan,False,True,
replication030_payload_com_only,20162,passive,pre_shift,1,-0.2,0.0,-0.2,-0.17151300449208534,0.010809513624391968,-0.2347988793911373,-0.20942866786501,-0.008961784685811403,-0.1827684457176473,0.38178163745959215,0.0,False,nan,False,True,
replication030_payload_com_only,20163,passive,pre_shift,1,-0.2,0.0,-0.2,-0.14344186911685933,0.009300392767190517,-0.1976630603280279,-0.19944230048844316,-0.0010039948712337423,-0.18373591595093255,0.3939213390947484,0.0,False,nan,False,True,
replication030_payload_com_only,20164,passive,pre_shift,1,-0.2,0.0,-0.2,-0.11097107203460035,0.026056282977582956,-0.1740675181243364,-0.20303473500417737,-0.012294304377223206,-0.18380116351855255,1.1776927482974386,0.0,False,nan,False,True,
replication030_payload_com_only,20165,passive,pre_shift,1,-0.2,0.0,-0.2,-0.102673311342526,0.01790150787998878,-0.19542259820572314,-0.20002493800828514,-0.010201143375137289,-0.18123640441136282,1.2311969572577817,0.0,False,nan,False,True,
replication030_payload_com_only,20166,passive,pre_shift,1,-0.2,0.0,-0.2,-0.09447200623413107,0.030008879328738317,-0.20963123688495292,-0.2048696548392428,-0.0013844475577492858,-0.18670168715133129,1.5645025787682465,0.0645025787682465,False,nan,False,True,
replication030_payload_com_only,20167,passive,pre_shift,1,-0.2,0.0,-0.2,-0.11796901718084393,0.02003628171979502,-0.21491201543442806,-0.198043315562328,-0.008999731230980102,-0.1893096934781622,0.9028408185996604,0.0,False,nan,False,True,
replication030_payload_com_only,20168,passive,pre_shift,1,-0.2,0.0,-0.2,-0.1342971174008606,0.011367430215845598,-0.20963494728053567,-0.2049993802495997,0.003174842974978248,-0.1873616146295638,0.6210405030956124,0.0,False,nan,False,True,
replication030_payload_com_only,20169,passive,pre_shift,1,-0.2,0.0,-0.2,-0.14466055550848606,0.013635127714299523,-0.20466457965137305,-0.2039988368068153,0.0007147694722905775,-0.1866282016780037,0.45218538909715883,0.0,False,nan,False,True,
replication030_payload_com_only,20170,passive,pre_shift,1,-0.2,0.0,-0.2,-0.08752698192120556,0.013162568450697583,-0.19568004447264692,-0.20376811259930042,0.004466815122348961,-0.18454099891941317,1.580076972665143,0.08007697266514291,False,nan,False,True,
replication030_payload_com_only,20171,passive,pre_shift,1,-0.2,0.0,-0.2,-0.13951487473132484,0.02393284326617004,-0.19256635909256517,-0.2086533613373932,-0.00412449624863333,-0.17829438355128183,0.6571989966933257,0.0,False,nan,False,True,
replication030_payload_com_only,20172,passive,pre_shift,1,-0.2,0.0,-0.2,-0.1198278127516302,0.013977972835573631,-0.16661082468041596,-0.2053830104410817,-0.009603507957934607,-0.1774746214432734,0.9364268617027128,0.0,False,nan,False,True,
replication030_payload_com_only,20101,passive,pre_shift,2,-0.2,0.0,0.2,-0.018197050249320616,0.00635145715026448,0.09368372880812596,-0.20325990514090914,-0.011697504550207518,0.19764244178715756,4.815222683303907,3.315222683303907,False,nan,False,True,
replication030_payload_com_only,20102,passive,pre_shift,2,-0.2,0.0,0.2,-0.022850468113192263,0.007096659422747039,0.08599340022642467,-0.20692233781050795,-0.0008962399463841691,0.18770026331597534,4.708459254199532,3.208459254199532,False,nan,False,True,
replication030_payload_com_only,20103,passive,pre_shift,2,-0.2,0.0,0.2,-0.042854272133966836,0.00881556045428916,0.10857824345865608,-0.20019029820888237,-0.006467158947424958,0.19563002822852477,3.4493002617003774,1.9493002617003774,False,nan,False,True,
replication030_payload_com_only,20104,passive,pre_shift,2,-0.2,0.0,0.2,-0.019027932303874485,0.008664881570810386,0.09896145412716843,-0.20359915637498638,-0.0091757215249475,0.19686654001154102,4.722321228965492,3.222321228965492,False,nan,False,True,
replication030_payload_com_only,20105,passive,pre_shift,2,-0.2,0.0,0.2,-0.0311636379332223,0.012066599743992693,0.11043336823087431,-0.2034642421562245,0.0018573125884211062,0.19509687924133265,3.964558363744039,2.464558363744039,False,nan,False,True,
replication030_payload_com_only,20106,passive,pre_shift,2,-0.2,0.0,0.2,-0.020072051428302137,0.007054511350947198,0.09805562942777331,-0.2042509146111693,-0.006470693793026988,0.19739054273641482,4.70404218596882,3.20404218596882,False,nan,False,True,
replication030_payload_com_only,20107,passive,pre_shift,2,-0.2,0.0,0.2,-0.01956691043268917,0.006460152377741835,0.08738093879107753,-0.20529918039603587,-0.006905139678692689,0.19945469345566685,4.9439726120100795,3.4439726120100795,False,nan,False,True,
replication030_payload_com_only,20108,passive,pre_shift,2,-0.2,0.0,0.2,-0.03666367299160404,0.01082829432666367,0.0922110311728027,-0.20372164279201216,-0.010313485997149992,0.1842355173308451,3.9168399890347776,2.4168399890347776,False,nan,False,True,
replication030_payload_com_only,20109,passive,pre_shift,2,-0.2,0.0,0.2,-0.04859550232068773,0.007752705131862289,0.10811895344505743,-0.19963438602114822,-0.0009638832484435516,0.19397258326341182,3.183198257091451,1.6831982570914512,False,nan,False,True,
replication030_payload_com_only,20110,passive,pre_shift,2,-0.2,0.0,0.2,-0.03280856985990244,0.01224915292736441,0.08422395440984887,-0.20253212986107147,-0.005311884165123725,0.1975123995496662,4.22076216230801,2.7207621623080103,False,nan,False,True,
replication030_payload_com_only,20111,passive,pre_shift,2,-0.2,0.0,0.2,-0.04865353891176487,0.004576079230229169,0.08146159835911682,-0.19802656614667696,-0.013443417881270561,0.1856413154394254,3.357385650217059,1.8573856502170591,False,nan,False,True,
replication030_payload_com_only,20112,passive,pre_shift,2,-0.2,0.0,0.2,-0.03191421438438659,0.004738937690971835,0.06269574290768028,-0.20769326104791275,-0.010689676847569166,0.20767631701532935,5.018970304588847,3.518970304588847,False,nan,False,True,
replication030_payload_com_only,20113,passive,pre_shift,2,-0.2,0.0,0.2,-0.03572539045143109,0.0077244760081990275,0.09381592277144737,-0.20221544506503955,-0.014622642537216075,0.1975901593839026,4.0317104809599185,2.5317104809599185,False,nan,False,True,
replication030_payload_com_only,20114,passive,pre_shift,2,-0.2,0.0,0.2,-0.024690947315003462,0.007261308016389369,0.07117611228249766,-0.20245704793670613,-0.004356374617616835,0.20273525098339468,4.8731765412849795,3.3731765412849795,False,nan,False,True,
replication030_payload_com_only,20115,passive,pre_shift,2,-0.2,0.0,0.2,-0.013013556705740574,0.010483535726978651,0.09273609799691654,-0.20878041163192013,-0.005627803511352303,0.19850899588616613,5.330773900847306,3.830773900847306,False,nan,False,True,
replication030_payload_com_only,20116,passive,pre_shift,2,-0.2,0.0,0.2,-0.022988123676311804,0.00998070073911969,0.09821440573911117,-0.20439276683474883,-0.014109367419004233,0.19977494262887066,4.6524948596625775,3.1524948596625775,False,nan,False,True,
replication030_payload_com_only,20117,passive,pre_shift,2,-0.2,0.0,0.2,-0.02769287375778251,0.010443731006471951,0.09766937281452007,-0.19587436521571044,-0.007630065156989556,0.1870957675626313,3.9138017956015556,2.4138017956015556,False,nan,False,True,
replication030_payload_com_only,20118,passive,pre_shift,2,-0.2,0.0,0.2,-0.010735679491103437,0.010632569662608936,0.08902910585961847,-0.208990678897428,-0.003225823115888595,0.19607272313675655,5.4582560315694115,3.9582560315694115,False,nan,False,True,
replication030_payload_com_only,20119,passive,pre_shift,2,-0.2,0.0,0.2,-0.03467911781235079,0.00708803487824287,0.06767544188941083,-0.2029133890703945,-0.007074055599501187,0.1866417934507575,4.277087101518219,2.7770871015182186,False,nan,False,True,
replication030_payload_com_only,20120,passive,pre_shift,2,-0.2,0.0,0.2,-0.026993640855389,0.0051984852469581675,0.07327735123573886,-0.20302311198763276,-0.007427761360789965,0.20130400492928763,4.736896945407624,3.236896945407624,False,nan,False,True,
replication030_payload_com_only,20121,passive,pre_shift,2,-0.2,0.0,0.2,-0.02521429066619223,0.012483413544770812,0.0926254993528484,-0.20550358886340364,-0.0037849345680454026,0.18195609646443153,4.427041472012664,2.9270414720126636,False,nan,False,True,
replication030_payload_com_only,20122,passive,pre_shift,2,-0.2,0.0,0.2,-0.03402822167747951,0.005206844976062275,0.07191595035558603,-0.20159697286268544,-0.00570053542410759,0.2023765326673453,4.406111375870234,2.9061113758702337,False,nan,False,True,
replication030_payload_com_only,20123,passive,pre_shift,2,-0.2,0.0,0.2,-0.05361737314954926,0.007885474751831054,0.10418240425244267,-0.19886424476545453,0.00037677677700780234,0.1956899932304644,3.038362713930581,1.538362713930581,False,nan,False,True,
replication030_payload_com_only,20124,passive,pre_shift,2,-0.2,0.0,0.2,-0.016446804223892823,0.011888434126406895,0.0869164036288699,-0.20356550319292482,-0.00425573614061882,0.19641446376983646,4.9775062906802345,3.4775062906802345,False,nan,False,True,
replication030_payload_com_only,20125,passive,pre_shift,2,-0.2,0.0,0.2,-0.00850812780103734,0.008628456011202046,0.08661275162161294,-0.20994292430382774,-0.007080329413317521,0.1942972373109876,5.6295969721730215,4.1295969721730215,False,nan,False,True,
replication030_payload_com_only,20126,passive,pre_shift,2,-0.2,0.0,0.2,-0.013115677176001499,0.007253591150896985,0.08981742059776415,-0.2046296456952387,-0.0035945441952208424,0.19724881258676252,5.137733926530119,3.637733926530119,False,nan,False,True,
replication030_payload_com_only,20127,passive,pre_shift,2,-0.2,0.0,0.2,-0.05739926590166038,0.010940043787493985,0.10620186369774137,-0.20341303327156657,-0.008218128655742446,0.18590257388569745,2.9778848330371397,1.4778848330371397,False,nan,False,True,
replication030_payload_com_only,20128,passive,pre_shift,2,-0.2,0.0,0.2,-0.027740438157085403,0.0007623927202444504,0.05323108075389367,-0.20183121767797643,-0.0034782255295252437,0.19997100542205162,4.910968892141576,3.410968892141576,False,nan,False,True,
replication030_payload_com_only,20129,passive,pre_shift,2,-0.2,0.0,0.2,-0.01714224085933813,0.004622277253838498,0.05442704885553287,-0.20751476512812167,-0.0022217448789072928,0.19943368334022515,5.662865913754705,4.162865913754705,False,nan,False,True,
replication030_payload_com_only,20130,passive,pre_shift,2,-0.2,0.0,0.2,-0.036919418555784324,0.00792279975961125,0.08186136956123248,-0.20660306276139503,-0.008249491241002112,0.19314971446379325,4.237408081395856,2.7374080813958557,False,nan,False,True,
replication030_payload_com_only,20131,passive,pre_shift,2,-0.2,0.0,0.2,-0.03298509407821765,0.010644337005620072,0.08961551310920504,-0.20039186881988724,-0.004055219577569838,0.18622303746277594,3.95798164691821,2.45798164691821,False,nan,False,True,
replication030_payload_com_only,20132,passive,pre_shift,2,-0.2,0.0,0.2,-0.026045485835374634,0.01002488651794897,0.10082760555823479,-0.20313029240206126,-0.006867118804391726,0.18836901023736907,4.211062142867859,2.711062142867859,False,nan,False,True,
replication030_payload_com_only,20133,passive,pre_shift,2,-0.2,0.0,0.2,-0.02051196546820477,0.011213630280608554,0.09279667602519177,-0.2055253000561037,-0.0084633149437353,0.19628316035346638,4.8244931119814,3.3244931119813996,False,nan,False,True,
replication030_payload_com_only,20134,passive,pre_shift,2,-0.2,0.0,0.2,-0.01071544599039921,0.0055892506955827585,0.07970344103320044,-0.21006833498385313,0.00020292077506134417,0.19701067168066175,5.634269381970633,4.134269381970633,False,nan,False,True,
replication030_payload_com_only,20135,passive,pre_shift,2,-0.2,0.0,0.2,-0.017155385237890564,0.007927622452280984,0.0876055724760049,-0.20515534925381215,-0.005073142457968875,0.19573464606657012,4.996609189181343,3.6854009873627245,False,nan,False,True,
replication030_payload_com_only,20136,passive,pre_shift,2,-0.2,0.0,0.2,-0.016699537521930655,0.007025943794519333,0.07676189271442249,-0.20423126282224893,-0.0038797631005724202,0.19918393658938566,5.1660594161361395,3.6660594161361395,False,nan,False,True,
replication030_payload_com_only,20137,passive,pre_shift,2,-0.2,0.0,0.2,-0.033666071819320166,0.010578727223574573,0.07640706090698553,-0.2021582347055048,-0.003882800997902047,0.20257677051680917,4.388800122713454,2.8888001227134543,False,nan,False,True,
replication030_payload_com_only,20138,passive,pre_shift,2,-0.2,0.0,0.2,-0.03380278023747618,0.009653162908546389,0.11354842023776038,-0.20531684516986806,-0.0012697607308456865,0.19397118287286985,3.882087325069332,2.382087325069332,False,nan,False,True,
replication030_payload_com_only,20139,passive,pre_shift,2,-0.2,0.0,0.2,-0.022361595941091765,0.006013501846859309,0.05577668719438094,-0.20360393200964608,-0.002352797392222357,0.2062215665246373,5.3478197570350545,3.8478197570350545,False,nan,False,True,
replication030_payload_com_only,20140,passive,pre_shift,2,-0.2,0.0,0.2,-0.008817437902428376,0.004517528054663607,0.08979388832088325,-0.20941166074525336,0.0013011116490680129,0.19527447754879487,5.460682584608325,3.9606825846083247,False,nan,False,True,
replication030_payload_com_only,20141,passive,pre_shift,2,-0.2,0.0,0.2,-0.016094609121267606,0.009751348131333331,0.0925013135591729,-0.2072927887396338,-0.00507218115948356,0.19489667920685913,5.064275103551712,3.5642751035517124,False,nan,False,True,
replication030_payload_com_only,20142,passive,pre_shift,2,-0.2,0.0,0.2,-0.017139489926110783,0.006716245901377544,0.07077167212710445,-0.2080592282287085,-0.0032975021622160708,0.19826947159503588,5.396134077177155,3.8961340771771553,False,nan,False,True,
replication030_payload_com_only,20143,passive,pre_shift,2,-0.2,0.0,0.2,-0.012649656129855247,0.006240442886971952,0.07626811892414276,-0.20313057496332645,-0.0014711157790388352,0.19991581967894334,5.306162515944469,3.806162515944469,False,nan,False,True,
replication030_payload_com_only,20144,passive,pre_shift,2,-0.2,0.0,0.2,-0.02091284131145889,0.004513475431547719,0.07593194713934028,-0.20768816654144032,-0.008020944797615594,0.19590022647679733,5.091593456064958,3.591593456064958,False,nan,False,True,
replication030_payload_com_only,20145,passive,pre_shift,2,-0.2,0.0,0.2,-0.005752966751282041,0.008392530685591903,0.08449274798331656,-0.20718316464098968,-0.0017717633418403767,0.19767940179912216,5.6852640428942465,4.1852640428942465,False,nan,False,True,
replication030_payload_com_only,20146,passive,pre_shift,2,-0.2,0.0,0.2,-0.03465827831292932,0.007244384367118868,0.07968742215802335,-0.20079414817789784,-0.005609829518769131,0.18760670696518061,4.036337543424644,2.5363375434246436,False,nan,False,True,
replication030_payload_com_only,20147,passive,pre_shift,2,-0.2,0.0,0.2,-0.01971939478030515,0.0077399431240740705,0.1137878483672473,-0.20877194635577837,0.0007183523997458179,0.1981556379665593,4.674216489020577,3.1742164890205773,False,nan,False,True,
replication030_payload_com_only,20148,passive,pre_shift,2,-0.2,0.0,0.2,-0.034374360402881436,0.008155243549608372,0.10263476813340765,-0.198607436491176,8.314638372963407e-05,0.1802323613714701,3.5575493069094564,2.0575493069094564,False,nan,False,True,
replication030_payload_com_only,20149,passive,pre_shift,2,-0.2,0.0,0.2,-0.03126303096820856,0.010318118989224488,0.0885569219874345,-0.20483996064532736,-0.010632819128052466,0.198526758947051,4.406283277357889,2.906283277357889,False,nan,False,True,
replication030_payload_com_only,20150,passive,pre_shift,2,-0.2,0.0,0.2,-0.027576554456108175,0.005929724428153647,0.08129582455323398,-0.197736387551938,-0.0034275045708230954,0.1971103675069887,4.300495813648056,2.800495813648056,False,nan,False,True,
replication030_payload_com_only,20151,passive,pre_shift,2,-0.2,0.0,0.2,-0.021409840269016555,0.00464748318710481,0.09059960937343882,-0.2060312185271692,-0.006290057485664695,0.20091006440340112,4.861790545203658,3.3617905452036583,False,nan,False,True,
replication030_payload_com_only,20152,passive,pre_shift,2,-0.2,0.0,0.2,-0.01774508862998492,0.009800013841985726,0.10296725187895074,-0.20816784561604187,0.0013396011140001198,0.1925814160161481,4.806478369691562,3.306478369691562,False,nan,False,True,
replication030_payload_com_only,20153,passive,pre_shift,2,-0.2,0.0,0.2,-0.03693450111011564,0.010938918698564802,0.0845996414654833,-0.2066258236548233,-0.009345633116528838,0.18693475771401374,4.13930806174098,2.63930806174098,False,nan,False,True,
replication030_payload_com_only,20154,passive,pre_shift,2,-0.2,0.0,0.2,-0.010715721006157596,0.00650514433877621,0.0859690649082051,-0.2072028947820819,0.0005394769175987795,0.19205459044215042,5.278685805184121,3.7786858051841206,False,nan,False,True,
replication030_payload_com_only,20155,passive,pre_shift,2,-0.2,0.0,0.2,-0.0193645845030757,0.00840400455366296,0.08583226146075174,-0.20360072796419038,-0.006361649960658389,0.19736988368436573,4.87482671245886,3.3748267124588596,False,nan,False,True,
replication030_payload_com_only,20156,passive,pre_shift,2,-0.2,0.0,0.2,-0.014786238729268616,0.006323357719213472,0.07434436249622463,-0.20939945827793535,-0.0038243882961855554,0.19726167521810237,5.499179050403136,3.9991790504031357,False,nan,False,True,
replication030_payload_com_only,20157,passive,pre_shift,2,-0.2,0.0,0.2,-0.027395921891914154,0.006840592743708907,0.06876183413302225,-0.20578630258305508,-0.005615396406118318,0.1858431958457017,4.677584443378792,3.177584443378792,False,nan,False,True,
replication030_payload_com_only,20158,passive,pre_shift,2,-0.2,0.0,0.2,-0.03417706866880855,0.004637066451078868,0.07946585762149538,-0.2033213094209138,-0.006374506922881958,0.19935850140080486,4.31129563719461,2.872035622532615,False,nan,False,True,
replication030_payload_com_only,20159,passive,pre_shift,2,-0.2,0.0,0.2,-0.05191818408233008,0.010068706737214968,0.10263560140442363,-0.20091277233126145,-0.0043731343703932194,0.17885657633900526,3.0349828644743426,1.5349828644743426,False,nan,False,True,
replication030_payload_com_only,20160,passive,pre_shift,2,-0.2,0.0,0.2,-0.030112711560260713,0.003074839250099296,0.0699804959039459,-0.20218107172805444,-0.008279328023883228,0.20192493379697227,4.635655504167984,3.1356555041679837,False,nan,False,True,
replication030_payload_com_only,20161,passive,pre_shift,2,-0.2,0.0,0.2,-0.029758910620950648,0.013635247647800953,0.09366550437488853,-0.20371354903531888,-0.006469195174326796,0.18494788573320614,4.193000544860754,2.6930005448607544,False,nan,False,True,
replication030_payload_com_only,20162,passive,pre_shift,2,-0.2,0.0,0.2,-0.030800869545312366,0.006862404820772777,0.0902738405414507,-0.2097754224793214,-0.009279483717728762,0.18403729183367287,4.415581739174871,2.915581739174871,False,nan,False,True,
replication030_payload_com_only,20163,passive,pre_shift,2,-0.2,0.0,0.2,-0.02281165275469719,0.006993926537083572,0.0983190298049094,-0.1985484925460765,-0.004662868950239824,0.194114412896375,4.289377767278533,2.789377767278533,False,nan,False,True,
replication030_payload_com_only,20164,passive,pre_shift,2,-0.2,0.0,0.2,-0.04065394568792918,0.004033739514027082,0.0749107917722581,-0.20039594565700647,-0.012586294350005758,0.20029299381569904,4.034027458754525,2.534027458754525,False,nan,False,True,
replication030_payload_com_only,20165,passive,pre_shift,2,-0.2,0.0,0.2,-0.03341290102278657,0.007977820004884657,0.09694851386553699,-0.20132333543942624,-0.008687013045100306,0.18342668238636142,3.873159263220377,2.373159263220377,False,nan,False,True,
replication030_payload_com_only,20166,passive,pre_shift,2,-0.2,0.0,0.2,-0.01334007652015648,0.009982303354962857,0.08837554621265184,-0.20563300321465622,-0.0056709576879400555,0.19765321714351275,5.220285546380384,3.784788125148631,False,nan,False,True,
replication030_payload_com_only,20167,passive,pre_shift,2,-0.2,0.0,0.2,-0.035613280678670964,0.0107986995806998,0.09410034355008517,-0.19680228630251373,-0.006152329591246032,0.18345165241367611,3.6347251245427548,2.1347251245427548,False,nan,False,True,
replication030_payload_com_only,20168,passive,pre_shift,2,-0.2,0.0,0.2,-0.03283561915975656,0.010289376545791328,0.10580121121390092,-0.2032902236532333,0.0027493074134232144,0.19444032636511008,3.918447905634348,2.418447905634348,False,nan,False,True,
replication030_payload_com_only,20169,passive,pre_shift,2,-0.2,0.0,0.2,-0.018283488712963283,0.008125276023529342,0.09785522800292133,-0.20215292876700106,0.0010307053286086314,0.19466082824486577,4.581496733480093,3.081496733480093,False,nan,False,True,
replication030_payload_com_only,20170,passive,pre_shift,2,-0.2,0.0,0.2,-0.028481415918588625,0.008158915007446737,0.10966880187023886,-0.20258281364844194,0.004428448292784362,0.19563713458432797,4.039107143106684,2.6191841157718274,False,nan,False,True,
replication030_payload_com_only,20171,passive,pre_shift,2,-0.2,0.0,0.2,-0.022209538885373876,0.008579979099762585,0.07605689242825184,-0.20933615837123246,-0.004012993040251088,0.18922071761086526,5.009046691739158,3.509046691739158,False,nan,False,True,
replication030_payload_com_only,20172,passive,pre_shift,2,-0.2,0.0,0.2,-0.033980120961108966,0.007442257504729329,0.08231396866143262,-0.2058779625658495,-0.008076982151760871,0.1876902676572749,4.241422603692021,2.741422603692021,False,nan,False,True,
replication030_payload_com_only,20101,passive,pre_shift,3,0.12,-0.1,-0.15,0.11405526786132487,-0.08162066084879589,-0.09832665216802373,0.11789185681672382,-0.10299727225224024,-0.13055491561492763,0.11944959218189187,1.934672275485799,False,nan,False,True,
replication030_payload_com_only,20102,passive,pre_shift,3,0.12,-0.1,-0.15,0.11157353940786033,-0.08379011494214121,-0.093587950311546,0.12257792087519886,-0.10358929383519666,-0.13139579310427674,0.1479839818202938,1.8564432360198257,False,nan,False,True,
replication030_payload_com_only,20103,passive,pre_shift,3,0.12,-0.1,-0.15,0.12391859769015258,-0.08272946421221733,-0.1163177076136145,0.11981022806756246,-0.10318238346734054,-0.13908960361855183,0.08317659897357477,0.5324768606739521,False,nan,False,True,
replication030_payload_com_only,20104,passive,pre_shift,3,0.12,-0.1,-0.15,0.10550444114990831,-0.07635266498280452,-0.11508563383309434,0.11683452553110704,-0.10388972283836363,-0.1317629332680768,0.12086446156081852,1.8431856905263104,False,nan,False,True,
replication030_payload_com_only,20105,passive,pre_shift,3,0.12,-0.1,-0.15,0.11089937943862929,-0.08708841912350315,-0.12366147470467839,0.12164903921390025,-0.09833032942120046,-0.13139894113925832,0.03203322425663308,0.9965915880006722,False,nan,False,True,
replication030_payload_com_only,20106,passive,pre_shift,3,0.12,-0.1,-0.15,0.10960788493492576,-0.08148957424605198,-0.1065882482392323,0.12077432395560621,-0.09819661019336287,-0.12987293702354974,0.0806894965284294,1.7847316824972497,False,nan,False,True,
replication030_payload_com_only,20107,passive,pre_shift,3,0.12,-0.1,-0.15,0.0842228477520967,-0.048991612828955866,-0.13033243758373203,0.11704622582094054,-0.10198008338998478,-0.1342148473614011,0.4491689923824402,2.39314160439252,False,nan,False,True,
replication030_payload_com_only,20108,passive,pre_shift,3,0.12,-0.1,-0.15,0.11623361053774572,-0.1007226434495249,-0.09613179051990033,0.12008848773721553,-0.10973655218689796,-0.13556449059197237,0.10682780588597124,1.0236677949207489,False,nan,False,True,
replication030_payload_com_only,20109,passive,pre_shift,3,0.12,-0.1,-0.15,0.12277711782500922,-0.08211035565947893,-0.11525135713567278,0.11884833211779001,-0.09845720843255172,-0.13638878240926736,0.06084993915581477,0.24404819624726604,False,nan,False,True,
replication030_payload_com_only,20110,passive,pre_shift,3,0.12,-0.1,-0.15,0.13324875474526798,-0.1409778270672212,-0.09892002266281207,0.12379021426599014,-0.11380554949975953,-0.13552731814107946,0.1792531584023542,1.4000153207103645,False,nan,False,True,
replication030_payload_com_only,20111,passive,pre_shift,3,0.12,-0.1,-0.15,0.12473628604517902,-0.11481102284939304,-0.06652352032168787,0.12412258099404234,-0.10752886479744618,-0.13209890807613622,0.2711656876963617,0.6285513379134209,False,nan,False,True,
replication030_payload_com_only,20112,passive,pre_shift,3,0.12,-0.1,-0.15,0.11725851246986702,-0.10175532714272294,-0.08647003493441982,0.11759014840782166,-0.10701609741644987,-0.13288103228414153,0.13583763554427797,2.154807940133125,False,nan,False,True,
replication030_payload_com_only,20113,passive,pre_shift,3,0.12,-0.1,-0.15,0.11754837040573397,-0.09693468587872899,-0.08747547303246002,0.12164063599169342,-0.10992582157245324,-0.13395267228513663,0.1545458734942158,1.1862563544541342,False,nan,False,True,
replication030_payload_com_only,20114,passive,pre_shift,3,0.12,-0.1,-0.15,0.11202917087011771,-0.10682344670682987,-0.06798257448526954,0.11823437322145292,-0.10577703538803376,-0.1295570435662056,0.23892161783132623,2.1120981591163055,False,nan,False,True,
replication030_payload_com_only,20115,passive,pre_shift,3,0.12,-0.1,-0.15,0.10290242234373947,-0.08061584808087807,-0.12731252357645295,0.1182789881229954,-0.10209567943982602,-0.13661059218909796,0.08678802908636267,2.417561929933669,False,nan,False,True,
replication030_payload_com_only,20116,passive,pre_shift,3,0.12,-0.1,-0.15,0.1170973457355365,-0.08094041792781052,-0.09981387792213048,0.12336315848102773,-0.10539469003271512,-0.12920021329993403,0.1274603513410523,1.7799552110036299,False,nan,False,True,
replication030_payload_com_only,20117,passive,pre_shift,3,0.12,-0.1,-0.15,0.13055317473494438,-0.08844581745752798,-0.07893934758494653,0.12310235244771735,-0.10854375895582886,-0.12731917026272266,0.19715984507145212,1.1109616406730076,False,nan,False,True,
replication030_payload_com_only,20118,passive,pre_shift,3,0.12,-0.1,-0.15,0.10977722445506177,-0.083574680745512,-0.11608382800284334,0.11908633220139583,-0.10044926938116647,-0.13514764397852314,0.06572761594042133,2.5239836475098327,False,nan,False,True,
replication030_payload_com_only,20119,passive,pre_shift,3,0.12,-0.1,-0.15,0.12934392209559217,-0.09379877203946745,-0.06637589555067344,0.12297161834347799,-0.10684977316778099,-0.13218841595063383,0.2911427026352113,1.56822980415343,False,nan,False,True,
replication030_payload_com_only,20120,passive,pre_shift,3,0.12,-0.1,-0.15,0.11948745141675847,-0.07846151419398725,-0.08634865409230838,0.11950511595370356,-0.10161406150413102,-0.1298859124128855,0.18010501495888517,1.9170019603665092,False,nan,False,True,
replication030_payload_com_only,20121,passive,pre_shift,3,0.12,-0.1,-0.15,0.11591623599128428,-0.10264167925522537,-0.09913303351469088,0.11945156183891428,-0.10683852771651216,-0.13620277310204315,0.08814647351178191,1.5151879455244455,False,nan,False,True,
replication030_payload_com_only,20122,passive,pre_shift,3,0.12,-0.1,-0.15,0.12411209766658908,-0.08658199080839872,-0.05561258021216158,0.1238908894560121,-0.102571760718853,-0.12925006928479416,0.3633123845767554,1.7694237604469891,False,nan,False,True,
replication030_payload_com_only,20123,passive,pre_shift,3,0.12,-0.1,-0.15,0.12140505467369984,-0.0871864553416769,-0.11904804839325317,0.11945330003445497,-0.09734093774942354,-0.13415631878945874,0.02660025475264575,0.06496296868322693,False,nan,False,True,
replication030_payload_com_only,20124,passive,pre_shift,3,0.12,-0.1,-0.15,0.07741490866071263,-0.045047530858860985,-0.12792434041578918,0.10769833963410051,-0.10331962079943917,-0.12744968724353956,0.49702804084163166,2.474534331521866,False,nan,False,True,
replication030_payload_com_only,20125,passive,pre_shift,3,0.12,-0.1,-0.15,0.08686349486219411,-0.054453566710087345,-0.12345207261335353,0.11493792122433698,-0.10558449213711864,-0.13105008919872882,0.4026115904110033,3.0322085625840245,False,nan,False,True,
replication030_payload_com_only,20126,passive,pre_shift,3,0.12,-0.1,-0.15,0.08229309769963199,-0.051692038435924265,-0.13472840786479562,0.11834565550534708,-0.09810537563543377,-0.13889349132548634,0.40280005504964,2.540533981579759,False,nan,False,True,
replication030_payload_com_only,20127,passive,pre_shift,3,0.12,-0.1,-0.15,0.13437046862371832,-0.07754004945558428,-0.1049929447394388,0.12004163480891113,-0.1044278815717316,-0.1357083760555819,0.16764466139193404,0.1455294944290737,False,nan,False,True,
replication030_payload_com_only,20128,passive,pre_shift,3,0.12,-0.1,-0.15,0.09919832428433709,-0.07324342308725329,-0.10523972075940845,0.11727032489032309,-0.10164219685020837,-0.1307335119243317,0.17283689881343636,2.0838057909550125,False,nan,False,True,
replication030_payload_com_only,20129,passive,pre_shift,3,0.12,-0.1,-0.15,0.09195113892129357,-0.060445400732807034,-0.10560785040449458,0.119044050350358,-0.0976437180106897,-0.12930576862897727,0.2824428617730395,2.945308775527744,False,nan,False,True,
replication030_payload_com_only,20130,passive,pre_shift,3,0.12,-0.1,-0.15,0.11964235768848681,-0.11439337473382856,-0.10921368292617245,0.11960612091364883,-0.1080565822548683,-0.13519591478557114,0.04639652750268116,1.2838046088985369,False,nan,False,True,
replication030_payload_com_only,20131,passive,pre_shift,3,0.12,-0.1,-0.15,0.1221888065205425,-0.11576364417076936,-0.09816604527063143,0.12027755369666664,-0.10925329679419866,-0.13515094991609874,0.08982645147849362,1.0478080983967035,False,nan,False,True,
replication030_payload_com_only,20132,passive,pre_shift,3,0.12,-0.1,-0.15,0.11209361255300239,-0.09112969398201895,-0.09823437884660301,0.1189162903685063,-0.10563637322520021,-0.1353245213675631,0.11459127308414413,1.325653415952003,False,nan,False,True,
replication030_payload_com_only,20133,passive,pre_shift,3,0.12,-0.1,-0.15,0.09538661857767136,-0.06528950456756084,-0.14159044073193974,0.1152634227441424,-0.1020709286869095,-0.13649537417047966,0.20503924669461104,2.029532358676011,False,nan,False,True,
replication030_payload_com_only,20134,passive,pre_shift,3,0.12,-0.1,-0.15,0.1111334578985584,-0.07971838441816217,-0.10035623879101238,0.12186060572229772,-0.09787773000378214,-0.13154492899564382,0.11215174484595519,2.746421126816588,False,nan,False,True,
replication030_payload_com_only,20135,passive,pre_shift,3,0.12,-0.1,-0.15,0.07568545393493174,-0.04954594719396311,-0.1283989053398186,0.11381520714040902,-0.10584931834440599,-0.13561542736921853,0.545585196865383,2.7309861842281076,False,nan,False,True,
replication030_payload_com_only,20136,passive,pre_shift,3,0.12,-0.1,-0.15,0.11299068223485967,-0.09155200830359325,-0.0879003467431048,0.11886707731259129,-0.1035495245761455,-0.12978354923931432,0.12919690676658774,2.295256322902727,False,nan,False,True,
replication030_payload_com_only,20137,passive,pre_shift,3,0.12,-0.1,-0.15,0.13771871935433175,-0.12017482923389664,-0.06573281839907737,0.12535616766677216,-0.11260206996431706,-0.1348644482621489,0.31770738968119033,1.7065075123946447,False,nan,False,True,
replication030_payload_com_only,20138,passive,pre_shift,3,0.12,-0.1,-0.15,0.1091741665643438,-0.0826607523863489,-0.11330272288635458,0.11734833209213669,-0.09848400779369323,-0.131721174237979,0.05806240725770633,0.9401497323270385,False,nan,False,True,
replication030_payload_com_only,20139,passive,pre_shift,3,0.12,-0.1,-0.15,0.11571041715760245,-0.07394784627103121,-0.06360600904277744,0.12573882521806798,-0.09875387617180033,-0.12783420387812064,0.339272557211749,2.6870923142468035,False,nan,False,True,
replication030_payload_com_only,20140,passive,pre_shift,3,0.12,-0.1,-0.15,0.09399725249392753,-0.06182339479180472,-0.10941787746512582,0.11803754668032543,-0.10103632305323472,-0.1317139882840349,0.27748190909077813,2.7381644936991028,False,nan,False,True,
replication030_payload_com_only,20141,passive,pre_shift,3,0.12,-0.1,-0.15,0.11028514685486045,-0.08062446580571311,-0.09077326774810918,0.11809944649864755,-0.09843831157950342,-0.13291505072266346,0.15367718759915064,2.217952291150863,False,nan,False,True,
replication030_payload_com_only,20142,passive,pre_shift,3,0.12,-0.1,-0.15,0.11105736092134728,-0.07413174186723628,-0.08718088953125687,0.11976227999772668,-0.10292084612983163,-0.1280671449331282,0.20874065594444133,2.604874733121597,False,nan,False,True,
replication030_payload_com_only,20143,passive,pre_shift,3,0.12,-0.1,-0.15,0.11864869387348723,-0.08277995974855501,-0.07536547810803407,0.12438105693820162,-0.09927513756217007,-0.1302200670541375,0.22198667683619566,2.5281491927806647,False,nan,False,True,
replication030_payload_com_only,20144,passive,pre_shift,3,0.12,-0.1,-0.15,0.1080088094381734,-0.07208151616986667,-0.07697881309282865,0.11758128010178186,-0.1035211242099145,-0.13004351957478824,0.30056076401083914,2.3921542200757973,False,nan,False,True,
replication030_payload_com_only,20145,passive,pre_shift,3,0.12,-0.1,-0.15,0.10401250329386633,-0.07522721094760011,-0.12040872073074743,0.11780938961048969,-0.10223240689270897,-0.13221395941074973,0.11590710656286289,2.8011711494571094,False,nan,False,True,
replication030_payload_com_only,20146,passive,pre_shift,3,0.12,-0.1,-0.15,0.11753626332889806,-0.09317679310221601,-0.0882512503990786,0.1185359408500147,-0.10423942481675741,-0.13333142190993294,0.13950828666043372,1.1758458300850774,False,nan,False,True,
replication030_payload_com_only,20147,passive,pre_shift,3,0.12,-0.1,-0.15,0.11072421974255933,-0.08367888161722664,-0.14068300339510922,0.11578115499374587,-0.10034881845651032,-0.13160545698648526,0.040489904914546855,1.7147063939351241,False,nan,False,True,
replication030_payload_com_only,20148,passive,pre_shift,3,0.12,-0.1,-0.15,0.12764629289396348,-0.09158750200800717,-0.07823291966694665,0.12392586839495713,-0.10432567624897472,-0.1319005096432715,0.19667262895952245,0.7542219358689788,False,nan,False,True,
replication030_payload_com_only,20149,passive,pre_shift,3,0.12,-0.1,-0.15,0.11522468857567746,-0.09892288226818799,-0.09549405238230833,0.11496780869234202,-0.10685434223407136,-0.12883976439335493,0.075982726586366,1.4822660039442548,False,nan,False,True,
replication030_payload_com_only,20150,passive,pre_shift,3,0.12,-0.1,-0.15,0.11846070760952289,-0.09225694979480761,-0.055277717726929576,0.12259727352141866,-0.10188299014444314,-0.13060519856107003,0.36199201775789636,1.6624878314059526,False,nan,False,True,
replication030_payload_com_only,20151,passive,pre_shift,3,0.12,-0.1,-0.15,0.07006667714945172,-0.03706022924954077,-0.11224239647224704,0.11625223313896212,-0.0978757193365653,-0.13545568992484863,0.715952579746218,2.577743124949876,False,nan,False,True,
replication030_payload_com_only,20152,passive,pre_shift,3,0.12,-0.1,-0.15,0.07309580724265732,-0.04550304071793452,-0.12357164439253994,0.11714090729526601,-0.10233413135912246,-0.1351439313649355,0.613812093673195,2.420290463364757,False,nan,False,True,
replication030_payload_com_only,20153,passive,pre_shift,3,0.12,-0.1,-0.15,0.13372542365722143,-0.1192558105881714,-0.09393609601661321,0.12412350701298236,-0.11106335507137648,-0.1348722735446014,0.12162753774169162,1.2609355994826716,False,nan,False,True,
replication030_payload_com_only,20154,passive,pre_shift,3,0.12,-0.1,-0.15,0.10921655062250006,-0.07480685322108968,-0.09037565648359039,0.12036938161847302,-0.10293148652255373,-0.12882645301818407,0.19816485994847552,2.476850665132596,False,nan,False,True,
replication030_payload_com_only,20155,passive,pre_shift,3,0.12,-0.1,-0.15,0.08053704824383197,-0.057484273399598974,-0.12270117184631552,0.11541002700510081,-0.10909626575747161,-0.13384886173672353,0.46228313262179,2.33710984508065,False,nan,False,True,
replication030_payload_com_only,20156,passive,pre_shift,3,0.12,-0.1,-0.15,0.09992891214697122,-0.08475736353288349,-0.11267967798099748,0.11802776441447291,-0.10289500843614147,-0.13407946559902448,0.1051090611817127,2.6042881115848484,False,nan,False,True,
replication030_payload_com_only,20157,passive,pre_shift,3,0.12,-0.1,-0.15,0.1208329019347228,-0.10962405706909617,-0.05618348894443473,0.12114002746708251,-0.10730146298823647,-0.1316426662363675,0.3515116377463458,2.0290960811251377,False,nan,False,True,
replication030_payload_com_only,20158,passive,pre_shift,3,0.12,-0.1,-0.15,0.13268639554437747,-0.07029142518781265,-0.06303203725186753,0.12521515719600626,-0.09866531532199987,-0.1279015093109796,0.3607491250354802,1.7327847475680953,False,nan,False,True,
replication030_payload_com_only,20159,passive,pre_shift,3,0.12,-0.1,-0.15,0.1296917851855748,-0.07167988117720876,-0.10915937779823572,0.12149132475937416,-0.09705192417232264,-0.13635723470102207,0.12909140193965332,0.16407426641399603,False,nan,False,True,
replication030_payload_com_only,20160,passive,pre_shift,3,0.12,-0.1,-0.15,0.10196555125969901,-0.0805483470552578,-0.0888538783829027,0.11838045450638324,-0.1015822544345679,-0.13051237196302662,0.19069496048345605,1.8263504646514397,False,nan,False,True,
replication030_payload_com_only,20161,passive,pre_shift,3,0.12,-0.1,-0.15,0.1167868059364681,-0.09893805659014232,-0.10235108997572186,0.12251887153632986,-0.10506973607889576,-0.13835620229239498,0.08784959694459286,1.2808501418053473,False,nan,False,True,
replication030_payload_com_only,20162,passive,pre_shift,3,0.12,-0.1,-0.15,0.09787498586940407,-0.06680364574102005,-0.1401688456244871,0.11602890571355734,-0.10545208297975787,-0.14110792581791679,0.21245852872151727,1.6280402678963883,False,nan,False,True,
replication030_payload_com_only,20163,passive,pre_shift,3,0.12,-0.1,-0.15,0.1085353029691517,-0.07953962497124067,-0.11249249267338245,0.11861226314014958,-0.09866714694197819,-0.13318290946431974,0.08113395956368252,1.3705117268422158,False,nan,False,True,
replication030_payload_com_only,20164,passive,pre_shift,3,0.12,-0.1,-0.15,0.1278005845095577,-0.09410202076518627,-0.07154412945557319,0.12061177845810031,-0.10775947054796384,-0.12963578067262146,0.23542305369700187,1.269450512451527,False,nan,False,True,
replication030_payload_com_only,20165,passive,pre_shift,3,0.12,-0.1,-0.15,0.1189374540002541,-0.08354545309704997,-0.10839842319507674,0.11963562535379273,-0.10396463037067269,-0.13751852251889532,0.1014829846944494,0.9746422479148262,False,nan,False,True,
replication030_payload_com_only,20166,passive,pre_shift,3,0.12,-0.1,-0.15,0.07402615385079615,-0.042227869653659114,-0.11946026308867283,0.11549624092224109,-0.10316102725009796,-0.13354682697336054,0.643814017787875,2.928602142936506,False,nan,False,True,
replication030_payload_com_only,20167,passive,pre_shift,3,0.12,-0.1,-0.15,0.12201366635067992,-0.11192151011556464,-0.09240359043792223,0.12635229138661963,-0.10879165360540126,-0.145829807658024,0.1789278371217107,0.8136529616644654,False,nan,False,True,
replication030_payload_com_only,20168,passive,pre_shift,3,0.12,-0.1,-0.15,0.1045068422120982,-0.08635238956559146,-0.13281299885717357,0.1171234536627203,-0.10182462995833833,-0.13541596708807016,0.046917847535427354,0.9653657531697752,False,nan,False,True,
replication030_payload_com_only,20169,passive,pre_shift,3,0.12,-0.1,-0.15,0.10726053406773849,-0.07799420280374039,-0.10635274481691136,0.11909414825163345,-0.1024054070317778,-0.13126369082880446,0.1242459869861509,1.705742720466244,False,nan,False,True,
replication030_payload_com_only,20170,passive,pre_shift,3,0.12,-0.1,-0.15,0.11633325336342379,-0.08878477765653753,-0.14824061627591556,0.11806637188476594,-0.09749877157946658,-0.13178386832349923,0.026025930698800975,1.1452100464706283,False,nan,False,True,
replication030_payload_com_only,20171,passive,pre_shift,3,0.12,-0.1,-0.15,0.11758855856853521,-0.10589602851301907,-0.09770650121123654,0.11950609900913153,-0.11028540523857731,-0.13487401678908323,0.08796029263705786,2.097006984376216,False,nan,False,True,
replication030_payload_com_only,20172,passive,pre_shift,3,0.12,-0.1,-0.15,0.11948886255193501,-0.08076186707706207,-0.06590339062626481,0.12270131318266228,-0.10527485896487901,-0.13050823366429878,0.32845349712604044,1.5698761008180613,False,nan,False,True,
replication030_payload_com_only,20101,passive,pre_shift,4,0.12,0.1,0.15,0.09197147643666528,0.09267453026565424,0.16629029135693207,0.11984308765315438,0.08988577653947512,0.14928205760404606,0.10937442998253977,0.5440467054683387,False,nan,False,True,
replication030_payload_com_only,20102,passive,pre_shift,4,0.12,0.1,0.15,0.10936751648989645,0.08908140008276903,0.1589864481092419,0.11942546531014143,0.09655386304720565,0.1391927016600961,0.0424565513201838,0.3988997873400095,False,nan,False,True,
replication030_payload_com_only,20103,passive,pre_shift,4,0.12,0.1,0.15,0.11337374997552323,0.11415463924654055,0.150132250637578,0.12163396546941205,0.09163418630095635,0.14565495667767184,0.06814405587702185,0.0,False,nan,False,True,
replication030_payload_com_only,20104,passive,pre_shift,4,0.12,0.1,0.15,0.07063631482529663,0.07672314603666276,0.13589787567650052,0.1180090229112468,0.0980396885220081,0.15148198430914056,0.32056037173478497,0.6637460622610953,False,nan,False,True,
replication030_payload_com_only,20105,passive,pre_shift,4,0.12,0.1,0.15,0.09615540970099937,0.09564677343805363,0.13841531818834835,0.11745896170553843,0.09771955775261848,0.14888383899851354,0.05989321701510039,0.0,False,nan,False,True,
replication030_payload_com_only,20106,passive,pre_shift,4,0.12,0.1,0.15,0.08894259128758833,0.09320802838287247,0.1470568611701175,0.11702566926557291,0.09666216127084458,0.1495644245929762,0.09275587894515991,0.3774875614424096,False,nan,False,True,
replication030_payload_com_only,20107,passive,pre_shift,4,0.12,0.1,0.15,0.02861346767857963,0.04656810153365093,0.07286414496974285,0.11011655469155002,0.09291309112958362,0.1517848104652993,1.3430682252332344,2.2362098296257544,False,nan,False,True,
replication030_payload_com_only,20108,passive,pre_shift,4,0.12,0.1,0.15,0.08896409797392,0.06466944397974568,0.12074537208937752,0.12484629208708704,0.09007182596963122,0.13899749883998475,0.23844828385298109,0.0,False,nan,False,True,
replication030_payload_com_only,20109,passive,pre_shift,4,0.12,0.1,0.15,0.13264179327491643,0.1205362165602607,0.15184930747555744,0.12192460972478364,0.10071115704284118,0.15007796610294044,0.058422007530869485,0.0,False,nan,False,True,
replication030_payload_com_only,20110,passive,pre_shift,4,0.12,0.1,0.15,0.1201661559190944,0.087152623027708,0.1437143571181322,0.1248301467824899,0.08999319074171627,0.1499663634722678,0.005761166079196388,0.0,False,nan,False,True,
replication030_payload_com_only,20111,passive,pre_shift,4,0.12,0.1,0.15,0.07928568758343,0.06739414402913306,0.14540937396388212,0.11781319681824173,0.09206476275670171,0.13937525856344896,0.24135132772424206,0.0,False,nan,False,True,
replication030_payload_com_only,20112,passive,pre_shift,4,0.12,0.1,0.15,0.09444525653375788,0.06976924836577326,0.16362513269307574,0.12234585264441325,0.09377181813481583,0.15582959134523874,0.15857353309698952,0.8133814732301146,False,nan,False,True,
replication030_payload_com_only,20113,passive,pre_shift,4,0.12,0.1,0.15,0.128529821141488,0.09629931414185273,0.151609262131336,0.12472224737930854,0.09185700998718394,0.14904543804945083,0.004347231373698812,0.0,False,nan,False,True,
replication030_payload_com_only,20114,passive,pre_shift,4,0.12,0.1,0.15,0.06030889947345789,0.056965030742584896,0.14078956615559596,0.11555578368639892,0.09559786340515662,0.15688994785576782,0.5230247492559208,1.1351229083722263,False,nan,False,True,
replication030_payload_com_only,20115,passive,pre_shift,4,0.12,0.1,0.15,0.05662628091489726,0.06118128839277105,0.10688682342746023,0.11860379587292241,0.09750745656614349,0.14926105069007506,0.6776734913889232,1.595235421322592,False,nan,False,True,
replication030_payload_com_only,20116,passive,pre_shift,4,0.12,0.1,0.15,0.05099629886908137,0.03442554054236324,0.10412561732292183,0.12078974637322237,0.08499964699959708,0.15184056481176708,0.9257910821815073,1.205746293185137,False,nan,False,True,
replication030_payload_com_only,20117,passive,pre_shift,4,0.12,0.1,0.15,0.14429895661845657,0.10377060433586456,0.19126117858825514,0.12086044578254089,0.09056225194952974,0.1479766538635309,0.1940745638627529,0.0,False,nan,False,True,
replication030_payload_com_only,20118,passive,pre_shift,4,0.12,0.1,0.15,0.033735026834758146,0.03152663681826023,0.07415923294002416,0.11666093337164737,0.09592828088463884,0.1506182177673756,1.5065659392308353,2.530549586740668,False,nan,False,True,
replication030_payload_com_only,20119,passive,pre_shift,4,0.12,0.1,0.15,0.1078633817061669,0.07395721254122688,0.17929747982117705,0.1196887142412034,0.09263823468980663,0.13726223258996142,0.16558765725618857,0.23381746140961845,False,nan,False,True,
replication030_payload_com_only,20120,passive,pre_shift,4,0.12,0.1,0.15,0.09458759422945096,0.09852575771888844,0.18241749226534087,0.11917809968071254,0.09641222095782076,0.15175318646441827,0.12937096857387362,0.5463729289403827,False,nan,False,True,
replication030_payload_com_only,20121,passive,pre_shift,4,0.12,0.1,0.15,0.08120609960027507,0.06971078307205231,0.11438736749722556,0.11932434786179132,0.09780641852390788,0.13552721111185825,0.28127005062392557,0.2964579961483711,False,nan,False,True,
replication030_payload_com_only,20122,passive,pre_shift,4,0.12,0.1,0.15,0.15185956688165334,0.12273839758296466,0.20155562407784722,0.1258254090378218,0.10149730474352123,0.153281035279563,0.2622085819556056,0.5316323424025948,False,nan,False,True,
replication030_payload_com_only,20123,passive,pre_shift,4,0.12,0.1,0.15,0.1316400469666041,0.12784926311267963,0.13274110992981497,0.12144616674794106,0.10371068334964828,0.14629406243545567,0.09005647765211511,0.0,False,nan,False,True,
replication030_payload_com_only,20124,passive,pre_shift,4,0.12,0.1,0.15,0.04879580464407379,0.05487835872211547,0.04961536458549516,0.11158022912909395,0.09338375489866847,0.15116697211794766,1.2061847890886215,2.1807191206104877,False,nan,False,True,
replication030_payload_com_only,20125,passive,pre_shift,4,0.12,0.1,0.15,0.03180097914944982,0.027919260144775984,0.10148597567023375,0.11684057266843577,0.09827638528551712,0.15131877732718052,1.4527627185212362,2.9849712811052607,False,nan,False,True,
replication030_payload_com_only,20126,passive,pre_shift,4,0.12,0.1,0.15,0.0373906371268366,0.04702803929918736,0.08450355909801266,0.11361101978961967,0.09347483206066284,0.14913718326793032,1.1255167417839007,2.16605072336366,False,nan,False,True,
replication030_payload_com_only,20127,passive,pre_shift,4,0.12,0.1,0.15,0.15070815082619302,0.11468754485194141,0.134608748595388,0.12491878246309006,0.09588325307430666,0.13821528920712006,0.11622091990556947,0.0,False,nan,False,True,
replication030_payload_com_only,20128,passive,pre_shift,4,0.12,0.1,0.15,0.01675283826311274,0.02072291081004453,0.08468097706396979,0.10935725968613276,0.0984688924496982,0.15025505278310375,1.8227526329901467,2.4065584239451594,False,nan,False,True,
replication030_payload_com_only,20129,passive,pre_shift,4,0.12,0.1,0.15,0.09898076293335575,0.10826369091869716,0.23193205028225367,0.11356363192271754,0.09802918219778196,0.15486859921583834,0.40304378455254813,1.8483525600802921,False,nan,False,True,
replication030_payload_com_only,20130,passive,pre_shift,4,0.12,0.1,0.15,0.09567430447499173,0.07455166132512622,0.13655087618383355,0.12311823611063667,0.09739518105442997,0.1456980632947702,0.15056878237873603,0.0,False,nan,False,True,
replication030_payload_com_only,20131,passive,pre_shift,4,0.12,0.1,0.15,0.07462058762693025,0.06348586654975415,0.1121769020508711,0.11863493718999227,0.09567649194919584,0.13963558157886996,0.3802267628249592,0.0,False,nan,False,True,
replication030_payload_com_only,20132,passive,pre_shift,4,0.12,0.1,0.15,0.06689071903502214,0.060185838838182563,0.09994998878745641,0.12345417520409771,0.09265045686215091,0.1421865224370251,0.5714364551757461,0.3970898711277492,False,nan,False,True,
replication030_payload_com_only,20133,passive,pre_shift,4,0.12,0.1,0.15,0.03926213363463303,0.029661529582881086,0.07924568132410773,0.11709904200236297,0.09778062144395695,0.14939983240414986,1.4453880159303942,1.974920374606405,False,nan,False,True,
replication030_payload_com_only,20134,passive,pre_shift,4,0.12,0.1,0.15,0.10397321395264136,0.11106421910741758,0.21350936413857008,0.11392479499972004,0.09752052694258947,0.15294491981757524,0.25926649846060534,1.5056876252771936,False,nan,False,True,
replication030_payload_com_only,20135,passive,pre_shift,4,0.12,0.1,0.15,0.032401195302948826,0.038815775117406824,0.0586329355914711,0.10915407955328832,0.09450557719258114,0.14646440448886888,1.4514425260056554,2.682428710233763,False,nan,False,True,
replication030_payload_com_only,20136,passive,pre_shift,4,0.12,0.1,0.15,0.033085106816979834,0.050660004956120434,0.07682578738163548,0.1081699507254324,0.0948168210525362,0.14868971843124412,1.1284847273685086,1.9237410502712355,False,nan,False,True,
replication030_payload_com_only,20137,passive,pre_shift,4,0.12,0.1,0.15,0.14384382762719983,0.09356945869827114,0.19253302577290157,0.12489531490009553,0.09812435340431867,0.1548990320911565,0.1299407503986407,0.33644826279328544,False,nan,False,True,
replication030_payload_com_only,20138,passive,pre_shift,4,0.12,0.1,0.15,0.11422379189493638,0.11132353253585801,0.17169123309852646,0.12185504214859132,0.10086222278649125,0.15183185947127809,0.04385404314937888,0.0,False,nan,False,True,
replication030_payload_com_only,20139,passive,pre_shift,4,0.12,0.1,0.15,0.12018788740252005,0.09672394269356199,0.20318120609664386,0.1201356369285014,0.08987165182412134,0.15834933002636803,0.12856903726147959,1.3156613515082831,False,nan,False,True,
replication030_payload_com_only,20140,passive,pre_shift,4,0.12,0.1,0.15,0.10860340201444876,0.1204524848100108,0.18861377209915609,0.1163131011825362,0.09740532360476706,0.15592035168319382,0.13476800578339737,1.3729324994825,False,nan,False,True,
replication030_payload_com_only,20141,passive,pre_shift,4,0.12,0.1,0.15,0.07928460160357215,0.07592531150687978,0.14365451465832227,0.11976577206862653,0.09850848983258975,0.1479778027821612,0.24332960440715565,0.9612818955580185,False,nan,False,True,
replication030_payload_com_only,20142,passive,pre_shift,4,0.12,0.1,0.15,0.027051362130989992,0.02298989214571,0.11320912542223305,0.11360615563428257,0.10025738596651104,0.1510274341360594,1.5375968389335017,2.642471572055099,False,nan,False,True,
replication030_payload_com_only,20143,passive,pre_shift,4,0.12,0.1,0.15,0.13013762304743992,0.11657479571379982,0.2129709214341187,0.12042290829015613,0.09380038023016979,0.1511281887662882,0.3050800163519139,1.3332292091325786,False,nan,False,True,
replication030_payload_com_only,20144,passive,pre_shift,4,0.12,0.1,0.15,0.12145862292229563,0.12200292107736102,0.20797682422821753,0.11853624184061146,0.09592783003748245,0.15315813626727823,0.2641681183182078,1.1563223383940051,False,nan,False,True,
replication030_payload_com_only,20145,passive,pre_shift,4,0.12,0.1,0.15,0.05640586870432832,0.06945943428094649,0.152724568532249,0.11230943628395873,0.09855659909236915,0.1485202864913302,0.45561530104113807,1.7567864504982476,False,nan,False,True,
replication030_payload_com_only,20146,passive,pre_shift,4,0.12,0.1,0.15,0.07644875695249949,0.07289876799977715,0.14078515783898204,0.11575173166359964,0.0973614930965357,0.1370577355561119,0.24620214015583472,0.0,False,nan,False,True,
replication030_payload_com_only,20147,passive,pre_shift,4,0.12,0.1,0.15,0.10036393188056475,0.12154569001396949,0.15214054344414316,0.11433409511738728,0.099985847025377,0.15482090495271675,0.0777769731026149,0.29248336703773914,False,nan,False,True,
replication030_payload_com_only,20148,passive,pre_shift,4,0.12,0.1,0.15,0.1425761593708795,0.11388750539805265,0.1762464061293138,0.1207569252134802,0.09725266869412055,0.13579889489877134,0.18235125963409612,0.0,False,nan,False,True,
replication030_payload_com_only,20149,passive,pre_shift,4,0.12,0.1,0.15,0.11117690258169685,0.09393657544025959,0.1503265959783283,0.12009756127598797,0.10046929813046494,0.1535315409575555,0.014660324992949841,0.0,False,nan,False,True,
replication030_payload_com_only,20150,passive,pre_shift,4,0.12,0.1,0.15,0.07238355498606575,0.06659331608577822,0.14996984926492368,0.11592740373211788,0.08919844100607677,0.15006214777820032,0.2715037129231172,0.43399154432906983,False,nan,False,True,
replication030_payload_com_only,20151,passive,pre_shift,4,0.12,0.1,0.15,0.026432884670714637,0.04189348472354106,0.0522511767470999,0.11096906832970709,0.09148433677460066,0.15159792687888013,1.6307863188304592,2.7085294437803356,False,nan,False,True,
replication030_payload_com_only,20152,passive,pre_shift,4,0.12,0.1,0.15,0.04494348896564043,0.05399908419802743,0.11469728030697098,0.11320166003680407,0.09940442333663027,0.14746406018429356,0.8197990329084218,1.7400894962731788,False,nan,False,True,
replication030_payload_com_only,20153,passive,pre_shift,4,0.12,0.1,0.15,0.107550577645187,0.07925664249599629,0.14213528032627773,0.12440502664695297,0.091582721422099,0.13738811747287624,0.05177423778347154,0.0,False,nan,False,True,
replication030_payload_com_only,20154,passive,pre_shift,4,0.12,0.1,0.15,0.0908400840942544,0.08386225114771566,0.18831936059323068,0.1199018955705232,0.09912142680832502,0.1541947926003744,0.19691451281026762,1.1737651779428635,False,nan,False,True,
replication030_payload_com_only,20155,passive,pre_shift,4,0.12,0.1,0.15,0.03457329356110882,0.049928105534397076,0.046674500630246044,0.10610991232125314,0.09743142390216036,0.14450376068077805,1.373295088569795,2.2104049336504445,False,nan,False,True,
replication030_payload_com_only,20156,passive,pre_shift,4,0.12,0.1,0.15,0.027539389758586275,0.023675072968569813,0.09358867007626764,0.11205163547507475,0.09268599059745716,0.14959299140897278,1.4659476866708854,2.570235798255734,False,nan,False,True,
replication030_payload_com_only,20157,passive,pre_shift,4,0.12,0.1,0.15,0.07150904712728731,0.06473614945258062,0.15047137296465019,0.11695987996518449,0.09506264908234986,0.1383289430171791,0.34930788842584043,0.8784039695509782,False,nan,False,True,
replication030_payload_com_only,20158,passive,pre_shift,4,0.12,0.1,0.15,0.15375566490530443,0.11521673731672674,0.2014944000313462,0.12440056634164265,0.09709326907037327,0.15216416781277003,0.27612846373862526,0.5089132113067205,False,nan,False,True,
replication030_payload_com_only,20159,passive,pre_shift,4,0.12,0.1,0.15,0.14094255850948229,0.11514268922885744,0.1444747357442706,0.12166824804111051,0.09039819327961923,0.13240298243079593,0.12115073615230183,0.0,False,nan,False,True,
replication030_payload_com_only,20160,passive,pre_shift,4,0.12,0.1,0.15,0.03358379938362428,0.047773624089488514,0.08186812087139396,0.107506089207446,0.09258570535239104,0.15380842665523184,1.1171337043577316,1.4434841690091713,False,nan,False,True,
replication030_payload_com_only,20161,passive,pre_shift,4,0.12,0.1,0.15,0.10301147576414592,0.08377955082313708,0.11752128240860976,0.12265958954429731,0.0957833985393469,0.13681702445872093,0.08273392928091344,0.0,False,nan,False,True,
replication030_payload_com_only,20162,passive,pre_shift,4,0.12,0.1,0.15,0.06533449753886121,0.056286306481617636,0.08185667995885719,0.12002611656208086,0.09961149857477383,0.13513310878000698,0.7083794665563441,0.8364197344527324,False,nan,False,True,
replication030_payload_com_only,20163,passive,pre_shift,4,0.12,0.1,0.15,0.08735314224849815,0.09531311748260175,0.14903464177364492,0.1160494661719193,0.09883496564724224,0.14866961210832844,0.09653164326707407,0.0,False,nan,False,True,
replication030_payload_com_only,20164,passive,pre_shift,4,0.12,0.1,0.15,0.1065200928031477,0.07701251448184238,0.18146234058851896,0.11993466918254456,0.08932112135233902,0.15381626196181297,0.08555410891807576,0.0,False,nan,False,True,
replication030_payload_com_only,20165,passive,pre_shift,4,0.12,0.1,0.15,0.12490108191126556,0.11449170214152722,0.16035788292138065,0.12012651490223387,0.09064876295073035,0.13307072517285523,0.11346717843466891,0.0,False,nan,False,True,
replication030_payload_com_only,20166,passive,pre_shift,4,0.12,0.1,0.15,0.01713937820362218,0.033004605166323364,0.032219697533441526,0.11074911695183982,0.09386203210443637,0.1505040420390483,2.1822383622232864,3.6108405051597923,False,nan,False,True,
replication030_payload_com_only,20167,passive,pre_shift,4,0.12,0.1,0.15,0.10880605675776275,0.0899107594413578,0.14506866301525,0.11955871399897537,0.09546820780378931,0.13390251369633266,0.024801194458502693,0.0,False,nan,False,True,
replication030_payload_com_only,20168,passive,pre_shift,4,0.12,0.1,0.15,0.08436834987191291,0.09458701996194273,0.1270925149159051,0.11937876574004945,0.10107900388462737,0.1515361821874527,0.18132378596785784,0.0,False,nan,False,True,
replication030_payload_com_only,20169,passive,pre_shift,4,0.12,0.1,0.15,0.06080497085608183,0.05143546937722679,0.11579612825824957,0.11984811283664494,0.09781872478256061,0.15345635252396214,0.7037258373850713,0.9094685578513154,False,nan,False,True,
replication030_payload_com_only,20170,passive,pre_shift,4,0.12,0.1,0.15,0.09280263155518229,0.09776465416625857,0.13992560121415148,0.11780713336445793,0.09864131439067732,0.14978774262737818,0.07861739197692116,0.0,False,nan,False,True,
replication030_payload_com_only,20171,passive,pre_shift,4,0.12,0.1,0.15,0.07715918959088551,0.06725987213933153,0.1316427320087992,0.11948852303127486,0.09845739358485597,0.13885665276120226,0.3177735412012956,0.9147805255775117,False,nan,False,True,
replication030_payload_com_only,20172,passive,pre_shift,4,0.12,0.1,0.15,0.14199193116510736,0.09842033240708664,0.19486838793588085,0.12389363867316573,0.09641563011222894,0.13808809642310588,0.23506876607142946,0.30494486688949074,False,nan,False,True,
replication030_payload_com_only,20101,passive,post_shift,1,-0.2,0.0,-0.2,-0.14160100214528124,0.0189693157866242,-0.1216435003994227,-0.20364105248147535,-0.00912851425097578,-0.18202517412234953,0.7716892004553451,0.0,False,0.33228312486560474,False,True,
replication030_payload_com_only,20102,passive,post_shift,1,-0.2,0.0,-0.2,-0.09181892767444683,0.017079233575812043,-0.12576540087531887,-0.20520189547083648,-0.0015755553976718462,-0.1775055100887628,1.7403524996671196,0.6392522870071291,False,0.5012766690206396,False,True,
replication030_payload_com_only,20103,passive,post_shift,1,-0.2,0.0,-0.2,-0.11372628201337358,0.011861087518154333,-0.1074869763641986,-0.20204535775309995,-0.006610199878200142,-0.18710077245857737,1.3641738890826387,0.0,False,0.47117023867348784,False,True,
replication030_payload_com_only,20104,passive,post_shift,1,-0.2,0.0,-0.2,-0.11301854201075202,0.017320461397399116,-0.08551067393279482,-0.20337711605338374,-0.005785680447240099,-0.18339334550352715,1.6313706419118923,0.7951167041729876,False,0.6595186137122601,False,True,
replication030_payload_com_only,20105,passive,post_shift,1,-0.2,0.0,-0.2,-0.08797378344700864,0.01997637668627997,-0.15681340786198036,-0.20503358063801608,0.0009712579227897334,-0.1849100623823354,1.7199184241377203,0.21991842413772034,False,0.3735460585348519,False,True,
replication030_payload_com_only,20106,passive,post_shift,1,-0.2,0.0,-0.2,-0.1036508685643159,0.024987655025823004,-0.12601935812024828,-0.20355774477475716,-0.0029994660637297547,-0.18131270512027697,1.4749952306502536,0.3524827920926632,False,0.49205376857183886,False,True,
replication030_payload_com_only,20107,passive,post_shift,1,-0.2,0.0,-0.2,-0.11882276419453124,0.023757625863661206,-0.15027832988439868,-0.20570643539408348,-0.0019666938079405147,-0.18748677098794453,1.0628585197471634,1.7990683493729178,False,0.7234859780727495,False,True,
replication030_payload_com_only,20108,passive,post_shift,1,-0.2,0.0,-0.2,-0.1221928013453058,0.027246511825946246,-0.09614018026179269,-0.20545167557601585,-0.010910677228487695,-0.18506457761457892,1.4910747896226717,0.0,False,0.763541007822755,False,True,
replication030_payload_com_only,20109,passive,post_shift,1,-0.2,0.0,-0.2,-0.059513256163204103,0.02184616056987428,-0.05754777963192259,-0.20126729134788104,0.00014349338183448457,-0.18591209211491513,3.418877859682247,1.918877859682247,False,0.8859425851158814,False,True,
replication030_payload_com_only,20110,passive,post_shift,1,-0.2,0.0,-0.2,-0.11906254979215528,0.02350858130248504,-0.1376746194245798,-0.2045653706954589,-0.008237281767490686,-0.18901274074928798,1.1520338959817786,0.0,False,0.2986490385727194,False,True,
replication030_payload_com_only,20111,passive,post_shift,1,-0.2,0.0,-0.2,-0.06354093780382856,0.019840815360962223,-0.07274201490946947,-0.19938707702200398,-0.014591404637120295,-0.1817789373160664,3.0837758054080733,1.5837758054080733,False,0.7446882523039979,False,True,
replication030_payload_com_only,20112,passive,post_shift,1,-0.2,0.0,-0.2,-0.146317830458167,0.011066441677268293,-0.12651101902686504,-0.2091281634282645,-0.00608877048957311,-0.18123983601106874,0.6845764629946954,0.0,False,0.3597827216514863,False,True,
replication030_payload_com_only,20113,passive,post_shift,1,-0.2,0.0,-0.2,-0.12426355894143776,0.029737563488290493,-0.11450917291806875,-0.20473887036211733,-0.012413990482265493,-0.18522483033455472,1.2937913000668368,0.0,False,0.5039352376180801,False,True,
replication030_payload_com_only,20114,passive,post_shift,1,-0.2,0.0,-0.2,-0.12161613452663737,0.002390795071798188,-0.08860595893774004,-0.20328433237849428,-0.00025989193713714024,-0.18375815469054935,1.3462790996508447,0.981402008023071,False,0.5483301639260919,False,True,
replication030_payload_com_only,20115,passive,post_shift,1,-0.2,0.0,-0.2,-0.08174719471251923,0.012179884844544856,-0.10901677763329498,-0.20842593033029858,-0.0015934350981772853,-0.18366294324304025,2.2842927352626465,2.3795281565852386,False,0.6384334070339136,False,True,
replication030_payload_com_only,20116,passive,post_shift,1,-0.2,0.0,-0.2,-0.08604151728379064,0.011110306258135649,-0.1310617517778607,-0.20385621833797324,-0.009703306177935207,-0.18323190560056468,1.8770936583343474,1.5828399515194844,False,0.47642657753390044,False,True,
replication030_payload_com_only,20117,passive,post_shift,1,-0.2,0.0,-0.2,-0.09220201016176804,0.019724364548927727,-0.09825737438077053,-0.19803807251842356,-0.00689832630728278,-0.18525055240785085,1.8929409098414929,0.3929409098414929,False,0.489868011878768,False,True,
replication030_payload_com_only,20118,passive,post_shift,1,-0.2,0.0,-0.2,-0.11568061671401438,0.01797977849098389,-0.1323116466910224,-0.208511185637364,0.00017179747434216844,-0.1854353633740742,1.2369282520297766,2.2674778387704446,False,0.46352100244997113,False,True,
replication030_payload_com_only,20119,passive,post_shift,1,-0.2,0.0,-0.2,-0.07204978131848161,0.020062320462457702,-0.08366481072557924,-0.20479830790641923,-0.008521381618755732,-0.17851259710703568,2.7580428823224046,1.491860343732023,False,0.5496263700651126,False,True,
replication030_payload_com_only,20120,passive,post_shift,1,-0.2,0.0,-0.2,-0.12566551504150267,0.027501720353701006,-0.081057322098566,-0.20336878051037965,-0.005237663305881062,-0.17931735133673055,1.449696167539491,0.49606909647987374,False,0.5070029692308514,False,True,
replication030_payload_com_only,20121,passive,post_shift,1,-0.2,0.0,-0.2,-0.11578719930351897,0.02158409082850816,-0.1553329184872473,-0.2062071916040172,-0.005407044416622236,-0.1833541713195455,1.1095788360726822,0.0,False,0.4088356919957407,False,True,
replication030_payload_com_only,20122,passive,post_shift,1,-0.2,0.0,-0.2,-0.07891237932140371,0.005722238031891693,-0.10931652333985255,-0.2030978117855159,-0.00574186333254412,-0.18224190879601515,2.186654444576319,1.218286786978914,False,0.3682785042527796,False,True,
replication030_payload_com_only,20123,passive,post_shift,1,-0.2,0.0,-0.2,-0.1344304951126244,0.019576156193233923,-0.1534236462850402,-0.2007093569219544,0.0013159039984586727,-0.18500953456890035,0.6246387543008088,0.0,False,0.32424526648430274,False,True,
replication030_payload_com_only,20124,passive,post_shift,1,-0.2,0.0,-0.2,-0.10737605114034257,0.02005492556057533,-0.18272754856373372,-0.20365128787574802,-0.0031942725539927694,-0.18723578650715722,1.1697086542899062,1.850427774900394,False,0.23871868476393204,False,True,
replication030_payload_com_only,20125,passive,post_shift,1,-0.2,0.0,-0.2,-0.12862574702485913,0.027187530871979636,-0.13001562019634622,-0.20949767206933975,-0.004155399682717456,-0.18316067417661727,1.0620618411099354,2.547033122215196,False,0.40734460077081447,False,True,
replication030_payload_com_only,20126,passive,post_shift,1,-0.2,0.0,-0.2,-0.11496131338249846,0.023448728755933276,-0.1569722367105747,-0.20547501586950842,0.000269143747428071,-0.18473699428216245,1.0867955784711143,1.7528463018347742,False,0.6474973211485906,False,True,
replication030_payload_com_only,20127,passive,post_shift,1,-0.2,0.0,-0.2,-0.05464080462860848,0.006663892332361121,-0.10634064338363995,-0.20327029980879777,-0.010606867078691124,-0.18483507407008598,3.0520729823170005,1.5520729823170005,False,0.6551388630262255,False,True,
replication030_payload_com_only,20128,passive,post_shift,1,-0.2,0.0,-0.2,-0.06960884005404766,0.019453756911419377,-0.07036017409669226,-0.2062829742778434,-0.0037933092285642647,-0.18273347765009113,3.0334557612201554,3.9400141851653148,False,1.0255303572549976,False,True,
replication030_payload_com_only,20129,passive,post_shift,1,-0.2,0.0,-0.2,-0.11242870035223146,0.01384393767646404,-0.12386244552940562,-0.2063189207534382,-0.0002788042142750096,-0.18030335551822568,1.271469111170979,1.6198216712512712,False,0.3901712126876001,False,True,
replication030_payload_com_only,20130,passive,post_shift,1,-0.2,0.0,-0.2,-0.08193359815718733,0.01874130317388264,-0.136858991966092,-0.20737132812054987,-0.008240348206512023,-0.18161164269853217,2.087729329380291,0.587729329380291,False,0.6254398901256136,False,True,
replication030_payload_com_only,20131,passive,post_shift,1,-0.2,0.0,-0.2,-0.10146975419119467,-0.00023476710647542376,-0.07987301952148969,-0.20188470422597857,-0.005399972172021844,-0.18302957043976645,1.8476639312574215,0.34766393125742145,False,0.8578528889455874,False,True,
replication030_payload_com_only,20132,passive,post_shift,1,-0.2,0.0,-0.2,-0.13607546354940034,0.01668992973810218,-0.1451870765888872,-0.2031166858607501,-0.0073306696886712265,-0.18464047070154213,0.6981440490298901,0.0,False,0.2553155295208114,False,True,
replication030_payload_com_only,20133,passive,post_shift,1,-0.2,0.0,-0.2,-0.09525162016697843,0.017311838113881636,-0.11869162279335677,-0.2058466412798531,-0.004423749246302277,-0.1876844231139065,1.810923170453836,2.2858435450602412,False,0.6600809122394953,False,True,
replication030_payload_com_only,20134,passive,post_shift,1,-0.2,0.0,-0.2,-0.12912476817584637,0.02765368079481049,-0.13046430362279038,-0.20799890904748136,0.002045137416888385,-0.18170935172422112,0.9737254328744757,0.9794130581516692,False,0.3876310744878434,False,True,
replication030_payload_com_only,20135,passive,post_shift,1,-0.2,0.0,-0.2,-0.11943598524442009,0.025029162684075595,-0.11580345312762672,-0.2041923423908764,-0.0014596846349955559,-0.18615852308086475,1.244507048495295,2.426935758729058,False,0.55514655775381,False,True,
replication030_payload_com_only,20136,passive,post_shift,1,-0.2,0.0,-0.2,-0.10940783545168775,0.028872316498810908,-0.14799043993427502,-0.20573368307249792,-0.001242646136255988,-0.1834921448762091,1.2915919232130864,1.715332973484322,False,0.3911133064305854,False,True,
replication030_payload_com_only,20137,passive,post_shift,1,-0.2,0.0,-0.2,-0.11194083646871872,0.020405630128754005,-0.1700596395960668,-0.20281859591697382,-0.0057749622960179565,-0.19068294565512509,1.0925596976429872,0.0,False,0.1104294106015133,False,True,
replication030_payload_com_only,20138,passive,post_shift,1,-0.2,0.0,-0.2,-0.13031740793154858,0.02022379720135584,-0.1428351333694755,-0.20712274801571418,-0.0011476979255513509,-0.1858940846802045,0.8694454417071175,0.0,False,0.4212719375028532,False,True,
replication030_payload_com_only,20139,passive,post_shift,1,-0.2,0.0,-0.2,-0.06297762174325447,0.0015086509544022992,-0.15064637604440784,-0.20352058071106102,0.000806890994577231,-0.18058811981691927,2.410765172314315,2.2264265238225978,False,0.5471918021147789,False,True,
replication030_payload_com_only,20140,passive,post_shift,1,-0.2,0.0,-0.2,-0.12323573701090414,0.026597623616758957,-0.1302984237868689,-0.20856324937919649,0.003531480681028075,-0.1844822839830112,1.1080398356405452,0.9809723351230453,False,0.4728301081586568,False,True,
replication030_payload_com_only,20141,passive,post_shift,1,-0.2,0.0,-0.2,-0.09135770963486879,0.009337442409091868,-0.13016078266711067,-0.2067514729241182,-0.001658870954803411,-0.18321792695536912,1.7774874204436266,1.238769316001645,False,0.5364591525514653,False,True,
replication030_payload_com_only,20142,passive,post_shift,1,-0.2,0.0,-0.2,-0.11923128050107265,0.02287670194206501,-0.1172060544079116,-0.20767453734098423,-0.002644193987705969,-0.1811850804511228,1.2625664678870676,2.4050380399421663,False,0.3689358797683714,False,True,
replication030_payload_com_only,20143,passive,post_shift,1,-0.2,0.0,-0.2,-0.11897833978966178,0.018289140975278395,-0.07385038356799821,-0.20387986888439188,0.0015624058489788902,-0.18048014110043586,1.5828555687422219,1.4160847778748005,False,0.5013291646783429,False,True,
replication030_payload_com_only,20144,passive,post_shift,1,-0.2,0.0,-0.2,-0.10580628834389802,0.02054759909649343,-0.09709862657836489,-0.20624655216985707,-0.005224340501433293,-0.18369572577084786,1.7471162079788538,1.403438546372859,False,0.4802856675671387,False,True,
replication030_payload_com_only,20145,passive,post_shift,1,-0.2,0.0,-0.2,-0.13019030034171974,-0.023539502060914007,-0.09658646766690838,-0.2071026989915232,0.0008293161321511022,-0.17980264583027053,1.1959679460929442,1.4527543965911918,False,0.6750498702063272,False,True,
replication030_payload_com_only,20146,passive,post_shift,1,-0.2,0.0,-0.2,-0.11334536009135562,0.020903923209498715,-0.11376220497933605,-0.20236561179227672,-0.005507826679589771,-0.1781407762832332,1.2820944205271034,0.0,False,0.4956947196666825,False,True,
replication030_payload_com_only,20147,passive,post_shift,1,-0.2,0.0,-0.2,-0.12919973344469762,0.01901858678413995,-0.13693891078157377,-0.20649324788163662,0.0023001480635695334,-0.18477543102451502,0.8795844841077938,0.0,False,0.3922973525850523,False,True,
replication030_payload_com_only,20148,passive,post_shift,1,-0.2,0.0,-0.2,-0.10608349471660079,0.02904134378101528,-0.13375444858458513,-0.19797657857936804,-0.002994182245618763,-0.18171287536035438,1.268427244168272,0.0,False,0.25644572461691567,False,True,
replication030_payload_com_only,20149,passive,post_shift,1,-0.2,0.0,-0.2,-0.11215964256791539,0.03540926000117703,-0.10863312296883501,-0.20600726450817033,-0.008427796577609621,-0.1859990145287513,1.648774497782365,0.14877449778236507,False,0.8689443893685972,False,True,
replication030_payload_com_only,20150,passive,post_shift,1,-0.2,0.0,-0.2,-0.11325217437497372,0.023663406215181565,-0.10769614899389847,-0.19884158787490355,-0.00027748572419352666,-0.18330408917094274,1.296292327638643,0.23028387196771294,False,0.3238624267932181,False,True,
replication030_payload_com_only,20151,passive,post_shift,1,-0.2,0.0,-0.2,-0.08574385340859046,0.002119912938203018,-0.11845055455377249,-0.20560011790289137,-0.0012124841623007516,-0.1853468197605317,1.993694768860261,3.202224212640597,False,0.908516360269557,False,True,
replication030_payload_com_only,20152,passive,post_shift,1,-0.2,0.0,-0.2,-0.08757750269936962,0.00833724911838153,-0.11218969608814931,-0.20881459039965297,0.0018236071074068335,-0.1855131036848654,2.0866953346782795,2.3267848309514583,False,0.8571323563296775,False,True,
replication030_payload_com_only,20153,passive,post_shift,1,-0.2,0.0,-0.2,-0.09827152776223019,0.009616244982853617,-0.13347958779466454,-0.20756898890663344,-0.0118004648157136,-0.18061168348619122,1.617729800442154,0.11772980044215409,False,0.4707335113667028,False,True,
replication030_payload_com_only,20154,passive,post_shift,1,-0.2,0.0,-0.2,-0.09903134529425692,0.02653502819921152,-0.12557226222877887,-0.20840317699388664,0.002063345780434472,-0.18430914442682864,1.705185782060826,1.3789509600036896,False,0.5583941817657454,False,True,
replication030_payload_com_only,20155,passive,post_shift,1,-0.2,0.0,-0.2,-0.10918208869977336,0.021181135422020967,-0.13384673854579296,-0.20509310101571016,-0.004190357581036802,-0.1847207772834567,1.3336208001566368,2.0440257338070813,False,0.4806052990349362,False,True,
replication030_payload_com_only,20156,passive,post_shift,1,-0.2,0.0,-0.2,-0.08906400657340383,0.010095131671484374,-0.08960570048272654,-0.20896212227467745,-0.0005073534446770686,-0.1846299854568953,2.281932633549108,3.352168431804842,False,1.0565796109102636,False,True,
replication030_payload_com_only,20157,passive,post_shift,1,-0.2,0.0,-0.2,-0.13657219018915545,0.018584505957986507,-0.16039686725848362,-0.2056225494818139,-0.005911018600719173,-0.18062539098585093,0.6587921915848872,0.037196161135865435,False,0.12458384849238112,False,True,
replication030_payload_com_only,20158,passive,post_shift,1,-0.2,0.0,-0.2,-0.14500645914879465,0.023800072794939675,-0.15391990735152955,-0.20311226691495235,-0.0031208410930179497,-0.18059817950661222,0.5255934439266967,0.0,False,0.3939031847593614,False,True,
replication030_payload_com_only,20159,passive,post_shift,1,-0.2,0.0,-0.2,-0.044036707263307336,0.022046022635879577,-0.04769463026675918,-0.2006796970164519,-0.004996896855952352,-0.18431445717934355,4.168822130274575,2.6688221302745747,False,0.9086776277699049,False,True,
replication030_payload_com_only,20160,passive,post_shift,1,-0.2,0.0,-0.2,-0.05341881995612319,0.010564144691533805,-0.0897318128907547,-0.20414959663510476,-0.0035604128567359515,-0.18464389549602125,3.2890814377847,3.2325656067938713,False,1.1348490566705236,False,True,
replication030_payload_com_only,20161,passive,post_shift,1,-0.2,0.0,-0.2,-0.09765436108718828,0.00672425735855546,-0.13478837928616297,-0.20538887987539972,-0.007564556248493038,-0.18528725257725684,1.5670387518953353,0.06703875189533526,False,0.577027008912052,False,True,
replication030_payload_com_only,20162,passive,post_shift,1,-0.2,0.0,-0.2,-0.09598366501123762,0.02927720617372391,-0.08913097360006451,-0.20942866786501,-0.008961784685811403,-0.1827684457176473,2.2502253598387765,1.586645094291509,False,0.9996283299868155,False,True,
replication030_payload_com_only,20163,passive,post_shift,1,-0.2,0.0,-0.2,-0.1273908889651554,0.021280907740496735,-0.1481274885839679,-0.19944230048844316,-0.0010039948712337423,-0.18373591595093255,0.7563496428236363,0.0,False,0.3336245059318379,False,True,
replication030_payload_com_only,20164,passive,post_shift,1,-0.2,0.0,-0.2,-0.06099210632656228,0.019552559593353485,-0.05304440148821654,-0.20303473500417737,-0.012294304377223206,-0.18380116351855255,3.5901124259691417,2.0901124259691417,False,0.7655770678338065,False,True,
replication030_payload_com_only,20165,passive,post_shift,1,-0.2,0.0,-0.2,-0.10508727807224895,0.026721396574452543,-0.09406811410429855,-0.20002493800828514,-0.010201143375137289,-0.18123640441136282,1.7068628490491005,0.20686284904910046,False,0.5740310760048745,False,True,
replication030_payload_com_only,20166,passive,post_shift,1,-0.2,0.0,-0.2,-0.11461073851502918,0.02416478377888432,-0.14082680364058686,-0.2048696548392428,-0.0013844475577492858,-0.18670168715133129,1.1794265228154235,3.290267027975216,False,0.414899270562194,False,True,
replication030_payload_com_only,20167,passive,post_shift,1,-0.2,0.0,-0.2,-0.07619679199680814,0.004213041675767499,-0.1520373508045635,-0.198043315562328,-0.008999731230980102,-0.1893096934781622,1.877625833910422,0.3776258339104219,False,0.5001605950589744,False,True,
replication030_payload_com_only,20168,passive,post_shift,1,-0.2,0.0,-0.2,-0.11332807269465203,0.024183950390614807,-0.12473572139737092,-0.2049993802495997,0.003174842974978248,-0.1873616146295638,1.2920256207375382,0.0,False,0.5201588478305631,False,True,
replication030_payload_com_only,20169,passive,post_shift,1,-0.2,0.0,-0.2,-0.07794982503403376,0.022938040888275942,-0.15862401610455354,-0.2039988368068153,0.0007147694722905775,-0.1866282016780037,1.994170576909809,1.4036391347611246,False,0.5531759448041451,False,True,
replication030_payload_com_only,20170,passive,post_shift,1,-0.2,0.0,-0.2,-0.13076645357419855,0.02434836665369344,-0.15105956394675307,-0.20376811259930042,0.004466815122348961,-0.18454099891941317,0.7435689701900547,0.0,False,0.419989230219887,False,True,
replication030_payload_com_only,20171,passive,post_shift,1,-0.2,0.0,-0.2,-0.1285669338709768,0.016880311283769774,-0.1532595263605084,-0.2086533613373932,-0.00412449624863333,-0.17829438355128183,0.8557285443790462,0.2705090699565579,False,0.24813865160508877,False,True,
replication030_payload_com_only,20172,passive,post_shift,1,-0.2,0.0,-0.2,-0.05337461562782177,0.0190829139945535,-0.0669476853677468,-0.2053830104410817,-0.009603507957934607,-0.1774746214432734,3.605729533957534,2.4106744008470247,False,0.7320830231404601,False,True,
replication030_payload_com_only,20101,passive,post_shift,2,-0.2,0.0,0.2,-0.07381434355153361,0.009066356012581748,0.11165169809543411,-0.20325990514090914,-0.011697504550207518,0.19764244178715756,2.5041847123062353,1.0041847123062353,False,0.4110190839147232,True,True,
replication030_payload_com_only,20102,passive,post_shift,2,-0.2,0.0,0.2,-0.0707108418289338,0.021518947510063516,0.0944929602941389,-0.20692233781050795,-0.0008962399463841691,0.18770026331597534,2.81579154729296,1.9550438343000893,False,0.38935615148040076,True,True,
replication030_payload_com_only,20103,passive,post_shift,2,-0.2,0.0,0.2,-0.10329662123703087,0.0007214876750835285,0.11166697408597023,-0.20019029820888237,-0.006467158947424958,0.19563002822852477,1.5555336746887856,0.05553367468878556,False,0.44375976562747615,True,True,
replication030_payload_com_only,20104,passive,post_shift,2,-0.2,0.0,0.2,-0.1105348129811196,-0.0038491803244523706,0.13468658117945714,-0.20359915637498638,-0.0091757215249475,0.19686654001154102,1.2656318613456539,0.5607485655186415,False,0.7007712776427835,True,True,
replication030_payload_com_only,20105,passive,post_shift,2,-0.2,0.0,0.2,-0.08313381748645289,0.015295904348621358,0.09307966177561176,-0.2034642421562245,0.0018573125884211062,0.19509687924133265,2.377564106402142,1.0974825305398626,False,0.38564909539724224,True,True,
replication030_payload_com_only,20106,passive,post_shift,2,-0.2,0.0,0.2,-0.11520159170143884,0.009693996164770248,0.07052765652306656,-0.2042509146111693,-0.006470693793026988,0.19739054273641482,1.9968258163899646,0.8493086084826278,False,0.6972753550727719,True,True,
replication030_payload_com_only,20107,passive,post_shift,2,-0.2,0.0,0.2,-0.07281931633275657,0.013813644692626642,0.10100675479254888,-0.20529918039603587,-0.006905139678692689,0.19945469345566685,2.76045407230664,3.059522421679558,False,0.39857747486830536,True,True,
replication030_payload_com_only,20108,passive,post_shift,2,-0.2,0.0,0.2,-0.09423463241510181,0.004088213853718159,0.1156558572648339,-0.20372164279201216,-0.010313485997149992,0.1842355173308451,1.7332696896631532,0.2332696896631532,False,0.4395063910350239,True,True,
replication030_payload_com_only,20109,passive,post_shift,2,-0.2,0.0,0.2,-0.08385374969268043,0.01368788716286593,0.11629695999586773,-0.19963438602114822,-0.0009638832484435516,0.19397258326341182,1.9763550372426169,2.3952328969248637,False,0.2664470464043992,False,True,
replication030_payload_com_only,20110,passive,post_shift,2,-0.2,0.0,0.2,-0.11083487231878326,-0.01065127389808568,0.1112570175229466,-0.20253212986107147,-0.005311884165123725,0.1975123995496662,1.449704274833432,0.0,False,0.6442940327132438,False,True,
replication030_payload_com_only,20111,passive,post_shift,2,-0.2,0.0,0.2,-0.11286685946233711,-5.934551410901011e-05,0.12304291733973495,-0.19802656614667696,-0.013443417881270561,0.1856413154394254,1.1172191604006914,1.2009949658087646,False,0.516814069023809,True,True,
replication030_payload_com_only,20112,passive,post_shift,2,-0.2,0.0,0.2,-0.09455614681754852,0.009545568810520884,0.08618466036786772,-0.20769326104791275,-0.010689676847569166,0.20767631701532935,2.509075365258026,1.0090753652580262,False,0.46993969019626314,True,True,
replication030_payload_com_only,20113,passive,post_shift,2,-0.2,0.0,0.2,-0.08377341067002737,0.011703386608643547,0.11104121815877266,-0.20221544506503955,-0.014622642537216075,0.1975901593839026,2.2179477901250935,0.7179477901250935,False,0.35974683827773724,True,True,
replication030_payload_com_only,20114,passive,post_shift,2,-0.2,0.0,0.2,-0.1083664684154583,-0.00824106110892806,0.11580966489737482,-0.20245704793670613,-0.004356374617616835,0.20273525098339468,1.5258537792427285,1.0072557872657995,False,0.675470871344967,True,True,
replication030_payload_com_only,20115,passive,post_shift,2,-0.2,0.0,0.2,-0.08127294378787554,0.019354721812610613,0.1144862825502236,-0.20878041163192013,-0.005627803511352303,0.19850899588616613,2.452873501082336,3.3324016576675746,False,0.5144114351072636,True,True,
replication030_payload_com_only,20116,passive,post_shift,2,-0.2,0.0,0.2,-0.11459995159094814,-0.015173104643208554,0.12102715408842878,-0.20439276683474883,-0.014109367419004233,0.19977494262887066,1.3517728433399014,1.4346127948593859,False,0.7369696738985929,True,True,
replication030_payload_com_only,20117,passive,post_shift,2,-0.2,0.0,0.2,-0.09325591216085953,0.011814987790374688,0.12124496389524995,-0.19587436521571044,-0.007630065156989556,0.1870957675626313,1.5556673581727958,0.44860826801428866,False,0.486580131198371,True,True,
replication030_payload_com_only,20118,passive,post_shift,2,-0.2,0.0,0.2,-0.0711556454752421,0.0192057846781467,0.09967514655035349,-0.208990678897428,-0.003225823115888595,0.19607272313675655,2.9149582269730687,3.6824360657435133,False,0.4485935328820725,True,True,
replication030_payload_com_only,20119,passive,post_shift,2,-0.2,0.0,0.2,-0.12089478289387434,-0.008331853952866286,0.13543220772036485,-0.2029133890703945,-0.007074055599501187,0.1866417934507575,0.9616663938482,0.953526737580223,False,0.7470547518107882,True,True,
replication030_payload_com_only,20120,passive,post_shift,2,-0.2,0.0,0.2,-0.10342527276740762,-0.006999922221551712,0.13486450214358078,-0.20302311198763276,-0.007427761360789965,0.20130400492928763,1.4381985731245255,0.4342676696043992,False,0.6620937301911473,True,True,
replication030_payload_com_only,20121,passive,post_shift,2,-0.2,0.0,0.2,-0.07377283560575912,0.014325206098602111,0.09140342772748371,-0.20550358886340364,-0.0037849345680454026,0.18195609646443153,2.6327260955812224,1.1327260955812224,False,0.34767627661662215,True,True,
replication030_payload_com_only,20122,passive,post_shift,2,-0.2,0.0,0.2,-0.09195701079174427,0.00981496189418464,0.11718545423304298,-0.20159697286268544,-0.00570053542410759,0.2023765326673453,1.9029213691385929,1.621208156117507,False,0.4876271645317552,True,True,
replication030_payload_com_only,20123,passive,post_shift,2,-0.2,0.0,0.2,-0.10544191594568017,-0.010925077456925754,0.10843961432964867,-0.19886424476545453,0.00037677677700780234,0.1956899932304644,1.5304706051045107,0.030470605104510717,False,0.43917666863112437,True,True,
replication030_payload_com_only,20124,passive,post_shift,2,-0.2,0.0,0.2,-0.10967074659714436,-0.018167882943645377,0.08634716145920959,-0.20356550319292482,-0.00425573614061882,0.19641446376983646,1.8377363154121802,2.188164090312574,False,0.7645696211163354,False,True,
replication030_payload_com_only,20125,passive,post_shift,2,-0.2,0.0,0.2,-0.06686828424258827,0.011436656065499413,0.10992412241740611,-0.20994292430382774,-0.007080329413317521,0.1942972373109876,2.925726747347913,3.972759869563109,False,0.4379214737968435,True,True,
replication030_payload_com_only,20126,passive,post_shift,2,-0.2,0.0,0.2,-0.09622716873554192,0.0009848641427729358,0.07749170409009593,-0.2046296456952387,-0.0035945441952208424,0.19724881258676252,2.3014999589397016,2.5543462607744756,False,0.6027052581907594,True,True,
replication030_payload_com_only,20127,passive,post_shift,2,-0.2,0.0,0.2,-0.10075796063106886,0.01018612937133935,0.10104056653135396,-0.20341303327156657,-0.008218128655742446,0.18590257388569745,1.7371755088293421,1.7892484911463427,False,0.31117224356889567,True,True,
replication030_payload_com_only,20128,passive,post_shift,2,-0.2,0.0,0.2,-0.08838053325614759,0.008673551816461499,0.1202505339111245,-0.20183121767797643,-0.0034782255295252437,0.19997100542205162,1.9193728530425425,4.359387038207857,True,0.5796743076344519,True,True,
replication030_payload_com_only,20129,passive,post_shift,2,-0.2,0.0,0.2,-0.09119479890695899,0.007757009230656457,0.09558834622875952,-0.20751476512812167,-0.0022217448789072928,0.19943368334022515,2.306584379391376,2.4264060506426475,False,0.5775914657457301,True,True,
replication030_payload_com_only,20130,passive,post_shift,2,-0.2,0.0,0.2,-0.1090458468135406,-0.0047128112098003255,0.0849222673465897,-0.20660306276139503,-0.008249491241002112,0.19314971446379325,1.878697030160622,0.966426359540913,False,0.5391245756305244,True,True,
replication030_payload_com_only,20131,passive,post_shift,2,-0.2,0.0,0.2,-0.11036792207389841,-0.0032924699866418213,0.12656461085142573,-0.20039186881988724,-0.004055219577569838,0.18622303746277594,1.180510772630767,0.028174703888188546,False,0.6148182449828803,True,True,
replication030_payload_com_only,20132,passive,post_shift,2,-0.2,0.0,0.2,-0.09681561673742968,-0.014819063657382904,0.08097924663428657,-0.20313029240206126,-0.006867118804391726,0.18836901023736907,2.0695933353681144,0.5695933353681144,False,0.6034329196397004,False,True,
replication030_payload_com_only,20133,passive,post_shift,2,-0.2,0.0,0.2,-0.10063770004880809,0.0208881602771992,0.10023438719197612,-0.2055253000561037,-0.0084633149437353,0.19628316035346638,1.9869072058641866,2.772750750924428,False,0.586421073059876,True,True,
replication030_payload_com_only,20134,passive,post_shift,2,-0.2,0.0,0.2,-0.05953786339101227,0.018993609596812372,0.09447533684556017,-0.21006833498385313,0.00020292077506134417,0.19701067168066175,3.4118506927765053,2.8912637509281747,False,0.3955035329845749,True,True,
replication030_payload_com_only,20135,passive,post_shift,2,-0.2,0.0,0.2,-0.06955444741987618,0.011448736966766643,0.09867434923385295,-0.20515534925381215,-0.005073142457968875,0.19573464606657012,2.8159766872286105,3.7429124459576686,False,0.3818421425560555,True,True,
replication030_payload_com_only,20136,passive,post_shift,2,-0.2,0.0,0.2,-0.06852531451789796,0.011707782374938639,0.08963640837732563,-0.20423126282224893,-0.0038797631005724202,0.19918393658938566,2.960887139720597,3.176220113204919,False,0.38154562146777304,True,True,
replication030_payload_com_only,20137,passive,post_shift,2,-0.2,0.0,0.2,-0.09821155898706935,0.0012229428837422984,0.09267522719406598,-0.2021582347055048,-0.003882800997902047,0.20257677051680917,2.041626456840477,0.5416264568404769,False,0.4841509270135068,False,True,
replication030_payload_com_only,20138,passive,post_shift,2,-0.2,0.0,0.2,-0.10307295633191506,-0.006411568704961542,0.10535922617320419,-0.20531684516986806,-0.0012697607308456865,0.19397118287286985,1.7146187614351402,0.21461876143514025,False,0.5359181869663862,True,True,
replication030_payload_com_only,20139,passive,post_shift,2,-0.2,0.0,0.2,-0.11318402080808174,-0.010885157254827789,0.09319187958361125,-0.20360393200964608,-0.002352797392222357,0.2062215665246373,1.7864944169608845,2.5129209407834825,False,0.71321726275005,True,True,
replication030_payload_com_only,20140,passive,post_shift,2,-0.2,0.0,0.2,-0.07865421533814401,0.016673769302404388,0.09874121975813262,-0.20941166074525336,0.0013011116490680129,0.19527447754879487,2.623267022158887,2.1042393572819322,False,0.523828242899628,True,True,
replication030_payload_com_only,20141,passive,post_shift,2,-0.2,0.0,0.2,-0.10167240325017088,0.013886738259978734,0.06815151750288011,-0.2072927887396338,-0.00507218115948356,0.19489667920685913,2.391359198676942,2.130128514678587,False,0.6281901257161083,True,True,
replication030_payload_com_only,20142,passive,post_shift,2,-0.2,0.0,0.2,-0.09490322119282393,0.0077673864714559145,0.10245983685076619,-0.2080592282287085,-0.0032975021622160708,0.19826947159503588,2.112491725505327,3.017529765447493,False,0.5828336931189566,True,True,
replication030_payload_com_only,20143,passive,post_shift,2,-0.2,0.0,0.2,-0.07386289806893999,0.0044819802258117365,0.1136270678166605,-0.20313057496332645,-0.0014711157790388352,0.19991581967894334,2.453342659131405,2.3694274370062054,False,0.4844962544016521,True,True,
replication030_payload_com_only,20144,passive,post_shift,2,-0.2,0.0,0.2,-0.09871556957976242,0.0028501067833809164,0.12865626918922923,-0.20768816654144032,-0.008020944797615594,0.19590022647679733,1.69817966958875,1.601618215961609,False,0.6285461842572958,True,True,
replication030_payload_com_only,20145,passive,post_shift,2,-0.2,0.0,0.2,-0.058286103417847464,0.019880989287891535,0.09267683654455997,-0.20718316464098968,-0.0017717633418403767,0.19767940179912216,3.3801715260682053,3.3329259226593972,False,0.40434198744620525,True,True,
replication030_payload_com_only,20146,passive,post_shift,2,-0.2,0.0,0.2,-0.0761042258571622,0.008265681007539624,0.08802264881958431,-0.20079414817789784,-0.005609829518769131,0.18760670696518061,2.5053940909017696,1.0053940909017696,False,0.2999140686644639,False,True,
replication030_payload_com_only,20147,passive,post_shift,2,-0.2,0.0,0.2,-0.09340129630969261,0.0024878098837682948,0.08751073939072582,-0.20877194635577837,0.0007183523997458179,0.1981556379665593,2.338352687511734,0.8383526875117342,False,0.5501021734196458,True,True,
replication030_payload_com_only,20148,passive,post_shift,2,-0.2,0.0,0.2,-0.1023007466897312,0.0020578535432320202,0.12196561685517766,-0.198607436491176,8.314638372963407e-05,0.1802323613714701,1.296112489203136,0.0,False,0.5027428062555308,False,True,
replication030_payload_com_only,20149,passive,post_shift,2,-0.2,0.0,0.2,-0.0632616884554506,0.019956672601278855,0.10009978238138068,-0.20483996064532736,-0.010632819128052466,0.198526758947051,3.1009661266529243,1.7497406244352893,False,0.26621171993152726,False,True,
replication030_payload_com_only,20150,passive,post_shift,2,-0.2,0.0,0.2,-0.08051287665155474,0.006668268204180061,0.11316935086378155,-0.197736387551938,-0.0034275045708230954,0.1971103675069887,2.0798940151984753,0.8101778871661882,False,0.41762780908188746,True,True,
replication030_payload_com_only,20151,passive,post_shift,2,-0.2,0.0,0.2,-0.07341193887835326,0.021314670319525456,0.09220150137196291,-0.2060312185271692,-0.006290057485664695,0.20091006440340112,2.9343374184880315,4.636561631128629,True,0.42597535993967717,True,True,
replication030_payload_com_only,20152,passive,post_shift,2,-0.2,0.0,0.2,-0.11876544676941292,-0.021859938392903257,0.12615894142796122,-0.20816784561604187,0.0013396011140001198,0.1925814160161481,1.2848469026185383,2.111631733569997,False,0.8329988323191958,True,True,
replication030_payload_com_only,20153,passive,post_shift,2,-0.2,0.0,0.2,-0.0978412118700191,-0.006791813923152101,0.07582552711369575,-0.2066258236548233,-0.009345633116528838,0.18693475771401374,2.1999227795679315,0.8176525800100856,False,0.4906775800525506,True,True,
replication030_payload_com_only,20154,passive,post_shift,2,-0.2,0.0,0.2,-0.07210610232547374,0.023807795936381618,0.10264851404276573,-0.2072028947820819,0.0005394769175987795,0.19205459044215042,2.7109787111661388,2.5899296711698283,False,0.4976440308411276,True,True,
replication030_payload_com_only,20155,passive,post_shift,2,-0.2,0.0,0.2,-0.11092957554332315,0.0074611937169461445,0.09894798998809848,-0.20360072796419038,-0.006361649960658389,0.19736988368436573,1.6481099906240164,2.1921357244310977,False,0.6581875512236897,True,True,
replication030_payload_com_only,20156,passive,post_shift,2,-0.2,0.0,0.2,-0.1085824754372019,-0.0012538979926749814,0.12148513044068827,-0.20939945827793535,-0.0038243882961855554,0.19726167521810237,1.559371328091502,3.411539759896344,False,0.7255501833442483,True,True,
replication030_payload_com_only,20157,passive,post_shift,2,-0.2,0.0,0.2,-0.08296951373856934,0.008849436945309368,0.08248107510617811,-0.20578630258305508,-0.005615396406118318,0.1858431958457017,2.499734093282864,1.036930254418729,False,0.4049844230425997,False,True,
replication030_payload_com_only,20158,passive,post_shift,2,-0.2,0.0,0.2,-0.06174433766959938,0.017125403564043636,0.10151119397190644,-0.2033213094209138,-0.006374506922881958,0.19935850140080486,3.058859306075668,1.558859306075668,False,0.27953820512984123,False,True,
replication030_payload_com_only,20159,passive,post_shift,2,-0.2,0.0,0.2,-0.08536756614890074,0.01846309488490346,0.09575542664327297,-0.20091277233126145,-0.0043731343703932194,0.17885657633900526,2.090016009250468,3.2588381395250425,False,0.26373478988216087,False,True,
replication030_payload_com_only,20160,passive,post_shift,2,-0.2,0.0,0.2,-0.08025556219510852,0.016203859430689194,0.0956748307616724,-0.20218107172805444,-0.008279328023883228,0.20192493379697227,2.5605134523721893,4.293079059166061,True,0.41903507525425865,True,True,
replication030_payload_com_only,20161,passive,post_shift,2,-0.2,0.0,0.2,-0.11421920604984326,-0.017326766899748186,0.1083202515422769,-0.20371354903531888,-0.006469195174326796,0.18494788573320614,1.34437734241781,0.0,False,0.7213689315844384,True,True,
replication030_payload_com_only,20162,passive,post_shift,2,-0.2,0.0,0.2,-0.05622554498558311,0.01595803955924072,0.09436373543191345,-0.2097754224793214,-0.009279483717728762,0.18403729183367287,3.385446369221311,3.47209146351282,False,0.21546052287926465,False,True,
replication030_payload_com_only,20163,passive,post_shift,2,-0.2,0.0,0.2,-0.11063906948079844,0.01174509566808047,0.056519378039490024,-0.1985484925460765,-0.004662868950239824,0.194114412896375,2.1502368362501487,0.6502368362501487,False,0.6715707120883084,True,True,
replication030_payload_com_only,20164,passive,post_shift,2,-0.2,0.0,0.2,-0.11233960492915109,0.0020255181294277997,0.12206495196233336,-0.20039594565700647,-0.012586294350005758,0.20029299381569904,1.3176975626607512,1.907809988629893,False,0.5757104694069433,True,True,
replication030_payload_com_only,20165,passive,post_shift,2,-0.2,0.0,0.2,-0.08504427845272927,0.015599404041121845,0.11719677005228486,-0.20132333543942624,-0.008687013045100306,0.18342668238636142,1.941071548918364,0.6479343979674645,False,0.3971656646420937,True,True,
replication030_payload_com_only,20166,passive,post_shift,2,-0.2,0.0,0.2,-0.09563202014613964,-0.0004724961742176653,0.10085953265493885,-0.20563300321465622,-0.0056709576879400555,0.19765321714351275,2.0149701182494453,3.8052371462246612,False,0.6061329201956289,True,True,
replication030_payload_com_only,20167,passive,post_shift,2,-0.2,0.0,0.2,-0.1131177762024528,-0.002444449169148739,0.09731060696607602,-0.19680228630251373,-0.006152329591246032,0.18345165241367611,1.2956821317745864,0.17330796568500828,False,0.5780988136769695,True,True,
replication030_payload_com_only,20168,passive,post_shift,2,-0.2,0.0,0.2,-0.06559635571668619,0.015235957733004298,0.10373447275327073,-0.2032902236532333,0.0027493074134232144,0.19444032636511008,2.7588676429492693,1.2588676429492693,False,0.24230873856220317,False,True,
replication030_payload_com_only,20169,passive,post_shift,2,-0.2,0.0,0.2,-0.1127292795710099,-0.0008405262666840534,0.09670684485678235,-0.20215292876700106,0.0010307053286086314,0.19466082824486577,1.5328776013510084,1.436516736112133,False,0.6838884220373378,True,True,
replication030_payload_com_only,20170,passive,post_shift,2,-0.2,0.0,0.2,-0.0741441210196742,0.014607717249425143,0.08634639770706898,-0.20258281364844194,0.004428448292784362,0.19563713458432797,2.7020220258342147,1.2020220258342147,False,0.3600942193107794,True,True,
replication030_payload_com_only,20171,passive,post_shift,2,-0.2,0.0,0.2,-0.09942459063250259,-0.005480154565577288,0.07559656509434075,-0.20933615837123246,-0.004012993040251088,0.18922071761086526,2.2626299057126773,1.0331389756692353,False,0.5788672056782028,False,True,
replication030_payload_com_only,20172,passive,post_shift,2,-0.2,0.0,0.2,-0.10195963144824041,0.012957019011396448,0.10815548564565643,-0.2058779625658495,-0.008076982151760871,0.1876902676572749,1.7238868126281062,2.6345612134751306,False,0.5110174183023287,True,True,
replication030_payload_com_only,20101,passive,post_shift,3,0.12,-0.1,-0.15,0.04925955336741446,-0.02884631558608113,-0.08512274874180455,0.11789185681672382,-0.10299727225224024,-0.13055491561492763,0.7381902487369553,0.24237496104319056,False,0.809176221416472,False,True,
replication030_payload_com_only,20102,passive,post_shift,3,0.12,-0.1,-0.15,0.1031607214200656,-0.07233959588253046,-0.10261674246379525,0.12257792087519886,-0.10358929383519666,-0.13139579310427674,0.12186682327161515,0.5769106575717045,False,0.16313687315512548,False,True,
replication030_payload_com_only,20103,passive,post_shift,3,0.12,-0.1,-0.15,0.11831453144699285,-0.07372906949657945,-0.03708152382006615,0.11981022806756246,-0.10318238346734054,-0.13908960361855183,0.49763707789162054,0.0,False,0.45611031947204694,False,True,
replication030_payload_com_only,20104,passive,post_shift,3,0.12,-0.1,-0.15,0.11120463729886308,-0.06785989188903031,-0.07972767442883935,0.11683452553110704,-0.10388972283836363,-0.1317629332680768,0.19933442314172675,0.0,False,0.22696609258066994,False,True,
replication030_payload_com_only,20105,passive,post_shift,3,0.12,-0.1,-0.15,0.11538768259311911,-0.058588695034039816,-0.050513597178909034,0.12164903921390025,-0.09833032942120046,-0.13139894113925832,0.3791189565033561,0.0,False,nan,False,False,BASE_HEIGHT_LIMIT
replication030_payload_com_only,20106,passive,post_shift,3,0.12,-0.1,-0.15,0.10962812175676959,-0.06663303207972611,-0.03945315985582984,0.12077432395560621,-0.09819661019336287,-0.12987293702354974,0.41671397702438756,0.0,False,0.4166481402453125,False,True,
replication030_payload_com_only,20107,passive,post_shift,3,0.12,-0.1,-0.15,0.07928783412013238,-0.033803419921672975,-0.10043107539361898,0.11704622582094054,-0.10198008338998478,-0.1342148473614011,0.43656100804376613,1.9960834297233239,False,0.2547193022019023,False,True,
replication030_payload_com_only,20108,passive,post_shift,3,0.12,-0.1,-0.15,0.043905956540834255,-0.029424985643123316,-0.05315185236533213,0.12008848773721553,-0.10973655218689796,-0.13556449059197237,1.0741598041985843,0.0,False,1.0574457747864923,False,True,
replication030_payload_com_only,20109,passive,post_shift,3,0.12,-0.1,-0.15,0.08569866535928905,-0.08765278973959988,-0.09500888892803533,0.11884833211779001,-0.09845720843255172,-0.13638878240926736,0.24833387462979203,1.1435667715546558,False,0.29595618817250136,False,True,
replication030_payload_com_only,20110,passive,post_shift,3,0.12,-0.1,-0.15,0.09826631815702058,-0.04591861949375804,-0.03167208378703168,0.12379021426599014,-0.11380554949975953,-0.13552731814107946,1.2742353454562125,0.0,False,1.2704048638571441,True,True,
replication030_payload_com_only,20111,passive,post_shift,3,0.12,-0.1,-0.15,0.12086843359318446,-0.020897564044723572,-0.02464759576986024,0.12412258099404234,-0.10752886479744618,-0.13209890807613622,0.9631447522122144,0.664139718020979,False,1.1970674771410033,False,True,
replication030_payload_com_only,20112,passive,post_shift,3,0.12,-0.1,-0.15,0.07674035509834742,-0.04105027740861062,-0.12091768015921944,0.11759014840782166,-0.10701609741644987,-0.13288103228414153,0.39476706725553967,0.0,False,0.8343760138487057,False,True,
replication030_payload_com_only,20113,passive,post_shift,3,0.12,-0.1,-0.15,0.06909131391330349,-0.07994044867180398,-0.08050742721851967,0.12164063599169342,-0.10992582157245324,-0.13395267228513663,0.35802290906994966,0.0,False,0.40795163050108,False,True,
replication030_payload_com_only,20114,passive,post_shift,3,0.12,-0.1,-0.15,0.07388431174193273,-0.058535454578366085,-0.06043668792108104,0.11823437322145292,-0.10577703538803376,-0.1295570435662056,0.4715071860312003,0.0,False,0.6635710208900959,False,True,
replication030_payload_com_only,20115,passive,post_shift,3,0.12,-0.1,-0.15,0.11481263673608375,-0.058785684761090806,-0.05768875858418787,0.1182789881229954,-0.10209567943982602,-0.13661059218909796,0.38272243020555546,2.21512408787313,False,0.4809496005621407,False,True,
replication030_payload_com_only,20116,passive,post_shift,3,0.12,-0.1,-0.15,0.10319736833008791,-0.061314176998905685,-0.0543952697726002,0.12336315848102773,-0.10539469003271512,-0.12920021329993403,0.3865373595301045,0.32115015438949035,False,0.3656660541117012,False,True,
replication030_payload_com_only,20117,passive,post_shift,3,0.12,-0.1,-0.15,0.11189806556240224,-0.08420530624676931,-0.07088548453615943,0.12310235244771735,-0.10854375895582886,-0.12731917026272266,0.18114965762271304,0.0,False,0.15022464823029996,False,True,
replication030_payload_com_only,20118,passive,post_shift,3,0.12,-0.1,-0.15,0.0914461124707269,-0.0777974158685443,-0.08476534292103713,0.11908633220139583,-0.10044926938116647,-0.13514764397852314,0.18938966861292097,2.3718257343564346,False,0.22941788362264962,False,True,
replication030_payload_com_only,20119,passive,post_shift,3,0.12,-0.1,-0.15,0.10770167198312411,-0.07374031094844222,-0.029033588792486263,0.12297161834347799,-0.10684977316778099,-0.13218841595063383,0.5349209554301139,0.0,False,0.3602800658784099,False,True,
replication030_payload_com_only,20120,passive,post_shift,3,0.12,-0.1,-0.15,0.08687138122025327,-0.04352338236634598,-0.09270317129967114,0.11950511595370356,-0.10161406150413102,-0.1298859124128855,0.3428867660300738,0.0,False,0.4962382270272538,False,True,
replication030_payload_com_only,20121,passive,post_shift,3,0.12,-0.1,-0.15,0.09832308816329,-0.06170813458545833,-0.10158595596037652,0.11945156183891428,-0.10683852771651216,-0.13620277310204315,0.2099450707123124,0.0,False,0.5270511965650747,False,True,
replication030_payload_com_only,20122,passive,post_shift,3,0.12,-0.1,-0.15,0.10935164192471424,-0.07863486024380245,-0.09390740668332426,0.1238908894560121,-0.102571760718853,-0.12925006928479416,0.10332486063205347,0.22453301674956028,False,0.25738353782458984,False,True,
replication030_payload_com_only,20123,passive,post_shift,3,0.12,-0.1,-0.15,0.0873764604968031,-0.04160456160222752,-0.10783387086081828,0.11945330003445497,-0.09734093774942354,-0.13415631878945874,0.29406964003405744,0.0,False,0.6225771339714391,False,True,
replication030_payload_com_only,20124,passive,post_shift,3,0.12,-0.1,-0.15,0.10838693108910412,-0.04436667302159487,-0.04756095626752834,0.10769833963410051,-0.10331962079943917,-0.12744968724353956,0.8011072526681828,1.4892713429807567,False,0.4983412620684369,True,True,
replication030_payload_com_only,20125,passive,post_shift,3,0.12,-0.1,-0.15,0.04362229201768555,-0.019824843029343026,-0.07254015321228734,0.11493792122433698,-0.10558449213711864,-0.13105008919872882,0.9468211560168934,3.4195810255800025,False,0.6023003587729717,False,True,
replication030_payload_com_only,20126,passive,post_shift,3,0.12,-0.1,-0.15,0.08761351835847905,-0.096327448381143,-0.1064705761549776,0.11834565550534708,-0.09810537563543377,-0.13889349132548634,0.10532911055561923,1.159675371330095,False,0.5808523203687873,False,True,
replication030_payload_com_only,20127,passive,post_shift,3,0.12,-0.1,-0.15,0.13075390311191787,-0.056782404251627026,-0.018942076421766426,0.12004163480891113,-0.1044278815717316,-0.1357083760555819,0.7294494233050445,1.018697914451387,False,nan,False,False,BASE_HEIGHT_LIMIT
replication030_payload_com_only,20128,passive,post_shift,3,0.12,-0.1,-0.15,0.07437973572274431,-0.08143346875541752,-0.0642265636198136,0.11727032489032309,-0.10164219685020837,-0.1307335119243317,0.33149564038432344,3.190882678592181,False,0.3063061013769624,False,True,
replication030_payload_com_only,20129,passive,post_shift,3,0.12,-0.1,-0.15,0.09928875927592318,-0.04426295993835168,-0.13222192681452075,0.119044050350358,-0.0976437180106897,-0.12930576862897727,0.20772775580819527,1.1341338064508428,False,0.2559800160582639,False,True,
replication030_payload_com_only,20130,passive,post_shift,3,0.12,-0.1,-0.15,0.10825190423323496,-0.06847409913659848,-0.06155301726878881,0.11960612091364883,-0.1080565822548683,-0.13519591478557114,0.337916441076955,0.0,False,0.637333779584032,False,True,
replication030_payload_com_only,20131,passive,post_shift,3,0.12,-0.1,-0.15,0.11058615986404854,-0.06780453041721506,-0.047884915219478394,0.12027755369666664,-0.10925329679419866,-0.13515094991609874,0.43794060014033004,0.0,False,0.6665478416854291,False,True,
replication030_payload_com_only,20132,passive,post_shift,3,0.12,-0.1,-0.15,0.09372100790451975,-0.07237902542979281,-0.057628250575288,0.1189162903685063,-0.10563637322520021,-0.1353245213675631,0.573791151419933,0.0,False,0.3507824080678904,True,True,
replication030_payload_com_only,20133,passive,post_shift,3,0.12,-0.1,-0.15,0.10291526118051192,-0.09872815435700309,-0.12724410899783736,0.1152634227441424,-0.1020709286869095,-0.13649537417047966,0.014127577884089894,1.2868783288085177,False,0.4288987462472659,False,True,
replication030_payload_com_only,20134,passive,post_shift,3,0.12,-0.1,-0.15,0.049932944596395856,-0.02708449823407642,-0.07026794465636554,0.12186060572229772,-0.09787773000378214,-0.13154492899564382,0.8087622554143742,2.200026006342549,False,0.8074045099577074,False,True,
replication030_payload_com_only,20135,passive,post_shift,3,0.12,-0.1,-0.15,0.053647000664536953,-0.033384832205513304,-0.0997739705528134,0.11381520714040902,-0.10584931834440599,-0.13561542736921853,0.6271224861586588,2.8700349321163277,False,0.30146247929389774,False,True,
replication030_payload_com_only,20136,passive,post_shift,3,0.12,-0.1,-0.15,0.1038084492170789,-0.06799915404031705,-0.05844032699901342,0.11886707731259129,-0.1035495245761455,-0.12978354923931432,0.31099537088343393,1.987215484088353,False,0.34317075256941143,False,True,
replication030_payload_com_only,20137,passive,post_shift,3,0.12,-0.1,-0.15,0.10626226757814428,-0.058133205858185405,-0.04892589974540891,0.12535616766677216,-0.11260206996431706,-0.1348644482621489,0.8409778710451979,0.0,False,0.8127946428347349,True,True,
replication030_payload_com_only,20138,passive,post_shift,3,0.12,-0.1,-0.15,0.08777961439346511,-0.04361665614506889,-0.10024188585649678,0.11734833209213669,-0.09848400779369323,-0.131721174237979,0.2907373211618712,0.0,False,0.516538838400811,False,True,
replication030_payload_com_only,20139,passive,post_shift,3,0.12,-0.1,-0.15,0.09706811536021451,-0.06620307230722379,-0.03561897146600693,0.12573882521806798,-0.09875387617180033,-0.12783420387812064,0.47940250038822546,1.492323441171708,False,nan,False,False,BASE_HEIGHT_LIMIT
replication030_payload_com_only,20140,passive,post_shift,3,0.12,-0.1,-0.15,0.0731030663134382,-0.065704816181986,-0.08306517626473998,0.11803754668032543,-0.10103632305323472,-0.1317139882840349,0.3065276171156703,0.9107669743976026,False,0.21462036655471073,False,True,
replication030_payload_com_only,20141,passive,post_shift,3,0.12,-0.1,-0.15,0.10442406750355449,-0.09618609907352481,-0.09799484243671275,0.11809944649864755,-0.09843831157950342,-0.13291505072266346,0.06395510217306762,0.6940836168516544,False,0.20297896731910609,False,True,
replication030_payload_com_only,20142,passive,post_shift,3,0.12,-0.1,-0.15,0.06613569061269849,-0.04467574634783381,-0.10385586620145361,0.11976227999772668,-0.10292084612983163,-0.1280671449331282,0.42616339697280664,1.9436931624202998,False,0.4971017007525351,False,True,
replication030_payload_com_only,20143,passive,post_shift,3,0.12,-0.1,-0.15,0.050224045395741955,-0.03522352262752239,-0.10041375922471353,0.12438105693820162,-0.09927513756217007,-0.1302200670541375,0.6518618265910748,1.5212892635972803,False,0.7820588917222889,False,True,
replication030_payload_com_only,20144,passive,post_shift,3,0.12,-0.1,-0.15,0.10586873005856529,-0.07039814811268719,-0.056885585570683836,0.11758128010178186,-0.1035211242099145,-0.13004351957478824,0.3039392559185726,0.40555747188018176,False,0.11461886131363781,False,True,
replication030_payload_com_only,20145,passive,post_shift,3,0.12,-0.1,-0.15,0.06604807663947572,-0.07510337075414966,-0.10924192324288035,0.11780938961048969,-0.10223240689270897,-0.13221395941074973,0.24078800278389026,2.0737139254432875,False,0.2781846094611982,False,True,
replication030_payload_com_only,20146,passive,post_shift,3,0.12,-0.1,-0.15,0.05690543464753516,-0.04051312314686942,-0.09920770110923134,0.1185359408500147,-0.10423942481675741,-0.13333142190993294,0.9917233829560402,0.4971174738578098,False,0.7903255679463982,True,True,
replication030_payload_com_only,20147,passive,post_shift,3,0.12,-0.1,-0.15,0.10054948496020058,-0.05180908046467629,-0.12570346578679426,0.11578115499374587,-0.10034881845651032,-0.13160545698648526,0.16523744164323667,0.0,False,0.41341029296049137,False,True,
replication030_payload_com_only,20148,passive,post_shift,3,0.12,-0.1,-0.15,0.10640435774342362,-0.046504255746665196,-0.02708464931457015,0.12392586839495713,-0.10432567624897472,-0.1319005096432715,1.100938024845574,0.0,False,0.6491106496671184,True,True,
replication030_payload_com_only,20149,passive,post_shift,3,0.12,-0.1,-0.15,0.10255628489488919,-0.06181217521932037,-0.09079461232580138,0.11496780869234202,-0.10685434223407136,-0.12883976439335493,0.34602042917795467,0.595761053613244,False,0.47334768327114235,True,True,
replication030_payload_com_only,20150,passive,post_shift,3,0.12,-0.1,-0.15,0.10315029790812608,-0.0266634484821379,-0.14024195933998213,0.12259727352141866,-0.10188299014444314,-0.13060519856107003,0.39011386870441084,0.0,False,0.9523826193942639,False,True,
replication030_payload_com_only,20151,passive,post_shift,3,0.12,-0.1,-0.15,0.12371585851234211,-0.07331261799125512,-0.0702556635795766,0.11625223313896212,-0.0978757193365653,-0.13545568992484863,0.22143109595545382,3.3579927270840826,False,0.6376582841486196,False,True,
replication030_payload_com_only,20152,passive,post_shift,3,0.12,-0.1,-0.15,0.09906504413006689,-0.050545548899411596,-0.018617880454772178,0.11714090729526601,-0.10233413135912246,-0.1351439313649355,0.7637437863290196,1.3753755198990163,False,0.6151092136583899,False,True,
replication030_payload_com_only,20153,passive,post_shift,3,0.12,-0.1,-0.15,0.09788556174893027,-0.07757966422605214,-0.042986581754709145,0.12412350701298236,-0.11106335507137648,-0.1348722735446014,0.4690649365086264,0.0,False,0.6457903866803182,False,True,
replication030_payload_com_only,20154,passive,post_shift,3,0.12,-0.1,-0.15,0.0858649238527728,-0.07499763629604046,-0.1253015116524451,0.12036938161847302,-0.10293148652255373,-0.12882645301818407,0.12680629949283995,1.2167359706626684,False,0.2558821214318136,False,True,
replication030_payload_com_only,20155,passive,post_shift,3,0.12,-0.1,-0.15,0.09874994284652397,-0.08265654958066472,-0.051877692064171296,0.11541002700510081,-0.10909626575747161,-0.13384886173672353,0.34763883583244914,1.0397745602635469,False,0.5203311388860453,False,True,
replication030_payload_com_only,20156,passive,post_shift,3,0.12,-0.1,-0.15,0.08934214057026259,-0.06639281611820685,-0.05557484928468797,0.11802776441447291,-0.10289500843614147,-0.13407946559902448,0.39541603319157886,2.3069557930879228,False,0.3988253457002955,False,True,
replication030_payload_com_only,20157,passive,post_shift,3,0.12,-0.1,-0.15,0.06297772126826774,-0.04147785404843415,-0.09219808208630847,0.12114002746708251,-0.10730146298823647,-0.1316426662363675,0.99869625856354,0.5356265129822692,False,0.9676875626664375,True,True,
replication030_payload_com_only,20158,passive,post_shift,3,0.12,-0.1,-0.15,0.0513154319064155,-0.02755664386455426,-0.08082557297638915,0.12521515719600626,-0.09866531532199987,-0.1279015093109796,1.365413241905604,1.424272547981272,False,0.7955773518821869,True,True,
replication030_payload_com_only,20159,passive,post_shift,3,0.12,-0.1,-0.15,0.12409015087580914,-0.057941055255654565,-0.0860993891285781,0.12149132475937416,-0.09705192417232264,-0.13635723470102207,0.3273919605656603,2.086230100090703,False,0.21795962058487098,False,True,
replication030_payload_com_only,20160,passive,post_shift,3,0.12,-0.1,-0.15,0.12153568467891643,-0.062146171073725116,-0.06320511716388233,0.11838045450638324,-0.1015822544345679,-0.13051237196302662,0.2914700144732702,3.084549073639331,False,0.3045605253920317,False,True,
replication030_payload_com_only,20161,passive,post_shift,3,0.12,-0.1,-0.15,0.10640680159006183,-0.06963925978383878,0.006590100456176353,0.12251887153632986,-0.10506973607889576,-0.13835620229239498,0.9818633845823483,0.0,False,0.7112855667418729,False,True,
replication030_payload_com_only,20162,passive,post_shift,3,0.12,-0.1,-0.15,0.08910995065733589,-0.07652922752621774,-0.10768399075190782,0.11602890571355734,-0.10545208297975787,-0.14110792581791679,0.25262816352476497,2.224719627037585,False,0.22642620729261714,False,True,
replication030_payload_com_only,20163,passive,post_shift,3,0.12,-0.1,-0.15,0.07369610293124525,-0.05464589368252559,-0.09697293067185134,0.11861226314014958,-0.09866714694197819,-0.13318290946431974,0.308947722796919,0.0,False,0.40766245334190443,False,True,
replication030_payload_com_only,20164,passive,post_shift,3,0.12,-0.1,-0.15,0.11791513678566294,-0.06107385480569675,0.026199290061466124,0.12061177845810031,-0.10775947054796384,-0.12963578067262146,1.1655700902219064,1.5733800788517993,False,0.685785890129427,False,True,
replication030_payload_com_only,20165,passive,post_shift,3,0.12,-0.1,-0.15,0.06755907762101307,-0.07886525756693231,-0.10989055935087111,0.11963562535379273,-0.10396463037067269,-0.13751852251889532,0.24665080136969927,0.0,False,0.3717145973874843,False,True,
replication030_payload_com_only,20166,passive,post_shift,3,0.12,-0.1,-0.15,0.12192300164250826,-0.04939466593369786,-0.0735771868685585,0.11549624092224109,-0.10316102725009796,-0.13354682697336054,0.3395538507918201,2.6447909970164813,False,0.4359459255488597,False,True,
replication030_payload_com_only,20167,passive,post_shift,3,0.12,-0.1,-0.15,0.10883363260471528,-0.0680035308227788,-0.04000161645094521,0.12635229138661963,-0.10879165360540126,-0.145829807658024,0.6001922109425333,0.0,False,nan,False,False,BASE_HEIGHT_LIMIT
replication030_payload_com_only,20168,passive,post_shift,3,0.12,-0.1,-0.15,0.061643276874659376,-0.044191271518222906,-0.11389067447339007,0.1171234536627203,-0.10182462995833833,-0.13541596708807016,0.774578841734558,0.5334464846838274,False,0.6184931959917931,True,True,
replication030_payload_com_only,20169,passive,post_shift,3,0.12,-0.1,-0.15,0.1277899973619063,-0.07908794746286031,-0.04701179955616585,0.11909414825163345,-0.1024054070317778,-0.13126369082880446,0.3376805098714511,0.27419724598358397,False,nan,False,False,BASE_HEIGHT_LIMIT
replication030_payload_com_only,20170,passive,post_shift,3,0.12,-0.1,-0.15,0.06665161475788374,-0.04008895116140555,-0.09495968081781,0.11806637188476594,-0.09749877157946658,-0.13178386832349923,0.43729638406702237,0.139318409901237,False,0.7642408161304516,False,True,
replication030_payload_com_only,20171,passive,post_shift,3,0.12,-0.1,-0.15,0.10487706465184428,-0.06445208650097534,-0.09687463253970983,0.11950609900913153,-0.11028540523857731,-0.13487401678908323,0.3601205736319412,0.0,False,0.5259661521702301,True,True,
replication030_payload_com_only,20172,passive,post_shift,3,0.12,-0.1,-0.15,0.1268317359405058,-0.09098005320046879,-0.00021808961474889215,0.12270131318266228,-0.10527485896487901,-0.13050823366429878,0.7298524353966039,1.8644136488717344,False,0.39016736368194294,False,True,
replication030_payload_com_only,20101,passive,post_shift,4,0.12,0.1,0.15,0.047016308930481886,0.04388559952282145,0.024014755072017103,0.11984308765315438,0.08988577653947512,0.14928205760404606,1.1010379670193564,0.0,False,1.0487158792477569,False,True,
replication030_payload_com_only,20102,passive,post_shift,4,0.12,0.1,0.15,0.03915508753367497,0.041861444119393944,0.042307430555431944,0.11942546531014143,0.09655386304720565,0.1391927016600961,0.9848593331984389,0.061769990770143335,False,1.0099995238099726,False,True,
replication030_payload_com_only,20103,passive,post_shift,4,0.12,0.1,0.15,0.038685673875385074,0.03893567998692287,0.048165355652219244,0.12163396546941205,0.09163418630095635,0.14565495667767184,0.9666727687864536,0.0,False,1.2204736343094458,False,True,
replication030_payload_com_only,20104,passive,post_shift,4,0.12,0.1,0.15,0.0416840418791884,0.031091532685019796,0.047032563374357655,0.1180090229112468,0.0980396885220081,0.15148198430914056,1.0665768593796632,0.0,False,0.7822107199419941,False,True,
replication030_payload_com_only,20105,passive,post_shift,4,0.12,0.1,0.15,0.07430958444601868,0.04120758765438728,0.12639141074597263,0.11745896170553843,0.09771955775261848,0.14888383899851354,0.3356610055311824,0.0,False,0.7013398272437322,False,True,
replication030_payload_com_only,20106,passive,post_shift,4,0.12,0.1,0.15,0.07460805977440735,0.0656848451088514,0.09983737114141807,0.11702566926557291,0.09666216127084458,0.1495644245929762,0.27424296122546465,0.0,False,0.4445945129861503,False,True,
replication030_payload_com_only,20107,passive,post_shift,4,0.12,0.1,0.15,0.04550735370938578,0.04478340721882913,0.060466539799058194,0.11011655469155002,0.09291309112958362,0.1517848104652993,0.752626007610964,1.2487094373342877,False,0.1407228498544696,False,True,
replication030_payload_com_only,20108,passive,post_shift,4,0.12,0.1,0.15,0.08188619272495518,0.03422316784379289,0.12177620442639592,0.12484629208708704,0.09007182596963122,0.13899749883998475,0.32442898700885253,0.0,False,0.38396446570944537,False,True,
replication030_payload_com_only,20109,passive,post_shift,4,0.12,0.1,0.15,0.03377696045952404,0.0578680193255066,0.04677636138665614,0.12192460972478364,0.10071115704284118,0.15007796610294044,1.7477986598772917,1.3913654314319475,False,1.2054369805097425,True,True,
replication030_payload_com_only,20110,passive,post_shift,4,0.12,0.1,0.15,0.06368881790169435,0.054657175553257865,0.09592407848330704,0.1248301467824899,0.08999319074171627,0.1499663634722678,0.4261668379394295,0.0,False,0.6310492627523977,False,True,
replication030_payload_com_only,20111,passive,post_shift,4,0.12,0.1,0.15,0.027909924890350817,0.025483155245949247,0.05583121858173797,0.11781319681824173,0.09206476275670171,0.13937525856344896,1.0322651905459528,0.19640490856693182,False,0.8104237547303924,False,True,
replication030_payload_com_only,20112,passive,post_shift,4,0.12,0.1,0.15,0.05094733815208044,0.041137322707356205,-0.017581430381476512,0.12234585264441325,0.09377181813481583,0.15582959134523874,1.709272075440455,0.2092720754404549,False,1.1126891124085863,False,True,
replication030_payload_com_only,20113,passive,post_shift,4,0.12,0.1,0.15,0.05523099355290846,0.04550024265411535,0.07351063263857685,0.12472224737930854,0.09185700998718394,0.14904543804945083,0.6614826483317431,0.0,False,0.9303663216662695,False,True,
replication030_payload_com_only,20114,passive,post_shift,4,0.12,0.1,0.15,0.10349073324749705,0.0910292804975023,0.1434204191056554,0.11555578368639892,0.09559786340515662,0.15688994785576782,0.01788687628891116,0.0,False,0.5259830656893355,False,True,
replication030_payload_com_only,20115,passive,post_shift,4,0.12,0.1,0.15,0.041416388752963954,0.0513997053298981,0.043886234642836836,0.11860379587292241,0.09750745656614349,0.14926105069007506,0.9506718782889365,1.6657959661620665,False,0.3863357269213355,False,True,
replication030_payload_com_only,20116,passive,post_shift,4,0.12,0.1,0.15,0.047049713572230395,0.040391024094349845,0.05927982168998898,0.12078974637322237,0.08499964699959708,0.15184056481176708,0.8060990962505691,0.0,False,0.26158655632127514,False,True,
replication030_payload_com_only,20117,passive,post_shift,4,0.12,0.1,0.15,0.052339926034160156,0.03159006493032918,0.08528929298282788,0.12086044578254089,0.09056225194952974,0.1479766538635309,0.6662155802715911,0.0,False,1.2617946062928584,False,True,
replication030_payload_com_only,20118,passive,post_shift,4,0.12,0.1,0.15,0.05754116252718683,0.04862427846776037,0.07357880786744792,0.11666093337164737,0.09592828088463884,0.1506182177673756,0.598494486634871,1.4703202209913058,False,0.2731332307902173,False,True,
replication030_payload_com_only,20119,passive,post_shift,4,0.12,0.1,0.15,0.12946918469285892,0.07316096141283578,0.16455521337723633,0.1196887142412034,0.09263823468980663,0.13726223258996142,0.06127313219622845,0.0,False,nan,False,False,BASE_HEIGHT_LIMIT
replication030_payload_com_only,20120,passive,post_shift,4,0.12,0.1,0.15,0.037715056408675784,0.03227423829140945,0.035635153137845446,0.11917809968071254,0.09641222095782076,0.15175318646441827,1.1956510274800145,0.0,False,1.2311856407761874,False,True,
replication030_payload_com_only,20121,passive,post_shift,4,0.12,0.1,0.15,0.0968442573904664,0.057386539275925505,0.1291836610755222,0.11932434786179132,0.09780641852390788,0.13552721111185825,0.13625188189280024,0.0,False,0.20728384248647422,False,True,
replication030_payload_com_only,20122,passive,post_shift,4,0.12,0.1,0.15,0.04546799716617906,0.04635264967393103,0.0312700511127762,0.1258254090378218,0.10149730474352123,0.153281035279563,1.1850296955666513,0.0,False,1.5440750684154727,False,True,
replication030_payload_com_only,20123,passive,post_shift,4,0.12,0.1,0.15,0.09255789479939103,0.036265255548899915,0.09927653827130424,0.12144616674794106,0.10371068334964828,0.14629406243545567,0.42679482711258193,0.0,False,1.1929210769489345,False,True,
replication030_payload_com_only,20124,passive,post_shift,4,0.12,0.1,0.15,0.07381252105607229,0.06538138832206157,0.12246286532004286,0.11158022912909395,0.09338375489866847,0.15116697211794766,0.1710354915428811,0.1603068345236378,False,0.4614712953681428,False,True,
replication030_payload_com_only,20125,passive,post_shift,4,0.12,0.1,0.15,0.04938898636898852,0.044603638327874215,0.0999222358154882,0.11684057266843577,0.09827638528551712,0.15131877732718052,0.5806321373047046,2.500213162884707,False,0.24362491019491048,False,True,
replication030_payload_com_only,20126,passive,post_shift,4,0.12,0.1,0.15,0.0858381204680032,0.06220885090787916,0.08639862605107025,0.11361101978961967,0.09347483206066284,0.14913718326793032,0.2723394953156383,0.0,False,0.3948072270768189,False,True,
replication030_payload_com_only,20127,passive,post_shift,4,0.12,0.1,0.15,0.04503135062259007,0.06046207226219309,0.07252441981214953,0.12491878246309006,0.09588325307430666,0.13821528920712006,0.6505763982638618,0.16927431271524884,False,1.0715304610881085,False,True,
replication030_payload_com_only,20128,passive,post_shift,4,0.12,0.1,0.15,0.0871578343777264,0.05201385810356546,0.1502115759510397,0.10935725968613276,0.0984688924496982,0.15025505278310375,0.16573001854550642,1.8566126971376873,False,0.733776598460833,False,True,
replication030_payload_com_only,20129,passive,post_shift,4,0.12,0.1,0.15,0.023579785863186715,0.061076317211197925,0.05622242089127773,0.11356363192271754,0.09802918219778196,0.15486859921583834,0.9949716462029571,0.6291054526537999,False,1.2613000553619191,False,True,
replication030_payload_com_only,20130,passive,post_shift,4,0.12,0.1,0.15,0.06295729476492756,0.05447154899842003,0.052349900049021965,0.12311823611063667,0.09739518105442997,0.1456980632947702,0.6977871499375622,0.0,False,0.5800303540775578,False,True,
replication030_payload_com_only,20131,passive,post_shift,4,0.12,0.1,0.15,0.06160484358530036,0.06486871005442754,0.05905159644841466,0.11863493718999227,0.09567649194919584,0.13963558157886996,0.5260755602297652,0.0,False,0.30991950972825605,False,True,
replication030_payload_com_only,20132,passive,post_shift,4,0.12,0.1,0.15,0.14159750084252823,0.05967507490966626,0.11303102146981002,0.12345417520409771,0.09265045686215091,0.1421865224370251,0.1254930621783231,0.0,False,0.5385835185522022,False,True,
replication030_payload_com_only,20133,passive,post_shift,4,0.12,0.1,0.15,0.042292027039516254,0.05033070747126887,0.04562718506502056,0.11709904200236297,0.09778062144395695,0.14939983240414986,0.9232319835232844,0.7101103123318021,False,0.3195364272296818,False,True,
replication030_payload_com_only,20134,passive,post_shift,4,0.12,0.1,0.15,0.0568876461280337,0.03147098639945941,0.09291496900771658,0.11392479499972004,0.09752052694258947,0.15294491981757524,0.6249961280502733,1.3250221343928223,False,1.245724599619426,False,True,
replication030_payload_com_only,20135,passive,post_shift,4,0.12,0.1,0.15,0.051878506327119434,0.045499424083382596,0.03625278849243969,0.10915407955328832,0.09450557719258114,0.14646440448886888,0.8366289881059811,2.206663920222309,False,0.20443639677740935,False,True,
replication030_payload_com_only,20136,passive,post_shift,4,0.12,0.1,0.15,0.03668253540883814,0.03513371446978098,0.022904974834337764,0.1081699507254324,0.0948168210525362,0.14868971843124412,1.2151158538261961,1.702331337914549,False,0.35785895354569797,False,True,
replication030_payload_com_only,20137,passive,post_shift,4,0.12,0.1,0.15,0.04057840185361052,0.040124973487010225,0.016772055092022745,0.12489531490009553,0.09812435340431867,0.1548990320911565,1.415175991106479,0.0,False,1.3942101614386964,False,True,
replication030_payload_com_only,20138,passive,post_shift,4,0.12,0.1,0.15,0.06360706372062452,0.0360069010957621,0.048248836719228326,0.12185504214859132,0.10086222278649125,0.15183185947127809,0.9036723478649055,0.0,False,1.2195775429664035,False,True,
replication030_payload_com_only,20139,passive,post_shift,4,0.12,0.1,0.15,0.09737068066395979,0.08443294905851233,0.1205035855386802,0.1201356369285014,0.08987165182412134,0.15834933002636803,0.09387302339544012,0.08619646456714802,False,0.511020469616334,False,True,
replication030_payload_com_only,20140,passive,post_shift,4,0.12,0.1,0.15,0.08344344138220673,0.027430249466394725,0.0861369469590514,0.1163131011825362,0.09740532360476706,0.15592035168319382,0.5822092420536896,0.0,False,1.3070845520362062,False,True,
replication030_payload_com_only,20141,passive,post_shift,4,0.12,0.1,0.15,0.03984734280171542,0.040003310293109634,0.020524673687531553,0.11976577206862653,0.09850848983258975,0.1479778027821612,1.2541839063313216,0.448267523182976,False,0.8653936479153878,False,True,
replication030_payload_com_only,20142,passive,post_shift,4,0.12,0.1,0.15,0.030800150699495918,0.034426445539759966,0.024275315583438983,0.11360615563428257,0.10025738596651104,0.1510274341360594,1.3206234680928581,1.764316630513158,False,0.515039316754959,False,True,
replication030_payload_com_only,20143,passive,post_shift,4,0.12,0.1,0.15,0.034945124388754606,0.05213133991910182,-0.0357549050630636,0.12042290829015613,0.09380038023016979,0.1511281887662882,1.9817219432246442,2.003011206821925,False,1.7379948960088867,False,True,
replication030_payload_com_only,20144,passive,post_shift,4,0.12,0.1,0.15,0.048162786010098886,0.046385056789791906,0.02556150385385769,0.11853624184061146,0.09592783003748245,0.15315813626727823,1.117471330247551,0.023028802127732728,False,1.4814047201615463,False,True,
replication030_payload_com_only,20145,passive,post_shift,4,0.12,0.1,0.15,0.034303951242278426,0.06849091252794667,-0.019548706555758782,0.11230943628395873,0.09855659909236915,0.1485202864913302,1.5949294551928654,2.168643380636153,False,0.9700824364758674,False,True,
replication030_payload_com_only,20146,passive,post_shift,4,0.12,0.1,0.15,0.03655696811918776,0.03257817792979025,-0.01870990874616026,0.11575173166359964,0.0973614930965357,0.1370577355561119,1.6246355587048489,0.6217530325626587,False,1.0584702812852973,False,True,
replication030_payload_com_only,20147,passive,post_shift,4,0.12,0.1,0.15,0.0496962869140732,0.0380006693218614,-0.004847298262459677,0.11433409511738728,0.099985847025377,0.15482090495271675,1.5407738498528225,0.04077384985282251,False,1.4079144262430425,False,True,
replication030_payload_com_only,20148,passive,post_shift,4,0.12,0.1,0.15,0.0242035906047876,0.02473801577253913,0.028290679505000825,0.1207569252134802,0.09725266869412055,0.13579889489877134,1.4097586736949577,0.0,False,1.6224560609495415,False,True,
replication030_payload_com_only,20149,passive,post_shift,4,0.12,0.1,0.15,0.04975802697221007,0.023202990933518557,0.07901779588015849,0.12009756127598797,0.10046929813046494,0.1535315409575555,0.9200157252375982,0.015776778850842277,False,1.063561079616092,False,True,
replication030_payload_com_only,20150,passive,post_shift,4,0.12,0.1,0.15,0.01671092928021883,0.04717508432023697,0.008646113504073011,0.11592740373211788,0.08919844100607677,0.15006214777820032,1.575906636564694,0.0759066365646941,False,0.9129532495096121,False,True,
replication030_payload_com_only,20151,passive,post_shift,4,0.12,0.1,0.15,0.04320934414728117,0.04925227923418251,0.058250048764867765,0.11096906832970709,0.09148433677460066,0.15159792687888013,0.7667031992541035,2.624695926338186,False,0.15469839711830038,False,True,
replication030_payload_com_only,20152,passive,post_shift,4,0.12,0.1,0.15,0.10576026033835811,0.08756579797340515,0.12457198552251911,0.11320166003680407,0.09940442333663027,0.14746406018429356,0.034070401107648834,0.0,False,0.6064390954870471,False,True,
replication030_payload_com_only,20153,passive,post_shift,4,0.12,0.1,0.15,0.1536066805277134,0.0714684471138152,0.14605427018848108,0.12440502664695297,0.091582721422099,0.13738811747287624,0.08268612791658961,0.0,False,0.343764759025881,False,True,
replication030_payload_com_only,20154,passive,post_shift,4,0.12,0.1,0.15,0.06652876384707242,0.0311902070565599,0.11114022196055003,0.1199018955705232,0.09912142680832502,0.1541947926003744,0.5424486745163328,0.2591846451790012,False,0.8046692995899697,False,True,
replication030_payload_com_only,20155,passive,post_shift,4,0.12,0.1,0.15,0.022388390332725758,0.032321659275955546,0.023909036787815807,0.10610991232125314,0.09743142390216036,0.14450376068077805,1.2652848429520893,0.8050594032156362,False,0.26834014043173715,False,True,
replication030_payload_com_only,20156,passive,post_shift,4,0.12,0.1,0.15,0.043227718440676466,0.035518983513059495,0.07025845942608712,0.11205163547507475,0.09268599059745716,0.14959299140897278,0.7335506609951029,1.5405064540830256,False,0.22644015615965613,False,True,
replication030_payload_com_only,20157,passive,post_shift,4,0.12,0.1,0.15,0.04585779874668543,0.03591435248449932,0.04986347922204095,0.11695987996518449,0.09506264908234986,0.1383289430171791,0.8442781836873858,0.0,False,0.6897628579276301,False,True,
replication030_payload_com_only,20158,passive,post_shift,4,0.12,0.1,0.15,0.04916403236054639,0.04438941048185717,0.07064829335285112,0.12440056634164265,0.09709326907037327,0.15216416781277003,0.8069965054422606,0.7312690534235325,False,1.3676182378391646,False,True,
replication030_payload_com_only,20159,passive,post_shift,4,0.12,0.1,0.15,0.0693141286799771,0.04526942733780987,0.09963924362530063,0.12166824804111051,0.09039819327961923,0.13240298243079593,0.6146749899904544,1.2009050900811573,False,1.04243269293663,True,True,
replication030_payload_com_only,20160,passive,post_shift,4,0.12,0.1,0.15,0.07521530959693189,0.050240819958672474,0.07859043980777246,0.107506089207446,0.09258570535239104,0.15380842665523184,0.41064256991789455,1.9951916435572257,False,0.29951689150998356,False,True,
replication030_payload_com_only,20161,passive,post_shift,4,0.12,0.1,0.15,0.06930905385359197,0.059261216591397985,0.12075869331874332,0.12265958954429731,0.0957833985393469,0.13681702445872093,0.26833367006213077,0.0,False,0.39013416272622115,False,True,
replication030_payload_com_only,20162,passive,post_shift,4,0.12,0.1,0.15,0.027067261197296574,0.010819387752491416,0.007664427578148227,0.12002611656208086,0.09961149857477383,0.13513310878000698,2.946568836113734,3.6712884631513187,False,0.7533998746248792,True,True,
replication030_payload_com_only,20163,passive,post_shift,4,0.12,0.1,0.15,0.07234933019218982,0.05899134613462129,0.06713247060469998,0.1160494661719193,0.09883496564724224,0.14866961210832844,0.4882448184587966,0.0,False,0.6516575091708603,False,True,
replication030_payload_com_only,20164,passive,post_shift,4,0.12,0.1,0.15,0.0194837609752916,0.02844357831931027,0.052561271926260034,0.11993466918254456,0.08932112135233902,0.15381626196181297,1.2278681920907426,1.301248270942542,False,1.1260125753060455,False,True,
replication030_payload_com_only,20165,passive,post_shift,4,0.12,0.1,0.15,0.06604309219119152,0.03311049485808189,0.0719584724639334,0.12012651490223387,0.09064876295073035,0.13307072517285523,0.539775491820765,0.0,False,1.2053063020679262,False,True,
replication030_payload_com_only,20166,passive,post_shift,4,0.12,0.1,0.15,0.03547334260032315,0.038764424895343735,0.04892004372140879,0.11074911695183982,0.09386203210443637,0.1505040420390483,0.9549575123954589,2.09974850941194,False,0.1759018337065162,False,True,
replication030_payload_com_only,20167,passive,post_shift,4,0.12,0.1,0.15,0.05434011852654585,0.04575638271105466,0.06536445773570318,0.11955871399897537,0.09546820780378931,0.13390251369633266,0.6061877974909341,0.0,False,0.8074981456288082,False,True,
replication030_payload_com_only,20168,passive,post_shift,4,0.12,0.1,0.15,0.045257498255118635,0.04442051992714219,-0.01350580681257995,0.11937876574004945,0.10107900388462737,0.1515361821874527,1.679661596860365,0.7131080815441924,False,1.039901297645414,False,True,
replication030_payload_com_only,20169,passive,post_shift,4,0.12,0.1,0.15,0.08224725665818056,0.04121978447239046,0.14762223127136798,0.11984811283664494,0.09781872478256061,0.15345635252396214,0.29006550070005294,0.0,False,0.26650776949049654,False,True,
replication030_payload_com_only,20170,passive,post_shift,4,0.12,0.1,0.15,0.07266687171930161,0.03404345205443742,0.07359220681906199,0.11780713336445793,0.09864131439067732,0.14978774262737818,0.6212872235432189,0.0,False,0.8893416105712941,False,True,
replication030_payload_com_only,20171,passive,post_shift,4,0.12,0.1,0.15,0.06181362366478459,0.03652510335158585,0.03695612179341922,0.11948852303127486,0.09845739358485597,0.13885665276120226,0.8705827132189846,0.0,False,0.6605505739504679,False,True,
replication030_payload_com_only,20172,passive,post_shift,4,0.12,0.1,0.15,0.09003400777339386,0.061818539807705034,0.13383999421908144,0.12389363867316573,0.09641563011222894,0.13808809642310588,0.14849378189414714,0.5129074307658816,False,0.6797171339841345,False,True,
replication030_payload_com_only,20101,passive,post_shift,5,-0.2,0.0,-0.2,-0.14257727164242923,0.020884230883715774,-0.12619006318623013,-0.20364105248147535,-0.00912851425097578,-0.18202517412234953,0.4513937184785565,0.0,False,0.32149394985155005,False,True,
replication030_payload_com_only,20102,passive,post_shift,5,-0.2,0.0,-0.2,-0.09828356329260755,0.010797043974730565,-0.1168869569946974,-0.20520189547083648,-0.0015755553976718462,-0.1775055100887628,0.9553419142343245,0.0,False,0.5066375137276803,False,True,
replication030_payload_com_only,20103,passive,post_shift,5,-0.2,0.0,-0.2,-0.11362051684901925,0.01218377667618684,-0.10818537933809927,-0.20204535775309995,-0.006610199878200142,-0.18710077245857737,0.8323746272577922,0.0,False,0.4670097328746346,False,True,
replication030_payload_com_only,20104,passive,post_shift,5,-0.2,0.0,-0.2,-0.11223597058610614,0.020646961050262442,-0.0867897388996578,-0.20337711605338374,-0.005785680447240099,-0.18339334550352715,1.0258628945227855,0.0,False,0.6592269390019152,False,True,
replication030_payload_com_only,20105,passive,post_shift,5,-0.2,0.0,-0.2,-0.08811873176336277,0.019398171040848424,-0.1573922874802155,-0.20503358063801608,0.0009712579227897334,-0.1849100623823354,0.9767907211194605,0.0,False,0.36800232322316023,False,True,
replication030_payload_com_only,20106,passive,post_shift,5,-0.2,0.0,-0.2,-0.10386870186444033,0.02524178961217998,-0.1258132363287799,-0.20355774477475716,-0.0029994660637297547,-0.18131270512027697,0.8714706364989113,0.0,False,0.4936866211836535,False,True,
replication030_payload_com_only,20107,passive,post_shift,5,-0.2,0.0,-0.2,-0.11822988743877795,0.023847627051074217,-0.14879010389131114,-0.20570643539408348,-0.0019666938079405147,-0.18748677098794453,0.635260044379629,0.38396948171391676,False,0.7317103896072421,False,True,
replication030_payload_com_only,20108,passive,post_shift,5,-0.2,0.0,-0.2,-0.12153808992588025,0.027775435926412316,-0.09775192578599896,-0.20545167557601585,-0.010910677228487695,-0.18506457761457892,0.9189692351908594,0.0,False,0.7547040308771267,False,True,
replication030_payload_com_only,20109,passive,post_shift,5,-0.2,0.0,-0.2,-0.07415383862331724,0.012203323967850593,-0.05755834276025004,-0.20126729134788104,0.00014349338183448457,-0.18591209211491513,1.8148067152769645,1.706172146708912,False,0.8335982518352995,False,True,
replication030_payload_com_only,20110,passive,post_shift,5,-0.2,0.0,-0.2,-0.11905255866865584,0.02343449709084808,-0.13825680240556565,-0.2045653706954589,-0.008237281767490686,-0.18901274074928798,0.6723155700446125,0.0,False,0.2955427559670941,False,True,
replication030_payload_com_only,20111,passive,post_shift,5,-0.2,0.0,-0.2,-0.06311365653585534,0.02193141921817123,-0.06959888672177919,-0.19938707702200398,-0.014591404637120295,-0.1817789373160664,1.9172370810740222,0.6136419896409541,False,0.7582384767894197,False,True,
replication030_payload_com_only,20112,passive,post_shift,5,-0.2,0.0,-0.2,-0.14634157235843112,0.011191223883783429,-0.1275177919838039,-0.2091281634282645,-0.00608877048957311,-0.18123983601106874,0.41443506362531707,0.0,False,0.35416176019508466,False,True,
replication030_payload_com_only,20113,passive,post_shift,5,-0.2,0.0,-0.2,-0.12425062440953893,0.02994397633931398,-0.114296812940432,-0.20473887036211733,-0.012413990482265493,-0.18522483033455472,0.7869008199672677,0.0,False,0.5061926292272612,False,True,
replication030_payload_com_only,20114,passive,post_shift,5,-0.2,0.0,-0.2,-0.12159535691433669,0.0023896421298567824,-0.08857646728640678,-0.20328433237849428,-0.00025989193713714024,-0.18375815469054935,0.8498219458112034,0.0,False,0.548498961298541,False,True,
replication030_payload_com_only,20115,passive,post_shift,5,-0.2,0.0,-0.2,-0.08109607626420222,0.012518697315155423,-0.10809381733204139,-0.20842593033029858,-0.0015934350981772853,-0.18366294324304025,1.3760349950811757,1.5418309612432421,False,0.6430560704072888,False,True,
replication030_payload_com_only,20116,passive,post_shift,5,-0.2,0.0,-0.2,-0.08600549538955643,0.011095962495212046,-0.1310520085648486,-0.20385621833797324,-0.009703306177935207,-0.18323190560056468,1.101387444438215,0.0,False,0.47661321965723885,False,True,
replication030_payload_com_only,20117,passive,post_shift,5,-0.2,0.0,-0.2,-0.09208807125819216,0.019804993552949967,-0.09853736513500444,-0.19803807251842356,-0.00689832630728278,-0.18525055240785085,1.1480875949422098,0.0,False,0.48840612688114754,False,True,
replication030_payload_com_only,20118,passive,post_shift,5,-0.2,0.0,-0.2,-0.11305515025316223,0.018250007231354764,-0.13089472111366637,-0.208511185637364,0.00017179747434216844,-0.1854353633740742,0.7757027214047437,0.7460229423960495,False,0.47833349990676277,False,True,
replication030_payload_com_only,20119,passive,post_shift,5,-0.2,0.0,-0.2,-0.0731212930604915,0.01992461354812444,-0.0860944820038552,-0.20479830790641923,-0.008521381618755732,-0.17851259710703568,1.619149574409251,0.119149574409251,False,0.5341609083414779,False,True,
replication030_payload_com_only,20120,passive,post_shift,5,-0.2,0.0,-0.2,-0.1251211336168731,0.027269048070657588,-0.07938457146180113,-0.20336878051037965,-0.005237663305881062,-0.17931735133673055,0.9310101082436169,0.0,False,0.5135208254864171,False,True,
replication030_payload_com_only,20121,passive,post_shift,5,-0.2,0.0,-0.2,-0.11404631305802725,0.022270462773239668,-0.15743724188894445,-0.2062071916040172,-0.005407044416622236,-0.1833541713195455,0.6637177510929378,0.0,False,0.3986170283142213,False,True,
replication030_payload_com_only,20122,passive,post_shift,5,-0.2,0.0,-0.2,-0.07624098448742612,0.008721169962650419,-0.11042957628778621,-0.2030978117855159,-0.00574186333254412,-0.18224190879601515,1.3430046275101402,0.0,False,0.36307740962847934,False,True,
replication030_payload_com_only,20123,passive,post_shift,5,-0.2,0.0,-0.2,-0.13443935971416826,0.019681136514303234,-0.15617005881988047,-0.2007093569219544,0.0013159039984586727,-0.18500953456890035,0.3600408675503551,0.0,False,0.3159212968022235,False,True,
replication030_payload_com_only,20124,passive,post_shift,5,-0.2,0.0,-0.2,-0.10764824902805503,0.02015825730943952,-0.1825876060130041,-0.20365128787574802,-0.0031942725539927694,-0.18723578650715722,0.6689621770161224,0.0,False,0.23865576409032604,False,True,
replication030_payload_com_only,20125,passive,post_shift,5,-0.2,0.0,-0.2,-0.12814752768450285,0.025821146534521253,-0.11971684685056594,-0.20949767206933975,-0.004155399682717456,-0.18316067417661727,0.6871340181789235,1.6873471810636307,False,0.4557870864519415,False,True,
replication030_payload_com_only,20126,passive,post_shift,5,-0.2,0.0,-0.2,-0.1152674151894802,0.02275449892134877,-0.15638738523808887,-0.20547501586950842,0.000269143747428071,-0.18473699428216245,0.6270364162473697,0.0,False,0.6447232290387692,False,True,
replication030_payload_com_only,20127,passive,post_shift,5,-0.2,0.0,-0.2,-0.05462728238183402,0.0067743496006710145,-0.10663334743609612,-0.20327029980879777,-0.010606867078691124,-0.18483507407008598,1.8018507785957452,0.471125091310994,False,0.6537560354819153,False,True,
replication030_payload_com_only,20128,passive,post_shift,5,-0.2,0.0,-0.2,-0.07385282698596886,0.017588085960250036,-0.0683033322178333,-0.2062829742778434,-0.0037933092285642647,-0.18273347765009113,1.7658671620689725,2.12247985920666,False,1.0025745629207148,False,True,
replication030_payload_com_only,20129,passive,post_shift,5,-0.2,0.0,-0.2,-0.11266975945403883,0.013947436128317746,-0.1231849648474674,-0.2063189207534382,-0.0002788042142750096,-0.18030335551822568,0.7573413564858679,0.0,False,0.39248737248050286,False,True,
replication030_payload_com_only,20130,passive,post_shift,5,-0.2,0.0,-0.2,-0.08258800296738524,0.017779585570630082,-0.14085916490641653,-0.20737132812054987,-0.008240348206512023,-0.18161164269853217,1.1866641440599588,0.0,False,0.6069346302921499,False,True,
replication030_payload_com_only,20131,passive,post_shift,5,-0.2,0.0,-0.2,-0.10144274780954614,-0.00020790818283694275,-0.07988247429475527,-0.20188470422597857,-0.005399972172021844,-0.18302957043976645,1.1515859818733307,0.0,False,0.8577105751454395,False,True,
replication030_payload_com_only,20132,passive,post_shift,5,-0.2,0.0,-0.2,-0.13587499479965137,0.016666383220302887,-0.14531246694152913,-0.2031166858607501,-0.0073306696886712265,-0.18464047070154213,0.4084233045425962,0.0,False,0.2545928318480757,False,True,
replication030_payload_com_only,20133,passive,post_shift,5,-0.2,0.0,-0.2,-0.09675097575556672,0.017638408394864885,-0.1168337141729126,-0.2058466412798531,-0.004423749246302277,-0.1876844231139065,1.0694120291950222,0.2795223415268243,False,0.6668343110602559,False,True,
replication030_payload_com_only,20134,passive,post_shift,5,-0.2,0.0,-0.2,-0.12909951413523563,0.02767558720313561,-0.1304672575962171,-0.20799890904748136,0.002045137416888385,-0.18170935172422112,0.5835134220613682,0.4085355564541906,False,0.387873683333096,False,True,
replication030_payload_com_only,20135,passive,post_shift,5,-0.2,0.0,-0.2,-0.11869799443992977,0.025310994146604204,-0.11586542359140362,-0.2041923423908764,-0.0014596846349955559,-0.18615852308086475,0.7653000343689641,1.4719639545912728,False,0.5524429703885999,False,True,
replication030_payload_com_only,20136,passive,post_shift,5,-0.2,0.0,-0.2,-0.10928589816700815,0.02862229050868848,-0.14549681663918965,-0.20573368307249792,-0.001242646136255988,-0.1834921448762091,0.7615653619755851,0.9638966998901342,False,0.39798292940207713,False,True,
replication030_payload_com_only,20137,passive,post_shift,5,-0.2,0.0,-0.2,-0.11216021108724882,0.02047907035223892,-0.17023487379645633,-0.20281859591697382,-0.0057749622960179565,-0.19068294565512509,0.6281115612830926,0.0,False,0.10956242429433552,False,True,
replication030_payload_com_only,20138,passive,post_shift,5,-0.2,0.0,-0.2,-0.12825371822372156,0.020311264148966432,-0.14472019929564583,-0.20712274801571418,-0.0011476979255513509,-0.1858940846802045,0.523382983606537,0.0,False,0.4123070552624464,False,True,
replication030_payload_com_only,20139,passive,post_shift,5,-0.2,0.0,-0.2,-0.06269208990364292,0.0025749957941392037,-0.1514986702334354,-0.20352058071106102,0.000806890994577231,-0.18058811981691927,1.3962162038740376,0.0,False,0.5451820523105444,False,True,
replication030_payload_com_only,20140,passive,post_shift,5,-0.2,0.0,-0.2,-0.12323721140822917,0.026593657774609473,-0.13031436707223834,-0.20856324937919649,0.003531480681028075,-0.1844822839830112,0.650470153008903,0.0,False,0.4727619084317373,False,True,
replication030_payload_com_only,20141,passive,post_shift,5,-0.2,0.0,-0.2,-0.09041021827286425,0.009597233261507862,-0.13197158346377727,-0.2067514729241182,-0.001658870954803411,-0.18321792695536912,1.0517199478361032,0.0,False,0.5362900033172147,False,True,
replication030_payload_com_only,20142,passive,post_shift,5,-0.2,0.0,-0.2,-0.11970447487548344,0.022857653277066927,-0.1180794521461797,-0.20767453734098423,-0.002644193987705969,-0.1811850804511228,0.7490673553334442,1.013383985846602,False,0.3632003317311719,False,True,
replication030_payload_com_only,20143,passive,post_shift,5,-0.2,0.0,-0.2,-0.11897920814544825,0.018259655871886528,-0.07384062226734663,-0.20387986888439188,0.0015624058489788902,-0.18048014110043586,1.0059210791561786,1.5089322859781034,False,0.5012943402028167,False,True,
replication030_payload_com_only,20144,passive,post_shift,5,-0.2,0.0,-0.2,-0.1057816704821279,0.02060486584098286,-0.09704459025819091,-0.20624655216985707,-0.005224340501433293,-0.18369572577084786,1.0664757849585487,0.0,False,0.4808098231419901,False,True,
replication030_payload_com_only,20145,passive,post_shift,5,-0.2,0.0,-0.2,-0.13724819954687018,-0.026544184767803174,-0.10568654949265875,-0.2071026989915232,0.0008293161321511022,-0.17980264583027053,0.6235404343139114,1.2921838149500644,False,0.663672711621541,False,True,
replication030_payload_com_only,20146,passive,post_shift,5,-0.2,0.0,-0.2,-0.11315117902814109,0.02088153789145674,-0.11382593604743259,-0.20236561179227672,-0.005507826679589771,-0.1781407762832332,0.7735330387264391,0.0,False,0.4954060170538679,False,True,
replication030_payload_com_only,20147,passive,post_shift,5,-0.2,0.0,-0.2,-0.12920862562890853,0.01899982955341572,-0.13693059392088958,-0.20649324788163662,0.0023001480635695334,-0.18477543102451502,0.5169565267128592,0.0,False,0.3922205241670225,False,True,
replication030_payload_com_only,20148,passive,post_shift,5,-0.2,0.0,-0.2,-0.10604550594722645,0.02905375207252683,-0.13366399372039142,-0.19797657857936804,-0.002994182245618763,-0.18171287536035438,0.7386461765119439,0.0,False,0.25693653139862266,False,True,
replication030_payload_com_only,20149,passive,post_shift,5,-0.2,0.0,-0.2,-0.11241507033897061,0.03506969162190386,-0.10858876645231424,-0.20600726450817033,-0.008427796577609621,-0.1859990145287513,0.9917185002177832,0.0,False,0.8655471289113975,False,True,
replication030_payload_com_only,20150,passive,post_shift,5,-0.2,0.0,-0.2,-0.11312846599451987,0.02369002304861978,-0.10786181538398175,-0.19884158787490355,-0.00027748572419352666,-0.18330408917094274,0.7923499026638625,0.0,False,0.32324103972857765,False,True,
replication030_payload_com_only,20151,passive,post_shift,5,-0.2,0.0,-0.2,-0.0858916845786787,0.0020743682670900415,-0.11852216867117563,-0.20560011790289137,-0.0012124841623007516,-0.1853468197605317,1.1789864276813902,2.3036823540195766,False,0.9075842284504284,False,True,
replication030_payload_com_only,20152,passive,post_shift,5,-0.2,0.0,-0.2,-0.08760179048182144,0.008322956397545362,-0.11215940513936615,-0.20881459039965297,0.0018236071074068335,-0.1855131036848654,1.2274050272962815,0.0,False,0.8572191149248044,False,True,
replication030_payload_com_only,20153,passive,post_shift,5,-0.2,0.0,-0.2,-0.09825032707893286,0.009615809601447367,-0.13345982679139,-0.20756898890663344,-0.0118004648157136,-0.18061168348619122,0.9482590816452214,0.0,False,0.4708968001408112,False,True,
replication030_payload_com_only,20154,passive,post_shift,5,-0.2,0.0,-0.2,-0.09810478326722216,0.026458691173109238,-0.12673443111551866,-0.20840317699388664,0.002063345780434472,-0.18430914442682864,1.0037372536466942,0.0,False,0.5587658233921685,False,True,
replication030_payload_com_only,20155,passive,post_shift,5,-0.2,0.0,-0.2,-0.10971701615051282,0.02021815065329815,-0.13218471596152098,-0.20509310101571016,-0.004190357581036802,-0.1847207772834567,0.7847928697395856,0.0898522729552218,False,0.4891521073512447,False,True,
replication030_payload_com_only,20156,passive,post_shift,5,-0.2,0.0,-0.2,-0.07903997597123465,0.01349627195930099,-0.08774245248136552,-0.20896212227467745,-0.0005073534446770686,-0.1846299854568953,1.5760325046160697,1.6165389586990953,False,1.125403389021731,False,True,
replication030_payload_com_only,20157,passive,post_shift,5,-0.2,0.0,-0.2,-0.13639201458521666,0.018620018416681185,-0.16071572219824518,-0.2056225494818139,-0.005911018600719173,-0.18062539098585093,0.38489467955597617,0.0,False,0.12258558872007017,False,True,
replication030_payload_com_only,20158,passive,post_shift,5,-0.2,0.0,-0.2,-0.14489140586419802,0.023473674769496806,-0.15345189321912187,-0.20311226691495235,-0.0031208410930179497,-0.18059817950661222,0.31052447662604704,0.0,False,0.39308785881278063,False,True,
replication030_payload_com_only,20159,passive,post_shift,5,-0.2,0.0,-0.2,-0.05076551185121038,0.01705036006250567,-0.05010218705566435,-0.2006796970164519,-0.004996896855952352,-0.18431445717934355,2.3621537066128835,2.063058796694041,False,0.863942545662514,False,True,
replication030_payload_com_only,20160,passive,post_shift,5,-0.2,0.0,-0.2,-0.053738751007679816,0.010221663416924397,-0.09045808349358442,-0.20414959663510476,-0.0035604128567359515,-0.18464389549602125,1.9513829733650814,2.446574616922307,False,1.1303265700134444,False,True,
replication030_payload_com_only,20161,passive,post_shift,5,-0.2,0.0,-0.2,-0.0965484781070777,0.005036225756463365,-0.13315714172514134,-0.20538887987539972,-0.007564556248493038,-0.18528725257725684,0.942100010903105,0.0,False,0.592288903463981,False,True,
replication030_payload_com_only,20162,passive,post_shift,5,-0.2,0.0,-0.2,-0.09561145658862845,0.030254371256535625,-0.09141178392068065,-0.20942866786501,-0.008961784685811403,-0.1827684457176473,1.357353044883099,3.5286415080344176,False,0.9937670419990746,False,True,
replication030_payload_com_only,20163,passive,post_shift,5,-0.2,0.0,-0.2,-0.12959747979145458,0.02079996361642673,-0.14555266730642055,-0.19944230048844316,-0.0010039948712337423,-0.18373591595093255,0.4305326232993363,0.0,False,0.33801326744928895,False,True,
replication030_payload_com_only,20164,passive,post_shift,5,-0.2,0.0,-0.2,-0.06101790677599028,0.019494609782568464,-0.0530082244745837,-0.20303473500417737,-0.012294304377223206,-0.18380116351855255,2.200542457708706,2.001790728651248,False,0.7657449359467552,False,True,
replication030_payload_com_only,20165,passive,post_shift,5,-0.2,0.0,-0.2,-0.10942784007408106,0.02507820403916856,-0.08928630853617456,-0.20002493800828514,-0.010201143375137289,-0.18123640441136282,1.0191911785231456,0.0,False,0.5983793592301143,False,True,
replication030_payload_com_only,20166,passive,post_shift,5,-0.2,0.0,-0.2,-0.11483033849962232,0.02471435919720188,-0.14360655692098828,-0.2048696548392428,-0.0013844475577492858,-0.18670168715133129,0.6833023441109978,1.283050853522938,False,0.4000887490684978,False,True,
replication030_payload_com_only,20167,passive,post_shift,5,-0.2,0.0,-0.2,-0.07299273864992616,0.008885059735011924,-0.1410593816551277,-0.198043315562328,-0.008999731230980102,-0.1893096934781622,1.19519045541575,0.0,False,0.5394227845093932,False,True,
replication030_payload_com_only,20168,passive,post_shift,5,-0.2,0.0,-0.2,-0.11300585412070953,0.024175210856217506,-0.12411559895929153,-0.2049993802495997,0.003174842974978248,-0.1873616146295638,0.7694071705735425,0.0,False,0.5239148056655816,False,True,
replication030_payload_com_only,20169,passive,post_shift,5,-0.2,0.0,-0.2,-0.07811690524856484,0.0227660434706298,-0.1569792904800759,-0.2039988368068153,0.0007147694722905775,-0.1866282016780037,1.1385190520421247,0.0,False,0.5559947080580455,False,True,
replication030_payload_com_only,20170,passive,post_shift,5,-0.2,0.0,-0.2,-0.1307021267729627,0.024377370673854707,-0.15112175159270402,-0.20376811259930042,0.004466815122348961,-0.18454099891941317,0.43299295086521955,0.0,False,0.41956845932129366,False,True,
replication030_payload_com_only,20171,passive,post_shift,5,-0.2,0.0,-0.2,-0.12840905227238697,0.016511879392129284,-0.15239430675768076,-0.2086533613373932,-0.00412449624863333,-0.17829438355128183,0.49948241771779495,0.0,False,0.254373876302146,False,True,
replication030_payload_com_only,20172,passive,post_shift,5,-0.2,0.0,-0.2,-0.051649290908324756,0.020137530133866967,-0.0655361366282402,-0.2053830104410817,-0.009603507957934607,-0.1774746214432734,2.2286611531612244,1.241568583927106,False,0.7472605724303825,False,True,
replication030_payload_com_only,20101,full,pre_shift,1,-0.2,0.0,-0.2,-0.12259267507755107,0.011624744444841862,-0.17367222206667154,-0.20364105248147535,-0.00912851425097578,-0.18202517412234953,0.8295034223084223,0.0,False,nan,False,True,
replication030_payload_com_only,20102,full,pre_shift,1,-0.2,0.0,-0.2,-0.14756832238521142,0.017804456874307845,-0.18054722478234042,-0.20520189547083648,-0.0015755553976718462,-0.1775055100887628,0.43297972013842023,0.0,False,nan,False,True,
replication030_payload_com_only,20103,full,pre_shift,1,-0.2,0.0,-0.2,-0.09924342475521294,0.014022731493902596,-0.19008512880042253,-0.20204535775309995,-0.006610199878200142,-0.18710077245857737,1.3004155434200406,0.0,False,nan,False,True,
replication030_payload_com_only,20104,full,pre_shift,1,-0.2,0.0,-0.2,-0.13416584256473446,0.012321654629182192,-0.20051978116037972,-0.20337711605338374,-0.005785680447240099,-0.18339334550352715,0.6199311590402843,0.0,False,nan,False,True,
replication030_payload_com_only,20105,full,pre_shift,1,-0.2,0.0,-0.2,-0.1189360632355134,0.008929344829373893,-0.20496366841157718,-0.20503358063801608,0.0009712579227897334,-0.1849100623823354,0.8971264001911683,0.0,False,nan,False,True,
replication030_payload_com_only,20106,full,pre_shift,1,-0.2,0.0,-0.2,-0.13427032111660123,0.007326244110714787,-0.1946898496555412,-0.20355774477475716,-0.0029994660637297547,-0.18131270512027697,0.5883346149893018,0.0,False,nan,False,True,
replication030_payload_com_only,20107,full,pre_shift,1,-0.2,0.0,-0.2,-0.19818459881398368,0.007388969197126489,-0.22232906397677482,-0.20570643539408348,-0.0019666938079405147,-0.18748677098794453,0.0926298134011541,0.0,False,nan,False,True,
replication030_payload_com_only,20108,full,pre_shift,1,-0.2,0.0,-0.2,-0.123060328865264,0.0269279177392468,-0.23357116604367786,-0.20545167557601585,-0.010910677228487695,-0.18506457761457892,1.1123475863419883,0.0,False,nan,False,True,
replication030_payload_com_only,20109,full,pre_shift,1,-0.2,0.0,-0.2,-0.10992476441243902,0.008549334730376858,-0.2001470015788477,-0.20126729134788104,0.00014349338183448457,-0.18591209211491513,1.0022753466927685,0.0,False,nan,False,True,
replication030_payload_com_only,20110,full,pre_shift,1,-0.2,0.0,-0.2,-0.12657672182175608,0.024905652670428956,-0.19046267658290036,-0.2045653706954589,-0.008237281767490686,-0.18901274074928798,0.8406938356669617,0.0,False,nan,False,True,
replication030_payload_com_only,20111,full,pre_shift,1,-0.2,0.0,-0.2,-0.1191290962396766,0.027219749273044342,-0.18492082747893598,-0.19938707702200398,-0.014591404637120295,-0.1817789373160664,0.9616749785539148,0.0,False,nan,False,True,
replication030_payload_com_only,20112,full,pre_shift,1,-0.2,0.0,-0.2,-0.13899017291063154,0.023586616631111383,-0.18405788148276572,-0.2091281634282645,-0.00608877048957311,-0.18123983601106874,0.673700067052022,0.0,False,nan,False,True,
replication030_payload_com_only,20113,full,pre_shift,1,-0.2,0.0,-0.2,-0.13353225284043993,0.010791903221399897,-0.19368535170453535,-0.20473887036211733,-0.012413990482265493,-0.18522483033455472,0.6648395189846109,0.0,False,nan,False,True,
replication030_payload_com_only,20114,full,pre_shift,1,-0.2,0.0,-0.2,-0.13032535412173887,0.02192164305325646,-0.1762705519265301,-0.20328433237849428,-0.00025989193713714024,-0.18375815469054935,0.6813363916487211,0.0,False,nan,False,True,
replication030_payload_com_only,20115,full,pre_shift,1,-0.2,0.0,-0.2,-0.11743246347995748,0.03110397099985209,-0.20539151691577187,-0.20842593033029858,-0.0015934350981772853,-0.18366294324304025,1.101102784176679,0.0,False,nan,False,True,
replication030_payload_com_only,20116,full,pre_shift,1,-0.2,0.0,-0.2,-0.12131473107731706,0.012084662508493113,-0.20381257084778193,-0.20385621833797324,-0.009703306177935207,-0.18323190560056468,0.8837474278076427,0.0,False,nan,False,True,
replication030_payload_com_only,20117,full,pre_shift,1,-0.2,0.0,-0.2,-0.10144696953587233,0.021012874528675448,-0.18558067413058726,-0.19803807251842356,-0.00689832630728278,-0.18525055240785085,1.2007419944976392,0.0,False,nan,False,True,
replication030_payload_com_only,20118,full,pre_shift,1,-0.2,0.0,-0.2,-0.14075070847701432,0.01701448997046508,-0.20923702538577582,-0.208511185637364,0.00017179747434216844,-0.1854353633740742,0.601821244262242,0.0,False,nan,False,True,
replication030_payload_com_only,20119,full,pre_shift,1,-0.2,0.0,-0.2,-0.11318883753000895,0.02076119846412641,-0.16725630896889201,-0.20479830790641923,-0.008521381618755732,-0.17851259710703568,1.0997044838261132,0.0,False,nan,False,True,
replication030_payload_com_only,20120,full,pre_shift,1,-0.2,0.0,-0.2,-0.10424279268301864,0.01593675194008575,-0.16407984311164633,-0.20336878051037965,-0.005237663305881062,-0.17931735133673055,1.2254698007135325,0.0,False,nan,False,True,
replication030_payload_com_only,20121,full,pre_shift,1,-0.2,0.0,-0.2,-0.11661664166016827,0.018128121598491604,-0.22850359720033536,-0.2062071916040172,-0.005407044416622236,-0.1833541713195455,1.1480689750946709,0.0,False,nan,False,True,
replication030_payload_com_only,20122,full,pre_shift,1,-0.2,0.0,-0.2,-0.11051587466786657,0.01759986593951013,-0.15436236474679108,-0.2030978117855159,-0.00574186333254412,-0.18224190879601515,1.1236412062788486,0.0,False,nan,False,True,
replication030_payload_com_only,20123,full,pre_shift,1,-0.2,0.0,-0.2,-0.09838068808709112,0.014944721546848031,-0.18732766811982235,-0.2007093569219544,0.0013159039984586727,-0.18500953456890035,1.2575539391019046,0.0,False,nan,False,True,
replication030_payload_com_only,20124,full,pre_shift,1,-0.2,0.0,-0.2,-0.10598219330066724,0.03154204014203791,-0.21700784065982895,-0.20365128787574802,-0.0031942725539927694,-0.18723578650715722,1.3060904328566436,0.0,False,nan,False,True,
replication030_payload_com_only,20125,full,pre_shift,1,-0.2,0.0,-0.2,-0.13944576617358367,0.015595679120599218,-0.19711508335491917,-0.20949767206933975,-0.004155399682717456,-0.18316067417661727,0.6253447412437495,0.0,False,nan,False,True,
replication030_payload_com_only,20126,full,pre_shift,1,-0.2,0.0,-0.2,-0.19060643456025259,0.008332609395837258,-0.2114506969524252,-0.20547501586950842,0.000269143747428071,-0.18473699428216245,0.07822041686784804,0.0,False,nan,False,True,
replication030_payload_com_only,20127,full,pre_shift,1,-0.2,0.0,-0.2,-0.11187018939473194,0.01408002101126972,-0.19697045109414155,-0.20327029980879777,-0.010606867078691124,-0.18483507407008598,1.0698848844946698,0.0,False,nan,False,True,
replication030_payload_com_only,20128,full,pre_shift,1,-0.2,0.0,-0.2,-0.1839228376287238,-0.0004943532214233005,-0.17263083366273488,-0.2062829742778434,-0.0037933092285642647,-0.18273347765009113,0.06630406317235096,0.0,False,nan,False,True,
replication030_payload_com_only,20129,full,pre_shift,1,-0.2,0.0,-0.2,-0.14002366941751926,0.015594302735731374,-0.18434451368965565,-0.2063189207534382,-0.0002788042142750096,-0.18030335551822568,0.5382736686982951,0.0,False,nan,False,True,
replication030_payload_com_only,20130,full,pre_shift,1,-0.2,0.0,-0.2,-0.14382622268931106,0.019812841475676326,-0.21645724860198376,-0.20737132812054987,-0.008240348206512023,-0.18161164269853217,0.6380828291045341,0.0,False,nan,False,True,
replication030_payload_com_only,20131,full,pre_shift,1,-0.2,0.0,-0.2,-0.1187429452404236,0.024656716324500894,-0.22204780203882493,-0.20188470422597857,-0.005399972172021844,-0.18302957043976645,1.0144397474389828,0.0,False,nan,False,True,
replication030_payload_com_only,20132,full,pre_shift,1,-0.2,0.0,-0.2,-0.13680448907066473,0.008489067329781221,-0.187266458289095,-0.2031166858607501,-0.0073306696886712265,-0.18464047070154213,0.5455906754166796,0.0,False,nan,False,True,
replication030_payload_com_only,20133,full,pre_shift,1,-0.2,0.0,-0.2,-0.12284059755904803,0.017897369768191077,-0.2320800467384036,-0.2058466412798531,-0.004423749246302277,-0.1876844231139065,0.9872300319405971,0.0,False,nan,False,True,
replication030_payload_com_only,20134,full,pre_shift,1,-0.2,0.0,-0.2,-0.16461721482077085,0.01247453568798349,-0.17070778406437562,-0.20799890904748136,0.002045137416888385,-0.18170935172422112,0.24095548023787292,0.0,False,nan,False,True,
replication030_payload_com_only,20135,full,pre_shift,1,-0.2,0.0,-0.2,-0.08865034067178959,0.029199801970123413,-0.20707516096313028,-0.2041923423908764,-0.0014596846349955559,-0.18615852308086475,1.6887917981813816,0.1887917981813816,False,nan,False,True,
replication030_payload_com_only,20136,full,pre_shift,1,-0.2,0.0,-0.2,-0.14302949905831608,0.011687557767564503,-0.18789697368839758,-0.20573368307249792,-0.001242646136255988,-0.1834921448762091,0.47942320790910337,0.0,False,nan,False,True,
replication030_payload_com_only,20137,full,pre_shift,1,-0.2,0.0,-0.2,-0.11171621891501958,0.02923834990175779,-0.16980932072152927,-0.20281859591697382,-0.0057749622960179565,-0.19068294565512509,1.1518566256278204,0.0,False,nan,False,True,
replication030_payload_com_only,20138,full,pre_shift,1,-0.2,0.0,-0.2,-0.1288794766713411,0.005285900632208779,-0.21078335965976527,-0.20712274801571418,-0.0011476979255513509,-0.1858940846802045,0.7607724021355541,0.0,False,nan,False,True,
replication030_payload_com_only,20139,full,pre_shift,1,-0.2,0.0,-0.2,-0.13617248595518724,0.014129528384025878,-0.1568534101055683,-0.20352058071106102,0.000806890994577231,-0.18058811981691927,0.5909218642388084,0.0,False,nan,False,True,
replication030_payload_com_only,20140,full,pre_shift,1,-0.2,0.0,-0.2,-0.17610321113963165,0.011654937964433561,-0.16893755595289514,-0.20856324937919649,0.003531480681028075,-0.1844822839830112,0.14569177060137015,0.0,False,nan,False,True,
replication030_payload_com_only,20141,full,pre_shift,1,-0.2,0.0,-0.2,-0.15232762144109138,0.008528637113148994,-0.18651731597530607,-0.2067514729241182,-0.001658870954803411,-0.18321792695536912,0.359761046431806,0.0,False,nan,False,True,
replication030_payload_com_only,20142,full,pre_shift,1,-0.2,0.0,-0.2,-0.1469742772122756,0.014523288232751563,-0.16997447767648266,-0.20767453734098423,-0.002644193987705969,-0.1811850804511228,0.4754475332634917,0.0,False,nan,False,True,
replication030_payload_com_only,20143,full,pre_shift,1,-0.2,0.0,-0.2,-0.14373583396905862,0.009359538187441906,-0.15586399769082726,-0.20387986888439188,0.0015624058489788902,-0.18048014110043586,0.4718346724295448,0.0,False,nan,False,True,
replication030_payload_com_only,20144,full,pre_shift,1,-0.2,0.0,-0.2,-0.14153277448995052,0.010421674822953966,-0.166703444357341,-0.20624655216985707,-0.005224340501433293,-0.18369572577084786,0.5405550484319473,0.0,False,nan,False,True,
replication030_payload_com_only,20145,full,pre_shift,1,-0.2,0.0,-0.2,-0.14639578714320886,0.015045925012928186,-0.17900661075109103,-0.2071026989915232,0.0008293161321511022,-0.17980264583027053,0.4552907328969282,0.0,False,nan,False,True,
replication030_payload_com_only,20146,full,pre_shift,1,-0.2,0.0,-0.2,-0.11580497705553275,0.02281752956726392,-0.2028271846322722,-0.20236561179227672,-0.005507826679589771,-0.1781407762832332,1.0112567817972251,0.0,False,nan,False,True,
replication030_payload_com_only,20147,full,pre_shift,1,-0.2,0.0,-0.2,-0.1572905197836039,0.00820532502246374,-0.19252587675653438,-0.20649324788163662,0.0023001480635695334,-0.18477543102451502,0.28996968702318604,0.0,False,nan,False,True,
replication030_payload_com_only,20148,full,pre_shift,1,-0.2,0.0,-0.2,-0.10190109081861486,0.023474626892668157,-0.17785628800693323,-0.19797657857936804,-0.002994182245618763,-0.18171287536035438,1.1702442560625892,0.0,False,nan,False,True,
replication030_payload_com_only,20149,full,pre_shift,1,-0.2,0.0,-0.2,-0.1840969561819803,-0.004913653529389803,-0.19625859398613152,-0.20600726450817033,-0.008427796577609621,-0.1859990145287513,0.06470395319260923,0.0,False,nan,False,True,
replication030_payload_com_only,20150,full,pre_shift,1,-0.2,0.0,-0.2,-0.1180675037053615,0.013747347755229842,-0.16119584861647893,-0.19884158787490355,-0.00027748572419352666,-0.18330408917094274,0.8233003663253392,0.0,False,nan,False,True,
replication030_payload_com_only,20151,full,pre_shift,1,-0.2,0.0,-0.2,-0.18353617037610476,0.01738932852854794,-0.21721236194906587,-0.20560011790289137,-0.0012124841623007516,-0.1853468197605317,0.16140116876623728,0.0,False,nan,False,True,
replication030_payload_com_only,20152,full,pre_shift,1,-0.2,0.0,-0.2,-0.15277417771841437,0.026266599320467852,-0.23527335207848477,-0.20881459039965297,0.0018236071074068335,-0.1855131036848654,0.5875275131415489,0.0,False,nan,False,True,
replication030_payload_com_only,20153,full,pre_shift,1,-0.2,0.0,-0.2,-0.128665973109211,0.020766073512342068,-0.2043528487652441,-0.20756898890663344,-0.0118004648157136,-0.18061168348619122,0.8914924404087716,0.0,False,nan,False,True,
replication030_payload_com_only,20154,full,pre_shift,1,-0.2,0.0,-0.2,-0.15509208247062242,0.015751790570292815,-0.1912878768615311,-0.20840317699388664,0.002063345780434472,-0.18430914442682864,0.35735393448905506,0.0,False,nan,False,True,
replication030_payload_com_only,20155,full,pre_shift,1,-0.2,0.0,-0.2,-0.1280628998642354,0.02306383204117858,-0.21677178448837228,-0.20509310101571016,-0.004190357581036802,-0.1847207772834567,0.8397025927299971,0.0,False,nan,False,True,
replication030_payload_com_only,20156,full,pre_shift,1,-0.2,0.0,-0.2,-0.20820185373316555,0.0021262709322464788,-0.20089510839158212,-0.20896212227467745,-0.0005073534446770686,-0.1846299854568953,0.017407887273479253,0.0,False,nan,False,True,
replication030_payload_com_only,20157,full,pre_shift,1,-0.2,0.0,-0.2,-0.1264042785428757,0.024460934152631335,-0.17293322927915264,-0.2056225494818139,-0.005911018600719173,-0.18062539098585093,0.8428410877787464,0.0,False,nan,False,True,
replication030_payload_com_only,20158,full,pre_shift,1,-0.2,0.0,-0.2,-0.09124539500633792,0.01978995496547193,-0.16688142981472234,-0.20311226691495235,-0.0031208410930179497,-0.18059817950661222,1.5607399853380048,0.06073998533800484,False,nan,False,True,
replication030_payload_com_only,20159,full,pre_shift,1,-0.2,0.0,-0.2,-0.10048554986793884,0.005480858078487326,-0.18945468214104602,-0.2006796970164519,-0.004996896855952352,-0.18431445717934355,1.1990836213087865,0.0,False,nan,False,True,
replication030_payload_com_only,20160,full,pre_shift,1,-0.2,0.0,-0.2,-0.19429432900288854,-0.006339966985496562,-0.17618574382695007,-0.20414959663510476,-0.0035604128567359515,-0.18464389549602125,0.016848972061922443,0.0,False,nan,False,True,
replication030_payload_com_only,20161,full,pre_shift,1,-0.2,0.0,-0.2,-0.12567406510584914,0.015207896335594901,-0.2303170445939747,-0.20538887987539972,-0.007564556248493038,-0.18528725257725684,0.9399096387343248,0.0,False,nan,False,True,
replication030_payload_com_only,20162,full,pre_shift,1,-0.2,0.0,-0.2,-0.17151300449208534,0.010809513624391968,-0.2347988793911373,-0.20942866786501,-0.008961784685811403,-0.1827684457176473,0.38178163745959215,0.0,False,nan,False,True,
replication030_payload_com_only,20163,full,pre_shift,1,-0.2,0.0,-0.2,-0.14344186911685933,0.009300392767190517,-0.1976630603280279,-0.19944230048844316,-0.0010039948712337423,-0.18373591595093255,0.3939213390947484,0.0,False,nan,False,True,
replication030_payload_com_only,20164,full,pre_shift,1,-0.2,0.0,-0.2,-0.11097107203460035,0.026056282977582956,-0.1740675181243364,-0.20303473500417737,-0.012294304377223206,-0.18380116351855255,1.1776927482974386,0.0,False,nan,False,True,
replication030_payload_com_only,20165,full,pre_shift,1,-0.2,0.0,-0.2,-0.102673311342526,0.01790150787998878,-0.19542259820572314,-0.20002493800828514,-0.010201143375137289,-0.18123640441136282,1.2311969572577817,0.0,False,nan,False,True,
replication030_payload_com_only,20166,full,pre_shift,1,-0.2,0.0,-0.2,-0.09447200623413107,0.030008879328738317,-0.20963123688495292,-0.2048696548392428,-0.0013844475577492858,-0.18670168715133129,1.5645025787682465,0.0645025787682465,False,nan,False,True,
replication030_payload_com_only,20167,full,pre_shift,1,-0.2,0.0,-0.2,-0.11796901718084393,0.02003628171979502,-0.21491201543442806,-0.198043315562328,-0.008999731230980102,-0.1893096934781622,0.9028408185996604,0.0,False,nan,False,True,
replication030_payload_com_only,20168,full,pre_shift,1,-0.2,0.0,-0.2,-0.1342971174008606,0.011367430215845598,-0.20963494728053567,-0.2049993802495997,0.003174842974978248,-0.1873616146295638,0.6210405030956124,0.0,False,nan,False,True,
replication030_payload_com_only,20169,full,pre_shift,1,-0.2,0.0,-0.2,-0.14466055550848606,0.013635127714299523,-0.20466457965137305,-0.2039988368068153,0.0007147694722905775,-0.1866282016780037,0.45218538909715883,0.0,False,nan,False,True,
replication030_payload_com_only,20170,full,pre_shift,1,-0.2,0.0,-0.2,-0.08752698192120556,0.013162568450697583,-0.19568004447264692,-0.20376811259930042,0.004466815122348961,-0.18454099891941317,1.580076972665143,0.08007697266514291,False,nan,False,True,
replication030_payload_com_only,20171,full,pre_shift,1,-0.2,0.0,-0.2,-0.13951487473132484,0.02393284326617004,-0.19256635909256517,-0.2086533613373932,-0.00412449624863333,-0.17829438355128183,0.6571989966933257,0.0,False,nan,False,True,
replication030_payload_com_only,20172,full,pre_shift,1,-0.2,0.0,-0.2,-0.1198278127516302,0.013977972835573631,-0.16661082468041596,-0.2053830104410817,-0.009603507957934607,-0.1774746214432734,0.9364268617027128,0.0,False,nan,False,True,
replication030_payload_com_only,20101,full,pre_shift,2,-0.2,0.0,0.2,-0.018197050249320616,0.00635145715026448,0.09368372880812596,-0.20325990514090914,-0.011697504550207518,0.19764244178715756,4.815222683303907,3.315222683303907,False,nan,False,True,
replication030_payload_com_only,20102,full,pre_shift,2,-0.2,0.0,0.2,-0.022850468113192263,0.007096659422747039,0.08599340022642467,-0.20692233781050795,-0.0008962399463841691,0.18770026331597534,4.708459254199532,3.208459254199532,False,nan,False,True,
replication030_payload_com_only,20103,full,pre_shift,2,-0.2,0.0,0.2,-0.042854272133966836,0.00881556045428916,0.10857824345865608,-0.20019029820888237,-0.006467158947424958,0.19563002822852477,3.4493002617003774,1.9493002617003774,False,nan,False,True,
replication030_payload_com_only,20104,full,pre_shift,2,-0.2,0.0,0.2,-0.019027932303874485,0.008664881570810386,0.09896145412716843,-0.20359915637498638,-0.0091757215249475,0.19686654001154102,4.722321228965492,3.222321228965492,False,nan,False,True,
replication030_payload_com_only,20105,full,pre_shift,2,-0.2,0.0,0.2,-0.0311636379332223,0.012066599743992693,0.11043336823087431,-0.2034642421562245,0.0018573125884211062,0.19509687924133265,3.964558363744039,2.464558363744039,False,nan,False,True,
replication030_payload_com_only,20106,full,pre_shift,2,-0.2,0.0,0.2,-0.020072051428302137,0.007054511350947198,0.09805562942777331,-0.2042509146111693,-0.006470693793026988,0.19739054273641482,4.70404218596882,3.20404218596882,False,nan,False,True,
replication030_payload_com_only,20107,full,pre_shift,2,-0.2,0.0,0.2,-0.01956691043268917,0.006460152377741835,0.08738093879107753,-0.20529918039603587,-0.006905139678692689,0.19945469345566685,4.9439726120100795,3.4439726120100795,False,nan,False,True,
replication030_payload_com_only,20108,full,pre_shift,2,-0.2,0.0,0.2,-0.03666367299160404,0.01082829432666367,0.0922110311728027,-0.20372164279201216,-0.010313485997149992,0.1842355173308451,3.9168399890347776,2.4168399890347776,False,nan,False,True,
replication030_payload_com_only,20109,full,pre_shift,2,-0.2,0.0,0.2,-0.04859550232068773,0.007752705131862289,0.10811895344505743,-0.19963438602114822,-0.0009638832484435516,0.19397258326341182,3.183198257091451,1.6831982570914512,False,nan,False,True,
replication030_payload_com_only,20110,full,pre_shift,2,-0.2,0.0,0.2,-0.03280856985990244,0.01224915292736441,0.08422395440984887,-0.20253212986107147,-0.005311884165123725,0.1975123995496662,4.22076216230801,2.7207621623080103,False,nan,False,True,
replication030_payload_com_only,20111,full,pre_shift,2,-0.2,0.0,0.2,-0.04865353891176487,0.004576079230229169,0.08146159835911682,-0.19802656614667696,-0.013443417881270561,0.1856413154394254,3.357385650217059,1.8573856502170591,False,nan,False,True,
replication030_payload_com_only,20112,full,pre_shift,2,-0.2,0.0,0.2,-0.03191421438438659,0.004738937690971835,0.06269574290768028,-0.20769326104791275,-0.010689676847569166,0.20767631701532935,5.018970304588847,3.518970304588847,False,nan,False,True,
replication030_payload_com_only,20113,full,pre_shift,2,-0.2,0.0,0.2,-0.03572539045143109,0.0077244760081990275,0.09381592277144737,-0.20221544506503955,-0.014622642537216075,0.1975901593839026,4.0317104809599185,2.5317104809599185,False,nan,False,True,
replication030_payload_com_only,20114,full,pre_shift,2,-0.2,0.0,0.2,-0.024690947315003462,0.007261308016389369,0.07117611228249766,-0.20245704793670613,-0.004356374617616835,0.20273525098339468,4.8731765412849795,3.3731765412849795,False,nan,False,True,
replication030_payload_com_only,20115,full,pre_shift,2,-0.2,0.0,0.2,-0.013013556705740574,0.010483535726978651,0.09273609799691654,-0.20878041163192013,-0.005627803511352303,0.19850899588616613,5.330773900847306,3.830773900847306,False,nan,False,True,
replication030_payload_com_only,20116,full,pre_shift,2,-0.2,0.0,0.2,-0.022988123676311804,0.00998070073911969,0.09821440573911117,-0.20439276683474883,-0.014109367419004233,0.19977494262887066,4.6524948596625775,3.1524948596625775,False,nan,False,True,
replication030_payload_com_only,20117,full,pre_shift,2,-0.2,0.0,0.2,-0.02769287375778251,0.010443731006471951,0.09766937281452007,-0.19587436521571044,-0.007630065156989556,0.1870957675626313,3.9138017956015556,2.4138017956015556,False,nan,False,True,
replication030_payload_com_only,20118,full,pre_shift,2,-0.2,0.0,0.2,-0.010735679491103437,0.010632569662608936,0.08902910585961847,-0.208990678897428,-0.003225823115888595,0.19607272313675655,5.4582560315694115,3.9582560315694115,False,nan,False,True,
replication030_payload_com_only,20119,full,pre_shift,2,-0.2,0.0,0.2,-0.03467911781235079,0.00708803487824287,0.06767544188941083,-0.2029133890703945,-0.007074055599501187,0.1866417934507575,4.277087101518219,2.7770871015182186,False,nan,False,True,
replication030_payload_com_only,20120,full,pre_shift,2,-0.2,0.0,0.2,-0.026993640855389,0.0051984852469581675,0.07327735123573886,-0.20302311198763276,-0.007427761360789965,0.20130400492928763,4.736896945407624,3.236896945407624,False,nan,False,True,
replication030_payload_com_only,20121,full,pre_shift,2,-0.2,0.0,0.2,-0.02521429066619223,0.012483413544770812,0.0926254993528484,-0.20550358886340364,-0.0037849345680454026,0.18195609646443153,4.427041472012664,2.9270414720126636,False,nan,False,True,
replication030_payload_com_only,20122,full,pre_shift,2,-0.2,0.0,0.2,-0.03402822167747951,0.005206844976062275,0.07191595035558603,-0.20159697286268544,-0.00570053542410759,0.2023765326673453,4.406111375870234,2.9061113758702337,False,nan,False,True,
replication030_payload_com_only,20123,full,pre_shift,2,-0.2,0.0,0.2,-0.05361737314954926,0.007885474751831054,0.10418240425244267,-0.19886424476545453,0.00037677677700780234,0.1956899932304644,3.038362713930581,1.538362713930581,False,nan,False,True,
replication030_payload_com_only,20124,full,pre_shift,2,-0.2,0.0,0.2,-0.016446804223892823,0.011888434126406895,0.0869164036288699,-0.20356550319292482,-0.00425573614061882,0.19641446376983646,4.9775062906802345,3.4775062906802345,False,nan,False,True,
replication030_payload_com_only,20125,full,pre_shift,2,-0.2,0.0,0.2,-0.00850812780103734,0.008628456011202046,0.08661275162161294,-0.20994292430382774,-0.007080329413317521,0.1942972373109876,5.6295969721730215,4.1295969721730215,False,nan,False,True,
replication030_payload_com_only,20126,full,pre_shift,2,-0.2,0.0,0.2,-0.013115677176001499,0.007253591150896985,0.08981742059776415,-0.2046296456952387,-0.0035945441952208424,0.19724881258676252,5.137733926530119,3.637733926530119,False,nan,False,True,
replication030_payload_com_only,20127,full,pre_shift,2,-0.2,0.0,0.2,-0.05739926590166038,0.010940043787493985,0.10620186369774137,-0.20341303327156657,-0.008218128655742446,0.18590257388569745,2.9778848330371397,1.4778848330371397,False,nan,False,True,
replication030_payload_com_only,20128,full,pre_shift,2,-0.2,0.0,0.2,-0.027740438157085403,0.0007623927202444504,0.05323108075389367,-0.20183121767797643,-0.0034782255295252437,0.19997100542205162,4.910968892141576,3.410968892141576,False,nan,False,True,
replication030_payload_com_only,20129,full,pre_shift,2,-0.2,0.0,0.2,-0.01714224085933813,0.004622277253838498,0.05442704885553287,-0.20751476512812167,-0.0022217448789072928,0.19943368334022515,5.662865913754705,4.162865913754705,False,nan,False,True,
replication030_payload_com_only,20130,full,pre_shift,2,-0.2,0.0,0.2,-0.036919418555784324,0.00792279975961125,0.08186136956123248,-0.20660306276139503,-0.008249491241002112,0.19314971446379325,4.237408081395856,2.7374080813958557,False,nan,False,True,
replication030_payload_com_only,20131,full,pre_shift,2,-0.2,0.0,0.2,-0.03298509407821765,0.010644337005620072,0.08961551310920504,-0.20039186881988724,-0.004055219577569838,0.18622303746277594,3.95798164691821,2.45798164691821,False,nan,False,True,
replication030_payload_com_only,20132,full,pre_shift,2,-0.2,0.0,0.2,-0.026045485835374634,0.01002488651794897,0.10082760555823479,-0.20313029240206126,-0.006867118804391726,0.18836901023736907,4.211062142867859,2.711062142867859,False,nan,False,True,
replication030_payload_com_only,20133,full,pre_shift,2,-0.2,0.0,0.2,-0.02051196546820477,0.011213630280608554,0.09279667602519177,-0.2055253000561037,-0.0084633149437353,0.19628316035346638,4.8244931119814,3.3244931119813996,False,nan,False,True,
replication030_payload_com_only,20134,full,pre_shift,2,-0.2,0.0,0.2,-0.01071544599039921,0.0055892506955827585,0.07970344103320044,-0.21006833498385313,0.00020292077506134417,0.19701067168066175,5.634269381970633,4.134269381970633,False,nan,False,True,
replication030_payload_com_only,20135,full,pre_shift,2,-0.2,0.0,0.2,-0.017155385237890564,0.007927622452280984,0.0876055724760049,-0.20515534925381215,-0.005073142457968875,0.19573464606657012,4.996609189181343,3.6854009873627245,False,nan,False,True,
replication030_payload_com_only,20136,full,pre_shift,2,-0.2,0.0,0.2,-0.016699537521930655,0.007025943794519333,0.07676189271442249,-0.20423126282224893,-0.0038797631005724202,0.19918393658938566,5.1660594161361395,3.6660594161361395,False,nan,False,True,
replication030_payload_com_only,20137,full,pre_shift,2,-0.2,0.0,0.2,-0.033666071819320166,0.010578727223574573,0.07640706090698553,-0.2021582347055048,-0.003882800997902047,0.20257677051680917,4.388800122713454,2.8888001227134543,False,nan,False,True,
replication030_payload_com_only,20138,full,pre_shift,2,-0.2,0.0,0.2,-0.03380278023747618,0.009653162908546389,0.11354842023776038,-0.20531684516986806,-0.0012697607308456865,0.19397118287286985,3.882087325069332,2.382087325069332,False,nan,False,True,
replication030_payload_com_only,20139,full,pre_shift,2,-0.2,0.0,0.2,-0.022361595941091765,0.006013501846859309,0.05577668719438094,-0.20360393200964608,-0.002352797392222357,0.2062215665246373,5.3478197570350545,3.8478197570350545,False,nan,False,True,
replication030_payload_com_only,20140,full,pre_shift,2,-0.2,0.0,0.2,-0.008817437902428376,0.004517528054663607,0.08979388832088325,-0.20941166074525336,0.0013011116490680129,0.19527447754879487,5.460682584608325,3.9606825846083247,False,nan,False,True,
replication030_payload_com_only,20141,full,pre_shift,2,-0.2,0.0,0.2,-0.016094609121267606,0.009751348131333331,0.0925013135591729,-0.2072927887396338,-0.00507218115948356,0.19489667920685913,5.064275103551712,3.5642751035517124,False,nan,False,True,
replication030_payload_com_only,20142,full,pre_shift,2,-0.2,0.0,0.2,-0.017139489926110783,0.006716245901377544,0.07077167212710445,-0.2080592282287085,-0.0032975021622160708,0.19826947159503588,5.396134077177155,3.8961340771771553,False,nan,False,True,
replication030_payload_com_only,20143,full,pre_shift,2,-0.2,0.0,0.2,-0.012649656129855247,0.006240442886971952,0.07626811892414276,-0.20313057496332645,-0.0014711157790388352,0.19991581967894334,5.306162515944469,3.806162515944469,False,nan,False,True,
replication030_payload_com_only,20144,full,pre_shift,2,-0.2,0.0,0.2,-0.02091284131145889,0.004513475431547719,0.07593194713934028,-0.20768816654144032,-0.008020944797615594,0.19590022647679733,5.091593456064958,3.591593456064958,False,nan,False,True,
replication030_payload_com_only,20145,full,pre_shift,2,-0.2,0.0,0.2,-0.005752966751282041,0.008392530685591903,0.08449274798331656,-0.20718316464098968,-0.0017717633418403767,0.19767940179912216,5.6852640428942465,4.1852640428942465,False,nan,False,True,
replication030_payload_com_only,20146,full,pre_shift,2,-0.2,0.0,0.2,-0.03465827831292932,0.007244384367118868,0.07968742215802335,-0.20079414817789784,-0.005609829518769131,0.18760670696518061,4.036337543424644,2.5363375434246436,False,nan,False,True,
replication030_payload_com_only,20147,full,pre_shift,2,-0.2,0.0,0.2,-0.01971939478030515,0.0077399431240740705,0.1137878483672473,-0.20877194635577837,0.0007183523997458179,0.1981556379665593,4.674216489020577,3.1742164890205773,False,nan,False,True,
replication030_payload_com_only,20148,full,pre_shift,2,-0.2,0.0,0.2,-0.034374360402881436,0.008155243549608372,0.10263476813340765,-0.198607436491176,8.314638372963407e-05,0.1802323613714701,3.5575493069094564,2.0575493069094564,False,nan,False,True,
replication030_payload_com_only,20149,full,pre_shift,2,-0.2,0.0,0.2,-0.03126303096820856,0.010318118989224488,0.0885569219874345,-0.20483996064532736,-0.010632819128052466,0.198526758947051,4.406283277357889,2.906283277357889,False,nan,False,True,
replication030_payload_com_only,20150,full,pre_shift,2,-0.2,0.0,0.2,-0.027576554456108175,0.005929724428153647,0.08129582455323398,-0.197736387551938,-0.0034275045708230954,0.1971103675069887,4.300495813648056,2.800495813648056,False,nan,False,True,
replication030_payload_com_only,20151,full,pre_shift,2,-0.2,0.0,0.2,-0.021409840269016555,0.00464748318710481,0.09059960937343882,-0.2060312185271692,-0.006290057485664695,0.20091006440340112,4.861790545203658,3.3617905452036583,False,nan,False,True,
replication030_payload_com_only,20152,full,pre_shift,2,-0.2,0.0,0.2,-0.01774508862998492,0.009800013841985726,0.10296725187895074,-0.20816784561604187,0.0013396011140001198,0.1925814160161481,4.806478369691562,3.306478369691562,False,nan,False,True,
replication030_payload_com_only,20153,full,pre_shift,2,-0.2,0.0,0.2,-0.03693450111011564,0.010938918698564802,0.0845996414654833,-0.2066258236548233,-0.009345633116528838,0.18693475771401374,4.13930806174098,2.63930806174098,False,nan,False,True,
replication030_payload_com_only,20154,full,pre_shift,2,-0.2,0.0,0.2,-0.010715721006157596,0.00650514433877621,0.0859690649082051,-0.2072028947820819,0.0005394769175987795,0.19205459044215042,5.278685805184121,3.7786858051841206,False,nan,False,True,
replication030_payload_com_only,20155,full,pre_shift,2,-0.2,0.0,0.2,-0.0193645845030757,0.00840400455366296,0.08583226146075174,-0.20360072796419038,-0.006361649960658389,0.19736988368436573,4.87482671245886,3.3748267124588596,False,nan,False,True,
replication030_payload_com_only,20156,full,pre_shift,2,-0.2,0.0,0.2,-0.014786238729268616,0.006323357719213472,0.07434436249622463,-0.20939945827793535,-0.0038243882961855554,0.19726167521810237,5.499179050403136,3.9991790504031357,False,nan,False,True,
replication030_payload_com_only,20157,full,pre_shift,2,-0.2,0.0,0.2,-0.027395921891914154,0.006840592743708907,0.06876183413302225,-0.20578630258305508,-0.005615396406118318,0.1858431958457017,4.677584443378792,3.177584443378792,False,nan,False,True,
replication030_payload_com_only,20158,full,pre_shift,2,-0.2,0.0,0.2,-0.03417706866880855,0.004637066451078868,0.07946585762149538,-0.2033213094209138,-0.006374506922881958,0.19935850140080486,4.31129563719461,2.872035622532615,False,nan,False,True,
replication030_payload_com_only,20159,full,pre_shift,2,-0.2,0.0,0.2,-0.05191818408233008,0.010068706737214968,0.10263560140442363,-0.20091277233126145,-0.0043731343703932194,0.17885657633900526,3.0349828644743426,1.5349828644743426,False,nan,False,True,
replication030_payload_com_only,20160,full,pre_shift,2,-0.2,0.0,0.2,-0.030112711560260713,0.003074839250099296,0.0699804959039459,-0.20218107172805444,-0.008279328023883228,0.20192493379697227,4.635655504167984,3.1356555041679837,False,nan,False,True,
replication030_payload_com_only,20161,full,pre_shift,2,-0.2,0.0,0.2,-0.029758910620950648,0.013635247647800953,0.09366550437488853,-0.20371354903531888,-0.006469195174326796,0.18494788573320614,4.193000544860754,2.6930005448607544,False,nan,False,True,
replication030_payload_com_only,20162,full,pre_shift,2,-0.2,0.0,0.2,-0.030800869545312366,0.006862404820772777,0.0902738405414507,-0.2097754224793214,-0.009279483717728762,0.18403729183367287,4.415581739174871,2.915581739174871,False,nan,False,True,
replication030_payload_com_only,20163,full,pre_shift,2,-0.2,0.0,0.2,-0.02281165275469719,0.006993926537083572,0.0983190298049094,-0.1985484925460765,-0.004662868950239824,0.194114412896375,4.289377767278533,2.789377767278533,False,nan,False,True,
replication030_payload_com_only,20164,full,pre_shift,2,-0.2,0.0,0.2,-0.04065394568792918,0.004033739514027082,0.0749107917722581,-0.20039594565700647,-0.012586294350005758,0.20029299381569904,4.034027458754525,2.534027458754525,False,nan,False,True,
replication030_payload_com_only,20165,full,pre_shift,2,-0.2,0.0,0.2,-0.03341290102278657,0.007977820004884657,0.09694851386553699,-0.20132333543942624,-0.008687013045100306,0.18342668238636142,3.873159263220377,2.373159263220377,False,nan,False,True,
replication030_payload_com_only,20166,full,pre_shift,2,-0.2,0.0,0.2,-0.01334007652015648,0.009982303354962857,0.08837554621265184,-0.20563300321465622,-0.0056709576879400555,0.19765321714351275,5.220285546380384,3.784788125148631,False,nan,False,True,
replication030_payload_com_only,20167,full,pre_shift,2,-0.2,0.0,0.2,-0.035613280678670964,0.0107986995806998,0.09410034355008517,-0.19680228630251373,-0.006152329591246032,0.18345165241367611,3.6347251245427548,2.1347251245427548,False,nan,False,True,
replication030_payload_com_only,20168,full,pre_shift,2,-0.2,0.0,0.2,-0.03283561915975656,0.010289376545791328,0.10580121121390092,-0.2032902236532333,0.0027493074134232144,0.19444032636511008,3.918447905634348,2.418447905634348,False,nan,False,True,
replication030_payload_com_only,20169,full,pre_shift,2,-0.2,0.0,0.2,-0.018283488712963283,0.008125276023529342,0.09785522800292133,-0.20215292876700106,0.0010307053286086314,0.19466082824486577,4.581496733480093,3.081496733480093,False,nan,False,True,
replication030_payload_com_only,20170,full,pre_shift,2,-0.2,0.0,0.2,-0.028481415918588625,0.008158915007446737,0.10966880187023886,-0.20258281364844194,0.004428448292784362,0.19563713458432797,4.039107143106684,2.6191841157718274,False,nan,False,True,
replication030_payload_com_only,20171,full,pre_shift,2,-0.2,0.0,0.2,-0.022209538885373876,0.008579979099762585,0.07605689242825184,-0.20933615837123246,-0.004012993040251088,0.18922071761086526,5.009046691739158,3.509046691739158,False,nan,False,True,
replication030_payload_com_only,20172,full,pre_shift,2,-0.2,0.0,0.2,-0.033980120961108966,0.007442257504729329,0.08231396866143262,-0.2058779625658495,-0.008076982151760871,0.1876902676572749,4.241422603692021,2.741422603692021,False,nan,False,True,
replication030_payload_com_only,20101,full,pre_shift,3,0.12,-0.1,-0.15,0.11405526786132487,-0.08162066084879589,-0.09832665216802373,0.11789185681672382,-0.10299727225224024,-0.13055491561492763,0.11944959218189187,1.934672275485799,False,nan,False,True,
replication030_payload_com_only,20102,full,pre_shift,3,0.12,-0.1,-0.15,0.11157353940786033,-0.08379011494214121,-0.093587950311546,0.12257792087519886,-0.10358929383519666,-0.13139579310427674,0.1479839818202938,1.8564432360198257,False,nan,False,True,
replication030_payload_com_only,20103,full,pre_shift,3,0.12,-0.1,-0.15,0.12391859769015258,-0.08272946421221733,-0.1163177076136145,0.11981022806756246,-0.10318238346734054,-0.13908960361855183,0.08317659897357477,0.5324768606739521,False,nan,False,True,
replication030_payload_com_only,20104,full,pre_shift,3,0.12,-0.1,-0.15,0.10550444114990831,-0.07635266498280452,-0.11508563383309434,0.11683452553110704,-0.10388972283836363,-0.1317629332680768,0.12086446156081852,1.8431856905263104,False,nan,False,True,
replication030_payload_com_only,20105,full,pre_shift,3,0.12,-0.1,-0.15,0.11089937943862929,-0.08708841912350315,-0.12366147470467839,0.12164903921390025,-0.09833032942120046,-0.13139894113925832,0.03203322425663308,0.9965915880006722,False,nan,False,True,
replication030_payload_com_only,20106,full,pre_shift,3,0.12,-0.1,-0.15,0.10960788493492576,-0.08148957424605198,-0.1065882482392323,0.12077432395560621,-0.09819661019336287,-0.12987293702354974,0.0806894965284294,1.7847316824972497,False,nan,False,True,
replication030_payload_com_only,20107,full,pre_shift,3,0.12,-0.1,-0.15,0.0842228477520967,-0.048991612828955866,-0.13033243758373203,0.11704622582094054,-0.10198008338998478,-0.1342148473614011,0.4491689923824402,2.39314160439252,False,nan,False,True,
replication030_payload_com_only,20108,full,pre_shift,3,0.12,-0.1,-0.15,0.11623361053774572,-0.1007226434495249,-0.09613179051990033,0.12008848773721553,-0.10973655218689796,-0.13556449059197237,0.10682780588597124,1.0236677949207489,False,nan,False,True,
replication030_payload_com_only,20109,full,pre_shift,3,0.12,-0.1,-0.15,0.12277711782500922,-0.08211035565947893,-0.11525135713567278,0.11884833211779001,-0.09845720843255172,-0.13638878240926736,0.06084993915581477,0.24404819624726604,False,nan,False,True,
replication030_payload_com_only,20110,full,pre_shift,3,0.12,-0.1,-0.15,0.13324875474526798,-0.1409778270672212,-0.09892002266281207,0.12379021426599014,-0.11380554949975953,-0.13552731814107946,0.1792531584023542,1.4000153207103645,False,nan,False,True,
replication030_payload_com_only,20111,full,pre_shift,3,0.12,-0.1,-0.15,0.12473628604517902,-0.11481102284939304,-0.06652352032168787,0.12412258099404234,-0.10752886479744618,-0.13209890807613622,0.2711656876963617,0.6285513379134209,False,nan,False,True,
replication030_payload_com_only,20112,full,pre_shift,3,0.12,-0.1,-0.15,0.11725851246986702,-0.10175532714272294,-0.08647003493441982,0.11759014840782166,-0.10701609741644987,-0.13288103228414153,0.13583763554427797,2.154807940133125,False,nan,False,True,
replication030_payload_com_only,20113,full,pre_shift,3,0.12,-0.1,-0.15,0.11754837040573397,-0.09693468587872899,-0.08747547303246002,0.12164063599169342,-0.10992582157245324,-0.13395267228513663,0.1545458734942158,1.1862563544541342,False,nan,False,True,
replication030_payload_com_only,20114,full,pre_shift,3,0.12,-0.1,-0.15,0.11202917087011771,-0.10682344670682987,-0.06798257448526954,0.11823437322145292,-0.10577703538803376,-0.1295570435662056,0.23892161783132623,2.1120981591163055,False,nan,False,True,
replication030_payload_com_only,20115,full,pre_shift,3,0.12,-0.1,-0.15,0.10290242234373947,-0.08061584808087807,-0.12731252357645295,0.1182789881229954,-0.10209567943982602,-0.13661059218909796,0.08678802908636267,2.417561929933669,False,nan,False,True,
replication030_payload_com_only,20116,full,pre_shift,3,0.12,-0.1,-0.15,0.1170973457355365,-0.08094041792781052,-0.09981387792213048,0.12336315848102773,-0.10539469003271512,-0.12920021329993403,0.1274603513410523,1.7799552110036299,False,nan,False,True,
replication030_payload_com_only,20117,full,pre_shift,3,0.12,-0.1,-0.15,0.13055317473494438,-0.08844581745752798,-0.07893934758494653,0.12310235244771735,-0.10854375895582886,-0.12731917026272266,0.19715984507145212,1.1109616406730076,False,nan,False,True,
replication030_payload_com_only,20118,full,pre_shift,3,0.12,-0.1,-0.15,0.10977722445506177,-0.083574680745512,-0.11608382800284334,0.11908633220139583,-0.10044926938116647,-0.13514764397852314,0.06572761594042133,2.5239836475098327,False,nan,False,True,
replication030_payload_com_only,20119,full,pre_shift,3,0.12,-0.1,-0.15,0.12934392209559217,-0.09379877203946745,-0.06637589555067344,0.12297161834347799,-0.10684977316778099,-0.13218841595063383,0.2911427026352113,1.56822980415343,False,nan,False,True,
replication030_payload_com_only,20120,full,pre_shift,3,0.12,-0.1,-0.15,0.11948745141675847,-0.07846151419398725,-0.08634865409230838,0.11950511595370356,-0.10161406150413102,-0.1298859124128855,0.18010501495888517,1.9170019603665092,False,nan,False,True,
replication030_payload_com_only,20121,full,pre_shift,3,0.12,-0.1,-0.15,0.11591623599128428,-0.10264167925522537,-0.09913303351469088,0.11945156183891428,-0.10683852771651216,-0.13620277310204315,0.08814647351178191,1.5151879455244455,False,nan,False,True,
replication030_payload_com_only,20122,full,pre_shift,3,0.12,-0.1,-0.15,0.12411209766658908,-0.08658199080839872,-0.05561258021216158,0.1238908894560121,-0.102571760718853,-0.12925006928479416,0.3633123845767554,1.7694237604469891,False,nan,False,True,
replication030_payload_com_only,20123,full,pre_shift,3,0.12,-0.1,-0.15,0.12140505467369984,-0.0871864553416769,-0.11904804839325317,0.11945330003445497,-0.09734093774942354,-0.13415631878945874,0.02660025475264575,0.06496296868322693,False,nan,False,True,
replication030_payload_com_only,20124,full,pre_shift,3,0.12,-0.1,-0.15,0.07741490866071263,-0.045047530858860985,-0.12792434041578918,0.10769833963410051,-0.10331962079943917,-0.12744968724353956,0.49702804084163166,2.474534331521866,False,nan,False,True,
replication030_payload_com_only,20125,full,pre_shift,3,0.12,-0.1,-0.15,0.08686349486219411,-0.054453566710087345,-0.12345207261335353,0.11493792122433698,-0.10558449213711864,-0.13105008919872882,0.4026115904110033,3.0322085625840245,False,nan,False,True,
replication030_payload_com_only,20126,full,pre_shift,3,0.12,-0.1,-0.15,0.08229309769963199,-0.051692038435924265,-0.13472840786479562,0.11834565550534708,-0.09810537563543377,-0.13889349132548634,0.40280005504964,2.540533981579759,False,nan,False,True,
replication030_payload_com_only,20127,full,pre_shift,3,0.12,-0.1,-0.15,0.13437046862371832,-0.07754004945558428,-0.1049929447394388,0.12004163480891113,-0.1044278815717316,-0.1357083760555819,0.16764466139193404,0.1455294944290737,False,nan,False,True,
replication030_payload_com_only,20128,full,pre_shift,3,0.12,-0.1,-0.15,0.09919832428433709,-0.07324342308725329,-0.10523972075940845,0.11727032489032309,-0.10164219685020837,-0.1307335119243317,0.17283689881343636,2.0838057909550125,False,nan,False,True,
replication030_payload_com_only,20129,full,pre_shift,3,0.12,-0.1,-0.15,0.09195113892129357,-0.060445400732807034,-0.10560785040449458,0.119044050350358,-0.0976437180106897,-0.12930576862897727,0.2824428617730395,2.945308775527744,False,nan,False,True,
replication030_payload_com_only,20130,full,pre_shift,3,0.12,-0.1,-0.15,0.11964235768848681,-0.11439337473382856,-0.10921368292617245,0.11960612091364883,-0.1080565822548683,-0.13519591478557114,0.04639652750268116,1.2838046088985369,False,nan,False,True,
replication030_payload_com_only,20131,full,pre_shift,3,0.12,-0.1,-0.15,0.1221888065205425,-0.11576364417076936,-0.09816604527063143,0.12027755369666664,-0.10925329679419866,-0.13515094991609874,0.08982645147849362,1.0478080983967035,False,nan,False,True,
replication030_payload_com_only,20132,full,pre_shift,3,0.12,-0.1,-0.15,0.11209361255300239,-0.09112969398201895,-0.09823437884660301,0.1189162903685063,-0.10563637322520021,-0.1353245213675631,0.11459127308414413,1.325653415952003,False,nan,False,True,
replication030_payload_com_only,20133,full,pre_shift,3,0.12,-0.1,-0.15,0.09538661857767136,-0.06528950456756084,-0.14159044073193974,0.1152634227441424,-0.1020709286869095,-0.13649537417047966,0.20503924669461104,2.029532358676011,False,nan,False,True,
replication030_payload_com_only,20134,full,pre_shift,3,0.12,-0.1,-0.15,0.1111334578985584,-0.07971838441816217,-0.10035623879101238,0.12186060572229772,-0.09787773000378214,-0.13154492899564382,0.11215174484595519,2.746421126816588,False,nan,False,True,
replication030_payload_com_only,20135,full,pre_shift,3,0.12,-0.1,-0.15,0.07568545393493174,-0.04954594719396311,-0.1283989053398186,0.11381520714040902,-0.10584931834440599,-0.13561542736921853,0.545585196865383,2.7309861842281076,False,nan,False,True,
replication030_payload_com_only,20136,full,pre_shift,3,0.12,-0.1,-0.15,0.11299068223485967,-0.09155200830359325,-0.0879003467431048,0.11886707731259129,-0.1035495245761455,-0.12978354923931432,0.12919690676658774,2.295256322902727,False,nan,False,True,
replication030_payload_com_only,20137,full,pre_shift,3,0.12,-0.1,-0.15,0.13771871935433175,-0.12017482923389664,-0.06573281839907737,0.12535616766677216,-0.11260206996431706,-0.1348644482621489,0.31770738968119033,1.7065075123946447,False,nan,False,True,
replication030_payload_com_only,20138,full,pre_shift,3,0.12,-0.1,-0.15,0.1091741665643438,-0.0826607523863489,-0.11330272288635458,0.11734833209213669,-0.09848400779369323,-0.131721174237979,0.05806240725770633,0.9401497323270385,False,nan,False,True,
replication030_payload_com_only,20139,full,pre_shift,3,0.12,-0.1,-0.15,0.11571041715760245,-0.07394784627103121,-0.06360600904277744,0.12573882521806798,-0.09875387617180033,-0.12783420387812064,0.339272557211749,2.6870923142468035,False,nan,False,True,
replication030_payload_com_only,20140,full,pre_shift,3,0.12,-0.1,-0.15,0.09399725249392753,-0.06182339479180472,-0.10941787746512582,0.11803754668032543,-0.10103632305323472,-0.1317139882840349,0.27748190909077813,2.7381644936991028,False,nan,False,True,
replication030_payload_com_only,20141,full,pre_shift,3,0.12,-0.1,-0.15,0.11028514685486045,-0.08062446580571311,-0.09077326774810918,0.11809944649864755,-0.09843831157950342,-0.13291505072266346,0.15367718759915064,2.217952291150863,False,nan,False,True,
replication030_payload_com_only,20142,full,pre_shift,3,0.12,-0.1,-0.15,0.11105736092134728,-0.07413174186723628,-0.08718088953125687,0.11976227999772668,-0.10292084612983163,-0.1280671449331282,0.20874065594444133,2.604874733121597,False,nan,False,True,
replication030_payload_com_only,20143,full,pre_shift,3,0.12,-0.1,-0.15,0.11864869387348723,-0.08277995974855501,-0.07536547810803407,0.12438105693820162,-0.09927513756217007,-0.1302200670541375,0.22198667683619566,2.5281491927806647,False,nan,False,True,
replication030_payload_com_only,20144,full,pre_shift,3,0.12,-0.1,-0.15,0.1080088094381734,-0.07208151616986667,-0.07697881309282865,0.11758128010178186,-0.1035211242099145,-0.13004351957478824,0.30056076401083914,2.3921542200757973,False,nan,False,True,
replication030_payload_com_only,20145,full,pre_shift,3,0.12,-0.1,-0.15,0.10401250329386633,-0.07522721094760011,-0.12040872073074743,0.11780938961048969,-0.10223240689270897,-0.13221395941074973,0.11590710656286289,2.8011711494571094,False,nan,False,True,
replication030_payload_com_only,20146,full,pre_shift,3,0.12,-0.1,-0.15,0.11753626332889806,-0.09317679310221601,-0.0882512503990786,0.1185359408500147,-0.10423942481675741,-0.13333142190993294,0.13950828666043372,1.1758458300850774,False,nan,False,True,
replication030_payload_com_only,20147,full,pre_shift,3,0.12,-0.1,-0.15,0.11072421974255933,-0.08367888161722664,-0.14068300339510922,0.11578115499374587,-0.10034881845651032,-0.13160545698648526,0.040489904914546855,1.7147063939351241,False,nan,False,True,
replication030_payload_com_only,20148,full,pre_shift,3,0.12,-0.1,-0.15,0.12764629289396348,-0.09158750200800717,-0.07823291966694665,0.12392586839495713,-0.10432567624897472,-0.1319005096432715,0.19667262895952245,0.7542219358689788,False,nan,False,True,
replication030_payload_com_only,20149,full,pre_shift,3,0.12,-0.1,-0.15,0.11522468857567746,-0.09892288226818799,-0.09549405238230833,0.11496780869234202,-0.10685434223407136,-0.12883976439335493,0.075982726586366,1.4822660039442548,False,nan,False,True,
replication030_payload_com_only,20150,full,pre_shift,3,0.12,-0.1,-0.15,0.11846070760952289,-0.09225694979480761,-0.055277717726929576,0.12259727352141866,-0.10188299014444314,-0.13060519856107003,0.36199201775789636,1.6624878314059526,False,nan,False,True,
replication030_payload_com_only,20151,full,pre_shift,3,0.12,-0.1,-0.15,0.07006667714945172,-0.03706022924954077,-0.11224239647224704,0.11625223313896212,-0.0978757193365653,-0.13545568992484863,0.715952579746218,2.577743124949876,False,nan,False,True,
replication030_payload_com_only,20152,full,pre_shift,3,0.12,-0.1,-0.15,0.07309580724265732,-0.04550304071793452,-0.12357164439253994,0.11714090729526601,-0.10233413135912246,-0.1351439313649355,0.613812093673195,2.420290463364757,False,nan,False,True,
replication030_payload_com_only,20153,full,pre_shift,3,0.12,-0.1,-0.15,0.13372542365722143,-0.1192558105881714,-0.09393609601661321,0.12412350701298236,-0.11106335507137648,-0.1348722735446014,0.12162753774169162,1.2609355994826716,False,nan,False,True,
replication030_payload_com_only,20154,full,pre_shift,3,0.12,-0.1,-0.15,0.10921655062250006,-0.07480685322108968,-0.09037565648359039,0.12036938161847302,-0.10293148652255373,-0.12882645301818407,0.19816485994847552,2.476850665132596,False,nan,False,True,
replication030_payload_com_only,20155,full,pre_shift,3,0.12,-0.1,-0.15,0.08053704824383197,-0.057484273399598974,-0.12270117184631552,0.11541002700510081,-0.10909626575747161,-0.13384886173672353,0.46228313262179,2.33710984508065,False,nan,False,True,
replication030_payload_com_only,20156,full,pre_shift,3,0.12,-0.1,-0.15,0.09992891214697122,-0.08475736353288349,-0.11267967798099748,0.11802776441447291,-0.10289500843614147,-0.13407946559902448,0.1051090611817127,2.6042881115848484,False,nan,False,True,
replication030_payload_com_only,20157,full,pre_shift,3,0.12,-0.1,-0.15,0.1208329019347228,-0.10962405706909617,-0.05618348894443473,0.12114002746708251,-0.10730146298823647,-0.1316426662363675,0.3515116377463458,2.0290960811251377,False,nan,False,True,
replication030_payload_com_only,20158,full,pre_shift,3,0.12,-0.1,-0.15,0.13268639554437747,-0.07029142518781265,-0.06303203725186753,0.12521515719600626,-0.09866531532199987,-0.1279015093109796,0.3607491250354802,1.7327847475680953,False,nan,False,True,
replication030_payload_com_only,20159,full,pre_shift,3,0.12,-0.1,-0.15,0.1296917851855748,-0.07167988117720876,-0.10915937779823572,0.12149132475937416,-0.09705192417232264,-0.13635723470102207,0.12909140193965332,0.16407426641399603,False,nan,False,True,
replication030_payload_com_only,20160,full,pre_shift,3,0.12,-0.1,-0.15,0.10196555125969901,-0.0805483470552578,-0.0888538783829027,0.11838045450638324,-0.1015822544345679,-0.13051237196302662,0.19069496048345605,1.8263504646514397,False,nan,False,True,
replication030_payload_com_only,20161,full,pre_shift,3,0.12,-0.1,-0.15,0.1167868059364681,-0.09893805659014232,-0.10235108997572186,0.12251887153632986,-0.10506973607889576,-0.13835620229239498,0.08784959694459286,1.2808501418053473,False,nan,False,True,
replication030_payload_com_only,20162,full,pre_shift,3,0.12,-0.1,-0.15,0.09787498586940407,-0.06680364574102005,-0.1401688456244871,0.11602890571355734,-0.10545208297975787,-0.14110792581791679,0.21245852872151727,1.6280402678963883,False,nan,False,True,
replication030_payload_com_only,20163,full,pre_shift,3,0.12,-0.1,-0.15,0.1085353029691517,-0.07953962497124067,-0.11249249267338245,0.11861226314014958,-0.09866714694197819,-0.13318290946431974,0.08113395956368252,1.3705117268422158,False,nan,False,True,
replication030_payload_com_only,20164,full,pre_shift,3,0.12,-0.1,-0.15,0.1278005845095577,-0.09410202076518627,-0.07154412945557319,0.12061177845810031,-0.10775947054796384,-0.12963578067262146,0.23542305369700187,1.269450512451527,False,nan,False,True,
replication030_payload_com_only,20165,full,pre_shift,3,0.12,-0.1,-0.15,0.1189374540002541,-0.08354545309704997,-0.10839842319507674,0.11963562535379273,-0.10396463037067269,-0.13751852251889532,0.1014829846944494,0.9746422479148262,False,nan,False,True,
replication030_payload_com_only,20166,full,pre_shift,3,0.12,-0.1,-0.15,0.07402615385079615,-0.042227869653659114,-0.11946026308867283,0.11549624092224109,-0.10316102725009796,-0.13354682697336054,0.643814017787875,2.928602142936506,False,nan,False,True,
replication030_payload_com_only,20167,full,pre_shift,3,0.12,-0.1,-0.15,0.12201366635067992,-0.11192151011556464,-0.09240359043792223,0.12635229138661963,-0.10879165360540126,-0.145829807658024,0.1789278371217107,0.8136529616644654,False,nan,False,True,
replication030_payload_com_only,20168,full,pre_shift,3,0.12,-0.1,-0.15,0.1045068422120982,-0.08635238956559146,-0.13281299885717357,0.1171234536627203,-0.10182462995833833,-0.13541596708807016,0.046917847535427354,0.9653657531697752,False,nan,False,True,
replication030_payload_com_only,20169,full,pre_shift,3,0.12,-0.1,-0.15,0.10726053406773849,-0.07799420280374039,-0.10635274481691136,0.11909414825163345,-0.1024054070317778,-0.13126369082880446,0.1242459869861509,1.705742720466244,False,nan,False,True,
replication030_payload_com_only,20170,full,pre_shift,3,0.12,-0.1,-0.15,0.11633325336342379,-0.08878477765653753,-0.14824061627591556,0.11806637188476594,-0.09749877157946658,-0.13178386832349923,0.026025930698800975,1.1452100464706283,False,nan,False,True,
replication030_payload_com_only,20171,full,pre_shift,3,0.12,-0.1,-0.15,0.11758855856853521,-0.10589602851301907,-0.09770650121123654,0.11950609900913153,-0.11028540523857731,-0.13487401678908323,0.08796029263705786,2.097006984376216,False,nan,False,True,
replication030_payload_com_only,20172,full,pre_shift,3,0.12,-0.1,-0.15,0.11948886255193501,-0.08076186707706207,-0.06590339062626481,0.12270131318266228,-0.10527485896487901,-0.13050823366429878,0.32845349712604044,1.5698761008180613,False,nan,False,True,
replication030_payload_com_only,20101,full,pre_shift,4,0.12,0.1,0.15,0.09197147643666528,0.09267453026565424,0.16629029135693207,0.11984308765315438,0.08988577653947512,0.14928205760404606,0.10937442998253977,0.5440467054683387,False,nan,False,True,
replication030_payload_com_only,20102,full,pre_shift,4,0.12,0.1,0.15,0.10936751648989645,0.08908140008276903,0.1589864481092419,0.11942546531014143,0.09655386304720565,0.1391927016600961,0.0424565513201838,0.3988997873400095,False,nan,False,True,
replication030_payload_com_only,20103,full,pre_shift,4,0.12,0.1,0.15,0.11337374997552323,0.11415463924654055,0.150132250637578,0.12163396546941205,0.09163418630095635,0.14565495667767184,0.06814405587702185,0.0,False,nan,False,True,
replication030_payload_com_only,20104,full,pre_shift,4,0.12,0.1,0.15,0.07063631482529663,0.07672314603666276,0.13589787567650052,0.1180090229112468,0.0980396885220081,0.15148198430914056,0.32056037173478497,0.6637460622610953,False,nan,False,True,
replication030_payload_com_only,20105,full,pre_shift,4,0.12,0.1,0.15,0.09615540970099937,0.09564677343805363,0.13841531818834835,0.11745896170553843,0.09771955775261848,0.14888383899851354,0.05989321701510039,0.0,False,nan,False,True,
replication030_payload_com_only,20106,full,pre_shift,4,0.12,0.1,0.15,0.08894259128758833,0.09320802838287247,0.1470568611701175,0.11702566926557291,0.09666216127084458,0.1495644245929762,0.09275587894515991,0.3774875614424096,False,nan,False,True,
replication030_payload_com_only,20107,full,pre_shift,4,0.12,0.1,0.15,0.02861346767857963,0.04656810153365093,0.07286414496974285,0.11011655469155002,0.09291309112958362,0.1517848104652993,1.3430682252332344,2.2362098296257544,False,nan,False,True,
replication030_payload_com_only,20108,full,pre_shift,4,0.12,0.1,0.15,0.08896409797392,0.06466944397974568,0.12074537208937752,0.12484629208708704,0.09007182596963122,0.13899749883998475,0.23844828385298109,0.0,False,nan,False,True,
replication030_payload_com_only,20109,full,pre_shift,4,0.12,0.1,0.15,0.13264179327491643,0.1205362165602607,0.15184930747555744,0.12192460972478364,0.10071115704284118,0.15007796610294044,0.058422007530869485,0.0,False,nan,False,True,
replication030_payload_com_only,20110,full,pre_shift,4,0.12,0.1,0.15,0.1201661559190944,0.087152623027708,0.1437143571181322,0.1248301467824899,0.08999319074171627,0.1499663634722678,0.005761166079196388,0.0,False,nan,False,True,
replication030_payload_com_only,20111,full,pre_shift,4,0.12,0.1,0.15,0.07928568758343,0.06739414402913306,0.14540937396388212,0.11781319681824173,0.09206476275670171,0.13937525856344896,0.24135132772424206,0.0,False,nan,False,True,
replication030_payload_com_only,20112,full,pre_shift,4,0.12,0.1,0.15,0.09444525653375788,0.06976924836577326,0.16362513269307574,0.12234585264441325,0.09377181813481583,0.15582959134523874,0.15857353309698952,0.8133814732301146,False,nan,False,True,
replication030_payload_com_only,20113,full,pre_shift,4,0.12,0.1,0.15,0.128529821141488,0.09629931414185273,0.151609262131336,0.12472224737930854,0.09185700998718394,0.14904543804945083,0.004347231373698812,0.0,False,nan,False,True,
replication030_payload_com_only,20114,full,pre_shift,4,0.12,0.1,0.15,0.06030889947345789,0.056965030742584896,0.14078956615559596,0.11555578368639892,0.09559786340515662,0.15688994785576782,0.5230247492559208,1.1351229083722263,False,nan,False,True,
replication030_payload_com_only,20115,full,pre_shift,4,0.12,0.1,0.15,0.05662628091489726,0.06118128839277105,0.10688682342746023,0.11860379587292241,0.09750745656614349,0.14926105069007506,0.6776734913889232,1.595235421322592,False,nan,False,True,
replication030_payload_com_only,20116,full,pre_shift,4,0.12,0.1,0.15,0.05099629886908137,0.03442554054236324,0.10412561732292183,0.12078974637322237,0.08499964699959708,0.15184056481176708,0.9257910821815073,1.205746293185137,False,nan,False,True,
replication030_payload_com_only,20117,full,pre_shift,4,0.12,0.1,0.15,0.14429895661845657,0.10377060433586456,0.19126117858825514,0.12086044578254089,0.09056225194952974,0.1479766538635309,0.1940745638627529,0.0,False,nan,False,True,
replication030_payload_com_only,20118,full,pre_shift,4,0.12,0.1,0.15,0.033735026834758146,0.03152663681826023,0.07415923294002416,0.11666093337164737,0.09592828088463884,0.1506182177673756,1.5065659392308353,2.530549586740668,False,nan,False,True,
replication030_payload_com_only,20119,full,pre_shift,4,0.12,0.1,0.15,0.1078633817061669,0.07395721254122688,0.17929747982117705,0.1196887142412034,0.09263823468980663,0.13726223258996142,0.16558765725618857,0.23381746140961845,False,nan,False,True,
replication030_payload_com_only,20120,full,pre_shift,4,0.12,0.1,0.15,0.09458759422945096,0.09852575771888844,0.18241749226534087,0.11917809968071254,0.09641222095782076,0.15175318646441827,0.12937096857387362,0.5463729289403827,False,nan,False,True,
replication030_payload_com_only,20121,full,pre_shift,4,0.12,0.1,0.15,0.08120609960027507,0.06971078307205231,0.11438736749722556,0.11932434786179132,0.09780641852390788,0.13552721111185825,0.28127005062392557,0.2964579961483711,False,nan,False,True,
replication030_payload_com_only,20122,full,pre_shift,4,0.12,0.1,0.15,0.15185956688165334,0.12273839758296466,0.20155562407784722,0.1258254090378218,0.10149730474352123,0.153281035279563,0.2622085819556056,0.5316323424025948,False,nan,False,True,
replication030_payload_com_only,20123,full,pre_shift,4,0.12,0.1,0.15,0.1316400469666041,0.12784926311267963,0.13274110992981497,0.12144616674794106,0.10371068334964828,0.14629406243545567,0.09005647765211511,0.0,False,nan,False,True,
replication030_payload_com_only,20124,full,pre_shift,4,0.12,0.1,0.15,0.04879580464407379,0.05487835872211547,0.04961536458549516,0.11158022912909395,0.09338375489866847,0.15116697211794766,1.2061847890886215,2.1807191206104877,False,nan,False,True,
replication030_payload_com_only,20125,full,pre_shift,4,0.12,0.1,0.15,0.03180097914944982,0.027919260144775984,0.10148597567023375,0.11684057266843577,0.09827638528551712,0.15131877732718052,1.4527627185212362,2.9849712811052607,False,nan,False,True,
replication030_payload_com_only,20126,full,pre_shift,4,0.12,0.1,0.15,0.0373906371268366,0.04702803929918736,0.08450355909801266,0.11361101978961967,0.09347483206066284,0.14913718326793032,1.1255167417839007,2.16605072336366,False,nan,False,True,
replication030_payload_com_only,20127,full,pre_shift,4,0.12,0.1,0.15,0.15070815082619302,0.11468754485194141,0.134608748595388,0.12491878246309006,0.09588325307430666,0.13821528920712006,0.11622091990556947,0.0,False,nan,False,True,
replication030_payload_com_only,20128,full,pre_shift,4,0.12,0.1,0.15,0.01675283826311274,0.02072291081004453,0.08468097706396979,0.10935725968613276,0.0984688924496982,0.15025505278310375,1.8227526329901467,2.4065584239451594,False,nan,False,True,
replication030_payload_com_only,20129,full,pre_shift,4,0.12,0.1,0.15,0.09898076293335575,0.10826369091869716,0.23193205028225367,0.11356363192271754,0.09802918219778196,0.15486859921583834,0.40304378455254813,1.8483525600802921,False,nan,False,True,
replication030_payload_com_only,20130,full,pre_shift,4,0.12,0.1,0.15,0.09567430447499173,0.07455166132512622,0.13655087618383355,0.12311823611063667,0.09739518105442997,0.1456980632947702,0.15056878237873603,0.0,False,nan,False,True,
replication030_payload_com_only,20131,full,pre_shift,4,0.12,0.1,0.15,0.07462058762693025,0.06348586654975415,0.1121769020508711,0.11863493718999227,0.09567649194919584,0.13963558157886996,0.3802267628249592,0.0,False,nan,False,True,
replication030_payload_com_only,20132,full,pre_shift,4,0.12,0.1,0.15,0.06689071903502214,0.060185838838182563,0.09994998878745641,0.12345417520409771,0.09265045686215091,0.1421865224370251,0.5714364551757461,0.3970898711277492,False,nan,False,True,
replication030_payload_com_only,20133,full,pre_shift,4,0.12,0.1,0.15,0.03926213363463303,0.029661529582881086,0.07924568132410773,0.11709904200236297,0.09778062144395695,0.14939983240414986,1.4453880159303942,1.974920374606405,False,nan,False,True,
replication030_payload_com_only,20134,full,pre_shift,4,0.12,0.1,0.15,0.10397321395264136,0.11106421910741758,0.21350936413857008,0.11392479499972004,0.09752052694258947,0.15294491981757524,0.25926649846060534,1.5056876252771936,False,nan,False,True,
replication030_payload_com_only,20135,full,pre_shift,4,0.12,0.1,0.15,0.032401195302948826,0.038815775117406824,0.0586329355914711,0.10915407955328832,0.09450557719258114,0.14646440448886888,1.4514425260056554,2.682428710233763,False,nan,False,True,
replication030_payload_com_only,20136,full,pre_shift,4,0.12,0.1,0.15,0.033085106816979834,0.050660004956120434,0.07682578738163548,0.1081699507254324,0.0948168210525362,0.14868971843124412,1.1284847273685086,1.9237410502712355,False,nan,False,True,
replication030_payload_com_only,20137,full,pre_shift,4,0.12,0.1,0.15,0.14384382762719983,0.09356945869827114,0.19253302577290157,0.12489531490009553,0.09812435340431867,0.1548990320911565,0.1299407503986407,0.33644826279328544,False,nan,False,True,
replication030_payload_com_only,20138,full,pre_shift,4,0.12,0.1,0.15,0.11422379189493638,0.11132353253585801,0.17169123309852646,0.12185504214859132,0.10086222278649125,0.15183185947127809,0.04385404314937888,0.0,False,nan,False,True,
replication030_payload_com_only,20139,full,pre_shift,4,0.12,0.1,0.15,0.12018788740252005,0.09672394269356199,0.20318120609664386,0.1201356369285014,0.08987165182412134,0.15834933002636803,0.12856903726147959,1.3156613515082831,False,nan,False,True,
replication030_payload_com_only,20140,full,pre_shift,4,0.12,0.1,0.15,0.10860340201444876,0.1204524848100108,0.18861377209915609,0.1163131011825362,0.09740532360476706,0.15592035168319382,0.13476800578339737,1.3729324994825,False,nan,False,True,
replication030_payload_com_only,20141,full,pre_shift,4,0.12,0.1,0.15,0.07928460160357215,0.07592531150687978,0.14365451465832227,0.11976577206862653,0.09850848983258975,0.1479778027821612,0.24332960440715565,0.9612818955580185,False,nan,False,True,
replication030_payload_com_only,20142,full,pre_shift,4,0.12,0.1,0.15,0.027051362130989992,0.02298989214571,0.11320912542223305,0.11360615563428257,0.10025738596651104,0.1510274341360594,1.5375968389335017,2.642471572055099,False,nan,False,True,
replication030_payload_com_only,20143,full,pre_shift,4,0.12,0.1,0.15,0.13013762304743992,0.11657479571379982,0.2129709214341187,0.12042290829015613,0.09380038023016979,0.1511281887662882,0.3050800163519139,1.3332292091325786,False,nan,False,True,
replication030_payload_com_only,20144,full,pre_shift,4,0.12,0.1,0.15,0.12145862292229563,0.12200292107736102,0.20797682422821753,0.11853624184061146,0.09592783003748245,0.15315813626727823,0.2641681183182078,1.1563223383940051,False,nan,False,True,
replication030_payload_com_only,20145,full,pre_shift,4,0.12,0.1,0.15,0.05640586870432832,0.06945943428094649,0.152724568532249,0.11230943628395873,0.09855659909236915,0.1485202864913302,0.45561530104113807,1.7567864504982476,False,nan,False,True,
replication030_payload_com_only,20146,full,pre_shift,4,0.12,0.1,0.15,0.07644875695249949,0.07289876799977715,0.14078515783898204,0.11575173166359964,0.0973614930965357,0.1370577355561119,0.24620214015583472,0.0,False,nan,False,True,
replication030_payload_com_only,20147,full,pre_shift,4,0.12,0.1,0.15,0.10036393188056475,0.12154569001396949,0.15214054344414316,0.11433409511738728,0.099985847025377,0.15482090495271675,0.0777769731026149,0.29248336703773914,False,nan,False,True,
replication030_payload_com_only,20148,full,pre_shift,4,0.12,0.1,0.15,0.1425761593708795,0.11388750539805265,0.1762464061293138,0.1207569252134802,0.09725266869412055,0.13579889489877134,0.18235125963409612,0.0,False,nan,False,True,
replication030_payload_com_only,20149,full,pre_shift,4,0.12,0.1,0.15,0.11117690258169685,0.09393657544025959,0.1503265959783283,0.12009756127598797,0.10046929813046494,0.1535315409575555,0.014660324992949841,0.0,False,nan,False,True,
replication030_payload_com_only,20150,full,pre_shift,4,0.12,0.1,0.15,0.07238355498606575,0.06659331608577822,0.14996984926492368,0.11592740373211788,0.08919844100607677,0.15006214777820032,0.2715037129231172,0.43399154432906983,False,nan,False,True,
replication030_payload_com_only,20151,full,pre_shift,4,0.12,0.1,0.15,0.026432884670714637,0.04189348472354106,0.0522511767470999,0.11096906832970709,0.09148433677460066,0.15159792687888013,1.6307863188304592,2.7085294437803356,False,nan,False,True,
replication030_payload_com_only,20152,full,pre_shift,4,0.12,0.1,0.15,0.04494348896564043,0.05399908419802743,0.11469728030697098,0.11320166003680407,0.09940442333663027,0.14746406018429356,0.8197990329084218,1.7400894962731788,False,nan,False,True,
replication030_payload_com_only,20153,full,pre_shift,4,0.12,0.1,0.15,0.107550577645187,0.07925664249599629,0.14213528032627773,0.12440502664695297,0.091582721422099,0.13738811747287624,0.05177423778347154,0.0,False,nan,False,True,
replication030_payload_com_only,20154,full,pre_shift,4,0.12,0.1,0.15,0.0908400840942544,0.08386225114771566,0.18831936059323068,0.1199018955705232,0.09912142680832502,0.1541947926003744,0.19691451281026762,1.1737651779428635,False,nan,False,True,
replication030_payload_com_only,20155,full,pre_shift,4,0.12,0.1,0.15,0.03457329356110882,0.049928105534397076,0.046674500630246044,0.10610991232125314,0.09743142390216036,0.14450376068077805,1.373295088569795,2.2104049336504445,False,nan,False,True,
replication030_payload_com_only,20156,full,pre_shift,4,0.12,0.1,0.15,0.027539389758586275,0.023675072968569813,0.09358867007626764,0.11205163547507475,0.09268599059745716,0.14959299140897278,1.4659476866708854,2.570235798255734,False,nan,False,True,
replication030_payload_com_only,20157,full,pre_shift,4,0.12,0.1,0.15,0.07150904712728731,0.06473614945258062,0.15047137296465019,0.11695987996518449,0.09506264908234986,0.1383289430171791,0.34930788842584043,0.8784039695509782,False,nan,False,True,
replication030_payload_com_only,20158,full,pre_shift,4,0.12,0.1,0.15,0.15375566490530443,0.11521673731672674,0.2014944000313462,0.12440056634164265,0.09709326907037327,0.15216416781277003,0.27612846373862526,0.5089132113067205,False,nan,False,True,
replication030_payload_com_only,20159,full,pre_shift,4,0.12,0.1,0.15,0.14094255850948229,0.11514268922885744,0.1444747357442706,0.12166824804111051,0.09039819327961923,0.13240298243079593,0.12115073615230183,0.0,False,nan,False,True,
replication030_payload_com_only,20160,full,pre_shift,4,0.12,0.1,0.15,0.03358379938362428,0.047773624089488514,0.08186812087139396,0.107506089207446,0.09258570535239104,0.15380842665523184,1.1171337043577316,1.4434841690091713,False,nan,False,True,
replication030_payload_com_only,20161,full,pre_shift,4,0.12,0.1,0.15,0.10301147576414592,0.08377955082313708,0.11752128240860976,0.12265958954429731,0.0957833985393469,0.13681702445872093,0.08273392928091344,0.0,False,nan,False,True,
replication030_payload_com_only,20162,full,pre_shift,4,0.12,0.1,0.15,0.06533449753886121,0.056286306481617636,0.08185667995885719,0.12002611656208086,0.09961149857477383,0.13513310878000698,0.7083794665563441,0.8364197344527324,False,nan,False,True,
replication030_payload_com_only,20163,full,pre_shift,4,0.12,0.1,0.15,0.08735314224849815,0.09531311748260175,0.14903464177364492,0.1160494661719193,0.09883496564724224,0.14866961210832844,0.09653164326707407,0.0,False,nan,False,True,
replication030_payload_com_only,20164,full,pre_shift,4,0.12,0.1,0.15,0.1065200928031477,0.07701251448184238,0.18146234058851896,0.11993466918254456,0.08932112135233902,0.15381626196181297,0.08555410891807576,0.0,False,nan,False,True,
replication030_payload_com_only,20165,full,pre_shift,4,0.12,0.1,0.15,0.12490108191126556,0.11449170214152722,0.16035788292138065,0.12012651490223387,0.09064876295073035,0.13307072517285523,0.11346717843466891,0.0,False,nan,False,True,
replication030_payload_com_only,20166,full,pre_shift,4,0.12,0.1,0.15,0.01713937820362218,0.033004605166323364,0.032219697533441526,0.11074911695183982,0.09386203210443637,0.1505040420390483,2.1822383622232864,3.6108405051597923,False,nan,False,True,
replication030_payload_com_only,20167,full,pre_shift,4,0.12,0.1,0.15,0.10880605675776275,0.0899107594413578,0.14506866301525,0.11955871399897537,0.09546820780378931,0.13390251369633266,0.024801194458502693,0.0,False,nan,False,True,
replication030_payload_com_only,20168,full,pre_shift,4,0.12,0.1,0.15,0.08436834987191291,0.09458701996194273,0.1270925149159051,0.11937876574004945,0.10107900388462737,0.1515361821874527,0.18132378596785784,0.0,False,nan,False,True,
replication030_payload_com_only,20169,full,pre_shift,4,0.12,0.1,0.15,0.06080497085608183,0.05143546937722679,0.11579612825824957,0.11984811283664494,0.09781872478256061,0.15345635252396214,0.7037258373850713,0.9094685578513154,False,nan,False,True,
replication030_payload_com_only,20170,full,pre_shift,4,0.12,0.1,0.15,0.09280263155518229,0.09776465416625857,0.13992560121415148,0.11780713336445793,0.09864131439067732,0.14978774262737818,0.07861739197692116,0.0,False,nan,False,True,
replication030_payload_com_only,20171,full,pre_shift,4,0.12,0.1,0.15,0.07715918959088551,0.06725987213933153,0.1316427320087992,0.11948852303127486,0.09845739358485597,0.13885665276120226,0.3177735412012956,0.9147805255775117,False,nan,False,True,
replication030_payload_com_only,20172,full,pre_shift,4,0.12,0.1,0.15,0.14199193116510736,0.09842033240708664,0.19486838793588085,0.12389363867316573,0.09641563011222894,0.13808809642310588,0.23506876607142946,0.30494486688949074,False,nan,False,True,
replication030_payload_com_only,20101,full,post_shift,1,-0.2,0.0,-0.2,-0.14160100214528124,0.0189693157866242,-0.1216435003994227,-0.20364105248147535,-0.00912851425097578,-0.18202517412234953,0.7716892004553451,0.0,False,0.33228312486560474,False,True,
replication030_payload_com_only,20102,full,post_shift,1,-0.2,0.0,-0.2,-0.09181892767444683,0.017079233575812043,-0.12576540087531887,-0.20520189547083648,-0.0015755553976718462,-0.1775055100887628,1.7403524996671196,0.6392522870071291,False,0.5012766690206396,False,True,
replication030_payload_com_only,20103,full,post_shift,1,-0.2,0.0,-0.2,-0.11372628201337358,0.011861087518154333,-0.1074869763641986,-0.20204535775309995,-0.006610199878200142,-0.18710077245857737,1.3641738890826387,0.0,False,0.47117023867348784,False,True,
replication030_payload_com_only,20104,full,post_shift,1,-0.2,0.0,-0.2,-0.11301854201075202,0.017320461397399116,-0.08551067393279482,-0.20337711605338374,-0.005785680447240099,-0.18339334550352715,1.6313706419118923,0.7951167041729876,False,0.6595186137122601,False,True,
replication030_payload_com_only,20105,full,post_shift,1,-0.2,0.0,-0.2,-0.08797378344700864,0.01997637668627997,-0.15681340786198036,-0.20503358063801608,0.0009712579227897334,-0.1849100623823354,1.7199184241377203,0.21991842413772034,False,0.3735460585348519,False,True,
replication030_payload_com_only,20106,full,post_shift,1,-0.2,0.0,-0.2,-0.1036508685643159,0.024987655025823004,-0.12601935812024828,-0.20355774477475716,-0.0029994660637297547,-0.18131270512027697,1.4749952306502536,0.3524827920926632,False,0.49205376857183886,False,True,
replication030_payload_com_only,20107,full,post_shift,1,-0.2,0.0,-0.2,-0.11882276419453124,0.023757625863661206,-0.15027832988439868,-0.20570643539408348,-0.0019666938079405147,-0.18748677098794453,1.0628585197471634,1.7990683493729178,False,0.7234859780727495,False,True,
replication030_payload_com_only,20108,full,post_shift,1,-0.2,0.0,-0.2,-0.1221928013453058,0.027246511825946246,-0.09614018026179269,-0.20545167557601585,-0.010910677228487695,-0.18506457761457892,1.4910747896226717,0.0,False,0.763541007822755,False,True,
replication030_payload_com_only,20109,full,post_shift,1,-0.2,0.0,-0.2,-0.059513256163204103,0.02184616056987428,-0.05754777963192259,-0.20126729134788104,0.00014349338183448457,-0.18591209211491513,3.418877859682247,1.918877859682247,False,0.8859425851158814,False,True,
replication030_payload_com_only,20110,full,post_shift,1,-0.2,0.0,-0.2,-0.11906254979215528,0.02350858130248504,-0.1376746194245798,-0.2045653706954589,-0.008237281767490686,-0.18901274074928798,1.1520338959817786,0.0,False,0.2986490385727194,False,True,
replication030_payload_com_only,20111,full,post_shift,1,-0.2,0.0,-0.2,-0.06354093780382856,0.019840815360962223,-0.07274201490946947,-0.19938707702200398,-0.014591404637120295,-0.1817789373160664,3.0837758054080733,1.5837758054080733,False,0.7446882523039979,False,True,
replication030_payload_com_only,20112,full,post_shift,1,-0.2,0.0,-0.2,-0.146317830458167,0.011066441677268293,-0.12651101902686504,-0.2091281634282645,-0.00608877048957311,-0.18123983601106874,0.6845764629946954,0.0,False,0.3597827216514863,False,True,
replication030_payload_com_only,20113,full,post_shift,1,-0.2,0.0,-0.2,-0.12426355894143776,0.029737563488290493,-0.11450917291806875,-0.20473887036211733,-0.012413990482265493,-0.18522483033455472,1.2937913000668368,0.0,False,0.5039352376180801,False,True,
replication030_payload_com_only,20114,full,post_shift,1,-0.2,0.0,-0.2,-0.12161613452663737,0.002390795071798188,-0.08860595893774004,-0.20328433237849428,-0.00025989193713714024,-0.18375815469054935,1.3462790996508447,0.981402008023071,False,0.5483301639260919,False,True,
replication030_payload_com_only,20115,full,post_shift,1,-0.2,0.0,-0.2,-0.08174719471251923,0.012179884844544856,-0.10901677763329498,-0.20842593033029858,-0.0015934350981772853,-0.18366294324304025,2.2842927352626465,2.3795281565852386,False,0.6384334070339136,False,True,
replication030_payload_com_only,20116,full,post_shift,1,-0.2,0.0,-0.2,-0.08604151728379064,0.011110306258135649,-0.1310617517778607,-0.20385621833797324,-0.009703306177935207,-0.18323190560056468,1.8770936583343474,1.5828399515194844,False,0.47642657753390044,False,True,
replication030_payload_com_only,20117,full,post_shift,1,-0.2,0.0,-0.2,-0.09220201016176804,0.019724364548927727,-0.09825737438077053,-0.19803807251842356,-0.00689832630728278,-0.18525055240785085,1.8929409098414929,0.3929409098414929,False,0.489868011878768,False,True,
replication030_payload_com_only,20118,full,post_shift,1,-0.2,0.0,-0.2,-0.11568061671401438,0.01797977849098389,-0.1323116466910224,-0.208511185637364,0.00017179747434216844,-0.1854353633740742,1.2369282520297766,2.2674778387704446,False,0.46352100244997113,False,True,
replication030_payload_com_only,20119,full,post_shift,1,-0.2,0.0,-0.2,-0.07204978131848161,0.020062320462457702,-0.08366481072557924,-0.20479830790641923,-0.008521381618755732,-0.17851259710703568,2.7580428823224046,1.491860343732023,False,0.5496263700651126,False,True,
replication030_payload_com_only,20120,full,post_shift,1,-0.2,0.0,-0.2,-0.12566551504150267,0.027501720353701006,-0.081057322098566,-0.20336878051037965,-0.005237663305881062,-0.17931735133673055,1.449696167539491,0.49606909647987374,False,0.5070029692308514,False,True,
replication030_payload_com_only,20121,full,post_shift,1,-0.2,0.0,-0.2,-0.11578719930351897,0.02158409082850816,-0.1553329184872473,-0.2062071916040172,-0.005407044416622236,-0.1833541713195455,1.1095788360726822,0.0,False,0.4088356919957407,False,True,
replication030_payload_com_only,20122,full,post_shift,1,-0.2,0.0,-0.2,-0.07891237932140371,0.005722238031891693,-0.10931652333985255,-0.2030978117855159,-0.00574186333254412,-0.18224190879601515,2.186654444576319,1.218286786978914,False,0.3682785042527796,False,True,
replication030_payload_com_only,20123,full,post_shift,1,-0.2,0.0,-0.2,-0.1344304951126244,0.019576156193233923,-0.1534236462850402,-0.2007093569219544,0.0013159039984586727,-0.18500953456890035,0.6246387543008088,0.0,False,0.32424526648430274,False,True,
replication030_payload_com_only,20124,full,post_shift,1,-0.2,0.0,-0.2,-0.10737605114034257,0.02005492556057533,-0.18272754856373372,-0.20365128787574802,-0.0031942725539927694,-0.18723578650715722,1.1697086542899062,1.850427774900394,False,0.23871868476393204,False,True,
replication030_payload_com_only,20125,full,post_shift,1,-0.2,0.0,-0.2,-0.12862574702485913,0.027187530871979636,-0.13001562019634622,-0.20949767206933975,-0.004155399682717456,-0.18316067417661727,1.0620618411099354,2.547033122215196,False,0.40734460077081447,False,True,
replication030_payload_com_only,20126,full,post_shift,1,-0.2,0.0,-0.2,-0.11496131338249846,0.023448728755933276,-0.1569722367105747,-0.20547501586950842,0.000269143747428071,-0.18473699428216245,1.0867955784711143,1.7528463018347742,False,0.6474973211485906,False,True,
replication030_payload_com_only,20127,full,post_shift,1,-0.2,0.0,-0.2,-0.05464080462860848,0.006663892332361121,-0.10634064338363995,-0.20327029980879777,-0.010606867078691124,-0.18483507407008598,3.0520729823170005,1.5520729823170005,False,0.6551388630262255,False,True,
replication030_payload_com_only,20128,full,post_shift,1,-0.2,0.0,-0.2,-0.06960884005404766,0.019453756911419377,-0.07036017409669226,-0.2062829742778434,-0.0037933092285642647,-0.18273347765009113,3.0334557612201554,3.9400141851653148,False,1.0255303572549976,False,True,
replication030_payload_com_only,20129,full,post_shift,1,-0.2,0.0,-0.2,-0.11242870035223146,0.01384393767646404,-0.12386244552940562,-0.2063189207534382,-0.0002788042142750096,-0.18030335551822568,1.271469111170979,1.6198216712512712,False,0.3901712126876001,False,True,
replication030_payload_com_only,20130,full,post_shift,1,-0.2,0.0,-0.2,-0.08193359815718733,0.01874130317388264,-0.136858991966092,-0.20737132812054987,-0.008240348206512023,-0.18161164269853217,2.087729329380291,0.587729329380291,False,0.6254398901256136,False,True,
replication030_payload_com_only,20131,full,post_shift,1,-0.2,0.0,-0.2,-0.10146975419119467,-0.00023476710647542376,-0.07987301952148969,-0.20188470422597857,-0.005399972172021844,-0.18302957043976645,1.8476639312574215,0.34766393125742145,False,0.8578528889455874,False,True,
replication030_payload_com_only,20132,full,post_shift,1,-0.2,0.0,-0.2,-0.13607546354940034,0.01668992973810218,-0.1451870765888872,-0.2031166858607501,-0.0073306696886712265,-0.18464047070154213,0.6981440490298901,0.0,False,0.2553155295208114,False,True,
replication030_payload_com_only,20133,full,post_shift,1,-0.2,0.0,-0.2,-0.09525162016697843,0.017311838113881636,-0.11869162279335677,-0.2058466412798531,-0.004423749246302277,-0.1876844231139065,1.810923170453836,2.2858435450602412,False,0.6600809122394953,False,True,
replication030_payload_com_only,20134,full,post_shift,1,-0.2,0.0,-0.2,-0.12912476817584637,0.02765368079481049,-0.13046430362279038,-0.20799890904748136,0.002045137416888385,-0.18170935172422112,0.9737254328744757,0.9794130581516692,False,0.3876310744878434,False,True,
replication030_payload_com_only,20135,full,post_shift,1,-0.2,0.0,-0.2,-0.11943598524442009,0.025029162684075595,-0.11580345312762672,-0.2041923423908764,-0.0014596846349955559,-0.18615852308086475,1.244507048495295,2.426935758729058,False,0.55514655775381,False,True,
replication030_payload_com_only,20136,full,post_shift,1,-0.2,0.0,-0.2,-0.10940783545168775,0.028872316498810908,-0.14799043993427502,-0.20573368307249792,-0.001242646136255988,-0.1834921448762091,1.2915919232130864,1.715332973484322,False,0.3911133064305854,False,True,
replication030_payload_com_only,20137,full,post_shift,1,-0.2,0.0,-0.2,-0.11194083646871872,0.020405630128754005,-0.1700596395960668,-0.20281859591697382,-0.0057749622960179565,-0.19068294565512509,1.0925596976429872,0.0,False,0.1104294106015133,False,True,
replication030_payload_com_only,20138,full,post_shift,1,-0.2,0.0,-0.2,-0.13031740793154858,0.02022379720135584,-0.1428351333694755,-0.20712274801571418,-0.0011476979255513509,-0.1858940846802045,0.8694454417071175,0.0,False,0.4212719375028532,False,True,
replication030_payload_com_only,20139,full,post_shift,1,-0.2,0.0,-0.2,-0.06297762174325447,0.0015086509544022992,-0.15064637604440784,-0.20352058071106102,0.000806890994577231,-0.18058811981691927,2.410765172314315,2.2264265238225978,False,0.5471918021147789,False,True,
replication030_payload_com_only,20140,full,post_shift,1,-0.2,0.0,-0.2,-0.12323573701090414,0.026597623616758957,-0.1302984237868689,-0.20856324937919649,0.003531480681028075,-0.1844822839830112,1.1080398356405452,0.9809723351230453,False,0.4728301081586568,False,True,
replication030_payload_com_only,20141,full,post_shift,1,-0.2,0.0,-0.2,-0.09135770963486879,0.009337442409091868,-0.13016078266711067,-0.2067514729241182,-0.001658870954803411,-0.18321792695536912,1.7774874204436266,1.238769316001645,False,0.5364591525514653,False,True,
replication030_payload_com_only,20142,full,post_shift,1,-0.2,0.0,-0.2,-0.11923128050107265,0.02287670194206501,-0.1172060544079116,-0.20767453734098423,-0.002644193987705969,-0.1811850804511228,1.2625664678870676,2.4050380399421663,False,0.3689358797683714,False,True,
replication030_payload_com_only,20143,full,post_shift,1,-0.2,0.0,-0.2,-0.11897833978966178,0.018289140975278395,-0.07385038356799821,-0.20387986888439188,0.0015624058489788902,-0.18048014110043586,1.5828555687422219,1.4160847778748005,False,0.5013291646783429,False,True,
replication030_payload_com_only,20144,full,post_shift,1,-0.2,0.0,-0.2,-0.10580628834389802,0.02054759909649343,-0.09709862657836489,-0.20624655216985707,-0.005224340501433293,-0.18369572577084786,1.7471162079788538,1.403438546372859,False,0.4802856675671387,False,True,
replication030_payload_com_only,20145,full,post_shift,1,-0.2,0.0,-0.2,-0.13019030034171974,-0.023539502060914007,-0.09658646766690838,-0.2071026989915232,0.0008293161321511022,-0.17980264583027053,1.1959679460929442,1.4527543965911918,False,0.6750498702063272,False,True,
replication030_payload_com_only,20146,full,post_shift,1,-0.2,0.0,-0.2,-0.11334536009135562,0.020903923209498715,-0.11376220497933605,-0.20236561179227672,-0.005507826679589771,-0.1781407762832332,1.2820944205271034,0.0,False,0.4956947196666825,False,True,
replication030_payload_com_only,20147,full,post_shift,1,-0.2,0.0,-0.2,-0.12919973344469762,0.01901858678413995,-0.13693891078157377,-0.20649324788163662,0.0023001480635695334,-0.18477543102451502,0.8795844841077938,0.0,False,0.3922973525850523,False,True,
replication030_payload_com_only,20148,full,post_shift,1,-0.2,0.0,-0.2,-0.10608349471660079,0.02904134378101528,-0.13375444858458513,-0.19797657857936804,-0.002994182245618763,-0.18171287536035438,1.268427244168272,0.0,False,0.25644572461691567,False,True,
replication030_payload_com_only,20149,full,post_shift,1,-0.2,0.0,-0.2,-0.11215964256791539,0.03540926000117703,-0.10863312296883501,-0.20600726450817033,-0.008427796577609621,-0.1859990145287513,1.648774497782365,0.14877449778236507,False,0.8689443893685972,False,True,
replication030_payload_com_only,20150,full,post_shift,1,-0.2,0.0,-0.2,-0.11325217437497372,0.023663406215181565,-0.10769614899389847,-0.19884158787490355,-0.00027748572419352666,-0.18330408917094274,1.296292327638643,0.23028387196771294,False,0.3238624267932181,False,True,
replication030_payload_com_only,20151,full,post_shift,1,-0.2,0.0,-0.2,-0.08574385340859046,0.002119912938203018,-0.11845055455377249,-0.20560011790289137,-0.0012124841623007516,-0.1853468197605317,1.993694768860261,3.202224212640597,False,0.908516360269557,False,True,
replication030_payload_com_only,20152,full,post_shift,1,-0.2,0.0,-0.2,-0.08757750269936962,0.00833724911838153,-0.11218969608814931,-0.20881459039965297,0.0018236071074068335,-0.1855131036848654,2.0866953346782795,2.3267848309514583,False,0.8571323563296775,False,True,
replication030_payload_com_only,20153,full,post_shift,1,-0.2,0.0,-0.2,-0.09827152776223019,0.009616244982853617,-0.13347958779466454,-0.20756898890663344,-0.0118004648157136,-0.18061168348619122,1.617729800442154,0.11772980044215409,False,0.4707335113667028,False,True,
replication030_payload_com_only,20154,full,post_shift,1,-0.2,0.0,-0.2,-0.09903134529425692,0.02653502819921152,-0.12557226222877887,-0.20840317699388664,0.002063345780434472,-0.18430914442682864,1.705185782060826,1.3789509600036896,False,0.5583941817657454,False,True,
replication030_payload_com_only,20155,full,post_shift,1,-0.2,0.0,-0.2,-0.10918208869977336,0.021181135422020967,-0.13384673854579296,-0.20509310101571016,-0.004190357581036802,-0.1847207772834567,1.3336208001566368,2.0440257338070813,False,0.4806052990349362,False,True,
replication030_payload_com_only,20156,full,post_shift,1,-0.2,0.0,-0.2,-0.08906400657340383,0.010095131671484374,-0.08960570048272654,-0.20896212227467745,-0.0005073534446770686,-0.1846299854568953,2.281932633549108,3.352168431804842,False,1.0565796109102636,False,True,
replication030_payload_com_only,20157,full,post_shift,1,-0.2,0.0,-0.2,-0.13657219018915545,0.018584505957986507,-0.16039686725848362,-0.2056225494818139,-0.005911018600719173,-0.18062539098585093,0.6587921915848872,0.037196161135865435,False,0.12458384849238112,False,True,
replication030_payload_com_only,20158,full,post_shift,1,-0.2,0.0,-0.2,-0.14500645914879465,0.023800072794939675,-0.15391990735152955,-0.20311226691495235,-0.0031208410930179497,-0.18059817950661222,0.5255934439266967,0.0,False,0.3939031847593614,False,True,
replication030_payload_com_only,20159,full,post_shift,1,-0.2,0.0,-0.2,-0.044036707263307336,0.022046022635879577,-0.04769463026675918,-0.2006796970164519,-0.004996896855952352,-0.18431445717934355,4.168822130274575,2.6688221302745747,False,0.9086776277699049,False,True,
replication030_payload_com_only,20160,full,post_shift,1,-0.2,0.0,-0.2,-0.05341881995612319,0.010564144691533805,-0.0897318128907547,-0.20414959663510476,-0.0035604128567359515,-0.18464389549602125,3.2890814377847,3.2325656067938713,False,1.1348490566705236,False,True,
replication030_payload_com_only,20161,full,post_shift,1,-0.2,0.0,-0.2,-0.09765436108718828,0.00672425735855546,-0.13478837928616297,-0.20538887987539972,-0.007564556248493038,-0.18528725257725684,1.5670387518953353,0.06703875189533526,False,0.577027008912052,False,True,
replication030_payload_com_only,20162,full,post_shift,1,-0.2,0.0,-0.2,-0.09598366501123762,0.02927720617372391,-0.08913097360006451,-0.20942866786501,-0.008961784685811403,-0.1827684457176473,2.2502253598387765,1.586645094291509,False,0.9996283299868155,False,True,
replication030_payload_com_only,20163,full,post_shift,1,-0.2,0.0,-0.2,-0.1273908889651554,0.021280907740496735,-0.1481274885839679,-0.19944230048844316,-0.0010039948712337423,-0.18373591595093255,0.7563496428236363,0.0,False,0.3336245059318379,False,True,
replication030_payload_com_only,20164,full,post_shift,1,-0.2,0.0,-0.2,-0.06099210632656228,0.019552559593353485,-0.05304440148821654,-0.20303473500417737,-0.012294304377223206,-0.18380116351855255,3.5901124259691417,2.0901124259691417,False,0.7655770678338065,False,True,
replication030_payload_com_only,20165,full,post_shift,1,-0.2,0.0,-0.2,-0.10508727807224895,0.026721396574452543,-0.09406811410429855,-0.20002493800828514,-0.010201143375137289,-0.18123640441136282,1.7068628490491005,0.20686284904910046,False,0.5740310760048745,False,True,
replication030_payload_com_only,20166,full,post_shift,1,-0.2,0.0,-0.2,-0.11461073851502918,0.02416478377888432,-0.14082680364058686,-0.2048696548392428,-0.0013844475577492858,-0.18670168715133129,1.1794265228154235,3.290267027975216,False,0.414899270562194,False,True,
replication030_payload_com_only,20167,full,post_shift,1,-0.2,0.0,-0.2,-0.07619679199680814,0.004213041675767499,-0.1520373508045635,-0.198043315562328,-0.008999731230980102,-0.1893096934781622,1.877625833910422,0.3776258339104219,False,0.5001605950589744,False,True,
replication030_payload_com_only,20168,full,post_shift,1,-0.2,0.0,-0.2,-0.11332807269465203,0.024183950390614807,-0.12473572139737092,-0.2049993802495997,0.003174842974978248,-0.1873616146295638,1.2920256207375382,0.0,False,0.5201588478305631,False,True,
replication030_payload_com_only,20169,full,post_shift,1,-0.2,0.0,-0.2,-0.07794982503403376,0.022938040888275942,-0.15862401610455354,-0.2039988368068153,0.0007147694722905775,-0.1866282016780037,1.994170576909809,1.4036391347611246,False,0.5531759448041451,False,True,
replication030_payload_com_only,20170,full,post_shift,1,-0.2,0.0,-0.2,-0.13076645357419855,0.02434836665369344,-0.15105956394675307,-0.20376811259930042,0.004466815122348961,-0.18454099891941317,0.7435689701900547,0.0,False,0.419989230219887,False,True,
replication030_payload_com_only,20171,full,post_shift,1,-0.2,0.0,-0.2,-0.1285669338709768,0.016880311283769774,-0.1532595263605084,-0.2086533613373932,-0.00412449624863333,-0.17829438355128183,0.8557285443790462,0.2705090699565579,False,0.24813865160508877,False,True,
replication030_payload_com_only,20172,full,post_shift,1,-0.2,0.0,-0.2,-0.05337461562782177,0.0190829139945535,-0.0669476853677468,-0.2053830104410817,-0.009603507957934607,-0.1774746214432734,3.605729533957534,2.4106744008470247,False,0.7320830231404601,False,True,
replication030_payload_com_only,20101,full,post_shift,2,-0.2,0.0,0.2,-0.07381434355153361,0.009066356012581748,0.11165169809543411,-0.20325990514090914,-0.011697504550207518,0.19764244178715756,2.5041847123062353,1.0041847123062353,False,0.4110190839147232,True,True,
replication030_payload_com_only,20102,full,post_shift,2,-0.2,0.0,0.2,-0.0707108418289338,0.021518947510063516,0.0944929602941389,-0.20692233781050795,-0.0008962399463841691,0.18770026331597534,2.81579154729296,1.9550438343000893,False,0.38935615148040076,True,True,
replication030_payload_com_only,20103,full,post_shift,2,-0.2,0.0,0.2,-0.10329662123703087,0.0007214876750835285,0.11166697408597023,-0.20019029820888237,-0.006467158947424958,0.19563002822852477,1.5555336746887856,0.05553367468878556,False,0.44375976562747615,True,True,
replication030_payload_com_only,20104,full,post_shift,2,-0.2,0.0,0.2,-0.1105348129811196,-0.0038491803244523706,0.13468658117945714,-0.20359915637498638,-0.0091757215249475,0.19686654001154102,1.2656318613456539,0.5607485655186415,False,0.7007712776427835,True,True,
replication030_payload_com_only,20105,full,post_shift,2,-0.2,0.0,0.2,-0.08313381748645289,0.015295904348621358,0.09307966177561176,-0.2034642421562245,0.0018573125884211062,0.19509687924133265,2.377564106402142,1.0974825305398626,False,0.38564909539724224,True,True,
replication030_payload_com_only,20106,full,post_shift,2,-0.2,0.0,0.2,-0.11520159170143884,0.009693996164770248,0.07052765652306656,-0.2042509146111693,-0.006470693793026988,0.19739054273641482,1.9968258163899646,0.8493086084826278,False,0.6972753550727719,True,True,
replication030_payload_com_only,20107,full,post_shift,2,-0.2,0.0,0.2,-0.07281931633275657,0.013813644692626642,0.10100675479254888,-0.20529918039603587,-0.006905139678692689,0.19945469345566685,2.76045407230664,3.059522421679558,False,0.39857747486830536,True,True,
replication030_payload_com_only,20108,full,post_shift,2,-0.2,0.0,0.2,-0.09423463241510181,0.004088213853718159,0.1156558572648339,-0.20372164279201216,-0.010313485997149992,0.1842355173308451,1.7332696896631532,0.2332696896631532,False,0.4395063910350239,True,True,
replication030_payload_com_only,20109,full,post_shift,2,-0.2,0.0,0.2,-0.08385374969268043,0.01368788716286593,0.11629695999586773,-0.19963438602114822,-0.0009638832484435516,0.19397258326341182,1.9763550372426169,2.3952328969248637,False,0.2664470464043992,False,True,
replication030_payload_com_only,20110,full,post_shift,2,-0.2,0.0,0.2,-0.11083487231878326,-0.01065127389808568,0.1112570175229466,-0.20253212986107147,-0.005311884165123725,0.1975123995496662,1.449704274833432,0.0,False,0.6442940327132438,False,True,
replication030_payload_com_only,20111,full,post_shift,2,-0.2,0.0,0.2,-0.11286685946233711,-5.934551410901011e-05,0.12304291733973495,-0.19802656614667696,-0.013443417881270561,0.1856413154394254,1.1172191604006914,1.2009949658087646,False,0.516814069023809,True,True,
replication030_payload_com_only,20112,full,post_shift,2,-0.2,0.0,0.2,-0.09455614681754852,0.009545568810520884,0.08618466036786772,-0.20769326104791275,-0.010689676847569166,0.20767631701532935,2.509075365258026,1.0090753652580262,False,0.46993969019626314,True,True,
replication030_payload_com_only,20113,full,post_shift,2,-0.2,0.0,0.2,-0.08377341067002737,0.011703386608643547,0.11104121815877266,-0.20221544506503955,-0.014622642537216075,0.1975901593839026,2.2179477901250935,0.7179477901250935,False,0.35974683827773724,True,True,
replication030_payload_com_only,20114,full,post_shift,2,-0.2,0.0,0.2,-0.1083664684154583,-0.00824106110892806,0.11580966489737482,-0.20245704793670613,-0.004356374617616835,0.20273525098339468,1.5258537792427285,1.0072557872657995,False,0.675470871344967,True,True,
replication030_payload_com_only,20115,full,post_shift,2,-0.2,0.0,0.2,-0.08127294378787554,0.019354721812610613,0.1144862825502236,-0.20878041163192013,-0.005627803511352303,0.19850899588616613,2.452873501082336,3.3324016576675746,False,0.5144114351072636,True,True,
replication030_payload_com_only,20116,full,post_shift,2,-0.2,0.0,0.2,-0.11459995159094814,-0.015173104643208554,0.12102715408842878,-0.20439276683474883,-0.014109367419004233,0.19977494262887066,1.3517728433399014,1.4346127948593859,False,0.7369696738985929,True,True,
replication030_payload_com_only,20117,full,post_shift,2,-0.2,0.0,0.2,-0.09325591216085953,0.011814987790374688,0.12124496389524995,-0.19587436521571044,-0.007630065156989556,0.1870957675626313,1.5556673581727958,0.44860826801428866,False,0.486580131198371,True,True,
replication030_payload_com_only,20118,full,post_shift,2,-0.2,0.0,0.2,-0.0711556454752421,0.0192057846781467,0.09967514655035349,-0.208990678897428,-0.003225823115888595,0.19607272313675655,2.9149582269730687,3.6824360657435133,False,0.4485935328820725,True,True,
replication030_payload_com_only,20119,full,post_shift,2,-0.2,0.0,0.2,-0.12089478289387434,-0.008331853952866286,0.13543220772036485,-0.2029133890703945,-0.007074055599501187,0.1866417934507575,0.9616663938482,0.953526737580223,False,0.7470547518107882,True,True,
replication030_payload_com_only,20120,full,post_shift,2,-0.2,0.0,0.2,-0.10342527276740762,-0.006999922221551712,0.13486450214358078,-0.20302311198763276,-0.007427761360789965,0.20130400492928763,1.4381985731245255,0.4342676696043992,False,0.6620937301911473,True,True,
replication030_payload_com_only,20121,full,post_shift,2,-0.2,0.0,0.2,-0.07377283560575912,0.014325206098602111,0.09140342772748371,-0.20550358886340364,-0.0037849345680454026,0.18195609646443153,2.6327260955812224,1.1327260955812224,False,0.34767627661662215,True,True,
replication030_payload_com_only,20122,full,post_shift,2,-0.2,0.0,0.2,-0.09195701079174427,0.00981496189418464,0.11718545423304298,-0.20159697286268544,-0.00570053542410759,0.2023765326673453,1.9029213691385929,1.621208156117507,False,0.4876271645317552,True,True,
replication030_payload_com_only,20123,full,post_shift,2,-0.2,0.0,0.2,-0.10544191594568017,-0.010925077456925754,0.10843961432964867,-0.19886424476545453,0.00037677677700780234,0.1956899932304644,1.5304706051045107,0.030470605104510717,False,0.43917666863112437,True,True,
replication030_payload_com_only,20124,full,post_shift,2,-0.2,0.0,0.2,-0.10967074659714436,-0.018167882943645377,0.08634716145920959,-0.20356550319292482,-0.00425573614061882,0.19641446376983646,1.8377363154121802,2.188164090312574,False,0.7645696211163354,False,True,
replication030_payload_com_only,20125,full,post_shift,2,-0.2,0.0,0.2,-0.06686828424258827,0.011436656065499413,0.10992412241740611,-0.20994292430382774,-0.007080329413317521,0.1942972373109876,2.925726747347913,3.972759869563109,False,0.4379214737968435,True,True,
replication030_payload_com_only,20126,full,post_shift,2,-0.2,0.0,0.2,-0.09622716873554192,0.0009848641427729358,0.07749170409009593,-0.2046296456952387,-0.0035945441952208424,0.19724881258676252,2.3014999589397016,2.5543462607744756,False,0.6027052581907594,True,True,
replication030_payload_com_only,20127,full,post_shift,2,-0.2,0.0,0.2,-0.10075796063106886,0.01018612937133935,0.10104056653135396,-0.20341303327156657,-0.008218128655742446,0.18590257388569745,1.7371755088293421,1.7892484911463427,False,0.31117224356889567,True,True,
replication030_payload_com_only,20128,full,post_shift,2,-0.2,0.0,0.2,-0.08838053325614759,0.008673551816461499,0.1202505339111245,-0.20183121767797643,-0.0034782255295252437,0.19997100542205162,1.9193728530425425,4.359387038207857,True,0.5796743076344519,True,True,
replication030_payload_com_only,20129,full,post_shift,2,-0.2,0.0,0.2,-0.09119479890695899,0.007757009230656457,0.09558834622875952,-0.20751476512812167,-0.0022217448789072928,0.19943368334022515,2.306584379391376,2.4264060506426475,False,0.5775914657457301,True,True,
replication030_payload_com_only,20130,full,post_shift,2,-0.2,0.0,0.2,-0.1090458468135406,-0.0047128112098003255,0.0849222673465897,-0.20660306276139503,-0.008249491241002112,0.19314971446379325,1.878697030160622,0.966426359540913,False,0.5391245756305244,True,True,
replication030_payload_com_only,20131,full,post_shift,2,-0.2,0.0,0.2,-0.11036792207389841,-0.0032924699866418213,0.12656461085142573,-0.20039186881988724,-0.004055219577569838,0.18622303746277594,1.180510772630767,0.028174703888188546,False,0.6148182449828803,True,True,
replication030_payload_com_only,20132,full,post_shift,2,-0.2,0.0,0.2,-0.09681561673742968,-0.014819063657382904,0.08097924663428657,-0.20313029240206126,-0.006867118804391726,0.18836901023736907,2.0695933353681144,0.5695933353681144,False,0.6034329196397004,False,True,
replication030_payload_com_only,20133,full,post_shift,2,-0.2,0.0,0.2,-0.10063770004880809,0.0208881602771992,0.10023438719197612,-0.2055253000561037,-0.0084633149437353,0.19628316035346638,1.9869072058641866,2.772750750924428,False,0.586421073059876,True,True,
replication030_payload_com_only,20134,full,post_shift,2,-0.2,0.0,0.2,-0.05953786339101227,0.018993609596812372,0.09447533684556017,-0.21006833498385313,0.00020292077506134417,0.19701067168066175,3.4118506927765053,2.8912637509281747,False,0.3955035329845749,True,True,
replication030_payload_com_only,20135,full,post_shift,2,-0.2,0.0,0.2,-0.06955444741987618,0.011448736966766643,0.09867434923385295,-0.20515534925381215,-0.005073142457968875,0.19573464606657012,2.8159766872286105,3.7429124459576686,False,0.3818421425560555,True,True,
replication030_payload_com_only,20136,full,post_shift,2,-0.2,0.0,0.2,-0.06852531451789796,0.011707782374938639,0.08963640837732563,-0.20423126282224893,-0.0038797631005724202,0.19918393658938566,2.960887139720597,3.176220113204919,False,0.38154562146777304,True,True,
replication030_payload_com_only,20137,full,post_shift,2,-0.2,0.0,0.2,-0.09821155898706935,0.0012229428837422984,0.09267522719406598,-0.2021582347055048,-0.003882800997902047,0.20257677051680917,2.041626456840477,0.5416264568404769,False,0.4841509270135068,False,True,
replication030_payload_com_only,20138,full,post_shift,2,-0.2,0.0,0.2,-0.10307295633191506,-0.006411568704961542,0.10535922617320419,-0.20531684516986806,-0.0012697607308456865,0.19397118287286985,1.7146187614351402,0.21461876143514025,False,0.5359181869663862,True,True,
replication030_payload_com_only,20139,full,post_shift,2,-0.2,0.0,0.2,-0.11318402080808174,-0.010885157254827789,0.09319187958361125,-0.20360393200964608,-0.002352797392222357,0.2062215665246373,1.7864944169608845,2.5129209407834825,False,0.71321726275005,True,True,
replication030_payload_com_only,20140,full,post_shift,2,-0.2,0.0,0.2,-0.07865421533814401,0.016673769302404388,0.09874121975813262,-0.20941166074525336,0.0013011116490680129,0.19527447754879487,2.623267022158887,2.1042393572819322,False,0.523828242899628,True,True,
replication030_payload_com_only,20141,full,post_shift,2,-0.2,0.0,0.2,-0.10167240325017088,0.013886738259978734,0.06815151750288011,-0.2072927887396338,-0.00507218115948356,0.19489667920685913,2.391359198676942,2.130128514678587,False,0.6281901257161083,True,True,
replication030_payload_com_only,20142,full,post_shift,2,-0.2,0.0,0.2,-0.09490322119282393,0.0077673864714559145,0.10245983685076619,-0.2080592282287085,-0.0032975021622160708,0.19826947159503588,2.112491725505327,3.017529765447493,False,0.5828336931189566,True,True,
replication030_payload_com_only,20143,full,post_shift,2,-0.2,0.0,0.2,-0.07386289806893999,0.0044819802258117365,0.1136270678166605,-0.20313057496332645,-0.0014711157790388352,0.19991581967894334,2.453342659131405,2.3694274370062054,False,0.4844962544016521,True,True,
replication030_payload_com_only,20144,full,post_shift,2,-0.2,0.0,0.2,-0.09871556957976242,0.0028501067833809164,0.12865626918922923,-0.20768816654144032,-0.008020944797615594,0.19590022647679733,1.69817966958875,1.601618215961609,False,0.6285461842572958,True,True,
replication030_payload_com_only,20145,full,post_shift,2,-0.2,0.0,0.2,-0.058286103417847464,0.019880989287891535,0.09267683654455997,-0.20718316464098968,-0.0017717633418403767,0.19767940179912216,3.3801715260682053,3.3329259226593972,False,0.40434198744620525,True,True,
replication030_payload_com_only,20146,full,post_shift,2,-0.2,0.0,0.2,-0.0761042258571622,0.008265681007539624,0.08802264881958431,-0.20079414817789784,-0.005609829518769131,0.18760670696518061,2.5053940909017696,1.0053940909017696,False,0.2999140686644639,False,True,
replication030_payload_com_only,20147,full,post_shift,2,-0.2,0.0,0.2,-0.09340129630969261,0.0024878098837682948,0.08751073939072582,-0.20877194635577837,0.0007183523997458179,0.1981556379665593,2.338352687511734,0.8383526875117342,False,0.5501021734196458,True,True,
replication030_payload_com_only,20148,full,post_shift,2,-0.2,0.0,0.2,-0.1023007466897312,0.0020578535432320202,0.12196561685517766,-0.198607436491176,8.314638372963407e-05,0.1802323613714701,1.296112489203136,0.0,False,0.5027428062555308,False,True,
replication030_payload_com_only,20149,full,post_shift,2,-0.2,0.0,0.2,-0.0632616884554506,0.019956672601278855,0.10009978238138068,-0.20483996064532736,-0.010632819128052466,0.198526758947051,3.1009661266529243,1.7497406244352893,False,0.26621171993152726,False,True,
replication030_payload_com_only,20150,full,post_shift,2,-0.2,0.0,0.2,-0.08051287665155474,0.006668268204180061,0.11316935086378155,-0.197736387551938,-0.0034275045708230954,0.1971103675069887,2.0798940151984753,0.8101778871661882,False,0.41762780908188746,True,True,
replication030_payload_com_only,20151,full,post_shift,2,-0.2,0.0,0.2,-0.07341193887835326,0.021314670319525456,0.09220150137196291,-0.2060312185271692,-0.006290057485664695,0.20091006440340112,2.9343374184880315,4.636561631128629,True,0.42597535993967717,True,True,
replication030_payload_com_only,20152,full,post_shift,2,-0.2,0.0,0.2,-0.11876544676941292,-0.021859938392903257,0.12615894142796122,-0.20816784561604187,0.0013396011140001198,0.1925814160161481,1.2848469026185383,2.111631733569997,False,0.8329988323191958,True,True,
replication030_payload_com_only,20153,full,post_shift,2,-0.2,0.0,0.2,-0.0978412118700191,-0.006791813923152101,0.07582552711369575,-0.2066258236548233,-0.009345633116528838,0.18693475771401374,2.1999227795679315,0.8176525800100856,False,0.4906775800525506,True,True,
replication030_payload_com_only,20154,full,post_shift,2,-0.2,0.0,0.2,-0.07210610232547374,0.023807795936381618,0.10264851404276573,-0.2072028947820819,0.0005394769175987795,0.19205459044215042,2.7109787111661388,2.5899296711698283,False,0.4976440308411276,True,True,
replication030_payload_com_only,20155,full,post_shift,2,-0.2,0.0,0.2,-0.11092957554332315,0.0074611937169461445,0.09894798998809848,-0.20360072796419038,-0.006361649960658389,0.19736988368436573,1.6481099906240164,2.1921357244310977,False,0.6581875512236897,True,True,
replication030_payload_com_only,20156,full,post_shift,2,-0.2,0.0,0.2,-0.1085824754372019,-0.0012538979926749814,0.12148513044068827,-0.20939945827793535,-0.0038243882961855554,0.19726167521810237,1.559371328091502,3.411539759896344,False,0.7255501833442483,True,True,
replication030_payload_com_only,20157,full,post_shift,2,-0.2,0.0,0.2,-0.08296951373856934,0.008849436945309368,0.08248107510617811,-0.20578630258305508,-0.005615396406118318,0.1858431958457017,2.499734093282864,1.036930254418729,False,0.4049844230425997,False,True,
replication030_payload_com_only,20158,full,post_shift,2,-0.2,0.0,0.2,-0.06174433766959938,0.017125403564043636,0.10151119397190644,-0.2033213094209138,-0.006374506922881958,0.19935850140080486,3.058859306075668,1.558859306075668,False,0.27953820512984123,False,True,
replication030_payload_com_only,20159,full,post_shift,2,-0.2,0.0,0.2,-0.08536756614890074,0.01846309488490346,0.09575542664327297,-0.20091277233126145,-0.0043731343703932194,0.17885657633900526,2.090016009250468,3.2588381395250425,False,0.26373478988216087,False,True,
replication030_payload_com_only,20160,full,post_shift,2,-0.2,0.0,0.2,-0.08025556219510852,0.016203859430689194,0.0956748307616724,-0.20218107172805444,-0.008279328023883228,0.20192493379697227,2.5605134523721893,4.293079059166061,True,0.41903507525425865,True,True,
replication030_payload_com_only,20161,full,post_shift,2,-0.2,0.0,0.2,-0.11421920604984326,-0.017326766899748186,0.1083202515422769,-0.20371354903531888,-0.006469195174326796,0.18494788573320614,1.34437734241781,0.0,False,0.7213689315844384,True,True,
replication030_payload_com_only,20162,full,post_shift,2,-0.2,0.0,0.2,-0.05622554498558311,0.01595803955924072,0.09436373543191345,-0.2097754224793214,-0.009279483717728762,0.18403729183367287,3.385446369221311,3.47209146351282,False,0.21546052287926465,False,True,
replication030_payload_com_only,20163,full,post_shift,2,-0.2,0.0,0.2,-0.11063906948079844,0.01174509566808047,0.056519378039490024,-0.1985484925460765,-0.004662868950239824,0.194114412896375,2.1502368362501487,0.6502368362501487,False,0.6715707120883084,True,True,
replication030_payload_com_only,20164,full,post_shift,2,-0.2,0.0,0.2,-0.11233960492915109,0.0020255181294277997,0.12206495196233336,-0.20039594565700647,-0.012586294350005758,0.20029299381569904,1.3176975626607512,1.907809988629893,False,0.5757104694069433,True,True,
replication030_payload_com_only,20165,full,post_shift,2,-0.2,0.0,0.2,-0.08504427845272927,0.015599404041121845,0.11719677005228486,-0.20132333543942624,-0.008687013045100306,0.18342668238636142,1.941071548918364,0.6479343979674645,False,0.3971656646420937,True,True,
replication030_payload_com_only,20166,full,post_shift,2,-0.2,0.0,0.2,-0.09563202014613964,-0.0004724961742176653,0.10085953265493885,-0.20563300321465622,-0.0056709576879400555,0.19765321714351275,2.0149701182494453,3.8052371462246612,False,0.6061329201956289,True,True,
replication030_payload_com_only,20167,full,post_shift,2,-0.2,0.0,0.2,-0.1131177762024528,-0.002444449169148739,0.09731060696607602,-0.19680228630251373,-0.006152329591246032,0.18345165241367611,1.2956821317745864,0.17330796568500828,False,0.5780988136769695,True,True,
replication030_payload_com_only,20168,full,post_shift,2,-0.2,0.0,0.2,-0.06559635571668619,0.015235957733004298,0.10373447275327073,-0.2032902236532333,0.0027493074134232144,0.19444032636511008,2.7588676429492693,1.2588676429492693,False,0.24230873856220317,False,True,
replication030_payload_com_only,20169,full,post_shift,2,-0.2,0.0,0.2,-0.1127292795710099,-0.0008405262666840534,0.09670684485678235,-0.20215292876700106,0.0010307053286086314,0.19466082824486577,1.5328776013510084,1.436516736112133,False,0.6838884220373378,True,True,
replication030_payload_com_only,20170,full,post_shift,2,-0.2,0.0,0.2,-0.0741441210196742,0.014607717249425143,0.08634639770706898,-0.20258281364844194,0.004428448292784362,0.19563713458432797,2.7020220258342147,1.2020220258342147,False,0.3600942193107794,True,True,
replication030_payload_com_only,20171,full,post_shift,2,-0.2,0.0,0.2,-0.09942459063250259,-0.005480154565577288,0.07559656509434075,-0.20933615837123246,-0.004012993040251088,0.18922071761086526,2.2626299057126773,1.0331389756692353,False,0.5788672056782028,False,True,
replication030_payload_com_only,20172,full,post_shift,2,-0.2,0.0,0.2,-0.10195963144824041,0.012957019011396448,0.10815548564565643,-0.2058779625658495,-0.008076982151760871,0.1876902676572749,1.7238868126281062,2.6345612134751306,False,0.5110174183023287,True,True,
replication030_payload_com_only,20101,full,post_shift,3,0.12,-0.1,-0.15,0.04925955336741446,-0.02884631558608113,-0.08512274874180455,0.11789185681672382,-0.10299727225224024,-0.13055491561492763,0.7381902487369553,0.24237496104319056,False,0.809176221416472,False,True,
replication030_payload_com_only,20102,full,post_shift,3,0.12,-0.1,-0.15,0.1031607214200656,-0.07233959588253046,-0.10261674246379525,0.12257792087519886,-0.10358929383519666,-0.13139579310427674,0.12186682327161515,0.5769106575717045,False,0.16313687315512548,False,True,
replication030_payload_com_only,20103,full,post_shift,3,0.12,-0.1,-0.15,0.11831453144699285,-0.07372906949657945,-0.03708152382006615,0.11981022806756246,-0.10318238346734054,-0.13908960361855183,0.49763707789162054,0.0,False,0.45611031947204694,False,True,
replication030_payload_com_only,20104,full,post_shift,3,0.12,-0.1,-0.15,0.11120463729886308,-0.06785989188903031,-0.07972767442883935,0.11683452553110704,-0.10388972283836363,-0.1317629332680768,0.19933442314172675,0.0,False,0.22696609258066994,False,True,
replication030_payload_com_only,20105,full,post_shift,3,0.12,-0.1,-0.15,0.11538768259311911,-0.058588695034039816,-0.050513597178909034,0.12164903921390025,-0.09833032942120046,-0.13139894113925832,0.3791189565033561,0.0,False,nan,False,False,BASE_HEIGHT_LIMIT
replication030_payload_com_only,20106,full,post_shift,3,0.12,-0.1,-0.15,0.10962812175676959,-0.06663303207972611,-0.03945315985582984,0.12077432395560621,-0.09819661019336287,-0.12987293702354974,0.41671397702438756,0.0,False,0.4166481402453125,False,True,
replication030_payload_com_only,20107,full,post_shift,3,0.12,-0.1,-0.15,0.07928783412013238,-0.033803419921672975,-0.10043107539361898,0.11704622582094054,-0.10198008338998478,-0.1342148473614011,0.43656100804376613,1.9960834297233239,False,0.2547193022019023,False,True,
replication030_payload_com_only,20108,full,post_shift,3,0.12,-0.1,-0.15,0.043905956540834255,-0.029424985643123316,-0.05315185236533213,0.12008848773721553,-0.10973655218689796,-0.13556449059197237,1.0741598041985843,0.0,False,1.0574457747864923,False,True,
replication030_payload_com_only,20109,full,post_shift,3,0.12,-0.1,-0.15,0.08569866535928905,-0.08765278973959988,-0.09500888892803533,0.11884833211779001,-0.09845720843255172,-0.13638878240926736,0.24833387462979203,1.1435667715546558,False,0.29595618817250136,False,True,
replication030_payload_com_only,20110,full,post_shift,3,0.12,-0.1,-0.15,0.09826631815702058,-0.04591861949375804,-0.03167208378703168,0.12379021426599014,-0.11380554949975953,-0.13552731814107946,1.2742353454562125,0.0,False,1.2704048638571441,True,True,
replication030_payload_com_only,20111,full,post_shift,3,0.12,-0.1,-0.15,0.12086843359318446,-0.020897564044723572,-0.02464759576986024,0.12412258099404234,-0.10752886479744618,-0.13209890807613622,0.9631447522122144,0.664139718020979,False,1.1970674771410033,False,True,
replication030_payload_com_only,20112,full,post_shift,3,0.12,-0.1,-0.15,0.07674035509834742,-0.04105027740861062,-0.12091768015921944,0.11759014840782166,-0.10701609741644987,-0.13288103228414153,0.39476706725553967,0.0,False,0.8343760138487057,False,True,
replication030_payload_com_only,20113,full,post_shift,3,0.12,-0.1,-0.15,0.06909131391330349,-0.07994044867180398,-0.08050742721851967,0.12164063599169342,-0.10992582157245324,-0.13395267228513663,0.35802290906994966,0.0,False,0.40795163050108,False,True,
replication030_payload_com_only,20114,full,post_shift,3,0.12,-0.1,-0.15,0.07388431174193273,-0.058535454578366085,-0.06043668792108104,0.11823437322145292,-0.10577703538803376,-0.1295570435662056,0.4715071860312003,0.0,False,0.6635710208900959,False,True,
replication030_payload_com_only,20115,full,post_shift,3,0.12,-0.1,-0.15,0.11481263673608375,-0.058785684761090806,-0.05768875858418787,0.1182789881229954,-0.10209567943982602,-0.13661059218909796,0.38272243020555546,2.21512408787313,False,0.4809496005621407,False,True,
replication030_payload_com_only,20116,full,post_shift,3,0.12,-0.1,-0.15,0.10319736833008791,-0.061314176998905685,-0.0543952697726002,0.12336315848102773,-0.10539469003271512,-0.12920021329993403,0.3865373595301045,0.32115015438949035,False,0.3656660541117012,False,True,
replication030_payload_com_only,20117,full,post_shift,3,0.12,-0.1,-0.15,0.11189806556240224,-0.08420530624676931,-0.07088548453615943,0.12310235244771735,-0.10854375895582886,-0.12731917026272266,0.18114965762271304,0.0,False,0.15022464823029996,False,True,
replication030_payload_com_only,20118,full,post_shift,3,0.12,-0.1,-0.15,0.0914461124707269,-0.0777974158685443,-0.08476534292103713,0.11908633220139583,-0.10044926938116647,-0.13514764397852314,0.18938966861292097,2.3718257343564346,False,0.22941788362264962,False,True,
replication030_payload_com_only,20119,full,post_shift,3,0.12,-0.1,-0.15,0.10770167198312411,-0.07374031094844222,-0.029033588792486263,0.12297161834347799,-0.10684977316778099,-0.13218841595063383,0.5349209554301139,0.0,False,0.3602800658784099,False,True,
replication030_payload_com_only,20120,full,post_shift,3,0.12,-0.1,-0.15,0.08687138122025327,-0.04352338236634598,-0.09270317129967114,0.11950511595370356,-0.10161406150413102,-0.1298859124128855,0.3428867660300738,0.0,False,0.4962382270272538,False,True,
replication030_payload_com_only,20121,full,post_shift,3,0.12,-0.1,-0.15,0.09832308816329,-0.06170813458545833,-0.10158595596037652,0.11945156183891428,-0.10683852771651216,-0.13620277310204315,0.2099450707123124,0.0,False,0.5270511965650747,False,True,
replication030_payload_com_only,20122,full,post_shift,3,0.12,-0.1,-0.15,0.10935164192471424,-0.07863486024380245,-0.09390740668332426,0.1238908894560121,-0.102571760718853,-0.12925006928479416,0.10332486063205347,0.22453301674956028,False,0.25738353782458984,False,True,
replication030_payload_com_only,20123,full,post_shift,3,0.12,-0.1,-0.15,0.0873764604968031,-0.04160456160222752,-0.10783387086081828,0.11945330003445497,-0.09734093774942354,-0.13415631878945874,0.29406964003405744,0.0,False,0.6225771339714391,False,True,
replication030_payload_com_only,20124,full,post_shift,3,0.12,-0.1,-0.15,0.10838693108910412,-0.04436667302159487,-0.04756095626752834,0.10769833963410051,-0.10331962079943917,-0.12744968724353956,0.8011072526681828,1.4892713429807567,False,0.4983412620684369,True,True,
replication030_payload_com_only,20125,full,post_shift,3,0.12,-0.1,-0.15,0.04362229201768555,-0.019824843029343026,-0.07254015321228734,0.11493792122433698,-0.10558449213711864,-0.13105008919872882,0.9468211560168934,3.4195810255800025,False,0.6023003587729717,False,True,
replication030_payload_com_only,20126,full,post_shift,3,0.12,-0.1,-0.15,0.08761351835847905,-0.096327448381143,-0.1064705761549776,0.11834565550534708,-0.09810537563543377,-0.13889349132548634,0.10532911055561923,1.159675371330095,False,0.5808523203687873,False,True,
replication030_payload_com_only,20127,full,post_shift,3,0.12,-0.1,-0.15,0.13075390311191787,-0.056782404251627026,-0.018942076421766426,0.12004163480891113,-0.1044278815717316,-0.1357083760555819,0.7294494233050445,1.018697914451387,False,nan,False,False,BASE_HEIGHT_LIMIT
replication030_payload_com_only,20128,full,post_shift,3,0.12,-0.1,-0.15,0.07437973572274431,-0.08143346875541752,-0.0642265636198136,0.11727032489032309,-0.10164219685020837,-0.1307335119243317,0.33149564038432344,3.190882678592181,False,0.3063061013769624,False,True,
replication030_payload_com_only,20129,full,post_shift,3,0.12,-0.1,-0.15,0.09928875927592318,-0.04426295993835168,-0.13222192681452075,0.119044050350358,-0.0976437180106897,-0.12930576862897727,0.20772775580819527,1.1341338064508428,False,0.2559800160582639,False,True,
replication030_payload_com_only,20130,full,post_shift,3,0.12,-0.1,-0.15,0.10825190423323496,-0.06847409913659848,-0.06155301726878881,0.11960612091364883,-0.1080565822548683,-0.13519591478557114,0.337916441076955,0.0,False,0.637333779584032,False,True,
replication030_payload_com_only,20131,full,post_shift,3,0.12,-0.1,-0.15,0.11058615986404854,-0.06780453041721506,-0.047884915219478394,0.12027755369666664,-0.10925329679419866,-0.13515094991609874,0.43794060014033004,0.0,False,0.6665478416854291,False,True,
replication030_payload_com_only,20132,full,post_shift,3,0.12,-0.1,-0.15,0.09372100790451975,-0.07237902542979281,-0.057628250575288,0.1189162903685063,-0.10563637322520021,-0.1353245213675631,0.573791151419933,0.0,False,0.3507824080678904,True,True,
replication030_payload_com_only,20133,full,post_shift,3,0.12,-0.1,-0.15,0.10291526118051192,-0.09872815435700309,-0.12724410899783736,0.1152634227441424,-0.1020709286869095,-0.13649537417047966,0.014127577884089894,1.2868783288085177,False,0.4288987462472659,False,True,
replication030_payload_com_only,20134,full,post_shift,3,0.12,-0.1,-0.15,0.049932944596395856,-0.02708449823407642,-0.07026794465636554,0.12186060572229772,-0.09787773000378214,-0.13154492899564382,0.8087622554143742,2.200026006342549,False,0.8074045099577074,False,True,
replication030_payload_com_only,20135,full,post_shift,3,0.12,-0.1,-0.15,0.053647000664536953,-0.033384832205513304,-0.0997739705528134,0.11381520714040902,-0.10584931834440599,-0.13561542736921853,0.6271224861586588,2.8700349321163277,False,0.30146247929389774,False,True,
replication030_payload_com_only,20136,full,post_shift,3,0.12,-0.1,-0.15,0.1038084492170789,-0.06799915404031705,-0.05844032699901342,0.11886707731259129,-0.1035495245761455,-0.12978354923931432,0.31099537088343393,1.987215484088353,False,0.34317075256941143,False,True,
replication030_payload_com_only,20137,full,post_shift,3,0.12,-0.1,-0.15,0.10626226757814428,-0.058133205858185405,-0.04892589974540891,0.12535616766677216,-0.11260206996431706,-0.1348644482621489,0.8409778710451979,0.0,False,0.8127946428347349,True,True,
replication030_payload_com_only,20138,full,post_shift,3,0.12,-0.1,-0.15,0.08777961439346511,-0.04361665614506889,-0.10024188585649678,0.11734833209213669,-0.09848400779369323,-0.131721174237979,0.2907373211618712,0.0,False,0.516538838400811,False,True,
replication030_payload_com_only,20139,full,post_shift,3,0.12,-0.1,-0.15,0.09706811536021451,-0.06620307230722379,-0.03561897146600693,0.12573882521806798,-0.09875387617180033,-0.12783420387812064,0.47940250038822546,1.492323441171708,False,nan,False,False,BASE_HEIGHT_LIMIT
replication030_payload_com_only,20140,full,post_shift,3,0.12,-0.1,-0.15,0.0731030663134382,-0.065704816181986,-0.08306517626473998,0.11803754668032543,-0.10103632305323472,-0.1317139882840349,0.3065276171156703,0.9107669743976026,False,0.21462036655471073,False,True,
replication030_payload_com_only,20141,full,post_shift,3,0.12,-0.1,-0.15,0.10442406750355449,-0.09618609907352481,-0.09799484243671275,0.11809944649864755,-0.09843831157950342,-0.13291505072266346,0.06395510217306762,0.6940836168516544,False,0.20297896731910609,False,True,
replication030_payload_com_only,20142,full,post_shift,3,0.12,-0.1,-0.15,0.06613569061269849,-0.04467574634783381,-0.10385586620145361,0.11976227999772668,-0.10292084612983163,-0.1280671449331282,0.42616339697280664,1.9436931624202998,False,0.4971017007525351,False,True,
replication030_payload_com_only,20143,full,post_shift,3,0.12,-0.1,-0.15,0.050224045395741955,-0.03522352262752239,-0.10041375922471353,0.12438105693820162,-0.09927513756217007,-0.1302200670541375,0.6518618265910748,1.5212892635972803,False,0.7820588917222889,False,True,
replication030_payload_com_only,20144,full,post_shift,3,0.12,-0.1,-0.15,0.10586873005856529,-0.07039814811268719,-0.056885585570683836,0.11758128010178186,-0.1035211242099145,-0.13004351957478824,0.3039392559185726,0.40555747188018176,False,0.11461886131363781,False,True,
replication030_payload_com_only,20145,full,post_shift,3,0.12,-0.1,-0.15,0.06604807663947572,-0.07510337075414966,-0.10924192324288035,0.11780938961048969,-0.10223240689270897,-0.13221395941074973,0.24078800278389026,2.0737139254432875,False,0.2781846094611982,False,True,
replication030_payload_com_only,20146,full,post_shift,3,0.12,-0.1,-0.15,0.05690543464753516,-0.04051312314686942,-0.09920770110923134,0.1185359408500147,-0.10423942481675741,-0.13333142190993294,0.9917233829560402,0.4971174738578098,False,0.7903255679463982,True,True,
replication030_payload_com_only,20147,full,post_shift,3,0.12,-0.1,-0.15,0.10054948496020058,-0.05180908046467629,-0.12570346578679426,0.11578115499374587,-0.10034881845651032,-0.13160545698648526,0.16523744164323667,0.0,False,0.41341029296049137,False,True,
replication030_payload_com_only,20148,full,post_shift,3,0.12,-0.1,-0.15,0.10640435774342362,-0.046504255746665196,-0.02708464931457015,0.12392586839495713,-0.10432567624897472,-0.1319005096432715,1.100938024845574,0.0,False,0.6491106496671184,True,True,
replication030_payload_com_only,20149,full,post_shift,3,0.12,-0.1,-0.15,0.10255628489488919,-0.06181217521932037,-0.09079461232580138,0.11496780869234202,-0.10685434223407136,-0.12883976439335493,0.34602042917795467,0.595761053613244,False,0.47334768327114235,True,True,
replication030_payload_com_only,20150,full,post_shift,3,0.12,-0.1,-0.15,0.10315029790812608,-0.0266634484821379,-0.14024195933998213,0.12259727352141866,-0.10188299014444314,-0.13060519856107003,0.39011386870441084,0.0,False,0.9523826193942639,False,True,
replication030_payload_com_only,20151,full,post_shift,3,0.12,-0.1,-0.15,0.12371585851234211,-0.07331261799125512,-0.0702556635795766,0.11625223313896212,-0.0978757193365653,-0.13545568992484863,0.22143109595545382,3.3579927270840826,False,0.6376582841486196,False,True,
replication030_payload_com_only,20152,full,post_shift,3,0.12,-0.1,-0.15,0.09906504413006689,-0.050545548899411596,-0.018617880454772178,0.11714090729526601,-0.10233413135912246,-0.1351439313649355,0.7637437863290196,1.3753755198990163,False,0.6151092136583899,False,True,
replication030_payload_com_only,20153,full,post_shift,3,0.12,-0.1,-0.15,0.09788556174893027,-0.07757966422605214,-0.042986581754709145,0.12412350701298236,-0.11106335507137648,-0.1348722735446014,0.4690649365086264,0.0,False,0.6457903866803182,False,True,
replication030_payload_com_only,20154,full,post_shift,3,0.12,-0.1,-0.15,0.0858649238527728,-0.07499763629604046,-0.1253015116524451,0.12036938161847302,-0.10293148652255373,-0.12882645301818407,0.12680629949283995,1.2167359706626684,False,0.2558821214318136,False,True,
replication030_payload_com_only,20155,full,post_shift,3,0.12,-0.1,-0.15,0.09874994284652397,-0.08265654958066472,-0.051877692064171296,0.11541002700510081,-0.10909626575747161,-0.13384886173672353,0.34763883583244914,1.0397745602635469,False,0.5203311388860453,False,True,
replication030_payload_com_only,20156,full,post_shift,3,0.12,-0.1,-0.15,0.08934214057026259,-0.06639281611820685,-0.05557484928468797,0.11802776441447291,-0.10289500843614147,-0.13407946559902448,0.39541603319157886,2.3069557930879228,False,0.3988253457002955,False,True,
replication030_payload_com_only,20157,full,post_shift,3,0.12,-0.1,-0.15,0.06297772126826774,-0.04147785404843415,-0.09219808208630847,0.12114002746708251,-0.10730146298823647,-0.1316426662363675,0.99869625856354,0.5356265129822692,False,0.9676875626664375,True,True,
replication030_payload_com_only,20158,full,post_shift,3,0.12,-0.1,-0.15,0.0513154319064155,-0.02755664386455426,-0.08082557297638915,0.12521515719600626,-0.09866531532199987,-0.1279015093109796,1.365413241905604,1.424272547981272,False,0.7955773518821869,True,True,
replication030_payload_com_only,20159,full,post_shift,3,0.12,-0.1,-0.15,0.12409015087580914,-0.057941055255654565,-0.0860993891285781,0.12149132475937416,-0.09705192417232264,-0.13635723470102207,0.3273919605656603,2.086230100090703,False,0.21795962058487098,False,True,
replication030_payload_com_only,20160,full,post_shift,3,0.12,-0.1,-0.15,0.12153568467891643,-0.062146171073725116,-0.06320511716388233,0.11838045450638324,-0.1015822544345679,-0.13051237196302662,0.2914700144732702,3.084549073639331,False,0.3045605253920317,False,True,
replication030_payload_com_only,20161,full,post_shift,3,0.12,-0.1,-0.15,0.10640680159006183,-0.06963925978383878,0.006590100456176353,0.12251887153632986,-0.10506973607889576,-0.13835620229239498,0.9818633845823483,0.0,False,0.7112855667418729,False,True,
replication030_payload_com_only,20162,full,post_shift,3,0.12,-0.1,-0.15,0.08910995065733589,-0.07652922752621774,-0.10768399075190782,0.11602890571355734,-0.10545208297975787,-0.14110792581791679,0.25262816352476497,2.224719627037585,False,0.22642620729261714,False,True,
replication030_payload_com_only,20163,full,post_shift,3,0.12,-0.1,-0.15,0.07369610293124525,-0.05464589368252559,-0.09697293067185134,0.11861226314014958,-0.09866714694197819,-0.13318290946431974,0.308947722796919,0.0,False,0.40766245334190443,False,True,
replication030_payload_com_only,20164,full,post_shift,3,0.12,-0.1,-0.15,0.11791513678566294,-0.06107385480569675,0.026199290061466124,0.12061177845810031,-0.10775947054796384,-0.12963578067262146,1.1655700902219064,1.5733800788517993,False,0.685785890129427,False,True,
replication030_payload_com_only,20165,full,post_shift,3,0.12,-0.1,-0.15,0.06755907762101307,-0.07886525756693231,-0.10989055935087111,0.11963562535379273,-0.10396463037067269,-0.13751852251889532,0.24665080136969927,0.0,False,0.3717145973874843,False,True,
replication030_payload_com_only,20166,full,post_shift,3,0.12,-0.1,-0.15,0.12192300164250826,-0.04939466593369786,-0.0735771868685585,0.11549624092224109,-0.10316102725009796,-0.13354682697336054,0.3395538507918201,2.6447909970164813,False,0.4359459255488597,False,True,
replication030_payload_com_only,20167,full,post_shift,3,0.12,-0.1,-0.15,0.10883363260471528,-0.0680035308227788,-0.04000161645094521,0.12635229138661963,-0.10879165360540126,-0.145829807658024,0.6001922109425333,0.0,False,nan,False,False,BASE_HEIGHT_LIMIT
replication030_payload_com_only,20168,full,post_shift,3,0.12,-0.1,-0.15,0.061643276874659376,-0.044191271518222906,-0.11389067447339007,0.1171234536627203,-0.10182462995833833,-0.13541596708807016,0.774578841734558,0.5334464846838274,False,0.6184931959917931,True,True,
replication030_payload_com_only,20169,full,post_shift,3,0.12,-0.1,-0.15,0.1277899973619063,-0.07908794746286031,-0.04701179955616585,0.11909414825163345,-0.1024054070317778,-0.13126369082880446,0.3376805098714511,0.27419724598358397,False,nan,False,False,BASE_HEIGHT_LIMIT
replication030_payload_com_only,20170,full,post_shift,3,0.12,-0.1,-0.15,0.06665161475788374,-0.04008895116140555,-0.09495968081781,0.11806637188476594,-0.09749877157946658,-0.13178386832349923,0.43729638406702237,0.139318409901237,False,0.7642408161304516,False,True,
replication030_payload_com_only,20171,full,post_shift,3,0.12,-0.1,-0.15,0.10487706465184428,-0.06445208650097534,-0.09687463253970983,0.11950609900913153,-0.11028540523857731,-0.13487401678908323,0.3601205736319412,0.0,False,0.5259661521702301,True,True,
replication030_payload_com_only,20172,full,post_shift,3,0.12,-0.1,-0.15,0.1268317359405058,-0.09098005320046879,-0.00021808961474889215,0.12270131318266228,-0.10527485896487901,-0.13050823366429878,0.7298524353966039,1.8644136488717344,False,0.39016736368194294,False,True,
replication030_payload_com_only,20101,full,post_shift,4,0.12,0.1,0.15,0.047016308930481886,0.04388559952282145,0.024014755072017103,0.11984308765315438,0.08988577653947512,0.14928205760404606,1.1010379670193564,0.0,False,1.0487158792477569,False,True,
replication030_payload_com_only,20102,full,post_shift,4,0.12,0.1,0.15,0.03915508753367497,0.041861444119393944,0.042307430555431944,0.11942546531014143,0.09655386304720565,0.1391927016600961,0.9848593331984389,0.061769990770143335,False,1.0099995238099726,False,True,
replication030_payload_com_only,20103,full,post_shift,4,0.12,0.1,0.15,0.038685673875385074,0.03893567998692287,0.048165355652219244,0.12163396546941205,0.09163418630095635,0.14565495667767184,0.9666727687864536,0.0,False,1.2204736343094458,False,True,
replication030_payload_com_only,20104,full,post_shift,4,0.12,0.1,0.15,0.0416840418791884,0.031091532685019796,0.047032563374357655,0.1180090229112468,0.0980396885220081,0.15148198430914056,1.0665768593796632,0.0,False,0.7822107199419941,False,True,
replication030_payload_com_only,20105,full,post_shift,4,0.12,0.1,0.15,0.07430958444601868,0.04120758765438728,0.12639141074597263,0.11745896170553843,0.09771955775261848,0.14888383899851354,0.3356610055311824,0.0,False,0.7013398272437322,False,True,
replication030_payload_com_only,20106,full,post_shift,4,0.12,0.1,0.15,0.07460805977440735,0.0656848451088514,0.09983737114141807,0.11702566926557291,0.09666216127084458,0.1495644245929762,0.27424296122546465,0.0,False,0.4445945129861503,False,True,
replication030_payload_com_only,20107,full,post_shift,4,0.12,0.1,0.15,0.04550735370938578,0.04478340721882913,0.060466539799058194,0.11011655469155002,0.09291309112958362,0.1517848104652993,0.752626007610964,1.2487094373342877,False,0.1407228498544696,False,True,
replication030_payload_com_only,20108,full,post_shift,4,0.12,0.1,0.15,0.08188619272495518,0.03422316784379289,0.12177620442639592,0.12484629208708704,0.09007182596963122,0.13899749883998475,0.32442898700885253,0.0,False,0.38396446570944537,False,True,
replication030_payload_com_only,20109,full,post_shift,4,0.12,0.1,0.15,0.03377696045952404,0.0578680193255066,0.04677636138665614,0.12192460972478364,0.10071115704284118,0.15007796610294044,1.7477986598772917,1.3913654314319475,False,1.2054369805097425,True,True,
replication030_payload_com_only,20110,full,post_shift,4,0.12,0.1,0.15,0.06368881790169435,0.054657175553257865,0.09592407848330704,0.1248301467824899,0.08999319074171627,0.1499663634722678,0.4261668379394295,0.0,False,0.6310492627523977,False,True,
replication030_payload_com_only,20111,full,post_shift,4,0.12,0.1,0.15,0.027909924890350817,0.025483155245949247,0.05583121858173797,0.11781319681824173,0.09206476275670171,0.13937525856344896,1.0322651905459528,0.19640490856693182,False,0.8104237547303924,False,True,
replication030_payload_com_only,20112,full,post_shift,4,0.12,0.1,0.15,0.05094733815208044,0.041137322707356205,-0.017581430381476512,0.12234585264441325,0.09377181813481583,0.15582959134523874,1.709272075440455,0.2092720754404549,False,1.1126891124085863,False,True,
replication030_payload_com_only,20113,full,post_shift,4,0.12,0.1,0.15,0.05523099355290846,0.04550024265411535,0.07351063263857685,0.12472224737930854,0.09185700998718394,0.14904543804945083,0.6614826483317431,0.0,False,0.9303663216662695,False,True,
replication030_payload_com_only,20114,full,post_shift,4,0.12,0.1,0.15,0.10349073324749705,0.0910292804975023,0.1434204191056554,0.11555578368639892,0.09559786340515662,0.15688994785576782,0.01788687628891116,0.0,False,0.5259830656893355,False,True,
replication030_payload_com_only,20115,full,post_shift,4,0.12,0.1,0.15,0.041416388752963954,0.0513997053298981,0.043886234642836836,0.11860379587292241,0.09750745656614349,0.14926105069007506,0.9506718782889365,1.6657959661620665,False,0.3863357269213355,False,True,
replication030_payload_com_only,20116,full,post_shift,4,0.12,0.1,0.15,0.047049713572230395,0.040391024094349845,0.05927982168998898,0.12078974637322237,0.08499964699959708,0.15184056481176708,0.8060990962505691,0.0,False,0.26158655632127514,False,True,
replication030_payload_com_only,20117,full,post_shift,4,0.12,0.1,0.15,0.052339926034160156,0.03159006493032918,0.08528929298282788,0.12086044578254089,0.09056225194952974,0.1479766538635309,0.6662155802715911,0.0,False,1.2617946062928584,False,True,
replication030_payload_com_only,20118,full,post_shift,4,0.12,0.1,0.15,0.05754116252718683,0.04862427846776037,0.07357880786744792,0.11666093337164737,0.09592828088463884,0.1506182177673756,0.598494486634871,1.4703202209913058,False,0.2731332307902173,False,True,
replication030_payload_com_only,20119,full,post_shift,4,0.12,0.1,0.15,0.12946918469285892,0.07316096141283578,0.16455521337723633,0.1196887142412034,0.09263823468980663,0.13726223258996142,0.06127313219622845,0.0,False,nan,False,False,BASE_HEIGHT_LIMIT
replication030_payload_com_only,20120,full,post_shift,4,0.12,0.1,0.15,0.037715056408675784,0.03227423829140945,0.035635153137845446,0.11917809968071254,0.09641222095782076,0.15175318646441827,1.1956510274800145,0.0,False,1.2311856407761874,False,True,
replication030_payload_com_only,20121,full,post_shift,4,0.12,0.1,0.15,0.0968442573904664,0.057386539275925505,0.1291836610755222,0.11932434786179132,0.09780641852390788,0.13552721111185825,0.13625188189280024,0.0,False,0.20728384248647422,False,True,
replication030_payload_com_only,20122,full,post_shift,4,0.12,0.1,0.15,0.04546799716617906,0.04635264967393103,0.0312700511127762,0.1258254090378218,0.10149730474352123,0.153281035279563,1.1850296955666513,0.0,False,1.5440750684154727,False,True,
replication030_payload_com_only,20123,full,post_shift,4,0.12,0.1,0.15,0.09255789479939103,0.036265255548899915,0.09927653827130424,0.12144616674794106,0.10371068334964828,0.14629406243545567,0.42679482711258193,0.0,False,1.1929210769489345,False,True,
replication030_payload_com_only,20124,full,post_shift,4,0.12,0.1,0.15,0.07381252105607229,0.06538138832206157,0.12246286532004286,0.11158022912909395,0.09338375489866847,0.15116697211794766,0.1710354915428811,0.1603068345236378,False,0.4614712953681428,False,True,
replication030_payload_com_only,20125,full,post_shift,4,0.12,0.1,0.15,0.04938898636898852,0.044603638327874215,0.0999222358154882,0.11684057266843577,0.09827638528551712,0.15131877732718052,0.5806321373047046,2.500213162884707,False,0.24362491019491048,False,True,
replication030_payload_com_only,20126,full,post_shift,4,0.12,0.1,0.15,0.0858381204680032,0.06220885090787916,0.08639862605107025,0.11361101978961967,0.09347483206066284,0.14913718326793032,0.2723394953156383,0.0,False,0.3948072270768189,False,True,
replication030_payload_com_only,20127,full,post_shift,4,0.12,0.1,0.15,0.04503135062259007,0.06046207226219309,0.07252441981214953,0.12491878246309006,0.09588325307430666,0.13821528920712006,0.6505763982638618,0.16927431271524884,False,1.0715304610881085,False,True,
replication030_payload_com_only,20128,full,post_shift,4,0.12,0.1,0.15,0.0871578343777264,0.05201385810356546,0.1502115759510397,0.10935725968613276,0.0984688924496982,0.15025505278310375,0.16573001854550642,1.8566126971376873,False,0.733776598460833,False,True,
replication030_payload_com_only,20129,full,post_shift,4,0.12,0.1,0.15,0.023579785863186715,0.061076317211197925,0.05622242089127773,0.11356363192271754,0.09802918219778196,0.15486859921583834,0.9949716462029571,0.6291054526537999,False,1.2613000553619191,False,True,
replication030_payload_com_only,20130,full,post_shift,4,0.12,0.1,0.15,0.06295729476492756,0.05447154899842003,0.052349900049021965,0.12311823611063667,0.09739518105442997,0.1456980632947702,0.6977871499375622,0.0,False,0.5800303540775578,False,True,
replication030_payload_com_only,20131,full,post_shift,4,0.12,0.1,0.15,0.06160484358530036,0.06486871005442754,0.05905159644841466,0.11863493718999227,0.09567649194919584,0.13963558157886996,0.5260755602297652,0.0,False,0.30991950972825605,False,True,
replication030_payload_com_only,20132,full,post_shift,4,0.12,0.1,0.15,0.14159750084252823,0.05967507490966626,0.11303102146981002,0.12345417520409771,0.09265045686215091,0.1421865224370251,0.1254930621783231,0.0,False,0.5385835185522022,False,True,
replication030_payload_com_only,20133,full,post_shift,4,0.12,0.1,0.15,0.042292027039516254,0.05033070747126887,0.04562718506502056,0.11709904200236297,0.09778062144395695,0.14939983240414986,0.9232319835232844,0.7101103123318021,False,0.3195364272296818,False,True,
replication030_payload_com_only,20134,full,post_shift,4,0.12,0.1,0.15,0.0568876461280337,0.03147098639945941,0.09291496900771658,0.11392479499972004,0.09752052694258947,0.15294491981757524,0.6249961280502733,1.3250221343928223,False,1.245724599619426,False,True,
replication030_payload_com_only,20135,full,post_shift,4,0.12,0.1,0.15,0.051878506327119434,0.045499424083382596,0.03625278849243969,0.10915407955328832,0.09450557719258114,0.14646440448886888,0.8366289881059811,2.206663920222309,False,0.20443639677740935,False,True,
replication030_payload_com_only,20136,full,post_shift,4,0.12,0.1,0.15,0.03668253540883814,0.03513371446978098,0.022904974834337764,0.1081699507254324,0.0948168210525362,0.14868971843124412,1.2151158538261961,1.702331337914549,False,0.35785895354569797,False,True,
replication030_payload_com_only,20137,full,post_shift,4,0.12,0.1,0.15,0.04057840185361052,0.040124973487010225,0.016772055092022745,0.12489531490009553,0.09812435340431867,0.1548990320911565,1.415175991106479,0.0,False,1.3942101614386964,False,True,
replication030_payload_com_only,20138,full,post_shift,4,0.12,0.1,0.15,0.06360706372062452,0.0360069010957621,0.048248836719228326,0.12185504214859132,0.10086222278649125,0.15183185947127809,0.9036723478649055,0.0,False,1.2195775429664035,False,True,
replication030_payload_com_only,20139,full,post_shift,4,0.12,0.1,0.15,0.09737068066395979,0.08443294905851233,0.1205035855386802,0.1201356369285014,0.08987165182412134,0.15834933002636803,0.09387302339544012,0.08619646456714802,False,0.511020469616334,False,True,
replication030_payload_com_only,20140,full,post_shift,4,0.12,0.1,0.15,0.08344344138220673,0.027430249466394725,0.0861369469590514,0.1163131011825362,0.09740532360476706,0.15592035168319382,0.5822092420536896,0.0,False,1.3070845520362062,False,True,
replication030_payload_com_only,20141,full,post_shift,4,0.12,0.1,0.15,0.03984734280171542,0.040003310293109634,0.020524673687531553,0.11976577206862653,0.09850848983258975,0.1479778027821612,1.2541839063313216,0.448267523182976,False,0.8653936479153878,False,True,
replication030_payload_com_only,20142,full,post_shift,4,0.12,0.1,0.15,0.030800150699495918,0.034426445539759966,0.024275315583438983,0.11360615563428257,0.10025738596651104,0.1510274341360594,1.3206234680928581,1.764316630513158,False,0.515039316754959,False,True,
replication030_payload_com_only,20143,full,post_shift,4,0.12,0.1,0.15,0.034945124388754606,0.05213133991910182,-0.0357549050630636,0.12042290829015613,0.09380038023016979,0.1511281887662882,1.9817219432246442,2.003011206821925,False,1.7379948960088867,False,True,
replication030_payload_com_only,20144,full,post_shift,4,0.12,0.1,0.15,0.048162786010098886,0.046385056789791906,0.02556150385385769,0.11853624184061146,0.09592783003748245,0.15315813626727823,1.117471330247551,0.023028802127732728,False,1.4814047201615463,False,True,
replication030_payload_com_only,20145,full,post_shift,4,0.12,0.1,0.15,0.034303951242278426,0.06849091252794667,-0.019548706555758782,0.11230943628395873,0.09855659909236915,0.1485202864913302,1.5949294551928654,2.168643380636153,False,0.9700824364758674,False,True,
replication030_payload_com_only,20146,full,post_shift,4,0.12,0.1,0.15,0.03655696811918776,0.03257817792979025,-0.01870990874616026,0.11575173166359964,0.0973614930965357,0.1370577355561119,1.6246355587048489,0.6217530325626587,False,1.0584702812852973,False,True,
replication030_payload_com_only,20147,full,post_shift,4,0.12,0.1,0.15,0.0496962869140732,0.0380006693218614,-0.004847298262459677,0.11433409511738728,0.099985847025377,0.15482090495271675,1.5407738498528225,0.04077384985282251,False,1.4079144262430425,False,True,
replication030_payload_com_only,20148,full,post_shift,4,0.12,0.1,0.15,0.0242035906047876,0.02473801577253913,0.028290679505000825,0.1207569252134802,0.09725266869412055,0.13579889489877134,1.4097586736949577,0.0,False,1.6224560609495415,False,True,
replication030_payload_com_only,20149,full,post_shift,4,0.12,0.1,0.15,0.04975802697221007,0.023202990933518557,0.07901779588015849,0.12009756127598797,0.10046929813046494,0.1535315409575555,0.9200157252375982,0.015776778850842277,False,1.063561079616092,False,True,
replication030_payload_com_only,20150,full,post_shift,4,0.12,0.1,0.15,0.01671092928021883,0.04717508432023697,0.008646113504073011,0.11592740373211788,0.08919844100607677,0.15006214777820032,1.575906636564694,0.0759066365646941,False,0.9129532495096121,False,True,
replication030_payload_com_only,20151,full,post_shift,4,0.12,0.1,0.15,0.04320934414728117,0.04925227923418251,0.058250048764867765,0.11096906832970709,0.09148433677460066,0.15159792687888013,0.7667031992541035,2.624695926338186,False,0.15469839711830038,False,True,
replication030_payload_com_only,20152,full,post_shift,4,0.12,0.1,0.15,0.10576026033835811,0.08756579797340515,0.12457198552251911,0.11320166003680407,0.09940442333663027,0.14746406018429356,0.034070401107648834,0.0,False,0.6064390954870471,False,True,
replication030_payload_com_only,20153,full,post_shift,4,0.12,0.1,0.15,0.1536066805277134,0.0714684471138152,0.14605427018848108,0.12440502664695297,0.091582721422099,0.13738811747287624,0.08268612791658961,0.0,False,0.343764759025881,False,True,
replication030_payload_com_only,20154,full,post_shift,4,0.12,0.1,0.15,0.06652876384707242,0.0311902070565599,0.11114022196055003,0.1199018955705232,0.09912142680832502,0.1541947926003744,0.5424486745163328,0.2591846451790012,False,0.8046692995899697,False,True,
replication030_payload_com_only,20155,full,post_shift,4,0.12,0.1,0.15,0.022388390332725758,0.032321659275955546,0.023909036787815807,0.10610991232125314,0.09743142390216036,0.14450376068077805,1.2652848429520893,0.8050594032156362,False,0.26834014043173715,False,True,
replication030_payload_com_only,20156,full,post_shift,4,0.12,0.1,0.15,0.043227718440676466,0.035518983513059495,0.07025845942608712,0.11205163547507475,0.09268599059745716,0.14959299140897278,0.7335506609951029,1.5405064540830256,False,0.22644015615965613,False,True,
replication030_payload_com_only,20157,full,post_shift,4,0.12,0.1,0.15,0.04585779874668543,0.03591435248449932,0.04986347922204095,0.11695987996518449,0.09506264908234986,0.1383289430171791,0.8442781836873858,0.0,False,0.6897628579276301,False,True,
replication030_payload_com_only,20158,full,post_shift,4,0.12,0.1,0.15,0.04916403236054639,0.04438941048185717,0.07064829335285112,0.12440056634164265,0.09709326907037327,0.15216416781277003,0.8069965054422606,0.7312690534235325,False,1.3676182378391646,False,True,
replication030_payload_com_only,20159,full,post_shift,4,0.12,0.1,0.15,0.0693141286799771,0.04526942733780987,0.09963924362530063,0.12166824804111051,0.09039819327961923,0.13240298243079593,0.6146749899904544,1.2009050900811573,False,1.04243269293663,True,True,
replication030_payload_com_only,20160,full,post_shift,4,0.12,0.1,0.15,0.07521530959693189,0.050240819958672474,0.07859043980777246,0.107506089207446,0.09258570535239104,0.15380842665523184,0.41064256991789455,1.9951916435572257,False,0.29951689150998356,False,True,
replication030_payload_com_only,20161,full,post_shift,4,0.12,0.1,0.15,0.06930905385359197,0.059261216591397985,0.12075869331874332,0.12265958954429731,0.0957833985393469,0.13681702445872093,0.26833367006213077,0.0,False,0.39013416272622115,False,True,
replication030_payload_com_only,20162,full,post_shift,4,0.12,0.1,0.15,0.027067261197296574,0.010819387752491416,0.007664427578148227,0.12002611656208086,0.09961149857477383,0.13513310878000698,2.946568836113734,3.6712884631513187,False,0.7533998746248792,True,True,
replication030_payload_com_only,20163,full,post_shift,4,0.12,0.1,0.15,0.07234933019218982,0.05899134613462129,0.06713247060469998,0.1160494661719193,0.09883496564724224,0.14866961210832844,0.4882448184587966,0.0,False,0.6516575091708603,False,True,
replication030_payload_com_only,20164,full,post_shift,4,0.12,0.1,0.15,0.0194837609752916,0.02844357831931027,0.052561271926260034,0.11993466918254456,0.08932112135233902,0.15381626196181297,1.2278681920907426,1.301248270942542,False,1.1260125753060455,False,True,
replication030_payload_com_only,20165,full,post_shift,4,0.12,0.1,0.15,0.06604309219119152,0.03311049485808189,0.0719584724639334,0.12012651490223387,0.09064876295073035,0.13307072517285523,0.539775491820765,0.0,False,1.2053063020679262,False,True,
replication030_payload_com_only,20166,full,post_shift,4,0.12,0.1,0.15,0.03547334260032315,0.038764424895343735,0.04892004372140879,0.11074911695183982,0.09386203210443637,0.1505040420390483,0.9549575123954589,2.09974850941194,False,0.1759018337065162,False,True,
replication030_payload_com_only,20167,full,post_shift,4,0.12,0.1,0.15,0.05434011852654585,0.04575638271105466,0.06536445773570318,0.11955871399897537,0.09546820780378931,0.13390251369633266,0.6061877974909341,0.0,False,0.8074981456288082,False,True,
replication030_payload_com_only,20168,full,post_shift,4,0.12,0.1,0.15,0.045257498255118635,0.04442051992714219,-0.01350580681257995,0.11937876574004945,0.10107900388462737,0.1515361821874527,1.679661596860365,0.7131080815441924,False,1.039901297645414,False,True,
replication030_payload_com_only,20169,full,post_shift,4,0.12,0.1,0.15,0.08224725665818056,0.04121978447239046,0.14762223127136798,0.11984811283664494,0.09781872478256061,0.15345635252396214,0.29006550070005294,0.0,False,0.26650776949049654,False,True,
replication030_payload_com_only,20170,full,post_shift,4,0.12,0.1,0.15,0.07266687171930161,0.03404345205443742,0.07359220681906199,0.11780713336445793,0.09864131439067732,0.14978774262737818,0.6212872235432189,0.0,False,0.8893416105712941,False,True,
replication030_payload_com_only,20171,full,post_shift,4,0.12,0.1,0.15,0.06181362366478459,0.03652510335158585,0.03695612179341922,0.11948852303127486,0.09845739358485597,0.13885665276120226,0.8705827132189846,0.0,False,0.6605505739504679,False,True,
replication030_payload_com_only,20172,full,post_shift,4,0.12,0.1,0.15,0.09003400777339386,0.061818539807705034,0.13383999421908144,0.12389363867316573,0.09641563011222894,0.13808809642310588,0.14849378189414714,0.5129074307658816,False,0.6797171339841345,False,True,
replication030_payload_com_only,20101,full,post_shift,5,-0.2,0.0,-0.2,-0.14257727164242923,0.020884230883715774,-0.12619006318623013,-0.20364105248147535,-0.00912851425097578,-0.18202517412234953,0.4513937184785565,0.0,False,0.32149394985155005,False,True,
replication030_payload_com_only,20102,full,post_shift,5,-0.2,0.0,-0.2,-0.09828356329260755,0.010797043974730565,-0.1168869569946974,-0.20520189547083648,-0.0015755553976718462,-0.1775055100887628,0.9553419142343245,0.0,False,0.5066375137276803,False,True,
replication030_payload_com_only,20103,full,post_shift,5,-0.2,0.0,-0.2,-0.11362051684901925,0.01218377667618684,-0.10818537933809927,-0.20204535775309995,-0.006610199878200142,-0.18710077245857737,0.8323746272577922,0.0,False,0.4670097328746346,False,True,
replication030_payload_com_only,20104,full,post_shift,5,-0.2,0.0,-0.2,-0.11223597058610614,0.020646961050262442,-0.0867897388996578,-0.20337711605338374,-0.005785680447240099,-0.18339334550352715,1.0258628945227855,0.0,False,0.6592269390019152,False,True,
replication030_payload_com_only,20105,full,post_shift,5,-0.2,0.0,-0.2,-0.08811873176336277,0.019398171040848424,-0.1573922874802155,-0.20503358063801608,0.0009712579227897334,-0.1849100623823354,0.9767907211194605,0.0,False,0.36800232322316023,False,True,
replication030_payload_com_only,20106,full,post_shift,5,-0.2,0.0,-0.2,-0.10386870186444033,0.02524178961217998,-0.1258132363287799,-0.20355774477475716,-0.0029994660637297547,-0.18131270512027697,0.8714706364989113,0.0,False,0.4936866211836535,False,True,
replication030_payload_com_only,20107,full,post_shift,5,-0.2,0.0,-0.2,-0.11822988743877795,0.023847627051074217,-0.14879010389131114,-0.20570643539408348,-0.0019666938079405147,-0.18748677098794453,0.635260044379629,0.38396948171391676,False,0.7317103896072421,False,True,
replication030_payload_com_only,20108,full,post_shift,5,-0.2,0.0,-0.2,-0.12153808992588025,0.027775435926412316,-0.09775192578599896,-0.20545167557601585,-0.010910677228487695,-0.18506457761457892,0.9189692351908594,0.0,False,0.7547040308771267,False,True,
replication030_payload_com_only,20109,full,post_shift,5,-0.2,0.0,-0.2,-0.07415383862331724,0.012203323967850593,-0.05755834276025004,-0.20126729134788104,0.00014349338183448457,-0.18591209211491513,1.8148067152769645,1.706172146708912,False,0.8335982518352995,False,True,
replication030_payload_com_only,20110,full,post_shift,5,-0.2,0.0,-0.2,-0.11905255866865584,0.02343449709084808,-0.13825680240556565,-0.2045653706954589,-0.008237281767490686,-0.18901274074928798,0.6723155700446125,0.0,False,0.2955427559670941,False,True,
replication030_payload_com_only,20111,full,post_shift,5,-0.2,0.0,-0.2,-0.06311365653585534,0.02193141921817123,-0.06959888672177919,-0.19938707702200398,-0.014591404637120295,-0.1817789373160664,1.9172370810740222,0.6136419896409541,False,0.7582384767894197,False,True,
replication030_payload_com_only,20112,full,post_shift,5,-0.2,0.0,-0.2,-0.14634157235843112,0.011191223883783429,-0.1275177919838039,-0.2091281634282645,-0.00608877048957311,-0.18123983601106874,0.41443506362531707,0.0,False,0.35416176019508466,False,True,
replication030_payload_com_only,20113,full,post_shift,5,-0.2,0.0,-0.2,-0.12425062440953893,0.02994397633931398,-0.114296812940432,-0.20473887036211733,-0.012413990482265493,-0.18522483033455472,0.7869008199672677,0.0,False,0.5061926292272612,False,True,
replication030_payload_com_only,20114,full,post_shift,5,-0.2,0.0,-0.2,-0.12159535691433669,0.0023896421298567824,-0.08857646728640678,-0.20328433237849428,-0.00025989193713714024,-0.18375815469054935,0.8498219458112034,0.0,False,0.548498961298541,False,True,
replication030_payload_com_only,20115,full,post_shift,5,-0.2,0.0,-0.2,-0.08109607626420222,0.012518697315155423,-0.10809381733204139,-0.20842593033029858,-0.0015934350981772853,-0.18366294324304025,1.3760349950811757,1.5418309612432421,False,0.6430560704072888,False,True,
replication030_payload_com_only,20116,full,post_shift,5,-0.2,0.0,-0.2,-0.08600549538955643,0.011095962495212046,-0.1310520085648486,-0.20385621833797324,-0.009703306177935207,-0.18323190560056468,1.101387444438215,0.0,False,0.47661321965723885,False,True,
replication030_payload_com_only,20117,full,post_shift,5,-0.2,0.0,-0.2,-0.09208807125819216,0.019804993552949967,-0.09853736513500444,-0.19803807251842356,-0.00689832630728278,-0.18525055240785085,1.1480875949422098,0.0,False,0.48840612688114754,False,True,
replication030_payload_com_only,20118,full,post_shift,5,-0.2,0.0,-0.2,-0.11305515025316223,0.018250007231354764,-0.13089472111366637,-0.208511185637364,0.00017179747434216844,-0.1854353633740742,0.7757027214047437,0.7460229423960495,False,0.47833349990676277,False,True,
replication030_payload_com_only,20119,full,post_shift,5,-0.2,0.0,-0.2,-0.0731212930604915,0.01992461354812444,-0.0860944820038552,-0.20479830790641923,-0.008521381618755732,-0.17851259710703568,1.619149574409251,0.119149574409251,False,0.5341609083414779,False,True,
replication030_payload_com_only,20120,full,post_shift,5,-0.2,0.0,-0.2,-0.1251211336168731,0.027269048070657588,-0.07938457146180113,-0.20336878051037965,-0.005237663305881062,-0.17931735133673055,0.9310101082436169,0.0,False,0.5135208254864171,False,True,
replication030_payload_com_only,20121,full,post_shift,5,-0.2,0.0,-0.2,-0.11404631305802725,0.022270462773239668,-0.15743724188894445,-0.2062071916040172,-0.005407044416622236,-0.1833541713195455,0.6637177510929378,0.0,False,0.3986170283142213,False,True,
replication030_payload_com_only,20122,full,post_shift,5,-0.2,0.0,-0.2,-0.07624098448742612,0.008721169962650419,-0.11042957628778621,-0.2030978117855159,-0.00574186333254412,-0.18224190879601515,1.3430046275101402,0.0,False,0.36307740962847934,False,True,
replication030_payload_com_only,20123,full,post_shift,5,-0.2,0.0,-0.2,-0.13443935971416826,0.019681136514303234,-0.15617005881988047,-0.2007093569219544,0.0013159039984586727,-0.18500953456890035,0.3600408675503551,0.0,False,0.3159212968022235,False,True,
replication030_payload_com_only,20124,full,post_shift,5,-0.2,0.0,-0.2,-0.10764824902805503,0.02015825730943952,-0.1825876060130041,-0.20365128787574802,-0.0031942725539927694,-0.18723578650715722,0.6689621770161224,0.0,False,0.23865576409032604,False,True,
replication030_payload_com_only,20125,full,post_shift,5,-0.2,0.0,-0.2,-0.12814752768450285,0.025821146534521253,-0.11971684685056594,-0.20949767206933975,-0.004155399682717456,-0.18316067417661727,0.6871340181789235,1.6873471810636307,False,0.4557870864519415,False,True,
replication030_payload_com_only,20126,full,post_shift,5,-0.2,0.0,-0.2,-0.1152674151894802,0.02275449892134877,-0.15638738523808887,-0.20547501586950842,0.000269143747428071,-0.18473699428216245,0.6270364162473697,0.0,False,0.6447232290387692,False,True,
replication030_payload_com_only,20127,full,post_shift,5,-0.2,0.0,-0.2,-0.05462728238183402,0.0067743496006710145,-0.10663334743609612,-0.20327029980879777,-0.010606867078691124,-0.18483507407008598,1.8018507785957452,0.471125091310994,False,0.6537560354819153,False,True,
replication030_payload_com_only,20128,full,post_shift,5,-0.2,0.0,-0.2,-0.07385282698596886,0.017588085960250036,-0.0683033322178333,-0.2062829742778434,-0.0037933092285642647,-0.18273347765009113,1.7658671620689725,2.12247985920666,False,1.0025745629207148,False,True,
replication030_payload_com_only,20129,full,post_shift,5,-0.2,0.0,-0.2,-0.11266975945403883,0.013947436128317746,-0.1231849648474674,-0.2063189207534382,-0.0002788042142750096,-0.18030335551822568,0.7573413564858679,0.0,False,0.39248737248050286,False,True,
replication030_payload_com_only,20130,full,post_shift,5,-0.2,0.0,-0.2,-0.08258800296738524,0.017779585570630082,-0.14085916490641653,-0.20737132812054987,-0.008240348206512023,-0.18161164269853217,1.1866641440599588,0.0,False,0.6069346302921499,False,True,
replication030_payload_com_only,20131,full,post_shift,5,-0.2,0.0,-0.2,-0.10144274780954614,-0.00020790818283694275,-0.07988247429475527,-0.20188470422597857,-0.005399972172021844,-0.18302957043976645,1.1515859818733307,0.0,False,0.8577105751454395,False,True,
replication030_payload_com_only,20132,full,post_shift,5,-0.2,0.0,-0.2,-0.13587499479965137,0.016666383220302887,-0.14531246694152913,-0.2031166858607501,-0.0073306696886712265,-0.18464047070154213,0.4084233045425962,0.0,False,0.2545928318480757,False,True,
replication030_payload_com_only,20133,full,post_shift,5,-0.2,0.0,-0.2,-0.09675097575556672,0.017638408394864885,-0.1168337141729126,-0.2058466412798531,-0.004423749246302277,-0.1876844231139065,1.0694120291950222,0.2795223415268243,False,0.6668343110602559,False,True,
replication030_payload_com_only,20134,full,post_shift,5,-0.2,0.0,-0.2,-0.12909951413523563,0.02767558720313561,-0.1304672575962171,-0.20799890904748136,0.002045137416888385,-0.18170935172422112,0.5835134220613682,0.4085355564541906,False,0.387873683333096,False,True,
replication030_payload_com_only,20135,full,post_shift,5,-0.2,0.0,-0.2,-0.11869799443992977,0.025310994146604204,-0.11586542359140362,-0.2041923423908764,-0.0014596846349955559,-0.18615852308086475,0.7653000343689641,1.4719639545912728,False,0.5524429703885999,False,True,
replication030_payload_com_only,20136,full,post_shift,5,-0.2,0.0,-0.2,-0.10928589816700815,0.02862229050868848,-0.14549681663918965,-0.20573368307249792,-0.001242646136255988,-0.1834921448762091,0.7615653619755851,0.9638966998901342,False,0.39798292940207713,False,True,
replication030_payload_com_only,20137,full,post_shift,5,-0.2,0.0,-0.2,-0.11216021108724882,0.02047907035223892,-0.17023487379645633,-0.20281859591697382,-0.0057749622960179565,-0.19068294565512509,0.6281115612830926,0.0,False,0.10956242429433552,False,True,
replication030_payload_com_only,20138,full,post_shift,5,-0.2,0.0,-0.2,-0.12825371822372156,0.020311264148966432,-0.14472019929564583,-0.20712274801571418,-0.0011476979255513509,-0.1858940846802045,0.523382983606537,0.0,False,0.4123070552624464,False,True,
replication030_payload_com_only,20139,full,post_shift,5,-0.2,0.0,-0.2,-0.06269208990364292,0.0025749957941392037,-0.1514986702334354,-0.20352058071106102,0.000806890994577231,-0.18058811981691927,1.3962162038740376,0.0,False,0.5451820523105444,False,True,
replication030_payload_com_only,20140,full,post_shift,5,-0.2,0.0,-0.2,-0.12323721140822917,0.026593657774609473,-0.13031436707223834,-0.20856324937919649,0.003531480681028075,-0.1844822839830112,0.650470153008903,0.0,False,0.4727619084317373,False,True,
replication030_payload_com_only,20141,full,post_shift,5,-0.2,0.0,-0.2,-0.09041021827286425,0.009597233261507862,-0.13197158346377727,-0.2067514729241182,-0.001658870954803411,-0.18321792695536912,1.0517199478361032,0.0,False,0.5362900033172147,False,True,
replication030_payload_com_only,20142,full,post_shift,5,-0.2,0.0,-0.2,-0.11970447487548344,0.022857653277066927,-0.1180794521461797,-0.20767453734098423,-0.002644193987705969,-0.1811850804511228,0.7490673553334442,1.013383985846602,False,0.3632003317311719,False,True,
replication030_payload_com_only,20143,full,post_shift,5,-0.2,0.0,-0.2,-0.11897920814544825,0.018259655871886528,-0.07384062226734663,-0.20387986888439188,0.0015624058489788902,-0.18048014110043586,1.0059210791561786,1.5089322859781034,False,0.5012943402028167,False,True,
replication030_payload_com_only,20144,full,post_shift,5,-0.2,0.0,-0.2,-0.1057816704821279,0.02060486584098286,-0.09704459025819091,-0.20624655216985707,-0.005224340501433293,-0.18369572577084786,1.0664757849585487,0.0,False,0.4808098231419901,False,True,
replication030_payload_com_only,20145,full,post_shift,5,-0.2,0.0,-0.2,-0.13724819954687018,-0.026544184767803174,-0.10568654949265875,-0.2071026989915232,0.0008293161321511022,-0.17980264583027053,0.6235404343139114,1.2921838149500644,False,0.663672711621541,False,True,
replication030_payload_com_only,20146,full,post_shift,5,-0.2,0.0,-0.2,-0.11315117902814109,0.02088153789145674,-0.11382593604743259,-0.20236561179227672,-0.005507826679589771,-0.1781407762832332,0.7735330387264391,0.0,False,0.4954060170538679,False,True,
replication030_payload_com_only,20147,full,post_shift,5,-0.2,0.0,-0.2,-0.12920862562890853,0.01899982955341572,-0.13693059392088958,-0.20649324788163662,0.0023001480635695334,-0.18477543102451502,0.5169565267128592,0.0,False,0.3922205241670225,False,True,
replication030_payload_com_only,20148,full,post_shift,5,-0.2,0.0,-0.2,-0.10604550594722645,0.02905375207252683,-0.13366399372039142,-0.19797657857936804,-0.002994182245618763,-0.18171287536035438,0.7386461765119439,0.0,False,0.25693653139862266,False,True,
replication030_payload_com_only,20149,full,post_shift,5,-0.2,0.0,-0.2,-0.11241507033897061,0.03506969162190386,-0.10858876645231424,-0.20600726450817033,-0.008427796577609621,-0.1859990145287513,0.9917185002177832,0.0,False,0.8655471289113975,False,True,
replication030_payload_com_only,20150,full,post_shift,5,-0.2,0.0,-0.2,-0.11312846599451987,0.02369002304861978,-0.10786181538398175,-0.19884158787490355,-0.00027748572419352666,-0.18330408917094274,0.7923499026638625,0.0,False,0.32324103972857765,False,True,
replication030_payload_com_only,20151,full,post_shift,5,-0.2,0.0,-0.2,-0.0858916845786787,0.0020743682670900415,-0.11852216867117563,-0.20560011790289137,-0.0012124841623007516,-0.1853468197605317,1.1789864276813902,2.3036823540195766,False,0.9075842284504284,False,True,
replication030_payload_com_only,20152,full,post_shift,5,-0.2,0.0,-0.2,-0.08760179048182144,0.008322956397545362,-0.11215940513936615,-0.20881459039965297,0.0018236071074068335,-0.1855131036848654,1.2274050272962815,0.0,False,0.8572191149248044,False,True,
replication030_payload_com_only,20153,full,post_shift,5,-0.2,0.0,-0.2,-0.09825032707893286,0.009615809601447367,-0.13345982679139,-0.20756898890663344,-0.0118004648157136,-0.18061168348619122,0.9482590816452214,0.0,False,0.4708968001408112,False,True,
replication030_payload_com_only,20154,full,post_shift,5,-0.2,0.0,-0.2,-0.09810478326722216,0.026458691173109238,-0.12673443111551866,-0.20840317699388664,0.002063345780434472,-0.18430914442682864,1.0037372536466942,0.0,False,0.5587658233921685,False,True,
replication030_payload_com_only,20155,full,post_shift,5,-0.2,0.0,-0.2,-0.10971701615051282,0.02021815065329815,-0.13218471596152098,-0.20509310101571016,-0.004190357581036802,-0.1847207772834567,0.7847928697395856,0.0898522729552218,False,0.4891521073512447,False,True,
replication030_payload_com_only,20156,full,post_shift,5,-0.2,0.0,-0.2,-0.07903997597123465,0.01349627195930099,-0.08774245248136552,-0.20896212227467745,-0.0005073534446770686,-0.1846299854568953,1.5760325046160697,1.6165389586990953,False,1.125403389021731,False,True,
replication030_payload_com_only,20157,full,post_shift,5,-0.2,0.0,-0.2,-0.13639201458521666,0.018620018416681185,-0.16071572219824518,-0.2056225494818139,-0.005911018600719173,-0.18062539098585093,0.38489467955597617,0.0,False,0.12258558872007017,False,True,
replication030_payload_com_only,20158,full,post_shift,5,-0.2,0.0,-0.2,-0.14489140586419802,0.023473674769496806,-0.15345189321912187,-0.20311226691495235,-0.0031208410930179497,-0.18059817950661222,0.31052447662604704,0.0,False,0.39308785881278063,False,True,
replication030_payload_com_only,20159,full,post_shift,5,-0.2,0.0,-0.2,-0.05076551185121038,0.01705036006250567,-0.05010218705566435,-0.2006796970164519,-0.004996896855952352,-0.18431445717934355,2.3621537066128835,2.063058796694041,False,0.863942545662514,False,True,
replication030_payload_com_only,20160,full,post_shift,5,-0.2,0.0,-0.2,-0.053738751007679816,0.010221663416924397,-0.09045808349358442,-0.20414959663510476,-0.0035604128567359515,-0.18464389549602125,1.9513829733650814,2.446574616922307,False,1.1303265700134444,False,True,
replication030_payload_com_only,20161,full,post_shift,5,-0.2,0.0,-0.2,-0.0965484781070777,0.005036225756463365,-0.13315714172514134,-0.20538887987539972,-0.007564556248493038,-0.18528725257725684,0.942100010903105,0.0,False,0.592288903463981,False,True,
replication030_payload_com_only,20162,full,post_shift,5,-0.2,0.0,-0.2,-0.09561145658862845,0.030254371256535625,-0.09141178392068065,-0.20942866786501,-0.008961784685811403,-0.1827684457176473,1.357353044883099,3.5286415080344176,False,0.9937670419990746,False,True,
replication030_payload_com_only,20163,full,post_shift,5,-0.2,0.0,-0.2,-0.12959747979145458,0.02079996361642673,-0.14555266730642055,-0.19944230048844316,-0.0010039948712337423,-0.18373591595093255,0.4305326232993363,0.0,False,0.33801326744928895,False,True,
replication030_payload_com_only,20164,full,post_shift,5,-0.2,0.0,-0.2,-0.06101790677599028,0.019494609782568464,-0.0530082244745837,-0.20303473500417737,-0.012294304377223206,-0.18380116351855255,2.200542457708706,2.001790728651248,False,0.7657449359467552,False,True,
replication030_payload_com_only,20165,full,post_shift,5,-0.2,0.0,-0.2,-0.10942784007408106,0.02507820403916856,-0.08928630853617456,-0.20002493800828514,-0.010201143375137289,-0.18123640441136282,1.0191911785231456,0.0,False,0.5983793592301143,False,True,
replication030_payload_com_only,20166,full,post_shift,5,-0.2,0.0,-0.2,-0.11483033849962232,0.02471435919720188,-0.14360655692098828,-0.2048696548392428,-0.0013844475577492858,-0.18670168715133129,0.6833023441109978,1.283050853522938,False,0.4000887490684978,False,True,
replication030_payload_com_only,20167,full,post_shift,5,-0.2,0.0,-0.2,-0.07299273864992616,0.008885059735011924,-0.1410593816551277,-0.198043315562328,-0.008999731230980102,-0.1893096934781622,1.19519045541575,0.0,False,0.5394227845093932,False,True,
replication030_payload_com_only,20168,full,post_shift,5,-0.2,0.0,-0.2,-0.11300585412070953,0.024175210856217506,-0.12411559895929153,-0.2049993802495997,0.003174842974978248,-0.1873616146295638,0.7694071705735425,0.0,False,0.5239148056655816,False,True,
replication030_payload_com_only,20169,full,post_shift,5,-0.2,0.0,-0.2,-0.07811690524856484,0.0227660434706298,-0.1569792904800759,-0.2039988368068153,0.0007147694722905775,-0.1866282016780037,1.1385190520421247,0.0,False,0.5559947080580455,False,True,
replication030_payload_com_only,20170,full,post_shift,5,-0.2,0.0,-0.2,-0.1307021267729627,0.024377370673854707,-0.15112175159270402,-0.20376811259930042,0.004466815122348961,-0.18454099891941317,0.43299295086521955,0.0,False,0.41956845932129366,False,True,
replication030_payload_com_only,20171,full,post_shift,5,-0.2,0.0,-0.2,-0.12840905227238697,0.016511879392129284,-0.15239430675768076,-0.2086533613373932,-0.00412449624863333,-0.17829438355128183,0.49948241771779495,0.0,False,0.254373876302146,False,True,
replication030_payload_com_only,20172,full,post_shift,5,-0.2,0.0,-0.2,-0.051649290908324756,0.020137530133866967,-0.0655361366282402,-0.2053830104410817,-0.009603507957934607,-0.1774746214432734,2.2286611531612244,1.241568583927106,False,0.7472605724303825,False,True,
