scenario,seed,method,phase,recovery_trial,source,cmd_vx,cmd_vy,cmd_wz,measured_vx,measured_vy,measured_wz,predicted_vx,predicted_vy,predicted_wz,rolling_rmse,target_rmse,recovered,valid,safety_events
friction_payload_gain_shift,6601,full,adaptation,1,active,0.31750029847025873,-0.16135344980284572,-0.06948299128562208,0.19162344904597362,-0.1376375891925971,0.048073676009440625,nan,nan,nan,nan,0.14,False,True,
friction_payload_gain_shift,6602,full,adaptation,1,active,0.31750029847025873,-0.16135344980284572,-0.06948299128562208,0.22988198201669693,-0.17564345623723773,0.015578671289657757,nan,nan,nan,nan,0.14,False,True,
friction_payload_gain_shift,6603,full,adaptation,1,active,0.31750029847025873,-0.16135344980284572,-0.06948299128562208,0.044183142957811,0.0070224662924729345,0.017162529179030984,nan,nan,nan,nan,0.14,False,False,BASE_HEIGHT_LIMIT
friction_payload_gain_shift,6604,full,adaptation,1,active,0.31750029847025873,-0.16135344980284572,-0.06948299128562208,0.18340983519013926,-0.12568534319327357,-0.17044157446762356,nan,nan,nan,nan,0.1336643572624446,False,True,
friction_payload_gain_shift,6605,full,adaptation,1,active,0.31750029847025873,-0.16135344980284572,-0.06948299128562208,0.07313476089830577,-0.004845506784448874,0.004195766143831427,nan,nan,nan,nan,0.1319756985278108,False,False,BASE_HEIGHT_LIMIT
friction_payload_gain_shift,6606,full,adaptation,1,active,0.31750029847025873,-0.16135344980284572,-0.06948299128562208,0.2635018329563805,-0.13675632538350707,0.050934712810223576,nan,nan,nan,nan,0.14,False,True,
friction_payload_gain_shift,6607,full,adaptation,1,active,0.31750029847025873,-0.16135344980284572,-0.06948299128562208,0.06321737863707476,0.0021642643562183998,0.042345099454796704,nan,nan,nan,nan,0.14,False,False,BASE_HEIGHT_LIMIT
friction_payload_gain_shift,6608,full,adaptation,1,active,0.31750029847025873,-0.16135344980284572,-0.06948299128562208,0.23684271875998586,-0.06083235729661122,-0.041853375517397054,nan,nan,nan,nan,0.14,False,True,
friction_payload_gain_shift,6609,full,adaptation,1,active,0.31750029847025873,-0.16135344980284572,-0.06948299128562208,0.09545181640208864,-0.049127480263272884,-0.07390440009631324,nan,nan,nan,nan,0.14,False,False,BASE_HEIGHT_LIMIT
friction_payload_gain_shift,6610,full,adaptation,1,active,0.31750029847025873,-0.16135344980284572,-0.06948299128562208,0.060349271069796755,-0.0163990152575423,0.03537348589803494,nan,nan,nan,nan,0.14,False,False,BASE_HEIGHT_LIMIT
friction_payload_gain_shift,6611,full,adaptation,1,active,0.31750029847025873,-0.16135344980284572,-0.06948299128562208,0.19068723450762193,-0.0696659166887794,-0.03103569211321125,nan,nan,nan,nan,0.14,False,True,
friction_payload_gain_shift,6612,full,adaptation,1,active,0.31750029847025873,-0.16135344980284572,-0.06948299128562208,0.03623209795769263,0.01909524083887693,0.029744982143559032,nan,nan,nan,nan,0.14,False,False,BASE_HEIGHT_LIMIT
friction_payload_gain_shift,6613,full,adaptation,1,active,0.31750029847025873,-0.16135344980284572,-0.06948299128562208,0.006362407860376006,0.029607832037922638,0.024059675263266227,nan,nan,nan,nan,0.14,False,False,BASE_HEIGHT_LIMIT
friction_payload_gain_shift,6614,full,adaptation,1,active,0.31750029847025873,-0.16135344980284572,-0.06948299128562208,0.21307388027298557,-0.07566817262714769,-0.07198836946313592,nan,nan,nan,nan,0.14,False,True,
friction_payload_gain_shift,6615,full,adaptation,1,active,0.31750029847025873,-0.16135344980284572,-0.06948299128562208,0.2408226774675232,-0.07544262835743823,-0.003114639245459076,nan,nan,nan,nan,0.13804257178093676,False,True,
friction_payload_gain_shift,6616,full,adaptation,1,active,0.31750029847025873,-0.16135344980284572,-0.06948299128562208,0.2134848477283244,-0.10665411608514191,-0.04477998159501737,nan,nan,nan,nan,0.13712407149091949,False,True,
friction_payload_gain_shift,6617,full,adaptation,1,active,0.31750029847025873,-0.16135344980284572,-0.06948299128562208,0.20499741512810796,-0.09861622540026933,-0.10108241474803287,nan,nan,nan,nan,0.14,False,True,
friction_payload_gain_shift,6618,full,adaptation,1,active,0.31750029847025873,-0.16135344980284572,-0.06948299128562208,0.09233982005772579,-0.01633448653507522,0.050714907628972204,nan,nan,nan,nan,0.14,False,False,BASE_HEIGHT_LIMIT
friction_payload_gain_shift,6619,full,adaptation,1,active,0.31750029847025873,-0.16135344980284572,-0.06948299128562208,0.2548164643945911,-0.07659321287468628,-0.03298692670029797,nan,nan,nan,nan,0.1352968821647761,False,True,
friction_payload_gain_shift,6620,full,adaptation,1,active,0.31750029847025873,-0.16135344980284572,-0.06948299128562208,0.2593986477312137,-0.09503100078727976,-0.058050994344512025,nan,nan,nan,nan,0.14,False,True,
friction_payload_gain_shift,6601,full,validation,1,rolling_fixed_holdout,-0.3,0.0,-0.35,-0.07166477334944465,0.03126998740602323,-0.1842514494562815,-0.2994479399695228,-0.0043057843061770785,-0.3156119303404507,nan,0.14,False,True,
friction_payload_gain_shift,6602,full,validation,1,rolling_fixed_holdout,-0.3,0.0,-0.35,-0.07822346174628024,0.03832966717133718,-0.1289646995132436,-0.29671417717878396,-0.003560070283520103,-0.2970401529293823,nan,0.14,False,True,
friction_payload_gain_shift,6603,full,validation,1,rolling_fixed_holdout,-0.3,0.0,-0.35,-0.15278276653929063,0.035725329503391225,-0.1363675989865295,-0.26968990299464596,0.001452238685245679,-0.3080466313385985,nan,0.14,False,True,
friction_payload_gain_shift,6604,full,validation,1,rolling_fixed_holdout,-0.3,0.0,-0.35,-0.10301950761373724,0.03629605160400906,-0.1782071948075965,-0.25404075920023844,0.0003082567069252563,-0.310308869359396,nan,0.1336643572624446,False,True,
friction_payload_gain_shift,6605,full,validation,1,rolling_fixed_holdout,-0.3,0.0,-0.35,-0.10065998652582551,0.032484365799688344,-0.20642445712140933,-0.2640969623949594,0.008635163050246489,-0.3113769494737188,nan,0.1319756985278108,False,True,
friction_payload_gain_shift,6606,full,validation,1,rolling_fixed_holdout,-0.3,0.0,-0.35,-0.10340293752371477,0.051055899602439246,-0.28003673675190466,-0.2960361013372126,-0.013257281343671878,-0.31261290378207784,nan,0.14,False,True,
friction_payload_gain_shift,6607,full,validation,1,rolling_fixed_holdout,-0.3,0.0,-0.35,-0.18721508190712274,0.021416863604666648,-0.3024601459430572,-0.27770186829214033,0.007749193727105378,-0.3109898517105351,nan,0.14,False,True,
friction_payload_gain_shift,6608,full,validation,1,rolling_fixed_holdout,-0.3,0.0,-0.35,-0.11194704214002577,0.04375872031900829,-0.19977271612084593,-0.2925259809682275,-0.015615161444709973,-0.2845181137159609,nan,0.14,False,True,
friction_payload_gain_shift,6609,full,validation,1,rolling_fixed_holdout,-0.3,0.0,-0.35,-0.2013367283701776,0.02878312598562434,-0.2218292915752928,-0.3077357138547294,-0.0009906079986567655,-0.30482867024387933,nan,0.14,False,True,
friction_payload_gain_shift,6610,full,validation,1,rolling_fixed_holdout,-0.3,0.0,-0.35,-0.15481381460760774,0.01776417004319251,-0.23042838574835942,-0.30131875269574004,-0.00014401985689853908,-0.2994659558030834,nan,0.14,False,True,
friction_payload_gain_shift,6611,full,validation,1,rolling_fixed_holdout,-0.3,0.0,-0.35,-0.09441610311834159,0.04493124667397682,-0.20365853637136508,-0.27970641750192676,-0.00634596275271538,-0.30107107971211355,nan,0.14,False,True,
friction_payload_gain_shift,6612,full,validation,1,rolling_fixed_holdout,-0.3,0.0,-0.35,-0.16475866882043408,0.016577964213078198,-0.2654738506650778,-0.2896582048046655,0.0024040382824825593,-0.3060142606398367,nan,0.14,False,True,
friction_payload_gain_shift,6613,full,validation,1,rolling_fixed_holdout,-0.3,0.0,-0.35,-0.11520101465165723,0.02711254198163933,-0.15567096903084748,-0.2684345498397452,0.005659856238761778,-0.30552573735034416,nan,0.14,False,True,
friction_payload_gain_shift,6614,full,validation,1,rolling_fixed_holdout,-0.3,0.0,-0.35,-0.09501994705988588,0.03766886193596992,-0.24039511164834546,-0.2967376984192729,-0.00821839606628728,-0.2833381040062122,nan,0.14,False,True,
friction_payload_gain_shift,6615,full,validation,1,rolling_fixed_holdout,-0.3,0.0,-0.35,-0.16447408337313335,0.027623704583071278,-0.12093990443033903,-0.2597976624228236,0.0030831223240999892,-0.31656628958661825,nan,0.13804257178093676,False,True,
friction_payload_gain_shift,6616,full,validation,1,rolling_fixed_holdout,-0.3,0.0,-0.35,-0.07495911340913983,0.04167117152077283,-0.260142457722218,-0.27278543463382277,-0.006022872105295851,-0.31890397757133293,nan,0.13712407149091949,False,True,
friction_payload_gain_shift,6617,full,validation,1,rolling_fixed_holdout,-0.3,0.0,-0.35,-0.0909406379267239,0.021330424165900454,-0.22461904821053133,-0.2937042642197754,-0.011392611835847893,-0.2928104882549876,nan,0.14,False,True,
friction_payload_gain_shift,6618,full,validation,1,rolling_fixed_holdout,-0.3,0.0,-0.35,-0.07498747493448618,0.03391848255369364,-0.2675477192868433,-0.3156775448931168,-0.004995391380571494,-0.31139307317938303,nan,0.14,False,True,
friction_payload_gain_shift,6619,full,validation,1,rolling_fixed_holdout,-0.3,0.0,-0.35,-0.09441052307649034,0.040511962015256545,-0.25782426390257257,-0.2597107632972275,-0.00347003401961832,-0.3157268598660513,nan,0.1352968821647761,False,True,
friction_payload_gain_shift,6620,full,validation,1,rolling_fixed_holdout,-0.3,0.0,-0.35,-0.11712027665947491,0.04520799638707323,-0.20466115893059078,-0.25971146593677813,-0.002416990252564916,-0.3222609746526953,nan,0.14,False,True,
friction_payload_gain_shift,6601,full,adaptation,2,active,0.19674673974514012,0.03082689782604575,-0.5902314780279994,0.13687308132049414,-0.05823824165308364,-0.2909950862950992,nan,nan,nan,nan,0.14,False,True,
friction_payload_gain_shift,6602,full,adaptation,2,active,0.19674673974514012,0.03082689782604575,-0.5902314780279994,0.051764383159373525,-0.024969580800084906,-0.24504320875540045,nan,nan,nan,nan,0.14,False,True,
friction_payload_gain_shift,6603,full,adaptation,2,active,0.19674673974514012,0.03082689782604575,-0.5902314780279994,0.004952250498734894,-0.029667531011332626,-0.263561723486429,nan,nan,nan,nan,0.14,False,True,
friction_payload_gain_shift,6604,full,adaptation,2,active,0.19674673974514012,0.03082689782604575,-0.5902314780279994,0.04729782291294883,0.010413027916323724,-0.18439226872341696,nan,nan,nan,nan,0.1336643572624446,False,True,
friction_payload_gain_shift,6605,full,adaptation,2,active,0.19674673974514012,0.03082689782604575,-0.5902314780279994,0.05422038467071048,0.0016760725293290207,-0.2415788399146504,nan,nan,nan,nan,0.1319756985278108,False,True,
friction_payload_gain_shift,6606,full,adaptation,2,active,0.19674673974514012,0.03082689782604575,-0.5902314780279994,0.07405908692234753,-0.037548679210747976,-0.2827064745343999,nan,nan,nan,nan,0.14,False,True,
friction_payload_gain_shift,6607,full,adaptation,2,active,0.19674673974514012,0.03082689782604575,-0.5902314780279994,0.020120382149011476,-0.002377788887061054,-0.12711848557713323,nan,nan,nan,nan,0.14,False,True,
friction_payload_gain_shift,6608,full,adaptation,2,active,0.19674673974514012,0.03082689782604575,-0.5902314780279994,0.04184309682713791,-0.022927757028961975,-0.3258930949627222,nan,nan,nan,nan,0.14,False,True,
friction_payload_gain_shift,6609,full,adaptation,2,active,0.19674673974514012,0.03082689782604575,-0.5902314780279994,0.013881945282500904,-0.030492748260913912,-0.17992466395390838,nan,nan,nan,nan,0.14,False,True,
friction_payload_gain_shift,6610,full,adaptation,2,active,0.19674673974514012,0.03082689782604575,-0.5902314780279994,0.017391533662906467,-0.03277851198468969,-0.2564460666637108,nan,nan,nan,nan,0.14,False,True,
friction_payload_gain_shift,6611,full,adaptation,2,active,0.19674673974514012,0.03082689782604575,-0.5902314780279994,0.08811036324492992,-0.0312605900739406,-0.29745195763021265,nan,nan,nan,nan,0.14,False,True,
friction_payload_gain_shift,6612,full,adaptation,2,active,0.19674673974514012,0.03082689782604575,-0.5902314780279994,0.01689842869892503,-0.00579336639433642,-0.21928622276251863,nan,nan,nan,nan,0.14,False,True,
friction_payload_gain_shift,6613,full,adaptation,2,active,0.19674673974514012,0.03082689782604575,-0.5902314780279994,0.2045823362004443,0.018693927593433992,-0.43754875573669977,nan,nan,nan,nan,0.14,False,True,
friction_payload_gain_shift,6614,full,adaptation,2,active,0.19674673974514012,0.03082689782604575,-0.5902314780279994,0.14737606894334312,-0.02697936847070806,-0.4020702102015027,nan,nan,nan,nan,0.14,False,True,
friction_payload_gain_shift,6615,full,adaptation,2,active,0.19674673974514012,0.03082689782604575,-0.5902314780279994,0.04749797436086533,-0.021478737533096814,-0.2781493639432437,nan,nan,nan,nan,0.13804257178093676,False,True,
friction_payload_gain_shift,6616,full,adaptation,2,active,0.19674673974514012,0.03082689782604575,-0.5902314780279994,0.12676505004694605,-0.047769606474728714,-0.32050222991814636,nan,nan,nan,nan,0.13712407149091949,False,True,
friction_payload_gain_shift,6617,full,adaptation,2,active,0.19674673974514012,0.03082689782604575,-0.5902314780279994,0.030336298227140648,-0.003874702995692572,-0.14577761182858354,nan,nan,nan,nan,0.14,False,True,
friction_payload_gain_shift,6618,full,adaptation,2,active,0.19674673974514012,0.03082689782604575,-0.5902314780279994,0.036510681887940766,-0.03305430736875086,-0.26093617642157046,nan,nan,nan,nan,0.14,False,True,
friction_payload_gain_shift,6619,full,adaptation,2,active,0.19674673974514012,0.03082689782604575,-0.5902314780279994,0.17329208591776096,-0.021295226754559846,-0.369286264377296,nan,nan,nan,nan,0.1352968821647761,False,True,
friction_payload_gain_shift,6620,full,adaptation,2,active,0.19674673974514012,0.03082689782604575,-0.5902314780279994,0.05111564281100929,-0.01302491520716984,-0.2765029248294399,nan,nan,nan,nan,0.14,False,True,
friction_payload_gain_shift,6601,full,validation,2,rolling_fixed_holdout,-0.3,0.0,0.35,-0.22082785674790442,-0.016028019095589346,0.17239724168689027,-0.30615273137388965,-0.009898791211953686,0.30415461003691163,nan,0.14,False,True,
friction_payload_gain_shift,6602,full,validation,2,rolling_fixed_holdout,-0.3,0.0,0.35,-0.06345958938037675,0.014112661550200349,-0.06063984105575868,-0.29852779853667116,-0.003269472482069704,0.2993759363221627,nan,0.14,False,True,
friction_payload_gain_shift,6603,full,validation,2,rolling_fixed_holdout,-0.3,0.0,0.35,-0.04138639305904654,0.02661360348138925,-0.05613448649835231,-0.2595906208180493,0.009729608466562229,0.26870910740737985,nan,0.14,False,True,
friction_payload_gain_shift,6604,full,validation,2,rolling_fixed_holdout,-0.3,0.0,0.35,-0.017640887878371193,0.02083817986750412,-0.010911336975834934,-0.22056456487996706,0.02296278390526842,0.27217078928607497,nan,0.1336643572624446,False,True,
friction_payload_gain_shift,6605,full,validation,2,rolling_fixed_holdout,-0.3,0.0,0.35,-0.010500138193542128,0.008398779621740472,-0.014477671181507817,-0.2318279559600473,0.020105925666386058,0.25655066295229584,nan,0.1319756985278108,False,True,
friction_payload_gain_shift,6606,full,validation,2,rolling_fixed_holdout,-0.3,0.0,0.35,-0.033264231154162785,0.0219729023362478,-0.04534544626404828,-0.29588848671718726,-0.003537435506800689,0.2914772227300679,nan,0.14,False,True,
friction_payload_gain_shift,6607,full,validation,2,rolling_fixed_holdout,-0.3,0.0,0.35,-0.010403401256701666,0.008077042443461285,-0.019061646664227182,-0.252327038182832,0.016657226933635152,0.25621326486610857,nan,0.14,False,True,
friction_payload_gain_shift,6608,full,validation,2,rolling_fixed_holdout,-0.3,0.0,0.35,-0.041272031667504386,0.02483788155599782,-0.06039533234522702,-0.2995179438093684,-0.007313274739369733,0.2982419599485575,nan,0.14,False,True,
friction_payload_gain_shift,6609,full,validation,2,rolling_fixed_holdout,-0.3,0.0,0.35,-0.16735975566337713,-0.07300702913621582,0.18451452963310502,-0.3102118959674403,-0.01381004059814405,0.32507903894441464,nan,0.14,False,True,
friction_payload_gain_shift,6610,full,validation,2,rolling_fixed_holdout,-0.3,0.0,0.35,-0.019788314084672635,0.00040175113599265024,0.011165057687238205,-0.30243689429570203,-0.00035428525208011695,0.28325534275670167,nan,0.14,False,True,
friction_payload_gain_shift,6611,full,validation,2,rolling_fixed_holdout,-0.3,0.0,0.35,-0.048249991564225214,0.014857884919970506,-0.0439329425327857,-0.277376581080868,0.0011862640769804145,0.27577051625559723,nan,0.14,False,True,
friction_payload_gain_shift,6612,full,validation,2,rolling_fixed_holdout,-0.3,0.0,0.35,-0.01610959593073092,0.001129362093450105,0.007620094614723335,-0.2838336644902648,0.011313968954775605,0.27834086389607254,nan,0.14,False,True,
friction_payload_gain_shift,6613,full,validation,2,rolling_fixed_holdout,-0.3,0.0,0.35,-0.14083608302528003,-0.005462911723663247,0.004885591049148168,-0.23214262328016932,0.020976293569489424,0.254254236020988,nan,0.14,False,True,
friction_payload_gain_shift,6614,full,validation,2,rolling_fixed_holdout,-0.3,0.0,0.35,-0.048791437352059354,0.0053752655256958356,0.01718818335435257,-0.30016352922874445,-0.009766798872555563,0.291208038989895,nan,0.14,False,True,
friction_payload_gain_shift,6615,full,validation,2,rolling_fixed_holdout,-0.3,0.0,0.35,-0.04207764134159011,0.019867234320940143,-0.050681283129113075,-0.23822460009105065,0.019009210802903364,0.2514315644716082,nan,0.13804257178093676,False,True,
friction_payload_gain_shift,6616,full,validation,2,rolling_fixed_holdout,-0.3,0.0,0.35,-0.01735373218098408,0.01038605336192753,0.004298407791241721,-0.25013265122713935,0.015228238890060471,0.26430350114552603,nan,0.13712407149091949,False,True,
friction_payload_gain_shift,6617,full,validation,2,rolling_fixed_holdout,-0.3,0.0,0.35,-0.014599337347408904,0.012168631574460544,-0.013992436173441668,-0.2996329837458911,-0.010060094282457627,0.2919992969100836,nan,0.14,False,True,
friction_payload_gain_shift,6618,full,validation,2,rolling_fixed_holdout,-0.3,0.0,0.35,-0.17267182214987603,-0.04225930876468411,0.16618983197877682,-0.30742714407786126,-0.013788121700352244,0.32369300387540423,nan,0.14,False,True,
friction_payload_gain_shift,6619,full,validation,2,rolling_fixed_holdout,-0.3,0.0,0.35,-0.03469096320296075,0.0142403165037561,-0.00906164063432659,-0.22991503746996125,0.0158787358258962,0.2620389032662342,nan,0.1352968821647761,False,True,
friction_payload_gain_shift,6620,full,validation,2,rolling_fixed_holdout,-0.3,0.0,0.35,-0.0356250720002994,0.018835310537464536,-0.0128682449601338,-0.22781477393707217,0.017276895645907217,0.2646054821668317,nan,0.14,False,True,
friction_payload_gain_shift,6601,full,adaptation,3,active,-0.3647327356040478,0.00695085059851408,-0.31495139840990305,-0.17487558821665358,0.004004292677008113,-0.23258443365555176,nan,nan,nan,nan,0.14,False,True,
friction_payload_gain_shift,6602,full,adaptation,3,active,-0.3647327356040478,0.00695085059851408,-0.31495139840990305,-0.15006245145657657,0.011729705379356362,-0.1494052405758022,nan,nan,nan,nan,0.14,False,True,
friction_payload_gain_shift,6603,full,adaptation,3,active,0.18380555212497707,-0.23171630734577775,-0.08808133266866203,0.1172369679661517,-0.1216228310381463,-0.045251582268376604,nan,nan,nan,nan,0.14,False,True,
friction_payload_gain_shift,6604,full,adaptation,3,active,-0.3647327356040478,0.00695085059851408,-0.31495139840990305,-0.11781948781071036,0.03741162221314484,-0.16475402466207736,nan,nan,nan,nan,0.1336643572624446,False,True,
friction_payload_gain_shift,6605,full,adaptation,3,active,0.18380555212497707,-0.23171630734577775,-0.08808133266866203,0.09089392856521161,-0.09060942219237889,-0.14550193179069804,nan,nan,nan,nan,0.1319756985278108,False,False,BASE_HEIGHT_LIMIT
friction_payload_gain_shift,6606,full,adaptation,3,active,-0.3647327356040478,0.00695085059851408,-0.31495139840990305,-0.13182739664899498,0.050313473272088426,-0.24595776396826594,nan,nan,nan,nan,0.14,False,True,
friction_payload_gain_shift,6607,full,adaptation,3,active,0.18380555212497707,-0.23171630734577775,-0.08808133266866203,0.11174196054860554,-0.18454252652487088,-0.09632487272500048,nan,nan,nan,nan,0.14,False,True,
friction_payload_gain_shift,6608,full,adaptation,3,active,-0.3647327356040478,0.00695085059851408,-0.31495139840990305,-0.1146335831494333,0.041388223992553506,-0.14463368647130895,nan,nan,nan,nan,0.14,False,True,
friction_payload_gain_shift,6609,full,adaptation,3,active,0.18380555212497707,-0.23171630734577775,-0.08808133266866203,0.08076553460766439,-0.19439531558947235,-0.0545481990400424,nan,nan,nan,nan,0.14,False,True,
friction_payload_gain_shift,6610,full,adaptation,3,active,0.18380555212497707,-0.23171630734577775,-0.08808133266866203,0.07815238255090438,-0.06660279915480405,-0.15769667289645262,nan,nan,nan,nan,0.14,False,False,BASE_HEIGHT_LIMIT
friction_payload_gain_shift,6611,full,adaptation,3,active,-0.3647327356040478,0.00695085059851408,-0.31495139840990305,-0.11023549589276634,0.0402577531812702,-0.15597204246207544,nan,nan,nan,nan,0.14,False,True,
friction_payload_gain_shift,6612,full,adaptation,3,active,0.18380555212497707,-0.23171630734577775,-0.08808133266866203,0.11144442267068637,-0.19257221614932837,-0.04430146833745271,nan,nan,nan,nan,0.14,False,True,
friction_payload_gain_shift,6613,full,adaptation,3,active,0.18380555212497707,-0.23171630734577775,-0.08808133266866203,0.10835474398728993,-0.14338488223430304,-0.11747966190047304,nan,nan,nan,nan,0.14,False,True,
friction_payload_gain_shift,6614,full,adaptation,3,active,-0.3647327356040478,0.00695085059851408,-0.31495139840990305,-0.09591523352468682,0.03304549270780089,-0.177076932946436,nan,nan,nan,nan,0.14,False,True,
friction_payload_gain_shift,6615,full,adaptation,3,active,-0.3647327356040478,0.00695085059851408,-0.31495139840990305,-0.21374800092223042,0.04435814895390191,-0.1475552188451452,nan,nan,nan,nan,0.13804257178093676,False,True,
friction_payload_gain_shift,6616,full,adaptation,3,active,-0.3647327356040478,0.00695085059851408,-0.31495139840990305,-0.09645770376592833,0.044710320756757155,-0.21626497618264173,nan,nan,nan,nan,0.13712407149091949,False,True,
friction_payload_gain_shift,6617,full,adaptation,3,active,-0.3647327356040478,0.00695085059851408,-0.31495139840990305,-0.18277547729547453,-0.016309192898066656,-0.2852986733071244,nan,nan,nan,nan,0.14,False,True,
friction_payload_gain_shift,6618,full,adaptation,3,active,0.18380555212497707,-0.23171630734577775,-0.08808133266866203,0.10598283594592961,-0.20772880285310727,-0.048528502446847054,nan,nan,nan,nan,0.14,False,True,
friction_payload_gain_shift,6619,full,adaptation,3,active,-0.3647327356040478,0.00695085059851408,-0.31495139840990305,-0.11763885628940522,0.044804802316966784,-0.22630955084048152,nan,nan,nan,nan,0.1352968821647761,False,True,
friction_payload_gain_shift,6620,full,adaptation,3,active,-0.3647327356040478,0.00695085059851408,-0.31495139840990305,-0.1343607624053335,0.04292302248733469,-0.15891139385012015,nan,nan,nan,nan,0.14,False,True,
friction_payload_gain_shift,6601,full,validation,3,rolling_fixed_holdout,0.2,-0.18,-0.3,0.10455757689929744,-0.11987491981356847,-0.17929983255457543,0.1316413687254771,-0.17728199641031334,-0.20456205702392136,nan,0.14,False,True,
friction_payload_gain_shift,6602,full,validation,3,rolling_fixed_holdout,0.2,-0.18,-0.3,0.14683656672206397,-0.1335851692509875,-0.1051416947367769,0.1385311525151024,-0.19150764549185853,-0.20828323963448114,nan,0.14,False,True,
friction_payload_gain_shift,6603,full,validation,3,rolling_fixed_holdout,0.2,-0.18,-0.3,0.0988360595639986,-0.06921141915814376,-0.14587178741229934,0.13379999524468084,-0.12647566692577436,-0.21410061848896453,nan,0.14,False,True,
friction_payload_gain_shift,6604,full,validation,3,rolling_fixed_holdout,0.2,-0.18,-0.3,0.12419382633834763,-0.09412461807222186,-0.10890806437810696,0.1166424803952582,-0.16112749963165512,-0.2787678440549709,nan,0.1336643572624446,False,False,BASE_HEIGHT_LIMIT
friction_payload_gain_shift,6605,full,validation,3,rolling_fixed_holdout,0.2,-0.18,-0.3,0.08822563733164088,-0.07095545197425014,-0.149342123654573,0.16657650752219993,-0.16755366901063423,-0.22234828749312413,nan,0.1319756985278108,False,False,BASE_HEIGHT_LIMIT
friction_payload_gain_shift,6606,full,validation,3,rolling_fixed_holdout,0.2,-0.18,-0.3,0.13230612919880108,-0.15898858308710326,-0.09012834431491712,0.15823401923967975,-0.1780446806224206,-0.19723097283277768,nan,0.14,False,True,
friction_payload_gain_shift,6607,full,validation,3,rolling_fixed_holdout,0.2,-0.18,-0.3,0.09455828657122746,-0.07912253316501555,-0.17314402068672144,0.1296757320639643,-0.15950192153254678,-0.21825292017530204,nan,0.14,False,True,
friction_payload_gain_shift,6608,full,validation,3,rolling_fixed_holdout,0.2,-0.18,-0.3,0.09225536390859933,-0.06411013698195751,-0.13614240643981926,0.1421116153058759,-0.13614266229864905,-0.23632124168702803,nan,0.14,False,False,BASE_HEIGHT_LIMIT
friction_payload_gain_shift,6609,full,validation,3,rolling_fixed_holdout,0.2,-0.18,-0.3,0.057280790048740746,-0.05985115373774134,-0.14623717912924492,0.11576798993867755,-0.16546991441228928,-0.21854949391054165,nan,0.14,False,True,
friction_payload_gain_shift,6610,full,validation,3,rolling_fixed_holdout,0.2,-0.18,-0.3,0.0838270085246256,-0.07173803360394686,-0.15322744184654036,0.174331231116249,-0.1648468711075562,-0.22959355697840655,nan,0.14,False,False,BASE_HEIGHT_LIMIT
friction_payload_gain_shift,6611,full,validation,3,rolling_fixed_holdout,0.2,-0.18,-0.3,0.0903854295327392,-0.07966557304414687,-0.1548833195148123,0.1251888687424728,-0.14232025410142415,-0.22936621726347334,nan,0.14,False,False,BASE_HEIGHT_LIMIT
friction_payload_gain_shift,6612,full,validation,3,rolling_fixed_holdout,0.2,-0.18,-0.3,0.08586778105976516,-0.08365790353352794,-0.10349234066855831,0.13282996301477928,-0.1616808670467328,-0.20992664144158008,nan,0.14,False,False,BASE_HEIGHT_LIMIT
friction_payload_gain_shift,6613,full,validation,3,rolling_fixed_holdout,0.2,-0.18,-0.3,0.09753264739916948,-0.08855441240183694,-0.12187587094951394,0.15851670870950452,-0.1343715489068764,-0.26409544579192296,nan,0.14,False,False,BASE_HEIGHT_LIMIT
friction_payload_gain_shift,6614,full,validation,3,rolling_fixed_holdout,0.2,-0.18,-0.3,0.11272601361828592,-0.08427685305525634,-0.06536265266334348,0.14644912332159005,-0.14423099008309112,-0.251337844123613,nan,0.14,False,False,BASE_HEIGHT_LIMIT
friction_payload_gain_shift,6615,full,validation,3,rolling_fixed_holdout,0.2,-0.18,-0.3,0.10060582324822523,-0.05583344604487228,-0.11136277875010568,0.14793841680999506,-0.1359150731210953,-0.21535220220548523,nan,0.13804257178093676,False,False,BASE_HEIGHT_LIMIT
friction_payload_gain_shift,6616,full,validation,3,rolling_fixed_holdout,0.2,-0.18,-0.3,0.10004806022032806,-0.08741786579913527,-0.04573782805729756,0.13715234314524175,-0.16962919045610408,-0.24033483712766404,nan,0.13712407149091949,False,False,BASE_HEIGHT_LIMIT
friction_payload_gain_shift,6617,full,validation,3,rolling_fixed_holdout,0.2,-0.18,-0.3,0.10405069965453487,-0.06523345479649181,-0.14599144081028936,0.12833618923754161,-0.15340506195514764,-0.2435627819017724,nan,0.14,False,True,
friction_payload_gain_shift,6618,full,validation,3,rolling_fixed_holdout,0.2,-0.18,-0.3,0.09301090360485917,-0.0872521014501485,-0.18128458016764018,0.131009715342211,-0.178647506304548,-0.223085266885786,nan,0.14,False,True,
friction_payload_gain_shift,6619,full,validation,3,rolling_fixed_holdout,0.2,-0.18,-0.3,0.13929548189151386,-0.127363303756537,-0.14007033816754488,0.16051812442265773,-0.14565393683278346,-0.23128681806120974,nan,0.1352968821647761,False,False,BASE_HEIGHT_LIMIT
friction_payload_gain_shift,6620,full,validation,3,rolling_fixed_holdout,0.2,-0.18,-0.3,0.08219320507761026,-0.0710967385991643,-0.0696543228901086,0.14544361532023356,-0.14891018782360865,-0.23731801727358925,nan,0.14,False,False,BASE_HEIGHT_LIMIT
friction_payload_gain_shift,6601,full,adaptation,4,active,0.17536165937781334,0.22800917085260153,0.36208315528929225,0.07221363843904043,0.014146870154435994,0.2779401826860282,nan,nan,nan,nan,0.14,False,True,
friction_payload_gain_shift,6602,full,adaptation,4,active,0.17536165937781334,0.22800917085260153,0.36208315528929225,0.09184270776867032,0.09462307679801042,0.30199214814410924,nan,nan,nan,nan,0.14,False,True,
friction_payload_gain_shift,6603,full,adaptation,4,active,-0.3647327356040478,0.00695085059851408,-0.31495139840990305,-0.17408793273513232,0.028025173608548413,-0.1299258557487106,nan,nan,nan,nan,0.14,False,True,
friction_payload_gain_shift,6604,full,adaptation,4,active,0.17536165937781334,0.22800917085260153,0.36208315528929225,0.14078113296030983,0.12338157396080993,0.23183271336464178,nan,nan,nan,nan,0.1336643572624446,False,True,
friction_payload_gain_shift,6605,full,adaptation,4,active,0.20950444340705876,-0.18322093272581697,0.017346336133778117,0.10886210971537962,-0.04335360708809203,-0.03622446872873348,nan,nan,nan,nan,0.1319756985278108,False,False,BASE_HEIGHT_LIMIT
friction_payload_gain_shift,6606,full,adaptation,4,active,0.17536165937781334,0.22800917085260153,0.36208315528929225,0.1167427276919307,0.15812181777412002,0.2533611497657544,nan,nan,nan,nan,0.14,False,True,
friction_payload_gain_shift,6607,full,adaptation,4,active,-0.3647327356040478,0.00695085059851408,-0.31495139840990305,-0.24027999098827973,0.015310913071885555,-0.24880463940526498,nan,nan,nan,nan,0.14,False,True,
friction_payload_gain_shift,6608,full,adaptation,4,active,0.17536165937781334,0.22800917085260153,0.36208315528929225,0.09606607099895714,0.16591149077813439,0.23986656104060472,nan,nan,nan,nan,0.14,False,True,
friction_payload_gain_shift,6609,full,adaptation,4,active,-0.3647327356040478,0.00695085059851408,-0.31495139840990305,-0.24400399196163375,0.041479972658849694,-0.19255373549413485,nan,nan,nan,nan,0.14,False,True,
friction_payload_gain_shift,6610,full,adaptation,4,active,0.20950444340705876,-0.18322093272581697,0.017346336133778117,0.12166321834757954,-0.046290102611548985,-0.013360801927386562,nan,nan,nan,nan,0.14,False,False,BASE_HEIGHT_LIMIT
friction_payload_gain_shift,6611,full,adaptation,4,active,0.17536165937781334,0.22800917085260153,0.36208315528929225,0.11693477544943404,0.2027929743490403,0.2778643848370043,nan,nan,nan,nan,0.14,False,True,
friction_payload_gain_shift,6612,full,adaptation,4,active,-0.3647327356040478,0.00695085059851408,-0.31495139840990305,-0.23012972273172075,0.027424990841188268,-0.26058266706699795,nan,nan,nan,nan,0.14,False,True,
friction_payload_gain_shift,6613,full,adaptation,4,active,-0.3647327356040478,0.00695085059851408,-0.31495139840990305,-0.12928081763527371,0.03022144020005784,-0.13955249140440226,nan,nan,nan,nan,0.14,False,True,
friction_payload_gain_shift,6614,full,adaptation,4,active,0.17536165937781334,0.22800917085260153,0.36208315528929225,0.06441763663458908,0.22501900980095338,0.2679011211874936,nan,nan,nan,nan,0.14,False,True,
friction_payload_gain_shift,6615,full,adaptation,4,active,0.17536165937781334,0.22800917085260153,0.36208315528929225,0.11462761231195862,0.13073279276667846,0.2651839834264208,nan,nan,nan,nan,0.13804257178093676,False,True,
friction_payload_gain_shift,6616,full,adaptation,4,active,0.17536165937781334,0.22800917085260153,0.36208315528929225,0.11419383064572791,0.16493321330062005,0.22445465439563284,nan,nan,nan,nan,0.13712407149091949,False,True,
friction_payload_gain_shift,6617,full,adaptation,4,active,0.17536165937781334,0.22800917085260153,0.36208315528929225,0.10885454420540305,0.16255563596152103,0.25492161184829254,nan,nan,nan,nan,0.14,False,True,
friction_payload_gain_shift,6618,full,adaptation,4,active,-0.3647327356040478,0.00695085059851408,-0.31495139840990305,-0.22808236596940898,-0.03698218697105716,-0.22874684407586376,nan,nan,nan,nan,0.14,False,True,
friction_payload_gain_shift,6619,full,adaptation,4,active,0.17536165937781334,0.22800917085260153,0.36208315528929225,0.11373564550048428,0.1683987663885408,0.20642075809666308,nan,nan,nan,nan,0.1352968821647761,False,True,
friction_payload_gain_shift,6620,full,adaptation,4,active,0.17536165937781334,0.22800917085260153,0.36208315528929225,0.1520385706367897,0.17110682262713625,0.20557211682885596,nan,nan,nan,nan,0.14,False,True,
friction_payload_gain_shift,6601,full,validation,4,rolling_fixed_holdout,0.2,-0.18,0.3,0.05009068094542001,-0.07447274235940479,0.29111218042746484,0.1659779593702481,-0.13200325517816977,0.30876931450624323,0.09865891074953205,0.14,True,True,
friction_payload_gain_shift,6602,full,validation,4,rolling_fixed_holdout,0.2,-0.18,0.3,0.07444341418235573,-0.09002900236488101,0.23872184278243336,0.19192712676850382,-0.1656828052291698,0.279092368241802,0.15762051837546526,0.14,False,True,
friction_payload_gain_shift,6603,full,validation,4,rolling_fixed_holdout,0.2,-0.18,0.3,0.20440545051991058,-0.12565975539627264,0.2781258297955586,0.1780002777308857,-0.11367066702498052,0.2751512026395258,0.13157500785875975,0.14,True,True,
friction_payload_gain_shift,6604,full,validation,4,rolling_fixed_holdout,0.2,-0.18,0.3,0.15794160304204594,-0.14201865371934688,0.20725827462343088,0.1691924330876427,-0.15672752725964825,0.22049734687688338,nan,0.1336643572624446,False,True,
friction_payload_gain_shift,6605,full,validation,4,rolling_fixed_holdout,0.2,-0.18,0.3,0.1196726266773106,-0.04681145413382828,0.17636684832273505,0.19514095640166693,-0.1567673786684525,0.2627808780237224,nan,0.1319756985278108,False,True,
friction_payload_gain_shift,6606,full,validation,4,rolling_fixed_holdout,0.2,-0.18,0.3,0.18352420827841975,-0.12209085394559668,0.3086095462030879,0.20933397213239827,-0.16035000471050867,0.30208681982217184,0.14143771622619355,0.14,False,True,
friction_payload_gain_shift,6607,full,validation,4,rolling_fixed_holdout,0.2,-0.18,0.3,0.17601534579821657,-0.14378685048995218,0.25312511359630696,0.170283167123269,-0.15219483794089547,0.24354422431711104,0.11282309220197964,0.14,True,True,
friction_payload_gain_shift,6608,full,validation,4,rolling_fixed_holdout,0.2,-0.18,0.3,0.16673581649940664,-0.107828092588138,0.2602685054383369,0.19738283412933025,-0.11224501604016088,0.2687790958545568,nan,0.14,False,True,
friction_payload_gain_shift,6609,full,validation,4,rolling_fixed_holdout,0.2,-0.18,0.3,0.1096696742089991,-0.17288145303777355,0.23013910700860507,0.16166001663976542,-0.16700115489209344,0.2769237265573098,0.08538980969224182,0.14,True,True,
friction_payload_gain_shift,6610,full,validation,4,rolling_fixed_holdout,0.2,-0.18,0.3,0.1816305489124775,-0.10248208883066147,0.21867517760915747,0.21203925056079537,-0.14649411364422307,0.2563466202844719,nan,0.14,False,True,
friction_payload_gain_shift,6611,full,validation,4,rolling_fixed_holdout,0.2,-0.18,0.3,0.06569630519965021,0.005448958980665603,0.20902532768177126,0.15930378029691544,-0.12224972908643374,0.2640795492539973,nan,0.14,False,True,
friction_payload_gain_shift,6612,full,validation,4,rolling_fixed_holdout,0.2,-0.18,0.3,0.17022962054169494,-0.1347290926159646,0.26187363057452057,0.18107117302635367,-0.15434481523057558,0.2764355795404088,nan,0.14,False,True,
friction_payload_gain_shift,6613,full,validation,4,rolling_fixed_holdout,0.2,-0.18,0.3,0.105743502606368,-0.16194371635649074,0.2054629456242076,0.15995085441284448,-0.13625473570966196,0.2591085243565163,nan,0.14,False,True,
friction_payload_gain_shift,6614,full,validation,4,rolling_fixed_holdout,0.2,-0.18,0.3,0.07272403269698068,-0.006889972878755449,0.24257209193923615,0.17289925718840007,-0.1269390335839232,0.2534842043409339,nan,0.14,False,True,
friction_payload_gain_shift,6615,full,validation,4,rolling_fixed_holdout,0.2,-0.18,0.3,0.15637949349513947,-0.12690696199266266,0.2746855738486965,0.18600074805435599,-0.11643481026677709,0.2748189443801946,nan,0.13804257178093676,False,True,
friction_payload_gain_shift,6616,full,validation,4,rolling_fixed_holdout,0.2,-0.18,0.3,0.062133391412049155,0.0151522808091005,0.10777948145458757,0.16964643985283678,-0.1444053443244562,0.27375317515214115,nan,0.13712407149091949,False,True,
friction_payload_gain_shift,6617,full,validation,4,rolling_fixed_holdout,0.2,-0.18,0.3,0.1485662048601053,-0.11207318323843693,0.1902178390749963,0.1794781976225406,-0.14232476324703353,0.22210918910326197,0.1422952171214587,0.14,False,True,
friction_payload_gain_shift,6618,full,validation,4,rolling_fixed_holdout,0.2,-0.18,0.3,0.09594112941067641,-0.033374843872624946,0.203034589030281,0.1668342875037962,-0.16371283074900064,0.2845119386310453,0.1100537691217784,0.14,True,True,
friction_payload_gain_shift,6619,full,validation,4,rolling_fixed_holdout,0.2,-0.18,0.3,0.14137992283164336,-0.039766094306024215,0.2151666238893525,0.17658377062676922,-0.12422677931723505,0.2874764178952665,nan,0.1352968821647761,False,True,
friction_payload_gain_shift,6620,full,validation,4,rolling_fixed_holdout,0.2,-0.18,0.3,0.20606527917860396,-0.06667574660278656,0.1940843727045476,0.19561963365638782,-0.13308943063303605,0.27444686780592176,nan,0.14,False,True,
friction_payload_gain_shift,6601,full,adaptation,5,active,0.08831008300185206,-0.23816144792363048,0.17234424203634258,0.016145507189759063,-0.19962574082643006,0.12570115434581797,nan,nan,nan,nan,0.14,False,True,
friction_payload_gain_shift,6602,full,adaptation,5,active,0.08831008300185206,-0.23816144792363048,0.17234424203634258,0.04144986886667341,-0.22048575878698834,0.1511510020325963,nan,nan,nan,nan,0.14,False,True,
friction_payload_gain_shift,6603,full,adaptation,5,active,0.17536165937781334,0.22800917085260153,0.36208315528929225,0.1490965085795316,0.17519477189674754,0.2532881705817534,nan,nan,nan,nan,0.14,False,True,
friction_payload_gain_shift,6604,full,adaptation,5,active,0.08831008300185206,-0.23816144792363048,0.17234424203634258,0.0765121129249742,-0.19596131908348602,0.07559047806854467,nan,nan,nan,nan,0.1336643572624446,False,True,
friction_payload_gain_shift,6605,full,adaptation,5,active,-0.3647327356040478,0.00695085059851408,-0.31495139840990305,-0.11694838559027208,0.020863446933124606,-0.2154764181842225,nan,nan,nan,nan,0.1319756985278108,False,True,
friction_payload_gain_shift,6606,full,adaptation,5,active,0.08831008300185206,-0.23816144792363048,0.17234424203634258,0.044508746727745074,-0.07458157426670696,0.0966309968017873,nan,nan,nan,nan,0.14,False,True,
friction_payload_gain_shift,6607,full,adaptation,5,active,0.17536165937781334,0.22800917085260153,0.36208315528929225,0.14428726133348488,0.14433785436516175,0.2984421622883113,nan,nan,nan,nan,0.14,False,True,
friction_payload_gain_shift,6608,full,adaptation,5,active,0.08831008300185206,-0.23816144792363048,0.17234424203634258,-0.006684694934692872,-0.0006117921930888079,0.020215060965194338,nan,nan,nan,nan,0.14,False,True,
friction_payload_gain_shift,6609,full,adaptation,5,active,0.17536165937781334,0.22800917085260153,0.36208315528929225,0.12347074976250984,0.10898328281994586,0.22645402121714728,nan,nan,nan,nan,0.14,False,True,
friction_payload_gain_shift,6610,full,adaptation,5,active,-0.3647327356040478,0.00695085059851408,-0.31495139840990305,-0.2281905815575703,0.018101995896819288,-0.3000688653243681,nan,nan,nan,nan,0.14,False,True,
friction_payload_gain_shift,6611,full,adaptation,5,active,0.08831008300185206,-0.23816144792363048,0.17234424203634258,-0.04472908046357118,0.006109400217796228,0.017008990526693704,nan,nan,nan,nan,0.14,False,True,
friction_payload_gain_shift,6612,full,adaptation,5,active,0.17536165937781334,0.22800917085260153,0.36208315528929225,0.16426805624713842,0.1540559013716847,0.20797654348593014,nan,nan,nan,nan,0.14,False,True,
friction_payload_gain_shift,6613,full,adaptation,5,active,0.17536165937781334,0.22800917085260153,0.36208315528929225,0.11748773156299903,0.1170863726117648,0.2032981944174839,nan,nan,nan,nan,0.14,False,True,
friction_payload_gain_shift,6614,full,adaptation,5,active,0.08831008300185206,-0.23816144792363048,0.17234424203634258,-0.041536587067686724,-0.017308152764123577,0.02114193809146761,nan,nan,nan,nan,0.14,False,True,
friction_payload_gain_shift,6615,full,adaptation,5,active,0.08831008300185206,-0.23816144792363048,0.17234424203634258,0.05537310120247052,-0.14598802162896404,0.14546876223984556,nan,nan,nan,nan,0.13804257178093676,False,True,
friction_payload_gain_shift,6616,full,adaptation,5,active,0.08831008300185206,-0.23816144792363048,0.17234424203634258,0.035504293533485436,-0.13478927439004904,0.053364204967299676,nan,nan,nan,nan,0.13712407149091949,False,True,
friction_payload_gain_shift,6617,full,adaptation,5,active,0.08831008300185206,-0.23816144792363048,0.17234424203634258,0.07858446372642092,-0.1889270003311936,0.06167418099550903,nan,nan,nan,nan,0.14,False,True,
friction_payload_gain_shift,6618,full,adaptation,5,active,0.17536165937781334,0.22800917085260153,0.36208315528929225,0.14321250231952506,0.17988076120199262,0.35430425716554337,nan,nan,nan,nan,0.14,False,True,
friction_payload_gain_shift,6619,full,adaptation,5,active,0.08831008300185206,-0.23816144792363048,0.17234424203634258,0.016602975189599987,-0.04051992374530817,0.09253247474730954,nan,nan,nan,nan,0.1352968821647761,False,True,
friction_payload_gain_shift,6620,full,adaptation,5,active,0.08831008300185206,-0.23816144792363048,0.17234424203634258,0.047466992627939464,-0.05143448084336062,0.0927427306835608,nan,nan,nan,nan,0.14,False,True,
friction_payload_gain_shift,6601,full,validation,5,rolling_fixed_holdout,0.2,0.18,-0.3,0.14336864462440424,0.011642271665868223,-0.1297945719911178,0.15039136836061787,0.09579267007823092,-0.24191616917442552,0.07421727468132053,0.14,True,True,
friction_payload_gain_shift,6602,full,validation,5,rolling_fixed_holdout,0.2,0.18,-0.3,0.1288391708182085,0.010773535091352083,-0.18968045305220937,0.13615044868926443,0.12201848117496113,-0.23150308480865786,0.13981131875388583,0.14,True,True,
friction_payload_gain_shift,6603,full,validation,5,rolling_fixed_holdout,0.2,0.18,-0.3,0.05031389955679697,-0.007292815444474854,-0.18177449577466848,0.1264597828993953,0.11808384700527208,-0.2467125614562334,0.12555298823941335,0.14,True,True,
friction_payload_gain_shift,6604,full,validation,5,rolling_fixed_holdout,0.2,0.18,-0.3,0.07070589408058355,-0.013923104912483088,-0.21739481115886558,0.13764062254064693,0.10668826198609854,-0.22217986429690206,0.12330175609563135,0.1336643572624446,True,True,
friction_payload_gain_shift,6605,full,validation,5,rolling_fixed_holdout,0.2,0.18,-0.3,0.04934239955165708,-0.012363949963085508,-0.1812629812245165,0.13206584835628438,0.12216391267232708,-0.23913129765923283,0.13367176490952135,0.1319756985278108,False,True,
friction_payload_gain_shift,6606,full,validation,5,rolling_fixed_holdout,0.2,0.18,-0.3,0.11993051510222562,0.020052726067875934,-0.1607219941426232,0.1379496622335694,0.11221807846222329,-0.2420865411551494,0.1332885136676141,0.14,True,True,
friction_payload_gain_shift,6607,full,validation,5,rolling_fixed_holdout,0.2,0.18,-0.3,0.013759128794295616,-0.022978954817141354,-0.151884698145911,0.13284093166699407,0.12835984907146714,-0.19951311558062354,0.12371120856748369,0.14,True,True,
friction_payload_gain_shift,6608,full,validation,5,rolling_fixed_holdout,0.2,0.18,-0.3,0.08621768807569921,-0.003321170362040575,-0.19732421053498714,0.12434573460035538,0.13759931240129897,-0.25715047386082374,0.14876823138685932,0.14,False,True,
friction_payload_gain_shift,6609,full,validation,5,rolling_fixed_holdout,0.2,0.18,-0.3,0.04893173066513867,-0.02172157663574234,-0.20908589148405943,0.12354206968396744,0.10217340477741736,-0.23856571839057153,0.08669229506649603,0.14,True,True,
friction_payload_gain_shift,6610,full,validation,5,rolling_fixed_holdout,0.2,0.18,-0.3,0.046485285797227015,-0.016306909917828866,-0.15444426791662041,0.12229964331994948,0.10987089574596846,-0.23272540578983605,0.13308893580268166,0.14,True,True,
friction_payload_gain_shift,6611,full,validation,5,rolling_fixed_holdout,0.2,0.18,-0.3,0.16217690566709403,0.009826222951534807,-0.0946109840959715,0.14654870406688605,0.1351724971153182,-0.23391957056337298,0.14855143841134053,0.14,False,True,
friction_payload_gain_shift,6612,full,validation,5,rolling_fixed_holdout,0.2,0.18,-0.3,0.05586562503770366,-0.010280068248097827,-0.16969081001191413,0.12904701408691505,0.11463472203824072,-0.2420190630290698,0.12563801177761344,0.14,True,True,
friction_payload_gain_shift,6613,full,validation,5,rolling_fixed_holdout,0.2,0.18,-0.3,0.21461987587143544,0.09496098618265444,-0.219017873445558,0.1871215088951821,0.12655340673837762,-0.3042684762182947,0.10532328719826094,0.14,True,True,
friction_payload_gain_shift,6614,full,validation,5,rolling_fixed_holdout,0.2,0.18,-0.3,0.0854714116203291,-0.00620897345882886,-0.17927792471350026,0.13206923786014854,0.14657326354953035,-0.2708596805807625,0.14189514860240354,0.14,False,True,
friction_payload_gain_shift,6615,full,validation,5,rolling_fixed_holdout,0.2,0.18,-0.3,0.08051084675315032,-0.0015773346531554175,-0.18237593572381897,0.13227052127146346,0.11577063428852978,-0.24419014241568288,0.12876424003039333,0.13804257178093676,True,True,
friction_payload_gain_shift,6616,full,validation,5,rolling_fixed_holdout,0.2,0.18,-0.3,0.13947151137234487,0.014810081266116356,-0.18021156079805176,0.15977771873406973,0.11550152084306708,-0.2586602222930021,0.143743194256162,0.13712407149091949,False,True,
friction_payload_gain_shift,6617,full,validation,5,rolling_fixed_holdout,0.2,0.18,-0.3,0.007533124991727675,-0.02284034011323863,-0.1488805338297029,0.11600873344682786,0.1267470342802371,-0.20808872135089815,0.13957976743809833,0.14,True,True,
friction_payload_gain_shift,6618,full,validation,5,rolling_fixed_holdout,0.2,0.18,-0.3,0.06877401488080637,0.001487815454879323,-0.15358319465198828,0.1435986309459496,0.14493713159383895,-0.2227808958799776,0.09786824565070525,0.14,True,True,
friction_payload_gain_shift,6619,full,validation,5,rolling_fixed_holdout,0.2,0.18,-0.3,0.15315984657865553,0.026560630811600445,-0.14525875437634347,0.172181083267814,0.13008902096916147,-0.2834667018879994,0.12516819377559082,0.1352968821647761,True,True,
friction_payload_gain_shift,6620,full,validation,5,rolling_fixed_holdout,0.2,0.18,-0.3,0.10814193492112574,0.007890476173405946,-0.17740139093108878,0.14744793736017506,0.11860753292784437,-0.25952040086092004,0.12311439887857271,0.14,True,True,
friction_payload_gain_shift,6601,full,adaptation,6,active,0.1730341650545597,-0.09102505259215832,0.5438795639201999,0.02617371159091537,0.018989364699673567,0.02813573081797153,nan,nan,nan,nan,0.14,False,True,
friction_payload_gain_shift,6602,full,adaptation,6,active,0.38738708496093754,0.1086227810010314,0.11213716138154273,0.07859982919274118,0.01648523271938766,-0.004404922345558071,nan,nan,nan,nan,0.14,False,False,BASE_HEIGHT_LIMIT
friction_payload_gain_shift,6603,full,adaptation,6,active,0.38738708496093754,0.1086227810010314,0.11213716138154273,0.26268480387081905,0.08898771537275935,0.11008844415559951,nan,nan,nan,nan,0.14,False,True,
friction_payload_gain_shift,6604,full,adaptation,6,active,0.38738708496093754,0.1086227810010314,0.11213716138154273,0.29986480212436173,0.05620345831521091,0.04066294780037861,nan,nan,nan,nan,0.1336643572624446,False,True,
friction_payload_gain_shift,6605,full,adaptation,6,active,0.17536165937781334,0.22800917085260153,0.36208315528929225,0.12897867444404734,0.159178194734157,0.20595036003282563,nan,nan,nan,nan,0.1319756985278108,False,True,
friction_payload_gain_shift,6606,full,adaptation,6,active,0.38738708496093754,0.1086227810010314,0.11213716138154273,0.29362824281243544,0.07085829629866335,0.1792689498808751,nan,nan,nan,nan,0.14,False,True,
friction_payload_gain_shift,6607,full,adaptation,6,active,0.38738708496093754,0.1086227810010314,0.11213716138154273,0.26046860936966076,0.05449839376778522,0.1505226018593842,nan,nan,nan,nan,0.14,False,True,
friction_payload_gain_shift,6608,full,adaptation,6,active,0.38738708496093754,0.1086227810010314,0.11213716138154273,0.2517637916932682,0.09821073144686628,0.10164867102913121,nan,nan,nan,nan,0.14,False,True,
friction_payload_gain_shift,6609,full,adaptation,6,active,0.38738708496093754,0.1086227810010314,0.11213716138154273,0.28882602343059716,0.047850585117612525,0.055027996944560204,nan,nan,nan,nan,0.14,False,False,BASE_HEIGHT_LIMIT
friction_payload_gain_shift,6610,full,adaptation,6,active,0.17536165937781334,0.22800917085260153,0.36208315528929225,0.12665574294525608,0.154197895474456,0.22588670701735497,nan,nan,nan,nan,0.14,False,True,
friction_payload_gain_shift,6611,full,adaptation,6,active,0.38738708496093754,0.1086227810010314,0.11213716138154273,0.266649126896446,0.1123515562939458,0.1412509054413758,nan,nan,nan,nan,0.14,False,True,
friction_payload_gain_shift,6612,full,adaptation,6,active,0.38738708496093754,0.1086227810010314,0.11213716138154273,0.2856289954680944,0.05736783433888028,0.12481490130296861,nan,nan,nan,nan,0.14,False,False,BASE_HEIGHT_LIMIT
friction_payload_gain_shift,6613,full,adaptation,6,active,0.38738708496093754,0.1086227810010314,0.11213716138154273,0.2895089021064977,0.05368044147639592,0.06990007032682363,nan,nan,nan,nan,0.14,False,True,
friction_payload_gain_shift,6614,full,adaptation,6,active,0.38738708496093754,0.1086227810010314,0.11213716138154273,0.2191495984817055,0.118267844912499,0.0817841106312306,nan,nan,nan,nan,0.14,False,True,
friction_payload_gain_shift,6615,full,adaptation,6,active,0.38738708496093754,0.1086227810010314,0.11213716138154273,0.2636951670597067,0.05437311145609029,0.11438058548579767,nan,nan,nan,nan,0.13804257178093676,False,True,
friction_payload_gain_shift,6616,full,adaptation,6,active,0.38738708496093754,0.1086227810010314,0.11213716138154273,0.3018931525562149,0.08682708319249353,0.12504254433854983,nan,nan,nan,nan,0.13712407149091949,False,True,
friction_payload_gain_shift,6617,full,adaptation,6,active,0.38738708496093754,0.1086227810010314,0.11213716138154273,0.23637144404072152,0.06365672599513357,0.07191965611895414,nan,nan,nan,nan,0.14,False,True,
friction_payload_gain_shift,6618,full,adaptation,6,active,0.38738708496093754,0.1086227810010314,0.11213716138154273,0.26033381170134223,0.08015163164642208,0.18274683486294094,nan,nan,nan,nan,0.14,False,True,
friction_payload_gain_shift,6619,full,adaptation,6,active,0.38738708496093754,0.1086227810010314,0.11213716138154273,0.28593298037944764,0.11426152785195176,0.1312729854574892,nan,nan,nan,nan,0.1352968821647761,False,True,
friction_payload_gain_shift,6620,full,adaptation,6,active,0.1730341650545597,-0.09102505259215832,0.5438795639201999,0.0035241856476734335,0.01735724065058089,0.1735973065648342,nan,nan,nan,nan,0.14,False,False,BASE_HEIGHT_LIMIT
friction_payload_gain_shift,6601,full,validation,6,rolling_fixed_holdout,0.2,0.18,0.3,0.08470250208911831,0.07782862575239241,0.3376498399677442,0.13870997197332174,0.06873775049974633,0.24399708011129756,0.06657754301028719,0.14,True,True,
friction_payload_gain_shift,6602,full,validation,6,rolling_fixed_holdout,0.2,0.18,0.3,0.0502918499722446,0.05761472524535296,0.17836308088698616,0.15331261404883495,0.10656536495745512,0.25846532738450606,0.07573072338501605,0.14,True,True,
friction_payload_gain_shift,6603,full,validation,6,rolling_fixed_holdout,0.2,0.18,0.3,0.16209307913420035,0.14536992934455684,0.20962570379648832,0.16934817359485232,0.14828862292586859,0.2364021608387179,0.055165850916870415,0.14,True,True,
friction_payload_gain_shift,6604,full,validation,6,rolling_fixed_holdout,0.2,0.18,0.3,0.09744485341482266,0.0926330813687625,0.15653621404103724,0.174506643248453,0.10778205573911998,0.2176339036506636,0.11209646998455243,0.1336643572624446,True,True,
friction_payload_gain_shift,6605,full,validation,6,rolling_fixed_holdout,0.2,0.18,0.3,0.14601680124669347,0.13568506285156232,0.18592094036614273,0.16814670900246395,0.13542568674790093,0.2136878189678592,0.12158091724062045,0.1319756985278108,True,True,
friction_payload_gain_shift,6606,full,validation,6,rolling_fixed_holdout,0.2,0.18,0.3,0.17768342684778518,0.14747804582418136,0.24402722051159023,0.15929345608454515,0.13329058524526463,0.24397412908823307,0.05054505011578958,0.14,True,True,
friction_payload_gain_shift,6607,full,validation,6,rolling_fixed_holdout,0.2,0.18,0.3,0.1173375887809345,0.10451812993476184,0.24543730778861686,0.1642314730443551,0.12786087724674533,0.257533740157738,0.0659335895836906,0.14,True,True,
friction_payload_gain_shift,6608,full,validation,6,rolling_fixed_holdout,0.2,0.18,0.3,0.132966902412046,0.14509534000906069,0.22469507233395677,0.13984806581812909,0.14387775531809532,0.23123223914091662,0.1361248244915571,0.14,True,True,
friction_payload_gain_shift,6609,full,validation,6,rolling_fixed_holdout,0.2,0.18,0.3,0.09217307352138236,0.06647320273954424,0.13795756147338417,0.1704464861896811,0.11060495883321769,0.2213121128485837,0.07161213225251094,0.14,True,True,
friction_payload_gain_shift,6610,full,validation,6,rolling_fixed_holdout,0.2,0.18,0.3,0.16305595680220417,0.1381284449900654,0.22385496746364814,0.16920156303390463,0.13397260264328117,0.22340266366228048,0.12451794912401616,0.14,True,True,
friction_payload_gain_shift,6611,full,validation,6,rolling_fixed_holdout,0.2,0.18,0.3,0.10634633228992368,0.13882232375875872,0.19815816819479565,0.15368516724149908,0.16776071095578865,0.25534772990390014,0.13684186230660766,0.14,True,True,
friction_payload_gain_shift,6612,full,validation,6,rolling_fixed_holdout,0.2,0.18,0.3,0.17669571041801946,0.11629482830259262,0.19311718573979603,0.1919005751110743,0.1323203415723978,0.21346771957400104,0.12002664639852857,0.14,True,True,
friction_payload_gain_shift,6613,full,validation,6,rolling_fixed_holdout,0.2,0.18,0.3,0.04464939434467886,0.06927120517870357,0.11820343983042786,0.15477649798444018,0.10867301173279562,0.20961919673208187,0.09519982240038044,0.14,True,True,
friction_payload_gain_shift,6614,full,validation,6,rolling_fixed_holdout,0.2,0.18,0.3,0.08211569705181344,0.18695242181222957,0.21019306734877213,0.11336255775147236,0.17946080768530073,0.23627182483010087,0.1286738766181316,0.14,True,True,
friction_payload_gain_shift,6615,full,validation,6,rolling_fixed_holdout,0.2,0.18,0.3,0.05841788842203575,0.08574471538549372,0.18245062928001168,0.14933037835782648,0.11703437703736244,0.24199183154682202,0.11683090529246497,0.13804257178093676,True,True,
friction_payload_gain_shift,6616,full,validation,6,rolling_fixed_holdout,0.2,0.18,0.3,0.14983285004983346,0.14438429430334238,0.21138819995977162,0.16057888354172972,0.13909888334766946,0.22659207774339973,0.13021039067036239,0.13712407149091949,True,True,
friction_payload_gain_shift,6617,full,validation,6,rolling_fixed_holdout,0.2,0.18,0.3,0.123474878167163,0.12644368406778614,0.20874986887957556,0.1454759120590458,0.13549958056271322,0.2261991919523182,0.07029191206338664,0.14,True,True,
friction_payload_gain_shift,6618,full,validation,6,rolling_fixed_holdout,0.2,0.18,0.3,0.1348678274662818,0.12422995811673798,0.3083373556850837,0.16225955380722096,0.15064457715804033,0.2922516198686981,0.07792531537230821,0.14,True,True,
friction_payload_gain_shift,6619,full,validation,6,rolling_fixed_holdout,0.2,0.18,0.3,0.16792700774697142,0.17522769211666128,0.2164591162808002,0.15264630785969505,0.1476681579428081,0.2223275876256619,0.11417132282007215,0.1352968821647761,True,True,
friction_payload_gain_shift,6620,full,validation,6,rolling_fixed_holdout,0.2,0.18,0.3,0.19958642584301628,0.16482328956325323,0.18260086006583162,0.1929019781207056,0.14182232202845083,0.2179512812563635,0.11078475297177656,0.14,True,True,
friction_payload_gain_shift,6601,full,adaptation,7,active,0.38738708496093754,0.1086227810010314,0.11213716138154273,0.25809752698619376,0.05914601267006145,0.16630320393907727,nan,nan,nan,nan,0.14,False,True,
friction_payload_gain_shift,6602,full,adaptation,7,active,0.1730341650545597,-0.09102505259215832,0.5438795639201999,0.052988065276624516,0.013303680881954487,0.0566214699367123,nan,nan,nan,nan,0.14,False,True,
friction_payload_gain_shift,6603,full,adaptation,7,active,0.1730341650545597,-0.09102505259215832,0.5438795639201999,0.1997103175353903,-0.06894512915921527,0.4223861797746236,nan,nan,nan,nan,0.14,False,True,
friction_payload_gain_shift,6604,full,adaptation,7,active,0.1730341650545597,-0.09102505259215832,0.5438795639201999,0.13723764914418993,0.009695837527443529,0.23440655619340192,nan,nan,nan,nan,0.1336643572624446,False,True,
friction_payload_gain_shift,6605,full,adaptation,7,active,0.08831008300185206,-0.23816144792363048,0.17234424203634258,0.04515900011767784,-0.15607417156995596,0.0987461907085966,nan,nan,nan,nan,0.1319756985278108,False,True,
friction_payload_gain_shift,6606,full,adaptation,7,active,0.1730341650545597,-0.09102505259215832,0.5438795639201999,0.11014337584124853,0.009523320952260184,0.2782708126582193,nan,nan,nan,nan,0.14,False,True,
friction_payload_gain_shift,6607,full,adaptation,7,active,0.1730341650545597,-0.09102505259215832,0.5438795639201999,0.1269792621347229,0.03321902748498905,0.12264645188903699,nan,nan,nan,nan,0.14,False,True,
friction_payload_gain_shift,6608,full,adaptation,7,active,0.1730341650545597,-0.09102505259215832,0.5438795639201999,0.07720687585329966,0.020850929016431236,0.21445635618424877,nan,nan,nan,nan,0.14,False,True,
friction_payload_gain_shift,6609,full,adaptation,7,active,0.35738884285092354,-0.04454974411055446,-0.1537898482754827,0.09674615277701382,-0.007942732714380698,-0.01663394090131102,nan,nan,nan,nan,0.14,False,False,BASE_HEIGHT_LIMIT
friction_payload_gain_shift,6610,full,adaptation,7,active,0.08831008300185206,-0.23816144792363048,0.17234424203634258,-0.006986281826248197,-0.01438112131465854,0.01754111826018201,nan,nan,nan,nan,0.14,False,True,
friction_payload_gain_shift,6611,full,adaptation,7,active,0.1730341650545597,-0.09102505259215832,0.5438795639201999,0.016152959629862136,0.023226755482515196,0.23848340990410907,nan,nan,nan,nan,0.14,False,True,
friction_payload_gain_shift,6612,full,adaptation,7,active,0.35738884285092354,-0.04454974411055446,-0.1537898482754827,0.09546837184840573,-0.023934248036240623,0.021998310785440203,nan,nan,nan,nan,0.14,False,False,BASE_HEIGHT_LIMIT
friction_payload_gain_shift,6613,full,adaptation,7,active,0.1730341650545597,-0.09102505259215832,0.5438795639201999,0.051450572106420914,-0.017105008514704315,0.1803126926103772,nan,nan,nan,nan,0.14,False,True,
friction_payload_gain_shift,6614,full,adaptation,7,active,0.1730341650545597,-0.09102505259215832,0.5438795639201999,0.025279272104493142,-0.0011887437574355478,0.2999954551593385,nan,nan,nan,nan,0.14,False,True,
friction_payload_gain_shift,6615,full,adaptation,7,active,0.1730341650545597,-0.09102505259215832,0.5438795639201999,0.09914008867989416,-0.0026513653123103054,0.2247507265945879,nan,nan,nan,nan,0.13804257178093676,False,True,
friction_payload_gain_shift,6616,full,adaptation,7,active,0.1730341650545597,-0.09102505259215832,0.5438795639201999,0.07337259337532458,0.02987357668856042,0.15502456308932763,nan,nan,nan,nan,0.13712407149091949,False,True,
friction_payload_gain_shift,6617,full,adaptation,7,active,0.1730341650545597,-0.09102505259215832,0.5438795639201999,0.12443547236434865,0.03803728459604826,0.1762003396714626,nan,nan,nan,nan,0.14,False,True,
friction_payload_gain_shift,6618,full,adaptation,7,active,0.1730341650545597,-0.09102505259215832,0.5438795639201999,0.07198020412536074,0.04482044176177114,0.02223884667387077,nan,nan,nan,nan,0.14,False,True,
friction_payload_gain_shift,6619,full,adaptation,7,active,0.1730341650545597,-0.09102505259215832,0.5438795639201999,0.045720851171901195,0.018612670866781866,0.2843388240440715,nan,nan,nan,nan,0.1352968821647761,False,True,
friction_payload_gain_shift,6620,full,adaptation,7,active,0.38738708496093754,0.1086227810010314,0.11213716138154273,0.32499223619619416,0.09648172249881196,0.09940347218876848,nan,nan,nan,nan,0.14,False,True,
friction_payload_gain_shift,6601,full,validation,7,rolling_fixed_holdout,0.35,0.0,-0.5,0.2966501529439291,-0.058605406054447966,-0.22787763981667103,0.25193384750518794,-0.050971396254588235,-0.22019903846852082,0.06496174104015036,0.14,True,True,
friction_payload_gain_shift,6602,full,validation,7,rolling_fixed_holdout,0.35,0.0,-0.5,0.0753084461019989,-0.03520803225529979,-0.02068541858470634,0.2223799459924171,-0.05187825909209024,-0.23947320704528427,0.07573072338501605,0.14,True,False,BASE_HEIGHT_LIMIT
friction_payload_gain_shift,6603,full,validation,7,rolling_fixed_holdout,0.35,0.0,-0.5,0.03372381582076027,0.00042094455763273277,0.010431503202925203,0.1592487402424118,-0.03677979217082907,-0.31676070067130624,0.055165850916870415,0.14,True,False,BASE_HEIGHT_LIMIT
friction_payload_gain_shift,6604,full,validation,7,rolling_fixed_holdout,0.35,0.0,-0.5,0.23003350736894346,-0.043311983313114116,-0.36507652498024945,0.1771450617408516,-0.028734420331278532,-0.2915240942676805,0.056190934354822024,0.1336643572624446,True,True,
friction_payload_gain_shift,6605,full,validation,7,rolling_fixed_holdout,0.35,0.0,-0.5,0.15401525985437908,-0.027632676280286334,-0.2743498747215461,0.21555977547520727,-0.028540107130590558,-0.28271511910915964,0.12158091724062045,0.1319756985278108,True,False,BASE_HEIGHT_LIMIT
friction_payload_gain_shift,6606,full,validation,7,rolling_fixed_holdout,0.35,0.0,-0.5,0.06020480423349934,-0.02887874710877955,-0.03708870537355701,0.22178257364173581,-0.08727604585692207,-0.2408276047793445,0.05054505011578958,0.14,True,False,BASE_HEIGHT_LIMIT
friction_payload_gain_shift,6607,full,validation,7,rolling_fixed_holdout,0.35,0.0,-0.5,0.17585638514613217,-0.017556860311051806,-0.3212693433069402,0.18703501357808197,-0.044792242235182196,-0.19332348703746913,0.0705188124179422,0.14,True,True,
friction_payload_gain_shift,6608,full,validation,7,rolling_fixed_holdout,0.35,0.0,-0.5,0.2611430163363838,0.043376469524675054,-0.3703323593632145,0.20029419509186996,-0.05782074792957881,-0.2947645227213862,0.06169022917192343,0.14,True,True,
friction_payload_gain_shift,6609,full,validation,7,rolling_fixed_holdout,0.35,0.0,-0.5,0.09701877407838715,-0.025551315477025726,-0.28129146087818724,0.19941092745423053,-0.04173105844838971,-0.2718840469462376,0.06618714653354775,0.14,True,True,
friction_payload_gain_shift,6610,full,validation,7,rolling_fixed_holdout,0.35,0.0,-0.5,0.2065043553636858,0.015593323226279932,-0.27420082098703313,0.2171391379308847,-0.06720808337479675,-0.26615879456903735,0.05713038220988928,0.14,True,True,
friction_payload_gain_shift,6611,full,validation,7,rolling_fixed_holdout,0.35,0.0,-0.5,0.2849365590959725,-0.009663203771932267,-0.261063802097193,0.22964513720285668,-0.06837346477434239,-0.2741403343779874,0.0798368995367291,0.14,True,True,
friction_payload_gain_shift,6612,full,validation,7,rolling_fixed_holdout,0.35,0.0,-0.5,0.18461148053454596,-0.0323927120614213,-0.2542324575374864,0.20089282666765634,-0.037086620885689515,-0.2648793617915323,0.048483316466427576,0.14,True,True,
friction_payload_gain_shift,6613,full,validation,7,rolling_fixed_holdout,0.35,0.0,-0.5,0.3295285139591201,0.01828412674449924,-0.38464592306378914,0.3081739906332018,-0.017820910816754514,-0.37735140800101685,0.05726272537582279,0.14,True,True,
friction_payload_gain_shift,6614,full,validation,7,rolling_fixed_holdout,0.35,0.0,-0.5,0.2676928857390267,-0.014451402303608562,-0.3371127225595506,0.24954201885544183,-0.06211766820750961,-0.3526899660178197,0.07247050187469274,0.14,True,True,
friction_payload_gain_shift,6615,full,validation,7,rolling_fixed_holdout,0.35,0.0,-0.5,0.07420285384080245,0.017340791722950236,-0.021018279795398557,0.21811235856961023,-0.03720738219068964,-0.286645148267488,0.11683090529246497,0.13804257178093676,True,False,BASE_HEIGHT_LIMIT
friction_payload_gain_shift,6616,full,validation,7,rolling_fixed_holdout,0.35,0.0,-0.5,0.056148460739930114,-0.032416200387163266,0.030307986516869098,0.24818797747293558,-0.0678313993596517,-0.2824788634950277,0.13021039067036239,0.13712407149091949,True,False,BASE_HEIGHT_LIMIT
friction_payload_gain_shift,6617,full,validation,7,rolling_fixed_holdout,0.35,0.0,-0.5,0.09755525743546753,-0.014106091156937553,-0.2913025455526994,0.15794056366655124,-0.033379870900823734,-0.22486586117612764,0.06444567979307275,0.14,True,True,
friction_payload_gain_shift,6618,full,validation,7,rolling_fixed_holdout,0.35,0.0,-0.5,0.18495648644766308,-0.04365204043870479,-0.2766738681025017,0.19609801305658345,-0.051567492403510266,-0.23836305831250743,0.07244448237568718,0.14,True,True,
friction_payload_gain_shift,6619,full,validation,7,rolling_fixed_holdout,0.35,0.0,-0.5,0.27751705233106083,-0.020014429181259067,-0.28299634843267396,0.29802230522980944,-0.048368255393779674,-0.31207136022437676,0.06250348265455444,0.1352968821647761,True,True,
friction_payload_gain_shift,6620,full,validation,7,rolling_fixed_holdout,0.35,0.0,-0.5,0.20880534063006498,-0.051023699665258146,-0.31886958785993436,0.21780705620317406,-0.04568675610022877,-0.31085408990844465,0.05285350864752418,0.14,True,True,
friction_payload_gain_shift,6601,full,adaptation,8,active,0.09549131095409391,0.24205276928842068,-0.42479423731565474,0.03981497468651088,-0.02464590760548173,-0.21467835436524427,nan,nan,nan,nan,0.14,False,True,
friction_payload_gain_shift,6602,full,adaptation,8,active,0.23321618512272835,0.24338903091847897,-0.06396559197455642,0.15678599529632206,0.11597131453272609,-0.02376429879363985,nan,nan,nan,nan,0.14,False,True,
friction_payload_gain_shift,6603,full,adaptation,8,active,0.09549131095409391,0.24205276928842068,-0.42479423731565474,-0.06066212236854943,-0.041909304376543985,-0.12721767478386306,nan,nan,nan,nan,0.14,False,True,
friction_payload_gain_shift,6604,full,adaptation,8,active,0.09549131095409391,0.24205276928842068,-0.42479423731565474,-0.026578004167377427,-0.035568375942147956,-0.17697732521820247,nan,nan,nan,nan,0.1336643572624446,False,True,
friction_payload_gain_shift,6605,full,adaptation,8,active,0.35738884285092354,-0.04454974411055446,-0.1537898482754827,0.23566327333042517,-0.00010548361964314767,-0.15086684771360753,nan,nan,nan,nan,0.1319756985278108,False,False,BASE_HEIGHT_LIMIT
friction_payload_gain_shift,6606,full,adaptation,8,active,0.09549131095409391,0.24205276928842068,-0.42479423731565474,-0.01701630514924336,-0.035738721842291835,-0.21370074821410412,nan,nan,nan,nan,0.14,False,True,
friction_payload_gain_shift,6607,full,adaptation,8,active,0.09549131095409391,0.24205276928842068,-0.42479423731565474,-0.01578838979282493,0.08203202076563966,-0.22314760043736748,nan,nan,nan,nan,0.14,False,True,
friction_payload_gain_shift,6608,full,adaptation,8,active,0.09549131095409391,0.24205276928842068,-0.42479423731565474,-0.03677464846260427,-0.03505488452433026,-0.18423857906258626,nan,nan,nan,nan,0.14,False,True,
friction_payload_gain_shift,6609,full,adaptation,8,active,0.3107575118541718,-0.08186335675418377,0.20466523170471185,0.21388251233966588,-0.08183613248976425,0.14593983349691997,nan,nan,nan,nan,0.14,False,True,
friction_payload_gain_shift,6610,full,adaptation,8,active,0.35738884285092354,-0.04454974411055446,-0.1537898482754827,0.05937640378837651,-0.009934021691436734,0.01758717093982644,nan,nan,nan,nan,0.14,False,False,BASE_HEIGHT_LIMIT
friction_payload_gain_shift,6611,full,adaptation,8,active,0.09549131095409391,0.24205276928842068,-0.42479423731565474,0.05093404467852049,-0.016008231926118895,-0.21167734213016143,nan,nan,nan,nan,0.14,False,True,
friction_payload_gain_shift,6612,full,adaptation,8,active,0.3107575118541718,-0.08186335675418377,0.20466523170471185,0.045859940283912964,-0.006401379220972726,0.06047286016251979,nan,nan,nan,nan,0.14,False,False,BASE_HEIGHT_LIMIT
friction_payload_gain_shift,6613,full,adaptation,8,active,0.09549131095409391,0.24205276928842068,-0.42479423731565474,0.022498958100818083,-0.002018535014478138,-0.19874130282383223,nan,nan,nan,nan,0.14,False,True,
friction_payload_gain_shift,6614,full,adaptation,8,active,0.09549131095409391,0.24205276928842068,-0.42479423731565474,-0.019788851739232942,-0.03218302988566009,-0.18244803118391092,nan,nan,nan,nan,0.14,False,True,
friction_payload_gain_shift,6615,full,adaptation,8,active,0.09549131095409391,0.24205276928842068,-0.42479423731565474,-0.008815075853437914,0.0181624130477214,-0.17131384607454037,nan,nan,nan,nan,0.13804257178093676,False,True,
friction_payload_gain_shift,6616,full,adaptation,8,active,0.09549131095409391,0.24205276928842068,-0.42479423731565474,0.028232997591076024,-0.02838146894791041,-0.2508852130951154,nan,nan,nan,nan,0.13712407149091949,False,True,
friction_payload_gain_shift,6617,full,adaptation,8,active,0.09549131095409391,0.24205276928842068,-0.42479423731565474,-0.018101286833457207,0.00021003087965144234,-0.17151162176936913,nan,nan,nan,nan,0.14,False,True,
friction_payload_gain_shift,6618,full,adaptation,8,active,0.09549131095409391,0.24205276928842068,-0.42479423731565474,-0.005969556561737174,-0.004372535147027625,-0.14318721238165683,nan,nan,nan,nan,0.14,False,True,
friction_payload_gain_shift,6619,full,adaptation,8,active,0.09549131095409391,0.24205276928842068,-0.42479423731565474,0.012887329038678558,-0.026820284270821927,-0.21384229807050503,nan,nan,nan,nan,0.1352968821647761,False,True,
friction_payload_gain_shift,6620,full,adaptation,8,active,0.09549131095409391,0.24205276928842068,-0.42479423731565474,-0.03060582156058125,-0.044830825849862845,-0.1921585280020416,nan,nan,nan,nan,0.14,False,True,
friction_payload_gain_shift,6601,full,validation,8,rolling_fixed_holdout,0.35,0.0,0.5,0.04473910803585146,0.0707664620946269,0.09562100340490051,0.23382741278345015,0.05796776283820792,0.2751468173046766,0.06496174104015036,0.14,True,False,
friction_payload_gain_shift,6602,full,validation,8,rolling_fixed_holdout,0.35,0.0,0.5,0.13027996682754453,0.025024068566472827,0.203933856742432,0.28601903216629504,0.0327658264000228,0.26829737951210086,0.08327504251993702,0.14,True,True,
friction_payload_gain_shift,6603,full,validation,8,rolling_fixed_holdout,0.35,0.0,0.5,0.023571631399455506,-0.007426862984158244,0.02388351530492926,0.34421010035365907,0.04858217922016257,0.37214327801416125,0.055165850916870415,0.14,True,False,BASE_HEIGHT_LIMIT
friction_payload_gain_shift,6604,full,validation,8,rolling_fixed_holdout,0.35,0.0,0.5,0.29184801907313945,-0.03329578665693096,0.2785871805276626,0.3037909440178735,0.05206564381340299,0.2652384827097287,0.061222438066689186,0.1336643572624446,True,True,
friction_payload_gain_shift,6605,full,validation,8,rolling_fixed_holdout,0.35,0.0,0.5,0.19927132546417142,0.03879773541931855,0.31925746519235915,0.3329752401200087,0.020389819411428308,0.3791680199424714,0.12158091724062045,0.1319756985278108,True,False,BASE_HEIGHT_LIMIT
friction_payload_gain_shift,6606,full,validation,8,rolling_fixed_holdout,0.35,0.0,0.5,0.04648242641596516,0.03900629904664498,0.0028334715581326206,0.3198345271118736,0.06439848077279896,0.36619556779854945,0.05054505011578958,0.14,True,False,BASE_HEIGHT_LIMIT
friction_payload_gain_shift,6607,full,validation,8,rolling_fixed_holdout,0.35,0.0,0.5,0.30653048836563396,-0.040087092844369704,0.39109408076628394,0.291212917140404,0.0534668556399891,0.27802417867097484,0.08228571226647982,0.14,True,True,
friction_payload_gain_shift,6608,full,validation,8,rolling_fixed_holdout,0.35,0.0,0.5,0.2288342632191672,0.0292939004353116,0.33519993291214084,0.28684200320055847,0.08429219800745615,0.29842275577528515,0.06606770822644069,0.14,True,True,
friction_payload_gain_shift,6609,full,validation,8,rolling_fixed_holdout,0.35,0.0,0.5,0.28863030369610826,-0.07386202584571018,0.31147148391681456,0.32953641237831116,-0.003209389693736144,0.3756116540480776,0.06977436987866867,0.14,True,True,
friction_payload_gain_shift,6610,full,validation,8,rolling_fixed_holdout,0.35,0.0,0.5,0.0070431126003516215,-0.0032581292881313797,0.032901877582576955,0.36741035860412213,0.0368053734918603,0.3732289585675335,0.05713038220988928,0.14,True,False,BASE_HEIGHT_LIMIT
friction_payload_gain_shift,6611,full,validation,8,rolling_fixed_holdout,0.35,0.0,0.5,0.0825730369837965,0.025464090017922516,0.2827278619990046,0.23637351854894398,0.09745643539239583,0.329204182229639,0.08133491406675408,0.14,True,True,
friction_payload_gain_shift,6612,full,validation,8,rolling_fixed_holdout,0.35,0.0,0.5,0.0046179004410096675,-0.010890202723235197,0.03162050573061593,0.3746035115871772,0.010985156228563976,0.38659091709499127,0.048483316466427576,0.14,True,False,BASE_HEIGHT_LIMIT
friction_payload_gain_shift,6613,full,validation,8,rolling_fixed_holdout,0.35,0.0,0.5,0.20172352942379126,-0.019347243617746535,0.2807629914163343,0.25032104047851417,0.030618240133926947,0.28635422295528645,0.056096313970489656,0.14,True,True,
friction_payload_gain_shift,6614,full,validation,8,rolling_fixed_holdout,0.35,0.0,0.5,0.160104111701748,0.11536054234183772,0.3183093054452844,0.22860510989906657,0.08944712015006194,0.3152906594657827,0.06043644137696736,0.14,True,True,
friction_payload_gain_shift,6615,full,validation,8,rolling_fixed_holdout,0.35,0.0,0.5,0.2649211039154824,-0.0515067252764193,0.37197631607404974,0.2707998313857808,0.052683277862714865,0.315038140904951,0.06336340876473065,0.13804257178093676,True,True,
friction_payload_gain_shift,6616,full,validation,8,rolling_fixed_holdout,0.35,0.0,0.5,0.19639245392438998,0.05855615401419143,0.33571982949616547,0.2753409031509818,0.08606592511654963,0.2967969471250768,0.08667442216548411,0.13712407149091949,True,True,
friction_payload_gain_shift,6617,full,validation,8,rolling_fixed_holdout,0.35,0.0,0.5,0.053929853361782853,-0.00462903717954608,0.029495023461601044,0.28718088930994595,0.07976497117031177,0.2393346200167526,0.06444567979307275,0.14,True,False,BASE_HEIGHT_LIMIT
friction_payload_gain_shift,6618,full,validation,8,rolling_fixed_holdout,0.35,0.0,0.5,0.10768637190016597,0.030263312552499033,0.2318700688511171,0.27015704401935475,0.08496681957214332,0.24948533412680718,0.07304424326201758,0.14,True,True,
friction_payload_gain_shift,6619,full,validation,8,rolling_fixed_holdout,0.35,0.0,0.5,0.25659819123607747,0.08451057707109001,0.34089861293029305,0.2534520563899649,0.08939596613881481,0.3506175715694959,0.05276269432871002,0.1352968821647761,True,True,
friction_payload_gain_shift,6620,full,validation,8,rolling_fixed_holdout,0.35,0.0,0.5,0.3265865555388119,0.07938166974709306,0.3387383615397625,0.35067090824781844,0.059284907867252504,0.3843465636007631,0.046195188186638064,0.14,True,True,
friction_payload_gain_shift,6601,full,adaptation,9,active,-0.2567124679684639,0.025121891871094704,0.29564991984516376,-0.1812809051189453,-0.0037438842929974387,0.16593891098796645,nan,nan,nan,nan,0.14,False,True,
friction_payload_gain_shift,6602,full,adaptation,9,active,-0.2567124679684639,0.025121891871094704,0.29564991984516376,-0.011705917140792513,0.007442669319034018,-0.013517460483231178,nan,nan,nan,nan,0.14,False,True,
friction_payload_gain_shift,6603,full,adaptation,9,active,-0.2567124679684639,0.025121891871094704,0.29564991984516376,-0.04141280291398446,0.007086100231328744,-0.02074798260429397,nan,nan,nan,nan,0.14,False,True,
friction_payload_gain_shift,6604,full,adaptation,9,active,-0.2567124679684639,0.025121891871094704,0.29564991984516376,-0.01321939320818649,0.010998147879532091,0.02501038333480036,nan,nan,nan,nan,0.1336643572624446,False,True,
friction_payload_gain_shift,6605,full,adaptation,9,active,0.38738708496093754,0.1086227810010314,0.11213716138154273,0.26776262053593264,0.08101043953321552,0.10236191097429655,nan,nan,nan,nan,0.1319756985278108,False,True,
friction_payload_gain_shift,6606,full,adaptation,9,active,-0.2567124679684639,0.025121891871094704,0.29564991984516376,-0.02409012463171867,0.01180043921302352,-0.0060046277215705865,nan,nan,nan,nan,0.14,False,True,
friction_payload_gain_shift,6607,full,adaptation,9,active,-0.2567124679684639,0.025121891871094704,0.29564991984516376,-0.013104755285231981,0.003075496417531537,-0.0018065856380560777,nan,nan,nan,nan,0.14,False,True,
friction_payload_gain_shift,6608,full,adaptation,9,active,-0.2567124679684639,0.025121891871094704,0.29564991984516376,-0.03046111675864392,0.021231421667995173,-0.03188101807096934,nan,nan,nan,nan,0.14,False,True,
friction_payload_gain_shift,6609,full,adaptation,9,active,0.1730341650545597,-0.09102505259215832,0.5438795639201999,0.09661453698681426,-0.027278132131326238,0.22900831526562906,nan,nan,nan,nan,0.14,False,True,
friction_payload_gain_shift,6610,full,adaptation,9,active,0.38738708496093754,0.1086227810010314,0.11213716138154273,0.2819624566909103,0.08626271223791981,0.1455126313545066,nan,nan,nan,nan,0.14,False,True,
friction_payload_gain_shift,6611,full,adaptation,9,active,-0.2567124679684639,0.025121891871094704,0.29564991984516376,-0.036713926737787145,0.012977954661285755,-0.008614804278526086,nan,nan,nan,nan,0.14,False,True,
friction_payload_gain_shift,6612,full,adaptation,9,active,0.3339207716286182,0.017056481447070837,-0.2512847613543272,0.2047633960799587,0.0007065447088161197,-0.1551062522643969,nan,nan,nan,nan,0.14,False,True,
friction_payload_gain_shift,6613,full,adaptation,9,active,-0.2567124679684639,0.025121891871094704,0.29564991984516376,-0.01245778412228842,0.006365973649144078,0.003038032342235672,nan,nan,nan,nan,0.14,False,True,
friction_payload_gain_shift,6614,full,adaptation,9,active,-0.2567124679684639,0.025121891871094704,0.29564991984516376,-0.031839121960191674,-0.003267277219151561,0.040788067839318376,nan,nan,nan,nan,0.14,False,True,
friction_payload_gain_shift,6615,full,adaptation,9,active,-0.2567124679684639,0.025121891871094704,0.29564991984516376,-0.037083972485810544,0.012162529138351136,-0.009024396365221662,nan,nan,nan,nan,0.13804257178093676,False,True,
friction_payload_gain_shift,6616,full,adaptation,9,active,-0.2567124679684639,0.025121891871094704,0.29564991984516376,-0.010366740152145166,-0.0006684467115444245,0.031806911087996916,nan,nan,nan,nan,0.13712407149091949,False,True,
friction_payload_gain_shift,6617,full,adaptation,9,active,-0.2567124679684639,0.025121891871094704,0.29564991984516376,-0.012118856293770722,0.0030114830645492623,0.013340374056356921,nan,nan,nan,nan,0.14,False,True,
friction_payload_gain_shift,6618,full,adaptation,9,active,-0.2567124679684639,0.025121891871094704,0.29564991984516376,-0.11719866294821868,-0.006970822796824523,0.02924252214151872,nan,nan,nan,nan,0.14,False,True,
friction_payload_gain_shift,6619,full,adaptation,9,active,-0.2567124679684639,0.025121891871094704,0.29564991984516376,-0.04645059932930152,-0.0017338185540464633,0.04148047720569809,nan,nan,nan,nan,0.1352968821647761,False,True,
friction_payload_gain_shift,6620,full,adaptation,9,active,-0.2567124679684639,0.025121891871094704,0.29564991984516376,-0.04618824924346741,-0.003536673059723751,0.05928099985943779,nan,nan,nan,nan,0.14,False,True,
friction_payload_gain_shift,6601,full,validation,9,rolling_fixed_holdout,-0.3,0.0,-0.35,-0.07166477334944465,0.03126998740602323,-0.1842514494562815,-0.19002997502556457,-0.005618477280325726,-0.28311773450582606,0.0699610368419888,0.14,True,True,
friction_payload_gain_shift,6602,full,validation,9,rolling_fixed_holdout,-0.3,0.0,-0.35,-0.07822346174628024,0.03832966717133718,-0.1289646995132436,-0.17450973505207418,0.002118359186222942,-0.24666023620279506,0.08489976303137392,0.14,True,True,
friction_payload_gain_shift,6603,full,validation,9,rolling_fixed_holdout,-0.3,0.0,-0.35,-0.15278276653929063,0.035725329503391225,-0.1363675989865295,-0.1848643957380675,0.005555947807346886,-0.23671168414023094,0.05727911703312094,0.14,True,True,
friction_payload_gain_shift,6604,full,validation,9,rolling_fixed_holdout,-0.3,0.0,-0.35,-0.10301950761373724,0.03629605160400906,-0.1782071948075965,-0.15090127753682472,0.013842377470537869,-0.2470978045015762,0.05281314081924627,0.1336643572624446,True,True,
friction_payload_gain_shift,6605,full,validation,9,rolling_fixed_holdout,-0.3,0.0,-0.35,-0.10065998652582551,0.032484365799688344,-0.20642445712140933,-0.15714905435230878,0.007749129737884048,-0.262363177954109,0.07172610074155096,0.1319756985278108,True,True,
friction_payload_gain_shift,6606,full,validation,9,rolling_fixed_holdout,-0.3,0.0,-0.35,-0.10340293752371477,0.051055899602439246,-0.28003673675190466,-0.1636522385758015,0.01725930017327501,-0.2991839857901325,0.04405495363726818,0.14,True,True,
friction_payload_gain_shift,6607,full,validation,9,rolling_fixed_holdout,-0.3,0.0,-0.35,-0.18721508190712274,0.021416863604666648,-0.3024601459430572,-0.22553676728748243,0.0035209261888816063,-0.28910436474083134,0.06046078541166404,0.14,True,True,
friction_payload_gain_shift,6608,full,validation,9,rolling_fixed_holdout,-0.3,0.0,-0.35,-0.11194704214002577,0.04375872031900829,-0.19977271612084593,-0.15403594503336104,0.012886075246500562,-0.23899671080761722,0.051438401985354716,0.14,True,True,
friction_payload_gain_shift,6609,full,validation,9,rolling_fixed_holdout,-0.3,0.0,-0.35,-0.2013367283701776,0.02878312598562434,-0.2218292915752928,-0.23997837761352675,0.017966494707185848,-0.25034672501127486,0.057052054870609846,0.14,True,True,
friction_payload_gain_shift,6610,full,validation,9,rolling_fixed_holdout,-0.3,0.0,-0.35,-0.15481381460760774,0.01776417004319251,-0.23042838574835942,-0.2272085078110902,0.0024165153318691716,-0.29960852388909737,0.061337940557718754,0.14,True,True,
friction_payload_gain_shift,6611,full,validation,9,rolling_fixed_holdout,-0.3,0.0,-0.35,-0.09441610311834159,0.04493124667397682,-0.20365853637136508,-0.14786716661094088,0.013246073669508347,-0.2479247591468252,0.06444769999453713,0.14,True,True,
friction_payload_gain_shift,6612,full,validation,9,rolling_fixed_holdout,-0.3,0.0,-0.35,-0.16475866882043408,0.016577964213078198,-0.2654738506650778,-0.22416598533615897,0.010196094625614556,-0.2847061026591733,0.0511802814789254,0.14,True,True,
friction_payload_gain_shift,6613,full,validation,9,rolling_fixed_holdout,-0.3,0.0,-0.35,-0.11520101465165723,0.02711254198163933,-0.15567096903084748,-0.1529681111187248,0.010122332351852356,-0.23951695951155166,0.05589038506708983,0.14,True,True,
friction_payload_gain_shift,6614,full,validation,9,rolling_fixed_holdout,-0.3,0.0,-0.35,-0.09501994705988588,0.03766886193596992,-0.24039511164834546,-0.13900556402603542,0.008978031876095275,-0.2532590630661542,0.032727604897536226,0.14,True,True,
friction_payload_gain_shift,6615,full,validation,9,rolling_fixed_holdout,-0.3,0.0,-0.35,-0.16447408337313335,0.027623704583071278,-0.12093990443033903,-0.20722158836586863,0.01734269373171787,-0.24744337862173743,0.07367051293995276,0.13804257178093676,True,True,
friction_payload_gain_shift,6616,full,validation,9,rolling_fixed_holdout,-0.3,0.0,-0.35,-0.07495911340913983,0.04167117152077283,-0.260142457722218,-0.13768240350750166,0.012560578863465807,-0.2818615366730904,0.05069341121375542,0.13712407149091949,True,True,
friction_payload_gain_shift,6617,full,validation,9,rolling_fixed_holdout,-0.3,0.0,-0.35,-0.0909406379267239,0.021330424165900454,-0.22461904821053133,-0.19230464146335008,-0.01785723625335663,-0.3003333186966491,0.07331107512344322,0.14,True,True,
friction_payload_gain_shift,6618,full,validation,9,rolling_fixed_holdout,-0.3,0.0,-0.35,-0.07498747493448618,0.03391848255369364,-0.2675477192868433,-0.2273899182122026,-0.029913058940532915,-0.2870337650714708,0.07114624770279387,0.14,True,True,
friction_payload_gain_shift,6619,full,validation,9,rolling_fixed_holdout,-0.3,0.0,-0.35,-0.09441052307649034,0.040511962015256545,-0.25782426390257257,-0.14831151831625647,0.015129965510988644,-0.2832498163478016,0.024868777171783638,0.1352968821647761,True,True,
friction_payload_gain_shift,6620,full,validation,9,rolling_fixed_holdout,-0.3,0.0,-0.35,-0.11712027665947491,0.04520799638707323,-0.20466115893059078,-0.16337257897241292,0.013898421780645856,-0.2492865987720549,0.029114972487756807,0.14,True,True,
friction_payload_gain_shift,6601,full,adaptation,10,active,0.1553487673401832,-0.167844797950238,-0.40836070030927657,0.09992309865643165,-0.09768738389143951,-0.19678999138827616,nan,nan,nan,nan,0.14,False,True,
friction_payload_gain_shift,6602,full,adaptation,10,active,0.28609751462936406,0.13229166017845273,0.27757922112941735,0.09053193336311367,0.040948147238350885,0.2010888150393971,nan,nan,nan,nan,0.14,False,True,
friction_payload_gain_shift,6603,full,adaptation,10,active,0.35738884285092354,-0.04454974411055446,-0.1537898482754827,0.06016891551687916,-0.00896763514168263,0.02926738748303748,nan,nan,nan,nan,0.14,False,False,BASE_HEIGHT_LIMIT
friction_payload_gain_shift,6604,full,adaptation,10,active,0.1553487673401832,-0.167844797950238,-0.40836070030927657,0.09263769693029478,-0.0492034072332317,-0.15253636097696485,nan,nan,nan,nan,0.1336643572624446,False,True,
friction_payload_gain_shift,6605,full,adaptation,10,active,0.1730341650545597,-0.09102505259215832,0.5438795639201999,0.0905430597171335,0.045224516594430594,0.1101121874620696,nan,nan,nan,nan,0.1319756985278108,False,True,
friction_payload_gain_shift,6606,full,adaptation,10,active,0.1553487673401832,-0.167844797950238,-0.40836070030927657,0.12933674943342113,-0.14583928043082642,-0.09412921643965713,nan,nan,nan,nan,0.14,False,True,
friction_payload_gain_shift,6607,full,adaptation,10,active,0.35738884285092354,-0.04454974411055446,-0.1537898482754827,0.07496716831288272,0.007022503046424538,0.015949422904465372,nan,nan,nan,nan,0.14,False,False,BASE_HEIGHT_LIMIT
friction_payload_gain_shift,6608,full,adaptation,10,active,0.1553487673401832,-0.167844797950238,-0.40836070030927657,0.10328080027058281,-0.0850183962411933,-0.20357226076428778,nan,nan,nan,nan,0.14,False,True,
friction_payload_gain_shift,6609,full,adaptation,10,active,0.09549131095409391,0.24205276928842068,-0.42479423731565474,0.006127294002304953,0.00742628589048836,-0.17296116668811573,nan,nan,nan,nan,0.14,False,True,
friction_payload_gain_shift,6610,full,adaptation,10,active,0.1730341650545597,-0.09102505259215832,0.5438795639201999,0.17254718312623632,-0.038629432889497495,0.33086779199985816,nan,nan,nan,nan,0.14,False,True,
friction_payload_gain_shift,6611,full,adaptation,10,active,0.1553487673401832,-0.167844797950238,-0.40836070030927657,0.07614163377701934,-0.06379735234447946,-0.18247155558436054,nan,nan,nan,nan,0.14,False,False,BASE_HEIGHT_LIMIT
friction_payload_gain_shift,6612,full,adaptation,10,active,0.1730341650545597,-0.09102505259215832,0.5438795639201999,0.14087513552525577,-0.0051482638246064544,0.2635669529033869,nan,nan,nan,nan,0.14,False,True,
friction_payload_gain_shift,6613,full,adaptation,10,active,0.35738884285092354,-0.04454974411055446,-0.1537898482754827,0.2909284464918991,-0.018964851679778568,-0.14410203437455005,nan,nan,nan,nan,0.14,False,True,
friction_payload_gain_shift,6614,full,adaptation,10,active,0.1553487673401832,-0.167844797950238,-0.40836070030927657,0.09003572774942074,-0.06655138800010257,-0.13115126783400904,nan,nan,nan,nan,0.14,False,False,BASE_HEIGHT_LIMIT
friction_payload_gain_shift,6615,full,adaptation,10,active,0.1553487673401832,-0.167844797950238,-0.40836070030927657,0.08608136708388707,-0.059759992845401684,-0.17784489752160695,nan,nan,nan,nan,0.13804257178093676,False,True,
friction_payload_gain_shift,6616,full,adaptation,10,active,0.1553487673401832,-0.167844797950238,-0.40836070030927657,0.14667836475780244,-0.09825488570902033,-0.08183130176838,nan,nan,nan,nan,0.13712407149091949,False,True,
friction_payload_gain_shift,6617,full,adaptation,10,active,0.1553487673401832,-0.167844797950238,-0.40836070030927657,0.06990295520729847,-0.039924476026279146,-0.1477903318753585,nan,nan,nan,nan,0.14,False,True,
friction_payload_gain_shift,6618,full,adaptation,10,active,0.35738884285092354,-0.04454974411055446,-0.1537898482754827,0.09878404272552502,0.015735294025597504,0.0523607491479165,nan,nan,nan,nan,0.14,False,False,BASE_HEIGHT_LIMIT
friction_payload_gain_shift,6619,full,adaptation,10,active,0.1553487673401832,-0.167844797950238,-0.40836070030927657,0.11792166034177705,-0.1347804464458048,-0.2683772926485308,nan,nan,nan,nan,0.1352968821647761,False,True,
friction_payload_gain_shift,6620,full,adaptation,10,active,0.07625099644064903,0.0011845235712826252,0.5493754340335726,0.0980701693576193,0.08201290095390383,0.36739394995510344,nan,nan,nan,nan,0.14,False,True,
friction_payload_gain_shift,6601,full,validation,10,rolling_fixed_holdout,-0.3,0.0,0.35,-0.22082785674790442,-0.016028019095589346,0.17239724168689027,-0.24411104722129748,-0.008392981315293289,0.24503814325984838,0.061175839932499726,0.14,True,True,
friction_payload_gain_shift,6602,full,validation,10,rolling_fixed_holdout,-0.3,0.0,0.35,-0.06345958938037675,0.014112661550200349,-0.06063984105575868,-0.14266561136275996,0.0002788852340361084,0.1861976203973343,0.10790092348815478,0.14,True,True,
friction_payload_gain_shift,6603,full,validation,10,rolling_fixed_holdout,-0.3,0.0,0.35,-0.04138639305904654,0.02661360348138925,-0.05613448649835231,-0.13882765057457933,0.002956218471684415,0.17485416598870865,0.09216433479113602,0.14,True,True,
friction_payload_gain_shift,6604,full,validation,10,rolling_fixed_holdout,-0.3,0.0,0.35,-0.017640887878371193,0.02083817986750412,-0.010911336975834934,-0.10610904974185903,0.018480872447622376,0.19011431964439665,0.07735916383296336,0.1336643572624446,True,True,
friction_payload_gain_shift,6605,full,validation,10,rolling_fixed_holdout,-0.3,0.0,0.35,-0.010500138193542128,0.008398779621740472,-0.014477671181507817,-0.2026949311829145,0.025362933735375483,0.26131859007842856,0.11171863555834216,0.1319756985278108,True,True,
friction_payload_gain_shift,6606,full,validation,10,rolling_fixed_holdout,-0.3,0.0,0.35,-0.033264231154162785,0.0219729023362478,-0.04534544626404828,-0.15269731202060793,0.005698038899881153,0.1745616734137096,0.08366893492757753,0.14,True,True,
friction_payload_gain_shift,6607,full,validation,10,rolling_fixed_holdout,-0.3,0.0,0.35,-0.010403401256701666,0.008077042443461285,-0.019061646664227182,-0.12736136890259317,0.0071861022053555925,0.15763483634803244,0.08459582438521397,0.14,True,True,
friction_payload_gain_shift,6608,full,validation,10,rolling_fixed_holdout,-0.3,0.0,0.35,-0.041272031667504386,0.02483788155599782,-0.06039533234522702,-0.15421471905902404,0.0038484097149541845,0.17957786957429248,0.09239547658318714,0.14,True,True,
friction_payload_gain_shift,6609,full,validation,10,rolling_fixed_holdout,-0.3,0.0,0.35,-0.16735975566337713,-0.07300702913621582,0.18451452963310502,-0.2880035269759617,0.007213237410506434,0.32111075600415956,0.07285011044263968,0.14,True,True,
friction_payload_gain_shift,6610,full,validation,10,rolling_fixed_holdout,-0.3,0.0,0.35,-0.019788314084672635,0.00040175113599265024,0.011165057687238205,-0.2750319843160261,-0.0056304431630045315,0.2818530482443564,0.1139478061146091,0.14,True,True,
friction_payload_gain_shift,6611,full,validation,10,rolling_fixed_holdout,-0.3,0.0,0.35,-0.048249991564225214,0.014857884919970506,-0.0439329425327857,-0.1479165344841413,0.001312665917990552,0.18006075459072968,0.09299780462681784,0.14,True,True,
friction_payload_gain_shift,6612,full,validation,10,rolling_fixed_holdout,-0.3,0.0,0.35,-0.01610959593073092,0.001129362093450105,0.007620094614723335,-0.2714239417017917,0.017738539635351512,0.27871250882251264,0.10961859437891515,0.14,True,True,
friction_payload_gain_shift,6613,full,validation,10,rolling_fixed_holdout,-0.3,0.0,0.35,-0.14083608302528003,-0.005462911723663247,0.004885591049148168,-0.11045324686258015,0.014940484541570657,0.16957663619307015,0.060491084365592515,0.14,True,True,
friction_payload_gain_shift,6614,full,validation,10,rolling_fixed_holdout,-0.3,0.0,0.35,-0.048791437352059354,0.0053752655256958356,0.01718818335435257,-0.15328024451026223,-0.01441540071437653,0.20606449561827764,0.06959669766851968,0.14,True,True,
friction_payload_gain_shift,6615,full,validation,10,rolling_fixed_holdout,-0.3,0.0,0.35,-0.04207764134159011,0.019867234320940143,-0.050681283129113075,-0.13472641404338018,0.013028342713141787,0.15903350013044512,0.09012416605775922,0.13804257178093676,True,True,
friction_payload_gain_shift,6616,full,validation,10,rolling_fixed_holdout,-0.3,0.0,0.35,-0.01735373218098408,0.01038605336192753,0.004298407791241721,-0.11743672594124552,0.007389986986276904,0.1746580271550581,0.06657110527944642,0.13712407149091949,True,True,
friction_payload_gain_shift,6617,full,validation,10,rolling_fixed_holdout,-0.3,0.0,0.35,-0.014599337347408904,0.012168631574460544,-0.013992436173441668,-0.15028596751644197,-0.00985311943617339,0.18048487438866076,0.08344781732693256,0.14,True,True,
friction_payload_gain_shift,6618,full,validation,10,rolling_fixed_holdout,-0.3,0.0,0.35,-0.17267182214987603,-0.04225930876468411,0.16618983197877682,-0.2126900509796939,-0.013408486072375837,0.20056695608844985,0.07225550056870503,0.14,True,True,
friction_payload_gain_shift,6619,full,validation,10,rolling_fixed_holdout,-0.3,0.0,0.35,-0.03469096320296075,0.0142403165037561,-0.00906164063432659,-0.12690385357904865,0.005876557733551871,0.18203992457460375,0.06550253436888867,0.1352968821647761,True,True,
friction_payload_gain_shift,6620,full,validation,10,rolling_fixed_holdout,-0.3,0.0,0.35,-0.0356250720002994,0.018835310537464536,-0.0128682449601338,-0.12668713465042428,0.00775509097869826,0.20717615978217432,0.07370177034637586,0.14,True,True,
friction_payload_gain_shift,6601,full,adaptation,11,active,-0.2528455726802349,-0.02883046818897128,-0.5475876500830054,-0.06775584327336798,0.0441359908306212,-0.2932583187242489,nan,nan,nan,nan,0.14,False,True,
friction_payload_gain_shift,6602,full,adaptation,11,active,0.1553487673401832,-0.167844797950238,-0.40836070030927657,0.11929762539519215,-0.0967671220468292,-0.14972987551552802,nan,nan,nan,nan,0.14,False,True,
friction_payload_gain_shift,6603,full,adaptation,11,active,0.3339207716286182,0.017056481447070837,-0.2512847613543272,0.23063297912228317,0.03253679845989759,-0.1280218784054889,nan,nan,nan,nan,0.14,False,True,
friction_payload_gain_shift,6604,full,adaptation,11,active,-0.2528455726802349,-0.02883046818897128,-0.5475876500830054,-0.10661929894760633,0.02402265254975013,-0.26008610522180037,nan,nan,nan,nan,0.1336643572624446,False,True,
friction_payload_gain_shift,6605,full,adaptation,11,active,0.09549131095409391,0.24205276928842068,-0.42479423731565474,-0.04039219821369747,-0.035756965771711224,-0.12278011276324452,nan,nan,nan,nan,0.1319756985278108,False,True,
friction_payload_gain_shift,6606,full,adaptation,11,active,-0.2528455726802349,-0.02883046818897128,-0.5475876500830054,-0.09397836985938257,0.0451090651339481,-0.3549518597148986,nan,nan,nan,nan,0.14,False,True,
friction_payload_gain_shift,6607,full,adaptation,11,active,0.3339207716286182,0.017056481447070837,-0.2512847613543272,0.09050498079206314,-0.014179009658753879,-0.10027097226331629,nan,nan,nan,nan,0.14,False,False,BASE_HEIGHT_LIMIT
friction_payload_gain_shift,6608,full,adaptation,11,active,-0.2528455726802349,-0.02883046818897128,-0.5475876500830054,-0.09250139205385825,0.03527918506880392,-0.25887544113528416,nan,nan,nan,nan,0.14,False,True,
friction_payload_gain_shift,6609,full,adaptation,11,active,0.3339207716286182,0.017056481447070837,-0.2512847613543272,0.2242649985443146,0.010303786335149463,-0.18777333414956826,nan,nan,nan,nan,0.14,False,True,
friction_payload_gain_shift,6610,full,adaptation,11,active,0.09549131095409391,0.24205276928842068,-0.42479423731565474,-0.047205485577269654,-0.03346804440606307,-0.14345339003908103,nan,nan,nan,nan,0.14,False,True,
friction_payload_gain_shift,6611,full,adaptation,11,active,-0.2528455726802349,-0.02883046818897128,-0.5475876500830054,-0.06662563391537656,0.04394597497302549,-0.27922504039036555,nan,nan,nan,nan,0.14,False,True,
friction_payload_gain_shift,6612,full,adaptation,11,active,0.09549131095409391,0.24205276928842068,-0.42479423731565474,-0.0436647287691213,-0.034338528038599145,-0.13710570029184646,nan,nan,nan,nan,0.14,False,True,
friction_payload_gain_shift,6613,full,adaptation,11,active,0.08831008300185206,-0.23816144792363048,0.17234424203634258,0.05292642259494035,-0.21151385371117212,0.06365168446785573,nan,nan,nan,nan,0.14,False,True,
friction_payload_gain_shift,6614,full,adaptation,11,active,-0.2528455726802349,-0.02883046818897128,-0.5475876500830054,-0.05594675444042693,0.03232041120350687,-0.2176844838580095,nan,nan,nan,nan,0.14,False,True,
friction_payload_gain_shift,6615,full,adaptation,11,active,-0.2528455726802349,-0.02883046818897128,-0.5475876500830054,-0.12347164911700124,0.00010524878581153903,-0.1846118172426563,nan,nan,nan,nan,0.13804257178093676,False,True,
friction_payload_gain_shift,6616,full,adaptation,11,active,-0.2528455726802349,-0.02883046818897128,-0.5475876500830054,-0.04938526429868095,0.043003713664290566,-0.2875723673007762,nan,nan,nan,nan,0.13712407149091949,False,True,
friction_payload_gain_shift,6617,full,adaptation,11,active,-0.2528455726802349,-0.02883046818897128,-0.5475876500830054,-0.10991805337038954,0.017616089896648833,-0.2113309140925289,nan,nan,nan,nan,0.14,False,True,
friction_payload_gain_shift,6618,full,adaptation,11,active,0.3339207716286182,0.017056481447070837,-0.2512847613543272,0.18342383323790604,0.02010598255567954,-0.12323023038337151,nan,nan,nan,nan,0.14,False,True,
friction_payload_gain_shift,6619,full,adaptation,11,active,-0.2528455726802349,-0.02883046818897128,-0.5475876500830054,-0.06681036162010531,0.03724109927616409,-0.2617458735527859,nan,nan,nan,nan,0.1352968821647761,False,True,
friction_payload_gain_shift,6620,full,adaptation,11,active,0.1553487673401832,-0.167844797950238,-0.40836070030927657,0.09266584486640259,-0.1071328291492215,-0.2354818214326532,nan,nan,nan,nan,0.14,False,True,
friction_payload_gain_shift,6601,full,validation,11,rolling_fixed_holdout,0.2,-0.18,-0.3,0.10455757689929744,-0.11987491981356847,-0.17929983255457543,0.13364810707116795,-0.1454111467033701,-0.17786523960977085,0.05372765143049835,0.14,True,True,
friction_payload_gain_shift,6602,full,validation,11,rolling_fixed_holdout,0.2,-0.18,-0.3,0.14683656672206397,-0.1335851692509875,-0.1051416947367769,0.15956098411235123,-0.1631536495031037,-0.16135792982573038,0.10185036799638156,0.14,True,True,
friction_payload_gain_shift,6603,full,validation,11,rolling_fixed_holdout,0.2,-0.18,-0.3,0.0988360595639986,-0.06921141915814376,-0.14587178741229934,0.14164310075379075,-0.0989937726120633,-0.23345337545856673,0.08494443566030409,0.14,True,True,
friction_payload_gain_shift,6604,full,validation,11,rolling_fixed_holdout,0.2,-0.18,-0.3,0.12419382633834763,-0.09412461807222186,-0.10890806437810696,0.13400690877829413,-0.1119275561517871,-0.23651281841288857,0.07735916383296336,0.1336643572624446,True,False,BASE_HEIGHT_LIMIT
friction_payload_gain_shift,6605,full,validation,11,rolling_fixed_holdout,0.2,-0.18,-0.3,0.08822563733164088,-0.07095545197425014,-0.149342123654573,0.15787277924069454,-0.12305101560563891,-0.2484763237665002,0.11171863555834216,0.1319756985278108,True,False,BASE_HEIGHT_LIMIT
friction_payload_gain_shift,6606,full,validation,11,rolling_fixed_holdout,0.2,-0.18,-0.3,0.13230612919880108,-0.15898858308710326,-0.09012834431491712,0.17137678699259015,-0.1367886868242485,-0.1671661014899794,0.07985441150003254,0.14,True,True,
friction_payload_gain_shift,6607,full,validation,11,rolling_fixed_holdout,0.2,-0.18,-0.3,0.09455828657122746,-0.07912253316501555,-0.17314402068672144,0.14097665052407207,-0.1584032203574957,-0.21662791838971004,0.08112311290844777,0.14,True,True,
friction_payload_gain_shift,6608,full,validation,11,rolling_fixed_holdout,0.2,-0.18,-0.3,0.09225536390859933,-0.06411013698195751,-0.13614240643981926,0.14609958337018925,-0.07527718462641128,-0.238438023204527,0.09239547658318714,0.14,True,False,BASE_HEIGHT_LIMIT
friction_payload_gain_shift,6609,full,validation,11,rolling_fixed_holdout,0.2,-0.18,-0.3,0.057280790048740746,-0.05985115373774134,-0.14623717912924492,0.11022087784024553,-0.1559707371045753,-0.22544919457929302,0.07701049555052739,0.14,True,True,
friction_payload_gain_shift,6610,full,validation,11,rolling_fixed_holdout,0.2,-0.18,-0.3,0.0838270085246256,-0.07173803360394686,-0.15322744184654036,0.13972506675814444,-0.07046467956721178,-0.28831874572856153,0.1139478061146091,0.14,True,False,BASE_HEIGHT_LIMIT
friction_payload_gain_shift,6611,full,validation,11,rolling_fixed_holdout,0.2,-0.18,-0.3,0.0903854295327392,-0.07966557304414687,-0.1548833195148123,0.12555739410708378,-0.07681872455139065,-0.26229743718636217,0.09299780462681784,0.14,True,False,BASE_HEIGHT_LIMIT
friction_payload_gain_shift,6612,full,validation,11,rolling_fixed_holdout,0.2,-0.18,-0.3,0.08586778105976516,-0.08365790353352794,-0.10349234066855831,0.13094195238304993,-0.14325669752680179,-0.21804495413333477,0.10961859437891515,0.14,True,False,BASE_HEIGHT_LIMIT
friction_payload_gain_shift,6613,full,validation,11,rolling_fixed_holdout,0.2,-0.18,-0.3,0.09753264739916948,-0.08855441240183694,-0.12187587094951394,0.17064172479337222,-0.12028283044336203,-0.28157587360380903,0.060491084365592515,0.14,True,False,BASE_HEIGHT_LIMIT
friction_payload_gain_shift,6614,full,validation,11,rolling_fixed_holdout,0.2,-0.18,-0.3,0.11272601361828592,-0.08427685305525634,-0.06536265266334348,0.15692977781563425,-0.07562673687657934,-0.2941700942699956,0.06959669766851968,0.14,True,False,BASE_HEIGHT_LIMIT
friction_payload_gain_shift,6615,full,validation,11,rolling_fixed_holdout,0.2,-0.18,-0.3,0.10060582324822523,-0.05583344604487228,-0.11136277875010568,0.14668801290973527,-0.09334463961199227,-0.19690588946299137,0.09012416605775922,0.13804257178093676,True,False,BASE_HEIGHT_LIMIT
friction_payload_gain_shift,6616,full,validation,11,rolling_fixed_holdout,0.2,-0.18,-0.3,0.10004806022032806,-0.08741786579913527,-0.04573782805729756,0.15995963466029997,-0.1239616362010964,-0.1898586405495761,0.06657110527944642,0.13712407149091949,True,False,BASE_HEIGHT_LIMIT
friction_payload_gain_shift,6617,full,validation,11,rolling_fixed_holdout,0.2,-0.18,-0.3,0.10405069965453487,-0.06523345479649181,-0.14599144081028936,0.13313738647425308,-0.1020445837152327,-0.2144569885745496,0.08640049708735016,0.14,True,True,
friction_payload_gain_shift,6618,full,validation,11,rolling_fixed_holdout,0.2,-0.18,-0.3,0.09301090360485917,-0.0872521014501485,-0.18128458016764018,0.13390709927851813,-0.15744141392990568,-0.21560460170824733,0.07570374522492648,0.14,True,True,
friction_payload_gain_shift,6619,full,validation,11,rolling_fixed_holdout,0.2,-0.18,-0.3,0.13929548189151386,-0.127363303756537,-0.14007033816754488,0.16364855463139663,-0.1083387870078432,-0.24617390675198683,0.06550253436888867,0.1352968821647761,True,False,BASE_HEIGHT_LIMIT
friction_payload_gain_shift,6620,full,validation,11,rolling_fixed_holdout,0.2,-0.18,-0.3,0.08219320507761026,-0.0710967385991643,-0.0696543228901086,0.15062071574079244,-0.09865781069174788,-0.24363126792969592,0.07370177034637586,0.14,True,False,BASE_HEIGHT_LIMIT
friction_payload_gain_shift,6601,full,adaptation,12,active,0.3339207716286182,0.017056481447070837,-0.2512847613543272,0.07955790677178087,0.0047112688730498705,0.006126107346365464,nan,nan,nan,nan,0.14,False,False,BASE_HEIGHT_LIMIT
friction_payload_gain_shift,6602,full,adaptation,12,active,0.3339207716286182,0.017056481447070837,-0.2512847613543272,0.249643064899778,-0.027487815976158687,-0.1566749646985249,nan,nan,nan,nan,0.14,False,True,
friction_payload_gain_shift,6603,full,adaptation,12,active,0.08831008300185206,-0.23816144792363048,0.17234424203634258,0.10176327504993239,-0.16635730142345437,0.18060119287328674,nan,nan,nan,nan,0.14,False,True,
friction_payload_gain_shift,6604,full,adaptation,12,active,0.3339207716286182,0.017056481447070837,-0.2512847613543272,0.17902328966060677,-0.008105747622843905,-0.21440180206842094,nan,nan,nan,nan,0.1336643572624446,False,True,
friction_payload_gain_shift,6605,full,adaptation,12,active,-0.2567124679684639,0.025121891871094704,0.29564991984516376,-0.015722454285154997,0.0026572059133459515,0.0009545395399734569,nan,nan,nan,nan,0.1319756985278108,False,True,
friction_payload_gain_shift,6606,full,adaptation,12,active,0.3339207716286182,0.017056481447070837,-0.2512847613543272,0.03325422080925468,0.010833908289532635,0.03518702815372358,nan,nan,nan,nan,0.14,False,False,BASE_HEIGHT_LIMIT
friction_payload_gain_shift,6607,full,adaptation,12,active,0.26878315880894665,0.05373321380466223,-0.3590803368017077,0.08204411859219854,-0.016872333721481628,-0.17336717274090535,nan,nan,nan,nan,0.14,False,True,
friction_payload_gain_shift,6608,full,adaptation,12,active,0.3339207716286182,0.017056481447070837,-0.2512847613543272,0.25863788345608557,0.03294704958473617,-0.1907903265548509,nan,nan,nan,nan,0.14,False,True,
friction_payload_gain_shift,6609,full,adaptation,12,active,-0.2567124679684639,0.025121891871094704,0.29564991984516376,-0.016758352521123388,0.01409145157616283,-0.02811191584626593,nan,nan,nan,nan,0.14,False,True,
friction_payload_gain_shift,6610,full,adaptation,12,active,-0.2567124679684639,0.025121891871094704,0.29564991984516376,-0.029445592015894667,-0.011383193798605707,0.04530938715796883,nan,nan,nan,nan,0.14,False,True,
friction_payload_gain_shift,6611,full,adaptation,12,active,0.18380555212497707,-0.23171630734577775,-0.08808133266866203,0.05999280572615181,-0.09846969044135276,-0.09011424601450124,nan,nan,nan,nan,0.14,False,True,
friction_payload_gain_shift,6612,full,adaptation,12,active,-0.2567124679684639,0.025121891871094704,0.29564991984516376,-0.02513090821422229,-0.010407450305716003,0.04954465756561696,nan,nan,nan,nan,0.14,False,True,
friction_payload_gain_shift,6613,full,adaptation,12,active,-0.2528455726802349,-0.02883046818897128,-0.5475876500830054,-0.043029255485589044,-0.006425050331703844,-0.08076963252491161,nan,nan,nan,nan,0.14,False,True,
friction_payload_gain_shift,6614,full,adaptation,12,active,0.18380555212497707,-0.23171630734577775,-0.08808133266866203,0.07852129696949076,-0.07967450136696215,-0.10562584737686408,nan,nan,nan,nan,0.14,False,False,BASE_HEIGHT_LIMIT
friction_payload_gain_shift,6615,full,adaptation,12,active,0.3339207716286182,0.017056481447070837,-0.2512847613543272,0.09431801669213273,0.017687433763366168,-0.007789422837575273,nan,nan,nan,nan,0.13804257178093676,False,False,BASE_HEIGHT_LIMIT
friction_payload_gain_shift,6616,full,adaptation,12,active,0.3339207716286182,0.017056481447070837,-0.2512847613543272,0.06098623576388576,0.004152740437400198,0.040653545693056715,nan,nan,nan,nan,0.13712407149091949,False,False,BASE_HEIGHT_LIMIT
friction_payload_gain_shift,6617,full,adaptation,12,active,0.3339207716286182,0.017056481447070837,-0.2512847613543272,0.10335979427589691,-0.016928081004293077,-0.14076718893443982,nan,nan,nan,nan,0.14,False,False,BASE_HEIGHT_LIMIT
friction_payload_gain_shift,6618,full,adaptation,12,active,0.08831008300185206,-0.23816144792363048,0.17234424203634258,0.050558825624963416,-0.21047034441605902,0.14359207978783514,nan,nan,nan,nan,0.14,False,True,
friction_payload_gain_shift,6619,full,adaptation,12,active,0.3339207716286182,0.017056481447070837,-0.2512847613543272,0.26420513056518,0.02097749793119956,-0.10701020456595944,nan,nan,nan,nan,0.1352968821647761,False,True,
friction_payload_gain_shift,6620,full,adaptation,12,active,-0.2528455726802349,-0.02883046818897128,-0.5475876500830054,-0.12468377620879548,0.03982524397506263,-0.2922145729708442,nan,nan,nan,nan,0.14,False,True,
friction_payload_gain_shift,6601,full,validation,12,rolling_fixed_holdout,0.2,-0.18,0.3,0.05009068094542001,-0.07447274235940479,0.29111218042746484,0.11186028042803328,-0.12231084311117948,0.19664124911558253,0.06294962503805483,0.14,True,True,
friction_payload_gain_shift,6602,full,validation,12,rolling_fixed_holdout,0.2,-0.18,0.3,0.07444341418235573,-0.09002900236488101,0.23872184278243336,0.13601100706235444,-0.14205573620995401,0.19896535845768232,0.09314086229792173,0.14,True,True,
friction_payload_gain_shift,6603,full,validation,12,rolling_fixed_holdout,0.2,-0.18,0.3,0.20440545051991058,-0.12565975539627264,0.2781258297955586,0.1886702729572782,-0.13066953244318333,0.29360677424137727,0.08481396568181024,0.14,True,True,
friction_payload_gain_shift,6604,full,validation,12,rolling_fixed_holdout,0.2,-0.18,0.3,0.15794160304204594,-0.14201865371934688,0.20725827462343088,0.15813164287693268,-0.13915248077298598,0.18178574371318793,0.0730586126302719,0.1336643572624446,True,True,
friction_payload_gain_shift,6605,full,validation,12,rolling_fixed_holdout,0.2,-0.18,0.3,0.1196726266773106,-0.04681145413382828,0.17636684832273505,0.14407067140162969,-0.10625110752391452,0.1827949374346865,0.10232816605940503,0.1319756985278108,True,True,
friction_payload_gain_shift,6606,full,validation,12,rolling_fixed_holdout,0.2,-0.18,0.3,0.18352420827841975,-0.12209085394559668,0.3086095462030879,0.16316954706507125,-0.0931575490228156,0.25249811497026386,0.08184395092339279,0.14,True,True,
friction_payload_gain_shift,6607,full,validation,12,rolling_fixed_holdout,0.2,-0.18,0.3,0.17601534579821657,-0.14378685048995218,0.25312511359630696,0.1551929011749018,-0.12043497906706148,0.1741608712443972,0.07326548586000875,0.14,True,True,
friction_payload_gain_shift,6608,full,validation,12,rolling_fixed_holdout,0.2,-0.18,0.3,0.16673581649940664,-0.107828092588138,0.2602685054383369,0.12585058313887054,-0.037854686143185726,0.1881070220493972,0.08877138001429252,0.14,True,True,
friction_payload_gain_shift,6609,full,validation,12,rolling_fixed_holdout,0.2,-0.18,0.3,0.1096696742089991,-0.17288145303777355,0.23013910700860507,0.131177924137659,-0.15529037279917463,0.2274292181441153,0.07139545116733931,0.14,True,True,
friction_payload_gain_shift,6610,full,validation,12,rolling_fixed_holdout,0.2,-0.18,0.3,0.1816305489124775,-0.10248208883066147,0.21867517760915747,0.15363408633283326,-0.0566845192636977,0.19587683101843162,0.11516472624107484,0.14,True,True,
friction_payload_gain_shift,6611,full,validation,12,rolling_fixed_holdout,0.2,-0.18,0.3,0.06569630519965021,0.005448958980665603,0.20902532768177126,0.07799527981327918,-0.04159747337652793,0.19290361266336015,0.09116496470487379,0.14,True,True,
friction_payload_gain_shift,6612,full,validation,12,rolling_fixed_holdout,0.2,-0.18,0.3,0.17022962054169494,-0.1347290926159646,0.26187363057452057,0.15972388896939826,-0.14881679778253404,0.2510350478717709,0.10943757516571234,0.14,True,True,
friction_payload_gain_shift,6613,full,validation,12,rolling_fixed_holdout,0.2,-0.18,0.3,0.105743502606368,-0.16194371635649074,0.2054629456242076,0.12373614667601975,-0.13730900220585163,0.195545254154791,0.05994874274808191,0.14,True,True,
friction_payload_gain_shift,6614,full,validation,12,rolling_fixed_holdout,0.2,-0.18,0.3,0.07272403269698068,-0.006889972878755449,0.24257209193923615,0.08691203336622244,-0.05526399375249153,0.194306065323989,0.07079970639796795,0.14,True,True,
friction_payload_gain_shift,6615,full,validation,12,rolling_fixed_holdout,0.2,-0.18,0.3,0.15637949349513947,-0.12690696199266266,0.2746855738486965,0.15061776316207715,-0.09771950953054494,0.23936211349462516,0.08505486314742815,0.13804257178093676,True,True,
friction_payload_gain_shift,6616,full,validation,12,rolling_fixed_holdout,0.2,-0.18,0.3,0.062133391412049155,0.0151522808091005,0.10777948145458757,0.13115827997713012,-0.10171535310448597,0.1916756795198203,0.08076046121136544,0.13712407149091949,True,True,
friction_payload_gain_shift,6617,full,validation,12,rolling_fixed_holdout,0.2,-0.18,0.3,0.1485662048601053,-0.11207318323843693,0.1902178390749963,0.1626659314615016,-0.1182400708044273,0.16684229817963112,0.08262974779235646,0.14,True,True,
friction_payload_gain_shift,6618,full,validation,12,rolling_fixed_holdout,0.2,-0.18,0.3,0.09594112941067641,-0.033374843872624946,0.203034589030281,0.13345102490888808,-0.1361338921879796,0.17913429303934883,0.06558126788099324,0.14,True,True,
friction_payload_gain_shift,6619,full,validation,12,rolling_fixed_holdout,0.2,-0.18,0.3,0.14137992283164336,-0.039766094306024215,0.2151666238893525,0.12058129678833726,-0.059388299582537545,0.23262695213432985,0.06489716210062364,0.1352968821647761,True,True,
friction_payload_gain_shift,6620,full,validation,12,rolling_fixed_holdout,0.2,-0.18,0.3,0.20606527917860396,-0.06667574660278656,0.1940843727045476,0.17287592851906167,-0.07629318957874115,0.2517220769747486,0.0761171150974658,0.14,True,True,
