Setup unitree ros2 environment
[go2:sport] connecting zmq: tcp://127.0.0.1:5596
[go2:sport] DRY RUN: SportClient is not initialized; commands will only be logged
[go2:sport] DRY cmd#1 seq=33 v=0.000 w=0.000 dt=0.0ms policy_zmq_lag=0.6ms
[go2:sport] DRY cmd#2 seq=34 v=0.000 w=0.000 dt=40.4ms policy_zmq_lag=0.6ms
[go2:sport] DRY cmd#3 seq=35 v=0.000 w=0.000 dt=39.6ms policy_zmq_lag=0.6ms
[go2:sport] DRY cmd#4 seq=36 v=0.000 w=0.000 dt=40.0ms policy_zmq_lag=0.7ms
[go2:sport] DRY cmd#5 seq=37 v=0.000 w=0.000 dt=39.9ms policy_zmq_lag=0.6ms
[go2:sport] DRY cmd#6 seq=38 v=0.000 w=0.000 dt=40.3ms policy_zmq_lag=0.6ms
[go2:sport] DRY cmd#7 seq=39 v=0.000 w=0.000 dt=39.7ms policy_zmq_lag=0.6ms
[go2:sport] DRY cmd#8 seq=40 v=0.000 w=0.000 dt=40.0ms policy_zmq_lag=0.6ms
[go2:sport] DRY cmd#9 seq=41 v=0.000 w=0.000 dt=40.0ms policy_zmq_lag=0.6ms
[go2:sport] DRY cmd#10 seq=42 v=0.000 w=0.000 dt=40.0ms policy_zmq_lag=0.6ms
[go2:sport] DRY cmd#11 seq=43 v=0.000 w=0.000 dt=39.9ms policy_zmq_lag=0.6ms
[go2:sport] DRY cmd#12 seq=44 v=0.000 w=0.000 dt=40.5ms policy_zmq_lag=0.6ms
[go2:sport] DRY cmd#13 seq=45 v=0.000 w=0.000 dt=39.6ms policy_zmq_lag=0.6ms
[go2:sport] DRY cmd#14 seq=46 v=0.000 w=0.000 dt=40.4ms policy_zmq_lag=0.6ms
[go2:sport] DRY cmd#15 seq=47 v=0.000 w=0.000 dt=40.0ms policy_zmq_lag=0.6ms
[go2:sport] DRY cmd#16 seq=48 v=0.000 w=0.000 dt=39.6ms policy_zmq_lag=0.6ms
[go2:sport] DRY cmd#17 seq=49 v=0.000 w=0.000 dt=40.2ms policy_zmq_lag=0.6ms
[go2:sport] DRY cmd#18 seq=50 v=0.000 w=0.000 dt=40.0ms policy_zmq_lag=0.6ms
[go2:sport] DRY cmd#19 seq=51 v=0.000 w=0.000 dt=40.0ms policy_zmq_lag=0.6ms
[go2:sport] DRY cmd#20 seq=52 v=0.000 w=0.000 dt=40.1ms policy_zmq_lag=0.6ms
[go2:sport] DRY cmd#21 seq=53 v=0.000 w=0.000 dt=40.2ms policy_zmq_lag=0.7ms
[go2:sport] DRY cmd#22 seq=54 v=0.000 w=0.000 dt=39.4ms policy_zmq_lag=0.6ms
[go2:sport] DRY cmd#23 seq=55 v=0.000 w=0.000 dt=40.1ms policy_zmq_lag=0.6ms
[go2:sport] DRY cmd#24 seq=56 v=0.000 w=0.000 dt=40.0ms policy_zmq_lag=0.6ms
[go2:sport] DRY cmd#25 seq=57 v=0.000 w=0.000 dt=40.3ms policy_zmq_lag=0.6ms
[go2:sport] DRY cmd#26 seq=58 v=0.000 w=0.000 dt=39.9ms policy_zmq_lag=0.6ms
[go2:sport] DRY cmd#27 seq=59 v=0.000 w=0.000 dt=39.8ms policy_zmq_lag=0.6ms
[go2:sport] DRY cmd#28 seq=60 v=0.000 w=0.000 dt=40.3ms policy_zmq_lag=0.6ms
[go2:sport] DRY cmd#29 seq=61 v=0.000 w=0.000 dt=40.4ms policy_zmq_lag=0.9ms
[go2:sport] DRY cmd#30 seq=62 v=0.000 w=0.000 dt=39.8ms policy_zmq_lag=0.6ms
[go2:sport] DRY cmd#31 seq=63 v=0.000 w=0.000 dt=39.6ms policy_zmq_lag=0.6ms
[go2:sport] DRY cmd#32 seq=64 v=0.000 w=0.000 dt=40.0ms policy_zmq_lag=0.6ms
[go2:sport] DRY cmd#33 seq=65 v=0.000 w=0.000 dt=40.2ms policy_zmq_lag=0.6ms
[go2:sport] DRY cmd#34 seq=66 v=0.000 w=0.000 dt=39.9ms policy_zmq_lag=0.6ms
[go2:sport] DRY cmd#35 seq=67 v=0.000 w=0.000 dt=40.2ms policy_zmq_lag=0.6ms
[go2:sport] DRY cmd#36 seq=68 v=0.000 w=0.000 dt=40.1ms policy_zmq_lag=0.6ms
[go2:sport] DRY cmd#37 seq=69 v=0.000 w=0.000 dt=40.0ms policy_zmq_lag=0.6ms
[go2:sport] DRY cmd#38 seq=70 v=0.000 w=0.000 dt=40.0ms policy_zmq_lag=0.6ms
[go2:sport] DRY cmd#39 seq=71 v=0.000 w=0.000 dt=40.0ms policy_zmq_lag=0.6ms
[go2:sport] DRY cmd#40 seq=72 v=0.000 w=0.000 dt=39.7ms policy_zmq_lag=0.6ms
[go2:sport] DRY cmd#41 seq=73 v=0.000 w=0.000 dt=40.3ms policy_zmq_lag=0.6ms
[go2:sport] DRY cmd#42 seq=74 v=0.000 w=0.000 dt=40.0ms policy_zmq_lag=0.6ms
[go2:sport] DRY cmd#43 seq=75 v=0.000 w=0.000 dt=39.9ms policy_zmq_lag=0.6ms
[go2:sport] DRY cmd#44 seq=76 v=0.000 w=0.000 dt=39.6ms policy_zmq_lag=0.6ms
[go2:sport] DRY cmd#45 seq=77 v=0.000 w=0.000 dt=40.1ms policy_zmq_lag=0.7ms
[go2:sport] DRY cmd#46 seq=78 v=0.000 w=0.000 dt=40.5ms policy_zmq_lag=0.6ms
[go2:sport] DRY cmd#47 seq=79 v=0.000 w=0.000 dt=39.4ms policy_zmq_lag=0.6ms
[go2:sport] DRY cmd#48 seq=80 v=0.000 w=0.000 dt=40.1ms policy_zmq_lag=0.7ms
[go2:sport] DRY cmd#49 seq=81 v=0.000 w=0.000 dt=39.7ms policy_zmq_lag=0.5ms
[go2:sport] DRY cmd#50 seq=82 v=0.000 w=0.000 dt=40.1ms policy_zmq_lag=0.6ms
[go2:sport] DRY cmd#51 seq=83 v=0.000 w=0.000 dt=40.4ms policy_zmq_lag=0.6ms
[go2:sport] DRY cmd#52 seq=84 v=0.000 w=0.000 dt=40.0ms policy_zmq_lag=0.6ms
[go2:sport] DRY cmd#53 seq=85 v=0.000 w=0.000 dt=40.0ms policy_zmq_lag=0.6ms
[go2:sport] DRY cmd#54 seq=86 v=0.000 w=0.000 dt=39.5ms policy_zmq_lag=0.6ms
[go2:sport] DRY cmd#55 seq=87 v=0.000 w=0.000 dt=40.4ms policy_zmq_lag=0.6ms
[go2:sport] DRY cmd#56 seq=88 v=0.000 w=0.000 dt=40.0ms policy_zmq_lag=0.6ms
[go2:sport] DRY cmd#57 seq=89 v=0.000 w=0.000 dt=40.0ms policy_zmq_lag=0.6ms
[go2:sport] DRY cmd#58 seq=90 v=0.000 w=0.000 dt=39.7ms policy_zmq_lag=0.7ms
[go2:sport] DRY cmd#59 seq=91 v=0.000 w=0.000 dt=40.1ms policy_zmq_lag=0.6ms
[go2:sport] DRY cmd#60 seq=92 v=0.000 w=0.000 dt=39.8ms policy_zmq_lag=0.6ms
[go2:sport] DRY cmd#61 seq=93 v=0.000 w=0.000 dt=40.1ms policy_zmq_lag=0.6ms
[go2:sport] DRY cmd#62 seq=94 v=0.000 w=0.000 dt=40.2ms policy_zmq_lag=0.6ms
[go2:sport] DRY cmd#63 seq=95 v=0.000 w=0.000 dt=40.1ms policy_zmq_lag=0.6ms
[go2:sport] DRY cmd#64 seq=96 v=0.000 w=0.000 dt=40.0ms policy_zmq_lag=0.6ms
[go2:sport] DRY cmd#65 seq=97 v=0.000 w=0.000 dt=40.0ms policy_zmq_lag=0.6ms
[go2:sport] DRY cmd#66 seq=98 v=0.000 w=0.000 dt=40.0ms policy_zmq_lag=0.6ms
[go2:sport] DRY cmd#67 seq=99 v=0.000 w=0.000 dt=39.8ms policy_zmq_lag=0.7ms
[go2:sport] DRY cmd#68 seq=100 v=0.000 w=0.000 dt=40.5ms policy_zmq_lag=0.6ms
[go2:sport] DRY cmd#69 seq=101 v=0.000 w=0.000 dt=39.8ms policy_zmq_lag=0.6ms
[go2:sport] DRY cmd#70 seq=102 v=0.000 w=0.000 dt=39.7ms policy_zmq_lag=0.7ms
[go2:sport] DRY cmd#71 seq=103 v=0.000 w=0.000 dt=40.2ms policy_zmq_lag=0.5ms
[go2:sport] DRY cmd#72 seq=104 v=0.000 w=0.000 dt=40.0ms policy_zmq_lag=0.6ms
[go2:sport] DRY cmd#73 seq=105 v=0.000 w=0.000 dt=40.2ms policy_zmq_lag=0.5ms
[go2:sport] DRY cmd#74 seq=106 v=0.000 w=0.000 dt=40.0ms policy_zmq_lag=0.7ms
[go2:sport] DRY cmd#75 seq=107 v=0.000 w=0.000 dt=39.5ms policy_zmq_lag=0.6ms
[go2:sport] DRY cmd#76 seq=108 v=0.000 w=0.000 dt=40.3ms policy_zmq_lag=0.5ms
[go2:sport] DRY cmd#77 seq=109 v=0.000 w=0.000 dt=39.7ms policy_zmq_lag=0.6ms
[go2:sport] DRY cmd#78 seq=110 v=0.000 w=0.000 dt=40.4ms policy_zmq_lag=0.6ms
[go2:sport] DRY cmd#79 seq=111 v=0.000 w=0.000 dt=39.6ms policy_zmq_lag=0.6ms
[go2:sport] DRY cmd#80 seq=112 v=0.000 w=0.000 dt=39.9ms policy_zmq_lag=0.6ms
[go2:sport] DRY cmd#81 seq=113 v=0.000 w=0.000 dt=40.5ms policy_zmq_lag=0.6ms
[go2:sport] DRY cmd#82 seq=114 v=0.000 w=0.000 dt=39.7ms policy_zmq_lag=0.7ms
[go2:sport] DRY cmd#83 seq=115 v=0.000 w=0.000 dt=39.9ms policy_zmq_lag=0.8ms
[go2:sport] DRY cmd#84 seq=116 v=0.000 w=0.000 dt=39.9ms policy_zmq_lag=0.7ms
[go2:sport] DRY cmd#85 seq=117 v=0.000 w=0.000 dt=40.4ms policy_zmq_lag=0.6ms
[go2:sport] DRY cmd#86 seq=118 v=0.000 w=0.000 dt=40.0ms policy_zmq_lag=0.6ms
[go2:sport] DRY cmd#87 seq=119 v=0.000 w=0.000 dt=39.9ms policy_zmq_lag=0.6ms
[go2:sport] DRY cmd#88 seq=120 v=0.000 w=0.000 dt=39.6ms policy_zmq_lag=0.6ms
[go2:sport] DRY cmd#89 seq=121 v=0.000 w=0.000 dt=40.7ms policy_zmq_lag=0.6ms
[go2:sport] DRY cmd#90 seq=122 v=0.000 w=0.000 dt=39.7ms policy_zmq_lag=0.6ms
[go2:sport] DRY cmd#91 seq=123 v=0.000 w=0.000 dt=40.0ms policy_zmq_lag=0.6ms
[go2:sport] DRY cmd#92 seq=124 v=0.000 w=0.000 dt=40.7ms policy_zmq_lag=0.6ms
[go2:sport] DRY cmd#93 seq=125 v=0.000 w=0.000 dt=40.0ms policy_zmq_lag=0.6ms
[go2:sport] DRY cmd#94 seq=126 v=0.000 w=0.000 dt=39.3ms policy_zmq_lag=0.6ms
[go2:sport] DRY cmd#95 seq=127 v=0.000 w=0.000 dt=40.0ms policy_zmq_lag=0.6ms
[go2:sport] DRY cmd#96 seq=128 v=0.000 w=0.000 dt=39.6ms policy_zmq_lag=0.6ms
[go2:sport] DRY cmd#97 seq=129 v=0.000 w=0.000 dt=40.2ms policy_zmq_lag=0.6ms
[go2:sport] DRY cmd#98 seq=130 v=0.000 w=0.000 dt=40.4ms policy_zmq_lag=0.6ms
[go2:sport] DRY cmd#99 seq=131 v=0.000 w=0.000 dt=39.9ms policy_zmq_lag=0.5ms
[go2:sport] DRY cmd#100 seq=132 v=0.000 w=0.000 dt=39.8ms policy_zmq_lag=0.5ms
[go2:sport] DRY cmd#101 seq=133 v=0.000 w=0.000 dt=39.9ms policy_zmq_lag=0.6ms
[go2:sport] DRY cmd#102 seq=134 v=0.000 w=0.000 dt=39.7ms policy_zmq_lag=0.6ms
[go2:sport] DRY cmd#103 seq=135 v=0.000 w=0.000 dt=40.2ms policy_zmq_lag=0.8ms
[go2:sport] DRY cmd#104 seq=136 v=0.000 w=0.000 dt=39.9ms policy_zmq_lag=0.6ms
[go2:sport] DRY cmd#105 seq=137 v=0.000 w=0.000 dt=40.4ms policy_zmq_lag=0.6ms
[go2:sport] DRY cmd#106 seq=138 v=0.000 w=0.000 dt=40.0ms policy_zmq_lag=0.6ms
[go2:sport] DRY cmd#107 seq=139 v=0.000 w=0.000 dt=40.0ms policy_zmq_lag=0.6ms
[go2:sport] DRY cmd#108 seq=140 v=0.000 w=0.000 dt=40.3ms policy_zmq_lag=0.6ms
[go2:sport] DRY cmd#109 seq=141 v=0.000 w=0.000 dt=39.8ms policy_zmq_lag=0.6ms
[go2:sport] DRY cmd#110 seq=142 v=0.000 w=0.000 dt=39.6ms policy_zmq_lag=0.6ms
[go2:sport] DRY cmd#111 seq=143 v=0.000 w=0.000 dt=39.9ms policy_zmq_lag=0.6ms
[go2:sport] DRY cmd#112 seq=144 v=0.000 w=0.000 dt=40.8ms policy_zmq_lag=0.6ms
[go2:sport] DRY cmd#113 seq=145 v=0.000 w=0.000 dt=39.4ms policy_zmq_lag=0.6ms
[go2:sport] DRY cmd#114 seq=146 v=0.000 w=0.000 dt=39.9ms policy_zmq_lag=0.5ms
[go2:sport] DRY cmd#115 seq=147 v=0.000 w=0.000 dt=40.0ms policy_zmq_lag=0.5ms
[go2:sport] DRY cmd#116 seq=148 v=0.000 w=0.000 dt=39.9ms policy_zmq_lag=0.5ms
[go2:sport] DRY cmd#117 seq=149 v=0.000 w=0.000 dt=40.2ms policy_zmq_lag=0.6ms
[go2:sport] DRY cmd#118 seq=150 v=0.000 w=0.000 dt=40.4ms policy_zmq_lag=0.8ms
[go2:sport] DRY cmd#119 seq=151 v=0.000 w=0.000 dt=39.7ms policy_zmq_lag=0.5ms
[go2:sport] DRY cmd#120 seq=152 v=0.000 w=0.000 dt=39.8ms policy_zmq_lag=0.6ms
[go2:sport] DRY cmd#121 seq=153 v=0.000 w=0.000 dt=40.0ms policy_zmq_lag=0.6ms
[go2:sport] DRY cmd#122 seq=154 v=0.000 w=0.000 dt=40.0ms policy_zmq_lag=0.5ms
[go2:sport] DRY cmd#123 seq=155 v=0.000 w=0.000 dt=40.0ms policy_zmq_lag=0.6ms
[go2:sport] DRY cmd#124 seq=156 v=0.000 w=0.000 dt=39.9ms policy_zmq_lag=0.5ms
[go2:sport] DRY cmd#125 seq=157 v=0.000 w=0.000 dt=40.2ms policy_zmq_lag=0.5ms
[go2:sport] DRY cmd#126 seq=158 v=0.000 w=0.000 dt=40.0ms policy_zmq_lag=0.5ms
[go2:sport] DRY cmd#127 seq=159 v=0.000 w=0.000 dt=39.6ms policy_zmq_lag=0.6ms
[go2:sport] DRY cmd#128 seq=160 v=0.000 w=0.000 dt=40.6ms policy_zmq_lag=0.6ms
[go2:sport] DRY cmd#129 seq=161 v=0.000 w=0.000 dt=39.6ms policy_zmq_lag=0.6ms
[go2:sport] DRY cmd#130 seq=162 v=0.000 w=0.000 dt=39.9ms policy_zmq_lag=0.6ms
[go2:sport] DRY cmd#131 seq=163 v=0.000 w=0.000 dt=40.2ms policy_zmq_lag=0.6ms
[go2:sport] DRY cmd#132 seq=164 v=0.000 w=0.000 dt=40.1ms policy_zmq_lag=0.6ms
[go2:sport] DRY cmd#133 seq=165 v=0.000 w=0.000 dt=39.9ms policy_zmq_lag=0.6ms
[go2:sport] DRY cmd#134 seq=166 v=0.000 w=0.000 dt=40.2ms policy_zmq_lag=0.6ms
[go2:sport] DRY cmd#135 seq=167 v=0.000 w=0.000 dt=40.0ms policy_zmq_lag=0.6ms
[go2:sport] DRY cmd#136 seq=168 v=0.000 w=0.000 dt=39.9ms policy_zmq_lag=0.6ms
[go2:sport] DRY cmd#137 seq=169 v=0.000 w=0.000 dt=39.9ms policy_zmq_lag=0.6ms
[go2:sport] DRY cmd#138 seq=170 v=0.000 w=0.000 dt=40.1ms policy_zmq_lag=0.6ms
[go2:sport] DRY cmd#139 seq=171 v=0.000 w=0.000 dt=40.0ms policy_zmq_lag=0.6ms
[go2:sport] DRY cmd#140 seq=172 v=0.000 w=0.000 dt=40.1ms policy_zmq_lag=0.6ms
[go2:sport] DRY cmd#141 seq=173 v=0.000 w=0.000 dt=39.7ms policy_zmq_lag=0.5ms
[go2:sport] DRY cmd#142 seq=174 v=0.000 w=0.000 dt=40.0ms policy_zmq_lag=0.6ms
[go2:sport] DRY cmd#143 seq=175 v=0.000 w=0.000 dt=39.9ms policy_zmq_lag=0.5ms
[go2:sport] DRY cmd#144 seq=176 v=0.000 w=0.000 dt=40.1ms policy_zmq_lag=0.5ms
[go2:sport] DRY cmd#145 seq=177 v=0.000 w=0.000 dt=39.9ms policy_zmq_lag=0.5ms
[go2:sport] DRY cmd#146 seq=178 v=0.000 w=0.000 dt=40.1ms policy_zmq_lag=0.5ms
[go2:sport] DRY cmd#147 seq=179 v=0.000 w=0.000 dt=40.0ms policy_zmq_lag=0.6ms
[go2:sport] DRY cmd#148 seq=180 v=0.000 w=0.000 dt=40.2ms policy_zmq_lag=0.6ms
[go2:sport] DRY cmd#149 seq=181 v=0.000 w=0.000 dt=39.9ms policy_zmq_lag=0.6ms
[go2:sport] DRY cmd#150 seq=182 v=0.000 w=0.000 dt=40.0ms policy_zmq_lag=0.7ms
[go2:sport] DRY cmd#151 seq=183 v=0.000 w=0.000 dt=40.1ms policy_zmq_lag=0.7ms
[go2:sport] DRY cmd#152 seq=184 v=0.000 w=0.000 dt=40.2ms policy_zmq_lag=0.7ms
[go2:sport] DRY cmd#153 seq=185 v=0.000 w=0.000 dt=39.5ms policy_zmq_lag=0.6ms
[go2:sport] DRY cmd#154 seq=186 v=0.000 w=0.000 dt=40.0ms policy_zmq_lag=0.5ms
[go2:sport] DRY cmd#155 seq=187 v=0.000 w=0.000 dt=40.3ms policy_zmq_lag=0.7ms
[go2:sport] DRY cmd#156 seq=188 v=0.000 w=0.000 dt=40.1ms policy_zmq_lag=0.7ms
[go2:sport] DRY cmd#157 seq=189 v=0.000 w=0.000 dt=39.8ms policy_zmq_lag=0.7ms
[go2:sport] DRY cmd#158 seq=190 v=0.000 w=0.000 dt=39.8ms policy_zmq_lag=0.6ms
[go2:sport] DRY cmd#159 seq=191 v=0.000 w=0.000 dt=40.0ms policy_zmq_lag=0.6ms
[go2:sport] DRY cmd#160 seq=192 v=0.000 w=0.000 dt=39.9ms policy_zmq_lag=0.6ms
[go2:sport] DRY cmd#161 seq=193 v=0.000 w=0.000 dt=40.1ms policy_zmq_lag=0.6ms
[go2:sport] DRY cmd#162 seq=194 v=0.000 w=0.000 dt=40.0ms policy_zmq_lag=0.5ms
[go2:sport] DRY cmd#163 seq=195 v=0.000 w=0.000 dt=40.0ms policy_zmq_lag=0.6ms
[go2:sport] DRY cmd#164 seq=196 v=0.000 w=0.000 dt=39.9ms policy_zmq_lag=0.5ms
[go2:sport] DRY cmd#165 seq=197 v=0.000 w=0.000 dt=40.1ms policy_zmq_lag=0.6ms
[go2:sport] DRY cmd#166 seq=198 v=0.000 w=0.000 dt=40.0ms policy_zmq_lag=0.5ms
[go2:sport] DRY cmd#167 seq=199 v=0.000 w=0.000 dt=39.9ms policy_zmq_lag=0.6ms
[go2:sport] DRY cmd#168 seq=200 v=0.000 w=0.000 dt=40.2ms policy_zmq_lag=0.6ms
[go2:sport] DRY cmd#169 seq=201 v=0.000 w=0.000 dt=40.1ms policy_zmq_lag=0.6ms
[go2:sport] DRY cmd#170 seq=202 v=0.000 w=0.000 dt=40.2ms policy_zmq_lag=0.6ms
[go2:sport] DRY cmd#171 seq=203 v=0.000 w=0.000 dt=40.1ms policy_zmq_lag=0.6ms
[go2:sport] DRY cmd#172 seq=204 v=0.000 w=0.000 dt=39.5ms policy_zmq_lag=0.6ms
[go2:sport] DRY cmd#173 seq=205 v=0.000 w=0.000 dt=40.6ms policy_zmq_lag=0.6ms
[go2:sport] DRY cmd#174 seq=206 v=0.000 w=0.000 dt=39.6ms policy_zmq_lag=0.5ms
[go2:sport] DRY cmd#175 seq=207 v=0.000 w=0.000 dt=39.8ms policy_zmq_lag=0.7ms
[go2:sport] DRY cmd#176 seq=208 v=0.000 w=0.000 dt=39.8ms policy_zmq_lag=0.5ms
[go2:sport] DRY cmd#177 seq=209 v=0.000 w=0.000 dt=40.4ms policy_zmq_lag=0.6ms
[go2:sport] DRY cmd#178 seq=210 v=0.000 w=0.000 dt=39.9ms policy_zmq_lag=0.7ms
[go2:sport] DRY cmd#179 seq=211 v=0.000 w=0.000 dt=39.9ms policy_zmq_lag=0.7ms
[go2:sport] DRY cmd#180 seq=212 v=0.000 w=0.000 dt=40.1ms policy_zmq_lag=0.7ms
[go2:sport] DRY cmd#181 seq=213 v=0.000 w=0.000 dt=39.8ms policy_zmq_lag=0.6ms
[go2:sport] DRY cmd#182 seq=214 v=0.000 w=0.000 dt=40.2ms policy_zmq_lag=0.6ms
[go2:sport] DRY cmd#183 seq=215 v=0.000 w=0.000 dt=40.3ms policy_zmq_lag=0.6ms
[go2:sport] DRY cmd#184 seq=216 v=0.000 w=0.000 dt=39.4ms policy_zmq_lag=0.6ms
[go2:sport] DRY cmd#185 seq=217 v=0.000 w=0.000 dt=40.3ms policy_zmq_lag=0.7ms
[go2:sport] DRY cmd#186 seq=218 v=0.000 w=0.000 dt=39.7ms policy_zmq_lag=0.5ms
[go2:sport] DRY cmd#187 seq=219 v=0.000 w=0.000 dt=40.0ms policy_zmq_lag=0.6ms
[go2:sport] DRY cmd#188 seq=220 v=0.000 w=0.000 dt=40.2ms policy_zmq_lag=0.7ms
[go2:sport] DRY cmd#189 seq=221 v=0.000 w=0.000 dt=40.1ms policy_zmq_lag=0.6ms
[go2:sport] DRY cmd#190 seq=222 v=0.000 w=0.000 dt=40.3ms policy_zmq_lag=0.7ms
[go2:sport] DRY cmd#191 seq=223 v=0.000 w=0.000 dt=40.2ms policy_zmq_lag=0.6ms
[go2:sport] DRY cmd#192 seq=224 v=0.000 w=0.000 dt=39.7ms policy_zmq_lag=0.6ms
[go2:sport] DRY cmd#193 seq=225 v=0.000 w=0.000 dt=40.1ms policy_zmq_lag=0.6ms
[go2:sport] DRY cmd#194 seq=226 v=0.000 w=0.000 dt=39.7ms policy_zmq_lag=0.6ms
[go2:sport] DRY cmd#195 seq=227 v=0.000 w=0.000 dt=39.8ms policy_zmq_lag=0.6ms
[go2:sport] DRY cmd#196 seq=228 v=0.000 w=0.000 dt=40.0ms policy_zmq_lag=0.5ms
[go2:sport] DRY cmd#197 seq=229 v=0.000 w=0.000 dt=40.5ms policy_zmq_lag=0.6ms
[go2:sport] DRY cmd#198 seq=230 v=0.000 w=0.000 dt=40.1ms policy_zmq_lag=0.7ms
[go2:sport] DRY cmd#199 seq=231 v=0.000 w=0.000 dt=40.1ms policy_zmq_lag=0.6ms
[go2:sport] DRY cmd#200 seq=232 v=0.000 w=0.000 dt=39.6ms policy_zmq_lag=0.6ms
[go2:sport] DRY cmd#201 seq=233 v=0.000 w=0.000 dt=40.4ms policy_zmq_lag=0.6ms
[go2:sport] DRY cmd#202 seq=234 v=0.000 w=0.000 dt=39.5ms policy_zmq_lag=0.6ms
[go2:sport] DRY cmd#203 seq=235 v=0.000 w=0.000 dt=40.5ms policy_zmq_lag=0.6ms
[go2:sport] DRY cmd#204 seq=236 v=0.000 w=0.000 dt=39.8ms policy_zmq_lag=0.6ms
[go2:sport] DRY cmd#205 seq=237 v=0.000 w=0.000 dt=39.8ms policy_zmq_lag=0.6ms
[go2:sport] DRY cmd#206 seq=238 v=0.000 w=0.000 dt=40.4ms policy_zmq_lag=0.6ms
[go2:sport] DRY cmd#207 seq=239 v=0.000 w=0.000 dt=39.5ms policy_zmq_lag=0.6ms
[go2:sport] DRY cmd#208 seq=240 v=0.000 w=0.000 dt=40.1ms policy_zmq_lag=0.6ms
[go2:sport] DRY cmd#209 seq=241 v=0.000 w=0.000 dt=39.9ms policy_zmq_lag=0.6ms
[go2:sport] DRY cmd#210 seq=242 v=0.000 w=0.000 dt=39.9ms policy_zmq_lag=0.6ms
[go2:sport] DRY cmd#211 seq=243 v=0.000 w=0.000 dt=40.3ms policy_zmq_lag=0.7ms
[go2:sport] DRY cmd#212 seq=244 v=0.000 w=0.000 dt=40.2ms policy_zmq_lag=0.6ms
[go2:sport] DRY cmd#213 seq=245 v=0.000 w=0.000 dt=39.8ms policy_zmq_lag=0.6ms
[go2:sport] DRY cmd#214 seq=246 v=0.000 w=0.000 dt=39.7ms policy_zmq_lag=0.6ms
[go2:sport] DRY cmd#215 seq=247 v=0.000 w=0.000 dt=40.0ms policy_zmq_lag=0.6ms
[go2:sport] DRY cmd#216 seq=248 v=0.000 w=0.000 dt=40.0ms policy_zmq_lag=0.6ms
[go2:sport] DRY cmd#217 seq=249 v=0.000 w=0.000 dt=40.0ms policy_zmq_lag=0.5ms
[go2:sport] DRY cmd#218 seq=250 v=0.000 w=0.000 dt=40.2ms policy_zmq_lag=0.6ms
[go2:sport] DRY cmd#219 seq=251 v=0.000 w=0.000 dt=39.9ms policy_zmq_lag=0.6ms
[go2:sport] DRY cmd#220 seq=252 v=0.000 w=0.000 dt=39.9ms policy_zmq_lag=0.6ms
[go2:sport] DRY cmd#221 seq=253 v=0.000 w=0.000 dt=39.8ms policy_zmq_lag=0.6ms
[go2:sport] DRY cmd#222 seq=254 v=0.000 w=0.000 dt=40.2ms policy_zmq_lag=0.6ms
[go2:sport] DRY cmd#223 seq=255 v=0.000 w=0.000 dt=39.9ms policy_zmq_lag=0.6ms
[go2:sport] DRY cmd#224 seq=256 v=0.000 w=0.000 dt=39.9ms policy_zmq_lag=0.6ms
[go2:sport] DRY cmd#225 seq=257 v=0.000 w=0.000 dt=40.8ms policy_zmq_lag=0.5ms
[go2:sport] DRY cmd#226 seq=258 v=0.000 w=0.000 dt=39.1ms policy_zmq_lag=0.5ms
[go2:sport] DRY cmd#227 seq=259 v=0.000 w=0.000 dt=40.2ms policy_zmq_lag=0.7ms
[go2:sport] DRY cmd#228 seq=260 v=0.000 w=0.000 dt=39.9ms policy_zmq_lag=0.6ms
[go2:sport] DRY cmd#229 seq=261 v=0.000 w=0.000 dt=40.2ms policy_zmq_lag=0.6ms
[go2:sport] DRY cmd#230 seq=262 v=0.000 w=0.000 dt=39.7ms policy_zmq_lag=0.6ms
[go2:sport] DRY cmd#231 seq=263 v=0.000 w=0.000 dt=40.0ms policy_zmq_lag=0.6ms
[go2:sport] DRY cmd#232 seq=264 v=0.000 w=0.000 dt=40.3ms policy_zmq_lag=0.6ms
[go2:sport] DRY cmd#233 seq=265 v=0.000 w=0.000 dt=39.9ms policy_zmq_lag=0.6ms
[go2:sport] DRY cmd#234 seq=266 v=0.000 w=0.000 dt=39.8ms policy_zmq_lag=0.6ms
[go2:sport] DRY cmd#235 seq=267 v=0.000 w=0.000 dt=40.1ms policy_zmq_lag=0.6ms
[go2:sport] DRY cmd#236 seq=268 v=0.000 w=0.000 dt=40.2ms policy_zmq_lag=0.6ms
[go2:sport] DRY cmd#237 seq=269 v=0.000 w=0.000 dt=40.1ms policy_zmq_lag=0.7ms
[go2:sport] DRY cmd#238 seq=270 v=0.000 w=0.000 dt=39.8ms policy_zmq_lag=0.6ms
[go2:sport] DRY cmd#239 seq=271 v=0.000 w=0.000 dt=40.2ms policy_zmq_lag=0.6ms
[go2:sport] DRY cmd#240 seq=272 v=0.000 w=0.000 dt=40.1ms policy_zmq_lag=0.6ms
[go2:sport] DRY cmd#241 seq=273 v=0.000 w=0.000 dt=40.0ms policy_zmq_lag=0.6ms
[go2:sport] DRY cmd#242 seq=274 v=0.000 w=0.000 dt=40.3ms policy_zmq_lag=0.7ms
[go2:sport] DRY cmd#243 seq=275 v=0.000 w=0.000 dt=39.6ms policy_zmq_lag=0.6ms
[go2:sport] DRY cmd#244 seq=276 v=0.000 w=0.000 dt=39.7ms policy_zmq_lag=0.6ms
[go2:sport] DRY cmd#245 seq=277 v=0.000 w=0.000 dt=40.3ms policy_zmq_lag=0.6ms
[go2:sport] DRY cmd#246 seq=278 v=0.000 w=0.000 dt=40.1ms policy_zmq_lag=0.6ms
[go2:sport] DRY cmd#247 seq=279 v=0.000 w=0.000 dt=40.0ms policy_zmq_lag=0.6ms
[go2:sport] DRY cmd#248 seq=280 v=0.000 w=0.000 dt=39.7ms policy_zmq_lag=0.6ms
[go2:sport] DRY cmd#249 seq=281 v=0.000 w=0.000 dt=40.2ms policy_zmq_lag=0.6ms
[go2:sport] DRY cmd#250 seq=282 v=0.000 w=0.000 dt=39.9ms policy_zmq_lag=0.5ms
[go2:sport] DRY cmd#251 seq=283 v=0.000 w=0.000 dt=40.1ms policy_zmq_lag=0.6ms
[go2:sport] DRY cmd#252 seq=284 v=0.000 w=0.000 dt=39.9ms policy_zmq_lag=0.6ms
[go2:sport] DRY cmd#253 seq=285 v=0.000 w=0.000 dt=40.1ms policy_zmq_lag=0.5ms
[go2:sport] DRY cmd#254 seq=286 v=0.000 w=0.000 dt=40.0ms policy_zmq_lag=0.6ms
[go2:sport] DRY cmd#255 seq=287 v=0.000 w=0.000 dt=39.8ms policy_zmq_lag=0.6ms
[go2:sport] DRY cmd#256 seq=288 v=0.000 w=0.000 dt=40.1ms policy_zmq_lag=0.6ms
[go2:sport] DRY cmd#257 seq=289 v=0.000 w=0.000 dt=40.1ms policy_zmq_lag=0.6ms
[go2:sport] DRY cmd#258 seq=290 v=0.000 w=0.000 dt=40.1ms policy_zmq_lag=0.6ms
[go2:sport] DRY cmd#259 seq=291 v=0.000 w=0.000 dt=39.8ms policy_zmq_lag=0.6ms
[go2:sport] DRY cmd#260 seq=292 v=0.000 w=0.000 dt=40.3ms policy_zmq_lag=0.6ms
[go2:sport] DRY cmd#261 seq=293 v=0.000 w=0.000 dt=40.1ms policy_zmq_lag=0.6ms
[go2:sport] DRY cmd#262 seq=294 v=0.000 w=0.000 dt=39.6ms policy_zmq_lag=0.6ms
[go2:sport] DRY cmd#263 seq=295 v=0.000 w=0.000 dt=40.4ms policy_zmq_lag=0.7ms
[go2:sport] DRY cmd#264 seq=296 v=0.000 w=0.000 dt=39.9ms policy_zmq_lag=0.7ms
[go2:sport] DRY cmd#265 seq=297 v=0.000 w=0.000 dt=39.8ms policy_zmq_lag=0.6ms
[go2:sport] DRY cmd#266 seq=298 v=0.000 w=0.000 dt=40.0ms policy_zmq_lag=0.6ms
[go2:sport] DRY cmd#267 seq=299 v=0.000 w=0.000 dt=39.9ms policy_zmq_lag=0.6ms
[go2:sport] DRY cmd#268 seq=300 v=0.000 w=0.000 dt=40.1ms policy_zmq_lag=0.6ms
[go2:sport] DRY cmd#269 seq=301 v=0.000 w=0.000 dt=40.4ms policy_zmq_lag=0.6ms
[go2:sport] DRY cmd#270 seq=302 v=0.000 w=0.000 dt=39.5ms policy_zmq_lag=0.6ms
[go2:sport] DRY cmd#271 seq=303 v=0.000 w=0.000 dt=40.1ms policy_zmq_lag=0.6ms
[go2:sport] DRY cmd#272 seq=304 v=0.000 w=0.000 dt=40.1ms policy_zmq_lag=0.8ms
[go2:sport] DRY cmd#273 seq=305 v=0.000 w=0.000 dt=39.8ms policy_zmq_lag=0.6ms
[go2:sport] DRY cmd#274 seq=306 v=0.000 w=0.000 dt=40.3ms policy_zmq_lag=0.6ms
[go2:sport] DRY cmd#275 seq=307 v=0.000 w=0.000 dt=39.8ms policy_zmq_lag=0.6ms
[go2:sport] DRY cmd#276 seq=308 v=0.000 w=0.000 dt=40.3ms policy_zmq_lag=0.6ms
[go2:sport] DRY cmd#277 seq=309 v=0.000 w=0.000 dt=39.7ms policy_zmq_lag=0.6ms
[go2:sport] DRY cmd#278 seq=310 v=0.000 w=0.000 dt=40.6ms policy_zmq_lag=0.9ms
[go2:sport] DRY cmd#279 seq=311 v=0.000 w=0.000 dt=39.2ms policy_zmq_lag=0.6ms
[go2:sport] DRY cmd#280 seq=312 v=0.000 w=0.000 dt=40.4ms policy_zmq_lag=0.6ms
[go2:sport] DRY cmd#281 seq=313 v=0.000 w=0.000 dt=40.1ms policy_zmq_lag=0.8ms
[go2:sport] DRY cmd#282 seq=314 v=0.000 w=0.000 dt=39.6ms policy_zmq_lag=0.6ms
[go2:sport] DRY cmd#283 seq=315 v=0.000 w=0.000 dt=39.9ms policy_zmq_lag=0.6ms
[go2:sport] DRY cmd#284 seq=316 v=0.000 w=0.000 dt=40.4ms policy_zmq_lag=0.7ms
[go2:sport] DRY cmd#285 seq=317 v=0.000 w=0.000 dt=39.6ms policy_zmq_lag=0.6ms
[go2:sport] DRY cmd#286 seq=318 v=0.000 w=0.000 dt=40.2ms policy_zmq_lag=0.6ms
[go2:sport] DRY cmd#287 seq=319 v=0.000 w=0.000 dt=40.0ms policy_zmq_lag=0.6ms
[go2:sport] DRY cmd#288 seq=320 v=0.000 w=0.000 dt=39.9ms policy_zmq_lag=0.6ms
[go2:sport] DRY cmd#289 seq=321 v=0.000 w=0.000 dt=40.3ms policy_zmq_lag=0.6ms
[go2:sport] DRY cmd#290 seq=322 v=0.000 w=0.000 dt=39.5ms policy_zmq_lag=0.6ms
[go2:sport] DRY cmd#291 seq=323 v=0.000 w=0.000 dt=40.3ms policy_zmq_lag=0.6ms
[go2:sport] DRY cmd#292 seq=324 v=0.000 w=0.000 dt=40.0ms policy_zmq_lag=0.6ms
[go2:sport] DRY cmd#293 seq=325 v=0.000 w=0.000 dt=40.0ms policy_zmq_lag=0.6ms
[go2:sport] DRY cmd#294 seq=326 v=0.000 w=0.000 dt=40.1ms policy_zmq_lag=0.6ms
[go2:sport] DRY cmd#295 seq=327 v=0.000 w=0.000 dt=40.2ms policy_zmq_lag=0.6ms
[go2:sport] DRY cmd#296 seq=328 v=0.000 w=0.000 dt=39.6ms policy_zmq_lag=0.6ms
[go2:sport] DRY cmd#297 seq=329 v=0.000 w=0.000 dt=40.0ms policy_zmq_lag=0.6ms
[go2:sport] DRY cmd#298 seq=330 v=0.000 w=0.000 dt=39.9ms policy_zmq_lag=0.6ms
[go2:sport] DRY cmd#299 seq=331 v=0.000 w=0.000 dt=39.8ms policy_zmq_lag=0.6ms
[go2:sport] DRY cmd#300 seq=332 v=0.000 w=0.000 dt=40.1ms policy_zmq_lag=0.7ms
[go2:sport] DRY cmd#301 seq=333 v=0.000 w=0.000 dt=40.1ms policy_zmq_lag=0.6ms
[go2:sport] DRY cmd#302 seq=334 v=0.000 w=0.000 dt=39.9ms policy_zmq_lag=0.6ms
[go2:sport] DRY cmd#303 seq=335 v=0.000 w=0.000 dt=40.2ms policy_zmq_lag=0.6ms
[go2:sport] DRY cmd#304 seq=336 v=0.000 w=0.000 dt=39.7ms policy_zmq_lag=0.6ms
[go2:sport] DRY cmd#305 seq=337 v=0.000 w=0.000 dt=40.1ms policy_zmq_lag=0.6ms
[go2:sport] DRY cmd#306 seq=338 v=0.000 w=0.000 dt=40.0ms policy_zmq_lag=0.6ms
[go2:sport] DRY cmd#307 seq=339 v=0.000 w=0.000 dt=40.4ms policy_zmq_lag=0.6ms
[go2:sport] DRY cmd#308 seq=340 v=0.000 w=0.000 dt=39.9ms policy_zmq_lag=0.7ms
[go2:sport] DRY cmd#309 seq=341 v=0.000 w=0.000 dt=39.6ms policy_zmq_lag=0.6ms
[go2:sport] DRY cmd#310 seq=342 v=0.000 w=0.000 dt=40.5ms policy_zmq_lag=0.6ms
[go2:sport] DRY cmd#311 seq=343 v=0.000 w=0.000 dt=40.7ms policy_zmq_lag=0.5ms
[go2:sport] DRY cmd#312 seq=344 v=0.000 w=0.000 dt=38.9ms policy_zmq_lag=0.6ms
[go2:sport] DRY cmd#313 seq=345 v=0.000 w=0.000 dt=40.1ms policy_zmq_lag=0.6ms
[go2:sport] DRY cmd#314 seq=346 v=0.000 w=0.000 dt=42.7ms policy_zmq_lag=0.7ms
[go2:sport] DRY cmd#315 seq=347 v=0.000 w=0.000 dt=36.9ms policy_zmq_lag=0.6ms
[go2:sport] DRY cmd#316 seq=348 v=0.000 w=0.000 dt=40.2ms policy_zmq_lag=0.5ms
[go2:sport] DRY cmd#317 seq=349 v=0.000 w=0.000 dt=40.0ms policy_zmq_lag=0.6ms
[go2:sport] DRY cmd#318 seq=350 v=0.000 w=0.000 dt=40.0ms policy_zmq_lag=0.7ms
[go2:sport] DRY cmd#319 seq=351 v=0.000 w=0.000 dt=39.9ms policy_zmq_lag=0.6ms
[go2:sport] DRY cmd#320 seq=352 v=0.000 w=0.000 dt=40.1ms policy_zmq_lag=0.6ms
[go2:sport] DRY cmd#321 seq=353 v=0.000 w=0.000 dt=39.9ms policy_zmq_lag=0.5ms
[go2:sport] DRY cmd#322 seq=354 v=0.000 w=0.000 dt=40.0ms policy_zmq_lag=0.5ms
[go2:sport] DRY cmd#323 seq=355 v=0.000 w=0.000 dt=40.2ms policy_zmq_lag=0.5ms
[go2:sport] DRY cmd#324 seq=356 v=0.000 w=0.000 dt=39.6ms policy_zmq_lag=0.5ms
[go2:sport] DRY cmd#325 seq=357 v=0.000 w=0.000 dt=40.1ms policy_zmq_lag=0.6ms
[go2:sport] DRY cmd#326 seq=358 v=0.000 w=0.000 dt=40.1ms policy_zmq_lag=0.5ms
[go2:sport] DRY cmd#327 seq=359 v=0.000 w=0.000 dt=40.1ms policy_zmq_lag=0.6ms
[go2:sport] DRY cmd#328 seq=360 v=0.000 w=0.000 dt=40.4ms policy_zmq_lag=0.7ms
[go2:sport] DRY cmd#329 seq=361 v=0.000 w=0.000 dt=39.6ms policy_zmq_lag=0.6ms
[go2:sport] DRY cmd#330 seq=362 v=0.000 w=0.000 dt=39.9ms policy_zmq_lag=0.6ms
[go2:sport] DRY cmd#331 seq=363 v=0.000 w=0.000 dt=40.2ms policy_zmq_lag=0.6ms
[go2:sport] DRY cmd#332 seq=364 v=0.000 w=0.000 dt=39.7ms policy_zmq_lag=0.5ms
[go2:sport] DRY cmd#333 seq=365 v=0.000 w=0.000 dt=39.9ms policy_zmq_lag=0.5ms
[go2:sport] DRY cmd#334 seq=366 v=0.000 w=0.000 dt=40.0ms policy_zmq_lag=0.5ms
[go2:sport] DRY cmd#335 seq=367 v=0.000 w=0.000 dt=40.1ms policy_zmq_lag=0.5ms
[go2:sport] DRY cmd#336 seq=368 v=0.000 w=0.000 dt=39.9ms policy_zmq_lag=0.5ms
[go2:sport] DRY cmd#337 seq=369 v=0.000 w=0.000 dt=40.0ms policy_zmq_lag=0.5ms
[go2:sport] DRY cmd#338 seq=370 v=0.000 w=0.000 dt=40.0ms policy_zmq_lag=0.6ms
[go2:sport] DRY cmd#339 seq=371 v=0.000 w=0.000 dt=40.0ms policy_zmq_lag=0.5ms
[go2:sport] DRY cmd#340 seq=372 v=0.000 w=0.000 dt=40.1ms policy_zmq_lag=0.5ms
[go2:sport] DRY cmd#341 seq=373 v=0.000 w=0.000 dt=39.9ms policy_zmq_lag=0.5ms
[go2:sport] DRY cmd#342 seq=374 v=0.000 w=0.000 dt=40.1ms policy_zmq_lag=0.6ms
[go2:sport] DRY cmd#343 seq=375 v=0.000 w=0.000 dt=39.9ms policy_zmq_lag=0.6ms
[go2:sport] DRY cmd#344 seq=376 v=0.000 w=0.000 dt=40.0ms policy_zmq_lag=0.5ms
[go2:sport] DRY cmd#345 seq=377 v=0.000 w=0.000 dt=40.0ms policy_zmq_lag=0.5ms
[go2:sport] DRY cmd#346 seq=378 v=0.000 w=0.000 dt=40.0ms policy_zmq_lag=0.5ms
[go2:sport] DRY cmd#347 seq=379 v=0.000 w=0.000 dt=40.0ms policy_zmq_lag=0.6ms
[go2:sport] DRY cmd#348 seq=380 v=0.000 w=0.000 dt=40.0ms policy_zmq_lag=0.5ms
[go2:sport] DRY cmd#349 seq=381 v=0.000 w=0.000 dt=40.0ms policy_zmq_lag=0.6ms
[go2:sport] DRY cmd#350 seq=382 v=0.000 w=0.000 dt=40.2ms policy_zmq_lag=0.6ms
[go2:sport] DRY cmd#351 seq=383 v=0.000 w=0.000 dt=39.8ms policy_zmq_lag=0.5ms
[go2:sport] DRY cmd#352 seq=384 v=0.000 w=0.000 dt=39.9ms policy_zmq_lag=0.5ms
[go2:sport] DRY cmd#353 seq=385 v=0.000 w=0.000 dt=40.0ms policy_zmq_lag=0.5ms
[go2:sport] DRY cmd#354 seq=386 v=0.060 w=-0.060 dt=49.0ms policy_zmq_lag=0.8ms action_age=41.2ms scan_age=40.4ms scan_rx_age=15.3ms odom_age=11.0ms odom_rx_age=10.2ms sensor_skew=29.4ms loop_to_send=8.7ms
[go2:sport] DRY cmd#355 seq=387 v=0.180 w=-0.180 dt=37.4ms policy_zmq_lag=0.8ms action_age=38.6ms scan_age=37.8ms scan_rx_age=14.6ms odom_age=8.5ms odom_rx_age=7.7ms sensor_skew=29.4ms loop_to_send=6.1ms
[go2:sport] DRY cmd#356 seq=388 v=0.302 w=-0.379 dt=41.4ms policy_zmq_lag=0.8ms action_age=40.1ms scan_age=39.4ms scan_rx_age=17.0ms odom_age=10.0ms odom_rx_age=9.3ms sensor_skew=29.4ms loop_to_send=6.9ms
[go2:sport] DRY cmd#357 seq=389 v=0.435 w=-0.606 dt=39.1ms policy_zmq_lag=0.7ms action_age=39.1ms scan_age=38.4ms scan_rx_age=13.5ms odom_age=9.2ms odom_rx_age=8.3ms sensor_skew=29.2ms loop_to_send=6.6ms
[go2:sport] DRY cmd#358 seq=390 v=0.623 w=-0.726 dt=41.0ms policy_zmq_lag=0.8ms action_age=40.1ms scan_age=39.4ms scan_rx_age=14.4ms odom_age=10.1ms odom_rx_age=9.1ms sensor_skew=29.3ms loop_to_send=7.5ms
[go2:sport] DRY cmd#359 seq=391 v=0.743 w=-0.764 dt=37.7ms policy_zmq_lag=0.6ms action_age=37.8ms scan_age=37.2ms scan_rx_age=14.6ms odom_age=8.1ms odom_rx_age=7.4ms sensor_skew=29.2ms loop_to_send=5.6ms
[go2:sport] DRY cmd#360 seq=392 v=0.863 w=-0.730 dt=40.1ms policy_zmq_lag=0.6ms action_age=37.8ms scan_age=37.2ms scan_rx_age=14.5ms odom_age=8.0ms odom_rx_age=7.2ms sensor_skew=29.2ms loop_to_send=5.7ms
[go2:sport] DRY cmd#361 seq=393 v=0.900 w=-0.762 dt=40.2ms policy_zmq_lag=0.6ms action_age=38.1ms scan_age=37.5ms scan_rx_age=15.1ms odom_age=8.2ms odom_rx_age=7.4ms sensor_skew=29.3ms loop_to_send=5.8ms
[go2:sport] DRY cmd#362 seq=394 v=0.900 w=-0.728 dt=40.5ms policy_zmq_lag=0.7ms action_age=38.6ms scan_age=37.9ms scan_rx_age=14.5ms odom_age=8.6ms odom_rx_age=7.8ms sensor_skew=29.3ms loop_to_send=6.2ms
[go2:sport] DRY cmd#363 seq=395 v=0.900 w=-0.765 dt=40.1ms policy_zmq_lag=0.7ms action_age=38.8ms scan_age=38.1ms scan_rx_age=14.4ms odom_age=8.7ms odom_rx_age=7.8ms sensor_skew=29.4ms loop_to_send=6.2ms
[go2:sport] DRY cmd#364 seq=396 v=0.900 w=-0.765 dt=39.7ms policy_zmq_lag=0.7ms action_age=38.5ms scan_age=37.8ms scan_rx_age=14.5ms odom_age=8.5ms odom_rx_age=7.7ms sensor_skew=29.3ms loop_to_send=6.1ms
[go2:sport] DRY cmd#365 seq=397 v=0.900 w=-0.736 dt=39.9ms policy_zmq_lag=0.7ms action_age=38.3ms scan_age=37.6ms scan_rx_age=15.0ms odom_age=8.5ms odom_rx_age=7.8ms sensor_skew=29.2ms loop_to_send=5.9ms
[go2:sport] DRY cmd#366 seq=398 v=0.900 w=-0.765 dt=39.8ms policy_zmq_lag=0.7ms action_age=38.0ms scan_age=37.3ms scan_rx_age=14.8ms odom_age=8.1ms odom_rx_age=7.4ms sensor_skew=29.2ms loop_to_send=5.7ms
[go2:sport] DRY cmd#367 seq=399 v=0.900 w=-0.733 dt=40.0ms policy_zmq_lag=0.7ms action_age=38.0ms scan_age=37.3ms scan_rx_age=14.3ms odom_age=8.2ms odom_rx_age=7.5ms sensor_skew=29.2ms loop_to_send=5.7ms
[go2:sport] DRY cmd#368 seq=400 v=0.900 w=-0.803 dt=39.9ms policy_zmq_lag=0.7ms action_age=37.8ms scan_age=37.1ms scan_rx_age=14.2ms odom_age=7.9ms odom_rx_age=7.2ms sensor_skew=29.2ms loop_to_send=5.5ms
[go2:sport] DRY cmd#369 seq=401 v=0.900 w=-0.764 dt=40.5ms policy_zmq_lag=0.8ms action_age=38.4ms scan_age=37.7ms scan_rx_age=14.5ms odom_age=8.4ms odom_rx_age=7.5ms sensor_skew=29.3ms loop_to_send=5.9ms
[go2:sport] DRY cmd#370 seq=402 v=0.900 w=-0.733 dt=39.9ms policy_zmq_lag=0.7ms action_age=38.2ms scan_age=37.5ms scan_rx_age=12.8ms odom_age=8.3ms odom_rx_age=7.5ms sensor_skew=29.2ms loop_to_send=5.8ms
[go2:sport] DRY cmd#371 seq=403 v=0.900 w=-0.764 dt=39.7ms policy_zmq_lag=0.7ms action_age=38.0ms scan_age=37.3ms scan_rx_age=12.6ms odom_age=8.0ms odom_rx_age=7.3ms sensor_skew=29.3ms loop_to_send=5.6ms
[go2:sport] DRY cmd#372 seq=404 v=0.900 w=-0.739 dt=40.2ms policy_zmq_lag=0.7ms action_age=38.3ms scan_age=37.5ms scan_rx_age=12.5ms odom_age=8.3ms odom_rx_age=7.5ms sensor_skew=29.3ms loop_to_send=5.8ms
[go2:sport] DRY cmd#373 seq=405 v=0.900 w=-0.776 dt=39.9ms policy_zmq_lag=0.8ms action_age=38.1ms scan_age=37.3ms scan_rx_age=12.9ms odom_age=38.0ms odom_rx_age=36.9ms sensor_skew=0.7ms loop_to_send=5.6ms
[go2:sport] DRY cmd#374 seq=406 v=0.900 w=-0.762 dt=40.0ms policy_zmq_lag=0.7ms action_age=38.0ms scan_age=37.3ms scan_rx_age=12.7ms odom_age=8.2ms odom_rx_age=7.4ms sensor_skew=29.1ms loop_to_send=5.7ms
[go2:sport] DRY cmd#375 seq=407 v=0.900 w=-0.736 dt=40.3ms policy_zmq_lag=0.8ms action_age=38.4ms scan_age=37.7ms scan_rx_age=12.6ms odom_age=8.5ms odom_rx_age=7.7ms sensor_skew=29.2ms loop_to_send=6.0ms
[go2:sport] DRY cmd#376 seq=408 v=0.900 w=-0.765 dt=39.8ms policy_zmq_lag=0.7ms action_age=38.2ms scan_age=37.5ms scan_rx_age=12.9ms odom_age=8.3ms odom_rx_age=7.5ms sensor_skew=29.2ms loop_to_send=5.8ms
[go2:sport] DRY cmd#377 seq=409 v=0.900 w=-0.741 dt=40.2ms policy_zmq_lag=0.7ms action_age=38.3ms scan_age=37.6ms scan_rx_age=14.7ms odom_age=8.5ms odom_rx_age=7.6ms sensor_skew=29.1ms loop_to_send=6.0ms
[go2:sport] DRY cmd#378 seq=410 v=0.900 w=-0.790 dt=39.6ms policy_zmq_lag=0.6ms action_age=38.0ms scan_age=37.4ms scan_rx_age=14.3ms odom_age=8.3ms odom_rx_age=7.5ms sensor_skew=29.1ms loop_to_send=5.8ms
[go2:sport] DRY cmd#379 seq=411 v=0.900 w=-0.763 dt=39.9ms policy_zmq_lag=0.6ms action_age=38.0ms scan_age=37.4ms scan_rx_age=14.8ms odom_age=8.2ms odom_rx_age=7.5ms sensor_skew=29.2ms loop_to_send=5.7ms
[go2:sport] DRY cmd#380 seq=412 v=0.900 w=-0.721 dt=40.2ms policy_zmq_lag=0.6ms action_age=38.1ms scan_age=37.5ms scan_rx_age=14.8ms odom_age=8.3ms odom_rx_age=7.6ms sensor_skew=29.1ms loop_to_send=5.9ms
[go2:sport] DRY cmd#381 seq=413 v=0.900 w=-0.765 dt=39.7ms policy_zmq_lag=0.6ms action_age=37.8ms scan_age=37.2ms scan_rx_age=14.5ms odom_age=8.0ms odom_rx_age=7.2ms sensor_skew=29.1ms loop_to_send=5.6ms
[go2:sport] DRY cmd#382 seq=414 v=0.900 w=-0.724 dt=40.4ms policy_zmq_lag=0.8ms action_age=38.3ms scan_age=37.5ms scan_rx_age=12.6ms odom_age=8.3ms odom_rx_age=7.5ms sensor_skew=29.2ms loop_to_send=5.8ms
[go2:sport] DRY cmd#383 seq=415 v=0.900 w=-0.744 dt=40.0ms policy_zmq_lag=0.8ms action_age=38.1ms scan_age=37.4ms scan_rx_age=13.4ms odom_age=8.3ms odom_rx_age=7.5ms sensor_skew=29.1ms loop_to_send=5.8ms
[go2:sport] DRY cmd#384 seq=416 v=0.900 w=-0.764 dt=39.9ms policy_zmq_lag=0.7ms action_age=38.1ms scan_age=37.5ms scan_rx_age=13.4ms odom_age=8.3ms odom_rx_age=7.5ms sensor_skew=29.2ms loop_to_send=5.8ms
[go2:sport] DRY cmd#385 seq=417 v=0.900 w=-0.739 dt=39.9ms policy_zmq_lag=0.7ms action_age=38.1ms scan_age=37.4ms scan_rx_age=12.7ms odom_age=8.2ms odom_rx_age=7.4ms sensor_skew=29.2ms loop_to_send=5.7ms
[go2:sport] DRY cmd#386 seq=418 v=0.900 w=-0.763 dt=40.0ms policy_zmq_lag=0.7ms action_age=38.2ms scan_age=37.5ms scan_rx_age=13.4ms odom_age=8.2ms odom_rx_age=7.4ms sensor_skew=29.3ms loop_to_send=5.8ms
[go2:sport] DRY cmd#387 seq=419 v=0.900 w=-0.780 dt=40.0ms policy_zmq_lag=0.6ms action_age=38.0ms scan_age=37.4ms scan_rx_age=14.6ms odom_age=8.3ms odom_rx_age=7.6ms sensor_skew=29.1ms loop_to_send=5.8ms
[go2:sport] DRY cmd#388 seq=420 v=0.900 w=-0.743 dt=40.4ms policy_zmq_lag=0.7ms action_age=38.4ms scan_age=37.7ms scan_rx_age=13.2ms odom_age=8.5ms odom_rx_age=7.7ms sensor_skew=29.2ms loop_to_send=6.1ms
[go2:sport] DRY cmd#389 seq=421 v=0.900 w=-0.764 dt=40.2ms policy_zmq_lag=0.6ms action_age=38.7ms scan_age=38.1ms scan_rx_age=13.4ms odom_age=8.9ms odom_rx_age=8.1ms sensor_skew=29.2ms loop_to_send=6.4ms
[go2:sport] DRY cmd#390 seq=422 v=0.900 w=-0.803 dt=40.1ms policy_zmq_lag=0.7ms action_age=38.6ms scan_age=37.9ms scan_rx_age=15.5ms odom_age=8.8ms odom_rx_age=8.0ms sensor_skew=29.1ms loop_to_send=6.4ms
[go2:sport] DRY cmd#391 seq=423 v=0.900 w=-0.764 dt=39.9ms policy_zmq_lag=0.6ms action_age=38.6ms scan_age=38.0ms scan_rx_age=15.7ms odom_age=9.0ms odom_rx_age=8.3ms sensor_skew=29.0ms loop_to_send=6.4ms
[go2:sport] DRY cmd#392 seq=424 v=0.900 w=-0.734 dt=40.3ms policy_zmq_lag=0.7ms action_age=38.9ms scan_age=38.2ms scan_rx_age=15.8ms odom_age=8.7ms odom_rx_age=7.4ms sensor_skew=29.6ms loop_to_send=6.1ms
[go2:sport] DRY cmd#393 seq=425 v=0.900 w=-0.747 dt=39.0ms policy_zmq_lag=0.7ms action_age=38.0ms scan_age=37.3ms scan_rx_age=14.6ms odom_age=8.2ms odom_rx_age=7.6ms sensor_skew=29.1ms loop_to_send=5.7ms
[go2:sport] DRY cmd#394 seq=426 v=0.900 w=-0.762 dt=40.3ms policy_zmq_lag=0.7ms action_age=38.2ms scan_age=37.6ms scan_rx_age=13.5ms odom_age=8.4ms odom_rx_age=7.5ms sensor_skew=29.2ms loop_to_send=5.9ms
[go2:sport] DRY cmd#395 seq=427 v=0.900 w=-0.732 dt=39.8ms policy_zmq_lag=0.7ms action_age=38.2ms scan_age=37.5ms scan_rx_age=12.5ms odom_age=8.4ms odom_rx_age=7.6ms sensor_skew=29.1ms loop_to_send=5.8ms
[go2:sport] DRY cmd#396 seq=428 v=0.900 w=-0.766 dt=39.9ms policy_zmq_lag=0.7ms action_age=38.2ms scan_age=37.5ms scan_rx_age=12.8ms odom_age=8.3ms odom_rx_age=7.5ms sensor_skew=29.2ms loop_to_send=5.7ms
[go2:sport] DRY cmd#397 seq=429 v=0.900 w=-0.796 dt=39.8ms policy_zmq_lag=0.6ms action_age=37.8ms scan_age=37.3ms scan_rx_age=12.6ms odom_age=8.2ms odom_rx_age=7.4ms sensor_skew=29.1ms loop_to_send=5.6ms
[go2:sport] DRY cmd#398 seq=430 v=0.900 w=-0.729 dt=40.0ms policy_zmq_lag=0.6ms action_age=37.8ms scan_age=37.3ms scan_rx_age=14.2ms odom_age=8.2ms odom_rx_age=7.3ms sensor_skew=29.1ms loop_to_send=5.7ms
[go2:sport] DRY cmd#399 seq=431 v=0.900 w=-0.764 dt=41.4ms policy_zmq_lag=0.7ms action_age=39.3ms scan_age=38.6ms scan_rx_age=16.2ms odom_age=9.5ms odom_rx_age=8.7ms sensor_skew=29.1ms loop_to_send=7.0ms
[go2:sport] DRY cmd#400 seq=432 v=0.900 w=-0.739 dt=39.5ms policy_zmq_lag=0.7ms action_age=38.9ms scan_age=38.2ms scan_rx_age=15.2ms odom_age=9.1ms odom_rx_age=8.2ms sensor_skew=29.1ms loop_to_send=6.5ms
[go2:sport] DRY cmd#401 seq=433 v=0.900 w=-0.763 dt=39.3ms policy_zmq_lag=0.6ms action_age=38.2ms scan_age=37.6ms scan_rx_age=14.7ms odom_age=8.4ms odom_rx_age=7.7ms sensor_skew=29.1ms loop_to_send=5.9ms
[go2:sport] DRY cmd#402 seq=434 v=0.900 w=-0.810 dt=40.2ms policy_zmq_lag=0.6ms action_age=38.3ms scan_age=37.7ms scan_rx_age=15.0ms odom_age=8.7ms odom_rx_age=7.9ms sensor_skew=29.0ms loop_to_send=6.1ms
[go2:sport] DRY cmd#403 seq=435 v=0.900 w=-0.738 dt=39.8ms policy_zmq_lag=0.6ms action_age=38.2ms scan_age=37.5ms scan_rx_age=14.7ms odom_age=8.4ms odom_rx_age=7.7ms sensor_skew=29.1ms loop_to_send=5.8ms
[go2:sport] DRY cmd#404 seq=436 v=0.900 w=-0.765 dt=40.1ms policy_zmq_lag=0.6ms action_age=38.3ms scan_age=37.7ms scan_rx_age=15.2ms odom_age=8.5ms odom_rx_age=7.5ms sensor_skew=29.2ms loop_to_send=5.9ms
[go2:sport] DRY cmd#405 seq=437 v=0.900 w=-0.736 dt=39.8ms policy_zmq_lag=0.6ms action_age=38.1ms scan_age=37.5ms scan_rx_age=14.3ms odom_age=8.3ms odom_rx_age=7.6ms sensor_skew=29.2ms loop_to_send=5.7ms
[go2:sport] DRY cmd#406 seq=438 v=0.900 w=-0.764 dt=40.0ms policy_zmq_lag=0.6ms action_age=38.0ms scan_age=37.3ms scan_rx_age=14.5ms odom_age=8.2ms odom_rx_age=7.4ms sensor_skew=29.1ms loop_to_send=5.7ms
[go2:sport] DRY cmd#407 seq=439 v=0.900 w=-0.764 dt=39.9ms policy_zmq_lag=0.6ms action_age=37.8ms scan_age=37.2ms scan_rx_age=14.2ms odom_age=8.1ms odom_rx_age=7.4ms sensor_skew=29.0ms loop_to_send=5.6ms
[go2:sport] DRY cmd#408 seq=440 v=0.900 w=-0.720 dt=40.1ms policy_zmq_lag=0.7ms action_age=37.9ms scan_age=37.2ms scan_rx_age=14.4ms odom_age=8.2ms odom_rx_age=7.4ms sensor_skew=29.1ms loop_to_send=5.6ms
[go2:sport] DRY cmd#409 seq=441 v=0.900 w=-0.765 dt=39.8ms policy_zmq_lag=0.6ms action_age=37.8ms scan_age=37.2ms scan_rx_age=14.4ms odom_age=8.0ms odom_rx_age=7.2ms sensor_skew=29.2ms loop_to_send=5.5ms
[go2:sport] DRY cmd#410 seq=442 v=0.900 w=-0.743 dt=40.2ms policy_zmq_lag=0.7ms action_age=37.9ms scan_age=37.2ms scan_rx_age=14.2ms odom_age=8.2ms odom_rx_age=7.4ms sensor_skew=29.0ms loop_to_send=5.7ms
[go2:sport] DRY cmd#411 seq=443 v=0.900 w=-0.763 dt=40.6ms policy_zmq_lag=0.6ms action_age=38.5ms scan_age=37.9ms scan_rx_age=15.4ms odom_age=8.9ms odom_rx_age=8.0ms sensor_skew=29.1ms loop_to_send=6.0ms
[go2:sport] DRY cmd#412 seq=444 v=0.900 w=-0.765 dt=39.5ms policy_zmq_lag=0.6ms action_age=38.0ms scan_age=37.4ms scan_rx_age=12.6ms odom_age=8.5ms odom_rx_age=7.7ms sensor_skew=28.9ms loop_to_send=5.8ms
[go2:sport] DRY cmd#413 seq=445 v=0.900 w=-0.736 dt=40.0ms policy_zmq_lag=0.6ms action_age=38.1ms scan_age=37.5ms scan_rx_age=12.3ms odom_age=8.4ms odom_rx_age=7.6ms sensor_skew=29.1ms loop_to_send=5.8ms
[go2:sport] DRY cmd#414 seq=446 v=0.900 w=-0.764 dt=40.1ms policy_zmq_lag=0.6ms action_age=37.9ms scan_age=37.3ms scan_rx_age=14.5ms odom_age=8.4ms odom_rx_age=7.6ms sensor_skew=28.9ms loop_to_send=5.9ms
[go2:sport] DRY cmd#415 seq=447 v=0.900 w=-0.737 dt=39.9ms policy_zmq_lag=0.6ms action_age=38.0ms scan_age=37.4ms scan_rx_age=14.8ms odom_age=8.4ms odom_rx_age=7.7ms sensor_skew=29.0ms loop_to_send=5.8ms
[go2:sport] DRY cmd#416 seq=448 v=0.900 w=-0.762 dt=40.0ms policy_zmq_lag=0.6ms action_age=38.0ms scan_age=37.3ms scan_rx_age=14.9ms odom_age=8.3ms odom_rx_age=7.5ms sensor_skew=29.0ms loop_to_send=5.7ms
[go2:sport] DRY cmd#417 seq=449 v=0.900 w=-0.764 dt=40.8ms policy_zmq_lag=0.6ms action_age=38.9ms scan_age=38.3ms scan_rx_age=15.6ms odom_age=9.2ms odom_rx_age=8.3ms sensor_skew=29.2ms loop_to_send=6.5ms
[go2:sport] DRY cmd#418 seq=450 v=0.900 w=-0.737 dt=39.3ms policy_zmq_lag=0.7ms action_age=38.2ms scan_age=37.5ms scan_rx_age=15.1ms odom_age=8.3ms odom_rx_age=7.5ms sensor_skew=29.2ms loop_to_send=5.8ms
[go2:sport] DRY cmd#419 seq=451 v=0.900 w=-0.763 dt=39.7ms policy_zmq_lag=0.6ms action_age=37.9ms scan_age=37.3ms scan_rx_age=15.0ms odom_age=8.1ms odom_rx_age=7.4ms sensor_skew=29.2ms loop_to_send=5.6ms
[go2:sport] DRY cmd#420 seq=452 v=0.900 w=-0.737 dt=40.1ms policy_zmq_lag=0.6ms action_age=37.8ms scan_age=37.2ms scan_rx_age=14.9ms odom_age=8.3ms odom_rx_age=7.5ms sensor_skew=29.0ms loop_to_send=5.6ms
[go2:sport] DRY cmd#421 seq=453 v=0.900 w=-0.805 dt=40.1ms policy_zmq_lag=0.6ms action_age=38.0ms scan_age=37.3ms scan_rx_age=14.9ms odom_age=8.3ms odom_rx_age=7.6ms sensor_skew=29.0ms loop_to_send=5.7ms
[go2:sport] DRY cmd#422 seq=454 v=0.900 w=-0.764 dt=39.9ms policy_zmq_lag=0.6ms action_age=37.9ms scan_age=37.3ms scan_rx_age=15.0ms odom_age=8.2ms odom_rx_age=7.5ms sensor_skew=29.1ms loop_to_send=5.6ms
[go2:sport] DRY cmd#423 seq=455 v=0.900 w=-0.731 dt=40.5ms policy_zmq_lag=0.7ms action_age=38.3ms scan_age=37.7ms scan_rx_age=15.2ms odom_age=8.6ms odom_rx_age=7.2ms sensor_skew=29.1ms loop_to_send=5.9ms
[go2:sport] DRY cmd#424 seq=456 v=0.900 w=-0.764 dt=39.5ms policy_zmq_lag=0.6ms action_age=37.9ms scan_age=37.3ms scan_rx_age=14.9ms odom_age=8.3ms odom_rx_age=7.6ms sensor_skew=29.0ms loop_to_send=5.6ms
[go2:sport] DRY cmd#425 seq=457 v=0.900 w=-0.808 dt=40.0ms policy_zmq_lag=0.6ms action_age=38.0ms scan_age=37.4ms scan_rx_age=14.8ms odom_age=8.3ms odom_rx_age=7.5ms sensor_skew=29.1ms loop_to_send=5.7ms
[go2:sport] DRY cmd#426 seq=458 v=0.900 w=-0.771 dt=40.1ms policy_zmq_lag=0.6ms action_age=38.1ms scan_age=37.5ms scan_rx_age=14.7ms odom_age=8.4ms odom_rx_age=7.6ms sensor_skew=29.1ms loop_to_send=5.8ms
[go2:sport] DRY cmd#427 seq=459 v=0.900 w=-0.765 dt=40.0ms policy_zmq_lag=0.6ms action_age=37.9ms scan_age=37.3ms scan_rx_age=15.0ms odom_age=8.3ms odom_rx_age=7.5ms sensor_skew=29.0ms loop_to_send=5.7ms
[go2:sport] DRY cmd#428 seq=460 v=0.900 w=-0.728 dt=40.5ms policy_zmq_lag=0.7ms action_age=38.5ms scan_age=37.8ms scan_rx_age=15.1ms odom_age=8.6ms odom_rx_age=7.7ms sensor_skew=29.2ms loop_to_send=6.1ms
[go2:sport] DRY cmd#429 seq=461 v=0.900 w=-0.763 dt=39.6ms policy_zmq_lag=0.7ms action_age=38.1ms scan_age=37.4ms scan_rx_age=14.5ms odom_age=8.4ms odom_rx_age=7.6ms sensor_skew=29.0ms loop_to_send=5.7ms
[go2:sport] DRY cmd#430 seq=462 v=0.900 w=-0.737 dt=40.0ms policy_zmq_lag=0.6ms action_age=38.1ms scan_age=37.4ms scan_rx_age=14.8ms odom_age=8.4ms odom_rx_age=7.7ms sensor_skew=29.0ms loop_to_send=5.8ms
[go2:sport] DRY cmd#431 seq=463 v=0.900 w=-0.806 dt=39.9ms policy_zmq_lag=0.6ms action_age=38.0ms scan_age=37.4ms scan_rx_age=14.5ms odom_age=8.3ms odom_rx_age=7.6ms sensor_skew=29.0ms loop_to_send=5.7ms
[go2:sport] DRY cmd#432 seq=464 v=0.900 w=-0.765 dt=39.9ms policy_zmq_lag=0.6ms action_age=37.8ms scan_age=37.1ms scan_rx_age=14.1ms odom_age=8.2ms odom_rx_age=7.5ms sensor_skew=28.9ms loop_to_send=5.6ms
[go2:sport] DRY cmd#433 seq=465 v=0.900 w=-0.727 dt=40.4ms policy_zmq_lag=0.8ms action_age=38.3ms scan_age=37.5ms scan_rx_age=13.4ms odom_age=8.5ms odom_rx_age=7.7ms sensor_skew=29.0ms loop_to_send=5.8ms
[go2:sport] DRY cmd#434 seq=466 v=0.900 w=-0.767 dt=40.0ms policy_zmq_lag=0.7ms action_age=38.2ms scan_age=37.5ms scan_rx_age=13.3ms odom_age=8.4ms odom_rx_age=7.6ms sensor_skew=29.1ms loop_to_send=5.8ms
[go2:sport] DRY cmd#435 seq=467 v=0.900 w=-0.755 dt=40.0ms policy_zmq_lag=0.7ms action_age=38.1ms scan_age=37.4ms scan_rx_age=12.6ms odom_age=8.5ms odom_rx_age=7.6ms sensor_skew=28.9ms loop_to_send=5.9ms
[go2:sport] DRY cmd#436 seq=468 v=0.900 w=-0.736 dt=40.3ms policy_zmq_lag=0.8ms action_age=38.5ms scan_age=37.7ms scan_rx_age=13.0ms odom_age=8.7ms odom_rx_age=7.7ms sensor_skew=29.0ms loop_to_send=6.0ms
[go2:sport] DRY cmd#437 seq=469 v=0.900 w=-0.763 dt=39.6ms policy_zmq_lag=0.8ms action_age=38.2ms scan_age=37.4ms scan_rx_age=12.9ms odom_age=8.4ms odom_rx_age=7.5ms sensor_skew=29.0ms loop_to_send=5.7ms
[go2:sport] DRY cmd#438 seq=470 v=0.900 w=-0.743 dt=39.8ms policy_zmq_lag=0.6ms action_age=37.9ms scan_age=37.4ms scan_rx_age=14.6ms odom_age=8.4ms odom_rx_age=7.6ms sensor_skew=29.0ms loop_to_send=5.7ms
[go2:sport] DRY cmd#439 seq=471 v=0.900 w=-0.764 dt=40.2ms policy_zmq_lag=0.6ms action_age=38.0ms scan_age=37.4ms scan_rx_age=14.8ms odom_age=8.5ms odom_rx_age=7.8ms sensor_skew=28.8ms loop_to_send=5.8ms
[go2:sport] DRY cmd#440 seq=472 v=0.900 w=-0.781 dt=40.4ms policy_zmq_lag=0.6ms action_age=38.5ms scan_age=37.9ms scan_rx_age=14.4ms odom_age=8.8ms odom_rx_age=7.9ms sensor_skew=29.1ms loop_to_send=6.2ms
[go2:sport] DRY cmd#441 seq=473 v=0.900 w=-0.745 dt=40.1ms policy_zmq_lag=0.7ms action_age=38.3ms scan_age=37.6ms scan_rx_age=14.7ms odom_age=8.8ms odom_rx_age=8.0ms sensor_skew=28.8ms loop_to_send=6.2ms
[go2:sport] DRY cmd#442 seq=474 v=0.900 w=-0.763 dt=40.0ms policy_zmq_lag=0.7ms action_age=38.5ms scan_age=37.8ms scan_rx_age=15.1ms odom_age=8.8ms odom_rx_age=7.9ms sensor_skew=29.0ms loop_to_send=6.2ms
[go2:sport] DRY cmd#443 seq=475 v=0.900 w=-0.725 dt=39.8ms policy_zmq_lag=0.6ms action_age=38.3ms scan_age=37.7ms scan_rx_age=14.7ms odom_age=8.7ms odom_rx_age=7.9ms sensor_skew=29.0ms loop_to_send=6.0ms
[go2:sport] DRY cmd#444 seq=476 v=0.900 w=-0.762 dt=40.0ms policy_zmq_lag=0.6ms action_age=38.2ms scan_age=37.5ms scan_rx_age=15.0ms odom_age=8.6ms odom_rx_age=7.8ms sensor_skew=29.0ms loop_to_send=6.0ms
[go2:sport] DRY cmd#445 seq=477 v=0.900 w=-0.815 dt=46.8ms policy_zmq_lag=0.7ms action_age=45.0ms scan_age=44.4ms scan_rx_age=21.6ms odom_age=18.7ms odom_rx_age=18.0ms sensor_skew=25.6ms loop_to_send=11.6ms
[go2:sport] DRY cmd#446 seq=478 v=0.900 w=-0.743 dt=33.8ms policy_zmq_lag=0.8ms action_age=38.5ms scan_age=37.7ms scan_rx_age=13.8ms odom_age=9.1ms odom_rx_age=8.1ms sensor_skew=28.6ms loop_to_send=6.4ms
[go2:sport] DRY cmd#447 seq=479 v=0.900 w=-0.765 dt=40.1ms policy_zmq_lag=0.7ms action_age=38.9ms scan_age=38.1ms scan_rx_age=15.6ms odom_age=9.3ms odom_rx_age=8.3ms sensor_skew=28.9ms loop_to_send=6.5ms
[go2:sport] DRY cmd#448 seq=480 v=0.900 w=-0.736 dt=39.7ms policy_zmq_lag=0.7ms action_age=38.6ms scan_age=38.0ms scan_rx_age=14.7ms odom_age=9.1ms odom_rx_age=8.2ms sensor_skew=28.9ms loop_to_send=6.3ms
[go2:sport] DRY cmd#449 seq=481 v=0.900 w=-0.766 dt=40.9ms policy_zmq_lag=0.7ms action_age=39.5ms scan_age=38.9ms scan_rx_age=15.2ms odom_age=9.8ms odom_rx_age=7.2ms sensor_skew=29.1ms loop_to_send=6.4ms
[go2:sport] DRY cmd#450 seq=482 v=0.900 w=-0.798 dt=38.8ms policy_zmq_lag=0.6ms action_age=38.2ms scan_age=37.5ms scan_rx_age=14.3ms odom_age=8.7ms odom_rx_age=8.0ms sensor_skew=28.8ms loop_to_send=6.0ms
[go2:sport] DRY cmd#451 seq=483 v=0.900 w=-0.725 dt=40.0ms policy_zmq_lag=0.6ms action_age=38.3ms scan_age=37.6ms scan_rx_age=14.2ms odom_age=8.6ms odom_rx_age=7.4ms sensor_skew=29.0ms loop_to_send=6.1ms
[go2:sport] DRY cmd#452 seq=484 v=0.900 w=-0.764 dt=39.8ms policy_zmq_lag=0.6ms action_age=38.2ms scan_age=37.6ms scan_rx_age=14.8ms odom_age=8.7ms odom_rx_age=7.9ms sensor_skew=28.9ms loop_to_send=5.9ms
[go2:sport] DRY cmd#453 seq=485 v=0.900 w=-0.732 dt=40.0ms policy_zmq_lag=0.6ms action_age=38.0ms scan_age=37.4ms scan_rx_age=14.5ms odom_age=8.6ms odom_rx_age=7.9ms sensor_skew=28.8ms loop_to_send=5.8ms
[go2:sport] DRY cmd#454 seq=486 v=0.900 w=-0.764 dt=39.9ms policy_zmq_lag=0.6ms action_age=38.0ms scan_age=37.4ms scan_rx_age=14.5ms odom_age=8.5ms odom_rx_age=7.8ms sensor_skew=28.9ms loop_to_send=5.8ms
[go2:sport] DRY cmd#455 seq=487 v=0.900 w=-0.810 dt=40.7ms policy_zmq_lag=0.6ms action_age=38.8ms scan_age=38.2ms scan_rx_age=15.0ms odom_age=9.2ms odom_rx_age=8.3ms sensor_skew=29.0ms loop_to_send=6.5ms
[go2:sport] DRY cmd#456 seq=488 v=0.900 w=-0.732 dt=39.6ms policy_zmq_lag=0.7ms action_age=38.2ms scan_age=37.5ms scan_rx_age=12.8ms odom_age=8.7ms odom_rx_age=7.8ms sensor_skew=28.9ms loop_to_send=6.0ms
[go2:sport] DRY cmd#457 seq=489 v=0.900 w=-0.766 dt=39.7ms policy_zmq_lag=0.6ms action_age=37.9ms scan_age=37.3ms scan_rx_age=15.0ms odom_age=8.6ms odom_rx_age=7.9ms sensor_skew=28.8ms loop_to_send=5.7ms
[go2:sport] DRY cmd#458 seq=490 v=0.900 w=-0.731 dt=40.1ms policy_zmq_lag=0.6ms action_age=38.2ms scan_age=37.6ms scan_rx_age=13.6ms odom_age=8.7ms odom_rx_age=7.9ms sensor_skew=28.9ms loop_to_send=5.9ms
[go2:sport] DRY cmd#459 seq=491 v=0.900 w=-0.762 dt=40.1ms policy_zmq_lag=0.6ms action_age=38.1ms scan_age=37.5ms scan_rx_age=14.5ms odom_age=8.6ms odom_rx_age=7.9ms sensor_skew=28.9ms loop_to_send=5.9ms
[go2:sport] DRY cmd#460 seq=492 v=0.900 w=-0.764 dt=39.8ms policy_zmq_lag=0.6ms action_age=37.9ms scan_age=37.3ms scan_rx_age=14.4ms odom_age=8.4ms odom_rx_age=7.7ms sensor_skew=28.9ms loop_to_send=5.7ms
[go2:sport] DRY cmd#461 seq=493 v=0.900 w=-0.722 dt=40.3ms policy_zmq_lag=0.6ms action_age=38.4ms scan_age=37.7ms scan_rx_age=14.3ms odom_age=8.8ms odom_rx_age=8.0ms sensor_skew=28.9ms loop_to_send=6.0ms
[go2:sport] DRY cmd#462 seq=494 v=0.900 w=-0.766 dt=39.8ms policy_zmq_lag=0.6ms action_age=38.1ms scan_age=37.5ms scan_rx_age=14.9ms odom_age=8.6ms odom_rx_age=7.9ms sensor_skew=28.9ms loop_to_send=5.8ms
[go2:sport] DRY cmd#463 seq=495 v=0.900 w=-0.740 dt=42.2ms policy_zmq_lag=0.6ms action_age=40.3ms scan_age=39.6ms scan_rx_age=16.9ms odom_age=10.8ms odom_rx_age=10.1ms sensor_skew=28.8ms loop_to_send=7.6ms
[go2:sport] DRY cmd#464 seq=496 v=0.900 w=-0.766 dt=37.8ms policy_zmq_lag=0.7ms action_age=37.9ms scan_age=37.3ms scan_rx_age=14.6ms odom_age=8.5ms odom_rx_age=7.8ms sensor_skew=28.8ms loop_to_send=5.7ms
[go2:sport] DRY cmd#465 seq=497 v=0.900 w=-0.764 dt=40.1ms policy_zmq_lag=0.7ms action_age=38.0ms scan_age=37.3ms scan_rx_age=14.4ms odom_age=8.6ms odom_rx_age=7.8ms sensor_skew=28.8ms loop_to_send=5.8ms
[go2:sport] DRY cmd#466 seq=498 v=0.900 w=-0.734 dt=40.1ms policy_zmq_lag=0.7ms action_age=38.1ms scan_age=37.5ms scan_rx_age=14.6ms odom_age=8.6ms odom_rx_age=7.8ms sensor_skew=28.9ms loop_to_send=5.9ms
[go2:sport] DRY cmd#467 seq=499 v=0.900 w=-0.765 dt=40.0ms policy_zmq_lag=0.7ms action_age=38.3ms scan_age=37.6ms scan_rx_age=14.7ms odom_age=7.8ms odom_rx_age=7.0ms sensor_skew=29.8ms loop_to_send=5.8ms
[go2:sport] DRY cmd#468 seq=500 v=0.900 w=-0.736 dt=40.0ms policy_zmq_lag=0.7ms action_age=38.3ms scan_age=37.7ms scan_rx_age=14.4ms odom_age=8.7ms odom_rx_age=8.1ms sensor_skew=28.9ms loop_to_send=6.0ms
[go2:sport] DRY cmd#469 seq=501 v=0.900 w=-0.763 dt=39.8ms policy_zmq_lag=0.7ms action_age=38.0ms scan_age=37.4ms scan_rx_age=14.6ms odom_age=8.5ms odom_rx_age=7.8ms sensor_skew=28.8ms loop_to_send=5.8ms
[go2:sport] DRY cmd#470 seq=502 v=0.900 w=-0.763 dt=39.9ms policy_zmq_lag=0.6ms action_age=38.0ms scan_age=37.4ms scan_rx_age=14.4ms odom_age=8.6ms odom_rx_age=7.9ms sensor_skew=28.8ms loop_to_send=5.7ms
[go2:sport] DRY cmd#471 seq=503 v=0.900 w=-0.724 dt=40.0ms policy_zmq_lag=0.6ms action_age=37.8ms scan_age=37.2ms scan_rx_age=14.5ms odom_age=8.6ms odom_rx_age=7.9ms sensor_skew=28.6ms loop_to_send=5.7ms
[go2:sport] DRY cmd#472 seq=504 v=0.900 w=-0.765 dt=40.8ms policy_zmq_lag=0.6ms action_age=38.6ms scan_age=38.0ms scan_rx_age=14.1ms odom_age=9.3ms odom_rx_age=8.4ms sensor_skew=28.8ms loop_to_send=6.5ms
[go2:sport] DRY cmd#473 seq=505 v=0.900 w=-0.740 dt=39.3ms policy_zmq_lag=0.6ms action_age=38.1ms scan_age=37.5ms scan_rx_age=14.4ms odom_age=8.6ms odom_rx_age=7.7ms sensor_skew=28.9ms loop_to_send=5.8ms
[go2:sport] DRY cmd#474 seq=506 v=0.900 w=-0.790 dt=39.9ms policy_zmq_lag=0.6ms action_age=37.8ms scan_age=37.2ms scan_rx_age=14.5ms odom_age=8.5ms odom_rx_age=7.7ms sensor_skew=28.7ms loop_to_send=5.7ms
[go2:sport] DRY cmd#475 seq=507 v=0.900 w=-0.766 dt=40.2ms policy_zmq_lag=0.6ms action_age=38.1ms scan_age=37.4ms scan_rx_age=14.8ms odom_age=8.7ms odom_rx_age=7.8ms sensor_skew=28.8ms loop_to_send=5.8ms
[go2:sport] DRY cmd#476 seq=508 v=0.900 w=-0.732 dt=39.9ms policy_zmq_lag=0.6ms action_age=38.1ms scan_age=37.4ms scan_rx_age=14.6ms odom_age=8.6ms odom_rx_age=7.8ms sensor_skew=28.8ms loop_to_send=5.8ms
[go2:sport] DRY cmd#477 seq=509 v=0.900 w=-0.765 dt=40.0ms policy_zmq_lag=0.6ms action_age=38.0ms scan_age=37.4ms scan_rx_age=15.1ms odom_age=8.7ms odom_rx_age=8.0ms sensor_skew=28.6ms loop_to_send=5.9ms
[go2:sport] DRY cmd#478 seq=510 v=0.900 w=-0.738 dt=40.3ms policy_zmq_lag=0.6ms action_age=38.3ms scan_age=37.7ms scan_rx_age=13.5ms odom_age=9.0ms odom_rx_age=8.3ms sensor_skew=28.7ms loop_to_send=6.2ms
[go2:sport] DRY cmd#479 seq=511 v=0.900 w=-0.780 dt=39.9ms policy_zmq_lag=0.7ms action_age=38.2ms scan_age=37.5ms scan_rx_age=13.6ms odom_age=8.8ms odom_rx_age=8.1ms sensor_skew=28.6ms loop_to_send=6.0ms
[go2:sport] DRY cmd#480 seq=512 v=0.900 w=-0.762 dt=40.0ms policy_zmq_lag=0.8ms action_age=38.4ms scan_age=37.7ms scan_rx_age=13.6ms odom_age=12.2ms odom_rx_age=11.3ms sensor_skew=25.5ms loop_to_send=6.0ms
[go2:sport] DRY cmd#481 seq=513 v=0.900 w=-0.734 dt=40.0ms policy_zmq_lag=0.8ms action_age=38.3ms scan_age=37.6ms scan_rx_age=13.6ms odom_age=8.8ms odom_rx_age=8.0ms sensor_skew=28.8ms loop_to_send=6.0ms
[go2:sport] DRY cmd#482 seq=514 v=0.900 w=-0.763 dt=39.7ms policy_zmq_lag=0.6ms action_age=38.1ms scan_age=37.5ms scan_rx_age=14.9ms odom_age=8.7ms odom_rx_age=8.0ms sensor_skew=28.7ms loop_to_send=5.9ms
[go2:sport] DRY cmd#483 seq=515 v=0.900 w=-0.739 dt=40.0ms policy_zmq_lag=0.7ms action_age=38.0ms scan_age=37.3ms scan_rx_age=14.7ms odom_age=8.6ms odom_rx_age=7.9ms sensor_skew=28.7ms loop_to_send=5.8ms
[go2:sport] DRY cmd#484 seq=516 v=0.900 w=-0.747 dt=40.1ms policy_zmq_lag=0.7ms action_age=38.2ms scan_age=37.5ms scan_rx_age=14.8ms odom_age=8.4ms odom_rx_age=7.7ms sensor_skew=29.1ms loop_to_send=5.9ms
[go2:sport] DRY cmd#485 seq=517 v=0.900 w=-0.764 dt=39.9ms policy_zmq_lag=0.6ms action_age=38.1ms scan_age=37.5ms scan_rx_age=14.9ms odom_age=8.6ms odom_rx_age=7.8ms sensor_skew=28.9ms loop_to_send=5.9ms
[go2:sport] DRY cmd#486 seq=518 v=0.900 w=-0.718 dt=40.0ms policy_zmq_lag=0.7ms action_age=38.2ms scan_age=37.5ms scan_rx_age=12.3ms odom_age=8.7ms odom_rx_age=7.8ms sensor_skew=28.8ms loop_to_send=5.8ms
[go2:sport] DRY cmd#487 seq=519 v=0.900 w=-0.761 dt=40.1ms policy_zmq_lag=0.7ms action_age=38.2ms scan_age=37.5ms scan_rx_age=12.4ms odom_age=8.6ms odom_rx_age=7.9ms sensor_skew=28.8ms loop_to_send=5.8ms
[go2:sport] DRY cmd#488 seq=520 v=0.900 w=-0.734 dt=39.9ms policy_zmq_lag=0.7ms action_age=38.2ms scan_age=37.5ms scan_rx_age=12.1ms odom_age=8.7ms odom_rx_age=7.9ms sensor_skew=28.8ms loop_to_send=5.8ms
[go2:sport] DRY cmd#489 seq=521 v=0.900 w=-0.742 dt=40.1ms policy_zmq_lag=0.6ms action_age=38.1ms scan_age=37.5ms scan_rx_age=11.5ms odom_age=8.4ms odom_rx_age=7.5ms sensor_skew=29.1ms loop_to_send=6.1ms
[go2:sport] DRY cmd#490 seq=522 v=0.900 w=-0.765 dt=39.7ms policy_zmq_lag=0.6ms action_age=38.0ms scan_age=37.4ms scan_rx_age=14.5ms odom_age=8.6ms odom_rx_age=7.9ms sensor_skew=28.8ms loop_to_send=5.7ms
[go2:sport] DRY cmd#491 seq=523 v=0.900 w=-0.734 dt=40.4ms policy_zmq_lag=0.8ms action_age=38.4ms scan_age=37.6ms scan_rx_age=12.6ms odom_age=8.8ms odom_rx_age=8.0ms sensor_skew=28.8ms loop_to_send=5.9ms
[go2:sport] DRY cmd#492 seq=524 v=0.900 w=-0.764 dt=39.8ms policy_zmq_lag=0.7ms action_age=38.0ms scan_age=37.3ms scan_rx_age=13.6ms odom_age=8.2ms odom_rx_age=7.4ms sensor_skew=29.1ms loop_to_send=5.8ms
[go2:sport] DRY cmd#493 seq=525 v=0.900 w=-0.776 dt=40.7ms policy_zmq_lag=0.6ms action_age=38.7ms scan_age=38.1ms scan_rx_age=13.8ms odom_age=9.6ms odom_rx_age=8.8ms sensor_skew=28.6ms loop_to_send=6.6ms
[go2:sport] DRY cmd#494 seq=526 v=0.900 w=-0.742 dt=40.5ms policy_zmq_lag=0.7ms action_age=39.2ms scan_age=38.5ms scan_rx_age=15.8ms odom_age=9.8ms odom_rx_age=8.8ms sensor_skew=28.7ms loop_to_send=7.0ms
[go2:sport] DRY cmd#495 seq=527 v=0.900 w=-0.764 dt=39.2ms policy_zmq_lag=0.6ms action_age=38.3ms scan_age=37.7ms scan_rx_age=14.6ms odom_age=8.8ms odom_rx_age=7.9ms sensor_skew=28.9ms loop_to_send=6.2ms
[go2:sport] DRY cmd#496 seq=528 v=0.900 w=-0.745 dt=40.1ms policy_zmq_lag=0.6ms action_age=38.5ms scan_age=37.9ms scan_rx_age=14.0ms odom_age=9.2ms odom_rx_age=8.5ms sensor_skew=28.7ms loop_to_send=6.4ms
[go2:sport] DRY cmd#497 seq=529 v=0.900 w=-0.764 dt=40.0ms policy_zmq_lag=0.6ms action_age=38.6ms scan_age=37.9ms scan_rx_age=14.8ms odom_age=9.2ms odom_rx_age=8.4ms sensor_skew=28.7ms loop_to_send=6.3ms
[go2:sport] DRY cmd#498 seq=530 v=0.900 w=-0.806 dt=40.0ms policy_zmq_lag=0.6ms action_age=38.4ms scan_age=37.8ms scan_rx_age=13.9ms odom_age=9.2ms odom_rx_age=8.3ms sensor_skew=28.5ms loop_to_send=6.2ms
[go2:sport] DRY cmd#499 seq=531 v=0.900 w=-0.739 dt=39.9ms policy_zmq_lag=0.6ms action_age=38.4ms scan_age=37.8ms scan_rx_age=14.5ms odom_age=9.1ms odom_rx_age=8.2ms sensor_skew=28.7ms loop_to_send=6.2ms
[go2:sport] DRY cmd#500 seq=532 v=0.900 w=-0.766 dt=40.1ms policy_zmq_lag=0.6ms action_age=38.5ms scan_age=37.9ms scan_rx_age=15.1ms odom_age=9.2ms odom_rx_age=8.4ms sensor_skew=28.7ms loop_to_send=6.3ms
[go2:sport] DRY cmd#501 seq=533 v=0.900 w=-0.729 dt=40.1ms policy_zmq_lag=0.6ms action_age=38.7ms scan_age=38.1ms scan_rx_age=14.9ms odom_age=7.7ms odom_rx_age=6.9ms sensor_skew=30.4ms loop_to_send=6.3ms
[go2:sport] DRY cmd#502 seq=534 v=0.900 w=-0.762 dt=42.4ms policy_zmq_lag=1.5ms action_age=40.9ms scan_age=39.5ms scan_rx_age=15.9ms odom_age=10.7ms odom_rx_age=9.7ms sensor_skew=28.8ms loop_to_send=7.8ms
[go2:sport] DRY cmd#503 seq=535 v=0.900 w=-0.795 dt=37.2ms policy_zmq_lag=0.6ms action_age=37.9ms scan_age=37.3ms scan_rx_age=14.3ms odom_age=8.9ms odom_rx_age=8.1ms sensor_skew=28.3ms loop_to_send=6.1ms
[go2:sport] DRY cmd#504 seq=536 v=0.900 w=-0.729 dt=40.0ms policy_zmq_lag=0.6ms action_age=38.3ms scan_age=37.7ms scan_rx_age=14.9ms odom_age=9.0ms odom_rx_age=8.2ms sensor_skew=28.7ms loop_to_send=6.1ms
[go2:sport] DRY cmd#505 seq=537 v=0.900 w=-0.763 dt=39.9ms policy_zmq_lag=0.6ms action_age=38.1ms scan_age=37.5ms scan_rx_age=14.9ms odom_age=8.9ms odom_rx_age=8.2ms sensor_skew=28.5ms loop_to_send=6.0ms
[go2:sport] DRY cmd#506 seq=538 v=0.900 w=-0.730 dt=44.7ms policy_zmq_lag=0.6ms action_age=43.0ms scan_age=42.3ms scan_rx_age=13.2ms odom_age=19.7ms odom_rx_age=16.4ms sensor_skew=22.7ms loop_to_send=10.6ms
[go2:sport] DRY cmd#507 seq=539 v=0.900 w=-0.762 dt=35.7ms policy_zmq_lag=0.6ms action_age=38.7ms scan_age=38.1ms scan_rx_age=14.9ms odom_age=9.2ms odom_rx_age=8.0ms sensor_skew=28.9ms loop_to_send=6.4ms
[go2:sport] DRY cmd#508 seq=540 v=0.900 w=-0.764 dt=40.7ms policy_zmq_lag=0.6ms action_age=39.2ms scan_age=38.7ms scan_rx_age=15.1ms odom_age=10.1ms odom_rx_age=9.3ms sensor_skew=28.6ms loop_to_send=7.1ms
[go2:sport] DRY cmd#509 seq=541 v=0.900 w=-0.737 dt=39.2ms policy_zmq_lag=0.6ms action_age=38.6ms scan_age=38.0ms scan_rx_age=15.4ms odom_age=9.2ms odom_rx_age=7.6ms sensor_skew=28.7ms loop_to_send=6.4ms
[go2:sport] DRY cmd#510 seq=542 v=0.900 w=-0.764 dt=40.0ms policy_zmq_lag=0.6ms action_age=38.3ms scan_age=37.8ms scan_rx_age=15.3ms odom_age=9.3ms odom_rx_age=8.5ms sensor_skew=28.5ms loop_to_send=6.3ms
[go2:sport] DRY cmd#511 seq=543 v=0.900 w=-0.736 dt=40.4ms policy_zmq_lag=0.6ms action_age=38.8ms scan_age=38.2ms scan_rx_age=15.5ms odom_age=9.5ms odom_rx_age=8.7ms sensor_skew=28.7ms loop_to_send=6.4ms
[go2:sport] DRY cmd#512 seq=544 v=0.900 w=-0.766 dt=39.3ms policy_zmq_lag=0.6ms action_age=38.1ms scan_age=37.5ms scan_rx_age=14.5ms odom_age=8.8ms odom_rx_age=8.1ms sensor_skew=28.7ms loop_to_send=5.9ms
[go2:sport] DRY cmd#513 seq=545 v=0.900 w=-0.765 dt=40.0ms policy_zmq_lag=0.6ms action_age=38.0ms scan_age=37.3ms scan_rx_age=13.9ms odom_age=8.9ms odom_rx_age=8.2ms sensor_skew=28.4ms loop_to_send=5.9ms
[go2:sport] DRY cmd#514 seq=546 v=0.900 w=-0.734 dt=40.0ms policy_zmq_lag=0.7ms action_age=38.1ms scan_age=37.5ms scan_rx_age=13.9ms odom_age=8.8ms odom_rx_age=8.0ms sensor_skew=28.7ms loop_to_send=5.9ms
[go2:sport] DRY cmd#515 seq=547 v=0.900 w=-0.765 dt=40.3ms policy_zmq_lag=0.7ms action_age=38.4ms scan_age=37.6ms scan_rx_age=14.7ms odom_age=8.7ms odom_rx_age=7.7ms sensor_skew=28.9ms loop_to_send=6.0ms
[go2:sport] DRY cmd#516 seq=548 v=0.900 w=-0.745 dt=39.9ms policy_zmq_lag=0.6ms action_age=38.1ms scan_age=37.5ms scan_rx_age=13.1ms odom_age=9.0ms odom_rx_age=8.2ms sensor_skew=28.5ms loop_to_send=6.0ms
[go2:sport] DRY cmd#517 seq=549 v=0.900 w=-0.764 dt=40.1ms policy_zmq_lag=0.7ms action_age=38.3ms scan_age=37.6ms scan_rx_age=14.1ms odom_age=7.9ms odom_rx_age=7.1ms sensor_skew=29.6ms loop_to_send=5.8ms
[go2:sport] DRY cmd#518 seq=550 v=0.900 w=-0.766 dt=39.5ms policy_zmq_lag=0.6ms action_age=37.8ms scan_age=37.2ms scan_rx_age=13.1ms odom_age=8.3ms odom_rx_age=7.5ms sensor_skew=28.9ms loop_to_send=5.7ms
[go2:sport] DRY cmd#519 seq=551 v=0.900 w=-0.737 dt=40.1ms policy_zmq_lag=0.6ms action_age=38.0ms scan_age=37.5ms scan_rx_age=13.1ms odom_age=8.8ms odom_rx_age=8.1ms sensor_skew=28.6ms loop_to_send=5.8ms
[go2:sport] DRY cmd#520 seq=552 v=0.900 w=-0.763 dt=40.0ms policy_zmq_lag=0.6ms action_age=38.0ms scan_age=37.4ms scan_rx_age=14.8ms odom_age=8.8ms odom_rx_age=8.1ms sensor_skew=28.6ms loop_to_send=5.9ms
[go2:sport] DRY cmd#521 seq=553 v=0.900 w=-0.742 dt=39.9ms policy_zmq_lag=0.5ms action_age=37.9ms scan_age=37.4ms scan_rx_age=14.6ms odom_age=8.7ms odom_rx_age=7.9ms sensor_skew=28.7ms loop_to_send=5.8ms
[go2:sport] DRY cmd#522 seq=554 v=0.900 w=-0.811 dt=40.1ms policy_zmq_lag=0.6ms action_age=37.9ms scan_age=37.3ms scan_rx_age=13.8ms odom_age=8.9ms odom_rx_age=8.1ms sensor_skew=28.5ms loop_to_send=5.9ms
[go2:sport] DRY cmd#523 seq=555 v=0.900 w=-0.763 dt=40.0ms policy_zmq_lag=0.6ms action_age=37.8ms scan_age=37.3ms scan_rx_age=13.7ms odom_age=8.8ms odom_rx_age=7.9ms sensor_skew=28.5ms loop_to_send=5.8ms
[go2:sport] DRY cmd#524 seq=556 v=0.900 w=-0.734 dt=40.8ms policy_zmq_lag=0.6ms action_age=38.9ms scan_age=38.2ms scan_rx_age=14.7ms odom_age=9.5ms odom_rx_age=8.8ms sensor_skew=28.7ms loop_to_send=6.6ms
[go2:sport] DRY cmd#525 seq=557 v=0.900 w=-0.766 dt=40.1ms policy_zmq_lag=0.8ms action_age=39.0ms scan_age=38.2ms scan_rx_age=15.5ms odom_age=9.6ms odom_rx_age=8.9ms sensor_skew=28.6ms loop_to_send=6.6ms
[go2:sport] DRY cmd#526 seq=558 v=0.900 w=-0.741 dt=39.7ms policy_zmq_lag=0.7ms action_age=38.6ms scan_age=37.9ms scan_rx_age=14.5ms odom_age=9.3ms odom_rx_age=8.6ms sensor_skew=28.5ms loop_to_send=6.4ms
[go2:sport] DRY cmd#527 seq=559 v=0.900 w=-0.805 dt=39.4ms policy_zmq_lag=0.7ms action_age=38.1ms scan_age=37.5ms scan_rx_age=13.6ms odom_age=8.9ms odom_rx_age=8.0ms sensor_skew=28.6ms loop_to_send=5.9ms
[go2:sport] DRY cmd#528 seq=560 v=0.900 w=-0.765 dt=39.9ms policy_zmq_lag=0.7ms action_age=37.9ms scan_age=37.3ms scan_rx_age=14.9ms odom_age=8.8ms odom_rx_age=8.0ms sensor_skew=28.4ms loop_to_send=5.8ms
[go2:sport] DRY cmd#529 seq=561 v=0.900 w=-0.737 dt=40.0ms policy_zmq_lag=0.6ms action_age=38.0ms scan_age=37.5ms scan_rx_age=14.0ms odom_age=8.9ms odom_rx_age=8.2ms sensor_skew=28.6ms loop_to_send=5.9ms
[go2:sport] DRY cmd#530 seq=562 v=0.900 w=-0.763 dt=40.3ms policy_zmq_lag=0.7ms action_age=38.4ms scan_age=37.7ms scan_rx_age=13.3ms odom_age=9.0ms odom_rx_age=8.2ms sensor_skew=28.7ms loop_to_send=6.1ms
[go2:sport] DRY cmd#531 seq=563 v=0.900 w=-0.741 dt=39.5ms policy_zmq_lag=0.6ms action_age=37.8ms scan_age=37.2ms scan_rx_age=14.7ms odom_age=8.7ms odom_rx_age=8.0ms sensor_skew=28.5ms loop_to_send=5.8ms
[go2:sport] DRY cmd#532 seq=564 v=0.900 w=-0.768 dt=40.0ms policy_zmq_lag=0.6ms action_age=37.8ms scan_age=37.2ms scan_rx_age=14.4ms odom_age=8.6ms odom_rx_age=7.9ms sensor_skew=28.6ms loop_to_send=5.7ms
[go2:sport] DRY cmd#533 seq=565 v=0.900 w=-0.767 dt=40.0ms policy_zmq_lag=0.6ms action_age=37.8ms scan_age=37.3ms scan_rx_age=14.7ms odom_age=8.6ms odom_rx_age=7.9ms sensor_skew=28.6ms loop_to_send=5.7ms
[go2:sport] DRY cmd#534 seq=566 v=0.900 w=-0.725 dt=40.0ms policy_zmq_lag=0.6ms action_age=37.7ms scan_age=37.1ms scan_rx_age=14.4ms odom_age=8.6ms odom_rx_age=7.8ms sensor_skew=28.6ms loop_to_send=5.7ms
[go2:sport] DRY cmd#535 seq=567 v=0.900 w=-0.765 dt=40.0ms policy_zmq_lag=0.6ms action_age=37.7ms scan_age=37.2ms scan_rx_age=14.6ms odom_age=8.7ms odom_rx_age=7.9ms sensor_skew=28.5ms loop_to_send=5.7ms
[go2:sport] DRY cmd#536 seq=568 v=0.900 w=-0.732 dt=40.0ms policy_zmq_lag=0.6ms action_age=37.9ms scan_age=37.3ms scan_rx_age=13.7ms odom_age=8.7ms odom_rx_age=8.0ms sensor_skew=28.6ms loop_to_send=5.7ms
[go2:sport] DRY cmd#537 seq=569 v=0.900 w=-0.745 dt=40.1ms policy_zmq_lag=0.6ms action_age=37.7ms scan_age=37.2ms scan_rx_age=14.6ms odom_age=8.7ms odom_rx_age=7.9ms sensor_skew=28.4ms loop_to_send=5.7ms
[go2:sport] DRY cmd#538 seq=570 v=0.900 w=-0.764 dt=39.9ms policy_zmq_lag=0.6ms action_age=37.7ms scan_age=37.1ms scan_rx_age=13.7ms odom_age=8.7ms odom_rx_age=8.0ms sensor_skew=28.4ms loop_to_send=5.7ms
[go2:sport] DRY cmd#539 seq=571 v=0.900 w=-0.828 dt=40.1ms policy_zmq_lag=0.6ms action_age=38.0ms scan_age=37.4ms scan_rx_age=13.7ms odom_age=8.7ms odom_rx_age=8.0ms sensor_skew=28.6ms loop_to_send=5.7ms
[go2:sport] DRY cmd#540 seq=572 v=0.900 w=-0.765 dt=40.1ms policy_zmq_lag=0.6ms action_age=38.1ms scan_age=37.4ms scan_rx_age=14.8ms odom_age=8.8ms odom_rx_age=8.1ms sensor_skew=28.6ms loop_to_send=5.8ms
[go2:sport] DRY cmd#541 seq=573 v=0.900 w=-0.757 dt=40.0ms policy_zmq_lag=0.7ms action_age=38.0ms scan_age=37.4ms scan_rx_age=14.6ms odom_age=8.6ms odom_rx_age=7.8ms sensor_skew=28.7ms loop_to_send=5.8ms
[go2:sport] DRY cmd#542 seq=574 v=0.900 w=-0.761 dt=39.8ms policy_zmq_lag=0.6ms action_age=37.8ms scan_age=37.2ms scan_rx_age=14.5ms odom_age=8.7ms odom_rx_age=8.0ms sensor_skew=28.5ms loop_to_send=5.7ms
[go2:sport] DRY cmd#543 seq=575 v=0.900 w=-0.764 dt=40.0ms policy_zmq_lag=0.7ms action_age=37.8ms scan_age=37.2ms scan_rx_age=15.0ms odom_age=8.6ms odom_rx_age=7.7ms sensor_skew=28.6ms loop_to_send=5.7ms
[go2:sport] DRY cmd#544 seq=576 v=0.900 w=-0.726 dt=40.0ms policy_zmq_lag=0.7ms action_age=37.9ms scan_age=37.2ms scan_rx_age=14.7ms odom_age=8.7ms odom_rx_age=8.0ms sensor_skew=28.5ms loop_to_send=5.7ms
[go2:sport] DRY cmd#545 seq=577 v=0.900 w=-0.765 dt=40.0ms policy_zmq_lag=0.6ms action_age=37.9ms scan_age=37.3ms scan_rx_age=14.9ms odom_age=8.8ms odom_rx_age=8.0ms sensor_skew=28.5ms loop_to_send=5.7ms
[go2:sport] DRY cmd#546 seq=578 v=0.900 w=-0.799 dt=40.8ms policy_zmq_lag=0.7ms action_age=38.7ms scan_age=38.0ms scan_rx_age=14.4ms odom_age=9.1ms odom_rx_age=7.9ms sensor_skew=28.9ms loop_to_send=6.1ms
[go2:sport] DRY cmd#547 seq=579 v=0.900 w=-0.724 dt=41.6ms policy_zmq_lag=0.6ms action_age=40.2ms scan_age=39.6ms scan_rx_age=15.1ms odom_age=11.3ms odom_rx_age=9.4ms sensor_skew=28.4ms loop_to_send=7.0ms
[go2:sport] DRY cmd#548 seq=580 v=0.900 w=-0.766 dt=38.0ms policy_zmq_lag=0.6ms action_age=38.4ms scan_age=37.8ms scan_rx_age=15.2ms odom_age=9.2ms odom_rx_age=8.3ms sensor_skew=28.6ms loop_to_send=6.2ms
[go2:sport] DRY cmd#549 seq=581 v=0.900 w=-0.734 dt=39.4ms policy_zmq_lag=0.6ms action_age=37.6ms scan_age=37.1ms scan_rx_age=13.3ms odom_age=8.7ms odom_rx_age=7.9ms sensor_skew=28.4ms loop_to_send=5.6ms
[go2:sport] DRY cmd#550 seq=582 v=0.900 w=-0.764 dt=40.0ms policy_zmq_lag=0.6ms action_age=37.6ms scan_age=37.1ms scan_rx_age=14.5ms odom_age=8.7ms odom_rx_age=8.0ms sensor_skew=28.3ms loop_to_send=5.6ms
[go2:sport] DRY cmd#551 seq=583 v=0.900 w=-0.810 dt=40.7ms policy_zmq_lag=0.7ms action_age=38.5ms scan_age=37.8ms scan_rx_age=15.0ms odom_age=9.0ms odom_rx_age=8.1ms sensor_skew=28.9ms loop_to_send=6.2ms
[go2:sport] DRY cmd#552 seq=584 v=0.900 w=-0.746 dt=40.6ms policy_zmq_lag=0.8ms action_age=38.9ms scan_age=38.2ms scan_rx_age=13.1ms odom_age=12.9ms odom_rx_age=11.8ms sensor_skew=25.3ms loop_to_send=6.5ms
[go2:sport] DRY cmd#553 seq=585 v=0.900 w=-0.765 dt=39.5ms policy_zmq_lag=0.6ms action_age=38.5ms scan_age=37.9ms scan_rx_age=13.1ms odom_age=9.3ms odom_rx_age=8.4ms sensor_skew=28.6ms loop_to_send=6.4ms
[go2:sport] DRY cmd#554 seq=586 v=0.900 w=-0.740 dt=39.3ms policy_zmq_lag=0.6ms action_age=37.9ms scan_age=37.3ms scan_rx_age=13.7ms odom_age=8.8ms odom_rx_age=8.1ms sensor_skew=28.5ms loop_to_send=5.7ms
[go2:sport] DRY cmd#555 seq=587 v=0.900 w=-0.763 dt=39.8ms policy_zmq_lag=0.6ms action_age=37.6ms scan_age=37.0ms scan_rx_age=14.6ms odom_age=8.3ms odom_rx_age=7.4ms sensor_skew=28.7ms loop_to_send=5.6ms
[go2:sport] DRY cmd#556 seq=588 v=0.900 w=-0.788 dt=39.9ms policy_zmq_lag=0.6ms action_age=37.6ms scan_age=37.0ms scan_rx_age=14.5ms odom_age=8.6ms odom_rx_age=8.0ms sensor_skew=28.4ms loop_to_send=5.5ms
[go2:sport] DRY cmd#557 seq=589 v=0.900 w=-0.727 dt=40.1ms policy_zmq_lag=0.6ms action_age=37.6ms scan_age=37.0ms scan_rx_age=13.8ms odom_age=8.7ms odom_rx_age=8.0ms sensor_skew=28.3ms loop_to_send=5.6ms
[go2:sport] DRY cmd#558 seq=590 v=0.900 w=-0.763 dt=39.9ms policy_zmq_lag=0.6ms action_age=37.7ms scan_age=37.1ms scan_rx_age=14.7ms odom_age=8.6ms odom_rx_age=7.9ms sensor_skew=28.5ms loop_to_send=5.5ms
[go2:sport] DRY cmd#559 seq=591 v=0.900 w=-0.744 dt=40.1ms policy_zmq_lag=0.6ms action_age=37.7ms scan_age=37.1ms scan_rx_age=14.7ms odom_age=8.8ms odom_rx_age=8.0ms sensor_skew=28.4ms loop_to_send=5.6ms
[go2:sport] DRY cmd#560 seq=592 v=0.900 w=-0.765 dt=40.3ms policy_zmq_lag=0.7ms action_age=38.0ms scan_age=37.3ms scan_rx_age=14.8ms odom_age=8.8ms odom_rx_age=8.0ms sensor_skew=28.5ms loop_to_send=5.8ms
[go2:sport] DRY cmd#561 seq=593 v=0.900 w=-0.763 dt=40.0ms policy_zmq_lag=0.7ms action_age=38.0ms scan_age=37.2ms scan_rx_age=12.5ms odom_age=8.9ms odom_rx_age=8.0ms sensor_skew=28.4ms loop_to_send=5.8ms
[go2:sport] DRY cmd#562 seq=594 v=0.900 w=-0.732 dt=40.4ms policy_zmq_lag=0.6ms action_age=38.4ms scan_age=37.8ms scan_rx_age=15.2ms odom_age=9.4ms odom_rx_age=8.7ms sensor_skew=28.4ms loop_to_send=6.3ms
[go2:sport] DRY cmd#563 seq=595 v=0.900 w=-0.767 dt=39.8ms policy_zmq_lag=0.6ms action_age=38.4ms scan_age=37.8ms scan_rx_age=15.3ms odom_age=8.9ms odom_rx_age=8.0ms sensor_skew=28.8ms loop_to_send=6.2ms
[go2:sport] DRY cmd#564 seq=596 v=0.900 w=-0.743 dt=39.5ms policy_zmq_lag=0.6ms action_age=37.7ms scan_age=37.2ms scan_rx_age=13.9ms odom_age=8.8ms odom_rx_age=8.0ms sensor_skew=28.4ms loop_to_send=5.7ms
[go2:sport] DRY cmd#565 seq=597 v=0.900 w=-0.764 dt=40.0ms policy_zmq_lag=0.6ms action_age=37.8ms scan_age=37.2ms scan_rx_age=13.9ms odom_age=8.9ms odom_rx_age=8.1ms sensor_skew=28.3ms loop_to_send=5.7ms
[go2:sport] DRY cmd#566 seq=598 v=0.900 w=-0.764 dt=40.0ms policy_zmq_lag=0.6ms action_age=37.9ms scan_age=37.3ms scan_rx_age=13.8ms odom_age=8.8ms odom_rx_age=8.1ms sensor_skew=28.5ms loop_to_send=5.7ms
[go2:sport] DRY cmd#567 seq=599 v=0.900 w=-0.735 dt=40.3ms policy_zmq_lag=0.6ms action_age=38.0ms scan_age=37.4ms scan_rx_age=14.2ms odom_age=9.1ms odom_rx_age=8.3ms sensor_skew=28.3ms loop_to_send=5.9ms
[go2:sport] DRY cmd#568 seq=600 v=0.900 w=-0.763 dt=39.7ms policy_zmq_lag=0.6ms action_age=37.7ms scan_age=37.1ms scan_rx_age=14.8ms odom_age=8.7ms odom_rx_age=7.9ms sensor_skew=28.4ms loop_to_send=5.7ms
[go2:sport] DRY cmd#569 seq=601 v=0.900 w=-0.734 dt=40.0ms policy_zmq_lag=0.6ms action_age=37.8ms scan_age=37.3ms scan_rx_age=13.7ms odom_age=8.8ms odom_rx_age=8.1ms sensor_skew=28.4ms loop_to_send=5.7ms
[go2:sport] DRY cmd#570 seq=602 v=0.900 w=-0.805 dt=39.9ms policy_zmq_lag=0.5ms action_age=37.6ms scan_age=37.0ms scan_rx_age=14.6ms odom_age=8.8ms odom_rx_age=8.1ms sensor_skew=28.2ms loop_to_send=5.6ms
[go2:sport] DRY cmd#571 seq=603 v=0.900 w=-0.765 dt=40.3ms policy_zmq_lag=0.6ms action_age=38.0ms scan_age=37.3ms scan_rx_age=14.7ms odom_age=9.0ms odom_rx_age=8.2ms sensor_skew=28.4ms loop_to_send=5.8ms
[go2:sport] DRY cmd#572 seq=604 v=0.900 w=-0.797 dt=39.7ms policy_zmq_lag=0.6ms action_age=37.7ms scan_age=37.2ms scan_rx_age=14.6ms odom_age=8.8ms odom_rx_age=8.0ms sensor_skew=28.4ms loop_to_send=5.7ms
[go2:sport] DRY cmd#573 seq=605 v=0.900 w=-0.763 dt=40.0ms policy_zmq_lag=0.6ms action_age=37.8ms scan_age=37.2ms scan_rx_age=14.8ms odom_age=8.8ms odom_rx_age=8.1ms sensor_skew=28.4ms loop_to_send=5.6ms
[go2:sport] DRY cmd#574 seq=606 v=0.900 w=-0.735 dt=39.9ms policy_zmq_lag=0.6ms action_age=37.7ms scan_age=37.1ms scan_rx_age=13.5ms odom_age=8.7ms odom_rx_age=8.0ms sensor_skew=28.4ms loop_to_send=5.6ms
[go2:sport] DRY cmd#575 seq=607 v=0.900 w=-0.817 dt=40.4ms policy_zmq_lag=0.6ms action_age=38.0ms scan_age=37.4ms scan_rx_age=14.6ms odom_age=9.0ms odom_rx_age=8.1ms sensor_skew=28.4ms loop_to_send=5.9ms
[go2:sport] DRY cmd#576 seq=608 v=0.900 w=-0.764 dt=40.3ms policy_zmq_lag=0.6ms action_age=38.2ms scan_age=37.6ms scan_rx_age=14.3ms odom_age=9.3ms odom_rx_age=8.6ms sensor_skew=28.3ms loop_to_send=6.2ms
[go2:sport] DRY cmd#577 seq=609 v=0.900 w=-0.734 dt=40.9ms policy_zmq_lag=0.6ms action_age=39.1ms scan_age=38.5ms scan_rx_age=15.2ms odom_age=10.1ms odom_rx_age=9.3ms sensor_skew=28.4ms loop_to_send=7.0ms
[go2:sport] DRY cmd#578 seq=610 v=0.900 w=-0.762 dt=40.1ms policy_zmq_lag=0.6ms action_age=39.3ms scan_age=38.6ms scan_rx_age=15.1ms odom_age=10.3ms odom_rx_age=9.5ms sensor_skew=28.4ms loop_to_send=7.1ms
[go2:sport] DRY cmd#579 seq=611 v=0.900 w=-0.749 dt=38.6ms policy_zmq_lag=0.6ms action_age=37.8ms scan_age=37.2ms scan_rx_age=13.9ms odom_age=8.9ms odom_rx_age=7.9ms sensor_skew=28.4ms loop_to_send=5.8ms
[go2:sport] DRY cmd#580 seq=612 v=0.900 w=-0.802 dt=40.0ms policy_zmq_lag=0.6ms action_age=37.9ms scan_age=37.3ms scan_rx_age=13.8ms odom_age=8.8ms odom_rx_age=7.9ms sensor_skew=28.5ms loop_to_send=5.7ms
[go2:sport] DRY cmd#581 seq=613 v=0.900 w=-0.763 dt=39.9ms policy_zmq_lag=0.6ms action_age=37.8ms scan_age=37.2ms scan_rx_age=13.8ms odom_age=8.8ms odom_rx_age=8.1ms sensor_skew=28.4ms loop_to_send=5.7ms
[go2:sport] DRY cmd#582 seq=614 v=0.900 w=-0.725 dt=40.5ms policy_zmq_lag=0.6ms action_age=38.2ms scan_age=37.6ms scan_rx_age=14.4ms odom_age=9.3ms odom_rx_age=8.1ms sensor_skew=28.3ms loop_to_send=6.2ms
[go2:sport] DRY cmd#583 seq=615 v=0.900 w=-0.762 dt=39.7ms policy_zmq_lag=0.6ms action_age=37.8ms scan_age=37.2ms scan_rx_age=12.7ms odom_age=9.0ms odom_rx_age=8.1ms sensor_skew=28.2ms loop_to_send=5.9ms
[go2:sport] DRY cmd#584 seq=616 v=0.900 w=-0.756 dt=39.6ms policy_zmq_lag=0.5ms action_age=37.6ms scan_age=37.0ms scan_rx_age=13.9ms odom_age=8.8ms odom_rx_age=8.0ms sensor_skew=28.3ms loop_to_send=5.6ms
[go2:sport] DRY cmd#585 seq=617 v=0.900 w=-0.750 dt=40.0ms policy_zmq_lag=0.5ms action_age=37.6ms scan_age=37.1ms scan_rx_age=13.7ms odom_age=8.8ms odom_rx_age=8.1ms sensor_skew=28.2ms loop_to_send=5.6ms
[go2:sport] DRY cmd#586 seq=618 v=0.900 w=-0.765 dt=40.0ms policy_zmq_lag=0.5ms action_age=37.6ms scan_age=37.1ms scan_rx_age=14.0ms odom_age=8.9ms odom_rx_age=8.1ms sensor_skew=28.2ms loop_to_send=5.6ms
[go2:sport] DRY cmd#587 seq=619 v=0.900 w=-0.735 dt=40.4ms policy_zmq_lag=0.6ms action_age=38.0ms scan_age=37.4ms scan_rx_age=13.9ms odom_age=9.1ms odom_rx_age=8.2ms sensor_skew=28.3ms loop_to_send=5.9ms
[go2:sport] DRY cmd#588 seq=620 v=0.900 w=-0.762 dt=39.6ms policy_zmq_lag=0.6ms action_age=37.7ms scan_age=37.2ms scan_rx_age=14.6ms odom_age=8.8ms odom_rx_age=8.1ms sensor_skew=28.4ms loop_to_send=5.6ms
[go2:sport] DRY cmd#589 seq=621 v=0.900 w=-0.739 dt=39.9ms policy_zmq_lag=0.5ms action_age=37.5ms scan_age=37.0ms scan_rx_age=13.9ms odom_age=8.7ms odom_rx_age=8.0ms sensor_skew=28.3ms loop_to_send=5.5ms
[go2:sport] DRY cmd#590 seq=622 v=0.900 w=-0.740 dt=40.2ms policy_zmq_lag=0.6ms action_age=37.7ms scan_age=37.1ms scan_rx_age=13.9ms odom_age=8.9ms odom_rx_age=8.1ms sensor_skew=28.2ms loop_to_send=5.7ms
[go2:sport] DRY cmd#591 seq=623 v=0.900 w=-0.762 dt=42.6ms policy_zmq_lag=0.6ms action_age=40.2ms scan_age=39.7ms scan_rx_age=16.6ms odom_age=11.5ms odom_rx_age=10.7ms sensor_skew=28.2ms loop_to_send=7.9ms
[go2:sport] DRY cmd#592 seq=624 v=0.900 w=-0.738 dt=37.4ms policy_zmq_lag=0.6ms action_age=37.8ms scan_age=37.2ms scan_rx_age=14.1ms odom_age=8.9ms odom_rx_age=8.2ms sensor_skew=28.3ms loop_to_send=5.7ms
[go2:sport] DRY cmd#593 seq=625 v=0.900 w=-0.764 dt=40.9ms policy_zmq_lag=0.7ms action_age=38.6ms scan_age=38.0ms scan_rx_age=15.4ms odom_age=9.7ms odom_rx_age=8.7ms sensor_skew=28.3ms loop_to_send=6.5ms
[go2:sport] DRY cmd#594 seq=626 v=0.900 w=-0.766 dt=40.2ms policy_zmq_lag=0.6ms action_age=38.8ms scan_age=38.2ms scan_rx_age=14.7ms odom_age=10.0ms odom_rx_age=9.1ms sensor_skew=28.3ms loop_to_send=6.7ms
[go2:sport] DRY cmd#595 seq=627 v=0.900 w=-0.790 dt=39.1ms policy_zmq_lag=0.6ms action_age=37.9ms scan_age=37.3ms scan_rx_age=14.6ms odom_age=9.1ms odom_rx_age=8.2ms sensor_skew=28.3ms loop_to_send=5.9ms
[go2:sport] DRY cmd#596 seq=628 v=0.900 w=-0.761 dt=39.6ms policy_zmq_lag=0.5ms action_age=37.6ms scan_age=37.1ms scan_rx_age=14.8ms odom_age=8.8ms odom_rx_age=8.0ms sensor_skew=28.3ms loop_to_send=5.6ms
[go2:sport] DRY cmd#597 seq=629 v=0.900 w=-0.742 dt=40.0ms policy_zmq_lag=0.5ms action_age=37.7ms scan_age=37.1ms scan_rx_age=14.1ms odom_age=8.8ms odom_rx_age=8.1ms sensor_skew=28.3ms loop_to_send=5.6ms
[go2:sport] DRY cmd#598 seq=630 v=0.900 w=-0.764 dt=40.0ms policy_zmq_lag=0.5ms action_age=37.6ms scan_age=37.0ms scan_rx_age=13.9ms odom_age=8.7ms odom_rx_age=7.9ms sensor_skew=28.4ms loop_to_send=5.6ms
[go2:sport] DRY cmd#599 seq=631 v=0.900 w=-0.789 dt=40.0ms policy_zmq_lag=0.5ms action_age=37.5ms scan_age=36.9ms scan_rx_age=13.9ms odom_age=8.8ms odom_rx_age=8.0ms sensor_skew=28.2ms loop_to_send=5.5ms
[go2:sport] DRY cmd#600 seq=632 v=0.900 w=-0.731 dt=40.1ms policy_zmq_lag=0.6ms action_age=37.6ms scan_age=37.0ms scan_rx_age=13.9ms odom_age=8.8ms odom_rx_age=8.1ms sensor_skew=28.2ms loop_to_send=5.6ms
[go2:sport] DRY cmd#601 seq=633 v=0.900 w=-0.763 dt=40.0ms policy_zmq_lag=0.6ms action_age=37.6ms scan_age=37.1ms scan_rx_age=13.9ms odom_age=8.9ms odom_rx_age=8.1ms sensor_skew=28.2ms loop_to_send=5.6ms
[go2:sport] DRY cmd#602 seq=634 v=0.900 w=-0.734 dt=39.9ms policy_zmq_lag=0.5ms action_age=37.6ms scan_age=37.1ms scan_rx_age=13.8ms odom_age=8.9ms odom_rx_age=8.2ms sensor_skew=28.2ms loop_to_send=5.6ms
[go2:sport] DRY cmd#603 seq=635 v=0.900 w=-0.764 dt=40.4ms policy_zmq_lag=0.6ms action_age=37.9ms scan_age=37.3ms scan_rx_age=13.1ms odom_age=9.1ms odom_rx_age=8.3ms sensor_skew=28.2ms loop_to_send=5.9ms
[go2:sport] DRY cmd#604 seq=636 v=0.900 w=-0.762 dt=40.6ms policy_zmq_lag=0.6ms action_age=38.6ms scan_age=38.0ms scan_rx_age=14.6ms odom_age=9.7ms odom_rx_age=8.9ms sensor_skew=28.3ms loop_to_send=6.5ms
[go2:sport] DRY cmd#605 seq=637 v=0.900 w=-0.732 dt=39.9ms policy_zmq_lag=0.6ms action_age=38.4ms scan_age=37.7ms scan_rx_age=14.4ms odom_age=9.6ms odom_rx_age=8.7ms sensor_skew=28.1ms loop_to_send=6.4ms
[go2:sport] DRY cmd#606 seq=638 v=0.900 w=-0.767 dt=40.5ms policy_zmq_lag=0.6ms action_age=39.0ms scan_age=38.4ms scan_rx_age=14.8ms odom_age=10.1ms odom_rx_age=8.9ms sensor_skew=28.3ms loop_to_send=6.8ms
[go2:sport] DRY cmd#607 seq=639 v=0.900 w=-0.732 dt=38.8ms policy_zmq_lag=0.6ms action_age=37.7ms scan_age=37.1ms scan_rx_age=13.8ms odom_age=9.0ms odom_rx_age=8.3ms sensor_skew=28.1ms loop_to_send=5.7ms
[go2:sport] DRY cmd#608 seq=640 v=0.900 w=-0.762 dt=40.2ms policy_zmq_lag=0.7ms action_age=38.0ms scan_age=37.3ms scan_rx_age=13.9ms odom_age=9.0ms odom_rx_age=8.3ms sensor_skew=28.3ms loop_to_send=5.8ms
[go2:sport] DRY cmd#609 seq=641 v=0.900 w=-0.765 dt=39.7ms policy_zmq_lag=0.6ms action_age=37.6ms scan_age=37.0ms scan_rx_age=13.7ms odom_age=8.8ms odom_rx_age=8.1ms sensor_skew=28.2ms loop_to_send=5.6ms
[go2:sport] DRY cmd#610 seq=642 v=0.900 w=-0.735 dt=40.2ms policy_zmq_lag=0.6ms action_age=37.8ms scan_age=37.2ms scan_rx_age=13.8ms odom_age=9.0ms odom_rx_age=8.3ms sensor_skew=28.2ms loop_to_send=5.7ms
[go2:sport] DRY cmd#611 seq=643 v=0.900 w=-0.763 dt=40.2ms policy_zmq_lag=0.7ms action_age=38.0ms scan_age=37.3ms scan_rx_age=14.1ms odom_age=9.1ms odom_rx_age=8.2ms sensor_skew=28.2ms loop_to_send=5.8ms
[go2:sport] DRY cmd#612 seq=644 v=0.900 w=-0.734 dt=40.1ms policy_zmq_lag=0.5ms action_age=38.2ms scan_age=37.6ms scan_rx_age=13.7ms odom_age=9.4ms odom_rx_age=8.6ms sensor_skew=28.2ms loop_to_send=5.8ms
[go2:sport] DRY cmd#613 seq=645 v=0.900 w=-0.764 dt=39.6ms policy_zmq_lag=0.5ms action_age=37.6ms scan_age=37.1ms scan_rx_age=13.9ms odom_age=8.9ms odom_rx_age=8.2ms sensor_skew=28.2ms loop_to_send=5.7ms
[go2:sport] DRY cmd#614 seq=646 v=0.900 w=-0.766 dt=40.1ms policy_zmq_lag=0.5ms action_age=37.8ms scan_age=37.3ms scan_rx_age=14.0ms odom_age=8.9ms odom_rx_age=8.1ms sensor_skew=28.4ms loop_to_send=5.7ms
[go2:sport] DRY cmd#615 seq=647 v=0.900 w=-0.729 dt=40.0ms policy_zmq_lag=0.5ms action_age=37.7ms scan_age=37.2ms scan_rx_age=13.4ms odom_age=8.9ms odom_rx_age=8.1ms sensor_skew=28.3ms loop_to_send=5.7ms
[go2:sport] DRY cmd#616 seq=648 v=0.900 w=-0.763 dt=40.1ms policy_zmq_lag=0.6ms action_age=37.7ms scan_age=37.1ms scan_rx_age=14.0ms odom_age=8.8ms odom_rx_age=8.0ms sensor_skew=28.3ms loop_to_send=5.7ms
[go2:sport] DRY cmd#617 seq=649 v=0.900 w=-0.724 dt=40.5ms policy_zmq_lag=0.7ms action_age=38.2ms scan_age=37.5ms scan_rx_age=13.3ms odom_age=9.4ms odom_rx_age=8.6ms sensor_skew=28.1ms loop_to_send=6.1ms
[go2:sport] DRY cmd#618 seq=650 v=0.900 w=-0.811 dt=39.7ms policy_zmq_lag=0.6ms action_age=38.0ms scan_age=37.4ms scan_rx_age=14.2ms odom_age=9.2ms odom_rx_age=8.4ms sensor_skew=28.3ms loop_to_send=5.9ms
[go2:sport] DRY cmd#619 seq=651 v=0.900 w=-0.765 dt=39.9ms policy_zmq_lag=0.6ms action_age=37.9ms scan_age=37.2ms scan_rx_age=12.7ms odom_age=9.0ms odom_rx_age=8.2ms sensor_skew=28.2ms loop_to_send=5.8ms
[go2:sport] DRY cmd#620 seq=652 v=0.900 w=-0.740 dt=39.7ms policy_zmq_lag=0.6ms action_age=37.5ms scan_age=36.9ms scan_rx_age=12.4ms odom_age=15.3ms odom_rx_age=14.5ms sensor_skew=21.5ms loop_to_send=5.5ms
[go2:sport] DRY cmd#621 seq=653 v=0.900 w=-0.765 dt=40.2ms policy_zmq_lag=0.6ms action_age=37.8ms scan_age=37.2ms scan_rx_age=13.0ms odom_age=8.9ms odom_rx_age=8.1ms sensor_skew=28.2ms loop_to_send=5.7ms
[go2:sport] DRY cmd#622 seq=654 v=0.900 w=-0.789 dt=40.0ms policy_zmq_lag=0.6ms action_age=37.6ms scan_age=37.0ms scan_rx_age=12.0ms odom_age=8.9ms odom_rx_age=8.1ms sensor_skew=28.1ms loop_to_send=5.6ms
[go2:sport] DRY cmd#623 seq=655 v=0.900 w=-0.796 dt=40.0ms policy_zmq_lag=0.6ms action_age=37.7ms scan_age=37.1ms scan_rx_age=12.5ms odom_age=8.9ms odom_rx_age=8.1ms sensor_skew=28.2ms loop_to_send=5.7ms
[go2:sport] DRY cmd#624 seq=656 v=0.900 w=-0.765 dt=39.9ms policy_zmq_lag=0.6ms action_age=37.6ms scan_age=37.0ms scan_rx_age=12.7ms odom_age=8.9ms odom_rx_age=8.1ms sensor_skew=28.0ms loop_to_send=5.6ms
[go2:sport] DRY cmd#625 seq=657 v=0.900 w=-0.728 dt=40.2ms policy_zmq_lag=0.6ms action_age=37.7ms scan_age=37.1ms scan_rx_age=14.0ms odom_age=9.0ms odom_rx_age=8.2ms sensor_skew=28.1ms loop_to_send=5.7ms
[go2:sport] DRY cmd#626 seq=658 v=0.900 w=-0.763 dt=40.2ms policy_zmq_lag=0.6ms action_age=37.9ms scan_age=37.3ms scan_rx_age=14.4ms odom_age=9.2ms odom_rx_age=8.4ms sensor_skew=28.1ms loop_to_send=5.9ms
[go2:sport] DRY cmd#627 seq=659 v=0.900 w=-0.746 dt=39.8ms policy_zmq_lag=0.6ms action_age=37.7ms scan_age=37.1ms scan_rx_age=14.0ms odom_age=9.0ms odom_rx_age=8.2ms sensor_skew=28.1ms loop_to_send=5.7ms
[go2:sport] DRY cmd#628 seq=660 v=0.900 w=-0.766 dt=40.0ms policy_zmq_lag=0.6ms action_age=37.7ms scan_age=37.1ms scan_rx_age=14.1ms odom_age=9.0ms odom_rx_age=8.2ms sensor_skew=28.1ms loop_to_send=5.7ms
[go2:sport] DRY cmd#629 seq=661 v=0.900 w=-0.766 dt=40.1ms policy_zmq_lag=0.6ms action_age=37.8ms scan_age=37.2ms scan_rx_age=14.0ms odom_age=9.0ms odom_rx_age=8.2ms sensor_skew=28.2ms loop_to_send=5.8ms
[go2:sport] DRY cmd#630 seq=662 v=0.900 w=-0.740 dt=40.1ms policy_zmq_lag=0.6ms action_age=37.9ms scan_age=37.3ms scan_rx_age=14.2ms odom_age=9.1ms odom_rx_age=8.4ms sensor_skew=28.1ms loop_to_send=5.9ms
[go2:sport] DRY cmd#631 seq=663 v=0.900 w=-0.766 dt=40.4ms policy_zmq_lag=0.6ms action_age=38.2ms scan_age=37.6ms scan_rx_age=14.5ms odom_age=9.6ms odom_rx_age=8.8ms sensor_skew=28.0ms loop_to_send=6.2ms
[go2:sport] DRY cmd#632 seq=664 v=0.900 w=-0.749 dt=40.2ms policy_zmq_lag=0.7ms action_age=38.6ms scan_age=37.9ms scan_rx_age=14.3ms odom_age=9.7ms odom_rx_age=8.9ms sensor_skew=28.2ms loop_to_send=6.3ms
[go2:sport] DRY cmd#633 seq=665 v=0.900 w=-0.792 dt=39.6ms policy_zmq_lag=0.5ms action_age=38.0ms scan_age=37.4ms scan_rx_age=14.4ms odom_age=9.3ms odom_rx_age=8.5ms sensor_skew=28.1ms loop_to_send=6.1ms
[go2:sport] DRY cmd#634 seq=666 v=0.900 w=-0.764 dt=39.5ms policy_zmq_lag=0.5ms action_age=37.5ms scan_age=37.0ms scan_rx_age=13.7ms odom_age=8.8ms odom_rx_age=8.0ms sensor_skew=28.2ms loop_to_send=5.5ms
[go2:sport] DRY cmd#635 seq=667 v=0.900 w=-0.735 dt=40.1ms policy_zmq_lag=0.5ms action_age=37.6ms scan_age=37.1ms scan_rx_age=13.5ms odom_age=9.0ms odom_rx_age=8.2ms sensor_skew=28.1ms loop_to_send=5.7ms
[go2:sport] DRY cmd#636 seq=668 v=0.900 w=-0.764 dt=39.9ms policy_zmq_lag=0.5ms action_age=37.6ms scan_age=37.1ms scan_rx_age=13.8ms odom_age=9.0ms odom_rx_age=8.2ms sensor_skew=28.1ms loop_to_send=5.6ms
[go2:sport] DRY cmd#637 seq=669 v=0.900 w=-0.770 dt=40.4ms policy_zmq_lag=0.8ms action_age=37.9ms scan_age=37.1ms scan_rx_age=13.3ms odom_age=9.1ms odom_rx_age=8.3ms sensor_skew=28.0ms loop_to_send=5.8ms
[go2:sport] DRY cmd#638 seq=670 v=0.900 w=-0.740 dt=40.2ms policy_zmq_lag=0.6ms action_age=38.1ms scan_age=37.5ms scan_rx_age=12.9ms odom_age=9.6ms odom_rx_age=8.6ms sensor_skew=27.9ms loop_to_send=6.1ms
[go2:sport] DRY cmd#639 seq=671 v=0.900 w=-0.764 dt=40.8ms policy_zmq_lag=0.5ms action_age=38.9ms scan_age=38.4ms scan_rx_age=15.2ms odom_age=9.6ms odom_rx_age=8.9ms sensor_skew=28.8ms loop_to_send=7.0ms
[go2:sport] DRY cmd#640 seq=672 v=0.900 w=-0.735 dt=38.9ms policy_zmq_lag=0.6ms action_age=37.8ms scan_age=37.2ms scan_rx_age=12.4ms odom_age=9.2ms odom_rx_age=8.4ms sensor_skew=28.0ms loop_to_send=5.8ms
[go2:sport] DRY cmd#641 seq=673 v=0.900 w=-0.763 dt=40.5ms policy_zmq_lag=0.7ms action_age=38.3ms scan_age=37.6ms scan_rx_age=15.0ms odom_age=9.4ms odom_rx_age=8.3ms sensor_skew=28.2ms loop_to_send=5.9ms
[go2:sport] DRY cmd#642 seq=674 v=0.900 w=-0.793 dt=39.6ms policy_zmq_lag=0.6ms action_age=37.9ms scan_age=37.3ms scan_rx_age=12.6ms odom_age=9.3ms odom_rx_age=8.4ms sensor_skew=28.0ms loop_to_send=5.9ms
[go2:sport] DRY cmd#643 seq=675 v=0.900 w=-0.727 dt=40.0ms policy_zmq_lag=0.7ms action_age=37.9ms scan_age=37.3ms scan_rx_age=13.9ms odom_age=9.2ms odom_rx_age=8.4ms sensor_skew=28.0ms loop_to_send=5.9ms
[go2:sport] DRY cmd#644 seq=676 v=0.900 w=-0.765 dt=40.1ms policy_zmq_lag=0.7ms action_age=38.0ms scan_age=37.2ms scan_rx_age=13.2ms odom_age=9.1ms odom_rx_age=8.2ms sensor_skew=28.1ms loop_to_send=5.9ms
[go2:sport] DRY cmd#645 seq=677 v=0.900 w=-0.738 dt=39.8ms policy_zmq_lag=0.7ms action_age=37.7ms scan_age=37.0ms scan_rx_age=12.3ms odom_age=9.1ms odom_rx_age=8.2ms sensor_skew=27.9ms loop_to_send=5.7ms
[go2:sport] DRY cmd#646 seq=678 v=0.900 w=-0.763 dt=40.9ms policy_zmq_lag=0.6ms action_age=38.6ms scan_age=38.0ms scan_rx_age=14.8ms odom_age=10.1ms odom_rx_age=9.3ms sensor_skew=27.9ms loop_to_send=6.8ms
[go2:sport] DRY cmd#647 seq=679 v=0.900 w=-0.769 dt=39.1ms policy_zmq_lag=0.6ms action_age=37.9ms scan_age=37.3ms scan_rx_age=14.0ms odom_age=9.2ms odom_rx_age=8.5ms sensor_skew=28.0ms loop_to_send=5.8ms
[go2:sport] DRY cmd#648 seq=680 v=0.900 w=-0.735 dt=39.9ms policy_zmq_lag=0.6ms action_age=37.5ms scan_age=36.9ms scan_rx_age=13.9ms odom_age=9.1ms odom_rx_age=8.4ms sensor_skew=27.8ms loop_to_send=5.7ms
[go2:sport] DRY cmd#649 seq=681 v=0.900 w=-0.764 dt=40.0ms policy_zmq_lag=0.6ms action_age=37.7ms scan_age=37.1ms scan_rx_age=14.0ms odom_age=9.0ms odom_rx_age=8.3ms sensor_skew=28.1ms loop_to_send=5.7ms
[go2:sport] DRY cmd#650 seq=682 v=0.900 w=-0.727 dt=40.0ms policy_zmq_lag=0.5ms action_age=37.7ms scan_age=37.1ms scan_rx_age=14.0ms odom_age=9.1ms odom_rx_age=8.4ms sensor_skew=28.0ms loop_to_send=5.7ms
[go2:sport] DRY cmd#651 seq=683 v=0.900 w=-0.766 dt=40.1ms policy_zmq_lag=0.6ms action_age=37.8ms scan_age=37.3ms scan_rx_age=14.0ms odom_age=9.0ms odom_rx_age=8.2ms sensor_skew=28.3ms loop_to_send=5.8ms
[go2:sport] DRY cmd#652 seq=684 v=0.900 w=-0.789 dt=40.3ms policy_zmq_lag=0.6ms action_age=38.1ms scan_age=37.5ms scan_rx_age=12.6ms odom_age=9.4ms odom_rx_age=8.6ms sensor_skew=28.1ms loop_to_send=6.1ms
[go2:sport] DRY cmd#653 seq=685 v=0.900 w=-0.745 dt=39.6ms policy_zmq_lag=0.6ms action_age=37.8ms scan_age=37.2ms scan_rx_age=13.8ms odom_age=9.1ms odom_rx_age=8.4ms sensor_skew=28.1ms loop_to_send=5.7ms
[go2:sport] DRY cmd#654 seq=686 v=0.900 w=-0.765 dt=39.9ms policy_zmq_lag=0.6ms action_age=37.6ms scan_age=37.0ms scan_rx_age=14.0ms odom_age=9.1ms odom_rx_age=8.3ms sensor_skew=27.9ms loop_to_send=5.7ms
[go2:sport] DRY cmd#655 seq=687 v=0.900 w=-0.744 dt=40.0ms policy_zmq_lag=0.6ms action_age=37.6ms scan_age=37.1ms scan_rx_age=13.6ms odom_age=9.1ms odom_rx_age=8.3ms sensor_skew=28.0ms loop_to_send=5.8ms
[go2:sport] DRY cmd#656 seq=688 v=0.900 w=-0.763 dt=39.9ms policy_zmq_lag=0.5ms action_age=37.5ms scan_age=37.0ms scan_rx_age=14.2ms odom_age=8.8ms odom_rx_age=7.9ms sensor_skew=28.2ms loop_to_send=5.6ms
[go2:sport] DRY cmd#657 seq=689 v=0.900 w=-0.763 dt=40.0ms policy_zmq_lag=0.5ms action_age=37.5ms scan_age=37.0ms scan_rx_age=14.3ms odom_age=9.0ms odom_rx_age=8.3ms sensor_skew=27.9ms loop_to_send=5.6ms
[go2:sport] DRY cmd#658 seq=690 v=0.900 w=-0.730 dt=40.1ms policy_zmq_lag=0.5ms action_age=37.6ms scan_age=37.1ms scan_rx_age=14.2ms odom_age=9.1ms odom_rx_age=8.3ms sensor_skew=28.0ms loop_to_send=5.6ms
[go2:sport] DRY cmd#659 seq=691 v=0.900 w=-0.763 dt=39.9ms policy_zmq_lag=0.5ms action_age=37.6ms scan_age=37.0ms scan_rx_age=14.2ms odom_age=9.0ms odom_rx_age=8.3ms sensor_skew=28.0ms loop_to_send=5.6ms
[go2:sport] DRY cmd#660 seq=692 v=0.900 w=-0.731 dt=40.1ms policy_zmq_lag=0.5ms action_age=37.6ms scan_age=37.0ms scan_rx_age=14.4ms odom_age=9.1ms odom_rx_age=8.4ms sensor_skew=27.9ms loop_to_send=5.7ms
[go2:sport] DRY cmd#661 seq=693 v=0.900 w=-0.763 dt=40.0ms policy_zmq_lag=0.5ms action_age=37.6ms scan_age=37.0ms scan_rx_age=14.3ms odom_age=9.0ms odom_rx_age=8.3ms sensor_skew=28.0ms loop_to_send=5.7ms
[go2:sport] DRY cmd#662 seq=694 v=0.900 w=-0.764 dt=39.9ms policy_zmq_lag=0.5ms action_age=37.5ms scan_age=37.0ms scan_rx_age=14.3ms odom_age=8.8ms odom_rx_age=8.0ms sensor_skew=28.1ms loop_to_send=5.5ms
[go2:sport] DRY cmd#663 seq=695 v=0.900 w=-0.815 dt=40.1ms policy_zmq_lag=0.5ms action_age=37.5ms scan_age=37.0ms scan_rx_age=14.3ms odom_age=9.1ms odom_rx_age=8.3ms sensor_skew=27.9ms loop_to_send=5.7ms
[go2:sport] DRY cmd#664 seq=696 v=0.900 w=-0.762 dt=40.0ms policy_zmq_lag=0.5ms action_age=37.6ms scan_age=37.0ms scan_rx_age=14.3ms odom_age=9.1ms odom_rx_age=7.6ms sensor_skew=27.9ms loop_to_send=5.6ms
[go2:sport] DRY cmd#665 seq=697 v=0.900 w=-0.739 dt=40.0ms policy_zmq_lag=0.5ms action_age=37.5ms scan_age=36.9ms scan_rx_age=14.2ms odom_age=9.1ms odom_rx_age=8.4ms sensor_skew=27.8ms loop_to_send=5.6ms
[go2:sport] DRY cmd#666 seq=698 v=0.900 w=-0.763 dt=39.9ms policy_zmq_lag=0.5ms action_age=37.4ms scan_age=36.9ms scan_rx_age=14.0ms odom_age=9.0ms odom_rx_age=8.1ms sensor_skew=27.9ms loop_to_send=5.6ms
[go2:sport] DRY cmd#667 seq=699 v=0.900 w=-0.764 dt=40.0ms policy_zmq_lag=0.5ms action_age=37.5ms scan_age=37.0ms scan_rx_age=14.3ms odom_age=9.1ms odom_rx_age=8.3ms sensor_skew=27.9ms loop_to_send=5.6ms
[go2:sport] DRY cmd#668 seq=700 v=0.900 w=-0.724 dt=40.4ms policy_zmq_lag=0.6ms action_age=37.9ms scan_age=37.4ms scan_rx_age=14.5ms odom_age=9.2ms odom_rx_age=8.4ms sensor_skew=28.2ms loop_to_send=5.9ms
[go2:sport] DRY cmd#669 seq=701 v=0.900 w=-0.763 dt=39.9ms policy_zmq_lag=0.6ms action_age=37.7ms scan_age=37.1ms scan_rx_age=13.0ms odom_age=9.2ms odom_rx_age=8.4ms sensor_skew=27.9ms loop_to_send=5.8ms
[go2:sport] DRY cmd#670 seq=702 v=0.900 w=-0.740 dt=39.8ms policy_zmq_lag=0.5ms action_age=37.5ms scan_age=37.0ms scan_rx_age=14.2ms odom_age=9.1ms odom_rx_age=8.3ms sensor_skew=27.9ms loop_to_send=5.6ms
[go2:sport] DRY cmd#671 seq=703 v=0.900 w=-0.804 dt=39.9ms policy_zmq_lag=0.5ms action_age=37.5ms scan_age=37.0ms scan_rx_age=14.3ms odom_age=9.0ms odom_rx_age=8.2ms sensor_skew=28.0ms loop_to_send=5.6ms
[go2:sport] DRY cmd#672 seq=704 v=0.900 w=-0.762 dt=40.1ms policy_zmq_lag=0.5ms action_age=37.5ms scan_age=37.0ms scan_rx_age=14.4ms odom_age=9.1ms odom_rx_age=8.3ms sensor_skew=27.9ms loop_to_send=5.6ms
[go2:sport] DRY cmd#673 seq=705 v=0.900 w=-0.738 dt=40.5ms policy_zmq_lag=0.7ms action_age=38.0ms scan_age=37.3ms scan_rx_age=14.0ms odom_age=9.1ms odom_rx_age=7.8ms sensor_skew=28.2ms loop_to_send=5.9ms
[go2:sport] DRY cmd#674 seq=706 v=0.900 w=-0.763 dt=39.9ms policy_zmq_lag=0.7ms action_age=38.0ms scan_age=37.3ms scan_rx_age=13.0ms odom_age=9.2ms odom_rx_age=8.4ms sensor_skew=28.1ms loop_to_send=5.8ms
[go2:sport] DRY cmd#675 seq=707 v=0.900 w=-0.734 dt=40.0ms policy_zmq_lag=0.7ms action_age=37.9ms scan_age=37.2ms scan_rx_age=12.3ms odom_age=9.4ms odom_rx_age=8.5ms sensor_skew=27.8ms loop_to_send=5.8ms
[go2:sport] DRY cmd#676 seq=708 v=0.900 w=-0.789 dt=45.0ms policy_zmq_lag=1.6ms action_age=43.0ms scan_age=41.4ms scan_rx_age=18.5ms odom_age=13.5ms odom_rx_age=12.7ms sensor_skew=27.9ms loop_to_send=9.5ms
[go2:sport] DRY cmd#677 seq=709 v=0.900 w=-0.765 dt=35.3ms policy_zmq_lag=0.6ms action_age=38.3ms scan_age=37.7ms scan_rx_age=14.3ms odom_age=9.7ms odom_rx_age=8.7ms sensor_skew=28.0ms loop_to_send=6.2ms
[go2:sport] DRY cmd#678 seq=710 v=0.900 w=-0.734 dt=39.9ms policy_zmq_lag=0.6ms action_age=38.1ms scan_age=37.5ms scan_rx_age=14.1ms odom_age=9.6ms odom_rx_age=8.7ms sensor_skew=27.9ms loop_to_send=6.1ms
[go2:sport] DRY cmd#679 seq=711 v=0.900 w=-0.761 dt=41.6ms policy_zmq_lag=0.7ms action_age=39.8ms scan_age=39.1ms scan_rx_age=15.1ms odom_age=11.0ms odom_rx_age=9.9ms sensor_skew=28.2ms loop_to_send=7.5ms
[go2:sport] DRY cmd#680 seq=712 v=0.900 w=-0.742 dt=38.9ms policy_zmq_lag=0.6ms action_age=38.7ms scan_age=38.1ms scan_rx_age=14.4ms odom_age=9.9ms odom_rx_age=8.3ms sensor_skew=28.2ms loop_to_send=6.6ms
[go2:sport] DRY cmd#681 seq=713 v=0.900 w=-0.771 dt=40.5ms policy_zmq_lag=0.6ms action_age=39.1ms scan_age=38.4ms scan_rx_age=14.9ms odom_age=10.5ms odom_rx_age=9.4ms sensor_skew=28.0ms loop_to_send=7.1ms
[go2:sport] DRY cmd#682 seq=714 v=0.900 w=-0.764 dt=40.1ms policy_zmq_lag=0.7ms action_age=39.2ms scan_age=38.5ms scan_rx_age=14.7ms odom_age=10.6ms odom_rx_age=9.3ms sensor_skew=28.0ms loop_to_send=7.1ms
[go2:sport] DRY cmd#683 seq=715 v=0.900 w=-0.732 dt=38.9ms policy_zmq_lag=0.6ms action_age=38.7ms scan_age=38.1ms scan_rx_age=13.5ms odom_age=9.5ms odom_rx_age=8.5ms sensor_skew=28.6ms loop_to_send=6.2ms
[go2:sport] DRY cmd#684 seq=716 v=0.900 w=-0.763 dt=52.7ms policy_zmq_lag=0.6ms action_age=50.8ms scan_age=50.1ms scan_rx_age=25.1ms odom_age=22.3ms odom_rx_age=20.2ms sensor_skew=27.8ms loop_to_send=16.8ms
[go2:sport] DRY cmd#685 seq=717 v=0.900 w=-0.743 dt=27.5ms policy_zmq_lag=0.7ms action_age=37.7ms scan_age=37.1ms scan_rx_age=14.1ms odom_age=9.8ms odom_rx_age=8.9ms sensor_skew=27.2ms loop_to_send=6.3ms
[go2:sport] DRY cmd#686 seq=718 v=0.900 w=-0.777 dt=39.8ms policy_zmq_lag=0.6ms action_age=38.2ms scan_age=37.6ms scan_rx_age=14.6ms odom_age=9.8ms odom_rx_age=9.0ms sensor_skew=27.8ms loop_to_send=6.2ms
[go2:sport] DRY cmd#687 seq=719 v=0.900 w=-0.764 dt=40.4ms policy_zmq_lag=0.6ms action_age=38.5ms scan_age=37.8ms scan_rx_age=15.0ms odom_age=10.1ms odom_rx_age=9.2ms sensor_skew=27.7ms loop_to_send=6.5ms
[go2:sport] DRY cmd#688 seq=720 v=0.900 w=-0.729 dt=39.6ms policy_zmq_lag=0.6ms action_age=38.1ms scan_age=37.5ms scan_rx_age=13.0ms odom_age=9.7ms odom_rx_age=8.7ms sensor_skew=27.8ms loop_to_send=6.1ms
[go2:sport] DRY cmd#689 seq=721 v=0.900 w=-0.765 dt=40.1ms policy_zmq_lag=0.6ms action_age=38.3ms scan_age=37.7ms scan_rx_age=14.7ms odom_age=9.8ms odom_rx_age=8.9ms sensor_skew=27.9ms loop_to_send=6.2ms
[go2:sport] DRY cmd#690 seq=722 v=0.900 w=-0.749 dt=40.6ms policy_zmq_lag=0.6ms action_age=38.7ms scan_age=38.1ms scan_rx_age=14.1ms odom_age=10.2ms odom_rx_age=9.0ms sensor_skew=27.9ms loop_to_send=6.7ms
[go2:sport] DRY cmd#691 seq=723 v=0.900 w=-0.774 dt=39.2ms policy_zmq_lag=0.6ms action_age=38.0ms scan_age=37.4ms scan_rx_age=13.9ms odom_age=9.6ms odom_rx_age=8.7ms sensor_skew=27.8ms loop_to_send=6.1ms
[go2:sport] DRY cmd#692 seq=724 v=0.900 w=-0.764 dt=39.9ms policy_zmq_lag=0.7ms action_age=38.0ms scan_age=37.3ms scan_rx_age=14.3ms odom_age=9.4ms odom_rx_age=8.6ms sensor_skew=27.9ms loop_to_send=5.9ms
[go2:sport] DRY cmd#693 seq=725 v=0.900 w=-0.739 dt=40.1ms policy_zmq_lag=0.6ms action_age=38.1ms scan_age=37.4ms scan_rx_age=14.3ms odom_age=9.6ms odom_rx_age=8.9ms sensor_skew=27.8ms loop_to_send=6.0ms
[go2:sport] DRY cmd#694 seq=726 v=0.900 w=-0.766 dt=39.7ms policy_zmq_lag=0.6ms action_age=37.8ms scan_age=37.2ms scan_rx_age=14.3ms odom_age=9.3ms odom_rx_age=8.5ms sensor_skew=27.8ms loop_to_send=5.8ms
[go2:sport] DRY cmd#695 seq=727 v=0.900 w=-0.803 dt=40.1ms policy_zmq_lag=0.7ms action_age=38.0ms scan_age=37.3ms scan_rx_age=14.3ms odom_age=9.3ms odom_rx_age=8.6ms sensor_skew=28.0ms loop_to_send=5.8ms
[go2:sport] DRY cmd#696 seq=728 v=0.900 w=-0.725 dt=40.2ms policy_zmq_lag=0.7ms action_age=38.0ms scan_age=37.3ms scan_rx_age=14.0ms odom_age=9.5ms odom_rx_age=8.7ms sensor_skew=27.8ms loop_to_send=6.0ms
[go2:sport] DRY cmd#697 seq=729 v=0.900 w=-0.766 dt=39.8ms policy_zmq_lag=0.7ms action_age=37.9ms scan_age=37.3ms scan_rx_age=13.5ms odom_age=9.4ms odom_rx_age=8.7ms sensor_skew=27.8ms loop_to_send=5.9ms
[go2:sport] DRY cmd#698 seq=730 v=0.900 w=-0.736 dt=40.5ms policy_zmq_lag=0.6ms action_age=38.5ms scan_age=37.9ms scan_rx_age=13.8ms odom_age=10.1ms odom_rx_age=9.3ms sensor_skew=27.8ms loop_to_send=6.4ms
[go2:sport] DRY cmd#699 seq=731 v=0.900 w=-0.764 dt=39.9ms policy_zmq_lag=0.6ms action_age=38.3ms scan_age=37.7ms scan_rx_age=14.6ms odom_age=10.0ms odom_rx_age=9.2ms sensor_skew=27.7ms loop_to_send=6.4ms
[go2:sport] DRY cmd#700 seq=732 v=0.900 w=-0.751 dt=40.0ms policy_zmq_lag=0.6ms action_age=38.4ms scan_age=37.8ms scan_rx_age=13.9ms odom_age=10.0ms odom_rx_age=9.2ms sensor_skew=27.8ms loop_to_send=6.4ms
[go2:sport] DRY cmd#701 seq=733 v=0.900 w=-0.737 dt=39.4ms policy_zmq_lag=0.6ms action_age=37.9ms scan_age=37.3ms scan_rx_age=13.3ms odom_age=9.3ms odom_rx_age=8.1ms sensor_skew=28.0ms loop_to_send=5.8ms
[go2:sport] DRY cmd#702 seq=734 v=0.900 w=-0.762 dt=40.3ms policy_zmq_lag=0.7ms action_age=38.0ms scan_age=37.3ms scan_rx_age=14.0ms odom_age=9.6ms odom_rx_age=8.7ms sensor_skew=27.7ms loop_to_send=6.0ms
[go2:sport] DRY cmd#703 seq=735 v=0.900 w=-0.722 dt=39.8ms policy_zmq_lag=0.7ms action_age=37.9ms scan_age=37.2ms scan_rx_age=13.7ms odom_age=9.4ms odom_rx_age=8.5ms sensor_skew=27.8ms loop_to_send=5.9ms
[go2:sport] DRY cmd#704 seq=736 v=0.900 w=-0.764 dt=40.0ms policy_zmq_lag=0.7ms action_age=37.8ms scan_age=37.2ms scan_rx_age=13.2ms odom_age=9.4ms odom_rx_age=8.5ms sensor_skew=27.8ms loop_to_send=5.8ms
[go2:sport] DRY cmd#705 seq=737 v=0.900 w=-0.806 dt=40.0ms policy_zmq_lag=0.6ms action_age=37.8ms scan_age=37.2ms scan_rx_age=14.4ms odom_age=9.5ms odom_rx_age=8.8ms sensor_skew=27.7ms loop_to_send=5.9ms
[go2:sport] DRY cmd#706 seq=738 v=0.900 w=-0.725 dt=39.9ms policy_zmq_lag=0.6ms action_age=37.7ms scan_age=37.2ms scan_rx_age=14.0ms odom_age=9.4ms odom_rx_age=8.7ms sensor_skew=27.8ms loop_to_send=5.8ms
[go2:sport] DRY cmd#707 seq=739 v=0.900 w=-0.763 dt=40.1ms policy_zmq_lag=0.6ms action_age=37.8ms scan_age=37.2ms scan_rx_age=13.8ms odom_age=9.2ms odom_rx_age=8.4ms sensor_skew=28.0ms loop_to_send=5.8ms
[go2:sport] DRY cmd#708 seq=740 v=0.900 w=-0.735 dt=40.0ms policy_zmq_lag=0.6ms action_age=37.7ms scan_age=37.1ms scan_rx_age=14.0ms odom_age=9.4ms odom_rx_age=8.7ms sensor_skew=27.6ms loop_to_send=5.8ms
[go2:sport] DRY cmd#709 seq=741 v=0.900 w=-0.763 dt=40.0ms policy_zmq_lag=0.6ms action_age=37.7ms scan_age=37.1ms scan_rx_age=13.9ms odom_age=9.3ms odom_rx_age=8.6ms sensor_skew=27.8ms loop_to_send=5.8ms
[go2:sport] DRY cmd#710 seq=742 v=0.900 w=-0.762 dt=40.0ms policy_zmq_lag=0.6ms action_age=37.8ms scan_age=37.2ms scan_rx_age=14.2ms odom_age=9.3ms odom_rx_age=8.5ms sensor_skew=27.9ms loop_to_send=5.8ms
[go2:sport] DRY cmd#711 seq=743 v=0.900 w=-0.727 dt=40.0ms policy_zmq_lag=0.6ms action_age=37.7ms scan_age=37.1ms scan_rx_age=14.2ms odom_age=9.4ms odom_rx_age=8.7ms sensor_skew=27.7ms loop_to_send=5.8ms
[go2:sport] DRY cmd#712 seq=744 v=0.900 w=-0.764 dt=40.2ms policy_zmq_lag=0.6ms action_age=38.0ms scan_age=37.3ms scan_rx_age=12.6ms odom_age=9.4ms odom_rx_age=8.4ms sensor_skew=27.9ms loop_to_send=6.0ms
[go2:sport] DRY cmd#713 seq=745 v=0.900 w=-0.738 dt=40.0ms policy_zmq_lag=0.6ms action_age=38.0ms scan_age=37.4ms scan_rx_age=13.8ms odom_age=9.7ms odom_rx_age=9.0ms sensor_skew=27.7ms loop_to_send=6.0ms
[go2:sport] DRY cmd#714 seq=746 v=0.900 w=-0.763 dt=40.0ms policy_zmq_lag=0.7ms action_age=37.9ms scan_age=37.2ms scan_rx_age=14.3ms odom_age=9.7ms odom_rx_age=8.8ms sensor_skew=27.6ms loop_to_send=6.0ms
[go2:sport] DRY cmd#715 seq=747 v=0.900 w=-0.766 dt=39.9ms policy_zmq_lag=0.7ms action_age=37.9ms scan_age=37.3ms scan_rx_age=12.9ms odom_age=9.5ms odom_rx_age=8.7ms sensor_skew=27.7ms loop_to_send=5.9ms
[go2:sport] DRY cmd#716 seq=748 v=0.900 w=-0.736 dt=39.9ms policy_zmq_lag=0.6ms action_age=37.8ms scan_age=37.2ms scan_rx_age=13.0ms odom_age=9.4ms odom_rx_age=8.6ms sensor_skew=27.7ms loop_to_send=5.9ms
[go2:sport] DRY cmd#717 seq=749 v=0.900 w=-0.762 dt=40.1ms policy_zmq_lag=0.7ms action_age=38.0ms scan_age=37.4ms scan_rx_age=13.5ms odom_age=9.5ms odom_rx_age=8.7ms sensor_skew=27.9ms loop_to_send=6.0ms
[go2:sport] DRY cmd#718 seq=750 v=0.900 w=-0.742 dt=39.9ms policy_zmq_lag=0.6ms action_age=37.9ms scan_age=37.3ms scan_rx_age=13.7ms odom_age=9.5ms odom_rx_age=8.6ms sensor_skew=27.9ms loop_to_send=6.0ms
[go2:sport] DRY cmd#719 seq=751 v=0.900 w=-0.766 dt=39.9ms policy_zmq_lag=0.6ms action_age=37.9ms scan_age=37.3ms scan_rx_age=13.6ms odom_age=9.5ms odom_rx_age=8.7ms sensor_skew=27.8ms loop_to_send=5.9ms
[go2:sport] DRY cmd#720 seq=752 v=0.900 w=-0.764 dt=40.0ms policy_zmq_lag=0.6ms action_age=37.8ms scan_age=37.1ms scan_rx_age=13.2ms odom_age=9.4ms odom_rx_age=8.6ms sensor_skew=27.7ms loop_to_send=5.9ms
[go2:sport] DRY cmd#721 seq=753 v=0.900 w=-0.736 dt=40.0ms policy_zmq_lag=0.6ms action_age=37.8ms scan_age=37.1ms scan_rx_age=13.0ms odom_age=9.5ms odom_rx_age=8.7ms sensor_skew=27.6ms loop_to_send=5.8ms
[go2:sport] DRY cmd#722 seq=754 v=0.900 w=-0.765 dt=40.0ms policy_zmq_lag=0.6ms action_age=37.8ms scan_age=37.2ms scan_rx_age=13.5ms odom_age=9.5ms odom_rx_age=8.6ms sensor_skew=27.7ms loop_to_send=5.9ms
[go2:sport] DRY cmd#723 seq=755 v=0.900 w=-0.737 dt=40.6ms policy_zmq_lag=0.6ms action_age=38.3ms scan_age=37.7ms scan_rx_age=14.5ms odom_age=10.2ms odom_rx_age=9.4ms sensor_skew=27.5ms loop_to_send=6.5ms
[go2:sport] DRY cmd#724 seq=756 v=0.900 w=-0.802 dt=39.4ms policy_zmq_lag=0.6ms action_age=37.9ms scan_age=37.3ms scan_rx_age=14.1ms odom_age=9.6ms odom_rx_age=8.7ms sensor_skew=27.7ms loop_to_send=5.9ms
[go2:sport] DRY cmd#725 seq=757 v=0.900 w=-0.765 dt=40.2ms policy_zmq_lag=0.7ms action_age=38.1ms scan_age=37.4ms scan_rx_age=14.2ms odom_age=9.7ms odom_rx_age=8.8ms sensor_skew=27.7ms loop_to_send=6.0ms
[go2:sport] DRY cmd#726 seq=758 v=0.900 w=-0.732 dt=39.9ms policy_zmq_lag=0.7ms action_age=37.9ms scan_age=37.2ms scan_rx_age=13.2ms odom_age=9.5ms odom_rx_age=8.6ms sensor_skew=27.8ms loop_to_send=5.9ms
[go2:sport] DRY cmd#727 seq=759 v=0.900 w=-0.763 dt=39.7ms policy_zmq_lag=0.6ms action_age=37.6ms scan_age=37.1ms scan_rx_age=14.0ms odom_age=9.4ms odom_rx_age=8.7ms sensor_skew=27.7ms loop_to_send=5.7ms
[go2:sport] DRY cmd#728 seq=760 v=0.900 w=-0.735 dt=40.4ms policy_zmq_lag=0.6ms action_age=38.1ms scan_age=37.4ms scan_rx_age=11.6ms odom_age=9.4ms odom_rx_age=8.6ms sensor_skew=28.0ms loop_to_send=6.0ms
[go2:sport] DRY cmd#729 seq=761 v=0.900 w=-0.792 dt=39.7ms policy_zmq_lag=0.6ms action_age=37.7ms scan_age=37.1ms scan_rx_age=12.4ms odom_age=9.4ms odom_rx_age=8.5ms sensor_skew=27.7ms loop_to_send=5.8ms
[go2:sport] DRY cmd#730 seq=762 v=0.900 w=-0.763 dt=40.4ms policy_zmq_lag=0.6ms action_age=38.1ms scan_age=37.5ms scan_rx_age=13.0ms odom_age=9.8ms odom_rx_age=8.5ms sensor_skew=27.7ms loop_to_send=6.2ms
[go2:sport] DRY cmd#731 seq=763 v=0.900 w=-0.732 dt=40.9ms policy_zmq_lag=0.6ms action_age=39.1ms scan_age=38.5ms scan_rx_age=15.2ms odom_age=10.7ms odom_rx_age=9.7ms sensor_skew=27.9ms loop_to_send=7.1ms
[go2:sport] DRY cmd#732 seq=764 v=0.900 w=-0.767 dt=39.3ms policy_zmq_lag=0.7ms action_age=38.4ms scan_age=37.7ms scan_rx_age=14.5ms odom_age=9.9ms odom_rx_age=8.8ms sensor_skew=27.8ms loop_to_send=6.3ms
[go2:sport] DRY cmd#733 seq=765 v=0.900 w=-0.730 dt=40.0ms policy_zmq_lag=0.6ms action_age=38.4ms scan_age=37.7ms scan_rx_age=13.0ms odom_age=10.0ms odom_rx_age=8.9ms sensor_skew=27.8ms loop_to_send=6.4ms
[go2:sport] DRY cmd#734 seq=766 v=0.900 w=-0.767 dt=40.1ms policy_zmq_lag=0.6ms action_age=38.4ms scan_age=37.8ms scan_rx_age=14.3ms odom_age=13.5ms odom_rx_age=12.7ms sensor_skew=24.2ms loop_to_send=6.4ms
[go2:sport] DRY cmd#735 seq=767 v=0.900 w=-0.764 dt=40.2ms policy_zmq_lag=0.9ms action_age=38.5ms scan_age=37.7ms scan_rx_age=14.4ms odom_age=10.1ms odom_rx_age=9.2ms sensor_skew=27.6ms loop_to_send=6.4ms
[go2:sport] DRY cmd#736 seq=768 v=0.900 w=-0.719 dt=39.8ms policy_zmq_lag=0.6ms action_age=38.4ms scan_age=37.8ms scan_rx_age=14.1ms odom_age=10.2ms odom_rx_age=9.4ms sensor_skew=27.6ms loop_to_send=6.5ms
[go2:sport] DRY cmd#737 seq=769 v=0.900 w=-0.763 dt=39.4ms policy_zmq_lag=0.6ms action_age=37.9ms scan_age=37.3ms scan_rx_age=14.5ms odom_age=9.7ms odom_rx_age=8.9ms sensor_skew=27.6ms loop_to_send=6.0ms
[go2:sport] DRY cmd#738 seq=770 v=0.900 w=-0.740 dt=40.4ms policy_zmq_lag=0.6ms action_age=38.3ms scan_age=37.7ms scan_rx_age=14.0ms odom_age=10.0ms odom_rx_age=9.1ms sensor_skew=27.6ms loop_to_send=6.3ms
[go2:sport] DRY cmd#739 seq=771 v=0.900 w=-0.731 dt=40.3ms policy_zmq_lag=0.6ms action_age=38.7ms scan_age=38.0ms scan_rx_age=14.6ms odom_age=10.4ms odom_rx_age=9.6ms sensor_skew=27.6ms loop_to_send=6.4ms
[go2:sport] DRY cmd#740 seq=772 v=0.900 w=-0.762 dt=39.6ms policy_zmq_lag=0.6ms action_age=38.2ms scan_age=37.6ms scan_rx_age=13.9ms odom_age=10.1ms odom_rx_age=8.6ms sensor_skew=27.6ms loop_to_send=6.3ms
[go2:sport] DRY cmd#741 seq=773 v=0.900 w=-0.734 dt=40.4ms policy_zmq_lag=0.8ms action_age=38.6ms scan_age=37.8ms scan_rx_age=14.5ms odom_age=10.3ms odom_rx_age=9.2ms sensor_skew=27.6ms loop_to_send=6.5ms
[go2:sport] DRY cmd#742 seq=774 v=0.900 w=-0.765 dt=39.8ms policy_zmq_lag=0.7ms action_age=38.3ms scan_age=37.6ms scan_rx_age=12.6ms odom_age=10.0ms odom_rx_age=9.0ms sensor_skew=27.6ms loop_to_send=6.3ms
[go2:sport] DRY cmd#743 seq=775 v=0.900 w=-0.772 dt=39.9ms policy_zmq_lag=0.7ms action_age=38.3ms scan_age=37.6ms scan_rx_age=12.3ms odom_age=9.9ms odom_rx_age=9.1ms sensor_skew=27.7ms loop_to_send=6.2ms
[go2:sport] DRY cmd#744 seq=776 v=0.900 w=-0.732 dt=39.7ms policy_zmq_lag=0.6ms action_age=36.7ms scan_age=36.0ms scan_rx_age=13.3ms odom_age=9.7ms odom_rx_age=8.7ms sensor_skew=26.3ms loop_to_send=6.0ms
[go2:sport] DRY cmd#745 seq=777 v=0.900 w=-0.763 dt=40.1ms policy_zmq_lag=0.6ms action_age=38.0ms scan_age=37.4ms scan_rx_age=14.0ms odom_age=9.9ms odom_rx_age=9.1ms sensor_skew=27.5ms loop_to_send=6.1ms
[go2:sport] DRY cmd#746 seq=778 v=0.900 w=-0.733 dt=40.0ms policy_zmq_lag=0.6ms action_age=38.1ms scan_age=37.5ms scan_rx_age=13.7ms odom_age=9.8ms odom_rx_age=8.9ms sensor_skew=27.7ms loop_to_send=6.1ms
[go2:sport] DRY cmd#747 seq=779 v=0.900 w=-0.763 dt=40.3ms policy_zmq_lag=0.7ms action_age=38.3ms scan_age=37.6ms scan_rx_age=14.7ms odom_age=16.7ms odom_rx_age=15.6ms sensor_skew=20.9ms loop_to_send=6.3ms
[go2:sport] DRY cmd#748 seq=780 v=0.900 w=-0.799 dt=39.3ms policy_zmq_lag=0.6ms action_age=37.6ms scan_age=37.0ms scan_rx_age=14.3ms odom_age=9.4ms odom_rx_age=8.7ms sensor_skew=27.6ms loop_to_send=5.7ms
[go2:sport] DRY cmd#749 seq=781 v=0.900 w=-0.736 dt=40.4ms policy_zmq_lag=0.7ms action_age=38.0ms scan_age=37.3ms scan_rx_age=14.2ms odom_age=9.7ms odom_rx_age=8.9ms sensor_skew=27.5ms loop_to_send=6.0ms
[go2:sport] DRY cmd#750 seq=782 v=0.900 w=-0.763 dt=39.8ms policy_zmq_lag=0.7ms action_age=37.7ms scan_age=37.1ms scan_rx_age=13.4ms odom_age=9.6ms odom_rx_age=8.9ms sensor_skew=27.4ms loop_to_send=5.8ms
[go2:sport] DRY cmd#751 seq=783 v=0.900 w=-0.729 dt=39.9ms policy_zmq_lag=0.6ms action_age=37.6ms scan_age=37.0ms scan_rx_age=13.7ms odom_age=9.6ms odom_rx_age=8.9ms sensor_skew=27.4ms loop_to_send=5.8ms
[go2:sport] DRY cmd#752 seq=784 v=0.900 w=-0.763 dt=40.1ms policy_zmq_lag=0.6ms action_age=37.8ms scan_age=37.2ms scan_rx_age=14.3ms odom_age=9.7ms odom_rx_age=9.0ms sensor_skew=27.5ms loop_to_send=5.9ms
[go2:sport] DRY cmd#753 seq=785 v=0.900 w=-0.766 dt=40.2ms policy_zmq_lag=0.7ms action_age=38.0ms scan_age=37.2ms scan_rx_age=12.6ms odom_age=9.7ms odom_rx_age=8.8ms sensor_skew=27.5ms loop_to_send=5.9ms
[go2:sport] DRY cmd#754 seq=786 v=0.900 w=-0.731 dt=40.1ms policy_zmq_lag=0.7ms action_age=38.1ms scan_age=37.4ms scan_rx_age=12.8ms odom_age=9.3ms odom_rx_age=8.3ms sensor_skew=28.1ms loop_to_send=6.0ms
[go2:sport] DRY cmd#755 seq=787 v=0.900 w=-0.765 dt=39.6ms policy_zmq_lag=0.6ms action_age=37.7ms scan_age=37.1ms scan_rx_age=14.5ms odom_age=9.6ms odom_rx_age=8.9ms sensor_skew=27.6ms loop_to_send=5.8ms
[go2:sport] DRY cmd#756 seq=788 v=0.900 w=-0.742 dt=40.2ms policy_zmq_lag=0.6ms action_age=37.9ms scan_age=37.3ms scan_rx_age=14.1ms odom_age=9.7ms odom_rx_age=8.9ms sensor_skew=27.6ms loop_to_send=5.9ms
[go2:sport] DRY cmd#757 seq=789 v=0.900 w=-0.764 dt=39.9ms policy_zmq_lag=0.6ms action_age=37.7ms scan_age=37.1ms scan_rx_age=14.2ms odom_age=9.5ms odom_rx_age=8.8ms sensor_skew=27.6ms loop_to_send=5.8ms
[go2:sport] DRY cmd#758 seq=790 v=0.900 w=-0.809 dt=39.8ms policy_zmq_lag=0.6ms action_age=37.6ms scan_age=37.0ms scan_rx_age=13.4ms odom_age=9.4ms odom_rx_age=8.7ms sensor_skew=27.5ms loop_to_send=5.7ms
[go2:sport] DRY cmd#759 seq=791 v=0.900 w=-0.728 dt=40.2ms policy_zmq_lag=0.6ms action_age=37.8ms scan_age=37.2ms scan_rx_age=14.2ms odom_age=9.6ms odom_rx_age=8.8ms sensor_skew=27.6ms loop_to_send=5.8ms
[go2:sport] DRY cmd#760 seq=792 v=0.900 w=-0.763 dt=40.3ms policy_zmq_lag=0.6ms action_age=38.1ms scan_age=37.5ms scan_rx_age=15.2ms odom_age=6.8ms odom_rx_age=6.2ms sensor_skew=30.7ms loop_to_send=5.7ms
[go2:sport] DRY cmd#761 seq=793 v=0.900 w=-0.728 dt=39.8ms policy_zmq_lag=0.7ms action_age=38.0ms scan_age=37.2ms scan_rx_age=14.3ms odom_age=9.5ms odom_rx_age=8.5ms sensor_skew=27.7ms loop_to_send=5.9ms
[go2:sport] DRY cmd#762 seq=794 v=0.900 w=-0.763 dt=40.0ms policy_zmq_lag=0.8ms action_age=38.0ms scan_age=37.2ms scan_rx_age=12.8ms odom_age=9.6ms odom_rx_age=8.6ms sensor_skew=27.6ms loop_to_send=5.9ms
[go2:sport] DRY cmd#763 seq=795 v=0.900 w=-0.764 dt=39.7ms policy_zmq_lag=0.6ms action_age=37.7ms scan_age=37.1ms scan_rx_age=14.1ms odom_age=9.5ms odom_rx_age=8.7ms sensor_skew=27.6ms loop_to_send=5.8ms
[go2:sport] DRY cmd#764 seq=796 v=0.900 w=-0.727 dt=40.2ms policy_zmq_lag=0.7ms action_age=37.9ms scan_age=37.3ms scan_rx_age=14.3ms odom_age=9.7ms odom_rx_age=9.0ms sensor_skew=27.5ms loop_to_send=5.9ms
[go2:sport] DRY cmd#765 seq=797 v=0.900 w=-0.764 dt=40.2ms policy_zmq_lag=0.7ms action_age=38.1ms scan_age=37.3ms scan_rx_age=13.0ms odom_age=9.9ms odom_rx_age=9.0ms sensor_skew=27.4ms loop_to_send=6.0ms
[go2:sport] DRY cmd#766 seq=798 v=0.900 w=-0.744 dt=39.7ms policy_zmq_lag=0.6ms action_age=37.8ms scan_age=37.2ms scan_rx_age=14.5ms odom_age=9.8ms odom_rx_age=9.0ms sensor_skew=27.4ms loop_to_send=5.9ms
[go2:sport] DRY cmd#767 seq=799 v=0.900 w=-0.813 dt=40.2ms policy_zmq_lag=0.7ms action_age=38.1ms scan_age=37.4ms scan_rx_age=14.1ms odom_age=9.8ms odom_rx_age=9.0ms sensor_skew=27.6ms loop_to_send=6.1ms
[go2:sport] DRY cmd#768 seq=800 v=0.900 w=-0.766 dt=40.0ms policy_zmq_lag=0.8ms action_age=37.9ms scan_age=37.1ms scan_rx_age=12.3ms odom_age=16.4ms odom_rx_age=15.4ms sensor_skew=20.7ms loop_to_send=5.9ms
[go2:sport] DRY cmd#769 seq=801 v=0.900 w=-0.736 dt=39.9ms policy_zmq_lag=0.8ms action_age=37.9ms scan_age=37.1ms scan_rx_age=13.6ms odom_age=9.7ms odom_rx_age=8.8ms sensor_skew=27.5ms loop_to_send=5.8ms
[go2:sport] DRY cmd#770 seq=802 v=0.900 w=-0.762 dt=40.0ms policy_zmq_lag=0.7ms action_age=37.8ms scan_age=37.2ms scan_rx_age=14.8ms odom_age=9.7ms odom_rx_age=8.9ms sensor_skew=27.5ms loop_to_send=5.9ms
[go2:sport] DRY cmd#771 seq=803 v=0.900 w=-0.738 dt=40.1ms policy_zmq_lag=0.7ms action_age=37.9ms scan_age=37.3ms scan_rx_age=14.4ms odom_age=9.8ms odom_rx_age=8.9ms sensor_skew=27.4ms loop_to_send=6.0ms
[go2:sport] DRY cmd#772 seq=804 v=0.900 w=-0.762 dt=39.8ms policy_zmq_lag=0.6ms action_age=37.8ms scan_age=37.2ms scan_rx_age=13.1ms odom_age=9.7ms odom_rx_age=8.8ms sensor_skew=27.5ms loop_to_send=5.8ms
[go2:sport] DRY cmd#773 seq=805 v=0.900 w=-0.763 dt=40.4ms policy_zmq_lag=0.6ms action_age=38.3ms scan_age=37.7ms scan_rx_age=14.2ms odom_age=7.0ms odom_rx_age=6.2ms sensor_skew=30.7ms loop_to_send=5.8ms
[go2:sport] DRY cmd#774 seq=806 v=0.900 w=-0.728 dt=39.4ms policy_zmq_lag=0.5ms action_age=37.6ms scan_age=37.0ms scan_rx_age=14.4ms odom_age=9.6ms odom_rx_age=8.8ms sensor_skew=27.4ms loop_to_send=5.7ms
[go2:sport] DRY cmd#775 seq=807 v=0.900 w=-0.763 dt=40.5ms policy_zmq_lag=0.6ms action_age=38.0ms scan_age=37.4ms scan_rx_age=12.8ms odom_age=10.0ms odom_rx_age=9.0ms sensor_skew=27.4ms loop_to_send=6.1ms
