Setup unitree ros2 environment
[go2:sport] connecting zmq: tcp://127.0.0.1:5596
[go2:sport] DRY RUN: SportClient is not initialized; commands will only be logged
[go2:sport] DRY cmd#1 seq=33 v=0.000 w=0.000 dt=0.0ms policy_zmq_lag=0.6ms
[go2:sport] DRY cmd#2 seq=34 v=0.000 w=0.000 dt=39.6ms policy_zmq_lag=0.6ms
[go2:sport] DRY cmd#3 seq=35 v=0.000 w=0.000 dt=40.7ms policy_zmq_lag=0.5ms
[go2:sport] DRY cmd#4 seq=36 v=0.000 w=0.000 dt=39.6ms policy_zmq_lag=0.6ms
[go2:sport] DRY cmd#5 seq=37 v=0.000 w=0.000 dt=39.8ms policy_zmq_lag=0.5ms
[go2:sport] DRY cmd#6 seq=38 v=0.000 w=0.000 dt=40.1ms policy_zmq_lag=0.6ms
[go2:sport] DRY cmd#7 seq=39 v=0.000 w=0.000 dt=40.1ms policy_zmq_lag=0.6ms
[go2:sport] DRY cmd#8 seq=40 v=0.000 w=0.000 dt=40.8ms policy_zmq_lag=0.7ms
[go2:sport] DRY cmd#9 seq=41 v=0.000 w=0.000 dt=39.0ms policy_zmq_lag=0.6ms
[go2:sport] DRY cmd#10 seq=42 v=0.000 w=0.000 dt=40.0ms policy_zmq_lag=0.6ms
[go2:sport] DRY cmd#11 seq=43 v=0.000 w=0.000 dt=40.2ms policy_zmq_lag=0.6ms
[go2:sport] DRY cmd#12 seq=44 v=0.000 w=0.000 dt=40.0ms policy_zmq_lag=0.7ms
[go2:sport] DRY cmd#13 seq=45 v=0.000 w=0.000 dt=39.9ms policy_zmq_lag=0.6ms
[go2:sport] DRY cmd#14 seq=46 v=0.000 w=0.000 dt=40.0ms policy_zmq_lag=0.6ms
[go2:sport] DRY cmd#15 seq=47 v=0.000 w=0.000 dt=39.8ms policy_zmq_lag=0.6ms
[go2:sport] DRY cmd#16 seq=48 v=0.000 w=0.000 dt=40.1ms policy_zmq_lag=0.7ms
[go2:sport] DRY cmd#17 seq=49 v=0.000 w=0.000 dt=40.3ms policy_zmq_lag=0.6ms
[go2:sport] DRY cmd#18 seq=50 v=0.000 w=0.000 dt=39.9ms policy_zmq_lag=0.6ms
[go2:sport] DRY cmd#19 seq=51 v=0.000 w=0.000 dt=40.0ms policy_zmq_lag=0.6ms
[go2:sport] DRY cmd#20 seq=52 v=0.000 w=0.000 dt=40.1ms policy_zmq_lag=0.6ms
[go2:sport] DRY cmd#21 seq=53 v=0.000 w=0.000 dt=40.0ms policy_zmq_lag=0.6ms
[go2:sport] DRY cmd#22 seq=54 v=0.000 w=0.000 dt=40.0ms policy_zmq_lag=0.7ms
[go2:sport] DRY cmd#23 seq=55 v=0.000 w=0.000 dt=40.0ms policy_zmq_lag=0.6ms
[go2:sport] DRY cmd#24 seq=56 v=0.000 w=0.000 dt=40.3ms policy_zmq_lag=0.6ms
[go2:sport] DRY cmd#25 seq=57 v=0.000 w=0.000 dt=39.9ms policy_zmq_lag=0.6ms
[go2:sport] DRY cmd#26 seq=58 v=0.000 w=0.000 dt=41.1ms policy_zmq_lag=0.6ms
[go2:sport] DRY cmd#27 seq=59 v=0.000 w=0.000 dt=38.8ms policy_zmq_lag=0.6ms
[go2:sport] DRY cmd#28 seq=60 v=0.000 w=0.000 dt=39.6ms policy_zmq_lag=0.6ms
[go2:sport] DRY cmd#29 seq=61 v=0.000 w=0.000 dt=39.9ms policy_zmq_lag=0.6ms
[go2:sport] DRY cmd#30 seq=62 v=0.000 w=0.000 dt=40.0ms policy_zmq_lag=0.6ms
[go2:sport] DRY cmd#31 seq=63 v=0.000 w=0.000 dt=40.1ms policy_zmq_lag=0.6ms
[go2:sport] DRY cmd#32 seq=64 v=0.000 w=0.000 dt=40.7ms policy_zmq_lag=0.6ms
[go2:sport] DRY cmd#33 seq=65 v=0.000 w=0.000 dt=39.5ms policy_zmq_lag=0.5ms
[go2:sport] DRY cmd#34 seq=66 v=0.000 w=0.000 dt=40.0ms policy_zmq_lag=0.8ms
[go2:sport] DRY cmd#35 seq=67 v=0.000 w=0.000 dt=39.9ms policy_zmq_lag=0.6ms
[go2:sport] DRY cmd#36 seq=68 v=0.000 w=0.000 dt=39.9ms policy_zmq_lag=0.6ms
[go2:sport] DRY cmd#37 seq=69 v=0.000 w=0.000 dt=40.0ms policy_zmq_lag=0.6ms
[go2:sport] DRY cmd#38 seq=70 v=0.000 w=0.000 dt=40.0ms policy_zmq_lag=0.7ms
[go2:sport] DRY cmd#39 seq=71 v=0.000 w=0.000 dt=40.0ms policy_zmq_lag=0.7ms
[go2:sport] DRY cmd#40 seq=72 v=0.000 w=0.000 dt=40.1ms policy_zmq_lag=0.6ms
[go2:sport] DRY cmd#41 seq=73 v=0.000 w=0.000 dt=40.1ms policy_zmq_lag=0.6ms
[go2:sport] DRY cmd#42 seq=74 v=0.000 w=0.000 dt=39.7ms policy_zmq_lag=0.6ms
[go2:sport] DRY cmd#43 seq=75 v=0.000 w=0.000 dt=40.5ms policy_zmq_lag=0.6ms
[go2:sport] DRY cmd#44 seq=76 v=0.000 w=0.000 dt=39.8ms policy_zmq_lag=0.5ms
[go2:sport] DRY cmd#45 seq=77 v=0.000 w=0.000 dt=40.3ms policy_zmq_lag=0.8ms
[go2:sport] DRY cmd#46 seq=78 v=0.000 w=0.000 dt=39.6ms policy_zmq_lag=0.6ms
[go2:sport] DRY cmd#47 seq=79 v=0.000 w=0.000 dt=40.1ms policy_zmq_lag=0.7ms
[go2:sport] DRY cmd#48 seq=80 v=0.000 w=0.000 dt=40.1ms policy_zmq_lag=0.6ms
[go2:sport] DRY cmd#49 seq=81 v=0.000 w=0.000 dt=39.7ms policy_zmq_lag=0.7ms
[go2:sport] DRY cmd#50 seq=82 v=0.000 w=0.000 dt=43.3ms policy_zmq_lag=1.7ms
[go2:sport] DRY cmd#51 seq=83 v=0.000 w=0.000 dt=37.0ms policy_zmq_lag=0.6ms
[go2:sport] DRY cmd#52 seq=84 v=0.000 w=0.000 dt=39.9ms policy_zmq_lag=0.7ms
[go2:sport] DRY cmd#53 seq=85 v=0.000 w=0.000 dt=40.1ms policy_zmq_lag=0.6ms
[go2:sport] DRY cmd#54 seq=86 v=0.000 w=0.000 dt=39.7ms policy_zmq_lag=0.6ms
[go2:sport] DRY cmd#55 seq=87 v=0.000 w=0.000 dt=40.0ms policy_zmq_lag=0.6ms
[go2:sport] DRY cmd#56 seq=88 v=0.000 w=0.000 dt=40.0ms policy_zmq_lag=0.6ms
[go2:sport] DRY cmd#57 seq=89 v=0.000 w=0.000 dt=40.2ms policy_zmq_lag=0.6ms
[go2:sport] DRY cmd#58 seq=90 v=0.000 w=0.000 dt=40.0ms policy_zmq_lag=0.6ms
[go2:sport] DRY cmd#59 seq=91 v=0.000 w=0.000 dt=39.8ms policy_zmq_lag=0.6ms
[go2:sport] DRY cmd#60 seq=92 v=0.000 w=0.000 dt=40.3ms policy_zmq_lag=0.6ms
[go2:sport] DRY cmd#61 seq=93 v=0.000 w=0.000 dt=39.7ms policy_zmq_lag=0.6ms
[go2:sport] DRY cmd#62 seq=94 v=0.000 w=0.000 dt=40.0ms policy_zmq_lag=0.7ms
[go2:sport] DRY cmd#63 seq=95 v=0.000 w=0.000 dt=40.0ms policy_zmq_lag=0.6ms
[go2:sport] DRY cmd#64 seq=96 v=0.000 w=0.000 dt=40.1ms policy_zmq_lag=0.6ms
[go2:sport] DRY cmd#65 seq=97 v=0.000 w=0.000 dt=40.1ms policy_zmq_lag=0.6ms
[go2:sport] DRY cmd#66 seq=98 v=0.000 w=0.000 dt=40.3ms policy_zmq_lag=0.8ms
[go2:sport] DRY cmd#67 seq=99 v=0.000 w=0.000 dt=39.5ms policy_zmq_lag=0.6ms
[go2:sport] DRY cmd#68 seq=100 v=0.000 w=0.000 dt=40.0ms policy_zmq_lag=0.6ms
[go2:sport] DRY cmd#69 seq=101 v=0.000 w=0.000 dt=40.0ms policy_zmq_lag=0.6ms
[go2:sport] DRY cmd#70 seq=102 v=0.000 w=0.000 dt=40.3ms policy_zmq_lag=0.7ms
[go2:sport] DRY cmd#71 seq=103 v=0.000 w=0.000 dt=39.8ms policy_zmq_lag=0.6ms
[go2:sport] DRY cmd#72 seq=104 v=0.000 w=0.000 dt=40.2ms policy_zmq_lag=0.6ms
[go2:sport] DRY cmd#73 seq=105 v=0.000 w=0.000 dt=39.7ms policy_zmq_lag=0.6ms
[go2:sport] DRY cmd#74 seq=106 v=0.000 w=0.000 dt=40.4ms policy_zmq_lag=0.6ms
[go2:sport] DRY cmd#75 seq=107 v=0.000 w=0.000 dt=39.5ms policy_zmq_lag=0.6ms
[go2:sport] DRY cmd#76 seq=108 v=0.000 w=0.000 dt=40.0ms policy_zmq_lag=0.6ms
[go2:sport] DRY cmd#77 seq=109 v=0.000 w=0.000 dt=39.9ms policy_zmq_lag=0.6ms
[go2:sport] DRY cmd#78 seq=110 v=0.000 w=0.000 dt=40.2ms policy_zmq_lag=0.7ms
[go2:sport] DRY cmd#79 seq=111 v=0.000 w=0.000 dt=39.9ms policy_zmq_lag=0.6ms
[go2:sport] DRY cmd#80 seq=112 v=0.000 w=0.000 dt=40.1ms policy_zmq_lag=0.7ms
[go2:sport] DRY cmd#81 seq=113 v=0.000 w=0.000 dt=40.3ms policy_zmq_lag=0.6ms
[go2:sport] DRY cmd#82 seq=114 v=0.000 w=0.000 dt=39.6ms policy_zmq_lag=0.6ms
[go2:sport] DRY cmd#83 seq=115 v=0.000 w=0.000 dt=40.6ms policy_zmq_lag=0.6ms
[go2:sport] DRY cmd#84 seq=116 v=0.000 w=0.000 dt=39.6ms policy_zmq_lag=0.6ms
[go2:sport] DRY cmd#85 seq=117 v=0.000 w=0.000 dt=39.9ms policy_zmq_lag=0.6ms
[go2:sport] DRY cmd#86 seq=118 v=0.000 w=0.000 dt=40.4ms policy_zmq_lag=0.6ms
[go2:sport] DRY cmd#87 seq=119 v=0.000 w=0.000 dt=39.5ms policy_zmq_lag=0.6ms
[go2:sport] DRY cmd#88 seq=120 v=0.000 w=0.000 dt=40.2ms policy_zmq_lag=0.6ms
[go2:sport] DRY cmd#89 seq=121 v=0.000 w=0.000 dt=40.1ms policy_zmq_lag=0.6ms
[go2:sport] DRY cmd#90 seq=122 v=0.000 w=0.000 dt=40.2ms policy_zmq_lag=0.6ms
[go2:sport] DRY cmd#91 seq=123 v=0.000 w=0.000 dt=39.9ms policy_zmq_lag=0.6ms
[go2:sport] DRY cmd#92 seq=124 v=0.000 w=0.000 dt=45.3ms policy_zmq_lag=1.8ms
[go2:sport] DRY cmd#93 seq=125 v=0.000 w=0.000 dt=34.2ms policy_zmq_lag=0.6ms
[go2:sport] DRY cmd#94 seq=126 v=0.000 w=0.000 dt=40.0ms policy_zmq_lag=0.6ms
[go2:sport] DRY cmd#95 seq=127 v=0.000 w=0.000 dt=40.5ms policy_zmq_lag=0.7ms
[go2:sport] DRY cmd#96 seq=128 v=0.000 w=0.000 dt=39.4ms policy_zmq_lag=0.6ms
[go2:sport] DRY cmd#97 seq=129 v=0.000 w=0.000 dt=40.1ms policy_zmq_lag=0.6ms
[go2:sport] DRY cmd#98 seq=130 v=0.000 w=0.000 dt=40.4ms policy_zmq_lag=0.6ms
[go2:sport] DRY cmd#99 seq=131 v=0.000 w=0.000 dt=39.8ms policy_zmq_lag=0.6ms
[go2:sport] DRY cmd#100 seq=132 v=0.000 w=0.000 dt=41.2ms policy_zmq_lag=0.9ms
[go2:sport] DRY cmd#101 seq=133 v=0.000 w=0.000 dt=38.7ms policy_zmq_lag=0.6ms
[go2:sport] DRY cmd#102 seq=134 v=0.000 w=0.000 dt=40.0ms policy_zmq_lag=0.7ms
[go2:sport] DRY cmd#103 seq=135 v=0.000 w=0.000 dt=41.5ms policy_zmq_lag=0.6ms
[go2:sport] DRY cmd#104 seq=136 v=0.000 w=0.000 dt=38.4ms policy_zmq_lag=0.6ms
[go2:sport] DRY cmd#105 seq=137 v=0.000 w=0.000 dt=40.1ms policy_zmq_lag=0.6ms
[go2:sport] DRY cmd#106 seq=138 v=0.000 w=0.000 dt=39.9ms policy_zmq_lag=0.6ms
[go2:sport] DRY cmd#107 seq=139 v=0.000 w=0.000 dt=40.1ms policy_zmq_lag=0.6ms
[go2:sport] DRY cmd#108 seq=140 v=0.000 w=0.000 dt=40.2ms policy_zmq_lag=0.6ms
[go2:sport] DRY cmd#109 seq=141 v=0.000 w=0.000 dt=39.7ms policy_zmq_lag=0.6ms
[go2:sport] DRY cmd#110 seq=142 v=0.000 w=0.000 dt=39.9ms policy_zmq_lag=0.6ms
[go2:sport] DRY cmd#111 seq=143 v=0.000 w=0.000 dt=40.1ms policy_zmq_lag=0.6ms
[go2:sport] DRY cmd#112 seq=144 v=0.000 w=0.000 dt=39.9ms policy_zmq_lag=0.6ms
[go2:sport] DRY cmd#113 seq=145 v=0.000 w=0.000 dt=39.9ms policy_zmq_lag=0.6ms
[go2:sport] DRY cmd#114 seq=146 v=0.000 w=0.000 dt=40.0ms policy_zmq_lag=0.6ms
[go2:sport] DRY cmd#115 seq=147 v=0.000 w=0.000 dt=40.1ms policy_zmq_lag=0.6ms
[go2:sport] DRY cmd#116 seq=148 v=0.000 w=0.000 dt=40.2ms policy_zmq_lag=0.6ms
[go2:sport] DRY cmd#117 seq=149 v=0.000 w=0.000 dt=39.8ms policy_zmq_lag=0.6ms
[go2:sport] DRY cmd#118 seq=150 v=0.000 w=0.000 dt=40.2ms policy_zmq_lag=0.7ms
[go2:sport] DRY cmd#119 seq=151 v=0.000 w=0.000 dt=39.8ms policy_zmq_lag=0.5ms
[go2:sport] DRY cmd#120 seq=152 v=0.000 w=0.000 dt=40.6ms policy_zmq_lag=0.5ms
[go2:sport] DRY cmd#121 seq=153 v=0.000 w=0.000 dt=39.7ms policy_zmq_lag=0.5ms
[go2:sport] DRY cmd#122 seq=154 v=0.000 w=0.000 dt=40.1ms policy_zmq_lag=0.6ms
[go2:sport] DRY cmd#123 seq=155 v=0.000 w=0.000 dt=39.8ms policy_zmq_lag=0.6ms
[go2:sport] DRY cmd#124 seq=156 v=0.000 w=0.000 dt=40.0ms policy_zmq_lag=0.6ms
[go2:sport] DRY cmd#125 seq=157 v=0.000 w=0.000 dt=39.9ms policy_zmq_lag=0.6ms
[go2:sport] DRY cmd#126 seq=158 v=0.000 w=0.000 dt=40.2ms policy_zmq_lag=0.7ms
[go2:sport] DRY cmd#127 seq=159 v=0.000 w=0.000 dt=39.9ms policy_zmq_lag=0.6ms
[go2:sport] DRY cmd#128 seq=160 v=0.000 w=0.000 dt=40.0ms policy_zmq_lag=0.6ms
[go2:sport] DRY cmd#129 seq=161 v=0.000 w=0.000 dt=40.2ms policy_zmq_lag=0.6ms
[go2:sport] DRY cmd#130 seq=162 v=0.000 w=0.000 dt=39.7ms policy_zmq_lag=0.6ms
[go2:sport] DRY cmd#131 seq=163 v=0.000 w=0.000 dt=40.0ms policy_zmq_lag=0.6ms
[go2:sport] DRY cmd#132 seq=164 v=0.000 w=0.000 dt=40.0ms policy_zmq_lag=0.6ms
[go2:sport] DRY cmd#133 seq=165 v=0.000 w=0.000 dt=40.0ms policy_zmq_lag=0.6ms
[go2:sport] DRY cmd#134 seq=166 v=0.000 w=0.000 dt=39.9ms policy_zmq_lag=0.6ms
[go2:sport] DRY cmd#135 seq=167 v=0.000 w=0.000 dt=40.3ms policy_zmq_lag=0.7ms
[go2:sport] DRY cmd#136 seq=168 v=0.000 w=0.000 dt=39.9ms policy_zmq_lag=0.6ms
[go2:sport] DRY cmd#137 seq=169 v=0.000 w=0.000 dt=40.3ms policy_zmq_lag=0.6ms
[go2:sport] DRY cmd#138 seq=170 v=0.000 w=0.000 dt=39.6ms policy_zmq_lag=0.6ms
[go2:sport] DRY cmd#139 seq=171 v=0.000 w=0.000 dt=40.0ms policy_zmq_lag=0.5ms
[go2:sport] DRY cmd#140 seq=172 v=0.000 w=0.000 dt=40.1ms policy_zmq_lag=0.6ms
[go2:sport] DRY cmd#141 seq=173 v=0.000 w=0.000 dt=39.9ms policy_zmq_lag=0.6ms
[go2:sport] DRY cmd#142 seq=174 v=0.000 w=0.000 dt=40.0ms policy_zmq_lag=0.6ms
[go2:sport] DRY cmd#143 seq=175 v=0.000 w=0.000 dt=40.0ms policy_zmq_lag=0.6ms
[go2:sport] DRY cmd#144 seq=176 v=0.000 w=0.000 dt=40.6ms policy_zmq_lag=0.6ms
[go2:sport] DRY cmd#145 seq=177 v=0.000 w=0.000 dt=39.5ms policy_zmq_lag=0.6ms
[go2:sport] DRY cmd#146 seq=178 v=0.000 w=0.000 dt=40.0ms policy_zmq_lag=0.6ms
[go2:sport] DRY cmd#147 seq=179 v=0.000 w=0.000 dt=40.0ms policy_zmq_lag=0.6ms
[go2:sport] DRY cmd#148 seq=180 v=0.000 w=0.000 dt=40.0ms policy_zmq_lag=0.6ms
[go2:sport] DRY cmd#149 seq=181 v=0.000 w=0.000 dt=39.9ms policy_zmq_lag=0.6ms
[go2:sport] DRY cmd#150 seq=182 v=0.000 w=0.000 dt=40.1ms policy_zmq_lag=0.6ms
[go2:sport] DRY cmd#151 seq=183 v=0.000 w=0.000 dt=40.0ms policy_zmq_lag=0.6ms
[go2:sport] DRY cmd#152 seq=184 v=0.000 w=0.000 dt=40.0ms policy_zmq_lag=0.6ms
[go2:sport] DRY cmd#153 seq=185 v=0.000 w=0.000 dt=40.2ms policy_zmq_lag=0.8ms
[go2:sport] DRY cmd#154 seq=186 v=0.000 w=0.000 dt=39.8ms policy_zmq_lag=0.6ms
[go2:sport] DRY cmd#155 seq=187 v=0.000 w=0.000 dt=39.9ms policy_zmq_lag=0.6ms
[go2:sport] DRY cmd#156 seq=188 v=0.000 w=0.000 dt=40.2ms policy_zmq_lag=0.6ms
[go2:sport] DRY cmd#157 seq=189 v=0.000 w=0.000 dt=39.7ms policy_zmq_lag=0.6ms
[go2:sport] DRY cmd#158 seq=190 v=0.000 w=0.000 dt=40.3ms policy_zmq_lag=0.7ms
[go2:sport] DRY cmd#159 seq=191 v=0.000 w=0.000 dt=39.9ms policy_zmq_lag=0.6ms
[go2:sport] DRY cmd#160 seq=192 v=0.000 w=0.000 dt=40.0ms policy_zmq_lag=0.6ms
[go2:sport] DRY cmd#161 seq=193 v=0.000 w=0.000 dt=40.0ms policy_zmq_lag=0.6ms
[go2:sport] DRY cmd#162 seq=194 v=0.000 w=0.000 dt=40.1ms policy_zmq_lag=0.6ms
[go2:sport] DRY cmd#163 seq=195 v=0.000 w=0.000 dt=39.8ms policy_zmq_lag=0.6ms
[go2:sport] DRY cmd#164 seq=196 v=0.000 w=0.000 dt=40.0ms policy_zmq_lag=0.7ms
[go2:sport] DRY cmd#165 seq=197 v=0.000 w=0.000 dt=40.2ms policy_zmq_lag=0.7ms
[go2:sport] DRY cmd#166 seq=198 v=0.000 w=0.000 dt=39.8ms policy_zmq_lag=0.6ms
[go2:sport] DRY cmd#167 seq=199 v=0.000 w=0.000 dt=40.1ms policy_zmq_lag=0.6ms
[go2:sport] DRY cmd#168 seq=200 v=0.000 w=0.000 dt=39.9ms policy_zmq_lag=0.6ms
[go2:sport] DRY cmd#169 seq=201 v=0.000 w=0.000 dt=40.1ms policy_zmq_lag=0.6ms
[go2:sport] DRY cmd#170 seq=202 v=0.000 w=0.000 dt=40.1ms policy_zmq_lag=0.6ms
[go2:sport] DRY cmd#171 seq=203 v=0.000 w=0.000 dt=39.8ms policy_zmq_lag=0.6ms
[go2:sport] DRY cmd#172 seq=204 v=0.000 w=0.000 dt=40.0ms policy_zmq_lag=0.6ms
[go2:sport] DRY cmd#173 seq=205 v=0.000 w=0.000 dt=40.3ms policy_zmq_lag=0.6ms
[go2:sport] DRY cmd#174 seq=206 v=0.000 w=0.000 dt=40.0ms policy_zmq_lag=0.6ms
[go2:sport] DRY cmd#175 seq=207 v=0.000 w=0.000 dt=39.7ms policy_zmq_lag=0.6ms
[go2:sport] DRY cmd#176 seq=208 v=0.000 w=0.000 dt=40.2ms policy_zmq_lag=0.6ms
[go2:sport] DRY cmd#177 seq=209 v=0.000 w=0.000 dt=40.0ms policy_zmq_lag=0.6ms
[go2:sport] DRY cmd#178 seq=210 v=0.000 w=0.000 dt=42.8ms policy_zmq_lag=0.7ms
[go2:sport] DRY cmd#179 seq=211 v=0.000 w=0.000 dt=37.3ms policy_zmq_lag=0.6ms
[go2:sport] DRY cmd#180 seq=212 v=0.000 w=0.000 dt=39.7ms policy_zmq_lag=0.6ms
[go2:sport] DRY cmd#181 seq=213 v=0.000 w=0.000 dt=40.0ms policy_zmq_lag=0.6ms
[go2:sport] DRY cmd#182 seq=214 v=0.000 w=0.000 dt=39.9ms policy_zmq_lag=0.6ms
[go2:sport] DRY cmd#183 seq=215 v=0.000 w=0.000 dt=40.4ms policy_zmq_lag=0.6ms
[go2:sport] DRY cmd#184 seq=216 v=0.000 w=0.000 dt=40.0ms policy_zmq_lag=0.6ms
[go2:sport] DRY cmd#185 seq=217 v=0.000 w=0.000 dt=39.7ms policy_zmq_lag=0.6ms
[go2:sport] DRY cmd#186 seq=218 v=0.000 w=0.000 dt=39.9ms policy_zmq_lag=0.6ms
[go2:sport] DRY cmd#187 seq=219 v=0.000 w=0.000 dt=40.1ms policy_zmq_lag=0.6ms
[go2:sport] DRY cmd#188 seq=220 v=0.000 w=0.000 dt=40.0ms policy_zmq_lag=0.6ms
[go2:sport] DRY cmd#189 seq=221 v=0.000 w=0.000 dt=40.0ms policy_zmq_lag=0.5ms
[go2:sport] DRY cmd#190 seq=222 v=0.000 w=0.000 dt=40.7ms policy_zmq_lag=0.6ms
[go2:sport] DRY cmd#191 seq=223 v=0.000 w=0.000 dt=39.4ms policy_zmq_lag=0.6ms
[go2:sport] DRY cmd#192 seq=224 v=0.000 w=0.000 dt=40.2ms policy_zmq_lag=0.6ms
[go2:sport] DRY cmd#193 seq=225 v=0.000 w=0.000 dt=39.8ms policy_zmq_lag=0.6ms
[go2:sport] DRY cmd#194 seq=226 v=0.000 w=0.000 dt=39.9ms policy_zmq_lag=0.6ms
[go2:sport] DRY cmd#195 seq=227 v=0.000 w=0.000 dt=39.9ms policy_zmq_lag=0.6ms
[go2:sport] DRY cmd#196 seq=228 v=0.000 w=0.000 dt=40.0ms policy_zmq_lag=0.6ms
[go2:sport] DRY cmd#197 seq=229 v=0.000 w=0.000 dt=40.0ms policy_zmq_lag=0.6ms
[go2:sport] DRY cmd#198 seq=230 v=0.000 w=0.000 dt=40.0ms policy_zmq_lag=0.6ms
[go2:sport] DRY cmd#199 seq=231 v=0.000 w=0.000 dt=40.2ms policy_zmq_lag=0.6ms
[go2:sport] DRY cmd#200 seq=232 v=0.000 w=0.000 dt=40.2ms policy_zmq_lag=0.6ms
[go2:sport] DRY cmd#201 seq=233 v=0.000 w=0.000 dt=39.9ms policy_zmq_lag=0.6ms
[go2:sport] DRY cmd#202 seq=234 v=0.000 w=0.000 dt=39.7ms policy_zmq_lag=0.7ms
[go2:sport] DRY cmd#203 seq=235 v=0.000 w=0.000 dt=40.6ms policy_zmq_lag=0.6ms
[go2:sport] DRY cmd#204 seq=236 v=0.000 w=0.000 dt=39.4ms policy_zmq_lag=0.6ms
[go2:sport] DRY cmd#205 seq=237 v=0.000 w=0.000 dt=39.9ms policy_zmq_lag=0.6ms
[go2:sport] DRY cmd#206 seq=238 v=0.000 w=0.000 dt=48.4ms policy_zmq_lag=0.7ms
[go2:sport] DRY cmd#207 seq=239 v=0.000 w=0.000 dt=35.8ms policy_zmq_lag=0.6ms
[go2:sport] DRY cmd#208 seq=240 v=0.000 w=0.000 dt=36.3ms policy_zmq_lag=0.6ms
[go2:sport] DRY cmd#209 seq=241 v=0.000 w=0.000 dt=39.6ms policy_zmq_lag=0.6ms
[go2:sport] DRY cmd#210 seq=242 v=0.000 w=0.000 dt=40.1ms policy_zmq_lag=0.6ms
[go2:sport] DRY cmd#211 seq=243 v=0.000 w=0.000 dt=40.3ms policy_zmq_lag=0.6ms
[go2:sport] DRY cmd#212 seq=244 v=0.000 w=0.000 dt=39.7ms policy_zmq_lag=0.6ms
[go2:sport] DRY cmd#213 seq=245 v=0.000 w=0.000 dt=40.0ms policy_zmq_lag=0.6ms
[go2:sport] DRY cmd#214 seq=246 v=0.000 w=0.000 dt=40.0ms policy_zmq_lag=0.6ms
[go2:sport] DRY cmd#215 seq=247 v=0.000 w=0.000 dt=40.0ms policy_zmq_lag=0.6ms
[go2:sport] DRY cmd#216 seq=248 v=0.000 w=0.000 dt=40.0ms policy_zmq_lag=0.6ms
[go2:sport] DRY cmd#217 seq=249 v=0.000 w=0.000 dt=40.0ms policy_zmq_lag=0.6ms
[go2:sport] DRY cmd#218 seq=250 v=0.000 w=0.000 dt=40.0ms policy_zmq_lag=0.5ms
[go2:sport] DRY cmd#219 seq=251 v=0.000 w=0.000 dt=40.3ms policy_zmq_lag=0.6ms
[go2:sport] DRY cmd#220 seq=252 v=0.000 w=0.000 dt=40.1ms policy_zmq_lag=0.6ms
[go2:sport] DRY cmd#221 seq=253 v=0.000 w=0.000 dt=39.5ms policy_zmq_lag=0.6ms
[go2:sport] DRY cmd#222 seq=254 v=0.000 w=0.000 dt=40.0ms policy_zmq_lag=0.6ms
[go2:sport] DRY cmd#223 seq=255 v=0.000 w=0.000 dt=40.0ms policy_zmq_lag=0.6ms
[go2:sport] DRY cmd#224 seq=256 v=0.000 w=0.000 dt=40.0ms policy_zmq_lag=0.6ms
[go2:sport] DRY cmd#225 seq=257 v=0.000 w=0.000 dt=40.0ms policy_zmq_lag=0.6ms
[go2:sport] DRY cmd#226 seq=258 v=0.000 w=0.000 dt=40.0ms policy_zmq_lag=0.6ms
[go2:sport] DRY cmd#227 seq=259 v=0.000 w=0.000 dt=40.1ms policy_zmq_lag=0.6ms
[go2:sport] DRY cmd#228 seq=260 v=0.000 w=0.000 dt=39.9ms policy_zmq_lag=0.6ms
[go2:sport] DRY cmd#229 seq=261 v=0.000 w=0.000 dt=40.0ms policy_zmq_lag=0.6ms
[go2:sport] DRY cmd#230 seq=262 v=0.000 w=0.000 dt=40.0ms policy_zmq_lag=0.6ms
[go2:sport] DRY cmd#231 seq=263 v=0.000 w=0.000 dt=40.0ms policy_zmq_lag=0.6ms
[go2:sport] DRY cmd#232 seq=264 v=0.000 w=0.000 dt=40.1ms policy_zmq_lag=0.6ms
[go2:sport] DRY cmd#233 seq=265 v=0.000 w=0.000 dt=39.9ms policy_zmq_lag=0.6ms
[go2:sport] DRY cmd#234 seq=266 v=0.000 w=0.000 dt=40.3ms policy_zmq_lag=0.7ms
[go2:sport] DRY cmd#235 seq=267 v=0.000 w=0.000 dt=40.1ms policy_zmq_lag=0.7ms
[go2:sport] DRY cmd#236 seq=268 v=0.000 w=0.000 dt=39.6ms policy_zmq_lag=0.6ms
[go2:sport] DRY cmd#237 seq=269 v=0.000 w=0.000 dt=39.9ms policy_zmq_lag=0.6ms
[go2:sport] DRY cmd#238 seq=270 v=0.000 w=0.000 dt=40.1ms policy_zmq_lag=0.6ms
[go2:sport] DRY cmd#239 seq=271 v=0.000 w=0.000 dt=40.0ms policy_zmq_lag=0.6ms
[go2:sport] DRY cmd#240 seq=272 v=0.000 w=0.000 dt=39.8ms policy_zmq_lag=0.6ms
[go2:sport] DRY cmd#241 seq=273 v=0.000 w=0.000 dt=40.1ms policy_zmq_lag=0.6ms
[go2:sport] DRY cmd#242 seq=274 v=0.000 w=0.000 dt=40.1ms policy_zmq_lag=0.6ms
[go2:sport] DRY cmd#243 seq=275 v=0.000 w=0.000 dt=40.4ms policy_zmq_lag=1.1ms
[go2:sport] DRY cmd#244 seq=276 v=0.000 w=0.000 dt=39.4ms policy_zmq_lag=0.5ms
[go2:sport] DRY cmd#245 seq=277 v=0.000 w=0.000 dt=40.2ms policy_zmq_lag=0.6ms
[go2:sport] DRY cmd#246 seq=278 v=0.000 w=0.000 dt=40.0ms policy_zmq_lag=0.6ms
[go2:sport] DRY cmd#247 seq=279 v=0.000 w=0.000 dt=40.2ms policy_zmq_lag=0.8ms
[go2:sport] DRY cmd#248 seq=280 v=0.000 w=0.000 dt=39.8ms policy_zmq_lag=0.6ms
[go2:sport] DRY cmd#249 seq=281 v=0.000 w=0.000 dt=40.0ms policy_zmq_lag=0.6ms
[go2:sport] DRY cmd#250 seq=282 v=0.000 w=0.000 dt=40.6ms policy_zmq_lag=0.6ms
[go2:sport] DRY cmd#251 seq=283 v=0.000 w=0.000 dt=39.4ms policy_zmq_lag=0.6ms
[go2:sport] DRY cmd#252 seq=284 v=0.000 w=0.000 dt=39.9ms policy_zmq_lag=0.5ms
[go2:sport] DRY cmd#253 seq=285 v=0.000 w=0.000 dt=40.3ms policy_zmq_lag=0.6ms
[go2:sport] DRY cmd#254 seq=286 v=0.000 w=0.000 dt=39.9ms policy_zmq_lag=0.6ms
[go2:sport] DRY cmd#255 seq=287 v=0.000 w=0.000 dt=40.0ms policy_zmq_lag=0.6ms
[go2:sport] DRY cmd#256 seq=288 v=0.000 w=0.000 dt=40.0ms policy_zmq_lag=0.6ms
[go2:sport] DRY cmd#257 seq=289 v=0.000 w=0.000 dt=40.0ms policy_zmq_lag=0.6ms
[go2:sport] DRY cmd#258 seq=290 v=0.000 w=0.000 dt=40.0ms policy_zmq_lag=0.6ms
[go2:sport] DRY cmd#259 seq=291 v=0.000 w=0.000 dt=40.0ms policy_zmq_lag=0.6ms
[go2:sport] DRY cmd#260 seq=292 v=0.000 w=0.000 dt=40.0ms policy_zmq_lag=0.6ms
[go2:sport] DRY cmd#261 seq=293 v=0.000 w=0.000 dt=40.0ms policy_zmq_lag=0.6ms
[go2:sport] DRY cmd#262 seq=294 v=0.000 w=0.000 dt=40.0ms policy_zmq_lag=0.6ms
[go2:sport] DRY cmd#263 seq=295 v=0.000 w=0.000 dt=40.1ms policy_zmq_lag=0.6ms
[go2:sport] DRY cmd#264 seq=296 v=0.000 w=0.000 dt=40.6ms policy_zmq_lag=1.1ms
[go2:sport] DRY cmd#265 seq=297 v=0.000 w=0.000 dt=39.3ms policy_zmq_lag=0.6ms
[go2:sport] DRY cmd#266 seq=298 v=0.000 w=0.000 dt=40.1ms policy_zmq_lag=0.6ms
[go2:sport] DRY cmd#267 seq=299 v=0.000 w=0.000 dt=40.3ms policy_zmq_lag=0.6ms
[go2:sport] DRY cmd#268 seq=300 v=0.000 w=0.000 dt=40.3ms policy_zmq_lag=0.6ms
[go2:sport] DRY cmd#269 seq=301 v=0.000 w=0.000 dt=39.5ms policy_zmq_lag=0.7ms
[go2:sport] DRY cmd#270 seq=302 v=0.000 w=0.000 dt=39.8ms policy_zmq_lag=0.6ms
[go2:sport] DRY cmd#271 seq=303 v=0.000 w=0.000 dt=40.0ms policy_zmq_lag=0.6ms
[go2:sport] DRY cmd#272 seq=304 v=0.000 w=0.000 dt=40.1ms policy_zmq_lag=0.6ms
[go2:sport] DRY cmd#273 seq=305 v=0.000 w=0.000 dt=40.3ms policy_zmq_lag=0.6ms
[go2:sport] DRY cmd#274 seq=306 v=0.000 w=0.000 dt=39.8ms policy_zmq_lag=0.6ms
[go2:sport] DRY cmd#275 seq=307 v=0.000 w=0.000 dt=40.1ms policy_zmq_lag=0.6ms
[go2:sport] DRY cmd#276 seq=308 v=0.000 w=0.000 dt=39.7ms policy_zmq_lag=0.6ms
[go2:sport] DRY cmd#277 seq=309 v=0.000 w=0.000 dt=40.0ms policy_zmq_lag=0.6ms
[go2:sport] DRY cmd#278 seq=310 v=0.000 w=0.000 dt=40.5ms policy_zmq_lag=0.6ms
[go2:sport] DRY cmd#279 seq=311 v=0.000 w=0.000 dt=39.7ms policy_zmq_lag=0.6ms
[go2:sport] DRY cmd#280 seq=312 v=0.000 w=0.000 dt=39.8ms policy_zmq_lag=0.6ms
[go2:sport] DRY cmd#281 seq=313 v=0.000 w=0.000 dt=40.1ms policy_zmq_lag=0.6ms
[go2:sport] DRY cmd#282 seq=314 v=0.000 w=0.000 dt=40.1ms policy_zmq_lag=0.6ms
[go2:sport] DRY cmd#283 seq=315 v=0.000 w=0.000 dt=39.9ms policy_zmq_lag=0.6ms
[go2:sport] DRY cmd#284 seq=316 v=0.000 w=0.000 dt=40.0ms policy_zmq_lag=0.6ms
[go2:sport] DRY cmd#285 seq=317 v=0.000 w=0.000 dt=39.9ms policy_zmq_lag=0.6ms
[go2:sport] DRY cmd#286 seq=318 v=0.000 w=0.000 dt=40.2ms policy_zmq_lag=0.7ms
[go2:sport] DRY cmd#287 seq=319 v=0.000 w=0.000 dt=39.9ms policy_zmq_lag=0.6ms
[go2:sport] DRY cmd#288 seq=320 v=0.000 w=0.000 dt=40.0ms policy_zmq_lag=0.6ms
[go2:sport] DRY cmd#289 seq=321 v=0.000 w=0.000 dt=40.0ms policy_zmq_lag=0.6ms
[go2:sport] DRY cmd#290 seq=322 v=0.000 w=0.000 dt=40.0ms policy_zmq_lag=0.6ms
[go2:sport] DRY cmd#291 seq=323 v=0.000 w=0.000 dt=40.1ms policy_zmq_lag=0.6ms
[go2:sport] DRY cmd#292 seq=324 v=0.000 w=0.000 dt=39.9ms policy_zmq_lag=0.6ms
[go2:sport] DRY cmd#293 seq=325 v=0.000 w=0.000 dt=42.1ms policy_zmq_lag=2.2ms
[go2:sport] DRY cmd#294 seq=326 v=0.000 w=0.000 dt=39.7ms policy_zmq_lag=0.6ms
[go2:sport] DRY cmd#295 seq=327 v=0.000 w=0.000 dt=38.2ms policy_zmq_lag=0.6ms
[go2:sport] DRY cmd#296 seq=328 v=0.000 w=0.000 dt=40.0ms policy_zmq_lag=0.6ms
[go2:sport] DRY cmd#297 seq=329 v=0.000 w=0.000 dt=39.9ms policy_zmq_lag=0.6ms
[go2:sport] DRY cmd#298 seq=330 v=0.000 w=0.000 dt=40.8ms policy_zmq_lag=0.6ms
[go2:sport] DRY cmd#299 seq=331 v=0.000 w=0.000 dt=39.5ms policy_zmq_lag=0.6ms
[go2:sport] DRY cmd#300 seq=332 v=0.000 w=0.000 dt=39.8ms policy_zmq_lag=0.6ms
[go2:sport] DRY cmd#301 seq=333 v=0.000 w=0.000 dt=40.0ms policy_zmq_lag=0.6ms
[go2:sport] DRY cmd#302 seq=334 v=0.000 w=0.000 dt=40.4ms policy_zmq_lag=0.6ms
[go2:sport] DRY cmd#303 seq=335 v=0.000 w=0.000 dt=39.5ms policy_zmq_lag=0.6ms
[go2:sport] DRY cmd#304 seq=336 v=0.000 w=0.000 dt=39.9ms policy_zmq_lag=0.6ms
[go2:sport] DRY cmd#305 seq=337 v=0.000 w=0.000 dt=40.0ms policy_zmq_lag=0.6ms
[go2:sport] DRY cmd#306 seq=338 v=0.000 w=0.000 dt=40.2ms policy_zmq_lag=0.7ms
[go2:sport] DRY cmd#307 seq=339 v=0.000 w=0.000 dt=40.0ms policy_zmq_lag=0.6ms
[go2:sport] DRY cmd#308 seq=340 v=0.000 w=0.000 dt=40.0ms policy_zmq_lag=0.6ms
[go2:sport] DRY cmd#309 seq=341 v=0.000 w=0.000 dt=40.5ms policy_zmq_lag=0.6ms
[go2:sport] DRY cmd#310 seq=342 v=0.000 w=0.000 dt=39.5ms policy_zmq_lag=0.6ms
[go2:sport] DRY cmd#311 seq=343 v=0.000 w=0.000 dt=40.3ms policy_zmq_lag=0.6ms
[go2:sport] DRY cmd#312 seq=344 v=0.000 w=0.000 dt=41.5ms policy_zmq_lag=2.5ms
[go2:sport] DRY cmd#313 seq=345 v=0.000 w=0.000 dt=38.0ms policy_zmq_lag=0.6ms
[go2:sport] DRY cmd#314 seq=346 v=0.000 w=0.000 dt=41.5ms policy_zmq_lag=0.6ms
[go2:sport] DRY cmd#315 seq=347 v=0.000 w=0.000 dt=38.6ms policy_zmq_lag=0.6ms
[go2:sport] DRY cmd#316 seq=348 v=0.000 w=0.000 dt=40.0ms policy_zmq_lag=0.6ms
[go2:sport] DRY cmd#317 seq=349 v=0.000 w=0.000 dt=40.2ms policy_zmq_lag=0.6ms
[go2:sport] DRY cmd#318 seq=350 v=0.000 w=0.000 dt=39.5ms policy_zmq_lag=0.6ms
[go2:sport] DRY cmd#319 seq=351 v=0.000 w=0.000 dt=40.0ms policy_zmq_lag=0.6ms
[go2:sport] DRY cmd#320 seq=352 v=0.000 w=0.000 dt=40.6ms policy_zmq_lag=0.6ms
[go2:sport] DRY cmd#321 seq=353 v=0.000 w=0.000 dt=40.0ms policy_zmq_lag=0.6ms
[go2:sport] DRY cmd#322 seq=354 v=0.000 w=0.000 dt=40.1ms policy_zmq_lag=0.6ms
[go2:sport] DRY cmd#323 seq=355 v=0.000 w=0.000 dt=39.3ms policy_zmq_lag=0.6ms
[go2:sport] DRY cmd#324 seq=356 v=0.000 w=0.000 dt=40.0ms policy_zmq_lag=0.5ms
[go2:sport] DRY cmd#325 seq=357 v=0.000 w=0.000 dt=39.9ms policy_zmq_lag=0.5ms
[go2:sport] DRY cmd#326 seq=358 v=0.000 w=0.000 dt=40.0ms policy_zmq_lag=0.5ms
[go2:sport] DRY cmd#327 seq=359 v=0.000 w=0.000 dt=40.2ms policy_zmq_lag=0.5ms
[go2:sport] DRY cmd#328 seq=360 v=0.000 w=0.000 dt=40.2ms policy_zmq_lag=0.7ms
[go2:sport] DRY cmd#329 seq=361 v=0.000 w=0.000 dt=39.8ms policy_zmq_lag=0.6ms
[go2:sport] DRY cmd#330 seq=362 v=0.000 w=0.000 dt=39.8ms policy_zmq_lag=0.6ms
[go2:sport] DRY cmd#331 seq=363 v=0.000 w=0.000 dt=39.9ms policy_zmq_lag=0.5ms
[go2:sport] DRY cmd#332 seq=364 v=0.000 w=0.000 dt=40.0ms policy_zmq_lag=0.5ms
[go2:sport] DRY cmd#333 seq=365 v=0.000 w=0.000 dt=40.2ms policy_zmq_lag=0.6ms
[go2:sport] DRY cmd#334 seq=366 v=0.000 w=0.000 dt=40.5ms policy_zmq_lag=0.6ms
[go2:sport] DRY cmd#335 seq=367 v=0.000 w=0.000 dt=40.1ms policy_zmq_lag=0.6ms
[go2:sport] DRY cmd#336 seq=368 v=0.000 w=0.000 dt=39.4ms policy_zmq_lag=0.6ms
[go2:sport] DRY cmd#337 seq=369 v=0.000 w=0.000 dt=43.7ms policy_zmq_lag=1.0ms
[go2:sport] DRY cmd#338 seq=370 v=0.000 w=0.000 dt=36.7ms policy_zmq_lag=0.5ms
[go2:sport] DRY cmd#339 seq=371 v=0.000 w=0.000 dt=39.4ms policy_zmq_lag=0.5ms
[go2:sport] DRY cmd#340 seq=372 v=0.000 w=0.000 dt=40.8ms policy_zmq_lag=0.6ms
[go2:sport] DRY cmd#341 seq=373 v=0.000 w=0.000 dt=40.0ms policy_zmq_lag=0.6ms
[go2:sport] DRY cmd#342 seq=374 v=0.000 w=0.000 dt=39.4ms policy_zmq_lag=0.6ms
[go2:sport] DRY cmd#343 seq=375 v=0.000 w=0.000 dt=39.8ms policy_zmq_lag=0.5ms
[go2:sport] DRY cmd#344 seq=376 v=0.000 w=0.000 dt=40.0ms policy_zmq_lag=0.5ms
[go2:sport] DRY cmd#345 seq=377 v=0.000 w=0.000 dt=40.6ms policy_zmq_lag=0.5ms
[go2:sport] DRY cmd#346 seq=378 v=0.000 w=0.000 dt=39.4ms policy_zmq_lag=0.6ms
[go2:sport] DRY cmd#347 seq=379 v=0.000 w=0.000 dt=40.8ms policy_zmq_lag=0.6ms
[go2:sport] DRY cmd#348 seq=380 v=0.000 w=0.000 dt=39.1ms policy_zmq_lag=0.5ms
[go2:sport] DRY cmd#349 seq=381 v=0.000 w=0.000 dt=40.3ms policy_zmq_lag=0.7ms
[go2:sport] DRY cmd#350 seq=382 v=0.000 w=0.000 dt=40.4ms policy_zmq_lag=0.6ms
[go2:sport] DRY cmd#351 seq=383 v=0.000 w=0.000 dt=39.4ms policy_zmq_lag=0.5ms
[go2:sport] DRY cmd#352 seq=384 v=0.000 w=0.000 dt=40.6ms policy_zmq_lag=0.6ms
[go2:sport] DRY cmd#353 seq=385 v=0.000 w=0.000 dt=40.3ms policy_zmq_lag=0.6ms
[go2:sport] DRY cmd#354 seq=386 v=0.000 w=0.000 dt=39.6ms policy_zmq_lag=0.5ms
[go2:sport] DRY cmd#355 seq=387 v=0.076 w=0.076 dt=48.5ms policy_zmq_lag=0.7ms action_age=52.9ms scan_age=52.2ms scan_rx_age=29.6ms odom_age=9.9ms odom_rx_age=9.0ms sensor_skew=42.3ms loop_to_send=8.5ms
[go2:sport] DRY cmd#356 seq=388 v=0.197 w=0.197 dt=37.5ms policy_zmq_lag=0.6ms action_age=50.4ms scan_age=49.8ms scan_rx_age=24.9ms odom_age=7.4ms odom_rx_age=6.5ms sensor_skew=42.4ms loop_to_send=6.0ms
[go2:sport] DRY cmd#357 seq=389 v=0.316 w=0.316 dt=40.0ms policy_zmq_lag=0.6ms action_age=30.5ms scan_age=29.9ms scan_rx_age=6.7ms odom_age=10.6ms odom_rx_age=9.5ms sensor_skew=19.3ms loop_to_send=6.1ms
[go2:sport] DRY cmd#358 seq=390 v=0.435 w=0.197 dt=39.4ms policy_zmq_lag=0.6ms action_age=49.9ms scan_age=49.3ms scan_rx_age=25.1ms odom_age=10.2ms odom_rx_age=9.4ms sensor_skew=39.2ms loop_to_send=6.0ms
[go2:sport] DRY cmd#359 seq=391 v=0.556 w=0.076 dt=40.4ms policy_zmq_lag=0.6ms action_age=50.2ms scan_age=49.7ms scan_rx_age=25.8ms odom_age=7.3ms odom_rx_age=6.4ms sensor_skew=42.4ms loop_to_send=5.9ms
[go2:sport] DRY cmd#360 seq=392 v=0.677 w=-0.045 dt=40.3ms policy_zmq_lag=0.6ms action_age=50.6ms scan_age=50.0ms scan_rx_age=25.3ms odom_age=7.5ms odom_rx_age=6.5ms sensor_skew=42.5ms loop_to_send=6.0ms
[go2:sport] DRY cmd#361 seq=393 v=0.795 w=-0.163 dt=39.1ms policy_zmq_lag=0.6ms action_age=29.8ms scan_age=29.2ms scan_rx_age=6.6ms odom_age=9.9ms odom_rx_age=9.1ms sensor_skew=19.3ms loop_to_send=5.8ms
[go2:sport] DRY cmd#362 seq=394 v=0.900 w=-0.283 dt=40.2ms policy_zmq_lag=0.7ms action_age=51.1ms scan_age=50.4ms scan_rx_age=24.8ms odom_age=10.1ms odom_rx_age=9.1ms sensor_skew=40.3ms loop_to_send=6.1ms
[go2:sport] DRY cmd#363 seq=395 v=0.900 w=-0.403 dt=41.3ms policy_zmq_lag=0.7ms action_age=51.4ms scan_age=50.6ms scan_rx_age=26.4ms odom_age=8.1ms odom_rx_age=7.1ms sensor_skew=42.5ms loop_to_send=6.5ms
[go2:sport] DRY cmd#364 seq=396 v=0.900 w=-0.409 dt=39.6ms policy_zmq_lag=0.7ms action_age=51.0ms scan_age=50.4ms scan_rx_age=25.4ms odom_age=7.8ms odom_rx_age=6.8ms sensor_skew=42.5ms loop_to_send=6.2ms
[go2:sport] DRY cmd#365 seq=397 v=0.900 w=-0.321 dt=40.4ms policy_zmq_lag=0.6ms action_age=51.4ms scan_age=50.8ms scan_rx_age=27.5ms odom_age=8.2ms odom_rx_age=7.0ms sensor_skew=42.6ms loop_to_send=6.4ms
[go2:sport] DRY cmd#366 seq=398 v=0.900 w=-0.201 dt=39.5ms policy_zmq_lag=0.6ms action_age=51.0ms scan_age=50.3ms scan_rx_age=26.2ms odom_age=7.8ms odom_rx_age=6.7ms sensor_skew=42.5ms loop_to_send=6.1ms
[go2:sport] DRY cmd#367 seq=399 v=0.900 w=-0.082 dt=39.8ms policy_zmq_lag=0.8ms action_age=50.4ms scan_age=49.6ms scan_rx_age=26.6ms odom_age=7.4ms odom_rx_age=6.4ms sensor_skew=42.2ms loop_to_send=5.9ms
[go2:sport] DRY cmd#368 seq=400 v=0.900 w=0.036 dt=39.1ms policy_zmq_lag=0.6ms action_age=49.9ms scan_age=49.3ms scan_rx_age=24.3ms odom_age=9.3ms odom_rx_age=8.3ms sensor_skew=40.0ms loop_to_send=5.8ms
[go2:sport] DRY cmd#369 seq=401 v=0.900 w=0.157 dt=40.6ms policy_zmq_lag=0.6ms action_age=30.2ms scan_age=29.5ms scan_rx_age=6.6ms odom_age=10.7ms odom_rx_age=9.5ms sensor_skew=18.9ms loop_to_send=6.0ms
[go2:sport] DRY cmd#370 seq=402 v=0.900 w=0.278 dt=40.0ms policy_zmq_lag=0.6ms action_age=50.5ms scan_age=49.9ms scan_rx_age=25.3ms odom_age=7.3ms odom_rx_age=6.4ms sensor_skew=42.6ms loop_to_send=5.9ms
[go2:sport] DRY cmd#371 seq=403 v=0.900 w=0.398 dt=39.9ms policy_zmq_lag=0.6ms action_age=50.2ms scan_age=49.6ms scan_rx_age=25.5ms odom_age=7.2ms odom_rx_age=6.3ms sensor_skew=42.4ms loop_to_send=5.8ms
[go2:sport] DRY cmd#372 seq=404 v=0.900 w=0.517 dt=39.6ms policy_zmq_lag=0.6ms action_age=29.9ms scan_age=29.3ms scan_rx_age=6.3ms odom_age=10.2ms odom_rx_age=9.3ms sensor_skew=19.1ms loop_to_send=5.8ms
[go2:sport] DRY cmd#373 seq=405 v=0.900 w=0.638 dt=40.4ms policy_zmq_lag=0.6ms action_age=50.4ms scan_age=49.8ms scan_rx_age=27.0ms odom_age=7.2ms odom_rx_age=6.3ms sensor_skew=42.6ms loop_to_send=5.8ms
[go2:sport] DRY cmd#374 seq=406 v=0.900 w=0.758 dt=39.9ms policy_zmq_lag=0.6ms action_age=50.1ms scan_age=49.5ms scan_rx_age=25.6ms odom_age=7.1ms odom_rx_age=6.2ms sensor_skew=42.4ms loop_to_send=5.7ms
[go2:sport] DRY cmd#375 seq=407 v=0.900 w=0.821 dt=40.1ms policy_zmq_lag=0.6ms action_age=50.2ms scan_age=49.6ms scan_rx_age=25.7ms odom_age=7.1ms odom_rx_age=6.2ms sensor_skew=42.5ms loop_to_send=5.8ms
[go2:sport] DRY cmd#376 seq=408 v=0.900 w=0.821 dt=40.6ms policy_zmq_lag=0.6ms action_age=50.8ms scan_age=50.1ms scan_rx_age=26.0ms odom_age=7.8ms odom_rx_age=6.7ms sensor_skew=42.4ms loop_to_send=6.1ms
[go2:sport] DRY cmd#377 seq=409 v=0.900 w=0.820 dt=39.7ms policy_zmq_lag=0.7ms action_age=50.4ms scan_age=49.7ms scan_rx_age=25.9ms odom_age=7.4ms odom_rx_age=6.5ms sensor_skew=42.3ms loop_to_send=6.0ms
[go2:sport] DRY cmd#378 seq=410 v=0.900 w=0.821 dt=39.9ms policy_zmq_lag=1.0ms action_age=50.6ms scan_age=49.6ms scan_rx_age=25.4ms odom_age=10.6ms odom_rx_age=9.8ms sensor_skew=39.0ms loop_to_send=6.2ms
[go2:sport] DRY cmd#379 seq=411 v=0.900 w=0.820 dt=40.2ms policy_zmq_lag=0.7ms action_age=50.6ms scan_age=50.0ms scan_rx_age=25.9ms odom_age=7.6ms odom_rx_age=6.5ms sensor_skew=42.4ms loop_to_send=5.9ms
[go2:sport] DRY cmd#380 seq=412 v=0.900 w=0.819 dt=39.5ms policy_zmq_lag=0.6ms action_age=50.2ms scan_age=49.6ms scan_rx_age=24.6ms odom_age=7.2ms odom_rx_age=6.3ms sensor_skew=42.4ms loop_to_send=5.8ms
[go2:sport] DRY cmd#381 seq=413 v=0.900 w=0.821 dt=41.5ms policy_zmq_lag=0.6ms action_age=31.7ms scan_age=31.1ms scan_rx_age=8.0ms odom_age=12.1ms odom_rx_age=10.9ms sensor_skew=19.0ms loop_to_send=7.4ms
[go2:sport] DRY cmd#382 seq=414 v=0.900 w=0.821 dt=38.8ms policy_zmq_lag=0.6ms action_age=50.5ms scan_age=49.8ms scan_rx_age=25.6ms odom_age=7.4ms odom_rx_age=6.4ms sensor_skew=42.4ms loop_to_send=5.8ms
[go2:sport] DRY cmd#383 seq=415 v=0.900 w=0.820 dt=40.2ms policy_zmq_lag=0.6ms action_age=50.7ms scan_age=50.1ms scan_rx_age=26.9ms odom_age=7.7ms odom_rx_age=6.7ms sensor_skew=42.3ms loop_to_send=6.1ms
[go2:sport] DRY cmd#384 seq=416 v=0.900 w=0.819 dt=39.3ms policy_zmq_lag=0.6ms action_age=30.1ms scan_age=29.4ms scan_rx_age=6.4ms odom_age=10.3ms odom_rx_age=9.5ms sensor_skew=19.1ms loop_to_send=5.9ms
[go2:sport] DRY cmd#385 seq=417 v=0.900 w=0.821 dt=40.8ms policy_zmq_lag=0.6ms action_age=50.9ms scan_age=50.3ms scan_rx_age=25.9ms odom_age=7.7ms odom_rx_age=6.7ms sensor_skew=42.6ms loop_to_send=6.1ms
[go2:sport] DRY cmd#386 seq=418 v=0.900 w=0.821 dt=39.8ms policy_zmq_lag=0.6ms action_age=50.5ms scan_age=49.9ms scan_rx_age=26.9ms odom_age=7.5ms odom_rx_age=6.5ms sensor_skew=42.4ms loop_to_send=6.0ms
[go2:sport] DRY cmd#387 seq=419 v=0.900 w=0.820 dt=40.1ms policy_zmq_lag=0.6ms action_age=50.6ms scan_age=50.0ms scan_rx_age=26.1ms odom_age=7.6ms odom_rx_age=6.6ms sensor_skew=42.3ms loop_to_send=6.0ms
[go2:sport] DRY cmd#388 seq=420 v=0.900 w=0.804 dt=39.5ms policy_zmq_lag=0.6ms action_age=50.1ms scan_age=49.5ms scan_rx_age=25.6ms odom_age=7.2ms odom_rx_age=6.4ms sensor_skew=42.3ms loop_to_send=5.9ms
[go2:sport] DRY cmd#389 seq=421 v=0.900 w=0.797 dt=40.1ms policy_zmq_lag=0.6ms action_age=50.2ms scan_age=49.6ms scan_rx_age=25.7ms odom_age=7.3ms odom_rx_age=6.4ms sensor_skew=42.3ms loop_to_send=5.9ms
[go2:sport] DRY cmd#390 seq=422 v=0.900 w=0.740 dt=40.3ms policy_zmq_lag=0.6ms action_age=30.6ms scan_age=30.0ms scan_rx_age=7.0ms odom_age=11.0ms odom_rx_age=10.1ms sensor_skew=19.0ms loop_to_send=6.4ms
[go2:sport] DRY cmd#391 seq=423 v=0.900 w=0.708 dt=40.1ms policy_zmq_lag=0.6ms action_age=50.9ms scan_age=50.2ms scan_rx_age=25.9ms odom_age=7.7ms odom_rx_age=6.8ms sensor_skew=42.5ms loop_to_send=6.2ms
[go2:sport] DRY cmd#392 seq=424 v=0.900 w=0.701 dt=39.6ms policy_zmq_lag=0.6ms action_age=50.1ms scan_age=49.5ms scan_rx_age=25.8ms odom_age=7.4ms odom_rx_age=6.5ms sensor_skew=42.1ms loop_to_send=6.0ms
[go2:sport] DRY cmd#393 seq=425 v=0.900 w=0.742 dt=39.8ms policy_zmq_lag=0.6ms action_age=50.2ms scan_age=49.6ms scan_rx_age=25.1ms odom_age=7.3ms odom_rx_age=6.4ms sensor_skew=42.3ms loop_to_send=5.9ms
[go2:sport] DRY cmd#394 seq=426 v=0.900 w=0.784 dt=39.7ms policy_zmq_lag=0.6ms action_age=50.1ms scan_age=49.5ms scan_rx_age=24.9ms odom_age=7.0ms odom_rx_age=6.2ms sensor_skew=42.5ms loop_to_send=5.7ms
[go2:sport] DRY cmd#395 seq=427 v=0.900 w=0.792 dt=39.7ms policy_zmq_lag=0.7ms action_age=49.6ms scan_age=48.9ms scan_rx_age=25.1ms odom_age=10.0ms odom_rx_age=9.2ms sensor_skew=38.9ms loop_to_send=5.7ms
[go2:sport] DRY cmd#396 seq=428 v=0.900 w=0.783 dt=41.4ms policy_zmq_lag=0.7ms action_age=30.9ms scan_age=30.3ms scan_rx_age=7.1ms odom_age=11.3ms odom_rx_age=9.9ms sensor_skew=18.9ms loop_to_send=6.5ms
[go2:sport] DRY cmd#397 seq=429 v=0.900 w=0.772 dt=40.2ms policy_zmq_lag=0.7ms action_age=51.1ms scan_age=50.4ms scan_rx_age=27.3ms odom_age=8.2ms odom_rx_age=7.2ms sensor_skew=42.2ms loop_to_send=6.6ms
[go2:sport] DRY cmd#398 seq=430 v=0.900 w=0.776 dt=40.5ms policy_zmq_lag=0.6ms action_age=51.6ms scan_age=51.0ms scan_rx_age=27.0ms odom_age=8.7ms odom_rx_age=7.7ms sensor_skew=42.3ms loop_to_send=7.1ms
[go2:sport] DRY cmd#399 seq=431 v=0.900 w=0.775 dt=39.6ms policy_zmq_lag=0.7ms action_age=51.4ms scan_age=50.8ms scan_rx_age=26.3ms odom_age=8.2ms odom_rx_age=7.1ms sensor_skew=42.6ms loop_to_send=6.5ms
[go2:sport] DRY cmd#400 seq=432 v=0.900 w=0.777 dt=39.4ms policy_zmq_lag=0.7ms action_age=50.7ms scan_age=50.1ms scan_rx_age=25.9ms odom_age=7.7ms odom_rx_age=6.6ms sensor_skew=42.4ms loop_to_send=6.1ms
[go2:sport] DRY cmd#401 seq=433 v=0.900 w=0.779 dt=39.9ms policy_zmq_lag=0.6ms action_age=50.6ms scan_age=50.0ms scan_rx_age=25.7ms odom_age=7.7ms odom_rx_age=6.6ms sensor_skew=42.3ms loop_to_send=6.0ms
[go2:sport] DRY cmd#402 seq=434 v=0.900 w=0.783 dt=39.4ms policy_zmq_lag=0.6ms action_age=49.9ms scan_age=49.3ms scan_rx_age=25.4ms odom_age=20.4ms odom_rx_age=19.6ms sensor_skew=28.8ms loop_to_send=5.8ms
[go2:sport] DRY cmd#403 seq=435 v=0.900 w=0.788 dt=40.5ms policy_zmq_lag=0.6ms action_age=50.4ms scan_age=49.8ms scan_rx_age=26.1ms odom_age=7.5ms odom_rx_age=6.5ms sensor_skew=42.3ms loop_to_send=5.9ms
[go2:sport] DRY cmd#404 seq=436 v=0.900 w=0.783 dt=39.6ms policy_zmq_lag=0.6ms action_age=50.0ms scan_age=49.4ms scan_rx_age=25.0ms odom_age=7.2ms odom_rx_age=6.3ms sensor_skew=42.2ms loop_to_send=5.8ms
[go2:sport] DRY cmd#405 seq=437 v=0.900 w=0.780 dt=40.1ms policy_zmq_lag=0.7ms action_age=30.1ms scan_age=29.4ms scan_rx_age=6.5ms odom_age=10.5ms odom_rx_age=9.3ms sensor_skew=18.9ms loop_to_send=6.0ms
[go2:sport] DRY cmd#406 seq=438 v=0.900 w=0.776 dt=40.7ms policy_zmq_lag=0.6ms action_age=51.0ms scan_age=50.4ms scan_rx_age=26.3ms odom_age=7.9ms odom_rx_age=6.8ms sensor_skew=42.5ms loop_to_send=6.2ms
[go2:sport] DRY cmd#407 seq=439 v=0.900 w=0.778 dt=39.5ms policy_zmq_lag=0.6ms action_age=50.3ms scan_age=49.7ms scan_rx_age=25.6ms odom_age=7.6ms odom_rx_age=6.5ms sensor_skew=42.1ms loop_to_send=6.0ms
[go2:sport] DRY cmd#408 seq=440 v=0.900 w=0.780 dt=39.7ms policy_zmq_lag=0.6ms action_age=50.1ms scan_age=49.5ms scan_rx_age=25.7ms odom_age=7.2ms odom_rx_age=6.3ms sensor_skew=42.3ms loop_to_send=5.8ms
[go2:sport] DRY cmd#409 seq=441 v=0.900 w=0.794 dt=39.9ms policy_zmq_lag=0.6ms action_age=50.0ms scan_age=49.4ms scan_rx_age=25.6ms odom_age=7.1ms odom_rx_age=6.2ms sensor_skew=42.3ms loop_to_send=5.8ms
[go2:sport] DRY cmd#410 seq=442 v=0.900 w=0.804 dt=40.4ms policy_zmq_lag=0.6ms action_age=50.4ms scan_age=49.8ms scan_rx_age=25.8ms odom_age=7.4ms odom_rx_age=6.4ms sensor_skew=42.3ms loop_to_send=5.9ms
[go2:sport] DRY cmd#411 seq=443 v=0.900 w=0.805 dt=40.9ms policy_zmq_lag=0.6ms action_age=51.4ms scan_age=50.8ms scan_rx_age=26.7ms odom_age=11.8ms odom_rx_age=11.0ms sensor_skew=39.0ms loop_to_send=6.7ms
[go2:sport] DRY cmd#412 seq=444 v=0.900 w=0.801 dt=39.3ms policy_zmq_lag=0.6ms action_age=50.6ms scan_age=50.0ms scan_rx_age=25.6ms odom_age=7.8ms odom_rx_age=7.0ms sensor_skew=42.1ms loop_to_send=6.4ms
[go2:sport] DRY cmd#413 seq=445 v=0.900 w=0.794 dt=40.3ms policy_zmq_lag=0.7ms action_age=51.1ms scan_age=50.5ms scan_rx_age=25.6ms odom_age=8.0ms odom_rx_age=7.1ms sensor_skew=42.5ms loop_to_send=6.5ms
[go2:sport] DRY cmd#414 seq=446 v=0.900 w=0.674 dt=39.8ms policy_zmq_lag=0.7ms action_age=50.8ms scan_age=50.2ms scan_rx_age=25.4ms odom_age=7.9ms odom_rx_age=6.9ms sensor_skew=42.3ms loop_to_send=6.4ms
[go2:sport] DRY cmd#415 seq=447 v=0.900 w=0.554 dt=39.6ms policy_zmq_lag=0.6ms action_age=50.4ms scan_age=49.7ms scan_rx_age=24.9ms odom_age=7.4ms odom_rx_age=6.4ms sensor_skew=42.3ms loop_to_send=5.9ms
[go2:sport] DRY cmd#416 seq=448 v=0.900 w=0.434 dt=40.0ms policy_zmq_lag=0.6ms action_age=50.3ms scan_age=49.7ms scan_rx_age=25.0ms odom_age=7.4ms odom_rx_age=6.5ms sensor_skew=42.3ms loop_to_send=6.0ms
[go2:sport] DRY cmd#417 seq=449 v=0.900 w=0.315 dt=40.3ms policy_zmq_lag=0.6ms action_age=50.6ms scan_age=50.0ms scan_rx_age=25.4ms odom_age=14.6ms odom_rx_age=13.8ms sensor_skew=35.4ms loop_to_send=6.5ms
[go2:sport] DRY cmd#418 seq=450 v=0.900 w=0.195 dt=39.3ms policy_zmq_lag=0.6ms action_age=50.1ms scan_age=49.4ms scan_rx_age=25.5ms odom_age=10.6ms odom_rx_age=9.7ms sensor_skew=38.9ms loop_to_send=6.0ms
[go2:sport] DRY cmd#419 seq=451 v=0.891 w=0.074 dt=40.2ms policy_zmq_lag=0.6ms action_age=50.2ms scan_age=49.6ms scan_rx_age=25.8ms odom_age=7.4ms odom_rx_age=6.5ms sensor_skew=42.3ms loop_to_send=5.9ms
[go2:sport] DRY cmd#420 seq=452 v=0.891 w=-0.046 dt=40.1ms policy_zmq_lag=0.6ms action_age=50.4ms scan_age=49.8ms scan_rx_age=26.0ms odom_age=7.5ms odom_rx_age=6.5ms sensor_skew=42.3ms loop_to_send=6.0ms
[go2:sport] DRY cmd#421 seq=453 v=0.899 w=-0.165 dt=39.8ms policy_zmq_lag=0.6ms action_age=50.0ms scan_age=49.4ms scan_rx_age=25.0ms odom_age=7.3ms odom_rx_age=6.5ms sensor_skew=42.0ms loop_to_send=5.9ms
[go2:sport] DRY cmd#422 seq=454 v=0.894 w=-0.286 dt=40.2ms policy_zmq_lag=0.7ms action_age=50.1ms scan_age=49.4ms scan_rx_age=24.7ms odom_age=7.4ms odom_rx_age=6.5ms sensor_skew=42.0ms loop_to_send=5.9ms
[go2:sport] DRY cmd#423 seq=455 v=0.894 w=-0.406 dt=40.1ms policy_zmq_lag=0.6ms action_age=50.4ms scan_age=49.7ms scan_rx_age=25.4ms odom_age=7.5ms odom_rx_age=6.5ms sensor_skew=42.3ms loop_to_send=6.0ms
[go2:sport] DRY cmd#424 seq=456 v=0.898 w=-0.525 dt=39.7ms policy_zmq_lag=0.6ms action_age=49.9ms scan_age=49.3ms scan_rx_age=25.0ms odom_age=7.2ms odom_rx_age=6.3ms sensor_skew=42.1ms loop_to_send=5.8ms
[go2:sport] DRY cmd#425 seq=457 v=0.899 w=-0.645 dt=40.0ms policy_zmq_lag=0.6ms action_age=49.9ms scan_age=49.3ms scan_rx_age=25.7ms odom_age=7.2ms odom_rx_age=6.4ms sensor_skew=42.0ms loop_to_send=5.9ms
[go2:sport] DRY cmd#426 seq=458 v=0.899 w=-0.690 dt=40.5ms policy_zmq_lag=0.6ms action_age=50.6ms scan_age=49.9ms scan_rx_age=25.7ms odom_age=7.7ms odom_rx_age=6.6ms sensor_skew=42.3ms loop_to_send=6.0ms
[go2:sport] DRY cmd#427 seq=459 v=0.900 w=-0.578 dt=40.0ms policy_zmq_lag=0.6ms action_age=50.3ms scan_age=49.6ms scan_rx_age=25.9ms odom_age=7.7ms odom_rx_age=6.5ms sensor_skew=42.0ms loop_to_send=6.0ms
[go2:sport] DRY cmd#428 seq=460 v=0.900 w=-0.573 dt=40.4ms policy_zmq_lag=0.6ms action_age=51.0ms scan_age=50.4ms scan_rx_age=27.2ms odom_age=8.1ms odom_rx_age=6.8ms sensor_skew=42.3ms loop_to_send=6.2ms
[go2:sport] DRY cmd#429 seq=461 v=0.899 w=-0.594 dt=39.4ms policy_zmq_lag=0.7ms action_age=50.4ms scan_age=49.7ms scan_rx_age=25.3ms odom_age=7.6ms odom_rx_age=6.5ms sensor_skew=42.1ms loop_to_send=5.9ms
[go2:sport] DRY cmd#430 seq=462 v=0.899 w=-0.609 dt=39.6ms policy_zmq_lag=0.7ms action_age=49.9ms scan_age=49.2ms scan_rx_age=24.9ms odom_age=7.2ms odom_rx_age=6.4ms sensor_skew=42.0ms loop_to_send=5.8ms
[go2:sport] DRY cmd#431 seq=463 v=0.900 w=-0.488 dt=40.3ms policy_zmq_lag=0.7ms action_age=30.4ms scan_age=29.8ms scan_rx_age=6.4ms odom_age=10.8ms odom_rx_age=9.9ms sensor_skew=19.0ms loop_to_send=5.9ms
[go2:sport] DRY cmd#432 seq=464 v=0.900 w=-0.369 dt=39.7ms policy_zmq_lag=0.7ms action_age=49.9ms scan_age=49.2ms scan_rx_age=24.9ms odom_age=7.1ms odom_rx_age=6.3ms sensor_skew=42.1ms loop_to_send=5.8ms
[go2:sport] DRY cmd#433 seq=465 v=0.900 w=-0.249 dt=40.1ms policy_zmq_lag=0.7ms action_age=50.0ms scan_age=49.3ms scan_rx_age=25.7ms odom_age=7.2ms odom_rx_age=6.3ms sensor_skew=42.1ms loop_to_send=5.8ms
[go2:sport] DRY cmd#434 seq=466 v=0.900 w=-0.129 dt=39.9ms policy_zmq_lag=0.6ms action_age=50.0ms scan_age=49.3ms scan_rx_age=25.0ms odom_age=7.2ms odom_rx_age=6.3ms sensor_skew=42.1ms loop_to_send=5.8ms
[go2:sport] DRY cmd#435 seq=467 v=0.900 w=-0.008 dt=40.7ms policy_zmq_lag=0.6ms action_age=50.7ms scan_age=50.1ms scan_rx_age=25.4ms odom_age=7.8ms odom_rx_age=6.7ms sensor_skew=42.3ms loop_to_send=6.1ms
[go2:sport] DRY cmd#436 seq=468 v=0.900 w=0.112 dt=39.7ms policy_zmq_lag=0.6ms action_age=50.4ms scan_age=49.8ms scan_rx_age=26.9ms odom_age=7.6ms odom_rx_age=6.5ms sensor_skew=42.2ms loop_to_send=6.0ms
[go2:sport] DRY cmd#437 seq=469 v=0.900 w=0.232 dt=39.9ms policy_zmq_lag=0.6ms action_age=50.1ms scan_age=49.5ms scan_rx_age=25.9ms odom_age=7.5ms odom_rx_age=6.4ms sensor_skew=42.1ms loop_to_send=5.9ms
[go2:sport] DRY cmd#438 seq=470 v=0.900 w=0.351 dt=40.0ms policy_zmq_lag=0.6ms action_age=30.4ms scan_age=29.7ms scan_rx_age=6.7ms odom_age=20.9ms odom_rx_age=20.1ms sensor_skew=8.8ms loop_to_send=6.1ms
[go2:sport] DRY cmd#439 seq=471 v=0.900 w=0.471 dt=40.1ms policy_zmq_lag=0.6ms action_age=50.7ms scan_age=50.1ms scan_rx_age=25.4ms odom_age=7.7ms odom_rx_age=6.7ms sensor_skew=42.3ms loop_to_send=6.2ms
[go2:sport] DRY cmd#440 seq=472 v=0.900 w=0.591 dt=39.7ms policy_zmq_lag=0.6ms action_age=50.2ms scan_age=49.5ms scan_rx_age=24.9ms odom_age=7.3ms odom_rx_age=6.4ms sensor_skew=42.2ms loop_to_send=5.9ms
[go2:sport] DRY cmd#441 seq=473 v=0.900 w=0.711 dt=40.2ms policy_zmq_lag=0.7ms action_age=50.4ms scan_age=49.8ms scan_rx_age=25.4ms odom_age=10.9ms odom_rx_age=9.9ms sensor_skew=38.9ms loop_to_send=6.3ms
[go2:sport] DRY cmd#442 seq=474 v=0.900 w=0.761 dt=39.8ms policy_zmq_lag=0.6ms action_age=50.0ms scan_age=49.4ms scan_rx_age=25.7ms odom_age=7.4ms odom_rx_age=6.5ms sensor_skew=42.0ms loop_to_send=6.0ms
[go2:sport] DRY cmd#443 seq=475 v=0.900 w=0.760 dt=40.1ms policy_zmq_lag=0.7ms action_age=50.4ms scan_age=49.7ms scan_rx_age=26.0ms odom_age=7.5ms odom_rx_age=6.6ms sensor_skew=42.2ms loop_to_send=6.2ms
[go2:sport] DRY cmd#444 seq=476 v=0.900 w=0.781 dt=40.7ms policy_zmq_lag=0.7ms action_age=51.0ms scan_age=50.4ms scan_rx_age=26.0ms odom_age=8.1ms odom_rx_age=7.0ms sensor_skew=42.3ms loop_to_send=6.5ms
[go2:sport] DRY cmd#445 seq=477 v=0.900 w=0.791 dt=39.9ms policy_zmq_lag=0.6ms action_age=50.8ms scan_age=50.1ms scan_rx_age=26.1ms odom_age=8.0ms odom_rx_age=6.9ms sensor_skew=42.1ms loop_to_send=6.3ms
[go2:sport] DRY cmd#446 seq=478 v=0.900 w=0.790 dt=40.2ms policy_zmq_lag=0.6ms action_age=51.0ms scan_age=50.4ms scan_rx_age=26.2ms odom_age=8.1ms odom_rx_age=6.9ms sensor_skew=42.2ms loop_to_send=6.3ms
[go2:sport] DRY cmd#447 seq=479 v=0.900 w=0.791 dt=39.9ms policy_zmq_lag=0.6ms action_age=50.8ms scan_age=50.1ms scan_rx_age=26.3ms odom_age=8.1ms odom_rx_age=7.0ms sensor_skew=42.0ms loop_to_send=6.4ms
[go2:sport] DRY cmd#448 seq=480 v=0.900 w=0.790 dt=41.4ms policy_zmq_lag=0.7ms action_age=52.2ms scan_age=51.5ms scan_rx_age=27.5ms odom_age=9.5ms odom_rx_age=8.3ms sensor_skew=42.0ms loop_to_send=7.6ms
[go2:sport] DRY cmd#449 seq=481 v=0.900 w=0.804 dt=39.2ms policy_zmq_lag=0.6ms action_age=51.5ms scan_age=50.9ms scan_rx_age=26.7ms odom_age=8.5ms odom_rx_age=7.5ms sensor_skew=42.3ms loop_to_send=6.9ms
[go2:sport] DRY cmd#450 seq=482 v=0.900 w=0.805 dt=39.3ms policy_zmq_lag=0.6ms action_age=30.9ms scan_age=30.2ms scan_rx_age=7.0ms odom_age=11.5ms odom_rx_age=10.4ms sensor_skew=18.7ms loop_to_send=6.5ms
[go2:sport] DRY cmd#451 seq=483 v=0.900 w=0.804 dt=40.0ms policy_zmq_lag=0.6ms action_age=51.0ms scan_age=50.4ms scan_rx_age=25.4ms odom_age=8.2ms odom_rx_age=7.2ms sensor_skew=42.1ms loop_to_send=6.5ms
[go2:sport] DRY cmd#452 seq=484 v=0.900 w=0.799 dt=40.0ms policy_zmq_lag=0.7ms action_age=50.7ms scan_age=50.1ms scan_rx_age=24.8ms odom_age=8.0ms odom_rx_age=7.0ms sensor_skew=42.0ms loop_to_send=6.4ms
[go2:sport] DRY cmd#453 seq=485 v=0.900 w=0.792 dt=40.1ms policy_zmq_lag=0.6ms action_age=51.0ms scan_age=50.4ms scan_rx_age=25.5ms odom_age=8.1ms odom_rx_age=7.1ms sensor_skew=42.2ms loop_to_send=6.5ms
[go2:sport] DRY cmd#454 seq=486 v=0.900 w=0.789 dt=40.5ms policy_zmq_lag=0.6ms action_age=51.4ms scan_age=50.8ms scan_rx_age=26.0ms odom_age=8.5ms odom_rx_age=7.2ms sensor_skew=42.3ms loop_to_send=6.5ms
[go2:sport] DRY cmd#455 seq=487 v=0.900 w=0.796 dt=38.9ms policy_zmq_lag=0.6ms action_age=49.9ms scan_age=49.3ms scan_rx_age=25.2ms odom_age=7.7ms odom_rx_age=6.7ms sensor_skew=41.6ms loop_to_send=6.1ms
[go2:sport] DRY cmd#456 seq=488 v=0.900 w=0.788 dt=40.5ms policy_zmq_lag=0.6ms action_age=50.9ms scan_age=50.3ms scan_rx_age=26.4ms odom_age=8.0ms odom_rx_age=6.9ms sensor_skew=42.3ms loop_to_send=6.2ms
[go2:sport] DRY cmd#457 seq=489 v=0.900 w=0.773 dt=39.8ms policy_zmq_lag=0.6ms action_age=50.4ms scan_age=49.7ms scan_rx_age=25.5ms odom_age=7.8ms odom_rx_age=6.8ms sensor_skew=41.9ms loop_to_send=6.2ms
[go2:sport] DRY cmd#458 seq=490 v=0.900 w=0.769 dt=40.1ms policy_zmq_lag=0.6ms action_age=50.8ms scan_age=50.1ms scan_rx_age=25.6ms odom_age=7.8ms odom_rx_age=6.8ms sensor_skew=42.3ms loop_to_send=6.2ms
[go2:sport] DRY cmd#459 seq=491 v=0.900 w=0.650 dt=39.6ms policy_zmq_lag=0.6ms action_age=50.4ms scan_age=49.7ms scan_rx_age=24.8ms odom_age=7.6ms odom_rx_age=6.6ms sensor_skew=42.1ms loop_to_send=6.0ms
[go2:sport] DRY cmd#460 seq=492 v=0.900 w=0.529 dt=40.3ms policy_zmq_lag=0.7ms action_age=50.5ms scan_age=49.8ms scan_rx_age=25.2ms odom_age=7.9ms odom_rx_age=6.8ms sensor_skew=41.9ms loop_to_send=6.2ms
[go2:sport] DRY cmd#461 seq=493 v=0.900 w=0.429 dt=39.9ms policy_zmq_lag=0.7ms action_age=50.4ms scan_age=49.7ms scan_rx_age=25.0ms odom_age=7.7ms odom_rx_age=6.7ms sensor_skew=42.0ms loop_to_send=6.1ms
[go2:sport] DRY cmd#462 seq=494 v=0.900 w=0.549 dt=39.8ms policy_zmq_lag=0.6ms action_age=50.2ms scan_age=49.6ms scan_rx_age=25.1ms odom_age=7.6ms odom_rx_age=6.6ms sensor_skew=42.0ms loop_to_send=6.1ms
[go2:sport] DRY cmd#463 seq=495 v=0.900 w=0.669 dt=40.6ms policy_zmq_lag=0.7ms action_age=51.0ms scan_age=50.2ms scan_rx_age=25.4ms odom_age=8.1ms odom_rx_age=7.0ms sensor_skew=42.1ms loop_to_send=6.4ms
[go2:sport] DRY cmd#464 seq=496 v=0.900 w=0.550 dt=39.3ms policy_zmq_lag=0.6ms action_age=50.3ms scan_age=49.6ms scan_rx_age=25.7ms odom_age=7.4ms odom_rx_age=6.4ms sensor_skew=42.2ms loop_to_send=5.9ms
[go2:sport] DRY cmd#465 seq=497 v=0.900 w=0.430 dt=39.9ms policy_zmq_lag=0.6ms action_age=50.1ms scan_age=49.5ms scan_rx_age=25.8ms odom_age=7.4ms odom_rx_age=6.4ms sensor_skew=42.1ms loop_to_send=5.9ms
[go2:sport] DRY cmd#466 seq=498 v=0.900 w=0.308 dt=41.3ms policy_zmq_lag=0.6ms action_age=51.5ms scan_age=50.9ms scan_rx_age=25.9ms odom_age=8.6ms odom_rx_age=7.2ms sensor_skew=42.3ms loop_to_send=6.5ms
[go2:sport] DRY cmd#467 seq=499 v=0.900 w=0.189 dt=39.0ms policy_zmq_lag=0.6ms action_age=50.2ms scan_age=49.6ms scan_rx_age=25.7ms odom_age=7.7ms odom_rx_age=6.7ms sensor_skew=41.9ms loop_to_send=6.1ms
[go2:sport] DRY cmd#468 seq=500 v=0.900 w=0.070 dt=39.8ms policy_zmq_lag=0.6ms action_age=50.2ms scan_age=49.6ms scan_rx_age=26.7ms odom_age=7.6ms odom_rx_age=6.6ms sensor_skew=42.0ms loop_to_send=6.0ms
[go2:sport] DRY cmd#469 seq=501 v=0.900 w=-0.051 dt=40.4ms policy_zmq_lag=0.6ms action_age=50.7ms scan_age=50.1ms scan_rx_age=25.4ms odom_age=7.9ms odom_rx_age=6.8ms sensor_skew=42.2ms loop_to_send=6.2ms
[go2:sport] DRY cmd#470 seq=502 v=0.900 w=-0.170 dt=39.1ms policy_zmq_lag=0.6ms action_age=49.6ms scan_age=49.0ms scan_rx_age=24.7ms odom_age=7.2ms odom_rx_age=6.3ms sensor_skew=41.8ms loop_to_send=5.8ms
[go2:sport] DRY cmd#471 seq=503 v=0.900 w=-0.290 dt=40.4ms policy_zmq_lag=0.6ms action_age=50.3ms scan_age=49.7ms scan_rx_age=25.5ms odom_age=7.6ms odom_rx_age=6.5ms sensor_skew=42.2ms loop_to_send=6.0ms
[go2:sport] DRY cmd#472 seq=504 v=0.899 w=-0.411 dt=40.1ms policy_zmq_lag=0.6ms action_age=50.3ms scan_age=49.7ms scan_rx_age=25.4ms odom_age=7.7ms odom_rx_age=6.6ms sensor_skew=42.0ms loop_to_send=6.0ms
[go2:sport] DRY cmd#473 seq=505 v=0.899 w=-0.531 dt=40.5ms policy_zmq_lag=0.6ms action_age=50.9ms scan_age=50.3ms scan_rx_age=25.7ms odom_age=8.1ms odom_rx_age=7.0ms sensor_skew=42.2ms loop_to_send=6.4ms
[go2:sport] DRY cmd#474 seq=506 v=0.897 w=-0.651 dt=39.8ms policy_zmq_lag=0.6ms action_age=30.6ms scan_age=30.0ms scan_rx_age=6.7ms odom_age=14.9ms odom_rx_age=14.0ms sensor_skew=15.1ms loop_to_send=6.1ms
[go2:sport] DRY cmd#475 seq=507 v=0.896 w=-0.771 dt=40.0ms policy_zmq_lag=0.7ms action_age=50.9ms scan_age=50.2ms scan_rx_age=25.2ms odom_age=7.9ms odom_rx_age=6.9ms sensor_skew=42.2ms loop_to_send=6.3ms
[go2:sport] DRY cmd#476 seq=508 v=0.895 w=-0.825 dt=40.1ms policy_zmq_lag=0.7ms action_age=51.0ms scan_age=50.3ms scan_rx_age=26.3ms odom_age=8.1ms odom_rx_age=7.0ms sensor_skew=42.2ms loop_to_send=6.3ms
[go2:sport] DRY cmd#477 seq=509 v=0.846 w=-0.831 dt=39.4ms policy_zmq_lag=0.6ms action_age=30.2ms scan_age=29.5ms scan_rx_age=6.7ms odom_age=11.1ms odom_rx_age=10.2ms sensor_skew=18.5ms loop_to_send=6.1ms
[go2:sport] DRY cmd#478 seq=510 v=0.807 w=-0.832 dt=40.2ms policy_zmq_lag=0.7ms action_age=50.5ms scan_age=49.8ms scan_rx_age=25.1ms odom_age=11.2ms odom_rx_age=10.4ms sensor_skew=38.6ms loop_to_send=6.3ms
[go2:sport] DRY cmd#479 seq=511 v=0.818 w=-0.834 dt=40.1ms policy_zmq_lag=0.7ms action_age=50.7ms scan_age=50.1ms scan_rx_age=26.0ms odom_age=7.8ms odom_rx_age=6.6ms sensor_skew=42.3ms loop_to_send=6.1ms
[go2:sport] DRY cmd#480 seq=512 v=0.699 w=-0.827 dt=39.6ms policy_zmq_lag=0.6ms action_age=30.0ms scan_age=29.4ms scan_rx_age=6.6ms odom_age=10.9ms odom_rx_age=10.1ms sensor_skew=18.5ms loop_to_send=6.1ms
[go2:sport] DRY cmd#481 seq=513 v=0.578 w=-0.827 dt=40.4ms policy_zmq_lag=0.6ms action_age=50.6ms scan_age=49.9ms scan_rx_age=25.3ms odom_age=7.8ms odom_rx_age=6.7ms sensor_skew=42.1ms loop_to_send=6.1ms
[go2:sport] DRY cmd#482 seq=514 v=0.457 w=-0.834 dt=40.9ms policy_zmq_lag=0.8ms action_age=51.2ms scan_age=50.4ms scan_rx_age=25.9ms odom_age=8.3ms odom_rx_age=7.1ms sensor_skew=42.1ms loop_to_send=6.5ms
[go2:sport] DRY cmd#483 seq=515 v=0.339 w=-0.835 dt=38.9ms policy_zmq_lag=0.6ms action_age=50.2ms scan_age=49.6ms scan_rx_age=25.7ms odom_age=7.7ms odom_rx_age=6.7ms sensor_skew=41.9ms loop_to_send=6.1ms
[go2:sport] DRY cmd#484 seq=516 v=0.369 w=-0.836 dt=40.1ms policy_zmq_lag=0.6ms action_age=50.3ms scan_age=49.7ms scan_rx_age=25.1ms odom_age=21.2ms odom_rx_age=20.3ms sensor_skew=28.5ms loop_to_send=6.3ms
[go2:sport] DRY cmd#485 seq=517 v=0.248 w=-0.836 dt=40.0ms policy_zmq_lag=0.6ms action_age=50.4ms scan_age=49.8ms scan_rx_age=26.0ms odom_age=7.8ms odom_rx_age=6.8ms sensor_skew=42.0ms loop_to_send=6.2ms
[go2:sport] DRY cmd#486 seq=518 v=0.368 w=-0.835 dt=39.8ms policy_zmq_lag=0.6ms action_age=50.3ms scan_age=49.7ms scan_rx_age=25.0ms odom_age=7.5ms odom_rx_age=6.6ms sensor_skew=42.2ms loop_to_send=6.0ms
[go2:sport] DRY cmd#487 seq=519 v=0.488 w=-0.836 dt=39.9ms policy_zmq_lag=0.6ms action_age=49.8ms scan_age=49.2ms scan_rx_age=25.8ms odom_age=10.8ms odom_rx_age=10.0ms sensor_skew=38.3ms loop_to_send=6.0ms
[go2:sport] DRY cmd#488 seq=520 v=0.608 w=-0.834 dt=40.3ms policy_zmq_lag=0.7ms action_age=50.3ms scan_age=49.7ms scan_rx_age=26.1ms odom_age=7.8ms odom_rx_age=6.8ms sensor_skew=41.9ms loop_to_send=6.3ms
[go2:sport] DRY cmd#489 seq=521 v=0.729 w=-0.829 dt=40.0ms policy_zmq_lag=0.6ms action_age=50.5ms scan_age=49.8ms scan_rx_age=24.8ms odom_age=7.7ms odom_rx_age=6.7ms sensor_skew=42.1ms loop_to_send=6.1ms
[go2:sport] DRY cmd#490 seq=522 v=0.848 w=-0.824 dt=39.8ms policy_zmq_lag=0.6ms action_age=50.1ms scan_age=49.5ms scan_rx_age=25.0ms odom_age=7.6ms odom_rx_age=6.6ms sensor_skew=42.0ms loop_to_send=6.0ms
[go2:sport] DRY cmd#491 seq=523 v=0.887 w=-0.824 dt=40.1ms policy_zmq_lag=0.6ms action_age=50.6ms scan_age=49.9ms scan_rx_age=25.0ms odom_age=7.8ms odom_rx_age=6.7ms sensor_skew=42.2ms loop_to_send=6.1ms
[go2:sport] DRY cmd#492 seq=524 v=0.889 w=-0.823 dt=40.6ms policy_zmq_lag=0.6ms action_age=50.8ms scan_age=50.2ms scan_rx_age=25.4ms odom_age=8.3ms odom_rx_age=7.0ms sensor_skew=41.9ms loop_to_send=6.4ms
[go2:sport] DRY cmd#493 seq=525 v=0.888 w=-0.822 dt=39.1ms policy_zmq_lag=0.6ms action_age=50.1ms scan_age=49.5ms scan_rx_age=26.0ms odom_age=7.5ms odom_rx_age=6.4ms sensor_skew=42.0ms loop_to_send=5.9ms
[go2:sport] DRY cmd#494 seq=526 v=0.887 w=-0.823 dt=40.8ms policy_zmq_lag=0.6ms action_age=50.9ms scan_age=50.2ms scan_rx_age=25.7ms odom_age=8.3ms odom_rx_age=7.2ms sensor_skew=42.0ms loop_to_send=6.6ms
[go2:sport] DRY cmd#495 seq=527 v=0.886 w=-0.824 dt=38.8ms policy_zmq_lag=0.6ms action_age=49.4ms scan_age=48.8ms scan_rx_age=24.7ms odom_age=7.1ms odom_rx_age=6.2ms sensor_skew=41.7ms loop_to_send=5.7ms
[go2:sport] DRY cmd#496 seq=528 v=0.881 w=-0.828 dt=40.0ms policy_zmq_lag=0.6ms action_age=49.5ms scan_age=48.9ms scan_rx_age=24.6ms odom_age=7.0ms odom_rx_age=6.2ms sensor_skew=41.9ms loop_to_send=5.7ms
[go2:sport] DRY cmd#497 seq=529 v=0.875 w=-0.827 dt=40.9ms policy_zmq_lag=0.6ms action_age=50.3ms scan_age=49.7ms scan_rx_age=25.8ms odom_age=11.1ms odom_rx_age=10.3ms sensor_skew=38.6ms loop_to_send=6.3ms
[go2:sport] DRY cmd#498 seq=530 v=0.880 w=-0.824 dt=41.7ms policy_zmq_lag=0.8ms action_age=52.2ms scan_age=51.4ms scan_rx_age=26.8ms odom_age=9.2ms odom_rx_age=8.0ms sensor_skew=42.1ms loop_to_send=7.3ms
[go2:sport] DRY cmd#499 seq=531 v=0.873 w=-0.827 dt=38.2ms policy_zmq_lag=0.7ms action_age=50.3ms scan_age=49.7ms scan_rx_age=24.7ms odom_age=7.7ms odom_rx_age=6.6ms sensor_skew=42.0ms loop_to_send=6.1ms
[go2:sport] DRY cmd#500 seq=532 v=0.861 w=-0.828 dt=40.5ms policy_zmq_lag=0.6ms action_age=50.9ms scan_age=50.3ms scan_rx_age=25.3ms odom_age=8.3ms odom_rx_age=7.2ms sensor_skew=41.9ms loop_to_send=6.6ms
[go2:sport] DRY cmd#501 seq=533 v=0.853 w=-0.830 dt=40.4ms policy_zmq_lag=0.6ms action_age=51.3ms scan_age=50.7ms scan_rx_age=26.1ms odom_age=8.6ms odom_rx_age=7.1ms sensor_skew=42.2ms loop_to_send=6.5ms
[go2:sport] DRY cmd#502 seq=534 v=0.850 w=-0.830 dt=39.8ms policy_zmq_lag=0.7ms action_age=51.0ms scan_age=50.3ms scan_rx_age=25.9ms odom_age=8.6ms odom_rx_age=7.5ms sensor_skew=41.7ms loop_to_send=6.9ms
[go2:sport] DRY cmd#503 seq=535 v=0.730 w=-0.835 dt=39.0ms policy_zmq_lag=0.6ms action_age=50.0ms scan_age=49.4ms scan_rx_age=24.6ms odom_age=7.5ms odom_rx_age=6.6ms sensor_skew=41.8ms loop_to_send=6.1ms
[go2:sport] DRY cmd#504 seq=536 v=0.609 w=-0.835 dt=40.8ms policy_zmq_lag=0.6ms action_age=51.0ms scan_age=50.4ms scan_rx_age=26.6ms odom_age=8.3ms odom_rx_age=7.2ms sensor_skew=42.0ms loop_to_send=6.6ms
[go2:sport] DRY cmd#505 seq=537 v=0.737 w=-0.832 dt=44.3ms policy_zmq_lag=0.8ms action_age=55.2ms scan_age=54.3ms scan_rx_age=30.0ms odom_age=19.2ms odom_rx_age=16.6ms sensor_skew=35.1ms loop_to_send=8.1ms
[go2:sport] DRY cmd#506 seq=538 v=0.851 w=-0.827 dt=36.0ms policy_zmq_lag=0.6ms action_age=51.2ms scan_age=50.6ms scan_rx_age=26.2ms odom_age=8.1ms odom_rx_age=6.9ms sensor_skew=42.5ms loop_to_send=6.3ms
[go2:sport] DRY cmd#507 seq=539 v=0.768 w=-0.833 dt=39.1ms policy_zmq_lag=0.6ms action_age=50.1ms scan_age=49.5ms scan_rx_age=25.2ms odom_age=7.7ms odom_rx_age=6.7ms sensor_skew=41.8ms loop_to_send=6.2ms
[go2:sport] DRY cmd#508 seq=540 v=0.768 w=-0.833 dt=41.9ms policy_zmq_lag=0.6ms action_age=52.1ms scan_age=51.5ms scan_rx_age=27.6ms odom_age=9.6ms odom_rx_age=8.4ms sensor_skew=41.9ms loop_to_send=7.8ms
[go2:sport] DRY cmd#509 seq=541 v=0.760 w=-0.833 dt=37.9ms policy_zmq_lag=0.6ms action_age=50.1ms scan_age=49.5ms scan_rx_age=25.0ms odom_age=8.0ms odom_rx_age=6.7ms sensor_skew=41.5ms loop_to_send=6.2ms
[go2:sport] DRY cmd#510 seq=542 v=0.640 w=-0.836 dt=40.0ms policy_zmq_lag=0.6ms action_age=57.9ms scan_age=57.3ms scan_rx_age=24.4ms odom_age=7.6ms odom_rx_age=6.6ms sensor_skew=49.7ms loop_to_send=6.1ms
[go2:sport] DRY cmd#511 seq=543 v=0.520 w=-0.836 dt=40.2ms policy_zmq_lag=0.6ms action_age=50.4ms scan_age=49.8ms scan_rx_age=26.1ms odom_age=8.0ms odom_rx_age=6.9ms sensor_skew=41.8ms loop_to_send=6.3ms
[go2:sport] DRY cmd#512 seq=544 v=0.641 w=-0.834 dt=40.7ms policy_zmq_lag=0.6ms action_age=51.1ms scan_age=50.5ms scan_rx_age=25.9ms odom_age=8.7ms odom_rx_age=7.4ms sensor_skew=41.8ms loop_to_send=6.8ms
[go2:sport] DRY cmd#513 seq=545 v=0.521 w=-0.836 dt=39.1ms policy_zmq_lag=0.7ms action_age=50.2ms scan_age=49.5ms scan_rx_age=26.1ms odom_age=7.6ms odom_rx_age=6.6ms sensor_skew=41.9ms loop_to_send=6.0ms
[go2:sport] DRY cmd#514 seq=546 v=0.401 w=-0.836 dt=39.9ms policy_zmq_lag=0.7ms action_age=50.1ms scan_age=49.4ms scan_rx_age=24.7ms odom_age=7.6ms odom_rx_age=6.6ms sensor_skew=41.8ms loop_to_send=6.0ms
[go2:sport] DRY cmd#515 seq=547 v=0.282 w=-0.836 dt=39.8ms policy_zmq_lag=0.6ms action_age=49.8ms scan_age=49.2ms scan_rx_age=25.0ms odom_age=7.5ms odom_rx_age=6.6ms sensor_skew=41.7ms loop_to_send=6.0ms
[go2:sport] DRY cmd#516 seq=548 v=0.161 w=-0.836 dt=40.1ms policy_zmq_lag=0.6ms action_age=49.9ms scan_age=49.3ms scan_rx_age=25.8ms odom_age=7.6ms odom_rx_age=6.6ms sensor_skew=41.8ms loop_to_send=6.0ms
[go2:sport] DRY cmd#517 seq=549 v=0.041 w=-0.836 dt=40.2ms policy_zmq_lag=0.6ms action_age=50.1ms scan_age=49.5ms scan_rx_age=24.8ms odom_age=7.8ms odom_rx_age=6.8ms sensor_skew=41.7ms loop_to_send=6.2ms
[go2:sport] DRY cmd#518 seq=550 v=-0.078 w=-0.836 dt=40.0ms policy_zmq_lag=0.6ms action_age=50.2ms scan_age=49.6ms scan_rx_age=25.4ms odom_age=7.8ms odom_rx_age=6.9ms sensor_skew=41.8ms loop_to_send=6.3ms
[go2:sport] DRY cmd#519 seq=551 v=-0.198 w=-0.835 dt=39.6ms policy_zmq_lag=0.6ms action_age=49.9ms scan_age=49.2ms scan_rx_age=24.6ms odom_age=7.5ms odom_rx_age=6.5ms sensor_skew=41.7ms loop_to_send=5.9ms
[go2:sport] DRY cmd#520 seq=552 v=-0.318 w=-0.835 dt=39.9ms policy_zmq_lag=0.6ms action_age=49.7ms scan_age=49.1ms scan_rx_age=24.8ms odom_age=7.2ms odom_rx_age=6.3ms sensor_skew=41.9ms loop_to_send=5.9ms
[go2:sport] DRY cmd#521 seq=553 v=-0.438 w=-0.835 dt=40.1ms policy_zmq_lag=0.6ms action_age=49.8ms scan_age=49.2ms scan_rx_age=26.1ms odom_age=7.5ms odom_rx_age=6.5ms sensor_skew=41.7ms loop_to_send=6.0ms
[go2:sport] DRY cmd#522 seq=554 v=-0.560 w=-0.836 dt=40.5ms policy_zmq_lag=0.6ms action_age=50.2ms scan_age=49.6ms scan_rx_age=25.4ms odom_age=7.5ms odom_rx_age=6.6ms sensor_skew=42.1ms loop_to_send=6.1ms
[go2:sport] DRY cmd#523 seq=555 v=-0.679 w=-0.836 dt=39.7ms policy_zmq_lag=0.7ms action_age=50.2ms scan_age=49.5ms scan_rx_age=25.1ms odom_age=7.6ms odom_rx_age=6.6ms sensor_skew=41.9ms loop_to_send=6.0ms
[go2:sport] DRY cmd#524 seq=556 v=-0.798 w=-0.836 dt=39.6ms policy_zmq_lag=0.6ms action_age=50.8ms scan_age=50.2ms scan_rx_age=24.4ms odom_age=7.3ms odom_rx_age=6.3ms sensor_skew=42.9ms loop_to_send=5.8ms
[go2:sport] DRY cmd#525 seq=557 v=-0.870 w=-0.836 dt=40.8ms policy_zmq_lag=0.6ms action_age=50.5ms scan_age=49.8ms scan_rx_age=25.7ms odom_age=8.1ms odom_rx_age=7.2ms sensor_skew=41.7ms loop_to_send=6.1ms
[go2:sport] DRY cmd#526 seq=558 v=-0.752 w=-0.836 dt=39.4ms policy_zmq_lag=0.7ms action_age=49.9ms scan_age=49.2ms scan_rx_age=25.8ms odom_age=7.5ms odom_rx_age=6.5ms sensor_skew=41.7ms loop_to_send=5.9ms
[go2:sport] DRY cmd#527 seq=559 v=-0.630 w=-0.835 dt=40.7ms policy_zmq_lag=0.6ms action_age=30.6ms scan_age=30.0ms scan_rx_age=6.8ms odom_age=8.3ms odom_rx_age=7.4ms sensor_skew=21.7ms loop_to_send=6.0ms
[go2:sport] DRY cmd#528 seq=560 v=-0.510 w=-0.836 dt=39.9ms policy_zmq_lag=0.6ms action_age=50.6ms scan_age=50.0ms scan_rx_age=25.6ms odom_age=8.1ms odom_rx_age=6.7ms sensor_skew=41.9ms loop_to_send=6.0ms
[go2:sport] DRY cmd#529 seq=561 v=-0.444 w=-0.836 dt=39.3ms policy_zmq_lag=0.6ms action_age=49.8ms scan_age=49.2ms scan_rx_age=25.0ms odom_age=7.4ms odom_rx_age=6.4ms sensor_skew=41.8ms loop_to_send=5.9ms
[go2:sport] DRY cmd#530 seq=562 v=-0.324 w=-0.835 dt=40.1ms policy_zmq_lag=0.6ms action_age=50.0ms scan_age=49.4ms scan_rx_age=24.7ms odom_age=7.5ms odom_rx_age=6.5ms sensor_skew=41.9ms loop_to_send=6.0ms
[go2:sport] DRY cmd#531 seq=563 v=-0.204 w=-0.831 dt=40.0ms policy_zmq_lag=0.6ms action_age=49.9ms scan_age=49.3ms scan_rx_age=26.0ms odom_age=7.5ms odom_rx_age=6.6ms sensor_skew=41.7ms loop_to_send=6.0ms
[go2:sport] DRY cmd#532 seq=564 v=-0.084 w=-0.827 dt=40.0ms policy_zmq_lag=0.6ms action_age=49.7ms scan_age=49.1ms scan_rx_age=24.8ms odom_age=7.5ms odom_rx_age=6.6ms sensor_skew=41.6ms loop_to_send=6.0ms
[go2:sport] DRY cmd#533 seq=565 v=0.036 w=-0.816 dt=40.2ms policy_zmq_lag=0.6ms action_age=50.1ms scan_age=49.5ms scan_rx_age=25.3ms odom_age=7.6ms odom_rx_age=6.6ms sensor_skew=41.9ms loop_to_send=6.1ms
[go2:sport] DRY cmd#534 seq=566 v=0.156 w=-0.821 dt=40.2ms policy_zmq_lag=0.9ms action_age=50.3ms scan_age=49.4ms scan_rx_age=26.0ms odom_age=7.7ms odom_rx_age=6.7ms sensor_skew=41.8ms loop_to_send=6.1ms
[go2:sport] DRY cmd#535 seq=567 v=0.276 w=-0.813 dt=40.3ms policy_zmq_lag=0.6ms action_age=50.6ms scan_age=49.9ms scan_rx_age=25.4ms odom_age=8.2ms odom_rx_age=7.0ms sensor_skew=41.7ms loop_to_send=6.5ms
[go2:sport] DRY cmd#536 seq=568 v=0.396 w=-0.811 dt=39.3ms policy_zmq_lag=0.7ms action_age=49.9ms scan_age=49.3ms scan_rx_age=25.6ms odom_age=7.5ms odom_rx_age=6.5ms sensor_skew=41.7ms loop_to_send=5.9ms
[go2:sport] DRY cmd#537 seq=569 v=0.516 w=-0.795 dt=40.4ms policy_zmq_lag=0.6ms action_age=50.0ms scan_age=49.4ms scan_rx_age=25.4ms odom_age=8.0ms odom_rx_age=6.9ms sensor_skew=41.4ms loop_to_send=6.2ms
[go2:sport] DRY cmd#538 seq=570 v=0.637 w=-0.788 dt=40.4ms policy_zmq_lag=0.6ms action_age=50.5ms scan_age=49.9ms scan_rx_age=26.6ms odom_age=8.1ms odom_rx_age=6.9ms sensor_skew=41.8ms loop_to_send=6.3ms
[go2:sport] DRY cmd#539 seq=571 v=0.757 w=-0.756 dt=39.7ms policy_zmq_lag=0.6ms action_age=50.3ms scan_age=49.7ms scan_rx_age=25.4ms odom_age=8.0ms odom_rx_age=7.1ms sensor_skew=41.7ms loop_to_send=5.9ms
[go2:sport] DRY cmd#540 seq=572 v=0.877 w=-0.706 dt=40.3ms policy_zmq_lag=0.6ms action_age=50.5ms scan_age=49.9ms scan_rx_age=25.8ms odom_age=8.4ms odom_rx_age=7.4ms sensor_skew=41.6ms loop_to_send=6.1ms
[go2:sport] DRY cmd#541 seq=573 v=0.900 w=-0.586 dt=39.7ms policy_zmq_lag=0.6ms action_age=30.4ms scan_age=29.7ms scan_rx_age=6.6ms odom_age=8.0ms odom_rx_age=7.2ms sensor_skew=21.7ms loop_to_send=5.8ms
[go2:sport] DRY cmd#542 seq=574 v=0.900 w=-0.466 dt=40.2ms policy_zmq_lag=0.6ms action_age=50.5ms scan_age=49.9ms scan_rx_age=25.4ms odom_age=8.2ms odom_rx_age=6.9ms sensor_skew=41.7ms loop_to_send=6.2ms
[go2:sport] DRY cmd#543 seq=575 v=0.900 w=-0.347 dt=39.6ms policy_zmq_lag=0.7ms action_age=50.2ms scan_age=49.5ms scan_rx_age=24.7ms odom_age=7.7ms odom_rx_age=6.6ms sensor_skew=41.8ms loop_to_send=6.1ms
[go2:sport] DRY cmd#544 seq=576 v=0.900 w=-0.226 dt=40.3ms policy_zmq_lag=0.6ms action_age=50.6ms scan_age=50.0ms scan_rx_age=26.2ms odom_age=8.0ms odom_rx_age=6.8ms sensor_skew=42.0ms loop_to_send=6.2ms
[go2:sport] DRY cmd#545 seq=577 v=0.900 w=-0.106 dt=39.9ms policy_zmq_lag=0.6ms action_age=50.2ms scan_age=49.6ms scan_rx_age=25.3ms odom_age=8.0ms odom_rx_age=7.1ms sensor_skew=41.6ms loop_to_send=5.9ms
[go2:sport] DRY cmd#546 seq=578 v=0.900 w=0.014 dt=40.3ms policy_zmq_lag=0.6ms action_age=50.5ms scan_age=49.9ms scan_rx_age=26.0ms odom_age=8.3ms odom_rx_age=7.3ms sensor_skew=41.6ms loop_to_send=6.1ms
[go2:sport] DRY cmd#547 seq=579 v=0.900 w=0.134 dt=40.4ms policy_zmq_lag=0.7ms action_age=50.9ms scan_age=50.2ms scan_rx_age=25.9ms odom_age=8.6ms odom_rx_age=7.7ms sensor_skew=41.6ms loop_to_send=6.5ms
[go2:sport] DRY cmd#548 seq=580 v=0.900 w=0.253 dt=39.5ms policy_zmq_lag=0.6ms action_age=50.5ms scan_age=49.9ms scan_rx_age=25.5ms odom_age=8.2ms odom_rx_age=7.2ms sensor_skew=41.7ms loop_to_send=6.6ms
[go2:sport] DRY cmd#549 seq=581 v=0.900 w=0.374 dt=39.8ms policy_zmq_lag=0.6ms action_age=50.3ms scan_age=49.7ms scan_rx_age=24.6ms odom_age=7.8ms odom_rx_age=6.6ms sensor_skew=41.9ms loop_to_send=6.0ms
[go2:sport] DRY cmd#550 seq=582 v=0.900 w=0.494 dt=40.0ms policy_zmq_lag=0.6ms action_age=50.3ms scan_age=49.7ms scan_rx_age=26.5ms odom_age=7.9ms odom_rx_age=7.0ms sensor_skew=41.8ms loop_to_send=5.9ms
[go2:sport] DRY cmd#551 seq=583 v=0.900 w=0.613 dt=39.9ms policy_zmq_lag=0.7ms action_age=50.2ms scan_age=49.5ms scan_rx_age=25.3ms odom_age=7.7ms odom_rx_age=6.7ms sensor_skew=41.8ms loop_to_send=6.1ms
[go2:sport] DRY cmd#552 seq=584 v=0.900 w=0.734 dt=40.3ms policy_zmq_lag=0.6ms action_age=50.3ms scan_age=49.7ms scan_rx_age=25.2ms odom_age=8.0ms odom_rx_age=6.7ms sensor_skew=41.7ms loop_to_send=6.1ms
[go2:sport] DRY cmd#553 seq=585 v=0.900 w=0.779 dt=39.4ms policy_zmq_lag=0.6ms action_age=29.9ms scan_age=29.3ms scan_rx_age=6.6ms odom_age=11.0ms odom_rx_age=10.2ms sensor_skew=18.3ms loop_to_send=6.0ms
[go2:sport] DRY cmd#554 seq=586 v=0.900 w=0.780 dt=40.4ms policy_zmq_lag=0.7ms action_age=50.6ms scan_age=49.9ms scan_rx_age=25.4ms odom_age=7.9ms odom_rx_age=6.9ms sensor_skew=42.0ms loop_to_send=6.3ms
[go2:sport] DRY cmd#555 seq=587 v=0.900 w=0.789 dt=40.6ms policy_zmq_lag=0.7ms action_age=50.9ms scan_age=50.3ms scan_rx_age=25.7ms odom_age=8.6ms odom_rx_age=7.3ms sensor_skew=41.7ms loop_to_send=6.6ms
[go2:sport] DRY cmd#556 seq=588 v=0.900 w=0.789 dt=40.0ms policy_zmq_lag=0.6ms action_age=30.8ms scan_age=30.2ms scan_rx_age=7.1ms odom_age=8.7ms odom_rx_age=7.8ms sensor_skew=21.6ms loop_to_send=6.2ms
[go2:sport] DRY cmd#557 seq=589 v=0.900 w=0.792 dt=39.6ms policy_zmq_lag=0.6ms action_age=50.4ms scan_age=49.8ms scan_rx_age=25.7ms odom_age=8.2ms odom_rx_age=7.3ms sensor_skew=41.5ms loop_to_send=5.9ms
[go2:sport] DRY cmd#558 seq=590 v=0.900 w=0.791 dt=40.0ms policy_zmq_lag=0.6ms action_age=50.3ms scan_age=49.7ms scan_rx_age=25.8ms odom_age=8.2ms odom_rx_age=7.2ms sensor_skew=41.5ms loop_to_send=5.9ms
[go2:sport] DRY cmd#559 seq=591 v=0.900 w=0.790 dt=39.3ms policy_zmq_lag=0.6ms action_age=49.8ms scan_age=49.2ms scan_rx_age=25.8ms odom_age=7.6ms odom_rx_age=6.4ms sensor_skew=41.6ms loop_to_send=5.9ms
[go2:sport] DRY cmd#560 seq=592 v=0.900 w=0.791 dt=40.5ms policy_zmq_lag=0.6ms action_age=50.3ms scan_age=49.6ms scan_rx_age=24.9ms odom_age=8.0ms odom_rx_age=7.1ms sensor_skew=41.6ms loop_to_send=5.9ms
[go2:sport] DRY cmd#561 seq=593 v=0.900 w=0.788 dt=39.8ms policy_zmq_lag=0.6ms action_age=29.9ms scan_age=29.3ms scan_rx_age=6.5ms odom_age=11.2ms odom_rx_age=10.3ms sensor_skew=18.1ms loop_to_send=5.9ms
[go2:sport] DRY cmd#562 seq=594 v=0.900 w=0.788 dt=39.6ms policy_zmq_lag=0.6ms action_age=49.5ms scan_age=48.9ms scan_rx_age=25.0ms odom_age=7.3ms odom_rx_age=6.3ms sensor_skew=41.6ms loop_to_send=5.8ms
[go2:sport] DRY cmd#563 seq=595 v=0.900 w=0.788 dt=40.5ms policy_zmq_lag=0.6ms action_age=30.0ms scan_age=29.5ms scan_rx_age=6.4ms odom_age=7.9ms odom_rx_age=7.0ms sensor_skew=21.6ms loop_to_send=5.7ms
[go2:sport] DRY cmd#564 seq=596 v=0.900 w=0.791 dt=40.3ms policy_zmq_lag=0.6ms action_age=30.5ms scan_age=29.9ms scan_rx_age=6.5ms odom_age=8.2ms odom_rx_age=7.2ms sensor_skew=21.7ms loop_to_send=5.7ms
[go2:sport] DRY cmd#565 seq=597 v=0.900 w=0.785 dt=39.9ms policy_zmq_lag=0.7ms action_age=30.3ms scan_age=29.6ms scan_rx_age=6.5ms odom_age=8.1ms odom_rx_age=7.2ms sensor_skew=21.5ms loop_to_send=5.7ms
[go2:sport] DRY cmd#566 seq=598 v=0.900 w=0.788 dt=39.8ms policy_zmq_lag=0.6ms action_age=50.1ms scan_age=49.5ms scan_rx_age=25.6ms odom_age=14.6ms odom_rx_age=13.8ms sensor_skew=34.9ms loop_to_send=5.9ms
[go2:sport] DRY cmd#567 seq=599 v=0.900 w=0.788 dt=40.2ms policy_zmq_lag=0.7ms action_age=50.1ms scan_age=49.5ms scan_rx_age=26.5ms odom_age=8.0ms odom_rx_age=7.0ms sensor_skew=41.4ms loop_to_send=5.8ms
[go2:sport] DRY cmd#568 seq=600 v=0.900 w=0.784 dt=40.5ms policy_zmq_lag=0.6ms action_age=50.8ms scan_age=50.2ms scan_rx_age=27.1ms odom_age=8.5ms odom_rx_age=7.3ms sensor_skew=41.7ms loop_to_send=6.6ms
[go2:sport] DRY cmd#569 seq=601 v=0.900 w=0.783 dt=40.1ms policy_zmq_lag=0.6ms action_age=51.1ms scan_age=50.5ms scan_rx_age=26.0ms odom_age=8.7ms odom_rx_age=7.7ms sensor_skew=41.7ms loop_to_send=6.5ms
[go2:sport] DRY cmd#570 seq=602 v=0.900 w=0.790 dt=39.4ms policy_zmq_lag=0.6ms action_age=50.3ms scan_age=49.7ms scan_rx_age=25.7ms odom_age=7.6ms odom_rx_age=6.6ms sensor_skew=42.1ms loop_to_send=6.1ms
[go2:sport] DRY cmd#571 seq=603 v=0.900 w=0.790 dt=40.7ms policy_zmq_lag=0.6ms action_age=31.0ms scan_age=30.4ms scan_rx_age=7.2ms odom_age=8.8ms odom_rx_age=7.8ms sensor_skew=21.7ms loop_to_send=6.5ms
[go2:sport] DRY cmd#572 seq=604 v=0.900 w=0.791 dt=39.4ms policy_zmq_lag=0.6ms action_age=50.5ms scan_age=49.9ms scan_rx_age=25.8ms odom_age=8.3ms odom_rx_age=7.2ms sensor_skew=41.6ms loop_to_send=5.9ms
[go2:sport] DRY cmd#573 seq=605 v=0.900 w=0.789 dt=39.8ms policy_zmq_lag=0.6ms action_age=50.2ms scan_age=49.6ms scan_rx_age=26.3ms odom_age=8.1ms odom_rx_age=7.1ms sensor_skew=41.5ms loop_to_send=5.9ms
[go2:sport] DRY cmd#574 seq=606 v=0.900 w=0.788 dt=40.2ms policy_zmq_lag=0.6ms action_age=50.4ms scan_age=49.8ms scan_rx_age=25.8ms odom_age=8.3ms odom_rx_age=7.3ms sensor_skew=41.5ms loop_to_send=6.1ms
[go2:sport] DRY cmd#575 seq=607 v=0.900 w=0.783 dt=39.8ms policy_zmq_lag=0.6ms action_age=50.1ms scan_age=49.5ms scan_rx_age=26.0ms odom_age=8.1ms odom_rx_age=7.2ms sensor_skew=41.4ms loop_to_send=6.0ms
[go2:sport] DRY cmd#576 seq=608 v=0.900 w=0.784 dt=40.9ms policy_zmq_lag=0.7ms action_age=51.0ms scan_age=50.3ms scan_rx_age=25.8ms odom_age=8.5ms odom_rx_age=7.0ms sensor_skew=41.8ms loop_to_send=6.4ms
[go2:sport] DRY cmd#577 seq=609 v=0.900 w=0.775 dt=39.6ms policy_zmq_lag=0.6ms action_age=50.5ms scan_age=49.9ms scan_rx_age=25.9ms odom_age=8.5ms odom_rx_age=7.5ms sensor_skew=41.5ms loop_to_send=6.2ms
[go2:sport] DRY cmd#578 seq=610 v=0.900 w=0.771 dt=40.3ms policy_zmq_lag=0.6ms action_age=50.9ms scan_age=50.2ms scan_rx_age=27.0ms odom_age=8.7ms odom_rx_age=7.3ms sensor_skew=41.6ms loop_to_send=6.4ms
[go2:sport] DRY cmd#579 seq=611 v=0.900 w=0.771 dt=39.1ms policy_zmq_lag=0.6ms action_age=49.8ms scan_age=49.2ms scan_rx_age=26.2ms odom_age=7.8ms odom_rx_age=6.9ms sensor_skew=41.4ms loop_to_send=5.8ms
[go2:sport] DRY cmd#580 seq=612 v=0.900 w=0.758 dt=39.9ms policy_zmq_lag=0.6ms action_age=49.9ms scan_age=49.3ms scan_rx_age=25.2ms odom_age=7.7ms odom_rx_age=6.6ms sensor_skew=41.6ms loop_to_send=6.0ms
[go2:sport] DRY cmd#581 seq=613 v=0.900 w=0.760 dt=40.7ms policy_zmq_lag=0.6ms action_age=30.5ms scan_age=29.9ms scan_rx_age=6.8ms odom_age=8.4ms odom_rx_age=7.5ms sensor_skew=21.6ms loop_to_send=6.1ms
[go2:sport] DRY cmd#582 seq=614 v=0.900 w=0.765 dt=39.8ms policy_zmq_lag=0.6ms action_age=30.5ms scan_age=29.9ms scan_rx_age=6.7ms odom_age=8.3ms odom_rx_age=7.3ms sensor_skew=21.6ms loop_to_send=5.9ms
[go2:sport] DRY cmd#583 seq=615 v=0.900 w=0.766 dt=39.9ms policy_zmq_lag=0.6ms action_age=50.4ms scan_age=49.7ms scan_rx_age=25.5ms odom_age=8.1ms odom_rx_age=7.1ms sensor_skew=41.7ms loop_to_send=5.9ms
[go2:sport] DRY cmd#584 seq=616 v=0.900 w=0.780 dt=39.7ms policy_zmq_lag=0.6ms action_age=29.8ms scan_age=29.2ms scan_rx_age=6.5ms odom_age=7.9ms odom_rx_age=7.1ms sensor_skew=21.3ms loop_to_send=5.8ms
[go2:sport] DRY cmd#585 seq=617 v=0.900 w=0.781 dt=40.3ms policy_zmq_lag=0.6ms action_age=50.3ms scan_age=49.8ms scan_rx_age=26.8ms odom_age=8.2ms odom_rx_age=7.3ms sensor_skew=41.6ms loop_to_send=5.9ms
[go2:sport] DRY cmd#586 seq=618 v=0.900 w=0.780 dt=39.8ms policy_zmq_lag=0.6ms action_age=50.1ms scan_age=49.5ms scan_rx_age=26.4ms odom_age=14.6ms odom_rx_age=13.9ms sensor_skew=34.9ms loop_to_send=6.0ms
[go2:sport] DRY cmd#587 seq=619 v=0.900 w=0.785 dt=40.1ms policy_zmq_lag=0.6ms action_age=50.0ms scan_age=49.4ms scan_rx_age=25.6ms odom_age=8.1ms odom_rx_age=7.2ms sensor_skew=41.3ms loop_to_send=5.9ms
[go2:sport] DRY cmd#588 seq=620 v=0.900 w=0.783 dt=40.2ms policy_zmq_lag=0.5ms action_age=30.4ms scan_age=29.9ms scan_rx_age=6.7ms odom_age=8.3ms odom_rx_age=7.3ms sensor_skew=21.5ms loop_to_send=5.9ms
[go2:sport] DRY cmd#589 seq=621 v=0.900 w=0.779 dt=39.6ms policy_zmq_lag=0.5ms action_age=29.8ms scan_age=29.3ms scan_rx_age=6.5ms odom_age=7.9ms odom_rx_age=7.1ms sensor_skew=21.4ms loop_to_send=5.8ms
[go2:sport] DRY cmd#590 seq=622 v=0.900 w=0.778 dt=40.4ms policy_zmq_lag=0.6ms action_age=50.4ms scan_age=49.8ms scan_rx_age=25.4ms odom_age=8.1ms odom_rx_age=7.2ms sensor_skew=41.7ms loop_to_send=6.0ms
[go2:sport] DRY cmd#591 seq=623 v=0.900 w=0.771 dt=39.8ms policy_zmq_lag=0.6ms action_age=50.2ms scan_age=49.6ms scan_rx_age=26.4ms odom_age=8.1ms odom_rx_age=7.1ms sensor_skew=41.5ms loop_to_send=5.9ms
[go2:sport] DRY cmd#592 seq=624 v=0.900 w=0.768 dt=40.3ms policy_zmq_lag=0.5ms action_age=50.2ms scan_age=49.7ms scan_rx_age=25.9ms odom_age=8.5ms odom_rx_age=7.4ms sensor_skew=41.2ms loop_to_send=6.1ms
[go2:sport] DRY cmd#593 seq=625 v=0.900 w=0.749 dt=40.6ms policy_zmq_lag=0.6ms action_age=31.0ms scan_age=30.4ms scan_rx_age=7.3ms odom_age=9.0ms odom_rx_age=7.9ms sensor_skew=21.4ms loop_to_send=6.4ms
[go2:sport] DRY cmd#594 seq=626 v=0.900 w=0.748 dt=39.8ms policy_zmq_lag=0.6ms action_age=50.9ms scan_age=50.3ms scan_rx_age=26.0ms odom_age=8.6ms odom_rx_age=7.7ms sensor_skew=41.7ms loop_to_send=6.4ms
[go2:sport] DRY cmd#595 seq=627 v=0.900 w=0.747 dt=39.2ms policy_zmq_lag=0.6ms action_age=50.0ms scan_age=49.4ms scan_rx_age=25.2ms odom_age=7.9ms odom_rx_age=7.0ms sensor_skew=41.5ms loop_to_send=5.8ms
[go2:sport] DRY cmd#596 seq=628 v=0.900 w=0.715 dt=40.0ms policy_zmq_lag=0.6ms action_age=30.0ms scan_age=29.4ms scan_rx_age=6.4ms odom_age=7.9ms odom_rx_age=7.0ms sensor_skew=21.6ms loop_to_send=5.7ms
[go2:sport] DRY cmd#597 seq=629 v=0.900 w=0.714 dt=40.5ms policy_zmq_lag=0.6ms action_age=50.3ms scan_age=49.7ms scan_rx_age=26.3ms odom_age=8.3ms odom_rx_age=7.2ms sensor_skew=41.4ms loop_to_send=6.0ms
[go2:sport] DRY cmd#598 seq=630 v=0.900 w=0.685 dt=39.8ms policy_zmq_lag=0.6ms action_age=30.3ms scan_age=29.6ms scan_rx_age=6.5ms odom_age=8.0ms odom_rx_age=7.2ms sensor_skew=21.6ms loop_to_send=5.8ms
[go2:sport] DRY cmd#599 seq=631 v=0.900 w=0.684 dt=41.1ms policy_zmq_lag=0.8ms action_age=31.3ms scan_age=30.6ms scan_rx_age=7.2ms odom_age=9.0ms odom_rx_age=8.0ms sensor_skew=21.5ms loop_to_send=6.4ms
[go2:sport] DRY cmd#600 seq=632 v=0.900 w=0.640 dt=39.4ms policy_zmq_lag=0.8ms action_age=50.9ms scan_age=50.2ms scan_rx_age=25.3ms odom_age=8.6ms odom_rx_age=7.5ms sensor_skew=41.6ms loop_to_send=6.2ms
[go2:sport] DRY cmd#601 seq=633 v=0.900 w=0.580 dt=39.3ms policy_zmq_lag=0.6ms action_age=50.1ms scan_age=49.5ms scan_rx_age=25.4ms odom_age=8.0ms odom_rx_age=7.1ms sensor_skew=41.6ms loop_to_send=5.9ms
[go2:sport] DRY cmd#602 seq=634 v=0.900 w=0.582 dt=39.9ms policy_zmq_lag=0.6ms action_age=49.9ms scan_age=49.3ms scan_rx_age=25.2ms odom_age=7.8ms odom_rx_age=7.0ms sensor_skew=41.4ms loop_to_send=5.8ms
[go2:sport] DRY cmd#603 seq=635 v=0.900 w=0.537 dt=39.8ms policy_zmq_lag=0.6ms action_age=49.8ms scan_age=49.2ms scan_rx_age=25.1ms odom_age=7.6ms odom_rx_age=6.9ms sensor_skew=41.5ms loop_to_send=5.8ms
[go2:sport] DRY cmd#604 seq=636 v=0.900 w=0.483 dt=40.2ms policy_zmq_lag=0.6ms action_age=50.0ms scan_age=49.4ms scan_rx_age=25.1ms odom_age=7.9ms odom_rx_age=7.1ms sensor_skew=41.5ms loop_to_send=6.0ms
[go2:sport] DRY cmd#605 seq=637 v=0.900 w=0.411 dt=40.8ms policy_zmq_lag=0.6ms action_age=50.8ms scan_age=50.2ms scan_rx_age=26.2ms odom_age=8.6ms odom_rx_age=7.5ms sensor_skew=41.6ms loop_to_send=6.1ms
[go2:sport] DRY cmd#606 seq=638 v=0.900 w=0.404 dt=40.0ms policy_zmq_lag=0.6ms action_age=50.6ms scan_age=50.0ms scan_rx_age=26.1ms odom_age=8.6ms odom_rx_age=7.6ms sensor_skew=41.4ms loop_to_send=6.3ms
[go2:sport] DRY cmd#607 seq=639 v=0.900 w=0.326 dt=39.7ms policy_zmq_lag=0.7ms action_age=50.3ms scan_age=49.7ms scan_rx_age=25.7ms odom_age=8.3ms odom_rx_age=7.3ms sensor_skew=41.3ms loop_to_send=6.1ms
[go2:sport] DRY cmd#608 seq=640 v=0.899 w=0.206 dt=40.2ms policy_zmq_lag=0.7ms action_age=50.7ms scan_age=50.0ms scan_rx_age=26.9ms odom_age=8.6ms odom_rx_age=7.5ms sensor_skew=41.4ms loop_to_send=6.1ms
[go2:sport] DRY cmd#609 seq=641 v=0.899 w=0.085 dt=39.9ms policy_zmq_lag=0.6ms action_age=50.5ms scan_age=49.9ms scan_rx_age=25.4ms odom_age=8.4ms odom_rx_age=7.3ms sensor_skew=41.5ms loop_to_send=5.9ms
[go2:sport] DRY cmd#610 seq=642 v=0.899 w=-0.034 dt=39.8ms policy_zmq_lag=0.6ms action_age=50.4ms scan_age=49.7ms scan_rx_age=25.7ms odom_age=8.3ms odom_rx_age=7.2ms sensor_skew=41.5ms loop_to_send=5.9ms
[go2:sport] DRY cmd#611 seq=643 v=0.899 w=-0.155 dt=40.3ms policy_zmq_lag=0.7ms action_age=50.6ms scan_age=50.0ms scan_rx_age=26.0ms odom_age=8.5ms odom_rx_age=7.4ms sensor_skew=41.4ms loop_to_send=6.1ms
[go2:sport] DRY cmd#612 seq=644 v=0.899 w=-0.274 dt=40.7ms policy_zmq_lag=0.6ms action_age=51.3ms scan_age=50.7ms scan_rx_age=27.3ms odom_age=9.4ms odom_rx_age=8.4ms sensor_skew=41.3ms loop_to_send=7.2ms
[go2:sport] DRY cmd#613 seq=645 v=0.898 w=-0.394 dt=39.1ms policy_zmq_lag=0.6ms action_age=50.4ms scan_age=49.8ms scan_rx_age=25.9ms odom_age=8.6ms odom_rx_age=7.6ms sensor_skew=41.2ms loop_to_send=6.4ms
[go2:sport] DRY cmd#614 seq=646 v=0.898 w=-0.514 dt=39.4ms policy_zmq_lag=0.6ms action_age=49.9ms scan_age=49.3ms scan_rx_age=25.2ms odom_age=8.0ms odom_rx_age=7.0ms sensor_skew=41.3ms loop_to_send=5.8ms
[go2:sport] DRY cmd#615 seq=647 v=0.897 w=-0.633 dt=40.1ms policy_zmq_lag=0.6ms action_age=50.1ms scan_age=49.6ms scan_rx_age=25.3ms odom_age=8.1ms odom_rx_age=7.1ms sensor_skew=41.5ms loop_to_send=5.8ms
[go2:sport] DRY cmd#616 seq=648 v=0.897 w=-0.623 dt=39.9ms policy_zmq_lag=0.6ms action_age=50.0ms scan_age=49.4ms scan_rx_age=25.0ms odom_age=7.9ms odom_rx_age=7.0ms sensor_skew=41.5ms loop_to_send=5.8ms
[go2:sport] DRY cmd#617 seq=649 v=0.897 w=-0.654 dt=40.6ms policy_zmq_lag=0.6ms action_age=50.4ms scan_age=49.8ms scan_rx_age=25.9ms odom_age=8.6ms odom_rx_age=7.4ms sensor_skew=41.2ms loop_to_send=6.1ms
[go2:sport] DRY cmd#618 seq=650 v=0.896 w=-0.661 dt=39.7ms policy_zmq_lag=0.6ms action_age=50.3ms scan_age=49.7ms scan_rx_age=25.8ms odom_age=8.3ms odom_rx_age=7.2ms sensor_skew=41.4ms loop_to_send=6.0ms
[go2:sport] DRY cmd#619 seq=651 v=0.896 w=-0.662 dt=40.1ms policy_zmq_lag=0.6ms action_age=30.3ms scan_age=29.7ms scan_rx_age=6.8ms odom_age=8.5ms odom_rx_age=7.5ms sensor_skew=21.3ms loop_to_send=6.0ms
[go2:sport] DRY cmd#620 seq=652 v=0.896 w=-0.652 dt=39.7ms policy_zmq_lag=0.6ms action_age=51.2ms scan_age=50.6ms scan_rx_age=25.3ms odom_age=8.2ms odom_rx_age=7.2ms sensor_skew=42.5ms loop_to_send=6.0ms
[go2:sport] DRY cmd#621 seq=653 v=0.896 w=-0.642 dt=40.5ms policy_zmq_lag=0.7ms action_age=50.6ms scan_age=50.0ms scan_rx_age=25.9ms odom_age=8.6ms odom_rx_age=7.5ms sensor_skew=41.4ms loop_to_send=6.1ms
[go2:sport] DRY cmd#622 seq=654 v=0.895 w=-0.627 dt=39.9ms policy_zmq_lag=0.7ms action_age=50.4ms scan_age=49.7ms scan_rx_age=26.1ms odom_age=8.6ms odom_rx_age=7.5ms sensor_skew=41.2ms loop_to_send=6.2ms
[go2:sport] DRY cmd#623 seq=655 v=0.895 w=-0.621 dt=39.8ms policy_zmq_lag=0.6ms action_age=50.5ms scan_age=49.9ms scan_rx_age=26.1ms odom_age=8.6ms odom_rx_age=7.5ms sensor_skew=41.3ms loop_to_send=6.1ms
[go2:sport] DRY cmd#624 seq=656 v=0.894 w=-0.615 dt=40.0ms policy_zmq_lag=0.6ms action_age=50.4ms scan_age=49.8ms scan_rx_age=25.7ms odom_age=8.4ms odom_rx_age=7.4ms sensor_skew=41.4ms loop_to_send=6.1ms
[go2:sport] DRY cmd#625 seq=657 v=0.894 w=-0.614 dt=39.8ms policy_zmq_lag=0.6ms action_age=50.1ms scan_age=49.5ms scan_rx_age=26.6ms odom_age=8.2ms odom_rx_age=7.2ms sensor_skew=41.4ms loop_to_send=5.9ms
[go2:sport] DRY cmd#626 seq=658 v=0.894 w=-0.610 dt=39.8ms policy_zmq_lag=0.6ms action_age=49.9ms scan_age=49.3ms scan_rx_age=25.7ms odom_age=8.1ms odom_rx_age=7.1ms sensor_skew=41.2ms loop_to_send=5.8ms
[go2:sport] DRY cmd#627 seq=659 v=0.894 w=-0.607 dt=40.2ms policy_zmq_lag=0.6ms action_age=50.1ms scan_age=49.5ms scan_rx_age=26.6ms odom_age=8.1ms odom_rx_age=7.1ms sensor_skew=41.4ms loop_to_send=5.8ms
[go2:sport] DRY cmd#628 seq=660 v=0.894 w=-0.601 dt=39.8ms policy_zmq_lag=0.6ms action_age=50.0ms scan_age=49.4ms scan_rx_age=25.7ms odom_age=8.0ms odom_rx_age=7.0ms sensor_skew=41.4ms loop_to_send=5.8ms
[go2:sport] DRY cmd#629 seq=661 v=0.894 w=-0.596 dt=39.8ms policy_zmq_lag=0.6ms action_age=29.7ms scan_age=29.1ms scan_rx_age=6.5ms odom_age=7.9ms odom_rx_age=7.1ms sensor_skew=21.2ms loop_to_send=5.8ms
[go2:sport] DRY cmd#630 seq=662 v=0.894 w=-0.604 dt=40.0ms policy_zmq_lag=0.6ms action_age=29.7ms scan_age=29.2ms scan_rx_age=6.4ms odom_age=7.9ms odom_rx_age=7.0ms sensor_skew=21.2ms loop_to_send=5.7ms
[go2:sport] DRY cmd#631 seq=663 v=0.894 w=-0.604 dt=40.0ms policy_zmq_lag=0.6ms action_age=49.9ms scan_age=49.3ms scan_rx_age=25.5ms odom_age=8.0ms odom_rx_age=7.1ms sensor_skew=41.3ms loop_to_send=5.9ms
[go2:sport] DRY cmd#632 seq=664 v=0.894 w=-0.608 dt=40.6ms policy_zmq_lag=0.6ms action_age=50.3ms scan_age=49.7ms scan_rx_age=27.1ms odom_age=8.6ms odom_rx_age=7.4ms sensor_skew=41.1ms loop_to_send=6.1ms
[go2:sport] DRY cmd#633 seq=665 v=0.894 w=-0.590 dt=39.8ms policy_zmq_lag=0.6ms action_age=50.3ms scan_age=49.8ms scan_rx_age=26.0ms odom_age=8.4ms odom_rx_age=7.2ms sensor_skew=41.3ms loop_to_send=5.9ms
[go2:sport] DRY cmd#634 seq=666 v=0.894 w=-0.583 dt=39.9ms policy_zmq_lag=0.6ms action_age=50.3ms scan_age=49.7ms scan_rx_age=25.5ms odom_age=8.4ms odom_rx_age=7.3ms sensor_skew=41.3ms loop_to_send=6.0ms
[go2:sport] DRY cmd#635 seq=667 v=0.894 w=-0.583 dt=39.7ms policy_zmq_lag=0.6ms action_age=49.9ms scan_age=49.3ms scan_rx_age=25.6ms odom_age=8.0ms odom_rx_age=7.0ms sensor_skew=41.3ms loop_to_send=5.9ms
[go2:sport] DRY cmd#636 seq=668 v=0.894 w=-0.581 dt=40.5ms policy_zmq_lag=0.6ms action_age=50.3ms scan_age=49.7ms scan_rx_age=25.7ms odom_age=8.5ms odom_rx_age=7.4ms sensor_skew=41.2ms loop_to_send=6.0ms
[go2:sport] DRY cmd#637 seq=669 v=0.893 w=-0.589 dt=39.9ms policy_zmq_lag=0.6ms action_age=50.2ms scan_age=49.6ms scan_rx_age=26.7ms odom_age=11.7ms odom_rx_age=10.9ms sensor_skew=37.9ms loop_to_send=6.1ms
[go2:sport] DRY cmd#638 seq=670 v=0.893 w=-0.580 dt=39.9ms policy_zmq_lag=0.6ms action_age=50.0ms scan_age=49.4ms scan_rx_age=25.8ms odom_age=8.2ms odom_rx_age=7.2ms sensor_skew=41.2ms loop_to_send=5.9ms
[go2:sport] DRY cmd#639 seq=671 v=0.893 w=-0.573 dt=46.8ms policy_zmq_lag=0.6ms action_age=56.8ms scan_age=56.2ms scan_rx_age=32.3ms odom_age=15.0ms odom_rx_age=12.4ms sensor_skew=41.1ms loop_to_send=8.4ms
[go2:sport] DRY cmd#640 seq=672 v=0.893 w=-0.567 dt=34.2ms policy_zmq_lag=0.7ms action_age=51.0ms scan_age=50.3ms scan_rx_age=26.9ms odom_age=9.1ms odom_rx_age=8.1ms sensor_skew=41.2ms loop_to_send=6.7ms
[go2:sport] DRY cmd#641 seq=673 v=0.894 w=-0.558 dt=38.9ms policy_zmq_lag=0.6ms action_age=49.9ms scan_age=49.3ms scan_rx_age=25.5ms odom_age=8.0ms odom_rx_age=7.1ms sensor_skew=41.2ms loop_to_send=5.9ms
[go2:sport] DRY cmd#642 seq=674 v=0.894 w=-0.565 dt=40.3ms policy_zmq_lag=0.6ms action_age=50.0ms scan_age=49.4ms scan_rx_age=25.6ms odom_age=18.3ms odom_rx_age=17.5ms sensor_skew=31.1ms loop_to_send=6.1ms
[go2:sport] DRY cmd#643 seq=675 v=0.893 w=-0.569 dt=40.0ms policy_zmq_lag=0.6ms action_age=49.9ms scan_age=49.3ms scan_rx_age=25.6ms odom_age=8.3ms odom_rx_age=7.3ms sensor_skew=41.0ms loop_to_send=6.0ms
[go2:sport] DRY cmd#644 seq=676 v=0.893 w=-0.575 dt=39.8ms policy_zmq_lag=0.6ms action_age=49.9ms scan_age=49.3ms scan_rx_age=26.3ms odom_age=8.1ms odom_rx_age=7.1ms sensor_skew=41.2ms loop_to_send=6.0ms
[go2:sport] DRY cmd#645 seq=677 v=0.893 w=-0.580 dt=40.0ms policy_zmq_lag=0.6ms action_age=30.0ms scan_age=29.4ms scan_rx_age=6.7ms odom_age=8.1ms odom_rx_age=7.3ms sensor_skew=21.3ms loop_to_send=5.9ms
[go2:sport] DRY cmd#646 seq=678 v=0.893 w=-0.588 dt=39.9ms policy_zmq_lag=0.6ms action_age=29.8ms scan_age=29.3ms scan_rx_age=6.5ms odom_age=8.0ms odom_rx_age=7.1ms sensor_skew=21.3ms loop_to_send=5.8ms
[go2:sport] DRY cmd#647 seq=679 v=0.893 w=-0.582 dt=39.8ms policy_zmq_lag=0.5ms action_age=49.6ms scan_age=49.1ms scan_rx_age=26.4ms odom_age=7.9ms odom_rx_age=7.0ms sensor_skew=41.2ms loop_to_send=5.8ms
[go2:sport] DRY cmd#648 seq=680 v=0.894 w=-0.557 dt=40.7ms policy_zmq_lag=0.5ms action_age=50.4ms scan_age=49.9ms scan_rx_age=25.9ms odom_age=8.5ms odom_rx_age=7.5ms sensor_skew=41.3ms loop_to_send=6.1ms
[go2:sport] DRY cmd#649 seq=681 v=0.894 w=-0.572 dt=39.3ms policy_zmq_lag=0.6ms action_age=49.7ms scan_age=49.2ms scan_rx_age=25.0ms odom_age=7.7ms odom_rx_age=6.4ms sensor_skew=41.5ms loop_to_send=5.8ms
[go2:sport] DRY cmd#650 seq=682 v=0.894 w=-0.562 dt=40.3ms policy_zmq_lag=0.6ms action_age=49.9ms scan_age=49.3ms scan_rx_age=26.6ms odom_age=8.2ms odom_rx_age=7.2ms sensor_skew=41.1ms loop_to_send=6.0ms
[go2:sport] DRY cmd#651 seq=683 v=0.894 w=-0.562 dt=39.7ms policy_zmq_lag=0.6ms action_age=49.7ms scan_age=49.1ms scan_rx_age=26.3ms odom_age=8.0ms odom_rx_age=7.0ms sensor_skew=41.1ms loop_to_send=5.8ms
[go2:sport] DRY cmd#652 seq=684 v=0.894 w=-0.570 dt=40.1ms policy_zmq_lag=0.6ms action_age=49.8ms scan_age=49.1ms scan_rx_age=25.7ms odom_age=8.0ms odom_rx_age=7.0ms sensor_skew=41.1ms loop_to_send=5.8ms
[go2:sport] DRY cmd#653 seq=685 v=0.894 w=-0.578 dt=39.9ms policy_zmq_lag=0.6ms action_age=49.8ms scan_age=49.2ms scan_rx_age=25.3ms odom_age=8.0ms odom_rx_age=7.0ms sensor_skew=41.2ms loop_to_send=5.8ms
[go2:sport] DRY cmd#654 seq=686 v=0.894 w=-0.578 dt=40.2ms policy_zmq_lag=0.6ms action_age=50.0ms scan_age=49.4ms scan_rx_age=25.3ms odom_age=8.2ms odom_rx_age=7.2ms sensor_skew=41.2ms loop_to_send=5.9ms
[go2:sport] DRY cmd#655 seq=687 v=0.894 w=-0.574 dt=40.7ms policy_zmq_lag=0.6ms action_age=50.6ms scan_age=50.0ms scan_rx_age=26.3ms odom_age=11.1ms odom_rx_age=10.1ms sensor_skew=38.8ms loop_to_send=6.4ms
[go2:sport] DRY cmd#656 seq=688 v=0.894 w=-0.572 dt=40.4ms policy_zmq_lag=0.6ms action_age=53.1ms scan_age=52.5ms scan_rx_age=25.5ms odom_age=9.2ms odom_rx_age=7.8ms sensor_skew=43.4ms loop_to_send=6.5ms
[go2:sport] DRY cmd#657 seq=689 v=0.893 w=-0.578 dt=40.0ms policy_zmq_lag=0.6ms action_age=50.9ms scan_age=50.3ms scan_rx_age=25.6ms odom_age=9.1ms odom_rx_age=7.9ms sensor_skew=41.1ms loop_to_send=6.4ms
[go2:sport] DRY cmd#658 seq=690 v=0.893 w=-0.571 dt=40.7ms policy_zmq_lag=0.6ms action_age=51.7ms scan_age=51.1ms scan_rx_age=27.1ms odom_age=9.9ms odom_rx_age=8.5ms sensor_skew=41.3ms loop_to_send=7.8ms
[go2:sport] DRY cmd#659 seq=691 v=0.893 w=-0.574 dt=39.0ms policy_zmq_lag=0.7ms action_age=50.9ms scan_age=50.1ms scan_rx_age=25.8ms odom_age=8.7ms odom_rx_age=7.4ms sensor_skew=41.4ms loop_to_send=6.8ms
[go2:sport] DRY cmd#660 seq=692 v=0.893 w=-0.567 dt=40.0ms policy_zmq_lag=0.6ms action_age=50.8ms scan_age=50.3ms scan_rx_age=26.1ms odom_age=8.9ms odom_rx_age=7.7ms sensor_skew=41.4ms loop_to_send=6.2ms
[go2:sport] DRY cmd#661 seq=693 v=0.894 w=-0.577 dt=39.5ms policy_zmq_lag=0.7ms action_age=50.3ms scan_age=49.6ms scan_rx_age=25.4ms odom_age=8.3ms odom_rx_age=7.3ms sensor_skew=41.3ms loop_to_send=6.1ms
[go2:sport] DRY cmd#662 seq=694 v=0.893 w=-0.576 dt=40.9ms policy_zmq_lag=0.6ms action_age=31.3ms scan_age=30.7ms scan_rx_age=7.2ms odom_age=9.3ms odom_rx_age=8.1ms sensor_skew=21.3ms loop_to_send=6.3ms
[go2:sport] DRY cmd#663 seq=695 v=0.894 w=-0.563 dt=40.0ms policy_zmq_lag=0.6ms action_age=31.2ms scan_age=30.6ms scan_rx_age=7.3ms odom_age=9.4ms odom_rx_age=8.2ms sensor_skew=21.1ms loop_to_send=6.4ms
[go2:sport] DRY cmd#664 seq=696 v=0.894 w=-0.558 dt=40.4ms policy_zmq_lag=0.6ms action_age=51.7ms scan_age=51.1ms scan_rx_age=26.8ms odom_age=9.9ms odom_rx_age=8.5ms sensor_skew=41.2ms loop_to_send=7.0ms
[go2:sport] DRY cmd#665 seq=697 v=0.894 w=-0.559 dt=39.1ms policy_zmq_lag=0.6ms action_age=50.7ms scan_age=50.1ms scan_rx_age=27.0ms odom_age=9.0ms odom_rx_age=8.0ms sensor_skew=41.1ms loop_to_send=6.7ms
[go2:sport] DRY cmd#666 seq=698 v=0.894 w=-0.567 dt=39.3ms policy_zmq_lag=0.6ms action_age=50.1ms scan_age=49.5ms scan_rx_age=25.9ms odom_age=8.4ms odom_rx_age=7.4ms sensor_skew=41.1ms loop_to_send=6.2ms
[go2:sport] DRY cmd#667 seq=699 v=0.893 w=-0.563 dt=39.9ms policy_zmq_lag=0.6ms action_age=49.8ms scan_age=49.2ms scan_rx_age=25.9ms odom_age=8.2ms odom_rx_age=7.1ms sensor_skew=41.1ms loop_to_send=5.8ms
[go2:sport] DRY cmd#668 seq=700 v=0.893 w=-0.568 dt=39.8ms policy_zmq_lag=0.6ms action_age=49.7ms scan_age=49.1ms scan_rx_age=25.9ms odom_age=8.0ms odom_rx_age=7.1ms sensor_skew=41.1ms loop_to_send=5.9ms
[go2:sport] DRY cmd#669 seq=701 v=0.893 w=-0.574 dt=40.4ms policy_zmq_lag=0.6ms action_age=50.1ms scan_age=49.5ms scan_rx_age=25.2ms odom_age=8.5ms odom_rx_age=7.5ms sensor_skew=41.0ms loop_to_send=6.2ms
[go2:sport] DRY cmd#670 seq=702 v=0.893 w=-0.576 dt=40.1ms policy_zmq_lag=0.6ms action_age=50.2ms scan_age=49.6ms scan_rx_age=26.7ms odom_age=8.4ms odom_rx_age=7.3ms sensor_skew=41.3ms loop_to_send=6.0ms
[go2:sport] DRY cmd#671 seq=703 v=0.894 w=-0.582 dt=39.8ms policy_zmq_lag=0.6ms action_age=30.0ms scan_age=29.4ms scan_rx_age=6.7ms odom_age=8.4ms odom_rx_age=7.4ms sensor_skew=21.0ms loop_to_send=5.9ms
[go2:sport] DRY cmd#672 seq=704 v=0.894 w=-0.577 dt=39.7ms policy_zmq_lag=0.6ms action_age=29.8ms scan_age=29.2ms scan_rx_age=6.4ms odom_age=7.9ms odom_rx_age=7.0ms sensor_skew=21.3ms loop_to_send=5.7ms
[go2:sport] DRY cmd#673 seq=705 v=0.894 w=-0.564 dt=40.3ms policy_zmq_lag=0.6ms action_age=50.1ms scan_age=49.5ms scan_rx_age=25.8ms odom_age=8.2ms odom_rx_age=7.2ms sensor_skew=41.3ms loop_to_send=5.8ms
[go2:sport] DRY cmd#674 seq=706 v=0.894 w=-0.560 dt=40.0ms policy_zmq_lag=0.6ms action_age=50.0ms scan_age=49.4ms scan_rx_age=25.3ms odom_age=8.3ms odom_rx_age=7.3ms sensor_skew=41.1ms loop_to_send=5.9ms
[go2:sport] DRY cmd#675 seq=707 v=0.893 w=-0.572 dt=40.2ms policy_zmq_lag=0.6ms action_age=50.2ms scan_age=49.6ms scan_rx_age=26.0ms odom_age=18.4ms odom_rx_age=17.4ms sensor_skew=31.2ms loop_to_send=6.1ms
[go2:sport] DRY cmd#676 seq=708 v=0.893 w=-0.591 dt=39.7ms policy_zmq_lag=0.6ms action_age=49.8ms scan_age=49.2ms scan_rx_age=25.5ms odom_age=8.2ms odom_rx_age=7.2ms sensor_skew=41.0ms loop_to_send=6.0ms
[go2:sport] DRY cmd#677 seq=709 v=0.893 w=-0.583 dt=40.5ms policy_zmq_lag=0.6ms action_age=50.1ms scan_age=49.6ms scan_rx_age=25.8ms odom_age=8.6ms odom_rx_age=7.7ms sensor_skew=40.9ms loop_to_send=6.1ms
[go2:sport] DRY cmd#678 seq=710 v=0.893 w=-0.587 dt=40.0ms policy_zmq_lag=0.6ms action_age=50.3ms scan_age=49.7ms scan_rx_age=25.7ms odom_age=8.6ms odom_rx_age=7.6ms sensor_skew=41.1ms loop_to_send=6.0ms
[go2:sport] DRY cmd#679 seq=711 v=0.893 w=-0.586 dt=39.9ms policy_zmq_lag=0.6ms action_age=50.2ms scan_age=49.6ms scan_rx_age=25.3ms odom_age=8.5ms odom_rx_age=7.5ms sensor_skew=41.1ms loop_to_send=5.9ms
[go2:sport] DRY cmd#680 seq=712 v=0.894 w=-0.579 dt=39.5ms policy_zmq_lag=0.6ms action_age=49.7ms scan_age=49.1ms scan_rx_age=25.4ms odom_age=8.1ms odom_rx_age=7.1ms sensor_skew=41.0ms loop_to_send=5.8ms
[go2:sport] DRY cmd#681 seq=713 v=0.894 w=-0.569 dt=41.2ms policy_zmq_lag=0.6ms action_age=51.0ms scan_age=50.4ms scan_rx_age=26.4ms odom_age=9.2ms odom_rx_age=8.1ms sensor_skew=41.2ms loop_to_send=6.6ms
[go2:sport] DRY cmd#682 seq=714 v=0.894 w=-0.572 dt=39.7ms policy_zmq_lag=0.6ms action_age=50.6ms scan_age=50.0ms scan_rx_age=27.1ms odom_age=9.2ms odom_rx_age=8.0ms sensor_skew=40.8ms loop_to_send=6.5ms
[go2:sport] DRY cmd#683 seq=715 v=0.894 w=-0.582 dt=40.2ms policy_zmq_lag=0.6ms action_age=50.8ms scan_age=50.1ms scan_rx_age=25.8ms odom_age=9.1ms odom_rx_age=7.9ms sensor_skew=41.0ms loop_to_send=6.5ms
[go2:sport] DRY cmd#684 seq=716 v=0.894 w=-0.572 dt=40.2ms policy_zmq_lag=0.7ms action_age=51.1ms scan_age=50.4ms scan_rx_age=26.1ms odom_age=9.3ms odom_rx_age=8.2ms sensor_skew=41.1ms loop_to_send=6.7ms
[go2:sport] DRY cmd#685 seq=717 v=0.894 w=-0.573 dt=39.9ms policy_zmq_lag=0.7ms action_age=51.0ms scan_age=50.3ms scan_rx_age=25.9ms odom_age=9.2ms odom_rx_age=8.2ms sensor_skew=41.1ms loop_to_send=6.7ms
[go2:sport] DRY cmd#686 seq=718 v=0.893 w=-0.570 dt=40.0ms policy_zmq_lag=0.6ms action_age=51.0ms scan_age=50.4ms scan_rx_age=25.8ms odom_age=9.4ms odom_rx_age=8.2ms sensor_skew=41.0ms loop_to_send=6.6ms
[go2:sport] DRY cmd#687 seq=719 v=0.893 w=-0.573 dt=39.8ms policy_zmq_lag=0.6ms action_age=50.6ms scan_age=50.0ms scan_rx_age=24.9ms odom_age=12.4ms odom_rx_age=10.8ms sensor_skew=37.6ms loop_to_send=6.0ms
[go2:sport] DRY cmd#688 seq=720 v=0.894 w=-0.576 dt=39.5ms policy_zmq_lag=0.6ms action_age=50.5ms scan_age=49.8ms scan_rx_age=26.4ms odom_age=8.5ms odom_rx_age=7.3ms sensor_skew=41.3ms loop_to_send=6.1ms
[go2:sport] DRY cmd#689 seq=721 v=0.893 w=-0.580 dt=39.9ms policy_zmq_lag=0.6ms action_age=50.2ms scan_age=49.6ms scan_rx_age=26.4ms odom_age=8.5ms odom_rx_age=7.4ms sensor_skew=41.0ms loop_to_send=6.1ms
[go2:sport] DRY cmd#690 seq=722 v=0.894 w=-0.561 dt=40.3ms policy_zmq_lag=0.6ms action_age=50.5ms scan_age=49.9ms scan_rx_age=26.0ms odom_age=12.3ms odom_rx_age=10.3ms sensor_skew=37.7ms loop_to_send=6.2ms
[go2:sport] DRY cmd#691 seq=723 v=0.893 w=-0.561 dt=39.9ms policy_zmq_lag=0.7ms action_age=47.6ms scan_age=46.9ms scan_rx_age=25.3ms odom_age=8.7ms odom_rx_age=7.6ms sensor_skew=38.2ms loop_to_send=6.3ms
[go2:sport] DRY cmd#692 seq=724 v=0.893 w=-0.568 dt=39.9ms policy_zmq_lag=0.6ms action_age=50.2ms scan_age=49.6ms scan_rx_age=26.0ms odom_age=8.8ms odom_rx_age=7.6ms sensor_skew=40.8ms loop_to_send=6.2ms
[go2:sport] DRY cmd#693 seq=725 v=0.893 w=-0.574 dt=39.5ms policy_zmq_lag=0.6ms action_age=49.8ms scan_age=49.2ms scan_rx_age=26.3ms odom_age=8.3ms odom_rx_age=7.3ms sensor_skew=40.9ms loop_to_send=6.0ms
[go2:sport] DRY cmd#694 seq=726 v=0.894 w=-0.572 dt=40.6ms policy_zmq_lag=0.6ms action_age=50.5ms scan_age=49.9ms scan_rx_age=26.8ms odom_age=8.8ms odom_rx_age=7.7ms sensor_skew=41.0ms loop_to_send=6.3ms
[go2:sport] DRY cmd#695 seq=727 v=0.894 w=-0.571 dt=39.5ms policy_zmq_lag=0.6ms action_age=50.0ms scan_age=49.4ms scan_rx_age=25.1ms odom_age=8.4ms odom_rx_age=7.3ms sensor_skew=41.0ms loop_to_send=6.0ms
[go2:sport] DRY cmd#696 seq=728 v=0.894 w=-0.577 dt=40.0ms policy_zmq_lag=0.6ms action_age=49.9ms scan_age=49.3ms scan_rx_age=25.2ms odom_age=8.3ms odom_rx_age=7.2ms sensor_skew=41.0ms loop_to_send=6.0ms
[go2:sport] DRY cmd#697 seq=729 v=0.894 w=-0.577 dt=40.1ms policy_zmq_lag=0.6ms action_age=49.8ms scan_age=49.2ms scan_rx_age=25.4ms odom_age=8.4ms odom_rx_age=7.3ms sensor_skew=40.8ms loop_to_send=6.0ms
[go2:sport] DRY cmd#698 seq=730 v=0.894 w=-0.576 dt=40.2ms policy_zmq_lag=0.6ms action_age=50.3ms scan_age=49.7ms scan_rx_age=26.1ms odom_age=18.7ms odom_rx_age=17.9ms sensor_skew=31.0ms loop_to_send=6.1ms
[go2:sport] DRY cmd#699 seq=731 v=0.894 w=-0.578 dt=39.9ms policy_zmq_lag=0.6ms action_age=50.0ms scan_age=49.4ms scan_rx_age=25.1ms odom_age=8.3ms odom_rx_age=7.2ms sensor_skew=41.1ms loop_to_send=5.9ms
[go2:sport] DRY cmd#700 seq=732 v=0.894 w=-0.577 dt=40.8ms policy_zmq_lag=0.7ms action_age=50.8ms scan_age=50.2ms scan_rx_age=21.2ms odom_age=9.3ms odom_rx_age=8.0ms sensor_skew=40.9ms loop_to_send=6.7ms
[go2:sport] DRY cmd#701 seq=733 v=0.894 w=-0.560 dt=39.2ms policy_zmq_lag=0.6ms action_age=50.1ms scan_age=49.5ms scan_rx_age=25.3ms odom_age=8.5ms odom_rx_age=7.3ms sensor_skew=41.1ms loop_to_send=6.0ms
[go2:sport] DRY cmd#702 seq=734 v=0.894 w=-0.569 dt=39.8ms policy_zmq_lag=0.6ms action_age=49.7ms scan_age=49.2ms scan_rx_age=24.9ms odom_age=8.4ms odom_rx_age=7.2ms sensor_skew=40.8ms loop_to_send=5.9ms
[go2:sport] DRY cmd#703 seq=735 v=0.893 w=-0.574 dt=39.9ms policy_zmq_lag=0.6ms action_age=49.9ms scan_age=49.3ms scan_rx_age=24.7ms odom_age=8.3ms odom_rx_age=7.2ms sensor_skew=41.0ms loop_to_send=5.9ms
[go2:sport] DRY cmd#704 seq=736 v=0.893 w=-0.592 dt=40.5ms policy_zmq_lag=0.6ms action_age=30.2ms scan_age=29.6ms scan_rx_age=6.5ms odom_age=8.8ms odom_rx_age=7.8ms sensor_skew=20.8ms loop_to_send=6.0ms
[go2:sport] DRY cmd#705 seq=737 v=0.894 w=-0.574 dt=40.0ms policy_zmq_lag=0.7ms action_age=50.4ms scan_age=49.7ms scan_rx_age=25.0ms odom_age=8.6ms odom_rx_age=7.1ms sensor_skew=41.2ms loop_to_send=6.3ms
[go2:sport] DRY cmd#706 seq=738 v=0.893 w=-0.567 dt=40.3ms policy_zmq_lag=0.6ms action_age=50.7ms scan_age=50.1ms scan_rx_age=25.6ms odom_age=7.7ms odom_rx_age=6.6ms sensor_skew=42.4ms loop_to_send=6.1ms
[go2:sport] DRY cmd#707 seq=739 v=0.893 w=-0.574 dt=39.6ms policy_zmq_lag=0.6ms action_age=50.2ms scan_age=49.6ms scan_rx_age=25.9ms odom_age=8.7ms odom_rx_age=7.5ms sensor_skew=40.9ms loop_to_send=6.2ms
[go2:sport] DRY cmd#708 seq=740 v=0.894 w=-0.565 dt=40.8ms policy_zmq_lag=0.6ms action_age=51.2ms scan_age=50.6ms scan_rx_age=26.7ms odom_age=8.0ms odom_rx_age=6.8ms sensor_skew=42.6ms loop_to_send=6.2ms
[go2:sport] DRY cmd#709 seq=741 v=0.893 w=-0.575 dt=38.9ms policy_zmq_lag=0.6ms action_age=50.0ms scan_age=49.4ms scan_rx_age=25.1ms odom_age=8.4ms odom_rx_age=7.3ms sensor_skew=41.0ms loop_to_send=6.1ms
[go2:sport] DRY cmd#710 seq=742 v=0.893 w=-0.571 dt=40.0ms policy_zmq_lag=0.6ms action_age=50.0ms scan_age=49.3ms scan_rx_age=25.0ms odom_age=8.5ms odom_rx_age=7.4ms sensor_skew=40.9ms loop_to_send=6.1ms
[go2:sport] DRY cmd#711 seq=743 v=0.894 w=-0.578 dt=40.3ms policy_zmq_lag=0.6ms action_age=30.3ms scan_age=29.7ms scan_rx_age=6.8ms odom_age=8.4ms odom_rx_age=7.4ms sensor_skew=21.3ms loop_to_send=6.0ms
[go2:sport] DRY cmd#712 seq=744 v=0.894 w=-0.567 dt=39.8ms policy_zmq_lag=0.6ms action_age=50.0ms scan_age=49.4ms scan_rx_age=25.2ms odom_age=8.6ms odom_rx_age=7.4ms sensor_skew=40.8ms loop_to_send=6.0ms
[go2:sport] DRY cmd#713 seq=745 v=0.894 w=-0.572 dt=39.8ms policy_zmq_lag=0.6ms action_age=49.9ms scan_age=49.3ms scan_rx_age=25.3ms odom_age=8.2ms odom_rx_age=7.0ms sensor_skew=41.1ms loop_to_send=5.8ms
[go2:sport] DRY cmd#714 seq=746 v=0.894 w=-0.585 dt=40.0ms policy_zmq_lag=0.6ms action_age=49.7ms scan_age=49.2ms scan_rx_age=25.2ms odom_age=8.3ms odom_rx_age=7.4ms sensor_skew=40.9ms loop_to_send=5.9ms
[go2:sport] DRY cmd#715 seq=747 v=0.894 w=-0.572 dt=40.3ms policy_zmq_lag=0.6ms action_age=50.2ms scan_age=49.6ms scan_rx_age=26.5ms odom_age=8.5ms odom_rx_age=7.4ms sensor_skew=41.1ms loop_to_send=6.1ms
[go2:sport] DRY cmd#716 seq=748 v=0.894 w=-0.562 dt=40.1ms policy_zmq_lag=0.6ms action_age=50.1ms scan_age=49.5ms scan_rx_age=25.6ms odom_age=8.5ms odom_rx_age=7.4ms sensor_skew=41.0ms loop_to_send=6.2ms
[go2:sport] DRY cmd#717 seq=749 v=0.894 w=-0.566 dt=40.1ms policy_zmq_lag=0.6ms action_age=50.3ms scan_age=49.7ms scan_rx_age=25.9ms odom_age=8.8ms odom_rx_age=7.7ms sensor_skew=40.9ms loop_to_send=6.1ms
[go2:sport] DRY cmd#718 seq=750 v=0.894 w=-0.565 dt=40.0ms policy_zmq_lag=0.6ms action_age=50.3ms scan_age=49.7ms scan_rx_age=25.7ms odom_age=8.6ms odom_rx_age=7.5ms sensor_skew=41.1ms loop_to_send=6.1ms
[go2:sport] DRY cmd#719 seq=751 v=0.894 w=-0.573 dt=40.1ms policy_zmq_lag=0.6ms action_age=30.3ms scan_age=29.7ms scan_rx_age=6.8ms odom_age=8.8ms odom_rx_age=7.6ms sensor_skew=20.9ms loop_to_send=5.9ms
[go2:sport] DRY cmd#720 seq=752 v=0.894 w=-0.575 dt=40.2ms policy_zmq_lag=0.6ms action_age=30.5ms scan_age=29.9ms scan_rx_age=7.1ms odom_age=9.0ms odom_rx_age=7.9ms sensor_skew=20.9ms loop_to_send=6.2ms
[go2:sport] DRY cmd#721 seq=753 v=0.894 w=-0.581 dt=39.6ms policy_zmq_lag=0.6ms action_age=50.4ms scan_age=49.8ms scan_rx_age=25.4ms odom_age=8.5ms odom_rx_age=7.4ms sensor_skew=41.3ms loop_to_send=6.0ms
[go2:sport] DRY cmd#722 seq=754 v=0.894 w=-0.576 dt=39.8ms policy_zmq_lag=0.6ms action_age=49.9ms scan_age=49.3ms scan_rx_age=25.3ms odom_age=8.4ms odom_rx_age=7.2ms sensor_skew=40.9ms loop_to_send=5.9ms
[go2:sport] DRY cmd#723 seq=755 v=0.894 w=-0.570 dt=40.2ms policy_zmq_lag=0.6ms action_age=50.2ms scan_age=49.6ms scan_rx_age=26.6ms odom_age=8.7ms odom_rx_age=7.7ms sensor_skew=40.9ms loop_to_send=6.1ms
[go2:sport] DRY cmd#724 seq=756 v=0.894 w=-0.578 dt=41.6ms policy_zmq_lag=0.6ms action_age=51.9ms scan_age=51.3ms scan_rx_age=27.4ms odom_age=10.1ms odom_rx_age=8.7ms sensor_skew=41.1ms loop_to_send=7.1ms
[go2:sport] DRY cmd#725 seq=757 v=0.894 w=-0.577 dt=38.9ms policy_zmq_lag=0.7ms action_age=50.6ms scan_age=49.9ms scan_rx_age=25.8ms odom_age=9.0ms odom_rx_age=7.2ms sensor_skew=40.9ms loop_to_send=6.6ms
[go2:sport] DRY cmd#726 seq=758 v=0.893 w=-0.583 dt=39.9ms policy_zmq_lag=0.8ms action_age=50.8ms scan_age=50.1ms scan_rx_age=25.8ms odom_age=8.7ms odom_rx_age=7.5ms sensor_skew=41.4ms loop_to_send=6.1ms
[go2:sport] DRY cmd#727 seq=759 v=0.893 w=-0.579 dt=40.2ms policy_zmq_lag=0.7ms action_age=50.6ms scan_age=49.9ms scan_rx_age=26.4ms odom_age=9.2ms odom_rx_age=8.2ms sensor_skew=40.7ms loop_to_send=6.4ms
[go2:sport] DRY cmd#728 seq=760 v=0.894 w=-0.578 dt=39.4ms policy_zmq_lag=0.7ms action_age=50.2ms scan_age=49.5ms scan_rx_age=25.6ms odom_age=8.7ms odom_rx_age=7.6ms sensor_skew=40.8ms loop_to_send=5.9ms
[go2:sport] DRY cmd#729 seq=761 v=0.894 w=-0.571 dt=40.2ms policy_zmq_lag=0.6ms action_age=50.4ms scan_age=49.7ms scan_rx_age=25.7ms odom_age=8.9ms odom_rx_age=7.9ms sensor_skew=40.8ms loop_to_send=6.1ms
[go2:sport] DRY cmd#730 seq=762 v=0.894 w=-0.577 dt=39.5ms policy_zmq_lag=0.6ms action_age=49.8ms scan_age=49.2ms scan_rx_age=25.5ms odom_age=8.4ms odom_rx_age=7.4ms sensor_skew=40.8ms loop_to_send=5.9ms
[go2:sport] DRY cmd#731 seq=763 v=0.894 w=-0.570 dt=40.6ms policy_zmq_lag=0.6ms action_age=50.5ms scan_age=50.0ms scan_rx_age=24.8ms odom_age=8.9ms odom_rx_age=7.9ms sensor_skew=41.1ms loop_to_send=6.2ms
[go2:sport] DRY cmd#732 seq=764 v=0.894 w=-0.574 dt=39.3ms policy_zmq_lag=0.6ms action_age=49.6ms scan_age=49.0ms scan_rx_age=25.7ms odom_age=8.3ms odom_rx_age=7.5ms sensor_skew=40.6ms loop_to_send=5.8ms
[go2:sport] DRY cmd#733 seq=765 v=0.893 w=-0.561 dt=40.5ms policy_zmq_lag=0.6ms action_age=50.3ms scan_age=49.8ms scan_rx_age=26.0ms odom_age=8.8ms odom_rx_age=7.9ms sensor_skew=40.9ms loop_to_send=6.2ms
[go2:sport] DRY cmd#734 seq=766 v=0.893 w=-0.581 dt=39.4ms policy_zmq_lag=0.6ms action_age=49.6ms scan_age=49.0ms scan_rx_age=25.3ms odom_age=8.2ms odom_rx_age=7.1ms sensor_skew=40.8ms loop_to_send=5.8ms
[go2:sport] DRY cmd#735 seq=767 v=0.893 w=-0.561 dt=40.4ms policy_zmq_lag=0.6ms action_age=50.0ms scan_age=49.4ms scan_rx_age=25.6ms odom_age=8.6ms odom_rx_age=7.6ms sensor_skew=40.7ms loop_to_send=6.0ms
[go2:sport] DRY cmd#736 seq=768 v=0.893 w=-0.558 dt=41.3ms policy_zmq_lag=0.8ms action_age=51.4ms scan_age=50.7ms scan_rx_age=27.3ms odom_age=9.6ms odom_rx_age=8.3ms sensor_skew=41.0ms loop_to_send=6.8ms
[go2:sport] DRY cmd#737 seq=769 v=0.894 w=-0.555 dt=39.9ms policy_zmq_lag=0.9ms action_age=51.3ms scan_age=50.4ms scan_rx_age=26.3ms odom_age=9.4ms odom_rx_age=8.4ms sensor_skew=41.0ms loop_to_send=6.6ms
[go2:sport] DRY cmd#738 seq=770 v=0.894 w=-0.578 dt=39.0ms policy_zmq_lag=0.6ms action_age=50.2ms scan_age=49.6ms scan_rx_age=25.4ms odom_age=8.8ms odom_rx_age=7.8ms sensor_skew=40.8ms loop_to_send=6.1ms
[go2:sport] DRY cmd#739 seq=771 v=0.893 w=-0.592 dt=40.4ms policy_zmq_lag=0.7ms action_age=50.7ms scan_age=50.1ms scan_rx_age=25.7ms odom_age=8.7ms odom_rx_age=7.6ms sensor_skew=41.3ms loop_to_send=6.2ms
[go2:sport] DRY cmd#740 seq=772 v=0.893 w=-0.580 dt=40.1ms policy_zmq_lag=0.6ms action_age=30.8ms scan_age=30.1ms scan_rx_age=6.9ms odom_age=9.3ms odom_rx_age=8.2ms sensor_skew=20.9ms loop_to_send=6.4ms
[go2:sport] DRY cmd#741 seq=773 v=0.893 w=-0.578 dt=39.7ms policy_zmq_lag=0.6ms action_age=50.7ms scan_age=50.1ms scan_rx_age=26.6ms odom_age=9.0ms odom_rx_age=7.9ms sensor_skew=41.1ms loop_to_send=6.3ms
[go2:sport] DRY cmd#742 seq=774 v=0.893 w=-0.562 dt=40.4ms policy_zmq_lag=0.6ms action_age=50.7ms scan_age=50.0ms scan_rx_age=27.0ms odom_age=9.4ms odom_rx_age=8.3ms sensor_skew=40.6ms loop_to_send=6.5ms
[go2:sport] DRY cmd#743 seq=775 v=0.893 w=-0.563 dt=41.8ms policy_zmq_lag=0.8ms action_age=32.7ms scan_age=31.9ms scan_rx_age=8.9ms odom_age=11.0ms odom_rx_age=9.7ms sensor_skew=20.9ms loop_to_send=8.1ms
[go2:sport] DRY cmd#744 seq=776 v=0.893 w=-0.567 dt=38.9ms policy_zmq_lag=0.6ms action_age=31.3ms scan_age=30.7ms scan_rx_age=7.8ms odom_age=10.0ms odom_rx_age=7.3ms sensor_skew=20.7ms loop_to_send=6.4ms
[go2:sport] DRY cmd#745 seq=777 v=0.894 w=-0.552 dt=39.1ms policy_zmq_lag=0.6ms action_age=50.6ms scan_age=50.0ms scan_rx_age=26.0ms odom_age=9.1ms odom_rx_age=7.9ms sensor_skew=40.9ms loop_to_send=6.4ms
[go2:sport] DRY cmd#746 seq=778 v=0.893 w=-0.577 dt=40.1ms policy_zmq_lag=0.6ms action_age=50.6ms scan_age=50.0ms scan_rx_age=20.4ms odom_age=12.5ms odom_rx_age=11.4ms sensor_skew=37.4ms loop_to_send=6.5ms
[go2:sport] DRY cmd#747 seq=779 v=0.893 w=-0.576 dt=40.4ms policy_zmq_lag=0.6ms action_age=51.0ms scan_age=50.4ms scan_rx_age=26.4ms odom_age=19.6ms odom_rx_age=18.6ms sensor_skew=30.7ms loop_to_send=6.7ms
[go2:sport] DRY cmd#748 seq=780 v=0.894 w=-0.577 dt=39.8ms policy_zmq_lag=0.6ms action_age=50.9ms scan_age=50.3ms scan_rx_age=25.5ms odom_age=9.4ms odom_rx_age=8.0ms sensor_skew=40.9ms loop_to_send=6.5ms
[go2:sport] DRY cmd#749 seq=781 v=0.894 w=-0.586 dt=39.5ms policy_zmq_lag=0.6ms action_age=50.4ms scan_age=49.8ms scan_rx_age=25.6ms odom_age=9.0ms odom_rx_age=7.9ms sensor_skew=40.8ms loop_to_send=6.3ms
[go2:sport] DRY cmd#750 seq=782 v=0.894 w=-0.583 dt=39.5ms policy_zmq_lag=0.6ms action_age=49.9ms scan_age=49.2ms scan_rx_age=26.3ms odom_age=8.5ms odom_rx_age=7.6ms sensor_skew=40.7ms loop_to_send=6.0ms
[go2:sport] DRY cmd#751 seq=783 v=0.894 w=-0.578 dt=40.0ms policy_zmq_lag=0.6ms action_age=49.9ms scan_age=49.3ms scan_rx_age=25.3ms odom_age=8.6ms odom_rx_age=7.7ms sensor_skew=40.7ms loop_to_send=5.9ms
[go2:sport] DRY cmd#752 seq=784 v=0.894 w=-0.572 dt=40.3ms policy_zmq_lag=0.6ms action_age=50.0ms scan_age=49.4ms scan_rx_age=25.9ms odom_age=8.8ms odom_rx_age=7.7ms sensor_skew=40.6ms loop_to_send=6.0ms
[go2:sport] DRY cmd#753 seq=785 v=0.893 w=-0.576 dt=39.8ms policy_zmq_lag=0.6ms action_age=49.9ms scan_age=49.3ms scan_rx_age=25.6ms odom_age=8.5ms odom_rx_age=7.5ms sensor_skew=40.8ms loop_to_send=5.8ms
[go2:sport] DRY cmd#754 seq=786 v=0.893 w=-0.580 dt=40.0ms policy_zmq_lag=0.6ms action_age=50.0ms scan_age=49.4ms scan_rx_age=26.3ms odom_age=8.6ms odom_rx_age=7.5ms sensor_skew=40.8ms loop_to_send=5.9ms
[go2:sport] DRY cmd#755 seq=787 v=0.893 w=-0.580 dt=40.1ms policy_zmq_lag=0.6ms action_age=50.1ms scan_age=49.4ms scan_rx_age=25.4ms odom_age=8.6ms odom_rx_age=7.7ms sensor_skew=40.8ms loop_to_send=6.0ms
[go2:sport] DRY cmd#756 seq=788 v=0.894 w=-0.587 dt=40.2ms policy_zmq_lag=0.6ms action_age=50.1ms scan_age=49.5ms scan_rx_age=26.3ms odom_age=8.8ms odom_rx_age=7.8ms sensor_skew=40.7ms loop_to_send=6.1ms
[go2:sport] DRY cmd#757 seq=789 v=0.893 w=-0.584 dt=40.2ms policy_zmq_lag=0.6ms action_age=30.5ms scan_age=29.9ms scan_rx_age=6.8ms odom_age=9.1ms odom_rx_age=8.2ms sensor_skew=20.8ms loop_to_send=6.3ms
[go2:sport] DRY cmd#758 seq=790 v=0.894 w=-0.559 dt=40.1ms policy_zmq_lag=0.6ms action_age=50.8ms scan_age=50.2ms scan_rx_age=26.5ms odom_age=9.2ms odom_rx_age=7.8ms sensor_skew=40.9ms loop_to_send=6.3ms
[go2:sport] DRY cmd#759 seq=791 v=0.894 w=-0.564 dt=39.7ms policy_zmq_lag=0.6ms action_age=50.3ms scan_age=49.7ms scan_rx_age=25.0ms odom_age=8.9ms odom_rx_age=8.0ms sensor_skew=40.7ms loop_to_send=6.3ms
[go2:sport] DRY cmd#760 seq=792 v=0.893 w=-0.569 dt=39.8ms policy_zmq_lag=0.6ms action_age=30.1ms scan_age=29.5ms scan_rx_age=6.8ms odom_age=8.6ms odom_rx_age=7.5ms sensor_skew=20.9ms loop_to_send=6.0ms
[go2:sport] DRY cmd#761 seq=793 v=0.893 w=-0.569 dt=40.1ms policy_zmq_lag=0.6ms action_age=50.2ms scan_age=49.6ms scan_rx_age=26.1ms odom_age=8.8ms odom_rx_age=7.8ms sensor_skew=40.8ms loop_to_send=6.1ms
[go2:sport] DRY cmd#762 seq=794 v=0.893 w=-0.569 dt=39.8ms policy_zmq_lag=0.6ms action_age=49.7ms scan_age=49.1ms scan_rx_age=25.6ms odom_age=8.5ms odom_rx_age=7.5ms sensor_skew=40.6ms loop_to_send=5.9ms
[go2:sport] DRY cmd#763 seq=795 v=0.893 w=-0.562 dt=40.3ms policy_zmq_lag=0.6ms action_age=50.1ms scan_age=49.4ms scan_rx_age=25.7ms odom_age=8.8ms odom_rx_age=7.7ms sensor_skew=40.6ms loop_to_send=6.0ms
[go2:sport] DRY cmd#764 seq=796 v=0.894 w=-0.569 dt=40.3ms policy_zmq_lag=0.6ms action_age=30.3ms scan_age=29.7ms scan_rx_age=6.5ms odom_age=9.3ms odom_rx_age=8.2ms sensor_skew=20.5ms loop_to_send=6.0ms
[go2:sport] DRY cmd#765 seq=797 v=0.894 w=-0.580 dt=40.4ms policy_zmq_lag=0.7ms action_age=51.0ms scan_age=50.3ms scan_rx_age=26.2ms odom_age=9.5ms odom_rx_age=8.7ms sensor_skew=40.8ms loop_to_send=6.5ms
[go2:sport] DRY cmd#766 seq=798 v=0.894 w=-0.579 dt=39.1ms policy_zmq_lag=0.6ms action_age=50.0ms scan_age=49.4ms scan_rx_age=24.8ms odom_age=8.8ms odom_rx_age=7.8ms sensor_skew=40.6ms loop_to_send=6.1ms
[go2:sport] DRY cmd#767 seq=799 v=0.894 w=-0.578 dt=39.8ms policy_zmq_lag=0.6ms action_age=49.7ms scan_age=49.1ms scan_rx_age=26.2ms odom_age=8.5ms odom_rx_age=7.5ms sensor_skew=40.6ms loop_to_send=5.9ms
[go2:sport] DRY cmd#768 seq=800 v=0.894 w=-0.571 dt=40.1ms policy_zmq_lag=0.6ms action_age=49.9ms scan_age=49.3ms scan_rx_age=26.5ms odom_age=8.5ms odom_rx_age=7.6ms sensor_skew=40.8ms loop_to_send=5.9ms
[go2:sport] DRY cmd#769 seq=801 v=0.894 w=-0.570 dt=40.1ms policy_zmq_lag=0.6ms action_age=30.0ms scan_age=29.4ms scan_rx_age=7.1ms odom_age=8.7ms odom_rx_age=7.7ms sensor_skew=20.7ms loop_to_send=5.8ms
[go2:sport] DRY cmd#770 seq=802 v=0.894 w=-0.574 dt=40.5ms policy_zmq_lag=0.8ms action_age=50.8ms scan_age=49.9ms scan_rx_age=26.1ms odom_age=9.1ms odom_rx_age=8.0ms sensor_skew=40.9ms loop_to_send=6.4ms
[go2:sport] DRY cmd#771 seq=803 v=0.894 w=-0.570 dt=41.6ms policy_zmq_lag=0.7ms action_age=52.2ms scan_age=51.6ms scan_rx_age=25.1ms odom_age=14.2ms odom_rx_age=13.4ms sensor_skew=37.3ms loop_to_send=7.9ms
[go2:sport] DRY cmd#772 seq=804 v=0.894 w=-0.562 dt=38.2ms policy_zmq_lag=0.6ms action_age=50.3ms scan_age=49.7ms scan_rx_age=26.3ms odom_age=9.0ms odom_rx_age=8.0ms sensor_skew=40.7ms loop_to_send=6.3ms
[go2:sport] DRY cmd#773 seq=805 v=0.894 w=-0.564 dt=39.6ms policy_zmq_lag=0.6ms action_age=50.0ms scan_age=49.4ms scan_rx_age=25.8ms odom_age=8.7ms odom_rx_age=7.9ms sensor_skew=40.7ms loop_to_send=6.1ms
[go2:sport] DRY cmd#774 seq=806 v=0.894 w=-0.581 dt=40.3ms policy_zmq_lag=0.6ms action_age=50.3ms scan_age=49.8ms scan_rx_age=25.9ms odom_age=9.1ms odom_rx_age=8.2ms sensor_skew=40.7ms loop_to_send=6.3ms
[go2:sport] DRY cmd#775 seq=807 v=0.894 w=-0.577 dt=39.7ms policy_zmq_lag=0.6ms action_age=49.9ms scan_age=49.3ms scan_rx_age=25.7ms odom_age=8.8ms odom_rx_age=7.8ms sensor_skew=40.5ms loop_to_send=6.0ms
[go2:sport] DRY cmd#776 seq=808 v=0.894 w=-0.583 dt=40.4ms policy_zmq_lag=0.6ms action_age=50.4ms scan_age=49.9ms scan_rx_age=25.4ms odom_age=9.0ms odom_rx_age=7.8ms sensor_skew=40.8ms loop_to_send=6.4ms
[go2:sport] DRY cmd#777 seq=809 v=0.894 w=-0.572 dt=40.2ms policy_zmq_lag=0.6ms action_age=50.3ms scan_age=49.7ms scan_rx_age=26.3ms odom_age=9.3ms odom_rx_age=8.4ms sensor_skew=40.4ms loop_to_send=6.6ms
[go2:sport] DRY cmd#778 seq=810 v=0.894 w=-0.570 dt=39.8ms policy_zmq_lag=0.6ms action_age=50.3ms scan_age=49.7ms scan_rx_age=26.0ms odom_age=12.4ms odom_rx_age=11.6ms sensor_skew=37.2ms loop_to_send=6.1ms
[go2:sport] DRY cmd#779 seq=811 v=0.894 w=-0.579 dt=40.1ms policy_zmq_lag=0.6ms action_age=50.4ms scan_age=49.8ms scan_rx_age=26.1ms odom_age=9.2ms odom_rx_age=8.1ms sensor_skew=40.6ms loop_to_send=6.2ms
[go2:sport] DRY cmd#780 seq=812 v=0.894 w=-0.578 dt=39.5ms policy_zmq_lag=0.6ms action_age=49.9ms scan_age=49.3ms scan_rx_age=25.6ms odom_age=8.7ms odom_rx_age=7.6ms sensor_skew=40.6ms loop_to_send=5.9ms
[go2:sport] DRY cmd#781 seq=813 v=0.894 w=-0.593 dt=40.7ms policy_zmq_lag=0.6ms action_age=31.0ms scan_age=30.4ms scan_rx_age=6.8ms odom_age=9.5ms odom_rx_age=8.3ms sensor_skew=20.9ms loop_to_send=6.3ms
[go2:sport] DRY cmd#782 seq=814 v=0.894 w=-0.596 dt=39.4ms policy_zmq_lag=0.7ms action_age=50.1ms scan_age=49.4ms scan_rx_age=25.3ms odom_age=8.9ms odom_rx_age=7.9ms sensor_skew=40.6ms loop_to_send=6.1ms
[go2:sport] DRY cmd#783 seq=815 v=0.894 w=-0.585 dt=39.9ms policy_zmq_lag=0.6ms action_age=49.9ms scan_age=49.3ms scan_rx_age=25.9ms odom_age=8.8ms odom_rx_age=7.9ms sensor_skew=40.5ms loop_to_send=6.0ms
[go2:sport] DRY cmd#784 seq=816 v=0.893 w=-0.593 dt=40.4ms policy_zmq_lag=0.6ms action_age=50.5ms scan_age=49.9ms scan_rx_age=25.6ms odom_age=9.1ms odom_rx_age=8.2ms sensor_skew=40.7ms loop_to_send=6.2ms
[go2:sport] DRY cmd#785 seq=817 v=0.893 w=-0.595 dt=39.4ms policy_zmq_lag=0.6ms action_age=49.9ms scan_age=49.3ms scan_rx_age=24.8ms odom_age=8.6ms odom_rx_age=7.8ms sensor_skew=40.7ms loop_to_send=5.9ms
[go2:sport] DRY cmd#786 seq=818 v=0.893 w=-0.580 dt=40.2ms policy_zmq_lag=0.6ms action_age=50.0ms scan_age=49.5ms scan_rx_age=26.7ms odom_age=8.8ms odom_rx_age=7.8ms sensor_skew=40.7ms loop_to_send=6.1ms
[go2:sport] DRY cmd#787 seq=819 v=0.894 w=-0.574 dt=40.3ms policy_zmq_lag=0.6ms action_age=50.3ms scan_age=49.7ms scan_rx_age=26.1ms odom_age=9.1ms odom_rx_age=8.0ms sensor_skew=40.6ms loop_to_send=6.3ms
[go2:sport] DRY cmd#788 seq=820 v=0.894 w=-0.569 dt=40.4ms policy_zmq_lag=0.7ms action_age=50.9ms scan_age=50.2ms scan_rx_age=25.7ms odom_age=9.6ms odom_rx_age=8.5ms sensor_skew=40.6ms loop_to_send=6.6ms
[go2:sport] DRY cmd#789 seq=821 v=0.894 w=-0.575 dt=39.4ms policy_zmq_lag=0.6ms action_age=50.1ms scan_age=49.5ms scan_rx_age=25.5ms odom_age=8.9ms odom_rx_age=7.9ms sensor_skew=40.6ms loop_to_send=6.1ms
[go2:sport] DRY cmd#790 seq=822 v=0.894 w=-0.572 dt=40.4ms policy_zmq_lag=0.6ms action_age=50.6ms scan_age=50.0ms scan_rx_age=26.1ms odom_age=8.8ms odom_rx_age=7.6ms sensor_skew=41.2ms loop_to_send=6.2ms
[go2:sport] DRY cmd#791 seq=823 v=0.894 w=-0.584 dt=39.4ms policy_zmq_lag=0.6ms action_age=49.9ms scan_age=49.3ms scan_rx_age=26.0ms odom_age=8.6ms odom_rx_age=7.5ms sensor_skew=40.8ms loop_to_send=5.8ms
[go2:sport] DRY cmd#792 seq=824 v=0.894 w=-0.575 dt=40.5ms policy_zmq_lag=1.0ms action_age=50.3ms scan_age=49.4ms scan_rx_age=25.4ms odom_age=8.9ms odom_rx_age=7.9ms sensor_skew=40.5ms loop_to_send=6.1ms
[go2:sport] DRY cmd#793 seq=825 v=0.894 w=-0.578 dt=40.2ms policy_zmq_lag=0.7ms action_age=50.7ms scan_age=50.0ms scan_rx_age=26.0ms odom_age=9.4ms odom_rx_age=8.2ms sensor_skew=40.6ms loop_to_send=6.5ms
[go2:sport] DRY cmd#794 seq=826 v=0.894 w=-0.568 dt=39.8ms policy_zmq_lag=0.7ms action_age=50.6ms scan_age=49.9ms scan_rx_age=25.4ms odom_age=9.2ms odom_rx_age=8.0ms sensor_skew=40.8ms loop_to_send=6.2ms
[go2:sport] DRY cmd#795 seq=827 v=0.893 w=-0.572 dt=39.8ms policy_zmq_lag=0.6ms action_age=50.3ms scan_age=49.6ms scan_rx_age=25.7ms odom_age=9.0ms odom_rx_age=7.9ms sensor_skew=40.7ms loop_to_send=6.2ms
[go2:sport] DRY cmd#796 seq=828 v=0.893 w=-0.580 dt=40.3ms policy_zmq_lag=0.6ms action_age=50.5ms scan_age=49.9ms scan_rx_age=26.9ms odom_age=9.3ms odom_rx_age=7.9ms sensor_skew=40.6ms loop_to_send=6.5ms
[go2:sport] DRY cmd#797 seq=829 v=0.894 w=-0.579 dt=39.9ms policy_zmq_lag=0.6ms action_age=50.3ms scan_age=49.7ms scan_rx_age=25.7ms odom_age=9.0ms odom_rx_age=7.9ms sensor_skew=40.6ms loop_to_send=6.2ms
[go2:sport] DRY cmd#798 seq=830 v=0.894 w=-0.574 dt=40.4ms policy_zmq_lag=0.7ms action_age=50.8ms scan_age=50.0ms scan_rx_age=26.0ms odom_age=9.5ms odom_rx_age=8.5ms sensor_skew=40.5ms loop_to_send=6.6ms
[go2:sport] DRY cmd#799 seq=831 v=0.894 w=-0.574 dt=39.0ms policy_zmq_lag=0.6ms action_age=49.8ms scan_age=49.2ms scan_rx_age=25.1ms odom_age=8.6ms odom_rx_age=7.7ms sensor_skew=40.7ms loop_to_send=5.8ms
[go2:sport] DRY cmd#800 seq=832 v=0.894 w=-0.576 dt=40.4ms policy_zmq_lag=0.6ms action_age=50.1ms scan_age=49.5ms scan_rx_age=26.3ms odom_age=8.9ms odom_rx_age=7.9ms sensor_skew=40.6ms loop_to_send=6.1ms
[go2:sport] DRY cmd#801 seq=833 v=0.894 w=-0.578 dt=40.0ms policy_zmq_lag=0.6ms action_age=30.0ms scan_age=29.4ms scan_rx_age=6.3ms odom_age=8.9ms odom_rx_age=7.8ms sensor_skew=20.5ms loop_to_send=5.9ms
[go2:sport] DRY cmd#802 seq=834 v=0.894 w=-0.578 dt=40.1ms policy_zmq_lag=0.6ms action_age=50.2ms scan_age=49.5ms scan_rx_age=25.5ms odom_age=8.8ms odom_rx_age=7.7ms sensor_skew=40.7ms loop_to_send=6.1ms
[go2:sport] DRY cmd#803 seq=835 v=0.894 w=-0.573 dt=39.7ms policy_zmq_lag=0.7ms action_age=49.9ms scan_age=49.2ms scan_rx_age=25.4ms odom_age=8.6ms odom_rx_age=7.5ms sensor_skew=40.6ms loop_to_send=5.9ms
[go2:sport] DRY cmd#804 seq=836 v=0.894 w=-0.587 dt=40.1ms policy_zmq_lag=0.7ms action_age=50.1ms scan_age=49.4ms scan_rx_age=25.6ms odom_age=8.8ms odom_rx_age=7.8ms sensor_skew=40.6ms loop_to_send=5.9ms
[go2:sport] DRY cmd#805 seq=837 v=0.894 w=-0.574 dt=39.8ms policy_zmq_lag=0.6ms action_age=49.7ms scan_age=49.1ms scan_rx_age=25.6ms odom_age=8.7ms odom_rx_age=7.7ms sensor_skew=40.4ms loop_to_send=5.8ms
[go2:sport] DRY cmd#806 seq=838 v=0.893 w=-0.579 dt=40.2ms policy_zmq_lag=0.6ms action_age=50.0ms scan_age=49.4ms scan_rx_age=25.5ms odom_age=8.9ms odom_rx_age=7.9ms sensor_skew=40.5ms loop_to_send=6.0ms
[go2:sport] DRY cmd#807 seq=839 v=0.894 w=-0.569 dt=39.9ms policy_zmq_lag=0.7ms action_age=49.7ms scan_age=49.1ms scan_rx_age=25.4ms odom_age=8.7ms odom_rx_age=7.7ms sensor_skew=40.3ms loop_to_send=6.0ms
[go2:sport] DRY cmd#808 seq=840 v=0.894 w=-0.574 dt=40.5ms policy_zmq_lag=0.8ms action_age=50.5ms scan_age=49.7ms scan_rx_age=25.5ms odom_age=9.1ms odom_rx_age=8.1ms sensor_skew=40.6ms loop_to_send=6.3ms
[go2:sport] DRY cmd#809 seq=841 v=0.894 w=-0.570 dt=39.7ms policy_zmq_lag=0.6ms action_age=50.1ms scan_age=49.5ms scan_rx_age=25.1ms odom_age=8.9ms odom_rx_age=7.8ms sensor_skew=40.6ms loop_to_send=6.1ms
[go2:sport] DRY cmd#810 seq=842 v=0.894 w=-0.568 dt=40.3ms policy_zmq_lag=0.6ms action_age=30.4ms scan_age=29.8ms scan_rx_age=6.6ms odom_age=9.3ms odom_rx_age=8.3ms sensor_skew=20.4ms loop_to_send=6.1ms
[go2:sport] DRY cmd#811 seq=843 v=0.894 w=-0.579 dt=39.7ms policy_zmq_lag=0.6ms action_age=50.3ms scan_age=49.7ms scan_rx_age=26.2ms odom_age=9.1ms odom_rx_age=8.0ms sensor_skew=40.6ms loop_to_send=6.1ms
[go2:sport] DRY cmd#812 seq=844 v=0.893 w=-0.584 dt=39.8ms policy_zmq_lag=0.6ms action_age=49.6ms scan_age=49.0ms scan_rx_age=25.4ms odom_age=8.8ms odom_rx_age=7.8ms sensor_skew=40.2ms loop_to_send=6.0ms
[go2:sport] DRY cmd#813 seq=845 v=0.894 w=-0.578 dt=40.1ms policy_zmq_lag=0.6ms action_age=50.1ms scan_age=49.5ms scan_rx_age=25.7ms odom_age=9.0ms odom_rx_age=7.9ms sensor_skew=40.6ms loop_to_send=6.1ms
[go2:sport] DRY cmd#814 seq=846 v=0.894 w=-0.568 dt=40.1ms policy_zmq_lag=0.7ms action_age=50.2ms scan_age=49.6ms scan_rx_age=25.6ms odom_age=9.0ms odom_rx_age=8.0ms sensor_skew=40.5ms loop_to_send=6.1ms
[go2:sport] DRY cmd#815 seq=847 v=0.894 w=-0.568 dt=39.7ms policy_zmq_lag=0.6ms action_age=50.0ms scan_age=49.4ms scan_rx_age=25.8ms odom_age=8.8ms odom_rx_age=7.8ms sensor_skew=40.5ms loop_to_send=5.9ms
[go2:sport] DRY cmd#816 seq=848 v=0.894 w=-0.588 dt=40.2ms policy_zmq_lag=0.6ms action_age=50.0ms scan_age=49.4ms scan_rx_age=25.8ms odom_age=8.9ms odom_rx_age=7.8ms sensor_skew=40.5ms loop_to_send=6.0ms
[go2:sport] DRY cmd#817 seq=849 v=0.894 w=-0.578 dt=40.3ms policy_zmq_lag=0.8ms action_age=50.2ms scan_age=49.4ms scan_rx_age=26.1ms odom_age=8.9ms odom_rx_age=7.7ms sensor_skew=40.5ms loop_to_send=6.1ms
[go2:sport] DRY cmd#818 seq=850 v=0.894 w=-0.583 dt=39.6ms policy_zmq_lag=0.6ms action_age=50.1ms scan_age=49.5ms scan_rx_age=25.5ms odom_age=8.9ms odom_rx_age=7.9ms sensor_skew=40.6ms loop_to_send=6.1ms
[go2:sport] DRY cmd#819 seq=851 v=0.893 w=-0.584 dt=40.0ms policy_zmq_lag=0.7ms action_age=50.1ms scan_age=49.4ms scan_rx_age=25.1ms odom_age=8.9ms odom_rx_age=7.9ms sensor_skew=40.5ms loop_to_send=6.0ms
[go2:sport] DRY cmd#820 seq=852 v=0.894 w=-0.570 dt=40.3ms policy_zmq_lag=0.6ms action_age=50.2ms scan_age=49.5ms scan_rx_age=26.5ms odom_age=9.3ms odom_rx_age=8.2ms sensor_skew=40.3ms loop_to_send=6.3ms
[go2:sport] DRY cmd#821 seq=853 v=0.894 w=-0.577 dt=39.6ms policy_zmq_lag=0.6ms action_age=49.9ms scan_age=49.3ms scan_rx_age=25.1ms odom_age=8.8ms odom_rx_age=7.6ms sensor_skew=40.4ms loop_to_send=5.9ms
[go2:sport] DRY cmd#822 seq=854 v=0.894 w=-0.570 dt=39.8ms policy_zmq_lag=0.6ms action_age=49.6ms scan_age=49.0ms scan_rx_age=25.6ms odom_age=8.6ms odom_rx_age=7.7ms sensor_skew=40.3ms loop_to_send=5.8ms
[go2:sport] DRY cmd#823 seq=855 v=0.894 w=-0.574 dt=40.7ms policy_zmq_lag=0.7ms action_age=50.3ms scan_age=49.6ms scan_rx_age=26.1ms odom_age=8.4ms odom_rx_age=7.2ms sensor_skew=41.2ms loop_to_send=5.9ms
[go2:sport] DRY cmd#824 seq=856 v=0.894 w=-0.576 dt=39.7ms policy_zmq_lag=0.6ms action_age=50.1ms scan_age=49.5ms scan_rx_age=26.2ms odom_age=9.0ms odom_rx_age=7.9ms sensor_skew=40.5ms loop_to_send=6.1ms
[go2:sport] DRY cmd#825 seq=857 v=0.894 w=-0.582 dt=40.0ms policy_zmq_lag=0.7ms action_age=50.0ms scan_age=49.3ms scan_rx_age=25.9ms odom_age=9.0ms odom_rx_age=7.9ms sensor_skew=40.3ms loop_to_send=6.0ms
[go2:sport] DRY cmd#826 seq=858 v=0.894 w=-0.587 dt=40.1ms policy_zmq_lag=0.6ms action_age=30.2ms scan_age=29.6ms scan_rx_age=6.7ms odom_age=9.1ms odom_rx_age=8.1ms sensor_skew=20.4ms loop_to_send=6.2ms
[go2:sport] DRY cmd#827 seq=859 v=0.894 w=-0.586 dt=39.8ms policy_zmq_lag=0.6ms action_age=49.9ms scan_age=49.3ms scan_rx_age=25.3ms odom_age=8.9ms odom_rx_age=7.8ms sensor_skew=40.4ms loop_to_send=6.0ms
[go2:sport] DRY cmd#828 seq=860 v=0.894 w=-0.582 dt=39.9ms policy_zmq_lag=0.7ms action_age=50.0ms scan_age=49.3ms scan_rx_age=25.5ms odom_age=8.7ms odom_rx_age=7.6ms sensor_skew=40.6ms loop_to_send=5.8ms
[go2:sport] DRY cmd#829 seq=861 v=0.894 w=-0.570 dt=39.9ms policy_zmq_lag=0.6ms action_age=49.9ms scan_age=49.3ms scan_rx_age=26.2ms odom_age=8.5ms odom_rx_age=7.5ms sensor_skew=40.7ms loop_to_send=5.8ms
[go2:sport] DRY cmd#830 seq=862 v=0.893 w=-0.569 dt=40.0ms policy_zmq_lag=0.6ms action_age=49.9ms scan_age=49.3ms scan_rx_age=25.9ms odom_age=8.8ms odom_rx_age=7.8ms sensor_skew=40.4ms loop_to_send=5.9ms
[go2:sport] DRY cmd#831 seq=863 v=0.894 w=-0.572 dt=40.4ms policy_zmq_lag=0.8ms action_age=50.1ms scan_age=49.3ms scan_rx_age=26.0ms odom_age=9.0ms odom_rx_age=7.8ms sensor_skew=40.3ms loop_to_send=6.1ms
[go2:sport] DRY cmd#832 seq=864 v=0.894 w=-0.569 dt=39.8ms policy_zmq_lag=0.7ms action_age=50.1ms scan_age=49.5ms scan_rx_age=26.4ms odom_age=8.9ms odom_rx_age=8.1ms sensor_skew=40.5ms loop_to_send=5.9ms
[go2:sport] DRY cmd#833 seq=865 v=0.894 w=-0.569 dt=40.3ms policy_zmq_lag=0.6ms action_age=50.3ms scan_age=49.6ms scan_rx_age=25.7ms odom_age=8.5ms odom_rx_age=7.5ms sensor_skew=41.1ms loop_to_send=6.1ms
[go2:sport] DRY cmd#834 seq=866 v=0.894 w=-0.587 dt=39.7ms policy_zmq_lag=0.6ms action_age=29.9ms scan_age=29.3ms scan_rx_age=6.3ms odom_age=9.1ms odom_rx_age=8.2ms sensor_skew=20.2ms loop_to_send=5.8ms
[go2:sport] DRY cmd#835 seq=867 v=0.894 w=-0.585 dt=39.9ms policy_zmq_lag=0.6ms action_age=49.9ms scan_age=49.3ms scan_rx_age=25.7ms odom_age=8.9ms odom_rx_age=8.0ms sensor_skew=40.4ms loop_to_send=5.8ms
[go2:sport] DRY cmd#836 seq=868 v=0.894 w=-0.592 dt=39.8ms policy_zmq_lag=0.6ms action_age=29.8ms scan_age=29.1ms scan_rx_age=6.3ms odom_age=8.7ms odom_rx_age=7.7ms sensor_skew=20.5ms loop_to_send=5.8ms
[go2:sport] DRY cmd#837 seq=869 v=0.894 w=-0.572 dt=40.3ms policy_zmq_lag=0.6ms action_age=50.0ms scan_age=49.4ms scan_rx_age=25.7ms odom_age=8.9ms odom_rx_age=7.9ms sensor_skew=40.5ms loop_to_send=6.0ms
[go2:sport] DRY cmd#838 seq=870 v=0.894 w=-0.575 dt=40.0ms policy_zmq_lag=0.6ms action_age=50.0ms scan_age=49.4ms scan_rx_age=25.9ms odom_age=8.9ms odom_rx_age=7.7ms sensor_skew=40.4ms loop_to_send=5.9ms
[go2:sport] DRY cmd#839 seq=871 v=0.894 w=-0.575 dt=40.7ms policy_zmq_lag=1.5ms action_age=50.8ms scan_age=49.3ms scan_rx_age=26.4ms odom_age=8.9ms odom_rx_age=8.0ms sensor_skew=40.4ms loop_to_send=5.9ms
[go2:sport] DRY cmd#840 seq=872 v=0.894 w=-0.566 dt=39.3ms policy_zmq_lag=0.6ms action_age=30.1ms scan_age=29.5ms scan_rx_age=6.8ms odom_age=9.1ms odom_rx_age=8.1ms sensor_skew=20.4ms loop_to_send=5.9ms
[go2:sport] DRY cmd#841 seq=873 v=0.894 w=-0.575 dt=40.0ms policy_zmq_lag=0.6ms action_age=50.3ms scan_age=49.6ms scan_rx_age=25.7ms odom_age=9.1ms odom_rx_age=8.3ms sensor_skew=40.5ms loop_to_send=6.0ms
[go2:sport] DRY cmd#842 seq=874 v=0.894 w=-0.576 dt=39.8ms policy_zmq_lag=0.6ms action_age=49.8ms scan_age=49.1ms scan_rx_age=25.4ms odom_age=8.9ms odom_rx_age=7.8ms sensor_skew=40.3ms loop_to_send=5.9ms
[go2:sport] DRY cmd#843 seq=875 v=0.894 w=-0.585 dt=39.9ms policy_zmq_lag=0.6ms action_age=49.9ms scan_age=49.2ms scan_rx_age=25.2ms odom_age=8.9ms odom_rx_age=8.0ms sensor_skew=40.3ms loop_to_send=5.8ms
[go2:sport] DRY cmd#844 seq=876 v=0.894 w=-0.584 dt=40.1ms policy_zmq_lag=0.7ms action_age=50.0ms scan_age=49.3ms scan_rx_age=25.2ms odom_age=9.0ms odom_rx_age=8.1ms sensor_skew=40.3ms loop_to_send=5.9ms
[go2:sport] DRY cmd#845 seq=877 v=0.894 w=-0.584 dt=40.2ms policy_zmq_lag=0.6ms action_age=50.1ms scan_age=49.5ms scan_rx_age=25.9ms odom_age=9.2ms odom_rx_age=8.1ms sensor_skew=40.4ms loop_to_send=6.1ms
[go2:sport] DRY cmd#846 seq=878 v=0.894 w=-0.585 dt=40.0ms policy_zmq_lag=0.6ms action_age=30.2ms scan_age=29.6ms scan_rx_age=6.6ms odom_age=9.2ms odom_rx_age=8.1ms sensor_skew=20.4ms loop_to_send=6.1ms
[go2:sport] DRY cmd#847 seq=879 v=0.894 w=-0.578 dt=39.8ms policy_zmq_lag=0.6ms action_age=50.0ms scan_age=49.4ms scan_rx_age=26.3ms odom_age=9.0ms odom_rx_age=8.1ms sensor_skew=40.4ms loop_to_send=5.9ms
[go2:sport] DRY cmd#848 seq=880 v=0.894 w=-0.577 dt=40.6ms policy_zmq_lag=0.7ms action_age=50.4ms scan_age=49.7ms scan_rx_age=26.1ms odom_age=8.5ms odom_rx_age=7.1ms sensor_skew=41.3ms loop_to_send=6.4ms
[go2:sport] DRY cmd#849 seq=881 v=0.894 w=-0.583 dt=39.5ms policy_zmq_lag=0.6ms action_age=50.0ms scan_age=49.4ms scan_rx_age=24.9ms odom_age=8.8ms odom_rx_age=7.7ms sensor_skew=40.6ms loop_to_send=5.9ms
[go2:sport] DRY cmd#850 seq=882 v=0.894 w=-0.587 dt=40.1ms policy_zmq_lag=0.7ms action_age=50.1ms scan_age=49.4ms scan_rx_age=25.4ms odom_age=9.2ms odom_rx_age=8.2ms sensor_skew=40.2ms loop_to_send=6.0ms
[go2:sport] DRY cmd#851 seq=883 v=0.894 w=-0.586 dt=40.1ms policy_zmq_lag=0.6ms action_age=50.2ms scan_age=49.6ms scan_rx_age=25.7ms odom_age=9.3ms odom_rx_age=8.4ms sensor_skew=40.3ms loop_to_send=6.2ms
[go2:sport] DRY cmd#852 seq=884 v=0.894 w=-0.587 dt=39.8ms policy_zmq_lag=0.6ms action_age=49.8ms scan_age=49.1ms scan_rx_age=25.2ms odom_age=9.0ms odom_rx_age=8.0ms sensor_skew=40.1ms loop_to_send=6.0ms
[go2:sport] DRY cmd#853 seq=885 v=0.894 w=-0.595 dt=40.7ms policy_zmq_lag=0.6ms action_age=50.8ms scan_age=50.2ms scan_rx_age=26.0ms odom_age=8.0ms odom_rx_age=6.7ms sensor_skew=42.2ms loop_to_send=6.1ms
[go2:sport] DRY cmd#854 seq=886 v=0.894 w=-0.586 dt=39.8ms policy_zmq_lag=0.6ms action_age=30.4ms scan_age=29.8ms scan_rx_age=6.5ms odom_age=9.5ms odom_rx_age=8.4ms sensor_skew=20.3ms loop_to_send=6.0ms
[go2:sport] DRY cmd#855 seq=887 v=0.894 w=-0.576 dt=39.2ms policy_zmq_lag=0.6ms action_age=49.8ms scan_age=49.2ms scan_rx_age=23.4ms odom_age=8.9ms odom_rx_age=8.0ms sensor_skew=40.4ms loop_to_send=5.8ms
[go2:sport] DRY cmd#856 seq=888 v=0.894 w=-0.580 dt=40.1ms policy_zmq_lag=0.6ms action_age=49.9ms scan_age=49.3ms scan_rx_age=25.4ms odom_age=12.3ms odom_rx_age=11.5ms sensor_skew=37.0ms loop_to_send=5.7ms
[go2:sport] DRY cmd#857 seq=889 v=0.894 w=-0.581 dt=40.1ms policy_zmq_lag=0.7ms action_age=49.7ms scan_age=49.1ms scan_rx_age=25.5ms odom_age=9.0ms odom_rx_age=8.1ms sensor_skew=40.1ms loop_to_send=6.0ms
[go2:sport] DRY cmd#858 seq=890 v=0.894 w=-0.586 dt=40.2ms policy_zmq_lag=0.6ms action_age=50.2ms scan_age=49.5ms scan_rx_age=24.3ms odom_age=9.3ms odom_rx_age=8.1ms sensor_skew=40.3ms loop_to_send=6.1ms
[go2:sport] DRY cmd#859 seq=891 v=0.893 w=-0.597 dt=40.2ms policy_zmq_lag=0.7ms action_age=50.4ms scan_age=49.7ms scan_rx_age=24.7ms odom_age=9.3ms odom_rx_age=7.4ms sensor_skew=40.5ms loop_to_send=6.4ms
[go2:sport] DRY cmd#860 seq=892 v=0.893 w=-0.599 dt=40.6ms policy_zmq_lag=0.6ms action_age=50.9ms scan_age=50.3ms scan_rx_age=26.3ms odom_age=10.1ms odom_rx_age=9.0ms sensor_skew=40.2ms loop_to_send=6.9ms
[go2:sport] DRY cmd#861 seq=893 v=0.894 w=-0.595 dt=39.4ms policy_zmq_lag=0.6ms action_age=50.4ms scan_age=49.7ms scan_rx_age=25.9ms odom_age=9.4ms odom_rx_age=8.1ms sensor_skew=40.4ms loop_to_send=6.3ms
[go2:sport] DRY cmd#862 seq=894 v=0.893 w=-0.581 dt=40.1ms policy_zmq_lag=0.6ms action_age=50.5ms scan_age=49.9ms scan_rx_age=26.0ms odom_age=9.7ms odom_rx_age=8.6ms sensor_skew=40.2ms loop_to_send=6.5ms
[go2:sport] DRY cmd#863 seq=895 v=0.893 w=-0.583 dt=39.7ms policy_zmq_lag=0.6ms action_age=50.3ms scan_age=49.7ms scan_rx_age=25.6ms odom_age=9.5ms odom_rx_age=8.5ms sensor_skew=40.2ms loop_to_send=6.2ms
[go2:sport] DRY cmd#864 seq=896 v=0.894 w=-0.584 dt=41.8ms policy_zmq_lag=0.6ms action_age=52.0ms scan_age=51.4ms scan_rx_age=27.3ms odom_age=10.9ms odom_rx_age=9.7ms sensor_skew=40.5ms loop_to_send=7.6ms
[go2:sport] DRY cmd#865 seq=897 v=0.894 w=-0.571 dt=38.2ms policy_zmq_lag=0.6ms action_age=50.2ms scan_age=49.7ms scan_rx_age=25.7ms odom_age=9.3ms odom_rx_age=8.3ms sensor_skew=40.3ms loop_to_send=6.2ms
[go2:sport] DRY cmd#866 seq=898 v=0.894 w=-0.572 dt=39.9ms policy_zmq_lag=0.6ms action_age=50.2ms scan_age=49.6ms scan_rx_age=26.1ms odom_age=9.3ms odom_rx_age=8.4ms sensor_skew=40.3ms loop_to_send=6.2ms
[go2:sport] DRY cmd#867 seq=899 v=0.894 w=-0.574 dt=39.7ms policy_zmq_lag=0.6ms action_age=49.7ms scan_age=49.1ms scan_rx_age=26.0ms odom_age=9.1ms odom_rx_age=8.1ms sensor_skew=40.0ms loop_to_send=5.9ms
[go2:sport] DRY cmd#868 seq=900 v=0.894 w=-0.581 dt=39.8ms policy_zmq_lag=0.6ms action_age=49.6ms scan_age=49.0ms scan_rx_age=25.6ms odom_age=9.0ms odom_rx_age=8.0ms sensor_skew=40.1ms loop_to_send=5.7ms
[go2:sport] DRY cmd#869 seq=901 v=0.894 w=-0.583 dt=40.2ms policy_zmq_lag=0.6ms action_age=49.9ms scan_age=49.3ms scan_rx_age=24.2ms odom_age=9.1ms odom_rx_age=8.2ms sensor_skew=40.2ms loop_to_send=5.9ms
[go2:sport] DRY cmd#870 seq=902 v=0.894 w=-0.579 dt=39.9ms policy_zmq_lag=0.6ms action_age=49.7ms scan_age=49.2ms scan_rx_age=25.1ms odom_age=9.1ms odom_rx_age=7.7ms sensor_skew=40.1ms loop_to_send=5.9ms
[go2:sport] DRY cmd#871 seq=903 v=0.894 w=-0.582 dt=40.5ms policy_zmq_lag=0.7ms action_age=50.4ms scan_age=49.7ms scan_rx_age=25.4ms odom_age=9.2ms odom_rx_age=7.7ms sensor_skew=40.5ms loop_to_send=6.3ms
[go2:sport] DRY cmd#872 seq=904 v=0.894 w=-0.585 dt=39.9ms policy_zmq_lag=0.6ms action_age=50.3ms scan_age=49.7ms scan_rx_age=26.0ms odom_age=9.4ms odom_rx_age=8.2ms sensor_skew=40.3ms loop_to_send=6.3ms
[go2:sport] DRY cmd#873 seq=905 v=0.893 w=-0.581 dt=39.8ms policy_zmq_lag=0.6ms action_age=50.1ms scan_age=49.5ms scan_rx_age=25.9ms odom_age=9.2ms odom_rx_age=8.2ms sensor_skew=40.3ms loop_to_send=6.1ms
[go2:sport] DRY cmd#874 seq=906 v=0.894 w=-0.571 dt=40.1ms policy_zmq_lag=0.6ms action_age=30.1ms scan_age=29.5ms scan_rx_age=6.5ms odom_age=9.2ms odom_rx_age=8.3ms sensor_skew=20.3ms loop_to_send=6.1ms
[go2:sport] DRY cmd#875 seq=907 v=0.894 w=-0.573 dt=40.5ms policy_zmq_lag=0.7ms action_age=50.8ms scan_age=50.2ms scan_rx_age=26.2ms odom_age=9.8ms odom_rx_age=8.8ms sensor_skew=40.4ms loop_to_send=6.3ms
[go2:sport] DRY cmd#876 seq=908 v=0.894 w=-0.574 dt=39.1ms policy_zmq_lag=0.6ms action_age=49.8ms scan_age=49.2ms scan_rx_age=24.1ms odom_age=8.9ms odom_rx_age=8.0ms sensor_skew=40.3ms loop_to_send=5.7ms
[go2:sport] DRY cmd#877 seq=909 v=0.893 w=-0.579 dt=40.7ms policy_zmq_lag=0.7ms action_age=30.4ms scan_age=29.7ms scan_rx_age=7.0ms odom_age=9.5ms odom_rx_age=8.4ms sensor_skew=20.2ms loop_to_send=6.1ms
[go2:sport] DRY cmd#878 seq=910 v=0.893 w=-0.580 dt=40.1ms policy_zmq_lag=0.6ms action_age=50.7ms scan_age=50.1ms scan_rx_age=26.2ms odom_age=8.4ms odom_rx_age=7.4ms sensor_skew=41.7ms loop_to_send=6.1ms
[go2:sport] DRY cmd#879 seq=911 v=0.894 w=-0.586 dt=39.6ms policy_zmq_lag=0.6ms action_age=30.0ms scan_age=29.4ms scan_rx_age=7.0ms odom_age=9.3ms odom_rx_age=8.4ms sensor_skew=20.1ms loop_to_send=6.1ms
[go2:sport] DRY cmd#880 seq=912 v=0.894 w=-0.572 dt=39.9ms policy_zmq_lag=0.6ms action_age=50.2ms scan_age=49.6ms scan_rx_age=25.9ms odom_age=9.3ms odom_rx_age=8.4ms sensor_skew=40.3ms loop_to_send=6.0ms
[go2:sport] DRY cmd#881 seq=913 v=0.893 w=-0.586 dt=40.1ms policy_zmq_lag=0.6ms action_age=30.1ms scan_age=29.6ms scan_rx_age=6.5ms odom_age=9.4ms odom_rx_age=8.5ms sensor_skew=20.2ms loop_to_send=6.1ms
[go2:sport] DRY cmd#882 seq=914 v=0.893 w=-0.584 dt=40.7ms policy_zmq_lag=0.7ms action_age=50.8ms scan_age=50.1ms scan_rx_age=25.1ms odom_age=10.0ms odom_rx_age=9.1ms sensor_skew=40.1ms loop_to_send=6.5ms
[go2:sport] DRY cmd#883 seq=915 v=0.894 w=-0.582 dt=39.3ms policy_zmq_lag=0.6ms action_age=50.1ms scan_age=49.4ms scan_rx_age=25.8ms odom_age=9.4ms odom_rx_age=8.5ms sensor_skew=40.0ms loop_to_send=6.0ms
[go2:sport] DRY cmd#884 seq=916 v=0.894 w=-0.569 dt=40.5ms policy_zmq_lag=0.8ms action_age=30.6ms scan_age=29.9ms scan_rx_age=6.7ms odom_age=9.7ms odom_rx_age=8.6ms sensor_skew=20.1ms loop_to_send=6.2ms
[go2:sport] DRY cmd#885 seq=917 v=0.894 w=-0.584 dt=39.5ms policy_zmq_lag=0.6ms action_age=50.2ms scan_age=49.6ms scan_rx_age=24.5ms odom_age=9.4ms odom_rx_age=8.5ms sensor_skew=40.2ms loop_to_send=6.2ms
[go2:sport] DRY cmd#886 seq=918 v=0.894 w=-0.579 dt=40.0ms policy_zmq_lag=0.6ms action_age=50.2ms scan_age=49.6ms scan_rx_age=25.5ms odom_age=9.3ms odom_rx_age=8.3ms sensor_skew=40.3ms loop_to_send=6.1ms
[go2:sport] DRY cmd#887 seq=919 v=0.894 w=-0.573 dt=40.0ms policy_zmq_lag=0.6ms action_age=50.0ms scan_age=49.4ms scan_rx_age=26.5ms odom_age=9.4ms odom_rx_age=8.4ms sensor_skew=40.0ms loop_to_send=6.1ms
[go2:sport] DRY cmd#888 seq=920 v=0.894 w=-0.578 dt=39.9ms policy_zmq_lag=0.6ms action_age=30.0ms scan_age=29.4ms scan_rx_age=6.8ms odom_age=9.3ms odom_rx_age=8.3ms sensor_skew=20.1ms loop_to_send=5.9ms
[go2:sport] DRY cmd#889 seq=921 v=0.894 w=-0.579 dt=40.4ms policy_zmq_lag=0.7ms action_age=50.5ms scan_age=49.8ms scan_rx_age=24.5ms odom_age=9.5ms odom_rx_age=8.5ms sensor_skew=40.3ms loop_to_send=6.3ms
[go2:sport] DRY cmd#890 seq=922 v=0.894 w=-0.584 dt=39.6ms policy_zmq_lag=0.6ms action_age=50.0ms scan_age=49.4ms scan_rx_age=25.6ms odom_age=9.3ms odom_rx_age=8.5ms sensor_skew=40.1ms loop_to_send=6.0ms
[go2:sport] DRY cmd#891 seq=923 v=0.893 w=-0.577 dt=40.0ms policy_zmq_lag=0.6ms action_age=50.1ms scan_age=49.5ms scan_rx_age=25.8ms odom_age=9.3ms odom_rx_age=8.3ms sensor_skew=40.2ms loop_to_send=6.1ms
[go2:sport] DRY cmd#892 seq=924 v=0.894 w=-0.579 dt=39.9ms policy_zmq_lag=0.6ms action_age=49.8ms scan_age=49.2ms scan_rx_age=25.5ms odom_age=9.1ms odom_rx_age=8.2ms sensor_skew=40.0ms loop_to_send=5.9ms
[go2:sport] DRY cmd#893 seq=925 v=0.894 w=-0.587 dt=40.0ms policy_zmq_lag=0.6ms action_age=49.9ms scan_age=49.3ms scan_rx_age=24.5ms odom_age=9.3ms odom_rx_age=8.3ms sensor_skew=40.0ms loop_to_send=6.0ms
[go2:sport] DRY cmd#894 seq=926 v=0.894 w=-0.581 dt=40.2ms policy_zmq_lag=0.6ms action_age=50.1ms scan_age=49.5ms scan_rx_age=26.6ms odom_age=9.5ms odom_rx_age=8.2ms sensor_skew=40.0ms loop_to_send=6.0ms
[go2:sport] DRY cmd#895 seq=927 v=0.894 w=-0.576 dt=39.9ms policy_zmq_lag=0.6ms action_age=30.1ms scan_age=29.5ms scan_rx_age=6.7ms odom_age=9.2ms odom_rx_age=8.2ms sensor_skew=20.3ms loop_to_send=5.8ms
[go2:sport] DRY cmd#896 seq=928 v=0.894 w=-0.580 dt=39.6ms policy_zmq_lag=0.6ms action_age=29.7ms scan_age=29.0ms scan_rx_age=6.2ms odom_age=8.9ms odom_rx_age=7.9ms sensor_skew=20.2ms loop_to_send=5.7ms
[go2:sport] DRY cmd#897 seq=929 v=0.894 w=-0.582 dt=40.2ms policy_zmq_lag=0.7ms action_age=50.0ms scan_age=49.3ms scan_rx_age=24.1ms odom_age=9.2ms odom_rx_age=8.1ms sensor_skew=40.1ms loop_to_send=5.9ms
[go2:sport] DRY cmd#898 seq=930 v=0.894 w=-0.577 dt=40.1ms policy_zmq_lag=0.6ms action_age=50.0ms scan_age=49.4ms scan_rx_age=25.4ms odom_age=9.3ms odom_rx_age=8.1ms sensor_skew=40.1ms loop_to_send=5.8ms
[go2:sport] DRY cmd#899 seq=931 v=0.894 w=-0.584 dt=39.9ms policy_zmq_lag=0.7ms action_age=49.9ms scan_age=49.2ms scan_rx_age=26.7ms odom_age=9.2ms odom_rx_age=8.3ms sensor_skew=40.1ms loop_to_send=5.8ms
[go2:sport] DRY cmd#900 seq=932 v=0.894 w=-0.575 dt=40.1ms policy_zmq_lag=0.8ms action_age=50.0ms scan_age=49.2ms scan_rx_age=25.3ms odom_age=9.2ms odom_rx_age=8.3ms sensor_skew=40.0ms loop_to_send=5.8ms
[go2:sport] DRY cmd#901 seq=933 v=0.894 w=-0.580 dt=39.8ms policy_zmq_lag=0.6ms action_age=49.9ms scan_age=49.2ms scan_rx_age=25.0ms odom_age=9.0ms odom_rx_age=8.1ms sensor_skew=40.2ms loop_to_send=5.8ms
[go2:sport] DRY cmd#902 seq=934 v=0.894 w=-0.591 dt=40.6ms policy_zmq_lag=0.7ms action_age=50.3ms scan_age=49.6ms scan_rx_age=25.5ms odom_age=9.6ms odom_rx_age=8.4ms sensor_skew=40.0ms loop_to_send=6.2ms
[go2:sport] DRY cmd#903 seq=935 v=0.894 w=-0.586 dt=39.5ms policy_zmq_lag=0.6ms action_age=49.9ms scan_age=49.3ms scan_rx_age=23.7ms odom_age=9.2ms odom_rx_age=8.3ms sensor_skew=40.1ms loop_to_send=5.8ms
[go2:sport] DRY cmd#904 seq=936 v=0.894 w=-0.582 dt=40.2ms policy_zmq_lag=0.9ms action_age=29.9ms scan_age=29.0ms scan_rx_age=6.7ms odom_age=9.1ms odom_rx_age=8.1ms sensor_skew=19.9ms loop_to_send=5.8ms
[go2:sport] DRY cmd#905 seq=937 v=0.894 w=-0.576 dt=39.6ms policy_zmq_lag=0.6ms action_age=49.8ms scan_age=49.2ms scan_rx_age=24.0ms odom_age=9.0ms odom_rx_age=7.8ms sensor_skew=40.2ms loop_to_send=5.7ms
[go2:sport] DRY cmd#906 seq=938 v=0.894 w=-0.570 dt=40.2ms policy_zmq_lag=0.7ms action_age=49.9ms scan_age=49.2ms scan_rx_age=25.0ms odom_age=9.2ms odom_rx_age=8.4ms sensor_skew=40.1ms loop_to_send=5.8ms
[go2:sport] DRY cmd#907 seq=939 v=0.894 w=-0.572 dt=40.0ms policy_zmq_lag=0.6ms action_age=49.7ms scan_age=49.1ms scan_rx_age=25.1ms odom_age=9.2ms odom_rx_age=8.2ms sensor_skew=39.9ms loop_to_send=5.8ms
[go2:sport] DRY cmd#908 seq=940 v=0.894 w=-0.579 dt=40.2ms policy_zmq_lag=0.6ms action_age=50.0ms scan_age=49.4ms scan_rx_age=24.5ms odom_age=9.4ms odom_rx_age=8.5ms sensor_skew=39.9ms loop_to_send=6.0ms
[go2:sport] DRY cmd#909 seq=941 v=0.894 w=-0.575 dt=39.8ms policy_zmq_lag=0.6ms action_age=49.9ms scan_age=49.3ms scan_rx_age=26.4ms odom_age=9.2ms odom_rx_age=8.3ms sensor_skew=40.1ms loop_to_send=5.8ms
[go2:sport] DRY cmd#910 seq=942 v=0.894 w=-0.581 dt=40.5ms policy_zmq_lag=0.6ms action_age=50.3ms scan_age=49.7ms scan_rx_age=24.7ms odom_age=9.6ms odom_rx_age=8.6ms sensor_skew=40.1ms loop_to_send=6.3ms
[go2:sport] DRY cmd#911 seq=943 v=0.894 w=-0.589 dt=39.8ms policy_zmq_lag=0.6ms action_age=50.1ms scan_age=49.5ms scan_rx_age=26.2ms odom_age=9.4ms odom_rx_age=8.3ms sensor_skew=40.1ms loop_to_send=6.1ms
[go2:sport] DRY cmd#912 seq=944 v=0.894 w=-0.582 dt=40.0ms policy_zmq_lag=0.7ms action_age=50.0ms scan_age=49.3ms scan_rx_age=24.2ms odom_age=9.4ms odom_rx_age=8.5ms sensor_skew=39.9ms loop_to_send=6.0ms
[go2:sport] DRY cmd#913 seq=945 v=0.894 w=-0.568 dt=40.2ms policy_zmq_lag=0.6ms action_age=50.4ms scan_age=49.8ms scan_rx_age=24.8ms odom_age=9.7ms odom_rx_age=8.5ms sensor_skew=40.1ms loop_to_send=6.3ms
[go2:sport] DRY cmd#914 seq=946 v=0.894 w=-0.564 dt=40.4ms policy_zmq_lag=0.6ms action_age=50.6ms scan_age=50.0ms scan_rx_age=25.1ms odom_age=9.8ms odom_rx_age=8.5ms sensor_skew=40.2ms loop_to_send=6.5ms
[go2:sport] DRY cmd#915 seq=947 v=0.894 w=-0.568 dt=40.3ms policy_zmq_lag=0.6ms action_age=52.4ms scan_age=51.7ms scan_rx_age=25.9ms odom_age=10.0ms odom_rx_age=8.6ms sensor_skew=41.7ms loop_to_send=6.5ms
[go2:sport] DRY cmd#916 seq=948 v=0.894 w=-0.566 dt=40.2ms policy_zmq_lag=0.7ms action_age=52.6ms scan_age=51.9ms scan_rx_age=24.9ms odom_age=16.9ms odom_rx_age=16.0ms sensor_skew=35.0ms loop_to_send=6.6ms
[go2:sport] DRY cmd#917 seq=949 v=0.893 w=-0.562 dt=40.0ms policy_zmq_lag=0.6ms action_age=31.2ms scan_age=30.6ms scan_rx_age=7.5ms odom_age=10.3ms odom_rx_age=9.3ms sensor_skew=20.3ms loop_to_send=7.0ms
[go2:sport] DRY cmd#918 seq=950 v=0.893 w=-0.573 dt=39.5ms policy_zmq_lag=0.6ms action_age=50.7ms scan_age=50.1ms scan_rx_age=26.9ms odom_age=9.9ms odom_rx_age=8.9ms sensor_skew=40.2ms loop_to_send=6.5ms
[go2:sport] DRY cmd#919 seq=951 v=0.893 w=-0.572 dt=39.9ms policy_zmq_lag=0.6ms action_age=50.4ms scan_age=49.8ms scan_rx_age=24.5ms odom_age=9.6ms odom_rx_age=8.3ms sensor_skew=40.2ms loop_to_send=6.4ms
[go2:sport] DRY cmd#920 seq=952 v=0.894 w=-0.580 dt=40.0ms policy_zmq_lag=0.6ms action_age=50.4ms scan_age=49.8ms scan_rx_age=25.1ms odom_age=9.6ms odom_rx_age=8.1ms sensor_skew=40.2ms loop_to_send=6.5ms
[go2:sport] DRY cmd#921 seq=953 v=0.894 w=-0.577 dt=40.5ms policy_zmq_lag=0.6ms action_age=31.1ms scan_age=30.5ms scan_rx_age=7.0ms odom_age=10.2ms odom_rx_age=9.0ms sensor_skew=20.3ms loop_to_send=6.5ms
[go2:sport] DRY cmd#922 seq=954 v=0.894 w=-0.564 dt=44.9ms policy_zmq_lag=0.6ms action_age=55.9ms scan_age=55.3ms scan_rx_age=30.1ms odom_age=15.3ms odom_rx_age=14.1ms sensor_skew=40.0ms loop_to_send=11.8ms
[go2:sport] DRY cmd#923 seq=955 v=0.894 w=-0.570 dt=34.4ms policy_zmq_lag=0.6ms action_age=50.3ms scan_age=49.7ms scan_rx_age=24.5ms odom_age=9.7ms odom_rx_age=8.6ms sensor_skew=40.0ms loop_to_send=6.2ms
[go2:sport] DRY cmd#924 seq=956 v=0.894 w=-0.564 dt=40.0ms policy_zmq_lag=0.6ms action_age=50.2ms scan_age=49.6ms scan_rx_age=25.5ms odom_age=9.7ms odom_rx_age=8.8ms sensor_skew=39.9ms loop_to_send=6.2ms
[go2:sport] DRY cmd#925 seq=957 v=0.894 w=-0.570 dt=40.2ms policy_zmq_lag=0.6ms action_age=50.5ms scan_age=49.9ms scan_rx_age=24.8ms odom_age=9.9ms odom_rx_age=8.9ms sensor_skew=40.0ms loop_to_send=6.4ms
[go2:sport] DRY cmd#926 seq=958 v=0.894 w=-0.580 dt=40.1ms policy_zmq_lag=0.6ms action_age=49.4ms scan_age=48.8ms scan_rx_age=23.5ms odom_age=9.5ms odom_rx_age=8.4ms sensor_skew=39.3ms loop_to_send=6.4ms
[go2:sport] DRY cmd#927 seq=959 v=0.894 w=-0.583 dt=39.7ms policy_zmq_lag=0.6ms action_age=50.2ms scan_age=49.6ms scan_rx_age=24.4ms odom_age=9.7ms odom_rx_age=8.5ms sensor_skew=39.9ms loop_to_send=6.2ms
[go2:sport] DRY cmd#928 seq=960 v=0.894 w=-0.566 dt=40.6ms policy_zmq_lag=0.6ms action_age=30.7ms scan_age=30.1ms scan_rx_age=7.0ms odom_age=8.9ms odom_rx_age=7.8ms sensor_skew=21.2ms loop_to_send=6.2ms
[go2:sport] DRY cmd#929 seq=961 v=0.894 w=-0.566 dt=40.1ms policy_zmq_lag=0.6ms action_age=30.7ms scan_age=30.0ms scan_rx_age=6.9ms odom_age=10.1ms odom_rx_age=9.0ms sensor_skew=19.9ms loop_to_send=6.4ms
[go2:sport] DRY cmd#930 seq=962 v=0.894 w=-0.566 dt=39.6ms policy_zmq_lag=0.6ms action_age=50.5ms scan_age=49.9ms scan_rx_age=26.8ms odom_age=9.8ms odom_rx_age=8.9ms sensor_skew=40.1ms loop_to_send=6.4ms
[go2:sport] DRY cmd#931 seq=963 v=0.893 w=-0.582 dt=39.8ms policy_zmq_lag=0.6ms action_age=50.3ms scan_age=49.7ms scan_rx_age=25.3ms odom_age=9.8ms odom_rx_age=8.9ms sensor_skew=39.9ms loop_to_send=6.2ms
[go2:sport] DRY cmd#932 seq=964 v=0.894 w=-0.571 dt=39.9ms policy_zmq_lag=0.6ms action_age=50.0ms scan_age=49.4ms scan_rx_age=26.8ms odom_age=9.6ms odom_rx_age=8.6ms sensor_skew=39.8ms loop_to_send=6.1ms
[go2:sport] DRY cmd#933 seq=965 v=0.894 w=-0.567 dt=40.3ms policy_zmq_lag=0.6ms action_age=50.5ms scan_age=49.8ms scan_rx_age=25.7ms odom_age=10.0ms odom_rx_age=8.9ms sensor_skew=39.9ms loop_to_send=6.4ms
[go2:sport] DRY cmd#934 seq=966 v=0.893 w=-0.565 dt=40.1ms policy_zmq_lag=0.8ms action_age=50.6ms scan_age=49.8ms scan_rx_age=25.0ms odom_age=10.0ms odom_rx_age=8.9ms sensor_skew=39.9ms loop_to_send=6.2ms
[go2:sport] DRY cmd#935 seq=967 v=0.894 w=-0.561 dt=39.3ms policy_zmq_lag=0.6ms action_age=49.8ms scan_age=49.2ms scan_rx_age=26.2ms odom_age=9.4ms odom_rx_age=8.5ms sensor_skew=39.8ms loop_to_send=5.9ms
[go2:sport] DRY cmd#936 seq=968 v=0.894 w=-0.562 dt=40.2ms policy_zmq_lag=0.6ms action_age=50.0ms scan_age=49.5ms scan_rx_age=24.6ms odom_age=9.6ms odom_rx_age=8.4ms sensor_skew=39.8ms loop_to_send=6.0ms
[go2:sport] DRY cmd#937 seq=969 v=0.894 w=-0.573 dt=39.9ms policy_zmq_lag=0.7ms action_age=49.8ms scan_age=49.2ms scan_rx_age=25.2ms odom_age=9.4ms odom_rx_age=8.6ms sensor_skew=39.7ms loop_to_send=5.9ms
[go2:sport] DRY cmd#938 seq=970 v=0.894 w=-0.571 dt=40.4ms policy_zmq_lag=0.7ms action_age=50.5ms scan_age=49.8ms scan_rx_age=25.6ms odom_age=9.8ms odom_rx_age=8.5ms sensor_skew=40.0ms loop_to_send=6.2ms
[go2:sport] DRY cmd#939 seq=971 v=0.894 w=-0.578 dt=39.9ms policy_zmq_lag=0.7ms action_age=50.4ms scan_age=49.7ms scan_rx_age=24.4ms odom_age=9.7ms odom_rx_age=8.7ms sensor_skew=40.0ms loop_to_send=6.2ms
[go2:sport] DRY cmd#940 seq=972 v=0.893 w=-0.565 dt=39.8ms policy_zmq_lag=0.6ms action_age=50.2ms scan_age=49.6ms scan_rx_age=23.3ms odom_age=9.7ms odom_rx_age=8.7ms sensor_skew=39.9ms loop_to_send=6.1ms
[go2:sport] DRY cmd#941 seq=973 v=0.893 w=-0.568 dt=40.0ms policy_zmq_lag=0.6ms action_age=30.0ms scan_age=29.4ms scan_rx_age=6.7ms odom_age=9.5ms odom_rx_age=8.3ms sensor_skew=19.9ms loop_to_send=6.2ms
[go2:sport] DRY cmd#942 seq=974 v=0.894 w=-0.561 dt=39.8ms policy_zmq_lag=0.6ms action_age=49.9ms scan_age=49.3ms scan_rx_age=24.4ms odom_age=9.2ms odom_rx_age=8.0ms sensor_skew=40.1ms loop_to_send=5.9ms
[go2:sport] DRY cmd#943 seq=975 v=0.894 w=-0.557 dt=40.0ms policy_zmq_lag=0.6ms action_age=50.0ms scan_age=49.4ms scan_rx_age=23.7ms odom_age=9.4ms odom_rx_age=8.4ms sensor_skew=40.0ms loop_to_send=5.9ms
[go2:sport] DRY cmd#944 seq=976 v=0.894 w=-0.565 dt=40.1ms policy_zmq_lag=0.6ms action_age=50.1ms scan_age=49.4ms scan_rx_age=24.7ms odom_age=9.6ms odom_rx_age=8.7ms sensor_skew=39.8ms loop_to_send=6.0ms
[go2:sport] DRY cmd#945 seq=977 v=0.894 w=-0.586 dt=40.0ms policy_zmq_lag=0.7ms action_age=50.0ms scan_age=49.4ms scan_rx_age=25.1ms odom_age=9.5ms odom_rx_age=8.3ms sensor_skew=39.9ms loop_to_send=6.0ms
[go2:sport] DRY cmd#946 seq=978 v=0.894 w=-0.572 dt=39.8ms policy_zmq_lag=0.6ms action_age=50.0ms scan_age=49.3ms scan_rx_age=23.4ms odom_age=9.4ms odom_rx_age=8.4ms sensor_skew=39.9ms loop_to_send=5.9ms
[go2:sport] DRY cmd#947 seq=979 v=0.894 w=-0.568 dt=40.3ms policy_zmq_lag=0.6ms action_age=50.1ms scan_age=49.4ms scan_rx_age=24.5ms odom_age=9.6ms odom_rx_age=8.6ms sensor_skew=39.9ms loop_to_send=6.1ms
[go2:sport] DRY cmd#948 seq=980 v=0.894 w=-0.582 dt=39.9ms policy_zmq_lag=0.6ms action_age=50.1ms scan_age=49.5ms scan_rx_age=24.3ms odom_age=9.3ms odom_rx_age=8.3ms sensor_skew=40.2ms loop_to_send=6.0ms
[go2:sport] DRY cmd#949 seq=981 v=0.894 w=-0.575 dt=39.9ms policy_zmq_lag=0.6ms action_age=50.0ms scan_age=49.4ms scan_rx_age=24.0ms odom_age=9.5ms odom_rx_age=8.5ms sensor_skew=39.9ms loop_to_send=6.0ms
[go2:sport] DRY cmd#950 seq=982 v=0.893 w=-0.575 dt=40.0ms policy_zmq_lag=0.6ms action_age=50.0ms scan_age=49.4ms scan_rx_age=24.6ms odom_age=9.6ms odom_rx_age=8.6ms sensor_skew=39.8ms loop_to_send=5.9ms
[go2:sport] DRY cmd#951 seq=983 v=0.894 w=-0.565 dt=40.3ms policy_zmq_lag=0.6ms action_age=50.3ms scan_age=49.6ms scan_rx_age=24.5ms odom_age=9.8ms odom_rx_age=8.9ms sensor_skew=39.8ms loop_to_send=6.1ms
[go2:sport] DRY cmd#952 seq=984 v=0.894 w=-0.558 dt=40.0ms policy_zmq_lag=0.6ms action_age=30.2ms scan_age=29.6ms scan_rx_age=6.7ms odom_age=9.8ms odom_rx_age=8.6ms sensor_skew=19.7ms loop_to_send=6.2ms
[go2:sport] DRY cmd#953 seq=985 v=0.894 w=-0.563 dt=39.7ms policy_zmq_lag=0.6ms action_age=50.2ms scan_age=49.5ms scan_rx_age=25.4ms odom_age=9.5ms odom_rx_age=8.6ms sensor_skew=40.1ms loop_to_send=5.9ms
[go2:sport] DRY cmd#954 seq=986 v=0.894 w=-0.566 dt=40.2ms policy_zmq_lag=0.6ms action_age=50.1ms scan_age=49.5ms scan_rx_age=24.6ms odom_age=9.6ms odom_rx_age=8.4ms sensor_skew=39.8ms loop_to_send=6.1ms
[go2:sport] DRY cmd#955 seq=987 v=0.894 w=-0.577 dt=40.0ms policy_zmq_lag=0.6ms action_age=50.0ms scan_age=49.4ms scan_rx_age=25.5ms odom_age=9.8ms odom_rx_age=9.0ms sensor_skew=39.7ms loop_to_send=6.1ms
[go2:sport] DRY cmd#956 seq=988 v=0.894 w=-0.579 dt=39.9ms policy_zmq_lag=0.6ms action_age=50.1ms scan_age=49.6ms scan_rx_age=25.4ms odom_age=9.7ms odom_rx_age=8.9ms sensor_skew=39.9ms loop_to_send=6.0ms
[go2:sport] DRY cmd#957 seq=989 v=0.894 w=-0.577 dt=40.0ms policy_zmq_lag=0.6ms action_age=49.9ms scan_age=49.4ms scan_rx_age=24.5ms odom_age=9.6ms odom_rx_age=8.8ms sensor_skew=39.7ms loop_to_send=6.1ms
[go2:sport] DRY cmd#958 seq=990 v=0.894 w=-0.573 dt=41.2ms policy_zmq_lag=0.6ms action_age=51.2ms scan_age=50.6ms scan_rx_age=25.7ms odom_age=10.6ms odom_rx_age=9.0ms sensor_skew=40.0ms loop_to_send=6.9ms
[go2:sport] DRY cmd#959 seq=991 v=0.893 w=-0.576 dt=39.0ms policy_zmq_lag=0.7ms action_age=50.3ms scan_age=49.6ms scan_rx_age=24.5ms odom_age=9.7ms odom_rx_age=8.7ms sensor_skew=40.0ms loop_to_send=6.1ms
[go2:sport] DRY cmd#960 seq=992 v=0.894 w=-0.572 dt=39.9ms policy_zmq_lag=0.6ms action_age=50.0ms scan_age=49.4ms scan_rx_age=24.5ms odom_age=9.6ms odom_rx_age=8.6ms sensor_skew=39.8ms loop_to_send=6.1ms
[go2:sport] DRY cmd#961 seq=993 v=0.894 w=-0.565 dt=40.2ms policy_zmq_lag=0.6ms action_age=30.3ms scan_age=29.7ms scan_rx_age=6.7ms odom_age=9.8ms odom_rx_age=8.6ms sensor_skew=19.9ms loop_to_send=6.2ms
[go2:sport] DRY cmd#962 seq=994 v=0.894 w=-0.571 dt=39.6ms policy_zmq_lag=0.6ms action_age=49.9ms scan_age=49.3ms scan_rx_age=24.6ms odom_age=9.6ms odom_rx_age=8.7ms sensor_skew=39.8ms loop_to_send=5.9ms
[go2:sport] DRY cmd#963 seq=995 v=0.894 w=-0.565 dt=40.1ms policy_zmq_lag=0.6ms action_age=50.1ms scan_age=49.5ms scan_rx_age=24.5ms odom_age=9.7ms odom_rx_age=8.6ms sensor_skew=39.8ms loop_to_send=6.0ms
[go2:sport] DRY cmd#964 seq=996 v=0.894 w=-0.575 dt=40.3ms policy_zmq_lag=0.8ms action_age=50.4ms scan_age=49.6ms scan_rx_age=24.3ms odom_age=9.9ms odom_rx_age=9.0ms sensor_skew=39.7ms loop_to_send=6.2ms
[go2:sport] DRY cmd#965 seq=997 v=0.893 w=-0.563 dt=39.6ms policy_zmq_lag=0.6ms action_age=30.1ms scan_age=29.5ms scan_rx_age=6.5ms odom_age=9.5ms odom_rx_age=8.3ms sensor_skew=20.0ms loop_to_send=6.0ms
[go2:sport] DRY cmd#966 seq=998 v=0.893 w=-0.568 dt=40.1ms policy_zmq_lag=0.6ms action_age=50.2ms scan_age=49.6ms scan_rx_age=24.6ms odom_age=9.8ms odom_rx_age=9.0ms sensor_skew=39.9ms loop_to_send=6.1ms
[go2:sport] DRY cmd#967 seq=999 v=0.893 w=-0.560 dt=39.7ms policy_zmq_lag=0.6ms action_age=49.7ms scan_age=49.1ms scan_rx_age=24.3ms odom_age=9.4ms odom_rx_age=8.5ms sensor_skew=39.7ms loop_to_send=5.8ms
[go2:sport] DRY cmd#968 seq=1000 v=0.894 w=-0.556 dt=40.2ms policy_zmq_lag=0.6ms action_age=50.1ms scan_age=49.5ms scan_rx_age=24.7ms odom_age=9.4ms odom_rx_age=8.3ms sensor_skew=40.1ms loop_to_send=6.0ms
[go2:sport] DRY cmd#969 seq=1001 v=0.894 w=-0.554 dt=40.0ms policy_zmq_lag=0.6ms action_age=50.0ms scan_age=49.4ms scan_rx_age=25.0ms odom_age=9.4ms odom_rx_age=8.5ms sensor_skew=40.0ms loop_to_send=6.0ms
[go2:sport] DRY cmd#970 seq=1002 v=0.894 w=-0.564 dt=40.4ms policy_zmq_lag=0.6ms action_age=30.3ms scan_age=29.7ms scan_rx_age=6.5ms odom_age=10.0ms odom_rx_age=9.0ms sensor_skew=19.7ms loop_to_send=6.0ms
[go2:sport] DRY cmd#971 seq=1003 v=0.894 w=-0.570 dt=40.2ms policy_zmq_lag=0.6ms action_age=50.7ms scan_age=50.0ms scan_rx_age=25.4ms odom_age=10.2ms odom_rx_age=9.5ms sensor_skew=39.8ms loop_to_send=6.5ms
[go2:sport] DRY cmd#972 seq=1004 v=0.894 w=-0.567 dt=39.5ms policy_zmq_lag=0.6ms action_age=50.0ms scan_age=49.4ms scan_rx_age=24.8ms odom_age=9.8ms odom_rx_age=9.0ms sensor_skew=39.6ms loop_to_send=6.0ms
[go2:sport] DRY cmd#973 seq=1005 v=0.894 w=-0.580 dt=40.0ms policy_zmq_lag=0.6ms action_age=49.9ms scan_age=49.3ms scan_rx_age=26.8ms odom_age=9.8ms odom_rx_age=8.9ms sensor_skew=39.5ms loop_to_send=6.0ms
[go2:sport] DRY cmd#974 seq=1006 v=0.893 w=-0.580 dt=40.2ms policy_zmq_lag=0.6ms action_age=50.4ms scan_age=49.8ms scan_rx_age=24.2ms odom_age=10.0ms odom_rx_age=8.8ms sensor_skew=39.7ms loop_to_send=6.3ms
[go2:sport] DRY cmd#975 seq=1007 v=0.894 w=-0.569 dt=40.4ms policy_zmq_lag=0.6ms action_age=30.7ms scan_age=30.0ms scan_rx_age=6.9ms odom_age=10.1ms odom_rx_age=8.9ms sensor_skew=19.9ms loop_to_send=6.4ms
[go2:sport] DRY cmd#976 seq=1008 v=0.894 w=-0.575 dt=39.7ms policy_zmq_lag=0.6ms action_age=50.6ms scan_age=50.0ms scan_rx_age=24.5ms odom_age=9.9ms odom_rx_age=9.1ms sensor_skew=40.0ms loop_to_send=6.2ms
[go2:sport] DRY cmd#977 seq=1009 v=0.894 w=-0.576 dt=39.9ms policy_zmq_lag=0.6ms action_age=50.1ms scan_age=49.4ms scan_rx_age=23.0ms odom_age=9.8ms odom_rx_age=8.9ms sensor_skew=39.6ms loop_to_send=6.2ms
[go2:sport] DRY cmd#978 seq=1010 v=0.894 w=-0.572 dt=40.2ms policy_zmq_lag=0.6ms action_age=50.4ms scan_age=49.8ms scan_rx_age=26.6ms odom_age=10.1ms odom_rx_age=9.2ms sensor_skew=39.7ms loop_to_send=6.3ms
[go2:sport] DRY cmd#979 seq=1011 v=0.894 w=-0.573 dt=39.9ms policy_zmq_lag=0.6ms action_age=50.4ms scan_age=49.8ms scan_rx_age=25.1ms odom_age=10.0ms odom_rx_age=9.1ms sensor_skew=39.8ms loop_to_send=6.3ms
[go2:sport] DRY cmd#980 seq=1012 v=0.894 w=-0.579 dt=40.1ms policy_zmq_lag=0.6ms action_age=30.5ms scan_age=29.8ms scan_rx_age=6.8ms odom_age=10.0ms odom_rx_age=8.8ms sensor_skew=19.9ms loop_to_send=6.3ms
[go2:sport] DRY cmd#981 seq=1013 v=0.894 w=-0.575 dt=40.2ms policy_zmq_lag=0.6ms action_age=50.9ms scan_age=50.3ms scan_rx_age=25.4ms odom_age=10.4ms odom_rx_age=9.6ms sensor_skew=39.9ms loop_to_send=6.6ms
[go2:sport] DRY cmd#982 seq=1014 v=0.893 w=-0.585 dt=39.6ms policy_zmq_lag=0.6ms action_age=50.1ms scan_age=49.5ms scan_rx_age=11.6ms odom_age=10.0ms odom_rx_age=8.8ms sensor_skew=39.5ms loop_to_send=6.4ms
[go2:sport] DRY cmd#983 seq=1015 v=0.893 w=-0.580 dt=39.9ms policy_zmq_lag=0.6ms action_age=50.4ms scan_age=49.8ms scan_rx_age=24.5ms odom_age=9.9ms odom_rx_age=8.9ms sensor_skew=39.9ms loop_to_send=6.1ms
[go2:sport] DRY cmd#984 seq=1016 v=0.893 w=-0.569 dt=40.3ms policy_zmq_lag=0.6ms action_age=50.4ms scan_age=49.8ms scan_rx_age=24.8ms odom_age=10.2ms odom_rx_age=9.2ms sensor_skew=39.6ms loop_to_send=6.4ms
[go2:sport] DRY cmd#985 seq=1017 v=0.893 w=-0.572 dt=42.1ms policy_zmq_lag=0.6ms action_age=52.4ms scan_age=51.8ms scan_rx_age=27.0ms odom_age=18.8ms odom_rx_age=17.9ms sensor_skew=33.0ms loop_to_send=8.2ms
[go2:sport] DRY cmd#986 seq=1018 v=0.894 w=-0.581 dt=41.5ms policy_zmq_lag=0.8ms action_age=34.1ms scan_age=33.3ms scan_rx_age=10.0ms odom_age=13.7ms odom_rx_age=11.7ms sensor_skew=19.6ms loop_to_send=9.4ms
[go2:sport] DRY cmd#987 seq=1019 v=0.894 w=-0.585 dt=36.7ms policy_zmq_lag=0.7ms action_age=50.8ms scan_age=50.0ms scan_rx_age=24.8ms odom_age=10.4ms odom_rx_age=9.4ms sensor_skew=39.7ms loop_to_send=6.6ms
[go2:sport] DRY cmd#988 seq=1020 v=0.894 w=-0.572 dt=39.6ms policy_zmq_lag=0.6ms action_age=50.5ms scan_age=49.8ms scan_rx_age=24.3ms odom_age=10.2ms odom_rx_age=9.1ms sensor_skew=39.7ms loop_to_send=6.2ms
[go2:sport] DRY cmd#989 seq=1021 v=0.894 w=-0.573 dt=39.6ms policy_zmq_lag=0.6ms action_age=49.9ms scan_age=49.3ms scan_rx_age=24.8ms odom_age=9.7ms odom_rx_age=8.8ms sensor_skew=39.6ms loop_to_send=6.0ms
[go2:sport] DRY cmd#990 seq=1022 v=0.894 w=-0.579 dt=40.1ms policy_zmq_lag=0.6ms action_age=50.1ms scan_age=49.5ms scan_rx_age=24.4ms odom_age=9.8ms odom_rx_age=8.9ms sensor_skew=39.7ms loop_to_send=6.0ms
[go2:sport] DRY cmd#991 seq=1023 v=0.893 w=-0.573 dt=40.0ms policy_zmq_lag=0.6ms action_age=50.1ms scan_age=49.5ms scan_rx_age=24.7ms odom_age=9.6ms odom_rx_age=8.6ms sensor_skew=39.9ms loop_to_send=6.0ms
[go2:sport] DRY cmd#992 seq=1024 v=0.893 w=-0.571 dt=40.6ms policy_zmq_lag=1.0ms action_age=50.5ms scan_age=49.5ms scan_rx_age=26.9ms odom_age=10.0ms odom_rx_age=9.2ms sensor_skew=39.5ms loop_to_send=6.1ms
[go2:sport] DRY cmd#993 seq=1025 v=0.894 w=-0.561 dt=39.5ms policy_zmq_lag=0.6ms action_age=50.2ms scan_age=49.6ms scan_rx_age=26.7ms odom_age=9.9ms odom_rx_age=9.0ms sensor_skew=39.7ms loop_to_send=6.1ms
[go2:sport] DRY cmd#994 seq=1026 v=0.894 w=-0.563 dt=40.0ms policy_zmq_lag=0.6ms action_age=50.0ms scan_age=49.4ms scan_rx_age=24.7ms odom_age=9.8ms odom_rx_age=9.0ms sensor_skew=39.6ms loop_to_send=6.0ms
[go2:sport] DRY cmd#995 seq=1027 v=0.894 w=-0.569 dt=39.9ms policy_zmq_lag=0.6ms action_age=49.9ms scan_age=49.3ms scan_rx_age=24.3ms odom_age=9.6ms odom_rx_age=8.7ms sensor_skew=39.6ms loop_to_send=5.9ms
[go2:sport] DRY cmd#996 seq=1028 v=0.894 w=-0.569 dt=39.9ms policy_zmq_lag=0.6ms action_age=49.9ms scan_age=49.3ms scan_rx_age=24.6ms odom_age=9.6ms odom_rx_age=8.8ms sensor_skew=39.6ms loop_to_send=5.8ms
[go2:sport] DRY cmd#997 seq=1029 v=0.894 w=-0.572 dt=40.3ms policy_zmq_lag=0.7ms action_age=30.2ms scan_age=29.5ms scan_rx_age=6.6ms odom_age=9.6ms odom_rx_age=8.4ms sensor_skew=19.9ms loop_to_send=6.1ms
[go2:sport] DRY cmd#998 seq=1030 v=0.893 w=-0.582 dt=40.0ms policy_zmq_lag=0.7ms action_age=50.2ms scan_age=49.6ms scan_rx_age=24.2ms odom_age=9.9ms odom_rx_age=8.9ms sensor_skew=39.7ms loop_to_send=6.0ms
[go2:sport] DRY cmd#999 seq=1031 v=0.893 w=-0.579 dt=40.1ms policy_zmq_lag=0.6ms action_age=50.3ms scan_age=49.7ms scan_rx_age=24.7ms odom_age=10.2ms odom_rx_age=9.4ms sensor_skew=39.5ms loop_to_send=6.4ms
[go2:sport] DRY cmd#1000 seq=1032 v=0.893 w=-0.578 dt=40.3ms policy_zmq_lag=0.6ms action_age=50.7ms scan_age=50.1ms scan_rx_age=25.3ms odom_age=10.4ms odom_rx_age=9.6ms sensor_skew=39.7ms loop_to_send=6.6ms
[go2:sport] DRY cmd#1001 seq=1033 v=0.893 w=-0.582 dt=39.6ms policy_zmq_lag=0.6ms action_age=50.2ms scan_age=49.5ms scan_rx_age=24.8ms odom_age=9.1ms odom_rx_age=7.6ms sensor_skew=40.4ms loop_to_send=6.2ms
[go2:sport] DRY cmd#1002 seq=1034 v=0.893 w=-0.571 dt=39.9ms policy_zmq_lag=0.6ms action_age=50.0ms scan_age=49.4ms scan_rx_age=24.8ms odom_age=10.0ms odom_rx_age=8.7ms sensor_skew=39.4ms loop_to_send=6.0ms
[go2:sport] DRY cmd#1003 seq=1035 v=0.893 w=-0.578 dt=39.8ms policy_zmq_lag=0.6ms action_age=50.1ms scan_age=49.5ms scan_rx_age=24.7ms odom_age=9.8ms odom_rx_age=8.8ms sensor_skew=39.7ms loop_to_send=6.0ms
[go2:sport] DRY cmd#1004 seq=1036 v=0.894 w=-0.576 dt=40.0ms policy_zmq_lag=0.6ms action_age=50.1ms scan_age=49.5ms scan_rx_age=24.9ms odom_age=9.8ms odom_rx_age=8.9ms sensor_skew=39.7ms loop_to_send=6.0ms
[go2:sport] DRY cmd#1005 seq=1037 v=0.894 w=-0.576 dt=39.8ms policy_zmq_lag=0.6ms action_age=49.9ms scan_age=49.3ms scan_rx_age=26.4ms odom_age=9.7ms odom_rx_age=8.7ms sensor_skew=39.6ms loop_to_send=5.8ms
[go2:sport] DRY cmd#1006 seq=1038 v=0.893 w=-0.580 dt=40.1ms policy_zmq_lag=0.6ms action_age=49.9ms scan_age=49.3ms scan_rx_age=24.9ms odom_age=9.6ms odom_rx_age=8.6ms sensor_skew=39.6ms loop_to_send=5.8ms
[go2:sport] DRY cmd#1007 seq=1039 v=0.893 w=-0.568 dt=40.2ms policy_zmq_lag=0.6ms action_age=50.0ms scan_age=49.3ms scan_rx_age=25.1ms odom_age=10.0ms odom_rx_age=8.7ms sensor_skew=39.4ms loop_to_send=6.1ms
[go2:sport] DRY cmd#1008 seq=1040 v=0.894 w=-0.577 dt=40.1ms policy_zmq_lag=0.6ms action_age=50.2ms scan_age=49.6ms scan_rx_age=24.4ms odom_age=10.1ms odom_rx_age=9.2ms sensor_skew=39.5ms loop_to_send=6.2ms
[go2:sport] DRY cmd#1009 seq=1041 v=0.894 w=-0.570 dt=39.9ms policy_zmq_lag=0.8ms action_age=50.1ms scan_age=49.3ms scan_rx_age=24.7ms odom_age=9.7ms odom_rx_age=8.9ms sensor_skew=39.5ms loop_to_send=5.9ms
[go2:sport] DRY cmd#1010 seq=1042 v=0.894 w=-0.572 dt=39.7ms policy_zmq_lag=0.6ms action_age=49.9ms scan_age=49.3ms scan_rx_age=24.5ms odom_age=9.7ms odom_rx_age=8.9ms sensor_skew=39.6ms loop_to_send=5.8ms
[go2:sport] DRY cmd#1011 seq=1043 v=0.893 w=-0.580 dt=40.7ms policy_zmq_lag=0.7ms action_age=30.5ms scan_age=29.8ms scan_rx_age=7.2ms odom_age=10.2ms odom_rx_age=9.2ms sensor_skew=19.6ms loop_to_send=6.1ms
[go2:sport] DRY cmd#1012 seq=1044 v=0.893 w=-0.581 dt=39.4ms policy_zmq_lag=0.7ms action_age=49.8ms scan_age=49.2ms scan_rx_age=24.8ms odom_age=9.7ms odom_rx_age=9.0ms sensor_skew=39.4ms loop_to_send=5.8ms
[go2:sport] DRY cmd#1013 seq=1045 v=0.894 w=-0.577 dt=40.0ms policy_zmq_lag=0.6ms action_age=49.8ms scan_age=49.3ms scan_rx_age=25.4ms odom_age=9.8ms odom_rx_age=9.1ms sensor_skew=39.4ms loop_to_send=5.9ms
[go2:sport] DRY cmd#1014 seq=1046 v=0.894 w=-0.575 dt=39.9ms policy_zmq_lag=0.6ms action_age=49.8ms scan_age=49.2ms scan_rx_age=24.8ms odom_age=9.7ms odom_rx_age=8.8ms sensor_skew=39.5ms loop_to_send=5.8ms
[go2:sport] DRY cmd#1015 seq=1047 v=0.894 w=-0.572 dt=40.2ms policy_zmq_lag=0.6ms action_age=50.1ms scan_age=49.6ms scan_rx_age=24.9ms odom_age=9.9ms odom_rx_age=9.0ms sensor_skew=39.7ms loop_to_send=6.0ms
[go2:sport] DRY cmd#1016 seq=1048 v=0.894 w=-0.579 dt=39.8ms policy_zmq_lag=0.6ms action_age=49.9ms scan_age=49.3ms scan_rx_age=24.1ms odom_age=9.8ms odom_rx_age=9.0ms sensor_skew=39.5ms loop_to_send=5.9ms
[go2:sport] DRY cmd#1017 seq=1049 v=0.893 w=-0.568 dt=40.0ms policy_zmq_lag=0.7ms action_age=49.7ms scan_age=49.0ms scan_rx_age=24.9ms odom_age=9.8ms odom_rx_age=9.0ms sensor_skew=39.3ms loop_to_send=5.9ms
[go2:sport] DRY cmd#1018 seq=1050 v=0.893 w=-0.569 dt=40.7ms policy_zmq_lag=0.6ms action_age=30.6ms scan_age=30.1ms scan_rx_age=7.2ms odom_age=10.4ms odom_rx_age=9.5ms sensor_skew=19.6ms loop_to_send=6.4ms
[go2:sport] DRY cmd#1019 seq=1051 v=0.893 w=-0.584 dt=40.7ms policy_zmq_lag=0.6ms action_age=51.5ms scan_age=50.9ms scan_rx_age=26.2ms odom_age=11.1ms odom_rx_age=10.3ms sensor_skew=39.8ms loop_to_send=7.3ms
[go2:sport] DRY cmd#1020 seq=1052 v=0.893 w=-0.571 dt=39.0ms policy_zmq_lag=0.6ms action_age=50.4ms scan_age=49.7ms scan_rx_age=25.1ms odom_age=10.2ms odom_rx_age=9.3ms sensor_skew=39.5ms loop_to_send=6.3ms
[go2:sport] DRY cmd#1021 seq=1053 v=0.894 w=-0.574 dt=40.1ms policy_zmq_lag=0.6ms action_age=30.4ms scan_age=29.8ms scan_rx_age=6.9ms odom_age=10.3ms odom_rx_age=9.4ms sensor_skew=19.5ms loop_to_send=6.3ms
[go2:sport] DRY cmd#1022 seq=1054 v=0.894 w=-0.569 dt=39.6ms policy_zmq_lag=0.6ms action_age=50.1ms scan_age=49.4ms scan_rx_age=24.8ms odom_age=9.8ms odom_rx_age=8.9ms sensor_skew=39.6ms loop_to_send=6.0ms
[go2:sport] DRY cmd#1023 seq=1055 v=0.894 w=-0.563 dt=40.3ms policy_zmq_lag=0.7ms action_age=50.4ms scan_age=49.7ms scan_rx_age=25.2ms odom_age=10.0ms odom_rx_age=9.2ms sensor_skew=39.6ms loop_to_send=6.1ms
[go2:sport] DRY cmd#1024 seq=1056 v=0.893 w=-0.572 dt=39.9ms policy_zmq_lag=0.7ms action_age=50.3ms scan_age=49.5ms scan_rx_age=24.9ms odom_age=10.0ms odom_rx_age=8.9ms sensor_skew=39.6ms loop_to_send=6.0ms
[go2:sport] DRY cmd#1025 seq=1057 v=0.893 w=-0.573 dt=40.2ms policy_zmq_lag=0.7ms action_age=50.5ms scan_age=49.9ms scan_rx_age=25.5ms odom_age=10.3ms odom_rx_age=9.4ms sensor_skew=39.5ms loop_to_send=6.4ms
[go2:sport] DRY cmd#1026 seq=1058 v=0.893 w=-0.575 dt=39.5ms policy_zmq_lag=0.6ms action_age=50.0ms scan_age=49.4ms scan_rx_age=26.2ms odom_age=9.9ms odom_rx_age=9.2ms sensor_skew=39.4ms loop_to_send=6.0ms
[go2:sport] DRY cmd#1027 seq=1059 v=0.894 w=-0.577 dt=40.0ms policy_zmq_lag=0.6ms action_age=29.9ms scan_age=29.3ms scan_rx_age=6.8ms odom_age=9.8ms odom_rx_age=8.9ms sensor_skew=19.5ms loop_to_send=5.9ms
[go2:sport] DRY cmd#1028 seq=1060 v=0.894 w=-0.579 dt=40.2ms policy_zmq_lag=0.6ms action_age=30.1ms scan_age=29.5ms scan_rx_age=6.7ms odom_age=10.0ms odom_rx_age=9.0ms sensor_skew=19.5ms loop_to_send=6.2ms
[go2:sport] DRY cmd#1029 seq=1061 v=0.894 w=-0.579 dt=40.0ms policy_zmq_lag=0.6ms action_age=50.4ms scan_age=49.8ms scan_rx_age=26.7ms odom_age=10.1ms odom_rx_age=9.3ms sensor_skew=39.7ms loop_to_send=6.1ms
[go2:sport] DRY cmd#1030 seq=1062 v=0.894 w=-0.577 dt=40.1ms policy_zmq_lag=0.6ms action_age=50.3ms scan_age=49.7ms scan_rx_age=24.5ms odom_age=10.2ms odom_rx_age=9.3ms sensor_skew=39.5ms loop_to_send=6.2ms
[go2:sport] DRY cmd#1031 seq=1063 v=0.894 w=-0.569 dt=40.5ms policy_zmq_lag=0.6ms action_age=50.8ms scan_age=50.1ms scan_rx_age=24.3ms odom_age=10.7ms odom_rx_age=9.7ms sensor_skew=39.5ms loop_to_send=6.6ms
[go2:sport] DRY cmd#1032 seq=1064 v=0.894 w=-0.577 dt=39.4ms policy_zmq_lag=0.6ms action_age=50.2ms scan_age=49.6ms scan_rx_age=24.9ms odom_age=10.1ms odom_rx_age=9.2ms sensor_skew=39.4ms loop_to_send=6.2ms
[go2:sport] DRY cmd#1033 seq=1065 v=0.894 w=-0.577 dt=40.7ms policy_zmq_lag=0.6ms action_age=31.0ms scan_age=30.4ms scan_rx_age=7.3ms odom_age=10.7ms odom_rx_age=9.5ms sensor_skew=19.7ms loop_to_send=6.8ms
[go2:sport] DRY cmd#1034 seq=1066 v=0.894 w=-0.570 dt=40.9ms policy_zmq_lag=0.6ms action_age=52.0ms scan_age=51.4ms scan_rx_age=26.4ms odom_age=11.7ms odom_rx_age=10.7ms sensor_skew=39.7ms loop_to_send=6.8ms
[go2:sport] DRY cmd#1035 seq=1067 v=0.893 w=-0.576 dt=37.8ms policy_zmq_lag=0.6ms action_age=49.7ms scan_age=49.1ms scan_rx_age=24.4ms odom_age=9.6ms odom_rx_age=8.9ms sensor_skew=39.5ms loop_to_send=5.6ms
[go2:sport] DRY cmd#1036 seq=1068 v=0.894 w=-0.572 dt=40.2ms policy_zmq_lag=0.6ms action_age=49.8ms scan_age=49.2ms scan_rx_age=26.4ms odom_age=7.6ms odom_rx_age=6.4ms sensor_skew=41.7ms loop_to_send=5.7ms
[go2:sport] DRY cmd#1037 seq=1069 v=0.893 w=-0.574 dt=40.9ms policy_zmq_lag=0.7ms action_age=50.6ms scan_age=49.9ms scan_rx_age=25.7ms odom_age=10.6ms odom_rx_age=9.6ms sensor_skew=39.3ms loop_to_send=6.5ms
[go2:sport] DRY cmd#1038 seq=1070 v=0.893 w=-0.578 dt=39.2ms policy_zmq_lag=0.6ms action_age=49.9ms scan_age=49.3ms scan_rx_age=24.9ms odom_age=9.9ms odom_rx_age=9.0ms sensor_skew=39.4ms loop_to_send=5.9ms
[go2:sport] DRY cmd#1039 seq=1071 v=0.894 w=-0.571 dt=40.0ms policy_zmq_lag=0.6ms action_age=50.0ms scan_age=49.3ms scan_rx_age=24.9ms odom_age=9.9ms odom_rx_age=8.8ms sensor_skew=39.4ms loop_to_send=5.9ms
[go2:sport] DRY cmd#1040 seq=1072 v=0.893 w=-0.580 dt=40.0ms policy_zmq_lag=0.6ms action_age=50.0ms scan_age=49.4ms scan_rx_age=24.8ms odom_age=9.8ms odom_rx_age=8.9ms sensor_skew=39.6ms loop_to_send=5.9ms
[go2:sport] DRY cmd#1041 seq=1073 v=0.893 w=-0.577 dt=40.8ms policy_zmq_lag=0.6ms action_age=50.7ms scan_age=50.2ms scan_rx_age=26.8ms odom_age=7.4ms odom_rx_age=6.5ms sensor_skew=42.8ms loop_to_send=6.0ms
[go2:sport] DRY cmd#1042 seq=1074 v=0.893 w=-0.568 dt=39.6ms policy_zmq_lag=0.6ms action_age=50.2ms scan_age=49.6ms scan_rx_age=25.3ms odom_age=10.3ms odom_rx_age=9.5ms sensor_skew=39.3ms loop_to_send=6.2ms
[go2:sport] DRY cmd#1043 seq=1075 v=0.894 w=-0.571 dt=39.8ms policy_zmq_lag=0.7ms action_age=30.2ms scan_age=29.6ms scan_rx_age=6.4ms odom_age=9.9ms odom_rx_age=8.9ms sensor_skew=19.7ms loop_to_send=5.9ms
[go2:sport] DRY cmd#1044 seq=1076 v=0.894 w=-0.574 dt=39.7ms policy_zmq_lag=0.7ms action_age=49.9ms scan_age=49.3ms scan_rx_age=24.7ms odom_age=9.7ms odom_rx_age=8.8ms sensor_skew=39.5ms loop_to_send=5.7ms
[go2:sport] DRY cmd#1045 seq=1077 v=0.894 w=-0.566 dt=40.3ms policy_zmq_lag=0.6ms action_age=50.1ms scan_age=49.5ms scan_rx_age=25.0ms odom_age=10.1ms odom_rx_age=9.3ms sensor_skew=39.4ms loop_to_send=6.1ms
[go2:sport] DRY cmd#1046 seq=1078 v=0.893 w=-0.582 dt=40.1ms policy_zmq_lag=0.6ms action_age=50.2ms scan_age=49.6ms scan_rx_age=25.1ms odom_age=10.2ms odom_rx_age=9.4ms sensor_skew=39.4ms loop_to_send=6.2ms
[go2:sport] DRY cmd#1047 seq=1079 v=0.893 w=-0.576 dt=39.7ms policy_zmq_lag=0.6ms action_age=49.7ms scan_age=49.1ms scan_rx_age=25.0ms odom_age=9.9ms odom_rx_age=9.1ms sensor_skew=39.3ms loop_to_send=5.9ms
[go2:sport] DRY cmd#1048 seq=1080 v=0.893 w=-0.572 dt=40.0ms policy_zmq_lag=0.6ms action_age=49.9ms scan_age=49.3ms scan_rx_age=24.9ms odom_age=9.8ms odom_rx_age=9.0ms sensor_skew=39.4ms loop_to_send=5.8ms
[go2:sport] DRY cmd#1049 seq=1081 v=0.893 w=-0.569 dt=40.4ms policy_zmq_lag=0.7ms action_age=50.2ms scan_age=49.5ms scan_rx_age=25.2ms odom_age=10.2ms odom_rx_age=9.2ms sensor_skew=39.3ms loop_to_send=6.0ms
[go2:sport] DRY cmd#1050 seq=1082 v=0.893 w=-0.571 dt=39.9ms policy_zmq_lag=0.6ms action_age=50.2ms scan_age=49.7ms scan_rx_age=24.9ms odom_age=10.2ms odom_rx_age=9.3ms sensor_skew=39.5ms loop_to_send=6.1ms
[go2:sport] DRY cmd#1051 seq=1083 v=0.894 w=-0.579 dt=39.9ms policy_zmq_lag=0.6ms action_age=50.0ms scan_age=49.3ms scan_rx_age=24.1ms odom_age=10.0ms odom_rx_age=9.2ms sensor_skew=39.4ms loop_to_send=5.9ms
[go2:sport] DRY cmd#1052 seq=1084 v=0.893 w=-0.570 dt=40.2ms policy_zmq_lag=0.6ms action_age=50.1ms scan_age=49.5ms scan_rx_age=25.2ms odom_age=10.1ms odom_rx_age=9.3ms sensor_skew=39.4ms loop_to_send=6.1ms
[go2:sport] DRY cmd#1053 seq=1085 v=0.894 w=-0.567 dt=40.3ms policy_zmq_lag=0.6ms action_age=50.5ms scan_age=49.9ms scan_rx_age=25.4ms odom_age=10.6ms odom_rx_age=9.8ms sensor_skew=39.3ms loop_to_send=6.2ms
[go2:sport] DRY cmd#1054 seq=1086 v=0.893 w=-0.567 dt=39.3ms policy_zmq_lag=0.6ms action_age=49.8ms scan_age=49.2ms scan_rx_age=25.0ms odom_age=9.9ms odom_rx_age=9.1ms sensor_skew=39.4ms loop_to_send=5.8ms
[go2:sport] DRY cmd#1055 seq=1087 v=0.893 w=-0.571 dt=40.9ms policy_zmq_lag=0.6ms action_age=50.7ms scan_age=50.1ms scan_rx_age=25.8ms odom_age=7.4ms odom_rx_age=6.5ms sensor_skew=42.7ms loop_to_send=6.0ms
[go2:sport] DRY cmd#1056 seq=1088 v=0.893 w=-0.581 dt=39.5ms policy_zmq_lag=0.8ms action_age=50.1ms scan_age=49.3ms scan_rx_age=24.2ms odom_age=10.0ms odom_rx_age=9.1ms sensor_skew=39.3ms loop_to_send=5.9ms
[go2:sport] DRY cmd#1057 seq=1089 v=0.893 w=-0.573 dt=39.6ms policy_zmq_lag=0.6ms action_age=49.6ms scan_age=49.1ms scan_rx_age=25.5ms odom_age=9.8ms odom_rx_age=9.1ms sensor_skew=39.2ms loop_to_send=5.7ms
[go2:sport] DRY cmd#1058 seq=1090 v=0.893 w=-0.581 dt=40.2ms policy_zmq_lag=0.6ms action_age=29.9ms scan_age=29.4ms scan_rx_age=6.1ms odom_age=10.1ms odom_rx_age=9.4ms sensor_skew=19.3ms loop_to_send=5.7ms
[go2:sport] DRY cmd#1059 seq=1091 v=0.894 w=-0.572 dt=40.4ms policy_zmq_lag=0.6ms action_age=30.2ms scan_age=29.7ms scan_rx_age=6.4ms odom_age=10.5ms odom_rx_age=9.6ms sensor_skew=19.2ms loop_to_send=5.9ms
[go2:sport] DRY cmd#1060 seq=1092 v=0.893 w=-0.570 dt=40.0ms policy_zmq_lag=0.6ms action_age=50.4ms scan_age=49.8ms scan_rx_age=26.3ms odom_age=7.0ms odom_rx_age=6.2ms sensor_skew=42.8ms loop_to_send=5.8ms
[go2:sport] DRY cmd#1061 seq=1093 v=0.893 w=-0.582 dt=39.3ms policy_zmq_lag=0.6ms action_age=49.6ms scan_age=49.0ms scan_rx_age=24.9ms odom_age=9.6ms odom_rx_age=8.9ms sensor_skew=39.4ms loop_to_send=5.7ms
[go2:sport] DRY cmd#1062 seq=1094 v=0.893 w=-0.577 dt=40.0ms policy_zmq_lag=0.6ms action_age=49.5ms scan_age=48.9ms scan_rx_age=24.9ms odom_age=9.7ms odom_rx_age=8.9ms sensor_skew=39.2ms loop_to_send=5.7ms
[go2:sport] DRY cmd#1063 seq=1095 v=0.893 w=-0.579 dt=40.1ms policy_zmq_lag=0.6ms action_age=49.7ms scan_age=49.1ms scan_rx_age=24.6ms odom_age=9.8ms odom_rx_age=9.1ms sensor_skew=39.3ms loop_to_send=5.7ms
[go2:sport] DRY cmd#1064 seq=1096 v=0.893 w=-0.574 dt=40.0ms policy_zmq_lag=0.6ms action_age=49.6ms scan_age=49.0ms scan_rx_age=24.9ms odom_age=9.7ms odom_rx_age=8.9ms sensor_skew=39.3ms loop_to_send=5.7ms
[go2:sport] DRY cmd#1065 seq=1097 v=0.894 w=-0.573 dt=39.9ms policy_zmq_lag=0.6ms action_age=49.6ms scan_age=49.0ms scan_rx_age=24.3ms odom_age=9.6ms odom_rx_age=8.9ms sensor_skew=39.4ms loop_to_send=5.7ms
[go2:sport] DRY cmd#1066 seq=1098 v=0.894 w=-0.577 dt=40.4ms policy_zmq_lag=0.6ms action_age=50.0ms scan_age=49.5ms scan_rx_age=25.1ms odom_age=10.1ms odom_rx_age=9.3ms sensor_skew=39.4ms loop_to_send=6.0ms
[go2:sport] DRY cmd#1067 seq=1099 v=0.894 w=-0.570 dt=40.1ms policy_zmq_lag=0.6ms action_age=49.9ms scan_age=49.3ms scan_rx_age=25.0ms odom_age=10.1ms odom_rx_age=9.3ms sensor_skew=39.2ms loop_to_send=6.0ms
[go2:sport] DRY cmd#1068 seq=1100 v=0.894 w=-0.576 dt=40.0ms policy_zmq_lag=0.6ms action_age=50.1ms scan_age=49.5ms scan_rx_age=24.8ms odom_age=10.2ms odom_rx_age=9.5ms sensor_skew=39.3ms loop_to_send=6.1ms
[go2:sport] DRY cmd#1069 seq=1101 v=0.894 w=-0.572 dt=40.1ms policy_zmq_lag=0.6ms action_age=30.1ms scan_age=29.5ms scan_rx_age=6.4ms odom_age=10.4ms odom_rx_age=9.7ms sensor_skew=19.1ms loop_to_send=5.9ms
[go2:sport] DRY cmd#1070 seq=1102 v=0.894 w=-0.571 dt=39.8ms policy_zmq_lag=0.5ms action_age=30.3ms scan_age=29.7ms scan_rx_age=6.2ms odom_age=10.2ms odom_rx_age=9.5ms sensor_skew=19.5ms loop_to_send=5.8ms
[go2:sport] DRY cmd#1071 seq=1103 v=0.893 w=-0.563 dt=39.6ms policy_zmq_lag=0.6ms action_age=49.6ms scan_age=49.1ms scan_rx_age=24.9ms odom_age=9.7ms odom_rx_age=9.0ms sensor_skew=39.3ms loop_to_send=5.7ms
[go2:sport] DRY cmd#1072 seq=1104 v=0.893 w=-0.574 dt=40.8ms policy_zmq_lag=0.6ms action_age=50.3ms scan_age=49.7ms scan_rx_age=25.6ms odom_age=7.1ms odom_rx_age=6.3ms sensor_skew=42.6ms loop_to_send=5.8ms
[go2:sport] DRY cmd#1073 seq=1105 v=0.893 w=-0.573 dt=39.3ms policy_zmq_lag=0.6ms action_age=49.5ms scan_age=49.0ms scan_rx_age=24.9ms odom_age=9.8ms odom_rx_age=9.1ms sensor_skew=39.2ms loop_to_send=5.7ms
[go2:sport] DRY cmd#1074 seq=1106 v=0.893 w=-0.583 dt=40.0ms policy_zmq_lag=0.6ms action_age=49.7ms scan_age=49.2ms scan_rx_age=26.3ms odom_age=9.9ms odom_rx_age=9.1ms sensor_skew=39.3ms loop_to_send=5.7ms
[go2:sport] DRY cmd#1075 seq=1107 v=0.894 w=-0.570 dt=41.2ms policy_zmq_lag=0.6ms action_age=51.0ms scan_age=50.4ms scan_rx_age=25.9ms odom_age=7.7ms odom_rx_age=6.6ms sensor_skew=42.7ms loop_to_send=6.0ms
[go2:sport] DRY cmd#1076 seq=1108 v=0.894 w=-0.571 dt=39.1ms policy_zmq_lag=0.6ms action_age=50.0ms scan_age=49.3ms scan_rx_age=25.3ms odom_age=10.0ms odom_rx_age=9.2ms sensor_skew=39.3ms loop_to_send=5.9ms
[go2:sport] DRY cmd#1077 seq=1109 v=0.893 w=-0.572 dt=41.2ms policy_zmq_lag=0.7ms action_age=51.0ms scan_age=50.4ms scan_rx_age=26.4ms odom_age=11.3ms odom_rx_age=10.6ms sensor_skew=39.0ms loop_to_send=7.0ms
[go2:sport] DRY cmd#1078 seq=1110 v=0.893 w=-0.572 dt=40.2ms policy_zmq_lag=0.6ms action_age=51.5ms scan_age=50.9ms scan_rx_age=26.1ms odom_age=8.2ms odom_rx_age=7.2ms sensor_skew=42.7ms loop_to_send=6.5ms
[go2:sport] DRY cmd#1079 seq=1111 v=0.893 w=-0.571 dt=39.8ms policy_zmq_lag=0.6ms action_age=51.3ms scan_age=50.7ms scan_rx_age=25.5ms odom_age=8.1ms odom_rx_age=7.2ms sensor_skew=42.6ms loop_to_send=6.5ms
[go2:sport] DRY cmd#1080 seq=1112 v=0.893 w=-0.570 dt=40.2ms policy_zmq_lag=0.6ms action_age=51.4ms scan_age=50.8ms scan_rx_age=26.5ms odom_age=8.2ms odom_rx_age=7.2ms sensor_skew=42.6ms loop_to_send=6.5ms
[go2:sport] DRY cmd#1081 seq=1113 v=0.894 w=-0.565 dt=39.8ms policy_zmq_lag=0.6ms action_age=51.2ms scan_age=50.7ms scan_rx_age=26.2ms odom_age=8.0ms odom_rx_age=7.1ms sensor_skew=42.7ms loop_to_send=6.5ms
[go2:sport] DRY cmd#1082 seq=1114 v=0.894 w=-0.580 dt=39.4ms policy_zmq_lag=0.6ms action_age=50.5ms scan_age=49.9ms scan_rx_age=27.2ms odom_age=7.4ms odom_rx_age=6.5ms sensor_skew=42.6ms loop_to_send=6.0ms
[go2:sport] DRY cmd#1083 seq=1115 v=0.894 w=-0.575 dt=39.8ms policy_zmq_lag=0.6ms action_age=30.4ms scan_age=29.8ms scan_rx_age=6.4ms odom_age=10.6ms odom_rx_age=9.9ms sensor_skew=19.2ms loop_to_send=5.9ms
[go2:sport] DRY cmd#1084 seq=1116 v=0.894 w=-0.575 dt=40.0ms policy_zmq_lag=0.5ms action_age=50.5ms scan_age=49.9ms scan_rx_age=27.4ms odom_age=7.4ms odom_rx_age=6.4ms sensor_skew=42.6ms loop_to_send=5.8ms
[go2:sport] DRY cmd#1085 seq=1117 v=0.894 w=-0.571 dt=39.8ms policy_zmq_lag=0.5ms action_age=50.3ms scan_age=49.7ms scan_rx_age=25.6ms odom_age=7.1ms odom_rx_age=6.2ms sensor_skew=42.7ms loop_to_send=5.7ms
[go2:sport] DRY cmd#1086 seq=1118 v=0.894 w=-0.562 dt=39.5ms policy_zmq_lag=0.6ms action_age=49.8ms scan_age=49.2ms scan_rx_age=25.1ms odom_age=10.0ms odom_rx_age=9.2ms sensor_skew=39.3ms loop_to_send=5.8ms
[go2:sport] DRY cmd#1087 seq=1119 v=0.893 w=-0.566 dt=42.1ms policy_zmq_lag=0.7ms action_age=51.8ms scan_age=51.1ms scan_rx_age=27.2ms odom_age=8.7ms odom_rx_age=7.3ms sensor_skew=42.4ms loop_to_send=6.6ms
[go2:sport] DRY cmd#1088 seq=1120 v=0.893 w=-0.568 dt=39.5ms policy_zmq_lag=0.7ms action_age=51.4ms scan_age=50.8ms scan_rx_age=26.1ms odom_age=8.2ms odom_rx_age=7.2ms sensor_skew=42.6ms loop_to_send=6.5ms
[go2:sport] DRY cmd#1089 seq=1121 v=0.894 w=-0.581 dt=40.4ms policy_zmq_lag=0.6ms action_age=51.7ms scan_age=51.2ms scan_rx_age=26.7ms odom_age=8.6ms odom_rx_age=7.5ms sensor_skew=42.5ms loop_to_send=6.8ms
[go2:sport] DRY cmd#1090 seq=1122 v=0.894 w=-0.572 dt=40.0ms policy_zmq_lag=0.6ms action_age=51.7ms scan_age=51.0ms scan_rx_age=26.7ms odom_age=8.5ms odom_rx_age=7.5ms sensor_skew=42.5ms loop_to_send=6.8ms
[go2:sport] DRY cmd#1091 seq=1123 v=0.894 w=-0.577 dt=38.7ms policy_zmq_lag=0.6ms action_age=50.4ms scan_age=49.8ms scan_rx_age=25.4ms odom_age=10.6ms odom_rx_age=9.7ms sensor_skew=39.2ms loop_to_send=6.5ms
[go2:sport] DRY cmd#1092 seq=1124 v=0.893 w=-0.585 dt=39.9ms policy_zmq_lag=0.6ms action_age=50.3ms scan_age=49.7ms scan_rx_age=27.0ms odom_age=19.5ms odom_rx_age=18.7ms sensor_skew=30.2ms loop_to_send=6.1ms
[go2:sport] DRY cmd#1093 seq=1125 v=0.893 w=-0.589 dt=40.4ms policy_zmq_lag=0.6ms action_age=50.7ms scan_age=50.1ms scan_rx_age=25.7ms odom_age=7.5ms odom_rx_age=6.5ms sensor_skew=42.6ms loop_to_send=5.9ms
[go2:sport] DRY cmd#1094 seq=1126 v=0.893 w=-0.590 dt=40.1ms policy_zmq_lag=0.6ms action_age=50.8ms scan_age=50.2ms scan_rx_age=25.9ms odom_age=7.6ms odom_rx_age=6.6ms sensor_skew=42.6ms loop_to_send=6.0ms
[go2:sport] DRY cmd#1095 seq=1127 v=0.894 w=-0.585 dt=39.6ms policy_zmq_lag=0.8ms action_age=50.4ms scan_age=49.6ms scan_rx_age=25.3ms odom_age=9.0ms odom_rx_age=7.9ms sensor_skew=40.6ms loop_to_send=6.1ms
[go2:sport] DRY cmd#1096 seq=1128 v=0.894 w=-0.584 dt=40.7ms policy_zmq_lag=0.7ms action_age=51.1ms scan_age=50.4ms scan_rx_age=25.4ms odom_age=7.8ms odom_rx_age=6.7ms sensor_skew=42.6ms loop_to_send=6.1ms
[go2:sport] DRY cmd#1097 seq=1129 v=0.894 w=-0.571 dt=39.1ms policy_zmq_lag=0.6ms action_age=50.2ms scan_age=49.6ms scan_rx_age=25.8ms odom_age=10.5ms odom_rx_age=9.6ms sensor_skew=39.2ms loop_to_send=6.2ms
[go2:sport] DRY cmd#1098 seq=1130 v=0.894 w=-0.565 dt=40.3ms policy_zmq_lag=0.6ms action_age=50.5ms scan_age=49.9ms scan_rx_age=25.9ms odom_age=7.4ms odom_rx_age=6.6ms sensor_skew=42.5ms loop_to_send=6.1ms
[go2:sport] DRY cmd#1099 seq=1131 v=0.894 w=-0.564 dt=39.9ms policy_zmq_lag=0.6ms action_age=50.4ms scan_age=49.8ms scan_rx_age=24.8ms odom_age=7.3ms odom_rx_age=6.3ms sensor_skew=42.5ms loop_to_send=5.8ms
[go2:sport] DRY cmd#1100 seq=1132 v=0.894 w=-0.580 dt=39.9ms policy_zmq_lag=0.6ms action_age=50.3ms scan_age=49.7ms scan_rx_age=20.0ms odom_age=7.2ms odom_rx_age=6.3ms sensor_skew=42.5ms loop_to_send=5.8ms
[go2:sport] DRY cmd#1101 seq=1133 v=0.894 w=-0.575 dt=40.2ms policy_zmq_lag=0.6ms action_age=50.6ms scan_age=50.0ms scan_rx_age=25.9ms odom_age=7.4ms odom_rx_age=6.5ms sensor_skew=42.6ms loop_to_send=6.0ms
[go2:sport] DRY cmd#1102 seq=1134 v=0.894 w=-0.581 dt=40.1ms policy_zmq_lag=0.6ms action_age=50.5ms scan_age=49.9ms scan_rx_age=25.9ms odom_age=7.5ms odom_rx_age=6.6ms sensor_skew=42.4ms loop_to_send=6.0ms
[go2:sport] DRY cmd#1103 seq=1135 v=0.894 w=-0.571 dt=39.8ms policy_zmq_lag=0.6ms action_age=50.5ms scan_age=50.0ms scan_rx_age=25.8ms odom_age=7.4ms odom_rx_age=6.5ms sensor_skew=42.6ms loop_to_send=5.9ms
[go2:sport] DRY cmd#1104 seq=1136 v=0.894 w=-0.575 dt=40.3ms policy_zmq_lag=0.6ms action_age=50.8ms scan_age=50.2ms scan_rx_age=25.0ms odom_age=7.6ms odom_rx_age=6.6ms sensor_skew=42.5ms loop_to_send=6.1ms
[go2:sport] DRY cmd#1105 seq=1137 v=0.893 w=-0.577 dt=40.3ms policy_zmq_lag=0.6ms action_age=51.0ms scan_age=50.4ms scan_rx_age=26.2ms odom_age=7.9ms odom_rx_age=6.8ms sensor_skew=42.5ms loop_to_send=6.1ms
[go2:sport] DRY cmd#1106 seq=1138 v=0.893 w=-0.576 dt=39.9ms policy_zmq_lag=0.6ms action_age=50.9ms scan_age=50.3ms scan_rx_age=26.0ms odom_age=7.7ms odom_rx_age=6.7ms sensor_skew=42.6ms loop_to_send=6.1ms
[go2:sport] DRY cmd#1107 seq=1139 v=0.893 w=-0.576 dt=39.7ms policy_zmq_lag=0.6ms action_age=50.5ms scan_age=49.9ms scan_rx_age=25.7ms odom_age=7.4ms odom_rx_age=6.4ms sensor_skew=42.4ms loop_to_send=5.9ms
[go2:sport] DRY cmd#1108 seq=1140 v=0.894 w=-0.574 dt=40.2ms policy_zmq_lag=0.6ms action_age=50.8ms scan_age=50.2ms scan_rx_age=25.7ms odom_age=7.6ms odom_rx_age=6.6ms sensor_skew=42.6ms loop_to_send=6.0ms
[go2:sport] DRY cmd#1109 seq=1141 v=0.894 w=-0.576 dt=40.6ms policy_zmq_lag=0.7ms action_age=51.4ms scan_age=50.7ms scan_rx_age=26.3ms odom_age=8.0ms odom_rx_age=6.9ms sensor_skew=42.6ms loop_to_send=6.3ms
[go2:sport] DRY cmd#1110 seq=1142 v=0.894 w=-0.570 dt=39.6ms policy_zmq_lag=0.7ms action_age=50.9ms scan_age=50.2ms scan_rx_age=25.2ms odom_age=7.7ms odom_rx_age=6.7ms sensor_skew=42.5ms loop_to_send=6.1ms
[go2:sport] DRY cmd#1111 seq=1143 v=0.893 w=-0.574 dt=40.4ms policy_zmq_lag=0.7ms action_age=51.4ms scan_age=50.6ms scan_rx_age=26.3ms odom_age=8.1ms odom_rx_age=7.0ms sensor_skew=42.6ms loop_to_send=6.3ms
[go2:sport] DRY cmd#1112 seq=1144 v=0.894 w=-0.581 dt=39.0ms policy_zmq_lag=0.6ms action_age=50.2ms scan_age=49.5ms scan_rx_age=25.3ms odom_age=20.6ms odom_rx_age=19.8ms sensor_skew=29.0ms loop_to_send=6.1ms
[go2:sport] DRY cmd#1113 seq=1145 v=0.893 w=-0.574 dt=40.7ms policy_zmq_lag=0.7ms action_age=51.0ms scan_age=50.3ms scan_rx_age=26.0ms odom_age=7.8ms odom_rx_age=6.7ms sensor_skew=42.5ms loop_to_send=6.1ms
[go2:sport] DRY cmd#1114 seq=1146 v=0.894 w=-0.579 dt=39.6ms policy_zmq_lag=0.5ms action_age=50.6ms scan_age=50.0ms scan_rx_age=25.9ms odom_age=7.5ms odom_rx_age=6.6ms sensor_skew=42.5ms loop_to_send=6.0ms
[go2:sport] DRY cmd#1115 seq=1147 v=0.893 w=-0.586 dt=40.3ms policy_zmq_lag=0.8ms action_age=51.0ms scan_age=50.2ms scan_rx_age=25.8ms odom_age=7.5ms odom_rx_age=6.5ms sensor_skew=42.7ms loop_to_send=6.0ms
[go2:sport] DRY cmd#1116 seq=1148 v=0.893 w=-0.587 dt=39.6ms policy_zmq_lag=0.6ms action_age=50.6ms scan_age=50.0ms scan_rx_age=25.9ms odom_age=7.4ms odom_rx_age=6.5ms sensor_skew=42.6ms loop_to_send=5.9ms
[go2:sport] DRY cmd#1117 seq=1149 v=0.893 w=-0.579 dt=41.3ms policy_zmq_lag=0.6ms action_age=51.7ms scan_age=51.1ms scan_rx_age=27.2ms odom_age=8.7ms odom_rx_age=7.3ms sensor_skew=42.5ms loop_to_send=6.5ms
[go2:sport] DRY cmd#1118 seq=1150 v=0.893 w=-0.575 dt=39.4ms policy_zmq_lag=0.6ms action_age=51.2ms scan_age=50.6ms scan_rx_age=26.3ms odom_age=8.1ms odom_rx_age=7.1ms sensor_skew=42.5ms loop_to_send=6.4ms
[go2:sport] DRY cmd#1119 seq=1151 v=0.894 w=-0.573 dt=39.3ms policy_zmq_lag=0.6ms action_age=50.5ms scan_age=49.9ms scan_rx_age=25.5ms odom_age=7.4ms odom_rx_age=6.3ms sensor_skew=42.5ms loop_to_send=5.8ms
[go2:sport] DRY cmd#1120 seq=1152 v=0.893 w=-0.577 dt=40.5ms policy_zmq_lag=0.7ms action_age=51.1ms scan_age=50.4ms scan_rx_age=26.1ms odom_age=7.7ms odom_rx_age=6.6ms sensor_skew=42.7ms loop_to_send=6.1ms
[go2:sport] DRY cmd#1121 seq=1153 v=0.894 w=-0.569 dt=39.6ms policy_zmq_lag=0.6ms action_age=50.7ms scan_age=50.1ms scan_rx_age=26.5ms odom_age=7.5ms odom_rx_age=6.5ms sensor_skew=42.6ms loop_to_send=5.9ms
[go2:sport] DRY cmd#1122 seq=1154 v=0.893 w=-0.567 dt=40.1ms policy_zmq_lag=0.6ms action_age=30.9ms scan_age=30.3ms scan_rx_age=6.6ms odom_age=11.0ms odom_rx_age=10.1ms sensor_skew=19.3ms loop_to_send=6.1ms
[go2:sport] DRY cmd#1123 seq=1155 v=0.893 w=-0.565 dt=39.8ms policy_zmq_lag=0.6ms action_age=50.6ms scan_age=50.0ms scan_rx_age=25.9ms odom_age=7.5ms odom_rx_age=6.5ms sensor_skew=42.6ms loop_to_send=5.9ms
[go2:sport] DRY cmd#1124 seq=1156 v=0.893 w=-0.558 dt=40.1ms policy_zmq_lag=0.6ms action_age=50.7ms scan_age=50.1ms scan_rx_age=25.8ms odom_age=7.6ms odom_rx_age=6.7ms sensor_skew=42.5ms loop_to_send=6.2ms
[go2:sport] DRY cmd#1125 seq=1157 v=0.893 w=-0.576 dt=39.9ms policy_zmq_lag=0.5ms action_age=50.4ms scan_age=49.9ms scan_rx_age=26.0ms odom_age=7.5ms odom_rx_age=6.6ms sensor_skew=42.4ms loop_to_send=6.0ms
[go2:sport] DRY cmd#1126 seq=1158 v=0.893 w=-0.572 dt=39.9ms policy_zmq_lag=0.6ms action_age=50.5ms scan_age=49.9ms scan_rx_age=25.2ms odom_age=7.4ms odom_rx_age=6.5ms sensor_skew=42.5ms loop_to_send=6.0ms
[go2:sport] DRY cmd#1127 seq=1159 v=0.893 w=-0.584 dt=40.0ms policy_zmq_lag=0.6ms action_age=50.3ms scan_age=49.8ms scan_rx_age=25.6ms odom_age=7.4ms odom_rx_age=6.5ms sensor_skew=42.3ms loop_to_send=6.0ms
[go2:sport] DRY cmd#1128 seq=1160 v=0.893 w=-0.582 dt=40.6ms policy_zmq_lag=0.6ms action_age=51.1ms scan_age=50.5ms scan_rx_age=26.3ms odom_age=8.0ms odom_rx_age=6.9ms sensor_skew=42.5ms loop_to_send=6.3ms
[go2:sport] DRY cmd#1129 seq=1161 v=0.893 w=-0.580 dt=39.1ms policy_zmq_lag=0.6ms action_age=50.2ms scan_age=49.7ms scan_rx_age=24.9ms odom_age=7.2ms odom_rx_age=6.3ms sensor_skew=42.5ms loop_to_send=5.8ms
[go2:sport] DRY cmd#1130 seq=1162 v=0.893 w=-0.573 dt=40.0ms policy_zmq_lag=0.5ms action_age=50.3ms scan_age=49.8ms scan_rx_age=25.4ms odom_age=7.1ms odom_rx_age=6.2ms sensor_skew=42.7ms loop_to_send=5.8ms
[go2:sport] DRY cmd#1131 seq=1163 v=0.894 w=-0.563 dt=40.4ms policy_zmq_lag=0.6ms action_age=50.6ms scan_age=50.0ms scan_rx_age=25.9ms odom_age=7.5ms odom_rx_age=6.5ms sensor_skew=42.5ms loop_to_send=6.0ms
[go2:sport] DRY cmd#1132 seq=1164 v=0.893 w=-0.582 dt=39.5ms policy_zmq_lag=0.6ms action_age=49.9ms scan_age=49.4ms scan_rx_age=25.7ms odom_age=7.1ms odom_rx_age=6.2ms sensor_skew=42.3ms loop_to_send=5.7ms
[go2:sport] DRY cmd#1133 seq=1165 v=0.893 w=-0.582 dt=40.0ms policy_zmq_lag=0.6ms action_age=50.1ms scan_age=49.5ms scan_rx_age=25.5ms odom_age=7.1ms odom_rx_age=6.2ms sensor_skew=42.5ms loop_to_send=5.8ms
[go2:sport] DRY cmd#1134 seq=1166 v=0.893 w=-0.575 dt=39.9ms policy_zmq_lag=0.6ms action_age=49.9ms scan_age=49.3ms scan_rx_age=25.5ms odom_age=6.9ms odom_rx_age=6.1ms sensor_skew=42.4ms loop_to_send=5.7ms
[go2:sport] DRY cmd#1135 seq=1167 v=0.894 w=-0.563 dt=40.3ms policy_zmq_lag=0.6ms action_age=50.4ms scan_age=49.8ms scan_rx_age=25.5ms odom_age=12.9ms odom_rx_age=11.7ms sensor_skew=36.9ms loop_to_send=6.2ms
[go2:sport] DRY cmd#1136 seq=1168 v=0.894 w=-0.574 dt=40.8ms policy_zmq_lag=0.6ms action_age=51.0ms scan_age=50.4ms scan_rx_age=26.2ms odom_age=8.0ms odom_rx_age=7.1ms sensor_skew=42.3ms loop_to_send=6.5ms
[go2:sport] DRY cmd#1137 seq=1169 v=0.893 w=-0.579 dt=44.2ms policy_zmq_lag=0.6ms action_age=55.2ms scan_age=54.6ms scan_rx_age=29.4ms odom_age=15.8ms odom_rx_age=14.9ms sensor_skew=38.9ms loop_to_send=9.6ms
[go2:sport] DRY cmd#1138 seq=1170 v=0.893 w=-0.572 dt=36.4ms policy_zmq_lag=0.6ms action_age=51.6ms scan_age=51.0ms scan_rx_age=26.3ms odom_age=8.7ms odom_rx_age=7.7ms sensor_skew=42.4ms loop_to_send=7.1ms
[go2:sport] DRY cmd#1139 seq=1171 v=0.893 w=-0.582 dt=39.0ms policy_zmq_lag=0.7ms action_age=50.6ms scan_age=50.0ms scan_rx_age=25.2ms odom_age=7.6ms odom_rx_age=6.6ms sensor_skew=42.3ms loop_to_send=6.0ms
[go2:sport] DRY cmd#1140 seq=1172 v=0.893 w=-0.578 dt=40.2ms policy_zmq_lag=0.6ms action_age=51.0ms scan_age=50.4ms scan_rx_age=25.3ms odom_age=7.9ms odom_rx_age=6.8ms sensor_skew=42.5ms loop_to_send=6.2ms
[go2:sport] DRY cmd#1141 seq=1173 v=0.894 w=-0.571 dt=39.8ms policy_zmq_lag=0.6ms action_age=50.6ms scan_age=50.0ms scan_rx_age=25.2ms odom_age=7.7ms odom_rx_age=6.7ms sensor_skew=42.3ms loop_to_send=6.1ms
[go2:sport] DRY cmd#1142 seq=1174 v=0.893 w=-0.580 dt=39.8ms policy_zmq_lag=0.6ms action_age=50.3ms scan_age=49.7ms scan_rx_age=25.2ms odom_age=7.5ms odom_rx_age=6.5ms sensor_skew=42.2ms loop_to_send=5.9ms
[go2:sport] DRY cmd#1143 seq=1175 v=0.894 w=-0.578 dt=39.9ms policy_zmq_lag=0.6ms action_age=50.4ms scan_age=49.8ms scan_rx_age=25.5ms odom_age=7.3ms odom_rx_age=6.3ms sensor_skew=42.5ms loop_to_send=5.8ms
[go2:sport] DRY cmd#1144 seq=1176 v=0.894 w=-0.561 dt=40.2ms policy_zmq_lag=0.6ms action_age=50.6ms scan_age=49.9ms scan_rx_age=26.0ms odom_age=7.4ms odom_rx_age=6.5ms sensor_skew=42.5ms loop_to_send=6.0ms
[go2:sport] DRY cmd#1145 seq=1177 v=0.894 w=-0.563 dt=39.3ms policy_zmq_lag=0.6ms action_age=49.9ms scan_age=49.3ms scan_rx_age=24.5ms odom_age=10.3ms odom_rx_age=9.6ms sensor_skew=39.0ms loop_to_send=5.8ms
[go2:sport] DRY cmd#1146 seq=1178 v=0.893 w=-0.568 dt=40.5ms policy_zmq_lag=0.6ms action_age=50.2ms scan_age=49.6ms scan_rx_age=25.8ms odom_age=7.3ms odom_rx_age=6.4ms sensor_skew=42.4ms loop_to_send=5.9ms
[go2:sport] DRY cmd#1147 seq=1179 v=0.893 w=-0.566 dt=40.4ms policy_zmq_lag=0.6ms action_age=50.6ms scan_age=49.9ms scan_rx_age=26.0ms odom_age=7.6ms odom_rx_age=6.6ms sensor_skew=42.3ms loop_to_send=6.0ms
[go2:sport] DRY cmd#1148 seq=1180 v=0.894 w=-0.570 dt=40.0ms policy_zmq_lag=0.6ms action_age=50.7ms scan_age=50.1ms scan_rx_age=25.9ms odom_age=7.6ms odom_rx_age=6.6ms sensor_skew=42.5ms loop_to_send=6.0ms
[go2:sport] DRY cmd#1149 seq=1181 v=0.894 w=-0.576 dt=40.0ms policy_zmq_lag=0.6ms action_age=50.7ms scan_age=50.1ms scan_rx_age=25.0ms odom_age=7.7ms odom_rx_age=6.7ms sensor_skew=42.5ms loop_to_send=6.1ms
[go2:sport] DRY cmd#1150 seq=1182 v=0.894 w=-0.574 dt=39.4ms policy_zmq_lag=0.6ms action_age=50.1ms scan_age=49.5ms scan_rx_age=25.4ms odom_age=7.1ms odom_rx_age=6.3ms sensor_skew=42.4ms loop_to_send=5.8ms
[go2:sport] DRY cmd#1151 seq=1183 v=0.893 w=-0.581 dt=40.6ms policy_zmq_lag=0.6ms action_age=50.6ms scan_age=50.0ms scan_rx_age=25.6ms odom_age=7.6ms odom_rx_age=6.5ms sensor_skew=42.4ms loop_to_send=6.0ms
[go2:sport] DRY cmd#1152 seq=1184 v=0.894 w=-0.576 dt=40.1ms policy_zmq_lag=0.6ms action_age=50.8ms scan_age=50.1ms scan_rx_age=25.9ms odom_age=7.8ms odom_rx_age=6.9ms sensor_skew=42.3ms loop_to_send=6.3ms
[go2:sport] DRY cmd#1153 seq=1185 v=0.894 w=-0.570 dt=39.8ms policy_zmq_lag=0.6ms action_age=50.7ms scan_age=50.0ms scan_rx_age=25.7ms odom_age=7.6ms odom_rx_age=6.6ms sensor_skew=42.4ms loop_to_send=6.1ms
[go2:sport] DRY cmd#1154 seq=1186 v=0.894 w=-0.568 dt=40.5ms policy_zmq_lag=0.7ms action_age=51.1ms scan_age=50.4ms scan_rx_age=25.7ms odom_age=7.9ms odom_rx_age=6.9ms sensor_skew=42.5ms loop_to_send=6.3ms
[go2:sport] DRY cmd#1155 seq=1187 v=0.894 w=-0.577 dt=39.3ms policy_zmq_lag=0.6ms action_age=30.5ms scan_age=29.8ms scan_rx_age=6.4ms odom_age=10.8ms odom_rx_age=10.0ms sensor_skew=19.1ms loop_to_send=5.9ms
[go2:sport] DRY cmd#1156 seq=1188 v=0.893 w=-0.576 dt=39.7ms policy_zmq_lag=0.6ms action_age=50.1ms scan_age=49.5ms scan_rx_age=25.0ms odom_age=7.1ms odom_rx_age=6.2ms sensor_skew=42.4ms loop_to_send=5.7ms
[go2:sport] DRY cmd#1157 seq=1189 v=0.893 w=-0.572 dt=40.2ms policy_zmq_lag=0.6ms action_age=50.1ms scan_age=49.5ms scan_rx_age=25.7ms odom_age=7.3ms odom_rx_age=6.3ms sensor_skew=42.2ms loop_to_send=5.9ms
[go2:sport] DRY cmd#1158 seq=1190 v=0.894 w=-0.582 dt=41.2ms policy_zmq_lag=0.7ms action_age=51.5ms scan_age=50.9ms scan_rx_age=26.4ms odom_age=8.3ms odom_rx_age=7.0ms sensor_skew=42.6ms loop_to_send=6.4ms
[go2:sport] DRY cmd#1159 seq=1191 v=0.893 w=-0.584 dt=39.8ms policy_zmq_lag=0.7ms action_age=51.3ms scan_age=50.6ms scan_rx_age=26.4ms odom_age=8.3ms odom_rx_age=7.2ms sensor_skew=42.4ms loop_to_send=6.5ms
[go2:sport] DRY cmd#1160 seq=1192 v=0.894 w=-0.576 dt=39.8ms policy_zmq_lag=0.7ms action_age=51.0ms scan_age=50.3ms scan_rx_age=26.0ms odom_age=8.0ms odom_rx_age=7.1ms sensor_skew=42.4ms loop_to_send=6.6ms
[go2:sport] DRY cmd#1161 seq=1193 v=0.894 w=-0.574 dt=40.2ms policy_zmq_lag=0.7ms action_age=51.3ms scan_age=50.6ms scan_rx_age=26.2ms odom_age=8.2ms odom_rx_age=7.2ms sensor_skew=42.4ms loop_to_send=6.6ms
[go2:sport] DRY cmd#1162 seq=1194 v=0.894 w=-0.570 dt=39.9ms policy_zmq_lag=0.6ms action_age=51.1ms scan_age=50.5ms scan_rx_age=24.6ms odom_age=8.1ms odom_rx_age=6.9ms sensor_skew=42.4ms loop_to_send=6.3ms
[go2:sport] DRY cmd#1163 seq=1195 v=0.894 w=-0.581 dt=50.6ms policy_zmq_lag=0.7ms action_age=61.9ms scan_age=61.2ms scan_rx_age=36.5ms odom_age=22.1ms odom_rx_age=19.7ms sensor_skew=39.1ms loop_to_send=16.5ms
[go2:sport] DRY cmd#1164 seq=1196 v=0.894 w=-0.578 dt=29.4ms policy_zmq_lag=0.6ms action_age=51.1ms scan_age=50.5ms scan_rx_age=25.5ms odom_age=8.2ms odom_rx_age=7.0ms sensor_skew=42.2ms loop_to_send=6.4ms
[go2:sport] DRY cmd#1165 seq=1197 v=0.894 w=-0.563 dt=39.7ms policy_zmq_lag=0.6ms action_age=50.9ms scan_age=50.2ms scan_rx_age=25.9ms odom_age=7.9ms odom_rx_age=6.9ms sensor_skew=42.3ms loop_to_send=6.3ms
[go2:sport] DRY cmd#1166 seq=1198 v=0.894 w=-0.554 dt=40.3ms policy_zmq_lag=0.7ms action_age=51.2ms scan_age=50.5ms scan_rx_age=26.1ms odom_age=8.3ms odom_rx_age=7.0ms sensor_skew=42.3ms loop_to_send=6.4ms
[go2:sport] DRY cmd#1167 seq=1199 v=0.894 w=-0.569 dt=39.3ms policy_zmq_lag=0.6ms action_age=50.4ms scan_age=49.8ms scan_rx_age=22.9ms odom_age=11.0ms odom_rx_age=10.1ms sensor_skew=38.8ms loop_to_send=6.3ms
[go2:sport] DRY cmd#1168 seq=1200 v=0.893 w=-0.578 dt=41.6ms policy_zmq_lag=0.7ms action_age=52.2ms scan_age=51.5ms scan_rx_age=27.0ms odom_age=9.0ms odom_rx_age=8.1ms sensor_skew=42.5ms loop_to_send=7.5ms
[go2:sport] DRY cmd#1169 seq=1201 v=0.893 w=-0.572 dt=38.4ms policy_zmq_lag=0.6ms action_age=50.4ms scan_age=49.8ms scan_rx_age=25.9ms odom_age=7.6ms odom_rx_age=6.6ms sensor_skew=42.2ms loop_to_send=6.1ms
[go2:sport] DRY cmd#1170 seq=1202 v=0.893 w=-0.572 dt=40.3ms policy_zmq_lag=0.7ms action_age=50.9ms scan_age=50.2ms scan_rx_age=27.0ms odom_age=7.8ms odom_rx_age=6.7ms sensor_skew=42.4ms loop_to_send=6.1ms
[go2:sport] DRY cmd#1171 seq=1203 v=0.893 w=-0.575 dt=40.0ms policy_zmq_lag=0.6ms action_age=50.8ms scan_age=50.2ms scan_rx_age=26.1ms odom_age=7.8ms odom_rx_age=6.7ms sensor_skew=42.4ms loop_to_send=6.1ms
[go2:sport] DRY cmd#1172 seq=1204 v=0.894 w=-0.575 dt=40.3ms policy_zmq_lag=0.7ms action_age=50.9ms scan_age=50.1ms scan_rx_age=26.4ms odom_age=8.2ms odom_rx_age=6.8ms sensor_skew=42.0ms loop_to_send=6.2ms
[go2:sport] DRY cmd#1173 seq=1205 v=0.893 w=-0.577 dt=39.4ms policy_zmq_lag=0.6ms action_age=50.5ms scan_age=49.9ms scan_rx_age=25.0ms odom_age=7.5ms odom_rx_age=6.5ms sensor_skew=42.4ms loop_to_send=5.9ms
[go2:sport] DRY cmd#1174 seq=1206 v=0.894 w=-0.570 dt=39.9ms policy_zmq_lag=0.6ms action_age=50.4ms scan_age=49.8ms scan_rx_age=25.8ms odom_age=7.5ms odom_rx_age=6.5ms sensor_skew=42.4ms loop_to_send=5.9ms
[go2:sport] DRY cmd#1175 seq=1207 v=0.893 w=-0.573 dt=40.1ms policy_zmq_lag=0.6ms action_age=50.5ms scan_age=49.8ms scan_rx_age=25.7ms odom_age=21.0ms odom_rx_age=20.0ms sensor_skew=28.9ms loop_to_send=6.3ms
[go2:sport] DRY cmd#1176 seq=1208 v=0.893 w=-0.564 dt=40.1ms policy_zmq_lag=0.6ms action_age=50.7ms scan_age=50.1ms scan_rx_age=25.7ms odom_age=7.7ms odom_rx_age=6.7ms sensor_skew=42.4ms loop_to_send=6.1ms
[go2:sport] DRY cmd#1177 seq=1209 v=0.893 w=-0.580 dt=39.9ms policy_zmq_lag=0.6ms action_age=50.4ms scan_age=49.8ms scan_rx_age=25.5ms odom_age=7.5ms odom_rx_age=6.6ms sensor_skew=42.3ms loop_to_send=6.0ms
[go2:sport] DRY cmd#1178 seq=1210 v=0.893 w=-0.584 dt=40.4ms policy_zmq_lag=0.6ms action_age=50.9ms scan_age=50.3ms scan_rx_age=25.6ms odom_age=7.8ms odom_rx_age=6.8ms sensor_skew=42.5ms loop_to_send=6.2ms
[go2:sport] DRY cmd#1179 seq=1211 v=0.893 w=-0.575 dt=39.7ms policy_zmq_lag=0.6ms action_age=50.5ms scan_age=49.9ms scan_rx_age=25.4ms odom_age=7.5ms odom_rx_age=6.6ms sensor_skew=42.4ms loop_to_send=6.1ms
[go2:sport] DRY cmd#1180 seq=1212 v=0.894 w=-0.590 dt=39.7ms policy_zmq_lag=0.6ms action_age=50.2ms scan_age=49.6ms scan_rx_age=25.5ms odom_age=7.4ms odom_rx_age=6.5ms sensor_skew=42.2ms loop_to_send=6.0ms
[go2:sport] DRY cmd#1181 seq=1213 v=0.893 w=-0.578 dt=40.2ms policy_zmq_lag=0.6ms action_age=50.4ms scan_age=49.8ms scan_rx_age=26.7ms odom_age=7.5ms odom_rx_age=6.5ms sensor_skew=42.3ms loop_to_send=5.9ms
[go2:sport] DRY cmd#1182 seq=1214 v=0.894 w=-0.570 dt=40.0ms policy_zmq_lag=0.7ms action_age=50.4ms scan_age=49.7ms scan_rx_age=25.5ms odom_age=7.5ms odom_rx_age=6.5ms sensor_skew=42.2ms loop_to_send=6.0ms
[go2:sport] DRY cmd#1183 seq=1215 v=0.893 w=-0.572 dt=40.0ms policy_zmq_lag=0.7ms action_age=50.5ms scan_age=49.8ms scan_rx_age=25.9ms odom_age=7.5ms odom_rx_age=6.4ms sensor_skew=42.3ms loop_to_send=5.9ms
[go2:sport] DRY cmd#1184 seq=1216 v=0.893 w=-0.569 dt=40.0ms policy_zmq_lag=0.6ms action_age=50.5ms scan_age=49.8ms scan_rx_age=25.1ms odom_age=7.5ms odom_rx_age=6.5ms sensor_skew=42.3ms loop_to_send=6.0ms
[go2:sport] DRY cmd#1185 seq=1217 v=0.894 w=-0.563 dt=40.1ms policy_zmq_lag=0.6ms action_age=50.5ms scan_age=49.9ms scan_rx_age=25.9ms odom_age=7.7ms odom_rx_age=6.7ms sensor_skew=42.1ms loop_to_send=6.1ms
[go2:sport] DRY cmd#1186 seq=1218 v=0.894 w=-0.580 dt=39.6ms policy_zmq_lag=0.6ms action_age=50.1ms scan_age=49.5ms scan_rx_age=25.4ms odom_age=7.4ms odom_rx_age=6.4ms sensor_skew=42.2ms loop_to_send=5.9ms
[go2:sport] DRY cmd#1187 seq=1219 v=0.894 w=-0.576 dt=40.9ms policy_zmq_lag=0.6ms action_age=51.1ms scan_age=50.4ms scan_rx_age=25.6ms odom_age=8.0ms odom_rx_age=7.0ms sensor_skew=42.4ms loop_to_send=6.5ms
[go2:sport] DRY cmd#1188 seq=1220 v=0.894 w=-0.564 dt=39.0ms policy_zmq_lag=0.6ms action_age=50.1ms scan_age=49.5ms scan_rx_age=25.3ms odom_age=10.7ms odom_rx_age=10.0ms sensor_skew=38.7ms loop_to_send=5.9ms
[go2:sport] DRY cmd#1189 seq=1221 v=0.894 w=-0.574 dt=40.2ms policy_zmq_lag=0.6ms action_age=50.2ms scan_age=49.6ms scan_rx_age=25.4ms odom_age=7.5ms odom_rx_age=6.5ms sensor_skew=42.1ms loop_to_send=5.9ms
[go2:sport] DRY cmd#1190 seq=1222 v=0.894 w=-0.565 dt=40.0ms policy_zmq_lag=0.6ms action_age=50.3ms scan_age=49.7ms scan_rx_age=25.0ms odom_age=7.3ms odom_rx_age=6.3ms sensor_skew=42.4ms loop_to_send=5.9ms
[go2:sport] DRY cmd#1191 seq=1223 v=0.894 w=-0.566 dt=40.4ms policy_zmq_lag=0.7ms action_age=50.6ms scan_age=50.0ms scan_rx_age=25.8ms odom_age=7.7ms odom_rx_age=6.6ms sensor_skew=42.2ms loop_to_send=6.0ms
[go2:sport] DRY cmd#1192 seq=1224 v=0.893 w=-0.571 dt=40.1ms policy_zmq_lag=0.6ms action_age=50.6ms scan_age=50.0ms scan_rx_age=26.1ms odom_age=7.8ms odom_rx_age=6.6ms sensor_skew=42.3ms loop_to_send=6.0ms
[go2:sport] DRY cmd#1193 seq=1225 v=0.893 w=-0.575 dt=39.5ms policy_zmq_lag=0.6ms action_age=50.4ms scan_age=49.8ms scan_rx_age=25.6ms odom_age=7.4ms odom_rx_age=6.4ms sensor_skew=42.3ms loop_to_send=5.9ms
[go2:sport] DRY cmd#1194 seq=1226 v=0.893 w=-0.576 dt=40.3ms policy_zmq_lag=0.6ms action_age=50.7ms scan_age=50.1ms scan_rx_age=25.3ms odom_age=7.8ms odom_rx_age=6.7ms sensor_skew=42.3ms loop_to_send=6.1ms
[go2:sport] DRY cmd#1195 seq=1227 v=0.893 w=-0.573 dt=40.3ms policy_zmq_lag=0.6ms action_age=51.0ms scan_age=50.4ms scan_rx_age=26.3ms odom_age=8.0ms odom_rx_age=6.7ms sensor_skew=42.4ms loop_to_send=6.1ms
[go2:sport] DRY cmd#1196 seq=1228 v=0.894 w=-0.570 dt=39.5ms policy_zmq_lag=0.6ms action_age=50.5ms scan_age=49.9ms scan_rx_age=25.7ms odom_age=7.6ms odom_rx_age=6.6ms sensor_skew=42.3ms loop_to_send=6.0ms
[go2:sport] DRY cmd#1197 seq=1229 v=0.893 w=-0.585 dt=40.1ms policy_zmq_lag=0.6ms action_age=50.5ms scan_age=49.9ms scan_rx_age=25.8ms odom_age=7.8ms odom_rx_age=6.5ms sensor_skew=42.1ms loop_to_send=5.9ms
[go2:sport] DRY cmd#1198 seq=1230 v=0.894 w=-0.581 dt=40.2ms policy_zmq_lag=0.6ms action_age=50.9ms scan_age=50.3ms scan_rx_age=25.4ms odom_age=7.9ms odom_rx_age=6.8ms sensor_skew=42.3ms loop_to_send=6.2ms
[go2:sport] DRY cmd#1199 seq=1231 v=0.893 w=-0.577 dt=39.3ms policy_zmq_lag=0.6ms action_age=50.1ms scan_age=49.5ms scan_rx_age=25.3ms odom_age=7.3ms odom_rx_age=6.4ms sensor_skew=42.2ms loop_to_send=5.9ms
[go2:sport] DRY cmd#1200 seq=1232 v=0.893 w=-0.574 dt=40.8ms policy_zmq_lag=0.6ms action_age=50.9ms scan_age=50.2ms scan_rx_age=26.2ms odom_age=7.9ms odom_rx_age=6.7ms sensor_skew=42.3ms loop_to_send=6.1ms
[go2:sport] DRY cmd#1201 seq=1233 v=0.894 w=-0.571 dt=39.4ms policy_zmq_lag=0.6ms action_age=50.4ms scan_age=49.8ms scan_rx_age=24.9ms odom_age=7.6ms odom_rx_age=6.5ms sensor_skew=42.2ms loop_to_send=6.0ms
[go2:sport] DRY cmd#1202 seq=1234 v=0.894 w=-0.577 dt=40.0ms policy_zmq_lag=0.6ms action_age=50.3ms scan_age=49.6ms scan_rx_age=25.1ms odom_age=7.6ms odom_rx_age=6.6ms sensor_skew=42.1ms loop_to_send=6.0ms
[go2:sport] DRY cmd#1203 seq=1235 v=0.893 w=-0.575 dt=40.8ms policy_zmq_lag=0.8ms action_age=51.1ms scan_age=50.3ms scan_rx_age=26.1ms odom_age=8.1ms odom_rx_age=7.0ms sensor_skew=42.2ms loop_to_send=6.4ms
[go2:sport] DRY cmd#1204 seq=1236 v=0.894 w=-0.587 dt=39.4ms policy_zmq_lag=0.6ms action_age=50.4ms scan_age=49.8ms scan_rx_age=25.1ms odom_age=7.8ms odom_rx_age=6.7ms sensor_skew=42.0ms loop_to_send=6.1ms
[go2:sport] DRY cmd#1205 seq=1237 v=0.894 w=-0.572 dt=40.3ms policy_zmq_lag=0.6ms action_age=50.7ms scan_age=50.1ms scan_rx_age=25.5ms odom_age=7.9ms odom_rx_age=6.8ms sensor_skew=42.2ms loop_to_send=6.2ms
[go2:sport] DRY cmd#1206 seq=1238 v=0.894 w=-0.584 dt=39.7ms policy_zmq_lag=0.6ms action_age=50.5ms scan_age=49.8ms scan_rx_age=26.1ms odom_age=7.7ms odom_rx_age=6.7ms sensor_skew=42.2ms loop_to_send=6.1ms
[go2:sport] DRY cmd#1207 seq=1239 v=0.894 w=-0.578 dt=39.8ms policy_zmq_lag=0.6ms action_age=50.1ms scan_age=49.5ms scan_rx_age=23.7ms odom_age=7.5ms odom_rx_age=6.6ms sensor_skew=41.9ms loop_to_send=6.0ms
[go2:sport] DRY cmd#1208 seq=1240 v=0.894 w=-0.580 dt=39.8ms policy_zmq_lag=0.6ms action_age=50.1ms scan_age=49.5ms scan_rx_age=25.9ms odom_age=7.3ms odom_rx_age=6.4ms sensor_skew=42.1ms loop_to_send=5.9ms
[go2:sport] DRY cmd#1209 seq=1241 v=0.894 w=-0.578 dt=40.1ms policy_zmq_lag=0.6ms action_age=50.2ms scan_age=49.6ms scan_rx_age=25.3ms odom_age=7.4ms odom_rx_age=6.4ms sensor_skew=42.2ms loop_to_send=5.9ms
[go2:sport] DRY cmd#1210 seq=1242 v=0.894 w=-0.569 dt=39.8ms policy_zmq_lag=0.6ms action_age=50.0ms scan_age=49.4ms scan_rx_age=25.0ms odom_age=7.2ms odom_rx_age=6.3ms sensor_skew=42.3ms loop_to_send=5.8ms
[go2:sport] DRY cmd#1211 seq=1243 v=0.893 w=-0.576 dt=40.1ms policy_zmq_lag=0.6ms action_age=50.1ms scan_age=49.6ms scan_rx_age=25.2ms odom_age=7.3ms odom_rx_age=6.4ms sensor_skew=42.2ms loop_to_send=5.9ms
[go2:sport] DRY cmd#1212 seq=1244 v=0.894 w=-0.572 dt=41.1ms policy_zmq_lag=0.7ms action_age=51.0ms scan_age=50.3ms scan_rx_age=26.5ms odom_age=8.2ms odom_rx_age=7.1ms sensor_skew=42.1ms loop_to_send=6.6ms
[go2:sport] DRY cmd#1213 seq=1245 v=0.894 w=-0.568 dt=40.0ms policy_zmq_lag=0.7ms action_age=51.1ms scan_age=50.4ms scan_rx_age=25.5ms odom_age=8.3ms odom_rx_age=7.1ms sensor_skew=42.2ms loop_to_send=6.5ms
[go2:sport] DRY cmd#1214 seq=1246 v=0.894 w=-0.577 dt=39.8ms policy_zmq_lag=0.7ms action_age=50.9ms scan_age=50.3ms scan_rx_age=25.5ms odom_age=8.0ms odom_rx_age=6.9ms sensor_skew=42.3ms loop_to_send=6.3ms
[go2:sport] DRY cmd#1215 seq=1247 v=0.894 w=-0.558 dt=39.3ms policy_zmq_lag=0.6ms action_age=30.2ms scan_age=29.6ms scan_rx_age=6.6ms odom_age=10.8ms odom_rx_age=9.6ms sensor_skew=18.8ms loop_to_send=6.1ms
[go2:sport] DRY cmd#1216 seq=1248 v=0.893 w=-0.575 dt=40.6ms policy_zmq_lag=0.7ms action_age=51.0ms scan_age=50.3ms scan_rx_age=25.7ms odom_age=8.0ms odom_rx_age=7.0ms sensor_skew=42.3ms loop_to_send=6.5ms
[go2:sport] DRY cmd#1217 seq=1249 v=0.893 w=-0.578 dt=40.2ms policy_zmq_lag=0.7ms action_age=50.8ms scan_age=50.1ms scan_rx_age=25.9ms odom_age=8.2ms odom_rx_age=7.1ms sensor_skew=41.9ms loop_to_send=6.5ms
[go2:sport] DRY cmd#1218 seq=1250 v=0.893 w=-0.582 dt=39.7ms policy_zmq_lag=0.7ms action_age=50.8ms scan_age=50.1ms scan_rx_age=25.8ms odom_age=7.9ms odom_rx_age=6.8ms sensor_skew=42.2ms loop_to_send=6.2ms
[go2:sport] DRY cmd#1219 seq=1251 v=0.894 w=-0.566 dt=39.9ms policy_zmq_lag=0.6ms action_age=50.7ms scan_age=50.0ms scan_rx_age=25.8ms odom_age=7.9ms odom_rx_age=6.8ms sensor_skew=42.1ms loop_to_send=6.2ms
[go2:sport] DRY cmd#1220 seq=1252 v=0.894 w=-0.566 dt=40.4ms policy_zmq_lag=0.7ms action_age=51.0ms scan_age=50.3ms scan_rx_age=26.4ms odom_age=8.3ms odom_rx_age=7.1ms sensor_skew=42.1ms loop_to_send=6.5ms
[go2:sport] DRY cmd#1221 seq=1253 v=0.894 w=-0.567 dt=40.3ms policy_zmq_lag=0.6ms action_age=51.5ms scan_age=50.8ms scan_rx_age=26.1ms odom_age=8.5ms odom_rx_age=7.3ms sensor_skew=42.3ms loop_to_send=6.6ms
[go2:sport] DRY cmd#1222 seq=1254 v=0.894 w=-0.570 dt=39.5ms policy_zmq_lag=0.6ms action_age=50.8ms scan_age=50.2ms scan_rx_age=25.7ms odom_age=8.0ms odom_rx_age=6.7ms sensor_skew=42.2ms loop_to_send=6.1ms
[go2:sport] DRY cmd#1223 seq=1255 v=0.894 w=-0.566 dt=41.2ms policy_zmq_lag=0.7ms action_age=52.0ms scan_age=51.4ms scan_rx_age=27.6ms odom_age=26.0ms odom_rx_age=25.1ms sensor_skew=25.4ms loop_to_send=7.5ms
[go2:sport] DRY cmd#1224 seq=1256 v=0.894 w=-0.561 dt=40.7ms policy_zmq_lag=0.7ms action_age=52.8ms scan_age=52.1ms scan_rx_age=26.6ms odom_age=13.2ms odom_rx_age=12.0ms sensor_skew=38.9ms loop_to_send=8.0ms
[go2:sport] DRY cmd#1225 seq=1257 v=0.894 w=-0.564 dt=38.5ms policy_zmq_lag=0.6ms action_age=51.3ms scan_age=50.7ms scan_rx_age=27.0ms odom_age=8.6ms odom_rx_age=7.7ms sensor_skew=42.1ms loop_to_send=7.2ms
[go2:sport] DRY cmd#1226 seq=1258 v=0.894 w=-0.570 dt=39.8ms policy_zmq_lag=0.6ms action_age=51.9ms scan_age=51.2ms scan_rx_age=26.4ms odom_age=11.7ms odom_rx_age=10.6ms sensor_skew=39.6ms loop_to_send=6.7ms
[go2:sport] DRY cmd#1227 seq=1259 v=0.894 w=-0.577 dt=39.6ms policy_zmq_lag=0.6ms action_age=47.5ms scan_age=46.9ms scan_rx_age=26.1ms odom_age=7.9ms odom_rx_age=6.8ms sensor_skew=39.0ms loop_to_send=6.2ms
[go2:sport] DRY cmd#1228 seq=1260 v=0.894 w=-0.580 dt=40.8ms policy_zmq_lag=0.6ms action_age=51.4ms scan_age=50.8ms scan_rx_age=26.4ms odom_age=8.7ms odom_rx_age=7.2ms sensor_skew=42.1ms loop_to_send=6.2ms
[go2:sport] DRY cmd#1229 seq=1261 v=0.894 w=-0.564 dt=38.5ms policy_zmq_lag=0.6ms action_age=49.8ms scan_age=49.2ms scan_rx_age=25.1ms odom_age=7.2ms odom_rx_age=6.3ms sensor_skew=42.0ms loop_to_send=5.8ms
[go2:sport] DRY cmd#1230 seq=1262 v=0.894 w=-0.571 dt=40.3ms policy_zmq_lag=0.6ms action_age=50.1ms scan_age=49.5ms scan_rx_age=26.1ms odom_age=7.4ms odom_rx_age=6.4ms sensor_skew=42.1ms loop_to_send=5.9ms
[go2:sport] DRY cmd#1231 seq=1263 v=0.894 w=-0.579 dt=39.8ms policy_zmq_lag=0.6ms action_age=50.1ms scan_age=49.4ms scan_rx_age=25.5ms odom_age=7.3ms odom_rx_age=6.4ms sensor_skew=42.1ms loop_to_send=5.8ms
[go2:sport] DRY cmd#1232 seq=1264 v=0.894 w=-0.576 dt=40.1ms policy_zmq_lag=0.6ms action_age=50.1ms scan_age=49.5ms scan_rx_age=25.3ms odom_age=7.6ms odom_rx_age=6.6ms sensor_skew=41.9ms loop_to_send=6.0ms
[go2:sport] DRY cmd#1233 seq=1265 v=0.894 w=-0.582 dt=40.1ms policy_zmq_lag=0.6ms action_age=50.2ms scan_age=49.6ms scan_rx_age=26.8ms odom_age=7.5ms odom_rx_age=6.5ms sensor_skew=42.1ms loop_to_send=6.0ms
[go2:sport] DRY cmd#1234 seq=1266 v=0.894 w=-0.581 dt=39.8ms policy_zmq_lag=0.6ms action_age=50.1ms scan_age=49.4ms scan_rx_age=25.7ms odom_age=7.3ms odom_rx_age=6.3ms sensor_skew=42.2ms loop_to_send=5.8ms
[go2:sport] DRY cmd#1235 seq=1267 v=0.894 w=-0.578 dt=40.5ms policy_zmq_lag=0.6ms action_age=30.4ms scan_age=29.8ms scan_rx_age=7.3ms odom_age=7.9ms odom_rx_age=6.6ms sensor_skew=21.9ms loop_to_send=5.9ms
[go2:sport] DRY cmd#1236 seq=1268 v=0.893 w=-0.575 dt=40.6ms policy_zmq_lag=0.8ms action_age=51.8ms scan_age=51.0ms scan_rx_age=26.2ms odom_age=8.2ms odom_rx_age=7.1ms sensor_skew=42.9ms loop_to_send=6.5ms
[go2:sport] DRY cmd#1237 seq=1269 v=0.893 w=-0.580 dt=39.0ms policy_zmq_lag=0.6ms action_age=50.0ms scan_age=49.4ms scan_rx_age=24.7ms odom_age=7.4ms odom_rx_age=6.5ms sensor_skew=41.9ms loop_to_send=5.9ms
[go2:sport] DRY cmd#1238 seq=1270 v=0.893 w=-0.577 dt=40.3ms policy_zmq_lag=0.6ms action_age=50.3ms scan_age=49.7ms scan_rx_age=26.2ms odom_age=7.8ms odom_rx_age=6.7ms sensor_skew=41.9ms loop_to_send=6.1ms
[go2:sport] DRY cmd#1239 seq=1271 v=0.893 w=-0.595 dt=40.0ms policy_zmq_lag=0.7ms action_age=50.4ms scan_age=49.6ms scan_rx_age=25.3ms odom_age=7.6ms odom_rx_age=6.7ms sensor_skew=42.0ms loop_to_send=6.1ms
[go2:sport] DRY cmd#1240 seq=1272 v=0.893 w=-0.583 dt=40.5ms policy_zmq_lag=0.7ms action_age=50.8ms scan_age=50.1ms scan_rx_age=25.6ms odom_age=8.0ms odom_rx_age=6.9ms sensor_skew=42.2ms loop_to_send=6.3ms
[go2:sport] DRY cmd#1241 seq=1273 v=0.894 w=-0.566 dt=39.6ms policy_zmq_lag=0.7ms action_age=50.5ms scan_age=49.8ms scan_rx_age=25.3ms odom_age=7.8ms odom_rx_age=6.8ms sensor_skew=41.9ms loop_to_send=6.2ms
[go2:sport] DRY cmd#1242 seq=1274 v=0.894 w=-0.568 dt=41.1ms policy_zmq_lag=0.6ms action_age=51.3ms scan_age=50.7ms scan_rx_age=26.0ms odom_age=12.4ms odom_rx_age=10.6ms sensor_skew=38.3ms loop_to_send=6.4ms
[go2:sport] DRY cmd#1243 seq=1275 v=0.894 w=-0.580 dt=38.7ms policy_zmq_lag=0.6ms action_age=50.2ms scan_age=49.6ms scan_rx_age=26.0ms odom_age=7.7ms odom_rx_age=6.7ms sensor_skew=41.9ms loop_to_send=6.1ms
[go2:sport] DRY cmd#1244 seq=1276 v=0.893 w=-0.575 dt=40.4ms policy_zmq_lag=0.7ms action_age=50.6ms scan_age=49.9ms scan_rx_age=25.4ms odom_age=7.9ms odom_rx_age=6.7ms sensor_skew=42.1ms loop_to_send=6.1ms
[go2:sport] DRY cmd#1245 seq=1277 v=0.893 w=-0.571 dt=39.7ms policy_zmq_lag=0.6ms action_age=50.3ms scan_age=49.7ms scan_rx_age=26.2ms odom_age=7.8ms odom_rx_age=6.7ms sensor_skew=41.9ms loop_to_send=6.0ms
[go2:sport] DRY cmd#1246 seq=1278 v=0.893 w=-0.596 dt=39.6ms policy_zmq_lag=0.7ms action_age=49.9ms scan_age=49.2ms scan_rx_age=24.9ms odom_age=7.5ms odom_rx_age=6.4ms sensor_skew=41.8ms loop_to_send=5.8ms
[go2:sport] DRY cmd#1247 seq=1279 v=0.893 w=-0.590 dt=40.5ms policy_zmq_lag=0.8ms action_age=50.5ms scan_age=49.7ms scan_rx_age=26.0ms odom_age=7.8ms odom_rx_age=6.8ms sensor_skew=41.9ms loop_to_send=6.2ms
[go2:sport] DRY cmd#1248 seq=1280 v=0.894 w=-0.578 dt=41.0ms policy_zmq_lag=0.6ms action_age=51.6ms scan_age=50.9ms scan_rx_age=26.4ms odom_age=8.8ms odom_rx_age=7.8ms sensor_skew=42.1ms loop_to_send=7.2ms
[go2:sport] DRY cmd#1249 seq=1281 v=0.894 w=-0.570 dt=39.2ms policy_zmq_lag=0.6ms action_age=50.8ms scan_age=50.1ms scan_rx_age=25.4ms odom_age=8.1ms odom_rx_age=7.1ms sensor_skew=42.0ms loop_to_send=6.5ms
[go2:sport] DRY cmd#1250 seq=1282 v=0.894 w=-0.565 dt=39.7ms policy_zmq_lag=0.9ms action_age=50.5ms scan_age=49.6ms scan_rx_age=25.2ms odom_age=7.6ms odom_rx_age=6.6ms sensor_skew=42.1ms loop_to_send=6.0ms
[go2:sport] DRY cmd#1251 seq=1283 v=0.894 w=-0.578 dt=40.5ms policy_zmq_lag=0.6ms action_age=51.0ms scan_age=50.4ms scan_rx_age=26.5ms odom_age=8.4ms odom_rx_age=7.5ms sensor_skew=42.0ms loop_to_send=6.3ms
[go2:sport] DRY cmd#1252 seq=1284 v=0.894 w=-0.564 dt=40.1ms policy_zmq_lag=0.6ms action_age=51.0ms scan_age=50.4ms scan_rx_age=26.2ms odom_age=8.5ms odom_rx_age=7.6ms sensor_skew=41.9ms loop_to_send=6.4ms
[go2:sport] DRY cmd#1253 seq=1285 v=0.893 w=-0.563 dt=39.1ms policy_zmq_lag=0.7ms action_age=50.2ms scan_age=49.6ms scan_rx_age=25.3ms odom_age=7.6ms odom_rx_age=6.5ms sensor_skew=42.0ms loop_to_send=5.9ms
[go2:sport] DRY cmd#1254 seq=1286 v=0.894 w=-0.570 dt=39.7ms policy_zmq_lag=0.7ms action_age=49.8ms scan_age=49.2ms scan_rx_age=25.0ms odom_age=7.2ms odom_rx_age=6.2ms sensor_skew=42.0ms loop_to_send=5.7ms
[go2:sport] DRY cmd#1255 seq=1287 v=0.894 w=-0.578 dt=41.7ms policy_zmq_lag=0.8ms action_age=51.5ms scan_age=50.8ms scan_rx_age=26.7ms odom_age=19.0ms odom_rx_age=18.2ms sensor_skew=31.8ms loop_to_send=7.0ms
[go2:sport] DRY cmd#1256 seq=1288 v=0.893 w=-0.571 dt=39.1ms policy_zmq_lag=0.7ms action_age=50.7ms scan_age=50.0ms scan_rx_age=25.4ms odom_age=8.2ms odom_rx_age=7.3ms sensor_skew=41.8ms loop_to_send=6.1ms
[go2:sport] DRY cmd#1257 seq=1289 v=0.893 w=-0.577 dt=39.4ms policy_zmq_lag=0.7ms action_age=50.0ms scan_age=49.3ms scan_rx_age=24.7ms odom_age=7.6ms odom_rx_age=6.6ms sensor_skew=41.7ms loop_to_send=6.1ms
[go2:sport] DRY cmd#1258 seq=1290 v=0.894 w=-0.555 dt=39.9ms policy_zmq_lag=0.7ms action_age=50.0ms scan_age=49.3ms scan_rx_age=24.9ms odom_age=7.3ms odom_rx_age=6.4ms sensor_skew=42.0ms loop_to_send=5.9ms
[go2:sport] DRY cmd#1259 seq=1291 v=0.893 w=-0.571 dt=40.5ms policy_zmq_lag=0.6ms action_age=50.5ms scan_age=49.9ms scan_rx_age=26.2ms odom_age=7.6ms odom_rx_age=6.5ms sensor_skew=42.3ms loop_to_send=6.0ms
[go2:sport] DRY cmd#1260 seq=1292 v=0.893 w=-0.569 dt=39.8ms policy_zmq_lag=0.8ms action_age=50.3ms scan_age=49.5ms scan_rx_age=25.4ms odom_age=7.6ms odom_rx_age=6.6ms sensor_skew=41.9ms loop_to_send=6.0ms
[go2:sport] DRY cmd#1261 seq=1293 v=0.893 w=-0.583 dt=39.7ms policy_zmq_lag=0.6ms action_age=50.1ms scan_age=49.4ms scan_rx_age=25.5ms odom_age=7.5ms odom_rx_age=6.5ms sensor_skew=42.0ms loop_to_send=6.0ms
[go2:sport] DRY cmd#1262 seq=1294 v=0.893 w=-0.581 dt=39.9ms policy_zmq_lag=0.6ms action_age=49.7ms scan_age=49.1ms scan_rx_age=24.9ms odom_age=7.4ms odom_rx_age=6.4ms sensor_skew=41.7ms loop_to_send=5.9ms
[go2:sport] DRY cmd#1263 seq=1295 v=0.893 w=-0.574 dt=40.6ms policy_zmq_lag=0.7ms action_age=50.4ms scan_age=49.7ms scan_rx_age=25.4ms odom_age=7.9ms odom_rx_age=6.9ms sensor_skew=41.8ms loop_to_send=6.4ms
[go2:sport] DRY cmd#1264 seq=1296 v=0.893 w=-0.567 dt=39.8ms policy_zmq_lag=0.7ms action_age=50.3ms scan_age=49.6ms scan_rx_age=24.5ms odom_age=7.8ms odom_rx_age=6.8ms sensor_skew=41.8ms loop_to_send=6.3ms
[go2:sport] DRY cmd#1265 seq=1297 v=0.893 w=-0.568 dt=40.2ms policy_zmq_lag=0.6ms action_age=50.5ms scan_age=49.8ms scan_rx_age=25.5ms odom_age=8.3ms odom_rx_age=7.2ms sensor_skew=41.5ms loop_to_send=6.4ms
[go2:sport] DRY cmd#1266 seq=1298 v=0.894 w=-0.566 dt=40.1ms policy_zmq_lag=0.6ms action_age=50.7ms scan_age=50.1ms scan_rx_age=26.2ms odom_age=8.1ms odom_rx_age=7.2ms sensor_skew=41.9ms loop_to_send=6.1ms
[go2:sport] DRY cmd#1267 seq=1299 v=0.894 w=-0.572 dt=39.1ms policy_zmq_lag=0.6ms action_age=49.6ms scan_age=49.0ms scan_rx_age=24.7ms odom_age=7.1ms odom_rx_age=6.2ms sensor_skew=41.9ms loop_to_send=5.7ms
[go2:sport] DRY cmd#1268 seq=1300 v=0.894 w=-0.573 dt=42.3ms policy_zmq_lag=0.6ms action_age=51.9ms scan_age=51.3ms scan_rx_age=27.8ms odom_age=9.5ms odom_rx_age=8.6ms sensor_skew=41.8ms loop_to_send=8.1ms
[go2:sport] DRY cmd#1269 seq=1301 v=0.893 w=-0.578 dt=39.0ms policy_zmq_lag=0.7ms action_age=51.0ms scan_age=50.3ms scan_rx_age=25.9ms odom_age=8.4ms odom_rx_age=7.2ms sensor_skew=41.9ms loop_to_send=6.7ms
[go2:sport] DRY cmd#1270 seq=1302 v=0.893 w=-0.573 dt=40.3ms policy_zmq_lag=0.6ms action_age=51.3ms scan_age=50.7ms scan_rx_age=26.2ms odom_age=8.6ms odom_rx_age=7.4ms sensor_skew=42.1ms loop_to_send=6.7ms
[go2:sport] DRY cmd#1271 seq=1303 v=0.893 w=-0.575 dt=39.1ms policy_zmq_lag=0.6ms action_age=50.5ms scan_age=49.8ms scan_rx_age=25.5ms odom_age=8.1ms odom_rx_age=7.1ms sensor_skew=41.8ms loop_to_send=5.9ms
[go2:sport] DRY cmd#1272 seq=1304 v=0.894 w=-0.574 dt=39.8ms policy_zmq_lag=0.6ms action_age=50.0ms scan_age=49.5ms scan_rx_age=25.6ms odom_age=8.0ms odom_rx_age=7.1ms sensor_skew=41.5ms loop_to_send=5.9ms
[go2:sport] DRY cmd#1273 seq=1305 v=0.894 w=-0.577 dt=40.2ms policy_zmq_lag=0.6ms action_age=50.5ms scan_age=49.9ms scan_rx_age=25.6ms odom_age=8.1ms odom_rx_age=7.1ms sensor_skew=41.9ms loop_to_send=5.9ms
[go2:sport] DRY cmd#1274 seq=1306 v=0.893 w=-0.581 dt=39.4ms policy_zmq_lag=0.6ms action_age=49.8ms scan_age=49.2ms scan_rx_age=25.3ms odom_age=7.3ms odom_rx_age=6.4ms sensor_skew=41.9ms loop_to_send=5.9ms
[go2:sport] DRY cmd#1275 seq=1307 v=0.894 w=-0.581 dt=40.6ms policy_zmq_lag=0.6ms action_age=50.5ms scan_age=49.9ms scan_rx_age=25.5ms odom_age=7.9ms odom_rx_age=7.1ms sensor_skew=42.0ms loop_to_send=6.0ms
[go2:sport] DRY cmd#1276 seq=1308 v=0.893 w=-0.568 dt=39.8ms policy_zmq_lag=0.8ms action_age=50.2ms scan_age=49.4ms scan_rx_age=25.3ms odom_age=7.6ms odom_rx_age=6.5ms sensor_skew=41.8ms loop_to_send=6.0ms
[go2:sport] DRY cmd#1277 seq=1309 v=0.894 w=-0.563 dt=40.3ms policy_zmq_lag=0.7ms action_age=50.4ms scan_age=49.7ms scan_rx_age=26.2ms odom_age=8.0ms odom_rx_age=6.9ms sensor_skew=41.7ms loop_to_send=6.4ms
[go2:sport] DRY cmd#1278 seq=1310 v=0.894 w=-0.568 dt=39.9ms policy_zmq_lag=0.6ms action_age=50.4ms scan_age=49.8ms scan_rx_age=26.2ms odom_age=7.9ms odom_rx_age=6.9ms sensor_skew=41.8ms loop_to_send=6.3ms
[go2:sport] DRY cmd#1279 seq=1311 v=0.893 w=-0.571 dt=39.9ms policy_zmq_lag=0.6ms action_age=50.2ms scan_age=49.6ms scan_rx_age=25.9ms odom_age=7.8ms odom_rx_age=7.0ms sensor_skew=41.8ms loop_to_send=5.8ms
[go2:sport] DRY cmd#1280 seq=1312 v=0.893 w=-0.562 dt=39.5ms policy_zmq_lag=0.6ms action_age=49.7ms scan_age=49.1ms scan_rx_age=25.1ms odom_age=7.2ms odom_rx_age=6.3ms sensor_skew=41.9ms loop_to_send=5.8ms
[go2:sport] DRY cmd#1281 seq=1313 v=0.893 w=-0.582 dt=40.6ms policy_zmq_lag=0.6ms action_age=50.4ms scan_age=49.7ms scan_rx_age=25.7ms odom_age=7.9ms odom_rx_age=7.0ms sensor_skew=41.8ms loop_to_send=5.9ms
[go2:sport] DRY cmd#1282 seq=1314 v=0.894 w=-0.570 dt=39.8ms policy_zmq_lag=0.6ms action_age=50.1ms scan_age=49.5ms scan_rx_age=25.2ms odom_age=7.7ms odom_rx_age=6.6ms sensor_skew=41.8ms loop_to_send=6.0ms
[go2:sport] DRY cmd#1283 seq=1315 v=0.894 w=-0.583 dt=39.9ms policy_zmq_lag=0.6ms action_age=50.0ms scan_age=49.4ms scan_rx_age=25.1ms odom_age=7.5ms odom_rx_age=6.4ms sensor_skew=41.9ms loop_to_send=5.9ms
[go2:sport] DRY cmd#1284 seq=1316 v=0.894 w=-0.579 dt=40.8ms policy_zmq_lag=0.7ms action_age=50.8ms scan_age=50.1ms scan_rx_age=25.4ms odom_age=8.3ms odom_rx_age=7.3ms sensor_skew=41.8ms loop_to_send=6.1ms
[go2:sport] DRY cmd#1285 seq=1317 v=0.893 w=-0.582 dt=39.5ms policy_zmq_lag=0.6ms action_age=50.2ms scan_age=49.5ms scan_rx_age=25.2ms odom_age=14.6ms odom_rx_age=13.7ms sensor_skew=34.9ms loop_to_send=6.0ms
[go2:sport] DRY cmd#1286 seq=1318 v=0.894 w=-0.581 dt=40.0ms policy_zmq_lag=0.7ms action_age=50.2ms scan_age=49.5ms scan_rx_age=25.4ms odom_age=7.8ms odom_rx_age=6.8ms sensor_skew=41.7ms loop_to_send=6.2ms
[go2:sport] DRY cmd#1287 seq=1319 v=0.893 w=-0.584 dt=39.8ms policy_zmq_lag=0.6ms action_age=49.9ms scan_age=49.3ms scan_rx_age=25.2ms odom_age=7.6ms odom_rx_age=6.6ms sensor_skew=41.7ms loop_to_send=6.0ms
[go2:sport] DRY cmd#1288 seq=1320 v=0.893 w=-0.582 dt=40.7ms policy_zmq_lag=1.2ms action_age=50.7ms scan_age=49.5ms scan_rx_age=25.4ms odom_age=7.7ms odom_rx_age=6.6ms sensor_skew=41.7ms loop_to_send=6.0ms
[go2:sport] DRY cmd#1289 seq=1321 v=0.893 w=-0.568 dt=39.5ms policy_zmq_lag=0.6ms action_age=50.3ms scan_age=49.7ms scan_rx_age=24.7ms odom_age=7.8ms odom_rx_age=6.7ms sensor_skew=41.9ms loop_to_send=6.1ms
[go2:sport] DRY cmd#1290 seq=1322 v=0.893 w=-0.577 dt=40.5ms policy_zmq_lag=0.6ms action_age=50.8ms scan_age=50.2ms scan_rx_age=25.8ms odom_age=8.4ms odom_rx_age=7.4ms sensor_skew=41.8ms loop_to_send=6.1ms
[go2:sport] DRY cmd#1291 seq=1323 v=0.893 w=-0.577 dt=39.3ms policy_zmq_lag=0.6ms action_age=50.0ms scan_age=49.3ms scan_rx_age=25.8ms odom_age=7.6ms odom_rx_age=6.5ms sensor_skew=41.8ms loop_to_send=5.9ms
[go2:sport] DRY cmd#1292 seq=1324 v=0.893 w=-0.579 dt=40.4ms policy_zmq_lag=0.6ms action_age=50.2ms scan_age=49.6ms scan_rx_age=26.1ms odom_age=8.1ms odom_rx_age=7.1ms sensor_skew=41.4ms loop_to_send=5.8ms
[go2:sport] DRY cmd#1293 seq=1325 v=0.894 w=-0.579 dt=40.3ms policy_zmq_lag=0.6ms action_age=30.7ms scan_age=30.1ms scan_rx_age=6.8ms odom_age=8.3ms odom_rx_age=7.4ms sensor_skew=21.8ms loop_to_send=6.0ms
[go2:sport] DRY cmd#1294 seq=1326 v=0.894 w=-0.569 dt=39.4ms policy_zmq_lag=0.6ms action_age=50.1ms scan_age=49.5ms scan_rx_age=25.4ms odom_age=7.6ms odom_rx_age=6.6ms sensor_skew=41.9ms loop_to_send=6.0ms
[go2:sport] DRY cmd#1295 seq=1327 v=0.894 w=-0.579 dt=40.1ms policy_zmq_lag=0.6ms action_age=50.0ms scan_age=49.4ms scan_rx_age=25.2ms odom_age=7.7ms odom_rx_age=6.9ms sensor_skew=41.7ms loop_to_send=5.8ms
[go2:sport] DRY cmd#1296 seq=1328 v=0.894 w=-0.577 dt=40.0ms policy_zmq_lag=0.6ms action_age=50.0ms scan_age=49.4ms scan_rx_age=25.9ms odom_age=7.6ms odom_rx_age=6.5ms sensor_skew=41.8ms loop_to_send=5.9ms
[go2:sport] DRY cmd#1297 seq=1329 v=0.894 w=-0.567 dt=40.0ms policy_zmq_lag=0.6ms action_age=49.9ms scan_age=49.3ms scan_rx_age=24.8ms odom_age=7.8ms odom_rx_age=6.9ms sensor_skew=41.5ms loop_to_send=5.8ms
[go2:sport] DRY cmd#1298 seq=1330 v=0.894 w=-0.570 dt=40.3ms policy_zmq_lag=0.6ms action_age=50.5ms scan_age=49.9ms scan_rx_age=25.7ms odom_age=8.1ms odom_rx_age=7.2ms sensor_skew=41.7ms loop_to_send=6.0ms
[go2:sport] DRY cmd#1299 seq=1331 v=0.893 w=-0.568 dt=39.8ms policy_zmq_lag=0.7ms action_age=50.1ms scan_age=49.5ms scan_rx_age=25.2ms odom_age=7.7ms odom_rx_age=6.6ms sensor_skew=41.8ms loop_to_send=6.1ms
[go2:sport] DRY cmd#1300 seq=1332 v=0.893 w=-0.576 dt=40.5ms policy_zmq_lag=0.6ms action_age=50.7ms scan_age=50.1ms scan_rx_age=25.3ms odom_age=8.3ms odom_rx_age=7.0ms sensor_skew=41.8ms loop_to_send=6.4ms
[go2:sport] DRY cmd#1301 seq=1333 v=0.893 w=-0.580 dt=39.3ms policy_zmq_lag=0.6ms action_age=50.0ms scan_age=49.4ms scan_rx_age=26.0ms odom_age=7.7ms odom_rx_age=6.6ms sensor_skew=41.7ms loop_to_send=6.0ms
[go2:sport] DRY cmd#1302 seq=1334 v=0.894 w=-0.580 dt=40.5ms policy_zmq_lag=0.6ms action_age=50.3ms scan_age=49.7ms scan_rx_age=25.7ms odom_age=8.2ms odom_rx_age=7.2ms sensor_skew=41.6ms loop_to_send=6.0ms
[go2:sport] DRY cmd#1303 seq=1335 v=0.894 w=-0.577 dt=39.5ms policy_zmq_lag=0.6ms action_age=49.8ms scan_age=49.2ms scan_rx_age=24.9ms odom_age=7.5ms odom_rx_age=6.5ms sensor_skew=41.7ms loop_to_send=5.9ms
[go2:sport] DRY cmd#1304 seq=1336 v=0.894 w=-0.578 dt=40.2ms policy_zmq_lag=0.6ms action_age=50.2ms scan_age=49.6ms scan_rx_age=25.2ms odom_age=7.7ms odom_rx_age=6.6ms sensor_skew=41.9ms loop_to_send=6.0ms
[go2:sport] DRY cmd#1305 seq=1337 v=0.893 w=-0.552 dt=40.3ms policy_zmq_lag=0.6ms action_age=50.5ms scan_age=49.9ms scan_rx_age=26.3ms odom_age=7.8ms odom_rx_age=6.7ms sensor_skew=42.1ms loop_to_send=6.0ms
[go2:sport] DRY cmd#1306 seq=1338 v=0.893 w=-0.563 dt=39.6ms policy_zmq_lag=0.7ms action_age=50.0ms scan_age=49.3ms scan_rx_age=24.9ms odom_age=7.6ms odom_rx_age=6.5ms sensor_skew=41.7ms loop_to_send=6.0ms
[go2:sport] DRY cmd#1307 seq=1339 v=0.893 w=-0.579 dt=40.0ms policy_zmq_lag=0.6ms action_age=49.9ms scan_age=49.3ms scan_rx_age=25.3ms odom_age=7.8ms odom_rx_age=6.6ms sensor_skew=41.5ms loop_to_send=6.0ms
[go2:sport] DRY cmd#1308 seq=1340 v=0.893 w=-0.577 dt=40.8ms policy_zmq_lag=0.8ms action_age=51.0ms scan_age=50.2ms scan_rx_age=25.9ms odom_age=8.4ms odom_rx_age=7.4ms sensor_skew=41.8ms loop_to_send=6.1ms
[go2:sport] DRY cmd#1309 seq=1341 v=0.894 w=-0.569 dt=40.2ms policy_zmq_lag=0.7ms action_age=51.1ms scan_age=50.3ms scan_rx_age=25.5ms odom_age=8.7ms odom_rx_age=7.6ms sensor_skew=41.6ms loop_to_send=6.3ms
[go2:sport] DRY cmd#1310 seq=1342 v=0.893 w=-0.580 dt=39.9ms policy_zmq_lag=0.7ms action_age=50.9ms scan_age=50.2ms scan_rx_age=25.7ms odom_age=8.6ms odom_rx_age=7.5ms sensor_skew=41.6ms loop_to_send=6.2ms
[go2:sport] DRY cmd#1311 seq=1343 v=0.893 w=-0.584 dt=39.2ms policy_zmq_lag=0.6ms action_age=50.3ms scan_age=49.7ms scan_rx_age=24.9ms odom_age=8.0ms odom_rx_age=7.0ms sensor_skew=41.7ms loop_to_send=5.8ms
[go2:sport] DRY cmd#1312 seq=1344 v=0.893 w=-0.570 dt=39.8ms policy_zmq_lag=0.6ms action_age=49.9ms scan_age=49.3ms scan_rx_age=25.1ms odom_age=7.9ms odom_rx_age=7.0ms sensor_skew=41.4ms loop_to_send=5.8ms
[go2:sport] DRY cmd#1313 seq=1345 v=0.894 w=-0.564 dt=40.4ms policy_zmq_lag=0.6ms action_age=50.4ms scan_age=49.9ms scan_rx_age=26.1ms odom_age=8.2ms odom_rx_age=7.3ms sensor_skew=41.7ms loop_to_send=6.1ms
[go2:sport] DRY cmd#1314 seq=1346 v=0.894 w=-0.576 dt=40.0ms policy_zmq_lag=0.6ms action_age=50.4ms scan_age=49.8ms scan_rx_age=25.6ms odom_age=8.2ms odom_rx_age=7.2ms sensor_skew=41.6ms loop_to_send=6.0ms
[go2:sport] DRY cmd#1315 seq=1347 v=0.893 w=-0.577 dt=39.7ms policy_zmq_lag=0.7ms action_age=50.1ms scan_age=49.4ms scan_rx_age=25.2ms odom_age=17.8ms odom_rx_age=16.9ms sensor_skew=31.6ms loop_to_send=5.9ms
[go2:sport] DRY cmd#1316 seq=1348 v=0.893 w=-0.562 dt=41.1ms policy_zmq_lag=0.7ms action_age=30.6ms scan_age=29.9ms scan_rx_age=7.0ms odom_age=8.7ms odom_rx_age=7.7ms sensor_skew=21.2ms loop_to_send=6.1ms
[go2:sport] DRY cmd#1317 seq=1349 v=0.893 w=-0.573 dt=39.7ms policy_zmq_lag=0.7ms action_age=50.8ms scan_age=50.0ms scan_rx_age=25.7ms odom_age=8.4ms odom_rx_age=7.3ms sensor_skew=41.7ms loop_to_send=6.0ms
[go2:sport] DRY cmd#1318 seq=1350 v=0.893 w=-0.574 dt=40.2ms policy_zmq_lag=0.7ms action_age=31.1ms scan_age=30.4ms scan_rx_age=6.8ms odom_age=12.1ms odom_rx_age=11.3ms sensor_skew=18.3ms loop_to_send=6.2ms
[go2:sport] DRY cmd#1319 seq=1351 v=0.893 w=-0.578 dt=39.9ms policy_zmq_lag=0.7ms action_age=50.8ms scan_age=50.2ms scan_rx_age=26.7ms odom_age=8.6ms odom_rx_age=7.5ms sensor_skew=41.6ms loop_to_send=6.2ms
[go2:sport] DRY cmd#1320 seq=1352 v=0.893 w=-0.575 dt=39.6ms policy_zmq_lag=0.6ms action_age=50.5ms scan_age=49.9ms scan_rx_age=25.8ms odom_age=8.3ms odom_rx_age=7.4ms sensor_skew=41.6ms loop_to_send=6.1ms
[go2:sport] DRY cmd#1321 seq=1353 v=0.894 w=-0.575 dt=39.5ms policy_zmq_lag=0.6ms action_age=50.1ms scan_age=49.5ms scan_rx_age=25.5ms odom_age=7.8ms odom_rx_age=6.9ms sensor_skew=41.7ms loop_to_send=5.7ms
[go2:sport] DRY cmd#1322 seq=1354 v=0.893 w=-0.571 dt=40.5ms policy_zmq_lag=0.6ms action_age=50.5ms scan_age=49.8ms scan_rx_age=25.8ms odom_age=8.1ms odom_rx_age=7.2ms sensor_skew=41.7ms loop_to_send=6.0ms
[go2:sport] DRY cmd#1323 seq=1355 v=0.893 w=-0.575 dt=40.5ms policy_zmq_lag=0.6ms action_age=51.0ms scan_age=50.4ms scan_rx_age=26.4ms odom_age=8.7ms odom_rx_age=7.6ms sensor_skew=41.7ms loop_to_send=6.9ms
[go2:sport] DRY cmd#1324 seq=1356 v=0.893 w=-0.572 dt=38.9ms policy_zmq_lag=0.6ms action_age=50.0ms scan_age=49.4ms scan_rx_age=25.1ms odom_age=7.8ms odom_rx_age=6.9ms sensor_skew=41.7ms loop_to_send=5.8ms
[go2:sport] DRY cmd#1325 seq=1357 v=0.893 w=-0.582 dt=40.1ms policy_zmq_lag=0.6ms action_age=50.1ms scan_age=49.5ms scan_rx_age=25.5ms odom_age=7.8ms odom_rx_age=6.9ms sensor_skew=41.7ms loop_to_send=5.7ms
[go2:sport] DRY cmd#1326 seq=1358 v=0.893 w=-0.579 dt=40.8ms policy_zmq_lag=0.7ms action_age=50.9ms scan_age=50.1ms scan_rx_age=25.5ms odom_age=8.4ms odom_rx_age=7.3ms sensor_skew=41.7ms loop_to_send=6.0ms
[go2:sport] DRY cmd#1327 seq=1359 v=0.894 w=-0.568 dt=39.6ms policy_zmq_lag=0.6ms action_age=50.2ms scan_age=49.6ms scan_rx_age=25.8ms odom_age=8.1ms odom_rx_age=7.1ms sensor_skew=41.4ms loop_to_send=5.9ms
[go2:sport] DRY cmd#1328 seq=1360 v=0.893 w=-0.575 dt=40.0ms policy_zmq_lag=0.6ms action_age=50.4ms scan_age=49.7ms scan_rx_age=25.9ms odom_age=18.2ms odom_rx_age=17.4ms sensor_skew=31.5ms loop_to_send=6.1ms
[go2:sport] DRY cmd#1329 seq=1361 v=0.894 w=-0.565 dt=39.6ms policy_zmq_lag=0.7ms action_age=50.0ms scan_age=49.3ms scan_rx_age=25.2ms odom_age=7.8ms odom_rx_age=6.4ms sensor_skew=41.5ms loop_to_send=5.8ms
[go2:sport] DRY cmd#1330 seq=1362 v=0.894 w=-0.571 dt=40.4ms policy_zmq_lag=0.7ms action_age=50.5ms scan_age=49.8ms scan_rx_age=25.6ms odom_age=8.2ms odom_rx_age=7.2ms sensor_skew=41.6ms loop_to_send=5.9ms
[go2:sport] DRY cmd#1331 seq=1363 v=0.894 w=-0.574 dt=40.1ms policy_zmq_lag=0.6ms action_age=50.6ms scan_age=50.0ms scan_rx_age=25.6ms odom_age=8.4ms odom_rx_age=7.4ms sensor_skew=41.6ms loop_to_send=6.1ms
[go2:sport] DRY cmd#1332 seq=1364 v=0.893 w=-0.581 dt=39.7ms policy_zmq_lag=0.6ms action_age=50.2ms scan_age=49.6ms scan_rx_age=25.9ms odom_age=8.1ms odom_rx_age=7.2ms sensor_skew=41.5ms loop_to_send=6.0ms
[go2:sport] DRY cmd#1333 seq=1365 v=0.894 w=-0.581 dt=40.7ms policy_zmq_lag=0.7ms action_age=51.1ms scan_age=50.4ms scan_rx_age=26.1ms odom_age=8.7ms odom_rx_age=7.7ms sensor_skew=41.7ms loop_to_send=6.4ms
[go2:sport] DRY cmd#1334 seq=1366 v=0.893 w=-0.574 dt=40.1ms policy_zmq_lag=0.6ms action_age=51.2ms scan_age=50.5ms scan_rx_age=26.3ms odom_age=8.9ms odom_rx_age=7.8ms sensor_skew=41.7ms loop_to_send=6.5ms
[go2:sport] DRY cmd#1335 seq=1367 v=0.893 w=-0.566 dt=39.5ms policy_zmq_lag=0.6ms action_age=50.6ms scan_age=50.0ms scan_rx_age=25.9ms odom_age=8.4ms odom_rx_age=7.4ms sensor_skew=41.6ms loop_to_send=6.1ms
[go2:sport] DRY cmd#1336 seq=1368 v=0.894 w=-0.562 dt=39.9ms policy_zmq_lag=0.7ms action_age=30.4ms scan_age=29.8ms scan_rx_age=6.7ms odom_age=8.3ms odom_rx_age=7.3ms sensor_skew=21.5ms loop_to_send=5.9ms
[go2:sport] DRY cmd#1337 seq=1369 v=0.894 w=-0.562 dt=39.9ms policy_zmq_lag=0.6ms action_age=50.3ms scan_age=49.6ms scan_rx_age=25.8ms odom_age=8.1ms odom_rx_age=7.1ms sensor_skew=41.5ms loop_to_send=5.9ms
[go2:sport] DRY cmd#1338 seq=1370 v=0.894 w=-0.558 dt=39.8ms policy_zmq_lag=0.6ms action_age=50.2ms scan_age=49.6ms scan_rx_age=25.6ms odom_age=14.7ms odom_rx_age=14.0ms sensor_skew=34.9ms loop_to_send=5.9ms
[go2:sport] DRY cmd#1339 seq=1371 v=0.894 w=-0.567 dt=40.8ms policy_zmq_lag=0.7ms action_age=30.9ms scan_age=30.2ms scan_rx_age=6.8ms odom_age=8.7ms odom_rx_age=7.6ms sensor_skew=21.5ms loop_to_send=6.0ms
[go2:sport] DRY cmd#1340 seq=1372 v=0.894 w=-0.566 dt=39.5ms policy_zmq_lag=0.6ms action_age=50.6ms scan_age=49.9ms scan_rx_age=25.2ms odom_age=8.3ms odom_rx_age=7.2ms sensor_skew=41.6ms loop_to_send=6.0ms
[go2:sport] DRY cmd#1341 seq=1373 v=0.893 w=-0.569 dt=39.9ms policy_zmq_lag=0.6ms action_age=50.4ms scan_age=49.8ms scan_rx_age=25.5ms odom_age=8.2ms odom_rx_age=7.3ms sensor_skew=41.6ms loop_to_send=6.0ms
[go2:sport] DRY cmd#1342 seq=1374 v=0.893 w=-0.581 dt=39.6ms policy_zmq_lag=0.6ms action_age=50.0ms scan_age=49.3ms scan_rx_age=25.5ms odom_age=7.9ms odom_rx_age=7.0ms sensor_skew=41.5ms loop_to_send=5.8ms
[go2:sport] DRY cmd#1343 seq=1375 v=0.893 w=-0.584 dt=40.4ms policy_zmq_lag=0.6ms action_age=50.5ms scan_age=49.9ms scan_rx_age=25.6ms odom_age=7.9ms odom_rx_age=6.6ms sensor_skew=42.0ms loop_to_send=5.9ms
[go2:sport] DRY cmd#1344 seq=1376 v=0.894 w=-0.582 dt=39.8ms policy_zmq_lag=0.6ms action_age=50.2ms scan_age=49.6ms scan_rx_age=25.7ms odom_age=7.7ms odom_rx_age=6.6ms sensor_skew=41.9ms loop_to_send=6.0ms
[go2:sport] DRY cmd#1345 seq=1377 v=0.893 w=-0.575 dt=39.9ms policy_zmq_lag=0.6ms action_age=50.1ms scan_age=49.5ms scan_rx_age=25.2ms odom_age=8.0ms odom_rx_age=7.1ms sensor_skew=41.5ms loop_to_send=5.9ms
[go2:sport] DRY cmd#1346 seq=1378 v=0.893 w=-0.581 dt=40.2ms policy_zmq_lag=0.6ms action_age=50.3ms scan_age=49.7ms scan_rx_age=24.4ms odom_age=8.1ms odom_rx_age=7.2ms sensor_skew=41.6ms loop_to_send=6.0ms
[go2:sport] DRY cmd#1347 seq=1379 v=0.893 w=-0.587 dt=39.9ms policy_zmq_lag=0.6ms action_age=50.0ms scan_age=49.4ms scan_rx_age=25.7ms odom_age=8.1ms odom_rx_age=7.1ms sensor_skew=41.3ms loop_to_send=5.9ms
[go2:sport] DRY cmd#1348 seq=1380 v=0.894 w=-0.575 dt=39.9ms policy_zmq_lag=0.6ms action_age=50.1ms scan_age=49.5ms scan_rx_age=25.7ms odom_age=8.0ms odom_rx_age=7.0ms sensor_skew=41.5ms loop_to_send=5.8ms
[go2:sport] DRY cmd#1349 seq=1381 v=0.893 w=-0.576 dt=39.8ms policy_zmq_lag=0.6ms action_age=50.0ms scan_age=49.3ms scan_rx_age=26.3ms odom_age=7.9ms odom_rx_age=7.0ms sensor_skew=41.4ms loop_to_send=5.8ms
[go2:sport] DRY cmd#1350 seq=1382 v=0.893 w=-0.580 dt=40.7ms policy_zmq_lag=0.7ms action_age=50.5ms scan_age=49.9ms scan_rx_age=25.4ms odom_age=8.5ms odom_rx_age=7.4ms sensor_skew=41.4ms loop_to_send=6.0ms
[go2:sport] DRY cmd#1351 seq=1383 v=0.893 w=-0.582 dt=39.9ms policy_zmq_lag=0.6ms action_age=50.6ms scan_age=50.0ms scan_rx_age=25.6ms odom_age=8.4ms odom_rx_age=7.5ms sensor_skew=41.5ms loop_to_send=6.2ms
[go2:sport] DRY cmd#1352 seq=1384 v=0.893 w=-0.577 dt=39.8ms policy_zmq_lag=0.6ms action_age=50.1ms scan_age=49.5ms scan_rx_age=25.7ms odom_age=8.2ms odom_rx_age=7.2ms sensor_skew=41.3ms loop_to_send=6.0ms
[go2:sport] DRY cmd#1353 seq=1385 v=0.893 w=-0.572 dt=39.5ms policy_zmq_lag=0.6ms action_age=49.7ms scan_age=49.1ms scan_rx_age=25.5ms odom_age=7.6ms odom_rx_age=6.8ms sensor_skew=41.5ms loop_to_send=5.7ms
[go2:sport] DRY cmd#1354 seq=1386 v=0.893 w=-0.571 dt=40.4ms policy_zmq_lag=0.7ms action_age=50.1ms scan_age=49.4ms scan_rx_age=25.6ms odom_age=7.9ms odom_rx_age=6.7ms sensor_skew=41.5ms loop_to_send=6.1ms
[go2:sport] DRY cmd#1355 seq=1387 v=0.893 w=-0.566 dt=40.4ms policy_zmq_lag=0.6ms action_age=50.6ms scan_age=50.0ms scan_rx_age=25.2ms odom_age=8.4ms odom_rx_age=7.3ms sensor_skew=41.6ms loop_to_send=6.0ms
[go2:sport] DRY cmd#1356 seq=1388 v=0.893 w=-0.572 dt=39.5ms policy_zmq_lag=0.6ms action_age=50.0ms scan_age=49.4ms scan_rx_age=25.3ms odom_age=7.9ms odom_rx_age=7.1ms sensor_skew=41.4ms loop_to_send=5.9ms
[go2:sport] DRY cmd#1357 seq=1389 v=0.894 w=-0.565 dt=40.8ms policy_zmq_lag=0.7ms action_age=50.8ms scan_age=50.1ms scan_rx_age=25.8ms odom_age=8.7ms odom_rx_age=7.6ms sensor_skew=41.4ms loop_to_send=6.2ms
[go2:sport] DRY cmd#1358 seq=1390 v=0.894 w=-0.566 dt=40.1ms policy_zmq_lag=0.7ms action_age=50.8ms scan_age=50.1ms scan_rx_age=25.6ms odom_age=8.9ms odom_rx_age=7.8ms sensor_skew=41.3ms loop_to_send=6.4ms
[go2:sport] DRY cmd#1359 seq=1391 v=0.894 w=-0.565 dt=39.8ms policy_zmq_lag=0.7ms action_age=50.8ms scan_age=50.1ms scan_rx_age=26.1ms odom_age=8.7ms odom_rx_age=7.6ms sensor_skew=41.5ms loop_to_send=6.3ms
[go2:sport] DRY cmd#1360 seq=1392 v=0.894 w=-0.566 dt=39.0ms policy_zmq_lag=0.6ms action_age=49.7ms scan_age=49.1ms scan_rx_age=25.1ms odom_age=7.7ms odom_rx_age=6.8ms sensor_skew=41.4ms loop_to_send=5.7ms
[go2:sport] DRY cmd#1361 seq=1393 v=0.894 w=-0.570 dt=40.2ms policy_zmq_lag=0.6ms action_age=49.9ms scan_age=49.3ms scan_rx_age=25.8ms odom_age=7.8ms odom_rx_age=6.9ms sensor_skew=41.5ms loop_to_send=5.8ms
[go2:sport] DRY cmd#1362 seq=1394 v=0.893 w=-0.585 dt=40.3ms policy_zmq_lag=0.6ms action_age=50.1ms scan_age=49.6ms scan_rx_age=25.7ms odom_age=8.2ms odom_rx_age=7.2ms sensor_skew=41.4ms loop_to_send=5.9ms
[go2:sport] DRY cmd#1363 seq=1395 v=0.893 w=-0.579 dt=39.7ms policy_zmq_lag=0.6ms action_age=50.0ms scan_age=49.4ms scan_rx_age=25.3ms odom_age=7.8ms odom_rx_age=6.9ms sensor_skew=41.6ms loop_to_send=5.8ms
[go2:sport] DRY cmd#1364 seq=1396 v=0.893 w=-0.571 dt=40.3ms policy_zmq_lag=0.6ms action_age=50.3ms scan_age=49.7ms scan_rx_age=25.7ms odom_age=8.2ms odom_rx_age=7.2ms sensor_skew=41.5ms loop_to_send=5.9ms
[go2:sport] DRY cmd#1365 seq=1397 v=0.894 w=-0.567 dt=40.1ms policy_zmq_lag=0.6ms action_age=50.5ms scan_age=49.9ms scan_rx_age=25.5ms odom_age=8.3ms odom_rx_age=7.2ms sensor_skew=41.6ms loop_to_send=5.9ms
[go2:sport] DRY cmd#1366 seq=1398 v=0.894 w=-0.570 dt=40.6ms policy_zmq_lag=0.7ms action_age=51.0ms scan_age=50.3ms scan_rx_age=26.1ms odom_age=8.8ms odom_rx_age=7.9ms sensor_skew=41.5ms loop_to_send=6.5ms
[go2:sport] DRY cmd#1367 seq=1399 v=0.894 w=-0.574 dt=40.0ms policy_zmq_lag=0.7ms action_age=50.7ms scan_age=50.1ms scan_rx_age=26.0ms odom_age=8.1ms odom_rx_age=7.1ms sensor_skew=41.9ms loop_to_send=6.5ms
[go2:sport] DRY cmd#1368 seq=1400 v=0.894 w=-0.580 dt=39.6ms policy_zmq_lag=0.6ms action_age=50.5ms scan_age=49.9ms scan_rx_age=25.9ms odom_age=8.5ms odom_rx_age=7.5ms sensor_skew=41.4ms loop_to_send=6.0ms
[go2:sport] DRY cmd#1369 seq=1401 v=0.894 w=-0.574 dt=39.8ms policy_zmq_lag=0.6ms action_age=50.4ms scan_age=49.8ms scan_rx_age=25.8ms odom_age=8.3ms odom_rx_age=7.4ms sensor_skew=41.4ms loop_to_send=6.1ms
[go2:sport] DRY cmd#1370 seq=1402 v=0.894 w=-0.575 dt=39.9ms policy_zmq_lag=0.6ms action_age=50.4ms scan_age=49.8ms scan_rx_age=25.6ms odom_age=8.3ms odom_rx_age=7.2ms sensor_skew=41.5ms loop_to_send=6.0ms
[go2:sport] DRY cmd#1371 seq=1403 v=0.894 w=-0.570 dt=40.3ms policy_zmq_lag=0.6ms action_age=50.6ms scan_age=50.0ms scan_rx_age=25.9ms odom_age=8.5ms odom_rx_age=7.4ms sensor_skew=41.6ms loop_to_send=6.1ms
[go2:sport] DRY cmd#1372 seq=1404 v=0.894 w=-0.578 dt=40.0ms policy_zmq_lag=0.7ms action_age=50.5ms scan_age=49.8ms scan_rx_age=26.7ms odom_age=8.5ms odom_rx_age=7.4ms sensor_skew=41.4ms loop_to_send=6.0ms
[go2:sport] DRY cmd#1373 seq=1405 v=0.894 w=-0.566 dt=40.0ms policy_zmq_lag=0.6ms action_age=50.5ms scan_age=49.9ms scan_rx_age=26.0ms odom_age=8.4ms odom_rx_age=7.4ms sensor_skew=41.5ms loop_to_send=6.1ms
[go2:sport] DRY cmd#1374 seq=1406 v=0.894 w=-0.569 dt=39.8ms policy_zmq_lag=0.6ms action_age=50.4ms scan_age=49.9ms scan_rx_age=25.7ms odom_age=8.5ms odom_rx_age=7.2ms sensor_skew=41.4ms loop_to_send=5.9ms
[go2:sport] DRY cmd#1375 seq=1407 v=0.894 w=-0.568 dt=39.8ms policy_zmq_lag=0.7ms action_age=50.3ms scan_age=49.6ms scan_rx_age=25.7ms odom_age=8.2ms odom_rx_age=7.1ms sensor_skew=41.4ms loop_to_send=5.9ms
[go2:sport] DRY cmd#1376 seq=1408 v=0.894 w=-0.570 dt=39.8ms policy_zmq_lag=0.7ms action_age=50.1ms scan_age=49.4ms scan_rx_age=25.1ms odom_age=8.0ms odom_rx_age=7.1ms sensor_skew=41.4ms loop_to_send=6.0ms
[go2:sport] DRY cmd#1377 seq=1409 v=0.894 w=-0.559 dt=40.6ms policy_zmq_lag=0.7ms action_age=50.5ms scan_age=49.8ms scan_rx_age=26.1ms odom_age=8.5ms odom_rx_age=7.4ms sensor_skew=41.3ms loop_to_send=6.0ms
[go2:sport] DRY cmd#1378 seq=1410 v=0.894 w=-0.583 dt=40.4ms policy_zmq_lag=1.3ms action_age=51.1ms scan_age=49.8ms scan_rx_age=26.0ms odom_age=8.4ms odom_rx_age=7.2ms sensor_skew=41.4ms loop_to_send=5.9ms
[go2:sport] DRY cmd#1379 seq=1411 v=0.894 w=-0.574 dt=39.2ms policy_zmq_lag=0.7ms action_age=30.2ms scan_age=29.5ms scan_rx_age=6.4ms odom_age=8.1ms odom_rx_age=7.1ms sensor_skew=21.4ms loop_to_send=5.7ms
[go2:sport] DRY cmd#1380 seq=1412 v=0.894 w=-0.571 dt=39.8ms policy_zmq_lag=0.6ms action_age=29.9ms scan_age=29.3ms scan_rx_age=5.9ms odom_age=8.0ms odom_rx_age=7.1ms sensor_skew=21.3ms loop_to_send=5.4ms
[go2:sport] DRY cmd#1381 seq=1413 v=0.894 w=-0.571 dt=40.5ms policy_zmq_lag=0.7ms action_age=50.5ms scan_age=49.9ms scan_rx_age=26.0ms odom_age=8.5ms odom_rx_age=7.2ms sensor_skew=41.4ms loop_to_send=5.7ms
[go2:sport] DRY cmd#1382 seq=1414 v=0.893 w=-0.581 dt=39.7ms policy_zmq_lag=0.7ms action_age=50.0ms scan_age=49.3ms scan_rx_age=26.5ms odom_age=8.1ms odom_rx_age=7.0ms sensor_skew=41.2ms loop_to_send=5.7ms
[go2:sport] DRY cmd#1383 seq=1415 v=0.893 w=-0.582 dt=39.9ms policy_zmq_lag=0.7ms action_age=50.1ms scan_age=49.4ms scan_rx_age=25.4ms odom_age=8.0ms odom_rx_age=6.9ms sensor_skew=41.4ms loop_to_send=5.6ms
[go2:sport] DRY cmd#1384 seq=1416 v=0.894 w=-0.569 dt=40.0ms policy_zmq_lag=0.7ms action_age=50.1ms scan_age=49.4ms scan_rx_age=25.2ms odom_age=7.9ms odom_rx_age=6.8ms sensor_skew=41.5ms loop_to_send=5.6ms
[go2:sport] DRY cmd#1385 seq=1417 v=0.894 w=-0.578 dt=40.6ms policy_zmq_lag=0.6ms action_age=50.6ms scan_age=50.0ms scan_rx_age=26.2ms odom_age=8.7ms odom_rx_age=7.6ms sensor_skew=41.3ms loop_to_send=6.3ms
[go2:sport] DRY cmd#1386 seq=1418 v=0.894 w=-0.576 dt=39.2ms policy_zmq_lag=0.6ms action_age=49.9ms scan_age=49.3ms scan_rx_age=25.3ms odom_age=8.0ms odom_rx_age=7.0ms sensor_skew=41.3ms loop_to_send=5.6ms
[go2:sport] DRY cmd#1387 seq=1419 v=0.894 w=-0.563 dt=39.8ms policy_zmq_lag=0.6ms action_age=49.4ms scan_age=48.7ms scan_rx_age=25.5ms odom_age=7.7ms odom_rx_age=6.7ms sensor_skew=41.0ms loop_to_send=5.5ms
[go2:sport] DRY cmd#1388 seq=1420 v=0.894 w=-0.567 dt=40.3ms policy_zmq_lag=0.6ms action_age=50.0ms scan_age=49.4ms scan_rx_age=25.7ms odom_age=7.9ms odom_rx_age=6.8ms sensor_skew=41.4ms loop_to_send=5.5ms
[go2:sport] DRY cmd#1389 seq=1421 v=0.894 w=-0.574 dt=40.9ms policy_zmq_lag=0.6ms action_age=50.9ms scan_age=50.3ms scan_rx_age=26.2ms odom_age=9.0ms odom_rx_age=7.7ms sensor_skew=41.3ms loop_to_send=6.4ms
[go2:sport] DRY cmd#1390 seq=1422 v=0.894 w=-0.558 dt=39.8ms policy_zmq_lag=0.7ms action_age=50.7ms scan_age=50.1ms scan_rx_age=25.8ms odom_age=8.8ms odom_rx_age=7.7ms sensor_skew=41.3ms loop_to_send=6.2ms
[go2:sport] DRY cmd#1391 seq=1423 v=0.894 w=-0.559 dt=39.7ms policy_zmq_lag=0.6ms action_age=50.4ms scan_age=49.8ms scan_rx_age=25.4ms odom_age=8.5ms odom_rx_age=7.4ms sensor_skew=41.3ms loop_to_send=6.1ms
[go2:sport] DRY cmd#1392 seq=1424 v=0.894 w=-0.557 dt=46.2ms policy_zmq_lag=0.6ms action_age=56.3ms scan_age=55.7ms scan_rx_age=31.7ms odom_age=14.7ms odom_rx_age=13.6ms sensor_skew=41.0ms loop_to_send=12.3ms
[go2:sport] DRY cmd#1393 seq=1425 v=0.894 w=-0.566 dt=33.4ms policy_zmq_lag=0.6ms action_age=50.0ms scan_age=49.3ms scan_rx_age=25.1ms odom_age=7.9ms odom_rx_age=6.8ms sensor_skew=41.5ms loop_to_send=5.6ms
[go2:sport] DRY cmd#1394 seq=1426 v=0.894 w=-0.574 dt=40.0ms policy_zmq_lag=0.6ms action_age=50.1ms scan_age=49.4ms scan_rx_age=25.0ms odom_age=7.3ms odom_rx_age=6.2ms sensor_skew=42.1ms loop_to_send=5.7ms
[go2:sport] DRY cmd#1395 seq=1427 v=0.893 w=-0.590 dt=40.1ms policy_zmq_lag=0.6ms action_age=50.2ms scan_age=49.5ms scan_rx_age=25.1ms odom_age=8.2ms odom_rx_age=7.2ms sensor_skew=41.4ms loop_to_send=5.8ms
[go2:sport] DRY cmd#1396 seq=1428 v=0.893 w=-0.588 dt=40.6ms policy_zmq_lag=0.6ms action_age=50.7ms scan_age=50.1ms scan_rx_age=26.0ms odom_age=8.6ms odom_rx_age=7.5ms sensor_skew=41.5ms loop_to_send=6.2ms
[go2:sport] DRY cmd#1397 seq=1429 v=0.893 w=-0.578 dt=39.9ms policy_zmq_lag=0.7ms action_age=50.5ms scan_age=49.8ms scan_rx_age=26.0ms odom_age=8.5ms odom_rx_age=7.4ms sensor_skew=41.3ms loop_to_send=6.2ms
[go2:sport] DRY cmd#1398 seq=1430 v=0.893 w=-0.582 dt=39.9ms policy_zmq_lag=0.6ms action_age=50.5ms scan_age=49.9ms scan_rx_age=25.9ms odom_age=8.5ms odom_rx_age=7.4ms sensor_skew=41.4ms loop_to_send=6.1ms
[go2:sport] DRY cmd#1399 seq=1431 v=0.893 w=-0.584 dt=40.7ms policy_zmq_lag=0.7ms action_age=51.1ms scan_age=50.4ms scan_rx_age=25.9ms odom_age=9.1ms odom_rx_age=7.9ms sensor_skew=41.3ms loop_to_send=6.4ms
[go2:sport] DRY cmd#1400 seq=1432 v=0.893 w=-0.579 dt=40.0ms policy_zmq_lag=0.7ms action_age=51.2ms scan_age=50.4ms scan_rx_age=26.2ms odom_age=9.1ms odom_rx_age=7.9ms sensor_skew=41.4ms loop_to_send=6.4ms
[go2:sport] DRY cmd#1401 seq=1433 v=0.893 w=-0.581 dt=39.4ms policy_zmq_lag=0.7ms action_age=50.6ms scan_age=49.9ms scan_rx_age=25.7ms odom_age=8.2ms odom_rx_age=7.0ms sensor_skew=41.7ms loop_to_send=6.4ms
[go2:sport] DRY cmd#1402 seq=1434 v=0.893 w=-0.570 dt=40.5ms policy_zmq_lag=0.7ms action_age=51.3ms scan_age=50.7ms scan_rx_age=22.8ms odom_age=9.0ms odom_rx_age=7.9ms sensor_skew=41.7ms loop_to_send=6.5ms
[go2:sport] DRY cmd#1403 seq=1435 v=0.894 w=-0.577 dt=40.0ms policy_zmq_lag=0.7ms action_age=51.1ms scan_age=50.4ms scan_rx_age=26.3ms odom_age=9.0ms odom_rx_age=7.9ms sensor_skew=41.4ms loop_to_send=6.5ms
[go2:sport] DRY cmd#1404 seq=1436 v=0.894 w=-0.576 dt=39.1ms policy_zmq_lag=0.6ms action_age=50.0ms scan_age=49.4ms scan_rx_age=25.6ms odom_age=18.3ms odom_rx_age=17.3ms sensor_skew=31.1ms loop_to_send=5.9ms
[go2:sport] DRY cmd#1405 seq=1437 v=0.893 w=-0.576 dt=40.5ms policy_zmq_lag=0.6ms action_age=50.7ms scan_age=50.1ms scan_rx_age=23.7ms odom_age=12.0ms odom_rx_age=10.7ms sensor_skew=38.1ms loop_to_send=6.2ms
[go2:sport] DRY cmd#1406 seq=1438 v=0.893 w=-0.576 dt=39.9ms policy_zmq_lag=0.6ms action_age=50.4ms scan_age=49.8ms scan_rx_age=25.8ms odom_age=8.6ms odom_rx_age=7.5ms sensor_skew=41.2ms loop_to_send=6.1ms
[go2:sport] DRY cmd#1407 seq=1439 v=0.894 w=-0.570 dt=39.8ms policy_zmq_lag=0.6ms action_age=50.2ms scan_age=49.6ms scan_rx_age=25.7ms odom_age=8.4ms odom_rx_age=7.2ms sensor_skew=41.2ms loop_to_send=6.0ms
[go2:sport] DRY cmd#1408 seq=1440 v=0.894 w=-0.569 dt=39.5ms policy_zmq_lag=0.6ms action_age=49.9ms scan_age=49.3ms scan_rx_age=25.2ms odom_age=8.0ms odom_rx_age=6.9ms sensor_skew=41.3ms loop_to_send=5.6ms
[go2:sport] DRY cmd#1409 seq=1441 v=0.894 w=-0.576 dt=41.2ms policy_zmq_lag=0.8ms action_age=51.1ms scan_age=50.3ms scan_rx_age=26.3ms odom_age=15.8ms odom_rx_age=15.0ms sensor_skew=34.5ms loop_to_send=6.5ms
[go2:sport] DRY cmd#1410 seq=1442 v=0.894 w=-0.571 dt=39.4ms policy_zmq_lag=0.7ms action_age=50.4ms scan_age=49.8ms scan_rx_age=25.9ms odom_age=8.4ms odom_rx_age=7.3ms sensor_skew=41.3ms loop_to_send=6.0ms
[go2:sport] DRY cmd#1411 seq=1443 v=0.894 w=-0.572 dt=39.8ms policy_zmq_lag=0.7ms action_age=50.2ms scan_age=49.6ms scan_rx_age=25.7ms odom_age=8.3ms odom_rx_age=6.8ms sensor_skew=41.3ms loop_to_send=6.1ms
[go2:sport] DRY cmd#1412 seq=1444 v=0.894 w=-0.572 dt=39.9ms policy_zmq_lag=0.7ms action_age=50.1ms scan_age=49.4ms scan_rx_age=25.7ms odom_age=8.3ms odom_rx_age=7.2ms sensor_skew=41.2ms loop_to_send=5.9ms
[go2:sport] DRY cmd#1413 seq=1445 v=0.894 w=-0.582 dt=40.1ms policy_zmq_lag=0.6ms action_age=50.3ms scan_age=49.6ms scan_rx_age=25.3ms odom_age=8.3ms odom_rx_age=7.1ms sensor_skew=41.3ms loop_to_send=5.7ms
[go2:sport] DRY cmd#1414 seq=1446 v=0.894 w=-0.575 dt=39.7ms policy_zmq_lag=0.6ms action_age=50.0ms scan_age=49.4ms scan_rx_age=25.0ms odom_age=8.1ms odom_rx_age=6.9ms sensor_skew=41.3ms loop_to_send=5.6ms
[go2:sport] DRY cmd#1415 seq=1447 v=0.893 w=-0.563 dt=40.1ms policy_zmq_lag=0.7ms action_age=50.0ms scan_age=49.3ms scan_rx_age=26.1ms odom_age=8.1ms odom_rx_age=7.0ms sensor_skew=41.2ms loop_to_send=5.7ms
[go2:sport] DRY cmd#1416 seq=1448 v=0.893 w=-0.568 dt=39.9ms policy_zmq_lag=0.6ms action_age=50.0ms scan_age=49.4ms scan_rx_age=25.4ms odom_age=8.1ms odom_rx_age=7.0ms sensor_skew=41.3ms loop_to_send=5.8ms
[go2:sport] DRY cmd#1417 seq=1449 v=0.894 w=-0.561 dt=40.5ms policy_zmq_lag=0.7ms action_age=50.3ms scan_age=49.7ms scan_rx_age=25.6ms odom_age=8.4ms odom_rx_age=7.2ms sensor_skew=41.2ms loop_to_send=5.8ms
[go2:sport] DRY cmd#1418 seq=1450 v=0.894 w=-0.568 dt=39.4ms policy_zmq_lag=0.6ms action_age=49.9ms scan_age=49.3ms scan_rx_age=25.2ms odom_age=7.9ms odom_rx_age=6.9ms sensor_skew=41.4ms loop_to_send=5.8ms
[go2:sport] DRY cmd#1419 seq=1451 v=0.894 w=-0.562 dt=41.0ms policy_zmq_lag=0.7ms action_age=50.7ms scan_age=50.0ms scan_rx_age=26.1ms odom_age=8.8ms odom_rx_age=7.4ms sensor_skew=41.2ms loop_to_send=6.0ms
[go2:sport] DRY cmd#1420 seq=1452 v=0.894 w=-0.573 dt=40.3ms policy_zmq_lag=1.0ms action_age=51.2ms scan_age=50.2ms scan_rx_age=26.9ms odom_age=8.8ms odom_rx_age=7.7ms sensor_skew=41.3ms loop_to_send=6.4ms
[go2:sport] DRY cmd#1421 seq=1453 v=0.894 w=-0.569 dt=39.9ms policy_zmq_lag=0.6ms action_age=51.0ms scan_age=50.4ms scan_rx_age=25.9ms odom_age=9.1ms odom_rx_age=7.7ms sensor_skew=41.3ms loop_to_send=6.3ms
[go2:sport] DRY cmd#1422 seq=1454 v=0.894 w=-0.568 dt=39.5ms policy_zmq_lag=0.6ms action_age=50.5ms scan_age=49.9ms scan_rx_age=25.4ms odom_age=8.7ms odom_rx_age=7.2ms sensor_skew=41.2ms loop_to_send=6.6ms
[go2:sport] DRY cmd#1423 seq=1455 v=0.893 w=-0.563 dt=40.7ms policy_zmq_lag=0.6ms action_age=51.3ms scan_age=50.7ms scan_rx_age=26.1ms odom_age=8.2ms odom_rx_age=6.8ms sensor_skew=42.6ms loop_to_send=6.2ms
[go2:sport] DRY cmd#1424 seq=1456 v=0.893 w=-0.567 dt=39.6ms policy_zmq_lag=0.6ms action_age=50.8ms scan_age=50.2ms scan_rx_age=25.8ms odom_age=8.9ms odom_rx_age=7.6ms sensor_skew=41.3ms loop_to_send=6.1ms
[go2:sport] DRY cmd#1425 seq=1457 v=0.893 w=-0.576 dt=39.6ms policy_zmq_lag=0.6ms action_age=50.5ms scan_age=49.9ms scan_rx_age=25.6ms odom_age=8.6ms odom_rx_age=7.3ms sensor_skew=41.3ms loop_to_send=6.0ms
[go2:sport] DRY cmd#1426 seq=1458 v=0.894 w=-0.578 dt=40.1ms policy_zmq_lag=0.7ms action_age=50.5ms scan_age=49.9ms scan_rx_age=25.4ms odom_age=8.6ms odom_rx_age=7.3ms sensor_skew=41.3ms loop_to_send=5.9ms
[go2:sport] DRY cmd#1427 seq=1459 v=0.894 w=-0.577 dt=40.2ms policy_zmq_lag=0.6ms action_age=50.7ms scan_age=50.0ms scan_rx_age=25.6ms odom_age=8.9ms odom_rx_age=7.7ms sensor_skew=41.1ms loop_to_send=6.2ms
[go2:sport] DRY cmd#1428 seq=1460 v=0.893 w=-0.573 dt=40.0ms policy_zmq_lag=0.6ms action_age=52.0ms scan_age=51.4ms scan_rx_age=26.3ms odom_age=7.6ms odom_rx_age=6.4ms sensor_skew=43.9ms loop_to_send=5.8ms
[go2:sport] DRY cmd#1429 seq=1461 v=0.894 w=-0.581 dt=39.5ms policy_zmq_lag=0.6ms action_age=50.3ms scan_age=49.7ms scan_rx_age=25.5ms odom_age=8.4ms odom_rx_age=7.3ms sensor_skew=41.3ms loop_to_send=5.9ms
[go2:sport] DRY cmd#1430 seq=1462 v=0.893 w=-0.577 dt=40.3ms policy_zmq_lag=0.6ms action_age=50.6ms scan_age=50.0ms scan_rx_age=26.9ms odom_age=8.8ms odom_rx_age=7.6ms sensor_skew=41.1ms loop_to_send=6.2ms
[go2:sport] DRY cmd#1431 seq=1463 v=0.893 w=-0.563 dt=39.8ms policy_zmq_lag=0.6ms action_age=50.4ms scan_age=49.7ms scan_rx_age=25.8ms odom_age=8.5ms odom_rx_age=7.3ms sensor_skew=41.2ms loop_to_send=6.0ms
[go2:sport] DRY cmd#1432 seq=1464 v=0.893 w=-0.565 dt=40.2ms policy_zmq_lag=0.6ms action_age=50.5ms scan_age=49.8ms scan_rx_age=25.9ms odom_age=8.8ms odom_rx_age=7.4ms sensor_skew=41.1ms loop_to_send=6.0ms
[go2:sport] DRY cmd#1433 seq=1465 v=0.894 w=-0.574 dt=39.9ms policy_zmq_lag=0.6ms action_age=50.5ms scan_age=49.9ms scan_rx_age=25.9ms odom_age=8.6ms odom_rx_age=7.3ms sensor_skew=41.3ms loop_to_send=5.9ms
[go2:sport] DRY cmd#1434 seq=1466 v=0.894 w=-0.577 dt=39.4ms policy_zmq_lag=0.6ms action_age=49.9ms scan_age=49.3ms scan_rx_age=24.6ms odom_age=7.1ms odom_rx_age=6.0ms sensor_skew=42.2ms loop_to_send=5.5ms
[go2:sport] DRY cmd#1435 seq=1467 v=0.893 w=-0.567 dt=40.0ms policy_zmq_lag=0.6ms action_age=49.8ms scan_age=49.3ms scan_rx_age=25.1ms odom_age=8.1ms odom_rx_age=6.9ms sensor_skew=41.2ms loop_to_send=5.6ms
[go2:sport] DRY cmd#1436 seq=1468 v=0.893 w=-0.578 dt=40.1ms policy_zmq_lag=0.6ms action_age=49.9ms scan_age=49.3ms scan_rx_age=25.2ms odom_age=8.2ms odom_rx_age=7.1ms sensor_skew=41.1ms loop_to_send=5.7ms
[go2:sport] DRY cmd#1437 seq=1469 v=0.894 w=-0.571 dt=40.0ms policy_zmq_lag=0.6ms action_age=49.7ms scan_age=49.1ms scan_rx_age=25.1ms odom_age=8.2ms odom_rx_age=7.1ms sensor_skew=40.9ms loop_to_send=5.7ms
[go2:sport] DRY cmd#1438 seq=1470 v=0.893 w=-0.576 dt=39.9ms policy_zmq_lag=0.6ms action_age=49.7ms scan_age=49.1ms scan_rx_age=25.3ms odom_age=8.1ms odom_rx_age=7.1ms sensor_skew=41.0ms loop_to_send=5.7ms
[go2:sport] DRY cmd#1439 seq=1471 v=0.893 w=-0.578 dt=41.4ms policy_zmq_lag=1.6ms action_age=51.3ms scan_age=49.7ms scan_rx_age=25.4ms odom_age=8.4ms odom_rx_age=7.4ms sensor_skew=41.2ms loop_to_send=6.0ms
[go2:sport] DRY cmd#1440 seq=1472 v=0.893 w=-0.573 dt=38.8ms policy_zmq_lag=0.6ms action_age=49.9ms scan_age=49.3ms scan_rx_age=25.7ms odom_age=8.3ms odom_rx_age=7.2ms sensor_skew=41.0ms loop_to_send=5.9ms
[go2:sport] DRY cmd#1441 seq=1473 v=0.893 w=-0.567 dt=40.2ms policy_zmq_lag=0.6ms action_age=50.3ms scan_age=49.7ms scan_rx_age=25.5ms odom_age=8.6ms odom_rx_age=7.6ms sensor_skew=41.1ms loop_to_send=6.0ms
[go2:sport] DRY cmd#1442 seq=1474 v=0.894 w=-0.570 dt=40.0ms policy_zmq_lag=0.7ms action_age=50.0ms scan_age=49.4ms scan_rx_age=23.0ms odom_age=11.8ms odom_rx_age=11.0ms sensor_skew=37.6ms loop_to_send=5.9ms
[go2:sport] DRY cmd#1443 seq=1475 v=0.893 w=-0.563 dt=48.3ms policy_zmq_lag=0.7ms action_age=58.5ms scan_age=57.8ms scan_rx_age=33.7ms odom_age=16.6ms odom_rx_age=15.3ms sensor_skew=41.2ms loop_to_send=12.8ms
[go2:sport] DRY cmd#1444 seq=1476 v=0.893 w=-0.561 dt=31.7ms policy_zmq_lag=0.8ms action_age=50.2ms scan_age=49.4ms scan_rx_age=25.1ms odom_age=8.3ms odom_rx_age=7.2ms sensor_skew=41.1ms loop_to_send=5.8ms
[go2:sport] DRY cmd#1445 seq=1477 v=0.894 w=-0.577 dt=39.9ms policy_zmq_lag=0.6ms action_age=50.1ms scan_age=49.5ms scan_rx_age=24.5ms odom_age=8.3ms odom_rx_age=7.4ms sensor_skew=41.1ms loop_to_send=5.8ms
[go2:sport] DRY cmd#1446 seq=1478 v=0.894 w=-0.567 dt=39.7ms policy_zmq_lag=0.6ms action_age=49.9ms scan_age=49.3ms scan_rx_age=25.8ms odom_age=8.3ms odom_rx_age=7.4ms sensor_skew=40.9ms loop_to_send=5.7ms
[go2:sport] DRY cmd#1447 seq=1479 v=0.894 w=-0.561 dt=39.6ms policy_zmq_lag=0.6ms action_age=49.3ms scan_age=48.7ms scan_rx_age=25.2ms odom_age=8.0ms odom_rx_age=7.1ms sensor_skew=40.7ms loop_to_send=5.6ms
[go2:sport] DRY cmd#1448 seq=1480 v=0.893 w=-0.558 dt=40.2ms policy_zmq_lag=0.6ms action_age=49.8ms scan_age=49.2ms scan_rx_age=25.5ms odom_age=8.1ms odom_rx_age=7.2ms sensor_skew=41.1ms loop_to_send=5.6ms
[go2:sport] DRY cmd#1449 seq=1481 v=0.893 w=-0.579 dt=40.1ms policy_zmq_lag=0.6ms action_age=49.8ms scan_age=49.2ms scan_rx_age=25.0ms odom_age=8.1ms odom_rx_age=7.1ms sensor_skew=41.1ms loop_to_send=5.6ms
[go2:sport] DRY cmd#1450 seq=1482 v=0.893 w=-0.572 dt=41.1ms policy_zmq_lag=0.8ms action_age=51.0ms scan_age=50.2ms scan_rx_age=25.9ms odom_age=15.7ms odom_rx_age=14.8ms sensor_skew=34.5ms loop_to_send=6.3ms
[go2:sport] DRY cmd#1451 seq=1483 v=0.893 w=-0.576 dt=40.3ms policy_zmq_lag=0.7ms action_age=51.2ms scan_age=50.5ms scan_rx_age=26.3ms odom_age=9.5ms odom_rx_age=8.2ms sensor_skew=41.0ms loop_to_send=6.6ms
[go2:sport] DRY cmd#1452 seq=1484 v=0.894 w=-0.578 dt=39.0ms policy_zmq_lag=0.7ms action_age=50.2ms scan_age=49.6ms scan_rx_age=24.6ms odom_age=8.6ms odom_rx_age=7.5ms sensor_skew=41.0ms loop_to_send=6.2ms
[go2:sport] DRY cmd#1453 seq=1485 v=0.894 w=-0.568 dt=40.0ms policy_zmq_lag=0.6ms action_age=50.3ms scan_age=49.6ms scan_rx_age=25.5ms odom_age=8.6ms odom_rx_age=7.5ms sensor_skew=41.0ms loop_to_send=6.1ms
[go2:sport] DRY cmd#1454 seq=1486 v=0.894 w=-0.574 dt=40.0ms policy_zmq_lag=0.7ms action_age=50.2ms scan_age=49.5ms scan_rx_age=25.0ms odom_age=8.6ms odom_rx_age=7.4ms sensor_skew=41.0ms loop_to_send=6.1ms
[go2:sport] DRY cmd#1455 seq=1487 v=0.894 w=-0.573 dt=39.9ms policy_zmq_lag=0.6ms action_age=50.3ms scan_age=49.6ms scan_rx_age=25.6ms odom_age=8.5ms odom_rx_age=7.3ms sensor_skew=41.1ms loop_to_send=6.0ms
[go2:sport] DRY cmd#1456 seq=1488 v=0.894 w=-0.569 dt=40.2ms policy_zmq_lag=0.6ms action_age=50.5ms scan_age=49.8ms scan_rx_age=25.9ms odom_age=8.8ms odom_rx_age=7.8ms sensor_skew=41.0ms loop_to_send=6.1ms
[go2:sport] DRY cmd#1457 seq=1489 v=0.894 w=-0.574 dt=40.0ms policy_zmq_lag=0.6ms action_age=50.2ms scan_age=49.6ms scan_rx_age=26.0ms odom_age=8.8ms odom_rx_age=7.9ms sensor_skew=40.7ms loop_to_send=6.2ms
[go2:sport] DRY cmd#1458 seq=1490 v=0.894 w=-0.572 dt=40.3ms policy_zmq_lag=0.6ms action_age=32.9ms scan_age=32.3ms scan_rx_age=7.1ms odom_age=9.0ms odom_rx_age=7.8ms sensor_skew=23.3ms loop_to_send=6.3ms
[go2:sport] DRY cmd#1459 seq=1491 v=0.894 w=-0.576 dt=40.4ms policy_zmq_lag=0.7ms action_age=53.3ms scan_age=52.7ms scan_rx_age=26.4ms odom_age=9.5ms odom_rx_age=8.3ms sensor_skew=43.1ms loop_to_send=6.7ms
[go2:sport] DRY cmd#1460 seq=1492 v=0.893 w=-0.565 dt=39.3ms policy_zmq_lag=0.6ms action_age=30.6ms scan_age=30.0ms scan_rx_age=6.6ms odom_age=8.9ms odom_rx_age=8.0ms sensor_skew=21.1ms loop_to_send=6.1ms
[go2:sport] DRY cmd#1461 seq=1493 v=0.893 w=-0.573 dt=42.6ms policy_zmq_lag=0.6ms action_age=53.3ms scan_age=52.6ms scan_rx_age=28.5ms odom_age=21.4ms odom_rx_age=19.3ms sensor_skew=31.3ms loop_to_send=6.5ms
[go2:sport] DRY cmd#1462 seq=1494 v=0.894 w=-0.586 dt=37.7ms policy_zmq_lag=0.7ms action_age=28.1ms scan_age=27.4ms scan_rx_age=7.0ms odom_age=9.0ms odom_rx_age=7.8ms sensor_skew=18.4ms loop_to_send=6.1ms
[go2:sport] DRY cmd#1463 seq=1495 v=0.893 w=-0.582 dt=39.3ms policy_zmq_lag=0.6ms action_age=51.3ms scan_age=50.7ms scan_rx_age=25.6ms odom_age=8.6ms odom_rx_age=7.4ms sensor_skew=42.2ms loop_to_send=6.1ms
[go2:sport] DRY cmd#1464 seq=1496 v=0.894 w=-0.568 dt=39.7ms policy_zmq_lag=0.6ms action_age=50.0ms scan_age=49.4ms scan_rx_age=25.5ms odom_age=8.2ms odom_rx_age=7.1ms sensor_skew=41.1ms loop_to_send=5.8ms
[go2:sport] DRY cmd#1465 seq=1497 v=0.894 w=-0.573 dt=40.4ms policy_zmq_lag=0.6ms action_age=50.5ms scan_age=49.9ms scan_rx_age=26.0ms odom_age=8.5ms odom_rx_age=7.3ms sensor_skew=41.4ms loop_to_send=5.8ms
[go2:sport] DRY cmd#1466 seq=1498 v=0.893 w=-0.561 dt=39.4ms policy_zmq_lag=0.6ms action_age=49.9ms scan_age=49.3ms scan_rx_age=26.2ms odom_age=8.2ms odom_rx_age=7.3ms sensor_skew=41.1ms loop_to_send=5.7ms
[go2:sport] DRY cmd#1467 seq=1499 v=0.894 w=-0.563 dt=39.9ms policy_zmq_lag=0.6ms action_age=49.7ms scan_age=49.1ms scan_rx_age=25.5ms odom_age=8.2ms odom_rx_age=7.2ms sensor_skew=40.9ms loop_to_send=5.6ms
[go2:sport] DRY cmd#1468 seq=1500 v=0.894 w=-0.573 dt=40.5ms policy_zmq_lag=0.6ms action_age=30.3ms scan_age=29.7ms scan_rx_age=6.2ms odom_age=8.6ms odom_rx_age=7.7ms sensor_skew=21.1ms loop_to_send=5.7ms
[go2:sport] DRY cmd#1469 seq=1501 v=0.894 w=-0.567 dt=39.8ms policy_zmq_lag=0.6ms action_age=50.1ms scan_age=49.4ms scan_rx_age=25.7ms odom_age=8.5ms odom_rx_age=7.3ms sensor_skew=40.9ms loop_to_send=5.9ms
[go2:sport] DRY cmd#1470 seq=1502 v=0.894 w=-0.570 dt=40.2ms policy_zmq_lag=0.6ms action_age=50.3ms scan_age=49.6ms scan_rx_age=25.9ms odom_age=8.6ms odom_rx_age=7.4ms sensor_skew=41.1ms loop_to_send=5.9ms
[go2:sport] DRY cmd#1471 seq=1503 v=0.894 w=-0.585 dt=39.6ms policy_zmq_lag=0.7ms action_age=49.8ms scan_age=49.1ms scan_rx_age=25.4ms odom_age=8.2ms odom_rx_age=7.1ms sensor_skew=40.9ms loop_to_send=5.8ms
[go2:sport] DRY cmd#1472 seq=1504 v=0.894 w=-0.568 dt=40.6ms policy_zmq_lag=0.7ms action_age=30.5ms scan_age=29.9ms scan_rx_age=6.3ms odom_age=8.9ms odom_rx_age=7.8ms sensor_skew=21.0ms loop_to_send=5.8ms
[go2:sport] DRY cmd#1473 seq=1505 v=0.894 w=-0.578 dt=39.6ms policy_zmq_lag=0.6ms action_age=50.1ms scan_age=49.5ms scan_rx_age=25.5ms odom_age=8.5ms odom_rx_age=7.3ms sensor_skew=41.0ms loop_to_send=5.9ms
[go2:sport] DRY cmd#1474 seq=1506 v=0.894 w=-0.573 dt=40.2ms policy_zmq_lag=0.6ms action_age=50.4ms scan_age=49.7ms scan_rx_age=25.9ms odom_age=7.4ms odom_rx_age=6.4ms sensor_skew=42.4ms loop_to_send=5.9ms
[go2:sport] DRY cmd#1475 seq=1507 v=0.894 w=-0.573 dt=39.3ms policy_zmq_lag=0.6ms action_age=49.6ms scan_age=49.0ms scan_rx_age=25.5ms odom_age=8.0ms odom_rx_age=6.9ms sensor_skew=41.1ms loop_to_send=5.6ms
[go2:sport] DRY cmd#1476 seq=1508 v=0.893 w=-0.574 dt=40.1ms policy_zmq_lag=0.6ms action_age=49.7ms scan_age=49.1ms scan_rx_age=25.3ms odom_age=8.1ms odom_rx_age=7.2ms sensor_skew=41.0ms loop_to_send=5.6ms
[go2:sport] DRY cmd#1477 seq=1509 v=0.893 w=-0.576 dt=40.2ms policy_zmq_lag=0.7ms action_age=49.7ms scan_age=49.0ms scan_rx_age=25.4ms odom_age=8.3ms odom_rx_age=7.3ms sensor_skew=40.7ms loop_to_send=5.7ms
[go2:sport] DRY cmd#1478 seq=1510 v=0.893 w=-0.574 dt=39.9ms policy_zmq_lag=0.6ms action_age=49.7ms scan_age=49.1ms scan_rx_age=25.5ms odom_age=8.2ms odom_rx_age=7.4ms sensor_skew=40.8ms loop_to_send=5.6ms
[go2:sport] DRY cmd#1479 seq=1511 v=0.894 w=-0.578 dt=40.6ms policy_zmq_lag=0.7ms action_age=50.3ms scan_age=49.7ms scan_rx_age=25.9ms odom_age=8.9ms odom_rx_age=7.7ms sensor_skew=40.8ms loop_to_send=6.3ms
[go2:sport] DRY cmd#1480 seq=1512 v=0.894 w=-0.579 dt=39.6ms policy_zmq_lag=0.7ms action_age=50.1ms scan_age=49.4ms scan_rx_age=25.2ms odom_age=8.5ms odom_rx_age=7.4ms sensor_skew=40.9ms loop_to_send=5.7ms
[go2:sport] DRY cmd#1481 seq=1513 v=0.894 w=-0.576 dt=40.2ms policy_zmq_lag=0.6ms action_age=50.2ms scan_age=49.6ms scan_rx_age=25.7ms odom_age=8.6ms odom_rx_age=7.5ms sensor_skew=41.0ms loop_to_send=6.1ms
[go2:sport] DRY cmd#1482 seq=1514 v=0.894 w=-0.573 dt=40.0ms policy_zmq_lag=0.6ms action_age=50.0ms scan_age=49.4ms scan_rx_age=25.1ms odom_age=8.7ms odom_rx_age=7.5ms sensor_skew=40.7ms loop_to_send=6.2ms
[go2:sport] DRY cmd#1483 seq=1515 v=0.894 w=-0.561 dt=40.6ms policy_zmq_lag=0.7ms action_age=50.8ms scan_age=50.1ms scan_rx_age=26.0ms odom_age=8.9ms odom_rx_age=7.7ms sensor_skew=41.2ms loop_to_send=6.3ms
[go2:sport] DRY cmd#1484 seq=1516 v=0.894 w=-0.568 dt=39.2ms policy_zmq_lag=0.7ms action_age=50.0ms scan_age=49.3ms scan_rx_age=24.6ms odom_age=8.5ms odom_rx_age=7.5ms sensor_skew=40.9ms loop_to_send=5.8ms
[go2:sport] DRY cmd#1485 seq=1517 v=0.894 w=-0.566 dt=40.0ms policy_zmq_lag=0.8ms action_age=50.1ms scan_age=49.3ms scan_rx_age=25.3ms odom_age=8.4ms odom_rx_age=7.2ms sensor_skew=40.9ms loop_to_send=5.8ms
[go2:sport] DRY cmd#1486 seq=1518 v=0.894 w=-0.582 dt=39.8ms policy_zmq_lag=0.7ms action_age=49.8ms scan_age=49.2ms scan_rx_age=25.1ms odom_age=8.2ms odom_rx_age=7.0ms sensor_skew=41.0ms loop_to_send=5.6ms
[go2:sport] DRY cmd#1487 seq=1519 v=0.894 w=-0.572 dt=40.5ms policy_zmq_lag=0.6ms action_age=50.1ms scan_age=49.4ms scan_rx_age=25.8ms odom_age=8.6ms odom_rx_age=7.5ms sensor_skew=40.8ms loop_to_send=5.8ms
[go2:sport] DRY cmd#1488 seq=1520 v=0.894 w=-0.570 dt=39.9ms policy_zmq_lag=0.7ms action_age=50.1ms scan_age=49.3ms scan_rx_age=25.7ms odom_age=8.6ms odom_rx_age=7.7ms sensor_skew=40.8ms loop_to_send=5.9ms
[go2:sport] DRY cmd#1489 seq=1521 v=0.894 w=-0.567 dt=40.5ms policy_zmq_lag=0.7ms action_age=50.7ms scan_age=50.0ms scan_rx_age=25.1ms odom_age=8.8ms odom_rx_age=7.9ms sensor_skew=41.1ms loop_to_send=6.2ms
[go2:sport] DRY cmd#1490 seq=1522 v=0.894 w=-0.579 dt=40.0ms policy_zmq_lag=0.7ms action_age=50.5ms scan_age=49.9ms scan_rx_age=24.1ms odom_age=9.0ms odom_rx_age=8.0ms sensor_skew=40.9ms loop_to_send=6.2ms
[go2:sport] DRY cmd#1491 seq=1523 v=0.894 w=-0.577 dt=39.9ms policy_zmq_lag=0.6ms action_age=50.6ms scan_age=49.9ms scan_rx_age=25.8ms odom_age=8.9ms odom_rx_age=7.8ms sensor_skew=41.0ms loop_to_send=6.1ms
[go2:sport] DRY cmd#1492 seq=1524 v=0.893 w=-0.575 dt=40.2ms policy_zmq_lag=0.7ms action_age=50.6ms scan_age=49.9ms scan_rx_age=25.5ms odom_age=9.2ms odom_rx_age=8.1ms sensor_skew=40.7ms loop_to_send=6.4ms
[go2:sport] DRY cmd#1493 seq=1525 v=0.893 w=-0.587 dt=40.5ms policy_zmq_lag=0.6ms action_age=51.2ms scan_age=50.6ms scan_rx_age=25.8ms odom_age=9.8ms odom_rx_age=8.7ms sensor_skew=40.8ms loop_to_send=6.9ms
[go2:sport] DRY cmd#1494 seq=1526 v=0.893 w=-0.581 dt=39.1ms policy_zmq_lag=0.6ms action_age=50.3ms scan_age=49.7ms scan_rx_age=25.1ms odom_age=8.8ms odom_rx_age=7.9ms sensor_skew=40.9ms loop_to_send=6.2ms
[go2:sport] DRY cmd#1495 seq=1527 v=0.893 w=-0.578 dt=39.6ms policy_zmq_lag=0.6ms action_age=49.9ms scan_age=49.2ms scan_rx_age=25.2ms odom_age=8.5ms odom_rx_age=7.6ms sensor_skew=40.8ms loop_to_send=5.8ms
[go2:sport] DRY cmd#1496 seq=1528 v=0.893 w=-0.577 dt=39.8ms policy_zmq_lag=0.6ms action_age=49.8ms scan_age=49.2ms scan_rx_age=24.4ms odom_age=8.2ms odom_rx_age=7.0ms sensor_skew=41.0ms loop_to_send=5.6ms
[go2:sport] DRY cmd#1497 seq=1529 v=0.894 w=-0.580 dt=40.2ms policy_zmq_lag=0.7ms action_age=49.9ms scan_age=49.2ms scan_rx_age=25.5ms odom_age=8.4ms odom_rx_age=7.2ms sensor_skew=40.8ms loop_to_send=5.9ms
[go2:sport] DRY cmd#1498 seq=1530 v=0.894 w=-0.580 dt=40.8ms policy_zmq_lag=0.7ms action_age=50.7ms scan_age=50.0ms scan_rx_age=25.3ms odom_age=9.3ms odom_rx_age=8.3ms sensor_skew=40.8ms loop_to_send=6.5ms
[go2:sport] DRY cmd#1499 seq=1531 v=0.893 w=-0.573 dt=39.3ms policy_zmq_lag=0.7ms action_age=49.9ms scan_age=49.3ms scan_rx_age=25.6ms odom_age=8.5ms odom_rx_age=7.6ms sensor_skew=40.8ms loop_to_send=5.9ms
[go2:sport] DRY cmd#1500 seq=1532 v=0.893 w=-0.566 dt=40.0ms policy_zmq_lag=0.7ms action_age=50.1ms scan_age=49.4ms scan_rx_age=25.5ms odom_age=8.5ms odom_rx_age=7.6ms sensor_skew=40.9ms loop_to_send=5.8ms
[go2:sport] DRY cmd#1501 seq=1533 v=0.894 w=-0.581 dt=40.1ms policy_zmq_lag=0.7ms action_age=50.1ms scan_age=49.4ms scan_rx_age=25.9ms odom_age=8.6ms odom_rx_age=7.5ms sensor_skew=40.9ms loop_to_send=5.9ms
[go2:sport] DRY cmd#1502 seq=1534 v=0.893 w=-0.573 dt=40.1ms policy_zmq_lag=0.6ms action_age=29.8ms scan_age=29.2ms scan_rx_age=6.2ms odom_age=8.8ms odom_rx_age=7.9ms sensor_skew=20.3ms loop_to_send=5.7ms
[go2:sport] DRY cmd#1503 seq=1535 v=0.893 w=-0.577 dt=39.7ms policy_zmq_lag=0.6ms action_age=49.9ms scan_age=49.3ms scan_rx_age=25.7ms odom_age=8.4ms odom_rx_age=7.4ms sensor_skew=40.9ms loop_to_send=5.8ms
[go2:sport] DRY cmd#1504 seq=1536 v=0.893 w=-0.582 dt=39.9ms policy_zmq_lag=0.6ms action_age=49.8ms scan_age=49.2ms scan_rx_age=25.2ms odom_age=8.4ms odom_rx_age=7.4ms sensor_skew=40.8ms loop_to_send=5.7ms
[go2:sport] DRY cmd#1505 seq=1537 v=0.894 w=-0.579 dt=40.5ms policy_zmq_lag=0.7ms action_age=50.3ms scan_age=49.6ms scan_rx_age=23.7ms odom_age=8.8ms odom_rx_age=7.7ms sensor_skew=40.9ms loop_to_send=5.9ms
[go2:sport] DRY cmd#1506 seq=1538 v=0.894 w=-0.570 dt=40.4ms policy_zmq_lag=0.7ms action_age=30.7ms scan_age=30.0ms scan_rx_age=6.5ms odom_age=9.2ms odom_rx_age=8.3ms sensor_skew=20.8ms loop_to_send=6.0ms
[go2:sport] DRY cmd#1507 seq=1539 v=0.893 w=-0.587 dt=40.2ms policy_zmq_lag=0.7ms action_age=50.8ms scan_age=50.1ms scan_rx_age=25.9ms odom_age=9.2ms odom_rx_age=8.0ms sensor_skew=40.8ms loop_to_send=6.6ms
[go2:sport] DRY cmd#1508 seq=1540 v=0.894 w=-0.575 dt=39.4ms policy_zmq_lag=0.6ms action_age=50.3ms scan_age=49.7ms scan_rx_age=25.7ms odom_age=8.6ms odom_rx_age=7.5ms sensor_skew=41.1ms loop_to_send=6.2ms
[go2:sport] DRY cmd#1509 seq=1541 v=0.893 w=-0.581 dt=40.0ms policy_zmq_lag=0.6ms action_age=30.0ms scan_age=29.4ms scan_rx_age=6.2ms odom_age=8.9ms odom_rx_age=8.0ms sensor_skew=20.5ms loop_to_send=5.8ms
[go2:sport] DRY cmd#1510 seq=1542 v=0.893 w=-0.574 dt=39.4ms policy_zmq_lag=0.6ms action_age=49.8ms scan_age=49.2ms scan_rx_age=25.0ms odom_age=8.3ms odom_rx_age=7.3ms sensor_skew=40.9ms loop_to_send=5.7ms
[go2:sport] DRY cmd#1511 seq=1543 v=0.893 w=-0.573 dt=40.5ms policy_zmq_lag=0.6ms action_age=30.3ms scan_age=29.7ms scan_rx_age=6.1ms odom_age=8.8ms odom_rx_age=7.8ms sensor_skew=21.0ms loop_to_send=5.6ms
[go2:sport] DRY cmd#1512 seq=1544 v=0.893 w=-0.575 dt=39.8ms policy_zmq_lag=0.6ms action_age=30.1ms scan_age=29.5ms scan_rx_age=6.0ms odom_age=8.7ms odom_rx_age=7.8ms sensor_skew=20.8ms loop_to_send=5.6ms
[go2:sport] DRY cmd#1513 seq=1545 v=0.893 w=-0.586 dt=39.8ms policy_zmq_lag=0.6ms action_age=29.9ms scan_age=29.3ms scan_rx_age=5.9ms odom_age=8.5ms odom_rx_age=7.5ms sensor_skew=20.8ms loop_to_send=5.5ms
[go2:sport] DRY cmd#1514 seq=1546 v=0.893 w=-0.583 dt=40.0ms policy_zmq_lag=0.6ms action_age=29.7ms scan_age=29.1ms scan_rx_age=5.9ms odom_age=8.4ms odom_rx_age=7.5ms sensor_skew=20.7ms loop_to_send=5.5ms
[go2:sport] DRY cmd#1515 seq=1547 v=0.893 w=-0.560 dt=39.9ms policy_zmq_lag=0.6ms action_age=29.8ms scan_age=29.2ms scan_rx_age=5.9ms odom_age=8.3ms odom_rx_age=7.5ms sensor_skew=20.9ms loop_to_send=5.4ms
[go2:sport] DRY cmd#1516 seq=1548 v=0.893 w=-0.563 dt=40.0ms policy_zmq_lag=0.6ms action_age=49.8ms scan_age=49.1ms scan_rx_age=25.7ms odom_age=8.3ms odom_rx_age=7.3ms sensor_skew=40.8ms loop_to_send=5.6ms
[go2:sport] DRY cmd#1517 seq=1549 v=0.893 w=-0.557 dt=40.3ms policy_zmq_lag=0.6ms action_age=30.1ms scan_age=29.5ms scan_rx_age=6.0ms odom_age=8.7ms odom_rx_age=7.7ms sensor_skew=20.9ms loop_to_send=5.5ms
[go2:sport] DRY cmd#1518 seq=1550 v=0.894 w=-0.580 dt=40.3ms policy_zmq_lag=0.8ms action_age=30.4ms scan_age=29.6ms scan_rx_age=6.4ms odom_age=8.9ms odom_rx_age=7.8ms sensor_skew=20.7ms loop_to_send=5.9ms
[go2:sport] DRY cmd#1519 seq=1551 v=0.894 w=-0.574 dt=39.7ms policy_zmq_lag=0.8ms action_age=50.3ms scan_age=49.5ms scan_rx_age=23.4ms odom_age=8.6ms odom_rx_age=7.6ms sensor_skew=40.9ms loop_to_send=5.9ms
[go2:sport] DRY cmd#1520 seq=1552 v=0.894 w=-0.573 dt=39.9ms policy_zmq_lag=0.6ms action_age=50.1ms scan_age=49.4ms scan_rx_age=25.1ms odom_age=8.7ms odom_rx_age=7.7ms sensor_skew=40.7ms loop_to_send=5.9ms
[go2:sport] DRY cmd#1521 seq=1553 v=0.893 w=-0.570 dt=39.8ms policy_zmq_lag=0.6ms action_age=49.8ms scan_age=49.2ms scan_rx_age=25.5ms odom_age=8.5ms odom_rx_age=7.5ms sensor_skew=40.7ms loop_to_send=5.7ms
[go2:sport] DRY cmd#1522 seq=1554 v=0.893 w=-0.575 dt=44.9ms policy_zmq_lag=0.6ms action_age=54.5ms scan_age=53.9ms scan_rx_age=30.1ms odom_age=13.4ms odom_rx_age=12.3ms sensor_skew=40.5ms loop_to_send=10.4ms
[go2:sport] DRY cmd#1523 seq=1555 v=0.894 w=-0.567 dt=35.5ms policy_zmq_lag=0.6ms action_age=50.1ms scan_age=49.5ms scan_rx_age=25.8ms odom_age=8.9ms odom_rx_age=7.7ms sensor_skew=40.6ms loop_to_send=6.0ms
[go2:sport] DRY cmd#1524 seq=1556 v=0.893 w=-0.578 dt=39.5ms policy_zmq_lag=0.6ms action_age=49.7ms scan_age=49.1ms scan_rx_age=25.0ms odom_age=8.4ms odom_rx_age=7.4ms sensor_skew=40.7ms loop_to_send=5.6ms
[go2:sport] DRY cmd#1525 seq=1557 v=0.893 w=-0.580 dt=40.1ms policy_zmq_lag=0.6ms action_age=49.8ms scan_age=49.2ms scan_rx_age=25.3ms odom_age=8.4ms odom_rx_age=7.3ms sensor_skew=40.8ms loop_to_send=5.5ms
[go2:sport] DRY cmd#1526 seq=1558 v=0.893 w=-0.584 dt=39.9ms policy_zmq_lag=0.6ms action_age=49.8ms scan_age=49.1ms scan_rx_age=25.0ms odom_age=8.4ms odom_rx_age=7.3ms sensor_skew=40.7ms loop_to_send=5.6ms
[go2:sport] DRY cmd#1527 seq=1559 v=0.893 w=-0.574 dt=40.2ms policy_zmq_lag=0.6ms action_age=49.6ms scan_age=49.0ms scan_rx_age=25.3ms odom_age=8.5ms odom_rx_age=7.4ms sensor_skew=40.5ms loop_to_send=5.7ms
[go2:sport] DRY cmd#1528 seq=1560 v=0.893 w=-0.572 dt=39.8ms policy_zmq_lag=0.6ms action_age=49.7ms scan_age=49.1ms scan_rx_age=25.3ms odom_age=8.3ms odom_rx_age=7.3ms sensor_skew=40.8ms loop_to_send=5.5ms
[go2:sport] DRY cmd#1529 seq=1561 v=0.894 w=-0.567 dt=40.0ms policy_zmq_lag=0.6ms action_age=49.7ms scan_age=49.1ms scan_rx_age=25.0ms odom_age=8.4ms odom_rx_age=7.3ms sensor_skew=40.7ms loop_to_send=5.5ms
[go2:sport] DRY cmd#1530 seq=1562 v=0.894 w=-0.568 dt=40.0ms policy_zmq_lag=0.6ms action_age=49.7ms scan_age=49.0ms scan_rx_age=25.0ms odom_age=8.3ms odom_rx_age=7.4ms sensor_skew=40.7ms loop_to_send=5.5ms
[go2:sport] DRY cmd#1531 seq=1563 v=0.894 w=-0.576 dt=40.6ms policy_zmq_lag=0.7ms action_age=50.3ms scan_age=49.6ms scan_rx_age=25.7ms odom_age=9.0ms odom_rx_age=7.9ms sensor_skew=40.6ms loop_to_send=6.1ms
[go2:sport] DRY cmd#1532 seq=1564 v=0.894 w=-0.582 dt=39.8ms policy_zmq_lag=0.8ms action_age=49.9ms scan_age=49.1ms scan_rx_age=25.4ms odom_age=8.7ms odom_rx_age=7.7ms sensor_skew=40.4ms loop_to_send=5.8ms
[go2:sport] DRY cmd#1533 seq=1565 v=0.894 w=-0.572 dt=39.8ms policy_zmq_lag=0.7ms action_age=50.0ms scan_age=49.3ms scan_rx_age=25.3ms odom_age=8.5ms odom_rx_age=7.5ms sensor_skew=40.8ms loop_to_send=5.8ms
[go2:sport] DRY cmd#1534 seq=1566 v=0.893 w=-0.574 dt=40.1ms policy_zmq_lag=0.8ms action_age=50.2ms scan_age=49.5ms scan_rx_age=25.0ms odom_age=8.6ms odom_rx_age=7.5ms sensor_skew=40.9ms loop_to_send=5.8ms
[go2:sport] DRY cmd#1535 seq=1567 v=0.893 w=-0.572 dt=39.9ms policy_zmq_lag=0.7ms action_age=50.0ms scan_age=49.3ms scan_rx_age=25.5ms odom_age=8.5ms odom_rx_age=7.4ms sensor_skew=40.8ms loop_to_send=5.7ms
[go2:sport] DRY cmd#1536 seq=1568 v=0.894 w=-0.576 dt=39.6ms policy_zmq_lag=0.6ms action_age=49.7ms scan_age=49.0ms scan_rx_age=24.9ms odom_age=8.4ms odom_rx_age=7.4ms sensor_skew=40.7ms loop_to_send=5.5ms
[go2:sport] DRY cmd#1537 seq=1569 v=0.893 w=-0.574 dt=40.5ms policy_zmq_lag=0.7ms action_age=49.8ms scan_age=49.1ms scan_rx_age=25.5ms odom_age=8.8ms odom_rx_age=7.8ms sensor_skew=40.4ms loop_to_send=5.9ms
[go2:sport] DRY cmd#1538 seq=1570 v=0.893 w=-0.576 dt=39.6ms policy_zmq_lag=0.6ms action_age=49.7ms scan_age=49.1ms scan_rx_age=25.0ms odom_age=8.4ms odom_rx_age=7.3ms sensor_skew=40.7ms loop_to_send=5.6ms
[go2:sport] DRY cmd#1539 seq=1571 v=0.894 w=-0.572 dt=40.0ms policy_zmq_lag=0.6ms action_age=49.7ms scan_age=49.0ms scan_rx_age=24.8ms odom_age=8.3ms odom_rx_age=7.3ms sensor_skew=40.7ms loop_to_send=5.6ms
[go2:sport] DRY cmd#1540 seq=1572 v=0.894 w=-0.569 dt=40.0ms policy_zmq_lag=0.7ms action_age=49.6ms scan_age=48.9ms scan_rx_age=25.1ms odom_age=8.3ms odom_rx_age=7.3ms sensor_skew=40.6ms loop_to_send=5.5ms
[go2:sport] DRY cmd#1541 seq=1573 v=0.894 w=-0.576 dt=40.3ms policy_zmq_lag=0.7ms action_age=50.0ms scan_age=49.3ms scan_rx_age=25.2ms odom_age=8.6ms odom_rx_age=7.5ms sensor_skew=40.6ms loop_to_send=5.7ms
[go2:sport] DRY cmd#1542 seq=1574 v=0.893 w=-0.577 dt=39.7ms policy_zmq_lag=0.6ms action_age=49.6ms scan_age=48.9ms scan_rx_age=24.8ms odom_age=8.5ms odom_rx_age=7.5ms sensor_skew=40.5ms loop_to_send=5.6ms
[go2:sport] DRY cmd#1543 seq=1575 v=0.893 w=-0.585 dt=40.1ms policy_zmq_lag=0.6ms action_age=49.8ms scan_age=49.2ms scan_rx_age=25.1ms odom_age=8.6ms odom_rx_age=7.6ms sensor_skew=40.6ms loop_to_send=5.7ms
[go2:sport] DRY cmd#1544 seq=1576 v=0.894 w=-0.564 dt=40.1ms policy_zmq_lag=0.6ms action_age=49.9ms scan_age=49.3ms scan_rx_age=25.0ms odom_age=8.7ms odom_rx_age=7.8ms sensor_skew=40.6ms loop_to_send=5.8ms
[go2:sport] DRY cmd#1545 seq=1577 v=0.893 w=-0.579 dt=39.8ms policy_zmq_lag=0.6ms action_age=49.7ms scan_age=49.1ms scan_rx_age=23.6ms odom_age=8.1ms odom_rx_age=7.0ms sensor_skew=41.0ms loop_to_send=5.7ms
[go2:sport] DRY cmd#1546 seq=1578 v=0.893 w=-0.577 dt=40.8ms policy_zmq_lag=0.7ms action_age=50.5ms scan_age=49.7ms scan_rx_age=25.2ms odom_age=9.2ms odom_rx_age=8.3ms sensor_skew=40.5ms loop_to_send=6.3ms
[go2:sport] DRY cmd#1547 seq=1579 v=0.893 w=-0.583 dt=39.0ms policy_zmq_lag=0.6ms action_age=49.4ms scan_age=48.8ms scan_rx_age=24.9ms odom_age=8.2ms odom_rx_age=7.1ms sensor_skew=40.6ms loop_to_send=5.5ms
[go2:sport] DRY cmd#1548 seq=1580 v=0.894 w=-0.583 dt=40.2ms policy_zmq_lag=0.6ms action_age=49.8ms scan_age=49.1ms scan_rx_age=25.4ms odom_age=8.4ms odom_rx_age=7.3ms sensor_skew=40.8ms loop_to_send=5.6ms
[go2:sport] DRY cmd#1549 seq=1581 v=0.894 w=-0.568 dt=40.1ms policy_zmq_lag=0.6ms action_age=49.8ms scan_age=49.2ms scan_rx_age=25.0ms odom_age=8.5ms odom_rx_age=7.4ms sensor_skew=40.8ms loop_to_send=5.7ms
[go2:sport] DRY cmd#1550 seq=1582 v=0.894 w=-0.576 dt=39.7ms policy_zmq_lag=0.6ms action_age=49.5ms scan_age=49.0ms scan_rx_age=25.1ms odom_age=8.2ms odom_rx_age=7.1ms sensor_skew=40.8ms loop_to_send=5.4ms
[go2:sport] DRY cmd#1551 seq=1583 v=0.894 w=-0.573 dt=40.0ms policy_zmq_lag=0.6ms action_age=49.4ms scan_age=48.8ms scan_rx_age=25.3ms odom_age=8.3ms odom_rx_age=7.4ms sensor_skew=40.5ms loop_to_send=5.4ms
[go2:sport] DRY cmd#1552 seq=1584 v=0.894 w=-0.567 dt=40.1ms policy_zmq_lag=0.6ms action_age=49.4ms scan_age=48.8ms scan_rx_age=25.4ms odom_age=8.4ms odom_rx_age=7.5ms sensor_skew=40.4ms loop_to_send=5.4ms
[go2:sport] DRY cmd#1553 seq=1585 v=0.893 w=-0.573 dt=40.0ms policy_zmq_lag=0.6ms action_age=49.5ms scan_age=48.9ms scan_rx_age=25.3ms odom_age=8.4ms odom_rx_age=7.5ms sensor_skew=40.5ms loop_to_send=5.5ms
[go2:sport] DRY cmd#1554 seq=1586 v=0.894 w=-0.567 dt=40.0ms policy_zmq_lag=0.6ms action_age=49.6ms scan_age=49.0ms scan_rx_age=24.9ms odom_age=8.5ms odom_rx_age=7.5ms sensor_skew=40.5ms loop_to_send=5.5ms
[go2:sport] DRY cmd#1555 seq=1587 v=0.894 w=-0.571 dt=40.0ms policy_zmq_lag=0.6ms action_age=49.6ms scan_age=49.0ms scan_rx_age=25.5ms odom_age=8.5ms odom_rx_age=7.4ms sensor_skew=40.6ms loop_to_send=5.6ms
[go2:sport] DRY cmd#1556 seq=1588 v=0.893 w=-0.574 dt=40.5ms policy_zmq_lag=0.7ms action_age=50.3ms scan_age=49.5ms scan_rx_age=25.3ms odom_age=9.0ms odom_rx_age=7.8ms sensor_skew=40.6ms loop_to_send=5.8ms
[go2:sport] DRY cmd#1557 seq=1589 v=0.893 w=-0.570 dt=40.0ms policy_zmq_lag=0.7ms action_age=50.0ms scan_age=49.3ms scan_rx_age=24.9ms odom_age=9.0ms odom_rx_age=7.9ms sensor_skew=40.4ms loop_to_send=6.0ms
[go2:sport] DRY cmd#1558 seq=1590 v=0.894 w=-0.561 dt=39.8ms policy_zmq_lag=0.6ms action_age=30.0ms scan_age=29.4ms scan_rx_age=6.0ms odom_age=8.8ms odom_rx_age=7.8ms sensor_skew=20.6ms loop_to_send=5.5ms
[go2:sport] DRY cmd#1559 seq=1591 v=0.894 w=-0.566 dt=39.9ms policy_zmq_lag=0.6ms action_age=49.9ms scan_age=49.3ms scan_rx_age=25.4ms odom_age=8.7ms odom_rx_age=7.6ms sensor_skew=40.6ms loop_to_send=5.8ms
[go2:sport] DRY cmd#1560 seq=1592 v=0.894 w=-0.565 dt=40.4ms policy_zmq_lag=0.6ms action_age=30.4ms scan_age=29.8ms scan_rx_age=6.2ms odom_age=9.1ms odom_rx_age=8.1ms sensor_skew=20.7ms loop_to_send=5.7ms
[go2:sport] DRY cmd#1561 seq=1593 v=0.893 w=-0.578 dt=39.3ms policy_zmq_lag=0.6ms action_age=49.6ms scan_age=49.0ms scan_rx_age=25.4ms odom_age=8.5ms odom_rx_age=7.6ms sensor_skew=40.4ms loop_to_send=5.5ms
[go2:sport] DRY cmd#1562 seq=1594 v=0.893 w=-0.580 dt=40.0ms policy_zmq_lag=0.6ms action_age=49.5ms scan_age=48.9ms scan_rx_age=25.3ms odom_age=8.7ms odom_rx_age=7.8ms sensor_skew=40.2ms loop_to_send=5.6ms
[go2:sport] DRY cmd#1563 seq=1595 v=0.893 w=-0.575 dt=40.1ms policy_zmq_lag=0.6ms action_age=49.7ms scan_age=49.1ms scan_rx_age=25.5ms odom_age=8.6ms odom_rx_age=7.6ms sensor_skew=40.5ms loop_to_send=5.7ms
[go2:sport] DRY cmd#1564 seq=1596 v=0.893 w=-0.579 dt=39.8ms policy_zmq_lag=0.6ms action_age=49.7ms scan_age=49.0ms scan_rx_age=24.7ms odom_age=8.4ms odom_rx_age=7.4ms sensor_skew=40.6ms loop_to_send=5.5ms
[go2:sport] DRY cmd#1565 seq=1597 v=0.894 w=-0.575 dt=40.4ms policy_zmq_lag=0.8ms action_age=50.1ms scan_age=49.3ms scan_rx_age=25.6ms odom_age=8.8ms odom_rx_age=8.0ms sensor_skew=40.5ms loop_to_send=5.7ms
[go2:sport] DRY cmd#1566 seq=1598 v=0.894 w=-0.556 dt=39.7ms policy_zmq_lag=0.6ms action_age=49.7ms scan_age=49.1ms scan_rx_age=25.5ms odom_age=8.8ms odom_rx_age=7.8ms sensor_skew=40.4ms loop_to_send=5.7ms
[go2:sport] DRY cmd#1567 seq=1599 v=0.894 w=-0.559 dt=40.1ms policy_zmq_lag=0.7ms action_age=49.8ms scan_age=49.1ms scan_rx_age=25.6ms odom_age=8.7ms odom_rx_age=7.8ms sensor_skew=40.4ms loop_to_send=5.7ms
[go2:sport] DRY cmd#1568 seq=1600 v=0.894 w=-0.567 dt=40.2ms policy_zmq_lag=0.6ms action_age=50.0ms scan_age=49.4ms scan_rx_age=25.9ms odom_age=8.7ms odom_rx_age=7.4ms sensor_skew=40.6ms loop_to_send=5.8ms
[go2:sport] DRY cmd#1569 seq=1601 v=0.894 w=-0.569 dt=40.8ms policy_zmq_lag=0.7ms action_age=30.7ms scan_age=30.1ms scan_rx_age=6.7ms odom_age=9.7ms odom_rx_age=8.7ms sensor_skew=20.4ms loop_to_send=6.1ms
[go2:sport] DRY cmd#1570 seq=1602 v=0.894 w=-0.560 dt=39.5ms policy_zmq_lag=0.6ms action_age=30.3ms scan_age=29.8ms scan_rx_age=6.3ms odom_age=8.9ms odom_rx_age=7.8ms sensor_skew=20.8ms loop_to_send=5.8ms
[go2:sport] DRY cmd#1571 seq=1603 v=0.894 w=-0.564 dt=39.3ms policy_zmq_lag=0.6ms action_age=29.6ms scan_age=29.0ms scan_rx_age=6.1ms odom_age=8.5ms odom_rx_age=7.7ms sensor_skew=20.6ms loop_to_send=5.6ms
[go2:sport] DRY cmd#1572 seq=1604 v=0.894 w=-0.559 dt=40.4ms policy_zmq_lag=0.6ms action_age=30.0ms scan_age=29.4ms scan_rx_age=5.9ms odom_age=8.9ms odom_rx_age=8.0ms sensor_skew=20.5ms loop_to_send=5.5ms
[go2:sport] DRY cmd#1573 seq=1605 v=0.893 w=-0.565 dt=40.6ms policy_zmq_lag=0.6ms action_age=30.6ms scan_age=30.0ms scan_rx_age=6.4ms odom_age=9.5ms odom_rx_age=8.5ms sensor_skew=20.5ms loop_to_send=5.9ms
[go2:sport] DRY cmd#1574 seq=1606 v=0.894 w=-0.575 dt=39.6ms policy_zmq_lag=0.6ms action_age=30.2ms scan_age=29.6ms scan_rx_age=6.2ms odom_age=9.1ms odom_rx_age=8.1ms sensor_skew=20.4ms loop_to_send=5.7ms
[go2:sport] DRY cmd#1575 seq=1607 v=0.894 w=-0.570 dt=39.8ms policy_zmq_lag=0.7ms action_age=50.0ms scan_age=49.3ms scan_rx_age=25.7ms odom_age=8.8ms odom_rx_age=7.8ms sensor_skew=40.5ms loop_to_send=5.9ms
[go2:sport] DRY cmd#1576 seq=1608 v=0.894 w=-0.583 dt=40.2ms policy_zmq_lag=0.8ms action_age=50.2ms scan_age=49.5ms scan_rx_age=25.7ms odom_age=9.0ms odom_rx_age=8.0ms sensor_skew=40.5ms loop_to_send=5.9ms
[go2:sport] DRY cmd#1577 seq=1609 v=0.893 w=-0.572 dt=39.9ms policy_zmq_lag=0.7ms action_age=50.0ms scan_age=49.2ms scan_rx_age=25.7ms odom_age=9.0ms odom_rx_age=8.0ms sensor_skew=40.3ms loop_to_send=5.9ms
[go2:sport] DRY cmd#1578 seq=1610 v=0.893 w=-0.579 dt=39.4ms policy_zmq_lag=0.6ms action_age=49.4ms scan_age=48.8ms scan_rx_age=25.2ms odom_age=8.1ms odom_rx_age=7.1ms sensor_skew=40.7ms loop_to_send=5.5ms
[go2:sport] DRY cmd#1579 seq=1611 v=0.893 w=-0.574 dt=40.4ms policy_zmq_lag=0.7ms action_age=50.0ms scan_age=49.3ms scan_rx_age=25.4ms odom_age=8.8ms odom_rx_age=7.7ms sensor_skew=40.6ms loop_to_send=5.8ms
[go2:sport] DRY cmd#1580 seq=1612 v=0.893 w=-0.576 dt=39.9ms policy_zmq_lag=0.7ms action_age=49.9ms scan_age=49.2ms scan_rx_age=24.5ms odom_age=8.8ms odom_rx_age=7.9ms sensor_skew=40.4ms loop_to_send=5.6ms
[go2:sport] DRY cmd#1581 seq=1613 v=0.893 w=-0.573 dt=40.2ms policy_zmq_lag=0.6ms action_age=29.9ms scan_age=29.2ms scan_rx_age=6.5ms odom_age=8.9ms odom_rx_age=7.8ms sensor_skew=20.4ms loop_to_send=5.6ms
[go2:sport] DRY cmd#1582 seq=1614 v=0.894 w=-0.578 dt=40.0ms policy_zmq_lag=0.7ms action_age=51.0ms scan_age=50.3ms scan_rx_age=25.1ms odom_age=9.0ms odom_rx_age=7.9ms sensor_skew=41.3ms loop_to_send=5.9ms
[go2:sport] DRY cmd#1583 seq=1615 v=0.893 w=-0.580 dt=40.1ms policy_zmq_lag=0.6ms action_age=50.1ms scan_age=49.4ms scan_rx_age=25.5ms odom_age=8.7ms odom_rx_age=7.6ms sensor_skew=40.8ms loop_to_send=5.8ms
[go2:sport] DRY cmd#1584 seq=1616 v=0.894 w=-0.570 dt=40.3ms policy_zmq_lag=0.7ms action_age=50.4ms scan_age=49.7ms scan_rx_age=25.5ms odom_age=9.2ms odom_rx_age=8.2ms sensor_skew=40.5ms loop_to_send=6.2ms
[go2:sport] DRY cmd#1585 seq=1617 v=0.894 w=-0.575 dt=39.3ms policy_zmq_lag=0.6ms action_age=49.8ms scan_age=49.1ms scan_rx_age=25.2ms odom_age=8.5ms odom_rx_age=7.5ms sensor_skew=40.6ms loop_to_send=5.6ms
[go2:sport] DRY cmd#1586 seq=1618 v=0.894 w=-0.564 dt=40.1ms policy_zmq_lag=0.7ms action_age=49.7ms scan_age=49.0ms scan_rx_age=25.3ms odom_age=8.6ms odom_rx_age=7.7ms sensor_skew=40.4ms loop_to_send=5.5ms
[go2:sport] DRY cmd#1587 seq=1619 v=0.894 w=-0.562 dt=39.9ms policy_zmq_lag=0.7ms action_age=49.6ms scan_age=48.9ms scan_rx_age=25.0ms odom_age=8.6ms odom_rx_age=7.6ms sensor_skew=40.3ms loop_to_send=5.5ms
[go2:sport] DRY cmd#1588 seq=1620 v=0.893 w=-0.564 dt=40.0ms policy_zmq_lag=0.6ms action_age=49.7ms scan_age=49.0ms scan_rx_age=25.0ms odom_age=8.7ms odom_rx_age=7.7ms sensor_skew=40.4ms loop_to_send=5.6ms
[go2:sport] DRY cmd#1589 seq=1621 v=0.893 w=-0.578 dt=40.2ms policy_zmq_lag=0.6ms action_age=50.0ms scan_age=49.4ms scan_rx_age=25.2ms odom_age=8.9ms odom_rx_age=7.9ms sensor_skew=40.5ms loop_to_send=5.8ms
[go2:sport] DRY cmd#1590 seq=1622 v=0.894 w=-0.581 dt=40.4ms policy_zmq_lag=0.6ms action_age=30.3ms scan_age=29.6ms scan_rx_age=6.2ms odom_age=9.3ms odom_rx_age=8.3ms sensor_skew=20.3ms loop_to_send=5.7ms
[go2:sport] DRY cmd#1591 seq=1623 v=0.894 w=-0.576 dt=39.5ms policy_zmq_lag=0.6ms action_age=49.8ms scan_age=49.2ms scan_rx_age=25.1ms odom_age=8.8ms odom_rx_age=7.9ms sensor_skew=40.4ms loop_to_send=5.7ms
[go2:sport] DRY cmd#1592 seq=1624 v=0.893 w=-0.581 dt=42.2ms policy_zmq_lag=2.7ms action_age=51.9ms scan_age=49.2ms scan_rx_age=25.4ms odom_age=8.9ms odom_rx_age=7.9ms sensor_skew=40.3ms loop_to_send=5.9ms
[go2:sport] DRY cmd#1593 seq=1625 v=0.893 w=-0.573 dt=37.6ms policy_zmq_lag=0.6ms action_age=49.6ms scan_age=49.0ms scan_rx_age=25.0ms odom_age=8.5ms odom_rx_age=7.6ms sensor_skew=40.4ms loop_to_send=5.5ms
[go2:sport] DRY cmd#1594 seq=1626 v=0.893 w=-0.586 dt=41.1ms policy_zmq_lag=0.8ms action_age=50.6ms scan_age=49.8ms scan_rx_age=25.7ms odom_age=9.5ms odom_rx_age=8.5ms sensor_skew=40.2ms loop_to_send=6.3ms
[go2:sport] DRY cmd#1595 seq=1627 v=0.893 w=-0.584 dt=39.9ms policy_zmq_lag=0.8ms action_age=50.6ms scan_age=49.8ms scan_rx_age=24.2ms odom_age=9.6ms odom_rx_age=8.6ms sensor_skew=40.2ms loop_to_send=6.3ms
[go2:sport] DRY cmd#1596 seq=1628 v=0.893 w=-0.578 dt=39.0ms policy_zmq_lag=0.6ms action_age=49.7ms scan_age=49.1ms scan_rx_age=23.3ms odom_age=8.6ms odom_rx_age=7.7ms sensor_skew=40.5ms loop_to_send=5.5ms
[go2:sport] DRY cmd#1597 seq=1629 v=0.894 w=-0.588 dt=40.0ms policy_zmq_lag=0.6ms action_age=49.6ms scan_age=48.9ms scan_rx_age=24.8ms odom_age=8.7ms odom_rx_age=7.7ms sensor_skew=40.3ms loop_to_send=5.5ms
[go2:sport] DRY cmd#1598 seq=1630 v=0.894 w=-0.574 dt=39.9ms policy_zmq_lag=0.6ms action_age=49.6ms scan_age=48.9ms scan_rx_age=25.2ms odom_age=8.5ms odom_rx_age=7.6ms sensor_skew=40.4ms loop_to_send=5.4ms
[go2:sport] DRY cmd#1599 seq=1631 v=0.894 w=-0.575 dt=40.3ms policy_zmq_lag=0.6ms action_age=49.9ms scan_age=49.3ms scan_rx_age=25.5ms odom_age=8.8ms odom_rx_age=7.7ms sensor_skew=40.5ms loop_to_send=5.7ms
[go2:sport] DRY cmd#1600 seq=1632 v=0.894 w=-0.575 dt=40.2ms policy_zmq_lag=0.8ms action_age=50.0ms scan_age=49.2ms scan_rx_age=25.6ms odom_age=8.8ms odom_rx_age=7.7ms sensor_skew=40.4ms loop_to_send=5.8ms
[go2:sport] DRY cmd#1601 seq=1633 v=0.893 w=-0.574 dt=40.6ms policy_zmq_lag=0.6ms action_age=50.7ms scan_age=50.1ms scan_rx_age=24.8ms odom_age=9.7ms odom_rx_age=8.6ms sensor_skew=40.5ms loop_to_send=6.6ms
[go2:sport] DRY cmd#1602 seq=1634 v=0.894 w=-0.570 dt=39.3ms policy_zmq_lag=0.6ms action_age=49.8ms scan_age=49.2ms scan_rx_age=25.4ms odom_age=9.0ms odom_rx_age=8.1ms sensor_skew=40.2ms loop_to_send=5.9ms
[go2:sport] DRY cmd#1603 seq=1635 v=0.893 w=-0.581 dt=40.0ms policy_zmq_lag=0.6ms action_age=50.0ms scan_age=49.4ms scan_rx_age=25.6ms odom_age=9.1ms odom_rx_age=8.1ms sensor_skew=40.3ms loop_to_send=5.9ms
[go2:sport] DRY cmd#1604 seq=1636 v=0.893 w=-0.580 dt=40.4ms policy_zmq_lag=0.6ms action_age=30.2ms scan_age=29.6ms scan_rx_age=6.3ms odom_age=9.4ms odom_rx_age=8.3ms sensor_skew=20.2ms loop_to_send=5.8ms
[go2:sport] DRY cmd#1605 seq=1637 v=0.894 w=-0.571 dt=39.5ms policy_zmq_lag=0.6ms action_age=49.9ms scan_age=49.3ms scan_rx_age=25.5ms odom_age=9.0ms odom_rx_age=8.1ms sensor_skew=40.3ms loop_to_send=5.8ms
[go2:sport] DRY cmd#1606 seq=1638 v=0.894 w=-0.566 dt=40.1ms policy_zmq_lag=0.7ms action_age=49.9ms scan_age=49.3ms scan_rx_age=25.7ms odom_age=9.0ms odom_rx_age=8.0ms sensor_skew=40.3ms loop_to_send=5.8ms
[go2:sport] DRY cmd#1607 seq=1639 v=0.894 w=-0.577 dt=40.4ms policy_zmq_lag=0.6ms action_age=30.6ms scan_age=29.9ms scan_rx_age=6.4ms odom_age=9.4ms odom_rx_age=8.4ms sensor_skew=20.6ms loop_to_send=5.9ms
[go2:sport] DRY cmd#1608 seq=1640 v=0.894 w=-0.578 dt=39.8ms policy_zmq_lag=0.6ms action_age=30.2ms scan_age=29.6ms scan_rx_age=6.2ms odom_age=9.1ms odom_rx_age=8.1ms sensor_skew=20.5ms loop_to_send=5.7ms
[go2:sport] DRY cmd#1609 seq=1641 v=0.894 w=-0.577 dt=40.1ms policy_zmq_lag=0.6ms action_age=30.4ms scan_age=29.8ms scan_rx_age=6.4ms odom_age=9.3ms odom_rx_age=8.2ms sensor_skew=20.4ms loop_to_send=5.9ms
[go2:sport] DRY cmd#1610 seq=1642 v=0.893 w=-0.575 dt=39.8ms policy_zmq_lag=0.6ms action_age=30.3ms scan_age=29.7ms scan_rx_age=6.2ms odom_age=9.3ms odom_rx_age=8.4ms sensor_skew=20.4ms loop_to_send=5.7ms
[go2:sport] DRY cmd#1611 seq=1643 v=0.893 w=-0.583 dt=39.9ms policy_zmq_lag=0.7ms action_age=50.1ms scan_age=49.4ms scan_rx_age=25.9ms odom_age=8.9ms odom_rx_age=7.8ms sensor_skew=40.4ms loop_to_send=5.9ms
[go2:sport] DRY cmd#1612 seq=1644 v=0.893 w=-0.566 dt=39.7ms policy_zmq_lag=0.6ms action_age=49.6ms scan_age=49.0ms scan_rx_age=25.4ms odom_age=8.8ms odom_rx_age=7.8ms sensor_skew=40.3ms loop_to_send=5.7ms
[go2:sport] DRY cmd#1613 seq=1645 v=0.894 w=-0.568 dt=40.0ms policy_zmq_lag=0.7ms action_age=49.9ms scan_age=49.2ms scan_rx_age=25.2ms odom_age=8.9ms odom_rx_age=7.9ms sensor_skew=40.3ms loop_to_send=5.6ms
[go2:sport] DRY cmd#1614 seq=1646 v=0.894 w=-0.576 dt=41.2ms policy_zmq_lag=0.6ms action_age=30.8ms scan_age=30.2ms scan_rx_age=6.8ms odom_age=10.1ms odom_rx_age=9.2ms sensor_skew=20.1ms loop_to_send=6.2ms
[go2:sport] DRY cmd#1615 seq=1647 v=0.893 w=-0.569 dt=38.7ms policy_zmq_lag=0.6ms action_age=49.7ms scan_age=49.1ms scan_rx_age=25.0ms odom_age=8.7ms odom_rx_age=7.9ms sensor_skew=40.4ms loop_to_send=5.6ms
[go2:sport] DRY cmd#1616 seq=1648 v=0.893 w=-0.567 dt=40.0ms policy_zmq_lag=0.6ms action_age=49.6ms scan_age=48.9ms scan_rx_age=24.8ms odom_age=8.6ms odom_rx_age=7.7ms sensor_skew=40.3ms loop_to_send=5.5ms
[go2:sport] DRY cmd#1617 seq=1649 v=0.893 w=-0.577 dt=40.7ms policy_zmq_lag=0.6ms action_age=50.2ms scan_age=49.6ms scan_rx_age=25.4ms odom_age=9.4ms odom_rx_age=8.6ms sensor_skew=40.1ms loop_to_send=5.9ms
[go2:sport] DRY cmd#1618 seq=1650 v=0.893 w=-0.565 dt=39.4ms policy_zmq_lag=0.6ms action_age=49.7ms scan_age=49.1ms scan_rx_age=24.7ms odom_age=8.8ms odom_rx_age=8.0ms sensor_skew=40.3ms loop_to_send=5.6ms
[go2:sport] DRY cmd#1619 seq=1651 v=0.893 w=-0.576 dt=40.2ms policy_zmq_lag=0.6ms action_age=49.9ms scan_age=49.3ms scan_rx_age=23.6ms odom_age=8.9ms odom_rx_age=8.0ms sensor_skew=40.3ms loop_to_send=5.8ms
[go2:sport] DRY cmd#1620 seq=1652 v=0.893 w=-0.584 dt=40.2ms policy_zmq_lag=0.7ms action_age=50.1ms scan_age=49.4ms scan_rx_age=25.8ms odom_age=9.0ms odom_rx_age=8.0ms sensor_skew=40.4ms loop_to_send=5.9ms
[go2:sport] DRY cmd#1621 seq=1653 v=0.893 w=-0.577 dt=39.9ms policy_zmq_lag=0.7ms action_age=50.1ms scan_age=49.4ms scan_rx_age=25.5ms odom_age=9.0ms odom_rx_age=8.1ms sensor_skew=40.4ms loop_to_send=5.8ms
[go2:sport] DRY cmd#1622 seq=1654 v=0.894 w=-0.593 dt=39.7ms policy_zmq_lag=0.6ms action_age=49.6ms scan_age=49.0ms scan_rx_age=25.2ms odom_age=8.9ms odom_rx_age=8.0ms sensor_skew=40.0ms loop_to_send=5.6ms
[go2:sport] DRY cmd#1623 seq=1655 v=0.893 w=-0.586 dt=40.2ms policy_zmq_lag=0.7ms action_age=49.8ms scan_age=49.1ms scan_rx_age=25.4ms odom_age=9.0ms odom_rx_age=7.7ms sensor_skew=40.1ms loop_to_send=5.7ms
[go2:sport] DRY cmd#1624 seq=1656 v=0.893 w=-0.577 dt=40.3ms policy_zmq_lag=0.8ms action_age=50.2ms scan_age=49.5ms scan_rx_age=24.3ms odom_age=9.2ms odom_rx_age=8.3ms sensor_skew=40.3ms loop_to_send=5.9ms
[go2:sport] DRY cmd#1625 seq=1657 v=0.894 w=-0.568 dt=40.1ms policy_zmq_lag=0.7ms action_age=50.3ms scan_age=49.6ms scan_rx_age=24.0ms odom_age=9.4ms odom_rx_age=8.4ms sensor_skew=40.2ms loop_to_send=6.0ms
[go2:sport] DRY cmd#1626 seq=1658 v=0.894 w=-0.574 dt=39.6ms policy_zmq_lag=0.7ms action_age=50.0ms scan_age=49.3ms scan_rx_age=25.4ms odom_age=9.0ms odom_rx_age=8.2ms sensor_skew=40.3ms loop_to_send=5.8ms
[go2:sport] DRY cmd#1627 seq=1659 v=0.893 w=-0.576 dt=39.9ms policy_zmq_lag=0.7ms action_age=49.8ms scan_age=49.1ms scan_rx_age=25.5ms odom_age=8.9ms odom_rx_age=8.0ms sensor_skew=40.2ms loop_to_send=5.7ms
[go2:sport] DRY cmd#1628 seq=1660 v=0.894 w=-0.584 dt=40.2ms policy_zmq_lag=0.7ms action_age=50.1ms scan_age=49.4ms scan_rx_age=25.8ms odom_age=9.0ms odom_rx_age=7.7ms sensor_skew=40.3ms loop_to_send=5.6ms
[go2:sport] DRY cmd#1629 seq=1661 v=0.894 w=-0.574 dt=40.0ms policy_zmq_lag=0.8ms action_age=50.1ms scan_age=49.3ms scan_rx_age=24.1ms odom_age=8.9ms odom_rx_age=7.9ms sensor_skew=40.4ms loop_to_send=5.7ms
[go2:sport] DRY cmd#1630 seq=1662 v=0.893 w=-0.585 dt=40.4ms policy_zmq_lag=0.6ms action_age=30.4ms scan_age=29.8ms scan_rx_age=6.3ms odom_age=9.5ms odom_rx_age=8.5ms sensor_skew=20.3ms loop_to_send=5.8ms
[go2:sport] DRY cmd#1631 seq=1663 v=0.893 w=-0.565 dt=39.9ms policy_zmq_lag=0.6ms action_age=30.3ms scan_age=29.7ms scan_rx_age=6.1ms odom_age=9.4ms odom_rx_age=8.4ms sensor_skew=20.3ms loop_to_send=5.6ms
[go2:sport] DRY cmd#1632 seq=1664 v=0.893 w=-0.571 dt=39.2ms policy_zmq_lag=0.6ms action_age=49.4ms scan_age=48.8ms scan_rx_age=25.5ms odom_age=8.6ms odom_rx_age=7.7ms sensor_skew=40.2ms loop_to_send=5.4ms
[go2:sport] DRY cmd#1633 seq=1665 v=0.893 w=-0.580 dt=40.5ms policy_zmq_lag=0.7ms action_age=49.9ms scan_age=49.2ms scan_rx_age=25.5ms odom_age=9.2ms odom_rx_age=8.0ms sensor_skew=40.1ms loop_to_send=5.8ms
[go2:sport] DRY cmd#1634 seq=1666 v=0.893 w=-0.582 dt=40.4ms policy_zmq_lag=0.7ms action_age=50.3ms scan_age=49.6ms scan_rx_age=25.9ms odom_age=9.5ms odom_rx_age=8.5ms sensor_skew=40.2ms loop_to_send=6.2ms
[go2:sport] DRY cmd#1635 seq=1667 v=0.893 w=-0.581 dt=40.0ms policy_zmq_lag=0.7ms action_age=50.5ms scan_age=49.8ms scan_rx_age=25.7ms odom_age=9.4ms odom_rx_age=8.4ms sensor_skew=40.4ms loop_to_send=6.1ms
[go2:sport] DRY cmd#1636 seq=1668 v=0.893 w=-0.573 dt=39.9ms policy_zmq_lag=0.7ms action_age=50.3ms scan_age=49.6ms scan_rx_age=25.5ms odom_age=9.3ms odom_rx_age=8.2ms sensor_skew=40.3ms loop_to_send=6.1ms
[go2:sport] DRY cmd#1637 seq=1669 v=0.894 w=-0.569 dt=40.0ms policy_zmq_lag=0.7ms action_age=50.2ms scan_age=49.4ms scan_rx_age=26.2ms odom_age=9.2ms odom_rx_age=8.2ms sensor_skew=40.2ms loop_to_send=6.0ms
[go2:sport] DRY cmd#1638 seq=1670 v=0.894 w=-0.575 dt=40.4ms policy_zmq_lag=0.7ms action_age=50.6ms scan_age=49.9ms scan_rx_age=24.2ms odom_age=9.7ms odom_rx_age=8.6ms sensor_skew=40.1ms loop_to_send=6.4ms
[go2:sport] DRY cmd#1639 seq=1671 v=0.894 w=-0.581 dt=52.1ms policy_zmq_lag=0.7ms action_age=62.7ms scan_age=62.0ms scan_rx_age=36.9ms odom_age=22.0ms odom_rx_age=20.6ms sensor_skew=40.1ms loop_to_send=16.8ms
[go2:sport] DRY cmd#1640 seq=1672 v=0.894 w=-0.577 dt=28.4ms policy_zmq_lag=0.8ms action_age=51.2ms scan_age=50.4ms scan_rx_age=25.0ms odom_age=10.1ms odom_rx_age=8.6ms sensor_skew=40.3ms loop_to_send=6.5ms
[go2:sport] DRY cmd#1641 seq=1673 v=0.894 w=-0.570 dt=39.2ms policy_zmq_lag=0.6ms action_age=50.4ms scan_age=49.7ms scan_rx_age=25.3ms odom_age=9.4ms odom_rx_age=8.1ms sensor_skew=40.3ms loop_to_send=6.0ms
[go2:sport] DRY cmd#1642 seq=1674 v=0.894 w=-0.577 dt=40.1ms policy_zmq_lag=0.6ms action_age=50.4ms scan_age=49.7ms scan_rx_age=24.6ms odom_age=9.6ms odom_rx_age=8.4ms sensor_skew=40.1ms loop_to_send=6.3ms
[go2:sport] DRY cmd#1643 seq=1675 v=0.894 w=-0.566 dt=40.3ms policy_zmq_lag=0.7ms action_age=50.7ms scan_age=50.0ms scan_rx_age=24.7ms odom_age=9.2ms odom_rx_age=7.8ms sensor_skew=40.8ms loop_to_send=6.2ms
[go2:sport] DRY cmd#1644 seq=1676 v=0.894 w=-0.579 dt=39.4ms policy_zmq_lag=0.6ms action_age=50.1ms scan_age=49.4ms scan_rx_age=25.2ms odom_age=9.3ms odom_rx_age=8.3ms sensor_skew=40.1ms loop_to_send=6.0ms
[go2:sport] DRY cmd#1645 seq=1677 v=0.893 w=-0.584 dt=39.8ms policy_zmq_lag=0.6ms action_age=50.0ms scan_age=49.3ms scan_rx_age=24.2ms odom_age=9.3ms odom_rx_age=8.3ms sensor_skew=40.1ms loop_to_send=5.8ms
[go2:sport] DRY cmd#1646 seq=1678 v=0.893 w=-0.587 dt=39.9ms policy_zmq_lag=0.6ms action_age=50.0ms scan_age=49.4ms scan_rx_age=24.6ms odom_age=9.1ms odom_rx_age=7.1ms sensor_skew=40.3ms loop_to_send=5.8ms
[go2:sport] DRY cmd#1647 seq=1679 v=0.893 w=-0.586 dt=39.9ms policy_zmq_lag=0.6ms action_age=49.7ms scan_age=49.1ms scan_rx_age=25.1ms odom_age=9.2ms odom_rx_age=8.0ms sensor_skew=40.0ms loop_to_send=5.7ms
[go2:sport] DRY cmd#1648 seq=1680 v=0.893 w=-0.576 dt=40.3ms policy_zmq_lag=0.6ms action_age=50.1ms scan_age=49.6ms scan_rx_age=25.8ms odom_age=19.3ms odom_rx_age=18.4ms sensor_skew=30.3ms loop_to_send=5.9ms
[go2:sport] DRY cmd#1649 seq=1681 v=0.893 w=-0.582 dt=40.1ms policy_zmq_lag=0.8ms action_age=50.3ms scan_age=49.5ms scan_rx_age=24.4ms odom_age=9.3ms odom_rx_age=8.3ms sensor_skew=40.2ms loop_to_send=5.9ms
[go2:sport] DRY cmd#1650 seq=1682 v=0.893 w=-0.578 dt=40.2ms policy_zmq_lag=0.8ms action_age=50.5ms scan_age=49.8ms scan_rx_age=24.7ms odom_age=9.6ms odom_rx_age=8.5ms sensor_skew=40.2ms loop_to_send=6.1ms
[go2:sport] DRY cmd#1651 seq=1683 v=0.893 w=-0.570 dt=39.6ms policy_zmq_lag=0.7ms action_age=50.0ms scan_age=49.4ms scan_rx_age=24.7ms odom_age=9.3ms odom_rx_age=8.1ms sensor_skew=40.1ms loop_to_send=5.9ms
[go2:sport] DRY cmd#1652 seq=1684 v=0.893 w=-0.575 dt=40.0ms policy_zmq_lag=0.7ms action_age=49.9ms scan_age=49.3ms scan_rx_age=25.0ms odom_age=9.3ms odom_rx_age=8.4ms sensor_skew=40.0ms loop_to_send=5.8ms
[go2:sport] DRY cmd#1653 seq=1685 v=0.893 w=-0.572 dt=40.3ms policy_zmq_lag=0.6ms action_age=50.5ms scan_age=49.8ms scan_rx_age=25.1ms odom_age=9.6ms odom_rx_age=8.3ms sensor_skew=40.2ms loop_to_send=6.0ms
[go2:sport] DRY cmd#1654 seq=1686 v=0.893 w=-0.571 dt=39.5ms policy_zmq_lag=0.7ms action_age=49.9ms scan_age=49.2ms scan_rx_age=23.9ms odom_age=7.7ms odom_rx_age=6.3ms sensor_skew=41.6ms loop_to_send=5.7ms
[go2:sport] DRY cmd#1655 seq=1687 v=0.894 w=-0.578 dt=40.2ms policy_zmq_lag=0.7ms action_age=50.0ms scan_age=49.3ms scan_rx_age=25.2ms odom_age=9.3ms odom_rx_age=8.2ms sensor_skew=40.0ms loop_to_send=5.9ms
[go2:sport] DRY cmd#1656 seq=1688 v=0.894 w=-0.571 dt=40.0ms policy_zmq_lag=0.6ms action_age=50.1ms scan_age=49.5ms scan_rx_age=23.8ms odom_age=9.4ms odom_rx_age=8.5ms sensor_skew=40.1ms loop_to_send=5.9ms
[go2:sport] DRY cmd#1657 seq=1689 v=0.894 w=-0.572 dt=40.0ms policy_zmq_lag=0.6ms action_age=50.0ms scan_age=49.3ms scan_rx_age=24.9ms odom_age=9.3ms odom_rx_age=7.2ms sensor_skew=40.1ms loop_to_send=5.7ms
[go2:sport] DRY cmd#1658 seq=1690 v=0.894 w=-0.577 dt=39.6ms policy_zmq_lag=0.6ms action_age=49.6ms scan_age=49.0ms scan_rx_age=25.2ms odom_age=8.8ms odom_rx_age=7.7ms sensor_skew=40.2ms loop_to_send=5.6ms
[go2:sport] DRY cmd#1659 seq=1691 v=0.893 w=-0.577 dt=40.5ms policy_zmq_lag=0.7ms action_age=50.2ms scan_age=49.5ms scan_rx_age=24.3ms odom_age=9.3ms odom_rx_age=8.1ms sensor_skew=40.2ms loop_to_send=5.9ms
[go2:sport] DRY cmd#1660 seq=1692 v=0.894 w=-0.579 dt=39.7ms policy_zmq_lag=0.6ms action_age=49.9ms scan_age=49.2ms scan_rx_age=25.2ms odom_age=9.1ms odom_rx_age=8.2ms sensor_skew=40.1ms loop_to_send=5.7ms
[go2:sport] DRY cmd#1661 seq=1693 v=0.894 w=-0.573 dt=40.0ms policy_zmq_lag=0.6ms action_age=50.0ms scan_age=49.3ms scan_rx_age=24.1ms odom_age=9.2ms odom_rx_age=8.2ms sensor_skew=40.1ms loop_to_send=5.7ms
[go2:sport] DRY cmd#1662 seq=1694 v=0.893 w=-0.577 dt=40.2ms policy_zmq_lag=0.6ms action_age=50.1ms scan_age=49.4ms scan_rx_age=24.4ms odom_age=9.4ms odom_rx_age=8.4ms sensor_skew=40.0ms loop_to_send=5.9ms
[go2:sport] DRY cmd#1663 seq=1695 v=0.893 w=-0.577 dt=40.1ms policy_zmq_lag=0.7ms action_age=50.1ms scan_age=49.5ms scan_rx_age=24.3ms odom_age=9.5ms odom_rx_age=8.4ms sensor_skew=40.0ms loop_to_send=6.0ms
[go2:sport] DRY cmd#1664 seq=1696 v=0.894 w=-0.568 dt=39.7ms policy_zmq_lag=0.7ms action_age=49.9ms scan_age=49.3ms scan_rx_age=24.3ms odom_age=9.2ms odom_rx_age=8.3ms sensor_skew=40.1ms loop_to_send=5.8ms
[go2:sport] DRY cmd#1665 seq=1697 v=0.893 w=-0.577 dt=39.8ms policy_zmq_lag=0.6ms action_age=49.7ms scan_age=49.1ms scan_rx_age=24.7ms odom_age=9.0ms odom_rx_age=8.1ms sensor_skew=40.0ms loop_to_send=5.6ms
[go2:sport] DRY cmd#1666 seq=1698 v=0.893 w=-0.567 dt=40.4ms policy_zmq_lag=0.8ms action_age=50.0ms scan_age=49.3ms scan_rx_age=25.5ms odom_age=9.3ms odom_rx_age=8.2ms sensor_skew=40.0ms loop_to_send=5.8ms
[go2:sport] DRY cmd#1667 seq=1699 v=0.894 w=-0.566 dt=39.8ms policy_zmq_lag=0.7ms action_age=49.8ms scan_age=49.1ms scan_rx_age=25.0ms odom_age=9.2ms odom_rx_age=8.2ms sensor_skew=40.0ms loop_to_send=5.8ms
[go2:sport] DRY cmd#1668 seq=1700 v=0.893 w=-0.566 dt=40.3ms policy_zmq_lag=0.8ms action_age=50.3ms scan_age=49.5ms scan_rx_age=24.3ms odom_age=9.4ms odom_rx_age=8.1ms sensor_skew=40.1ms loop_to_send=5.9ms
[go2:sport] DRY cmd#1669 seq=1701 v=0.894 w=-0.561 dt=40.7ms policy_zmq_lag=0.7ms action_age=50.8ms scan_age=50.2ms scan_rx_age=25.0ms odom_age=10.1ms odom_rx_age=9.2ms sensor_skew=40.0ms loop_to_send=6.5ms
[go2:sport] DRY cmd#1670 seq=1702 v=0.894 w=-0.561 dt=38.7ms policy_zmq_lag=0.6ms action_age=49.6ms scan_age=49.0ms scan_rx_age=23.8ms odom_age=8.9ms odom_rx_age=7.9ms sensor_skew=40.0ms loop_to_send=5.5ms
[go2:sport] DRY cmd#1671 seq=1703 v=0.894 w=-0.570 dt=40.1ms policy_zmq_lag=0.6ms action_age=49.8ms scan_age=49.2ms scan_rx_age=24.2ms odom_age=8.9ms odom_rx_age=7.9ms sensor_skew=40.3ms loop_to_send=5.6ms
[go2:sport] DRY cmd#1672 seq=1704 v=0.894 w=-0.581 dt=40.1ms policy_zmq_lag=0.6ms action_age=49.7ms scan_age=49.1ms scan_rx_age=25.0ms odom_age=9.2ms odom_rx_age=8.4ms sensor_skew=39.9ms loop_to_send=5.7ms
[go2:sport] DRY cmd#1673 seq=1705 v=0.893 w=-0.581 dt=39.9ms policy_zmq_lag=0.6ms action_age=49.8ms scan_age=49.1ms scan_rx_age=24.0ms odom_age=9.0ms odom_rx_age=8.1ms sensor_skew=40.1ms loop_to_send=5.6ms
[go2:sport] DRY cmd#1674 seq=1706 v=0.893 w=-0.583 dt=40.7ms policy_zmq_lag=0.7ms action_age=50.4ms scan_age=49.7ms scan_rx_age=24.3ms odom_age=9.6ms odom_rx_age=8.5ms sensor_skew=40.0ms loop_to_send=6.2ms
[go2:sport] DRY cmd#1675 seq=1707 v=0.894 w=-0.577 dt=39.8ms policy_zmq_lag=0.6ms action_age=50.1ms scan_age=49.5ms scan_rx_age=24.6ms odom_age=9.5ms odom_rx_age=8.6ms sensor_skew=39.9ms loop_to_send=6.0ms
[go2:sport] DRY cmd#1676 seq=1708 v=0.894 w=-0.562 dt=40.5ms policy_zmq_lag=0.8ms action_age=50.7ms scan_age=49.9ms scan_rx_age=24.8ms odom_age=9.9ms odom_rx_age=8.9ms sensor_skew=40.1ms loop_to_send=6.3ms
[go2:sport] DRY cmd#1677 seq=1709 v=0.894 w=-0.557 dt=40.2ms policy_zmq_lag=0.7ms action_age=50.7ms scan_age=50.0ms scan_rx_age=25.3ms odom_age=9.8ms odom_rx_age=7.9ms sensor_skew=40.2ms loop_to_send=6.3ms
[go2:sport] DRY cmd#1678 seq=1710 v=0.894 w=-0.564 dt=39.8ms policy_zmq_lag=0.7ms action_age=49.9ms scan_age=49.2ms scan_rx_age=25.7ms odom_age=9.9ms odom_rx_age=8.4ms sensor_skew=39.4ms loop_to_send=6.5ms
[go2:sport] DRY cmd#1679 seq=1711 v=0.893 w=-0.569 dt=39.9ms policy_zmq_lag=0.6ms action_age=50.4ms scan_age=49.8ms scan_rx_age=23.3ms odom_age=9.8ms odom_rx_age=8.6ms sensor_skew=40.1ms loop_to_send=6.5ms
[go2:sport] DRY cmd#1680 seq=1712 v=0.894 w=-0.560 dt=39.6ms policy_zmq_lag=0.6ms action_age=50.1ms scan_age=49.5ms scan_rx_age=24.2ms odom_age=9.3ms odom_rx_age=8.1ms sensor_skew=40.2ms loop_to_send=6.0ms
[go2:sport] DRY cmd#1681 seq=1713 v=0.894 w=-0.569 dt=40.1ms policy_zmq_lag=0.7ms action_age=50.2ms scan_age=49.6ms scan_rx_age=25.3ms odom_age=9.3ms odom_rx_age=7.8ms sensor_skew=40.2ms loop_to_send=6.0ms
[go2:sport] DRY cmd#1682 seq=1714 v=0.894 w=-0.561 dt=40.6ms policy_zmq_lag=0.7ms action_age=50.9ms scan_age=50.2ms scan_rx_age=26.1ms odom_age=10.2ms odom_rx_age=8.9ms sensor_skew=40.0ms loop_to_send=6.6ms
[go2:sport] DRY cmd#1683 seq=1715 v=0.893 w=-0.570 dt=40.0ms policy_zmq_lag=0.7ms action_age=50.9ms scan_age=50.1ms scan_rx_age=25.5ms odom_age=9.8ms odom_rx_age=8.5ms sensor_skew=40.3ms loop_to_send=6.4ms
[go2:sport] DRY cmd#1684 seq=1716 v=0.893 w=-0.574 dt=40.3ms policy_zmq_lag=1.5ms action_age=51.1ms scan_age=49.5ms scan_rx_age=25.5ms odom_age=9.6ms odom_rx_age=8.4ms sensor_skew=39.9ms loop_to_send=6.1ms
[go2:sport] DRY cmd#1685 seq=1717 v=0.893 w=-0.573 dt=39.4ms policy_zmq_lag=0.7ms action_age=50.5ms scan_age=49.8ms scan_rx_age=22.9ms odom_age=9.7ms odom_rx_age=8.6ms sensor_skew=40.2ms loop_to_send=6.3ms
[go2:sport] DRY cmd#1686 seq=1718 v=0.893 w=-0.582 dt=40.8ms policy_zmq_lag=1.1ms action_age=51.5ms scan_age=50.4ms scan_rx_age=26.0ms odom_age=10.1ms odom_rx_age=8.8ms sensor_skew=40.3ms loop_to_send=6.7ms
[go2:sport] DRY cmd#1687 seq=1719 v=0.893 w=-0.568 dt=39.7ms policy_zmq_lag=0.7ms action_age=31.2ms scan_age=30.6ms scan_rx_age=6.9ms odom_age=10.2ms odom_rx_age=8.6ms sensor_skew=20.4ms loop_to_send=6.2ms
[go2:sport] DRY cmd#1688 seq=1720 v=0.894 w=-0.572 dt=39.9ms policy_zmq_lag=0.6ms action_age=51.9ms scan_age=51.3ms scan_rx_age=25.7ms odom_age=10.2ms odom_rx_age=8.8ms sensor_skew=41.1ms loop_to_send=6.6ms
[go2:sport] DRY cmd#1689 seq=1721 v=0.894 w=-0.571 dt=39.8ms policy_zmq_lag=0.6ms action_age=50.8ms scan_age=50.2ms scan_rx_age=24.5ms odom_age=9.9ms odom_rx_age=8.5ms sensor_skew=40.2ms loop_to_send=6.4ms
[go2:sport] DRY cmd#1690 seq=1722 v=0.894 w=-0.575 dt=39.6ms policy_zmq_lag=0.7ms action_age=50.5ms scan_age=49.8ms scan_rx_age=23.8ms odom_age=9.6ms odom_rx_age=8.3ms sensor_skew=40.1ms loop_to_send=6.2ms
[go2:sport] DRY cmd#1691 seq=1723 v=0.894 w=-0.582 dt=40.2ms policy_zmq_lag=0.7ms action_age=50.8ms scan_age=50.1ms scan_rx_age=24.1ms odom_age=9.8ms odom_rx_age=8.5ms sensor_skew=40.3ms loop_to_send=6.4ms
[go2:sport] DRY cmd#1692 seq=1724 v=0.893 w=-0.580 dt=40.1ms policy_zmq_lag=0.7ms action_age=50.7ms scan_age=50.0ms scan_rx_age=26.0ms odom_age=9.9ms odom_rx_age=8.6ms sensor_skew=40.1ms loop_to_send=6.5ms
[go2:sport] DRY cmd#1693 seq=1725 v=0.893 w=-0.575 dt=40.4ms policy_zmq_lag=0.7ms action_age=51.0ms scan_age=50.4ms scan_rx_age=26.2ms odom_age=10.3ms odom_rx_age=9.0ms sensor_skew=40.1ms loop_to_send=6.3ms
[go2:sport] DRY cmd#1694 seq=1726 v=0.893 w=-0.563 dt=40.9ms policy_zmq_lag=1.1ms action_age=51.9ms scan_age=50.8ms scan_rx_age=25.4ms odom_age=10.8ms odom_rx_age=9.3ms sensor_skew=40.1ms loop_to_send=6.4ms
[go2:sport] DRY cmd#1695 seq=1727 v=0.893 w=-0.569 dt=38.5ms policy_zmq_lag=0.7ms action_age=50.5ms scan_age=49.8ms scan_rx_age=25.2ms odom_age=9.8ms odom_rx_age=8.5ms sensor_skew=40.0ms loop_to_send=6.2ms
[go2:sport] DRY cmd#1696 seq=1728 v=0.893 w=-0.573 dt=50.9ms policy_zmq_lag=0.7ms action_age=61.4ms scan_age=60.6ms scan_rx_age=35.2ms odom_age=27.2ms odom_rx_age=25.6ms sensor_skew=33.5ms loop_to_send=13.8ms
[go2:sport] DRY cmd#1697 seq=1729 v=0.893 w=-0.583 dt=29.7ms policy_zmq_lag=0.7ms action_age=50.9ms scan_age=50.2ms scan_rx_age=25.8ms odom_age=10.5ms odom_rx_age=9.2ms sensor_skew=39.8ms loop_to_send=6.4ms
[go2:sport] DRY cmd#1698 seq=1730 v=0.894 w=-0.570 dt=39.1ms policy_zmq_lag=0.6ms action_age=50.1ms scan_age=49.5ms scan_rx_age=24.4ms odom_age=9.7ms odom_rx_age=8.7ms sensor_skew=39.8ms loop_to_send=6.0ms
[go2:sport] DRY cmd#1699 seq=1731 v=0.894 w=-0.563 dt=40.3ms policy_zmq_lag=0.6ms action_age=50.4ms scan_age=49.8ms scan_rx_age=25.0ms odom_age=9.9ms odom_rx_age=8.9ms sensor_skew=39.9ms loop_to_send=6.3ms
[go2:sport] DRY cmd#1700 seq=1732 v=0.894 w=-0.568 dt=39.6ms policy_zmq_lag=0.7ms action_age=50.2ms scan_age=49.5ms scan_rx_age=25.2ms odom_age=9.4ms odom_rx_age=8.3ms sensor_skew=40.1ms loop_to_send=5.9ms
[go2:sport] DRY cmd#1701 seq=1733 v=0.894 w=-0.579 dt=40.1ms policy_zmq_lag=0.7ms action_age=50.2ms scan_age=49.5ms scan_rx_age=24.0ms odom_age=9.6ms odom_rx_age=8.7ms sensor_skew=39.9ms loop_to_send=5.9ms
[go2:sport] DRY cmd#1702 seq=1734 v=0.894 w=-0.581 dt=40.1ms policy_zmq_lag=0.6ms action_age=50.1ms scan_age=49.5ms scan_rx_age=24.6ms odom_age=9.8ms odom_rx_age=9.0ms sensor_skew=39.7ms loop_to_send=6.1ms
[go2:sport] DRY cmd#1703 seq=1735 v=0.893 w=-0.584 dt=39.5ms policy_zmq_lag=0.6ms action_age=49.8ms scan_age=49.2ms scan_rx_age=23.8ms odom_age=9.2ms odom_rx_age=8.2ms sensor_skew=40.0ms loop_to_send=5.6ms
[go2:sport] DRY cmd#1704 seq=1736 v=0.894 w=-0.586 dt=40.0ms policy_zmq_lag=0.6ms action_age=49.8ms scan_age=49.2ms scan_rx_age=24.4ms odom_age=9.3ms odom_rx_age=8.5ms sensor_skew=39.9ms loop_to_send=5.6ms
[go2:sport] DRY cmd#1705 seq=1737 v=0.893 w=-0.571 dt=39.9ms policy_zmq_lag=0.6ms action_age=49.7ms scan_age=49.0ms scan_rx_age=25.1ms odom_age=9.0ms odom_rx_age=8.0ms sensor_skew=40.0ms loop_to_send=5.5ms
[go2:sport] DRY cmd#1706 seq=1738 v=0.894 w=-0.568 dt=40.2ms policy_zmq_lag=0.7ms action_age=49.9ms scan_age=49.2ms scan_rx_age=24.1ms odom_age=9.3ms odom_rx_age=8.4ms sensor_skew=39.9ms loop_to_send=5.6ms
[go2:sport] DRY cmd#1707 seq=1739 v=0.894 w=-0.573 dt=40.3ms policy_zmq_lag=0.7ms action_age=50.0ms scan_age=49.4ms scan_rx_age=23.9ms odom_age=9.5ms odom_rx_age=8.3ms sensor_skew=39.9ms loop_to_send=5.9ms
[go2:sport] DRY cmd#1708 seq=1740 v=0.894 w=-0.569 dt=39.8ms policy_zmq_lag=0.6ms action_age=50.0ms scan_age=49.3ms scan_rx_age=24.4ms odom_age=9.4ms odom_rx_age=8.2ms sensor_skew=39.9ms loop_to_send=5.6ms
[go2:sport] DRY cmd#1709 seq=1741 v=0.894 w=-0.577 dt=40.3ms policy_zmq_lag=0.6ms action_age=50.2ms scan_age=49.5ms scan_rx_age=25.9ms odom_age=9.7ms odom_rx_age=8.9ms sensor_skew=39.9ms loop_to_send=5.9ms
[go2:sport] DRY cmd#1710 seq=1742 v=0.894 w=-0.579 dt=39.8ms policy_zmq_lag=0.7ms action_age=49.9ms scan_age=49.3ms scan_rx_age=24.4ms odom_age=9.5ms odom_rx_age=8.2ms sensor_skew=39.7ms loop_to_send=5.8ms
[go2:sport] DRY cmd#1711 seq=1743 v=0.894 w=-0.571 dt=40.9ms policy_zmq_lag=0.7ms action_age=51.0ms scan_age=50.3ms scan_rx_age=26.2ms odom_age=7.9ms odom_rx_age=6.6ms sensor_skew=42.4ms loop_to_send=5.7ms
[go2:sport] DRY cmd#1712 seq=1744 v=0.894 w=-0.566 dt=39.1ms policy_zmq_lag=0.6ms action_age=49.9ms scan_age=49.2ms scan_rx_age=24.3ms odom_age=9.5ms odom_rx_age=8.6ms sensor_skew=39.7ms loop_to_send=5.8ms
[go2:sport] DRY cmd#1713 seq=1745 v=0.894 w=-0.571 dt=40.0ms policy_zmq_lag=0.6ms action_age=50.0ms scan_age=49.4ms scan_rx_age=24.1ms odom_age=9.5ms odom_rx_age=8.6ms sensor_skew=39.9ms loop_to_send=5.7ms
[go2:sport] DRY cmd#1714 seq=1746 v=0.893 w=-0.579 dt=40.0ms policy_zmq_lag=0.6ms action_age=49.8ms scan_age=49.2ms scan_rx_age=24.5ms odom_age=9.4ms odom_rx_age=8.6ms sensor_skew=39.8ms loop_to_send=5.8ms
[go2:sport] DRY cmd#1715 seq=1747 v=0.894 w=-0.570 dt=40.0ms policy_zmq_lag=0.6ms action_age=50.0ms scan_age=49.4ms scan_rx_age=24.5ms odom_age=9.4ms odom_rx_age=8.6ms sensor_skew=40.0ms loop_to_send=5.8ms
[go2:sport] DRY cmd#1716 seq=1748 v=0.894 w=-0.568 dt=40.0ms policy_zmq_lag=0.6ms action_age=49.9ms scan_age=49.3ms scan_rx_age=25.9ms odom_age=9.4ms odom_rx_age=8.5ms sensor_skew=39.9ms loop_to_send=5.8ms
[go2:sport] DRY cmd#1717 seq=1749 v=0.894 w=-0.568 dt=40.0ms policy_zmq_lag=0.6ms action_age=49.8ms scan_age=49.2ms scan_rx_age=24.6ms odom_age=9.5ms odom_rx_age=8.6ms sensor_skew=39.7ms loop_to_send=5.8ms
[go2:sport] DRY cmd#1718 seq=1750 v=0.894 w=-0.572 dt=40.0ms policy_zmq_lag=0.6ms action_age=50.0ms scan_age=49.4ms scan_rx_age=25.3ms odom_age=9.5ms odom_rx_age=8.7ms sensor_skew=39.9ms loop_to_send=5.7ms
[go2:sport] DRY cmd#1719 seq=1751 v=0.894 w=-0.567 dt=40.4ms policy_zmq_lag=0.7ms action_age=50.3ms scan_age=49.7ms scan_rx_age=25.4ms odom_age=9.8ms odom_rx_age=8.9ms sensor_skew=39.8ms loop_to_send=6.1ms
[go2:sport] DRY cmd#1720 seq=1752 v=0.893 w=-0.576 dt=39.8ms policy_zmq_lag=0.7ms action_age=30.2ms scan_age=29.5ms scan_rx_age=6.7ms odom_age=9.6ms odom_rx_age=8.6ms sensor_skew=20.0ms loop_to_send=5.7ms
[go2:sport] DRY cmd#1721 seq=1753 v=0.893 w=-0.576 dt=41.0ms policy_zmq_lag=0.7ms action_age=51.3ms scan_age=50.6ms scan_rx_age=25.4ms odom_age=10.6ms odom_rx_age=9.6ms sensor_skew=40.0ms loop_to_send=6.9ms
[go2:sport] DRY cmd#1722 seq=1754 v=0.893 w=-0.575 dt=38.7ms policy_zmq_lag=0.7ms action_age=49.8ms scan_age=49.1ms scan_rx_age=24.6ms odom_age=9.4ms odom_rx_age=8.5ms sensor_skew=39.7ms loop_to_send=5.7ms
[go2:sport] DRY cmd#1723 seq=1755 v=0.894 w=-0.565 dt=39.9ms policy_zmq_lag=0.7ms action_age=49.9ms scan_age=49.3ms scan_rx_age=24.3ms odom_age=9.4ms odom_rx_age=8.6ms sensor_skew=39.9ms loop_to_send=5.7ms
[go2:sport] DRY cmd#1724 seq=1756 v=0.894 w=-0.567 dt=39.9ms policy_zmq_lag=0.6ms action_age=49.9ms scan_age=49.2ms scan_rx_age=24.5ms odom_age=9.4ms odom_rx_age=8.5ms sensor_skew=39.9ms loop_to_send=5.7ms
[go2:sport] DRY cmd#1725 seq=1757 v=0.893 w=-0.576 dt=40.1ms policy_zmq_lag=0.7ms action_age=49.9ms scan_age=49.3ms scan_rx_age=24.0ms odom_age=9.4ms odom_rx_age=8.5ms sensor_skew=39.9ms loop_to_send=5.7ms
[go2:sport] DRY cmd#1726 seq=1758 v=0.893 w=-0.576 dt=40.0ms policy_zmq_lag=0.6ms action_age=49.8ms scan_age=49.2ms scan_rx_age=24.4ms odom_age=9.4ms odom_rx_age=8.6ms sensor_skew=39.8ms loop_to_send=5.6ms
[go2:sport] DRY cmd#1727 seq=1759 v=0.893 w=-0.577 dt=40.0ms policy_zmq_lag=0.6ms action_age=49.7ms scan_age=49.1ms scan_rx_age=24.4ms odom_age=9.4ms odom_rx_age=8.5ms sensor_skew=39.8ms loop_to_send=5.7ms
[go2:sport] DRY cmd#1728 seq=1760 v=0.893 w=-0.566 dt=39.9ms policy_zmq_lag=0.6ms action_age=49.7ms scan_age=49.1ms scan_rx_age=24.5ms odom_age=9.3ms odom_rx_age=8.4ms sensor_skew=39.8ms loop_to_send=5.6ms
[go2:sport] DRY cmd#1729 seq=1761 v=0.893 w=-0.569 dt=40.3ms policy_zmq_lag=0.6ms action_age=50.1ms scan_age=49.4ms scan_rx_age=24.2ms odom_age=9.6ms odom_rx_age=8.7ms sensor_skew=39.8ms loop_to_send=5.8ms
[go2:sport] DRY cmd#1730 seq=1762 v=0.893 w=-0.567 dt=40.1ms policy_zmq_lag=0.6ms action_age=50.1ms scan_age=49.5ms scan_rx_age=24.7ms odom_age=9.7ms odom_rx_age=8.9ms sensor_skew=39.8ms loop_to_send=5.9ms
[go2:sport] DRY cmd#1731 seq=1763 v=0.893 w=-0.579 dt=39.9ms policy_zmq_lag=0.6ms action_age=50.0ms scan_age=49.3ms scan_rx_age=23.9ms odom_age=9.5ms odom_rx_age=8.5ms sensor_skew=39.8ms loop_to_send=5.8ms
[go2:sport] DRY cmd#1732 seq=1764 v=0.893 w=-0.578 dt=39.6ms policy_zmq_lag=0.6ms action_age=49.5ms scan_age=49.0ms scan_rx_age=23.9ms odom_age=9.2ms odom_rx_age=8.4ms sensor_skew=39.8ms loop_to_send=5.5ms
[go2:sport] DRY cmd#1733 seq=1765 v=0.893 w=-0.578 dt=41.0ms policy_zmq_lag=0.6ms action_age=50.6ms scan_age=50.0ms scan_rx_age=27.0ms odom_age=10.1ms odom_rx_age=9.1ms sensor_skew=39.8ms loop_to_send=6.3ms
[go2:sport] DRY cmd#1734 seq=1766 v=0.893 w=-0.574 dt=39.5ms policy_zmq_lag=0.6ms action_age=50.1ms scan_age=49.5ms scan_rx_age=25.5ms odom_age=9.6ms odom_rx_age=8.8ms sensor_skew=39.8ms loop_to_send=5.8ms
[go2:sport] DRY cmd#1735 seq=1767 v=0.894 w=-0.577 dt=40.1ms policy_zmq_lag=0.8ms action_age=50.2ms scan_age=49.4ms scan_rx_age=24.5ms odom_age=9.6ms odom_rx_age=8.6ms sensor_skew=39.8ms loop_to_send=5.8ms
[go2:sport] DRY cmd#1736 seq=1768 v=0.893 w=-0.573 dt=39.7ms policy_zmq_lag=0.6ms action_age=49.9ms scan_age=49.3ms scan_rx_age=24.4ms odom_age=9.4ms odom_rx_age=7.9ms sensor_skew=39.9ms loop_to_send=5.7ms
[go2:sport] DRY cmd#1737 seq=1769 v=0.893 w=-0.581 dt=40.1ms policy_zmq_lag=0.6ms action_age=49.8ms scan_age=49.2ms scan_rx_age=24.8ms odom_age=9.6ms odom_rx_age=8.8ms sensor_skew=39.6ms loop_to_send=5.7ms
[go2:sport] DRY cmd#1738 seq=1770 v=0.893 w=-0.566 dt=40.0ms policy_zmq_lag=0.6ms action_age=50.0ms scan_age=49.4ms scan_rx_age=24.5ms odom_age=9.6ms odom_rx_age=8.7ms sensor_skew=39.8ms loop_to_send=5.8ms
[go2:sport] DRY cmd#1739 seq=1771 v=0.894 w=-0.567 dt=40.0ms policy_zmq_lag=0.6ms action_age=50.1ms scan_age=49.4ms scan_rx_age=24.1ms odom_age=9.5ms odom_rx_age=8.6ms sensor_skew=39.9ms loop_to_send=5.8ms
[go2:sport] DRY cmd#1740 seq=1772 v=0.893 w=-0.572 dt=39.9ms policy_zmq_lag=0.6ms action_age=30.0ms scan_age=29.4ms scan_rx_age=6.1ms odom_age=9.2ms odom_rx_age=8.0ms sensor_skew=20.2ms loop_to_send=5.6ms
[go2:sport] DRY cmd#1741 seq=1773 v=0.894 w=-0.566 dt=39.8ms policy_zmq_lag=0.6ms action_age=50.9ms scan_age=50.3ms scan_rx_age=24.5ms odom_age=9.3ms odom_rx_age=8.5ms sensor_skew=40.9ms loop_to_send=5.6ms
[go2:sport] DRY cmd#1742 seq=1774 v=0.894 w=-0.569 dt=40.7ms policy_zmq_lag=0.7ms action_age=50.2ms scan_age=49.5ms scan_rx_age=25.1ms odom_age=10.0ms odom_rx_age=8.8ms sensor_skew=39.5ms loop_to_send=6.0ms
[go2:sport] DRY cmd#1743 seq=1775 v=0.894 w=-0.567 dt=39.4ms policy_zmq_lag=0.6ms action_age=49.9ms scan_age=49.3ms scan_rx_age=25.9ms odom_age=9.5ms odom_rx_age=8.7ms sensor_skew=39.7ms loop_to_send=5.7ms
[go2:sport] DRY cmd#1744 seq=1776 v=0.894 w=-0.581 dt=40.2ms policy_zmq_lag=0.8ms action_age=50.0ms scan_age=49.2ms scan_rx_age=24.5ms odom_age=9.5ms odom_rx_age=8.7ms sensor_skew=39.7ms loop_to_send=5.7ms
[go2:sport] DRY cmd#1745 seq=1777 v=0.893 w=-0.584 dt=40.3ms policy_zmq_lag=0.7ms action_age=50.3ms scan_age=49.6ms scan_rx_age=24.8ms odom_age=9.8ms odom_rx_age=8.5ms sensor_skew=39.8ms loop_to_send=6.1ms
[go2:sport] DRY cmd#1746 seq=1778 v=0.894 w=-0.568 dt=39.7ms policy_zmq_lag=0.7ms action_age=50.1ms scan_age=49.4ms scan_rx_age=24.7ms odom_age=9.6ms odom_rx_age=8.7ms sensor_skew=39.7ms loop_to_send=5.8ms
[go2:sport] DRY cmd#1747 seq=1779 v=0.893 w=-0.581 dt=39.9ms policy_zmq_lag=0.6ms action_age=49.8ms scan_age=49.2ms scan_rx_age=23.9ms odom_age=9.6ms odom_rx_age=8.8ms sensor_skew=39.6ms loop_to_send=5.8ms
[go2:sport] DRY cmd#1748 seq=1780 v=0.893 w=-0.574 dt=40.0ms policy_zmq_lag=0.6ms action_age=49.9ms scan_age=49.2ms scan_rx_age=24.6ms odom_age=9.7ms odom_rx_age=9.0ms sensor_skew=39.6ms loop_to_send=5.7ms
[go2:sport] DRY cmd#1749 seq=1781 v=0.893 w=-0.579 dt=39.7ms policy_zmq_lag=0.6ms action_age=49.6ms scan_age=49.0ms scan_rx_age=25.2ms odom_age=9.2ms odom_rx_age=8.4ms sensor_skew=39.8ms loop_to_send=5.5ms
[go2:sport] DRY cmd#1750 seq=1782 v=0.893 w=-0.575 dt=40.1ms policy_zmq_lag=0.7ms action_age=49.7ms scan_age=49.0ms scan_rx_age=25.3ms odom_age=9.3ms odom_rx_age=8.5ms sensor_skew=39.7ms loop_to_send=5.5ms
[go2:sport] DRY cmd#1751 seq=1783 v=0.894 w=-0.567 dt=41.2ms policy_zmq_lag=0.7ms action_age=51.0ms scan_age=50.3ms scan_rx_age=25.4ms odom_age=10.5ms odom_rx_age=9.2ms sensor_skew=39.9ms loop_to_send=6.6ms
[go2:sport] DRY cmd#1752 seq=1784 v=0.894 w=-0.578 dt=39.6ms policy_zmq_lag=0.6ms action_age=50.4ms scan_age=49.8ms scan_rx_age=25.1ms odom_age=10.2ms odom_rx_age=9.2ms sensor_skew=39.6ms loop_to_send=6.3ms
[go2:sport] DRY cmd#1753 seq=1785 v=0.894 w=-0.568 dt=40.8ms policy_zmq_lag=0.7ms action_age=31.4ms scan_age=30.6ms scan_rx_age=7.0ms odom_age=10.8ms odom_rx_age=10.0ms sensor_skew=19.8ms loop_to_send=6.4ms
[go2:sport] DRY cmd#1754 seq=1786 v=0.893 w=-0.575 dt=38.9ms policy_zmq_lag=0.8ms action_age=50.3ms scan_age=49.5ms scan_rx_age=24.3ms odom_age=9.7ms odom_rx_age=8.7ms sensor_skew=39.8ms loop_to_send=5.8ms
[go2:sport] DRY cmd#1755 seq=1787 v=0.893 w=-0.582 dt=39.5ms policy_zmq_lag=0.6ms action_age=49.8ms scan_age=49.1ms scan_rx_age=24.5ms odom_age=9.4ms odom_rx_age=8.7ms sensor_skew=39.7ms loop_to_send=5.6ms
[go2:sport] DRY cmd#1756 seq=1788 v=0.893 w=-0.577 dt=40.3ms policy_zmq_lag=0.6ms action_age=49.9ms scan_age=49.3ms scan_rx_age=24.5ms odom_age=9.7ms odom_rx_age=8.8ms sensor_skew=39.6ms loop_to_send=5.8ms
[go2:sport] DRY cmd#1757 seq=1789 v=0.893 w=-0.566 dt=40.1ms policy_zmq_lag=0.6ms action_age=49.9ms scan_age=49.3ms scan_rx_age=25.0ms odom_age=9.8ms odom_rx_age=8.6ms sensor_skew=39.4ms loop_to_send=5.8ms
[go2:sport] DRY cmd#1758 seq=1790 v=0.894 w=-0.567 dt=39.7ms policy_zmq_lag=0.6ms action_age=49.9ms scan_age=49.3ms scan_rx_age=24.4ms odom_age=9.6ms odom_rx_age=8.8ms sensor_skew=39.7ms loop_to_send=5.7ms
[go2:sport] DRY cmd#1759 seq=1791 v=0.894 w=-0.577 dt=40.2ms policy_zmq_lag=0.7ms action_age=50.1ms scan_age=49.4ms scan_rx_age=24.6ms odom_age=9.7ms odom_rx_age=8.7ms sensor_skew=39.7ms loop_to_send=5.8ms
[go2:sport] DRY cmd#1760 seq=1792 v=0.894 w=-0.574 dt=39.8ms policy_zmq_lag=0.6ms action_age=50.0ms scan_age=49.3ms scan_rx_age=24.7ms odom_age=9.6ms odom_rx_age=8.6ms sensor_skew=39.7ms loop_to_send=5.7ms
[go2:sport] DRY cmd#1761 seq=1793 v=0.894 w=-0.579 dt=39.8ms policy_zmq_lag=0.6ms action_age=49.7ms scan_age=49.1ms scan_rx_age=24.5ms odom_age=9.4ms odom_rx_age=8.6ms sensor_skew=39.7ms loop_to_send=5.5ms
[go2:sport] DRY cmd#1762 seq=1794 v=0.893 w=-0.582 dt=39.9ms policy_zmq_lag=0.6ms action_age=49.4ms scan_age=48.8ms scan_rx_age=24.5ms odom_age=9.3ms odom_rx_age=8.5ms sensor_skew=39.5ms loop_to_send=5.4ms
[go2:sport] DRY cmd#1763 seq=1795 v=0.893 w=-0.569 dt=40.0ms policy_zmq_lag=0.7ms action_age=49.6ms scan_age=48.9ms scan_rx_age=24.3ms odom_age=9.3ms odom_rx_age=8.5ms sensor_skew=39.6ms loop_to_send=5.4ms
[go2:sport] DRY cmd#1764 seq=1796 v=0.893 w=-0.572 dt=40.8ms policy_zmq_lag=0.6ms action_age=50.4ms scan_age=49.8ms scan_rx_age=25.2ms odom_age=7.3ms odom_rx_age=6.2ms sensor_skew=42.5ms loop_to_send=5.7ms
[go2:sport] DRY cmd#1765 seq=1797 v=0.893 w=-0.566 dt=39.3ms policy_zmq_lag=0.6ms action_age=49.6ms scan_age=49.0ms scan_rx_age=25.1ms odom_age=9.4ms odom_rx_age=8.6ms sensor_skew=39.7ms loop_to_send=5.6ms
[go2:sport] DRY cmd#1766 seq=1798 v=0.894 w=-0.575 dt=40.2ms policy_zmq_lag=0.6ms action_age=49.9ms scan_age=49.3ms scan_rx_age=24.6ms odom_age=9.7ms odom_rx_age=8.9ms sensor_skew=39.6ms loop_to_send=5.7ms
[go2:sport] DRY cmd#1767 seq=1799 v=0.893 w=-0.584 dt=40.1ms policy_zmq_lag=0.7ms action_age=49.8ms scan_age=49.1ms scan_rx_age=25.5ms odom_age=9.6ms odom_rx_age=8.4ms sensor_skew=39.5ms loop_to_send=5.6ms
[go2:sport] DRY cmd#1768 seq=1800 v=0.893 w=-0.581 dt=39.8ms policy_zmq_lag=0.6ms action_age=49.7ms scan_age=49.1ms scan_rx_age=24.2ms odom_age=9.2ms odom_rx_age=8.3ms sensor_skew=39.9ms loop_to_send=5.6ms
[go2:sport] DRY cmd#1769 seq=1801 v=0.894 w=-0.572 dt=40.5ms policy_zmq_lag=0.6ms action_age=30.2ms scan_age=29.6ms scan_rx_age=6.2ms odom_age=10.1ms odom_rx_age=9.3ms sensor_skew=19.5ms loop_to_send=5.6ms
[go2:sport] DRY cmd#1770 seq=1802 v=0.894 w=-0.574 dt=39.3ms policy_zmq_lag=0.6ms action_age=49.7ms scan_age=49.1ms scan_rx_age=24.4ms odom_age=9.4ms odom_rx_age=8.6ms sensor_skew=39.7ms loop_to_send=5.5ms
[go2:sport] DRY cmd#1771 seq=1803 v=0.893 w=-0.576 dt=40.4ms policy_zmq_lag=0.7ms action_age=50.0ms scan_age=49.3ms scan_rx_age=24.5ms odom_age=9.7ms odom_rx_age=8.9ms sensor_skew=39.6ms loop_to_send=5.7ms
[go2:sport] DRY cmd#1772 seq=1804 v=0.893 w=-0.575 dt=40.0ms policy_zmq_lag=0.6ms action_age=49.9ms scan_age=49.3ms scan_rx_age=24.6ms odom_age=9.8ms odom_rx_age=8.9ms sensor_skew=39.5ms loop_to_send=5.7ms
[go2:sport] DRY cmd#1773 seq=1805 v=0.893 w=-0.562 dt=40.1ms policy_zmq_lag=0.7ms action_age=50.1ms scan_age=49.5ms scan_rx_age=25.0ms odom_age=9.8ms odom_rx_age=8.6ms sensor_skew=39.6ms loop_to_send=5.8ms
[go2:sport] DRY cmd#1774 seq=1806 v=0.893 w=-0.565 dt=40.1ms policy_zmq_lag=0.8ms action_age=50.3ms scan_age=49.5ms scan_rx_age=24.6ms odom_age=9.8ms odom_rx_age=8.8ms sensor_skew=39.7ms loop_to_send=5.9ms
[go2:sport] DRY cmd#1775 seq=1807 v=0.893 w=-0.562 dt=39.9ms policy_zmq_lag=0.6ms action_age=50.1ms scan_age=49.5ms scan_rx_age=24.8ms odom_age=9.9ms odom_rx_age=8.6ms sensor_skew=39.6ms loop_to_send=6.0ms
[go2:sport] DRY cmd#1776 seq=1808 v=0.894 w=-0.566 dt=40.1ms policy_zmq_lag=0.6ms action_age=50.1ms scan_age=49.5ms scan_rx_age=25.7ms odom_age=10.0ms odom_rx_age=9.2ms sensor_skew=39.5ms loop_to_send=6.0ms
[go2:sport] DRY cmd#1777 seq=1809 v=0.894 w=-0.572 dt=39.6ms policy_zmq_lag=0.6ms action_age=49.5ms scan_age=48.9ms scan_rx_age=24.6ms odom_age=9.5ms odom_rx_age=8.8ms sensor_skew=39.4ms loop_to_send=5.6ms
[go2:sport] DRY cmd#1778 seq=1810 v=0.894 w=-0.584 dt=40.3ms policy_zmq_lag=0.8ms action_age=50.0ms scan_age=49.3ms scan_rx_age=24.8ms odom_age=9.8ms odom_rx_age=9.0ms sensor_skew=39.5ms loop_to_send=5.7ms
[go2:sport] DRY cmd#1779 seq=1811 v=0.894 w=-0.578 dt=39.8ms policy_zmq_lag=0.6ms action_age=49.8ms scan_age=49.2ms scan_rx_age=24.8ms odom_age=9.6ms odom_rx_age=8.5ms sensor_skew=39.6ms loop_to_send=5.6ms
[go2:sport] DRY cmd#1780 seq=1812 v=0.894 w=-0.580 dt=40.3ms policy_zmq_lag=0.8ms action_age=50.1ms scan_age=49.3ms scan_rx_age=24.8ms odom_age=9.6ms odom_rx_age=8.7ms sensor_skew=39.7ms loop_to_send=5.6ms
[go2:sport] DRY cmd#1781 seq=1813 v=0.893 w=-0.579 dt=40.2ms policy_zmq_lag=0.9ms action_age=50.1ms scan_age=49.2ms scan_rx_age=25.6ms odom_age=9.8ms odom_rx_age=8.9ms sensor_skew=39.4ms loop_to_send=5.8ms
[go2:sport] DRY cmd#1782 seq=1814 v=0.893 w=-0.575 dt=39.5ms policy_zmq_lag=0.7ms action_age=49.7ms scan_age=49.0ms scan_rx_age=24.3ms odom_age=9.5ms odom_rx_age=8.8ms sensor_skew=39.4ms loop_to_send=5.6ms
[go2:sport] DRY cmd#1783 seq=1815 v=0.894 w=-0.572 dt=40.6ms policy_zmq_lag=0.7ms action_age=30.5ms scan_age=29.8ms scan_rx_age=6.9ms odom_age=10.1ms odom_rx_age=9.0ms sensor_skew=19.7ms loop_to_send=6.0ms
[go2:sport] DRY cmd#1784 seq=1816 v=0.893 w=-0.573 dt=39.7ms policy_zmq_lag=0.6ms action_age=50.9ms scan_age=50.3ms scan_rx_age=24.6ms odom_age=9.8ms odom_rx_age=8.8ms sensor_skew=40.5ms loop_to_send=5.9ms
[go2:sport] DRY cmd#1785 seq=1817 v=0.893 w=-0.569 dt=39.6ms policy_zmq_lag=0.6ms action_age=49.7ms scan_age=49.1ms scan_rx_age=24.3ms odom_age=9.5ms odom_rx_age=8.6ms sensor_skew=39.6ms loop_to_send=5.5ms
[go2:sport] DRY cmd#1786 seq=1818 v=0.893 w=-0.572 dt=40.4ms policy_zmq_lag=0.7ms action_age=50.0ms scan_age=49.3ms scan_rx_age=24.8ms odom_age=9.9ms odom_rx_age=9.0ms sensor_skew=39.5ms loop_to_send=5.9ms
[go2:sport] DRY cmd#1787 seq=1819 v=0.893 w=-0.575 dt=39.8ms policy_zmq_lag=0.7ms action_age=49.7ms scan_age=49.0ms scan_rx_age=24.5ms odom_age=9.6ms odom_rx_age=8.7ms sensor_skew=39.5ms loop_to_send=5.6ms
[go2:sport] DRY cmd#1788 seq=1820 v=0.893 w=-0.582 dt=39.8ms policy_zmq_lag=0.6ms action_age=49.7ms scan_age=49.1ms scan_rx_age=25.4ms odom_age=9.4ms odom_rx_age=8.7ms sensor_skew=39.6ms loop_to_send=5.5ms
[go2:sport] DRY cmd#1789 seq=1821 v=0.893 w=-0.566 dt=39.9ms policy_zmq_lag=0.6ms action_age=49.5ms scan_age=49.0ms scan_rx_age=24.6ms odom_age=9.4ms odom_rx_age=8.7ms sensor_skew=39.5ms loop_to_send=5.5ms
[go2:sport] DRY cmd#1790 seq=1822 v=0.893 w=-0.563 dt=40.2ms policy_zmq_lag=0.6ms action_age=49.8ms scan_age=49.1ms scan_rx_age=24.5ms odom_age=9.6ms odom_rx_age=8.7ms sensor_skew=39.5ms loop_to_send=5.6ms
[go2:sport] DRY cmd#1791 seq=1823 v=0.893 w=-0.572 dt=39.8ms policy_zmq_lag=0.6ms action_age=49.5ms scan_age=48.9ms scan_rx_age=24.6ms odom_age=9.4ms odom_rx_age=8.6ms sensor_skew=39.5ms loop_to_send=5.5ms
[go2:sport] DRY cmd#1792 seq=1824 v=0.893 w=-0.566 dt=40.5ms policy_zmq_lag=0.7ms action_age=49.8ms scan_age=49.1ms scan_rx_age=24.3ms odom_age=9.8ms odom_rx_age=8.4ms sensor_skew=39.4ms loop_to_send=5.7ms
[go2:sport] DRY cmd#1793 seq=1825 v=0.894 w=-0.571 dt=39.8ms policy_zmq_lag=0.6ms action_age=49.7ms scan_age=49.1ms scan_rx_age=24.5ms odom_age=9.6ms odom_rx_age=8.8ms sensor_skew=39.5ms loop_to_send=5.6ms
[go2:sport] DRY cmd#1794 seq=1826 v=0.894 w=-0.585 dt=39.9ms policy_zmq_lag=0.6ms action_age=49.6ms scan_age=48.9ms scan_rx_age=24.6ms odom_age=9.5ms odom_rx_age=8.6ms sensor_skew=39.5ms loop_to_send=5.5ms
[go2:sport] DRY cmd#1795 seq=1827 v=0.894 w=-0.581 dt=40.1ms policy_zmq_lag=0.7ms action_age=49.6ms scan_age=49.0ms scan_rx_age=25.2ms odom_age=9.6ms odom_rx_age=8.8ms sensor_skew=39.4ms loop_to_send=5.6ms
[go2:sport] DRY cmd#1796 seq=1828 v=0.893 w=-0.579 dt=40.0ms policy_zmq_lag=0.6ms action_age=49.7ms scan_age=49.1ms scan_rx_age=24.5ms odom_age=9.7ms odom_rx_age=8.9ms sensor_skew=39.4ms loop_to_send=5.6ms
[go2:sport] DRY cmd#1797 seq=1829 v=0.894 w=-0.581 dt=39.9ms policy_zmq_lag=0.6ms action_age=49.5ms scan_age=48.8ms scan_rx_age=24.6ms odom_age=9.2ms odom_rx_age=8.2ms sensor_skew=39.6ms loop_to_send=5.6ms
[go2:sport] DRY cmd#1798 seq=1830 v=0.893 w=-0.568 dt=40.7ms policy_zmq_lag=0.8ms action_age=50.5ms scan_age=49.7ms scan_rx_age=25.3ms odom_age=10.1ms odom_rx_age=9.2ms sensor_skew=39.6ms loop_to_send=6.0ms
[go2:sport] DRY cmd#1799 seq=1831 v=0.893 w=-0.568 dt=40.5ms policy_zmq_lag=0.8ms action_age=50.7ms scan_age=50.0ms scan_rx_age=25.5ms odom_age=7.3ms odom_rx_age=6.2ms sensor_skew=42.7ms loop_to_send=5.7ms
[go2:sport] DRY cmd#1800 seq=1832 v=0.893 w=-0.571 dt=40.2ms policy_zmq_lag=0.6ms action_age=51.0ms scan_age=50.5ms scan_rx_age=26.0ms odom_age=7.7ms odom_rx_age=6.8ms sensor_skew=42.8ms loop_to_send=6.3ms
[go2:sport] DRY cmd#1801 seq=1833 v=0.894 w=-0.553 dt=39.7ms policy_zmq_lag=0.6ms action_age=50.8ms scan_age=50.2ms scan_rx_age=25.6ms odom_age=7.4ms odom_rx_age=6.5ms sensor_skew=42.8ms loop_to_send=6.0ms
[go2:sport] DRY cmd#1802 seq=1834 v=0.893 w=-0.576 dt=39.3ms policy_zmq_lag=0.7ms action_age=49.9ms scan_age=49.2ms scan_rx_age=25.0ms odom_age=10.0ms odom_rx_age=9.1ms sensor_skew=39.3ms loop_to_send=5.8ms
[go2:sport] DRY cmd#1803 seq=1835 v=0.893 w=-0.576 dt=40.3ms policy_zmq_lag=0.7ms action_age=50.4ms scan_age=49.8ms scan_rx_age=25.1ms odom_age=6.8ms odom_rx_age=6.0ms sensor_skew=42.9ms loop_to_send=5.5ms
[go2:sport] DRY cmd#1804 seq=1836 v=0.893 w=-0.580 dt=39.6ms policy_zmq_lag=0.8ms action_age=50.0ms scan_age=49.2ms scan_rx_age=24.7ms odom_age=9.7ms odom_rx_age=8.8ms sensor_skew=39.5ms loop_to_send=5.7ms
[go2:sport] DRY cmd#1805 seq=1837 v=0.893 w=-0.578 dt=40.5ms policy_zmq_lag=0.7ms action_age=30.4ms scan_age=29.7ms scan_rx_age=6.1ms odom_age=10.3ms odom_rx_age=9.4ms sensor_skew=19.4ms loop_to_send=5.6ms
[go2:sport] DRY cmd#1806 seq=1838 v=0.894 w=-0.581 dt=40.0ms policy_zmq_lag=0.7ms action_age=30.3ms scan_age=29.7ms scan_rx_age=6.1ms odom_age=10.3ms odom_rx_age=9.5ms sensor_skew=19.4ms loop_to_send=5.6ms
[go2:sport] DRY cmd#1807 seq=1839 v=0.893 w=-0.570 dt=40.0ms policy_zmq_lag=0.7ms action_age=30.5ms scan_age=29.8ms scan_rx_age=6.3ms odom_age=10.3ms odom_rx_age=9.5ms sensor_skew=19.5ms loop_to_send=5.7ms
[go2:sport] DRY cmd#1808 seq=1840 v=0.893 w=-0.575 dt=39.4ms policy_zmq_lag=0.7ms action_age=49.8ms scan_age=49.1ms scan_rx_age=26.4ms odom_age=9.6ms odom_rx_age=8.9ms sensor_skew=39.5ms loop_to_send=5.5ms
[go2:sport] DRY cmd#1809 seq=1841 v=0.893 w=-0.563 dt=40.3ms policy_zmq_lag=0.6ms action_age=50.0ms scan_age=49.4ms scan_rx_age=25.0ms odom_age=6.7ms odom_rx_age=5.9ms sensor_skew=42.7ms loop_to_send=5.4ms
[go2:sport] DRY cmd#1810 seq=1842 v=0.893 w=-0.572 dt=40.4ms policy_zmq_lag=0.7ms action_age=50.6ms scan_age=49.8ms scan_rx_age=25.7ms odom_age=7.0ms odom_rx_age=6.1ms sensor_skew=42.8ms loop_to_send=5.6ms
[go2:sport] DRY cmd#1811 seq=1843 v=0.893 w=-0.582 dt=39.5ms policy_zmq_lag=0.8ms action_age=50.1ms scan_age=49.3ms scan_rx_age=25.5ms odom_age=9.9ms odom_rx_age=8.9ms sensor_skew=39.4ms loop_to_send=5.7ms
[go2:sport] DRY cmd#1812 seq=1844 v=0.893 w=-0.571 dt=40.6ms policy_zmq_lag=0.8ms action_age=30.5ms scan_age=29.7ms scan_rx_age=6.2ms odom_age=10.4ms odom_rx_age=9.5ms sensor_skew=19.4ms loop_to_send=5.7ms
[go2:sport] DRY cmd#1813 seq=1845 v=0.893 w=-0.579 dt=39.5ms policy_zmq_lag=0.8ms action_age=50.2ms scan_age=49.4ms scan_rx_age=24.1ms odom_age=9.9ms odom_rx_age=9.0ms sensor_skew=39.5ms loop_to_send=5.8ms
[go2:sport] DRY cmd#1814 seq=1846 v=0.893 w=-0.576 dt=40.0ms policy_zmq_lag=0.8ms action_age=50.1ms scan_age=49.3ms scan_rx_age=24.8ms odom_age=19.9ms odom_rx_age=18.9ms sensor_skew=29.4ms loop_to_send=5.7ms
[go2:sport] DRY cmd#1815 seq=1847 v=0.893 w=-0.574 dt=41.6ms policy_zmq_lag=0.6ms action_age=51.9ms scan_age=51.3ms scan_rx_age=26.7ms odom_age=8.5ms odom_rx_age=7.1ms sensor_skew=42.8ms loop_to_send=6.4ms
[go2:sport] DRY cmd#1816 seq=1848 v=0.893 w=-0.562 dt=38.4ms policy_zmq_lag=0.6ms action_age=50.3ms scan_age=49.7ms scan_rx_age=25.2ms odom_age=10.2ms odom_rx_age=9.2ms sensor_skew=39.5ms loop_to_send=6.1ms
[go2:sport] DRY cmd#1817 seq=1849 v=0.893 w=-0.573 dt=46.0ms policy_zmq_lag=0.7ms action_age=56.1ms scan_age=55.4ms scan_rx_age=30.9ms odom_age=16.1ms odom_rx_age=14.8ms sensor_skew=39.3ms loop_to_send=11.7ms
[go2:sport] DRY cmd#1818 seq=1850 v=0.894 w=-0.573 dt=34.3ms policy_zmq_lag=0.6ms action_age=30.6ms scan_age=29.9ms scan_rx_age=6.2ms odom_age=10.4ms odom_rx_age=9.5ms sensor_skew=19.5ms loop_to_send=5.7ms
[go2:sport] DRY cmd#1819 seq=1851 v=0.893 w=-0.572 dt=39.4ms policy_zmq_lag=0.6ms action_age=50.0ms scan_age=49.4ms scan_rx_age=23.7ms odom_age=9.7ms odom_rx_age=7.0ms sensor_skew=39.7ms loop_to_send=5.7ms
[go2:sport] DRY cmd#1820 seq=1852 v=0.894 w=-0.584 dt=40.6ms policy_zmq_lag=0.6ms action_age=50.6ms scan_age=50.0ms scan_rx_age=25.7ms odom_age=7.1ms odom_rx_age=6.2ms sensor_skew=42.9ms loop_to_send=5.7ms
[go2:sport] DRY cmd#1821 seq=1853 v=0.894 w=-0.563 dt=39.8ms policy_zmq_lag=0.6ms action_age=50.3ms scan_age=49.6ms scan_rx_age=25.4ms odom_age=6.9ms odom_rx_age=5.9ms sensor_skew=42.7ms loop_to_send=5.4ms
[go2:sport] DRY cmd#1822 seq=1854 v=0.894 w=-0.568 dt=40.2ms policy_zmq_lag=0.7ms action_age=30.6ms scan_age=29.9ms scan_rx_age=6.3ms odom_age=10.4ms odom_rx_age=9.6ms sensor_skew=19.5ms loop_to_send=5.7ms
[go2:sport] DRY cmd#1823 seq=1855 v=0.894 w=-0.574 dt=39.8ms policy_zmq_lag=0.6ms action_age=30.2ms scan_age=29.6ms scan_rx_age=6.2ms odom_age=10.2ms odom_rx_age=9.5ms sensor_skew=19.3ms loop_to_send=5.6ms
[go2:sport] DRY cmd#1824 seq=1856 v=0.893 w=-0.573 dt=40.2ms policy_zmq_lag=0.6ms action_age=30.5ms scan_age=29.9ms scan_rx_age=6.2ms odom_age=10.5ms odom_rx_age=9.7ms sensor_skew=19.3ms loop_to_send=5.7ms
[go2:sport] DRY cmd#1825 seq=1857 v=0.893 w=-0.578 dt=39.3ms policy_zmq_lag=0.7ms action_age=49.8ms scan_age=49.1ms scan_rx_age=24.6ms odom_age=9.7ms odom_rx_age=8.9ms sensor_skew=39.4ms loop_to_send=5.6ms
[go2:sport] DRY cmd#1826 seq=1858 v=0.893 w=-0.571 dt=40.0ms policy_zmq_lag=0.7ms action_age=49.8ms scan_age=49.1ms scan_rx_age=24.7ms odom_age=9.7ms odom_rx_age=8.9ms sensor_skew=39.4ms loop_to_send=5.6ms
[go2:sport] DRY cmd#1827 seq=1859 v=0.893 w=-0.570 dt=40.1ms policy_zmq_lag=0.7ms action_age=49.8ms scan_age=49.2ms scan_rx_age=24.9ms odom_age=9.9ms odom_rx_age=9.0ms sensor_skew=39.3ms loop_to_send=5.6ms
[go2:sport] DRY cmd#1828 seq=1860 v=0.893 w=-0.580 dt=40.3ms policy_zmq_lag=0.7ms action_age=30.3ms scan_age=29.7ms scan_rx_age=6.0ms odom_age=10.0ms odom_rx_age=9.2ms sensor_skew=19.6ms loop_to_send=5.5ms
[go2:sport] DRY cmd#1829 seq=1861 v=0.893 w=-0.575 dt=40.0ms policy_zmq_lag=0.6ms action_age=50.2ms scan_age=49.6ms scan_rx_age=25.1ms odom_age=7.0ms odom_rx_age=6.1ms sensor_skew=42.6ms loop_to_send=5.6ms
[go2:sport] DRY cmd#1830 seq=1862 v=0.894 w=-0.574 dt=40.0ms policy_zmq_lag=0.6ms action_age=50.4ms scan_age=49.8ms scan_rx_age=25.4ms odom_age=6.9ms odom_rx_age=6.1ms sensor_skew=42.8ms loop_to_send=5.5ms
[go2:sport] DRY cmd#1831 seq=1863 v=0.894 w=-0.576 dt=39.7ms policy_zmq_lag=0.7ms action_age=50.1ms scan_age=49.4ms scan_rx_age=25.1ms odom_age=9.9ms odom_rx_age=9.0ms sensor_skew=39.5ms loop_to_send=5.8ms
[go2:sport] DRY cmd#1832 seq=1864 v=0.894 w=-0.571 dt=40.3ms policy_zmq_lag=0.6ms action_age=50.3ms scan_age=49.7ms scan_rx_age=25.2ms odom_age=7.0ms odom_rx_age=6.1ms sensor_skew=42.7ms loop_to_send=5.6ms
[go2:sport] DRY cmd#1833 seq=1865 v=0.894 w=-0.573 dt=40.2ms policy_zmq_lag=0.7ms action_age=50.4ms scan_age=49.7ms scan_rx_age=25.3ms odom_age=7.0ms odom_rx_age=6.1ms sensor_skew=42.7ms loop_to_send=5.6ms
[go2:sport] DRY cmd#1834 seq=1866 v=0.894 w=-0.557 dt=40.3ms policy_zmq_lag=0.8ms action_age=50.7ms scan_age=49.9ms scan_rx_age=25.3ms odom_age=7.2ms odom_rx_age=6.2ms sensor_skew=42.7ms loop_to_send=5.6ms
[go2:sport] DRY cmd#1835 seq=1867 v=0.893 w=-0.569 dt=39.6ms policy_zmq_lag=0.6ms action_age=50.4ms scan_age=49.7ms scan_rx_age=25.3ms odom_age=7.0ms odom_rx_age=6.1ms sensor_skew=42.7ms loop_to_send=5.6ms
[go2:sport] DRY cmd#1836 seq=1868 v=0.893 w=-0.562 dt=40.6ms policy_zmq_lag=0.6ms action_age=50.9ms scan_age=50.2ms scan_rx_age=26.2ms odom_age=7.6ms odom_rx_age=6.6ms sensor_skew=42.6ms loop_to_send=6.1ms
[go2:sport] DRY cmd#1837 seq=1869 v=0.893 w=-0.561 dt=39.9ms policy_zmq_lag=0.6ms action_age=50.8ms scan_age=50.2ms scan_rx_age=26.0ms odom_age=7.5ms odom_rx_age=6.5ms sensor_skew=42.7ms loop_to_send=5.9ms
[go2:sport] DRY cmd#1838 seq=1870 v=0.893 w=-0.563 dt=39.9ms policy_zmq_lag=0.7ms action_age=50.8ms scan_age=50.1ms scan_rx_age=24.8ms odom_age=7.4ms odom_rx_age=6.4ms sensor_skew=42.7ms loop_to_send=5.8ms
[go2:sport] DRY cmd#1839 seq=1871 v=0.894 w=-0.572 dt=39.1ms policy_zmq_lag=0.6ms action_age=49.8ms scan_age=49.2ms scan_rx_age=23.8ms odom_age=10.0ms odom_rx_age=9.3ms sensor_skew=39.3ms loop_to_send=5.6ms
[go2:sport] DRY cmd#1840 seq=1872 v=0.894 w=-0.565 dt=40.7ms policy_zmq_lag=0.6ms action_age=50.5ms scan_age=49.9ms scan_rx_age=25.4ms odom_age=7.2ms odom_rx_age=6.3ms sensor_skew=42.7ms loop_to_send=5.7ms
[go2:sport] DRY cmd#1841 seq=1873 v=0.893 w=-0.568 dt=39.9ms policy_zmq_lag=0.6ms action_age=50.5ms scan_age=49.9ms scan_rx_age=25.4ms odom_age=7.2ms odom_rx_age=6.2ms sensor_skew=42.7ms loop_to_send=5.7ms
[go2:sport] DRY cmd#1842 seq=1874 v=0.894 w=-0.570 dt=39.9ms policy_zmq_lag=0.6ms action_age=50.2ms scan_age=49.6ms scan_rx_age=25.6ms odom_age=7.0ms odom_rx_age=6.1ms sensor_skew=42.6ms loop_to_send=5.6ms
[go2:sport] DRY cmd#1843 seq=1875 v=0.894 w=-0.567 dt=39.9ms policy_zmq_lag=0.6ms action_age=50.3ms scan_age=49.7ms scan_rx_age=25.4ms odom_age=7.0ms odom_rx_age=6.1ms sensor_skew=42.8ms loop_to_send=5.6ms
[go2:sport] DRY cmd#1844 seq=1876 v=0.893 w=-0.572 dt=40.0ms policy_zmq_lag=0.6ms action_age=50.3ms scan_age=49.7ms scan_rx_age=24.7ms odom_age=7.0ms odom_rx_age=6.1ms sensor_skew=42.7ms loop_to_send=5.7ms
[go2:sport] DRY cmd#1845 seq=1877 v=0.893 w=-0.583 dt=40.2ms policy_zmq_lag=0.6ms action_age=50.4ms scan_age=49.8ms scan_rx_age=25.7ms odom_age=7.1ms odom_rx_age=6.1ms sensor_skew=42.7ms loop_to_send=5.6ms
[go2:sport] DRY cmd#1846 seq=1878 v=0.893 w=-0.569 dt=40.3ms policy_zmq_lag=0.8ms action_age=50.7ms scan_age=49.9ms scan_rx_age=25.2ms odom_age=7.3ms odom_rx_age=6.3ms sensor_skew=42.7ms loop_to_send=5.7ms
[go2:sport] DRY cmd#1847 seq=1879 v=0.894 w=-0.568 dt=39.9ms policy_zmq_lag=0.7ms action_age=50.6ms scan_age=49.9ms scan_rx_age=25.6ms odom_age=7.2ms odom_rx_age=6.2ms sensor_skew=42.7ms loop_to_send=5.7ms
[go2:sport] DRY cmd#1848 seq=1880 v=0.894 w=-0.566 dt=39.5ms policy_zmq_lag=0.6ms action_age=30.1ms scan_age=29.5ms scan_rx_age=6.1ms odom_age=10.4ms odom_rx_age=9.7ms sensor_skew=19.1ms loop_to_send=5.5ms
[go2:sport] DRY cmd#1849 seq=1881 v=0.893 w=-0.576 dt=40.2ms policy_zmq_lag=0.6ms action_age=50.4ms scan_age=49.8ms scan_rx_age=25.4ms odom_age=7.1ms odom_rx_age=6.1ms sensor_skew=42.7ms loop_to_send=5.6ms
[go2:sport] DRY cmd#1850 seq=1882 v=0.894 w=-0.566 dt=39.7ms policy_zmq_lag=0.6ms action_age=50.1ms scan_age=49.5ms scan_rx_age=25.4ms odom_age=6.8ms odom_rx_age=6.0ms sensor_skew=42.7ms loop_to_send=5.6ms
[go2:sport] DRY cmd#1851 seq=1883 v=0.893 w=-0.574 dt=41.2ms policy_zmq_lag=0.6ms action_age=51.3ms scan_age=50.7ms scan_rx_age=24.8ms odom_age=8.0ms odom_rx_age=7.0ms sensor_skew=42.7ms loop_to_send=6.4ms
[go2:sport] DRY cmd#1852 seq=1884 v=0.893 w=-0.566 dt=38.7ms policy_zmq_lag=0.6ms action_age=49.8ms scan_age=49.2ms scan_rx_age=24.9ms odom_age=6.8ms odom_rx_age=5.9ms sensor_skew=42.5ms loop_to_send=5.5ms
[go2:sport] DRY cmd#1853 seq=1885 v=0.893 w=-0.571 dt=40.1ms policy_zmq_lag=0.7ms action_age=50.1ms scan_age=49.4ms scan_rx_age=25.4ms odom_age=6.9ms odom_rx_age=6.1ms sensor_skew=42.6ms loop_to_send=5.6ms
[go2:sport] DRY cmd#1854 seq=1886 v=0.893 w=-0.579 dt=40.6ms policy_zmq_lag=0.6ms action_age=50.7ms scan_age=50.1ms scan_rx_age=25.6ms odom_age=7.4ms odom_rx_age=6.4ms sensor_skew=42.7ms loop_to_send=5.8ms
[go2:sport] DRY cmd#1855 seq=1887 v=0.893 w=-0.566 dt=40.0ms policy_zmq_lag=0.6ms action_age=50.8ms scan_age=50.2ms scan_rx_age=25.7ms odom_age=7.5ms odom_rx_age=6.4ms sensor_skew=42.7ms loop_to_send=5.8ms
[go2:sport] DRY cmd#1856 seq=1888 v=0.893 w=-0.571 dt=39.8ms policy_zmq_lag=0.6ms action_age=50.5ms scan_age=49.9ms scan_rx_age=25.6ms odom_age=7.2ms odom_rx_age=6.2ms sensor_skew=42.7ms loop_to_send=5.6ms
[go2:sport] DRY cmd#1857 seq=1889 v=0.894 w=-0.570 dt=39.8ms policy_zmq_lag=0.6ms action_age=50.1ms scan_age=49.5ms scan_rx_age=25.1ms odom_age=7.2ms odom_rx_age=6.2ms sensor_skew=42.3ms loop_to_send=5.7ms
[go2:sport] DRY cmd#1858 seq=1890 v=0.893 w=-0.575 dt=39.6ms policy_zmq_lag=0.6ms action_age=29.9ms scan_age=29.3ms scan_rx_age=6.0ms odom_age=10.2ms odom_rx_age=9.5ms sensor_skew=19.1ms loop_to_send=5.6ms
[go2:sport] DRY cmd#1859 seq=1891 v=0.893 w=-0.566 dt=40.1ms policy_zmq_lag=0.6ms action_age=50.1ms scan_age=49.5ms scan_rx_age=25.4ms odom_age=6.9ms odom_rx_age=6.0ms sensor_skew=42.6ms loop_to_send=5.5ms
[go2:sport] DRY cmd#1860 seq=1892 v=0.894 w=-0.567 dt=40.2ms policy_zmq_lag=0.6ms action_age=50.3ms scan_age=49.7ms scan_rx_age=25.5ms odom_age=7.0ms odom_rx_age=6.1ms sensor_skew=42.7ms loop_to_send=5.6ms
[go2:sport] DRY cmd#1861 seq=1893 v=0.893 w=-0.569 dt=39.9ms policy_zmq_lag=0.6ms action_age=50.1ms scan_age=49.5ms scan_rx_age=25.4ms odom_age=7.0ms odom_rx_age=6.1ms sensor_skew=42.5ms loop_to_send=5.6ms
[go2:sport] DRY cmd#1862 seq=1894 v=0.894 w=-0.564 dt=40.0ms policy_zmq_lag=0.7ms action_age=50.1ms scan_age=49.4ms scan_rx_age=25.2ms odom_age=6.9ms odom_rx_age=6.0ms sensor_skew=42.5ms loop_to_send=5.6ms
[go2:sport] DRY cmd#1863 seq=1895 v=0.894 w=-0.574 dt=40.5ms policy_zmq_lag=0.6ms action_age=50.7ms scan_age=50.0ms scan_rx_age=25.5ms odom_age=7.5ms odom_rx_age=6.4ms sensor_skew=42.6ms loop_to_send=5.8ms
[go2:sport] DRY cmd#1864 seq=1896 v=0.894 w=-0.575 dt=39.9ms policy_zmq_lag=0.6ms action_age=50.6ms scan_age=50.0ms scan_rx_age=25.7ms odom_age=7.4ms odom_rx_age=6.3ms sensor_skew=42.6ms loop_to_send=5.7ms
[go2:sport] DRY cmd#1865 seq=1897 v=0.893 w=-0.577 dt=39.7ms policy_zmq_lag=0.6ms action_age=50.4ms scan_age=49.8ms scan_rx_age=25.5ms odom_age=7.2ms odom_rx_age=6.3ms sensor_skew=42.6ms loop_to_send=5.8ms
[go2:sport] DRY cmd#1866 seq=1898 v=0.893 w=-0.577 dt=40.0ms policy_zmq_lag=0.6ms action_age=50.4ms scan_age=49.8ms scan_rx_age=23.9ms odom_age=7.2ms odom_rx_age=6.2ms sensor_skew=42.6ms loop_to_send=5.7ms
[go2:sport] DRY cmd#1867 seq=1899 v=0.893 w=-0.582 dt=39.7ms policy_zmq_lag=0.6ms action_age=49.9ms scan_age=49.3ms scan_rx_age=25.3ms odom_age=6.9ms odom_rx_age=6.1ms sensor_skew=42.3ms loop_to_send=5.6ms
[go2:sport] DRY cmd#1868 seq=1900 v=0.894 w=-0.581 dt=40.0ms policy_zmq_lag=0.6ms action_age=50.1ms scan_age=49.5ms scan_rx_age=25.4ms odom_age=6.9ms odom_rx_age=6.0ms sensor_skew=42.6ms loop_to_send=5.5ms
[go2:sport] DRY cmd#1869 seq=1901 v=0.893 w=-0.574 dt=40.2ms policy_zmq_lag=0.6ms action_age=50.3ms scan_age=49.7ms scan_rx_age=25.5ms odom_age=7.0ms odom_rx_age=6.1ms sensor_skew=42.7ms loop_to_send=5.6ms
[go2:sport] DRY cmd#1870 seq=1902 v=0.893 w=-0.574 dt=39.8ms policy_zmq_lag=0.6ms action_age=50.1ms scan_age=49.5ms scan_rx_age=25.2ms odom_age=6.9ms odom_rx_age=6.0ms sensor_skew=42.5ms loop_to_send=5.5ms
[go2:sport] DRY cmd#1871 seq=1903 v=0.893 w=-0.573 dt=40.1ms policy_zmq_lag=0.7ms action_age=50.3ms scan_age=49.6ms scan_rx_age=25.3ms odom_age=7.0ms odom_rx_age=6.0ms sensor_skew=42.6ms loop_to_send=5.5ms
[go2:sport] DRY cmd#1872 seq=1904 v=0.893 w=-0.575 dt=40.6ms policy_zmq_lag=0.6ms action_age=50.7ms scan_age=50.1ms scan_rx_age=26.1ms odom_age=7.6ms odom_rx_age=6.5ms sensor_skew=42.5ms loop_to_send=5.9ms
[go2:sport] DRY cmd#1873 seq=1905 v=0.893 w=-0.570 dt=40.9ms policy_zmq_lag=0.9ms action_age=51.7ms scan_age=50.8ms scan_rx_age=26.3ms odom_age=8.2ms odom_rx_age=7.0ms sensor_skew=42.7ms loop_to_send=6.3ms
[go2:sport] DRY cmd#1874 seq=1906 v=0.893 w=-0.566 dt=40.3ms policy_zmq_lag=0.7ms action_age=52.1ms scan_age=51.4ms scan_rx_age=26.8ms odom_age=8.7ms odom_rx_age=7.3ms sensor_skew=42.7ms loop_to_send=6.5ms
[go2:sport] DRY cmd#1875 seq=1907 v=0.893 w=-0.563 dt=38.7ms policy_zmq_lag=0.6ms action_age=50.8ms scan_age=50.2ms scan_rx_age=25.8ms odom_age=7.6ms odom_rx_age=6.7ms sensor_skew=42.6ms loop_to_send=6.1ms
[go2:sport] DRY cmd#1876 seq=1908 v=0.893 w=-0.561 dt=40.2ms policy_zmq_lag=0.7ms action_age=51.0ms scan_age=50.4ms scan_rx_age=25.8ms odom_age=7.7ms odom_rx_age=6.6ms sensor_skew=42.7ms loop_to_send=6.1ms
[go2:sport] DRY cmd#1877 seq=1909 v=0.894 w=-0.568 dt=40.3ms policy_zmq_lag=0.6ms action_age=51.1ms scan_age=50.4ms scan_rx_age=26.2ms odom_age=8.2ms odom_rx_age=6.9ms sensor_skew=42.2ms loop_to_send=6.2ms
[go2:sport] DRY cmd#1878 seq=1910 v=0.894 w=-0.581 dt=40.0ms policy_zmq_lag=0.7ms action_age=51.1ms scan_age=50.5ms scan_rx_age=20.5ms odom_age=11.4ms odom_rx_age=6.9ms sensor_skew=39.0ms loop_to_send=5.8ms
[go2:sport] DRY cmd#1879 seq=1911 v=0.894 w=-0.573 dt=39.3ms policy_zmq_lag=0.7ms action_age=49.8ms scan_age=49.1ms scan_rx_age=25.7ms odom_age=7.2ms odom_rx_age=6.3ms sensor_skew=41.9ms loop_to_send=5.8ms
[go2:sport] DRY cmd#1880 seq=1912 v=0.894 w=-0.579 dt=40.3ms policy_zmq_lag=0.6ms action_age=50.8ms scan_age=50.2ms scan_rx_age=26.0ms odom_age=7.5ms odom_rx_age=6.5ms sensor_skew=42.7ms loop_to_send=5.9ms
[go2:sport] DRY cmd#1881 seq=1913 v=0.894 w=-0.575 dt=40.0ms policy_zmq_lag=0.6ms action_age=50.8ms scan_age=50.2ms scan_rx_age=25.9ms odom_age=16.9ms odom_rx_age=14.4ms sensor_skew=33.3ms loop_to_send=6.3ms
[go2:sport] DRY cmd#1882 seq=1914 v=0.894 w=-0.575 dt=41.0ms policy_zmq_lag=0.7ms action_age=51.6ms scan_age=50.9ms scan_rx_age=25.9ms odom_age=8.6ms odom_rx_age=7.3ms sensor_skew=42.3ms loop_to_send=6.7ms
[go2:sport] DRY cmd#1883 seq=1915 v=0.894 w=-0.567 dt=38.7ms policy_zmq_lag=0.6ms action_age=50.6ms scan_age=49.9ms scan_rx_age=25.9ms odom_age=7.3ms odom_rx_age=6.3ms sensor_skew=42.7ms loop_to_send=5.8ms
[go2:sport] DRY cmd#1884 seq=1916 v=0.894 w=-0.574 dt=40.3ms policy_zmq_lag=0.6ms action_age=50.8ms scan_age=50.2ms scan_rx_age=26.0ms odom_age=7.6ms odom_rx_age=6.5ms sensor_skew=42.6ms loop_to_send=6.0ms
[go2:sport] DRY cmd#1885 seq=1917 v=0.893 w=-0.584 dt=39.7ms policy_zmq_lag=0.7ms action_age=50.5ms scan_age=49.8ms scan_rx_age=25.7ms odom_age=7.4ms odom_rx_age=6.4ms sensor_skew=42.5ms loop_to_send=5.8ms
[go2:sport] DRY cmd#1886 seq=1918 v=0.893 w=-0.583 dt=39.9ms policy_zmq_lag=0.6ms action_age=50.4ms scan_age=49.7ms scan_rx_age=25.5ms odom_age=7.2ms odom_rx_age=6.2ms sensor_skew=42.6ms loop_to_send=5.7ms
[go2:sport] DRY cmd#1887 seq=1919 v=0.893 w=-0.583 dt=40.0ms policy_zmq_lag=0.7ms action_age=50.2ms scan_age=49.5ms scan_rx_age=24.9ms odom_age=7.2ms odom_rx_age=6.2ms sensor_skew=42.3ms loop_to_send=5.7ms
[go2:sport] DRY cmd#1888 seq=1920 v=0.894 w=-0.575 dt=40.4ms policy_zmq_lag=0.6ms action_age=50.9ms scan_age=50.3ms scan_rx_age=25.9ms odom_age=7.6ms odom_rx_age=6.5ms sensor_skew=42.7ms loop_to_send=5.9ms
[go2:sport] DRY cmd#1889 seq=1921 v=0.893 w=-0.577 dt=39.3ms policy_zmq_lag=0.6ms action_age=50.1ms scan_age=49.5ms scan_rx_age=24.8ms odom_age=7.0ms odom_rx_age=6.0ms sensor_skew=42.5ms loop_to_send=5.5ms
[go2:sport] DRY cmd#1890 seq=1922 v=0.893 w=-0.583 dt=39.9ms policy_zmq_lag=0.6ms action_age=50.1ms scan_age=49.5ms scan_rx_age=25.3ms odom_age=6.9ms odom_rx_age=6.1ms sensor_skew=42.5ms loop_to_send=5.6ms
[go2:sport] DRY cmd#1891 seq=1923 v=0.893 w=-0.577 dt=40.6ms policy_zmq_lag=0.8ms action_age=50.8ms scan_age=50.0ms scan_rx_age=25.7ms odom_age=7.5ms odom_rx_age=6.4ms sensor_skew=42.6ms loop_to_send=5.9ms
[go2:sport] DRY cmd#1892 seq=1924 v=0.894 w=-0.582 dt=39.9ms policy_zmq_lag=0.6ms action_age=50.5ms scan_age=49.8ms scan_rx_age=25.3ms odom_age=7.4ms odom_rx_age=6.1ms sensor_skew=42.5ms loop_to_send=5.5ms
[go2:sport] DRY cmd#1893 seq=1925 v=0.894 w=-0.571 dt=39.9ms policy_zmq_lag=0.6ms action_age=50.5ms scan_age=49.9ms scan_rx_age=25.7ms odom_age=7.2ms odom_rx_age=6.3ms sensor_skew=42.7ms loop_to_send=5.8ms
[go2:sport] DRY cmd#1894 seq=1926 v=0.894 w=-0.581 dt=40.1ms policy_zmq_lag=0.6ms action_age=50.5ms scan_age=49.9ms scan_rx_age=25.4ms odom_age=7.4ms odom_rx_age=6.3ms sensor_skew=42.5ms loop_to_send=5.7ms
[go2:sport] DRY cmd#1895 seq=1927 v=0.893 w=-0.574 dt=39.7ms policy_zmq_lag=0.6ms action_age=50.2ms scan_age=49.6ms scan_rx_age=25.3ms odom_age=7.2ms odom_rx_age=6.2ms sensor_skew=42.4ms loop_to_send=5.6ms
[go2:sport] DRY cmd#1896 seq=1928 v=0.893 w=-0.584 dt=39.9ms policy_zmq_lag=0.6ms action_age=50.1ms scan_age=49.5ms scan_rx_age=25.5ms odom_age=7.1ms odom_rx_age=6.1ms sensor_skew=42.4ms loop_to_send=5.6ms
[go2:sport] DRY cmd#1897 seq=1929 v=0.893 w=-0.569 dt=40.3ms policy_zmq_lag=0.6ms action_age=50.3ms scan_age=49.6ms scan_rx_age=25.7ms odom_age=7.3ms odom_rx_age=6.3ms sensor_skew=42.3ms loop_to_send=5.7ms
[go2:sport] DRY cmd#1898 seq=1930 v=0.893 w=-0.591 dt=39.6ms policy_zmq_lag=0.7ms action_age=50.2ms scan_age=49.5ms scan_rx_age=25.0ms odom_age=10.3ms odom_rx_age=9.3ms sensor_skew=39.3ms loop_to_send=5.9ms
[go2:sport] DRY cmd#1899 seq=1931 v=0.893 w=-0.580 dt=41.8ms policy_zmq_lag=0.6ms action_age=51.9ms scan_age=51.3ms scan_rx_age=26.9ms odom_age=8.7ms odom_rx_age=7.2ms sensor_skew=42.6ms loop_to_send=6.4ms
[go2:sport] DRY cmd#1900 seq=1932 v=0.894 w=-0.576 dt=38.8ms policy_zmq_lag=0.7ms action_age=50.6ms scan_age=49.9ms scan_rx_age=20.9ms odom_age=7.7ms odom_rx_age=6.5ms sensor_skew=42.2ms loop_to_send=5.9ms
[go2:sport] DRY cmd#1901 seq=1933 v=0.893 w=-0.572 dt=40.2ms policy_zmq_lag=0.7ms action_age=50.9ms scan_age=50.2ms scan_rx_age=25.7ms odom_age=7.7ms odom_rx_age=6.6ms sensor_skew=42.4ms loop_to_send=6.0ms
[go2:sport] DRY cmd#1902 seq=1934 v=0.893 w=-0.569 dt=39.6ms policy_zmq_lag=0.6ms action_age=50.3ms scan_age=49.7ms scan_rx_age=25.7ms odom_age=7.4ms odom_rx_age=6.4ms sensor_skew=42.3ms loop_to_send=5.8ms
[go2:sport] DRY cmd#1903 seq=1935 v=0.893 w=-0.578 dt=39.8ms policy_zmq_lag=0.7ms action_age=50.4ms scan_age=49.7ms scan_rx_age=24.9ms odom_age=7.2ms odom_rx_age=6.3ms sensor_skew=42.4ms loop_to_send=5.8ms
[go2:sport] DRY cmd#1904 seq=1936 v=0.893 w=-0.571 dt=40.0ms policy_zmq_lag=0.7ms action_age=50.3ms scan_age=49.6ms scan_rx_age=24.9ms odom_age=7.3ms odom_rx_age=6.4ms sensor_skew=42.3ms loop_to_send=5.8ms
[go2:sport] DRY cmd#1905 seq=1937 v=0.893 w=-0.583 dt=40.0ms policy_zmq_lag=0.6ms action_age=50.4ms scan_age=49.7ms scan_rx_age=25.5ms odom_age=7.3ms odom_rx_age=6.3ms sensor_skew=42.5ms loop_to_send=5.8ms
[go2:sport] DRY cmd#1906 seq=1938 v=0.894 w=-0.585 dt=40.3ms policy_zmq_lag=1.0ms action_age=50.7ms scan_age=49.7ms scan_rx_age=24.8ms odom_age=7.3ms odom_rx_age=6.3ms sensor_skew=42.4ms loop_to_send=5.8ms
[go2:sport] DRY cmd#1907 seq=1939 v=0.894 w=-0.572 dt=39.8ms policy_zmq_lag=0.6ms action_age=50.4ms scan_age=49.8ms scan_rx_age=25.1ms odom_age=7.5ms odom_rx_age=6.4ms sensor_skew=42.4ms loop_to_send=5.9ms
[go2:sport] DRY cmd#1908 seq=1940 v=0.893 w=-0.568 dt=40.1ms policy_zmq_lag=0.6ms action_age=50.6ms scan_age=49.9ms scan_rx_age=25.1ms odom_age=7.5ms odom_rx_age=6.4ms sensor_skew=42.4ms loop_to_send=5.9ms
[go2:sport] DRY cmd#1909 seq=1941 v=0.894 w=-0.569 dt=39.9ms policy_zmq_lag=0.6ms action_age=50.4ms scan_age=49.8ms scan_rx_age=24.0ms odom_age=7.4ms odom_rx_age=6.4ms sensor_skew=42.4ms loop_to_send=5.8ms
[go2:sport] DRY cmd#1910 seq=1942 v=0.893 w=-0.581 dt=40.1ms policy_zmq_lag=0.8ms action_age=50.5ms scan_age=49.7ms scan_rx_age=25.3ms odom_age=7.4ms odom_rx_age=6.5ms sensor_skew=42.3ms loop_to_send=5.9ms
[go2:sport] DRY cmd#1911 seq=1943 v=0.893 w=-0.576 dt=39.9ms policy_zmq_lag=0.6ms action_age=50.3ms scan_age=49.8ms scan_rx_age=25.7ms odom_age=7.3ms odom_rx_age=6.3ms sensor_skew=42.5ms loop_to_send=5.8ms
[go2:sport] DRY cmd#1912 seq=1944 v=0.894 w=-0.567 dt=40.2ms policy_zmq_lag=0.6ms action_age=50.5ms scan_age=49.9ms scan_rx_age=25.7ms odom_age=7.5ms odom_rx_age=6.6ms sensor_skew=42.4ms loop_to_send=6.1ms
[go2:sport] DRY cmd#1913 seq=1945 v=0.894 w=-0.561 dt=40.0ms policy_zmq_lag=0.6ms action_age=50.7ms scan_age=50.1ms scan_rx_age=25.9ms odom_age=7.6ms odom_rx_age=6.4ms sensor_skew=42.5ms loop_to_send=5.9ms
[go2:sport] DRY cmd#1914 seq=1946 v=0.894 w=-0.564 dt=40.0ms policy_zmq_lag=0.6ms action_age=50.7ms scan_age=50.1ms scan_rx_age=25.6ms odom_age=7.5ms odom_rx_age=6.4ms sensor_skew=42.5ms loop_to_send=5.8ms
[go2:sport] DRY cmd#1915 seq=1947 v=0.893 w=-0.573 dt=40.1ms policy_zmq_lag=0.6ms action_age=50.7ms scan_age=50.1ms scan_rx_age=25.6ms odom_age=7.7ms odom_rx_age=6.5ms sensor_skew=42.4ms loop_to_send=5.9ms
[go2:sport] DRY cmd#1916 seq=1948 v=0.893 w=-0.577 dt=39.6ms policy_zmq_lag=0.6ms action_age=50.4ms scan_age=49.8ms scan_rx_age=24.8ms odom_age=7.3ms odom_rx_age=6.3ms sensor_skew=42.5ms loop_to_send=5.8ms
[go2:sport] DRY cmd#1917 seq=1949 v=0.893 w=-0.555 dt=40.0ms policy_zmq_lag=0.6ms action_age=50.2ms scan_age=49.6ms scan_rx_age=25.4ms odom_age=7.1ms odom_rx_age=6.2ms sensor_skew=42.5ms loop_to_send=5.7ms
[go2:sport] DRY cmd#1918 seq=1950 v=0.893 w=-0.557 dt=40.3ms policy_zmq_lag=0.8ms action_age=50.5ms scan_age=49.7ms scan_rx_age=25.2ms odom_age=7.5ms odom_rx_age=6.5ms sensor_skew=42.2ms loop_to_send=5.9ms
[go2:sport] DRY cmd#1919 seq=1951 v=0.893 w=-0.550 dt=40.1ms policy_zmq_lag=0.6ms action_age=50.7ms scan_age=50.1ms scan_rx_age=26.0ms odom_age=7.7ms odom_rx_age=6.5ms sensor_skew=42.4ms loop_to_send=5.9ms
[go2:sport] DRY cmd#1920 seq=1952 v=0.893 w=-0.571 dt=39.4ms policy_zmq_lag=0.6ms action_age=50.1ms scan_age=49.4ms scan_rx_age=25.3ms odom_age=7.1ms odom_rx_age=6.1ms sensor_skew=42.4ms loop_to_send=5.6ms
[go2:sport] DRY cmd#1921 seq=1953 v=0.894 w=-0.578 dt=40.7ms policy_zmq_lag=0.8ms action_age=50.8ms scan_age=50.0ms scan_rx_age=26.2ms odom_age=7.6ms odom_rx_age=6.5ms sensor_skew=42.4ms loop_to_send=5.9ms
[go2:sport] DRY cmd#1922 seq=1954 v=0.894 w=-0.573 dt=40.1ms policy_zmq_lag=1.5ms action_age=50.7ms scan_age=49.3ms scan_rx_age=25.6ms odom_age=7.1ms odom_rx_age=6.1ms sensor_skew=42.1ms loop_to_send=5.6ms
[go2:sport] DRY cmd#1923 seq=1955 v=0.894 w=-0.577 dt=38.8ms policy_zmq_lag=0.6ms action_age=49.8ms scan_age=49.1ms scan_rx_age=25.1ms odom_age=16.8ms odom_rx_age=16.0ms sensor_skew=32.3ms loop_to_send=5.5ms
[go2:sport] DRY cmd#1924 seq=1956 v=0.894 w=-0.572 dt=40.6ms policy_zmq_lag=0.6ms action_age=50.4ms scan_age=49.8ms scan_rx_age=25.1ms odom_age=7.2ms odom_rx_age=6.2ms sensor_skew=42.5ms loop_to_send=5.7ms
[go2:sport] DRY cmd#1925 seq=1957 v=0.894 w=-0.569 dt=39.9ms policy_zmq_lag=0.6ms action_age=50.3ms scan_age=49.7ms scan_rx_age=25.1ms odom_age=7.2ms odom_rx_age=6.2ms sensor_skew=42.5ms loop_to_send=5.6ms
[go2:sport] DRY cmd#1926 seq=1958 v=0.894 w=-0.576 dt=40.5ms policy_zmq_lag=0.6ms action_age=50.8ms scan_age=50.1ms scan_rx_age=26.0ms odom_age=7.7ms odom_rx_age=6.6ms sensor_skew=42.4ms loop_to_send=6.0ms
[go2:sport] DRY cmd#1927 seq=1959 v=0.893 w=-0.580 dt=41.2ms policy_zmq_lag=0.7ms action_age=51.8ms scan_age=51.1ms scan_rx_age=26.3ms odom_age=8.9ms odom_rx_age=7.9ms sensor_skew=42.2ms loop_to_send=7.2ms
[go2:sport] DRY cmd#1928 seq=1960 v=0.893 w=-0.574 dt=39.6ms policy_zmq_lag=0.6ms action_age=51.6ms scan_age=51.0ms scan_rx_age=26.6ms odom_age=8.6ms odom_rx_age=7.5ms sensor_skew=42.4ms loop_to_send=6.9ms
[go2:sport] DRY cmd#1929 seq=1961 v=0.893 w=-0.581 dt=40.5ms policy_zmq_lag=0.6ms action_age=51.5ms scan_age=50.9ms scan_rx_age=27.1ms odom_age=8.9ms odom_rx_age=7.8ms sensor_skew=41.9ms loop_to_send=7.1ms
[go2:sport] DRY cmd#1930 seq=1962 v=0.893 w=-0.579 dt=38.3ms policy_zmq_lag=0.7ms action_age=50.4ms scan_age=49.7ms scan_rx_age=25.4ms odom_age=10.8ms odom_rx_age=9.9ms sensor_skew=38.9ms loop_to_send=6.0ms
[go2:sport] DRY cmd#1931 seq=1963 v=0.894 w=-0.567 dt=41.0ms policy_zmq_lag=0.6ms action_age=51.3ms scan_age=50.7ms scan_rx_age=26.7ms odom_age=8.1ms odom_rx_age=6.9ms sensor_skew=42.6ms loop_to_send=6.3ms
[go2:sport] DRY cmd#1932 seq=1964 v=0.894 w=-0.575 dt=40.2ms policy_zmq_lag=0.7ms action_age=51.5ms scan_age=50.8ms scan_rx_age=26.6ms odom_age=8.5ms odom_rx_age=7.4ms sensor_skew=42.3ms loop_to_send=6.7ms
[go2:sport] DRY cmd#1933 seq=1965 v=0.894 w=-0.582 dt=38.7ms policy_zmq_lag=0.6ms action_age=50.4ms scan_age=49.8ms scan_rx_age=25.2ms odom_age=7.3ms odom_rx_age=6.3ms sensor_skew=42.5ms loop_to_send=5.8ms
[go2:sport] DRY cmd#1934 seq=1966 v=0.894 w=-0.576 dt=40.1ms policy_zmq_lag=0.6ms action_age=50.3ms scan_age=49.7ms scan_rx_age=25.0ms odom_age=7.4ms odom_rx_age=6.4ms sensor_skew=42.3ms loop_to_send=6.0ms
[go2:sport] DRY cmd#1935 seq=1967 v=0.894 w=-0.573 dt=40.4ms policy_zmq_lag=0.6ms action_age=50.7ms scan_age=50.0ms scan_rx_age=26.0ms odom_age=7.8ms odom_rx_age=6.7ms sensor_skew=42.2ms loop_to_send=6.1ms
[go2:sport] DRY cmd#1936 seq=1968 v=0.893 w=-0.571 dt=40.1ms policy_zmq_lag=0.7ms action_age=50.8ms scan_age=50.2ms scan_rx_age=26.0ms odom_age=7.8ms odom_rx_age=6.6ms sensor_skew=42.4ms loop_to_send=6.0ms
[go2:sport] DRY cmd#1937 seq=1969 v=0.894 w=-0.562 dt=41.5ms policy_zmq_lag=0.7ms action_age=52.2ms scan_age=51.6ms scan_rx_age=27.0ms odom_age=9.3ms odom_rx_age=8.0ms sensor_skew=42.3ms loop_to_send=7.3ms
[go2:sport] DRY cmd#1938 seq=1970 v=0.894 w=-0.570 dt=38.4ms policy_zmq_lag=0.7ms action_age=51.0ms scan_age=50.3ms scan_rx_age=24.2ms odom_age=7.6ms odom_rx_age=6.5ms sensor_skew=42.7ms loop_to_send=5.9ms
[go2:sport] DRY cmd#1939 seq=1971 v=0.894 w=-0.578 dt=41.0ms policy_zmq_lag=0.6ms action_age=51.8ms scan_age=51.2ms scan_rx_age=27.0ms odom_age=8.8ms odom_rx_age=7.9ms sensor_skew=42.4ms loop_to_send=7.3ms
[go2:sport] DRY cmd#1940 seq=1972 v=0.893 w=-0.577 dt=38.1ms policy_zmq_lag=0.6ms action_age=49.9ms scan_age=49.3ms scan_rx_age=25.3ms odom_age=7.0ms odom_rx_age=6.2ms sensor_skew=42.3ms loop_to_send=5.7ms
[go2:sport] DRY cmd#1941 seq=1973 v=0.893 w=-0.571 dt=40.6ms policy_zmq_lag=0.6ms action_age=50.5ms scan_age=49.9ms scan_rx_age=26.2ms odom_age=7.5ms odom_rx_age=6.4ms sensor_skew=42.4ms loop_to_send=5.9ms
[go2:sport] DRY cmd#1942 seq=1974 v=0.893 w=-0.578 dt=39.5ms policy_zmq_lag=0.6ms action_age=49.8ms scan_age=49.2ms scan_rx_age=25.3ms odom_age=7.0ms odom_rx_age=6.1ms sensor_skew=42.2ms loop_to_send=5.6ms
[go2:sport] DRY cmd#1943 seq=1975 v=0.893 w=-0.574 dt=40.0ms policy_zmq_lag=0.7ms action_age=49.9ms scan_age=49.2ms scan_rx_age=25.0ms odom_age=7.1ms odom_rx_age=6.2ms sensor_skew=42.1ms loop_to_send=5.6ms
[go2:sport] DRY cmd#1944 seq=1976 v=0.893 w=-0.568 dt=40.9ms policy_zmq_lag=1.0ms action_age=50.8ms scan_age=49.8ms scan_rx_age=25.4ms odom_age=7.4ms odom_rx_age=6.4ms sensor_skew=42.4ms loop_to_send=5.9ms
[go2:sport] DRY cmd#1945 seq=1977 v=0.893 w=-0.588 dt=39.8ms policy_zmq_lag=0.9ms action_age=50.5ms scan_age=49.6ms scan_rx_age=25.7ms odom_age=7.5ms odom_rx_age=6.4ms sensor_skew=42.2ms loop_to_send=5.8ms
[go2:sport] DRY cmd#1946 seq=1978 v=0.893 w=-0.563 dt=39.5ms policy_zmq_lag=0.7ms action_age=50.1ms scan_age=49.4ms scan_rx_age=25.0ms odom_age=7.1ms odom_rx_age=6.2ms sensor_skew=42.3ms loop_to_send=5.7ms
[go2:sport] DRY cmd#1947 seq=1979 v=0.893 w=-0.565 dt=39.9ms policy_zmq_lag=0.6ms action_age=49.9ms scan_age=49.2ms scan_rx_age=25.5ms odom_age=7.1ms odom_rx_age=6.2ms sensor_skew=42.1ms loop_to_send=5.7ms
[go2:sport] DRY cmd#1948 seq=1980 v=0.893 w=-0.562 dt=39.9ms policy_zmq_lag=0.6ms action_age=50.0ms scan_age=49.4ms scan_rx_age=24.7ms odom_age=7.1ms odom_rx_age=6.2ms sensor_skew=42.3ms loop_to_send=5.7ms
[go2:sport] DRY cmd#1949 seq=1981 v=0.893 w=-0.573 dt=40.4ms policy_zmq_lag=0.8ms action_age=50.5ms scan_age=49.7ms scan_rx_age=25.0ms odom_age=7.4ms odom_rx_age=6.5ms sensor_skew=42.3ms loop_to_send=5.9ms
[go2:sport] DRY cmd#1950 seq=1982 v=0.894 w=-0.581 dt=40.2ms policy_zmq_lag=0.8ms action_age=50.4ms scan_age=49.6ms scan_rx_age=25.1ms odom_age=7.6ms odom_rx_age=6.5ms sensor_skew=42.1ms loop_to_send=6.0ms
[go2:sport] DRY cmd#1951 seq=1983 v=0.893 w=-0.570 dt=39.8ms policy_zmq_lag=0.6ms action_age=50.2ms scan_age=49.5ms scan_rx_age=25.0ms odom_age=7.3ms odom_rx_age=6.3ms sensor_skew=42.3ms loop_to_send=5.8ms
[go2:sport] DRY cmd#1952 seq=1984 v=0.893 w=-0.568 dt=39.8ms policy_zmq_lag=0.7ms action_age=49.9ms scan_age=49.2ms scan_rx_age=25.3ms odom_age=7.2ms odom_rx_age=6.2ms sensor_skew=42.1ms loop_to_send=5.7ms
[go2:sport] DRY cmd#1953 seq=1985 v=0.893 w=-0.573 dt=39.6ms policy_zmq_lag=0.6ms action_age=49.7ms scan_age=49.1ms scan_rx_age=24.8ms odom_age=6.9ms odom_rx_age=6.1ms sensor_skew=42.2ms loop_to_send=5.6ms
[go2:sport] DRY cmd#1954 seq=1986 v=0.894 w=-0.570 dt=40.9ms policy_zmq_lag=0.6ms action_age=50.7ms scan_age=50.1ms scan_rx_age=25.9ms odom_age=7.7ms odom_rx_age=6.4ms sensor_skew=42.4ms loop_to_send=5.7ms
[go2:sport] DRY cmd#1955 seq=1987 v=0.894 w=-0.573 dt=39.2ms policy_zmq_lag=0.6ms action_age=49.9ms scan_age=49.2ms scan_rx_age=25.4ms odom_age=7.0ms odom_rx_age=6.1ms sensor_skew=42.3ms loop_to_send=5.6ms
[go2:sport] DRY cmd#1956 seq=1988 v=0.894 w=-0.568 dt=40.4ms policy_zmq_lag=0.8ms action_age=50.3ms scan_age=49.6ms scan_rx_age=25.4ms odom_age=7.2ms odom_rx_age=6.2ms sensor_skew=42.4ms loop_to_send=5.6ms
[go2:sport] DRY cmd#1957 seq=1989 v=0.894 w=-0.571 dt=39.8ms policy_zmq_lag=0.6ms action_age=49.9ms scan_age=49.3ms scan_rx_age=24.2ms odom_age=7.3ms odom_rx_age=6.3ms sensor_skew=42.0ms loop_to_send=5.8ms
[go2:sport] DRY cmd#1958 seq=1990 v=0.894 w=-0.573 dt=40.3ms policy_zmq_lag=0.7ms action_age=50.4ms scan_age=49.7ms scan_rx_age=25.7ms odom_age=7.4ms odom_rx_age=6.4ms sensor_skew=42.3ms loop_to_send=5.8ms
[go2:sport] DRY cmd#1959 seq=1991 v=0.893 w=-0.575 dt=39.6ms policy_zmq_lag=0.7ms action_age=49.9ms scan_age=49.2ms scan_rx_age=25.3ms odom_age=7.2ms odom_rx_age=6.3ms sensor_skew=42.0ms loop_to_send=5.7ms
[go2:sport] DRY cmd#1960 seq=1992 v=0.893 w=-0.574 dt=40.3ms policy_zmq_lag=0.6ms action_age=50.2ms scan_age=49.6ms scan_rx_age=25.9ms odom_age=7.2ms odom_rx_age=6.1ms sensor_skew=42.5ms loop_to_send=5.6ms
[go2:sport] DRY cmd#1961 seq=1993 v=0.893 w=-0.571 dt=39.6ms policy_zmq_lag=0.6ms action_age=49.9ms scan_age=49.3ms scan_rx_age=25.3ms odom_age=7.0ms odom_rx_age=6.1ms sensor_skew=42.3ms loop_to_send=5.6ms
[go2:sport] DRY cmd#1962 seq=1994 v=0.893 w=-0.573 dt=40.3ms policy_zmq_lag=0.6ms action_age=50.0ms scan_age=49.4ms scan_rx_age=25.4ms odom_age=7.3ms odom_rx_age=6.3ms sensor_skew=42.1ms loop_to_send=5.8ms
[go2:sport] DRY cmd#1963 seq=1995 v=0.894 w=-0.559 dt=39.6ms policy_zmq_lag=0.6ms action_age=49.8ms scan_age=49.2ms scan_rx_age=24.8ms odom_age=7.0ms odom_rx_age=6.2ms sensor_skew=42.2ms loop_to_send=5.7ms
[go2:sport] DRY cmd#1964 seq=1996 v=0.894 w=-0.570 dt=40.3ms policy_zmq_lag=0.7ms action_age=50.1ms scan_age=49.5ms scan_rx_age=25.2ms odom_age=7.2ms odom_rx_age=6.2ms sensor_skew=42.2ms loop_to_send=5.7ms
[go2:sport] DRY cmd#1965 seq=1997 v=0.894 w=-0.570 dt=39.7ms policy_zmq_lag=0.6ms action_age=49.9ms scan_age=49.2ms scan_rx_age=25.4ms odom_age=7.0ms odom_rx_age=6.2ms sensor_skew=42.2ms loop_to_send=5.7ms
[go2:sport] DRY cmd#1966 seq=1998 v=0.894 w=-0.582 dt=40.6ms policy_zmq_lag=0.6ms action_age=50.4ms scan_age=49.8ms scan_rx_age=25.3ms odom_age=7.5ms odom_rx_age=6.4ms sensor_skew=42.3ms loop_to_send=5.8ms
[go2:sport] DRY cmd#1967 seq=1999 v=0.894 w=-0.587 dt=40.4ms policy_zmq_lag=0.6ms action_age=50.5ms scan_age=49.9ms scan_rx_age=25.6ms odom_age=8.1ms odom_rx_age=7.1ms sensor_skew=41.9ms loop_to_send=6.5ms
[go2:sport] DRY cmd#1968 seq=2000 v=0.894 w=-0.568 dt=40.2ms policy_zmq_lag=0.6ms action_age=50.9ms scan_age=50.3ms scan_rx_age=26.0ms odom_age=8.2ms odom_rx_age=7.2ms sensor_skew=42.1ms loop_to_send=6.6ms
[go2:sport] DRY cmd#1969 seq=2001 v=0.893 w=-0.568 dt=38.7ms policy_zmq_lag=0.6ms action_age=49.8ms scan_age=49.2ms scan_rx_age=24.3ms odom_age=6.9ms odom_rx_age=6.0ms sensor_skew=42.3ms loop_to_send=5.5ms
[go2:sport] DRY cmd#1970 seq=2002 v=0.893 w=-0.573 dt=40.0ms policy_zmq_lag=0.6ms action_age=49.7ms scan_age=49.1ms scan_rx_age=25.3ms odom_age=6.8ms odom_rx_age=6.0ms sensor_skew=42.3ms loop_to_send=5.5ms
[go2:sport] DRY cmd#1971 seq=2003 v=0.894 w=-0.570 dt=40.5ms policy_zmq_lag=0.9ms action_age=50.1ms scan_age=49.1ms scan_rx_age=25.5ms odom_age=7.1ms odom_rx_age=6.2ms sensor_skew=42.1ms loop_to_send=5.8ms
[go2:sport] DRY cmd#1972 seq=2004 v=0.894 w=-0.582 dt=39.5ms policy_zmq_lag=0.6ms action_age=49.6ms scan_age=49.0ms scan_rx_age=24.9ms odom_age=7.0ms odom_rx_age=6.1ms sensor_skew=42.0ms loop_to_send=5.6ms
[go2:sport] DRY cmd#1973 seq=2005 v=0.894 w=-0.574 dt=40.1ms policy_zmq_lag=0.6ms action_age=49.7ms scan_age=49.2ms scan_rx_age=24.6ms odom_age=7.0ms odom_rx_age=6.1ms sensor_skew=42.2ms loop_to_send=5.6ms
[go2:sport] DRY cmd#1974 seq=2006 v=0.894 w=-0.575 dt=40.0ms policy_zmq_lag=0.6ms action_age=49.8ms scan_age=49.2ms scan_rx_age=24.9ms odom_age=7.0ms odom_rx_age=6.1ms sensor_skew=42.2ms loop_to_send=5.7ms
[go2:sport] DRY cmd#1975 seq=2007 v=0.893 w=-0.575 dt=40.8ms policy_zmq_lag=0.6ms action_age=50.5ms scan_age=50.0ms scan_rx_age=25.8ms odom_age=7.8ms odom_rx_age=6.6ms sensor_skew=42.2ms loop_to_send=6.0ms
[go2:sport] DRY cmd#1976 seq=2008 v=0.893 w=-0.581 dt=39.5ms policy_zmq_lag=0.7ms action_age=50.2ms scan_age=49.5ms scan_rx_age=25.5ms odom_age=7.3ms odom_rx_age=6.4ms sensor_skew=42.2ms loop_to_send=5.8ms
[go2:sport] DRY cmd#1977 seq=2009 v=0.893 w=-0.580 dt=39.8ms policy_zmq_lag=0.6ms action_age=49.7ms scan_age=49.1ms scan_rx_age=25.4ms odom_age=7.1ms odom_rx_age=6.1ms sensor_skew=42.0ms loop_to_send=5.5ms
[go2:sport] DRY cmd#1978 seq=2010 v=0.894 w=-0.569 dt=41.2ms policy_zmq_lag=0.6ms action_age=51.1ms scan_age=50.4ms scan_rx_age=26.6ms odom_age=8.3ms odom_rx_age=6.7ms sensor_skew=42.1ms loop_to_send=6.0ms
[go2:sport] DRY cmd#1979 seq=2011 v=0.894 w=-0.559 dt=38.8ms policy_zmq_lag=0.6ms action_age=49.9ms scan_age=49.2ms scan_rx_age=25.4ms odom_age=7.0ms odom_rx_age=6.1ms sensor_skew=42.2ms loop_to_send=5.6ms
[go2:sport] DRY cmd#1980 seq=2012 v=0.893 w=-0.570 dt=40.5ms policy_zmq_lag=0.6ms action_age=30.5ms scan_age=29.9ms scan_rx_age=7.1ms odom_age=7.6ms odom_rx_age=6.4ms sensor_skew=22.2ms loop_to_send=5.6ms
[go2:sport] DRY cmd#1981 seq=2013 v=0.893 w=-0.575 dt=39.9ms policy_zmq_lag=0.6ms action_age=50.5ms scan_age=49.9ms scan_rx_age=25.9ms odom_age=7.6ms odom_rx_age=6.7ms sensor_skew=42.3ms loop_to_send=5.5ms
[go2:sport] DRY cmd#1982 seq=2014 v=0.893 w=-0.576 dt=39.2ms policy_zmq_lag=0.5ms action_age=49.3ms scan_age=48.8ms scan_rx_age=25.1ms odom_age=6.8ms odom_rx_age=6.0ms sensor_skew=42.0ms loop_to_send=5.5ms
[go2:sport] DRY cmd#1983 seq=2015 v=0.893 w=-0.585 dt=41.7ms policy_zmq_lag=0.6ms action_age=51.2ms scan_age=50.6ms scan_rx_age=26.6ms odom_age=8.0ms odom_rx_age=6.9ms sensor_skew=42.6ms loop_to_send=6.3ms
[go2:sport] DRY cmd#1984 seq=2016 v=0.893 w=-0.583 dt=39.8ms policy_zmq_lag=0.7ms action_age=51.2ms scan_age=50.5ms scan_rx_age=25.5ms odom_age=8.0ms odom_rx_age=6.6ms sensor_skew=42.5ms loop_to_send=6.1ms
[go2:sport] DRY cmd#1985 seq=2017 v=0.893 w=-0.587 dt=39.4ms policy_zmq_lag=0.6ms action_age=50.6ms scan_age=49.9ms scan_rx_age=25.8ms odom_age=7.7ms odom_rx_age=6.7ms sensor_skew=42.2ms loop_to_send=6.1ms
[go2:sport] DRY cmd#1986 seq=2018 v=0.894 w=-0.565 dt=39.5ms policy_zmq_lag=0.6ms action_age=50.1ms scan_age=49.4ms scan_rx_age=25.4ms odom_age=7.2ms odom_rx_age=6.3ms sensor_skew=42.2ms loop_to_send=5.8ms
[go2:sport] DRY cmd#1987 seq=2019 v=0.894 w=-0.559 dt=39.7ms policy_zmq_lag=0.6ms action_age=49.5ms scan_age=48.9ms scan_rx_age=25.4ms odom_age=6.9ms odom_rx_age=6.0ms sensor_skew=42.0ms loop_to_send=5.5ms
[go2:sport] DRY cmd#1988 seq=2020 v=0.894 w=-0.562 dt=40.2ms policy_zmq_lag=0.6ms action_age=50.0ms scan_age=49.3ms scan_rx_age=25.3ms odom_age=6.9ms odom_rx_age=6.0ms sensor_skew=42.4ms loop_to_send=5.6ms
[go2:sport] DRY cmd#1989 seq=2021 v=0.894 w=-0.565 dt=39.6ms policy_zmq_lag=0.6ms action_age=49.5ms scan_age=48.9ms scan_rx_age=24.7ms odom_age=6.7ms odom_rx_age=5.9ms sensor_skew=42.2ms loop_to_send=5.5ms
[go2:sport] DRY cmd#1990 seq=2022 v=0.893 w=-0.576 dt=40.0ms policy_zmq_lag=0.6ms action_age=49.6ms scan_age=49.0ms scan_rx_age=24.7ms odom_age=10.3ms odom_rx_age=9.6ms sensor_skew=38.7ms loop_to_send=5.4ms
[go2:sport] DRY cmd#1991 seq=2023 v=0.893 w=-0.577 dt=40.5ms policy_zmq_lag=0.6ms action_age=50.1ms scan_age=49.5ms scan_rx_age=25.3ms odom_age=7.1ms odom_rx_age=6.0ms sensor_skew=42.3ms loop_to_send=5.5ms
[go2:sport] DRY cmd#1992 seq=2024 v=0.893 w=-0.578 dt=40.0ms policy_zmq_lag=0.6ms action_age=49.9ms scan_age=49.3ms scan_rx_age=25.5ms odom_age=7.2ms odom_rx_age=6.1ms sensor_skew=42.2ms loop_to_send=5.5ms
[go2:sport] DRY cmd#1993 seq=2025 v=0.894 w=-0.581 dt=40.1ms policy_zmq_lag=0.6ms action_age=50.1ms scan_age=49.5ms scan_rx_age=22.2ms odom_age=7.4ms odom_rx_age=6.6ms sensor_skew=42.1ms loop_to_send=5.5ms
[go2:sport] DRY cmd#1994 seq=2026 v=0.894 w=-0.569 dt=40.0ms policy_zmq_lag=0.6ms action_age=50.1ms scan_age=49.5ms scan_rx_age=24.9ms odom_age=7.3ms odom_rx_age=6.5ms sensor_skew=42.2ms loop_to_send=5.4ms
[go2:sport] DRY cmd#1995 seq=2027 v=0.893 w=-0.571 dt=39.5ms policy_zmq_lag=0.5ms action_age=49.5ms scan_age=48.9ms scan_rx_age=24.8ms odom_age=6.8ms odom_rx_age=6.0ms sensor_skew=42.1ms loop_to_send=5.5ms
[go2:sport] DRY cmd#1996 seq=2028 v=0.893 w=-0.575 dt=40.7ms policy_zmq_lag=0.6ms action_age=50.3ms scan_age=49.6ms scan_rx_age=25.1ms odom_age=7.4ms odom_rx_age=6.4ms sensor_skew=42.3ms loop_to_send=5.9ms
[go2:sport] DRY cmd#1997 seq=2029 v=0.893 w=-0.568 dt=39.5ms policy_zmq_lag=0.6ms action_age=49.5ms scan_age=48.9ms scan_rx_age=24.7ms odom_age=7.0ms odom_rx_age=6.1ms sensor_skew=41.9ms loop_to_send=5.6ms
[go2:sport] DRY cmd#1998 seq=2030 v=0.894 w=-0.562 dt=40.3ms policy_zmq_lag=0.6ms action_age=50.0ms scan_age=49.4ms scan_rx_age=24.9ms odom_age=7.3ms odom_rx_age=6.3ms sensor_skew=42.1ms loop_to_send=5.7ms
[go2:sport] DRY cmd#1999 seq=2031 v=0.894 w=-0.569 dt=40.0ms policy_zmq_lag=0.7ms action_age=49.9ms scan_age=49.2ms scan_rx_age=24.8ms odom_age=7.1ms odom_rx_age=6.2ms sensor_skew=42.1ms loop_to_send=5.7ms
[go2:sport] DRY cmd#2000 seq=2032 v=0.894 w=-0.572 dt=40.2ms policy_zmq_lag=0.6ms action_age=50.2ms scan_age=49.5ms scan_rx_age=25.0ms odom_age=7.4ms odom_rx_age=6.3ms sensor_skew=42.1ms loop_to_send=5.7ms
[go2:sport] DRY cmd#2001 seq=2033 v=0.894 w=-0.577 dt=39.5ms policy_zmq_lag=0.6ms action_age=49.6ms scan_age=49.0ms scan_rx_age=24.7ms odom_age=7.0ms odom_rx_age=6.0ms sensor_skew=42.0ms loop_to_send=5.5ms
[go2:sport] DRY cmd#2002 seq=2034 v=0.894 w=-0.576 dt=40.7ms policy_zmq_lag=0.7ms action_age=50.3ms scan_age=49.6ms scan_rx_age=25.5ms odom_age=7.6ms odom_rx_age=6.3ms sensor_skew=41.9ms loop_to_send=5.7ms
[go2:sport] DRY cmd#2003 seq=2035 v=0.893 w=-0.572 dt=39.8ms policy_zmq_lag=0.6ms action_age=50.2ms scan_age=49.6ms scan_rx_age=25.3ms odom_age=7.4ms odom_rx_age=6.4ms sensor_skew=42.2ms loop_to_send=5.8ms
[go2:sport] DRY cmd#2004 seq=2036 v=0.893 w=-0.568 dt=39.4ms policy_zmq_lag=0.6ms action_age=49.7ms scan_age=49.1ms scan_rx_age=24.7ms odom_age=7.0ms odom_rx_age=6.1ms sensor_skew=42.0ms loop_to_send=5.5ms
[go2:sport] DRY cmd#2005 seq=2037 v=0.893 w=-0.569 dt=40.4ms policy_zmq_lag=0.6ms action_age=50.2ms scan_age=49.5ms scan_rx_age=25.2ms odom_age=7.5ms odom_rx_age=6.6ms sensor_skew=42.1ms loop_to_send=5.5ms
[go2:sport] DRY cmd#2006 seq=2038 v=0.893 w=-0.573 dt=40.0ms policy_zmq_lag=0.6ms action_age=50.1ms scan_age=49.4ms scan_rx_age=25.2ms odom_age=7.4ms odom_rx_age=6.5ms sensor_skew=42.0ms loop_to_send=5.4ms
[go2:sport] DRY cmd#2007 seq=2039 v=0.893 w=-0.581 dt=40.4ms policy_zmq_lag=0.6ms action_age=30.4ms scan_age=29.8ms scan_rx_age=6.3ms odom_age=7.9ms odom_rx_age=6.9ms sensor_skew=22.0ms loop_to_send=5.6ms
[go2:sport] DRY cmd#2008 seq=2040 v=0.894 w=-0.572 dt=39.6ms policy_zmq_lag=0.6ms action_age=50.2ms scan_age=49.6ms scan_rx_age=25.8ms odom_age=7.5ms odom_rx_age=6.6ms sensor_skew=42.1ms loop_to_send=5.5ms
[go2:sport] DRY cmd#2009 seq=2041 v=0.894 w=-0.572 dt=39.9ms policy_zmq_lag=0.6ms action_age=49.9ms scan_age=49.2ms scan_rx_age=25.3ms odom_age=7.3ms odom_rx_age=6.4ms sensor_skew=41.9ms loop_to_send=5.4ms
[go2:sport] DRY cmd#2010 seq=2042 v=0.894 w=-0.571 dt=39.8ms policy_zmq_lag=0.6ms action_age=49.8ms scan_age=49.1ms scan_rx_age=25.0ms odom_age=7.1ms odom_rx_age=6.2ms sensor_skew=42.0ms loop_to_send=5.6ms
[go2:sport] DRY cmd#2011 seq=2043 v=0.894 w=-0.575 dt=40.3ms policy_zmq_lag=0.6ms action_age=50.2ms scan_age=49.5ms scan_rx_age=24.7ms odom_age=7.4ms odom_rx_age=6.5ms sensor_skew=42.1ms loop_to_send=5.9ms
[go2:sport] DRY cmd#2012 seq=2044 v=0.894 w=-0.577 dt=40.1ms policy_zmq_lag=0.7ms action_age=49.8ms scan_age=49.1ms scan_rx_age=25.8ms odom_age=7.4ms odom_rx_age=6.3ms sensor_skew=41.7ms loop_to_send=5.7ms
[go2:sport] DRY cmd#2013 seq=2045 v=0.893 w=-0.577 dt=40.2ms policy_zmq_lag=0.6ms action_age=50.3ms scan_age=49.7ms scan_rx_age=25.1ms odom_age=7.7ms odom_rx_age=6.5ms sensor_skew=42.0ms loop_to_send=5.8ms
[go2:sport] DRY cmd#2014 seq=2046 v=0.893 w=-0.576 dt=39.8ms policy_zmq_lag=0.6ms action_age=50.3ms scan_age=49.7ms scan_rx_age=24.7ms odom_age=7.6ms odom_rx_age=6.5ms sensor_skew=42.1ms loop_to_send=5.9ms
[go2:sport] DRY cmd#2015 seq=2047 v=0.894 w=-0.568 dt=39.6ms policy_zmq_lag=0.6ms action_age=49.8ms scan_age=49.2ms scan_rx_age=25.6ms odom_age=7.2ms odom_rx_age=6.2ms sensor_skew=42.0ms loop_to_send=5.7ms
[go2:sport] DRY cmd#2016 seq=2048 v=0.894 w=-0.573 dt=41.0ms policy_zmq_lag=0.6ms action_age=50.8ms scan_age=50.1ms scan_rx_age=26.5ms odom_age=8.2ms odom_rx_age=7.0ms sensor_skew=41.9ms loop_to_send=6.3ms
[go2:sport] DRY cmd#2017 seq=2049 v=0.894 w=-0.575 dt=39.9ms policy_zmq_lag=0.6ms action_age=30.7ms scan_age=30.1ms scan_rx_age=6.5ms odom_age=8.1ms odom_rx_age=7.1ms sensor_skew=22.1ms loop_to_send=5.7ms
[go2:sport] DRY cmd#2018 seq=2050 v=0.894 w=-0.576 dt=39.9ms policy_zmq_lag=0.7ms action_age=50.6ms scan_age=49.9ms scan_rx_age=25.7ms odom_age=7.7ms odom_rx_age=6.8ms sensor_skew=42.2ms loop_to_send=6.2ms
[go2:sport] DRY cmd#2019 seq=2051 v=0.894 w=-0.580 dt=39.1ms policy_zmq_lag=0.7ms action_age=49.6ms scan_age=49.0ms scan_rx_age=24.5ms odom_age=7.0ms odom_rx_age=6.1ms sensor_skew=42.0ms loop_to_send=5.6ms
[go2:sport] DRY cmd#2020 seq=2052 v=0.894 w=-0.584 dt=40.6ms policy_zmq_lag=0.6ms action_age=50.4ms scan_age=49.8ms scan_rx_age=25.6ms odom_age=7.5ms odom_rx_age=6.4ms sensor_skew=42.3ms loop_to_send=5.8ms
[go2:sport] DRY cmd#2021 seq=2053 v=0.894 w=-0.575 dt=40.0ms policy_zmq_lag=0.6ms action_age=50.4ms scan_age=49.8ms scan_rx_age=26.1ms odom_age=7.9ms odom_rx_age=6.9ms sensor_skew=41.9ms loop_to_send=5.7ms
[go2:sport] DRY cmd#2022 seq=2054 v=0.894 w=-0.565 dt=39.4ms policy_zmq_lag=0.7ms action_age=49.5ms scan_age=48.8ms scan_rx_age=24.5ms odom_age=7.0ms odom_rx_age=6.0ms sensor_skew=41.8ms loop_to_send=5.5ms
[go2:sport] DRY cmd#2023 seq=2055 v=0.894 w=-0.556 dt=40.3ms policy_zmq_lag=0.6ms action_age=50.0ms scan_age=49.4ms scan_rx_age=25.4ms odom_age=7.4ms odom_rx_age=6.3ms sensor_skew=42.0ms loop_to_send=5.7ms
[go2:sport] DRY cmd#2024 seq=2056 v=0.894 w=-0.575 dt=40.1ms policy_zmq_lag=0.7ms action_age=50.0ms scan_age=49.3ms scan_rx_age=25.2ms odom_age=7.3ms odom_rx_age=6.3ms sensor_skew=42.0ms loop_to_send=5.7ms
[go2:sport] DRY cmd#2025 seq=2057 v=0.894 w=-0.575 dt=39.6ms policy_zmq_lag=0.7ms action_age=49.8ms scan_age=49.2ms scan_rx_age=25.2ms odom_age=7.1ms odom_rx_age=6.1ms sensor_skew=42.1ms loop_to_send=5.5ms
[go2:sport] DRY cmd#2026 seq=2058 v=0.894 w=-0.580 dt=40.6ms policy_zmq_lag=0.6ms action_age=50.4ms scan_age=49.8ms scan_rx_age=24.6ms odom_age=7.9ms odom_rx_age=6.9ms sensor_skew=41.8ms loop_to_send=5.7ms
[go2:sport] DRY cmd#2027 seq=2059 v=0.893 w=-0.574 dt=39.8ms policy_zmq_lag=0.7ms action_age=50.0ms scan_age=49.3ms scan_rx_age=25.5ms odom_age=7.6ms odom_rx_age=6.7ms sensor_skew=41.8ms loop_to_send=5.6ms
[go2:sport] DRY cmd#2028 seq=2060 v=0.893 w=-0.579 dt=40.1ms policy_zmq_lag=0.6ms action_age=30.3ms scan_age=29.7ms scan_rx_age=6.3ms odom_age=7.7ms odom_rx_age=6.9ms sensor_skew=22.0ms loop_to_send=5.6ms
[go2:sport] DRY cmd#2029 seq=2061 v=0.893 w=-0.573 dt=40.6ms policy_zmq_lag=0.6ms action_age=30.7ms scan_age=30.0ms scan_rx_age=6.6ms odom_age=8.3ms odom_rx_age=7.3ms sensor_skew=21.7ms loop_to_send=5.8ms
[go2:sport] DRY cmd#2030 seq=2062 v=0.893 w=-0.574 dt=39.3ms policy_zmq_lag=0.6ms action_age=50.3ms scan_age=49.6ms scan_rx_age=25.7ms odom_age=7.7ms odom_rx_age=6.7ms sensor_skew=41.9ms loop_to_send=5.5ms
[go2:sport] DRY cmd#2031 seq=2063 v=0.893 w=-0.583 dt=39.7ms policy_zmq_lag=0.6ms action_age=49.9ms scan_age=49.4ms scan_rx_age=25.3ms odom_age=7.5ms odom_rx_age=6.5ms sensor_skew=41.9ms loop_to_send=5.4ms
[go2:sport] DRY cmd#2032 seq=2064 v=0.894 w=-0.578 dt=40.1ms policy_zmq_lag=0.6ms action_age=49.8ms scan_age=49.2ms scan_rx_age=25.4ms odom_age=7.4ms odom_rx_age=6.6ms sensor_skew=41.8ms loop_to_send=5.5ms
[go2:sport] DRY cmd#2033 seq=2065 v=0.894 w=-0.577 dt=40.0ms policy_zmq_lag=0.6ms action_age=49.9ms scan_age=49.3ms scan_rx_age=25.3ms odom_age=7.4ms odom_rx_age=6.5ms sensor_skew=42.0ms loop_to_send=5.4ms
[go2:sport] DRY cmd#2034 seq=2066 v=0.893 w=-0.579 dt=41.4ms policy_zmq_lag=0.8ms action_age=51.3ms scan_age=50.6ms scan_rx_age=26.5ms odom_age=8.7ms odom_rx_age=7.5ms sensor_skew=41.9ms loop_to_send=6.8ms
[go2:sport] DRY cmd#2035 seq=2067 v=0.894 w=-0.581 dt=39.4ms policy_zmq_lag=0.6ms action_age=50.8ms scan_age=50.1ms scan_rx_age=25.7ms odom_age=8.3ms odom_rx_age=7.2ms sensor_skew=41.9ms loop_to_send=6.6ms
[go2:sport] DRY cmd#2036 seq=2068 v=0.893 w=-0.576 dt=39.5ms policy_zmq_lag=0.7ms action_age=50.3ms scan_age=49.6ms scan_rx_age=25.2ms odom_age=7.6ms odom_rx_age=6.6ms sensor_skew=42.0ms loop_to_send=6.0ms
[go2:sport] DRY cmd#2037 seq=2069 v=0.893 w=-0.574 dt=40.4ms policy_zmq_lag=0.7ms action_age=50.5ms scan_age=49.8ms scan_rx_age=25.8ms odom_age=11.5ms odom_rx_age=10.7ms sensor_skew=38.3ms loop_to_send=6.2ms
[go2:sport] DRY cmd#2038 seq=2070 v=0.894 w=-0.570 dt=39.6ms policy_zmq_lag=0.7ms action_age=50.2ms scan_age=49.5ms scan_rx_age=25.1ms odom_age=7.6ms odom_rx_age=6.4ms sensor_skew=42.0ms loop_to_send=5.8ms
[go2:sport] DRY cmd#2039 seq=2071 v=0.894 w=-0.574 dt=40.2ms policy_zmq_lag=0.7ms action_age=50.5ms scan_age=49.8ms scan_rx_age=25.2ms odom_age=7.6ms odom_rx_age=6.5ms sensor_skew=42.2ms loop_to_send=5.9ms
[go2:sport] DRY cmd#2040 seq=2072 v=0.893 w=-0.572 dt=40.1ms policy_zmq_lag=0.7ms action_age=50.5ms scan_age=49.8ms scan_rx_age=25.5ms odom_age=8.0ms odom_rx_age=7.1ms sensor_skew=41.8ms loop_to_send=5.8ms
[go2:sport] DRY cmd#2041 seq=2073 v=0.893 w=-0.572 dt=40.0ms policy_zmq_lag=0.6ms action_age=30.8ms scan_age=30.2ms scan_rx_age=6.3ms odom_age=8.1ms odom_rx_age=7.0ms sensor_skew=22.1ms loop_to_send=5.5ms
[go2:sport] DRY cmd#2042 seq=2074 v=0.893 w=-0.580 dt=39.6ms policy_zmq_lag=0.6ms action_age=50.0ms scan_age=49.4ms scan_rx_age=25.9ms odom_age=11.0ms odom_rx_age=10.2ms sensor_skew=38.4ms loop_to_send=5.7ms
[go2:sport] DRY cmd#2043 seq=2075 v=0.893 w=-0.574 dt=39.8ms policy_zmq_lag=0.7ms action_age=49.8ms scan_age=49.1ms scan_rx_age=25.1ms odom_age=7.3ms odom_rx_age=6.3ms sensor_skew=41.8ms loop_to_send=5.7ms
[go2:sport] DRY cmd#2044 seq=2076 v=0.894 w=-0.566 dt=40.0ms policy_zmq_lag=0.6ms action_age=49.8ms scan_age=49.1ms scan_rx_age=24.7ms odom_age=7.5ms odom_rx_age=6.7ms sensor_skew=41.7ms loop_to_send=5.6ms
[go2:sport] DRY cmd#2045 seq=2077 v=0.894 w=-0.574 dt=40.6ms policy_zmq_lag=1.0ms action_age=50.5ms scan_age=49.5ms scan_rx_age=25.1ms odom_age=7.5ms odom_rx_age=6.7ms sensor_skew=41.9ms loop_to_send=5.7ms
[go2:sport] DRY cmd#2046 seq=2078 v=0.894 w=-0.567 dt=40.1ms policy_zmq_lag=0.7ms action_age=50.4ms scan_age=49.7ms scan_rx_age=26.1ms odom_age=8.0ms odom_rx_age=7.0ms sensor_skew=41.7ms loop_to_send=5.7ms
[go2:sport] DRY cmd#2047 seq=2079 v=0.893 w=-0.564 dt=39.5ms policy_zmq_lag=0.7ms action_age=49.8ms scan_age=49.1ms scan_rx_age=25.1ms odom_age=7.2ms odom_rx_age=6.2ms sensor_skew=41.9ms loop_to_send=5.6ms
[go2:sport] DRY cmd#2048 seq=2080 v=0.893 w=-0.570 dt=40.4ms policy_zmq_lag=0.6ms action_age=50.4ms scan_age=49.8ms scan_rx_age=26.1ms odom_age=7.9ms odom_rx_age=6.9ms sensor_skew=41.8ms loop_to_send=5.7ms
[go2:sport] DRY cmd#2049 seq=2081 v=0.893 w=-0.565 dt=39.8ms policy_zmq_lag=0.7ms action_age=50.2ms scan_age=49.5ms scan_rx_age=25.2ms odom_age=7.7ms odom_rx_age=6.7ms sensor_skew=41.8ms loop_to_send=5.5ms
[go2:sport] DRY cmd#2050 seq=2082 v=0.894 w=-0.571 dt=39.7ms policy_zmq_lag=0.7ms action_age=49.8ms scan_age=49.0ms scan_rx_age=24.9ms odom_age=7.2ms odom_rx_age=6.2ms sensor_skew=41.8ms loop_to_send=5.6ms
[go2:sport] DRY cmd#2051 seq=2083 v=0.894 w=-0.569 dt=40.5ms policy_zmq_lag=0.6ms action_age=50.5ms scan_age=49.9ms scan_rx_age=25.5ms odom_age=8.0ms odom_rx_age=7.0ms sensor_skew=41.8ms loop_to_send=5.8ms
[go2:sport] DRY cmd#2052 seq=2084 v=0.893 w=-0.573 dt=39.9ms policy_zmq_lag=0.6ms action_age=50.1ms scan_age=49.5ms scan_rx_age=25.7ms odom_age=7.9ms odom_rx_age=6.9ms sensor_skew=41.6ms loop_to_send=5.7ms
[go2:sport] DRY cmd#2053 seq=2085 v=0.893 w=-0.579 dt=39.8ms policy_zmq_lag=0.8ms action_age=50.2ms scan_age=49.5ms scan_rx_age=25.2ms odom_age=7.5ms odom_rx_age=6.4ms sensor_skew=41.9ms loop_to_send=5.8ms
[go2:sport] DRY cmd#2054 seq=2086 v=0.894 w=-0.578 dt=39.9ms policy_zmq_lag=0.7ms action_age=50.0ms scan_age=49.4ms scan_rx_age=25.2ms odom_age=7.6ms odom_rx_age=6.7ms sensor_skew=41.8ms loop_to_send=5.6ms
[go2:sport] DRY cmd#2055 seq=2087 v=0.894 w=-0.578 dt=40.1ms policy_zmq_lag=0.6ms action_age=50.0ms scan_age=49.4ms scan_rx_age=25.5ms odom_age=7.7ms odom_rx_age=6.7ms sensor_skew=41.7ms loop_to_send=5.5ms
[go2:sport] DRY cmd#2056 seq=2088 v=0.894 w=-0.577 dt=40.4ms policy_zmq_lag=0.7ms action_age=50.5ms scan_age=49.8ms scan_rx_age=25.4ms odom_age=8.0ms odom_rx_age=7.0ms sensor_skew=41.8ms loop_to_send=5.8ms
[go2:sport] DRY cmd#2057 seq=2089 v=0.894 w=-0.573 dt=40.0ms policy_zmq_lag=0.6ms action_age=30.5ms scan_age=29.9ms scan_rx_age=6.4ms odom_age=7.9ms odom_rx_age=7.0ms sensor_skew=21.9ms loop_to_send=5.6ms
[go2:sport] DRY cmd#2058 seq=2090 v=0.893 w=-0.572 dt=39.9ms policy_zmq_lag=0.6ms action_age=30.3ms scan_age=29.7ms scan_rx_age=6.2ms odom_age=7.8ms odom_rx_age=6.9ms sensor_skew=21.9ms loop_to_send=5.5ms
[go2:sport] DRY cmd#2059 seq=2091 v=0.893 w=-0.573 dt=39.4ms policy_zmq_lag=0.6ms action_age=49.7ms scan_age=49.1ms scan_rx_age=25.1ms odom_age=7.5ms odom_rx_age=6.7ms sensor_skew=41.6ms loop_to_send=5.6ms
[go2:sport] DRY cmd#2060 seq=2092 v=0.893 w=-0.578 dt=40.8ms policy_zmq_lag=0.6ms action_age=30.7ms scan_age=30.0ms scan_rx_age=6.5ms odom_age=8.1ms odom_rx_age=7.2ms sensor_skew=21.9ms loop_to_send=5.7ms
[go2:sport] DRY cmd#2061 seq=2093 v=0.894 w=-0.575 dt=39.1ms policy_zmq_lag=0.6ms action_age=49.7ms scan_age=49.0ms scan_rx_age=25.4ms odom_age=7.2ms odom_rx_age=6.1ms sensor_skew=41.9ms loop_to_send=5.5ms
[go2:sport] DRY cmd#2062 seq=2094 v=0.894 w=-0.573 dt=40.1ms policy_zmq_lag=0.6ms action_age=49.7ms scan_age=49.0ms scan_rx_age=25.6ms odom_age=7.3ms odom_rx_age=6.3ms sensor_skew=41.7ms loop_to_send=5.7ms
[go2:sport] DRY cmd#2063 seq=2095 v=0.894 w=-0.576 dt=40.6ms policy_zmq_lag=0.6ms action_age=50.5ms scan_age=49.9ms scan_rx_age=25.5ms odom_age=8.1ms odom_rx_age=7.0ms sensor_skew=41.8ms loop_to_send=5.7ms
[go2:sport] DRY cmd#2064 seq=2096 v=0.893 w=-0.577 dt=39.8ms policy_zmq_lag=0.7ms action_age=50.2ms scan_age=49.5ms scan_rx_age=25.0ms odom_age=7.7ms odom_rx_age=6.6ms sensor_skew=41.7ms loop_to_send=6.0ms
[go2:sport] DRY cmd#2065 seq=2097 v=0.893 w=-0.572 dt=40.2ms policy_zmq_lag=0.6ms action_age=50.4ms scan_age=49.8ms scan_rx_age=25.4ms odom_age=8.1ms odom_rx_age=7.1ms sensor_skew=41.7ms loop_to_send=5.8ms
[go2:sport] DRY cmd#2066 seq=2098 v=0.894 w=-0.573 dt=40.0ms policy_zmq_lag=0.6ms action_age=50.5ms scan_age=49.8ms scan_rx_age=25.4ms odom_age=8.1ms odom_rx_age=7.1ms sensor_skew=41.7ms loop_to_send=5.7ms
[go2:sport] DRY cmd#2067 seq=2099 v=0.894 w=-0.577 dt=39.2ms policy_zmq_lag=0.6ms action_age=49.5ms scan_age=48.8ms scan_rx_age=25.2ms odom_age=7.2ms odom_rx_age=6.2ms sensor_skew=41.6ms loop_to_send=5.6ms
[go2:sport] DRY cmd#2068 seq=2100 v=0.894 w=-0.587 dt=40.1ms policy_zmq_lag=0.6ms action_age=49.9ms scan_age=49.2ms scan_rx_age=25.5ms odom_age=7.3ms odom_rx_age=6.3ms sensor_skew=41.9ms loop_to_send=5.7ms
[go2:sport] DRY cmd#2069 seq=2101 v=0.894 w=-0.574 dt=44.3ms policy_zmq_lag=3.7ms action_age=54.1ms scan_age=50.3ms scan_rx_age=25.7ms odom_age=8.5ms odom_rx_age=7.4ms sensor_skew=41.9ms loop_to_send=6.1ms
[go2:sport] DRY cmd#2070 seq=2102 v=0.894 w=-0.569 dt=42.0ms policy_zmq_lag=0.8ms action_age=56.1ms scan_age=55.3ms scan_rx_age=31.5ms odom_age=13.5ms odom_rx_age=12.0ms sensor_skew=41.8ms loop_to_send=10.3ms
[go2:sport] DRY cmd#2071 seq=2103 v=0.894 w=-0.568 dt=34.7ms policy_zmq_lag=0.7ms action_age=51.0ms scan_age=50.3ms scan_rx_age=26.0ms odom_age=8.6ms odom_rx_age=7.7ms sensor_skew=41.7ms loop_to_send=6.4ms
[go2:sport] DRY cmd#2072 seq=2104 v=0.894 w=-0.575 dt=39.8ms policy_zmq_lag=0.6ms action_age=50.5ms scan_age=49.9ms scan_rx_age=26.0ms odom_age=8.3ms odom_rx_age=7.2ms sensor_skew=41.6ms loop_to_send=6.6ms
[go2:sport] DRY cmd#2073 seq=2105 v=0.894 w=-0.574 dt=39.6ms policy_zmq_lag=0.6ms action_age=50.2ms scan_age=49.6ms scan_rx_age=25.4ms odom_age=8.0ms odom_rx_age=7.0ms sensor_skew=41.6ms loop_to_send=5.8ms
[go2:sport] DRY cmd#2074 seq=2106 v=0.893 w=-0.576 dt=40.1ms policy_zmq_lag=0.6ms action_age=50.5ms scan_age=49.9ms scan_rx_age=25.1ms odom_age=8.0ms odom_rx_age=7.1ms sensor_skew=41.8ms loop_to_send=5.8ms
[go2:sport] DRY cmd#2075 seq=2107 v=0.894 w=-0.567 dt=40.2ms policy_zmq_lag=0.7ms action_age=50.6ms scan_age=49.9ms scan_rx_age=25.7ms odom_age=8.1ms odom_rx_age=7.1ms sensor_skew=41.8ms loop_to_send=5.8ms
[go2:sport] DRY cmd#2076 seq=2108 v=0.894 w=-0.577 dt=39.8ms policy_zmq_lag=0.7ms action_age=50.5ms scan_age=49.8ms scan_rx_age=25.4ms odom_age=7.9ms odom_rx_age=6.9ms sensor_skew=41.8ms loop_to_send=5.7ms
[go2:sport] DRY cmd#2077 seq=2109 v=0.893 w=-0.570 dt=40.0ms policy_zmq_lag=0.6ms action_age=30.3ms scan_age=29.7ms scan_rx_age=6.4ms odom_age=8.0ms odom_rx_age=7.0ms sensor_skew=21.7ms loop_to_send=5.6ms
[go2:sport] DRY cmd#2078 seq=2110 v=0.893 w=-0.568 dt=39.9ms policy_zmq_lag=0.6ms action_age=50.3ms scan_age=49.7ms scan_rx_age=26.1ms odom_age=7.9ms odom_rx_age=6.8ms sensor_skew=41.8ms loop_to_send=5.6ms
[go2:sport] DRY cmd#2079 seq=2111 v=0.894 w=-0.573 dt=39.6ms policy_zmq_lag=0.6ms action_age=49.8ms scan_age=49.1ms scan_rx_age=25.1ms odom_age=7.5ms odom_rx_age=6.6ms sensor_skew=41.6ms loop_to_send=5.5ms
[go2:sport] DRY cmd#2080 seq=2112 v=0.894 w=-0.570 dt=40.5ms policy_zmq_lag=0.6ms action_age=50.4ms scan_age=49.8ms scan_rx_age=25.2ms odom_age=8.1ms odom_rx_age=7.1ms sensor_skew=41.7ms loop_to_send=5.9ms
[go2:sport] DRY cmd#2081 seq=2113 v=0.894 w=-0.588 dt=39.8ms policy_zmq_lag=0.6ms action_age=50.1ms scan_age=49.5ms scan_rx_age=25.5ms odom_age=7.9ms odom_rx_age=6.9ms sensor_skew=41.6ms loop_to_send=5.7ms
[go2:sport] DRY cmd#2082 seq=2114 v=0.894 w=-0.569 dt=40.0ms policy_zmq_lag=0.7ms action_age=50.0ms scan_age=49.4ms scan_rx_age=25.2ms odom_age=7.8ms odom_rx_age=6.9ms sensor_skew=41.6ms loop_to_send=5.7ms
[go2:sport] DRY cmd#2083 seq=2115 v=0.894 w=-0.569 dt=39.6ms policy_zmq_lag=0.6ms action_age=49.7ms scan_age=49.0ms scan_rx_age=25.4ms odom_age=7.5ms odom_rx_age=6.6ms sensor_skew=41.6ms loop_to_send=5.5ms
[go2:sport] DRY cmd#2084 seq=2116 v=0.893 w=-0.579 dt=41.4ms policy_zmq_lag=0.6ms action_age=51.2ms scan_age=50.6ms scan_rx_age=27.0ms odom_age=8.8ms odom_rx_age=7.7ms sensor_skew=41.8ms loop_to_send=6.3ms
[go2:sport] DRY cmd#2085 seq=2117 v=0.894 w=-0.571 dt=40.3ms policy_zmq_lag=0.6ms action_age=51.5ms scan_age=50.9ms scan_rx_age=26.5ms odom_age=9.1ms odom_rx_age=8.1ms sensor_skew=41.8ms loop_to_send=6.7ms
[go2:sport] DRY cmd#2086 seq=2118 v=0.893 w=-0.575 dt=39.5ms policy_zmq_lag=0.6ms action_age=30.9ms scan_age=30.3ms scan_rx_age=6.9ms odom_age=8.6ms odom_rx_age=7.5ms sensor_skew=21.7ms loop_to_send=6.0ms
[go2:sport] DRY cmd#2087 seq=2119 v=0.893 w=-0.571 dt=40.3ms policy_zmq_lag=0.6ms action_age=52.0ms scan_age=51.5ms scan_rx_age=26.2ms odom_age=9.0ms odom_rx_age=7.9ms sensor_skew=42.5ms loop_to_send=6.4ms
[go2:sport] DRY cmd#2088 seq=2120 v=0.893 w=-0.577 dt=39.6ms policy_zmq_lag=0.6ms action_age=50.8ms scan_age=50.2ms scan_rx_age=26.1ms odom_age=8.6ms odom_rx_age=7.7ms sensor_skew=41.5ms loop_to_send=6.3ms
[go2:sport] DRY cmd#2089 seq=2121 v=0.893 w=-0.570 dt=39.2ms policy_zmq_lag=0.6ms action_age=50.0ms scan_age=49.4ms scan_rx_age=25.0ms odom_age=7.9ms odom_rx_age=6.9ms sensor_skew=41.6ms loop_to_send=5.7ms
[go2:sport] DRY cmd#2090 seq=2122 v=0.893 w=-0.573 dt=39.9ms policy_zmq_lag=0.6ms action_age=49.9ms scan_age=49.3ms scan_rx_age=25.4ms odom_age=11.1ms odom_rx_age=10.4ms sensor_skew=38.1ms loop_to_send=5.7ms
[go2:sport] DRY cmd#2091 seq=2123 v=0.893 w=-0.577 dt=40.2ms policy_zmq_lag=0.6ms action_age=50.2ms scan_age=49.7ms scan_rx_age=25.5ms odom_age=7.8ms odom_rx_age=6.8ms sensor_skew=41.8ms loop_to_send=5.6ms
[go2:sport] DRY cmd#2092 seq=2124 v=0.893 w=-0.573 dt=39.9ms policy_zmq_lag=0.6ms action_age=50.0ms scan_age=49.4ms scan_rx_age=25.2ms odom_age=7.9ms odom_rx_age=6.9ms sensor_skew=41.5ms loop_to_send=5.7ms
[go2:sport] DRY cmd#2093 seq=2125 v=0.893 w=-0.571 dt=39.6ms policy_zmq_lag=0.7ms action_age=49.8ms scan_age=49.1ms scan_rx_age=24.7ms odom_age=7.4ms odom_rx_age=6.2ms sensor_skew=41.7ms loop_to_send=5.5ms
[go2:sport] DRY cmd#2094 seq=2126 v=0.893 w=-0.574 dt=40.3ms policy_zmq_lag=0.6ms action_age=50.1ms scan_age=49.5ms scan_rx_age=25.2ms odom_age=7.7ms odom_rx_age=6.7ms sensor_skew=41.7ms loop_to_send=5.6ms
[go2:sport] DRY cmd#2095 seq=2127 v=0.894 w=-0.577 dt=39.8ms policy_zmq_lag=0.6ms action_age=49.9ms scan_age=49.3ms scan_rx_age=25.1ms odom_age=7.5ms odom_rx_age=6.6ms sensor_skew=41.7ms loop_to_send=5.5ms
[go2:sport] DRY cmd#2096 seq=2128 v=0.894 w=-0.565 dt=40.3ms policy_zmq_lag=0.6ms action_age=50.2ms scan_age=49.6ms scan_rx_age=25.6ms odom_age=7.9ms odom_rx_age=6.8ms sensor_skew=41.7ms loop_to_send=5.5ms
[go2:sport] DRY cmd#2097 seq=2129 v=0.894 w=-0.572 dt=40.0ms policy_zmq_lag=0.6ms action_age=50.0ms scan_age=49.3ms scan_rx_age=25.9ms odom_age=7.9ms odom_rx_age=6.9ms sensor_skew=41.5ms loop_to_send=5.6ms
[go2:sport] DRY cmd#2098 seq=2130 v=0.894 w=-0.571 dt=41.7ms policy_zmq_lag=0.6ms action_age=51.8ms scan_age=51.3ms scan_rx_age=27.2ms odom_age=9.6ms odom_rx_age=8.4ms sensor_skew=41.7ms loop_to_send=7.0ms
[go2:sport] DRY cmd#2099 seq=2131 v=0.894 w=-0.569 dt=39.2ms policy_zmq_lag=0.6ms action_age=51.0ms scan_age=50.4ms scan_rx_age=26.3ms odom_age=8.7ms odom_rx_age=7.7ms sensor_skew=41.7ms loop_to_send=6.3ms
[go2:sport] DRY cmd#2100 seq=2132 v=0.894 w=-0.567 dt=39.1ms policy_zmq_lag=0.6ms action_age=50.1ms scan_age=49.5ms scan_rx_age=21.1ms odom_age=7.8ms odom_rx_age=6.8ms sensor_skew=41.7ms loop_to_send=5.6ms
[go2:sport] DRY cmd#2101 seq=2133 v=0.894 w=-0.569 dt=40.4ms policy_zmq_lag=0.6ms action_age=50.6ms scan_age=50.0ms scan_rx_age=25.7ms odom_age=8.2ms odom_rx_age=7.1ms sensor_skew=41.7ms loop_to_send=5.8ms
[go2:sport] DRY cmd#2102 seq=2134 v=0.893 w=-0.570 dt=40.1ms policy_zmq_lag=0.7ms action_age=50.5ms scan_age=49.8ms scan_rx_age=25.0ms odom_age=8.3ms odom_rx_age=7.2ms sensor_skew=41.6ms loop_to_send=5.8ms
[go2:sport] DRY cmd#2103 seq=2135 v=0.893 w=-0.577 dt=39.3ms policy_zmq_lag=0.6ms action_age=49.9ms scan_age=49.2ms scan_rx_age=24.9ms odom_age=7.6ms odom_rx_age=6.7ms sensor_skew=41.7ms loop_to_send=5.5ms
[go2:sport] DRY cmd#2104 seq=2136 v=0.893 w=-0.575 dt=40.0ms policy_zmq_lag=0.6ms action_age=49.8ms scan_age=49.2ms scan_rx_age=25.0ms odom_age=7.5ms odom_rx_age=6.6ms sensor_skew=41.7ms loop_to_send=5.5ms
[go2:sport] DRY cmd#2105 seq=2137 v=0.893 w=-0.569 dt=40.0ms policy_zmq_lag=0.6ms action_age=49.8ms scan_age=49.1ms scan_rx_age=25.1ms odom_age=7.6ms odom_rx_age=6.6ms sensor_skew=41.5ms loop_to_send=5.5ms
[go2:sport] DRY cmd#2106 seq=2138 v=0.894 w=-0.565 dt=40.0ms policy_zmq_lag=0.6ms action_age=49.7ms scan_age=49.0ms scan_rx_age=25.2ms odom_age=7.0ms odom_rx_age=6.1ms sensor_skew=42.0ms loop_to_send=5.5ms
[go2:sport] DRY cmd#2107 seq=2139 v=0.894 w=-0.566 dt=40.6ms policy_zmq_lag=0.6ms action_age=50.2ms scan_age=49.6ms scan_rx_age=26.4ms odom_age=8.0ms odom_rx_age=7.0ms sensor_skew=41.5ms loop_to_send=5.7ms
[go2:sport] DRY cmd#2108 seq=2140 v=0.894 w=-0.575 dt=39.9ms policy_zmq_lag=0.6ms action_age=50.1ms scan_age=49.5ms scan_rx_age=25.5ms odom_age=8.1ms odom_rx_age=7.0ms sensor_skew=41.4ms loop_to_send=5.7ms
[go2:sport] DRY cmd#2109 seq=2141 v=0.894 w=-0.575 dt=39.6ms policy_zmq_lag=0.6ms action_age=49.8ms scan_age=49.2ms scan_rx_age=25.4ms odom_age=7.6ms odom_rx_age=6.6ms sensor_skew=41.6ms loop_to_send=5.5ms
[go2:sport] DRY cmd#2110 seq=2142 v=0.894 w=-0.578 dt=40.7ms policy_zmq_lag=0.7ms action_age=50.6ms scan_age=50.0ms scan_rx_age=26.0ms odom_age=8.4ms odom_rx_age=7.3ms sensor_skew=41.6ms loop_to_send=6.0ms
[go2:sport] DRY cmd#2111 seq=2143 v=0.894 w=-0.572 dt=40.5ms policy_zmq_lag=0.7ms action_age=51.1ms scan_age=50.4ms scan_rx_age=25.7ms odom_age=8.9ms odom_rx_age=7.8ms sensor_skew=41.4ms loop_to_send=6.2ms
[go2:sport] DRY cmd#2112 seq=2144 v=0.894 w=-0.574 dt=39.9ms policy_zmq_lag=0.7ms action_age=50.9ms scan_age=50.3ms scan_rx_age=25.8ms odom_age=8.8ms odom_rx_age=7.7ms sensor_skew=41.5ms loop_to_send=6.3ms
[go2:sport] DRY cmd#2113 seq=2145 v=0.893 w=-0.575 dt=40.6ms policy_zmq_lag=0.7ms action_age=51.7ms scan_age=51.0ms scan_rx_age=26.7ms odom_age=9.4ms odom_rx_age=8.2ms sensor_skew=41.6ms loop_to_send=6.7ms
[go2:sport] DRY cmd#2114 seq=2146 v=0.894 w=-0.585 dt=39.2ms policy_zmq_lag=0.8ms action_age=50.9ms scan_age=50.1ms scan_rx_age=25.2ms odom_age=8.4ms odom_rx_age=7.1ms sensor_skew=41.7ms loop_to_send=6.4ms
[go2:sport] DRY cmd#2115 seq=2147 v=0.894 w=-0.565 dt=39.7ms policy_zmq_lag=0.7ms action_age=50.4ms scan_age=49.7ms scan_rx_age=24.5ms odom_age=8.2ms odom_rx_age=7.2ms sensor_skew=41.5ms loop_to_send=6.0ms
[go2:sport] DRY cmd#2116 seq=2148 v=0.893 w=-0.563 dt=45.0ms policy_zmq_lag=0.7ms action_age=37.6ms scan_age=36.9ms scan_rx_age=10.9ms odom_age=13.1ms odom_rx_age=10.3ms sensor_skew=23.8ms loop_to_send=7.2ms
[go2:sport] DRY cmd#2117 seq=2149 v=0.893 w=-0.563 dt=35.1ms policy_zmq_lag=0.7ms action_age=51.9ms scan_age=51.2ms scan_rx_age=25.3ms odom_age=8.3ms odom_rx_age=7.1ms sensor_skew=42.9ms loop_to_send=5.9ms
[go2:sport] DRY cmd#2118 seq=2150 v=0.893 w=-0.560 dt=40.6ms policy_zmq_lag=0.7ms action_age=51.0ms scan_age=50.4ms scan_rx_age=26.5ms odom_age=8.6ms odom_rx_age=7.3ms sensor_skew=41.8ms loop_to_send=6.6ms
[go2:sport] DRY cmd#2119 seq=2151 v=0.893 w=-0.574 dt=39.6ms policy_zmq_lag=0.8ms action_age=50.8ms scan_age=50.0ms scan_rx_age=25.5ms odom_age=8.3ms odom_rx_age=6.9ms sensor_skew=41.7ms loop_to_send=6.2ms
[go2:sport] DRY cmd#2120 seq=2152 v=0.893 w=-0.570 dt=39.9ms policy_zmq_lag=0.7ms action_age=49.8ms scan_age=49.1ms scan_rx_age=25.6ms odom_age=8.3ms odom_rx_age=6.9ms sensor_skew=40.8ms loop_to_send=6.2ms
[go2:sport] DRY cmd#2121 seq=2153 v=0.893 w=-0.569 dt=40.2ms policy_zmq_lag=0.7ms action_age=50.8ms scan_age=50.1ms scan_rx_age=25.3ms odom_age=8.5ms odom_rx_age=7.4ms sensor_skew=41.6ms loop_to_send=6.0ms
[go2:sport] DRY cmd#2122 seq=2154 v=0.894 w=-0.577 dt=39.9ms policy_zmq_lag=0.6ms action_age=50.5ms scan_age=49.8ms scan_rx_age=25.4ms odom_age=8.4ms odom_rx_age=7.3ms sensor_skew=41.4ms loop_to_send=5.9ms
[go2:sport] DRY cmd#2123 seq=2155 v=0.894 w=-0.579 dt=40.3ms policy_zmq_lag=0.6ms action_age=30.9ms scan_age=30.3ms scan_rx_age=6.7ms odom_age=8.5ms odom_rx_age=7.5ms sensor_skew=21.8ms loop_to_send=5.9ms
[go2:sport] DRY cmd#2124 seq=2156 v=0.894 w=-0.573 dt=40.6ms policy_zmq_lag=0.6ms action_age=51.6ms scan_age=51.0ms scan_rx_age=26.3ms odom_age=9.0ms odom_rx_age=8.1ms sensor_skew=42.0ms loop_to_send=6.7ms
[go2:sport] DRY cmd#2125 seq=2157 v=0.894 w=-0.571 dt=38.7ms policy_zmq_lag=0.6ms action_age=50.2ms scan_age=49.6ms scan_rx_age=25.2ms odom_age=7.9ms odom_rx_age=6.7ms sensor_skew=41.7ms loop_to_send=5.5ms
[go2:sport] DRY cmd#2126 seq=2158 v=0.894 w=-0.569 dt=40.3ms policy_zmq_lag=0.6ms action_age=50.6ms scan_age=49.9ms scan_rx_age=26.0ms odom_age=8.4ms odom_rx_age=7.2ms sensor_skew=41.5ms loop_to_send=5.9ms
[go2:sport] DRY cmd#2127 seq=2159 v=0.894 w=-0.569 dt=41.2ms policy_zmq_lag=0.7ms action_age=51.5ms scan_age=50.8ms scan_rx_age=26.5ms odom_age=9.3ms odom_rx_age=8.1ms sensor_skew=41.5ms loop_to_send=6.7ms
[go2:sport] DRY cmd#2128 seq=2160 v=0.893 w=-0.580 dt=38.7ms policy_zmq_lag=0.6ms action_age=50.3ms scan_age=49.7ms scan_rx_age=25.3ms odom_age=8.1ms odom_rx_age=7.0ms sensor_skew=41.6ms loop_to_send=5.7ms
[go2:sport] DRY cmd#2129 seq=2161 v=0.894 w=-0.576 dt=40.1ms policy_zmq_lag=0.6ms action_age=50.3ms scan_age=49.7ms scan_rx_age=25.8ms odom_age=8.3ms odom_rx_age=7.0ms sensor_skew=41.4ms loop_to_send=5.7ms
[go2:sport] DRY cmd#2130 seq=2162 v=0.894 w=-0.572 dt=40.1ms policy_zmq_lag=0.6ms action_age=50.8ms scan_age=50.2ms scan_rx_age=25.8ms odom_age=8.4ms odom_rx_age=7.2ms sensor_skew=41.8ms loop_to_send=5.8ms
[go2:sport] DRY cmd#2131 seq=2163 v=0.894 w=-0.568 dt=39.9ms policy_zmq_lag=0.6ms action_age=50.5ms scan_age=49.9ms scan_rx_age=25.1ms odom_age=8.3ms odom_rx_age=7.1ms sensor_skew=41.6ms loop_to_send=5.8ms
[go2:sport] DRY cmd#2132 seq=2164 v=0.894 w=-0.558 dt=40.2ms policy_zmq_lag=0.6ms action_age=50.5ms scan_age=49.9ms scan_rx_age=25.7ms odom_age=8.5ms odom_rx_age=7.4ms sensor_skew=41.4ms loop_to_send=6.0ms
[go2:sport] DRY cmd#2133 seq=2165 v=0.894 w=-0.574 dt=39.9ms policy_zmq_lag=0.6ms action_age=50.6ms scan_age=50.0ms scan_rx_age=25.8ms odom_age=8.5ms odom_rx_age=7.3ms sensor_skew=41.5ms loop_to_send=5.9ms
[go2:sport] DRY cmd#2134 seq=2166 v=0.894 w=-0.590 dt=40.5ms policy_zmq_lag=1.2ms action_age=51.1ms scan_age=49.9ms scan_rx_age=25.5ms odom_age=8.3ms odom_rx_age=7.0ms sensor_skew=41.6ms loop_to_send=6.4ms
[go2:sport] DRY cmd#2135 seq=2167 v=0.894 w=-0.579 dt=39.8ms policy_zmq_lag=0.7ms action_age=50.7ms scan_age=50.1ms scan_rx_age=23.4ms odom_age=8.7ms odom_rx_age=7.3ms sensor_skew=41.4ms loop_to_send=6.3ms
[go2:sport] DRY cmd#2136 seq=2168 v=0.894 w=-0.576 dt=39.9ms policy_zmq_lag=0.7ms action_age=50.8ms scan_age=50.1ms scan_rx_age=22.0ms odom_age=8.4ms odom_rx_age=7.4ms sensor_skew=41.7ms loop_to_send=6.0ms
[go2:sport] DRY cmd#2137 seq=2169 v=0.894 w=-0.577 dt=39.7ms policy_zmq_lag=0.6ms action_age=50.4ms scan_age=49.8ms scan_rx_age=25.2ms odom_age=8.0ms odom_rx_age=6.6ms sensor_skew=41.7ms loop_to_send=5.9ms
[go2:sport] DRY cmd#2138 seq=2170 v=0.894 w=-0.574 dt=40.2ms policy_zmq_lag=0.6ms action_age=50.6ms scan_age=50.0ms scan_rx_age=25.6ms odom_age=8.3ms odom_rx_age=6.9ms sensor_skew=41.7ms loop_to_send=6.3ms
[go2:sport] DRY cmd#2139 seq=2171 v=0.894 w=-0.574 dt=40.4ms policy_zmq_lag=0.6ms action_age=31.0ms scan_age=30.4ms scan_rx_age=7.0ms odom_age=8.8ms odom_rx_age=7.7ms sensor_skew=21.6ms loop_to_send=6.1ms
[go2:sport] DRY cmd#2140 seq=2172 v=0.894 w=-0.571 dt=39.7ms policy_zmq_lag=0.6ms action_age=51.6ms scan_age=51.0ms scan_rx_age=25.2ms odom_age=8.7ms odom_rx_age=7.3ms sensor_skew=42.4ms loop_to_send=6.0ms
[go2:sport] DRY cmd#2141 seq=2173 v=0.894 w=-0.572 dt=39.7ms policy_zmq_lag=0.6ms action_age=50.5ms scan_age=49.8ms scan_rx_age=25.5ms odom_age=8.4ms odom_rx_age=7.0ms sensor_skew=41.5ms loop_to_send=6.2ms
[go2:sport] DRY cmd#2142 seq=2174 v=0.894 w=-0.569 dt=41.1ms policy_zmq_lag=0.7ms action_age=51.5ms scan_age=50.8ms scan_rx_age=26.6ms odom_age=9.4ms odom_rx_age=7.1ms sensor_skew=41.4ms loop_to_send=6.1ms
[go2:sport] DRY cmd#2143 seq=2175 v=0.894 w=-0.569 dt=39.2ms policy_zmq_lag=0.6ms action_age=50.8ms scan_age=50.2ms scan_rx_age=25.3ms odom_age=8.6ms odom_rx_age=7.4ms sensor_skew=41.6ms loop_to_send=6.0ms
[go2:sport] DRY cmd#2144 seq=2176 v=0.894 w=-0.572 dt=39.6ms policy_zmq_lag=0.6ms action_age=50.4ms scan_age=49.8ms scan_rx_age=25.3ms odom_age=8.1ms odom_rx_age=6.7ms sensor_skew=41.7ms loop_to_send=6.0ms
[go2:sport] DRY cmd#2145 seq=2177 v=0.894 w=-0.578 dt=40.1ms policy_zmq_lag=0.6ms action_age=50.5ms scan_age=49.9ms scan_rx_age=25.0ms odom_age=8.4ms odom_rx_age=7.2ms sensor_skew=41.4ms loop_to_send=5.8ms
[go2:sport] DRY cmd#2146 seq=2178 v=0.894 w=-0.579 dt=39.9ms policy_zmq_lag=0.6ms action_age=50.3ms scan_age=49.7ms scan_rx_age=25.6ms odom_age=8.0ms odom_rx_age=7.0ms sensor_skew=41.7ms loop_to_send=5.7ms
[go2:sport] DRY cmd#2147 seq=2179 v=0.894 w=-0.568 dt=39.9ms policy_zmq_lag=0.6ms action_age=50.1ms scan_age=49.6ms scan_rx_age=25.8ms odom_age=8.3ms odom_rx_age=7.1ms sensor_skew=41.3ms loop_to_send=5.8ms
[go2:sport] DRY cmd#2148 seq=2180 v=0.894 w=-0.566 dt=39.9ms policy_zmq_lag=0.6ms action_age=50.2ms scan_age=49.6ms scan_rx_age=25.6ms odom_age=8.2ms odom_rx_age=7.0ms sensor_skew=41.4ms loop_to_send=5.7ms
[go2:sport] DRY cmd#2149 seq=2181 v=0.894 w=-0.563 dt=40.1ms policy_zmq_lag=0.6ms action_age=50.4ms scan_age=49.8ms scan_rx_age=25.8ms odom_age=8.3ms odom_rx_age=7.2ms sensor_skew=41.5ms loop_to_send=5.8ms
[go2:sport] DRY cmd#2150 seq=2182 v=0.894 w=-0.575 dt=39.7ms policy_zmq_lag=0.6ms action_age=50.0ms scan_age=49.4ms scan_rx_age=25.5ms odom_age=8.0ms odom_rx_age=6.9ms sensor_skew=41.4ms loop_to_send=5.7ms
[go2:sport] DRY cmd#2151 seq=2183 v=0.894 w=-0.573 dt=40.1ms policy_zmq_lag=0.6ms action_age=50.0ms scan_age=49.3ms scan_rx_age=25.3ms odom_age=8.1ms odom_rx_age=7.0ms sensor_skew=41.2ms loop_to_send=5.7ms
[go2:sport] DRY cmd#2152 seq=2184 v=0.893 w=-0.568 dt=39.9ms policy_zmq_lag=0.6ms action_age=49.8ms scan_age=49.1ms scan_rx_age=25.0ms odom_age=8.3ms odom_rx_age=7.2ms sensor_skew=40.9ms loop_to_send=5.8ms
[go2:sport] DRY cmd#2153 seq=2185 v=0.894 w=-0.562 dt=40.3ms policy_zmq_lag=0.6ms action_age=49.5ms scan_age=48.9ms scan_rx_age=25.5ms odom_age=8.3ms odom_rx_age=7.2ms sensor_skew=40.6ms loop_to_send=5.9ms
[go2:sport] DRY cmd#2154 seq=2186 v=0.894 w=-0.563 dt=39.8ms policy_zmq_lag=0.7ms action_age=50.0ms scan_age=49.3ms scan_rx_age=24.9ms odom_age=8.0ms odom_rx_age=6.9ms sensor_skew=41.3ms loop_to_send=5.6ms
[go2:sport] DRY cmd#2155 seq=2187 v=0.894 w=-0.557 dt=41.2ms policy_zmq_lag=0.6ms action_age=51.3ms scan_age=50.7ms scan_rx_age=26.4ms odom_age=9.3ms odom_rx_age=7.9ms sensor_skew=41.4ms loop_to_send=6.3ms
[go2:sport] DRY cmd#2156 seq=2188 v=0.894 w=-0.557 dt=39.5ms policy_zmq_lag=0.7ms action_age=50.8ms scan_age=50.1ms scan_rx_age=25.4ms odom_age=8.9ms odom_rx_age=7.7ms sensor_skew=41.2ms loop_to_send=6.3ms
[go2:sport] DRY cmd#2157 seq=2189 v=0.894 w=-0.569 dt=39.2ms policy_zmq_lag=0.6ms action_age=49.9ms scan_age=49.2ms scan_rx_age=24.6ms odom_age=8.0ms odom_rx_age=6.8ms sensor_skew=41.2ms loop_to_send=5.5ms
[go2:sport] DRY cmd#2158 seq=2190 v=0.894 w=-0.570 dt=40.7ms policy_zmq_lag=0.6ms action_age=50.8ms scan_age=50.1ms scan_rx_age=26.1ms odom_age=8.8ms odom_rx_age=7.3ms sensor_skew=41.4ms loop_to_send=6.6ms
[go2:sport] DRY cmd#2159 seq=2191 v=0.894 w=-0.568 dt=39.8ms policy_zmq_lag=0.7ms action_age=50.5ms scan_age=49.8ms scan_rx_age=25.8ms odom_age=8.4ms odom_rx_age=7.3ms sensor_skew=41.4ms loop_to_send=5.9ms
[go2:sport] DRY cmd#2160 seq=2192 v=0.894 w=-0.563 dt=39.6ms policy_zmq_lag=0.7ms action_age=50.2ms scan_age=49.6ms scan_rx_age=25.1ms odom_age=8.1ms odom_rx_age=7.0ms sensor_skew=41.5ms loop_to_send=5.8ms
[go2:sport] DRY cmd#2161 seq=2193 v=0.894 w=-0.560 dt=40.1ms policy_zmq_lag=0.6ms action_age=30.3ms scan_age=29.7ms scan_rx_age=6.1ms odom_age=8.4ms odom_rx_age=7.5ms sensor_skew=21.3ms loop_to_send=5.7ms
[go2:sport] DRY cmd#2162 seq=2194 v=0.894 w=-0.568 dt=40.1ms policy_zmq_lag=0.7ms action_age=30.5ms scan_age=29.8ms scan_rx_age=6.1ms odom_age=8.5ms odom_rx_age=7.5ms sensor_skew=21.3ms loop_to_send=5.7ms
[go2:sport] DRY cmd#2163 seq=2195 v=0.894 w=-0.568 dt=39.8ms policy_zmq_lag=0.8ms action_age=50.2ms scan_age=49.4ms scan_rx_age=25.2ms odom_age=8.2ms odom_rx_age=7.1ms sensor_skew=41.3ms loop_to_send=5.9ms
[go2:sport] DRY cmd#2164 seq=2196 v=0.894 w=-0.563 dt=39.6ms policy_zmq_lag=0.6ms action_age=49.7ms scan_age=49.1ms scan_rx_age=24.9ms odom_age=8.0ms odom_rx_age=6.9ms sensor_skew=41.2ms loop_to_send=5.7ms
[go2:sport] DRY cmd#2165 seq=2197 v=0.893 w=-0.568 dt=42.0ms policy_zmq_lag=0.7ms action_age=52.0ms scan_age=51.3ms scan_rx_age=26.6ms odom_age=10.0ms odom_rx_age=8.8ms sensor_skew=41.3ms loop_to_send=6.9ms
[go2:sport] DRY cmd#2166 seq=2198 v=0.893 w=-0.586 dt=39.5ms policy_zmq_lag=0.7ms action_age=51.4ms scan_age=50.7ms scan_rx_age=26.1ms odom_age=9.4ms odom_rx_age=8.1ms sensor_skew=41.3ms loop_to_send=6.6ms
[go2:sport] DRY cmd#2167 seq=2199 v=0.893 w=-0.581 dt=38.9ms policy_zmq_lag=0.7ms action_age=30.4ms scan_age=29.7ms scan_rx_age=6.6ms odom_age=8.3ms odom_rx_age=7.3ms sensor_skew=21.4ms loop_to_send=5.9ms
[go2:sport] DRY cmd#2168 seq=2200 v=0.893 w=-0.582 dt=40.1ms policy_zmq_lag=0.7ms action_age=50.5ms scan_age=49.9ms scan_rx_age=25.9ms odom_age=8.3ms odom_rx_age=7.2ms sensor_skew=41.6ms loop_to_send=5.9ms
[go2:sport] DRY cmd#2169 seq=2201 v=0.893 w=-0.584 dt=40.0ms policy_zmq_lag=0.7ms action_age=50.5ms scan_age=49.8ms scan_rx_age=25.3ms odom_age=8.4ms odom_rx_age=7.3ms sensor_skew=41.4ms loop_to_send=6.1ms
[go2:sport] DRY cmd#2170 seq=2202 v=0.893 w=-0.574 dt=41.2ms policy_zmq_lag=0.7ms action_age=51.7ms scan_age=51.0ms scan_rx_age=26.3ms odom_age=9.6ms odom_rx_age=8.2ms sensor_skew=41.4ms loop_to_send=6.8ms
[go2:sport] DRY cmd#2171 seq=2203 v=0.894 w=-0.560 dt=39.2ms policy_zmq_lag=0.6ms action_age=50.8ms scan_age=50.2ms scan_rx_age=26.1ms odom_age=8.8ms odom_rx_age=7.6ms sensor_skew=41.4ms loop_to_send=6.2ms
[go2:sport] DRY cmd#2172 seq=2204 v=0.894 w=-0.560 dt=41.2ms policy_zmq_lag=0.7ms action_age=51.9ms scan_age=51.2ms scan_rx_age=27.3ms odom_age=10.1ms odom_rx_age=8.7ms sensor_skew=41.2ms loop_to_send=7.0ms
[go2:sport] DRY cmd#2173 seq=2205 v=0.894 w=-0.553 dt=41.3ms policy_zmq_lag=0.6ms action_age=53.4ms scan_age=52.8ms scan_rx_age=27.9ms odom_age=11.3ms odom_rx_age=9.7ms sensor_skew=41.4ms loop_to_send=8.2ms
[go2:sport] DRY cmd#2174 seq=2206 v=0.894 w=-0.560 dt=38.3ms policy_zmq_lag=0.7ms action_age=51.4ms scan_age=50.7ms scan_rx_age=26.4ms odom_age=9.7ms odom_rx_age=8.5ms sensor_skew=41.1ms loop_to_send=7.1ms
[go2:sport] DRY cmd#2175 seq=2207 v=0.894 w=-0.573 dt=40.6ms policy_zmq_lag=0.7ms action_age=52.1ms scan_age=51.5ms scan_rx_age=27.2ms odom_age=10.2ms odom_rx_age=8.8ms sensor_skew=41.2ms loop_to_send=6.8ms
[go2:sport] DRY cmd#2176 seq=2208 v=0.894 w=-0.572 dt=38.7ms policy_zmq_lag=0.6ms action_age=50.9ms scan_age=50.2ms scan_rx_age=26.2ms odom_age=8.2ms odom_rx_age=7.0ms sensor_skew=42.0ms loop_to_send=6.3ms
[go2:sport] DRY cmd#2177 seq=2209 v=0.894 w=-0.567 dt=39.3ms policy_zmq_lag=0.6ms action_age=50.1ms scan_age=49.4ms scan_rx_age=23.2ms odom_age=8.2ms odom_rx_age=7.2ms sensor_skew=41.2ms loop_to_send=6.0ms
[go2:sport] DRY cmd#2178 seq=2210 v=0.894 w=-0.573 dt=40.7ms policy_zmq_lag=0.6ms action_age=51.0ms scan_age=50.3ms scan_rx_age=25.8ms odom_age=9.0ms odom_rx_age=7.5ms sensor_skew=41.4ms loop_to_send=6.0ms
[go2:sport] DRY cmd#2179 seq=2211 v=0.894 w=-0.573 dt=39.6ms policy_zmq_lag=0.6ms action_age=30.3ms scan_age=29.7ms scan_rx_age=6.3ms odom_age=8.7ms odom_rx_age=7.7ms sensor_skew=21.0ms loop_to_send=5.8ms
[go2:sport] DRY cmd#2180 seq=2212 v=0.894 w=-0.571 dt=39.5ms policy_zmq_lag=0.6ms action_age=50.0ms scan_age=49.4ms scan_rx_age=25.6ms odom_age=8.2ms odom_rx_age=7.2ms sensor_skew=41.2ms loop_to_send=5.8ms
[go2:sport] DRY cmd#2181 seq=2213 v=0.894 w=-0.573 dt=41.3ms policy_zmq_lag=0.7ms action_age=51.4ms scan_age=50.7ms scan_rx_age=26.5ms odom_age=9.3ms odom_rx_age=8.1ms sensor_skew=41.4ms loop_to_send=6.4ms
[go2:sport] DRY cmd#2182 seq=2214 v=0.894 w=-0.569 dt=39.2ms policy_zmq_lag=0.7ms action_age=50.4ms scan_age=49.8ms scan_rx_age=25.4ms odom_age=8.6ms odom_rx_age=7.6ms sensor_skew=41.1ms loop_to_send=6.3ms
[go2:sport] DRY cmd#2183 seq=2215 v=0.894 w=-0.573 dt=39.5ms policy_zmq_lag=0.7ms action_age=50.1ms scan_age=49.4ms scan_rx_age=25.4ms odom_age=8.1ms odom_rx_age=7.0ms sensor_skew=41.4ms loop_to_send=5.7ms
[go2:sport] DRY cmd#2184 seq=2216 v=0.894 w=-0.576 dt=40.2ms policy_zmq_lag=0.7ms action_age=50.1ms scan_age=49.5ms scan_rx_age=25.4ms odom_age=8.3ms odom_rx_age=7.4ms sensor_skew=41.1ms loop_to_send=5.8ms
[go2:sport] DRY cmd#2185 seq=2217 v=0.894 w=-0.568 dt=40.1ms policy_zmq_lag=0.6ms action_age=30.2ms scan_age=29.6ms scan_rx_age=6.1ms odom_age=8.5ms odom_rx_age=7.5ms sensor_skew=21.1ms loop_to_send=5.6ms
[go2:sport] DRY cmd#2186 seq=2218 v=0.894 w=-0.569 dt=40.4ms policy_zmq_lag=0.8ms action_age=50.7ms scan_age=50.0ms scan_rx_age=26.3ms odom_age=8.8ms odom_rx_age=7.8ms sensor_skew=41.2ms loop_to_send=6.1ms
[go2:sport] DRY cmd#2187 seq=2219 v=0.894 w=-0.565 dt=39.7ms policy_zmq_lag=0.6ms action_age=50.3ms scan_age=49.6ms scan_rx_age=25.3ms odom_age=8.6ms odom_rx_age=7.6ms sensor_skew=41.0ms loop_to_send=5.9ms
[go2:sport] DRY cmd#2188 seq=2220 v=0.894 w=-0.578 dt=40.1ms policy_zmq_lag=0.6ms action_age=30.6ms scan_age=29.9ms scan_rx_age=6.3ms odom_age=8.7ms odom_rx_age=7.7ms sensor_skew=21.2ms loop_to_send=5.8ms
[go2:sport] DRY cmd#2189 seq=2221 v=0.894 w=-0.570 dt=40.8ms policy_zmq_lag=0.6ms action_age=51.4ms scan_age=50.8ms scan_rx_age=26.9ms odom_age=9.5ms odom_rx_age=8.1ms sensor_skew=41.3ms loop_to_send=6.5ms
[go2:sport] DRY cmd#2190 seq=2222 v=0.894 w=-0.560 dt=38.7ms policy_zmq_lag=0.6ms action_age=50.1ms scan_age=49.5ms scan_rx_age=25.0ms odom_age=8.2ms odom_rx_age=7.1ms sensor_skew=41.2ms loop_to_send=5.8ms
[go2:sport] DRY cmd#2191 seq=2223 v=0.894 w=-0.571 dt=39.8ms policy_zmq_lag=0.6ms action_age=49.9ms scan_age=49.3ms scan_rx_age=25.3ms odom_age=8.1ms odom_rx_age=7.2ms sensor_skew=41.2ms loop_to_send=5.6ms
[go2:sport] DRY cmd#2192 seq=2224 v=0.894 w=-0.580 dt=40.6ms policy_zmq_lag=0.7ms action_age=50.4ms scan_age=49.7ms scan_rx_age=25.7ms odom_age=8.6ms odom_rx_age=7.6ms sensor_skew=41.1ms loop_to_send=6.0ms
[go2:sport] DRY cmd#2193 seq=2225 v=0.894 w=-0.582 dt=39.5ms policy_zmq_lag=0.6ms action_age=49.9ms scan_age=49.3ms scan_rx_age=25.5ms odom_age=8.2ms odom_rx_age=7.2ms sensor_skew=41.1ms loop_to_send=5.6ms
[go2:sport] DRY cmd#2194 seq=2226 v=0.894 w=-0.579 dt=40.1ms policy_zmq_lag=0.6ms action_age=50.1ms scan_age=49.5ms scan_rx_age=25.7ms odom_age=7.4ms odom_rx_age=6.4ms sensor_skew=42.0ms loop_to_send=5.8ms
[go2:sport] DRY cmd#2195 seq=2227 v=0.894 w=-0.582 dt=43.2ms policy_zmq_lag=0.7ms action_age=53.3ms scan_age=52.6ms scan_rx_age=28.8ms odom_age=11.3ms odom_rx_age=10.0ms sensor_skew=41.4ms loop_to_send=6.6ms
[go2:sport] DRY cmd#2196 seq=2228 v=0.894 w=-0.566 dt=37.9ms policy_zmq_lag=0.8ms action_age=51.3ms scan_age=50.4ms scan_rx_age=25.7ms odom_age=9.2ms odom_rx_age=8.1ms sensor_skew=41.2ms loop_to_send=6.6ms
[go2:sport] DRY cmd#2197 seq=2229 v=0.894 w=-0.576 dt=39.9ms policy_zmq_lag=0.6ms action_age=51.1ms scan_age=50.5ms scan_rx_age=26.2ms odom_age=9.3ms odom_rx_age=7.9ms sensor_skew=41.2ms loop_to_send=6.3ms
[go2:sport] DRY cmd#2198 seq=2230 v=0.894 w=-0.578 dt=39.6ms policy_zmq_lag=0.6ms action_age=50.7ms scan_age=50.1ms scan_rx_age=25.8ms odom_age=8.9ms odom_rx_age=7.7ms sensor_skew=41.2ms loop_to_send=6.3ms
[go2:sport] DRY cmd#2199 seq=2231 v=0.894 w=-0.571 dt=40.6ms policy_zmq_lag=0.7ms action_age=51.4ms scan_age=50.7ms scan_rx_age=25.9ms odom_age=9.5ms odom_rx_age=8.0ms sensor_skew=41.2ms loop_to_send=6.5ms
[go2:sport] DRY cmd#2200 seq=2232 v=0.894 w=-0.576 dt=39.7ms policy_zmq_lag=0.6ms action_age=51.0ms scan_age=50.4ms scan_rx_age=26.2ms odom_age=9.0ms odom_rx_age=7.8ms sensor_skew=41.4ms loop_to_send=6.4ms
[go2:sport] DRY cmd#2201 seq=2233 v=0.894 w=-0.580 dt=39.3ms policy_zmq_lag=0.6ms action_age=50.2ms scan_age=49.6ms scan_rx_age=25.6ms odom_age=8.5ms odom_rx_age=7.3ms sensor_skew=41.1ms loop_to_send=6.0ms
[go2:sport] DRY cmd#2202 seq=2234 v=0.894 w=-0.581 dt=40.1ms policy_zmq_lag=0.6ms action_age=50.2ms scan_age=49.6ms scan_rx_age=25.1ms odom_age=8.7ms odom_rx_age=7.7ms sensor_skew=40.9ms loop_to_send=6.0ms
[go2:sport] DRY cmd#2203 seq=2235 v=0.894 w=-0.576 dt=40.1ms policy_zmq_lag=0.6ms action_age=30.5ms scan_age=29.9ms scan_rx_age=6.3ms odom_age=8.7ms odom_rx_age=7.7ms sensor_skew=21.2ms loop_to_send=5.8ms
[go2:sport] DRY cmd#2204 seq=2236 v=0.893 w=-0.586 dt=39.7ms policy_zmq_lag=0.6ms action_age=30.1ms scan_age=29.5ms scan_rx_age=6.1ms odom_age=8.4ms odom_rx_age=7.5ms sensor_skew=21.0ms loop_to_send=5.7ms
[go2:sport] DRY cmd#2205 seq=2237 v=0.894 w=-0.568 dt=39.6ms policy_zmq_lag=0.6ms action_age=49.8ms scan_age=49.2ms scan_rx_age=25.5ms odom_age=8.0ms odom_rx_age=7.1ms sensor_skew=41.2ms loop_to_send=5.6ms
[go2:sport] DRY cmd#2206 seq=2238 v=0.894 w=-0.560 dt=40.2ms policy_zmq_lag=0.6ms action_age=50.0ms scan_age=49.4ms scan_rx_age=25.4ms odom_age=8.2ms odom_rx_age=7.3ms sensor_skew=41.1ms loop_to_send=5.7ms
[go2:sport] DRY cmd#2207 seq=2239 v=0.894 w=-0.553 dt=40.3ms policy_zmq_lag=0.7ms action_age=50.3ms scan_age=49.6ms scan_rx_age=25.4ms odom_age=8.5ms odom_rx_age=7.3ms sensor_skew=41.1ms loop_to_send=6.0ms
[go2:sport] DRY cmd#2208 seq=2240 v=0.894 w=-0.558 dt=39.6ms policy_zmq_lag=0.6ms action_age=49.8ms scan_age=49.2ms scan_rx_age=25.0ms odom_age=8.1ms odom_rx_age=7.2ms sensor_skew=41.1ms loop_to_send=5.7ms
[go2:sport] DRY cmd#2209 seq=2241 v=0.894 w=-0.555 dt=40.1ms policy_zmq_lag=0.7ms action_age=49.9ms scan_age=49.2ms scan_rx_age=25.5ms odom_age=8.2ms odom_rx_age=7.1ms sensor_skew=41.0ms loop_to_send=5.7ms
[go2:sport] DRY cmd#2210 seq=2242 v=0.893 w=-0.575 dt=40.7ms policy_zmq_lag=0.6ms action_age=30.6ms scan_age=30.0ms scan_rx_age=6.4ms odom_age=9.0ms odom_rx_age=7.8ms sensor_skew=21.0ms loop_to_send=5.9ms
[go2:sport] DRY cmd#2211 seq=2243 v=0.893 w=-0.575 dt=39.1ms policy_zmq_lag=0.6ms action_age=49.8ms scan_age=49.2ms scan_rx_age=25.4ms odom_age=10.4ms odom_rx_age=9.2ms sensor_skew=38.8ms loop_to_send=5.6ms
[go2:sport] DRY cmd#2212 seq=2244 v=0.894 w=-0.571 dt=40.7ms policy_zmq_lag=0.6ms action_age=30.5ms scan_age=29.9ms scan_rx_age=6.4ms odom_age=8.8ms odom_rx_age=8.0ms sensor_skew=21.1ms loop_to_send=5.9ms
[go2:sport] DRY cmd#2213 seq=2245 v=0.894 w=-0.567 dt=39.8ms policy_zmq_lag=0.6ms action_age=50.3ms scan_age=49.7ms scan_rx_age=25.6ms odom_age=8.6ms odom_rx_age=7.5ms sensor_skew=41.1ms loop_to_send=5.9ms
[go2:sport] DRY cmd#2214 seq=2246 v=0.894 w=-0.568 dt=39.8ms policy_zmq_lag=0.7ms action_age=50.1ms scan_age=49.4ms scan_rx_age=25.2ms odom_age=8.4ms odom_rx_age=7.5ms sensor_skew=41.0ms loop_to_send=5.8ms
[go2:sport] DRY cmd#2215 seq=2247 v=0.894 w=-0.583 dt=40.1ms policy_zmq_lag=0.7ms action_age=50.2ms scan_age=49.5ms scan_rx_age=25.6ms odom_age=8.4ms odom_rx_age=7.5ms sensor_skew=41.1ms loop_to_send=5.9ms
[go2:sport] DRY cmd#2216 seq=2248 v=0.894 w=-0.569 dt=39.7ms policy_zmq_lag=0.7ms action_age=49.9ms scan_age=49.2ms scan_rx_age=25.3ms odom_age=8.2ms odom_rx_age=7.3ms sensor_skew=41.1ms loop_to_send=5.6ms
[go2:sport] DRY cmd#2217 seq=2249 v=0.894 w=-0.564 dt=40.4ms policy_zmq_lag=0.7ms action_age=50.0ms scan_age=49.3ms scan_rx_age=25.4ms odom_age=8.4ms odom_rx_age=7.2ms sensor_skew=40.9ms loop_to_send=5.9ms
[go2:sport] DRY cmd#2218 seq=2250 v=0.894 w=-0.573 dt=40.1ms policy_zmq_lag=0.6ms action_age=30.3ms scan_age=29.6ms scan_rx_age=6.2ms odom_age=12.0ms odom_rx_age=11.0ms sensor_skew=17.6ms loop_to_send=5.6ms
[go2:sport] DRY cmd#2219 seq=2251 v=0.893 w=-0.580 dt=39.9ms policy_zmq_lag=0.7ms action_age=50.3ms scan_age=49.6ms scan_rx_age=25.5ms odom_age=8.6ms odom_rx_age=7.5ms sensor_skew=41.1ms loop_to_send=5.7ms
[go2:sport] DRY cmd#2220 seq=2252 v=0.894 w=-0.577 dt=39.9ms policy_zmq_lag=0.6ms action_age=50.2ms scan_age=49.5ms scan_rx_age=25.6ms odom_age=8.4ms odom_rx_age=7.4ms sensor_skew=41.1ms loop_to_send=5.8ms
[go2:sport] DRY cmd#2221 seq=2253 v=0.894 w=-0.570 dt=40.2ms policy_zmq_lag=0.7ms action_age=50.2ms scan_age=49.6ms scan_rx_age=25.8ms odom_age=8.5ms odom_rx_age=7.5ms sensor_skew=41.1ms loop_to_send=5.8ms
[go2:sport] DRY cmd#2222 seq=2254 v=0.893 w=-0.568 dt=40.3ms policy_zmq_lag=0.7ms action_age=50.3ms scan_age=49.6ms scan_rx_age=25.8ms odom_age=8.7ms odom_rx_age=7.7ms sensor_skew=40.9ms loop_to_send=6.1ms
[go2:sport] DRY cmd#2223 seq=2255 v=0.894 w=-0.573 dt=40.2ms policy_zmq_lag=0.7ms action_age=50.6ms scan_age=49.9ms scan_rx_age=25.6ms odom_age=12.3ms odom_rx_age=11.4ms sensor_skew=37.6ms loop_to_send=6.2ms
[go2:sport] DRY cmd#2224 seq=2256 v=0.894 w=-0.564 dt=39.7ms policy_zmq_lag=0.6ms action_age=50.3ms scan_age=49.6ms scan_rx_age=25.7ms odom_age=18.8ms odom_rx_age=17.9ms sensor_skew=30.9ms loop_to_send=6.1ms
[go2:sport] DRY cmd#2225 seq=2257 v=0.894 w=-0.567 dt=39.8ms policy_zmq_lag=0.7ms action_age=50.3ms scan_age=49.7ms scan_rx_age=25.7ms odom_age=8.5ms odom_rx_age=7.4ms sensor_skew=41.2ms loop_to_send=5.8ms
[go2:sport] DRY cmd#2226 seq=2258 v=0.894 w=-0.570 dt=39.7ms policy_zmq_lag=0.6ms action_age=49.9ms scan_age=49.3ms scan_rx_age=25.4ms odom_age=8.2ms odom_rx_age=7.2ms sensor_skew=41.1ms loop_to_send=5.6ms
[go2:sport] DRY cmd#2227 seq=2259 v=0.894 w=-0.564 dt=41.2ms policy_zmq_lag=0.6ms action_age=31.2ms scan_age=30.6ms scan_rx_age=6.9ms odom_age=9.4ms odom_rx_age=8.3ms sensor_skew=21.2ms loop_to_send=6.2ms
[go2:sport] DRY cmd#2228 seq=2260 v=0.894 w=-0.575 dt=39.1ms policy_zmq_lag=0.6ms action_age=50.1ms scan_age=49.4ms scan_rx_age=25.5ms odom_age=8.4ms odom_rx_age=7.4ms sensor_skew=41.0ms loop_to_send=5.8ms
[go2:sport] DRY cmd#2229 seq=2261 v=0.894 w=-0.579 dt=40.2ms policy_zmq_lag=0.6ms action_age=30.3ms scan_age=29.7ms scan_rx_age=6.3ms odom_age=8.7ms odom_rx_age=7.7ms sensor_skew=20.9ms loop_to_send=5.8ms
[go2:sport] DRY cmd#2230 seq=2262 v=0.894 w=-0.572 dt=39.4ms policy_zmq_lag=0.6ms action_age=49.8ms scan_age=49.2ms scan_rx_age=25.2ms odom_age=8.1ms odom_rx_age=7.1ms sensor_skew=41.2ms loop_to_send=5.5ms
[go2:sport] DRY cmd#2231 seq=2263 v=0.894 w=-0.576 dt=40.0ms policy_zmq_lag=0.6ms action_age=49.6ms scan_age=49.0ms scan_rx_age=25.5ms odom_age=8.0ms odom_rx_age=7.1ms sensor_skew=41.0ms loop_to_send=5.5ms
[go2:sport] DRY cmd#2232 seq=2264 v=0.894 w=-0.569 dt=40.4ms policy_zmq_lag=0.6ms action_age=49.9ms scan_age=49.2ms scan_rx_age=25.5ms odom_age=8.4ms odom_rx_age=7.4ms sensor_skew=40.9ms loop_to_send=5.8ms
[go2:sport] DRY cmd#2233 seq=2265 v=0.894 w=-0.580 dt=39.7ms policy_zmq_lag=0.6ms action_age=49.7ms scan_age=49.1ms scan_rx_age=24.6ms odom_age=8.1ms odom_rx_age=7.2ms sensor_skew=41.0ms loop_to_send=5.6ms
[go2:sport] DRY cmd#2234 seq=2266 v=0.894 w=-0.582 dt=40.3ms policy_zmq_lag=0.6ms action_age=49.9ms scan_age=49.3ms scan_rx_age=25.0ms odom_age=8.5ms odom_rx_age=7.6ms sensor_skew=40.8ms loop_to_send=5.8ms
[go2:sport] DRY cmd#2235 seq=2267 v=0.894 w=-0.573 dt=39.9ms policy_zmq_lag=0.6ms action_age=49.8ms scan_age=49.2ms scan_rx_age=25.0ms odom_age=8.3ms odom_rx_age=7.3ms sensor_skew=40.9ms loop_to_send=5.7ms
[go2:sport] DRY cmd#2236 seq=2268 v=0.894 w=-0.562 dt=40.0ms policy_zmq_lag=0.6ms action_age=49.9ms scan_age=49.2ms scan_rx_age=24.7ms odom_age=8.3ms odom_rx_age=7.4ms sensor_skew=40.9ms loop_to_send=5.7ms
[go2:sport] DRY cmd#2237 seq=2269 v=0.894 w=-0.565 dt=40.3ms policy_zmq_lag=0.6ms action_age=50.1ms scan_age=49.4ms scan_rx_age=23.5ms odom_age=8.7ms odom_rx_age=7.5ms sensor_skew=40.8ms loop_to_send=5.7ms
[go2:sport] DRY cmd#2238 seq=2270 v=0.894 w=-0.551 dt=40.4ms policy_zmq_lag=0.8ms action_age=50.6ms scan_age=49.8ms scan_rx_age=25.5ms odom_age=8.9ms odom_rx_age=7.8ms sensor_skew=40.9ms loop_to_send=6.0ms
[go2:sport] DRY cmd#2239 seq=2271 v=0.893 w=-0.561 dt=39.2ms policy_zmq_lag=0.6ms action_age=50.0ms scan_age=49.4ms scan_rx_age=24.6ms odom_age=8.3ms odom_rx_age=7.4ms sensor_skew=41.1ms loop_to_send=5.7ms
[go2:sport] DRY cmd#2240 seq=2272 v=0.893 w=-0.568 dt=40.1ms policy_zmq_lag=0.6ms action_age=50.0ms scan_age=49.4ms scan_rx_age=25.5ms odom_age=8.5ms odom_rx_age=7.6ms sensor_skew=40.9ms loop_to_send=5.8ms
[go2:sport] DRY cmd#2241 seq=2273 v=0.893 w=-0.577 dt=40.5ms policy_zmq_lag=0.6ms action_age=50.5ms scan_age=50.0ms scan_rx_age=26.1ms odom_age=8.9ms odom_rx_age=7.8ms sensor_skew=41.1ms loop_to_send=6.1ms
[go2:sport] DRY cmd#2242 seq=2274 v=0.894 w=-0.572 dt=39.4ms policy_zmq_lag=0.6ms action_age=49.7ms scan_age=49.1ms scan_rx_age=25.6ms odom_age=8.3ms odom_rx_age=7.4ms sensor_skew=40.8ms loop_to_send=5.7ms
[go2:sport] DRY cmd#2243 seq=2275 v=0.893 w=-0.560 dt=40.5ms policy_zmq_lag=0.6ms action_age=30.5ms scan_age=29.9ms scan_rx_age=6.2ms odom_age=8.9ms odom_rx_age=7.9ms sensor_skew=21.0ms loop_to_send=5.7ms
[go2:sport] DRY cmd#2244 seq=2276 v=0.893 w=-0.565 dt=39.5ms policy_zmq_lag=0.6ms action_age=50.0ms scan_age=49.4ms scan_rx_age=25.2ms odom_age=8.4ms odom_rx_age=7.4ms sensor_skew=41.0ms loop_to_send=5.7ms
[go2:sport] DRY cmd#2245 seq=2277 v=0.893 w=-0.581 dt=40.5ms policy_zmq_lag=0.6ms action_age=30.4ms scan_age=29.8ms scan_rx_age=6.2ms odom_age=8.9ms odom_rx_age=8.0ms sensor_skew=21.0ms loop_to_send=5.7ms
[go2:sport] DRY cmd#2246 seq=2278 v=0.894 w=-0.570 dt=39.2ms policy_zmq_lag=0.6ms action_age=49.6ms scan_age=49.1ms scan_rx_age=25.0ms odom_age=8.0ms odom_rx_age=7.2ms sensor_skew=41.1ms loop_to_send=5.5ms
[go2:sport] DRY cmd#2247 seq=2279 v=0.894 w=-0.571 dt=40.5ms policy_zmq_lag=0.6ms action_age=30.1ms scan_age=29.4ms scan_rx_age=6.1ms odom_age=8.6ms odom_rx_age=7.7ms sensor_skew=20.9ms loop_to_send=5.7ms
[go2:sport] DRY cmd#2248 seq=2280 v=0.894 w=-0.581 dt=39.8ms policy_zmq_lag=0.6ms action_age=49.9ms scan_age=49.3ms scan_rx_age=25.5ms odom_age=8.3ms odom_rx_age=7.3ms sensor_skew=41.1ms loop_to_send=5.7ms
[go2:sport] DRY cmd#2249 seq=2281 v=0.894 w=-0.572 dt=39.9ms policy_zmq_lag=0.6ms action_age=49.7ms scan_age=49.0ms scan_rx_age=25.1ms odom_age=8.2ms odom_rx_age=7.1ms sensor_skew=40.9ms loop_to_send=5.5ms
[go2:sport] DRY cmd#2250 seq=2282 v=0.894 w=-0.574 dt=40.5ms policy_zmq_lag=0.7ms action_age=50.2ms scan_age=49.5ms scan_rx_age=25.5ms odom_age=8.7ms odom_rx_age=7.6ms sensor_skew=40.9ms loop_to_send=5.9ms
[go2:sport] DRY cmd#2251 seq=2283 v=0.894 w=-0.583 dt=40.2ms policy_zmq_lag=0.6ms action_age=50.3ms scan_age=49.7ms scan_rx_age=25.9ms odom_age=8.8ms odom_rx_age=7.6ms sensor_skew=40.9ms loop_to_send=5.9ms
[go2:sport] DRY cmd#2252 seq=2284 v=0.894 w=-0.566 dt=40.1ms policy_zmq_lag=0.8ms action_age=50.2ms scan_age=49.4ms scan_rx_age=25.9ms odom_age=8.7ms odom_rx_age=7.7ms sensor_skew=40.7ms loop_to_send=6.0ms
[go2:sport] DRY cmd#2253 seq=2285 v=0.894 w=-0.563 dt=39.7ms policy_zmq_lag=0.6ms action_age=50.0ms scan_age=49.4ms scan_rx_age=24.9ms odom_age=8.4ms odom_rx_age=7.4ms sensor_skew=41.0ms loop_to_send=5.7ms
[go2:sport] DRY cmd#2254 seq=2286 v=0.893 w=-0.576 dt=39.5ms policy_zmq_lag=0.6ms action_age=49.7ms scan_age=49.2ms scan_rx_age=24.9ms odom_age=8.2ms odom_rx_age=7.4ms sensor_skew=41.0ms loop_to_send=5.5ms
[go2:sport] DRY cmd#2255 seq=2287 v=0.894 w=-0.570 dt=40.2ms policy_zmq_lag=0.6ms action_age=49.9ms scan_age=49.3ms scan_rx_age=25.2ms odom_age=8.4ms odom_rx_age=7.4ms sensor_skew=40.9ms loop_to_send=5.7ms
[go2:sport] DRY cmd#2256 seq=2288 v=0.893 w=-0.564 dt=40.0ms policy_zmq_lag=0.6ms action_age=49.8ms scan_age=49.2ms scan_rx_age=25.5ms odom_age=8.2ms odom_rx_age=7.2ms sensor_skew=41.0ms loop_to_send=5.6ms
[go2:sport] DRY cmd#2257 seq=2289 v=0.893 w=-0.573 dt=41.1ms policy_zmq_lag=0.7ms action_age=31.0ms scan_age=30.3ms scan_rx_age=6.7ms odom_age=9.4ms odom_rx_age=8.1ms sensor_skew=20.9ms loop_to_send=6.1ms
[go2:sport] DRY cmd#2258 seq=2290 v=0.894 w=-0.562 dt=39.0ms policy_zmq_lag=0.6ms action_age=50.0ms scan_age=49.3ms scan_rx_age=25.7ms odom_age=8.4ms odom_rx_age=7.4ms sensor_skew=40.9ms loop_to_send=5.7ms
[go2:sport] DRY cmd#2259 seq=2291 v=0.894 w=-0.564 dt=39.7ms policy_zmq_lag=0.6ms action_age=49.8ms scan_age=49.2ms scan_rx_age=25.0ms odom_age=8.2ms odom_rx_age=7.3ms sensor_skew=41.0ms loop_to_send=5.5ms
[go2:sport] DRY cmd#2260 seq=2292 v=0.894 w=-0.571 dt=40.4ms policy_zmq_lag=0.6ms action_age=50.1ms scan_age=49.5ms scan_rx_age=25.1ms odom_age=8.3ms odom_rx_age=7.0ms sensor_skew=41.2ms loop_to_send=5.6ms
[go2:sport] DRY cmd#2261 seq=2293 v=0.894 w=-0.572 dt=40.0ms policy_zmq_lag=0.7ms action_age=50.0ms scan_age=49.3ms scan_rx_age=24.4ms odom_age=8.5ms odom_rx_age=7.5ms sensor_skew=40.9ms loop_to_send=5.8ms
[go2:sport] DRY cmd#2262 seq=2294 v=0.894 w=-0.567 dt=40.1ms policy_zmq_lag=0.8ms action_age=49.8ms scan_age=49.0ms scan_rx_age=25.2ms odom_age=8.5ms odom_rx_age=7.5ms sensor_skew=40.5ms loop_to_send=5.8ms
[go2:sport] DRY cmd#2263 seq=2295 v=0.894 w=-0.575 dt=40.0ms policy_zmq_lag=0.6ms action_age=30.2ms scan_age=29.6ms scan_rx_age=6.0ms odom_age=8.6ms odom_rx_age=7.7ms sensor_skew=20.9ms loop_to_send=5.6ms
[go2:sport] DRY cmd#2264 seq=2296 v=0.894 w=-0.583 dt=39.6ms policy_zmq_lag=0.6ms action_age=29.6ms scan_age=29.0ms scan_rx_age=5.9ms odom_age=8.4ms odom_rx_age=7.6ms sensor_skew=20.6ms loop_to_send=5.4ms
[go2:sport] DRY cmd#2265 seq=2297 v=0.894 w=-0.572 dt=41.2ms policy_zmq_lag=0.8ms action_age=50.9ms scan_age=50.1ms scan_rx_age=26.5ms odom_age=9.3ms odom_rx_age=8.0ms sensor_skew=40.8ms loop_to_send=6.6ms
[go2:sport] DRY cmd#2266 seq=2298 v=0.894 w=-0.570 dt=39.9ms policy_zmq_lag=0.7ms action_age=50.9ms scan_age=50.2ms scan_rx_age=26.2ms odom_age=7.9ms odom_rx_age=6.8ms sensor_skew=42.3ms loop_to_send=6.2ms
[go2:sport] DRY cmd#2267 seq=2299 v=0.894 w=-0.568 dt=39.3ms policy_zmq_lag=0.7ms action_age=30.2ms scan_age=29.6ms scan_rx_age=6.2ms odom_age=8.7ms odom_rx_age=7.6ms sensor_skew=20.9ms loop_to_send=5.8ms
[go2:sport] DRY cmd#2268 seq=2300 v=0.894 w=-0.565 dt=40.0ms policy_zmq_lag=0.7ms action_age=50.3ms scan_age=49.6ms scan_rx_age=25.9ms odom_age=8.6ms odom_rx_age=7.4ms sensor_skew=41.1ms loop_to_send=5.8ms
[go2:sport] DRY cmd#2269 seq=2301 v=0.894 w=-0.573 dt=39.8ms policy_zmq_lag=0.7ms action_age=50.1ms scan_age=49.4ms scan_rx_age=25.3ms odom_age=8.4ms odom_rx_age=7.4ms sensor_skew=41.0ms loop_to_send=5.7ms
[go2:sport] DRY cmd#2270 seq=2302 v=0.893 w=-0.575 dt=40.0ms policy_zmq_lag=0.7ms action_age=50.0ms scan_age=49.3ms scan_rx_age=25.7ms odom_age=8.6ms odom_rx_age=7.4ms sensor_skew=40.7ms loop_to_send=5.7ms
[go2:sport] DRY cmd#2271 seq=2303 v=0.894 w=-0.572 dt=40.0ms policy_zmq_lag=0.7ms action_age=50.2ms scan_age=49.5ms scan_rx_age=25.1ms odom_age=8.5ms odom_rx_age=7.5ms sensor_skew=41.0ms loop_to_send=5.8ms
[go2:sport] DRY cmd#2272 seq=2304 v=0.894 w=-0.568 dt=40.1ms policy_zmq_lag=0.6ms action_age=30.2ms scan_age=29.6ms scan_rx_age=6.0ms odom_age=8.6ms odom_rx_age=7.7ms sensor_skew=21.0ms loop_to_send=5.5ms
[go2:sport] DRY cmd#2273 seq=2305 v=0.894 w=-0.565 dt=40.3ms policy_zmq_lag=0.6ms action_age=30.5ms scan_age=29.9ms scan_rx_age=6.2ms odom_age=8.9ms odom_rx_age=7.9ms sensor_skew=21.0ms loop_to_send=5.7ms
[go2:sport] DRY cmd#2274 seq=2306 v=0.893 w=-0.569 dt=39.5ms policy_zmq_lag=0.7ms action_age=50.0ms scan_age=49.4ms scan_rx_age=23.6ms odom_age=8.4ms odom_rx_age=7.2ms sensor_skew=40.9ms loop_to_send=5.8ms
[go2:sport] DRY cmd#2275 seq=2307 v=0.894 w=-0.569 dt=39.9ms policy_zmq_lag=0.6ms action_age=49.9ms scan_age=49.3ms scan_rx_age=25.6ms odom_age=8.5ms odom_rx_age=7.5ms sensor_skew=40.8ms loop_to_send=5.7ms
[go2:sport] DRY cmd#2276 seq=2308 v=0.893 w=-0.568 dt=40.0ms policy_zmq_lag=0.6ms action_age=49.9ms scan_age=49.2ms scan_rx_age=26.2ms odom_age=8.4ms odom_rx_age=7.4ms sensor_skew=40.8ms loop_to_send=5.7ms
[go2:sport] DRY cmd#2277 seq=2309 v=0.894 w=-0.576 dt=40.4ms policy_zmq_lag=0.6ms action_age=30.5ms scan_age=29.8ms scan_rx_age=6.2ms odom_age=8.9ms odom_rx_age=8.0ms sensor_skew=20.9ms loop_to_send=5.8ms
[go2:sport] DRY cmd#2278 seq=2310 v=0.894 w=-0.574 dt=39.8ms policy_zmq_lag=0.6ms action_age=50.2ms scan_age=49.5ms scan_rx_age=26.0ms odom_age=12.0ms odom_rx_age=11.1ms sensor_skew=37.6ms loop_to_send=5.7ms
[go2:sport] DRY cmd#2279 seq=2311 v=0.893 w=-0.572 dt=39.8ms policy_zmq_lag=0.7ms action_age=49.9ms scan_age=49.3ms scan_rx_age=25.6ms odom_age=8.5ms odom_rx_age=7.5ms sensor_skew=40.8ms loop_to_send=5.8ms
[go2:sport] DRY cmd#2280 seq=2312 v=0.893 w=-0.562 dt=40.2ms policy_zmq_lag=0.7ms action_age=30.3ms scan_age=29.6ms scan_rx_age=6.0ms odom_age=8.8ms odom_rx_age=7.8ms sensor_skew=20.8ms loop_to_send=5.5ms
[go2:sport] DRY cmd#2281 seq=2313 v=0.893 w=-0.570 dt=40.4ms policy_zmq_lag=0.6ms action_age=50.5ms scan_age=49.9ms scan_rx_age=26.4ms odom_age=9.2ms odom_rx_age=8.0ms sensor_skew=40.7ms loop_to_send=6.2ms
[go2:sport] DRY cmd#2282 seq=2314 v=0.894 w=-0.565 dt=40.4ms policy_zmq_lag=0.6ms action_age=31.0ms scan_age=30.4ms scan_rx_age=6.9ms odom_age=9.6ms odom_rx_age=8.5ms sensor_skew=20.8ms loop_to_send=6.2ms
[go2:sport] DRY cmd#2283 seq=2315 v=0.894 w=-0.569 dt=39.4ms policy_zmq_lag=0.8ms action_age=50.5ms scan_age=49.7ms scan_rx_age=25.8ms odom_age=8.8ms odom_rx_age=7.6ms sensor_skew=40.9ms loop_to_send=5.8ms
[go2:sport] DRY cmd#2284 seq=2316 v=0.894 w=-0.564 dt=39.5ms policy_zmq_lag=0.7ms action_age=50.0ms scan_age=49.3ms scan_rx_age=25.0ms odom_age=8.5ms odom_rx_age=7.6ms sensor_skew=40.8ms loop_to_send=5.6ms
[go2:sport] DRY cmd#2285 seq=2317 v=0.894 w=-0.560 dt=40.1ms policy_zmq_lag=0.8ms action_age=49.9ms scan_age=49.1ms scan_rx_age=23.4ms odom_age=8.6ms odom_rx_age=7.7ms sensor_skew=40.5ms loop_to_send=5.7ms
[go2:sport] DRY cmd#2286 seq=2318 v=0.894 w=-0.564 dt=39.7ms policy_zmq_lag=0.6ms action_age=49.7ms scan_age=49.1ms scan_rx_age=24.3ms odom_age=8.5ms odom_rx_age=7.5ms sensor_skew=40.6ms loop_to_send=5.6ms
[go2:sport] DRY cmd#2287 seq=2319 v=0.894 w=-0.565 dt=40.0ms policy_zmq_lag=0.6ms action_age=49.5ms scan_age=48.9ms scan_rx_age=25.3ms odom_age=8.4ms odom_rx_age=7.4ms sensor_skew=40.5ms loop_to_send=5.5ms
[go2:sport] DRY cmd#2288 seq=2320 v=0.894 w=-0.570 dt=40.2ms policy_zmq_lag=0.6ms action_age=50.0ms scan_age=49.4ms scan_rx_age=25.3ms odom_age=8.5ms odom_rx_age=7.5ms sensor_skew=40.9ms loop_to_send=5.7ms
[go2:sport] DRY cmd#2289 seq=2321 v=0.894 w=-0.577 dt=39.8ms policy_zmq_lag=0.6ms action_age=49.7ms scan_age=49.1ms scan_rx_age=24.8ms odom_age=8.4ms odom_rx_age=7.4ms sensor_skew=40.7ms loop_to_send=5.5ms
[go2:sport] DRY cmd#2290 seq=2322 v=0.893 w=-0.580 dt=40.7ms policy_zmq_lag=0.6ms action_age=50.5ms scan_age=49.9ms scan_rx_age=25.4ms odom_age=7.8ms odom_rx_age=6.9ms sensor_skew=42.1ms loop_to_send=5.7ms
[go2:sport] DRY cmd#2291 seq=2323 v=0.894 w=-0.578 dt=40.4ms policy_zmq_lag=0.7ms action_age=50.9ms scan_age=50.2ms scan_rx_age=25.9ms odom_age=9.2ms odom_rx_age=7.4ms sensor_skew=41.0ms loop_to_send=5.9ms
[go2:sport] DRY cmd#2292 seq=2324 v=0.893 w=-0.570 dt=39.4ms policy_zmq_lag=0.6ms action_age=30.4ms scan_age=29.8ms scan_rx_age=6.2ms odom_age=9.0ms odom_rx_age=8.0ms sensor_skew=20.9ms loop_to_send=5.7ms
[go2:sport] DRY cmd#2293 seq=2325 v=0.893 w=-0.574 dt=39.4ms policy_zmq_lag=0.6ms action_age=49.8ms scan_age=49.2ms scan_rx_age=25.5ms odom_age=8.6ms odom_rx_age=7.6ms sensor_skew=40.6ms loop_to_send=5.5ms
[go2:sport] DRY cmd#2294 seq=2326 v=0.894 w=-0.572 dt=40.1ms policy_zmq_lag=0.7ms action_age=49.7ms scan_age=49.1ms scan_rx_age=25.3ms odom_age=8.5ms odom_rx_age=7.4ms sensor_skew=40.6ms loop_to_send=5.6ms
[go2:sport] DRY cmd#2295 seq=2327 v=0.894 w=-0.568 dt=40.0ms policy_zmq_lag=0.6ms action_age=49.9ms scan_age=49.3ms scan_rx_age=25.2ms odom_age=8.5ms odom_rx_age=7.7ms sensor_skew=40.7ms loop_to_send=5.6ms
[go2:sport] DRY cmd#2296 seq=2328 v=0.893 w=-0.582 dt=40.7ms policy_zmq_lag=0.6ms action_age=30.5ms scan_age=29.9ms scan_rx_age=6.3ms odom_age=9.1ms odom_rx_age=8.1ms sensor_skew=20.8ms loop_to_send=5.8ms
[go2:sport] DRY cmd#2297 seq=2329 v=0.893 w=-0.574 dt=39.8ms policy_zmq_lag=0.6ms action_age=30.4ms scan_age=29.8ms scan_rx_age=6.2ms odom_age=8.9ms odom_rx_age=7.9ms sensor_skew=20.9ms loop_to_send=5.6ms
[go2:sport] DRY cmd#2298 seq=2330 v=0.894 w=-0.583 dt=40.0ms policy_zmq_lag=0.6ms action_age=30.4ms scan_age=29.8ms scan_rx_age=6.1ms odom_age=8.9ms odom_rx_age=7.9ms sensor_skew=20.9ms loop_to_send=5.6ms
[go2:sport] DRY cmd#2299 seq=2331 v=0.894 w=-0.576 dt=40.0ms policy_zmq_lag=0.6ms action_age=30.1ms scan_age=29.5ms scan_rx_age=6.2ms odom_age=9.0ms odom_rx_age=8.0ms sensor_skew=20.5ms loop_to_send=5.7ms
[go2:sport] DRY cmd#2300 seq=2332 v=0.894 w=-0.569 dt=40.0ms policy_zmq_lag=0.6ms action_age=30.4ms scan_age=29.7ms scan_rx_age=6.2ms odom_age=9.0ms odom_rx_age=8.0ms sensor_skew=20.7ms loop_to_send=5.7ms
[go2:sport] DRY cmd#2301 seq=2333 v=0.894 w=-0.572 dt=39.9ms policy_zmq_lag=0.7ms action_age=50.2ms scan_age=49.5ms scan_rx_age=25.7ms odom_age=8.8ms odom_rx_age=7.7ms sensor_skew=40.7ms loop_to_send=5.9ms
[go2:sport] DRY cmd#2302 seq=2334 v=0.894 w=-0.578 dt=39.6ms policy_zmq_lag=0.6ms action_age=49.7ms scan_age=49.0ms scan_rx_age=25.3ms odom_age=8.5ms odom_rx_age=7.6ms sensor_skew=40.5ms loop_to_send=5.6ms
[go2:sport] DRY cmd#2303 seq=2335 v=0.894 w=-0.576 dt=40.4ms policy_zmq_lag=0.6ms action_age=30.3ms scan_age=29.6ms scan_rx_age=6.0ms odom_age=8.9ms odom_rx_age=8.0ms sensor_skew=20.7ms loop_to_send=5.5ms
[go2:sport] DRY cmd#2304 seq=2336 v=0.894 w=-0.559 dt=40.0ms policy_zmq_lag=0.6ms action_age=50.1ms scan_age=49.5ms scan_rx_age=25.4ms odom_age=8.9ms odom_rx_age=7.8ms sensor_skew=40.6ms loop_to_send=5.9ms
[go2:sport] DRY cmd#2305 seq=2337 v=0.894 w=-0.573 dt=39.7ms policy_zmq_lag=0.6ms action_age=49.9ms scan_age=49.3ms scan_rx_age=24.8ms odom_age=8.6ms odom_rx_age=7.6ms sensor_skew=40.7ms loop_to_send=5.7ms
[go2:sport] DRY cmd#2306 seq=2338 v=0.894 w=-0.574 dt=40.3ms policy_zmq_lag=0.6ms action_age=50.3ms scan_age=49.7ms scan_rx_age=25.9ms odom_age=7.4ms odom_rx_age=6.3ms sensor_skew=42.2ms loop_to_send=5.8ms
[go2:sport] DRY cmd#2307 seq=2339 v=0.894 w=-0.566 dt=39.5ms policy_zmq_lag=0.6ms action_age=49.6ms scan_age=49.0ms scan_rx_age=25.4ms odom_age=8.2ms odom_rx_age=7.2ms sensor_skew=40.9ms loop_to_send=5.6ms
[go2:sport] DRY cmd#2308 seq=2340 v=0.893 w=-0.567 dt=41.8ms policy_zmq_lag=0.8ms action_age=31.6ms scan_age=30.7ms scan_rx_age=7.1ms odom_age=9.9ms odom_rx_age=8.7ms sensor_skew=20.8ms loop_to_send=6.4ms
[go2:sport] DRY cmd#2309 seq=2341 v=0.893 w=-0.567 dt=39.3ms policy_zmq_lag=0.7ms action_age=50.9ms scan_age=50.2ms scan_rx_age=24.0ms odom_age=9.4ms odom_rx_age=8.4ms sensor_skew=40.8ms loop_to_send=6.5ms
[go2:sport] DRY cmd#2310 seq=2342 v=0.893 w=-0.580 dt=39.6ms policy_zmq_lag=0.7ms action_age=50.4ms scan_age=49.7ms scan_rx_age=25.9ms odom_age=9.1ms odom_rx_age=7.9ms sensor_skew=40.6ms loop_to_send=6.1ms
[go2:sport] DRY cmd#2311 seq=2343 v=0.894 w=-0.577 dt=39.7ms policy_zmq_lag=0.6ms action_age=50.1ms scan_age=49.5ms scan_rx_age=25.8ms odom_age=8.9ms odom_rx_age=7.7ms sensor_skew=40.6ms loop_to_send=5.8ms
[go2:sport] DRY cmd#2312 seq=2344 v=0.894 w=-0.569 dt=39.7ms policy_zmq_lag=0.6ms action_age=49.5ms scan_age=48.9ms scan_rx_age=25.4ms odom_age=8.4ms odom_rx_age=7.3ms sensor_skew=40.5ms loop_to_send=5.6ms
[go2:sport] DRY cmd#2313 seq=2345 v=0.894 w=-0.560 dt=40.1ms policy_zmq_lag=0.6ms action_age=50.0ms scan_age=49.3ms scan_rx_age=25.5ms odom_age=8.7ms odom_rx_age=7.8ms sensor_skew=40.6ms loop_to_send=5.7ms
[go2:sport] DRY cmd#2314 seq=2346 v=0.894 w=-0.565 dt=40.2ms policy_zmq_lag=0.7ms action_age=50.2ms scan_age=49.5ms scan_rx_age=25.5ms odom_age=8.9ms odom_rx_age=8.1ms sensor_skew=40.6ms loop_to_send=5.9ms
[go2:sport] DRY cmd#2315 seq=2347 v=0.894 w=-0.573 dt=40.0ms policy_zmq_lag=0.8ms action_age=50.1ms scan_age=49.3ms scan_rx_age=24.6ms odom_age=8.9ms odom_rx_age=7.9ms sensor_skew=40.5ms loop_to_send=5.8ms
[go2:sport] DRY cmd#2316 seq=2348 v=0.894 w=-0.565 dt=40.0ms policy_zmq_lag=0.6ms action_age=50.1ms scan_age=49.5ms scan_rx_age=24.7ms odom_age=9.0ms odom_rx_age=8.1ms sensor_skew=40.5ms loop_to_send=5.9ms
[go2:sport] DRY cmd#2317 seq=2349 v=0.894 w=-0.562 dt=40.0ms policy_zmq_lag=0.6ms action_age=30.2ms scan_age=29.6ms scan_rx_age=6.1ms odom_age=8.9ms odom_rx_age=7.9ms sensor_skew=20.7ms loop_to_send=5.6ms
[go2:sport] DRY cmd#2318 seq=2350 v=0.894 w=-0.566 dt=40.0ms policy_zmq_lag=0.7ms action_age=50.1ms scan_age=49.5ms scan_rx_age=26.0ms odom_age=8.7ms odom_rx_age=7.6ms sensor_skew=40.8ms loop_to_send=5.9ms
[go2:sport] DRY cmd#2319 seq=2351 v=0.893 w=-0.571 dt=40.7ms policy_zmq_lag=0.7ms action_age=30.7ms scan_age=30.0ms scan_rx_age=6.5ms odom_age=9.5ms odom_rx_age=8.5ms sensor_skew=20.5ms loop_to_send=6.0ms
[go2:sport] DRY cmd#2320 seq=2352 v=0.893 w=-0.568 dt=39.5ms policy_zmq_lag=0.8ms action_age=50.4ms scan_age=49.6ms scan_rx_age=25.5ms odom_age=8.9ms odom_rx_age=7.8ms sensor_skew=40.7ms loop_to_send=6.0ms
[go2:sport] DRY cmd#2321 seq=2353 v=0.894 w=-0.562 dt=40.6ms policy_zmq_lag=0.6ms action_age=51.0ms scan_age=50.4ms scan_rx_age=26.3ms odom_age=9.7ms odom_rx_age=7.7ms sensor_skew=40.7ms loop_to_send=6.2ms
[go2:sport] DRY cmd#2322 seq=2354 v=0.894 w=-0.570 dt=39.5ms policy_zmq_lag=0.6ms action_age=50.4ms scan_age=49.8ms scan_rx_age=26.1ms odom_age=7.5ms odom_rx_age=6.5ms sensor_skew=42.3ms loop_to_send=5.9ms
[go2:sport] DRY cmd#2323 seq=2355 v=0.894 w=-0.576 dt=39.8ms policy_zmq_lag=0.6ms action_age=30.4ms scan_age=29.8ms scan_rx_age=6.2ms odom_age=9.1ms odom_rx_age=8.1ms sensor_skew=20.7ms loop_to_send=5.7ms
[go2:sport] DRY cmd#2324 seq=2356 v=0.894 w=-0.571 dt=40.1ms policy_zmq_lag=0.6ms action_age=50.3ms scan_age=49.7ms scan_rx_age=25.3ms odom_age=9.2ms odom_rx_age=7.9ms sensor_skew=40.5ms loop_to_send=6.0ms
[go2:sport] DRY cmd#2325 seq=2357 v=0.893 w=-0.575 dt=40.0ms policy_zmq_lag=0.6ms action_age=30.5ms scan_age=29.8ms scan_rx_age=6.3ms odom_age=9.2ms odom_rx_age=8.4ms sensor_skew=20.6ms loop_to_send=5.8ms
[go2:sport] DRY cmd#2326 seq=2358 v=0.893 w=-0.579 dt=40.1ms policy_zmq_lag=0.6ms action_age=30.5ms scan_age=29.9ms scan_rx_age=6.2ms odom_age=9.2ms odom_rx_age=8.1ms sensor_skew=20.7ms loop_to_send=5.6ms
[go2:sport] DRY cmd#2327 seq=2359 v=0.893 w=-0.576 dt=39.8ms policy_zmq_lag=0.6ms action_age=30.2ms scan_age=29.6ms scan_rx_age=6.1ms odom_age=9.1ms odom_rx_age=8.2ms sensor_skew=20.5ms loop_to_send=5.6ms
[go2:sport] DRY cmd#2328 seq=2360 v=0.893 w=-0.574 dt=39.7ms policy_zmq_lag=0.6ms action_age=49.9ms scan_age=49.2ms scan_rx_age=25.8ms odom_age=8.7ms odom_rx_age=7.7ms sensor_skew=40.5ms loop_to_send=5.7ms
[go2:sport] DRY cmd#2329 seq=2361 v=0.894 w=-0.580 dt=40.2ms policy_zmq_lag=0.6ms action_age=50.1ms scan_age=49.4ms scan_rx_age=25.3ms odom_age=8.9ms odom_rx_age=8.1ms sensor_skew=40.5ms loop_to_send=5.9ms
[go2:sport] DRY cmd#2330 seq=2362 v=0.894 w=-0.580 dt=40.2ms policy_zmq_lag=0.7ms action_age=50.4ms scan_age=49.7ms scan_rx_age=23.9ms odom_age=9.0ms odom_rx_age=8.0ms sensor_skew=40.7ms loop_to_send=6.0ms
[go2:sport] DRY cmd#2331 seq=2363 v=0.894 w=-0.580 dt=40.3ms policy_zmq_lag=0.7ms action_age=50.7ms scan_age=50.0ms scan_rx_age=24.4ms odom_age=9.3ms odom_rx_age=7.9ms sensor_skew=40.7ms loop_to_send=6.1ms
[go2:sport] DRY cmd#2332 seq=2364 v=0.894 w=-0.570 dt=40.0ms policy_zmq_lag=0.6ms action_age=30.6ms scan_age=30.0ms scan_rx_age=6.6ms odom_age=9.4ms odom_rx_age=8.5ms sensor_skew=20.5ms loop_to_send=6.1ms
[go2:sport] DRY cmd#2333 seq=2365 v=0.894 w=-0.571 dt=39.1ms policy_zmq_lag=0.6ms action_age=49.8ms scan_age=49.2ms scan_rx_age=25.4ms odom_age=8.4ms odom_rx_age=7.4ms sensor_skew=40.7ms loop_to_send=5.6ms
[go2:sport] DRY cmd#2334 seq=2366 v=0.893 w=-0.573 dt=40.7ms policy_zmq_lag=0.6ms action_age=30.2ms scan_age=29.6ms scan_rx_age=6.3ms odom_age=9.3ms odom_rx_age=8.4ms sensor_skew=20.3ms loop_to_send=5.8ms
[go2:sport] DRY cmd#2335 seq=2367 v=0.894 w=-0.571 dt=39.9ms policy_zmq_lag=0.6ms action_age=30.3ms scan_age=29.7ms scan_rx_age=6.2ms odom_age=9.1ms odom_rx_age=8.2ms sensor_skew=20.6ms loop_to_send=5.7ms
[go2:sport] DRY cmd#2336 seq=2368 v=0.893 w=-0.566 dt=40.1ms policy_zmq_lag=0.7ms action_age=50.3ms scan_age=49.6ms scan_rx_age=25.8ms odom_age=9.0ms odom_rx_age=7.9ms sensor_skew=40.6ms loop_to_send=6.0ms
[go2:sport] DRY cmd#2337 seq=2369 v=0.893 w=-0.571 dt=40.1ms policy_zmq_lag=0.6ms action_age=30.4ms scan_age=29.8ms scan_rx_age=6.3ms odom_age=9.3ms odom_rx_age=8.3ms sensor_skew=20.5ms loop_to_send=5.8ms
[go2:sport] DRY cmd#2338 seq=2370 v=0.893 w=-0.574 dt=39.4ms policy_zmq_lag=0.6ms action_age=49.9ms scan_age=49.2ms scan_rx_age=25.5ms odom_age=8.7ms odom_rx_age=7.7ms sensor_skew=40.5ms loop_to_send=5.7ms
[go2:sport] DRY cmd#2339 seq=2371 v=0.894 w=-0.576 dt=40.6ms policy_zmq_lag=0.6ms action_age=31.3ms scan_age=30.7ms scan_rx_age=6.3ms odom_age=9.2ms odom_rx_age=8.1ms sensor_skew=21.5ms loop_to_send=5.8ms
[go2:sport] DRY cmd#2340 seq=2372 v=0.894 w=-0.576 dt=39.3ms policy_zmq_lag=0.6ms action_age=49.8ms scan_age=49.2ms scan_rx_age=25.3ms odom_age=8.7ms odom_rx_age=7.7ms sensor_skew=40.5ms loop_to_send=5.6ms
[go2:sport] DRY cmd#2341 seq=2373 v=0.894 w=-0.580 dt=40.7ms policy_zmq_lag=0.6ms action_age=30.6ms scan_age=29.9ms scan_rx_age=6.8ms odom_age=9.3ms odom_rx_age=8.3ms sensor_skew=20.6ms loop_to_send=6.3ms
[go2:sport] DRY cmd#2342 seq=2374 v=0.894 w=-0.565 dt=39.9ms policy_zmq_lag=0.6ms action_age=30.4ms scan_age=29.8ms scan_rx_age=6.2ms odom_age=9.2ms odom_rx_age=8.3ms sensor_skew=20.5ms loop_to_send=5.8ms
[go2:sport] DRY cmd#2343 seq=2375 v=0.894 w=-0.556 dt=39.8ms policy_zmq_lag=0.7ms action_age=50.2ms scan_age=49.5ms scan_rx_age=25.7ms odom_age=9.1ms odom_rx_age=8.2ms sensor_skew=40.4ms loop_to_send=5.9ms
[go2:sport] DRY cmd#2344 seq=2376 v=0.894 w=-0.565 dt=39.7ms policy_zmq_lag=0.6ms action_age=49.8ms scan_age=49.2ms scan_rx_age=25.1ms odom_age=8.8ms odom_rx_age=7.9ms sensor_skew=40.4ms loop_to_send=5.6ms
[go2:sport] DRY cmd#2345 seq=2377 v=0.893 w=-0.573 dt=40.3ms policy_zmq_lag=0.6ms action_age=30.2ms scan_age=29.6ms scan_rx_age=6.1ms odom_age=9.1ms odom_rx_age=8.2ms sensor_skew=20.5ms loop_to_send=5.6ms
[go2:sport] DRY cmd#2346 seq=2378 v=0.893 w=-0.580 dt=39.9ms policy_zmq_lag=0.6ms action_age=49.9ms scan_age=49.3ms scan_rx_age=25.3ms odom_age=9.0ms odom_rx_age=8.2ms sensor_skew=40.3ms loop_to_send=5.8ms
[go2:sport] DRY cmd#2347 seq=2379 v=0.894 w=-0.560 dt=39.8ms policy_zmq_lag=0.6ms action_age=29.9ms scan_age=29.3ms scan_rx_age=5.9ms odom_age=8.6ms odom_rx_age=7.8ms sensor_skew=20.7ms loop_to_send=5.4ms
[go2:sport] DRY cmd#2348 seq=2380 v=0.894 w=-0.569 dt=40.4ms policy_zmq_lag=0.6ms action_age=30.3ms scan_age=29.7ms scan_rx_age=6.2ms odom_age=9.3ms odom_rx_age=8.4ms sensor_skew=20.4ms loop_to_send=5.7ms
[go2:sport] DRY cmd#2349 seq=2381 v=0.894 w=-0.571 dt=40.4ms policy_zmq_lag=0.6ms action_age=30.5ms scan_age=29.9ms scan_rx_age=6.4ms odom_age=9.3ms odom_rx_age=8.3ms sensor_skew=20.6ms loop_to_send=5.9ms
[go2:sport] DRY cmd#2350 seq=2382 v=0.894 w=-0.568 dt=39.9ms policy_zmq_lag=0.7ms action_age=50.6ms scan_age=49.9ms scan_rx_age=26.2ms odom_age=9.4ms odom_rx_age=8.2ms sensor_skew=40.6ms loop_to_send=6.3ms
[go2:sport] DRY cmd#2351 seq=2383 v=0.894 w=-0.565 dt=39.9ms policy_zmq_lag=0.6ms action_age=50.4ms scan_age=49.8ms scan_rx_age=26.1ms odom_age=9.5ms odom_rx_age=8.5ms sensor_skew=40.2ms loop_to_send=6.2ms
[go2:sport] DRY cmd#2352 seq=2384 v=0.894 w=-0.567 dt=40.0ms policy_zmq_lag=0.7ms action_age=50.4ms scan_age=49.7ms scan_rx_age=26.0ms odom_age=9.4ms odom_rx_age=8.5ms sensor_skew=40.3ms loop_to_send=6.2ms
[go2:sport] DRY cmd#2353 seq=2385 v=0.894 w=-0.572 dt=39.8ms policy_zmq_lag=0.7ms action_age=50.2ms scan_age=49.6ms scan_rx_age=25.9ms odom_age=25.9ms odom_rx_age=24.7ms sensor_skew=23.7ms loop_to_send=5.9ms
[go2:sport] DRY cmd#2354 seq=2386 v=0.894 w=-0.576 dt=40.4ms policy_zmq_lag=0.7ms action_age=50.7ms scan_age=50.0ms scan_rx_age=25.6ms odom_age=9.1ms odom_rx_age=7.7ms sensor_skew=40.9ms loop_to_send=6.3ms
[go2:sport] DRY cmd#2355 seq=2387 v=0.894 w=-0.579 dt=42.1ms policy_zmq_lag=0.7ms action_age=52.6ms scan_age=52.0ms scan_rx_age=25.7ms odom_age=11.6ms odom_rx_age=7.4ms sensor_skew=40.3ms loop_to_send=6.2ms
[go2:sport] DRY cmd#2356 seq=2388 v=0.894 w=-0.577 dt=37.8ms policy_zmq_lag=0.7ms action_age=50.6ms scan_age=50.0ms scan_rx_age=26.1ms odom_age=9.5ms odom_rx_age=8.4ms sensor_skew=40.4ms loop_to_send=6.3ms
[go2:sport] DRY cmd#2357 seq=2389 v=0.894 w=-0.580 dt=39.7ms policy_zmq_lag=0.6ms action_age=50.1ms scan_age=49.5ms scan_rx_age=25.6ms odom_age=9.1ms odom_rx_age=7.8ms sensor_skew=40.4ms loop_to_send=6.0ms
[go2:sport] DRY cmd#2358 seq=2390 v=0.893 w=-0.575 dt=40.8ms policy_zmq_lag=0.7ms action_age=51.0ms scan_age=50.4ms scan_rx_age=26.5ms odom_age=13.2ms odom_rx_age=12.0ms sensor_skew=37.1ms loop_to_send=6.6ms
[go2:sport] DRY cmd#2359 seq=2391 v=0.893 w=-0.568 dt=41.9ms policy_zmq_lag=0.8ms action_age=55.2ms scan_age=54.4ms scan_rx_age=27.0ms odom_age=11.7ms odom_rx_age=10.2ms sensor_skew=42.7ms loop_to_send=8.5ms
[go2:sport] DRY cmd#2360 seq=2392 v=0.894 w=-0.567 dt=38.3ms policy_zmq_lag=0.6ms action_age=31.3ms scan_age=30.6ms scan_rx_age=7.1ms odom_age=10.2ms odom_rx_age=9.1ms sensor_skew=20.5ms loop_to_send=6.5ms
[go2:sport] DRY cmd#2361 seq=2393 v=0.894 w=-0.574 dt=39.4ms policy_zmq_lag=0.7ms action_age=50.7ms scan_age=50.1ms scan_rx_age=25.7ms odom_age=9.6ms odom_rx_age=8.8ms sensor_skew=40.5ms loop_to_send=6.3ms
[go2:sport] DRY cmd#2362 seq=2394 v=0.894 w=-0.567 dt=39.5ms policy_zmq_lag=0.6ms action_age=49.8ms scan_age=49.2ms scan_rx_age=25.7ms odom_age=9.2ms odom_rx_age=8.3ms sensor_skew=40.0ms loop_to_send=5.9ms
[go2:sport] DRY cmd#2363 seq=2395 v=0.893 w=-0.576 dt=39.6ms policy_zmq_lag=0.6ms action_age=49.7ms scan_age=49.1ms scan_rx_age=25.2ms odom_age=8.8ms odom_rx_age=7.4ms sensor_skew=40.3ms loop_to_send=5.6ms
[go2:sport] DRY cmd#2364 seq=2396 v=0.893 w=-0.578 dt=42.1ms policy_zmq_lag=0.7ms action_age=51.9ms scan_age=51.2ms scan_rx_age=27.3ms odom_age=10.8ms odom_rx_age=9.4ms sensor_skew=40.4ms loop_to_send=7.2ms
[go2:sport] DRY cmd#2365 seq=2397 v=0.894 w=-0.576 dt=38.6ms policy_zmq_lag=0.7ms action_age=50.5ms scan_age=49.8ms scan_rx_age=25.8ms odom_age=9.2ms odom_rx_age=8.1ms sensor_skew=40.5ms loop_to_send=6.1ms
[go2:sport] DRY cmd#2366 seq=2398 v=0.894 w=-0.572 dt=39.8ms policy_zmq_lag=0.7ms action_age=50.3ms scan_age=49.6ms scan_rx_age=25.5ms odom_age=9.1ms odom_rx_age=8.1ms sensor_skew=40.5ms loop_to_send=5.9ms
[go2:sport] DRY cmd#2367 seq=2399 v=0.894 w=-0.573 dt=39.8ms policy_zmq_lag=0.7ms action_age=50.0ms scan_age=49.4ms scan_rx_age=24.3ms odom_age=9.1ms odom_rx_age=8.2ms sensor_skew=40.3ms loop_to_send=5.8ms
[go2:sport] DRY cmd#2368 seq=2400 v=0.894 w=-0.571 dt=39.8ms policy_zmq_lag=0.6ms action_age=49.8ms scan_age=49.2ms scan_rx_age=25.1ms odom_age=8.8ms odom_rx_age=7.6ms sensor_skew=40.4ms loop_to_send=5.5ms
[go2:sport] DRY cmd#2369 seq=2401 v=0.893 w=-0.575 dt=40.6ms policy_zmq_lag=1.0ms action_age=50.4ms scan_age=49.4ms scan_rx_age=24.0ms odom_age=9.2ms odom_rx_age=8.2ms sensor_skew=40.2ms loop_to_send=5.9ms
[go2:sport] DRY cmd#2370 seq=2402 v=0.894 w=-0.579 dt=39.5ms policy_zmq_lag=0.6ms action_age=50.0ms scan_age=49.4ms scan_rx_age=24.0ms odom_age=9.0ms odom_rx_age=7.9ms sensor_skew=40.3ms loop_to_send=5.7ms
[go2:sport] DRY cmd#2371 seq=2403 v=0.894 w=-0.576 dt=40.7ms policy_zmq_lag=0.7ms action_age=50.6ms scan_age=49.9ms scan_rx_age=26.2ms odom_age=19.1ms odom_rx_age=18.3ms sensor_skew=30.8ms loop_to_send=6.1ms
[go2:sport] DRY cmd#2372 seq=2404 v=0.894 w=-0.572 dt=39.2ms policy_zmq_lag=0.7ms action_age=49.6ms scan_age=48.9ms scan_rx_age=24.5ms odom_age=8.8ms odom_rx_age=7.7ms sensor_skew=40.1ms loop_to_send=5.5ms
[go2:sport] DRY cmd#2373 seq=2405 v=0.893 w=-0.585 dt=40.5ms policy_zmq_lag=0.7ms action_age=50.4ms scan_age=49.7ms scan_rx_age=25.3ms odom_age=9.3ms odom_rx_age=8.3ms sensor_skew=40.4ms loop_to_send=6.0ms
[go2:sport] DRY cmd#2374 seq=2406 v=0.893 w=-0.571 dt=39.8ms policy_zmq_lag=0.7ms action_age=49.9ms scan_age=49.2ms scan_rx_age=24.8ms odom_age=9.1ms odom_rx_age=7.7ms sensor_skew=40.2ms loop_to_send=5.7ms
[go2:sport] DRY cmd#2375 seq=2407 v=0.894 w=-0.572 dt=40.1ms policy_zmq_lag=0.6ms action_age=50.1ms scan_age=49.5ms scan_rx_age=24.1ms odom_age=9.1ms odom_rx_age=8.1ms sensor_skew=40.4ms loop_to_send=5.9ms
[go2:sport] DRY cmd#2376 seq=2408 v=0.894 w=-0.566 dt=40.2ms policy_zmq_lag=0.6ms action_age=50.3ms scan_age=49.7ms scan_rx_age=25.2ms odom_age=9.4ms odom_rx_age=8.0ms sensor_skew=40.3ms loop_to_send=6.0ms
[go2:sport] DRY cmd#2377 seq=2409 v=0.894 w=-0.570 dt=40.0ms policy_zmq_lag=0.7ms action_age=50.4ms scan_age=49.7ms scan_rx_age=25.6ms odom_age=9.4ms odom_rx_age=8.3ms sensor_skew=40.3ms loop_to_send=6.1ms
[go2:sport] DRY cmd#2378 seq=2410 v=0.894 w=-0.572 dt=40.9ms policy_zmq_lag=0.8ms action_age=51.3ms scan_age=50.6ms scan_rx_age=26.0ms odom_age=8.3ms odom_rx_age=6.9ms sensor_skew=42.3ms loop_to_send=6.2ms
[go2:sport] DRY cmd#2379 seq=2411 v=0.893 w=-0.577 dt=40.5ms policy_zmq_lag=0.7ms action_age=51.9ms scan_age=51.3ms scan_rx_age=26.1ms odom_age=10.9ms odom_rx_age=9.9ms sensor_skew=40.4ms loop_to_send=7.2ms
[go2:sport] DRY cmd#2380 seq=2412 v=0.894 w=-0.581 dt=38.6ms policy_zmq_lag=0.7ms action_age=50.4ms scan_age=49.7ms scan_rx_age=25.7ms odom_age=9.4ms odom_rx_age=8.0ms sensor_skew=40.3ms loop_to_send=6.0ms
[go2:sport] DRY cmd#2381 seq=2413 v=0.894 w=-0.586 dt=39.7ms policy_zmq_lag=0.6ms action_age=50.0ms scan_age=49.4ms scan_rx_age=25.6ms odom_age=9.2ms odom_rx_age=8.3ms sensor_skew=40.2ms loop_to_send=5.8ms
[go2:sport] DRY cmd#2382 seq=2414 v=0.893 w=-0.580 dt=40.0ms policy_zmq_lag=0.7ms action_age=49.9ms scan_age=49.2ms scan_rx_age=25.5ms odom_age=9.1ms odom_rx_age=7.7ms sensor_skew=40.1ms loop_to_send=5.8ms
[go2:sport] DRY cmd#2383 seq=2415 v=0.894 w=-0.575 dt=40.1ms policy_zmq_lag=0.6ms action_age=50.3ms scan_age=49.6ms scan_rx_age=25.4ms odom_age=9.2ms odom_rx_age=8.2ms sensor_skew=40.4ms loop_to_send=5.9ms
[go2:sport] DRY cmd#2384 seq=2416 v=0.894 w=-0.567 dt=41.3ms policy_zmq_lag=0.6ms action_age=51.6ms scan_age=50.9ms scan_rx_age=26.9ms odom_age=10.5ms odom_rx_age=9.5ms sensor_skew=40.4ms loop_to_send=7.1ms
[go2:sport] DRY cmd#2385 seq=2417 v=0.893 w=-0.569 dt=38.4ms policy_zmq_lag=0.6ms action_age=49.9ms scan_age=49.3ms scan_rx_age=25.2ms odom_age=8.9ms odom_rx_age=7.7ms sensor_skew=40.4ms loop_to_send=5.6ms
[go2:sport] DRY cmd#2386 seq=2418 v=0.893 w=-0.575 dt=40.7ms policy_zmq_lag=0.7ms action_age=50.6ms scan_age=49.9ms scan_rx_age=26.2ms odom_age=9.6ms odom_rx_age=8.2ms sensor_skew=40.2ms loop_to_send=6.1ms
[go2:sport] DRY cmd#2387 seq=2419 v=0.893 w=-0.576 dt=39.6ms policy_zmq_lag=0.7ms action_age=49.9ms scan_age=49.2ms scan_rx_age=24.0ms odom_age=9.2ms odom_rx_age=8.4ms sensor_skew=40.0ms loop_to_send=5.6ms
[go2:sport] DRY cmd#2388 seq=2420 v=0.893 w=-0.572 dt=39.6ms policy_zmq_lag=0.7ms action_age=49.8ms scan_age=49.1ms scan_rx_age=25.2ms odom_age=9.0ms odom_rx_age=8.0ms sensor_skew=40.1ms loop_to_send=5.6ms
[go2:sport] DRY cmd#2389 seq=2421 v=0.893 w=-0.580 dt=40.2ms policy_zmq_lag=0.7ms action_age=50.1ms scan_age=49.4ms scan_rx_age=23.9ms odom_age=9.1ms odom_rx_age=7.8ms sensor_skew=40.4ms loop_to_send=5.7ms
[go2:sport] DRY cmd#2390 seq=2422 v=0.894 w=-0.576 dt=39.9ms policy_zmq_lag=0.7ms action_age=49.7ms scan_age=49.0ms scan_rx_age=25.3ms odom_age=9.1ms odom_rx_age=8.0ms sensor_skew=39.9ms loop_to_send=5.6ms
[go2:sport] DRY cmd#2391 seq=2423 v=0.894 w=-0.579 dt=40.1ms policy_zmq_lag=0.7ms action_age=50.2ms scan_age=49.5ms scan_rx_age=24.9ms odom_age=9.2ms odom_rx_age=8.2ms sensor_skew=40.3ms loop_to_send=5.8ms
[go2:sport] DRY cmd#2392 seq=2424 v=0.894 w=-0.580 dt=40.4ms policy_zmq_lag=0.8ms action_age=50.4ms scan_age=49.6ms scan_rx_age=25.8ms odom_age=9.4ms odom_rx_age=8.5ms sensor_skew=40.2ms loop_to_send=6.0ms
[go2:sport] DRY cmd#2393 seq=2425 v=0.893 w=-0.577 dt=40.0ms policy_zmq_lag=0.7ms action_age=50.5ms scan_age=49.7ms scan_rx_age=24.5ms odom_age=9.5ms odom_rx_age=8.5ms sensor_skew=40.2ms loop_to_send=6.1ms
[go2:sport] DRY cmd#2394 seq=2426 v=0.894 w=-0.572 dt=39.6ms policy_zmq_lag=0.6ms action_age=50.2ms scan_age=49.5ms scan_rx_age=24.1ms odom_age=9.2ms odom_rx_age=8.2ms sensor_skew=40.3ms loop_to_send=5.8ms
[go2:sport] DRY cmd#2395 seq=2427 v=0.893 w=-0.566 dt=39.9ms policy_zmq_lag=0.7ms action_age=50.0ms scan_age=49.3ms scan_rx_age=25.5ms odom_age=9.1ms odom_rx_age=8.0ms sensor_skew=40.2ms loop_to_send=5.8ms
[go2:sport] DRY cmd#2396 seq=2428 v=0.893 w=-0.575 dt=40.2ms policy_zmq_lag=0.7ms action_age=50.3ms scan_age=49.6ms scan_rx_age=24.3ms odom_age=9.2ms odom_rx_age=8.1ms sensor_skew=40.4ms loop_to_send=5.9ms
[go2:sport] DRY cmd#2397 seq=2429 v=0.894 w=-0.569 dt=39.8ms policy_zmq_lag=0.7ms action_age=50.0ms scan_age=49.3ms scan_rx_age=25.5ms odom_age=9.2ms odom_rx_age=8.1ms sensor_skew=40.2ms loop_to_send=5.8ms
[go2:sport] DRY cmd#2398 seq=2430 v=0.894 w=-0.570 dt=39.9ms policy_zmq_lag=0.6ms action_age=50.0ms scan_age=49.4ms scan_rx_age=25.5ms odom_age=9.1ms odom_rx_age=7.8ms sensor_skew=40.3ms loop_to_send=5.7ms
[go2:sport] DRY cmd#2399 seq=2431 v=0.894 w=-0.566 dt=40.5ms policy_zmq_lag=0.6ms action_age=50.5ms scan_age=49.8ms scan_rx_age=24.8ms odom_age=9.6ms odom_rx_age=8.0ms sensor_skew=40.3ms loop_to_send=6.2ms
[go2:sport] DRY cmd#2400 seq=2432 v=0.893 w=-0.562 dt=39.9ms policy_zmq_lag=0.7ms action_age=30.4ms scan_age=29.7ms scan_rx_age=6.1ms odom_age=9.6ms odom_rx_age=8.8ms sensor_skew=20.1ms loop_to_send=5.7ms
[go2:sport] DRY cmd#2401 seq=2433 v=0.893 w=-0.577 dt=40.0ms policy_zmq_lag=0.7ms action_age=50.4ms scan_age=49.7ms scan_rx_age=25.7ms odom_age=9.3ms odom_rx_age=8.2ms sensor_skew=40.4ms loop_to_send=6.0ms
[go2:sport] DRY cmd#2402 seq=2434 v=0.893 w=-0.564 dt=40.2ms policy_zmq_lag=0.8ms action_age=50.4ms scan_age=49.7ms scan_rx_age=24.2ms odom_age=9.5ms odom_rx_age=8.5ms sensor_skew=40.1ms loop_to_send=6.1ms
[go2:sport] DRY cmd#2403 seq=2435 v=0.893 w=-0.582 dt=39.4ms policy_zmq_lag=0.6ms action_age=50.0ms scan_age=49.4ms scan_rx_age=24.0ms odom_age=9.1ms odom_rx_age=7.9ms sensor_skew=40.3ms loop_to_send=5.7ms
[go2:sport] DRY cmd#2404 seq=2436 v=0.893 w=-0.577 dt=40.1ms policy_zmq_lag=0.7ms action_age=50.0ms scan_age=49.3ms scan_rx_age=25.7ms odom_age=8.9ms odom_rx_age=7.7ms sensor_skew=40.4ms loop_to_send=5.8ms
[go2:sport] DRY cmd#2405 seq=2437 v=0.893 w=-0.582 dt=40.4ms policy_zmq_lag=0.7ms action_age=50.6ms scan_age=49.9ms scan_rx_age=24.5ms odom_age=7.8ms odom_rx_age=6.7ms sensor_skew=42.1ms loop_to_send=6.2ms
[go2:sport] DRY cmd#2406 seq=2438 v=0.893 w=-0.582 dt=40.3ms policy_zmq_lag=0.6ms action_age=50.9ms scan_age=50.3ms scan_rx_age=25.0ms odom_age=10.1ms odom_rx_age=8.8ms sensor_skew=40.3ms loop_to_send=6.5ms
[go2:sport] DRY cmd#2407 seq=2439 v=0.894 w=-0.576 dt=39.8ms policy_zmq_lag=0.7ms action_age=50.4ms scan_age=49.7ms scan_rx_age=24.6ms odom_age=9.8ms odom_rx_age=8.7ms sensor_skew=39.9ms loop_to_send=6.3ms
[go2:sport] DRY cmd#2408 seq=2440 v=0.894 w=-0.570 dt=39.9ms policy_zmq_lag=0.7ms action_age=50.5ms scan_age=49.9ms scan_rx_age=25.4ms odom_age=9.7ms odom_rx_age=8.7ms sensor_skew=40.2ms loop_to_send=6.2ms
[go2:sport] DRY cmd#2409 seq=2441 v=0.894 w=-0.570 dt=39.8ms policy_zmq_lag=0.7ms action_age=50.4ms scan_age=49.7ms scan_rx_age=25.3ms odom_age=9.5ms odom_rx_age=8.5ms sensor_skew=40.2ms loop_to_send=6.0ms
[go2:sport] DRY cmd#2410 seq=2442 v=0.894 w=-0.571 dt=39.9ms policy_zmq_lag=0.7ms action_age=50.2ms scan_age=49.5ms scan_rx_age=25.6ms odom_age=9.3ms odom_rx_age=8.1ms sensor_skew=40.2ms loop_to_send=5.9ms
[go2:sport] DRY cmd#2411 seq=2443 v=0.893 w=-0.572 dt=40.3ms policy_zmq_lag=0.6ms action_age=50.7ms scan_age=50.0ms scan_rx_age=25.8ms odom_age=9.6ms odom_rx_age=8.3ms sensor_skew=40.4ms loop_to_send=6.1ms
[go2:sport] DRY cmd#2412 seq=2444 v=0.893 w=-0.574 dt=40.0ms policy_zmq_lag=0.6ms action_age=49.7ms scan_age=49.1ms scan_rx_age=25.7ms odom_age=9.7ms odom_rx_age=8.4ms sensor_skew=39.4ms loop_to_send=6.2ms
[go2:sport] DRY cmd#2413 seq=2445 v=0.893 w=-0.574 dt=39.8ms policy_zmq_lag=0.6ms action_age=49.8ms scan_age=49.1ms scan_rx_age=25.4ms odom_age=9.5ms odom_rx_age=8.4ms sensor_skew=39.6ms loop_to_send=6.0ms
[go2:sport] DRY cmd#2414 seq=2446 v=0.893 w=-0.572 dt=40.8ms policy_zmq_lag=0.6ms action_age=51.2ms scan_age=50.6ms scan_rx_age=26.2ms odom_age=10.3ms odom_rx_age=9.2ms sensor_skew=40.2ms loop_to_send=6.7ms
[go2:sport] DRY cmd#2415 seq=2447 v=0.894 w=-0.577 dt=40.1ms policy_zmq_lag=0.7ms action_age=51.3ms scan_age=50.6ms scan_rx_age=25.1ms odom_age=11.5ms odom_rx_age=9.8ms sensor_skew=39.1ms loop_to_send=6.8ms
[go2:sport] DRY cmd#2416 seq=2448 v=0.894 w=-0.575 dt=39.6ms policy_zmq_lag=0.7ms action_age=50.8ms scan_age=50.2ms scan_rx_age=20.8ms odom_age=10.2ms odom_rx_age=9.3ms sensor_skew=40.0ms loop_to_send=6.5ms
[go2:sport] DRY cmd#2417 seq=2449 v=0.894 w=-0.576 dt=39.3ms policy_zmq_lag=0.6ms action_age=49.9ms scan_age=49.3ms scan_rx_age=24.3ms odom_age=8.5ms odom_rx_age=7.4ms sensor_skew=40.8ms loop_to_send=5.8ms
[go2:sport] DRY cmd#2418 seq=2450 v=0.894 w=-0.569 dt=40.2ms policy_zmq_lag=0.7ms action_age=50.3ms scan_age=49.7ms scan_rx_age=25.2ms odom_age=9.5ms odom_rx_age=8.4ms sensor_skew=40.1ms loop_to_send=5.9ms
[go2:sport] DRY cmd#2419 seq=2451 v=0.893 w=-0.569 dt=39.8ms policy_zmq_lag=0.6ms action_age=50.0ms scan_age=49.3ms scan_rx_age=24.3ms odom_age=9.3ms odom_rx_age=8.1ms sensor_skew=40.0ms loop_to_send=5.8ms
[go2:sport] DRY cmd#2420 seq=2452 v=0.893 w=-0.565 dt=39.8ms policy_zmq_lag=0.7ms action_age=49.9ms scan_age=49.2ms scan_rx_age=24.2ms odom_age=8.9ms odom_rx_age=8.1ms sensor_skew=40.3ms loop_to_send=5.6ms
[go2:sport] DRY cmd#2421 seq=2453 v=0.894 w=-0.580 dt=40.1ms policy_zmq_lag=0.7ms action_age=50.0ms scan_age=49.3ms scan_rx_age=24.3ms odom_age=9.1ms odom_rx_age=8.4ms sensor_skew=40.2ms loop_to_send=5.7ms
[go2:sport] DRY cmd#2422 seq=2454 v=0.894 w=-0.575 dt=40.3ms policy_zmq_lag=0.7ms action_age=50.1ms scan_age=49.4ms scan_rx_age=24.3ms odom_age=9.3ms odom_rx_age=8.4ms sensor_skew=40.1ms loop_to_send=5.8ms
[go2:sport] DRY cmd#2423 seq=2455 v=0.893 w=-0.572 dt=39.7ms policy_zmq_lag=0.7ms action_age=49.9ms scan_age=49.2ms scan_rx_age=25.5ms odom_age=9.0ms odom_rx_age=7.2ms sensor_skew=40.2ms loop_to_send=5.5ms
[go2:sport] DRY cmd#2424 seq=2456 v=0.894 w=-0.578 dt=40.0ms policy_zmq_lag=0.7ms action_age=49.9ms scan_age=49.3ms scan_rx_age=24.2ms odom_age=9.3ms odom_rx_age=8.4ms sensor_skew=40.0ms loop_to_send=5.7ms
[go2:sport] DRY cmd#2425 seq=2457 v=0.893 w=-0.573 dt=40.3ms policy_zmq_lag=0.8ms action_age=50.2ms scan_age=49.4ms scan_rx_age=25.6ms odom_age=9.4ms odom_rx_age=8.4ms sensor_skew=40.0ms loop_to_send=5.8ms
[go2:sport] DRY cmd#2426 seq=2458 v=0.893 w=-0.569 dt=39.7ms policy_zmq_lag=0.7ms action_age=50.0ms scan_age=49.3ms scan_rx_age=24.4ms odom_age=9.3ms odom_rx_age=8.5ms sensor_skew=40.0ms loop_to_send=5.7ms
[go2:sport] DRY cmd#2427 seq=2459 v=0.894 w=-0.550 dt=40.2ms policy_zmq_lag=0.6ms action_age=30.2ms scan_age=29.5ms scan_rx_age=6.2ms odom_age=9.3ms odom_rx_age=8.2ms sensor_skew=20.2ms loop_to_send=5.7ms
[go2:sport] DRY cmd#2428 seq=2460 v=0.893 w=-0.559 dt=39.8ms policy_zmq_lag=0.7ms action_age=50.5ms scan_age=49.8ms scan_rx_age=25.4ms odom_age=9.1ms odom_rx_age=8.3ms sensor_skew=40.7ms loop_to_send=5.6ms
[go2:sport] DRY cmd#2429 seq=2461 v=0.893 w=-0.563 dt=40.3ms policy_zmq_lag=0.7ms action_age=50.2ms scan_age=49.5ms scan_rx_age=25.2ms odom_age=9.4ms odom_rx_age=8.5ms sensor_skew=40.1ms loop_to_send=5.9ms
[go2:sport] DRY cmd#2430 seq=2462 v=0.894 w=-0.575 dt=40.4ms policy_zmq_lag=0.6ms action_age=50.7ms scan_age=50.1ms scan_rx_age=25.8ms odom_age=9.8ms odom_rx_age=8.9ms sensor_skew=40.3ms loop_to_send=6.2ms
[go2:sport] DRY cmd#2431 seq=2463 v=0.894 w=-0.576 dt=39.6ms policy_zmq_lag=0.8ms action_age=50.2ms scan_age=49.4ms scan_rx_age=24.1ms odom_age=9.3ms odom_rx_age=8.3ms sensor_skew=40.1ms loop_to_send=5.7ms
[go2:sport] DRY cmd#2432 seq=2464 v=0.894 w=-0.573 dt=39.9ms policy_zmq_lag=0.7ms action_age=50.0ms scan_age=49.3ms scan_rx_age=24.6ms odom_age=9.3ms odom_rx_age=8.3ms sensor_skew=40.0ms loop_to_send=5.8ms
[go2:sport] DRY cmd#2433 seq=2465 v=0.894 w=-0.573 dt=40.4ms policy_zmq_lag=0.8ms action_age=50.6ms scan_age=49.8ms scan_rx_age=24.5ms odom_age=9.6ms odom_rx_age=8.5ms sensor_skew=40.2ms loop_to_send=6.0ms
[go2:sport] DRY cmd#2434 seq=2466 v=0.893 w=-0.575 dt=39.7ms policy_zmq_lag=0.8ms action_age=50.3ms scan_age=49.5ms scan_rx_age=23.8ms odom_age=9.5ms odom_rx_age=8.3ms sensor_skew=40.0ms loop_to_send=5.8ms
[go2:sport] DRY cmd#2435 seq=2467 v=0.893 w=-0.582 dt=40.1ms policy_zmq_lag=0.7ms action_age=50.4ms scan_age=49.7ms scan_rx_age=24.3ms odom_age=9.6ms odom_rx_age=8.6ms sensor_skew=40.1ms loop_to_send=5.9ms
[go2:sport] DRY cmd#2436 seq=2468 v=0.893 w=-0.579 dt=39.7ms policy_zmq_lag=0.8ms action_age=50.2ms scan_age=49.4ms scan_rx_age=25.4ms odom_age=9.2ms odom_rx_age=8.4ms sensor_skew=40.2ms loop_to_send=5.7ms
[go2:sport] DRY cmd#2437 seq=2469 v=0.893 w=-0.564 dt=40.0ms policy_zmq_lag=0.7ms action_age=49.8ms scan_age=49.1ms scan_rx_age=24.4ms odom_age=9.3ms odom_rx_age=8.4ms sensor_skew=39.9ms loop_to_send=5.7ms
[go2:sport] DRY cmd#2438 seq=2470 v=0.893 w=-0.565 dt=40.0ms policy_zmq_lag=0.7ms action_age=50.2ms scan_age=49.5ms scan_rx_age=24.2ms odom_age=9.4ms odom_rx_age=8.3ms sensor_skew=40.1ms loop_to_send=5.8ms
[go2:sport] DRY cmd#2439 seq=2471 v=0.893 w=-0.558 dt=46.5ms policy_zmq_lag=0.6ms action_age=56.6ms scan_age=55.9ms scan_rx_age=31.4ms odom_age=15.9ms odom_rx_age=14.9ms sensor_skew=40.0ms loop_to_send=11.2ms
[go2:sport] DRY cmd#2440 seq=2472 v=0.894 w=-0.565 dt=33.9ms policy_zmq_lag=0.7ms action_age=50.5ms scan_age=49.9ms scan_rx_age=25.9ms odom_age=9.2ms odom_rx_age=8.0ms sensor_skew=40.6ms loop_to_send=6.2ms
[go2:sport] DRY cmd#2441 seq=2473 v=0.894 w=-0.584 dt=39.4ms policy_zmq_lag=0.6ms action_age=49.9ms scan_age=49.3ms scan_rx_age=24.4ms odom_age=9.2ms odom_rx_age=8.0ms sensor_skew=40.1ms loop_to_send=5.6ms
[go2:sport] DRY cmd#2442 seq=2474 v=0.894 w=-0.586 dt=40.3ms policy_zmq_lag=0.6ms action_age=50.0ms scan_age=49.4ms scan_rx_age=26.0ms odom_age=9.5ms odom_rx_age=8.6ms sensor_skew=39.9ms loop_to_send=5.9ms
[go2:sport] DRY cmd#2443 seq=2475 v=0.894 w=-0.584 dt=39.9ms policy_zmq_lag=0.7ms action_age=50.1ms scan_age=49.3ms scan_rx_age=24.3ms odom_age=9.3ms odom_rx_age=8.4ms sensor_skew=40.0ms loop_to_send=5.6ms
[go2:sport] DRY cmd#2444 seq=2476 v=0.893 w=-0.575 dt=40.5ms policy_zmq_lag=0.7ms action_age=50.5ms scan_age=49.8ms scan_rx_age=25.6ms odom_age=9.9ms odom_rx_age=8.6ms sensor_skew=39.9ms loop_to_send=6.1ms
[go2:sport] DRY cmd#2445 seq=2477 v=0.893 w=-0.585 dt=39.8ms policy_zmq_lag=0.6ms action_age=30.2ms scan_age=29.6ms scan_rx_age=6.2ms odom_age=9.6ms odom_rx_age=8.7ms sensor_skew=20.0ms loop_to_send=5.7ms
[go2:sport] DRY cmd#2446 seq=2478 v=0.893 w=-0.570 dt=39.6ms policy_zmq_lag=0.6ms action_age=49.9ms scan_age=49.3ms scan_rx_age=24.9ms odom_age=9.3ms odom_rx_age=8.5ms sensor_skew=40.1ms loop_to_send=5.6ms
[go2:sport] DRY cmd#2447 seq=2479 v=0.894 w=-0.569 dt=40.4ms policy_zmq_lag=0.6ms action_age=50.2ms scan_age=49.5ms scan_rx_age=24.6ms odom_age=9.6ms odom_rx_age=8.8ms sensor_skew=39.9ms loop_to_send=5.9ms
[go2:sport] DRY cmd#2448 seq=2480 v=0.894 w=-0.568 dt=39.8ms policy_zmq_lag=0.6ms action_age=50.0ms scan_age=49.4ms scan_rx_age=25.8ms odom_age=9.4ms odom_rx_age=8.5ms sensor_skew=39.9ms loop_to_send=5.7ms
[go2:sport] DRY cmd#2449 seq=2481 v=0.894 w=-0.574 dt=39.7ms policy_zmq_lag=0.6ms action_age=49.8ms scan_age=49.2ms scan_rx_age=25.0ms odom_age=9.1ms odom_rx_age=8.2ms sensor_skew=40.1ms loop_to_send=5.5ms
[go2:sport] DRY cmd#2450 seq=2482 v=0.893 w=-0.571 dt=40.4ms policy_zmq_lag=0.6ms action_age=50.0ms scan_age=49.4ms scan_rx_age=25.4ms odom_age=9.5ms odom_rx_age=8.4ms sensor_skew=40.0ms loop_to_send=5.8ms
[go2:sport] DRY cmd#2451 seq=2483 v=0.893 w=-0.573 dt=39.8ms policy_zmq_lag=0.6ms action_age=49.9ms scan_age=49.3ms scan_rx_age=25.7ms odom_age=9.4ms odom_rx_age=8.7ms sensor_skew=39.9ms loop_to_send=5.7ms
[go2:sport] DRY cmd#2452 seq=2484 v=0.893 w=-0.570 dt=40.3ms policy_zmq_lag=0.6ms action_age=50.0ms scan_age=49.4ms scan_rx_age=24.6ms odom_age=9.6ms odom_rx_age=8.6ms sensor_skew=39.8ms loop_to_send=5.9ms
[go2:sport] DRY cmd#2453 seq=2485 v=0.894 w=-0.556 dt=39.6ms policy_zmq_lag=0.6ms action_age=49.9ms scan_age=49.2ms scan_rx_age=24.4ms odom_age=9.3ms odom_rx_age=8.5ms sensor_skew=39.9ms loop_to_send=5.6ms
[go2:sport] DRY cmd#2454 seq=2486 v=0.893 w=-0.571 dt=40.5ms policy_zmq_lag=0.7ms action_age=50.4ms scan_age=49.7ms scan_rx_age=24.8ms odom_age=9.7ms odom_rx_age=8.8ms sensor_skew=40.0ms loop_to_send=6.0ms
[go2:sport] DRY cmd#2455 seq=2487 v=0.893 w=-0.572 dt=40.3ms policy_zmq_lag=0.7ms action_age=50.7ms scan_age=50.0ms scan_rx_age=26.1ms odom_age=10.0ms odom_rx_age=9.0ms sensor_skew=40.0ms loop_to_send=6.3ms
[go2:sport] DRY cmd#2456 seq=2488 v=0.893 w=-0.575 dt=39.7ms policy_zmq_lag=0.6ms action_age=50.4ms scan_age=49.8ms scan_rx_age=25.9ms odom_age=9.9ms odom_rx_age=9.0ms sensor_skew=40.0ms loop_to_send=6.0ms
[go2:sport] DRY cmd#2457 seq=2489 v=0.893 w=-0.579 dt=39.8ms policy_zmq_lag=0.7ms action_age=50.1ms scan_age=49.4ms scan_rx_age=25.2ms odom_age=9.6ms odom_rx_age=8.1ms sensor_skew=39.8ms loop_to_send=5.8ms
[go2:sport] DRY cmd#2458 seq=2490 v=0.893 w=-0.581 dt=39.7ms policy_zmq_lag=0.6ms action_age=50.0ms scan_age=49.3ms scan_rx_age=25.0ms odom_age=9.3ms odom_rx_age=8.1ms sensor_skew=40.1ms loop_to_send=5.6ms
[go2:sport] DRY cmd#2459 seq=2491 v=0.893 w=-0.581 dt=40.4ms policy_zmq_lag=0.6ms action_age=30.2ms scan_age=29.6ms scan_rx_age=6.1ms odom_age=9.7ms odom_rx_age=8.8ms sensor_skew=19.9ms loop_to_send=5.6ms
[go2:sport] DRY cmd#2460 seq=2492 v=0.894 w=-0.559 dt=40.4ms policy_zmq_lag=0.8ms action_age=50.7ms scan_age=49.9ms scan_rx_age=24.0ms odom_age=9.8ms odom_rx_age=8.8ms sensor_skew=40.1ms loop_to_send=6.1ms
[go2:sport] DRY cmd#2461 seq=2493 v=0.893 w=-0.567 dt=39.7ms policy_zmq_lag=0.7ms action_age=50.3ms scan_age=49.6ms scan_rx_age=24.5ms odom_age=9.7ms odom_rx_age=8.5ms sensor_skew=40.0ms loop_to_send=6.0ms
[go2:sport] DRY cmd#2462 seq=2494 v=0.893 w=-0.571 dt=40.4ms policy_zmq_lag=0.7ms action_age=50.4ms scan_age=49.7ms scan_rx_age=25.1ms odom_age=9.5ms odom_rx_age=8.2ms sensor_skew=40.2ms loop_to_send=6.4ms
[go2:sport] DRY cmd#2463 seq=2495 v=0.893 w=-0.569 dt=39.6ms policy_zmq_lag=0.6ms action_age=50.4ms scan_age=49.8ms scan_rx_age=25.9ms odom_age=9.7ms odom_rx_age=8.6ms sensor_skew=40.0ms loop_to_send=6.0ms
[go2:sport] DRY cmd#2464 seq=2496 v=0.893 w=-0.562 dt=39.7ms policy_zmq_lag=0.6ms action_age=50.1ms scan_age=49.5ms scan_rx_age=24.2ms odom_age=9.6ms odom_rx_age=8.6ms sensor_skew=39.9ms loop_to_send=5.7ms
[go2:sport] DRY cmd#2465 seq=2497 v=0.894 w=-0.573 dt=40.9ms policy_zmq_lag=0.6ms action_age=51.0ms scan_age=50.4ms scan_rx_age=26.6ms odom_age=10.0ms odom_rx_age=8.8ms sensor_skew=40.3ms loop_to_send=6.6ms
[go2:sport] DRY cmd#2466 seq=2498 v=0.894 w=-0.572 dt=39.5ms policy_zmq_lag=0.6ms action_age=52.3ms scan_age=51.6ms scan_rx_age=24.0ms odom_age=9.6ms odom_rx_age=8.5ms sensor_skew=42.0ms loop_to_send=6.2ms
[go2:sport] DRY cmd#2467 seq=2499 v=0.894 w=-0.572 dt=42.1ms policy_zmq_lag=0.7ms action_age=52.4ms scan_age=51.7ms scan_rx_age=26.5ms odom_age=11.7ms odom_rx_age=10.3ms sensor_skew=40.1ms loop_to_send=8.0ms
[go2:sport] DRY cmd#2468 seq=2500 v=0.894 w=-0.583 dt=37.8ms policy_zmq_lag=0.7ms action_age=50.3ms scan_age=49.6ms scan_rx_age=24.8ms odom_age=9.6ms odom_rx_age=8.5ms sensor_skew=40.0ms loop_to_send=6.0ms
[go2:sport] DRY cmd#2469 seq=2501 v=0.893 w=-0.578 dt=39.8ms policy_zmq_lag=0.7ms action_age=50.2ms scan_age=49.6ms scan_rx_age=25.2ms odom_age=9.4ms odom_rx_age=8.3ms sensor_skew=40.2ms loop_to_send=5.8ms
[go2:sport] DRY cmd#2470 seq=2502 v=0.893 w=-0.583 dt=41.4ms policy_zmq_lag=0.6ms action_age=51.6ms scan_age=50.9ms scan_rx_age=27.2ms odom_age=10.9ms odom_rx_age=9.5ms sensor_skew=40.0ms loop_to_send=7.4ms
[go2:sport] DRY cmd#2471 seq=2503 v=0.893 w=-0.573 dt=38.8ms policy_zmq_lag=0.6ms action_age=50.5ms scan_age=49.8ms scan_rx_age=25.9ms odom_age=9.9ms odom_rx_age=8.7ms sensor_skew=39.9ms loop_to_send=6.1ms
[go2:sport] DRY cmd#2472 seq=2504 v=0.893 w=-0.566 dt=40.1ms policy_zmq_lag=0.6ms action_age=50.4ms scan_age=49.7ms scan_rx_age=24.7ms odom_age=10.0ms odom_rx_age=8.9ms sensor_skew=39.7ms loop_to_send=6.0ms
[go2:sport] DRY cmd#2473 seq=2505 v=0.894 w=-0.570 dt=39.5ms policy_zmq_lag=0.6ms action_age=50.1ms scan_age=49.5ms scan_rx_age=24.7ms odom_age=9.5ms odom_rx_age=8.7ms sensor_skew=40.0ms loop_to_send=5.8ms
[go2:sport] DRY cmd#2474 seq=2506 v=0.894 w=-0.567 dt=39.9ms policy_zmq_lag=0.6ms action_age=49.9ms scan_age=49.3ms scan_rx_age=25.5ms odom_age=9.3ms odom_rx_age=8.1ms sensor_skew=40.0ms loop_to_send=5.8ms
[go2:sport] DRY cmd#2475 seq=2507 v=0.894 w=-0.564 dt=40.6ms policy_zmq_lag=0.8ms action_age=50.6ms scan_age=49.8ms scan_rx_age=24.8ms odom_age=9.8ms odom_rx_age=8.9ms sensor_skew=40.0ms loop_to_send=6.1ms
[go2:sport] DRY cmd#2476 seq=2508 v=0.893 w=-0.580 dt=39.2ms policy_zmq_lag=0.7ms action_age=50.0ms scan_age=49.3ms scan_rx_age=25.6ms odom_age=9.3ms odom_rx_age=8.5ms sensor_skew=40.0ms loop_to_send=5.6ms
[go2:sport] DRY cmd#2477 seq=2509 v=0.893 w=-0.585 dt=40.3ms policy_zmq_lag=0.7ms action_age=50.1ms scan_age=49.4ms scan_rx_age=24.7ms odom_age=9.5ms odom_rx_age=8.7ms sensor_skew=39.9ms loop_to_send=5.8ms
[go2:sport] DRY cmd#2478 seq=2510 v=0.893 w=-0.589 dt=39.8ms policy_zmq_lag=0.7ms action_age=49.9ms scan_age=49.3ms scan_rx_age=24.5ms odom_age=9.4ms odom_rx_age=8.5ms sensor_skew=39.9ms loop_to_send=5.5ms
[go2:sport] DRY cmd#2479 seq=2511 v=0.894 w=-0.569 dt=40.1ms policy_zmq_lag=0.7ms action_age=50.1ms scan_age=49.5ms scan_rx_age=25.1ms odom_age=9.6ms odom_rx_age=8.8ms sensor_skew=39.9ms loop_to_send=5.7ms
[go2:sport] DRY cmd#2480 seq=2512 v=0.893 w=-0.574 dt=40.1ms policy_zmq_lag=0.7ms action_age=30.2ms scan_age=29.6ms scan_rx_age=6.2ms odom_age=9.4ms odom_rx_age=8.4ms sensor_skew=20.2ms loop_to_send=5.7ms
[go2:sport] DRY cmd#2481 seq=2513 v=0.894 w=-0.573 dt=39.9ms policy_zmq_lag=0.6ms action_age=50.7ms scan_age=50.0ms scan_rx_age=24.6ms odom_age=9.5ms odom_rx_age=8.6ms sensor_skew=40.5ms loop_to_send=5.7ms
[go2:sport] DRY cmd#2482 seq=2514 v=0.893 w=-0.565 dt=40.4ms policy_zmq_lag=0.8ms action_age=50.2ms scan_age=49.4ms scan_rx_age=24.6ms odom_age=9.7ms odom_rx_age=8.7ms sensor_skew=39.8ms loop_to_send=5.9ms
[go2:sport] DRY cmd#2483 seq=2515 v=0.894 w=-0.565 dt=40.0ms policy_zmq_lag=0.6ms action_age=50.4ms scan_age=49.7ms scan_rx_age=24.9ms odom_age=9.8ms odom_rx_age=8.9ms sensor_skew=39.9ms loop_to_send=5.9ms
[go2:sport] DRY cmd#2484 seq=2516 v=0.894 w=-0.575 dt=39.5ms policy_zmq_lag=0.6ms action_age=50.0ms scan_age=49.3ms scan_rx_age=24.4ms odom_age=9.4ms odom_rx_age=8.3ms sensor_skew=39.9ms loop_to_send=5.6ms
[go2:sport] DRY cmd#2485 seq=2517 v=0.894 w=-0.584 dt=39.9ms policy_zmq_lag=0.6ms action_age=49.9ms scan_age=49.2ms scan_rx_age=24.5ms odom_age=9.2ms odom_rx_age=8.3ms sensor_skew=40.0ms loop_to_send=5.5ms
[go2:sport] DRY cmd#2486 seq=2518 v=0.893 w=-0.568 dt=40.2ms policy_zmq_lag=0.7ms action_age=50.0ms scan_age=49.3ms scan_rx_age=24.7ms odom_age=9.6ms odom_rx_age=8.6ms sensor_skew=39.8ms loop_to_send=5.7ms
[go2:sport] DRY cmd#2487 seq=2519 v=0.893 w=-0.564 dt=40.3ms policy_zmq_lag=0.8ms action_age=50.0ms scan_age=49.2ms scan_rx_age=24.8ms odom_age=9.7ms odom_rx_age=8.6ms sensor_skew=39.5ms loop_to_send=5.8ms
[go2:sport] DRY cmd#2488 seq=2520 v=0.893 w=-0.572 dt=39.9ms policy_zmq_lag=0.7ms action_age=50.3ms scan_age=49.6ms scan_rx_age=24.4ms odom_age=9.7ms odom_rx_age=8.8ms sensor_skew=39.9ms loop_to_send=5.8ms
[go2:sport] DRY cmd#2489 seq=2521 v=0.893 w=-0.572 dt=39.6ms policy_zmq_lag=0.6ms action_age=50.0ms scan_age=49.3ms scan_rx_age=24.6ms odom_age=9.4ms odom_rx_age=8.7ms sensor_skew=39.9ms loop_to_send=5.6ms
[go2:sport] DRY cmd#2490 seq=2522 v=0.894 w=-0.576 dt=40.0ms policy_zmq_lag=0.7ms action_age=49.9ms scan_age=49.2ms scan_rx_age=25.3ms odom_age=9.4ms odom_rx_age=8.6ms sensor_skew=39.8ms loop_to_send=5.6ms
[go2:sport] DRY cmd#2491 seq=2523 v=0.893 w=-0.580 dt=40.3ms policy_zmq_lag=0.7ms action_age=50.2ms scan_age=49.4ms scan_rx_age=25.3ms odom_age=9.7ms odom_rx_age=8.8ms sensor_skew=39.8ms loop_to_send=5.8ms
[go2:sport] DRY cmd#2492 seq=2524 v=0.893 w=-0.572 dt=40.0ms policy_zmq_lag=0.6ms action_age=50.0ms scan_age=49.4ms scan_rx_age=25.0ms odom_age=9.7ms odom_rx_age=8.5ms sensor_skew=39.6ms loop_to_send=5.8ms
[go2:sport] DRY cmd#2493 seq=2525 v=0.893 w=-0.578 dt=39.6ms policy_zmq_lag=0.6ms action_age=49.8ms scan_age=49.2ms scan_rx_age=24.6ms odom_age=9.5ms odom_rx_age=8.6ms sensor_skew=39.7ms loop_to_send=5.7ms
[go2:sport] DRY cmd#2494 seq=2526 v=0.893 w=-0.575 dt=40.2ms policy_zmq_lag=0.6ms action_age=50.2ms scan_age=49.5ms scan_rx_age=24.6ms odom_age=9.6ms odom_rx_age=8.4ms sensor_skew=39.9ms loop_to_send=5.6ms
[go2:sport] DRY cmd#2495 seq=2527 v=0.893 w=-0.581 dt=39.9ms policy_zmq_lag=0.7ms action_age=50.0ms scan_age=49.3ms scan_rx_age=24.6ms odom_age=9.4ms odom_rx_age=8.5ms sensor_skew=40.0ms loop_to_send=5.6ms
[go2:sport] DRY cmd#2496 seq=2528 v=0.894 w=-0.575 dt=40.2ms policy_zmq_lag=0.7ms action_age=50.2ms scan_age=49.5ms scan_rx_age=24.5ms odom_age=9.6ms odom_rx_age=8.6ms sensor_skew=39.9ms loop_to_send=5.7ms
[go2:sport] DRY cmd#2497 seq=2529 v=0.894 w=-0.568 dt=39.9ms policy_zmq_lag=0.6ms action_age=50.0ms scan_age=49.3ms scan_rx_age=24.7ms odom_age=9.7ms odom_rx_age=8.8ms sensor_skew=39.7ms loop_to_send=5.8ms
[go2:sport] DRY cmd#2498 seq=2530 v=0.893 w=-0.572 dt=40.0ms policy_zmq_lag=0.6ms action_age=50.0ms scan_age=49.4ms scan_rx_age=24.6ms odom_age=9.7ms odom_rx_age=8.9ms sensor_skew=39.7ms loop_to_send=5.8ms
[go2:sport] DRY cmd#2499 seq=2531 v=0.893 w=-0.574 dt=39.9ms policy_zmq_lag=0.6ms action_age=50.0ms scan_age=49.4ms scan_rx_age=24.1ms odom_age=9.6ms odom_rx_age=8.6ms sensor_skew=39.8ms loop_to_send=5.7ms
[go2:sport] DRY cmd#2500 seq=2532 v=0.894 w=-0.579 dt=40.3ms policy_zmq_lag=0.6ms action_age=50.4ms scan_age=49.8ms scan_rx_age=25.6ms odom_age=9.9ms odom_rx_age=9.1ms sensor_skew=39.9ms loop_to_send=5.9ms
[go2:sport] DRY cmd#2501 seq=2533 v=0.894 w=-0.561 dt=39.6ms policy_zmq_lag=0.7ms action_age=49.9ms scan_age=49.2ms scan_rx_age=24.5ms odom_age=9.5ms odom_rx_age=8.6ms sensor_skew=39.7ms loop_to_send=5.5ms
[go2:sport] DRY cmd#2502 seq=2534 v=0.894 w=-0.574 dt=39.9ms policy_zmq_lag=0.7ms action_age=49.6ms scan_age=49.0ms scan_rx_age=24.4ms odom_age=9.4ms odom_rx_age=8.4ms sensor_skew=39.6ms loop_to_send=5.5ms
[go2:sport] DRY cmd#2503 seq=2535 v=0.894 w=-0.575 dt=40.1ms policy_zmq_lag=0.7ms action_age=49.9ms scan_age=49.3ms scan_rx_age=24.5ms odom_age=9.5ms odom_rx_age=8.6ms sensor_skew=39.8ms loop_to_send=5.6ms
[go2:sport] DRY cmd#2504 seq=2536 v=0.894 w=-0.565 dt=40.1ms policy_zmq_lag=0.8ms action_age=50.0ms scan_age=49.3ms scan_rx_age=24.4ms odom_age=9.5ms odom_rx_age=8.6ms sensor_skew=39.7ms loop_to_send=5.6ms
[go2:sport] DRY cmd#2505 seq=2537 v=0.894 w=-0.561 dt=40.3ms policy_zmq_lag=0.6ms action_age=50.4ms scan_age=49.8ms scan_rx_age=24.9ms odom_age=9.9ms odom_rx_age=8.9ms sensor_skew=39.9ms loop_to_send=5.9ms
[go2:sport] DRY cmd#2506 seq=2538 v=0.893 w=-0.562 dt=39.5ms policy_zmq_lag=0.6ms action_age=49.8ms scan_age=49.1ms scan_rx_age=24.5ms odom_age=9.4ms odom_rx_age=8.6ms sensor_skew=39.7ms loop_to_send=5.5ms
[go2:sport] DRY cmd#2507 seq=2539 v=0.893 w=-0.572 dt=40.0ms policy_zmq_lag=0.6ms action_age=49.7ms scan_age=49.1ms scan_rx_age=25.4ms odom_age=9.4ms odom_rx_age=8.5ms sensor_skew=39.8ms loop_to_send=5.5ms
[go2:sport] DRY cmd#2508 seq=2540 v=0.894 w=-0.573 dt=40.0ms policy_zmq_lag=0.6ms action_age=49.7ms scan_age=49.1ms scan_rx_age=25.3ms odom_age=9.5ms odom_rx_age=8.6ms sensor_skew=39.7ms loop_to_send=5.5ms
[go2:sport] DRY cmd#2509 seq=2541 v=0.894 w=-0.577 dt=40.1ms policy_zmq_lag=0.6ms action_age=49.8ms scan_age=49.1ms scan_rx_age=24.5ms odom_age=9.5ms odom_rx_age=8.7ms sensor_skew=39.6ms loop_to_send=5.6ms
[go2:sport] DRY cmd#2510 seq=2542 v=0.893 w=-0.579 dt=40.0ms policy_zmq_lag=0.6ms action_age=49.9ms scan_age=49.3ms scan_rx_age=24.7ms odom_age=9.4ms odom_rx_age=8.6ms sensor_skew=39.9ms loop_to_send=5.6ms
[go2:sport] DRY cmd#2511 seq=2543 v=0.894 w=-0.569 dt=40.5ms policy_zmq_lag=0.8ms action_age=50.4ms scan_age=49.6ms scan_rx_age=25.0ms odom_age=9.9ms odom_rx_age=8.6ms sensor_skew=39.7ms loop_to_send=5.8ms
[go2:sport] DRY cmd#2512 seq=2544 v=0.894 w=-0.575 dt=39.9ms policy_zmq_lag=0.6ms action_age=30.4ms scan_age=29.8ms scan_rx_age=6.1ms odom_age=10.0ms odom_rx_age=9.2ms sensor_skew=19.8ms loop_to_send=5.6ms
[go2:sport] DRY cmd#2513 seq=2545 v=0.893 w=-0.571 dt=40.6ms policy_zmq_lag=0.6ms action_age=50.9ms scan_age=50.2ms scan_rx_age=26.0ms odom_age=10.5ms odom_rx_age=9.4ms sensor_skew=39.7ms loop_to_send=6.4ms
[go2:sport] DRY cmd#2514 seq=2546 v=0.894 w=-0.561 dt=39.1ms policy_zmq_lag=0.7ms action_age=50.1ms scan_age=49.4ms scan_rx_age=24.3ms odom_age=9.5ms odom_rx_age=8.4ms sensor_skew=40.0ms loop_to_send=5.6ms
[go2:sport] DRY cmd#2515 seq=2547 v=0.894 w=-0.561 dt=40.0ms policy_zmq_lag=0.6ms action_age=49.9ms scan_age=49.3ms scan_rx_age=24.6ms odom_age=9.6ms odom_rx_age=8.4ms sensor_skew=39.7ms loop_to_send=5.7ms
[go2:sport] DRY cmd#2516 seq=2548 v=0.894 w=-0.584 dt=40.4ms policy_zmq_lag=0.6ms action_age=30.2ms scan_age=29.6ms scan_rx_age=6.1ms odom_age=10.0ms odom_rx_age=9.1ms sensor_skew=19.6ms loop_to_send=5.6ms
[go2:sport] DRY cmd#2517 seq=2549 v=0.893 w=-0.578 dt=39.6ms policy_zmq_lag=0.6ms action_age=49.9ms scan_age=49.3ms scan_rx_age=24.7ms odom_age=9.7ms odom_rx_age=8.9ms sensor_skew=39.6ms loop_to_send=5.7ms
[go2:sport] DRY cmd#2518 seq=2550 v=0.894 w=-0.578 dt=40.1ms policy_zmq_lag=0.6ms action_age=50.2ms scan_age=49.6ms scan_rx_age=26.0ms odom_age=9.8ms odom_rx_age=9.1ms sensor_skew=39.8ms loop_to_send=5.8ms
[go2:sport] DRY cmd#2519 seq=2551 v=0.894 w=-0.577 dt=40.2ms policy_zmq_lag=0.6ms action_age=30.1ms scan_age=29.6ms scan_rx_age=6.2ms odom_age=10.1ms odom_rx_age=9.3ms sensor_skew=19.5ms loop_to_send=5.7ms
[go2:sport] DRY cmd#2520 seq=2552 v=0.894 w=-0.564 dt=39.8ms policy_zmq_lag=0.6ms action_age=50.1ms scan_age=49.5ms scan_rx_age=24.7ms odom_age=9.6ms odom_rx_age=8.6ms sensor_skew=39.9ms loop_to_send=5.8ms
[go2:sport] DRY cmd#2521 seq=2553 v=0.894 w=-0.582 dt=41.2ms policy_zmq_lag=1.3ms action_age=51.2ms scan_age=50.0ms scan_rx_age=22.6ms odom_age=10.1ms odom_rx_age=8.6ms sensor_skew=39.9ms loop_to_send=6.4ms
[go2:sport] DRY cmd#2522 seq=2554 v=0.894 w=-0.573 dt=39.2ms policy_zmq_lag=0.7ms action_age=50.4ms scan_age=49.7ms scan_rx_age=23.2ms odom_age=10.0ms odom_rx_age=8.5ms sensor_skew=39.7ms loop_to_send=6.2ms
[go2:sport] DRY cmd#2523 seq=2555 v=0.894 w=-0.578 dt=40.1ms policy_zmq_lag=0.6ms action_age=50.6ms scan_age=50.0ms scan_rx_age=24.9ms odom_age=10.0ms odom_rx_age=8.8ms sensor_skew=40.0ms loop_to_send=6.2ms
[go2:sport] DRY cmd#2524 seq=2556 v=0.894 w=-0.577 dt=42.0ms policy_zmq_lag=0.6ms action_age=51.0ms scan_age=50.4ms scan_rx_age=27.5ms odom_age=15.5ms odom_rx_age=14.4ms sensor_skew=34.9ms loop_to_send=6.5ms
[go2:sport] DRY cmd#2525 seq=2557 v=0.894 w=-0.576 dt=38.0ms policy_zmq_lag=0.6ms action_age=50.6ms scan_age=50.0ms scan_rx_age=25.0ms odom_age=10.2ms odom_rx_age=9.1ms sensor_skew=39.8ms loop_to_send=6.3ms
