Setup unitree ros2 environment
DDS 使用 eth0 (持有狗内网 192.168.123.18, 雷达/狗 DDS 可达)
=== 清场: 停止上次定位/导航/雷达/RViz ===
清场完成: 无残留定位/雷达/RViz 节点
MID360 runtime config: lidar=192.168.123.20 host=192.168.123.18 iface=eth0
============================================
 栈 A: 定位 (Livox + global_reloc + FAST-LIO)
 PCD: /home/unitree/ws_localization/src/FAST_LIO/PCD/scans.pcd
 DB:  /home/unitree/ws_localization/src/FAST_LIO/PCD/reloc_db
 Livox config: /tmp/go2_mid360_192_168_123_18.json
 日志: /tmp/go2_localization.log

 RViz: false (定位栈专属点云视图; nav RViz 在 run_nav2.sh)
 验收: ros2 topic echo /loc_health
       出现 READY|... 后, 另开终端 ./run_navigation.sh

 提示: 移动时点云飘 -> 查日志 IMU GAP / Localization lost
       丢失后会自动重定位(verify_period=2s); 跟踪 OK 才发 /cloud_registered
============================================
[INFO] [launch]: All log files can be found below /home/unitree/.ros/log/2026-08-22-00-13-51-267455-ubuntu-4050
[INFO] [launch]: Default logging verbosity is set to INFO
[INFO] [livox_ros_driver2_node-1]: process started with pid [4104]
[INFO] [global_reloc_node-2]: process started with pid [4106]
[INFO] [fastlio_mapping-3]: process started with pid [4108]
[INFO] [nav_tf_manager-4]: process started with pid [4110]
[nav_tf_manager-4] [INFO] [1787328831.475538302] [nav_tf_manager]: nav_tf_manager: map -> odom -> base_link (input /Odometry)
[livox_ros_driver2_node-1] [INFO] [1787328831.480785022] [livox_lidar_publisher]: Livox Ros Driver2 Version: 1.2.4
[livox_ros_driver2_node-1] [INFO] [1787328831.481599550] [livox_lidar_publisher]: Data Source is raw lidar.
[livox_ros_driver2_node-1] [INFO] [1787328831.481649502] [livox_lidar_publisher]: Config file : /tmp/go2_mid360_192_168_123_18.json
[livox_ros_driver2_node-1] LdsLidar *GetInstance
[livox_ros_driver2_node-1] config lidar type: 8
[livox_ros_driver2_node-1] successfully parse base config, counts: 1
[livox_ros_driver2_node-1] [INFO] [1787328831.492884318] [livox_lidar_publisher]: Init lds lidar success!
[global_reloc_node-2] [INFO] [1787328831.561183102] [global_reloc]: Relocalization continuity anchor: [3.473 -0.007 0.000] yaw=19.5 deg, limits 2.5m/90.0deg
[global_reloc_node-2] [INFO] [1787328831.578536638] [global_reloc]: Loaded dense GICP map: 83566 points
[fastlio_mapping-3] [INFO] [1787328831.579599134] [laser_mapping]: p_pre->lidar_type 1
[fastlio_mapping-3] [INFO] [1787328831.579893534] [laser_mapping]: Localization mode enabled, prior map: /home/unitree/ws_localization/src/FAST_LIO/PCD/scans.pcd
[global_reloc_node-2] [INFO] [1787328831.607271422] [global_reloc]: GICP coarse map (0.3m): 18179 points; dense map for fine stages set above
[global_reloc_node-2] [INFO] [1787328831.607468094] [global_reloc]: Map for BBS3D(coarse): 18179 points
[global_reloc_node-2] [INFO] [1787328831.607491294] [global_reloc]: Building BBS3D hierarchical voxel map (min_level_res=0.50, max_level=6)...
[global_reloc_node-2] [INFO] [1787328832.106044478] [global_reloc]: Ground model: 34x32 @1.0m, 238 ground cells, extent x[-23.0,10.8] y[-7.1,24.7]
[global_reloc_node-2] [INFO] [1787328832.106407038] [global_reloc]: BBS3D(CPU) ready (18179 pts, z=[-1.0,1.0]). mode=expand_from_center center=[0.4,-0.0] ring_step=3.0m ground_filter=on
[global_reloc_node-2] [INFO] [1787328832.269488286] [global_reloc]: Loaded 362 keyframes from /home/unitree/ws_localization/src/FAST_LIO/PCD/reloc_db
[global_reloc_node-2] [INFO] [1787328832.277543934] [global_reloc]: Global relocalization ready. Waiting for LiDAR scans...
[fastlio_mapping-3] [INFO] [1787328832.477484990] [laser_mapping]: Loaded prior map: 45540 points from /home/unitree/ws_localization/src/FAST_LIO/PCD/scans.pcd
[fastlio_mapping-3] Multi thread started 
[fastlio_mapping-3] ~~~~/home/unitree/ws_localization/src/FAST_LIO/ file opened
[fastlio_mapping-3] [INFO] [1787328832.484424670] [laser_mapping]: Waiting for /initialpose (RViz 2D Pose Estimate) or use localization.init_pose
[fastlio_mapping-3] [INFO] [1787328832.492947358] [laser_mapping]: Published prior map to /Laser_map (latched): 45540 pts
[fastlio_mapping-3] [INFO] [1787328832.494713310] [laser_mapping]: Node init finished.
[livox_ros_driver2_node-1] GetFreeIndex key:livox_lidar_343648448.
[livox_ros_driver2_node-1] Init queue, real query size:32.
[livox_ros_driver2_node-1] Lidar[0] storage queue size: 21
[livox_ros_driver2_node-1] set pcl data type, handle: 343648448, data type: 1
[livox_ros_driver2_node-1] set scan pattern, handle: 343648448, scan pattern: 0
[livox_ros_driver2_node-1] begin to change work mode to 'Normal', handle: 343648448
[livox_ros_driver2_node-1] successfully set data type, handle: 343648448, set_bit: 2
[livox_ros_driver2_node-1] successfully set pattern mode, handle: 343648448, set_bit: 0
[livox_ros_driver2_node-1] successfully set lidar attitude, ip: 192.168.123.20
[livox_ros_driver2_node-1] successfully change work mode, handle: 343648448
[livox_ros_driver2_node-1] successfully enable Livox Lidar imu, ip: 192.168.123.20
[livox_ros_driver2_node-1] [INFO] [1787328834.494485150] [livox_lidar_publisher]: livox/imu publish use imu format
[livox_ros_driver2_node-1] [INFO] [1787328834.496168542] [livox_lidar_publisher]: livox/lidar publish use livox custom format
[livox_ros_driver2_node-1] [INFO] [1787328834.538422462] [livox_lidar_publisher]: livox/lidar_pc2 publish use PointCloud2 format
[fastlio_mapping-3] IMU Initial Done
[fastlio_mapping-3] [WARN] [1787328834.593448638] [laser_mapping]: No point, skip this scan!
[fastlio_mapping-3] 
[global_reloc_node-2] [INFO] [1787328834.787743166] [global_reloc]: SC top-1 hint: kf=162 pos[-3.69 -0.19] dist=0.283
[global_reloc_node-2] [INFO] [1787328836.010840522] [global_reloc]: Continuity GICP: fitness=0.997 anchor[3.47 -0.01 yaw=19.5deg] -> pos[0.66 -0.08 yaw=2.7deg]
[global_reloc_node-2] [WARN] [1787328836.011008820] [global_reloc]: Reject reloc branch jump: candidate [0.66 -0.08 yaw=2.7deg] vs last-good [3.47 -0.01 yaw=19.5deg], delta=2.82m/16.9deg limits=2.50m/90.0deg
[global_reloc_node-2] [INFO] [1787328840.778115798] [global_reloc]: SC+GICP kf=162: fitness=0.998 (sc_yaw=0.596 grid_yaw=0.998) pos[0.26 -0.05] sc_dist=0.283
[global_reloc_node-2] [INFO] [1787328840.778306623] [global_reloc]: Accept xy 3.9m > limit 1.2m by high GICP fitness 0.998 (bypass xy gate only)
[global_reloc_node-2] [INFO] [1787328840.778342081] [global_reloc]: SC+GICP [SC-GICP#162] ACCEPTED
[global_reloc_node-2] [INFO] [1787328840.778364450] [global_reloc]: Reloc won at stage [SC-GICP#162]
[global_reloc_node-2] [INFO] [1787328840.778528298] [global_reloc]: Published /initialpose: [0.26 -0.05 0.08] yaw=2.3° fitness=1.00
[fastlio_mapping-3] [INFO] [1787328840.778694322] [laser_mapping]: Received /initialpose: [0.255, -0.052, 0.085], yaw=0.041 (will apply on next scan)
[nav_tf_manager-4] [WARN] [1787328840.778957055] [nav_tf_manager]: Updated map->odom from /initialpose [0.26 -0.05 0.08] (TF published immediately)
[fastlio_mapping-3] [INFO] [1787328840.794020566] [laser_mapping]: Applied init pose: [0.255, -0.052, 0.085], yaw=0.041
[global_reloc_node-2] [WARN] [1787328840.817347868] [global_reloc]: [symmetry-check] fitness(published)=0.998 vs fitness(+180deg)=0.379 => published is uniquely better
[global_reloc_node-2] [INFO] [1787328840.817493635] [global_reloc]: Global relocalization SUCCESS (fitness=0.998). Now tracking; will only re-trigger if lost.
[fastlio_mapping-3] [INFO] [1787328840.821472580] [laser_mapping]: Localization settling: stable=1/20 eff=679/826 match=82.2%
[fastlio_mapping-3] [WARN] [1787328840.871101312] [laser_mapping]: Localization recovery transient rejected: eff=663/781 match=84.9% vel=3.87 step=0.20 zstep=0.09
[fastlio_mapping-3] [INFO] [1787328841.845338075] [laser_mapping]: Localization settling: stable=19/20 eff=631/721 match=87.5%
[fastlio_mapping-3] [INFO] [1787328841.872009202] [laser_mapping]: Localization CONVERGED after 20 stable frames: effective=572 / scan_down=682 (ratio 83.9%)
[fastlio_mapping-3] [INFO] [1787328841.872164473] [laser_mapping]: Loc OK: pos[0.68 0.00 0.05] eff=572/682
[global_reloc_node-2] [INFO] [1787328842.279430965] [global_reloc]: Tracking healthy: map-consistency=1.00
[fastlio_mapping-3] [INFO] [1787328844.889802742] [laser_mapping]: Loc OK: pos[0.66 -0.06 0.04] eff=723/821
[fastlio_mapping-3] [INFO] [1787328847.929113980] [laser_mapping]: Loc OK: pos[0.65 -0.07 0.04] eff=553/653
[global_reloc_node-2] [INFO] [1787328848.281281264] [global_reloc]: Tracking healthy: map-consistency=1.00
[fastlio_mapping-3] [INFO] [1787328850.967867309] [laser_mapping]: Loc OK: pos[0.65 -0.07 0.04] eff=674/782
[fastlio_mapping-3] [INFO] [1787328853.972595209] [laser_mapping]: Loc OK: pos[0.65 -0.06 0.04] eff=592/693
[global_reloc_node-2] [INFO] [1787328854.280259286] [global_reloc]: Tracking healthy: map-consistency=1.00
[fastlio_mapping-3] [INFO] [1787328856.980291359] [laser_mapping]: Loc OK: pos[0.65 -0.07 0.04] eff=640/726
[fastlio_mapping-3] [INFO] [1787328860.018513874] [laser_mapping]: Loc OK: pos[0.65 -0.07 0.04] eff=726/843
[global_reloc_node-2] [INFO] [1787328860.280422697] [global_reloc]: Tracking healthy: map-consistency=1.00
[fastlio_mapping-3] [INFO] [1787328863.027413236] [laser_mapping]: Loc OK: pos[0.65 -0.07 0.04] eff=583/651
[fastlio_mapping-3] [INFO] [1787328866.076236905] [laser_mapping]: Loc OK: pos[0.65 -0.07 0.04] eff=716/829
[global_reloc_node-2] [INFO] [1787328866.282366124] [global_reloc]: Tracking healthy: map-consistency=1.00
[fastlio_mapping-3] [INFO] [1787328869.118272262] [laser_mapping]: Loc OK: pos[0.65 -0.07 0.04] eff=619/733
[fastlio_mapping-3] [INFO] [1787328872.149394927] [laser_mapping]: Loc OK: pos[0.65 -0.07 0.04] eff=648/756
[global_reloc_node-2] [INFO] [1787328872.280215632] [global_reloc]: Tracking healthy: map-consistency=1.00
[fastlio_mapping-3] [INFO] [1787328875.150307508] [laser_mapping]: Loc OK: pos[0.65 -0.07 0.03] eff=617/719
[fastlio_mapping-3] [INFO] [1787328878.173100850] [laser_mapping]: Loc OK: pos[0.65 -0.07 0.04] eff=471/574
[global_reloc_node-2] [INFO] [1787328878.280920594] [global_reloc]: Tracking healthy: map-consistency=0.99
[fastlio_mapping-3] [INFO] [1787328881.236578155] [laser_mapping]: Loc OK: pos[0.65 -0.07 0.04] eff=718/824
[fastlio_mapping-3] [INFO] [1787328884.268029511] [laser_mapping]: Loc OK: pos[0.65 -0.07 0.03] eff=609/711
[global_reloc_node-2] [INFO] [1787328884.280452138] [global_reloc]: Tracking healthy: map-consistency=0.99
[fastlio_mapping-3] [INFO] [1787328887.271795130] [laser_mapping]: Loc OK: pos[0.65 -0.07 0.04] eff=617/696
[global_reloc_node-2] [INFO] [1787328890.280571538] [global_reloc]: Tracking healthy: map-consistency=0.99
[fastlio_mapping-3] [INFO] [1787328890.311273837] [laser_mapping]: Loc OK: pos[0.65 -0.07 0.04] eff=734/834
[fastlio_mapping-3] [INFO] [1787328893.360996137] [laser_mapping]: Loc OK: pos[0.65 -0.07 0.04] eff=498/580
[global_reloc_node-2] [INFO] [1787328896.282156286] [global_reloc]: Tracking healthy: map-consistency=1.00
[fastlio_mapping-3] [INFO] [1787328896.363954504] [laser_mapping]: Loc OK: pos[0.65 -0.07 0.04] eff=713/820
[fastlio_mapping-3] [INFO] [1787328899.366261531] [laser_mapping]: Loc OK: pos[0.65 -0.07 0.04] eff=675/751
[global_reloc_node-2] [INFO] [1787328902.281627518] [global_reloc]: Tracking healthy: map-consistency=0.99
[fastlio_mapping-3] [INFO] [1787328902.380419568] [laser_mapping]: Loc OK: pos[0.65 -0.07 0.04] eff=573/680
[fastlio_mapping-3] [INFO] [1787328905.424466067] [laser_mapping]: Loc OK: pos[0.65 -0.07 0.04] eff=746/847
[global_reloc_node-2] [INFO] [1787328908.280830999] [global_reloc]: Tracking healthy: map-consistency=0.99
[fastlio_mapping-3] [INFO] [1787328908.430685124] [laser_mapping]: Loc OK: pos[0.65 -0.07 0.04] eff=515/612
[fastlio_mapping-3] [INFO] [1787328911.470680775] [laser_mapping]: Loc OK: pos[0.65 -0.07 0.04] eff=652/750
[global_reloc_node-2] [INFO] [1787328914.281024590] [global_reloc]: Tracking healthy: map-consistency=1.00
[fastlio_mapping-3] [INFO] [1787328914.521653254] [laser_mapping]: Loc OK: pos[0.65 -0.07 0.04] eff=670/763
[fastlio_mapping-3] [INFO] [1787328917.529779073] [laser_mapping]: Loc OK: pos[0.65 -0.07 0.04] eff=573/660
[global_reloc_node-2] [INFO] [1787328920.281119618] [global_reloc]: Tracking healthy: map-consistency=1.00
[fastlio_mapping-3] [INFO] [1787328920.586031753] [laser_mapping]: Loc OK: pos[0.65 -0.07 0.04] eff=737/846
[fastlio_mapping-3] [INFO] [1787328923.610872128] [laser_mapping]: Loc OK: pos[0.65 -0.07 0.04] eff=649/711
[global_reloc_node-2] [INFO] [1787328926.281503364] [global_reloc]: Tracking healthy: map-consistency=0.99
[fastlio_mapping-3] [INFO] [1787328926.616232970] [laser_mapping]: Loc OK: pos[0.65 -0.07 0.04] eff=648/737
[fastlio_mapping-3] [INFO] [1787328929.627850647] [laser_mapping]: Loc OK: pos[0.65 -0.07 0.04] eff=660/751
[global_reloc_node-2] [INFO] [1787328932.282255707] [global_reloc]: Tracking healthy: map-consistency=0.99
[fastlio_mapping-3] [INFO] [1787328932.664364669] [laser_mapping]: Loc OK: pos[0.65 -0.07 0.04] eff=547/637
[fastlio_mapping-3] [INFO] [1787328935.669869931] [laser_mapping]: Loc OK: pos[0.65 -0.07 0.03] eff=724/854
[global_reloc_node-2] [INFO] [1787328938.281065157] [global_reloc]: Tracking healthy: map-consistency=1.00
[fastlio_mapping-3] [INFO] [1787328938.710778100] [laser_mapping]: Loc OK: pos[0.65 -0.07 0.04] eff=548/642
[fastlio_mapping-3] [INFO] [1787328941.755099509] [laser_mapping]: Loc OK: pos[0.65 -0.07 0.04] eff=660/755
[global_reloc_node-2] [INFO] [1787328944.281454705] [global_reloc]: Tracking healthy: map-consistency=1.00
[fastlio_mapping-3] [INFO] [1787328944.789116512] [laser_mapping]: Loc OK: pos[0.65 -0.07 0.03] eff=645/725
[fastlio_mapping-3] [INFO] [1787328947.814218338] [laser_mapping]: Loc OK: pos[0.64 -0.07 0.03] eff=561/667
[global_reloc_node-2] [INFO] [1787328950.281621616] [global_reloc]: Tracking healthy: map-consistency=0.99
[fastlio_mapping-3] [INFO] [1787328950.826177010] [laser_mapping]: Loc OK: pos[0.65 -0.07 0.04] eff=701/832
[fastlio_mapping-3] [INFO] [1787328953.863915018] [laser_mapping]: Loc OK: pos[0.65 -0.07 0.04] eff=567/676
[global_reloc_node-2] [INFO] [1787328956.281727822] [global_reloc]: Tracking healthy: map-consistency=1.00
[fastlio_mapping-3] [INFO] [1787328956.866136612] [laser_mapping]: Loc OK: pos[0.65 -0.07 0.04] eff=664/759
[fastlio_mapping-3] [INFO] [1787328959.920797703] [laser_mapping]: Loc OK: pos[0.65 -0.07 0.04] eff=650/759
[global_reloc_node-2] [INFO] [1787328962.282840006] [global_reloc]: Tracking healthy: map-consistency=1.00
[fastlio_mapping-3] [INFO] [1787328962.925651214] [laser_mapping]: Loc OK: pos[0.64 -0.07 0.04] eff=598/668
[fastlio_mapping-3] [INFO] [1787328965.933760106] [laser_mapping]: Loc OK: pos[0.65 -0.07 0.03] eff=739/836
[global_reloc_node-2] [INFO] [1787328968.282193522] [global_reloc]: Tracking healthy: map-consistency=1.00
[fastlio_mapping-3] [INFO] [1787328968.970546862] [laser_mapping]: Loc OK: pos[0.65 -0.07 0.04] eff=631/703
[fastlio_mapping-3] [INFO] [1787328972.016410034] [laser_mapping]: Loc OK: pos[0.65 -0.07 0.04] eff=666/754
[global_reloc_node-2] [INFO] [1787328974.281559195] [global_reloc]: Tracking healthy: map-consistency=1.00
[fastlio_mapping-3] [INFO] [1787328975.084962284] [laser_mapping]: Loc OK: pos[0.65 -0.07 0.03] eff=699/807
[fastlio_mapping-3] [INFO] [1787328978.111310257] [laser_mapping]: Loc OK: pos[0.65 -0.07 0.04] eff=516/613
[global_reloc_node-2] [INFO] [1787328980.281957507] [global_reloc]: Tracking healthy: map-consistency=1.00
[fastlio_mapping-3] [INFO] [1787328981.118070853] [laser_mapping]: Loc OK: pos[0.65 -0.07 0.04] eff=720/830
[fastlio_mapping-3] [INFO] [1787328984.165452729] [laser_mapping]: Loc OK: pos[0.65 -0.07 0.04] eff=584/696
[global_reloc_node-2] [INFO] [1787328986.282567525] [global_reloc]: Tracking healthy: map-consistency=1.00
[fastlio_mapping-3] [INFO] [1787328987.230267910] [laser_mapping]: Loc OK: pos[0.65 -0.07 0.04] eff=578/685
[fastlio_mapping-3] [INFO] [1787328990.274263998] [laser_mapping]: Loc OK: pos[0.65 -0.07 0.04] eff=703/810
[global_reloc_node-2] [INFO] [1787328992.282630479] [global_reloc]: Tracking healthy: map-consistency=1.00
[fastlio_mapping-3] [INFO] [1787328993.309314085] [laser_mapping]: Loc OK: pos[0.65 -0.07 0.04] eff=611/660
[fastlio_mapping-3] [INFO] [1787328996.314849088] [laser_mapping]: Loc OK: pos[0.65 -0.07 0.04] eff=700/780
[global_reloc_node-2] [INFO] [1787328998.282966852] [global_reloc]: Tracking healthy: map-consistency=1.00
[fastlio_mapping-3] [INFO] [1787328999.322892757] [laser_mapping]: Loc OK: pos[0.65 -0.07 0.04] eff=629/717
[fastlio_mapping-3] [INFO] [1787329002.363722158] [laser_mapping]: Loc OK: pos[0.65 -0.07 0.04] eff=591/672
[global_reloc_node-2] [INFO] [1787329004.282132468] [global_reloc]: Tracking healthy: map-consistency=1.00
[fastlio_mapping-3] [INFO] [1787329005.378055501] [laser_mapping]: Loc OK: pos[0.65 -0.07 0.04] eff=717/833
[fastlio_mapping-3] [INFO] [1787329008.426596019] [laser_mapping]: Loc OK: pos[0.65 -0.07 0.04] eff=540/646
[global_reloc_node-2] [INFO] [1787329010.282001123] [global_reloc]: Tracking healthy: map-consistency=1.00
[fastlio_mapping-3] [INFO] [1787329011.426766006] [laser_mapping]: Loc OK: pos[0.65 -0.07 0.04] eff=728/815
[fastlio_mapping-3] [INFO] [1787329014.465161673] [laser_mapping]: Loc OK: pos[0.65 -0.07 0.04] eff=612/714
[global_reloc_node-2] [INFO] [1787329016.282045175] [global_reloc]: Tracking healthy: map-consistency=1.00
[fastlio_mapping-3] [INFO] [1787329017.489149213] [laser_mapping]: Loc OK: pos[0.64 -0.07 0.04] eff=629/725
[fastlio_mapping-3] [INFO] [1787329020.521670488] [laser_mapping]: Loc OK: pos[0.65 -0.07 0.03] eff=735/846
[global_reloc_node-2] [INFO] [1787329022.281772657] [global_reloc]: Tracking healthy: map-consistency=1.00
[fastlio_mapping-3] [INFO] [1787329023.567697735] [laser_mapping]: Loc OK: pos[0.65 -0.07 0.04] eff=539/640
[fastlio_mapping-3] [INFO] [1787329026.572337784] [laser_mapping]: Loc OK: pos[0.65 -0.07 0.04] eff=694/796
[global_reloc_node-2] [INFO] [1787329028.281684947] [global_reloc]: Tracking healthy: map-consistency=1.00
[fastlio_mapping-3] [INFO] [1787329029.575496507] [laser_mapping]: Loc OK: pos[0.65 -0.07 0.04] eff=650/727
[fastlio_mapping-3] [INFO] [1787329032.612928165] [laser_mapping]: Loc OK: pos[0.64 -0.07 0.04] eff=652/728
[global_reloc_node-2] [INFO] [1787329034.282461827] [global_reloc]: Tracking healthy: map-consistency=1.00
[fastlio_mapping-3] [INFO] [1787329035.622322083] [laser_mapping]: Loc OK: pos[0.65 -0.07 0.04] eff=710/828
[fastlio_mapping-3] [INFO] [1787329038.664023573] [laser_mapping]: Loc OK: pos[0.65 -0.07 0.04] eff=594/658
[global_reloc_node-2] [INFO] [1787329040.282146405] [global_reloc]: Tracking healthy: map-consistency=1.00
[fastlio_mapping-3] [INFO] [1787329041.666250756] [laser_mapping]: Loc OK: pos[0.65 -0.07 0.03] eff=690/783
[fastlio_mapping-3] [INFO] [1787329044.690705069] [laser_mapping]: Loc OK: pos[0.65 -0.07 0.04] eff=595/698
[global_reloc_node-2] [INFO] [1787329046.282215003] [global_reloc]: Tracking healthy: map-consistency=1.00
[fastlio_mapping-3] [INFO] [1787329047.715934812] [laser_mapping]: Loc OK: pos[0.65 -0.07 0.03] eff=562/671
[fastlio_mapping-3] [INFO] [1787329050.767673159] [laser_mapping]: Loc OK: pos[0.65 -0.07 0.04] eff=721/813
[global_reloc_node-2] [INFO] [1787329052.282046829] [global_reloc]: Tracking healthy: map-consistency=1.00
[fastlio_mapping-3] [INFO] [1787329053.810518141] [laser_mapping]: Loc OK: pos[1.38 -0.27 0.04] eff=544/632
[fastlio_mapping-3] [INFO] [1787329056.815908393] [laser_mapping]: Loc OK: pos[1.38 0.07 0.05] eff=787/894
[global_reloc_node-2] [INFO] [1787329058.282368315] [global_reloc]: Tracking healthy: map-consistency=1.00
[fastlio_mapping-3] [INFO] [1787329059.859001816] [laser_mapping]: Loc OK: pos[1.24 0.69 0.03] eff=722/802
[fastlio_mapping-3] [INFO] [1787329062.873803122] [laser_mapping]: Loc OK: pos[1.62 0.63 0.03] eff=623/702
[global_reloc_node-2] [INFO] [1787329064.283151256] [global_reloc]: Tracking healthy: map-consistency=1.00
[fastlio_mapping-3] [INFO] [1787329065.880184499] [laser_mapping]: Loc OK: pos[1.62 0.64 0.03] eff=779/893
[fastlio_mapping-3] [INFO] [1787329068.925406762] [laser_mapping]: Loc OK: pos[1.62 0.64 0.04] eff=613/711
[global_reloc_node-2] [INFO] [1787329070.283572651] [global_reloc]: Tracking healthy: map-consistency=1.00
[fastlio_mapping-3] [INFO] [1787329071.949702619] [laser_mapping]: Loc OK: pos[1.62 0.64 0.04] eff=732/837
[fastlio_mapping-3] [INFO] [1787329074.958857157] [laser_mapping]: Loc OK: pos[1.62 0.64 0.03] eff=664/770
[global_reloc_node-2] [INFO] [1787329076.282395345] [global_reloc]: Tracking healthy: map-consistency=1.00
[fastlio_mapping-3] [INFO] [1787329077.979452059] [laser_mapping]: Loc OK: pos[1.62 0.64 0.03] eff=636/720
[fastlio_mapping-3] [INFO] [1787329081.015832946] [laser_mapping]: Loc OK: pos[1.62 0.64 0.03] eff=780/894
[global_reloc_node-2] [INFO] [1787329082.283847353] [global_reloc]: Tracking healthy: map-consistency=1.00
[fastlio_mapping-3] [INFO] [1787329084.022257422] [laser_mapping]: Loc OK: pos[1.65 0.13 0.03] eff=627/703
[fastlio_mapping-3] [INFO] [1787329087.082430543] [laser_mapping]: Loc OK: pos[0.53 -0.21 0.05] eff=698/782
[global_reloc_node-2] [INFO] [1787329088.282210659] [global_reloc]: Tracking healthy: map-consistency=1.00
[fastlio_mapping-3] [INFO] [1787329090.129342528] [laser_mapping]: Loc OK: pos[0.53 -0.21 0.05] eff=680/784
[fastlio_mapping-3] [INFO] [1787329093.160427480] [laser_mapping]: Loc OK: pos[0.53 -0.21 0.05] eff=555/660
[global_reloc_node-2] [INFO] [1787329094.282271926] [global_reloc]: Tracking healthy: map-consistency=1.00
[fastlio_mapping-3] [INFO] [1787329096.165306799] [laser_mapping]: Loc OK: pos[0.53 -0.21 0.05] eff=745/862
[fastlio_mapping-3] [INFO] [1787329099.230541518] [laser_mapping]: Loc OK: pos[0.52 -0.21 0.05] eff=576/671
[global_reloc_node-2] [INFO] [1787329100.282967326] [global_reloc]: Tracking healthy: map-consistency=1.00
[fastlio_mapping-3] [INFO] [1787329102.265123805] [laser_mapping]: Loc OK: pos[0.53 -0.21 0.05] eff=592/690
[fastlio_mapping-3] [INFO] [1787329105.269712064] [laser_mapping]: Loc OK: pos[0.53 -0.21 0.05] eff=688/797
[global_reloc_node-2] [INFO] [1787329106.282501538] [global_reloc]: Tracking healthy: map-consistency=1.00
[fastlio_mapping-3] [INFO] [1787329108.314763261] [laser_mapping]: Loc OK: pos[0.52 -0.21 0.05] eff=564/648
[fastlio_mapping-3] [INFO] [1787329111.317023004] [laser_mapping]: Loc OK: pos[1.24 -0.33 0.03] eff=803/927
[global_reloc_node-2] [INFO] [1787329112.282483538] [global_reloc]: Tracking healthy: map-consistency=1.00
[fastlio_mapping-3] [INFO] [1787329114.324564294] [laser_mapping]: Loc OK: pos[1.28 -0.07 0.04] eff=631/736
[fastlio_mapping-3] [INFO] [1787329117.368638237] [laser_mapping]: Loc OK: pos[1.00 0.64 0.04] eff=730/818
[global_reloc_node-2] [INFO] [1787329118.282137750] [global_reloc]: Tracking healthy: map-consistency=1.00
[fastlio_mapping-3] [INFO] [1787329120.371976833] [laser_mapping]: Loc OK: pos[1.43 0.55 0.03] eff=698/792
[fastlio_mapping-3] [INFO] [1787329123.410535983] [laser_mapping]: Loc OK: pos[1.21 0.60 0.02] eff=598/653
[global_reloc_node-2] [INFO] [1787329124.282212343] [global_reloc]: Tracking healthy: map-consistency=1.00
[fastlio_mapping-3] [INFO] [1787329126.417886836] [laser_mapping]: Loc OK: pos[0.64 0.92 0.04] eff=787/912
[fastlio_mapping-3] [INFO] [1787329129.424687504] [laser_mapping]: Loc OK: pos[0.65 1.98 0.04] eff=638/739
[global_reloc_node-2] [INFO] [1787329130.282686811] [global_reloc]: Tracking healthy: map-consistency=1.00
[fastlio_mapping-3] [INFO] [1787329132.458284020] [laser_mapping]: Loc OK: pos[-0.18 0.85 0.03] eff=641/742
[fastlio_mapping-3] [INFO] [1787329135.465264324] [laser_mapping]: Loc OK: pos[-0.20 0.82 0.02] eff=728/826
[global_reloc_node-2] [INFO] [1787329136.282610565] [global_reloc]: Tracking healthy: map-consistency=1.00
[fastlio_mapping-3] [INFO] [1787329138.524700007] [laser_mapping]: Loc OK: pos[-0.40 0.87 0.02] eff=576/683
[fastlio_mapping-3] [INFO] [1787329141.560813253] [laser_mapping]: Loc OK: pos[-0.71 0.88 0.01] eff=762/882
[global_reloc_node-2] [INFO] [1787329142.282445434] [global_reloc]: Tracking healthy: map-consistency=1.00
[fastlio_mapping-3] [INFO] [1787329144.580153850] [laser_mapping]: Loc OK: pos[-1.43 1.58 0.01] eff=682/750
[fastlio_mapping-3] [INFO] [1787329147.628188961] [laser_mapping]: Loc OK: pos[-1.07 1.64 0.02] eff=627/727
[global_reloc_node-2] [INFO] [1787329148.282146142] [global_reloc]: Tracking healthy: map-consistency=1.00
[fastlio_mapping-3] [INFO] [1787329150.665153014] [laser_mapping]: Loc OK: pos[-1.08 1.67 0.02] eff=719/808
[fastlio_mapping-3] [INFO] [1787329153.675689564] [laser_mapping]: Loc OK: pos[-1.46 2.07 0.02] eff=532/637
[global_reloc_node-2] [INFO] [1787329154.282519606] [global_reloc]: Tracking healthy: map-consistency=1.00
[fastlio_mapping-3] [INFO] [1787329156.721939665] [laser_mapping]: Loc OK: pos[-1.45 2.06 0.01] eff=721/825
[fastlio_mapping-3] [INFO] [1787329159.754963438] [laser_mapping]: Loc OK: pos[-1.67 2.56 -0.01] eff=520/577
[global_reloc_node-2] [INFO] [1787329160.282869315] [global_reloc]: Tracking healthy: map-consistency=1.00
[fastlio_mapping-3] [INFO] [1787329162.771498628] [laser_mapping]: Loc OK: pos[-1.98 2.89 -0.02] eff=635/740
[fastlio_mapping-3] [INFO] [1787329165.821600161] [laser_mapping]: Loc OK: pos[-2.35 2.89 -0.03] eff=619/691
[global_reloc_node-2] [INFO] [1787329166.282481988] [global_reloc]: Tracking healthy: map-consistency=1.00
[fastlio_mapping-3] [INFO] [1787329168.854571959] [laser_mapping]: Loc OK: pos[-2.70 3.22 -0.02] eff=411/458
[fastlio_mapping-3] [INFO] [1787329171.871533161] [laser_mapping]: Loc OK: pos[-2.47 2.87 -0.03] eff=659/754
[global_reloc_node-2] [INFO] [1787329172.282384829] [global_reloc]: Tracking healthy: map-consistency=1.00
[fastlio_mapping-3] [INFO] [1787329174.918486964] [laser_mapping]: Loc OK: pos[-2.69 2.93 -0.02] eff=526/583
[fastlio_mapping-3] [INFO] [1787329177.956906715] [laser_mapping]: Loc OK: pos[-3.17 2.88 -0.03] eff=481/528
[global_reloc_node-2] [INFO] [1787329178.282046639] [global_reloc]: Tracking healthy: map-consistency=1.00
[fastlio_mapping-3] [INFO] [1787329180.963304925] [laser_mapping]: Loc OK: pos[-3.69 3.18 -0.04] eff=678/764
[fastlio_mapping-3] [INFO] [1787329183.965139851] [laser_mapping]: Loc OK: pos[-3.97 2.98 -0.03] eff=576/662
[global_reloc_node-2] [INFO] [1787329184.283106658] [global_reloc]: Tracking healthy: map-consistency=0.99
[fastlio_mapping-3] [INFO] [1787329187.018341418] [laser_mapping]: Loc OK: pos[-4.12 2.90 -0.02] eff=638/714
[fastlio_mapping-3] [INFO] [1787329190.018793104] [laser_mapping]: Loc OK: pos[-4.23 3.06 -0.02] eff=618/701
[global_reloc_node-2] [INFO] [1787329190.282497545] [global_reloc]: Tracking healthy: map-consistency=1.00
[fastlio_mapping-3] [INFO] [1787329193.068454495] [laser_mapping]: Loc OK: pos[-4.20 2.79 -0.02] eff=517/598
[fastlio_mapping-3] [INFO] [1787329196.079382895] [laser_mapping]: Loc OK: pos[-3.97 2.76 -0.04] eff=662/753
[global_reloc_node-2] [INFO] [1787329196.283582035] [global_reloc]: Tracking healthy: map-consistency=1.00
[fastlio_mapping-3] [INFO] [1787329199.115343780] [laser_mapping]: Loc OK: pos[-3.93 2.53 -0.05] eff=562/632
[fastlio_mapping-3] [INFO] [1787329202.162963880] [laser_mapping]: Loc OK: pos[-3.93 2.35 -0.05] eff=510/593
[global_reloc_node-2] [INFO] [1787329202.282281553] [global_reloc]: Tracking healthy: map-consistency=1.00
[fastlio_mapping-3] [INFO] [1787329205.166938073] [laser_mapping]: Loc OK: pos[-4.22 2.68 -0.04] eff=506/584
[fastlio_mapping-3] [INFO] [1787329208.212280627] [laser_mapping]: Loc OK: pos[-4.58 2.74 -0.03] eff=441/505
[global_reloc_node-2] [INFO] [1787329208.282996724] [global_reloc]: Tracking healthy: map-consistency=0.99
[fastlio_mapping-3] [INFO] [1787329211.217758696] [laser_mapping]: Loc OK: pos[-5.06 2.97 -0.04] eff=520/609
[fastlio_mapping-3] [INFO] [1787329214.221461558] [laser_mapping]: Loc OK: pos[-4.03 2.46 -0.00] eff=565/644
[global_reloc_node-2] [INFO] [1787329214.283126899] [global_reloc]: Tracking healthy: map-consistency=0.99
[fastlio_mapping-3] [INFO] [1787329217.275770995] [laser_mapping]: Loc OK: pos[-0.85 0.29 0.04] eff=745/860
[global_reloc_node-2] [INFO] [1787329220.283010255] [global_reloc]: Tracking healthy: map-consistency=1.00
[fastlio_mapping-3] [INFO] [1787329220.328477673] [laser_mapping]: Loc OK: pos[2.64 -0.96 0.05] eff=632/722
[fastlio_mapping-3] [INFO] [1787329223.368917261] [laser_mapping]: Loc OK: pos[4.63 -0.74 0.05] eff=572/651
[global_reloc_node-2] [INFO] [1787329226.282855178] [global_reloc]: Tracking healthy: map-consistency=1.00
[fastlio_mapping-3] [INFO] [1787329226.368916906] [laser_mapping]: Loc OK: pos[4.63 -0.74 0.06] eff=711/810
[fastlio_mapping-3] [INFO] [1787329229.414432162] [laser_mapping]: Loc OK: pos[4.63 -0.74 0.05] eff=595/690
[global_reloc_node-2] [INFO] [1787329232.282860292] [global_reloc]: Tracking healthy: map-consistency=1.00
[fastlio_mapping-3] [INFO] [1787329232.414749440] [laser_mapping]: Loc OK: pos[4.63 -0.74 0.06] eff=685/783
[fastlio_mapping-3] [INFO] [1787329235.462094014] [laser_mapping]: Loc OK: pos[4.63 -0.74 0.06] eff=656/750
[global_reloc_node-2] [INFO] [1787329238.282845213] [global_reloc]: Tracking healthy: map-consistency=1.00
[fastlio_mapping-3] [INFO] [1787329238.516484250] [laser_mapping]: Loc OK: pos[4.63 -0.74 0.06] eff=619/697
[fastlio_mapping-3] [INFO] [1787329241.529313194] [laser_mapping]: Loc OK: pos[4.63 -0.74 0.06] eff=744/836
[global_reloc_node-2] [INFO] [1787329244.282358995] [global_reloc]: Tracking healthy: map-consistency=1.00
[fastlio_mapping-3] [INFO] [1787329244.565424250] [laser_mapping]: Loc OK: pos[4.63 -0.74 0.06] eff=580/668
[fastlio_mapping-3] [INFO] [1787329247.566600507] [laser_mapping]: Loc OK: pos[5.40 -0.89 0.07] eff=689/772
[global_reloc_node-2] [INFO] [1787329250.283397935] [global_reloc]: Tracking healthy: map-consistency=1.00
[fastlio_mapping-3] [INFO] [1787329250.614597883] [laser_mapping]: Loc OK: pos[5.27 -0.42 0.07] eff=687/767
[fastlio_mapping-3] [INFO] [1787329253.665116838] [laser_mapping]: Loc OK: pos[5.08 0.09 0.05] eff=625/721
[global_reloc_node-2] [INFO] [1787329256.282940932] [global_reloc]: Tracking healthy: map-consistency=1.00
[fastlio_mapping-3] [INFO] [1787329256.710464539] [laser_mapping]: Loc OK: pos[5.48 0.11 0.05] eff=770/865
[fastlio_mapping-3] [INFO] [1787329259.712319710] [laser_mapping]: Loc OK: pos[5.11 0.09 0.05] eff=544/636
[global_reloc_node-2] [INFO] [1787329262.284219392] [global_reloc]: Tracking healthy: map-consistency=1.00
[fastlio_mapping-3] [INFO] [1787329262.718462930] [laser_mapping]: Loc OK: pos[4.47 0.62 0.05] eff=664/741
[fastlio_mapping-3] [INFO] [1787329265.769600511] [laser_mapping]: Loc OK: pos[4.39 1.18 0.05] eff=763/861
[global_reloc_node-2] [INFO] [1787329268.284028918] [global_reloc]: Tracking healthy: map-consistency=1.00
[fastlio_mapping-3] [INFO] [1787329268.812746698] [laser_mapping]: Loc OK: pos[3.71 0.14 0.05] eff=549/643
[fastlio_mapping-3] [INFO] [1787329271.816458132] [laser_mapping]: Loc OK: pos[3.78 0.16 0.03] eff=800/905
[global_reloc_node-2] [INFO] [1787329274.282799270] [global_reloc]: Tracking healthy: map-consistency=1.00
[fastlio_mapping-3] [INFO] [1787329274.822489640] [laser_mapping]: Loc OK: pos[3.53 0.18 0.04] eff=623/679
[fastlio_mapping-3] [INFO] [1787329277.871248843] [laser_mapping]: Loc OK: pos[3.33 0.34 0.05] eff=671/775
[global_reloc_node-2] [INFO] [1787329280.282965597] [global_reloc]: Tracking healthy: map-consistency=1.00
[fastlio_mapping-3] [INFO] [1787329280.872555339] [laser_mapping]: Loc OK: pos[2.45 0.69 0.05] eff=770/871
[fastlio_mapping-3] [INFO] [1787329283.916636186] [laser_mapping]: Loc OK: pos[3.06 0.84 0.04] eff=602/683
[global_reloc_node-2] [INFO] [1787329286.285428252] [global_reloc]: Tracking healthy: map-consistency=1.00
[fastlio_mapping-3] [INFO] [1787329286.922241900] [laser_mapping]: Loc OK: pos[3.19 0.75 0.05] eff=839/945
[fastlio_mapping-3] [INFO] [1787329289.961960841] [laser_mapping]: Loc OK: pos[3.19 0.75 0.05] eff=630/705
[global_reloc_node-2] [INFO] [1787329292.283242953] [global_reloc]: Tracking healthy: map-consistency=1.00
[fastlio_mapping-3] [INFO] [1787329292.972186029] [laser_mapping]: Loc OK: pos[3.19 0.75 0.05] eff=683/772
[fastlio_mapping-3] [INFO] [1787329295.981260141] [laser_mapping]: Loc OK: pos[3.19 0.75 0.05] eff=723/812
[global_reloc_node-2] [INFO] [1787329298.283170846] [global_reloc]: Tracking healthy: map-consistency=1.00
[fastlio_mapping-3] [INFO] [1787329299.016698841] [laser_mapping]: Loc OK: pos[3.12 -0.16 0.06] eff=650/729
[fastlio_mapping-3] [INFO] [1787329302.086945427] [laser_mapping]: Loc OK: pos[5.32 -1.21 0.07] eff=672/778
[global_reloc_node-2] [INFO] [1787329304.282610672] [global_reloc]: Tracking healthy: map-consistency=1.00
[fastlio_mapping-3] [INFO] [1787329305.111499570] [laser_mapping]: Loc OK: pos[5.28 -1.21 0.07] eff=532/601
[fastlio_mapping-3] [INFO] [1787329308.114960251] [laser_mapping]: Loc OK: pos[5.28 -1.21 0.07] eff=649/742
[global_reloc_node-2] [INFO] [1787329310.282662757] [global_reloc]: Tracking healthy: map-consistency=1.00
[fastlio_mapping-3] [INFO] [1787329311.115304310] [laser_mapping]: Loc OK: pos[5.28 -1.21 0.07] eff=640/724
[fastlio_mapping-3] [INFO] [1787329314.166187073] [laser_mapping]: Loc OK: pos[5.28 -1.21 0.06] eff=588/683
[global_reloc_node-2] [INFO] [1787329316.283170556] [global_reloc]: Tracking healthy: map-consistency=1.00
[fastlio_mapping-3] [INFO] [1787329317.167953507] [laser_mapping]: Loc OK: pos[5.28 -1.21 0.06] eff=689/801
[fastlio_mapping-3] [INFO] [1787329320.172795569] [laser_mapping]: Loc OK: pos[5.28 -1.21 0.07] eff=527/586
[global_reloc_node-2] [INFO] [1787329322.283346674] [global_reloc]: Tracking healthy: map-consistency=1.00
[fastlio_mapping-3] [INFO] [1787329323.211374089] [laser_mapping]: Loc OK: pos[5.28 -1.21 0.07] eff=581/659
[fastlio_mapping-3] [INFO] [1787329326.225944319] [laser_mapping]: Loc OK: pos[6.00 -1.37 0.07] eff=639/724
[global_reloc_node-2] [INFO] [1787329328.283818025] [global_reloc]: Tracking healthy: map-consistency=1.00
[fastlio_mapping-3] [INFO] [1787329329.263793013] [laser_mapping]: Loc OK: pos[6.02 -1.05 0.07] eff=484/563
[fastlio_mapping-3] [INFO] [1787329332.264540946] [laser_mapping]: Loc OK: pos[5.80 -0.40 0.05] eff=745/833
[global_reloc_node-2] [INFO] [1787329334.283859261] [global_reloc]: Tracking healthy: map-consistency=1.00
[fastlio_mapping-3] [INFO] [1787329335.266007314] [laser_mapping]: Loc OK: pos[6.20 -0.43 0.05] eff=629/740
[fastlio_mapping-3] [INFO] [1787329338.316670076] [laser_mapping]: Loc OK: pos[5.97 -0.40 0.05] eff=629/721
[global_reloc_node-2] [INFO] [1787329340.283224207] [global_reloc]: Tracking healthy: map-consistency=1.00
[fastlio_mapping-3] [INFO] [1787329341.362963380] [laser_mapping]: Loc OK: pos[5.42 0.06 0.06] eff=675/771
[fastlio_mapping-3] [INFO] [1787329344.376003300] [laser_mapping]: Loc OK: pos[5.43 0.87 0.05] eff=621/706
[global_reloc_node-2] [INFO] [1787329346.283246948] [global_reloc]: Tracking healthy: map-consistency=1.00
[fastlio_mapping-3] [INFO] [1787329347.413799065] [laser_mapping]: Loc OK: pos[4.57 -0.17 0.05] eff=684/778
[fastlio_mapping-3] [INFO] [1787329350.423234234] [laser_mapping]: Loc OK: pos[4.65 -0.16 0.04] eff=647/738
[global_reloc_node-2] [INFO] [1787329352.284604894] [global_reloc]: Tracking healthy: map-consistency=1.00
[fastlio_mapping-3] [INFO] [1787329353.463068247] [laser_mapping]: Loc OK: pos[4.39 -0.10 0.04] eff=686/791
[fastlio_mapping-3] [INFO] [1787329356.467835397] [laser_mapping]: Loc OK: pos[4.13 -0.00 0.04] eff=738/832
[global_reloc_node-2] [INFO] [1787329358.283290349] [global_reloc]: Tracking healthy: map-consistency=1.00
[fastlio_mapping-3] [INFO] [1787329359.518909936] [laser_mapping]: Loc OK: pos[3.28 0.53 0.05] eff=625/690
[fastlio_mapping-3] [INFO] [1787329362.560027475] [laser_mapping]: Loc OK: pos[3.87 0.61 0.05] eff=707/803
[global_reloc_node-2] [INFO] [1787329364.282958465] [global_reloc]: Tracking healthy: map-consistency=1.00
[fastlio_mapping-3] [INFO] [1787329365.570799353] [laser_mapping]: Loc OK: pos[3.69 0.73 0.05] eff=676/741
[fastlio_mapping-3] [INFO] [1787329368.622226534] [laser_mapping]: Loc OK: pos[3.42 1.06 0.05] eff=671/761
[global_reloc_node-2] [INFO] [1787329370.283934297] [global_reloc]: Tracking healthy: map-consistency=1.00
[fastlio_mapping-3] [INFO] [1787329371.671763211] [laser_mapping]: Loc OK: pos[3.44 1.07 0.05] eff=773/870
[fastlio_mapping-3] [INFO] [1787329374.716491932] [laser_mapping]: Loc OK: pos[3.15 1.60 0.05] eff=528/580
[global_reloc_node-2] [INFO] [1787329376.283908558] [global_reloc]: Tracking healthy: map-consistency=1.00
[fastlio_mapping-3] [INFO] [1787329377.729316651] [laser_mapping]: Loc OK: pos[2.87 1.87 0.03] eff=746/829
[fastlio_mapping-3] [INFO] [1787329380.774309790] [laser_mapping]: Loc OK: pos[2.54 1.85 0.03] eff=659/737
[global_reloc_node-2] [INFO] [1787329382.283671073] [global_reloc]: Tracking healthy: map-consistency=1.00
[fastlio_mapping-3] [INFO] [1787329383.814463228] [laser_mapping]: Loc OK: pos[2.34 2.17 0.03] eff=621/682
[fastlio_mapping-3] [INFO] [1787329386.819859501] [laser_mapping]: Loc OK: pos[2.58 1.75 0.03] eff=735/818
[global_reloc_node-2] [INFO] [1787329388.283400501] [global_reloc]: Tracking healthy: map-consistency=1.00
[fastlio_mapping-3] [INFO] [1787329389.865223777] [laser_mapping]: Loc OK: pos[2.29 1.84 0.04] eff=561/632
[fastlio_mapping-3] [INFO] [1787329392.915198183] [laser_mapping]: Loc OK: pos[1.77 1.84 0.03] eff=714/817
[global_reloc_node-2] [INFO] [1787329394.283253960] [global_reloc]: Tracking healthy: map-consistency=1.00
[fastlio_mapping-3] [INFO] [1787329395.917871469] [laser_mapping]: Loc OK: pos[1.34 2.14 0.04] eff=680/769
[fastlio_mapping-3] [INFO] [1787329398.971574787] [laser_mapping]: Loc OK: pos[1.08 1.80 0.03] eff=619/699
[global_reloc_node-2] [INFO] [1787329400.283485246] [global_reloc]: Tracking healthy: map-consistency=1.00
[fastlio_mapping-3] [INFO] [1787329402.023760467] [laser_mapping]: Loc OK: pos[0.95 1.77 0.04] eff=744/826
[fastlio_mapping-3] [INFO] [1787329405.069572520] [laser_mapping]: Loc OK: pos[0.90 1.80 0.04] eff=588/671
[global_reloc_node-2] [INFO] [1787329406.283574227] [global_reloc]: Tracking healthy: map-consistency=1.00
[fastlio_mapping-3] [INFO] [1787329408.116809604] [laser_mapping]: Loc OK: pos[1.00 1.59 0.04] eff=724/833
[fastlio_mapping-3] [INFO] [1787329411.133540931] [laser_mapping]: Loc OK: pos[1.31 1.58 0.03] eff=681/774
[global_reloc_node-2] [INFO] [1787329412.285301166] [global_reloc]: Tracking healthy: map-consistency=1.00
[fastlio_mapping-3] [INFO] [1787329414.165330527] [laser_mapping]: Loc OK: pos[1.34 1.29 0.02] eff=651/719
[fastlio_mapping-3] [INFO] [1787329417.173612443] [laser_mapping]: Loc OK: pos[1.35 1.19 0.01] eff=807/897
[global_reloc_node-2] [INFO] [1787329418.283615964] [global_reloc]: Tracking healthy: map-consistency=1.00
[fastlio_mapping-3] [INFO] [1787329420.213652250] [laser_mapping]: Loc OK: pos[1.05 1.43 0.02] eff=476/569
[fastlio_mapping-3] [INFO] [1787329423.273582089] [laser_mapping]: Loc OK: pos[0.69 1.46 0.01] eff=615/714
[global_reloc_node-2] [INFO] [1787329424.283690673] [global_reloc]: Tracking healthy: map-consistency=0.99
[fastlio_mapping-3] [INFO] [1787329426.320819941] [laser_mapping]: Loc OK: pos[0.08 1.74 0.03] eff=726/823
[fastlio_mapping-3] [INFO] [1787329429.373893176] [laser_mapping]: Loc OK: pos[-0.02 2.13 0.02] eff=658/729
[global_reloc_node-2] [INFO] [1787329430.284284584] [global_reloc]: Tracking healthy: map-consistency=1.00
[fastlio_mapping-3] [INFO] [1787329432.423103772] [laser_mapping]: Loc OK: pos[0.41 2.35 0.02] eff=739/837
[fastlio_mapping-3] [INFO] [1787329435.461092210] [laser_mapping]: Loc OK: pos[0.38 2.33 0.03] eff=580/668
[global_reloc_node-2] [INFO] [1787329436.283558617] [global_reloc]: Tracking healthy: map-consistency=1.00
[fastlio_mapping-3] [INFO] [1787329438.466921220] [laser_mapping]: Loc OK: pos[0.51 2.14 0.02] eff=655/748
[fastlio_mapping-3] [INFO] [1787329441.469246280] [laser_mapping]: Loc OK: pos[0.37 2.31 0.02] eff=664/756
[global_reloc_node-2] [INFO] [1787329442.285832055] [global_reloc]: Tracking healthy: map-consistency=1.00
[fastlio_mapping-3] [INFO] [1787329444.508213121] [laser_mapping]: Loc OK: pos[-0.50 2.23 0.02] eff=529/567
[fastlio_mapping-3] [INFO] [1787329447.523102297] [laser_mapping]: Loc OK: pos[-0.72 2.02 0.02] eff=745/839
[global_reloc_node-2] [INFO] [1787329448.285612906] [global_reloc]: Tracking healthy: map-consistency=1.00
[fastlio_mapping-3] [INFO] [1787329450.561303663] [laser_mapping]: Loc OK: pos[-0.56 2.30 0.02] eff=569/622
[fastlio_mapping-3] [INFO] [1787329453.628457404] [laser_mapping]: Loc OK: pos[-0.67 2.46 0.01] eff=607/673
[global_reloc_node-2] [INFO] [1787329454.284022360] [global_reloc]: Tracking healthy: map-consistency=1.00
[fastlio_mapping-3] [INFO] [1787329456.663093732] [laser_mapping]: Loc OK: pos[-0.59 2.50 0.02] eff=701/803
[fastlio_mapping-3] [INFO] [1787329459.722613650] [laser_mapping]: Loc OK: pos[-1.42 3.40 0.02] eff=582/664
[global_reloc_node-2] [INFO] [1787329460.283124553] [global_reloc]: Tracking healthy: map-consistency=1.00
[fastlio_mapping-3] [INFO] [1787329462.762226639] [laser_mapping]: Loc OK: pos[-1.67 3.26 -0.03] eff=647/715
[fastlio_mapping-3] [INFO] [1787329465.773335030] [laser_mapping]: Loc OK: pos[-1.89 2.89 -0.03] eff=583/667
[global_reloc_node-2] [INFO] [1787329466.283530719] [global_reloc]: Tracking healthy: map-consistency=1.00
[fastlio_mapping-3] [INFO] [1787329468.816702274] [laser_mapping]: Loc OK: pos[-2.27 2.38 -0.01] eff=632/712
[fastlio_mapping-3] [INFO] [1787329471.828031851] [laser_mapping]: Loc OK: pos[-2.34 2.53 -0.02] eff=656/753
[global_reloc_node-2] [INFO] [1787329472.283747157] [global_reloc]: Tracking healthy: map-consistency=1.00
[fastlio_mapping-3] [INFO] [1787329474.867262534] [laser_mapping]: Loc OK: pos[-2.29 2.26 -0.02] eff=618/701
[fastlio_mapping-3] [INFO] [1787329477.917349901] [laser_mapping]: Loc OK: pos[-2.24 1.70 0.00] eff=810/915
[global_reloc_node-2] [INFO] [1787329478.285660817] [global_reloc]: Tracking healthy: map-consistency=1.00
[fastlio_mapping-3] [INFO] [1787329480.966326064] [laser_mapping]: Loc OK: pos[-2.82 1.12 -0.01] eff=530/608
[fastlio_mapping-3] [INFO] [1787329483.978438908] [laser_mapping]: Loc OK: pos[-3.06 1.73 -0.02] eff=670/769
[global_reloc_node-2] [INFO] [1787329484.283908926] [global_reloc]: Tracking healthy: map-consistency=1.00
[fastlio_mapping-3] [INFO] [1787329486.980475998] [laser_mapping]: Loc OK: pos[-2.59 1.18 -0.03] eff=758/851
[fastlio_mapping-3] [INFO] [1787329490.015398663] [laser_mapping]: Loc OK: pos[-2.37 0.85 -0.02] eff=609/715
[global_reloc_node-2] [INFO] [1787329490.283400881] [global_reloc]: Tracking healthy: map-consistency=1.00
[fastlio_mapping-3] [INFO] [1787329493.020075477] [laser_mapping]: Loc OK: pos[-2.38 0.79 -0.03] eff=724/809
[fastlio_mapping-3] [INFO] [1787329496.065709642] [laser_mapping]: Loc OK: pos[-2.58 0.55 -0.02] eff=690/789
[global_reloc_node-2] [INFO] [1787329496.283868903] [global_reloc]: Tracking healthy: map-consistency=1.00
[fastlio_mapping-3] [INFO] [1787329499.070331703] [laser_mapping]: Loc OK: pos[-3.03 0.75 -0.01] eff=602/672
[fastlio_mapping-3] [INFO] [1787329502.126635032] [laser_mapping]: Loc OK: pos[-3.32 0.75 -0.03] eff=748/842
[global_reloc_node-2] [INFO] [1787329502.283896443] [global_reloc]: Tracking healthy: map-consistency=1.00
[fastlio_mapping-3] [INFO] [1787329505.168011547] [laser_mapping]: Loc OK: pos[-3.31 0.25 -0.03] eff=586/664
[fastlio_mapping-3] [INFO] [1787329508.219097095] [laser_mapping]: Loc OK: pos[-3.85 -0.23 -0.02] eff=715/821
[global_reloc_node-2] [INFO] [1787329508.284252561] [global_reloc]: Tracking healthy: map-consistency=1.00
[fastlio_mapping-3] [INFO] [1787329511.262820660] [laser_mapping]: Loc OK: pos[-4.20 -0.18 -0.01] eff=541/616
[fastlio_mapping-3] [INFO] [1787329514.279764564] [laser_mapping]: Loc OK: pos[-4.32 -0.11 -0.01] eff=538/638
[global_reloc_node-2] [INFO] [1787329514.284060261] [global_reloc]: Tracking healthy: map-consistency=1.00
[fastlio_mapping-3] [INFO] [1787329517.313788569] [laser_mapping]: Loc OK: pos[-4.31 -0.13 -0.01] eff=698/794
[global_reloc_node-2] [INFO] [1787329520.283846745] [global_reloc]: Tracking healthy: map-consistency=1.00
[fastlio_mapping-3] [INFO] [1787329520.356082240] [laser_mapping]: Loc OK: pos[-4.31 -0.12 -0.01] eff=436/487
[fastlio_mapping-3] [INFO] [1787329523.365492993] [laser_mapping]: Loc OK: pos[-4.31 -0.13 -0.01] eff=598/711
[global_reloc_node-2] [INFO] [1787329526.284434384] [global_reloc]: Tracking healthy: map-consistency=1.00
[fastlio_mapping-3] [INFO] [1787329526.376526857] [laser_mapping]: Loc OK: pos[-4.31 -0.13 -0.01] eff=631/735
[fastlio_mapping-3] [INFO] [1787329529.412890040] [laser_mapping]: Loc OK: pos[-4.32 -0.13 -0.01] eff=534/621
[global_reloc_node-2] [INFO] [1787329532.285013862] [global_reloc]: Tracking healthy: map-consistency=1.00
[fastlio_mapping-3] [INFO] [1787329532.433936424] [laser_mapping]: Loc OK: pos[-4.31 -0.13 -0.01] eff=629/735
[fastlio_mapping-3] [INFO] [1787329535.464375199] [laser_mapping]: Loc OK: pos[-4.31 -0.13 -0.01] eff=574/671
[global_reloc_node-2] [INFO] [1787329538.283792950] [global_reloc]: Tracking healthy: map-consistency=1.00
[fastlio_mapping-3] [INFO] [1787329538.511952636] [laser_mapping]: Loc OK: pos[-4.31 -0.13 -0.01] eff=619/721
[fastlio_mapping-3] [INFO] [1787329541.528765499] [laser_mapping]: Loc OK: pos[-4.31 -0.13 -0.01] eff=609/709
[global_reloc_node-2] [INFO] [1787329544.285139696] [global_reloc]: Tracking healthy: map-consistency=1.00
[fastlio_mapping-3] [INFO] [1787329544.573247499] [laser_mapping]: Loc OK: pos[-4.20 0.06 -0.02] eff=546/636
[fastlio_mapping-3] [INFO] [1787329547.618602271] [laser_mapping]: Loc OK: pos[-2.66 0.02 -0.01] eff=725/815
[global_reloc_node-2] [INFO] [1787329550.285134468] [global_reloc]: Tracking healthy: map-consistency=1.00
[fastlio_mapping-3] [INFO] [1787329550.663604178] [laser_mapping]: Loc OK: pos[1.35 0.06 0.03] eff=577/665
[fastlio_mapping-3] [INFO] [1787329553.663904941] [laser_mapping]: Loc OK: pos[3.83 0.05 0.05] eff=653/756
[global_reloc_node-2] [INFO] [1787329556.285065592] [global_reloc]: Tracking healthy: map-consistency=1.00
[fastlio_mapping-3] [INFO] [1787329556.675581463] [laser_mapping]: Loc OK: pos[3.83 0.05 0.05] eff=655/749
[fastlio_mapping-3] [INFO] [1787329559.732721659] [laser_mapping]: Loc OK: pos[3.83 0.05 0.05] eff=605/695
[global_reloc_node-2] [INFO] [1787329562.284912300] [global_reloc]: Tracking healthy: map-consistency=1.00
[fastlio_mapping-3] [INFO] [1787329562.733394424] [laser_mapping]: Loc OK: pos[3.83 0.05 0.05] eff=761/870
[fastlio_mapping-3] [INFO] [1787329565.764242449] [laser_mapping]: Loc OK: pos[3.82 0.05 0.05] eff=603/703
[global_reloc_node-2] [INFO] [1787329568.284433951] [global_reloc]: Tracking healthy: map-consistency=1.00
[fastlio_mapping-3] [INFO] [1787329568.770539909] [laser_mapping]: Loc OK: pos[3.82 0.05 0.05] eff=661/732
[fastlio_mapping-3] [INFO] [1787329571.812706380] [laser_mapping]: Loc OK: pos[3.82 0.05 0.05] eff=653/746
[global_reloc_node-2] [INFO] [1787329574.284250130] [global_reloc]: Tracking healthy: map-consistency=1.00
[fastlio_mapping-3] [INFO] [1787329574.863929208] [laser_mapping]: Loc OK: pos[3.82 0.05 0.05] eff=596/701
[fastlio_mapping-3] [INFO] [1787329577.870141707] [laser_mapping]: Loc OK: pos[3.82 0.05 0.05] eff=770/858
[global_reloc_node-2] [INFO] [1787329580.283581604] [global_reloc]: Tracking healthy: map-consistency=1.00
[fastlio_mapping-3] [INFO] [1787329580.918207850] [laser_mapping]: Loc OK: pos[3.82 0.05 0.05] eff=570/654
[fastlio_mapping-3] [INFO] [1787329583.920156877] [laser_mapping]: Loc OK: pos[4.46 -0.12 0.05] eff=710/804
[global_reloc_node-2] [INFO] [1787329586.283994970] [global_reloc]: Tracking healthy: map-consistency=1.00
[fastlio_mapping-3] [INFO] [1787329586.968779374] [laser_mapping]: Loc OK: pos[4.53 0.12 0.05] eff=742/836
[fastlio_mapping-3] [INFO] [1787329589.973744572] [laser_mapping]: Loc OK: pos[4.28 0.84 0.05] eff=617/683
[global_reloc_node-2] [INFO] [1787329592.284026831] [global_reloc]: Tracking healthy: map-consistency=1.00
[fastlio_mapping-3] [INFO] [1787329593.010532301] [laser_mapping]: Loc OK: pos[4.72 0.73 0.04] eff=752/847
[fastlio_mapping-3] [INFO] [1787329596.020495632] [laser_mapping]: Loc OK: pos[4.50 0.77 0.03] eff=577/629
[global_reloc_node-2] [INFO] [1787329598.284285796] [global_reloc]: Tracking healthy: map-consistency=1.00
[fastlio_mapping-3] [INFO] [1787329599.027070501] [laser_mapping]: Loc OK: pos[3.94 1.09 0.05] eff=704/797
[fastlio_mapping-3] [INFO] [1787329602.075322565] [laser_mapping]: Loc OK: pos[3.96 2.10 0.05] eff=666/729
[global_reloc_node-2] [INFO] [1787329604.284019608] [global_reloc]: Tracking healthy: map-consistency=1.00
[fastlio_mapping-3] [INFO] [1787329605.108621288] [laser_mapping]: Loc OK: pos[3.09 1.00 0.04] eff=539/590
[fastlio_mapping-3] [INFO] [1787329608.126942605] [laser_mapping]: Loc OK: pos[3.12 0.99 0.04] eff=786/886
[global_reloc_node-2] [INFO] [1787329610.285842484] [global_reloc]: Tracking healthy: map-consistency=1.00
[fastlio_mapping-3] [INFO] [1787329611.162912507] [laser_mapping]: Loc OK: pos[2.90 1.04 0.04] eff=640/714
[fastlio_mapping-3] [INFO] [1787329614.216426416] [laser_mapping]: Loc OK: pos[2.63 1.08 0.02] eff=652/716
[global_reloc_node-2] [INFO] [1787329616.284320322] [global_reloc]: Tracking healthy: map-consistency=1.00
[fastlio_mapping-3] [INFO] [1787329617.220335770] [laser_mapping]: Loc OK: pos[1.83 1.71 0.04] eff=761/854
[fastlio_mapping-3] [INFO] [1787329620.267466293] [laser_mapping]: Loc OK: pos[2.29 1.78 0.03] eff=599/641
[global_reloc_node-2] [INFO] [1787329622.284541847] [global_reloc]: Tracking healthy: map-consistency=1.00
[fastlio_mapping-3] [INFO] [1787329623.276332308] [laser_mapping]: Loc OK: pos[2.23 1.83 0.04] eff=802/882
[fastlio_mapping-3] [INFO] [1787329626.317945336] [laser_mapping]: Loc OK: pos[1.90 2.19 0.04] eff=604/644
[global_reloc_node-2] [INFO] [1787329628.285388079] [global_reloc]: Tracking healthy: map-consistency=1.00
[fastlio_mapping-3] [INFO] [1787329629.381554807] [laser_mapping]: Loc OK: pos[1.91 2.18 0.04] eff=634/707
[fastlio_mapping-3] [INFO] [1787329632.417592389] [laser_mapping]: Loc OK: pos[1.68 2.67 0.04] eff=774/858
[global_reloc_node-2] [INFO] [1787329634.284241631] [global_reloc]: Tracking healthy: map-consistency=1.00
[fastlio_mapping-3] [INFO] [1787329635.463749852] [laser_mapping]: Loc OK: pos[1.41 2.91 0.02] eff=556/625
[fastlio_mapping-3] [INFO] [1787329638.464490617] [laser_mapping]: Loc OK: pos[1.16 2.88 0.02] eff=708/795
[global_reloc_node-2] [INFO] [1787329640.284134643] [global_reloc]: Tracking healthy: map-consistency=1.00
[fastlio_mapping-3] [INFO] [1787329641.531466406] [laser_mapping]: Loc OK: pos[0.98 3.22 0.03] eff=645/739
[fastlio_mapping-3] [INFO] [1787329644.565909581] [laser_mapping]: Loc OK: pos[1.20 2.80 0.01] eff=647/724
[global_reloc_node-2] [INFO] [1787329646.284802378] [global_reloc]: Tracking healthy: map-consistency=1.00
[fastlio_mapping-3] [INFO] [1787329647.571173725] [laser_mapping]: Loc OK: pos[0.93 2.84 0.02] eff=719/814
[fastlio_mapping-3] [INFO] [1787329650.620135039] [laser_mapping]: Loc OK: pos[0.41 2.81 0.02] eff=571/644
[global_reloc_node-2] [INFO] [1787329652.284379421] [global_reloc]: Tracking healthy: map-consistency=1.00
[fastlio_mapping-3] [INFO] [1787329653.678581161] [laser_mapping]: Loc OK: pos[-0.06 3.07 0.02] eff=752/836
[fastlio_mapping-3] [INFO] [1787329656.709951140] [laser_mapping]: Loc OK: pos[-0.40 2.78 0.01] eff=566/630
[global_reloc_node-2] [INFO] [1787329658.284871155] [global_reloc]: Tracking healthy: map-consistency=1.00
[fastlio_mapping-3] [INFO] [1787329659.711349732] [laser_mapping]: Loc OK: pos[-0.55 2.75 0.03] eff=606/684
[fastlio_mapping-3] [INFO] [1787329662.723616656] [laser_mapping]: Loc OK: pos[-0.66 2.90 0.02] eff=650/740
[global_reloc_node-2] [INFO] [1787329664.284436006] [global_reloc]: Tracking healthy: map-consistency=1.00
[fastlio_mapping-3] [INFO] [1787329665.765707671] [laser_mapping]: Loc OK: pos[-0.63 2.69 0.04] eff=567/624
[fastlio_mapping-3] [INFO] [1787329668.768621629] [laser_mapping]: Loc OK: pos[-0.34 2.60 0.02] eff=739/840
[global_reloc_node-2] [INFO] [1787329670.284287130] [global_reloc]: Tracking healthy: map-consistency=1.00
[fastlio_mapping-3] [INFO] [1787329671.813416366] [laser_mapping]: Loc OK: pos[-0.38 2.32 0.02] eff=671/761
[fastlio_mapping-3] [INFO] [1787329674.817370521] [laser_mapping]: Loc OK: pos[-0.42 2.14 0.02] eff=651/743
[global_reloc_node-2] [INFO] [1787329676.284331663] [global_reloc]: Tracking healthy: map-consistency=1.00
[fastlio_mapping-3] [INFO] [1787329677.904244855] [laser_mapping]: Loc OK: pos[-0.65 2.50 0.01] eff=703/796
[fastlio_mapping-3] [INFO] [1787329680.907028508] [laser_mapping]: Loc OK: pos[-0.99 2.64 0.00] eff=435/518
[global_reloc_node-2] [INFO] [1787329682.285066150] [global_reloc]: Tracking healthy: map-consistency=1.00
[fastlio_mapping-3] [INFO] [1787329683.918194372] [laser_mapping]: Loc OK: pos[-1.44 3.01 0.00] eff=703/778
[fastlio_mapping-3] [INFO] [1787329686.974310052] [laser_mapping]: Loc OK: pos[-1.52 3.53 0.00] eff=524/606
[global_reloc_node-2] [INFO] [1787329688.284527864] [global_reloc]: Tracking healthy: map-consistency=1.00
[fastlio_mapping-3] [INFO] [1787329690.016370187] [laser_mapping]: Loc OK: pos[-1.05 3.80 0.01] eff=490/551
[fastlio_mapping-3] [INFO] [1787329693.069876384] [laser_mapping]: Loc OK: pos[-1.07 3.78 0.02] eff=587/667
[global_reloc_node-2] [INFO] [1787329694.284514637] [global_reloc]: Tracking healthy: map-consistency=1.00
[fastlio_mapping-3] [INFO] [1787329696.072288324] [laser_mapping]: Loc OK: pos[-1.02 3.63 -0.00] eff=468/527
[fastlio_mapping-3] [INFO] [1787329699.117865273] [laser_mapping]: Loc OK: pos[-1.07 3.72 -0.01] eff=559/623
[global_reloc_node-2] [INFO] [1787329700.283934495] [global_reloc]: Tracking healthy: map-consistency=1.00
[fastlio_mapping-3] [INFO] [1787329702.155275340] [laser_mapping]: Loc OK: pos[-1.96 3.81 -0.00] eff=602/689
[fastlio_mapping-3] [INFO] [1787329705.165012110] [laser_mapping]: Loc OK: pos[-2.08 3.70 -0.02] eff=503/581
[global_reloc_node-2] [INFO] [1787329706.284217813] [global_reloc]: Tracking healthy: map-consistency=1.00
[fastlio_mapping-3] [INFO] [1787329708.217259135] [laser_mapping]: Loc OK: pos[-1.92 3.89 0.01] eff=590/678
[fastlio_mapping-3] [INFO] [1787329711.252985131] [laser_mapping]: Loc OK: pos[-1.98 4.09 -0.02] eff=449/483
[global_reloc_node-2] [INFO] [1787329712.284333897] [global_reloc]: Tracking healthy: map-consistency=1.00
[fastlio_mapping-3] [INFO] [1787329714.278295405] [laser_mapping]: Loc OK: pos[-1.94 4.07 -0.02] eff=479/543
[fastlio_mapping-3] [INFO] [1787329717.278418792] [laser_mapping]: Loc OK: pos[-1.93 4.07 -0.02] eff=590/653
[global_reloc_node-2] [INFO] [1787329718.284979681] [global_reloc]: Tracking healthy: map-consistency=1.00
[fastlio_mapping-3] [INFO] [1787329720.308390685] [laser_mapping]: Loc OK: pos[-1.94 4.07 -0.02] eff=482/550
[fastlio_mapping-3] [INFO] [1787329723.317622525] [laser_mapping]: Loc OK: pos[-2.35 3.15 -0.03] eff=711/790
[global_reloc_node-2] [INFO] [1787329724.284732564] [global_reloc]: Tracking healthy: map-consistency=1.00
[fastlio_mapping-3] [INFO] [1787329728.610547714] [laser_mapping]: Loc OK: pos[-2.02 0.50 -0.00] eff=145/187
[fastlio_mapping-3] [WARN] [1787329728.644140556] [laser_mapping]: Localization degraded: eff=2/10 match=20.0% vel=1.88 step=0.10 zstep=0.04 streak=1/20 -> continue IMU/EKF grace
[fastlio_mapping-3] [WARN] [1787329728.833739284] [laser_mapping]: Localization tracking lost after 20 degraded frames -> rollback, NOT_READY, awaiting reloc
[fastlio_mapping-3] [WARN] [1787329728.845226019] [laser_mapping]: Localization not converged: effective=6 / scan_down=11 (ratio 54.5%). Holding pose until match improves.
[fastlio_mapping-3] [IMU GAP] dt=2334.4ms
[fastlio_mapping-3] Too few input point cloud!
[fastlio_mapping-3] Too few input point cloud!
[fastlio_mapping-3] [INFO] [1787329729.169177713] [laser_mapping]: Localization settling: stable=1/20 eff=382/846 match=45.2%
[fastlio_mapping-3] [INFO] [1787329729.745807178] [laser_mapping]: Localization CONVERGED after 20 stable frames: effective=314 / scan_down=754 (ratio 41.6%)
[global_reloc_node-2] [INFO] [1787329730.285318251] [global_reloc]: Tracking healthy: map-consistency=0.79
[fastlio_mapping-3] [INFO] [1787329731.632988248] [laser_mapping]: Loc OK: pos[-0.46 -1.12 0.04] eff=285/708
[fastlio_mapping-3] [ERROR] [1787329734.522311437] [laser_mapping]: Localization hard divergence: eff=466/692 match=67.3% vel=2.55 step=0.14 zstep=0.00 -> rollback and NOT_READY
[fastlio_mapping-3] [INFO] [1787329734.566991268] [laser_mapping]: Localization settling: stable=1/20 eff=472/711 match=66.4%
[fastlio_mapping-3] [INFO] [1787329735.510600220] [laser_mapping]: Localization CONVERGED after 20 stable frames: effective=500 / scan_down=559 (ratio 89.4%)
[fastlio_mapping-3] [INFO] [1787329735.510773692] [laser_mapping]: Loc OK: pos[6.56 -1.87 0.09] eff=500/559
[global_reloc_node-2] [INFO] [1787329736.284797085] [global_reloc]: Tracking healthy: map-consistency=1.00
[fastlio_mapping-3] [INFO] [1787329738.512750463] [laser_mapping]: Loc OK: pos[6.35 -1.86 0.07] eff=709/804
[fastlio_mapping-3] [INFO] [1787329741.559240759] [laser_mapping]: Loc OK: pos[6.35 -1.86 0.08] eff=523/586
[global_reloc_node-2] [INFO] [1787329742.285003891] [global_reloc]: Tracking healthy: map-consistency=1.00
[fastlio_mapping-3] [INFO] [1787329744.574721713] [laser_mapping]: Loc OK: pos[6.35 -1.86 0.07] eff=614/693
[fastlio_mapping-3] [INFO] [1787329747.613297801] [laser_mapping]: Loc OK: pos[6.34 -1.86 0.08] eff=593/679
[global_reloc_node-2] [INFO] [1787329748.284999591] [global_reloc]: Tracking healthy: map-consistency=1.00
[fastlio_mapping-3] [INFO] [1787329750.629914471] [laser_mapping]: Loc OK: pos[6.35 -1.86 0.07] eff=520/585
[fastlio_mapping-3] [INFO] [1787329753.663037641] [laser_mapping]: Loc OK: pos[6.35 -1.86 0.07] eff=688/783
[global_reloc_node-2] [INFO] [1787329754.284833435] [global_reloc]: Tracking healthy: map-consistency=1.00
[fastlio_mapping-3] [INFO] [1787329756.673101836] [laser_mapping]: Loc OK: pos[7.07 -2.04 0.09] eff=617/693
[fastlio_mapping-3] [INFO] [1787329759.712549032] [laser_mapping]: Loc OK: pos[7.07 -1.72 0.08] eff=688/759
[global_reloc_node-2] [INFO] [1787329760.284325133] [global_reloc]: Tracking healthy: map-consistency=1.00
[fastlio_mapping-3] [INFO] [1787329762.765233562] [laser_mapping]: Loc OK: pos[6.88 -1.07 0.06] eff=668/734
[fastlio_mapping-3] [INFO] [1787329765.811261745] [laser_mapping]: Loc OK: pos[7.29 -1.10 0.07] eff=462/515
[global_reloc_node-2] [INFO] [1787329766.284708387] [global_reloc]: Tracking healthy: map-consistency=1.00
[fastlio_mapping-3] [INFO] [1787329768.831362749] [laser_mapping]: Loc OK: pos[7.06 -1.08 0.06] eff=704/796
[fastlio_mapping-3] [INFO] [1787329771.860911633] [laser_mapping]: Loc OK: pos[6.52 -0.60 0.07] eff=575/622
[global_reloc_node-2] [INFO] [1787329772.284837528] [global_reloc]: Tracking healthy: map-consistency=1.00
[fastlio_mapping-3] [INFO] [1787329774.862015727] [laser_mapping]: Loc OK: pos[6.57 0.23 0.06] eff=666/757
[fastlio_mapping-3] [INFO] [1787329777.863502992] [laser_mapping]: Loc OK: pos[5.65 -0.77 0.06] eff=616/705
[global_reloc_node-2] [INFO] [1787329778.285342607] [global_reloc]: Tracking healthy: map-consistency=1.00
[fastlio_mapping-3] [INFO] [1787329780.876766752] [laser_mapping]: Loc OK: pos[5.79 -0.77 0.04] eff=480/523
[fastlio_mapping-3] [INFO] [1787329783.916167196] [laser_mapping]: Loc OK: pos[5.55 -0.68 0.05] eff=804/914
[global_reloc_node-2] [INFO] [1787329784.285157090] [global_reloc]: Tracking healthy: map-consistency=1.00
[fastlio_mapping-3] [INFO] [1787329786.961263727] [laser_mapping]: Loc OK: pos[5.33 -0.57 0.04] eff=539/636
[fastlio_mapping-3] [INFO] [1787329789.967447778] [laser_mapping]: Loc OK: pos[4.60 0.16 0.05] eff=694/785
[global_reloc_node-2] [INFO] [1787329790.285089207] [global_reloc]: Tracking healthy: map-consistency=1.00
[fastlio_mapping-3] [INFO] [1787329792.970366344] [laser_mapping]: Loc OK: pos[5.11 0.11 0.05] eff=735/846
[fastlio_mapping-3] [INFO] [1787329796.014396311] [laser_mapping]: Loc OK: pos[4.99 0.25 0.05] eff=570/652
[global_reloc_node-2] [INFO] [1787329796.286138511] [global_reloc]: Tracking healthy: map-consistency=0.99
[fastlio_mapping-3] [INFO] [1787329799.020757995] [laser_mapping]: Loc OK: pos[4.72 0.63 0.06] eff=719/798
[fastlio_mapping-3] [INFO] [1787329802.060382664] [laser_mapping]: Loc OK: pos[4.71 0.61 0.05] eff=609/677
[global_reloc_node-2] [INFO] [1787329802.292915200] [global_reloc]: Tracking healthy: map-consistency=1.00
[fastlio_mapping-3] [INFO] [1787329805.066250202] [laser_mapping]: Loc OK: pos[4.71 0.61 0.05] eff=628/722
[fastlio_mapping-3] [INFO] [1787329808.128429107] [laser_mapping]: Loc OK: pos[4.71 0.61 0.05] eff=699/781
[global_reloc_node-2] [INFO] [1787329808.286205337] [global_reloc]: Tracking healthy: map-consistency=1.00
[fastlio_mapping-3] [INFO] [1787329811.159951310] [laser_mapping]: Loc OK: pos[4.97 0.36 0.07] eff=503/559
[fastlio_mapping-3] [INFO] [1787329814.162844276] [laser_mapping]: Loc OK: pos[5.20 -1.48 0.07] eff=690/789
[global_reloc_node-2] [INFO] [1787329814.286908688] [global_reloc]: Tracking healthy: map-consistency=1.00
[fastlio_mapping-3] [INFO] [1787329817.180175285] [laser_mapping]: Loc OK: pos[6.45 -2.17 0.07] eff=566/649
[fastlio_mapping-3] [INFO] [1787329820.206113434] [laser_mapping]: Loc OK: pos[6.45 -2.17 0.07] eff=581/666
[global_reloc_node-2] [INFO] [1787329820.284727067] [global_reloc]: Tracking healthy: map-consistency=1.00
[fastlio_mapping-3] [INFO] [1787329823.236858418] [laser_mapping]: Loc OK: pos[6.44 -2.17 0.08] eff=638/719
[fastlio_mapping-3] [INFO] [1787329826.262994743] [laser_mapping]: Loc OK: pos[6.45 -2.17 0.07] eff=551/626
[global_reloc_node-2] [INFO] [1787329826.284838352] [global_reloc]: Tracking healthy: map-consistency=1.00
[fastlio_mapping-3] [INFO] [1787329829.274365632] [laser_mapping]: Loc OK: pos[6.44 -2.17 0.08] eff=666/747
[global_reloc_node-2] [INFO] [1787329832.286801325] [global_reloc]: Tracking healthy: map-consistency=1.00
[fastlio_mapping-3] [INFO] [1787329832.328857209] [laser_mapping]: Loc OK: pos[6.45 -2.16 0.08] eff=567/657
[fastlio_mapping-3] [INFO] [1787329835.362715198] [laser_mapping]: Loc OK: pos[6.44 -2.17 0.08] eff=577/664
[global_reloc_node-2] [INFO] [1787329838.288508712] [global_reloc]: Tracking healthy: map-consistency=1.00
[fastlio_mapping-3] [INFO] [1787329838.412592132] [laser_mapping]: Loc OK: pos[6.51 -2.18 0.06] eff=616/697
[fastlio_mapping-3] [INFO] [1787329841.414442086] [laser_mapping]: Loc OK: pos[7.22 -2.65 0.08] eff=545/602
[global_reloc_node-2] [INFO] [1787329844.286193363] [global_reloc]: Tracking healthy: map-consistency=1.00
[fastlio_mapping-3] [INFO] [1787329844.458084595] [laser_mapping]: Loc OK: pos[7.03 -1.91 0.08] eff=680/759
[fastlio_mapping-3] [INFO] [1787329847.468333719] [laser_mapping]: Loc OK: pos[7.08 -1.54 0.07] eff=634/722
[global_reloc_node-2] [INFO] [1787329850.285196292] [global_reloc]: Tracking healthy: map-consistency=1.00
[fastlio_mapping-3] [INFO] [1787329850.510035740] [laser_mapping]: Loc OK: pos[7.38 -1.57 0.07] eff=590/669
[fastlio_mapping-3] [INFO] [1787329853.523180812] [laser_mapping]: Loc OK: pos[7.06 -1.59 0.05] eff=694/805
[global_reloc_node-2] [INFO] [1787329856.284825623] [global_reloc]: Tracking healthy: map-consistency=1.00
[fastlio_mapping-3] [INFO] [1787329856.569113442] [laser_mapping]: Loc OK: pos[6.72 -0.58 0.07] eff=622/726
[fastlio_mapping-3] [INFO] [1787329859.611719179] [laser_mapping]: Loc OK: pos[6.69 -0.40 0.05] eff=654/730
[global_reloc_node-2] [INFO] [1787329862.284900139] [global_reloc]: Tracking healthy: map-consistency=1.00
[fastlio_mapping-3] [INFO] [1787329862.661297968] [laser_mapping]: Loc OK: pos[5.85 -0.96 0.07] eff=600/686
[fastlio_mapping-3] [INFO] [1787329865.664676152] [laser_mapping]: Loc OK: pos[5.91 -0.97 0.05] eff=612/710
[global_reloc_node-2] [INFO] [1787329868.288481006] [global_reloc]: Tracking healthy: map-consistency=1.00
[fastlio_mapping-3] [INFO] [1787329868.672663155] [laser_mapping]: Loc OK: pos[5.58 -0.82 0.05] eff=740/863
[fastlio_mapping-3] [INFO] [1787329871.720831251] [laser_mapping]: Loc OK: pos[5.43 -0.42 0.06] eff=603/696
[global_reloc_node-2] [INFO] [1787329874.285410870] [global_reloc]: Tracking healthy: map-consistency=1.00
[fastlio_mapping-3] [INFO] [1787329874.724160283] [laser_mapping]: Loc OK: pos[4.75 0.07 0.05] eff=664/781
[fastlio_mapping-3] [INFO] [1787329877.785724529] [laser_mapping]: Loc OK: pos[5.39 -0.13 0.06] eff=657/765
[global_reloc_node-2] [INFO] [1787329880.285664268] [global_reloc]: Tracking healthy: map-consistency=1.00
[fastlio_mapping-3] [INFO] [1787329880.815280132] [laser_mapping]: Loc OK: pos[5.08 0.27 0.06] eff=634/723
[fastlio_mapping-3] [INFO] [1787329883.819969778] [laser_mapping]: Loc OK: pos[4.98 0.52 0.06] eff=754/848
[global_reloc_node-2] [INFO] [1787329886.285257471] [global_reloc]: Tracking healthy: map-consistency=1.00
[fastlio_mapping-3] [INFO] [1787329886.870418394] [laser_mapping]: Loc OK: pos[4.99 0.58 0.05] eff=625/737
[fastlio_mapping-3] [INFO] [1787329889.910719738] [laser_mapping]: Loc OK: pos[4.81 1.27 0.05] eff=701/782
[global_reloc_node-2] [INFO] [1787329892.285222035] [global_reloc]: Tracking healthy: map-consistency=1.00
[fastlio_mapping-3] [INFO] [1787329892.918145746] [laser_mapping]: Loc OK: pos[4.52 1.47 0.04] eff=696/798
[fastlio_mapping-3] [INFO] [1787329895.918530510] [laser_mapping]: Loc OK: pos[4.22 1.51 0.04] eff=613/696
[global_reloc_node-2] [INFO] [1787329898.285885514] [global_reloc]: Tracking healthy: map-consistency=1.00
[fastlio_mapping-3] [INFO] [1787329898.923993311] [laser_mapping]: Loc OK: pos[4.10 1.78 0.05] eff=790/879
[fastlio_mapping-3] [INFO] [1787329901.973502404] [laser_mapping]: Loc OK: pos[4.29 1.28 0.04] eff=574/621
[global_reloc_node-2] [INFO] [1787329904.288699210] [global_reloc]: Tracking healthy: map-consistency=1.00
[fastlio_mapping-3] [INFO] [1787329905.013960867] [laser_mapping]: Loc OK: pos[3.84 1.57 0.05] eff=707/800
[fastlio_mapping-3] [INFO] [1787329908.030650594] [laser_mapping]: Loc OK: pos[3.39 1.67 0.04] eff=687/765
[global_reloc_node-2] [INFO] [1787329910.285444145] [global_reloc]: Tracking healthy: map-consistency=1.00
[fastlio_mapping-3] [INFO] [1787329911.076975354] [laser_mapping]: Loc OK: pos[3.02 1.98 0.04] eff=596/670
[fastlio_mapping-3] [INFO] [1787329914.121213257] [laser_mapping]: Loc OK: pos[2.62 1.71 0.04] eff=739/850
[global_reloc_node-2] [INFO] [1787329916.285293349] [global_reloc]: Tracking healthy: map-consistency=1.00
[fastlio_mapping-3] [INFO] [1787329917.165697050] [laser_mapping]: Loc OK: pos[2.59 1.96 0.04] eff=606/674
[fastlio_mapping-3] [INFO] [1787329920.167405435] [laser_mapping]: Loc OK: pos[2.52 1.96 0.05] eff=653/744
[global_reloc_node-2] [INFO] [1787329922.286170077] [global_reloc]: Tracking healthy: map-consistency=1.00
[fastlio_mapping-3] [INFO] [1787329923.172558858] [laser_mapping]: Loc OK: pos[2.61 1.74 0.04] eff=743/834
[fastlio_mapping-3] [INFO] [1787329926.217328412] [laser_mapping]: Loc OK: pos[2.91 1.59 0.03] eff=697/783
[global_reloc_node-2] [INFO] [1787329928.287992249] [global_reloc]: Tracking healthy: map-consistency=1.00
[fastlio_mapping-3] [INFO] [1787329929.223794832] [laser_mapping]: Loc OK: pos[2.71 1.19 0.04] eff=830/938
[fastlio_mapping-3] [INFO] [1787329932.264094064] [laser_mapping]: Loc OK: pos[2.68 1.23 0.04] eff=583/670
[global_reloc_node-2] [INFO] [1787329934.286228326] [global_reloc]: Tracking healthy: map-consistency=1.00
[fastlio_mapping-3] [INFO] [1787329935.283498297] [laser_mapping]: Loc OK: pos[2.47 1.54 0.03] eff=715/793
[fastlio_mapping-3] [INFO] [1787329938.319093893] [laser_mapping]: Loc OK: pos[2.10 1.78 0.02] eff=678/778
[global_reloc_node-2] [INFO] [1787329940.288497892] [global_reloc]: Tracking healthy: map-consistency=1.00
[fastlio_mapping-3] [INFO] [1787329941.319900643] [laser_mapping]: Loc OK: pos[1.73 2.42 0.03] eff=553/628
[fastlio_mapping-3] [INFO] [1787329944.329300067] [laser_mapping]: Loc OK: pos[1.93 2.66 0.03] eff=751/845
[global_reloc_node-2] [INFO] [1787329946.289468156] [global_reloc]: Tracking healthy: map-consistency=1.00
[fastlio_mapping-3] [INFO] [1787329947.362872487] [laser_mapping]: Loc OK: pos[2.36 2.63 0.03] eff=553/634
[fastlio_mapping-3] [INFO] [1787329950.411058663] [laser_mapping]: Loc OK: pos[2.35 2.63 0.03] eff=650/719
[global_reloc_node-2] [INFO] [1787329952.291570106] [global_reloc]: Tracking healthy: map-consistency=1.00
[fastlio_mapping-3] [INFO] [1787329953.428848746] [laser_mapping]: Loc OK: pos[2.34 2.63 0.03] eff=632/722
[fastlio_mapping-3] [INFO] [1787329956.464859607] [laser_mapping]: Loc OK: pos[2.34 2.63 0.03] eff=526/611
[global_reloc_node-2] [INFO] [1787329958.287554654] [global_reloc]: Tracking healthy: map-consistency=1.00
[fastlio_mapping-3] [INFO] [1787329959.494212234] [laser_mapping]: Loc OK: pos[2.34 2.63 0.03] eff=730/829
[fastlio_mapping-3] [INFO] [1787329962.510243110] [laser_mapping]: Loc OK: pos[2.34 2.63 0.03] eff=569/647
[global_reloc_node-2] [INFO] [1787329964.287843571] [global_reloc]: Tracking healthy: map-consistency=1.00
[fastlio_mapping-3] [INFO] [1787329965.510550657] [laser_mapping]: Loc OK: pos[2.34 2.64 0.03] eff=622/701
[fastlio_mapping-3] [INFO] [1787329968.510964701] [laser_mapping]: Loc OK: pos[2.34 2.63 0.03] eff=633/713
[global_reloc_node-2] [INFO] [1787329970.291731736] [global_reloc]: Tracking healthy: map-consistency=1.00
[fastlio_mapping-3] [INFO] [1787329971.559483646] [laser_mapping]: Loc OK: pos[2.34 2.63 0.03] eff=584/643
[fastlio_mapping-3] [INFO] [1787329974.570706214] [laser_mapping]: Loc OK: pos[2.48 2.43 0.03] eff=786/878
[global_reloc_node-2] [INFO] [1787329976.287953149] [global_reloc]: Tracking healthy: map-consistency=1.00
[fastlio_mapping-3] [IMU GAP] dt=2299.9ms
[fastlio_mapping-3] Too few input point cloud!
[fastlio_mapping-3] [WARN] [1787329977.044449046] [laser_mapping]: No point, skip this scan!
[fastlio_mapping-3] 
[fastlio_mapping-3] Too few input point cloud!
[fastlio_mapping-3] [WARN] [1787329977.053298874] [laser_mapping]: No point, skip this scan!
[fastlio_mapping-3] 
[fastlio_mapping-3] [WARN] [1787329977.063272835] [laser_mapping]: No point, skip this scan!
[fastlio_mapping-3] 
[fastlio_mapping-3] [WARN] [1787329977.073195979] [laser_mapping]: No point, skip this scan!
[fastlio_mapping-3] 
[fastlio_mapping-3] [WARN] [1787329977.083231445] [laser_mapping]: No point, skip this scan!
[fastlio_mapping-3] 
[fastlio_mapping-3] [WARN] [1787329977.093247870] [laser_mapping]: No point, skip this scan!
[fastlio_mapping-3] 
[fastlio_mapping-3] [WARN] [1787329977.103376423] [laser_mapping]: No point, skip this scan!
[fastlio_mapping-3] 
[fastlio_mapping-3] [WARN] [1787329977.113346192] [laser_mapping]: No point, skip this scan!
[fastlio_mapping-3] 
[fastlio_mapping-3] [WARN] [1787329977.124388605] [laser_mapping]: Localization degraded: eff=15/17 match=88.2% vel=1.59 step=0.08 zstep=0.03 streak=1/20 -> continue IMU/EKF grace
[fastlio_mapping-3] [WARN] [1787329977.313728260] [laser_mapping]: Localization tracking lost after 20 degraded frames -> rollback, NOT_READY, awaiting reloc
[fastlio_mapping-3] [WARN] [1787329977.324372304] [laser_mapping]: Localization not converged: effective=8 / scan_down=15 (ratio 53.3%). Holding pose until match improves.
[fastlio_mapping-3] [INFO] [1787329977.398133278] [laser_mapping]: Localization settling: stable=1/20 eff=348/657 match=53.0%
[fastlio_mapping-3] [INFO] [1787329978.093697309] [laser_mapping]: Localization CONVERGED after 20 stable frames: effective=354 / scan_down=836 (ratio 42.3%)
[fastlio_mapping-3] [INFO] [1787329978.093895966] [laser_mapping]: Loc OK: pos[3.33 1.49 0.01] eff=354/836
[fastlio_mapping-3] [ERROR] [1787329979.421713402] [laser_mapping]: Localization hard divergence: eff=383/806 match=47.5% vel=2.57 step=0.13 zstep=0.00 -> rollback and NOT_READY
[fastlio_mapping-3] [INFO] [1787329979.474369490] [laser_mapping]: Localization settling: stable=1/20 eff=376/782 match=48.1%
[fastlio_mapping-3] [INFO] [1787329980.426207851] [laser_mapping]: Localization CONVERGED after 20 stable frames: effective=263 / scan_down=691 (ratio 38.1%)
[fastlio_mapping-3] [INFO] [1787329981.125725467] [laser_mapping]: Loc OK: pos[6.03 0.88 0.05] eff=282/613
[global_reloc_node-2] [INFO] [1787329982.288841077] [global_reloc]: Tracking healthy: map-consistency=0.60
[fastlio_mapping-3] [INFO] [1787329984.166094810] [laser_mapping]: Loc OK: pos[8.22 0.97 0.09] eff=327/666
[fastlio_mapping-3] [INFO] [1787329987.208800995] [laser_mapping]: Loc OK: pos[8.10 0.90 0.07] eff=219/444
[global_reloc_node-2] [INFO] [1787329988.289978862] [global_reloc]: Tracking healthy: map-consistency=0.62
[fastlio_mapping-3] [INFO] [1787329990.215075191] [laser_mapping]: Loc OK: pos[8.44 0.78 0.09] eff=280/622
[fastlio_mapping-3] [INFO] [1787329993.223847541] [laser_mapping]: Loc OK: pos[8.27 0.73 0.09] eff=266/598
[global_reloc_node-2] [INFO] [1787329994.286601108] [global_reloc]: Tracking healthy: map-consistency=0.62
[fastlio_mapping-3] [INFO] [1787329996.230804076] [laser_mapping]: Loc OK: pos[8.36 0.71 0.10] eff=223/485
[fastlio_mapping-3] [INFO] [1787329999.266308152] [laser_mapping]: Loc OK: pos[8.32 0.71 0.07] eff=310/673
[global_reloc_node-2] [INFO] [1787330000.288276400] [global_reloc]: Tracking healthy: map-consistency=0.64
[fastlio_mapping-3] [INFO] [1787330002.313971509] [laser_mapping]: Loc OK: pos[8.36 0.72 0.10] eff=268/588
[fastlio_mapping-3] [INFO] [1787330005.325036541] [laser_mapping]: Loc OK: pos[8.28 0.70 0.09] eff=284/590
[global_reloc_node-2] [INFO] [1787330006.291296337] [global_reloc]: Tracking healthy: map-consistency=0.63
[fastlio_mapping-3] [INFO] [1787330008.365831390] [laser_mapping]: Loc OK: pos[8.30 0.74 0.09] eff=268/585
[fastlio_mapping-3] [INFO] [1787330011.368890245] [laser_mapping]: Loc OK: pos[8.34 0.72 0.09] eff=225/466
[global_reloc_node-2] [INFO] [1787330012.287221524] [global_reloc]: Tracking healthy: map-consistency=0.62
[fastlio_mapping-3] [INFO] [1787330014.379775211] [laser_mapping]: Loc OK: pos[8.30 0.71 0.08] eff=307/652
[fastlio_mapping-3] [INFO] [1787330017.412041386] [laser_mapping]: Loc OK: pos[8.63 0.81 0.09] eff=222/439
[global_reloc_node-2] [INFO] [1787330018.287618314] [global_reloc]: Tracking healthy: map-consistency=0.58
[fastlio_mapping-3] [INFO] [1787330020.412328741] [laser_mapping]: Loc OK: pos[9.31 1.03 -0.02] eff=236/524
[fastlio_mapping-3] [INFO] [1787330023.427410013] [laser_mapping]: Loc OK: pos[8.50 1.71 0.03] eff=290/639
[global_reloc_node-2] [INFO] [1787330024.288702755] [global_reloc]: Tracking healthy: map-consistency=0.62
[fastlio_mapping-3] [INFO] [1787330026.471071082] [laser_mapping]: Loc OK: pos[8.69 1.65 0.05] eff=259/597
[fastlio_mapping-3] [INFO] [1787330029.473417006] [laser_mapping]: Loc OK: pos[8.74 1.67 0.11] eff=332/717
[global_reloc_node-2] [INFO] [1787330030.286683760] [global_reloc]: Tracking healthy: map-consistency=0.67
[fastlio_mapping-3] [INFO] [1787330032.512407688] [laser_mapping]: Loc OK: pos[7.98 1.47 0.06] eff=165/441
[fastlio_mapping-3] [INFO] [1787330035.519993729] [laser_mapping]: Loc OK: pos[6.78 2.40 0.06] eff=363/740
[global_reloc_node-2] [INFO] [1787330036.286914629] [global_reloc]: Tracking healthy: map-consistency=0.63
[fastlio_mapping-3] [INFO] [1787330038.572229233] [laser_mapping]: Loc OK: pos[6.50 2.29 0.06] eff=331/715
[fastlio_mapping-3] [INFO] [1787330041.616957795] [laser_mapping]: Loc OK: pos[6.23 1.40 0.06] eff=322/651
[global_reloc_node-2] [INFO] [1787330042.287866365] [global_reloc]: Tracking healthy: map-consistency=0.68
[fastlio_mapping-3] [INFO] [1787330044.621845617] [laser_mapping]: Loc OK: pos[6.39 1.47 0.04] eff=361/757
[fastlio_mapping-3] [INFO] [1787330047.622745999] [laser_mapping]: Loc OK: pos[6.04 1.39 0.06] eff=389/694
[global_reloc_node-2] [INFO] [1787330048.288873782] [global_reloc]: Tracking healthy: map-consistency=0.69
[fastlio_mapping-3] [INFO] [1787330050.635762110] [laser_mapping]: Loc OK: pos[5.71 1.83 0.03] eff=301/697
[fastlio_mapping-3] [INFO] [1787330053.675201690] [laser_mapping]: Loc OK: pos[6.03 1.86 0.07] eff=376/724
[global_reloc_node-2] [INFO] [1787330054.289515149] [global_reloc]: Tracking healthy: map-consistency=0.65
[fastlio_mapping-3] [INFO] [1787330056.677432445] [laser_mapping]: Loc OK: pos[6.61 1.90 0.05] eff=225/563
[fastlio_mapping-3] [INFO] [1787330059.725966878] [laser_mapping]: Loc OK: pos[5.89 2.08 0.06] eff=403/830
[global_reloc_node-2] [INFO] [1787330060.290990184] [global_reloc]: Tracking healthy: map-consistency=0.63
[fastlio_mapping-3] [INFO] [1787330062.767467874] [laser_mapping]: Loc OK: pos[5.70 2.11 0.03] eff=379/655
[fastlio_mapping-3] [INFO] [1787330065.770681194] [laser_mapping]: Loc OK: pos[5.70 2.25 0.05] eff=345/745
[global_reloc_node-2] [INFO] [1787330066.288911347] [global_reloc]: Tracking healthy: map-consistency=0.61
[fastlio_mapping-3] [INFO] [1787330068.771805257] [laser_mapping]: Loc OK: pos[5.06 2.70 0.01] eff=373/802
[fastlio_mapping-3] [INFO] [1787330071.832955005] [laser_mapping]: Loc OK: pos[4.81 2.65 0.03] eff=259/607
[global_reloc_node-2] [INFO] [1787330072.288791815] [global_reloc]: Tracking healthy: map-consistency=0.76
[fastlio_mapping-3] [INFO] [1787330074.873532350] [laser_mapping]: Loc OK: pos[4.68 2.60 0.01] eff=440/860
[fastlio_mapping-3] [INFO] [1787330077.933781262] [laser_mapping]: Loc OK: pos[4.78 2.72 0.07] eff=422/746
[global_reloc_node-2] [INFO] [1787330078.289143773] [global_reloc]: Tracking healthy: map-consistency=0.68
[fastlio_mapping-3] [INFO] [1787330080.967388274] [laser_mapping]: Loc OK: pos[4.70 2.65 0.03] eff=384/715
[fastlio_mapping-3] [INFO] [1787330083.972071744] [laser_mapping]: Loc OK: pos[4.66 2.66 0.04] eff=404/829
[global_reloc_node-2] [INFO] [1787330084.292543584] [global_reloc]: Tracking healthy: map-consistency=0.65
[fastlio_mapping-3] [INFO] [1787330087.020912802] [laser_mapping]: Loc OK: pos[4.79 2.65 0.01] eff=410/634
[fastlio_mapping-3] [INFO] [1787330090.036289083] [laser_mapping]: Loc OK: pos[4.73 2.68 0.05] eff=391/847
[global_reloc_node-2] [INFO] [1787330090.288752197] [global_reloc]: Tracking healthy: map-consistency=0.65
[fastlio_mapping-3] [INFO] [1787330093.052419639] [laser_mapping]: Loc OK: pos[4.80 2.67 0.02] eff=316/731
[fastlio_mapping-3] [INFO] [1787330096.069666616] [laser_mapping]: Loc OK: pos[4.66 2.62 0.05] eff=352/747
[global_reloc_node-2] [INFO] [1787330096.288182455] [global_reloc]: Tracking healthy: map-consistency=0.63
[fastlio_mapping-3] [INFO] [1787330099.075398858] [laser_mapping]: Loc OK: pos[4.77 2.66 0.03] eff=369/802
[fastlio_mapping-3] [INFO] [1787330102.132462766] [laser_mapping]: Loc OK: pos[4.81 2.68 0.03] eff=277/662
[global_reloc_node-2] [INFO] [1787330102.288416204] [global_reloc]: Tracking healthy: map-consistency=0.75
[fastlio_mapping-3] [INFO] [1787330105.171681033] [laser_mapping]: Loc OK: pos[4.60 2.61 0.01] eff=378/813
[fastlio_mapping-3] [INFO] [1787330108.216664315] [laser_mapping]: Loc OK: pos[5.02 2.81 0.04] eff=364/688
[global_reloc_node-2] [INFO] [1787330108.288389825] [global_reloc]: Tracking healthy: map-consistency=0.66
[fastlio_mapping-3] [INFO] [1787330111.223471505] [laser_mapping]: Loc OK: pos[5.61 2.49 0.06] eff=337/701
[fastlio_mapping-3] [INFO] [1787330114.279294768] [laser_mapping]: Loc OK: pos[7.33 1.56 0.10] eff=281/584
[global_reloc_node-2] [INFO] [1787330114.287712722] [global_reloc]: Tracking healthy: map-consistency=0.65
[fastlio_mapping-3] [INFO] [1787330117.308046112] [laser_mapping]: Loc OK: pos[7.48 1.54 0.07] eff=222/421
[global_reloc_node-2] [INFO] [1787330120.289542510] [global_reloc]: Tracking healthy: map-consistency=0.63
[fastlio_mapping-3] [INFO] [1787330120.316967390] [laser_mapping]: Loc OK: pos[7.37 1.54 0.08] eff=325/675
[fastlio_mapping-3] [INFO] [1787330123.324851289] [laser_mapping]: Loc OK: pos[7.39 1.55 0.08] eff=316/613
[global_reloc_node-2] [INFO] [1787330126.288870048] [global_reloc]: Tracking healthy: map-consistency=0.64
[fastlio_mapping-3] [INFO] [1787330126.376806248] [laser_mapping]: Loc OK: pos[7.31 1.56 0.07] eff=289/604
[fastlio_mapping-3] [INFO] [1787330129.414518621] [laser_mapping]: Loc OK: pos[7.34 1.57 0.07] eff=300/601
[global_reloc_node-2] [INFO] [1787330132.286290826] [global_reloc]: Tracking healthy: map-consistency=0.69
[fastlio_mapping-3] [INFO] [1787330132.458098441] [laser_mapping]: Loc OK: pos[7.68 1.57 0.06] eff=205/416
[fastlio_mapping-3] [INFO] [1787330135.469901876] [laser_mapping]: Loc OK: pos[7.75 1.65 0.04] eff=319/685
[global_reloc_node-2] [INFO] [1787330138.288671560] [global_reloc]: Tracking healthy: map-consistency=0.63
[fastlio_mapping-3] [INFO] [1787330138.508829229] [laser_mapping]: Loc OK: pos[8.20 1.70 0.02] eff=206/432
[fastlio_mapping-3] [INFO] [1787330141.522782817] [laser_mapping]: Loc OK: pos[7.46 2.63 0.03] eff=317/675
[global_reloc_node-2] [INFO] [1787330144.289878593] [global_reloc]: Tracking healthy: map-consistency=0.64
[fastlio_mapping-3] [INFO] [1787330144.522815483] [laser_mapping]: Loc OK: pos[8.16 2.61 -0.08] eff=302/659
[fastlio_mapping-3] [INFO] [1787330147.579078844] [laser_mapping]: Loc OK: pos[9.86 2.71 -0.16] eff=228/548
[global_reloc_node-2] [WARN] [1787330150.289829782] [global_reloc]: Tracking INCONSISTENT with map: score=0.34 (1/3). Likely wrong pose.
[fastlio_mapping-3] [ERROR] [1787330150.558197376] [laser_mapping]: Localization hard divergence: eff=104/547 match=19.0% vel=2.53 step=0.12 zstep=0.02 -> rollback and NOT_READY
[fastlio_mapping-3] [INFO] [1787330150.612643743] [laser_mapping]: Localization settling: stable=1/20 eff=187/660 match=28.3%
[fastlio_mapping-3] [WARN] [1787330150.673698489] [laser_mapping]: Localization not converged: effective=105 / scan_down=536 (ratio 19.6%). Holding pose until match improves.
[fastlio_mapping-3] [INFO] [1787330151.712442582] [laser_mapping]: Localization settling: stable=1/20 eff=217/591 match=36.7%
[fastlio_mapping-3] [WARN] [1787330151.763576839] [laser_mapping]: Localization not converged: effective=58 / scan_down=437 (ratio 13.3%). Holding pose until match improves.
[global_reloc_node-2] [WARN] [1787330152.294260836] [global_reloc]: Tracking INCONSISTENT with map: score=0.35 (2/3). Likely wrong pose.
[fastlio_mapping-3] [INFO] [1787330152.727819347] [laser_mapping]: Localization settling: stable=1/20 eff=206/606 match=34.0%
[fastlio_mapping-3] [WARN] [1787330152.855897983] [laser_mapping]: Localization not converged: effective=45 / scan_down=458 (ratio 9.8%). Holding pose until match improves.
[fastlio_mapping-3] [WARN] [1787330153.665812915] [laser_mapping]: Localization recovery transient rejected: eff=46/523 match=8.8% vel=2.51 step=1.07 zstep=0.05
[fastlio_mapping-3] [INFO] [1787330153.832514238] [laser_mapping]: Localization settling: stable=1/20 eff=155/604 match=25.7%
[fastlio_mapping-3] [WARN] [1787330153.860967410] [laser_mapping]: Localization not converged: effective=71 / scan_down=549 (ratio 12.9%). Holding pose until match improves.
[global_reloc_node-2] [WARN] [1787330154.285903102] [global_reloc]: Odometry stale for 3.76s (> 3.00s) -> re-triggering global relocalization
[global_reloc_node-2] [INFO] [1787330154.809854271] [global_reloc]: SC top-1 hint: kf=65 pos[8.63 -1.20] dist=0.515
[fastlio_mapping-3] [WARN] [1787330154.863438586] [laser_mapping]: Localization not converged: effective=118 / scan_down=681 (ratio 17.3%). Holding pose until match improves.
[fastlio_mapping-3] [WARN] [1787330155.363076280] [laser_mapping]: Localization recovery transient rejected: eff=112/664 match=16.9% vel=2.53 step=2.03 zstep=0.23
[fastlio_mapping-3] [WARN] [1787330155.909007763] [laser_mapping]: Localization not converged: effective=75 / scan_down=525 (ratio 14.3%). Holding pose until match improves.
[fastlio_mapping-3] [INFO] [1787330155.961654603] [laser_mapping]: Localization settling: stable=1/20 eff=153/608 match=25.2%
[global_reloc_node-2] [INFO] [1787330156.462739150] [global_reloc]: Continuity GICP: fitness=0.379 anchor[13.17 4.99 yaw=45.3deg] -> pos[10.29 3.02 yaw=33.6deg]
[global_reloc_node-2] [WARN] [1787330156.462913135] [global_reloc]: Continuity GICP fitness 0.379 < 0.850; running true full-map relocalization
[fastlio_mapping-3] [INFO] [1787330156.962723789] [laser_mapping]: Localization settling: stable=1/20 eff=173/591 match=29.3%
[fastlio_mapping-3] [WARN] [1787330157.004802201] [laser_mapping]: Localization not converged: effective=17 / scan_down=414 (ratio 4.1%). Holding pose until match improves.
[fastlio_mapping-3] [WARN] [1787330158.005906140] [laser_mapping]: Localization not converged: effective=24 / scan_down=437 (ratio 5.5%). Holding pose until match improves.
[fastlio_mapping-3] [INFO] [1787330158.177641467] [laser_mapping]: Localization settling: stable=1/20 eff=169/621 match=27.2%
[fastlio_mapping-3] [WARN] [1787330159.009261704] [laser_mapping]: Localization not converged: effective=59 / scan_down=563 (ratio 10.5%). Holding pose until match improves.
[fastlio_mapping-3] [WARN] [1787330159.561808606] [laser_mapping]: Localization recovery transient rejected: eff=79/654 match=12.1% vel=2.56 step=1.91 zstep=0.60
[fastlio_mapping-3] [WARN] [1787330160.012916213] [laser_mapping]: Localization not converged: effective=109 / scan_down=680 (ratio 16.0%). Holding pose until match improves.
[fastlio_mapping-3] [WARN] [1787330161.058552078] [laser_mapping]: Localization recovery transient rejected: eff=39/548 match=7.1% vel=2.51 step=1.81 zstep=1.22
[fastlio_mapping-3] [WARN] [1787330161.112209385] [laser_mapping]: Localization not converged: effective=124 / scan_down=612 (ratio 20.3%). Holding pose until match improves.
[fastlio_mapping-3] [INFO] [1787330161.412052085] [laser_mapping]: Localization settling: stable=1/20 eff=157/615 match=25.5%
[global_reloc_node-2] [INFO] [1787330161.657069216] [global_reloc]: SC+GICP kf=65: fitness=0.743 (sc_yaw=0.290 grid_yaw=0.743) pos[8.96 -1.84] sc_dist=0.515
[global_reloc_node-2] [INFO] [1787330161.657243905] [global_reloc]: SC+GICP [SC-GICP#65] ACCEPTED
[global_reloc_node-2] [INFO] [1787330161.657273217] [global_reloc]: Reloc won at stage [SC-GICP#65]
[fastlio_mapping-3] [INFO] [1787330161.657521538] [laser_mapping]: Received /initialpose: [8.955, -1.841, 1.161], yaw=0.213 (will apply on next scan)
[global_reloc_node-2] [INFO] [1787330161.657552226] [global_reloc]: Published /initialpose: [8.96 -1.84 1.16] yaw=12.2° fitness=0.74
[nav_tf_manager-4] [WARN] [1787330161.657783363] [nav_tf_manager]: Updated map->odom from /initialpose [8.96 -1.84 1.16] (TF published immediately)
[fastlio_mapping-3] [INFO] [1787330161.693982231] [laser_mapping]: Applied init pose: [8.955, -1.841, 1.161], yaw=0.213
[global_reloc_node-2] [WARN] [1787330161.695128348] [global_reloc]: [symmetry-check] fitness(published)=0.743 vs fitness(+180deg)=0.080 => published is uniquely better
[global_reloc_node-2] [INFO] [1787330161.695248892] [global_reloc]: Global relocalization SUCCESS (fitness=0.743). Now tracking; will only re-trigger if lost.
[fastlio_mapping-3] [INFO] [1787330162.474174641] [laser_mapping]: Localization settling: stable=16/20 eff=368/431 match=85.4%
[fastlio_mapping-3] [INFO] [1787330162.655984250] [laser_mapping]: Localization CONVERGED after 20 stable frames: effective=386 / scan_down=430 (ratio 89.8%)
[fastlio_mapping-3] [INFO] [1787330162.656145978] [laser_mapping]: Loc OK: pos[8.76 -1.81 -0.09] eff=386/430
[global_reloc_node-2] [INFO] [1787330164.286565549] [global_reloc]: Tracking healthy: map-consistency=1.00
[fastlio_mapping-3] [INFO] [1787330165.681538461] [laser_mapping]: Loc OK: pos[8.79 -1.83 0.09] eff=567/639
[fastlio_mapping-3] [INFO] [1787330168.706001019] [laser_mapping]: Loc OK: pos[8.79 -1.84 0.09] eff=439/492
[global_reloc_node-2] [INFO] [1787330170.287106180] [global_reloc]: Tracking healthy: map-consistency=1.00
[fastlio_mapping-3] [INFO] [1787330171.707555035] [laser_mapping]: Loc OK: pos[8.79 -1.83 0.09] eff=478/548
[fastlio_mapping-3] [INFO] [1787330174.709366621] [laser_mapping]: Loc OK: pos[8.79 -1.83 0.09] eff=571/646
[global_reloc_node-2] [INFO] [1787330176.286216085] [global_reloc]: Tracking healthy: map-consistency=1.00
[fastlio_mapping-3] [INFO] [1787330177.757600445] [laser_mapping]: Loc OK: pos[8.80 -1.84 0.09] eff=444/489
[fastlio_mapping-3] [INFO] [1787330180.775572865] [laser_mapping]: Loc OK: pos[8.79 -1.83 0.09] eff=515/598
[global_reloc_node-2] [INFO] [1787330182.285840744] [global_reloc]: Tracking healthy: map-consistency=1.00
[fastlio_mapping-3] [INFO] [1787330183.831137758] [laser_mapping]: Loc OK: pos[8.79 -1.84 0.09] eff=547/616
[fastlio_mapping-3] [INFO] [1787330186.877044085] [laser_mapping]: Loc OK: pos[8.80 -1.83 0.09] eff=497/561
[global_reloc_node-2] [INFO] [1787330188.291236018] [global_reloc]: Tracking healthy: map-consistency=1.00
[fastlio_mapping-3] [INFO] [1787330189.919046779] [laser_mapping]: Loc OK: pos[8.79 -1.83 0.09] eff=574/643
[fastlio_mapping-3] [INFO] [1787330192.919402358] [laser_mapping]: Loc OK: pos[8.80 -1.83 0.09] eff=463/520
[global_reloc_node-2] [INFO] [1787330194.287194198] [global_reloc]: Tracking healthy: map-consistency=1.00
[fastlio_mapping-3] [INFO] [1787330195.962122240] [laser_mapping]: Loc OK: pos[8.79 -1.83 0.09] eff=546/629
[fastlio_mapping-3] [INFO] [1787330199.016385304] [laser_mapping]: Loc OK: pos[8.80 -1.83 0.09] eff=481/536
[global_reloc_node-2] [INFO] [1787330200.289342740] [global_reloc]: Tracking healthy: map-consistency=1.00
[fastlio_mapping-3] [INFO] [1787330202.025046262] [laser_mapping]: Loc OK: pos[8.80 -1.84 0.09] eff=478/553
[fastlio_mapping-3] [INFO] [1787330205.059987551] [laser_mapping]: Loc OK: pos[8.80 -1.83 0.09] eff=615/690
[global_reloc_node-2] [INFO] [1787330206.286569597] [global_reloc]: Tracking healthy: map-consistency=1.00
[fastlio_mapping-3] [INFO] [1787330208.073852754] [laser_mapping]: Loc OK: pos[8.80 -1.83 0.10] eff=515/580
[fastlio_mapping-3] [INFO] [1787330211.105475630] [laser_mapping]: Loc OK: pos[8.80 -1.83 0.09] eff=548/628
[global_reloc_node-2] [INFO] [1787330212.286323728] [global_reloc]: Tracking healthy: map-consistency=1.00
[fastlio_mapping-3] [INFO] [1787330214.158379072] [laser_mapping]: Loc OK: pos[8.80 -1.83 0.10] eff=496/559
[fastlio_mapping-3] [INFO] [1787330217.159566464] [laser_mapping]: Loc OK: pos[8.80 -1.83 0.09] eff=458/526
[global_reloc_node-2] [INFO] [1787330218.289702610] [global_reloc]: Tracking healthy: map-consistency=1.00
[fastlio_mapping-3] [INFO] [1787330220.163486570] [laser_mapping]: Loc OK: pos[8.80 -1.83 0.09] eff=601/661
[fastlio_mapping-3] [INFO] [1787330223.214304116] [laser_mapping]: Loc OK: pos[8.80 -1.83 0.10] eff=489/563
[global_reloc_node-2] [INFO] [1787330224.288892068] [global_reloc]: Tracking healthy: map-consistency=1.00
[fastlio_mapping-3] [INFO] [1787330226.270710645] [laser_mapping]: Loc OK: pos[8.80 -1.83 0.09] eff=553/630
[fastlio_mapping-3] [INFO] [1787330229.304252761] [laser_mapping]: Loc OK: pos[8.80 -1.83 0.09] eff=512/559
[global_reloc_node-2] [INFO] [1787330230.293304586] [global_reloc]: Tracking healthy: map-consistency=1.00
[fastlio_mapping-3] [INFO] [1787330232.305702361] [laser_mapping]: Loc OK: pos[8.80 -1.83 0.09] eff=426/494
[fastlio_mapping-3] [INFO] [1787330235.314392343] [laser_mapping]: Loc OK: pos[8.80 -1.83 0.09] eff=594/672
[global_reloc_node-2] [INFO] [1787330236.289943761] [global_reloc]: Tracking healthy: map-consistency=1.00
[fastlio_mapping-3] [INFO] [1787330238.319778535] [laser_mapping]: Loc OK: pos[8.80 -1.83 0.10] eff=403/454
[fastlio_mapping-3] [INFO] [1787330241.323159951] [laser_mapping]: Loc OK: pos[8.80 -1.83 0.10] eff=569/623
[global_reloc_node-2] [INFO] [1787330242.290431623] [global_reloc]: Tracking healthy: map-consistency=1.00
[fastlio_mapping-3] [INFO] [1787330244.359399550] [laser_mapping]: Loc OK: pos[8.80 -1.83 0.10] eff=491/561
[fastlio_mapping-3] [INFO] [1787330247.365815538] [laser_mapping]: Loc OK: pos[8.80 -1.83 0.09] eff=516/570
[global_reloc_node-2] [INFO] [1787330248.292510500] [global_reloc]: Tracking healthy: map-consistency=1.00
[fastlio_mapping-3] [INFO] [1787330250.371118242] [laser_mapping]: Loc OK: pos[8.80 -1.83 0.10] eff=575/658
[fastlio_mapping-3] [INFO] [1787330253.410780543] [laser_mapping]: Loc OK: pos[8.80 -1.83 0.09] eff=550/609
[global_reloc_node-2] [INFO] [1787330254.289274667] [global_reloc]: Tracking healthy: map-consistency=1.00
[fastlio_mapping-3] [INFO] [1787330256.459085727] [laser_mapping]: Loc OK: pos[8.80 -1.83 0.10] eff=568/640
[fastlio_mapping-3] [INFO] [1787330259.464813968] [laser_mapping]: Loc OK: pos[8.80 -1.83 0.09] eff=525/598
[global_reloc_node-2] [INFO] [1787330260.286695029] [global_reloc]: Tracking healthy: map-consistency=0.99
[fastlio_mapping-3] [INFO] [1787330262.505061263] [laser_mapping]: Loc OK: pos[8.80 -1.83 0.09] eff=497/559
[fastlio_mapping-3] [INFO] [1787330265.509423932] [laser_mapping]: Loc OK: pos[8.80 -1.83 0.10] eff=590/658
[global_reloc_node-2] [INFO] [1787330266.287131916] [global_reloc]: Tracking healthy: map-consistency=1.00
[fastlio_mapping-3] [INFO] [1787330268.522903501] [laser_mapping]: Loc OK: pos[8.80 -1.83 0.10] eff=410/452
[fastlio_mapping-3] [INFO] [1787330271.568052224] [laser_mapping]: Loc OK: pos[8.80 -1.83 0.09] eff=453/517
[global_reloc_node-2] [INFO] [1787330272.288158500] [global_reloc]: Tracking healthy: map-consistency=1.00
[fastlio_mapping-3] [INFO] [1787330274.612437904] [laser_mapping]: Loc OK: pos[8.80 -1.83 0.09] eff=562/635
[fastlio_mapping-3] [INFO] [1787330277.621457551] [laser_mapping]: Loc OK: pos[8.80 -1.83 0.10] eff=377/430
[global_reloc_node-2] [INFO] [1787330278.287312853] [global_reloc]: Tracking healthy: map-consistency=1.00
[fastlio_mapping-3] [INFO] [1787330280.659514853] [laser_mapping]: Loc OK: pos[8.80 -1.83 0.09] eff=580/670
[fastlio_mapping-3] [INFO] [1787330283.666468316] [laser_mapping]: Loc OK: pos[8.80 -1.83 0.10] eff=415/470
[global_reloc_node-2] [INFO] [1787330284.291806524] [global_reloc]: Tracking healthy: map-consistency=1.00
[fastlio_mapping-3] [INFO] [1787330286.713272150] [laser_mapping]: Loc OK: pos[8.80 -1.83 0.10] eff=472/529
[fastlio_mapping-3] [INFO] [1787330289.719309865] [laser_mapping]: Loc OK: pos[8.80 -1.83 0.09] eff=477/542
[global_reloc_node-2] [INFO] [1787330290.287033533] [global_reloc]: Tracking healthy: map-consistency=1.00
[fastlio_mapping-3] [INFO] [1787330292.729499149] [laser_mapping]: Loc OK: pos[8.80 -1.83 0.09] eff=499/567
[fastlio_mapping-3] [INFO] [1787330295.765756475] [laser_mapping]: Loc OK: pos[8.80 -1.83 0.09] eff=614/683
[global_reloc_node-2] [INFO] [1787330296.290050206] [global_reloc]: Tracking healthy: map-consistency=1.00
[fastlio_mapping-3] [INFO] [1787330298.806471260] [laser_mapping]: Loc OK: pos[8.80 -1.83 0.10] eff=390/453
[fastlio_mapping-3] [INFO] [1787330301.815420283] [laser_mapping]: Loc OK: pos[8.80 -1.83 0.09] eff=561/617
[global_reloc_node-2] [INFO] [1787330302.287826921] [global_reloc]: Tracking healthy: map-consistency=1.00
[fastlio_mapping-3] [INFO] [1787330304.818767971] [laser_mapping]: Loc OK: pos[8.80 -1.83 0.09] eff=540/613
[fastlio_mapping-3] [INFO] [1787330307.855566804] [laser_mapping]: Loc OK: pos[8.80 -1.83 0.09] eff=513/583
[global_reloc_node-2] [INFO] [1787330308.287316924] [global_reloc]: Tracking healthy: map-consistency=1.00
[fastlio_mapping-3] [INFO] [1787330310.874214395] [laser_mapping]: Loc OK: pos[8.80 -1.83 0.09] eff=586/660
[fastlio_mapping-3] [INFO] [1787330313.915040796] [laser_mapping]: Loc OK: pos[8.80 -1.83 0.10] eff=488/550
[global_reloc_node-2] [INFO] [1787330314.289277944] [global_reloc]: Tracking healthy: map-consistency=1.00
[fastlio_mapping-3] [INFO] [1787330316.920904750] [laser_mapping]: Loc OK: pos[8.80 -1.83 0.09] eff=480/540
[fastlio_mapping-3] [INFO] [1787330319.960695691] [laser_mapping]: Loc OK: pos[8.80 -1.83 0.09] eff=532/590
[global_reloc_node-2] [INFO] [1787330320.287044163] [global_reloc]: Tracking healthy: map-consistency=1.00
[fastlio_mapping-3] [INFO] [1787330322.965693370] [laser_mapping]: Loc OK: pos[8.80 -1.83 0.09] eff=384/438
[fastlio_mapping-3] [INFO] [1787330325.969952582] [laser_mapping]: Loc OK: pos[8.80 -1.83 0.10] eff=577/649
[global_reloc_node-2] [INFO] [1787330326.287833051] [global_reloc]: Tracking healthy: map-consistency=1.00
[fastlio_mapping-3] [INFO] [1787330328.976163129] [laser_mapping]: Loc OK: pos[8.80 -1.83 0.09] eff=552/614
[fastlio_mapping-3] [INFO] [1787330332.008591896] [laser_mapping]: Loc OK: pos[8.80 -1.83 0.09] eff=567/610
[global_reloc_node-2] [INFO] [1787330332.289198005] [global_reloc]: Tracking healthy: map-consistency=1.00
[fastlio_mapping-3] [INFO] [1787330335.058887680] [laser_mapping]: Loc OK: pos[8.80 -1.83 0.10] eff=567/636
[fastlio_mapping-3] [INFO] [1787330338.062331465] [laser_mapping]: Loc OK: pos[8.80 -1.83 0.10] eff=494/565
[global_reloc_node-2] [INFO] [1787330338.287578179] [global_reloc]: Tracking healthy: map-consistency=1.00
[fastlio_mapping-3] [INFO] [1787330341.123982623] [laser_mapping]: Loc OK: pos[8.80 -1.83 0.09] eff=604/675
[fastlio_mapping-3] [INFO] [1787330344.168685009] [laser_mapping]: Loc OK: pos[8.80 -1.83 0.10] eff=460/507
[global_reloc_node-2] [INFO] [1787330344.286910389] [global_reloc]: Tracking healthy: map-consistency=1.00
[fastlio_mapping-3] [INFO] [1787330347.213395394] [laser_mapping]: Loc OK: pos[8.80 -1.83 0.09] eff=396/443
[fastlio_mapping-3] [INFO] [1787330350.216604393] [laser_mapping]: Loc OK: pos[8.80 -1.83 0.09] eff=566/629
[global_reloc_node-2] [INFO] [1787330350.288849457] [global_reloc]: Tracking healthy: map-consistency=1.00
[fastlio_mapping-3] [INFO] [1787330353.261194458] [laser_mapping]: Loc OK: pos[8.80 -1.83 0.10] eff=361/412
[fastlio_mapping-3] [INFO] [1787330356.262196856] [laser_mapping]: Loc OK: pos[8.80 -1.83 0.09] eff=581/647
[global_reloc_node-2] [INFO] [1787330356.287678689] [global_reloc]: Tracking healthy: map-consistency=1.00
[fastlio_mapping-3] [INFO] [1787330359.272857886] [laser_mapping]: Loc OK: pos[8.80 -1.83 0.09] eff=564/630
[global_reloc_node-2] [INFO] [1787330362.292422857] [global_reloc]: Tracking healthy: map-consistency=1.00
[fastlio_mapping-3] [INFO] [1787330362.328462012] [laser_mapping]: Loc OK: pos[8.80 -1.83 0.09] eff=476/538
[fastlio_mapping-3] [INFO] [1787330365.359693750] [laser_mapping]: Loc OK: pos[8.80 -1.83 0.09] eff=594/686
[global_reloc_node-2] [INFO] [1787330368.286939367] [global_reloc]: Tracking healthy: map-consistency=1.00
[fastlio_mapping-3] [INFO] [1787330368.369199735] [laser_mapping]: Loc OK: pos[8.81 -1.83 0.10] eff=467/530
[fastlio_mapping-3] [INFO] [1787330371.423225359] [laser_mapping]: Loc OK: pos[8.80 -1.83 0.09] eff=565/635
[global_reloc_node-2] [INFO] [1787330374.286681370] [global_reloc]: Tracking healthy: map-consistency=1.00
[fastlio_mapping-3] [INFO] [1787330374.466113817] [laser_mapping]: Loc OK: pos[8.80 -1.83 0.10] eff=484/550
[fastlio_mapping-3] [INFO] [1787330377.504571152] [laser_mapping]: Loc OK: pos[8.80 -1.83 0.10] eff=366/426
[global_reloc_node-2] [INFO] [1787330380.289194201] [global_reloc]: Tracking healthy: map-consistency=1.00
[fastlio_mapping-3] [INFO] [1787330380.522808373] [laser_mapping]: Loc OK: pos[8.80 -1.83 0.10] eff=589/673
[fastlio_mapping-3] [INFO] [1787330383.557463933] [laser_mapping]: Loc OK: pos[8.80 -1.83 0.10] eff=394/447
[global_reloc_node-2] [INFO] [1787330386.290158801] [global_reloc]: Tracking healthy: map-consistency=1.00
[fastlio_mapping-3] [INFO] [1787330386.606714145] [laser_mapping]: Loc OK: pos[8.80 -1.83 0.10] eff=469/530
[fastlio_mapping-3] [INFO] [1787330389.614466907] [laser_mapping]: Loc OK: pos[8.80 -1.83 0.10] eff=476/531
[global_reloc_node-2] [INFO] [1787330392.291557611] [global_reloc]: Tracking healthy: map-consistency=1.00
[fastlio_mapping-3] [INFO] [1787330392.655866687] [laser_mapping]: Loc OK: pos[8.80 -1.83 0.09] eff=387/430
[fastlio_mapping-3] [INFO] [1787330395.671263800] [laser_mapping]: Loc OK: pos[8.80 -1.83 0.09] eff=606/686
[global_reloc_node-2] [INFO] [1787330398.292362947] [global_reloc]: Tracking healthy: map-consistency=1.00
[fastlio_mapping-3] [INFO] [1787330398.673415579] [laser_mapping]: Loc OK: pos[8.80 -1.84 0.10] eff=485/546
[fastlio_mapping-3] [INFO] [1787330401.676789507] [laser_mapping]: Loc OK: pos[8.80 -1.83 0.09] eff=491/544
[global_reloc_node-2] [INFO] [1787330404.292439672] [global_reloc]: Tracking healthy: map-consistency=1.00
[fastlio_mapping-3] [INFO] [1787330404.712005774] [laser_mapping]: Loc OK: pos[8.80 -1.83 0.10] eff=561/620
[fastlio_mapping-3] [INFO] [1787330407.720913644] [laser_mapping]: Loc OK: pos[8.80 -1.84 0.10] eff=413/455
[global_reloc_node-2] [INFO] [1787330410.287127159] [global_reloc]: Tracking healthy: map-consistency=1.00
[fastlio_mapping-3] [INFO] [1787330410.733743643] [laser_mapping]: Loc OK: pos[8.80 -1.83 0.10] eff=597/662
[fastlio_mapping-3] [INFO] [1787330413.755626095] [laser_mapping]: Loc OK: pos[8.80 -1.83 0.10] eff=391/440
[global_reloc_node-2] [INFO] [1787330416.294312393] [global_reloc]: Tracking healthy: map-consistency=1.00
[fastlio_mapping-3] [INFO] [1787330416.769754275] [laser_mapping]: Loc OK: pos[8.80 -1.83 0.09] eff=580/636
[fastlio_mapping-3] [INFO] [1787330419.814329748] [laser_mapping]: Loc OK: pos[8.80 -1.83 0.10] eff=466/519
[global_reloc_node-2] [INFO] [1787330422.286923455] [global_reloc]: Tracking healthy: map-consistency=1.00
[fastlio_mapping-3] [INFO] [1787330422.853639887] [laser_mapping]: Loc OK: pos[8.80 -1.83 0.10] eff=378/424
[fastlio_mapping-3] [INFO] [1787330425.860529381] [laser_mapping]: Loc OK: pos[8.80 -1.83 0.09] eff=620/700
[global_reloc_node-2] [INFO] [1787330428.287324341] [global_reloc]: Tracking healthy: map-consistency=1.00
[fastlio_mapping-3] [INFO] [1787330428.904057746] [laser_mapping]: Loc OK: pos[8.80 -1.83 0.10] eff=396/455
[fastlio_mapping-3] [INFO] [1787330431.921421267] [laser_mapping]: Loc OK: pos[8.80 -1.83 0.10] eff=557/626
[global_reloc_node-2] [INFO] [1787330434.289800179] [global_reloc]: Tracking healthy: map-consistency=1.00
[fastlio_mapping-3] [INFO] [1787330434.959415401] [laser_mapping]: Loc OK: pos[8.80 -1.83 0.09] eff=484/546
[fastlio_mapping-3] [INFO] [1787330437.969346700] [laser_mapping]: Loc OK: pos[8.80 -1.83 0.09] eff=471/526
[global_reloc_node-2] [INFO] [1787330440.287182557] [global_reloc]: Tracking healthy: map-consistency=1.00
[fastlio_mapping-3] [INFO] [1787330440.971619919] [laser_mapping]: Loc OK: pos[8.80 -1.83 0.09] eff=600/670
[fastlio_mapping-3] [INFO] [1787330444.018408393] [laser_mapping]: Loc OK: pos[8.80 -1.83 0.10] eff=505/588
[global_reloc_node-2] [INFO] [1787330446.288731288] [global_reloc]: Tracking healthy: map-consistency=1.00
[fastlio_mapping-3] [INFO] [1787330447.061254099] [laser_mapping]: Loc OK: pos[8.80 -1.83 0.09] eff=528/604
[fastlio_mapping-3] [INFO] [1787330450.070108177] [laser_mapping]: Loc OK: pos[8.80 -1.83 0.09] eff=531/611
[global_reloc_node-2] [INFO] [1787330452.287174022] [global_reloc]: Tracking healthy: map-consistency=1.00
[fastlio_mapping-3] [INFO] [1787330453.110300048] [laser_mapping]: Loc OK: pos[8.80 -1.83 0.10] eff=497/571
[fastlio_mapping-3] [INFO] [1787330456.161081626] [laser_mapping]: Loc OK: pos[8.80 -1.83 0.09] eff=601/688
[global_reloc_node-2] [INFO] [1787330458.287279483] [global_reloc]: Tracking healthy: map-consistency=1.00
[fastlio_mapping-3] [INFO] [1787330459.216029301] [laser_mapping]: Loc OK: pos[8.80 -1.83 0.09] eff=398/447
[fastlio_mapping-3] [INFO] [1787330462.266864288] [laser_mapping]: Loc OK: pos[8.80 -1.83 0.10] eff=456/521
[global_reloc_node-2] [INFO] [1787330464.291960163] [global_reloc]: Tracking healthy: map-consistency=1.00
[fastlio_mapping-3] [INFO] [1787330465.316776774] [laser_mapping]: Loc OK: pos[8.80 -1.83 0.09] eff=558/636
[fastlio_mapping-3] [INFO] [1787330468.373254920] [laser_mapping]: Loc OK: pos[8.80 -1.83 0.09] eff=516/572
[global_reloc_node-2] [INFO] [1787330470.288101031] [global_reloc]: Tracking healthy: map-consistency=1.00
[fastlio_mapping-3] [INFO] [1787330471.410250649] [laser_mapping]: Loc OK: pos[8.80 -1.83 0.09] eff=598/673
[fastlio_mapping-3] [INFO] [1787330474.420613406] [laser_mapping]: Loc OK: pos[8.80 -1.83 0.09] eff=486/556
[global_reloc_node-2] [INFO] [1787330476.287528089] [global_reloc]: Tracking healthy: map-consistency=1.00
[fastlio_mapping-3] [INFO] [1787330477.466704469] [laser_mapping]: Loc OK: pos[8.80 -1.83 0.09] eff=568/628
[fastlio_mapping-3] [INFO] [1787330480.511776072] [laser_mapping]: Loc OK: pos[8.80 -1.83 0.09] eff=525/593
[global_reloc_node-2] [INFO] [1787330482.289003572] [global_reloc]: Tracking healthy: map-consistency=1.00
[fastlio_mapping-3] [INFO] [1787330483.524018356] [laser_mapping]: Loc OK: pos[8.80 -1.83 0.09] eff=497/549
[fastlio_mapping-3] [INFO] [1787330486.572923095] [laser_mapping]: Loc OK: pos[8.80 -1.83 0.10] eff=565/640
[global_reloc_node-2] [INFO] [1787330488.292044597] [global_reloc]: Tracking healthy: map-consistency=1.00
[fastlio_mapping-3] [INFO] [1787330489.573537171] [laser_mapping]: Loc OK: pos[8.80 -1.83 0.10] eff=558/628
[fastlio_mapping-3] [INFO] [1787330492.617589250] [laser_mapping]: Loc OK: pos[8.80 -1.83 0.09] eff=547/616
[global_reloc_node-2] [INFO] [1787330494.287787384] [global_reloc]: Tracking healthy: map-consistency=1.00
[fastlio_mapping-3] [INFO] [1787330495.672541757] [laser_mapping]: Loc OK: pos[8.80 -1.83 0.09] eff=574/640
[fastlio_mapping-3] [INFO] [1787330498.710002417] [laser_mapping]: Loc OK: pos[8.80 -1.83 0.10] eff=377/418
[global_reloc_node-2] [INFO] [1787330500.287503627] [global_reloc]: Tracking healthy: map-consistency=1.00
[fastlio_mapping-3] [INFO] [1787330501.732245990] [laser_mapping]: Loc OK: pos[8.80 -1.83 0.09] eff=545/615
[fastlio_mapping-3] [INFO] [1787330504.763333919] [laser_mapping]: Loc OK: pos[8.80 -1.83 0.10] eff=476/535
[global_reloc_node-2] [INFO] [1787330506.289078342] [global_reloc]: Tracking healthy: map-consistency=1.00
[fastlio_mapping-3] [INFO] [1787330507.806159817] [laser_mapping]: Loc OK: pos[8.80 -1.83 0.10] eff=396/443
[fastlio_mapping-3] [INFO] [1787330510.809874610] [laser_mapping]: Loc OK: pos[8.80 -1.83 0.10] eff=570/639
[global_reloc_node-2] [INFO] [1787330512.287292563] [global_reloc]: Tracking healthy: map-consistency=1.00
[fastlio_mapping-3] [INFO] [1787330513.824716489] [laser_mapping]: Loc OK: pos[8.80 -1.83 0.10] eff=490/551
[fastlio_mapping-3] [INFO] [1787330516.855723427] [laser_mapping]: Loc OK: pos[8.80 -1.83 0.09] eff=566/640
[global_reloc_node-2] [INFO] [1787330518.288337356] [global_reloc]: Tracking healthy: map-consistency=1.00
[fastlio_mapping-3] [INFO] [1787330519.873787847] [laser_mapping]: Loc OK: pos[8.80 -1.83 0.09] eff=574/642
[fastlio_mapping-3] [INFO] [1787330522.923929646] [laser_mapping]: Loc OK: pos[8.80 -1.83 0.09] eff=541/598
[global_reloc_node-2] [INFO] [1787330524.292510961] [global_reloc]: Tracking healthy: map-consistency=1.00
[fastlio_mapping-3] [INFO] [1787330525.956652719] [laser_mapping]: Loc OK: pos[8.80 -1.83 0.09] eff=581/666
[fastlio_mapping-3] [INFO] [1787330528.978483810] [laser_mapping]: Loc OK: pos[8.80 -1.83 0.10] eff=509/566
[global_reloc_node-2] [INFO] [1787330530.289158296] [global_reloc]: Tracking healthy: map-consistency=1.00
[fastlio_mapping-3] [INFO] [1787330532.009933853] [laser_mapping]: Loc OK: pos[8.80 -1.83 0.09] eff=570/629
[fastlio_mapping-3] [INFO] [1787330535.010331769] [laser_mapping]: Loc OK: pos[8.80 -1.83 0.10] eff=504/577
[global_reloc_node-2] [INFO] [1787330536.293098973] [global_reloc]: Tracking healthy: map-consistency=1.00
[fastlio_mapping-3] [INFO] [1787330538.069302597] [laser_mapping]: Loc OK: pos[8.80 -1.83 0.09] eff=554/614
[fastlio_mapping-3] [INFO] [1787330541.124698306] [laser_mapping]: Loc OK: pos[8.80 -1.83 0.10] eff=588/666
[global_reloc_node-2] [INFO] [1787330542.287485434] [global_reloc]: Tracking healthy: map-consistency=1.00
[fastlio_mapping-3] [INFO] [1787330544.158157285] [laser_mapping]: Loc OK: pos[8.80 -1.83 0.09] eff=385/436
[fastlio_mapping-3] [INFO] [1787330547.217089936] [laser_mapping]: Loc OK: pos[8.80 -1.83 0.10] eff=470/531
[global_reloc_node-2] [INFO] [1787330548.287588687] [global_reloc]: Tracking healthy: map-consistency=1.00
[fastlio_mapping-3] [INFO] [1787330550.276713375] [laser_mapping]: Loc OK: pos[8.80 -1.83 0.10] eff=533/610
[fastlio_mapping-3] [INFO] [1787330553.325582177] [laser_mapping]: Loc OK: pos[8.80 -1.83 0.09] eff=506/567
[global_reloc_node-2] [INFO] [1787330554.288657928] [global_reloc]: Tracking healthy: map-consistency=1.00
[fastlio_mapping-3] [INFO] [1787330556.364047225] [laser_mapping]: Loc OK: pos[8.80 -1.83 0.09] eff=621/690
[fastlio_mapping-3] [INFO] [1787330559.415496070] [laser_mapping]: Loc OK: pos[8.80 -1.83 0.10] eff=381/427
[global_reloc_node-2] [INFO] [1787330560.289888161] [global_reloc]: Tracking healthy: map-consistency=1.00
[fastlio_mapping-3] [INFO] [1787330562.415965090] [laser_mapping]: Loc OK: pos[8.80 -1.83 0.10] eff=533/618
[fastlio_mapping-3] [INFO] [1787330565.458696459] [laser_mapping]: Loc OK: pos[8.80 -1.83 0.10] eff=510/569
[global_reloc_node-2] [INFO] [1787330566.290771482] [global_reloc]: Tracking healthy: map-consistency=1.00
[fastlio_mapping-3] [INFO] [1787330568.460831726] [laser_mapping]: Loc OK: pos[8.80 -1.83 0.09] eff=510/570
[fastlio_mapping-3] [INFO] [1787330571.470859249] [laser_mapping]: Loc OK: pos[8.80 -1.83 0.09] eff=573/653
[global_reloc_node-2] [INFO] [1787330572.290332428] [global_reloc]: Tracking healthy: map-consistency=1.00
[fastlio_mapping-3] [INFO] [1787330574.513840155] [laser_mapping]: Loc OK: pos[8.80 -1.83 0.10] eff=504/572
[fastlio_mapping-3] [INFO] [1787330577.576446710] [laser_mapping]: Loc OK: pos[8.80 -1.83 0.09] eff=559/626
[global_reloc_node-2] [INFO] [1787330578.287835350] [global_reloc]: Tracking healthy: map-consistency=1.00
[fastlio_mapping-3] [INFO] [1787330580.581596517] [laser_mapping]: Loc OK: pos[8.80 -1.83 0.10] eff=564/626
[fastlio_mapping-3] [INFO] [1787330583.606448613] [laser_mapping]: Loc OK: pos[8.80 -1.83 0.10] eff=445/515
[global_reloc_node-2] [INFO] [1787330584.290958104] [global_reloc]: Tracking healthy: map-consistency=1.00
[fastlio_mapping-3] [INFO] [1787330586.608885513] [laser_mapping]: Loc OK: pos[8.80 -1.83 0.09] eff=545/618
[fastlio_mapping-3] [INFO] [1787330589.678904834] [laser_mapping]: Loc OK: pos[8.80 -1.83 0.09] eff=535/593
[global_reloc_node-2] [INFO] [1787330590.293477526] [global_reloc]: Tracking healthy: map-consistency=1.00
[fastlio_mapping-3] [INFO] [1787330592.729238955] [laser_mapping]: Loc OK: pos[8.80 -1.83 0.09] eff=551/618
[fastlio_mapping-3] [INFO] [1787330595.766522430] [laser_mapping]: Loc OK: pos[8.80 -1.83 0.09] eff=534/624
[global_reloc_node-2] [INFO] [1787330596.287901172] [global_reloc]: Tracking healthy: map-consistency=1.00
[fastlio_mapping-3] [INFO] [1787330598.802698220] [laser_mapping]: Loc OK: pos[8.80 -1.83 0.10] eff=334/391
[fastlio_mapping-3] [INFO] [1787330601.825948805] [laser_mapping]: Loc OK: pos[8.80 -1.83 0.09] eff=592/676
[global_reloc_node-2] [INFO] [1787330602.287805352] [global_reloc]: Tracking healthy: map-consistency=1.00
[fastlio_mapping-3] [INFO] [1787330604.876945008] [laser_mapping]: Loc OK: pos[8.80 -1.83 0.10] eff=437/495
[fastlio_mapping-3] [INFO] [1787330607.914500804] [laser_mapping]: Loc OK: pos[8.80 -1.83 0.09] eff=418/470
[global_reloc_node-2] [INFO] [1787330608.287872157] [global_reloc]: Tracking healthy: map-consistency=1.00
[fastlio_mapping-3] [INFO] [1787330610.926507888] [laser_mapping]: Loc OK: pos[8.80 -1.83 0.10] eff=544/616
[fastlio_mapping-3] [INFO] [1787330613.964980583] [laser_mapping]: Loc OK: pos[8.80 -1.83 0.10] eff=386/436
[global_reloc_node-2] [INFO] [1787330614.287516496] [global_reloc]: Tracking healthy: map-consistency=1.00
[fastlio_mapping-3] [INFO] [1787330617.020741606] [laser_mapping]: Loc OK: pos[8.80 -1.83 0.10] eff=497/564
[fastlio_mapping-3] [INFO] [1787330620.064152690] [laser_mapping]: Loc OK: pos[8.80 -1.83 0.09] eff=561/631
[global_reloc_node-2] [INFO] [1787330620.288021062] [global_reloc]: Tracking healthy: map-consistency=1.00
[fastlio_mapping-3] [INFO] [1787330623.111165837] [laser_mapping]: Loc OK: pos[8.80 -1.83 0.09] eff=516/577
[fastlio_mapping-3] [INFO] [1787330626.113054415] [laser_mapping]: Loc OK: pos[8.80 -1.83 0.09] eff=575/654
[global_reloc_node-2] [INFO] [1787330626.288142939] [global_reloc]: Tracking healthy: map-consistency=1.00
[fastlio_mapping-3] [INFO] [1787330629.173613793] [laser_mapping]: Loc OK: pos[8.80 -1.83 0.10] eff=462/508
[fastlio_mapping-3] [INFO] [1787330632.213550142] [laser_mapping]: Loc OK: pos[8.80 -1.83 0.09] eff=557/632
[global_reloc_node-2] [INFO] [1787330632.289093716] [global_reloc]: Tracking healthy: map-consistency=1.00
[fastlio_mapping-3] [INFO] [1787330635.251198483] [laser_mapping]: Loc OK: pos[8.80 -1.83 0.09] eff=497/569
[fastlio_mapping-3] [INFO] [1787330638.277247320] [laser_mapping]: Loc OK: pos[8.80 -1.83 0.09] eff=505/575
[global_reloc_node-2] [INFO] [1787330638.287969412] [global_reloc]: Tracking healthy: map-consistency=1.00
[fastlio_mapping-3] [INFO] [1787330641.293190643] [laser_mapping]: Loc OK: pos[8.80 -1.83 0.10] eff=543/614
[global_reloc_node-2] [INFO] [1787330644.287617143] [global_reloc]: Tracking healthy: map-consistency=1.00
[fastlio_mapping-3] [INFO] [1787330644.307236071] [laser_mapping]: Loc OK: pos[8.81 -1.83 0.10] eff=510/564
[fastlio_mapping-3] [INFO] [1787330647.309469674] [laser_mapping]: Loc OK: pos[8.80 -1.83 0.09] eff=509/564
[global_reloc_node-2] [INFO] [1787330650.288149709] [global_reloc]: Tracking healthy: map-consistency=1.00
[fastlio_mapping-3] [INFO] [1787330650.318760491] [laser_mapping]: Loc OK: pos[8.80 -1.83 0.09] eff=437/493
[fastlio_mapping-3] [INFO] [1787330653.358244006] [laser_mapping]: Loc OK: pos[8.80 -1.83 0.09] eff=395/446
[global_reloc_node-2] [INFO] [1787330656.291544048] [global_reloc]: Tracking healthy: map-consistency=1.00
[fastlio_mapping-3] [INFO] [1787330656.375410279] [laser_mapping]: Loc OK: pos[8.80 -1.83 0.09] eff=594/682
[fastlio_mapping-3] [INFO] [1787330659.414213760] [laser_mapping]: Loc OK: pos[8.80 -1.83 0.10] eff=395/443
[global_reloc_node-2] [INFO] [1787330662.293181611] [global_reloc]: Tracking healthy: map-consistency=1.00
[fastlio_mapping-3] [INFO] [1787330662.457044490] [laser_mapping]: Loc OK: pos[8.80 -1.83 0.09] eff=504/562
[fastlio_mapping-3] [INFO] [1787330665.511502691] [laser_mapping]: Loc OK: pos[8.80 -1.83 0.09] eff=524/605
[global_reloc_node-2] [INFO] [1787330668.288636845] [global_reloc]: Tracking healthy: map-consistency=1.00
[fastlio_mapping-3] [INFO] [1787330668.568872328] [laser_mapping]: Loc OK: pos[8.80 -1.83 0.09] eff=455/521
[fastlio_mapping-3] [INFO] [1787330671.606288731] [laser_mapping]: Loc OK: pos[8.80 -1.83 0.10] eff=596/681
[global_reloc_node-2] [INFO] [1787330674.287780830] [global_reloc]: Tracking healthy: map-consistency=1.00
[fastlio_mapping-3] [INFO] [1787330674.611654828] [laser_mapping]: Loc OK: pos[8.80 -1.83 0.09] eff=520/594
[fastlio_mapping-3] [INFO] [1787330677.659187912] [laser_mapping]: Loc OK: pos[8.80 -1.83 0.09] eff=571/642
[global_reloc_node-2] [INFO] [1787330680.289578713] [global_reloc]: Tracking healthy: map-consistency=1.00
[fastlio_mapping-3] [INFO] [1787330680.659362723] [laser_mapping]: Loc OK: pos[8.80 -1.83 0.09] eff=562/635
[fastlio_mapping-3] [INFO] [1787330683.663830064] [laser_mapping]: Loc OK: pos[8.80 -1.83 0.09] eff=404/458
[global_reloc_node-2] [INFO] [1787330686.288978987] [global_reloc]: Tracking healthy: map-consistency=1.00
[fastlio_mapping-3] [INFO] [1787330686.705824342] [laser_mapping]: Loc OK: pos[8.80 -1.83 0.09] eff=570/658
[fastlio_mapping-3] [INFO] [1787330689.705848848] [laser_mapping]: Loc OK: pos[8.80 -1.83 0.10] eff=380/436
[global_reloc_node-2] [INFO] [1787330692.293640243] [global_reloc]: Tracking healthy: map-consistency=1.00
[fastlio_mapping-3] [INFO] [1787330692.708798103] [laser_mapping]: Loc OK: pos[8.80 -1.83 0.09] eff=571/636
[fastlio_mapping-3] [INFO] [1787330695.760942150] [laser_mapping]: Loc OK: pos[8.81 -1.83 0.09] eff=516/584
[global_reloc_node-2] [INFO] [1787330698.290517947] [global_reloc]: Tracking healthy: map-consistency=1.00
[fastlio_mapping-3] [INFO] [1787330698.773335827] [laser_mapping]: Loc OK: pos[8.80 -1.83 0.09] eff=536/597
[fastlio_mapping-3] [INFO] [1787330701.817240673] [laser_mapping]: Loc OK: pos[8.80 -1.83 0.09] eff=588/676
[global_reloc_node-2] [INFO] [1787330704.287970277] [global_reloc]: Tracking healthy: map-consistency=1.00
[fastlio_mapping-3] [INFO] [1787330704.868315661] [laser_mapping]: Loc OK: pos[8.80 -1.83 0.10] eff=415/471
[fastlio_mapping-3] [INFO] [1787330707.908470411] [laser_mapping]: Loc OK: pos[8.80 -1.83 0.10] eff=459/518
[global_reloc_node-2] [INFO] [1787330710.289035454] [global_reloc]: Tracking healthy: map-consistency=1.00
[fastlio_mapping-3] [INFO] [1787330710.910103500] [laser_mapping]: Loc OK: pos[8.80 -1.83 0.10] eff=469/532
[fastlio_mapping-3] [INFO] [1787330713.944339379] [laser_mapping]: Loc OK: pos[8.80 -1.83 0.09] eff=398/449
[global_reloc_node-2] [INFO] [1787330716.290974298] [global_reloc]: Tracking healthy: map-consistency=1.00
[fastlio_mapping-3] [INFO] [1787330716.952809104] [laser_mapping]: Loc OK: pos[8.80 -1.83 0.09] eff=589/644
[fastlio_mapping-3] [INFO] [1787330719.960101224] [laser_mapping]: Loc OK: pos[8.80 -1.83 0.09] eff=553/616
[global_reloc_node-2] [INFO] [1787330722.289370728] [global_reloc]: Tracking healthy: map-consistency=1.00
[fastlio_mapping-3] [INFO] [1787330723.011318580] [laser_mapping]: Loc OK: pos[8.80 -1.83 0.09] eff=543/609
[fastlio_mapping-3] [INFO] [1787330726.023856033] [laser_mapping]: Loc OK: pos[8.80 -1.83 0.09] eff=565/629
[global_reloc_node-2] [INFO] [1787330728.288465017] [global_reloc]: Tracking healthy: map-consistency=1.00
[fastlio_mapping-3] [INFO] [1787330729.060239472] [laser_mapping]: Loc OK: pos[8.80 -1.83 0.09] eff=488/559
[fastlio_mapping-3] [INFO] [1787330732.062963990] [laser_mapping]: Loc OK: pos[8.80 -1.83 0.09] eff=574/656
[global_reloc_node-2] [INFO] [1787330734.290269748] [global_reloc]: Tracking healthy: map-consistency=1.00
[fastlio_mapping-3] [INFO] [1787330735.064784375] [laser_mapping]: Loc OK: pos[8.80 -1.83 0.10] eff=420/474
[fastlio_mapping-3] [INFO] [1787330738.080404786] [laser_mapping]: Loc OK: pos[8.80 -1.83 0.09] eff=559/627
[global_reloc_node-2] [INFO] [1787330740.292692563] [global_reloc]: Tracking healthy: map-consistency=1.00
[fastlio_mapping-3] [INFO] [1787330741.107328090] [laser_mapping]: Loc OK: pos[8.80 -1.83 0.09] eff=518/578
[fastlio_mapping-3] [INFO] [1787330744.128433355] [laser_mapping]: Loc OK: pos[8.80 -1.83 0.09] eff=475/542
[global_reloc_node-2] [INFO] [1787330746.288473878] [global_reloc]: Tracking healthy: map-consistency=1.00
[fastlio_mapping-3] [INFO] [1787330747.159962598] [laser_mapping]: Loc OK: pos[8.80 -1.83 0.09] eff=597/681
[fastlio_mapping-3] [INFO] [1787330750.179647313] [laser_mapping]: Loc OK: pos[8.80 -1.83 0.09] eff=494/559
[global_reloc_node-2] [INFO] [1787330752.290525459] [global_reloc]: Tracking healthy: map-consistency=1.00
[fastlio_mapping-3] [INFO] [1787330753.209275428] [laser_mapping]: Loc OK: pos[8.80 -1.83 0.09] eff=576/643
[fastlio_mapping-3] [INFO] [1787330756.217692577] [laser_mapping]: Loc OK: pos[8.80 -1.83 0.09] eff=560/627
[global_reloc_node-2] [INFO] [1787330758.289644708] [global_reloc]: Tracking healthy: map-consistency=1.00
[fastlio_mapping-3] [INFO] [1787330759.262965365] [laser_mapping]: Loc OK: pos[8.80 -1.83 0.09] eff=441/493
[fastlio_mapping-3] [INFO] [1787330762.269299401] [laser_mapping]: Loc OK: pos[8.80 -1.83 0.10] eff=586/657
[global_reloc_node-2] [INFO] [1787330764.290289371] [global_reloc]: Tracking healthy: map-consistency=1.00
[fastlio_mapping-3] [INFO] [1787330765.275985630] [laser_mapping]: Loc OK: pos[8.80 -1.83 0.10] eff=420/477
[fastlio_mapping-3] [INFO] [1787330768.315262681] [laser_mapping]: Loc OK: pos[8.80 -1.83 0.09] eff=446/502
[global_reloc_node-2] [INFO] [1787330770.289730253] [global_reloc]: Tracking healthy: map-consistency=1.00
[fastlio_mapping-3] [INFO] [1787330771.315455028] [laser_mapping]: Loc OK: pos[8.80 -1.83 0.10] eff=513/584
[fastlio_mapping-3] [INFO] [1787330774.328220579] [laser_mapping]: Loc OK: pos[8.80 -1.83 0.09] eff=508/583
[global_reloc_node-2] [INFO] [1787330776.288583741] [global_reloc]: Tracking healthy: map-consistency=1.00
[fastlio_mapping-3] [INFO] [1787330777.366379641] [laser_mapping]: Loc OK: pos[8.80 -1.83 0.09] eff=596/672
[fastlio_mapping-3] [INFO] [1787330780.403245963] [laser_mapping]: Loc OK: pos[8.80 -1.83 0.10] eff=454/502
[global_reloc_node-2] [INFO] [1787330782.288679154] [global_reloc]: Tracking healthy: map-consistency=1.00
[fastlio_mapping-3] [INFO] [1787330783.407565622] [laser_mapping]: Loc OK: pos[8.80 -1.83 0.09] eff=514/588
[fastlio_mapping-3] [INFO] [1787330786.414322476] [laser_mapping]: Loc OK: pos[8.80 -1.83 0.10] eff=545/630
[global_reloc_node-2] [INFO] [1787330788.288723046] [global_reloc]: Tracking healthy: map-consistency=1.00
[fastlio_mapping-3] [INFO] [1787330789.460646724] [laser_mapping]: Loc OK: pos[8.80 -1.83 0.10] eff=507/575
[fastlio_mapping-3] [INFO] [1787330792.513508087] [laser_mapping]: Loc OK: pos[8.80 -1.83 0.09] eff=587/666
[global_reloc_node-2] [INFO] [1787330794.288966172] [global_reloc]: Tracking healthy: map-consistency=1.00
[fastlio_mapping-3] [INFO] [1787330795.526508838] [laser_mapping]: Loc OK: pos[8.80 -1.83 0.09] eff=502/571
[fastlio_mapping-3] [INFO] [1787330798.559827945] [laser_mapping]: Loc OK: pos[8.80 -1.83 0.08] eff=549/611
[global_reloc_node-2] [INFO] [1787330800.290511255] [global_reloc]: Tracking healthy: map-consistency=1.00
[fastlio_mapping-3] [INFO] [1787330801.612001145] [laser_mapping]: Loc OK: pos[8.80 -1.83 0.10] eff=556/630
[fastlio_mapping-3] [INFO] [1787330804.668790396] [laser_mapping]: Loc OK: pos[8.80 -1.83 0.10] eff=356/399
[global_reloc_node-2] [INFO] [1787330806.288645507] [global_reloc]: Tracking healthy: map-consistency=1.00
[fastlio_mapping-3] [INFO] [1787330807.669485145] [laser_mapping]: Loc OK: pos[8.80 -1.83 0.09] eff=554/639
[fastlio_mapping-3] [INFO] [1787330810.680787233] [laser_mapping]: Loc OK: pos[8.80 -1.83 0.09] eff=532/596
[global_reloc_node-2] [INFO] [1787330812.288818393] [global_reloc]: Tracking healthy: map-consistency=1.00
[fastlio_mapping-3] [INFO] [1787330813.710974231] [laser_mapping]: Loc OK: pos[8.80 -1.83 0.09] eff=528/608
[fastlio_mapping-3] [INFO] [1787330816.741561038] [laser_mapping]: Loc OK: pos[8.80 -1.83 0.10] eff=571/643
[global_reloc_node-2] [INFO] [1787330818.292215163] [global_reloc]: Tracking healthy: map-consistency=1.00
[fastlio_mapping-3] [INFO] [1787330819.777641106] [laser_mapping]: Loc OK: pos[8.80 -1.83 0.10] eff=440/503
[fastlio_mapping-3] [INFO] [1787330822.809216770] [laser_mapping]: Loc OK: pos[8.80 -1.83 0.09] eff=590/653
[global_reloc_node-2] [INFO] [1787330824.289730340] [global_reloc]: Tracking healthy: map-consistency=1.00
[fastlio_mapping-3] [INFO] [1787330825.853262872] [laser_mapping]: Loc OK: pos[8.80 -1.83 0.09] eff=476/519
[fastlio_mapping-3] [INFO] [1787330828.861966387] [laser_mapping]: Loc OK: pos[8.80 -1.83 0.09] eff=451/529
[global_reloc_node-2] [INFO] [1787330830.293336405] [global_reloc]: Tracking healthy: map-consistency=1.00
[fastlio_mapping-3] [INFO] [1787330831.865285795] [laser_mapping]: Loc OK: pos[8.80 -1.83 0.09] eff=602/679
[fastlio_mapping-3] [INFO] [1787330834.908244187] [laser_mapping]: Loc OK: pos[8.80 -1.83 0.10] eff=524/596
[global_reloc_node-2] [INFO] [1787330836.294118283] [global_reloc]: Tracking healthy: map-consistency=1.00
[fastlio_mapping-3] [INFO] [1787330837.908952339] [laser_mapping]: Loc OK: pos[8.80 -1.83 0.10] eff=463/527
[fastlio_mapping-3] [INFO] [1787330840.914606783] [laser_mapping]: Loc OK: pos[8.80 -1.83 0.10] eff=505/575
[global_reloc_node-2] [INFO] [1787330842.295888397] [global_reloc]: Tracking healthy: map-consistency=1.00
[fastlio_mapping-3] [INFO] [1787330843.955196002] [laser_mapping]: Loc OK: pos[8.80 -1.83 0.10] eff=343/385
[fastlio_mapping-3] [INFO] [1787330846.970189264] [laser_mapping]: Loc OK: pos[8.80 -1.83 0.09] eff=561/640
[global_reloc_node-2] [INFO] [1787330848.299107400] [global_reloc]: Tracking healthy: map-consistency=1.00
[fastlio_mapping-3] [INFO] [1787330850.018079092] [laser_mapping]: Loc OK: pos[8.80 -1.83 0.10] eff=450/503
[fastlio_mapping-3] [INFO] [1787330853.055012319] [laser_mapping]: Loc OK: pos[8.80 -1.83 0.09] eff=419/479
[global_reloc_node-2] [INFO] [1787330854.299524110] [global_reloc]: Tracking healthy: map-consistency=1.00
[fastlio_mapping-3] [INFO] [1787330856.066809862] [laser_mapping]: Loc OK: pos[8.80 -1.83 0.10] eff=596/675
[fastlio_mapping-3] [INFO] [1787330859.078618004] [laser_mapping]: Loc OK: pos[8.80 -1.83 0.10] eff=514/581
[global_reloc_node-2] [INFO] [1787330860.301434137] [global_reloc]: Tracking healthy: map-consistency=1.00
[fastlio_mapping-3] [INFO] [1787330862.122636829] [laser_mapping]: Loc OK: pos[8.80 -1.83 0.09] eff=542/612
[fastlio_mapping-3] [INFO] [1787330865.171252737] [laser_mapping]: Loc OK: pos[8.80 -1.83 0.09] eff=531/605
[global_reloc_node-2] [INFO] [1787330866.303364661] [global_reloc]: Tracking healthy: map-consistency=1.00
[fastlio_mapping-3] [INFO] [1787330868.174643798] [laser_mapping]: Loc OK: pos[8.81 -1.83 0.10] eff=440/488
[fastlio_mapping-3] [INFO] [1787330871.175318828] [laser_mapping]: Loc OK: pos[8.80 -1.83 0.10] eff=523/602
[global_reloc_node-2] [INFO] [1787330872.304470404] [global_reloc]: Tracking healthy: map-consistency=1.00
[fastlio_mapping-3] [INFO] [1787330874.234803851] [laser_mapping]: Loc OK: pos[8.27 -1.94 0.09] eff=542/617
[fastlio_mapping-3] [INFO] [1787330877.282704572] [laser_mapping]: Loc OK: pos[6.30 -2.06 0.08] eff=554/639
[global_reloc_node-2] [INFO] [1787330878.307432128] [global_reloc]: Tracking healthy: map-consistency=1.00
[fastlio_mapping-3] [INFO] [1787330880.312946290] [laser_mapping]: Loc OK: pos[6.30 -2.06 0.08] eff=688/789
[fastlio_mapping-3] [INFO] [1787330883.355947090] [laser_mapping]: Loc OK: pos[6.30 -2.06 0.08] eff=484/539
[global_reloc_node-2] [INFO] [1787330884.308075369] [global_reloc]: Tracking healthy: map-consistency=1.00
[fastlio_mapping-3] [INFO] [1787330886.376178219] [laser_mapping]: Loc OK: pos[6.30 -2.06 0.08] eff=625/720
[fastlio_mapping-3] [INFO] [1787330889.409795587] [laser_mapping]: Loc OK: pos[6.30 -2.06 0.08] eff=580/674
[global_reloc_node-2] [INFO] [1787330890.309941614] [global_reloc]: Tracking healthy: map-consistency=1.00
[fastlio_mapping-3] [INFO] [1787330892.410056158] [laser_mapping]: Loc OK: pos[6.31 -2.06 0.08] eff=598/675
[fastlio_mapping-3] [INFO] [1787330895.412505047] [laser_mapping]: Loc OK: pos[6.31 -2.05 0.08] eff=674/774
[global_reloc_node-2] [INFO] [1787330896.311463031] [global_reloc]: Tracking healthy: map-consistency=1.00
[fastlio_mapping-3] [INFO] [1787330898.459478621] [laser_mapping]: Loc OK: pos[6.59 -2.08 0.07] eff=552/637
[fastlio_mapping-3] [INFO] [1787330901.460072029] [laser_mapping]: Loc OK: pos[7.23 -2.43 0.09] eff=527/598
[global_reloc_node-2] [INFO] [1787330902.312360243] [global_reloc]: Tracking healthy: map-consistency=1.00
[fastlio_mapping-3] [INFO] [1787330904.466682607] [laser_mapping]: Loc OK: pos[6.84 -1.49 0.07] eff=645/721
[fastlio_mapping-3] [INFO] [1787330907.506976034] [laser_mapping]: Loc OK: pos[7.03 -1.40 0.07] eff=440/485
[global_reloc_node-2] [INFO] [1787330908.314284866] [global_reloc]: Tracking healthy: map-consistency=1.00
[fastlio_mapping-3] [INFO] [1787330910.519670060] [laser_mapping]: Loc OK: pos[7.13 -1.29 0.05] eff=739/845
[fastlio_mapping-3] [INFO] [1787330913.525818017] [laser_mapping]: Loc OK: pos[6.86 -1.45 0.07] eff=571/646
[global_reloc_node-2] [INFO] [1787330914.315864004] [global_reloc]: Tracking healthy: map-consistency=1.00
[fastlio_mapping-3] [INFO] [1787330916.562032354] [laser_mapping]: Loc OK: pos[6.33 -0.21 0.07] eff=643/739
[fastlio_mapping-3] [INFO] [1787330919.570720295] [laser_mapping]: Loc OK: pos[6.07 -0.57 0.06] eff=717/828
[global_reloc_node-2] [INFO] [1787330920.317516317] [global_reloc]: Tracking healthy: map-consistency=1.00
[fastlio_mapping-3] [INFO] [1787330922.612824858] [laser_mapping]: Loc OK: pos[5.59 -1.12 0.06] eff=531/617
[fastlio_mapping-3] [INFO] [1787330925.628036468] [laser_mapping]: Loc OK: pos[5.59 -1.11 0.06] eff=634/737
[global_reloc_node-2] [INFO] [1787330926.318888275] [global_reloc]: Tracking healthy: map-consistency=1.00
[fastlio_mapping-3] [INFO] [1787330928.667399280] [laser_mapping]: Loc OK: pos[5.16 -1.10 0.06] eff=711/815
[fastlio_mapping-3] [INFO] [1787330931.715828033] [laser_mapping]: Loc OK: pos[5.02 -1.18 0.06] eff=582/658
[global_reloc_node-2] [INFO] [1787330932.319792064] [global_reloc]: Tracking healthy: map-consistency=1.00
[fastlio_mapping-3] [INFO] [1787330934.716609475] [laser_mapping]: Loc OK: pos[5.02 -1.19 0.06] eff=734/847
[fastlio_mapping-3] [INFO] [1787330937.725861747] [laser_mapping]: Loc OK: pos[5.02 -1.19 0.06] eff=650/730
[global_reloc_node-2] [INFO] [1787330938.322344402] [global_reloc]: Tracking healthy: map-consistency=1.00
[fastlio_mapping-3] [INFO] [1787330940.761514654] [laser_mapping]: Loc OK: pos[5.02 -1.18 0.06] eff=657/733
[fastlio_mapping-3] [INFO] [1787330943.772837669] [laser_mapping]: Loc OK: pos[5.02 -1.19 0.06] eff=770/858
[global_reloc_node-2] [INFO] [1787330944.323435037] [global_reloc]: Tracking healthy: map-consistency=1.00
[fastlio_mapping-3] [INFO] [1787330946.813337091] [laser_mapping]: Loc OK: pos[5.03 -1.19 0.06] eff=599/662
[fastlio_mapping-3] [INFO] [1787330949.815121377] [laser_mapping]: Loc OK: pos[5.03 -1.19 0.06] eff=698/789
[global_reloc_node-2] [INFO] [1787330950.324892974] [global_reloc]: Tracking healthy: map-consistency=1.00
[fastlio_mapping-3] [INFO] [1787330952.879398133] [laser_mapping]: Loc OK: pos[5.03 -1.18 0.06] eff=685/757
[fastlio_mapping-3] [INFO] [1787330955.926580419] [laser_mapping]: Loc OK: pos[5.03 -1.18 0.06] eff=636/711
[global_reloc_node-2] [INFO] [1787330956.325907806] [global_reloc]: Tracking healthy: map-consistency=1.00
[fastlio_mapping-3] [INFO] [1787330958.933887147] [laser_mapping]: Loc OK: pos[5.03 -1.19 0.06] eff=735/838
[fastlio_mapping-3] [INFO] [1787330961.964386888] [laser_mapping]: Loc OK: pos[5.03 -1.18 0.06] eff=624/694
[global_reloc_node-2] [INFO] [1787330962.326757676] [global_reloc]: Tracking healthy: map-consistency=1.00
[fastlio_mapping-3] [INFO] [1787330965.009526192] [laser_mapping]: Loc OK: pos[5.03 -1.19 0.06] eff=695/776
[fastlio_mapping-3] [INFO] [1787330968.013460241] [laser_mapping]: Loc OK: pos[5.03 -1.18 0.07] eff=679/783
[global_reloc_node-2] [INFO] [1787330968.328017822] [global_reloc]: Tracking healthy: map-consistency=1.00
[fastlio_mapping-3] [INFO] [1787330971.063439693] [laser_mapping]: Loc OK: pos[5.03 -1.18 0.06] eff=578/669
[fastlio_mapping-3] [INFO] [1787330974.064203185] [laser_mapping]: Loc OK: pos[5.03 -1.18 0.06] eff=739/839
[global_reloc_node-2] [INFO] [1787330974.329790052] [global_reloc]: Tracking healthy: map-consistency=1.00
[fastlio_mapping-3] [INFO] [1787330977.064914578] [laser_mapping]: Loc OK: pos[5.06 -1.18 0.07] eff=621/722
[fastlio_mapping-3] [INFO] [1787330980.067395326] [laser_mapping]: Loc OK: pos[6.09 -2.15 0.07] eff=539/594
[global_reloc_node-2] [INFO] [1787330980.330573155] [global_reloc]: Tracking healthy: map-consistency=1.00
[fastlio_mapping-3] [INFO] [1787330983.108439892] [laser_mapping]: Loc OK: pos[6.09 -2.15 0.07] eff=627/727
[fastlio_mapping-3] [INFO] [1787330986.118067433] [laser_mapping]: Loc OK: pos[6.10 -2.15 0.07] eff=443/491
[global_reloc_node-2] [INFO] [1787330986.330878492] [global_reloc]: Tracking healthy: map-consistency=1.00
[fastlio_mapping-3] [INFO] [1787330989.161668056] [laser_mapping]: Loc OK: pos[6.09 -2.15 0.07] eff=598/688
[fastlio_mapping-3] [INFO] [1787330992.213375834] [laser_mapping]: Loc OK: pos[6.09 -2.15 0.07] eff=583/677
[global_reloc_node-2] [INFO] [1787330992.332402636] [global_reloc]: Tracking healthy: map-consistency=1.00
[fastlio_mapping-3] [INFO] [1787330995.273440818] [laser_mapping]: Loc OK: pos[6.10 -2.15 0.07] eff=580/671
[fastlio_mapping-3] [INFO] [1787330998.311153365] [laser_mapping]: Loc OK: pos[6.10 -2.15 0.07] eff=647/731
[global_reloc_node-2] [INFO] [1787330998.334769904] [global_reloc]: Tracking healthy: map-consistency=1.00
[fastlio_mapping-3] [INFO] [1787331001.312955261] [laser_mapping]: Loc OK: pos[6.10 -2.15 0.07] eff=495/569
[fastlio_mapping-3] [INFO] [1787331004.321848753] [laser_mapping]: Loc OK: pos[6.73 -2.37 0.08] eff=593/665
[global_reloc_node-2] [INFO] [1787331004.334667951] [global_reloc]: Tracking healthy: map-consistency=1.00
[fastlio_mapping-3] [INFO] [1787331007.357964504] [laser_mapping]: Loc OK: pos[6.82 -2.10 0.08] eff=650/746
[global_reloc_node-2] [INFO] [1787331010.335664343] [global_reloc]: Tracking healthy: map-consistency=1.00
[fastlio_mapping-3] [INFO] [1787331010.368468224] [laser_mapping]: Loc OK: pos[6.63 -1.40 0.08] eff=477/543
[fastlio_mapping-3] [INFO] [1787331013.418586215] [laser_mapping]: Loc OK: pos[7.05 -1.52 0.06] eff=683/792
[global_reloc_node-2] [INFO] [1787331016.337690977] [global_reloc]: Tracking healthy: map-consistency=1.00
[fastlio_mapping-3] [INFO] [1787331016.419683486] [laser_mapping]: Loc OK: pos[6.72 -1.45 0.06] eff=603/692
[fastlio_mapping-3] [INFO] [1787331019.438529957] [laser_mapping]: Loc OK: pos[6.65 -1.53 0.06] eff=562/652
[global_reloc_node-2] [INFO] [1787331022.337914172] [global_reloc]: Tracking healthy: map-consistency=1.00
[fastlio_mapping-3] [INFO] [1787331022.459700069] [laser_mapping]: Loc OK: pos[6.66 -1.54 0.06] eff=749/853
[fastlio_mapping-3] [INFO] [1787331025.467915125] [laser_mapping]: Loc OK: pos[6.66 -1.54 0.06] eff=449/522
[global_reloc_node-2] [INFO] [1787331028.340859640] [global_reloc]: Tracking healthy: map-consistency=1.00
[fastlio_mapping-3] [INFO] [1787331028.513353466] [laser_mapping]: Loc OK: pos[6.66 -1.54 0.06] eff=668/770
[fastlio_mapping-3] [INFO] [1787331031.515412902] [laser_mapping]: Loc OK: pos[6.66 -1.53 0.06] eff=583/667
[global_reloc_node-2] [INFO] [1787331034.340013966] [global_reloc]: Tracking healthy: map-consistency=1.00
[fastlio_mapping-3] [INFO] [1787331034.561102689] [laser_mapping]: Loc OK: pos[6.66 -1.54 0.06] eff=523/603
[fastlio_mapping-3] [INFO] [1787331037.619295377] [laser_mapping]: Loc OK: pos[6.94 -1.61 0.08] eff=771/875
[global_reloc_node-2] [INFO] [1787331040.341587772] [global_reloc]: Tracking healthy: map-consistency=1.00
[fastlio_mapping-3] [INFO] [1787331040.623478461] [laser_mapping]: Loc OK: pos[6.99 -1.72 0.08] eff=561/643
[fastlio_mapping-3] [INFO] [1787331043.657578718] [laser_mapping]: Loc OK: pos[6.99 -1.72 0.08] eff=636/715
[global_reloc_node-2] [INFO] [1787331046.341612136] [global_reloc]: Tracking healthy: map-consistency=1.00
[fastlio_mapping-3] [INFO] [1787331046.659525214] [laser_mapping]: Loc OK: pos[6.99 -1.72 0.08] eff=587/673
[fastlio_mapping-3] [INFO] [1787331049.718237153] [laser_mapping]: Loc OK: pos[6.99 -1.72 0.08] eff=584/664
[global_reloc_node-2] [INFO] [1787331052.343319960] [global_reloc]: Tracking healthy: map-consistency=1.00
[fastlio_mapping-3] [INFO] [1787331052.761577364] [laser_mapping]: Loc OK: pos[6.99 -1.72 0.09] eff=688/784
[fastlio_mapping-3] [INFO] [1787331055.817690973] [laser_mapping]: Loc OK: pos[6.99 -1.72 0.08] eff=486/541
[global_reloc_node-2] [INFO] [1787331058.344385146] [global_reloc]: Tracking healthy: map-consistency=1.00
[fastlio_mapping-3] [INFO] [1787331058.861014429] [laser_mapping]: Loc OK: pos[6.99 -1.72 0.09] eff=533/596
[fastlio_mapping-3] [INFO] [1787331061.861129461] [laser_mapping]: Loc OK: pos[7.05 -1.72 0.08] eff=660/722
[global_reloc_node-2] [INFO] [1787331064.345430707] [global_reloc]: Tracking healthy: map-consistency=1.00
[fastlio_mapping-3] [INFO] [1787331064.869040351] [laser_mapping]: Loc OK: pos[7.74 -2.24 0.07] eff=485/543
[fastlio_mapping-3] [INFO] [1787331067.929194697] [laser_mapping]: Loc OK: pos[7.68 -1.52 0.08] eff=710/800
[global_reloc_node-2] [INFO] [1787331070.345480068] [global_reloc]: Tracking healthy: map-consistency=1.00
[fastlio_mapping-3] [INFO] [1787331070.957249274] [laser_mapping]: Loc OK: pos[7.76 -1.18 0.07] eff=499/555
[fastlio_mapping-3] [INFO] [1787331073.963897746] [laser_mapping]: Loc OK: pos[8.04 -1.26 0.08] eff=597/668
[global_reloc_node-2] [INFO] [1787331076.346551059] [global_reloc]: Tracking healthy: map-consistency=1.00
[fastlio_mapping-3] [INFO] [1787331076.971112437] [laser_mapping]: Loc OK: pos[7.72 -1.21 0.05] eff=620/710
[fastlio_mapping-3] [INFO] [1787331079.979159346] [laser_mapping]: Loc OK: pos[7.68 -1.27 0.08] eff=567/644
[global_reloc_node-2] [INFO] [1787331082.348138354] [global_reloc]: Tracking healthy: map-consistency=1.00
[fastlio_mapping-3] [INFO] [1787331083.012702789] [laser_mapping]: Loc OK: pos[7.68 -1.27 0.08] eff=689/790
[fastlio_mapping-3] [INFO] [1787331086.031567506] [laser_mapping]: Loc OK: pos[7.93 -1.23 0.08] eff=608/685
[global_reloc_node-2] [INFO] [1787331088.348281156] [global_reloc]: Tracking healthy: map-consistency=1.00
[fastlio_mapping-3] [INFO] [1787331089.059156478] [laser_mapping]: Loc OK: pos[7.47 -1.49 0.10] eff=479/542
[fastlio_mapping-3] [INFO] [1787331092.061189852] [laser_mapping]: Loc OK: pos[7.42 -2.02 0.09] eff=646/728
[global_reloc_node-2] [INFO] [1787331094.349355219] [global_reloc]: Tracking healthy: map-consistency=1.00
[fastlio_mapping-3] [INFO] [1787331095.104638740] [laser_mapping]: Loc OK: pos[7.43 -2.02 0.09] eff=411/456
[fastlio_mapping-3] [INFO] [1787331098.116293163] [laser_mapping]: Loc OK: pos[7.42 -2.02 0.09] eff=612/692
[global_reloc_node-2] [INFO] [1787331100.349941796] [global_reloc]: Tracking healthy: map-consistency=1.00
[fastlio_mapping-3] [INFO] [1787331101.157706590] [laser_mapping]: Loc OK: pos[7.42 -2.02 0.09] eff=542/592
[fastlio_mapping-3] [INFO] [1787331104.173097698] [laser_mapping]: Loc OK: pos[7.42 -2.02 0.09] eff=477/553
[global_reloc_node-2] [INFO] [1787331106.351550289] [global_reloc]: Tracking healthy: map-consistency=1.00
[fastlio_mapping-3] [INFO] [1787331107.221301347] [laser_mapping]: Loc OK: pos[7.42 -2.02 0.09] eff=645/731
[fastlio_mapping-3] [INFO] [1787331110.221454633] [laser_mapping]: Loc OK: pos[7.42 -2.02 0.09] eff=546/625
[global_reloc_node-2] [INFO] [1787331112.351900765] [global_reloc]: Tracking healthy: map-consistency=1.00
[fastlio_mapping-3] [INFO] [1787331113.262552015] [laser_mapping]: Loc OK: pos[8.10 -2.26 0.08] eff=561/634
[fastlio_mapping-3] [INFO] [1787331116.311513198] [laser_mapping]: Loc OK: pos[8.12 -1.92 0.08] eff=541/614
[global_reloc_node-2] [INFO] [1787331118.352628192] [global_reloc]: Tracking healthy: map-consistency=1.00
[fastlio_mapping-3] [INFO] [1787331119.353783813] [laser_mapping]: Loc OK: pos[7.96 -1.30 0.08] eff=385/439
[fastlio_mapping-3] [INFO] [1787331122.363697871] [laser_mapping]: Loc OK: pos[8.38 -1.41 0.08] eff=624/720
[global_reloc_node-2] [INFO] [1787331124.353165627] [global_reloc]: Tracking healthy: map-consistency=1.00
[fastlio_mapping-3] [INFO] [1787331125.369881081] [laser_mapping]: Loc OK: pos[8.03 -1.32 0.07] eff=481/566
[fastlio_mapping-3] [INFO] [1787331128.426324228] [laser_mapping]: Loc OK: pos[7.50 -0.82 0.07] eff=582/659
[global_reloc_node-2] [INFO] [1787331130.353919246] [global_reloc]: Tracking healthy: map-consistency=1.00
[fastlio_mapping-3] [INFO] [1787331131.475647447] [laser_mapping]: Loc OK: pos[7.53 -0.01 0.07] eff=696/786
[fastlio_mapping-3] [INFO] [1787331134.508154219] [laser_mapping]: Loc OK: pos[6.66 -1.06 0.08] eff=457/504
[global_reloc_node-2] [INFO] [1787331136.355175037] [global_reloc]: Tracking healthy: map-consistency=1.00
[fastlio_mapping-3] [INFO] [1787331137.516196799] [laser_mapping]: Loc OK: pos[6.72 -1.04 0.06] eff=683/769
[fastlio_mapping-3] [INFO] [1787331140.562086166] [laser_mapping]: Loc OK: pos[6.48 -0.97 0.06] eff=669/753
[global_reloc_node-2] [INFO] [1787331142.355603068] [global_reloc]: Tracking healthy: map-consistency=1.00
[fastlio_mapping-3] [INFO] [1787331143.564601147] [laser_mapping]: Loc OK: pos[6.29 -0.89 0.06] eff=543/622
[fastlio_mapping-3] [INFO] [1787331146.584494799] [laser_mapping]: Loc OK: pos[5.47 -0.34 0.06] eff=774/872
[global_reloc_node-2] [INFO] [1787331148.355912794] [global_reloc]: Tracking healthy: map-consistency=1.00
[fastlio_mapping-3] [INFO] [1787331149.617124243] [laser_mapping]: Loc OK: pos[6.03 -0.28 0.05] eff=503/600
[fastlio_mapping-3] [INFO] [1787331152.630480777] [laser_mapping]: Loc OK: pos[5.89 -0.17 0.07] eff=716/801
[global_reloc_node-2] [INFO] [1787331154.356818876] [global_reloc]: Tracking healthy: map-consistency=1.00
[fastlio_mapping-3] [INFO] [1787331155.668702730] [laser_mapping]: Loc OK: pos[5.59 0.14 0.06] eff=686/792
[fastlio_mapping-3] [INFO] [1787331158.706764645] [laser_mapping]: Loc OK: pos[5.59 0.14 0.06] eff=587/689
[global_reloc_node-2] [INFO] [1787331160.357913041] [global_reloc]: Tracking healthy: map-consistency=1.00
[fastlio_mapping-3] [INFO] [1787331161.715342171] [laser_mapping]: Loc OK: pos[5.35 0.67 0.05] eff=783/865
[fastlio_mapping-3] [INFO] [1787331164.716137841] [laser_mapping]: Loc OK: pos[5.11 0.87 0.04] eff=644/720
[global_reloc_node-2] [INFO] [1787331166.358812310] [global_reloc]: Tracking healthy: map-consistency=1.00
[fastlio_mapping-3] [INFO] [1787331167.758679498] [laser_mapping]: Loc OK: pos[4.83 0.76 0.05] eff=670/750
[fastlio_mapping-3] [INFO] [1787331170.761558902] [laser_mapping]: Loc OK: pos[4.60 1.07 0.05] eff=753/852
[global_reloc_node-2] [INFO] [1787331172.359278888] [global_reloc]: Tracking healthy: map-consistency=1.00
[fastlio_mapping-3] [INFO] [1787331173.762320386] [laser_mapping]: Loc OK: pos[4.86 0.67 0.04] eff=514/608
[fastlio_mapping-3] [INFO] [1787331176.781848580] [laser_mapping]: Loc OK: pos[4.58 0.76 0.05] eff=746/861
[global_reloc_node-2] [INFO] [1787331178.359976619] [global_reloc]: Tracking healthy: map-consistency=1.00
[fastlio_mapping-3] [INFO] [1787331179.811493539] [laser_mapping]: Loc OK: pos[4.04 0.74 0.04] eff=613/695
[fastlio_mapping-3] [INFO] [1787331182.824050231] [laser_mapping]: Loc OK: pos[3.57 1.03 0.05] eff=671/764
[global_reloc_node-2] [INFO] [1787331184.360777982] [global_reloc]: Tracking healthy: map-consistency=1.00
[fastlio_mapping-3] [INFO] [1787331185.865037570] [laser_mapping]: Loc OK: pos[3.18 0.71 0.04] eff=709/804
[fastlio_mapping-3] [INFO] [1787331188.871481905] [laser_mapping]: Loc OK: pos[3.03 0.69 0.06] eff=548/629
[global_reloc_node-2] [INFO] [1787331190.361146515] [global_reloc]: Tracking healthy: map-consistency=1.00
[fastlio_mapping-3] [INFO] [1787331191.871699354] [laser_mapping]: Loc OK: pos[2.92 0.81 0.06] eff=717/811
[fastlio_mapping-3] [INFO] [1787331194.893334377] [laser_mapping]: Loc OK: pos[2.96 0.59 0.06] eff=732/809
[global_reloc_node-2] [INFO] [1787331196.362492547] [global_reloc]: Tracking healthy: map-consistency=1.00
[fastlio_mapping-3] [INFO] [1787331197.920106334] [laser_mapping]: Loc OK: pos[3.22 0.52 0.04] eff=665/762
[fastlio_mapping-3] [INFO] [1787331200.920422348] [laser_mapping]: Loc OK: pos[3.24 0.22 0.04] eff=825/922
[global_reloc_node-2] [INFO] [1787331202.362514334] [global_reloc]: Tracking healthy: map-consistency=1.00
[fastlio_mapping-3] [INFO] [1787331203.971455573] [laser_mapping]: Loc OK: pos[3.19 -0.03 0.04] eff=668/744
[fastlio_mapping-3] [INFO] [1787331207.019725758] [laser_mapping]: Loc OK: pos[2.96 0.41 0.02] eff=704/785
[global_reloc_node-2] [INFO] [1787331208.363159115] [global_reloc]: Tracking healthy: map-consistency=1.00
[fastlio_mapping-3] [INFO] [1787331210.075547316] [laser_mapping]: Loc OK: pos[2.65 0.57 0.03] eff=724/802
[fastlio_mapping-3] [INFO] [1787331213.115433718] [laser_mapping]: Loc OK: pos[2.18 1.00 0.03] eff=666/742
[global_reloc_node-2] [INFO] [1787331214.364430238] [global_reloc]: Tracking healthy: map-consistency=1.00
[fastlio_mapping-3] [INFO] [1787331216.117631188] [laser_mapping]: Loc OK: pos[2.08 1.53 0.03] eff=771/879
[fastlio_mapping-3] [INFO] [1787331219.162240958] [laser_mapping]: Loc OK: pos[2.65 1.52 0.03] eff=572/635
[global_reloc_node-2] [INFO] [1787331220.364532046] [global_reloc]: Tracking healthy: map-consistency=1.00
[fastlio_mapping-3] [INFO] [1787331222.167251110] [laser_mapping]: Loc OK: pos[2.60 1.52 0.03] eff=661/753
[fastlio_mapping-3] [INFO] [1787331225.169516133] [laser_mapping]: Loc OK: pos[2.62 1.39 0.04] eff=716/808
[global_reloc_node-2] [INFO] [1787331226.365247999] [global_reloc]: Tracking healthy: map-consistency=1.00
[fastlio_mapping-3] [INFO] [1787331228.215095515] [laser_mapping]: Loc OK: pos[2.59 1.31 0.04] eff=635/721
[fastlio_mapping-3] [INFO] [1787331231.225578538] [laser_mapping]: Loc OK: pos[1.75 1.74 0.03] eff=771/882
[global_reloc_node-2] [INFO] [1787331232.365484775] [global_reloc]: Tracking healthy: map-consistency=1.00
[fastlio_mapping-3] [INFO] [1787331234.270547769] [laser_mapping]: Loc OK: pos[1.52 1.63 0.03] eff=612/691
[fastlio_mapping-3] [INFO] [1787331237.274114945] [laser_mapping]: Loc OK: pos[1.67 1.72 0.03] eff=669/739
[global_reloc_node-2] [INFO] [1787331238.365627572] [global_reloc]: Tracking healthy: map-consistency=1.00
[fastlio_mapping-3] [INFO] [1787331240.281464252] [laser_mapping]: Loc OK: pos[1.68 2.00 0.03] eff=699/788
[fastlio_mapping-3] [INFO] [1787331243.313687619] [laser_mapping]: Loc OK: pos[1.82 2.02 0.03] eff=583/665
[global_reloc_node-2] [INFO] [1787331244.366696613] [global_reloc]: Tracking healthy: map-consistency=1.00
[fastlio_mapping-3] [INFO] [1787331246.325292683] [laser_mapping]: Loc OK: pos[1.15 2.80 0.04] eff=745/832
[fastlio_mapping-3] [INFO] [1787331249.332494706] [laser_mapping]: Loc OK: pos[1.19 3.28 0.01] eff=638/736
[global_reloc_node-2] [INFO] [1787331250.367107352] [global_reloc]: Tracking healthy: map-consistency=1.00
[fastlio_mapping-3] [INFO] [1787331252.361441238] [laser_mapping]: Loc OK: pos[0.85 3.08 0.01] eff=591/669
[fastlio_mapping-3] [INFO] [1787331255.369362468] [laser_mapping]: Loc OK: pos[0.04 2.78 0.02] eff=711/804
[global_reloc_node-2] [INFO] [1787331256.368071832] [global_reloc]: Tracking healthy: map-consistency=1.00
[fastlio_mapping-3] [INFO] [1787331258.411756638] [laser_mapping]: Loc OK: pos[-0.00 2.93 0.04] eff=508/581
[fastlio_mapping-3] [INFO] [1787331261.417762351] [laser_mapping]: Loc OK: pos[-0.11 2.78 0.03] eff=639/742
[global_reloc_node-2] [INFO] [1787331262.368069126] [global_reloc]: Tracking healthy: map-consistency=1.00
[fastlio_mapping-3] [INFO] [1787331264.465484712] [laser_mapping]: Loc OK: pos[-0.19 2.44 0.01] eff=587/668
[fastlio_mapping-3] [INFO] [1787331267.513365675] [laser_mapping]: Loc OK: pos[-1.25 2.23 0.01] eff=658/749
[global_reloc_node-2] [INFO] [1787331268.369036355] [global_reloc]: Tracking healthy: map-consistency=1.00
[fastlio_mapping-3] [INFO] [1787331270.517927856] [laser_mapping]: Loc OK: pos[-1.10 2.71 0.02] eff=674/774
[fastlio_mapping-3] [INFO] [1787331273.577563715] [laser_mapping]: Loc OK: pos[-0.96 2.37 0.01] eff=616/703
[global_reloc_node-2] [INFO] [1787331274.369380547] [global_reloc]: Tracking healthy: map-consistency=1.00
[fastlio_mapping-3] [INFO] [1787331276.621270998] [laser_mapping]: Loc OK: pos[-0.97 1.78 0.01] eff=715/815
[fastlio_mapping-3] [INFO] [1787331279.675548043] [laser_mapping]: Loc OK: pos[-1.01 1.64 0.00] eff=631/698
[global_reloc_node-2] [INFO] [1787331280.370211092] [global_reloc]: Tracking healthy: map-consistency=1.00
[fastlio_mapping-3] [INFO] [1787331282.713710898] [laser_mapping]: Loc OK: pos[-1.31 1.64 0.00] eff=568/634
[fastlio_mapping-3] [INFO] [1787331285.725462582] [laser_mapping]: Loc OK: pos[-1.67 1.84 -0.00] eff=755/854
[global_reloc_node-2] [INFO] [1787331286.370933856] [global_reloc]: Tracking healthy: map-consistency=1.00
[fastlio_mapping-3] [INFO] [1787331288.771017648] [laser_mapping]: Loc OK: pos[-1.70 2.23 0.01] eff=563/608
[fastlio_mapping-3] [INFO] [1787331291.818827988] [laser_mapping]: Loc OK: pos[-2.09 1.74 -0.02] eff=570/672
[global_reloc_node-2] [INFO] [1787331292.370800643] [global_reloc]: Tracking healthy: map-consistency=1.00
[fastlio_mapping-3] [INFO] [1787331294.870129852] [laser_mapping]: Loc OK: pos[-2.76 1.69 -0.02] eff=748/834
[fastlio_mapping-3] [INFO] [1787331297.875131480] [laser_mapping]: Loc OK: pos[-3.01 1.81 -0.03] eff=504/555
[global_reloc_node-2] [INFO] [1787331298.371112745] [global_reloc]: Tracking healthy: map-consistency=1.00
[fastlio_mapping-3] [INFO] [1787331300.876822663] [laser_mapping]: Loc OK: pos[-3.12 2.03 -0.02] eff=735/833
[fastlio_mapping-3] [INFO] [1787331303.909532850] [laser_mapping]: Loc OK: pos[-3.11 2.03 -0.02] eff=539/583
[global_reloc_node-2] [INFO] [1787331304.371762270] [global_reloc]: Tracking healthy: map-consistency=1.00
[fastlio_mapping-3] [INFO] [1787331306.920952537] [laser_mapping]: Loc OK: pos[-3.11 2.03 -0.02] eff=686/787
[fastlio_mapping-3] [INFO] [1787331309.929654905] [laser_mapping]: Loc OK: pos[-3.11 2.03 -0.02] eff=695/798
[global_reloc_node-2] [INFO] [1787331310.372624233] [global_reloc]: Tracking healthy: map-consistency=1.00
[fastlio_mapping-3] [INFO] [1787331312.976921960] [laser_mapping]: Loc OK: pos[-3.12 2.03 -0.02] eff=604/693
[fastlio_mapping-3] [INFO] [1787331316.015599088] [laser_mapping]: Loc OK: pos[-3.11 2.03 -0.02] eff=729/818
[global_reloc_node-2] [INFO] [1787331316.374675432] [global_reloc]: Tracking healthy: map-consistency=1.00
[fastlio_mapping-3] [INFO] [1787331319.023343881] [laser_mapping]: Loc OK: pos[-3.11 2.03 -0.02] eff=625/711
[fastlio_mapping-3] [INFO] [1787331322.083310397] [laser_mapping]: Loc OK: pos[-3.11 2.03 -0.02] eff=690/780
[global_reloc_node-2] [INFO] [1787331322.373389810] [global_reloc]: Tracking healthy: map-consistency=1.00
[fastlio_mapping-3] [INFO] [1787331325.114998189] [laser_mapping]: Loc OK: pos[-3.11 2.03 -0.02] eff=693/793
[fastlio_mapping-3] [INFO] [1787331328.159460499] [laser_mapping]: Loc OK: pos[-3.11 2.03 -0.02] eff=502/547
[global_reloc_node-2] [INFO] [1787331328.374718716] [global_reloc]: Tracking healthy: map-consistency=1.00
[fastlio_mapping-3] [INFO] [1787331331.233633014] [laser_mapping]: Loc OK: pos[-3.11 2.03 -0.02] eff=643/718
[fastlio_mapping-3] [INFO] [1787331334.263252695] [laser_mapping]: Loc OK: pos[-3.11 2.03 -0.02] eff=659/747
[global_reloc_node-2] [INFO] [1787331334.374342187] [global_reloc]: Tracking healthy: map-consistency=1.00
[fastlio_mapping-3] [INFO] [1787331337.278441678] [laser_mapping]: Loc OK: pos[-3.11 2.03 -0.02] eff=534/585
[fastlio_mapping-3] [INFO] [1787331340.319036981] [laser_mapping]: Loc OK: pos[-3.11 2.03 -0.02] eff=739/843
[global_reloc_node-2] [INFO] [1787331340.375051105] [global_reloc]: Tracking healthy: map-consistency=1.00
[fastlio_mapping-3] [INFO] [1787331343.373395341] [laser_mapping]: Loc OK: pos[-3.12 2.03 -0.02] eff=574/664
[global_reloc_node-2] [INFO] [1787331346.375619099] [global_reloc]: Tracking healthy: map-consistency=1.00
[fastlio_mapping-3] [INFO] [1787331346.416128611] [laser_mapping]: Loc OK: pos[-3.11 2.03 -0.02] eff=702/801
[fastlio_mapping-3] [INFO] [1787331349.418222231] [laser_mapping]: Loc OK: pos[-3.11 2.03 -0.02] eff=659/758
[global_reloc_node-2] [INFO] [1787331352.377221744] [global_reloc]: Tracking healthy: map-consistency=1.00
[fastlio_mapping-3] [INFO] [1787331352.462158279] [laser_mapping]: Loc OK: pos[-3.11 2.03 -0.02] eff=646/745
[fastlio_mapping-3] [INFO] [1787331355.527989051] [laser_mapping]: Loc OK: pos[-3.11 2.03 -0.02] eff=740/835
[global_reloc_node-2] [INFO] [1787331358.377129097] [global_reloc]: Tracking healthy: map-consistency=1.00
[fastlio_mapping-3] [INFO] [1787331358.557050049] [laser_mapping]: Loc OK: pos[-3.11 2.03 -0.02] eff=513/571
[fastlio_mapping-3] [INFO] [1787331361.564230492] [laser_mapping]: Loc OK: pos[-2.65 2.21 -0.01] eff=605/688
[global_reloc_node-2] [INFO] [1787331364.377210571] [global_reloc]: Tracking healthy: map-consistency=1.00
[fastlio_mapping-3] [INFO] [1787331364.613146333] [laser_mapping]: Loc OK: pos[-1.94 1.14 -0.00] eff=705/807
[fastlio_mapping-3] [INFO] [1787331367.677290757] [laser_mapping]: Loc OK: pos[0.66 -0.48 0.05] eff=582/650
[global_reloc_node-2] [INFO] [1787331370.377421127] [global_reloc]: Tracking healthy: map-consistency=1.00
[fastlio_mapping-3] [INFO] [1787331370.728040290] [laser_mapping]: Loc OK: pos[3.81 -0.38 0.05] eff=733/857
[fastlio_mapping-3] [INFO] [1787331373.757140145] [laser_mapping]: Loc OK: pos[3.80 -0.37 0.06] eff=649/745
[global_reloc_node-2] [INFO] [1787331376.378569097] [global_reloc]: Tracking healthy: map-consistency=1.00
[fastlio_mapping-3] [INFO] [1787331376.760927726] [laser_mapping]: Loc OK: pos[3.80 -0.38 0.06] eff=633/723
[fastlio_mapping-3] [INFO] [1787331379.764991826] [laser_mapping]: Loc OK: pos[3.80 -0.38 0.06] eff=700/801
[global_reloc_node-2] [INFO] [1787331382.378517636] [global_reloc]: Tracking healthy: map-consistency=1.00
[fastlio_mapping-3] [INFO] [1787331382.811074695] [laser_mapping]: Loc OK: pos[3.80 -0.38 0.06] eff=554/605
[fastlio_mapping-3] [INFO] [1787331385.863451281] [laser_mapping]: Loc OK: pos[3.80 -0.38 0.06] eff=696/798
[global_reloc_node-2] [INFO] [1787331388.378240652] [global_reloc]: Tracking healthy: map-consistency=1.00
[fastlio_mapping-3] [INFO] [1787331388.876159179] [laser_mapping]: Loc OK: pos[3.79 -0.38 0.06] eff=630/717
[fastlio_mapping-3] [INFO] [1787331391.915336112] [laser_mapping]: Loc OK: pos[3.79 -0.37 0.06] eff=619/694
[global_reloc_node-2] [INFO] [1787331394.379072745] [global_reloc]: Tracking healthy: map-consistency=1.00
[fastlio_mapping-3] [INFO] [1787331394.960659782] [laser_mapping]: Loc OK: pos[3.80 -0.38 0.06] eff=782/887
[fastlio_mapping-3] [INFO] [1787331398.014318927] [laser_mapping]: Loc OK: pos[4.20 -0.38 0.05] eff=608/694
[global_reloc_node-2] [INFO] [1787331400.379975640] [global_reloc]: Tracking healthy: map-consistency=1.00
[fastlio_mapping-3] [INFO] [1787331401.019816032] [laser_mapping]: Loc OK: pos[4.74 -0.60 0.05] eff=667/763
[fastlio_mapping-3] [INFO] [1787331404.064922084] [laser_mapping]: Loc OK: pos[4.24 0.42 0.06] eff=756/857
[global_reloc_node-2] [INFO] [1787331406.380262541] [global_reloc]: Tracking healthy: map-consistency=1.00
[fastlio_mapping-3] [INFO] [1787331407.116003957] [laser_mapping]: Loc OK: pos[4.55 0.39 0.04] eff=637/741
[fastlio_mapping-3] [INFO] [1787331410.116609357] [laser_mapping]: Loc OK: pos[4.56 0.49 0.04] eff=820/911
[global_reloc_node-2] [INFO] [1787331412.379988207] [global_reloc]: Tracking healthy: map-consistency=1.00
[fastlio_mapping-3] [INFO] [1787331413.120089935] [laser_mapping]: Loc OK: pos[4.32 0.40 0.04] eff=636/707
[fastlio_mapping-3] [INFO] [1787331416.122431984] [laser_mapping]: Loc OK: pos[4.04 1.83 0.05] eff=714/807
[global_reloc_node-2] [INFO] [1787331418.381137863] [global_reloc]: Tracking healthy: map-consistency=1.00
[fastlio_mapping-3] [INFO] [1787331419.166677822] [laser_mapping]: Loc OK: pos[3.52 1.08 0.04] eff=669/747
[fastlio_mapping-3] [INFO] [1787331422.178381679] [laser_mapping]: Loc OK: pos[3.17 0.77 0.03] eff=663/761
[global_reloc_node-2] [INFO] [1787331424.381393076] [global_reloc]: Tracking healthy: map-consistency=1.00
[fastlio_mapping-3] [INFO] [1787331425.224089419] [laser_mapping]: Loc OK: pos[3.11 0.78 0.03] eff=776/883
[fastlio_mapping-3] [INFO] [1787331428.259559189] [laser_mapping]: Loc OK: pos[2.68 0.81 0.04] eff=563/622
[global_reloc_node-2] [INFO] [1787331430.381772596] [global_reloc]: Tracking healthy: map-consistency=1.00
[fastlio_mapping-3] [INFO] [1787331431.266685030] [laser_mapping]: Loc OK: pos[2.31 1.50 0.04] eff=631/710
[fastlio_mapping-3] [INFO] [1787331434.322968219] [laser_mapping]: Loc OK: pos[2.11 1.64 0.03] eff=714/805
[global_reloc_node-2] [INFO] [1787331436.381784902] [global_reloc]: Tracking healthy: map-consistency=1.00
[fastlio_mapping-3] [INFO] [1787331437.369325978] [laser_mapping]: Loc OK: pos[2.54 1.48 0.04] eff=558/613
[fastlio_mapping-3] [INFO] [1787331440.369535257] [laser_mapping]: Loc OK: pos[2.01 2.00 0.04] eff=767/860
[global_reloc_node-2] [INFO] [1787331442.382480164] [global_reloc]: Tracking healthy: map-consistency=1.00
[fastlio_mapping-3] [INFO] [1787331443.378887466] [laser_mapping]: Loc OK: pos[2.00 2.00 0.05] eff=631/705
[fastlio_mapping-3] [INFO] [1787331446.417743812] [laser_mapping]: Loc OK: pos[1.88 2.25 0.04] eff=708/782
[global_reloc_node-2] [INFO] [1787331448.382601775] [global_reloc]: Tracking healthy: map-consistency=1.00
[fastlio_mapping-3] [INFO] [1787331449.461796613] [laser_mapping]: Loc OK: pos[1.67 2.68 0.04] eff=772/852
[fastlio_mapping-3] [INFO] [1787331452.476317060] [laser_mapping]: Loc OK: pos[1.28 2.69 0.02] eff=578/658
[global_reloc_node-2] [INFO] [1787331454.383259430] [global_reloc]: Tracking healthy: map-consistency=1.00
[fastlio_mapping-3] [INFO] [1787331455.514483572] [laser_mapping]: Loc OK: pos[1.01 2.85 0.02] eff=739/836
[fastlio_mapping-3] [INFO] [1787331458.521826870] [laser_mapping]: Loc OK: pos[1.06 2.80 0.03] eff=661/756
[global_reloc_node-2] [INFO] [1787331460.383609537] [global_reloc]: Tracking healthy: map-consistency=1.00
[fastlio_mapping-3] [INFO] [1787331461.566374203] [laser_mapping]: Loc OK: pos[1.18 2.54 0.03] eff=633/719
[fastlio_mapping-3] [INFO] [1787331464.619474088] [laser_mapping]: Loc OK: pos[0.49 2.63 0.02] eff=736/815
[global_reloc_node-2] [INFO] [1787331466.383722486] [global_reloc]: Tracking healthy: map-consistency=1.00
[fastlio_mapping-3] [INFO] [1787331467.626801505] [laser_mapping]: Loc OK: pos[0.05 2.76 0.02] eff=583/658
[fastlio_mapping-3] [INFO] [1787331470.628003972] [laser_mapping]: Loc OK: pos[-0.23 2.81 0.02] eff=662/723
[global_reloc_node-2] [INFO] [1787331472.383897446] [global_reloc]: Tracking healthy: map-consistency=1.00
[fastlio_mapping-3] [INFO] [1787331473.662559768] [laser_mapping]: Loc OK: pos[-0.48 2.55 0.03] eff=658/735
[fastlio_mapping-3] [INFO] [1787331476.711064107] [laser_mapping]: Loc OK: pos[-0.58 2.85 0.02] eff=604/692
[global_reloc_node-2] [INFO] [1787331478.385078967] [global_reloc]: Tracking healthy: map-consistency=1.00
[fastlio_mapping-3] [INFO] [1787331479.720729782] [laser_mapping]: Loc OK: pos[-0.58 2.60 0.02] eff=739/842
[fastlio_mapping-3] [INFO] [1787331482.764781712] [laser_mapping]: Loc OK: pos[-0.54 2.03 0.02] eff=546/611
[global_reloc_node-2] [INFO] [1787331484.387279284] [global_reloc]: Tracking healthy: map-consistency=1.00
[fastlio_mapping-3] [INFO] [1787331485.771164884] [laser_mapping]: Loc OK: pos[0.08 1.47 0.02] eff=738/831
[fastlio_mapping-3] [INFO] [1787331488.776405144] [laser_mapping]: Loc OK: pos[0.37 1.34 0.01] eff=722/826
[global_reloc_node-2] [INFO] [1787331490.389397597] [global_reloc]: Tracking healthy: map-consistency=1.00
[fastlio_mapping-3] [INFO] [1787331491.777005677] [laser_mapping]: Loc OK: pos[0.24 0.96 0.04] eff=694/772
[fastlio_mapping-3] [INFO] [1787331494.821983549] [laser_mapping]: Loc OK: pos[0.14 0.98 0.02] eff=808/894
[global_reloc_node-2] [INFO] [1787331496.386741950] [global_reloc]: Tracking healthy: map-consistency=1.00
[fastlio_mapping-3] [INFO] [1787331497.865597832] [laser_mapping]: Loc OK: pos[0.44 1.08 0.03] eff=619/703
[fastlio_mapping-3] [INFO] [1787331500.866181523] [laser_mapping]: Loc OK: pos[0.46 0.78 0.02] eff=761/866
[global_reloc_node-2] [INFO] [1787331502.387184351] [global_reloc]: Tracking healthy: map-consistency=1.00
[fastlio_mapping-3] [INFO] [1787331503.879192771] [laser_mapping]: Loc OK: pos[0.83 0.46 0.02] eff=755/848
[fastlio_mapping-3] [INFO] [1787331506.922518223] [laser_mapping]: Loc OK: pos[1.44 0.23 0.04] eff=685/770
[global_reloc_node-2] [INFO] [1787331508.389033658] [global_reloc]: Tracking healthy: map-consistency=1.00
[fastlio_mapping-3] [INFO] [1787331509.924130626] [laser_mapping]: Loc OK: pos[2.09 -0.60 0.05] eff=805/942
[fastlio_mapping-3] [INFO] [1787331512.963461140] [laser_mapping]: Loc OK: pos[1.76 -0.82 0.04] eff=733/800
[global_reloc_node-2] [INFO] [1787331514.390800853] [global_reloc]: Tracking healthy: map-consistency=1.00
[fastlio_mapping-3] [INFO] [1787331515.971336183] [laser_mapping]: Loc OK: pos[2.03 -1.58 0.04] eff=663/768
[fastlio_mapping-3] [INFO] [1787331518.972512582] [laser_mapping]: Loc OK: pos[2.76 -1.54 0.05] eff=646/744
[global_reloc_node-2] [INFO] [1787331520.388533767] [global_reloc]: Tracking healthy: map-consistency=1.00
[fastlio_mapping-3] [INFO] [1787331521.975021193] [laser_mapping]: Loc OK: pos[2.58 -1.35 0.05] eff=670/749
[fastlio_mapping-3] [INFO] [1787331525.018827515] [laser_mapping]: Loc OK: pos[2.97 -1.11 0.05] eff=830/944
[global_reloc_node-2] [INFO] [1787331526.388493732] [global_reloc]: Tracking healthy: map-consistency=1.00
[fastlio_mapping-3] [INFO] [1787331528.072751200] [laser_mapping]: Loc OK: pos[2.98 -1.06 0.04] eff=669/756
[fastlio_mapping-3] [INFO] [1787331531.116641152] [laser_mapping]: Loc OK: pos[2.82 -0.97 0.05] eff=676/771
[global_reloc_node-2] [INFO] [1787331532.388882014] [global_reloc]: Tracking healthy: map-consistency=1.00
[fastlio_mapping-3] [INFO] [1787331534.137896267] [laser_mapping]: Loc OK: pos[2.91 -0.19 0.06] eff=833/931
[fastlio_mapping-3] [INFO] [1787331537.156146252] [laser_mapping]: Loc OK: pos[2.53 -0.06 0.03] eff=600/669
[global_reloc_node-2] [INFO] [1787331538.388471434] [global_reloc]: Tracking healthy: map-consistency=1.00
[fastlio_mapping-3] [INFO] [1787331540.180192616] [laser_mapping]: Loc OK: pos[1.89 0.11 0.04] eff=749/861
[fastlio_mapping-3] [INFO] [1787331543.212245283] [laser_mapping]: Loc OK: pos[1.36 0.53 0.05] eff=643/725
[global_reloc_node-2] [INFO] [1787331544.388847806] [global_reloc]: Tracking healthy: map-consistency=1.00
[fastlio_mapping-3] [INFO] [1787331546.231951630] [laser_mapping]: Loc OK: pos[1.51 0.61 0.04] eff=698/807
[fastlio_mapping-3] [INFO] [1787331549.268238031] [laser_mapping]: Loc OK: pos[1.51 1.65 0.04] eff=741/826
[global_reloc_node-2] [INFO] [1787331550.388372086] [global_reloc]: Tracking healthy: map-consistency=1.00
[fastlio_mapping-3] [INFO] [1787331552.311622376] [laser_mapping]: Loc OK: pos[0.95 2.39 0.04] eff=522/573
[fastlio_mapping-3] [INFO] [1787331555.321400176] [laser_mapping]: Loc OK: pos[0.84 2.97 0.03] eff=679/789
[global_reloc_node-2] [INFO] [1787331556.390018481] [global_reloc]: Tracking healthy: map-consistency=1.00
[fastlio_mapping-3] [INFO] [1787331558.362089034] [laser_mapping]: Loc OK: pos[0.83 2.79 0.04] eff=647/739
[fastlio_mapping-3] [INFO] [1787331561.368128148] [laser_mapping]: Loc OK: pos[0.48 3.23 0.02] eff=476/546
[global_reloc_node-2] [INFO] [1787331562.388946548] [global_reloc]: Tracking healthy: map-consistency=1.00
[fastlio_mapping-3] [INFO] [1787331564.373658028] [laser_mapping]: Loc OK: pos[0.43 3.22 -0.02] eff=608/692
[fastlio_mapping-3] [INFO] [1787331567.406712061] [laser_mapping]: Loc OK: pos[0.50 3.10 0.02] eff=457/509
[global_reloc_node-2] [INFO] [1787331568.389880834] [global_reloc]: Tracking healthy: map-consistency=1.00
[fastlio_mapping-3] [INFO] [1787331570.420299738] [laser_mapping]: Loc OK: pos[0.84 3.02 0.01] eff=700/796
[fastlio_mapping-3] [INFO] [1787331573.465163105] [laser_mapping]: Loc OK: pos[1.03 3.60 0.02] eff=611/673
[global_reloc_node-2] [INFO] [1787331574.391354969] [global_reloc]: Tracking healthy: map-consistency=1.00
[fastlio_mapping-3] [INFO] [1787331576.466735832] [laser_mapping]: Loc OK: pos[0.72 3.45 0.01] eff=543/609
[fastlio_mapping-3] [INFO] [1787331579.514526107] [laser_mapping]: Loc OK: pos[1.11 3.07 0.02] eff=704/800
[global_reloc_node-2] [INFO] [1787331580.390593202] [global_reloc]: Tracking healthy: map-consistency=1.00
[fastlio_mapping-3] [INFO] [1787331582.569939076] [laser_mapping]: Loc OK: pos[1.06 2.32 0.03] eff=575/654
[fastlio_mapping-3] [INFO] [1787331585.615241414] [laser_mapping]: Loc OK: pos[0.81 2.13 0.03] eff=713/808
[global_reloc_node-2] [INFO] [1787331586.390874231] [global_reloc]: Tracking healthy: map-consistency=1.00
[fastlio_mapping-3] [INFO] [1787331588.617076167] [laser_mapping]: Loc OK: pos[0.67 2.10 0.04] eff=714/805
[fastlio_mapping-3] [INFO] [1787331591.685832088] [laser_mapping]: Loc OK: pos[0.68 2.10 0.04] eff=642/719
[global_reloc_node-2] [INFO] [1787331592.392201910] [global_reloc]: Tracking healthy: map-consistency=1.00
[fastlio_mapping-3] [INFO] [1787331594.743496577] [laser_mapping]: Loc OK: pos[0.68 2.10 0.04] eff=783/876
[fastlio_mapping-3] [INFO] [1787331597.764718378] [laser_mapping]: Loc OK: pos[0.54 1.96 0.03] eff=615/691
[global_reloc_node-2] [INFO] [1787331598.393649260] [global_reloc]: Tracking healthy: map-consistency=1.00
[fastlio_mapping-3] [INFO] [1787331600.769015309] [laser_mapping]: Loc OK: pos[0.21 -0.78 0.04] eff=735/840
[fastlio_mapping-3] [INFO] [1787331603.770223589] [laser_mapping]: Loc OK: pos[3.36 -1.17 0.05] eff=645/740
[global_reloc_node-2] [INFO] [1787331604.391989049] [global_reloc]: Tracking healthy: map-consistency=1.00
[fastlio_mapping-3] [INFO] [1787331606.805974211] [laser_mapping]: Loc OK: pos[5.30 -1.63 0.08] eff=547/647
[fastlio_mapping-3] [INFO] [1787331609.828430708] [laser_mapping]: Loc OK: pos[5.26 -1.64 0.07] eff=698/801
[global_reloc_node-2] [INFO] [1787331610.392209432] [global_reloc]: Tracking healthy: map-consistency=1.00
[fastlio_mapping-3] [INFO] [1787331612.864290361] [laser_mapping]: Loc OK: pos[5.22 -1.65 0.07] eff=612/699
[fastlio_mapping-3] [INFO] [1787331615.910961799] [laser_mapping]: Loc OK: pos[5.23 -1.64 0.07] eff=635/729
[global_reloc_node-2] [INFO] [1787331616.392895978] [global_reloc]: Tracking healthy: map-consistency=1.00
[fastlio_mapping-3] [INFO] [1787331618.916812961] [laser_mapping]: Loc OK: pos[5.23 -1.64 0.07] eff=615/722
[fastlio_mapping-3] [INFO] [1787331621.921929487] [laser_mapping]: Loc OK: pos[5.23 -1.64 0.07] eff=492/567
[global_reloc_node-2] [INFO] [1787331622.393512795] [global_reloc]: Tracking healthy: map-consistency=1.00
[fastlio_mapping-3] [INFO] [1787331624.929640361] [laser_mapping]: Loc OK: pos[5.23 -1.64 0.06] eff=704/808
[fastlio_mapping-3] [INFO] [1787331627.960866562] [laser_mapping]: Loc OK: pos[5.23 -1.64 0.07] eff=532/605
[global_reloc_node-2] [INFO] [1787331628.393088324] [global_reloc]: Tracking healthy: map-consistency=1.00
[fastlio_mapping-3] [INFO] [1787331630.966354515] [laser_mapping]: Loc OK: pos[5.23 -1.64 0.06] eff=612/698
[fastlio_mapping-3] [INFO] [1787331634.016148588] [laser_mapping]: Loc OK: pos[5.23 -1.64 0.06] eff=620/710
[global_reloc_node-2] [INFO] [1787331634.394868568] [global_reloc]: Tracking healthy: map-consistency=1.00
[fastlio_mapping-3] [INFO] [1787331637.069597709] [laser_mapping]: Loc OK: pos[5.49 -1.64 0.06] eff=488/558
[fastlio_mapping-3] [INFO] [1787331640.089489667] [laser_mapping]: Loc OK: pos[6.17 -1.93 0.06] eff=746/842
[global_reloc_node-2] [INFO] [1787331640.394097382] [global_reloc]: Tracking healthy: map-consistency=1.00
[fastlio_mapping-3] [INFO] [1787331643.108810935] [laser_mapping]: Loc OK: pos[5.71 -1.01 0.07] eff=561/631
[fastlio_mapping-3] [INFO] [1787331646.113658108] [laser_mapping]: Loc OK: pos[5.86 -0.88 0.05] eff=665/758
[global_reloc_node-2] [INFO] [1787331646.394501754] [global_reloc]: Tracking healthy: map-consistency=1.00
[fastlio_mapping-3] [INFO] [1787331649.114885424] [laser_mapping]: Loc OK: pos[5.96 -0.77 0.05] eff=767/867
[fastlio_mapping-3] [INFO] [1787331652.122195149] [laser_mapping]: Loc OK: pos[5.76 -0.94 0.07] eff=605/712
[global_reloc_node-2] [INFO] [1787331652.394494662] [global_reloc]: Tracking healthy: map-consistency=1.00
[fastlio_mapping-3] [INFO] [1787331655.168250602] [laser_mapping]: Loc OK: pos[5.18 0.27 0.06] eff=717/810
[fastlio_mapping-3] [INFO] [1787331658.216132850] [laser_mapping]: Loc OK: pos[4.94 -0.12 0.04] eff=656/753
[global_reloc_node-2] [INFO] [1787331658.395147144] [global_reloc]: Tracking healthy: map-consistency=1.00
[fastlio_mapping-3] [INFO] [1787331661.265474807] [laser_mapping]: Loc OK: pos[4.50 -0.67 0.05] eff=681/781
[fastlio_mapping-3] [INFO] [1787331664.284905783] [laser_mapping]: Loc OK: pos[4.49 -0.67 0.05] eff=766/855
[global_reloc_node-2] [INFO] [1787331664.395253733] [global_reloc]: Tracking healthy: map-consistency=1.00
[fastlio_mapping-3] [INFO] [1787331667.319531521] [laser_mapping]: Loc OK: pos[4.06 -0.66 0.05] eff=611/704
[fastlio_mapping-3] [INFO] [1787331670.386082342] [laser_mapping]: Loc OK: pos[3.73 -0.09 0.05] eff=740/841
[global_reloc_node-2] [INFO] [1787331670.395811382] [global_reloc]: Tracking healthy: map-consistency=1.00
[fastlio_mapping-3] [INFO] [1787331673.419230091] [laser_mapping]: Loc OK: pos[3.27 0.06 0.05] eff=702/765
[global_reloc_node-2] [INFO] [1787331676.396214685] [global_reloc]: Tracking healthy: map-consistency=1.00
[fastlio_mapping-3] [INFO] [1787331676.465641020] [laser_mapping]: Loc OK: pos[3.84 -0.04 0.05] eff=536/612
[fastlio_mapping-3] [INFO] [1787331679.466849164] [laser_mapping]: Loc OK: pos[3.31 0.38 0.05] eff=807/906
[global_reloc_node-2] [INFO] [1787331682.395872192] [global_reloc]: Tracking healthy: map-consistency=1.00
[fastlio_mapping-3] [INFO] [1787331682.514810095] [laser_mapping]: Loc OK: pos[3.25 0.46 0.05] eff=640/710
[fastlio_mapping-3] [INFO] [1787331685.515847631] [laser_mapping]: Loc OK: pos[3.17 0.63 0.04] eff=764/863
[global_reloc_node-2] [INFO] [1787331688.396279819] [global_reloc]: Tracking healthy: map-consistency=1.00
[fastlio_mapping-3] [INFO] [1787331688.521417462] [laser_mapping]: Loc OK: pos[2.89 1.14 0.05] eff=722/819
[fastlio_mapping-3] [INFO] [1787331691.561899099] [laser_mapping]: Loc OK: pos[2.50 1.16 0.03] eff=615/697
[global_reloc_node-2] [INFO] [1787331694.396942758] [global_reloc]: Tracking healthy: map-consistency=1.00
[fastlio_mapping-3] [INFO] [1787331694.570068948] [laser_mapping]: Loc OK: pos[2.24 1.22 0.03] eff=809/918
[fastlio_mapping-3] [INFO] [1787331697.633778638] [laser_mapping]: Loc OK: pos[2.22 1.29 0.03] eff=668/752
[global_reloc_node-2] [INFO] [1787331700.397095371] [global_reloc]: Tracking healthy: map-consistency=1.00
[fastlio_mapping-3] [INFO] [1787331700.684218331] [laser_mapping]: Loc OK: pos[2.46 0.92 0.04] eff=733/820
[fastlio_mapping-3] [INFO] [1787331703.711367377] [laser_mapping]: Loc OK: pos[1.76 1.05 0.03] eff=729/811
[global_reloc_node-2] [INFO] [1787331706.396987172] [global_reloc]: Tracking healthy: map-consistency=1.00
[fastlio_mapping-3] [INFO] [1787331706.720517634] [laser_mapping]: Loc OK: pos[1.31 1.09 0.03] eff=633/709
[fastlio_mapping-3] [INFO] [1787331709.766933220] [laser_mapping]: Loc OK: pos[0.98 1.15 0.02] eff=779/871
[global_reloc_node-2] [INFO] [1787331712.397418104] [global_reloc]: Tracking healthy: map-consistency=1.00
[fastlio_mapping-3] [INFO] [1787331712.775646365] [laser_mapping]: Loc OK: pos[0.81 0.81 0.04] eff=709/785
[fastlio_mapping-3] [INFO] [1787331715.815403284] [laser_mapping]: Loc OK: pos[0.58 1.07 0.03] eff=677/758
[global_reloc_node-2] [INFO] [1787331718.397852139] [global_reloc]: Tracking healthy: map-consistency=1.00
[fastlio_mapping-3] [INFO] [1787331718.816506724] [laser_mapping]: Loc OK: pos[0.58 0.92 0.03] eff=799/881
[fastlio_mapping-3] [INFO] [1787331721.860440567] [laser_mapping]: Loc OK: pos[0.79 0.83 0.02] eff=596/651
[global_reloc_node-2] [INFO] [1787331724.398343421] [global_reloc]: Tracking healthy: map-consistency=1.00
[fastlio_mapping-3] [INFO] [1787331724.866094756] [laser_mapping]: Loc OK: pos[1.03 0.83 0.04] eff=780/876
[fastlio_mapping-3] [INFO] [1787331727.919231764] [laser_mapping]: Loc OK: pos[1.03 0.41 0.02] eff=722/807
[global_reloc_node-2] [INFO] [1787331730.398488724] [global_reloc]: Tracking healthy: map-consistency=1.00
[fastlio_mapping-3] [INFO] [1787331730.922557240] [laser_mapping]: Loc OK: pos[0.90 0.64 0.02] eff=691/790
[fastlio_mapping-3] [INFO] [1787331733.927741043] [laser_mapping]: Loc OK: pos[0.58 0.70 0.02] eff=679/778
[global_reloc_node-2] [INFO] [1787331736.398712547] [global_reloc]: Tracking healthy: map-consistency=1.00
[fastlio_mapping-3] [INFO] [1787331736.959797799] [laser_mapping]: Loc OK: pos[0.23 0.72 0.02] eff=588/649
[fastlio_mapping-3] [INFO] [1787331739.971990135] [laser_mapping]: Loc OK: pos[-0.57 1.23 0.02] eff=777/877
[global_reloc_node-2] [INFO] [1787331742.398607056] [global_reloc]: Tracking healthy: map-consistency=1.00
[fastlio_mapping-3] [INFO] [1787331743.021390770] [laser_mapping]: Loc OK: pos[-0.24 1.36 0.02] eff=644/727
[fastlio_mapping-3] [INFO] [1787331746.061338950] [laser_mapping]: Loc OK: pos[-0.03 1.52 0.03] eff=634/712
[global_reloc_node-2] [INFO] [1787331748.399612956] [global_reloc]: Tracking healthy: map-consistency=1.00
[fastlio_mapping-3] [INFO] [1787331749.067423075] [laser_mapping]: Loc OK: pos[-0.02 1.52 0.03] eff=711/818
[fastlio_mapping-3] [INFO] [1787331752.069645655] [laser_mapping]: Loc OK: pos[0.09 1.14 0.03] eff=581/673
[global_reloc_node-2] [INFO] [1787331754.400048558] [global_reloc]: Tracking healthy: map-consistency=1.00
[fastlio_mapping-3] [INFO] [1787331755.125428039] [laser_mapping]: Loc OK: pos[-0.40 1.58 0.02] eff=681/802
[fastlio_mapping-3] [INFO] [1787331758.161483957] [laser_mapping]: Loc OK: pos[-0.91 1.27 0.02] eff=646/711
[global_reloc_node-2] [INFO] [1787331760.399899264] [global_reloc]: Tracking healthy: map-consistency=1.00
[fastlio_mapping-3] [INFO] [1787331761.162357639] [laser_mapping]: Loc OK: pos[-1.10 1.19 0.01] eff=594/684
[fastlio_mapping-3] [INFO] [1787331764.172002584] [laser_mapping]: Loc OK: pos[-1.10 1.58 0.02] eff=774/879
[global_reloc_node-2] [INFO] [1787331766.400400837] [global_reloc]: Tracking healthy: map-consistency=1.00
[fastlio_mapping-3] [INFO] [1787331767.218107217] [laser_mapping]: Loc OK: pos[-1.06 1.66 0.01] eff=584/647
[fastlio_mapping-3] [INFO] [1787331770.218202843] [laser_mapping]: Loc OK: pos[-1.36 1.67 0.02] eff=699/805
[global_reloc_node-2] [INFO] [1787331772.400280281] [global_reloc]: Tracking healthy: map-consistency=1.00
[fastlio_mapping-3] [INFO] [1787331773.265648019] [laser_mapping]: Loc OK: pos[-1.84 2.63 -0.01] eff=651/749
[fastlio_mapping-3] [INFO] [1787331776.266464940] [laser_mapping]: Loc OK: pos[-2.13 2.46 -0.03] eff=560/644
[global_reloc_node-2] [INFO] [1787331778.400765294] [global_reloc]: Tracking healthy: map-consistency=1.00
[fastlio_mapping-3] [INFO] [1787331779.272181177] [laser_mapping]: Loc OK: pos[-2.50 1.99 -0.01] eff=784/892
[fastlio_mapping-3] [INFO] [1787331782.275527269] [laser_mapping]: Loc OK: pos[-2.85 1.70 -0.01] eff=699/786
[global_reloc_node-2] [INFO] [1787331784.402214379] [global_reloc]: Tracking healthy: map-consistency=1.00
[fastlio_mapping-3] [INFO] [1787331785.321995187] [laser_mapping]: Loc OK: pos[-2.94 1.86 -0.01] eff=738/822
[fastlio_mapping-3] [INFO] [1787331788.362907625] [laser_mapping]: Loc OK: pos[-2.86 1.42 -0.01] eff=638/743
[global_reloc_node-2] [INFO] [1787331790.401413934] [global_reloc]: Tracking healthy: map-consistency=1.00
[fastlio_mapping-3] [INFO] [1787331791.365348482] [laser_mapping]: Loc OK: pos[-3.25 0.80 -0.02] eff=604/696
[fastlio_mapping-3] [INFO] [1787331794.374313191] [laser_mapping]: Loc OK: pos[-3.83 0.70 -0.03] eff=705/823
[global_reloc_node-2] [INFO] [1787331796.401653354] [global_reloc]: Tracking healthy: map-consistency=1.00
[fastlio_mapping-3] [INFO] [1787331797.421287964] [laser_mapping]: Loc OK: pos[-3.82 1.23 -0.03] eff=597/712
[fastlio_mapping-3] [INFO] [1787331800.477387092] [laser_mapping]: Loc OK: pos[-3.41 0.37 -0.03] eff=662/768
[global_reloc_node-2] [INFO] [1787331802.402147182] [global_reloc]: Tracking healthy: map-consistency=1.00
[fastlio_mapping-3] [INFO] [1787331803.508213836] [laser_mapping]: Loc OK: pos[-3.34 0.09 -0.03] eff=659/744
[fastlio_mapping-3] [INFO] [1787331806.514734199] [laser_mapping]: Loc OK: pos[-3.39 -0.02 -0.01] eff=570/667
[global_reloc_node-2] [INFO] [1787331808.401886432] [global_reloc]: Tracking healthy: map-consistency=1.00
[fastlio_mapping-3] [INFO] [1787331809.528340691] [laser_mapping]: Loc OK: pos[-3.62 -0.23 -0.01] eff=706/818
[fastlio_mapping-3] [INFO] [1787331812.574705801] [laser_mapping]: Loc OK: pos[-4.02 0.18 -0.02] eff=583/695
[global_reloc_node-2] [INFO] [1787331814.403307974] [global_reloc]: Tracking healthy: map-consistency=1.00
[fastlio_mapping-3] [INFO] [1787331815.617728747] [laser_mapping]: Loc OK: pos[-4.33 -0.14 -0.04] eff=586/688
[fastlio_mapping-3] [INFO] [1787331818.665633401] [laser_mapping]: Loc OK: pos[-4.41 -0.67 -0.03] eff=607/694
[global_reloc_node-2] [INFO] [1787331820.403062904] [global_reloc]: Tracking healthy: map-consistency=1.00
[fastlio_mapping-3] [INFO] [1787331821.667110798] [laser_mapping]: Loc OK: pos[-4.86 -1.09 -0.01] eff=538/621
[fastlio_mapping-3] [INFO] [1787331824.706605427] [laser_mapping]: Loc OK: pos[-5.28 -1.04 -0.02] eff=453/522
[global_reloc_node-2] [INFO] [1787331826.402918236] [global_reloc]: Tracking healthy: map-consistency=1.00
[fastlio_mapping-3] [INFO] [1787331827.720163997] [laser_mapping]: Loc OK: pos[-5.26 -1.05 -0.01] eff=404/468
[fastlio_mapping-3] [INFO] [1787331830.764777461] [laser_mapping]: Loc OK: pos[-5.26 -1.05 -0.01] eff=399/474
[global_reloc_node-2] [INFO] [1787331832.403743405] [global_reloc]: Tracking healthy: map-consistency=1.00
[fastlio_mapping-3] [INFO] [1787331833.811022638] [laser_mapping]: Loc OK: pos[-5.18 -1.07 -0.01] eff=410/477
[fastlio_mapping-3] [INFO] [1787331836.866737905] [laser_mapping]: Loc OK: pos[-4.93 -1.12 -0.03] eff=322/365
[global_reloc_node-2] [INFO] [1787331838.403858832] [global_reloc]: Tracking healthy: map-consistency=1.00
[fastlio_mapping-3] [INFO] [1787331839.868472770] [laser_mapping]: Loc OK: pos[-1.16 -1.05 0.03] eff=713/810
[fastlio_mapping-3] [INFO] [1787331842.916207535] [laser_mapping]: Loc OK: pos[3.22 -0.70 0.08] eff=658/754
[global_reloc_node-2] [INFO] [1787331844.404029521] [global_reloc]: Tracking healthy: map-consistency=1.00
[fastlio_mapping-3] [INFO] [1787331845.922960850] [laser_mapping]: Loc OK: pos[3.86 -0.80 0.05] eff=651/751
[fastlio_mapping-3] [INFO] [1787331848.961008623] [laser_mapping]: Loc OK: pos[5.10 -2.10 0.07] eff=673/756
[global_reloc_node-2] [INFO] [1787331850.404234545] [global_reloc]: Tracking healthy: map-consistency=1.00
[fastlio_mapping-3] [INFO] [1787331852.007582435] [laser_mapping]: Loc OK: pos[6.16 -2.14 0.07] eff=449/503
[fastlio_mapping-3] [INFO] [1787331855.077282587] [laser_mapping]: Loc OK: pos[6.16 -2.14 0.07] eff=596/693
[global_reloc_node-2] [INFO] [1787331856.403816750] [global_reloc]: Tracking healthy: map-consistency=1.00
[fastlio_mapping-3] [INFO] [1787331858.117543613] [laser_mapping]: Loc OK: pos[6.16 -2.13 0.07] eff=596/675
[fastlio_mapping-3] [INFO] [1787331861.163552847] [laser_mapping]: Loc OK: pos[6.16 -2.14 0.07] eff=575/648
[global_reloc_node-2] [INFO] [1787331862.404279831] [global_reloc]: Tracking healthy: map-consistency=1.00
[fastlio_mapping-3] [INFO] [1787331864.170345075] [laser_mapping]: Loc OK: pos[6.16 -2.14 0.07] eff=672/759
[fastlio_mapping-3] [INFO] [1787331867.228613260] [laser_mapping]: Loc OK: pos[6.16 -2.14 0.07] eff=536/619
[global_reloc_node-2] [INFO] [1787331868.406376215] [global_reloc]: Tracking healthy: map-consistency=1.00
[fastlio_mapping-3] [INFO] [1787331870.257255664] [laser_mapping]: Loc OK: pos[6.16 -2.13 0.06] eff=608/692
[fastlio_mapping-3] [INFO] [1787331873.272929555] [laser_mapping]: Loc OK: pos[6.16 -2.14 0.07] eff=613/702
[global_reloc_node-2] [INFO] [1787331874.405215814] [global_reloc]: Tracking healthy: map-consistency=1.00
[fastlio_mapping-3] [INFO] [1787331876.308970420] [laser_mapping]: Loc OK: pos[6.16 -2.14 0.07] eff=541/620
[fastlio_mapping-3] [INFO] [1787331879.314110667] [laser_mapping]: Loc OK: pos[6.96 -2.43 0.07] eff=675/758
[global_reloc_node-2] [INFO] [1787331880.405880610] [global_reloc]: Tracking healthy: map-consistency=1.00
[fastlio_mapping-3] [INFO] [1787331882.367455728] [laser_mapping]: Loc OK: pos[6.87 -1.90 0.08] eff=551/637
[fastlio_mapping-3] [INFO] [1787331885.411228413] [laser_mapping]: Loc OK: pos[6.81 -1.40 0.06] eff=650/743
[global_reloc_node-2] [INFO] [1787331886.405363679] [global_reloc]: Tracking healthy: map-consistency=1.00
[fastlio_mapping-3] [INFO] [1787331888.429380902] [laser_mapping]: Loc OK: pos[7.17 -1.42 0.08] eff=662/744
[fastlio_mapping-3] [INFO] [1787331891.468546508] [laser_mapping]: Loc OK: pos[6.92 -1.40 0.05] eff=532/602
[global_reloc_node-2] [INFO] [1787331892.405634147] [global_reloc]: Tracking healthy: map-consistency=1.00
[fastlio_mapping-3] [INFO] [1787331894.473812385] [laser_mapping]: Loc OK: pos[6.40 -0.71 0.08] eff=731/849
[fastlio_mapping-3] [INFO] [1787331897.527504583] [laser_mapping]: Loc OK: pos[6.39 -0.22 0.07] eff=611/695
[global_reloc_node-2] [INFO] [1787331898.406216987] [global_reloc]: Tracking healthy: map-consistency=1.00
[fastlio_mapping-3] [INFO] [1787331900.561547506] [laser_mapping]: Loc OK: pos[5.56 -1.06 0.07] eff=644/729
[fastlio_mapping-3] [INFO] [1787331903.563865724] [laser_mapping]: Loc OK: pos[5.64 -1.05 0.05] eff=697/791
[global_reloc_node-2] [INFO] [1787331904.406832258] [global_reloc]: Tracking healthy: map-consistency=1.00
[fastlio_mapping-3] [INFO] [1787331906.567166233] [laser_mapping]: Loc OK: pos[5.31 -0.95 0.05] eff=624/696
[fastlio_mapping-3] [INFO] [1787331909.571805532] [laser_mapping]: Loc OK: pos[5.11 -0.70 0.05] eff=748/849
[global_reloc_node-2] [INFO] [1787331910.406898495] [global_reloc]: Tracking healthy: map-consistency=1.00
[fastlio_mapping-3] [INFO] [1787331912.610649146] [laser_mapping]: Loc OK: pos[4.36 -0.19 0.06] eff=605/693
[fastlio_mapping-3] [INFO] [1787331915.618135953] [laser_mapping]: Loc OK: pos[5.00 -0.23 0.05] eff=634/749
[global_reloc_node-2] [INFO] [1787331916.407135325] [global_reloc]: Tracking healthy: map-consistency=1.00
[fastlio_mapping-3] [INFO] [1787331918.625719378] [laser_mapping]: Loc OK: pos[4.74 -0.01 0.06] eff=666/754
[fastlio_mapping-3] [INFO] [1787331921.665779002] [laser_mapping]: Loc OK: pos[4.51 0.29 0.06] eff=644/727
[global_reloc_node-2] [INFO] [1787331922.407274547] [global_reloc]: Tracking healthy: map-consistency=1.00
[fastlio_mapping-3] [INFO] [1787331924.691046206] [laser_mapping]: Loc OK: pos[4.51 0.29 0.06] eff=770/859
[fastlio_mapping-3] [INFO] [1787331927.714206180] [laser_mapping]: Loc OK: pos[4.27 0.93 0.05] eff=624/687
[global_reloc_node-2] [INFO] [1787331928.408012970] [global_reloc]: Tracking healthy: map-consistency=1.00
[fastlio_mapping-3] [INFO] [1787331930.725610780] [laser_mapping]: Loc OK: pos[3.98 1.13 0.04] eff=687/775
[fastlio_mapping-3] [INFO] [1787331933.776545835] [laser_mapping]: Loc OK: pos[3.72 1.14 0.04] eff=690/786
[global_reloc_node-2] [INFO] [1787331934.408430201] [global_reloc]: Tracking healthy: map-consistency=1.00
[fastlio_mapping-3] [INFO] [1787331936.820547796] [laser_mapping]: Loc OK: pos[3.51 1.46 0.05] eff=620/691
[fastlio_mapping-3] [INFO] [1787331939.824799154] [laser_mapping]: Loc OK: pos[3.73 1.01 0.03] eff=791/875
[global_reloc_node-2] [INFO] [1787331940.408453187] [global_reloc]: Tracking healthy: map-consistency=1.00
[fastlio_mapping-3] [INFO] [1787331942.865813823] [laser_mapping]: Loc OK: pos[3.37 1.13 0.04] eff=631/722
[fastlio_mapping-3] [INFO] [1787331945.865891725] [laser_mapping]: Loc OK: pos[2.87 1.17 0.04] eff=617/693
[global_reloc_node-2] [INFO] [1787331946.408851667] [global_reloc]: Tracking healthy: map-consistency=1.00
[fastlio_mapping-3] [INFO] [1787331948.915953155] [laser_mapping]: Loc OK: pos[2.42 1.43 0.05] eff=771/873
[fastlio_mapping-3] [INFO] [1787331951.917909125] [laser_mapping]: Loc OK: pos[2.02 1.12 0.03] eff=581/652
[global_reloc_node-2] [INFO] [1787331952.409265596] [global_reloc]: Tracking healthy: map-consistency=1.00
[fastlio_mapping-3] [INFO] [1787331954.918033087] [laser_mapping]: Loc OK: pos[1.87 1.15 0.04] eff=709/798
[fastlio_mapping-3] [INFO] [1787331957.961403548] [laser_mapping]: Loc OK: pos[1.75 1.24 0.04] eff=637/727
[global_reloc_node-2] [INFO] [1787331958.409278416] [global_reloc]: Tracking healthy: map-consistency=1.00
[fastlio_mapping-3] [INFO] [1787331960.971265414] [laser_mapping]: Loc OK: pos[1.84 1.03 0.04] eff=673/750
[fastlio_mapping-3] [INFO] [1787331964.020457237] [laser_mapping]: Loc OK: pos[2.17 0.04 0.03] eff=849/950
[global_reloc_node-2] [INFO] [1787331964.409855683] [global_reloc]: Tracking healthy: map-consistency=1.00
[fastlio_mapping-3] [INFO] [1787331967.074914733] [laser_mapping]: Loc OK: pos[2.68 -0.20 0.04] eff=599/678
[fastlio_mapping-3] [INFO] [1787331970.139959021] [laser_mapping]: Loc OK: pos[2.87 -0.40 0.02] eff=762/858
[global_reloc_node-2] [INFO] [1787331970.410088430] [global_reloc]: Tracking healthy: map-consistency=1.00
[fastlio_mapping-3] [INFO] [1787331973.170041531] [laser_mapping]: Loc OK: pos[2.54 -0.76 0.05] eff=752/837
[fastlio_mapping-3] [INFO] [1787331976.221390446] [laser_mapping]: Loc OK: pos[2.96 -0.54 0.04] eff=606/676
[global_reloc_node-2] [INFO] [1787331976.410085499] [global_reloc]: Tracking healthy: map-consistency=1.00
[fastlio_mapping-3] [INFO] [1787331979.223738842] [laser_mapping]: Loc OK: pos[3.02 -0.66 0.04] eff=835/955
[fastlio_mapping-3] [INFO] [1787331982.266684866] [laser_mapping]: Loc OK: pos[3.20 -1.01 0.03] eff=706/757
[global_reloc_node-2] [INFO] [1787331982.410350984] [global_reloc]: Tracking healthy: map-consistency=1.00
[fastlio_mapping-3] [INFO] [1787331985.297349783] [laser_mapping]: Loc OK: pos[3.78 -1.17 0.04] eff=680/772
[fastlio_mapping-3] [INFO] [1787331988.321643570] [laser_mapping]: Loc OK: pos[4.66 -1.92 0.06] eff=720/805
[global_reloc_node-2] [INFO] [1787331988.410723730] [global_reloc]: Tracking healthy: map-consistency=1.00
[fastlio_mapping-3] [INFO] [1787331991.362452210] [laser_mapping]: Loc OK: pos[4.57 -2.29 0.07] eff=544/606
[fastlio_mapping-3] [INFO] [1787331994.386432201] [laser_mapping]: Loc OK: pos[4.29 -2.64 0.06] eff=751/843
[global_reloc_node-2] [INFO] [1787331994.411275617] [global_reloc]: Tracking healthy: map-consistency=1.00
[fastlio_mapping-3] [INFO] [1787331997.424225028] [laser_mapping]: Loc OK: pos[5.35 -3.07 0.06] eff=582/668
[global_reloc_node-2] [INFO] [1787332000.411751086] [global_reloc]: Tracking healthy: map-consistency=1.00
[fastlio_mapping-3] [INFO] [1787332000.467193387] [laser_mapping]: Loc OK: pos[5.07 -2.98 0.06] eff=585/645
[fastlio_mapping-3] [INFO] [1787332003.513319038] [laser_mapping]: Loc OK: pos[5.32 -2.86 0.06] eff=626/723
[global_reloc_node-2] [INFO] [1787332006.411402843] [global_reloc]: Tracking healthy: map-consistency=1.00
[fastlio_mapping-3] [INFO] [1787332006.560134152] [laser_mapping]: Loc OK: pos[5.38 -2.54 0.06] eff=577/664
[fastlio_mapping-3] [INFO] [1787332009.593841119] [laser_mapping]: Loc OK: pos[5.49 -2.62 0.05] eff=642/729
[global_reloc_node-2] [INFO] [1787332012.412537432] [global_reloc]: Tracking healthy: map-consistency=1.00
[fastlio_mapping-3] [INFO] [1787332012.617855175] [laser_mapping]: Loc OK: pos[5.28 -1.85 0.07] eff=611/691
[fastlio_mapping-3] [INFO] [1787332015.667143632] [laser_mapping]: Loc OK: pos[5.40 -1.52 0.05] eff=689/769
[global_reloc_node-2] [INFO] [1787332018.413045801] [global_reloc]: Tracking healthy: map-consistency=1.00
[fastlio_mapping-3] [INFO] [1787332018.670137455] [laser_mapping]: Loc OK: pos[5.03 -1.40 0.06] eff=723/828
[fastlio_mapping-3] [INFO] [1787332021.712747314] [laser_mapping]: Loc OK: pos[4.33 -0.55 0.06] eff=597/689
[global_reloc_node-2] [INFO] [1787332024.412701605] [global_reloc]: Tracking healthy: map-consistency=1.00
[fastlio_mapping-3] [INFO] [1787332024.716821149] [laser_mapping]: Loc OK: pos[4.49 -0.45 0.06] eff=785/910
[fastlio_mapping-3] [INFO] [1787332027.725768395] [laser_mapping]: Loc OK: pos[4.86 0.05 0.05] eff=709/822
[global_reloc_node-2] [INFO] [1787332030.412712652] [global_reloc]: Tracking healthy: map-consistency=1.00
[fastlio_mapping-3] [INFO] [1787332030.773362766] [laser_mapping]: Loc OK: pos[4.67 1.00 0.05] eff=688/779
[fastlio_mapping-3] [INFO] [1787332033.820970478] [laser_mapping]: Loc OK: pos[4.60 2.09 0.04] eff=722/830
[global_reloc_node-2] [INFO] [1787332036.412559208] [global_reloc]: Tracking healthy: map-consistency=1.00
[fastlio_mapping-3] [INFO] [1787332036.861738314] [laser_mapping]: Loc OK: pos[4.65 1.89 0.05] eff=569/625
[fastlio_mapping-3] [INFO] [1787332039.868517836] [laser_mapping]: Loc OK: pos[4.48 2.27 0.04] eff=677/755
[global_reloc_node-2] [INFO] [1787332042.413470457] [global_reloc]: Tracking healthy: map-consistency=1.00
[fastlio_mapping-3] [INFO] [1787332042.923836527] [laser_mapping]: Loc OK: pos[4.40 2.65 0.04] eff=636/702
[fastlio_mapping-3] [INFO] [1787332045.969666836] [laser_mapping]: Loc OK: pos[4.38 2.58 0.04] eff=649/710
[global_reloc_node-2] [INFO] [1787332048.413549066] [global_reloc]: Tracking healthy: map-consistency=1.00
[fastlio_mapping-3] [INFO] [1787332049.020498819] [laser_mapping]: Loc OK: pos[4.51 2.51 0.03] eff=723/805
[fastlio_mapping-3] [INFO] [1787332052.066056059] [laser_mapping]: Loc OK: pos[4.92 2.66 0.05] eff=471/554
[global_reloc_node-2] [INFO] [1787332054.414626324] [global_reloc]: Tracking healthy: map-consistency=1.00
[fastlio_mapping-3] [INFO] [1787332055.110649670] [laser_mapping]: Loc OK: pos[4.73 3.15 0.05] eff=580/658
[fastlio_mapping-3] [INFO] [1787332058.111705572] [laser_mapping]: Loc OK: pos[4.90 2.53 0.03] eff=615/703
[global_reloc_node-2] [INFO] [1787332060.414038880] [global_reloc]: Tracking healthy: map-consistency=1.00
[fastlio_mapping-3] [INFO] [1787332061.116717502] [laser_mapping]: Loc OK: pos[4.66 2.05 0.05] eff=636/717
[fastlio_mapping-3] [INFO] [1787332064.165338093] [laser_mapping]: Loc OK: pos[4.38 1.76 0.05] eff=785/891
[global_reloc_node-2] [INFO] [1787332066.413898517] [global_reloc]: Tracking healthy: map-consistency=1.00
[fastlio_mapping-3] [INFO] [1787332067.178578799] [laser_mapping]: Loc OK: pos[4.12 1.75 0.05] eff=569/638
[fastlio_mapping-3] [INFO] [1787332070.215998972] [laser_mapping]: Loc OK: pos[4.13 1.73 0.05] eff=640/730
[global_reloc_node-2] [INFO] [1787332072.414398496] [global_reloc]: Tracking healthy: map-consistency=1.00
[fastlio_mapping-3] [INFO] [1787332073.264403980] [laser_mapping]: Loc OK: pos[4.13 1.73 0.05] eff=616/690
[fastlio_mapping-3] [INFO] [1787332076.319239084] [laser_mapping]: Loc OK: pos[4.13 1.73 0.05] eff=577/657
[global_reloc_node-2] [INFO] [1787332078.414799299] [global_reloc]: Tracking healthy: map-consistency=1.00
[fastlio_mapping-3] [INFO] [1787332079.323789072] [laser_mapping]: Loc OK: pos[4.13 1.73 0.06] eff=684/777
[fastlio_mapping-3] [INFO] [1787332082.359432160] [laser_mapping]: Loc OK: pos[4.14 1.80 0.05] eff=593/650
[global_reloc_node-2] [INFO] [1787332084.415523412] [global_reloc]: Tracking healthy: map-consistency=1.00
[fastlio_mapping-3] [INFO] [1787332085.370165491] [laser_mapping]: Loc OK: pos[2.84 -0.66 0.06] eff=678/777
[fastlio_mapping-3] [INFO] [1787332088.417718105] [laser_mapping]: Loc OK: pos[0.94 -0.07 0.04] eff=635/742
[global_reloc_node-2] [INFO] [1787332090.415828439] [global_reloc]: Tracking healthy: map-consistency=1.00
[fastlio_mapping-3] [INFO] [1787332091.426494434] [laser_mapping]: Loc OK: pos[1.67 -0.14 0.05] eff=600/678
[fastlio_mapping-3] [INFO] [1787332094.473054410] [laser_mapping]: Loc OK: pos[4.16 -2.29 0.07] eff=711/814
[global_reloc_node-2] [INFO] [1787332096.416521300] [global_reloc]: Tracking healthy: map-consistency=1.00
[fastlio_mapping-3] [INFO] [1787332097.508500632] [laser_mapping]: Loc OK: pos[5.60 -2.39 0.07] eff=538/614
[fastlio_mapping-3] [INFO] [1787332100.513363273] [laser_mapping]: Loc OK: pos[5.59 -2.39 0.07] eff=602/687
[global_reloc_node-2] [INFO] [1787332102.415789244] [global_reloc]: Tracking healthy: map-consistency=1.00
[fastlio_mapping-3] [INFO] [1787332103.557120427] [laser_mapping]: Loc OK: pos[5.59 -2.39 0.07] eff=606/692
[fastlio_mapping-3] [INFO] [1787332106.573930171] [laser_mapping]: Loc OK: pos[5.60 -2.39 0.07] eff=485/556
[global_reloc_node-2] [INFO] [1787332108.416897386] [global_reloc]: Tracking healthy: map-consistency=1.00
[fastlio_mapping-3] [INFO] [1787332109.617919421] [laser_mapping]: Loc OK: pos[5.60 -2.39 0.07] eff=675/777
[fastlio_mapping-3] [INFO] [1787332112.618605980] [laser_mapping]: Loc OK: pos[5.60 -2.39 0.07] eff=517/585
[global_reloc_node-2] [INFO] [1787332114.416823893] [global_reloc]: Tracking healthy: map-consistency=1.00
[fastlio_mapping-3] [INFO] [1787332115.674719748] [laser_mapping]: Loc OK: pos[5.59 -2.39 0.07] eff=557/644
[fastlio_mapping-3] [INFO] [1787332118.686330613] [laser_mapping]: Loc OK: pos[5.59 -2.39 0.07] eff=620/711
[global_reloc_node-2] [INFO] [1787332120.416820732] [global_reloc]: Tracking healthy: map-consistency=1.00
[fastlio_mapping-3] [INFO] [1787332121.710681759] [laser_mapping]: Loc OK: pos[5.59 -2.39 0.07] eff=496/568
[fastlio_mapping-3] [INFO] [1787332124.712965247] [laser_mapping]: Loc OK: pos[6.23 -2.55 0.06] eff=705/811
[global_reloc_node-2] [INFO] [1787332126.416921444] [global_reloc]: Tracking healthy: map-consistency=1.00
[fastlio_mapping-3] [INFO] [1787332127.720973078] [laser_mapping]: Loc OK: pos[6.38 -2.42 0.07] eff=613/697
[fastlio_mapping-3] [INFO] [1787332130.733031159] [laser_mapping]: Loc OK: pos[6.13 -1.60 0.07] eff=543/619
[global_reloc_node-2] [INFO] [1787332132.417034828] [global_reloc]: Tracking healthy: map-consistency=1.00
[fastlio_mapping-3] [INFO] [1787332133.768971377] [laser_mapping]: Loc OK: pos[6.54 -1.68 0.06] eff=689/783
[fastlio_mapping-3] [INFO] [1787332136.821145892] [laser_mapping]: Loc OK: pos[6.36 -1.64 0.06] eff=498/572
[global_reloc_node-2] [INFO] [1787332138.417956412] [global_reloc]: Tracking healthy: map-consistency=1.00
[fastlio_mapping-3] [INFO] [1787332139.870441121] [laser_mapping]: Loc OK: pos[5.90 -1.30 0.07] eff=660/764
[fastlio_mapping-3] [INFO] [1787332142.925354224] [laser_mapping]: Loc OK: pos[5.99 -0.21 0.07] eff=631/694
[global_reloc_node-2] [INFO] [1787332144.418081648] [global_reloc]: Tracking healthy: map-consistency=1.00
[fastlio_mapping-3] [INFO] [1787332145.982112803] [laser_mapping]: Loc OK: pos[5.05 -1.26 0.06] eff=556/631
[fastlio_mapping-3] [INFO] [1787332149.016638283] [laser_mapping]: Loc OK: pos[5.05 -1.29 0.05] eff=698/799
[global_reloc_node-2] [INFO] [1787332150.420139527] [global_reloc]: Tracking healthy: map-consistency=1.00
[fastlio_mapping-3] [INFO] [1787332152.072128741] [laser_mapping]: Loc OK: pos[4.84 -1.21 0.04] eff=545/632
[fastlio_mapping-3] [INFO] [1787332155.118826045] [laser_mapping]: Loc OK: pos[4.54 -1.15 0.03] eff=666/775
[global_reloc_node-2] [INFO] [1787332156.418075536] [global_reloc]: Tracking healthy: map-consistency=1.00
[fastlio_mapping-3] [INFO] [1787332158.174379965] [laser_mapping]: Loc OK: pos[3.82 -0.45 0.05] eff=644/744
[fastlio_mapping-3] [INFO] [1787332161.218080753] [laser_mapping]: Loc OK: pos[4.33 -0.43 0.05] eff=651/735
[global_reloc_node-2] [INFO] [1787332162.418454683] [global_reloc]: Tracking healthy: map-consistency=1.00
[fastlio_mapping-3] [INFO] [1787332164.271921798] [laser_mapping]: Loc OK: pos[4.23 -0.35 0.06] eff=795/892
[fastlio_mapping-3] [INFO] [1787332167.315967536] [laser_mapping]: Loc OK: pos[3.95 0.03 0.05] eff=648/729
[global_reloc_node-2] [INFO] [1787332168.419181004] [global_reloc]: Tracking healthy: map-consistency=1.00
[fastlio_mapping-3] [INFO] [1787332170.362655366] [laser_mapping]: Loc OK: pos[3.98 0.04 0.05] eff=696/791
[fastlio_mapping-3] [INFO] [1787332173.370318077] [laser_mapping]: Loc OK: pos[3.75 0.58 0.05] eff=757/856
[global_reloc_node-2] [INFO] [1787332174.419569510] [global_reloc]: Tracking healthy: map-consistency=1.00
[fastlio_mapping-3] [INFO] [1787332176.414514700] [laser_mapping]: Loc OK: pos[3.49 0.79 0.04] eff=565/649
[fastlio_mapping-3] [INFO] [1787332179.419884007] [laser_mapping]: Loc OK: pos[3.16 0.73 0.05] eff=756/843
[global_reloc_node-2] [INFO] [1787332180.419514120] [global_reloc]: Tracking healthy: map-consistency=1.00
[fastlio_mapping-3] [INFO] [1787332182.464235241] [laser_mapping]: Loc OK: pos[2.91 1.04 0.05] eff=692/796
[fastlio_mapping-3] [INFO] [1787332185.474379852] [laser_mapping]: Loc OK: pos[3.15 0.67 0.03] eff=675/763
[global_reloc_node-2] [INFO] [1787332186.419603505] [global_reloc]: Tracking healthy: map-consistency=1.00
[fastlio_mapping-3] [INFO] [1787332188.490132614] [laser_mapping]: Loc OK: pos[2.90 0.74 0.05] eff=760/842
[fastlio_mapping-3] [INFO] [1787332191.512357279] [laser_mapping]: Loc OK: pos[2.40 0.74 0.04] eff=528/607
[global_reloc_node-2] [INFO] [1787332192.420393693] [global_reloc]: Tracking healthy: map-consistency=1.00
[fastlio_mapping-3] [INFO] [1787332194.517666832] [laser_mapping]: Loc OK: pos[2.00 1.05 0.03] eff=831/936
[fastlio_mapping-3] [INFO] [1787332197.562586530] [laser_mapping]: Loc OK: pos[1.72 0.75 0.03] eff=648/742
[global_reloc_node-2] [INFO] [1787332198.420712123] [global_reloc]: Tracking healthy: map-consistency=1.00
[fastlio_mapping-3] [INFO] [1787332200.576734295] [laser_mapping]: Loc OK: pos[1.58 0.68 0.05] eff=675/745
[fastlio_mapping-3] [INFO] [1787332203.614794435] [laser_mapping]: Loc OK: pos[1.51 0.75 0.06] eff=741/822
[global_reloc_node-2] [INFO] [1787332204.420983552] [global_reloc]: Tracking healthy: map-consistency=1.00
[fastlio_mapping-3] [INFO] [1787332206.667529569] [laser_mapping]: Loc OK: pos[1.59 0.49 0.04] eff=594/696
[fastlio_mapping-3] [INFO] [1787332209.671911562] [laser_mapping]: Loc OK: pos[1.87 0.44 0.03] eff=820/932
[global_reloc_node-2] [INFO] [1787332210.420941316] [global_reloc]: Tracking healthy: map-consistency=1.00
[fastlio_mapping-3] [INFO] [1787332212.716317252] [laser_mapping]: Loc OK: pos[1.92 0.14 0.04] eff=635/707
[fastlio_mapping-3] [INFO] [1787332215.720725892] [laser_mapping]: Loc OK: pos[1.90 -0.12 0.04] eff=706/817
[global_reloc_node-2] [INFO] [1787332216.421013885] [global_reloc]: Tracking healthy: map-consistency=1.00
[fastlio_mapping-3] [INFO] [1787332218.760298841] [laser_mapping]: Loc OK: pos[1.60 0.24 0.02] eff=725/828
[fastlio_mapping-3] [INFO] [1787332221.812893110] [laser_mapping]: Loc OK: pos[1.26 0.35 0.02] eff=591/657
[global_reloc_node-2] [INFO] [1787332222.421871662] [global_reloc]: Tracking healthy: map-consistency=1.00
[fastlio_mapping-3] [INFO] [1787332224.815597183] [laser_mapping]: Loc OK: pos[0.70 0.64 0.03] eff=765/862
[fastlio_mapping-3] [INFO] [1787332227.820606382] [laser_mapping]: Loc OK: pos[0.52 1.11 0.02] eff=705/781
[global_reloc_node-2] [INFO] [1787332228.422216158] [global_reloc]: Tracking healthy: map-consistency=1.00
[fastlio_mapping-3] [INFO] [1787332230.870312094] [laser_mapping]: Loc OK: pos[1.06 1.27 0.02] eff=571/658
[fastlio_mapping-3] [INFO] [1787332233.919371566] [laser_mapping]: Loc OK: pos[1.02 1.26 0.03] eff=723/826
[global_reloc_node-2] [INFO] [1787332234.422165878] [global_reloc]: Tracking healthy: map-consistency=1.00
[fastlio_mapping-3] [INFO] [1787332236.961870098] [laser_mapping]: Loc OK: pos[1.11 1.11 0.03] eff=611/692
[fastlio_mapping-3] [INFO] [1787332239.969855903] [laser_mapping]: Loc OK: pos[1.07 1.14 0.01] eff=702/785
[global_reloc_node-2] [INFO] [1787332240.422242321] [global_reloc]: Tracking healthy: map-consistency=1.00
[fastlio_mapping-3] [INFO] [1787332242.982641381] [laser_mapping]: Loc OK: pos[0.15 1.28 0.03] eff=717/828
[fastlio_mapping-3] [INFO] [1787332246.014073202] [laser_mapping]: Loc OK: pos[-0.06 1.10 0.02] eff=575/670
[global_reloc_node-2] [INFO] [1787332246.422446321] [global_reloc]: Tracking healthy: map-consistency=1.00
[fastlio_mapping-3] [INFO] [1787332249.022091712] [laser_mapping]: Loc OK: pos[0.05 1.28 0.03] eff=796/898
[fastlio_mapping-3] [INFO] [1787332252.059220909] [laser_mapping]: Loc OK: pos[-0.04 1.53 0.03] eff=541/616
[global_reloc_node-2] [INFO] [1787332252.422832188] [global_reloc]: Tracking healthy: map-consistency=1.00
[fastlio_mapping-3] [INFO] [1787332255.064533603] [laser_mapping]: Loc OK: pos[0.10 1.58 0.03] eff=723/816
[fastlio_mapping-3] [INFO] [1787332258.066351069] [laser_mapping]: Loc OK: pos[-0.80 2.23 0.03] eff=642/722
[global_reloc_node-2] [INFO] [1787332258.423258319] [global_reloc]: Tracking healthy: map-consistency=1.00
[fastlio_mapping-3] [INFO] [1787332261.114750758] [laser_mapping]: Loc OK: pos[-0.96 2.52 0.02] eff=550/599
[fastlio_mapping-3] [INFO] [1787332264.115884357] [laser_mapping]: Loc OK: pos[-1.21 2.17 0.01] eff=768/874
[global_reloc_node-2] [INFO] [1787332264.423813616] [global_reloc]: Tracking healthy: map-consistency=1.00
[fastlio_mapping-3] [INFO] [1787332267.175888218] [laser_mapping]: Loc OK: pos[-1.84 1.68 -0.00] eff=623/709
[fastlio_mapping-3] [INFO] [1787332270.217215754] [laser_mapping]: Loc OK: pos[-1.94 1.85 0.00] eff=616/699
[global_reloc_node-2] [INFO] [1787332270.423374736] [global_reloc]: Tracking healthy: map-consistency=1.00
[fastlio_mapping-3] [INFO] [1787332273.226423835] [laser_mapping]: Loc OK: pos[-2.01 1.59 -0.01] eff=644/708
[fastlio_mapping-3] [INFO] [1787332276.259077226] [laser_mapping]: Loc OK: pos[-2.10 1.20 -0.01] eff=540/623
[global_reloc_node-2] [INFO] [1787332276.424860917] [global_reloc]: Tracking healthy: map-consistency=1.00
[fastlio_mapping-3] [INFO] [1787332279.273470378] [laser_mapping]: Loc OK: pos[-2.97 0.74 -0.01] eff=706/815
[fastlio_mapping-3] [INFO] [1787332282.310427297] [laser_mapping]: Loc OK: pos[-3.04 1.35 -0.02] eff=539/589
[global_reloc_node-2] [INFO] [1787332282.423963521] [global_reloc]: Tracking healthy: map-consistency=1.00
[fastlio_mapping-3] [INFO] [1787332285.317306297] [laser_mapping]: Loc OK: pos[-2.81 0.89 -0.03] eff=674/774
[fastlio_mapping-3] [INFO] [1787332288.320628694] [laser_mapping]: Loc OK: pos[-2.67 0.36 -0.02] eff=716/822
[global_reloc_node-2] [INFO] [1787332288.424583844] [global_reloc]: Tracking healthy: map-consistency=1.00
[fastlio_mapping-3] [INFO] [1787332291.368460961] [laser_mapping]: Loc OK: pos[-2.66 0.18 -0.01] eff=585/684
[fastlio_mapping-3] [INFO] [1787332294.417577193] [laser_mapping]: Loc OK: pos[-2.98 0.12 -0.02] eff=689/796
[global_reloc_node-2] [INFO] [1787332294.425270337] [global_reloc]: Tracking healthy: map-consistency=1.00
[fastlio_mapping-3] [INFO] [1787332297.467365780] [laser_mapping]: Loc OK: pos[-3.31 0.36 -0.01] eff=585/652
[global_reloc_node-2] [INFO] [1787332300.425132179] [global_reloc]: Tracking healthy: map-consistency=1.00
[fastlio_mapping-3] [INFO] [1787332300.478127540] [laser_mapping]: Loc OK: pos[-3.51 0.64 -0.03] eff=652/770
[fastlio_mapping-3] [INFO] [1787332303.512696417] [laser_mapping]: Loc OK: pos[-3.68 0.07 -0.03] eff=647/751
[global_reloc_node-2] [INFO] [1787332306.424778423] [global_reloc]: Tracking healthy: map-consistency=1.00
[fastlio_mapping-3] [INFO] [1787332306.515835674] [laser_mapping]: Loc OK: pos[-4.34 -0.16 -0.01] eff=610/712
[fastlio_mapping-3] [INFO] [1787332309.576072334] [laser_mapping]: Loc OK: pos[-4.70 -0.09 -0.02] eff=602/711
[global_reloc_node-2] [INFO] [1787332312.424925553] [global_reloc]: Tracking healthy: map-consistency=1.00
[fastlio_mapping-3] [INFO] [1787332312.578356847] [laser_mapping]: Loc OK: pos[-4.83 0.05 -0.02] eff=511/596
[fastlio_mapping-3] [INFO] [1787332315.621193288] [laser_mapping]: Loc OK: pos[-4.83 0.05 -0.02] eff=511/594
[global_reloc_node-2] [INFO] [1787332318.425727081] [global_reloc]: Tracking healthy: map-consistency=1.00
[fastlio_mapping-3] [INFO] [1787332318.627321957] [laser_mapping]: Loc OK: pos[-4.83 0.06 -0.02] eff=568/661
[fastlio_mapping-3] [INFO] [1787332321.631280425] [laser_mapping]: Loc OK: pos[-4.28 0.21 -0.01] eff=518/597
[global_reloc_node-2] [INFO] [1787332324.426103251] [global_reloc]: Tracking healthy: map-consistency=1.00
[fastlio_mapping-3] [INFO] [1787332324.679041846] [laser_mapping]: Loc OK: pos[-1.06 0.33 0.04] eff=726/827
[fastlio_mapping-3] [INFO] [1787332327.716487551] [laser_mapping]: Loc OK: pos[2.30 -1.27 0.05] eff=655/758
[global_reloc_node-2] [INFO] [1787332330.427244773] [global_reloc]: Tracking healthy: map-consistency=1.00
[fastlio_mapping-3] [INFO] [1787332330.766614086] [laser_mapping]: Loc OK: pos[5.69 -3.17 0.07] eff=545/623
[fastlio_mapping-3] [INFO] [1787332333.825997521] [laser_mapping]: Loc OK: pos[7.56 -3.08 0.08] eff=581/653
[global_reloc_node-2] [INFO] [1787332336.426279426] [global_reloc]: Tracking healthy: map-consistency=1.00
[fastlio_mapping-3] [INFO] [1787332336.855191621] [laser_mapping]: Loc OK: pos[7.43 -3.07 0.09] eff=378/428
[fastlio_mapping-3] [INFO] [1787332339.862755843] [laser_mapping]: Loc OK: pos[7.43 -3.07 0.08] eff=576/661
[global_reloc_node-2] [INFO] [1787332342.427398600] [global_reloc]: Tracking healthy: map-consistency=1.00
[fastlio_mapping-3] [INFO] [1787332342.862915298] [laser_mapping]: Loc OK: pos[7.43 -3.07 0.09] eff=555/637
[fastlio_mapping-3] [INFO] [1787332345.918448968] [laser_mapping]: Loc OK: pos[7.43 -3.07 0.09] eff=519/584
[global_reloc_node-2] [INFO] [1787332348.427194881] [global_reloc]: Tracking healthy: map-consistency=1.00
[fastlio_mapping-3] [INFO] [1787332348.936666720] [laser_mapping]: Loc OK: pos[7.43 -3.07 0.08] eff=593/690
[fastlio_mapping-3] [INFO] [1787332351.961322176] [laser_mapping]: Loc OK: pos[7.43 -3.07 0.09] eff=524/609
[global_reloc_node-2] [INFO] [1787332354.427272215] [global_reloc]: Tracking healthy: map-consistency=1.00
[fastlio_mapping-3] [INFO] [1787332355.005314951] [laser_mapping]: Loc OK: pos[7.42 -3.07 0.08] eff=517/584
[fastlio_mapping-3] [INFO] [1787332358.009306666] [laser_mapping]: Loc OK: pos[7.43 -3.07 0.08] eff=559/636
[global_reloc_node-2] [INFO] [1787332360.427172409] [global_reloc]: Tracking healthy: map-consistency=1.00
[fastlio_mapping-3] [INFO] [1787332361.069184872] [laser_mapping]: Loc OK: pos[7.43 -3.07 0.09] eff=547/618
[fastlio_mapping-3] [INFO] [1787332364.112722462] [laser_mapping]: Loc OK: pos[7.76 -3.09 0.08] eff=595/678
[global_reloc_node-2] [INFO] [1787332366.427530596] [global_reloc]: Tracking healthy: map-consistency=1.00
[fastlio_mapping-3] [INFO] [1787332367.115571797] [laser_mapping]: Loc OK: pos[8.37 -3.37 0.09] eff=488/538
[fastlio_mapping-3] [INFO] [1787332370.170718054] [laser_mapping]: Loc OK: pos[7.91 -2.34 0.08] eff=595/661
[global_reloc_node-2] [INFO] [1787332372.427568025] [global_reloc]: Tracking healthy: map-consistency=1.00
[fastlio_mapping-3] [INFO] [1787332373.210407511] [laser_mapping]: Loc OK: pos[8.16 -2.32 0.08] eff=492/546
[fastlio_mapping-3] [INFO] [1787332376.212008960] [laser_mapping]: Loc OK: pos[8.20 -2.23 0.05] eff=509/589
[global_reloc_node-2] [INFO] [1787332378.428385674] [global_reloc]: Tracking healthy: map-consistency=1.00
[fastlio_mapping-3] [INFO] [1787332379.226017981] [laser_mapping]: Loc OK: pos[7.92 -2.42 0.08] eff=661/760
[fastlio_mapping-3] [INFO] [1787332382.273720122] [laser_mapping]: Loc OK: pos[7.30 -1.16 0.08] eff=631/740
[global_reloc_node-2] [INFO] [1787332384.429178807] [global_reloc]: Tracking healthy: map-consistency=1.00
[fastlio_mapping-3] [INFO] [1787332385.319339049] [laser_mapping]: Loc OK: pos[6.99 -1.83 0.08] eff=619/701
[fastlio_mapping-3] [INFO] [1787332388.371460902] [laser_mapping]: Loc OK: pos[6.68 -2.29 0.06] eff=699/782
[global_reloc_node-2] [INFO] [1787332390.429295268] [global_reloc]: Tracking healthy: map-consistency=1.00
[fastlio_mapping-3] [INFO] [1787332391.406095853] [laser_mapping]: Loc OK: pos[6.64 -2.30 0.08] eff=472/519
[fastlio_mapping-3] [INFO] [1787332394.431026135] [laser_mapping]: Loc OK: pos[6.20 -2.35 0.06] eff=646/739
[global_reloc_node-2] [INFO] [1787332396.429013825] [global_reloc]: Tracking healthy: map-consistency=1.00
[fastlio_mapping-3] [INFO] [1787332397.468996687] [laser_mapping]: Loc OK: pos[5.76 -1.73 0.07] eff=614/717
[fastlio_mapping-3] [INFO] [1787332400.512123067] [laser_mapping]: Loc OK: pos[5.48 -1.63 0.06] eff=632/727
[global_reloc_node-2] [INFO] [1787332402.429634345] [global_reloc]: Tracking healthy: map-consistency=1.00
[fastlio_mapping-3] [INFO] [1787332403.514475345] [laser_mapping]: Loc OK: pos[5.95 -1.69 0.07] eff=730/836
[fastlio_mapping-3] [INFO] [1787332406.570679070] [laser_mapping]: Loc OK: pos[5.33 -1.27 0.07] eff=633/725
[global_reloc_node-2] [INFO] [1787332408.430084782] [global_reloc]: Tracking healthy: map-consistency=1.00
[fastlio_mapping-3] [INFO] [1787332409.620973879] [laser_mapping]: Loc OK: pos[5.32 -1.26 0.07] eff=781/885
[fastlio_mapping-3] [INFO] [1787332412.668293405] [laser_mapping]: Loc OK: pos[5.19 -1.03 0.05] eff=671/753
[global_reloc_node-2] [INFO] [1787332414.430869354] [global_reloc]: Tracking healthy: map-consistency=1.00
[fastlio_mapping-3] [INFO] [1787332415.675476332] [laser_mapping]: Loc OK: pos[4.92 -0.61 0.06] eff=697/779
[fastlio_mapping-3] [INFO] [1787332418.712686488] [laser_mapping]: Loc OK: pos[4.50 -0.64 0.04] eff=723/817
[global_reloc_node-2] [INFO] [1787332420.430698950] [global_reloc]: Tracking healthy: map-consistency=1.00
[fastlio_mapping-3] [INFO] [1787332421.716438517] [laser_mapping]: Loc OK: pos[4.36 -0.49 0.04] eff=579/654
[fastlio_mapping-3] [INFO] [1787332424.728824320] [laser_mapping]: Loc OK: pos[4.39 -0.52 0.05] eff=699/796
[global_reloc_node-2] [INFO] [1787332426.430438985] [global_reloc]: Tracking healthy: map-consistency=1.00
[fastlio_mapping-3] [INFO] [1787332427.768230947] [laser_mapping]: Loc OK: pos[4.58 -0.81 0.05] eff=764/871
[fastlio_mapping-3] [INFO] [1787332430.771268890] [laser_mapping]: Loc OK: pos[3.86 -0.74 0.04] eff=614/692
[global_reloc_node-2] [INFO] [1787332432.431186727] [global_reloc]: Tracking healthy: map-consistency=1.00
[fastlio_mapping-3] [INFO] [1787332433.793325768] [laser_mapping]: Loc OK: pos[3.48 -0.65 0.05] eff=789/895
[fastlio_mapping-3] [INFO] [1787332436.813821029] [laser_mapping]: Loc OK: pos[3.22 -0.67 0.04] eff=566/637
[global_reloc_node-2] [INFO] [1787332438.431300185] [global_reloc]: Tracking healthy: map-consistency=1.00
[fastlio_mapping-3] [INFO] [1787332439.819789719] [laser_mapping]: Loc OK: pos[3.11 -1.02 0.04] eff=719/825
[fastlio_mapping-3] [INFO] [1787332442.877989140] [laser_mapping]: Loc OK: pos[2.96 -0.81 0.06] eff=658/751
[global_reloc_node-2] [INFO] [1787332444.432086106] [global_reloc]: Tracking healthy: map-consistency=1.00
[fastlio_mapping-3] [INFO] [1787332445.921195602] [laser_mapping]: Loc OK: pos[3.03 -1.03 0.05] eff=724/807
[fastlio_mapping-3] [INFO] [1787332448.923432957] [laser_mapping]: Loc OK: pos[3.31 -1.48 0.05] eff=832/936
[global_reloc_node-2] [INFO] [1787332450.431462962] [global_reloc]: Tracking healthy: map-consistency=1.00
[fastlio_mapping-3] [INFO] [1787332451.971384404] [laser_mapping]: Loc OK: pos[4.14 -1.82 0.05] eff=598/708
[fastlio_mapping-3] [INFO] [1787332455.018986863] [laser_mapping]: Loc OK: pos[4.71 -1.73 0.05] eff=655/747
[global_reloc_node-2] [INFO] [1787332456.431650436] [global_reloc]: Tracking healthy: map-consistency=1.00
[fastlio_mapping-3] [INFO] [1787332458.065505328] [laser_mapping]: Loc OK: pos[4.90 -2.12 0.07] eff=601/695
[fastlio_mapping-3] [INFO] [1787332461.067416290] [laser_mapping]: Loc OK: pos[4.84 -2.13 0.05] eff=583/642
[global_reloc_node-2] [INFO] [1787332462.431987284] [global_reloc]: Tracking healthy: map-consistency=1.00
[fastlio_mapping-3] [INFO] [1787332464.123453006] [laser_mapping]: Loc OK: pos[5.07 -1.87 0.05] eff=789/894
[fastlio_mapping-3] [INFO] [1787332467.159620233] [laser_mapping]: Loc OK: pos[5.26 -2.16 0.05] eff=463/531
[global_reloc_node-2] [INFO] [1787332468.432643532] [global_reloc]: Tracking healthy: map-consistency=1.00
[fastlio_mapping-3] [INFO] [1787332470.165080249] [laser_mapping]: Loc OK: pos[5.68 -2.26 0.05] eff=643/722
[fastlio_mapping-3] [INFO] [1787332473.208546912] [laser_mapping]: Loc OK: pos[6.36 -2.18 0.06] eff=615/692
[global_reloc_node-2] [INFO] [1787332474.432759464] [global_reloc]: Tracking healthy: map-consistency=1.00
[fastlio_mapping-3] [INFO] [1787332476.223461180] [laser_mapping]: Loc OK: pos[7.30 -2.57 0.08] eff=559/628
[fastlio_mapping-3] [INFO] [1787332479.264805203] [laser_mapping]: Loc OK: pos[7.08 -2.91 0.08] eff=612/689
[global_reloc_node-2] [INFO] [1787332480.433014888] [global_reloc]: Tracking healthy: map-consistency=1.00
[fastlio_mapping-3] [INFO] [1787332482.315427510] [laser_mapping]: Loc OK: pos[7.82 -3.44 0.10] eff=452/506
[fastlio_mapping-3] [INFO] [1787332485.356322151] [laser_mapping]: Loc OK: pos[8.25 -3.09 0.10] eff=456/518
[global_reloc_node-2] [INFO] [1787332486.433057311] [global_reloc]: Tracking healthy: map-consistency=1.00
[fastlio_mapping-3] [INFO] [1787332488.357779860] [laser_mapping]: Loc OK: pos[7.99 -3.01 0.09] eff=549/609
[fastlio_mapping-3] [INFO] [1787332491.411193527] [laser_mapping]: Loc OK: pos[8.11 -2.54 0.07] eff=537/601
[global_reloc_node-2] [INFO] [1787332492.434242025] [global_reloc]: Tracking healthy: map-consistency=1.00
[fastlio_mapping-3] [INFO] [1787332494.462171143] [laser_mapping]: Loc OK: pos[8.12 -2.53 0.06] eff=593/682
[fastlio_mapping-3] [INFO] [1787332497.519683116] [laser_mapping]: Loc OK: pos[7.84 -2.51 0.09] eff=447/502
[global_reloc_node-2] [INFO] [1787332498.433673131] [global_reloc]: Tracking healthy: map-consistency=1.00
[fastlio_mapping-3] [INFO] [1787332500.563804705] [laser_mapping]: Loc OK: pos[7.58 -1.76 0.09] eff=563/639
[fastlio_mapping-3] [INFO] [1787332503.565939845] [laser_mapping]: Loc OK: pos[7.21 -1.91 0.06] eff=640/736
[global_reloc_node-2] [INFO] [1787332504.433935989] [global_reloc]: Tracking healthy: map-consistency=1.00
[fastlio_mapping-3] [INFO] [1787332506.610404090] [laser_mapping]: Loc OK: pos[6.45 -2.07 0.07] eff=485/543
[fastlio_mapping-3] [INFO] [1787332509.617927741] [laser_mapping]: Loc OK: pos[5.91 -1.94 0.07] eff=685/780
[global_reloc_node-2] [INFO] [1787332510.434352462] [global_reloc]: Tracking healthy: map-consistency=1.00
[fastlio_mapping-3] [INFO] [1787332512.666822341] [laser_mapping]: Loc OK: pos[6.02 -1.86 0.08] eff=577/662
[fastlio_mapping-3] [INFO] [1787332515.708939488] [laser_mapping]: Loc OK: pos[5.34 -0.91 0.07] eff=571/640
[global_reloc_node-2] [INFO] [1787332516.434222584] [global_reloc]: Tracking healthy: map-consistency=1.00
[fastlio_mapping-3] [INFO] [1787332518.721459594] [laser_mapping]: Loc OK: pos[4.49 -0.63 0.06] eff=837/945
[fastlio_mapping-3] [INFO] [1787332521.760124321] [laser_mapping]: Loc OK: pos[4.17 -0.20 0.05] eff=587/675
[global_reloc_node-2] [INFO] [1787332522.434753161] [global_reloc]: Tracking healthy: map-consistency=1.00
[fastlio_mapping-3] [INFO] [1787332524.763389197] [laser_mapping]: Loc OK: pos[4.25 -0.45 0.06] eff=700/798
[fastlio_mapping-3] [INFO] [1787332527.771547913] [laser_mapping]: Loc OK: pos[3.49 -0.03 0.04] eff=714/791
[global_reloc_node-2] [INFO] [1787332528.435240101] [global_reloc]: Tracking healthy: map-consistency=1.00
[fastlio_mapping-3] [INFO] [1787332530.779624541] [laser_mapping]: Loc OK: pos[3.39 0.01 0.04] eff=619/716
[fastlio_mapping-3] [INFO] [1787332533.818306977] [laser_mapping]: Loc OK: pos[3.49 -0.07 0.05] eff=851/963
[global_reloc_node-2] [INFO] [1787332534.435524934] [global_reloc]: Tracking healthy: map-consistency=1.00
[fastlio_mapping-3] [INFO] [1787332536.838781127] [laser_mapping]: Loc OK: pos[3.67 0.15 0.04] eff=523/622
[fastlio_mapping-3] [INFO] [1787332539.870646232] [laser_mapping]: Loc OK: pos[3.40 0.71 0.04] eff=700/791
[global_reloc_node-2] [INFO] [1787332540.437697993] [global_reloc]: Tracking healthy: map-consistency=1.00
[fastlio_mapping-3] [INFO] [1787332542.921486974] [laser_mapping]: Loc OK: pos[3.43 0.35 0.02] eff=742/843
[fastlio_mapping-3] [INFO] [1787332545.962724317] [laser_mapping]: Loc OK: pos[3.90 0.36 0.02] eff=572/658
[global_reloc_node-2] [INFO] [1787332546.439924608] [global_reloc]: Tracking healthy: map-consistency=1.00
[fastlio_mapping-3] [INFO] [1787332548.966828939] [laser_mapping]: Loc OK: pos[4.32 -0.18 0.05] eff=812/925
[fastlio_mapping-3] [INFO] [1787332551.973853077] [laser_mapping]: Loc OK: pos[4.26 -0.55 0.05] eff=704/772
[global_reloc_node-2] [INFO] [1787332552.438824089] [global_reloc]: Tracking healthy: map-consistency=1.00
[fastlio_mapping-3] [INFO] [1787332555.013276410] [laser_mapping]: Loc OK: pos[4.20 -0.65 0.06] eff=690/806
[fastlio_mapping-3] [INFO] [1787332558.033512699] [laser_mapping]: Loc OK: pos[4.20 -0.65 0.05] eff=750/856
[global_reloc_node-2] [INFO] [1787332558.437888846] [global_reloc]: Tracking healthy: map-consistency=1.00
[fastlio_mapping-3] [INFO] [1787332561.078353894] [laser_mapping]: Loc OK: pos[4.20 -0.65 0.05] eff=671/730
[fastlio_mapping-3] [INFO] [1787332564.120980940] [laser_mapping]: Loc OK: pos[4.20 -0.65 0.06] eff=788/916
[global_reloc_node-2] [INFO] [1787332564.436816052] [global_reloc]: Tracking healthy: map-consistency=1.00
[fastlio_mapping-3] [INFO] [1787332567.160005812] [laser_mapping]: Loc OK: pos[4.20 -0.65 0.06] eff=593/685
[fastlio_mapping-3] [INFO] [1787332570.168583344] [laser_mapping]: Loc OK: pos[4.20 -0.65 0.05] eff=725/830
[global_reloc_node-2] [INFO] [1787332570.437897231] [global_reloc]: Tracking healthy: map-consistency=1.00
[fastlio_mapping-3] [INFO] [1787332573.217910194] [laser_mapping]: Loc OK: pos[4.20 -0.65 0.06] eff=743/853
[fastlio_mapping-3] [INFO] [1787332576.227643612] [laser_mapping]: Loc OK: pos[4.20 -0.65 0.06] eff=692/759
[global_reloc_node-2] [INFO] [1787332576.441759869] [global_reloc]: Tracking healthy: map-consistency=1.00
[fastlio_mapping-3] [INFO] [1787332579.231155192] [laser_mapping]: Loc OK: pos[4.20 -0.64 0.05] eff=766/877
[fastlio_mapping-3] [INFO] [1787332582.262752499] [laser_mapping]: Loc OK: pos[4.20 -0.65 0.06] eff=705/787
[global_reloc_node-2] [INFO] [1787332582.438158178] [global_reloc]: Tracking healthy: map-consistency=1.00
[fastlio_mapping-3] [INFO] [1787332585.265852667] [laser_mapping]: Loc OK: pos[4.20 -0.65 0.06] eff=664/762
[fastlio_mapping-3] [INFO] [1787332588.284477666] [laser_mapping]: Loc OK: pos[4.20 -0.65 0.06] eff=751/839
[global_reloc_node-2] [INFO] [1787332588.438313863] [global_reloc]: Tracking healthy: map-consistency=1.00
[fastlio_mapping-3] [INFO] [1787332591.322081629] [laser_mapping]: Loc OK: pos[4.20 -0.65 0.06] eff=548/639
[fastlio_mapping-3] [INFO] [1787332594.359308232] [laser_mapping]: Loc OK: pos[4.20 -0.65 0.06] eff=753/848
[global_reloc_node-2] [INFO] [1787332594.441041145] [global_reloc]: Tracking healthy: map-consistency=1.00
[fastlio_mapping-3] [INFO] [1787332597.415021169] [laser_mapping]: Loc OK: pos[4.20 -0.65 0.05] eff=714/799
[fastlio_mapping-3] [INFO] [1787332600.418678062] [laser_mapping]: Loc OK: pos[4.20 -0.65 0.06] eff=650/738
[global_reloc_node-2] [INFO] [1787332600.442401392] [global_reloc]: Tracking healthy: map-consistency=1.00
[fastlio_mapping-3] [INFO] [1787332603.490693911] [laser_mapping]: Loc OK: pos[4.20 -0.65 0.06] eff=802/912
[global_reloc_node-2] [INFO] [1787332606.443419289] [global_reloc]: Tracking healthy: map-consistency=1.00
[fastlio_mapping-3] [INFO] [1787332606.510414666] [laser_mapping]: Loc OK: pos[4.20 -0.64 0.05] eff=626/690
[fastlio_mapping-3] [INFO] [1787332609.516724186] [laser_mapping]: Loc OK: pos[4.20 -0.65 0.06] eff=747/853
[global_reloc_node-2] [INFO] [1787332612.438584169] [global_reloc]: Tracking healthy: map-consistency=1.00
[fastlio_mapping-3] [INFO] [1787332612.562937319] [laser_mapping]: Loc OK: pos[4.20 -0.65 0.06] eff=711/799
[fastlio_mapping-3] [INFO] [1787332615.563371514] [laser_mapping]: Loc OK: pos[4.20 -0.65 0.06] eff=610/696
[global_reloc_node-2] [INFO] [1787332618.439152038] [global_reloc]: Tracking healthy: map-consistency=1.00
[fastlio_mapping-3] [INFO] [1787332618.572968730] [laser_mapping]: Loc OK: pos[4.20 -0.65 0.06] eff=789/885
[fastlio_mapping-3] [INFO] [1787332621.611437498] [laser_mapping]: Loc OK: pos[4.20 -0.65 0.06] eff=539/620
[global_reloc_node-2] [INFO] [1787332624.443777975] [global_reloc]: Tracking healthy: map-consistency=1.00
[fastlio_mapping-3] [INFO] [1787332624.685041192] [laser_mapping]: Loc OK: pos[4.20 -0.65 0.06] eff=733/834
[fastlio_mapping-3] [INFO] [1787332627.724405104] [laser_mapping]: Loc OK: pos[4.20 -0.64 0.06] eff=745/835
[global_reloc_node-2] [INFO] [1787332630.439717017] [global_reloc]: Tracking healthy: map-consistency=1.00
[fastlio_mapping-3] [INFO] [1787332630.729645145] [laser_mapping]: Loc OK: pos[4.20 -0.65 0.06] eff=567/648
[fastlio_mapping-3] [INFO] [1787332633.774417614] [laser_mapping]: Loc OK: pos[4.20 -0.65 0.06] eff=844/965
[global_reloc_node-2] [INFO] [1787332636.440933575] [global_reloc]: Tracking healthy: map-consistency=1.00
[fastlio_mapping-3] [INFO] [1787332636.774480763] [laser_mapping]: Loc OK: pos[4.20 -0.65 0.06] eff=559/668
[fastlio_mapping-3] [INFO] [1787332639.824715423] [laser_mapping]: Loc OK: pos[4.20 -0.65 0.06] eff=662/755
[global_reloc_node-2] [INFO] [1787332642.439858717] [global_reloc]: Tracking healthy: map-consistency=1.00
[fastlio_mapping-3] [INFO] [1787332642.879483911] [laser_mapping]: Loc OK: pos[4.20 -0.65 0.05] eff=790/878
[fastlio_mapping-3] [INFO] [1787332645.916306188] [laser_mapping]: Loc OK: pos[4.20 -0.65 0.05] eff=648/727
[global_reloc_node-2] [INFO] [1787332648.441562133] [global_reloc]: Tracking healthy: map-consistency=1.00
[fastlio_mapping-3] [INFO] [1787332648.932021350] [laser_mapping]: Loc OK: pos[4.20 -0.64 0.06] eff=800/907
[fastlio_mapping-3] [INFO] [1787332651.977080883] [laser_mapping]: Loc OK: pos[4.20 -0.65 0.06] eff=662/734
[global_reloc_node-2] [INFO] [1787332654.440697611] [global_reloc]: Tracking healthy: map-consistency=1.00
[fastlio_mapping-3] [INFO] [1787332655.033013046] [laser_mapping]: Loc OK: pos[4.20 -0.65 0.05] eff=728/824
[fastlio_mapping-3] [INFO] [1787332658.073995033] [laser_mapping]: Loc OK: pos[4.20 -0.65 0.06] eff=703/808
[global_reloc_node-2] [INFO] [1787332660.440632050] [global_reloc]: Tracking healthy: map-consistency=1.00
[fastlio_mapping-3] [INFO] [1787332661.075913836] [laser_mapping]: Loc OK: pos[4.20 -0.65 0.05] eff=701/758
[fastlio_mapping-3] [INFO] [1787332664.133439900] [laser_mapping]: Loc OK: pos[4.20 -0.65 0.05] eff=824/917
[global_reloc_node-2] [INFO] [1787332666.440817362] [global_reloc]: Tracking healthy: map-consistency=1.00
[fastlio_mapping-3] [INFO] [1787332667.161300147] [laser_mapping]: Loc OK: pos[4.20 -0.65 0.06] eff=616/703
[fastlio_mapping-3] [INFO] [1787332670.168670620] [laser_mapping]: Loc OK: pos[4.20 -0.65 0.06] eff=695/787
[global_reloc_node-2] [INFO] [1787332672.443012986] [global_reloc]: Tracking healthy: map-consistency=1.00
[fastlio_mapping-3] [INFO] [1787332673.214793325] [laser_mapping]: Loc OK: pos[4.20 -0.65 0.06] eff=741/847
[fastlio_mapping-3] [INFO] [1787332676.219230400] [laser_mapping]: Loc OK: pos[4.20 -0.65 0.06] eff=693/772
[global_reloc_node-2] [INFO] [1787332678.443926941] [global_reloc]: Tracking healthy: map-consistency=1.00
[fastlio_mapping-3] [INFO] [1787332679.234454471] [laser_mapping]: Loc OK: pos[4.20 -0.65 0.06] eff=805/914
[fastlio_mapping-3] [INFO] [1787332682.261849247] [laser_mapping]: Loc OK: pos[4.20 -0.65 0.05] eff=658/737
[global_reloc_node-2] [INFO] [1787332684.442204065] [global_reloc]: Tracking healthy: map-consistency=1.00
[fastlio_mapping-3] [INFO] [1787332685.263450086] [laser_mapping]: Loc OK: pos[4.20 -0.65 0.06] eff=675/762
[fastlio_mapping-3] [INFO] [1787332688.318704788] [laser_mapping]: Loc OK: pos[4.20 -0.65 0.06] eff=791/899
[global_reloc_node-2] [INFO] [1787332690.441883414] [global_reloc]: Tracking healthy: map-consistency=1.00
[fastlio_mapping-3] [INFO] [1787332691.380754090] [laser_mapping]: Loc OK: pos[4.20 -0.65 0.06] eff=600/660
[fastlio_mapping-3] [INFO] [1787332694.424589878] [laser_mapping]: Loc OK: pos[4.20 -0.65 0.05] eff=801/910
[global_reloc_node-2] [INFO] [1787332696.443214440] [global_reloc]: Tracking healthy: map-consistency=1.00
[fastlio_mapping-3] [INFO] [1787332697.463764767] [laser_mapping]: Loc OK: pos[4.20 -0.65 0.06] eff=591/689
[fastlio_mapping-3] [INFO] [1787332700.477683505] [laser_mapping]: Loc OK: pos[4.20 -0.65 0.06] eff=673/760
[global_reloc_node-2] [INFO] [1787332702.442465464] [global_reloc]: Tracking healthy: map-consistency=1.00
[fastlio_mapping-3] [INFO] [1787332703.481421299] [laser_mapping]: Loc OK: pos[4.20 -0.65 0.05] eff=764/863
[fastlio_mapping-3] [INFO] [1787332706.515346219] [laser_mapping]: Loc OK: pos[4.20 -0.65 0.06] eff=644/702
[global_reloc_node-2] [INFO] [1787332708.443089083] [global_reloc]: Tracking healthy: map-consistency=1.00
[fastlio_mapping-3] [INFO] [1787332709.515627813] [laser_mapping]: Loc OK: pos[4.20 -0.65 0.06] eff=748/831
[fastlio_mapping-3] [INFO] [1787332712.520644721] [laser_mapping]: Loc OK: pos[4.20 -0.65 0.06] eff=660/748
[global_reloc_node-2] [INFO] [1787332714.443239618] [global_reloc]: Tracking healthy: map-consistency=1.00
[fastlio_mapping-3] [INFO] [1787332715.533979560] [laser_mapping]: Loc OK: pos[4.20 -0.65 0.05] eff=692/779
[fastlio_mapping-3] [INFO] [1787332718.574846338] [laser_mapping]: Loc OK: pos[4.20 -0.65 0.06] eff=807/923
[global_reloc_node-2] [INFO] [1787332720.443208797] [global_reloc]: Tracking healthy: map-consistency=1.00
[fastlio_mapping-3] [INFO] [1787332721.626500560] [laser_mapping]: Loc OK: pos[4.20 -0.65 0.06] eff=552/638
[fastlio_mapping-3] [INFO] [1787332724.637412467] [laser_mapping]: Loc OK: pos[4.20 -0.65 0.06] eff=805/890
[global_reloc_node-2] [INFO] [1787332726.443612550] [global_reloc]: Tracking healthy: map-consistency=1.00
[fastlio_mapping-3] [INFO] [1787332727.675441478] [laser_mapping]: Loc OK: pos[4.20 -0.65 0.06] eff=655/749
[fastlio_mapping-3] [INFO] [1787332730.725536486] [laser_mapping]: Loc OK: pos[4.20 -0.65 0.06] eff=563/666
[global_reloc_node-2] [INFO] [1787332732.445526765] [global_reloc]: Tracking healthy: map-consistency=1.00
[fastlio_mapping-3] [INFO] [1787332733.775644044] [laser_mapping]: Loc OK: pos[4.20 -0.65 0.05] eff=842/946
[fastlio_mapping-3] [INFO] [1787332736.839309086] [laser_mapping]: Loc OK: pos[4.20 -0.65 0.06] eff=720/793
[global_reloc_node-2] [INFO] [1787332738.444437841] [global_reloc]: Tracking healthy: map-consistency=1.00
[fastlio_mapping-3] [INFO] [1787332739.868393518] [laser_mapping]: Loc OK: pos[4.20 -0.65 0.06] eff=698/804
[fastlio_mapping-3] [INFO] [1787332742.917953393] [laser_mapping]: Loc OK: pos[4.20 -0.65 0.06] eff=702/805
[global_reloc_node-2] [INFO] [1787332744.445045085] [global_reloc]: Tracking healthy: map-consistency=1.00
[fastlio_mapping-3] [INFO] [1787332745.922065923] [laser_mapping]: Loc OK: pos[4.20 -0.65 0.06] eff=679/759
[fastlio_mapping-3] [INFO] [1787332748.930372624] [laser_mapping]: Loc OK: pos[4.20 -0.65 0.06] eff=812/926
[global_reloc_node-2] [INFO] [1787332750.445497635] [global_reloc]: Tracking healthy: map-consistency=1.00
[fastlio_mapping-3] [INFO] [1787332751.966275714] [laser_mapping]: Loc OK: pos[4.20 -0.65 0.06] eff=674/754
[fastlio_mapping-3] [INFO] [1787332754.974177678] [laser_mapping]: Loc OK: pos[4.20 -0.65 0.06] eff=650/745
[global_reloc_node-2] [INFO] [1787332756.449382589] [global_reloc]: Tracking healthy: map-consistency=1.00
[fastlio_mapping-3] [INFO] [1787332758.010307514] [laser_mapping]: Loc OK: pos[4.20 -0.65 0.05] eff=781/883
[fastlio_mapping-3] [INFO] [1787332761.073703548] [laser_mapping]: Loc OK: pos[4.18 -1.65 0.06] eff=681/746
[global_reloc_node-2] [INFO] [1787332762.446352369] [global_reloc]: Tracking healthy: map-consistency=1.00
[fastlio_mapping-3] [INFO] [1787332764.126409469] [laser_mapping]: Loc OK: pos[6.09 -2.40 0.06] eff=651/746
[fastlio_mapping-3] [INFO] [1787332767.155090979] [laser_mapping]: Loc OK: pos[6.18 -2.39 0.07] eff=571/627
[global_reloc_node-2] [INFO] [1787332768.446393261] [global_reloc]: Tracking healthy: map-consistency=1.00
[fastlio_mapping-3] [INFO] [1787332770.162660747] [laser_mapping]: Loc OK: pos[6.18 -2.39 0.07] eff=568/639
[fastlio_mapping-3] [INFO] [1787332773.165737852] [laser_mapping]: Loc OK: pos[6.17 -2.39 0.07] eff=654/741
[global_reloc_node-2] [INFO] [1787332774.445630028] [global_reloc]: Tracking healthy: map-consistency=1.00
[fastlio_mapping-3] [INFO] [1787332776.218118674] [laser_mapping]: Loc OK: pos[6.18 -2.39 0.07] eff=534/626
[fastlio_mapping-3] [INFO] [1787332779.228893023] [laser_mapping]: Loc OK: pos[6.18 -2.39 0.07] eff=609/704
[global_reloc_node-2] [INFO] [1787332780.446654140] [global_reloc]: Tracking healthy: map-consistency=1.00
[fastlio_mapping-3] [INFO] [1787332782.259341213] [laser_mapping]: Loc OK: pos[6.17 -2.39 0.07] eff=573/654
[fastlio_mapping-3] [INFO] [1787332785.266568678] [laser_mapping]: Loc OK: pos[6.17 -2.39 0.07] eff=543/615
[global_reloc_node-2] [INFO] [1787332786.445861862] [global_reloc]: Tracking healthy: map-consistency=1.00
[fastlio_mapping-3] [INFO] [1787332788.268865253] [laser_mapping]: Loc OK: pos[6.35 -2.41 0.07] eff=611/701
[fastlio_mapping-3] [INFO] [1787332791.316218898] [laser_mapping]: Loc OK: pos[7.11 -2.73 0.09] eff=404/452
[global_reloc_node-2] [INFO] [1787332792.446026465] [global_reloc]: Tracking healthy: map-consistency=1.00
[fastlio_mapping-3] [INFO] [1787332794.327771537] [laser_mapping]: Loc OK: pos[6.71 -1.91 0.08] eff=724/814
[fastlio_mapping-3] [INFO] [1787332797.357923603] [laser_mapping]: Loc OK: pos[6.81 -1.68 0.07] eff=535/597
[global_reloc_node-2] [INFO] [1787332798.446986182] [global_reloc]: Tracking healthy: map-consistency=1.00
[fastlio_mapping-3] [INFO] [1787332800.364625207] [laser_mapping]: Loc OK: pos[6.94 -1.58 0.06] eff=614/698
[fastlio_mapping-3] [INFO] [1787332803.368354630] [laser_mapping]: Loc OK: pos[6.59 -1.70 0.05] eff=677/782
[global_reloc_node-2] [INFO] [1787332804.447029134] [global_reloc]: Tracking healthy: map-consistency=1.00
[fastlio_mapping-3] [INFO] [1787332806.373162990] [laser_mapping]: Loc OK: pos[5.99 -0.61 0.06] eff=564/625
[fastlio_mapping-3] [INFO] [1787332809.379797263] [laser_mapping]: Loc OK: pos[5.84 -0.75 0.06] eff=718/817
[global_reloc_node-2] [INFO] [1787332810.447201863] [global_reloc]: Tracking healthy: map-consistency=1.00
[fastlio_mapping-3] [INFO] [1787332812.415472849] [laser_mapping]: Loc OK: pos[5.30 -1.41 0.06] eff=587/686
[fastlio_mapping-3] [INFO] [1787332815.461832325] [laser_mapping]: Loc OK: pos[5.31 -1.40 0.05] eff=558/626
[global_reloc_node-2] [INFO] [1787332816.447400845] [global_reloc]: Tracking healthy: map-consistency=1.00
[fastlio_mapping-3] [INFO] [1787332818.469773758] [laser_mapping]: Loc OK: pos[4.94 -1.38 0.05] eff=786/891
[fastlio_mapping-3] [INFO] [1787332821.517678538] [laser_mapping]: Loc OK: pos[4.65 -0.88 0.06] eff=647/745
[global_reloc_node-2] [INFO] [1787332822.447724677] [global_reloc]: Tracking healthy: map-consistency=1.00
[fastlio_mapping-3] [INFO] [1787332824.517850798] [laser_mapping]: Loc OK: pos[4.02 -0.71 0.06] eff=676/796
[fastlio_mapping-3] [INFO] [1787332827.569523696] [laser_mapping]: Loc OK: pos[4.68 -0.77 0.05] eff=728/818
[global_reloc_node-2] [INFO] [1787332828.448395770] [global_reloc]: Tracking healthy: map-consistency=1.00
[fastlio_mapping-3] [INFO] [1787332830.626598723] [laser_mapping]: Loc OK: pos[4.15 -0.39 0.06] eff=656/729
[fastlio_mapping-3] [INFO] [1787332833.662608032] [laser_mapping]: Loc OK: pos[4.05 -0.24 0.06] eff=814/933
[global_reloc_node-2] [INFO] [1787332834.448797906] [global_reloc]: Tracking healthy: map-consistency=1.00
[fastlio_mapping-3] [INFO] [1787332836.664295026] [laser_mapping]: Loc OK: pos[4.00 -0.14 0.04] eff=624/698
[fastlio_mapping-3] [INFO] [1787332839.668980337] [laser_mapping]: Loc OK: pos[3.61 0.47 0.05] eff=746/840
[global_reloc_node-2] [INFO] [1787332840.448425657] [global_reloc]: Tracking healthy: map-consistency=1.00
[fastlio_mapping-3] [INFO] [1787332842.724422092] [laser_mapping]: Loc OK: pos[3.24 0.55 0.04] eff=664/749
[fastlio_mapping-3] [INFO] [1787332845.759312136] [laser_mapping]: Loc OK: pos[2.98 0.55 0.05] eff=544/634
[global_reloc_node-2] [INFO] [1787332846.448677195] [global_reloc]: Tracking healthy: map-consistency=1.00
[fastlio_mapping-3] [INFO] [1787332848.767925010] [laser_mapping]: Loc OK: pos[2.84 0.71 0.04] eff=815/926
[fastlio_mapping-3] [INFO] [1787332851.772418040] [laser_mapping]: Loc OK: pos[3.17 0.29 0.03] eff=601/676
[global_reloc_node-2] [INFO] [1787332852.449071478] [global_reloc]: Tracking healthy: map-consistency=1.00
[fastlio_mapping-3] [INFO] [1787332854.817912700] [laser_mapping]: Loc OK: pos[2.56 0.41 0.05] eff=688/771
[fastlio_mapping-3] [INFO] [1787332857.818567992] [laser_mapping]: Loc OK: pos[2.14 0.37 0.04] eff=765/857
[global_reloc_node-2] [INFO] [1787332858.449810465] [global_reloc]: Tracking healthy: map-consistency=1.00
[fastlio_mapping-3] [INFO] [1787332860.868788222] [laser_mapping]: Loc OK: pos[1.72 0.49 0.04] eff=655/741
[fastlio_mapping-3] [INFO] [1787332863.873830990] [laser_mapping]: Loc OK: pos[1.41 0.09 0.03] eff=851/966
[global_reloc_node-2] [INFO] [1787332864.449865250] [global_reloc]: Tracking healthy: map-consistency=1.00
[fastlio_mapping-3] [INFO] [1787332866.915958837] [laser_mapping]: Loc OK: pos[1.21 0.21 0.04] eff=634/726
[fastlio_mapping-3] [INFO] [1787332869.921972904] [laser_mapping]: Loc OK: pos[1.15 0.19 0.05] eff=669/759
[global_reloc_node-2] [INFO] [1787332870.450785949] [global_reloc]: Tracking healthy: map-consistency=1.00
[fastlio_mapping-3] [INFO] [1787332872.978316901] [laser_mapping]: Loc OK: pos[1.32 0.04 0.04] eff=750/866
[fastlio_mapping-3] [INFO] [1787332876.015296791] [laser_mapping]: Loc OK: pos[1.62 0.02 0.04] eff=637/704
[global_reloc_node-2] [INFO] [1787332876.450914828] [global_reloc]: Tracking healthy: map-consistency=1.00
[fastlio_mapping-3] [INFO] [1787332879.032719831] [laser_mapping]: Loc OK: pos[1.57 -0.39 0.03] eff=800/902
[fastlio_mapping-3] [INFO] [1787332882.077071516] [laser_mapping]: Loc OK: pos[1.51 -0.24 0.03] eff=711/791
[global_reloc_node-2] [INFO] [1787332882.450608510] [global_reloc]: Tracking healthy: map-consistency=1.00
[fastlio_mapping-3] [INFO] [1787332885.115299531] [laser_mapping]: Loc OK: pos[1.20 -0.13 0.02] eff=611/692
[fastlio_mapping-3] [INFO] [1787332888.172759160] [laser_mapping]: Loc OK: pos[0.86 -0.10 0.03] eff=703/800
[global_reloc_node-2] [INFO] [1787332888.450676407] [global_reloc]: Tracking healthy: map-consistency=1.00
[fastlio_mapping-3] [INFO] [1787332891.213358118] [laser_mapping]: Loc OK: pos[0.08 0.34 0.03] eff=627/729
[fastlio_mapping-3] [INFO] [1787332894.221742570] [laser_mapping]: Loc OK: pos[0.33 0.55 0.02] eff=749/845
[global_reloc_node-2] [INFO] [1787332894.451578187] [global_reloc]: Tracking healthy: map-consistency=1.00
[fastlio_mapping-3] [INFO] [1787332897.262785798] [laser_mapping]: Loc OK: pos[0.57 0.73 0.03] eff=654/726
[fastlio_mapping-3] [INFO] [1787332900.274201287] [laser_mapping]: Loc OK: pos[0.56 0.73 0.03] eff=617/709
[global_reloc_node-2] [INFO] [1787332900.451257700] [global_reloc]: Tracking healthy: map-consistency=1.00
[fastlio_mapping-3] [INFO] [1787332903.316685628] [laser_mapping]: Loc OK: pos[0.73 0.46 0.03] eff=821/910
[fastlio_mapping-3] [INFO] [1787332906.363562778] [laser_mapping]: Loc OK: pos[0.23 0.89 0.02] eff=580/638
[global_reloc_node-2] [INFO] [1787332906.453516676] [global_reloc]: Tracking healthy: map-consistency=1.00
[fastlio_mapping-3] [INFO] [1787332909.370819124] [laser_mapping]: Loc OK: pos[-0.28 0.54 0.02] eff=749/861
[fastlio_mapping-3] [INFO] [1787332912.418983877] [laser_mapping]: Loc OK: pos[-0.50 0.40 0.02] eff=695/783
[global_reloc_node-2] [INFO] [1787332912.451595245] [global_reloc]: Tracking healthy: map-consistency=1.00
[fastlio_mapping-3] [INFO] [1787332915.421348045] [laser_mapping]: Loc OK: pos[-0.40 0.78 0.03] eff=713/798
[fastlio_mapping-3] [INFO] [1787332918.423942478] [laser_mapping]: Loc OK: pos[-0.37 0.85 0.02] eff=803/889
[global_reloc_node-2] [INFO] [1787332918.452059510] [global_reloc]: Tracking healthy: map-consistency=1.00
[fastlio_mapping-3] [INFO] [1787332921.426311540] [laser_mapping]: Loc OK: pos[-0.66 0.86 0.03] eff=619/698
[fastlio_mapping-3] [INFO] [1787332924.433289100] [laser_mapping]: Loc OK: pos[-1.21 1.81 0.02] eff=711/827
[global_reloc_node-2] [INFO] [1787332924.452231055] [global_reloc]: Tracking healthy: map-consistency=1.00
[fastlio_mapping-3] [INFO] [1787332927.464837830] [laser_mapping]: Loc OK: pos[-1.53 1.62 0.00] eff=631/701
[global_reloc_node-2] [INFO] [1787332930.452191516] [global_reloc]: Tracking healthy: map-consistency=1.00
[fastlio_mapping-3] [INFO] [1787332930.512738083] [laser_mapping]: Loc OK: pos[-1.92 1.12 -0.01] eff=681/758
[fastlio_mapping-3] [INFO] [1787332933.531874509] [laser_mapping]: Loc OK: pos[-2.24 0.82 0.00] eff=796/890
[global_reloc_node-2] [INFO] [1787332936.452505781] [global_reloc]: Tracking healthy: map-consistency=1.00
[fastlio_mapping-3] [INFO] [1787332936.561918419] [laser_mapping]: Loc OK: pos[-2.35 0.95 -0.01] eff=568/619
[fastlio_mapping-3] [INFO] [1787332939.570982544] [laser_mapping]: Loc OK: pos[-2.27 0.53 -0.01] eff=774/855
[global_reloc_node-2] [INFO] [1787332942.453073783] [global_reloc]: Tracking healthy: map-consistency=1.00
[fastlio_mapping-3] [INFO] [1787332942.579015633] [laser_mapping]: Loc OK: pos[-2.61 -0.09 -0.00] eff=733/813
[fastlio_mapping-3] [INFO] [1787332945.616081360] [laser_mapping]: Loc OK: pos[-3.25 -0.25 -0.00] eff=582/679
[global_reloc_node-2] [INFO] [1787332948.453287114] [global_reloc]: Tracking healthy: map-consistency=1.00
[fastlio_mapping-3] [INFO] [1787332948.625769110] [laser_mapping]: Loc OK: pos[-3.28 0.29 -0.02] eff=738/847
[fastlio_mapping-3] [INFO] [1787332951.668252985] [laser_mapping]: Loc OK: pos[-2.81 -0.49 -0.02] eff=625/736
[global_reloc_node-2] [INFO] [1787332954.453584127] [global_reloc]: Tracking healthy: map-consistency=1.00
[fastlio_mapping-3] [INFO] [1787332954.672829222] [laser_mapping]: Loc OK: pos[-2.73 -0.71 -0.02] eff=701/803
[fastlio_mapping-3] [INFO] [1787332957.714526536] [laser_mapping]: Loc OK: pos[-2.81 -0.76 -0.01] eff=685/784
[global_reloc_node-2] [INFO] [1787332960.453963705] [global_reloc]: Tracking healthy: map-consistency=1.00
[fastlio_mapping-3] [INFO] [1787332960.781534441] [laser_mapping]: Loc OK: pos[-3.08 -0.97 -0.01] eff=659/742
[fastlio_mapping-3] [INFO] [1787332963.818889522] [laser_mapping]: Loc OK: pos[-3.50 -0.56 -0.01] eff=685/780
[global_reloc_node-2] [INFO] [1787332966.454009926] [global_reloc]: Tracking healthy: map-consistency=1.00
[fastlio_mapping-3] [INFO] [1787332966.859035074] [laser_mapping]: Loc OK: pos[-3.84 -0.84 -0.01] eff=450/518
[fastlio_mapping-3] [INFO] [1787332969.863055368] [laser_mapping]: Loc OK: pos[-3.96 -1.32 -0.03] eff=558/663
[global_reloc_node-2] [INFO] [1787332972.453739720] [global_reloc]: Tracking healthy: map-consistency=1.00
[fastlio_mapping-3] [INFO] [1787332972.908013796] [laser_mapping]: Loc OK: pos[-4.47 -1.68 -0.00] eff=507/596
[fastlio_mapping-3] [INFO] [1787332975.910852473] [laser_mapping]: Loc OK: pos[-4.87 -1.52 -0.01] eff=465/555
[global_reloc_node-2] [INFO] [1787332978.454168074] [global_reloc]: Tracking healthy: map-consistency=1.00
[fastlio_mapping-3] [INFO] [1787332978.921827032] [laser_mapping]: Loc OK: pos[-4.89 -1.52 -0.01] eff=494/572
[fastlio_mapping-3] [INFO] [1787332981.977128762] [laser_mapping]: Loc OK: pos[-4.89 -1.53 -0.01] eff=485/582
[global_reloc_node-2] [INFO] [1787332984.455567768] [global_reloc]: Tracking healthy: map-consistency=1.00
[fastlio_mapping-3] [INFO] [1787332985.021808876] [laser_mapping]: Loc OK: pos[-4.89 -1.53 -0.01] eff=501/591
[fastlio_mapping-3] [INFO] [1787332988.071626728] [laser_mapping]: Loc OK: pos[-4.88 -1.53 -0.01] eff=454/542
[global_reloc_node-2] [INFO] [1787332990.454175509] [global_reloc]: Tracking healthy: map-consistency=1.00
[fastlio_mapping-3] [INFO] [1787332991.103775689] [laser_mapping]: Loc OK: pos[-4.89 -1.53 -0.01] eff=372/426
[fastlio_mapping-3] [INFO] [1787332994.121696769] [laser_mapping]: Loc OK: pos[-4.89 -1.53 -0.01] eff=530/598
[global_reloc_node-2] [INFO] [1787332996.454564257] [global_reloc]: Tracking healthy: map-consistency=1.00
[fastlio_mapping-3] [INFO] [1787332997.162112738] [laser_mapping]: Loc OK: pos[-4.89 -1.53 -0.01] eff=392/450
[fastlio_mapping-3] [INFO] [1787333000.219467168] [laser_mapping]: Loc OK: pos[-4.89 -1.54 -0.01] eff=396/450
[global_reloc_node-2] [INFO] [1787333002.454792941] [global_reloc]: Tracking healthy: map-consistency=1.00
[fastlio_mapping-3] [INFO] [1787333003.269059846] [laser_mapping]: Loc OK: pos[-4.89 -1.53 -0.01] eff=545/626
[fastlio_mapping-3] [INFO] [1787333006.319642312] [laser_mapping]: Loc OK: pos[-4.90 -1.53 -0.01] eff=456/535
[global_reloc_node-2] [INFO] [1787333008.455816640] [global_reloc]: Tracking healthy: map-consistency=1.00
[fastlio_mapping-3] [INFO] [1787333009.372495963] [laser_mapping]: Loc OK: pos[-4.89 -1.53 -0.01] eff=489/567
[fastlio_mapping-3] [INFO] [1787333012.386642043] [laser_mapping]: Loc OK: pos[-4.62 -1.37 -0.02] eff=443/528
[global_reloc_node-2] [INFO] [1787333014.455824880] [global_reloc]: Tracking healthy: map-consistency=0.99
[fastlio_mapping-3] [INFO] [1787333015.429610383] [laser_mapping]: Loc OK: pos[-1.50 -0.68 0.01] eff=539/607
[fastlio_mapping-3] [INFO] [1787333018.431736854] [laser_mapping]: Loc OK: pos[2.42 -0.33 0.06] eff=739/847
[global_reloc_node-2] [INFO] [1787333020.455974285] [global_reloc]: Tracking healthy: map-consistency=1.00
[fastlio_mapping-3] [INFO] [1787333021.461377370] [laser_mapping]: Loc OK: pos[3.95 -0.21 0.06] eff=518/622
[fastlio_mapping-3] [INFO] [1787333024.462056361] [laser_mapping]: Loc OK: pos[3.94 -0.21 0.06] eff=643/740
[global_reloc_node-2] [INFO] [1787333026.457411017] [global_reloc]: Tracking healthy: map-consistency=1.00
[fastlio_mapping-3] [INFO] [1787333027.465226451] [laser_mapping]: Loc OK: pos[3.94 -0.21 0.06] eff=643/739
[fastlio_mapping-3] [INFO] [1787333030.481593052] [laser_mapping]: Loc OK: pos[3.94 -0.22 0.06] eff=624/725
[global_reloc_node-2] [INFO] [1787333032.457635706] [global_reloc]: Tracking healthy: map-consistency=1.00
[fastlio_mapping-3] [INFO] [1787333033.517165539] [laser_mapping]: Loc OK: pos[3.94 -0.22 0.06] eff=713/836
[fastlio_mapping-3] [INFO] [1787333036.562520152] [laser_mapping]: Loc OK: pos[3.94 -0.21 0.06] eff=563/624
[global_reloc_node-2] [INFO] [1787333038.458441069] [global_reloc]: Tracking healthy: map-consistency=0.99
[fastlio_mapping-3] [INFO] [1787333039.621848718] [laser_mapping]: Loc OK: pos[3.94 -0.22 0.06] eff=673/758
[fastlio_mapping-3] [INFO] [1787333042.671536191] [laser_mapping]: Loc OK: pos[3.94 -0.21 0.06] eff=675/773
[global_reloc_node-2] [INFO] [1787333044.457465216] [global_reloc]: Tracking healthy: map-consistency=1.00
[fastlio_mapping-3] [INFO] [1787333045.684434897] [laser_mapping]: Loc OK: pos[3.94 -0.21 0.06] eff=589/656
[fastlio_mapping-3] [INFO] [1787333048.729432673] [laser_mapping]: Loc OK: pos[3.94 -0.21 0.06] eff=767/864
[global_reloc_node-2] [INFO] [1787333050.457287519] [global_reloc]: Tracking healthy: map-consistency=1.00
[fastlio_mapping-3] [INFO] [1787333051.766518709] [laser_mapping]: Loc OK: pos[3.94 -0.22 0.06] eff=572/671
[fastlio_mapping-3] [INFO] [1787333054.768506899] [laser_mapping]: Loc OK: pos[3.94 -0.22 0.05] eff=621/705
[global_reloc_node-2] [INFO] [1787333056.457385301] [global_reloc]: Tracking healthy: map-consistency=1.00
[fastlio_mapping-3] [INFO] [1787333057.812531537] [laser_mapping]: Loc OK: pos[3.94 -0.22 0.06] eff=668/782
[fastlio_mapping-3] [INFO] [1787333060.854887324] [laser_mapping]: Loc OK: pos[3.94 -0.22 0.06] eff=510/596
[global_reloc_node-2] [INFO] [1787333062.460475637] [global_reloc]: Tracking healthy: map-consistency=1.00
[fastlio_mapping-3] [INFO] [1787333063.877359346] [laser_mapping]: Loc OK: pos[3.95 -0.22 0.06] eff=730/837
[fastlio_mapping-3] [INFO] [1787333066.913969392] [laser_mapping]: Loc OK: pos[3.94 -0.21 0.06] eff=596/703
[global_reloc_node-2] [INFO] [1787333068.458368647] [global_reloc]: Tracking healthy: map-consistency=1.00
[fastlio_mapping-3] [INFO] [1787333069.923461641] [laser_mapping]: Loc OK: pos[3.94 -0.22 0.06] eff=641/723
[fastlio_mapping-3] [INFO] [1787333072.976811535] [laser_mapping]: Loc OK: pos[3.94 -0.21 0.06] eff=694/800
[global_reloc_node-2] [INFO] [1787333074.460261870] [global_reloc]: Tracking healthy: map-consistency=1.00
[fastlio_mapping-3] [INFO] [1787333076.013910875] [laser_mapping]: Loc OK: pos[3.94 -0.22 0.05] eff=598/700
[fastlio_mapping-3] [INFO] [1787333079.031725548] [laser_mapping]: Loc OK: pos[3.94 -0.22 0.06] eff=712/821
[global_reloc_node-2] [INFO] [1787333080.459523829] [global_reloc]: Tracking healthy: map-consistency=1.00
[fastlio_mapping-3] [INFO] [1787333082.073674571] [laser_mapping]: Loc OK: pos[3.94 -0.22 0.06] eff=622/718
[fastlio_mapping-3] [INFO] [1787333085.110464515] [laser_mapping]: Loc OK: pos[3.94 -0.22 0.06] eff=583/691
[global_reloc_node-2] [INFO] [1787333086.458713031] [global_reloc]: Tracking healthy: map-consistency=1.00
[fastlio_mapping-3] [INFO] [1787333088.121367852] [laser_mapping]: Loc OK: pos[3.94 -0.22 0.06] eff=752/842
[fastlio_mapping-3] [INFO] [1787333091.158340595] [laser_mapping]: Loc OK: pos[3.94 -0.22 0.06] eff=532/619
[global_reloc_node-2] [INFO] [1787333092.459177533] [global_reloc]: Tracking healthy: map-consistency=1.00
[fastlio_mapping-3] [INFO] [1787333094.175541101] [laser_mapping]: Loc OK: pos[3.94 -0.21 0.06] eff=674/768
[fastlio_mapping-3] [INFO] [1787333097.226958044] [laser_mapping]: Loc OK: pos[3.94 -0.21 0.06] eff=639/727
[global_reloc_node-2] [INFO] [1787333098.459619426] [global_reloc]: Tracking healthy: map-consistency=1.00
[fastlio_mapping-3] [INFO] [1787333100.281006766] [laser_mapping]: Loc OK: pos[3.94 -0.22 0.06] eff=613/707
[fastlio_mapping-3] [INFO] [1787333103.317037212] [laser_mapping]: Loc OK: pos[3.94 -0.22 0.06] eff=755/860
[global_reloc_node-2] [INFO] [1787333104.460036279] [global_reloc]: Tracking healthy: map-consistency=1.00
[fastlio_mapping-3] [INFO] [1787333106.362290690] [laser_mapping]: Loc OK: pos[3.94 -0.22 0.06] eff=545/619
[fastlio_mapping-3] [INFO] [1787333109.362582615] [laser_mapping]: Loc OK: pos[3.94 -0.22 0.06] eff=647/761
[global_reloc_node-2] [INFO] [1787333110.459885828] [global_reloc]: Tracking healthy: map-consistency=1.00
[fastlio_mapping-3] [INFO] [1787333112.374657616] [laser_mapping]: Loc OK: pos[3.94 -0.22 0.05] eff=647/737
[fastlio_mapping-3] [INFO] [1787333115.414874782] [laser_mapping]: Loc OK: pos[3.94 -0.22 0.06] eff=640/733
[global_reloc_node-2] [INFO] [1787333116.459965068] [global_reloc]: Tracking healthy: map-consistency=1.00
[fastlio_mapping-3] [INFO] [1787333118.418124076] [laser_mapping]: Loc OK: pos[3.94 -0.22 0.06] eff=716/831
[fastlio_mapping-3] [INFO] [1787333121.421203591] [laser_mapping]: Loc OK: pos[3.94 -0.21 0.06] eff=534/602
[global_reloc_node-2] [INFO] [1787333122.460375124] [global_reloc]: Tracking healthy: map-consistency=1.00
[fastlio_mapping-3] [INFO] [1787333124.426485460] [laser_mapping]: Loc OK: pos[3.94 -0.22 0.06] eff=673/780
[fastlio_mapping-3] [INFO] [1787333127.466531276] [laser_mapping]: Loc OK: pos[3.94 -0.21 0.06] eff=680/764
[global_reloc_node-2] [INFO] [1787333128.462627932] [global_reloc]: Tracking healthy: map-consistency=1.00
[fastlio_mapping-3] [INFO] [1787333130.509256010] [laser_mapping]: Loc OK: pos[3.94 -0.21 0.06] eff=550/616
[fastlio_mapping-3] [INFO] [1787333133.509345209] [laser_mapping]: Loc OK: pos[3.94 -0.22 0.06] eff=731/839
[global_reloc_node-2] [INFO] [1787333134.461947419] [global_reloc]: Tracking healthy: map-consistency=1.00
[fastlio_mapping-3] [INFO] [1787333136.514021023] [laser_mapping]: Loc OK: pos[3.94 -0.21 0.06] eff=599/692
[fastlio_mapping-3] [INFO] [1787333139.563084453] [laser_mapping]: Loc OK: pos[3.94 -0.22 0.06] eff=673/800
[global_reloc_node-2] [INFO] [1787333140.461450869] [global_reloc]: Tracking healthy: map-consistency=1.00
[fastlio_mapping-3] [INFO] [1787333142.568498643] [laser_mapping]: Loc OK: pos[3.94 -0.21 0.06] eff=645/747
[fastlio_mapping-3] [INFO] [1787333145.617656391] [laser_mapping]: Loc OK: pos[3.94 -0.21 0.06] eff=562/664
[global_reloc_node-2] [INFO] [1787333146.461139915] [global_reloc]: Tracking healthy: map-consistency=1.00
[fastlio_mapping-3] [INFO] [1787333148.659621953] [laser_mapping]: Loc OK: pos[3.94 -0.22 0.06] eff=729/852
[fastlio_mapping-3] [INFO] [1787333151.664399091] [laser_mapping]: Loc OK: pos[3.94 -0.22 0.06] eff=612/712
[global_reloc_node-2] [INFO] [1787333152.461678137] [global_reloc]: Tracking healthy: map-consistency=1.00
[fastlio_mapping-3] [INFO] [1787333154.672817684] [laser_mapping]: Loc OK: pos[3.94 -0.21 0.06] eff=659/762
[fastlio_mapping-3] [INFO] [1787333157.714008428] [laser_mapping]: Loc OK: pos[3.94 -0.21 0.06] eff=629/732
[global_reloc_node-2] [INFO] [1787333158.464553694] [global_reloc]: Tracking healthy: map-consistency=1.00
[fastlio_mapping-3] [INFO] [1787333160.720456420] [laser_mapping]: Loc OK: pos[3.94 -0.22 0.05] eff=581/647
[fastlio_mapping-3] [INFO] [1787333163.769621718] [laser_mapping]: Loc OK: pos[3.94 -0.22 0.06] eff=721/819
[global_reloc_node-2] [INFO] [1787333164.462259231] [global_reloc]: Tracking healthy: map-consistency=1.00
[fastlio_mapping-3] [INFO] [1787333166.812813186] [laser_mapping]: Loc OK: pos[3.94 -0.22 0.06] eff=549/663
[fastlio_mapping-3] [INFO] [1787333169.815417528] [laser_mapping]: Loc OK: pos[3.94 -0.21 0.06] eff=651/731
[global_reloc_node-2] [INFO] [1787333170.462904178] [global_reloc]: Tracking healthy: map-consistency=1.00
[fastlio_mapping-3] [INFO] [1787333172.876866286] [laser_mapping]: Loc OK: pos[3.94 -0.22 0.06] eff=690/795
[fastlio_mapping-3] [INFO] [1787333175.912417785] [laser_mapping]: Loc OK: pos[3.94 -0.22 0.06] eff=514/619
[global_reloc_node-2] [INFO] [1787333176.462364906] [global_reloc]: Tracking healthy: map-consistency=0.99
[fastlio_mapping-3] [INFO] [1787333178.925672432] [laser_mapping]: Loc OK: pos[3.94 -0.22 0.06] eff=749/853
[fastlio_mapping-3] [INFO] [1787333181.962535197] [laser_mapping]: Loc OK: pos[3.94 -0.21 0.06] eff=543/647
[global_reloc_node-2] [INFO] [1787333182.464475368] [global_reloc]: Tracking healthy: map-consistency=1.00
[fastlio_mapping-3] [INFO] [1787333185.025579788] [laser_mapping]: Loc OK: pos[3.94 -0.21 0.05] eff=656/762
[fastlio_mapping-3] [INFO] [1787333188.061183407] [laser_mapping]: Loc OK: pos[3.94 -0.21 0.06] eff=663/746
[global_reloc_node-2] [INFO] [1787333188.464161047] [global_reloc]: Tracking healthy: map-consistency=1.00
[fastlio_mapping-3] [INFO] [1787333191.123762133] [laser_mapping]: Loc OK: pos[3.94 -0.21 0.06] eff=542/603
[fastlio_mapping-3] [INFO] [1787333194.167233454] [laser_mapping]: Loc OK: pos[3.94 -0.22 0.06] eff=723/823
[global_reloc_node-2] [INFO] [1787333194.463553394] [global_reloc]: Tracking healthy: map-consistency=1.00
[fastlio_mapping-3] [INFO] [1787333197.214837674] [laser_mapping]: Loc OK: pos[3.94 -0.21 0.05] eff=645/745
[fastlio_mapping-3] [INFO] [1787333200.256309435] [laser_mapping]: Loc OK: pos[3.94 -0.22 0.06] eff=613/704
[global_reloc_node-2] [INFO] [1787333200.463393368] [global_reloc]: Tracking healthy: map-consistency=1.00
[fastlio_mapping-3] [INFO] [1787333203.295630183] [laser_mapping]: Loc OK: pos[3.94 -0.22 0.06] eff=749/854
[fastlio_mapping-3] [INFO] [1787333206.334665309] [laser_mapping]: Loc OK: pos[3.94 -0.22 0.06] eff=577/682
[global_reloc_node-2] [INFO] [1787333206.463537731] [global_reloc]: Tracking healthy: map-consistency=1.00
[fastlio_mapping-3] [INFO] [1787333209.336976675] [laser_mapping]: Loc OK: pos[3.94 -0.22 0.06] eff=681/774
[fastlio_mapping-3] [INFO] [1787333212.364508931] [laser_mapping]: Loc OK: pos[3.94 -0.22 0.05] eff=679/764
[global_reloc_node-2] [INFO] [1787333212.464220863] [global_reloc]: Tracking healthy: map-consistency=1.00
[fastlio_mapping-3] [INFO] [1787333215.416963215] [laser_mapping]: Loc OK: pos[3.94 -0.22 0.06] eff=587/680
[fastlio_mapping-3] [INFO] [1787333218.436453257] [laser_mapping]: Loc OK: pos[3.94 -0.22 0.06] eff=751/853
[global_reloc_node-2] [INFO] [1787333218.464921140] [global_reloc]: Tracking healthy: map-consistency=1.00
[fastlio_mapping-3] [INFO] [1787333221.464789645] [laser_mapping]: Loc OK: pos[3.94 -0.22 0.06] eff=520/620
[global_reloc_node-2] [INFO] [1787333224.464676317] [global_reloc]: Tracking healthy: map-consistency=1.00
[fastlio_mapping-3] [INFO] [1787333224.517131031] [laser_mapping]: Loc OK: pos[3.94 -0.22 0.05] eff=681/779
[fastlio_mapping-3] [INFO] [1787333227.564676239] [laser_mapping]: Loc OK: pos[3.94 -0.21 0.06] eff=636/722
[global_reloc_node-2] [INFO] [1787333230.465939999] [global_reloc]: Tracking healthy: map-consistency=1.00
[fastlio_mapping-3] [INFO] [1787333230.566754919] [laser_mapping]: Loc OK: pos[3.94 -0.22 0.06] eff=626/731
[fastlio_mapping-3] [INFO] [1787333233.613835544] [laser_mapping]: Loc OK: pos[3.94 -0.22 0.06] eff=732/849
[global_reloc_node-2] [INFO] [1787333236.464906204] [global_reloc]: Tracking healthy: map-consistency=1.00
[fastlio_mapping-3] [INFO] [1787333236.626259057] [laser_mapping]: Loc OK: pos[3.94 -0.21 0.05] eff=617/709
[fastlio_mapping-3] [INFO] [1787333239.662285311] [laser_mapping]: Loc OK: pos[3.94 -0.21 0.06] eff=677/776
[global_reloc_node-2] [INFO] [1787333242.465477975] [global_reloc]: Tracking healthy: map-consistency=1.00
[fastlio_mapping-3] [INFO] [1787333242.663409803] [laser_mapping]: Loc OK: pos[3.94 -0.21 0.06] eff=635/733
[fastlio_mapping-3] [INFO] [1787333245.714437916] [laser_mapping]: Loc OK: pos[3.94 -0.22 0.06] eff=605/714
[global_reloc_node-2] [INFO] [1787333248.466937716] [global_reloc]: Tracking healthy: map-consistency=1.00
[fastlio_mapping-3] [INFO] [1787333248.733980155] [laser_mapping]: Loc OK: pos[3.94 -0.22 0.06] eff=714/835
[fastlio_mapping-3] [INFO] [1787333251.770143978] [laser_mapping]: Loc OK: pos[3.94 -0.22 0.06] eff=635/723
[global_reloc_node-2] [INFO] [1787333254.466466908] [global_reloc]: Tracking healthy: map-consistency=1.00
[fastlio_mapping-3] [INFO] [1787333254.814165593] [laser_mapping]: Loc OK: pos[3.94 -0.22 0.06] eff=616/713
[fastlio_mapping-3] [INFO] [1787333257.880888088] [laser_mapping]: Loc OK: pos[3.94 -0.22 0.06] eff=701/814
[global_reloc_node-2] [INFO] [1787333260.466954313] [global_reloc]: Tracking healthy: map-consistency=1.00
[fastlio_mapping-3] [INFO] [1787333260.912333254] [laser_mapping]: Loc OK: pos[3.94 -0.22 0.06] eff=582/648
[fastlio_mapping-3] [INFO] [1787333263.914601987] [laser_mapping]: Loc OK: pos[3.95 -0.22 0.06] eff=751/856
[global_reloc_node-2] [INFO] [1787333266.466337957] [global_reloc]: Tracking healthy: map-consistency=1.00
[fastlio_mapping-3] [INFO] [1787333266.963893644] [laser_mapping]: Loc OK: pos[3.94 -0.21 0.06] eff=608/692
[fastlio_mapping-3] [INFO] [1787333270.009586293] [laser_mapping]: Loc OK: pos[3.94 -0.22 0.06] eff=585/662
[global_reloc_node-2] [INFO] [1787333272.466755050] [global_reloc]: Tracking healthy: map-consistency=1.00
[fastlio_mapping-3] [INFO] [1787333273.012988744] [laser_mapping]: Loc OK: pos[3.94 -0.22 0.06] eff=698/800
[fastlio_mapping-3] [INFO] [1787333276.013156394] [laser_mapping]: Loc OK: pos[3.94 -0.21 0.06] eff=599/695
[global_reloc_node-2] [INFO] [1787333278.467923564] [global_reloc]: Tracking healthy: map-consistency=1.00
[fastlio_mapping-3] [INFO] [1787333279.026141469] [laser_mapping]: Loc OK: pos[3.94 -0.22 0.06] eff=696/793
[fastlio_mapping-3] [INFO] [1787333282.062465531] [laser_mapping]: Loc OK: pos[3.94 -0.22 0.05] eff=642/737
[global_reloc_node-2] [INFO] [1787333284.467275584] [global_reloc]: Tracking healthy: map-consistency=1.00
[fastlio_mapping-3] [INFO] [1787333285.065456378] [laser_mapping]: Loc OK: pos[3.94 -0.21 0.05] eff=615/677
[fastlio_mapping-3] [INFO] [1787333288.070410371] [laser_mapping]: Loc OK: pos[3.94 -0.22 0.06] eff=690/797
[global_reloc_node-2] [INFO] [1787333290.467319824] [global_reloc]: Tracking healthy: map-consistency=1.00
[fastlio_mapping-3] [INFO] [1787333291.111616436] [laser_mapping]: Loc OK: pos[3.94 -0.21 0.06] eff=540/601
[fastlio_mapping-3] [INFO] [1787333294.114547640] [laser_mapping]: Loc OK: pos[3.94 -0.22 0.06] eff=718/827
[global_reloc_node-2] [INFO] [1787333296.467421986] [global_reloc]: Tracking healthy: map-consistency=1.00
[fastlio_mapping-3] [INFO] [1787333297.120429424] [laser_mapping]: Loc OK: pos[3.94 -0.21 0.06] eff=644/737
[fastlio_mapping-3] [INFO] [1787333300.162825657] [laser_mapping]: Loc OK: pos[3.94 -0.22 0.05] eff=572/666
[global_reloc_node-2] [INFO] [1787333302.468132045] [global_reloc]: Tracking healthy: map-consistency=0.99
[fastlio_mapping-3] [INFO] [1787333303.166720717] [laser_mapping]: Loc OK: pos[3.94 -0.22 0.06] eff=732/841
[fastlio_mapping-3] [INFO] [1787333306.208831643] [laser_mapping]: Loc OK: pos[3.94 -0.22 0.06] eff=547/649
[global_reloc_node-2] [INFO] [1787333308.468433350] [global_reloc]: Tracking healthy: map-consistency=1.00
[fastlio_mapping-3] [INFO] [1787333309.212940551] [laser_mapping]: Loc OK: pos[3.94 -0.21 0.06] eff=696/791
[fastlio_mapping-3] [INFO] [1787333312.214974549] [laser_mapping]: Loc OK: pos[3.94 -0.22 0.05] eff=630/709
[global_reloc_node-2] [INFO] [1787333314.468498422] [global_reloc]: Tracking healthy: map-consistency=1.00
[fastlio_mapping-3] [INFO] [1787333315.264106256] [laser_mapping]: Loc OK: pos[3.94 -0.22 0.06] eff=601/656
[fastlio_mapping-3] [INFO] [1787333318.270105172] [laser_mapping]: Loc OK: pos[3.94 -0.22 0.06] eff=720/820
[global_reloc_node-2] [INFO] [1787333320.468673579] [global_reloc]: Tracking healthy: map-consistency=1.00
[fastlio_mapping-3] [INFO] [1787333321.312795026] [laser_mapping]: Loc OK: pos[3.94 -0.22 0.06] eff=519/582
[fastlio_mapping-3] [INFO] [1787333324.368162970] [laser_mapping]: Loc OK: pos[3.94 -0.21 0.06] eff=673/743
[global_reloc_node-2] [INFO] [1787333326.469252625] [global_reloc]: Tracking healthy: map-consistency=1.00
[fastlio_mapping-3] [INFO] [1787333327.416783712] [laser_mapping]: Loc OK: pos[3.94 -0.22 0.06] eff=693/787
[fastlio_mapping-3] [INFO] [1787333330.425780066] [laser_mapping]: Loc OK: pos[3.94 -0.22 0.06] eff=554/625
[global_reloc_node-2] [INFO] [1787333332.469326277] [global_reloc]: Tracking healthy: map-consistency=1.00
[fastlio_mapping-3] [INFO] [1787333333.468055215] [laser_mapping]: Loc OK: pos[3.94 -0.22 0.06] eff=750/841
[fastlio_mapping-3] [INFO] [1787333336.510088650] [laser_mapping]: Loc OK: pos[3.94 -0.22 0.06] eff=621/705
[global_reloc_node-2] [INFO] [1787333338.471324650] [global_reloc]: Tracking healthy: map-consistency=1.00
[fastlio_mapping-3] [INFO] [1787333339.511137992] [laser_mapping]: Loc OK: pos[3.94 -0.22 0.06] eff=660/728
[fastlio_mapping-3] [INFO] [1787333342.512020888] [laser_mapping]: Loc OK: pos[3.94 -0.21 0.06] eff=641/739
[global_reloc_node-2] [INFO] [1787333344.471546631] [global_reloc]: Tracking healthy: map-consistency=1.00
[fastlio_mapping-3] [INFO] [1787333345.574969000] [laser_mapping]: Loc OK: pos[3.94 -0.22 0.06] eff=568/632
[fastlio_mapping-3] [INFO] [1787333348.591764163] [laser_mapping]: Loc OK: pos[3.94 -0.22 0.06] eff=700/822
[global_reloc_node-2] [INFO] [1787333350.470278024] [global_reloc]: Tracking healthy: map-consistency=0.99
[fastlio_mapping-3] [INFO] [1787333351.612164846] [laser_mapping]: Loc OK: pos[3.94 -0.21 0.06] eff=570/641
[fastlio_mapping-3] [INFO] [1787333354.618209240] [laser_mapping]: Loc OK: pos[3.94 -0.22 0.06] eff=635/748
[global_reloc_node-2] [INFO] [1787333356.470031479] [global_reloc]: Tracking healthy: map-consistency=1.00
[fastlio_mapping-3] [INFO] [1787333357.678707779] [laser_mapping]: Loc OK: pos[3.94 -0.22 0.06] eff=646/736
[fastlio_mapping-3] [INFO] [1787333360.710218377] [laser_mapping]: Loc OK: pos[3.94 -0.21 0.06] eff=550/607
[global_reloc_node-2] [INFO] [1787333362.470539976] [global_reloc]: Tracking healthy: map-consistency=1.00
[fastlio_mapping-3] [INFO] [1787333363.714716349] [laser_mapping]: Loc OK: pos[3.94 -0.22 0.06] eff=749/847
[fastlio_mapping-3] [INFO] [1787333366.723877069] [laser_mapping]: Loc OK: pos[3.94 -0.21 0.06] eff=537/610
[global_reloc_node-2] [INFO] [1787333368.470818387] [global_reloc]: Tracking healthy: map-consistency=1.00
[fastlio_mapping-3] [INFO] [1787333369.731182312] [laser_mapping]: Loc OK: pos[3.93 -0.21 0.06] eff=574/681
[fastlio_mapping-3] [INFO] [1787333372.774819564] [laser_mapping]: Loc OK: pos[3.94 -0.22 0.06] eff=611/721
[global_reloc_node-2] [INFO] [1787333374.472156494] [global_reloc]: Tracking healthy: map-consistency=0.99
[fastlio_mapping-3] [INFO] [1787333375.780043458] [laser_mapping]: Loc OK: pos[3.94 -0.21 0.06] eff=551/606
[fastlio_mapping-3] [INFO] [1787333378.818662246] [laser_mapping]: Loc OK: pos[3.94 -0.22 0.06] eff=721/834
[global_reloc_node-2] [INFO] [1787333380.472009071] [global_reloc]: Tracking healthy: map-consistency=1.00
[fastlio_mapping-3] [INFO] [1787333381.822410800] [laser_mapping]: Loc OK: pos[3.94 -0.22 0.06] eff=569/639
[fastlio_mapping-3] [INFO] [1787333384.861761605] [laser_mapping]: Loc OK: pos[3.94 -0.21 0.06] eff=626/732
[global_reloc_node-2] [INFO] [1787333386.471360288] [global_reloc]: Tracking healthy: map-consistency=1.00
[fastlio_mapping-3] [INFO] [1787333387.864047812] [laser_mapping]: Loc OK: pos[3.94 -0.22 0.06] eff=673/785
[fastlio_mapping-3] [INFO] [1787333390.910696349] [laser_mapping]: Loc OK: pos[3.94 -0.21 0.06] eff=498/569
[global_reloc_node-2] [INFO] [1787333392.471532440] [global_reloc]: Tracking healthy: map-consistency=0.99
[fastlio_mapping-3] [INFO] [1787333393.921198278] [laser_mapping]: Loc OK: pos[3.94 -0.21 0.06] eff=702/812
[fastlio_mapping-3] [INFO] [1787333396.962613717] [laser_mapping]: Loc OK: pos[3.93 -0.22 0.06] eff=568/645
[global_reloc_node-2] [INFO] [1787333398.472689053] [global_reloc]: Tracking healthy: map-consistency=0.99
[fastlio_mapping-3] [INFO] [1787333399.965510994] [laser_mapping]: Loc OK: pos[3.94 -0.22 0.06] eff=534/626
[fastlio_mapping-3] [INFO] [1787333402.967755502] [laser_mapping]: Loc OK: pos[3.94 -0.22 0.06] eff=677/799
[global_reloc_node-2] [INFO] [1787333404.472078143] [global_reloc]: Tracking healthy: map-consistency=0.99
[fastlio_mapping-3] [INFO] [1787333406.021180768] [laser_mapping]: Loc OK: pos[3.94 -0.21 0.06] eff=535/629
[fastlio_mapping-3] [INFO] [1787333409.068602767] [laser_mapping]: Loc OK: pos[3.94 -0.21 0.06] eff=674/779
[global_reloc_node-2] [INFO] [1787333410.472322026] [global_reloc]: Tracking healthy: map-consistency=1.00
[fastlio_mapping-3] [INFO] [1787333412.069006922] [laser_mapping]: Loc OK: pos[3.94 -0.21 0.06] eff=595/693
[fastlio_mapping-3] [INFO] [1787333415.110347566] [laser_mapping]: Loc OK: pos[3.94 -0.22 0.06] eff=580/685
[global_reloc_node-2] [INFO] [1787333416.472932426] [global_reloc]: Tracking healthy: map-consistency=1.00
[fastlio_mapping-3] [INFO] [1787333418.113593810] [laser_mapping]: Loc OK: pos[3.94 -0.22 0.06] eff=694/801
[fastlio_mapping-3] [INFO] [1787333421.122305749] [laser_mapping]: Loc OK: pos[3.94 -0.21 0.05] eff=561/623
[global_reloc_node-2] [INFO] [1787333422.473104286] [global_reloc]: Tracking healthy: map-consistency=1.00
[fastlio_mapping-3] [INFO] [1787333424.176325047] [laser_mapping]: Loc OK: pos[3.94 -0.22 0.06] eff=667/775
[fastlio_mapping-3] [INFO] [1787333427.178107499] [laser_mapping]: Loc OK: pos[3.94 -0.22 0.06] eff=630/706
[global_reloc_node-2] [INFO] [1787333428.473504386] [global_reloc]: Tracking healthy: map-consistency=1.00
[fastlio_mapping-3] [INFO] [1787333430.213204554] [laser_mapping]: Loc OK: pos[3.94 -0.22 0.06] eff=593/661
[fastlio_mapping-3] [INFO] [1787333433.220286799] [laser_mapping]: Loc OK: pos[3.94 -0.22 0.06] eff=747/844
[global_reloc_node-2] [INFO] [1787333434.473529406] [global_reloc]: Tracking healthy: map-consistency=1.00
[fastlio_mapping-3] [INFO] [1787333436.225416828] [laser_mapping]: Loc OK: pos[3.94 -0.21 0.06] eff=602/697
[fastlio_mapping-3] [INFO] [1787333439.229794275] [laser_mapping]: Loc OK: pos[3.94 -0.22 0.06] eff=732/817
[global_reloc_node-2] [INFO] [1787333440.474524777] [global_reloc]: Tracking healthy: map-consistency=1.00
[fastlio_mapping-3] [INFO] [1787333442.273286887] [laser_mapping]: Loc OK: pos[3.94 -0.21 0.06] eff=652/744
[fastlio_mapping-3] [INFO] [1787333445.310723496] [laser_mapping]: Loc OK: pos[3.94 -0.22 0.06] eff=608/702
[global_reloc_node-2] [INFO] [1787333446.474878337] [global_reloc]: Tracking healthy: map-consistency=1.00
[fastlio_mapping-3] [INFO] [1787333448.319854915] [laser_mapping]: Loc OK: pos[3.94 -0.21 0.06] eff=736/824
[fastlio_mapping-3] [INFO] [1787333451.378969154] [laser_mapping]: Loc OK: pos[3.94 -0.22 0.06] eff=570/662
[global_reloc_node-2] [INFO] [1787333452.474340571] [global_reloc]: Tracking healthy: map-consistency=1.00
[fastlio_mapping-3] [INFO] [1787333454.417491742] [laser_mapping]: Loc OK: pos[3.94 -0.22 0.06] eff=647/756
[fastlio_mapping-3] [INFO] [1787333457.472627402] [laser_mapping]: Loc OK: pos[3.94 -0.22 0.06] eff=666/744
[global_reloc_node-2] [INFO] [1787333458.476032987] [global_reloc]: Tracking healthy: map-consistency=1.00
[fastlio_mapping-3] [INFO] [1787333460.508426407] [laser_mapping]: Loc OK: pos[3.94 -0.21 0.06] eff=550/619
[fastlio_mapping-3] [INFO] [1787333463.516469015] [laser_mapping]: Loc OK: pos[3.94 -0.22 0.06] eff=748/849
[global_reloc_node-2] [INFO] [1787333464.475921879] [global_reloc]: Tracking healthy: map-consistency=1.00
[fastlio_mapping-3] [INFO] [1787333466.522531982] [laser_mapping]: Loc OK: pos[3.94 -0.22 0.06] eff=573/684
[fastlio_mapping-3] [INFO] [1787333469.531663743] [laser_mapping]: Loc OK: pos[3.94 -0.21 0.06] eff=641/739
[global_reloc_node-2] [INFO] [1787333470.474622571] [global_reloc]: Tracking healthy: map-consistency=1.00
[fastlio_mapping-3] [INFO] [1787333472.569736516] [laser_mapping]: Loc OK: pos[3.94 -0.22 0.06] eff=671/772
[fastlio_mapping-3] [INFO] [1787333475.607613403] [laser_mapping]: Loc OK: pos[3.94 -0.22 0.06] eff=508/600
[global_reloc_node-2] [INFO] [1787333476.476290179] [global_reloc]: Tracking healthy: map-consistency=1.00
[fastlio_mapping-3] [INFO] [1787333478.620124744] [laser_mapping]: Loc OK: pos[3.94 -0.22 0.06] eff=746/863
[fastlio_mapping-3] [INFO] [1787333481.621103598] [laser_mapping]: Loc OK: pos[3.94 -0.21 0.06] eff=644/724
[global_reloc_node-2] [INFO] [1787333482.475639076] [global_reloc]: Tracking healthy: map-consistency=1.00
