[go2:policy] python=/home/unitree/miniconda3/envs/go2/bin/python
[go2:policy] script=/home/unitree/qyw/dclp_20260710_reproduction/dclp_deploy/robots/unitree_go2/dclp_go2_policy_ros2.py
[go2:policy] model_path=/home/unitree/qyw/dclp_20260710_reproduction/models/dclp/V1_41lambda1_101.pth
[go2:policy] backend=pth
[go2:policy] rate=25.0Hz, scan=/scan, odom=/Odometry
[INFO] [1787328878.672127084] [dclp_go2_policy_ros2]: trajectory log enabled: /home/unitree/lly/p8_real/stack_logs/trajectory_20260822_001438.csv (rate=2.00 Hz)
[INFO] [1787328878.679620587] [dclp_go2_policy_ros2]: Go2 DCLP policy ready: backend={"action_dim": 2, "backend_type": "pth", "checkpoint_meta": {"T": 1010000, "episode": 16356, "test_time": 101}, "deterministic_rule": "highest_weight_component_tanh_mu", "device": "cpu", "model_path": "/home/unitree/qyw/dclp_20260710_reproduction/models/dclp/V1_41lambda1_101.pth", "obs_dim": 548, "policy_id": "V1_41lambda1_101.pth"} scan=/scan odom=/Odometry goal=/move_base_simple/goal rel_goal=/dclp_relative_goal global=map zmq=tcp://*:5598 rate=25.0Hz scan_stamp_timeout=0.12s experiment=<unset> profile=<unset> compensation=off mapping=policy_direct_scale config={"action_mapping_mode":"policy_direct_scale","backend":{"action_dim":2,"backend_type":"pth","checkpoint_meta":{"T":1010000,"episode":16356,"test_time":101},"deterministic_rule":"highest_weight_component_tanh_mu","device":"cpu","model_path":"/home/unitree/qyw/dclp_20260710_reproduction/models/dclp/V1_41lambda1_101.pth","obs_dim":548,"policy_id":"V1_41lambda1_101.pth"},"command_path":"policy_direct_scale_then_optional_calibration","compensation_available":true,"compensation_mode":"off","compensation_source":"/home/unitree/qyw/dclp_20260710_reproduction/dclp_deploy/robots/unitree_go2/velocity_compensation.py","compensation_source_sha256":"53f5318dde1c9965c6c7177ae72e8200b85b26c8b9143ecb9dcc5d356a458000","control_period_sec":0.2,"control_rate_hz":25.0,"dclp_length1":0.42,"dclp_length2":0.42,"dclp_width":0.372,"deploy_core_source":"/home/unitree/qyw/dclp_20260710_reproduction/dclp_deploy/dclp_deploy_core.py","deploy_core_source_sha256":"9645a1a020fd7d5de8ebd394fd7be42fbdf1c0f7b5f651a2df0881100658d2a4","experiment_id":"","experiment_profile":"","goal_topic":"/move_base_simple/goal","input_sync_mode":"new_scan_and_new_odom","max_angular":0.8,"max_linear":0.6,"model_path":"/home/unitree/qyw/dclp_20260710_reproduction/models/dclp/V1_41lambda1_101.pth","model_sha256":"dacaf9fc45da536ae6b45cdbedc949370b7828fac4cadcf40ebedabc4080c452","odom_stamp_timeout":0.12,"odom_timeout":0.12,"odom_topic":"/Odometry","pid":5248,"policy_observation_max_angular_acc":3.0,"policy_observation_max_linear_acc":3.0,"policy_source":"/home/unitree/qyw/dclp_20260710_reproduction/dclp_deploy/robots/unitree_go2/dclp_go2_policy_ros2.py","policy_source_sha256":"269e3a8ad41bc25f4e39a057b9d93848ca3af79c5e3e46c8a5732692606f3429","relative_goal_topic":"/dclp_relative_goal","scan_stamp_timeout":0.12,"scan_timeout":0.12,"scan_topic":"/scan","scheduler_rate_hz":100.0,"schema_version":2,"trajectory_log_path":"/home/unitree/lly/p8_real/stack_logs/trajectory_20260822_001438.csv","written_at":"2026-08-22T00:14:38"}
[INFO] [1787328878.682602232] [dclp_go2_policy_ros2]: received first scan: frame=base_link beams=1081
[INFO] [1787328878.684011390] [dclp_go2_policy_ros2]: received first odom: frame=map child=base_link
[WARN] [1787328878.690337880] [dclp_go2_policy_ros2]: DCLP stop: waiting goal
[WARN] [1787328880.690564054] [dclp_go2_policy_ros2]: DCLP stop: waiting goal
[WARN] [1787328882.690840878] [dclp_go2_policy_ros2]: DCLP stop: waiting goal
[WARN] [1787328884.690834832] [dclp_go2_policy_ros2]: DCLP stop: waiting goal
[WARN] [1787328886.700903035] [dclp_go2_policy_ros2]: DCLP stop: waiting goal
[WARN] [1787328888.710351076] [dclp_go2_policy_ros2]: DCLP stop: waiting goal
[WARN] [1787328890.710646315] [dclp_go2_policy_ros2]: DCLP stop: waiting goal
[WARN] [1787328892.720368376] [dclp_go2_policy_ros2]: DCLP stop: waiting goal
[WARN] [1787328894.720960197] [dclp_go2_policy_ros2]: DCLP stop: waiting goal
[WARN] [1787328896.730189893] [dclp_go2_policy_ros2]: DCLP stop: waiting goal
[WARN] [1787328898.733359065] [dclp_go2_policy_ros2]: DCLP stop: waiting goal
[WARN] [1787328900.742327190] [dclp_go2_policy_ros2]: DCLP stop: waiting goal
[WARN] [1787328902.743359125] [dclp_go2_policy_ros2]: DCLP stop: waiting goal
[WARN] [1787328904.752307780] [dclp_go2_policy_ros2]: DCLP stop: waiting goal
[WARN] [1787328906.760073004] [dclp_go2_policy_ros2]: DCLP stop: waiting goal
[WARN] [1787328908.761060272] [dclp_go2_policy_ros2]: DCLP stop: waiting goal
[WARN] [1787328910.770449752] [dclp_go2_policy_ros2]: DCLP stop: waiting goal
[WARN] [1787328912.770396915] [dclp_go2_policy_ros2]: DCLP stop: waiting goal
[WARN] [1787328914.771195320] [dclp_go2_policy_ros2]: DCLP stop: waiting goal
[WARN] [1787328916.780663586] [dclp_go2_policy_ros2]: DCLP stop: waiting goal
[WARN] [1787328918.790508217] [dclp_go2_policy_ros2]: DCLP stop: waiting goal
[WARN] [1787328920.790869924] [dclp_go2_policy_ros2]: DCLP stop: waiting goal
[WARN] [1787328922.800351838] [dclp_go2_policy_ros2]: DCLP stop: waiting goal
[WARN] [1787328924.810289836] [dclp_go2_policy_ros2]: DCLP stop: waiting goal
[WARN] [1787328926.810731126] [dclp_go2_policy_ros2]: DCLP stop: waiting goal
[WARN] [1787328928.820946769] [dclp_go2_policy_ros2]: DCLP stop: waiting goal
[WARN] [1787328930.821123728] [dclp_go2_policy_ros2]: DCLP stop: waiting goal
[WARN] [1787328932.830715325] [dclp_go2_policy_ros2]: DCLP stop: waiting goal
[WARN] [1787328934.831044014] [dclp_go2_policy_ros2]: DCLP stop: waiting goal
[WARN] [1787328936.840418707] [dclp_go2_policy_ros2]: DCLP stop: waiting goal
[WARN] [1787328938.850440446] [dclp_go2_policy_ros2]: DCLP stop: waiting goal
[WARN] [1787328940.860539349] [dclp_go2_policy_ros2]: DCLP stop: waiting goal
[WARN] [1787328942.860726501] [dclp_go2_policy_ros2]: DCLP stop: waiting goal
[WARN] [1787328944.869992773] [dclp_go2_policy_ros2]: DCLP stop: waiting goal
[WARN] [1787328946.870048569] [dclp_go2_policy_ros2]: DCLP stop: waiting goal
[WARN] [1787328948.870206482] [dclp_go2_policy_ros2]: DCLP stop: waiting goal
[WARN] [1787328950.871356944] [dclp_go2_policy_ros2]: DCLP stop: waiting goal
[WARN] [1787328952.879978284] [dclp_go2_policy_ros2]: DCLP stop: waiting goal
[WARN] [1787328954.880516917] [dclp_go2_policy_ros2]: DCLP stop: waiting goal
[WARN] [1787328956.890352745] [dclp_go2_policy_ros2]: DCLP stop: waiting goal
[WARN] [1787328958.890651582] [dclp_go2_policy_ros2]: DCLP stop: waiting goal
[WARN] [1787328960.890471160] [dclp_go2_policy_ros2]: DCLP stop: waiting goal
[WARN] [1787328962.891749453] [dclp_go2_policy_ros2]: DCLP stop: waiting goal
[WARN] [1787328964.901009304] [dclp_go2_policy_ros2]: DCLP stop: waiting goal
[WARN] [1787328966.910230324] [dclp_go2_policy_ros2]: DCLP stop: waiting goal
[WARN] [1787328968.919966022] [dclp_go2_policy_ros2]: DCLP stop: waiting goal
[WARN] [1787328970.920422690] [dclp_go2_policy_ros2]: DCLP stop: waiting goal
[WARN] [1787328972.931062649] [dclp_go2_policy_ros2]: DCLP stop: waiting goal
[WARN] [1787328974.940491535] [dclp_go2_policy_ros2]: DCLP stop: waiting goal
[WARN] [1787328976.951099087] [dclp_go2_policy_ros2]: DCLP stop: waiting goal
[WARN] [1787328978.960573343] [dclp_go2_policy_ros2]: DCLP stop: waiting goal
[WARN] [1787328980.961159364] [dclp_go2_policy_ros2]: DCLP stop: waiting goal
[WARN] [1787328982.969960836] [dclp_go2_policy_ros2]: DCLP stop: waiting goal
[WARN] [1787328984.970062373] [dclp_go2_policy_ros2]: DCLP stop: waiting goal
[WARN] [1787328986.970868598] [dclp_go2_policy_ros2]: DCLP stop: waiting goal
[WARN] [1787328988.981444000] [dclp_go2_policy_ros2]: DCLP stop: waiting goal
[WARN] [1787328990.990986318] [dclp_go2_policy_ros2]: DCLP stop: waiting goal
[WARN] [1787328993.000745943] [dclp_go2_policy_ros2]: DCLP stop: waiting goal
[WARN] [1787328995.001435284] [dclp_go2_policy_ros2]: DCLP stop: waiting goal
[WARN] [1787328997.009977044] [dclp_go2_policy_ros2]: DCLP stop: waiting goal
[WARN] [1787328999.010001384] [dclp_go2_policy_ros2]: DCLP stop: waiting goal
[WARN] [1787329001.010491566] [dclp_go2_policy_ros2]: DCLP stop: waiting goal
[WARN] [1787329003.010897805] [dclp_go2_policy_ros2]: DCLP stop: waiting goal
[WARN] [1787329005.010502988] [dclp_go2_policy_ros2]: DCLP stop: waiting goal
[WARN] [1787329007.020428207] [dclp_go2_policy_ros2]: DCLP stop: waiting goal
[WARN] [1787329009.021292473] [dclp_go2_policy_ros2]: DCLP stop: waiting goal
[WARN] [1787329011.029973162] [dclp_go2_policy_ros2]: DCLP stop: waiting goal
[WARN] [1787329013.040223753] [dclp_go2_policy_ros2]: DCLP stop: waiting goal
[WARN] [1787329015.040332964] [dclp_go2_policy_ros2]: DCLP stop: waiting goal
[WARN] [1787329017.041206040] [dclp_go2_policy_ros2]: DCLP stop: waiting goal
[WARN] [1787329019.040713250] [dclp_go2_policy_ros2]: DCLP stop: waiting goal
[WARN] [1787329021.041554197] [dclp_go2_policy_ros2]: DCLP stop: waiting goal
[WARN] [1787329023.040703080] [dclp_go2_policy_ros2]: DCLP stop: waiting goal
[WARN] [1787329025.050115161] [dclp_go2_policy_ros2]: DCLP stop: waiting goal
[WARN] [1787329027.050258673] [dclp_go2_policy_ros2]: DCLP stop: waiting goal
[WARN] [1787329029.060040045] [dclp_go2_policy_ros2]: DCLP stop: waiting goal
[WARN] [1787329031.060652314] [dclp_go2_policy_ros2]: DCLP stop: waiting goal
[WARN] [1787329033.060660804] [dclp_go2_policy_ros2]: DCLP stop: waiting goal
[WARN] [1787329035.061236149] [dclp_go2_policy_ros2]: DCLP stop: waiting goal
[WARN] [1787329037.070572277] [dclp_go2_policy_ros2]: DCLP stop: waiting goal
[WARN] [1787329039.080172641] [dclp_go2_policy_ros2]: DCLP stop: waiting goal
[WARN] [1787329041.091668612] [dclp_go2_policy_ros2]: DCLP stop: waiting goal
[WARN] [1787329043.100491116] [dclp_go2_policy_ros2]: DCLP stop: waiting goal
[WARN] [1787329045.110431244] [dclp_go2_policy_ros2]: DCLP stop: waiting goal
[WARN] [1787329047.111043867] [dclp_go2_policy_ros2]: DCLP stop: waiting goal
[WARN] [1787329049.120327305] [dclp_go2_policy_ros2]: DCLP stop: waiting goal
[WARN] [1787329051.120981421] [dclp_go2_policy_ros2]: DCLP stop: waiting goal
[WARN] [1787329053.130451221] [dclp_go2_policy_ros2]: DCLP stop: waiting goal
[WARN] [1787329055.130445301] [dclp_go2_policy_ros2]: DCLP stop: waiting goal
[WARN] [1787329057.130839288] [dclp_go2_policy_ros2]: DCLP stop: waiting goal
[WARN] [1787329059.141946734] [dclp_go2_policy_ros2]: DCLP stop: waiting goal
[WARN] [1787329061.150579263] [dclp_go2_policy_ros2]: DCLP stop: waiting goal
[WARN] [1787329063.151742230] [dclp_go2_policy_ros2]: DCLP stop: waiting goal
[WARN] [1787329065.160785849] [dclp_go2_policy_ros2]: DCLP stop: waiting goal
[WARN] [1787329067.161534178] [dclp_go2_policy_ros2]: DCLP stop: waiting goal
[WARN] [1787329069.169966136] [dclp_go2_policy_ros2]: DCLP stop: waiting goal
[WARN] [1787329071.170613337] [dclp_go2_policy_ros2]: DCLP stop: waiting goal
[WARN] [1787329073.181508020] [dclp_go2_policy_ros2]: DCLP stop: waiting goal
[WARN] [1787329075.190386069] [dclp_go2_policy_ros2]: DCLP stop: waiting goal
[WARN] [1787329077.190581186] [dclp_go2_policy_ros2]: DCLP stop: waiting goal
[WARN] [1787329079.200168680] [dclp_go2_policy_ros2]: DCLP stop: waiting goal
[WARN] [1787329081.200266424] [dclp_go2_policy_ros2]: DCLP stop: waiting goal
[WARN] [1787329083.200318746] [dclp_go2_policy_ros2]: DCLP stop: waiting goal
[WARN] [1787329085.210238362] [dclp_go2_policy_ros2]: DCLP stop: waiting goal
[WARN] [1787329087.219973998] [dclp_go2_policy_ros2]: DCLP stop: waiting goal
[WARN] [1787329089.220850769] [dclp_go2_policy_ros2]: DCLP stop: waiting goal
[WARN] [1787329091.220614630] [dclp_go2_policy_ros2]: DCLP stop: waiting goal
[WARN] [1787329093.230257115] [dclp_go2_policy_ros2]: DCLP stop: waiting goal
[WARN] [1787329095.240335688] [dclp_go2_policy_ros2]: DCLP stop: waiting goal
[WARN] [1787329097.240566916] [dclp_go2_policy_ros2]: DCLP stop: waiting goal
[WARN] [1787329099.240635032] [dclp_go2_policy_ros2]: DCLP stop: waiting goal
[WARN] [1787329101.241066629] [dclp_go2_policy_ros2]: DCLP stop: waiting goal
[WARN] [1787329103.240790921] [dclp_go2_policy_ros2]: DCLP stop: waiting goal
[WARN] [1787329105.250715761] [dclp_go2_policy_ros2]: DCLP stop: waiting goal
[WARN] [1787329107.250722954] [dclp_go2_policy_ros2]: DCLP stop: waiting goal
[WARN] [1787329109.260529253] [dclp_go2_policy_ros2]: DCLP stop: waiting goal
[WARN] [1787329111.260688819] [dclp_go2_policy_ros2]: DCLP stop: waiting goal
[WARN] [1787329113.261236382] [dclp_go2_policy_ros2]: DCLP stop: waiting goal
[WARN] [1787329115.270181991] [dclp_go2_policy_ros2]: DCLP stop: waiting goal
[WARN] [1787329117.271413643] [dclp_go2_policy_ros2]: DCLP stop: waiting goal
[WARN] [1787329119.280425004] [dclp_go2_policy_ros2]: DCLP stop: waiting goal
[WARN] [1787329121.291148559] [dclp_go2_policy_ros2]: DCLP stop: waiting goal
[WARN] [1787329123.300796491] [dclp_go2_policy_ros2]: DCLP stop: waiting goal
[WARN] [1787329125.300681147] [dclp_go2_policy_ros2]: DCLP stop: waiting goal
[WARN] [1787329127.310760817] [dclp_go2_policy_ros2]: DCLP stop: waiting goal
[WARN] [1787329129.320164098] [dclp_go2_policy_ros2]: DCLP stop: waiting goal
[WARN] [1787329131.320625867] [dclp_go2_policy_ros2]: DCLP stop: waiting goal
[WARN] [1787329133.330317143] [dclp_go2_policy_ros2]: DCLP stop: waiting goal
[WARN] [1787329135.340883205] [dclp_go2_policy_ros2]: DCLP stop: waiting goal
[WARN] [1787329137.341568199] [dclp_go2_policy_ros2]: DCLP stop: waiting goal
[WARN] [1787329139.350628394] [dclp_go2_policy_ros2]: DCLP stop: waiting goal
[WARN] [1787329141.360550446] [dclp_go2_policy_ros2]: DCLP stop: waiting goal
[WARN] [1787329143.360805353] [dclp_go2_policy_ros2]: DCLP stop: waiting goal
[WARN] [1787329145.370520104] [dclp_go2_policy_ros2]: DCLP stop: waiting goal
[WARN] [1787329147.370843456] [dclp_go2_policy_ros2]: DCLP stop: waiting goal
[WARN] [1787329149.380425020] [dclp_go2_policy_ros2]: DCLP stop: waiting goal
[WARN] [1787329151.390917722] [dclp_go2_policy_ros2]: DCLP stop: waiting goal
[WARN] [1787329153.400495730] [dclp_go2_policy_ros2]: DCLP stop: waiting goal
[WARN] [1787329155.400483554] [dclp_go2_policy_ros2]: DCLP stop: waiting goal
[WARN] [1787329157.400538194] [dclp_go2_policy_ros2]: DCLP stop: waiting goal
[WARN] [1787329159.402430887] [dclp_go2_policy_ros2]: DCLP stop: waiting goal
[WARN] [1787329161.410434581] [dclp_go2_policy_ros2]: DCLP stop: waiting goal
[WARN] [1787329163.420234985] [dclp_go2_policy_ros2]: DCLP stop: waiting goal
[WARN] [1787329165.430555550] [dclp_go2_policy_ros2]: DCLP stop: waiting goal
[WARN] [1787329167.430844553] [dclp_go2_policy_ros2]: DCLP stop: waiting goal
[WARN] [1787329169.440675514] [dclp_go2_policy_ros2]: DCLP stop: waiting goal
[WARN] [1787329171.450828172] [dclp_go2_policy_ros2]: DCLP stop: waiting goal
[WARN] [1787329173.460501179] [dclp_go2_policy_ros2]: DCLP stop: waiting goal
[WARN] [1787329175.460935715] [dclp_go2_policy_ros2]: DCLP stop: waiting goal
[WARN] [1787329177.471028947] [dclp_go2_policy_ros2]: DCLP stop: waiting goal
[WARN] [1787329179.480725856] [dclp_go2_policy_ros2]: DCLP stop: waiting goal
[WARN] [1787329181.490640814] [dclp_go2_policy_ros2]: DCLP stop: waiting goal
[WARN] [1787329183.491256853] [dclp_go2_policy_ros2]: DCLP stop: waiting goal
[WARN] [1787329185.501215265] [dclp_go2_policy_ros2]: DCLP stop: waiting goal
[WARN] [1787329187.511183246] [dclp_go2_policy_ros2]: DCLP stop: waiting goal
[WARN] [1787329189.522453727] [dclp_go2_policy_ros2]: DCLP stop: waiting goal
[WARN] [1787329191.530823491] [dclp_go2_policy_ros2]: DCLP stop: waiting goal
[WARN] [1787329193.540616046] [dclp_go2_policy_ros2]: DCLP stop: waiting goal
[WARN] [1787329195.550238007] [dclp_go2_policy_ros2]: DCLP stop: waiting goal
[WARN] [1787329197.550426201] [dclp_go2_policy_ros2]: DCLP stop: waiting goal
[WARN] [1787329199.550632731] [dclp_go2_policy_ros2]: DCLP stop: waiting goal
[WARN] [1787329201.550970717] [dclp_go2_policy_ros2]: DCLP stop: waiting goal
[WARN] [1787329203.560366020] [dclp_go2_policy_ros2]: DCLP stop: waiting goal
[WARN] [1787329205.560461573] [dclp_go2_policy_ros2]: DCLP stop: waiting goal
[WARN] [1787329207.560635941] [dclp_go2_policy_ros2]: DCLP stop: waiting goal
[WARN] [1787329209.561108519] [dclp_go2_policy_ros2]: DCLP stop: waiting goal
[WARN] [1787329211.570918543] [dclp_go2_policy_ros2]: DCLP stop: waiting goal
[WARN] [1787329213.579958035] [dclp_go2_policy_ros2]: DCLP stop: waiting goal
[WARN] [1787329215.580225651] [dclp_go2_policy_ros2]: DCLP stop: waiting goal
[WARN] [1787329217.591827426] [dclp_go2_policy_ros2]: DCLP stop: waiting goal
[WARN] [1787329219.600091170] [dclp_go2_policy_ros2]: DCLP stop: waiting goal
[WARN] [1787329221.600093633] [dclp_go2_policy_ros2]: DCLP stop: waiting goal
[WARN] [1787329223.600362241] [dclp_go2_policy_ros2]: DCLP stop: waiting goal
[WARN] [1787329225.610678953] [dclp_go2_policy_ros2]: DCLP stop: waiting goal
[WARN] [1787329227.610609767] [dclp_go2_policy_ros2]: DCLP stop: waiting goal
[WARN] [1787329229.621007472] [dclp_go2_policy_ros2]: DCLP stop: waiting goal
[WARN] [1787329231.621460719] [dclp_go2_policy_ros2]: DCLP stop: waiting goal
[WARN] [1787329233.629948944] [dclp_go2_policy_ros2]: DCLP stop: waiting goal
[WARN] [1787329235.629976878] [dclp_go2_policy_ros2]: DCLP stop: waiting goal
[WARN] [1787329237.630348813] [dclp_go2_policy_ros2]: DCLP stop: waiting goal
[WARN] [1787329239.630994413] [dclp_go2_policy_ros2]: DCLP stop: waiting goal
[WARN] [1787329241.640600210] [dclp_go2_policy_ros2]: DCLP stop: waiting goal
[WARN] [1787329243.640730640] [dclp_go2_policy_ros2]: DCLP stop: waiting goal
[WARN] [1787329245.640935854] [dclp_go2_policy_ros2]: DCLP stop: waiting goal
[WARN] [1787329247.650486290] [dclp_go2_policy_ros2]: DCLP stop: waiting goal
[WARN] [1787329249.660992315] [dclp_go2_policy_ros2]: DCLP stop: waiting goal
[WARN] [1787329251.670234974] [dclp_go2_policy_ros2]: DCLP stop: waiting goal
[WARN] [1787329253.670566108] [dclp_go2_policy_ros2]: DCLP stop: waiting goal
[WARN] [1787329255.670891898] [dclp_go2_policy_ros2]: DCLP stop: waiting goal
[WARN] [1787329257.680251645] [dclp_go2_policy_ros2]: DCLP stop: waiting goal
[WARN] [1787329259.680423611] [dclp_go2_policy_ros2]: DCLP stop: waiting goal
[WARN] [1787329261.691539269] [dclp_go2_policy_ros2]: DCLP stop: waiting goal
[WARN] [1787329263.700594279] [dclp_go2_policy_ros2]: DCLP stop: waiting goal
[WARN] [1787329265.700524772] [dclp_go2_policy_ros2]: DCLP stop: waiting goal
[WARN] [1787329267.710522761] [dclp_go2_policy_ros2]: DCLP stop: waiting goal
[WARN] [1787329269.721253842] [dclp_go2_policy_ros2]: DCLP stop: waiting goal
[WARN] [1787329271.730483700] [dclp_go2_policy_ros2]: DCLP stop: waiting goal
[WARN] [1787329273.740412698] [dclp_go2_policy_ros2]: DCLP stop: waiting goal
[WARN] [1787329275.740748760] [dclp_go2_policy_ros2]: DCLP stop: waiting goal
[WARN] [1787329277.750415772] [dclp_go2_policy_ros2]: DCLP stop: waiting goal
[WARN] [1787329279.750429752] [dclp_go2_policy_ros2]: DCLP stop: waiting goal
[WARN] [1787329281.751171800] [dclp_go2_policy_ros2]: DCLP stop: waiting goal
[WARN] [1787329283.760910684] [dclp_go2_policy_ros2]: DCLP stop: waiting goal
[WARN] [1787329285.770193855] [dclp_go2_policy_ros2]: DCLP stop: waiting goal
[WARN] [1787329287.780003235] [dclp_go2_policy_ros2]: DCLP stop: waiting goal
[WARN] [1787329289.780007712] [dclp_go2_policy_ros2]: DCLP stop: waiting goal
[WARN] [1787329291.780743487] [dclp_go2_policy_ros2]: DCLP stop: waiting goal
[WARN] [1787329293.791114726] [dclp_go2_policy_ros2]: DCLP stop: waiting goal
[WARN] [1787329295.800291336] [dclp_go2_policy_ros2]: DCLP stop: waiting goal
[WARN] [1787329297.800278341] [dclp_go2_policy_ros2]: DCLP stop: waiting goal
[WARN] [1787329299.810675243] [dclp_go2_policy_ros2]: DCLP stop: waiting goal
[WARN] [1787329301.810829512] [dclp_go2_policy_ros2]: DCLP stop: waiting goal
[WARN] [1787329303.819971018] [dclp_go2_policy_ros2]: DCLP stop: waiting goal
[WARN] [1787329305.820769546] [dclp_go2_policy_ros2]: DCLP stop: waiting goal
[WARN] [1787329307.830299437] [dclp_go2_policy_ros2]: DCLP stop: waiting goal
[WARN] [1787329309.841209686] [dclp_go2_policy_ros2]: DCLP stop: waiting goal
[WARN] [1787329311.841232146] [dclp_go2_policy_ros2]: DCLP stop: waiting goal
[WARN] [1787329313.850196403] [dclp_go2_policy_ros2]: DCLP stop: waiting goal
[WARN] [1787329315.850308304] [dclp_go2_policy_ros2]: DCLP stop: waiting goal
[WARN] [1787329317.850368109] [dclp_go2_policy_ros2]: DCLP stop: waiting goal
[WARN] [1787329319.850558922] [dclp_go2_policy_ros2]: DCLP stop: waiting goal
[WARN] [1787329321.860496463] [dclp_go2_policy_ros2]: DCLP stop: waiting goal
[WARN] [1787329323.870563156] [dclp_go2_policy_ros2]: DCLP stop: waiting goal
[WARN] [1787329325.880575289] [dclp_go2_policy_ros2]: DCLP stop: waiting goal
[WARN] [1787329327.891551235] [dclp_go2_policy_ros2]: DCLP stop: waiting goal
[WARN] [1787329329.900660932] [dclp_go2_policy_ros2]: DCLP stop: waiting goal
[WARN] [1787329331.910349224] [dclp_go2_policy_ros2]: DCLP stop: waiting goal
[WARN] [1787329333.910405220] [dclp_go2_policy_ros2]: DCLP stop: waiting goal
[WARN] [1787329335.910463681] [dclp_go2_policy_ros2]: DCLP stop: waiting goal
[WARN] [1787329337.910474269] [dclp_go2_policy_ros2]: DCLP stop: waiting goal
[WARN] [1787329339.911091900] [dclp_go2_policy_ros2]: DCLP stop: waiting goal
[WARN] [1787329341.920625759] [dclp_go2_policy_ros2]: DCLP stop: waiting goal
[WARN] [1787329343.920674492] [dclp_go2_policy_ros2]: DCLP stop: waiting goal
[WARN] [1787329345.930436416] [dclp_go2_policy_ros2]: DCLP stop: waiting goal
[WARN] [1787329347.930998046] [dclp_go2_policy_ros2]: DCLP stop: waiting goal
[WARN] [1787329349.940712290] [dclp_go2_policy_ros2]: DCLP stop: waiting goal
[WARN] [1787329351.950383622] [dclp_go2_policy_ros2]: DCLP stop: waiting goal
[WARN] [1787329353.950982277] [dclp_go2_policy_ros2]: DCLP stop: waiting goal
[WARN] [1787329355.960466024] [dclp_go2_policy_ros2]: DCLP stop: waiting goal
[WARN] [1787329357.970222508] [dclp_go2_policy_ros2]: DCLP stop: waiting goal
[WARN] [1787329359.971266700] [dclp_go2_policy_ros2]: DCLP stop: waiting goal
[WARN] [1787329361.980482958] [dclp_go2_policy_ros2]: DCLP stop: waiting goal
[WARN] [1787329363.991303383] [dclp_go2_policy_ros2]: DCLP stop: waiting goal
[WARN] [1787329365.991327027] [dclp_go2_policy_ros2]: DCLP stop: waiting goal
[WARN] [1787329368.000604949] [dclp_go2_policy_ros2]: DCLP stop: waiting goal
[WARN] [1787329370.000453201] [dclp_go2_policy_ros2]: DCLP stop: waiting goal
[WARN] [1787329372.001427921] [dclp_go2_policy_ros2]: DCLP stop: waiting goal
[WARN] [1787329374.010543250] [dclp_go2_policy_ros2]: DCLP stop: waiting goal
[WARN] [1787329376.010558798] [dclp_go2_policy_ros2]: DCLP stop: waiting goal
[WARN] [1787329378.020543476] [dclp_go2_policy_ros2]: DCLP stop: waiting goal
[WARN] [1787329380.020894577] [dclp_go2_policy_ros2]: DCLP stop: waiting goal
[WARN] [1787329382.022020530] [dclp_go2_policy_ros2]: DCLP stop: waiting goal
[WARN] [1787329384.030883698] [dclp_go2_policy_ros2]: DCLP stop: waiting goal
[WARN] [1787329386.040648279] [dclp_go2_policy_ros2]: DCLP stop: waiting goal
[WARN] [1787329388.041034388] [dclp_go2_policy_ros2]: DCLP stop: waiting goal
[WARN] [1787329390.041554611] [dclp_go2_policy_ros2]: DCLP stop: waiting goal
[WARN] [1787329392.042157777] [dclp_go2_policy_ros2]: DCLP stop: waiting goal
[WARN] [1787329394.050554064] [dclp_go2_policy_ros2]: DCLP stop: waiting goal
[WARN] [1787329396.050954030] [dclp_go2_policy_ros2]: DCLP stop: waiting goal
[WARN] [1787329398.060328656] [dclp_go2_policy_ros2]: DCLP stop: waiting goal
[WARN] [1787329400.060630253] [dclp_go2_policy_ros2]: DCLP stop: waiting goal
[WARN] [1787329402.060516137] [dclp_go2_policy_ros2]: DCLP stop: waiting goal
[WARN] [1787329404.070647983] [dclp_go2_policy_ros2]: DCLP stop: waiting goal
[WARN] [1787329406.081195030] [dclp_go2_policy_ros2]: DCLP stop: waiting goal
[WARN] [1787329408.090599225] [dclp_go2_policy_ros2]: DCLP stop: waiting goal
[WARN] [1787329410.090637109] [dclp_go2_policy_ros2]: DCLP stop: waiting goal
[WARN] [1787329412.091404308] [dclp_go2_policy_ros2]: DCLP stop: waiting goal
[WARN] [1787329414.091367056] [dclp_go2_policy_ros2]: DCLP stop: waiting goal
[WARN] [1787329416.100694547] [dclp_go2_policy_ros2]: DCLP stop: waiting goal
[WARN] [1787329418.110448407] [dclp_go2_policy_ros2]: DCLP stop: waiting goal
[WARN] [1787329420.121029150] [dclp_go2_policy_ros2]: DCLP stop: waiting goal
[WARN] [1787329422.130511713] [dclp_go2_policy_ros2]: DCLP stop: waiting goal
[WARN] [1787329424.130528766] [dclp_go2_policy_ros2]: DCLP stop: waiting goal
[WARN] [1787329426.140817508] [dclp_go2_policy_ros2]: DCLP stop: waiting goal
[WARN] [1787329428.150308839] [dclp_go2_policy_ros2]: DCLP stop: waiting goal
[WARN] [1787329430.150485732] [dclp_go2_policy_ros2]: DCLP stop: waiting goal
[WARN] [1787329432.150487392] [dclp_go2_policy_ros2]: DCLP stop: waiting goal
[WARN] [1787329434.150903582] [dclp_go2_policy_ros2]: DCLP stop: waiting goal
[WARN] [1787329436.160451137] [dclp_go2_policy_ros2]: DCLP stop: waiting goal
[WARN] [1787329438.160521501] [dclp_go2_policy_ros2]: DCLP stop: waiting goal
[WARN] [1787329440.160880859] [dclp_go2_policy_ros2]: DCLP stop: waiting goal
[WARN] [1787329442.160954488] [dclp_go2_policy_ros2]: DCLP stop: waiting goal
[WARN] [1787329444.161571990] [dclp_go2_policy_ros2]: DCLP stop: waiting goal
[WARN] [1787329446.170584823] [dclp_go2_policy_ros2]: DCLP stop: waiting goal
[WARN] [1787329448.180184635] [dclp_go2_policy_ros2]: DCLP stop: waiting goal
[WARN] [1787329450.180247735] [dclp_go2_policy_ros2]: DCLP stop: waiting goal
[WARN] [1787329452.180308788] [dclp_go2_policy_ros2]: DCLP stop: waiting goal
[WARN] [1787329454.180998579] [dclp_go2_policy_ros2]: DCLP stop: waiting goal
[WARN] [1787329456.190822071] [dclp_go2_policy_ros2]: DCLP stop: waiting goal
[WARN] [1787329458.200461531] [dclp_go2_policy_ros2]: DCLP stop: waiting goal
[WARN] [1787329460.200827576] [dclp_go2_policy_ros2]: DCLP stop: waiting goal
[WARN] [1787329462.202452251] [dclp_go2_policy_ros2]: DCLP stop: waiting goal
[WARN] [1787329464.210585016] [dclp_go2_policy_ros2]: DCLP stop: waiting goal
[WARN] [1787329466.211140759] [dclp_go2_policy_ros2]: DCLP stop: waiting goal
[WARN] [1787329468.211385012] [dclp_go2_policy_ros2]: DCLP stop: waiting goal
[WARN] [1787329470.211652465] [dclp_go2_policy_ros2]: DCLP stop: waiting goal
[WARN] [1787329472.220770643] [dclp_go2_policy_ros2]: DCLP stop: waiting goal
[WARN] [1787329474.230371190] [dclp_go2_policy_ros2]: DCLP stop: waiting goal
[WARN] [1787329476.231062869] [dclp_go2_policy_ros2]: DCLP stop: waiting goal
[WARN] [1787329478.241517468] [dclp_go2_policy_ros2]: DCLP stop: waiting goal
[WARN] [1787329480.250397213] [dclp_go2_policy_ros2]: DCLP stop: waiting goal
[WARN] [1787329482.250823131] [dclp_go2_policy_ros2]: DCLP stop: waiting goal
[WARN] [1787329484.260521822] [dclp_go2_policy_ros2]: DCLP stop: waiting goal
[WARN] [1787329486.261007805] [dclp_go2_policy_ros2]: DCLP stop: waiting goal
[WARN] [1787329488.270570400] [dclp_go2_policy_ros2]: DCLP stop: waiting goal
[WARN] [1787329490.280439012] [dclp_go2_policy_ros2]: DCLP stop: waiting goal
[WARN] [1787329492.280340192] [dclp_go2_policy_ros2]: DCLP stop: waiting goal
[WARN] [1787329494.291342569] [dclp_go2_policy_ros2]: DCLP stop: waiting goal
[WARN] [1787329496.300589131] [dclp_go2_policy_ros2]: DCLP stop: waiting goal
[WARN] [1787329498.310390896] [dclp_go2_policy_ros2]: DCLP stop: waiting goal
[WARN] [1787329500.310880046] [dclp_go2_policy_ros2]: DCLP stop: waiting goal
[WARN] [1787329502.311693453] [dclp_go2_policy_ros2]: DCLP stop: waiting goal
[WARN] [1787329504.320312301] [dclp_go2_policy_ros2]: DCLP stop: waiting goal
[WARN] [1787329506.320878411] [dclp_go2_policy_ros2]: DCLP stop: waiting goal
[WARN] [1787329508.330345198] [dclp_go2_policy_ros2]: DCLP stop: waiting goal
[WARN] [1787329510.330300394] [dclp_go2_policy_ros2]: DCLP stop: waiting goal
[WARN] [1787329512.330622824] [dclp_go2_policy_ros2]: DCLP stop: waiting goal
[WARN] [1787329514.341276783] [dclp_go2_policy_ros2]: DCLP stop: waiting goal
[WARN] [1787329516.350436081] [dclp_go2_policy_ros2]: DCLP stop: waiting goal
[WARN] [1787329518.351270321] [dclp_go2_policy_ros2]: DCLP stop: waiting goal
[WARN] [1787329520.350686954] [dclp_go2_policy_ros2]: DCLP stop: waiting goal
[WARN] [1787329522.360651023] [dclp_go2_policy_ros2]: DCLP stop: waiting goal
[WARN] [1787329524.361296174] [dclp_go2_policy_ros2]: DCLP stop: waiting goal
[WARN] [1787329526.370170095] [dclp_go2_policy_ros2]: DCLP stop: waiting goal
[WARN] [1787329528.370589932] [dclp_go2_policy_ros2]: DCLP stop: waiting goal
[WARN] [1787329530.379919023] [dclp_go2_policy_ros2]: DCLP stop: waiting goal
[WARN] [1787329532.380508301] [dclp_go2_policy_ros2]: DCLP stop: waiting goal
[WARN] [1787329534.381361805] [dclp_go2_policy_ros2]: DCLP stop: waiting goal
[WARN] [1787329536.391017233] [dclp_go2_policy_ros2]: DCLP stop: waiting goal
[WARN] [1787329538.392178354] [dclp_go2_policy_ros2]: DCLP stop: waiting goal
[WARN] [1787329540.401216211] [dclp_go2_policy_ros2]: DCLP stop: waiting goal
[WARN] [1787329542.410264436] [dclp_go2_policy_ros2]: DCLP stop: waiting goal
[WARN] [1787329544.410787122] [dclp_go2_policy_ros2]: DCLP stop: waiting goal
[WARN] [1787329546.420250645] [dclp_go2_policy_ros2]: DCLP stop: waiting goal
[WARN] [1787329548.420299921] [dclp_go2_policy_ros2]: DCLP stop: waiting goal
[WARN] [1787329550.430727128] [dclp_go2_policy_ros2]: DCLP stop: waiting goal
[WARN] [1787329552.431034742] [dclp_go2_policy_ros2]: DCLP stop: waiting goal
[WARN] [1787329554.440215959] [dclp_go2_policy_ros2]: DCLP stop: waiting goal
[WARN] [1787329556.441147127] [dclp_go2_policy_ros2]: DCLP stop: waiting goal
[WARN] [1787329558.440958707] [dclp_go2_policy_ros2]: DCLP stop: waiting goal
[WARN] [1787329560.450060020] [dclp_go2_policy_ros2]: DCLP stop: waiting goal
[WARN] [1787329562.450133553] [dclp_go2_policy_ros2]: DCLP stop: waiting goal
[WARN] [1787329564.450278765] [dclp_go2_policy_ros2]: DCLP stop: waiting goal
[WARN] [1787329566.461487703] [dclp_go2_policy_ros2]: DCLP stop: waiting goal
[WARN] [1787329568.461175442] [dclp_go2_policy_ros2]: DCLP stop: waiting goal
[WARN] [1787329570.463704249] [dclp_go2_policy_ros2]: DCLP stop: waiting goal
[WARN] [1787329572.470131471] [dclp_go2_policy_ros2]: DCLP stop: waiting goal
[WARN] [1787329574.470121995] [dclp_go2_policy_ros2]: DCLP stop: waiting goal
[WARN] [1787329576.471303532] [dclp_go2_policy_ros2]: DCLP stop: waiting goal
[WARN] [1787329578.481486322] [dclp_go2_policy_ros2]: DCLP stop: waiting goal
[WARN] [1787329580.490335603] [dclp_go2_policy_ros2]: DCLP stop: waiting goal
[WARN] [1787329582.500897082] [dclp_go2_policy_ros2]: DCLP stop: waiting goal
[WARN] [1787329584.510606206] [dclp_go2_policy_ros2]: DCLP stop: waiting goal
[WARN] [1787329586.521126437] [dclp_go2_policy_ros2]: DCLP stop: waiting goal
[WARN] [1787329588.530437959] [dclp_go2_policy_ros2]: DCLP stop: waiting goal
[WARN] [1787329590.530470500] [dclp_go2_policy_ros2]: DCLP stop: waiting goal
[WARN] [1787329592.540563401] [dclp_go2_policy_ros2]: DCLP stop: waiting goal
[WARN] [1787329594.541344009] [dclp_go2_policy_ros2]: DCLP stop: waiting goal
[WARN] [1787329596.541230916] [dclp_go2_policy_ros2]: DCLP stop: waiting goal
[WARN] [1787329598.542758343] [dclp_go2_policy_ros2]: DCLP stop: waiting goal
[WARN] [1787329600.550656963] [dclp_go2_policy_ros2]: DCLP stop: waiting goal
[WARN] [1787329602.560574152] [dclp_go2_policy_ros2]: DCLP stop: waiting goal
[WARN] [1787329604.570842254] [dclp_go2_policy_ros2]: DCLP stop: waiting goal
[WARN] [1787329606.580334961] [dclp_go2_policy_ros2]: DCLP stop: waiting goal
[WARN] [1787329608.580441614] [dclp_go2_policy_ros2]: DCLP stop: waiting goal
[WARN] [1787329610.581000620] [dclp_go2_policy_ros2]: DCLP stop: waiting goal
[WARN] [1787329612.581578059] [dclp_go2_policy_ros2]: DCLP stop: waiting goal
[WARN] [1787329614.590317867] [dclp_go2_policy_ros2]: DCLP stop: waiting goal
[WARN] [1787329616.590687432] [dclp_go2_policy_ros2]: DCLP stop: waiting goal
[WARN] [1787329618.591860041] [dclp_go2_policy_ros2]: DCLP stop: waiting goal
[WARN] [1787329620.600892010] [dclp_go2_policy_ros2]: DCLP stop: waiting goal
[WARN] [1787329622.601140584] [dclp_go2_policy_ros2]: DCLP stop: waiting goal
[WARN] [1787329624.610354345] [dclp_go2_policy_ros2]: DCLP stop: waiting goal
[WARN] [1787329626.610814919] [dclp_go2_policy_ros2]: DCLP stop: waiting goal
[WARN] [1787329628.621344751] [dclp_go2_policy_ros2]: DCLP stop: waiting goal
[WARN] [1787329630.630170095] [dclp_go2_policy_ros2]: DCLP stop: waiting goal
[WARN] [1787329632.630341932] [dclp_go2_policy_ros2]: DCLP stop: waiting goal
[WARN] [1787329634.641109844] [dclp_go2_policy_ros2]: DCLP stop: waiting goal
[WARN] [1787329636.650361462] [dclp_go2_policy_ros2]: DCLP stop: waiting goal
[WARN] [1787329638.650726228] [dclp_go2_policy_ros2]: DCLP stop: waiting goal
[WARN] [1787329640.660487576] [dclp_go2_policy_ros2]: DCLP stop: waiting goal
[WARN] [1787329642.660677685] [dclp_go2_policy_ros2]: DCLP stop: waiting goal
[WARN] [1787329644.670542169] [dclp_go2_policy_ros2]: DCLP stop: waiting goal
[WARN] [1787329646.680820256] [dclp_go2_policy_ros2]: DCLP stop: waiting goal
[WARN] [1787329648.681178493] [dclp_go2_policy_ros2]: DCLP stop: waiting goal
[WARN] [1787329650.690258815] [dclp_go2_policy_ros2]: DCLP stop: waiting goal
[WARN] [1787329652.690626108] [dclp_go2_policy_ros2]: DCLP stop: waiting goal
[WARN] [1787329654.690641176] [dclp_go2_policy_ros2]: DCLP stop: waiting goal
[WARN] [1787329656.690983830] [dclp_go2_policy_ros2]: DCLP stop: waiting goal
[WARN] [1787329658.700706938] [dclp_go2_policy_ros2]: DCLP stop: waiting goal
[WARN] [1787329660.711037568] [dclp_go2_policy_ros2]: DCLP stop: waiting goal
[WARN] [1787329662.720598852] [dclp_go2_policy_ros2]: DCLP stop: waiting goal
[WARN] [1787329664.730468072] [dclp_go2_policy_ros2]: DCLP stop: waiting goal
[WARN] [1787329666.741169104] [dclp_go2_policy_ros2]: DCLP stop: waiting goal
[WARN] [1787329668.742060272] [dclp_go2_policy_ros2]: DCLP stop: waiting goal
[WARN] [1787329670.742361197] [dclp_go2_policy_ros2]: DCLP stop: waiting goal
[WARN] [1787329672.750555147] [dclp_go2_policy_ros2]: DCLP stop: waiting goal
[WARN] [1787329674.760500112] [dclp_go2_policy_ros2]: DCLP stop: waiting goal
[WARN] [1787329676.770555445] [dclp_go2_policy_ros2]: DCLP stop: waiting goal
[WARN] [1787329678.772265496] [dclp_go2_policy_ros2]: DCLP stop: waiting goal
[WARN] [1787329680.780549207] [dclp_go2_policy_ros2]: DCLP stop: waiting goal
[WARN] [1787329682.781109557] [dclp_go2_policy_ros2]: DCLP stop: waiting goal
[WARN] [1787329684.791444731] [dclp_go2_policy_ros2]: DCLP stop: waiting goal
[WARN] [1787329686.800827582] [dclp_go2_policy_ros2]: DCLP stop: waiting goal
[WARN] [1787329688.810616258] [dclp_go2_policy_ros2]: DCLP stop: waiting goal
[WARN] [1787329690.812130853] [dclp_go2_policy_ros2]: DCLP stop: waiting goal
[WARN] [1787329692.820677124] [dclp_go2_policy_ros2]: DCLP stop: waiting goal
[WARN] [1787329694.830252679] [dclp_go2_policy_ros2]: DCLP stop: waiting goal
[WARN] [1787329696.840482605] [dclp_go2_policy_ros2]: DCLP stop: waiting goal
[WARN] [1787329698.840592074] [dclp_go2_policy_ros2]: DCLP stop: waiting goal
[WARN] [1787329700.841108584] [dclp_go2_policy_ros2]: DCLP stop: waiting goal
[WARN] [1787329702.850451818] [dclp_go2_policy_ros2]: DCLP stop: waiting goal
[WARN] [1787329704.850591943] [dclp_go2_policy_ros2]: DCLP stop: waiting goal
[WARN] [1787329706.850802596] [dclp_go2_policy_ros2]: DCLP stop: waiting goal
[WARN] [1787329708.860170535] [dclp_go2_policy_ros2]: DCLP stop: waiting goal
[WARN] [1787329710.862165387] [dclp_go2_policy_ros2]: DCLP stop: waiting goal
[WARN] [1787329712.870461513] [dclp_go2_policy_ros2]: DCLP stop: waiting goal
[WARN] [1787329714.879966444] [dclp_go2_policy_ros2]: DCLP stop: waiting goal
[WARN] [1787329716.879981512] [dclp_go2_policy_ros2]: DCLP stop: waiting goal
[WARN] [1787329718.880091749] [dclp_go2_policy_ros2]: DCLP stop: waiting goal
[WARN] [1787329720.880033409] [dclp_go2_policy_ros2]: DCLP stop: waiting goal
[WARN] [1787329722.881594179] [dclp_go2_policy_ros2]: DCLP stop: waiting goal
[WARN] [1787329724.890273603] [dclp_go2_policy_ros2]: DCLP stop: waiting goal
[WARN] [1787329726.891448196] [dclp_go2_policy_ros2]: DCLP stop: waiting goal
[WARN] [1787329728.900142340] [dclp_go2_policy_ros2]: DCLP stop: waiting goal
[WARN] [1787329730.910508618] [dclp_go2_policy_ros2]: DCLP stop: waiting goal
[WARN] [1787329732.910266438] [dclp_go2_policy_ros2]: DCLP stop: waiting goal
[WARN] [1787329734.920120522] [dclp_go2_policy_ros2]: DCLP stop: waiting goal
[WARN] [1787329736.920811049] [dclp_go2_policy_ros2]: DCLP stop: waiting goal
[WARN] [1787329738.930315084] [dclp_go2_policy_ros2]: DCLP stop: waiting goal
[WARN] [1787329740.930082119] [dclp_go2_policy_ros2]: DCLP stop: waiting goal
[WARN] [1787329742.931124648] [dclp_go2_policy_ros2]: DCLP stop: waiting goal
[WARN] [1787329744.941569583] [dclp_go2_policy_ros2]: DCLP stop: waiting goal
[WARN] [1787329746.950403151] [dclp_go2_policy_ros2]: DCLP stop: waiting goal
[WARN] [1787329748.960250131] [dclp_go2_policy_ros2]: DCLP stop: waiting goal
[WARN] [1787329750.970121816] [dclp_go2_policy_ros2]: DCLP stop: waiting goal
[WARN] [1787329752.970247701] [dclp_go2_policy_ros2]: DCLP stop: waiting goal
[WARN] [1787329754.970499474] [dclp_go2_policy_ros2]: DCLP stop: waiting goal
[WARN] [1787329756.971269777] [dclp_go2_policy_ros2]: DCLP stop: waiting goal
[WARN] [1787329758.980480211] [dclp_go2_policy_ros2]: DCLP stop: waiting goal
[WARN] [1787329760.991234171] [dclp_go2_policy_ros2]: DCLP stop: waiting goal
[WARN] [1787329763.000448701] [dclp_go2_policy_ros2]: DCLP stop: waiting goal
[WARN] [1787329765.000912123] [dclp_go2_policy_ros2]: DCLP stop: waiting goal
[WARN] [1787329767.000956248] [dclp_go2_policy_ros2]: DCLP stop: waiting goal
[WARN] [1787329769.000945140] [dclp_go2_policy_ros2]: DCLP stop: waiting goal
[WARN] [1787329771.010555479] [dclp_go2_policy_ros2]: DCLP stop: waiting goal
[WARN] [1787329773.010647348] [dclp_go2_policy_ros2]: DCLP stop: waiting goal
[WARN] [1787329775.011275058] [dclp_go2_policy_ros2]: DCLP stop: waiting goal
[WARN] [1787329777.011585072] [dclp_go2_policy_ros2]: DCLP stop: waiting goal
[WARN] [1787329779.020767666] [dclp_go2_policy_ros2]: DCLP stop: waiting goal
[WARN] [1787329781.020716141] [dclp_go2_policy_ros2]: DCLP stop: waiting goal
[WARN] [1787329783.030274641] [dclp_go2_policy_ros2]: DCLP stop: waiting goal
[WARN] [1787329785.030789007] [dclp_go2_policy_ros2]: DCLP stop: waiting goal
[WARN] [1787329787.041436631] [dclp_go2_policy_ros2]: DCLP stop: waiting goal
[WARN] [1787329789.050525944] [dclp_go2_policy_ros2]: DCLP stop: waiting goal
[WARN] [1787329791.061248352] [dclp_go2_policy_ros2]: DCLP stop: waiting goal
[WARN] [1787329793.070414082] [dclp_go2_policy_ros2]: DCLP stop: waiting goal
[WARN] [1787329795.072252998] [dclp_go2_policy_ros2]: DCLP stop: waiting goal
[WARN] [1787329797.080255138] [dclp_go2_policy_ros2]: DCLP stop: waiting goal
[WARN] [1787329799.090674025] [dclp_go2_policy_ros2]: DCLP stop: waiting goal
[WARN] [1787329801.091459753] [dclp_go2_policy_ros2]: DCLP stop: waiting goal
[WARN] [1787329803.100723243] [dclp_go2_policy_ros2]: DCLP stop: waiting goal
[WARN] [1787329805.101079784] [dclp_go2_policy_ros2]: DCLP stop: waiting goal
[WARN] [1787329807.110180042] [dclp_go2_policy_ros2]: DCLP stop: waiting goal
[WARN] [1787329809.110588136] [dclp_go2_policy_ros2]: DCLP stop: waiting goal
[WARN] [1787329811.111216390] [dclp_go2_policy_ros2]: DCLP stop: waiting goal
[WARN] [1787329813.120599561] [dclp_go2_policy_ros2]: DCLP stop: waiting goal
[WARN] [1787329815.120894982] [dclp_go2_policy_ros2]: DCLP stop: waiting goal
[WARN] [1787329817.130044808] [dclp_go2_policy_ros2]: DCLP stop: waiting goal
[WARN] [1787329819.130089604] [dclp_go2_policy_ros2]: DCLP stop: waiting goal
[WARN] [1787329821.130064480] [dclp_go2_policy_ros2]: DCLP stop: waiting goal
[WARN] [1787329823.130446974] [dclp_go2_policy_ros2]: DCLP stop: waiting goal
[WARN] [1787329825.130330394] [dclp_go2_policy_ros2]: DCLP stop: waiting goal
[WARN] [1787329827.130473878] [dclp_go2_policy_ros2]: DCLP stop: waiting goal
[WARN] [1787329829.140490236] [dclp_go2_policy_ros2]: DCLP stop: waiting goal
[WARN] [1787329831.140856345] [dclp_go2_policy_ros2]: DCLP stop: waiting goal
[WARN] [1787329833.141080694] [dclp_go2_policy_ros2]: DCLP stop: waiting goal
[WARN] [1787329835.141670229] [dclp_go2_policy_ros2]: DCLP stop: waiting goal
[WARN] [1787329837.150686230] [dclp_go2_policy_ros2]: DCLP stop: waiting goal
[WARN] [1787329839.160407450] [dclp_go2_policy_ros2]: DCLP stop: waiting goal
[WARN] [1787329841.161038873] [dclp_go2_policy_ros2]: DCLP stop: waiting goal
[WARN] [1787329843.170192602] [dclp_go2_policy_ros2]: DCLP stop: waiting goal
[WARN] [1787329845.170561624] [dclp_go2_policy_ros2]: DCLP stop: waiting goal
[WARN] [1787329847.180308828] [dclp_go2_policy_ros2]: DCLP stop: waiting goal
[WARN] [1787329849.180469785] [dclp_go2_policy_ros2]: DCLP stop: waiting goal
[WARN] [1787329851.190744735] [dclp_go2_policy_ros2]: DCLP stop: waiting goal
[WARN] [1787329853.191025148] [dclp_go2_policy_ros2]: DCLP stop: waiting goal
[WARN] [1787329855.200422303] [dclp_go2_policy_ros2]: DCLP stop: waiting goal
[WARN] [1787329857.200924477] [dclp_go2_policy_ros2]: DCLP stop: waiting goal
[WARN] [1787329859.210608801] [dclp_go2_policy_ros2]: DCLP stop: waiting goal
[WARN] [1787329861.211073791] [dclp_go2_policy_ros2]: DCLP stop: waiting goal
[WARN] [1787329863.220703299] [dclp_go2_policy_ros2]: DCLP stop: waiting goal
[WARN] [1787329865.220850303] [dclp_go2_policy_ros2]: DCLP stop: waiting goal
[WARN] [1787329867.230311650] [dclp_go2_policy_ros2]: DCLP stop: waiting goal
[WARN] [1787329869.230625440] [dclp_go2_policy_ros2]: DCLP stop: waiting goal
[WARN] [1787329871.241007078] [dclp_go2_policy_ros2]: DCLP stop: waiting goal
[WARN] [1787329873.241467204] [dclp_go2_policy_ros2]: DCLP stop: waiting goal
[WARN] [1787329875.250426789] [dclp_go2_policy_ros2]: DCLP stop: waiting goal
[WARN] [1787329877.250582946] [dclp_go2_policy_ros2]: DCLP stop: waiting goal
[WARN] [1787329879.260472999] [dclp_go2_policy_ros2]: DCLP stop: waiting goal
[WARN] [1787329881.261113669] [dclp_go2_policy_ros2]: DCLP stop: waiting goal
[WARN] [1787329883.270479656] [dclp_go2_policy_ros2]: DCLP stop: waiting goal
[WARN] [1787329885.280172172] [dclp_go2_policy_ros2]: DCLP stop: waiting goal
[WARN] [1787329887.280393545] [dclp_go2_policy_ros2]: DCLP stop: waiting goal
[WARN] [1787329889.290639887] [dclp_go2_policy_ros2]: DCLP stop: waiting goal
[WARN] [1787329891.291560751] [dclp_go2_policy_ros2]: DCLP stop: waiting goal
[WARN] [1787329893.300725809] [dclp_go2_policy_ros2]: DCLP stop: waiting goal
[WARN] [1787329895.310700597] [dclp_go2_policy_ros2]: DCLP stop: waiting goal
[WARN] [1787329897.311081811] [dclp_go2_policy_ros2]: DCLP stop: waiting goal
[WARN] [1787329899.320279221] [dclp_go2_policy_ros2]: DCLP stop: waiting goal
[WARN] [1787329901.330502011] [dclp_go2_policy_ros2]: DCLP stop: waiting goal
[WARN] [1787329903.330443671] [dclp_go2_policy_ros2]: DCLP stop: waiting goal
[WARN] [1787329905.342348196] [dclp_go2_policy_ros2]: DCLP stop: waiting goal
[WARN] [1787329907.350828099] [dclp_go2_policy_ros2]: DCLP stop: waiting goal
[WARN] [1787329909.360501990] [dclp_go2_policy_ros2]: DCLP stop: waiting goal
[WARN] [1787329911.370262827] [dclp_go2_policy_ros2]: DCLP stop: waiting goal
[WARN] [1787329913.380277040] [dclp_go2_policy_ros2]: DCLP stop: waiting goal
[WARN] [1787329915.391433146] [dclp_go2_policy_ros2]: DCLP stop: waiting goal
[WARN] [1787329917.400508571] [dclp_go2_policy_ros2]: DCLP stop: waiting goal
[WARN] [1787329919.400644056] [dclp_go2_policy_ros2]: DCLP stop: waiting goal
[WARN] [1787329921.410910654] [dclp_go2_policy_ros2]: DCLP stop: waiting goal
[WARN] [1787329923.420417601] [dclp_go2_policy_ros2]: DCLP stop: waiting goal
[WARN] [1787329925.420951231] [dclp_go2_policy_ros2]: DCLP stop: waiting goal
[WARN] [1787329927.430652131] [dclp_go2_policy_ros2]: DCLP stop: waiting goal
[WARN] [1787329929.442447727] [dclp_go2_policy_ros2]: DCLP stop: waiting goal
[WARN] [1787329931.451093775] [dclp_go2_policy_ros2]: DCLP stop: waiting goal
[WARN] [1787329933.460380401] [dclp_go2_policy_ros2]: DCLP stop: waiting goal
[WARN] [1787329935.461421746] [dclp_go2_policy_ros2]: DCLP stop: waiting goal
[WARN] [1787329937.470163730] [dclp_go2_policy_ros2]: DCLP stop: waiting goal
[WARN] [1787329939.470623888] [dclp_go2_policy_ros2]: DCLP stop: waiting goal
[WARN] [1787329941.480226131] [dclp_go2_policy_ros2]: DCLP stop: waiting goal
[WARN] [1787329943.480467536] [dclp_go2_policy_ros2]: DCLP stop: waiting goal
[WARN] [1787329945.490854903] [dclp_go2_policy_ros2]: DCLP stop: waiting goal
[WARN] [1787329947.491274421] [dclp_go2_policy_ros2]: DCLP stop: waiting goal
[WARN] [1787329949.500969145] [dclp_go2_policy_ros2]: DCLP stop: waiting goal
[WARN] [1787329951.510061914] [dclp_go2_policy_ros2]: DCLP stop: waiting goal
[WARN] [1787329953.510305399] [dclp_go2_policy_ros2]: DCLP stop: waiting goal
[WARN] [1787329955.510615253] [dclp_go2_policy_ros2]: DCLP stop: waiting goal
[WARN] [1787329957.512034807] [dclp_go2_policy_ros2]: DCLP stop: waiting goal
[WARN] [1787329959.521161272] [dclp_go2_policy_ros2]: DCLP stop: waiting goal
[WARN] [1787329961.521222804] [dclp_go2_policy_ros2]: DCLP stop: waiting goal
[WARN] [1787329963.520696366] [dclp_go2_policy_ros2]: DCLP stop: waiting goal
[WARN] [1787329965.529961521] [dclp_go2_policy_ros2]: DCLP stop: waiting goal
[WARN] [1787329967.531035121] [dclp_go2_policy_ros2]: DCLP stop: waiting goal
[WARN] [1787329969.540805845] [dclp_go2_policy_ros2]: DCLP stop: waiting goal
[WARN] [1787329971.550237048] [dclp_go2_policy_ros2]: DCLP stop: waiting goal
[WARN] [1787329973.551023575] [dclp_go2_policy_ros2]: DCLP stop: waiting goal
[WARN] [1787329975.561513278] [dclp_go2_policy_ros2]: DCLP stop: waiting goal
[WARN] [1787329977.571058178] [dclp_go2_policy_ros2]: DCLP stop: waiting goal
[WARN] [1787329979.580011939] [dclp_go2_policy_ros2]: DCLP stop: waiting goal
[WARN] [1787329981.581126211] [dclp_go2_policy_ros2]: DCLP stop: waiting goal
[WARN] [1787329983.590979592] [dclp_go2_policy_ros2]: DCLP stop: waiting goal
[WARN] [1787329985.600485003] [dclp_go2_policy_ros2]: DCLP stop: waiting goal
[WARN] [1787329987.600575879] [dclp_go2_policy_ros2]: DCLP stop: waiting goal
[WARN] [1787329989.600935525] [dclp_go2_policy_ros2]: DCLP stop: waiting goal
[WARN] [1787329991.610805194] [dclp_go2_policy_ros2]: DCLP stop: waiting goal
[WARN] [1787329993.620001163] [dclp_go2_policy_ros2]: DCLP stop: waiting goal
[WARN] [1787329995.629931920] [dclp_go2_policy_ros2]: DCLP stop: waiting goal
[WARN] [1787329997.630168077] [dclp_go2_policy_ros2]: DCLP stop: waiting goal
[WARN] [1787329999.631087629] [dclp_go2_policy_ros2]: DCLP stop: waiting goal
[WARN] [1787330001.640501328] [dclp_go2_policy_ros2]: DCLP stop: waiting goal
[WARN] [1787330003.640584172] [dclp_go2_policy_ros2]: DCLP stop: waiting goal
[WARN] [1787330005.641142027] [dclp_go2_policy_ros2]: DCLP stop: waiting goal
[WARN] [1787330007.650202060] [dclp_go2_policy_ros2]: DCLP stop: waiting goal
[WARN] [1787330009.650326377] [dclp_go2_policy_ros2]: DCLP stop: waiting goal
[WARN] [1787330011.650584934] [dclp_go2_policy_ros2]: DCLP stop: waiting goal
[WARN] [1787330013.660057513] [dclp_go2_policy_ros2]: DCLP stop: waiting goal
[WARN] [1787330015.660148005] [dclp_go2_policy_ros2]: DCLP stop: waiting goal
[WARN] [1787330017.660434787] [dclp_go2_policy_ros2]: DCLP stop: waiting goal
[WARN] [1787330019.670307111] [dclp_go2_policy_ros2]: DCLP stop: waiting goal
[WARN] [1787330021.670544068] [dclp_go2_policy_ros2]: DCLP stop: waiting goal
[WARN] [1787330023.670967970] [dclp_go2_policy_ros2]: DCLP stop: waiting goal
[WARN] [1787330025.671084287] [dclp_go2_policy_ros2]: DCLP stop: waiting goal
[WARN] [1787330027.680226561] [dclp_go2_policy_ros2]: DCLP stop: waiting goal
[WARN] [1787330029.680465950] [dclp_go2_policy_ros2]: DCLP stop: waiting goal
[WARN] [1787330031.690574211] [dclp_go2_policy_ros2]: DCLP stop: waiting goal
[WARN] [1787330033.690800160] [dclp_go2_policy_ros2]: DCLP stop: waiting goal
[WARN] [1787330035.691836129] [dclp_go2_policy_ros2]: DCLP stop: waiting goal
[WARN] [1787330037.700561953] [dclp_go2_policy_ros2]: DCLP stop: waiting goal
[WARN] [1787330039.710684998] [dclp_go2_policy_ros2]: DCLP stop: waiting goal
[WARN] [1787330041.711197156] [dclp_go2_policy_ros2]: DCLP stop: waiting goal
[WARN] [1787330043.720560935] [dclp_go2_policy_ros2]: DCLP stop: waiting goal
[WARN] [1787330045.730180714] [dclp_go2_policy_ros2]: DCLP stop: waiting goal
[WARN] [1787330047.730355879] [dclp_go2_policy_ros2]: DCLP stop: waiting goal
[WARN] [1787330049.730526628] [dclp_go2_policy_ros2]: DCLP stop: waiting goal
[WARN] [1787330051.730325919] [dclp_go2_policy_ros2]: DCLP stop: waiting goal
[WARN] [1787330053.730811550] [dclp_go2_policy_ros2]: DCLP stop: waiting goal
[WARN] [1787330055.741114052] [dclp_go2_policy_ros2]: DCLP stop: waiting goal
[WARN] [1787330057.741344481] [dclp_go2_policy_ros2]: DCLP stop: waiting goal
[WARN] [1787330059.750686339] [dclp_go2_policy_ros2]: DCLP stop: waiting goal
[WARN] [1787330061.760663240] [dclp_go2_policy_ros2]: DCLP stop: waiting goal
[WARN] [1787330063.760570436] [dclp_go2_policy_ros2]: DCLP stop: waiting goal
[WARN] [1787330065.760576832] [dclp_go2_policy_ros2]: DCLP stop: waiting goal
[WARN] [1787330067.771018599] [dclp_go2_policy_ros2]: DCLP stop: waiting goal
[WARN] [1787330069.770843043] [dclp_go2_policy_ros2]: DCLP stop: waiting goal
[WARN] [1787330071.779971492] [dclp_go2_policy_ros2]: DCLP stop: waiting goal
[WARN] [1787330073.780809028] [dclp_go2_policy_ros2]: DCLP stop: waiting goal
[WARN] [1787330075.790798217] [dclp_go2_policy_ros2]: DCLP stop: waiting goal
[WARN] [1787330077.791434600] [dclp_go2_policy_ros2]: DCLP stop: waiting goal
[WARN] [1787330079.800169032] [dclp_go2_policy_ros2]: DCLP stop: waiting goal
[WARN] [1787330081.800948487] [dclp_go2_policy_ros2]: DCLP stop: waiting goal
[WARN] [1787330083.810256649] [dclp_go2_policy_ros2]: DCLP stop: waiting goal
[WARN] [1787330085.820825233] [dclp_go2_policy_ros2]: DCLP stop: waiting goal
[WARN] [1787330087.823148918] [dclp_go2_policy_ros2]: DCLP stop: waiting goal
[WARN] [1787330089.831192179] [dclp_go2_policy_ros2]: DCLP stop: waiting goal
[WARN] [1787330091.840307733] [dclp_go2_policy_ros2]: DCLP stop: waiting goal
[WARN] [1787330093.840365425] [dclp_go2_policy_ros2]: DCLP stop: waiting goal
[WARN] [1787330095.841474578] [dclp_go2_policy_ros2]: DCLP stop: waiting goal
[WARN] [1787330097.851110198] [dclp_go2_policy_ros2]: DCLP stop: waiting goal
[WARN] [1787330099.859924758] [dclp_go2_policy_ros2]: DCLP stop: waiting goal
[WARN] [1787330101.860022962] [dclp_go2_policy_ros2]: DCLP stop: waiting goal
[WARN] [1787330103.860209775] [dclp_go2_policy_ros2]: DCLP stop: waiting goal
[WARN] [1787330105.870247828] [dclp_go2_policy_ros2]: DCLP stop: waiting goal
[WARN] [1787330107.870292369] [dclp_go2_policy_ros2]: DCLP stop: waiting goal
[WARN] [1787330109.880769528] [dclp_go2_policy_ros2]: DCLP stop: waiting goal
[WARN] [1787330111.890318235] [dclp_go2_policy_ros2]: DCLP stop: waiting goal
[WARN] [1787330113.900326272] [dclp_go2_policy_ros2]: DCLP stop: waiting goal
[WARN] [1787330115.901085536] [dclp_go2_policy_ros2]: DCLP stop: waiting goal
[WARN] [1787330117.911437318] [dclp_go2_policy_ros2]: DCLP stop: waiting goal
[WARN] [1787330119.920537543] [dclp_go2_policy_ros2]: DCLP stop: waiting goal
[WARN] [1787330121.920909797] [dclp_go2_policy_ros2]: DCLP stop: waiting goal
[WARN] [1787330123.930639017] [dclp_go2_policy_ros2]: DCLP stop: waiting goal
[WARN] [1787330125.940295757] [dclp_go2_policy_ros2]: DCLP stop: waiting goal
[WARN] [1787330127.941357485] [dclp_go2_policy_ros2]: DCLP stop: waiting goal
[WARN] [1787330129.951106961] [dclp_go2_policy_ros2]: DCLP stop: waiting goal
[WARN] [1787330131.960507252] [dclp_go2_policy_ros2]: DCLP stop: waiting goal
[WARN] [1787330133.960540112] [dclp_go2_policy_ros2]: DCLP stop: waiting goal
[WARN] [1787330135.971385401] [dclp_go2_policy_ros2]: DCLP stop: waiting goal
[WARN] [1787330137.980618843] [dclp_go2_policy_ros2]: DCLP stop: waiting goal
[WARN] [1787330139.990356319] [dclp_go2_policy_ros2]: DCLP stop: waiting goal
[WARN] [1787330141.991086846] [dclp_go2_policy_ros2]: DCLP stop: waiting goal
[WARN] [1787330143.991553308] [dclp_go2_policy_ros2]: DCLP stop: waiting goal
[WARN] [1787330146.000809758] [dclp_go2_policy_ros2]: DCLP stop: waiting goal
[WARN] [1787330148.011178725] [dclp_go2_policy_ros2]: DCLP stop: waiting goal
[WARN] [1787330150.020839976] [dclp_go2_policy_ros2]: DCLP stop: waiting goal
[WARN] [1787330152.029995402] [dclp_go2_policy_ros2]: DCLP stop: waiting goal
[WARN] [1787330154.031474444] [dclp_go2_policy_ros2]: DCLP stop: waiting goal
[WARN] [1787330156.040799247] [dclp_go2_policy_ros2]: DCLP stop: waiting goal
[WARN] [1787330158.040907435] [dclp_go2_policy_ros2]: DCLP stop: waiting goal
[WARN] [1787330160.050222509] [dclp_go2_policy_ros2]: DCLP stop: waiting goal
[WARN] [1787330162.050543371] [dclp_go2_policy_ros2]: DCLP stop: waiting goal
[WARN] [1787330164.050378502] [dclp_go2_policy_ros2]: DCLP stop: waiting goal
[WARN] [1787330166.050927653] [dclp_go2_policy_ros2]: DCLP stop: waiting goal
[WARN] [1787330168.061180651] [dclp_go2_policy_ros2]: DCLP stop: waiting goal
[WARN] [1787330170.070203948] [dclp_go2_policy_ros2]: DCLP stop: waiting goal
[WARN] [1787330172.079889552] [dclp_go2_policy_ros2]: DCLP stop: waiting goal
[WARN] [1787330174.079940108] [dclp_go2_policy_ros2]: DCLP stop: waiting goal
[WARN] [1787330176.080678891] [dclp_go2_policy_ros2]: DCLP stop: waiting goal
[WARN] [1787330178.081145065] [dclp_go2_policy_ros2]: DCLP stop: waiting goal
[WARN] [1787330180.090241355] [dclp_go2_policy_ros2]: DCLP stop: waiting goal
[WARN] [1787330182.091253131] [dclp_go2_policy_ros2]: DCLP stop: waiting goal
[WARN] [1787330184.100366381] [dclp_go2_policy_ros2]: DCLP stop: waiting goal
[WARN] [1787330186.110021744] [dclp_go2_policy_ros2]: DCLP stop: waiting goal
[WARN] [1787330188.110173261] [dclp_go2_policy_ros2]: DCLP stop: waiting goal
[WARN] [1787330190.110370698] [dclp_go2_policy_ros2]: DCLP stop: waiting goal
[WARN] [1787330192.111346090] [dclp_go2_policy_ros2]: DCLP stop: waiting goal
[WARN] [1787330194.120080362] [dclp_go2_policy_ros2]: DCLP stop: waiting goal
[WARN] [1787330196.129916911] [dclp_go2_policy_ros2]: DCLP stop: waiting goal
[WARN] [1787330198.131080175] [dclp_go2_policy_ros2]: DCLP stop: waiting goal
[WARN] [1787330200.140023120] [dclp_go2_policy_ros2]: DCLP stop: waiting goal
[WARN] [1787330202.141340978] [dclp_go2_policy_ros2]: DCLP stop: waiting goal
[WARN] [1787330204.150335507] [dclp_go2_policy_ros2]: DCLP stop: waiting goal
[WARN] [1787330206.151200338] [dclp_go2_policy_ros2]: DCLP stop: waiting goal
[WARN] [1787330208.151360207] [dclp_go2_policy_ros2]: DCLP stop: waiting goal
[WARN] [1787330210.160728338] [dclp_go2_policy_ros2]: DCLP stop: waiting goal
[WARN] [1787330212.162199860] [dclp_go2_policy_ros2]: DCLP stop: waiting goal
[WARN] [1787330214.170818771] [dclp_go2_policy_ros2]: DCLP stop: waiting goal
[WARN] [1787330216.180071541] [dclp_go2_policy_ros2]: DCLP stop: waiting goal
[WARN] [1787330218.190371932] [dclp_go2_policy_ros2]: DCLP stop: waiting goal
[WARN] [1787330220.191142587] [dclp_go2_policy_ros2]: DCLP stop: waiting goal
[WARN] [1787330222.192073755] [dclp_go2_policy_ros2]: DCLP stop: waiting goal
[WARN] [1787330224.200217720] [dclp_go2_policy_ros2]: DCLP stop: waiting goal
[WARN] [1787330226.200245237] [dclp_go2_policy_ros2]: DCLP stop: waiting goal
[WARN] [1787330228.210319098] [dclp_go2_policy_ros2]: DCLP stop: waiting goal
[WARN] [1787330230.219987774] [dclp_go2_policy_ros2]: DCLP stop: waiting goal
[WARN] [1787330232.229921827] [dclp_go2_policy_ros2]: DCLP stop: waiting goal
[WARN] [1787330234.240323529] [dclp_go2_policy_ros2]: DCLP stop: waiting goal
[WARN] [1787330236.242061005] [dclp_go2_policy_ros2]: DCLP stop: waiting goal
[WARN] [1787330238.251219342] [dclp_go2_policy_ros2]: DCLP stop: waiting goal
[WARN] [1787330240.260612497] [dclp_go2_policy_ros2]: DCLP stop: waiting goal
[WARN] [1787330242.270661558] [dclp_go2_policy_ros2]: DCLP stop: waiting goal
[WARN] [1787330244.271370581] [dclp_go2_policy_ros2]: DCLP stop: waiting goal
[WARN] [1787330246.281193434] [dclp_go2_policy_ros2]: DCLP stop: waiting goal
[WARN] [1787330248.290304347] [dclp_go2_policy_ros2]: DCLP stop: waiting goal
[WARN] [1787330250.290825881] [dclp_go2_policy_ros2]: DCLP stop: waiting goal
[WARN] [1787330252.300132988] [dclp_go2_policy_ros2]: DCLP stop: waiting goal
[WARN] [1787330254.300821115] [dclp_go2_policy_ros2]: DCLP stop: waiting goal
[WARN] [1787330256.300543702] [dclp_go2_policy_ros2]: DCLP stop: waiting goal
[WARN] [1787330258.309979096] [dclp_go2_policy_ros2]: DCLP stop: waiting goal
[WARN] [1787330260.310555223] [dclp_go2_policy_ros2]: DCLP stop: waiting goal
[WARN] [1787330262.310764628] [dclp_go2_policy_ros2]: DCLP stop: waiting goal
[WARN] [1787330264.311440915] [dclp_go2_policy_ros2]: DCLP stop: waiting goal
[WARN] [1787330266.319957010] [dclp_go2_policy_ros2]: DCLP stop: waiting goal
[WARN] [1787330268.320129295] [dclp_go2_policy_ros2]: DCLP stop: waiting goal
[WARN] [1787330270.330009075] [dclp_go2_policy_ros2]: DCLP stop: waiting goal
[WARN] [1787330272.331262101] [dclp_go2_policy_ros2]: DCLP stop: waiting goal
[WARN] [1787330274.341411290] [dclp_go2_policy_ros2]: DCLP stop: waiting goal
[WARN] [1787330276.350472252] [dclp_go2_policy_ros2]: DCLP stop: waiting goal
[WARN] [1787330278.351330139] [dclp_go2_policy_ros2]: DCLP stop: waiting goal
[WARN] [1787330280.351007606] [dclp_go2_policy_ros2]: DCLP stop: waiting goal
[WARN] [1787330282.360144504] [dclp_go2_policy_ros2]: DCLP stop: waiting goal
[WARN] [1787330284.369928252] [dclp_go2_policy_ros2]: DCLP stop: waiting goal
[WARN] [1787330286.370083545] [dclp_go2_policy_ros2]: DCLP stop: waiting goal
[WARN] [1787330288.370001685] [dclp_go2_policy_ros2]: DCLP stop: waiting goal
[WARN] [1787330290.370308978] [dclp_go2_policy_ros2]: DCLP stop: waiting goal
[WARN] [1787330292.379900565] [dclp_go2_policy_ros2]: DCLP stop: waiting goal
[WARN] [1787330294.381042710] [dclp_go2_policy_ros2]: DCLP stop: waiting goal
[WARN] [1787330296.390952155] [dclp_go2_policy_ros2]: DCLP stop: waiting goal
[WARN] [1787330298.400215293] [dclp_go2_policy_ros2]: DCLP stop: waiting goal
[WARN] [1787330300.410510819] [dclp_go2_policy_ros2]: DCLP stop: waiting goal
[WARN] [1787330302.420271783] [dclp_go2_policy_ros2]: DCLP stop: waiting goal
[WARN] [1787330304.420985830] [dclp_go2_policy_ros2]: DCLP stop: waiting goal
[WARN] [1787330306.420395968] [dclp_go2_policy_ros2]: DCLP stop: waiting goal
[WARN] [1787330308.430337381] [dclp_go2_policy_ros2]: DCLP stop: waiting goal
[WARN] [1787330310.430957668] [dclp_go2_policy_ros2]: DCLP stop: waiting goal
[WARN] [1787330312.441417707] [dclp_go2_policy_ros2]: DCLP stop: waiting goal
[WARN] [1787330314.450941678] [dclp_go2_policy_ros2]: DCLP stop: waiting goal
[WARN] [1787330316.461425717] [dclp_go2_policy_ros2]: DCLP stop: waiting goal
[WARN] [1787330318.470001428] [dclp_go2_policy_ros2]: DCLP stop: waiting goal
[WARN] [1787330320.470004144] [dclp_go2_policy_ros2]: DCLP stop: waiting goal
[WARN] [1787330322.470740528] [dclp_go2_policy_ros2]: DCLP stop: waiting goal
[WARN] [1787330324.479973042] [dclp_go2_policy_ros2]: DCLP stop: waiting goal
[WARN] [1787330326.480443440] [dclp_go2_policy_ros2]: DCLP stop: waiting goal
[WARN] [1787330328.491091159] [dclp_go2_policy_ros2]: DCLP stop: waiting goal
[WARN] [1787330330.500155513] [dclp_go2_policy_ros2]: DCLP stop: waiting goal
[WARN] [1787330332.500807959] [dclp_go2_policy_ros2]: DCLP stop: waiting goal
[WARN] [1787330334.500750003] [dclp_go2_policy_ros2]: DCLP stop: waiting goal
[WARN] [1787330336.501106225] [dclp_go2_policy_ros2]: DCLP stop: waiting goal
[WARN] [1787330338.510352915] [dclp_go2_policy_ros2]: DCLP stop: waiting goal
[WARN] [1787330340.511142962] [dclp_go2_policy_ros2]: DCLP stop: waiting goal
[WARN] [1787330342.519957491] [dclp_go2_policy_ros2]: DCLP stop: waiting goal
[WARN] [1787330344.519992047] [dclp_go2_policy_ros2]: DCLP stop: waiting goal
[WARN] [1787330346.529987764] [dclp_go2_policy_ros2]: DCLP stop: waiting goal
[WARN] [1787330348.530417778] [dclp_go2_policy_ros2]: DCLP stop: waiting goal
[WARN] [1787330350.530567823] [dclp_go2_policy_ros2]: DCLP stop: waiting goal
[WARN] [1787330352.540880085] [dclp_go2_policy_ros2]: DCLP stop: waiting goal
[WARN] [1787330354.542325143] [dclp_go2_policy_ros2]: DCLP stop: waiting goal
[WARN] [1787330356.550070611] [dclp_go2_policy_ros2]: DCLP stop: waiting goal
[WARN] [1787330358.550200848] [dclp_go2_policy_ros2]: DCLP stop: waiting goal
[WARN] [1787330360.550214572] [dclp_go2_policy_ros2]: DCLP stop: waiting goal
[WARN] [1787330362.551451021] [dclp_go2_policy_ros2]: DCLP stop: waiting goal
[WARN] [1787330364.561045937] [dclp_go2_policy_ros2]: DCLP stop: waiting goal
[WARN] [1787330366.570581172] [dclp_go2_policy_ros2]: DCLP stop: waiting goal
[WARN] [1787330368.570963921] [dclp_go2_policy_ros2]: DCLP stop: waiting goal
[WARN] [1787330370.580664661] [dclp_go2_policy_ros2]: DCLP stop: waiting goal
[WARN] [1787330372.580471089] [dclp_go2_policy_ros2]: DCLP stop: waiting goal
[WARN] [1787330374.590442166] [dclp_go2_policy_ros2]: DCLP stop: waiting goal
[WARN] [1787330376.600174394] [dclp_go2_policy_ros2]: DCLP stop: waiting goal
[WARN] [1787330378.600220374] [dclp_go2_policy_ros2]: DCLP stop: waiting goal
[WARN] [1787330380.601572344] [dclp_go2_policy_ros2]: DCLP stop: waiting goal
[WARN] [1787330382.601063442] [dclp_go2_policy_ros2]: DCLP stop: waiting goal
[WARN] [1787330384.611138935] [dclp_go2_policy_ros2]: DCLP stop: waiting goal
[WARN] [1787330386.621596446] [dclp_go2_policy_ros2]: DCLP stop: waiting goal
[WARN] [1787330388.631131905] [dclp_go2_policy_ros2]: DCLP stop: waiting goal
[WARN] [1787330390.631298078] [dclp_go2_policy_ros2]: DCLP stop: waiting goal
[WARN] [1787330392.640317791] [dclp_go2_policy_ros2]: DCLP stop: waiting goal
[WARN] [1787330394.640414428] [dclp_go2_policy_ros2]: DCLP stop: waiting goal
[WARN] [1787330396.641937598] [dclp_go2_policy_ros2]: DCLP stop: waiting goal
[WARN] [1787330398.651500353] [dclp_go2_policy_ros2]: DCLP stop: waiting goal
[WARN] [1787330400.660023713] [dclp_go2_policy_ros2]: DCLP stop: waiting goal
[WARN] [1787330402.669945861] [dclp_go2_policy_ros2]: DCLP stop: waiting goal
[WARN] [1787330404.671070470] [dclp_go2_policy_ros2]: DCLP stop: waiting goal
[WARN] [1787330406.680648073] [dclp_go2_policy_ros2]: DCLP stop: waiting goal
[WARN] [1787330408.690842255] [dclp_go2_policy_ros2]: DCLP stop: waiting goal
[WARN] [1787330410.691864656] [dclp_go2_policy_ros2]: DCLP stop: waiting goal
[WARN] [1787330412.700294510] [dclp_go2_policy_ros2]: DCLP stop: waiting goal
[WARN] [1787330414.701437519] [dclp_go2_policy_ros2]: DCLP stop: waiting goal
[WARN] [1787330416.711249459] [dclp_go2_policy_ros2]: DCLP stop: waiting goal
[WARN] [1787330418.710570285] [dclp_go2_policy_ros2]: DCLP stop: waiting goal
[WARN] [1787330420.719995856] [dclp_go2_policy_ros2]: DCLP stop: waiting goal
[WARN] [1787330422.719995180] [dclp_go2_policy_ros2]: DCLP stop: waiting goal
[WARN] [1787330424.730524979] [dclp_go2_policy_ros2]: DCLP stop: waiting goal
[WARN] [1787330426.740414488] [dclp_go2_policy_ros2]: DCLP stop: waiting goal
[WARN] [1787330428.741290135] [dclp_go2_policy_ros2]: DCLP stop: waiting goal
[WARN] [1787330430.750208152] [dclp_go2_policy_ros2]: DCLP stop: waiting goal
[WARN] [1787330432.750782583] [dclp_go2_policy_ros2]: DCLP stop: waiting goal
[WARN] [1787330434.761136381] [dclp_go2_policy_ros2]: DCLP stop: waiting goal
[WARN] [1787330436.770091326] [dclp_go2_policy_ros2]: DCLP stop: waiting goal
[WARN] [1787330438.781353864] [dclp_go2_policy_ros2]: DCLP stop: waiting goal
[WARN] [1787330440.791371373] [dclp_go2_policy_ros2]: DCLP stop: waiting goal
[WARN] [1787330442.800255022] [dclp_go2_policy_ros2]: DCLP stop: waiting goal
[WARN] [1787330444.801091213] [dclp_go2_policy_ros2]: DCLP stop: waiting goal
[WARN] [1787330446.801217194] [dclp_go2_policy_ros2]: DCLP stop: waiting goal
[WARN] [1787330448.810802958] [dclp_go2_policy_ros2]: DCLP stop: waiting goal
[WARN] [1787330450.812052527] [dclp_go2_policy_ros2]: DCLP stop: waiting goal
[WARN] [1787330452.819985803] [dclp_go2_policy_ros2]: DCLP stop: waiting goal
[WARN] [1787330454.820367145] [dclp_go2_policy_ros2]: DCLP stop: waiting goal
[WARN] [1787330456.820901319] [dclp_go2_policy_ros2]: DCLP stop: waiting goal
[WARN] [1787330458.829957801] [dclp_go2_policy_ros2]: DCLP stop: waiting goal
[WARN] [1787330460.831004233] [dclp_go2_policy_ros2]: DCLP stop: waiting goal
[WARN] [1787330462.840274123] [dclp_go2_policy_ros2]: DCLP stop: waiting goal
[WARN] [1787330464.849997167] [dclp_go2_policy_ros2]: DCLP stop: waiting goal
[WARN] [1787330466.850733870] [dclp_go2_policy_ros2]: DCLP stop: waiting goal
[WARN] [1787330468.862349370] [dclp_go2_policy_ros2]: DCLP stop: waiting goal
[WARN] [1787330470.870264407] [dclp_go2_policy_ros2]: DCLP stop: waiting goal
[WARN] [1787330472.870215475] [dclp_go2_policy_ros2]: DCLP stop: waiting goal
[WARN] [1787330474.880019095] [dclp_go2_policy_ros2]: DCLP stop: waiting goal
[WARN] [1787330476.881464825] [dclp_go2_policy_ros2]: DCLP stop: waiting goal
[WARN] [1787330478.880812530] [dclp_go2_policy_ros2]: DCLP stop: waiting goal
[WARN] [1787330480.890698743] [dclp_go2_policy_ros2]: DCLP stop: waiting goal
[WARN] [1787330482.900328827] [dclp_go2_policy_ros2]: DCLP stop: waiting goal
[WARN] [1787330484.910020926] [dclp_go2_policy_ros2]: DCLP stop: waiting goal
[WARN] [1787330486.920025124] [dclp_go2_policy_ros2]: DCLP stop: waiting goal
[WARN] [1787330488.920513922] [dclp_go2_policy_ros2]: DCLP stop: waiting goal
[WARN] [1787330490.930047045] [dclp_go2_policy_ros2]: DCLP stop: waiting goal
[WARN] [1787330492.940478700] [dclp_go2_policy_ros2]: DCLP stop: waiting goal
[WARN] [1787330494.950276816] [dclp_go2_policy_ros2]: DCLP stop: waiting goal
[WARN] [1787330496.951150320] [dclp_go2_policy_ros2]: DCLP stop: waiting goal
[WARN] [1787330498.960009936] [dclp_go2_policy_ros2]: DCLP stop: waiting goal
[WARN] [1787330500.960227021] [dclp_go2_policy_ros2]: DCLP stop: waiting goal
[WARN] [1787330502.961269166] [dclp_go2_policy_ros2]: DCLP stop: waiting goal
[WARN] [1787330504.970027630] [dclp_go2_policy_ros2]: DCLP stop: waiting goal
[WARN] [1787330506.970122442] [dclp_go2_policy_ros2]: DCLP stop: waiting goal
[WARN] [1787330508.979983887] [dclp_go2_policy_ros2]: DCLP stop: waiting goal
[WARN] [1787330510.981133552] [dclp_go2_policy_ros2]: DCLP stop: waiting goal
[WARN] [1787330512.990330513] [dclp_go2_policy_ros2]: DCLP stop: waiting goal
[WARN] [1787330515.000237142] [dclp_go2_policy_ros2]: DCLP stop: waiting goal
[WARN] [1787330517.001562072] [dclp_go2_policy_ros2]: DCLP stop: waiting goal
[WARN] [1787330519.011178139] [dclp_go2_policy_ros2]: DCLP stop: waiting goal
[WARN] [1787330521.020826495] [dclp_go2_policy_ros2]: DCLP stop: waiting goal
[WARN] [1787330523.030012481] [dclp_go2_policy_ros2]: DCLP stop: waiting goal
[WARN] [1787330525.040130086] [dclp_go2_policy_ros2]: DCLP stop: waiting goal
[WARN] [1787330527.041621225] [dclp_go2_policy_ros2]: DCLP stop: waiting goal
[WARN] [1787330529.050163976] [dclp_go2_policy_ros2]: DCLP stop: waiting goal
[WARN] [1787330531.051698474] [dclp_go2_policy_ros2]: DCLP stop: waiting goal
[WARN] [1787330533.061284557] [dclp_go2_policy_ros2]: DCLP stop: waiting goal
[WARN] [1787330535.069948333] [dclp_go2_policy_ros2]: DCLP stop: waiting goal
[WARN] [1787330537.070008714] [dclp_go2_policy_ros2]: DCLP stop: waiting goal
[WARN] [1787330539.070505032] [dclp_go2_policy_ros2]: DCLP stop: waiting goal
[WARN] [1787330541.080047659] [dclp_go2_policy_ros2]: DCLP stop: waiting goal
[WARN] [1787330543.090242161] [dclp_go2_policy_ros2]: DCLP stop: waiting goal
[WARN] [1787330545.091980436] [dclp_go2_policy_ros2]: DCLP stop: waiting goal
[WARN] [1787330547.092595667] [dclp_go2_policy_ros2]: DCLP stop: waiting goal
[WARN] [1787330549.101166066] [dclp_go2_policy_ros2]: DCLP stop: waiting goal
[WARN] [1787330551.110138355] [dclp_go2_policy_ros2]: DCLP stop: waiting goal
[WARN] [1787330553.111464180] [dclp_go2_policy_ros2]: DCLP stop: waiting goal
[WARN] [1787330555.111659025] [dclp_go2_policy_ros2]: DCLP stop: waiting goal
[WARN] [1787330557.121058804] [dclp_go2_policy_ros2]: DCLP stop: waiting goal
[WARN] [1787330559.129917780] [dclp_go2_policy_ros2]: DCLP stop: waiting goal
[WARN] [1787330561.130009009] [dclp_go2_policy_ros2]: DCLP stop: waiting goal
[WARN] [1787330563.130413647] [dclp_go2_policy_ros2]: DCLP stop: waiting goal
[WARN] [1787330565.131173518] [dclp_go2_policy_ros2]: DCLP stop: waiting goal
[WARN] [1787330567.140373104] [dclp_go2_policy_ros2]: DCLP stop: waiting goal
[WARN] [1787330569.150233748] [dclp_go2_policy_ros2]: DCLP stop: waiting goal
[WARN] [1787330571.159992729] [dclp_go2_policy_ros2]: DCLP stop: waiting goal
[WARN] [1787330573.160039861] [dclp_go2_policy_ros2]: DCLP stop: waiting goal
[WARN] [1787330575.160448787] [dclp_go2_policy_ros2]: DCLP stop: waiting goal
[WARN] [1787330577.161397427] [dclp_go2_policy_ros2]: DCLP stop: waiting goal
[WARN] [1787330579.169990066] [dclp_go2_policy_ros2]: DCLP stop: waiting goal
[WARN] [1787330581.170113359] [dclp_go2_policy_ros2]: DCLP stop: waiting goal
[WARN] [1787330583.170888782] [dclp_go2_policy_ros2]: DCLP stop: waiting goal
[WARN] [1787330585.180811123] [dclp_go2_policy_ros2]: DCLP stop: waiting goal
[WARN] [1787330587.190366518] [dclp_go2_policy_ros2]: DCLP stop: waiting goal
[WARN] [1787330589.190792212] [dclp_go2_policy_ros2]: DCLP stop: waiting goal
[WARN] [1787330591.191046705] [dclp_go2_policy_ros2]: DCLP stop: waiting goal
[WARN] [1787330593.200637909] [dclp_go2_policy_ros2]: DCLP stop: waiting goal
[WARN] [1787330595.201680821] [dclp_go2_policy_ros2]: DCLP stop: waiting goal
[WARN] [1787330597.210242324] [dclp_go2_policy_ros2]: DCLP stop: waiting goal
[WARN] [1787330599.210210512] [dclp_go2_policy_ros2]: DCLP stop: waiting goal
[WARN] [1787330601.211027056] [dclp_go2_policy_ros2]: DCLP stop: waiting goal
[WARN] [1787330603.212598386] [dclp_go2_policy_ros2]: DCLP stop: waiting goal
[WARN] [1787330605.219948973] [dclp_go2_policy_ros2]: DCLP stop: waiting goal
[WARN] [1787330607.220074569] [dclp_go2_policy_ros2]: DCLP stop: waiting goal
[WARN] [1787330609.229897966] [dclp_go2_policy_ros2]: DCLP stop: waiting goal
[WARN] [1787330611.230823662] [dclp_go2_policy_ros2]: DCLP stop: waiting goal
[WARN] [1787330613.230861610] [dclp_go2_policy_ros2]: DCLP stop: waiting goal
[WARN] [1787330615.240900143] [dclp_go2_policy_ros2]: DCLP stop: waiting goal
[WARN] [1787330617.250618003] [dclp_go2_policy_ros2]: DCLP stop: waiting goal
[WARN] [1787330619.250595407] [dclp_go2_policy_ros2]: DCLP stop: waiting goal
[WARN] [1787330621.260123346] [dclp_go2_policy_ros2]: DCLP stop: waiting goal
[WARN] [1787330623.260322479] [dclp_go2_policy_ros2]: DCLP stop: waiting goal
[WARN] [1787330625.261021518] [dclp_go2_policy_ros2]: DCLP stop: waiting goal
[WARN] [1787330627.270510833] [dclp_go2_policy_ros2]: DCLP stop: waiting goal
[WARN] [1787330629.279937396] [dclp_go2_policy_ros2]: DCLP stop: waiting goal
[WARN] [1787330631.280153489] [dclp_go2_policy_ros2]: DCLP stop: waiting goal
[WARN] [1787330633.280205837] [dclp_go2_policy_ros2]: DCLP stop: waiting goal
[WARN] [1787330635.290269555] [dclp_go2_policy_ros2]: DCLP stop: waiting goal
[WARN] [1787330637.300240312] [dclp_go2_policy_ros2]: DCLP stop: waiting goal
[WARN] [1787330639.310190781] [dclp_go2_policy_ros2]: DCLP stop: waiting goal
[WARN] [1787330641.310609659] [dclp_go2_policy_ros2]: DCLP stop: waiting goal
[WARN] [1787330643.310985144] [dclp_go2_policy_ros2]: DCLP stop: waiting goal
[WARN] [1787330645.319988537] [dclp_go2_policy_ros2]: DCLP stop: waiting goal
[WARN] [1787330647.321259323] [dclp_go2_policy_ros2]: DCLP stop: waiting goal
[WARN] [1787330649.330638365] [dclp_go2_policy_ros2]: DCLP stop: waiting goal
[WARN] [1787330651.340422753] [dclp_go2_policy_ros2]: DCLP stop: waiting goal
[WARN] [1787330653.341071200] [dclp_go2_policy_ros2]: DCLP stop: waiting goal
[WARN] [1787330655.350256674] [dclp_go2_policy_ros2]: DCLP stop: waiting goal
[WARN] [1787330657.351579524] [dclp_go2_policy_ros2]: DCLP stop: waiting goal
[WARN] [1787330659.360247395] [dclp_go2_policy_ros2]: DCLP stop: waiting goal
[WARN] [1787330661.362047111] [dclp_go2_policy_ros2]: DCLP stop: waiting goal
[WARN] [1787330663.370190724] [dclp_go2_policy_ros2]: DCLP stop: waiting goal
[WARN] [1787330665.379951624] [dclp_go2_policy_ros2]: DCLP stop: waiting goal
[WARN] [1787330667.380578503] [dclp_go2_policy_ros2]: DCLP stop: waiting goal
[WARN] [1787330669.381205926] [dclp_go2_policy_ros2]: DCLP stop: waiting goal
[WARN] [1787330671.380602463] [dclp_go2_policy_ros2]: DCLP stop: waiting goal
[WARN] [1787330673.390873318] [dclp_go2_policy_ros2]: DCLP stop: waiting goal
[WARN] [1787330675.390723137] [dclp_go2_policy_ros2]: DCLP stop: waiting goal
[WARN] [1787330677.390743997] [dclp_go2_policy_ros2]: DCLP stop: waiting goal
[WARN] [1787330679.400151040] [dclp_go2_policy_ros2]: DCLP stop: waiting goal
[WARN] [1787330681.400563422] [dclp_go2_policy_ros2]: DCLP stop: waiting goal
[WARN] [1787330683.409992577] [dclp_go2_policy_ros2]: DCLP stop: waiting goal
[WARN] [1787330685.410046173] [dclp_go2_policy_ros2]: DCLP stop: waiting goal
[WARN] [1787330687.411605504] [dclp_go2_policy_ros2]: DCLP stop: waiting goal
[WARN] [1787330689.419937598] [dclp_go2_policy_ros2]: DCLP stop: waiting goal
[WARN] [1787330691.419984122] [dclp_go2_policy_ros2]: DCLP stop: waiting goal
[WARN] [1787330693.421232443] [dclp_go2_policy_ros2]: DCLP stop: waiting goal
[WARN] [1787330695.429962139] [dclp_go2_policy_ros2]: DCLP stop: waiting goal
[WARN] [1787330697.430622746] [dclp_go2_policy_ros2]: DCLP stop: waiting goal
[WARN] [1787330699.430901111] [dclp_go2_policy_ros2]: DCLP stop: waiting goal
[WARN] [1787330701.441533311] [dclp_go2_policy_ros2]: DCLP stop: waiting goal
[WARN] [1787330703.450873474] [dclp_go2_policy_ros2]: DCLP stop: waiting goal
[WARN] [1787330705.460635878] [dclp_go2_policy_ros2]: DCLP stop: waiting goal
[WARN] [1787330707.460515649] [dclp_go2_policy_ros2]: DCLP stop: waiting goal
[WARN] [1787330709.470676423] [dclp_go2_policy_ros2]: DCLP stop: waiting goal
[WARN] [1787330711.481426511] [dclp_go2_policy_ros2]: DCLP stop: waiting goal
[WARN] [1787330713.491114067] [dclp_go2_policy_ros2]: DCLP stop: waiting goal
[WARN] [1787330715.500165044] [dclp_go2_policy_ros2]: DCLP stop: waiting goal
[WARN] [1787330717.510500347] [dclp_go2_policy_ros2]: DCLP stop: waiting goal
[WARN] [1787330719.511254650] [dclp_go2_policy_ros2]: DCLP stop: waiting goal
[WARN] [1787330721.519921626] [dclp_go2_policy_ros2]: DCLP stop: waiting goal
[WARN] [1787330723.520908314] [dclp_go2_policy_ros2]: DCLP stop: waiting goal
[WARN] [1787330725.530057691] [dclp_go2_policy_ros2]: DCLP stop: waiting goal
[WARN] [1787330727.530587546] [dclp_go2_policy_ros2]: DCLP stop: waiting goal
[WARN] [1787330729.531176920] [dclp_go2_policy_ros2]: DCLP stop: waiting goal
[WARN] [1787330731.540761884] [dclp_go2_policy_ros2]: DCLP stop: waiting goal
[WARN] [1787330733.541335834] [dclp_go2_policy_ros2]: DCLP stop: waiting goal
[WARN] [1787330735.550110650] [dclp_go2_policy_ros2]: DCLP stop: waiting goal
[WARN] [1787330737.550291703] [dclp_go2_policy_ros2]: DCLP stop: waiting goal
[WARN] [1787330739.561196736] [dclp_go2_policy_ros2]: DCLP stop: waiting goal
[WARN] [1787330741.561176220] [dclp_go2_policy_ros2]: DCLP stop: waiting goal
[WARN] [1787330743.570903936] [dclp_go2_policy_ros2]: DCLP stop: waiting goal
[WARN] [1787330745.581274119] [dclp_go2_policy_ros2]: DCLP stop: waiting goal
[WARN] [1787330747.590846666] [dclp_go2_policy_ros2]: DCLP stop: waiting goal
[WARN] [1787330749.601535346] [dclp_go2_policy_ros2]: DCLP stop: waiting goal
[WARN] [1787330751.610998709] [dclp_go2_policy_ros2]: DCLP stop: waiting goal
[WARN] [1787330753.621031194] [dclp_go2_policy_ros2]: DCLP stop: waiting goal
[WARN] [1787330755.631925379] [dclp_go2_policy_ros2]: DCLP stop: waiting goal
[WARN] [1787330757.640639043] [dclp_go2_policy_ros2]: DCLP stop: waiting goal
[WARN] [1787330759.641413602] [dclp_go2_policy_ros2]: DCLP stop: waiting goal
[WARN] [1787330761.641608831] [dclp_go2_policy_ros2]: DCLP stop: waiting goal
[WARN] [1787330763.650418431] [dclp_go2_policy_ros2]: DCLP stop: waiting goal
[WARN] [1787330765.660156867] [dclp_go2_policy_ros2]: DCLP stop: waiting goal
[WARN] [1787330767.670214185] [dclp_go2_policy_ros2]: DCLP stop: waiting goal
[WARN] [1787330769.680324174] [dclp_go2_policy_ros2]: DCLP stop: waiting goal
[WARN] [1787330771.690297043] [dclp_go2_policy_ros2]: DCLP stop: waiting goal
[WARN] [1787330773.693420540] [dclp_go2_policy_ros2]: DCLP stop: waiting goal
[WARN] [1787330775.700057107] [dclp_go2_policy_ros2]: DCLP stop: waiting goal
[WARN] [1787330777.701329941] [dclp_go2_policy_ros2]: DCLP stop: waiting goal
[WARN] [1787330779.711236089] [dclp_go2_policy_ros2]: DCLP stop: waiting goal
[WARN] [1787330781.719911001] [dclp_go2_policy_ros2]: DCLP stop: waiting goal
[WARN] [1787330783.721253051] [dclp_go2_policy_ros2]: DCLP stop: waiting goal
[WARN] [1787330785.729946810] [dclp_go2_policy_ros2]: DCLP stop: waiting goal
[WARN] [1787330787.740817123] [dclp_go2_policy_ros2]: DCLP stop: waiting goal
[WARN] [1787330789.740833247] [dclp_go2_policy_ros2]: DCLP stop: waiting goal
[WARN] [1787330791.750466435] [dclp_go2_policy_ros2]: DCLP stop: waiting goal
[WARN] [1787330793.760939466] [dclp_go2_policy_ros2]: DCLP stop: waiting goal
[WARN] [1787330795.769998763] [dclp_go2_policy_ros2]: DCLP stop: waiting goal
[WARN] [1787330797.770444553] [dclp_go2_policy_ros2]: DCLP stop: waiting goal
[WARN] [1787330799.780101773] [dclp_go2_policy_ros2]: DCLP stop: waiting goal
[WARN] [1787330801.790932373] [dclp_go2_policy_ros2]: DCLP stop: waiting goal
[WARN] [1787330803.791395475] [dclp_go2_policy_ros2]: DCLP stop: waiting goal
[WARN] [1787330805.800424981] [dclp_go2_policy_ros2]: DCLP stop: waiting goal
[WARN] [1787330807.800828882] [dclp_go2_policy_ros2]: DCLP stop: waiting goal
[WARN] [1787330809.809954036] [dclp_go2_policy_ros2]: DCLP stop: waiting goal
[WARN] [1787330811.810023280] [dclp_go2_policy_ros2]: DCLP stop: waiting goal
[WARN] [1787330813.819910261] [dclp_go2_policy_ros2]: DCLP stop: waiting goal
[WARN] [1787330815.819931729] [dclp_go2_policy_ros2]: DCLP stop: waiting goal
[WARN] [1787330817.819956557] [dclp_go2_policy_ros2]: DCLP stop: waiting goal
[WARN] [1787330819.829898549] [dclp_go2_policy_ros2]: DCLP stop: waiting goal
[WARN] [1787330821.830904889] [dclp_go2_policy_ros2]: DCLP stop: waiting goal
[WARN] [1787330823.831056984] [dclp_go2_policy_ros2]: DCLP stop: waiting goal
[WARN] [1787330825.840250281] [dclp_go2_policy_ros2]: DCLP stop: waiting goal
[WARN] [1787330827.841671347] [dclp_go2_policy_ros2]: DCLP stop: waiting goal
[WARN] [1787330829.850201851] [dclp_go2_policy_ros2]: DCLP stop: waiting goal
[WARN] [1787330831.851150820] [dclp_go2_policy_ros2]: DCLP stop: waiting goal
[WARN] [1787330833.860035508] [dclp_go2_policy_ros2]: DCLP stop: waiting goal
[WARN] [1787330835.860384578] [dclp_go2_policy_ros2]: DCLP stop: waiting goal
[WARN] [1787330837.860285442] [dclp_go2_policy_ros2]: DCLP stop: waiting goal
[WARN] [1787330839.869897644] [dclp_go2_policy_ros2]: DCLP stop: waiting goal
[WARN] [1787330841.870205114] [dclp_go2_policy_ros2]: DCLP stop: waiting goal
[WARN] [1787330843.870233878] [dclp_go2_policy_ros2]: DCLP stop: waiting goal
[WARN] [1787330845.871063849] [dclp_go2_policy_ros2]: DCLP stop: waiting goal
[WARN] [1787330847.880542736] [dclp_go2_policy_ros2]: DCLP stop: waiting goal
[WARN] [1787330849.880803050] [dclp_go2_policy_ros2]: DCLP stop: waiting goal
[WARN] [1787330851.890650482] [dclp_go2_policy_ros2]: DCLP stop: waiting goal
[WARN] [1787330853.900285529] [dclp_go2_policy_ros2]: DCLP stop: waiting goal
[WARN] [1787330855.900462719] [dclp_go2_policy_ros2]: DCLP stop: waiting goal
[WARN] [1787330857.901359835] [dclp_go2_policy_ros2]: DCLP stop: waiting goal
[WARN] [1787330859.911751348] [dclp_go2_policy_ros2]: DCLP stop: waiting goal
[WARN] [1787330861.911147081] [dclp_go2_policy_ros2]: DCLP stop: waiting goal
[WARN] [1787330863.919967338] [dclp_go2_policy_ros2]: DCLP stop: waiting goal
[WARN] [1787330865.920864442] [dclp_go2_policy_ros2]: DCLP stop: waiting goal
[WARN] [1787330867.921613880] [dclp_go2_policy_ros2]: DCLP stop: waiting goal
[WARN] [1787330869.931497680] [dclp_go2_policy_ros2]: DCLP stop: waiting goal
[WARN] [1787330871.940582268] [dclp_go2_policy_ros2]: DCLP stop: waiting goal
[WARN] [1787330873.950355062] [dclp_go2_policy_ros2]: DCLP stop: waiting goal
[WARN] [1787330875.950282088] [dclp_go2_policy_ros2]: DCLP stop: waiting goal
[WARN] [1787330877.951105891] [dclp_go2_policy_ros2]: DCLP stop: waiting goal
[WARN] [1787330879.950797202] [dclp_go2_policy_ros2]: DCLP stop: waiting goal
[WARN] [1787330881.958371799] [dclp_go2_policy_ros2]: DCLP stop: waiting goal
[WARN] [1787330883.960225288] [dclp_go2_policy_ros2]: DCLP stop: waiting goal
[WARN] [1787330885.960814979] [dclp_go2_policy_ros2]: DCLP stop: waiting goal
[WARN] [1787330887.969960459] [dclp_go2_policy_ros2]: DCLP stop: waiting goal
[WARN] [1787330889.970256596] [dclp_go2_policy_ros2]: DCLP stop: waiting goal
[WARN] [1787330891.970294606] [dclp_go2_policy_ros2]: DCLP stop: waiting goal
[WARN] [1787330893.980116572] [dclp_go2_policy_ros2]: DCLP stop: waiting goal
[WARN] [1787330895.980262070] [dclp_go2_policy_ros2]: DCLP stop: waiting goal
[WARN] [1787330897.980714593] [dclp_go2_policy_ros2]: DCLP stop: waiting goal
[WARN] [1787330899.990451454] [dclp_go2_policy_ros2]: DCLP stop: waiting goal
[WARN] [1787330901.991380580] [dclp_go2_policy_ros2]: DCLP stop: waiting goal
[WARN] [1787330904.000452913] [dclp_go2_policy_ros2]: DCLP stop: waiting goal
[WARN] [1787330906.000731355] [dclp_go2_policy_ros2]: DCLP stop: waiting goal
[WARN] [1787330908.010697316] [dclp_go2_policy_ros2]: DCLP stop: waiting goal
[WARN] [1787330910.010660022] [dclp_go2_policy_ros2]: DCLP stop: waiting goal
[WARN] [1787330912.020274541] [dclp_go2_policy_ros2]: DCLP stop: waiting goal
[WARN] [1787330914.030354951] [dclp_go2_policy_ros2]: DCLP stop: waiting goal
[WARN] [1787330916.031033208] [dclp_go2_policy_ros2]: DCLP stop: waiting goal
[WARN] [1787330918.040731859] [dclp_go2_policy_ros2]: DCLP stop: waiting goal
[WARN] [1787330920.050610514] [dclp_go2_policy_ros2]: DCLP stop: waiting goal
[WARN] [1787330922.051100453] [dclp_go2_policy_ros2]: DCLP stop: waiting goal
[WARN] [1787330924.060514316] [dclp_go2_policy_ros2]: DCLP stop: waiting goal
[WARN] [1787330926.071118254] [dclp_go2_policy_ros2]: DCLP stop: waiting goal
[WARN] [1787330928.080740329] [dclp_go2_policy_ros2]: DCLP stop: waiting goal
[WARN] [1787330930.090418406] [dclp_go2_policy_ros2]: DCLP stop: waiting goal
[WARN] [1787330932.090347073] [dclp_go2_policy_ros2]: DCLP stop: waiting goal
[WARN] [1787330934.091611564] [dclp_go2_policy_ros2]: DCLP stop: waiting goal
[WARN] [1787330936.100201533] [dclp_go2_policy_ros2]: DCLP stop: waiting goal
[WARN] [1787330938.101547594] [dclp_go2_policy_ros2]: DCLP stop: waiting goal
[WARN] [1787330940.111221755] [dclp_go2_policy_ros2]: DCLP stop: waiting goal
[WARN] [1787330942.120141958] [dclp_go2_policy_ros2]: DCLP stop: waiting goal
[WARN] [1787330944.121361359] [dclp_go2_policy_ros2]: DCLP stop: waiting goal
[WARN] [1787330946.130357886] [dclp_go2_policy_ros2]: DCLP stop: waiting goal
[WARN] [1787330948.140327974] [dclp_go2_policy_ros2]: DCLP stop: waiting goal
[WARN] [1787330950.140331300] [dclp_go2_policy_ros2]: DCLP stop: waiting goal
[WARN] [1787330952.141519593] [dclp_go2_policy_ros2]: DCLP stop: waiting goal
[WARN] [1787330954.150128629] [dclp_go2_policy_ros2]: DCLP stop: waiting goal
[WARN] [1787330956.150855610] [dclp_go2_policy_ros2]: DCLP stop: waiting goal
[WARN] [1787330958.151429193] [dclp_go2_policy_ros2]: DCLP stop: waiting goal
[WARN] [1787330960.161273604] [dclp_go2_policy_ros2]: DCLP stop: waiting goal
[WARN] [1787330962.170966457] [dclp_go2_policy_ros2]: DCLP stop: waiting goal
[WARN] [1787330964.180077061] [dclp_go2_policy_ros2]: DCLP stop: waiting goal
[WARN] [1787330966.190910902] [dclp_go2_policy_ros2]: DCLP stop: waiting goal
[WARN] [1787330968.201300323] [dclp_go2_policy_ros2]: DCLP stop: waiting goal
[WARN] [1787330970.211145003] [dclp_go2_policy_ros2]: DCLP stop: waiting goal
[WARN] [1787330972.220864122] [dclp_go2_policy_ros2]: DCLP stop: waiting goal
[WARN] [1787330974.231091460] [dclp_go2_policy_ros2]: DCLP stop: waiting goal
[WARN] [1787330976.231249761] [dclp_go2_policy_ros2]: DCLP stop: waiting goal
[WARN] [1787330978.240886436] [dclp_go2_policy_ros2]: DCLP stop: waiting goal
[WARN] [1787330980.241603203] [dclp_go2_policy_ros2]: DCLP stop: waiting goal
[WARN] [1787330982.250321553] [dclp_go2_policy_ros2]: DCLP stop: waiting goal
[WARN] [1787330984.250364265] [dclp_go2_policy_ros2]: DCLP stop: waiting goal
[WARN] [1787330986.260057953] [dclp_go2_policy_ros2]: DCLP stop: waiting goal
[WARN] [1787330988.260301031] [dclp_go2_policy_ros2]: DCLP stop: waiting goal
[WARN] [1787330990.260910424] [dclp_go2_policy_ros2]: DCLP stop: waiting goal
[WARN] [1787330992.269920306] [dclp_go2_policy_ros2]: DCLP stop: waiting goal
[WARN] [1787330994.271019221] [dclp_go2_policy_ros2]: DCLP stop: waiting goal
[WARN] [1787330996.280234011] [dclp_go2_policy_ros2]: DCLP stop: waiting goal
[WARN] [1787330998.280635962] [dclp_go2_policy_ros2]: DCLP stop: waiting goal
[WARN] [1787331000.280837748] [dclp_go2_policy_ros2]: DCLP stop: waiting goal
[WARN] [1787331002.290485826] [dclp_go2_policy_ros2]: DCLP stop: waiting goal
[WARN] [1787331004.290632829] [dclp_go2_policy_ros2]: DCLP stop: waiting goal
[WARN] [1787331006.300310762] [dclp_go2_policy_ros2]: DCLP stop: waiting goal
[WARN] [1787331008.300459831] [dclp_go2_policy_ros2]: DCLP stop: waiting goal
[WARN] [1787331010.301140475] [dclp_go2_policy_ros2]: DCLP stop: waiting goal
[WARN] [1787331012.300654934] [dclp_go2_policy_ros2]: DCLP stop: waiting goal
[WARN] [1787331014.310787617] [dclp_go2_policy_ros2]: DCLP stop: waiting goal
[WARN] [1787331016.310849913] [dclp_go2_policy_ros2]: DCLP stop: waiting goal
[WARN] [1787331018.320409283] [dclp_go2_policy_ros2]: DCLP stop: waiting goal
[WARN] [1787331020.321485349] [dclp_go2_policy_ros2]: DCLP stop: waiting goal
[WARN] [1787331022.321626915] [dclp_go2_policy_ros2]: DCLP stop: waiting goal
[WARN] [1787331024.330597654] [dclp_go2_policy_ros2]: DCLP stop: waiting goal
[WARN] [1787331026.340197631] [dclp_go2_policy_ros2]: DCLP stop: waiting goal
[WARN] [1787331028.340281238] [dclp_go2_policy_ros2]: DCLP stop: waiting goal
[WARN] [1787331030.341432957] [dclp_go2_policy_ros2]: DCLP stop: waiting goal
[WARN] [1787331032.358334971] [dclp_go2_policy_ros2]: DCLP stop: waiting goal
[WARN] [1787331034.360207982] [dclp_go2_policy_ros2]: DCLP stop: waiting goal
[WARN] [1787331036.361300937] [dclp_go2_policy_ros2]: DCLP stop: waiting goal
[WARN] [1787331038.370389535] [dclp_go2_policy_ros2]: DCLP stop: waiting goal
[WARN] [1787331040.381122939] [dclp_go2_policy_ros2]: DCLP stop: waiting goal
[WARN] [1787331042.381242203] [dclp_go2_policy_ros2]: DCLP stop: waiting goal
[WARN] [1787331044.390308173] [dclp_go2_policy_ros2]: DCLP stop: waiting goal
[WARN] [1787331046.390595236] [dclp_go2_policy_ros2]: DCLP stop: waiting goal
[WARN] [1787331048.400452632] [dclp_go2_policy_ros2]: DCLP stop: waiting goal
[WARN] [1787331050.400835120] [dclp_go2_policy_ros2]: DCLP stop: waiting goal
[WARN] [1787331052.410618486] [dclp_go2_policy_ros2]: DCLP stop: waiting goal
[WARN] [1787331054.420106382] [dclp_go2_policy_ros2]: DCLP stop: waiting goal
[WARN] [1787331056.430081601] [dclp_go2_policy_ros2]: DCLP stop: waiting goal
[WARN] [1787331058.431328071] [dclp_go2_policy_ros2]: DCLP stop: waiting goal
[WARN] [1787331060.441090666] [dclp_go2_policy_ros2]: DCLP stop: waiting goal
[WARN] [1787331062.450745302] [dclp_go2_policy_ros2]: DCLP stop: waiting goal
[WARN] [1787331064.461068399] [dclp_go2_policy_ros2]: DCLP stop: waiting goal
[WARN] [1787331066.470391526] [dclp_go2_policy_ros2]: DCLP stop: waiting goal
[WARN] [1787331068.480109657] [dclp_go2_policy_ros2]: DCLP stop: waiting goal
[WARN] [1787331070.480492331] [dclp_go2_policy_ros2]: DCLP stop: waiting goal
[WARN] [1787331072.480426248] [dclp_go2_policy_ros2]: DCLP stop: waiting goal
[WARN] [1787331074.491639530] [dclp_go2_policy_ros2]: DCLP stop: waiting goal
[WARN] [1787331076.500706983] [dclp_go2_policy_ros2]: DCLP stop: waiting goal
[WARN] [1787331078.510202091] [dclp_go2_policy_ros2]: DCLP stop: waiting goal
[WARN] [1787331080.520755454] [dclp_go2_policy_ros2]: DCLP stop: waiting goal
[WARN] [1787331082.520309945] [dclp_go2_policy_ros2]: DCLP stop: waiting goal
[WARN] [1787331084.531119752] [dclp_go2_policy_ros2]: DCLP stop: waiting goal
[WARN] [1787331086.540402070] [dclp_go2_policy_ros2]: DCLP stop: waiting goal
[WARN] [1787331088.541043358] [dclp_go2_policy_ros2]: DCLP stop: waiting goal
[WARN] [1787331090.541279281] [dclp_go2_policy_ros2]: DCLP stop: waiting goal
[WARN] [1787331092.540793486] [dclp_go2_policy_ros2]: DCLP stop: waiting goal
[WARN] [1787331094.541388255] [dclp_go2_policy_ros2]: DCLP stop: waiting goal
[WARN] [1787331096.551260036] [dclp_go2_policy_ros2]: DCLP stop: waiting goal
[WARN] [1787331098.561587601] [dclp_go2_policy_ros2]: DCLP stop: waiting goal
[WARN] [1787331100.570799607] [dclp_go2_policy_ros2]: DCLP stop: waiting goal
[WARN] [1787331102.570939521] [dclp_go2_policy_ros2]: DCLP stop: waiting goal
[WARN] [1787331104.580188703] [dclp_go2_policy_ros2]: DCLP stop: waiting goal
[WARN] [1787331106.580465908] [dclp_go2_policy_ros2]: DCLP stop: waiting goal
[WARN] [1787331108.590245691] [dclp_go2_policy_ros2]: DCLP stop: waiting goal
[WARN] [1787331110.590570877] [dclp_go2_policy_ros2]: DCLP stop: waiting goal
[WARN] [1787331112.590584510] [dclp_go2_policy_ros2]: DCLP stop: waiting goal
[WARN] [1787331114.591207620] [dclp_go2_policy_ros2]: DCLP stop: waiting goal
[WARN] [1787331116.591110792] [dclp_go2_policy_ros2]: DCLP stop: waiting goal
[WARN] [1787331118.600652199] [dclp_go2_policy_ros2]: DCLP stop: waiting goal
[WARN] [1787331120.610319167] [dclp_go2_policy_ros2]: DCLP stop: waiting goal
[WARN] [1787331122.620278191] [dclp_go2_policy_ros2]: DCLP stop: waiting goal
[WARN] [1787331124.620553115] [dclp_go2_policy_ros2]: DCLP stop: waiting goal
[WARN] [1787331126.630556637] [dclp_go2_policy_ros2]: DCLP stop: waiting goal
[WARN] [1787331128.641086007] [dclp_go2_policy_ros2]: DCLP stop: waiting goal
[WARN] [1787331130.650246306] [dclp_go2_policy_ros2]: DCLP stop: waiting goal
[WARN] [1787331132.650874721] [dclp_go2_policy_ros2]: DCLP stop: waiting goal
[WARN] [1787331134.660337399] [dclp_go2_policy_ros2]: DCLP stop: waiting goal
[WARN] [1787331136.660566603] [dclp_go2_policy_ros2]: DCLP stop: waiting goal
[WARN] [1787331138.670193348] [dclp_go2_policy_ros2]: DCLP stop: waiting goal
[WARN] [1787331140.670480719] [dclp_go2_policy_ros2]: DCLP stop: waiting goal
[WARN] [1787331142.680326781] [dclp_go2_policy_ros2]: DCLP stop: waiting goal
[WARN] [1787331144.691949196] [dclp_go2_policy_ros2]: DCLP stop: waiting goal
[WARN] [1787331146.702181506] [dclp_go2_policy_ros2]: DCLP stop: waiting goal
[WARN] [1787331148.710307926] [dclp_go2_policy_ros2]: DCLP stop: waiting goal
[WARN] [1787331150.714200724] [dclp_go2_policy_ros2]: DCLP stop: waiting goal
[WARN] [1787331152.720553170] [dclp_go2_policy_ros2]: DCLP stop: waiting goal
[WARN] [1787331154.723709842] [dclp_go2_policy_ros2]: DCLP stop: waiting goal
[WARN] [1787331156.730502924] [dclp_go2_policy_ros2]: DCLP stop: waiting goal
[WARN] [1787331158.758433781] [dclp_go2_policy_ros2]: DCLP stop: waiting goal
[WARN] [1787331160.761025604] [dclp_go2_policy_ros2]: DCLP stop: waiting goal
[WARN] [1787331162.761731201] [dclp_go2_policy_ros2]: DCLP stop: waiting goal
[WARN] [1787331164.770899787] [dclp_go2_policy_ros2]: DCLP stop: waiting goal
[WARN] [1787331166.770834879] [dclp_go2_policy_ros2]: DCLP stop: waiting goal
[WARN] [1787331168.780197465] [dclp_go2_policy_ros2]: DCLP stop: waiting goal
[WARN] [1787331170.780361789] [dclp_go2_policy_ros2]: DCLP stop: waiting goal
[WARN] [1787331172.780432051] [dclp_go2_policy_ros2]: DCLP stop: waiting goal
[WARN] [1787331174.790561728] [dclp_go2_policy_ros2]: DCLP stop: waiting goal
[WARN] [1787331176.790530550] [dclp_go2_policy_ros2]: DCLP stop: waiting goal
[WARN] [1787331178.800499908] [dclp_go2_policy_ros2]: DCLP stop: waiting goal
[WARN] [1787331180.810622168] [dclp_go2_policy_ros2]: DCLP stop: waiting goal
[WARN] [1787331182.811060021] [dclp_go2_policy_ros2]: DCLP stop: waiting goal
[WARN] [1787331184.820131612] [dclp_go2_policy_ros2]: DCLP stop: waiting goal
[WARN] [1787331186.820378984] [dclp_go2_policy_ros2]: DCLP stop: waiting goal
[WARN] [1787331188.820861904] [dclp_go2_policy_ros2]: DCLP stop: waiting goal
[WARN] [1787331190.820810472] [dclp_go2_policy_ros2]: DCLP stop: waiting goal
[WARN] [1787331192.821987573] [dclp_go2_policy_ros2]: DCLP stop: waiting goal
[WARN] [1787331194.830477649] [dclp_go2_policy_ros2]: DCLP stop: waiting goal
[WARN] [1787331196.841306853] [dclp_go2_policy_ros2]: DCLP stop: waiting goal
[WARN] [1787331198.851051684] [dclp_go2_policy_ros2]: DCLP stop: waiting goal
[WARN] [1787331200.860585079] [dclp_go2_policy_ros2]: DCLP stop: waiting goal
[WARN] [1787331202.870361878] [dclp_go2_policy_ros2]: DCLP stop: waiting goal
[WARN] [1787331204.880840857] [dclp_go2_policy_ros2]: DCLP stop: waiting goal
[WARN] [1787331206.891012989] [dclp_go2_policy_ros2]: DCLP stop: waiting goal
[WARN] [1787331208.900767680] [dclp_go2_policy_ros2]: DCLP stop: waiting goal
[WARN] [1787331210.910419817] [dclp_go2_policy_ros2]: DCLP stop: waiting goal
[WARN] [1787331212.910925149] [dclp_go2_policy_ros2]: DCLP stop: waiting goal
[WARN] [1787331214.920584136] [dclp_go2_policy_ros2]: DCLP stop: waiting goal
[WARN] [1787331216.920419121] [dclp_go2_policy_ros2]: DCLP stop: waiting goal
[WARN] [1787331218.930813862] [dclp_go2_policy_ros2]: DCLP stop: waiting goal
[WARN] [1787331220.942149651] [dclp_go2_policy_ros2]: DCLP stop: waiting goal
[WARN] [1787331222.950875704] [dclp_go2_policy_ros2]: DCLP stop: waiting goal
[WARN] [1787331224.960524899] [dclp_go2_policy_ros2]: DCLP stop: waiting goal
[WARN] [1787331226.960873596] [dclp_go2_policy_ros2]: DCLP stop: waiting goal
[WARN] [1787331228.971150895] [dclp_go2_policy_ros2]: DCLP stop: waiting goal
[WARN] [1787331230.980167427] [dclp_go2_policy_ros2]: DCLP stop: waiting goal
[WARN] [1787331232.980238378] [dclp_go2_policy_ros2]: DCLP stop: waiting goal
[WARN] [1787331234.980331339] [dclp_go2_policy_ros2]: DCLP stop: waiting goal
[WARN] [1787331236.991317743] [dclp_go2_policy_ros2]: DCLP stop: waiting goal
[WARN] [1787331239.001800188] [dclp_go2_policy_ros2]: DCLP stop: waiting goal
[WARN] [1787331241.010576900] [dclp_go2_policy_ros2]: DCLP stop: waiting goal
[WARN] [1787331243.010556553] [dclp_go2_policy_ros2]: DCLP stop: waiting goal
[WARN] [1787331245.010740793] [dclp_go2_policy_ros2]: DCLP stop: waiting goal
[WARN] [1787331247.020293572] [dclp_go2_policy_ros2]: DCLP stop: waiting goal
[WARN] [1787331249.020603649] [dclp_go2_policy_ros2]: DCLP stop: waiting goal
[WARN] [1787331251.030470351] [dclp_go2_policy_ros2]: DCLP stop: waiting goal
[WARN] [1787331253.040482807] [dclp_go2_policy_ros2]: DCLP stop: waiting goal
[WARN] [1787331255.040704988] [dclp_go2_policy_ros2]: DCLP stop: waiting goal
[WARN] [1787331257.041151447] [dclp_go2_policy_ros2]: DCLP stop: waiting goal
[WARN] [1787331259.050338818] [dclp_go2_policy_ros2]: DCLP stop: waiting goal
[WARN] [1787331261.050391528] [dclp_go2_policy_ros2]: DCLP stop: waiting goal
[WARN] [1787331263.050609105] [dclp_go2_policy_ros2]: DCLP stop: waiting goal
[WARN] [1787331265.050972481] [dclp_go2_policy_ros2]: DCLP stop: waiting goal
[WARN] [1787331267.060713063] [dclp_go2_policy_ros2]: DCLP stop: waiting goal
[WARN] [1787331269.061036406] [dclp_go2_policy_ros2]: DCLP stop: waiting goal
[WARN] [1787331271.070506252] [dclp_go2_policy_ros2]: DCLP stop: waiting goal
[WARN] [1787331273.071076011] [dclp_go2_policy_ros2]: DCLP stop: waiting goal
[WARN] [1787331275.071389996] [dclp_go2_policy_ros2]: DCLP stop: waiting goal
[WARN] [1787331277.080240743] [dclp_go2_policy_ros2]: DCLP stop: waiting goal
[WARN] [1787331279.080681525] [dclp_go2_policy_ros2]: DCLP stop: waiting goal
[WARN] [1787331281.090514573] [dclp_go2_policy_ros2]: DCLP stop: waiting goal
[WARN] [1787331283.090626806] [dclp_go2_policy_ros2]: DCLP stop: waiting goal
[WARN] [1787331285.090808765] [dclp_go2_policy_ros2]: DCLP stop: waiting goal
[WARN] [1787331287.091505932] [dclp_go2_policy_ros2]: DCLP stop: waiting goal
[WARN] [1787331289.101353881] [dclp_go2_policy_ros2]: DCLP stop: waiting goal
[WARN] [1787331291.110767490] [dclp_go2_policy_ros2]: DCLP stop: waiting goal
[WARN] [1787331293.110942677] [dclp_go2_policy_ros2]: DCLP stop: waiting goal
[WARN] [1787331295.120495969] [dclp_go2_policy_ros2]: DCLP stop: waiting goal
[WARN] [1787331297.130343896] [dclp_go2_policy_ros2]: DCLP stop: waiting goal
[WARN] [1787331299.140657966] [dclp_go2_policy_ros2]: DCLP stop: waiting goal
[WARN] [1787331301.150648582] [dclp_go2_policy_ros2]: DCLP stop: waiting goal
[WARN] [1787331303.151127870] [dclp_go2_policy_ros2]: DCLP stop: waiting goal
[WARN] [1787331305.159992582] [dclp_go2_policy_ros2]: DCLP stop: waiting goal
[WARN] [1787331307.160009655] [dclp_go2_policy_ros2]: DCLP stop: waiting goal
[WARN] [1787331309.160727357] [dclp_go2_policy_ros2]: DCLP stop: waiting goal
[WARN] [1787331311.169891487] [dclp_go2_policy_ros2]: DCLP stop: waiting goal
[WARN] [1787331313.169939725] [dclp_go2_policy_ros2]: DCLP stop: waiting goal
[WARN] [1787331315.170167731] [dclp_go2_policy_ros2]: DCLP stop: waiting goal
[WARN] [1787331317.179929463] [dclp_go2_policy_ros2]: DCLP stop: waiting goal
[WARN] [1787331319.181470311] [dclp_go2_policy_ros2]: DCLP stop: waiting goal
[WARN] [1787331321.192630430] [dclp_go2_policy_ros2]: DCLP stop: waiting goal
[WARN] [1787331323.200199210] [dclp_go2_policy_ros2]: DCLP stop: waiting goal
[WARN] [1787331325.200329435] [dclp_go2_policy_ros2]: DCLP stop: waiting goal
[WARN] [1787331327.201137355] [dclp_go2_policy_ros2]: DCLP stop: waiting goal
[WARN] [1787331329.210534903] [dclp_go2_policy_ros2]: DCLP stop: waiting goal
[WARN] [1787331331.220085309] [dclp_go2_policy_ros2]: DCLP stop: waiting goal
[WARN] [1787331333.220574082] [dclp_go2_policy_ros2]: DCLP stop: waiting goal
[WARN] [1787331335.230086477] [dclp_go2_policy_ros2]: DCLP stop: waiting goal
[WARN] [1787331337.241040133] [dclp_go2_policy_ros2]: DCLP stop: waiting goal
[WARN] [1787331339.250263956] [dclp_go2_policy_ros2]: DCLP stop: waiting goal
[WARN] [1787331341.250355899] [dclp_go2_policy_ros2]: DCLP stop: waiting goal
[WARN] [1787331343.259982202] [dclp_go2_policy_ros2]: DCLP stop: waiting goal
[WARN] [1787331345.261307200] [dclp_go2_policy_ros2]: DCLP stop: waiting goal
[WARN] [1787331347.269938867] [dclp_go2_policy_ros2]: DCLP stop: waiting goal
[WARN] [1787331349.269993543] [dclp_go2_policy_ros2]: DCLP stop: waiting goal
[WARN] [1787331351.280087137] [dclp_go2_policy_ros2]: DCLP stop: waiting goal
[WARN] [1787331353.280556601] [dclp_go2_policy_ros2]: DCLP stop: waiting goal
[WARN] [1787331355.280881359] [dclp_go2_policy_ros2]: DCLP stop: waiting goal
[WARN] [1787331357.293559487] [dclp_go2_policy_ros2]: DCLP stop: waiting goal
[WARN] [1787331359.300280150] [dclp_go2_policy_ros2]: DCLP stop: waiting goal
[WARN] [1787331361.301216237] [dclp_go2_policy_ros2]: DCLP stop: waiting goal
[WARN] [1787331363.310600474] [dclp_go2_policy_ros2]: DCLP stop: waiting goal
[WARN] [1787331365.319944574] [dclp_go2_policy_ros2]: DCLP stop: waiting goal
[WARN] [1787331367.320131926] [dclp_go2_policy_ros2]: DCLP stop: waiting goal
[WARN] [1787331369.320229422] [dclp_go2_policy_ros2]: DCLP stop: waiting goal
[WARN] [1787331371.329986879] [dclp_go2_policy_ros2]: DCLP stop: waiting goal
[WARN] [1787331373.330397895] [dclp_go2_policy_ros2]: DCLP stop: waiting goal
[WARN] [1787331375.330726528] [dclp_go2_policy_ros2]: DCLP stop: waiting goal
[WARN] [1787331377.340478916] [dclp_go2_policy_ros2]: DCLP stop: waiting goal
[WARN] [1787331379.341210508] [dclp_go2_policy_ros2]: DCLP stop: waiting goal
[WARN] [1787331381.350481347] [dclp_go2_policy_ros2]: DCLP stop: waiting goal
[WARN] [1787331383.360571285] [dclp_go2_policy_ros2]: DCLP stop: waiting goal
[WARN] [1787331385.360620149] [dclp_go2_policy_ros2]: DCLP stop: waiting goal
[WARN] [1787331387.371246395] [dclp_go2_policy_ros2]: DCLP stop: waiting goal
[WARN] [1787331389.379934498] [dclp_go2_policy_ros2]: DCLP stop: waiting goal
[WARN] [1787331391.380453232] [dclp_go2_policy_ros2]: DCLP stop: waiting goal
[WARN] [1787331393.380707395] [dclp_go2_policy_ros2]: DCLP stop: waiting goal
[WARN] [1787331395.380595608] [dclp_go2_policy_ros2]: DCLP stop: waiting goal
[WARN] [1787331397.390289956] [dclp_go2_policy_ros2]: DCLP stop: waiting goal
[WARN] [1787331399.390725633] [dclp_go2_policy_ros2]: DCLP stop: waiting goal
[WARN] [1787331401.401130147] [dclp_go2_policy_ros2]: DCLP stop: waiting goal
[WARN] [1787331403.410968419] [dclp_go2_policy_ros2]: DCLP stop: waiting goal
[WARN] [1787331405.420585374] [dclp_go2_policy_ros2]: DCLP stop: waiting goal
[WARN] [1787331407.420876029] [dclp_go2_policy_ros2]: DCLP stop: waiting goal
[WARN] [1787331409.431055168] [dclp_go2_policy_ros2]: DCLP stop: waiting goal
[WARN] [1787331411.440969255] [dclp_go2_policy_ros2]: DCLP stop: waiting goal
[WARN] [1787331413.442385467] [dclp_go2_policy_ros2]: DCLP stop: waiting goal
[WARN] [1787331415.450554879] [dclp_go2_policy_ros2]: DCLP stop: waiting goal
[WARN] [1787331417.460309778] [dclp_go2_policy_ros2]: DCLP stop: waiting goal
[WARN] [1787331419.460412467] [dclp_go2_policy_ros2]: DCLP stop: waiting goal
[WARN] [1787331421.470257335] [dclp_go2_policy_ros2]: DCLP stop: waiting goal
[WARN] [1787331423.480188300] [dclp_go2_policy_ros2]: DCLP stop: waiting goal
[WARN] [1787331425.480670030] [dclp_go2_policy_ros2]: DCLP stop: waiting goal
[WARN] [1787331427.480789227] [dclp_go2_policy_ros2]: DCLP stop: waiting goal
[WARN] [1787331429.490765561] [dclp_go2_policy_ros2]: DCLP stop: waiting goal
[WARN] [1787331431.500200154] [dclp_go2_policy_ros2]: DCLP stop: waiting goal
[WARN] [1787331433.500576185] [dclp_go2_policy_ros2]: DCLP stop: waiting goal
[WARN] [1787331435.500985437] [dclp_go2_policy_ros2]: DCLP stop: waiting goal
[WARN] [1787331437.510433214] [dclp_go2_policy_ros2]: DCLP stop: waiting goal
[WARN] [1787331439.511152611] [dclp_go2_policy_ros2]: DCLP stop: waiting goal
[WARN] [1787331441.520198905] [dclp_go2_policy_ros2]: DCLP stop: waiting goal
[WARN] [1787331443.530056336] [dclp_go2_policy_ros2]: DCLP stop: waiting goal
[WARN] [1787331445.530191255] [dclp_go2_policy_ros2]: DCLP stop: waiting goal
[WARN] [1787331447.530437755] [dclp_go2_policy_ros2]: DCLP stop: waiting goal
[WARN] [1787331449.530755579] [dclp_go2_policy_ros2]: DCLP stop: waiting goal
[WARN] [1787331451.540737261] [dclp_go2_policy_ros2]: DCLP stop: waiting goal
[WARN] [1787331453.551562159] [dclp_go2_policy_ros2]: DCLP stop: waiting goal
[WARN] [1787331455.560949714] [dclp_go2_policy_ros2]: DCLP stop: waiting goal
[WARN] [1787331457.561511389] [dclp_go2_policy_ros2]: DCLP stop: waiting goal
[WARN] [1787331459.570740573] [dclp_go2_policy_ros2]: DCLP stop: waiting goal
[WARN] [1787331461.571607563] [dclp_go2_policy_ros2]: DCLP stop: waiting goal
[WARN] [1787331463.580334653] [dclp_go2_policy_ros2]: DCLP stop: waiting goal
[WARN] [1787331465.580540733] [dclp_go2_policy_ros2]: DCLP stop: waiting goal
[WARN] [1787331467.590574881] [dclp_go2_policy_ros2]: DCLP stop: waiting goal
[WARN] [1787331469.590549881] [dclp_go2_policy_ros2]: DCLP stop: waiting goal
[WARN] [1787331471.590903459] [dclp_go2_policy_ros2]: DCLP stop: waiting goal
[WARN] [1787331473.591863022] [dclp_go2_policy_ros2]: DCLP stop: waiting goal
[WARN] [1787331475.600516763] [dclp_go2_policy_ros2]: DCLP stop: waiting goal
[WARN] [1787331477.610928724] [dclp_go2_policy_ros2]: DCLP stop: waiting goal
[WARN] [1787331479.621486775] [dclp_go2_policy_ros2]: DCLP stop: waiting goal
[WARN] [1787331481.630275663] [dclp_go2_policy_ros2]: DCLP stop: waiting goal
[WARN] [1787331483.630342254] [dclp_go2_policy_ros2]: DCLP stop: waiting goal
[WARN] [1787331485.640615027] [dclp_go2_policy_ros2]: DCLP stop: waiting goal
[WARN] [1787331487.650611250] [dclp_go2_policy_ros2]: DCLP stop: waiting goal
[WARN] [1787331489.660473526] [dclp_go2_policy_ros2]: DCLP stop: waiting goal
[WARN] [1787331491.660698521] [dclp_go2_policy_ros2]: DCLP stop: waiting goal
[WARN] [1787331493.670133897] [dclp_go2_policy_ros2]: DCLP stop: waiting goal
[WARN] [1787331495.670626796] [dclp_go2_policy_ros2]: DCLP stop: waiting goal
[WARN] [1787331497.670509989] [dclp_go2_policy_ros2]: DCLP stop: waiting goal
[WARN] [1787331499.670753234] [dclp_go2_policy_ros2]: DCLP stop: waiting goal
[WARN] [1787331501.670948445] [dclp_go2_policy_ros2]: DCLP stop: waiting goal
[WARN] [1787331503.680255923] [dclp_go2_policy_ros2]: DCLP stop: waiting goal
[WARN] [1787331505.680620592] [dclp_go2_policy_ros2]: DCLP stop: waiting goal
[WARN] [1787331507.690813285] [dclp_go2_policy_ros2]: DCLP stop: waiting goal
[WARN] [1787331509.690548941] [dclp_go2_policy_ros2]: DCLP stop: waiting goal
[WARN] [1787331511.691825407] [dclp_go2_policy_ros2]: DCLP stop: waiting goal
[WARN] [1787331513.700691109] [dclp_go2_policy_ros2]: DCLP stop: waiting goal
[WARN] [1787331515.700567747] [dclp_go2_policy_ros2]: DCLP stop: waiting goal
[WARN] [1787331517.711185331] [dclp_go2_policy_ros2]: DCLP stop: waiting goal
[WARN] [1787331519.721410464] [dclp_go2_policy_ros2]: DCLP stop: waiting goal
[WARN] [1787331521.730599621] [dclp_go2_policy_ros2]: DCLP stop: waiting goal
[WARN] [1787331523.740651253] [dclp_go2_policy_ros2]: DCLP stop: waiting goal
[WARN] [1787331525.750416047] [dclp_go2_policy_ros2]: DCLP stop: waiting goal
[WARN] [1787331527.760398931] [dclp_go2_policy_ros2]: DCLP stop: waiting goal
[WARN] [1787331529.760616506] [dclp_go2_policy_ros2]: DCLP stop: waiting goal
[WARN] [1787331531.760671995] [dclp_go2_policy_ros2]: DCLP stop: waiting goal
[WARN] [1787331533.770161897] [dclp_go2_policy_ros2]: DCLP stop: waiting goal
[WARN] [1787331535.770775225] [dclp_go2_policy_ros2]: DCLP stop: waiting goal
[WARN] [1787331537.780751090] [dclp_go2_policy_ros2]: DCLP stop: waiting goal
[WARN] [1787331539.790579758] [dclp_go2_policy_ros2]: DCLP stop: waiting goal
[WARN] [1787331541.791740737] [dclp_go2_policy_ros2]: DCLP stop: waiting goal
[WARN] [1787331543.800619490] [dclp_go2_policy_ros2]: DCLP stop: waiting goal
[WARN] [1787331545.802047815] [dclp_go2_policy_ros2]: DCLP stop: waiting goal
[WARN] [1787331547.810569401] [dclp_go2_policy_ros2]: DCLP stop: waiting goal
[WARN] [1787331549.820491248] [dclp_go2_policy_ros2]: DCLP stop: waiting goal
[WARN] [1787331551.830567079] [dclp_go2_policy_ros2]: DCLP stop: waiting goal
[WARN] [1787331553.840617845] [dclp_go2_policy_ros2]: DCLP stop: waiting goal
[WARN] [1787331555.850388495] [dclp_go2_policy_ros2]: DCLP stop: waiting goal
[WARN] [1787331557.851186312] [dclp_go2_policy_ros2]: DCLP stop: waiting goal
[WARN] [1787331559.860748467] [dclp_go2_policy_ros2]: DCLP stop: waiting goal
[WARN] [1787331561.870233051] [dclp_go2_policy_ros2]: DCLP stop: waiting goal
[WARN] [1787331563.870772847] [dclp_go2_policy_ros2]: DCLP stop: waiting goal
[WARN] [1787331565.880164668] [dclp_go2_policy_ros2]: DCLP stop: waiting goal
[WARN] [1787331567.881275936] [dclp_go2_policy_ros2]: DCLP stop: waiting goal
[WARN] [1787331569.890653214] [dclp_go2_policy_ros2]: DCLP stop: waiting goal
[WARN] [1787331571.890663996] [dclp_go2_policy_ros2]: DCLP stop: waiting goal
[WARN] [1787331573.900442058] [dclp_go2_policy_ros2]: DCLP stop: waiting goal
[WARN] [1787331575.911238911] [dclp_go2_policy_ros2]: DCLP stop: waiting goal
[WARN] [1787331577.920395434] [dclp_go2_policy_ros2]: DCLP stop: waiting goal
[WARN] [1787331579.921329440] [dclp_go2_policy_ros2]: DCLP stop: waiting goal
[WARN] [1787331581.930088093] [dclp_go2_policy_ros2]: DCLP stop: waiting goal
[WARN] [1787331583.930141745] [dclp_go2_policy_ros2]: DCLP stop: waiting goal
[WARN] [1787331585.930243329] [dclp_go2_policy_ros2]: DCLP stop: waiting goal
[WARN] [1787331587.940027938] [dclp_go2_policy_ros2]: DCLP stop: waiting goal
[WARN] [1787331589.940273076] [dclp_go2_policy_ros2]: DCLP stop: waiting goal
[WARN] [1787331591.950124947] [dclp_go2_policy_ros2]: DCLP stop: waiting goal
[WARN] [1787331593.951292983] [dclp_go2_policy_ros2]: DCLP stop: waiting goal
[WARN] [1787331595.950925163] [dclp_go2_policy_ros2]: DCLP stop: waiting goal
[WARN] [1787331597.961208262] [dclp_go2_policy_ros2]: DCLP stop: waiting goal
[WARN] [1787331599.969975156] [dclp_go2_policy_ros2]: DCLP stop: waiting goal
[WARN] [1787331601.979903912] [dclp_go2_policy_ros2]: DCLP stop: waiting goal
[WARN] [1787331603.979932108] [dclp_go2_policy_ros2]: DCLP stop: waiting goal
[WARN] [1787331605.981251618] [dclp_go2_policy_ros2]: DCLP stop: waiting goal
[WARN] [1787331607.980673374] [dclp_go2_policy_ros2]: DCLP stop: waiting goal
[WARN] [1787331609.990934160] [dclp_go2_policy_ros2]: DCLP stop: waiting goal
[WARN] [1787331611.991805466] [dclp_go2_policy_ros2]: DCLP stop: waiting goal
[WARN] [1787331614.000837098] [dclp_go2_policy_ros2]: DCLP stop: waiting goal
[WARN] [1787331616.009939375] [dclp_go2_policy_ros2]: DCLP stop: waiting goal
[WARN] [1787331618.009997863] [dclp_go2_policy_ros2]: DCLP stop: waiting goal
[WARN] [1787331620.010356325] [dclp_go2_policy_ros2]: DCLP stop: waiting goal
[WARN] [1787331622.010527090] [dclp_go2_policy_ros2]: DCLP stop: waiting goal
[WARN] [1787331624.011510341] [dclp_go2_policy_ros2]: DCLP stop: waiting goal
[WARN] [1787331626.020570622] [dclp_go2_policy_ros2]: DCLP stop: waiting goal
[WARN] [1787331628.029935394] [dclp_go2_policy_ros2]: DCLP stop: waiting goal
[WARN] [1787331630.030477587] [dclp_go2_policy_ros2]: DCLP stop: waiting goal
[WARN] [1787331632.041034994] [dclp_go2_policy_ros2]: DCLP stop: waiting goal
[WARN] [1787331634.042016955] [dclp_go2_policy_ros2]: DCLP stop: waiting goal
[WARN] [1787331636.051670861] [dclp_go2_policy_ros2]: DCLP stop: waiting goal
[WARN] [1787331638.060471510] [dclp_go2_policy_ros2]: DCLP stop: waiting goal
[WARN] [1787331640.070675437] [dclp_go2_policy_ros2]: DCLP stop: waiting goal
[WARN] [1787331642.080727521] [dclp_go2_policy_ros2]: DCLP stop: waiting goal
[WARN] [1787331644.083193075] [dclp_go2_policy_ros2]: DCLP stop: waiting goal
[WARN] [1787331646.091192397] [dclp_go2_policy_ros2]: DCLP stop: waiting goal
[WARN] [1787331648.100508311] [dclp_go2_policy_ros2]: DCLP stop: waiting goal
[WARN] [1787331650.110247490] [dclp_go2_policy_ros2]: DCLP stop: waiting goal
[WARN] [1787331652.120441170] [dclp_go2_policy_ros2]: DCLP stop: waiting goal
[WARN] [1787331654.122605010] [dclp_go2_policy_ros2]: DCLP stop: waiting goal
[WARN] [1787331656.130367940] [dclp_go2_policy_ros2]: DCLP stop: waiting goal
[WARN] [1787331658.140415421] [dclp_go2_policy_ros2]: DCLP stop: waiting goal
[WARN] [1787331660.140469223] [dclp_go2_policy_ros2]: DCLP stop: waiting goal
[WARN] [1787331662.140716145] [dclp_go2_policy_ros2]: DCLP stop: waiting goal
[WARN] [1787331664.150235916] [dclp_go2_policy_ros2]: DCLP stop: waiting goal
[WARN] [1787331666.150693679] [dclp_go2_policy_ros2]: DCLP stop: waiting goal
[WARN] [1787331668.151175853] [dclp_go2_policy_ros2]: DCLP stop: waiting goal
[WARN] [1787331670.160553130] [dclp_go2_policy_ros2]: DCLP stop: waiting goal
[WARN] [1787331672.160801746] [dclp_go2_policy_ros2]: DCLP stop: waiting goal
[WARN] [1787331674.162236404] [dclp_go2_policy_ros2]: DCLP stop: waiting goal
[WARN] [1787331676.161427299] [dclp_go2_policy_ros2]: DCLP stop: waiting goal
[WARN] [1787331678.170573417] [dclp_go2_policy_ros2]: DCLP stop: waiting goal
[WARN] [1787331680.180444660] [dclp_go2_policy_ros2]: DCLP stop: waiting goal
[WARN] [1787331682.181045036] [dclp_go2_policy_ros2]: DCLP stop: waiting goal
[WARN] [1787331684.191012607] [dclp_go2_policy_ros2]: DCLP stop: waiting goal
[WARN] [1787331686.200702504] [dclp_go2_policy_ros2]: DCLP stop: waiting goal
[WARN] [1787331688.210439672] [dclp_go2_policy_ros2]: DCLP stop: waiting goal
[WARN] [1787331690.211260271] [dclp_go2_policy_ros2]: DCLP stop: waiting goal
[WARN] [1787331692.221017102] [dclp_go2_policy_ros2]: DCLP stop: waiting goal
[WARN] [1787331694.230173846] [dclp_go2_policy_ros2]: DCLP stop: waiting goal
[WARN] [1787331696.230255876] [dclp_go2_policy_ros2]: DCLP stop: waiting goal
[WARN] [1787331698.230660110] [dclp_go2_policy_ros2]: DCLP stop: waiting goal
[WARN] [1787331700.240512955] [dclp_go2_policy_ros2]: DCLP stop: waiting goal
[WARN] [1787331702.241037157] [dclp_go2_policy_ros2]: DCLP stop: waiting goal
[WARN] [1787331704.250341171] [dclp_go2_policy_ros2]: DCLP stop: waiting goal
[WARN] [1787331706.250392325] [dclp_go2_policy_ros2]: DCLP stop: waiting goal
[WARN] [1787331708.250566447] [dclp_go2_policy_ros2]: DCLP stop: waiting goal
[WARN] [1787331710.260802301] [dclp_go2_policy_ros2]: DCLP stop: waiting goal
[WARN] [1787331712.260624763] [dclp_go2_policy_ros2]: DCLP stop: waiting goal
[WARN] [1787331714.270777196] [dclp_go2_policy_ros2]: DCLP stop: waiting goal
[WARN] [1787331716.280531582] [dclp_go2_policy_ros2]: DCLP stop: waiting goal
[WARN] [1787331718.290680762] [dclp_go2_policy_ros2]: DCLP stop: waiting goal
[WARN] [1787331720.300651684] [dclp_go2_policy_ros2]: DCLP stop: waiting goal
[WARN] [1787331722.310390170] [dclp_go2_policy_ros2]: DCLP stop: waiting goal
[WARN] [1787331724.310440303] [dclp_go2_policy_ros2]: DCLP stop: waiting goal
[WARN] [1787331726.310608934] [dclp_go2_policy_ros2]: DCLP stop: waiting goal
[WARN] [1787331728.320392815] [dclp_go2_policy_ros2]: DCLP stop: waiting goal
[WARN] [1787331730.330343259] [dclp_go2_policy_ros2]: DCLP stop: waiting goal
[WARN] [1787331732.331060516] [dclp_go2_policy_ros2]: DCLP stop: waiting goal
[WARN] [1787331734.341220663] [dclp_go2_policy_ros2]: DCLP stop: waiting goal
[WARN] [1787331736.350616324] [dclp_go2_policy_ros2]: DCLP stop: waiting goal
[WARN] [1787331738.350485092] [dclp_go2_policy_ros2]: DCLP stop: waiting goal
[WARN] [1787331740.360443631] [dclp_go2_policy_ros2]: DCLP stop: waiting goal
[WARN] [1787331742.360886128] [dclp_go2_policy_ros2]: DCLP stop: waiting goal
[WARN] [1787331744.370539379] [dclp_go2_policy_ros2]: DCLP stop: waiting goal
[WARN] [1787331746.380771221] [dclp_go2_policy_ros2]: DCLP stop: waiting goal
[WARN] [1787331748.391856390] [dclp_go2_policy_ros2]: DCLP stop: waiting goal
[WARN] [1787331750.400533321] [dclp_go2_policy_ros2]: DCLP stop: waiting goal
[WARN] [1787331752.410247237] [dclp_go2_policy_ros2]: DCLP stop: waiting goal
[WARN] [1787331754.410460386] [dclp_go2_policy_ros2]: DCLP stop: waiting goal
[WARN] [1787331756.410438621] [dclp_go2_policy_ros2]: DCLP stop: waiting goal
[WARN] [1787331758.410435652] [dclp_go2_policy_ros2]: DCLP stop: waiting goal
[WARN] [1787331760.410508763] [dclp_go2_policy_ros2]: DCLP stop: waiting goal
[WARN] [1787331762.410497627] [dclp_go2_policy_ros2]: DCLP stop: waiting goal
[WARN] [1787331764.420217913] [dclp_go2_policy_ros2]: DCLP stop: waiting goal
[WARN] [1787331766.420539109] [dclp_go2_policy_ros2]: DCLP stop: waiting goal
[WARN] [1787331768.430430024] [dclp_go2_policy_ros2]: DCLP stop: waiting goal
[WARN] [1787331770.441035260] [dclp_go2_policy_ros2]: DCLP stop: waiting goal
[WARN] [1787331772.442788956] [dclp_go2_policy_ros2]: DCLP stop: waiting goal
[WARN] [1787331774.450428101] [dclp_go2_policy_ros2]: DCLP stop: waiting goal
[WARN] [1787331776.460482387] [dclp_go2_policy_ros2]: DCLP stop: waiting goal
[WARN] [1787331778.471771278] [dclp_go2_policy_ros2]: DCLP stop: waiting goal
[WARN] [1787331780.480385758] [dclp_go2_policy_ros2]: DCLP stop: waiting goal
[WARN] [1787331782.483321591] [dclp_go2_policy_ros2]: DCLP stop: waiting goal
[WARN] [1787331784.491015110] [dclp_go2_policy_ros2]: DCLP stop: waiting goal
[WARN] [1787331786.491166921] [dclp_go2_policy_ros2]: DCLP stop: waiting goal
[WARN] [1787331788.500429873] [dclp_go2_policy_ros2]: DCLP stop: waiting goal
[WARN] [1787331790.510416082] [dclp_go2_policy_ros2]: DCLP stop: waiting goal
[WARN] [1787331792.511136249] [dclp_go2_policy_ros2]: DCLP stop: waiting goal
[WARN] [1787331794.520723962] [dclp_go2_policy_ros2]: DCLP stop: waiting goal
[WARN] [1787331796.530179215] [dclp_go2_policy_ros2]: DCLP stop: waiting goal
[WARN] [1787331798.530372239] [dclp_go2_policy_ros2]: DCLP stop: waiting goal
[WARN] [1787331800.541241278] [dclp_go2_policy_ros2]: DCLP stop: waiting goal
[WARN] [1787331802.551207615] [dclp_go2_policy_ros2]: DCLP stop: waiting goal
[WARN] [1787331804.560547713] [dclp_go2_policy_ros2]: DCLP stop: waiting goal
[WARN] [1787331806.570163566] [dclp_go2_policy_ros2]: DCLP stop: waiting goal
[WARN] [1787331808.570558701] [dclp_go2_policy_ros2]: DCLP stop: waiting goal
[WARN] [1787331810.571545768] [dclp_go2_policy_ros2]: DCLP stop: waiting goal
[WARN] [1787331812.580143398] [dclp_go2_policy_ros2]: DCLP stop: waiting goal
[WARN] [1787331814.580329279] [dclp_go2_policy_ros2]: DCLP stop: waiting goal
[WARN] [1787331816.591158632] [dclp_go2_policy_ros2]: DCLP stop: waiting goal
[WARN] [1787331818.591433963] [dclp_go2_policy_ros2]: DCLP stop: waiting goal
[WARN] [1787331820.602058386] [dclp_go2_policy_ros2]: DCLP stop: waiting goal
[WARN] [1787331822.610829318] [dclp_go2_policy_ros2]: DCLP stop: waiting goal
[WARN] [1787331824.620765014] [dclp_go2_policy_ros2]: DCLP stop: waiting goal
[WARN] [1787331826.629924775] [dclp_go2_policy_ros2]: DCLP stop: waiting goal
[WARN] [1787331828.630819810] [dclp_go2_policy_ros2]: DCLP stop: waiting goal
[WARN] [1787331830.630828380] [dclp_go2_policy_ros2]: DCLP stop: waiting goal
[WARN] [1787331832.640400022] [dclp_go2_policy_ros2]: DCLP stop: waiting goal
[WARN] [1787331834.650092671] [dclp_go2_policy_ros2]: DCLP stop: waiting goal
[WARN] [1787331836.650243418] [dclp_go2_policy_ros2]: DCLP stop: waiting goal
[WARN] [1787331838.659956759] [dclp_go2_policy_ros2]: DCLP stop: waiting goal
[WARN] [1787331840.659987234] [dclp_go2_policy_ros2]: DCLP stop: waiting goal
[WARN] [1787331842.660940740] [dclp_go2_policy_ros2]: DCLP stop: waiting goal
[WARN] [1787331844.670573683] [dclp_go2_policy_ros2]: DCLP stop: waiting goal
[WARN] [1787331846.679961641] [dclp_go2_policy_ros2]: DCLP stop: waiting goal
[WARN] [1787331848.681120876] [dclp_go2_policy_ros2]: DCLP stop: waiting goal
[WARN] [1787331850.681653234] [dclp_go2_policy_ros2]: DCLP stop: waiting goal
[WARN] [1787331852.691927995] [dclp_go2_policy_ros2]: DCLP stop: waiting goal
[WARN] [1787331854.700199300] [dclp_go2_policy_ros2]: DCLP stop: waiting goal
[WARN] [1787331856.710262185] [dclp_go2_policy_ros2]: DCLP stop: waiting goal
[WARN] [1787331858.710499117] [dclp_go2_policy_ros2]: DCLP stop: waiting goal
[WARN] [1787331860.720163204] [dclp_go2_policy_ros2]: DCLP stop: waiting goal
[WARN] [1787331862.729970471] [dclp_go2_policy_ros2]: DCLP stop: waiting goal
[WARN] [1787331864.730267290] [dclp_go2_policy_ros2]: DCLP stop: waiting goal
[WARN] [1787331866.741877277] [dclp_go2_policy_ros2]: DCLP stop: waiting goal
[WARN] [1787331868.750132607] [dclp_go2_policy_ros2]: DCLP stop: waiting goal
[WARN] [1787331870.750324732] [dclp_go2_policy_ros2]: DCLP stop: waiting goal
[WARN] [1787331872.759929610] [dclp_go2_policy_ros2]: DCLP stop: waiting goal
[WARN] [1787331874.760553638] [dclp_go2_policy_ros2]: DCLP stop: waiting goal
[WARN] [1787331876.770564531] [dclp_go2_policy_ros2]: DCLP stop: waiting goal
[WARN] [1787331878.770864907] [dclp_go2_policy_ros2]: DCLP stop: waiting goal
[WARN] [1787331880.780757949] [dclp_go2_policy_ros2]: DCLP stop: waiting goal
[WARN] [1787331882.790295268] [dclp_go2_policy_ros2]: DCLP stop: waiting goal
[WARN] [1787331884.791222446] [dclp_go2_policy_ros2]: DCLP stop: waiting goal
[WARN] [1787331886.800746145] [dclp_go2_policy_ros2]: DCLP stop: waiting goal
[WARN] [1787331888.810777716] [dclp_go2_policy_ros2]: DCLP stop: waiting goal
[WARN] [1787331890.820729257] [dclp_go2_policy_ros2]: DCLP stop: waiting goal
[WARN] [1787331892.830672518] [dclp_go2_policy_ros2]: DCLP stop: waiting goal
[WARN] [1787331894.842058831] [dclp_go2_policy_ros2]: DCLP stop: waiting goal
[WARN] [1787331896.850991145] [dclp_go2_policy_ros2]: DCLP stop: waiting goal
[WARN] [1787331898.860940348] [dclp_go2_policy_ros2]: DCLP stop: waiting goal
[WARN] [1787331900.870740432] [dclp_go2_policy_ros2]: DCLP stop: waiting goal
[WARN] [1787331902.870464643] [dclp_go2_policy_ros2]: DCLP stop: waiting goal
[WARN] [1787331904.880251271] [dclp_go2_policy_ros2]: DCLP stop: waiting goal
[WARN] [1787331906.891137833] [dclp_go2_policy_ros2]: DCLP stop: waiting goal
[WARN] [1787331908.891478933] [dclp_go2_policy_ros2]: DCLP stop: waiting goal
[WARN] [1787331910.900458029] [dclp_go2_policy_ros2]: DCLP stop: waiting goal
[WARN] [1787331912.900728873] [dclp_go2_policy_ros2]: DCLP stop: waiting goal
[WARN] [1787331914.910617919] [dclp_go2_policy_ros2]: DCLP stop: waiting goal
[WARN] [1787331916.910637955] [dclp_go2_policy_ros2]: DCLP stop: waiting goal
[WARN] [1787331918.920578800] [dclp_go2_policy_ros2]: DCLP stop: waiting goal
[WARN] [1787331920.920637130] [dclp_go2_policy_ros2]: DCLP stop: waiting goal
[WARN] [1787331922.930892987] [dclp_go2_policy_ros2]: DCLP stop: waiting goal
[WARN] [1787331924.940756900] [dclp_go2_policy_ros2]: DCLP stop: waiting goal
[WARN] [1787331926.950584149] [dclp_go2_policy_ros2]: DCLP stop: waiting goal
[WARN] [1787331928.951287483] [dclp_go2_policy_ros2]: DCLP stop: waiting goal
[WARN] [1787331930.950892727] [dclp_go2_policy_ros2]: DCLP stop: waiting goal
[WARN] [1787331932.960676808] [dclp_go2_policy_ros2]: DCLP stop: waiting goal
[WARN] [1787331934.970456421] [dclp_go2_policy_ros2]: DCLP stop: waiting goal
[WARN] [1787331936.980618688] [dclp_go2_policy_ros2]: DCLP stop: waiting goal
[WARN] [1787331938.990548348] [dclp_go2_policy_ros2]: DCLP stop: waiting goal
[WARN] [1787331940.991180645] [dclp_go2_policy_ros2]: DCLP stop: waiting goal
[WARN] [1787331942.991412553] [dclp_go2_policy_ros2]: DCLP stop: waiting goal
[WARN] [1787331944.992837010] [dclp_go2_policy_ros2]: DCLP stop: waiting goal
[WARN] [1787331947.000798691] [dclp_go2_policy_ros2]: DCLP stop: waiting goal
[WARN] [1787331949.010543029] [dclp_go2_policy_ros2]: DCLP stop: waiting goal
[WARN] [1787331951.020266100] [dclp_go2_policy_ros2]: DCLP stop: waiting goal
[WARN] [1787331953.020976465] [dclp_go2_policy_ros2]: DCLP stop: waiting goal
[WARN] [1787331955.020949817] [dclp_go2_policy_ros2]: DCLP stop: waiting goal
[WARN] [1787331957.030766469] [dclp_go2_policy_ros2]: DCLP stop: waiting goal
[WARN] [1787331959.030744809] [dclp_go2_policy_ros2]: DCLP stop: waiting goal
[WARN] [1787331961.040419179] [dclp_go2_policy_ros2]: DCLP stop: waiting goal
[WARN] [1787331963.040560789] [dclp_go2_policy_ros2]: DCLP stop: waiting goal
[WARN] [1787331965.040851669] [dclp_go2_policy_ros2]: DCLP stop: waiting goal
[WARN] [1787331967.041410896] [dclp_go2_policy_ros2]: DCLP stop: waiting goal
[WARN] [1787331969.041263034] [dclp_go2_policy_ros2]: DCLP stop: waiting goal
[WARN] [1787331971.050372684] [dclp_go2_policy_ros2]: DCLP stop: waiting goal
[WARN] [1787331973.050616807] [dclp_go2_policy_ros2]: DCLP stop: waiting goal
[WARN] [1787331975.051083421] [dclp_go2_policy_ros2]: DCLP stop: waiting goal
[WARN] [1787331977.060533550] [dclp_go2_policy_ros2]: DCLP stop: waiting goal
[WARN] [1787331979.061208623] [dclp_go2_policy_ros2]: DCLP stop: waiting goal
[WARN] [1787331981.071092373] [dclp_go2_policy_ros2]: DCLP stop: waiting goal
[WARN] [1787331983.080288650] [dclp_go2_policy_ros2]: DCLP stop: waiting goal
[WARN] [1787331985.106566043] [dclp_go2_policy_ros2]: DCLP stop: waiting goal
[WARN] [1787331987.110909835] [dclp_go2_policy_ros2]: DCLP stop: waiting goal
[WARN] [1787331989.120145269] [dclp_go2_policy_ros2]: DCLP stop: waiting goal
[WARN] [1787331991.120470537] [dclp_go2_policy_ros2]: DCLP stop: waiting goal
[WARN] [1787331993.130961616] [dclp_go2_policy_ros2]: DCLP stop: waiting goal
[WARN] [1787331995.140675044] [dclp_go2_policy_ros2]: DCLP stop: waiting goal
[WARN] [1787331997.150464013] [dclp_go2_policy_ros2]: DCLP stop: waiting goal
[WARN] [1787331999.150856267] [dclp_go2_policy_ros2]: DCLP stop: waiting goal
[WARN] [1787332001.161419741] [dclp_go2_policy_ros2]: DCLP stop: waiting goal
[WARN] [1787332003.170914606] [dclp_go2_policy_ros2]: DCLP stop: waiting goal
[WARN] [1787332005.180121028] [dclp_go2_policy_ros2]: DCLP stop: waiting goal
[WARN] [1787332007.180153371] [dclp_go2_policy_ros2]: DCLP stop: waiting goal
[WARN] [1787332009.180597273] [dclp_go2_policy_ros2]: DCLP stop: waiting goal
[WARN] [1787332011.180761405] [dclp_go2_policy_ros2]: DCLP stop: waiting goal
[WARN] [1787332013.190736739] [dclp_go2_policy_ros2]: DCLP stop: waiting goal
[WARN] [1787332015.200695195] [dclp_go2_policy_ros2]: DCLP stop: waiting goal
[WARN] [1787332017.210413403] [dclp_go2_policy_ros2]: DCLP stop: waiting goal
[WARN] [1787332019.210653297] [dclp_go2_policy_ros2]: DCLP stop: waiting goal
[WARN] [1787332021.211885673] [dclp_go2_policy_ros2]: DCLP stop: waiting goal
[WARN] [1787332023.220305032] [dclp_go2_policy_ros2]: DCLP stop: waiting goal
[WARN] [1787332025.220870346] [dclp_go2_policy_ros2]: DCLP stop: waiting goal
[WARN] [1787332027.221313722] [dclp_go2_policy_ros2]: DCLP stop: waiting goal
[WARN] [1787332029.221694845] [dclp_go2_policy_ros2]: DCLP stop: waiting goal
[WARN] [1787332031.230432380] [dclp_go2_policy_ros2]: DCLP stop: waiting goal
[WARN] [1787332033.241169646] [dclp_go2_policy_ros2]: DCLP stop: waiting goal
[WARN] [1787332035.250481555] [dclp_go2_policy_ros2]: DCLP stop: waiting goal
[WARN] [1787332037.250719683] [dclp_go2_policy_ros2]: DCLP stop: waiting goal
[WARN] [1787332039.261211721] [dclp_go2_policy_ros2]: DCLP stop: waiting goal
[WARN] [1787332041.270434505] [dclp_go2_policy_ros2]: DCLP stop: waiting goal
[WARN] [1787332043.280226649] [dclp_go2_policy_ros2]: DCLP stop: waiting goal
[WARN] [1787332045.280856274] [dclp_go2_policy_ros2]: DCLP stop: waiting goal
[WARN] [1787332047.290570603] [dclp_go2_policy_ros2]: DCLP stop: waiting goal
[WARN] [1787332049.310488246] [dclp_go2_policy_ros2]: DCLP stop: waiting goal
[WARN] [1787332051.310794307] [dclp_go2_policy_ros2]: DCLP stop: waiting goal
[WARN] [1787332053.310796441] [dclp_go2_policy_ros2]: DCLP stop: waiting goal
[WARN] [1787332055.311454500] [dclp_go2_policy_ros2]: DCLP stop: waiting goal
[WARN] [1787332057.320450827] [dclp_go2_policy_ros2]: DCLP stop: waiting goal
[WARN] [1787332059.330360660] [dclp_go2_policy_ros2]: DCLP stop: waiting goal
[WARN] [1787332061.330373767] [dclp_go2_policy_ros2]: DCLP stop: waiting goal
[WARN] [1787332063.340526218] [dclp_go2_policy_ros2]: DCLP stop: waiting goal
[WARN] [1787332065.350723014] [dclp_go2_policy_ros2]: DCLP stop: waiting goal
[WARN] [1787332067.351422207] [dclp_go2_policy_ros2]: DCLP stop: waiting goal
[WARN] [1787332069.360438068] [dclp_go2_policy_ros2]: DCLP stop: waiting goal
[WARN] [1787332071.369918998] [dclp_go2_policy_ros2]: DCLP stop: waiting goal
[WARN] [1787332073.371401884] [dclp_go2_policy_ros2]: DCLP stop: waiting goal
[WARN] [1787332075.379884384] [dclp_go2_policy_ros2]: DCLP stop: waiting goal
[WARN] [1787332077.380534928] [dclp_go2_policy_ros2]: DCLP stop: waiting goal
[WARN] [1787332079.381649519] [dclp_go2_policy_ros2]: DCLP stop: waiting goal
[WARN] [1787332081.390773915] [dclp_go2_policy_ros2]: DCLP stop: waiting goal
[WARN] [1787332083.391346611] [dclp_go2_policy_ros2]: DCLP stop: waiting goal
[WARN] [1787332085.400399437] [dclp_go2_policy_ros2]: DCLP stop: waiting goal
[WARN] [1787332087.401105565] [dclp_go2_policy_ros2]: DCLP stop: waiting goal
[WARN] [1787332089.410255663] [dclp_go2_policy_ros2]: DCLP stop: waiting goal
[WARN] [1787332091.411354148] [dclp_go2_policy_ros2]: DCLP stop: waiting goal
[WARN] [1787332093.419996977] [dclp_go2_policy_ros2]: DCLP stop: waiting goal
[WARN] [1787332095.430009784] [dclp_go2_policy_ros2]: DCLP stop: waiting goal
[WARN] [1787332097.431037304] [dclp_go2_policy_ros2]: DCLP stop: waiting goal
[WARN] [1787332099.441364352] [dclp_go2_policy_ros2]: DCLP stop: waiting goal
[WARN] [1787332101.441406344] [dclp_go2_policy_ros2]: DCLP stop: waiting goal
[WARN] [1787332103.451184556] [dclp_go2_policy_ros2]: DCLP stop: waiting goal
[WARN] [1787332105.450594699] [dclp_go2_policy_ros2]: DCLP stop: waiting goal
[WARN] [1787332107.460836633] [dclp_go2_policy_ros2]: DCLP stop: waiting goal
[WARN] [1787332109.460830666] [dclp_go2_policy_ros2]: DCLP stop: waiting goal
[WARN] [1787332111.469985340] [dclp_go2_policy_ros2]: DCLP stop: waiting goal
[WARN] [1787332113.470309938] [dclp_go2_policy_ros2]: DCLP stop: waiting goal
[WARN] [1787332115.470872910] [dclp_go2_policy_ros2]: DCLP stop: waiting goal
[WARN] [1787332117.480323648] [dclp_go2_policy_ros2]: DCLP stop: waiting goal
[WARN] [1787332119.491979186] [dclp_go2_policy_ros2]: DCLP stop: waiting goal
[WARN] [1787332121.500635094] [dclp_go2_policy_ros2]: DCLP stop: waiting goal
[WARN] [1787332123.500683946] [dclp_go2_policy_ros2]: DCLP stop: waiting goal
[WARN] [1787332125.510457977] [dclp_go2_policy_ros2]: DCLP stop: waiting goal
[WARN] [1787332127.520552467] [dclp_go2_policy_ros2]: DCLP stop: waiting goal
[WARN] [1787332129.530274937] [dclp_go2_policy_ros2]: DCLP stop: waiting goal
[WARN] [1787332131.530819316] [dclp_go2_policy_ros2]: DCLP stop: waiting goal
[WARN] [1787332133.540639863] [dclp_go2_policy_ros2]: DCLP stop: waiting goal
[WARN] [1787332135.541332435] [dclp_go2_policy_ros2]: DCLP stop: waiting goal
[WARN] [1787332137.550914148] [dclp_go2_policy_ros2]: DCLP stop: waiting goal
[WARN] [1787332139.560721180] [dclp_go2_policy_ros2]: DCLP stop: waiting goal
[WARN] [1787332141.570259973] [dclp_go2_policy_ros2]: DCLP stop: waiting goal
[WARN] [1787332143.570403484] [dclp_go2_policy_ros2]: DCLP stop: waiting goal
[WARN] [1787332145.581044050] [dclp_go2_policy_ros2]: DCLP stop: waiting goal
[WARN] [1787332147.591287924] [dclp_go2_policy_ros2]: DCLP stop: waiting goal
[WARN] [1787332149.600625865] [dclp_go2_policy_ros2]: DCLP stop: waiting goal
[WARN] [1787332151.610431057] [dclp_go2_policy_ros2]: DCLP stop: waiting goal
[WARN] [1787332153.620357021] [dclp_go2_policy_ros2]: DCLP stop: waiting goal
[WARN] [1787332155.630250213] [dclp_go2_policy_ros2]: DCLP stop: waiting goal
[WARN] [1787332157.630422479] [dclp_go2_policy_ros2]: DCLP stop: waiting goal
[WARN] [1787332159.640643715] [dclp_go2_policy_ros2]: DCLP stop: waiting goal
[WARN] [1787332161.641345441] [dclp_go2_policy_ros2]: DCLP stop: waiting goal
[WARN] [1787332163.641272764] [dclp_go2_policy_ros2]: DCLP stop: waiting goal
[WARN] [1787332165.650526879] [dclp_go2_policy_ros2]: DCLP stop: waiting goal
[WARN] [1787332167.651066163] [dclp_go2_policy_ros2]: DCLP stop: waiting goal
[WARN] [1787332169.660915535] [dclp_go2_policy_ros2]: DCLP stop: waiting goal
[WARN] [1787332171.670248467] [dclp_go2_policy_ros2]: DCLP stop: waiting goal
[WARN] [1787332173.671582953] [dclp_go2_policy_ros2]: DCLP stop: waiting goal
[WARN] [1787332175.680227371] [dclp_go2_policy_ros2]: DCLP stop: waiting goal
[WARN] [1787332177.691015119] [dclp_go2_policy_ros2]: DCLP stop: waiting goal
[WARN] [1787332179.700914666] [dclp_go2_policy_ros2]: DCLP stop: waiting goal
[WARN] [1787332181.710295373] [dclp_go2_policy_ros2]: DCLP stop: waiting goal
[WARN] [1787332183.710430763] [dclp_go2_policy_ros2]: DCLP stop: waiting goal
[WARN] [1787332185.710941562] [dclp_go2_policy_ros2]: DCLP stop: waiting goal
[WARN] [1787332187.722598884] [dclp_go2_policy_ros2]: DCLP stop: waiting goal
[WARN] [1787332189.730374942] [dclp_go2_policy_ros2]: DCLP stop: waiting goal
[WARN] [1787332191.730674276] [dclp_go2_policy_ros2]: DCLP stop: waiting goal
[WARN] [1787332193.741048181] [dclp_go2_policy_ros2]: DCLP stop: waiting goal
[WARN] [1787332195.750421369] [dclp_go2_policy_ros2]: DCLP stop: waiting goal
[WARN] [1787332197.760234578] [dclp_go2_policy_ros2]: DCLP stop: waiting goal
[WARN] [1787332199.760614911] [dclp_go2_policy_ros2]: DCLP stop: waiting goal
[WARN] [1787332201.761462979] [dclp_go2_policy_ros2]: DCLP stop: waiting goal
[WARN] [1787332203.770240879] [dclp_go2_policy_ros2]: DCLP stop: waiting goal
[WARN] [1787332205.780274038] [dclp_go2_policy_ros2]: DCLP stop: waiting goal
[WARN] [1787332207.790698703] [dclp_go2_policy_ros2]: DCLP stop: waiting goal
[WARN] [1787332209.791072643] [dclp_go2_policy_ros2]: DCLP stop: waiting goal
[WARN] [1787332211.800877539] [dclp_go2_policy_ros2]: DCLP stop: waiting goal
[WARN] [1787332213.810346038] [dclp_go2_policy_ros2]: DCLP stop: waiting goal
[WARN] [1787332215.810669037] [dclp_go2_policy_ros2]: DCLP stop: waiting goal
[WARN] [1787332217.821027180] [dclp_go2_policy_ros2]: DCLP stop: waiting goal
[WARN] [1787332219.830321884] [dclp_go2_policy_ros2]: DCLP stop: waiting goal
[WARN] [1787332221.841577960] [dclp_go2_policy_ros2]: DCLP stop: waiting goal
[WARN] [1787332223.850615665] [dclp_go2_policy_ros2]: DCLP stop: waiting goal
[WARN] [1787332225.860469762] [dclp_go2_policy_ros2]: DCLP stop: waiting goal
[WARN] [1787332227.870224624] [dclp_go2_policy_ros2]: DCLP stop: waiting goal
[WARN] [1787332229.880196939] [dclp_go2_policy_ros2]: DCLP stop: waiting goal
[WARN] [1787332231.881114672] [dclp_go2_policy_ros2]: DCLP stop: waiting goal
[WARN] [1787332233.890508535] [dclp_go2_policy_ros2]: DCLP stop: waiting goal
[WARN] [1787332235.891459779] [dclp_go2_policy_ros2]: DCLP stop: waiting goal
[WARN] [1787332237.900692776] [dclp_go2_policy_ros2]: DCLP stop: waiting goal
[WARN] [1787332239.900832246] [dclp_go2_policy_ros2]: DCLP stop: waiting goal
[WARN] [1787332241.910301325] [dclp_go2_policy_ros2]: DCLP stop: waiting goal
[WARN] [1787332243.910553831] [dclp_go2_policy_ros2]: DCLP stop: waiting goal
[WARN] [1787332245.920297872] [dclp_go2_policy_ros2]: DCLP stop: waiting goal
[WARN] [1787332247.922027093] [dclp_go2_policy_ros2]: DCLP stop: waiting goal
[WARN] [1787332249.930763256] [dclp_go2_policy_ros2]: DCLP stop: waiting goal
[WARN] [1787332251.941135337] [dclp_go2_policy_ros2]: DCLP stop: waiting goal
[WARN] [1787332253.950951685] [dclp_go2_policy_ros2]: DCLP stop: waiting goal
[WARN] [1787332255.960502810] [dclp_go2_policy_ros2]: DCLP stop: waiting goal
[WARN] [1787332257.960770928] [dclp_go2_policy_ros2]: DCLP stop: waiting goal
[WARN] [1787332259.970749152] [dclp_go2_policy_ros2]: DCLP stop: waiting goal
[WARN] [1787332261.980251647] [dclp_go2_policy_ros2]: DCLP stop: waiting goal
[WARN] [1787332263.980508514] [dclp_go2_policy_ros2]: DCLP stop: waiting goal
[WARN] [1787332265.980769163] [dclp_go2_policy_ros2]: DCLP stop: waiting goal
[WARN] [1787332267.990548964] [dclp_go2_policy_ros2]: DCLP stop: waiting goal
[WARN] [1787332269.991094468] [dclp_go2_policy_ros2]: DCLP stop: waiting goal
[WARN] [1787332271.990895623] [dclp_go2_policy_ros2]: DCLP stop: waiting goal
[WARN] [1787332273.991762207] [dclp_go2_policy_ros2]: DCLP stop: waiting goal
[WARN] [1787332276.000669573] [dclp_go2_policy_ros2]: DCLP stop: waiting goal
[WARN] [1787332278.000801479] [dclp_go2_policy_ros2]: DCLP stop: waiting goal
[WARN] [1787332280.010252560] [dclp_go2_policy_ros2]: DCLP stop: waiting goal
[WARN] [1787332282.010826288] [dclp_go2_policy_ros2]: DCLP stop: waiting goal
[WARN] [1787332284.020339463] [dclp_go2_policy_ros2]: DCLP stop: waiting goal
[WARN] [1787332286.020668584] [dclp_go2_policy_ros2]: DCLP stop: waiting goal
[WARN] [1787332288.022129922] [dclp_go2_policy_ros2]: DCLP stop: waiting goal
[WARN] [1787332290.030213578] [dclp_go2_policy_ros2]: DCLP stop: waiting goal
[WARN] [1787332292.040573854] [dclp_go2_policy_ros2]: DCLP stop: waiting goal
[WARN] [1787332294.041395214] [dclp_go2_policy_ros2]: DCLP stop: waiting goal
[WARN] [1787332296.041670859] [dclp_go2_policy_ros2]: DCLP stop: waiting goal
[WARN] [1787332298.050428458] [dclp_go2_policy_ros2]: DCLP stop: waiting goal
[WARN] [1787332300.060399590] [dclp_go2_policy_ros2]: DCLP stop: waiting goal
[WARN] [1787332302.060404299] [dclp_go2_policy_ros2]: DCLP stop: waiting goal
[WARN] [1787332304.060637184] [dclp_go2_policy_ros2]: DCLP stop: waiting goal
[WARN] [1787332306.070439272] [dclp_go2_policy_ros2]: DCLP stop: waiting goal
[WARN] [1787332308.080203381] [dclp_go2_policy_ros2]: DCLP stop: waiting goal
[WARN] [1787332310.080143250] [dclp_go2_policy_ros2]: DCLP stop: waiting goal
[WARN] [1787332312.090595948] [dclp_go2_policy_ros2]: DCLP stop: waiting goal
[WARN] [1787332314.090493205] [dclp_go2_policy_ros2]: DCLP stop: waiting goal
[WARN] [1787332316.100249374] [dclp_go2_policy_ros2]: DCLP stop: waiting goal
[WARN] [1787332318.101355788] [dclp_go2_policy_ros2]: DCLP stop: waiting goal
[WARN] [1787332320.110609037] [dclp_go2_policy_ros2]: DCLP stop: waiting goal
[WARN] [1787332322.110215751] [dclp_go2_policy_ros2]: DCLP stop: waiting goal
[WARN] [1787332324.110434309] [dclp_go2_policy_ros2]: DCLP stop: waiting goal
[WARN] [1787332326.111031419] [dclp_go2_policy_ros2]: DCLP stop: waiting goal
[WARN] [1787332328.120138324] [dclp_go2_policy_ros2]: DCLP stop: waiting goal
[WARN] [1787332330.129945044] [dclp_go2_policy_ros2]: DCLP stop: waiting goal
[WARN] [1787332332.130646695] [dclp_go2_policy_ros2]: DCLP stop: waiting goal
[WARN] [1787332334.130783080] [dclp_go2_policy_ros2]: DCLP stop: waiting goal
[WARN] [1787332336.131165565] [dclp_go2_policy_ros2]: DCLP stop: waiting goal
[WARN] [1787332338.140421349] [dclp_go2_policy_ros2]: DCLP stop: waiting goal
[WARN] [1787332340.141826008] [dclp_go2_policy_ros2]: DCLP stop: waiting goal
[WARN] [1787332342.150031554] [dclp_go2_policy_ros2]: DCLP stop: waiting goal
[WARN] [1787332344.150398840] [dclp_go2_policy_ros2]: DCLP stop: waiting goal
[WARN] [1787332346.150691444] [dclp_go2_policy_ros2]: DCLP stop: waiting goal
[WARN] [1787332348.159912965] [dclp_go2_policy_ros2]: DCLP stop: waiting goal
[WARN] [1787332350.160383098] [dclp_go2_policy_ros2]: DCLP stop: waiting goal
[WARN] [1787332352.169993038] [dclp_go2_policy_ros2]: DCLP stop: waiting goal
[WARN] [1787332354.180844897] [dclp_go2_policy_ros2]: DCLP stop: waiting goal
[WARN] [1787332356.190466152] [dclp_go2_policy_ros2]: DCLP stop: waiting goal
[WARN] [1787332358.191172940] [dclp_go2_policy_ros2]: DCLP stop: waiting goal
[WARN] [1787332360.201260313] [dclp_go2_policy_ros2]: DCLP stop: waiting goal
[WARN] [1787332362.211072099] [dclp_go2_policy_ros2]: DCLP stop: waiting goal
[WARN] [1787332364.211170568] [dclp_go2_policy_ros2]: DCLP stop: waiting goal
[WARN] [1787332366.220308328] [dclp_go2_policy_ros2]: DCLP stop: waiting goal
[WARN] [1787332368.220828947] [dclp_go2_policy_ros2]: DCLP stop: waiting goal
[WARN] [1787332370.230501789] [dclp_go2_policy_ros2]: DCLP stop: waiting goal
[WARN] [1787332372.241244640] [dclp_go2_policy_ros2]: DCLP stop: waiting goal
[WARN] [1787332374.250948864] [dclp_go2_policy_ros2]: DCLP stop: waiting goal
[WARN] [1787332376.260872562] [dclp_go2_policy_ros2]: DCLP stop: waiting goal
[WARN] [1787332378.270399613] [dclp_go2_policy_ros2]: DCLP stop: waiting goal
[WARN] [1787332380.280745271] [dclp_go2_policy_ros2]: DCLP stop: waiting goal
[WARN] [1787332382.294491313] [dclp_go2_policy_ros2]: DCLP stop: waiting goal
[WARN] [1787332384.300520096] [dclp_go2_policy_ros2]: DCLP stop: waiting goal
[WARN] [1787332386.310409539] [dclp_go2_policy_ros2]: DCLP stop: waiting goal
[WARN] [1787332388.310531042] [dclp_go2_policy_ros2]: DCLP stop: waiting goal
[WARN] [1787332390.310851828] [dclp_go2_policy_ros2]: DCLP stop: waiting goal
[WARN] [1787332392.320083963] [dclp_go2_policy_ros2]: DCLP stop: waiting goal
[WARN] [1787332394.320325791] [dclp_go2_policy_ros2]: DCLP stop: waiting goal
[WARN] [1787332396.330194007] [dclp_go2_policy_ros2]: DCLP stop: waiting goal
[WARN] [1787332398.330443921] [dclp_go2_policy_ros2]: DCLP stop: waiting goal
[WARN] [1787332400.330708344] [dclp_go2_policy_ros2]: DCLP stop: waiting goal
[WARN] [1787332402.341079751] [dclp_go2_policy_ros2]: DCLP stop: waiting goal
[WARN] [1787332404.350402195] [dclp_go2_policy_ros2]: DCLP stop: waiting goal
[WARN] [1787332406.350862307] [dclp_go2_policy_ros2]: DCLP stop: waiting goal
[WARN] [1787332408.361049643] [dclp_go2_policy_ros2]: DCLP stop: waiting goal
[WARN] [1787332410.360943290] [dclp_go2_policy_ros2]: DCLP stop: waiting goal
[WARN] [1787332412.370590817] [dclp_go2_policy_ros2]: DCLP stop: waiting goal
[WARN] [1787332414.370894553] [dclp_go2_policy_ros2]: DCLP stop: waiting goal
[WARN] [1787332416.380768417] [dclp_go2_policy_ros2]: DCLP stop: waiting goal
[WARN] [1787332418.380887656] [dclp_go2_policy_ros2]: DCLP stop: waiting goal
[WARN] [1787332420.390231313] [dclp_go2_policy_ros2]: DCLP stop: waiting goal
[WARN] [1787332422.390582841] [dclp_go2_policy_ros2]: DCLP stop: waiting goal
[WARN] [1787332424.390585631] [dclp_go2_policy_ros2]: DCLP stop: waiting goal
[WARN] [1787332426.400432865] [dclp_go2_policy_ros2]: DCLP stop: waiting goal
[WARN] [1787332428.400780398] [dclp_go2_policy_ros2]: DCLP stop: waiting goal
[WARN] [1787332430.411327912] [dclp_go2_policy_ros2]: DCLP stop: waiting goal
[WARN] [1787332432.420398925] [dclp_go2_policy_ros2]: DCLP stop: waiting goal
[WARN] [1787332434.420724958] [dclp_go2_policy_ros2]: DCLP stop: waiting goal
[WARN] [1787332436.430529788] [dclp_go2_policy_ros2]: DCLP stop: waiting goal
[WARN] [1787332438.430699551] [dclp_go2_policy_ros2]: DCLP stop: waiting goal
[WARN] [1787332440.440517526] [dclp_go2_policy_ros2]: DCLP stop: waiting goal
[WARN] [1787332442.440691539] [dclp_go2_policy_ros2]: DCLP stop: waiting goal
[WARN] [1787332444.441483863] [dclp_go2_policy_ros2]: DCLP stop: waiting goal
[WARN] [1787332446.450494897] [dclp_go2_policy_ros2]: DCLP stop: waiting goal
[WARN] [1787332448.460782768] [dclp_go2_policy_ros2]: DCLP stop: waiting goal
[WARN] [1787332450.470594183] [dclp_go2_policy_ros2]: DCLP stop: waiting goal
[WARN] [1787332452.470549594] [dclp_go2_policy_ros2]: DCLP stop: waiting goal
[WARN] [1787332454.480216069] [dclp_go2_policy_ros2]: DCLP stop: waiting goal
[WARN] [1787332456.481053850] [dclp_go2_policy_ros2]: DCLP stop: waiting goal
[WARN] [1787332458.490600377] [dclp_go2_policy_ros2]: DCLP stop: waiting goal
[WARN] [1787332460.500593050] [dclp_go2_policy_ros2]: DCLP stop: waiting goal
[WARN] [1787332462.501556540] [dclp_go2_policy_ros2]: DCLP stop: waiting goal
[WARN] [1787332464.510738580] [dclp_go2_policy_ros2]: DCLP stop: waiting goal
[WARN] [1787332466.510729254] [dclp_go2_policy_ros2]: DCLP stop: waiting goal
[WARN] [1787332468.510771753] [dclp_go2_policy_ros2]: DCLP stop: waiting goal
[WARN] [1787332470.512743438] [dclp_go2_policy_ros2]: DCLP stop: waiting goal
[WARN] [1787332472.520890318] [dclp_go2_policy_ros2]: DCLP stop: waiting goal
[WARN] [1787332474.530290708] [dclp_go2_policy_ros2]: DCLP stop: waiting goal
[WARN] [1787332476.541381777] [dclp_go2_policy_ros2]: DCLP stop: waiting goal
[WARN] [1787332478.550660973] [dclp_go2_policy_ros2]: DCLP stop: waiting goal
[WARN] [1787332480.550858730] [dclp_go2_policy_ros2]: DCLP stop: waiting goal
[WARN] [1787332482.560641272] [dclp_go2_policy_ros2]: DCLP stop: waiting goal
[WARN] [1787332484.570210155] [dclp_go2_policy_ros2]: DCLP stop: waiting goal
[WARN] [1787332486.570939978] [dclp_go2_policy_ros2]: DCLP stop: waiting goal
[WARN] [1787332488.580468055] [dclp_go2_policy_ros2]: DCLP stop: waiting goal
[WARN] [1787332490.590590765] [dclp_go2_policy_ros2]: DCLP stop: waiting goal
[WARN] [1787332492.600271230] [dclp_go2_policy_ros2]: DCLP stop: waiting goal
[WARN] [1787332494.600507809] [dclp_go2_policy_ros2]: DCLP stop: waiting goal
[WARN] [1787332496.600590699] [dclp_go2_policy_ros2]: DCLP stop: waiting goal
[WARN] [1787332498.610901283] [dclp_go2_policy_ros2]: DCLP stop: waiting goal
[WARN] [1787332500.620559566] [dclp_go2_policy_ros2]: DCLP stop: waiting goal
[WARN] [1787332502.621137562] [dclp_go2_policy_ros2]: DCLP stop: waiting goal
[WARN] [1787332504.630431666] [dclp_go2_policy_ros2]: DCLP stop: waiting goal
[WARN] [1787332506.630750290] [dclp_go2_policy_ros2]: DCLP stop: waiting goal
[WARN] [1787332508.630667183] [dclp_go2_policy_ros2]: DCLP stop: waiting goal
[WARN] [1787332510.643238338] [dclp_go2_policy_ros2]: DCLP stop: waiting goal
[WARN] [1787332512.650505214] [dclp_go2_policy_ros2]: DCLP stop: waiting goal
[WARN] [1787332514.650493804] [dclp_go2_policy_ros2]: DCLP stop: waiting goal
[WARN] [1787332516.650786806] [dclp_go2_policy_ros2]: DCLP stop: waiting goal
[WARN] [1787332518.661140838] [dclp_go2_policy_ros2]: DCLP stop: waiting goal
[WARN] [1787332520.670241326] [dclp_go2_policy_ros2]: DCLP stop: waiting goal
[WARN] [1787332522.670503525] [dclp_go2_policy_ros2]: DCLP stop: waiting goal
[WARN] [1787332524.680235368] [dclp_go2_policy_ros2]: DCLP stop: waiting goal
[WARN] [1787332526.680528096] [dclp_go2_policy_ros2]: DCLP stop: waiting goal
[WARN] [1787332528.690444042] [dclp_go2_policy_ros2]: DCLP stop: waiting goal
[WARN] [1787332530.691313370] [dclp_go2_policy_ros2]: DCLP stop: waiting goal
[WARN] [1787332532.703001873] [dclp_go2_policy_ros2]: DCLP stop: waiting goal
[WARN] [1787332534.711070426] [dclp_go2_policy_ros2]: DCLP stop: waiting goal
[WARN] [1787332536.720676181] [dclp_go2_policy_ros2]: DCLP stop: waiting goal
[WARN] [1787332538.721107410] [dclp_go2_policy_ros2]: DCLP stop: waiting goal
[WARN] [1787332540.730240953] [dclp_go2_policy_ros2]: DCLP stop: waiting goal
[WARN] [1787332542.730294502] [dclp_go2_policy_ros2]: DCLP stop: waiting goal
[WARN] [1787332544.730790742] [dclp_go2_policy_ros2]: DCLP stop: waiting goal
[WARN] [1787332546.730915238] [dclp_go2_policy_ros2]: DCLP stop: waiting goal
[WARN] [1787332548.730630324] [dclp_go2_policy_ros2]: DCLP stop: waiting goal
[WARN] [1787332550.740573424] [dclp_go2_policy_ros2]: DCLP stop: waiting goal
[WARN] [1787332552.740570219] [dclp_go2_policy_ros2]: DCLP stop: waiting goal
[WARN] [1787332554.750150712] [dclp_go2_policy_ros2]: DCLP stop: waiting goal
[WARN] [1787332556.750519365] [dclp_go2_policy_ros2]: DCLP stop: waiting goal
[WARN] [1787332558.750448175] [dclp_go2_policy_ros2]: DCLP stop: waiting goal
[WARN] [1787332560.761348678] [dclp_go2_policy_ros2]: DCLP stop: waiting goal
[WARN] [1787332562.771182144] [dclp_go2_policy_ros2]: DCLP stop: waiting goal
[WARN] [1787332564.771117501] [dclp_go2_policy_ros2]: DCLP stop: waiting goal
[WARN] [1787332566.779957677] [dclp_go2_policy_ros2]: DCLP stop: waiting goal
[WARN] [1787332568.779983152] [dclp_go2_policy_ros2]: DCLP stop: waiting goal
[WARN] [1787332570.790291938] [dclp_go2_policy_ros2]: DCLP stop: waiting goal
[WARN] [1787332572.800163889] [dclp_go2_policy_ros2]: DCLP stop: waiting goal
[WARN] [1787332574.801202259] [dclp_go2_policy_ros2]: DCLP stop: waiting goal
[WARN] [1787332576.810219744] [dclp_go2_policy_ros2]: DCLP stop: waiting goal
[WARN] [1787332578.810429888] [dclp_go2_policy_ros2]: DCLP stop: waiting goal
[WARN] [1787332580.819946244] [dclp_go2_policy_ros2]: DCLP stop: waiting goal
[WARN] [1787332582.820147751] [dclp_go2_policy_ros2]: DCLP stop: waiting goal
[WARN] [1787332584.830389229] [dclp_go2_policy_ros2]: DCLP stop: waiting goal
[WARN] [1787332586.840904241] [dclp_go2_policy_ros2]: DCLP stop: waiting goal
[WARN] [1787332588.841363859] [dclp_go2_policy_ros2]: DCLP stop: waiting goal
[WARN] [1787332590.850198833] [dclp_go2_policy_ros2]: DCLP stop: waiting goal
[WARN] [1787332592.850245284] [dclp_go2_policy_ros2]: DCLP stop: waiting goal
[WARN] [1787332594.860575590] [dclp_go2_policy_ros2]: DCLP stop: waiting goal
[WARN] [1787332596.860389331] [dclp_go2_policy_ros2]: DCLP stop: waiting goal
[WARN] [1787332598.871010149] [dclp_go2_policy_ros2]: DCLP stop: waiting goal
[WARN] [1787332600.879995553] [dclp_go2_policy_ros2]: DCLP stop: waiting goal
[WARN] [1787332602.880934068] [dclp_go2_policy_ros2]: DCLP stop: waiting goal
[WARN] [1787332604.890161215] [dclp_go2_policy_ros2]: DCLP stop: waiting goal
[WARN] [1787332606.890547646] [dclp_go2_policy_ros2]: DCLP stop: waiting goal
[WARN] [1787332608.900134588] [dclp_go2_policy_ros2]: DCLP stop: waiting goal
[WARN] [1787332610.900380985] [dclp_go2_policy_ros2]: DCLP stop: waiting goal
[WARN] [1787332612.910209318] [dclp_go2_policy_ros2]: DCLP stop: waiting goal
[WARN] [1787332614.910284864] [dclp_go2_policy_ros2]: DCLP stop: waiting goal
[WARN] [1787332616.920100689] [dclp_go2_policy_ros2]: DCLP stop: waiting goal
[WARN] [1787332618.920574497] [dclp_go2_policy_ros2]: DCLP stop: waiting goal
[WARN] [1787332620.930527068] [dclp_go2_policy_ros2]: DCLP stop: waiting goal
[WARN] [1787332622.931237339] [dclp_go2_policy_ros2]: DCLP stop: waiting goal
[WARN] [1787332624.940164079] [dclp_go2_policy_ros2]: DCLP stop: waiting goal
[WARN] [1787332626.940276889] [dclp_go2_policy_ros2]: DCLP stop: waiting goal
[WARN] [1787332628.940328627] [dclp_go2_policy_ros2]: DCLP stop: waiting goal
[WARN] [1787332630.941628789] [dclp_go2_policy_ros2]: DCLP stop: waiting goal
[WARN] [1787332632.950248326] [dclp_go2_policy_ros2]: DCLP stop: waiting goal
[WARN] [1787332634.960232421] [dclp_go2_policy_ros2]: DCLP stop: waiting goal
[WARN] [1787332636.970021358] [dclp_go2_policy_ros2]: DCLP stop: waiting goal
[WARN] [1787332638.970604636] [dclp_go2_policy_ros2]: DCLP stop: waiting goal
[WARN] [1787332640.979973017] [dclp_go2_policy_ros2]: DCLP stop: waiting goal
[WARN] [1787332642.980517676] [dclp_go2_policy_ros2]: DCLP stop: waiting goal
[WARN] [1787332644.990936731] [dclp_go2_policy_ros2]: DCLP stop: waiting goal
[WARN] [1787332647.001008623] [dclp_go2_policy_ros2]: DCLP stop: waiting goal
[WARN] [1787332649.010208175] [dclp_go2_policy_ros2]: DCLP stop: waiting goal
[WARN] [1787332651.021219602] [dclp_go2_policy_ros2]: DCLP stop: waiting goal
[WARN] [1787332653.020680277] [dclp_go2_policy_ros2]: DCLP stop: waiting goal
[WARN] [1787332655.029917425] [dclp_go2_policy_ros2]: DCLP stop: waiting goal
[WARN] [1787332657.030213407] [dclp_go2_policy_ros2]: DCLP stop: waiting goal
[WARN] [1787332659.040304902] [dclp_go2_policy_ros2]: DCLP stop: waiting goal
[WARN] [1787332661.041052047] [dclp_go2_policy_ros2]: DCLP stop: waiting goal
[WARN] [1787332663.050204692] [dclp_go2_policy_ros2]: DCLP stop: waiting goal
[WARN] [1787332665.050266406] [dclp_go2_policy_ros2]: DCLP stop: waiting goal
[WARN] [1787332667.060010316] [dclp_go2_policy_ros2]: DCLP stop: waiting goal
[WARN] [1787332669.060039460] [dclp_go2_policy_ros2]: DCLP stop: waiting goal
[WARN] [1787332671.060447743] [dclp_go2_policy_ros2]: DCLP stop: waiting goal
[WARN] [1787332673.071071526] [dclp_go2_policy_ros2]: DCLP stop: waiting goal
[WARN] [1787332675.080444939] [dclp_go2_policy_ros2]: DCLP stop: waiting goal
[WARN] [1787332677.080172612] [dclp_go2_policy_ros2]: DCLP stop: waiting goal
[WARN] [1787332679.090345843] [dclp_go2_policy_ros2]: DCLP stop: waiting goal
[WARN] [1787332681.100043297] [dclp_go2_policy_ros2]: DCLP stop: waiting goal
[WARN] [1787332683.100132677] [dclp_go2_policy_ros2]: DCLP stop: waiting goal
[WARN] [1787332685.100228446] [dclp_go2_policy_ros2]: DCLP stop: waiting goal
[WARN] [1787332687.101072427] [dclp_go2_policy_ros2]: DCLP stop: waiting goal
[WARN] [1787332689.110249203] [dclp_go2_policy_ros2]: DCLP stop: waiting goal
[WARN] [1787332691.120161134] [dclp_go2_policy_ros2]: DCLP stop: waiting goal
[WARN] [1787332693.121024984] [dclp_go2_policy_ros2]: DCLP stop: waiting goal
[WARN] [1787332695.120810441] [dclp_go2_policy_ros2]: DCLP stop: waiting goal
[WARN] [1787332697.129961856] [dclp_go2_policy_ros2]: DCLP stop: waiting goal
[WARN] [1787332699.130147306] [dclp_go2_policy_ros2]: DCLP stop: waiting goal
[WARN] [1787332701.131141323] [dclp_go2_policy_ros2]: DCLP stop: waiting goal
[WARN] [1787332703.140429541] [dclp_go2_policy_ros2]: DCLP stop: waiting goal
[WARN] [1787332705.150155558] [dclp_go2_policy_ros2]: DCLP stop: waiting goal
[WARN] [1787332707.150155034] [dclp_go2_policy_ros2]: DCLP stop: waiting goal
[WARN] [1787332709.150258375] [dclp_go2_policy_ros2]: DCLP stop: waiting goal
[WARN] [1787332711.150438155] [dclp_go2_policy_ros2]: DCLP stop: waiting goal
[WARN] [1787332713.160176447] [dclp_go2_policy_ros2]: DCLP stop: waiting goal
[WARN] [1787332715.160208647] [dclp_go2_policy_ros2]: DCLP stop: waiting goal
[WARN] [1787332717.160846845] [dclp_go2_policy_ros2]: DCLP stop: waiting goal
[WARN] [1787332719.170030935] [dclp_go2_policy_ros2]: DCLP stop: waiting goal
[WARN] [1787332721.170846335] [dclp_go2_policy_ros2]: DCLP stop: waiting goal
[WARN] [1787332723.180832548] [dclp_go2_policy_ros2]: DCLP stop: waiting goal
[WARN] [1787332725.190289416] [dclp_go2_policy_ros2]: DCLP stop: waiting goal
[WARN] [1787332727.190896870] [dclp_go2_policy_ros2]: DCLP stop: waiting goal
[WARN] [1787332729.200231406] [dclp_go2_policy_ros2]: DCLP stop: waiting goal
[WARN] [1787332731.200788691] [dclp_go2_policy_ros2]: DCLP stop: waiting goal
[WARN] [1787332733.212437545] [dclp_go2_policy_ros2]: DCLP stop: waiting goal
[WARN] [1787332735.220511803] [dclp_go2_policy_ros2]: DCLP stop: waiting goal
[WARN] [1787332737.230981000] [dclp_go2_policy_ros2]: DCLP stop: waiting goal
[WARN] [1787332739.240870577] [dclp_go2_policy_ros2]: DCLP stop: waiting goal
[WARN] [1787332741.240799845] [dclp_go2_policy_ros2]: DCLP stop: waiting goal
[WARN] [1787332743.241159393] [dclp_go2_policy_ros2]: DCLP stop: waiting goal
[WARN] [1787332745.250230823] [dclp_go2_policy_ros2]: DCLP stop: waiting goal
[WARN] [1787332747.260543800] [dclp_go2_policy_ros2]: DCLP stop: waiting goal
[WARN] [1787332749.260709515] [dclp_go2_policy_ros2]: DCLP stop: waiting goal
[WARN] [1787332751.262047911] [dclp_go2_policy_ros2]: DCLP stop: waiting goal
[WARN] [1787332753.270655758] [dclp_go2_policy_ros2]: DCLP stop: waiting goal
[WARN] [1787332755.280236853] [dclp_go2_policy_ros2]: DCLP stop: waiting goal
[WARN] [1787332757.290124159] [dclp_go2_policy_ros2]: DCLP stop: waiting goal
[WARN] [1787332759.290514888] [dclp_go2_policy_ros2]: DCLP stop: waiting goal
[WARN] [1787332761.291841358] [dclp_go2_policy_ros2]: DCLP stop: waiting goal
[WARN] [1787332763.300192759] [dclp_go2_policy_ros2]: DCLP stop: waiting goal
[WARN] [1787332765.300821867] [dclp_go2_policy_ros2]: DCLP stop: waiting goal
[WARN] [1787332767.311716492] [dclp_go2_policy_ros2]: DCLP stop: waiting goal
[WARN] [1787332769.320922490] [dclp_go2_policy_ros2]: DCLP stop: waiting goal
[WARN] [1787332771.330232451] [dclp_go2_policy_ros2]: DCLP stop: waiting goal
[WARN] [1787332773.340309666] [dclp_go2_policy_ros2]: DCLP stop: waiting goal
[WARN] [1787332775.340509265] [dclp_go2_policy_ros2]: DCLP stop: waiting goal
[WARN] [1787332777.350317392] [dclp_go2_policy_ros2]: DCLP stop: waiting goal
[WARN] [1787332779.350974911] [dclp_go2_policy_ros2]: DCLP stop: waiting goal
[WARN] [1787332781.350471698] [dclp_go2_policy_ros2]: DCLP stop: waiting goal
[WARN] [1787332783.351110444] [dclp_go2_policy_ros2]: DCLP stop: waiting goal
[WARN] [1787332785.360198789] [dclp_go2_policy_ros2]: DCLP stop: waiting goal
[WARN] [1787332787.360459579] [dclp_go2_policy_ros2]: DCLP stop: waiting goal
[WARN] [1787332789.370440934] [dclp_go2_policy_ros2]: DCLP stop: waiting goal
[WARN] [1787332791.380237792] [dclp_go2_policy_ros2]: DCLP stop: waiting goal
[WARN] [1787332793.390493347] [dclp_go2_policy_ros2]: DCLP stop: waiting goal
[WARN] [1787332795.400364684] [dclp_go2_policy_ros2]: DCLP stop: waiting goal
[WARN] [1787332797.401002178] [dclp_go2_policy_ros2]: DCLP stop: waiting goal
[WARN] [1787332799.410434149] [dclp_go2_policy_ros2]: DCLP stop: waiting goal
[WARN] [1787332801.420423158] [dclp_go2_policy_ros2]: DCLP stop: waiting goal
[WARN] [1787332803.422878525] [dclp_go2_policy_ros2]: DCLP stop: waiting goal
[WARN] [1787332805.430228650] [dclp_go2_policy_ros2]: DCLP stop: waiting goal
[WARN] [1787332807.448195667] [dclp_go2_policy_ros2]: DCLP stop: waiting goal
[WARN] [1787332809.450492086] [dclp_go2_policy_ros2]: DCLP stop: waiting goal
[WARN] [1787332811.472152266] [dclp_go2_policy_ros2]: DCLP stop: waiting goal
[WARN] [1787332813.480709861] [dclp_go2_policy_ros2]: DCLP stop: waiting goal
[WARN] [1787332815.490655314] [dclp_go2_policy_ros2]: DCLP stop: waiting goal
[WARN] [1787332817.500223558] [dclp_go2_policy_ros2]: DCLP stop: waiting goal
[WARN] [1787332819.500502500] [dclp_go2_policy_ros2]: DCLP stop: waiting goal
[WARN] [1787332821.510437301] [dclp_go2_policy_ros2]: DCLP stop: waiting goal
[WARN] [1787332823.510917706] [dclp_go2_policy_ros2]: DCLP stop: waiting goal
[WARN] [1787332825.520761828] [dclp_go2_policy_ros2]: DCLP stop: waiting goal
[WARN] [1787332827.530191268] [dclp_go2_policy_ros2]: DCLP stop: waiting goal
[WARN] [1787332829.530523671] [dclp_go2_policy_ros2]: DCLP stop: waiting goal
[WARN] [1787332831.540592319] [dclp_go2_policy_ros2]: DCLP stop: waiting goal
[WARN] [1787332833.540727864] [dclp_go2_policy_ros2]: DCLP stop: waiting goal
[WARN] [1787332835.550388157] [dclp_go2_policy_ros2]: DCLP stop: waiting goal
[WARN] [1787332837.550369053] [dclp_go2_policy_ros2]: DCLP stop: waiting goal
[WARN] [1787332839.550685539] [dclp_go2_policy_ros2]: DCLP stop: waiting goal
[WARN] [1787332841.560194759] [dclp_go2_policy_ros2]: DCLP stop: waiting goal
[WARN] [1787332843.560814120] [dclp_go2_policy_ros2]: DCLP stop: waiting goal
[WARN] [1787332845.561218519] [dclp_go2_policy_ros2]: DCLP stop: waiting goal
[WARN] [1787332847.570242444] [dclp_go2_policy_ros2]: DCLP stop: waiting goal
[WARN] [1787332849.580296740] [dclp_go2_policy_ros2]: DCLP stop: waiting goal
[WARN] [1787332851.580624118] [dclp_go2_policy_ros2]: DCLP stop: waiting goal
[WARN] [1787332853.591427612] [dclp_go2_policy_ros2]: DCLP stop: waiting goal
[WARN] [1787332855.601443321] [dclp_go2_policy_ros2]: DCLP stop: waiting goal
[WARN] [1787332857.610193847] [dclp_go2_policy_ros2]: DCLP stop: waiting goal
[WARN] [1787332859.610307325] [dclp_go2_policy_ros2]: DCLP stop: waiting goal
[WARN] [1787332861.610393497] [dclp_go2_policy_ros2]: DCLP stop: waiting goal
[WARN] [1787332863.610561584] [dclp_go2_policy_ros2]: DCLP stop: waiting goal
[WARN] [1787332865.620929457] [dclp_go2_policy_ros2]: DCLP stop: waiting goal
[WARN] [1787332867.621621646] [dclp_go2_policy_ros2]: DCLP stop: waiting goal
[WARN] [1787332869.630209874] [dclp_go2_policy_ros2]: DCLP stop: waiting goal
[WARN] [1787332871.630489837] [dclp_go2_policy_ros2]: DCLP stop: waiting goal
[WARN] [1787332873.640246418] [dclp_go2_policy_ros2]: DCLP stop: waiting goal
[WARN] [1787332875.640630368] [dclp_go2_policy_ros2]: DCLP stop: waiting goal
[WARN] [1787332877.641354869] [dclp_go2_policy_ros2]: DCLP stop: waiting goal
[WARN] [1787332879.650530760] [dclp_go2_policy_ros2]: DCLP stop: waiting goal
[WARN] [1787332881.660838116] [dclp_go2_policy_ros2]: DCLP stop: waiting goal
[WARN] [1787332883.670270290] [dclp_go2_policy_ros2]: DCLP stop: waiting goal
[WARN] [1787332885.670722330] [dclp_go2_policy_ros2]: DCLP stop: waiting goal
[WARN] [1787332887.680221371] [dclp_go2_policy_ros2]: DCLP stop: waiting goal
[WARN] [1787332889.681509847] [dclp_go2_policy_ros2]: DCLP stop: waiting goal
[WARN] [1787332891.690645976] [dclp_go2_policy_ros2]: DCLP stop: waiting goal
[WARN] [1787332893.691955365] [dclp_go2_policy_ros2]: DCLP stop: waiting goal
[WARN] [1787332895.701170073] [dclp_go2_policy_ros2]: DCLP stop: waiting goal
[WARN] [1787332897.701017880] [dclp_go2_policy_ros2]: DCLP stop: waiting goal
[WARN] [1787332899.711280169] [dclp_go2_policy_ros2]: DCLP stop: waiting goal
[WARN] [1787332901.720386945] [dclp_go2_policy_ros2]: DCLP stop: waiting goal
[WARN] [1787332903.730737510] [dclp_go2_policy_ros2]: DCLP stop: waiting goal
[WARN] [1787332905.740666609] [dclp_go2_policy_ros2]: DCLP stop: waiting goal
[WARN] [1787332907.750581268] [dclp_go2_policy_ros2]: DCLP stop: waiting goal
[WARN] [1787332909.751161827] [dclp_go2_policy_ros2]: DCLP stop: waiting goal
[WARN] [1787332911.760248659] [dclp_go2_policy_ros2]: DCLP stop: waiting goal
[WARN] [1787332913.760227609] [dclp_go2_policy_ros2]: DCLP stop: waiting goal
[WARN] [1787332915.760220120] [dclp_go2_policy_ros2]: DCLP stop: waiting goal
[WARN] [1787332917.760717764] [dclp_go2_policy_ros2]: DCLP stop: waiting goal
[WARN] [1787332919.760980159] [dclp_go2_policy_ros2]: DCLP stop: waiting goal
[WARN] [1787332921.771199865] [dclp_go2_policy_ros2]: DCLP stop: waiting goal
[WARN] [1787332923.780203928] [dclp_go2_policy_ros2]: DCLP stop: waiting goal
[WARN] [1787332925.780739208] [dclp_go2_policy_ros2]: DCLP stop: waiting goal
[WARN] [1787332927.790928394] [dclp_go2_policy_ros2]: DCLP stop: waiting goal
[WARN] [1787332929.801067747] [dclp_go2_policy_ros2]: DCLP stop: waiting goal
[WARN] [1787332931.801907369] [dclp_go2_policy_ros2]: DCLP stop: waiting goal
[WARN] [1787332933.810247175] [dclp_go2_policy_ros2]: DCLP stop: waiting goal
[WARN] [1787332935.810694062] [dclp_go2_policy_ros2]: DCLP stop: waiting goal
[WARN] [1787332937.821296572] [dclp_go2_policy_ros2]: DCLP stop: waiting goal
[WARN] [1787332939.830693616] [dclp_go2_policy_ros2]: DCLP stop: waiting goal
[WARN] [1787332941.841162314] [dclp_go2_policy_ros2]: DCLP stop: waiting goal
[WARN] [1787332943.841877152] [dclp_go2_policy_ros2]: DCLP stop: waiting goal
[WARN] [1787332945.850898030] [dclp_go2_policy_ros2]: DCLP stop: waiting goal
[WARN] [1787332947.860642035] [dclp_go2_policy_ros2]: DCLP stop: waiting goal
[WARN] [1787332949.861030981] [dclp_go2_policy_ros2]: DCLP stop: waiting goal
[WARN] [1787332951.870472656] [dclp_go2_policy_ros2]: DCLP stop: waiting goal
[WARN] [1787332953.880831642] [dclp_go2_policy_ros2]: DCLP stop: waiting goal
[WARN] [1787332955.891178941] [dclp_go2_policy_ros2]: DCLP stop: waiting goal
[WARN] [1787332957.900563247] [dclp_go2_policy_ros2]: DCLP stop: waiting goal
[WARN] [1787332959.910672697] [dclp_go2_policy_ros2]: DCLP stop: waiting goal
[WARN] [1787332961.920268103] [dclp_go2_policy_ros2]: DCLP stop: waiting goal
[WARN] [1787332963.920480800] [dclp_go2_policy_ros2]: DCLP stop: waiting goal
[WARN] [1787332965.930627703] [dclp_go2_policy_ros2]: DCLP stop: waiting goal
[WARN] [1787332967.940941710] [dclp_go2_policy_ros2]: DCLP stop: waiting goal
[WARN] [1787332969.950609635] [dclp_go2_policy_ros2]: DCLP stop: waiting goal
[WARN] [1787332971.960624383] [dclp_go2_policy_ros2]: DCLP stop: waiting goal
[WARN] [1787332973.970251172] [dclp_go2_policy_ros2]: DCLP stop: waiting goal
[WARN] [1787332975.980152526] [dclp_go2_policy_ros2]: DCLP stop: waiting goal
[WARN] [1787332977.990372383] [dclp_go2_policy_ros2]: DCLP stop: waiting goal
[WARN] [1787332979.991091447] [dclp_go2_policy_ros2]: DCLP stop: waiting goal
[WARN] [1787332982.000190122] [dclp_go2_policy_ros2]: DCLP stop: waiting goal
[WARN] [1787332984.000546373] [dclp_go2_policy_ros2]: DCLP stop: waiting goal
[WARN] [1787332986.009945784] [dclp_go2_policy_ros2]: DCLP stop: waiting goal
[WARN] [1787332988.010223458] [dclp_go2_policy_ros2]: DCLP stop: waiting goal
[WARN] [1787332990.010826516] [dclp_go2_policy_ros2]: DCLP stop: waiting goal
[WARN] [1787332992.011440415] [dclp_go2_policy_ros2]: DCLP stop: waiting goal
[WARN] [1787332994.011767096] [dclp_go2_policy_ros2]: DCLP stop: waiting goal
[WARN] [1787332996.019896980] [dclp_go2_policy_ros2]: DCLP stop: waiting goal
[WARN] [1787332998.029894841] [dclp_go2_policy_ros2]: DCLP stop: waiting goal
[WARN] [1787333000.030635024] [dclp_go2_policy_ros2]: DCLP stop: waiting goal
[WARN] [1787333002.030728996] [dclp_go2_policy_ros2]: DCLP stop: waiting goal
[WARN] [1787333004.040444938] [dclp_go2_policy_ros2]: DCLP stop: waiting goal
[WARN] [1787333006.040656855] [dclp_go2_policy_ros2]: DCLP stop: waiting goal
[WARN] [1787333008.051520543] [dclp_go2_policy_ros2]: DCLP stop: waiting goal
[WARN] [1787333010.061037705] [dclp_go2_policy_ros2]: DCLP stop: waiting goal
[WARN] [1787333012.070782550] [dclp_go2_policy_ros2]: DCLP stop: waiting goal
[WARN] [1787333014.079944708] [dclp_go2_policy_ros2]: DCLP stop: waiting goal
[WARN] [1787333016.080431932] [dclp_go2_policy_ros2]: DCLP stop: waiting goal
[WARN] [1787333018.091093181] [dclp_go2_policy_ros2]: DCLP stop: waiting goal
[WARN] [1787333020.101306820] [dclp_go2_policy_ros2]: DCLP stop: waiting goal
[WARN] [1787333022.110241807] [dclp_go2_policy_ros2]: DCLP stop: waiting goal
[WARN] [1787333024.121649949] [dclp_go2_policy_ros2]: DCLP stop: waiting goal
[WARN] [1787333026.131205174] [dclp_go2_policy_ros2]: DCLP stop: waiting goal
[WARN] [1787333028.140270035] [dclp_go2_policy_ros2]: DCLP stop: waiting goal
[WARN] [1787333030.141098319] [dclp_go2_policy_ros2]: DCLP stop: waiting goal
[WARN] [1787333032.141547861] [dclp_go2_policy_ros2]: DCLP stop: waiting goal
[WARN] [1787333034.150257170] [dclp_go2_policy_ros2]: DCLP stop: waiting goal
[WARN] [1787333036.160810614] [dclp_go2_policy_ros2]: DCLP stop: waiting goal
[WARN] [1787333038.160235710] [dclp_go2_policy_ros2]: DCLP stop: waiting goal
[WARN] [1787333040.169890897] [dclp_go2_policy_ros2]: DCLP stop: waiting goal
[WARN] [1787333042.169969513] [dclp_go2_policy_ros2]: DCLP stop: waiting goal
[WARN] [1787333044.171356210] [dclp_go2_policy_ros2]: DCLP stop: waiting goal
[WARN] [1787333046.181229532] [dclp_go2_policy_ros2]: DCLP stop: waiting goal
[WARN] [1787333048.190113430] [dclp_go2_policy_ros2]: DCLP stop: waiting goal
[WARN] [1787333050.190228312] [dclp_go2_policy_ros2]: DCLP stop: waiting goal
[WARN] [1787333052.190654497] [dclp_go2_policy_ros2]: DCLP stop: waiting goal
[WARN] [1787333054.201196239] [dclp_go2_policy_ros2]: DCLP stop: waiting goal
[WARN] [1787333056.210573222] [dclp_go2_policy_ros2]: DCLP stop: waiting goal
[WARN] [1787333058.220876799] [dclp_go2_policy_ros2]: DCLP stop: waiting goal
[WARN] [1787333060.230462451] [dclp_go2_policy_ros2]: DCLP stop: waiting goal
[WARN] [1787333062.242151066] [dclp_go2_policy_ros2]: DCLP stop: waiting goal
[WARN] [1787333064.251474328] [dclp_go2_policy_ros2]: DCLP stop: waiting goal
[WARN] [1787333066.260566342] [dclp_go2_policy_ros2]: DCLP stop: waiting goal
[WARN] [1787333068.260437130] [dclp_go2_policy_ros2]: DCLP stop: waiting goal
[WARN] [1787333070.261348244] [dclp_go2_policy_ros2]: DCLP stop: waiting goal
[WARN] [1787333072.270128164] [dclp_go2_policy_ros2]: DCLP stop: waiting goal
[WARN] [1787333074.279895192] [dclp_go2_policy_ros2]: DCLP stop: waiting goal
[WARN] [1787333076.281254660] [dclp_go2_policy_ros2]: DCLP stop: waiting goal
[WARN] [1787333078.290713888] [dclp_go2_policy_ros2]: DCLP stop: waiting goal
[WARN] [1787333080.300120148] [dclp_go2_policy_ros2]: DCLP stop: waiting goal
[WARN] [1787333082.300086228] [dclp_go2_policy_ros2]: DCLP stop: waiting goal
[WARN] [1787333084.301293668] [dclp_go2_policy_ros2]: DCLP stop: waiting goal
[WARN] [1787333086.310956498] [dclp_go2_policy_ros2]: DCLP stop: waiting goal
[WARN] [1787333088.320044067] [dclp_go2_policy_ros2]: DCLP stop: waiting goal
[WARN] [1787333090.329901966] [dclp_go2_policy_ros2]: DCLP stop: waiting goal
[WARN] [1787333092.340236296] [dclp_go2_policy_ros2]: DCLP stop: waiting goal
[WARN] [1787333094.341748905] [dclp_go2_policy_ros2]: DCLP stop: waiting goal
[WARN] [1787333096.340922402] [dclp_go2_policy_ros2]: DCLP stop: waiting goal
[WARN] [1787333098.350232129] [dclp_go2_policy_ros2]: DCLP stop: waiting goal
[WARN] [1787333100.360170709] [dclp_go2_policy_ros2]: DCLP stop: waiting goal
[WARN] [1787333102.360259109] [dclp_go2_policy_ros2]: DCLP stop: waiting goal
[WARN] [1787333104.369989125] [dclp_go2_policy_ros2]: DCLP stop: waiting goal
[WARN] [1787333106.370070730] [dclp_go2_policy_ros2]: DCLP stop: waiting goal
[WARN] [1787333108.380089484] [dclp_go2_policy_ros2]: DCLP stop: waiting goal
[WARN] [1787333110.390905258] [dclp_go2_policy_ros2]: DCLP stop: waiting goal
[WARN] [1787333112.400772924] [dclp_go2_policy_ros2]: DCLP stop: waiting goal
[WARN] [1787333114.400734214] [dclp_go2_policy_ros2]: DCLP stop: waiting goal
[WARN] [1787333116.409999604] [dclp_go2_policy_ros2]: DCLP stop: waiting goal
[WARN] [1787333118.410590895] [dclp_go2_policy_ros2]: DCLP stop: waiting goal
[WARN] [1787333120.410995869] [dclp_go2_policy_ros2]: DCLP stop: waiting goal
[WARN] [1787333122.420009936] [dclp_go2_policy_ros2]: DCLP stop: waiting goal
[WARN] [1787333124.430298740] [dclp_go2_policy_ros2]: DCLP stop: waiting goal
[WARN] [1787333126.430503274] [dclp_go2_policy_ros2]: DCLP stop: waiting goal
[WARN] [1787333128.440625949] [dclp_go2_policy_ros2]: DCLP stop: waiting goal
[WARN] [1787333130.441079476] [dclp_go2_policy_ros2]: DCLP stop: waiting goal
[WARN] [1787333132.450083758] [dclp_go2_policy_ros2]: DCLP stop: waiting goal
[WARN] [1787333134.451000526] [dclp_go2_policy_ros2]: DCLP stop: waiting goal
[WARN] [1787333136.459916090] [dclp_go2_policy_ros2]: DCLP stop: waiting goal
[WARN] [1787333138.460604870] [dclp_go2_policy_ros2]: DCLP stop: waiting goal
[WARN] [1787333140.470209829] [dclp_go2_policy_ros2]: DCLP stop: waiting goal
[WARN] [1787333142.479903203] [dclp_go2_policy_ros2]: DCLP stop: waiting goal
[WARN] [1787333144.479975271] [dclp_go2_policy_ros2]: DCLP stop: waiting goal
[WARN] [1787333146.491566731] [dclp_go2_policy_ros2]: DCLP stop: waiting goal
[WARN] [1787333148.501424545] [dclp_go2_policy_ros2]: DCLP stop: waiting goal
[WARN] [1787333150.510127521] [dclp_go2_policy_ros2]: DCLP stop: waiting goal
[WARN] [1787333152.519935660] [dclp_go2_policy_ros2]: DCLP stop: waiting goal
[WARN] [1787333154.521026530] [dclp_go2_policy_ros2]: DCLP stop: waiting goal
[WARN] [1787333156.530577464] [dclp_go2_policy_ros2]: DCLP stop: waiting goal
[WARN] [1787333158.540222861] [dclp_go2_policy_ros2]: DCLP stop: waiting goal
[WARN] [1787333160.541894638] [dclp_go2_policy_ros2]: DCLP stop: waiting goal
[WARN] [1787333162.550356807] [dclp_go2_policy_ros2]: DCLP stop: waiting goal
[WARN] [1787333164.551030069] [dclp_go2_policy_ros2]: DCLP stop: waiting goal
[WARN] [1787333166.560072861] [dclp_go2_policy_ros2]: DCLP stop: waiting goal
[WARN] [1787333168.560931177] [dclp_go2_policy_ros2]: DCLP stop: waiting goal
[WARN] [1787333170.561112180] [dclp_go2_policy_ros2]: DCLP stop: waiting goal
[WARN] [1787333172.569945766] [dclp_go2_policy_ros2]: DCLP stop: waiting goal
[WARN] [1787333174.570877447] [dclp_go2_policy_ros2]: DCLP stop: waiting goal
[WARN] [1787333176.579952185] [dclp_go2_policy_ros2]: DCLP stop: waiting goal
[WARN] [1787333178.581171069] [dclp_go2_policy_ros2]: DCLP stop: waiting goal
[WARN] [1787333180.590307593] [dclp_go2_policy_ros2]: DCLP stop: waiting goal
[WARN] [1787333182.600128622] [dclp_go2_policy_ros2]: DCLP stop: waiting goal
[WARN] [1787333184.600392220] [dclp_go2_policy_ros2]: DCLP stop: waiting goal
[WARN] [1787333186.601307841] [dclp_go2_policy_ros2]: DCLP stop: waiting goal
[WARN] [1787333188.610222706] [dclp_go2_policy_ros2]: DCLP stop: waiting goal
[WARN] [1787333190.611396024] [dclp_go2_policy_ros2]: DCLP stop: waiting goal
[WARN] [1787333192.620656783] [dclp_go2_policy_ros2]: DCLP stop: waiting goal
[WARN] [1787333194.629987812] [dclp_go2_policy_ros2]: DCLP stop: waiting goal
[WARN] [1787333196.640087444] [dclp_go2_policy_ros2]: DCLP stop: waiting goal
[WARN] [1787333198.640314562] [dclp_go2_policy_ros2]: DCLP stop: waiting goal
[WARN] [1787333200.642013288] [dclp_go2_policy_ros2]: DCLP stop: waiting goal
[WARN] [1787333202.650846679] [dclp_go2_policy_ros2]: DCLP stop: waiting goal
[WARN] [1787333204.650458525] [dclp_go2_policy_ros2]: DCLP stop: waiting goal
[WARN] [1787333206.660533591] [dclp_go2_policy_ros2]: DCLP stop: waiting goal
[WARN] [1787333208.670199995] [dclp_go2_policy_ros2]: DCLP stop: waiting goal
[WARN] [1787333210.680551575] [dclp_go2_policy_ros2]: DCLP stop: waiting goal
[WARN] [1787333212.681477732] [dclp_go2_policy_ros2]: DCLP stop: waiting goal
[WARN] [1787333214.690188691] [dclp_go2_policy_ros2]: DCLP stop: waiting goal
[WARN] [1787333216.691593771] [dclp_go2_policy_ros2]: DCLP stop: waiting goal
[WARN] [1787333218.701432257] [dclp_go2_policy_ros2]: DCLP stop: waiting goal
[WARN] [1787333220.710943109] [dclp_go2_policy_ros2]: DCLP stop: waiting goal
[WARN] [1787333222.711233185] [dclp_go2_policy_ros2]: DCLP stop: waiting goal
[WARN] [1787333224.721316437] [dclp_go2_policy_ros2]: DCLP stop: waiting goal
[WARN] [1787333226.731122841] [dclp_go2_policy_ros2]: DCLP stop: waiting goal
[WARN] [1787333228.741699384] [dclp_go2_policy_ros2]: DCLP stop: waiting goal
[WARN] [1787333230.741085022] [dclp_go2_policy_ros2]: DCLP stop: waiting goal
[WARN] [1787333232.751471534] [dclp_go2_policy_ros2]: DCLP stop: waiting goal
[WARN] [1787333234.760912722] [dclp_go2_policy_ros2]: DCLP stop: waiting goal
[WARN] [1787333236.761389209] [dclp_go2_policy_ros2]: DCLP stop: waiting goal
[WARN] [1787333238.771575860] [dclp_go2_policy_ros2]: DCLP stop: waiting goal
[WARN] [1787333240.780531415] [dclp_go2_policy_ros2]: DCLP stop: waiting goal
[WARN] [1787333242.781222427] [dclp_go2_policy_ros2]: DCLP stop: waiting goal
[WARN] [1787333244.790330429] [dclp_go2_policy_ros2]: DCLP stop: waiting goal
[WARN] [1787333246.790972823] [dclp_go2_policy_ros2]: DCLP stop: waiting goal
[WARN] [1787333248.800960309] [dclp_go2_policy_ros2]: DCLP stop: waiting goal
[WARN] [1787333250.811278750] [dclp_go2_policy_ros2]: DCLP stop: waiting goal
[WARN] [1787333252.810937282] [dclp_go2_policy_ros2]: DCLP stop: waiting goal
[WARN] [1787333254.820740525] [dclp_go2_policy_ros2]: DCLP stop: waiting goal
[WARN] [1787333256.830105473] [dclp_go2_policy_ros2]: DCLP stop: waiting goal
[WARN] [1787333258.830360724] [dclp_go2_policy_ros2]: DCLP stop: waiting goal
[WARN] [1787333260.831205563] [dclp_go2_policy_ros2]: DCLP stop: waiting goal
[WARN] [1787333262.831410083] [dclp_go2_policy_ros2]: DCLP stop: waiting goal
[WARN] [1787333264.840461563] [dclp_go2_policy_ros2]: DCLP stop: waiting goal
[WARN] [1787333266.840355502] [dclp_go2_policy_ros2]: DCLP stop: waiting goal
[WARN] [1787333268.851140903] [dclp_go2_policy_ros2]: DCLP stop: waiting goal
[WARN] [1787333270.860841262] [dclp_go2_policy_ros2]: DCLP stop: waiting goal
[WARN] [1787333272.870004187] [dclp_go2_policy_ros2]: DCLP stop: waiting goal
[WARN] [1787333274.879954437] [dclp_go2_policy_ros2]: DCLP stop: waiting goal
[WARN] [1787333276.880569443] [dclp_go2_policy_ros2]: DCLP stop: waiting goal
[WARN] [1787333278.881131708] [dclp_go2_policy_ros2]: DCLP stop: waiting goal
[WARN] [1787333280.890476770] [dclp_go2_policy_ros2]: DCLP stop: waiting goal
[WARN] [1787333282.891767409] [dclp_go2_policy_ros2]: DCLP stop: waiting goal
[WARN] [1787333284.900258315] [dclp_go2_policy_ros2]: DCLP stop: waiting goal
[WARN] [1787333286.900588171] [dclp_go2_policy_ros2]: DCLP stop: waiting goal
[WARN] [1787333288.910556508] [dclp_go2_policy_ros2]: DCLP stop: waiting goal
[WARN] [1787333290.920240541] [dclp_go2_policy_ros2]: DCLP stop: waiting goal
[WARN] [1787333292.930275017] [dclp_go2_policy_ros2]: DCLP stop: waiting goal
[WARN] [1787333294.944327226] [dclp_go2_policy_ros2]: DCLP stop: waiting goal
[WARN] [1787333296.942037722] [dclp_go2_policy_ros2]: DCLP stop: waiting goal
[WARN] [1787333298.950200428] [dclp_go2_policy_ros2]: DCLP stop: waiting goal
[WARN] [1787333300.950254919] [dclp_go2_policy_ros2]: DCLP stop: waiting goal
[WARN] [1787333302.950873142] [dclp_go2_policy_ros2]: DCLP stop: waiting goal
[WARN] [1787333304.960802920] [dclp_go2_policy_ros2]: DCLP stop: waiting goal
[WARN] [1787333306.970048602] [dclp_go2_policy_ros2]: DCLP stop: waiting goal
[WARN] [1787333308.979976452] [dclp_go2_policy_ros2]: DCLP stop: waiting goal
[WARN] [1787333310.990566119] [dclp_go2_policy_ros2]: DCLP stop: waiting goal
[WARN] [1787333313.000737940] [dclp_go2_policy_ros2]: DCLP stop: waiting goal
[WARN] [1787333315.001137349] [dclp_go2_policy_ros2]: DCLP stop: waiting goal
[WARN] [1787333317.010131290] [dclp_go2_policy_ros2]: DCLP stop: waiting goal
[WARN] [1787333319.010408799] [dclp_go2_policy_ros2]: DCLP stop: waiting goal
[WARN] [1787333321.020247025] [dclp_go2_policy_ros2]: DCLP stop: waiting goal
[WARN] [1787333323.020247043] [dclp_go2_policy_ros2]: DCLP stop: waiting goal
[WARN] [1787333325.029866628] [dclp_go2_policy_ros2]: DCLP stop: waiting goal
[WARN] [1787333327.030839672] [dclp_go2_policy_ros2]: DCLP stop: waiting goal
[WARN] [1787333329.030433583] [dclp_go2_policy_ros2]: DCLP stop: waiting goal
[WARN] [1787333331.041183254] [dclp_go2_policy_ros2]: DCLP stop: waiting goal
[WARN] [1787333333.050071659] [dclp_go2_policy_ros2]: DCLP stop: waiting goal
[WARN] [1787333335.050225423] [dclp_go2_policy_ros2]: DCLP stop: waiting goal
[WARN] [1787333337.050423537] [dclp_go2_policy_ros2]: DCLP stop: waiting goal
[WARN] [1787333339.060532688] [dclp_go2_policy_ros2]: DCLP stop: waiting goal
[WARN] [1787333341.071017498] [dclp_go2_policy_ros2]: DCLP stop: waiting goal
[WARN] [1787333343.072942107] [dclp_go2_policy_ros2]: DCLP stop: waiting goal
[WARN] [1787333345.079978383] [dclp_go2_policy_ros2]: DCLP stop: waiting goal
[WARN] [1787333347.080932480] [dclp_go2_policy_ros2]: DCLP stop: waiting goal
[WARN] [1787333349.081089005] [dclp_go2_policy_ros2]: DCLP stop: waiting goal
[WARN] [1787333351.089976421] [dclp_go2_policy_ros2]: DCLP stop: waiting goal
[WARN] [1787333353.090123915] [dclp_go2_policy_ros2]: DCLP stop: waiting goal
[WARN] [1787333355.090736417] [dclp_go2_policy_ros2]: DCLP stop: waiting goal
[WARN] [1787333357.100267753] [dclp_go2_policy_ros2]: DCLP stop: waiting goal
[WARN] [1787333359.110520045] [dclp_go2_policy_ros2]: DCLP stop: waiting goal
[WARN] [1787333361.112002526] [dclp_go2_policy_ros2]: DCLP stop: waiting goal
[WARN] [1787333363.120065631] [dclp_go2_policy_ros2]: DCLP stop: waiting goal
[WARN] [1787333365.130479648] [dclp_go2_policy_ros2]: DCLP stop: waiting goal
[WARN] [1787333367.140759287] [dclp_go2_policy_ros2]: DCLP stop: waiting goal
[WARN] [1787333369.150861701] [dclp_go2_policy_ros2]: DCLP stop: waiting goal
[WARN] [1787333371.161268443] [dclp_go2_policy_ros2]: DCLP stop: waiting goal
[WARN] [1787333373.170999539] [dclp_go2_policy_ros2]: DCLP stop: waiting goal
[WARN] [1787333375.180009673] [dclp_go2_policy_ros2]: DCLP stop: waiting goal
[WARN] [1787333377.190840360] [dclp_go2_policy_ros2]: DCLP stop: waiting goal
[WARN] [1787333379.200380654] [dclp_go2_policy_ros2]: DCLP stop: waiting goal
[WARN] [1787333381.201239557] [dclp_go2_policy_ros2]: DCLP stop: waiting goal
[WARN] [1787333383.200601499] [dclp_go2_policy_ros2]: DCLP stop: waiting goal
[WARN] [1787333385.210037971] [dclp_go2_policy_ros2]: DCLP stop: waiting goal
[WARN] [1787333387.220311884] [dclp_go2_policy_ros2]: DCLP stop: waiting goal
[WARN] [1787333389.220839881] [dclp_go2_policy_ros2]: DCLP stop: waiting goal
[WARN] [1787333391.221297089] [dclp_go2_policy_ros2]: DCLP stop: waiting goal
[WARN] [1787333393.229925003] [dclp_go2_policy_ros2]: DCLP stop: waiting goal
[WARN] [1787333395.230815791] [dclp_go2_policy_ros2]: DCLP stop: waiting goal
[WARN] [1787333397.240433756] [dclp_go2_policy_ros2]: DCLP stop: waiting goal
[WARN] [1787333399.240993644] [dclp_go2_policy_ros2]: DCLP stop: waiting goal
[WARN] [1787333401.241487734] [dclp_go2_policy_ros2]: DCLP stop: waiting goal
[WARN] [1787333403.241394725] [dclp_go2_policy_ros2]: DCLP stop: waiting goal
[WARN] [1787333405.251207183] [dclp_go2_policy_ros2]: DCLP stop: waiting goal
[WARN] [1787333407.260247574] [dclp_go2_policy_ros2]: DCLP stop: waiting goal
[WARN] [1787333409.260357924] [dclp_go2_policy_ros2]: DCLP stop: waiting goal
[WARN] [1787333411.260596341] [dclp_go2_policy_ros2]: DCLP stop: waiting goal
[WARN] [1787333413.260749215] [dclp_go2_policy_ros2]: DCLP stop: waiting goal
[WARN] [1787333415.270802597] [dclp_go2_policy_ros2]: DCLP stop: waiting goal
[WARN] [1787333417.281645096] [dclp_go2_policy_ros2]: DCLP stop: waiting goal
[WARN] [1787333419.290275533] [dclp_go2_policy_ros2]: DCLP stop: waiting goal
[WARN] [1787333421.290849149] [dclp_go2_policy_ros2]: DCLP stop: waiting goal
[WARN] [1787333423.300014130] [dclp_go2_policy_ros2]: DCLP stop: waiting goal
[WARN] [1787333425.300213325] [dclp_go2_policy_ros2]: DCLP stop: waiting goal
[WARN] [1787333427.300113945] [dclp_go2_policy_ros2]: DCLP stop: waiting goal
[WARN] [1787333429.300188841] [dclp_go2_policy_ros2]: DCLP stop: waiting goal
[WARN] [1787333431.301459273] [dclp_go2_policy_ros2]: DCLP stop: waiting goal
[WARN] [1787333433.310171325] [dclp_go2_policy_ros2]: DCLP stop: waiting goal
[WARN] [1787333435.310833629] [dclp_go2_policy_ros2]: DCLP stop: waiting goal
[WARN] [1787333437.320027200] [dclp_go2_policy_ros2]: DCLP stop: waiting goal
[WARN] [1787333439.320530996] [dclp_go2_policy_ros2]: DCLP stop: waiting goal
[WARN] [1787333441.329928058] [dclp_go2_policy_ros2]: DCLP stop: waiting goal
[WARN] [1787333443.330941790] [dclp_go2_policy_ros2]: DCLP stop: waiting goal
[WARN] [1787333445.340281084] [dclp_go2_policy_ros2]: DCLP stop: waiting goal
[WARN] [1787333447.350156301] [dclp_go2_policy_ros2]: DCLP stop: waiting goal
[WARN] [1787333449.350652243] [dclp_go2_policy_ros2]: DCLP stop: waiting goal
[WARN] [1787333451.359935398] [dclp_go2_policy_ros2]: DCLP stop: waiting goal
[WARN] [1787333453.360276257] [dclp_go2_policy_ros2]: DCLP stop: waiting goal
[WARN] [1787333455.370444436] [dclp_go2_policy_ros2]: DCLP stop: waiting goal
[WARN] [1787333457.370625699] [dclp_go2_policy_ros2]: DCLP stop: waiting goal
[WARN] [1787333459.370712299] [dclp_go2_policy_ros2]: DCLP stop: waiting goal
[WARN] [1787333461.371101405] [dclp_go2_policy_ros2]: DCLP stop: waiting goal
[WARN] [1787333463.381372489] [dclp_go2_policy_ros2]: DCLP stop: waiting goal
[WARN] [1787333465.390628073] [dclp_go2_policy_ros2]: DCLP stop: waiting goal
[WARN] [1787333467.390741319] [dclp_go2_policy_ros2]: DCLP stop: waiting goal
[WARN] [1787333469.400931305] [dclp_go2_policy_ros2]: DCLP stop: waiting goal
[WARN] [1787333471.401301261] [dclp_go2_policy_ros2]: DCLP stop: waiting goal
[WARN] [1787333473.409966921] [dclp_go2_policy_ros2]: DCLP stop: waiting goal
[WARN] [1787333475.409989658] [dclp_go2_policy_ros2]: DCLP stop: waiting goal
[WARN] [1787333477.410181423] [dclp_go2_policy_ros2]: DCLP stop: waiting goal
[WARN] [1787333479.410389570] [dclp_go2_policy_ros2]: DCLP stop: waiting goal
[WARN] [1787333481.410433644] [dclp_go2_policy_ros2]: DCLP stop: waiting goal
[WARN] [1787333483.410540598] [dclp_go2_policy_ros2]: DCLP stop: waiting goal
