schema_version,seq,wall_time,ros_time,status,global_frame,base_frame,robot_x,robot_y,robot_yaw,goal_x,goal_y,goal_frame,goal_raw_x,goal_raw_y,goal_in_base_x,goal_in_base_y,target_dist,target_angle,obs_dim,coverage_count,empty_group_count,min_pooled_range,normalized_action_linear,normalized_action_angular,cmd_published_linear,cmd_published_angular,experiment_id,experiment_profile,compensation_mode,action_mapping_mode,cmd_target_linear,cmd_target_angular,cmd_desired_linear,cmd_desired_angular,cmd_compensated_raw_linear,cmd_compensated_raw_angular,compensation_linear_accepted,compensation_angular_accepted,compensation_linear_reason,compensation_angular_reason
3,0,2026-08-21T15:30:03.381,1787297403.380993843,NAVIGATING,map,base_link,1.521304,-3.598958,-1.406469,2.694219,-0.794667,map,2.694219,-0.794667,-2.574637,1.615866,3.039701,2.581119,548,90,0,1.593103,0.994665,0.999877,0.596799,0.799902,,,off,policy_direct_scale,0.596799,0.799902,0.596799,0.799902,nan,nan,0,0,off,off
3,1,2026-08-21T15:30:03.940,1787297403.940897942,NAVIGATING,map,base_link,1.519822,-3.591671,-1.405420,2.694219,-0.794667,map,2.694219,-0.794667,-2.565510,1.618826,3.033552,2.578693,548,90,0,1.579285,0.994649,0.999877,0.596789,0.799902,,,off,policy_direct_scale,0.596789,0.799902,0.596789,0.799902,nan,nan,0,0,off,off
3,2,2026-08-21T15:30:04.461,1787297404.461185932,NAVIGATING,map,base_link,1.520785,-3.592423,-1.404668,2.694219,-0.794667,map,2.694219,-0.794667,-2.565193,1.619929,3.033873,2.578330,548,90,0,1.568816,0.994698,0.999877,0.596819,0.799902,,,off,policy_direct_scale,0.596819,0.799902,0.596819,0.799902,nan,nan,0,0,off,off
3,3,2026-08-21T15:30:04.979,1787297404.979012251,NAVIGATING,map,base_link,1.525434,-3.590177,-1.404705,2.694219,-0.794667,map,2.694219,-0.794667,-2.563805,1.614880,3.030006,2.579494,548,90,0,1.586449,0.994657,0.999877,0.596794,0.799902,,,off,policy_direct_scale,0.596794,0.799902,0.596794,0.799902,nan,nan,0,0,off,off
3,4,2026-08-21T15:30:05.501,1787297405.501634836,NAVIGATING,map,base_link,1.521794,-3.594523,-1.405740,2.694219,-0.794667,map,2.694219,-0.794667,-2.569166,1.616527,3.035420,2.579977,548,90,0,1.592148,0.994650,0.999877,0.596790,0.799902,,,off,policy_direct_scale,0.596790,0.799902,0.596790,0.799902,nan,nan,0,0,off,off
3,5,2026-08-21T15:30:06.018,1787297406.018743753,NAVIGATING,map,base_link,1.521304,-3.589669,-1.405574,2.694219,-0.794667,map,2.694219,-0.794667,-2.564028,1.616640,3.031132,2.579042,548,90,0,1.579060,0.994731,0.999877,0.596838,0.799902,,,off,policy_direct_scale,0.596838,0.799902,0.596838,0.799902,nan,nan,0,0,off,off
3,6,2026-08-21T15:30:06.538,1787297406.538656473,NAVIGATING,map,base_link,1.521825,-3.591934,-1.405008,2.694219,-0.794667,map,2.694219,-0.794667,-2.565432,1.617952,3.033020,2.578923,548,90,0,1.590804,0.994690,0.999877,0.596814,0.799902,,,off,policy_direct_scale,0.596814,0.799902,0.596814,0.799902,nan,nan,0,0,off,off
3,7,2026-08-21T15:30:07.101,1787297407.101589918,NAVIGATING,map,base_link,1.518701,-3.593192,-1.406146,2.694219,-0.794667,map,2.694219,-0.794667,-2.568002,1.618318,3.035389,2.579273,548,90,0,1.583894,0.994696,0.999877,0.596818,0.799902,,,off,policy_direct_scale,0.596818,0.799902,0.596818,0.799902,nan,nan,0,0,off,off
3,8,2026-08-21T15:30:07.620,1787297407.620573759,NAVIGATING,map,base_link,1.523325,-3.591566,-1.405118,2.694219,-0.794667,map,2.694219,-0.794667,-2.565494,1.616130,3.032101,2.579443,548,90,0,1.585406,0.994660,0.999877,0.596796,0.799902,,,off,policy_direct_scale,0.596796,0.799902,0.596796,0.799902,nan,nan,0,0,off,off
3,9,2026-08-21T15:30:08.141,1787297408.141475439,NAVIGATING,map,base_link,1.519916,-3.596519,-1.402720,2.694219,-0.794667,map,2.694219,-0.794667,-2.565925,1.626465,3.037986,2.576640,548,90,0,1.589625,0.994709,0.999876,0.596826,0.799901,,,off,policy_direct_scale,0.596826,0.799901,0.596826,0.799901,nan,nan,0,0,off,off
3,10,2026-08-21T15:30:08.699,1787297408.699290514,NAVIGATING,map,base_link,1.520205,-3.593025,-1.404981,2.694219,-0.794667,map,2.694219,-0.794667,-2.566198,1.619799,3.034653,2.578543,548,90,0,1.588451,0.994730,0.999877,0.596838,0.799902,,,off,policy_direct_scale,0.596838,0.799902,0.596838,0.799902,nan,nan,0,0,off,off
3,11,2026-08-21T15:30:09.224,1787297409.224418879,NAVIGATING,map,base_link,1.524437,-3.595693,-1.404907,2.694219,-0.794667,map,2.694219,-0.794667,-2.569408,1.616254,3.035479,2.580095,548,90,0,1.591155,0.994643,0.999877,0.596786,0.799902,,,off,policy_direct_scale,0.596786,0.799902,0.596786,0.799902,nan,nan,0,0,off,off
3,12,2026-08-21T15:30:09.742,1787297409.742936850,NAVIGATING,map,base_link,1.516609,-3.590307,-1.405997,2.694219,-0.794667,map,2.694219,-0.794667,-2.564571,1.620292,3.033540,2.578120,548,90,0,1.584233,0.994749,0.999877,0.596850,0.799902,,,off,policy_direct_scale,0.596850,0.799902,0.596850,0.799902,nan,nan,0,0,off,off
3,13,2026-08-21T15:30:10.301,1787297410.301559687,NAVIGATING,map,base_link,1.521333,-3.595468,-1.404218,2.694219,-0.794667,map,2.694219,-0.794667,-2.567557,1.621050,3.036470,2.578434,548,90,0,1.578226,0.994654,0.999877,0.596793,0.799901,,,off,policy_direct_scale,0.596793,0.799901,0.596793,0.799901,nan,nan,0,0,off,off
3,14,2026-08-21T15:30:10.818,1787297410.818204165,NAVIGATING,map,base_link,1.523302,-3.588887,-1.404579,2.694219,-0.794667,map,2.694219,-0.794667,-2.561977,1.617092,3.029639,2.578555,548,90,0,1.580584,0.994683,0.999877,0.596810,0.799901,,,off,policy_direct_scale,0.596810,0.799901,0.596810,0.799901,nan,nan,0,0,off,off
3,15,2026-08-21T15:30:11.338,1787297411.338453531,NAVIGATING,map,base_link,1.519016,-3.592848,-1.404683,2.694219,-0.794667,map,2.694219,-0.794667,-2.565343,1.621706,3.034949,2.577862,548,90,0,1.580750,0.994739,0.999877,0.596844,0.799901,,,off,policy_direct_scale,0.596844,0.799901,0.596844,0.799901,nan,nan,0,0,off,off
3,16,2026-08-21T15:30:11.859,1787297411.859256506,NAVIGATING,map,base_link,1.518607,-3.592962,-1.406207,2.694219,-0.794667,map,2.694219,-0.794667,-2.567858,1.618217,3.035213,2.579276,548,90,0,1.575219,0.994652,0.999877,0.596791,0.799902,,,off,policy_direct_scale,0.596791,0.799902,0.596791,0.799902,nan,nan,0,0,off,off
3,17,2026-08-21T15:30:12.381,1787297412.381358147,NAVIGATING,map,base_link,1.516805,-3.592644,-1.401892,2.694219,-0.794667,map,2.694219,-0.794667,-2.560234,1.631006,3.035619,2.574373,548,90,0,1.573539,0.994708,0.999875,0.596825,0.799900,,,off,policy_direct_scale,0.596825,0.799900,0.596825,0.799900,nan,nan,0,0,off,off
3,18,2026-08-21T15:30:12.940,1787297412.940287113,NAVIGATING,map,base_link,1.519033,-3.593095,-1.406595,2.694219,-0.794667,map,2.694219,-0.794667,-2.568685,1.616823,3.035171,2.579810,548,90,0,1.596378,0.994728,0.999878,0.596837,0.799902,,,off,policy_direct_scale,0.596837,0.799902,0.596837,0.799902,nan,nan,0,0,off,off
3,19,2026-08-21T15:30:13.458,1787297413.458447218,NAVIGATING,map,base_link,1.520197,-3.591355,-1.406120,2.694219,-0.794667,map,2.694219,-0.794667,-2.566392,1.616608,3.033116,2.579467,548,90,0,1.585057,0.994644,0.999877,0.596786,0.799902,,,off,policy_direct_scale,0.596786,0.799902,0.596786,0.799902,nan,nan,0,0,off,off
3,20,2026-08-21T15:30:13.978,1787297413.978644848,NAVIGATING,map,base_link,1.524373,-3.593827,-1.405466,2.694219,-0.794667,map,2.694219,-0.794667,-2.568459,1.614575,3.033782,2.580397,548,90,0,1.572723,0.994670,0.999877,0.596802,0.799902,,,off,policy_direct_scale,0.596802,0.799902,0.596802,0.799902,nan,nan,0,0,off,off
3,21,2026-08-21T15:30:14.498,1787297414.498338223,NAVIGATING,map,base_link,1.521986,-3.590754,-1.405228,2.694219,-0.794667,map,2.694219,-0.794667,-2.564651,1.617035,3.031870,2.579042,548,90,0,1.584484,0.994677,0.999877,0.596806,0.799902,,,off,policy_direct_scale,0.596806,0.799902,0.596806,0.799902,nan,nan,0,0,off,off
3,22,2026-08-21T15:30:15.018,1787297415.018844604,NAVIGATING,map,base_link,1.521185,-3.591451,-1.405630,2.694219,-0.794667,map,2.694219,-0.794667,-2.565858,1.616906,3.032822,2.579290,548,90,0,1.589987,0.994642,0.999877,0.596785,0.799902,,,off,policy_direct_scale,0.596785,0.799902,0.596785,0.799902,nan,nan,0,0,off,off
3,23,2026-08-21T15:30:15.579,1787297415.579938650,NAVIGATING,map,base_link,1.522693,-3.592057,-1.405576,2.694219,-0.794667,map,2.694219,-0.794667,-2.566615,1.615659,3.032798,2.579771,548,90,0,1.584391,0.994637,0.999877,0.596782,0.799902,,,off,policy_direct_scale,0.596782,0.799902,0.596782,0.799902,nan,nan,0,0,off,off
3,24,2026-08-21T15:30:16.179,1787297416.179021835,NAVIGATING,map,base_link,1.523782,-3.594787,-1.405283,2.694219,-0.794667,map,2.694219,-0.794667,-2.569013,1.615786,3.034896,2.580157,548,90,0,1.587504,0.994608,0.999877,0.596765,0.799902,,,off,policy_direct_scale,0.596765,0.799902,0.596765,0.799902,nan,nan,0,0,off,off
3,25,2026-08-21T15:30:16.698,1787297416.698826313,NAVIGATING,map,base_link,1.521350,-3.592024,-1.406057,2.694219,-0.794667,map,2.694219,-0.794667,-2.567138,1.615743,3.033286,2.579839,548,90,0,1.582278,0.994627,0.999877,0.596776,0.799902,,,off,policy_direct_scale,0.596776,0.799902,0.596776,0.799902,nan,nan,0,0,off,off
3,26,2026-08-21T15:30:17.218,1787297417.218419313,NAVIGATING,map,base_link,1.522682,-3.599754,-1.406731,2.694219,-0.794667,map,2.694219,-0.794667,-2.576071,1.613960,3.039903,2.581901,548,90,0,1.588505,0.994594,0.999878,0.596756,0.799902,,,off,policy_direct_scale,0.596756,0.799902,0.596756,0.799902,nan,nan,0,0,off,off
3,27,2026-08-21T15:30:17.782,1787297417.782077074,NAVIGATING,map,base_link,1.518445,-3.590282,-1.402416,2.694219,-0.794667,map,2.694219,-0.794667,-2.559036,1.627650,3.032806,2.575094,548,90,0,1.584122,0.994790,0.999876,0.596874,0.799901,,,off,policy_direct_scale,0.596874,0.799901,0.596874,0.799901,nan,nan,0,0,off,off
3,28,2026-08-21T15:30:18.301,1787297418.301059961,NAVIGATING,map,base_link,1.520645,-3.595970,-1.406681,2.694219,-0.794667,map,2.694219,-0.794667,-2.571924,1.615482,3.037199,2.580751,548,90,0,1.593518,0.994652,0.999878,0.596791,0.799902,,,off,policy_direct_scale,0.596791,0.799902,0.596791,0.799902,nan,nan,0,0,off,off
3,29,2026-08-21T15:30:18.820,1787297418.820205927,NAVIGATING,map,base_link,1.519093,-3.594097,-1.406686,2.694219,-0.794667,map,2.694219,-0.794667,-2.569832,1.616693,3.036072,2.580047,548,90,0,1.578760,0.994610,0.999877,0.596766,0.799902,,,off,policy_direct_scale,0.596766,0.799902,0.596766,0.799902,nan,nan,0,0,off,off
3,30,2026-08-21T15:30:19.378,1787297419.378920078,NAVIGATING,map,base_link,1.522061,-3.598139,-1.406033,2.694219,-0.794667,map,2.694219,-0.794667,-2.573250,1.616105,3.038652,2.580810,548,90,0,1.593066,0.994703,0.999878,0.596822,0.799902,,,off,policy_direct_scale,0.596822,0.799902,0.596822,0.799902,nan,nan,0,0,off,off
3,31,2026-08-21T15:30:19.939,1787297419.939780712,NAVIGATING,map,base_link,1.520449,-3.590055,-1.406501,2.694219,-0.794667,map,2.694219,-0.794667,-2.565766,1.615169,3.031819,2.579759,548,90,0,1.582575,0.994657,0.999877,0.596794,0.799902,,,off,policy_direct_scale,0.596794,0.799902,0.596794,0.799902,nan,nan,0,0,off,off
3,32,2026-08-21T15:30:20.498,1787297420.498700619,NAVIGATING,map,base_link,1.523107,-3.592130,-1.405074,2.694219,-0.794667,map,2.694219,-0.794667,-2.565944,1.616550,3.032705,2.579404,548,90,0,1.582884,0.994637,0.999877,0.596782,0.799902,,,off,policy_direct_scale,0.596782,0.799902,0.596782,0.799902,nan,nan,0,0,off,off
3,33,2026-08-21T15:30:21.018,1787297421.018940449,NAVIGATING,map,base_link,1.522893,-3.594050,-1.404621,2.694219,-0.794667,map,2.694219,-0.794667,-2.567069,1.618241,3.034559,2.579130,548,90,0,1.595318,0.994730,0.999879,0.596838,0.799903,,,off,policy_direct_scale,0.596838,0.799903,0.596838,0.799903,nan,nan,0,0,off,off
3,34,2026-08-21T15:30:21.540,1787297421.540233612,NAVIGATING,map,base_link,1.519778,-3.589711,-1.405232,2.694219,-0.794667,map,2.694219,-0.794667,-2.563265,1.619030,3.031763,2.578241,548,90,0,1.584071,0.994792,0.999884,0.596875,0.799908,,,off,policy_direct_scale,0.596875,0.799908,0.596875,0.799908,nan,nan,0,0,off,off
3,35,2026-08-21T15:30:22.103,1787297422.103645802,NAVIGATING,map,base_link,1.520344,-3.593239,-1.404092,2.694219,-0.794667,map,2.694219,-0.794667,-2.564990,1.621979,3.034796,2.577723,548,90,0,1.579535,0.994825,0.999885,0.596895,0.799908,,,off,policy_direct_scale,0.596895,0.799908,0.596895,0.799908,nan,nan,0,0,off,off
3,36,2026-08-21T15:30:22.618,1787297422.618364334,NAVIGATING,map,base_link,1.518094,-3.594048,-1.403067,2.694219,-0.794667,map,2.694219,-0.794667,-2.563749,1.626959,3.036413,2.576119,548,90,0,1.582330,0.994877,0.999883,0.596926,0.799906,,,off,policy_direct_scale,0.596926,0.799906,0.596926,0.799906,nan,nan,0,0,off,off
3,37,2026-08-21T15:30:23.138,1787297423.138224125,NAVIGATING,map,base_link,1.522463,-3.595222,-1.406867,2.694219,-0.794667,map,2.694219,-0.794667,-2.571784,1.613086,3.035806,2.581395,548,90,0,1.592626,0.994727,0.999881,0.596836,0.799904,,,off,policy_direct_scale,0.596836,0.799904,0.596836,0.799904,nan,nan,0,0,off,off
3,38,2026-08-21T15:30:23.698,1787297423.698699236,NAVIGATING,map,base_link,1.518450,-3.592161,-1.404943,2.694219,-0.794667,map,2.694219,-0.794667,-2.564993,1.621485,3.034535,2.577861,548,90,0,1.583561,0.994706,0.999877,0.596824,0.799902,,,off,policy_direct_scale,0.596824,0.799902,0.596824,0.799902,nan,nan,0,0,off,off
3,39,2026-08-21T15:30:24.222,1787297424.222102404,NAVIGATING,map,base_link,1.518366,-3.592105,-1.404791,2.694219,-0.794667,map,2.694219,-0.794667,-2.564678,1.621949,3.034517,2.577677,548,90,0,1.582721,0.994769,0.999877,0.596862,0.799902,,,off,policy_direct_scale,0.596862,0.799902,0.596862,0.799902,nan,nan,0,0,off,off
3,40,2026-08-21T15:30:24.738,1787297424.738164663,NAVIGATING,map,base_link,1.520117,-3.593940,-1.404568,2.694219,-0.794667,map,2.694219,-0.794667,-2.566415,1.621097,3.035530,2.578220,548,90,0,1.583988,0.994717,0.999877,0.596830,0.799902,,,off,policy_direct_scale,0.596830,0.799902,0.596830,0.799902,nan,nan,0,0,off,off
3,41,2026-08-21T15:30:25.301,1787297425.301116705,NAVIGATING,map,base_link,1.522160,-3.591309,-1.405719,2.694219,-0.794667,map,2.694219,-0.794667,-2.566020,1.615694,3.032314,2.579657,548,90,0,1.587705,0.994689,0.999877,0.596814,0.799902,,,off,policy_direct_scale,0.596814,0.799902,0.596814,0.799902,nan,nan,0,0,off,off
3,42,2026-08-21T15:30:25.818,1787297425.818731546,NAVIGATING,map,base_link,1.521544,-3.596378,-1.406438,2.694219,-0.794667,map,2.694219,-0.794667,-2.572081,1.615286,3.037227,2.580834,548,90,0,1.590190,0.994625,0.999877,0.596775,0.799902,,,off,policy_direct_scale,0.596775,0.799902,0.596775,0.799902,nan,nan,0,0,off,off
3,43,2026-08-21T15:30:26.379,1787297426.379350901,NAVIGATING,map,base_link,1.520838,-3.592782,-1.404657,2.694219,-0.794667,map,2.694219,-0.794667,-2.565538,1.619964,3.034183,2.578381,548,90,0,1.576030,0.994718,0.999877,0.596831,0.799902,,,off,policy_direct_scale,0.596831,0.799902,0.596831,0.799902,nan,nan,0,0,off,off
3,44,2026-08-21T15:30:26.901,1787297426.901283026,NAVIGATING,map,base_link,1.520766,-3.596414,-1.405566,2.694219,-0.794667,map,2.694219,-0.794667,-2.570580,1.618301,3.037561,2.579730,548,90,0,1.591163,0.994689,0.999877,0.596814,0.799902,,,off,policy_direct_scale,0.596814,0.799902,0.596814,0.799902,nan,nan,0,0,off,off
3,45,2026-08-21T15:30:27.423,1787297427.423110723,NAVIGATING,map,base_link,1.522007,-3.592561,-1.406165,2.694219,-0.794667,map,2.694219,-0.794667,-2.567951,1.614906,3.033528,2.580215,548,90,0,1.585756,0.994695,0.999877,0.596817,0.799902,,,off,policy_direct_scale,0.596817,0.799902,0.596817,0.799902,nan,nan,0,0,off,off
3,46,2026-08-21T15:30:27.938,1787297427.938367605,NAVIGATING,map,base_link,1.519561,-3.593353,-1.403262,2.694219,-0.794667,map,2.694219,-0.794667,-2.563625,1.624897,3.035204,2.576670,548,90,0,1.581995,0.994732,0.999876,0.596839,0.799901,,,off,policy_direct_scale,0.596839,0.799901,0.596839,0.799901,nan,nan,0,0,off,off
3,47,2026-08-21T15:30:28.498,1787297428.498892069,NAVIGATING,map,base_link,1.520086,-3.596108,-1.405554,2.694219,-0.794667,map,2.694219,-0.794667,-2.570147,1.618951,3.037541,2.579473,548,90,0,1.578899,0.994692,0.999877,0.596815,0.799901,,,off,policy_direct_scale,0.596815,0.799901,0.596815,0.799901,nan,nan,0,0,off,off
3,48,2026-08-21T15:30:29.018,1787297429.018659115,NAVIGATING,map,base_link,1.522399,-3.596417,-1.404845,2.694219,-0.794667,map,2.694219,-0.794667,-2.569684,1.618546,3.036934,2.579505,548,90,0,1.591174,0.994648,0.999877,0.596789,0.799902,,,off,policy_direct_scale,0.596789,0.799902,0.596789,0.799902,nan,nan,0,0,off,off
3,49,2026-08-21T15:30:29.541,1787297429.541705847,NAVIGATING,map,base_link,1.521731,-3.590344,-1.405783,2.694219,-0.794667,map,2.694219,-0.794667,-2.565102,1.615793,3.031590,2.579468,548,90,0,1.587368,0.994769,0.999878,0.596862,0.799902,,,off,policy_direct_scale,0.596862,0.799902,0.596862,0.799902,nan,nan,0,0,off,off
3,50,2026-08-21T15:30:30.098,1787297430.098904133,NAVIGATING,map,base_link,1.521018,-3.594604,-1.405010,2.694219,-0.794667,map,2.694219,-0.794667,-2.567936,1.619183,3.035795,2.579020,548,90,0,1.594129,0.994686,0.999877,0.596811,0.799902,,,off,policy_direct_scale,0.596811,0.799902,0.596811,0.799902,nan,nan,0,0,off,off
3,51,2026-08-21T15:30:30.618,1787297430.618630886,NAVIGATING,map,base_link,1.522958,-3.593721,-1.404630,2.694219,-0.794667,map,2.694219,-0.794667,-2.566770,1.618099,3.034230,2.579118,548,90,0,1.581061,0.994626,0.999877,0.596776,0.799902,,,off,policy_direct_scale,0.596776,0.799902,0.596776,0.799902,nan,nan,0,0,off,off
3,52,2026-08-21T15:30:31.140,1787297431.140363932,NAVIGATING,map,base_link,1.520668,-3.596021,-1.405660,2.694219,-0.794667,map,2.694219,-0.794667,-2.570328,1.618091,3.037236,2.579744,548,90,0,1.591247,0.994644,0.999877,0.596787,0.799902,,,off,policy_direct_scale,0.596787,0.799902,0.596787,0.799902,nan,nan,0,0,off,off
3,53,2026-08-21T15:30:31.662,1787297431.662838459,NAVIGATING,map,base_link,1.520201,-3.590927,-1.405477,2.694219,-0.794667,map,2.694219,-0.794667,-2.564931,1.618184,3.032720,2.578771,548,90,0,1.581333,0.994643,0.999877,0.596786,0.799901,,,off,policy_direct_scale,0.596786,0.799901,0.596786,0.799901,nan,nan,0,0,off,off
3,54,2026-08-21T15:30:32.178,1787297432.178717613,NAVIGATING,map,base_link,1.520227,-3.595111,-1.405102,2.694219,-0.794667,map,2.694219,-0.794667,-2.568454,1.619811,3.036568,2.578936,548,90,0,1.587102,0.994615,0.999877,0.596769,0.799901,,,off,policy_direct_scale,0.596769,0.799901,0.596769,0.799901,nan,nan,0,0,off,off
3,55,2026-08-21T15:30:32.698,1787297432.698606491,NAVIGATING,map,base_link,1.519412,-3.589119,-1.403194,2.694219,-0.794667,map,2.694219,-0.794667,-2.559314,1.624513,3.031358,2.576016,548,90,0,1.591675,0.994741,0.999877,0.596845,0.799901,,,off,policy_direct_scale,0.596845,0.799901,0.596845,0.799901,nan,nan,0,0,off,off
3,56,2026-08-21T15:30:33.218,1787297433.218576193,NAVIGATING,map,base_link,1.520188,-3.592888,-1.403918,2.694219,-0.794667,map,2.694219,-0.794667,-2.564336,1.622520,3.034532,2.577457,548,90,0,1.590632,0.994719,0.999877,0.596831,0.799901,,,off,policy_direct_scale,0.596831,0.799901,0.596831,0.799901,nan,nan,0,0,off,off
3,57,2026-08-21T15:30:33.740,1787297433.740464687,NAVIGATING,map,base_link,1.523562,-3.594476,-1.405926,2.694219,-0.794667,map,2.694219,-0.794667,-2.569708,1.614300,3.034694,2.580693,548,90,0,1.582095,0.994653,0.999878,0.596792,0.799902,,,off,policy_direct_scale,0.596792,0.799902,0.596792,0.799902,nan,nan,0,0,off,off
3,58,2026-08-21T15:30:34.300,1787297434.300421238,NAVIGATING,map,base_link,1.518010,-3.592594,-1.404223,2.694219,-0.794667,map,2.694219,-0.794667,-2.564179,1.623838,3.035105,2.577063,548,90,0,1.587711,0.994730,0.999877,0.596838,0.799901,,,off,policy_direct_scale,0.596838,0.799901,0.596838,0.799901,nan,nan,0,0,off,off
3,59,2026-08-21T15:30:34.822,1787297434.822298050,NAVIGATING,map,base_link,1.524952,-3.593687,-1.406307,2.694219,-0.794667,map,2.694219,-0.794667,-2.569774,1.611819,3.033430,2.581397,548,90,0,1.573288,0.994666,0.999878,0.596800,0.799902,,,off,policy_direct_scale,0.596800,0.799902,0.596800,0.799902,nan,nan,0,0,off,off
3,60,2026-08-21T15:30:35.338,1787297435.338368893,NAVIGATING,map,base_link,1.521042,-3.593722,-1.405418,2.694219,-0.794667,map,2.694219,-0.794667,-2.567731,1.617965,3.034971,2.579324,548,90,0,1.583155,0.994650,0.999877,0.596790,0.799902,,,off,policy_direct_scale,0.596790,0.799902,0.596790,0.799902,nan,nan,0,0,off,off
3,61,2026-08-21T15:30:35.902,1787297435.902441502,NAVIGATING,map,base_link,1.522022,-3.595339,-1.406176,2.694219,-0.794667,map,2.694219,-0.794667,-2.570711,1.615319,3.036084,2.580585,548,90,0,1.589656,0.994621,0.999877,0.596773,0.799902,,,off,policy_direct_scale,0.596773,0.799902,0.596773,0.799902,nan,nan,0,0,off,off
3,62,2026-08-21T15:30:36.422,1787297436.422290802,NAVIGATING,map,base_link,1.519241,-3.591706,-1.405450,2.694219,-0.794667,map,2.694219,-0.794667,-2.565497,1.619329,3.033810,2.578551,548,90,0,1.583607,0.994731,0.999877,0.596838,0.799902,,,off,policy_direct_scale,0.596838,0.799902,0.596838,0.799902,nan,nan,0,0,off,off
3,63,2026-08-21T15:30:36.943,1787297436.943052769,NAVIGATING,map,base_link,1.520062,-3.596929,-1.404148,2.694219,-0.794667,map,2.694219,-0.794667,-2.568673,1.622725,3.038308,2.578164,548,90,0,1.585391,0.994657,0.999876,0.596794,0.799901,,,off,policy_direct_scale,0.596794,0.799901,0.596794,0.799901,nan,nan,0,0,off,off
3,64,2026-08-21T15:30:37.502,1787297437.502292633,NAVIGATING,map,base_link,1.518834,-3.594837,-1.406302,2.694219,-0.794667,map,2.694219,-0.794667,-2.569899,1.618055,3.036854,2.579679,548,90,0,1.583291,0.994720,0.999877,0.596832,0.799902,,,off,policy_direct_scale,0.596832,0.799902,0.596832,0.799902,nan,nan,0,0,off,off
3,65,2026-08-21T15:30:38.021,1787297438.021628380,NAVIGATING,map,base_link,1.518252,-3.597116,-1.406438,2.694219,-0.794667,map,2.694219,-0.794667,-2.572272,1.618654,3.039181,2.579929,548,90,0,1.592040,0.994654,0.999877,0.596793,0.799902,,,off,policy_direct_scale,0.596793,0.799902,0.596793,0.799902,nan,nan,0,0,off,off
3,66,2026-08-21T15:30:38.583,1787297438.583545446,NAVIGATING,map,base_link,1.522895,-3.591047,-1.406088,2.694219,-0.794667,map,2.694219,-0.794667,-2.566479,1.613979,3.031788,2.580216,548,90,0,1.581834,0.994742,0.999878,0.596845,0.799902,,,off,policy_direct_scale,0.596845,0.799902,0.596845,0.799902,nan,nan,0,0,off,off
3,67,2026-08-21T15:30:39.098,1787297439.098680735,NAVIGATING,map,base_link,1.521657,-3.599198,-1.405882,2.694219,-0.794667,map,2.694219,-0.794667,-2.573982,1.617068,3.039785,2.580670,548,90,0,1.596323,0.994667,0.999877,0.596800,0.799902,,,off,policy_direct_scale,0.596800,0.799902,0.596800,0.799902,nan,nan,0,0,off,off
3,68,2026-08-21T15:30:39.618,1787297439.618674040,NAVIGATING,map,base_link,1.522094,-3.593622,-1.404165,2.694219,-0.794667,map,2.694219,-0.794667,-2.565777,1.620129,3.034473,2.578377,548,90,0,1.576056,0.994647,0.999876,0.596788,0.799901,,,off,policy_direct_scale,0.596788,0.799901,0.596788,0.799901,nan,nan,0,0,off,off
3,69,2026-08-21T15:30:40.178,1787297440.178399801,NAVIGATING,map,base_link,1.521968,-3.597667,-1.406282,2.694219,-0.794667,map,2.694219,-0.794667,-2.573170,1.615480,3.038253,2.580970,548,90,0,1.577980,0.994610,0.999877,0.596766,0.799902,,,off,policy_direct_scale,0.596766,0.799902,0.596766,0.799902,nan,nan,0,0,off,off
3,70,2026-08-21T15:30:40.738,1787297440.738375902,NAVIGATING,map,base_link,1.521829,-3.596031,-1.406532,2.694219,-0.794667,map,2.694219,-0.794667,-2.571938,1.614706,3.036798,2.580970,548,90,0,1.579671,0.994674,0.999878,0.596804,0.799902,,,off,policy_direct_scale,0.596804,0.799902,0.596804,0.799902,nan,nan,0,0,off,off
3,71,2026-08-21T15:30:41.298,1787297441.298650026,NAVIGATING,map,base_link,1.521733,-3.592981,-1.405163,2.694219,-0.794667,map,2.694219,-0.794667,-2.566700,1.617818,3.034021,2.579184,548,90,0,1.582747,0.994678,0.999877,0.596807,0.799902,,,off,policy_direct_scale,0.596807,0.799902,0.596807,0.799902,nan,nan,0,0,off,off
3,72,2026-08-21T15:30:41.822,1787297441.822256327,NAVIGATING,map,base_link,1.521457,-3.598896,-1.404064,2.694219,-0.794667,map,2.694219,-0.794667,-2.570708,1.621892,3.039584,2.578753,548,90,0,1.589758,0.994658,0.999877,0.596795,0.799901,,,off,policy_direct_scale,0.596795,0.799901,0.596795,0.799901,nan,nan,0,0,off,off
3,73,2026-08-21T15:30:42.338,1787297442.338226795,NAVIGATING,map,base_link,1.521471,-3.592751,-1.406765,2.694219,-0.794667,map,2.694219,-0.794667,-2.569019,1.613925,3.033910,2.580677,548,90,0,1.588204,0.994633,0.999877,0.596780,0.799902,,,off,policy_direct_scale,0.596780,0.799902,0.596780,0.799902,nan,nan,0,0,off,off
3,74,2026-08-21T15:30:42.858,1787297442.858470678,NAVIGATING,map,base_link,1.520598,-3.595792,-1.406624,2.694219,-0.794667,map,2.694219,-0.794667,-2.571650,1.615644,3.037052,2.580658,548,90,0,1.593286,0.994658,0.999877,0.596795,0.799902,,,off,policy_direct_scale,0.596795,0.799902,0.596795,0.799902,nan,nan,0,0,off,off
3,75,2026-08-21T15:30:43.382,1787297443.382250547,NAVIGATING,map,base_link,1.520618,-3.594577,-1.406900,2.694219,-0.794667,map,2.694219,-0.794667,-2.570899,1.614718,3.035924,2.580785,548,90,0,1.578916,0.994686,0.999877,0.596811,0.799902,,,off,policy_direct_scale,0.596811,0.799902,0.596811,0.799902,nan,nan,0,0,off,off
3,76,2026-08-21T15:30:43.898,1787297443.898833036,NAVIGATING,map,base_link,1.522931,-3.596485,-1.405385,2.694219,-0.794667,map,2.694219,-0.794667,-2.570713,1.616644,3.036791,2.580215,548,90,0,1.580912,0.994634,0.999877,0.596781,0.799902,,,off,policy_direct_scale,0.596781,0.799902,0.596781,0.799902,nan,nan,0,0,off,off
3,77,2026-08-21T15:30:44.422,1787297444.422213316,NAVIGATING,map,base_link,1.520542,-3.593229,-1.405400,2.694219,-0.794667,map,2.694219,-0.794667,-2.567132,1.618425,3.034710,2.579090,548,90,0,1.583378,0.994713,0.999877,0.596828,0.799902,,,off,policy_direct_scale,0.596828,0.799902,0.596828,0.799902,nan,nan,0,0,off,off
3,78,2026-08-21T15:30:44.939,1787297444.939254284,NAVIGATING,map,base_link,1.521516,-3.597181,-1.404505,2.694219,-0.794667,map,2.694219,-0.794667,-2.569741,1.620415,3.037979,2.578994,548,90,0,1.582520,0.994668,0.999877,0.596801,0.799901,,,off,policy_direct_scale,0.596801,0.799901,0.596801,0.799901,nan,nan,0,0,off,off
3,79,2026-08-21T15:30:45.499,1787297445.499355555,NAVIGATING,map,base_link,1.523406,-3.593480,-1.406101,2.694219,-0.794667,map,2.694219,-0.794667,-2.568983,1.613841,3.033835,2.580694,548,90,0,1.589329,0.994715,0.999878,0.596829,0.799902,,,off,policy_direct_scale,0.596829,0.799902,0.596829,0.799902,nan,nan,0,0,off,off
3,80,2026-08-21T15:30:46.018,1787297446.018593550,NAVIGATING,map,base_link,1.521234,-3.593812,-1.406260,2.694219,-0.794667,map,2.694219,-0.794667,-2.569212,1.615628,3.034980,2.580235,548,90,0,1.579180,0.994681,0.999877,0.596808,0.799902,,,off,policy_direct_scale,0.596808,0.799902,0.596808,0.799902,nan,nan,0,0,off,off
3,81,2026-08-21T15:30:46.539,1787297446.539596081,NAVIGATING,map,base_link,1.520215,-3.591367,-1.403613,2.694219,-0.794667,map,2.694219,-0.794667,-2.562346,1.623023,3.033120,2.576967,548,90,0,1.583716,0.994693,0.999876,0.596816,0.799901,,,off,policy_direct_scale,0.596816,0.799901,0.596816,0.799901,nan,nan,0,0,off,off
3,82,2026-08-21T15:30:47.102,1787297447.102077723,NAVIGATING,map,base_link,1.520227,-3.594091,-1.405433,2.694219,-0.794667,map,2.694219,-0.794667,-2.567983,1.618793,3.035627,2.579137,548,90,0,1.592493,0.994676,0.999877,0.596806,0.799902,,,off,policy_direct_scale,0.596806,0.799902,0.596806,0.799902,nan,nan,0,0,off,off
3,83,2026-08-21T15:30:47.624,1787297447.624046087,NAVIGATING,map,base_link,1.519234,-3.596344,-1.407085,2.694219,-0.794667,map,2.694219,-0.794667,-2.572715,1.615896,3.038089,2.580775,548,90,0,1.537645,0.994830,0.999877,0.596898,0.799901,,,off,policy_direct_scale,0.596898,0.799901,0.596898,0.799901,nan,nan,0,0,off,off
3,84,2026-08-21T15:30:48.181,1787297448.181443453,NAVIGATING,map,base_link,1.518338,-3.595399,-1.403722,2.694219,-0.794667,map,2.694219,-0.794667,-2.566186,1.625265,3.037564,2.577019,548,90,0,0.984218,0.995429,0.999858,0.597258,0.799886,,,off,policy_direct_scale,0.597258,0.799886,0.597258,0.799886,nan,nan,0,0,off,off
3,85,2026-08-21T15:30:48.702,1787297448.702265739,NAVIGATING,map,base_link,1.525731,-3.595550,-1.404650,2.694219,-0.794667,map,2.694219,-0.794667,-2.569065,1.615616,3.034849,2.580213,548,90,0,1.065057,0.994808,0.999820,0.596885,0.799856,,,off,policy_direct_scale,0.596885,0.799856,0.596885,0.799856,nan,nan,0,0,off,off
3,86,2026-08-21T15:30:49.218,1787297449.218688965,NAVIGATING,map,base_link,1.522543,-3.598747,-1.405617,2.694219,-0.794667,map,2.694219,-0.794667,-2.573255,1.616801,3.039027,2.580617,548,90,0,0.960637,0.992577,0.999724,0.595546,0.799779,,,off,policy_direct_scale,0.595546,0.799779,0.595546,0.799779,nan,nan,0,0,off,off
3,87,2026-08-21T15:30:49.778,1787297449.778300285,NAVIGATING,map,base_link,1.523118,-3.596436,-1.404936,2.694219,-0.794667,map,2.694219,-0.794667,-2.569970,1.617604,3.036674,2.579818,548,90,0,1.185638,0.991066,0.999747,0.594639,0.799797,,,off,policy_direct_scale,0.594639,0.799797,0.594639,0.799797,nan,nan,0,0,off,off
3,88,2026-08-21T15:30:50.301,1787297450.301116705,NAVIGATING,map,base_link,1.525543,-3.594330,-1.405000,2.694219,-0.794667,map,2.694219,-0.794667,-2.568397,1.614700,3.033796,2.580351,548,90,0,1.455279,0.992719,0.999849,0.595631,0.799879,,,off,policy_direct_scale,0.595631,0.799879,0.595631,0.799879,nan,nan,0,0,off,off
3,89,2026-08-21T15:30:50.819,1787297450.819844246,NAVIGATING,map,base_link,1.522899,-3.595048,-1.404735,2.694219,-0.794667,map,2.694219,-0.794667,-2.568239,1.618107,3.035478,2.579374,548,90,0,1.590906,0.993105,0.999868,0.595863,0.799894,,,off,policy_direct_scale,0.595863,0.799894,0.595863,0.799894,nan,nan,0,0,off,off
3,90,2026-08-21T15:30:51.338,1787297451.338260174,NAVIGATING,map,base_link,1.519903,-3.593885,-1.406736,2.694219,-0.794667,map,2.694219,-0.794667,-2.569836,1.615730,3.035563,2.580316,548,90,0,1.578967,0.994326,0.999878,0.596596,0.799903,,,off,policy_direct_scale,0.596596,0.799903,0.596596,0.799903,nan,nan,0,0,off,off
3,91,2026-08-21T15:30:51.861,1787297451.861670017,NAVIGATING,map,base_link,1.519848,-3.597011,-1.405804,2.694219,-0.794667,map,2.694219,-0.794667,-2.571403,1.618692,3.038466,2.579766,548,90,0,1.588516,0.994663,0.999877,0.596798,0.799902,,,off,policy_direct_scale,0.596798,0.799902,0.596798,0.799902,nan,nan,0,0,off,off
3,92,2026-08-21T15:30:52.383,1787297452.383714676,NAVIGATING,map,base_link,1.521582,-3.595894,-1.406659,2.694219,-0.794667,map,2.694219,-0.794667,-2.571968,1.614600,3.036766,2.581005,548,90,0,1.595427,0.994690,0.999878,0.596814,0.799902,,,off,policy_direct_scale,0.596814,0.799902,0.596814,0.799902,nan,nan,0,0,off,off
3,93,2026-08-21T15:30:52.902,1787297452.902847290,NAVIGATING,map,base_link,1.519359,-3.599996,-1.401501,2.694219,-0.794667,map,2.694219,-0.794667,-2.567274,1.630728,3.041409,2.575693,548,90,0,1.591892,0.994692,0.999876,0.596815,0.799901,,,off,policy_direct_scale,0.596815,0.799901,0.596815,0.799901,nan,nan,0,0,off,off
3,94,2026-08-21T15:30:53.419,1787297453.419183016,NAVIGATING,map,base_link,1.518919,-3.588842,-1.404731,2.694219,-0.794667,map,2.694219,-0.794667,-2.561454,1.621017,3.031294,2.577368,548,90,0,1.587128,0.994738,0.999877,0.596843,0.799901,,,off,policy_direct_scale,0.596843,0.799901,0.596843,0.799901,nan,nan,0,0,off,off
3,95,2026-08-21T15:30:53.941,1787297453.941073895,NAVIGATING,map,base_link,1.523048,-3.599099,-1.405324,2.694219,-0.794667,map,2.694219,-0.794667,-2.573212,1.617115,3.039157,2.580522,548,90,0,1.587095,0.994589,0.999877,0.596753,0.799902,,,off,policy_direct_scale,0.596753,0.799902,0.596753,0.799902,nan,nan,0,0,off,off
3,96,2026-08-21T15:30:54.458,1787297454.458414555,NAVIGATING,map,base_link,1.521991,-3.591968,-1.404924,2.694219,-0.794667,map,2.694219,-0.794667,-2.565358,1.618010,3.032988,2.578894,548,90,0,1.576654,0.994650,0.999877,0.596790,0.799902,,,off,policy_direct_scale,0.596790,0.799902,0.596790,0.799902,nan,nan,0,0,off,off
3,97,2026-08-21T15:30:54.982,1787297454.982480526,NAVIGATING,map,base_link,1.525938,-3.596276,-1.404894,2.694219,-0.794667,map,2.694219,-0.794667,-2.570210,1.614904,3.035440,2.580612,548,90,0,1.589160,0.994638,0.999877,0.596783,0.799902,,,off,policy_direct_scale,0.596783,0.799902,0.596783,0.799902,nan,nan,0,0,off,off
3,98,2026-08-21T15:30:55.499,1787297455.498986721,NAVIGATING,map,base_link,1.519869,-3.593963,-1.405724,2.694219,-0.794667,map,2.694219,-0.794667,-2.568270,1.618376,3.035647,2.579304,548,90,0,1.572382,0.994629,0.999877,0.596777,0.799902,,,off,policy_direct_scale,0.596777,0.799902,0.596777,0.799902,nan,nan,0,0,off,off
3,99,2026-08-21T15:30:56.022,1787297456.022439003,NAVIGATING,map,base_link,1.523241,-3.596486,-1.406541,2.694219,-0.794667,map,2.694219,-0.794667,-2.572633,1.613364,3.036673,2.581466,548,90,0,1.588976,0.994660,0.999878,0.596796,0.799902,,,off,policy_direct_scale,0.596796,0.799902,0.596796,0.799902,nan,nan,0,0,off,off
3,100,2026-08-21T15:30:56.538,1787297456.538509130,NAVIGATING,map,base_link,1.522746,-3.592502,-1.403753,2.694219,-0.794667,map,2.694219,-0.794667,-2.564114,1.620355,3.033188,2.578021,548,90,0,1.584534,0.994685,0.999877,0.596811,0.799901,,,off,policy_direct_scale,0.596811,0.799901,0.596811,0.799901,nan,nan,0,0,off,off
3,101,2026-08-21T15:30:57.058,1787297457.058417797,NAVIGATING,map,base_link,1.524762,-3.594687,-1.404677,2.694219,-0.794667,map,2.694219,-0.794667,-2.568098,1.616358,3.034426,2.579836,548,90,0,1.594985,0.994732,0.999878,0.596839,0.799902,,,off,policy_direct_scale,0.596839,0.799902,0.596839,0.799902,nan,nan,0,0,off,off
3,102,2026-08-21T15:30:57.579,1787297457.579796076,NAVIGATING,map,base_link,1.519199,-3.595931,-1.402549,2.694219,-0.794667,map,2.694219,-0.794667,-2.564947,1.627513,3.037721,2.576176,548,90,0,1.583485,0.994686,0.999876,0.596812,0.799901,,,off,policy_direct_scale,0.596812,0.799901,0.596812,0.799901,nan,nan,0,0,off,off
3,103,2026-08-21T15:30:58.143,1787297458.143562078,NAVIGATING,map,base_link,1.519483,-3.595234,-1.402468,2.694219,-0.794667,map,2.694219,-0.794667,-2.564175,1.627325,3.036969,2.576092,548,90,0,1.593347,0.994730,0.999876,0.596838,0.799901,,,off,policy_direct_scale,0.596838,0.799901,0.596838,0.799901,nan,nan,0,0,off,off
3,104,2026-08-21T15:30:58.703,1787297458.703500986,NAVIGATING,map,base_link,1.523195,-3.594498,-1.405990,2.694219,-0.794667,map,2.694219,-0.794667,-2.569775,1.614500,3.034856,2.580649,548,90,0,1.581475,0.994714,0.999877,0.596828,0.799902,,,off,policy_direct_scale,0.596828,0.799902,0.596828,0.799902,nan,nan,0,0,off,off
3,105,2026-08-21T15:30:59.218,1787297459.218852043,NAVIGATING,map,base_link,1.524115,-3.590601,-1.405262,2.694219,-0.794667,map,2.694219,-0.794667,-2.564906,1.614822,3.030906,2.579704,548,90,0,1.593617,0.994675,0.999878,0.596805,0.799902,,,off,policy_direct_scale,0.596805,0.799902,0.596805,0.799902,nan,nan,0,0,off,off
3,106,2026-08-21T15:30:59.743,1787297459.743526220,NAVIGATING,map,base_link,1.522738,-3.593022,-1.405125,2.694219,-0.794667,map,2.694219,-0.794667,-2.566845,1.616930,3.033671,2.579457,548,90,0,1.581580,0.994630,0.999877,0.596778,0.799901,,,off,policy_direct_scale,0.596778,0.799901,0.596778,0.799901,nan,nan,0,0,off,off
3,107,2026-08-21T15:31:00.298,1787297460.298423767,NAVIGATING,map,base_link,1.524048,-3.596673,-1.404273,2.694219,-0.794667,map,2.694219,-0.794667,-2.569285,1.618429,3.036534,2.579468,548,90,0,1.590075,0.994734,0.999877,0.596840,0.799902,,,off,policy_direct_scale,0.596840,0.799902,0.596840,0.799902,nan,nan,0,0,off,off
3,108,2026-08-21T15:31:00.820,1787297460.820914984,NAVIGATING,map,base_link,1.522917,-3.594713,-1.404136,2.694219,-0.794667,map,2.694219,-0.794667,-2.566942,1.619572,3.035161,2.578737,548,90,0,1.587474,0.994657,0.999877,0.596794,0.799901,,,off,policy_direct_scale,0.596794,0.799901,0.596794,0.799901,nan,nan,0,0,off,off
3,109,2026-08-21T15:31:01.338,1787297461.338058233,NAVIGATING,map,base_link,1.519473,-3.596282,-1.405590,2.694219,-0.794667,map,2.694219,-0.794667,-2.570275,1.619494,3.037939,2.579345,548,90,0,1.565563,0.994677,0.999877,0.596806,0.799902,,,off,policy_direct_scale,0.596806,0.799902,0.596806,0.799902,nan,nan,0,0,off,off
3,110,2026-08-21T15:31:01.902,1787297461.902076006,NAVIGATING,map,base_link,1.522416,-3.596330,-1.403265,2.694219,-0.794667,map,2.694219,-0.794667,-2.567040,1.622572,3.036846,2.577919,548,90,0,1.596012,0.994730,0.999877,0.596838,0.799902,,,off,policy_direct_scale,0.596838,0.799902,0.596838,0.799902,nan,nan,0,0,off,off
3,111,2026-08-21T15:31:02.422,1787297462.422329664,NAVIGATING,map,base_link,1.518226,-3.598913,-1.402221,2.694219,-0.794667,map,2.694219,-0.794667,-2.567189,1.629814,3.040848,2.575932,548,90,0,1.577374,0.994715,0.999876,0.596829,0.799901,,,off,policy_direct_scale,0.596829,0.799901,0.596829,0.799901,nan,nan,0,0,off,off
3,112,2026-08-21T15:31:02.939,1787297462.939638853,NAVIGATING,map,base_link,1.520681,-3.594227,-1.407132,2.694219,-0.794667,map,2.694219,-0.794667,-2.570938,1.614003,3.035577,2.580992,548,90,0,1.584561,0.994650,0.999878,0.596790,0.799902,,,off,policy_direct_scale,0.596790,0.799902,0.596790,0.799902,nan,nan,0,0,off,off
3,113,2026-08-21T15:31:03.458,1787297463.458193779,NAVIGATING,map,base_link,1.521316,-3.592090,-1.405094,2.694219,-0.794667,map,2.694219,-0.794667,-2.565641,1.618259,3.033360,2.578874,548,90,0,1.585688,0.994781,0.999878,0.596869,0.799902,,,off,policy_direct_scale,0.596869,0.799902,0.596869,0.799902,nan,nan,0,0,off,off
3,114,2026-08-21T15:31:03.981,1787297463.981790304,NAVIGATING,map,base_link,1.518711,-3.596022,-1.404087,2.694219,-0.794667,map,2.694219,-0.794667,-2.567456,1.624063,3.037995,2.577577,548,90,0,1.592940,0.994717,0.999877,0.596830,0.799901,,,off,policy_direct_scale,0.596830,0.799901,0.596830,0.799901,nan,nan,0,0,off,off
3,115,2026-08-21T15:31:04.538,1787297464.537987947,NAVIGATING,map,base_link,1.522737,-3.597607,-1.404709,2.694219,-0.794667,map,2.694219,-0.794667,-2.570694,1.618757,3.037901,2.579623,548,90,0,1.580922,0.994680,0.999877,0.596808,0.799902,,,off,policy_direct_scale,0.596808,0.799902,0.596808,0.799902,nan,nan,0,0,off,off
3,116,2026-08-21T15:31:05.059,1787297465.059180975,NAVIGATING,map,base_link,1.524343,-3.599090,-1.404355,2.694219,-0.794667,map,2.694219,-0.794667,-2.571850,1.618329,3.038651,2.579945,548,90,0,1.592383,0.994679,0.999877,0.596808,0.799902,,,off,policy_direct_scale,0.596808,0.799902,0.596808,0.799902,nan,nan,0,0,off,off
3,117,2026-08-21T15:31:05.582,1787297465.582736254,NAVIGATING,map,base_link,1.523508,-3.595229,-1.404428,2.694219,-0.794667,map,2.694219,-0.794667,-2.568022,1.618326,3.035410,2.579274,548,90,0,1.586013,0.994649,0.999877,0.596789,0.799901,,,off,policy_direct_scale,0.596789,0.799901,0.596789,0.799901,nan,nan,0,0,off,off
3,118,2026-08-21T15:31:06.138,1787297466.138030291,NAVIGATING,map,base_link,1.524583,-3.594764,-1.403638,2.694219,-0.794667,map,2.694219,-0.794667,-2.566463,1.619215,3.034566,2.578753,548,90,0,1.590062,0.994769,0.999877,0.596861,0.799902,,,off,policy_direct_scale,0.596861,0.799902,0.596861,0.799902,nan,nan,0,0,off,off
3,119,2026-08-21T15:31:06.703,1787297466.702994823,NAVIGATING,map,base_link,1.522255,-3.597678,-1.406231,2.694219,-0.794667,map,2.694219,-0.794667,-2.573146,1.615330,3.038152,2.581008,548,90,0,1.588498,0.994596,0.999877,0.596758,0.799902,,,off,policy_direct_scale,0.596758,0.799902,0.596758,0.799902,nan,nan,0,0,off,off
3,120,2026-08-21T15:31:07.218,1787297467.218232393,NAVIGATING,map,base_link,1.520691,-3.598645,-1.405869,2.694219,-0.794667,map,2.694219,-0.794667,-2.573259,1.617962,3.039648,2.580294,548,90,0,1.575053,0.994698,0.999877,0.596819,0.799902,,,off,policy_direct_scale,0.596819,0.799902,0.596819,0.799902,nan,nan,0,0,off,off
3,121,2026-08-21T15:31:07.737,1787297467.737859488,NAVIGATING,map,base_link,1.521224,-3.591018,-1.402103,2.694219,-0.794667,map,2.694219,-0.794667,-2.559717,1.625837,3.032408,2.575719,548,90,0,1.583624,0.994777,0.999877,0.596866,0.799901,,,off,policy_direct_scale,0.596866,0.799901,0.596866,0.799901,nan,nan,0,0,off,off
3,122,2026-08-21T15:31:08.298,1787297468.298005342,NAVIGATING,map,base_link,1.523232,-3.599806,-1.405363,2.694219,-0.794667,map,2.694219,-0.794667,-2.574003,1.616949,3.039739,2.580707,548,90,0,1.590013,0.994566,0.999878,0.596739,0.799903,,,off,policy_direct_scale,0.596739,0.799903,0.596739,0.799903,nan,nan,0,0,off,off
3,123,2026-08-21T15:31:08.821,1787297468.821080208,NAVIGATING,map,base_link,1.523972,-3.595766,-1.404918,2.694219,-0.794667,map,2.694219,-0.794667,-2.569421,1.616696,3.035726,2.579974,548,90,0,1.568937,0.994977,0.999887,0.596986,0.799909,,,off,policy_direct_scale,0.596986,0.799909,0.596986,0.799909,nan,nan,0,0,off,off
3,124,2026-08-21T15:31:09.339,1787297469.339509249,NAVIGATING,map,base_link,1.521799,-3.593779,-1.404691,2.694219,-0.794667,map,2.694219,-0.794667,-2.566734,1.619097,3.034732,2.578833,548,90,0,1.281072,0.995632,0.999896,0.597379,0.799917,,,off,policy_direct_scale,0.597379,0.799917,0.597379,0.799917,nan,nan,0,0,off,off
3,125,2026-08-21T15:31:09.898,1787297469.898409128,NAVIGATING,map,base_link,1.524813,-3.597335,-1.404611,2.694219,-0.794667,map,2.694219,-0.794667,-2.570611,1.616916,3.036850,2.580122,548,90,0,1.239714,0.995858,0.999898,0.597515,0.799918,,,off,policy_direct_scale,0.597515,0.799918,0.597515,0.799918,nan,nan,0,0,off,off
3,126,2026-08-21T15:31:10.418,1787297470.418325901,NAVIGATING,map,base_link,1.519147,-3.594593,-1.405150,2.694219,-0.794667,map,2.694219,-0.794667,-2.567843,1.620668,3.036508,2.578590,548,90,0,1.043596,0.996756,0.999906,0.598053,0.799924,,,off,policy_direct_scale,0.598053,0.799924,0.598053,0.799924,nan,nan,0,0,off,off
3,127,2026-08-21T15:31:10.941,1787297470.941457033,NAVIGATING,map,base_link,1.524554,-3.595443,-1.404390,2.694219,-0.794667,map,2.694219,-0.794667,-2.568346,1.617425,3.035204,2.579582,548,90,0,1.154510,0.996408,0.999898,0.597845,0.799919,,,off,policy_direct_scale,0.597845,0.799919,0.597845,0.799919,nan,nan,0,0,off,off
3,128,2026-08-21T15:31:11.502,1787297471.502369881,NAVIGATING,map,base_link,1.524585,-3.591098,-1.404476,2.694219,-0.794667,map,2.694219,-0.794667,-2.564204,1.616457,3.031183,2.579124,548,90,0,1.150005,0.996665,0.999911,0.597999,0.799929,,,off,policy_direct_scale,0.597999,0.799929,0.597999,0.799929,nan,nan,0,0,off,off
3,129,2026-08-21T15:31:12.018,1787297472.018301249,NAVIGATING,map,base_link,1.520734,-3.599077,-1.403819,2.694219,-0.794667,map,2.694219,-0.794667,-2.570370,1.623263,3.040030,2.578312,548,90,0,1.523092,0.995297,0.999889,0.597178,0.799912,,,off,policy_direct_scale,0.597178,0.799912,0.597178,0.799912,nan,nan,0,0,off,off
3,130,2026-08-21T15:31:12.542,1787297472.542267323,NAVIGATING,map,base_link,1.516156,-3.596362,-1.402369,2.694219,-0.794667,map,2.694219,-0.794667,-2.564569,1.631047,3.039298,2.575128,548,90,0,1.583300,0.995072,0.999886,0.597043,0.799909,,,off,policy_direct_scale,0.597043,0.799909,0.597043,0.799909,nan,nan,0,0,off,off
3,131,2026-08-21T15:31:13.061,1787297473.061548710,NAVIGATING,map,base_link,1.522056,-3.596653,-1.406620,2.694219,-0.794667,map,2.694219,-0.794667,-2.572730,1.614358,3.037283,2.581206,548,90,0,1.593635,0.994647,0.999878,0.596788,0.799902,,,off,policy_direct_scale,0.596788,0.799902,0.596788,0.799902,nan,nan,0,0,off,off
3,132,2026-08-21T15:31:13.581,1787297473.581908703,NAVIGATING,map,base_link,1.523899,-3.597233,-1.405628,2.694219,-0.794667,map,2.694219,-0.794667,-2.572003,1.615186,3.037108,2.580848,548,90,0,1.586210,0.994657,0.999877,0.596794,0.799902,,,off,policy_direct_scale,0.596794,0.799902,0.596794,0.799902,nan,nan,0,0,off,off
3,133,2026-08-21T15:31:14.141,1787297474.141154766,NAVIGATING,map,base_link,1.519579,-3.595536,-1.405564,2.694219,-0.794667,map,2.694219,-0.794667,-2.569515,1.619334,3.037211,2.579256,548,90,0,1.593016,0.994666,0.999877,0.596800,0.799902,,,off,policy_direct_scale,0.596800,0.799902,0.596800,0.799902,nan,nan,0,0,off,off
3,134,2026-08-21T15:31:14.698,1787297474.698464394,NAVIGATING,map,base_link,1.525793,-3.593637,-1.405680,2.694219,-0.794667,map,2.694219,-0.794667,-2.568851,1.612594,3.033060,2.581019,548,90,0,1.577735,0.994674,0.999878,0.596804,0.799902,,,off,policy_direct_scale,0.596804,0.799902,0.596804,0.799902,nan,nan,0,0,off,off
3,135,2026-08-21T15:31:15.218,1787297475.218271255,NAVIGATING,map,base_link,1.522492,-3.595919,-1.405512,2.694219,-0.794667,map,2.694219,-0.794667,-2.570288,1.616655,3.036438,2.580138,548,90,0,1.587177,0.994673,0.999877,0.596804,0.799902,,,off,policy_direct_scale,0.596804,0.799902,0.596804,0.799902,nan,nan,0,0,off,off
3,136,2026-08-21T15:31:15.783,1787297475.783145666,NAVIGATING,map,base_link,1.526439,-3.595183,-1.404983,2.694219,-0.794667,map,2.694219,-0.794667,-2.569357,1.614002,3.034238,2.580714,548,90,0,1.576450,0.994672,0.999878,0.596803,0.799902,,,off,policy_direct_scale,0.596803,0.799902,0.596803,0.799902,nan,nan,0,0,off,off
3,137,2026-08-21T15:31:16.338,1787297476.338478804,NAVIGATING,map,base_link,1.525650,-3.592953,-1.404724,2.694219,-0.794667,map,2.694219,-0.794667,-2.566609,1.615077,3.032484,2.579932,548,90,0,1.580555,0.994717,0.999877,0.596830,0.799902,,,off,policy_direct_scale,0.596830,0.799902,0.596830,0.799902,nan,nan,0,0,off,off
3,138,2026-08-21T15:31:16.898,1787297476.898400307,NAVIGATING,map,base_link,1.520627,-3.594329,-1.405883,2.694219,-0.794667,map,2.694219,-0.794667,-2.569013,1.617280,3.035691,2.579740,548,90,0,1.585366,0.994664,0.999877,0.596799,0.799901,,,off,policy_direct_scale,0.596799,0.799901,0.596799,0.799901,nan,nan,0,0,off,off
3,139,2026-08-21T15:31:17.418,1787297477.418972015,NAVIGATING,map,base_link,1.523024,-3.595313,-1.405966,2.694219,-0.794667,map,2.694219,-0.794667,-2.570511,1.614865,3.035674,2.580676,548,90,0,1.574607,0.994671,0.999877,0.596803,0.799902,,,off,policy_direct_scale,0.596803,0.799902,0.596803,0.799902,nan,nan,0,0,off,off
3,140,2026-08-21T15:31:17.943,1787297477.943446159,NAVIGATING,map,base_link,1.520541,-3.597024,-1.403217,2.694219,-0.794667,map,2.694219,-0.794667,-2.567335,1.624659,3.038211,2.577390,548,90,0,1.597318,0.994733,0.999877,0.596840,0.799901,,,off,policy_direct_scale,0.596840,0.799901,0.596840,0.799901,nan,nan,0,0,off,off
3,141,2026-08-21T15:31:18.503,1787297478.503067732,NAVIGATING,map,base_link,1.524798,-3.596349,-1.405302,2.694219,-0.794667,map,2.694219,-0.794667,-2.570752,1.614992,3.035946,2.580683,548,90,0,1.576003,0.994649,0.999877,0.596789,0.799902,,,off,policy_direct_scale,0.596789,0.799902,0.596789,0.799902,nan,nan,0,0,off,off
3,142,2026-08-21T15:31:19.019,1787297479.019009352,NAVIGATING,map,base_link,1.522631,-3.594782,-1.405433,2.694219,-0.794667,map,2.694219,-0.794667,-2.569062,1.616535,3.035336,2.579956,548,90,0,1.589112,0.994678,0.999878,0.596807,0.799902,,,off,policy_direct_scale,0.596807,0.799902,0.596807,0.799902,nan,nan,0,0,off,off
3,143,2026-08-21T15:31:19.537,1787297479.537952662,NAVIGATING,map,base_link,1.524977,-3.598357,-1.405443,2.694219,-0.794667,map,2.694219,-0.794667,-2.572990,1.614784,3.037730,2.581133,548,90,0,1.585979,0.994595,0.999877,0.596757,0.799902,,,off,policy_direct_scale,0.596757,0.799902,0.596757,0.799902,nan,nan,0,0,off,off
3,144,2026-08-21T15:31:20.100,1787297480.100693703,NAVIGATING,map,base_link,1.521563,-3.596419,-1.405838,2.694219,-0.794667,map,2.694219,-0.794667,-2.571156,1.616816,3.037258,2.580245,548,90,0,1.592969,0.994683,0.999877,0.596810,0.799902,,,off,policy_direct_scale,0.596810,0.799902,0.596810,0.799902,nan,nan,0,0,off,off
3,145,2026-08-21T15:31:20.621,1787297480.621497154,NAVIGATING,map,base_link,1.528076,-3.597418,-1.403679,2.694219,-0.794667,map,2.694219,-0.794667,-2.569727,1.616107,3.035672,2.580192,548,90,0,1.594509,0.994682,0.999878,0.596809,0.799902,,,off,policy_direct_scale,0.596809,0.799902,0.596809,0.799902,nan,nan,0,0,off,off
3,146,2026-08-21T15:31:21.139,1787297481.139045477,NAVIGATING,map,base_link,1.522787,-3.599742,-1.405419,2.694219,-0.794667,map,2.694219,-0.794667,-2.573956,1.617234,3.039852,2.580619,548,90,0,1.591641,0.994725,0.999878,0.596835,0.799902,,,off,policy_direct_scale,0.596835,0.799902,0.596835,0.799902,nan,nan,0,0,off,off
3,147,2026-08-21T15:31:21.658,1787297481.658129930,NAVIGATING,map,base_link,1.523152,-3.597751,-1.406321,2.694219,-0.794667,map,2.694219,-0.794667,-2.573510,1.614226,3.037874,2.581379,548,90,0,1.591916,0.994657,0.999878,0.596794,0.799902,,,off,policy_direct_scale,0.596794,0.799902,0.596794,0.799902,nan,nan,0,0,off,off
3,148,2026-08-21T15:31:22.178,1787297482.178291798,NAVIGATING,map,base_link,1.523212,-3.594019,-1.405693,2.694219,-0.794667,map,2.694219,-0.794667,-2.568825,1.615168,3.034408,2.580296,548,90,0,1.586445,0.994610,0.999877,0.596766,0.799902,,,off,policy_direct_scale,0.596766,0.799902,0.596766,0.799902,nan,nan,0,0,off,off
3,149,2026-08-21T15:31:22.698,1787297482.698355198,NAVIGATING,map,base_link,1.519098,-3.595581,-1.401373,2.694219,-0.794667,map,2.694219,-0.794667,-2.562670,1.630568,3.037438,2.574925,548,90,0,1.591661,0.994791,0.999876,0.596875,0.799901,,,off,policy_direct_scale,0.596875,0.799901,0.596875,0.799901,nan,nan,0,0,off,off
3,150,2026-08-21T15:31:23.218,1787297483.218137980,NAVIGATING,map,base_link,1.521346,-3.593206,-1.403263,2.694219,-0.794667,map,2.694219,-0.794667,-2.563779,1.623111,3.034378,2.577194,548,90,0,1.588879,0.994671,0.999876,0.596803,0.799901,,,off,policy_direct_scale,0.596803,0.799901,0.596803,0.799901,nan,nan,0,0,off,off
3,151,2026-08-21T15:31:23.738,1787297483.738333464,NAVIGATING,map,base_link,1.522738,-3.599737,-1.406109,2.694219,-0.794667,map,2.694219,-0.794667,-2.575060,1.615504,3.039866,2.581294,548,90,0,1.590285,0.994607,0.999877,0.596764,0.799902,,,off,policy_direct_scale,0.596764,0.799902,0.596764,0.799902,nan,nan,0,0,off,off
3,152,2026-08-21T15:31:24.260,1787297484.260511398,NAVIGATING,map,base_link,1.525487,-3.595667,-1.403489,2.694219,-0.794667,map,2.694219,-0.794667,-2.567262,1.618857,3.035051,2.578993,548,90,0,1.587236,0.994787,0.999877,0.596872,0.799902,,,off,policy_direct_scale,0.596872,0.799902,0.596872,0.799902,nan,nan,0,0,off,off
3,153,2026-08-21T15:31:24.783,1787297484.783113003,NAVIGATING,map,base_link,1.526834,-3.596149,-1.404394,2.694219,-0.794667,map,2.694219,-0.794667,-2.569425,1.615285,3.034978,2.580369,548,90,0,1.594516,0.994665,0.999878,0.596799,0.799902,,,off,policy_direct_scale,0.596799,0.799902,0.596799,0.799902,nan,nan,0,0,off,off
3,154,2026-08-21T15:31:25.338,1787297485.337996721,NAVIGATING,map,base_link,1.525917,-3.594718,-1.404420,2.694219,-0.794667,map,2.694219,-0.794667,-2.567904,1.615885,3.034010,2.579934,548,90,0,1.585250,0.994742,0.999877,0.596845,0.799902,,,off,policy_direct_scale,0.596845,0.799902,0.596845,0.799902,nan,nan,0,0,off,off
3,155,2026-08-21T15:31:25.897,1787297485.897954941,NAVIGATING,map,base_link,1.522204,-3.595541,-1.406265,2.694219,-0.794667,map,2.694219,-0.794667,-2.571084,1.614942,3.036201,2.580755,548,90,0,1.585441,0.994584,0.999877,0.596750,0.799902,,,off,policy_direct_scale,0.596750,0.799902,0.596750,0.799902,nan,nan,0,0,off,off
3,156,2026-08-21T15:31:26.423,1787297486.423134327,NAVIGATING,map,base_link,1.524015,-3.598129,-1.405639,2.694219,-0.794667,map,2.694219,-0.794667,-2.572925,1.615189,3.037891,2.581008,548,90,0,1.593802,0.994674,0.999878,0.596805,0.799902,,,off,policy_direct_scale,0.596805,0.799902,0.596805,0.799902,nan,nan,0,0,off,off
3,157,2026-08-21T15:31:26.978,1787297486.978550911,NAVIGATING,map,base_link,1.519626,-3.594234,-1.404733,2.694219,-0.794667,map,2.694219,-0.794667,-2.566892,1.621206,3.035991,2.578274,548,90,0,1.586665,0.994684,0.999877,0.596810,0.799901,,,off,policy_direct_scale,0.596810,0.799901,0.596810,0.799901,nan,nan,0,0,off,off
3,158,2026-08-21T15:31:27.502,1787297487.502498627,NAVIGATING,map,base_link,1.523148,-3.598683,-1.407282,2.694219,-0.794667,map,2.694219,-0.794667,-2.575980,1.611906,3.038736,2.582458,548,90,0,1.579315,0.994694,0.999878,0.596817,0.799903,,,off,policy_direct_scale,0.596817,0.799903,0.596817,0.799903,nan,nan,0,0,off,off
3,159,2026-08-21T15:31:28.020,1787297488.020395041,NAVIGATING,map,base_link,1.520107,-3.597473,-1.406203,2.694219,-0.794667,map,2.694219,-0.794667,-2.572546,1.617488,3.038793,2.580302,548,90,0,1.588859,0.994721,0.999878,0.596833,0.799902,,,off,policy_direct_scale,0.596833,0.799902,0.596833,0.799902,nan,nan,0,0,off,off
3,160,2026-08-21T15:31:28.537,1787297488.537911415,NAVIGATING,map,base_link,1.522493,-3.592011,-1.403890,2.694219,-0.794667,map,2.694219,-0.794667,-2.563809,1.620172,3.032833,2.578019,548,90,0,1.589539,0.994707,0.999877,0.596824,0.799901,,,off,policy_direct_scale,0.596824,0.799901,0.596824,0.799901,nan,nan,0,0,off,off
3,161,2026-08-21T15:31:29.098,1787297489.098347664,NAVIGATING,map,base_link,1.523286,-3.599005,-1.405248,2.694219,-0.794667,map,2.694219,-0.794667,-2.573035,1.617061,3.038980,2.580506,548,90,0,1.583361,0.994674,0.999877,0.596804,0.799902,,,off,policy_direct_scale,0.596804,0.799902,0.596804,0.799902,nan,nan,0,0,off,off
3,162,2026-08-21T15:31:29.620,1787297489.620868683,NAVIGATING,map,base_link,1.526310,-3.594638,-1.404768,2.694219,-0.794667,map,2.694219,-0.794667,-2.568452,1.614590,3.033784,2.580392,548,90,0,1.596333,0.994738,0.999878,0.596843,0.799902,,,off,policy_direct_scale,0.596843,0.799902,0.596843,0.799902,nan,nan,0,0,off,off
3,163,2026-08-21T15:31:30.178,1787297490.178646564,NAVIGATING,map,base_link,1.520211,-3.597426,-1.405494,2.694219,-0.794667,map,2.694219,-0.794667,-2.571370,1.619200,3.038709,2.579618,548,90,0,1.581780,0.994732,0.999877,0.596839,0.799902,,,off,policy_direct_scale,0.596839,0.799902,0.596839,0.799902,nan,nan,0,0,off,off
3,164,2026-08-21T15:31:30.742,1787297490.742933035,NAVIGATING,map,base_link,1.527408,-3.596027,-1.405941,2.694219,-0.794667,map,2.694219,-0.794667,-2.571895,1.610720,3.034644,2.582075,548,90,0,1.586235,0.994576,0.999878,0.596745,0.799902,,,off,policy_direct_scale,0.596745,0.799902,0.596745,0.799902,nan,nan,0,0,off,off
3,165,2026-08-21T15:31:31.302,1787297491.302492619,NAVIGATING,map,base_link,1.523133,-3.597343,-1.403840,2.694219,-0.794667,map,2.694219,-0.794667,-2.569092,1.620555,3.037504,2.578841,548,90,0,1.584090,0.994693,0.999877,0.596816,0.799902,,,off,policy_direct_scale,0.596816,0.799902,0.596816,0.799902,nan,nan,0,0,off,off
3,166,2026-08-21T15:31:31.858,1787297491.858510256,NAVIGATING,map,base_link,1.524570,-3.598970,-1.405498,2.694219,-0.794667,map,2.694219,-0.794667,-2.573616,1.615145,3.038452,2.581141,548,90,0,1.581555,0.994576,0.999877,0.596745,0.799901,,,off,policy_direct_scale,0.596745,0.799901,0.596745,0.799901,nan,nan,0,0,off,off
3,167,2026-08-21T15:31:32.378,1787297492.378878593,NAVIGATING,map,base_link,1.522304,-3.597488,-1.406546,2.694219,-0.794667,map,2.694219,-0.794667,-2.573476,1.614439,3.037958,2.581314,548,90,0,1.577736,0.994652,0.999878,0.596791,0.799902,,,off,policy_direct_scale,0.596791,0.799902,0.596791,0.799902,nan,nan,0,0,off,off
3,168,2026-08-21T15:31:32.942,1787297492.942394972,NAVIGATING,map,base_link,1.522223,-3.596832,-1.406292,2.694219,-0.794667,map,2.694219,-0.794667,-2.572404,1.615067,3.037384,2.580951,548,90,0,1.579047,0.994594,0.999877,0.596757,0.799902,,,off,policy_direct_scale,0.596757,0.799902,0.596757,0.799902,nan,nan,0,0,off,off
3,169,2026-08-21T15:31:33.498,1787297493.498352528,NAVIGATING,map,base_link,1.518428,-3.596570,-1.403301,2.694219,-0.794667,map,2.694219,-0.794667,-2.566671,1.626451,3.038609,2.576775,548,90,0,1.594814,0.994719,0.999876,0.596831,0.799901,,,off,policy_direct_scale,0.596831,0.799901,0.596831,0.799901,nan,nan,0,0,off,off
3,170,2026-08-21T15:31:34.019,1787297494.019706488,NAVIGATING,map,base_link,1.521074,-3.593360,-1.404325,2.694219,-0.794667,map,2.694219,-0.794667,-2.565608,1.620680,3.034625,2.578194,548,90,0,1.576328,0.994735,0.999877,0.596841,0.799902,,,off,policy_direct_scale,0.596841,0.799902,0.596841,0.799902,nan,nan,0,0,off,off
3,171,2026-08-21T15:31:34.540,1787297494.540484667,NAVIGATING,map,base_link,1.524193,-3.596376,-1.405463,2.694219,-0.794667,map,2.694219,-0.794667,-2.570939,1.615180,3.036204,2.580663,548,90,0,1.590139,0.994674,0.999878,0.596804,0.799902,,,off,policy_direct_scale,0.596804,0.799902,0.596804,0.799902,nan,nan,0,0,off,off
3,172,2026-08-21T15:31:35.059,1787297495.059117079,NAVIGATING,map,base_link,1.523594,-3.594831,-1.403644,2.694219,-0.794667,map,2.694219,-0.794667,-2.566373,1.620188,3.035009,2.578466,548,90,0,1.585879,0.994693,0.999877,0.596816,0.799901,,,off,policy_direct_scale,0.596816,0.799901,0.596816,0.799901,nan,nan,0,0,off,off
3,173,2026-08-21T15:31:35.579,1787297495.579453230,NAVIGATING,map,base_link,1.528623,-3.600906,-1.404905,2.694219,-0.794667,map,2.694219,-0.794667,-2.575237,1.612993,3.038682,2.582025,548,90,0,1.594424,0.994647,0.999878,0.596788,0.799902,,,off,policy_direct_scale,0.596788,0.799902,0.596788,0.799902,nan,nan,0,0,off,off
3,174,2026-08-21T15:31:36.099,1787297496.099117756,NAVIGATING,map,base_link,1.524407,-3.596803,-1.406160,2.694219,-0.794667,map,2.694219,-0.794667,-2.572521,1.613246,3.036516,2.581480,548,90,0,1.591700,0.994680,0.999878,0.596808,0.799902,,,off,policy_direct_scale,0.596808,0.799902,0.596808,0.799902,nan,nan,0,0,off,off
3,175,2026-08-21T15:31:36.620,1787297496.620440960,NAVIGATING,map,base_link,1.522799,-3.597720,-1.406345,2.694219,-0.794667,map,2.694219,-0.794667,-2.573461,1.614506,3.037981,2.581293,548,90,0,1.590064,0.994637,0.999878,0.596782,0.799902,,,off,policy_direct_scale,0.596782,0.799902,0.596782,0.799902,nan,nan,0,0,off,off
3,176,2026-08-21T15:31:37.180,1787297497.180161953,NAVIGATING,map,base_link,1.524269,-3.595986,-1.406575,2.694219,-0.794667,map,2.694219,-0.794667,-2.572363,1.612180,3.035815,2.581749,548,90,0,1.588499,0.994669,0.999878,0.596801,0.799902,,,off,policy_direct_scale,0.596801,0.799902,0.596801,0.799902,nan,nan,0,0,off,off
3,177,2026-08-21T15:31:37.698,1787297497.698477507,NAVIGATING,map,base_link,1.523047,-3.599837,-1.406888,2.694219,-0.794667,map,2.694219,-0.794667,-2.576466,1.613210,3.039839,2.582179,548,90,0,1.584557,0.994672,0.999878,0.596803,0.799902,,,off,policy_direct_scale,0.596803,0.799902,0.596803,0.799902,nan,nan,0,0,off,off
3,178,2026-08-21T15:31:38.218,1787297498.218308449,NAVIGATING,map,base_link,1.521850,-3.598187,-1.405763,2.694219,-0.794667,map,2.694219,-0.794667,-2.572825,1.617017,3.038778,2.580481,548,90,0,1.577637,0.994711,0.999877,0.596827,0.799902,,,off,policy_direct_scale,0.596827,0.799902,0.596827,0.799902,nan,nan,0,0,off,off
3,179,2026-08-21T15:31:38.742,1787297498.742020607,NAVIGATING,map,base_link,1.520902,-3.595172,-1.403951,2.694219,-0.794667,map,2.694219,-0.794667,-2.566760,1.622111,3.036363,2.577998,548,90,0,1.592396,0.994676,0.999877,0.596806,0.799901,,,off,policy_direct_scale,0.596806,0.799901,0.596806,0.799901,nan,nan,0,0,off,off
3,180,2026-08-21T15:31:39.303,1787297499.303866625,NAVIGATING,map,base_link,1.524735,-3.595837,-1.405184,2.694219,-0.794667,map,2.694219,-0.794667,-2.570047,1.615272,3.035497,2.580481,548,90,0,1.583137,0.994651,0.999877,0.596791,0.799902,,,off,policy_direct_scale,0.596791,0.799902,0.596791,0.799902,nan,nan,0,0,off,off
3,181,2026-08-21T15:31:39.818,1787297499.818251610,NAVIGATING,map,base_link,1.524657,-3.594823,-1.405394,2.694219,-0.794667,map,2.694219,-0.794667,-2.569372,1.614644,3.034592,2.580538,548,90,0,1.582201,0.994704,0.999878,0.596822,0.799902,,,off,policy_direct_scale,0.596822,0.799902,0.596822,0.799902,nan,nan,0,0,off,off
3,182,2026-08-21T15:31:40.337,1787297500.337913990,NAVIGATING,map,base_link,1.525401,-3.594546,-1.405814,2.694219,-0.794667,map,2.694219,-0.794667,-2.569900,1.612784,3.034050,2.581150,548,90,0,1.584201,0.994662,0.999878,0.596797,0.799902,,,off,policy_direct_scale,0.596797,0.799902,0.596797,0.799902,nan,nan,0,0,off,off
3,183,2026-08-21T15:31:40.901,1787297500.901130438,NAVIGATING,map,base_link,1.526008,-3.596934,-1.404298,2.694219,-0.794667,map,2.694219,-0.794667,-2.569907,1.616477,3.036020,2.580121,548,90,0,1.584597,0.994705,0.999877,0.596823,0.799902,,,off,policy_direct_scale,0.596823,0.799902,0.596823,0.799902,nan,nan,0,0,off,off
3,184,2026-08-21T15:31:41.421,1787297501.421265364,NAVIGATING,map,base_link,1.525495,-3.598063,-1.403360,2.694219,-0.794667,map,2.694219,-0.794667,-2.569418,1.619579,3.037260,2.579170,548,90,0,1.590140,0.994641,0.999877,0.596784,0.799902,,,off,policy_direct_scale,0.596784,0.799902,0.596784,0.799902,nan,nan,0,0,off,off
3,185,2026-08-21T15:31:41.940,1787297501.940798521,NAVIGATING,map,base_link,1.524554,-3.593734,-1.405893,2.694219,-0.794667,map,2.694219,-0.794667,-2.569088,1.613284,3.033627,2.580868,548,90,0,1.583424,0.994649,0.999877,0.596789,0.799902,,,off,policy_direct_scale,0.596789,0.799902,0.596789,0.799902,nan,nan,0,0,off,off
3,186,2026-08-21T15:31:42.501,1787297502.501790047,NAVIGATING,map,base_link,1.520906,-3.600457,-1.401169,2.694219,-0.794667,map,2.694219,-0.794667,-2.567448,1.630133,3.041237,2.575889,548,90,0,1.590943,0.994683,0.999876,0.596810,0.799901,,,off,policy_direct_scale,0.596810,0.799901,0.596810,0.799901,nan,nan,0,0,off,off
3,187,2026-08-21T15:31:43.018,1787297503.018106461,NAVIGATING,map,base_link,1.520752,-3.594020,-1.402935,2.694219,-0.794667,map,2.694219,-0.794667,-2.563951,1.624672,3.035359,2.576791,548,90,0,1.574199,0.994720,0.999876,0.596832,0.799901,,,off,policy_direct_scale,0.596832,0.799901,0.596832,0.799901,nan,nan,0,0,off,off
3,188,2026-08-21T15:31:43.537,1787297503.537942648,NAVIGATING,map,base_link,1.525224,-3.600562,-1.406125,2.694219,-0.794667,map,2.694219,-0.794667,-2.576306,1.613147,3.039670,2.582169,548,90,0,1.590743,0.994653,0.999878,0.596792,0.799902,,,off,policy_direct_scale,0.596792,0.799902,0.596792,0.799902,nan,nan,0,0,off,off
3,189,2026-08-21T15:31:44.059,1787297504.058993101,NAVIGATING,map,base_link,1.523939,-3.597331,-1.403800,2.694219,-0.794667,map,2.694219,-0.794667,-2.569149,1.619863,3.037183,2.579044,548,90,0,1.582624,0.994594,0.999876,0.596756,0.799901,,,off,policy_direct_scale,0.596756,0.799901,0.596756,0.799901,nan,nan,0,0,off,off
3,190,2026-08-21T15:31:44.578,1787297504.578129053,NAVIGATING,map,base_link,1.526148,-3.599615,-1.405217,2.694219,-0.794667,map,2.694219,-0.794667,-2.574060,1.614417,3.038441,2.581422,548,90,0,1.593722,0.994646,0.999878,0.596788,0.799902,,,off,policy_direct_scale,0.596788,0.799902,0.596788,0.799902,nan,nan,0,0,off,off
3,191,2026-08-21T15:31:45.103,1787297505.103749752,NAVIGATING,map,base_link,1.525008,-3.595904,-1.405213,2.694219,-0.794667,map,2.694219,-0.794667,-2.570204,1.614941,3.035455,2.580601,548,90,0,1.582187,0.994630,0.999877,0.596778,0.799902,,,off,policy_direct_scale,0.596778,0.799902,0.596778,0.799902,nan,nan,0,0,off,off
3,192,2026-08-21T15:31:45.621,1787297505.621720076,NAVIGATING,map,base_link,1.525040,-3.597154,-1.406388,2.694219,-0.794667,map,2.694219,-0.794667,-2.573338,1.612093,3.036595,2.581944,548,90,0,1.592548,0.994630,0.999878,0.596778,0.799902,,,off,policy_direct_scale,0.596778,0.799902,0.596778,0.799902,nan,nan,0,0,off,off
3,193,2026-08-21T15:31:46.184,1787297506.184259892,NAVIGATING,map,base_link,1.527042,-3.594412,-1.404161,2.694219,-0.794667,map,2.694219,-0.794667,-2.567370,1.615390,3.033294,2.579978,548,90,0,1.586956,0.994725,0.999878,0.596835,0.799902,,,off,policy_direct_scale,0.596835,0.799902,0.596835,0.799902,nan,nan,0,0,off,off
3,194,2026-08-21T15:31:46.778,1787297506.778887033,NAVIGATING,map,base_link,1.523082,-3.597072,-1.405740,2.694219,-0.794667,map,2.694219,-0.794667,-2.571891,1.615676,3.037274,2.580692,548,90,0,1.584566,0.994655,0.999877,0.596793,0.799902,,,off,policy_direct_scale,0.596793,0.799902,0.596793,0.799902,nan,nan,0,0,off,off
3,195,2026-08-21T15:31:47.338,1787297507.338059664,NAVIGATING,map,base_link,1.526521,-3.599389,-1.405375,2.694219,-0.794667,map,2.694219,-0.794667,-2.574152,1.613605,3.038088,2.581665,548,90,0,1.596014,0.994666,0.999878,0.596800,0.799902,,,off,policy_direct_scale,0.596800,0.799902,0.596800,0.799902,nan,nan,0,0,off,off
3,196,2026-08-21T15:31:47.902,1787297507.902758598,NAVIGATING,map,base_link,1.522748,-3.597809,-1.406468,2.694219,-0.794667,map,2.694219,-0.794667,-2.573740,1.614254,3.038083,2.581412,548,90,0,1.586733,0.994632,0.999878,0.596779,0.799902,,,off,policy_direct_scale,0.596779,0.799902,0.596779,0.799902,nan,nan,0,0,off,off
3,197,2026-08-21T15:31:48.419,1787297508.418982506,NAVIGATING,map,base_link,1.525898,-3.596592,-1.405438,2.694219,-0.794667,map,2.694219,-0.794667,-2.571392,1.613598,3.035746,2.581184,548,90,0,1.595048,0.994691,0.999878,0.596814,0.799902,,,off,policy_direct_scale,0.596814,0.799902,0.596814,0.799902,nan,nan,0,0,off,off
3,198,2026-08-21T15:31:48.937,1787297508.937895060,NAVIGATING,map,base_link,1.522444,-3.597155,-1.405062,2.694219,-0.794667,map,2.694219,-0.794667,-2.570770,1.618065,3.037596,2.579829,548,90,0,1.586627,0.994686,0.999877,0.596812,0.799902,,,off,policy_direct_scale,0.596812,0.799902,0.596812,0.799902,nan,nan,0,0,off,off
3,199,2026-08-21T15:31:49.461,1787297509.461478710,NAVIGATING,map,base_link,1.525616,-3.597254,-1.405742,2.694219,-0.794667,map,2.694219,-0.794667,-2.572489,1.613204,3.036466,2.581486,548,90,0,1.595081,0.994692,0.999878,0.596815,0.799902,,,off,policy_direct_scale,0.596815,0.799902,0.596815,0.799902,nan,nan,0,0,off,off
3,200,2026-08-21T15:31:49.978,1787297509.978348970,NAVIGATING,map,base_link,1.524574,-3.600110,-1.405665,2.694219,-0.794667,map,2.694219,-0.794667,-2.575012,1.614897,3.039504,2.581455,548,90,0,1.582586,0.994670,0.999878,0.596802,0.799902,,,off,policy_direct_scale,0.596802,0.799902,0.596802,0.799902,nan,nan,0,0,off,off
3,201,2026-08-21T15:31:50.578,1787297510.578595400,NAVIGATING,map,base_link,1.526147,-3.594002,-1.405853,2.694219,-0.794667,map,2.694219,-0.794667,-2.569549,1.611860,3.033261,2.581346,548,90,0,1.585174,0.994712,0.999878,0.596827,0.799903,,,off,policy_direct_scale,0.596827,0.799903,0.596827,0.799903,nan,nan,0,0,off,off
3,202,2026-08-21T15:31:51.101,1787297511.101308823,NAVIGATING,map,base_link,1.526911,-3.599183,-1.404902,2.694219,-0.794667,map,2.694219,-0.794667,-2.573250,1.614404,3.037749,2.581284,548,90,0,1.584992,0.994653,0.999878,0.596792,0.799902,,,off,policy_direct_scale,0.596792,0.799902,0.596792,0.799902,nan,nan,0,0,off,off
3,203,2026-08-21T15:31:51.618,1787297511.618402243,NAVIGATING,map,base_link,1.524084,-3.595443,-1.404120,2.694219,-0.794667,map,2.694219,-0.794667,-2.567830,1.618583,3.035385,2.579169,548,90,0,1.587286,0.994750,0.999877,0.596850,0.799902,,,off,policy_direct_scale,0.596850,0.799902,0.596850,0.799902,nan,nan,0,0,off,off
3,204,2026-08-21T15:31:52.143,1787297512.143270493,NAVIGATING,map,base_link,1.522483,-3.598863,-1.406153,2.694219,-0.794667,map,2.694219,-0.794667,-2.574227,1.615499,3.039158,2.581150,548,90,0,1.585212,0.994670,0.999878,0.596802,0.799902,,,off,policy_direct_scale,0.596802,0.799902,0.596802,0.799902,nan,nan,0,0,off,off
3,205,2026-08-21T15:31:52.697,1787297512.697949648,NAVIGATING,map,base_link,1.522461,-3.593460,-1.402144,2.694219,-0.794667,map,2.694219,-0.794667,-2.562400,1.624921,3.034182,2.576447,548,90,0,1.579502,0.994744,0.999876,0.596847,0.799901,,,off,policy_direct_scale,0.596847,0.799901,0.596847,0.799901,nan,nan,0,0,off,off
3,206,2026-08-21T15:31:53.220,1787297513.220502853,NAVIGATING,map,base_link,1.523479,-3.597152,-1.403539,2.694219,-0.794667,map,2.694219,-0.794667,-2.568474,1.620955,3.037195,2.578621,548,90,0,1.592586,0.994702,0.999877,0.596821,0.799902,,,off,policy_direct_scale,0.596821,0.799902,0.596821,0.799902,nan,nan,0,0,off,off
3,207,2026-08-21T15:31:53.778,1787297513.778757334,NAVIGATING,map,base_link,1.524147,-3.597461,-1.404367,2.694219,-0.794667,map,2.694219,-0.794667,-2.570230,1.618221,3.037223,2.579691,548,90,0,1.577890,0.994721,0.999877,0.596833,0.799902,,,off,policy_direct_scale,0.596833,0.799902,0.596833,0.799902,nan,nan,0,0,off,off
3,208,2026-08-21T15:31:54.342,1787297514.342247009,NAVIGATING,map,base_link,1.526150,-3.597256,-1.404119,2.694219,-0.794667,map,2.694219,-0.794667,-2.569959,1.616849,3.036263,2.580026,548,90,0,1.594748,0.994670,0.999877,0.596802,0.799902,,,off,policy_direct_scale,0.596802,0.799902,0.596802,0.799902,nan,nan,0,0,off,off
3,209,2026-08-21T15:31:54.898,1787297514.898449183,NAVIGATING,map,base_link,1.527806,-3.596471,-1.405289,2.694219,-0.794667,map,2.694219,-0.794667,-2.571348,1.612078,3.034901,2.581600,548,90,0,1.578297,0.994551,0.999877,0.596731,0.799902,,,off,policy_direct_scale,0.596731,0.799902,0.596731,0.799902,nan,nan,0,0,off,off
3,210,2026-08-21T15:31:55.419,1787297515.418995619,NAVIGATING,map,base_link,1.527748,-3.598299,-1.405470,2.694219,-0.794667,map,2.694219,-0.794667,-2.573432,1.611972,3.036611,2.581994,548,90,0,1.591391,0.994637,0.999878,0.596782,0.799902,,,off,policy_direct_scale,0.596782,0.799902,0.596782,0.799902,nan,nan,0,0,off,off
3,211,2026-08-21T15:31:55.938,1787297515.938062906,NAVIGATING,map,base_link,1.526494,-3.594837,-1.403883,2.694219,-0.794667,map,2.694219,-0.794667,-2.567249,1.616715,3.033898,2.579588,548,90,0,1.585947,0.994666,0.999877,0.596799,0.799902,,,off,policy_direct_scale,0.596799,0.799902,0.596799,0.799902,nan,nan,0,0,off,off
3,212,2026-08-21T15:31:56.498,1787297516.498246193,NAVIGATING,map,base_link,1.522474,-3.599901,-1.406011,2.694219,-0.794667,map,2.694219,-0.794667,-2.575019,1.616044,3.040119,2.581136,548,90,0,1.587703,0.994629,0.999877,0.596778,0.799902,,,off,policy_direct_scale,0.596778,0.799902,0.596778,0.799902,nan,nan,0,0,off,off
3,213,2026-08-21T15:31:57.020,1787297517.020443201,NAVIGATING,map,base_link,1.526486,-3.598824,-1.405943,2.694219,-0.794667,map,2.694219,-0.794667,-2.574505,1.612085,3.037580,2.582150,548,90,0,1.581507,0.994635,0.999878,0.596781,0.799902,,,off,policy_direct_scale,0.596781,0.799902,0.596781,0.799902,nan,nan,0,0,off,off
3,214,2026-08-21T15:31:57.538,1787297517.538105726,NAVIGATING,map,base_link,1.519625,-3.598435,-1.400720,2.694219,-0.794667,map,2.694219,-0.794667,-2.564506,1.632205,3.039866,2.574795,548,90,0,1.581304,0.994770,0.999876,0.596862,0.799901,,,off,policy_direct_scale,0.596862,0.799901,0.596862,0.799901,nan,nan,0,0,off,off
3,215,2026-08-21T15:31:58.098,1787297518.098128796,NAVIGATING,map,base_link,1.525493,-3.601260,-1.405633,2.694219,-0.794667,map,2.694219,-0.794667,-2.576247,1.614262,3.040212,2.581848,548,90,0,1.585835,0.994626,0.999878,0.596776,0.799902,,,off,policy_direct_scale,0.596776,0.799902,0.596776,0.799902,nan,nan,0,0,off,off
3,216,2026-08-21T15:31:58.618,1787297518.618134022,NAVIGATING,map,base_link,1.526895,-3.595948,-1.405616,2.694219,-0.794667,map,2.694219,-0.794667,-2.571209,1.612050,3.034769,2.581584,548,90,0,1.580114,0.994681,0.999878,0.596809,0.799902,,,off,policy_direct_scale,0.596809,0.799902,0.596809,0.799902,nan,nan,0,0,off,off
3,217,2026-08-21T15:31:59.139,1787297519.139487743,NAVIGATING,map,base_link,1.525925,-3.600526,-1.404193,2.694219,-0.794667,map,2.694219,-0.794667,-2.573266,1.617424,3.039368,2.580445,548,90,0,1.594477,0.994718,0.999878,0.596831,0.799902,,,off,policy_direct_scale,0.596831,0.799902,0.596831,0.799902,nan,nan,0,0,off,off
3,218,2026-08-21T15:31:59.661,1787297519.661503077,NAVIGATING,map,base_link,1.527569,-3.595339,-1.405730,2.694219,-0.794667,map,2.694219,-0.794667,-2.570903,1.610991,3.033947,2.581826,548,90,0,1.594306,0.994652,0.999878,0.596791,0.799902,,,off,policy_direct_scale,0.596791,0.799902,0.596791,0.799902,nan,nan,0,0,off,off
3,219,2026-08-21T15:32:00.182,1787297520.182086945,NAVIGATING,map,base_link,1.527906,-3.598578,-1.405962,2.694219,-0.794667,map,2.694219,-0.794667,-2.574526,1.610596,3.036808,2.582570,548,90,0,1.572856,0.994663,0.999878,0.596798,0.799902,,,off,policy_direct_scale,0.596798,0.799902,0.596798,0.799902,nan,nan,0,0,off,off
3,220,2026-08-21T15:32:00.702,1787297520.702275991,NAVIGATING,map,base_link,1.526383,-3.597956,-1.404589,2.694219,-0.794667,map,2.694219,-0.794667,-2.571448,1.615527,3.036819,2.580656,548,90,0,1.586671,0.994626,0.999877,0.596776,0.799902,,,off,policy_direct_scale,0.596776,0.799902,0.596776,0.799902,nan,nan,0,0,off,off
3,221,2026-08-21T15:32:01.218,1787297521.218312502,NAVIGATING,map,base_link,1.529227,-3.602616,-1.403268,2.694219,-0.794667,map,2.694219,-0.794667,-2.574379,1.616897,3.040030,2.580787,548,90,0,1.588848,0.994607,0.999877,0.596764,0.799902,,,off,policy_direct_scale,0.596764,0.799902,0.596764,0.799902,nan,nan,0,0,off,off
3,222,2026-08-21T15:32:01.741,1787297521.741445541,NAVIGATING,map,base_link,1.524515,-3.595586,-1.404425,2.694219,-0.794667,map,2.694219,-0.794667,-2.568536,1.617398,3.035350,2.579623,548,90,0,1.584871,0.994763,0.999878,0.596858,0.799902,,,off,policy_direct_scale,0.596858,0.799902,0.596858,0.799902,nan,nan,0,0,off,off
3,223,2026-08-21T15:32:02.301,1787297522.301845789,NAVIGATING,map,base_link,1.521216,-3.597875,-1.403133,2.694219,-0.794667,map,2.694219,-0.794667,-2.568150,1.624351,3.038735,2.577619,548,90,0,1.595260,0.994782,0.999877,0.596869,0.799901,,,off,policy_direct_scale,0.596869,0.799901,0.596869,0.799901,nan,nan,0,0,off,off
3,224,2026-08-21T15:32:02.818,1787297522.818336010,NAVIGATING,map,base_link,1.521327,-3.596439,-1.402440,2.694219,-0.794667,map,2.694219,-0.794667,-2.565626,1.625781,3.037367,2.576777,548,90,0,1.585704,0.994693,0.999876,0.596816,0.799901,,,off,policy_direct_scale,0.596816,0.799901,0.596816,0.799901,nan,nan,0,0,off,off
3,225,2026-08-21T15:48:05.778,1787298485.778830528,NAVIGATING,map,base_link,3.072723,-2.472729,1.411227,2.619591,-0.820672,map,2.619591,-0.820672,1.559069,0.709875,1.713073,0.427269,548,90,0,1.578969,0.999260,0.441765,0.599556,0.353412,,,off,policy_direct_scale,0.599556,0.353412,0.599556,0.353412,nan,nan,0,0,off,off
3,226,2026-08-21T15:48:06.298,1787298486.298605919,NAVIGATING,map,base_link,3.066863,-2.316104,1.492476,2.619591,-0.820672,map,2.619591,-0.820672,1.455853,0.562903,1.560887,0.368944,548,90,0,1.420015,0.998876,0.359003,0.599326,0.287202,,,off,policy_direct_scale,0.599326,0.287202,0.599326,0.287202,nan,nan,0,0,off,off
3,227,2026-08-21T15:48:06.820,1787298486.820608377,NAVIGATING,map,base_link,3.023703,-2.063185,1.618594,2.619591,-0.820672,map,2.619591,-0.820672,1.260402,0.344285,1.306578,0.266650,548,90,0,1.157200,0.995055,0.665707,0.597033,0.532565,,,off,policy_direct_scale,0.597033,0.532565,0.597033,0.532565,nan,nan,0,0,off,off
3,228,2026-08-21T15:48:07.380,1787298487.380895853,NAVIGATING,map,base_link,2.900338,-1.786807,1.870560,2.619591,-0.820672,map,2.619591,-0.820672,1.005955,-0.017067,1.006099,-0.016964,548,90,0,0.909164,0.988589,0.831870,0.593153,0.665496,,,off,policy_direct_scale,0.593153,0.665496,0.593153,0.665496,nan,nan,0,0,off,off
3,229,2026-08-21T15:48:07.902,1787298487.902697086,NAVIGATING,map,base_link,2.736695,-1.605618,2.145302,2.619591,-0.820672,map,2.619591,-0.820672,0.722568,-0.328252,0.793633,-0.426411,548,90,0,0.661377,0.998290,0.311937,0.598974,0.249549,,,off,policy_direct_scale,0.598974,0.249549,0.598974,0.249549,nan,nan,0,0,off,off
3,230,2026-08-21T15:48:08.422,1787298488.422823906,NAVIGATING,map,base_link,2.587701,-1.390304,2.121567,2.619591,-0.820672,map,2.619591,-0.820672,0.468706,-0.325288,0.570524,-0.606696,548,90,0,0.623752,0.999525,-0.855109,0.599715,-0.684088,,,off,policy_direct_scale,0.599715,-0.684088,0.599715,-0.684088,nan,nan,0,0,off,off
3,231,2026-08-21T15:48:08.979,1787298488.979194403,NAVIGATING,map,base_link,2.523703,-1.083507,1.826912,2.619591,-0.820672,map,2.619591,-0.820672,0.229971,-0.159342,0.279779,-0.605933,548,90,0,0.597216,0.999593,-0.794705,0.599756,-0.635764,,,off,policy_direct_scale,0.599756,-0.635764,0.599756,-0.635764,nan,nan,0,0,off,off
3,232,2026-08-21T15:48:09.502,1787298489.502684355,NAVIGATING,map,base_link,2.526642,-0.830132,1.528630,4.551553,0.645071,map,4.551553,0.645071,1.559249,-1.960926,2.505292,-0.899014,548,90,0,0.595994,0.999770,-0.958817,0.599862,-0.767053,,,off,policy_direct_scale,0.599862,-0.767053,0.599862,-0.767053,nan,nan,0,0,off,off
3,233,2026-08-21T15:48:10.018,1787298490.018903255,NAVIGATING,map,base_link,2.654955,-0.589252,1.239352,4.551553,0.645071,map,4.551553,0.645071,1.784313,-1.391713,2.262882,-0.662408,548,90,0,0.574284,0.999681,-0.292567,0.599809,-0.234054,,,off,policy_direct_scale,0.599809,-0.234054,0.599809,-0.234054,nan,nan,0,0,off,off
3,234,2026-08-21T15:48:10.581,1787298490.581235170,NAVIGATING,map,base_link,2.747835,-0.337839,1.132961,4.551553,0.645071,map,4.551553,0.645071,1.654935,-1.216842,2.054145,-0.634014,548,90,0,0.576719,0.999842,-0.776506,0.599905,-0.621205,,,off,policy_direct_scale,0.599905,-0.621205,0.599905,-0.621205,nan,nan,0,0,off,off
3,235,2026-08-21T15:48:11.098,1787298491.098965883,NAVIGATING,map,base_link,2.952253,-0.103742,0.857279,4.551553,0.645071,map,4.551553,0.645071,1.612889,-0.719077,1.765923,-0.419382,548,90,0,0.522688,0.999872,-0.711639,0.599923,-0.569311,,,off,policy_direct_scale,0.599923,-0.569311,0.599923,-0.569311,nan,nan,0,0,off,off
3,236,2026-08-21T15:48:11.622,1787298491.622525454,NAVIGATING,map,base_link,3.179565,0.062755,0.625677,4.551553,0.645071,map,4.551553,0.645071,1.453119,-0.331493,1.490451,-0.224287,548,90,0,0.512697,0.999835,-0.714148,0.599901,-0.571318,,,off,policy_direct_scale,0.599901,-0.571318,0.599901,-0.571318,nan,nan,0,0,off,off
3,237,2026-08-21T15:48:12.138,1787298492.138621330,NAVIGATING,map,base_link,3.485264,0.159163,0.340164,4.551553,0.645071,map,4.551553,0.645071,1.167310,0.102307,1.171785,0.087420,548,90,0,0.564746,0.998694,-0.954549,0.599216,-0.763639,,,off,policy_direct_scale,0.599216,-0.763639,0.599216,-0.763639,nan,nan,0,0,off,off
3,238,2026-08-21T15:48:12.699,1787298492.699427366,NAVIGATING,map,base_link,3.794126,0.149597,-0.004071,4.551553,0.645071,map,4.551553,0.645071,0.755404,0.498554,0.905092,0.583361,548,90,0,0.565883,0.999559,-0.177890,0.599736,-0.142312,,,off,policy_direct_scale,0.599736,-0.142312,0.599736,-0.142312,nan,nan,0,0,off,off
3,239,2026-08-21T15:48:13.223,1787298493.223362923,NAVIGATING,map,base_link,4.042849,0.126780,-0.072904,4.551553,0.645071,map,4.551553,0.645071,0.469601,0.553967,0.726226,0.867636,548,90,0,0.559318,0.999825,0.969956,0.599895,0.775965,,,off,policy_direct_scale,0.599895,0.775965,0.599895,0.775965,nan,nan,0,0,off,off
3,240,2026-08-21T15:48:13.739,1787298493.739193201,NAVIGATING,map,base_link,4.347546,0.259095,0.315495,4.551553,0.645071,map,4.551553,0.645071,0.313701,0.303625,0.436574,0.769077,548,90,0,0.462192,0.999700,0.912729,0.599820,0.730183,,,off,policy_direct_scale,0.599820,0.730183,0.599820,0.730183,nan,nan,0,0,off,off
3,241,2026-08-21T15:48:14.298,1787298494.298485279,NAVIGATING,map,base_link,4.545954,0.454443,0.654250,3.281390,2.505805,map,3.281390,2.505805,0.244949,2.397334,2.409815,1.468974,548,90,0,0.460842,0.999838,0.996865,0.599903,0.797492,,,off,policy_direct_scale,0.599903,0.797492,0.599903,0.797492,nan,nan,0,0,off,off
3,242,2026-08-21T15:48:14.820,1787298494.820285082,NAVIGATING,map,base_link,4.660404,0.651302,0.950512,3.281390,2.505805,map,3.281390,2.505805,0.707458,2.200082,2.311030,1.259679,548,90,0,0.500016,0.999850,0.992539,0.599910,0.794031,,,off,policy_direct_scale,0.599910,0.794031,0.599910,0.794031,nan,nan,0,0,off,off
3,243,2026-08-21T15:48:15.381,1787298495.381867170,NAVIGATING,map,base_link,4.689691,0.965034,1.318613,3.281390,2.505805,map,3.281390,2.505805,1.140639,1.748207,2.087411,0.992692,548,90,0,0.413455,0.999822,0.927012,0.599893,0.741609,,,off,policy_direct_scale,0.599893,0.741609,0.599893,0.741609,nan,nan,0,0,off,off
3,244,2026-08-21T15:48:15.901,1787298495.901925087,NAVIGATING,map,base_link,4.610097,1.257081,1.681990,3.281390,2.505805,map,3.281390,2.505805,1.388453,1.181937,1.823397,0.705226,548,90,0,0.407761,0.999816,0.903666,0.599889,0.722933,,,off,policy_direct_scale,0.599889,0.722933,0.599889,0.722933,nan,nan,0,0,off,off
3,245,2026-08-21T15:48:16.422,1787298496.421982050,NAVIGATING,map,base_link,4.468623,1.475516,1.992094,3.281390,2.505805,map,3.281390,2.505805,1.425713,0.662088,1.571947,0.434757,548,90,0,0.426174,0.999382,0.978077,0.599629,0.782462,,,off,policy_direct_scale,0.599629,0.782462,0.599629,0.782462,nan,nan,0,0,off,off
3,246,2026-08-21T15:48:16.938,1787298496.938248158,NAVIGATING,map,base_link,4.250766,1.669678,2.305616,3.281390,2.505805,map,3.281390,2.505805,1.270287,0.158645,1.280156,0.124246,548,90,0,0.442040,0.998679,0.996171,0.599208,0.796937,,,off,policy_direct_scale,0.599208,0.796937,0.599208,0.796937,nan,nan,0,0,off,off
3,247,2026-08-21T15:48:17.498,1787298497.498925447,NAVIGATING,map,base_link,3.950100,1.758134,2.726036,3.281390,2.505805,map,3.281390,2.505805,0.913632,-0.414081,1.003088,-0.425533,548,90,0,0.546607,0.999645,0.633423,0.599787,0.506738,,,off,policy_direct_scale,0.599787,0.506738,0.599787,0.506738,nan,nan,0,0,off,off
3,248,2026-08-21T15:48:18.020,1787298498.020577908,NAVIGATING,map,base_link,3.682139,1.821191,2.719178,3.281390,2.505805,map,3.281390,2.505805,0.646191,-0.460145,0.793282,-0.618793,548,90,0,0.600679,0.999872,-0.717142,0.599923,-0.573713,,,off,policy_direct_scale,0.599923,-0.573713,0.599923,-0.573713,nan,nan,0,0,off,off
3,249,2026-08-21T15:48:18.539,1787298498.539268494,NAVIGATING,map,base_link,3.473219,2.022510,2.503625,3.281390,2.505805,map,3.281390,2.505805,0.441931,-0.273988,0.519974,-0.554980,548,90,0,0.585526,0.999845,-0.593043,0.599907,-0.474434,,,off,policy_direct_scale,0.599907,-0.474434,0.599907,-0.474434,nan,nan,0,0,off,off
3,250,2026-08-21T15:48:19.094,1787298499.094039440,REACHED,map,base_link,3.255176,2.279574,2.265222,3.281390,2.505805,map,3.281390,2.505805,0.157065,-0.164919,0.227745,-0.809784,548,-1,-1,nan,0.000000,0.000000,0.000000,0.000000,,,off,policy_direct_scale,nan,nan,nan,nan,nan,nan,0,0,not_evaluated,not_evaluated
3,251,2026-08-21T15:48:19.619,1787298499.619923115,NAVIGATING,map,base_link,3.180647,2.465863,2.018833,5.028668,4.058102,map,5.028668,4.058102,0.634528,-2.355373,2.439346,-1.307648,548,90,0,0.692798,0.999765,-0.998584,0.599859,-0.798867,,,off,policy_direct_scale,0.599859,-0.798867,0.599859,-0.798867,nan,nan,0,0,off,off
3,252,2026-08-21T15:48:20.179,1787298500.179897308,NAVIGATING,map,base_link,3.172737,2.762061,1.679401,5.028668,4.058102,map,5.028668,4.058102,1.087238,-1.985476,2.263670,-1.069801,548,90,0,0.767857,0.999694,-0.997257,0.599817,-0.797806,,,off,policy_direct_scale,0.599817,-0.797806,0.599817,-0.797806,nan,nan,0,0,off,off
3,253,2026-08-21T15:48:20.698,1787298500.698701859,NAVIGATING,map,base_link,3.236851,3.013296,1.353745,5.028668,4.058102,map,5.028668,4.058102,1.406161,-1.524776,2.074182,-0.825846,548,90,0,0.824920,0.999611,-0.988672,0.599767,-0.790937,,,off,policy_direct_scale,0.599767,-0.790937,0.599767,-0.790937,nan,nan,0,0,off,off
3,254,2026-08-21T15:48:21.220,1787298501.220646858,NAVIGATING,map,base_link,3.396238,3.216460,1.042565,5.028668,4.058102,map,5.028668,4.058102,1.549681,-0.985737,1.836624,-0.566535,548,90,0,0.771142,0.999563,-0.913691,0.599738,-0.730953,,,off,policy_direct_scale,0.599738,-0.730953,0.599738,-0.730953,nan,nan,0,0,off,off
3,255,2026-08-21T15:48:21.779,1787298501.779561281,NAVIGATING,map,base_link,3.660015,3.396225,0.716485,5.028668,4.058102,map,5.028668,4.058102,1.466807,-0.399713,1.520293,-0.266046,548,90,0,0.662169,0.999526,-0.286653,0.599715,-0.229322,,,off,policy_direct_scale,0.599715,-0.229322,0.599715,-0.229322,nan,nan,0,0,off,off
3,256,2026-08-21T15:48:22.298,1787298502.298637390,NAVIGATING,map,base_link,3.850299,3.540463,0.583937,5.028668,4.058102,map,5.028668,4.058102,1.268492,-0.217785,1.287052,-0.170030,548,90,0,0.618396,0.999486,-0.412260,0.599692,-0.329808,,,off,policy_direct_scale,0.599692,-0.329808,0.599692,-0.329808,nan,nan,0,0,off,off
3,257,2026-08-21T15:48:22.818,1787298502.818820477,NAVIGATING,map,base_link,4.092090,3.665819,0.429000,5.028668,4.058102,map,5.028668,4.058102,1.014882,-0.032845,1.015413,-0.032352,548,90,0,0.635797,0.995540,-0.830626,0.597324,-0.664501,,,off,policy_direct_scale,0.597324,-0.664501,0.597324,-0.664501,nan,nan,0,0,off,off
3,258,2026-08-21T15:48:23.341,1787298503.341366291,NAVIGATING,map,base_link,4.404334,3.666538,0.144650,5.028668,4.058102,map,5.028668,4.058102,0.674256,0.297480,0.736964,0.415509,548,90,0,0.276655,-0.983979,-0.929297,-0.590387,-0.743437,,,off,policy_direct_scale,-0.590387,-0.743437,-0.590387,-0.743437,nan,nan,0,0,off,off
3,259,2026-08-21T15:48:23.901,1787298503.901233435,NAVIGATING,map,base_link,4.260216,3.650121,-0.165954,5.028668,4.058102,map,5.028668,4.058102,0.690498,0.529319,0.870038,0.654026,548,90,0,0.309022,-0.996668,-0.647229,-0.598001,-0.517783,,,off,policy_direct_scale,-0.598001,-0.517783,-0.598001,-0.517783,nan,nan,0,0,off,off
3,260,2026-08-21T15:48:24.419,1787298504.419363976,NAVIGATING,map,base_link,3.998555,3.699442,-0.422016,5.028668,4.058102,map,5.028668,4.058102,0.792829,0.749128,1.090766,0.757064,548,90,0,0.666839,0.961553,0.539239,0.576932,0.431392,,,off,policy_direct_scale,0.576932,0.431392,0.576932,0.431392,nan,nan,0,0,off,off
3,261,2026-08-21T15:48:24.941,1787298504.941405773,NAVIGATING,map,base_link,4.255159,3.673816,-0.281514,5.028668,4.058102,map,5.028668,4.058102,0.636302,0.584047,0.863708,0.742605,548,90,0,0.420948,-0.799987,-0.612285,-0.479992,-0.489828,,,off,policy_direct_scale,-0.479992,-0.489828,-0.479992,-0.489828,nan,nan,0,0,off,off
3,262,2026-08-21T15:48:25.499,1787298505.499455929,NAVIGATING,map,base_link,4.296819,3.660035,-0.344137,5.028668,4.058102,map,5.028668,4.058102,0.554637,0.621642,0.833103,0.842300,548,90,0,0.412112,0.791573,-0.114702,0.474944,-0.091761,,,off,policy_direct_scale,0.474944,-0.091761,0.474944,-0.091761,nan,nan,0,0,off,off
3,263,2026-08-21T15:48:26.020,1787298506.020510435,NAVIGATING,map,base_link,4.353919,3.630405,-0.285378,5.028668,4.058102,map,5.028668,4.058102,0.527054,0.600354,0.798881,0.850323,548,90,0,0.391632,0.723493,-0.308049,0.434096,-0.246439,,,off,policy_direct_scale,0.434096,-0.246439,0.434096,-0.246439,nan,nan,0,0,off,off
3,264,2026-08-21T15:48:26.540,1787298506.540403366,NAVIGATING,map,base_link,4.325827,3.632813,-0.359341,5.028668,4.058102,map,5.028668,4.058102,0.508393,0.645285,0.821496,0.903503,548,90,0,0.398397,-0.591905,-0.053737,-0.355143,-0.042989,,,off,policy_direct_scale,-0.355143,-0.042989,-0.355143,-0.042989,nan,nan,0,0,off,off
3,265,2026-08-21T15:48:27.105,1787298507.105718851,NAVIGATING,map,base_link,4.321760,3.650258,-0.347691,5.028668,4.058102,map,5.028668,4.058102,0.525643,0.624303,0.816122,0.870984,548,90,0,0.395245,-0.253046,-0.114095,-0.151827,-0.091276,,,off,policy_direct_scale,-0.151827,-0.091276,-0.151827,-0.091276,nan,nan,0,0,off,off
3,266,2026-08-21T15:48:27.620,1787298507.620937586,NAVIGATING,map,base_link,4.309280,3.646795,-0.394024,5.028668,4.058102,map,5.028668,4.058102,0.506359,0.655968,0.828669,0.913409,548,90,0,0.401988,0.325541,0.138004,0.195325,0.110403,,,off,policy_direct_scale,0.195325,0.110403,0.195325,0.110403,nan,nan,0,0,off,off
3,267,2026-08-21T15:48:28.181,1787298508.181720972,NAVIGATING,map,base_link,4.484703,3.639055,-0.308198,5.028668,4.058102,map,5.028668,4.058102,0.391220,0.564310,0.686657,0.964601,548,90,0,0.320462,0.441914,0.293463,0.265149,0.234770,,,off,policy_direct_scale,0.265149,0.234770,0.265149,0.234770,nan,nan,0,0,off,off
3,268,2026-08-21T15:48:28.701,1787298508.701234579,NAVIGATING,map,base_link,4.509019,3.646337,-0.190966,5.028668,4.058102,map,5.028668,4.058102,0.432046,0.502913,0.663013,0.861050,548,90,0,0.305228,-0.993453,0.113552,-0.596072,0.090842,,,off,policy_direct_scale,-0.596072,0.090842,-0.596072,0.090842,nan,nan,0,0,off,off
3,269,2026-08-21T15:48:29.260,1787298509.260237694,NAVIGATING,map,base_link,4.209087,3.694967,-0.262389,5.028668,4.058102,map,5.028668,4.058102,0.697336,0.563295,0.896426,0.679468,548,90,0,0.363062,-0.841876,-0.780246,-0.505126,-0.624197,,,off,policy_direct_scale,-0.505126,-0.624197,-0.505126,-0.624197,nan,nan,0,0,off,off
3,270,2026-08-21T15:48:29.782,1787298509.782251835,NAVIGATING,map,base_link,4.057695,3.726360,-0.409261,5.028668,4.058102,map,5.028668,4.058102,0.758775,0.690726,1.026081,0.738486,548,90,0,0.553638,0.856778,-0.375002,0.514067,-0.300002,,,off,policy_direct_scale,0.514067,-0.300002,0.514067,-0.300002,nan,nan,0,0,off,off
3,271,2026-08-21T15:48:30.298,1787298510.298769236,NAVIGATING,map,base_link,4.309608,3.612686,-0.479012,5.028668,4.058102,map,5.028668,4.058102,0.432837,0.726701,0.845838,1.033604,548,90,0,0.444751,0.980035,0.937532,0.588021,0.750026,,,off,policy_direct_scale,0.588021,0.750026,0.588021,0.750026,nan,nan,0,0,off,off
3,272,2026-08-21T15:48:30.819,1787298510.819231510,NAVIGATING,map,base_link,4.460666,3.635514,-0.251730,5.028668,4.058102,map,5.028668,4.058102,0.444842,0.550747,0.707959,0.891374,548,90,0,0.285548,-0.846741,-0.236529,-0.508045,-0.189224,,,off,policy_direct_scale,-0.508045,-0.189224,-0.508045,-0.189224,nan,nan,0,0,off,off
3,273,2026-08-21T15:48:31.338,1787298511.338507175,NAVIGATING,map,base_link,4.309732,3.666381,-0.222949,5.028668,4.058102,map,5.028668,4.058102,0.614530,0.540987,0.818727,0.721838,548,90,0,0.303769,-0.983243,-0.696442,-0.589945,-0.557154,,,off,policy_direct_scale,-0.589945,-0.557154,-0.589945,-0.557154,nan,nan,0,0,off,off
3,274,2026-08-21T15:48:31.898,1787298511.898553371,NAVIGATING,map,base_link,4.029502,3.747521,-0.375825,5.028668,4.058102,map,5.028668,4.058102,0.815434,0.655638,1.046324,0.677197,548,90,0,0.494059,-0.617489,-0.749865,-0.370494,-0.599892,,,off,policy_direct_scale,-0.370494,-0.599892,-0.370494,-0.599892,nan,nan,0,0,off,off
3,275,2026-08-21T15:48:32.418,1787298512.418958426,NAVIGATING,map,base_link,4.027496,3.792813,-0.329918,5.028668,4.058102,map,5.028668,4.058102,0.861233,0.575327,1.035723,0.588944,548,90,0,0.619232,0.856820,-0.557263,0.514092,-0.445811,,,off,policy_direct_scale,0.514092,-0.445811,0.514092,-0.445811,nan,nan,0,0,off,off
3,276,2026-08-21T15:48:32.938,1787298512.938212156,NAVIGATING,map,base_link,4.169127,3.751770,-0.476870,5.028668,4.058102,map,5.028668,4.058102,0.623040,0.666687,0.912497,0.819227,548,90,0,0.327429,-0.986242,-0.612825,-0.591745,-0.490260,,,off,policy_direct_scale,-0.591745,-0.490260,-0.591745,-0.490260,nan,nan,0,0,off,off
3,277,2026-08-21T15:48:33.500,1787298513.500525951,NAVIGATING,map,base_link,4.021099,3.821820,-0.590499,5.028668,4.058102,map,5.028668,4.058102,0.705395,0.757260,1.034903,0.820843,548,90,0,0.682448,0.940293,0.193852,0.564176,0.155082,,,off,policy_direct_scale,0.564176,0.155082,0.564176,0.155082,nan,nan,0,0,off,off
3,278,2026-08-21T15:48:34.060,1787298514.060274601,NAVIGATING,map,base_link,4.217827,3.746480,-0.592962,5.028668,4.058102,map,5.028668,4.058102,0.498281,0.711539,0.868661,0.959879,548,90,0,0.311509,-0.810095,-0.234265,-0.486057,-0.187412,,,off,policy_direct_scale,-0.486057,-0.187412,-0.486057,-0.187412,nan,nan,0,0,off,off
3,279,2026-08-21T15:48:34.579,1787298514.579502821,NAVIGATING,map,base_link,4.251811,3.680948,-0.547565,5.028668,4.058102,map,5.028668,4.058102,0.466926,0.726452,0.863570,0.999535,548,90,0,0.329472,0.597414,0.408672,0.358448,0.326938,,,off,policy_direct_scale,0.358448,0.326938,0.358448,0.326938,nan,nan,0,0,off,off
3,280,2026-08-21T15:48:35.098,1787298515.098609686,NAVIGATING,map,base_link,4.381917,3.647309,-0.414935,5.028668,4.058102,map,5.028668,4.058102,0.426266,0.636659,0.766184,0.980810,548,90,0,0.299943,0.836505,0.494577,0.501903,0.395661,,,off,policy_direct_scale,0.501903,0.395661,0.501903,0.395661,nan,nan,0,0,off,off
3,281,2026-08-21T15:48:35.620,1787298515.620653629,NAVIGATING,map,base_link,4.380310,3.696230,-0.359499,5.028668,4.058102,map,5.028668,4.058102,0.479602,0.566834,0.742509,0.868567,548,90,0,0.281093,-0.998986,0.372113,-0.599392,0.297690,,,off,policy_direct_scale,-0.599392,0.297690,-0.599392,0.297690,nan,nan,0,0,off,off
3,282,2026-08-21T15:48:36.138,1787298516.138352156,NAVIGATING,map,base_link,4.221884,3.760696,-0.358614,5.028668,4.058102,map,5.028668,4.058102,0.651078,0.561648,0.859855,0.711789,548,90,0,0.271910,-0.999434,-0.391907,-0.599661,-0.313526,,,off,policy_direct_scale,-0.599661,-0.313526,-0.599661,-0.313526,nan,nan,0,0,off,off
3,283,2026-08-21T15:48:36.701,1787298516.701280832,NAVIGATING,map,base_link,3.951139,3.851507,-0.521320,5.028668,4.058102,map,5.028668,4.058102,0.831504,0.715788,1.097155,0.710751,548,90,0,0.822662,0.986924,0.564529,0.592154,0.451624,,,off,policy_direct_scale,0.592154,0.451624,0.592154,0.451624,nan,nan,0,0,off,off
3,284,2026-08-21T15:48:37.223,1787298517.223048925,NAVIGATING,map,base_link,4.137554,3.787734,-0.479187,5.028668,4.058102,map,5.028668,4.058102,0.666093,0.650771,0.931226,0.773764,548,90,0,0.308820,-0.988485,-0.689407,-0.593091,-0.551526,,,off,policy_direct_scale,-0.593091,-0.551526,-0.593091,-0.551526,nan,nan,0,0,off,off
3,285,2026-08-21T15:48:37.740,1787298517.740024805,NAVIGATING,map,base_link,4.081294,3.829196,-0.659166,5.028668,4.058102,map,5.028668,4.058102,0.608708,0.761177,0.974636,0.896243,548,90,0,0.285051,-0.997514,-0.397194,-0.598508,-0.317755,,,off,policy_direct_scale,-0.598508,-0.317755,-0.598508,-0.317755,nan,nan,0,0,off,off
3,286,2026-08-21T15:48:38.300,1787298518.300623417,NAVIGATING,map,base_link,4.059900,3.856850,-0.675334,5.028668,4.058102,map,5.028668,4.058102,0.630307,0.762710,0.989451,0.880161,548,90,0,0.346147,-0.631536,-0.641994,-0.378921,-0.513595,,,off,policy_direct_scale,-0.378921,-0.513595,-0.378921,-0.513595,nan,nan,0,0,off,off
3,287,2026-08-21T15:48:38.819,1787298518.819817066,NAVIGATING,map,base_link,4.058330,3.850190,-0.846841,5.028668,4.058102,map,5.028668,4.058102,0.486941,0.864680,0.992363,1.057916,548,90,0,0.360501,0.258551,-0.321134,0.155131,-0.256907,,,off,policy_direct_scale,0.155131,-0.256907,0.155131,-0.256907,nan,nan,0,0,off,off
3,288,2026-08-21T15:48:39.339,1787298519.339508057,NAVIGATING,map,base_link,4.104463,3.796330,-0.905479,5.028668,4.058102,map,5.028668,4.058102,0.364578,0.888686,0.960562,1.181490,548,90,0,0.329885,0.951696,0.826016,0.571018,0.660813,,,off,policy_direct_scale,0.571018,0.660813,0.571018,0.660813,nan,nan,0,0,off,off
3,289,2026-08-21T15:48:39.901,1787298519.901162148,NAVIGATING,map,base_link,4.404340,3.621927,-0.561066,5.028668,4.058102,map,5.028668,4.058102,0.296528,0.701502,0.761600,1.170872,548,90,0,0.473245,0.994461,0.991030,0.596677,0.792824,,,off,policy_direct_scale,0.596677,0.792824,0.596677,0.792824,nan,nan,0,0,off,off
3,290,2026-08-21T15:48:40.458,1787298520.458588123,NAVIGATING,map,base_link,4.716368,3.596169,-0.181977,5.028668,4.058102,map,5.028668,4.058102,0.223545,0.510824,0.557596,1.158288,548,90,0,0.295920,0.667346,0.665428,0.400408,0.532342,,,off,policy_direct_scale,0.400408,0.532342,0.400408,0.532342,nan,nan,0,0,off,off
3,291,2026-08-21T15:48:40.979,1787298520.979792833,NAVIGATING,map,base_link,4.956564,3.671591,0.082473,5.028668,4.058102,map,5.028668,4.058102,0.103700,0.379258,0.393179,1.303892,548,90,0,0.271613,0.752697,0.847349,0.451618,0.677879,,,off,policy_direct_scale,0.451618,0.677879,0.451618,0.677879,nan,nan,0,0,off,off
3,292,2026-08-21T15:48:41.498,1787298521.498800755,NAVIGATING,map,base_link,5.130913,3.796541,0.401787,5.028668,4.058102,map,5.028668,4.058102,0.008185,0.280715,0.280835,1.541648,548,90,0,0.260724,-0.712994,0.948687,-0.427796,0.758950,,,off,policy_direct_scale,-0.427796,0.758950,-0.427796,0.758950,nan,nan,0,0,off,off
3,293,2026-08-21T15:48:42.021,1787298522.021648645,NAVIGATING,map,base_link,5.038817,3.794560,0.714651,4.346780,5.976657,map,4.346780,5.976657,0.907335,2.101715,2.289206,1.163254,548,90,0,0.261448,-0.991012,-0.374477,-0.594607,-0.299582,,,off,policy_direct_scale,-0.594607,-0.299582,-0.594607,-0.299582,nan,nan,0,0,off,off
3,294,2026-08-21T15:48:42.538,1787298522.538938522,NAVIGATING,map,base_link,4.845055,3.584462,0.626486,4.346780,5.976657,map,4.346780,5.976657,0.998899,2.230039,2.443537,1.149666,548,90,0,0.263851,-0.930073,-0.020896,-0.558044,-0.016717,,,off,policy_direct_scale,-0.558044,-0.016717,-0.558044,-0.016717,nan,nan,0,0,off,off
3,295,2026-08-21T15:48:43.061,1787298523.061209440,NAVIGATING,map,base_link,4.704491,3.505119,0.651184,4.346780,5.976657,map,4.346780,5.976657,1.213559,2.182598,2.497290,1.063346,548,90,0,0.315266,0.422697,-0.052154,0.253618,-0.041723,,,off,policy_direct_scale,0.253618,-0.041723,0.253618,-0.041723,nan,nan,0,0,off,off
3,296,2026-08-21T15:48:43.578,1787298523.578967810,NAVIGATING,map,base_link,4.796316,3.575457,0.579045,4.346780,5.976657,map,4.346780,5.976657,0.937740,2.255767,2.442917,1.176822,548,90,0,0.266358,-0.977637,-0.411724,-0.586582,-0.329379,,,off,policy_direct_scale,-0.586582,-0.329379,-0.586582,-0.329379,nan,nan,0,0,off,off
3,297,2026-08-21T15:48:44.099,1787298524.099094152,NAVIGATING,map,base_link,4.666142,3.473102,0.406975,4.346780,5.976657,map,4.346780,5.976657,0.697714,2.425484,2.523842,1.290699,548,90,0,0.329795,-0.068942,0.475345,-0.041365,0.380276,,,off,policy_direct_scale,-0.041365,0.380276,-0.041365,0.380276,nan,nan,0,0,off,off
3,298,2026-08-21T15:48:44.618,1787298524.618732929,NAVIGATING,map,base_link,4.627466,3.517426,0.610747,4.346780,5.976657,map,4.346780,5.976657,1.180375,2.175618,2.475197,1.073693,548,90,0,0.284246,-0.798977,-0.187343,-0.479386,-0.149875,,,off,policy_direct_scale,-0.479386,-0.149875,-0.479386,-0.149875,nan,nan,0,0,off,off
3,299,2026-08-21T15:48:45.181,1787298525.181604862,NAVIGATING,map,base_link,4.646863,3.547790,0.560175,4.346780,5.976657,map,4.346780,5.976657,1.036322,2.217088,2.447334,1.133547,548,90,0,0.270720,-0.919414,0.238067,-0.551648,0.190454,,,off,policy_direct_scale,-0.551648,0.190454,-0.551648,0.190454,nan,nan,0,0,off,off
3,300,2026-08-21T15:48:45.699,1787298525.699164152,NAVIGATING,map,base_link,4.541126,3.513307,0.629260,4.346780,5.976657,map,4.346780,5.976657,1.292674,2.105910,2.471004,1.020268,548,90,0,0.441927,0.998320,0.816838,0.598992,0.653471,,,off,policy_direct_scale,0.598992,0.653471,0.598992,0.653471,nan,nan,0,0,off,off
3,301,2026-08-21T15:48:46.220,1787298526.220871449,NAVIGATING,map,base_link,4.656001,3.690193,0.720004,4.346780,5.976657,map,4.346780,5.976657,1.275192,1.922867,2.307278,0.985217,548,90,0,0.263312,-0.999032,-0.454799,-0.599419,-0.363839,,,off,policy_direct_scale,-0.599419,-0.363839,-0.599419,-0.363839,nan,nan,0,0,off,off
3,302,2026-08-21T15:48:46.740,1787298526.739961624,NAVIGATING,map,base_link,4.442268,3.503285,0.568957,4.346780,5.976657,map,4.346780,5.976657,1.252093,2.135170,2.475215,1.040427,548,90,0,0.483462,0.967453,0.299697,0.580472,0.239758,,,off,policy_direct_scale,0.580472,0.239758,0.580472,0.239758,nan,nan,0,0,off,off
3,303,2026-08-21T15:48:47.259,1787298527.259443760,NAVIGATING,map,base_link,4.544512,3.672284,0.684914,4.346780,5.976657,map,4.346780,5.976657,1.304624,1.909762,2.312841,0.971480,548,90,0,0.267737,-0.997609,-0.353835,-0.598566,-0.283068,,,off,policy_direct_scale,-0.598566,-0.283068,-0.598566,-0.283068,nan,nan,0,0,off,off
3,304,2026-08-21T15:48:47.778,1787298527.778165579,NAVIGATING,map,base_link,4.383067,3.524082,0.539044,4.346780,5.976657,map,4.346780,5.976657,1.227803,2.123427,2.452844,1.046547,548,90,0,0.473263,0.998753,0.870809,0.599252,0.696648,,,off,policy_direct_scale,0.599252,0.696648,0.599252,0.696648,nan,nan,0,0,off,off
3,305,2026-08-21T15:48:48.303,1787298528.303656101,NAVIGATING,map,base_link,4.475699,3.678634,0.671146,4.346780,5.976657,map,4.346780,5.976657,1.328146,1.879776,2.301636,0.955692,548,90,0,0.371327,-0.704457,0.359761,-0.422674,0.287809,,,off,policy_direct_scale,-0.422674,0.287809,-0.422674,0.287809,nan,nan,0,0,off,off
3,306,2026-08-21T15:48:48.821,1787298528.821312666,NAVIGATING,map,base_link,4.386590,3.581163,0.747051,4.346780,5.976657,map,4.346780,5.976657,1.598478,1.784614,2.395825,0.840362,548,90,0,0.499277,0.996456,0.851903,0.597873,0.681522,,,off,policy_direct_scale,0.597873,0.681522,0.597873,0.681522,nan,nan,0,0,off,off
3,307,2026-08-21T15:48:49.341,1787298529.341324091,NAVIGATING,map,base_link,4.383234,3.595774,0.767792,4.346780,5.976657,map,4.346780,5.976657,1.627411,1.738236,2.381162,0.818314,548,90,0,0.483236,0.997320,0.856466,0.598392,0.685173,,,off,policy_direct_scale,0.598392,0.685173,0.598392,0.685173,nan,nan,0,0,off,off
3,308,2026-08-21T15:48:49.898,1787298529.898338318,NAVIGATING,map,base_link,4.384608,3.597328,0.772858,4.346780,5.976657,map,4.346780,5.976657,1.634128,1.729816,2.379630,0.813836,548,90,0,0.477485,0.984402,0.953979,0.590641,0.763183,,,off,policy_direct_scale,0.590641,0.763183,0.590641,0.763183,nan,nan,0,0,off,off
3,309,2026-08-21T15:48:50.421,1787298530.421865702,NAVIGATING,map,base_link,4.376564,3.595248,0.780432,4.346780,5.976657,map,4.346780,5.976657,1.654363,1.713208,2.381595,0.802870,548,90,0,0.469495,0.997707,0.865167,0.598624,0.692134,,,off,policy_direct_scale,0.598624,0.692134,0.598624,0.692134,nan,nan,0,0,off,off
3,310,2026-08-21T15:48:50.937,1787298530.937952995,NAVIGATING,map,base_link,4.373960,3.591704,0.788143,4.346780,5.976657,map,4.346780,5.976657,1.671872,1.701054,2.385108,0.794050,548,90,0,0.489338,0.997737,0.877336,0.598642,0.701868,,,off,policy_direct_scale,0.598642,0.701868,0.598642,0.701868,nan,nan,0,0,off,off
3,311,2026-08-21T15:48:51.502,1787298531.502841711,NAVIGATING,map,base_link,4.376204,3.592021,0.795125,4.346780,5.976657,map,4.346780,5.976657,1.681911,1.690719,2.384817,0.788010,548,90,0,0.502032,0.992650,0.885376,0.595590,0.708301,,,off,policy_direct_scale,0.595590,0.708301,0.595590,0.708301,nan,nan,0,0,off,off
3,312,2026-08-21T15:48:52.062,1787298532.062843561,NAVIGATING,map,base_link,4.371054,3.590842,0.794964,4.346780,5.976657,map,4.346780,5.976657,1.686088,1.688138,2.385939,0.786006,548,90,0,0.475017,0.998167,0.903167,0.598900,0.722534,,,off,policy_direct_scale,0.598900,0.722534,0.598900,0.722534,nan,nan,0,0,off,off
3,313,2026-08-21T15:48:52.578,1787298532.578426361,NAVIGATING,map,base_link,4.373644,3.593721,0.796392,4.346780,5.976657,map,4.346780,5.976657,1.684627,1.685568,2.383088,0.785677,548,90,0,0.435340,0.998098,0.892525,0.598859,0.714020,,,off,policy_direct_scale,0.598859,0.714020,0.598859,0.714020,nan,nan,0,0,off,off
3,314,2026-08-21T15:48:53.098,1787298533.098481894,NAVIGATING,map,base_link,4.371132,3.588947,0.795549,4.346780,5.976657,map,4.346780,5.976657,1.688373,1.688535,2.387835,0.785446,548,90,0,0.506939,0.995716,0.800113,0.597430,0.640090,,,off,policy_direct_scale,0.597430,0.640090,0.597430,0.640090,nan,nan,0,0,off,off
3,315,2026-08-21T15:48:53.622,1787298533.622316360,NAVIGATING,map,base_link,4.367229,3.590624,0.799827,4.346780,5.976657,map,4.346780,5.976657,1.697099,1.677327,2.386120,0.779539,548,90,0,0.462237,0.994012,0.959238,0.596407,0.767391,,,off,policy_direct_scale,0.596407,0.767391,0.596407,0.767391,nan,nan,0,0,off,off
3,316,2026-08-21T15:48:54.179,1787298534.179678679,NAVIGATING,map,base_link,4.368197,3.590442,0.802478,4.346780,5.976657,map,4.346780,5.976657,1.700997,1.673646,2.386311,0.777293,548,90,0,0.349966,0.998710,0.932750,0.599226,0.746200,,,off,policy_direct_scale,0.599226,0.746200,0.599226,0.746200,nan,nan,0,0,off,off
3,317,2026-08-21T15:48:54.698,1787298534.698246479,NAVIGATING,map,base_link,4.267501,3.518257,0.802002,4.346780,5.976657,map,4.346780,5.976657,1.822095,1.652267,2.459678,0.736557,548,90,0,0.372397,0.999741,0.968756,0.599845,0.775005,,,off,policy_direct_scale,0.599845,0.775005,0.599845,0.775005,nan,nan,0,0,off,off
3,318,2026-08-21T15:48:55.218,1787298535.218228817,NAVIGATING,map,base_link,4.267028,3.515307,0.814290,4.346780,5.976657,map,4.346780,5.976657,1.844729,1.631435,2.462642,0.724116,548,90,0,0.431654,0.999471,0.905985,0.599683,0.724788,,,off,policy_direct_scale,0.599683,0.724788,0.599683,0.724788,nan,nan,0,0,off,off
3,319,2026-08-21T15:48:55.743,1787298535.743188858,NAVIGATING,map,base_link,4.266417,3.516384,0.824291,4.346780,5.976657,map,4.346780,5.976657,1.860577,1.611724,2.461585,0.713853,548,90,0,0.415239,0.999729,0.967948,0.599837,0.774359,,,off,policy_direct_scale,0.599837,0.774359,0.599837,0.774359,nan,nan,0,0,off,off
3,320,2026-08-21T15:48:56.298,1787298536.298331022,NAVIGATING,map,base_link,4.204535,3.439978,0.833355,4.346780,5.976657,map,4.346780,5.976657,1.973273,1.600365,2.540664,0.681425,548,90,0,0.314815,0.999928,0.988943,0.599957,0.791155,,,off,policy_direct_scale,0.599957,0.791155,0.599957,0.791155,nan,nan,0,0,off,off
3,321,2026-08-21T15:48:56.821,1787298536.821906805,NAVIGATING,map,base_link,4.138847,3.374241,0.840276,4.346780,5.976657,map,4.346780,5.976657,2.077096,1.581607,2.610710,0.650790,548,90,0,0.262834,0.999951,0.993968,0.599971,0.795175,,,off,policy_direct_scale,0.599971,0.795175,0.599971,0.795175,nan,nan,0,0,off,off
3,322,2026-08-21T15:48:57.338,1787298537.338301897,NAVIGATING,map,base_link,4.025521,3.266544,0.773399,4.346780,5.976657,map,4.346780,5.976657,2.123081,1.714774,2.729088,0.679407,548,90,0,0.260320,0.999945,0.996459,0.599967,0.797167,,,off,policy_direct_scale,0.599967,0.797167,0.599967,0.797167,nan,nan,0,0,off,off
3,323,2026-08-21T15:48:57.902,1787298537.902382135,NAVIGATING,map,base_link,3.903463,3.170198,0.855565,4.346780,5.976657,map,4.346780,5.976657,2.409437,1.505774,2.841257,0.558562,548,90,0,0.303836,0.999872,0.997889,0.599923,0.798311,,,off,policy_direct_scale,0.599923,0.798311,0.599923,0.798311,nan,nan,0,0,off,off
3,324,2026-08-21T15:48:58.420,1787298538.420584202,NAVIGATING,map,base_link,3.656313,2.845314,0.848552,4.346780,5.976657,map,4.346780,5.976657,2.805969,1.551963,3.206564,0.505215,548,90,0,0.351912,-0.338851,0.992872,-0.203310,0.794298,,,off,policy_direct_scale,-0.203310,0.794298,-0.203310,0.794298,nan,nan,0,0,off,off
3,325,2026-08-21T15:48:58.982,1787298538.982810974,NAVIGATING,map,base_link,3.255445,2.363336,0.916100,4.346780,5.976657,map,4.346780,5.976657,3.530739,1.334533,3.774533,0.361377,548,90,0,0.859453,0.998070,0.961932,0.598842,0.769546,,,off,policy_direct_scale,0.598842,0.769546,0.598842,0.769546,nan,nan,0,0,off,off
3,326,2026-08-21T15:48:59.498,1787298539.498307228,NAVIGATING,map,base_link,2.892669,1.918612,0.982443,4.346780,5.976657,map,4.346780,5.976657,4.182728,1.042571,4.310704,0.244279,548,90,0,1.117658,0.999642,0.078653,0.599785,0.062922,,,off,policy_direct_scale,0.599785,0.062922,0.599785,0.062922,nan,nan,0,0,off,off
3,327,2026-08-21T15:49:00.022,1787298540.022701979,NAVIGATING,map,base_link,2.641277,1.512972,1.182389,4.346780,5.976657,map,4.346780,5.976657,4.777100,0.112000,4.778412,0.023441,548,90,0,1.166265,0.999809,-0.782580,0.599885,-0.626064,,,off,policy_direct_scale,0.599885,-0.626064,0.599885,-0.626064,nan,nan,0,0,off,off
3,328,2026-08-21T15:49:00.579,1787298540.579890490,NAVIGATING,map,base_link,2.433033,1.039774,1.424350,4.346780,5.976657,map,4.346780,5.976657,5.163299,-1.172854,5.294831,-0.223362,548,90,0,1.251987,0.999788,-0.945354,0.599873,-0.756283,,,off,policy_direct_scale,0.599873,-0.756283,0.599873,-0.756283,nan,nan,0,0,off,off
3,329,2026-08-21T15:49:01.098,1787298541.097984552,NAVIGATING,map,base_link,2.352633,0.511062,1.517395,4.346780,5.976657,map,4.346780,5.976657,5.564243,-1.699572,5.818019,-0.296445,548,90,0,1.368542,0.999789,-0.959621,0.599873,-0.767697,,,off,policy_direct_scale,0.599873,-0.767697,0.599873,-0.767697,nan,nan,0,0,off,off
3,330,2026-08-21T15:49:01.620,1787298541.620745420,NAVIGATING,map,base_link,2.342341,0.021739,1.600998,4.346780,5.976657,map,4.346780,5.976657,5.891675,-2.183346,6.283218,-0.354891,548,90,0,0.983493,0.999876,-0.957668,0.599926,-0.766134,,,off,policy_direct_scale,0.599926,-0.766134,0.599926,-0.766134,nan,nan,0,0,off,off
3,331,2026-08-21T15:49:02.139,1787298542.139014482,NAVIGATING,map,base_link,2.355932,-0.561408,1.708648,4.346780,5.976657,map,4.346780,5.976657,6.202468,-2.870394,6.834455,-0.433433,548,90,0,0.799486,0.999929,-0.961035,0.599958,-0.768828,,,off,policy_direct_scale,0.599958,-0.768828,0.599958,-0.768828,nan,nan,0,0,off,off
3,332,2026-08-21T15:49:02.701,1787298542.701500893,NAVIGATING,map,base_link,2.443990,-1.082347,1.954992,4.346780,5.976657,map,4.346780,5.976657,5.831211,-4.409889,7.310961,-0.647493,548,90,0,0.669102,0.999951,-0.973522,0.599970,-0.778817,,,off,policy_direct_scale,0.599970,-0.778817,0.599970,-0.778817,nan,nan,0,0,off,off
3,333,2026-08-21T15:49:03.221,1787298543.221090555,NAVIGATING,map,base_link,2.620545,-1.645969,1.941688,4.346780,5.976657,map,4.346780,5.976657,6.478655,-4.371652,7.815645,-0.593597,548,90,0,0.799042,0.999749,-0.625980,0.599849,-0.500784,,,off,policy_direct_scale,0.599849,-0.500784,0.599849,-0.500784,nan,nan,0,0,off,off
3,334,2026-08-21T15:49:03.780,1787298543.780649662,NAVIGATING,map,base_link,2.897749,-2.171052,1.565249,4.346780,5.976657,map,4.346780,5.976657,8.155622,-1.403813,8.275558,-0.170458,548,90,0,1.311385,0.999508,-0.803316,0.599705,-0.642653,,,off,policy_direct_scale,0.599705,-0.642653,0.599705,-0.642653,nan,nan,0,0,off,off
3,335,2026-08-21T15:49:04.298,1787298544.298028469,NAVIGATING,map,base_link,2.862452,-2.719415,1.453675,4.346780,5.976657,map,4.346780,5.976657,8.809945,-0.457992,8.821841,-0.051939,548,90,0,1.806795,0.999830,-0.916142,0.599898,-0.732913,,,off,policy_direct_scale,0.599898,-0.732913,0.599898,-0.732913,nan,nan,0,0,off,off
3,336,2026-08-21T15:49:04.898,1787298544.898740768,NAVIGATING,map,base_link,2.846953,-2.861394,1.515141,4.346780,5.976657,map,4.346780,5.976657,8.907797,-1.005872,8.964409,-0.112444,548,90,0,2.000000,0.999850,-0.941836,0.599910,-0.753469,,,off,policy_direct_scale,0.599910,-0.753469,0.599910,-0.753469,nan,nan,0,0,off,off
3,337,2026-08-21T15:49:05.420,1787298545.420534372,NAVIGATING,map,base_link,2.822554,-2.882048,1.550258,4.346780,5.976657,map,4.346780,5.976657,8.888140,-1.341970,8.988877,-0.149852,548,90,0,2.000000,0.999849,-0.948772,0.599910,-0.759017,,,off,policy_direct_scale,0.599910,-0.759017,0.599910,-0.759017,nan,nan,0,0,off,off
3,338,2026-08-21T15:49:05.942,1787298545.942498922,NAVIGATING,map,base_link,2.808942,-2.870962,1.518670,4.346780,5.976657,map,4.346780,5.976657,8.915727,-1.074763,8.980272,-0.119968,548,90,0,2.000000,0.999850,-0.943289,0.599910,-0.754631,,,off,policy_direct_scale,0.599910,-0.754631,0.599910,-0.754631,nan,nan,0,0,off,off
3,339,2026-08-21T15:49:06.501,1787298546.501913309,NAVIGATING,map,base_link,2.807276,-2.871535,1.520700,4.346780,5.976657,map,4.346780,5.976657,8.914182,-1.094497,8.981122,-0.122170,548,90,0,2.000000,0.999850,-0.943713,0.599910,-0.754970,,,off,policy_direct_scale,0.599910,-0.754970,0.599910,-0.754970,nan,nan,0,0,off,off
3,340,2026-08-21T15:49:07.021,1787298547.021230698,NAVIGATING,map,base_link,2.809396,-2.873022,1.519532,4.346780,5.976657,map,4.346780,5.976657,8.916832,-1.081888,8.982225,-0.120741,548,90,0,2.000000,0.999850,-0.943435,0.599910,-0.754748,,,off,policy_direct_scale,0.599910,-0.754748,0.599910,-0.754748,nan,nan,0,0,off,off
3,341,2026-08-21T15:49:07.578,1787298547.578393221,NAVIGATING,map,base_link,2.806362,-2.871213,1.516688,4.346780,5.976657,map,4.346780,5.976657,8.918230,-1.059650,8.980963,-0.118264,548,90,0,2.000000,0.999850,-0.942956,0.599910,-0.754365,,,off,policy_direct_scale,0.599910,-0.754365,0.599910,-0.754365,nan,nan,0,0,off,off
3,342,2026-08-21T15:49:08.102,1787298548.101990461,NAVIGATING,map,base_link,2.808999,-2.872233,1.522194,4.346780,5.976657,map,4.346780,5.976657,8.913151,-1.106060,8.981516,-0.123462,548,90,0,2.000000,0.999850,-0.943960,0.599910,-0.755168,,,off,policy_direct_scale,0.599910,-0.755168,0.599910,-0.755168,nan,nan,0,0,off,off
3,343,2026-08-21T15:49:08.619,1787298548.619055271,NAVIGATING,map,base_link,2.806765,-2.875534,1.519835,4.346780,5.976657,map,4.346780,5.976657,8.919146,-1.087088,8.985150,-0.121284,548,90,0,1.388370,0.999877,-0.928005,0.599926,-0.742404,,,off,policy_direct_scale,0.599926,-0.742404,0.599926,-0.742404,nan,nan,0,0,off,off
3,344,2026-08-21T15:49:09.179,1787298549.179893732,NAVIGATING,map,base_link,2.812930,-2.871923,1.518363,4.346780,5.976657,map,4.346780,5.976657,8.916807,-1.067993,8.980537,-0.119205,548,90,0,0.469505,0.999988,-0.097401,0.599993,-0.077921,,,off,policy_direct_scale,0.599993,-0.077921,0.599993,-0.077921,nan,nan,0,0,off,off
3,345,2026-08-21T15:49:09.698,1787298549.698198557,NAVIGATING,map,base_link,2.808602,-2.872652,1.517772,4.346780,5.976657,map,4.346780,5.976657,8.918395,-1.067005,8.981997,-0.119075,548,90,0,0.260542,0.999992,0.496405,0.599995,0.397124,,,off,policy_direct_scale,0.599995,0.397124,0.599995,0.397124,nan,nan,0,0,off,off
3,346,2026-08-21T15:49:10.218,1787298550.218388319,NAVIGATING,map,base_link,2.969465,-2.714906,1.475316,4.346780,5.976657,map,4.346780,5.976657,8.783281,-0.542429,8.800014,-0.061679,548,90,0,0.260328,0.931235,0.268239,0.558741,0.214591,,,off,policy_direct_scale,0.558741,0.214591,0.558741,0.214591,nan,nan,0,0,off,off
3,347,2026-08-21T15:49:10.780,1787298550.780507565,NAVIGATING,map,base_link,3.071248,-2.471808,1.342087,4.346780,5.976657,map,4.346780,5.976657,8.517655,0.673127,8.544211,0.078863,548,90,0,0.261018,0.880342,0.514993,0.528205,0.411994,,,off,policy_direct_scale,0.528205,0.411994,0.528205,0.411994,nan,nan,0,0,off,off
3,348,2026-08-21T15:49:11.299,1787298551.299049616,NAVIGATING,map,base_link,3.094409,-2.470440,1.361781,4.346780,5.976657,map,4.346780,5.976657,8.523115,0.527635,8.539432,0.061827,548,90,0,0.260390,0.985839,0.495972,0.591504,0.396777,,,off,policy_direct_scale,0.591504,0.396777,0.591504,0.396777,nan,nan,0,0,off,off
3,349,2026-08-21T15:49:11.818,1787298551.818179131,NAVIGATING,map,base_link,3.088911,-2.470914,1.364289,4.346780,5.976657,map,4.346780,5.976657,8.526002,0.500970,8.540708,0.058690,548,90,0,0.260177,0.999888,0.989522,0.599933,0.791617,,,off,policy_direct_scale,0.599933,0.791617,0.599933,0.791617,nan,nan,0,0,off,off
3,350,2026-08-21T15:49:12.340,1787298552.340003729,NAVIGATING,map,base_link,3.087060,-2.475056,1.363183,4.346780,5.976657,map,4.346780,5.976657,8.529878,0.509441,8.545077,0.059653,548,90,0,0.260103,0.999989,0.989130,0.599994,0.791304,,,off,policy_direct_scale,0.599994,0.791304,0.599994,0.791304,nan,nan,0,0,off,off
3,351,2026-08-21T15:49:12.903,1787298552.903593540,NAVIGATING,map,base_link,3.082299,-2.475017,1.363511,4.346780,5.976657,map,4.346780,5.976657,8.530987,0.501974,8.545742,0.058773,548,90,0,0.260253,0.999991,0.804948,0.599995,0.643959,,,off,policy_direct_scale,0.599995,0.643959,0.599995,0.643959,nan,nan,0,0,off,off
3,352,2026-08-21T15:49:13.418,1787298553.418194294,NAVIGATING,map,base_link,3.076060,-2.479250,1.360693,4.346780,5.976657,map,4.346780,5.976657,8.534979,0.520795,8.550854,0.060943,548,90,0,0.741441,0.999966,-0.091373,0.599980,-0.073098,,,off,policy_direct_scale,0.599980,-0.073098,0.599980,-0.073098,nan,nan,0,0,off,off
3,353,2026-08-21T15:49:13.938,1787298553.938055754,NAVIGATING,map,base_link,3.087213,-2.476515,1.363025,4.346780,5.976657,map,4.346780,5.976657,8.531193,0.511241,8.546497,0.059855,548,90,0,1.330477,0.999808,-0.783795,0.599885,-0.627036,,,off,policy_direct_scale,0.599885,-0.627036,0.599885,-0.627036,nan,nan,0,0,off,off
3,354,2026-08-21T15:49:14.585,1787298554.585025311,NAVIGATING,map,base_link,3.088527,-2.475040,1.363403,4.346780,5.976657,map,4.346780,5.976657,8.529672,0.508995,8.544845,0.059603,548,90,0,1.579338,0.999758,-0.853993,0.599855,-0.683194,,,off,policy_direct_scale,0.599855,-0.683194,0.599855,-0.683194,nan,nan,0,0,off,off
3,355,2026-08-21T15:49:15.102,1787298555.102301121,NAVIGATING,map,base_link,3.089137,-2.480262,1.361938,4.346780,5.976657,map,4.346780,5.976657,8.533899,0.523170,8.549921,0.061228,548,90,0,1.575530,0.999759,-0.854620,0.599855,-0.683696,,,off,policy_direct_scale,0.599855,-0.683696,0.599855,-0.683696,nan,nan,0,0,off,off
3,356,2026-08-21T15:49:15.618,1787298555.618066549,NAVIGATING,map,base_link,3.086934,-2.478593,1.360302,4.346780,5.976657,map,4.346780,5.976657,8.531860,0.534629,8.548594,0.062581,548,90,0,1.566865,0.999756,-0.854717,0.599853,-0.683774,,,off,policy_direct_scale,0.599853,-0.683774,0.599853,-0.683774,nan,nan,0,0,off,off
3,357,2026-08-21T15:49:16.184,1787298556.184116840,NAVIGATING,map,base_link,3.088350,-2.472476,1.362529,4.346780,5.976657,map,4.346780,5.976657,8.526752,0.515750,8.542336,0.060412,548,90,0,1.569995,0.999758,-0.854120,0.599855,-0.683296,,,off,policy_direct_scale,0.599855,-0.683296,0.599855,-0.683296,nan,nan,0,0,off,off
3,358,2026-08-21T15:49:16.698,1787298556.698216677,NAVIGATING,map,base_link,3.084928,-2.474396,1.363173,4.346780,5.976657,map,4.346780,5.976657,8.529666,0.507305,8.544739,0.059405,548,90,0,1.580055,0.999758,-0.854359,0.599855,-0.683487,,,off,policy_direct_scale,0.599855,-0.683487,0.599855,-0.683487,nan,nan,0,0,off,off
3,359,2026-08-21T15:49:17.221,1787298557.221679926,NAVIGATING,map,base_link,3.087307,-2.471069,1.362053,4.346780,5.976657,map,4.346780,5.976657,8.525345,0.518496,8.541098,0.060743,548,90,0,1.577268,0.999759,-0.854545,0.599856,-0.683636,,,off,policy_direct_scale,0.599856,-0.683636,0.599856,-0.683636,nan,nan,0,0,off,off
3,360,2026-08-21T15:49:17.783,1787298557.783528566,NAVIGATING,map,base_link,3.090500,-2.475715,1.363481,4.346780,5.976657,map,4.346780,5.976657,8.529966,0.510398,8.545223,0.059765,548,90,0,1.571391,0.999760,-0.855039,0.599856,-0.684031,,,off,policy_direct_scale,0.599856,-0.684031,0.599856,-0.684031,nan,nan,0,0,off,off
3,361,2026-08-21T15:49:18.300,1787298558.300911903,NAVIGATING,map,base_link,3.084975,-2.474405,1.362425,4.346780,5.976657,map,4.346780,5.976657,8.529284,0.513737,8.544742,0.060159,548,90,0,1.578745,0.999759,-0.854767,0.599856,-0.683814,,,off,policy_direct_scale,0.599856,-0.683814,0.599856,-0.683814,nan,nan,0,0,off,off
3,362,2026-08-21T15:49:18.818,1787298558.818222761,NAVIGATING,map,base_link,3.087382,-2.478958,1.361607,4.346780,5.976657,map,4.346780,5.976657,8.532814,0.524010,8.548889,0.061334,548,90,0,1.576588,0.999761,-0.854800,0.599856,-0.683840,,,off,policy_direct_scale,0.599856,-0.683840,0.599856,-0.683840,nan,nan,0,0,off,off
3,363,2026-08-21T15:49:19.383,1787298559.383252382,NAVIGATING,map,base_link,3.085821,-2.483811,1.363763,4.346780,5.976657,map,4.346780,5.976657,8.538995,0.505082,8.553920,0.059081,548,90,0,1.578886,0.999762,-0.856500,0.599857,-0.685200,,,off,policy_direct_scale,0.599857,-0.685200,0.599857,-0.685200,nan,nan,0,0,off,off
3,364,2026-08-21T15:49:19.902,1787298559.902381659,NAVIGATING,map,base_link,3.087931,-2.481222,1.363699,4.346780,5.976657,map,4.346780,5.976657,8.535995,0.507161,8.551047,0.059345,548,90,0,1.576128,0.999759,-0.855472,0.599856,-0.684378,,,off,policy_direct_scale,0.599856,-0.684378,0.599856,-0.684378,nan,nan,0,0,off,off
3,365,2026-08-21T15:49:20.418,1787298560.418512583,NAVIGATING,map,base_link,3.086728,-2.476147,1.364259,4.346780,5.976657,map,4.346780,5.976657,8.531557,0.500159,8.546206,0.058558,548,90,0,1.572590,0.999759,-0.855023,0.599856,-0.684018,,,off,policy_direct_scale,0.599856,-0.684018,0.599856,-0.684018,nan,nan,0,0,off,off
3,366,2026-08-21T15:49:20.981,1787298560.981823921,NAVIGATING,map,base_link,3.089735,-2.478187,1.360678,4.346780,5.976657,map,4.346780,5.976657,8.531079,0.534073,8.547780,0.062522,548,90,0,1.574310,0.999751,-0.856633,0.599850,-0.685306,,,off,policy_direct_scale,0.599850,-0.685306,0.599850,-0.685306,nan,nan,0,0,off,off
3,367,2026-08-21T15:49:21.498,1787298561.498399496,NAVIGATING,map,base_link,3.085795,-2.476151,1.362936,4.346780,5.976657,map,4.346780,5.976657,8.531084,0.510534,8.546347,0.059773,548,90,0,1.574330,0.999758,-0.853668,0.599855,-0.682934,,,off,policy_direct_scale,0.599855,-0.682934,0.599855,-0.682934,nan,nan,0,0,off,off
3,368,2026-08-21T15:49:22.018,1787298562.018016100,NAVIGATING,map,base_link,3.088129,-2.473358,1.362070,4.346780,5.976657,map,4.346780,5.976657,8.527423,0.519626,8.543241,0.060861,548,90,0,1.578046,0.999759,-0.854154,0.599855,-0.683323,,,off,policy_direct_scale,0.599855,-0.683323,0.599855,-0.683323,nan,nan,0,0,off,off
3,369,2026-08-21T15:49:22.578,1787298562.578466177,NAVIGATING,map,base_link,3.082020,-2.479915,1.362607,4.346780,5.976657,map,4.346780,5.976657,8.535378,0.510429,8.550627,0.059730,548,90,0,1.579623,0.999760,-0.855409,0.599856,-0.684327,,,off,policy_direct_scale,0.599856,-0.684327,0.599856,-0.684327,nan,nan,0,0,off,off
3,370,2026-08-21T15:49:23.100,1787298563.100158691,NAVIGATING,map,base_link,3.078805,-2.476674,1.359896,4.346780,5.976657,map,4.346780,5.976657,8.531467,0.529741,8.547898,0.062013,548,90,0,1.573670,0.999759,-0.853389,0.599855,-0.682711,,,off,policy_direct_scale,0.599855,-0.682711,0.599855,-0.682711,nan,nan,0,0,off,off
3,371,2026-08-21T15:49:23.618,1787298563.618122816,NAVIGATING,map,base_link,3.083312,-2.477203,1.361416,4.346780,5.976657,map,4.346780,5.976657,8.531843,0.521290,8.547753,0.061023,548,90,0,1.579182,0.999760,-0.854701,0.599856,-0.683761,,,off,policy_direct_scale,0.599856,-0.683761,0.599856,-0.683761,nan,nan,0,0,off,off
3,372,2026-08-21T15:49:24.183,1787298564.183379889,NAVIGATING,map,base_link,3.088013,-2.482938,1.362330,4.346780,5.976657,map,4.346780,5.976657,8.536954,0.519283,8.552732,0.060753,548,90,0,1.581191,0.999762,-0.855739,0.599857,-0.684591,,,off,policy_direct_scale,0.599857,-0.684591,0.599857,-0.684591,nan,nan,0,0,off,off
3,373,2026-08-21T15:49:24.698,1787298564.698102474,NAVIGATING,map,base_link,3.090300,-2.476782,1.361373,4.346780,5.976657,map,4.346780,5.976657,8.529957,0.528408,8.546308,0.061868,548,90,0,1.568094,0.999758,-0.852318,0.599855,-0.681855,,,off,policy_direct_scale,0.599855,-0.681855,0.599855,-0.681855,nan,nan,0,0,off,off
3,374,2026-08-21T15:49:25.222,1787298565.222288847,NAVIGATING,map,base_link,3.083181,-2.477830,1.361220,4.346780,5.976657,map,4.346780,5.976657,8.532382,0.522968,8.548394,0.061216,548,90,0,1.581751,0.999761,-0.854997,0.599856,-0.683997,,,off,policy_direct_scale,0.599856,-0.683997,0.599856,-0.683997,nan,nan,0,0,off,off
3,375,2026-08-21T15:49:25.738,1787298565.738274097,NAVIGATING,map,base_link,3.084088,-2.480909,1.362978,4.346780,5.976657,map,4.346780,5.976657,8.536113,0.509488,8.551304,0.059615,548,90,0,1.573078,0.999759,-0.855073,0.599855,-0.684058,,,off,policy_direct_scale,0.599855,-0.684058,0.599855,-0.684058,nan,nan,0,0,off,off
3,376,2026-08-21T15:49:26.300,1787298566.300571680,NAVIGATING,map,base_link,3.089126,-2.473790,1.360978,4.346780,5.976657,map,4.346780,5.976657,8.527065,0.530006,8.543521,0.062076,548,90,0,1.574223,0.999759,-0.853140,0.599855,-0.682512,,,off,policy_direct_scale,0.599855,-0.682512,0.599855,-0.682512,nan,nan,0,0,off,off
3,377,2026-08-21T15:49:26.821,1787298566.821883440,NAVIGATING,map,base_link,3.085252,-2.476253,1.361823,4.346780,5.976657,map,4.346780,5.976657,8.530724,0.519524,8.546529,0.060825,548,90,0,1.572674,0.999751,-0.858035,0.599851,-0.686428,,,off,policy_direct_scale,0.599851,-0.686428,0.599851,-0.686428,nan,nan,0,0,off,off
3,378,2026-08-21T15:49:27.338,1787298567.338871479,NAVIGATING,map,base_link,3.083884,-2.471975,1.362008,4.346780,5.976657,map,4.346780,5.976657,8.526917,0.515719,8.542499,0.060408,548,90,0,1.569078,0.999757,-0.854466,0.599854,-0.683573,,,off,policy_direct_scale,0.599854,-0.683573,0.599854,-0.683573,nan,nan,0,0,off,off
3,379,2026-08-21T15:49:27.938,1787298567.938127279,NAVIGATING,map,base_link,3.084752,-2.477770,1.359600,4.346780,5.976657,map,4.346780,5.976657,8.531136,0.538310,8.548102,0.063016,548,90,0,1.572745,0.999759,-0.852312,0.599855,-0.681849,,,off,policy_direct_scale,0.599855,-0.681849,0.599855,-0.681849,nan,nan,0,0,off,off
3,380,2026-08-21T15:49:28.500,1787298568.500488997,NAVIGATING,map,base_link,3.084896,-2.476422,1.363079,4.346780,5.976657,map,4.346780,5.976657,8.531608,0.508490,8.546747,0.059530,548,90,0,1.567659,0.999760,-0.855022,0.599856,-0.684018,,,off,policy_direct_scale,0.599856,-0.684018,0.599856,-0.684018,nan,nan,0,0,off,off
3,381,2026-08-21T15:49:29.021,1787298569.021018505,NAVIGATING,map,base_link,3.082944,-2.476213,1.363035,4.346780,5.976657,map,4.346780,5.976657,8.531784,0.506917,8.546830,0.059345,548,90,0,1.560882,0.999759,-0.854074,0.599855,-0.683259,,,off,policy_direct_scale,0.599855,-0.683259,0.599855,-0.683259,nan,nan,0,0,off,off
3,382,2026-08-21T15:49:29.543,1787298569.543591022,NAVIGATING,map,base_link,3.085460,-2.478857,1.362272,4.346780,5.976657,map,4.346780,5.976657,8.533461,0.516432,8.549073,0.060445,548,90,0,1.583362,0.999759,-0.854108,0.599855,-0.683287,,,off,policy_direct_scale,0.599855,-0.683287,0.599855,-0.683287,nan,nan,0,0,off,off
3,383,2026-08-21T15:49:30.182,1787298570.182528734,NAVIGATING,map,base_link,3.086987,-2.475485,1.361395,4.346780,5.976657,map,4.346780,5.976657,8.529388,0.524708,8.545512,0.061440,548,90,0,1.576727,0.999758,-0.853017,0.599855,-0.682414,,,off,policy_direct_scale,0.599855,-0.682414,0.599855,-0.682414,nan,nan,0,0,off,off
3,384,2026-08-21T15:49:30.699,1787298570.698969364,NAVIGATING,map,base_link,3.087029,-2.474323,1.362198,4.346780,5.976657,map,4.346780,5.976657,8.528662,0.517664,8.544357,0.060623,548,90,0,1.573386,0.999758,-0.854157,0.599855,-0.683326,,,off,policy_direct_scale,0.599855,-0.683326,0.599855,-0.683326,nan,nan,0,0,off,off
3,385,2026-08-21T15:49:31.218,1787298571.218664885,NAVIGATING,map,base_link,3.081358,-2.472985,1.362419,4.346780,5.976657,map,4.346780,5.976657,8.528640,0.509955,8.543872,0.059722,548,90,0,1.564296,0.999759,-0.854573,0.599855,-0.683658,,,off,policy_direct_scale,0.599855,-0.683658,0.599855,-0.683658,nan,nan,0,0,off,off
3,386,2026-08-21T15:49:31.779,1787298571.779080391,NAVIGATING,map,base_link,3.084356,-2.479960,1.360627,4.346780,5.976657,map,4.346780,5.976657,8.533908,0.529622,8.550326,0.061981,548,90,0,1.567139,0.999757,-0.852432,0.599854,-0.681946,,,off,policy_direct_scale,0.599854,-0.681946,0.599854,-0.681946,nan,nan,0,0,off,off
3,387,2026-08-21T15:49:32.298,1787298572.298763514,NAVIGATING,map,base_link,3.086248,-2.469992,1.361661,4.346780,5.976657,map,4.346780,5.976657,8.524308,0.520576,8.540189,0.060994,548,90,0,1.559819,0.999756,-0.852316,0.599854,-0.681853,,,off,policy_direct_scale,0.599854,-0.681853,0.599854,-0.681853,nan,nan,0,0,off,off
3,388,2026-08-21T15:49:32.818,1787298572.818193197,NAVIGATING,map,base_link,3.084182,-2.474006,1.359780,4.346780,5.976657,map,4.346780,5.976657,8.527671,0.535429,8.544463,0.062705,548,90,0,1.571761,0.999757,-0.853716,0.599854,-0.682973,,,off,policy_direct_scale,0.599854,-0.682973,0.599854,-0.682973,nan,nan,0,0,off,off
3,389,2026-08-21T15:49:33.337,1787298573.337891340,NAVIGATING,map,base_link,3.082962,-2.477588,1.363243,4.346780,5.976657,map,4.346780,5.976657,8.533231,0.505442,8.548187,0.059163,548,90,0,1.576501,0.999759,-0.854917,0.599855,-0.683933,,,off,policy_direct_scale,0.599855,-0.683933,0.599855,-0.683933,nan,nan,0,0,off,off
3,390,2026-08-21T15:49:33.898,1787298573.898145676,NAVIGATING,map,base_link,3.082127,-2.481279,1.360938,4.346780,5.976657,map,4.346780,5.976657,8.535828,0.525058,8.551961,0.061435,548,90,0,1.575841,0.999759,-0.854264,0.599855,-0.683411,,,off,policy_direct_scale,0.599855,-0.683411,0.599855,-0.683411,nan,nan,0,0,off,off
3,391,2026-08-21T15:49:34.422,1787298574.422666550,NAVIGATING,map,base_link,3.086743,-2.474444,1.362346,4.346780,5.976657,map,4.346780,5.976657,8.528915,0.516144,8.544518,0.060443,548,90,0,1.566332,0.999761,-0.855108,0.599857,-0.684087,,,off,policy_direct_scale,0.599857,-0.684087,0.599857,-0.684087,nan,nan,0,0,off,off
3,392,2026-08-21T15:49:34.982,1787298574.982244253,NAVIGATING,map,base_link,3.090320,-2.480470,1.363367,4.346780,5.976657,map,4.346780,5.976657,8.534598,0.512180,8.549953,0.059940,548,90,0,1.574972,0.999760,-0.854814,0.599856,-0.683851,,,off,policy_direct_scale,0.599856,-0.683851,0.599856,-0.683851,nan,nan,0,0,off,off
3,393,2026-08-21T15:49:35.542,1787298575.542679548,NAVIGATING,map,base_link,3.088702,-2.476116,1.362303,4.346780,5.976657,map,4.346780,5.976657,8.530123,0.518775,8.545883,0.060742,548,90,0,1.571084,0.999760,-0.853949,0.599856,-0.683159,,,off,policy_direct_scale,0.599856,-0.683159,0.599856,-0.683159,nan,nan,0,0,off,off
3,394,2026-08-21T15:49:36.098,1787298576.098146200,NAVIGATING,map,base_link,3.085970,-2.478570,1.361746,4.346780,5.976657,map,4.346780,5.976657,8.532801,0.521360,8.548714,0.061025,548,90,0,1.578397,0.999760,-0.854518,0.599856,-0.683615,,,off,policy_direct_scale,0.599856,-0.683615,0.599856,-0.683615,nan,nan,0,0,off,off
3,395,2026-08-21T15:49:36.618,1787298576.618482113,NAVIGATING,map,base_link,3.085932,-2.475541,1.360860,4.346780,5.976657,map,4.346780,5.976657,8.529381,0.528251,8.545723,0.061854,548,90,0,1.562564,0.999758,-0.851843,0.599855,-0.681475,,,off,policy_direct_scale,0.599855,-0.681475,0.599855,-0.681475,nan,nan,0,0,off,off
3,396,2026-08-21T15:49:37.180,1787298577.180236101,NAVIGATING,map,base_link,3.085250,-2.478794,1.363095,4.346780,5.976657,map,4.346780,5.976657,8.533864,0.509189,8.549042,0.059596,548,90,0,1.576253,0.999760,-0.854806,0.599856,-0.683845,,,off,policy_direct_scale,0.599856,-0.683845,0.599856,-0.683845,nan,nan,0,0,off,off
3,397,2026-08-21T15:49:37.698,1787298577.698370934,NAVIGATING,map,base_link,3.085916,-2.476939,1.361565,4.346780,5.976657,map,4.346780,5.976657,8.531122,0.522510,8.547109,0.061171,548,90,0,1.571529,0.999760,-0.853923,0.599856,-0.683139,,,off,policy_direct_scale,0.599856,-0.683139,0.599856,-0.683139,nan,nan,0,0,off,off
3,398,2026-08-21T15:49:38.218,1787298578.218117476,NAVIGATING,map,base_link,3.084198,-2.472296,1.363456,4.346780,5.976657,map,4.346780,5.976657,8.527905,0.503743,8.542770,0.059001,548,90,0,1.581456,0.999759,-0.855010,0.599856,-0.684008,,,off,policy_direct_scale,0.599856,-0.684008,0.599856,-0.684008,nan,nan,0,0,off,off
3,399,2026-08-21T15:49:38.783,1787298578.783388853,NAVIGATING,map,base_link,3.086048,-2.476426,1.359459,4.346780,5.976657,map,4.346780,5.976657,8.529473,0.540504,8.546581,0.063284,548,90,0,1.578437,0.999759,-0.852756,0.599856,-0.682205,,,off,policy_direct_scale,0.599856,-0.682205,0.599856,-0.682205,nan,nan,0,0,off,off
3,400,2026-08-21T15:49:39.301,1787298579.301133633,NAVIGATING,map,base_link,3.089076,-2.477963,1.362447,4.346780,5.976657,map,4.346780,5.976657,8.531928,0.518294,8.547656,0.060673,548,90,0,1.582171,0.999760,-0.854901,0.599856,-0.683921,,,off,policy_direct_scale,0.599856,-0.683921,0.599856,-0.683921,nan,nan,0,0,off,off
3,401,2026-08-21T15:49:39.821,1787298579.821805477,NAVIGATING,map,base_link,3.085077,-2.478632,1.361884,4.346780,5.976657,map,4.346780,5.976657,8.533118,0.519328,8.548907,0.060785,548,90,0,1.578848,0.999757,-0.853278,0.599854,-0.682622,,,off,policy_direct_scale,0.599854,-0.682622,0.599854,-0.682622,nan,nan,0,0,off,off
3,402,2026-08-21T15:49:40.338,1787298580.338649273,NAVIGATING,map,base_link,3.088391,-2.479027,1.361340,4.346780,5.976657,map,4.346780,5.976657,8.532532,0.527291,8.548809,0.061719,548,90,0,1.577072,0.999759,-0.853272,0.599855,-0.682618,,,off,policy_direct_scale,0.599855,-0.682618,0.599855,-0.682618,nan,nan,0,0,off,off
3,403,2026-08-21T15:49:40.939,1787298580.939460993,NAVIGATING,map,base_link,3.085980,-2.475721,1.361608,4.346780,5.976657,map,4.346780,5.976657,8.529940,0.521959,8.545895,0.061115,548,90,0,1.571503,0.999754,-0.851197,0.599853,-0.680958,,,off,policy_direct_scale,0.599853,-0.680958,0.599853,-0.680958,nan,nan,0,0,off,off
3,404,2026-08-21T15:49:41.498,1787298581.498110056,NAVIGATING,map,base_link,3.085634,-2.475602,1.362242,4.346780,5.976657,map,4.346780,5.976657,8.530225,0.516187,8.545829,0.060439,548,90,0,1.573090,0.999757,-0.853103,0.599854,-0.682482,,,off,policy_direct_scale,0.599854,-0.682482,0.599854,-0.682482,nan,nan,0,0,off,off
3,405,2026-08-21T15:49:42.018,1787298582.018017292,NAVIGATING,map,base_link,3.089750,-2.471827,1.363945,4.346780,5.976657,map,4.346780,5.976657,8.526550,0.504911,8.541487,0.059147,548,90,0,1.579159,0.999758,-0.855342,0.599855,-0.684274,,,off,policy_direct_scale,0.599855,-0.684274,0.599855,-0.684274,nan,nan,0,0,off,off
3,406,2026-08-21T15:49:42.540,1787298582.540614367,NAVIGATING,map,base_link,3.087509,-2.475172,1.361703,4.346780,5.976657,map,4.346780,5.976657,8.529135,0.522531,8.545126,0.061188,548,90,0,1.575631,0.999758,-0.855458,0.599855,-0.684366,,,off,policy_direct_scale,0.599855,-0.684366,0.599855,-0.684366,nan,nan,0,0,off,off
3,407,2026-08-21T15:49:43.103,1787298583.103458881,NAVIGATING,map,base_link,3.084377,-2.472619,1.357842,4.346780,5.976657,map,4.346780,5.976657,8.525221,0.551855,8.543063,0.064642,548,90,0,1.577811,0.999757,-0.851024,0.599854,-0.680819,,,off,policy_direct_scale,0.599854,-0.680819,0.599854,-0.680819,nan,nan,0,0,off,off
3,408,2026-08-21T15:49:43.658,1787298583.658590317,NAVIGATING,map,base_link,3.080179,-2.472011,1.362202,4.346780,5.976657,map,4.346780,5.976657,8.527821,0.510446,8.543084,0.059785,548,90,0,1.582107,0.999759,-0.854889,0.599856,-0.683911,,,off,policy_direct_scale,0.599856,-0.683911,0.599856,-0.683911,nan,nan,0,0,off,off
3,409,2026-08-21T15:49:44.178,1787298584.178165674,NAVIGATING,map,base_link,3.089052,-2.479065,1.361269,4.346780,5.976657,map,4.346780,5.976657,8.532394,0.528553,8.548750,0.061868,548,90,0,1.566578,0.999758,-0.853316,0.599855,-0.682653,,,off,policy_direct_scale,0.599855,-0.682653,0.599855,-0.682653,nan,nan,0,0,off,off
3,410,2026-08-21T15:49:44.779,1787298584.779276609,NAVIGATING,map,base_link,3.086349,-2.476842,1.363044,4.346780,5.976657,map,4.346780,5.976657,8.531701,0.510300,8.546948,0.059741,548,90,0,1.569360,0.999760,-0.854172,0.599856,-0.683338,,,off,policy_direct_scale,0.599856,-0.683338,0.599856,-0.683338,nan,nan,0,0,off,off
3,411,2026-08-21T15:49:45.298,1787298585.298105717,NAVIGATING,map,base_link,3.087040,-2.475277,1.360228,4.346780,5.976657,map,4.346780,5.976657,8.528555,0.534674,8.545299,0.062610,548,90,0,1.566453,0.999757,-0.851294,0.599854,-0.681035,,,off,policy_direct_scale,0.599854,-0.681035,0.599854,-0.681035,nan,nan,0,0,off,off
3,412,2026-08-21T15:49:45.822,1787298585.822920799,NAVIGATING,map,base_link,3.091034,-2.478437,1.362437,4.346780,5.976657,map,4.346780,5.976657,8.531981,0.520390,8.547836,0.060917,548,90,0,1.576172,0.999760,-0.854557,0.599856,-0.683645,,,off,policy_direct_scale,0.599856,-0.683645,0.599856,-0.683645,nan,nan,0,0,off,off
3,413,2026-08-21T15:49:46.382,1787298586.382332325,NAVIGATING,map,base_link,3.084989,-2.473570,1.362551,4.346780,5.976657,map,4.346780,5.976657,8.528528,0.512500,8.543913,0.060020,548,90,0,1.575131,0.999759,-0.854825,0.599855,-0.683860,,,off,policy_direct_scale,0.599855,-0.683860,0.599855,-0.683860,nan,nan,0,0,off,off
3,414,2026-08-21T15:49:46.898,1787298586.898461819,NAVIGATING,map,base_link,3.085445,-2.471781,1.362260,4.346780,5.976657,map,4.346780,5.976657,8.526534,0.515060,8.542076,0.060333,548,90,0,1.579450,0.999759,-0.853987,0.599855,-0.683190,,,off,policy_direct_scale,0.599855,-0.683190,0.599855,-0.683190,nan,nan,0,0,off,off
3,415,2026-08-21T15:49:47.418,1787298587.418139458,NAVIGATING,map,base_link,3.084645,-2.473362,1.362090,4.346780,5.976657,map,4.346780,5.976657,8.528160,0.516046,8.543759,0.060437,548,90,0,1.579780,0.999760,-0.855077,0.599856,-0.684061,,,off,policy_direct_scale,0.599856,-0.684061,0.599856,-0.684061,nan,nan,0,0,off,off
3,416,2026-08-21T15:49:47.938,1787298587.938110113,NAVIGATING,map,base_link,3.084457,-2.472380,1.361967,4.346780,5.976657,map,4.346780,5.976657,8.527174,0.516711,8.542815,0.060522,548,90,0,1.572750,0.999761,-0.854639,0.599857,-0.683712,,,off,policy_direct_scale,0.599857,-0.683712,0.599857,-0.683712,nan,nan,0,0,off,off
3,417,2026-08-21T15:49:48.498,1787298588.498110771,NAVIGATING,map,base_link,3.084009,-2.479403,1.361938,4.346780,5.976657,map,4.346780,5.976657,8.534122,0.517978,8.549828,0.060621,548,90,0,1.582550,0.999760,-0.854733,0.599856,-0.683786,,,off,policy_direct_scale,0.599856,-0.683786,0.599856,-0.683786,nan,nan,0,0,off,off
3,418,2026-08-21T15:49:49.018,1787298589.018008471,NAVIGATING,map,base_link,3.086027,-2.474366,1.362043,4.346780,5.976657,map,4.346780,5.976657,8.528831,0.518014,8.544547,0.060662,548,90,0,1.578998,0.999758,-0.853746,0.599855,-0.682997,,,off,policy_direct_scale,0.599855,-0.682997,0.599855,-0.682997,nan,nan,0,0,off,off
3,419,2026-08-21T15:49:49.540,1787298589.540789127,NAVIGATING,map,base_link,3.086280,-2.477718,1.362043,4.346780,5.976657,map,4.346780,5.976657,8.532058,0.518953,8.547826,0.060749,548,90,0,1.575876,0.999758,-0.853945,0.599855,-0.683156,,,off,policy_direct_scale,0.599855,-0.683156,0.599855,-0.683156,nan,nan,0,0,off,off
3,420,2026-08-21T15:49:50.100,1787298590.100026369,NAVIGATING,map,base_link,3.087981,-2.477899,1.361999,4.346780,5.976657,map,4.346780,5.976657,8.531859,0.521027,8.547753,0.060993,548,90,0,1.570632,0.999759,-0.853047,0.599855,-0.682437,,,off,policy_direct_scale,0.599855,-0.682437,0.599855,-0.682437,nan,nan,0,0,off,off
3,421,2026-08-21T15:49:50.618,1787298590.617993116,NAVIGATING,map,base_link,3.090354,-2.476598,1.363156,4.346780,5.976657,map,4.346780,5.976657,8.530695,0.513209,8.546119,0.060088,548,90,0,1.569404,0.999757,-0.853995,0.599854,-0.683196,,,off,policy_direct_scale,0.599854,-0.683196,0.599854,-0.683196,nan,nan,0,0,off,off
3,422,2026-08-21T15:49:51.180,1787298591.180170536,NAVIGATING,map,base_link,3.085873,-2.469510,1.360998,4.346780,5.976657,map,4.346780,5.976657,8.523567,0.525766,8.539767,0.061606,548,90,0,1.568402,0.999759,-0.853132,0.599855,-0.682505,,,off,policy_direct_scale,0.599855,-0.682505,0.599855,-0.682505,nan,nan,0,0,off,off
3,423,2026-08-21T15:49:51.703,1787298591.703692198,NAVIGATING,map,base_link,3.085790,-2.474132,1.362008,4.346780,5.976657,map,4.346780,5.976657,8.528632,0.518032,8.544351,0.060666,548,90,0,1.562402,0.999759,-0.854112,0.599855,-0.683289,,,off,policy_direct_scale,0.599855,-0.683289,0.599855,-0.683289,nan,nan,0,0,off,off
3,424,2026-08-21T15:49:52.219,1787298592.218996763,NAVIGATING,map,base_link,3.084791,-2.476781,1.361361,4.346780,5.976657,map,4.346780,5.976657,8.531095,0.523119,8.547118,0.061242,548,90,0,1.570514,0.999757,-0.852626,0.599854,-0.682100,,,off,policy_direct_scale,0.599854,-0.682100,0.599854,-0.682100,nan,nan,0,0,off,off
3,425,2026-08-21T15:49:52.740,1787298592.740569115,NAVIGATING,map,base_link,3.089766,-2.476854,1.363326,4.346780,5.976657,map,4.346780,5.976657,8.531153,0.511236,8.546457,0.059854,548,90,0,1.568072,0.999760,-0.855358,0.599856,-0.684287,,,off,policy_direct_scale,0.599856,-0.684287,0.599856,-0.684287,nan,nan,0,0,off,off
3,426,2026-08-21T15:49:53.258,1787298593.258659124,NAVIGATING,map,base_link,3.082924,-2.471234,1.362627,4.346780,5.976657,map,4.346780,5.976657,8.526709,0.509350,8.541908,0.059665,548,90,0,1.575266,0.999760,-0.855710,0.599856,-0.684568,,,off,policy_direct_scale,0.599856,-0.684568,0.599856,-0.684568,nan,nan,0,0,off,off
3,427,2026-08-21T15:49:53.780,1787298593.780509472,NAVIGATING,map,base_link,3.088194,-2.477251,1.362711,4.346780,5.976657,map,4.346780,5.976657,8.531549,0.515034,8.547081,0.060295,548,90,0,1.578479,0.999759,-0.854458,0.599855,-0.683566,,,off,policy_direct_scale,0.599855,-0.683566,0.599855,-0.683566,nan,nan,0,0,off,off
3,428,2026-08-21T15:49:54.298,1787298594.298143625,NAVIGATING,map,base_link,3.089055,-2.478420,1.359960,4.346780,5.976657,map,4.346780,5.976657,8.531064,0.539588,8.548111,0.063166,548,90,0,1.569827,0.999758,-0.852378,0.599855,-0.681903,,,off,policy_direct_scale,0.599855,-0.681903,0.599855,-0.681903,nan,nan,0,0,off,off
3,429,2026-08-21T15:49:54.818,1787298594.818181515,NAVIGATING,map,base_link,3.087124,-2.474804,1.362698,4.346780,5.976657,map,4.346780,5.976657,8.529370,0.513589,8.544819,0.060142,548,90,0,1.570948,0.999760,-0.854894,0.599856,-0.683915,,,off,policy_direct_scale,0.599856,-0.683915,0.599856,-0.683915,nan,nan,0,0,off,off
3,430,2026-08-21T15:49:55.338,1787298595.337991953,NAVIGATING,map,base_link,3.087212,-2.471491,1.362249,4.346780,5.976657,map,4.346780,5.976657,8.525879,0.516816,8.541529,0.060543,548,90,0,1.578715,0.999759,-0.854282,0.599855,-0.683426,,,off,policy_direct_scale,0.599855,-0.683426,0.599855,-0.683426,nan,nan,0,0,off,off
3,431,2026-08-21T15:49:55.901,1787298595.900969744,NAVIGATING,map,base_link,3.083280,-2.473657,1.360531,4.346780,5.976657,map,4.346780,5.976657,8.527918,0.528069,8.544251,0.061843,548,90,0,1.576872,0.999760,-0.854552,0.599856,-0.683642,,,off,policy_direct_scale,0.599856,-0.683642,0.599856,-0.683642,nan,nan,0,0,off,off
3,432,2026-08-21T15:49:56.418,1787298596.418390274,NAVIGATING,map,base_link,3.086351,-2.472878,1.360809,4.346780,5.976657,map,4.346780,5.976657,8.526663,0.528540,8.543028,0.061908,548,90,0,1.572168,0.999759,-0.853272,0.599856,-0.682617,,,off,policy_direct_scale,0.599856,-0.682617,0.599856,-0.682617,nan,nan,0,0,off,off
3,433,2026-08-21T15:49:56.983,1787298596.983865499,NAVIGATING,map,base_link,3.086390,-2.476755,1.362386,4.346780,5.976657,map,4.346780,5.976657,8.531270,0.515936,8.546857,0.060402,548,90,0,1.580429,0.999760,-0.855042,0.599856,-0.684033,,,off,policy_direct_scale,0.599856,-0.684033,0.599856,-0.684033,nan,nan,0,0,off,off
3,434,2026-08-21T15:49:57.498,1787298597.498159409,NAVIGATING,map,base_link,3.078785,-2.473216,1.361165,4.346780,5.976657,map,4.346780,5.976657,8.528755,0.518174,8.544482,0.060682,548,90,0,1.576459,0.999759,-0.854957,0.599855,-0.683966,,,off,policy_direct_scale,0.599855,-0.683966,0.599855,-0.683966,nan,nan,0,0,off,off
3,435,2026-08-21T15:49:58.021,1787298598.020979404,NAVIGATING,map,base_link,3.082314,-2.471724,1.363248,4.346780,5.976657,map,4.346780,5.976657,8.527629,0.503554,8.542483,0.058981,548,90,0,1.563187,0.999758,-0.855166,0.599855,-0.684133,,,off,policy_direct_scale,0.599855,-0.684133,0.599855,-0.684133,nan,nan,0,0,off,off
3,436,2026-08-21T15:49:58.580,1787298598.580631256,NAVIGATING,map,base_link,3.079929,-2.476206,1.361164,4.346780,5.976657,map,4.346780,5.976657,8.531441,0.519928,8.547269,0.060867,548,90,0,1.572332,0.999761,-0.855568,0.599856,-0.684454,,,off,policy_direct_scale,0.599856,-0.684454,0.599856,-0.684454,nan,nan,0,0,off,off
3,437,2026-08-21T15:49:59.100,1787298599.100707293,NAVIGATING,map,base_link,3.083732,-2.473083,1.362257,4.346780,5.976657,map,4.346780,5.976657,8.528162,0.513672,8.543618,0.060160,548,90,0,1.575208,0.999760,-0.854848,0.599856,-0.683878,,,off,policy_direct_scale,0.599856,-0.683878,0.599856,-0.683878,nan,nan,0,0,off,off
3,438,2026-08-21T15:49:59.618,1787298599.618213415,NAVIGATING,map,base_link,3.089352,-2.473768,1.362055,4.346780,5.976657,map,4.346780,5.976657,8.527563,0.521041,8.543467,0.061025,548,90,0,1.573355,0.999757,-0.854457,0.599854,-0.683565,,,off,policy_direct_scale,0.599854,-0.683565,0.599854,-0.683565,nan,nan,0,0,off,off
3,439,2026-08-21T15:50:00.139,1787298600.139687538,NAVIGATING,map,base_link,3.086878,-2.477932,1.362917,4.346780,5.976657,map,4.346780,5.976657,8.532594,0.512125,8.547949,0.059948,548,90,0,1.576254,0.999760,-0.854828,0.599856,-0.683862,,,off,policy_direct_scale,0.599856,-0.683862,0.599856,-0.683862,nan,nan,0,0,off,off
3,440,2026-08-21T15:50:00.698,1787298600.698030233,NAVIGATING,map,base_link,3.084028,-2.478728,1.362665,4.346780,5.976657,map,4.346780,5.976657,8.533832,0.511652,8.549156,0.059884,548,90,0,1.577687,0.999761,-0.855806,0.599856,-0.684645,,,off,policy_direct_scale,0.599856,-0.684645,0.599856,-0.684645,nan,nan,0,0,off,off
3,441,2026-08-21T15:50:01.221,1787298601.221242666,NAVIGATING,map,base_link,3.083013,-2.468542,1.360663,4.346780,5.976657,map,4.346780,5.976657,8.523041,0.525618,8.539233,0.061592,548,90,0,1.569389,0.999760,-0.853781,0.599856,-0.683025,,,off,policy_direct_scale,0.599856,-0.683025,0.599856,-0.683025,nan,nan,0,0,off,off
3,442,2026-08-21T15:50:01.740,1787298601.740652561,NAVIGATING,map,base_link,3.087067,-2.468840,1.361629,4.346780,5.976657,map,4.346780,5.976657,8.522993,0.521416,8.538928,0.061101,548,90,0,1.581942,0.999759,-0.854578,0.599856,-0.683663,,,off,policy_direct_scale,0.599856,-0.683663,0.599856,-0.683663,nan,nan,0,0,off,off
3,443,2026-08-21T15:50:02.342,1787298602.342942476,NAVIGATING,map,base_link,3.084964,-2.476771,1.363352,4.346780,5.976657,map,4.346780,5.976657,8.532073,0.506306,8.547082,0.059272,548,90,0,1.571759,0.999759,-0.854140,0.599855,-0.683312,,,off,policy_direct_scale,0.599855,-0.683312,0.599855,-0.683312,nan,nan,0,0,off,off
3,444,2026-08-21T15:50:02.903,1787298602.903776884,NAVIGATING,map,base_link,3.081758,-2.474848,1.359799,4.346780,5.976657,map,4.346780,5.976657,8.529012,0.533078,8.545654,0.062421,548,90,0,1.562474,0.999760,-0.853042,0.599856,-0.682434,,,off,policy_direct_scale,0.599856,-0.682434,0.599856,-0.682434,nan,nan,0,0,off,off
3,445,2026-08-21T15:50:03.422,1787298603.422574997,NAVIGATING,map,base_link,3.080588,-2.470940,1.360514,4.346780,5.976657,map,4.346780,5.976657,8.525813,0.525022,8.541964,0.061503,548,90,0,1.581708,0.999759,-0.853843,0.599856,-0.683074,,,off,policy_direct_scale,0.599856,-0.683074,0.599856,-0.683074,nan,nan,0,0,off,off
3,446,2026-08-21T15:50:03.940,1787298603.940727949,NAVIGATING,map,base_link,3.088515,-2.473852,1.361214,4.346780,5.976657,map,4.346780,5.976657,8.527377,0.527411,8.543672,0.061770,548,90,0,1.581404,0.999759,-0.853666,0.599856,-0.682933,,,off,policy_direct_scale,0.599856,-0.682933,0.599856,-0.682933,nan,nan,0,0,off,off
3,447,2026-08-21T15:50:04.498,1787298604.498159647,NAVIGATING,map,base_link,3.083062,-2.474431,1.359728,4.346780,5.976657,map,4.346780,5.976657,8.528294,0.534872,8.545050,0.062635,548,90,0,1.572326,0.999760,-0.854195,0.599856,-0.683356,,,off,policy_direct_scale,0.599856,-0.683356,0.599856,-0.683356,nan,nan,0,0,off,off
3,448,2026-08-21T15:50:05.018,1787298605.018447876,NAVIGATING,map,base_link,3.086472,-2.479061,1.362250,4.346780,5.976657,map,4.346780,5.976657,8.533439,0.517655,8.549126,0.060588,548,90,0,1.575596,0.999759,-0.855559,0.599855,-0.684448,,,off,policy_direct_scale,0.599855,-0.684448,0.599855,-0.684448,nan,nan,0,0,off,off
3,449,2026-08-21T15:50:05.538,1787298605.537975311,NAVIGATING,map,base_link,3.087694,-2.468104,1.362422,4.346780,5.976657,map,4.346780,5.976657,8.522555,0.515113,8.538108,0.060368,548,90,0,1.575029,0.999758,-0.853786,0.599855,-0.683029,,,off,policy_direct_scale,0.599855,-0.683029,0.599855,-0.683029,nan,nan,0,0,off,off
3,450,2026-08-21T15:50:06.103,1787298606.103343964,NAVIGATING,map,base_link,3.084268,-2.474666,1.361020,4.346780,5.976657,map,4.346780,5.976657,8.528956,0.525080,8.545104,0.061487,548,90,0,1.579510,0.999760,-0.854286,0.599856,-0.683429,,,off,policy_direct_scale,0.599856,-0.683429,0.599856,-0.683429,nan,nan,0,0,off,off
3,451,2026-08-21T15:50:06.622,1787298606.622524023,NAVIGATING,map,base_link,3.090897,-2.472846,1.361876,4.346780,5.976657,map,4.346780,5.976657,8.526246,0.523888,8.542326,0.061367,548,90,0,1.580596,0.999751,-0.857632,0.599851,-0.686105,,,off,policy_direct_scale,0.599851,-0.686105,0.599851,-0.686105,nan,nan,0,0,off,off
3,452,2026-08-21T15:50:07.137,1787298607.137790203,NAVIGATING,map,base_link,3.085523,-2.468928,1.359204,4.346780,5.976657,map,4.346780,5.976657,8.522115,0.540586,8.539243,0.063348,548,90,0,1.575013,0.999751,-0.857665,0.599851,-0.686132,,,off,policy_direct_scale,0.599851,-0.686132,0.599851,-0.686132,nan,nan,0,0,off,off
3,453,2026-08-21T15:50:07.702,1787298607.702033520,NAVIGATING,map,base_link,3.082841,-2.473702,1.362208,4.346780,5.976657,map,4.346780,5.976657,8.528926,0.513348,8.544361,0.060117,548,90,0,1.573020,0.999758,-0.854752,0.599855,-0.683802,,,off,policy_direct_scale,0.599855,-0.683802,0.599855,-0.683802,nan,nan,0,0,off,off
3,454,2026-08-21T15:50:08.222,1787298608.222890615,NAVIGATING,map,base_link,3.084768,-2.467889,1.362050,4.346780,5.976657,map,4.346780,5.976657,8.522759,0.515379,8.538328,0.060397,548,90,0,1.577477,0.999757,-0.853483,0.599854,-0.682787,,,off,policy_direct_scale,0.599854,-0.682787,0.599854,-0.682787,nan,nan,0,0,off,off
3,455,2026-08-21T15:50:08.779,1787298608.779839277,NAVIGATING,map,base_link,3.086583,-2.471454,1.361396,4.346780,5.976657,map,4.346780,5.976657,8.525530,0.523471,8.541585,0.061323,548,90,0,1.569004,0.999758,-0.855047,0.599855,-0.684038,,,off,policy_direct_scale,0.599855,-0.684038,0.599855,-0.684038,nan,nan,0,0,off,off
3,456,2026-08-21T15:50:09.343,1787298609.343738794,NAVIGATING,map,base_link,3.083835,-2.477287,1.360183,4.346780,5.976657,map,4.346780,5.976657,8.531167,0.532344,8.547760,0.062319,548,90,0,1.567442,0.999759,-0.854159,0.599855,-0.683327,,,off,policy_direct_scale,0.599855,-0.683327,0.599855,-0.683327,nan,nan,0,0,off,off
3,457,2026-08-21T15:50:09.898,1787298609.898157597,NAVIGATING,map,base_link,3.085436,-2.474438,1.361987,4.346780,5.976657,map,4.346780,5.976657,8.528994,0.517929,8.544705,0.060651,548,90,0,1.575345,0.999760,-0.855672,0.599856,-0.684538,,,off,policy_direct_scale,0.599856,-0.684538,0.599856,-0.684538,nan,nan,0,0,off,off
3,458,2026-08-21T15:50:10.419,1787298610.419041395,NAVIGATING,map,base_link,3.088990,-2.472107,1.362437,4.346780,5.976657,map,4.346780,5.976657,8.526211,0.517081,8.541876,0.060572,548,90,0,1.576025,0.999758,-0.854707,0.599855,-0.683766,,,off,policy_direct_scale,0.599855,-0.683766,0.599855,-0.683766,nan,nan,0,0,off,off
3,459,2026-08-21T15:50:10.978,1787298610.978673220,NAVIGATING,map,base_link,3.087082,-2.475218,1.361024,4.346780,5.976657,map,4.346780,5.976657,8.528912,0.527914,8.545234,0.061818,548,90,0,1.574395,0.999753,-0.856550,0.599852,-0.685240,,,off,policy_direct_scale,0.599852,-0.685240,0.599852,-0.685240,nan,nan,0,0,off,off
3,460,2026-08-21T15:50:11.502,1787298611.502688885,NAVIGATING,map,base_link,3.082168,-2.474424,1.360864,4.346780,5.976657,map,4.346780,5.976657,8.529075,0.524301,8.545175,0.061395,548,90,0,1.573214,0.999757,-0.854494,0.599854,-0.683595,,,off,policy_direct_scale,0.599854,-0.683595,0.599854,-0.683595,nan,nan,0,0,off,off
3,461,2026-08-21T15:50:12.021,1787298612.021781683,NAVIGATING,map,base_link,3.086368,-2.467644,1.362417,4.346780,5.976657,map,4.346780,5.976657,8.522376,0.513765,8.537848,0.060211,548,90,0,1.573938,0.999759,-0.854385,0.599855,-0.683508,,,off,policy_direct_scale,0.599855,-0.683508,0.599855,-0.683508,nan,nan,0,0,off,off
3,462,2026-08-21T15:50:12.541,1787298612.540997982,NAVIGATING,map,base_link,3.086836,-2.467053,1.361571,4.346780,5.976657,map,4.346780,5.976657,8.521263,0.521307,8.537194,0.061101,548,90,0,1.580585,0.999760,-0.854770,0.599856,-0.683816,,,off,policy_direct_scale,0.599856,-0.683816,0.599856,-0.683816,nan,nan,0,0,off,off
3,463,2026-08-21T15:50:13.102,1787298613.102618217,NAVIGATING,map,base_link,3.083322,-2.476201,1.360302,4.346780,5.976657,map,4.346780,5.976657,8.530275,0.530601,8.546762,0.062122,548,90,0,1.581101,0.999761,-0.854177,0.599856,-0.683342,,,off,policy_direct_scale,0.599856,-0.683342,0.599856,-0.683342,nan,nan,0,0,off,off
3,464,2026-08-21T15:50:13.618,1787298613.618427038,NAVIGATING,map,base_link,3.084386,-2.477497,1.361920,4.346780,5.976657,map,4.346780,5.976657,8.532170,0.518105,8.547887,0.060649,548,90,0,1.575128,0.999758,-0.854470,0.599855,-0.683576,,,off,policy_direct_scale,0.599855,-0.683576,0.599855,-0.683576,nan,nan,0,0,off,off
3,465,2026-08-21T15:50:14.182,1787298614.182498455,NAVIGATING,map,base_link,3.086408,-2.473738,1.362162,4.346780,5.976657,map,4.346780,5.976657,8.528198,0.517242,8.543869,0.060577,548,90,0,1.571855,0.999760,-0.854794,0.599856,-0.683835,,,off,policy_direct_scale,0.599856,-0.683835,0.599856,-0.683835,nan,nan,0,0,off,off
3,466,2026-08-21T15:50:14.701,1787298614.701220989,NAVIGATING,map,base_link,3.088709,-2.478383,1.361589,4.346780,5.976657,map,4.346780,5.976657,8.531967,0.525340,8.548125,0.061496,548,90,0,1.575812,0.999761,-0.854197,0.599856,-0.683358,,,off,policy_direct_scale,0.599856,-0.683358,0.599856,-0.683358,nan,nan,0,0,off,off
3,467,2026-08-21T15:50:15.218,1787298615.218162060,NAVIGATING,map,base_link,3.083184,-2.473804,1.359554,4.346780,5.976657,map,4.346780,5.976657,8.527562,0.536340,8.544412,0.062812,548,90,0,1.577408,0.999760,-0.854275,0.599856,-0.683420,,,off,policy_direct_scale,0.599856,-0.683420,0.599856,-0.683420,nan,nan,0,0,off,off
3,468,2026-08-21T15:50:15.738,1787298615.738105297,NAVIGATING,map,base_link,3.083735,-2.473226,1.361321,4.346780,5.976657,map,4.346780,5.976657,8.527816,0.521692,8.543758,0.061099,548,90,0,1.575188,0.999757,-0.854142,0.599854,-0.683314,,,off,policy_direct_scale,0.599854,-0.683314,0.599854,-0.683314,nan,nan,0,0,off,off
3,469,2026-08-21T15:50:16.303,1787298616.303563833,NAVIGATING,map,base_link,3.089445,-2.476308,1.363531,4.346780,5.976657,map,4.346780,5.976657,8.530788,0.509067,8.545964,0.059603,548,90,0,1.578482,0.999759,-0.854377,0.599855,-0.683502,,,off,policy_direct_scale,0.599855,-0.683502,0.599855,-0.683502,nan,nan,0,0,off,off
3,470,2026-08-21T15:50:16.818,1787298616.818285465,NAVIGATING,map,base_link,3.088340,-2.470330,1.360993,4.346780,5.976657,map,4.346780,5.976657,8.523852,0.528391,8.540214,0.061910,548,90,0,1.575388,0.999761,-0.853993,0.599856,-0.683194,,,off,policy_direct_scale,0.599856,-0.683194,0.599856,-0.683194,nan,nan,0,0,off,off
3,471,2026-08-21T15:50:17.378,1787298617.378783226,NAVIGATING,map,base_link,3.085232,-2.473953,1.363942,4.346780,5.976657,map,4.346780,5.976657,8.529557,0.500954,8.544255,0.058664,548,90,0,1.577815,0.999760,-0.855873,0.599856,-0.684698,,,off,policy_direct_scale,0.599856,-0.684698,0.599856,-0.684698,nan,nan,0,0,off,off
3,472,2026-08-21T15:50:17.904,1787298617.904787302,NAVIGATING,map,base_link,3.085417,-2.469940,1.361201,4.346780,5.976657,map,4.346780,5.976657,8.524189,0.523674,8.540259,0.061357,548,90,0,1.574710,0.999750,-0.857262,0.599850,-0.685809,,,off,policy_direct_scale,0.599850,-0.685809,0.599850,-0.685809,nan,nan,0,0,off,off
3,473,2026-08-21T15:50:18.418,1787298618.418300629,NAVIGATING,map,base_link,3.084389,-2.474923,1.361351,4.346780,5.976657,map,4.346780,5.976657,8.529356,0.522425,8.545341,0.061174,548,90,0,1.580248,0.999759,-0.854275,0.599855,-0.683420,,,off,policy_direct_scale,0.599855,-0.683420,0.599855,-0.683420,nan,nan,0,0,off,off
3,474,2026-08-21T15:50:18.978,1787298618.978795052,NAVIGATING,map,base_link,3.082155,-2.473178,1.359744,4.346780,5.976657,map,4.346780,5.976657,8.527267,0.533583,8.543944,0.062492,548,90,0,1.554412,0.999758,-0.851955,0.599855,-0.681564,,,off,policy_direct_scale,0.599855,-0.681564,0.599855,-0.681564,nan,nan,0,0,off,off
3,475,2026-08-21T15:50:19.584,1787298619.584759235,NAVIGATING,map,base_link,3.092292,-2.477679,1.361585,4.346780,5.976657,map,4.346780,5.976657,8.530532,0.528736,8.546902,0.061902,548,90,0,1.582755,0.999761,-0.854818,0.599857,-0.683854,,,off,policy_direct_scale,0.599857,-0.683854,0.599857,-0.683854,nan,nan,0,0,off,off
3,476,2026-08-21T15:50:20.100,1787298620.100831270,NAVIGATING,map,base_link,3.083527,-2.475904,1.361543,4.346780,5.976657,map,4.346780,5.976657,8.530594,0.520153,8.546437,0.060900,548,90,0,1.575512,0.999759,-0.854576,0.599855,-0.683661,,,off,policy_direct_scale,0.599855,-0.683661,0.599855,-0.683661,nan,nan,0,0,off,off
3,477,2026-08-21T15:50:20.618,1787298620.618350029,NAVIGATING,map,base_link,3.084675,-2.471723,1.362086,4.346780,5.976657,map,4.346780,5.976657,8.526547,0.515774,8.542132,0.060417,548,90,0,1.572593,0.999761,-0.855482,0.599856,-0.684386,,,off,policy_direct_scale,0.599856,-0.684386,0.599856,-0.684386,nan,nan,0,0,off,off
3,478,2026-08-21T15:50:21.180,1787298621.180421591,NAVIGATING,map,base_link,3.087508,-2.475649,1.361310,4.346780,5.976657,map,4.346780,5.976657,8.529395,0.525980,8.545597,0.061589,548,90,0,1.572251,0.999759,-0.852928,0.599855,-0.682343,,,off,policy_direct_scale,0.599855,-0.682343,0.599855,-0.682343,nan,nan,0,0,off,off
3,479,2026-08-21T15:50:21.698,1787298621.698288202,NAVIGATING,map,base_link,3.087562,-2.469352,1.360416,4.346780,5.976657,map,4.346780,5.976657,8.522753,0.532340,8.539362,0.062380,548,90,0,1.577001,0.999760,-0.854193,0.599856,-0.683354,,,off,policy_direct_scale,0.599856,-0.683354,0.599856,-0.683354,nan,nan,0,0,off,off
3,480,2026-08-21T15:50:22.258,1787298622.258584499,NAVIGATING,map,base_link,3.084199,-2.470568,1.362174,4.346780,5.976657,map,4.346780,5.976657,8.525561,0.514317,8.541060,0.060253,548,90,0,1.578305,0.999758,-0.853915,0.599855,-0.683132,,,off,policy_direct_scale,0.599855,-0.683132,0.599855,-0.683132,nan,nan,0,0,off,off
3,481,2026-08-21T15:50:22.780,1787298622.780495167,NAVIGATING,map,base_link,3.084182,-2.476038,1.362778,4.346780,5.976657,map,4.346780,5.976657,8.531226,0.510283,8.546474,0.059742,548,90,0,1.577859,0.999761,-0.856095,0.599857,-0.684876,,,off,policy_direct_scale,0.599857,-0.684876,0.599857,-0.684876,nan,nan,0,0,off,off
3,482,2026-08-21T15:50:23.300,1787298623.300842285,NAVIGATING,map,base_link,3.081738,-2.472421,1.360374,4.346780,5.976657,map,4.346780,5.976657,8.526948,0.527645,8.543258,0.061801,548,90,0,1.576756,0.999759,-0.854206,0.599856,-0.683365,,,off,policy_direct_scale,0.599856,-0.683365,0.599856,-0.683365,nan,nan,0,0,off,off
3,483,2026-08-21T15:50:23.818,1787298623.818876982,NAVIGATING,map,base_link,3.086363,-2.476218,1.359909,4.346780,5.976657,map,4.346780,5.976657,8.529447,0.536929,8.546329,0.062867,548,90,0,1.571853,0.999759,-0.854329,0.599855,-0.683463,,,off,policy_direct_scale,0.599855,-0.683463,0.599855,-0.683463,nan,nan,0,0,off,off
3,484,2026-08-21T15:50:24.378,1787298624.378869772,NAVIGATING,map,base_link,3.084892,-2.476407,1.362726,4.346780,5.976657,map,4.346780,5.976657,8.531414,0.511500,8.546734,0.059883,548,90,0,1.573399,0.999760,-0.854846,0.599856,-0.683877,,,off,policy_direct_scale,0.599856,-0.683877,0.599856,-0.683877,nan,nan,0,0,off,off
3,485,2026-08-21T15:50:24.902,1787298624.902429819,NAVIGATING,map,base_link,3.086704,-2.472783,1.362322,4.346780,5.976657,map,4.346780,5.976657,8.527287,0.515964,8.542882,0.060434,548,90,0,1.568770,0.999759,-0.854499,0.599855,-0.683599,,,off,policy_direct_scale,0.599855,-0.683599,0.599855,-0.683599,nan,nan,0,0,off,off
3,486,2026-08-21T15:50:25.420,1787298625.420551777,NAVIGATING,map,base_link,3.092378,-2.470798,1.361464,4.346780,5.976657,map,4.346780,5.976657,8.523720,0.528422,8.540084,0.061915,548,90,0,1.563423,0.999759,-0.853303,0.599856,-0.682642,,,off,policy_direct_scale,0.599856,-0.682642,0.599856,-0.682642,nan,nan,0,0,off,off
3,487,2026-08-21T15:50:25.978,1787298625.978415489,NAVIGATING,map,base_link,3.082757,-2.474400,1.362231,4.346780,5.976657,map,4.346780,5.976657,8.529638,0.513216,8.545064,0.060096,548,90,0,1.579903,0.999759,-0.854404,0.599855,-0.683523,,,off,policy_direct_scale,0.599855,-0.683523,0.599855,-0.683523,nan,nan,0,0,off,off
3,488,2026-08-21T15:50:26.503,1787298626.503679276,NAVIGATING,map,base_link,3.084310,-2.473906,1.361289,4.346780,5.976657,map,4.346780,5.976657,8.528345,0.522667,8.544346,0.061209,548,90,0,1.575499,0.999758,-0.854341,0.599855,-0.683473,,,off,policy_direct_scale,0.599855,-0.683473,0.599855,-0.683473,nan,nan,0,0,off,off
3,489,2026-08-21T15:50:27.062,1787298627.062755108,NAVIGATING,map,base_link,3.094022,-2.471533,1.363297,4.346780,5.976657,map,4.346780,5.976657,8.525054,0.514558,8.540568,0.060285,548,90,0,1.571125,0.999759,-0.852994,0.599855,-0.682395,,,off,policy_direct_scale,0.599855,-0.682395,0.599855,-0.682395,nan,nan,0,0,off,off
3,490,2026-08-21T15:50:27.582,1787298627.582494020,NAVIGATING,map,base_link,3.082407,-2.469721,1.360452,4.346780,5.976657,map,4.346780,5.976657,8.524209,0.527068,8.540488,0.061753,548,90,0,1.577492,0.999761,-0.854496,0.599856,-0.683597,,,off,policy_direct_scale,0.599856,-0.683597,0.599856,-0.683597,nan,nan,0,0,off,off
3,491,2026-08-21T15:50:28.098,1787298628.098812819,NAVIGATING,map,base_link,3.083529,-2.469798,1.362227,4.346780,5.976657,map,4.346780,5.976657,8.524974,0.513055,8.540399,0.060110,548,90,0,1.580019,0.999758,-0.853903,0.599855,-0.683122,,,off,policy_direct_scale,0.599855,-0.683122,0.599855,-0.683122,nan,nan,0,0,off,off
3,492,2026-08-21T15:50:28.619,1787298628.619291544,NAVIGATING,map,base_link,3.084191,-2.474450,1.361788,4.346780,5.976657,map,4.346780,5.976657,8.529161,0.518410,8.544902,0.060706,548,90,0,1.582169,0.999758,-0.853827,0.599855,-0.683062,,,off,policy_direct_scale,0.599855,-0.683062,0.599855,-0.683062,nan,nan,0,0,off,off
3,493,2026-08-21T15:50:29.139,1787298629.139055490,NAVIGATING,map,base_link,3.085885,-2.473811,1.361723,4.346780,5.976657,map,4.346780,5.976657,8.528152,0.520487,8.544020,0.060956,548,90,0,1.567031,0.999760,-0.854675,0.599856,-0.683740,,,off,policy_direct_scale,0.599856,-0.683740,0.599856,-0.683740,nan,nan,0,0,off,off
3,494,2026-08-21T15:50:29.698,1787298629.698221684,NAVIGATING,map,base_link,3.091617,-2.472835,1.363076,4.346780,5.976657,map,4.346780,5.976657,8.526711,0.514353,8.542210,0.060250,548,90,0,1.575614,0.999758,-0.853832,0.599855,-0.683066,,,off,policy_direct_scale,0.599855,-0.683066,0.599855,-0.683066,nan,nan,0,0,off,off
3,495,2026-08-21T15:50:30.220,1787298630.219989538,NAVIGATING,map,base_link,3.090901,-2.478584,1.363936,4.346780,5.976657,map,4.346780,5.976657,8.532924,0.507498,8.548002,0.059405,548,90,0,1.561828,0.999759,-0.853844,0.599855,-0.683075,,,off,policy_direct_scale,0.599855,-0.683075,0.599855,-0.683075,nan,nan,0,0,off,off
3,496,2026-08-21T15:50:30.741,1787298630.741431475,NAVIGATING,map,base_link,3.090791,-2.475736,1.361813,4.346780,5.976657,map,4.346780,5.976657,8.529063,0.524918,8.545201,0.061467,548,90,0,1.578138,0.999759,-0.854551,0.599855,-0.683641,,,off,policy_direct_scale,0.599855,-0.683641,0.599855,-0.683641,nan,nan,0,0,off,off
3,497,2026-08-21T15:50:31.297,1787298631.297928810,NAVIGATING,map,base_link,3.081594,-2.473527,1.362253,4.346780,5.976657,map,4.346780,5.976657,8.529037,0.511709,8.544373,0.059924,548,90,0,1.573174,0.999760,-0.855686,0.599856,-0.684549,,,off,policy_direct_scale,0.599856,-0.684549,0.599856,-0.684549,nan,nan,0,0,off,off
3,498,2026-08-21T15:50:31.818,1787298631.817997456,NAVIGATING,map,base_link,3.088015,-2.467442,1.361580,4.346780,5.976657,map,4.346780,5.976657,8.521404,0.522469,8.537406,0.061236,548,90,0,1.570334,0.999758,-0.854096,0.599855,-0.683277,,,off,policy_direct_scale,0.599855,-0.683277,0.599855,-0.683277,nan,nan,0,0,off,off
3,499,2026-08-21T15:50:32.337,1787298632.337930441,NAVIGATING,map,base_link,3.086754,-2.471675,1.361696,4.346780,5.976657,map,4.346780,5.976657,8.525867,0.521123,8.541779,0.061047,548,90,0,1.574079,0.999759,-0.854114,0.599855,-0.683292,,,off,policy_direct_scale,0.599855,-0.683292,0.599855,-0.683292,nan,nan,0,0,off,off
3,500,2026-08-21T15:50:32.901,1787298632.901597738,NAVIGATING,map,base_link,3.083910,-2.469969,1.361322,4.346780,5.976657,map,4.346780,5.976657,8.524594,0.521178,8.540511,0.061062,548,90,0,1.571283,0.999757,-0.853177,0.599854,-0.682542,,,off,policy_direct_scale,0.599854,-0.682542,0.599854,-0.682542,nan,nan,0,0,off,off
3,501,2026-08-21T15:50:33.420,1787298633.420565128,NAVIGATING,map,base_link,3.091198,-2.473481,1.360218,4.346780,5.976657,map,4.346780,5.976657,8.525925,0.538451,8.542911,0.063071,548,90,0,1.577202,0.999759,-0.853235,0.599855,-0.682588,,,off,policy_direct_scale,0.599855,-0.682588,0.599855,-0.682588,nan,nan,0,0,off,off
3,502,2026-08-21T15:50:33.978,1787298633.978688717,NAVIGATING,map,base_link,3.082499,-2.471240,1.361351,4.346780,5.976657,map,4.346780,5.976657,8.526146,0.519812,8.541977,0.060891,548,90,0,1.577861,0.999757,-0.853039,0.599854,-0.682432,,,off,policy_direct_scale,0.599854,-0.682432,0.599854,-0.682432,nan,nan,0,0,off,off
3,503,2026-08-21T15:50:34.498,1787298634.498540640,NAVIGATING,map,base_link,3.091334,-2.477094,1.361348,4.346780,5.976657,map,4.346780,5.976657,8.530033,0.529698,8.546464,0.062018,548,90,0,1.567500,0.999759,-0.853586,0.599856,-0.682869,,,off,policy_direct_scale,0.599856,-0.682869,0.599856,-0.682869,nan,nan,0,0,off,off
3,504,2026-08-21T15:50:35.021,1787298635.021597624,NAVIGATING,map,base_link,3.085296,-2.478681,1.361654,4.346780,5.976657,map,4.346780,5.976657,8.533001,0.521508,8.548923,0.061041,548,90,0,1.582642,0.999760,-0.854970,0.599856,-0.683976,,,off,policy_direct_scale,0.599856,-0.683976,0.599856,-0.683976,nan,nan,0,0,off,off
3,505,2026-08-21T15:50:35.538,1787298635.538472891,NAVIGATING,map,base_link,3.089760,-2.471222,1.360997,4.346780,5.976657,map,4.346780,5.976657,8.524431,0.529930,8.540887,0.062086,548,90,0,1.578366,0.999759,-0.854079,0.599856,-0.683263,,,off,policy_direct_scale,0.599856,-0.683263,0.599856,-0.683263,nan,nan,0,0,off,off
3,506,2026-08-21T15:50:36.101,1787298636.101809740,NAVIGATING,map,base_link,3.083179,-2.469837,1.358738,4.346780,5.976657,map,4.346780,5.976657,8.523244,0.542456,8.540488,0.063559,548,90,0,1.569971,0.999759,-0.852985,0.599855,-0.682388,,,off,policy_direct_scale,0.599855,-0.682388,0.599855,-0.682388,nan,nan,0,0,off,off
3,507,2026-08-21T15:50:36.620,1787298636.620804310,NAVIGATING,map,base_link,3.089116,-2.476602,1.360512,4.346780,5.976657,map,4.346780,5.976657,8.529570,0.534554,8.546304,0.062589,548,90,0,1.570970,0.999760,-0.853204,0.599856,-0.682563,,,off,policy_direct_scale,0.599856,-0.682563,0.599856,-0.682563,nan,nan,0,0,off,off
3,508,2026-08-21T15:50:37.141,1787298637.141399384,NAVIGATING,map,base_link,3.088700,-2.468626,1.364305,4.346780,5.976657,map,4.346780,5.976657,8.523814,0.500159,8.538476,0.058611,548,90,0,1.578361,0.999760,-0.855979,0.599856,-0.684783,,,off,policy_direct_scale,0.599856,-0.684783,0.599856,-0.684783,nan,nan,0,0,off,off
3,509,2026-08-21T15:50:37.698,1787298637.698179245,NAVIGATING,map,base_link,3.086782,-2.471919,1.362779,4.346780,5.976657,map,4.346780,5.976657,8.526659,0.511967,8.542015,0.059971,548,90,0,1.571189,0.999760,-0.854481,0.599856,-0.683585,,,off,policy_direct_scale,0.599856,-0.683585,0.599856,-0.683585,nan,nan,0,0,off,off
3,510,2026-08-21T15:50:38.218,1787298638.218393564,NAVIGATING,map,base_link,3.082730,-2.472772,1.362853,4.346780,5.976657,map,4.346780,5.976657,8.528369,0.507546,8.543458,0.059443,548,90,0,1.577328,0.999759,-0.854839,0.599855,-0.683871,,,off,policy_direct_scale,0.599855,-0.683871,0.599855,-0.683871,nan,nan,0,0,off,off
3,511,2026-08-21T15:50:38.742,1787298638.742478848,NAVIGATING,map,base_link,3.087484,-2.475042,1.364100,4.346780,5.976657,map,4.346780,5.976657,8.530241,0.502032,8.545001,0.058785,548,90,0,1.576552,0.999758,-0.855414,0.599855,-0.684331,,,off,policy_direct_scale,0.599855,-0.684331,0.599855,-0.684331,nan,nan,0,0,off,off
3,512,2026-08-21T15:50:39.298,1787298639.298328638,NAVIGATING,map,base_link,3.088148,-2.474782,1.361859,4.346780,5.976657,map,4.346780,5.976657,8.528703,0.521740,8.544646,0.061098,548,90,0,1.569899,0.999759,-0.853674,0.599855,-0.682940,,,off,policy_direct_scale,0.599855,-0.682940,0.599855,-0.682940,nan,nan,0,0,off,off
3,513,2026-08-21T15:50:39.820,1787298639.820610523,NAVIGATING,map,base_link,3.089781,-2.477235,1.361251,4.346780,5.976657,map,4.346780,5.976657,8.530443,0.529037,8.546832,0.061938,548,90,0,1.582952,0.999761,-0.854679,0.599856,-0.683743,,,off,policy_direct_scale,0.599856,-0.683743,0.599856,-0.683743,nan,nan,0,0,off,off
3,514,2026-08-21T15:50:40.382,1787298640.382943869,NAVIGATING,map,base_link,3.089069,-2.477701,1.361447,4.346780,5.976657,map,4.346780,5.976657,8.531151,0.526766,8.547399,0.061668,548,90,0,1.578371,0.999760,-0.854649,0.599856,-0.683719,,,off,policy_direct_scale,0.599856,-0.683719,0.599856,-0.683719,nan,nan,0,0,off,off
3,515,2026-08-21T15:50:40.900,1787298640.900344372,NAVIGATING,map,base_link,3.082915,-2.474317,1.362899,4.346780,5.976657,map,4.346780,5.976657,8.529865,0.507653,8.544958,0.059445,548,90,0,1.559413,0.999760,-0.854167,0.599856,-0.683333,,,off,policy_direct_scale,0.599856,-0.683333,0.599856,-0.683333,nan,nan,0,0,off,off
3,516,2026-08-21T15:50:41.418,1787298641.418214798,NAVIGATING,map,base_link,3.088166,-2.471885,1.363463,4.346780,5.976657,map,4.346780,5.976657,8.526690,0.507480,8.541778,0.059446,548,90,0,1.575047,0.999760,-0.854868,0.599856,-0.683895,,,off,policy_direct_scale,0.599856,-0.683895,0.599856,-0.683895,nan,nan,0,0,off,off
3,517,2026-08-21T16:15:09.660,1787300109.660392284,NAVIGATING,map,base_link,3.085025,-2.457327,1.365251,2.619591,-0.820672,map,2.619591,-0.820672,1.507207,0.789680,1.701548,0.482613,548,90,0,1.578270,0.999271,0.559930,0.599563,0.447944,,,off,policy_direct_scale,0.599563,0.447944,0.599563,0.447944,nan,nan,0,0,off,off
3,518,2026-08-21T16:15:10.178,1787300110.178897858,NAVIGATING,map,base_link,3.087707,-2.461435,1.365083,2.619591,-0.820672,map,2.619591,-0.820672,1.510549,0.793398,1.706235,0.483634,548,90,0,1.581711,0.999275,0.561557,0.599565,0.449246,,,off,policy_direct_scale,0.599565,0.449246,0.599565,0.449246,nan,nan,0,0,off,off
3,519,2026-08-21T16:15:10.698,1787300110.698302984,NAVIGATING,map,base_link,3.083708,-2.461189,1.364322,2.619591,-0.820672,map,2.619591,-0.820672,1.510523,0.790582,1.704905,0.482178,548,90,0,1.579898,0.999282,0.564765,0.599569,0.451812,,,off,policy_direct_scale,0.599569,0.451812,0.599569,0.451812,nan,nan,0,0,off,off
3,520,2026-08-21T16:15:11.219,1787300111.219763279,NAVIGATING,map,base_link,3.084463,-2.460505,1.363644,2.619591,-0.820672,map,2.619591,-0.820672,1.509162,0.792204,1.704453,0.483392,548,90,0,1.578373,0.999273,0.561116,0.599564,0.448893,,,off,policy_direct_scale,0.599564,0.448893,0.599564,0.448893,nan,nan,0,0,off,off
3,521,2026-08-21T16:15:11.740,1787300111.740177631,NAVIGATING,map,base_link,3.085586,-2.459138,1.364896,2.619591,-0.820672,map,2.619591,-0.820672,1.508585,0.791134,1.703444,0.482993,548,90,0,1.574109,0.999271,0.560092,0.599562,0.448074,,,off,policy_direct_scale,0.599562,0.448074,0.599562,0.448074,nan,nan,0,0,off,off
3,522,2026-08-21T16:15:12.298,1787300112.298492432,NAVIGATING,map,base_link,3.086493,-2.468088,1.365671,2.619591,-0.820672,map,2.619591,-0.820672,1.517775,0.792676,1.712301,0.481298,548,90,0,1.579368,0.999276,0.555454,0.599566,0.444364,,,off,policy_direct_scale,0.599566,0.444364,0.599566,0.444364,nan,nan,0,0,off,off
3,523,2026-08-21T16:15:12.820,1787300112.819975138,NAVIGATING,map,base_link,3.085545,-2.465814,1.364278,2.619591,-0.820672,map,2.619591,-0.820672,1.514638,0.793395,1.709855,0.482520,548,90,0,1.577321,0.999276,0.558253,0.599566,0.446602,,,off,policy_direct_scale,0.599566,0.446602,0.599566,0.446602,nan,nan,0,0,off,off
3,524,2026-08-21T16:15:13.340,1787300113.340965271,NAVIGATING,map,base_link,3.088247,-2.462854,1.365534,2.619591,-0.820672,map,2.619591,-0.820672,1.512185,0.793533,1.707747,0.483258,548,90,0,1.560325,0.999274,0.560793,0.599564,0.448634,,,off,policy_direct_scale,0.599564,0.448634,0.599564,0.448634,nan,nan,0,0,off,off
3,525,2026-08-21T16:15:13.900,1787300113.900835514,NAVIGATING,map,base_link,3.089319,-2.462233,1.363625,2.619591,-0.820672,map,2.619591,-0.820672,1.509840,0.797341,1.707445,0.485871,548,90,0,1.567610,0.999277,0.565850,0.599566,0.452680,,,off,policy_direct_scale,0.599566,0.452680,0.599566,0.452680,nan,nan,0,0,off,off
3,526,2026-08-21T16:15:14.418,1787300114.418601990,NAVIGATING,map,base_link,3.082077,-2.459888,1.362998,2.619591,-0.820672,map,2.619591,-0.820672,1.508538,0.790717,1.703209,0.482789,548,90,0,1.579836,0.999277,0.559989,0.599566,0.447991,,,off,policy_direct_scale,0.599566,0.447991,0.599566,0.447991,nan,nan,0,0,off,off
3,527,2026-08-21T16:15:14.941,1787300114.941590071,NAVIGATING,map,base_link,3.088984,-2.458929,1.365546,2.619591,-0.820672,map,2.619591,-0.820672,1.508202,0.793437,1.704176,0.484295,548,90,0,1.573930,0.999268,0.563434,0.599561,0.450747,,,off,policy_direct_scale,0.599561,0.450747,0.599561,0.450747,nan,nan,0,0,off,off
3,528,2026-08-21T16:15:15.500,1787300115.499979019,NAVIGATING,map,base_link,3.083110,-2.456692,1.362702,2.619591,-0.820672,map,2.619591,-0.820672,1.504965,0.791514,1.700415,0.484180,548,90,0,1.562691,0.999273,0.563875,0.599564,0.451100,,,off,policy_direct_scale,0.599564,0.451100,0.599564,0.451100,nan,nan,0,0,off,off
3,529,2026-08-21T16:15:16.018,1787300116.018563747,NAVIGATING,map,base_link,3.090873,-2.460202,1.364719,2.619591,-0.820672,map,2.619591,-0.820672,1.508405,0.796793,1.705921,0.485980,548,90,0,1.569890,0.999262,0.565687,0.599557,0.452549,,,off,policy_direct_scale,0.599557,0.452549,0.599557,0.452549,nan,nan,0,0,off,off
3,530,2026-08-21T16:15:16.540,1787300116.539972544,NAVIGATING,map,base_link,3.084114,-2.462256,1.364654,2.619591,-0.820672,map,2.619591,-0.820672,1.511747,0.790696,1.706042,0.481905,548,90,0,1.575619,0.999273,0.557884,0.599564,0.446307,,,off,policy_direct_scale,0.599564,0.446307,0.599564,0.446307,nan,nan,0,0,off,off
3,531,2026-08-21T16:15:17.102,1787300117.102109909,NAVIGATING,map,base_link,3.084584,-2.462279,1.365630,2.619591,-0.820672,map,2.619591,-0.820672,1.512445,0.789686,1.706192,0.481191,548,90,0,1.569008,0.999271,0.557029,0.599563,0.445623,,,off,policy_direct_scale,0.599563,0.445623,0.599563,0.445623,nan,nan,0,0,off,off
3,532,2026-08-21T16:15:17.618,1787300117.618854523,NAVIGATING,map,base_link,3.082627,-2.462392,1.363989,2.619591,-0.820672,map,2.619591,-0.820672,1.511660,0.790273,1.705769,0.481709,548,90,0,1.577801,0.999276,0.557687,0.599566,0.446149,,,off,policy_direct_scale,0.599566,0.446149,0.599566,0.446149,nan,nan,0,0,off,off
3,533,2026-08-21T16:15:18.140,1787300118.140940428,NAVIGATING,map,base_link,3.091242,-2.464387,1.364958,2.619591,-0.820672,map,2.619591,-0.820672,1.512617,0.797650,1.710045,0.485273,548,90,0,1.569129,0.999272,0.564011,0.599563,0.451209,,,off,policy_direct_scale,0.599563,0.451209,0.599563,0.451209,nan,nan,0,0,off,off
3,534,2026-08-21T16:15:18.699,1787300118.699399948,NAVIGATING,map,base_link,3.082007,-2.462954,1.365222,2.619591,-0.820672,map,2.619591,-0.820672,1.513310,0.787918,1.706142,0.480038,548,90,0,1.579833,0.999274,0.553329,0.599564,0.442663,,,off,policy_direct_scale,0.599564,0.442663,0.599564,0.442663,nan,nan,0,0,off,off
3,535,2026-08-21T16:15:19.219,1787300119.219310999,NAVIGATING,map,base_link,3.084581,-2.460899,1.365681,2.619591,-0.820672,map,2.619591,-0.820672,1.511134,0.789324,1.704864,0.481358,548,90,0,1.577610,0.999268,0.556884,0.599561,0.445508,,,off,policy_direct_scale,0.599561,0.445508,0.599561,0.445508,nan,nan,0,0,off,off
3,536,2026-08-21T16:15:19.738,1787300119.738739967,NAVIGATING,map,base_link,3.089081,-2.460376,1.362994,2.619591,-0.820672,map,2.619591,-0.820672,1.507568,0.797677,1.705594,0.486667,548,90,0,1.575178,0.999270,0.567181,0.599562,0.453745,,,off,policy_direct_scale,0.599562,0.453745,0.599562,0.453745,nan,nan,0,0,off,off
3,537,2026-08-21T16:15:20.306,1787300120.305970430,NAVIGATING,map,base_link,3.081599,-2.457624,1.363215,2.619591,-0.820672,map,2.619591,-0.820672,1.506593,0.789455,1.700901,0.482663,548,90,0,1.572854,0.999274,0.559698,0.599564,0.447758,,,off,policy_direct_scale,0.599564,0.447758,0.599564,0.447758,nan,nan,0,0,off,off
3,538,2026-08-21T16:15:20.818,1787300120.818730593,NAVIGATING,map,base_link,3.086109,-2.459512,1.361618,2.619591,-0.820672,map,2.619591,-0.820672,1.506242,0.796663,1.703947,0.486506,548,90,0,1.576004,0.999273,0.566623,0.599564,0.453299,,,off,policy_direct_scale,0.599564,0.453299,0.599564,0.453299,nan,nan,0,0,off,off
3,539,2026-08-21T16:15:21.338,1787300121.338521957,NAVIGATING,map,base_link,3.087023,-2.459927,1.365713,2.619591,-0.820672,map,2.619591,-0.820672,1.509711,0.791469,1.704597,0.482860,548,90,0,1.573752,0.999279,0.560160,0.599568,0.448128,,,off,policy_direct_scale,0.599568,0.448128,0.599568,0.448128,nan,nan,0,0,off,off
3,540,2026-08-21T16:15:21.900,1787300121.900360107,NAVIGATING,map,base_link,3.084087,-2.464112,1.364319,2.619591,-0.820672,map,2.619591,-0.820672,1.513304,0.791557,1.707821,0.481929,548,90,0,1.566802,0.999281,0.558120,0.599569,0.446496,,,off,policy_direct_scale,0.599569,0.446496,0.599569,0.446496,nan,nan,0,0,off,off
3,541,2026-08-21T16:15:22.420,1787300122.420354366,NAVIGATING,map,base_link,3.080988,-2.458655,1.365008,2.619591,-0.820672,map,2.619591,-0.820672,1.509141,0.786366,1.701728,0.480360,548,90,0,1.576496,0.999270,0.555256,0.599562,0.444205,,,off,policy_direct_scale,0.599562,0.444205,0.599562,0.444205,nan,nan,0,0,off,off
3,542,2026-08-21T16:15:22.979,1787300122.979966402,NAVIGATING,map,base_link,3.085077,-2.464041,1.366173,2.619591,-0.820672,map,2.619591,-0.820672,1.514498,0.789705,1.708022,0.480644,548,90,0,1.581449,0.999275,0.555120,0.599565,0.444096,,,off,policy_direct_scale,0.599565,0.444096,0.599565,0.444096,nan,nan,0,0,off,off
3,543,2026-08-21T16:15:23.501,1787300123.501530886,NAVIGATING,map,base_link,3.086918,-2.460893,1.365640,2.619591,-0.820672,map,2.619591,-0.820672,1.510620,0.791674,1.705497,0.482719,548,90,0,1.574571,0.999274,0.559303,0.599564,0.447443,,,off,policy_direct_scale,0.599564,0.447443,0.599564,0.447443,nan,nan,0,0,off,off
3,544,2026-08-21T16:15:24.020,1787300124.020526409,NAVIGATING,map,base_link,3.084963,-2.458664,1.364371,2.619591,-0.820672,map,2.619591,-0.820672,1.507833,0.791218,1.702818,0.483242,548,90,0,1.569335,0.999271,0.561797,0.599563,0.449438,,,off,policy_direct_scale,0.599563,0.449438,0.599563,0.449438,nan,nan,0,0,off,off
3,545,2026-08-21T16:15:24.540,1787300124.540030003,NAVIGATING,map,base_link,3.084939,-2.458992,1.364251,2.619591,-0.820672,map,2.619591,-0.820672,1.508065,0.791443,1.703127,0.483296,548,90,0,1.558502,0.999276,0.561940,0.599566,0.449552,,,off,policy_direct_scale,0.599566,0.449552,0.599566,0.449552,nan,nan,0,0,off,off
3,546,2026-08-21T16:15:25.098,1787300125.098335266,NAVIGATING,map,base_link,3.086067,-2.460619,1.364153,2.619591,-0.820672,map,2.619591,-0.820672,1.509347,0.793029,1.705000,0.483770,548,90,0,1.577059,0.999274,0.561007,0.599565,0.448806,,,off,policy_direct_scale,0.599565,0.448806,0.599565,0.448806,nan,nan,0,0,off,off
3,547,2026-08-21T16:15:25.619,1787300125.619615316,NAVIGATING,map,base_link,3.081842,-2.461560,1.363951,2.619591,-0.820672,map,2.619591,-0.820672,1.510977,0.789392,1.704755,0.481437,548,90,0,1.581370,0.999278,0.557260,0.599567,0.445808,,,off,policy_direct_scale,0.599567,0.445808,0.599567,0.445808,nan,nan,0,0,off,off
3,548,2026-08-21T16:15:26.139,1787300126.139430046,NAVIGATING,map,base_link,3.087496,-2.457188,1.366205,2.619591,-0.820672,map,2.619591,-0.820672,1.507322,0.790633,1.702093,0.483077,548,90,0,1.581536,0.999269,0.560726,0.599562,0.448581,,,off,policy_direct_scale,0.599562,0.448581,0.599562,0.448581,nan,nan,0,0,off,off
3,549,2026-08-21T16:15:26.698,1787300126.698274136,NAVIGATING,map,base_link,3.088815,-2.464203,1.365873,2.619591,-0.820672,map,2.619591,-0.820672,1.513660,0.793851,1.709201,0.483022,548,90,0,1.582005,0.999281,0.559609,0.599568,0.447687,,,off,policy_direct_scale,0.599568,0.447687,0.599568,0.447687,nan,nan,0,0,off,off
3,550,2026-08-21T16:15:27.220,1787300127.220900774,NAVIGATING,map,base_link,3.084986,-2.460926,1.364978,2.619591,-0.820672,map,2.619591,-0.820672,1.510523,0.790788,1.705000,0.482285,548,90,0,1.560062,0.999273,0.558180,0.599564,0.446544,,,off,policy_direct_scale,0.599564,0.446544,0.599564,0.446544,nan,nan,0,0,off,off
3,551,2026-08-21T16:15:27.780,1787300127.780217886,NAVIGATING,map,base_link,3.084245,-2.459575,1.364360,2.619591,-0.820672,map,2.619591,-0.820672,1.508864,0.790720,1.703499,0.482702,548,90,0,1.568305,0.999276,0.566325,0.599566,0.453060,,,off,policy_direct_scale,0.599566,0.453060,0.599566,0.453060,nan,nan,0,0,off,off
3,552,2026-08-21T16:15:28.302,1787300128.302111387,NAVIGATING,map,base_link,3.086338,-2.458966,1.362822,2.619591,-0.820672,map,2.619591,-0.820672,1.506617,0.794962,1.703485,0.485520,548,90,0,1.576373,0.999272,0.565324,0.599563,0.452259,,,off,policy_direct_scale,0.599563,0.452259,0.599563,0.452259,nan,nan,0,0,off,off
3,553,2026-08-21T16:15:28.818,1787300128.818922758,NAVIGATING,map,base_link,3.086052,-2.463938,1.365089,2.619591,-0.820672,map,2.619591,-0.820672,1.513342,0.792278,1.708189,0.482293,548,90,0,1.581172,0.999282,0.558082,0.599569,0.446466,,,off,policy_direct_scale,0.599569,0.446466,0.599569,0.446466,nan,nan,0,0,off,off
3,554,2026-08-21T16:15:29.340,1787300129.340595245,NAVIGATING,map,base_link,3.082892,-2.459393,1.364495,2.619591,-0.820672,map,2.619591,-0.820672,1.509069,0.789153,1.702954,0.481831,548,90,0,1.575809,0.999272,0.557169,0.599563,0.445735,,,off,policy_direct_scale,0.599563,0.445735,0.599563,0.445735,nan,nan,0,0,off,off
3,555,2026-08-21T16:15:29.860,1787300129.860068321,NAVIGATING,map,base_link,3.044658,-2.303858,1.511321,2.619591,-0.820672,map,2.619591,-0.820672,1.455297,0.512476,1.542894,0.338585,548,90,0,1.425846,0.998795,0.306343,0.599277,0.245075,,,off,policy_direct_scale,0.599277,0.245075,0.599277,0.245075,nan,nan,0,0,off,off
3,556,2026-08-21T16:15:30.378,1787300130.378639460,NAVIGATING,map,base_link,2.992758,-2.013039,1.642990,2.619591,-0.820672,map,2.619591,-0.820672,1.216178,0.286188,1.249397,0.231113,548,90,0,1.143174,0.994201,0.659848,0.596520,0.527878,,,off,policy_direct_scale,0.596520,0.527878,0.596520,0.527878,nan,nan,0,0,off,off
3,557,2026-08-21T16:15:30.898,1787300130.898113728,NAVIGATING,map,base_link,2.875502,-1.748054,1.907889,2.619591,-0.820672,map,2.619591,-0.820672,0.959831,-0.065218,0.962044,-0.067843,548,90,0,0.915399,0.990069,0.785951,0.594041,0.628761,,,off,policy_direct_scale,0.594041,0.628761,0.594041,0.628761,nan,nan,0,0,off,off
3,558,2026-08-21T16:15:31.418,1787300131.418406963,NAVIGATING,map,base_link,2.673457,-1.559306,2.152474,2.619591,-0.820672,map,2.619591,-0.820672,0.646755,-0.360818,0.740595,-0.508880,548,90,0,0.727338,0.999145,-0.636735,0.599487,-0.509388,,,off,policy_direct_scale,0.599487,-0.509388,0.599487,-0.509388,nan,nan,0,0,off,off
3,559,2026-08-21T16:15:31.941,1787300131.941090345,NAVIGATING,map,base_link,2.562116,-1.292834,1.969363,2.619591,-0.820672,map,2.619591,-0.820672,0.412848,-0.236215,0.475648,-0.519697,548,90,0,0.629933,0.999436,-0.674330,0.599662,-0.539464,,,off,policy_direct_scale,0.599662,-0.539464,0.599662,-0.539464,nan,nan,0,0,off,off
3,560,2026-08-21T16:15:32.498,1787300132.498098612,NAVIGATING,map,base_link,2.502692,-0.958863,1.727093,4.551553,0.645071,map,4.551553,0.645071,1.265455,-2.273556,2.602006,-1.062902,548,90,0,0.597918,0.999809,-0.990818,0.599885,-0.792654,,,off,policy_direct_scale,0.599885,-0.792654,0.599885,-0.792654,nan,nan,0,0,off,off
3,561,2026-08-21T16:15:33.062,1787300133.062145233,NAVIGATING,map,base_link,2.539200,-0.711870,1.430595,4.551553,0.645071,map,4.551553,0.645071,1.624838,-1.802985,2.427108,-0.837322,548,90,0,0.615118,0.999726,-0.891265,0.599836,-0.713012,,,off,policy_direct_scale,0.599836,-0.713012,0.599836,-0.713012,nan,nan,0,0,off,off
3,562,2026-08-21T16:15:33.581,1787300133.581926823,NAVIGATING,map,base_link,2.663915,-0.460266,1.171209,4.551553,0.645071,map,4.551553,0.645071,1.752625,-1.308913,2.187452,-0.641470,548,90,0,0.612706,0.999707,-0.516881,0.599824,-0.413505,,,off,policy_direct_scale,0.599824,-0.413505,0.599824,-0.413505,nan,nan,0,0,off,off
3,563,2026-08-21T16:15:34.099,1787300134.099032640,NAVIGATING,map,base_link,2.816685,-0.207815,1.018581,4.551553,0.645071,map,4.551553,0.645071,1.636184,-1.029604,1.933179,-0.561665,548,90,0,0.571721,0.999835,-0.701465,0.599901,-0.561172,,,off,policy_direct_scale,0.599901,-0.561172,0.599901,-0.561172,nan,nan,0,0,off,off
3,564,2026-08-21T16:15:34.620,1787300134.620311737,NAVIGATING,map,base_link,3.015807,-0.021977,0.782084,4.551553,0.645071,map,4.551553,0.645071,1.559638,-0.609097,1.674357,-0.372322,548,90,0,0.511763,0.999874,-0.721323,0.599924,-0.577058,,,off,policy_direct_scale,0.599924,-0.577058,0.599924,-0.577058,nan,nan,0,0,off,off
3,565,2026-08-21T16:15:35.138,1787300135.138558149,NAVIGATING,map,base_link,3.268196,0.120216,0.540470,4.551553,0.645071,map,4.551553,0.645071,1.370495,-0.210292,1.386535,-0.152255,548,90,0,0.522285,0.999770,-0.746477,0.599862,-0.597181,,,off,policy_direct_scale,0.599862,-0.597181,0.599862,-0.597181,nan,nan,0,0,off,off
3,566,2026-08-21T16:15:35.702,1787300135.702609062,NAVIGATING,map,base_link,3.586111,0.176882,0.236575,4.551553,0.645071,map,4.551553,0.645071,1.048283,0.228873,1.072977,0.214959,548,90,0,0.586904,0.996872,-0.973911,0.598123,-0.779129,,,off,policy_direct_scale,0.598123,-0.779129,0.598123,-0.779129,nan,nan,0,0,off,off
3,567,2026-08-21T16:15:36.261,1787300136.261126280,NAVIGATING,map,base_link,3.878581,0.116515,-0.101770,4.551553,0.645071,map,4.551553,0.645071,0.615792,0.594191,0.855724,0.767548,548,90,0,0.637361,0.999784,0.928665,0.599870,0.742932,,,off,policy_direct_scale,0.599870,0.742932,0.599870,0.742932,nan,nan,0,0,off,off
3,568,2026-08-21T16:15:36.779,1787300136.779450893,NAVIGATING,map,base_link,4.194598,0.195431,0.204809,4.551553,0.645071,map,4.551553,0.645071,0.440943,0.367645,0.574102,0.694996,548,90,0,0.535628,0.999756,0.757792,0.599854,0.606233,,,off,policy_direct_scale,0.599854,0.606233,0.599854,0.606233,nan,nan,0,0,off,off
3,569,2026-08-21T16:15:37.300,1787300137.300676823,NAVIGATING,map,base_link,4.418952,0.336153,0.405201,4.551553,0.645071,map,4.551553,0.645071,0.243640,0.231631,0.336174,0.760136,548,90,0,0.466887,0.999703,0.931096,0.599822,0.744877,,,off,policy_direct_scale,0.599822,0.744877,0.599822,0.744877,nan,nan,0,0,off,off
3,570,2026-08-21T16:15:37.820,1787300137.820077181,NAVIGATING,map,base_link,4.587300,0.526125,0.666629,3.281390,2.505805,map,3.281390,2.505805,0.197788,2.363348,2.371610,1.487301,548,90,0,0.420960,0.999897,0.998619,0.599938,0.798895,,,off,policy_direct_scale,0.599938,0.798895,0.599938,0.798895,nan,nan,0,0,off,off
3,571,2026-08-21T16:15:38.341,1787300138.341281176,NAVIGATING,map,base_link,4.675803,0.752349,0.986564,3.281390,2.505805,map,3.281390,2.505805,0.693520,2.130265,2.240312,1.256062,548,90,0,0.469220,0.999882,0.994458,0.599929,0.795566,,,off,policy_direct_scale,0.599929,0.795566,0.599929,0.795566,nan,nan,0,0,off,off
3,572,2026-08-21T16:15:38.901,1787300138.900968790,NAVIGATING,map,base_link,4.692849,1.069612,1.370472,3.281390,2.505805,map,3.281390,2.505805,1.126609,1.669017,2.013670,0.977037,548,90,0,0.482022,0.999825,0.961986,0.599895,0.769589,,,off,policy_direct_scale,0.599895,0.769589,0.599895,0.769589,nan,nan,0,0,off,off
3,573,2026-08-21T16:15:39.422,1787300139.422004938,NAVIGATING,map,base_link,4.599172,1.318530,1.695715,3.281390,2.505805,map,3.281390,2.505805,1.342211,1.159586,1.773745,0.712530,548,90,0,0.462828,0.999735,0.929542,0.599841,0.743634,,,off,policy_direct_scale,0.599841,0.743634,0.599841,0.743634,nan,nan,0,0,off,off
3,574,2026-08-21T16:15:39.938,1787300139.938521385,NAVIGATING,map,base_link,4.421982,1.583650,2.087743,3.281390,2.505805,map,3.281390,2.505805,1.365372,0.535798,1.466738,0.373954,548,90,0,0.483807,0.997885,0.983696,0.598731,0.786957,,,off,policy_direct_scale,0.598731,0.786957,0.598731,0.786957,nan,nan,0,0,off,off
3,575,2026-08-21T16:15:40.502,1787300140.502786160,NAVIGATING,map,base_link,4.200570,1.725290,2.461460,3.281390,2.505805,map,3.281390,2.505805,1.205516,-0.028773,1.205859,-0.023864,548,90,0,0.526703,0.996624,0.993325,0.597974,0.794660,,,off,policy_direct_scale,0.597974,0.794660,0.597974,0.794660,nan,nan,0,0,off,off
3,576,2026-08-21T16:15:41.020,1787300141.020346403,NAVIGATING,map,base_link,3.930714,1.794996,2.821483,3.281390,2.505805,map,3.281390,2.505805,0.840010,-0.470377,0.962742,-0.510462,548,90,0,0.587448,0.999877,-0.739007,0.599926,-0.591206,,,off,policy_direct_scale,0.599926,-0.591206,0.599926,-0.591206,nan,nan,0,0,off,off
3,577,2026-08-21T16:15:41.540,1787300141.540150404,NAVIGATING,map,base_link,3.565465,1.923837,2.616416,3.281390,2.505805,map,3.281390,2.505805,0.537571,-0.361114,0.647600,-0.591515,548,90,0,0.592776,0.999864,-0.588068,0.599918,-0.470454,,,off,policy_direct_scale,0.599918,-0.470454,0.599918,-0.470454,nan,nan,0,0,off,off
3,578,2026-08-21T16:15:42.100,1787300142.100822449,NAVIGATING,map,base_link,3.271798,2.169923,2.375837,3.281390,2.505805,map,3.281390,2.505805,0.225880,-0.248772,0.336019,-0.833590,548,90,0,0.592714,0.999793,-0.920471,0.599876,-0.736377,,,off,policy_direct_scale,0.599876,-0.736377,0.599876,-0.736377,nan,nan,0,0,off,off
3,579,2026-08-21T16:15:42.659,1787300142.659957409,NAVIGATING,map,base_link,3.171445,2.402935,2.120049,5.028668,4.058102,map,5.028668,4.058102,0.442153,-2.448133,2.487741,-1.392114,548,90,0,0.653991,0.999814,-0.998409,0.599888,-0.798727,,,off,policy_direct_scale,0.599888,-0.798727,0.599888,-0.798727,nan,nan,0,0,off,off
3,580,2026-08-21T16:15:43.180,1787300143.180606604,NAVIGATING,map,base_link,3.164001,2.587739,1.830076,5.028668,4.058102,map,5.028668,4.058102,0.943144,-2.179318,2.374647,-1.162363,548,90,0,0.698238,0.999762,-0.997454,0.599857,-0.797963,,,off,policy_direct_scale,0.599857,-0.797963,0.599857,-0.797963,nan,nan,0,0,off,off
3,581,2026-08-21T16:15:43.702,1787300143.702102423,NAVIGATING,map,base_link,3.225630,2.833534,1.491434,5.028668,4.058102,map,5.028668,4.058102,1.363656,-1.700280,2.179566,-0.894826,548,90,0,0.765412,0.999663,-0.991410,0.599798,-0.793128,,,off,policy_direct_scale,0.599798,-0.793128,0.599798,-0.793128,nan,nan,0,0,off,off
3,582,2026-08-21T16:15:44.218,1787300144.218826056,NAVIGATING,map,base_link,3.342225,3.082020,1.148396,5.028668,4.058102,map,5.028668,4.058102,1.581651,-1.138071,1.948545,-0.623724,548,90,0,0.779823,0.999555,-0.947136,0.599733,-0.757709,,,off,policy_direct_scale,0.599733,-0.757709,0.599733,-0.757709,nan,nan,0,0,off,off
3,583,2026-08-21T16:15:44.741,1787300144.741581678,NAVIGATING,map,base_link,3.578474,3.305756,0.836652,5.028668,4.058102,map,5.028668,4.058102,1.530105,-0.572594,1.633734,-0.358085,548,90,0,0.674512,0.999504,-0.385309,0.599702,-0.308247,,,off,policy_direct_scale,0.599702,-0.308247,0.599702,-0.308247,nan,nan,0,0,off,off
3,584,2026-08-21T16:15:45.298,1787300145.298836231,NAVIGATING,map,base_link,3.800092,3.511582,0.661944,5.028668,4.058102,map,5.028668,4.058102,1.305018,-0.324052,1.344650,-0.243389,548,90,0,0.602291,0.999566,-0.531480,0.599740,-0.425184,,,off,policy_direct_scale,0.599740,-0.425184,0.599740,-0.425184,nan,nan,0,0,off,off
3,585,2026-08-21T16:15:45.818,1787300145.818756819,NAVIGATING,map,base_link,4.025640,3.635082,0.486459,5.028668,4.058102,map,5.028668,4.058102,1.084432,-0.094967,1.088582,-0.087350,548,90,0,0.587325,0.998636,-0.766420,0.599182,-0.613136,,,off,policy_direct_scale,0.599182,-0.613136,0.599182,-0.613136,nan,nan,0,0,off,off
3,586,2026-08-21T16:15:46.341,1787300146.341141701,NAVIGATING,map,base_link,4.275084,3.687254,0.211800,5.028668,4.058102,map,5.028668,4.058102,0.814704,0.204142,0.839891,0.245517,548,90,0,0.566397,0.962327,-0.959612,0.577397,-0.767690,,,off,policy_direct_scale,0.577397,-0.767690,0.577397,-0.767690,nan,nan,0,0,off,off
3,587,2026-08-21T16:15:46.902,1787300146.902649879,NAVIGATING,map,base_link,4.451728,3.683089,-0.037053,5.028668,4.058102,map,5.028668,4.058102,0.562652,0.396128,0.688109,0.613431,548,90,0,0.301082,-0.861135,-0.798452,-0.516681,-0.638761,,,off,policy_direct_scale,-0.516681,-0.638761,-0.516681,-0.638761,nan,nan,0,0,off,off
3,588,2026-08-21T16:15:53.179,1787300153.179578781,NAVIGATING,map,base_link,4.451728,3.683089,-0.037053,5.028668,4.058102,map,5.028668,4.058102,0.562652,0.396128,0.688109,0.613431,548,90,0,0.375035,-0.819597,-0.615530,-0.491758,-0.492424,,,off,policy_direct_scale,-0.491758,-0.492424,-0.491758,-0.492424,nan,nan,0,0,off,off
3,589,2026-08-21T16:15:53.703,1787300153.702914238,NAVIGATING,map,base_link,1.998015,-9.786692,2.918071,5.028668,4.058102,map,5.028668,4.058102,0.113641,-14.172166,14.172622,-1.562778,548,90,0,0.489399,0.999603,-0.967972,0.599762,-0.774377,,,off,policy_direct_scale,0.599762,-0.774377,0.599762,-0.774377,nan,nan,0,0,off,off
3,590,2026-08-21T16:15:54.220,1787300154.220030785,NAVIGATING,map,base_link,1.752156,-9.624159,2.670654,5.028668,4.058102,map,5.028668,4.058102,3.288121,-13.679476,14.069108,-1.334903,548,90,0,0.294285,0.998895,0.531633,0.599337,0.425307,,,off,policy_direct_scale,0.599337,0.425307,0.599337,0.425307,nan,nan,0,0,off,off
3,591,2026-08-21T16:15:54.738,1787300154.738393307,NAVIGATING,map,base_link,1.439000,-9.577502,2.912091,5.028668,4.058102,map,5.028668,4.058102,-0.393551,-14.094698,14.100191,-1.598711,548,90,0,0.428506,0.999977,0.064810,0.599986,0.051848,,,off,policy_direct_scale,0.599986,0.051848,0.599986,0.051848,nan,nan,0,0,off,off
3,592,2026-08-21T16:15:55.262,1787300155.262456894,NAVIGATING,map,base_link,1.168296,-9.538905,2.844201,5.028668,4.058102,map,5.028668,4.058102,0.293381,-14.131348,14.134393,-1.550038,548,90,0,0.469417,0.999984,-0.867811,0.599990,-0.694249,,,off,policy_direct_scale,0.599990,-0.694249,0.599990,-0.694249,nan,nan,0,0,off,off
3,593,2026-08-21T16:15:55.778,1787300155.778588533,NAVIGATING,map,base_link,0.941682,-9.361407,2.590976,5.028668,4.058102,map,5.028668,4.058102,3.538321,-13.574497,14.028068,-1.315811,548,90,0,0.475370,0.999983,-0.803793,0.599990,-0.643034,,,off,policy_direct_scale,0.599990,-0.643034,0.599990,-0.643034,nan,nan,0,0,off,off
3,594,2026-08-21T16:15:56.298,1787300156.298693657,NAVIGATING,map,base_link,0.795035,-9.139406,2.285963,5.028668,4.058102,map,5.028668,4.058102,7.187733,-11.850500,13.859938,-1.025586,548,90,0,0.636751,0.999967,-0.975490,0.599980,-0.780392,,,off,policy_direct_scale,0.599980,-0.780392,0.599980,-0.780392,nan,nan,0,0,off,off
3,595,2026-08-21T16:15:56.822,1787300156.822385550,NAVIGATING,map,base_link,0.663898,-8.841929,1.950863,5.028668,4.058102,map,5.028668,4.058102,10.360227,-8.838988,13.618443,-0.706329,548,90,0,0.774665,0.999956,-0.983547,0.599974,-0.786837,,,off,policy_direct_scale,0.599974,-0.786837,0.599974,-0.786837,nan,nan,0,0,off,off
3,596,2026-08-21T16:15:57.379,1787300157.379072428,NAVIGATING,map,base_link,0.647222,-8.526044,1.595672,5.028668,4.058102,map,5.028668,4.058102,12.471275,-4.693091,13.325082,-0.359920,548,90,0,0.802686,0.999953,-0.871262,0.599972,-0.697009,,,off,policy_direct_scale,0.599972,-0.697009,0.599972,-0.697009,nan,nan,0,0,off,off
3,597,2026-08-21T16:15:57.898,1787300157.898176193,NAVIGATING,map,base_link,0.738959,-8.337922,1.403527,5.028668,4.058102,map,5.028668,4.058102,12.937208,-2.166024,13.117279,-0.165887,548,90,0,0.784445,0.999944,-0.655247,0.599966,-0.524197,,,off,policy_direct_scale,0.599966,-0.524197,0.599966,-0.524197,nan,nan,0,0,off,off
3,598,2026-08-21T16:15:58.422,1787300158.422168493,NAVIGATING,map,base_link,0.879227,-8.128841,1.233999,5.028668,4.058102,map,5.028668,4.058102,12.873505,0.111052,12.873983,0.008626,548,90,0,0.762321,0.999919,0.042840,0.599951,0.034272,,,off,policy_direct_scale,0.599951,0.034272,0.599951,0.034272,nan,nan,0,0,off,off
3,599,2026-08-21T16:15:58.939,1787300158.939021826,NAVIGATING,map,base_link,0.930647,-7.878661,1.276807,5.028668,4.058102,map,5.028668,4.058102,12.612116,-0.463256,12.620621,-0.036714,548,90,0,0.822185,0.999862,0.470465,0.599917,0.376372,,,off,policy_direct_scale,0.599917,0.376372,0.599917,0.376372,nan,nan,0,0,off,off
3,600,2026-08-21T16:15:59.500,1787300159.500322342,NAVIGATING,map,base_link,0.922795,-7.570955,1.517287,5.028668,4.058102,map,5.028668,4.058102,11.832011,-3.478027,12.332605,-0.285898,548,90,0,0.740482,0.999816,0.533694,0.599889,0.426955,,,off,policy_direct_scale,0.599889,0.426955,0.599889,0.426955,nan,nan,0,0,off,off
3,601,2026-08-21T16:16:00.059,1787300160.059570312,NAVIGATING,map,base_link,0.875157,-7.301948,1.654945,5.028668,4.058102,map,5.028668,4.058102,10.970754,-5.093619,12.095552,-0.434674,548,90,0,0.634953,0.999953,-0.600281,0.599972,-0.480225,,,off,policy_direct_scale,0.599972,-0.480225,0.599972,-0.480225,nan,nan,0,0,off,off
3,602,2026-08-21T16:16:00.580,1787300160.580767632,NAVIGATING,map,base_link,0.852665,-7.009645,1.551354,5.028668,4.058102,map,5.028668,4.058102,11.146841,-3.960044,11.829370,-0.341354,548,90,0,0.613708,0.999969,-0.624812,0.599982,-0.499849,,,off,policy_direct_scale,0.599982,-0.499849,0.599982,-0.499849,nan,nan,0,0,off,off
3,603,2026-08-21T16:16:01.100,1787300161.100937843,NAVIGATING,map,base_link,0.899700,-6.719101,1.355344,5.028668,4.058102,map,5.028668,4.058102,11.410762,-1.729451,11.541079,-0.150418,548,90,0,0.557337,0.999968,-0.398129,0.599981,-0.318503,,,off,policy_direct_scale,0.599981,-0.318503,0.599981,-0.318503,nan,nan,0,0,off,off
3,604,2026-08-21T16:16:01.618,1787300161.618469238,NAVIGATING,map,base_link,1.030500,-6.434555,1.217957,5.028668,4.058102,map,5.028668,4.058102,11.227882,-0.125982,11.228589,-0.011220,548,90,0,0.591503,0.999927,-0.403988,0.599956,-0.323191,,,off,policy_direct_scale,0.599956,-0.323191,0.599956,-0.323191,nan,nan,0,0,off,off
3,605,2026-08-21T16:16:02.179,1787300162.179880619,NAVIGATING,map,base_link,1.196310,-6.139159,1.046057,5.028668,4.058102,map,5.028668,4.058102,10.745229,1.791971,10.893626,0.165248,548,90,0,0.732787,0.997586,-0.940910,0.598552,-0.752728,,,off,policy_direct_scale,0.598552,-0.752728,0.598552,-0.752728,nan,nan,0,0,off,off
3,606,2026-08-21T16:16:02.698,1787300162.698187113,NAVIGATING,map,base_link,1.371878,-5.964055,0.786576,5.028668,4.058102,map,5.028668,4.058102,9.677770,4.489602,10.668447,0.434360,548,90,0,0.268813,0.778376,-0.993890,0.467026,-0.795112,,,off,policy_direct_scale,0.467026,-0.795112,0.467026,-0.795112,nan,nan,0,0,off,off
3,607,2026-08-21T16:16:05.422,1787300165.422743559,NAVIGATING,map,base_link,1.622770,-5.964814,0.388512,5.028668,4.058102,map,5.028668,4.058102,6.948865,7.985753,10.585792,0.854715,548,90,0,0.264506,0.933346,-0.979634,0.560008,-0.783707,,,off,policy_direct_scale,0.560008,-0.783707,0.560008,-0.783707,nan,nan,0,0,off,off
3,608,2026-08-21T16:16:05.940,1787300165.940025091,NAVIGATING,map,base_link,1.659568,-5.973378,0.271176,5.028668,4.058102,map,5.028668,4.058102,5.933057,8.762434,10.582128,0.975604,548,90,0,0.291295,0.999972,-0.674793,0.599983,-0.539835,,,off,policy_direct_scale,0.599983,-0.539835,0.599983,-0.539835,nan,nan,0,0,off,off
3,609,2026-08-21T16:16:30.858,1787300190.858647108,NAVIGATING,map,base_link,2.188338,-5.986902,0.009633,5.028668,4.058102,map,5.028668,4.058102,2.936960,10.017178,10.438849,1.285597,548,90,0,0.296151,0.999987,0.963258,0.599992,0.770606,,,off,policy_direct_scale,0.599992,0.770606,0.599992,0.770606,nan,nan,0,0,off,off
3,610,2026-08-21T16:16:45.098,1787300205.098525286,NAVIGATING,map,base_link,1.471154,-3.649633,-1.410696,5.028668,4.058102,map,5.028668,4.058102,-7.042035,4.740761,8.489115,2.549074,548,90,0,0.260457,0.999863,0.999677,0.599918,0.799742,,,off,policy_direct_scale,0.599918,0.799742,0.599918,0.799742,nan,nan,0,0,off,off
3,611,2026-08-21T16:17:35.378,1787300255.378159523,NAVIGATING,map,base_link,1.483878,-3.643305,-1.378082,5.028668,4.058102,map,5.028668,4.058102,-6.879925,4.954174,8.478043,2.517509,548,90,0,1.567750,0.999146,0.992824,0.599488,0.794259,,,off,policy_direct_scale,0.599488,0.794259,0.599488,0.794259,nan,nan,0,0,off,off
3,612,2026-08-21T16:18:04.218,1787300284.218741894,NAVIGATING,map,base_link,3.092417,-2.434955,1.454295,0.676626,-3.247516,map,0.676626,-3.247516,-1.087861,2.304964,2.548784,2.011765,548,90,0,1.566475,0.998133,0.999499,0.598880,0.799599,,,off,policy_direct_scale,0.598880,0.799599,0.598880,0.799599,nan,nan,0,0,off,off
3,613,2026-08-21T16:18:25.909,1787300305.909704447,NAVIGATING,map,base_link,1.461892,-3.710376,-1.495394,0.676626,-3.247516,map,0.676626,-3.247516,-0.520700,-0.748167,0.911527,-2.178811,548,90,0,0.260042,0.999959,-0.999731,0.599975,-0.799785,,,off,policy_direct_scale,0.599975,-0.799785,0.599975,-0.799785,nan,nan,0,0,off,off
3,614,2026-08-21T16:18:44.705,1787300324.704979658,NAVIGATING,map,base_link,1.496086,-3.696710,-1.468360,0.676626,-3.247516,map,0.676626,-3.247516,-0.530635,-0.769231,0.934500,-2.174661,548,90,0,1.555223,0.994206,-0.999948,0.596524,-0.799958,,,off,policy_direct_scale,0.596524,-0.799958,0.596524,-0.799958,nan,nan,0,0,off,off
3,615,2026-08-21T16:19:04.898,1787300344.898257971,NAVIGATING,map,base_link,1.490278,-3.693612,-1.468397,0.676626,-3.247516,map,0.676626,-3.247516,-0.526931,-0.763789,0.927917,-2.174705,548,90,0,1.556096,0.994233,-0.999948,0.596540,-0.799958,,,off,policy_direct_scale,0.596540,-0.799958,0.596540,-0.799958,nan,nan,0,0,off,off
3,616,2026-08-21T16:19:15.018,1787300355.018269777,NAVIGATING,map,base_link,1.488140,-3.699643,-1.465804,0.676626,-3.247516,map,0.676626,-3.247516,-0.534683,-0.759663,0.928964,-2.184097,548,90,0,1.565422,0.994200,-0.999949,0.596520,-0.799959,,,off,policy_direct_scale,0.596520,-0.799959,0.596520,-0.799959,nan,nan,0,0,off,off
3,617,2026-08-21T16:19:29.858,1787300369.858459473,NAVIGATING,map,base_link,1.498229,-3.696592,-1.470660,0.676626,-3.247516,map,0.676626,-3.247516,-0.528962,-0.772594,0.936323,-2.171151,548,90,0,1.569527,0.994226,-0.999948,0.596535,-0.799958,,,off,policy_direct_scale,0.596535,-0.799958,0.596535,-0.799958,nan,nan,0,0,off,off
3,618,2026-08-21T16:19:45.098,1787300385.098248959,NAVIGATING,map,base_link,1.490238,-3.697691,-1.465260,0.676626,-3.247516,map,0.676626,-3.247516,-0.533376,-0.761664,0.929851,-2.181709,548,90,0,1.565778,0.994198,-0.999949,0.596519,-0.799959,,,off,policy_direct_scale,0.596519,-0.799959,0.596519,-0.799959,nan,nan,0,0,off,off
3,619,2026-08-21T16:20:00.059,1787300400.059425592,NAVIGATING,map,base_link,1.491621,-3.697637,-1.468629,0.676626,-3.247516,map,0.676626,-3.247516,-0.530895,-0.764837,0.931034,-2.177571,548,90,0,1.565801,0.994185,-0.999948,0.596511,-0.799959,,,off,policy_direct_scale,0.596511,-0.799959,0.596511,-0.799959,nan,nan,0,0,off,off
3,620,2026-08-21T16:23:40.220,1787300620.220907688,NAVIGATING,map,base_link,2.977980,-2.466049,1.389500,0.676626,-3.247516,map,0.676626,-3.247516,-1.183605,2.122734,2.430416,2.079444,548,90,0,1.572619,0.998073,0.999622,0.598844,0.799698,,,off,policy_direct_scale,0.598844,0.799698,0.598844,0.799698,nan,nan,0,0,off,off
3,621,2026-08-21T16:23:40.740,1787300620.740610361,NAVIGATING,map,base_link,2.920970,-2.286592,1.651313,0.676626,-3.247516,map,0.676626,-3.247516,-0.777298,2.314360,2.441404,1.894818,548,90,0,1.373474,0.996915,0.999523,0.598149,0.799618,,,off,policy_direct_scale,0.598149,0.799618,0.598149,0.799618,nan,nan,0,0,off,off
3,622,2026-08-21T16:23:41.301,1787300621.301610470,NAVIGATING,map,base_link,2.722217,-2.018139,2.054717,0.676626,-3.247516,map,0.676626,-3.247516,-0.136499,2.382683,2.386590,1.628022,548,90,0,1.128877,0.997916,0.999552,0.598749,0.799642,,,off,policy_direct_scale,0.598749,0.799642,0.598749,0.799642,nan,nan,0,0,off,off
3,623,2026-08-21T16:23:41.859,1787300621.859473944,NAVIGATING,map,base_link,2.434958,-1.839382,2.460888,0.676626,-3.247516,map,0.676626,-3.247516,0.480255,2.200893,2.252681,1.355955,548,90,0,0.980701,0.999551,0.997534,0.599731,0.798027,,,off,policy_direct_scale,0.599731,0.798027,0.599731,0.798027,nan,nan,0,0,off,off
3,624,2026-08-21T16:23:42.422,1787300622.422032833,NAVIGATING,map,base_link,2.140039,-1.770424,2.825067,0.676626,-3.247516,map,0.676626,-3.247516,0.930946,1.859226,2.079274,1.106575,548,90,0,1.055362,0.999632,0.989261,0.599779,0.791409,,,off,policy_direct_scale,0.599779,0.791409,0.599779,0.791409,nan,nan,0,0,off,off
3,625,2026-08-21T16:23:42.941,1787300622.941591978,NAVIGATING,map,base_link,1.792276,-1.832962,-3.095031,0.676626,-3.247516,map,0.676626,-3.247516,1.180281,1.361093,1.801565,0.856426,548,90,0,2.000000,0.999435,0.947340,0.599661,0.757872,,,off,policy_direct_scale,0.599661,0.757872,0.599661,0.757872,nan,nan,0,0,off,off
3,626,2026-08-21T16:23:43.459,1787300623.459506989,NAVIGATING,map,base_link,1.541576,-1.975796,-2.708308,0.676626,-3.247516,map,0.676626,-3.247516,1.318958,0.791050,1.537989,0.540238,548,90,0,2.000000,0.999382,0.732602,0.599629,0.586082,,,off,policy_direct_scale,0.599629,0.586082,0.599629,0.586082,nan,nan,0,0,off,off
3,627,2026-08-21T16:23:43.978,1787300623.978559494,NAVIGATING,map,base_link,1.320209,-2.203511,-2.437992,0.676626,-3.247516,map,0.676626,-3.247516,1.166181,0.379695,1.226436,0.314764,548,90,0,2.000000,0.999238,0.303196,0.599543,0.242557,,,off,policy_direct_scale,0.599543,0.242557,0.599543,0.242557,nan,nan,0,0,off,off
3,628,2026-08-21T16:23:44.498,1787300624.498479366,NAVIGATING,map,base_link,1.126931,-2.468694,-2.333820,0.676626,-3.247516,map,0.676626,-3.247516,0.874103,0.212794,0.899632,0.238797,548,90,0,2.000000,0.999032,0.148909,0.599419,0.119127,,,off,policy_direct_scale,0.599419,0.119127,0.599419,0.119127,nan,nan,0,0,off,off
3,629,2026-08-21T16:23:45.020,1787300625.020658970,NAVIGATING,map,base_link,0.978467,-2.700719,-2.282211,0.676626,-3.247516,map,0.676626,-3.247516,0.611239,0.128381,0.624576,0.207025,548,90,0,2.000000,0.998796,0.110175,0.599277,0.088140,,,off,policy_direct_scale,0.599277,0.088140,0.599277,0.088140,nan,nan,0,0,off,off
3,630,2026-08-21T16:23:45.538,1787300625.538661718,NAVIGATING,map,base_link,0.811050,-2.913225,-2.232761,0.676626,-3.247516,map,0.676626,-3.247516,0.346310,0.099446,0.360306,0.279635,548,90,0,2.000000,0.998538,0.363369,0.599123,0.290695,,,off,policy_direct_scale,0.599123,0.290695,0.599123,0.290695,nan,nan,0,0,off,off
3,631,2026-08-21T16:23:46.059,1787300626.059367895,NAVIGATING,map,base_link,0.697766,-3.139440,-2.081869,1.185200,-4.828643,map,1.185200,-4.828643,1.234946,1.251361,1.758123,0.792000,548,90,0,2.000000,0.999432,0.926163,0.599659,0.740930,,,off,policy_direct_scale,0.599659,0.740930,0.599659,0.740930,nan,nan,0,0,off,off
3,632,2026-08-21T16:23:46.578,1787300626.578281641,NAVIGATING,map,base_link,0.662284,-3.403613,-1.750363,1.185200,-4.828643,map,1.185200,-4.828643,1.308723,0.769023,1.517943,0.531262,548,90,0,2.000000,0.999375,0.721894,0.599625,0.577515,,,off,policy_direct_scale,0.599625,0.577515,0.599625,0.577515,nan,nan,0,0,off,off
3,633,2026-08-21T16:23:47.098,1787300627.098746777,NAVIGATING,map,base_link,0.716642,-3.685096,-1.528642,1.185200,-4.828643,map,1.185200,-4.828643,1.162277,0.419951,1.235818,0.346722,548,90,0,2.000000,0.999248,0.387906,0.599549,0.310325,,,off,policy_direct_scale,0.599549,0.310325,0.599549,0.310325,nan,nan,0,0,off,off
3,634,2026-08-21T16:23:47.618,1787300627.618571043,NAVIGATING,map,base_link,0.828071,-4.054877,-1.374616,1.185200,-4.828643,map,1.185200,-4.828643,0.828537,0.199453,0.852206,0.236235,548,90,0,2.000000,0.998998,0.151060,0.599399,0.120848,,,off,policy_direct_scale,0.599399,0.120848,0.599399,0.120848,nan,nan,0,0,off,off
3,635,2026-08-21T16:23:48.138,1787300628.138602495,NAVIGATING,map,base_link,0.928652,-4.341023,-1.306855,1.185200,-4.828643,map,1.185200,-4.828643,0.537664,0.120450,0.550991,0.220386,548,90,0,2.000000,0.998728,0.164550,0.599237,0.131640,,,off,policy_direct_scale,0.599237,0.131640,0.599237,0.131640,nan,nan,0,0,off,off
3,636,2026-08-21T16:23:48.655,1787300628.655543566,REACHED,map,base_link,1.078442,-4.653916,-1.221909,1.185200,-4.828643,map,1.185200,-4.828643,0.200696,0.040596,0.204761,0.199581,548,-1,-1,nan,0.000000,0.000000,0.000000,0.000000,,,off,policy_direct_scale,nan,nan,nan,nan,nan,nan,0,0,not_evaluated,not_evaluated
3,637,2026-08-21T16:23:49.180,1787300629.180613041,NAVIGATING,map,base_link,1.210345,-4.895290,-1.190052,2.507954,-6.498310,map,2.507954,-6.498310,1.970431,0.608984,2.062392,0.299749,548,90,0,2.000000,0.999507,0.071955,0.599704,0.057564,,,off,policy_direct_scale,0.599704,0.057564,0.599704,0.057564,nan,nan,0,0,off,off
3,638,2026-08-21T16:23:49.701,1787300629.701631546,NAVIGATING,map,base_link,1.301162,-5.107922,-1.167648,2.507954,-6.498310,map,2.507954,-6.498310,1.752365,0.564573,1.841067,0.311677,548,90,0,2.000000,0.999456,0.160837,0.599673,0.128669,,,off,policy_direct_scale,0.599673,0.128669,0.599673,0.128669,nan,nan,0,0,off,off
3,639,2026-08-21T16:23:50.302,1787300630.302557230,NAVIGATING,map,base_link,1.465406,-5.387460,-1.110490,2.507954,-6.498310,map,2.507954,-6.498310,1.458352,0.440572,1.523448,0.293385,548,90,0,2.000000,0.999356,0.178225,0.599614,0.142580,,,off,policy_direct_scale,0.599614,0.142580,0.599614,0.142580,nan,nan,0,0,off,off
3,640,2026-08-21T16:23:50.818,1787300630.818422318,NAVIGATING,map,base_link,1.650745,-5.640267,-1.050481,2.507954,-6.498310,map,2.507954,-6.498310,1.170656,0.317188,1.212866,0.264596,548,90,0,2.000000,0.999222,0.159968,0.599533,0.127975,,,off,policy_direct_scale,0.599533,0.127975,0.599533,0.127975,nan,nan,0,0,off,off
3,641,2026-08-21T16:23:51.338,1787300631.338608503,NAVIGATING,map,base_link,1.804580,-5.883017,-0.972487,2.507954,-6.498310,map,2.507954,-6.498310,0.904583,0.234629,0.934516,0.253786,548,90,0,1.827473,0.998994,0.266054,0.599396,0.212844,,,off,policy_direct_scale,0.599396,0.212844,0.599396,0.212844,nan,nan,0,0,off,off
3,642,2026-08-21T16:23:51.898,1787300631.898875952,NAVIGATING,map,base_link,2.010724,-6.099922,-0.856581,2.507954,-6.498310,map,2.507954,-6.498310,0.626723,0.114757,0.637143,0.181100,548,90,0,1.611015,0.998800,0.107678,0.599280,0.086142,,,off,policy_direct_scale,0.599280,0.086142,0.599280,0.086142,nan,nan,0,0,off,off
3,643,2026-08-21T16:23:52.420,1787300632.420411825,NAVIGATING,map,base_link,2.235474,-6.309735,-0.805176,2.507954,-6.498310,map,2.507954,-6.498310,0.324778,0.065766,0.331369,0.199793,548,90,0,1.552643,0.998511,0.233386,0.599107,0.186709,,,off,policy_direct_scale,0.599107,0.186709,0.599107,0.186709,nan,nan,0,0,off,off
3,644,2026-08-21T16:23:52.941,1787300632.941190958,NAVIGATING,map,base_link,2.287660,-6.336007,-0.783774,2.507954,-6.498310,map,2.507954,-6.498310,0.270604,0.040566,0.273627,0.148803,548,90,0,1.522262,0.998406,0.098415,0.599044,0.078732,,,off,policy_direct_scale,0.599044,0.078732,0.599044,0.078732,nan,nan,0,0,off,off
3,645,2026-08-21T16:23:53.457,1787300633.457814932,NAVIGATING,map,base_link,2.262194,-6.313677,-0.787251,2.507954,-6.498310,map,2.507954,-6.498310,0.304254,0.043787,0.307388,0.142934,548,90,0,1.513893,0.998464,0.081713,0.599078,0.065370,,,off,policy_direct_scale,0.599078,0.065370,0.599078,0.065370,nan,nan,0,0,off,off
3,646,2026-08-21T16:23:53.979,1787300633.978977919,NAVIGATING,map,base_link,2.223945,-6.293849,-0.789472,2.507954,-6.498310,map,2.507954,-6.498310,0.345168,0.057655,0.349950,0.165508,548,90,0,1.565524,0.998518,0.125771,0.599111,0.100616,,,off,policy_direct_scale,0.599111,0.100616,0.599111,0.100616,nan,nan,0,0,off,off
3,647,2026-08-21T16:23:54.498,1787300634.498406410,NAVIGATING,map,base_link,2.219746,-6.294940,-0.788424,2.507954,-6.498310,map,2.507954,-6.498310,0.347415,0.061040,0.352737,0.173924,548,90,0,1.520950,0.998534,0.160240,0.599121,0.128192,,,off,policy_direct_scale,0.599121,0.128192,0.599121,0.128192,nan,nan,0,0,off,off
3,648,2026-08-21T16:23:55.019,1787300635.019957304,NAVIGATING,map,base_link,2.156451,-6.340556,-1.186294,2.507954,-6.498310,map,2.507954,-6.498310,0.278084,0.266665,0.385280,0.764439,548,90,0,1.544212,0.998511,0.967620,0.599106,0.774096,,,off,policy_direct_scale,0.599106,0.774096,0.599106,0.774096,nan,nan,0,0,off,off
3,649,2026-08-21T16:23:55.538,1787300635.538146019,NAVIGATING,map,base_link,2.070203,-6.334539,-1.827234,2.507954,-6.498310,map,2.507954,-6.498310,0.047386,0.464974,0.467382,1.469236,548,90,0,1.528492,0.998550,0.997744,0.599130,0.798195,,,off,policy_direct_scale,0.599130,0.798195,0.599130,0.798195,nan,nan,0,0,off,off
3,650,2026-08-21T16:23:56.059,1787300636.059141397,NAVIGATING,map,base_link,1.992508,-6.286717,-2.337729,2.507954,-6.498310,map,2.507954,-6.498310,-0.205327,0.517974,0.557186,1.948200,548,90,0,1.527295,0.998449,0.999634,0.599069,0.799707,,,off,policy_direct_scale,0.599069,0.799707,0.599069,0.799707,nan,nan,0,0,off,off
3,651,2026-08-21T16:23:56.818,1787300636.818625450,NAVIGATING,map,base_link,1.967137,-5.981409,2.947914,2.507954,-6.498310,map,2.507954,-6.498310,-0.630193,0.403145,0.748111,2.572480,548,90,0,1.460797,0.998270,0.999942,0.598962,0.799954,,,off,policy_direct_scale,0.598962,0.799954,0.598962,0.799954,nan,nan,0,0,off,off
3,652,2026-08-21T16:23:57.338,1787300637.338084936,NAVIGATING,map,base_link,2.023716,-5.797958,2.186219,2.507954,-6.498310,map,2.507954,-6.498310,-0.851410,0.008921,0.851457,3.131115,548,90,0,1.773159,0.996709,0.999979,0.598025,0.799983,,,off,policy_direct_scale,0.598025,0.799983,0.598025,0.799983,nan,nan,0,0,off,off
3,653,2026-08-21T16:23:57.861,1787300637.861835480,NAVIGATING,map,base_link,2.015204,-5.704776,2.158018,2.507954,-6.498310,map,2.507954,-6.498310,-0.933612,0.029452,0.934077,3.110057,548,90,0,2.000000,0.996564,0.999977,0.597938,0.799982,,,off,policy_direct_scale,0.597938,0.799982,0.597938,0.799982,nan,nan,0,0,off,off
3,654,2026-08-21T16:24:07.025,1787300647.025085926,NAVIGATING,map,base_link,2.677778,-2.120437,1.315397,2.507954,-6.498310,map,2.507954,-6.498310,-4.278768,-0.941675,4.381165,-2.924965,548,90,0,0.260760,-0.982695,-0.999650,-0.589617,-0.799720,,,off,policy_direct_scale,-0.589617,-0.799720,-0.589617,-0.799720,nan,nan,0,0,off,off
3,655,2026-08-21T16:24:07.538,1787300647.538183689,NAVIGATING,map,base_link,2.659901,-2.255402,1.377501,2.507954,-6.498310,map,2.507954,-6.498310,-4.193079,-0.665921,4.245628,-2.984094,548,90,0,0.260568,-0.978731,-0.999773,-0.587238,-0.799819,,,off,policy_direct_scale,-0.587238,-0.799819,-0.587238,-0.799819,nan,nan,0,0,off,off
3,656,2026-08-21T16:24:25.431,1787300665.431544065,NAVIGATING,map,base_link,1.462569,-3.630908,-1.490718,2.507954,-6.498310,map,2.507954,-6.498310,2.941837,0.812662,3.052020,0.269521,548,90,0,1.577342,0.999543,-0.287793,0.599726,-0.230234,,,off,policy_direct_scale,0.599726,-0.230234,0.599726,-0.230234,nan,nan,0,0,off,off
3,657,2026-08-21T16:24:25.938,1787300665.938402891,NAVIGATING,map,base_link,1.459900,-3.647588,-1.490635,2.507954,-6.498310,map,2.507954,-6.498310,2.925492,0.816415,3.037274,0.272145,548,90,0,1.577861,0.999544,-0.278257,0.599726,-0.222606,,,off,policy_direct_scale,0.599726,-0.222606,0.599726,-0.222606,nan,nan,0,0,off,off
3,658,2026-08-21T16:24:26.462,1787300666.462455034,NAVIGATING,map,base_link,1.462532,-3.668418,-1.490900,2.507954,-6.498310,map,2.507954,-6.498310,2.904301,0.816230,3.016819,0.273974,548,90,0,1.556681,0.999538,-0.270753,0.599723,-0.216603,,,off,policy_direct_scale,0.599723,-0.216603,0.599723,-0.216603,nan,nan,0,0,off,off
3,659,2026-08-21T16:24:26.978,1787300666.978377819,NAVIGATING,map,base_link,1.471736,-3.681176,-1.491306,2.507954,-6.498310,map,2.507954,-6.498310,2.890521,0.809246,3.001665,0.272977,548,90,0,1.570489,0.999544,-0.270690,0.599727,-0.216552,,,off,policy_direct_scale,0.599727,-0.216552,0.599727,-0.216552,nan,nan,0,0,off,off
3,660,2026-08-21T16:24:27.499,1787300667.499184132,NAVIGATING,map,base_link,1.474022,-3.684989,-1.491324,2.507954,-6.498310,map,2.507954,-6.498310,2.886523,0.807323,2.997297,0.272719,548,90,0,1.576808,0.999538,-0.270347,0.599723,-0.216278,,,off,policy_direct_scale,0.599723,-0.216278,0.599723,-0.216278,nan,nan,0,0,off,off
3,661,2026-08-21T16:24:30.659,1787300670.659270287,NAVIGATING,map,base_link,1.476817,-3.663559,-1.491152,2.507954,-6.498310,map,2.507954,-6.498310,2.907802,0.802335,3.016464,0.269226,548,90,0,1.576305,0.999542,-0.284549,0.599725,-0.227639,,,off,policy_direct_scale,0.599725,-0.227639,0.599725,-0.227639,nan,nan,0,0,off,off
3,662,2026-08-21T16:24:31.221,1787300671.221570253,NAVIGATING,map,base_link,1.473696,-3.662959,-1.494024,2.507954,-6.498310,map,2.507954,-6.498310,2.906325,0.813748,3.018097,0.273001,548,90,0,1.558331,0.999536,-0.271427,0.599721,-0.217141,,,off,policy_direct_scale,0.599721,-0.217141,0.599721,-0.217141,nan,nan,0,0,off,off
3,663,2026-08-21T16:24:31.741,1787300671.741098404,NAVIGATING,map,base_link,1.468363,-3.664606,-1.492300,2.507954,-6.498310,map,2.507954,-6.498310,2.906499,0.814183,3.018382,0.273124,548,90,0,1.561809,0.999541,-0.273354,0.599725,-0.218683,,,off,policy_direct_scale,0.599725,-0.218683,0.599725,-0.218683,nan,nan,0,0,off,off
3,664,2026-08-21T16:24:32.262,1787300672.262532949,NAVIGATING,map,base_link,1.463803,-3.669715,-1.491775,2.507954,-6.498310,map,2.507954,-6.498310,2.902192,0.817605,3.015162,0.274603,548,90,0,1.572128,0.999544,-0.268105,0.599726,-0.214484,,,off,policy_direct_scale,0.599726,-0.214484,0.599726,-0.214484,nan,nan,0,0,off,off
3,665,2026-08-21T16:24:32.781,1787300672.781343699,NAVIGATING,map,base_link,1.467782,-3.669057,-1.493008,2.507954,-6.498310,map,2.507954,-6.498310,2.901529,0.817166,3.014404,0.274522,548,90,0,1.576375,0.999544,-0.269596,0.599727,-0.215677,,,off,policy_direct_scale,0.599727,-0.215677,0.599727,-0.215677,nan,nan,0,0,off,off
3,666,2026-08-21T16:24:35.418,1787300675.418759346,NAVIGATING,map,base_link,1.468253,-3.663161,-1.490991,2.507954,-6.498310,map,2.507954,-6.498310,2.909011,0.810372,3.019776,0.271685,548,90,0,1.576938,0.999546,-0.278380,0.599728,-0.222704,,,off,policy_direct_scale,0.599728,-0.222704,0.599728,-0.222704,nan,nan,0,0,off,off
3,667,2026-08-21T16:24:35.942,1787300675.941989422,NAVIGATING,map,base_link,1.473163,-3.662242,-1.492737,2.507954,-6.498310,map,2.507954,-6.498310,2.908125,0.810483,3.018952,0.271799,548,90,0,1.577402,0.999541,-0.275445,0.599725,-0.220356,,,off,policy_direct_scale,0.599725,-0.220356,0.599725,-0.220356,nan,nan,0,0,off,off
3,668,2026-08-21T16:24:36.459,1787300676.459513187,NAVIGATING,map,base_link,1.472173,-3.664133,-1.490747,2.507954,-6.498310,map,2.507954,-6.498310,2.907927,0.805832,3.017516,0.270332,548,90,0,1.569466,0.999538,-0.279112,0.599723,-0.223290,,,off,policy_direct_scale,0.599723,-0.223290,0.599723,-0.223290,nan,nan,0,0,off,off
3,669,2026-08-21T16:24:37.021,1787300677.021205425,NAVIGATING,map,base_link,1.469525,-3.669245,-1.490436,2.507954,-6.498310,map,2.507954,-6.498310,2.903294,0.807979,3.013627,0.271429,548,90,0,1.567043,0.999543,-0.275717,0.599726,-0.220574,,,off,policy_direct_scale,0.599726,-0.220574,0.599726,-0.220574,nan,nan,0,0,off,off
3,670,2026-08-21T16:24:37.538,1787300677.538636208,NAVIGATING,map,base_link,1.470195,-3.666365,-1.491019,2.507954,-6.498310,map,2.507954,-6.498310,2.905639,0.808775,3.016100,0.271475,548,90,0,1.577873,0.999545,-0.277244,0.599727,-0.221796,,,off,policy_direct_scale,0.599727,-0.221796,0.599727,-0.221796,nan,nan,0,0,off,off
3,671,2026-08-21T16:24:40.578,1787300680.578507185,NAVIGATING,map,base_link,1.470885,-3.672756,-1.491858,2.507954,-6.498310,map,2.507954,-6.498310,2.898535,0.811028,3.009862,0.272829,548,90,0,1.571262,0.999540,-0.271360,0.599724,-0.217088,,,off,policy_direct_scale,0.599724,-0.217088,0.599724,-0.217088,nan,nan,0,0,off,off
3,672,2026-08-21T16:24:41.098,1787300681.098698854,NAVIGATING,map,base_link,1.465385,-3.672765,-1.490105,2.507954,-6.498310,map,2.507954,-6.498310,2.900386,0.811428,3.011753,0.272791,548,90,0,1.561561,0.999542,-0.272688,0.599725,-0.218151,,,off,policy_direct_scale,0.599725,-0.218151,0.599725,-0.218151,nan,nan,0,0,off,off
3,673,2026-08-21T16:24:41.657,1787300681.657893896,NAVIGATING,map,base_link,1.473325,-3.671128,-1.492980,2.507954,-6.498310,map,2.507954,-6.498310,2.899057,0.811719,3.010551,0.273003,548,90,0,1.559005,0.999539,-0.268790,0.599724,-0.215032,,,off,policy_direct_scale,0.599724,-0.215032,0.599724,-0.215032,nan,nan,0,0,off,off
3,674,2026-08-21T16:24:42.178,1787300682.178012133,NAVIGATING,map,base_link,1.475236,-3.672528,-1.490444,2.507954,-6.498310,map,2.507954,-6.498310,2.899557,0.802573,3.008580,0.270031,548,90,0,1.575071,0.999540,-0.279918,0.599724,-0.223934,,,off,policy_direct_scale,0.599724,-0.223934,0.599724,-0.223934,nan,nan,0,0,off,off
3,675,2026-08-21T16:24:42.700,1787300682.700222731,NAVIGATING,map,base_link,1.476913,-3.672654,-1.490395,2.507954,-6.498310,map,2.507954,-6.498310,2.899335,0.800769,3.007885,0.269473,548,90,0,1.572938,0.999541,-0.281436,0.599725,-0.225148,,,off,policy_direct_scale,0.599725,-0.225148,0.599725,-0.225148,nan,nan,0,0,off,off
3,676,2026-08-21T16:24:45.142,1787300685.142873526,NAVIGATING,map,base_link,1.473515,-3.665234,-1.491575,2.507954,-6.498310,map,2.507954,-6.498310,2.906055,0.806987,3.016021,0.270867,548,90,0,1.568819,0.999544,-0.278436,0.599727,-0.222749,,,off,policy_direct_scale,0.599727,-0.222749,0.599727,-0.222749,nan,nan,0,0,off,off
3,677,2026-08-21T16:24:45.659,1787300685.659663439,NAVIGATING,map,base_link,1.471871,-3.666226,-1.493899,2.507954,-6.498310,map,2.507954,-6.498310,2.903309,0.815455,3.015654,0.273816,548,90,0,1.568733,0.999545,-0.272574,0.599727,-0.218059,,,off,policy_direct_scale,0.599727,-0.218059,0.599727,-0.218059,nan,nan,0,0,off,off
3,678,2026-08-21T16:24:46.218,1787300686.218234062,NAVIGATING,map,base_link,1.462961,-3.664897,-1.490774,2.507954,-6.498310,map,2.507954,-6.498310,2.907879,0.815156,3.019974,0.273312,548,90,0,1.570970,0.999542,-0.274247,0.599725,-0.219398,,,off,policy_direct_scale,0.599725,-0.219398,0.599725,-0.219398,nan,nan,0,0,off,off
3,679,2026-08-21T16:24:46.742,1787300686.742779255,NAVIGATING,map,base_link,1.470887,-3.668618,-1.492795,2.507954,-6.498310,map,2.507954,-6.498310,2.901898,0.813418,3.013746,0.273292,548,90,0,1.561633,0.999543,-0.273863,0.599726,-0.219091,,,off,policy_direct_scale,0.599726,-0.219091,0.599726,-0.219091,nan,nan,0,0,off,off
3,680,2026-08-21T16:24:47.257,1787300687.257803202,NAVIGATING,map,base_link,1.469825,-3.670674,-1.492258,2.507954,-6.498310,map,2.507954,-6.498310,2.900369,0.813078,3.012181,0.273320,548,90,0,1.569000,0.999552,-0.274513,0.599731,-0.219611,,,off,policy_direct_scale,0.599731,-0.219611,0.599731,-0.219611,nan,nan,0,0,off,off
3,681,2026-08-21T16:24:47.783,1787300687.783948898,NAVIGATING,map,base_link,1.473310,-3.672122,-1.490424,2.507954,-6.498310,map,2.507954,-6.498310,2.900132,0.804402,3.009622,0.270566,548,90,0,1.563764,0.999537,-0.277124,0.599722,-0.221699,,,off,policy_direct_scale,0.599722,-0.221699,0.599722,-0.221699,nan,nan,0,0,off,off
3,682,2026-08-21T16:24:48.298,1787300688.298514128,NAVIGATING,map,base_link,1.475796,-3.669608,-1.491418,2.507954,-6.498310,map,2.507954,-6.498310,2.901639,0.804607,3.011130,0.270498,548,90,0,1.578345,0.999541,-0.280039,0.599725,-0.224031,,,off,policy_direct_scale,0.599725,-0.224031,0.599725,-0.224031,nan,nan,0,0,off,off
3,683,2026-08-21T16:24:50.104,1787300690.104001045,NAVIGATING,map,base_link,1.465141,-3.663449,-1.490268,2.507954,-6.498310,map,2.507954,-6.498310,2.909559,0.811393,3.020578,0.271962,548,90,0,1.579566,0.999543,-0.276840,0.599726,-0.221472,,,off,policy_direct_scale,0.599726,-0.221472,0.599726,-0.221472,nan,nan,0,0,off,off
3,684,2026-08-21T16:24:50.778,1787300690.778545618,NAVIGATING,map,base_link,1.464508,-3.665021,-1.491518,2.507954,-6.498310,map,2.507954,-6.498310,2.907026,0.815785,3.019322,0.273588,548,90,0,1.575615,0.999544,-0.271816,0.599726,-0.217453,,,off,policy_direct_scale,0.599726,-0.217453,0.599726,-0.217453,nan,nan,0,0,off,off
3,685,2026-08-21T16:24:51.298,1787300691.298377991,NAVIGATING,map,base_link,1.462418,-3.661719,-1.491241,2.507954,-6.498310,map,2.507954,-6.498310,2.910710,0.816801,3.023143,0.273583,548,90,0,1.572460,0.999547,-0.273248,0.599728,-0.218599,,,off,policy_direct_scale,0.599728,-0.218599,0.599728,-0.218599,nan,nan,0,0,off,off
3,686,2026-08-21T16:24:51.899,1787300691.899353504,NAVIGATING,map,base_link,1.470782,-3.675771,-1.490537,2.507954,-6.498310,map,2.507954,-6.498310,2.896606,0.807543,3.007067,0.271886,548,90,0,1.577485,0.999546,-0.279466,0.599727,-0.223573,,,off,policy_direct_scale,0.599727,-0.223573,0.599727,-0.223573,nan,nan,0,0,off,off
3,687,2026-08-21T16:24:52.418,1787300692.418875694,NAVIGATING,map,base_link,1.470756,-3.669726,-1.490480,2.507954,-6.498310,map,2.507954,-6.498310,2.902680,0.806917,3.012751,0.271144,548,90,0,1.570287,0.999543,-0.276908,0.599726,-0.221526,,,off,policy_direct_scale,0.599726,-0.221526,0.599726,-0.221526,nan,nan,0,0,off,off
3,688,2026-08-21T16:24:52.941,1787300692.941118479,NAVIGATING,map,base_link,1.475390,-3.668257,-1.491804,2.507954,-6.498310,map,2.507954,-6.498310,2.902708,0.806023,3.012539,0.270856,548,90,0,1.575893,0.999544,-0.278548,0.599727,-0.222838,,,off,policy_direct_scale,0.599727,-0.222838,0.599727,-0.222838,nan,nan,0,0,off,off
3,689,2026-08-21T16:24:55.540,1787300695.540685415,NAVIGATING,map,base_link,1.469769,-3.673149,-1.490547,2.507954,-6.498310,map,2.507954,-6.498310,2.899294,0.808369,3.009878,0.271910,548,90,0,1.567378,0.999545,-0.275157,0.599727,-0.220125,,,off,policy_direct_scale,0.599727,-0.220125,0.599727,-0.220125,nan,nan,0,0,off,off
3,690,2026-08-21T16:24:56.063,1787300696.063944817,NAVIGATING,map,base_link,1.466937,-3.670157,-1.490313,2.507954,-6.498310,map,2.507954,-6.498310,2.902692,0.810275,3.013663,0.272217,548,90,0,1.568076,0.999533,-0.273105,0.599720,-0.218484,,,off,policy_direct_scale,0.599720,-0.218484,0.599720,-0.218484,nan,nan,0,0,off,off
3,691,2026-08-21T16:24:56.618,1787300696.618142366,NAVIGATING,map,base_link,1.466214,-3.668726,-1.490731,2.507954,-6.498310,map,2.507954,-6.498310,2.903837,0.812093,3.015256,0.272695,548,90,0,1.572028,0.999539,-0.274252,0.599724,-0.219401,,,off,policy_direct_scale,0.599724,-0.219401,0.599724,-0.219401,nan,nan,0,0,off,off
3,692,2026-08-21T16:24:57.139,1787300697.139239073,NAVIGATING,map,base_link,1.463663,-3.668375,-1.489886,2.507954,-6.498310,map,2.507954,-6.498310,2.905079,0.812152,3.016468,0.272603,548,90,0,1.566799,0.999542,-0.272939,0.599725,-0.218351,,,off,policy_direct_scale,0.599725,-0.218351,0.599725,-0.218351,nan,nan,0,0,off,off
3,693,2026-08-21T16:24:57.698,1787300697.698902130,NAVIGATING,map,base_link,1.471003,-3.661701,-1.493284,2.507954,-6.498310,map,2.507954,-6.498310,2.908387,0.814187,3.020201,0.272957,548,90,0,1.574447,0.999548,-0.274076,0.599729,-0.219261,,,off,policy_direct_scale,0.599729,-0.219261,0.599729,-0.219261,nan,nan,0,0,off,off
3,694,2026-08-21T16:25:00.464,1787300700.464669466,NAVIGATING,map,base_link,1.466576,-3.659101,-1.491449,2.507954,-6.498310,map,2.507954,-6.498310,2.912820,0.813056,3.024166,0.272202,548,90,0,1.574019,0.999537,-0.275346,0.599722,-0.220277,,,off,policy_direct_scale,0.599722,-0.220277,0.599722,-0.220277,nan,nan,0,0,off,off
3,695,2026-08-21T16:25:01.022,1787300701.022301435,NAVIGATING,map,base_link,1.464687,-3.661364,-1.489585,2.507954,-6.498310,map,2.507954,-6.498310,2.912228,0.809688,3.022692,0.271181,548,90,0,1.574406,0.999539,-0.278957,0.599724,-0.223165,,,off,policy_direct_scale,0.599724,-0.223165,0.599724,-0.223165,nan,nan,0,0,off,off
3,696,2026-08-21T16:25:01.542,1787300701.542167664,NAVIGATING,map,base_link,1.466806,-3.665265,-1.491982,2.507954,-6.498310,map,2.507954,-6.498310,2.906223,0.814863,3.018300,0.273366,548,90,0,1.567391,0.999545,-0.273032,0.599727,-0.218426,,,off,policy_direct_scale,0.599727,-0.218426,0.599727,-0.218426,nan,nan,0,0,off,off
3,697,2026-08-21T16:25:02.058,1787300702.058106661,NAVIGATING,map,base_link,1.466871,-3.669196,-1.491817,2.507954,-6.498310,map,2.507954,-6.498310,2.902433,0.814629,3.014588,0.273631,548,90,0,1.566016,0.999543,-0.271115,0.599726,-0.216892,,,off,policy_direct_scale,0.599726,-0.216892,0.599726,-0.216892,nan,nan,0,0,off,off
3,698,2026-08-21T16:25:02.618,1787300702.618233919,NAVIGATING,map,base_link,1.470596,-3.668315,-1.491255,2.507954,-6.498310,map,2.507954,-6.498310,2.903473,0.809215,3.014131,0.271808,548,90,0,1.573536,0.999545,-0.276203,0.599727,-0.220962,,,off,policy_direct_scale,0.599727,-0.220962,0.599727,-0.220962,nan,nan,0,0,off,off
3,699,2026-08-21T16:25:05.338,1787300705.338248730,NAVIGATING,map,base_link,1.474196,-3.663952,-1.491730,2.507954,-6.498310,map,2.507954,-6.498310,2.907154,0.806659,3.016992,0.270665,548,90,0,1.572296,0.999541,-0.278599,0.599725,-0.222879,,,off,policy_direct_scale,0.599725,-0.222879,0.599725,-0.222879,nan,nan,0,0,off,off
3,700,2026-08-21T16:25:05.857,1787300705.857746840,NAVIGATING,map,base_link,1.470276,-3.662716,-1.489946,2.507954,-6.498310,map,2.507954,-6.498310,2.910137,0.805279,3.019498,0.269960,548,90,0,1.569322,0.999541,-0.283336,0.599725,-0.226668,,,off,policy_direct_scale,0.599725,-0.226668,0.599725,-0.226668,nan,nan,0,0,off,off
3,701,2026-08-21T16:25:06.422,1787300706.422241926,NAVIGATING,map,base_link,1.469647,-3.669903,-1.492121,2.507954,-6.498310,map,2.507954,-6.498310,2.901263,0.812800,3.012967,0.273151,548,90,0,1.565985,0.999542,-0.273252,0.599725,-0.218602,,,off,policy_direct_scale,0.599725,-0.218602,0.599725,-0.218602,nan,nan,0,0,off,off
3,702,2026-08-21T16:25:06.939,1787300706.939201355,NAVIGATING,map,base_link,1.463206,-3.670105,-1.490474,2.507954,-6.498310,map,2.507954,-6.498310,2.902913,0.814455,3.015003,0.273532,548,90,0,1.576797,0.999544,-0.271898,0.599726,-0.217518,,,off,policy_direct_scale,0.599726,-0.217518,0.599726,-0.217518,nan,nan,0,0,off,off
3,703,2026-08-21T16:25:07.458,1787300707.458492279,NAVIGATING,map,base_link,1.462878,-3.665591,-1.489579,2.507954,-6.498310,map,2.507954,-6.498310,2.908167,0.811819,3.019351,0.272222,548,90,0,1.571868,0.999543,-0.275662,0.599726,-0.220530,,,off,policy_direct_scale,0.599726,-0.220530,0.599726,-0.220530,nan,nan,0,0,off,off
3,704,2026-08-21T16:25:08.021,1787300708.021947861,NAVIGATING,map,base_link,1.466572,-3.661765,-1.489555,2.507954,-6.498310,map,2.507954,-6.498310,2.911699,0.807756,3.021666,0.270612,548,90,0,1.577275,0.999543,-0.280808,0.599726,-0.224646,,,off,policy_direct_scale,0.599726,-0.224646,0.599726,-0.224646,nan,nan,0,0,off,off
3,705,2026-08-21T16:25:10.779,1787300710.779301167,NAVIGATING,map,base_link,1.473603,-3.663546,-1.491928,2.507954,-6.498310,map,2.507954,-6.498310,2.907445,0.807796,3.017577,0.271002,548,90,0,1.574700,0.999546,-0.279013,0.599727,-0.223210,,,off,policy_direct_scale,0.599727,-0.223210,0.599727,-0.223210,nan,nan,0,0,off,off
3,706,2026-08-21T16:25:11.300,1787300711.300519466,NAVIGATING,map,base_link,1.466943,-3.664689,-1.490904,2.507954,-6.498310,map,2.507954,-6.498310,2.907663,0.811546,3.018793,0.272179,548,90,0,1.574337,0.999544,-0.276367,0.599726,-0.221093,,,off,policy_direct_scale,0.599726,-0.221093,0.599726,-0.221093,nan,nan,0,0,off,off
3,707,2026-08-21T16:25:11.860,1787300711.860514402,NAVIGATING,map,base_link,1.471024,-3.665799,-1.491827,2.507954,-6.498310,map,2.507954,-6.498310,2.905484,0.810249,3.016346,0.271960,548,90,0,1.567587,0.999541,-0.275447,0.599725,-0.220358,,,off,policy_direct_scale,0.599725,-0.220358,0.599725,-0.220358,nan,nan,0,0,off,off
3,708,2026-08-21T16:25:12.423,1787300712.423753500,NAVIGATING,map,base_link,1.466526,-3.668450,-1.491343,2.507954,-6.498310,map,2.507954,-6.498310,2.903590,0.813538,3.015407,0.273179,548,90,0,1.566521,0.999540,-0.272462,0.599724,-0.217970,,,off,policy_direct_scale,0.599724,-0.217970,0.599724,-0.217970,nan,nan,0,0,off,off
3,709,2026-08-21T16:25:15.424,1787300715.424616814,NAVIGATING,map,base_link,1.464614,-3.667256,-1.489679,2.507954,-6.498310,map,2.507954,-6.498310,2.906285,0.810513,3.017188,0.271973,548,90,0,1.575166,0.999547,-0.276149,0.599728,-0.220919,,,off,policy_direct_scale,0.599728,-0.220919,0.599728,-0.220919,nan,nan,0,0,off,off
3,710,2026-08-21T16:25:15.939,1787300715.938991547,NAVIGATING,map,base_link,1.466546,-3.668941,-1.490009,2.507954,-6.498310,map,2.507954,-6.498310,2.904182,0.809683,3.014940,0.271895,548,90,0,1.568958,0.999553,-0.275022,0.599732,-0.220018,,,off,policy_direct_scale,0.599732,-0.220018,0.599732,-0.220018,nan,nan,0,0,off,off
3,711,2026-08-21T16:25:16.458,1787300716.457983255,NAVIGATING,map,base_link,1.465400,-3.670627,-1.490685,2.507954,-6.498310,map,2.507954,-6.498310,2.902045,0.812925,3.013754,0.273121,548,90,0,1.579152,0.999548,-0.272508,0.599729,-0.218006,,,off,policy_direct_scale,0.599729,-0.218006,0.599729,-0.218006,nan,nan,0,0,off,off
3,712,2026-08-21T16:25:17.026,1787300717.026010752,NAVIGATING,map,base_link,1.467046,-3.665194,-1.491184,2.507954,-6.498310,map,2.507954,-6.498310,2.906924,0.812298,3.018283,0.272485,548,90,0,1.571672,0.999541,-0.276366,0.599725,-0.221092,,,off,policy_direct_scale,0.599725,-0.221092,0.599725,-0.221092,nan,nan,0,0,off,off
3,713,2026-08-21T16:25:17.539,1787300717.539162397,NAVIGATING,map,base_link,1.466861,-3.662620,-1.490642,2.507954,-6.498310,map,2.507954,-6.498310,2.909944,0.810702,3.020763,0.271707,548,90,0,1.568944,0.999547,-0.278577,0.599728,-0.222861,,,off,policy_direct_scale,0.599728,-0.222861,0.599728,-0.222861,nan,nan,0,0,off,off
3,714,2026-08-21T16:25:20.585,1787300720.585158348,NAVIGATING,map,base_link,1.465356,-3.661491,-1.489930,2.507954,-6.498310,map,2.507954,-6.498310,2.911768,0.810036,3.022342,0.271333,548,90,0,1.571211,0.999548,-0.280083,0.599729,-0.224066,,,off,policy_direct_scale,0.599729,-0.224066,0.599729,-0.224066,nan,nan,0,0,off,off
3,715,2026-08-21T16:25:21.102,1787300721.102949381,NAVIGATING,map,base_link,1.467294,-3.662585,-1.490037,2.507954,-6.498310,map,2.507954,-6.498310,2.910434,0.808506,3.020647,0.270964,548,90,0,1.572206,0.999541,-0.279022,0.599724,-0.223218,,,off,policy_direct_scale,0.599724,-0.223218,0.599724,-0.223218,nan,nan,0,0,off,off
3,716,2026-08-21T16:25:21.662,1787300721.662259579,NAVIGATING,map,base_link,1.470016,-3.670297,-1.491079,2.507954,-6.498310,map,2.507954,-6.498310,2.901686,0.809440,3.012470,0.272039,548,90,0,1.567484,0.999543,-0.275107,0.599726,-0.220085,,,off,policy_direct_scale,0.599726,-0.220085,0.599726,-0.220085,nan,nan,0,0,off,off
3,717,2026-08-21T16:25:22.179,1787300722.179741621,NAVIGATING,map,base_link,1.472282,-3.675750,-1.491421,2.507954,-6.498310,map,2.507954,-6.498310,2.895793,0.808606,3.006569,0.272299,548,90,0,1.558099,0.999542,-0.273538,0.599725,-0.218830,,,off,policy_direct_scale,0.599725,-0.218830,0.599725,-0.218830,nan,nan,0,0,off,off
3,718,2026-08-21T16:25:22.700,1787300722.700236320,NAVIGATING,map,base_link,1.470046,-3.670211,-1.492874,2.507954,-6.498310,map,2.507954,-6.498310,2.900312,0.814609,3.012540,0.273815,548,90,0,1.568987,0.999548,-0.270399,0.599729,-0.216319,,,off,policy_direct_scale,0.599729,-0.216319,0.599729,-0.216319,nan,nan,0,0,off,off
3,719,2026-08-21T16:25:25.463,1787300725.463426113,NAVIGATING,map,base_link,1.468383,-3.658250,-1.490433,2.507954,-6.498310,map,2.507954,-6.498310,2.914347,0.808227,3.024343,0.270528,548,90,0,1.566700,0.999542,-0.280946,0.599725,-0.224757,,,off,policy_direct_scale,0.599725,-0.224757,0.599725,-0.224757,nan,nan,0,0,off,off
3,720,2026-08-21T16:25:26.018,1787300726.018304110,NAVIGATING,map,base_link,1.459537,-3.668080,-1.491365,2.507954,-6.498310,map,2.507954,-6.498310,2.904496,0.820538,3.018175,0.275331,548,90,0,1.570958,0.999545,-0.267512,0.599727,-0.214009,,,off,policy_direct_scale,0.599727,-0.214009,0.599727,-0.214009,nan,nan,0,0,off,off
3,721,2026-08-21T16:25:26.540,1787300726.540882826,NAVIGATING,map,base_link,1.464650,-3.663989,-1.491473,2.507954,-6.498310,map,2.507954,-6.498310,2.908081,0.815431,3.020242,0.273381,548,90,0,1.576350,0.999547,-0.273838,0.599728,-0.219070,,,off,policy_direct_scale,0.599728,-0.219070,0.599728,-0.219070,nan,nan,0,0,off,off
3,722,2026-08-21T16:25:27.061,1787300727.061083317,NAVIGATING,map,base_link,1.472162,-3.668873,-1.490952,2.507954,-6.498310,map,2.507954,-6.498310,2.903038,0.806817,3.013068,0.271081,548,90,0,1.559359,0.999543,-0.276250,0.599726,-0.221000,,,off,policy_direct_scale,0.599726,-0.221000,0.599726,-0.221000,nan,nan,0,0,off,off
3,723,2026-08-21T16:25:27.623,1787300727.623151779,NAVIGATING,map,base_link,1.468706,-3.667674,-1.491238,2.507954,-6.498310,map,2.507954,-6.498310,2.904276,0.810999,3.015384,0.272307,548,90,0,1.576720,0.999544,-0.275357,0.599726,-0.220285,,,off,policy_direct_scale,0.599726,-0.220285,0.599726,-0.220285,nan,nan,0,0,off,off
3,724,2026-08-21T16:25:30.462,1787300730.462017536,NAVIGATING,map,base_link,1.465276,-3.674371,-1.490572,2.507954,-6.498310,map,2.507954,-6.498310,2.898415,0.813019,3.010283,0.273477,548,90,0,1.581597,0.999539,-0.269781,0.599724,-0.215825,,,off,policy_direct_scale,0.599724,-0.215825,0.599724,-0.215825,nan,nan,0,0,off,off
3,725,2026-08-21T16:25:31.059,1787300731.059124231,NAVIGATING,map,base_link,1.464951,-3.672924,-1.491310,2.507954,-6.498310,map,2.507954,-6.498310,2.899283,0.815365,3.011754,0.274149,548,90,0,1.573507,0.999541,-0.268985,0.599724,-0.215188,,,off,policy_direct_scale,0.599724,-0.215188,0.599724,-0.215188,nan,nan,0,0,off,off
3,726,2026-08-21T16:25:31.619,1787300731.619236946,NAVIGATING,map,base_link,1.477725,-3.677306,-1.491884,2.507954,-6.498310,map,2.507954,-6.498310,2.893439,0.804640,3.003237,0.271238,548,90,0,1.575926,0.999538,-0.274535,0.599723,-0.219628,,,off,policy_direct_scale,0.599723,-0.219628,0.599723,-0.219628,nan,nan,0,0,off,off
3,727,2026-08-21T16:25:32.141,1787300732.141818047,NAVIGATING,map,base_link,1.481998,-3.680025,-1.490619,2.507954,-6.498310,map,2.507954,-6.498310,2.891401,0.796939,2.999219,0.268946,548,90,0,1.563563,0.999535,-0.278533,0.599721,-0.222826,,,off,policy_direct_scale,0.599721,-0.222826,0.599721,-0.222826,nan,nan,0,0,off,off
3,728,2026-08-21T16:25:32.657,1787300732.657910824,NAVIGATING,map,base_link,1.472673,-3.671187,-1.489800,2.507954,-6.498310,map,2.507954,-6.498310,2.901617,0.803151,3.010719,0.270034,548,90,0,1.563042,0.999546,-0.279277,0.599728,-0.223421,,,off,policy_direct_scale,0.599728,-0.223421,0.599728,-0.223421,nan,nan,0,0,off,off
3,729,2026-08-21T16:25:35.143,1787300735.143384218,NAVIGATING,map,base_link,1.464330,-3.665273,-1.490955,2.507954,-6.498310,map,2.507954,-6.498310,2.907248,0.814346,3.019147,0.273110,548,90,0,1.571492,0.999546,-0.273702,0.599728,-0.218962,,,off,policy_direct_scale,0.599728,-0.218962,0.599728,-0.218962,nan,nan,0,0,off,off
3,730,2026-08-21T16:25:35.702,1787300735.702165365,NAVIGATING,map,base_link,1.463693,-3.660474,-1.490054,2.507954,-6.498310,map,2.507954,-6.498310,2.912815,0.811974,3.023871,0.271858,548,90,0,1.570646,0.999545,-0.276889,0.599727,-0.221511,,,off,policy_direct_scale,0.599727,-0.221511,0.599727,-0.221511,nan,nan,0,0,off,off
3,731,2026-08-21T16:25:36.221,1787300736.221707106,NAVIGATING,map,base_link,1.468693,-3.661941,-1.491591,2.507954,-6.498310,map,2.507954,-6.498310,2.909706,0.811581,3.020770,0.272009,548,90,0,1.577621,0.999543,-0.276896,0.599726,-0.221517,,,off,policy_direct_scale,0.599726,-0.221517,0.599726,-0.221517,nan,nan,0,0,off,off
3,732,2026-08-21T16:25:36.741,1787300736.741168261,NAVIGATING,map,base_link,1.468633,-3.662405,-1.490799,2.507954,-6.498310,map,2.507954,-6.498310,2.909890,0.809375,3.020355,0.271289,548,90,0,1.575448,0.999545,-0.278953,0.599727,-0.223163,,,off,policy_direct_scale,0.599727,-0.223163,0.599727,-0.223163,nan,nan,0,0,off,off
3,733,2026-08-21T16:25:37.260,1787300737.260713339,NAVIGATING,map,base_link,1.476385,-3.667433,-1.490289,2.507954,-6.498310,map,2.507954,-6.498310,2.904667,0.800569,3.012972,0.268938,548,90,0,1.566539,0.999538,-0.281819,0.599723,-0.225455,,,off,policy_direct_scale,0.599723,-0.225455,0.599723,-0.225455,nan,nan,0,0,off,off
3,734,2026-08-21T16:25:37.821,1787300737.821875572,NAVIGATING,map,base_link,1.478120,-3.664184,-1.491551,2.507954,-6.498310,map,2.507954,-6.498310,2.906755,0.802247,3.015431,0.269290,548,90,0,1.571393,0.999544,-0.284543,0.599727,-0.227634,,,off,policy_direct_scale,0.599727,-0.227634,0.599727,-0.227634,nan,nan,0,0,off,off
3,735,2026-08-21T16:25:40.299,1787300740.299005508,NAVIGATING,map,base_link,1.473101,-3.664297,-1.492227,2.507954,-6.498310,map,2.507954,-6.498310,2.906494,0.809222,3.017043,0.271542,548,90,0,1.572834,0.999543,-0.278082,0.599726,-0.222466,,,off,policy_direct_scale,0.599726,-0.222466,0.599726,-0.222466,nan,nan,0,0,off,off
3,736,2026-08-21T16:25:40.860,1787300740.860909224,NAVIGATING,map,base_link,1.467649,-3.666139,-1.491634,2.507954,-6.498310,map,2.507954,-6.498310,2.905569,0.813079,3.017189,0.272855,548,90,0,1.562215,0.999542,-0.272893,0.599725,-0.218314,,,off,policy_direct_scale,0.599725,-0.218314,0.599725,-0.218314,nan,nan,0,0,off,off
3,737,2026-08-21T16:25:41.420,1787300741.420392036,NAVIGATING,map,base_link,1.472021,-3.665338,-1.491550,2.507954,-6.498310,map,2.507954,-6.498310,2.906089,0.808413,3.016436,0.271319,548,90,0,1.578903,0.999546,-0.278768,0.599727,-0.223015,,,off,policy_direct_scale,0.599727,-0.223015,0.599727,-0.223015,nan,nan,0,0,off,off
3,738,2026-08-21T16:25:41.938,1787300741.938199520,NAVIGATING,map,base_link,1.476718,-3.669700,-1.492491,2.507954,-6.498310,map,2.507954,-6.498310,2.900610,0.806808,3.010727,0.271293,548,90,0,1.574114,0.999541,-0.276559,0.599725,-0.221247,,,off,policy_direct_scale,0.599725,-0.221247,0.599725,-0.221247,nan,nan,0,0,off,off
3,739,2026-08-21T16:25:42.499,1787300742.499929667,NAVIGATING,map,base_link,1.479417,-3.674469,-1.490639,2.507954,-6.498310,map,2.507954,-6.498310,2.897130,0.799125,3.005323,0.269141,548,90,0,1.574013,0.999533,-0.279378,0.599720,-0.223503,,,off,policy_direct_scale,0.599720,-0.223503,0.599720,-0.223503,nan,nan,0,0,off,off
3,740,2026-08-21T16:25:44.818,1787300744.818427086,NAVIGATING,map,base_link,1.466487,-3.668698,-1.490475,2.507954,-6.498310,map,2.507954,-6.498310,2.904052,0.811074,3.015188,0.272351,548,90,0,1.578998,0.999544,-0.275150,0.599727,-0.220120,,,off,policy_direct_scale,0.599727,-0.220120,0.599727,-0.220120,nan,nan,0,0,off,off
3,741,2026-08-21T16:25:45.425,1787300745.425013781,NAVIGATING,map,base_link,1.470524,-3.667552,-1.490696,2.507954,-6.498310,map,2.507954,-6.498310,2.904691,0.807602,3.014872,0.271185,548,90,0,1.571166,0.999533,-0.275988,0.599720,-0.220790,,,off,policy_direct_scale,0.599720,-0.220790,0.599720,-0.220790,nan,nan,0,0,off,off
3,742,2026-08-21T16:25:45.942,1787300745.942415953,NAVIGATING,map,base_link,1.470892,-3.663462,-1.490749,2.507954,-6.498310,map,2.507954,-6.498310,2.908695,0.807063,3.018586,0.270657,548,90,0,1.575420,0.999540,-0.279678,0.599724,-0.223742,,,off,policy_direct_scale,0.599724,-0.223742,0.599724,-0.223742,nan,nan,0,0,off,off
3,743,2026-08-21T16:25:46.458,1787300746.458010197,NAVIGATING,map,base_link,1.474086,-3.667250,-1.492754,2.507954,-6.498310,map,2.507954,-6.498310,2.903046,0.810003,3.013931,0.272098,548,90,0,1.568958,0.999541,-0.276042,0.599724,-0.220834,,,off,policy_direct_scale,0.599724,-0.220834,0.599724,-0.220834,nan,nan,0,0,off,off
3,744,2026-08-21T16:25:46.980,1787300746.980602026,NAVIGATING,map,base_link,1.468608,-3.664383,-1.489380,2.507954,-6.498310,map,2.507954,-6.498310,2.909066,0.805431,3.018507,0.270103,548,90,0,1.574165,0.999538,-0.280858,0.599723,-0.224686,,,off,policy_direct_scale,0.599723,-0.224686,0.599723,-0.224686,nan,nan,0,0,off,off
3,745,2026-08-21T16:25:47.502,1787300747.502686024,NAVIGATING,map,base_link,1.466968,-3.668534,-1.489943,2.507954,-6.498310,map,2.507954,-6.498310,2.904606,0.809039,3.015175,0.271651,548,90,0,1.572988,0.999544,-0.276926,0.599726,-0.221541,,,off,policy_direct_scale,0.599726,-0.221541,0.599726,-0.221541,nan,nan,0,0,off,off
3,746,2026-08-21T16:36:47.664,1787301407.664595127,NAVIGATING,map,base_link,2.801157,-2.545220,1.440307,2.619591,-0.820672,map,2.619591,-0.820672,1.686262,0.404420,1.734080,0.235386,548,90,0,1.582621,0.999260,-0.127179,0.599556,-0.101743,,,off,policy_direct_scale,0.599556,-0.101743,0.599556,-0.101743,nan,nan,0,0,off,off
3,747,2026-08-21T16:36:48.177,1787301408.177947521,NAVIGATING,map,base_link,2.796041,-2.549743,1.440348,2.619591,-0.820672,map,2.619591,-0.820672,1.691428,0.399865,1.738051,0.232145,548,90,0,1.565179,0.999266,-0.136291,0.599560,-0.109033,,,off,policy_direct_scale,0.599560,-0.109033,0.599560,-0.109033,nan,nan,0,0,off,off
3,748,2026-08-21T16:36:48.741,1787301408.741603851,NAVIGATING,map,base_link,2.796579,-2.551547,1.441820,2.619591,-0.820672,map,2.619591,-0.820672,1.693735,0.398141,1.739901,0.230876,548,90,0,1.584833,0.999261,-0.141509,0.599557,-0.113207,,,off,policy_direct_scale,0.599557,-0.113207,0.599557,-0.113207,nan,nan,0,0,off,off
3,749,2026-08-21T16:36:49.262,1787301409.262189150,NAVIGATING,map,base_link,2.795149,-2.547437,1.440901,2.619591,-0.820672,map,2.619591,-0.820672,1.689478,0.397747,1.735667,0.231216,548,90,0,1.574258,0.999263,-0.140557,0.599558,-0.112445,,,off,policy_direct_scale,0.599558,-0.112445,0.599558,-0.112445,nan,nan,0,0,off,off
3,750,2026-08-21T16:36:49.821,1787301409.821810007,NAVIGATING,map,base_link,2.793075,-2.550846,1.439655,2.619591,-0.820672,map,2.619591,-0.820672,1.692631,0.398242,1.738850,0.231077,548,90,0,1.576733,0.999262,-0.140695,0.599557,-0.112556,,,off,policy_direct_scale,0.599557,-0.112556,0.599557,-0.112556,nan,nan,0,0,off,off
3,751,2026-08-21T16:36:50.339,1787301410.339323282,NAVIGATING,map,base_link,2.794963,-2.548189,1.441968,2.619591,-0.820672,map,2.619591,-0.820672,1.690671,0.395856,1.736396,0.229998,548,90,0,1.575487,0.999267,-0.145460,0.599560,-0.116368,,,off,policy_direct_scale,0.599560,-0.116368,0.599560,-0.116368,nan,nan,0,0,off,off
3,752,2026-08-21T16:36:50.859,1787301410.859848261,NAVIGATING,map,base_link,2.795504,-2.549414,1.441469,2.619591,-0.820672,map,2.619591,-0.820672,1.691618,0.397395,1.737669,0.230736,548,90,0,1.578371,0.999262,-0.142369,0.599557,-0.113895,,,off,policy_direct_scale,0.599557,-0.113895,0.599557,-0.113895,nan,nan,0,0,off,off
3,753,2026-08-21T16:36:51.378,1787301411.378622770,NAVIGATING,map,base_link,2.797270,-2.550923,1.439661,2.619591,-0.820672,map,2.619591,-0.820672,1.692162,0.402401,1.739351,0.233466,548,90,0,1.574688,0.999264,-0.134234,0.599558,-0.107388,,,off,policy_direct_scale,0.599558,-0.107388,0.599558,-0.107388,nan,nan,0,0,off,off
3,754,2026-08-21T16:36:51.899,1787301411.899535179,NAVIGATING,map,base_link,2.793021,-2.548988,1.441485,2.619591,-0.820672,map,2.619591,-0.820672,1.691522,0.394850,1.736995,0.229322,548,90,0,1.579781,0.999253,-0.145876,0.599552,-0.116701,,,off,policy_direct_scale,0.599552,-0.116701,0.599552,-0.116701,nan,nan,0,0,off,off
3,755,2026-08-21T16:36:52.419,1787301412.419146299,NAVIGATING,map,base_link,2.798289,-2.545737,1.441764,2.619591,-0.820672,map,2.619591,-0.820672,1.687730,0.399186,1.734296,0.232254,548,90,0,1.575559,0.999265,-0.135393,0.599559,-0.108315,,,off,policy_direct_scale,0.599559,-0.108315,0.599559,-0.108315,nan,nan,0,0,off,off
3,756,2026-08-21T16:36:52.980,1787301412.980641603,NAVIGATING,map,base_link,2.793728,-2.545833,1.441881,2.619591,-0.820672,map,2.619591,-0.820672,1.688459,0.394476,1.733927,0.229514,548,90,0,1.575868,0.999261,-0.144882,0.599557,-0.115906,,,off,policy_direct_scale,0.599557,-0.115906,0.599557,-0.115906,nan,nan,0,0,off,off
3,757,2026-08-21T16:36:53.501,1787301413.501191616,NAVIGATING,map,base_link,2.790536,-2.550384,1.439297,2.619591,-0.820672,map,2.619591,-0.820672,1.692364,0.396270,1.738139,0.230008,548,90,0,1.582100,0.999266,-0.143952,0.599560,-0.115161,,,off,policy_direct_scale,0.599560,-0.115161,0.599560,-0.115161,nan,nan,0,0,off,off
3,758,2026-08-21T16:36:54.019,1787301414.019026279,NAVIGATING,map,base_link,2.796437,-2.547315,1.441087,2.619591,-0.820672,map,2.619591,-0.820672,1.689265,0.398694,1.735676,0.231775,548,90,0,1.580284,0.999264,-0.138233,0.599558,-0.110586,,,off,policy_direct_scale,0.599558,-0.110586,0.599558,-0.110586,nan,nan,0,0,off,off
3,759,2026-08-21T16:36:54.584,1787301414.584191084,NAVIGATING,map,base_link,2.794829,-2.547579,1.442221,2.619591,-0.820672,map,2.619591,-0.820672,1.690183,0.395218,1.735775,0.229704,548,90,0,1.574467,0.999261,-0.144645,0.599557,-0.115716,,,off,policy_direct_scale,0.599557,-0.115716,0.599557,-0.115716,nan,nan,0,0,off,off
3,760,2026-08-21T16:36:55.098,1787301415.098158360,NAVIGATING,map,base_link,2.793890,-2.546079,1.441977,2.619591,-0.820672,map,2.619591,-0.820672,1.688720,0.394506,1.734188,0.229496,548,90,0,1.576569,0.999260,-0.144021,0.599556,-0.115217,,,off,policy_direct_scale,0.599556,-0.115217,0.599556,-0.115217,nan,nan,0,0,off,off
3,761,2026-08-21T16:36:55.623,1787301415.623051882,NAVIGATING,map,base_link,2.796985,-2.546354,1.441320,2.619591,-0.820672,map,2.619591,-0.820672,1.688333,0.398720,1.734776,0.231913,548,90,0,1.583728,0.999261,-0.138757,0.599557,-0.111006,,,off,policy_direct_scale,0.599557,-0.111006,0.599557,-0.111006,nan,nan,0,0,off,off
3,762,2026-08-21T16:36:56.139,1787301416.139089346,NAVIGATING,map,base_link,2.791153,-2.545186,1.442888,2.619591,-0.820672,map,2.619591,-0.820672,1.688542,0.390139,1.733027,0.227066,548,90,0,1.575084,0.999260,-0.151562,0.599556,-0.121250,,,off,policy_direct_scale,0.599556,-0.121250,0.599556,-0.121250,nan,nan,0,0,off,off
3,763,2026-08-21T16:36:56.660,1787301416.660659313,NAVIGATING,map,base_link,2.793084,-2.549406,1.440175,2.619591,-0.820672,map,2.619591,-0.820672,1.691410,0.397183,1.737418,0.230645,548,90,0,1.575349,0.999262,-0.146167,0.599557,-0.116933,,,off,policy_direct_scale,0.599557,-0.116933,0.599557,-0.116933,nan,nan,0,0,off,off
3,764,2026-08-21T16:36:57.220,1787301417.220252037,NAVIGATING,map,base_link,2.793431,-2.547135,1.442297,2.619591,-0.820672,map,2.619591,-0.820672,1.689952,0.393647,1.735193,0.228853,548,90,0,1.576563,0.999264,-0.147078,0.599559,-0.117662,,,off,policy_direct_scale,0.599559,-0.117662,0.599559,-0.117662,nan,nan,0,0,off,off
3,765,2026-08-21T16:36:57.778,1787301417.777997017,NAVIGATING,map,base_link,2.798601,-2.547555,1.441808,2.619591,-0.820672,map,2.619591,-0.820672,1.689511,0.399653,1.736137,0.232280,548,90,0,1.581170,0.999261,-0.136741,0.599557,-0.109393,,,off,policy_direct_scale,0.599557,-0.109393,0.599557,-0.109393,nan,nan,0,0,off,off
3,766,2026-08-21T16:36:58.298,1787301418.298007727,NAVIGATING,map,base_link,2.796617,-2.549926,1.443945,2.619591,-0.820672,map,2.619591,-0.820672,1.692964,0.394374,1.738292,0.228867,548,90,0,1.570739,0.999261,-0.149205,0.599557,-0.119364,,,off,policy_direct_scale,0.599557,-0.119364,0.599557,-0.119364,nan,nan,0,0,off,off
3,767,2026-08-21T16:36:58.819,1787301418.819660664,NAVIGATING,map,base_link,2.798984,-2.546534,1.444188,2.619591,-0.820672,map,2.619591,-0.820672,1.689396,0.395882,1.735160,0.230180,548,90,0,1.575239,0.999261,-0.142933,0.599557,-0.114347,,,off,policy_direct_scale,0.599557,-0.114347,0.599557,-0.114347,nan,nan,0,0,off,off
3,768,2026-08-21T16:36:59.384,1787301419.384523153,NAVIGATING,map,base_link,2.793943,-2.549856,1.440104,2.619591,-0.820672,map,2.619591,-0.820672,1.691715,0.398214,1.737951,0.231182,548,90,0,1.576930,0.999264,-0.140220,0.599559,-0.112176,,,off,policy_direct_scale,0.599559,-0.112176,0.599559,-0.112176,nan,nan,0,0,off,off
3,769,2026-08-21T16:36:59.900,1787301419.900920153,NAVIGATING,map,base_link,2.792511,-2.546508,1.440914,2.619591,-0.820672,map,2.619591,-0.820672,1.688903,0.394990,1.734477,0.229744,548,90,0,1.582482,0.999262,-0.143853,0.599557,-0.115082,,,off,policy_direct_scale,0.599557,-0.115082,0.599557,-0.115082,nan,nan,0,0,off,off
3,770,2026-08-21T16:37:00.418,1787301420.418192148,NAVIGATING,map,base_link,2.794451,-2.549358,1.442402,2.619591,-0.820672,map,2.619591,-0.820672,1.692068,0.394765,1.737507,0.229204,548,90,0,1.567535,0.999261,-0.146061,0.599557,-0.116849,,,off,policy_direct_scale,0.599557,-0.116849,0.599557,-0.116849,nan,nan,0,0,off,off
3,771,2026-08-21T16:37:01.018,1787301421.018085480,NAVIGATING,map,base_link,2.791131,-2.545233,1.443021,2.619591,-0.820672,map,2.619591,-0.820672,1.688643,0.389899,1.733071,0.226918,548,90,0,1.567004,0.999263,-0.152529,0.599558,-0.122024,,,off,policy_direct_scale,0.599558,-0.122024,0.599558,-0.122024,nan,nan,0,0,off,off
3,772,2026-08-21T16:37:01.577,1787301421.577821016,NAVIGATING,map,base_link,2.794236,-2.546059,1.442403,2.619591,-0.820672,map,2.619591,-0.820672,1.688824,0.394127,1.734203,0.229270,548,90,0,1.584298,0.999261,-0.145835,0.599556,-0.116668,,,off,policy_direct_scale,0.599556,-0.116668,0.599556,-0.116668,nan,nan,0,0,off,off
3,773,2026-08-21T16:37:02.101,1787301422.101256371,NAVIGATING,map,base_link,2.795787,-2.549652,1.443064,2.619591,-0.820672,map,2.619591,-0.820672,1.692450,0.395007,1.737935,0.229289,548,90,0,1.578518,0.999262,-0.147335,0.599557,-0.117868,,,off,policy_direct_scale,0.599557,-0.117868,0.599557,-0.117868,nan,nan,0,0,off,off
3,774,2026-08-21T16:37:02.620,1787301422.620078564,NAVIGATING,map,base_link,2.795518,-2.547829,1.442322,2.619591,-0.820672,map,2.619591,-0.820672,1.690382,0.395763,1.736094,0.229984,548,90,0,1.580631,0.999264,-0.143494,0.599558,-0.114796,,,off,policy_direct_scale,0.599558,-0.114796,0.599558,-0.114796,nan,nan,0,0,off,off
3,775,2026-08-21T16:37:03.177,1787301423.177828550,NAVIGATING,map,base_link,2.795859,-2.545959,1.441857,2.619591,-0.820672,map,2.619591,-0.820672,1.688300,0.396647,1.734268,0.230754,548,90,0,1.572876,0.999258,-0.141001,0.599555,-0.112801,,,off,policy_direct_scale,0.599555,-0.112801,0.599555,-0.112801,nan,nan,0,0,off,off
3,776,2026-08-21T16:37:03.698,1787301423.698388815,NAVIGATING,map,base_link,2.792552,-2.549955,1.443968,2.619591,-0.820672,map,2.619591,-0.820672,1.693515,0.390307,1.737911,0.226516,548,90,0,1.587930,0.999265,-0.153746,0.599559,-0.122997,,,off,policy_direct_scale,0.599559,-0.122997,0.599559,-0.122997,nan,nan,0,0,off,off
3,777,2026-08-21T16:37:04.221,1787301424.221016645,NAVIGATING,map,base_link,2.791484,-2.550267,1.441040,2.619591,-0.820672,map,2.619591,-0.820672,1.692814,0.394244,1.738116,0.228814,548,90,0,1.563076,0.999256,-0.147096,0.599553,-0.117677,,,off,policy_direct_scale,0.599553,-0.117677,0.599553,-0.117677,nan,nan,0,0,off,off
3,778,2026-08-21T16:37:04.740,1787301424.740416288,NAVIGATING,map,base_link,2.791894,-2.543781,1.442017,2.619591,-0.820672,map,2.619591,-0.820672,1.686713,0.392165,1.731703,0.228444,548,90,0,1.580746,0.999258,-0.146828,0.599555,-0.117462,,,off,policy_direct_scale,0.599555,-0.117462,0.599555,-0.117462,nan,nan,0,0,off,off
3,779,2026-08-21T16:37:05.258,1787301425.258817196,NAVIGATING,map,base_link,2.791762,-2.551223,1.441340,2.619591,-0.820672,map,2.619591,-0.820672,1.693844,0.394136,1.739095,0.228619,548,90,0,1.570901,0.999257,-0.148876,0.599554,-0.119101,,,off,policy_direct_scale,0.599554,-0.119101,0.599554,-0.119101,nan,nan,0,0,off,off
3,780,2026-08-21T16:37:05.778,1787301425.778802395,NAVIGATING,map,base_link,2.793120,-2.542252,1.445000,2.619591,-0.820672,map,2.619591,-0.820672,1.686204,0.388156,1.730303,0.226254,548,90,0,1.570883,0.999249,-0.153373,0.599550,-0.122699,,,off,policy_direct_scale,0.599550,-0.122699,0.599550,-0.122699,nan,nan,0,0,off,off
3,781,2026-08-21T16:37:06.338,1787301426.338258266,NAVIGATING,map,base_link,2.801558,-2.549051,1.442723,2.619591,-0.820672,map,2.619591,-0.820672,1.690982,0.401231,1.737931,0.232969,548,90,0,1.571346,0.999261,-0.134831,0.599556,-0.107865,,,off,policy_direct_scale,0.599556,-0.107865,0.599556,-0.107865,nan,nan,0,0,off,off
3,782,2026-08-21T16:37:06.860,1787301426.860454798,NAVIGATING,map,base_link,2.791237,-2.544315,1.443126,2.619591,-0.820672,map,2.619591,-0.820672,1.687760,0.389709,1.732168,0.226926,548,90,0,1.577530,0.999260,-0.153153,0.599556,-0.122522,,,off,policy_direct_scale,0.599556,-0.122522,0.599556,-0.122522,nan,nan,0,0,off,off
3,783,2026-08-21T16:37:07.380,1787301427.380249977,NAVIGATING,map,base_link,2.794245,-2.547009,1.443336,2.619591,-0.820672,map,2.619591,-0.820672,1.690131,0.392681,1.735149,0.228287,548,90,0,1.574430,0.999261,-0.148176,0.599557,-0.118541,,,off,policy_direct_scale,0.599557,-0.118541,0.599557,-0.118541,nan,nan,0,0,off,off
3,784,2026-08-21T16:37:07.898,1787301427.898370504,NAVIGATING,map,base_link,2.791908,-2.543886,1.443969,2.619591,-0.820672,map,2.619591,-0.820672,1.687578,0.388898,1.731808,0.226493,548,90,0,1.572816,0.999247,-0.151430,0.599548,-0.121144,,,off,policy_direct_scale,0.599548,-0.121144,0.599548,-0.121144,nan,nan,0,0,off,off
3,785,2026-08-21T16:37:08.422,1787301428.422812939,NAVIGATING,map,base_link,2.793378,-2.547270,1.442581,2.619591,-0.820672,map,2.619591,-0.820672,1.690205,0.393130,1.735322,0.228530,548,90,0,1.565542,0.999251,-0.147263,0.599551,-0.117810,,,off,policy_direct_scale,0.599551,-0.117810,0.599551,-0.117810,nan,nan,0,0,off,off
3,786,2026-08-21T16:37:08.978,1787301428.977987289,NAVIGATING,map,base_link,2.792540,-2.546241,1.443178,2.619591,-0.820672,map,2.619591,-0.820672,1.689524,0.391159,1.734214,0.227512,548,90,0,1.578781,0.999260,-0.150076,0.599556,-0.120061,,,off,policy_direct_scale,0.599556,-0.120061,0.599556,-0.120061,nan,nan,0,0,off,off
3,787,2026-08-21T16:37:09.499,1787301429.499352932,NAVIGATING,map,base_link,2.791639,-2.548957,1.441820,2.619591,-0.820672,map,2.619591,-0.820672,1.691801,0.392910,1.736827,0.228198,548,90,0,1.574746,0.999261,-0.149167,0.599557,-0.119334,,,off,policy_direct_scale,0.599557,-0.119334,0.599557,-0.119334,nan,nan,0,0,off,off
3,788,2026-08-21T16:37:10.017,1787301430.017800570,NAVIGATING,map,base_link,2.792478,-2.546909,1.443933,2.619591,-0.820672,map,2.619591,-0.820672,1.690490,0.389907,1.734873,0.226683,548,90,0,1.569510,0.999261,-0.153143,0.599557,-0.122514,,,off,policy_direct_scale,0.599557,-0.122514,0.599557,-0.122514,nan,nan,0,0,off,off
3,789,2026-08-21T16:37:10.577,1787301430.577896595,NAVIGATING,map,base_link,2.788372,-2.547596,1.441314,2.619591,-0.820672,map,2.619591,-0.820672,1.690675,0.390350,1.735153,0.226908,548,90,0,1.580394,0.999263,-0.152620,0.599558,-0.122096,,,off,policy_direct_scale,0.599558,-0.122096,0.599558,-0.122096,nan,nan,0,0,off,off
3,790,2026-08-21T16:37:11.100,1787301431.100844622,NAVIGATING,map,base_link,2.795572,-2.541842,1.442203,2.619591,-0.820672,map,2.619591,-0.820672,1.684391,0.395250,1.730143,0.230484,548,90,0,1.559221,0.999257,-0.142177,0.599554,-0.113742,,,off,policy_direct_scale,0.599554,-0.113742,0.599554,-0.113742,nan,nan,0,0,off,off
3,791,2026-08-21T16:37:11.622,1787301431.622178316,NAVIGATING,map,base_link,2.794053,-2.550336,1.442286,2.619591,-0.820672,map,2.619591,-0.820672,1.693042,0.394692,1.738440,0.229035,548,90,0,1.585797,0.999263,-0.147407,0.599558,-0.117925,,,off,policy_direct_scale,0.599558,-0.117925,0.599558,-0.117925,nan,nan,0,0,off,off
3,792,2026-08-21T16:37:12.182,1787301432.182141781,NAVIGATING,map,base_link,2.789969,-2.548219,1.442735,2.619591,-0.820672,map,2.619591,-0.820672,1.691641,0.389610,1.735928,0.226367,548,90,0,1.576399,0.999257,-0.154802,0.599554,-0.123842,,,off,policy_direct_scale,0.599554,-0.123842,0.599554,-0.123842,nan,nan,0,0,off,off
3,793,2026-08-21T16:37:12.701,1787301432.701607466,NAVIGATING,map,base_link,2.795612,-2.543518,1.443707,2.619591,-0.820672,map,2.619591,-0.820672,1.686641,0.392968,1.731815,0.228905,548,90,0,1.582833,0.999256,-0.145777,0.599554,-0.116621,,,off,policy_direct_scale,0.599554,-0.116621,0.599554,-0.116621,nan,nan,0,0,off,off
3,794,2026-08-21T16:37:13.222,1787301433.222453594,NAVIGATING,map,base_link,2.793039,-2.544137,1.441242,2.619591,-0.820672,map,2.619591,-0.820672,1.686613,0.394652,1.732171,0.229855,548,90,0,1.571862,0.999257,-0.143467,0.599554,-0.114773,,,off,policy_direct_scale,0.599554,-0.114773,0.599554,-0.114773,nan,nan,0,0,off,off
3,795,2026-08-21T16:37:13.741,1787301433.740993500,NAVIGATING,map,base_link,2.796288,-2.545940,1.443280,2.619591,-0.820672,map,2.619591,-0.820672,1.688789,0.394667,1.734293,0.229578,548,90,0,1.577436,0.999251,-0.144131,0.599551,-0.115305,,,off,policy_direct_scale,0.599551,-0.115305,0.599551,-0.115305,nan,nan,0,0,off,off
3,796,2026-08-21T16:37:14.261,1787301434.260967970,NAVIGATING,map,base_link,2.795091,-2.544730,1.442211,2.619591,-0.820672,map,2.619591,-0.820672,1.687320,0.395129,1.732967,0.230031,548,90,0,1.572769,0.999256,-0.144240,0.599554,-0.115392,,,off,policy_direct_scale,0.599554,-0.115392,0.599554,-0.115392,nan,nan,0,0,off,off
3,797,2026-08-21T16:37:14.782,1787301434.782103300,NAVIGATING,map,base_link,2.792073,-2.544957,1.443757,2.619591,-0.820672,map,2.619591,-0.820672,1.688537,0.389556,1.732891,0.226739,548,90,0,1.571659,0.999264,-0.152799,0.599558,-0.122239,,,off,policy_direct_scale,0.599558,-0.122239,0.599558,-0.122239,nan,nan,0,0,off,off
3,798,2026-08-21T16:37:15.298,1787301435.298129082,NAVIGATING,map,base_link,2.794027,-2.543668,1.443689,2.619591,-0.820672,map,2.619591,-0.820672,1.686983,0.391445,1.731803,0.228004,548,90,0,1.578844,0.999259,-0.149726,0.599555,-0.119781,,,off,policy_direct_scale,0.599555,-0.119781,0.599555,-0.119781,nan,nan,0,0,off,off
3,799,2026-08-21T16:37:15.821,1787301435.821442842,NAVIGATING,map,base_link,2.792797,-2.543996,1.443822,2.619591,-0.820672,map,2.619591,-0.820672,1.687517,0.390042,1.732006,0.227145,548,90,0,1.582272,0.999255,-0.151029,0.599553,-0.120823,,,off,policy_direct_scale,0.599553,-0.120823,0.599553,-0.120823,nan,nan,0,0,off,off
3,800,2026-08-21T16:37:16.338,1787301436.338521242,NAVIGATING,map,base_link,2.792136,-2.544979,1.443679,2.619591,-0.820672,map,2.619591,-0.820672,1.688520,0.389753,1.732918,0.226852,548,90,0,1.562375,0.999265,-0.152149,0.599559,-0.121719,,,off,policy_direct_scale,0.599559,-0.121719,0.599559,-0.121719,nan,nan,0,0,off,off
3,801,2026-08-21T16:37:16.860,1787301436.860408068,NAVIGATING,map,base_link,2.792258,-2.544328,1.442647,2.619591,-0.820672,map,2.619591,-0.820672,1.687456,0.391532,1.732283,0.227991,548,90,0,1.585007,0.999257,-0.148950,0.599554,-0.119160,,,off,policy_direct_scale,0.599554,-0.119160,0.599554,-0.119160,nan,nan,0,0,off,off
3,802,2026-08-21T16:37:17.378,1787301437.378307581,NAVIGATING,map,base_link,2.791152,-2.539067,1.443007,2.619591,-0.820672,map,2.619591,-0.820672,1.682519,0.389158,1.726938,0.227298,548,90,0,1.573940,0.999260,-0.148870,0.599556,-0.119096,,,off,policy_direct_scale,0.599556,-0.119096,0.599556,-0.119096,nan,nan,0,0,off,off
3,803,2026-08-21T16:37:17.899,1787301437.899832249,NAVIGATING,map,base_link,2.793351,-2.546731,1.443398,2.619591,-0.820672,map,2.619591,-0.820672,1.689994,0.391654,1.734783,0.227729,548,90,0,1.578672,0.999257,-0.149702,0.599554,-0.119762,,,off,policy_direct_scale,0.599554,-0.119762,0.599554,-0.119762,nan,nan,0,0,off,off
3,804,2026-08-21T16:37:18.418,1787301438.418692350,NAVIGATING,map,base_link,2.792258,-2.545826,1.442315,2.619591,-0.820672,map,2.619591,-0.820672,1.688811,0.392284,1.733773,0.228237,548,90,0,1.565421,0.999258,-0.149417,0.599555,-0.119534,,,off,policy_direct_scale,0.599555,-0.119534,0.599555,-0.119534,nan,nan,0,0,off,off
3,805,2026-08-21T16:37:18.978,1787301438.978653669,NAVIGATING,map,base_link,2.793331,-2.546863,1.444281,2.619591,-0.820672,map,2.619591,-0.820672,1.690473,0.390158,1.734913,0.226826,548,90,0,1.586421,0.999268,-0.152559,0.599561,-0.122047,,,off,policy_direct_scale,0.599561,-0.122047,0.599561,-0.122047,nan,nan,0,0,off,off
3,806,2026-08-21T16:37:19.498,1787301439.498130798,NAVIGATING,map,base_link,2.793120,-2.549449,1.441074,2.619591,-0.820672,map,2.619591,-0.820672,1.691804,0.395703,1.737464,0.229764,548,90,0,1.568886,0.999259,-0.145458,0.599556,-0.116367,,,off,policy_direct_scale,0.599556,-0.116367,0.599556,-0.116367,nan,nan,0,0,off,off
3,807,2026-08-21T16:37:20.019,1787301440.019017935,NAVIGATING,map,base_link,2.796041,-2.545854,1.446314,2.619591,-0.820672,map,2.619591,-0.820672,1.689924,0.389285,1.734182,0.226407,548,90,0,1.575982,0.999257,-0.153460,0.599554,-0.122768,,,off,policy_direct_scale,0.599554,-0.122768,0.599554,-0.122768,nan,nan,0,0,off,off
3,808,2026-08-21T16:37:20.538,1787301440.538760185,NAVIGATING,map,base_link,2.793698,-2.543284,1.444358,2.619591,-0.820672,map,2.619591,-0.820672,1.686906,0.389942,1.731388,0.227168,548,90,0,1.573812,0.999253,-0.152668,0.599552,-0.122134,,,off,policy_direct_scale,0.599552,-0.122134,0.599552,-0.122134,nan,nan,0,0,off,off
3,809,2026-08-21T16:37:21.058,1787301441.058732510,NAVIGATING,map,base_link,2.792298,-2.546834,1.444108,2.619591,-0.820672,map,2.619591,-0.820672,1.690507,0.389423,1.734780,0.226409,548,90,0,1.581666,0.999256,-0.153389,0.599554,-0.122711,,,off,policy_direct_scale,0.599554,-0.122711,0.599554,-0.122711,nan,nan,0,0,off,off
3,810,2026-08-21T16:37:21.577,1787301441.577919483,NAVIGATING,map,base_link,2.789162,-2.547683,1.442485,2.619591,-0.820672,map,2.619591,-0.820672,1.691116,0.389164,1.735316,0.226185,548,90,0,1.580329,0.999259,-0.155198,0.599555,-0.124159,,,off,policy_direct_scale,0.599555,-0.124159,0.599555,-0.124159,nan,nan,0,0,off,off
3,811,2026-08-21T16:37:22.098,1787301442.098544121,NAVIGATING,map,base_link,2.794598,-2.540674,1.442293,2.619591,-0.820672,map,2.619591,-0.820672,1.683393,0.393983,1.728882,0.229903,548,90,0,1.575017,0.999262,-0.141698,0.599557,-0.113358,,,off,policy_direct_scale,0.599557,-0.113358,0.599557,-0.113358,nan,nan,0,0,off,off
3,812,2026-08-21T16:37:22.618,1787301442.618253946,NAVIGATING,map,base_link,2.795523,-2.546865,1.442867,2.619591,-0.820672,map,2.619591,-0.820672,1.689641,0.394724,1.735135,0.229498,548,90,0,1.574107,0.999261,-0.143704,0.599557,-0.114964,,,off,policy_direct_scale,0.599557,-0.114964,0.599557,-0.114964,nan,nan,0,0,off,off
3,813,2026-08-21T16:37:23.177,1787301443.177972317,NAVIGATING,map,base_link,2.794562,-2.541523,1.443790,2.619591,-0.820672,map,2.619591,-0.820672,1.684827,0.391534,1.729723,0.228335,548,90,0,1.578983,0.999258,-0.147315,0.599555,-0.117852,,,off,policy_direct_scale,0.599555,-0.117852,0.599555,-0.117852,nan,nan,0,0,off,off
3,814,2026-08-21T16:37:23.698,1787301443.698034525,NAVIGATING,map,base_link,2.795675,-2.550765,1.442904,2.619591,-0.820672,map,2.619591,-0.820672,1.693505,0.395309,1.739031,0.229320,548,90,0,1.574355,0.999265,-0.146655,0.599559,-0.117324,,,off,policy_direct_scale,0.599559,-0.117324,0.599559,-0.117324,nan,nan,0,0,off,off
3,815,2026-08-21T16:37:24.222,1787301444.222484112,NAVIGATING,map,base_link,2.793842,-2.551097,1.443081,2.619591,-0.820672,map,2.619591,-0.820672,1.694138,0.393233,1.739177,0.228075,548,90,0,1.580847,0.999267,-0.149533,0.599560,-0.119626,,,off,policy_direct_scale,0.599560,-0.119626,0.599560,-0.119626,nan,nan,0,0,off,off
3,816,2026-08-21T16:37:24.777,1787301444.777945995,NAVIGATING,map,base_link,2.792988,-2.541774,1.445283,2.619591,-0.820672,map,2.619591,-0.820672,1.685856,0.387488,1.729814,0.225922,548,90,0,1.582435,0.999259,-0.153833,0.599556,-0.123067,,,off,policy_direct_scale,0.599556,-0.123067,0.599556,-0.123067,nan,nan,0,0,off,off
3,817,2026-08-21T16:37:25.300,1787301445.300276518,NAVIGATING,map,base_link,2.788658,-2.544199,1.443422,2.619591,-0.820672,map,2.619591,-0.820672,1.688088,0.386637,1.731799,0.225155,548,90,0,1.580194,0.999261,-0.158124,0.599556,-0.126499,,,off,policy_direct_scale,0.599556,-0.126499,0.599556,-0.126499,nan,nan,0,0,off,off
3,818,2026-08-21T16:37:25.822,1787301445.822683573,NAVIGATING,map,base_link,2.795530,-2.544661,1.444346,2.619591,-0.820672,map,2.619591,-0.820672,1.688035,0.391954,1.732943,0.228152,548,90,0,1.577851,0.999261,-0.148578,0.599557,-0.118862,,,off,policy_direct_scale,0.599557,-0.118862,0.599557,-0.118862,nan,nan,0,0,off,off
3,819,2026-08-21T16:37:26.380,1787301446.380542040,NAVIGATING,map,base_link,2.794527,-2.548926,1.444948,2.619591,-0.820672,map,2.619591,-0.820672,1.692629,0.390477,1.737085,0.226726,548,90,0,1.571600,0.999262,-0.153610,0.599557,-0.122888,,,off,policy_direct_scale,0.599557,-0.122888,0.599557,-0.122888,nan,nan,0,0,off,off
3,820,2026-08-21T16:37:26.898,1787301446.898285627,NAVIGATING,map,base_link,2.793826,-2.544559,1.444291,2.619591,-0.820672,map,2.619591,-0.820672,1.688128,0.390343,1.732670,0.227234,548,90,0,1.579016,0.999257,-0.151463,0.599554,-0.121170,,,off,policy_direct_scale,0.599554,-0.121170,0.599554,-0.121170,nan,nan,0,0,off,off
3,821,2026-08-21T16:37:27.420,1787301447.420692921,NAVIGATING,map,base_link,2.792003,-2.546126,1.444016,2.619591,-0.820672,map,2.619591,-0.820672,1.689806,0.389197,1.734047,0.226373,548,90,0,1.584780,0.999260,-0.154130,0.599556,-0.123304,,,off,policy_direct_scale,0.599556,-0.123304,0.599556,-0.123304,nan,nan,0,0,off,off
3,822,2026-08-21T16:37:27.982,1787301447.982606173,NAVIGATING,map,base_link,2.796775,-2.547202,1.444643,2.619591,-0.820672,map,2.619591,-0.820672,1.690516,0.393006,1.735598,0.228420,548,90,0,1.580329,0.999261,-0.148625,0.599557,-0.118900,,,off,policy_direct_scale,0.599557,-0.118900,0.599557,-0.118900,nan,nan,0,0,off,off
3,823,2026-08-21T16:37:28.498,1787301448.498325825,NAVIGATING,map,base_link,2.791504,-2.540596,1.442702,2.619591,-0.820672,map,2.619591,-0.820672,1.683872,0.390215,1.728495,0.227717,548,90,0,1.575819,0.999255,-0.150921,0.599553,-0.120737,,,off,policy_direct_scale,0.599553,-0.120737,0.599553,-0.120737,nan,nan,0,0,off,off
3,824,2026-08-21T16:37:29.018,1787301449.018082857,NAVIGATING,map,base_link,2.791976,-2.543157,1.445288,2.619591,-0.820672,map,2.619591,-0.820672,1.687358,0.386648,1.731090,0.225255,548,90,0,1.576786,0.999255,-0.157019,0.599553,-0.125616,,,off,policy_direct_scale,0.599553,-0.125616,0.599553,-0.125616,nan,nan,0,0,off,off
3,825,2026-08-21T16:37:29.578,1787301449.578545570,NAVIGATING,map,base_link,2.788888,-2.544376,1.443445,2.619591,-0.820672,map,2.619591,-0.820672,1.688243,0.386849,1.731998,0.225254,548,90,0,1.580875,0.999261,-0.156876,0.599557,-0.125501,,,off,policy_direct_scale,0.599557,-0.125501,0.599557,-0.125501,nan,nan,0,0,off,off
3,826,2026-08-21T16:37:30.098,1787301450.098031044,NAVIGATING,map,base_link,2.796641,-2.541425,1.441891,2.619591,-0.820672,map,2.619591,-0.820672,1.683717,0.396781,1.729838,0.231435,548,90,0,1.577199,0.999260,-0.136668,0.599556,-0.109334,,,off,policy_direct_scale,0.599556,-0.109334,0.599556,-0.109334,nan,nan,0,0,off,off
3,827,2026-08-21T16:37:30.620,1787301450.620737314,NAVIGATING,map,base_link,2.790138,-2.548044,1.442272,2.619591,-0.820672,map,2.619591,-0.820672,1.691266,0.390539,1.735771,0.226938,548,90,0,1.572250,0.999261,-0.154108,0.599557,-0.123287,,,off,policy_direct_scale,0.599557,-0.123287,0.599557,-0.123287,nan,nan,0,0,off,off
3,828,2026-08-21T16:37:31.178,1787301451.178095579,NAVIGATING,map,base_link,2.792714,-2.542904,1.443080,2.619591,-0.820672,map,2.619591,-0.820672,1.686154,0.391072,1.730911,0.227902,548,90,0,1.577678,0.999250,-0.148149,0.599550,-0.118519,,,off,policy_direct_scale,0.599550,-0.118519,0.599550,-0.118519,nan,nan,0,0,off,off
3,829,2026-08-21T16:37:31.700,1787301451.700872660,NAVIGATING,map,base_link,2.793219,-2.543612,1.442523,2.619591,-0.820672,map,2.619591,-0.820672,1.686574,0.392603,1.731667,0.228709,548,90,0,1.585071,0.999257,-0.146381,0.599554,-0.117105,,,off,policy_direct_scale,0.599554,-0.117105,0.599554,-0.117105,nan,nan,0,0,off,off
3,830,2026-08-21T16:37:32.222,1787301452.222889185,NAVIGATING,map,base_link,2.787052,-2.542662,1.444337,2.619591,-0.820672,map,2.619591,-0.820672,1.687118,0.383305,1.730113,0.223403,548,90,0,1.572672,0.999260,-0.163710,0.599556,-0.130968,,,off,policy_direct_scale,0.599556,-0.130968,0.599556,-0.130968,nan,nan,0,0,off,off
3,831,2026-08-21T16:37:32.777,1787301452.777924061,NAVIGATING,map,base_link,2.794619,-2.542469,1.442788,2.619591,-0.820672,map,2.619591,-0.820672,1.685366,0.393398,1.730671,0.229314,548,90,0,1.586218,0.999260,-0.144947,0.599556,-0.115957,,,off,policy_direct_scale,0.599556,-0.115957,0.599556,-0.115957,nan,nan,0,0,off,off
3,832,2026-08-21T16:37:33.299,1787301453.299648523,NAVIGATING,map,base_link,2.792744,-2.545044,1.444395,2.619591,-0.820672,map,2.619591,-0.820672,1.688787,0.389154,1.733044,0.226481,548,90,0,1.576634,0.999268,-0.154467,0.599561,-0.123574,,,off,policy_direct_scale,0.599561,-0.123574,0.599561,-0.123574,nan,nan,0,0,off,off
3,833,2026-08-21T16:37:33.818,1787301453.818751335,NAVIGATING,map,base_link,2.787742,-2.546382,1.443625,2.619591,-0.820672,map,2.619591,-0.820672,1.690448,0.385663,1.733883,0.224304,548,90,0,1.585126,0.999262,-0.160475,0.599557,-0.128380,,,off,policy_direct_scale,0.599557,-0.128380,0.599557,-0.128380,nan,nan,0,0,off,off
3,834,2026-08-21T16:37:34.377,1787301454.377843857,NAVIGATING,map,base_link,2.792042,-2.542770,1.444132,2.619591,-0.820672,map,2.619591,-0.820672,1.686516,0.388615,1.730711,0.226472,548,90,0,1.575626,0.999261,-0.153236,0.599556,-0.122589,,,off,policy_direct_scale,0.599556,-0.122589,0.599556,-0.122589,nan,nan,0,0,off,off
3,835,2026-08-21T16:37:34.898,1787301454.898194313,NAVIGATING,map,base_link,2.793579,-2.544849,1.444458,2.619591,-0.820672,map,2.619591,-0.820672,1.688513,0.389852,1.732934,0.226908,548,90,0,1.578605,0.999255,-0.151806,0.599553,-0.121445,,,off,policy_direct_scale,0.599553,-0.121445,0.599553,-0.121445,nan,nan,0,0,off,off
3,836,2026-08-21T16:37:35.418,1787301455.418864489,NAVIGATING,map,base_link,2.792461,-2.546717,1.441600,2.619591,-0.820672,map,2.619591,-0.820672,1.689388,0.393808,1.734681,0.229017,548,90,0,1.572298,0.999262,-0.146697,0.599557,-0.117358,,,off,policy_direct_scale,0.599557,-0.117358,0.599557,-0.117358,nan,nan,0,0,off,off
3,837,2026-08-21T16:37:35.938,1787301455.938460112,NAVIGATING,map,base_link,2.795389,-2.540845,1.443433,2.619591,-0.820672,map,2.619591,-0.820672,1.683910,0.392870,1.729133,0.229208,548,90,0,1.576901,0.999260,-0.143825,0.599556,-0.115060,,,off,policy_direct_scale,0.599556,-0.115060,0.599556,-0.115060,nan,nan,0,0,off,off
3,838,2026-08-21T16:37:36.502,1787301456.502297401,NAVIGATING,map,base_link,2.797161,-2.547276,1.445383,2.619591,-0.820672,map,2.619591,-0.820672,1.690832,0.392148,1.735711,0.227897,548,90,0,1.569691,0.999243,-0.148719,0.599546,-0.118975,,,off,policy_direct_scale,0.599546,-0.118975,0.599546,-0.118975,nan,nan,0,0,off,off
3,839,2026-08-21T16:37:37.018,1787301457.018078566,NAVIGATING,map,base_link,2.792605,-2.545999,1.443651,2.619591,-0.820672,map,2.619591,-0.820672,1.689461,0.390395,1.733980,0.227090,548,90,0,1.567153,0.999263,-0.151900,0.599558,-0.121520,,,off,policy_direct_scale,0.599558,-0.121520,0.599558,-0.121520,nan,nan,0,0,off,off
3,840,2026-08-21T16:37:37.577,1787301457.577832222,NAVIGATING,map,base_link,2.795086,-2.549264,1.444879,2.619591,-0.820672,map,2.619591,-0.820672,1.692867,0.391191,1.737478,0.227096,548,90,0,1.577272,0.999257,-0.152562,0.599554,-0.122049,,,off,policy_direct_scale,0.599554,-0.122049,0.599554,-0.122049,nan,nan,0,0,off,off
3,841,2026-08-21T16:37:38.101,1787301458.101461172,NAVIGATING,map,base_link,2.793303,-2.540242,1.445428,2.619591,-0.820672,map,2.619591,-0.820672,1.684354,0.387364,1.728322,0.226047,548,90,0,1.556529,0.999258,-0.155098,0.599555,-0.124078,,,off,policy_direct_scale,0.599555,-0.124078,0.599555,-0.124078,nan,nan,0,0,off,off
3,842,2026-08-21T16:37:38.614,1787301458.613998175,REACHED,map,base_link,2.795241,-2.547347,1.444583,2.822400,-2.548300,map,2.822400,-2.548300,0.002473,-0.027063,0.027176,-1.479657,548,-1,-1,nan,0.000000,0.000000,0.000000,0.000000,,,off,policy_direct_scale,nan,nan,nan,nan,nan,nan,0,0,not_evaluated,not_evaluated
3,843,2026-08-21T16:37:39.173,1787301459.173329115,REACHED,map,base_link,2.792715,-2.543972,1.443764,2.822400,-2.548300,map,2.822400,-2.548300,-0.000532,-0.029994,0.029999,-1.588528,548,-1,-1,nan,0.000000,0.000000,0.000000,0.000000,,,off,policy_direct_scale,nan,nan,nan,nan,nan,nan,0,0,not_evaluated,not_evaluated
3,844,2026-08-21T16:37:39.733,1787301459.733262300,REACHED,map,base_link,2.793297,-2.546791,1.444703,2.822400,-2.548300,map,2.822400,-2.548300,0.002163,-0.029061,0.029142,-1.496508,548,-1,-1,nan,0.000000,0.000000,0.000000,0.000000,,,off,policy_direct_scale,nan,nan,nan,nan,nan,nan,0,0,not_evaluated,not_evaluated
3,845,2026-08-21T16:37:40.253,1787301460.253252029,REACHED,map,base_link,2.795025,-2.545172,1.444235,2.822400,-2.548300,map,2.822400,-2.548300,0.000353,-0.027551,0.027553,-1.557989,548,-1,-1,nan,0.000000,0.000000,0.000000,0.000000,,,off,policy_direct_scale,nan,nan,nan,nan,nan,nan,0,0,not_evaluated,not_evaluated
3,846,2026-08-21T16:37:40.774,1787301460.774075747,REACHED,map,base_link,2.793259,-2.543967,1.442426,2.822400,-2.548300,map,2.822400,-2.548300,-0.000567,-0.029456,0.029462,-1.590034,548,-1,-1,nan,0.000000,0.000000,0.000000,0.000000,,,off,policy_direct_scale,nan,nan,nan,nan,nan,nan,0,0,not_evaluated,not_evaluated
3,847,2026-08-21T16:37:41.293,1787301461.293082237,REACHED,map,base_link,2.794831,-2.543203,1.442248,2.822400,-2.548300,map,2.822400,-2.548300,-0.001521,-0.027995,0.028036,-1.625068,548,-1,-1,nan,0.000000,0.000000,0.000000,0.000000,,,off,policy_direct_scale,nan,nan,nan,nan,nan,nan,0,0,not_evaluated,not_evaluated
3,848,2026-08-21T16:37:41.813,1787301461.813219786,REACHED,map,base_link,2.795287,-2.545024,1.442756,2.822400,-2.548300,map,2.822400,-2.548300,0.000212,-0.027309,0.027310,-1.563015,548,-1,-1,nan,0.000000,0.000000,0.000000,0.000000,,,off,policy_direct_scale,nan,nan,nan,nan,nan,nan,0,0,not_evaluated,not_evaluated
3,849,2026-08-21T16:37:42.373,1787301462.373792171,REACHED,map,base_link,2.794018,-2.540602,1.443420,2.822400,-2.548300,map,2.822400,-2.548300,-0.004031,-0.029130,0.029408,-1.708288,548,-1,-1,nan,0.000000,0.000000,0.000000,0.000000,,,off,policy_direct_scale,nan,nan,nan,nan,nan,nan,0,0,not_evaluated,not_evaluated
3,850,2026-08-21T16:37:42.894,1787301462.894345045,REACHED,map,base_link,2.790262,-2.543251,1.443373,2.822400,-2.548300,map,2.822400,-2.548300,-0.000924,-0.032519,0.032532,-1.599202,548,-1,-1,nan,0.000000,0.000000,0.000000,0.000000,,,off,policy_direct_scale,nan,nan,nan,nan,nan,nan,0,0,not_evaluated,not_evaluated
3,851,2026-08-21T16:37:43.415,1787301463.415383816,REACHED,map,base_link,2.791491,-2.540660,1.442359,2.822400,-2.548300,map,2.822400,-2.548300,-0.003618,-0.031632,0.031839,-1.684683,548,-1,-1,nan,0.000000,0.000000,0.000000,0.000000,,,off,policy_direct_scale,nan,nan,nan,nan,nan,nan,0,0,not_evaluated,not_evaluated
3,852,2026-08-21T16:37:43.974,1787301463.974868298,REACHED,map,base_link,2.794438,-2.545390,1.444414,2.822400,-2.548300,map,2.822400,-2.548300,0.000638,-0.028106,0.028113,-1.548114,548,-1,-1,nan,0.000000,0.000000,0.000000,0.000000,,,off,policy_direct_scale,nan,nan,nan,nan,nan,nan,0,0,not_evaluated,not_evaluated
3,853,2026-08-21T16:37:44.493,1787301464.493127108,REACHED,map,base_link,2.788275,-2.538012,1.443595,2.822400,-2.548300,map,2.822400,-2.548300,-0.005876,-0.035155,0.035642,-1.736410,548,-1,-1,nan,0.000000,0.000000,0.000000,0.000000,,,off,policy_direct_scale,nan,nan,nan,nan,nan,nan,0,0,not_evaluated,not_evaluated
3,854,2026-08-21T16:37:45.013,1787301465.013324976,REACHED,map,base_link,2.791587,-2.546515,1.445190,2.822400,-2.548300,map,2.822400,-2.548300,0.002089,-0.030793,0.030864,-1.503057,548,-1,-1,nan,0.000000,0.000000,0.000000,0.000000,,,off,policy_direct_scale,nan,nan,nan,nan,nan,nan,0,0,not_evaluated,not_evaluated
3,855,2026-08-21T16:37:45.613,1787301465.613352537,REACHED,map,base_link,2.792447,-2.543658,1.445862,2.822400,-2.548300,map,2.822400,-2.548300,-0.000873,-0.030298,0.030310,-1.599618,548,-1,-1,nan,0.000000,0.000000,0.000000,0.000000,,,off,policy_direct_scale,nan,nan,nan,nan,nan,nan,0,0,not_evaluated,not_evaluated
3,856,2026-08-21T16:37:46.174,1787301466.173986673,REACHED,map,base_link,2.793319,-2.545984,1.444278,2.822400,-2.548300,map,2.822400,-2.548300,0.001372,-0.029141,0.029174,-1.523751,548,-1,-1,nan,0.000000,0.000000,0.000000,0.000000,,,off,policy_direct_scale,nan,nan,nan,nan,nan,nan,0,0,not_evaluated,not_evaluated
3,857,2026-08-21T16:37:46.693,1787301466.693068027,REACHED,map,base_link,2.792557,-2.543641,1.444399,2.822400,-2.548300,map,2.822400,-2.548300,-0.000860,-0.030193,0.030205,-1.599260,548,-1,-1,nan,0.000000,0.000000,0.000000,0.000000,,,off,policy_direct_scale,nan,nan,nan,nan,nan,nan,0,0,not_evaluated,not_evaluated
3,858,2026-08-21T16:37:47.214,1787301467.214025259,REACHED,map,base_link,2.796375,-2.545810,1.444392,2.822400,-2.548300,map,2.822400,-2.548300,0.000810,-0.026132,0.026144,-1.539793,548,-1,-1,nan,0.000000,0.000000,0.000000,0.000000,,,off,policy_direct_scale,nan,nan,nan,nan,nan,nan,0,0,not_evaluated,not_evaluated
3,859,2026-08-21T16:37:47.773,1787301467.773187160,REACHED,map,base_link,2.790173,-2.541628,1.444952,2.822400,-2.548300,map,2.822400,-2.548300,-0.002574,-0.032809,0.032910,-1.649093,548,-1,-1,nan,0.000000,0.000000,0.000000,0.000000,,,off,policy_direct_scale,nan,nan,nan,nan,nan,nan,0,0,not_evaluated,not_evaluated
3,860,2026-08-21T16:37:48.293,1787301468.293876886,REACHED,map,base_link,2.792155,-2.544416,1.445493,2.822400,-2.548300,map,2.822400,-2.548300,-0.000073,-0.030494,0.030494,-1.573202,548,-1,-1,nan,0.000000,0.000000,0.000000,0.000000,,,off,policy_direct_scale,nan,nan,nan,nan,nan,nan,0,0,not_evaluated,not_evaluated
3,861,2026-08-21T16:37:48.813,1787301468.812992811,REACHED,map,base_link,2.794503,-2.545536,1.444881,2.822400,-2.548300,map,2.822400,-2.548300,0.000761,-0.028023,0.028034,-1.543642,548,-1,-1,nan,0.000000,0.000000,0.000000,0.000000,,,off,policy_direct_scale,nan,nan,nan,nan,nan,nan,0,0,not_evaluated,not_evaluated
3,862,2026-08-21T16:37:49.333,1787301469.333280802,REACHED,map,base_link,2.792755,-2.542704,1.445253,2.822400,-2.548300,map,2.822400,-2.548300,-0.001840,-0.030112,0.030168,-1.631829,548,-1,-1,nan,0.000000,0.000000,0.000000,0.000000,,,off,policy_direct_scale,nan,nan,nan,nan,nan,nan,0,0,not_evaluated,not_evaluated
3,863,2026-08-21T16:37:49.853,1787301469.853275061,REACHED,map,base_link,2.788836,-2.543837,1.444637,2.822400,-2.548300,map,2.822400,-2.548300,-0.000205,-0.033859,0.033859,-1.576847,548,-1,-1,nan,0.000000,0.000000,0.000000,0.000000,,,off,policy_direct_scale,nan,nan,nan,nan,nan,nan,0,0,not_evaluated,not_evaluated
3,864,2026-08-21T16:37:50.413,1787301470.413177013,REACHED,map,base_link,2.792737,-2.544214,1.443647,2.822400,-2.548300,map,2.822400,-2.548300,-0.000292,-0.029941,0.029943,-1.580545,548,-1,-1,nan,0.000000,0.000000,0.000000,0.000000,,,off,policy_direct_scale,nan,nan,nan,nan,nan,nan,0,0,not_evaluated,not_evaluated
3,865,2026-08-21T16:37:50.933,1787301470.933317184,REACHED,map,base_link,2.792519,-2.545715,1.445347,2.822400,-2.548300,map,2.822400,-2.548300,0.001174,-0.029970,0.029993,-1.531659,548,-1,-1,nan,0.000000,0.000000,0.000000,0.000000,,,off,policy_direct_scale,nan,nan,nan,nan,nan,nan,0,0,not_evaluated,not_evaluated
3,866,2026-08-21T16:37:51.453,1787301471.453148127,REACHED,map,base_link,2.791536,-2.540225,1.444081,2.822400,-2.548300,map,2.822400,-2.548300,-0.004110,-0.031637,0.031902,-1.699977,548,-1,-1,nan,0.000000,0.000000,0.000000,0.000000,,,off,policy_direct_scale,nan,nan,nan,nan,nan,nan,0,0,not_evaluated,not_evaluated
3,867,2026-08-21T16:37:51.973,1787301471.973299026,REACHED,map,base_link,2.791997,-2.545324,1.443589,2.822400,-2.548300,map,2.822400,-2.548300,0.000905,-0.030535,0.030548,-1.541162,548,-1,-1,nan,0.000000,0.000000,0.000000,0.000000,,,off,policy_direct_scale,nan,nan,nan,nan,nan,nan,0,0,not_evaluated,not_evaluated
3,868,2026-08-21T16:37:52.494,1787301472.494058609,REACHED,map,base_link,2.791306,-2.540747,1.443009,2.822400,-2.548300,map,2.822400,-2.548300,-0.003529,-0.031803,0.031999,-1.681315,548,-1,-1,nan,0.000000,0.000000,0.000000,0.000000,,,off,policy_direct_scale,nan,nan,nan,nan,nan,nan,0,0,not_evaluated,not_evaluated
3,869,2026-08-21T16:37:53.012,1787301473.012941122,REACHED,map,base_link,2.794087,-2.543043,1.444599,2.822400,-2.548300,map,2.822400,-2.548300,-0.001651,-0.028749,0.028797,-1.628175,548,-1,-1,nan,0.000000,0.000000,0.000000,0.000000,,,off,policy_direct_scale,nan,nan,nan,nan,nan,nan,0,0,not_evaluated,not_evaluated
3,870,2026-08-21T16:37:53.573,1787301473.572987556,REACHED,map,base_link,2.786834,-2.543947,1.442370,2.822400,-2.548300,map,2.822400,-2.548300,0.000238,-0.035831,0.035831,-1.564154,548,-1,-1,nan,0.000000,0.000000,0.000000,0.000000,,,off,policy_direct_scale,nan,nan,nan,nan,nan,nan,0,0,not_evaluated,not_evaluated
3,871,2026-08-21T16:37:54.093,1787301474.093922615,REACHED,map,base_link,2.793879,-2.544180,1.444585,2.822400,-2.548300,map,2.822400,-2.548300,-0.000497,-0.028813,0.028818,-1.588055,548,-1,-1,nan,0.000000,0.000000,0.000000,0.000000,,,off,policy_direct_scale,nan,nan,nan,nan,nan,nan,0,0,not_evaluated,not_evaluated
3,872,2026-08-21T16:37:54.613,1787301474.613216162,REACHED,map,base_link,2.792667,-2.539864,1.444190,2.822400,-2.548300,map,2.822400,-2.548300,-0.004614,-0.030560,0.030906,-1.720651,548,-1,-1,nan,0.000000,0.000000,0.000000,0.000000,,,off,policy_direct_scale,nan,nan,nan,nan,nan,nan,0,0,not_evaluated,not_evaluated
3,873,2026-08-21T16:37:55.213,1787301475.213367939,REACHED,map,base_link,2.789194,-2.545231,1.444609,2.822400,-2.548300,map,2.822400,-2.548300,0.001135,-0.033328,0.033348,-1.536767,548,-1,-1,nan,0.000000,0.000000,0.000000,0.000000,,,off,policy_direct_scale,nan,nan,nan,nan,nan,nan,0,0,not_evaluated,not_evaluated
3,874,2026-08-21T16:37:55.733,1787301475.732986212,REACHED,map,base_link,2.793063,-2.545730,1.443226,2.822400,-2.548300,map,2.822400,-2.548300,0.001184,-0.029425,0.029449,-1.530594,548,-1,-1,nan,0.000000,0.000000,0.000000,0.000000,,,off,policy_direct_scale,nan,nan,nan,nan,nan,nan,0,0,not_evaluated,not_evaluated
3,875,2026-08-21T16:37:56.254,1787301476.254263163,REACHED,map,base_link,2.794615,-2.544545,1.443271,2.822400,-2.548300,map,2.822400,-2.548300,-0.000190,-0.028037,0.028038,-1.577586,548,-1,-1,nan,0.000000,0.000000,0.000000,0.000000,,,off,policy_direct_scale,nan,nan,nan,nan,nan,nan,0,0,not_evaluated,not_evaluated
3,876,2026-08-21T16:37:56.774,1787301476.774219513,REACHED,map,base_link,2.790203,-2.546123,1.445902,2.822400,-2.548300,map,2.822400,-2.548300,0.001851,-0.032218,0.032271,-1.513413,548,-1,-1,nan,0.000000,0.000000,0.000000,0.000000,,,off,policy_direct_scale,nan,nan,nan,nan,nan,nan,0,0,not_evaluated,not_evaluated
3,877,2026-08-21T16:37:57.293,1787301477.293154001,REACHED,map,base_link,2.792311,-2.542571,1.444375,2.822400,-2.548300,map,2.822400,-2.548300,-0.001889,-0.030572,0.030630,-1.632507,548,-1,-1,nan,0.000000,0.000000,0.000000,0.000000,,,off,policy_direct_scale,nan,nan,nan,nan,nan,nan,0,0,not_evaluated,not_evaluated
3,878,2026-08-21T16:37:57.813,1787301477.813538074,REACHED,map,base_link,2.792334,-2.547429,1.443817,2.822400,-2.548300,map,2.822400,-2.548300,0.002943,-0.029934,0.030078,-1.472786,548,-1,-1,nan,0.000000,0.000000,0.000000,0.000000,,,off,policy_direct_scale,nan,nan,nan,nan,nan,nan,0,0,not_evaluated,not_evaluated
3,879,2026-08-21T16:37:58.374,1787301478.373981476,REACHED,map,base_link,2.794900,-2.540263,1.445161,2.822400,-2.548300,map,2.822400,-2.548300,-0.004528,-0.028290,0.028650,-1.729515,548,-1,-1,nan,0.000000,0.000000,0.000000,0.000000,,,off,policy_direct_scale,nan,nan,nan,nan,nan,nan,0,0,not_evaluated,not_evaluated
3,880,2026-08-21T16:37:58.933,1787301478.933076620,REACHED,map,base_link,2.793879,-2.545845,1.444225,2.822400,-2.548300,map,2.822400,-2.548300,0.001165,-0.028603,0.028627,-1.530094,548,-1,-1,nan,0.000000,0.000000,0.000000,0.000000,,,off,policy_direct_scale,nan,nan,nan,nan,nan,nan,0,0,not_evaluated,not_evaluated
3,881,2026-08-21T16:37:59.453,1787301479.453858137,REACHED,map,base_link,2.790390,-2.545746,1.444707,2.822400,-2.548300,map,2.822400,-2.548300,0.001492,-0.032077,0.032111,-1.524315,548,-1,-1,nan,0.000000,0.000000,0.000000,0.000000,,,off,policy_direct_scale,nan,nan,nan,nan,nan,nan,0,0,not_evaluated,not_evaluated
3,882,2026-08-21T16:37:59.973,1787301479.973307133,REACHED,map,base_link,2.792951,-2.542677,1.443843,2.822400,-2.548300,map,2.822400,-2.548300,-0.001849,-0.029924,0.029981,-1.632509,548,-1,-1,nan,0.000000,0.000000,0.000000,0.000000,,,off,policy_direct_scale,nan,nan,nan,nan,nan,nan,0,0,not_evaluated,not_evaluated
3,883,2026-08-21T16:38:00.495,1787301480.494964361,REACHED,map,base_link,2.794276,-2.544306,1.442439,2.822400,-2.548300,map,2.822400,-2.548300,-0.000361,-0.028404,0.028406,-1.583505,548,-1,-1,nan,0.000000,0.000000,0.000000,0.000000,,,off,policy_direct_scale,nan,nan,nan,nan,nan,nan,0,0,not_evaluated,not_evaluated
3,884,2026-08-21T16:38:01.013,1787301481.013897419,REACHED,map,base_link,2.789919,-2.546481,1.445725,2.822400,-2.548300,map,2.822400,-2.548300,0.002247,-0.032454,0.032531,-1.501682,548,-1,-1,nan,0.000000,0.000000,0.000000,0.000000,,,off,policy_direct_scale,nan,nan,nan,nan,nan,nan,0,0,not_evaluated,not_evaluated
3,885,2026-08-21T16:38:01.573,1787301481.573750734,REACHED,map,base_link,2.796771,-2.543006,1.442164,2.822400,-2.548300,map,2.822400,-2.548300,-0.001962,-0.026096,0.026170,-1.645853,548,-1,-1,nan,0.000000,0.000000,0.000000,0.000000,,,off,policy_direct_scale,nan,nan,nan,nan,nan,nan,0,0,not_evaluated,not_evaluated
3,886,2026-08-21T16:38:02.093,1787301482.093760252,REACHED,map,base_link,2.792596,-2.544705,1.443501,2.822400,-2.548300,map,2.822400,-2.548300,0.000218,-0.030019,0.030020,-1.563531,548,-1,-1,nan,0.000000,0.000000,0.000000,0.000000,,,off,policy_direct_scale,nan,nan,nan,nan,nan,nan,0,0,not_evaluated,not_evaluated
3,887,2026-08-21T16:38:02.614,1787301482.614159822,REACHED,map,base_link,2.788880,-2.546369,1.441629,2.822400,-2.548300,map,2.822400,-2.548300,0.002402,-0.033490,0.033576,-1.499182,548,-1,-1,nan,0.000000,0.000000,0.000000,0.000000,,,off,policy_direct_scale,nan,nan,nan,nan,nan,nan,0,0,not_evaluated,not_evaluated
3,888,2026-08-21T16:38:03.173,1787301483.173486471,REACHED,map,base_link,2.792224,-2.541283,1.443530,2.822400,-2.548300,map,2.822400,-2.548300,-0.003130,-0.030823,0.030981,-1.672003,548,-1,-1,nan,0.000000,0.000000,0.000000,0.000000,,,off,policy_direct_scale,nan,nan,nan,nan,nan,nan,0,0,not_evaluated,not_evaluated
3,889,2026-08-21T16:38:03.693,1787301483.693012238,REACHED,map,base_link,2.790112,-2.547169,1.443171,2.822400,-2.548300,map,2.822400,-2.548300,0.002988,-0.032170,0.032308,-1.478175,548,-1,-1,nan,0.000000,0.000000,0.000000,0.000000,,,off,policy_direct_scale,nan,nan,nan,nan,nan,nan,0,0,not_evaluated,not_evaluated
3,890,2026-08-21T16:38:04.213,1787301484.213456392,REACHED,map,base_link,2.790476,-2.544011,1.444248,2.822400,-2.548300,map,2.822400,-2.548300,-0.000225,-0.032210,0.032211,-1.577790,548,-1,-1,nan,0.000000,0.000000,0.000000,0.000000,,,off,policy_direct_scale,nan,nan,nan,nan,nan,nan,0,0,not_evaluated,not_evaluated
3,891,2026-08-21T16:38:04.773,1787301484.773438692,REACHED,map,base_link,2.790480,-2.544559,1.444553,2.822400,-2.548300,map,2.822400,-2.548300,0.000308,-0.032137,0.032139,-1.561206,548,-1,-1,nan,0.000000,0.000000,0.000000,0.000000,,,off,policy_direct_scale,nan,nan,nan,nan,nan,nan,0,0,not_evaluated,not_evaluated
3,892,2026-08-21T16:38:05.293,1787301485.293328047,REACHED,map,base_link,2.789712,-2.539691,1.443860,2.822400,-2.548300,map,2.822400,-2.548300,-0.004402,-0.033514,0.033802,-1.701383,548,-1,-1,nan,0.000000,0.000000,0.000000,0.000000,,,off,policy_direct_scale,nan,nan,nan,nan,nan,nan,0,0,not_evaluated,not_evaluated
3,893,2026-08-21T16:38:05.814,1787301485.814221144,REACHED,map,base_link,2.794870,-2.543582,1.445485,2.822400,-2.548300,map,2.822400,-2.548300,-0.001240,-0.027904,0.027932,-1.615198,548,-1,-1,nan,0.000000,0.000000,0.000000,0.000000,,,off,policy_direct_scale,nan,nan,nan,nan,nan,nan,0,0,not_evaluated,not_evaluated
3,894,2026-08-21T16:38:06.373,1787301486.373001575,REACHED,map,base_link,2.792167,-2.544578,1.445412,2.822400,-2.548300,map,2.822400,-2.548300,0.000088,-0.030461,0.030462,-1.567913,548,-1,-1,nan,0.000000,0.000000,0.000000,0.000000,,,off,policy_direct_scale,nan,nan,nan,nan,nan,nan,0,0,not_evaluated,not_evaluated
3,895,2026-08-21T16:38:06.893,1787301486.893327475,REACHED,map,base_link,2.791327,-2.542824,1.445114,2.822400,-2.548300,map,2.822400,-2.548300,-0.001537,-0.031514,0.031552,-1.619537,548,-1,-1,nan,0.000000,0.000000,0.000000,0.000000,,,off,policy_direct_scale,nan,nan,nan,nan,nan,nan,0,0,not_evaluated,not_evaluated
3,896,2026-08-21T16:38:07.413,1787301487.413625240,REACHED,map,base_link,2.793891,-2.543287,1.445128,2.822400,-2.548300,map,2.822400,-2.548300,-0.001400,-0.028912,0.028946,-1.619180,548,-1,-1,nan,0.000000,0.000000,0.000000,0.000000,,,off,policy_direct_scale,nan,nan,nan,nan,nan,nan,0,0,not_evaluated,not_evaluated
3,897,2026-08-21T16:38:07.934,1787301487.934261799,REACHED,map,base_link,2.789448,-2.546045,1.443877,2.822400,-2.548300,map,2.822400,-2.548300,0.001934,-0.032972,0.033029,-1.512197,548,-1,-1,nan,0.000000,0.000000,0.000000,0.000000,,,off,policy_direct_scale,nan,nan,nan,nan,nan,nan,0,0,not_evaluated,not_evaluated
3,898,2026-08-21T16:38:08.453,1787301488.453669071,REACHED,map,base_link,2.791240,-2.545497,1.443409,2.822400,-2.548300,map,2.822400,-2.548300,0.001179,-0.031264,0.031286,-1.533112,548,-1,-1,nan,0.000000,0.000000,0.000000,0.000000,,,off,policy_direct_scale,nan,nan,nan,nan,nan,nan,0,0,not_evaluated,not_evaluated
3,899,2026-08-21T16:38:08.973,1787301488.973387957,REACHED,map,base_link,2.793094,-2.548651,1.443051,2.822400,-2.548300,map,2.822400,-2.548300,0.004082,-0.029023,0.029309,-1.431066,548,-1,-1,nan,0.000000,0.000000,0.000000,0.000000,,,off,policy_direct_scale,nan,nan,nan,nan,nan,nan,0,0,not_evaluated,not_evaluated
3,900,2026-08-21T16:38:09.493,1787301489.493274212,REACHED,map,base_link,2.789700,-2.539306,1.442257,2.822400,-2.548300,map,2.822400,-2.548300,-0.004728,-0.033583,0.033914,-1.710666,548,-1,-1,nan,0.000000,0.000000,0.000000,0.000000,,,off,policy_direct_scale,nan,nan,nan,nan,nan,nan,0,0,not_evaluated,not_evaluated
3,901,2026-08-21T16:38:10.013,1787301490.013024569,REACHED,map,base_link,2.792362,-2.547987,1.444480,2.822400,-2.548300,map,2.822400,-2.548300,0.003473,-0.029838,0.030040,-1.454908,548,-1,-1,nan,0.000000,0.000000,0.000000,0.000000,,,off,policy_direct_scale,nan,nan,nan,nan,nan,nan,0,0,not_evaluated,not_evaluated
3,902,2026-08-21T16:38:10.653,1787301490.653719425,REACHED,map,base_link,2.791453,-2.543764,1.444499,2.822400,-2.548300,map,2.822400,-2.548300,-0.000601,-0.031271,0.031277,-1.590029,548,-1,-1,nan,0.000000,0.000000,0.000000,0.000000,,,off,policy_direct_scale,nan,nan,nan,nan,nan,nan,0,0,not_evaluated,not_evaluated
3,903,2026-08-21T16:38:11.172,1787301491.172932625,REACHED,map,base_link,2.791675,-2.544529,1.443004,2.822400,-2.548300,map,2.822400,-2.548300,0.000175,-0.030955,0.030956,-1.565138,548,-1,-1,nan,0.000000,0.000000,0.000000,0.000000,,,off,policy_direct_scale,nan,nan,nan,nan,nan,nan,0,0,not_evaluated,not_evaluated
3,904,2026-08-21T16:38:11.693,1787301491.693170071,REACHED,map,base_link,2.793431,-2.542645,1.443642,2.822400,-2.548300,map,2.822400,-2.548300,-0.001936,-0.029452,0.029516,-1.636420,548,-1,-1,nan,0.000000,0.000000,0.000000,0.000000,,,off,policy_direct_scale,nan,nan,nan,nan,nan,nan,0,0,not_evaluated,not_evaluated
3,905,2026-08-21T16:38:12.213,1787301492.213221788,REACHED,map,base_link,2.795184,-2.547315,1.445663,2.822400,-2.548300,map,2.822400,-2.548300,0.002420,-0.027126,0.027234,-1.481833,548,-1,-1,nan,0.000000,0.000000,0.000000,0.000000,,,off,policy_direct_scale,nan,nan,nan,nan,nan,nan,0,0,not_evaluated,not_evaluated
3,906,2026-08-21T16:38:12.813,1787301492.813483715,REACHED,map,base_link,2.791207,-2.543522,1.443710,2.822400,-2.548300,map,2.822400,-2.548300,-0.000786,-0.031547,0.031557,-1.595714,548,-1,-1,nan,0.000000,0.000000,0.000000,0.000000,,,off,policy_direct_scale,nan,nan,nan,nan,nan,nan,0,0,not_evaluated,not_evaluated
3,907,2026-08-21T16:38:13.373,1787301493.373430729,REACHED,map,base_link,2.793408,-2.545337,1.443802,2.822400,-2.548300,map,2.822400,-2.548300,0.000733,-0.029133,0.029143,-1.545645,548,-1,-1,nan,0.000000,0.000000,0.000000,0.000000,,,off,policy_direct_scale,nan,nan,nan,nan,nan,nan,0,0,not_evaluated,not_evaluated
3,908,2026-08-21T16:38:13.893,1787301493.893576384,REACHED,map,base_link,2.794943,-2.542257,1.443751,2.822400,-2.548300,map,2.822400,-2.548300,-0.002515,-0.028001,0.028114,-1.660380,548,-1,-1,nan,0.000000,0.000000,0.000000,0.000000,,,off,policy_direct_scale,nan,nan,nan,nan,nan,nan,0,0,not_evaluated,not_evaluated
3,909,2026-08-21T16:38:14.413,1787301494.413053513,REACHED,map,base_link,2.791817,-2.547526,1.442209,2.822400,-2.548300,map,2.822400,-2.548300,0.003154,-0.030430,0.030593,-1.467509,548,-1,-1,nan,0.000000,0.000000,0.000000,0.000000,,,off,policy_direct_scale,nan,nan,nan,nan,nan,nan,0,0,not_evaluated,not_evaluated
3,910,2026-08-21T16:38:14.973,1787301494.973129034,REACHED,map,base_link,2.791059,-2.545250,1.444972,2.822400,-2.548300,map,2.822400,-2.548300,0.000907,-0.031476,0.031489,-1.541997,548,-1,-1,nan,0.000000,0.000000,0.000000,0.000000,,,off,policy_direct_scale,nan,nan,nan,nan,nan,nan,0,0,not_evaluated,not_evaluated
3,911,2026-08-21T16:38:15.493,1787301495.493592739,REACHED,map,base_link,2.789625,-2.544272,1.446551,2.822400,-2.548300,map,2.822400,-2.548300,0.000065,-0.033022,0.033022,-1.568835,548,-1,-1,nan,0.000000,0.000000,0.000000,0.000000,,,off,policy_direct_scale,nan,nan,nan,nan,nan,nan,0,0,not_evaluated,not_evaluated
3,912,2026-08-21T16:38:16.014,1787301496.014041185,REACHED,map,base_link,2.793739,-2.544358,1.442416,2.822400,-2.548300,map,2.822400,-2.548300,-0.000240,-0.028929,0.028930,-1.579097,548,-1,-1,nan,0.000000,0.000000,0.000000,0.000000,,,off,policy_direct_scale,nan,nan,nan,nan,nan,nan,0,0,not_evaluated,not_evaluated
3,913,2026-08-21T16:38:16.573,1787301496.573496103,REACHED,map,base_link,2.793669,-2.544772,1.445496,2.822400,-2.548300,map,2.822400,-2.548300,0.000090,-0.028947,0.028947,-1.567691,548,-1,-1,nan,0.000000,0.000000,0.000000,0.000000,,,off,policy_direct_scale,nan,nan,nan,nan,nan,nan,0,0,not_evaluated,not_evaluated
3,914,2026-08-21T16:38:17.093,1787301497.093291998,REACHED,map,base_link,2.795226,-2.543943,1.445283,2.822400,-2.548300,map,2.822400,-2.548300,-0.000921,-0.027505,0.027521,-1.604259,548,-1,-1,nan,0.000000,0.000000,0.000000,0.000000,,,off,policy_direct_scale,nan,nan,nan,nan,nan,nan,0,0,not_evaluated,not_evaluated
3,915,2026-08-21T16:38:17.613,1787301497.613011360,REACHED,map,base_link,2.793155,-2.541978,1.444247,2.822400,-2.548300,map,2.822400,-2.548300,-0.002580,-0.029809,0.029921,-1.657139,548,-1,-1,nan,0.000000,0.000000,0.000000,0.000000,,,off,policy_direct_scale,nan,nan,nan,nan,nan,nan,0,0,not_evaluated,not_evaluated
3,916,2026-08-21T16:38:18.173,1787301498.173709154,REACHED,map,base_link,2.794568,-2.546537,1.445402,2.822400,-2.548300,map,2.822400,-2.548300,0.001731,-0.027834,0.027887,-1.508671,548,-1,-1,nan,0.000000,0.000000,0.000000,0.000000,,,off,policy_direct_scale,nan,nan,nan,nan,nan,nan,0,0,not_evaluated,not_evaluated
3,917,2026-08-21T16:38:18.694,1787301498.694625139,REACHED,map,base_link,2.795907,-2.541180,1.448349,2.822400,-2.548300,map,2.822400,-2.548300,-0.003831,-0.027164,0.027433,-1.710897,548,-1,-1,nan,0.000000,0.000000,0.000000,0.000000,,,off,policy_direct_scale,nan,nan,nan,nan,nan,nan,0,0,not_evaluated,not_evaluated
3,918,2026-08-21T16:38:19.213,1787301499.213163137,REACHED,map,base_link,2.793894,-2.543470,1.445159,2.822400,-2.548300,map,2.822400,-2.548300,-0.001220,-0.028886,0.028912,-1.613015,548,-1,-1,nan,0.000000,0.000000,0.000000,0.000000,,,off,policy_direct_scale,nan,nan,nan,nan,nan,nan,0,0,not_evaluated,not_evaluated
3,919,2026-08-21T16:38:19.774,1787301499.774313927,REACHED,map,base_link,2.792567,-2.546169,1.443299,2.822400,-2.548300,map,2.822400,-2.548300,0.001680,-0.029861,0.029909,-1.514604,548,-1,-1,nan,0.000000,0.000000,0.000000,0.000000,,,off,policy_direct_scale,nan,nan,nan,nan,nan,nan,0,0,not_evaluated,not_evaluated
3,920,2026-08-21T16:38:20.294,1787301500.294366837,REACHED,map,base_link,2.794138,-2.543606,1.441139,2.822400,-2.548300,map,2.822400,-2.548300,-0.001000,-0.028631,0.028649,-1.605714,548,-1,-1,nan,0.000000,0.000000,0.000000,0.000000,,,off,policy_direct_scale,nan,nan,nan,nan,nan,nan,0,0,not_evaluated,not_evaluated
3,921,2026-08-21T16:38:20.814,1787301500.814408779,REACHED,map,base_link,2.790329,-2.542906,1.444190,2.822400,-2.548300,map,2.822400,-2.548300,-0.001301,-0.032496,0.032522,-1.610815,548,-1,-1,nan,0.000000,0.000000,0.000000,0.000000,,,off,policy_direct_scale,nan,nan,nan,nan,nan,nan,0,0,not_evaluated,not_evaluated
3,922,2026-08-21T16:38:21.413,1787301501.413514853,REACHED,map,base_link,2.791957,-2.545861,1.442795,2.822400,-2.548300,map,2.822400,-2.548300,0.001467,-0.030505,0.030540,-1.522731,548,-1,-1,nan,0.000000,0.000000,0.000000,0.000000,,,off,policy_direct_scale,nan,nan,nan,nan,nan,nan,0,0,not_evaluated,not_evaluated
3,923,2026-08-21T16:38:21.973,1787301501.973103285,REACHED,map,base_link,2.793303,-2.544546,1.441940,2.822400,-2.548300,map,2.822400,-2.548300,0.000016,-0.029338,0.029338,-1.570242,548,-1,-1,nan,0.000000,0.000000,0.000000,0.000000,,,off,policy_direct_scale,nan,nan,nan,nan,nan,nan,0,0,not_evaluated,not_evaluated
3,924,2026-08-21T16:38:22.493,1787301502.493039370,REACHED,map,base_link,2.792139,-2.541359,1.444242,2.822400,-2.548300,map,2.822400,-2.548300,-0.003066,-0.030895,0.031047,-1.669700,548,-1,-1,nan,0.000000,0.000000,0.000000,0.000000,,,off,policy_direct_scale,nan,nan,nan,nan,nan,nan,0,0,not_evaluated,not_evaluated
3,925,2026-08-21T16:38:23.013,1787301503.013138056,REACHED,map,base_link,2.794349,-2.542303,1.443990,2.822400,-2.548300,map,2.822400,-2.548300,-0.002401,-0.028585,0.028685,-1.654604,548,-1,-1,nan,0.000000,0.000000,0.000000,0.000000,,,off,policy_direct_scale,nan,nan,nan,nan,nan,nan,0,0,not_evaluated,not_evaluated
3,926,2026-08-21T16:38:23.572,1787301503.572918415,REACHED,map,base_link,2.791829,-2.545654,1.445033,2.822400,-2.548300,map,2.822400,-2.548300,0.001210,-0.030662,0.030685,-1.531368,548,-1,-1,nan,0.000000,0.000000,0.000000,0.000000,,,off,policy_direct_scale,nan,nan,nan,nan,nan,nan,0,0,not_evaluated,not_evaluated
3,927,2026-08-21T16:38:24.094,1787301504.094046593,REACHED,map,base_link,2.795695,-2.546024,1.443821,2.822400,-2.548300,map,2.822400,-2.548300,0.001124,-0.026779,0.026802,-1.528843,548,-1,-1,nan,0.000000,0.000000,0.000000,0.000000,,,off,policy_direct_scale,nan,nan,nan,nan,nan,nan,0,0,not_evaluated,not_evaluated
3,928,2026-08-21T16:38:24.613,1787301504.613720894,REACHED,map,base_link,2.785920,-2.543862,1.444694,2.822400,-2.548300,map,2.822400,-2.548300,0.000185,-0.036748,0.036749,-1.565751,548,-1,-1,nan,0.000000,0.000000,0.000000,0.000000,,,off,policy_direct_scale,nan,nan,nan,nan,nan,nan,0,0,not_evaluated,not_evaluated
3,929,2026-08-21T16:38:25.173,1787301505.173380613,REACHED,map,base_link,2.788539,-2.544723,1.444543,2.822400,-2.548300,map,2.822400,-2.548300,0.000715,-0.034042,0.034049,-1.549783,548,-1,-1,nan,0.000000,0.000000,0.000000,0.000000,,,off,policy_direct_scale,nan,nan,nan,nan,nan,nan,0,0,not_evaluated,not_evaluated
3,930,2026-08-21T16:38:25.694,1787301505.694055080,REACHED,map,base_link,2.792411,-2.542040,1.445453,2.822400,-2.548300,map,2.822400,-2.548300,-0.002462,-0.030536,0.030635,-1.651242,548,-1,-1,nan,0.000000,0.000000,0.000000,0.000000,,,off,policy_direct_scale,nan,nan,nan,nan,nan,nan,0,0,not_evaluated,not_evaluated
3,931,2026-08-21T16:38:26.213,1787301506.213640213,REACHED,map,base_link,2.790355,-2.542993,1.444286,2.822400,-2.548300,map,2.822400,-2.548300,-0.001221,-0.032458,0.032481,-1.608400,548,-1,-1,nan,0.000000,0.000000,0.000000,0.000000,,,off,policy_direct_scale,nan,nan,nan,nan,nan,nan,0,0,not_evaluated,not_evaluated
3,932,2026-08-21T16:38:26.773,1787301506.773442984,REACHED,map,base_link,2.794358,-2.543261,1.443408,2.822400,-2.548300,map,2.822400,-2.548300,-0.001436,-0.028455,0.028491,-1.621214,548,-1,-1,nan,0.000000,0.000000,0.000000,0.000000,,,off,policy_direct_scale,nan,nan,nan,nan,nan,nan,0,0,not_evaluated,not_evaluated
3,933,2026-08-21T16:38:27.293,1787301507.293082237,REACHED,map,base_link,2.792268,-2.545343,1.445346,2.822400,-2.548300,map,2.822400,-2.548300,0.000837,-0.030265,0.030277,-1.543161,548,-1,-1,nan,0.000000,0.000000,0.000000,0.000000,,,off,policy_direct_scale,nan,nan,nan,nan,nan,nan,0,0,not_evaluated,not_evaluated
3,934,2026-08-21T16:38:27.813,1787301507.813251257,REACHED,map,base_link,2.792670,-2.544463,1.445037,2.822400,-2.548300,map,2.822400,-2.548300,-0.000078,-0.029976,0.029976,-1.573403,548,-1,-1,nan,0.000000,0.000000,0.000000,0.000000,,,off,policy_direct_scale,nan,nan,nan,nan,nan,nan,0,0,not_evaluated,not_evaluated
3,935,2026-08-21T16:38:28.373,1787301508.373088598,REACHED,map,base_link,2.796187,-2.542268,1.442693,2.822400,-2.548300,map,2.822400,-2.548300,-0.002634,-0.026769,0.026898,-1.668869,548,-1,-1,nan,0.000000,0.000000,0.000000,0.000000,,,off,policy_direct_scale,nan,nan,nan,nan,nan,nan,0,0,not_evaluated,not_evaluated
3,936,2026-08-21T16:38:28.893,1787301508.893549204,REACHED,map,base_link,2.790401,-2.543245,1.444674,2.822400,-2.548300,map,2.822400,-2.548300,-0.000990,-0.032381,0.032396,-1.601354,548,-1,-1,nan,0.000000,0.000000,0.000000,0.000000,,,off,policy_direct_scale,nan,nan,nan,nan,nan,nan,0,0,not_evaluated,not_evaluated
3,937,2026-08-21T16:38:29.413,1787301509.413875341,REACHED,map,base_link,2.787886,-2.548516,1.442903,2.822400,-2.548300,map,2.822400,-2.548300,0.004616,-0.034205,0.034515,-1.436656,548,-1,-1,nan,0.000000,0.000000,0.000000,0.000000,,,off,policy_direct_scale,nan,nan,nan,nan,nan,nan,0,0,not_evaluated,not_evaluated
3,938,2026-08-21T16:38:29.973,1787301509.973097563,REACHED,map,base_link,2.790545,-2.542692,1.443592,2.822400,-2.548300,map,2.822400,-2.548300,-0.001521,-0.032309,0.032345,-1.617843,548,-1,-1,nan,0.000000,0.000000,0.000000,0.000000,,,off,policy_direct_scale,nan,nan,nan,nan,nan,nan,0,0,not_evaluated,not_evaluated
3,939,2026-08-21T16:38:30.493,1787301510.493050814,REACHED,map,base_link,2.796640,-2.544299,1.442343,2.822400,-2.548300,map,2.822400,-2.548300,-0.000668,-0.026060,0.026069,-1.596427,548,-1,-1,nan,0.000000,0.000000,0.000000,0.000000,,,off,policy_direct_scale,nan,nan,nan,nan,nan,nan,0,0,not_evaluated,not_evaluated
3,940,2026-08-21T16:38:31.013,1787301511.013893127,REACHED,map,base_link,2.786906,-2.547039,1.444738,2.822400,-2.548300,map,2.822400,-2.548300,0.003211,-0.035371,0.035516,-1.480252,548,-1,-1,nan,0.000000,0.000000,0.000000,0.000000,,,off,policy_direct_scale,nan,nan,nan,nan,nan,nan,0,0,not_evaluated,not_evaluated
3,941,2026-08-21T16:38:31.573,1787301511.573734760,REACHED,map,base_link,2.789578,-2.541463,1.443055,2.822400,-2.548300,map,2.822400,-2.548300,-0.002600,-0.033426,0.033527,-1.648414,548,-1,-1,nan,0.000000,0.000000,0.000000,0.000000,,,off,policy_direct_scale,nan,nan,nan,nan,nan,nan,0,0,not_evaluated,not_evaluated
3,942,2026-08-21T16:38:32.093,1787301512.093418598,REACHED,map,base_link,2.794852,-2.542643,1.443934,2.822400,-2.548300,map,2.822400,-2.548300,-0.002126,-0.028042,0.028123,-1.646470,548,-1,-1,nan,0.000000,0.000000,0.000000,0.000000,,,off,policy_direct_scale,nan,nan,nan,nan,nan,nan,0,0,not_evaluated,not_evaluated
3,943,2026-08-21T16:38:32.613,1787301512.613053322,REACHED,map,base_link,2.794857,-2.545684,1.443977,2.822400,-2.548300,map,2.822400,-2.548300,0.000889,-0.027652,0.027666,-1.538663,548,-1,-1,nan,0.000000,0.000000,0.000000,0.000000,,,off,policy_direct_scale,nan,nan,nan,nan,nan,nan,0,0,not_evaluated,not_evaluated
3,944,2026-08-21T16:38:33.133,1787301513.133636475,REACHED,map,base_link,2.788220,-2.541800,1.445910,2.822400,-2.548300,map,2.822400,-2.548300,-0.002192,-0.034724,0.034793,-1.633842,548,-1,-1,nan,0.000000,0.000000,0.000000,0.000000,,,off,policy_direct_scale,nan,nan,nan,nan,nan,nan,0,0,not_evaluated,not_evaluated
3,945,2026-08-21T16:38:33.653,1787301513.653808594,REACHED,map,base_link,2.797209,-2.545494,1.445805,2.822400,-2.548300,map,2.822400,-2.548300,0.000356,-0.025345,0.025347,-1.556743,548,-1,-1,nan,0.000000,0.000000,0.000000,0.000000,,,off,policy_direct_scale,nan,nan,nan,nan,nan,nan,0,0,not_evaluated,not_evaluated
3,946,2026-08-21T16:38:34.173,1787301514.173407793,REACHED,map,base_link,2.792091,-2.541323,1.444342,2.822400,-2.548300,map,2.822400,-2.548300,-0.003099,-0.030947,0.031101,-1.670610,548,-1,-1,nan,0.000000,0.000000,0.000000,0.000000,,,off,policy_direct_scale,nan,nan,nan,nan,nan,nan,0,0,not_evaluated,not_evaluated
3,947,2026-08-21T16:38:34.693,1787301514.693891287,REACHED,map,base_link,2.790283,-2.547022,1.444282,2.822400,-2.548300,map,2.822400,-2.548300,0.002785,-0.032021,0.032142,-1.484050,548,-1,-1,nan,0.000000,0.000000,0.000000,0.000000,,,off,policy_direct_scale,nan,nan,nan,nan,nan,nan,0,0,not_evaluated,not_evaluated
3,948,2026-08-21T16:38:35.213,1787301515.213266611,REACHED,map,base_link,2.786996,-2.543520,1.444925,2.822400,-2.548300,map,2.822400,-2.548300,-0.000297,-0.035724,0.035725,-1.579115,548,-1,-1,nan,0.000000,0.000000,0.000000,0.000000,,,off,policy_direct_scale,nan,nan,nan,nan,nan,nan,0,0,not_evaluated,not_evaluated
3,949,2026-08-21T16:38:35.773,1787301515.773003817,REACHED,map,base_link,2.791742,-2.544399,1.444715,2.822400,-2.548300,map,2.822400,-2.548300,-0.000015,-0.030905,0.030905,-1.571290,548,-1,-1,nan,0.000000,0.000000,0.000000,0.000000,,,off,policy_direct_scale,nan,nan,nan,nan,nan,nan,0,0,not_evaluated,not_evaluated
3,950,2026-08-21T16:38:36.293,1787301516.293256998,REACHED,map,base_link,2.789583,-2.546531,1.443985,2.822400,-2.548300,map,2.822400,-2.548300,0.002396,-0.032777,0.032864,-1.497832,548,-1,-1,nan,0.000000,0.000000,0.000000,0.000000,,,off,policy_direct_scale,nan,nan,nan,nan,nan,nan,0,0,not_evaluated,not_evaluated
3,951,2026-08-21T16:38:36.813,1787301516.813880920,REACHED,map,base_link,2.792572,-2.543333,1.442147,2.822400,-2.548300,map,2.822400,-2.548300,-0.001099,-0.030219,0.030239,-1.607158,548,-1,-1,nan,0.000000,0.000000,0.000000,0.000000,,,off,policy_direct_scale,nan,nan,nan,nan,nan,nan,0,0,not_evaluated,not_evaluated
3,952,2026-08-21T16:38:37.373,1787301517.373241663,REACHED,map,base_link,2.791346,-2.541831,1.445246,2.822400,-2.548300,map,2.822400,-2.548300,-0.002529,-0.031619,0.031720,-1.650616,548,-1,-1,nan,0.000000,0.000000,0.000000,0.000000,,,off,policy_direct_scale,nan,nan,nan,nan,nan,nan,0,0,not_evaluated,not_evaluated
3,953,2026-08-21T16:38:37.893,1787301517.893747807,REACHED,map,base_link,2.796552,-2.545414,1.444105,2.822400,-2.548300,map,2.822400,-2.548300,0.000403,-0.026006,0.026009,-1.555294,548,-1,-1,nan,0.000000,0.000000,0.000000,0.000000,,,off,policy_direct_scale,nan,nan,nan,nan,nan,nan,0,0,not_evaluated,not_evaluated
3,954,2026-08-21T16:38:38.413,1787301518.413303614,REACHED,map,base_link,2.794210,-2.543766,1.445092,2.822400,-2.548300,map,2.822400,-2.548300,-0.000964,-0.028536,0.028552,-1.604561,548,-1,-1,nan,0.000000,0.000000,0.000000,0.000000,,,off,policy_direct_scale,nan,nan,nan,nan,nan,nan,0,0,not_evaluated,not_evaluated
3,955,2026-08-21T16:38:38.974,1787301518.974060297,REACHED,map,base_link,2.795020,-2.546372,1.445507,2.822400,-2.548300,map,2.822400,-2.548300,0.001508,-0.027406,0.027448,-1.515813,548,-1,-1,nan,0.000000,0.000000,0.000000,0.000000,,,off,policy_direct_scale,nan,nan,nan,nan,nan,nan,0,0,not_evaluated,not_evaluated
3,956,2026-08-21T16:38:39.493,1787301519.493644953,REACHED,map,base_link,2.793755,-2.542042,1.443141,2.822400,-2.548300,map,2.822400,-2.548300,-0.002560,-0.029208,0.029320,-1.658221,548,-1,-1,nan,0.000000,0.000000,0.000000,0.000000,,,off,policy_direct_scale,nan,nan,nan,nan,nan,nan,0,0,not_evaluated,not_evaluated
3,957,2026-08-21T16:38:40.013,1787301520.013194323,REACHED,map,base_link,2.793909,-2.545936,1.443381,2.822400,-2.548300,map,2.822400,-2.548300,0.001275,-0.028561,0.028589,-1.526172,548,-1,-1,nan,0.000000,0.000000,0.000000,0.000000,,,off,policy_direct_scale,nan,nan,nan,nan,nan,nan,0,0,not_evaluated,not_evaluated
3,958,2026-08-21T16:38:40.573,1787301520.572985172,REACHED,map,base_link,2.792215,-2.544187,1.443961,2.822400,-2.548300,map,2.822400,-2.548300,-0.000261,-0.030463,0.030464,-1.579375,548,-1,-1,nan,0.000000,0.000000,0.000000,0.000000,,,off,policy_direct_scale,nan,nan,nan,nan,nan,nan,0,0,not_evaluated,not_evaluated
3,959,2026-08-21T16:38:41.096,1787301521.096665382,REACHED,map,base_link,2.792692,-2.543020,1.442632,2.822400,-2.548300,map,2.822400,-2.548300,-0.001439,-0.030139,0.030173,-1.618514,548,-1,-1,nan,0.000000,0.000000,0.000000,0.000000,,,off,policy_direct_scale,nan,nan,nan,nan,nan,nan,0,0,not_evaluated,not_evaluated
3,960,2026-08-21T16:38:41.612,1787301521.612892628,REACHED,map,base_link,2.791611,-2.545474,1.444808,2.822400,-2.548300,map,2.822400,-2.548300,0.001066,-0.030900,0.030919,-1.536322,548,-1,-1,nan,0.000000,0.000000,0.000000,0.000000,,,off,policy_direct_scale,nan,nan,nan,nan,nan,nan,0,0,not_evaluated,not_evaluated
3,961,2026-08-21T16:38:42.173,1787301522.173286676,REACHED,map,base_link,2.794454,-2.547179,1.443908,2.822400,-2.548300,map,2.822400,-2.548300,0.002424,-0.027864,0.027969,-1.484007,548,-1,-1,nan,0.000000,0.000000,0.000000,0.000000,,,off,policy_direct_scale,nan,nan,nan,nan,nan,nan,0,0,not_evaluated,not_evaluated
3,962,2026-08-21T16:38:42.695,1787301522.695647717,REACHED,map,base_link,2.795180,-2.543698,1.443015,2.822400,-2.548300,map,2.822400,-2.548300,-0.001095,-0.027585,0.027607,-1.610482,548,-1,-1,nan,0.000000,0.000000,0.000000,0.000000,,,off,policy_direct_scale,nan,nan,nan,nan,nan,nan,0,0,not_evaluated,not_evaluated
3,963,2026-08-21T16:38:43.213,1787301523.213739157,REACHED,map,base_link,2.786183,-2.545819,1.444328,2.822400,-2.548300,map,2.822400,-2.548300,0.002107,-0.036241,0.036302,-1.512733,548,-1,-1,nan,0.000000,0.000000,0.000000,0.000000,,,off,policy_direct_scale,nan,nan,nan,nan,nan,nan,0,0,not_evaluated,not_evaluated
3,964,2026-08-21T16:38:43.733,1787301523.733800888,REACHED,map,base_link,2.796441,-2.544729,1.443184,2.822400,-2.548300,map,2.822400,-2.548300,-0.000238,-0.026203,0.026204,-1.579875,548,-1,-1,nan,0.000000,0.000000,0.000000,0.000000,,,off,policy_direct_scale,nan,nan,nan,nan,nan,nan,0,0,not_evaluated,not_evaluated
3,965,2026-08-21T16:38:44.253,1787301524.253538370,REACHED,map,base_link,2.789916,-2.539372,1.443672,2.822400,-2.548300,map,2.822400,-2.548300,-0.004738,-0.033354,0.033689,-1.711903,548,-1,-1,nan,0.000000,0.000000,0.000000,0.000000,,,off,policy_direct_scale,nan,nan,nan,nan,nan,nan,0,0,not_evaluated,not_evaluated
3,966,2026-08-21T16:38:44.773,1787301524.773056507,REACHED,map,base_link,2.790250,-2.548529,1.445850,2.822400,-2.548300,map,2.822400,-2.548300,0.004234,-0.031871,0.032151,-1.438714,548,-1,-1,nan,0.000000,0.000000,0.000000,0.000000,,,off,policy_direct_scale,nan,nan,nan,nan,nan,nan,0,0,not_evaluated,not_evaluated
3,967,2026-08-21T16:38:45.293,1787301525.293186188,REACHED,map,base_link,2.791081,-2.547570,1.444436,2.822400,-2.548300,map,2.822400,-2.548300,0.003222,-0.031161,0.031327,-1.467753,548,-1,-1,nan,0.000000,0.000000,0.000000,0.000000,,,off,policy_direct_scale,nan,nan,nan,nan,nan,nan,0,0,not_evaluated,not_evaluated
3,968,2026-08-21T16:38:45.813,1787301525.813790083,REACHED,map,base_link,2.792784,-2.548015,1.444781,2.822400,-2.548300,map,2.822400,-2.548300,0.003440,-0.029417,0.029618,-1.454392,548,-1,-1,nan,0.000000,0.000000,0.000000,0.000000,,,off,policy_direct_scale,nan,nan,nan,nan,nan,nan,0,0,not_evaluated,not_evaluated
3,969,2026-08-21T16:38:46.373,1787301526.373785019,REACHED,map,base_link,2.793526,-2.544358,1.443463,2.822400,-2.548300,map,2.822400,-2.548300,-0.000244,-0.029141,0.029142,-1.579160,548,-1,-1,nan,0.000000,0.000000,0.000000,0.000000,,,off,policy_direct_scale,nan,nan,nan,nan,nan,nan,0,0,not_evaluated,not_evaluated
3,970,2026-08-21T16:38:46.933,1787301526.933525801,REACHED,map,base_link,2.796153,-2.542779,1.442516,2.822400,-2.548300,map,2.822400,-2.548300,-0.002118,-0.026738,0.026822,-1.649841,548,-1,-1,nan,0.000000,0.000000,0.000000,0.000000,,,off,policy_direct_scale,nan,nan,nan,nan,nan,nan,0,0,not_evaluated,not_evaluated
3,971,2026-08-21T16:38:47.453,1787301527.453224897,REACHED,map,base_link,2.793598,-2.543854,1.443428,2.822400,-2.548300,map,2.822400,-2.548300,-0.000752,-0.029134,0.029143,-1.596588,548,-1,-1,nan,0.000000,0.000000,0.000000,0.000000,,,off,policy_direct_scale,nan,nan,nan,nan,nan,nan,0,0,not_evaluated,not_evaluated
3,972,2026-08-21T16:38:48.014,1787301528.014039040,REACHED,map,base_link,2.790325,-2.542698,1.444789,2.822400,-2.548300,map,2.822400,-2.548300,-0.001526,-0.032524,0.032560,-1.617689,548,-1,-1,nan,0.000000,0.000000,0.000000,0.000000,,,off,policy_direct_scale,nan,nan,nan,nan,nan,nan,0,0,not_evaluated,not_evaluated
3,973,2026-08-21T16:38:48.573,1787301528.573084354,REACHED,map,base_link,2.794958,-2.543389,1.444254,2.822400,-2.548300,map,2.822400,-2.548300,-0.001408,-0.027842,0.027878,-1.621327,548,-1,-1,nan,0.000000,0.000000,0.000000,0.000000,,,off,policy_direct_scale,nan,nan,nan,nan,nan,nan,0,0,not_evaluated,not_evaluated
3,974,2026-08-21T16:38:49.093,1787301529.093136072,REACHED,map,base_link,2.794654,-2.544441,1.443979,2.822400,-2.548300,map,2.822400,-2.548300,-0.000319,-0.028011,0.028013,-1.582172,548,-1,-1,nan,0.000000,0.000000,0.000000,0.000000,,,off,policy_direct_scale,nan,nan,nan,nan,nan,nan,0,0,not_evaluated,not_evaluated
3,975,2026-08-21T16:38:49.612,1787301529.612915039,REACHED,map,base_link,2.790769,-2.547884,1.444007,2.822400,-2.548300,map,2.822400,-2.548300,0.003587,-0.031430,0.031634,-1.457155,548,-1,-1,nan,0.000000,0.000000,0.000000,0.000000,,,off,policy_direct_scale,nan,nan,nan,nan,nan,nan,0,0,not_evaluated,not_evaluated
3,976,2026-08-21T16:38:50.213,1787301530.213892698,REACHED,map,base_link,2.793707,-2.544102,1.445122,2.822400,-2.548300,map,2.822400,-2.548300,-0.000568,-0.028993,0.028999,-1.590395,548,-1,-1,nan,0.000000,0.000000,0.000000,0.000000,,,off,policy_direct_scale,nan,nan,nan,nan,nan,nan,0,0,not_evaluated,not_evaluated
3,977,2026-08-21T16:38:50.733,1787301530.733857870,REACHED,map,base_link,2.791645,-2.546017,1.446048,2.822400,-2.548300,map,2.822400,-2.548300,0.001561,-0.030800,0.030840,-1.520150,548,-1,-1,nan,0.000000,0.000000,0.000000,0.000000,,,off,policy_direct_scale,nan,nan,nan,nan,nan,nan,0,0,not_evaluated,not_evaluated
3,978,2026-08-21T16:38:51.253,1787301531.253229856,REACHED,map,base_link,2.792832,-2.545415,1.444903,2.822400,-2.548300,map,2.822400,-2.548300,0.000850,-0.029696,0.029708,-1.542183,548,-1,-1,nan,0.000000,0.000000,0.000000,0.000000,,,off,policy_direct_scale,nan,nan,nan,nan,nan,nan,0,0,not_evaluated,not_evaluated
3,979,2026-08-21T16:38:51.813,1787301531.813915253,REACHED,map,base_link,2.792399,-2.545903,1.445128,2.822400,-2.548300,map,2.822400,-2.548300,0.001382,-0.030065,0.030096,-1.524851,548,-1,-1,nan,0.000000,0.000000,0.000000,0.000000,,,off,policy_direct_scale,nan,nan,nan,nan,nan,nan,0,0,not_evaluated,not_evaluated
3,980,2026-08-21T16:38:52.373,1787301532.373937607,REACHED,map,base_link,2.793835,-2.544077,1.442565,2.822400,-2.548300,map,2.822400,-2.548300,-0.000535,-0.028871,0.028876,-1.589337,548,-1,-1,nan,0.000000,0.000000,0.000000,0.000000,,,off,policy_direct_scale,nan,nan,nan,nan,nan,nan,0,0,not_evaluated,not_evaluated
3,981,2026-08-21T16:38:52.893,1787301532.893278837,REACHED,map,base_link,2.791537,-2.545336,1.444437,2.822400,-2.548300,map,2.822400,-2.548300,0.000949,-0.030991,0.031005,-1.540177,548,-1,-1,nan,0.000000,0.000000,0.000000,0.000000,,,off,policy_direct_scale,nan,nan,nan,nan,nan,nan,0,0,not_evaluated,not_evaluated
3,982,2026-08-21T16:38:53.413,1787301533.413263559,REACHED,map,base_link,2.791116,-2.544011,1.442595,2.822400,-2.548300,map,2.822400,-2.548300,-0.000254,-0.031576,0.031577,-1.578835,548,-1,-1,nan,0.000000,0.000000,0.000000,0.000000,,,off,policy_direct_scale,nan,nan,nan,nan,nan,nan,0,0,not_evaluated,not_evaluated
3,983,2026-08-21T16:38:54.014,1787301534.014392138,REACHED,map,base_link,2.790828,-2.542494,1.444489,2.822400,-2.548300,map,2.822400,-2.548300,-0.001783,-0.032052,0.032102,-1.626363,548,-1,-1,nan,0.000000,0.000000,0.000000,0.000000,,,off,policy_direct_scale,nan,nan,nan,nan,nan,nan,0,0,not_evaluated,not_evaluated
3,984,2026-08-21T16:38:54.573,1787301534.573234081,REACHED,map,base_link,2.789572,-2.544219,1.444202,2.822400,-2.548300,map,2.822400,-2.548300,0.000096,-0.033080,0.033080,-1.567895,548,-1,-1,nan,0.000000,0.000000,0.000000,0.000000,,,off,policy_direct_scale,nan,nan,nan,nan,nan,nan,0,0,not_evaluated,not_evaluated
3,985,2026-08-21T16:38:55.093,1787301535.093655348,REACHED,map,base_link,2.791528,-2.543163,1.444498,2.822400,-2.548300,map,2.822400,-2.548300,-0.001207,-0.031274,0.031297,-1.609387,548,-1,-1,nan,0.000000,0.000000,0.000000,0.000000,,,off,policy_direct_scale,nan,nan,nan,nan,nan,nan,0,0,not_evaluated,not_evaluated
3,986,2026-08-21T16:38:55.613,1787301535.613676310,REACHED,map,base_link,2.793514,-2.544074,1.445597,2.822400,-2.548300,map,2.822400,-2.548300,-0.000586,-0.029188,0.029193,-1.590880,548,-1,-1,nan,0.000000,0.000000,0.000000,0.000000,,,off,policy_direct_scale,nan,nan,nan,nan,nan,nan,0,0,not_evaluated,not_evaluated
3,987,2026-08-21T16:38:56.173,1787301536.173025608,REACHED,map,base_link,2.794808,-2.542558,1.445456,2.822400,-2.548300,map,2.822400,-2.548300,-0.002247,-0.028093,0.028183,-1.650628,548,-1,-1,nan,0.000000,0.000000,0.000000,0.000000,,,off,policy_direct_scale,nan,nan,nan,nan,nan,nan,0,0,not_evaluated,not_evaluated
3,988,2026-08-21T16:38:56.693,1787301536.693400383,REACHED,map,base_link,2.794974,-2.544708,1.445535,2.822400,-2.548300,map,2.822400,-2.548300,-0.000137,-0.027660,0.027660,-1.575767,548,-1,-1,nan,0.000000,0.000000,0.000000,0.000000,,,off,policy_direct_scale,nan,nan,nan,nan,nan,nan,0,0,not_evaluated,not_evaluated
3,989,2026-08-21T16:38:57.214,1787301537.213976383,REACHED,map,base_link,2.791822,-2.545718,1.443069,2.822400,-2.548300,map,2.822400,-2.548300,0.001335,-0.030657,0.030686,-1.527294,548,-1,-1,nan,0.000000,0.000000,0.000000,0.000000,,,off,policy_direct_scale,nan,nan,nan,nan,nan,nan,0,0,not_evaluated,not_evaluated
3,990,2026-08-21T16:38:57.733,1787301537.733271360,REACHED,map,base_link,2.791234,-2.545562,1.444057,2.822400,-2.548300,map,2.822400,-2.548300,0.001223,-0.031262,0.031286,-1.531695,548,-1,-1,nan,0.000000,0.000000,0.000000,0.000000,,,off,policy_direct_scale,nan,nan,nan,nan,nan,nan,0,0,not_evaluated,not_evaluated
3,991,2026-08-21T16:38:58.254,1787301538.254232407,REACHED,map,base_link,2.793638,-2.543675,1.443206,2.822400,-2.548300,map,2.822400,-2.548300,-0.000928,-0.029116,0.029131,-1.602642,548,-1,-1,nan,0.000000,0.000000,0.000000,0.000000,,,off,policy_direct_scale,nan,nan,nan,nan,nan,nan,0,0,not_evaluated,not_evaluated
3,992,2026-08-21T16:38:58.815,1787301538.815225124,REACHED,map,base_link,2.789826,-2.548096,1.443983,2.822400,-2.548300,map,2.822400,-2.548300,0.003917,-0.032339,0.032575,-1.450250,548,-1,-1,nan,0.000000,0.000000,0.000000,0.000000,,,off,policy_direct_scale,nan,nan,nan,nan,nan,nan,0,0,not_evaluated,not_evaluated
3,993,2026-08-21T16:38:59.374,1787301539.374450207,REACHED,map,base_link,2.792309,-2.546729,1.442580,2.822400,-2.548300,map,2.822400,-2.548300,0.002289,-0.030045,0.030132,-1.494741,548,-1,-1,nan,0.000000,0.000000,0.000000,0.000000,,,off,policy_direct_scale,nan,nan,nan,nan,nan,nan,0,0,not_evaluated,not_evaluated
3,994,2026-08-21T16:38:59.893,1787301539.893615246,REACHED,map,base_link,2.790020,-2.543470,1.444760,2.822400,-2.548300,map,2.822400,-2.548300,-0.000721,-0.032730,0.032738,-1.592833,548,-1,-1,nan,0.000000,0.000000,0.000000,0.000000,,,off,policy_direct_scale,nan,nan,nan,nan,nan,nan,0,0,not_evaluated,not_evaluated
3,995,2026-08-21T16:39:00.413,1787301540.413938284,REACHED,map,base_link,2.792062,-2.543878,1.444496,2.822400,-2.548300,map,2.822400,-2.548300,-0.000565,-0.030654,0.030659,-1.589242,548,-1,-1,nan,0.000000,0.000000,0.000000,0.000000,,,off,policy_direct_scale,nan,nan,nan,nan,nan,nan,0,0,not_evaluated,not_evaluated
3,996,2026-08-21T16:39:00.974,1787301540.973989964,REACHED,map,base_link,2.793075,-2.544856,1.444301,2.822400,-2.548300,map,2.822400,-2.548300,0.000284,-0.029525,0.029527,-1.561193,548,-1,-1,nan,0.000000,0.000000,0.000000,0.000000,,,off,policy_direct_scale,nan,nan,nan,nan,nan,nan,0,0,not_evaluated,not_evaluated
3,997,2026-08-21T16:39:01.494,1787301541.494156837,REACHED,map,base_link,2.793725,-2.545531,1.443318,2.822400,-2.548300,map,2.822400,-2.548300,0.000899,-0.028794,0.028808,-1.539574,548,-1,-1,nan,0.000000,0.000000,0.000000,0.000000,,,off,policy_direct_scale,nan,nan,nan,nan,nan,nan,0,0,not_evaluated,not_evaluated
3,998,2026-08-21T16:39:02.013,1787301542.013316393,REACHED,map,base_link,2.792249,-2.543977,1.443635,2.822400,-2.548300,map,2.822400,-2.548300,-0.000464,-0.030456,0.030459,-1.586028,548,-1,-1,nan,0.000000,0.000000,0.000000,0.000000,,,off,policy_direct_scale,nan,nan,nan,nan,nan,nan,0,0,not_evaluated,not_evaluated
3,999,2026-08-21T16:39:02.573,1787301542.573928595,REACHED,map,base_link,2.792414,-2.545899,1.443509,2.822400,-2.548300,map,2.822400,-2.548300,0.001425,-0.030048,0.030082,-1.523403,548,-1,-1,nan,0.000000,0.000000,0.000000,0.000000,,,off,policy_direct_scale,nan,nan,nan,nan,nan,nan,0,0,not_evaluated,not_evaluated
3,1000,2026-08-21T16:39:03.093,1787301543.093093634,REACHED,map,base_link,2.792615,-2.542786,1.445117,2.822400,-2.548300,map,2.822400,-2.548300,-0.001737,-0.030242,0.030292,-1.628168,548,-1,-1,nan,0.000000,0.000000,0.000000,0.000000,,,off,policy_direct_scale,nan,nan,nan,nan,nan,nan,0,0,not_evaluated,not_evaluated
3,1001,2026-08-21T16:39:03.612,1787301543.612952232,REACHED,map,base_link,2.794725,-2.541482,1.445865,2.822400,-2.548300,map,2.822400,-2.548300,-0.003316,-0.028309,0.028502,-1.687414,548,-1,-1,nan,0.000000,0.000000,0.000000,0.000000,,,off,policy_direct_scale,nan,nan,nan,nan,nan,nan,0,0,not_evaluated,not_evaluated
3,1002,2026-08-21T16:39:04.173,1787301544.173963308,REACHED,map,base_link,2.791932,-2.547501,1.443895,2.822400,-2.548300,map,2.822400,-2.548300,0.003064,-0.030324,0.030478,-1.470106,548,-1,-1,nan,0.000000,0.000000,0.000000,0.000000,,,off,policy_direct_scale,nan,nan,nan,nan,nan,nan,0,0,not_evaluated,not_evaluated
3,1003,2026-08-21T16:39:04.694,1787301544.694189072,REACHED,map,base_link,2.792358,-2.543195,1.446187,2.822400,-2.548300,map,2.822400,-2.548300,-0.001332,-0.030444,0.030473,-1.614521,548,-1,-1,nan,0.000000,0.000000,0.000000,0.000000,,,off,policy_direct_scale,nan,nan,nan,nan,nan,nan,0,0,not_evaluated,not_evaluated
3,1004,2026-08-21T16:39:05.213,1787301545.213251352,REACHED,map,base_link,2.789837,-2.542571,1.445818,2.822400,-2.548300,map,2.822400,-2.548300,-0.001626,-0.033023,0.033063,-1.619985,548,-1,-1,nan,0.000000,0.000000,0.000000,0.000000,,,off,policy_direct_scale,nan,nan,nan,nan,nan,nan,0,0,not_evaluated,not_evaluated
3,1005,2026-08-21T16:39:05.773,1787301545.773013592,REACHED,map,base_link,2.791828,-2.544089,1.445763,2.822400,-2.548300,map,2.822400,-2.548300,-0.000365,-0.030859,0.030861,-1.582631,548,-1,-1,nan,0.000000,0.000000,0.000000,0.000000,,,off,policy_direct_scale,nan,nan,nan,nan,nan,nan,0,0,not_evaluated,not_evaluated
3,1006,2026-08-21T16:39:06.293,1787301546.293039799,REACHED,map,base_link,2.791187,-2.547836,1.444735,2.822400,-2.548300,map,2.822400,-2.548300,0.003464,-0.031024,0.031217,-1.459594,548,-1,-1,nan,0.000000,0.000000,0.000000,0.000000,,,off,policy_direct_scale,nan,nan,nan,nan,nan,nan,0,0,not_evaluated,not_evaluated
3,1007,2026-08-21T16:39:06.813,1787301546.813195467,REACHED,map,base_link,2.793305,-2.542972,1.445421,2.822400,-2.548300,map,2.822400,-2.548300,-0.001648,-0.029533,0.029579,-1.626546,548,-1,-1,nan,0.000000,0.000000,0.000000,0.000000,,,off,policy_direct_scale,nan,nan,nan,nan,nan,nan,0,0,not_evaluated,not_evaluated
3,1008,2026-08-21T16:39:07.334,1787301547.334038973,REACHED,map,base_link,2.795440,-2.544509,1.443748,2.822400,-2.548300,map,2.822400,-2.548300,-0.000344,-0.027223,0.027225,-1.583433,548,-1,-1,nan,0.000000,0.000000,0.000000,0.000000,,,off,policy_direct_scale,nan,nan,nan,nan,nan,nan,0,0,not_evaluated,not_evaluated
3,1009,2026-08-21T16:39:07.853,1787301547.853258610,REACHED,map,base_link,2.792870,-2.547256,1.444431,2.822400,-2.548300,map,2.822400,-2.548300,0.002686,-0.029426,0.029548,-1.479759,548,-1,-1,nan,0.000000,0.000000,0.000000,0.000000,,,off,policy_direct_scale,nan,nan,nan,nan,nan,nan,0,0,not_evaluated,not_evaluated
3,1010,2026-08-21T16:39:08.413,1787301548.413160563,REACHED,map,base_link,2.791510,-2.544508,1.443123,2.822400,-2.548300,map,2.822400,-2.548300,0.000172,-0.031122,0.031122,-1.565269,548,-1,-1,nan,0.000000,0.000000,0.000000,0.000000,,,off,policy_direct_scale,nan,nan,nan,nan,nan,nan,0,0,not_evaluated,not_evaluated
3,1011,2026-08-21T16:39:08.974,1787301548.974096537,REACHED,map,base_link,2.792416,-2.541741,1.445659,2.822400,-2.548300,map,2.822400,-2.548300,-0.002765,-0.030568,0.030693,-1.661018,548,-1,-1,nan,0.000000,0.000000,0.000000,0.000000,,,off,policy_direct_scale,nan,nan,nan,nan,nan,nan,0,0,not_evaluated,not_evaluated
3,1012,2026-08-21T16:39:09.493,1787301549.493891478,REACHED,map,base_link,2.791435,-2.547728,1.442833,2.822400,-2.548300,map,2.822400,-2.548300,0.003385,-0.030785,0.030971,-1.461288,548,-1,-1,nan,0.000000,0.000000,0.000000,0.000000,,,off,policy_direct_scale,nan,nan,nan,nan,nan,nan,0,0,not_evaluated,not_evaluated
3,1013,2026-08-21T16:39:10.013,1787301550.013209820,REACHED,map,base_link,2.791551,-2.542916,1.444267,2.822400,-2.548300,map,2.822400,-2.548300,-0.001448,-0.031282,0.031316,-1.617060,548,-1,-1,nan,0.000000,0.000000,0.000000,0.000000,,,off,policy_direct_scale,nan,nan,nan,nan,nan,nan,0,0,not_evaluated,not_evaluated
3,1014,2026-08-21T16:39:10.573,1787301550.573031187,REACHED,map,base_link,2.794469,-2.541399,1.443273,2.822400,-2.548300,map,2.822400,-2.548300,-0.003293,-0.028581,0.028770,-1.685502,548,-1,-1,nan,0.000000,0.000000,0.000000,0.000000,,,off,policy_direct_scale,nan,nan,nan,nan,nan,nan,0,0,not_evaluated,not_evaluated
3,1015,2026-08-21T16:39:11.133,1787301551.133453846,REACHED,map,base_link,2.794094,-2.544730,1.443844,2.822400,-2.548300,map,2.822400,-2.548300,0.000043,-0.028530,0.028530,-1.569302,548,-1,-1,nan,0.000000,0.000000,0.000000,0.000000,,,off,policy_direct_scale,nan,nan,nan,nan,nan,nan,0,0,not_evaluated,not_evaluated
3,1016,2026-08-21T16:39:11.653,1787301551.653241873,REACHED,map,base_link,2.790984,-2.544049,1.445643,2.822400,-2.548300,map,2.822400,-2.548300,-0.000296,-0.031701,0.031702,-1.580130,548,-1,-1,nan,0.000000,0.000000,0.000000,0.000000,,,off,policy_direct_scale,nan,nan,nan,nan,nan,nan,0,0,not_evaluated,not_evaluated
3,1017,2026-08-21T16:39:12.173,1787301552.173038960,REACHED,map,base_link,2.795651,-2.543840,1.443447,2.822400,-2.548300,map,2.822400,-2.548300,-0.001026,-0.027099,0.027119,-1.608653,548,-1,-1,nan,0.000000,0.000000,0.000000,0.000000,,,off,policy_direct_scale,nan,nan,nan,nan,nan,nan,0,0,not_evaluated,not_evaluated
3,1018,2026-08-21T16:39:12.695,1787301552.695261240,REACHED,map,base_link,2.793948,-2.543974,1.443597,2.822400,-2.548300,map,2.822400,-2.548300,-0.000682,-0.028771,0.028779,-1.594500,548,-1,-1,nan,0.000000,0.000000,0.000000,0.000000,,,off,policy_direct_scale,nan,nan,nan,nan,nan,nan,0,0,not_evaluated,not_evaluated
3,1019,2026-08-21T16:39:13.212,1787301553.212958813,REACHED,map,base_link,2.793207,-2.543792,1.444619,2.822400,-2.548300,map,2.822400,-2.548300,-0.000798,-0.029528,0.029539,-1.597817,548,-1,-1,nan,0.000000,0.000000,0.000000,0.000000,,,off,policy_direct_scale,nan,nan,nan,nan,nan,nan,0,0,not_evaluated,not_evaluated
3,1020,2026-08-21T16:39:13.774,1787301553.774119377,REACHED,map,base_link,2.793468,-2.544559,1.443672,2.822400,-2.548300,map,2.822400,-2.548300,-0.000043,-0.029173,0.029173,-1.572267,548,-1,-1,nan,0.000000,0.000000,0.000000,0.000000,,,off,policy_direct_scale,nan,nan,nan,nan,nan,nan,0,0,not_evaluated,not_evaluated
3,1021,2026-08-21T16:39:14.293,1787301554.293554068,REACHED,map,base_link,2.792482,-2.542663,1.444502,2.822400,-2.548300,map,2.822400,-2.548300,-0.001823,-0.030390,0.030445,-1.630727,548,-1,-1,nan,0.000000,0.000000,0.000000,0.000000,,,off,policy_direct_scale,nan,nan,nan,nan,nan,nan,0,0,not_evaluated,not_evaluated
3,1022,2026-08-21T16:39:14.814,1787301554.814210415,REACHED,map,base_link,2.789383,-2.544192,1.444930,2.822400,-2.548300,map,2.822400,-2.548300,0.000070,-0.033271,0.033271,-1.568707,548,-1,-1,nan,0.000000,0.000000,0.000000,0.000000,,,off,policy_direct_scale,nan,nan,nan,nan,nan,nan,0,0,not_evaluated,not_evaluated
3,1023,2026-08-21T16:39:15.373,1787301555.373075724,REACHED,map,base_link,2.795412,-2.545218,1.445375,2.822400,-2.548300,map,2.822400,-2.548300,0.000318,-0.027162,0.027164,-1.559083,548,-1,-1,nan,0.000000,0.000000,0.000000,0.000000,,,off,policy_direct_scale,nan,nan,nan,nan,nan,nan,0,0,not_evaluated,not_evaluated
3,1024,2026-08-21T16:39:15.893,1787301555.893203020,REACHED,map,base_link,2.789363,-2.546894,1.445918,2.822400,-2.548300,map,2.822400,-2.548300,0.002720,-0.032955,0.033067,-1.488451,548,-1,-1,nan,0.000000,0.000000,0.000000,0.000000,,,off,policy_direct_scale,nan,nan,nan,nan,nan,nan,0,0,not_evaluated,not_evaluated
3,1025,2026-08-21T16:39:16.414,1787301556.414073467,REACHED,map,base_link,2.791432,-2.544907,1.442306,2.822400,-2.548300,map,2.822400,-2.548300,0.000603,-0.031147,0.031153,-1.551426,548,-1,-1,nan,0.000000,0.000000,0.000000,0.000000,,,off,policy_direct_scale,nan,nan,nan,nan,nan,nan,0,0,not_evaluated,not_evaluated
3,1026,2026-08-21T16:39:16.934,1787301556.934089422,REACHED,map,base_link,2.794133,-2.543015,1.444083,2.822400,-2.548300,map,2.822400,-2.548300,-0.001671,-0.028708,0.028756,-1.628930,548,-1,-1,nan,0.000000,0.000000,0.000000,0.000000,,,off,policy_direct_scale,nan,nan,nan,nan,nan,nan,0,0,not_evaluated,not_evaluated
3,1027,2026-08-21T16:39:17.453,1787301557.453409910,REACHED,map,base_link,2.796550,-2.549357,1.443537,2.822400,-2.548300,map,2.822400,-2.548300,0.004330,-0.025506,0.025871,-1.402654,548,-1,-1,nan,0.000000,0.000000,0.000000,0.000000,,,off,policy_direct_scale,nan,nan,nan,nan,nan,nan,0,0,not_evaluated,not_evaluated
3,1028,2026-08-21T16:39:17.974,1787301557.974013805,REACHED,map,base_link,2.791209,-2.543351,1.443734,2.822400,-2.548300,map,2.822400,-2.548300,-0.000957,-0.031567,0.031581,-1.601101,548,-1,-1,nan,0.000000,0.000000,0.000000,0.000000,,,off,policy_direct_scale,nan,nan,nan,nan,nan,nan,0,0,not_evaluated,not_evaluated
3,1029,2026-08-21T16:39:18.495,1787301558.495220184,REACHED,map,base_link,2.796161,-2.547035,1.444793,2.822400,-2.548300,map,2.822400,-2.548300,0.002042,-0.026190,0.026270,-1.492969,548,-1,-1,nan,0.000000,0.000000,0.000000,0.000000,,,off,policy_direct_scale,nan,nan,nan,nan,nan,nan,0,0,not_evaluated,not_evaluated
3,1030,2026-08-21T16:39:19.013,1787301559.013607264,REACHED,map,base_link,2.794079,-2.542910,1.445220,2.822400,-2.548300,map,2.822400,-2.548300,-0.001800,-0.028773,0.028829,-1.633289,548,-1,-1,nan,0.000000,0.000000,0.000000,0.000000,,,off,policy_direct_scale,nan,nan,nan,nan,nan,nan,0,0,not_evaluated,not_evaluated
3,1031,2026-08-21T16:39:19.573,1787301559.573572397,REACHED,map,base_link,2.792110,-2.549454,1.443878,2.822400,-2.548300,map,2.822400,-2.548300,0.004979,-0.029900,0.030312,-1.405798,548,-1,-1,nan,0.000000,0.000000,0.000000,0.000000,,,off,policy_direct_scale,nan,nan,nan,nan,nan,nan,0,0,not_evaluated,not_evaluated
3,1032,2026-08-21T16:39:20.093,1787301560.093519688,REACHED,map,base_link,2.792649,-2.541666,1.443686,2.822400,-2.548300,map,2.822400,-2.548300,-0.002809,-0.030352,0.030482,-1.663071,548,-1,-1,nan,0.000000,0.000000,0.000000,0.000000,,,off,policy_direct_scale,nan,nan,nan,nan,nan,nan,0,0,not_evaluated,not_evaluated
3,1033,2026-08-21T16:39:20.613,1787301560.613171101,REACHED,map,base_link,2.797237,-2.546882,1.442286,2.822400,-2.548300,map,2.822400,-2.548300,0.001819,-0.025137,0.025202,-1.498568,548,-1,-1,nan,0.000000,0.000000,0.000000,0.000000,,,off,policy_direct_scale,nan,nan,nan,nan,nan,nan,0,0,not_evaluated,not_evaluated
3,1034,2026-08-21T16:39:21.133,1787301561.133669853,REACHED,map,base_link,2.793558,-2.547313,1.444913,2.822400,-2.548300,map,2.822400,-2.548300,0.002642,-0.028738,0.028859,-1.479124,548,-1,-1,nan,0.000000,0.000000,0.000000,0.000000,,,off,policy_direct_scale,nan,nan,nan,nan,nan,nan,0,0,not_evaluated,not_evaluated
3,1035,2026-08-21T16:39:21.653,1787301561.653059244,REACHED,map,base_link,2.794861,-2.548639,1.443934,2.822400,-2.548300,map,2.822400,-2.548300,0.003821,-0.027274,0.027541,-1.431621,548,-1,-1,nan,0.000000,0.000000,0.000000,0.000000,,,off,policy_direct_scale,nan,nan,nan,nan,nan,nan,0,0,not_evaluated,not_evaluated
3,1036,2026-08-21T16:39:22.173,1787301562.173034906,REACHED,map,base_link,2.794991,-2.543741,1.444077,2.822400,-2.548300,map,2.822400,-2.548300,-0.001058,-0.027766,0.027786,-1.608880,548,-1,-1,nan,0.000000,0.000000,0.000000,0.000000,,,off,policy_direct_scale,nan,nan,nan,nan,nan,nan,0,0,not_evaluated,not_evaluated
3,1037,2026-08-21T16:39:22.693,1787301562.693106890,REACHED,map,base_link,2.791124,-2.549609,1.444505,2.822400,-2.548300,map,2.822400,-2.548300,0.005238,-0.030862,0.031304,-1.402690,548,-1,-1,nan,0.000000,0.000000,0.000000,0.000000,,,off,policy_direct_scale,nan,nan,nan,nan,nan,nan,0,0,not_evaluated,not_evaluated
3,1038,2026-08-21T16:39:23.213,1787301563.213240385,REACHED,map,base_link,2.790229,-2.546661,1.444255,2.822400,-2.548300,map,2.822400,-2.548300,0.002434,-0.032120,0.032212,-1.495165,548,-1,-1,nan,0.000000,0.000000,0.000000,0.000000,,,off,policy_direct_scale,nan,nan,nan,nan,nan,nan,0,0,not_evaluated,not_evaluated
3,1039,2026-08-21T16:39:23.813,1787301563.813771009,REACHED,map,base_link,2.796045,-2.540556,1.444415,2.822400,-2.548300,map,2.822400,-2.548300,-0.004360,-0.027121,0.027469,-1.730199,548,-1,-1,nan,0.000000,0.000000,0.000000,0.000000,,,off,policy_direct_scale,nan,nan,nan,nan,nan,nan,0,0,not_evaluated,not_evaluated
3,1040,2026-08-21T16:39:24.373,1787301564.373108864,REACHED,map,base_link,2.790083,-2.548421,1.444771,2.822400,-2.548300,map,2.822400,-2.548300,0.004182,-0.032046,0.032317,-1.441027,548,-1,-1,nan,0.000000,0.000000,0.000000,0.000000,,,off,policy_direct_scale,nan,nan,nan,nan,nan,nan,0,0,not_evaluated,not_evaluated
3,1041,2026-08-21T16:39:24.893,1787301564.893422842,REACHED,map,base_link,2.790621,-2.544628,1.446077,2.822400,-2.548300,map,2.822400,-2.548300,0.000310,-0.031988,0.031990,-1.561111,548,-1,-1,nan,0.000000,0.000000,0.000000,0.000000,,,off,policy_direct_scale,nan,nan,nan,nan,nan,nan,0,0,not_evaluated,not_evaluated
3,1042,2026-08-21T16:39:25.413,1787301565.413164139,REACHED,map,base_link,2.792399,-2.544057,1.441269,2.822400,-2.548300,map,2.822400,-2.548300,-0.000332,-0.030298,0.030300,-1.581766,548,-1,-1,nan,0.000000,0.000000,0.000000,0.000000,,,off,policy_direct_scale,nan,nan,nan,nan,nan,nan,0,0,not_evaluated,not_evaluated
3,1043,2026-08-21T16:39:25.973,1787301565.972994566,REACHED,map,base_link,2.793791,-2.543654,1.445226,2.822400,-2.548300,map,2.822400,-2.548300,-0.001027,-0.028966,0.028984,-1.606232,548,-1,-1,nan,0.000000,0.000000,0.000000,0.000000,,,off,policy_direct_scale,nan,nan,nan,nan,nan,nan,0,0,not_evaluated,not_evaluated
3,1044,2026-08-21T16:39:26.493,1787301566.493361712,REACHED,map,base_link,2.793532,-2.546902,1.445099,2.822400,-2.548300,map,2.822400,-2.548300,0.002232,-0.028816,0.028902,-1.493487,548,-1,-1,nan,0.000000,0.000000,0.000000,0.000000,,,off,policy_direct_scale,nan,nan,nan,nan,nan,nan,0,0,not_evaluated,not_evaluated
3,1045,2026-08-21T16:39:27.013,1787301567.013593674,REACHED,map,base_link,2.792026,-2.544010,1.444657,2.822400,-2.548300,map,2.822400,-2.548300,-0.000435,-0.030673,0.030676,-1.584973,548,-1,-1,nan,0.000000,0.000000,0.000000,0.000000,,,off,policy_direct_scale,nan,nan,nan,nan,nan,nan,0,0,not_evaluated,not_evaluated
3,1046,2026-08-21T16:39:27.573,1787301567.573151827,REACHED,map,base_link,2.792938,-2.545488,1.445579,2.822400,-2.548300,map,2.822400,-2.548300,0.000890,-0.029583,0.029596,-1.540728,548,-1,-1,nan,0.000000,0.000000,0.000000,0.000000,,,off,policy_direct_scale,nan,nan,nan,nan,nan,nan,0,0,not_evaluated,not_evaluated
3,1047,2026-08-21T16:39:28.093,1787301568.093125343,REACHED,map,base_link,2.793026,-2.548401,1.446510,2.822400,-2.548300,map,2.822400,-2.548300,0.003742,-0.029135,0.029374,-1.443070,548,-1,-1,nan,0.000000,0.000000,0.000000,0.000000,,,off,policy_direct_scale,nan,nan,nan,nan,nan,nan,0,0,not_evaluated,not_evaluated
3,1048,2026-08-21T16:39:28.613,1787301568.613343239,REACHED,map,base_link,2.794245,-2.544033,1.446392,2.822400,-2.548300,map,2.822400,-2.548300,-0.000740,-0.028467,0.028477,-1.596787,548,-1,-1,nan,0.000000,0.000000,0.000000,0.000000,,,off,policy_direct_scale,nan,nan,nan,nan,nan,nan,0,0,not_evaluated,not_evaluated
3,1049,2026-08-21T16:39:29.172,1787301569.172961712,REACHED,map,base_link,2.795014,-2.546679,1.447384,2.822400,-2.548300,map,2.822400,-2.548300,0.001762,-0.027377,0.027434,-1.506520,548,-1,-1,nan,0.000000,0.000000,0.000000,0.000000,,,off,policy_direct_scale,nan,nan,nan,nan,nan,nan,0,0,not_evaluated,not_evaluated
3,1050,2026-08-21T16:39:29.693,1787301569.693038225,REACHED,map,base_link,2.795404,-2.547182,1.442424,2.822400,-2.548300,map,2.822400,-2.548300,0.002347,-0.026917,0.027019,-1.483809,548,-1,-1,nan,0.000000,0.000000,0.000000,0.000000,,,off,policy_direct_scale,nan,nan,nan,nan,nan,nan,0,0,not_evaluated,not_evaluated
3,1051,2026-08-21T16:39:30.213,1787301570.212983370,REACHED,map,base_link,2.790523,-2.545778,1.444541,2.822400,-2.548300,map,2.822400,-2.548300,0.001512,-0.031941,0.031976,-1.523498,548,-1,-1,nan,0.000000,0.000000,0.000000,0.000000,,,off,policy_direct_scale,nan,nan,nan,nan,nan,nan,0,0,not_evaluated,not_evaluated
3,1052,2026-08-21T16:39:30.774,1787301570.774259806,REACHED,map,base_link,2.789913,-2.546099,1.445973,2.822400,-2.548300,map,2.822400,-2.548300,0.001860,-0.032508,0.032561,-1.513633,548,-1,-1,nan,0.000000,0.000000,0.000000,0.000000,,,off,policy_direct_scale,nan,nan,nan,nan,nan,nan,0,0,not_evaluated,not_evaluated
3,1053,2026-08-21T16:39:31.293,1787301571.293709278,REACHED,map,base_link,2.795141,-2.548908,1.443921,2.822400,-2.548300,map,2.822400,-2.548300,0.004052,-0.026962,0.027265,-1.421613,548,-1,-1,nan,0.000000,0.000000,0.000000,0.000000,,,off,policy_direct_scale,nan,nan,nan,nan,nan,nan,0,0,not_evaluated,not_evaluated
3,1054,2026-08-21T16:39:31.813,1787301571.813310385,REACHED,map,base_link,2.792318,-2.547083,1.444085,2.822400,-2.548300,map,2.822400,-2.548300,0.002594,-0.029994,0.030106,-1.484527,548,-1,-1,nan,0.000000,0.000000,0.000000,0.000000,,,off,policy_direct_scale,nan,nan,nan,nan,nan,nan,0,0,not_evaluated,not_evaluated
3,1055,2026-08-21T16:39:32.373,1787301572.372987747,REACHED,map,base_link,2.793427,-2.543814,1.442785,2.822400,-2.548300,map,2.822400,-2.548300,-0.000750,-0.029309,0.029319,-1.596387,548,-1,-1,nan,0.000000,0.000000,0.000000,0.000000,,,off,policy_direct_scale,nan,nan,nan,nan,nan,nan,0,0,not_evaluated,not_evaluated
3,1056,2026-08-21T16:39:32.893,1787301572.893828630,REACHED,map,base_link,2.795235,-2.543202,1.443746,2.822400,-2.548300,map,2.822400,-2.548300,-0.001614,-0.027592,0.027639,-1.629241,548,-1,-1,nan,0.000000,0.000000,0.000000,0.000000,,,off,policy_direct_scale,nan,nan,nan,nan,nan,nan,0,0,not_evaluated,not_evaluated
3,1057,2026-08-21T16:39:33.414,1787301573.414188862,REACHED,map,base_link,2.793662,-2.551029,1.444917,2.822400,-2.548300,map,2.822400,-2.548300,0.006315,-0.028168,0.028867,-1.350254,548,-1,-1,nan,0.000000,0.000000,0.000000,0.000000,,,off,policy_direct_scale,nan,nan,nan,nan,nan,nan,0,0,not_evaluated,not_evaluated
3,1058,2026-08-21T16:39:33.973,1787301573.972975254,REACHED,map,base_link,2.793411,-2.543719,1.444733,2.822400,-2.548300,map,2.822400,-2.548300,-0.000900,-0.029335,0.029349,-1.601464,548,-1,-1,nan,0.000000,0.000000,0.000000,0.000000,,,off,policy_direct_scale,nan,nan,nan,nan,nan,nan,0,0,not_evaluated,not_evaluated
3,1059,2026-08-21T16:39:34.493,1787301574.493649960,REACHED,map,base_link,2.794969,-2.547720,1.445197,2.822400,-2.548300,map,2.822400,-2.548300,0.002861,-0.027288,0.027437,-1.466320,548,-1,-1,nan,0.000000,0.000000,0.000000,0.000000,,,off,policy_direct_scale,nan,nan,nan,nan,nan,nan,0,0,not_evaluated,not_evaluated
3,1060,2026-08-21T16:39:35.013,1787301575.013568163,REACHED,map,base_link,2.789908,-2.548058,1.445704,2.822400,-2.548300,map,2.822400,-2.548300,0.003814,-0.032269,0.032493,-1.453141,548,-1,-1,nan,0.000000,0.000000,0.000000,0.000000,,,off,policy_direct_scale,nan,nan,nan,nan,nan,nan,0,0,not_evaluated,not_evaluated
3,1061,2026-08-21T16:39:35.533,1787301575.533297062,REACHED,map,base_link,2.790993,-2.543947,1.443080,2.822400,-2.548300,map,2.822400,-2.548300,-0.000317,-0.031705,0.031707,-1.580810,548,-1,-1,nan,0.000000,0.000000,0.000000,0.000000,,,off,policy_direct_scale,nan,nan,nan,nan,nan,nan,0,0,not_evaluated,not_evaluated
3,1062,2026-08-21T16:39:36.053,1787301576.053556442,REACHED,map,base_link,2.793538,-2.544669,1.443680,2.822400,-2.548300,map,2.822400,-2.548300,0.000058,-0.029089,0.029089,-1.568816,548,-1,-1,nan,0.000000,0.000000,0.000000,0.000000,,,off,policy_direct_scale,nan,nan,nan,nan,nan,nan,0,0,not_evaluated,not_evaluated
3,1063,2026-08-21T16:39:36.573,1787301576.573927164,REACHED,map,base_link,2.791593,-2.548509,1.443110,2.822400,-2.548300,map,2.822400,-2.548300,0.004130,-0.030529,0.030807,-1.436338,548,-1,-1,nan,0.000000,0.000000,0.000000,0.000000,,,off,policy_direct_scale,nan,nan,nan,nan,nan,nan,0,0,not_evaluated,not_evaluated
3,1064,2026-08-21T16:39:37.093,1787301577.093056679,REACHED,map,base_link,2.792861,-2.542002,1.445976,2.822400,-2.548300,map,2.822400,-2.548300,-0.002571,-0.030094,0.030203,-1.656032,548,-1,-1,nan,0.000000,0.000000,0.000000,0.000000,,,off,policy_direct_scale,nan,nan,nan,nan,nan,nan,0,0,not_evaluated,not_evaluated
3,1065,2026-08-21T16:39:37.613,1787301577.613164902,REACHED,map,base_link,2.793475,-2.546768,1.445368,2.822400,-2.548300,map,2.822400,-2.548300,0.002099,-0.028889,0.028965,-1.498270,548,-1,-1,nan,0.000000,0.000000,0.000000,0.000000,,,off,policy_direct_scale,nan,nan,nan,nan,nan,nan,0,0,not_evaluated,not_evaluated
3,1066,2026-08-21T16:43:22.941,1787301802.941211939,NAVIGATING,map,base_link,2.789862,-2.557974,1.491837,2.619591,-0.820672,map,2.619591,-0.820672,1.718458,0.306775,1.745626,0.176656,548,90,0,1.581101,0.999249,-0.299528,0.599549,-0.239622,,,off,policy_direct_scale,0.599549,-0.239622,0.599549,-0.239622,nan,nan,0,0,off,off
3,1067,2026-08-21T16:43:23.460,1787301803.460931540,NAVIGATING,map,base_link,2.816990,-2.392838,1.433285,2.619591,-0.820672,map,2.619591,-0.820672,1.530266,0.411045,1.584510,0.262416,548,90,0,1.384798,0.998860,0.005787,0.599316,0.004630,,,off,policy_direct_scale,0.599316,0.004630,0.599316,0.004630,nan,nan,0,0,off,off
3,1068,2026-08-21T16:43:23.979,1787301803.979248285,NAVIGATING,map,base_link,2.839179,-2.071803,1.459982,2.619591,-0.820672,map,2.619591,-0.820672,1.219173,0.356600,1.270255,0.284556,548,90,0,1.096377,0.994625,0.239577,0.596775,0.191661,,,off,policy_direct_scale,0.596775,0.191661,0.596775,0.191661,nan,nan,0,0,off,off
3,1069,2026-08-21T16:43:24.500,1787301804.499995947,NAVIGATING,map,base_link,2.826983,-1.807005,1.596646,2.619591,-0.820672,map,2.619591,-0.820672,0.991364,0.181829,1.007901,0.181396,548,90,0,0.830351,0.780883,0.789176,0.468530,0.631341,,,off,policy_direct_scale,0.468530,0.631341,0.468530,0.631341,nan,nan,0,0,off,off
3,1070,2026-08-21T16:43:25.021,1787301805.021898270,NAVIGATING,map,base_link,2.755362,-1.635297,1.889970,2.619591,-0.820672,map,2.619591,-0.820672,0.816085,-0.126701,0.825862,-0.154024,548,90,0,0.358767,-0.526138,0.927392,-0.315683,0.741914,,,off,policy_direct_scale,-0.315683,0.741914,-0.315683,0.741914,nan,nan,0,0,off,off
3,1071,2026-08-21T16:43:25.578,1787301805.578560591,NAVIGATING,map,base_link,2.783057,-1.771781,2.277687,2.619591,-0.820672,map,2.619591,-0.820672,0.829376,-0.493422,0.965054,-0.536685,548,90,0,0.620854,0.892112,0.791125,0.535267,0.632900,,,off,policy_direct_scale,0.535267,0.632900,0.535267,0.632900,nan,nan,0,0,off,off
3,1072,2026-08-21T16:43:26.101,1787301806.101344585,NAVIGATING,map,base_link,2.544085,-1.629536,2.480498,2.619591,-0.820672,map,2.619591,-0.820672,0.437029,-0.684812,0.812381,-1.002780,548,90,0,0.613758,0.999038,-0.917392,0.599423,-0.733913,,,off,policy_direct_scale,0.599423,-0.733913,0.599423,-0.733913,nan,nan,0,0,off,off
3,1073,2026-08-21T16:43:26.619,1787301806.619048357,NAVIGATING,map,base_link,2.387427,-1.391107,2.189398,2.619591,-0.820672,map,2.619591,-0.820672,0.330097,-0.519935,0.615870,-1.005123,548,90,0,0.492348,0.999347,-0.865825,0.599608,-0.692660,,,off,policy_direct_scale,0.599608,-0.692660,0.599608,-0.692660,nan,nan,0,0,off,off
3,1074,2026-08-21T16:43:27.181,1787301807.181010246,NAVIGATING,map,base_link,2.301285,-1.079718,1.818804,2.619591,-0.820672,map,2.619591,-0.820672,0.172984,-0.372156,0.410395,-1.135689,548,90,0,0.435310,0.999603,-0.887170,0.599762,-0.709736,,,off,policy_direct_scale,0.599762,-0.709736,0.599762,-0.709736,nan,nan,0,0,off,off
3,1075,2026-08-21T16:43:27.741,1787301807.741890192,NAVIGATING,map,base_link,2.341862,-0.754085,1.493675,2.619591,-0.820672,map,2.619591,-0.820672,-0.044991,-0.282034,0.285600,-1.728988,548,90,0,0.455420,0.999107,-0.977644,0.599464,-0.782115,,,off,policy_direct_scale,0.599464,-0.782115,0.599464,-0.782115,nan,nan,0,0,off,off
3,1076,2026-08-21T16:43:28.259,1787301808.259051323,NAVIGATING,map,base_link,2.443155,-0.505865,1.197774,2.619591,-0.820672,map,2.619591,-0.820672,-0.228859,-0.279028,0.360878,-2.257733,548,90,0,0.345898,0.989102,-0.995210,0.593461,-0.796168,,,off,policy_direct_scale,0.593461,-0.796168,0.593461,-0.796168,nan,nan,0,0,off,off
3,1077,2026-08-21T16:43:28.779,1787301808.779863834,NAVIGATING,map,base_link,2.624122,-0.330343,0.813021,2.619591,-0.820672,map,2.619591,-0.820672,-0.359273,-0.333715,0.490350,-2.393059,548,90,0,0.354962,0.994127,-0.999335,0.596476,-0.799468,,,off,policy_direct_scale,0.596476,-0.799468,0.596476,-0.799468,nan,nan,0,0,off,off
3,1078,2026-08-21T16:43:29.299,1787301809.299462557,NAVIGATING,map,base_link,2.873102,-0.236058,0.517361,2.619591,-0.820672,map,2.619591,-0.820672,-0.509476,-0.382720,0.637213,-2.497323,548,90,0,0.260120,0.999070,-0.999611,0.599442,-0.799689,,,off,policy_direct_scale,0.599442,-0.799689,0.599442,-0.799689,nan,nan,0,0,off,off
3,1079,2026-08-21T16:43:29.819,1787301809.819094181,NAVIGATING,map,base_link,3.138609,-0.201079,0.177726,2.619591,-0.820672,map,2.619591,-0.820672,-0.620382,-0.518075,0.808254,-2.445818,548,90,0,0.260490,0.998856,-0.997164,0.599314,-0.797731,,,off,policy_direct_scale,0.599314,-0.797731,0.599314,-0.797731,nan,nan,0,0,off,off
3,1080,2026-08-21T16:43:30.378,1787301810.378639698,NAVIGATING,map,base_link,3.478877,-0.290137,-0.243206,2.619591,-0.820672,map,2.619591,-0.820672,-0.706237,-0.721851,1.009871,-2.345261,548,90,0,0.296502,0.979175,-0.996956,0.587505,-0.797565,,,off,policy_direct_scale,0.587505,-0.797565,0.587505,-0.797565,nan,nan,0,0,off,off
3,1081,2026-08-21T16:43:30.899,1787301810.899282694,NAVIGATING,map,base_link,3.704784,-0.477678,-0.599924,2.619591,-0.820672,map,2.619591,-0.820672,-0.702048,-0.895778,1.138108,-2.235538,548,90,0,0.261810,0.999868,-0.999390,0.599921,-0.799512,,,off,policy_direct_scale,0.599921,-0.799512,0.599921,-0.799512,nan,nan,0,0,off,off
3,1082,2026-08-21T16:43:31.420,1787301811.420272350,NAVIGATING,map,base_link,3.882471,-0.744520,-0.974450,2.619591,-0.820672,map,2.619591,-0.820672,-0.646255,-1.087667,1.265174,-2.106915,548,90,0,0.283576,0.999935,-0.999229,0.599961,-0.799383,,,off,policy_direct_scale,0.599961,-0.799383,0.599961,-0.799383,nan,nan,0,0,off,off
3,1083,2026-08-21T16:43:31.941,1787301811.941341400,NAVIGATING,map,base_link,3.938380,-1.018297,-1.316340,2.619591,-0.820672,map,2.619591,-0.820672,-0.523226,-1.226578,1.333514,-1.973999,548,90,0,0.401124,0.999908,-0.999016,0.599945,-0.799212,,,off,policy_direct_scale,0.599945,-0.799212,0.599945,-0.799212,nan,nan,0,0,off,off
3,1084,2026-08-21T16:43:32.458,1787301812.458540201,NAVIGATING,map,base_link,3.906588,-1.311860,-1.658824,2.619591,-0.820672,map,2.619591,-0.820672,-0.376141,-1.325196,1.377544,-1.847360,548,90,0,0.534976,0.999807,-0.999318,0.599884,-0.799454,,,off,policy_direct_scale,0.599884,-0.799454,0.599884,-0.799454,nan,nan,0,0,off,off
3,1085,2026-08-21T16:43:33.018,1787301813.018331528,NAVIGATING,map,base_link,3.726191,-1.617975,-2.077208,2.619591,-0.820672,map,2.619591,-0.820672,-0.160486,-1.354437,1.363912,-1.688736,548,90,0,0.535031,0.999780,-0.999304,0.599868,-0.799443,,,off,policy_direct_scale,0.599868,-0.799443,0.599868,-0.799443,nan,nan,0,0,off,off
3,1086,2026-08-21T16:43:33.578,1787301813.578506947,NAVIGATING,map,base_link,3.493909,-1.810143,-2.417960,2.619591,-0.820672,map,2.619591,-0.820672,0.000079,-1.320410,1.320410,-1.570737,548,90,0,0.547271,0.999799,-0.999070,0.599879,-0.799256,,,off,policy_direct_scale,0.599879,-0.799256,0.599879,-0.799256,nan,nan,0,0,off,off
3,1087,2026-08-21T16:43:34.099,1787301814.099431753,NAVIGATING,map,base_link,3.210861,-1.907639,-2.773465,2.619591,-0.820672,map,2.619591,-0.820672,0.160491,-1.226923,1.237375,-1.440727,548,90,0,0.647864,0.999668,-0.998674,0.599801,-0.798940,,,off,policy_direct_scale,0.599801,-0.798940,0.599801,-0.798940,nan,nan,0,0,off,off
3,1088,2026-08-21T16:43:34.618,1787301814.618809462,NAVIGATING,map,base_link,2.962205,-1.927914,-3.096355,2.619591,-0.820672,map,2.619591,-0.820672,0.292192,-1.121603,1.159038,-1.315948,548,90,0,0.691756,0.999552,-0.997241,0.599731,-0.797792,,,off,policy_direct_scale,0.599731,-0.797792,0.599731,-0.797792,nan,nan,0,0,off,off
3,1089,2026-08-21T16:43:35.178,1787301815.178277493,NAVIGATING,map,base_link,2.641496,-1.822161,2.794152,2.619591,-0.820672,map,2.619591,-0.820672,0.361595,-0.934189,1.001728,-1.201487,548,90,0,0.720253,0.999386,-0.994152,0.599632,-0.795322,,,off,policy_direct_scale,0.599632,-0.795322,0.599632,-0.795322,nan,nan,0,0,off,off
3,1090,2026-08-21T16:43:35.743,1787301815.743013144,NAVIGATING,map,base_link,2.395614,-1.605476,2.443065,2.619591,-0.820672,map,2.619591,-0.820672,0.333180,-0.745033,0.816139,-1.150272,548,90,0,0.602715,0.999483,-0.988514,0.599690,-0.790811,,,off,policy_direct_scale,0.599690,-0.790811,0.599690,-0.790811,nan,nan,0,0,off,off
3,1091,2026-08-21T16:43:36.258,1787301816.258481979,NAVIGATING,map,base_link,2.211449,-1.354571,2.113318,2.619591,-0.820672,map,2.619591,-0.820672,0.246514,-0.625187,0.672033,-1.195210,548,90,0,0.536622,0.999573,-0.985222,0.599744,-0.788178,,,off,policy_direct_scale,0.599744,-0.788178,0.599744,-0.788178,nan,nan,0,0,off,off
3,1092,2026-08-21T16:43:36.778,1787301816.778157473,NAVIGATING,map,base_link,2.131725,-1.001909,1.716039,2.619591,-0.820672,map,2.619591,-0.820672,0.108719,-0.508960,0.520442,-1.360348,548,90,0,0.497177,0.999469,-0.971363,0.599682,-0.777090,,,off,policy_direct_scale,0.599682,-0.777090,0.599682,-0.777090,nan,nan,0,0,off,off
3,1093,2026-08-21T16:43:52.818,1787301832.818758726,NAVIGATING,map,base_link,2.131725,-1.001909,1.716039,2.619591,-0.820672,map,2.619591,-0.820672,0.108719,-0.508960,0.520442,-1.360348,548,90,0,0.531045,0.998607,-0.932490,0.599164,-0.745992,,,off,policy_direct_scale,0.599164,-0.745992,0.599164,-0.745992,nan,nan,0,0,off,off
3,1094,2026-08-21T16:43:53.779,1787301833.779342175,NAVIGATING,map,base_link,2.149527,-0.885415,1.562850,2.619591,-0.820672,map,2.619591,-0.820672,0.068476,-0.469535,0.474502,-1.425978,548,90,0,0.536312,0.998177,-0.944120,0.598906,-0.755296,,,off,policy_direct_scale,0.598906,-0.755296,0.598906,-0.755296,nan,nan,0,0,off,off
3,1095,2026-08-21T16:43:58.861,1787301838.861331463,NAVIGATING,map,base_link,2.174500,-0.992302,1.695801,2.619591,-0.820672,map,2.619591,-0.820672,0.114797,-0.463016,0.477035,-1.327765,548,90,0,2.000000,0.997021,-0.999171,0.598213,-0.799337,,,off,policy_direct_scale,0.598213,-0.799337,0.598213,-0.799337,nan,nan,0,0,off,off
3,1096,2026-08-21T16:43:59.944,1787301839.944251537,NAVIGATING,map,base_link,2.517104,-1.362410,2.020812,2.619591,-0.820672,map,2.619591,-0.820672,0.443223,-0.327928,0.551347,-0.636988,548,90,0,2.000000,0.998086,-0.981127,0.598852,-0.784901,,,off,policy_direct_scale,0.598852,-0.784901,0.598852,-0.784901,nan,nan,0,0,off,off
3,1097,2026-08-21T16:44:00.462,1787301840.462003231,NAVIGATING,map,base_link,2.657037,-1.525412,2.059899,2.619591,-0.820672,map,2.619591,-0.820672,0.639706,-0.298055,0.705734,-0.436018,548,90,0,2.000000,0.998477,-0.948646,0.599086,-0.758916,,,off,policy_direct_scale,0.599086,-0.758916,0.599086,-0.758916,nan,nan,0,0,off,off
3,1098,2026-08-21T16:44:00.977,1787301840.977892399,NAVIGATING,map,base_link,2.720801,-1.569931,2.019942,2.619591,-0.820672,map,2.619591,-0.820672,0.718891,-0.234153,0.756064,-0.314878,548,90,0,2.000000,0.998628,-0.902367,0.599177,-0.721894,,,off,policy_direct_scale,0.599177,-0.721894,0.599177,-0.721894,nan,nan,0,0,off,off
3,1099,2026-08-21T17:03:37.458,1787303017.458412647,NAVIGATING,map,base_link,1.035668,-0.432371,2.162236,2.619591,-0.820672,map,2.619591,-0.820672,-1.205471,-1.098375,1.630825,-2.402647,548,90,0,2.000000,0.994598,-0.999966,0.596759,-0.799973,,,off,policy_direct_scale,0.596759,-0.799973,0.596759,-0.799973,nan,nan,0,0,off,off
3,1100,2026-08-21T17:03:37.981,1787303017.981439352,NAVIGATING,map,base_link,1.004300,-0.241474,1.886147,2.619591,-0.820672,map,2.619591,-0.820672,-1.051619,-1.355999,1.715994,-2.230438,548,90,0,2.000000,0.995285,-0.999953,0.597171,-0.799963,,,off,policy_direct_scale,0.597171,-0.799963,0.597171,-0.799963,nan,nan,0,0,off,off
3,1101,2026-08-21T17:03:38.498,1787303018.498849869,NAVIGATING,map,base_link,1.031056,0.043679,1.539843,2.619591,-0.820672,map,2.619591,-0.820672,-0.814775,-1.614525,1.808465,-2.038159,548,90,0,1.760887,0.995965,-0.999931,0.597579,-0.799945,,,off,policy_direct_scale,0.597579,-0.799945,0.597579,-0.799945,nan,nan,0,0,off,off
3,1102,2026-08-21T17:03:39.058,1787303019.058396339,NAVIGATING,map,base_link,1.206197,0.332068,1.120197,2.619591,-0.820672,map,2.619591,-0.820672,-0.422140,-1.774343,1.823868,-1.804367,548,90,0,1.460326,0.995606,-0.999887,0.597364,-0.799910,,,off,policy_direct_scale,0.597364,-0.799910,0.597364,-0.799910,nan,nan,0,0,off,off
3,1103,2026-08-21T17:03:39.578,1787303019.578584194,NAVIGATING,map,base_link,1.422653,0.523701,0.773374,2.619591,-0.820672,map,2.619591,-0.820672,-0.082639,-1.798102,1.800000,-1.616723,548,90,0,1.189419,0.995809,-0.999892,0.597486,-0.799914,,,off,policy_direct_scale,0.597486,-0.799914,0.597486,-0.799914,nan,nan,0,0,off,off
3,1104,2026-08-21T17:03:40.098,1787303020.098670006,NAVIGATING,map,base_link,1.680948,0.644017,0.430163,2.619591,-0.820672,map,2.619591,-0.820672,0.242328,-1.722684,1.739645,-1.431044,548,90,0,1.030315,0.998071,-0.999746,0.598842,-0.799797,,,off,policy_direct_scale,0.598842,-0.799797,0.598842,-0.799797,nan,nan,0,0,off,off
3,1105,2026-08-21T17:03:40.659,1787303020.659230232,NAVIGATING,map,base_link,2.034964,0.635776,-0.004403,2.619591,-0.820672,map,2.619591,-0.820672,0.591034,-1.453859,1.569404,-1.184675,548,90,0,1.025829,0.998690,-0.998694,0.599214,-0.798955,,,off,policy_direct_scale,0.599214,-0.798955,0.599214,-0.798955,nan,nan,0,0,off,off
3,1106,2026-08-21T17:03:41.181,1787303021.181200981,NAVIGATING,map,base_link,2.184991,0.602721,-0.124737,2.619591,-0.820672,map,2.619591,-0.820672,0.608313,-1.358264,1.488262,-1.149723,548,90,0,1.101518,0.998750,-0.998214,0.599250,-0.798571,,,off,policy_direct_scale,0.599250,-0.798571,0.599250,-0.798571,nan,nan,0,0,off,off
3,1107,2026-08-21T17:03:41.698,1787303021.698690891,NAVIGATING,map,base_link,2.168021,0.611690,-0.112482,2.619591,-0.820672,map,2.619591,-0.820672,0.609491,-1.372624,1.501858,-1.152915,548,90,0,1.098174,0.998750,-0.998254,0.599250,-0.798603,,,off,policy_direct_scale,0.599250,-0.798603,0.599250,-0.798603,nan,nan,0,0,off,off
3,1108,2026-08-21T17:03:42.263,1787303022.263562202,NAVIGATING,map,base_link,2.172910,0.611425,-0.113456,2.619591,-0.820672,map,2.619591,-0.820672,0.605941,-1.372320,1.500142,-1.154996,548,90,0,1.084772,0.998769,-0.998227,0.599261,-0.798582,,,off,policy_direct_scale,0.599261,-0.798582,0.599261,-0.798582,nan,nan,0,0,off,off
3,1109,2026-08-21T17:03:42.781,1787303022.781121254,NAVIGATING,map,base_link,2.171898,0.612365,-0.112634,2.619591,-0.820672,map,2.619591,-0.820672,0.605923,-1.373637,1.501340,-1.155361,548,90,0,1.091107,0.998758,-0.998251,0.599255,-0.798601,,,off,policy_direct_scale,0.599255,-0.798601,0.599255,-0.798601,nan,nan,0,0,off,off
3,1110,2026-08-21T17:03:43.300,1787303023.300096989,NAVIGATING,map,base_link,2.169944,0.613106,-0.110668,2.619591,-0.820672,map,2.619591,-0.820672,0.605247,-1.375347,1.502632,-1.156232,548,90,0,1.100055,0.998748,-0.998274,0.599249,-0.798619,,,off,policy_direct_scale,0.599249,-0.798619,0.599249,-0.798619,nan,nan,0,0,off,off
3,1111,2026-08-21T17:03:43.858,1787303023.858217955,NAVIGATING,map,base_link,2.173948,0.608174,-0.111759,2.619591,-0.820672,map,2.619591,-0.820672,0.602218,-1.370231,1.496729,-1.156708,548,90,0,1.102279,0.998747,-0.998268,0.599248,-0.798614,,,off,policy_direct_scale,0.599248,-0.798614,0.599248,-0.798614,nan,nan,0,0,off,off
3,1112,2026-08-21T17:03:44.378,1787303024.378237247,NAVIGATING,map,base_link,2.173797,0.612214,-0.111723,2.619591,-0.820672,map,2.619591,-0.820672,0.602768,-1.374251,1.500632,-1.157450,548,90,0,1.097409,0.998751,-0.998271,0.599251,-0.798617,,,off,policy_direct_scale,0.599251,-0.798617,0.599251,-0.798617,nan,nan,0,0,off,off
3,1113,2026-08-21T17:03:44.898,1787303024.898219824,NAVIGATING,map,base_link,2.170307,0.609815,-0.110778,2.619591,-0.820672,map,2.619591,-0.820672,0.604672,-1.372050,1.499382,-1.155697,548,90,0,1.105028,0.998752,-0.998255,0.599251,-0.798604,,,off,policy_direct_scale,0.599251,-0.798604,0.599251,-0.798604,nan,nan,0,0,off,off
3,1114,2026-08-21T17:03:45.459,1787303025.459458590,NAVIGATING,map,base_link,2.173367,0.612684,-0.109924,2.619591,-0.820672,map,2.619591,-0.820672,0.600774,-1.375753,1.501208,-1.159068,548,90,0,1.031765,0.998807,-0.998209,0.599284,-0.798567,,,off,policy_direct_scale,0.599284,-0.798567,0.599284,-0.798567,nan,nan,0,0,off,off
3,1115,2026-08-21T17:03:45.981,1787303025.981077433,NAVIGATING,map,base_link,2.159204,0.624061,-0.000350,2.619591,-0.820672,map,2.619591,-0.820672,0.460892,-1.444572,1.516314,-1.261954,548,90,0,0.833321,0.998912,-0.999084,0.599347,-0.799268,,,off,policy_direct_scale,0.599347,-0.799268,0.599347,-0.799268,nan,nan,0,0,off,off
3,1116,2026-08-21T17:03:46.498,1787303026.498958111,NAVIGATING,map,base_link,2.111028,0.670159,0.476492,2.619591,-0.820672,map,2.619591,-0.820672,-0.231878,-1.558026,1.575186,-1.718540,548,90,0,0.724673,0.993400,-0.999961,0.596040,-0.799969,,,off,policy_direct_scale,0.596040,-0.799969,0.596040,-0.799969,nan,nan,0,0,off,off
3,1117,2026-08-21T17:03:47.021,1787303027.021623611,NAVIGATING,map,base_link,2.018427,0.756623,1.026973,2.619591,-0.820672,map,2.619591,-0.820672,-1.038700,-1.330549,1.687975,-2.233630,548,90,0,0.597000,0.018908,-0.999991,0.011345,-0.799993,,,off,policy_direct_scale,0.011345,-0.799993,0.011345,-0.799993,nan,nan,0,0,off,off
3,1118,2026-08-21T17:03:47.538,1787303027.538393497,NAVIGATING,map,base_link,1.986629,0.727281,1.097585,2.619591,-0.820672,map,2.619591,-0.820672,-1.089376,-1.268881,1.672363,-2.280223,548,90,0,0.778302,0.562679,-0.999987,0.337607,-0.799989,,,off,policy_direct_scale,0.337607,-0.799989,0.337607,-0.799989,nan,nan,0,0,off,off
3,1119,2026-08-21T17:03:48.059,1787303028.059713125,NAVIGATING,map,base_link,1.758371,0.321066,1.217629,2.619591,-0.820672,map,2.619591,-0.820672,-0.773401,-1.202962,1.430128,-2.142174,548,90,0,1.146937,0.983739,-0.999960,0.590243,-0.799968,,,off,policy_direct_scale,0.590243,-0.799968,0.590243,-0.799968,nan,nan,0,0,off,off
3,1120,2026-08-21T17:03:48.578,1787303028.578128815,NAVIGATING,map,base_link,1.683200,0.207058,1.342832,2.619591,-0.820672,map,2.619591,-0.820672,-0.789521,-1.144426,1.390344,-2.174701,548,90,0,1.296057,0.992116,-0.999955,0.595269,-0.799964,,,off,policy_direct_scale,0.595269,-0.799964,0.595269,-0.799964,nan,nan,0,0,off,off
3,1121,2026-08-21T17:03:49.100,1787303029.100448370,NAVIGATING,map,base_link,1.610607,-0.157314,1.417900,2.619591,-0.820672,map,2.619591,-0.820672,-0.501950,-1.098244,1.207515,-1.999496,548,90,0,1.653129,0.995569,-0.999920,0.597341,-0.799936,,,off,policy_direct_scale,0.597341,-0.799936,0.597341,-0.799936,nan,nan,0,0,off,off
3,1122,2026-08-21T17:03:49.662,1787303029.662458181,NAVIGATING,map,base_link,1.495330,-0.717654,1.425290,2.619591,-0.820672,map,2.619591,-0.820672,0.061081,-1.127318,1.128971,-1.516667,548,90,0,2.000000,0.997301,-0.999670,0.598381,-0.799736,,,off,policy_direct_scale,0.598381,-0.799736,0.598381,-0.799736,nan,nan,0,0,off,off
3,1123,2026-08-21T17:03:50.180,1787303030.180280685,NAVIGATING,map,base_link,1.489800,-0.713055,1.481623,2.619591,-0.820672,map,2.619591,-0.820672,-0.006575,-1.134886,1.134905,-1.576590,548,90,0,2.000000,0.997166,-0.999729,0.598300,-0.799784,,,off,policy_direct_scale,0.598300,-0.799784,0.598300,-0.799784,nan,nan,0,0,off,off
3,1124,2026-08-21T17:03:50.698,1787303030.698851109,NAVIGATING,map,base_link,1.470750,-0.739525,1.501838,2.619591,-0.820672,map,2.619591,-0.820672,-0.001795,-1.151702,1.151703,-1.572355,548,90,0,2.000000,0.997188,-0.999727,0.598313,-0.799782,,,off,policy_direct_scale,0.598313,-0.799782,0.598313,-0.799782,nan,nan,0,0,off,off
3,1125,2026-08-21T17:03:51.263,1787303031.263417721,NAVIGATING,map,base_link,1.467830,-0.731385,1.503761,2.619591,-0.820672,map,2.619591,-0.820672,-0.011936,-1.155155,1.155216,-1.581129,548,90,0,2.000000,0.997170,-0.999735,0.598302,-0.799788,,,off,policy_direct_scale,0.598302,-0.799788,0.598302,-0.799788,nan,nan,0,0,off,off
3,1126,2026-08-21T17:03:51.782,1787303031.782078743,NAVIGATING,map,base_link,1.472532,-0.729494,1.503650,2.619591,-0.820672,map,2.619591,-0.820672,-0.014010,-1.150592,1.150677,-1.582972,548,90,0,2.000000,0.997162,-0.999736,0.598297,-0.799789,,,off,policy_direct_scale,0.598297,-0.799789,0.598297,-0.799789,nan,nan,0,0,off,off
3,1127,2026-08-21T17:03:52.298,1787303032.298481941,NAVIGATING,map,base_link,1.467507,-0.734805,1.504723,2.619591,-0.820672,map,2.619591,-0.820672,-0.009613,-1.155239,1.155279,-1.579117,548,90,0,2.000000,0.997175,-0.999733,0.598305,-0.799786,,,off,policy_direct_scale,0.598305,-0.799786,0.598305,-0.799786,nan,nan,0,0,off,off
3,1128,2026-08-21T17:03:52.820,1787303032.820554972,NAVIGATING,map,base_link,1.470933,-0.737631,1.503706,2.619591,-0.820672,map,2.619591,-0.820672,-0.005848,-1.151641,1.151656,-1.575875,548,90,0,2.000000,0.997180,-0.999730,0.598308,-0.799784,,,off,policy_direct_scale,0.598308,-0.799784,0.598308,-0.799784,nan,nan,0,0,off,off
3,1129,2026-08-21T17:03:53.340,1787303033.340247631,NAVIGATING,map,base_link,1.469005,-0.733340,1.509726,2.619591,-0.820672,map,2.619591,-0.820672,-0.016945,-1.153771,1.153896,-1.585482,548,90,0,2.000000,0.997158,-0.999738,0.598295,-0.799791,,,off,policy_direct_scale,0.598295,-0.799791,0.598295,-0.799791,nan,nan,0,0,off,off
3,1130,2026-08-21T17:03:53.898,1787303033.898260832,NAVIGATING,map,base_link,1.475483,-0.738101,1.505761,2.619591,-0.820672,map,2.619591,-0.820672,-0.008042,-1.147055,1.147084,-1.577807,548,90,0,2.000000,0.997172,-0.999731,0.598303,-0.799785,,,off,policy_direct_scale,0.598303,-0.799785,0.598303,-0.799785,nan,nan,0,0,off,off
3,1131,2026-08-21T17:03:54.418,1787303034.418745995,NAVIGATING,map,base_link,1.472090,-0.730492,1.505502,2.619591,-0.820672,map,2.619591,-0.820672,-0.015116,-1.150940,1.151040,-1.583929,548,90,0,2.000000,0.997160,-0.999737,0.598296,-0.799789,,,off,policy_direct_scale,0.598296,-0.799789,0.598296,-0.799789,nan,nan,0,0,off,off
3,1132,2026-08-21T17:03:54.938,1787303034.938811064,NAVIGATING,map,base_link,1.473711,-0.733280,1.505596,2.619591,-0.820672,map,2.619591,-0.820672,-0.012548,-1.149140,1.149208,-1.581715,548,90,0,2.000000,0.997164,-0.999735,0.598298,-0.799788,,,off,policy_direct_scale,0.598298,-0.799788,0.598298,-0.799788,nan,nan,0,0,off,off
3,1133,2026-08-21T17:03:55.462,1787303035.462107182,NAVIGATING,map,base_link,1.469790,-0.732660,1.505222,2.619591,-0.820672,map,2.619591,-0.820672,-0.012480,-1.153097,1.153164,-1.581619,548,90,0,2.000000,0.997167,-0.999735,0.598300,-0.799788,,,off,policy_direct_scale,0.598300,-0.799788,0.598300,-0.799788,nan,nan,0,0,off,off
3,1134,2026-08-21T17:03:55.979,1787303035.979603529,NAVIGATING,map,base_link,1.472678,-0.736651,1.504493,2.619591,-0.820672,map,2.619591,-0.820672,-0.007848,-1.149959,1.149986,-1.577621,548,90,0,2.000000,0.997174,-0.999731,0.598305,-0.799785,,,off,policy_direct_scale,0.598305,-0.799785,0.598305,-0.799785,nan,nan,0,0,off,off
3,1135,2026-08-21T17:03:56.498,1787303036.498019934,NAVIGATING,map,base_link,1.471281,-0.732367,1.504871,2.619591,-0.820672,map,2.619591,-0.820672,-0.012465,-1.151633,1.151700,-1.581620,548,90,0,2.000000,0.997166,-0.999735,0.598300,-0.799788,,,off,policy_direct_scale,0.598300,-0.799788,0.598300,-0.799788,nan,nan,0,0,off,off
3,1136,2026-08-21T17:03:57.058,1787303037.058705091,NAVIGATING,map,base_link,1.471247,-0.736731,1.504089,2.619591,-0.820672,map,2.619591,-0.820672,-0.007209,-1.151386,1.151408,-1.577057,548,90,0,2.000000,0.997177,-0.999731,0.598306,-0.799785,,,off,policy_direct_scale,0.598306,-0.799785,0.598306,-0.799785,nan,nan,0,0,off,off
3,1137,2026-08-21T17:03:57.622,1787303037.622135878,NAVIGATING,map,base_link,1.471501,-0.731923,1.504659,2.619591,-0.820672,map,2.619591,-0.820672,-0.012679,-1.151445,1.151515,-1.581807,548,90,0,2.000000,0.997166,-0.999735,0.598299,-0.799788,,,off,policy_direct_scale,0.598299,-0.799788,0.598299,-0.799788,nan,nan,0,0,off,off
3,1138,2026-08-21T17:03:58.141,1787303038.141275167,NAVIGATING,map,base_link,1.472175,-0.733948,1.505267,2.619591,-0.820672,map,2.619591,-0.820672,-0.011402,-1.150632,1.150689,-1.580706,548,90,0,2.000000,0.997168,-0.999734,0.598301,-0.799787,,,off,policy_direct_scale,0.598301,-0.799787,0.598301,-0.799787,nan,nan,0,0,off,off
3,1139,2026-08-21T17:03:58.658,1787303038.658471823,NAVIGATING,map,base_link,1.475364,-0.733777,1.506210,2.619591,-0.820672,map,2.619591,-0.820672,-0.012863,-1.147449,1.147521,-1.582006,548,90,0,2.000000,0.997162,-0.999735,0.598297,-0.799788,,,off,policy_direct_scale,0.598297,-0.799788,0.598297,-0.799788,nan,nan,0,0,off,off
3,1140,2026-08-21T17:03:59.178,1787303039.178535223,NAVIGATING,map,base_link,1.467524,-0.731508,1.502804,2.619591,-0.820672,map,2.619591,-0.820672,-0.010687,-1.155463,1.155512,-1.580045,548,90,0,2.000000,0.997173,-0.999734,0.598304,-0.799787,,,off,policy_direct_scale,0.598304,-0.799787,0.598304,-0.799787,nan,nan,0,0,off,off
3,1141,2026-08-21T17:03:59.700,1787303039.700903177,NAVIGATING,map,base_link,1.475947,-0.619136,1.471984,2.619591,-0.820672,map,2.619591,-0.820672,-0.087731,-1.157948,1.161266,-1.646416,548,90,0,2.000000,0.997014,-0.999784,0.598209,-0.799827,,,off,policy_direct_scale,0.598209,-0.799827,0.598209,-0.799827,nan,nan,0,0,off,off
3,1142,2026-08-21T17:04:00.218,1787303040.218745232,NAVIGATING,map,base_link,1.468698,-0.498302,1.472292,2.619591,-0.820672,map,2.619591,-0.820672,-0.207622,-1.177018,1.195189,-1.745397,548,90,0,2.000000,0.996779,-0.999840,0.598068,-0.799872,,,off,policy_direct_scale,0.598068,-0.799872,0.598068,-0.799872,nan,nan,0,0,off,off
3,1143,2026-08-21T17:04:00.738,1787303040.738665104,NAVIGATING,map,base_link,1.470125,-0.351119,1.499046,2.619591,-0.820672,map,2.619591,-0.820672,-0.385942,-1.180170,1.241673,-1.886856,548,90,0,2.000000,0.996407,-0.999892,0.597844,-0.799914,,,off,policy_direct_scale,0.597844,-0.799914,0.597844,-0.799914,nan,nan,0,0,off,off
3,1144,2026-08-21T17:04:01.260,1787303041.260573626,NAVIGATING,map,base_link,1.480086,-0.225866,1.501733,2.619591,-0.820672,map,2.619591,-0.820672,-0.514753,-1.177835,1.285405,-1.982815,548,90,0,2.000000,0.996135,-0.999916,0.597681,-0.799933,,,off,policy_direct_scale,0.597681,-0.799933,0.597681,-0.799933,nan,nan,0,0,off,off
3,1145,2026-08-21T17:04:01.778,1787303041.778725386,NAVIGATING,map,base_link,1.478064,-0.099621,1.529253,2.619591,-0.820672,map,2.619591,-0.820672,-0.673019,-1.170489,1.350185,-2.092623,548,90,0,1.987997,0.995798,-0.999936,0.597479,-0.799948,,,off,policy_direct_scale,0.597479,-0.799948,0.597479,-0.799948,nan,nan,0,0,off,off
3,1146,2026-08-21T17:04:02.300,1787303042.299996614,NAVIGATING,map,base_link,1.484778,0.049766,1.534614,2.619591,-0.820672,map,2.619591,-0.820672,-0.828817,-1.165558,1.430196,-2.188927,548,90,0,1.870266,0.995362,-0.999948,0.597217,-0.799959,,,off,policy_direct_scale,0.597217,-0.799959,0.597217,-0.799959,nan,nan,0,0,off,off
3,1147,2026-08-21T17:04:02.822,1787303042.822547913,NAVIGATING,map,base_link,1.464528,0.137267,1.536301,2.619591,-0.820672,map,2.619591,-0.820672,-0.917533,-1.187413,1.500606,-2.228678,548,90,0,1.763122,0.994909,-0.999953,0.596946,-0.799963,,,off,policy_direct_scale,0.596946,-0.799963,0.596946,-0.799963,nan,nan,0,0,off,off
3,1148,2026-08-21T17:04:03.339,1787303043.339489222,NAVIGATING,map,base_link,1.448767,0.122915,1.557214,2.619591,-0.820672,map,2.619591,-0.820672,-0.927598,-1.183531,1.503724,-2.235553,548,90,0,1.771903,0.994940,-0.999954,0.596964,-0.799963,,,off,policy_direct_scale,0.596964,-0.799963,0.596964,-0.799963,nan,nan,0,0,off,off
3,1149,2026-08-21T17:04:03.858,1787303043.858329535,NAVIGATING,map,base_link,1.436047,0.026990,1.575128,2.619591,-0.820672,map,2.619591,-0.820672,-0.852781,-1.179861,1.455784,-2.196648,548,90,0,1.853768,0.995405,-0.999949,0.597243,-0.799959,,,off,policy_direct_scale,0.597243,-0.799959,0.597243,-0.799959,nan,nan,0,0,off,off
3,1150,2026-08-21T17:04:04.380,1787303044.380652428,NAVIGATING,map,base_link,1.436933,-0.086564,1.590630,2.619591,-0.820672,map,2.619591,-0.820672,-0.757419,-1.167866,1.391975,-2.146151,548,90,0,1.975257,0.995623,-0.999943,0.597374,-0.799954,,,off,policy_direct_scale,0.597374,-0.799954,0.597374,-0.799954,nan,nan,0,0,off,off
3,1151,2026-08-21T17:04:04.898,1787303044.898005247,NAVIGATING,map,base_link,1.425783,-0.224235,1.598975,2.619591,-0.820672,map,2.619591,-0.820672,-0.629835,-1.176530,1.334509,-2.062309,548,90,0,2.000000,0.995894,-0.999931,0.597536,-0.799945,,,off,policy_direct_scale,0.597536,-0.799945,0.597536,-0.799945,nan,nan,0,0,off,off
3,1152,2026-08-21T17:04:05.461,1787303045.461019754,NAVIGATING,map,base_link,1.424472,-0.357790,1.607851,2.619591,-0.820672,map,2.619591,-0.820672,-0.506839,-1.177150,1.281628,-1.977371,548,90,0,2.000000,0.996151,-0.999915,0.597690,-0.799932,,,off,policy_direct_scale,0.597690,-0.799932,0.597690,-0.799932,nan,nan,0,0,off,off
3,1153,2026-08-21T17:04:05.979,1787303045.979719639,NAVIGATING,map,base_link,1.416977,-0.471568,1.612577,2.619591,-0.820672,map,2.619591,-0.820672,-0.399032,-1.186983,1.252260,-1.895100,548,90,0,2.000000,0.996387,-0.999895,0.597833,-0.799916,,,off,policy_direct_scale,0.597833,-0.799916,0.597833,-0.799916,nan,nan,0,0,off,off
3,1154,2026-08-21T17:04:06.498,1787303046.498092651,NAVIGATING,map,base_link,1.418402,-0.590757,1.623842,2.619591,-0.820672,map,2.619591,-0.820672,-0.293279,-1.187309,1.222994,-1.812961,548,90,0,2.000000,0.996610,-0.999868,0.597966,-0.799895,,,off,policy_direct_scale,0.597966,-0.799895,0.597966,-0.799895,nan,nan,0,0,off,off
3,1155,2026-08-21T17:04:07.060,1787303047.060644150,NAVIGATING,map,base_link,1.419513,-0.622777,1.638199,2.619591,-0.820672,map,2.619591,-0.820672,-0.278273,-1.184024,1.216285,-1.801630,548,90,0,2.000000,0.996638,-0.999864,0.597983,-0.799891,,,off,policy_direct_scale,0.597983,-0.799891,0.597983,-0.799891,nan,nan,0,0,off,off
3,1156,2026-08-21T17:04:07.581,1787303047.581052303,NAVIGATING,map,base_link,1.382741,-0.570241,1.685646,2.619591,-0.820672,map,2.619591,-0.820672,-0.390521,-1.200002,1.261948,-1.885420,548,90,0,2.000000,0.996420,-0.999892,0.597852,-0.799914,,,off,policy_direct_scale,0.597852,-0.799914,0.597852,-0.799914,nan,nan,0,0,off,off
3,1157,2026-08-21T17:04:08.099,1787303048.099414110,NAVIGATING,map,base_link,1.296748,-0.490595,1.855824,2.619591,-0.820672,map,2.619591,-0.820672,-0.688723,-1.176659,1.363402,-2.100352,548,90,0,2.000000,0.995772,-0.999937,0.597463,-0.799949,,,off,policy_direct_scale,0.597463,-0.799949,0.597463,-0.799949,nan,nan,0,0,off,off
3,1158,2026-08-21T17:04:08.659,1787303048.659844398,NAVIGATING,map,base_link,1.187874,-0.429678,2.062408,2.619591,-0.820672,map,2.619591,-0.820672,-1.020529,-1.077595,1.484147,-2.329002,548,90,0,2.000000,0.994953,-0.999961,0.596972,-0.799969,,,off,policy_direct_scale,0.596972,-0.799969,0.596972,-0.799969,nan,nan,0,0,off,off
3,1159,2026-08-21T17:04:09.179,1787303049.179020405,NAVIGATING,map,base_link,1.089920,-0.411262,2.201467,2.619591,-0.820672,map,2.619591,-0.820672,-1.232679,-0.993988,1.583512,-2.462984,548,90,0,2.000000,0.994388,-0.999969,0.596633,-0.799976,,,off,policy_direct_scale,0.596633,-0.799976,0.596633,-0.799976,nan,nan,0,0,off,off
3,1160,2026-08-21T17:04:09.698,1787303049.698892832,NAVIGATING,map,base_link,0.977175,-0.395527,2.392714,2.619591,-0.820672,map,2.619591,-0.820672,-1.492438,-0.806788,1.696549,-2.646008,548,90,0,2.000000,0.993540,-0.999977,0.596124,-0.799982,,,off,policy_direct_scale,0.596124,-0.799982,0.596124,-0.799982,nan,nan,0,0,off,off
3,1161,2026-08-21T17:04:10.258,1787303050.258480072,NAVIGATING,map,base_link,0.833263,-0.401522,2.591733,2.619591,-0.820672,map,2.619591,-0.820672,-1.742054,-0.576110,1.834845,-2.822207,548,90,0,2.000000,0.992585,-0.999982,0.595551,-0.799986,,,off,policy_direct_scale,0.595551,-0.799986,0.595551,-0.799986,nan,nan,0,0,off,off
3,1162,2026-08-21T17:04:10.780,1787303050.780544996,NAVIGATING,map,base_link,0.744775,-0.409190,2.724369,2.619591,-0.820672,map,2.619591,-0.820672,-1.880732,-0.383537,1.919440,-2.940422,548,90,0,2.000000,0.991902,-0.999985,0.595141,-0.799988,,,off,policy_direct_scale,0.595141,-0.799988,0.595141,-0.799988,nan,nan,0,0,off,off
3,1163,2026-08-21T17:04:11.298,1787303051.298842669,NAVIGATING,map,base_link,0.755973,-0.407661,2.708474,2.619591,-0.820672,map,2.619591,-0.820672,-1.864876,-0.407293,1.908834,-2.926567,548,90,0,2.000000,0.991985,-0.999984,0.595191,-0.799987,,,off,policy_direct_scale,0.595191,-0.799987,0.595191,-0.799987,nan,nan,0,0,off,off
3,1164,2026-08-21T17:04:11.862,1787303051.862900496,NAVIGATING,map,base_link,0.739069,-0.347497,2.590565,2.619591,-0.820672,map,2.619591,-0.820672,-1.849917,-0.581433,1.939138,-2.837067,548,90,0,2.000000,0.992327,-0.999982,0.595396,-0.799986,,,off,policy_direct_scale,0.595396,-0.799986,0.595396,-0.799986,nan,nan,0,0,off,off
3,1165,2026-08-21T17:04:12.380,1787303052.380317926,NAVIGATING,map,base_link,0.720311,-0.245176,2.447285,2.619591,-0.820672,map,2.619591,-0.820672,-1.827824,-0.772993,1.984555,-2.741499,548,90,0,1.989397,0.992703,-0.999980,0.595622,-0.799984,,,off,policy_direct_scale,0.595622,-0.799984,0.595622,-0.799984,nan,nan,0,0,off,off
3,1166,2026-08-21T17:04:12.899,1787303052.899538755,NAVIGATING,map,base_link,0.701849,-0.121317,2.271351,2.619591,-0.820672,map,2.619591,-0.820672,-1.770903,-1.015252,2.041282,-2.621040,548,90,0,1.918646,0.993092,-0.999976,0.595855,-0.799981,,,off,policy_direct_scale,0.595855,-0.799981,0.595855,-0.799981,nan,nan,0,0,off,off
3,1167,2026-08-21T17:04:13.460,1787303053.460002899,NAVIGATING,map,base_link,0.707450,0.000682,2.103672,2.619591,-0.820672,map,2.619591,-0.820672,-1.678865,-1.229764,2.081083,-2.509388,548,90,0,1.842455,0.993146,-0.999971,0.595887,-0.799977,,,off,policy_direct_scale,0.595887,-0.799977,0.595887,-0.799977,nan,nan,0,0,off,off
3,1168,2026-08-21T17:04:14.020,1787303054.020853758,NAVIGATING,map,base_link,0.737100,0.104229,1.932132,2.619591,-0.820672,map,2.619591,-0.820672,-1.530681,-1.433955,2.097430,-2.388810,548,90,0,1.743798,0.993534,-0.999965,0.596121,-0.799972,,,off,policy_direct_scale,0.596121,-0.799972,0.596121,-0.799972,nan,nan,0,0,off,off
3,1169,2026-08-21T17:04:14.540,1787303054.540213585,NAVIGATING,map,base_link,0.777500,0.210777,1.788074,2.619591,-0.820672,map,2.619591,-0.820672,-1.404302,-1.576427,2.111205,-2.298512,548,90,0,1.608246,0.992276,-0.999960,0.595365,-0.799968,,,off,policy_direct_scale,0.595365,-0.799968,0.595365,-0.799968,nan,nan,0,0,off,off
3,1170,2026-08-21T17:04:15.101,1787303055.101419687,NAVIGATING,map,base_link,0.784185,0.246195,1.770049,2.619591,-0.820672,map,2.619591,-0.820672,-1.409054,-1.587919,2.122951,-2.296583,548,90,0,1.589357,0.991827,-0.999960,0.595096,-0.799968,,,off,policy_direct_scale,0.595096,-0.799968,0.595096,-0.799968,nan,nan,0,0,off,off
3,1171,2026-08-21T17:04:15.700,1787303055.700889826,NAVIGATING,map,base_link,0.796654,0.200260,1.630973,2.619591,-0.820672,map,2.619591,-0.820672,-1.128715,-1.758238,2.089354,-2.141497,548,90,0,1.618186,0.994272,-0.999947,0.596563,-0.799958,,,off,policy_direct_scale,0.596563,-0.799958,0.596563,-0.799958,nan,nan,0,0,off,off
3,1172,2026-08-21T17:04:16.258,1787303056.258450747,NAVIGATING,map,base_link,0.789796,0.123280,1.406316,2.619591,-0.820672,map,2.619591,-0.820672,-0.631602,-1.959662,2.058931,-1.882586,548,90,0,1.700779,0.996528,-0.999906,0.597917,-0.799925,,,off,policy_direct_scale,0.597917,-0.799925,0.597917,-0.799925,nan,nan,0,0,off,off
3,1173,2026-08-21T17:04:16.778,1787303056.778429985,NAVIGATING,map,base_link,0.739122,0.062066,1.207108,2.619591,-0.820672,map,2.619591,-0.820672,-0.156071,-2.071481,2.077352,-1.645997,548,90,0,1.741358,0.997330,-0.999820,0.598398,-0.799856,,,off,policy_direct_scale,0.598398,-0.799856,0.598398,-0.799856,nan,nan,0,0,off,off
3,1174,2026-08-21T17:04:17.298,1787303057.298687696,NAVIGATING,map,base_link,0.691174,0.010875,0.996326,2.619591,-0.820672,map,2.619591,-0.820672,0.349816,-2.070722,2.100062,-1.403442,548,90,0,1.680496,0.998062,-0.999614,0.598837,-0.799692,,,off,policy_direct_scale,0.598837,-0.799692,0.598837,-0.799692,nan,nan,0,0,off,off
3,1175,2026-08-21T17:04:17.859,1787303057.859480143,NAVIGATING,map,base_link,0.631813,-0.031666,0.782827,2.619591,-0.820672,map,2.619591,-0.820672,0.852706,-1.961297,2.138643,-1.160683,548,90,0,1.599621,0.998661,-0.999067,0.599197,-0.799253,,,off,policy_direct_scale,0.599197,-0.799253,0.599197,-0.799253,nan,nan,0,0,off,off
3,1176,2026-08-21T17:04:18.420,1787303058.420628786,NAVIGATING,map,base_link,0.552249,-0.063232,0.560483,2.619591,-0.820672,map,2.619591,-0.820672,1.348384,-1.740540,2.201730,-0.911678,548,90,0,1.503287,0.999036,-0.997231,0.599422,-0.797784,,,off,policy_direct_scale,0.599422,-0.797784,0.599422,-0.797784,nan,nan,0,0,off,off
3,1177,2026-08-21T17:04:18.941,1787303058.941078663,NAVIGATING,map,base_link,0.502431,-0.084353,0.447327,2.619591,-0.820672,map,2.619591,-0.820672,1.590346,-1.579662,2.241547,-0.782028,548,90,0,1.453622,0.999204,-0.994551,0.599523,-0.795640,,,off,policy_direct_scale,0.599523,-0.795640,0.599523,-0.795640,nan,nan,0,0,off,off
3,1178,2026-08-21T17:04:19.460,1787303059.460359573,NAVIGATING,map,base_link,0.494340,-0.067879,0.514458,2.619591,-0.820672,map,2.619591,-0.820672,1.479737,-1.701108,2.254637,-0.854881,548,90,0,1.440990,0.999139,-0.996278,0.599484,-0.797023,,,off,policy_direct_scale,0.599484,-0.797023,0.599484,-0.797023,nan,nan,0,0,off,off
3,1179,2026-08-21T17:04:19.979,1787303059.979020834,NAVIGATING,map,base_link,0.435937,-0.096978,0.695704,2.619591,-0.820672,map,2.619591,-0.820672,1.212344,-1.955070,2.300452,-1.015726,548,90,0,1.431151,0.998987,-0.998210,0.599392,-0.798568,,,off,policy_direct_scale,0.599392,-0.798568,0.599392,-0.798568,nan,nan,0,0,off,off
3,1180,2026-08-21T17:04:20.498,1787303060.498223066,NAVIGATING,map,base_link,0.373036,-0.143322,0.914487,2.619591,-0.820672,map,2.619591,-0.820672,0.834211,-2.193150,2.346447,-1.207325,548,90,0,1.430214,0.998700,-0.999232,0.599220,-0.799386,,,off,policy_direct_scale,0.599220,-0.799386,0.599220,-0.799386,nan,nan,0,0,off,off
3,1181,2026-08-21T17:04:21.058,1787303061.058367014,NAVIGATING,map,base_link,0.342317,-0.206243,1.159624,2.619591,-0.820672,map,2.619591,-0.820672,0.346972,-2.333047,2.358707,-1.423158,548,90,0,1.446546,0.998396,-0.999660,0.599038,-0.799728,,,off,policy_direct_scale,0.599038,-0.799728,0.599038,-0.799728,nan,nan,0,0,off,off
3,1182,2026-08-21T17:04:21.578,1787303061.578422070,NAVIGATING,map,base_link,0.334758,-0.262539,1.386310,2.619591,-0.820672,map,2.619591,-0.820672,-0.129528,-2.348445,2.352015,-1.625895,548,90,0,1.529823,0.997925,-0.999818,0.598755,-0.799854,,,off,policy_direct_scale,0.598755,-0.799854,0.598755,-0.799854,nan,nan,0,0,off,off
3,1183,2026-08-21T17:04:22.098,1787303062.098351479,NAVIGATING,map,base_link,0.333568,-0.347412,1.632620,2.619591,-0.820672,map,2.619591,-0.820672,-0.613597,-2.252415,2.334497,-1.836760,548,90,0,1.585856,0.996910,-0.999898,0.598146,-0.799918,,,off,policy_direct_scale,0.598146,-0.799918,0.598146,-0.799918,nan,nan,0,0,off,off
3,1184,2026-08-21T17:04:22.661,1787303062.661505699,NAVIGATING,map,base_link,0.344899,-0.416278,1.862482,2.619591,-0.820672,map,2.619591,-0.820672,-1.041440,-2.062319,2.310359,-2.038424,548,90,0,1.666406,0.995673,-0.999937,0.597404,-0.799949,,,off,policy_direct_scale,0.597404,-0.799949,0.597404,-0.799949,nan,nan,0,0,off,off
3,1185,2026-08-21T17:04:23.181,1787303063.181058407,NAVIGATING,map,base_link,0.337130,-0.426025,1.911853,2.619591,-0.820672,map,2.619591,-0.820672,-1.135361,-2.018992,2.316328,-2.083065,548,90,0,1.699838,0.995464,-0.999942,0.597279,-0.799953,,,off,policy_direct_scale,0.597279,-0.799953,0.597279,-0.799953,nan,nan,0,0,off,off
3,1186,2026-08-21T17:04:23.700,1787303063.700797081,NAVIGATING,map,base_link,0.313012,-0.397257,2.082126,2.619591,-0.820672,map,2.619591,-0.820672,-1.497952,-1.804363,2.345119,-2.263673,548,90,0,1.665234,0.994150,-0.999958,0.596490,-0.799966,,,off,policy_direct_scale,0.596490,-0.799966,0.596490,-0.799966,nan,nan,0,0,off,off
3,1187,2026-08-21T17:04:24.259,1787303064.259827852,NAVIGATING,map,base_link,0.256474,-0.424950,2.396381,2.619591,-0.820672,map,2.619591,-0.820672,-2.005109,-1.311661,2.396021,-2.562299,548,90,0,1.655695,0.992381,-0.999974,0.595428,-0.799979,,,off,policy_direct_scale,0.595428,-0.799979,0.595428,-0.799979,nan,nan,0,0,off,off
3,1188,2026-08-21T17:04:24.779,1787303064.779382229,NAVIGATING,map,base_link,0.179364,-0.464319,2.718759,2.619591,-0.820672,map,2.619591,-0.820672,-2.371544,-0.676371,2.466110,-2.863766,548,90,0,1.596176,0.988917,-0.999983,0.593350,-0.799987,,,off,policy_direct_scale,0.593350,-0.799987,0.593350,-0.799987,nan,nan,0,0,off,off
3,1189,2026-08-21T17:04:25.298,1787303065.298055649,NAVIGATING,map,base_link,0.132824,-0.493187,3.013894,2.619591,-0.820672,map,2.619591,-0.820672,-2.508225,0.008124,2.508238,3.138354,548,90,0,1.563962,0.983986,0.999973,0.590392,0.799978,,,off,policy_direct_scale,0.590392,0.799978,0.590392,0.799978,nan,nan,0,0,off,off
3,1190,2026-08-21T17:04:25.858,1787303065.858826876,NAVIGATING,map,base_link,0.093576,-0.554684,-2.950961,2.619591,-0.820672,map,2.619591,-0.820672,-2.429857,0.739796,2.539981,2.846049,548,90,0,1.531513,0.992908,0.999963,0.595744,0.799970,,,off,policy_direct_scale,0.595744,0.799970,0.595744,0.799970,nan,nan,0,0,off,off
3,1191,2026-08-21T17:04:26.378,1787303066.378785610,NAVIGATING,map,base_link,0.086548,-0.601770,-2.679344,2.619591,-0.820672,map,2.619591,-0.820672,-2.169584,1.325569,2.542485,2.593140,548,90,0,1.532143,0.996830,0.999929,0.598098,0.799943,,,off,policy_direct_scale,0.598098,0.799943,0.598098,0.799943,nan,nan,0,0,off,off
3,1192,2026-08-21T17:04:26.899,1787303066.899180651,NAVIGATING,map,base_link,0.113953,-0.638121,-2.465613,2.619591,-0.820672,map,2.619591,-0.820672,-1.840420,1.710089,2.512280,2.392886,548,90,0,1.536013,0.997847,0.999886,0.598708,0.799909,,,off,policy_direct_scale,0.598708,0.799909,0.598708,0.799909,nan,nan,0,0,off,off
3,1193,2026-08-21T17:04:27.458,1787303067.458637238,NAVIGATING,map,base_link,0.106412,-0.644399,-2.457712,2.619591,-0.820672,map,2.619591,-0.820672,-1.836662,1.724475,2.519353,2.387687,548,90,0,1.516443,0.997879,0.999885,0.598727,0.799908,,,off,policy_direct_scale,0.598727,0.799908,0.598727,0.799908,nan,nan,0,0,off,off
3,1194,2026-08-21T17:04:27.978,1787303067.978802443,NAVIGATING,map,base_link,0.072339,-0.626532,-2.639504,2.619591,-0.820672,map,2.619591,-0.820672,-2.139437,1.396063,2.554640,2.563436,548,90,0,1.469224,0.996952,0.999927,0.598171,0.799941,,,off,policy_direct_scale,0.598171,0.799941,0.598171,0.799941,nan,nan,0,0,off,off
3,1195,2026-08-21T17:04:28.501,1787303068.501571655,NAVIGATING,map,base_link,0.018265,-0.625130,-2.912299,2.619591,-0.820672,map,2.619591,-0.820672,-2.488798,0.781677,2.608665,2.837270,548,90,0,1.524638,0.993140,0.999962,0.595884,0.799969,,,off,policy_direct_scale,0.595884,0.799969,0.595884,0.799969,nan,nan,0,0,off,off
3,1196,2026-08-21T17:04:29.018,1787303069.018892765,NAVIGATING,map,base_link,-0.024087,-0.602738,3.126453,2.619591,-0.820672,map,2.619591,-0.820672,-2.646674,0.177887,2.652645,3.074482,548,90,0,1.491064,0.984505,0.999975,0.590703,0.799980,,,off,policy_direct_scale,0.590703,0.799980,0.590703,0.799980,nan,nan,0,0,off,off
3,1197,2026-08-21T17:04:29.541,1787303069.541722059,NAVIGATING,map,base_link,-0.040166,-0.548439,2.892523,2.619591,-0.820672,map,2.619591,-0.820672,-2.644789,-0.391804,2.673653,-2.994520,548,90,0,1.492287,0.982842,-0.999984,0.589705,-0.799987,,,off,policy_direct_scale,0.589705,-0.799987,0.589705,-0.799987,nan,nan,0,0,off,off
3,1198,2026-08-21T17:04:30.058,1787303070.058580160,NAVIGATING,map,base_link,-0.069506,-0.493422,2.584748,2.619591,-0.820672,map,2.619591,-0.820672,-2.455802,-1.143403,2.708935,-2.705848,548,90,0,1.443252,0.987856,-0.999979,0.592714,-0.799983,,,off,policy_direct_scale,0.592714,-0.799983,0.592714,-0.799983,nan,nan,0,0,off,off
3,1199,2026-08-21T17:04:30.578,1787303070.578931332,NAVIGATING,map,base_link,-0.076582,-0.430715,2.356978,2.619591,-0.820672,map,2.619591,-0.820672,-2.183500,-1.629031,2.724227,-2.500615,548,90,0,1.414867,0.990508,-0.999970,0.594305,-0.799976,,,off,policy_direct_scale,0.594305,-0.799976,0.594305,-0.799976,nan,nan,0,0,off,off
3,1200,2026-08-21T17:04:31.102,1787303071.102024078,NAVIGATING,map,base_link,-0.082706,-0.418435,2.319250,2.619591,-0.820672,map,2.619591,-0.820672,-2.133667,-1.706362,2.732070,-2.467015,548,90,0,1.399680,0.990565,-0.999968,0.594339,-0.799974,,,off,policy_direct_scale,0.594339,-0.799974,0.594339,-0.799974,nan,nan,0,0,off,off
3,1201,2026-08-21T17:04:31.662,1787303071.662390471,NAVIGATING,map,base_link,-0.076412,-0.428194,2.381604,2.619591,-0.820672,map,2.619591,-0.820672,-2.224565,-1.572826,2.724421,-2.526167,548,90,0,1.415825,0.991052,-0.999972,0.594631,-0.799977,,,off,policy_direct_scale,0.594631,-0.799977,0.594631,-0.799977,nan,nan,0,0,off,off
3,1202,2026-08-21T17:04:32.180,1787303072.180802584,NAVIGATING,map,base_link,-0.093381,-0.442916,2.438840,2.619591,-0.820672,map,2.619591,-0.820672,-2.314329,-1.465196,2.739146,-2.577192,548,90,0,1.414158,0.990144,-0.999974,0.594086,-0.799980,,,off,policy_direct_scale,0.594086,-0.799980,0.594086,-0.799980,nan,nan,0,0,off,off
3,1203,2026-08-21T17:04:32.699,1787303072.699538708,NAVIGATING,map,base_link,-0.091688,-0.457735,2.456834,2.619591,-0.820672,map,2.619591,-0.820672,-2.329633,-1.433725,2.735463,-2.589905,548,90,0,1.417242,0.989673,-0.999975,0.593804,-0.799980,,,off,policy_direct_scale,0.593804,-0.799980,0.593804,-0.799980,nan,nan,0,0,off,off
3,1204,2026-08-21T17:04:33.259,1787303073.259376049,NAVIGATING,map,base_link,-0.100468,-0.457916,2.470125,2.619591,-0.820672,map,2.619591,-0.820672,-2.355243,-1.408241,2.744142,-2.602706,548,90,0,1.427782,0.989224,-0.999976,0.593534,-0.799980,,,off,policy_direct_scale,0.593534,-0.799980,0.593534,-0.799980,nan,nan,0,0,off,off
3,1205,2026-08-21T17:04:33.821,1787303073.821468115,NAVIGATING,map,base_link,-0.092277,-0.464997,2.466617,2.619591,-0.820672,map,2.619591,-0.820672,-2.339468,-1.416906,2.735093,-2.597027,548,90,0,1.426626,0.989515,-0.999975,0.593709,-0.799980,,,off,policy_direct_scale,0.593709,-0.799980,0.593709,-0.799980,nan,nan,0,0,off,off
3,1206,2026-08-21T17:04:34.338,1787303074.338726282,NAVIGATING,map,base_link,-0.092666,-0.461374,2.470207,2.619591,-0.820672,map,2.619591,-0.820672,-2.347100,-1.405901,2.735952,-2.601913,548,90,0,1.425988,0.989367,-0.999975,0.593620,-0.799980,,,off,policy_direct_scale,0.593620,-0.799980,0.593620,-0.799980,nan,nan,0,0,off,off
3,1207,2026-08-21T17:04:34.860,1787303074.860927105,NAVIGATING,map,base_link,-0.096869,-0.467274,2.472069,2.619591,-0.820672,map,2.619591,-0.820672,-2.349346,-1.408763,2.739351,-2.601438,548,90,0,1.427229,0.989400,-0.999975,0.593640,-0.799980,,,off,policy_direct_scale,0.593640,-0.799980,0.593640,-0.799980,nan,nan,0,0,off,off
3,1208,2026-08-21T17:04:35.378,1787303075.378525019,NAVIGATING,map,base_link,-0.094611,-0.463126,2.471891,2.619591,-0.820672,map,2.619591,-0.820672,-2.349900,-1.404528,2.737651,-2.602868,548,90,0,1.423802,0.989226,-0.999976,0.593535,-0.799980,,,off,policy_direct_scale,0.593535,-0.799980,0.593535,-0.799980,nan,nan,0,0,off,off
3,1209,2026-08-21T17:04:35.901,1787303075.901049376,NAVIGATING,map,base_link,-0.092843,-0.463896,2.471617,2.619591,-0.820672,map,2.619591,-0.820672,-2.347651,-1.404678,2.735797,-2.602400,548,90,0,1.431316,0.989487,-0.999975,0.593692,-0.799980,,,off,policy_direct_scale,0.593692,-0.799980,0.593692,-0.799980,nan,nan,0,0,off,off
3,1210,2026-08-21T17:04:36.458,1787303076.458381653,NAVIGATING,map,base_link,-0.082814,-0.452260,2.291208,2.619591,-0.820672,map,2.619591,-0.820672,-2.059635,-1.787910,2.727401,-2.426701,548,90,0,1.421035,0.991693,-0.999966,0.595016,-0.799973,,,off,policy_direct_scale,0.595016,-0.799973,0.595016,-0.799973,nan,nan,0,0,off,off
3,1211,2026-08-21T17:04:36.978,1787303076.978464603,NAVIGATING,map,base_link,-0.072132,-0.448468,1.710023,2.619591,-0.820672,map,2.619591,-0.820672,-0.742153,-2.614024,2.717335,-1.847429,548,90,0,1.403694,0.996246,-0.999920,0.597747,-0.799936,,,off,policy_direct_scale,0.597747,-0.799936,0.597747,-0.799936,nan,nan,0,0,off,off
3,1212,2026-08-21T17:04:37.500,1787303077.500519991,NAVIGATING,map,base_link,0.062556,-0.461040,1.055098,2.619591,-0.820672,map,2.619591,-0.820672,0.948120,-2.401839,2.582201,-1.194826,548,90,0,1.375639,0.998870,-0.999323,0.599322,-0.799459,,,off,policy_direct_scale,0.599322,-0.799459,0.599322,-0.799459,nan,nan,0,0,off,off
3,1213,2026-08-21T17:04:38.098,1787303078.098570824,NAVIGATING,map,base_link,0.163411,-0.464706,0.486665,2.619591,-0.820672,map,2.619591,-0.820672,2.004533,-1.463345,2.481840,-0.630590,548,90,0,1.359841,0.999354,-0.989667,0.599613,-0.791733,,,off,policy_direct_scale,0.599613,-0.791733,0.599613,-0.791733,nan,nan,0,0,off,off
3,1214,2026-08-21T17:04:38.703,1787303078.703481436,NAVIGATING,map,base_link,0.366813,-0.555705,-0.185785,2.619591,-0.820672,map,2.619591,-0.820672,2.262956,0.155721,2.268307,0.068705,548,90,0,1.500177,0.999568,-0.494057,0.599741,-0.395245,,,off,policy_direct_scale,0.599741,-0.395245,0.599741,-0.395245,nan,nan,0,0,off,off
3,1215,2026-08-21T17:04:39.299,1787303079.299742937,NAVIGATING,map,base_link,0.598228,-0.933730,-0.958272,2.619591,-0.820672,map,2.619591,-0.820672,1.069649,1.718878,2.024523,1.014145,548,90,0,1.620442,0.999485,0.979076,0.599691,0.783261,,,off,policy_direct_scale,0.599691,0.783261,0.599691,0.783261,nan,nan,0,0,off,off
3,1216,2026-08-21T17:04:39.821,1787303079.821751833,NAVIGATING,map,base_link,0.924236,-1.406267,-0.958184,2.619591,-0.820672,map,2.619591,-0.820672,0.495736,1.723774,1.793642,1.290766,548,90,0,1.528960,0.999381,0.995608,0.599629,0.796486,,,off,policy_direct_scale,0.599629,0.796486,0.599629,0.796486,nan,nan,0,0,off,off
3,1217,2026-08-21T17:04:40.341,1787303080.341096163,NAVIGATING,map,base_link,1.233526,-1.912690,-1.076157,2.619591,-0.820672,map,2.619591,-0.820672,-0.303145,1.738328,1.764563,1.743449,548,90,0,1.511435,0.999144,0.999349,0.599487,0.799479,,,off,policy_direct_scale,0.599487,0.799479,0.599487,0.799479,nan,nan,0,0,off,off
3,1218,2026-08-21T17:04:40.861,1787303080.861330509,NAVIGATING,map,base_link,1.234591,-1.971677,-1.482474,2.619591,-0.820672,map,2.619591,-0.820672,-1.024350,1.481129,1.800843,2.175863,548,90,0,0.903099,0.999486,0.999908,0.599692,0.799927,,,off,policy_direct_scale,0.599692,0.799927,0.599692,0.799927,nan,nan,0,0,off,off
3,1219,2026-08-21T17:04:41.378,1787303081.378439188,NAVIGATING,map,base_link,1.268498,-2.357363,-1.482268,2.619591,-0.820672,map,2.619591,-0.820672,-1.411220,1.481665,2.046185,2.331848,548,90,0,0.735165,0.999705,0.999960,0.599823,0.799968,,,off,policy_direct_scale,0.599823,0.799968,0.599823,0.799968,nan,nan,0,0,off,off
3,1220,2026-08-21T17:04:41.899,1787303081.899052382,NAVIGATING,map,base_link,1.334015,-2.610550,-1.227164,2.619591,-0.820672,map,2.619591,-0.820672,-1.252114,1.813444,2.203717,2.175092,548,90,0,0.545362,0.999890,0.999966,0.599934,0.799973,,,off,policy_direct_scale,0.599934,0.799973,0.599934,0.799973,nan,nan,0,0,off,off
3,1221,2026-08-21T17:04:42.458,1787303082.458224773,NAVIGATING,map,base_link,1.364101,-2.769435,-1.305232,2.619591,-0.820672,map,2.619591,-0.820672,-1.550941,1.722939,2.318175,2.303706,548,90,0,0.410345,0.999928,0.999981,0.599957,0.799985,,,off,policy_direct_scale,0.599957,0.799985,0.599957,0.799985,nan,nan,0,0,off,off
3,1222,2026-08-21T17:04:42.980,1787303082.980195761,NAVIGATING,map,base_link,1.404930,-2.973021,-1.351944,2.619591,-0.820672,map,2.619591,-0.820672,-1.837295,1.652984,2.471438,2.408952,548,90,0,0.306072,0.999947,0.999987,0.599968,0.799989,,,off,policy_direct_scale,0.599968,0.799989,0.599968,0.799989,nan,nan,0,0,off,off
3,1223,2026-08-21T17:04:43.500,1787303083.500567913,NAVIGATING,map,base_link,1.418425,-2.989926,-1.460897,2.619591,-0.820672,map,2.619591,-0.820672,-2.024425,1.431839,2.479609,2.525996,548,90,0,0.260221,0.999953,0.999990,0.599972,0.799992,,,off,policy_direct_scale,0.599972,0.799992,0.599972,0.799992,nan,nan,0,0,off,off
3,1224,2026-08-21T17:04:44.062,1787303084.062090635,NAVIGATING,map,base_link,1.407788,-3.084225,-1.446400,2.619591,-0.820672,map,2.619591,-0.820672,-2.095707,1.483291,2.567516,2.525667,548,90,0,0.260569,0.999780,0.999985,0.599868,0.799988,,,off,policy_direct_scale,0.599868,0.799988,0.599868,0.799988,nan,nan,0,0,off,off
3,1225,2026-08-21T17:04:44.579,1787303084.579272032,NAVIGATING,map,base_link,1.420744,-3.161950,-1.426931,2.619591,-0.820672,map,2.619591,-0.820672,-2.145212,1.522131,2.630365,2.524487,548,90,0,0.260476,0.991762,0.999926,0.595057,0.799941,,,off,policy_direct_scale,0.595057,0.799941,0.595057,0.799941,nan,nan,0,0,off,off
3,1226,2026-08-21T17:04:45.098,1787303085.098365307,NAVIGATING,map,base_link,1.482975,-3.409718,-1.437467,2.619591,-0.820672,map,2.619591,-0.820672,-2.414972,1.470703,2.827553,2.594586,548,90,0,0.260960,0.999690,0.999984,0.599814,0.799987,,,off,policy_direct_scale,0.599814,0.799987,0.599814,0.799987,nan,nan,0,0,off,off
3,1227,2026-08-21T17:04:45.658,1787303085.658450603,NAVIGATING,map,base_link,1.510916,-3.475117,-1.422706,2.619591,-0.820672,map,2.619591,-0.820672,-2.461807,1.488201,2.876672,2.597859,548,90,0,0.260155,-0.382321,0.999898,-0.229393,0.799918,,,off,policy_direct_scale,-0.229393,0.799918,-0.229393,0.799918,nan,nan,0,0,off,off
3,1228,2026-08-21T17:04:46.178,1787303086.178458452,NAVIGATING,map,base_link,1.522673,-3.560264,-1.403505,2.619591,-0.820672,map,2.619591,-0.820672,-2.518696,1.537779,2.951033,2.593455,548,90,0,0.260143,0.999036,0.999981,0.599422,0.799985,,,off,policy_direct_scale,0.599422,0.799985,0.599422,0.799985,nan,nan,0,0,off,off
3,1229,2026-08-21T17:04:46.699,1787303086.699017525,NAVIGATING,map,base_link,1.529715,-3.593686,-1.382748,2.619591,-0.820672,map,2.619591,-0.820672,-2.520385,1.589055,2.979503,2.579062,548,90,0,0.261245,0.999481,0.999981,0.599689,0.799985,,,off,policy_direct_scale,0.599689,0.799985,0.599689,0.799985,nan,nan,0,0,off,off
3,1230,2026-08-21T17:04:47.258,1787303087.258513689,NAVIGATING,map,base_link,1.523633,-3.594246,-1.376160,2.619591,-0.820672,map,2.619591,-0.820672,-2.509234,1.611701,2.982253,2.570644,548,90,0,0.261797,0.999586,0.999981,0.599752,0.799985,,,off,policy_direct_scale,0.599752,0.799985,0.599752,0.799985,nan,nan,0,0,off,off
3,1231,2026-08-21T17:04:47.778,1787303087.778677702,NAVIGATING,map,base_link,1.548131,-3.617203,-1.365058,2.619591,-0.820672,map,2.619591,-0.820672,-2.518665,1.620166,2.994764,2.569968,548,90,0,0.260051,0.999841,0.999988,0.599905,0.799990,,,off,policy_direct_scale,0.599905,0.799990,0.599905,0.799990,nan,nan,0,0,off,off
3,1232,2026-08-21T17:04:48.301,1787303088.301720619,NAVIGATING,map,base_link,1.567379,-3.634217,-1.370128,2.619591,-0.820672,map,2.619591,-0.820672,-2.547355,1.591907,3.003862,2.583047,548,90,0,0.260468,0.999855,0.999992,0.599913,0.799994,,,off,policy_direct_scale,0.599913,0.799994,0.599913,0.799994,nan,nan,0,0,off,off
3,1233,2026-08-21T17:04:48.858,1787303088.858447552,NAVIGATING,map,base_link,1.579244,-3.663475,-1.359030,2.619591,-0.820672,map,2.619591,-0.820672,-2.560632,1.614626,3.027185,2.579007,548,90,0,0.260395,0.999820,0.999993,0.599892,0.799994,,,off,policy_direct_scale,0.599892,0.799994,0.599892,0.799994,nan,nan,0,0,off,off
3,1234,2026-08-21T17:04:49.425,1787303089.425248384,NAVIGATING,map,base_link,1.550480,-3.619654,-1.324162,2.619591,-0.820672,map,2.619591,-0.820672,-2.453270,1.720107,2.996214,2.530096,548,90,0,0.260141,0.999899,0.999990,0.599939,0.799992,,,off,policy_direct_scale,0.599939,0.799992,0.599939,0.799992,nan,nan,0,0,off,off
3,1235,2026-08-21T17:04:49.938,1787303089.938696384,NAVIGATING,map,base_link,1.543532,-3.553073,-1.326038,2.619591,-0.820672,map,2.619591,-0.820672,-2.390212,1.706108,2.936651,2.521672,548,90,0,0.260348,0.999614,0.999976,0.599768,0.799981,,,off,policy_direct_scale,0.599768,0.799981,0.599768,0.799981,nan,nan,0,0,off,off
3,1236,2026-08-21T17:04:50.503,1787303090.502961159,NAVIGATING,map,base_link,1.561834,-3.606128,-1.320620,2.619591,-0.820672,map,2.619591,-0.820672,-2.436868,1.714436,2.979533,2.528494,548,90,0,0.260106,0.999878,0.999990,0.599927,0.799992,,,off,policy_direct_scale,0.599927,0.799992,0.599927,0.799992,nan,nan,0,0,off,off
3,1237,2026-08-21T17:04:51.058,1787303091.058606863,NAVIGATING,map,base_link,1.547873,-3.582506,-1.326874,2.619591,-0.820672,map,2.619591,-0.820672,-2.421247,1.707006,2.962483,2.527511,548,90,0,0.260041,0.999739,0.999980,0.599844,0.799984,,,off,policy_direct_scale,0.599844,0.799984,0.599844,0.799984,nan,nan,0,0,off,off
3,1238,2026-08-21T17:04:51.581,1787303091.581377983,NAVIGATING,map,base_link,1.546420,-3.576552,-1.324895,2.619591,-0.820672,map,2.619591,-0.820672,-2.411736,1.711754,2.957461,2.524346,548,90,0,0.260538,0.999735,0.999980,0.599841,0.799984,,,off,policy_direct_scale,0.599841,0.799984,0.599841,0.799984,nan,nan,0,0,off,off
3,1239,2026-08-21T17:04:52.098,1787303092.098963261,NAVIGATING,map,base_link,1.540906,-3.565704,-1.413518,2.619591,-0.820672,map,2.619591,-0.820672,-2.542196,1.495326,2.949366,2.609893,548,90,0,0.260449,0.999551,0.999984,0.599730,0.799987,,,off,policy_direct_scale,0.599730,0.799987,0.599730,0.799987,nan,nan,0,0,off,off
3,1240,2026-08-21T17:04:52.660,1787303092.660696983,NAVIGATING,map,base_link,1.544527,-3.574239,-1.399544,2.619591,-0.820672,map,2.619591,-0.820672,-2.530080,1.528591,2.955993,2.598115,548,90,0,0.260043,0.999656,0.999982,0.599794,0.799985,,,off,policy_direct_scale,0.599794,0.799985,0.599794,0.799985,nan,nan,0,0,off,off
3,1241,2026-08-21T17:04:53.181,1787303093.181140661,NAVIGATING,map,base_link,1.547418,-3.566797,-1.385745,2.619591,-0.820672,map,2.619591,-0.820672,-2.501964,1.559146,2.948009,2.584311,548,90,0,0.260269,0.999609,0.999985,0.599765,0.799988,,,off,policy_direct_scale,0.599765,0.799988,0.599765,0.799988,nan,nan,0,0,off,off
3,1242,2026-08-21T17:04:53.699,1787303093.699745178,NAVIGATING,map,base_link,1.572233,-3.625091,-1.366535,2.619591,-0.820672,map,2.619591,-0.820672,-2.533668,1.594444,2.993614,2.579905,548,90,0,0.260321,0.999834,0.999991,0.599900,0.799993,,,off,policy_direct_scale,0.599900,0.799993,0.599900,0.799993,nan,nan,0,0,off,off
3,1243,2026-08-21T17:04:54.262,1787303094.262193680,NAVIGATING,map,base_link,1.562131,-3.577201,-1.355215,2.619591,-0.820672,map,2.619591,-0.820672,-2.466515,1.622646,2.952401,2.559705,548,90,0,0.261012,0.999843,0.999987,0.599906,0.799990,,,off,policy_direct_scale,0.599906,0.799990,0.599906,0.799990,nan,nan,0,0,off,off
3,1244,2026-08-21T17:04:54.778,1787303094.778748751,NAVIGATING,map,base_link,1.559404,-3.570732,-1.344701,2.619591,-0.820672,map,2.619591,-0.820672,-2.442403,1.649695,2.947342,2.547541,548,90,0,0.260149,0.999722,0.999980,0.599833,0.799984,,,off,policy_direct_scale,0.599833,0.799984,0.599833,0.799984,nan,nan,0,0,off,off
3,1245,2026-08-21T17:04:55.299,1787303095.299730301,NAVIGATING,map,base_link,1.538088,-3.475874,-1.334750,2.619591,-0.820672,map,2.619591,-0.820672,-2.328654,1.672459,2.867010,2.518750,548,90,0,0.260658,0.999132,0.999982,0.599479,0.799986,,,off,policy_direct_scale,0.599479,0.799986,0.599479,0.799986,nan,nan,0,0,off,off
3,1246,2026-08-21T17:04:55.858,1787303095.858270645,NAVIGATING,map,base_link,1.583610,-3.548473,-1.298640,2.619591,-0.820672,map,2.619591,-0.820672,-2.348918,1.731109,2.917902,2.506476,548,90,0,0.261538,0.999688,0.999979,0.599813,0.799983,,,off,policy_direct_scale,0.599813,0.799983,0.599813,0.799983,nan,nan,0,0,off,off
3,1247,2026-08-21T17:04:56.380,1787303096.380669355,NAVIGATING,map,base_link,1.586288,-3.582370,-1.310094,2.619591,-0.820672,map,2.619591,-0.820672,-2.402035,1.710239,2.948676,2.522861,548,90,0,0.260469,0.999840,0.999983,0.599904,0.799986,,,off,policy_direct_scale,0.599904,0.799986,0.599904,0.799986,nan,nan,0,0,off,off
3,1248,2026-08-21T17:04:56.901,1787303096.901646852,NAVIGATING,map,base_link,1.594209,-3.566895,-1.361753,2.619591,-0.820672,map,2.619591,-0.820672,-2.473647,1.572966,2.931408,2.575201,548,90,0,0.260091,0.999905,0.999994,0.599943,0.799995,,,off,policy_direct_scale,0.599943,0.799995,0.599943,0.799995,nan,nan,0,0,off,off
3,1249,2026-08-21T17:04:57.421,1787303097.421358109,NAVIGATING,map,base_link,1.594702,-3.541439,-1.374687,2.619591,-0.820672,map,2.619591,-0.820672,-2.468912,1.535398,2.907399,2.585231,548,90,0,0.277804,0.999931,0.999989,0.599959,0.799991,,,off,policy_direct_scale,0.599959,0.799991,0.599959,0.799991,nan,nan,0,0,off,off
3,1250,2026-08-21T17:04:57.940,1787303097.940441132,NAVIGATING,map,base_link,1.585840,-3.554239,-1.352637,2.619591,-0.820672,map,2.619591,-0.820672,-2.445036,1.600883,2.922504,2.561887,548,90,0,0.433353,0.999879,0.999985,0.599927,0.799988,,,off,policy_direct_scale,0.599927,0.799988,0.599927,0.799988,nan,nan,0,0,off,off
3,1251,2026-08-21T17:04:58.462,1787303098.462568998,NAVIGATING,map,base_link,1.638876,-3.618920,-1.339648,2.619591,-0.820672,map,2.619591,-0.820672,-2.499149,1.595697,2.965130,2.573347,548,90,0,0.565700,0.999755,0.999980,0.599853,0.799984,,,off,policy_direct_scale,0.599853,0.799984,0.599853,0.799984,nan,nan,0,0,off,off
3,1252,2026-08-21T17:04:58.978,1787303098.978625059,NAVIGATING,map,base_link,1.621138,-3.596531,-1.323591,2.619591,-0.820672,map,2.619591,-0.820672,-2.447156,1.647341,2.949967,2.549104,548,90,0,0.512564,0.999822,0.999982,0.599893,0.799985,,,off,policy_direct_scale,0.599893,0.799985,0.599893,0.799985,nan,nan,0,0,off,off
3,1253,2026-08-21T17:04:59.501,1787303099.501234770,NAVIGATING,map,base_link,1.635721,-3.617230,-1.316100,2.619591,-0.820672,map,2.619591,-0.820672,-2.458453,1.656727,2.964581,2.548606,548,90,0,0.511253,0.999825,0.999982,0.599895,0.799986,,,off,policy_direct_scale,0.599895,0.799986,0.599895,0.799986,nan,nan,0,0,off,off
3,1254,2026-08-21T17:05:00.060,1787303100.060965776,NAVIGATING,map,base_link,1.637311,-3.630711,-1.309497,2.619591,-0.820672,map,2.619591,-0.820672,-2.460895,1.674870,2.976776,2.544010,548,90,0,0.532502,0.999801,0.999981,0.599881,0.799985,,,off,policy_direct_scale,0.599881,0.799985,0.599881,0.799985,nan,nan,0,0,off,off
3,1255,2026-08-21T17:05:00.581,1787303100.581551552,NAVIGATING,map,base_link,1.610458,-3.629571,-1.313846,2.619591,-0.820672,map,2.619591,-0.820672,-2.460228,1.689835,2.984672,2.539739,548,90,0,0.545376,0.999771,0.999979,0.599863,0.799983,,,off,policy_direct_scale,0.599863,0.799983,0.599863,0.799983,nan,nan,0,0,off,off
3,1256,2026-08-21T17:05:01.100,1787303101.100879431,NAVIGATING,map,base_link,1.644077,-3.638532,-1.312215,2.619591,-0.820672,map,2.619591,-0.820672,-2.474728,1.663635,2.981939,2.549735,548,90,0,0.694483,0.999424,0.999970,0.599654,0.799976,,,off,policy_direct_scale,0.599654,0.799976,0.599654,0.799976,nan,nan,0,0,off,off
3,1257,2026-08-21T17:05:01.659,1787303101.659415483,NAVIGATING,map,base_link,1.691834,-3.667330,-1.287418,2.619591,-0.820672,map,2.619591,-0.820672,-2.473721,1.686683,2.994026,2.543159,548,90,0,0.786087,0.998454,0.999957,0.599073,0.799966,,,off,policy_direct_scale,0.599073,0.799966,0.599073,0.799966,nan,nan,0,0,off,off
3,1258,2026-08-21T17:05:02.220,1787303102.220340490,NAVIGATING,map,base_link,1.650010,-3.737605,-1.282384,2.619591,-0.820672,map,2.619591,-0.820672,-2.520675,1.759199,3.073855,2.532272,548,90,0,1.230557,0.993270,0.999896,0.595962,0.799917,,,off,policy_direct_scale,0.595962,0.799917,0.595962,0.799917,nan,nan,0,0,off,off
3,1259,2026-08-21T17:05:02.738,1787303102.738867521,NAVIGATING,map,base_link,1.428046,-3.800355,-1.277207,2.619591,-0.820672,map,2.619591,-0.820672,-2.507365,2.002851,3.209095,2.467592,548,90,0,1.388996,0.992139,0.999811,0.595284,0.799849,,,off,policy_direct_scale,0.595284,0.799849,0.595284,0.799849,nan,nan,0,0,off,off
3,1260,2026-08-21T17:05:03.258,1787303103.258524179,NAVIGATING,map,base_link,1.370194,-3.797675,-1.267858,2.619591,-0.820672,map,2.619591,-0.820672,-2.468715,2.080621,3.228551,2.441296,548,90,0,1.395091,0.992877,0.999792,0.595726,0.799834,,,off,policy_direct_scale,0.595726,0.799834,0.595726,0.799834,nan,nan,0,0,off,off
3,1261,2026-08-21T17:05:03.779,1787303103.779623508,NAVIGATING,map,base_link,1.378703,-3.803944,-1.271467,2.619591,-0.820672,map,2.619591,-0.820672,-2.484708,2.065416,3.231055,2.448084,548,90,0,1.387110,0.992620,0.999795,0.595572,0.799836,,,off,policy_direct_scale,0.595572,0.799836,0.595572,0.799836,nan,nan,0,0,off,off
3,1262,2026-08-21T17:05:04.298,1787303104.298197985,NAVIGATING,map,base_link,1.377539,-3.808963,-1.271394,2.619591,-0.820672,map,2.619591,-0.820672,-2.489008,2.068191,3.236135,2.448275,548,90,0,1.387657,0.992910,0.999812,0.595746,0.799850,,,off,policy_direct_scale,0.595746,0.799850,0.595746,0.799850,nan,nan,0,0,off,off
3,1263,2026-08-21T17:05:04.899,1787303104.899200439,NAVIGATING,map,base_link,1.381123,-3.803450,-1.270796,2.619591,-0.820672,map,2.619591,-0.820672,-2.483564,2.064625,3.229670,2.448047,548,90,0,1.266620,0.994109,0.999849,0.596466,0.799879,,,off,policy_direct_scale,0.596466,0.799879,0.596466,0.799879,nan,nan,0,0,off,off
3,1264,2026-08-21T17:05:05.460,1787303105.460263014,NAVIGATING,map,base_link,1.380188,-3.800486,-1.266962,2.619591,-0.820672,map,2.619591,-0.820672,-2.472521,2.074139,3.227292,2.443592,548,90,0,1.038075,0.996238,0.999891,0.597743,0.799913,,,off,policy_direct_scale,0.597743,0.799913,0.597743,0.799913,nan,nan,0,0,off,off
3,1265,2026-08-21T17:05:05.980,1787303105.980499506,NAVIGATING,map,base_link,1.347015,-3.852295,-1.237462,2.619591,-0.820672,map,2.619591,-0.820672,-2.448371,2.194462,3.287885,2.410828,548,90,0,0.946732,0.996902,0.999892,0.598141,0.799913,,,off,policy_direct_scale,0.598141,0.799913,0.598141,0.799913,nan,nan,0,0,off,off
3,1266,2026-08-21T17:05:06.501,1787303106.501306772,NAVIGATING,map,base_link,1.350896,-3.905323,-1.209763,2.619591,-0.820672,map,2.619591,-0.820672,-2.437635,2.276531,3.335365,2.390356,548,90,0,0.976698,0.995939,0.999862,0.597563,0.799889,,,off,policy_direct_scale,0.597563,0.799889,0.597563,0.799889,nan,nan,0,0,off,off
3,1267,2026-08-21T17:05:07.019,1787303107.019096375,NAVIGATING,map,base_link,1.352712,-3.882278,-1.200053,2.619591,-0.820672,map,2.619591,-0.820672,-2.394595,2.290049,3.313369,2.378508,548,90,0,0.962791,0.996407,0.999877,0.597844,0.799902,,,off,policy_direct_scale,0.597844,0.799902,0.597844,0.799902,nan,nan,0,0,off,off
3,1268,2026-08-21T17:05:07.539,1787303107.539609909,NAVIGATING,map,base_link,1.333106,-3.918271,-1.176243,2.619591,-0.820672,map,2.619591,-0.820672,-2.365086,2.378346,3.354126,2.353399,548,90,0,1.024829,0.995023,0.999861,0.597014,0.799888,,,off,policy_direct_scale,0.597014,0.799888,0.597014,0.799888,nan,nan,0,0,off,off
3,1269,2026-08-21T17:05:08.058,1787303108.058293104,NAVIGATING,map,base_link,1.261585,-3.953761,-1.128619,2.619591,-0.820672,map,2.619591,-0.820672,-2.250652,2.568072,3.414737,2.290417,548,90,0,1.128555,0.993598,0.999795,0.596159,0.799836,,,off,policy_direct_scale,0.596159,0.799836,0.596159,0.799836,nan,nan,0,0,off,off
3,1270,2026-08-21T17:05:08.621,1787303108.621915579,NAVIGATING,map,base_link,1.232599,-4.021475,-1.115096,2.619591,-0.820672,map,2.619591,-0.820672,-2.263768,2.654099,3.488393,2.276991,548,90,0,1.179292,0.990022,0.999755,0.594013,0.799804,,,off,policy_direct_scale,0.594013,0.799804,0.594013,0.799804,nan,nan,0,0,off,off
3,1271,2026-08-21T17:05:09.138,1787303109.138817072,NAVIGATING,map,base_link,1.135488,-3.851655,-1.079061,2.619591,-0.820672,map,2.619591,-0.820672,-1.971128,2.739356,3.374821,2.194529,548,90,0,1.170225,0.996662,0.999713,0.597997,0.799771,,,off,policy_direct_scale,0.597997,0.799771,0.597997,0.799771,nan,nan,0,0,off,off
3,1272,2026-08-21T17:05:09.660,1787303109.660112143,NAVIGATING,map,base_link,0.924365,-3.440033,-1.101672,2.619591,-0.820672,map,2.619591,-0.820672,-1.569956,2.696309,3.120071,2.098070,548,90,0,0.937707,0.999259,0.999809,0.599555,0.799847,,,off,policy_direct_scale,0.599555,0.799847,0.599555,0.799847,nan,nan,0,0,off,off
3,1273,2026-08-21T17:05:10.180,1787303110.180818319,NAVIGATING,map,base_link,0.989104,-3.405710,-1.097734,2.619591,-0.820672,map,2.619591,-0.820672,-1.558268,2.629203,3.056290,2.105814,548,90,0,0.952801,0.999163,0.999813,0.599498,0.799851,,,off,policy_direct_scale,0.599498,0.799851,0.599498,0.799851,nan,nan,0,0,off,off
3,1274,2026-08-21T17:05:10.699,1787303110.699130535,NAVIGATING,map,base_link,1.214959,-3.297678,-1.067902,2.619591,-0.820672,map,2.619591,-0.820672,-1.493348,2.424553,2.847551,2.122845,548,90,0,0.921777,0.999335,0.999864,0.599601,0.799891,,,off,policy_direct_scale,0.599601,0.799891,0.599601,0.799891,nan,nan,0,0,off,off
3,1275,2026-08-21T17:05:11.258,1787303111.258551121,NAVIGATING,map,base_link,1.353167,-3.310059,-1.377787,2.619591,-0.820672,map,2.619591,-0.820672,-2.200245,1.720406,2.793005,2.477977,548,90,0,0.963538,0.986110,0.999712,0.591666,0.799769,,,off,policy_direct_scale,0.591666,0.799769,0.591666,0.799769,nan,nan,0,0,off,off
3,1276,2026-08-21T17:05:11.780,1787303111.780708313,NAVIGATING,map,base_link,1.335077,-3.286575,-1.461179,2.619591,-0.820672,map,2.619591,-0.820672,-2.310580,1.546569,2.780406,2.551740,548,90,0,0.898764,0.998978,0.999950,0.599387,0.799960,,,off,policy_direct_scale,0.599387,0.799960,0.599387,0.799960,nan,nan,0,0,off,off
3,1277,2026-08-21T17:05:12.301,1787303112.301255465,NAVIGATING,map,base_link,1.336678,-3.276004,-1.440527,2.619591,-0.820672,map,2.619591,-0.820672,-2.267876,1.590993,2.770292,2.529838,548,90,0,0.880626,0.999102,0.999952,0.599461,0.799961,,,off,policy_direct_scale,0.599461,0.799961,0.599461,0.799961,nan,nan,0,0,off,off
3,1278,2026-08-21T17:05:12.860,1787303112.860238075,NAVIGATING,map,base_link,1.391224,-3.288714,-1.419922,2.619591,-0.820672,map,2.619591,-0.820672,-2.255378,1.585366,2.756831,2.528905,548,90,0,0.806027,0.999365,0.999959,0.599619,0.799967,,,off,policy_direct_scale,0.599619,0.799967,0.599619,0.799967,nan,nan,0,0,off,off
3,1279,2026-08-21T17:05:13.380,1787303113.380439758,NAVIGATING,map,base_link,1.436060,-3.574154,-1.420191,2.619591,-0.820672,map,2.619591,-0.820672,-2.544742,1.583256,2.997067,2.585033,548,90,0,0.884282,0.998437,0.999940,0.599062,0.799952,,,off,policy_direct_scale,0.599062,0.799952,0.599062,0.799952,nan,nan,0,0,off,off
3,1280,2026-08-21T17:05:13.898,1787303113.898594379,NAVIGATING,map,base_link,1.439074,-3.605061,-1.404033,2.619591,-0.820672,map,2.619591,-0.820672,-2.549805,1.626325,3.024308,2.573825,548,90,0,0.616313,0.999595,0.999970,0.599757,0.799976,,,off,policy_direct_scale,0.599757,0.799976,0.599757,0.799976,nan,nan,0,0,off,off
3,1281,2026-08-21T17:05:14.458,1787303114.458452940,NAVIGATING,map,base_link,1.453815,-3.620636,-1.398148,2.619591,-0.820672,map,2.619591,-0.820672,-2.558066,1.629457,3.032958,2.574419,548,90,0,0.417511,0.999794,0.999983,0.599876,0.799987,,,off,policy_direct_scale,0.599876,0.799987,0.599876,0.799987,nan,nan,0,0,off,off
3,1282,2026-08-21T17:05:14.980,1787303114.980884314,NAVIGATING,map,base_link,1.463369,-3.591223,-1.401499,2.619591,-0.820672,map,2.619591,-0.820672,-2.536130,1.606501,3.002133,2.576943,548,90,0,0.616888,0.999050,0.999960,0.599430,0.799968,,,off,policy_direct_scale,0.599430,0.799968,0.599430,0.799968,nan,nan,0,0,off,off
3,1283,2026-08-21T17:05:15.498,1787303115.498647213,NAVIGATING,map,base_link,1.463235,-3.580043,-1.402765,2.619591,-0.820672,map,2.619591,-0.820672,-2.527117,1.601552,2.991870,2.576729,548,90,0,0.789646,0.998371,0.999933,0.599022,0.799946,,,off,policy_direct_scale,0.599022,0.799946,0.599022,0.799946,nan,nan,0,0,off,off
3,1284,2026-08-21T17:05:16.058,1787303116.058581352,NAVIGATING,map,base_link,1.461994,-3.574452,-1.401043,2.619591,-0.820672,map,2.619591,-0.820672,-2.518635,1.606181,2.987195,2.573900,548,90,0,0.834241,0.998538,0.999939,0.599123,0.799951,,,off,policy_direct_scale,0.599123,0.799951,0.599123,0.799951,nan,nan,0,0,off,off
3,1285,2026-08-21T17:05:16.622,1787303116.622374773,NAVIGATING,map,base_link,1.467068,-3.572341,-1.404820,2.619591,-0.820672,map,2.619591,-0.820672,-2.523440,1.591303,2.983286,2.578970,548,90,0,1.088184,0.997069,0.999916,0.598242,0.799932,,,off,policy_direct_scale,0.598242,0.799932,0.598242,0.799932,nan,nan,0,0,off,off
3,1286,2026-08-21T17:05:17.141,1787303117.141375780,NAVIGATING,map,base_link,1.464358,-3.578968,-1.405347,2.619591,-0.820672,map,2.619591,-0.820672,-2.530368,1.593737,2.990445,2.579517,548,90,0,1.606558,0.995265,0.999885,0.597159,0.799908,,,off,policy_direct_scale,0.597159,0.799908,0.597159,0.799908,nan,nan,0,0,off,off
3,1287,2026-08-21T17:05:17.661,1787303117.661214113,NAVIGATING,map,base_link,1.463185,-3.576081,-1.400532,2.619591,-0.820672,map,2.619591,-0.820672,-2.519621,1.606568,2.988236,2.573968,548,90,0,1.610619,0.995068,0.999881,0.597041,0.799905,,,off,policy_direct_scale,0.597041,0.799905,0.597041,0.799905,nan,nan,0,0,off,off
3,1288,2026-08-21T17:05:18.218,1787303118.218652487,NAVIGATING,map,base_link,1.464121,-3.577531,-1.403928,2.619591,-0.820672,map,2.619591,-0.820672,-2.526647,1.597322,2.989211,2.577839,548,90,0,1.614796,0.994998,0.999882,0.596999,0.799905,,,off,policy_direct_scale,0.596999,0.799905,0.596999,0.799905,nan,nan,0,0,off,off
3,1289,2026-08-21T17:05:18.741,1787303118.740988731,NAVIGATING,map,base_link,1.465924,-3.573616,-1.403801,2.619591,-0.820672,map,2.619591,-0.820672,-2.522884,1.595213,2.984903,2.577763,548,90,0,1.623836,0.995045,0.999882,0.597027,0.799906,,,off,policy_direct_scale,0.597027,0.799906,0.597027,0.799906,nan,nan,0,0,off,off
3,1290,2026-08-21T17:05:19.259,1787303119.259575605,NAVIGATING,map,base_link,1.463283,-3.574660,-1.403915,2.619591,-0.820672,map,2.619591,-0.820672,-2.523656,1.597705,2.986888,2.577196,548,90,0,1.613550,0.995069,0.999882,0.597041,0.799905,,,off,policy_direct_scale,0.597041,0.799905,0.597041,0.799905,nan,nan,0,0,off,off
3,1291,2026-08-21T17:05:19.862,1787303119.862655163,NAVIGATING,map,base_link,1.466461,-3.572283,-1.405177,2.619591,-0.820672,map,2.619591,-0.820672,-2.523850,1.590991,2.983467,2.579132,548,90,0,1.624304,0.995014,0.999883,0.597008,0.799906,,,off,policy_direct_scale,0.597008,0.799906,0.597008,0.799906,nan,nan,0,0,off,off
3,1292,2026-08-21T17:05:20.421,1787303120.421310663,NAVIGATING,map,base_link,1.465023,-3.575311,-1.403959,2.619591,-0.820672,map,2.619591,-0.820672,-2.524658,1.595984,2.986815,2.577862,548,90,0,1.605414,0.995030,0.999882,0.597018,0.799905,,,off,policy_direct_scale,0.597018,0.799905,0.597018,0.799905,nan,nan,0,0,off,off
3,1293,2026-08-21T17:05:20.941,1787303120.941002131,NAVIGATING,map,base_link,1.464146,-3.572381,-1.403342,2.619591,-0.820672,map,2.619591,-0.820672,-2.520637,1.597918,2.984452,2.576594,548,90,0,1.625254,0.995076,0.999882,0.597046,0.799905,,,off,policy_direct_scale,0.597046,0.799905,0.597046,0.799905,nan,nan,0,0,off,off
3,1294,2026-08-21T17:05:21.458,1787303121.458335400,NAVIGATING,map,base_link,1.463919,-3.577003,-1.405784,2.619591,-0.820672,map,2.619591,-0.820672,-2.529054,1.592742,2.988802,2.579565,548,90,0,1.604216,0.995034,0.999882,0.597020,0.799906,,,off,policy_direct_scale,0.597020,0.799906,0.597020,0.799906,nan,nan,0,0,off,off
3,1295,2026-08-21T17:05:21.981,1787303121.981457233,NAVIGATING,map,base_link,1.466226,-3.572745,-1.405832,2.619591,-0.820672,map,2.619591,-0.820672,-2.525310,1.589644,2.983983,2.579775,548,90,0,1.601104,0.995035,0.999883,0.597021,0.799906,,,off,policy_direct_scale,0.597021,0.799906,0.597021,0.799906,nan,nan,0,0,off,off
3,1296,2026-08-21T17:05:22.501,1787303122.501437902,NAVIGATING,map,base_link,1.461628,-3.572008,-1.405345,2.619591,-0.820672,map,2.619591,-0.820672,-2.523051,1.595287,2.985084,2.577772,548,90,0,1.606531,0.994882,0.999881,0.596929,0.799905,,,off,policy_direct_scale,0.596929,0.799905,0.596929,0.799905,nan,nan,0,0,off,off
3,1297,2026-08-21T17:05:23.060,1787303123.060709238,NAVIGATING,map,base_link,1.466926,-3.571989,-1.405065,2.619591,-0.820672,map,2.619591,-0.820672,-2.523459,1.590765,2.983015,2.579126,548,90,0,1.610334,0.995054,0.999883,0.597032,0.799906,,,off,policy_direct_scale,0.597032,0.799906,0.597032,0.799906,nan,nan,0,0,off,off
3,1298,2026-08-21T17:05:23.578,1787303123.578453302,NAVIGATING,map,base_link,1.465812,-3.573794,-1.404846,2.619591,-0.820672,map,2.619591,-0.820672,-2.524707,1.592715,2.985111,2.578797,548,90,0,1.616615,0.995069,0.999882,0.597041,0.799906,,,off,policy_direct_scale,0.597041,0.799906,0.597041,0.799906,nan,nan,0,0,off,off
3,1299,2026-08-21T17:05:24.098,1787303124.098850250,NAVIGATING,map,base_link,1.467634,-3.569491,-1.404324,2.619591,-0.820672,map,2.619591,-0.820672,-2.519933,1.591522,2.980438,2.578280,548,90,0,1.610521,0.995047,0.999882,0.597028,0.799906,,,off,policy_direct_scale,0.597028,0.799906,0.597028,0.799906,nan,nan,0,0,off,off
3,1300,2026-08-21T17:05:24.620,1787303124.620965242,NAVIGATING,map,base_link,1.465300,-3.573511,-1.403948,2.619591,-0.820672,map,2.619591,-0.820672,-2.522911,1.595439,2.985047,2.577704,548,90,0,1.598110,0.994983,0.999882,0.596990,0.799905,,,off,policy_direct_scale,0.596990,0.799905,0.596990,0.799905,nan,nan,0,0,off,off
3,1301,2026-08-21T17:05:25.141,1787303125.141485214,NAVIGATING,map,base_link,1.467035,-3.569078,-1.405542,2.619591,-0.820672,map,2.619591,-0.820672,-2.521364,1.588976,2.980289,2.579259,548,90,0,1.620839,0.995087,0.999883,0.597052,0.799906,,,off,policy_direct_scale,0.597052,0.799906,0.597052,0.799906,nan,nan,0,0,off,off
3,1302,2026-08-21T17:05:25.658,1787303125.658910990,NAVIGATING,map,base_link,1.466799,-3.569567,-1.405182,2.619591,-0.820672,map,2.619591,-0.820672,-2.521235,1.590198,2.980831,2.578889,548,90,0,1.615389,0.994974,0.999883,0.596984,0.799906,,,off,policy_direct_scale,0.596984,0.799906,0.596984,0.799906,nan,nan,0,0,off,off
3,1303,2026-08-21T17:05:26.221,1787303126.221372604,NAVIGATING,map,base_link,1.463866,-3.576868,-1.405598,2.619591,-0.820672,map,2.619591,-0.820672,-2.528616,1.593242,2.988698,2.579345,548,90,0,1.618831,0.994961,0.999882,0.596977,0.799906,,,off,policy_direct_scale,0.596977,0.799906,0.596977,0.799906,nan,nan,0,0,off,off
3,1304,2026-08-21T17:05:26.740,1787303126.739983320,NAVIGATING,map,base_link,1.601149,-3.758172,-1.051754,2.619591,-0.820672,map,2.619591,-0.820672,-2.045419,2.341450,3.109040,2.288815,548,90,0,1.372635,0.993422,0.999827,0.596053,0.799862,,,off,policy_direct_scale,0.596053,0.799862,0.596053,0.799862,nan,nan,0,0,off,off
3,1305,2026-08-21T17:05:27.261,1787303127.261564970,NAVIGATING,map,base_link,1.884780,-3.926795,-0.635905,2.619591,-0.820672,map,2.619591,-0.820672,-1.253564,2.935392,3.191856,1.974404,548,90,0,1.171909,0.998193,0.999709,0.598916,0.799767,,,off,policy_direct_scale,0.598916,0.799767,0.598916,0.799767,nan,nan,0,0,off,off
3,1306,2026-08-21T17:05:27.818,1787303127.818753719,NAVIGATING,map,base_link,2.211707,-3.971319,-0.221029,2.619591,-0.820672,map,2.619591,-0.820672,-0.292766,3.163421,3.176939,1.663081,548,90,0,1.067244,0.999480,0.998623,0.599688,0.798899,,,off,policy_direct_scale,0.599688,0.798899,0.599688,0.798899,nan,nan,0,0,off,off
3,1307,2026-08-21T17:05:28.340,1787303128.340829849,NAVIGATING,map,base_link,2.493574,-3.884076,0.149910,2.619591,-0.820672,map,2.619591,-0.820672,0.582119,3.010226,3.065995,1.379774,548,90,0,2.000000,0.999455,0.992912,0.599673,0.794330,,,off,policy_direct_scale,0.599673,0.794330,0.599673,0.794330,nan,nan,0,0,off,off
3,1308,2026-08-21T17:05:28.860,1787303128.860554695,NAVIGATING,map,base_link,2.748322,-3.705821,0.546101,2.619591,-0.820672,map,2.619591,-0.820672,1.388422,2.532379,2.888020,1.069284,548,90,0,2.000000,0.999558,0.970234,0.599735,0.776187,,,off,policy_direct_scale,0.599735,0.776187,0.599735,0.776187,nan,nan,0,0,off,off
3,1309,2026-08-21T17:05:29.419,1787303129.419433355,NAVIGATING,map,base_link,2.903328,-3.425728,0.953491,2.619591,-0.820672,map,2.619591,-0.820672,1.960032,1.739281,2.620463,0.725795,548,90,0,2.000000,0.999592,0.838101,0.599755,0.670481,,,off,policy_direct_scale,0.599755,0.670481,0.599755,0.670481,nan,nan,0,0,off,off
3,1310,2026-08-21T17:05:29.940,1787303129.940037012,NAVIGATING,map,base_link,2.971787,-3.142787,1.245209,2.619591,-0.820672,map,2.619591,-0.820672,2.087463,1.076457,2.348672,0.476110,548,90,0,2.000000,0.999567,0.494372,0.599740,0.395498,,,off,policy_direct_scale,0.599740,0.395498,0.599740,0.395498,nan,nan,0,0,off,off
3,1311,2026-08-21T17:05:30.500,1787303130.500440359,NAVIGATING,map,base_link,2.993743,-2.825824,1.424028,2.619591,-0.820672,map,2.619591,-0.820672,1.928877,0.663367,2.039761,0.331242,548,90,0,2.000000,0.999505,0.173037,0.599703,0.138430,,,off,policy_direct_scale,0.599703,0.138430,0.599703,0.138430,nan,nan,0,0,off,off
3,1312,2026-08-21T17:05:31.059,1787303131.059474945,NAVIGATING,map,base_link,2.972182,-2.513968,1.516352,2.619591,-0.820672,map,2.619591,-0.820672,1.671600,0.444213,1.729616,0.259738,548,90,0,2.000000,0.999419,0.027826,0.599651,0.022261,,,off,policy_direct_scale,0.599651,0.022261,0.599651,0.022261,nan,nan,0,0,off,off
3,1313,2026-08-21T17:05:31.582,1787303131.582062721,NAVIGATING,map,base_link,2.968096,-2.218511,1.543432,2.619591,-0.820672,map,2.619591,-0.820672,1.387780,0.386621,1.440628,0.271700,548,90,0,2.000000,0.999322,0.131265,0.599593,0.105012,,,off,policy_direct_scale,0.599593,0.105012,0.599593,0.105012,nan,nan,0,0,off,off
3,1314,2026-08-21T17:05:32.101,1787303132.101947784,NAVIGATING,map,base_link,2.967951,-1.933185,1.602790,2.619591,-0.820672,map,2.619591,-0.820672,1.123087,0.312594,1.165778,0.271464,548,90,0,2.000000,0.999199,0.190565,0.599520,0.152452,,,off,policy_direct_scale,0.599520,0.152452,0.599520,0.152452,nan,nan,0,0,off,off
3,1315,2026-08-21T17:05:32.659,1787303132.659685850,NAVIGATING,map,base_link,2.899476,-1.575337,1.689356,2.619591,-0.820672,map,2.619591,-0.820672,0.782472,0.188657,0.804894,0.236589,548,90,0,2.000000,0.998962,0.161813,0.599377,0.129450,,,off,policy_direct_scale,0.599377,0.129450,0.599377,0.129450,nan,nan,0,0,off,off
3,1316,2026-08-21T17:05:33.181,1787303133.181217670,NAVIGATING,map,base_link,2.839297,-1.300811,1.769280,2.619591,-0.820672,map,2.619591,-0.820672,0.514035,0.120717,0.528019,0.230662,548,90,0,2.000000,0.998709,0.199004,0.599225,0.159204,,,off,policy_direct_scale,0.599225,0.159204,0.599225,0.159204,nan,nan,0,0,off,off
3,1317,2026-08-21T17:05:33.698,1787303133.698178768,NAVIGATING,map,base_link,2.727058,-0.996918,1.881692,4.551553,0.645071,map,4.551553,0.645071,1.005138,-2.239332,2.454570,-1.148894,548,90,0,2.000000,0.998820,-0.999027,0.599292,-0.799221,,,off,policy_direct_scale,0.599292,-0.799221,0.599292,-0.799221,nan,nan,0,0,off,off
3,1318,2026-08-21T17:05:34.261,1787303134.261258364,NAVIGATING,map,base_link,2.728277,-0.692254,1.583389,4.551553,0.645071,map,4.551553,0.645071,1.314260,-1.839971,2.261144,-0.950549,548,90,0,2.000000,0.998986,-0.997768,0.599392,-0.798214,,,off,policy_direct_scale,0.599392,-0.798214,0.599392,-0.798214,nan,nan,0,0,off,off
3,1319,2026-08-21T17:05:34.779,1787303134.779562950,NAVIGATING,map,base_link,2.829896,-0.431195,1.225120,4.551553,0.645071,map,4.551553,0.645071,1.595956,-1.255140,2.030382,-0.666424,548,90,0,2.000000,0.999156,-0.991175,0.599494,-0.792940,,,off,policy_direct_scale,0.599494,-0.792940,0.599494,-0.792940,nan,nan,0,0,off,off
3,1320,2026-08-21T17:05:35.301,1787303135.301090717,NAVIGATING,map,base_link,3.043069,-0.204868,0.877103,4.551553,0.645071,map,4.551553,0.645071,1.618006,-0.616423,1.731451,-0.364001,548,90,0,2.000000,0.999231,-0.951632,0.599538,-0.761306,,,off,policy_direct_scale,0.599538,-0.761306,0.599538,-0.761306,nan,nan,0,0,off,off
3,1321,2026-08-21T17:05:35.859,1787303135.859327078,NAVIGATING,map,base_link,3.347669,-0.062903,0.494880,4.551553,0.645071,map,4.551553,0.645071,1.395684,0.051280,1.396626,0.036725,548,90,0,1.883974,0.999228,-0.543335,0.599537,-0.434668,,,off,policy_direct_scale,0.599537,-0.434668,0.599537,-0.434668,nan,nan,0,0,off,off
3,1322,2026-08-21T17:05:36.378,1787303136.378465891,NAVIGATING,map,base_link,3.605035,0.043818,0.354231,4.551553,0.645071,map,4.551553,0.645071,1.096308,0.235606,1.121339,0.211689,548,90,0,1.645753,0.999131,-0.060039,0.599478,-0.048031,,,off,policy_direct_scale,0.599478,-0.048031,0.599478,-0.048031,nan,nan,0,0,off,off
3,1323,2026-08-21T17:05:36.898,1787303136.898371458,NAVIGATING,map,base_link,3.900017,0.158702,0.348385,4.551553,0.645071,map,4.551553,0.645071,0.778432,0.234729,0.813052,0.292870,548,90,0,1.475693,0.998990,0.183060,0.599394,0.146448,,,off,policy_direct_scale,0.599394,0.146448,0.599394,0.146448,nan,nan,0,0,off,off
3,1324,2026-08-21T17:05:37.460,1787303137.460443020,NAVIGATING,map,base_link,4.179490,0.289074,0.429919,4.551553,0.645071,map,4.551553,0.645071,0.486583,0.168526,0.514941,0.333416,548,90,0,1.295645,0.998727,0.263796,0.599236,0.211037,,,off,policy_direct_scale,0.599236,0.211037,0.599236,0.211037,nan,nan,0,0,off,off
3,1325,2026-08-21T17:05:37.983,1787303137.983479500,NAVIGATING,map,base_link,4.414441,0.447924,0.542954,3.281390,2.505805,map,3.281390,2.505805,0.093138,2.347340,2.349187,1.531139,548,90,0,1.215052,0.999188,0.996472,0.599513,0.797178,,,off,policy_direct_scale,0.599513,0.797178,0.599513,0.797178,nan,nan,0,0,off,off
3,1326,2026-08-21T17:05:38.499,1787303138.499006510,NAVIGATING,map,base_link,4.581999,0.660041,0.825808,3.281390,2.505805,map,3.281390,2.505805,0.475048,2.207433,2.257970,1.358825,548,90,0,1.080637,0.998958,0.992002,0.599375,0.793602,,,off,policy_direct_scale,0.599375,0.793602,0.599375,0.793602,nan,nan,0,0,off,off
3,1327,2026-08-21T17:05:39.061,1787303139.061364651,NAVIGATING,map,base_link,4.671931,0.984598,1.261113,3.281390,2.505805,map,3.281390,2.505805,1.025067,1.787991,2.060989,1.050236,548,90,0,0.908956,0.998830,0.729509,0.599298,0.583607,,,off,policy_direct_scale,0.599298,0.583607,0.599298,0.583607,nan,nan,0,0,off,off
3,1328,2026-08-21T17:05:39.621,1787303139.621430159,NAVIGATING,map,base_link,4.669067,1.306818,1.414711,3.281390,2.505805,map,3.281390,2.505805,0.968694,1.557193,1.833908,1.014302,548,90,0,0.669325,0.995700,-0.114891,0.597420,-0.091912,,,off,policy_direct_scale,0.597420,-0.091912,0.597420,-0.091912,nan,nan,0,0,off,off
3,1329,2026-08-21T17:05:40.140,1787303140.140648365,NAVIGATING,map,base_link,4.750973,1.581619,1.324352,3.281390,2.505805,map,3.281390,2.505805,0.537747,1.650643,1.736028,1.255859,548,90,0,0.508333,0.990234,0.855294,0.594141,0.684235,,,off,policy_direct_scale,0.594141,0.684235,0.594141,0.684235,nan,nan,0,0,off,off
3,1330,2026-08-21T17:05:40.658,1787303140.657976627,NAVIGATING,map,base_link,4.727818,1.736429,1.481153,3.281390,2.505805,map,3.281390,2.505805,0.636797,1.509497,1.638320,1.171588,548,90,0,0.463076,0.990618,0.964793,0.594371,0.771834,,,off,policy_direct_scale,0.594371,0.771834,0.594371,0.771834,nan,nan,0,0,off,off
3,1331,2026-08-21T17:05:41.180,1787303141.180108070,NAVIGATING,map,base_link,4.724524,1.728173,1.495435,3.281390,2.505805,map,3.281390,2.505805,0.666772,1.497586,1.639313,1.151916,548,90,0,0.467603,0.988035,0.953515,0.592821,0.762812,,,off,policy_direct_scale,0.592821,0.762812,0.592821,0.762812,nan,nan,0,0,off,off
3,1332,2026-08-21T17:05:41.702,1787303141.702371359,NAVIGATING,map,base_link,4.727228,1.726009,1.503413,3.281390,2.505805,map,3.281390,2.505805,0.680675,1.495063,1.642720,1.143559,548,90,0,0.446247,0.989024,0.946340,0.593414,0.757072,,,off,policy_direct_scale,0.593414,0.757072,0.593414,0.757072,nan,nan,0,0,off,off
3,1333,2026-08-21T17:05:42.258,1787303142.258481026,NAVIGATING,map,base_link,4.725172,1.728382,1.496818,3.281390,2.505805,map,3.281390,2.505805,0.668585,1.497293,1.639784,1.150832,548,90,0,0.435319,0.966389,0.818270,0.579833,0.654616,,,off,policy_direct_scale,0.579833,0.654616,0.579833,0.654616,nan,nan,0,0,off,off
3,1334,2026-08-21T17:05:42.778,1787303142.778906584,NAVIGATING,map,base_link,4.733412,1.735639,1.496373,3.281390,2.505805,map,3.281390,2.505805,0.660070,1.505268,1.643632,1.157541,548,90,0,0.467716,0.989639,0.959261,0.593784,0.767409,,,off,policy_direct_scale,0.593784,0.767409,0.593784,0.767409,nan,nan,0,0,off,off
3,1335,2026-08-21T17:05:43.302,1787303143.302289248,NAVIGATING,map,base_link,4.727849,1.728183,1.502394,3.281390,2.505805,map,3.281390,2.505805,0.676939,1.496226,1.642236,1.145923,548,90,0,0.453098,0.988989,0.945108,0.593394,0.756086,,,off,policy_direct_scale,0.593394,0.756086,0.593394,0.756086,nan,nan,0,0,off,off
3,1336,2026-08-21T17:05:43.857,1787303143.857969046,NAVIGATING,map,base_link,4.728038,1.730280,1.497518,3.281390,2.505805,map,3.281390,2.505805,0.667530,1.499545,1.641411,1.151979,548,90,0,0.458102,0.971871,0.858901,0.583123,0.687121,,,off,policy_direct_scale,0.583123,0.687121,0.583123,0.687121,nan,nan,0,0,off,off
3,1337,2026-08-21T17:05:44.382,1787303144.382439137,NAVIGATING,map,base_link,4.726465,1.723726,1.497391,3.281390,2.505805,map,3.281390,2.505805,0.673992,1.498540,1.643134,1.148137,548,90,0,0.462596,0.987426,0.944185,0.592455,0.755348,,,off,policy_direct_scale,0.592455,0.755348,0.592455,0.755348,nan,nan,0,0,off,off
3,1338,2026-08-21T17:05:44.898,1787303144.898685455,NAVIGATING,map,base_link,4.725044,1.725685,1.499310,3.281390,2.505805,map,3.281390,2.505805,0.675014,1.495687,1.640952,1.146856,548,90,0,0.348142,0.769131,0.410994,0.461479,0.328795,,,off,policy_direct_scale,0.461479,0.328795,0.461479,0.328795,nan,nan,0,0,off,off
3,1339,2026-08-21T17:05:45.458,1787303145.458168745,NAVIGATING,map,base_link,4.728653,1.723137,1.498312,3.281390,2.505805,map,3.281390,2.505805,0.675801,1.500144,1.645339,1.147535,548,90,0,0.456353,0.988370,0.944597,0.593022,0.755678,,,off,policy_direct_scale,0.593022,0.755678,0.593022,0.755678,nan,nan,0,0,off,off
3,1340,2026-08-21T17:05:45.979,1787303145.979433060,NAVIGATING,map,base_link,4.727550,1.725560,1.498039,3.281390,2.505805,map,3.281390,2.505805,0.673054,1.499053,1.643216,1.148786,548,90,0,0.473991,0.973021,0.864494,0.583813,0.691595,,,off,policy_direct_scale,0.583813,0.691595,0.583813,0.691595,nan,nan,0,0,off,off
3,1341,2026-08-21T17:05:46.502,1787303146.502309561,NAVIGATING,map,base_link,4.730356,1.725551,1.497407,3.281390,2.505805,map,3.281390,2.505805,0.671910,1.502277,1.645692,1.150222,548,90,0,0.461474,0.988206,0.945609,0.592924,0.756487,,,off,policy_direct_scale,0.592924,0.756487,0.592924,0.756487,nan,nan,0,0,off,off
3,1342,2026-08-21T17:05:47.062,1787303147.062152624,NAVIGATING,map,base_link,4.729075,1.721012,1.499640,3.281390,2.505805,map,3.281390,2.505805,0.679883,1.499817,1.646722,1.145193,548,90,0,0.300956,0.896317,0.665196,0.537790,0.532157,,,off,policy_direct_scale,0.537790,0.532157,0.537790,0.532157,nan,nan,0,0,off,off
3,1343,2026-08-21T17:05:47.620,1787303147.620641232,NAVIGATING,map,base_link,4.733773,1.720956,1.495365,3.281390,2.505805,map,3.281390,2.505805,0.673165,1.507399,1.650880,1.150795,548,90,0,0.466641,0.987397,0.942617,0.592438,0.754093,,,off,policy_direct_scale,0.592438,0.754093,0.592438,0.754093,nan,nan,0,0,off,off
3,1344,2026-08-21T17:05:48.138,1787303148.138349056,NAVIGATING,map,base_link,4.730369,1.724240,1.495986,3.281390,2.505805,map,3.281390,2.505805,0.671082,1.503341,1.646325,1.150945,548,90,0,0.459231,0.988849,0.946632,0.593309,0.757306,,,off,policy_direct_scale,0.593309,0.757306,0.593309,0.757306,nan,nan,0,0,off,off
3,1345,2026-08-21T17:05:48.698,1787303148.698493004,NAVIGATING,map,base_link,4.729879,1.722660,1.502246,3.281390,2.505805,map,3.281390,2.505805,0.682089,1.498730,1.646644,1.143700,548,90,0,0.451253,0.988611,0.943182,0.593167,0.754546,,,off,policy_direct_scale,0.593167,0.754546,0.593167,0.754546,nan,nan,0,0,off,off
3,1346,2026-08-21T17:05:49.258,1787303149.258181572,NAVIGATING,map,base_link,4.732260,1.724085,1.500591,3.281390,2.505805,map,3.281390,2.505805,0.678018,1.502132,1.648062,1.146803,548,90,0,0.444677,0.988795,0.941307,0.593277,0.753045,,,off,policy_direct_scale,0.593277,0.753045,0.593277,0.753045,nan,nan,0,0,off,off
3,1347,2026-08-21T17:05:49.818,1787303149.818663836,NAVIGATING,map,base_link,4.726651,1.721212,1.496853,3.281390,2.505805,map,3.281390,2.505805,0.675679,1.499274,1.644495,1.147385,548,90,0,0.468288,0.982661,0.904635,0.589597,0.723708,,,off,policy_direct_scale,0.589597,0.723708,0.589597,0.723708,nan,nan,0,0,off,off
3,1348,2026-08-21T17:05:50.341,1787303150.341377020,NAVIGATING,map,base_link,4.729836,1.718792,1.496871,3.281390,2.505805,map,3.281390,2.505805,0.677885,1.502617,1.648449,1.146998,548,90,0,0.440703,0.988835,0.942819,0.593301,0.754256,,,off,policy_direct_scale,0.593301,0.754256,0.593301,0.754256,nan,nan,0,0,off,off
3,1349,2026-08-21T17:05:50.863,1787303150.863232136,NAVIGATING,map,base_link,4.731413,1.722860,1.496315,3.281390,2.505805,map,3.281390,2.505805,0.672874,1.504264,1.647898,1.150180,548,90,0,0.441970,0.987688,0.939719,0.592613,0.751775,,,off,policy_direct_scale,0.592613,0.751775,0.592613,0.751775,nan,nan,0,0,off,off
3,1350,2026-08-21T17:05:51.382,1787303151.382254601,NAVIGATING,map,base_link,4.728787,1.719405,1.497185,3.281390,2.505805,map,3.281390,2.505805,0.677823,1.501313,1.647235,1.146707,548,90,0,0.461447,0.987439,0.939766,0.592463,0.751813,,,off,policy_direct_scale,0.592463,0.751813,0.592463,0.751813,nan,nan,0,0,off,off
3,1351,2026-08-21T17:05:51.901,1787303151.901268959,NAVIGATING,map,base_link,4.726749,1.723350,1.501783,3.281390,2.505805,map,3.281390,2.505805,0.680922,1.495875,1.643562,1.143626,548,90,0,0.464499,0.987042,0.939341,0.592225,0.751473,,,off,policy_direct_scale,0.592225,0.751473,0.592225,0.751473,nan,nan,0,0,off,off
3,1352,2026-08-21T17:05:52.458,1787303152.458482265,NAVIGATING,map,base_link,4.731611,1.721052,1.496698,3.281390,2.505805,map,3.281390,2.505805,0.675239,1.504338,1.648933,1.148890,548,90,0,0.448178,0.986976,0.940706,0.592185,0.752565,,,off,policy_direct_scale,0.592185,0.752565,0.592185,0.752565,nan,nan,0,0,off,off
3,1353,2026-08-21T17:05:52.980,1787303152.980332136,NAVIGATING,map,base_link,4.729998,1.722805,1.496677,3.281390,2.505805,map,3.281390,2.505805,0.673579,1.502613,1.646680,1.149381,548,90,0,0.451546,0.988306,0.936972,0.592984,0.749577,,,off,policy_direct_scale,0.592984,0.749577,0.592984,0.749577,nan,nan,0,0,off,off
3,1354,2026-08-21T17:05:53.498,1787303153.498054028,NAVIGATING,map,base_link,4.729208,1.729374,1.502144,3.281390,2.505805,map,3.281390,2.505805,0.675284,1.497669,1.642870,1.147202,548,90,0,0.463807,0.990494,0.945347,0.594296,0.756278,,,off,policy_direct_scale,0.594296,0.756278,0.594296,0.756278,nan,nan,0,0,off,off
3,1355,2026-08-21T17:05:54.058,1787303154.058963060,NAVIGATING,map,base_link,4.728048,1.719948,1.496686,3.281390,2.505805,map,3.281390,2.505805,0.676586,1.500874,1.646326,1.147281,548,90,0,0.465642,0.985519,0.930078,0.591312,0.744063,,,off,policy_direct_scale,0.591312,0.744063,0.591312,0.744063,nan,nan,0,0,off,off
3,1356,2026-08-21T17:05:54.580,1787303154.580868244,NAVIGATING,map,base_link,4.728328,1.719632,1.494653,3.281390,2.505805,map,3.281390,2.505805,0.673827,1.502549,1.646723,1.149227,548,90,0,0.364907,0.834437,0.418288,0.500662,0.334631,,,off,policy_direct_scale,0.500662,0.334631,0.500662,0.334631,nan,nan,0,0,off,off
3,1357,2026-08-21T17:05:55.099,1787303155.099736452,NAVIGATING,map,base_link,4.720450,1.577011,1.497658,3.281390,2.505805,map,3.281390,2.505805,0.821154,1.503082,1.712761,1.070788,548,90,0,0.496607,0.946778,-0.089896,0.568067,-0.071917,,,off,policy_direct_scale,0.568067,-0.071917,0.568067,-0.071917,nan,nan,0,0,off,off
3,1358,2026-08-21T17:05:55.622,1787303155.622584105,NAVIGATING,map,base_link,4.747897,1.399129,1.344310,3.281390,2.505805,map,3.281390,2.505805,0.749102,1.677565,1.837220,1.150822,548,90,0,0.609678,0.996947,0.691094,0.598168,0.552875,,,off,policy_direct_scale,0.598168,0.552875,0.598168,0.552875,nan,nan,0,0,off,off
3,1359,2026-08-21T17:05:56.138,1787303156.138419390,NAVIGATING,map,base_link,4.715040,1.128953,0.704637,3.281390,2.505805,map,3.281390,2.505805,-0.200356,1.977608,1.987731,1.671764,548,90,0,0.716352,0.999210,0.998777,0.599526,0.799022,,,off,policy_direct_scale,0.599526,0.799022,0.599526,0.799022,nan,nan,0,0,off,off
3,1360,2026-08-21T17:05:56.658,1787303156.657996893,NAVIGATING,map,base_link,4.778154,0.959782,-0.360698,3.281390,2.505805,map,3.281390,2.505805,-1.946083,0.918288,2.151857,2.700706,548,90,0,0.732786,0.998650,0.999975,0.599190,0.799980,,,off,policy_direct_scale,0.599190,0.799980,0.599190,0.799980,nan,nan,0,0,off,off
3,1361,2026-08-21T17:05:57.180,1787303157.180610418,NAVIGATING,map,base_link,4.729143,0.863059,-0.409680,3.281390,2.505805,map,3.281390,2.505805,-1.982281,0.930142,2.189658,2.702864,548,90,0,0.790713,0.998247,0.999970,0.598948,0.799976,,,off,policy_direct_scale,0.598948,0.799976,0.598948,0.799976,nan,nan,0,0,off,off
3,1362,2026-08-21T17:05:57.699,1787303157.699911356,NAVIGATING,map,base_link,4.577975,0.631739,-1.184453,3.281390,2.505805,map,3.281390,2.505805,-2.224492,-0.494862,2.278871,-2.922696,548,90,0,0.856866,0.998402,-0.999971,0.599041,-0.799977,,,off,policy_direct_scale,0.599041,-0.799977,0.599041,-0.799977,nan,nan,0,0,off,off
3,1363,2026-08-21T17:05:58.257,1787303158.257898569,NAVIGATING,map,base_link,4.517328,0.585192,-1.206208,3.281390,2.505805,map,3.281390,2.505805,-2.235064,-0.469878,2.283921,-2.934380,548,90,0,0.944601,0.997366,-0.999978,0.598420,-0.799983,,,off,policy_direct_scale,0.598420,-0.799983,0.598420,-0.799983,nan,nan,0,0,off,off
3,1364,2026-08-21T17:05:58.822,1787303158.822258472,NAVIGATING,map,base_link,4.318469,0.508340,-1.209102,3.281390,2.505805,map,3.281390,2.505805,-2.235207,-0.263158,2.250644,-3.024399,548,90,0,0.930630,0.997503,-0.999978,0.598502,-0.799982,,,off,policy_direct_scale,0.598502,-0.799982,0.598502,-0.799982,nan,nan,0,0,off,off
3,1365,2026-08-21T17:05:59.342,1787303159.342245817,NAVIGATING,map,base_link,4.024333,0.382716,-1.192780,3.281390,2.505805,map,3.281390,2.505805,-2.247400,0.093095,2.249327,3.100193,548,90,0,1.013950,0.995964,0.999983,0.597578,0.799987,,,off,policy_direct_scale,0.597578,0.799987,0.597578,0.799987,nan,nan,0,0,off,off
3,1366,2026-08-21T17:05:59.859,1787303159.859247208,NAVIGATING,map,base_link,3.661377,0.260911,-1.360541,3.281390,2.505805,map,3.281390,2.505805,-2.274763,0.096911,2.276827,3.099016,548,90,0,0.972502,0.996545,0.999984,0.597927,0.799987,,,off,policy_direct_scale,0.597927,0.799987,0.597927,0.799987,nan,nan,0,0,off,off
3,1367,2026-08-21T17:06:00.379,1787303160.379713535,NAVIGATING,map,base_link,3.402350,0.234869,-1.473914,3.281390,2.505805,map,3.281390,2.505805,-2.271987,0.099276,2.274155,3.097925,548,90,0,1.025811,0.996274,0.999982,0.597764,0.799986,,,off,policy_direct_scale,0.597764,0.799986,0.597764,0.799986,nan,nan,0,0,off,off
3,1368,2026-08-21T17:06:00.899,1787303160.899323940,NAVIGATING,map,base_link,3.083186,0.201619,-1.472392,3.281390,2.505805,map,3.281390,2.505805,-2.273566,0.423621,2.312695,2.957380,548,90,0,1.091459,0.996542,0.999975,0.597925,0.799980,,,off,policy_direct_scale,0.597925,0.799980,0.597925,0.799980,nan,nan,0,0,off,off
3,1369,2026-08-21T17:06:01.458,1787303161.458309650,NAVIGATING,map,base_link,2.693747,0.145185,-1.450477,3.281390,2.505805,map,3.281390,2.505805,-2.273020,0.866737,2.432663,2.777297,548,90,0,1.027809,0.997718,0.999969,0.598631,0.799975,,,off,policy_direct_scale,0.598631,0.799975,0.598631,0.799975,nan,nan,0,0,off,off
3,1370,2026-08-21T17:06:01.978,1787303161.978475809,NAVIGATING,map,base_link,2.379707,0.059832,-1.485474,3.281390,2.505805,map,3.281390,2.505805,-2.360235,1.106846,2.606879,2.703088,548,90,0,0.888422,0.998644,0.999970,0.599186,0.799976,,,off,policy_direct_scale,0.599186,0.799976,0.599186,0.799976,nan,nan,0,0,off,off
3,1371,2026-08-21T17:06:02.502,1787303162.502870560,NAVIGATING,map,base_link,2.041139,-0.032820,-1.495672,3.281390,2.505805,map,3.281390,2.505805,-2.438380,1.427285,2.825392,2.612021,548,90,0,0.778572,0.999198,0.999968,0.599519,0.799975,,,off,policy_direct_scale,0.599519,0.799975,0.599519,0.799975,nan,nan,0,0,off,off
3,1372,2026-08-21T17:06:03.019,1787303163.019959927,NAVIGATING,map,base_link,1.930920,-0.479813,-1.511160,3.281390,2.505805,map,3.281390,2.505805,-2.899821,1.526016,3.276840,2.657170,548,90,0,0.905687,0.998532,0.999955,0.599119,0.799964,,,off,policy_direct_scale,0.599119,0.799964,0.599119,0.799964,nan,nan,0,0,off,off
3,1373,2026-08-21T17:06:03.542,1787303163.542800426,NAVIGATING,map,base_link,1.778581,-0.883854,-1.485367,3.281390,2.505805,map,3.281390,2.505805,-3.249070,1.786553,3.707860,2.638852,548,90,0,0.953853,0.998314,0.999936,0.598988,0.799949,,,off,policy_direct_scale,0.598988,0.799949,0.598988,0.799949,nan,nan,0,0,off,off
3,1374,2026-08-21T17:06:04.060,1787303164.060876369,NAVIGATING,map,base_link,1.548752,-1.376623,-1.468491,3.281390,2.505805,map,3.281390,2.505805,-3.685179,2.120079,4.251503,2.619534,548,90,0,1.039072,0.997689,0.999886,0.598613,0.799909,,,off,policy_direct_scale,0.598613,0.799909,0.598613,0.799909,nan,nan,0,0,off,off
3,1375,2026-08-21T17:06:04.618,1787303164.618243217,NAVIGATING,map,base_link,1.480286,-2.051553,-1.470981,3.281390,2.505805,map,3.281390,2.505805,-4.355194,2.246279,4.900355,2.665409,548,90,0,1.241260,0.997192,0.999791,0.598315,0.799833,,,off,policy_direct_scale,0.598315,0.799833,0.598315,0.799833,nan,nan,0,0,off,off
3,1376,2026-08-21T17:06:05.141,1787303165.141465902,NAVIGATING,map,base_link,1.596407,-2.701914,-1.467875,3.281390,2.505805,map,3.281390,2.505805,-5.007047,2.211106,5.473528,2.725747,548,90,0,1.404812,0.996882,0.999654,0.598129,0.799723,,,off,policy_direct_scale,0.598129,0.799723,0.598129,0.799723,nan,nan,0,0,off,off
3,1377,2026-08-21T17:06:05.661,1787303165.661628008,NAVIGATING,map,base_link,1.580802,-2.823626,-1.447517,3.281390,2.505805,map,3.281390,2.505805,-5.079867,2.343029,5.594179,2.709432,548,90,0,1.010169,0.998607,0.999749,0.599164,0.799799,,,off,policy_direct_scale,0.599164,0.799799,0.599164,0.799799,nan,nan,0,0,off,off
3,1378,2026-08-21T17:06:06.178,1787303166.178493261,NAVIGATING,map,base_link,1.589863,-2.957968,-1.426575,3.281390,2.505805,map,3.281390,2.505805,-5.163938,2.459231,5.719622,2.697140,548,90,0,0.678387,0.999808,0.999894,0.599885,0.799915,,,off,policy_direct_scale,0.599885,0.799915,0.599885,0.799915,nan,nan,0,0,off,off
3,1379,2026-08-21T17:06:06.700,1787303166.700226307,NAVIGATING,map,base_link,1.509388,-3.411156,-1.401061,3.281390,2.505805,map,3.281390,2.505805,-5.532602,2.746041,6.176603,2.680879,548,90,0,0.697117,0.999797,0.999831,0.599878,0.799865,,,off,policy_direct_scale,0.599878,0.799865,0.599878,0.799865,nan,nan,0,0,off,off
3,1380,2026-08-21T17:06:07.218,1787303167.218479633,NAVIGATING,map,base_link,1.501049,-3.397908,-1.370084,3.281390,2.505805,map,3.281390,2.505805,-5.430254,2.921608,6.166316,2.647990,548,90,0,0.404226,0.999958,0.999936,0.599975,0.799949,,,off,policy_direct_scale,0.599975,0.799949,0.599975,0.799949,nan,nan,0,0,off,off
3,1381,2026-08-21T17:06:07.741,1787303167.741533041,NAVIGATING,map,base_link,1.475542,-3.386192,-1.651710,3.281390,2.505805,map,3.281390,2.505805,-6.018679,1.323716,6.162525,2.925105,548,90,0,0.364949,0.999945,0.999961,0.599967,0.799969,,,off,policy_direct_scale,0.599967,0.799969,0.599967,0.799969,nan,nan,0,0,off,off
3,1382,2026-08-21T17:06:08.258,1787303168.258043289,NAVIGATING,map,base_link,1.394711,-3.343684,-2.324164,3.281390,2.505805,map,3.281390,2.505805,-5.557229,-2.625506,6.146224,-2.700228,548,90,0,0.631519,0.999866,-0.999784,0.599920,-0.799827,,,off,policy_direct_scale,0.599920,-0.799827,0.599920,-0.799827,nan,nan,0,0,off,off
3,1383,2026-08-21T17:06:08.818,1787303168.818693399,NAVIGATING,map,base_link,1.502103,-3.243925,-2.321832,3.281390,2.505805,map,3.281390,2.505805,-5.417131,-2.622964,6.018742,-2.690666,548,90,0,0.650672,0.999937,-0.999703,0.599962,-0.799762,,,off,policy_direct_scale,0.599962,-0.799762,0.599962,-0.799762,nan,nan,0,0,off,off
3,1384,2026-08-21T17:06:09.341,1787303169.341245413,NAVIGATING,map,base_link,1.663777,-3.048236,-2.292637,3.281390,2.505805,map,3.281390,2.505805,-5.237679,-2.455763,5.784812,-2.703162,548,90,0,0.423654,0.999973,-0.999478,0.599984,-0.799583,,,off,policy_direct_scale,0.599984,-0.799583,0.599984,-0.799583,nan,nan,0,0,off,off
3,1385,2026-08-21T17:06:09.858,1787303169.858118057,NAVIGATING,map,base_link,1.671297,-3.053689,-2.266445,3.281390,2.505805,map,3.281390,2.505805,-5.299563,-2.327017,5.787951,-2.727844,548,90,0,0.527091,0.999953,-0.999635,0.599972,-0.799708,,,off,policy_direct_scale,0.599972,-0.799708,0.599972,-0.799708,nan,nan,0,0,off,off
3,1386,2026-08-21T17:06:10.419,1787303170.419763803,NAVIGATING,map,base_link,1.771205,-3.065361,-1.573342,3.281390,2.505805,map,3.281390,2.505805,-5.574991,1.495999,5.772222,2.879428,548,90,0,0.624298,0.999120,0.999755,0.599472,0.799804,,,off,policy_direct_scale,0.599472,0.799804,0.599472,0.799804,nan,nan,0,0,off,off
3,1387,2026-08-21T17:06:10.938,1787303170.938925743,NAVIGATING,map,base_link,1.783824,-2.794048,-1.557320,3.281390,2.505805,map,3.281390,2.505805,-5.279191,1.568851,5.507372,2.852728,548,90,0,0.687565,0.998364,0.999656,0.599019,0.799725,,,off,policy_direct_scale,0.599019,0.799725,0.599019,0.799725,nan,nan,0,0,off,off
3,1388,2026-08-21T17:06:11.459,1787303171.459345102,NAVIGATING,map,base_link,1.763528,-2.227528,-1.555274,3.281390,2.505805,map,3.281390,2.505805,-4.709203,1.591149,4.970749,2.815755,548,90,0,0.881521,0.991156,0.999102,0.594694,0.799282,,,off,policy_direct_scale,0.594694,0.799282,0.594694,0.799282,nan,nan,0,0,off,off
3,1389,2026-08-21T17:06:11.978,1787303171.978196859,NAVIGATING,map,base_link,1.716394,-1.588815,-1.538391,3.281390,2.505805,map,3.281390,2.505805,-4.041765,1.696838,4.383505,2.744112,548,90,0,1.310593,0.992448,0.999763,0.595469,0.799810,,,off,policy_direct_scale,0.595469,0.799810,0.595469,0.799810,nan,nan,0,0,off,off
3,1390,2026-08-21T17:06:12.498,1787303172.498124838,NAVIGATING,map,base_link,1.730066,-0.848170,-1.549835,3.281390,2.505805,map,3.281390,2.505805,-3.320723,1.621282,3.695369,2.687404,548,90,0,1.142015,0.996321,0.999905,0.597793,0.799924,,,off,policy_direct_scale,0.597793,0.799924,0.597793,0.799924,nan,nan,0,0,off,off
3,1391,2026-08-21T17:06:13.058,1787303173.058836222,NAVIGATING,map,base_link,1.733810,-0.485585,-1.422050,3.281390,2.505805,map,3.281390,2.505805,-2.729011,1.973809,3.368000,2.515420,548,90,0,0.974565,0.998031,0.999905,0.598818,0.799924,,,off,policy_direct_scale,0.598818,0.799924,0.598818,0.799924,nan,nan,0,0,off,off
3,1392,2026-08-21T17:06:13.581,1787303173.581477165,NAVIGATING,map,base_link,1.728579,-0.484015,-1.429949,3.281390,2.505805,map,3.281390,2.505805,-2.742226,1.957152,3.369013,2.521725,548,90,0,0.588659,0.995158,0.999973,0.597095,0.799979,,,off,policy_direct_scale,0.597095,0.799979,0.597095,0.799979,nan,nan,0,0,off,off
3,1393,2026-08-21T17:06:14.100,1787303174.100194931,NAVIGATING,map,base_link,1.736672,-0.476934,-1.425214,3.281390,2.505805,map,3.281390,2.505805,-2.727097,1.961079,3.359001,2.518157,548,90,0,0.493973,-0.967089,0.999992,-0.580254,0.799994,,,off,policy_direct_scale,-0.580254,0.799994,-0.580254,0.799994,nan,nan,0,0,off,off
3,1394,2026-08-21T17:06:14.662,1787303174.662852764,NAVIGATING,map,base_link,1.725950,-0.469250,-1.423086,3.281390,2.505805,map,3.281390,2.505805,-2.713738,1.976354,3.357134,2.512140,548,90,0,0.772799,-0.374050,0.999947,-0.224430,0.799958,,,off,policy_direct_scale,-0.224430,0.799958,-0.224430,0.799958,nan,nan,0,0,off,off
3,1395,2026-08-21T17:06:15.179,1787303175.179458857,NAVIGATING,map,base_link,1.724668,-0.463859,-1.424434,3.281390,2.505805,map,3.281390,2.505805,-2.710881,1.973174,3.352952,2.512404,548,90,0,1.027930,0.915699,0.999676,0.549419,0.799741,,,off,policy_direct_scale,0.549419,0.799741,0.549419,0.799741,nan,nan,0,0,off,off
3,1396,2026-08-21T17:06:15.700,1787303175.700464010,NAVIGATING,map,base_link,1.723094,-0.458371,-1.422563,3.281390,2.505805,map,3.281390,2.505805,-2.701524,1.978988,3.348825,2.509357,548,90,0,1.074169,0.955267,0.999632,0.573160,0.799705,,,off,policy_direct_scale,0.573160,0.799705,0.573160,0.799705,nan,nan,0,0,off,off
3,1397,2026-08-21T17:06:16.221,1787303176.221397400,NAVIGATING,map,base_link,1.724298,-0.459765,-1.420573,3.281390,2.505805,map,3.281390,2.505805,-2.699139,1.983379,3.349499,2.507878,548,90,0,1.002680,0.879892,0.999533,0.527935,0.799626,,,off,policy_direct_scale,0.527935,0.799626,0.527935,0.799626,nan,nan,0,0,off,off
3,1398,2026-08-21T17:06:16.738,1787303176.738446236,NAVIGATING,map,base_link,1.722657,-0.456853,-1.422245,3.281390,2.505805,map,3.281390,2.505805,-2.699329,1.980055,3.347685,2.508712,548,90,0,0.857163,0.361042,0.999979,0.216625,0.799983,,,off,policy_direct_scale,0.216625,0.799983,0.216625,0.799983,nan,nan,0,0,off,off
3,1399,2026-08-21T17:06:17.257,1787303177.257908583,NAVIGATING,map,base_link,1.811031,-0.412998,-0.848049,3.281390,2.505805,map,3.281390,2.505805,-1.216513,3.033392,3.268236,1.952199,548,90,0,0.868720,0.997789,0.999723,0.598673,0.799778,,,off,policy_direct_scale,0.598673,0.799778,0.598673,0.799778,nan,nan,0,0,off,off
3,1400,2026-08-21T17:06:17.778,1787303177.778177977,NAVIGATING,map,base_link,1.809614,-0.388458,-0.649535,3.281390,2.505805,map,3.281390,2.505805,-0.578426,3.195044,3.246981,1.749895,548,90,0,0.799112,0.999271,0.999186,0.599563,0.799349,,,off,policy_direct_scale,0.599563,0.799349,0.599563,0.799349,nan,nan,0,0,off,off
3,1401,2026-08-21T17:06:18.298,1787303178.298026323,NAVIGATING,map,base_link,1.805407,-0.371960,-0.589541,3.281390,2.505805,map,3.281390,2.505805,-0.373149,3.212603,3.234202,1.686430,548,90,0,0.841363,0.999370,0.998905,0.599622,0.799124,,,off,policy_direct_scale,0.599622,0.799124,0.599622,0.799124,nan,nan,0,0,off,off
3,1402,2026-08-21T17:06:18.822,1787303178.822016001,NAVIGATING,map,base_link,1.794040,-0.371622,-0.506637,3.281390,2.505805,map,3.281390,2.505805,-0.095730,3.237690,3.239105,1.600355,548,90,0,1.025140,0.999165,0.998665,0.599499,0.798932,,,off,policy_direct_scale,0.599499,0.798932,0.599499,0.798932,nan,nan,0,0,off,off
3,1403,2026-08-21T17:06:19.341,1787303179.341103315,NAVIGATING,map,base_link,1.809929,-0.374747,-0.526976,3.281390,2.505805,map,3.281390,2.505805,-0.176862,3.229783,3.234622,1.625501,548,90,0,1.296266,0.998624,0.998501,0.599174,0.798801,,,off,policy_direct_scale,0.599174,0.798801,0.599174,0.798801,nan,nan,0,0,off,off
3,1404,2026-08-21T17:06:19.858,1787303179.858048677,NAVIGATING,map,base_link,1.824078,-0.353630,-0.485898,3.281390,2.505805,map,3.281390,2.505805,-0.046726,3.209041,3.209381,1.585356,548,90,0,1.339566,0.998415,0.998025,0.599049,0.798420,,,off,policy_direct_scale,0.599049,0.798420,0.599049,0.798420,nan,nan,0,0,off,off
3,1405,2026-08-21T17:06:20.379,1787303180.379390001,NAVIGATING,map,base_link,1.815547,-0.351954,-0.425289,3.281390,2.505805,map,3.281390,2.505805,0.156198,3.207972,3.211772,1.522144,548,90,0,1.361444,0.998589,0.997377,0.599153,0.797902,,,off,policy_direct_scale,0.599153,0.797902,0.599153,0.797902,nan,nan,0,0,off,off
3,1406,2026-08-21T17:06:20.898,1787303180.898560047,NAVIGATING,map,base_link,1.792619,-0.343410,-0.439250,3.281390,2.505805,map,3.281390,2.505805,0.135784,3.211857,3.214726,1.528545,548,90,0,1.404495,0.998631,0.997181,0.599179,0.797745,,,off,policy_direct_scale,0.599179,0.797745,0.599179,0.797745,nan,nan,0,0,off,off
3,1407,2026-08-21T17:06:21.458,1787303181.458066463,NAVIGATING,map,base_link,1.787976,-0.335969,-0.466714,3.281390,2.505805,map,3.281390,2.505805,0.055028,3.209819,3.210291,1.553654,548,90,0,1.412594,0.998691,0.997528,0.599214,0.798022,,,off,policy_direct_scale,0.599214,0.798022,0.599214,0.798022,nan,nan,0,0,off,off
3,1408,2026-08-21T17:06:21.979,1787303181.979623556,NAVIGATING,map,base_link,1.792399,-0.338917,-0.472845,3.281390,2.505805,map,3.281390,2.505805,0.030069,3.210706,3.210847,1.561431,548,90,0,1.422271,0.998635,0.997227,0.599181,0.797781,,,off,policy_direct_scale,0.599181,0.797781,0.599181,0.797781,nan,nan,0,0,off,off
3,1409,2026-08-21T17:06:22.497,1787303182.497956753,NAVIGATING,map,base_link,1.793340,-0.336990,-0.475234,3.281390,2.505805,map,3.281390,2.505805,0.022441,3.208624,3.208703,1.563802,548,90,0,1.420629,0.998567,0.997236,0.599140,0.797789,,,off,policy_direct_scale,0.599140,0.797789,0.599140,0.797789,nan,nan,0,0,off,off
3,1410,2026-08-21T17:06:23.059,1787303183.059319496,NAVIGATING,map,base_link,1.795318,-0.340171,-0.418961,3.281390,2.505805,map,3.281390,2.505805,0.199770,3.204385,3.210606,1.508534,548,90,0,1.362759,0.998497,0.996484,0.599098,0.797187,,,off,policy_direct_scale,0.599098,0.797187,0.599098,0.797187,nan,nan,0,0,off,off
3,1411,2026-08-21T17:06:23.618,1787303183.618744612,NAVIGATING,map,base_link,1.777981,-0.339531,0.017315,3.281390,2.505805,map,3.281390,2.505805,1.552447,2.818880,3.218102,1.067391,548,90,0,1.340419,0.998967,0.982041,0.599380,0.785632,,,off,policy_direct_scale,0.599380,0.785632,0.599380,0.785632,nan,nan,0,0,off,off
3,1412,2026-08-21T17:06:24.144,1787303184.144064903,NAVIGATING,map,base_link,1.707226,-0.211267,0.788312,3.281390,2.505805,map,3.281390,2.505805,3.036704,0.799314,3.140139,0.257379,548,90,0,1.184565,0.999721,-0.124083,0.599832,-0.099266,,,off,policy_direct_scale,0.599832,-0.099266,0.599832,-0.099266,nan,nan,0,0,off,off
3,1413,2026-08-21T17:06:24.659,1787303184.659794331,NAVIGATING,map,base_link,1.604167,-0.107704,1.127274,3.281390,2.505805,map,3.281390,2.505805,3.080377,-0.393428,3.105400,-0.127033,548,90,0,1.174383,0.999675,-0.849871,0.599805,-0.679896,,,off,policy_direct_scale,0.599805,-0.679896,0.599805,-0.679896,nan,nan,0,0,off,off
3,1414,2026-08-21T17:06:25.183,1787303185.183084249,NAVIGATING,map,base_link,1.567668,-0.110309,1.303422,3.281390,2.505805,map,3.281390,2.505805,2.975923,-0.961654,3.127442,-0.312553,548,90,0,1.135906,0.999632,-0.940279,0.599779,-0.752223,,,off,policy_direct_scale,0.599779,-0.752223,0.599779,-0.752223,nan,nan,0,0,off,off
3,1415,2026-08-21T17:06:25.701,1787303185.701240540,NAVIGATING,map,base_link,1.528015,-0.313212,1.334939,3.281390,2.505805,map,3.281390,2.505805,3.150694,-1.046092,3.319816,-0.320568,548,90,0,1.236317,0.999386,-0.878664,0.599631,-0.702931,,,off,policy_direct_scale,0.599631,-0.702931,0.599631,-0.702931,nan,nan,0,0,off,off
3,1416,2026-08-21T17:06:26.260,1787303186.260379314,NAVIGATING,map,base_link,1.484109,-0.367961,1.372996,3.281390,2.505805,map,3.281390,2.505805,3.170920,-1.197505,3.389506,-0.361094,548,90,0,1.265163,0.999112,-0.902953,0.599467,-0.722362,,,off,policy_direct_scale,0.599467,-0.722362,0.599467,-0.722362,nan,nan,0,0,off,off
3,1417,2026-08-21T17:06:26.780,1787303186.780936480,NAVIGATING,map,base_link,1.471376,-0.505114,1.400144,3.281390,2.505805,map,3.281390,2.505805,3.274569,-1.272392,3.513087,-0.370612,548,90,0,1.566826,0.999441,-0.966972,0.599665,-0.773578,,,off,policy_direct_scale,0.599665,-0.773578,0.599665,-0.773578,nan,nan,0,0,off,off
3,1418,2026-08-21T17:06:27.301,1787303187.301789761,NAVIGATING,map,base_link,1.449383,-0.591711,1.415976,3.281390,2.505805,map,3.281390,2.505805,3.342967,-1.332452,3.598730,-0.379285,548,90,0,1.710447,0.999591,-0.973182,0.599755,-0.778546,,,off,policy_direct_scale,0.599755,-0.778546,0.599755,-0.778546,nan,nan,0,0,off,off
3,1419,2026-08-21T17:06:27.861,1787303187.861705303,NAVIGATING,map,base_link,1.446409,-0.635184,1.426744,3.281390,2.505805,map,3.281390,2.505805,3.371876,-1.365070,3.637714,-0.384672,548,90,0,1.814407,0.999612,-0.974789,0.599767,-0.779831,,,off,policy_direct_scale,0.599767,-0.779831,0.599767,-0.779831,nan,nan,0,0,off,off
3,1420,2026-08-21T17:06:28.382,1787303188.382248163,NAVIGATING,map,base_link,1.436197,-0.640637,1.426577,3.281390,2.505805,map,3.281390,2.505805,3.378968,-1.373831,3.647579,-0.386168,548,90,0,1.973572,0.999616,-0.975060,0.599770,-0.780048,,,off,policy_direct_scale,0.599770,-0.780048,0.599770,-0.780048,nan,nan,0,0,off,off
3,1421,2026-08-21T17:06:28.901,1787303188.901782990,NAVIGATING,map,base_link,1.436744,-0.648556,1.432134,3.281390,2.505805,map,3.281390,2.505805,3.379048,-1.390951,3.654136,-0.390500,548,90,0,2.000000,0.999616,-0.975539,0.599770,-0.780432,,,off,policy_direct_scale,0.599770,-0.780432,0.599770,-0.780432,nan,nan,0,0,off,off
3,1422,2026-08-21T17:06:29.461,1787303189.461462498,NAVIGATING,map,base_link,1.435716,-0.640999,1.429606,3.281390,2.505805,map,3.281390,2.505805,3.375217,-1.384484,3.648135,-0.389261,548,90,0,2.000000,0.999616,-0.975364,0.599770,-0.780291,,,off,policy_direct_scale,0.599770,-0.780291,0.599770,-0.780291,nan,nan,0,0,off,off
3,1423,2026-08-21T17:06:30.022,1787303190.022392035,NAVIGATING,map,base_link,1.431475,-0.635097,1.432229,3.281390,2.505805,map,3.281390,2.505805,3.366314,-1.398350,3.645196,-0.393707,548,90,0,2.000000,0.999615,-0.975886,0.599769,-0.780709,,,off,policy_direct_scale,0.599769,-0.780709,0.599769,-0.780709,nan,nan,0,0,off,off
3,1424,2026-08-21T17:06:30.540,1787303190.540304661,NAVIGATING,map,base_link,1.429422,-0.640546,1.431826,3.281390,2.505805,map,3.281390,2.505805,3.372558,-1.398271,3.650933,-0.393031,548,90,0,2.000000,0.999615,-0.975829,0.599769,-0.780663,,,off,policy_direct_scale,0.599769,-0.780663,0.599769,-0.780663,nan,nan,0,0,off,off
3,1425,2026-08-21T17:06:31.060,1787303191.060033083,NAVIGATING,map,base_link,1.431056,-0.639710,1.432937,3.281390,2.505805,map,3.281390,2.505805,3.369950,-1.400513,3.649384,-0.393872,548,90,0,2.000000,0.999615,-0.975923,0.599769,-0.780738,,,off,policy_direct_scale,0.599769,-0.780738,0.599769,-0.780738,nan,nan,0,0,off,off
3,1426,2026-08-21T17:06:31.620,1787303191.620615244,NAVIGATING,map,base_link,1.432370,-0.641028,1.433150,3.281390,2.505805,map,3.281390,2.505805,3.370777,-1.399748,3.649854,-0.393592,548,90,0,2.000000,0.999615,-0.975892,0.599769,-0.780713,,,off,policy_direct_scale,0.599769,-0.780713,0.599769,-0.780713,nan,nan,0,0,off,off
3,1427,2026-08-21T17:06:32.138,1787303192.138475657,NAVIGATING,map,base_link,1.432067,-0.644291,1.431240,3.281390,2.505805,map,3.281390,2.505805,3.376718,-1.393154,3.652821,-0.391301,548,90,0,2.000000,0.999616,-0.975630,0.599770,-0.780504,,,off,policy_direct_scale,0.599770,-0.780504,0.599770,-0.780504,nan,nan,0,0,off,off
3,1428,2026-08-21T17:06:32.702,1787303192.702400684,NAVIGATING,map,base_link,1.437951,-0.644039,1.433990,3.281390,2.505805,map,3.281390,2.505805,3.371822,-1.396641,3.649628,-0.392696,548,90,0,2.000000,0.999615,-0.975784,0.599769,-0.780627,,,off,policy_direct_scale,0.599769,-0.780627,0.599769,-0.780627,nan,nan,0,0,off,off
3,1429,2026-08-21T17:06:33.298,1787303193.298422098,NAVIGATING,map,base_link,1.428256,-0.649588,1.433353,3.281390,2.505805,map,3.281390,2.505805,3.379535,-1.403335,3.659318,-0.393579,548,90,0,2.000000,0.999616,-0.975929,0.599770,-0.780743,,,off,policy_direct_scale,0.599770,-0.780743,0.599770,-0.780743,nan,nan,0,0,off,off
3,1430,2026-08-21T17:06:33.858,1787303193.858020782,NAVIGATING,map,base_link,1.427553,-0.642715,1.434199,3.281390,2.505805,map,3.281390,2.505805,3.371634,-1.407825,3.653750,-0.395543,548,90,0,2.000000,0.999615,-0.976138,0.599769,-0.780910,,,off,policy_direct_scale,0.599769,-0.780910,0.599769,-0.780910,nan,nan,0,0,off,off
3,1431,2026-08-21T17:06:34.380,1787303194.380440712,NAVIGATING,map,base_link,1.430540,-0.642577,1.433647,3.281390,2.505805,map,3.281390,2.505805,3.371865,-1.403024,3.652116,-0.394306,548,90,0,2.000000,0.999615,-0.975985,0.599769,-0.780788,,,off,policy_direct_scale,0.599769,-0.780788,0.599769,-0.780788,nan,nan,0,0,off,off
3,1432,2026-08-21T17:06:34.902,1787303194.902434111,NAVIGATING,map,base_link,1.428611,-0.637487,1.433618,3.281390,2.505805,map,3.281390,2.505805,3.367128,-1.405533,3.648709,-0.395439,548,90,0,2.000000,0.999614,-0.976105,0.599769,-0.780884,,,off,policy_direct_scale,0.599769,-0.780884,0.599769,-0.780884,nan,nan,0,0,off,off
3,1433,2026-08-21T17:06:35.423,1787303195.422973871,NAVIGATING,map,base_link,1.429171,-0.640576,1.433941,3.281390,2.505805,map,3.281390,2.505805,3.369658,-1.405644,3.651086,-0.395201,548,90,0,2.000000,0.999615,-0.976087,0.599769,-0.780869,,,off,policy_direct_scale,0.599769,-0.780869,0.599769,-0.780869,nan,nan,0,0,off,off
3,1434,2026-08-21T17:06:35.940,1787303195.940132856,NAVIGATING,map,base_link,1.427195,-0.641863,1.434761,3.281390,2.505805,map,3.281390,2.505805,3.370047,-1.410190,3.653198,-0.396308,548,90,0,2.000000,0.999615,-0.976225,0.599769,-0.780980,,,off,policy_direct_scale,0.599769,-0.780980,0.599769,-0.780980,nan,nan,0,0,off,off
3,1435,2026-08-21T17:06:36.500,1787303196.500378847,NAVIGATING,map,base_link,1.434044,-0.642061,1.432870,3.281390,2.505805,map,3.281390,2.505805,3.371962,-1.397004,3.649897,-0.392773,548,90,0,2.000000,0.999615,-0.975794,0.599769,-0.780635,,,off,policy_direct_scale,0.599769,-0.780635,0.599769,-0.780635,nan,nan,0,0,off,off
3,1436,2026-08-21T17:06:37.058,1787303197.058017969,NAVIGATING,map,base_link,1.433985,-0.644761,1.432512,3.281390,2.505805,map,3.281390,2.505805,3.375144,-1.395483,3.652256,-0.392055,548,90,0,2.000000,0.999616,-0.975718,0.599769,-0.780575,,,off,policy_direct_scale,0.599769,-0.780575,0.599769,-0.780575,nan,nan,0,0,off,off
3,1437,2026-08-21T17:06:37.578,1787303197.578369617,NAVIGATING,map,base_link,1.436712,-0.643206,1.436275,3.281390,2.505805,map,3.281390,2.505805,3.367964,-1.405678,3.649536,-0.395388,548,90,0,2.000000,0.999615,-0.976102,0.599769,-0.780882,,,off,policy_direct_scale,0.599769,-0.780882,0.599769,-0.780882,nan,nan,0,0,off,off
3,1438,2026-08-21T17:06:38.098,1787303198.098360538,NAVIGATING,map,base_link,1.435917,-0.641362,1.433688,3.281390,2.505805,map,3.281390,2.505805,3.369869,-1.398003,3.648346,-0.393245,548,90,0,2.000000,0.999615,-0.975844,0.599769,-0.780675,,,off,policy_direct_scale,0.599769,-0.780675,0.599769,-0.780675,nan,nan,0,0,off,off
3,1439,2026-08-21T17:06:38.657,1787303198.657855272,NAVIGATING,map,base_link,1.429353,-0.642992,1.434492,3.281390,2.505805,map,3.281390,2.505805,3.371251,-1.406993,3.653075,-0.395374,548,90,0,2.000000,0.999615,-0.976115,0.599769,-0.780892,,,off,policy_direct_scale,0.599769,-0.780892,0.599769,-0.780892,nan,nan,0,0,off,off
3,1440,2026-08-21T17:06:39.178,1787303199.178115845,NAVIGATING,map,base_link,1.430443,-0.642942,1.431184,3.281390,2.505805,map,3.281390,2.505805,3.375686,-1.394761,3.652480,-0.391815,548,90,0,2.000000,0.999616,-0.975691,0.599770,-0.780552,,,off,policy_direct_scale,0.599770,-0.780552,0.599770,-0.780552,nan,nan,0,0,off,off
3,1441,2026-08-21T17:06:39.700,1787303199.700470686,NAVIGATING,map,base_link,1.429942,-0.641542,1.434469,3.281390,2.505805,map,3.281390,2.505805,3.369767,-1.406529,3.651528,-0.395413,548,90,0,2.000000,0.999615,-0.976113,0.599769,-0.780891,,,off,policy_direct_scale,0.599769,-0.780891,0.599769,-0.780891,nan,nan,0,0,off,off
3,1442,2026-08-21T17:06:40.301,1787303200.301357985,NAVIGATING,map,base_link,1.433931,-0.650964,1.432860,3.281390,2.505805,map,3.281390,2.505805,3.380810,-1.395858,3.657635,-0.391557,548,90,0,1.928877,0.999614,-0.975837,0.599769,-0.780670,,,off,policy_direct_scale,0.599769,-0.780670,0.599769,-0.780670,nan,nan,0,0,off,off
3,1443,2026-08-21T17:06:40.820,1787303200.820804119,NAVIGATING,map,base_link,1.426758,-0.638353,1.432884,3.281390,2.505805,map,3.281390,2.505805,3.369271,-1.404778,3.650396,-0.395022,548,90,0,1.685326,0.999541,-0.975146,0.599724,-0.780116,,,off,policy_direct_scale,0.599724,-0.780116,0.599724,-0.780116,nan,nan,0,0,off,off
3,1444,2026-08-21T17:06:41.338,1787303201.338137627,NAVIGATING,map,base_link,1.431429,-0.640816,1.433205,3.281390,2.505805,map,3.281390,2.505805,3.370619,-1.400895,3.650148,-0.393899,548,90,0,1.829795,0.999592,-0.975828,0.599755,-0.780662,,,off,policy_direct_scale,0.599755,-0.780662,0.599755,-0.780662,nan,nan,0,0,off,off
3,1445,2026-08-21T17:06:41.861,1787303201.861749411,NAVIGATING,map,base_link,1.429001,-0.639203,1.435164,3.281390,2.505805,map,3.281390,2.505805,3.366599,-1.410118,3.649989,-0.396655,548,90,0,2.000000,0.999614,-0.976253,0.599769,-0.781002,,,off,policy_direct_scale,0.599769,-0.781002,0.599769,-0.781002,nan,nan,0,0,off,off
3,1446,2026-08-21T17:06:42.418,1787303202.418822289,NAVIGATING,map,base_link,1.431993,-0.646863,1.430894,3.281390,2.505805,map,3.281390,2.505805,3.379757,-1.391700,3.655077,-0.390616,548,90,0,2.000000,0.999616,-0.975557,0.599770,-0.780446,,,off,policy_direct_scale,0.599770,-0.780446,0.599770,-0.780446,nan,nan,0,0,off,off
3,1447,2026-08-21T17:06:42.938,1787303202.938626528,NAVIGATING,map,base_link,1.435476,-0.643638,1.431390,3.281390,2.505805,map,3.281390,2.505805,3.375389,-1.390374,3.650533,-0.390736,548,90,0,2.000000,0.999616,-0.975553,0.599770,-0.780442,,,off,policy_direct_scale,0.599770,-0.780442,0.599770,-0.780442,nan,nan,0,0,off,off
3,1448,2026-08-21T17:06:43.463,1787303203.463025570,NAVIGATING,map,base_link,1.427544,-0.642686,1.434434,3.281390,2.505805,map,3.281390,2.505805,3.371275,-1.408631,3.653729,-0.395785,548,90,0,2.000000,0.999615,-0.976166,0.599769,-0.780933,,,off,policy_direct_scale,0.599769,-0.780933,0.599769,-0.780933,nan,nan,0,0,off,off
3,1449,2026-08-21T17:06:43.981,1787303203.981655121,NAVIGATING,map,base_link,1.430231,-0.649256,1.433567,3.281390,2.505805,map,3.281390,2.505805,3.378636,-1.402147,3.658032,-0.393374,548,90,0,2.000000,0.999616,-0.975899,0.599770,-0.780719,,,off,policy_direct_scale,0.599770,-0.780719,0.599770,-0.780719,nan,nan,0,0,off,off
3,1450,2026-08-21T17:06:44.501,1787303204.501895428,NAVIGATING,map,base_link,1.426945,-0.645894,1.434369,3.281390,2.505805,map,3.281390,2.505805,3.374627,-1.408570,3.656798,-0.395416,548,90,0,2.000000,0.999615,-0.976135,0.599769,-0.780908,,,off,policy_direct_scale,0.599769,-0.780908,0.599769,-0.780908,nan,nan,0,0,off,off
3,1451,2026-08-21T17:06:45.061,1787303205.061386347,NAVIGATING,map,base_link,1.427386,-0.639991,1.434752,3.281390,2.505805,map,3.281390,2.505805,3.368179,-1.410226,3.651488,-0.396515,548,90,0,2.000000,0.999615,-0.976242,0.599769,-0.780994,,,off,policy_direct_scale,0.599769,-0.780994,0.599769,-0.780994,nan,nan,0,0,off,off
3,1452,2026-08-21T17:06:45.578,1787303205.578214407,NAVIGATING,map,base_link,1.427812,-0.641128,1.434322,3.281390,2.505805,map,3.281390,2.505805,3.369854,-1.408198,3.652251,-0.395825,548,90,0,2.000000,0.999615,-0.976165,0.599769,-0.780932,,,off,policy_direct_scale,0.599769,-0.780932,0.599769,-0.780932,nan,nan,0,0,off,off
3,1453,2026-08-21T17:06:46.099,1787303206.099042416,NAVIGATING,map,base_link,1.435005,-0.647209,1.432557,3.281390,2.505805,map,3.281390,2.505805,3.377366,-1.394286,3.653852,-0.391520,548,90,0,2.000000,0.999616,-0.975661,0.599770,-0.780529,,,off,policy_direct_scale,0.599770,-0.780529,0.599770,-0.780529,nan,nan,0,0,off,off
3,1454,2026-08-21T17:06:46.658,1787303206.658532619,NAVIGATING,map,base_link,1.435350,-0.643488,1.431710,3.281390,2.505805,map,3.281390,2.505805,3.374812,-1.391602,3.650468,-0.391107,548,90,0,2.000000,0.999616,-0.975597,0.599769,-0.780478,,,off,policy_direct_scale,0.599769,-0.780478,0.599769,-0.780478,nan,nan,0,0,off,off
3,1455,2026-08-21T17:06:47.178,1787303207.178843260,NAVIGATING,map,base_link,1.431870,-0.643467,1.433843,3.281390,2.505805,map,3.281390,2.505805,3.372291,-1.402246,3.652210,-0.394064,548,90,0,2.000000,0.999615,-0.975957,0.599769,-0.780766,,,off,policy_direct_scale,0.599769,-0.780766,0.599769,-0.780766,nan,nan,0,0,off,off
3,1456,2026-08-21T17:06:47.699,1787303207.699718952,NAVIGATING,map,base_link,1.431777,-0.640061,1.433472,3.281390,2.505805,map,3.281390,2.505805,3.369449,-1.401552,3.649320,-0.394188,548,90,0,2.000000,0.999615,-0.975960,0.599769,-0.780768,,,off,policy_direct_scale,0.599769,-0.780768,0.599769,-0.780768,nan,nan,0,0,off,off
3,1457,2026-08-21T17:06:48.258,1787303208.258619785,NAVIGATING,map,base_link,1.430633,-0.647296,1.434849,3.281390,2.505805,map,3.281390,2.505805,3.374839,-1.406345,3.656138,-0.394832,548,90,0,2.000000,0.999615,-0.976064,0.599769,-0.780851,,,off,policy_direct_scale,0.599769,-0.780851,0.599769,-0.780851,nan,nan,0,0,off,off
3,1458,2026-08-21T17:06:48.778,1787303208.778558969,NAVIGATING,map,base_link,1.432660,-0.649875,1.431713,3.281390,2.505805,map,3.281390,2.505805,3.381506,-1.393390,3.657337,-0.390861,548,90,0,2.000000,0.999617,-0.975596,0.599770,-0.780477,,,off,policy_direct_scale,0.599770,-0.780477,0.599770,-0.780477,nan,nan,0,0,off,off
3,1459,2026-08-21T17:06:49.298,1787303209.298207045,NAVIGATING,map,base_link,1.432210,-0.606079,1.407062,3.281390,2.505805,map,3.281390,2.505805,3.371688,-1.317198,3.619847,-0.372432,548,90,0,2.000000,0.999617,-0.973091,0.599770,-0.778473,,,off,policy_direct_scale,0.599770,-0.778473,0.599770,-0.778473,nan,nan,0,0,off,off
3,1460,2026-08-21T17:06:49.859,1787303209.859937429,NAVIGATING,map,base_link,1.440163,-0.484425,1.428268,3.281390,2.505805,map,3.281390,2.505805,3.221449,-1.397806,3.511637,-0.409390,548,90,0,2.000000,0.999596,-0.977160,0.599758,-0.781728,,,off,policy_direct_scale,0.599758,-0.781728,0.599758,-0.781728,nan,nan,0,0,off,off
3,1461,2026-08-21T17:06:50.378,1787303210.378292084,NAVIGATING,map,base_link,1.441298,-0.343118,1.436992,3.281390,2.505805,map,3.281390,2.505805,3.068936,-1.443582,3.391504,-0.439676,548,90,0,2.000000,0.999573,-0.979917,0.599744,-0.783933,,,off,policy_direct_scale,0.599744,-0.783933,0.599744,-0.783933,nan,nan,0,0,off,off
3,1462,2026-08-21T17:06:50.899,1787303210.899137020,NAVIGATING,map,base_link,1.451646,-0.212038,1.433381,3.281390,2.505805,map,3.281390,2.505805,2.942867,-1.440196,3.276375,-0.455120,548,90,0,2.000000,0.999553,-0.981004,0.599732,-0.784803,,,off,policy_direct_scale,0.599732,-0.784803,0.599732,-0.784803,nan,nan,0,0,off,off
3,1463,2026-08-21T17:06:51.458,1787303211.458451986,NAVIGATING,map,base_link,1.458476,-0.066083,1.469032,3.281390,2.505805,map,3.281390,2.505805,2.743770,-1.552208,3.152400,-0.514833,548,90,0,2.000000,0.999514,-0.985538,0.599708,-0.788430,,,off,policy_direct_scale,0.599708,-0.788430,0.599708,-0.788430,nan,nan,0,0,off,off
3,1464,2026-08-21T17:06:52.023,1787303212.023006916,NAVIGATING,map,base_link,1.469462,0.071275,1.467287,3.281390,2.505805,map,3.281390,2.505805,2.608716,-1.550684,3.034801,-0.536310,548,90,0,2.000000,0.999486,-0.986706,0.599692,-0.789365,,,off,policy_direct_scale,0.599692,-0.789365,0.599692,-0.789365,nan,nan,0,0,off,off
3,1465,2026-08-21T17:06:52.542,1787303212.542106628,NAVIGATING,map,base_link,1.469485,0.190293,1.484777,3.281390,2.505805,map,3.281390,2.505805,2.462617,-1.606274,2.940170,-0.577964,548,90,0,1.908040,0.999447,-0.988933,0.599668,-0.791146,,,off,policy_direct_scale,0.599668,-0.791146,0.599668,-0.791146,nan,nan,0,0,off,off
3,1466,2026-08-21T17:06:53.058,1787303213.058575869,NAVIGATING,map,base_link,1.448764,0.224543,1.492950,3.281390,2.505805,map,3.281390,2.505805,2.416872,-1.649669,2.926205,-0.598928,548,90,0,1.881498,0.999433,-0.990162,0.599660,-0.792130,,,off,policy_direct_scale,0.599660,-0.792130,0.599660,-0.792130,nan,nan,0,0,off,off
3,1467,2026-08-21T17:06:53.581,1787303213.581364393,NAVIGATING,map,base_link,1.436904,0.161481,1.513629,3.281390,2.505805,map,3.281390,2.505805,2.445882,-1.707526,2.982949,-0.609465,548,90,0,1.933203,0.999441,-0.990656,0.599665,-0.792525,,,off,policy_direct_scale,0.599665,-0.792525,0.599665,-0.792525,nan,nan,0,0,off,off
3,1468,2026-08-21T17:06:54.099,1787303214.099720001,NAVIGATING,map,base_link,1.418960,0.022467,1.529910,3.281390,2.505805,map,3.281390,2.505805,2.557389,-1.759369,3.104129,-0.602596,548,90,0,2.000000,0.999469,-0.990472,0.599681,-0.792378,,,off,policy_direct_scale,0.599681,-0.792378,0.599681,-0.792378,nan,nan,0,0,off,off
3,1469,2026-08-21T17:06:54.662,1787303214.662890911,NAVIGATING,map,base_link,1.407905,-0.099531,1.538692,3.281390,2.505805,map,3.281390,2.505805,2.664129,-1.788892,3.209006,-0.591323,548,90,0,2.000000,0.999491,-0.990103,0.599695,-0.792082,,,off,policy_direct_scale,0.599695,-0.792082,0.599695,-0.792082,nan,nan,0,0,off,off
3,1470,2026-08-21T17:06:55.181,1787303215.181210756,NAVIGATING,map,base_link,1.396088,-0.198963,1.551384,3.281390,2.505805,map,3.281390,2.505805,2.740855,-1.832443,3.296989,-0.589316,548,90,0,2.000000,0.999506,-0.990130,0.599704,-0.792104,,,off,policy_direct_scale,0.599704,-0.792104,0.599704,-0.792104,nan,nan,0,0,off,off
3,1471,2026-08-21T17:06:55.698,1787303215.698379517,NAVIGATING,map,base_link,1.379671,-0.331661,1.564951,3.281390,2.505805,map,3.281390,2.505805,2.848534,-1.885100,3.415809,-0.584611,548,90,0,2.000000,0.999525,-0.990061,0.599715,-0.792049,,,off,policy_direct_scale,0.599715,-0.792049,0.599715,-0.792049,nan,nan,0,0,off,off
3,1472,2026-08-21T17:06:56.262,1787303216.262243986,NAVIGATING,map,base_link,1.377660,-0.455361,1.570153,3.281390,2.505805,map,3.281390,2.505805,2.962390,-1.901825,3.520325,-0.570724,548,90,0,2.000000,0.999545,-0.989523,0.599727,-0.791619,,,off,policy_direct_scale,0.599727,-0.791619,0.599727,-0.791619,nan,nan,0,0,off,off
3,1473,2026-08-21T17:06:56.780,1787303216.780173540,NAVIGATING,map,base_link,1.371470,-0.517242,1.582054,3.281390,2.505805,map,3.281390,2.505805,3.001354,-1.943832,3.575837,-0.574723,548,90,0,2.000000,0.999551,-0.989780,0.599730,-0.791824,,,off,policy_direct_scale,0.599730,-0.791824,0.599730,-0.791824,nan,nan,0,0,off,off
3,1474,2026-08-21T17:06:57.298,1787303217.298724174,NAVIGATING,map,base_link,1.359051,-0.496578,1.608206,3.281390,2.505805,map,3.281390,2.505805,2.928384,-2.033288,3.565066,-0.606916,548,90,0,2.000000,0.999537,-0.991185,0.599722,-0.792948,,,off,policy_direct_scale,0.599722,-0.792948,0.599722,-0.792948,nan,nan,0,0,off,off
3,1475,2026-08-21T17:06:57.858,1787303217.858415842,NAVIGATING,map,base_link,1.280067,-0.405585,1.770829,3.281390,2.505805,map,3.281390,2.505805,2.455671,-2.539915,3.532915,-0.802260,548,90,0,2.000000,0.999442,-0.996272,0.599665,-0.797018,,,off,policy_direct_scale,0.599665,-0.797018,0.599665,-0.797018,nan,nan,0,0,off,off
3,1476,2026-08-21T17:06:58.378,1787303218.378661394,NAVIGATING,map,base_link,1.189270,-0.350908,1.937770,3.281390,2.505805,map,3.281390,2.505805,1.915869,-2.977788,3.540872,-0.999084,548,90,0,2.000000,0.999316,-0.998313,0.599590,-0.798651,,,off,policy_direct_scale,0.599590,-0.798651,0.599590,-0.798651,nan,nan,0,0,off,off
3,1477,2026-08-21T17:06:58.900,1787303218.900910378,NAVIGATING,map,base_link,1.078631,-0.318869,2.099533,3.281390,2.505805,map,3.281390,2.505805,1.327783,-3.326849,3.582029,-1.191056,548,90,0,2.000000,0.999157,-0.999158,0.599494,-0.799327,,,off,policy_direct_scale,0.599494,-0.799327,0.599494,-0.799327,nan,nan,0,0,off,off
3,1478,2026-08-21T17:06:59.460,1787303219.460258007,NAVIGATING,map,base_link,0.974322,-0.294029,2.308940,3.281390,2.505805,map,3.281390,2.505805,0.518627,-3.590635,3.627897,-1.427350,548,90,0,2.000000,0.998881,-0.999604,0.599329,-0.799683,,,off,policy_direct_scale,0.599329,-0.799683,0.599329,-0.799683,nan,nan,0,0,off,off
3,1479,2026-08-21T17:06:59.981,1787303219.981356382,NAVIGATING,map,base_link,0.858074,-0.285989,2.482376,3.281390,2.505805,map,3.281390,2.505805,-0.205594,-3.691112,3.696833,-1.626439,548,90,0,2.000000,0.998573,-0.999771,0.599144,-0.799817,,,off,policy_direct_scale,0.599144,-0.799817,0.599144,-0.799817,nan,nan,0,0,off,off
3,1480,2026-08-21T17:07:00.499,1787303220.499547720,NAVIGATING,map,base_link,0.732596,-0.304852,2.655074,3.281390,2.505805,map,3.281390,2.505805,-0.938922,-3.676217,3.794225,-1.820855,548,90,0,2.000000,0.998196,-0.999856,0.598918,-0.799885,,,off,policy_direct_scale,0.598918,-0.799885,0.598918,-0.799885,nan,nan,0,0,off,off
3,1481,2026-08-21T17:07:01.061,1787303221.061805964,NAVIGATING,map,base_link,0.724799,-0.307463,2.664742,3.281390,2.505805,map,3.281390,2.505805,-0.980147,-3.672866,3.801399,-1.831581,548,90,0,2.000000,0.998174,-0.999859,0.598904,-0.799888,,,off,policy_direct_scale,0.598904,-0.799888,0.598904,-0.799888,nan,nan,0,0,off,off
3,1482,2026-08-21T17:07:01.579,1787303221.579514503,NAVIGATING,map,base_link,0.714026,-0.257675,2.595279,3.281390,2.505805,map,3.281390,2.505805,-0.757932,-3.695093,3.772025,-1.773109,548,90,0,2.000000,0.998299,-0.999840,0.598979,-0.799872,,,off,policy_direct_scale,0.598979,-0.799872,0.598979,-0.799872,nan,nan,0,0,off,off
3,1483,2026-08-21T17:07:02.098,1787303222.098833323,NAVIGATING,map,base_link,0.705635,-0.174670,2.444278,3.281390,2.505805,map,3.281390,2.505805,-0.253199,-3.708821,3.717454,-1.638960,548,90,0,1.973637,0.998550,-0.999778,0.599130,-0.799822,,,off,policy_direct_scale,0.599130,-0.799822,0.599130,-0.799822,nan,nan,0,0,off,off
3,1484,2026-08-21T17:07:02.661,1787303222.661367416,NAVIGATING,map,base_link,0.683041,-0.031436,2.260796,3.281390,2.505805,map,3.281390,2.505805,0.302893,-3.619014,3.631667,-1.487296,548,90,0,1.891768,0.998748,-0.999674,0.599249,-0.799739,,,off,policy_direct_scale,0.599249,-0.799739,0.599249,-0.799739,nan,nan,0,0,off,off
3,1485,2026-08-21T17:07:03.180,1787303223.180675983,NAVIGATING,map,base_link,0.683540,0.066189,2.105991,3.281390,2.505805,map,3.281390,2.505805,0.773558,-3.478816,3.563783,-1.351994,548,90,0,1.845494,0.998912,-0.999529,0.599347,-0.799623,,,off,policy_direct_scale,0.599347,-0.799623,0.599347,-0.799623,nan,nan,0,0,off,off
3,1486,2026-08-21T17:07:03.699,1787303223.699291468,NAVIGATING,map,base_link,0.720536,0.194335,1.935833,3.281390,2.505805,map,3.281390,2.505805,1.244985,-3.217278,3.449763,-1.201574,548,90,0,1.768545,0.999064,-0.999207,0.599438,-0.799365,,,off,policy_direct_scale,0.599438,-0.799365,0.599438,-0.799365,nan,nan,0,0,off,off
3,1487,2026-08-21T17:07:04.261,1787303224.261013031,NAVIGATING,map,base_link,0.766128,0.293203,1.763552,3.281390,2.505805,map,3.281390,2.505805,1.689791,-2.892535,3.349948,-1.042083,548,90,0,1.680572,0.999106,-0.998709,0.599463,-0.798967,,,off,policy_direct_scale,0.599463,-0.798967,0.599463,-0.798967,nan,nan,0,0,off,off
3,1488,2026-08-21T17:07:04.779,1787303224.779243469,NAVIGATING,map,base_link,0.789922,0.373612,1.674322,3.281390,2.505805,map,3.281390,2.505805,1.863308,-2.698471,3.279277,-0.966471,548,90,0,1.592718,0.998988,-0.998320,0.599393,-0.798656,,,off,policy_direct_scale,0.599393,-0.798656,0.599393,-0.798656,nan,nan,0,0,off,off
3,1489,2026-08-21T17:07:05.299,1787303225.299921274,NAVIGATING,map,base_link,0.790438,0.346227,1.676648,3.281390,2.505805,map,3.281390,2.505805,1.884310,-2.705179,3.296759,-0.962385,548,90,0,1.630615,0.999036,-0.998260,0.599422,-0.798608,,,off,policy_direct_scale,0.599422,-0.798608,0.599422,-0.798608,nan,nan,0,0,off,off
3,1490,2026-08-21T17:07:05.859,1787303225.859609365,NAVIGATING,map,base_link,0.796164,0.293667,1.454842,3.281390,2.505805,map,3.281390,2.505805,2.484811,-2.212604,3.327146,-0.727515,548,90,0,1.683145,0.999369,-0.995429,0.599622,-0.796343,,,off,policy_direct_scale,0.599622,-0.796343,0.599622,-0.796343,nan,nan,0,0,off,off
3,1491,2026-08-21T17:07:06.381,1787303226.381008148,NAVIGATING,map,base_link,0.777825,0.232690,1.258694,3.281390,2.505805,map,3.281390,2.505805,2.932047,-1.684633,3.381551,-0.521503,548,90,0,1.704075,0.999493,-0.988797,0.599696,-0.791037,,,off,policy_direct_scale,0.599696,-0.791037,0.599696,-0.791037,nan,nan,0,0,off,off
3,1492,2026-08-21T17:07:06.901,1787303226.901646852,NAVIGATING,map,base_link,0.747617,0.176319,1.063231,3.281390,2.505805,map,3.281390,2.505805,3.267352,-1.082091,3.441876,-0.319814,548,90,0,1.681314,0.999582,-0.968008,0.599749,-0.774407,,,off,policy_direct_scale,0.599749,-0.774407,0.599749,-0.774407,nan,nan,0,0,off,off
3,1493,2026-08-21T17:07:07.459,1787303227.459574223,NAVIGATING,map,base_link,0.672791,0.120663,0.826453,3.281390,2.505805,map,3.281390,2.505805,3.521648,-0.302802,3.534642,-0.085772,548,90,0,1.612252,0.999671,-0.885223,0.599802,-0.708179,,,off,policy_direct_scale,0.599802,-0.708179,0.599802,-0.708179,nan,nan,0,0,off,off
3,1494,2026-08-21T17:07:08.022,1787303228.022043705,NAVIGATING,map,base_link,0.597904,0.090300,0.612143,3.281390,2.505805,map,3.281390,2.505805,3.584219,0.434903,3.610507,0.120748,548,90,0,1.517151,0.999707,-0.658206,0.599824,-0.526565,,,off,policy_direct_scale,0.599824,-0.526565,0.599824,-0.526565,nan,nan,0,0,off,off
3,1495,2026-08-21T17:07:08.538,1787303228.538610220,NAVIGATING,map,base_link,0.544737,0.078835,0.418087,3.281390,2.505805,map,3.281390,2.505805,3.486319,1.106811,3.657793,0.307409,548,90,0,1.431535,0.999731,-0.200867,0.599839,-0.160694,,,off,policy_direct_scale,0.599839,-0.160694,0.599839,-0.160694,nan,nan,0,0,off,off
3,1496,2026-08-21T17:07:09.059,1787303229.059626102,NAVIGATING,map,base_link,0.518695,0.075042,0.400665,3.281390,2.505805,map,3.281390,2.505805,3.491966,1.160717,3.679822,0.320907,548,90,0,1.399772,0.999736,-0.165315,0.599842,-0.132252,,,off,policy_direct_scale,0.599842,-0.132252,0.599842,-0.132252,nan,nan,0,0,off,off
3,1497,2026-08-21T17:07:09.578,1787303229.578373671,NAVIGATING,map,base_link,0.489538,0.074480,0.502913,3.281390,2.505805,map,3.281390,2.505805,3.618021,0.784667,3.702132,0.213570,548,90,0,1.373970,0.999732,-0.455185,0.599840,-0.364148,,,off,policy_direct_scale,0.599840,-0.364148,0.599840,-0.364148,nan,nan,0,0,off,off
3,1498,2026-08-21T17:07:10.098,1787303230.098386049,NAVIGATING,map,base_link,0.415308,0.032262,0.729806,3.281390,2.505805,map,3.281390,2.505805,3.785275,-0.067348,3.785874,-0.017790,548,90,0,1.339657,0.999712,-0.825674,0.599827,-0.660539,,,off,policy_direct_scale,0.599827,-0.660539,0.599827,-0.660539,nan,nan,0,0,off,off
3,1499,2026-08-21T17:07:10.659,1787303230.659348249,NAVIGATING,map,base_link,0.367079,-0.018319,0.970239,3.281390,2.505805,map,3.281390,2.505805,3.729339,-0.977977,3.855439,-0.256464,548,90,0,1.382231,0.999659,-0.958139,0.599796,-0.766511,,,off,policy_direct_scale,0.599796,-0.766511,0.599796,-0.766511,nan,nan,0,0,off,off
3,1500,2026-08-21T17:07:11.178,1787303231.178725243,NAVIGATING,map,base_link,0.324745,-0.092810,1.173809,3.281390,2.505805,map,3.281390,2.505805,3.539683,-1.721973,3.936311,-0.452771,548,90,0,1.388623,0.999635,-0.985758,0.599781,-0.788606,,,off,policy_direct_scale,0.599781,-0.788606,0.599781,-0.788606,nan,nan,0,0,off,off
3,1501,2026-08-21T17:07:11.698,1787303231.698631525,NAVIGATING,map,base_link,0.309848,-0.162574,1.418659,3.281390,2.505805,map,3.281390,2.505805,3.087899,-2.532823,3.993784,-0.686962,548,90,0,1.420612,0.999579,-0.995045,0.599747,-0.796036,,,off,policy_direct_scale,0.599747,-0.796036,0.599747,-0.796036,nan,nan,0,0,off,off
3,1502,2026-08-21T17:07:12.261,1787303232.261355162,NAVIGATING,map,base_link,0.302818,-0.239294,1.677482,3.281390,2.505805,map,3.281390,2.505805,2.412324,-3.253944,4.050612,-0.932852,548,90,0,1.517759,0.999419,-0.998232,0.599651,-0.798586,,,off,policy_direct_scale,0.599651,-0.798586,0.599651,-0.798586,nan,nan,0,0,off,off
3,1503,2026-08-21T17:07:12.779,1787303232.779487371,NAVIGATING,map,base_link,0.308479,-0.288416,1.829327,3.281390,2.505805,map,3.281390,2.505805,1.941304,-3.588483,4.079935,-1.074903,548,90,0,1.599538,0.999284,-0.998910,0.599571,-0.799128,,,off,policy_direct_scale,0.599571,-0.799128,0.599571,-0.799128,nan,nan,0,0,off,off
3,1504,2026-08-21T17:07:13.298,1787303233.298179388,NAVIGATING,map,base_link,0.300294,-0.279544,1.878692,3.281390,2.505805,map,3.281390,2.505805,1.750931,-3.685015,4.079840,-1.127226,548,90,0,1.600320,0.999225,-0.999115,0.599535,-0.799292,,,off,policy_direct_scale,0.599535,-0.799292,0.599535,-0.799292,nan,nan,0,0,off,off
3,1505,2026-08-21T17:07:13.903,1787303233.903321266,NAVIGATING,map,base_link,0.248816,-0.262003,2.158638,3.281390,2.505805,map,3.281390,2.505805,0.621439,-4.058457,4.105760,-1.418855,548,90,0,1.558842,0.998774,-0.999622,0.599265,-0.799698,,,off,policy_direct_scale,0.599265,-0.799698,0.599265,-0.799698,nan,nan,0,0,off,off
3,1506,2026-08-21T17:07:14.458,1787303234.458208561,NAVIGATING,map,base_link,0.175052,-0.312232,2.521710,3.281390,2.505805,map,3.281390,2.505805,-0.891284,-4.098327,4.194123,-1.784937,548,90,0,1.528690,0.998079,-0.999824,0.598848,-0.799859,,,off,policy_direct_scale,0.598848,-0.799859,0.598848,-0.799859,nan,nan,0,0,off,off
3,1507,2026-08-21T17:07:14.978,1787303234.978680849,NAVIGATING,map,base_link,0.111338,-0.330353,2.819264,3.281390,2.505805,map,3.281390,2.505805,-2.108366,-3.694294,4.253589,-2.089400,548,90,0,1.470114,0.996345,-0.999903,0.597807,-0.799923,,,off,policy_direct_scale,0.597807,-0.799923,0.597807,-0.799923,nan,nan,0,0,off,off
3,1508,2026-08-21T17:07:15.498,1787303235.498718739,NAVIGATING,map,base_link,0.065173,-0.365012,3.096037,3.281390,2.505805,map,3.281390,2.505805,-3.082143,-3.014306,4.311107,-2.367321,548,90,0,1.435769,0.993844,-0.999924,0.596307,-0.799939,,,off,policy_direct_scale,0.596307,-0.799939,0.596307,-0.799939,nan,nan,0,0,off,off
3,1509,2026-08-21T17:07:16.059,1787303236.059882402,NAVIGATING,map,base_link,0.016310,-0.432322,-2.835465,3.281390,2.505805,map,3.281390,2.505805,-3.998738,-1.817535,4.392419,-2.714980,548,90,0,1.387746,0.993401,-0.999951,0.596040,-0.799961,,,off,policy_direct_scale,0.596040,-0.799961,0.596040,-0.799961,nan,nan,0,0,off,off
3,1510,2026-08-21T17:07:16.579,1787303236.579733610,NAVIGATING,map,base_link,0.004191,-0.506734,-2.568790,3.281390,2.505805,map,3.281390,2.505805,-4.386875,-0.755485,4.451452,-2.971051,548,90,0,1.380284,0.994108,-0.999971,0.596465,-0.799976,,,off,policy_direct_scale,0.596465,-0.799976,0.596465,-0.799976,nan,nan,0,0,off,off
3,1511,2026-08-21T17:07:17.099,1787303237.099405527,NAVIGATING,map,base_link,-0.001880,-0.510130,-2.534660,3.281390,2.505805,map,3.281390,2.505805,-4.417023,-0.604676,4.458220,-3.005542,548,90,0,1.361740,0.993940,-0.999972,0.596364,-0.799977,,,off,policy_direct_scale,0.596364,-0.799977,0.596364,-0.799977,nan,nan,0,0,off,off
3,1512,2026-08-21T17:07:17.661,1787303237.661756754,NAVIGATING,map,base_link,-0.042807,-0.497448,-2.724660,3.281390,2.505805,map,3.281390,2.505805,-4.255622,-1.399820,4.479935,-2.823806,548,90,0,1.343497,0.994776,-0.999962,0.596865,-0.799969,,,off,policy_direct_scale,0.596865,-0.799969,0.596865,-0.799969,nan,nan,0,0,off,off
3,1513,2026-08-21T17:07:18.179,1787303238.179157257,NAVIGATING,map,base_link,-0.074108,-0.449306,-2.993723,3.281390,2.505805,map,3.281390,2.505805,-3.754260,-2.428494,4.471247,-2.567425,548,90,0,1.343429,0.993126,-0.999930,0.595875,-0.799944,,,off,policy_direct_scale,0.595875,-0.799944,0.595875,-0.799944,nan,nan,0,0,off,off
3,1514,2026-08-21T17:07:18.699,1787303238.699215889,NAVIGATING,map,base_link,-0.124245,-0.391718,3.034221,3.281390,2.505805,map,3.281390,2.505805,-3.075508,-3.245804,4.471464,-2.329261,548,90,0,1.323211,0.992067,-0.999897,0.595240,-0.799917,,,off,policy_direct_scale,0.595240,-0.799917,0.595240,-0.799917,nan,nan,0,0,off,off
3,1515,2026-08-21T17:07:19.219,1787303239.219192266,NAVIGATING,map,base_link,-0.144620,-0.330768,2.746533,3.281390,2.505805,map,3.281390,2.505805,-2.070423,-3.936628,4.447886,-2.054978,548,90,0,1.294094,0.994884,-0.999872,0.596931,-0.799897,,,off,policy_direct_scale,0.596931,-0.799897,0.596931,-0.799897,nan,nan,0,0,off,off
3,1516,2026-08-21T17:07:19.740,1787303239.740662575,NAVIGATING,map,base_link,-0.165371,-0.268053,2.499638,3.281390,2.505805,map,3.281390,2.505805,-1.099722,-4.285448,4.424303,-1.821994,548,90,0,1.237723,0.995403,-0.999821,0.597242,-0.799857,,,off,policy_direct_scale,0.597242,-0.799857,0.597242,-0.799857,nan,nan,0,0,off,off
3,1517,2026-08-21T17:07:20.258,1787303240.258249760,NAVIGATING,map,base_link,-0.172600,-0.190033,2.219250,3.281390,2.505805,map,3.281390,2.505805,0.062579,-4.381058,4.381505,-1.556513,548,90,0,1.213046,0.996744,-0.999745,0.598047,-0.799796,,,off,policy_direct_scale,0.598047,-0.799796,0.598047,-0.799796,nan,nan,0,0,off,off
3,1518,2026-08-21T17:07:20.780,1787303240.780849457,NAVIGATING,map,base_link,-0.152240,-0.154879,2.055710,3.281390,2.505805,map,3.281390,2.505805,0.753424,-4.278015,4.343853,-1.396469,548,90,0,1.181310,0.997647,-0.999730,0.598588,-0.799784,,,off,policy_direct_scale,0.598588,-0.799784,0.598588,-0.799784,nan,nan,0,0,off,off
3,1519,2026-08-21T17:07:21.300,1787303241.300557852,NAVIGATING,map,base_link,-0.158696,-0.164303,2.084158,3.281390,2.505805,map,3.281390,2.505805,0.636474,-4.307966,4.354730,-1.424114,548,90,0,1.162357,0.997474,-0.999747,0.598484,-0.799798,,,off,policy_direct_scale,0.598484,-0.799798,0.598484,-0.799798,nan,nan,0,0,off,off
3,1520,2026-08-21T17:07:21.821,1787303241.821345806,NAVIGATING,map,base_link,-0.164845,-0.169916,2.107662,3.281390,2.505805,map,3.281390,2.505805,0.536728,-4.329889,4.363028,-1.447467,548,90,0,1.165843,0.997319,-0.999744,0.598391,-0.799796,,,off,policy_direct_scale,0.598391,-0.799796,0.598391,-0.799796,nan,nan,0,0,off,off
3,1521,2026-08-21T17:07:22.338,1787303242.338716745,NAVIGATING,map,base_link,-0.171553,-0.166046,2.116045,3.281390,2.505805,map,3.281390,2.505805,0.493627,-4.337965,4.365960,-1.457491,548,90,0,1.181660,0.997530,-0.999752,0.598518,-0.799802,,,off,policy_direct_scale,0.598518,-0.799802,0.598518,-0.799802,nan,nan,0,0,off,off
3,1522,2026-08-21T17:07:22.902,1787303242.902659893,NAVIGATING,map,base_link,-0.178820,-0.173395,2.124713,3.281390,2.505805,map,3.281390,2.505805,0.458435,-4.352127,4.376205,-1.465847,548,90,0,1.177794,0.997125,-0.999745,0.598275,-0.799796,,,off,policy_direct_scale,0.598275,-0.799796,0.598275,-0.799796,nan,nan,0,0,off,off
3,1523,2026-08-21T17:07:23.458,1787303243.458364010,NAVIGATING,map,base_link,-0.176340,-0.172369,2.125260,3.281390,2.505805,map,3.281390,2.505805,0.456486,-4.349728,4.373615,-1.466233,548,90,0,1.163135,0.997374,-0.999756,0.598424,-0.799805,,,off,policy_direct_scale,0.598424,-0.799805,0.598424,-0.799805,nan,nan,0,0,off,off
3,1524,2026-08-21T17:07:23.979,1787303243.979184866,NAVIGATING,map,base_link,-0.167571,-0.174631,2.123983,3.281390,2.505805,map,3.281390,2.505805,0.468574,-4.342869,4.368074,-1.463317,548,90,0,1.187121,0.997284,-0.999742,0.598370,-0.799794,,,off,policy_direct_scale,0.598370,-0.799794,0.598370,-0.799794,nan,nan,0,0,off,off
3,1525,2026-08-21T17:07:24.498,1787303244.498151302,NAVIGATING,map,base_link,-0.166468,-0.179423,2.125184,3.281390,2.505805,map,3.281390,2.505805,0.468013,-4.345013,4.370146,-1.463497,548,90,0,1.168496,0.997262,-0.999753,0.598357,-0.799802,,,off,policy_direct_scale,0.598357,-0.799802,0.598357,-0.799802,nan,nan,0,0,off,off
3,1526,2026-08-21T17:07:25.061,1787303245.061099291,NAVIGATING,map,base_link,-0.175694,-0.171046,2.125459,3.281390,2.505805,map,3.281390,2.505805,0.454838,-4.348573,4.372295,-1.466580,548,90,0,1.174867,0.997134,-0.999739,0.598281,-0.799791,,,off,policy_direct_scale,0.598281,-0.799791,0.598281,-0.799791,nan,nan,0,0,off,off
3,1527,2026-08-21T17:07:25.618,1787303245.618729353,NAVIGATING,map,base_link,-0.171177,-0.172269,2.123169,3.281390,2.505805,map,3.281390,2.505805,0.468205,-4.344316,4.369474,-1.463437,548,90,0,1.164881,0.997202,-0.999753,0.598321,-0.799802,,,off,policy_direct_scale,0.598321,-0.799802,0.598321,-0.799802,nan,nan,0,0,off,off
3,1528,2026-08-21T17:07:26.141,1787303246.141194105,NAVIGATING,map,base_link,-0.146966,-0.119978,1.752824,3.281390,2.505805,map,3.281390,2.505805,1.961787,-3.847044,4.318375,-1.099223,548,90,0,1.130111,0.998932,-0.999591,0.599359,-0.799673,,,off,policy_direct_scale,0.599359,-0.799673,0.599359,-0.799673,nan,nan,0,0,off,off
3,1529,2026-08-21T17:07:26.658,1787303246.658244610,NAVIGATING,map,base_link,-0.056284,-0.122447,1.272549,3.281390,2.505805,map,3.281390,2.505805,3.492982,-2.418026,4.248268,-0.605507,548,90,0,1.157353,0.999607,-0.994979,0.599764,-0.795983,,,off,policy_direct_scale,0.599764,-0.795983,0.599764,-0.795983,nan,nan,0,0,off,off
3,1530,2026-08-21T17:07:27.180,1787303247.180356741,NAVIGATING,map,base_link,0.044442,-0.146857,0.678060,3.281390,2.505805,map,3.281390,2.505805,4.184877,0.035386,4.185027,0.008455,548,90,0,1.133182,0.999752,-0.815813,0.599851,-0.652651,,,off,policy_direct_scale,0.599851,-0.652651,0.599851,-0.652651,nan,nan,0,0,off,off
3,1531,2026-08-21T17:07:27.700,1787303247.700677395,NAVIGATING,map,base_link,0.104533,-0.184276,0.195845,3.281390,2.505805,map,3.281390,2.505805,3.639603,2.020456,4.162806,0.506774,548,90,0,1.132199,0.999796,0.365993,0.599877,0.292794,,,off,policy_direct_scale,0.599877,0.292794,0.599877,0.292794,nan,nan,0,0,off,off
3,1532,2026-08-21T17:07:28.258,1787303248.258282661,NAVIGATING,map,base_link,0.186908,-0.274213,-0.303918,3.281390,2.505805,map,3.281390,2.505805,2.120716,3.578670,4.159846,1.035837,548,90,0,1.212806,0.999750,0.948419,0.599850,0.758735,,,off,policy_direct_scale,0.599850,0.758735,0.599850,0.758735,nan,nan,0,0,off,off
3,1533,2026-08-21T17:07:28.819,1787303248.819838762,NAVIGATING,map,base_link,0.169397,-0.365963,-1.050334,3.281390,2.505805,map,3.281390,2.505805,-0.943977,4.128009,4.234566,1.795607,548,90,0,0.817070,0.999768,0.999221,0.599861,0.799377,,,off,policy_direct_scale,0.599861,0.799377,0.599861,0.799377,nan,nan,0,0,off,off
3,1534,2026-08-21T17:07:29.340,1787303249.340888739,NAVIGATING,map,base_link,0.273753,-0.499745,-1.152077,3.281390,2.505805,map,3.281390,2.505805,-1.523026,3.969836,4.251965,1.937128,548,90,0,0.655563,0.999910,0.999765,0.599946,0.799812,,,off,policy_direct_scale,0.599946,0.799812,0.599946,0.799812,nan,nan,0,0,off,off
3,1535,2026-08-21T17:07:29.858,1787303249.858093262,NAVIGATING,map,base_link,0.528639,-1.008999,-1.143338,3.281390,2.505805,map,3.281390,2.505805,-2.057374,3.962158,4.464469,2.049730,548,90,0,0.825861,0.999740,0.999631,0.599844,0.799705,,,off,policy_direct_scale,0.599844,0.799705,0.599844,0.799705,nan,nan,0,0,off,off
3,1536,2026-08-21T17:07:30.378,1787303250.378680468,NAVIGATING,map,base_link,0.788061,-1.619454,-1.123832,3.281390,2.505805,map,3.281390,2.505805,-2.642316,4.031454,4.820213,2.150976,548,90,0,1.116403,0.999274,0.999276,0.599565,0.799421,,,off,policy_direct_scale,0.599565,0.799421,0.599565,0.799421,nan,nan,0,0,off,off
3,1537,2026-08-21T17:07:30.899,1787303250.899404287,NAVIGATING,map,base_link,1.077296,-2.260065,-1.115274,3.281390,2.505805,map,3.281390,2.505805,-3.310249,4.076003,5.250862,2.252891,548,90,0,1.388488,0.998958,0.998941,0.599375,0.799153,,,off,policy_direct_scale,0.599375,0.799153,0.599375,0.799153,nan,nan,0,0,off,off
3,1538,2026-08-21T17:07:31.458,1787303251.458029509,NAVIGATING,map,base_link,1.308721,-2.634471,-1.139329,3.281390,2.505805,map,3.281390,2.505805,-3.844209,3.941563,5.505803,2.343691,548,90,0,1.103488,0.999210,0.999291,0.599526,0.799433,,,off,policy_direct_scale,0.599526,0.799433,0.599526,0.799433,nan,nan,0,0,off,off
3,1539,2026-08-21T17:07:31.978,1787303251.978345871,NAVIGATING,map,base_link,1.297874,-2.598602,-1.122788,3.281390,2.505805,map,3.281390,2.505805,-3.741461,3.998847,5.476250,2.322954,548,90,0,0.441318,0.999963,0.999908,0.599978,0.799927,,,off,policy_direct_scale,0.599978,0.799927,0.599978,0.799927,nan,nan,0,0,off,off
3,1540,2026-08-21T17:07:32.498,1787303252.498185873,NAVIGATING,map,base_link,1.283554,-2.603098,-1.130006,3.281390,2.505805,map,3.281390,2.505805,-3.768181,3.986609,5.485640,2.328035,548,90,0,0.260349,0.999980,0.999946,0.599988,0.799957,,,off,policy_direct_scale,0.599988,0.799957,0.599988,0.799957,nan,nan,0,0,off,off
3,1541,2026-08-21T17:07:33.058,1787303253.058687449,NAVIGATING,map,base_link,1.269847,-2.613349,-1.135281,3.281390,2.505805,map,3.281390,2.505805,-3.792671,3.983426,5.500185,2.331668,548,90,0,0.260039,0.981115,0.999989,0.588669,0.799991,,,off,policy_direct_scale,0.588669,0.799991,0.588669,0.799991,nan,nan,0,0,off,off
3,1542,2026-08-21T17:07:33.579,1787303253.579329252,NAVIGATING,map,base_link,1.379501,-2.917974,-1.185297,3.281390,2.505805,map,3.281390,2.505805,-4.310581,3.801769,5.747570,2.418833,548,90,0,0.261730,0.998957,0.999856,0.599374,0.799885,,,off,policy_direct_scale,0.599374,0.799885,0.599374,0.799885,nan,nan,0,0,off,off
3,1543,2026-08-21T17:07:34.102,1787303254.102698326,NAVIGATING,map,base_link,1.390295,-3.493264,-1.398988,3.281390,2.505805,map,3.281390,2.505805,-5.587436,2.888880,6.290077,2.664413,548,90,0,0.260178,0.998680,0.999950,0.599208,0.799960,,,off,policy_direct_scale,0.599208,0.799960,0.599208,0.799960,nan,nan,0,0,off,off
3,1544,2026-08-21T17:07:34.658,1787303254.658550501,NAVIGATING,map,base_link,1.478065,-3.667904,-1.419338,3.281390,2.505805,map,3.281390,2.505805,-5.830948,2.714167,6.431692,2.705944,548,90,0,0.260642,-0.939924,0.999959,-0.563954,0.799967,,,off,policy_direct_scale,-0.563954,0.799967,-0.563954,0.799967,nan,nan,0,0,off,off
3,1545,2026-08-21T17:07:35.180,1787303255.180262089,NAVIGATING,map,base_link,1.486593,-3.622409,-1.459203,3.281390,2.505805,map,3.281390,2.505805,-5.890225,2.466082,6.385633,2.745093,548,90,0,0.260074,0.981939,0.999937,0.589164,0.799949,,,off,policy_direct_scale,0.589164,0.799949,0.589164,0.799949,nan,nan,0,0,off,off
3,1546,2026-08-21T17:07:35.699,1787303255.699381351,NAVIGATING,map,base_link,1.478873,-3.629441,-1.455154,3.281390,2.505805,map,3.281390,2.505805,-5.886286,2.498390,6.394554,2.740194,548,90,0,0.260479,0.999861,0.999873,0.599917,0.799898,,,off,policy_direct_scale,0.599917,0.799898,0.599917,0.799898,nan,nan,0,0,off,off
3,1547,2026-08-21T17:07:36.261,1787303256.261161089,NAVIGATING,map,base_link,1.487709,-3.646107,-1.472460,3.281390,2.505805,map,3.281390,2.505805,-5.946092,2.388996,6.408066,2.759556,548,90,0,0.266708,0.999966,0.999948,0.599980,0.799958,,,off,policy_direct_scale,0.599980,0.799958,0.599980,0.799958,nan,nan,0,0,off,off
3,1548,2026-08-21T17:07:36.820,1787303256.820817947,NAVIGATING,map,base_link,1.491270,-3.626826,-1.495071,3.281390,2.505805,map,3.281390,2.505805,-5.979629,2.248940,6.388559,2.781858,548,90,0,0.260119,0.999972,0.999965,0.599983,0.799972,,,off,policy_direct_scale,0.599983,0.799972,0.599983,0.799972,nan,nan,0,0,off,off
3,1549,2026-08-21T17:07:37.338,1787303257.338775635,NAVIGATING,map,base_link,1.489314,-3.624755,-1.496690,3.281390,2.505805,map,3.281390,2.505805,-5.981051,2.241056,6.387120,2.783092,548,90,0,0.386725,0.999950,0.999944,0.599970,0.799955,,,off,policy_direct_scale,0.599970,0.799955,0.599970,0.799955,nan,nan,0,0,off,off
3,1550,2026-08-21T17:07:37.862,1787303257.862049580,NAVIGATING,map,base_link,1.490798,-3.625123,-1.493871,3.281390,2.505805,map,3.281390,2.505805,-5.975192,2.256455,6.387057,2.780512,548,90,0,0.814531,0.999406,0.999695,0.599644,0.799756,,,off,policy_direct_scale,0.599644,0.799756,0.599644,0.799756,nan,nan,0,0,off,off
3,1551,2026-08-21T17:11:15.379,1787303475.379660845,NAVIGATING,map,base_link,2.936841,-2.444277,1.396990,2.619591,-0.820672,map,2.619591,-0.820672,1.544281,0.593244,1.654310,0.366773,548,90,0,1.583647,0.999249,0.283139,0.599549,0.226511,,,off,policy_direct_scale,0.599549,0.226511,0.599549,0.226511,nan,nan,0,0,off,off
3,1552,2026-08-21T17:11:15.898,1787303475.898628473,NAVIGATING,map,base_link,2.949476,-2.280866,1.476289,2.619591,-0.820672,map,2.619591,-0.820672,1.422548,0.466206,1.496994,0.316696,548,90,0,1.391334,0.998769,0.229975,0.599262,0.183980,,,off,policy_direct_scale,0.599262,0.183980,0.599262,0.183980,nan,nan,0,0,off,off
3,1553,2026-08-21T17:11:16.419,1787303476.419692516,NAVIGATING,map,base_link,2.916621,-1.962048,1.580186,2.619591,-0.820672,map,2.619591,-0.820672,1.144115,0.286300,1.179392,0.245202,548,90,0,1.131113,0.993997,0.510444,0.596398,0.408355,,,off,policy_direct_scale,0.596398,0.408355,0.596398,0.408355,nan,nan,0,0,off,off
3,1554,2026-08-21T17:11:16.939,1787303476.938988447,NAVIGATING,map,base_link,2.836085,-1.699412,1.806542,2.619591,-0.820672,map,2.619591,-0.820672,0.905000,0.005260,0.905015,0.005812,548,90,0,0.854594,0.942350,0.912109,0.565410,0.729688,,,off,policy_direct_scale,0.565410,0.729688,0.565410,0.729688,nan,nan,0,0,off,off
3,1555,2026-08-21T17:11:17.501,1787303477.500981092,NAVIGATING,map,base_link,2.610513,-1.468900,2.193309,2.619591,-0.820672,map,2.619591,-0.820672,0.521338,-0.385342,0.648291,-0.636515,548,90,0,0.611850,0.997934,-0.057528,0.598760,-0.046022,,,off,policy_direct_scale,0.598760,-0.046022,0.598760,-0.046022,nan,nan,0,0,off,off
3,1556,2026-08-21T17:11:18.058,1787303478.058337927,NAVIGATING,map,base_link,2.473896,-1.245742,2.063564,2.619591,-0.820672,map,2.619591,-0.820672,0.305575,-0.329448,0.449346,-0.822975,548,90,0,0.566721,0.999524,-0.902463,0.599715,-0.721970,,,off,policy_direct_scale,0.599715,-0.721970,0.599715,-0.721970,nan,nan,0,0,off,off
3,1557,2026-08-21T17:11:18.573,1787303478.573477983,REACHED,map,base_link,2.412647,-0.959126,1.752850,2.619591,-0.820672,map,2.619591,-0.820672,0.098698,-0.228591,0.248988,-1.163206,548,-1,-1,nan,0.000000,0.000000,0.000000,0.000000,,,off,policy_direct_scale,nan,nan,nan,nan,nan,nan,0,0,not_evaluated,not_evaluated
3,1558,2026-08-21T17:11:19.100,1787303479.100359201,NAVIGATING,map,base_link,2.482060,-0.699023,1.462382,4.551553,0.645071,map,4.551553,0.645071,1.560126,-1.911910,2.467669,-0.886373,548,90,0,0.490125,0.999815,-0.685245,0.599889,-0.548196,,,off,policy_direct_scale,0.599889,-0.548196,0.599889,-0.548196,nan,nan,0,0,off,off
3,1559,2026-08-21T17:11:19.658,1787303479.658448696,NAVIGATING,map,base_link,2.589944,-0.414196,1.258420,4.551553,0.645071,map,4.551553,0.645071,1.610847,-1.541144,2.229340,-0.763288,548,90,0,0.524870,0.999858,-0.571314,0.599915,-0.457051,,,off,policy_direct_scale,0.599915,-0.457051,0.599915,-0.457051,nan,nan,0,0,off,off
3,1560,2026-08-21T17:11:20.180,1787303480.180321455,NAVIGATING,map,base_link,2.686550,-0.149085,1.064578,4.551553,0.645071,map,4.551553,0.645071,1.598847,-1.246037,2.027047,-0.662013,548,90,0,0.504513,0.999899,-0.890081,0.599939,-0.712065,,,off,policy_direct_scale,0.599939,-0.712065,0.599939,-0.712065,nan,nan,0,0,off,off
3,1561,2026-08-21T17:11:20.698,1787303480.698931456,NAVIGATING,map,base_link,2.909371,0.029033,0.771068,4.551553,0.645071,map,4.551553,0.645071,1.607036,-0.702637,1.753928,-0.412180,548,90,0,0.462568,0.999912,-0.790928,0.599947,-0.632742,,,off,policy_direct_scale,0.599947,-0.632742,0.599947,-0.632742,nan,nan,0,0,off,off
3,1562,2026-08-21T17:11:21.219,1787303481.219317675,NAVIGATING,map,base_link,3.193434,0.159623,0.456333,4.551553,0.645071,map,4.551553,0.645071,1.433066,-0.162693,1.442271,-0.113044,548,90,0,0.525733,0.999664,-0.888361,0.599798,-0.710689,,,off,policy_direct_scale,0.599798,-0.710689,0.599798,-0.710689,nan,nan,0,0,off,off
3,1563,2026-08-21T17:11:21.740,1787303481.740624189,NAVIGATING,map,base_link,3.465222,0.181574,0.141158,4.551553,0.645071,map,4.551553,0.645071,1.140735,0.306052,1.181077,0.262120,548,90,0,0.573700,0.999292,-0.937436,0.599575,-0.749949,,,off,policy_direct_scale,0.599575,-0.749949,0.599575,-0.749949,nan,nan,0,0,off,off
3,1564,2026-08-21T17:11:22.259,1787303482.259813786,NAVIGATING,map,base_link,3.799634,0.178616,0.038551,4.551553,0.645071,map,4.551553,0.645071,0.769338,0.437128,0.884852,0.516699,548,90,0,0.519700,0.999768,0.246264,0.599861,0.197011,,,off,policy_direct_scale,0.599861,0.197011,0.599861,0.197011,nan,nan,0,0,off,off
3,1565,2026-08-21T17:11:22.778,1787303482.778527260,NAVIGATING,map,base_link,4.056817,0.268636,0.217489,4.551553,0.645071,map,4.551553,0.645071,0.564308,0.260814,0.621665,0.432940,548,90,0,0.519674,0.999706,0.653981,0.599824,0.523185,,,off,policy_direct_scale,0.599824,0.523185,0.599824,0.523185,nan,nan,0,0,off,off
3,1566,2026-08-21T17:11:23.301,1787303483.301854134,NAVIGATING,map,base_link,4.313594,0.425851,0.486049,4.551553,0.645071,map,4.551553,0.645071,0.312805,0.082672,0.323545,0.258384,548,90,0,0.511647,0.999767,0.646754,0.599860,0.517403,,,off,policy_direct_scale,0.599860,0.517403,0.599860,0.517403,nan,nan,0,0,off,off
3,1567,2026-08-21T17:11:23.862,1787303483.862221003,NAVIGATING,map,base_link,4.502923,0.651056,0.790550,3.281390,2.505805,map,3.281390,2.505805,0.458951,2.172925,2.220864,1.362642,548,90,0,0.554926,0.999852,0.997978,0.599911,0.798382,,,off,policy_direct_scale,0.599911,0.798382,0.599911,0.798382,nan,nan,0,0,off,off
3,1568,2026-08-21T17:11:24.379,1787303484.379482985,NAVIGATING,map,base_link,4.572675,0.930999,1.171418,3.281390,2.505805,map,3.281390,2.505805,0.948762,1.802021,2.036524,1.086175,548,90,0,0.613543,0.999790,0.984444,0.599874,0.787555,,,off,policy_direct_scale,0.599874,0.787555,0.599874,0.787555,nan,nan,0,0,off,off
3,1569,2026-08-21T17:11:24.898,1787303484.898606300,NAVIGATING,map,base_link,4.548564,1.220860,1.537977,3.281390,2.505805,map,3.281390,2.505805,1.242672,1.308655,1.804664,0.811255,548,90,0,0.594106,0.999738,0.919101,0.599843,0.735281,,,off,policy_direct_scale,0.599843,0.735281,0.599843,0.735281,nan,nan,0,0,off,off
3,1570,2026-08-21T17:11:25.461,1787303485.461370468,NAVIGATING,map,base_link,4.388037,1.547044,1.943627,3.281390,2.505805,map,3.281390,2.505805,1.295993,0.681389,1.464203,0.484047,548,90,0,0.555668,0.998643,0.784070,0.599186,0.627256,,,off,policy_direct_scale,0.599186,0.627256,0.599186,0.627256,nan,nan,0,0,off,off
3,1571,2026-08-21T17:11:25.979,1787303485.979540348,NAVIGATING,map,base_link,4.178410,1.734912,2.264414,3.281390,2.505805,map,3.281390,2.505805,1.166255,0.196903,1.182760,0.167256,548,90,0,0.579530,0.971315,0.992927,0.582789,0.794342,,,off,policy_direct_scale,0.582789,0.794342,0.582789,0.794342,nan,nan,0,0,off,off
3,1572,2026-08-21T17:11:26.499,1787303486.499801874,NAVIGATING,map,base_link,3.912575,1.840290,2.627488,3.281390,2.505805,map,3.281390,2.505805,0.876865,-0.269097,0.917227,-0.297762,548,90,0,0.528603,0.991353,0.968236,0.594812,0.774589,,,off,policy_direct_scale,0.594812,0.774589,0.594812,0.774589,nan,nan,0,0,off,off
3,1573,2026-08-21T17:11:27.061,1787303487.061473846,NAVIGATING,map,base_link,3.564723,1.897131,2.805713,3.281390,2.505805,map,3.281390,2.505805,0.468120,-0.481275,0.671388,-0.799254,548,90,0,0.570024,0.999830,-0.809790,0.599898,-0.647832,,,off,policy_direct_scale,0.599898,-0.647832,0.599898,-0.647832,nan,nan,0,0,off,off
3,1574,2026-08-21T17:11:27.580,1787303487.580878735,NAVIGATING,map,base_link,3.338026,2.090017,2.566869,3.281390,2.505805,map,3.281390,2.505805,0.273560,-0.318201,0.419627,-0.860693,548,90,0,0.489584,0.999842,-0.772036,0.599905,-0.617629,,,off,policy_direct_scale,0.599905,-0.617629,0.599905,-0.617629,nan,nan,0,0,off,off
3,1575,2026-08-21T17:11:28.094,1787303488.094467640,REACHED,map,base_link,3.131881,2.315122,2.263387,3.281390,2.505805,map,3.281390,2.505805,0.051282,-0.236818,0.242307,-1.357542,548,-1,-1,nan,0.000000,0.000000,0.000000,0.000000,,,off,policy_direct_scale,nan,nan,nan,nan,nan,nan,0,0,not_evaluated,not_evaluated
3,1576,2026-08-21T17:11:28.658,1787303488.658602715,NAVIGATING,map,base_link,3.059712,2.602304,1.898714,5.028668,4.058102,map,5.028668,4.058102,0.744080,-2.332912,2.448701,-1.262047,548,90,0,0.564486,0.999882,-0.996487,0.599929,-0.797190,,,off,policy_direct_scale,0.599929,-0.797190,0.599929,-0.797190,nan,nan,0,0,off,off
3,1577,2026-08-21T17:11:29.178,1787303489.178587914,NAVIGATING,map,base_link,3.082072,2.893224,1.558273,5.028668,4.058102,map,5.028668,4.058102,1.189163,-1.931856,2.268519,-1.019018,548,90,0,0.616521,0.999855,-0.988657,0.599913,-0.790925,,,off,policy_direct_scale,0.599913,-0.790925,0.599913,-0.790925,nan,nan,0,0,off,off
3,1578,2026-08-21T17:11:29.702,1787303489.702594042,NAVIGATING,map,base_link,3.219592,3.170159,1.180927,5.028668,4.058102,map,5.028668,4.058102,1.508881,-1.335843,2.015241,-0.724645,548,90,0,0.616790,0.999835,-0.921126,0.599901,-0.736900,,,off,policy_direct_scale,0.599901,-0.736900,0.599901,-0.736900,nan,nan,0,0,off,off
3,1579,2026-08-21T17:11:30.258,1787303490.258632660,NAVIGATING,map,base_link,3.408131,3.398079,0.859589,5.028668,4.058102,map,5.028668,4.058102,1.557821,-0.796848,1.749792,-0.472817,548,90,0,0.554361,0.999863,-0.703579,0.599918,-0.562863,,,off,policy_direct_scale,0.599918,-0.562863,0.599918,-0.562863,nan,nan,0,0,off,off
3,1580,2026-08-21T17:11:30.779,1787303490.779083967,NAVIGATING,map,base_link,3.653221,3.576759,0.624876,5.028668,4.058102,map,5.028668,4.058102,1.397120,-0.414246,1.457239,-0.288243,548,90,0,0.515538,0.999913,-0.513162,0.599948,-0.410529,,,off,policy_direct_scale,0.599948,-0.410529,0.599948,-0.410529,nan,nan,0,0,off,off
3,1581,2026-08-21T17:11:31.300,1787303491.300271273,NAVIGATING,map,base_link,3.935062,3.705934,0.469291,5.028668,4.058102,map,5.028668,4.058102,1.134645,-0.180493,1.148911,-0.157753,548,90,0,0.586658,0.999900,-0.247788,0.599940,-0.198230,,,off,policy_direct_scale,0.599940,-0.198230,0.599940,-0.198230,nan,nan,0,0,off,off
3,1582,2026-08-21T17:11:31.859,1787303491.859573364,NAVIGATING,map,base_link,4.224203,3.829046,0.375007,5.028668,4.058102,map,5.028668,4.058102,0.832457,-0.081521,0.836439,-0.097617,548,90,0,0.730906,0.999798,-0.291592,0.599879,-0.233273,,,off,policy_direct_scale,0.599879,-0.233273,0.599879,-0.233273,nan,nan,0,0,off,off
3,1583,2026-08-21T17:11:32.378,1787303492.378873110,NAVIGATING,map,base_link,4.498020,3.906206,0.268601,5.028668,4.058102,map,5.028668,4.058102,0.551931,0.005624,0.551960,0.010190,548,90,0,0.894524,0.999495,-0.148497,0.599697,-0.118798,,,off,policy_direct_scale,0.599697,-0.118798,0.599697,-0.118798,nan,nan,0,0,off,off
3,1584,2026-08-21T17:11:32.894,1787303492.894544125,REACHED,map,base_link,4.803552,3.984598,0.240893,5.028668,4.058102,map,5.028668,4.058102,0.236152,0.017675,0.236812,0.074708,548,-1,-1,nan,0.000000,0.000000,0.000000,0.000000,,,off,policy_direct_scale,nan,nan,nan,nan,nan,nan,0,0,not_evaluated,not_evaluated
3,1585,2026-08-21T17:11:33.461,1787303493.461447477,NAVIGATING,map,base_link,5.067067,4.124358,0.521630,4.346780,5.976657,map,4.346780,5.976657,0.298494,1.964873,1.987417,1.420034,548,90,0,2.000000,0.999299,0.996784,0.599579,0.797428,,,off,policy_direct_scale,0.599579,0.797428,0.599579,0.797428,nan,nan,0,0,off,off
3,1586,2026-08-21T17:11:33.978,1787303493.978789568,NAVIGATING,map,base_link,5.229900,4.393727,0.891658,4.346780,5.976657,map,4.346780,5.976657,0.676993,1.681443,1.812614,1.188028,548,90,0,2.000000,0.999363,0.990904,0.599618,0.792723,,,off,policy_direct_scale,0.599618,0.792723,0.599618,0.792723,nan,nan,0,0,off,off
3,1587,2026-08-21T17:11:34.501,1787303494.500976086,NAVIGATING,map,base_link,5.302975,4.676455,1.287471,4.346780,5.976657,map,4.346780,5.976657,0.981061,1.281544,1.613950,0.917430,548,90,0,1.954187,0.999380,0.965253,0.599628,0.772202,,,off,policy_direct_scale,0.599628,0.772202,0.599628,0.772202,nan,nan,0,0,off,off
3,1588,2026-08-21T17:11:35.098,1787303495.098546028,NAVIGATING,map,base_link,5.208466,5.011892,1.707419,4.346780,5.976657,map,4.346780,5.976657,1.073135,0.722257,1.293551,0.592399,548,90,0,1.677432,0.999248,0.805493,0.599549,0.644394,,,off,policy_direct_scale,0.599549,0.644394,0.599549,0.644394,nan,nan,0,0,off,off
3,1589,2026-08-21T17:11:35.661,1787303495.661067963,NAVIGATING,map,base_link,5.046035,5.280076,1.989283,4.346780,5.976657,map,4.346780,5.976657,0.920632,0.355838,0.987007,0.368828,548,90,0,1.371851,0.998523,0.470302,0.599114,0.376241,,,off,policy_direct_scale,0.599114,0.376241,0.599114,0.376241,nan,nan,0,0,off,off
3,1590,2026-08-21T17:11:36.178,1787303496.178930998,NAVIGATING,map,base_link,4.848631,5.498955,2.176416,4.346780,5.976657,map,4.346780,5.976657,0.678432,0.140655,0.692859,0.204427,548,90,0,1.053752,0.989487,0.631411,0.593692,0.505129,,,off,policy_direct_scale,0.593692,0.505129,0.593692,0.505129,nan,nan,0,0,off,off
3,1591,2026-08-21T17:11:36.701,1787303496.701172352,NAVIGATING,map,base_link,4.608007,5.673796,2.444653,4.346780,5.976657,map,4.346780,5.976657,0.394711,-0.064562,0.399956,-0.162132,548,90,0,0.829864,0.976292,0.827291,0.585775,0.661833,,,off,policy_direct_scale,0.585775,0.661833,0.585775,0.661833,nan,nan,0,0,off,off
3,1592,2026-08-21T17:11:37.214,1787303497.214061022,REACHED,map,base_link,4.329687,5.773194,2.673015,4.346780,5.976657,map,4.346780,5.976657,0.076637,-0.189251,0.204180,-1.186030,548,-1,-1,nan,0.000000,0.000000,0.000000,0.000000,,,off,policy_direct_scale,nan,nan,nan,nan,nan,nan,0,0,not_evaluated,not_evaluated
3,1593,2026-08-21T17:11:37.733,1787303497.733325481,REACHED,map,base_link,4.309502,5.787378,2.705738,4.346780,5.976657,map,4.346780,5.976657,0.046117,-0.187321,0.192915,-1.329402,548,-1,-1,nan,0.000000,0.000000,0.000000,0.000000,,,off,policy_direct_scale,nan,nan,nan,nan,nan,nan,0,0,not_evaluated,not_evaluated
3,1594,2026-08-21T17:11:38.253,1787303498.253355026,REACHED,map,base_link,4.330807,5.795546,2.736312,4.346780,5.976657,map,4.346780,5.976657,0.056729,-0.172737,0.181814,-1.253483,548,-1,-1,nan,0.000000,0.000000,0.000000,0.000000,,,off,policy_direct_scale,nan,nan,nan,nan,nan,nan,0,0,not_evaluated,not_evaluated
3,1595,2026-08-21T17:11:38.814,1787303498.814462662,REACHED,map,base_link,4.318628,5.795767,2.743965,4.346780,5.976657,map,4.346780,5.976657,0.044091,-0.177679,0.183067,-1.327562,548,-1,-1,nan,0.000000,0.000000,0.000000,0.000000,,,off,policy_direct_scale,nan,nan,nan,nan,nan,nan,0,0,not_evaluated,not_evaluated
3,1596,2026-08-21T17:11:39.333,1787303499.333338737,REACHED,map,base_link,4.325272,5.794903,2.744640,4.346780,5.976657,map,4.346780,5.976657,0.050432,-0.175936,0.183022,-1.291630,548,-1,-1,nan,0.000000,0.000000,0.000000,0.000000,,,off,policy_direct_scale,nan,nan,nan,nan,nan,nan,0,0,not_evaluated,not_evaluated
3,1597,2026-08-21T17:11:39.853,1787303499.853059530,REACHED,map,base_link,4.328475,5.797737,2.746181,4.346780,5.976657,map,4.346780,5.976657,0.052025,-0.172165,0.179854,-1.277340,548,-1,-1,nan,0.000000,0.000000,0.000000,0.000000,,,off,policy_direct_scale,nan,nan,nan,nan,nan,nan,0,0,not_evaluated,not_evaluated
3,1598,2026-08-21T17:11:40.373,1787303500.373093605,REACHED,map,base_link,4.324935,5.795520,2.750009,4.346780,5.976657,map,4.346780,5.976657,0.048940,-0.175763,0.182450,-1.299230,548,-1,-1,nan,0.000000,0.000000,0.000000,0.000000,,,off,policy_direct_scale,nan,nan,nan,nan,nan,nan,0,0,not_evaluated,not_evaluated
3,1599,2026-08-21T17:11:40.893,1787303500.893486738,REACHED,map,base_link,4.325863,5.795410,2.747328,4.346780,5.976657,map,4.346780,5.976657,0.050310,-0.175377,0.182450,-1.291431,548,-1,-1,nan,0.000000,0.000000,0.000000,0.000000,,,off,policy_direct_scale,nan,nan,nan,nan,nan,nan,0,0,not_evaluated,not_evaluated
3,1600,2026-08-21T17:11:41.453,1787303501.453936577,REACHED,map,base_link,4.329759,5.793740,2.749574,4.346780,5.976657,map,4.346780,5.976657,0.054155,-0.175544,0.183708,-1.271562,548,-1,-1,nan,0.000000,0.000000,0.000000,0.000000,,,off,policy_direct_scale,nan,nan,nan,nan,nan,nan,0,0,not_evaluated,not_evaluated
3,1601,2026-08-21T17:11:41.973,1787303501.973287821,REACHED,map,base_link,4.323861,5.795783,2.750070,4.346780,5.976657,map,4.346780,5.976657,0.047836,-0.175933,0.182320,-1.305317,548,-1,-1,nan,0.000000,0.000000,0.000000,0.000000,,,off,policy_direct_scale,nan,nan,nan,nan,nan,nan,0,0,not_evaluated,not_evaluated
3,1602,2026-08-21T17:11:42.494,1787303502.494281292,REACHED,map,base_link,4.327777,5.796938,2.749204,4.346780,5.976657,map,4.346780,5.976657,0.051166,-0.173327,0.180721,-1.283751,548,-1,-1,nan,0.000000,0.000000,0.000000,0.000000,,,off,policy_direct_scale,nan,nan,nan,nan,nan,nan,0,0,not_evaluated,not_evaluated
3,1603,2026-08-21T17:11:43.053,1787303503.053185701,REACHED,map,base_link,4.326279,5.796208,2.749471,4.346780,5.976657,map,4.346780,5.976657,0.050014,-0.174587,0.181609,-1.291799,548,-1,-1,nan,0.000000,0.000000,0.000000,0.000000,,,off,policy_direct_scale,nan,nan,nan,nan,nan,nan,0,0,not_evaluated,not_evaluated
3,1604,2026-08-21T17:11:43.574,1787303503.574120522,REACHED,map,base_link,4.325860,5.793673,2.751923,4.346780,5.976657,map,4.346780,5.976657,0.050161,-0.177214,0.184176,-1.294958,548,-1,-1,nan,0.000000,0.000000,0.000000,0.000000,,,off,policy_direct_scale,nan,nan,nan,nan,nan,nan,0,0,not_evaluated,not_evaluated
3,1605,2026-08-21T17:11:44.093,1787303504.093655109,REACHED,map,base_link,4.325917,5.794379,2.750427,4.346780,5.976657,map,4.346780,5.976657,0.050209,-0.176464,0.183468,-1.293594,548,-1,-1,nan,0.000000,0.000000,0.000000,0.000000,,,off,policy_direct_scale,nan,nan,nan,nan,nan,nan,0,0,not_evaluated,not_evaluated
3,1606,2026-08-21T17:11:44.694,1787303504.694465160,REACHED,map,base_link,4.326004,5.797684,2.751746,4.346780,5.976657,map,4.346780,5.976657,0.048801,-0.173441,0.180175,-1.296519,548,-1,-1,nan,0.000000,0.000000,0.000000,0.000000,,,off,policy_direct_scale,nan,nan,nan,nan,nan,nan,0,0,not_evaluated,not_evaluated
3,1607,2026-08-21T17:11:45.214,1787303505.214112997,REACHED,map,base_link,4.325911,5.797999,2.753957,4.346780,5.976657,map,4.346780,5.976657,0.048212,-0.173291,0.179873,-1.299443,548,-1,-1,nan,0.000000,0.000000,0.000000,0.000000,,,off,policy_direct_scale,nan,nan,nan,nan,nan,nan,0,0,not_evaluated,not_evaluated
3,1608,2026-08-21T17:11:45.734,1787303505.734171391,REACHED,map,base_link,4.328984,5.796608,2.751848,4.346780,5.976657,map,4.346780,5.976657,0.051949,-0.173308,0.180927,-1.279571,548,-1,-1,nan,0.000000,0.000000,0.000000,0.000000,,,off,policy_direct_scale,nan,nan,nan,nan,nan,nan,0,0,not_evaluated,not_evaluated
3,1609,2026-08-21T17:11:46.253,1787303506.253768444,REACHED,map,base_link,4.327335,5.796091,2.751597,4.346780,5.976657,map,4.346780,5.976657,0.050664,-0.174400,0.181610,-1.288075,548,-1,-1,nan,0.000000,0.000000,0.000000,0.000000,,,off,policy_direct_scale,nan,nan,nan,nan,nan,nan,0,0,not_evaluated,not_evaluated
3,1610,2026-08-21T17:11:46.773,1787303506.772999048,REACHED,map,base_link,4.320929,5.796016,2.751982,4.346780,5.976657,map,4.346780,5.976657,0.044699,-0.176923,0.182482,-1.323327,548,-1,-1,nan,0.000000,0.000000,0.000000,0.000000,,,off,policy_direct_scale,nan,nan,nan,nan,nan,nan,0,0,not_evaluated,not_evaluated
3,1611,2026-08-21T17:11:47.294,1787303507.294267178,REACHED,map,base_link,4.327709,5.797429,2.753663,4.346780,5.976657,map,4.346780,5.976657,0.050143,-0.173124,0.180239,-1.288877,548,-1,-1,nan,0.000000,0.000000,0.000000,0.000000,,,off,policy_direct_scale,nan,nan,nan,nan,nan,nan,0,0,not_evaluated,not_evaluated
3,1612,2026-08-21T17:11:47.813,1787303507.813297510,REACHED,map,base_link,4.329312,5.795532,2.751493,4.346780,5.976657,map,4.346780,5.976657,0.052723,-0.174160,0.181966,-1.276840,548,-1,-1,nan,0.000000,0.000000,0.000000,0.000000,,,off,policy_direct_scale,nan,nan,nan,nan,nan,nan,0,0,not_evaluated,not_evaluated
3,1613,2026-08-21T17:11:48.332,1787303508.332969904,REACHED,map,base_link,4.329211,5.798522,2.751237,4.346780,5.976657,map,4.346780,5.976657,0.051536,-0.171420,0.178999,-1.278751,548,-1,-1,nan,0.000000,0.000000,0.000000,0.000000,,,off,policy_direct_scale,nan,nan,nan,nan,nan,nan,0,0,not_evaluated,not_evaluated
3,1614,2026-08-21T17:11:48.854,1787303508.854178429,REACHED,map,base_link,4.321792,5.795617,2.752444,4.346780,5.976657,map,4.346780,5.976657,0.045567,-0.176984,0.182756,-1.318805,548,-1,-1,nan,0.000000,0.000000,0.000000,0.000000,,,off,policy_direct_scale,nan,nan,nan,nan,nan,nan,0,0,not_evaluated,not_evaluated
3,1615,2026-08-21T17:11:49.414,1787303509.414279938,REACHED,map,base_link,4.323390,5.797736,2.751419,4.346780,5.976657,map,4.346780,5.976657,0.046420,-0.174370,0.180443,-1.310613,548,-1,-1,nan,0.000000,0.000000,0.000000,0.000000,,,off,policy_direct_scale,nan,nan,nan,nan,nan,nan,0,0,not_evaluated,not_evaluated
3,1616,2026-08-21T17:11:49.933,1787303509.933890104,REACHED,map,base_link,4.328854,5.796196,2.751316,4.346780,5.976657,map,4.346780,5.976657,0.052078,-0.173711,0.181349,-1.279528,548,-1,-1,nan,0.000000,0.000000,0.000000,0.000000,,,off,policy_direct_scale,nan,nan,nan,nan,nan,nan,0,0,not_evaluated,not_evaluated
3,1617,2026-08-21T17:11:50.454,1787303510.454041958,REACHED,map,base_link,4.331642,5.795814,2.751629,4.346780,5.976657,map,4.346780,5.976657,0.054747,-0.173021,0.181475,-1.264347,548,-1,-1,nan,0.000000,0.000000,0.000000,0.000000,,,off,policy_direct_scale,nan,nan,nan,nan,nan,nan,0,0,not_evaluated,not_evaluated
3,1618,2026-08-21T17:11:50.974,1787303510.974495411,REACHED,map,base_link,4.325661,5.799261,2.750870,4.346780,5.976657,map,4.346780,5.976657,0.048035,-0.172070,0.178649,-1.298564,548,-1,-1,nan,0.000000,0.000000,0.000000,0.000000,,,off,policy_direct_scale,nan,nan,nan,nan,nan,nan,0,0,not_evaluated,not_evaluated
3,1619,2026-08-21T17:11:51.493,1787303511.493896961,REACHED,map,base_link,4.324817,5.799176,2.752522,4.346780,5.976657,map,4.346780,5.976657,0.047002,-0.172548,0.178835,-1.304849,548,-1,-1,nan,0.000000,0.000000,0.000000,0.000000,,,off,policy_direct_scale,nan,nan,nan,nan,nan,nan,0,0,not_evaluated,not_evaluated
3,1620,2026-08-21T17:11:52.053,1787303512.053178072,REACHED,map,base_link,4.324117,5.795870,2.753196,4.346780,5.976657,map,4.346780,5.976657,0.047489,-0.175904,0.182202,-1.307110,548,-1,-1,nan,0.000000,0.000000,0.000000,0.000000,,,off,policy_direct_scale,nan,nan,nan,nan,nan,nan,0,0,not_evaluated,not_evaluated
3,1621,2026-08-21T17:11:52.573,1787303512.573151827,REACHED,map,base_link,4.324883,5.794281,2.751770,4.346780,5.976657,map,4.346780,5.976657,0.049053,-0.177015,0.183685,-1.300469,548,-1,-1,nan,0.000000,0.000000,0.000000,0.000000,,,off,policy_direct_scale,nan,nan,nan,nan,nan,nan,0,0,not_evaluated,not_evaluated
3,1622,2026-08-21T17:11:53.093,1787303513.093388081,REACHED,map,base_link,4.332213,5.796949,2.750142,4.346780,5.976657,map,4.346780,5.976657,0.055099,-0.171672,0.180297,-1.260226,548,-1,-1,nan,0.000000,0.000000,0.000000,0.000000,,,off,policy_direct_scale,nan,nan,nan,nan,nan,nan,0,0,not_evaluated,not_evaluated
3,1623,2026-08-21T17:11:53.612,1787303513.612961531,REACHED,map,base_link,4.323309,5.797510,2.752819,4.346780,5.976657,map,4.346780,5.976657,0.046186,-0.174675,0.180678,-1.312298,548,-1,-1,nan,0.000000,0.000000,0.000000,0.000000,,,off,policy_direct_scale,nan,nan,nan,nan,nan,nan,0,0,not_evaluated,not_evaluated
3,1624,2026-08-21T17:11:54.134,1787303514.134190798,REACHED,map,base_link,4.321211,5.796520,2.749048,4.346780,5.976657,map,4.346780,5.976657,0.045285,-0.176217,0.181943,-1.319253,548,-1,-1,nan,0.000000,0.000000,0.000000,0.000000,,,off,policy_direct_scale,nan,nan,nan,nan,nan,nan,0,0,not_evaluated,not_evaluated
3,1625,2026-08-21T17:11:54.653,1787303514.653709173,REACHED,map,base_link,4.325146,5.798434,2.753273,4.346780,5.976657,map,4.346780,5.976657,0.047458,-0.173145,0.179531,-1.303275,548,-1,-1,nan,0.000000,0.000000,0.000000,0.000000,,,off,policy_direct_scale,nan,nan,nan,nan,nan,nan,0,0,not_evaluated,not_evaluated
3,1626,2026-08-21T17:11:55.173,1787303515.173100710,REACHED,map,base_link,4.326629,5.796218,2.752905,4.346780,5.976657,map,4.346780,5.976657,0.049734,-0.174617,0.181561,-1.293327,548,-1,-1,nan,0.000000,0.000000,0.000000,0.000000,,,off,policy_direct_scale,nan,nan,nan,nan,nan,nan,0,0,not_evaluated,not_evaluated
3,1627,2026-08-21T17:11:55.693,1787303515.693067551,REACHED,map,base_link,4.324656,5.797718,2.751596,4.346780,5.976657,map,4.346780,5.976657,0.047568,-0.173914,0.180302,-1.303813,548,-1,-1,nan,0.000000,0.000000,0.000000,0.000000,,,off,policy_direct_scale,nan,nan,nan,nan,nan,nan,0,0,not_evaluated,not_evaluated
3,1628,2026-08-21T17:11:56.253,1787303516.253907204,REACHED,map,base_link,4.321540,5.792625,2.752890,4.346780,5.976657,map,4.346780,5.976657,0.046389,-0.179869,0.185755,-1.318395,548,-1,-1,nan,0.000000,0.000000,0.000000,0.000000,,,off,policy_direct_scale,nan,nan,nan,nan,nan,nan,0,0,not_evaluated,not_evaluated
3,1629,2026-08-21T17:11:56.775,1787303516.775112391,REACHED,map,base_link,4.322148,5.793406,2.754508,4.346780,5.976657,map,4.346780,5.976657,0.046367,-0.178992,0.184899,-1.317325,548,-1,-1,nan,0.000000,0.000000,0.000000,0.000000,,,off,policy_direct_scale,nan,nan,nan,nan,nan,nan,0,0,not_evaluated,not_evaluated
3,1630,2026-08-21T17:11:57.294,1787303517.293979168,REACHED,map,base_link,4.324882,5.795113,2.751606,4.346780,5.976657,map,4.346780,5.976657,0.048765,-0.176238,0.182860,-1.300852,548,-1,-1,nan,0.000000,0.000000,0.000000,0.000000,,,off,policy_direct_scale,nan,nan,nan,nan,nan,nan,0,0,not_evaluated,not_evaluated
3,1631,2026-08-21T17:11:57.813,1787303517.813395977,REACHED,map,base_link,4.326924,5.795213,2.753055,4.346780,5.976657,map,4.346780,5.976657,0.050362,-0.175442,0.182527,-1.291256,548,-1,-1,nan,0.000000,0.000000,0.000000,0.000000,,,off,policy_direct_scale,nan,nan,nan,nan,nan,nan,0,0,not_evaluated,not_evaluated
3,1632,2026-08-21T17:11:58.333,1787303518.333279610,REACHED,map,base_link,4.325686,5.795629,2.752372,4.346780,5.976657,map,4.346780,5.976657,0.049178,-0.175492,0.182252,-1.297575,548,-1,-1,nan,0.000000,0.000000,0.000000,0.000000,,,off,policy_direct_scale,nan,nan,nan,nan,nan,nan,0,0,not_evaluated,not_evaluated
3,1633,2026-08-21T17:11:58.854,1787303518.854043245,REACHED,map,base_link,4.323345,5.796125,2.749483,4.346780,5.976657,map,4.346780,5.976657,0.047332,-0.175785,0.182046,-1.307776,548,-1,-1,nan,0.000000,0.000000,0.000000,0.000000,,,off,policy_direct_scale,nan,nan,nan,nan,nan,nan,0,0,not_evaluated,not_evaluated
3,1634,2026-08-21T17:11:59.416,1787303519.416140318,REACHED,map,base_link,4.326446,5.796400,2.751659,4.346780,5.976657,map,4.346780,5.976657,0.049713,-0.174455,0.181400,-1.293191,548,-1,-1,nan,0.000000,0.000000,0.000000,0.000000,,,off,policy_direct_scale,nan,nan,nan,nan,nan,nan,0,0,not_evaluated,not_evaluated
3,1635,2026-08-21T17:11:59.933,1787303519.933403492,REACHED,map,base_link,4.325008,5.796777,2.751837,4.346780,5.976657,map,4.346780,5.976657,0.048209,-0.174661,0.181192,-1.301490,548,-1,-1,nan,0.000000,0.000000,0.000000,0.000000,,,off,policy_direct_scale,nan,nan,nan,nan,nan,nan,0,0,not_evaluated,not_evaluated
3,1636,2026-08-21T17:12:00.453,1787303520.453051567,REACHED,map,base_link,4.324182,5.796115,2.754111,4.346780,5.976657,map,4.346780,5.976657,0.047296,-0.175697,0.181951,-1.307837,548,-1,-1,nan,0.000000,0.000000,0.000000,0.000000,,,off,policy_direct_scale,nan,nan,nan,nan,nan,nan,0,0,not_evaluated,not_evaluated
3,1637,2026-08-21T17:12:00.973,1787303520.973211288,REACHED,map,base_link,4.326924,5.797034,2.751369,4.346780,5.976657,map,4.346780,5.976657,0.049964,-0.173673,0.180717,-1.290670,548,-1,-1,nan,0.000000,0.000000,0.000000,0.000000,,,off,policy_direct_scale,nan,nan,nan,nan,nan,nan,0,0,not_evaluated,not_evaluated
3,1638,2026-08-21T17:12:01.493,1787303521.493522644,REACHED,map,base_link,4.327908,5.795106,2.754997,4.346780,5.976657,map,4.346780,5.976657,0.050972,-0.175268,0.182529,-1.287777,548,-1,-1,nan,0.000000,0.000000,0.000000,0.000000,,,off,policy_direct_scale,nan,nan,nan,nan,nan,nan,0,0,not_evaluated,not_evaluated
3,1639,2026-08-21T17:12:02.054,1787303522.054042578,REACHED,map,base_link,4.323648,5.796219,2.751238,4.346780,5.976657,map,4.346780,5.976657,0.047267,-0.175667,0.181915,-1.307948,548,-1,-1,nan,0.000000,0.000000,0.000000,0.000000,,,off,policy_direct_scale,nan,nan,nan,nan,nan,nan,0,0,not_evaluated,not_evaluated
3,1640,2026-08-21T17:12:02.573,1787303522.573157549,REACHED,map,base_link,4.325609,5.802771,2.752559,4.346780,5.976657,map,4.346780,5.976657,0.046365,-0.168923,0.175170,-1.302920,548,-1,-1,nan,0.000000,0.000000,0.000000,0.000000,,,off,policy_direct_scale,nan,nan,nan,nan,nan,nan,0,0,not_evaluated,not_evaluated
3,1641,2026-08-21T17:12:03.093,1787303523.093416214,REACHED,map,base_link,4.320204,5.795282,2.750210,4.346780,5.976657,map,4.346780,5.976657,0.044622,-0.177797,0.183311,-1.324903,548,-1,-1,nan,0.000000,0.000000,0.000000,0.000000,,,off,policy_direct_scale,nan,nan,nan,nan,nan,nan,0,0,not_evaluated,not_evaluated
3,1642,2026-08-21T17:12:03.654,1787303523.654213667,REACHED,map,base_link,4.325236,5.795731,2.753856,4.346780,5.976657,map,4.346780,5.976657,0.048462,-0.175641,0.182204,-1.301578,548,-1,-1,nan,0.000000,0.000000,0.000000,0.000000,,,off,policy_direct_scale,nan,nan,nan,nan,nan,nan,0,0,not_evaluated,not_evaluated
3,1643,2026-08-21T17:12:04.174,1787303524.174232960,REACHED,map,base_link,4.322978,5.798917,2.754170,4.346780,5.976657,map,4.346780,5.976657,0.045113,-0.173559,0.179326,-1.316496,548,-1,-1,nan,0.000000,0.000000,0.000000,0.000000,,,off,policy_direct_scale,nan,nan,nan,nan,nan,nan,0,0,not_evaluated,not_evaluated
3,1644,2026-08-21T17:12:04.693,1787303524.693364859,REACHED,map,base_link,4.319917,5.800209,2.750624,4.346780,5.976657,map,4.346780,5.976657,0.042406,-0.173370,0.178481,-1.330909,548,-1,-1,nan,0.000000,0.000000,0.000000,0.000000,,,off,policy_direct_scale,nan,nan,nan,nan,nan,nan,0,0,not_evaluated,not_evaluated
3,1645,2026-08-21T17:12:05.254,1787303525.253964186,REACHED,map,base_link,4.322214,5.796077,2.752886,4.346780,5.976657,map,4.346780,5.976657,0.045705,-0.176419,0.182244,-1.317298,548,-1,-1,nan,0.000000,0.000000,0.000000,0.000000,,,off,policy_direct_scale,nan,nan,nan,nan,nan,nan,0,0,not_evaluated,not_evaluated
3,1646,2026-08-21T17:12:05.774,1787303525.774259567,REACHED,map,base_link,4.326715,5.798364,2.753352,4.346780,5.976657,map,4.346780,5.976657,0.048923,-0.172619,0.179418,-1.294623,548,-1,-1,nan,0.000000,0.000000,0.000000,0.000000,,,off,policy_direct_scale,nan,nan,nan,nan,nan,nan,0,0,not_evaluated,not_evaluated
3,1647,2026-08-21T17:12:06.294,1787303526.294051886,REACHED,map,base_link,4.323618,5.800220,2.753853,4.346780,5.976657,map,4.346780,5.976657,0.045268,-0.172097,0.177951,-1.313584,548,-1,-1,nan,0.000000,0.000000,0.000000,0.000000,,,off,policy_direct_scale,nan,nan,nan,nan,nan,nan,0,0,not_evaluated,not_evaluated
3,1648,2026-08-21T17:12:06.814,1787303526.814199209,REACHED,map,base_link,4.324999,5.794974,2.752817,4.346780,5.976657,map,4.346780,5.976657,0.048712,-0.176381,0.182984,-1.301338,548,-1,-1,nan,0.000000,0.000000,0.000000,0.000000,,,off,policy_direct_scale,nan,nan,nan,nan,nan,nan,0,0,not_evaluated,not_evaluated
3,1649,2026-08-21T17:12:07.333,1787303527.333262920,REACHED,map,base_link,4.328093,5.795291,2.752682,4.346780,5.976657,map,4.346780,5.976657,0.051478,-0.174908,0.182326,-1.284561,548,-1,-1,nan,0.000000,0.000000,0.000000,0.000000,,,off,policy_direct_scale,nan,nan,nan,nan,nan,nan,0,0,not_evaluated,not_evaluated
3,1650,2026-08-21T17:12:07.853,1787303527.852989912,REACHED,map,base_link,4.321226,5.800331,2.751716,4.346780,5.976657,map,4.346780,5.976657,0.043381,-0.172806,0.178168,-1.324840,548,-1,-1,nan,0.000000,0.000000,0.000000,0.000000,,,off,policy_direct_scale,nan,nan,nan,nan,nan,nan,0,0,not_evaluated,not_evaluated
3,1651,2026-08-21T17:12:08.373,1787303528.373024225,REACHED,map,base_link,4.327254,5.796574,2.754018,4.346780,5.976657,map,4.346780,5.976657,0.049983,-0.174105,0.181138,-1.291229,548,-1,-1,nan,0.000000,0.000000,0.000000,0.000000,,,off,policy_direct_scale,nan,nan,nan,nan,nan,nan,0,0,not_evaluated,not_evaluated
3,1652,2026-08-21T17:12:08.893,1787303528.893012047,REACHED,map,base_link,4.323037,5.795495,2.754060,4.346780,5.976657,map,4.346780,5.976657,0.046480,-0.176700,0.182711,-1.313578,548,-1,-1,nan,0.000000,0.000000,0.000000,0.000000,,,off,policy_direct_scale,nan,nan,nan,nan,nan,nan,0,0,not_evaluated,not_evaluated
3,1653,2026-08-21T17:12:09.454,1787303529.453971386,REACHED,map,base_link,4.324288,5.798445,2.754504,4.346780,5.976657,map,4.346780,5.976657,0.046446,-0.173517,0.179625,-1.309254,548,-1,-1,nan,0.000000,0.000000,0.000000,0.000000,,,off,policy_direct_scale,nan,nan,nan,nan,nan,nan,0,0,not_evaluated,not_evaluated
3,1654,2026-08-21T17:12:09.974,1787303529.974018574,REACHED,map,base_link,4.324350,5.796210,2.751194,4.346780,5.976657,map,4.346780,5.976657,0.047928,-0.175406,0.181836,-1.304064,548,-1,-1,nan,0.000000,0.000000,0.000000,0.000000,,,off,policy_direct_scale,nan,nan,nan,nan,nan,nan,0,0,not_evaluated,not_evaluated
3,1655,2026-08-21T17:12:10.493,1787303530.493029833,REACHED,map,base_link,4.329455,5.797857,2.752004,4.346780,5.976657,map,4.346780,5.976657,0.051883,-0.171982,0.179637,-1.277802,548,-1,-1,nan,0.000000,0.000000,0.000000,0.000000,,,off,policy_direct_scale,nan,nan,nan,nan,nan,nan,0,0,not_evaluated,not_evaluated
3,1656,2026-08-21T17:12:11.053,1787303531.053277969,REACHED,map,base_link,4.325325,5.801346,2.751455,4.346780,5.976657,map,4.346780,5.976657,0.046831,-0.170298,0.176619,-1.302438,548,-1,-1,nan,0.000000,0.000000,0.000000,0.000000,,,off,policy_direct_scale,nan,nan,nan,nan,nan,nan,0,0,not_evaluated,not_evaluated
3,1657,2026-08-21T17:12:11.574,1787303531.574335575,REACHED,map,base_link,4.328114,5.800634,2.754389,4.346780,5.976657,map,4.346780,5.976657,0.049182,-0.170040,0.177010,-1.289242,548,-1,-1,nan,0.000000,0.000000,0.000000,0.000000,,,off,policy_direct_scale,nan,nan,nan,nan,nan,nan,0,0,not_evaluated,not_evaluated
3,1658,2026-08-21T17:12:12.093,1787303532.092989445,REACHED,map,base_link,4.323922,5.793048,2.753781,4.346780,5.976657,map,4.346780,5.976657,0.048273,-0.178618,0.185026,-1.306842,548,-1,-1,nan,0.000000,0.000000,0.000000,0.000000,,,off,policy_direct_scale,nan,nan,nan,nan,nan,nan,0,0,not_evaluated,not_evaluated
3,1659,2026-08-21T17:12:12.613,1787303532.613037586,REACHED,map,base_link,4.324164,5.802843,2.752157,4.346780,5.976657,map,4.346780,5.976657,0.045069,-0.169386,0.175279,-1.310747,548,-1,-1,nan,0.000000,0.000000,0.000000,0.000000,,,off,policy_direct_scale,nan,nan,nan,nan,nan,nan,0,0,not_evaluated,not_evaluated
3,1660,2026-08-21T17:12:13.133,1787303533.133571625,REACHED,map,base_link,4.324734,5.796392,2.752280,4.346780,5.976657,map,4.346780,5.976657,0.048024,-0.175144,0.181609,-1.303179,548,-1,-1,nan,0.000000,0.000000,0.000000,0.000000,,,off,policy_direct_scale,nan,nan,nan,nan,nan,nan,0,0,not_evaluated,not_evaluated
3,1661,2026-08-21T17:12:13.656,1787303533.656125069,REACHED,map,base_link,4.323505,5.795955,2.752991,4.346780,5.976657,map,4.346780,5.976657,0.046927,-0.176048,0.182195,-1.310295,548,-1,-1,nan,0.000000,0.000000,0.000000,0.000000,,,off,policy_direct_scale,nan,nan,nan,nan,nan,nan,0,0,not_evaluated,not_evaluated
3,1662,2026-08-21T17:12:14.173,1787303534.173014164,REACHED,map,base_link,4.328534,5.805799,2.753817,4.346780,5.976657,map,4.346780,5.976657,0.047715,-0.165072,0.171829,-1.289408,548,-1,-1,nan,0.000000,0.000000,0.000000,0.000000,,,off,policy_direct_scale,nan,nan,nan,nan,nan,nan,0,0,not_evaluated,not_evaluated
3,1663,2026-08-21T17:12:14.693,1787303534.693156719,REACHED,map,base_link,4.325641,5.794521,2.756516,4.346780,5.976657,map,4.346780,5.976657,0.048825,-0.176738,0.183358,-1.301263,548,-1,-1,nan,0.000000,0.000000,0.000000,0.000000,,,off,policy_direct_scale,nan,nan,nan,nan,nan,nan,0,0,not_evaluated,not_evaluated
3,1664,2026-08-21T17:12:15.253,1787303535.253613234,REACHED,map,base_link,4.323831,5.798711,2.752177,4.346780,5.976657,map,4.346780,5.976657,0.046326,-0.173336,0.179420,-1.309636,548,-1,-1,nan,0.000000,0.000000,0.000000,0.000000,,,off,policy_direct_scale,nan,nan,nan,nan,nan,nan,0,0,not_evaluated,not_evaluated
3,1665,2026-08-21T17:12:15.774,1787303535.774158239,REACHED,map,base_link,4.328774,5.798405,2.752304,4.346780,5.976657,map,4.346780,5.976657,0.050994,-0.171749,0.179159,-1.282179,548,-1,-1,nan,0.000000,0.000000,0.000000,0.000000,,,off,policy_direct_scale,nan,nan,nan,nan,nan,nan,0,0,not_evaluated,not_evaluated
3,1666,2026-08-21T17:12:16.293,1787303536.293433428,REACHED,map,base_link,4.325880,5.797601,2.753495,4.346780,5.976657,map,4.346780,5.976657,0.048414,-0.173649,0.180272,-1.298898,548,-1,-1,nan,0.000000,0.000000,0.000000,0.000000,,,off,policy_direct_scale,nan,nan,nan,nan,nan,nan,0,0,not_evaluated,not_evaluated
3,1667,2026-08-21T17:12:16.853,1787303536.853297234,REACHED,map,base_link,4.323928,5.797239,2.753381,4.346780,5.976657,map,4.346780,5.976657,0.046764,-0.174717,0.180867,-1.309272,548,-1,-1,nan,0.000000,0.000000,0.000000,0.000000,,,off,policy_direct_scale,nan,nan,nan,nan,nan,nan,0,0,not_evaluated,not_evaluated
3,1668,2026-08-21T17:12:17.374,1787303537.373969316,REACHED,map,base_link,4.320253,5.791812,2.753993,4.346780,5.976657,map,4.346780,5.976657,0.045306,-0.181159,0.186739,-1.325734,548,-1,-1,nan,0.000000,0.000000,0.000000,0.000000,,,off,policy_direct_scale,nan,nan,nan,nan,nan,nan,0,0,not_evaluated,not_evaluated
3,1669,2026-08-21T17:12:17.892,1787303537.892872572,REACHED,map,base_link,4.329720,5.801687,2.752051,4.346780,5.976657,map,4.346780,5.976657,0.050665,-0.168341,0.175800,-1.278451,548,-1,-1,nan,0.000000,0.000000,0.000000,0.000000,,,off,policy_direct_scale,nan,nan,nan,nan,nan,nan,0,0,not_evaluated,not_evaluated
3,1670,2026-08-21T17:12:18.413,1787303538.413542747,REACHED,map,base_link,4.328050,5.799101,2.752510,4.346780,5.976657,map,4.346780,5.976657,0.050024,-0.171390,0.178541,-1.286810,548,-1,-1,nan,0.000000,0.000000,0.000000,0.000000,,,off,policy_direct_scale,nan,nan,nan,nan,nan,nan,0,0,not_evaluated,not_evaluated
3,1671,2026-08-21T17:12:18.936,1787303538.936188221,REACHED,map,base_link,4.324564,5.798300,2.753321,4.346780,5.976657,map,4.346780,5.976657,0.046962,-0.173492,0.179735,-1.306445,548,-1,-1,nan,0.000000,0.000000,0.000000,0.000000,,,off,policy_direct_scale,nan,nan,nan,nan,nan,nan,0,0,not_evaluated,not_evaluated
3,1672,2026-08-21T17:12:19.452,1787303539.452906609,REACHED,map,base_link,4.324393,5.798661,2.756264,4.346780,5.976657,map,4.346780,5.976657,0.046157,-0.173359,0.179399,-1.310581,548,-1,-1,nan,0.000000,0.000000,0.000000,0.000000,,,off,policy_direct_scale,nan,nan,nan,nan,nan,nan,0,0,not_evaluated,not_evaluated
3,1673,2026-08-21T17:12:20.013,1787303540.013241053,REACHED,map,base_link,4.324263,5.797424,2.755611,4.346780,5.976657,map,4.346780,5.976657,0.046616,-0.174524,0.180642,-1.309788,548,-1,-1,nan,0.000000,0.000000,0.000000,0.000000,,,off,policy_direct_scale,nan,nan,nan,nan,nan,nan,0,0,not_evaluated,not_evaluated
3,1674,2026-08-21T17:12:20.534,1787303540.534241676,REACHED,map,base_link,4.326266,5.800673,2.753531,4.346780,5.976657,map,4.346780,5.976657,0.047603,-0.170661,0.177176,-1.298777,548,-1,-1,nan,0.000000,0.000000,0.000000,0.000000,,,off,policy_direct_scale,nan,nan,nan,nan,nan,nan,0,0,not_evaluated,not_evaluated
3,1675,2026-08-21T17:12:21.053,1787303541.053903580,REACHED,map,base_link,4.329644,5.799186,2.752250,4.346780,5.976657,map,4.346780,5.976657,0.051511,-0.170693,0.178296,-1.277711,548,-1,-1,nan,0.000000,0.000000,0.000000,0.000000,,,off,policy_direct_scale,nan,nan,nan,nan,nan,nan,0,0,not_evaluated,not_evaluated
3,1676,2026-08-21T17:12:21.573,1787303541.573858261,REACHED,map,base_link,4.325013,5.802522,2.752529,4.346780,5.976657,map,4.346780,5.976657,0.045913,-0.169378,0.175490,-1.306087,548,-1,-1,nan,0.000000,0.000000,0.000000,0.000000,,,off,policy_direct_scale,nan,nan,nan,nan,nan,nan,0,0,not_evaluated,not_evaluated
3,1677,2026-08-21T17:12:22.093,1787303542.093636751,REACHED,map,base_link,4.325179,5.795347,2.753276,4.346780,5.976657,map,4.346780,5.976657,0.048656,-0.175990,0.182592,-1.301061,548,-1,-1,nan,0.000000,0.000000,0.000000,0.000000,,,off,policy_direct_scale,nan,nan,nan,nan,nan,nan,0,0,not_evaluated,not_evaluated
3,1678,2026-08-21T17:12:22.694,1787303542.694473505,REACHED,map,base_link,4.327222,5.795642,2.753668,4.346780,5.976657,map,4.346780,5.976657,0.050368,-0.174963,0.182068,-1.290499,548,-1,-1,nan,0.000000,0.000000,0.000000,0.000000,,,off,policy_direct_scale,nan,nan,nan,nan,nan,nan,0,0,not_evaluated,not_evaluated
3,1679,2026-08-21T17:12:23.253,1787303543.253937006,REACHED,map,base_link,4.323737,5.797420,2.753909,4.346780,5.976657,map,4.346780,5.976657,0.046426,-0.174647,0.180712,-1.310975,548,-1,-1,nan,0.000000,0.000000,0.000000,0.000000,,,off,policy_direct_scale,nan,nan,nan,nan,nan,nan,0,0,not_evaluated,not_evaluated
3,1680,2026-08-21T17:12:23.775,1787303543.775830746,REACHED,map,base_link,4.324325,5.796695,2.753036,4.346780,5.976657,map,4.346780,5.976657,0.047398,-0.175055,0.181358,-1.306376,548,-1,-1,nan,0.000000,0.000000,0.000000,0.000000,,,off,policy_direct_scale,nan,nan,nan,nan,nan,nan,0,0,not_evaluated,not_evaluated
3,1681,2026-08-21T17:12:24.293,1787303544.293536663,REACHED,map,base_link,4.324061,5.799783,2.758336,4.346780,5.976657,map,4.346780,5.976657,0.045070,-0.172537,0.178327,-1.315286,548,-1,-1,nan,0.000000,0.000000,0.000000,0.000000,,,off,policy_direct_scale,nan,nan,nan,nan,nan,nan,0,0,not_evaluated,not_evaluated
3,1682,2026-08-21T17:12:24.814,1787303544.814321518,REACHED,map,base_link,4.322647,5.797754,2.749409,4.346780,5.976657,map,4.346780,5.976657,0.046077,-0.174544,0.180524,-1.312697,548,-1,-1,nan,0.000000,0.000000,0.000000,0.000000,,,off,policy_direct_scale,nan,nan,nan,nan,nan,nan,0,0,not_evaluated,not_evaluated
3,1683,2026-08-21T17:12:25.333,1787303545.333788157,REACHED,map,base_link,4.325857,5.803345,2.752119,4.346780,5.976657,map,4.346780,5.976657,0.046451,-0.168277,0.174571,-1.301468,548,-1,-1,nan,0.000000,0.000000,0.000000,0.000000,,,off,policy_direct_scale,nan,nan,nan,nan,nan,nan,0,0,not_evaluated,not_evaluated
3,1684,2026-08-21T17:12:25.854,1787303545.854332209,REACHED,map,base_link,4.329116,5.796543,2.754841,4.346780,5.976657,map,4.346780,5.976657,0.051577,-0.173473,0.180978,-1.281801,548,-1,-1,nan,0.000000,0.000000,0.000000,0.000000,,,off,policy_direct_scale,nan,nan,nan,nan,nan,nan,0,0,not_evaluated,not_evaluated
3,1685,2026-08-21T17:12:26.373,1787303546.373068333,REACHED,map,base_link,4.326077,5.799474,2.754159,4.346780,5.976657,map,4.346780,5.976657,0.047774,-0.171872,0.178389,-1.299679,548,-1,-1,nan,0.000000,0.000000,0.000000,0.000000,,,off,policy_direct_scale,nan,nan,nan,nan,nan,nan,0,0,not_evaluated,not_evaluated
3,1686,2026-08-21T17:12:26.893,1787303546.893410683,REACHED,map,base_link,4.324153,5.797592,2.753959,4.346780,5.976657,map,4.346780,5.976657,0.046739,-0.174333,0.180489,-1.308856,548,-1,-1,nan,0.000000,0.000000,0.000000,0.000000,,,off,policy_direct_scale,nan,nan,nan,nan,nan,nan,0,0,not_evaluated,not_evaluated
3,1687,2026-08-21T17:12:27.454,1787303547.454080343,REACHED,map,base_link,4.326683,5.797529,2.755378,4.346780,5.976657,map,4.346780,5.976657,0.048858,-0.173504,0.180252,-1.296309,548,-1,-1,nan,0.000000,0.000000,0.000000,0.000000,,,off,policy_direct_scale,nan,nan,nan,nan,nan,nan,0,0,not_evaluated,not_evaluated
3,1688,2026-08-21T17:12:27.974,1787303547.974057436,REACHED,map,base_link,4.328908,5.800096,2.751847,4.346780,5.976657,map,4.346780,5.976657,0.050553,-0.170110,0.177463,-1.281930,548,-1,-1,nan,0.000000,0.000000,0.000000,0.000000,,,off,policy_direct_scale,nan,nan,nan,nan,nan,nan,0,0,not_evaluated,not_evaluated
3,1689,2026-08-21T17:12:28.493,1787303548.493347883,REACHED,map,base_link,4.322190,5.797279,2.753707,4.346780,5.976657,map,4.346780,5.976657,0.045083,-0.175353,0.181056,-1.319147,548,-1,-1,nan,0.000000,0.000000,0.000000,0.000000,,,off,policy_direct_scale,nan,nan,nan,nan,nan,nan,0,0,not_evaluated,not_evaluated
3,1690,2026-08-21T17:12:29.054,1787303549.054675817,REACHED,map,base_link,4.326270,5.798085,2.752936,4.346780,5.976657,map,4.346780,5.976657,0.048689,-0.173026,0.179746,-1.296493,548,-1,-1,nan,0.000000,0.000000,0.000000,0.000000,,,off,policy_direct_scale,nan,nan,nan,nan,nan,nan,0,0,not_evaluated,not_evaluated
3,1691,2026-08-21T17:12:29.573,1787303549.573176861,REACHED,map,base_link,4.325482,5.800832,2.755829,4.346780,5.976657,map,4.346780,5.976657,0.046424,-0.170918,0.177110,-1.305579,548,-1,-1,nan,0.000000,0.000000,0.000000,0.000000,,,off,policy_direct_scale,nan,nan,nan,nan,nan,nan,0,0,not_evaluated,not_evaluated
3,1692,2026-08-21T17:12:30.094,1787303550.094361544,REACHED,map,base_link,4.325804,5.797880,2.749977,4.346780,5.976657,map,4.346780,5.976657,0.048848,-0.173249,0.180003,-1.295978,548,-1,-1,nan,0.000000,0.000000,0.000000,0.000000,,,off,policy_direct_scale,nan,nan,nan,nan,nan,nan,0,0,not_evaluated,not_evaluated
3,1693,2026-08-21T17:12:30.653,1787303550.653358936,REACHED,map,base_link,4.329773,5.798494,2.753978,4.346780,5.976657,map,4.346780,5.976657,0.051597,-0.171374,0.178973,-1.278352,548,-1,-1,nan,0.000000,0.000000,0.000000,0.000000,,,off,policy_direct_scale,nan,nan,nan,nan,nan,nan,0,0,not_evaluated,not_evaluated
3,1694,2026-08-21T17:12:31.173,1787303551.173162699,REACHED,map,base_link,4.324149,5.795851,2.752755,4.346780,5.976657,map,4.346780,5.976657,0.047605,-0.175889,0.182217,-1.306476,548,-1,-1,nan,0.000000,0.000000,0.000000,0.000000,,,off,policy_direct_scale,nan,nan,nan,nan,nan,nan,0,0,not_evaluated,not_evaluated
3,1695,2026-08-21T17:12:31.693,1787303551.693659067,REACHED,map,base_link,4.323618,5.800258,2.755105,4.346780,5.976657,map,4.346780,5.976657,0.045037,-0.172118,0.177913,-1.314868,548,-1,-1,nan,0.000000,0.000000,0.000000,0.000000,,,off,policy_direct_scale,nan,nan,nan,nan,nan,nan,0,0,not_evaluated,not_evaluated
3,1696,2026-08-21T17:12:32.294,1787303552.293985605,REACHED,map,base_link,4.324543,5.798744,2.754858,4.346780,5.976657,map,4.346780,5.976657,0.046508,-0.173160,0.179297,-1.308404,548,-1,-1,nan,0.000000,0.000000,0.000000,0.000000,,,off,policy_direct_scale,nan,nan,nan,nan,nan,nan,0,0,not_evaluated,not_evaluated
3,1697,2026-08-21T17:12:32.853,1787303552.853587627,REACHED,map,base_link,4.325944,5.799650,2.752115,4.346780,5.976657,map,4.346780,5.976657,0.047935,-0.171662,0.178229,-1.298490,548,-1,-1,nan,0.000000,0.000000,0.000000,0.000000,,,off,policy_direct_scale,nan,nan,nan,nan,nan,nan,0,0,not_evaluated,not_evaluated
3,1698,2026-08-21T17:12:33.374,1787303553.374183178,REACHED,map,base_link,4.323530,5.794877,2.753943,4.346780,5.976657,map,4.346780,5.976657,0.047191,-0.177080,0.183260,-1.310356,548,-1,-1,nan,0.000000,0.000000,0.000000,0.000000,,,off,policy_direct_scale,nan,nan,nan,nan,nan,nan,0,0,not_evaluated,not_evaluated
3,1699,2026-08-21T17:12:33.893,1787303553.892979145,REACHED,map,base_link,4.324632,5.797123,2.752206,4.346780,5.976657,map,4.346780,5.976657,0.047665,-0.174502,0.180895,-1.304151,548,-1,-1,nan,0.000000,0.000000,0.000000,0.000000,,,off,policy_direct_scale,nan,nan,nan,nan,nan,nan,0,0,not_evaluated,not_evaluated
3,1700,2026-08-21T17:12:34.453,1787303554.453154087,REACHED,map,base_link,4.325365,5.798171,2.753961,4.346780,5.976657,map,4.346780,5.976657,0.047641,-0.173338,0.179766,-1.302573,548,-1,-1,nan,0.000000,0.000000,0.000000,0.000000,,,off,policy_direct_scale,nan,nan,nan,nan,nan,nan,0,0,not_evaluated,not_evaluated
3,1701,2026-08-21T17:12:34.974,1787303554.974079132,REACHED,map,base_link,4.320880,5.797693,2.754361,4.346780,5.976657,map,4.346780,5.976657,0.043599,-0.175494,0.180829,-1.327289,548,-1,-1,nan,0.000000,0.000000,0.000000,0.000000,,,off,policy_direct_scale,nan,nan,nan,nan,nan,nan,0,0,not_evaluated,not_evaluated
3,1702,2026-08-21T17:12:35.494,1787303555.494005442,REACHED,map,base_link,4.325641,5.795989,2.755678,4.346780,5.976657,map,4.346780,5.976657,0.048420,-0.175338,0.181901,-1.301357,548,-1,-1,nan,0.000000,0.000000,0.000000,0.000000,,,off,policy_direct_scale,nan,nan,nan,nan,nan,nan,0,0,not_evaluated,not_evaluated
3,1703,2026-08-21T17:12:36.093,1787303556.093539000,REACHED,map,base_link,4.320359,5.797160,2.755967,4.346780,5.976657,map,4.346780,5.976657,0.043035,-0.176253,0.181431,-1.331318,548,-1,-1,nan,0.000000,0.000000,0.000000,0.000000,,,off,policy_direct_scale,nan,nan,nan,nan,nan,nan,0,0,not_evaluated,not_evaluated
3,1704,2026-08-21T17:12:36.653,1787303556.653174400,REACHED,map,base_link,4.326985,5.799814,2.755037,4.346780,5.976657,map,4.346780,5.976657,0.048335,-0.171257,0.177947,-1.295713,548,-1,-1,nan,0.000000,0.000000,0.000000,0.000000,,,off,policy_direct_scale,nan,nan,nan,nan,nan,nan,0,0,not_evaluated,not_evaluated
3,1705,2026-08-21T17:12:37.173,1787303557.173120737,REACHED,map,base_link,4.320056,5.796667,2.754498,4.346780,5.976657,map,4.346780,5.976657,0.043200,-0.176761,0.181963,-1.331100,548,-1,-1,nan,0.000000,0.000000,0.000000,0.000000,,,off,policy_direct_scale,nan,nan,nan,nan,nan,nan,0,0,not_evaluated,not_evaluated
3,1706,2026-08-21T17:12:37.693,1787303557.693312168,REACHED,map,base_link,4.324905,5.799163,2.755040,4.346780,5.976657,map,4.346780,5.976657,0.046654,-0.172644,0.178837,-1.306868,548,-1,-1,nan,0.000000,0.000000,0.000000,0.000000,,,off,policy_direct_scale,nan,nan,nan,nan,nan,nan,0,0,not_evaluated,not_evaluated
3,1707,2026-08-21T17:12:38.214,1787303558.214120150,REACHED,map,base_link,4.328184,5.802320,2.755495,4.346780,5.976657,map,4.346780,5.976657,0.048424,-0.168506,0.175326,-1.290964,548,-1,-1,nan,0.000000,0.000000,0.000000,0.000000,,,off,policy_direct_scale,nan,nan,nan,nan,nan,nan,0,0,not_evaluated,not_evaluated
3,1708,2026-08-21T17:12:38.733,1787303558.733911514,REACHED,map,base_link,4.325873,5.794812,2.754673,4.346780,5.976657,map,4.346780,5.976657,0.049255,-0.176291,0.183043,-1.298346,548,-1,-1,nan,0.000000,0.000000,0.000000,0.000000,,,off,policy_direct_scale,nan,nan,nan,nan,nan,nan,0,0,not_evaluated,not_evaluated
3,1709,2026-08-21T17:12:39.253,1787303559.253201962,REACHED,map,base_link,4.322729,5.801330,2.756417,4.346780,5.976657,map,4.346780,5.976657,0.043586,-0.171518,0.176969,-1.321946,548,-1,-1,nan,0.000000,0.000000,0.000000,0.000000,,,off,policy_direct_scale,nan,nan,nan,nan,nan,nan,0,0,not_evaluated,not_evaluated
3,1710,2026-08-21T17:12:39.773,1787303559.773128986,REACHED,map,base_link,4.329241,5.800315,2.754863,4.346780,5.976657,map,4.346780,5.976657,0.050266,-0.169933,0.177212,-1.283200,548,-1,-1,nan,0.000000,0.000000,0.000000,0.000000,,,off,policy_direct_scale,nan,nan,nan,nan,nan,nan,0,0,not_evaluated,not_evaluated
3,1711,2026-08-21T17:12:40.294,1787303560.293988466,REACHED,map,base_link,4.326309,5.796042,2.751085,4.346780,5.976657,map,4.346780,5.976657,0.049823,-0.174810,0.181772,-1.293146,548,-1,-1,nan,0.000000,0.000000,0.000000,0.000000,,,off,policy_direct_scale,nan,nan,nan,nan,nan,nan,0,0,not_evaluated,not_evaluated
3,1712,2026-08-21T17:12:40.854,1787303560.854097843,REACHED,map,base_link,4.326329,5.803308,2.753544,4.346780,5.976657,map,4.346780,5.976657,0.046662,-0.168199,0.174552,-1.300180,548,-1,-1,nan,0.000000,0.000000,0.000000,0.000000,,,off,policy_direct_scale,nan,nan,nan,nan,nan,nan,0,0,not_evaluated,not_evaluated
3,1713,2026-08-21T17:12:41.375,1787303561.375164509,REACHED,map,base_link,4.320910,5.799479,2.754227,4.346780,5.976657,map,4.346780,5.976657,0.042976,-0.173823,0.179057,-1.328416,548,-1,-1,nan,0.000000,0.000000,0.000000,0.000000,,,off,policy_direct_scale,nan,nan,nan,nan,nan,nan,0,0,not_evaluated,not_evaluated
3,1714,2026-08-21T17:12:41.894,1787303561.894087553,REACHED,map,base_link,4.321731,5.800102,2.754575,4.346780,5.976657,map,4.346780,5.976657,0.043441,-0.172951,0.178324,-1.324715,548,-1,-1,nan,0.000000,0.000000,0.000000,0.000000,,,off,policy_direct_scale,nan,nan,nan,nan,nan,nan,0,0,not_evaluated,not_evaluated
3,1715,2026-08-21T17:12:42.493,1787303562.493559837,REACHED,map,base_link,4.325321,5.797539,2.755340,4.346780,5.976657,map,4.346780,5.976657,0.047599,-0.174005,0.180398,-1.303778,548,-1,-1,nan,0.000000,0.000000,0.000000,0.000000,,,off,policy_direct_scale,nan,nan,nan,nan,nan,nan,0,0,not_evaluated,not_evaluated
3,1716,2026-08-21T17:12:43.053,1787303563.053387880,REACHED,map,base_link,4.326981,5.798164,2.756355,4.346780,5.976657,map,4.346780,5.976657,0.048727,-0.172851,0.179588,-1.296028,548,-1,-1,nan,0.000000,0.000000,0.000000,0.000000,,,off,policy_direct_scale,nan,nan,nan,nan,nan,nan,0,0,not_evaluated,not_evaluated
3,1717,2026-08-21T17:12:43.573,1787303563.573060274,REACHED,map,base_link,4.324212,5.798496,2.756473,4.346780,5.976657,map,4.346780,5.976657,0.046015,-0.173589,0.179585,-1.311676,548,-1,-1,nan,0.000000,0.000000,0.000000,0.000000,,,off,policy_direct_scale,nan,nan,nan,nan,nan,nan,0,0,not_evaluated,not_evaluated
3,1718,2026-08-21T17:12:44.094,1787303564.094619989,REACHED,map,base_link,4.326915,5.797014,2.756526,4.346780,5.976657,map,4.346780,5.976657,0.049067,-0.173950,0.180738,-1.295862,548,-1,-1,nan,0.000000,0.000000,0.000000,0.000000,,,off,policy_direct_scale,nan,nan,nan,nan,nan,nan,0,0,not_evaluated,not_evaluated
3,1719,2026-08-21T17:12:44.652,1787303564.652962208,REACHED,map,base_link,4.319940,5.799652,2.755766,4.346780,5.976657,map,4.346780,5.976657,0.041744,-0.174094,0.179029,-1.335458,548,-1,-1,nan,0.000000,0.000000,0.000000,0.000000,,,off,policy_direct_scale,nan,nan,nan,nan,nan,nan,0,0,not_evaluated,not_evaluated
3,1720,2026-08-21T17:12:45.173,1787303565.173546076,REACHED,map,base_link,4.319888,5.795816,2.754561,4.346780,5.976657,map,4.346780,5.976657,0.043354,-0.177615,0.182830,-1.331387,548,-1,-1,nan,0.000000,0.000000,0.000000,0.000000,,,off,policy_direct_scale,nan,nan,nan,nan,nan,nan,0,0,not_evaluated,not_evaluated
3,1721,2026-08-21T17:12:45.693,1787303565.693898439,REACHED,map,base_link,4.324026,5.796055,2.756109,4.346780,5.976657,map,4.346780,5.976657,0.046823,-0.175905,0.182030,-1.310642,548,-1,-1,nan,0.000000,0.000000,0.000000,0.000000,,,off,policy_direct_scale,nan,nan,nan,nan,nan,nan,0,0,not_evaluated,not_evaluated
3,1722,2026-08-21T17:12:46.253,1787303566.253083467,REACHED,map,base_link,4.322654,5.800173,2.756163,4.346780,5.976657,map,4.346780,5.976657,0.043994,-0.172607,0.178125,-1.321228,548,-1,-1,nan,0.000000,0.000000,0.000000,0.000000,,,off,policy_direct_scale,nan,nan,nan,nan,nan,nan,0,0,not_evaluated,not_evaluated
3,1723,2026-08-21T17:12:46.773,1787303566.773494482,REACHED,map,base_link,4.325085,5.795396,2.755407,4.346780,5.976657,map,4.346780,5.976657,0.048176,-0.176083,0.182554,-1.303733,548,-1,-1,nan,0.000000,0.000000,0.000000,0.000000,,,off,policy_direct_scale,nan,nan,nan,nan,nan,nan,0,0,not_evaluated,not_evaluated
3,1724,2026-08-21T17:12:47.293,1787303567.293411493,REACHED,map,base_link,4.321488,5.798602,2.756235,4.346780,5.976657,map,4.346780,5.976657,0.043492,-0.174504,0.179842,-1.326539,548,-1,-1,nan,0.000000,0.000000,0.000000,0.000000,,,off,policy_direct_scale,nan,nan,nan,nan,nan,nan,0,0,not_evaluated,not_evaluated
3,1725,2026-08-21T17:12:47.853,1787303567.853529692,REACHED,map,base_link,4.321968,5.799541,2.754457,4.346780,5.976657,map,4.346780,5.976657,0.043892,-0.173376,0.178845,-1.322843,548,-1,-1,nan,0.000000,0.000000,0.000000,0.000000,,,off,policy_direct_scale,nan,nan,nan,nan,nan,nan,0,0,not_evaluated,not_evaluated
3,1726,2026-08-21T17:12:48.415,1787303568.415011644,REACHED,map,base_link,4.325795,5.798476,2.755255,4.346780,5.976657,map,4.346780,5.976657,0.047700,-0.172956,0.179413,-1.301693,548,-1,-1,nan,0.000000,0.000000,0.000000,0.000000,,,off,policy_direct_scale,nan,nan,nan,nan,nan,nan,0,0,not_evaluated,not_evaluated
3,1727,2026-08-21T17:12:48.933,1787303568.933463097,REACHED,map,base_link,4.323373,5.797627,2.755221,4.346780,5.976657,map,4.346780,5.976657,0.045782,-0.174653,0.180554,-1.314432,548,-1,-1,nan,0.000000,0.000000,0.000000,0.000000,,,off,policy_direct_scale,nan,nan,nan,nan,nan,nan,0,0,not_evaluated,not_evaluated
3,1728,2026-08-21T17:12:49.453,1787303569.453051567,REACHED,map,base_link,4.314737,5.799587,2.757040,4.346780,5.976657,map,4.346780,5.976657,0.036725,-0.176159,0.179946,-1.365266,548,-1,-1,nan,0.000000,0.000000,0.000000,0.000000,,,off,policy_direct_scale,nan,nan,nan,nan,nan,nan,0,0,not_evaluated,not_evaluated
3,1729,2026-08-21T17:12:50.015,1787303570.015422583,REACHED,map,base_link,4.324854,5.798609,2.755587,4.346780,5.976657,map,4.346780,5.976657,0.046721,-0.173202,0.179393,-1.307318,548,-1,-1,nan,0.000000,0.000000,0.000000,0.000000,,,off,policy_direct_scale,nan,nan,nan,nan,nan,nan,0,0,not_evaluated,not_evaluated
3,1730,2026-08-21T17:12:50.533,1787303570.533951998,REACHED,map,base_link,4.320818,5.799744,2.755580,4.346780,5.976657,map,4.346780,5.976657,0.042556,-0.173670,0.178807,-1.330494,548,-1,-1,nan,0.000000,0.000000,0.000000,0.000000,,,off,policy_direct_scale,nan,nan,nan,nan,nan,nan,0,0,not_evaluated,not_evaluated
3,1731,2026-08-21T17:12:51.054,1787303571.054346800,REACHED,map,base_link,4.322799,5.795743,2.757133,4.346780,5.976657,map,4.346780,5.976657,0.045623,-0.176702,0.182497,-1.318123,548,-1,-1,nan,0.000000,0.000000,0.000000,0.000000,,,off,policy_direct_scale,nan,nan,nan,nan,nan,nan,0,0,not_evaluated,not_evaluated
3,1732,2026-08-21T17:12:51.573,1787303571.573164463,REACHED,map,base_link,4.324757,5.802881,2.753739,4.346780,5.976657,map,4.346780,5.976657,0.045335,-0.169197,0.175166,-1.309004,548,-1,-1,nan,0.000000,0.000000,0.000000,0.000000,,,off,policy_direct_scale,nan,nan,nan,nan,nan,nan,0,0,not_evaluated,not_evaluated
3,1733,2026-08-21T17:12:52.096,1787303572.096184254,REACHED,map,base_link,4.320663,5.799642,2.753768,4.346780,5.976657,map,4.346780,5.976657,0.042765,-0.173746,0.178932,-1.329457,548,-1,-1,nan,0.000000,0.000000,0.000000,0.000000,,,off,policy_direct_scale,nan,nan,nan,nan,nan,nan,0,0,not_evaluated,not_evaluated
3,1734,2026-08-21T17:12:52.653,1787303572.653369904,REACHED,map,base_link,4.320774,5.798056,2.754539,4.346780,5.976657,map,4.346780,5.976657,0.043332,-0.175205,0.180484,-1.328338,548,-1,-1,nan,0.000000,0.000000,0.000000,0.000000,,,off,policy_direct_scale,nan,nan,nan,nan,nan,nan,0,0,not_evaluated,not_evaluated
3,1735,2026-08-21T17:12:53.213,1787303573.213370800,REACHED,map,base_link,4.320377,5.798524,2.755802,4.346780,5.976657,map,4.346780,5.976657,0.042568,-0.174975,0.180079,-1.332153,548,-1,-1,nan,0.000000,0.000000,0.000000,0.000000,,,off,policy_direct_scale,nan,nan,nan,nan,nan,nan,0,0,not_evaluated,not_evaluated
3,1736,2026-08-21T17:12:53.733,1787303573.733375072,REACHED,map,base_link,4.324922,5.798917,2.756999,4.346780,5.976657,map,4.346780,5.976657,0.046424,-0.172957,0.179079,-1.308565,548,-1,-1,nan,0.000000,0.000000,0.000000,0.000000,,,off,policy_direct_scale,nan,nan,nan,nan,nan,nan,0,0,not_evaluated,not_evaluated
3,1737,2026-08-21T17:12:54.253,1787303574.253013372,REACHED,map,base_link,4.319503,5.795987,2.755037,4.346780,5.976657,map,4.346780,5.976657,0.042848,-0.177622,0.182717,-1.334085,548,-1,-1,nan,0.000000,0.000000,0.000000,0.000000,,,off,policy_direct_scale,nan,nan,nan,nan,nan,nan,0,0,not_evaluated,not_evaluated
3,1738,2026-08-21T17:12:54.775,1787303574.774985552,REACHED,map,base_link,4.324096,5.802279,2.755170,4.346780,5.976657,map,4.346780,5.976657,0.044708,-0.170069,0.175847,-1.313730,548,-1,-1,nan,0.000000,0.000000,0.000000,0.000000,,,off,policy_direct_scale,nan,nan,nan,nan,nan,nan,0,0,not_evaluated,not_evaluated
3,1739,2026-08-21T17:12:55.293,1787303575.293258905,REACHED,map,base_link,4.323958,5.796454,2.755999,4.346780,5.976657,map,4.346780,5.976657,0.046630,-0.175555,0.181643,-1.311178,548,-1,-1,nan,0.000000,0.000000,0.000000,0.000000,,,off,policy_direct_scale,nan,nan,nan,nan,nan,nan,0,0,not_evaluated,not_evaluated
3,1740,2026-08-21T17:12:55.853,1787303575.853854418,REACHED,map,base_link,4.322248,5.800963,2.754051,4.346780,5.976657,map,4.346780,5.976657,0.043684,-0.171936,0.177399,-1.321989,548,-1,-1,nan,0.000000,0.000000,0.000000,0.000000,,,off,policy_direct_scale,nan,nan,nan,nan,nan,nan,0,0,not_evaluated,not_evaluated
3,1741,2026-08-21T17:12:56.413,1787303576.413398743,REACHED,map,base_link,4.323532,5.799304,2.753591,4.346780,5.976657,map,4.346780,5.976657,0.045579,-0.172965,0.178870,-1.313136,548,-1,-1,nan,0.000000,0.000000,0.000000,0.000000,,,off,policy_direct_scale,nan,nan,nan,nan,nan,nan,0,0,not_evaluated,not_evaluated
3,1742,2026-08-21T17:12:56.933,1787303576.933775663,REACHED,map,base_link,4.326162,5.795519,2.754544,4.346780,5.976657,map,4.346780,5.976657,0.049279,-0.175521,0.182307,-1.297083,548,-1,-1,nan,0.000000,0.000000,0.000000,0.000000,,,off,policy_direct_scale,nan,nan,nan,nan,nan,nan,0,0,not_evaluated,not_evaluated
3,1743,2026-08-21T17:12:57.454,1787303577.453970432,REACHED,map,base_link,4.322923,5.798462,2.753681,4.346780,5.976657,map,4.346780,5.976657,0.045319,-0.173979,0.179785,-1.315976,548,-1,-1,nan,0.000000,0.000000,0.000000,0.000000,,,off,policy_direct_scale,nan,nan,nan,nan,nan,nan,0,0,not_evaluated,not_evaluated
3,1744,2026-08-21T17:12:57.973,1787303577.973580360,REACHED,map,base_link,4.318786,5.801774,2.756000,4.346780,5.976657,map,4.346780,5.976657,0.039837,-0.172571,0.177109,-1.343929,548,-1,-1,nan,0.000000,0.000000,0.000000,0.000000,,,off,policy_direct_scale,nan,nan,nan,nan,nan,nan,0,0,not_evaluated,not_evaluated
3,1745,2026-08-21T17:12:58.494,1787303578.494180679,REACHED,map,base_link,4.324480,5.803983,2.752953,4.346780,5.976657,map,4.346780,5.976657,0.044795,-0.168247,0.174108,-1.310589,548,-1,-1,nan,0.000000,0.000000,0.000000,0.000000,,,off,policy_direct_scale,nan,nan,nan,nan,nan,nan,0,0,not_evaluated,not_evaluated
3,1746,2026-08-21T17:12:59.014,1787303579.014688730,REACHED,map,base_link,4.321310,5.803700,2.757427,4.346780,5.976657,map,4.346780,5.976657,0.041208,-0.169896,0.174822,-1.332841,548,-1,-1,nan,0.000000,0.000000,0.000000,0.000000,,,off,policy_direct_scale,nan,nan,nan,nan,nan,nan,0,0,not_evaluated,not_evaluated
3,1747,2026-08-21T17:12:59.532,1787303579.532927275,REACHED,map,base_link,4.322828,5.794905,2.756097,4.346780,5.976657,map,4.346780,5.976657,0.046147,-0.177420,0.183323,-1.316333,548,-1,-1,nan,0.000000,0.000000,0.000000,0.000000,,,off,policy_direct_scale,nan,nan,nan,nan,nan,nan,0,0,not_evaluated,not_evaluated
3,1748,2026-08-21T17:13:00.053,1787303580.053421021,REACHED,map,base_link,4.328506,5.800363,2.758077,4.346780,5.976657,map,4.346780,5.976657,0.049020,-0.170325,0.177238,-1.290567,548,-1,-1,nan,0.000000,0.000000,0.000000,0.000000,,,off,policy_direct_scale,nan,nan,nan,nan,nan,nan,0,0,not_evaluated,not_evaluated
3,1749,2026-08-21T17:13:00.613,1787303580.613508463,REACHED,map,base_link,4.332181,5.798777,2.755192,4.346780,5.976657,map,4.346780,5.976657,0.053513,-0.170267,0.178478,-1.266283,548,-1,-1,nan,0.000000,0.000000,0.000000,0.000000,,,off,policy_direct_scale,nan,nan,nan,nan,nan,nan,0,0,not_evaluated,not_evaluated
3,1750,2026-08-21T17:13:01.134,1787303581.134137154,REACHED,map,base_link,4.321340,5.797812,2.756043,4.346780,5.976657,map,4.346780,5.976657,0.043685,-0.175284,0.180646,-1.326546,548,-1,-1,nan,0.000000,0.000000,0.000000,0.000000,,,off,policy_direct_scale,nan,nan,nan,nan,nan,nan,0,0,not_evaluated,not_evaluated
3,1751,2026-08-21T17:13:01.654,1787303581.654064178,REACHED,map,base_link,4.322685,5.799560,2.752925,4.346780,5.976657,map,4.346780,5.976657,0.044815,-0.173019,0.178729,-1.317351,548,-1,-1,nan,0.000000,0.000000,0.000000,0.000000,,,off,policy_direct_scale,nan,nan,nan,nan,nan,nan,0,0,not_evaluated,not_evaluated
3,1752,2026-08-21T17:13:02.174,1787303582.173988819,REACHED,map,base_link,4.323178,5.799324,2.757509,4.346780,5.976657,map,4.346780,5.976657,0.044566,-0.173257,0.178897,-1.319030,548,-1,-1,nan,0.000000,0.000000,0.000000,0.000000,,,off,policy_direct_scale,nan,nan,nan,nan,nan,nan,0,0,not_evaluated,not_evaluated
3,1753,2026-08-21T17:13:02.693,1787303582.693211555,REACHED,map,base_link,4.321480,5.801404,2.753777,4.346780,5.976657,map,4.346780,5.976657,0.042854,-0.171806,0.177070,-1.326355,548,-1,-1,nan,0.000000,0.000000,0.000000,0.000000,,,off,policy_direct_scale,nan,nan,nan,nan,nan,nan,0,0,not_evaluated,not_evaluated
3,1754,2026-08-21T17:13:03.253,1787303583.253400326,REACHED,map,base_link,4.324156,5.797283,2.757926,4.346780,5.976657,map,4.346780,5.976657,0.046164,-0.174802,0.180795,-1.312595,548,-1,-1,nan,0.000000,0.000000,0.000000,0.000000,,,off,policy_direct_scale,nan,nan,nan,nan,nan,nan,0,0,not_evaluated,not_evaluated
3,1755,2026-08-21T17:13:03.773,1787303583.773324728,REACHED,map,base_link,4.321353,5.802149,2.756505,4.346780,5.976657,map,4.346780,5.976657,0.041987,-0.171279,0.176351,-1.330397,548,-1,-1,nan,0.000000,0.000000,0.000000,0.000000,,,off,policy_direct_scale,nan,nan,nan,nan,nan,nan,0,0,not_evaluated,not_evaluated
3,1756,2026-08-21T17:13:04.296,1787303584.296595335,REACHED,map,base_link,4.318822,5.795469,2.756910,4.346780,5.976657,map,4.346780,5.976657,0.042079,-0.178438,0.183333,-1.339211,548,-1,-1,nan,0.000000,0.000000,0.000000,0.000000,,,off,policy_direct_scale,nan,nan,nan,nan,nan,nan,0,0,not_evaluated,not_evaluated
3,1757,2026-08-21T17:13:04.852,1787303584.852913857,REACHED,map,base_link,4.321651,5.804089,2.755881,4.346780,5.976657,map,4.346780,5.976657,0.041641,-0.169344,0.174388,-1.329685,548,-1,-1,nan,0.000000,0.000000,0.000000,0.000000,,,off,policy_direct_scale,nan,nan,nan,nan,nan,nan,0,0,not_evaluated,not_evaluated
3,1758,2026-08-21T17:13:05.373,1787303585.373135328,REACHED,map,base_link,4.321348,5.796102,2.755243,4.346780,5.976657,map,4.346780,5.976657,0.044478,-0.176830,0.182337,-1.324379,548,-1,-1,nan,0.000000,0.000000,0.000000,0.000000,,,off,policy_direct_scale,nan,nan,nan,nan,nan,nan,0,0,not_evaluated,not_evaluated
3,1759,2026-08-21T17:13:05.894,1787303585.894185543,REACHED,map,base_link,4.324509,5.799914,2.754356,4.346780,5.976657,map,4.346780,5.976657,0.046122,-0.172066,0.178141,-1.308908,548,-1,-1,nan,0.000000,0.000000,0.000000,0.000000,,,off,policy_direct_scale,nan,nan,nan,nan,nan,nan,0,0,not_evaluated,not_evaluated
3,1760,2026-08-21T17:13:06.453,1787303586.453055620,REACHED,map,base_link,4.317548,5.798691,2.756370,4.346780,5.976657,map,4.346780,5.976657,0.039784,-0.175908,0.180351,-1.348376,548,-1,-1,nan,0.000000,0.000000,0.000000,0.000000,,,off,policy_direct_scale,nan,nan,nan,nan,nan,nan,0,0,not_evaluated,not_evaluated
3,1761,2026-08-21T17:13:06.973,1787303586.973634958,REACHED,map,base_link,4.317576,5.804120,2.753784,4.346780,5.976657,map,4.346780,5.976657,0.038212,-0.170768,0.174991,-1.350659,548,-1,-1,nan,0.000000,0.000000,0.000000,0.000000,,,off,policy_direct_scale,nan,nan,nan,nan,nan,nan,0,0,not_evaluated,not_evaluated
3,1762,2026-08-21T17:13:07.493,1787303587.493036509,REACHED,map,base_link,4.320969,5.800148,2.755925,4.346780,5.976657,map,4.346780,5.976657,0.042484,-0.173254,0.178387,-1.330331,548,-1,-1,nan,0.000000,0.000000,0.000000,0.000000,,,off,policy_direct_scale,nan,nan,nan,nan,nan,nan,0,0,not_evaluated,not_evaluated
3,1763,2026-08-21T17:13:08.093,1787303588.093149185,REACHED,map,base_link,4.325292,5.799032,2.758041,4.346780,5.976657,map,4.346780,5.976657,0.046543,-0.172760,0.178920,-1.307635,548,-1,-1,nan,0.000000,0.000000,0.000000,0.000000,,,off,policy_direct_scale,nan,nan,nan,nan,nan,nan,0,0,not_evaluated,not_evaluated
3,1764,2026-08-21T17:13:08.653,1787303588.653464317,REACHED,map,base_link,4.321682,5.796394,2.756734,4.346780,5.976657,map,4.346780,5.976657,0.044414,-0.176499,0.182002,-1.324275,548,-1,-1,nan,0.000000,0.000000,0.000000,0.000000,,,off,policy_direct_scale,nan,nan,nan,nan,nan,nan,0,0,not_evaluated,not_evaluated
3,1765,2026-08-21T17:13:09.173,1787303589.173197508,REACHED,map,base_link,4.321899,5.804732,2.754885,4.346780,5.976657,map,4.346780,5.976657,0.041797,-0.168613,0.173716,-1.327808,548,-1,-1,nan,0.000000,0.000000,0.000000,0.000000,,,off,policy_direct_scale,nan,nan,nan,nan,nan,nan,0,0,not_evaluated,not_evaluated
3,1766,2026-08-21T17:13:09.693,1787303589.693358660,REACHED,map,base_link,4.323695,5.802814,2.757989,4.346780,5.976657,map,4.346780,5.976657,0.043656,-0.169848,0.175369,-1.319210,548,-1,-1,nan,0.000000,0.000000,0.000000,0.000000,,,off,policy_direct_scale,nan,nan,nan,nan,nan,nan,0,0,not_evaluated,not_evaluated
3,1767,2026-08-21T17:13:10.253,1787303590.253916025,REACHED,map,base_link,4.319286,5.795080,2.753191,4.346780,5.976657,map,4.346780,5.976657,0.043319,-0.178464,0.183647,-1.332671,548,-1,-1,nan,0.000000,0.000000,0.000000,0.000000,,,off,policy_direct_scale,nan,nan,nan,nan,nan,nan,0,0,not_evaluated,not_evaluated
3,1768,2026-08-21T17:13:10.813,1787303590.813319683,REACHED,map,base_link,4.322655,5.799588,2.755907,4.346780,5.976657,map,4.346780,5.976657,0.044259,-0.173137,0.178705,-1.320526,548,-1,-1,nan,0.000000,0.000000,0.000000,0.000000,,,off,policy_direct_scale,nan,nan,nan,nan,nan,nan,0,0,not_evaluated,not_evaluated
3,1769,2026-08-21T17:13:11.333,1787303591.333366871,REACHED,map,base_link,4.326368,5.802962,2.754775,4.346780,5.976657,map,4.346780,5.976657,0.046622,-0.168561,0.174890,-1.300957,548,-1,-1,nan,0.000000,0.000000,0.000000,0.000000,,,off,policy_direct_scale,nan,nan,nan,nan,nan,nan,0,0,not_evaluated,not_evaluated
3,1770,2026-08-21T17:13:11.893,1787303591.892995596,REACHED,map,base_link,4.321533,5.800670,2.755433,4.346780,5.976657,map,4.346780,5.976657,0.042895,-0.172536,0.177788,-1.327123,548,-1,-1,nan,0.000000,0.000000,0.000000,0.000000,,,off,policy_direct_scale,nan,nan,nan,nan,nan,nan,0,0,not_evaluated,not_evaluated
3,1771,2026-08-21T17:13:12.454,1787303592.454821825,REACHED,map,base_link,4.317512,5.800597,2.754001,4.346780,5.976657,map,4.346780,5.976657,0.039446,-0.174062,0.178476,-1.347938,548,-1,-1,nan,0.000000,0.000000,0.000000,0.000000,,,off,policy_direct_scale,nan,nan,nan,nan,nan,nan,0,0,not_evaluated,not_evaluated
3,1772,2026-08-21T17:13:12.974,1787303592.974111795,REACHED,map,base_link,4.324348,5.798351,2.754993,4.346780,5.976657,map,4.346780,5.976657,0.046453,-0.173605,0.179712,-1.309343,548,-1,-1,nan,0.000000,0.000000,0.000000,0.000000,,,off,policy_direct_scale,nan,nan,nan,nan,nan,nan,0,0,not_evaluated,not_evaluated
3,1773,2026-08-21T17:13:13.494,1787303593.493977308,REACHED,map,base_link,4.321757,5.796607,2.756321,4.346780,5.976657,map,4.346780,5.976657,0.044476,-0.176255,0.181780,-1.323616,548,-1,-1,nan,0.000000,0.000000,0.000000,0.000000,,,off,policy_direct_scale,nan,nan,nan,nan,nan,nan,0,0,not_evaluated,not_evaluated
3,1774,2026-08-21T17:13:14.053,1787303594.053104401,REACHED,map,base_link,4.324424,5.800362,2.756833,4.346780,5.976657,map,4.346780,5.976657,0.045448,-0.171797,0.177707,-1.312176,548,-1,-1,nan,0.000000,0.000000,0.000000,0.000000,,,off,policy_direct_scale,nan,nan,nan,nan,nan,nan,0,0,not_evaluated,not_evaluated
3,1775,2026-08-21T17:13:14.576,1787303594.576076508,REACHED,map,base_link,4.313918,5.802450,2.756571,4.346780,5.976657,map,4.346780,5.976657,0.034972,-0.173795,0.177279,-1.372222,548,-1,-1,nan,0.000000,0.000000,0.000000,0.000000,,,off,policy_direct_scale,nan,nan,nan,nan,nan,nan,0,0,not_evaluated,not_evaluated
3,1776,2026-08-21T17:13:15.093,1787303595.093379021,REACHED,map,base_link,4.320614,5.799059,2.757278,4.346780,5.976657,map,4.346780,5.976657,0.042328,-0.174454,0.179516,-1.332764,548,-1,-1,nan,0.000000,0.000000,0.000000,0.000000,,,off,policy_direct_scale,nan,nan,nan,nan,nan,nan,0,0,not_evaluated,not_evaluated
3,1777,2026-08-21T17:13:15.653,1787303595.653265238,REACHED,map,base_link,4.322921,5.802868,2.754950,4.346780,5.976657,map,4.346780,5.976657,0.043435,-0.169956,0.175419,-1.320587,548,-1,-1,nan,0.000000,0.000000,0.000000,0.000000,,,off,policy_direct_scale,nan,nan,nan,nan,nan,nan,0,0,not_evaluated,not_evaluated
3,1778,2026-08-21T17:13:16.174,1787303596.174088717,REACHED,map,base_link,4.324310,5.800729,2.755030,4.346780,5.976657,map,4.346780,5.976657,0.045514,-0.171418,0.177357,-1.311269,548,-1,-1,nan,0.000000,0.000000,0.000000,0.000000,,,off,policy_direct_scale,nan,nan,nan,nan,nan,nan,0,0,not_evaluated,not_evaluated
3,1779,2026-08-21T17:13:16.693,1787303596.693619490,REACHED,map,base_link,4.316444,5.798806,2.756866,4.346780,5.976657,map,4.346780,5.976657,0.038630,-0.176236,0.180420,-1.355014,548,-1,-1,nan,0.000000,0.000000,0.000000,0.000000,,,off,policy_direct_scale,nan,nan,nan,nan,nan,nan,0,0,not_evaluated,not_evaluated
3,1780,2026-08-21T17:13:17.253,1787303597.253067970,REACHED,map,base_link,4.318250,5.795885,2.754539,4.346780,5.976657,map,4.346780,5.976657,0.041815,-0.178168,0.183009,-1.340272,548,-1,-1,nan,0.000000,0.000000,0.000000,0.000000,,,off,policy_direct_scale,nan,nan,nan,nan,nan,nan,0,0,not_evaluated,not_evaluated
3,1781,2026-08-21T17:13:17.773,1787303597.773407459,REACHED,map,base_link,4.322138,5.800516,2.754888,4.346780,5.976657,map,4.346780,5.976657,0.043607,-0.172428,0.177856,-1.323090,548,-1,-1,nan,0.000000,0.000000,0.000000,0.000000,,,off,policy_direct_scale,nan,nan,nan,nan,nan,nan,0,0,not_evaluated,not_evaluated
3,1782,2026-08-21T17:13:18.292,1787303598.292967796,REACHED,map,base_link,4.320437,5.800958,2.756341,4.346780,5.976657,map,4.346780,5.976657,0.041614,-0.172720,0.177663,-1.334371,548,-1,-1,nan,0.000000,0.000000,0.000000,0.000000,,,off,policy_direct_scale,nan,nan,nan,nan,nan,nan,0,0,not_evaluated,not_evaluated
3,1783,2026-08-21T17:13:18.854,1787303598.854065657,REACHED,map,base_link,4.322717,5.802079,2.753578,4.346780,5.976657,map,4.346780,5.976657,0.043778,-0.170704,0.176229,-1.319753,548,-1,-1,nan,0.000000,0.000000,0.000000,0.000000,,,off,policy_direct_scale,nan,nan,nan,nan,nan,nan,0,0,not_evaluated,not_evaluated
3,1784,2026-08-21T17:13:19.373,1787303599.373561144,REACHED,map,base_link,4.312113,5.797942,2.755988,4.346780,5.976657,map,4.346780,5.976657,0.035097,-0.178631,0.182046,-1.376791,548,-1,-1,nan,0.000000,0.000000,0.000000,0.000000,,,off,policy_direct_scale,nan,nan,nan,nan,nan,nan,0,0,not_evaluated,not_evaluated
3,1785,2026-08-21T17:13:19.892,1787303599.892972231,REACHED,map,base_link,4.321223,5.802115,2.755583,4.346780,5.976657,map,4.346780,5.976657,0.042037,-0.171321,0.176403,-1.330180,548,-1,-1,nan,0.000000,0.000000,0.000000,0.000000,,,off,policy_direct_scale,nan,nan,nan,nan,nan,nan,0,0,not_evaluated,not_evaluated
3,1786,2026-08-21T17:13:20.413,1787303600.413436890,REACHED,map,base_link,4.319057,5.799768,2.757111,4.346780,5.976657,map,4.346780,5.976657,0.040648,-0.174373,0.179048,-1.341778,548,-1,-1,nan,0.000000,0.000000,0.000000,0.000000,,,off,policy_direct_scale,nan,nan,nan,nan,nan,nan,0,0,not_evaluated,not_evaluated
3,1787,2026-08-21T17:13:20.934,1787303600.934314251,REACHED,map,base_link,4.320557,5.799215,2.758462,4.346780,5.976657,map,4.346780,5.976657,0.042011,-0.174380,0.179369,-1.334387,548,-1,-1,nan,0.000000,0.000000,0.000000,0.000000,,,off,policy_direct_scale,nan,nan,nan,nan,nan,nan,0,0,not_evaluated,not_evaluated
3,1788,2026-08-21T17:13:21.453,1787303601.453419685,REACHED,map,base_link,4.318107,5.801256,2.755681,4.346780,5.976657,map,4.346780,5.976657,0.039457,-0.173294,0.177729,-1.346922,548,-1,-1,nan,0.000000,0.000000,0.000000,0.000000,,,off,policy_direct_scale,nan,nan,nan,nan,nan,nan,0,0,not_evaluated,not_evaluated
3,1789,2026-08-21T17:13:21.973,1787303601.973132610,REACHED,map,base_link,4.319934,5.798805,2.755192,4.346780,5.976657,map,4.346780,5.976657,0.042158,-0.174856,0.179866,-1.334211,548,-1,-1,nan,0.000000,0.000000,0.000000,0.000000,,,off,policy_direct_scale,nan,nan,nan,nan,nan,nan,0,0,not_evaluated,not_evaluated
3,1790,2026-08-21T17:13:22.494,1787303602.494426966,REACHED,map,base_link,4.322253,5.797435,2.755629,4.346780,5.976657,map,4.346780,5.976657,0.044746,-0.175271,0.180892,-1.320841,548,-1,-1,nan,0.000000,0.000000,0.000000,0.000000,,,off,policy_direct_scale,nan,nan,nan,nan,nan,nan,0,0,not_evaluated,not_evaluated
3,1791,2026-08-21T17:13:23.052,1787303603.052944183,REACHED,map,base_link,4.320541,5.801465,2.756495,4.346780,5.976657,map,4.346780,5.976657,0.041494,-0.172218,0.177146,-1.334364,548,-1,-1,nan,0.000000,0.000000,0.000000,0.000000,,,off,policy_direct_scale,nan,nan,nan,nan,nan,nan,0,0,not_evaluated,not_evaluated
3,1792,2026-08-21T17:13:23.573,1787303603.573650837,REACHED,map,base_link,4.318929,5.806837,2.752691,4.346780,5.976657,map,4.346780,5.976657,0.038620,-0.167699,0.172088,-1.344449,548,-1,-1,nan,0.000000,0.000000,0.000000,0.000000,,,off,policy_direct_scale,nan,nan,nan,nan,nan,nan,0,0,not_evaluated,not_evaluated
3,1793,2026-08-21T17:13:24.094,1787303604.093982935,REACHED,map,base_link,4.321270,5.798680,2.759163,4.346780,5.976657,map,4.346780,5.976657,0.042750,-0.174640,0.179796,-1.330729,548,-1,-1,nan,0.000000,0.000000,0.000000,0.000000,,,off,policy_direct_scale,nan,nan,nan,nan,nan,nan,0,0,not_evaluated,not_evaluated
3,1794,2026-08-21T17:13:24.653,1787303604.653214216,REACHED,map,base_link,4.317245,5.800063,2.756211,4.346780,5.976657,map,4.346780,5.976657,0.039015,-0.174745,0.179047,-1.351132,548,-1,-1,nan,0.000000,0.000000,0.000000,0.000000,,,off,policy_direct_scale,nan,nan,nan,nan,nan,nan,0,0,not_evaluated,not_evaluated
3,1795,2026-08-21T17:13:25.173,1787303605.173059940,REACHED,map,base_link,4.324049,5.801709,2.754975,4.346780,5.976657,map,4.346780,5.976657,0.044912,-0.170606,0.176419,-1.313387,548,-1,-1,nan,0.000000,0.000000,0.000000,0.000000,,,off,policy_direct_scale,nan,nan,nan,nan,nan,nan,0,0,not_evaluated,not_evaluated
3,1796,2026-08-21T17:13:25.694,1787303605.694013119,REACHED,map,base_link,4.320892,5.796529,2.755576,4.346780,5.976657,map,4.346780,5.976657,0.043835,-0.176620,0.181978,-1.327522,548,-1,-1,nan,0.000000,0.000000,0.000000,0.000000,,,off,policy_direct_scale,nan,nan,nan,nan,nan,nan,0,0,not_evaluated,not_evaluated
3,1797,2026-08-21T17:13:26.214,1787303606.214063644,REACHED,map,base_link,4.317110,5.802144,2.755022,4.346780,5.976657,map,4.346780,5.976657,0.038313,-0.172821,0.177017,-1.352632,548,-1,-1,nan,0.000000,0.000000,0.000000,0.000000,,,off,policy_direct_scale,nan,nan,nan,nan,nan,nan,0,0,not_evaluated,not_evaluated
3,1798,2026-08-21T17:13:26.733,1787303606.733802319,REACHED,map,base_link,4.317641,5.798859,2.753818,4.346780,5.976657,map,4.346780,5.976657,0.040255,-0.175615,0.180170,-1.345466,548,-1,-1,nan,0.000000,0.000000,0.000000,0.000000,,,off,policy_direct_scale,nan,nan,nan,nan,nan,nan,0,0,not_evaluated,not_evaluated
3,1799,2026-08-21T17:13:27.253,1787303607.253633499,REACHED,map,base_link,4.322178,5.803773,2.754737,4.346780,5.976657,map,4.346780,5.976657,0.042442,-0.169390,0.174626,-1.325293,548,-1,-1,nan,0.000000,0.000000,0.000000,0.000000,,,off,policy_direct_scale,nan,nan,nan,nan,nan,nan,0,0,not_evaluated,not_evaluated
3,1800,2026-08-21T17:13:27.773,1787303607.773262978,REACHED,map,base_link,4.323002,5.799574,2.756194,4.346780,5.976657,map,4.346780,5.976657,0.044537,-0.173033,0.178672,-1.318876,548,-1,-1,nan,0.000000,0.000000,0.000000,0.000000,,,off,policy_direct_scale,nan,nan,nan,nan,nan,nan,0,0,not_evaluated,not_evaluated
3,1801,2026-08-21T17:13:28.294,1787303608.293977261,REACHED,map,base_link,4.319360,5.804542,2.754685,4.346780,5.976657,map,4.346780,5.976657,0.039550,-0.169739,0.174286,-1.341874,548,-1,-1,nan,0.000000,0.000000,0.000000,0.000000,,,off,policy_direct_scale,nan,nan,nan,nan,nan,nan,0,0,not_evaluated,not_evaluated
3,1802,2026-08-21T17:13:28.853,1787303608.853074312,REACHED,map,base_link,4.317547,5.801869,2.759074,4.346780,5.976657,map,4.346780,5.976657,0.038121,-0.173067,0.177215,-1.353991,548,-1,-1,nan,0.000000,0.000000,0.000000,0.000000,,,off,policy_direct_scale,nan,nan,nan,nan,nan,nan,0,0,not_evaluated,not_evaluated
3,1803,2026-08-21T17:13:29.413,1787303609.413276434,REACHED,map,base_link,4.320952,5.800220,2.756723,4.346780,5.976657,map,4.346780,5.976657,0.042303,-0.173227,0.178318,-1.331281,548,-1,-1,nan,0.000000,0.000000,0.000000,0.000000,,,off,policy_direct_scale,nan,nan,nan,nan,nan,nan,0,0,not_evaluated,not_evaluated
3,1804,2026-08-21T17:13:29.933,1787303609.933456182,REACHED,map,base_link,4.321068,5.803062,2.757167,4.346780,5.976657,map,4.346780,5.976657,0.041268,-0.170568,0.175489,-1.333416,548,-1,-1,nan,0.000000,0.000000,0.000000,0.000000,,,off,policy_direct_scale,nan,nan,nan,nan,nan,nan,0,0,not_evaluated,not_evaluated
3,1805,2026-08-21T17:13:30.453,1787303610.453440666,REACHED,map,base_link,4.323785,5.796836,2.755425,4.346780,5.976657,map,4.346780,5.976657,0.046426,-0.175240,0.181285,-1.311818,548,-1,-1,nan,0.000000,0.000000,0.000000,0.000000,,,off,policy_direct_scale,nan,nan,nan,nan,nan,nan,0,0,not_evaluated,not_evaluated
3,1806,2026-08-21T17:13:30.975,1787303610.974995852,REACHED,map,base_link,4.321090,5.806067,2.755082,4.346780,5.976657,map,4.346780,5.976657,0.040511,-0.167690,0.172514,-1.333755,548,-1,-1,nan,0.000000,0.000000,0.000000,0.000000,,,off,policy_direct_scale,nan,nan,nan,nan,nan,nan,0,0,not_evaluated,not_evaluated
3,1807,2026-08-21T17:13:31.493,1787303611.493263960,REACHED,map,base_link,4.321325,5.798509,2.755671,4.346780,5.976657,map,4.346780,5.976657,0.043474,-0.174627,0.179957,-1.326803,548,-1,-1,nan,0.000000,0.000000,0.000000,0.000000,,,off,policy_direct_scale,nan,nan,nan,nan,nan,nan,0,0,not_evaluated,not_evaluated
3,1808,2026-08-21T17:13:32.053,1787303612.052982330,REACHED,map,base_link,4.316211,5.798751,2.756981,4.346780,5.976657,map,4.346780,5.976657,0.038415,-0.176379,0.180513,-1.356347,548,-1,-1,nan,0.000000,0.000000,0.000000,0.000000,,,off,policy_direct_scale,nan,nan,nan,nan,nan,nan,0,0,not_evaluated,not_evaluated
3,1809,2026-08-21T17:13:32.573,1787303612.573291302,REACHED,map,base_link,4.323405,5.802017,2.756027,4.346780,5.976657,map,4.346780,5.976657,0.044020,-0.170610,0.176198,-1.318288,548,-1,-1,nan,0.000000,0.000000,0.000000,0.000000,,,off,policy_direct_scale,nan,nan,nan,nan,nan,nan,0,0,not_evaluated,not_evaluated
