family,method,seed,budget,distribution,rmse
affine,active,1001,18,declared,0.01749708105173127
affine,active,1001,18,forward_heavy,0.015101479233196002
affine,active,1001,18,left_heavy,0.02098278056395988
affine,active,1001,18,right_heavy,0.02013140933286834
affine,active,1001,18,broad_uniform,0.0641032838636808
affine,active,1001,24,declared,0.01043710447856983
affine,active,1001,24,forward_heavy,0.009159857129410644
affine,active,1001,24,left_heavy,0.012331053962714823
affine,active,1001,24,right_heavy,0.011856001671402163
affine,active,1001,24,broad_uniform,0.063482924495216
affine,active,1001,30,declared,0.009711415696498882
affine,active,1001,30,forward_heavy,0.008969566317332527
affine,active,1001,30,left_heavy,0.008765843484305693
affine,active,1001,30,right_heavy,0.012487542055880553
affine,active,1001,30,broad_uniform,0.039821790586730986
affine,active,1002,18,declared,0.019380037713334013
affine,active,1002,18,forward_heavy,0.020612711995548975
affine,active,1002,18,left_heavy,0.015935084048019476
affine,active,1002,18,right_heavy,0.018774249938388672
affine,active,1002,18,broad_uniform,0.04157322299628054
affine,active,1002,24,declared,0.01409429858764445
affine,active,1002,24,forward_heavy,0.013850054695478828
affine,active,1002,24,left_heavy,0.015906194068888563
affine,active,1002,24,right_heavy,0.012721033882825923
affine,active,1002,24,broad_uniform,0.03518037128300737
affine,active,1002,30,declared,0.011581390242612686
affine,active,1002,30,forward_heavy,0.011617749936331075
affine,active,1002,30,left_heavy,0.012204824741548994
affine,active,1002,30,right_heavy,0.010755962243441703
affine,active,1002,30,broad_uniform,0.02509082698602075
affine,active,1003,18,declared,0.012381841859516752
affine,active,1003,18,forward_heavy,0.010797017835109193
affine,active,1003,18,left_heavy,0.013800082592130624
affine,active,1003,18,right_heavy,0.015087620130480789
affine,active,1003,18,broad_uniform,0.06759369133803228
affine,active,1003,24,declared,0.012306033186140207
affine,active,1003,24,forward_heavy,0.0122303932835748
affine,active,1003,24,left_heavy,0.011783065882881678
affine,active,1003,24,right_heavy,0.01306277215829325
affine,active,1003,24,broad_uniform,0.05306982841985714
affine,active,1003,30,declared,0.011256405383216756
affine,active,1003,30,forward_heavy,0.011739444026468001
affine,active,1003,30,left_heavy,0.01095936444659206
affine,active,1003,30,right_heavy,0.0099645698761177
affine,active,1003,30,broad_uniform,0.02421253842878429
affine,active,1004,18,declared,0.01169006323346248
affine,active,1004,18,forward_heavy,0.011436468588337185
affine,active,1004,18,left_heavy,0.012477931891376323
affine,active,1004,18,right_heavy,0.011598862665561429
affine,active,1004,18,broad_uniform,0.053329212965991815
affine,active,1004,24,declared,0.015434965066166864
affine,active,1004,24,forward_heavy,0.014132138438857455
affine,active,1004,24,left_heavy,0.01283640070604656
affine,active,1004,24,right_heavy,0.020883090010066715
affine,active,1004,24,broad_uniform,0.05653551297483337
affine,active,1004,30,declared,0.013221930324165144
affine,active,1004,30,forward_heavy,0.012341121681354357
affine,active,1004,30,left_heavy,0.011013837379534538
affine,active,1004,30,right_heavy,0.01737113068774958
affine,active,1004,30,broad_uniform,0.030076967061873093
affine,active,1005,18,declared,0.0202208669143735
affine,active,1005,18,forward_heavy,0.019707960096762116
affine,active,1005,18,left_heavy,0.020981137118492765
affine,active,1005,18,right_heavy,0.020952018869673975
affine,active,1005,18,broad_uniform,0.048282065019386554
affine,active,1005,24,declared,0.011129239539331037
affine,active,1005,24,forward_heavy,0.01066000617321893
affine,active,1005,24,left_heavy,0.012457177292663452
affine,active,1005,24,right_heavy,0.011052441768930941
affine,active,1005,24,broad_uniform,0.030090009047950148
affine,active,1005,30,declared,0.012110225394026128
affine,active,1005,30,forward_heavy,0.011441701171958448
affine,active,1005,30,left_heavy,0.014018395438908019
affine,active,1005,30,right_heavy,0.011929022208706536
affine,active,1005,30,broad_uniform,0.024740219334400394
affine,active,1006,18,declared,0.02172390874876201
affine,active,1006,18,forward_heavy,0.0221500052699321
affine,active,1006,18,left_heavy,0.025049779094905533
affine,active,1006,18,right_heavy,0.015747012530137612
affine,active,1006,18,broad_uniform,0.03756104449606997
affine,active,1006,24,declared,0.015984559602194075
affine,active,1006,24,forward_heavy,0.016133734528049372
affine,active,1006,24,left_heavy,0.018319484906510364
affine,active,1006,24,right_heavy,0.012457424378655716
affine,active,1006,24,broad_uniform,0.039771668863851035
affine,active,1006,30,declared,0.009689156280625189
affine,active,1006,30,forward_heavy,0.009508309461012795
affine,active,1006,30,left_heavy,0.010540933519210684
affine,active,1006,30,right_heavy,0.009287843184073715
affine,active,1006,30,broad_uniform,0.030019612287803452
affine,active,1007,18,declared,0.022722020616527096
affine,active,1007,18,forward_heavy,0.023570086086358133
affine,active,1007,18,left_heavy,0.021444208756945506
affine,active,1007,18,right_heavy,0.021324388969870732
affine,active,1007,18,broad_uniform,0.06280294893598577
affine,active,1007,24,declared,0.023162076789801415
affine,active,1007,24,forward_heavy,0.02196362438202853
affine,active,1007,24,left_heavy,0.027045980186693918
affine,active,1007,24,right_heavy,0.02227507335685501
affine,active,1007,24,broad_uniform,0.0531268128746541
affine,active,1007,30,declared,0.014417713607011337
affine,active,1007,30,forward_heavy,0.01353696831059199
affine,active,1007,30,left_heavy,0.018384598458748704
affine,active,1007,30,right_heavy,0.012058596934137182
affine,active,1007,30,broad_uniform,0.037102772858828695
affine,active,1008,18,declared,0.018122174877141746
affine,active,1008,18,forward_heavy,0.017360018246657862
affine,active,1008,18,left_heavy,0.018044057810615972
affine,active,1008,18,right_heavy,0.02037915043627511
affine,active,1008,18,broad_uniform,0.054648894542896724
affine,active,1008,24,declared,0.010406454959761122
affine,active,1008,24,forward_heavy,0.009076396365518791
affine,active,1008,24,left_heavy,0.014043532372708665
affine,active,1008,24,right_heavy,0.00968480881851744
affine,active,1008,24,broad_uniform,0.0415017661468443
affine,active,1008,30,declared,0.009290675787757918
affine,active,1008,30,forward_heavy,0.008878540913666215
affine,active,1008,30,left_heavy,0.01136620081821297
affine,active,1008,30,right_heavy,0.007987536645619502
affine,active,1008,30,broad_uniform,0.033165303810544555
affine,active,1009,18,declared,0.014402266066959317
affine,active,1009,18,forward_heavy,0.01421632232939355
affine,active,1009,18,left_heavy,0.015287080517794727
affine,active,1009,18,right_heavy,0.01399657050279363
affine,active,1009,18,broad_uniform,0.05054326202875443
affine,active,1009,24,declared,0.013141964003712094
affine,active,1009,24,forward_heavy,0.013347661824078958
affine,active,1009,24,left_heavy,0.01230729821323074
affine,active,1009,24,right_heavy,0.013359375400797078
affine,active,1009,24,broad_uniform,0.05085563487814897
affine,active,1009,30,declared,0.011405876437225529
affine,active,1009,30,forward_heavy,0.011360503227818876
affine,active,1009,30,left_heavy,0.009856410031179997
affine,active,1009,30,right_heavy,0.012978748007689701
affine,active,1009,30,broad_uniform,0.04522697067932152
affine,active,1010,18,declared,0.015054149412974217
affine,active,1010,18,forward_heavy,0.015147126767997654
affine,active,1010,18,left_heavy,0.012786889197651481
affine,active,1010,18,right_heavy,0.016889766903742463
affine,active,1010,18,broad_uniform,0.03130459624796355
affine,active,1010,24,declared,0.011938145850374024
affine,active,1010,24,forward_heavy,0.012183564251136553
affine,active,1010,24,left_heavy,0.009403247402185094
affine,active,1010,24,right_heavy,0.013486110326762314
affine,active,1010,24,broad_uniform,0.03406881736688513
affine,active,1010,30,declared,0.008662782092749483
affine,active,1010,30,forward_heavy,0.008750251694248654
affine,active,1010,30,left_heavy,0.008466464011760887
affine,active,1010,30,right_heavy,0.00859692922071982
affine,active,1010,30,broad_uniform,0.029344391821628412
affine,active,1011,18,declared,0.015333819938137885
affine,active,1011,18,forward_heavy,0.015845980055937195
affine,active,1011,18,left_heavy,0.016454880036641435
affine,active,1011,18,right_heavy,0.012147892485545856
affine,active,1011,18,broad_uniform,0.056867378030626005
affine,active,1011,24,declared,0.014154376630220507
affine,active,1011,24,forward_heavy,0.013341161534923483
affine,active,1011,24,left_heavy,0.011262481757530498
affine,active,1011,24,right_heavy,0.018658072288056642
affine,active,1011,24,broad_uniform,0.047556987273453165
affine,active,1011,30,declared,0.009302871218623655
affine,active,1011,30,forward_heavy,0.00833646414230542
affine,active,1011,30,left_heavy,0.007179630529227316
affine,active,1011,30,right_heavy,0.013295016655307444
affine,active,1011,30,broad_uniform,0.030942589670139416
affine,active,1012,18,declared,0.017456405121417707
affine,active,1012,18,forward_heavy,0.01714543734876014
affine,active,1012,18,left_heavy,0.0195652745660147
affine,active,1012,18,right_heavy,0.015962565159149053
affine,active,1012,18,broad_uniform,0.05968406134769314
affine,active,1012,24,declared,0.013972716047049787
affine,active,1012,24,forward_heavy,0.013295883223144659
affine,active,1012,24,left_heavy,0.015654795742433832
affine,active,1012,24,right_heavy,0.0141178640105918
affine,active,1012,24,broad_uniform,0.04717534797339419
affine,active,1012,30,declared,0.010360793233474726
affine,active,1012,30,forward_heavy,0.008868411895397969
affine,active,1012,30,left_heavy,0.012845002482195491
affine,active,1012,30,right_heavy,0.011612669415020135
affine,active,1012,30,broad_uniform,0.028704829892323782
affine,active,1013,18,declared,0.02312092103466291
affine,active,1013,18,forward_heavy,0.023642051604310474
affine,active,1013,18,left_heavy,0.02557242936071626
affine,active,1013,18,right_heavy,0.018210626973479933
affine,active,1013,18,broad_uniform,0.049598570290604466
affine,active,1013,24,declared,0.019923202780513388
affine,active,1013,24,forward_heavy,0.020442475684314305
affine,active,1013,24,left_heavy,0.021401978858489573
affine,active,1013,24,right_heavy,0.01633148920734606
affine,active,1013,24,broad_uniform,0.052529959574035
affine,active,1013,30,declared,0.015099775551525484
affine,active,1013,30,forward_heavy,0.015483723352169545
affine,active,1013,30,left_heavy,0.016977674743168795
affine,active,1013,30,right_heavy,0.011283224837834487
affine,active,1013,30,broad_uniform,0.02759648126554906
affine,active,1014,18,declared,0.01892296413212061
affine,active,1014,18,forward_heavy,0.018165477332313808
affine,active,1014,18,left_heavy,0.020869040988518345
affine,active,1014,18,right_heavy,0.01904207875665726
affine,active,1014,18,broad_uniform,0.0394388417884785
affine,active,1014,24,declared,0.014255467331301872
affine,active,1014,24,forward_heavy,0.01387247436485662
affine,active,1014,24,left_heavy,0.016445296320383204
affine,active,1014,24,right_heavy,0.012841550780532035
affine,active,1014,24,broad_uniform,0.04523676571925485
affine,active,1014,30,declared,0.011368260316614986
affine,active,1014,30,forward_heavy,0.011415768029425682
affine,active,1014,30,left_heavy,0.011859680165729112
affine,active,1014,30,right_heavy,0.010663085470473942
affine,active,1014,30,broad_uniform,0.034173976861199766
affine,active,1015,18,declared,0.014820027372470491
affine,active,1015,18,forward_heavy,0.014189285695421919
affine,active,1015,18,left_heavy,0.013019438634387334
affine,active,1015,18,right_heavy,0.018162324501441698
affine,active,1015,18,broad_uniform,0.0596790101680929
affine,active,1015,24,declared,0.010614927751317279
affine,active,1015,24,forward_heavy,0.010052295979572044
affine,active,1015,24,left_heavy,0.010208469865396282
affine,active,1015,24,right_heavy,0.012560847462560344
affine,active,1015,24,broad_uniform,0.050266551943751674
affine,active,1015,30,declared,0.007967758148566687
affine,active,1015,30,forward_heavy,0.007157721789433102
affine,active,1015,30,left_heavy,0.008949761252374575
affine,active,1015,30,right_heavy,0.009152291202066917
affine,active,1015,30,broad_uniform,0.03145895689748638
affine,active,1016,18,declared,0.018772281891995687
affine,active,1016,18,forward_heavy,0.016502023099468136
affine,active,1016,18,left_heavy,0.024508347392489
affine,active,1016,18,right_heavy,0.01832823570540917
affine,active,1016,18,broad_uniform,0.04267529560016115
affine,active,1016,24,declared,0.012414116820572274
affine,active,1016,24,forward_heavy,0.010871950154931824
affine,active,1016,24,left_heavy,0.015611457188903081
affine,active,1016,24,right_heavy,0.013034417345197388
affine,active,1016,24,broad_uniform,0.02980913989942808
affine,active,1016,30,declared,0.01077706715108661
affine,active,1016,30,forward_heavy,0.009601304688621352
affine,active,1016,30,left_heavy,0.0136810007838803
affine,active,1016,30,right_heavy,0.010709235135596068
affine,active,1016,30,broad_uniform,0.030514287707474
affine,active,1017,18,declared,0.015597785256444908
affine,active,1017,18,forward_heavy,0.017507374209029692
affine,active,1017,18,left_heavy,0.011360874368139756
affine,active,1017,18,right_heavy,0.013002595795055468
affine,active,1017,18,broad_uniform,0.0478843845041957
affine,active,1017,24,declared,0.014582406699788797
affine,active,1017,24,forward_heavy,0.015983022660917074
affine,active,1017,24,left_heavy,0.011267116599424042
affine,active,1017,24,right_heavy,0.013087777375598525
affine,active,1017,24,broad_uniform,0.043263457718649624
affine,active,1017,30,declared,0.013194400573465827
affine,active,1017,30,forward_heavy,0.013656722629677844
affine,active,1017,30,left_heavy,0.009904868883634402
affine,active,1017,30,right_heavy,0.01471927838734298
affine,active,1017,30,broad_uniform,0.018086142378458448
affine,active,1018,18,declared,0.01961910510099788
affine,active,1018,18,forward_heavy,0.01660543977432825
affine,active,1018,18,left_heavy,0.0247964557695854
affine,active,1018,18,right_heavy,0.021867497712114978
affine,active,1018,18,broad_uniform,0.06146779665468103
affine,active,1018,24,declared,0.012712089196933812
affine,active,1018,24,forward_heavy,0.010847150408979588
affine,active,1018,24,left_heavy,0.015466579721449086
affine,active,1018,24,right_heavy,0.01466521034510634
affine,active,1018,24,broad_uniform,0.049697288611071457
affine,active,1018,30,declared,0.009151512750658427
affine,active,1018,30,forward_heavy,0.008149171347640864
affine,active,1018,30,left_heavy,0.010292828273437034
affine,active,1018,30,right_heavy,0.010670622591030788
affine,active,1018,30,broad_uniform,0.04010455551216452
affine,active,1019,18,declared,0.021248680251896645
affine,active,1019,18,forward_heavy,0.019569054592800547
affine,active,1019,18,left_heavy,0.017269809049899408
affine,active,1019,18,right_heavy,0.028769389658488475
affine,active,1019,18,broad_uniform,0.06849728083192666
affine,active,1019,24,declared,0.015299918048005234
affine,active,1019,24,forward_heavy,0.014597594626551304
affine,active,1019,24,left_heavy,0.01405271661747944
affine,active,1019,24,right_heavy,0.01839230437975157
affine,active,1019,24,broad_uniform,0.06533340357271131
affine,active,1019,30,declared,0.010391886676486578
affine,active,1019,30,forward_heavy,0.010328256560064347
affine,active,1019,30,left_heavy,0.010144212489802056
affine,active,1019,30,right_heavy,0.010840084463019694
affine,active,1019,30,broad_uniform,0.027243496093448855
affine,active,1020,18,declared,0.02405638552412475
affine,active,1020,18,forward_heavy,0.021236067111455058
affine,active,1020,18,left_heavy,0.02442073854608872
affine,active,1020,18,right_heavy,0.030920671361632734
affine,active,1020,18,broad_uniform,0.05120259070048409
affine,active,1020,24,declared,0.014253917732135083
affine,active,1020,24,forward_heavy,0.013812017289372574
affine,active,1020,24,left_heavy,0.015481785604946835
affine,active,1020,24,right_heavy,0.014236896459475729
affine,active,1020,24,broad_uniform,0.030295847086725388
affine,active,1020,30,declared,0.010321938572701354
affine,active,1020,30,forward_heavy,0.00985021023047072
affine,active,1020,30,left_heavy,0.008127939335258622
affine,active,1020,30,right_heavy,0.013388289018152102
affine,active,1020,30,broad_uniform,0.0247824531507715
affine,active_no_task,1001,18,declared,0.024659436960450806
affine,active_no_task,1001,18,forward_heavy,0.02572332512807262
affine,active_no_task,1001,18,left_heavy,0.023794378911949788
affine,active_no_task,1001,18,right_heavy,0.022057782715009182
affine,active_no_task,1001,18,broad_uniform,0.03235908545723555
affine,active_no_task,1001,24,declared,0.011655213488982108
affine,active_no_task,1001,24,forward_heavy,0.011242816463824634
affine,active_no_task,1001,24,left_heavy,0.010786756181811087
affine,active_no_task,1001,24,right_heavy,0.013635569232444227
affine,active_no_task,1001,24,broad_uniform,0.019358201067664095
affine,active_no_task,1001,30,declared,0.00932052859710476
affine,active_no_task,1001,30,forward_heavy,0.009572900443546018
affine,active_no_task,1001,30,left_heavy,0.008159306054763572
affine,active_no_task,1001,30,right_heavy,0.009681865519775455
affine,active_no_task,1001,30,broad_uniform,0.015561251932886823
affine,active_no_task,1002,18,declared,0.03672044551887024
affine,active_no_task,1002,18,forward_heavy,0.03626475824007229
affine,active_no_task,1002,18,left_heavy,0.03510524482501335
affine,active_no_task,1002,18,right_heavy,0.03969040915259122
affine,active_no_task,1002,18,broad_uniform,0.039206607403537715
affine,active_no_task,1002,24,declared,0.017522077798127245
affine,active_no_task,1002,24,forward_heavy,0.01785767662351266
affine,active_no_task,1002,24,left_heavy,0.015310794226726454
affine,active_no_task,1002,24,right_heavy,0.018645514453266704
affine,active_no_task,1002,24,broad_uniform,0.019989704628079825
affine,active_no_task,1002,30,declared,0.015557859663238404
affine,active_no_task,1002,30,forward_heavy,0.015862978047808184
affine,active_no_task,1002,30,left_heavy,0.015560790752487409
affine,active_no_task,1002,30,right_heavy,0.014567510626148599
affine,active_no_task,1002,30,broad_uniform,0.016522699308346277
affine,active_no_task,1003,18,declared,0.024013542955197014
affine,active_no_task,1003,18,forward_heavy,0.0224181221068021
affine,active_no_task,1003,18,left_heavy,0.02416287264024223
affine,active_no_task,1003,18,right_heavy,0.028262182018587836
affine,active_no_task,1003,18,broad_uniform,0.029955453817325846
affine,active_no_task,1003,24,declared,0.015724516734184322
affine,active_no_task,1003,24,forward_heavy,0.01401985528608789
affine,active_no_task,1003,24,left_heavy,0.015687638511032553
affine,active_no_task,1003,24,right_heavy,0.020143757477904416
affine,active_no_task,1003,24,broad_uniform,0.020253457571958653
affine,active_no_task,1003,30,declared,0.01523612650366937
affine,active_no_task,1003,30,forward_heavy,0.014068701007764889
affine,active_no_task,1003,30,left_heavy,0.016337894131671356
affine,active_no_task,1003,30,right_heavy,0.01735342196262539
affine,active_no_task,1003,30,broad_uniform,0.01622205451402177
affine,active_no_task,1004,18,declared,0.02908124281854197
affine,active_no_task,1004,18,forward_heavy,0.027980268316635994
affine,active_no_task,1004,18,left_heavy,0.027188797165449977
affine,active_no_task,1004,18,right_heavy,0.03397349661451153
affine,active_no_task,1004,18,broad_uniform,0.034671430413187765
affine,active_no_task,1004,24,declared,0.018955585909692773
affine,active_no_task,1004,24,forward_heavy,0.017668930269483536
affine,active_no_task,1004,24,left_heavy,0.015138746219001737
affine,active_no_task,1004,24,right_heavy,0.025383497994556747
affine,active_no_task,1004,24,broad_uniform,0.02475388557993028
affine,active_no_task,1004,30,declared,0.019766090872997334
affine,active_no_task,1004,30,forward_heavy,0.020962532083962804
affine,active_no_task,1004,30,left_heavy,0.016969793552144438
affine,active_no_task,1004,30,right_heavy,0.01868548126921872
affine,active_no_task,1004,30,broad_uniform,0.020623689167081717
affine,active_no_task,1005,18,declared,0.02816578810597717
affine,active_no_task,1005,18,forward_heavy,0.02689819283570408
affine,active_no_task,1005,18,left_heavy,0.03417060303043151
affine,active_no_task,1005,18,right_heavy,0.02470724981277879
affine,active_no_task,1005,18,broad_uniform,0.03417809890492393
affine,active_no_task,1005,24,declared,0.0157594991198938
affine,active_no_task,1005,24,forward_heavy,0.015741040099884685
affine,active_no_task,1005,24,left_heavy,0.016971271888564357
affine,active_no_task,1005,24,right_heavy,0.01441697345963378
affine,active_no_task,1005,24,broad_uniform,0.019042401889043676
affine,active_no_task,1005,30,declared,0.01713451308112399
affine,active_no_task,1005,30,forward_heavy,0.017211828309596004
affine,active_no_task,1005,30,left_heavy,0.017894169014073504
affine,active_no_task,1005,30,right_heavy,0.016030106799861266
affine,active_no_task,1005,30,broad_uniform,0.019549155162369217
affine,active_no_task,1006,18,declared,0.03828341527135196
affine,active_no_task,1006,18,forward_heavy,0.03517080004436477
affine,active_no_task,1006,18,left_heavy,0.043501106928760566
affine,active_no_task,1006,18,right_heavy,0.04146710490118559
affine,active_no_task,1006,18,broad_uniform,0.03773882936069755
affine,active_no_task,1006,24,declared,0.023353142370608728
affine,active_no_task,1006,24,forward_heavy,0.021190128320070827
affine,active_no_task,1006,24,left_heavy,0.02755575769296281
affine,active_no_task,1006,24,right_heavy,0.024818433629288487
affine,active_no_task,1006,24,broad_uniform,0.022910086327571275
affine,active_no_task,1006,30,declared,0.01834326237389919
affine,active_no_task,1006,30,forward_heavy,0.017492481247035205
affine,active_no_task,1006,30,left_heavy,0.019079404048350786
affine,active_no_task,1006,30,right_heavy,0.020041274999156044
affine,active_no_task,1006,30,broad_uniform,0.01882127624731193
affine,active_no_task,1007,18,declared,0.027496067623137426
affine,active_no_task,1007,18,forward_heavy,0.02902326338491113
affine,active_no_task,1007,18,left_heavy,0.02633884193175576
affine,active_no_task,1007,18,right_heavy,0.02355345668464086
affine,active_no_task,1007,18,broad_uniform,0.03110827724526724
affine,active_no_task,1007,24,declared,0.023411498046268003
affine,active_no_task,1007,24,forward_heavy,0.0227966869793808
affine,active_no_task,1007,24,left_heavy,0.027199918239501877
affine,active_no_task,1007,24,right_heavy,0.020776211986935775
affine,active_no_task,1007,24,broad_uniform,0.0249096345497279
affine,active_no_task,1007,30,declared,0.017464179056513245
affine,active_no_task,1007,30,forward_heavy,0.018406461791881747
affine,active_no_task,1007,30,left_heavy,0.015776715936076623
affine,active_no_task,1007,30,right_heavy,0.016124567240893322
affine,active_no_task,1007,30,broad_uniform,0.020684370445330943
affine,active_no_task,1008,18,declared,0.0214727085183819
affine,active_no_task,1008,18,forward_heavy,0.02181074055475668
affine,active_no_task,1008,18,left_heavy,0.021509667659449904
affine,active_no_task,1008,18,right_heavy,0.0203469676261083
affine,active_no_task,1008,18,broad_uniform,0.02787209736166073
affine,active_no_task,1008,24,declared,0.020338926082324495
affine,active_no_task,1008,24,forward_heavy,0.01982286500694067
affine,active_no_task,1008,24,left_heavy,0.023129022956716407
affine,active_no_task,1008,24,right_heavy,0.018669883504662
affine,active_no_task,1008,24,broad_uniform,0.024194624679160514
affine,active_no_task,1008,30,declared,0.015961780018223164
affine,active_no_task,1008,30,forward_heavy,0.01610726931204626
affine,active_no_task,1008,30,left_heavy,0.016976297224540377
affine,active_no_task,1008,30,right_heavy,0.014305731474856859
affine,active_no_task,1008,30,broad_uniform,0.01910766913714197
affine,active_no_task,1009,18,declared,0.037263224896282296
affine,active_no_task,1009,18,forward_heavy,0.03284134659613976
affine,active_no_task,1009,18,left_heavy,0.04272680406892531
affine,active_no_task,1009,18,right_heavy,0.04340293489598682
affine,active_no_task,1009,18,broad_uniform,0.03393852567696208
affine,active_no_task,1009,24,declared,0.016941360380037795
affine,active_no_task,1009,24,forward_heavy,0.01539882988431589
affine,active_no_task,1009,24,left_heavy,0.022960926383424556
affine,active_no_task,1009,24,right_heavy,0.013619052874925788
affine,active_no_task,1009,24,broad_uniform,0.020319421930411464
affine,active_no_task,1009,30,declared,0.02357989847998099
affine,active_no_task,1009,30,forward_heavy,0.022804625670914104
affine,active_no_task,1009,30,left_heavy,0.03043455422568601
affine,active_no_task,1009,30,right_heavy,0.016508443204498208
affine,active_no_task,1009,30,broad_uniform,0.020951561711704154
affine,active_no_task,1010,18,declared,0.01966812751638276
affine,active_no_task,1010,18,forward_heavy,0.018377407207390655
affine,active_no_task,1010,18,left_heavy,0.024537669875049625
affine,active_no_task,1010,18,right_heavy,0.017592238270910426
affine,active_no_task,1010,18,broad_uniform,0.02400572387035264
affine,active_no_task,1010,24,declared,0.020733267746550613
affine,active_no_task,1010,24,forward_heavy,0.021067891669325437
affine,active_no_task,1010,24,left_heavy,0.020797755983963044
affine,active_no_task,1010,24,right_heavy,0.019586316075798357
affine,active_no_task,1010,24,broad_uniform,0.018638398721851506
affine,active_no_task,1010,30,declared,0.01987764764881269
affine,active_no_task,1010,30,forward_heavy,0.02111601390129476
affine,active_no_task,1010,30,left_heavy,0.018500484977736674
affine,active_no_task,1010,30,right_heavy,0.017147782680873087
affine,active_no_task,1010,30,broad_uniform,0.01893600867260919
affine,active_no_task,1011,18,declared,0.03140525855699585
affine,active_no_task,1011,18,forward_heavy,0.029087012961821705
affine,active_no_task,1011,18,left_heavy,0.03736256695826782
affine,active_no_task,1011,18,right_heavy,0.03137182260051996
affine,active_no_task,1011,18,broad_uniform,0.031121813458248618
affine,active_no_task,1011,24,declared,0.018788651469312266
affine,active_no_task,1011,24,forward_heavy,0.017084208430968577
affine,active_no_task,1011,24,left_heavy,0.021225656705149185
affine,active_no_task,1011,24,right_heavy,0.02094344653021214
affine,active_no_task,1011,24,broad_uniform,0.02101895685352589
affine,active_no_task,1011,30,declared,0.012741282922195852
affine,active_no_task,1011,30,forward_heavy,0.013044176234413757
affine,active_no_task,1011,30,left_heavy,0.014611392276543692
affine,active_no_task,1011,30,right_heavy,0.009139965016983562
affine,active_no_task,1011,30,broad_uniform,0.01495459381317313
affine,active_no_task,1012,18,declared,0.024445813010021845
affine,active_no_task,1012,18,forward_heavy,0.023855676692918007
affine,active_no_task,1012,18,left_heavy,0.022022762948270425
affine,active_no_task,1012,18,right_heavy,0.028392665148970903
affine,active_no_task,1012,18,broad_uniform,0.029744592075813193
affine,active_no_task,1012,24,declared,0.018209091399030118
affine,active_no_task,1012,24,forward_heavy,0.015842936548082647
affine,active_no_task,1012,24,left_heavy,0.019797815333873304
affine,active_no_task,1012,24,right_heavy,0.02273913839803245
affine,active_no_task,1012,24,broad_uniform,0.018367009218318762
affine,active_no_task,1012,30,declared,0.01820004470382422
affine,active_no_task,1012,30,forward_heavy,0.0179802887914411
affine,active_no_task,1012,30,left_heavy,0.017719233198969092
affine,active_no_task,1012,30,right_heavy,0.01934760251180689
affine,active_no_task,1012,30,broad_uniform,0.018435772560087507
affine,active_no_task,1013,18,declared,0.028685903032896358
affine,active_no_task,1013,18,forward_heavy,0.02797132377293457
affine,active_no_task,1013,18,left_heavy,0.025358911061482022
affine,active_no_task,1013,18,right_heavy,0.03376832680607082
affine,active_no_task,1013,18,broad_uniform,0.03222253843293239
affine,active_no_task,1013,24,declared,0.023203779092971666
affine,active_no_task,1013,24,forward_heavy,0.022332134957939145
affine,active_no_task,1013,24,left_heavy,0.023719884953059534
affine,active_no_task,1013,24,right_heavy,0.02521292641085908
affine,active_no_task,1013,24,broad_uniform,0.023352765610483054
affine,active_no_task,1013,30,declared,0.026241822097690926
affine,active_no_task,1013,30,forward_heavy,0.024249867682435804
affine,active_no_task,1013,30,left_heavy,0.03296776205026925
affine,active_no_task,1013,30,right_heavy,0.02399408240555529
affine,active_no_task,1013,30,broad_uniform,0.02137074346697245
affine,active_no_task,1014,18,declared,0.02561114656414869
affine,active_no_task,1014,18,forward_heavy,0.02289774412505638
affine,active_no_task,1014,18,left_heavy,0.0333136590023597
affine,active_no_task,1014,18,right_heavy,0.024082445309049294
affine,active_no_task,1014,18,broad_uniform,0.02992000342925407
affine,active_no_task,1014,24,declared,0.014812407494416023
affine,active_no_task,1014,24,forward_heavy,0.015988004311007546
affine,active_no_task,1014,24,left_heavy,0.014018526867996742
affine,active_no_task,1014,24,right_heavy,0.011467963769567399
affine,active_no_task,1014,24,broad_uniform,0.020708570257259702
affine,active_no_task,1014,30,declared,0.01641492976160701
affine,active_no_task,1014,30,forward_heavy,0.01663180800172936
affine,active_no_task,1014,30,left_heavy,0.016774380612941852
affine,active_no_task,1014,30,right_heavy,0.015313086820180769
affine,active_no_task,1014,30,broad_uniform,0.01939944571222735
affine,active_no_task,1015,18,declared,0.03104192633146818
affine,active_no_task,1015,18,forward_heavy,0.0313609205877565
affine,active_no_task,1015,18,left_heavy,0.031643367365533324
affine,active_no_task,1015,18,right_heavy,0.029353563498179608
affine,active_no_task,1015,18,broad_uniform,0.03495807125684057
affine,active_no_task,1015,24,declared,0.019580717776413955
affine,active_no_task,1015,24,forward_heavy,0.020537818639079553
affine,active_no_task,1015,24,left_heavy,0.01730055828629244
affine,active_no_task,1015,24,right_heavy,0.018815557065839445
affine,active_no_task,1015,24,broad_uniform,0.023977143298540508
affine,active_no_task,1015,30,declared,0.01820146056828035
affine,active_no_task,1015,30,forward_heavy,0.019398084251645308
affine,active_no_task,1015,30,left_heavy,0.016267945688312396
affine,active_no_task,1015,30,right_heavy,0.01621239303831069
affine,active_no_task,1015,30,broad_uniform,0.01849992165093871
affine,active_no_task,1016,18,declared,0.03381041753432138
affine,active_no_task,1016,18,forward_heavy,0.03312485182834031
affine,active_no_task,1016,18,left_heavy,0.035049115670486415
affine,active_no_task,1016,18,right_heavy,0.03456122264404914
affine,active_no_task,1016,18,broad_uniform,0.030527062784853242
affine,active_no_task,1016,24,declared,0.025962612449193036
affine,active_no_task,1016,24,forward_heavy,0.02570027981760558
affine,active_no_task,1016,24,left_heavy,0.029890068112988003
affine,active_no_task,1016,24,right_heavy,0.021955822476112104
affine,active_no_task,1016,24,broad_uniform,0.02364543784292366
affine,active_no_task,1016,30,declared,0.019273524630589737
affine,active_no_task,1016,30,forward_heavy,0.01918336527183334
affine,active_no_task,1016,30,left_heavy,0.022671569128091325
affine,active_no_task,1016,30,right_heavy,0.015170846627216125
affine,active_no_task,1016,30,broad_uniform,0.02010769273721597
affine,active_no_task,1017,18,declared,0.032406665346774
affine,active_no_task,1017,18,forward_heavy,0.029808128624449225
affine,active_no_task,1017,18,left_heavy,0.04081968866869401
affine,active_no_task,1017,18,right_heavy,0.02990610544424589
affine,active_no_task,1017,18,broad_uniform,0.03242017940963653
affine,active_no_task,1017,24,declared,0.023470415998543437
affine,active_no_task,1017,24,forward_heavy,0.022436050211539244
affine,active_no_task,1017,24,left_heavy,0.028725673096032075
affine,active_no_task,1017,24,right_heavy,0.020136732027952808
affine,active_no_task,1017,24,broad_uniform,0.023057081657742663
affine,active_no_task,1017,30,declared,0.021224611362963035
affine,active_no_task,1017,30,forward_heavy,0.020203462312166746
affine,active_no_task,1017,30,left_heavy,0.026894453821426762
affine,active_no_task,1017,30,right_heavy,0.017047578171630228
affine,active_no_task,1017,30,broad_uniform,0.018905349932526322
affine,active_no_task,1018,18,declared,0.02321738851282202
affine,active_no_task,1018,18,forward_heavy,0.02230871852470101
affine,active_no_task,1018,18,left_heavy,0.027519009734192464
affine,active_no_task,1018,18,right_heavy,0.020844914829241428
affine,active_no_task,1018,18,broad_uniform,0.03687795165962566
affine,active_no_task,1018,24,declared,0.01335906344058269
affine,active_no_task,1018,24,forward_heavy,0.012465778013687295
affine,active_no_task,1018,24,left_heavy,0.012766545197832739
affine,active_no_task,1018,24,right_heavy,0.016325927730767235
affine,active_no_task,1018,24,broad_uniform,0.02154086411333617
affine,active_no_task,1018,30,declared,0.009855121867836852
affine,active_no_task,1018,30,forward_heavy,0.009504319759498689
affine,active_no_task,1018,30,left_heavy,0.012002227081970103
affine,active_no_task,1018,30,right_heavy,0.008253391707361096
affine,active_no_task,1018,30,broad_uniform,0.018728112564988367
affine,active_no_task,1019,18,declared,0.022031796312579923
affine,active_no_task,1019,18,forward_heavy,0.02038616955563932
affine,active_no_task,1019,18,left_heavy,0.029976954976803197
affine,active_no_task,1019,18,right_heavy,0.01615706596758238
affine,active_no_task,1019,18,broad_uniform,0.030874435346633353
affine,active_no_task,1019,24,declared,0.01681727324723592
affine,active_no_task,1019,24,forward_heavy,0.01506768047176469
affine,active_no_task,1019,24,left_heavy,0.018132635383868285
affine,active_no_task,1019,24,right_heavy,0.02016951701071817
affine,active_no_task,1019,24,broad_uniform,0.021519157987876486
affine,active_no_task,1019,30,declared,0.014179364968046226
affine,active_no_task,1019,30,forward_heavy,0.013720403133748284
affine,active_no_task,1019,30,left_heavy,0.013419490308690963
affine,active_no_task,1019,30,right_heavy,0.016221834024927273
affine,active_no_task,1019,30,broad_uniform,0.017037508720552277
affine,active_no_task,1020,18,declared,0.025071516888512634
affine,active_no_task,1020,18,forward_heavy,0.02439774124955478
affine,active_no_task,1020,18,left_heavy,0.029160475864509997
affine,active_no_task,1020,18,right_heavy,0.022257063496489867
affine,active_no_task,1020,18,broad_uniform,0.03160029980682213
affine,active_no_task,1020,24,declared,0.015980349229102388
affine,active_no_task,1020,24,forward_heavy,0.015980753101435402
affine,active_no_task,1020,24,left_heavy,0.013152645240112556
affine,active_no_task,1020,24,right_heavy,0.018526292512569063
affine,active_no_task,1020,24,broad_uniform,0.02117061997128047
affine,active_no_task,1020,30,declared,0.014415837971248487
affine,active_no_task,1020,30,forward_heavy,0.01559634699457955
affine,active_no_task,1020,30,left_heavy,0.0112685560540632
affine,active_no_task,1020,30,right_heavy,0.013570757781862532
affine,active_no_task,1020,30,broad_uniform,0.01714893257202581
affine,d_opt,1001,18,declared,0.020259467544066476
affine,d_opt,1001,18,forward_heavy,0.02027329350927616
affine,d_opt,1001,18,left_heavy,0.016117780714043815
affine,d_opt,1001,18,right_heavy,0.02386320816950319
affine,d_opt,1001,18,broad_uniform,0.023930911978279675
affine,d_opt,1001,24,declared,0.019583261562327918
affine,d_opt,1001,24,forward_heavy,0.01940803478602723
affine,d_opt,1001,24,left_heavy,0.01673146627355199
affine,d_opt,1001,24,right_heavy,0.022697771888211017
affine,d_opt,1001,24,broad_uniform,0.017754705427528505
affine,d_opt,1001,30,declared,0.01456428391356095
affine,d_opt,1001,30,forward_heavy,0.014111616137297172
affine,d_opt,1001,30,left_heavy,0.01462763746964611
affine,d_opt,1001,30,right_heavy,0.015824309408448572
affine,d_opt,1001,30,broad_uniform,0.013389092678937866
affine,d_opt,1002,18,declared,0.029138495555260758
affine,d_opt,1002,18,forward_heavy,0.02992584793700484
affine,d_opt,1002,18,left_heavy,0.030586925706890044
affine,d_opt,1002,18,right_heavy,0.02474887722344036
affine,d_opt,1002,18,broad_uniform,0.02712547222158258
affine,d_opt,1002,24,declared,0.016871967065398785
affine,d_opt,1002,24,forward_heavy,0.01842304346398644
affine,d_opt,1002,24,left_heavy,0.016366776223434444
affine,d_opt,1002,24,right_heavy,0.011522554684165593
affine,d_opt,1002,24,broad_uniform,0.017768009759737042
affine,d_opt,1002,30,declared,0.015492277699815371
affine,d_opt,1002,30,forward_heavy,0.016842775636539603
affine,d_opt,1002,30,left_heavy,0.012649312619265258
affine,d_opt,1002,30,right_heavy,0.013781095403017835
affine,d_opt,1002,30,broad_uniform,0.01659802136699652
affine,d_opt,1003,18,declared,0.018466369689753764
affine,d_opt,1003,18,forward_heavy,0.01852632782591823
affine,d_opt,1003,18,left_heavy,0.01716000067739713
affine,d_opt,1003,18,right_heavy,0.019590367122612667
affine,d_opt,1003,18,broad_uniform,0.027377065557925826
affine,d_opt,1003,24,declared,0.01465941354709537
affine,d_opt,1003,24,forward_heavy,0.015454061009136268
affine,d_opt,1003,24,left_heavy,0.011234710282825284
affine,d_opt,1003,24,right_heavy,0.015339069423126923
affine,d_opt,1003,24,broad_uniform,0.017004496651043848
affine,d_opt,1003,30,declared,0.013446981681968962
affine,d_opt,1003,30,forward_heavy,0.014347077698666945
affine,d_opt,1003,30,left_heavy,0.010164164294139601
affine,d_opt,1003,30,right_heavy,0.013635251005341959
affine,d_opt,1003,30,broad_uniform,0.014529733710707876
affine,d_opt,1004,18,declared,0.022478273387581852
affine,d_opt,1004,18,forward_heavy,0.02185228236264146
affine,d_opt,1004,18,left_heavy,0.023873361690398505
affine,d_opt,1004,18,right_heavy,0.022855152843371904
affine,d_opt,1004,18,broad_uniform,0.02742421394762793
affine,d_opt,1004,24,declared,0.022390816087076635
affine,d_opt,1004,24,forward_heavy,0.024170802661583533
affine,d_opt,1004,24,left_heavy,0.021092652459208557
affine,d_opt,1004,24,right_heavy,0.017449907509441445
affine,d_opt,1004,24,broad_uniform,0.0223680838162584
affine,d_opt,1004,30,declared,0.015865676051751126
affine,d_opt,1004,30,forward_heavy,0.015867098552899528
affine,d_opt,1004,30,left_heavy,0.01761633888829086
affine,d_opt,1004,30,right_heavy,0.013749240391342569
affine,d_opt,1004,30,broad_uniform,0.018755687021402467
affine,d_opt,1005,18,declared,0.026773038874042598
affine,d_opt,1005,18,forward_heavy,0.026223933892339905
affine,d_opt,1005,18,left_heavy,0.025509705500677868
affine,d_opt,1005,18,right_heavy,0.029623158945354243
affine,d_opt,1005,18,broad_uniform,0.02796445628017628
affine,d_opt,1005,24,declared,0.019814620578730353
affine,d_opt,1005,24,forward_heavy,0.01920703582012878
affine,d_opt,1005,24,left_heavy,0.019366199610227453
affine,d_opt,1005,24,right_heavy,0.022020561918869228
affine,d_opt,1005,24,broad_uniform,0.018291538272088296
affine,d_opt,1005,30,declared,0.02062033925825788
affine,d_opt,1005,30,forward_heavy,0.019511688506318226
affine,d_opt,1005,30,left_heavy,0.01964513266090187
affine,d_opt,1005,30,right_heavy,0.02459878590559983
affine,d_opt,1005,30,broad_uniform,0.015793475758293176
affine,d_opt,1006,18,declared,0.02477150340456366
affine,d_opt,1006,18,forward_heavy,0.022750210199182067
affine,d_opt,1006,18,left_heavy,0.02954040465910139
affine,d_opt,1006,18,right_heavy,0.025203831268782624
affine,d_opt,1006,18,broad_uniform,0.027460137420203132
affine,d_opt,1006,24,declared,0.018350899546075352
affine,d_opt,1006,24,forward_heavy,0.016807222079599584
affine,d_opt,1006,24,left_heavy,0.018182127353429316
affine,d_opt,1006,24,right_heavy,0.022620299473213576
affine,d_opt,1006,24,broad_uniform,0.017555969878128835
affine,d_opt,1006,30,declared,0.01744749896601076
affine,d_opt,1006,30,forward_heavy,0.017165287611363836
affine,d_opt,1006,30,left_heavy,0.015384685463119975
affine,d_opt,1006,30,right_heavy,0.020173566378879286
affine,d_opt,1006,30,broad_uniform,0.014625629563240785
affine,d_opt,1007,18,declared,0.02747571356960194
affine,d_opt,1007,18,forward_heavy,0.02847043604725988
affine,d_opt,1007,18,left_heavy,0.024156865825183324
affine,d_opt,1007,18,right_heavy,0.027660867789399073
affine,d_opt,1007,18,broad_uniform,0.025148167930726002
affine,d_opt,1007,24,declared,0.02706398431748357
affine,d_opt,1007,24,forward_heavy,0.02832429980263557
affine,d_opt,1007,24,left_heavy,0.02333411773495292
affine,d_opt,1007,24,right_heavy,0.02676730871111554
affine,d_opt,1007,24,broad_uniform,0.022866898322976188
affine,d_opt,1007,30,declared,0.02429762865646893
affine,d_opt,1007,30,forward_heavy,0.02403862586213641
affine,d_opt,1007,30,left_heavy,0.024905207480841192
affine,d_opt,1007,30,right_heavy,0.024439967808880983
affine,d_opt,1007,30,broad_uniform,0.021121816079336494
affine,d_opt,1008,18,declared,0.02019340112139374
affine,d_opt,1008,18,forward_heavy,0.02135896007828914
affine,d_opt,1008,18,left_heavy,0.01764073147105947
affine,d_opt,1008,18,right_heavy,0.018989153219469427
affine,d_opt,1008,18,broad_uniform,0.023336515500012013
affine,d_opt,1008,24,declared,0.013996663341443791
affine,d_opt,1008,24,forward_heavy,0.014335242126438032
affine,d_opt,1008,24,left_heavy,0.013581009727524565
affine,d_opt,1008,24,right_heavy,0.013355972021352523
affine,d_opt,1008,24,broad_uniform,0.018279585423346286
affine,d_opt,1008,30,declared,0.010736770813173677
affine,d_opt,1008,30,forward_heavy,0.010123011398112277
affine,d_opt,1008,30,left_heavy,0.012514019514858176
affine,d_opt,1008,30,right_heavy,0.01053104190826635
affine,d_opt,1008,30,broad_uniform,0.015541103579212318
affine,d_opt,1009,18,declared,0.0207480231705114
affine,d_opt,1009,18,forward_heavy,0.02064221977452604
affine,d_opt,1009,18,left_heavy,0.0198702448372147
affine,d_opt,1009,18,right_heavy,0.02195685910362521
affine,d_opt,1009,18,broad_uniform,0.03242803675226098
affine,d_opt,1009,24,declared,0.01430629245590714
affine,d_opt,1009,24,forward_heavy,0.014554362408890893
affine,d_opt,1009,24,left_heavy,0.013388436153191869
affine,d_opt,1009,24,right_heavy,0.014476997758095404
affine,d_opt,1009,24,broad_uniform,0.02152050057785364
affine,d_opt,1009,30,declared,0.013776070860002102
affine,d_opt,1009,30,forward_heavy,0.014676952125579172
affine,d_opt,1009,30,left_heavy,0.011994694632184744
affine,d_opt,1009,30,right_heavy,0.012619483230804912
affine,d_opt,1009,30,broad_uniform,0.02058222527805512
affine,d_opt,1010,18,declared,0.019634576088194692
affine,d_opt,1010,18,forward_heavy,0.017945211554029374
affine,d_opt,1010,18,left_heavy,0.017590185178164432
affine,d_opt,1010,18,right_heavy,0.025761066964849713
affine,d_opt,1010,18,broad_uniform,0.022420639153731558
affine,d_opt,1010,24,declared,0.014833283617024443
affine,d_opt,1010,24,forward_heavy,0.014554181820476773
affine,d_opt,1010,24,left_heavy,0.014361147968582217
affine,d_opt,1010,24,right_heavy,0.016129902409413102
affine,d_opt,1010,24,broad_uniform,0.01583311520654367
affine,d_opt,1010,30,declared,0.018242707758268698
affine,d_opt,1010,30,forward_heavy,0.017166701067340303
affine,d_opt,1010,30,left_heavy,0.01769350818050532
affine,d_opt,1010,30,right_heavy,0.021726358371909782
affine,d_opt,1010,30,broad_uniform,0.018560370789054606
affine,d_opt,1011,18,declared,0.021808564577720044
affine,d_opt,1011,18,forward_heavy,0.021377366496162908
affine,d_opt,1011,18,left_heavy,0.024594488741842356
affine,d_opt,1011,18,right_heavy,0.01988588728194056
affine,d_opt,1011,18,broad_uniform,0.02680691184832015
affine,d_opt,1011,24,declared,0.015283807792002902
affine,d_opt,1011,24,forward_heavy,0.014066355172885578
affine,d_opt,1011,24,left_heavy,0.018887852266145613
affine,d_opt,1011,24,right_heavy,0.014595643460047773
affine,d_opt,1011,24,broad_uniform,0.018103519955938608
affine,d_opt,1011,30,declared,0.012418951289168461
affine,d_opt,1011,30,forward_heavy,0.010547809048367452
affine,d_opt,1011,30,left_heavy,0.017166915068722168
affine,d_opt,1011,30,right_heavy,0.011732664434054291
affine,d_opt,1011,30,broad_uniform,0.0147038396769799
affine,d_opt,1012,18,declared,0.01840168599787242
affine,d_opt,1012,18,forward_heavy,0.018782448277351857
affine,d_opt,1012,18,left_heavy,0.01713627250664909
affine,d_opt,1012,18,right_heavy,0.01851175401606558
affine,d_opt,1012,18,broad_uniform,0.020796539715884632
affine,d_opt,1012,24,declared,0.02149746899219727
affine,d_opt,1012,24,forward_heavy,0.02302676477641891
affine,d_opt,1012,24,left_heavy,0.016328680332189108
affine,d_opt,1012,24,right_heavy,0.021436766364247496
affine,d_opt,1012,24,broad_uniform,0.020681657016676687
affine,d_opt,1012,30,declared,0.01429051805322983
affine,d_opt,1012,30,forward_heavy,0.01427323093148113
affine,d_opt,1012,30,left_heavy,0.013127977952193929
affine,d_opt,1012,30,right_heavy,0.015484139981861796
affine,d_opt,1012,30,broad_uniform,0.01738145723217699
affine,d_opt,1013,18,declared,0.02538149501542732
affine,d_opt,1013,18,forward_heavy,0.027874001755188567
affine,d_opt,1013,18,left_heavy,0.020601559673171482
affine,d_opt,1013,18,right_heavy,0.021609962703920654
affine,d_opt,1013,18,broad_uniform,0.027535185996104588
affine,d_opt,1013,24,declared,0.017369367298098622
affine,d_opt,1013,24,forward_heavy,0.018875499586868003
affine,d_opt,1013,24,left_heavy,0.010794789621638762
affine,d_opt,1013,24,right_heavy,0.018163876088959127
affine,d_opt,1013,24,broad_uniform,0.016871971333194784
affine,d_opt,1013,30,declared,0.014900875306235944
affine,d_opt,1013,30,forward_heavy,0.015908393282231256
affine,d_opt,1013,30,left_heavy,0.01030050482602823
affine,d_opt,1013,30,right_heavy,0.015793880981070256
affine,d_opt,1013,30,broad_uniform,0.01628001760466339
affine,d_opt,1014,18,declared,0.020101011044295937
affine,d_opt,1014,18,forward_heavy,0.01958593898352904
affine,d_opt,1014,18,left_heavy,0.017652932681016444
affine,d_opt,1014,18,right_heavy,0.02379214346111687
affine,d_opt,1014,18,broad_uniform,0.02381414247647732
affine,d_opt,1014,24,declared,0.01791604169635587
affine,d_opt,1014,24,forward_heavy,0.018621494374727963
affine,d_opt,1014,24,left_heavy,0.013275069929862944
affine,d_opt,1014,24,right_heavy,0.01988661335586323
affine,d_opt,1014,24,broad_uniform,0.017225117647720983
affine,d_opt,1014,30,declared,0.010331825246744865
affine,d_opt,1014,30,forward_heavy,0.009972471250345637
affine,d_opt,1014,30,left_heavy,0.009491402376999993
affine,d_opt,1014,30,right_heavy,0.012130683557307963
affine,d_opt,1014,30,broad_uniform,0.01519187983329109
affine,d_opt,1015,18,declared,0.024028750376196888
affine,d_opt,1015,18,forward_heavy,0.025141467832275072
affine,d_opt,1015,18,left_heavy,0.02460198455416498
affine,d_opt,1015,18,right_heavy,0.019440434679362364
affine,d_opt,1015,18,broad_uniform,0.02719997397275481
affine,d_opt,1015,24,declared,0.016625118139541293
affine,d_opt,1015,24,forward_heavy,0.017555404704517667
affine,d_opt,1015,24,left_heavy,0.015787337272506734
affine,d_opt,1015,24,right_heavy,0.014378306391526544
affine,d_opt,1015,24,broad_uniform,0.018104196731096957
affine,d_opt,1015,30,declared,0.013839302370551532
affine,d_opt,1015,30,forward_heavy,0.014834205813701777
affine,d_opt,1015,30,left_heavy,0.012593874046775339
affine,d_opt,1015,30,right_heavy,0.011754286673803698
affine,d_opt,1015,30,broad_uniform,0.016141640847559716
affine,d_opt,1016,18,declared,0.02815749239674332
affine,d_opt,1016,18,forward_heavy,0.03006309611846168
affine,d_opt,1016,18,left_heavy,0.0283187770312143
affine,d_opt,1016,18,right_heavy,0.020952190577965067
affine,d_opt,1016,18,broad_uniform,0.027057562240145685
affine,d_opt,1016,24,declared,0.016217515859012342
affine,d_opt,1016,24,forward_heavy,0.01624323476924847
affine,d_opt,1016,24,left_heavy,0.012988780915081665
affine,d_opt,1016,24,right_heavy,0.019000731210949372
affine,d_opt,1016,24,broad_uniform,0.016407380107271965
affine,d_opt,1016,30,declared,0.014426524270671818
affine,d_opt,1016,30,forward_heavy,0.014745442608963126
affine,d_opt,1016,30,left_heavy,0.010916193764730039
affine,d_opt,1016,30,right_heavy,0.016558418209366415
affine,d_opt,1016,30,broad_uniform,0.01323442469034357
affine,d_opt,1017,18,declared,0.01906026166263703
affine,d_opt,1017,18,forward_heavy,0.01947839707986757
affine,d_opt,1017,18,left_heavy,0.01909981637784338
affine,d_opt,1017,18,right_heavy,0.017655009748660452
affine,d_opt,1017,18,broad_uniform,0.026279638665925656
affine,d_opt,1017,24,declared,0.009135920837514912
affine,d_opt,1017,24,forward_heavy,0.008941665096594428
affine,d_opt,1017,24,left_heavy,0.010192373597854961
affine,d_opt,1017,24,right_heavy,0.00851890791003003
affine,d_opt,1017,24,broad_uniform,0.018268416443298272
affine,d_opt,1017,30,declared,0.008353080872046673
affine,d_opt,1017,30,forward_heavy,0.008331083268236476
affine,d_opt,1017,30,left_heavy,0.008560776771518864
affine,d_opt,1017,30,right_heavy,0.008195385947235307
affine,d_opt,1017,30,broad_uniform,0.01743172291862208
affine,d_opt,1018,18,declared,0.016027637511468185
affine,d_opt,1018,18,forward_heavy,0.015019456040782414
affine,d_opt,1018,18,left_heavy,0.01606569147234208
affine,d_opt,1018,18,right_heavy,0.018779572447313334
affine,d_opt,1018,18,broad_uniform,0.022786216589740328
affine,d_opt,1018,24,declared,0.014516073531372619
affine,d_opt,1018,24,forward_heavy,0.014235276074314693
affine,d_opt,1018,24,left_heavy,0.01526296186029151
affine,d_opt,1018,24,right_heavy,0.014561193053392854
affine,d_opt,1018,24,broad_uniform,0.017456048158870544
affine,d_opt,1018,30,declared,0.01549459453043418
affine,d_opt,1018,30,forward_heavy,0.015445745623277489
affine,d_opt,1018,30,left_heavy,0.014229398972894441
affine,d_opt,1018,30,right_heavy,0.016878794341367274
affine,d_opt,1018,30,broad_uniform,0.015270738556843048
affine,d_opt,1019,18,declared,0.025492837093240264
affine,d_opt,1019,18,forward_heavy,0.025237134897691554
affine,d_opt,1019,18,left_heavy,0.02294266674890901
affine,d_opt,1019,18,right_heavy,0.028668883934358725
affine,d_opt,1019,18,broad_uniform,0.030127699270801084
affine,d_opt,1019,24,declared,0.01446456176319302
affine,d_opt,1019,24,forward_heavy,0.014110412336143938
affine,d_opt,1019,24,left_heavy,0.011140976437278223
affine,d_opt,1019,24,right_heavy,0.01820467522137811
affine,d_opt,1019,24,broad_uniform,0.021346978523436512
affine,d_opt,1019,30,declared,0.014991690172466236
affine,d_opt,1019,30,forward_heavy,0.014140331999895856
affine,d_opt,1019,30,left_heavy,0.013731211325953585
affine,d_opt,1019,30,right_heavy,0.018447453929193634
affine,d_opt,1019,30,broad_uniform,0.01944371387070788
affine,d_opt,1020,18,declared,0.02515840692998375
affine,d_opt,1020,18,forward_heavy,0.025784789778977454
affine,d_opt,1020,18,left_heavy,0.021134035004955525
affine,d_opt,1020,18,right_heavy,0.02706900581827121
affine,d_opt,1020,18,broad_uniform,0.02868498469287593
affine,d_opt,1020,24,declared,0.012212216565292252
affine,d_opt,1020,24,forward_heavy,0.011782851210006147
affine,d_opt,1020,24,left_heavy,0.010685821148226611
affine,d_opt,1020,24,right_heavy,0.01477786871712184
affine,d_opt,1020,24,broad_uniform,0.017565370883569232
affine,d_opt,1020,30,declared,0.012197184564315594
affine,d_opt,1020,30,forward_heavy,0.012385099072194247
affine,d_opt,1020,30,left_heavy,0.0099224647872771
affine,d_opt,1020,30,right_heavy,0.01371589756210553
affine,d_opt,1020,30,broad_uniform,0.015565914687382972
affine,lhs,1001,18,declared,0.03732425029995039
affine,lhs,1001,18,forward_heavy,0.037771032389603484
affine,lhs,1001,18,left_heavy,0.035900974289736994
affine,lhs,1001,18,right_heavy,0.03741956298746211
affine,lhs,1001,18,broad_uniform,0.05020343273873377
affine,lhs,1001,24,declared,0.023720499951571057
affine,lhs,1001,24,forward_heavy,0.02330818270674565
affine,lhs,1001,24,left_heavy,0.02122387567435397
affine,lhs,1001,24,right_heavy,0.027249337138661116
affine,lhs,1001,24,broad_uniform,0.027999925139568983
affine,lhs,1001,30,declared,0.020385455338477278
affine,lhs,1001,30,forward_heavy,0.017693184094941816
affine,lhs,1001,30,left_heavy,0.022188528080327362
affine,lhs,1001,30,right_heavy,0.025527589479070106
affine,lhs,1001,30,broad_uniform,0.023508202899974063
affine,lhs,1002,18,declared,0.035348238147456655
affine,lhs,1002,18,forward_heavy,0.03736791536115713
affine,lhs,1002,18,left_heavy,0.032044385941735996
affine,lhs,1002,18,right_heavy,0.032117134564564186
affine,lhs,1002,18,broad_uniform,0.04240255370850089
affine,lhs,1002,24,declared,0.038286095515748665
affine,lhs,1002,24,forward_heavy,0.04009642714134885
affine,lhs,1002,24,left_heavy,0.034624173274242206
affine,lhs,1002,24,right_heavy,0.03620139037470848
affine,lhs,1002,24,broad_uniform,0.04646157062156551
affine,lhs,1002,30,declared,0.022907759369273622
affine,lhs,1002,30,forward_heavy,0.023946735460530878
affine,lhs,1002,30,left_heavy,0.020574652617342225
affine,lhs,1002,30,right_heavy,0.021954605023473968
affine,lhs,1002,30,broad_uniform,0.026977896954985474
affine,lhs,1003,18,declared,0.02511727411510581
affine,lhs,1003,18,forward_heavy,0.02601279908179545
affine,lhs,1003,18,left_heavy,0.02113289031255077
affine,lhs,1003,18,right_heavy,0.0261812990933323
affine,lhs,1003,18,broad_uniform,0.033831815469795475
affine,lhs,1003,24,declared,0.02214315663711151
affine,lhs,1003,24,forward_heavy,0.02194613709013891
affine,lhs,1003,24,left_heavy,0.021452835423271713
affine,lhs,1003,24,right_heavy,0.023438690895833558
affine,lhs,1003,24,broad_uniform,0.025268666907640007
affine,lhs,1003,30,declared,0.021308035882939728
affine,lhs,1003,30,forward_heavy,0.02114312264088454
affine,lhs,1003,30,left_heavy,0.022043537596358846
affine,lhs,1003,30,right_heavy,0.021017341720369842
affine,lhs,1003,30,broad_uniform,0.023818952566207117
affine,lhs,1004,18,declared,0.023411742711856028
affine,lhs,1004,18,forward_heavy,0.02417471869406489
affine,lhs,1004,18,left_heavy,0.02178486324751098
affine,lhs,1004,18,right_heavy,0.02267026416743107
affine,lhs,1004,18,broad_uniform,0.04294193848398156
affine,lhs,1004,24,declared,0.02489854630858952
affine,lhs,1004,24,forward_heavy,0.022503953433086994
affine,lhs,1004,24,left_heavy,0.028022291370615637
affine,lhs,1004,24,right_heavy,0.02820727358333109
affine,lhs,1004,24,broad_uniform,0.028965525620765296
affine,lhs,1004,30,declared,0.021849823063348154
affine,lhs,1004,30,forward_heavy,0.020133517440816776
affine,lhs,1004,30,left_heavy,0.025236648980526133
affine,lhs,1004,30,right_heavy,0.023038549132833097
affine,lhs,1004,30,broad_uniform,0.02157250833791784
affine,lhs,1005,18,declared,0.04028100101636316
affine,lhs,1005,18,forward_heavy,0.04115112356307972
affine,lhs,1005,18,left_heavy,0.038449709084298345
affine,lhs,1005,18,right_heavy,0.03945382091891023
affine,lhs,1005,18,broad_uniform,0.08911695834284036
affine,lhs,1005,24,declared,0.022984943736259447
affine,lhs,1005,24,forward_heavy,0.025066967206393797
affine,lhs,1005,24,left_heavy,0.01845294812372889
affine,lhs,1005,24,right_heavy,0.020453582220185135
affine,lhs,1005,24,broad_uniform,0.04126838718916063
affine,lhs,1005,30,declared,0.02170178175454116
affine,lhs,1005,30,forward_heavy,0.024106975245971028
affine,lhs,1005,30,left_heavy,0.017103914762605768
affine,lhs,1005,30,right_heavy,0.017876680560439482
affine,lhs,1005,30,broad_uniform,0.04506123715141107
affine,lhs,1006,18,declared,0.03310488694865241
affine,lhs,1006,18,forward_heavy,0.031754196481579455
affine,lhs,1006,18,left_heavy,0.034919108676182656
affine,lhs,1006,18,right_heavy,0.035156759200924405
affine,lhs,1006,18,broad_uniform,0.041600416443680045
affine,lhs,1006,24,declared,0.0286104614641768
affine,lhs,1006,24,forward_heavy,0.027810208980116068
affine,lhs,1006,24,left_heavy,0.024154934312279
affine,lhs,1006,24,right_heavy,0.034776964317364885
affine,lhs,1006,24,broad_uniform,0.030824982377377005
affine,lhs,1006,30,declared,0.026639850502122395
affine,lhs,1006,30,forward_heavy,0.026106552483585264
affine,lhs,1006,30,left_heavy,0.0232771820392982
affine,lhs,1006,30,right_heavy,0.031241332103949263
affine,lhs,1006,30,broad_uniform,0.022736100916593758
affine,lhs,1007,18,declared,0.03532476352768079
affine,lhs,1007,18,forward_heavy,0.033287250648091536
affine,lhs,1007,18,left_heavy,0.031747260045219605
affine,lhs,1007,18,right_heavy,0.044016731982352356
affine,lhs,1007,18,broad_uniform,0.048633047753708275
affine,lhs,1007,24,declared,0.017292080867663772
affine,lhs,1007,24,forward_heavy,0.01740246998177826
affine,lhs,1007,24,left_heavy,0.01772921388414786
affine,lhs,1007,24,right_heavy,0.01645609446451303
affine,lhs,1007,24,broad_uniform,0.03810037218129289
affine,lhs,1007,30,declared,0.013964193741708165
affine,lhs,1007,30,forward_heavy,0.014692708048689777
affine,lhs,1007,30,left_heavy,0.012756216940456493
affine,lhs,1007,30,right_heavy,0.01283276256180654
affine,lhs,1007,30,broad_uniform,0.038290297980994134
affine,lhs,1008,18,declared,0.02429179479051844
affine,lhs,1008,18,forward_heavy,0.026842055055835482
affine,lhs,1008,18,left_heavy,0.017508091232022273
affine,lhs,1008,18,right_heavy,0.022093734792814915
affine,lhs,1008,18,broad_uniform,0.044421892452813035
affine,lhs,1008,24,declared,0.023731606502019425
affine,lhs,1008,24,forward_heavy,0.02473387239507939
affine,lhs,1008,24,left_heavy,0.019112418156169795
affine,lhs,1008,24,right_heavy,0.024973290935865734
affine,lhs,1008,24,broad_uniform,0.03639129222295496
affine,lhs,1008,30,declared,0.015226326598708376
affine,lhs,1008,30,forward_heavy,0.014733395535541486
affine,lhs,1008,30,left_heavy,0.014442252169640483
affine,lhs,1008,30,right_heavy,0.017391602546382962
affine,lhs,1008,30,broad_uniform,0.027344641057311932
affine,lhs,1009,18,declared,0.03548668544128059
affine,lhs,1009,18,forward_heavy,0.031187816162472036
affine,lhs,1009,18,left_heavy,0.04554973134456457
affine,lhs,1009,18,right_heavy,0.035753608847715154
affine,lhs,1009,18,broad_uniform,0.039364265774637135
affine,lhs,1009,24,declared,0.02889854638707324
affine,lhs,1009,24,forward_heavy,0.026983459555438925
affine,lhs,1009,24,left_heavy,0.037519819720961856
affine,lhs,1009,24,right_heavy,0.023582851199033063
affine,lhs,1009,24,broad_uniform,0.03366728282325367
affine,lhs,1009,30,declared,0.016878792771088683
affine,lhs,1009,30,forward_heavy,0.0155509876346307
affine,lhs,1009,30,left_heavy,0.018828788979436767
affine,lhs,1009,30,right_heavy,0.018551821045114374
affine,lhs,1009,30,broad_uniform,0.02814682486632029
affine,lhs,1010,18,declared,0.02051018987665591
affine,lhs,1010,18,forward_heavy,0.022158620883448374
affine,lhs,1010,18,left_heavy,0.018331149223602048
affine,lhs,1010,18,right_heavy,0.017111322058844927
affine,lhs,1010,18,broad_uniform,0.03898066509220362
affine,lhs,1010,24,declared,0.022187672273905727
affine,lhs,1010,24,forward_heavy,0.024396955503106242
affine,lhs,1010,24,left_heavy,0.01796738370618148
affine,lhs,1010,24,right_heavy,0.018811281833419635
affine,lhs,1010,24,broad_uniform,0.028564644284724484
affine,lhs,1010,30,declared,0.02183210801496946
affine,lhs,1010,30,forward_heavy,0.022765488845280193
affine,lhs,1010,30,left_heavy,0.022011774112006798
affine,lhs,1010,30,right_heavy,0.018415178782387066
affine,lhs,1010,30,broad_uniform,0.027136026529769233
affine,lhs,1011,18,declared,0.025860035684482467
affine,lhs,1011,18,forward_heavy,0.027272354991506053
affine,lhs,1011,18,left_heavy,0.020493396998590166
affine,lhs,1011,18,right_heavy,0.026483768353024902
affine,lhs,1011,18,broad_uniform,0.054227058840792194
affine,lhs,1011,24,declared,0.021408914715119593
affine,lhs,1011,24,forward_heavy,0.021796384912242086
affine,lhs,1011,24,left_heavy,0.019116514870923362
affine,lhs,1011,24,right_heavy,0.022484036998617025
affine,lhs,1011,24,broad_uniform,0.041373551315174915
affine,lhs,1011,30,declared,0.012924480631373473
affine,lhs,1011,30,forward_heavy,0.012709264554258921
affine,lhs,1011,30,left_heavy,0.010624917787316597
affine,lhs,1011,30,right_heavy,0.01555414126112178
affine,lhs,1011,30,broad_uniform,0.02899265300585847
affine,lhs,1012,18,declared,0.0346069915841999
affine,lhs,1012,18,forward_heavy,0.03245268040728821
affine,lhs,1012,18,left_heavy,0.04215781352958444
affine,lhs,1012,18,right_heavy,0.032051994576045024
affine,lhs,1012,18,broad_uniform,0.08259909074835753
affine,lhs,1012,24,declared,0.016602715271345377
affine,lhs,1012,24,forward_heavy,0.016056158500853773
affine,lhs,1012,24,left_heavy,0.013358116959654982
affine,lhs,1012,24,right_heavy,0.020850254860682146
affine,lhs,1012,24,broad_uniform,0.03892130519893309
affine,lhs,1012,30,declared,0.014727444163171398
affine,lhs,1012,30,forward_heavy,0.015054095257221732
affine,lhs,1012,30,left_heavy,0.012093431221291993
affine,lhs,1012,30,right_heavy,0.016189396390170308
affine,lhs,1012,30,broad_uniform,0.023759704986302067
affine,lhs,1013,18,declared,0.046508388449061036
affine,lhs,1013,18,forward_heavy,0.045750222208035485
affine,lhs,1013,18,left_heavy,0.05151211680711976
affine,lhs,1013,18,right_heavy,0.043089508083612865
affine,lhs,1013,18,broad_uniform,0.07390846683597696
affine,lhs,1013,24,declared,0.02925321073313223
affine,lhs,1013,24,forward_heavy,0.029585382741034574
affine,lhs,1013,24,left_heavy,0.02886216031071902
affine,lhs,1013,24,right_heavy,0.028624703006924965
affine,lhs,1013,24,broad_uniform,0.043532522557933225
affine,lhs,1013,30,declared,0.0163035295225267
affine,lhs,1013,30,forward_heavy,0.015959717250659124
affine,lhs,1013,30,left_heavy,0.01524079310148499
affine,lhs,1013,30,right_heavy,0.0183297158854069
affine,lhs,1013,30,broad_uniform,0.027599676433000042
affine,lhs,1014,18,declared,0.022415436702905554
affine,lhs,1014,18,forward_heavy,0.023485357156824836
affine,lhs,1014,18,left_heavy,0.02296929336399721
affine,lhs,1014,18,right_heavy,0.017980613552167547
affine,lhs,1014,18,broad_uniform,0.03262745317795853
affine,lhs,1014,24,declared,0.02387493264232386
affine,lhs,1014,24,forward_heavy,0.024020790552940097
affine,lhs,1014,24,left_heavy,0.0256503300714219
affine,lhs,1014,24,right_heavy,0.02131976745144827
affine,lhs,1014,24,broad_uniform,0.029202386117637678
affine,lhs,1014,30,declared,0.025687084808439037
affine,lhs,1014,30,forward_heavy,0.027812478712771708
affine,lhs,1014,30,left_heavy,0.021867881542010442
affine,lhs,1014,30,right_heavy,0.02238083909928922
affine,lhs,1014,30,broad_uniform,0.028096124114704357
affine,lhs,1015,18,declared,0.03657505293134328
affine,lhs,1015,18,forward_heavy,0.03507129154857852
affine,lhs,1015,18,left_heavy,0.03701667650481471
affine,lhs,1015,18,right_heavy,0.04046289861036337
affine,lhs,1015,18,broad_uniform,0.07587612048206666
affine,lhs,1015,24,declared,0.02475367993337512
affine,lhs,1015,24,forward_heavy,0.024420735289259424
affine,lhs,1015,24,left_heavy,0.02405711258762321
affine,lhs,1015,24,right_heavy,0.026453805316820553
affine,lhs,1015,24,broad_uniform,0.039704855188499304
affine,lhs,1015,30,declared,0.015360637388357537
affine,lhs,1015,30,forward_heavy,0.015231235945887274
affine,lhs,1015,30,left_heavy,0.014263166132744714
affine,lhs,1015,30,right_heavy,0.016820074830103452
affine,lhs,1015,30,broad_uniform,0.025064384916115096
affine,lhs,1016,18,declared,0.038198919071624066
affine,lhs,1016,18,forward_heavy,0.04020249351634768
affine,lhs,1016,18,left_heavy,0.036750526754374804
affine,lhs,1016,18,right_heavy,0.03298083444708265
affine,lhs,1016,18,broad_uniform,0.05217638185347034
affine,lhs,1016,24,declared,0.02538038148266262
affine,lhs,1016,24,forward_heavy,0.027868625080323235
affine,lhs,1016,24,left_heavy,0.020946802178074077
affine,lhs,1016,24,right_heavy,0.021267906541521303
affine,lhs,1016,24,broad_uniform,0.029558040828101498
affine,lhs,1016,30,declared,0.02098297978538019
affine,lhs,1016,30,forward_heavy,0.021386538499373116
affine,lhs,1016,30,left_heavy,0.022016117472852457
affine,lhs,1016,30,right_heavy,0.018435079326862693
affine,lhs,1016,30,broad_uniform,0.025660952847322383
affine,lhs,1017,18,declared,0.03057713583553982
affine,lhs,1017,18,forward_heavy,0.03133230500150056
affine,lhs,1017,18,left_heavy,0.0291859430862594
affine,lhs,1017,18,right_heavy,0.029642038461480048
affine,lhs,1017,18,broad_uniform,0.047064291360445834
affine,lhs,1017,24,declared,0.02482623548728836
affine,lhs,1017,24,forward_heavy,0.025850758845370674
affine,lhs,1017,24,left_heavy,0.020282932971116538
affine,lhs,1017,24,right_heavy,0.02596064778280576
affine,lhs,1017,24,broad_uniform,0.03258182560074261
affine,lhs,1017,30,declared,0.01609930298558014
affine,lhs,1017,30,forward_heavy,0.016169394414458957
affine,lhs,1017,30,left_heavy,0.013649730072003373
affine,lhs,1017,30,right_heavy,0.018163720995495135
affine,lhs,1017,30,broad_uniform,0.025816920703129798
affine,lhs,1018,18,declared,0.03306391446291138
affine,lhs,1018,18,forward_heavy,0.034280792254605306
affine,lhs,1018,18,left_heavy,0.03339875942000399
affine,lhs,1018,18,right_heavy,0.028553180213581067
affine,lhs,1018,18,broad_uniform,0.0561410240626237
affine,lhs,1018,24,declared,0.027574823098535352
affine,lhs,1018,24,forward_heavy,0.028398797744844318
affine,lhs,1018,24,left_heavy,0.0267626302814882
affine,lhs,1018,24,right_heavy,0.025775924527027122
affine,lhs,1018,24,broad_uniform,0.043187708892623675
affine,lhs,1018,30,declared,0.02430992022021221
affine,lhs,1018,30,forward_heavy,0.025147408668535227
affine,lhs,1018,30,left_heavy,0.019956042353782982
affine,lhs,1018,30,right_heavy,0.025848027478109707
affine,lhs,1018,30,broad_uniform,0.0367418854196928
affine,lhs,1019,18,declared,0.028176436190912393
affine,lhs,1019,18,forward_heavy,0.022902974149273888
affine,lhs,1019,18,left_heavy,0.02652044039868032
affine,lhs,1019,18,right_heavy,0.04154601540913356
affine,lhs,1019,18,broad_uniform,0.05888526691133185
affine,lhs,1019,24,declared,0.017121289749225884
affine,lhs,1019,24,forward_heavy,0.014526697834749068
affine,lhs,1019,24,left_heavy,0.015888007724556386
affine,lhs,1019,24,right_heavy,0.024316117254198327
affine,lhs,1019,24,broad_uniform,0.033872500390274805
affine,lhs,1019,30,declared,0.0172519499472452
affine,lhs,1019,30,forward_heavy,0.017349011758240197
affine,lhs,1019,30,left_heavy,0.016434919344222317
affine,lhs,1019,30,right_heavy,0.01779262472341212
affine,lhs,1019,30,broad_uniform,0.0322511519423261
affine,lhs,1020,18,declared,0.016932696333866182
affine,lhs,1020,18,forward_heavy,0.017451207647656602
affine,lhs,1020,18,left_heavy,0.01607202901174694
affine,lhs,1020,18,right_heavy,0.01617784335830336
affine,lhs,1020,18,broad_uniform,0.038258367980434124
affine,lhs,1020,24,declared,0.014809364672999432
affine,lhs,1020,24,forward_heavy,0.014530706280901811
affine,lhs,1020,24,left_heavy,0.012308972965405436
affine,lhs,1020,24,right_heavy,0.0178050854598588
affine,lhs,1020,24,broad_uniform,0.02797214628341298
affine,lhs,1020,30,declared,0.01567031921387315
affine,lhs,1020,30,forward_heavy,0.016670028084992992
affine,lhs,1020,30,left_heavy,0.011561196587570257
affine,lhs,1020,30,right_heavy,0.016268367302682756
affine,lhs,1020,30,broad_uniform,0.02565355286350347
deadzone,active,1001,18,declared,0.02399591493791503
deadzone,active,1001,18,forward_heavy,0.024368447388942394
deadzone,active,1001,18,left_heavy,0.022323692758661275
deadzone,active,1001,18,right_heavy,0.02454704503041311
deadzone,active,1001,18,broad_uniform,0.08782244825690344
deadzone,active,1001,24,declared,0.018341906686196605
deadzone,active,1001,24,forward_heavy,0.01782492358441771
deadzone,active,1001,24,left_heavy,0.01813825256854656
deadzone,active,1001,24,right_heavy,0.020058629155388707
deadzone,active,1001,24,broad_uniform,0.08184016055481236
deadzone,active,1001,30,declared,0.020455359449174173
deadzone,active,1001,30,forward_heavy,0.019000571981562457
deadzone,active,1001,30,left_heavy,0.017750025745151575
deadzone,active,1001,30,right_heavy,0.02658459014582673
deadzone,active,1001,30,broad_uniform,0.04980219555818696
deadzone,active,1002,18,declared,0.017621212126111292
deadzone,active,1002,18,forward_heavy,0.018296599797538584
deadzone,active,1002,18,left_heavy,0.015330281224991698
deadzone,active,1002,18,right_heavy,0.017770846974931018
deadzone,active,1002,18,broad_uniform,0.04454045366253432
deadzone,active,1002,24,declared,0.016215126980159478
deadzone,active,1002,24,forward_heavy,0.015665503201755703
deadzone,active,1002,24,left_heavy,0.018158044475604467
deadzone,active,1002,24,right_heavy,0.015685287230955906
deadzone,active,1002,24,broad_uniform,0.038885710128619785
deadzone,active,1002,30,declared,0.013552975074002886
deadzone,active,1002,30,forward_heavy,0.013204863590131417
deadzone,active,1002,30,left_heavy,0.014906279866508458
deadzone,active,1002,30,right_heavy,0.013095204231845
deadzone,active,1002,30,broad_uniform,0.029634030507440838
deadzone,active,1003,18,declared,0.023421806658680353
deadzone,active,1003,18,forward_heavy,0.02400593319678385
deadzone,active,1003,18,left_heavy,0.02028347128043497
deadzone,active,1003,18,right_heavy,0.02467770558548456
deadzone,active,1003,18,broad_uniform,0.10463430424521988
deadzone,active,1003,24,declared,0.019554745507797372
deadzone,active,1003,24,forward_heavy,0.020236197805236843
deadzone,active,1003,24,left_heavy,0.018205188580792758
deadzone,active,1003,24,right_heavy,0.0187789674901529
deadzone,active,1003,24,broad_uniform,0.08984182617248346
deadzone,active,1003,30,declared,0.01995992005914392
deadzone,active,1003,30,forward_heavy,0.020433646119602324
deadzone,active,1003,30,left_heavy,0.01531610799362908
deadzone,active,1003,30,right_heavy,0.022667616051459866
deadzone,active,1003,30,broad_uniform,0.03484542631951136
deadzone,active,1004,18,declared,0.015968117988618382
deadzone,active,1004,18,forward_heavy,0.01648757049819183
deadzone,active,1004,18,left_heavy,0.016700789606018288
deadzone,active,1004,18,right_heavy,0.013309751415913184
deadzone,active,1004,18,broad_uniform,0.050707032909953056
deadzone,active,1004,24,declared,0.016574707723241676
deadzone,active,1004,24,forward_heavy,0.015904369872503748
deadzone,active,1004,24,left_heavy,0.014463326389443906
deadzone,active,1004,24,right_heavy,0.020302015047960698
deadzone,active,1004,24,broad_uniform,0.053766349971462006
deadzone,active,1004,30,declared,0.014849183097669139
deadzone,active,1004,30,forward_heavy,0.014320572090350165
deadzone,active,1004,30,left_heavy,0.012286985247724477
deadzone,active,1004,30,right_heavy,0.01850695242064501
deadzone,active,1004,30,broad_uniform,0.031834505627287485
deadzone,active,1005,18,declared,0.021509441274451233
deadzone,active,1005,18,forward_heavy,0.021976054005281593
deadzone,active,1005,18,left_heavy,0.020743995221872206
deadzone,active,1005,18,right_heavy,0.020838054124232938
deadzone,active,1005,18,broad_uniform,0.04330628912762756
deadzone,active,1005,24,declared,0.013529898649228642
deadzone,active,1005,24,forward_heavy,0.013138786069693032
deadzone,active,1005,24,left_heavy,0.014550413765443635
deadzone,active,1005,24,right_heavy,0.01359549688465281
deadzone,active,1005,24,broad_uniform,0.043845172398291096
deadzone,active,1005,30,declared,0.014368450432110276
deadzone,active,1005,30,forward_heavy,0.014900408209603505
deadzone,active,1005,30,left_heavy,0.0134284071242177
deadzone,active,1005,30,right_heavy,0.013639521559416124
deadzone,active,1005,30,broad_uniform,0.029689043884378933
deadzone,active,1006,18,declared,0.021760141913214785
deadzone,active,1006,18,forward_heavy,0.022445859300115948
deadzone,active,1006,18,left_heavy,0.02491548004617431
deadzone,active,1006,18,right_heavy,0.014911286842267195
deadzone,active,1006,18,broad_uniform,0.0375246828558797
deadzone,active,1006,24,declared,0.016541156126239433
deadzone,active,1006,24,forward_heavy,0.01653278013463948
deadzone,active,1006,24,left_heavy,0.01963878586826784
deadzone,active,1006,24,right_heavy,0.012445788506507996
deadzone,active,1006,24,broad_uniform,0.04054585336648905
deadzone,active,1006,30,declared,0.011448863293409158
deadzone,active,1006,30,forward_heavy,0.011654833810492425
deadzone,active,1006,30,left_heavy,0.01221231658372939
deadzone,active,1006,30,right_heavy,0.009851037644313651
deadzone,active,1006,30,broad_uniform,0.03062956886373715
deadzone,active,1007,18,declared,0.025267554843979398
deadzone,active,1007,18,forward_heavy,0.02593604736806141
deadzone,active,1007,18,left_heavy,0.025053593701002977
deadzone,active,1007,18,right_heavy,0.02331874579219275
deadzone,active,1007,18,broad_uniform,0.06563273737211249
deadzone,active,1007,24,declared,0.024249837152992795
deadzone,active,1007,24,forward_heavy,0.022294596546396667
deadzone,active,1007,24,left_heavy,0.02977001069826568
deadzone,active,1007,24,right_heavy,0.023498588236191702
deadzone,active,1007,24,broad_uniform,0.061820755766173636
deadzone,active,1007,30,declared,0.017057371165040615
deadzone,active,1007,30,forward_heavy,0.015984208951301544
deadzone,active,1007,30,left_heavy,0.021965806264264434
deadzone,active,1007,30,right_heavy,0.014020735272828388
deadzone,active,1007,30,broad_uniform,0.04491340745177828
deadzone,active,1008,18,declared,0.02294765322775323
deadzone,active,1008,18,forward_heavy,0.023857857477184392
deadzone,active,1008,18,left_heavy,0.01977733205687624
deadzone,active,1008,18,right_heavy,0.023215628124679512
deadzone,active,1008,18,broad_uniform,0.059178766777775824
deadzone,active,1008,24,declared,0.013957674068644755
deadzone,active,1008,24,forward_heavy,0.01417532840932018
deadzone,active,1008,24,left_heavy,0.015568980000679791
deadzone,active,1008,24,right_heavy,0.011183171489450448
deadzone,active,1008,24,broad_uniform,0.041709812262201204
deadzone,active,1008,30,declared,0.01351744579604298
deadzone,active,1008,30,forward_heavy,0.014557918843442076
deadzone,active,1008,30,left_heavy,0.01287899497025442
deadzone,active,1008,30,right_heavy,0.010492510742063468
deadzone,active,1008,30,broad_uniform,0.039924512668345256
deadzone,active,1009,18,declared,0.021310770893717853
deadzone,active,1009,18,forward_heavy,0.022702127449613484
deadzone,active,1009,18,left_heavy,0.0182408815571821
deadzone,active,1009,18,right_heavy,0.019843017373367123
deadzone,active,1009,18,broad_uniform,0.04246443710124842
deadzone,active,1009,24,declared,0.017508272755971076
deadzone,active,1009,24,forward_heavy,0.018808786548792335
deadzone,active,1009,24,left_heavy,0.012436293170809548
deadzone,active,1009,24,right_heavy,0.017946578959484108
deadzone,active,1009,24,broad_uniform,0.03334952416438226
deadzone,active,1009,30,declared,0.018041650100990556
deadzone,active,1009,30,forward_heavy,0.018147178995019237
deadzone,active,1009,30,left_heavy,0.012882990347783193
deadzone,active,1009,30,right_heavy,0.021996822629232547
deadzone,active,1009,30,broad_uniform,0.04492969695986472
deadzone,active,1010,18,declared,0.019676886209134423
deadzone,active,1010,18,forward_heavy,0.02092075432164459
deadzone,active,1010,18,left_heavy,0.014983308785134689
deadzone,active,1010,18,right_heavy,0.020102496681649883
deadzone,active,1010,18,broad_uniform,0.03282991369468844
deadzone,active,1010,24,declared,0.01528603845267128
deadzone,active,1010,24,forward_heavy,0.015850188307538496
deadzone,active,1010,24,left_heavy,0.012314715337327854
deadzone,active,1010,24,right_heavy,0.016330237898162986
deadzone,active,1010,24,broad_uniform,0.039679543258415995
deadzone,active,1010,30,declared,0.011952871426352336
deadzone,active,1010,30,forward_heavy,0.012252686282420839
deadzone,active,1010,30,left_heavy,0.01176909880092284
deadzone,active,1010,30,right_heavy,0.011180870557422295
deadzone,active,1010,30,broad_uniform,0.03307383977854078
deadzone,active,1011,18,declared,0.01724763594564211
deadzone,active,1011,18,forward_heavy,0.01843304484361943
deadzone,active,1011,18,left_heavy,0.01718894843783614
deadzone,active,1011,18,right_heavy,0.012978531509213322
deadzone,active,1011,18,broad_uniform,0.056027566211799766
deadzone,active,1011,24,declared,0.01548055185835362
deadzone,active,1011,24,forward_heavy,0.015230528090592181
deadzone,active,1011,24,left_heavy,0.011790868400773645
deadzone,active,1011,24,right_heavy,0.019256711830081052
deadzone,active,1011,24,broad_uniform,0.051826155314116065
deadzone,active,1011,30,declared,0.011408690364466605
deadzone,active,1011,30,forward_heavy,0.011389759018057754
deadzone,active,1011,30,left_heavy,0.009509739513685226
deadzone,active,1011,30,right_heavy,0.01318628661932291
deadzone,active,1011,30,broad_uniform,0.032462060586729014
deadzone,active,1012,18,declared,0.022564724941047092
deadzone,active,1012,18,forward_heavy,0.022658133151093777
deadzone,active,1012,18,left_heavy,0.025183633123437126
deadzone,active,1012,18,right_heavy,0.01904331530036925
deadzone,active,1012,18,broad_uniform,0.07168306577208179
deadzone,active,1012,24,declared,0.017383359311967977
deadzone,active,1012,24,forward_heavy,0.017226165999039766
deadzone,active,1012,24,left_heavy,0.019597613864519785
deadzone,active,1012,24,right_heavy,0.015221416370319612
deadzone,active,1012,24,broad_uniform,0.048146719239102534
deadzone,active,1012,30,declared,0.014014858714540859
deadzone,active,1012,30,forward_heavy,0.014010705939662835
deadzone,active,1012,30,left_heavy,0.015052608663432561
deadzone,active,1012,30,right_heavy,0.012829419208836686
deadzone,active,1012,30,broad_uniform,0.03302668100816146
deadzone,active,1013,18,declared,0.02271065759776109
deadzone,active,1013,18,forward_heavy,0.02278167936620883
deadzone,active,1013,18,left_heavy,0.026590166283208868
deadzone,active,1013,18,right_heavy,0.017369244259682726
deadzone,active,1013,18,broad_uniform,0.04648784884462373
deadzone,active,1013,24,declared,0.02039143026609204
deadzone,active,1013,24,forward_heavy,0.020582202650452852
deadzone,active,1013,24,left_heavy,0.02324687904652831
deadzone,active,1013,24,right_heavy,0.016081651665346357
deadzone,active,1013,24,broad_uniform,0.0507384217877174
deadzone,active,1013,30,declared,0.01682731282602288
deadzone,active,1013,30,forward_heavy,0.016692373023925785
deadzone,active,1013,30,left_heavy,0.02003134232954384
deadzone,active,1013,30,right_heavy,0.013083946058563308
deadzone,active,1013,30,broad_uniform,0.02871526417837232
deadzone,active,1014,18,declared,0.019384032374148614
deadzone,active,1014,18,forward_heavy,0.01966972402856061
deadzone,active,1014,18,left_heavy,0.020281401659620467
deadzone,active,1014,18,right_heavy,0.017411386031618195
deadzone,active,1014,18,broad_uniform,0.03725282499785466
deadzone,active,1014,24,declared,0.015769450538524556
deadzone,active,1014,24,forward_heavy,0.016314324780700277
deadzone,active,1014,24,left_heavy,0.01599715698880025
deadzone,active,1014,24,right_heavy,0.013665041033012913
deadzone,active,1014,24,broad_uniform,0.04427767236017612
deadzone,active,1014,30,declared,0.012293898963571703
deadzone,active,1014,30,forward_heavy,0.012586114835452897
deadzone,active,1014,30,left_heavy,0.012245888449613966
deadzone,active,1014,30,right_heavy,0.011394987367086669
deadzone,active,1014,30,broad_uniform,0.03341318088271947
deadzone,active,1015,18,declared,0.01569886258853878
deadzone,active,1015,18,forward_heavy,0.015739100944436823
deadzone,active,1015,18,left_heavy,0.01445793606395916
deadzone,active,1015,18,right_heavy,0.016806456590786768
deadzone,active,1015,18,broad_uniform,0.055106346737325285
deadzone,active,1015,24,declared,0.01242736189167072
deadzone,active,1015,24,forward_heavy,0.012459809993403306
deadzone,active,1015,24,left_heavy,0.012010117818451745
deadzone,active,1015,24,right_heavy,0.01275982665920024
deadzone,active,1015,24,broad_uniform,0.04717907784919423
deadzone,active,1015,30,declared,0.010285634705327125
deadzone,active,1015,30,forward_heavy,0.010249877089435186
deadzone,active,1015,30,left_heavy,0.01010451559542819
deadzone,active,1015,30,right_heavy,0.010583577629025299
deadzone,active,1015,30,broad_uniform,0.03131503787878049
deadzone,active,1016,18,declared,0.021203076671145148
deadzone,active,1016,18,forward_heavy,0.019246576897819858
deadzone,active,1016,18,left_heavy,0.02734646360766431
deadzone,active,1016,18,right_heavy,0.0194121161549867
deadzone,active,1016,18,broad_uniform,0.05108175750900487
deadzone,active,1016,24,declared,0.014499161001678126
deadzone,active,1016,24,forward_heavy,0.013168893474797102
deadzone,active,1016,24,left_heavy,0.018293561220910276
deadzone,active,1016,24,right_heavy,0.013843256632879865
deadzone,active,1016,24,broad_uniform,0.03906916641889603
deadzone,active,1016,30,declared,0.0128930677546762
deadzone,active,1016,30,forward_heavy,0.011689885272747964
deadzone,active,1016,30,left_heavy,0.01628410179019923
deadzone,active,1016,30,right_heavy,0.012345624397902055
deadzone,active,1016,30,broad_uniform,0.03472722860321679
deadzone,active,1017,18,declared,0.02285726992454425
deadzone,active,1017,18,forward_heavy,0.024118968839910476
deadzone,active,1017,18,left_heavy,0.01998257225273533
deadzone,active,1017,18,right_heavy,0.02167955567761407
deadzone,active,1017,18,broad_uniform,0.08759516599546863
deadzone,active,1017,24,declared,0.02054435736662342
deadzone,active,1017,24,forward_heavy,0.02004505338870717
deadzone,active,1017,24,left_heavy,0.01922671396057671
deadzone,active,1017,24,right_heavy,0.023256055930698634
deadzone,active,1017,24,broad_uniform,0.08593381593862925
deadzone,active,1017,30,declared,0.02232885570123366
deadzone,active,1017,30,forward_heavy,0.01957960443862989
deadzone,active,1017,30,left_heavy,0.016596200371570245
deadzone,active,1017,30,right_heavy,0.03307619822643874
deadzone,active,1017,30,broad_uniform,0.035747266079936044
deadzone,active,1018,18,declared,0.021617088582488474
deadzone,active,1018,18,forward_heavy,0.01870755423251594
deadzone,active,1018,18,left_heavy,0.0261346573842101
deadzone,active,1018,18,right_heavy,0.024516618953504824
deadzone,active,1018,18,broad_uniform,0.06448609152932358
deadzone,active,1018,24,declared,0.015385423262952422
deadzone,active,1018,24,forward_heavy,0.014478050071880333
deadzone,active,1018,24,left_heavy,0.01633791835640622
deadzone,active,1018,24,right_heavy,0.016985987600076104
deadzone,active,1018,24,broad_uniform,0.05390624298244968
deadzone,active,1018,30,declared,0.012350640898137323
deadzone,active,1018,30,forward_heavy,0.011977766527889568
deadzone,active,1018,30,left_heavy,0.013283104843699323
deadzone,active,1018,30,right_heavy,0.01245689507271895
deadzone,active,1018,30,broad_uniform,0.04225790264890197
deadzone,active,1019,18,declared,0.021383666652555044
deadzone,active,1019,18,forward_heavy,0.019029006827930336
deadzone,active,1019,18,left_heavy,0.014697555263898964
deadzone,active,1019,18,right_heavy,0.03177750680160942
deadzone,active,1019,18,broad_uniform,0.05712035791425021
deadzone,active,1019,24,declared,0.01947581577898926
deadzone,active,1019,24,forward_heavy,0.01756205930029285
deadzone,active,1019,24,left_heavy,0.017493795757104615
deadzone,active,1019,24,right_heavy,0.026025876308488908
deadzone,active,1019,24,broad_uniform,0.047252423790883416
deadzone,active,1019,30,declared,0.018146956074382745
deadzone,active,1019,30,forward_heavy,0.016414770164613526
deadzone,active,1019,30,left_heavy,0.015459601550446879
deadzone,active,1019,30,right_heavy,0.024725804488393562
deadzone,active,1019,30,broad_uniform,0.035834303640369596
deadzone,active,1020,18,declared,0.033368251896810704
deadzone,active,1020,18,forward_heavy,0.03015421862319134
deadzone,active,1020,18,left_heavy,0.036197670768914274
deadzone,active,1020,18,right_heavy,0.0392009498073919
deadzone,active,1020,18,broad_uniform,0.07497890055296245
deadzone,active,1020,24,declared,0.023563053430121307
deadzone,active,1020,24,forward_heavy,0.020770371930666078
deadzone,active,1020,24,left_heavy,0.026693696191043347
deadzone,active,1020,24,right_heavy,0.027773837995314684
deadzone,active,1020,24,broad_uniform,0.06419175121243136
deadzone,active,1020,30,declared,0.022865667996467682
deadzone,active,1020,30,forward_heavy,0.01870437617625318
deadzone,active,1020,30,left_heavy,0.01858733440203391
deadzone,active,1020,30,right_heavy,0.035335867087911595
deadzone,active,1020,30,broad_uniform,0.04493684685163556
deadzone,active_no_task,1001,18,declared,0.04391230802413621
deadzone,active_no_task,1001,18,forward_heavy,0.03651560718766162
deadzone,active_no_task,1001,18,left_heavy,0.04801577288978844
deadzone,active_no_task,1001,18,right_heavy,0.05806115150514685
deadzone,active_no_task,1001,18,broad_uniform,0.05787186791562868
deadzone,active_no_task,1001,24,declared,0.023972800126908056
deadzone,active_no_task,1001,24,forward_heavy,0.022807711136250797
deadzone,active_no_task,1001,24,left_heavy,0.0206801415576264
deadzone,active_no_task,1001,24,right_heavy,0.030010332180042988
deadzone,active_no_task,1001,24,broad_uniform,0.03767226367027748
deadzone,active_no_task,1001,30,declared,0.019992277695315388
deadzone,active_no_task,1001,30,forward_heavy,0.02032527246379008
deadzone,active_no_task,1001,30,left_heavy,0.017096576917929446
deadzone,active_no_task,1001,30,right_heavy,0.02174011402504396
deadzone,active_no_task,1001,30,broad_uniform,0.029822030343171265
deadzone,active_no_task,1002,18,declared,0.03526371538731838
deadzone,active_no_task,1002,18,forward_heavy,0.035821156283495165
deadzone,active_no_task,1002,18,left_heavy,0.03239889320759886
deadzone,active_no_task,1002,18,right_heavy,0.03643392377179742
deadzone,active_no_task,1002,18,broad_uniform,0.03958348001433905
deadzone,active_no_task,1002,24,declared,0.01619555845945813
deadzone,active_no_task,1002,24,forward_heavy,0.01797002395777453
deadzone,active_no_task,1002,24,left_heavy,0.0116892664731856
deadzone,active_no_task,1002,24,right_heavy,0.014433028849646876
deadzone,active_no_task,1002,24,broad_uniform,0.0227207058166244
deadzone,active_no_task,1002,30,declared,0.015385884322121596
deadzone,active_no_task,1002,30,forward_heavy,0.016948457465475086
deadzone,active_no_task,1002,30,left_heavy,0.012900271955307211
deadzone,active_no_task,1002,30,right_heavy,0.012450711029754707
deadzone,active_no_task,1002,30,broad_uniform,0.020311641885296775
deadzone,active_no_task,1003,18,declared,0.036857807521315365
deadzone,active_no_task,1003,18,forward_heavy,0.03351364844301406
deadzone,active_no_task,1003,18,left_heavy,0.037715464913659534
deadzone,active_no_task,1003,18,right_heavy,0.044946856267385184
deadzone,active_no_task,1003,18,broad_uniform,0.05078611428429846
deadzone,active_no_task,1003,24,declared,0.020728894220084625
deadzone,active_no_task,1003,24,forward_heavy,0.020357248862253152
deadzone,active_no_task,1003,24,left_heavy,0.02006595265150596
deadzone,active_no_task,1003,24,right_heavy,0.022492319335991794
deadzone,active_no_task,1003,24,broad_uniform,0.034244693333917144
deadzone,active_no_task,1003,30,declared,0.026883488395035023
deadzone,active_no_task,1003,30,forward_heavy,0.028652198027110408
deadzone,active_no_task,1003,30,left_heavy,0.022589409818755037
deadzone,active_no_task,1003,30,right_heavy,0.025390901317052888
deadzone,active_no_task,1003,30,broad_uniform,0.029606045142626505
deadzone,active_no_task,1004,18,declared,0.02846520604475953
deadzone,active_no_task,1004,18,forward_heavy,0.027636135397937727
deadzone,active_no_task,1004,18,left_heavy,0.02677901091428737
deadzone,active_no_task,1004,18,right_heavy,0.032464216295633876
deadzone,active_no_task,1004,18,broad_uniform,0.03451411427677619
deadzone,active_no_task,1004,24,declared,0.020558403772961458
deadzone,active_no_task,1004,24,forward_heavy,0.01934926955614657
deadzone,active_no_task,1004,24,left_heavy,0.01524781130074458
deadzone,active_no_task,1004,24,right_heavy,0.027842386338992567
deadzone,active_no_task,1004,24,broad_uniform,0.027551070635201506
deadzone,active_no_task,1004,30,declared,0.021955989654200446
deadzone,active_no_task,1004,30,forward_heavy,0.02343338538858936
deadzone,active_no_task,1004,30,left_heavy,0.017271118469862887
deadzone,active_no_task,1004,30,right_heavy,0.02168260242417775
deadzone,active_no_task,1004,30,broad_uniform,0.023664971494247233
deadzone,active_no_task,1005,18,declared,0.027836723343352247
deadzone,active_no_task,1005,18,forward_heavy,0.026917079542810078
deadzone,active_no_task,1005,18,left_heavy,0.03393184330097558
deadzone,active_no_task,1005,18,right_heavy,0.023008520847002327
deadzone,active_no_task,1005,18,broad_uniform,0.03545814537119293
deadzone,active_no_task,1005,24,declared,0.017463055661060354
deadzone,active_no_task,1005,24,forward_heavy,0.017979892161429485
deadzone,active_no_task,1005,24,left_heavy,0.018534275889237343
deadzone,active_no_task,1005,24,right_heavy,0.014387398220727026
deadzone,active_no_task,1005,24,broad_uniform,0.02254878105730565
deadzone,active_no_task,1005,30,declared,0.023988023656789804
deadzone,active_no_task,1005,30,forward_heavy,0.02543228691664075
deadzone,active_no_task,1005,30,left_heavy,0.022327712583675798
deadzone,active_no_task,1005,30,right_heavy,0.020882402249574494
deadzone,active_no_task,1005,30,broad_uniform,0.02386667634689558
deadzone,active_no_task,1006,18,declared,0.03919887965750439
deadzone,active_no_task,1006,18,forward_heavy,0.0356716495254725
deadzone,active_no_task,1006,18,left_heavy,0.04709105508760018
deadzone,active_no_task,1006,18,right_heavy,0.040362237138326075
deadzone,active_no_task,1006,18,broad_uniform,0.03787259721185154
deadzone,active_no_task,1006,24,declared,0.024869026105560858
deadzone,active_no_task,1006,24,forward_heavy,0.022170648610713637
deadzone,active_no_task,1006,24,left_heavy,0.030494202693191984
deadzone,active_no_task,1006,24,right_heavy,0.026075211060794714
deadzone,active_no_task,1006,24,broad_uniform,0.02385082511493291
deadzone,active_no_task,1006,30,declared,0.020226994373225095
deadzone,active_no_task,1006,30,forward_heavy,0.01939595946347508
deadzone,active_no_task,1006,30,left_heavy,0.021513040676863295
deadzone,active_no_task,1006,30,right_heavy,0.021307189900678883
deadzone,active_no_task,1006,30,broad_uniform,0.019744512969430625
deadzone,active_no_task,1007,18,declared,0.02872474865616049
deadzone,active_no_task,1007,18,forward_heavy,0.031005289725823313
deadzone,active_no_task,1007,18,left_heavy,0.023956440192817143
deadzone,active_no_task,1007,18,right_heavy,0.025895976022627776
deadzone,active_no_task,1007,18,broad_uniform,0.034577978034306844
deadzone,active_no_task,1007,24,declared,0.02684000912869722
deadzone,active_no_task,1007,24,forward_heavy,0.027521850978961284
deadzone,active_no_task,1007,24,left_heavy,0.02514550886980635
deadzone,active_no_task,1007,24,right_heavy,0.02644612938696383
deadzone,active_no_task,1007,24,broad_uniform,0.02931282652926266
deadzone,active_no_task,1007,30,declared,0.024777460770363018
deadzone,active_no_task,1007,30,forward_heavy,0.02594001944432305
deadzone,active_no_task,1007,30,left_heavy,0.018129025824540995
deadzone,active_no_task,1007,30,right_heavy,0.02711794281327037
deadzone,active_no_task,1007,30,broad_uniform,0.02718177281003196
deadzone,active_no_task,1008,18,declared,0.022853538428156024
deadzone,active_no_task,1008,18,forward_heavy,0.023412470091571713
deadzone,active_no_task,1008,18,left_heavy,0.022612958842003875
deadzone,active_no_task,1008,18,right_heavy,0.021301244678071797
deadzone,active_no_task,1008,18,broad_uniform,0.03354395204371637
deadzone,active_no_task,1008,24,declared,0.021049560758858218
deadzone,active_no_task,1008,24,forward_heavy,0.021768897777981244
deadzone,active_no_task,1008,24,left_heavy,0.020383440272084472
deadzone,active_no_task,1008,24,right_heavy,0.019416270855650047
deadzone,active_no_task,1008,24,broad_uniform,0.028910166149052136
deadzone,active_no_task,1008,30,declared,0.017621353586487015
deadzone,active_no_task,1008,30,forward_heavy,0.01872751061791546
deadzone,active_no_task,1008,30,left_heavy,0.01628890844535025
deadzone,active_no_task,1008,30,right_heavy,0.01529715189514475
deadzone,active_no_task,1008,30,broad_uniform,0.02525329790729607
deadzone,active_no_task,1009,18,declared,0.03615615427746363
deadzone,active_no_task,1009,18,forward_heavy,0.03126863396922304
deadzone,active_no_task,1009,18,left_heavy,0.04521098908575929
deadzone,active_no_task,1009,18,right_heavy,0.03928576824394751
deadzone,active_no_task,1009,18,broad_uniform,0.03639526089755188
deadzone,active_no_task,1009,24,declared,0.019833544573202137
deadzone,active_no_task,1009,24,forward_heavy,0.016919831849331164
deadzone,active_no_task,1009,24,left_heavy,0.029273158922460036
deadzone,active_no_task,1009,24,right_heavy,0.015197754121200033
deadzone,active_no_task,1009,24,broad_uniform,0.026134075656933327
deadzone,active_no_task,1009,30,declared,0.024765582740451916
deadzone,active_no_task,1009,30,forward_heavy,0.02357151681333149
deadzone,active_no_task,1009,30,left_heavy,0.031797585640542615
deadzone,active_no_task,1009,30,right_heavy,0.01918320079333934
deadzone,active_no_task,1009,30,broad_uniform,0.02550641779216863
deadzone,active_no_task,1010,18,declared,0.02138188813471312
deadzone,active_no_task,1010,18,forward_heavy,0.020851699287787573
deadzone,active_no_task,1010,18,left_heavy,0.02359540776618153
deadzone,active_no_task,1010,18,right_heavy,0.020504148084489887
deadzone,active_no_task,1010,18,broad_uniform,0.026384235891502978
deadzone,active_no_task,1010,24,declared,0.021925682295538557
deadzone,active_no_task,1010,24,forward_heavy,0.022370914557886343
deadzone,active_no_task,1010,24,left_heavy,0.022486645921776672
deadzone,active_no_task,1010,24,right_heavy,0.019823720846393365
deadzone,active_no_task,1010,24,broad_uniform,0.022356033322604125
deadzone,active_no_task,1010,30,declared,0.021264533481851106
deadzone,active_no_task,1010,30,forward_heavy,0.02325129925301128
deadzone,active_no_task,1010,30,left_heavy,0.01911049866397634
deadzone,active_no_task,1010,30,right_heavy,0.016451049481629426
deadzone,active_no_task,1010,30,broad_uniform,0.0221395452452846
deadzone,active_no_task,1011,18,declared,0.030014649641940734
deadzone,active_no_task,1011,18,forward_heavy,0.026966928254022568
deadzone,active_no_task,1011,18,left_heavy,0.037183923497885
deadzone,active_no_task,1011,18,right_heavy,0.030422847172549065
deadzone,active_no_task,1011,18,broad_uniform,0.034336232956692705
deadzone,active_no_task,1011,24,declared,0.020320563379661812
deadzone,active_no_task,1011,24,forward_heavy,0.019113409302450722
deadzone,active_no_task,1011,24,left_heavy,0.024100297112805855
deadzone,active_no_task,1011,24,right_heavy,0.019530652343637583
deadzone,active_no_task,1011,24,broad_uniform,0.025405563037788216
deadzone,active_no_task,1011,30,declared,0.01331470251854589
deadzone,active_no_task,1011,30,forward_heavy,0.013191478289894415
deadzone,active_no_task,1011,30,left_heavy,0.015532089271942075
deadzone,active_no_task,1011,30,right_heavy,0.010916396552475081
deadzone,active_no_task,1011,30,broad_uniform,0.019004071827209555
deadzone,active_no_task,1012,18,declared,0.032250713054657314
deadzone,active_no_task,1012,18,forward_heavy,0.029986760969897493
deadzone,active_no_task,1012,18,left_heavy,0.02815352257251361
deadzone,active_no_task,1012,18,right_heavy,0.041727817650412426
deadzone,active_no_task,1012,18,broad_uniform,0.039942506147180104
deadzone,active_no_task,1012,24,declared,0.02236390505731088
deadzone,active_no_task,1012,24,forward_heavy,0.020344263808533176
deadzone,active_no_task,1012,24,left_heavy,0.024536016772864995
deadzone,active_no_task,1012,24,right_heavy,0.025671053214582268
deadzone,active_no_task,1012,24,broad_uniform,0.02729198894047394
deadzone,active_no_task,1012,30,declared,0.02493413900557468
deadzone,active_no_task,1012,30,forward_heavy,0.026171299228470845
deadzone,active_no_task,1012,30,left_heavy,0.021273478849492683
deadzone,active_no_task,1012,30,right_heavy,0.024618417823522445
deadzone,active_no_task,1012,30,broad_uniform,0.026637387972569496
deadzone,active_no_task,1013,18,declared,0.03030047460139024
deadzone,active_no_task,1013,18,forward_heavy,0.029608159470748144
deadzone,active_no_task,1013,18,left_heavy,0.027505096170207157
deadzone,active_no_task,1013,18,right_heavy,0.03491661197481505
deadzone,active_no_task,1013,18,broad_uniform,0.03365853277898417
deadzone,active_no_task,1013,24,declared,0.025440097032244646
deadzone,active_no_task,1013,24,forward_heavy,0.024525965938970377
deadzone,active_no_task,1013,24,left_heavy,0.02717697642531855
deadzone,active_no_task,1013,24,right_heavy,0.02629392650615683
deadzone,active_no_task,1013,24,broad_uniform,0.024201145448709615
deadzone,active_no_task,1013,30,declared,0.02741018574834207
deadzone,active_no_task,1013,30,forward_heavy,0.025167609949849394
deadzone,active_no_task,1013,30,left_heavy,0.03501547047506039
deadzone,active_no_task,1013,30,right_heavy,0.024708659527823446
deadzone,active_no_task,1013,30,broad_uniform,0.022570695515644806
deadzone,active_no_task,1014,18,declared,0.027205066060216963
deadzone,active_no_task,1014,18,forward_heavy,0.0236874731647736
deadzone,active_no_task,1014,18,left_heavy,0.036855897424186344
deadzone,active_no_task,1014,18,right_heavy,0.025214837366790883
deadzone,active_no_task,1014,18,broad_uniform,0.031134371059277112
deadzone,active_no_task,1014,24,declared,0.015831954335350996
deadzone,active_no_task,1014,24,forward_heavy,0.01667712676929858
deadzone,active_no_task,1014,24,left_heavy,0.016242202869499397
deadzone,active_no_task,1014,24,right_heavy,0.012303949032037624
deadzone,active_no_task,1014,24,broad_uniform,0.021106311613730413
deadzone,active_no_task,1014,30,declared,0.01719951274583715
deadzone,active_no_task,1014,30,forward_heavy,0.017416191188539116
deadzone,active_no_task,1014,30,left_heavy,0.01839711948538872
deadzone,active_no_task,1014,30,right_heavy,0.015068998408829954
deadzone,active_no_task,1014,30,broad_uniform,0.019909132127677392
deadzone,active_no_task,1015,18,declared,0.039096817729400844
deadzone,active_no_task,1015,18,forward_heavy,0.037285310278896644
deadzone,active_no_task,1015,18,left_heavy,0.03933869620430015
deadzone,active_no_task,1015,18,right_heavy,0.044017129831490726
deadzone,active_no_task,1015,18,broad_uniform,0.03868178429443457
deadzone,active_no_task,1015,24,declared,0.019852214559707086
deadzone,active_no_task,1015,24,forward_heavy,0.019335172985541785
deadzone,active_no_task,1015,24,left_heavy,0.016611669315790962
deadzone,active_no_task,1015,24,right_heavy,0.024145966350379144
deadzone,active_no_task,1015,24,broad_uniform,0.02701302475900943
deadzone,active_no_task,1015,30,declared,0.018995405404596096
deadzone,active_no_task,1015,30,forward_heavy,0.020136494159928058
deadzone,active_no_task,1015,30,left_heavy,0.014347274549604692
deadzone,active_no_task,1015,30,right_heavy,0.019689390888376585
deadzone,active_no_task,1015,30,broad_uniform,0.021938864831982742
deadzone,active_no_task,1016,18,declared,0.03353187938746523
deadzone,active_no_task,1016,18,forward_heavy,0.03280170204007056
deadzone,active_no_task,1016,18,left_heavy,0.035543875617223566
deadzone,active_no_task,1016,18,right_heavy,0.03356104830955491
deadzone,active_no_task,1016,18,broad_uniform,0.03122986379278128
deadzone,active_no_task,1016,24,declared,0.027123923405984452
deadzone,active_no_task,1016,24,forward_heavy,0.026593753189513084
deadzone,active_no_task,1016,24,left_heavy,0.03158055387680363
deadzone,active_no_task,1016,24,right_heavy,0.023343400320561803
deadzone,active_no_task,1016,24,broad_uniform,0.026586414758061363
deadzone,active_no_task,1016,30,declared,0.02031794142609617
deadzone,active_no_task,1016,30,forward_heavy,0.019998552310880578
deadzone,active_no_task,1016,30,left_heavy,0.023783139717757355
deadzone,active_no_task,1016,30,right_heavy,0.01702100687729332
deadzone,active_no_task,1016,30,broad_uniform,0.02182838494562658
deadzone,active_no_task,1017,18,declared,0.04596348976914217
deadzone,active_no_task,1017,18,forward_heavy,0.04491395100259698
deadzone,active_no_task,1017,18,left_heavy,0.05011308067604884
deadzone,active_no_task,1017,18,right_heavy,0.044532404220322924
deadzone,active_no_task,1017,18,broad_uniform,0.0472303492965224
deadzone,active_no_task,1017,24,declared,0.03428442138923845
deadzone,active_no_task,1017,24,forward_heavy,0.03623812045805337
deadzone,active_no_task,1017,24,left_heavy,0.031315515617744
deadzone,active_no_task,1017,24,right_heavy,0.03091677329890944
deadzone,active_no_task,1017,24,broad_uniform,0.03548248037175041
deadzone,active_no_task,1017,30,declared,0.03647167959461003
deadzone,active_no_task,1017,30,forward_heavy,0.037141314185359334
deadzone,active_no_task,1017,30,left_heavy,0.03957362964243184
deadzone,active_no_task,1017,30,right_heavy,0.030423835161280832
deadzone,active_no_task,1017,30,broad_uniform,0.03365221995473481
deadzone,active_no_task,1018,18,declared,0.02369964087602827
deadzone,active_no_task,1018,18,forward_heavy,0.023812566500807146
deadzone,active_no_task,1018,18,left_heavy,0.024285993712289573
deadzone,active_no_task,1018,18,right_heavy,0.02269386219456054
deadzone,active_no_task,1018,18,broad_uniform,0.038395044963974695
deadzone,active_no_task,1018,24,declared,0.015351516392637377
deadzone,active_no_task,1018,24,forward_heavy,0.015127939423766126
deadzone,active_no_task,1018,24,left_heavy,0.014435088818577602
deadzone,active_no_task,1018,24,right_heavy,0.016909472660526597
deadzone,active_no_task,1018,24,broad_uniform,0.02242849066102266
deadzone,active_no_task,1018,30,declared,0.012722890020096913
deadzone,active_no_task,1018,30,forward_heavy,0.013661062597760893
deadzone,active_no_task,1018,30,left_heavy,0.012086898262643257
deadzone,active_no_task,1018,30,right_heavy,0.010095957275940681
deadzone,active_no_task,1018,30,broad_uniform,0.019443763268804707
deadzone,active_no_task,1019,18,declared,0.02480943281171701
deadzone,active_no_task,1019,18,forward_heavy,0.021988008796926244
deadzone,active_no_task,1019,18,left_heavy,0.033940926579798546
deadzone,active_no_task,1019,18,right_heavy,0.021276269245538576
deadzone,active_no_task,1019,18,broad_uniform,0.03727231206111598
deadzone,active_no_task,1019,24,declared,0.021135303261980386
deadzone,active_no_task,1019,24,forward_heavy,0.019553491471391963
deadzone,active_no_task,1019,24,left_heavy,0.02343766807061649
deadzone,active_no_task,1019,24,right_heavy,0.023170015374984827
deadzone,active_no_task,1019,24,broad_uniform,0.030690257744701223
deadzone,active_no_task,1019,30,declared,0.020507506500715138
deadzone,active_no_task,1019,30,forward_heavy,0.018866112861041607
deadzone,active_no_task,1019,30,left_heavy,0.016801094843488983
deadzone,active_no_task,1019,30,right_heavy,0.02772282167585835
deadzone,active_no_task,1019,30,broad_uniform,0.02694460023631799
deadzone,active_no_task,1020,18,declared,0.027393540342940843
deadzone,active_no_task,1020,18,forward_heavy,0.027629878207566266
deadzone,active_no_task,1020,18,left_heavy,0.028378772977570958
deadzone,active_no_task,1020,18,right_heavy,0.02552340217661947
deadzone,active_no_task,1020,18,broad_uniform,0.04039182542869142
deadzone,active_no_task,1020,24,declared,0.018205157248201962
deadzone,active_no_task,1020,24,forward_heavy,0.01776960562964217
deadzone,active_no_task,1020,24,left_heavy,0.014595599638268338
deadzone,active_no_task,1020,24,right_heavy,0.02250218814575296
deadzone,active_no_task,1020,24,broad_uniform,0.03051951112070974
deadzone,active_no_task,1020,30,declared,0.02405953846345485
deadzone,active_no_task,1020,30,forward_heavy,0.024906580788221055
deadzone,active_no_task,1020,30,left_heavy,0.01839090223714762
deadzone,active_no_task,1020,30,right_heavy,0.026588492591564997
deadzone,active_no_task,1020,30,broad_uniform,0.031736964397165966
deadzone,d_opt,1001,18,declared,0.0338353711883149
deadzone,d_opt,1001,18,forward_heavy,0.034867474954869124
deadzone,d_opt,1001,18,left_heavy,0.024994846904138016
deadzone,d_opt,1001,18,right_heavy,0.03846790673457202
deadzone,d_opt,1001,18,broad_uniform,0.041649489018773134
deadzone,d_opt,1001,24,declared,0.03302677432717796
deadzone,d_opt,1001,24,forward_heavy,0.03215891612457431
deadzone,d_opt,1001,24,left_heavy,0.02529834660887901
deadzone,d_opt,1001,24,right_heavy,0.041799139272551813
deadzone,d_opt,1001,24,broad_uniform,0.039006694781311094
deadzone,d_opt,1001,30,declared,0.02725208671432042
deadzone,d_opt,1001,30,forward_heavy,0.025693379309281686
deadzone,d_opt,1001,30,left_heavy,0.024738239661829108
deadzone,d_opt,1001,30,right_heavy,0.03373572811166832
deadzone,d_opt,1001,30,broad_uniform,0.03578484294450304
deadzone,d_opt,1002,18,declared,0.030842456615163973
deadzone,d_opt,1002,18,forward_heavy,0.032919723108695405
deadzone,d_opt,1002,18,left_heavy,0.029558398021476005
deadzone,d_opt,1002,18,right_heavy,0.024963310557642282
deadzone,d_opt,1002,18,broad_uniform,0.031543070658704944
deadzone,d_opt,1002,24,declared,0.018328019421641927
deadzone,d_opt,1002,24,forward_heavy,0.020545086389712038
deadzone,d_opt,1002,24,left_heavy,0.015242870292888854
deadzone,d_opt,1002,24,right_heavy,0.013382471250575678
deadzone,d_opt,1002,24,broad_uniform,0.021240992912742614
deadzone,d_opt,1002,30,declared,0.018136765725877985
deadzone,d_opt,1002,30,forward_heavy,0.019806144553346804
deadzone,d_opt,1002,30,left_heavy,0.013945973636647475
deadzone,d_opt,1002,30,right_heavy,0.01661081358991228
deadzone,d_opt,1002,30,broad_uniform,0.021681087906484323
deadzone,d_opt,1003,18,declared,0.03335380533952195
deadzone,d_opt,1003,18,forward_heavy,0.03557014953183512
deadzone,d_opt,1003,18,left_heavy,0.028402728517908843
deadzone,d_opt,1003,18,right_heavy,0.031062316112708
deadzone,d_opt,1003,18,broad_uniform,0.04250141578334206
deadzone,d_opt,1003,24,declared,0.03387174332850037
deadzone,d_opt,1003,24,forward_heavy,0.03620675082555519
deadzone,d_opt,1003,24,left_heavy,0.028242800677553647
deadzone,d_opt,1003,24,right_heavy,0.03182403428024609
deadzone,d_opt,1003,24,broad_uniform,0.03804432713235862
deadzone,d_opt,1003,30,declared,0.033579343703619875
deadzone,d_opt,1003,30,forward_heavy,0.03551825130048684
deadzone,d_opt,1003,30,left_heavy,0.028941841657612023
deadzone,d_opt,1003,30,right_heavy,0.031958635144659596
deadzone,d_opt,1003,30,broad_uniform,0.038622290655573
deadzone,d_opt,1004,18,declared,0.02371941598770071
deadzone,d_opt,1004,18,forward_heavy,0.023604527093437955
deadzone,d_opt,1004,18,left_heavy,0.024234661356257257
deadzone,d_opt,1004,18,right_heavy,0.02351837056727842
deadzone,d_opt,1004,18,broad_uniform,0.02979656322723767
deadzone,d_opt,1004,24,declared,0.025244040209587107
deadzone,d_opt,1004,24,forward_heavy,0.027080269899992085
deadzone,d_opt,1004,24,left_heavy,0.02353550907860529
deadzone,d_opt,1004,24,right_heavy,0.02069201071329325
deadzone,d_opt,1004,24,broad_uniform,0.02672591245646991
deadzone,d_opt,1004,30,declared,0.01778789165995707
deadzone,d_opt,1004,30,forward_heavy,0.018053599550657495
deadzone,d_opt,1004,30,left_heavy,0.01994995759140197
deadzone,d_opt,1004,30,right_heavy,0.01413569500736118
deadzone,d_opt,1004,30,broad_uniform,0.022800283091577014
deadzone,d_opt,1005,18,declared,0.028471675423915203
deadzone,d_opt,1005,18,forward_heavy,0.02863981257053226
deadzone,d_opt,1005,18,left_heavy,0.027219265356262068
deadzone,d_opt,1005,18,right_heavy,0.029244932761952593
deadzone,d_opt,1005,18,broad_uniform,0.03171116043129756
deadzone,d_opt,1005,24,declared,0.02309689795536438
deadzone,d_opt,1005,24,forward_heavy,0.02235169035304136
deadzone,d_opt,1005,24,left_heavy,0.02233726700456208
deadzone,d_opt,1005,24,right_heavy,0.025987372949986234
deadzone,d_opt,1005,24,broad_uniform,0.02457485357717876
deadzone,d_opt,1005,30,declared,0.0213781466740736
deadzone,d_opt,1005,30,forward_heavy,0.018860069717763613
deadzone,d_opt,1005,30,left_heavy,0.018955899654105005
deadzone,d_opt,1005,30,right_heavy,0.02958963660449771
deadzone,d_opt,1005,30,broad_uniform,0.021535542660337224
deadzone,d_opt,1006,18,declared,0.025431172831864184
deadzone,d_opt,1006,18,forward_heavy,0.02349865533936987
deadzone,d_opt,1006,18,left_heavy,0.03022007104713413
deadzone,d_opt,1006,18,right_heavy,0.025606702600123668
deadzone,d_opt,1006,18,broad_uniform,0.0274619940288885
deadzone,d_opt,1006,24,declared,0.01983339728837494
deadzone,d_opt,1006,24,forward_heavy,0.01873262112004741
deadzone,d_opt,1006,24,left_heavy,0.01989393009170806
deadzone,d_opt,1006,24,right_heavy,0.02285777358144755
deadzone,d_opt,1006,24,broad_uniform,0.01744806367111176
deadzone,d_opt,1006,30,declared,0.018946512504152146
deadzone,d_opt,1006,30,forward_heavy,0.0193144474347146
deadzone,d_opt,1006,30,left_heavy,0.016747922388391897
deadzone,d_opt,1006,30,right_heavy,0.019975816740318616
deadzone,d_opt,1006,30,broad_uniform,0.01539748023122388
deadzone,d_opt,1007,18,declared,0.02956959200182719
deadzone,d_opt,1007,18,forward_heavy,0.031148042242407234
deadzone,d_opt,1007,18,left_heavy,0.024058625406082237
deadzone,d_opt,1007,18,right_heavy,0.02987312541924051
deadzone,d_opt,1007,18,broad_uniform,0.03170665978581903
deadzone,d_opt,1007,24,declared,0.03018330281874153
deadzone,d_opt,1007,24,forward_heavy,0.031827545419668715
deadzone,d_opt,1007,24,left_heavy,0.02520644553522115
deadzone,d_opt,1007,24,right_heavy,0.029814117017332286
deadzone,d_opt,1007,24,broad_uniform,0.029932684541642756
deadzone,d_opt,1007,30,declared,0.02497076230676112
deadzone,d_opt,1007,30,forward_heavy,0.024308846940108243
deadzone,d_opt,1007,30,left_heavy,0.025996745169766838
deadzone,d_opt,1007,30,right_heavy,0.02586360090589983
deadzone,d_opt,1007,30,broad_uniform,0.026912594931046127
deadzone,d_opt,1008,18,declared,0.024684759787269233
deadzone,d_opt,1008,18,forward_heavy,0.026398200708112905
deadzone,d_opt,1008,18,left_heavy,0.02096173938140712
deadzone,d_opt,1008,18,right_heavy,0.02278503324698173
deadzone,d_opt,1008,18,broad_uniform,0.027089411915027187
deadzone,d_opt,1008,24,declared,0.020085312434830232
deadzone,d_opt,1008,24,forward_heavy,0.021122176250412843
deadzone,d_opt,1008,24,left_heavy,0.018278705671123833
deadzone,d_opt,1008,24,right_heavy,0.018569774999427358
deadzone,d_opt,1008,24,broad_uniform,0.02430127015147772
deadzone,d_opt,1008,30,declared,0.014690334366862248
deadzone,d_opt,1008,30,forward_heavy,0.013990692910340467
deadzone,d_opt,1008,30,left_heavy,0.016574314488755303
deadzone,d_opt,1008,30,right_heavy,0.014669860123068363
deadzone,d_opt,1008,30,broad_uniform,0.023512008827020908
deadzone,d_opt,1009,18,declared,0.023285909476458925
deadzone,d_opt,1009,18,forward_heavy,0.022903815398650575
deadzone,d_opt,1009,18,left_heavy,0.020440228319394693
deadzone,d_opt,1009,18,right_heavy,0.02701358867913311
deadzone,d_opt,1009,18,broad_uniform,0.0352964890128845
deadzone,d_opt,1009,24,declared,0.022163802068173803
deadzone,d_opt,1009,24,forward_heavy,0.02027267410017046
deadzone,d_opt,1009,24,left_heavy,0.019453667708454858
deadzone,d_opt,1009,24,right_heavy,0.029334274456565865
deadzone,d_opt,1009,24,broad_uniform,0.030254573475690067
deadzone,d_opt,1009,30,declared,0.017378607288444405
deadzone,d_opt,1009,30,forward_heavy,0.017539524355302365
deadzone,d_opt,1009,30,left_heavy,0.015267961165071627
deadzone,d_opt,1009,30,right_heavy,0.018923619255257856
deadzone,d_opt,1009,30,broad_uniform,0.0234402840265443
deadzone,d_opt,1010,18,declared,0.02327757112005393
deadzone,d_opt,1010,18,forward_heavy,0.02350354894581385
deadzone,d_opt,1010,18,left_heavy,0.01755854114871973
deadzone,d_opt,1010,18,right_heavy,0.027535889781025488
deadzone,d_opt,1010,18,broad_uniform,0.027343532778879232
deadzone,d_opt,1010,24,declared,0.018471856681943854
deadzone,d_opt,1010,24,forward_heavy,0.019587611276615048
deadzone,d_opt,1010,24,left_heavy,0.014814076382610727
deadzone,d_opt,1010,24,right_heavy,0.018422560683879197
deadzone,d_opt,1010,24,broad_uniform,0.020433937495947286
deadzone,d_opt,1010,30,declared,0.020774289773962208
deadzone,d_opt,1010,30,forward_heavy,0.020942343888583476
deadzone,d_opt,1010,30,left_heavy,0.018366061792321052
deadzone,d_opt,1010,30,right_heavy,0.022591850350768005
deadzone,d_opt,1010,30,broad_uniform,0.022282982261792168
deadzone,d_opt,1011,18,declared,0.03044649797126129
deadzone,d_opt,1011,18,forward_heavy,0.03254325645963711
deadzone,d_opt,1011,18,left_heavy,0.027880964142014405
deadzone,d_opt,1011,18,right_heavy,0.026018721882886557
deadzone,d_opt,1011,18,broad_uniform,0.032636074102675806
deadzone,d_opt,1011,24,declared,0.02229055440347229
deadzone,d_opt,1011,24,forward_heavy,0.023702825993608463
deadzone,d_opt,1011,24,left_heavy,0.020880683665578794
deadzone,d_opt,1011,24,right_heavy,0.018982330166247504
deadzone,d_opt,1011,24,broad_uniform,0.022052772221905166
deadzone,d_opt,1011,30,declared,0.016019479550277892
deadzone,d_opt,1011,30,forward_heavy,0.01573634354289393
deadzone,d_opt,1011,30,left_heavy,0.017635850746321024
deadzone,d_opt,1011,30,right_heavy,0.015049023079130438
deadzone,d_opt,1011,30,broad_uniform,0.01754335135673836
deadzone,d_opt,1012,18,declared,0.025758176313842703
deadzone,d_opt,1012,18,forward_heavy,0.028869312719122665
deadzone,d_opt,1012,18,left_heavy,0.019329459816311827
deadzone,d_opt,1012,18,right_heavy,0.021108553655299404
deadzone,d_opt,1012,18,broad_uniform,0.028927457208786905
deadzone,d_opt,1012,24,declared,0.027537540260638788
deadzone,d_opt,1012,24,forward_heavy,0.031225705503988222
deadzone,d_opt,1012,24,left_heavy,0.021588617071581554
deadzone,d_opt,1012,24,right_heavy,0.01994663900192172
deadzone,d_opt,1012,24,broad_uniform,0.028778070712900197
deadzone,d_opt,1012,30,declared,0.02288775509956448
deadzone,d_opt,1012,30,forward_heavy,0.02371883767523564
deadzone,d_opt,1012,30,left_heavy,0.020922977187080433
deadzone,d_opt,1012,30,right_heavy,0.022260779579797118
deadzone,d_opt,1012,30,broad_uniform,0.02692210451138999
deadzone,d_opt,1013,18,declared,0.023683532772155354
deadzone,d_opt,1013,18,forward_heavy,0.02545094446903655
deadzone,d_opt,1013,18,left_heavy,0.02069930361399226
deadzone,d_opt,1013,18,right_heavy,0.020805218473579707
deadzone,d_opt,1013,18,broad_uniform,0.026967163121174576
deadzone,d_opt,1013,24,declared,0.01855218305121795
deadzone,d_opt,1013,24,forward_heavy,0.02071976980149179
deadzone,d_opt,1013,24,left_heavy,0.011772940548433173
deadzone,d_opt,1013,24,right_heavy,0.017305449152045408
deadzone,d_opt,1013,24,broad_uniform,0.017926237810432302
deadzone,d_opt,1013,30,declared,0.016756627949299097
deadzone,d_opt,1013,30,forward_heavy,0.018610065362582234
deadzone,d_opt,1013,30,left_heavy,0.012179906366335307
deadzone,d_opt,1013,30,right_heavy,0.014790446942271123
deadzone,d_opt,1013,30,broad_uniform,0.017071551631411924
deadzone,d_opt,1014,18,declared,0.01745993074987614
deadzone,d_opt,1014,18,forward_heavy,0.01603151272189131
deadzone,d_opt,1014,18,left_heavy,0.015643311382624
deadzone,d_opt,1014,18,right_heavy,0.022746412881826848
deadzone,d_opt,1014,18,broad_uniform,0.022928945568445342
deadzone,d_opt,1014,24,declared,0.017642023858168994
deadzone,d_opt,1014,24,forward_heavy,0.017955022716137293
deadzone,d_opt,1014,24,left_heavy,0.012408309403810502
deadzone,d_opt,1014,24,right_heavy,0.021082698741585852
deadzone,d_opt,1014,24,broad_uniform,0.018143434190204182
deadzone,d_opt,1014,30,declared,0.011737721240886604
deadzone,d_opt,1014,30,forward_heavy,0.011728569286984108
deadzone,d_opt,1014,30,left_heavy,0.009198756846922515
deadzone,d_opt,1014,30,right_heavy,0.013969762991444097
deadzone,d_opt,1014,30,broad_uniform,0.016116072119954247
deadzone,d_opt,1015,18,declared,0.020166301104831353
deadzone,d_opt,1015,18,forward_heavy,0.02052570667411833
deadzone,d_opt,1015,18,left_heavy,0.022311783409348192
deadzone,d_opt,1015,18,right_heavy,0.0162505831018478
deadzone,d_opt,1015,18,broad_uniform,0.031376424881457705
deadzone,d_opt,1015,24,declared,0.018165514882439466
deadzone,d_opt,1015,24,forward_heavy,0.017674001787683875
deadzone,d_opt,1015,24,left_heavy,0.01976829816179451
deadzone,d_opt,1015,24,right_heavy,0.017881779888417156
deadzone,d_opt,1015,24,broad_uniform,0.02564507603951348
deadzone,d_opt,1015,30,declared,0.016283670464301597
deadzone,d_opt,1015,30,forward_heavy,0.015908634596913652
deadzone,d_opt,1015,30,left_heavy,0.017508690709400077
deadzone,d_opt,1015,30,right_heavy,0.016076086124847313
deadzone,d_opt,1015,30,broad_uniform,0.02130826536574006
deadzone,d_opt,1016,18,declared,0.028603879214315033
deadzone,d_opt,1016,18,forward_heavy,0.03081371545023013
deadzone,d_opt,1016,18,left_heavy,0.02750798444310907
deadzone,d_opt,1016,18,right_heavy,0.021829145583390355
deadzone,d_opt,1016,18,broad_uniform,0.028654006383435623
deadzone,d_opt,1016,24,declared,0.01982742749460171
deadzone,d_opt,1016,24,forward_heavy,0.02128615790234394
deadzone,d_opt,1016,24,left_heavy,0.014853183151318065
deadzone,d_opt,1016,24,right_heavy,0.019777597540121407
deadzone,d_opt,1016,24,broad_uniform,0.020895547471596124
deadzone,d_opt,1016,30,declared,0.016032956136617437
deadzone,d_opt,1016,30,forward_heavy,0.01722388235060024
deadzone,d_opt,1016,30,left_heavy,0.011787829881631786
deadzone,d_opt,1016,30,right_heavy,0.01613101413395471
deadzone,d_opt,1016,30,broad_uniform,0.016720628423192364
deadzone,d_opt,1017,18,declared,0.036990087101848826
deadzone,d_opt,1017,18,forward_heavy,0.03900337073494572
deadzone,d_opt,1017,18,left_heavy,0.03331709611931588
deadzone,d_opt,1017,18,right_heavy,0.034193833137260744
deadzone,d_opt,1017,18,broad_uniform,0.03965375704063171
deadzone,d_opt,1017,24,declared,0.03496868656603714
deadzone,d_opt,1017,24,forward_heavy,0.03376753549244553
deadzone,d_opt,1017,24,left_heavy,0.028202518944528937
deadzone,d_opt,1017,24,right_heavy,0.043987855551811575
deadzone,d_opt,1017,24,broad_uniform,0.038381582589412634
deadzone,d_opt,1017,30,declared,0.030421456160218085
deadzone,d_opt,1017,30,forward_heavy,0.030812179125487928
deadzone,d_opt,1017,30,left_heavy,0.02393047981649212
deadzone,d_opt,1017,30,right_heavy,0.035037948306964016
deadzone,d_opt,1017,30,broad_uniform,0.03457961265731433
deadzone,d_opt,1018,18,declared,0.019114453336047447
deadzone,d_opt,1018,18,forward_heavy,0.01917947639753569
deadzone,d_opt,1018,18,left_heavy,0.018084948177956063
deadzone,d_opt,1018,18,right_heavy,0.019962427302789108
deadzone,d_opt,1018,18,broad_uniform,0.023697840849116306
deadzone,d_opt,1018,24,declared,0.01831117320792862
deadzone,d_opt,1018,24,forward_heavy,0.01937870192084794
deadzone,d_opt,1018,24,left_heavy,0.01703673165890834
deadzone,d_opt,1018,24,right_heavy,0.016079827862772067
deadzone,d_opt,1018,24,broad_uniform,0.019540189087230472
deadzone,d_opt,1018,30,declared,0.018691685619490153
deadzone,d_opt,1018,30,forward_heavy,0.019678513884552207
deadzone,d_opt,1018,30,left_heavy,0.01589054183646647
deadzone,d_opt,1018,30,right_heavy,0.018310694018142355
deadzone,d_opt,1018,30,broad_uniform,0.016857363467544736
deadzone,d_opt,1019,18,declared,0.03493846042866426
deadzone,d_opt,1019,18,forward_heavy,0.03348830443393998
deadzone,d_opt,1019,18,left_heavy,0.02886152523291703
deadzone,d_opt,1019,18,right_heavy,0.044069713128906715
deadzone,d_opt,1019,18,broad_uniform,0.041424762771598324
deadzone,d_opt,1019,24,declared,0.028675137358764716
deadzone,d_opt,1019,24,forward_heavy,0.023364485213958928
deadzone,d_opt,1019,24,left_heavy,0.020436805212170416
deadzone,d_opt,1019,24,right_heavy,0.045947456774089596
deadzone,d_opt,1019,24,broad_uniform,0.0391155615721514
deadzone,d_opt,1019,30,declared,0.02525283213174427
deadzone,d_opt,1019,30,forward_heavy,0.02187986520841899
deadzone,d_opt,1019,30,left_heavy,0.01922538139064078
deadzone,d_opt,1019,30,right_heavy,0.03764109918515096
deadzone,d_opt,1019,30,broad_uniform,0.035391896249751933
deadzone,d_opt,1020,18,declared,0.027970991963582877
deadzone,d_opt,1020,18,forward_heavy,0.028032969223002333
deadzone,d_opt,1020,18,left_heavy,0.022546125313783864
deadzone,d_opt,1020,18,right_heavy,0.03261896613383295
deadzone,d_opt,1020,18,broad_uniform,0.03776359239672511
deadzone,d_opt,1020,24,declared,0.030098927343293287
deadzone,d_opt,1020,24,forward_heavy,0.026168358027604578
deadzone,d_opt,1020,24,left_heavy,0.023341811155405838
deadzone,d_opt,1020,24,right_heavy,0.04446593172741073
deadzone,d_opt,1020,24,broad_uniform,0.041333151306932596
deadzone,d_opt,1020,30,declared,0.026237915900909143
deadzone,d_opt,1020,30,forward_heavy,0.023860056377966853
deadzone,d_opt,1020,30,left_heavy,0.02183035302884198
deadzone,d_opt,1020,30,right_heavy,0.035832605968921016
deadzone,d_opt,1020,30,broad_uniform,0.03628668079917661
deadzone,lhs,1001,18,declared,0.02932568497476108
deadzone,lhs,1001,18,forward_heavy,0.028541006131524656
deadzone,lhs,1001,18,left_heavy,0.03043565230795318
deadzone,lhs,1001,18,right_heavy,0.030497003632254115
deadzone,lhs,1001,18,broad_uniform,0.05348414033930024
deadzone,lhs,1001,24,declared,0.02446558826119521
deadzone,lhs,1001,24,forward_heavy,0.0255492078731173
deadzone,lhs,1001,24,left_heavy,0.019591633045574874
deadzone,lhs,1001,24,right_heavy,0.0256818611435982
deadzone,lhs,1001,24,broad_uniform,0.03860397195001207
deadzone,lhs,1001,30,declared,0.022175529303578384
deadzone,lhs,1001,30,forward_heavy,0.023145161246982186
deadzone,lhs,1001,30,left_heavy,0.01801389042065908
deadzone,lhs,1001,30,right_heavy,0.023106116661299986
deadzone,lhs,1001,30,broad_uniform,0.03137602338906893
deadzone,lhs,1002,18,declared,0.03903386811163499
deadzone,lhs,1002,18,forward_heavy,0.0408967856355035
deadzone,lhs,1002,18,left_heavy,0.036168169623795564
deadzone,lhs,1002,18,right_heavy,0.035940186336129575
deadzone,lhs,1002,18,broad_uniform,0.0472515595807449
deadzone,lhs,1002,24,declared,0.040830113668356253
deadzone,lhs,1002,24,forward_heavy,0.04263081736948639
deadzone,lhs,1002,24,left_heavy,0.037354102181288526
deadzone,lhs,1002,24,right_heavy,0.03861200027465047
deadzone,lhs,1002,24,broad_uniform,0.04903273221903004
deadzone,lhs,1002,30,declared,0.025150026244954087
deadzone,lhs,1002,30,forward_heavy,0.02675148610925135
deadzone,lhs,1002,30,left_heavy,0.02161980209231248
deadzone,lhs,1002,30,right_heavy,0.02347047233185887
deadzone,lhs,1002,30,broad_uniform,0.029660336147890223
deadzone,lhs,1003,18,declared,0.02829478824243902
deadzone,lhs,1003,18,forward_heavy,0.03039801808379251
deadzone,lhs,1003,18,left_heavy,0.022204410570313186
deadzone,lhs,1003,18,right_heavy,0.027309947116069933
deadzone,lhs,1003,18,broad_uniform,0.04233888103838191
deadzone,lhs,1003,24,declared,0.02213887949398978
deadzone,lhs,1003,24,forward_heavy,0.024875147767606805
deadzone,lhs,1003,24,left_heavy,0.016245254770047422
deadzone,lhs,1003,24,right_heavy,0.01823356781912019
deadzone,lhs,1003,24,broad_uniform,0.03329391003609724
deadzone,lhs,1003,30,declared,0.024178515294929984
deadzone,lhs,1003,30,forward_heavy,0.02726608520929895
deadzone,lhs,1003,30,left_heavy,0.01795751193712994
deadzone,lhs,1003,30,right_heavy,0.019276443350344265
deadzone,lhs,1003,30,broad_uniform,0.028528394768496446
deadzone,lhs,1004,18,declared,0.02126416828338869
deadzone,lhs,1004,18,forward_heavy,0.021820378916015164
deadzone,lhs,1004,18,left_heavy,0.019568299162745162
deadzone,lhs,1004,18,right_heavy,0.02125354006605235
deadzone,lhs,1004,18,broad_uniform,0.04661703528900713
deadzone,lhs,1004,24,declared,0.023771547479905796
deadzone,lhs,1004,24,forward_heavy,0.022876633255715935
deadzone,lhs,1004,24,left_heavy,0.02384103362340652
deadzone,lhs,1004,24,right_heavy,0.02628774117238422
deadzone,lhs,1004,24,broad_uniform,0.030709357805032665
deadzone,lhs,1004,30,declared,0.02026265992673102
deadzone,lhs,1004,30,forward_heavy,0.019781167353532973
deadzone,lhs,1004,30,left_heavy,0.02107766761989215
deadzone,lhs,1004,30,right_heavy,0.020843070277496087
deadzone,lhs,1004,30,broad_uniform,0.022267707724576796
deadzone,lhs,1005,18,declared,0.0387279486003142
deadzone,lhs,1005,18,forward_heavy,0.03890598665999228
deadzone,lhs,1005,18,left_heavy,0.03661102718368647
deadzone,lhs,1005,18,right_heavy,0.040337826931889476
deadzone,lhs,1005,18,broad_uniform,0.0893255087305008
deadzone,lhs,1005,24,declared,0.025343335317895403
deadzone,lhs,1005,24,forward_heavy,0.026449856756734558
deadzone,lhs,1005,24,left_heavy,0.02067830889163246
deadzone,lhs,1005,24,right_heavy,0.026335857744870527
deadzone,lhs,1005,24,broad_uniform,0.05044855426054063
deadzone,lhs,1005,30,declared,0.022813362660847606
deadzone,lhs,1005,30,forward_heavy,0.02460712854041647
deadzone,lhs,1005,30,left_heavy,0.018712298841887128
deadzone,lhs,1005,30,right_heavy,0.020935628134637743
deadzone,lhs,1005,30,broad_uniform,0.04997564469409305
deadzone,lhs,1006,18,declared,0.03699311169863078
deadzone,lhs,1006,18,forward_heavy,0.03740307604786359
deadzone,lhs,1006,18,left_heavy,0.03508205808536754
deadzone,lhs,1006,18,right_heavy,0.037694060168915466
deadzone,lhs,1006,18,broad_uniform,0.04425725843605088
deadzone,lhs,1006,24,declared,0.030772510676082516
deadzone,lhs,1006,24,forward_heavy,0.031226450059280965
deadzone,lhs,1006,24,left_heavy,0.024600387292792413
deadzone,lhs,1006,24,right_heavy,0.03498983898030837
deadzone,lhs,1006,24,broad_uniform,0.031993597111541316
deadzone,lhs,1006,30,declared,0.02898134054349297
deadzone,lhs,1006,30,forward_heavy,0.029668338757360625
deadzone,lhs,1006,30,left_heavy,0.024047524965924643
deadzone,lhs,1006,30,right_heavy,0.03152905542358369
deadzone,lhs,1006,30,broad_uniform,0.023835116392263017
deadzone,lhs,1007,18,declared,0.03826131621286416
deadzone,lhs,1007,18,forward_heavy,0.03653183789133054
deadzone,lhs,1007,18,left_heavy,0.03420076026209695
deadzone,lhs,1007,18,right_heavy,0.04668064938791181
deadzone,lhs,1007,18,broad_uniform,0.051517455970883606
deadzone,lhs,1007,24,declared,0.022174922454241075
deadzone,lhs,1007,24,forward_heavy,0.022071569156507622
deadzone,lhs,1007,24,left_heavy,0.021821592746371403
deadzone,lhs,1007,24,right_heavy,0.022858200846298343
deadzone,lhs,1007,24,broad_uniform,0.04208991027164483
deadzone,lhs,1007,30,declared,0.015702552741205456
deadzone,lhs,1007,30,forward_heavy,0.016231658157500592
deadzone,lhs,1007,30,left_heavy,0.014372101698274018
deadzone,lhs,1007,30,right_heavy,0.015389949122222645
deadzone,lhs,1007,30,broad_uniform,0.04031911735660793
deadzone,lhs,1008,18,declared,0.02729772738159079
deadzone,lhs,1008,18,forward_heavy,0.030944009074454618
deadzone,lhs,1008,18,left_heavy,0.01750498670732928
deadzone,lhs,1008,18,right_heavy,0.023548824521564152
deadzone,lhs,1008,18,broad_uniform,0.04804550778032965
deadzone,lhs,1008,24,declared,0.025705948297893143
deadzone,lhs,1008,24,forward_heavy,0.02758853357860135
deadzone,lhs,1008,24,left_heavy,0.0202130978390463
deadzone,lhs,1008,24,right_heavy,0.024873498738616447
deadzone,lhs,1008,24,broad_uniform,0.04248745075010453
deadzone,lhs,1008,30,declared,0.020654213977339173
deadzone,lhs,1008,30,forward_heavy,0.021207016788581536
deadzone,lhs,1008,30,left_heavy,0.01881468973305157
deadzone,lhs,1008,30,right_heavy,0.020791340827550187
deadzone,lhs,1008,30,broad_uniform,0.038070538577962866
deadzone,lhs,1009,18,declared,0.036736885435919145
deadzone,lhs,1009,18,forward_heavy,0.033039040380902836
deadzone,lhs,1009,18,left_heavy,0.04474259813793018
deadzone,lhs,1009,18,right_heavy,0.038131084302804784
deadzone,lhs,1009,18,broad_uniform,0.04125187932189478
deadzone,lhs,1009,24,declared,0.02891053335729976
deadzone,lhs,1009,24,forward_heavy,0.026867255970226184
deadzone,lhs,1009,24,left_heavy,0.03715777420521345
deadzone,lhs,1009,24,right_heavy,0.024657422738818203
deadzone,lhs,1009,24,broad_uniform,0.035034013797444724
deadzone,lhs,1009,30,declared,0.02211064387767303
deadzone,lhs,1009,30,forward_heavy,0.021562901828084426
deadzone,lhs,1009,30,left_heavy,0.023343408259081766
deadzone,lhs,1009,30,right_heavy,0.022434302436526415
deadzone,lhs,1009,30,broad_uniform,0.030374892130074407
deadzone,lhs,1010,18,declared,0.022029717696981903
deadzone,lhs,1010,18,forward_heavy,0.02436740435277104
deadzone,lhs,1010,18,left_heavy,0.01791611942900972
deadzone,lhs,1010,18,right_heavy,0.018005461650391193
deadzone,lhs,1010,18,broad_uniform,0.042953392095327114
deadzone,lhs,1010,24,declared,0.024650168326162295
deadzone,lhs,1010,24,forward_heavy,0.027641497909961524
deadzone,lhs,1010,24,left_heavy,0.019199187522173946
deadzone,lhs,1010,24,right_heavy,0.019428242034652387
deadzone,lhs,1010,24,broad_uniform,0.035408576403511485
deadzone,lhs,1010,30,declared,0.023047888476522786
deadzone,lhs,1010,30,forward_heavy,0.024049107387093083
deadzone,lhs,1010,30,left_heavy,0.02305290015759935
deadzone,lhs,1010,30,right_heavy,0.01961363076271
deadzone,lhs,1010,30,broad_uniform,0.03179672031619463
deadzone,lhs,1011,18,declared,0.02713160617542868
deadzone,lhs,1011,18,forward_heavy,0.0281355476673382
deadzone,lhs,1011,18,left_heavy,0.021513597415078828
deadzone,lhs,1011,18,right_heavy,0.02925058267288981
deadzone,lhs,1011,18,broad_uniform,0.05623002112389715
deadzone,lhs,1011,24,declared,0.025806672981300592
deadzone,lhs,1011,24,forward_heavy,0.026751773594438446
deadzone,lhs,1011,24,left_heavy,0.022623340973345177
deadzone,lhs,1011,24,right_heavy,0.026007558865105924
deadzone,lhs,1011,24,broad_uniform,0.04481267211938484
deadzone,lhs,1011,30,declared,0.016458703267457322
deadzone,lhs,1011,30,forward_heavy,0.016181283133184548
deadzone,lhs,1011,30,left_heavy,0.01433214545945887
deadzone,lhs,1011,30,right_heavy,0.01920510037125311
deadzone,lhs,1011,30,broad_uniform,0.031809323970468345
deadzone,lhs,1012,18,declared,0.037300491711553904
deadzone,lhs,1012,18,forward_heavy,0.035570608580505834
deadzone,lhs,1012,18,left_heavy,0.04347964595348112
deadzone,lhs,1012,18,right_heavy,0.035352260231771536
deadzone,lhs,1012,18,broad_uniform,0.08433225178416918
deadzone,lhs,1012,24,declared,0.01950176346135675
deadzone,lhs,1012,24,forward_heavy,0.019862327964747014
deadzone,lhs,1012,24,left_heavy,0.014125070649070134
deadzone,lhs,1012,24,right_heavy,0.023004205742699343
deadzone,lhs,1012,24,broad_uniform,0.040774830419633284
deadzone,lhs,1012,30,declared,0.016424913347981435
deadzone,lhs,1012,30,forward_heavy,0.017860091859724623
deadzone,lhs,1012,30,left_heavy,0.011576481429258953
deadzone,lhs,1012,30,right_heavy,0.016186423561177447
deadzone,lhs,1012,30,broad_uniform,0.024942151177352278
deadzone,lhs,1013,18,declared,0.047155493773004084
deadzone,lhs,1013,18,forward_heavy,0.04651802054574963
deadzone,lhs,1013,18,left_heavy,0.05130078173022976
deadzone,lhs,1013,18,right_heavy,0.044423229884157575
deadzone,lhs,1013,18,broad_uniform,0.07162393879461788
deadzone,lhs,1013,24,declared,0.030300406521260034
deadzone,lhs,1013,24,forward_heavy,0.03018317252896299
deadzone,lhs,1013,24,left_heavy,0.029765818294610467
deadzone,lhs,1013,24,right_heavy,0.03121487107352485
deadzone,lhs,1013,24,broad_uniform,0.041633552730826716
deadzone,lhs,1013,30,declared,0.017533117636007317
deadzone,lhs,1013,30,forward_heavy,0.01713306707361734
deadzone,lhs,1013,30,left_heavy,0.015830639846949324
deadzone,lhs,1013,30,right_heavy,0.02027384568637984
deadzone,lhs,1013,30,broad_uniform,0.02784817243265707
deadzone,lhs,1014,18,declared,0.023393473114134457
deadzone,lhs,1014,18,forward_heavy,0.024559135626588558
deadzone,lhs,1014,18,left_heavy,0.0225795966113266
deadzone,lhs,1014,18,right_heavy,0.02034192862658563
deadzone,lhs,1014,18,broad_uniform,0.030532921269922207
deadzone,lhs,1014,24,declared,0.026344151572865907
deadzone,lhs,1014,24,forward_heavy,0.027707014462096915
deadzone,lhs,1014,24,left_heavy,0.025820261180790286
deadzone,lhs,1014,24,right_heavy,0.022241368705010662
deadzone,lhs,1014,24,broad_uniform,0.03091804864578741
deadzone,lhs,1014,30,declared,0.029716261227651274
deadzone,lhs,1014,30,forward_heavy,0.03340579935476435
deadzone,lhs,1014,30,left_heavy,0.022781636417334605
deadzone,lhs,1014,30,right_heavy,0.023432568122334616
deadzone,lhs,1014,30,broad_uniform,0.029994235839246035
deadzone,lhs,1015,18,declared,0.038337989056860804
deadzone,lhs,1015,18,forward_heavy,0.037617428591346
deadzone,lhs,1015,18,left_heavy,0.038106169504635246
deadzone,lhs,1015,18,right_heavy,0.04072434392269511
deadzone,lhs,1015,18,broad_uniform,0.07683841176049495
deadzone,lhs,1015,24,declared,0.027771342152236842
deadzone,lhs,1015,24,forward_heavy,0.028631374324167753
deadzone,lhs,1015,24,left_heavy,0.02509604416274904
deadzone,lhs,1015,24,right_heavy,0.02777921111472284
deadzone,lhs,1015,24,broad_uniform,0.04226706153156402
deadzone,lhs,1015,30,declared,0.01844145072620035
deadzone,lhs,1015,30,forward_heavy,0.019466765178848378
deadzone,lhs,1015,30,left_heavy,0.016357853849707827
deadzone,lhs,1015,30,right_heavy,0.0172303793180011
deadzone,lhs,1015,30,broad_uniform,0.02915743315387143
deadzone,lhs,1016,18,declared,0.03787032852912094
deadzone,lhs,1016,18,forward_heavy,0.03885814114427503
deadzone,lhs,1016,18,left_heavy,0.03748442156515095
deadzone,lhs,1016,18,right_heavy,0.03507265038509589
deadzone,lhs,1016,18,broad_uniform,0.056234627552904363
deadzone,lhs,1016,24,declared,0.025362812789440376
deadzone,lhs,1016,24,forward_heavy,0.027711966944162683
deadzone,lhs,1016,24,left_heavy,0.021281416117744804
deadzone,lhs,1016,24,right_heavy,0.021439408685651116
deadzone,lhs,1016,24,broad_uniform,0.0307075588539997
deadzone,lhs,1016,30,declared,0.021739180511609498
deadzone,lhs,1016,30,forward_heavy,0.022579505865501746
deadzone,lhs,1016,30,left_heavy,0.02151762930539777
deadzone,lhs,1016,30,right_heavy,0.019165040517722096
deadzone,lhs,1016,30,broad_uniform,0.028290161627230064
deadzone,lhs,1017,18,declared,0.037796034973179175
deadzone,lhs,1017,18,forward_heavy,0.03923937416480139
deadzone,lhs,1017,18,left_heavy,0.03790163377397396
deadzone,lhs,1017,18,right_heavy,0.03278912434123087
deadzone,lhs,1017,18,broad_uniform,0.06767571154996367
deadzone,lhs,1017,24,declared,0.026387083106253612
deadzone,lhs,1017,24,forward_heavy,0.027507021504235153
deadzone,lhs,1017,24,left_heavy,0.02043225047864929
deadzone,lhs,1017,24,right_heavy,0.028399229610745737
deadzone,lhs,1017,24,broad_uniform,0.038617925170222125
deadzone,lhs,1017,30,declared,0.02511514475264116
deadzone,lhs,1017,30,forward_heavy,0.028096844155381568
deadzone,lhs,1017,30,left_heavy,0.017726478229773694
deadzone,lhs,1017,30,right_heavy,0.02182554366219056
deadzone,lhs,1017,30,broad_uniform,0.03513049622435
deadzone,lhs,1018,18,declared,0.028566951307038103
deadzone,lhs,1018,18,forward_heavy,0.031195479578623106
deadzone,lhs,1018,18,left_heavy,0.02392913274652649
deadzone,lhs,1018,18,right_heavy,0.02426055673201039
deadzone,lhs,1018,18,broad_uniform,0.05465882258634066
deadzone,lhs,1018,24,declared,0.025783652206263195
deadzone,lhs,1018,24,forward_heavy,0.02716038594559476
deadzone,lhs,1018,24,left_heavy,0.0239501738541145
deadzone,lhs,1018,24,right_heavy,0.02315153846402501
deadzone,lhs,1018,24,broad_uniform,0.04442136150328373
deadzone,lhs,1018,30,declared,0.023745971042419656
deadzone,lhs,1018,30,forward_heavy,0.02545320013453537
deadzone,lhs,1018,30,left_heavy,0.01958592842430876
deadzone,lhs,1018,30,right_heavy,0.022263459952838998
deadzone,lhs,1018,30,broad_uniform,0.03469211529519417
deadzone,lhs,1019,18,declared,0.030924682296280225
deadzone,lhs,1019,18,forward_heavy,0.025776469652555607
deadzone,lhs,1019,18,left_heavy,0.026701317785909725
deadzone,lhs,1019,18,right_heavy,0.046059160996910355
deadzone,lhs,1019,18,broad_uniform,0.060260162833836485
deadzone,lhs,1019,24,declared,0.020431938943129592
deadzone,lhs,1019,24,forward_heavy,0.0186249950030232
deadzone,lhs,1019,24,left_heavy,0.016494674098689325
deadzone,lhs,1019,24,right_heavy,0.02813341957206306
deadzone,lhs,1019,24,broad_uniform,0.034681546604111026
deadzone,lhs,1019,30,declared,0.02628020662957272
deadzone,lhs,1019,30,forward_heavy,0.025046662228765674
deadzone,lhs,1019,30,left_heavy,0.020040949249440783
deadzone,lhs,1019,30,right_heavy,0.03457435984123661
deadzone,lhs,1019,30,broad_uniform,0.04062306689312272
deadzone,lhs,1020,18,declared,0.01860201310111847
deadzone,lhs,1020,18,forward_heavy,0.019039026435246926
deadzone,lhs,1020,18,left_heavy,0.018290853434391425
deadzone,lhs,1020,18,right_heavy,0.01752880293336579
deadzone,lhs,1020,18,broad_uniform,0.05459617357952124
deadzone,lhs,1020,24,declared,0.024735887169047416
deadzone,lhs,1020,24,forward_heavy,0.02804067376733187
deadzone,lhs,1020,24,left_heavy,0.01846765387237013
deadzone,lhs,1020,24,right_heavy,0.018968181733929137
deadzone,lhs,1020,24,broad_uniform,0.03709611135114581
deadzone,lhs,1020,30,declared,0.02337494867665498
deadzone,lhs,1020,30,forward_heavy,0.026606409240843062
deadzone,lhs,1020,30,left_heavy,0.01633453167819321
deadzone,lhs,1020,30,right_heavy,0.018538738666050818
deadzone,lhs,1020,30,broad_uniform,0.035015401504605574
heteroscedastic,active,1001,18,declared,0.028985037572463776
heteroscedastic,active,1001,18,forward_heavy,0.028410702795808946
heteroscedastic,active,1001,18,left_heavy,0.03045187997754723
heteroscedastic,active,1001,18,right_heavy,0.02914383439304417
heteroscedastic,active,1001,18,broad_uniform,0.07413818831982223
heteroscedastic,active,1001,24,declared,0.022257956739935553
heteroscedastic,active,1001,24,forward_heavy,0.02092252205466429
heteroscedastic,active,1001,24,left_heavy,0.02478730717656747
heteroscedastic,active,1001,24,right_heavy,0.023394983068274318
heteroscedastic,active,1001,24,broad_uniform,0.06500784943312546
heteroscedastic,active,1001,30,declared,0.01905244283922851
heteroscedastic,active,1001,30,forward_heavy,0.020570397393006406
heteroscedastic,active,1001,30,left_heavy,0.01768693798438849
heteroscedastic,active,1001,30,right_heavy,0.015164424681138265
heteroscedastic,active,1001,30,broad_uniform,0.07207014272488206
heteroscedastic,active,1002,18,declared,0.0296355768973604
heteroscedastic,active,1002,18,forward_heavy,0.030537127957789414
heteroscedastic,active,1002,18,left_heavy,0.03184567194004631
heteroscedastic,active,1002,18,right_heavy,0.023770274906106732
heteroscedastic,active,1002,18,broad_uniform,0.09167287933246678
heteroscedastic,active,1002,24,declared,0.019435478895530836
heteroscedastic,active,1002,24,forward_heavy,0.020558022948249738
heteroscedastic,active,1002,24,left_heavy,0.01991685678583773
heteroscedastic,active,1002,24,right_heavy,0.014774052617332601
heteroscedastic,active,1002,24,broad_uniform,0.062309198250352485
heteroscedastic,active,1002,30,declared,0.014093077404478207
heteroscedastic,active,1002,30,forward_heavy,0.01501069166396125
heteroscedastic,active,1002,30,left_heavy,0.014411171205387808
heteroscedastic,active,1002,30,right_heavy,0.010300677158200877
heteroscedastic,active,1002,30,broad_uniform,0.039092005921063405
heteroscedastic,active,1003,18,declared,0.017766936878393782
heteroscedastic,active,1003,18,forward_heavy,0.016569703092330898
heteroscedastic,active,1003,18,left_heavy,0.017783466099604024
heteroscedastic,active,1003,18,right_heavy,0.021036860448476812
heteroscedastic,active,1003,18,broad_uniform,0.0961188820159917
heteroscedastic,active,1003,24,declared,0.01654564050223396
heteroscedastic,active,1003,24,forward_heavy,0.01590883077974153
heteroscedastic,active,1003,24,left_heavy,0.015006408238158839
heteroscedastic,active,1003,24,right_heavy,0.019740318240563978
heteroscedastic,active,1003,24,broad_uniform,0.06781620311965939
heteroscedastic,active,1003,30,declared,0.013682674879567348
heteroscedastic,active,1003,30,forward_heavy,0.013562966839037849
heteroscedastic,active,1003,30,left_heavy,0.013526992410169431
heteroscedastic,active,1003,30,right_heavy,0.014207454170142924
heteroscedastic,active,1003,30,broad_uniform,0.04814050101331846
heteroscedastic,active,1004,18,declared,0.02393008293941978
heteroscedastic,active,1004,18,forward_heavy,0.025292108604680327
heteroscedastic,active,1004,18,left_heavy,0.02486129724941626
heteroscedastic,active,1004,18,right_heavy,0.01778262861920907
heteroscedastic,active,1004,18,broad_uniform,0.09742578837043216
heteroscedastic,active,1004,24,declared,0.025530968630317757
heteroscedastic,active,1004,24,forward_heavy,0.026950217907610135
heteroscedastic,active,1004,24,left_heavy,0.027890988874967125
heteroscedastic,active,1004,24,right_heavy,0.016919863890856836
heteroscedastic,active,1004,24,broad_uniform,0.09514536925278788
heteroscedastic,active,1004,30,declared,0.01929679490849626
heteroscedastic,active,1004,30,forward_heavy,0.021686744787712806
heteroscedastic,active,1004,30,left_heavy,0.015328605706114115
heteroscedastic,active,1004,30,right_heavy,0.014667734243970023
heteroscedastic,active,1004,30,broad_uniform,0.04968272616829067
heteroscedastic,active,1005,18,declared,0.023938557407225867
heteroscedastic,active,1005,18,forward_heavy,0.024544084847936992
heteroscedastic,active,1005,18,left_heavy,0.01956725721243382
heteroscedastic,active,1005,18,right_heavy,0.026170511911213935
heteroscedastic,active,1005,18,broad_uniform,0.04870802092199892
heteroscedastic,active,1005,24,declared,0.018610012933422685
heteroscedastic,active,1005,24,forward_heavy,0.01947335598712039
heteroscedastic,active,1005,24,left_heavy,0.015863009018588132
heteroscedastic,active,1005,24,right_heavy,0.01858446490622315
heteroscedastic,active,1005,24,broad_uniform,0.05145422341615515
heteroscedastic,active,1005,30,declared,0.017546146068776053
heteroscedastic,active,1005,30,forward_heavy,0.017395156537657382
heteroscedastic,active,1005,30,left_heavy,0.015898085235276388
heteroscedastic,active,1005,30,right_heavy,0.019571359453440434
heteroscedastic,active,1005,30,broad_uniform,0.03957959472130976
heteroscedastic,active,1006,18,declared,0.02572051677574173
heteroscedastic,active,1006,18,forward_heavy,0.0243269654246454
heteroscedastic,active,1006,18,left_heavy,0.033076208656160816
heteroscedastic,active,1006,18,right_heavy,0.02040700568081087
heteroscedastic,active,1006,18,broad_uniform,0.057547343902076165
heteroscedastic,active,1006,24,declared,0.020458614166456945
heteroscedastic,active,1006,24,forward_heavy,0.02024065763315716
heteroscedastic,active,1006,24,left_heavy,0.022699847098268063
heteroscedastic,active,1006,24,right_heavy,0.018516728475861426
heteroscedastic,active,1006,24,broad_uniform,0.05505574658014942
heteroscedastic,active,1006,30,declared,0.015683276846467392
heteroscedastic,active,1006,30,forward_heavy,0.015786065331104573
heteroscedastic,active,1006,30,left_heavy,0.016987154815208235
heteroscedastic,active,1006,30,right_heavy,0.013801558582224684
heteroscedastic,active,1006,30,broad_uniform,0.040404440207372404
heteroscedastic,active,1007,18,declared,0.027231401569267576
heteroscedastic,active,1007,18,forward_heavy,0.026972882398046287
heteroscedastic,active,1007,18,left_heavy,0.02744021976095819
heteroscedastic,active,1007,18,right_heavy,0.027799893751922194
heteroscedastic,active,1007,18,broad_uniform,0.0937954837798544
heteroscedastic,active,1007,24,declared,0.021751968010380273
heteroscedastic,active,1007,24,forward_heavy,0.021493058208037385
heteroscedastic,active,1007,24,left_heavy,0.02129340159032455
heteroscedastic,active,1007,24,right_heavy,0.02299864736281864
heteroscedastic,active,1007,24,broad_uniform,0.07780691825800584
heteroscedastic,active,1007,30,declared,0.0168982219764886
heteroscedastic,active,1007,30,forward_heavy,0.017546990690548724
heteroscedastic,active,1007,30,left_heavy,0.016424351214773182
heteroscedastic,active,1007,30,right_heavy,0.015266990432516735
heteroscedastic,active,1007,30,broad_uniform,0.04830795472664361
heteroscedastic,active,1008,18,declared,0.028150092050068166
heteroscedastic,active,1008,18,forward_heavy,0.029166798693048
heteroscedastic,active,1008,18,left_heavy,0.026735391147640487
heteroscedastic,active,1008,18,right_heavy,0.026353624472955244
heteroscedastic,active,1008,18,broad_uniform,0.05168695482665324
heteroscedastic,active,1008,24,declared,0.015601782262738319
heteroscedastic,active,1008,24,forward_heavy,0.01565405947950206
heteroscedastic,active,1008,24,left_heavy,0.015059017064030704
heteroscedastic,active,1008,24,right_heavy,0.01600320437953668
heteroscedastic,active,1008,24,broad_uniform,0.059156961504713265
heteroscedastic,active,1008,30,declared,0.014594814878008235
heteroscedastic,active,1008,30,forward_heavy,0.015383738535129221
heteroscedastic,active,1008,30,left_heavy,0.013718442896897188
heteroscedastic,active,1008,30,right_heavy,0.012888817570580191
heteroscedastic,active,1008,30,broad_uniform,0.043346066576370676
heteroscedastic,active,1009,18,declared,0.02097737322301605
heteroscedastic,active,1009,18,forward_heavy,0.02039728912870884
heteroscedastic,active,1009,18,left_heavy,0.023548262710254345
heteroscedastic,active,1009,18,right_heavy,0.01980822394121241
heteroscedastic,active,1009,18,broad_uniform,0.08490224947161537
heteroscedastic,active,1009,24,declared,0.01596891268602022
heteroscedastic,active,1009,24,forward_heavy,0.01511937429190398
heteroscedastic,active,1009,24,left_heavy,0.018872206769641808
heteroscedastic,active,1009,24,right_heavy,0.015132890325814642
heteroscedastic,active,1009,24,broad_uniform,0.05997329891783411
heteroscedastic,active,1009,30,declared,0.021428066283572834
heteroscedastic,active,1009,30,forward_heavy,0.018885375176489593
heteroscedastic,active,1009,30,left_heavy,0.02976563208706021
heteroscedastic,active,1009,30,right_heavy,0.017936543344172346
heteroscedastic,active,1009,30,broad_uniform,0.05371098918419086
heteroscedastic,active,1010,18,declared,0.025239836726335976
heteroscedastic,active,1010,18,forward_heavy,0.026313710565454125
heteroscedastic,active,1010,18,left_heavy,0.018062199460165827
heteroscedastic,active,1010,18,right_heavy,0.028229966121662023
heteroscedastic,active,1010,18,broad_uniform,0.07679156164950571
heteroscedastic,active,1010,24,declared,0.01756147834698536
heteroscedastic,active,1010,24,forward_heavy,0.018711203079607167
heteroscedastic,active,1010,24,left_heavy,0.013606927864050215
heteroscedastic,active,1010,24,right_heavy,0.017622532572599946
heteroscedastic,active,1010,24,broad_uniform,0.04412356916792417
heteroscedastic,active,1010,30,declared,0.01724785195963576
heteroscedastic,active,1010,30,forward_heavy,0.018832075267704855
heteroscedastic,active,1010,30,left_heavy,0.012693232459709823
heteroscedastic,active,1010,30,right_heavy,0.01629995421522062
heteroscedastic,active,1010,30,broad_uniform,0.035754496009944785
heteroscedastic,active,1011,18,declared,0.01604858633983021
heteroscedastic,active,1011,18,forward_heavy,0.016557167822154377
heteroscedastic,active,1011,18,left_heavy,0.015806330169927427
heteroscedastic,active,1011,18,right_heavy,0.014640839583530883
heteroscedastic,active,1011,18,broad_uniform,0.061063953092524346
heteroscedastic,active,1011,24,declared,0.01827759284964454
heteroscedastic,active,1011,24,forward_heavy,0.019073850770911196
heteroscedastic,active,1011,24,left_heavy,0.014038545531994764
heteroscedastic,active,1011,24,right_heavy,0.019697071548451926
heteroscedastic,active,1011,24,broad_uniform,0.06163831723606046
heteroscedastic,active,1011,30,declared,0.019662133100860256
heteroscedastic,active,1011,30,forward_heavy,0.01975564192193114
heteroscedastic,active,1011,30,left_heavy,0.01494696378906206
heteroscedastic,active,1011,30,right_heavy,0.023436597463732237
heteroscedastic,active,1011,30,broad_uniform,0.05802909618644645
heteroscedastic,active,1012,18,declared,0.022320891571689407
heteroscedastic,active,1012,18,forward_heavy,0.021791013678079153
heteroscedastic,active,1012,18,left_heavy,0.02545085854893074
heteroscedastic,active,1012,18,right_heavy,0.020277923801320333
heteroscedastic,active,1012,18,broad_uniform,0.09209293420708703
heteroscedastic,active,1012,24,declared,0.02097609665499227
heteroscedastic,active,1012,24,forward_heavy,0.021043227678439934
heteroscedastic,active,1012,24,left_heavy,0.02181590636193499
heteroscedastic,active,1012,24,right_heavy,0.019821834570742988
heteroscedastic,active,1012,24,broad_uniform,0.07945543499950293
heteroscedastic,active,1012,30,declared,0.017247604411190668
heteroscedastic,active,1012,30,forward_heavy,0.018501514722938078
heteroscedastic,active,1012,30,left_heavy,0.015148330901009997
heteroscedastic,active,1012,30,right_heavy,0.015198557233465254
heteroscedastic,active,1012,30,broad_uniform,0.05905970508110955
heteroscedastic,active,1013,18,declared,0.03091746991645365
heteroscedastic,active,1013,18,forward_heavy,0.02847532288103262
heteroscedastic,active,1013,18,left_heavy,0.041667189074185956
heteroscedastic,active,1013,18,right_heavy,0.023944068751309576
heteroscedastic,active,1013,18,broad_uniform,0.05792857813973461
heteroscedastic,active,1013,24,declared,0.02326750478330957
heteroscedastic,active,1013,24,forward_heavy,0.020683359061294395
heteroscedastic,active,1013,24,left_heavy,0.03205364489375976
heteroscedastic,active,1013,24,right_heavy,0.019367034805753088
heteroscedastic,active,1013,24,broad_uniform,0.06303551922203719
heteroscedastic,active,1013,30,declared,0.021594749492287558
heteroscedastic,active,1013,30,forward_heavy,0.019911328891503557
heteroscedastic,active,1013,30,left_heavy,0.029703376085942004
heteroscedastic,active,1013,30,right_heavy,0.015468423450536966
heteroscedastic,active,1013,30,broad_uniform,0.062492858266728145
heteroscedastic,active,1014,18,declared,0.022074341404458436
heteroscedastic,active,1014,18,forward_heavy,0.020727795092481363
heteroscedastic,active,1014,18,left_heavy,0.024750924858821254
heteroscedastic,active,1014,18,right_heavy,0.023072305938403516
heteroscedastic,active,1014,18,broad_uniform,0.053785147530777955
heteroscedastic,active,1014,24,declared,0.016282668300628394
heteroscedastic,active,1014,24,forward_heavy,0.01563915402950383
heteroscedastic,active,1014,24,left_heavy,0.012814878878464848
heteroscedastic,active,1014,24,right_heavy,0.020892569597625255
heteroscedastic,active,1014,24,broad_uniform,0.03885524192599488
heteroscedastic,active,1014,30,declared,0.014305331012232601
heteroscedastic,active,1014,30,forward_heavy,0.013693884155866589
heteroscedastic,active,1014,30,left_heavy,0.013448766573649858
heteroscedastic,active,1014,30,right_heavy,0.016825861514693608
heteroscedastic,active,1014,30,broad_uniform,0.04381618945059184
heteroscedastic,active,1015,18,declared,0.02221265580906671
heteroscedastic,active,1015,18,forward_heavy,0.02306900577319315
heteroscedastic,active,1015,18,left_heavy,0.020692461572326903
heteroscedastic,active,1015,18,right_heavy,0.02104071946190179
heteroscedastic,active,1015,18,broad_uniform,0.07471506941912477
heteroscedastic,active,1015,24,declared,0.018321131896684544
heteroscedastic,active,1015,24,forward_heavy,0.018256234870173572
heteroscedastic,active,1015,24,left_heavy,0.019211906767664797
heteroscedastic,active,1015,24,right_heavy,0.017531574881370325
heteroscedastic,active,1015,24,broad_uniform,0.07550478693079103
heteroscedastic,active,1015,30,declared,0.016538567212080073
heteroscedastic,active,1015,30,forward_heavy,0.01746440550312781
heteroscedastic,active,1015,30,left_heavy,0.016369351269623605
heteroscedastic,active,1015,30,right_heavy,0.013483931380056742
heteroscedastic,active,1015,30,broad_uniform,0.059539940053875015
heteroscedastic,active,1016,18,declared,0.026018202315961525
heteroscedastic,active,1016,18,forward_heavy,0.022997933758540142
heteroscedastic,active,1016,18,left_heavy,0.03620231704976705
heteroscedastic,active,1016,18,right_heavy,0.02144952635130403
heteroscedastic,active,1016,18,broad_uniform,0.05389320432173624
heteroscedastic,active,1016,24,declared,0.02112977598642207
heteroscedastic,active,1016,24,forward_heavy,0.02018237149797557
heteroscedastic,active,1016,24,left_heavy,0.024705468185908748
heteroscedastic,active,1016,24,right_heavy,0.01982449242754625
heteroscedastic,active,1016,24,broad_uniform,0.048484873227097734
heteroscedastic,active,1016,30,declared,0.019414122654080487
heteroscedastic,active,1016,30,forward_heavy,0.019633406025410742
heteroscedastic,active,1016,30,left_heavy,0.020261565583916747
heteroscedastic,active,1016,30,right_heavy,0.017733476075949977
heteroscedastic,active,1016,30,broad_uniform,0.047089301582783516
heteroscedastic,active,1017,18,declared,0.024484185262651066
heteroscedastic,active,1017,18,forward_heavy,0.026353198432674415
heteroscedastic,active,1017,18,left_heavy,0.0195805264598717
heteroscedastic,active,1017,18,right_heavy,0.02313637104733405
heteroscedastic,active,1017,18,broad_uniform,0.07350082100607086
heteroscedastic,active,1017,24,declared,0.01977321743013225
heteroscedastic,active,1017,24,forward_heavy,0.021077032128554236
heteroscedastic,active,1017,24,left_heavy,0.01631495150484813
heteroscedastic,active,1017,24,right_heavy,0.018945388416020503
heteroscedastic,active,1017,24,broad_uniform,0.05725613268138375
heteroscedastic,active,1017,30,declared,0.017001802343508506
heteroscedastic,active,1017,30,forward_heavy,0.017594523829562506
heteroscedastic,active,1017,30,left_heavy,0.014700672781922254
heteroscedastic,active,1017,30,right_heavy,0.017415185104839238
heteroscedastic,active,1017,30,broad_uniform,0.053381395807930686
heteroscedastic,active,1018,18,declared,0.03026076701778274
heteroscedastic,active,1018,18,forward_heavy,0.025613119297050808
heteroscedastic,active,1018,18,left_heavy,0.038951620294801946
heteroscedastic,active,1018,18,right_heavy,0.03285473842194346
heteroscedastic,active,1018,18,broad_uniform,0.0942559501390916
heteroscedastic,active,1018,24,declared,0.01954043309261351
heteroscedastic,active,1018,24,forward_heavy,0.01676009420964071
heteroscedastic,active,1018,24,left_heavy,0.02246757745844936
heteroscedastic,active,1018,24,right_heavy,0.023742280130901287
heteroscedastic,active,1018,24,broad_uniform,0.08029428587321526
heteroscedastic,active,1018,30,declared,0.015319960165971667
heteroscedastic,active,1018,30,forward_heavy,0.014987172370813977
heteroscedastic,active,1018,30,left_heavy,0.014200361957735254
heteroscedastic,active,1018,30,right_heavy,0.017356500716556034
heteroscedastic,active,1018,30,broad_uniform,0.06375240855230131
heteroscedastic,active,1019,18,declared,0.02622320979812366
heteroscedastic,active,1019,18,forward_heavy,0.02366859697019186
heteroscedastic,active,1019,18,left_heavy,0.0272973986921838
heteroscedastic,active,1019,18,right_heavy,0.031963380231078656
heteroscedastic,active,1019,18,broad_uniform,0.1005297006124309
heteroscedastic,active,1019,24,declared,0.02069287249348163
heteroscedastic,active,1019,24,forward_heavy,0.020031563262258367
heteroscedastic,active,1019,24,left_heavy,0.018607298061360238
heteroscedastic,active,1019,24,right_heavy,0.024478140888249886
heteroscedastic,active,1019,24,broad_uniform,0.07711718684328471
heteroscedastic,active,1019,30,declared,0.015717343142718956
heteroscedastic,active,1019,30,forward_heavy,0.014994407982464018
heteroscedastic,active,1019,30,left_heavy,0.015331114654298433
heteroscedastic,active,1019,30,right_heavy,0.018130015164918745
heteroscedastic,active,1019,30,broad_uniform,0.06578385409763682
heteroscedastic,active,1020,18,declared,0.03274241296670361
heteroscedastic,active,1020,18,forward_heavy,0.03002866184954601
heteroscedastic,active,1020,18,left_heavy,0.033099170776596035
heteroscedastic,active,1020,18,right_heavy,0.039691093230634765
heteroscedastic,active,1020,18,broad_uniform,0.06412136899403886
heteroscedastic,active,1020,24,declared,0.021509062304819547
heteroscedastic,active,1020,24,forward_heavy,0.020809607086824274
heteroscedastic,active,1020,24,left_heavy,0.022040294044926054
heteroscedastic,active,1020,24,right_heavy,0.023016745780041224
heteroscedastic,active,1020,24,broad_uniform,0.054449272240925176
heteroscedastic,active,1020,30,declared,0.019273734167194724
heteroscedastic,active,1020,30,forward_heavy,0.017903883882651902
heteroscedastic,active,1020,30,left_heavy,0.019232225488837497
heteroscedastic,active,1020,30,right_heavy,0.023046703555500873
heteroscedastic,active,1020,30,broad_uniform,0.05189187149373945
heteroscedastic,active_no_task,1001,18,declared,0.041621848738481286
heteroscedastic,active_no_task,1001,18,forward_heavy,0.043341873576571564
heteroscedastic,active_no_task,1001,18,left_heavy,0.037931175790523214
heteroscedastic,active_no_task,1001,18,right_heavy,0.03990402515139823
heteroscedastic,active_no_task,1001,18,broad_uniform,0.04857060790645709
heteroscedastic,active_no_task,1001,24,declared,0.027087615909488216
heteroscedastic,active_no_task,1001,24,forward_heavy,0.027226877290394056
heteroscedastic,active_no_task,1001,24,left_heavy,0.022669376776919305
heteroscedastic,active_no_task,1001,24,right_heavy,0.03073802353344145
heteroscedastic,active_no_task,1001,24,broad_uniform,0.03126924833594519
heteroscedastic,active_no_task,1001,30,declared,0.02807817257929309
heteroscedastic,active_no_task,1001,30,forward_heavy,0.027371773585787212
heteroscedastic,active_no_task,1001,30,left_heavy,0.026125173684772615
heteroscedastic,active_no_task,1001,30,right_heavy,0.0319816178066999
heteroscedastic,active_no_task,1001,30,broad_uniform,0.03060859107200312
heteroscedastic,active_no_task,1002,18,declared,0.032478650370083184
heteroscedastic,active_no_task,1002,18,forward_heavy,0.03493142401882331
heteroscedastic,active_no_task,1002,18,left_heavy,0.028384968182456484
heteroscedastic,active_no_task,1002,18,right_heavy,0.02842239725869365
heteroscedastic,active_no_task,1002,18,broad_uniform,0.039675834978863796
heteroscedastic,active_no_task,1002,24,declared,0.022576904938159538
heteroscedastic,active_no_task,1002,24,forward_heavy,0.024082823787374853
heteroscedastic,active_no_task,1002,24,left_heavy,0.01972233001671048
heteroscedastic,active_no_task,1002,24,right_heavy,0.02050832902278109
heteroscedastic,active_no_task,1002,24,broad_uniform,0.030330675776874236
heteroscedastic,active_no_task,1002,30,declared,0.020594223214556808
heteroscedastic,active_no_task,1002,30,forward_heavy,0.021843647755230653
heteroscedastic,active_no_task,1002,30,left_heavy,0.017970244768753068
heteroscedastic,active_no_task,1002,30,right_heavy,0.019173381702428324
heteroscedastic,active_no_task,1002,30,broad_uniform,0.027168227283172353
heteroscedastic,active_no_task,1003,18,declared,0.02808426062279011
heteroscedastic,active_no_task,1003,18,forward_heavy,0.02883088908960656
heteroscedastic,active_no_task,1003,18,left_heavy,0.022511407425245676
heteroscedastic,active_no_task,1003,18,right_heavy,0.0309474684596655
heteroscedastic,active_no_task,1003,18,broad_uniform,0.039951900522437696
heteroscedastic,active_no_task,1003,24,declared,0.031466299227412245
heteroscedastic,active_no_task,1003,24,forward_heavy,0.03328515699370824
heteroscedastic,active_no_task,1003,24,left_heavy,0.023651424841772767
heteroscedastic,active_no_task,1003,24,right_heavy,0.03292988570654384
heteroscedastic,active_no_task,1003,24,broad_uniform,0.030006299827672153
heteroscedastic,active_no_task,1003,30,declared,0.01945377097402153
heteroscedastic,active_no_task,1003,30,forward_heavy,0.02008190540427056
heteroscedastic,active_no_task,1003,30,left_heavy,0.018060495079368882
heteroscedastic,active_no_task,1003,30,right_heavy,0.01889933640958829
heteroscedastic,active_no_task,1003,30,broad_uniform,0.02340246070623153
heteroscedastic,active_no_task,1004,18,declared,0.047306529135021536
heteroscedastic,active_no_task,1004,18,forward_heavy,0.047266482010458764
heteroscedastic,active_no_task,1004,18,left_heavy,0.03313339268994863
heteroscedastic,active_no_task,1004,18,right_heavy,0.05887301109583758
heteroscedastic,active_no_task,1004,18,broad_uniform,0.0472337274234282
heteroscedastic,active_no_task,1004,24,declared,0.033040158450244016
heteroscedastic,active_no_task,1004,24,forward_heavy,0.033804338576616286
heteroscedastic,active_no_task,1004,24,left_heavy,0.034142022083523925
heteroscedastic,active_no_task,1004,24,right_heavy,0.029227188003366926
heteroscedastic,active_no_task,1004,24,broad_uniform,0.03611060912217985
heteroscedastic,active_no_task,1004,30,declared,0.015618540726509283
heteroscedastic,active_no_task,1004,30,forward_heavy,0.015355669338059295
heteroscedastic,active_no_task,1004,30,left_heavy,0.01731151848136277
heteroscedastic,active_no_task,1004,30,right_heavy,0.014481508412027078
heteroscedastic,active_no_task,1004,30,broad_uniform,0.025314040376371767
heteroscedastic,active_no_task,1005,18,declared,0.030480294094969926
heteroscedastic,active_no_task,1005,18,forward_heavy,0.031323082901082155
heteroscedastic,active_no_task,1005,18,left_heavy,0.029268809549861066
heteroscedastic,active_no_task,1005,18,right_heavy,0.029063936781420774
heteroscedastic,active_no_task,1005,18,broad_uniform,0.04219323729457022
heteroscedastic,active_no_task,1005,24,declared,0.027269950224014627
heteroscedastic,active_no_task,1005,24,forward_heavy,0.02767396881542638
heteroscedastic,active_no_task,1005,24,left_heavy,0.025466528752204665
heteroscedastic,active_no_task,1005,24,right_heavy,0.027861536648903788
heteroscedastic,active_no_task,1005,24,broad_uniform,0.03477893083423405
heteroscedastic,active_no_task,1005,30,declared,0.017002333527257066
heteroscedastic,active_no_task,1005,30,forward_heavy,0.014801689123437583
heteroscedastic,active_no_task,1005,30,left_heavy,0.023690904140184318
heteroscedastic,active_no_task,1005,30,right_heavy,0.014689467285454838
heteroscedastic,active_no_task,1005,30,broad_uniform,0.025388288703915064
heteroscedastic,active_no_task,1006,18,declared,0.03239934111840489
heteroscedastic,active_no_task,1006,18,forward_heavy,0.03128408843226607
heteroscedastic,active_no_task,1006,18,left_heavy,0.03546457521927351
heteroscedastic,active_no_task,1006,18,right_heavy,0.03237405076312169
heteroscedastic,active_no_task,1006,18,broad_uniform,0.04618847188472068
heteroscedastic,active_no_task,1006,24,declared,0.030513205251910733
heteroscedastic,active_no_task,1006,24,forward_heavy,0.028098320386545708
heteroscedastic,active_no_task,1006,24,left_heavy,0.03811874532928099
heteroscedastic,active_no_task,1006,24,right_heavy,0.028516215094189643
heteroscedastic,active_no_task,1006,24,broad_uniform,0.029332026098567224
heteroscedastic,active_no_task,1006,30,declared,0.02867024186016086
heteroscedastic,active_no_task,1006,30,forward_heavy,0.0266460533697317
heteroscedastic,active_no_task,1006,30,left_heavy,0.03684963876743306
heteroscedastic,active_no_task,1006,30,right_heavy,0.024444230355775604
heteroscedastic,active_no_task,1006,30,broad_uniform,0.026737464194757157
heteroscedastic,active_no_task,1007,18,declared,0.041069335077903245
heteroscedastic,active_no_task,1007,18,forward_heavy,0.04066672863687661
heteroscedastic,active_no_task,1007,18,left_heavy,0.04436565750785735
heteroscedastic,active_no_task,1007,18,right_heavy,0.038578450436660985
heteroscedastic,active_no_task,1007,18,broad_uniform,0.04782252254444032
heteroscedastic,active_no_task,1007,24,declared,0.03924292613586284
heteroscedastic,active_no_task,1007,24,forward_heavy,0.03590356894961789
heteroscedastic,active_no_task,1007,24,left_heavy,0.04857858598623504
heteroscedastic,active_no_task,1007,24,right_heavy,0.03799532867493131
heteroscedastic,active_no_task,1007,24,broad_uniform,0.04465954081735312
heteroscedastic,active_no_task,1007,30,declared,0.03409639851138461
heteroscedastic,active_no_task,1007,30,forward_heavy,0.0343252718129405
heteroscedastic,active_no_task,1007,30,left_heavy,0.03944594759703292
heteroscedastic,active_no_task,1007,30,right_heavy,0.026348547307293406
heteroscedastic,active_no_task,1007,30,broad_uniform,0.03492200679072602
heteroscedastic,active_no_task,1008,18,declared,0.03063103905786081
heteroscedastic,active_no_task,1008,18,forward_heavy,0.0326739396771049
heteroscedastic,active_no_task,1008,18,left_heavy,0.02351862863350388
heteroscedastic,active_no_task,1008,18,right_heavy,0.030789973718261608
heteroscedastic,active_no_task,1008,18,broad_uniform,0.0374025208763825
heteroscedastic,active_no_task,1008,24,declared,0.026983947289347363
heteroscedastic,active_no_task,1008,24,forward_heavy,0.02871594868149777
heteroscedastic,active_no_task,1008,24,left_heavy,0.019385334733473373
heteroscedastic,active_no_task,1008,24,right_heavy,0.028369242374390397
heteroscedastic,active_no_task,1008,24,broad_uniform,0.03152386542810032
heteroscedastic,active_no_task,1008,30,declared,0.025997905993430447
heteroscedastic,active_no_task,1008,30,forward_heavy,0.028426024357682753
heteroscedastic,active_no_task,1008,30,left_heavy,0.019643432998441394
heteroscedastic,active_no_task,1008,30,right_heavy,0.023988071692308027
heteroscedastic,active_no_task,1008,30,broad_uniform,0.028184255920103044
heteroscedastic,active_no_task,1009,18,declared,0.022977881813288668
heteroscedastic,active_no_task,1009,18,forward_heavy,0.022033328092870105
heteroscedastic,active_no_task,1009,18,left_heavy,0.025111295694578963
heteroscedastic,active_no_task,1009,18,right_heavy,0.023460581844114422
heteroscedastic,active_no_task,1009,18,broad_uniform,0.03775786739450615
heteroscedastic,active_no_task,1009,24,declared,0.030917534076992877
heteroscedastic,active_no_task,1009,24,forward_heavy,0.031613857154043155
heteroscedastic,active_no_task,1009,24,left_heavy,0.031461344994998
heteroscedastic,active_no_task,1009,24,right_heavy,0.028011468089611424
heteroscedastic,active_no_task,1009,24,broad_uniform,0.029964301386554076
heteroscedastic,active_no_task,1009,30,declared,0.030837453085440083
heteroscedastic,active_no_task,1009,30,forward_heavy,0.031482843090327596
heteroscedastic,active_no_task,1009,30,left_heavy,0.032869085927042935
heteroscedastic,active_no_task,1009,30,right_heavy,0.026231692350021887
heteroscedastic,active_no_task,1009,30,broad_uniform,0.031650658525146036
heteroscedastic,active_no_task,1010,18,declared,0.030976014932873053
heteroscedastic,active_no_task,1010,18,forward_heavy,0.030221704548169703
heteroscedastic,active_no_task,1010,18,left_heavy,0.0327897270395054
heteroscedastic,active_no_task,1010,18,right_heavy,0.031293895874193255
heteroscedastic,active_no_task,1010,18,broad_uniform,0.031109266158593357
heteroscedastic,active_no_task,1010,24,declared,0.025785255345533952
heteroscedastic,active_no_task,1010,24,forward_heavy,0.024838985006293997
heteroscedastic,active_no_task,1010,24,left_heavy,0.0291481542790337
heteroscedastic,active_no_task,1010,24,right_heavy,0.024826841457534547
heteroscedastic,active_no_task,1010,24,broad_uniform,0.026324816965437817
heteroscedastic,active_no_task,1010,30,declared,0.023345681147053
heteroscedastic,active_no_task,1010,30,forward_heavy,0.022370376706955415
heteroscedastic,active_no_task,1010,30,left_heavy,0.028565821679030372
heteroscedastic,active_no_task,1010,30,right_heavy,0.019854546166518224
heteroscedastic,active_no_task,1010,30,broad_uniform,0.024889111492362472
heteroscedastic,active_no_task,1011,18,declared,0.024308022661017756
heteroscedastic,active_no_task,1011,18,forward_heavy,0.02424577071504444
heteroscedastic,active_no_task,1011,18,left_heavy,0.02775626639356912
heteroscedastic,active_no_task,1011,18,right_heavy,0.020216616742582794
heteroscedastic,active_no_task,1011,18,broad_uniform,0.036077191464098934
heteroscedastic,active_no_task,1011,24,declared,0.02767665857162521
heteroscedastic,active_no_task,1011,24,forward_heavy,0.02723891561111403
heteroscedastic,active_no_task,1011,24,left_heavy,0.02886532259284272
heteroscedastic,active_no_task,1011,24,right_heavy,0.027728231463456654
heteroscedastic,active_no_task,1011,24,broad_uniform,0.028914811434490612
heteroscedastic,active_no_task,1011,30,declared,0.023917601862972603
heteroscedastic,active_no_task,1011,30,forward_heavy,0.02577248980038597
heteroscedastic,active_no_task,1011,30,left_heavy,0.02375399107570393
heteroscedastic,active_no_task,1011,30,right_heavy,0.017160432757937587
heteroscedastic,active_no_task,1011,30,broad_uniform,0.023048335320891334
heteroscedastic,active_no_task,1012,18,declared,0.024813313025939573
heteroscedastic,active_no_task,1012,18,forward_heavy,0.024635529636253137
heteroscedastic,active_no_task,1012,18,left_heavy,0.024274814739997864
heteroscedastic,active_no_task,1012,18,right_heavy,0.02590698423914316
heteroscedastic,active_no_task,1012,18,broad_uniform,0.04130812894128854
heteroscedastic,active_no_task,1012,24,declared,0.02673083470231253
heteroscedastic,active_no_task,1012,24,forward_heavy,0.027225925197307925
heteroscedastic,active_no_task,1012,24,left_heavy,0.02630589267353972
heteroscedastic,active_no_task,1012,24,right_heavy,0.025607088064653
heteroscedastic,active_no_task,1012,24,broad_uniform,0.03408720595588384
heteroscedastic,active_no_task,1012,30,declared,0.018953629421661056
heteroscedastic,active_no_task,1012,30,forward_heavy,0.01952487996143893
heteroscedastic,active_no_task,1012,30,left_heavy,0.018343561493134642
heteroscedastic,active_no_task,1012,30,right_heavy,0.01775770067216011
heteroscedastic,active_no_task,1012,30,broad_uniform,0.024632616897514923
heteroscedastic,active_no_task,1013,18,declared,0.032866264069794746
heteroscedastic,active_no_task,1013,18,forward_heavy,0.03266348481007014
heteroscedastic,active_no_task,1013,18,left_heavy,0.025458197151911787
heteroscedastic,active_no_task,1013,18,right_heavy,0.03977929678843574
heteroscedastic,active_no_task,1013,18,broad_uniform,0.04403794514058694
heteroscedastic,active_no_task,1013,24,declared,0.02617163988405824
heteroscedastic,active_no_task,1013,24,forward_heavy,0.028056185630919654
heteroscedastic,active_no_task,1013,24,left_heavy,0.020726871744384184
heteroscedastic,active_no_task,1013,24,right_heavy,0.025306207321302572
heteroscedastic,active_no_task,1013,24,broad_uniform,0.03047691338878022
heteroscedastic,active_no_task,1013,30,declared,0.021395247032482446
heteroscedastic,active_no_task,1013,30,forward_heavy,0.022337012275440975
heteroscedastic,active_no_task,1013,30,left_heavy,0.017407417248770738
heteroscedastic,active_no_task,1013,30,right_heavy,0.02225083593814527
heteroscedastic,active_no_task,1013,30,broad_uniform,0.028427003539938205
heteroscedastic,active_no_task,1014,18,declared,0.026496035462436344
heteroscedastic,active_no_task,1014,18,forward_heavy,0.025608059246966318
heteroscedastic,active_no_task,1014,18,left_heavy,0.024423808710744344
heteroscedastic,active_no_task,1014,18,right_heavy,0.030953681008944474
heteroscedastic,active_no_task,1014,18,broad_uniform,0.040873300695257624
heteroscedastic,active_no_task,1014,24,declared,0.019327859984095145
heteroscedastic,active_no_task,1014,24,forward_heavy,0.019202106446561645
heteroscedastic,active_no_task,1014,24,left_heavy,0.01916685899002847
heteroscedastic,active_no_task,1014,24,right_heavy,0.019879832400376773
heteroscedastic,active_no_task,1014,24,broad_uniform,0.028251772089389424
heteroscedastic,active_no_task,1014,30,declared,0.022176608243951235
heteroscedastic,active_no_task,1014,30,forward_heavy,0.022951933088567654
heteroscedastic,active_no_task,1014,30,left_heavy,0.02182672160624843
heteroscedastic,active_no_task,1014,30,right_heavy,0.019992452908566962
heteroscedastic,active_no_task,1014,30,broad_uniform,0.026485086944904243
heteroscedastic,active_no_task,1015,18,declared,0.04934028386695661
heteroscedastic,active_no_task,1015,18,forward_heavy,0.05055338463831971
heteroscedastic,active_no_task,1015,18,left_heavy,0.04393680317811976
heteroscedastic,active_no_task,1015,18,right_heavy,0.05095420034336163
heteroscedastic,active_no_task,1015,18,broad_uniform,0.05264205775605999
heteroscedastic,active_no_task,1015,24,declared,0.04300289905195929
heteroscedastic,active_no_task,1015,24,forward_heavy,0.04409849598270764
heteroscedastic,active_no_task,1015,24,left_heavy,0.03962340899820589
heteroscedastic,active_no_task,1015,24,right_heavy,0.04302521933273455
heteroscedastic,active_no_task,1015,24,broad_uniform,0.04349218022682456
heteroscedastic,active_no_task,1015,30,declared,0.030491880457057727
heteroscedastic,active_no_task,1015,30,forward_heavy,0.03052448952203165
heteroscedastic,active_no_task,1015,30,left_heavy,0.03111619794187642
heteroscedastic,active_no_task,1015,30,right_heavy,0.029707681596080365
heteroscedastic,active_no_task,1015,30,broad_uniform,0.0334035740512625
heteroscedastic,active_no_task,1016,18,declared,0.03115816132614576
heteroscedastic,active_no_task,1016,18,forward_heavy,0.03187136150308453
heteroscedastic,active_no_task,1016,18,left_heavy,0.025384483557885477
heteroscedastic,active_no_task,1016,18,right_heavy,0.03434676972898895
heteroscedastic,active_no_task,1016,18,broad_uniform,0.037918034999450685
heteroscedastic,active_no_task,1016,24,declared,0.028701874015457145
heteroscedastic,active_no_task,1016,24,forward_heavy,0.030470279349166636
heteroscedastic,active_no_task,1016,24,left_heavy,0.02711746439254149
heteroscedastic,active_no_task,1016,24,right_heavy,0.024363529006592752
heteroscedastic,active_no_task,1016,24,broad_uniform,0.032039925750308486
heteroscedastic,active_no_task,1016,30,declared,0.03142443052165789
heteroscedastic,active_no_task,1016,30,forward_heavy,0.03130220196424661
heteroscedastic,active_no_task,1016,30,left_heavy,0.03555952019346777
heteroscedastic,active_no_task,1016,30,right_heavy,0.026753636006827907
heteroscedastic,active_no_task,1016,30,broad_uniform,0.02720679230969801
heteroscedastic,active_no_task,1017,18,declared,0.028226644742136365
heteroscedastic,active_no_task,1017,18,forward_heavy,0.028340697762991567
heteroscedastic,active_no_task,1017,18,left_heavy,0.028580429993724486
heteroscedastic,active_no_task,1017,18,right_heavy,0.02748252587706061
heteroscedastic,active_no_task,1017,18,broad_uniform,0.035311332520670376
heteroscedastic,active_no_task,1017,24,declared,0.030563729164487654
heteroscedastic,active_no_task,1017,24,forward_heavy,0.03061766292840228
heteroscedastic,active_no_task,1017,24,left_heavy,0.03367009939430814
heteroscedastic,active_no_task,1017,24,right_heavy,0.026664963493698852
heteroscedastic,active_no_task,1017,24,broad_uniform,0.030697780800921056
heteroscedastic,active_no_task,1017,30,declared,0.029115298413193148
heteroscedastic,active_no_task,1017,30,forward_heavy,0.02823062724524233
heteroscedastic,active_no_task,1017,30,left_heavy,0.035342125860284096
heteroscedastic,active_no_task,1017,30,right_heavy,0.024017486456203746
heteroscedastic,active_no_task,1017,30,broad_uniform,0.029209617445815312
heteroscedastic,active_no_task,1018,18,declared,0.0395269516116044
heteroscedastic,active_no_task,1018,18,forward_heavy,0.03971628823620966
heteroscedastic,active_no_task,1018,18,left_heavy,0.030805403051772012
heteroscedastic,active_no_task,1018,18,right_heavy,0.04658642714765983
heteroscedastic,active_no_task,1018,18,broad_uniform,0.060129460783061334
heteroscedastic,active_no_task,1018,24,declared,0.028256265738861943
heteroscedastic,active_no_task,1018,24,forward_heavy,0.030236901104458806
heteroscedastic,active_no_task,1018,24,left_heavy,0.02078896337744381
heteroscedastic,active_no_task,1018,24,right_heavy,0.028806297936379566
heteroscedastic,active_no_task,1018,24,broad_uniform,0.033850289147496625
heteroscedastic,active_no_task,1018,30,declared,0.019771131011399212
heteroscedastic,active_no_task,1018,30,forward_heavy,0.020912596169695073
heteroscedastic,active_no_task,1018,30,left_heavy,0.017989607880795677
heteroscedastic,active_no_task,1018,30,right_heavy,0.017850084624953636
heteroscedastic,active_no_task,1018,30,broad_uniform,0.025130157655333808
heteroscedastic,active_no_task,1019,18,declared,0.04025286727984179
heteroscedastic,active_no_task,1019,18,forward_heavy,0.03759261357196267
heteroscedastic,active_no_task,1019,18,left_heavy,0.051279310833604486
heteroscedastic,active_no_task,1019,18,right_heavy,0.03443592393691656
heteroscedastic,active_no_task,1019,18,broad_uniform,0.0507712251584736
heteroscedastic,active_no_task,1019,24,declared,0.026457213571498973
heteroscedastic,active_no_task,1019,24,forward_heavy,0.02364193192498447
heteroscedastic,active_no_task,1019,24,left_heavy,0.03134706826180815
heteroscedastic,active_no_task,1019,24,right_heavy,0.028912024627086145
heteroscedastic,active_no_task,1019,24,broad_uniform,0.03703995949254152
heteroscedastic,active_no_task,1019,30,declared,0.020888366475758556
heteroscedastic,active_no_task,1019,30,forward_heavy,0.017743163977854175
heteroscedastic,active_no_task,1019,30,left_heavy,0.029961837567499854
heteroscedastic,active_no_task,1019,30,right_heavy,0.017914921891954465
heteroscedastic,active_no_task,1019,30,broad_uniform,0.03127832675440623
heteroscedastic,active_no_task,1020,18,declared,0.0243771482553136
heteroscedastic,active_no_task,1020,18,forward_heavy,0.022699655640239576
heteroscedastic,active_no_task,1020,18,left_heavy,0.02039148947725523
heteroscedastic,active_no_task,1020,18,right_heavy,0.03208693074795919
heteroscedastic,active_no_task,1020,18,broad_uniform,0.040736960122324806
heteroscedastic,active_no_task,1020,24,declared,0.023276539948643527
heteroscedastic,active_no_task,1020,24,forward_heavy,0.024213997467059174
heteroscedastic,active_no_task,1020,24,left_heavy,0.016558131128275186
heteroscedastic,active_no_task,1020,24,right_heavy,0.026253333369884068
heteroscedastic,active_no_task,1020,24,broad_uniform,0.02939607680804526
heteroscedastic,active_no_task,1020,30,declared,0.019324560679109804
heteroscedastic,active_no_task,1020,30,forward_heavy,0.01981648095366757
heteroscedastic,active_no_task,1020,30,left_heavy,0.01767832312271789
heteroscedastic,active_no_task,1020,30,right_heavy,0.019460402177772156
heteroscedastic,active_no_task,1020,30,broad_uniform,0.025114790339890218
heteroscedastic,d_opt,1001,18,declared,0.02768992733781922
heteroscedastic,d_opt,1001,18,forward_heavy,0.02739940228087245
heteroscedastic,d_opt,1001,18,left_heavy,0.021301115204774543
heteroscedastic,d_opt,1001,18,right_heavy,0.03391629383080047
heteroscedastic,d_opt,1001,18,broad_uniform,0.04598323672669699
heteroscedastic,d_opt,1001,24,declared,0.0266432476790861
heteroscedastic,d_opt,1001,24,forward_heavy,0.02863543354013611
heteroscedastic,d_opt,1001,24,left_heavy,0.02318898751865295
heteroscedastic,d_opt,1001,24,right_heavy,0.02349310963076736
heteroscedastic,d_opt,1001,24,broad_uniform,0.02836605529029091
heteroscedastic,d_opt,1001,30,declared,0.027821276898401623
heteroscedastic,d_opt,1001,30,forward_heavy,0.030148879895243737
heteroscedastic,d_opt,1001,30,left_heavy,0.02262087474933815
heteroscedastic,d_opt,1001,30,right_heavy,0.02520642690513148
heteroscedastic,d_opt,1001,30,broad_uniform,0.025985135782176823
heteroscedastic,d_opt,1002,18,declared,0.041344648516048646
heteroscedastic,d_opt,1002,18,forward_heavy,0.0444404407466765
heteroscedastic,d_opt,1002,18,left_heavy,0.03923320211101929
heteroscedastic,d_opt,1002,18,right_heavy,0.03266715984285427
heteroscedastic,d_opt,1002,18,broad_uniform,0.03757885803732466
heteroscedastic,d_opt,1002,24,declared,0.02983511465892532
heteroscedastic,d_opt,1002,24,forward_heavy,0.03185664248339909
heteroscedastic,d_opt,1002,24,left_heavy,0.025062780395038294
heteroscedastic,d_opt,1002,24,right_heavy,0.0279790006425507
heteroscedastic,d_opt,1002,24,broad_uniform,0.02989655251380422
heteroscedastic,d_opt,1002,30,declared,0.025439007566557786
heteroscedastic,d_opt,1002,30,forward_heavy,0.02708953117634166
heteroscedastic,d_opt,1002,30,left_heavy,0.018853384578533798
heteroscedastic,d_opt,1002,30,right_heavy,0.0262569817997619
heteroscedastic,d_opt,1002,30,broad_uniform,0.024658278956866793
heteroscedastic,d_opt,1003,18,declared,0.03645967758888148
heteroscedastic,d_opt,1003,18,forward_heavy,0.03613760590502984
heteroscedastic,d_opt,1003,18,left_heavy,0.03833667014215734
heteroscedastic,d_opt,1003,18,right_heavy,0.035384269841956514
heteroscedastic,d_opt,1003,18,broad_uniform,0.04149195824836931
heteroscedastic,d_opt,1003,24,declared,0.021369885999266133
heteroscedastic,d_opt,1003,24,forward_heavy,0.020270983463508276
heteroscedastic,d_opt,1003,24,left_heavy,0.02663069534602531
heteroscedastic,d_opt,1003,24,right_heavy,0.01814356710862196
heteroscedastic,d_opt,1003,24,broad_uniform,0.028582043153048055
heteroscedastic,d_opt,1003,30,declared,0.01787573611511327
heteroscedastic,d_opt,1003,30,forward_heavy,0.017021822100763518
heteroscedastic,d_opt,1003,30,left_heavy,0.02185923698984527
heteroscedastic,d_opt,1003,30,right_heavy,0.015591613522937298
heteroscedastic,d_opt,1003,30,broad_uniform,0.024001083333006327
heteroscedastic,d_opt,1004,18,declared,0.023934978974334303
heteroscedastic,d_opt,1004,18,forward_heavy,0.0236479591763856
heteroscedastic,d_opt,1004,18,left_heavy,0.019382081568279006
heteroscedastic,d_opt,1004,18,right_heavy,0.028734310961033217
heteroscedastic,d_opt,1004,18,broad_uniform,0.03588742686538977
heteroscedastic,d_opt,1004,24,declared,0.014783727453772886
heteroscedastic,d_opt,1004,24,forward_heavy,0.01569803355625416
heteroscedastic,d_opt,1004,24,left_heavy,0.011467430725670507
heteroscedastic,d_opt,1004,24,right_heavy,0.014999807701818534
heteroscedastic,d_opt,1004,24,broad_uniform,0.028713326903910156
heteroscedastic,d_opt,1004,30,declared,0.014951529832312736
heteroscedastic,d_opt,1004,30,forward_heavy,0.015389490090968521
heteroscedastic,d_opt,1004,30,left_heavy,0.014157372823669445
heteroscedastic,d_opt,1004,30,right_heavy,0.014387313534980701
heteroscedastic,d_opt,1004,30,broad_uniform,0.022091284046224027
heteroscedastic,d_opt,1005,18,declared,0.024601781602304133
heteroscedastic,d_opt,1005,18,forward_heavy,0.02278718161419661
heteroscedastic,d_opt,1005,18,left_heavy,0.02783022513924467
heteroscedastic,d_opt,1005,18,right_heavy,0.026294066157159596
heteroscedastic,d_opt,1005,18,broad_uniform,0.032477296427875654
heteroscedastic,d_opt,1005,24,declared,0.02279040058194363
heteroscedastic,d_opt,1005,24,forward_heavy,0.02040433498433881
heteroscedastic,d_opt,1005,24,left_heavy,0.025753621724297942
heteroscedastic,d_opt,1005,24,right_heavy,0.02618434419239625
heteroscedastic,d_opt,1005,24,broad_uniform,0.025572800766546798
heteroscedastic,d_opt,1005,30,declared,0.026960254178220993
heteroscedastic,d_opt,1005,30,forward_heavy,0.023202806626104577
heteroscedastic,d_opt,1005,30,left_heavy,0.030971297630031466
heteroscedastic,d_opt,1005,30,right_heavy,0.03261266324831962
heteroscedastic,d_opt,1005,30,broad_uniform,0.025142835436480614
heteroscedastic,d_opt,1006,18,declared,0.032998932433818885
heteroscedastic,d_opt,1006,18,forward_heavy,0.030677550175629113
heteroscedastic,d_opt,1006,18,left_heavy,0.03382819466791858
heteroscedastic,d_opt,1006,18,right_heavy,0.03857857134596146
heteroscedastic,d_opt,1006,18,broad_uniform,0.03827342824040895
heteroscedastic,d_opt,1006,24,declared,0.033162131957589776
heteroscedastic,d_opt,1006,24,forward_heavy,0.03495882046487513
heteroscedastic,d_opt,1006,24,left_heavy,0.024082461644850412
heteroscedastic,d_opt,1006,24,right_heavy,0.03570198745464842
heteroscedastic,d_opt,1006,24,broad_uniform,0.033013738353344965
heteroscedastic,d_opt,1006,30,declared,0.027595772131437254
heteroscedastic,d_opt,1006,30,forward_heavy,0.027976210749169842
heteroscedastic,d_opt,1006,30,left_heavy,0.020822772960792126
heteroscedastic,d_opt,1006,30,right_heavy,0.032339326977196506
heteroscedastic,d_opt,1006,30,broad_uniform,0.02493142963230326
heteroscedastic,d_opt,1007,18,declared,0.04282720872704573
heteroscedastic,d_opt,1007,18,forward_heavy,0.04639531511939617
heteroscedastic,d_opt,1007,18,left_heavy,0.03096404199600122
heteroscedastic,d_opt,1007,18,right_heavy,0.04219794666307016
heteroscedastic,d_opt,1007,18,broad_uniform,0.03870261875319317
heteroscedastic,d_opt,1007,24,declared,0.03655065291236017
heteroscedastic,d_opt,1007,24,forward_heavy,0.034561857142949556
heteroscedastic,d_opt,1007,24,left_heavy,0.03251901454280132
heteroscedastic,d_opt,1007,24,right_heavy,0.04551628153943778
heteroscedastic,d_opt,1007,24,broad_uniform,0.03381153764032253
heteroscedastic,d_opt,1007,30,declared,0.037283790533192904
heteroscedastic,d_opt,1007,30,forward_heavy,0.03789115725972917
heteroscedastic,d_opt,1007,30,left_heavy,0.027049578197703754
heteroscedastic,d_opt,1007,30,right_heavy,0.04416916388620831
heteroscedastic,d_opt,1007,30,broad_uniform,0.034277972628793785
heteroscedastic,d_opt,1008,18,declared,0.03127079440129192
heteroscedastic,d_opt,1008,18,forward_heavy,0.032425888438629945
heteroscedastic,d_opt,1008,18,left_heavy,0.02985620112754226
heteroscedastic,d_opt,1008,18,right_heavy,0.029015524954799993
heteroscedastic,d_opt,1008,18,broad_uniform,0.040367819727776054
heteroscedastic,d_opt,1008,24,declared,0.019341221022414094
heteroscedastic,d_opt,1008,24,forward_heavy,0.019932052847439385
heteroscedastic,d_opt,1008,24,left_heavy,0.019624628055988854
heteroscedastic,d_opt,1008,24,right_heavy,0.01703897018795695
heteroscedastic,d_opt,1008,24,broad_uniform,0.020193725890455084
heteroscedastic,d_opt,1008,30,declared,0.017390282898216678
heteroscedastic,d_opt,1008,30,forward_heavy,0.018369162487744273
heteroscedastic,d_opt,1008,30,left_heavy,0.01645744852753266
heteroscedastic,d_opt,1008,30,right_heavy,0.015084184858436557
heteroscedastic,d_opt,1008,30,broad_uniform,0.019121525282945594
heteroscedastic,d_opt,1009,18,declared,0.029556299222705983
heteroscedastic,d_opt,1009,18,forward_heavy,0.029185071561008268
heteroscedastic,d_opt,1009,18,left_heavy,0.03140848638338282
heteroscedastic,d_opt,1009,18,right_heavy,0.02864856089492249
heteroscedastic,d_opt,1009,18,broad_uniform,0.04151409366183733
heteroscedastic,d_opt,1009,24,declared,0.024217185541006103
heteroscedastic,d_opt,1009,24,forward_heavy,0.023596983799129237
heteroscedastic,d_opt,1009,24,left_heavy,0.021484623133405826
heteroscedastic,d_opt,1009,24,right_heavy,0.02849024922920083
heteroscedastic,d_opt,1009,24,broad_uniform,0.03792490488696381
heteroscedastic,d_opt,1009,30,declared,0.02382109486787626
heteroscedastic,d_opt,1009,30,forward_heavy,0.022375573779300283
heteroscedastic,d_opt,1009,30,left_heavy,0.02631443940182173
heteroscedastic,d_opt,1009,30,right_heavy,0.025322089892494657
heteroscedastic,d_opt,1009,30,broad_uniform,0.040006412489731746
heteroscedastic,d_opt,1010,18,declared,0.029343669186538184
heteroscedastic,d_opt,1010,18,forward_heavy,0.028767129712770918
heteroscedastic,d_opt,1010,18,left_heavy,0.025113309430507033
heteroscedastic,d_opt,1010,18,right_heavy,0.03479597278650465
heteroscedastic,d_opt,1010,18,broad_uniform,0.03167390972035493
heteroscedastic,d_opt,1010,24,declared,0.022126877329599372
heteroscedastic,d_opt,1010,24,forward_heavy,0.023576904443859424
heteroscedastic,d_opt,1010,24,left_heavy,0.018179711719009516
heteroscedastic,d_opt,1010,24,right_heavy,0.021302091489269027
heteroscedastic,d_opt,1010,24,broad_uniform,0.022380373142428384
heteroscedastic,d_opt,1010,30,declared,0.028218635337112285
heteroscedastic,d_opt,1010,30,forward_heavy,0.03045599569237924
heteroscedastic,d_opt,1010,30,left_heavy,0.019505491044577643
heteroscedastic,d_opt,1010,30,right_heavy,0.028857400121771376
heteroscedastic,d_opt,1010,30,broad_uniform,0.025129714102712464
heteroscedastic,d_opt,1011,18,declared,0.034196459806534206
heteroscedastic,d_opt,1011,18,forward_heavy,0.03460351811272165
heteroscedastic,d_opt,1011,18,left_heavy,0.0396364771576781
heteroscedastic,d_opt,1011,18,right_heavy,0.025573429093968588
heteroscedastic,d_opt,1011,18,broad_uniform,0.04418215539983341
heteroscedastic,d_opt,1011,24,declared,0.019117737951420848
heteroscedastic,d_opt,1011,24,forward_heavy,0.019657238461978532
heteroscedastic,d_opt,1011,24,left_heavy,0.016047399502822624
heteroscedastic,d_opt,1011,24,right_heavy,0.02039103783405551
heteroscedastic,d_opt,1011,24,broad_uniform,0.02997153435398985
heteroscedastic,d_opt,1011,30,declared,0.017114430296498676
heteroscedastic,d_opt,1011,30,forward_heavy,0.017634146129228156
heteroscedastic,d_opt,1011,30,left_heavy,0.015108714076114325
heteroscedastic,d_opt,1011,30,right_heavy,0.017488344193945928
heteroscedastic,d_opt,1011,30,broad_uniform,0.025119372868871382
heteroscedastic,d_opt,1012,18,declared,0.036794338991110245
heteroscedastic,d_opt,1012,18,forward_heavy,0.03686674186114981
heteroscedastic,d_opt,1012,18,left_heavy,0.041025977218056994
heteroscedastic,d_opt,1012,18,right_heavy,0.03139963689721387
heteroscedastic,d_opt,1012,18,broad_uniform,0.03702798309983477
heteroscedastic,d_opt,1012,24,declared,0.03554385722320756
heteroscedastic,d_opt,1012,24,forward_heavy,0.03703144736862756
heteroscedastic,d_opt,1012,24,left_heavy,0.0344393976413381
heteroscedastic,d_opt,1012,24,right_heavy,0.03179548297169272
heteroscedastic,d_opt,1012,24,broad_uniform,0.03544485639881941
heteroscedastic,d_opt,1012,30,declared,0.024645356438826115
heteroscedastic,d_opt,1012,30,forward_heavy,0.02584824544146761
heteroscedastic,d_opt,1012,30,left_heavy,0.022035547120942033
heteroscedastic,d_opt,1012,30,right_heavy,0.02343022765659258
heteroscedastic,d_opt,1012,30,broad_uniform,0.024592816260212716
heteroscedastic,d_opt,1013,18,declared,0.02421558550706027
heteroscedastic,d_opt,1013,18,forward_heavy,0.026584221758013973
heteroscedastic,d_opt,1013,18,left_heavy,0.01797248817566085
heteroscedastic,d_opt,1013,18,right_heavy,0.0222300216158568
heteroscedastic,d_opt,1013,18,broad_uniform,0.03167481340749403
heteroscedastic,d_opt,1013,24,declared,0.022632178412865463
heteroscedastic,d_opt,1013,24,forward_heavy,0.02494002017457413
heteroscedastic,d_opt,1013,24,left_heavy,0.01384556316693246
heteroscedastic,d_opt,1013,24,right_heavy,0.022663488862935892
heteroscedastic,d_opt,1013,24,broad_uniform,0.021031605824331664
heteroscedastic,d_opt,1013,30,declared,0.02275491967514793
heteroscedastic,d_opt,1013,30,forward_heavy,0.025247361849357323
heteroscedastic,d_opt,1013,30,left_heavy,0.014753497007123719
heteroscedastic,d_opt,1013,30,right_heavy,0.021607405850794983
heteroscedastic,d_opt,1013,30,broad_uniform,0.022333725037863232
heteroscedastic,d_opt,1014,18,declared,0.023183160647504027
heteroscedastic,d_opt,1014,18,forward_heavy,0.02202933121919063
heteroscedastic,d_opt,1014,18,left_heavy,0.021493502934209662
heteroscedastic,d_opt,1014,18,right_heavy,0.027925121875304684
heteroscedastic,d_opt,1014,18,broad_uniform,0.03176308539741446
heteroscedastic,d_opt,1014,24,declared,0.023365263438369314
heteroscedastic,d_opt,1014,24,forward_heavy,0.021835629360688995
heteroscedastic,d_opt,1014,24,left_heavy,0.020798304256567497
heteroscedastic,d_opt,1014,24,right_heavy,0.029687531776080543
heteroscedastic,d_opt,1014,24,broad_uniform,0.029503561291637274
heteroscedastic,d_opt,1014,30,declared,0.017949354708794555
heteroscedastic,d_opt,1014,30,forward_heavy,0.016897806205177137
heteroscedastic,d_opt,1014,30,left_heavy,0.01638685765975841
heteroscedastic,d_opt,1014,30,right_heavy,0.022205423973186336
heteroscedastic,d_opt,1014,30,broad_uniform,0.022091757801648394
heteroscedastic,d_opt,1015,18,declared,0.02625746192119041
heteroscedastic,d_opt,1015,18,forward_heavy,0.025601391959372787
heteroscedastic,d_opt,1015,18,left_heavy,0.03135124502734058
heteroscedastic,d_opt,1015,18,right_heavy,0.02195233236495265
heteroscedastic,d_opt,1015,18,broad_uniform,0.037755514281184316
heteroscedastic,d_opt,1015,24,declared,0.01922139068364546
heteroscedastic,d_opt,1015,24,forward_heavy,0.018560379344412264
heteroscedastic,d_opt,1015,24,left_heavy,0.02370132775384016
heteroscedastic,d_opt,1015,24,right_heavy,0.015548912029960565
heteroscedastic,d_opt,1015,24,broad_uniform,0.025187134398554085
heteroscedastic,d_opt,1015,30,declared,0.021495530845706608
heteroscedastic,d_opt,1015,30,forward_heavy,0.020513641422705436
heteroscedastic,d_opt,1015,30,left_heavy,0.02670511649820523
heteroscedastic,d_opt,1015,30,right_heavy,0.017946982622779953
heteroscedastic,d_opt,1015,30,broad_uniform,0.024054360922733813
heteroscedastic,d_opt,1016,18,declared,0.0450444356761459
heteroscedastic,d_opt,1016,18,forward_heavy,0.047484040325630576
heteroscedastic,d_opt,1016,18,left_heavy,0.04115585115545445
heteroscedastic,d_opt,1016,18,right_heavy,0.04106637377088416
heteroscedastic,d_opt,1016,18,broad_uniform,0.039812898696286764
heteroscedastic,d_opt,1016,24,declared,0.045472654604204694
heteroscedastic,d_opt,1016,24,forward_heavy,0.04952040320598689
heteroscedastic,d_opt,1016,24,left_heavy,0.03748334658617826
heteroscedastic,d_opt,1016,24,right_heavy,0.03977688593037545
heteroscedastic,d_opt,1016,24,broad_uniform,0.0366500324808992
heteroscedastic,d_opt,1016,30,declared,0.03914680605926854
heteroscedastic,d_opt,1016,30,forward_heavy,0.043924187150481575
heteroscedastic,d_opt,1016,30,left_heavy,0.027345488573389535
heteroscedastic,d_opt,1016,30,right_heavy,0.033744432725467254
heteroscedastic,d_opt,1016,30,broad_uniform,0.0306714897084013
heteroscedastic,d_opt,1017,18,declared,0.030584369349665474
heteroscedastic,d_opt,1017,18,forward_heavy,0.03137707794278563
heteroscedastic,d_opt,1017,18,left_heavy,0.029030145571003065
heteroscedastic,d_opt,1017,18,right_heavy,0.029696886880269356
heteroscedastic,d_opt,1017,18,broad_uniform,0.03942569668639345
heteroscedastic,d_opt,1017,24,declared,0.03380890774114438
heteroscedastic,d_opt,1017,24,forward_heavy,0.034939966841258906
heteroscedastic,d_opt,1017,24,left_heavy,0.0308382840911344
heteroscedastic,d_opt,1017,24,right_heavy,0.03326772341023934
heteroscedastic,d_opt,1017,24,broad_uniform,0.037146586088588285
heteroscedastic,d_opt,1017,30,declared,0.02385319275473104
heteroscedastic,d_opt,1017,30,forward_heavy,0.024965828193791038
heteroscedastic,d_opt,1017,30,left_heavy,0.022858596792172576
heteroscedastic,d_opt,1017,30,right_heavy,0.021214604712104235
heteroscedastic,d_opt,1017,30,broad_uniform,0.027663985782003752
heteroscedastic,d_opt,1018,18,declared,0.03556400904673828
heteroscedastic,d_opt,1018,18,forward_heavy,0.035944359082884486
heteroscedastic,d_opt,1018,18,left_heavy,0.03869794328116034
heteroscedastic,d_opt,1018,18,right_heavy,0.030530794188592173
heteroscedastic,d_opt,1018,18,broad_uniform,0.04016483663105451
heteroscedastic,d_opt,1018,24,declared,0.02423242260857693
heteroscedastic,d_opt,1018,24,forward_heavy,0.026083702252722406
heteroscedastic,d_opt,1018,24,left_heavy,0.021174537064969485
heteroscedastic,d_opt,1018,24,right_heavy,0.021128638392965266
heteroscedastic,d_opt,1018,24,broad_uniform,0.02925997108591813
heteroscedastic,d_opt,1018,30,declared,0.020101218974440123
heteroscedastic,d_opt,1018,30,forward_heavy,0.021438309314586033
heteroscedastic,d_opt,1018,30,left_heavy,0.014828124683264134
heteroscedastic,d_opt,1018,30,right_heavy,0.020695131730948998
heteroscedastic,d_opt,1018,30,broad_uniform,0.024985852015509364
heteroscedastic,d_opt,1019,18,declared,0.02469978652993784
heteroscedastic,d_opt,1019,18,forward_heavy,0.024892196686374286
heteroscedastic,d_opt,1019,18,left_heavy,0.02257431274611133
heteroscedastic,d_opt,1019,18,right_heavy,0.026223758690709798
heteroscedastic,d_opt,1019,18,broad_uniform,0.034747259464034334
heteroscedastic,d_opt,1019,24,declared,0.019837359780080027
heteroscedastic,d_opt,1019,24,forward_heavy,0.023067982280662064
heteroscedastic,d_opt,1019,24,left_heavy,0.014290371628914129
heteroscedastic,d_opt,1019,24,right_heavy,0.012866594818720664
heteroscedastic,d_opt,1019,24,broad_uniform,0.026905298167077762
heteroscedastic,d_opt,1019,30,declared,0.019817458495015424
heteroscedastic,d_opt,1019,30,forward_heavy,0.0229025873184701
heteroscedastic,d_opt,1019,30,left_heavy,0.014322142858288277
heteroscedastic,d_opt,1019,30,right_heavy,0.013567767982557103
heteroscedastic,d_opt,1019,30,broad_uniform,0.02476492276434709
heteroscedastic,d_opt,1020,18,declared,0.018658219357202646
heteroscedastic,d_opt,1020,18,forward_heavy,0.018676943092478568
heteroscedastic,d_opt,1020,18,left_heavy,0.017736304342255878
heteroscedastic,d_opt,1020,18,right_heavy,0.01953864590155638
heteroscedastic,d_opt,1020,18,broad_uniform,0.028699615257850187
heteroscedastic,d_opt,1020,24,declared,0.021076736424272262
heteroscedastic,d_opt,1020,24,forward_heavy,0.0216374852280883
heteroscedastic,d_opt,1020,24,left_heavy,0.021506303011551
heteroscedastic,d_opt,1020,24,right_heavy,0.01871945652308721
heteroscedastic,d_opt,1020,24,broad_uniform,0.02232503326191909
heteroscedastic,d_opt,1020,30,declared,0.02131951987351914
heteroscedastic,d_opt,1020,30,forward_heavy,0.02215526407023046
heteroscedastic,d_opt,1020,30,left_heavy,0.021650393014382163
heteroscedastic,d_opt,1020,30,right_heavy,0.01807352478627738
heteroscedastic,d_opt,1020,30,broad_uniform,0.022913062019714405
heteroscedastic,lhs,1001,18,declared,0.05379889310507952
heteroscedastic,lhs,1001,18,forward_heavy,0.055226581947060926
heteroscedastic,lhs,1001,18,left_heavy,0.051359554923824415
heteroscedastic,lhs,1001,18,right_heavy,0.051818838033339594
heteroscedastic,lhs,1001,18,broad_uniform,0.07586384074900485
heteroscedastic,lhs,1001,24,declared,0.0332209338088822
heteroscedastic,lhs,1001,24,forward_heavy,0.029351808300481723
heteroscedastic,lhs,1001,24,left_heavy,0.02850725092994122
heteroscedastic,lhs,1001,24,right_heavy,0.046529801436223
heteroscedastic,lhs,1001,24,broad_uniform,0.04335164538353761
heteroscedastic,lhs,1001,30,declared,0.02955917582337086
heteroscedastic,lhs,1001,30,forward_heavy,0.025816869078832155
heteroscedastic,lhs,1001,30,left_heavy,0.028384851903511407
heteroscedastic,lhs,1001,30,right_heavy,0.0398640796318172
heteroscedastic,lhs,1001,30,broad_uniform,0.0394356398512831
heteroscedastic,lhs,1002,18,declared,0.046833231277290395
heteroscedastic,lhs,1002,18,forward_heavy,0.0484591154734032
heteroscedastic,lhs,1002,18,left_heavy,0.04371902598105876
heteroscedastic,lhs,1002,18,right_heavy,0.04487363097240026
heteroscedastic,lhs,1002,18,broad_uniform,0.05886006877446193
heteroscedastic,lhs,1002,24,declared,0.05142167292317402
heteroscedastic,lhs,1002,24,forward_heavy,0.05325793827891969
heteroscedastic,lhs,1002,24,left_heavy,0.04674472689224822
heteroscedastic,lhs,1002,24,right_heavy,0.05037658877982883
heteroscedastic,lhs,1002,24,broad_uniform,0.06376942522144924
heteroscedastic,lhs,1002,30,declared,0.029737637533684264
heteroscedastic,lhs,1002,30,forward_heavy,0.03188730528286912
heteroscedastic,lhs,1002,30,left_heavy,0.025377004271640764
heteroscedastic,lhs,1002,30,right_heavy,0.02701549740081111
heteroscedastic,lhs,1002,30,broad_uniform,0.03257872772264632
heteroscedastic,lhs,1003,18,declared,0.02552260249493902
heteroscedastic,lhs,1003,18,forward_heavy,0.02702207474297824
heteroscedastic,lhs,1003,18,left_heavy,0.020143502224857345
heteroscedastic,lhs,1003,18,right_heavy,0.02586684309378202
heteroscedastic,lhs,1003,18,broad_uniform,0.04219991229725151
heteroscedastic,lhs,1003,24,declared,0.02882870717627056
heteroscedastic,lhs,1003,24,forward_heavy,0.02927768308653909
heteroscedastic,lhs,1003,24,left_heavy,0.02747078930293152
heteroscedastic,lhs,1003,24,right_heavy,0.028839884487384938
heteroscedastic,lhs,1003,24,broad_uniform,0.033868492505050626
heteroscedastic,lhs,1003,30,declared,0.025014820711441177
heteroscedastic,lhs,1003,30,forward_heavy,0.02558724953206003
heteroscedastic,lhs,1003,30,left_heavy,0.02449217685790057
heteroscedastic,lhs,1003,30,right_heavy,0.023738151237135664
heteroscedastic,lhs,1003,30,broad_uniform,0.027087465328784758
heteroscedastic,lhs,1004,18,declared,0.02809823977296204
heteroscedastic,lhs,1004,18,forward_heavy,0.02884804503676672
heteroscedastic,lhs,1004,18,left_heavy,0.02653498349295402
heteroscedastic,lhs,1004,18,right_heavy,0.027353037557825338
heteroscedastic,lhs,1004,18,broad_uniform,0.05549667249329173
heteroscedastic,lhs,1004,24,declared,0.029578888138147272
heteroscedastic,lhs,1004,24,forward_heavy,0.028463061799084557
heteroscedastic,lhs,1004,24,left_heavy,0.030739009599731915
heteroscedastic,lhs,1004,24,right_heavy,0.0316407984798558
heteroscedastic,lhs,1004,24,broad_uniform,0.03618576253266885
heteroscedastic,lhs,1004,30,declared,0.02693215496104541
heteroscedastic,lhs,1004,30,forward_heavy,0.026596207559156385
heteroscedastic,lhs,1004,30,left_heavy,0.028134929093018436
heteroscedastic,lhs,1004,30,right_heavy,0.026654355381551535
heteroscedastic,lhs,1004,30,broad_uniform,0.03006087392426978
heteroscedastic,lhs,1005,18,declared,0.04504349677230965
heteroscedastic,lhs,1005,18,forward_heavy,0.04597608471348333
heteroscedastic,lhs,1005,18,left_heavy,0.04181453682611441
heteroscedastic,lhs,1005,18,right_heavy,0.045440636819534815
heteroscedastic,lhs,1005,18,broad_uniform,0.08649872532542528
heteroscedastic,lhs,1005,24,declared,0.031072991476273383
heteroscedastic,lhs,1005,24,forward_heavy,0.032939870724018765
heteroscedastic,lhs,1005,24,left_heavy,0.02620587146771523
heteroscedastic,lhs,1005,24,right_heavy,0.029871206700284744
heteroscedastic,lhs,1005,24,broad_uniform,0.05646017059746454
heteroscedastic,lhs,1005,30,declared,0.029892563773343754
heteroscedastic,lhs,1005,30,forward_heavy,0.03136283619215645
heteroscedastic,lhs,1005,30,left_heavy,0.026480362866040014
heteroscedastic,lhs,1005,30,right_heavy,0.028625808528570235
heteroscedastic,lhs,1005,30,broad_uniform,0.0630906336195063
heteroscedastic,lhs,1006,18,declared,0.045331924465562765
heteroscedastic,lhs,1006,18,forward_heavy,0.04425356201767154
heteroscedastic,lhs,1006,18,left_heavy,0.04422763503952535
heteroscedastic,lhs,1006,18,right_heavy,0.049599935709912876
heteroscedastic,lhs,1006,18,broad_uniform,0.05372380033816304
heteroscedastic,lhs,1006,24,declared,0.03979201454466319
heteroscedastic,lhs,1006,24,forward_heavy,0.03928468545634785
heteroscedastic,lhs,1006,24,left_heavy,0.031679001874295336
heteroscedastic,lhs,1006,24,right_heavy,0.048233690309896
heteroscedastic,lhs,1006,24,broad_uniform,0.04172675205401884
heteroscedastic,lhs,1006,30,declared,0.03779504333851761
heteroscedastic,lhs,1006,30,forward_heavy,0.03813310168128466
heteroscedastic,lhs,1006,30,left_heavy,0.03196429429199283
heteroscedastic,lhs,1006,30,right_heavy,0.04222339095656783
heteroscedastic,lhs,1006,30,broad_uniform,0.031487989669676315
heteroscedastic,lhs,1007,18,declared,0.04904962621577457
heteroscedastic,lhs,1007,18,forward_heavy,0.04706722580515595
heteroscedastic,lhs,1007,18,left_heavy,0.04360539692009781
heteroscedastic,lhs,1007,18,right_heavy,0.05945655367049994
heteroscedastic,lhs,1007,18,broad_uniform,0.06012388145031068
heteroscedastic,lhs,1007,24,declared,0.026379360760202426
heteroscedastic,lhs,1007,24,forward_heavy,0.026205627440619387
heteroscedastic,lhs,1007,24,left_heavy,0.02670689822920896
heteroscedastic,lhs,1007,24,right_heavy,0.026564202452930282
heteroscedastic,lhs,1007,24,broad_uniform,0.05192717405040074
heteroscedastic,lhs,1007,30,declared,0.02105536635123499
heteroscedastic,lhs,1007,30,forward_heavy,0.020953124156116092
heteroscedastic,lhs,1007,30,left_heavy,0.01906557226108648
heteroscedastic,lhs,1007,30,right_heavy,0.023277141962302815
heteroscedastic,lhs,1007,30,broad_uniform,0.05567590429985241
heteroscedastic,lhs,1008,18,declared,0.03336526427140755
heteroscedastic,lhs,1008,18,forward_heavy,0.03666479758750535
heteroscedastic,lhs,1008,18,left_heavy,0.021487558082676
heteroscedastic,lhs,1008,18,right_heavy,0.033039958943170106
heteroscedastic,lhs,1008,18,broad_uniform,0.048529028096283636
heteroscedastic,lhs,1008,24,declared,0.031694028483875404
heteroscedastic,lhs,1008,24,forward_heavy,0.03318973065710468
heteroscedastic,lhs,1008,24,left_heavy,0.02478995223632945
heteroscedastic,lhs,1008,24,right_heavy,0.03345975777312787
heteroscedastic,lhs,1008,24,broad_uniform,0.04650251658750088
heteroscedastic,lhs,1008,30,declared,0.028196886432233167
heteroscedastic,lhs,1008,30,forward_heavy,0.028036788994665607
heteroscedastic,lhs,1008,30,left_heavy,0.024717651204085103
heteroscedastic,lhs,1008,30,right_heavy,0.031928218259561124
heteroscedastic,lhs,1008,30,broad_uniform,0.03893306996848902
heteroscedastic,lhs,1009,18,declared,0.05068982522576774
heteroscedastic,lhs,1009,18,forward_heavy,0.044276855257121855
heteroscedastic,lhs,1009,18,left_heavy,0.061811867641862424
heteroscedastic,lhs,1009,18,right_heavy,0.055888663698570144
heteroscedastic,lhs,1009,18,broad_uniform,0.05953048210752955
heteroscedastic,lhs,1009,24,declared,0.0394311598114732
heteroscedastic,lhs,1009,24,forward_heavy,0.03440692060729557
heteroscedastic,lhs,1009,24,left_heavy,0.05260100404688721
heteroscedastic,lhs,1009,24,right_heavy,0.037581548691377226
heteroscedastic,lhs,1009,24,broad_uniform,0.045296683566392264
heteroscedastic,lhs,1009,30,declared,0.027088485405964643
heteroscedastic,lhs,1009,30,forward_heavy,0.02434008752018307
heteroscedastic,lhs,1009,30,left_heavy,0.028539480521984847
heteroscedastic,lhs,1009,30,right_heavy,0.032956006979404914
heteroscedastic,lhs,1009,30,broad_uniform,0.03971888390590935
heteroscedastic,lhs,1010,18,declared,0.028448313536619488
heteroscedastic,lhs,1010,18,forward_heavy,0.030821924673276744
heteroscedastic,lhs,1010,18,left_heavy,0.025356122174503844
heteroscedastic,lhs,1010,18,right_heavy,0.023461376439186582
heteroscedastic,lhs,1010,18,broad_uniform,0.0552948674597619
heteroscedastic,lhs,1010,24,declared,0.028975006049371005
heteroscedastic,lhs,1010,24,forward_heavy,0.03248302471835102
heteroscedastic,lhs,1010,24,left_heavy,0.020941662918449913
heteroscedastic,lhs,1010,24,right_heavy,0.024467194583282437
heteroscedastic,lhs,1010,24,broad_uniform,0.03989613443155321
heteroscedastic,lhs,1010,30,declared,0.02735886081334009
heteroscedastic,lhs,1010,30,forward_heavy,0.028540863387883114
heteroscedastic,lhs,1010,30,left_heavy,0.026913555934567106
heteroscedastic,lhs,1010,30,right_heavy,0.023860935201730063
heteroscedastic,lhs,1010,30,broad_uniform,0.03460852483069286
heteroscedastic,lhs,1011,18,declared,0.03248492413405582
heteroscedastic,lhs,1011,18,forward_heavy,0.032191715934202274
heteroscedastic,lhs,1011,18,left_heavy,0.026161266715714927
heteroscedastic,lhs,1011,18,right_heavy,0.03885572035624595
heteroscedastic,lhs,1011,18,broad_uniform,0.07331705136132702
heteroscedastic,lhs,1011,24,declared,0.02794308857538304
heteroscedastic,lhs,1011,24,forward_heavy,0.025863037642361576
heteroscedastic,lhs,1011,24,left_heavy,0.026670151480121775
heteroscedastic,lhs,1011,24,right_heavy,0.03467190066489869
heteroscedastic,lhs,1011,24,broad_uniform,0.052192361890666845
heteroscedastic,lhs,1011,30,declared,0.018923198661123075
heteroscedastic,lhs,1011,30,forward_heavy,0.016528692130797003
heteroscedastic,lhs,1011,30,left_heavy,0.016607890866242113
heteroscedastic,lhs,1011,30,right_heavy,0.026630245603621483
heteroscedastic,lhs,1011,30,broad_uniform,0.0418424788671633
heteroscedastic,lhs,1012,18,declared,0.04438038109360605
heteroscedastic,lhs,1012,18,forward_heavy,0.04326797172077516
heteroscedastic,lhs,1012,18,left_heavy,0.04871113073427053
heteroscedastic,lhs,1012,18,right_heavy,0.04291752577462931
heteroscedastic,lhs,1012,18,broad_uniform,0.09943045276033986
heteroscedastic,lhs,1012,24,declared,0.023806174377648835
heteroscedastic,lhs,1012,24,forward_heavy,0.023418628411322112
heteroscedastic,lhs,1012,24,left_heavy,0.018264210057593114
heteroscedastic,lhs,1012,24,right_heavy,0.029533994943656085
heteroscedastic,lhs,1012,24,broad_uniform,0.052901177912220806
heteroscedastic,lhs,1012,30,declared,0.021266322414220513
heteroscedastic,lhs,1012,30,forward_heavy,0.02209121377522351
heteroscedastic,lhs,1012,30,left_heavy,0.015876252056578978
heteroscedastic,lhs,1012,30,right_heavy,0.023556677868925957
heteroscedastic,lhs,1012,30,broad_uniform,0.03208666067361709
heteroscedastic,lhs,1013,18,declared,0.05644443606231368
heteroscedastic,lhs,1013,18,forward_heavy,0.0549805016250967
heteroscedastic,lhs,1013,18,left_heavy,0.06252772028514741
heteroscedastic,lhs,1013,18,right_heavy,0.054034869130028446
heteroscedastic,lhs,1013,18,broad_uniform,0.08178680020570535
heteroscedastic,lhs,1013,24,declared,0.034827755765268
heteroscedastic,lhs,1013,24,forward_heavy,0.03424655976923628
heteroscedastic,lhs,1013,24,left_heavy,0.03605265658229407
heteroscedastic,lhs,1013,24,right_heavy,0.03528265663823266
heteroscedastic,lhs,1013,24,broad_uniform,0.04944693967839416
heteroscedastic,lhs,1013,30,declared,0.02343808301120343
heteroscedastic,lhs,1013,30,forward_heavy,0.023406947440412322
heteroscedastic,lhs,1013,30,left_heavy,0.019882035294797627
heteroscedastic,lhs,1013,30,right_heavy,0.02679971246809117
heteroscedastic,lhs,1013,30,broad_uniform,0.0389443129807212
heteroscedastic,lhs,1014,18,declared,0.027410046105225166
heteroscedastic,lhs,1014,18,forward_heavy,0.028746869506272667
heteroscedastic,lhs,1014,18,left_heavy,0.026183891177487394
heteroscedastic,lhs,1014,18,right_heavy,0.024260327789607305
heteroscedastic,lhs,1014,18,broad_uniform,0.04056362974108951
heteroscedastic,lhs,1014,24,declared,0.029864557555966828
heteroscedastic,lhs,1014,24,forward_heavy,0.030984914708618572
heteroscedastic,lhs,1014,24,left_heavy,0.030471978925269694
heteroscedastic,lhs,1014,24,right_heavy,0.02532448015672454
heteroscedastic,lhs,1014,24,broad_uniform,0.040332253803582206
heteroscedastic,lhs,1014,30,declared,0.03288423106532233
heteroscedastic,lhs,1014,30,forward_heavy,0.037325305652056724
heteroscedastic,lhs,1014,30,left_heavy,0.025501112035120937
heteroscedastic,lhs,1014,30,right_heavy,0.023960811701080626
heteroscedastic,lhs,1014,30,broad_uniform,0.039301312442064064
heteroscedastic,lhs,1015,18,declared,0.04732780975184367
heteroscedastic,lhs,1015,18,forward_heavy,0.04534608941135318
heteroscedastic,lhs,1015,18,left_heavy,0.04911260827568274
heteroscedastic,lhs,1015,18,right_heavy,0.05124389185535707
heteroscedastic,lhs,1015,18,broad_uniform,0.10652204310685291
heteroscedastic,lhs,1015,24,declared,0.03507371100605961
heteroscedastic,lhs,1015,24,forward_heavy,0.035568637472263624
heteroscedastic,lhs,1015,24,left_heavy,0.032453864298975975
heteroscedastic,lhs,1015,24,right_heavy,0.03620037795919853
heteroscedastic,lhs,1015,24,broad_uniform,0.048946748076407295
heteroscedastic,lhs,1015,30,declared,0.02428225381410737
heteroscedastic,lhs,1015,30,forward_heavy,0.02504055064288868
heteroscedastic,lhs,1015,30,left_heavy,0.021854678780209472
heteroscedastic,lhs,1015,30,right_heavy,0.02435387938255014
heteroscedastic,lhs,1015,30,broad_uniform,0.03703132502935084
heteroscedastic,lhs,1016,18,declared,0.04279044541511869
heteroscedastic,lhs,1016,18,forward_heavy,0.04405301964249406
heteroscedastic,lhs,1016,18,left_heavy,0.04090577385812472
heteroscedastic,lhs,1016,18,right_heavy,0.040733463193960366
heteroscedastic,lhs,1016,18,broad_uniform,0.06478679573846806
heteroscedastic,lhs,1016,24,declared,0.029307194012485195
heteroscedastic,lhs,1016,24,forward_heavy,0.032797707521476815
heteroscedastic,lhs,1016,24,left_heavy,0.021124039833382582
heteroscedastic,lhs,1016,24,right_heavy,0.025036147303138363
heteroscedastic,lhs,1016,24,broad_uniform,0.037184109074999236
heteroscedastic,lhs,1016,30,declared,0.026688319358144114
heteroscedastic,lhs,1016,30,forward_heavy,0.02768045530503331
heteroscedastic,lhs,1016,30,left_heavy,0.026947566187753284
heteroscedastic,lhs,1016,30,right_heavy,0.02302423549082754
heteroscedastic,lhs,1016,30,broad_uniform,0.03424829311028585
heteroscedastic,lhs,1017,18,declared,0.03533051957933374
heteroscedastic,lhs,1017,18,forward_heavy,0.03595107759836917
heteroscedastic,lhs,1017,18,left_heavy,0.032141386411944604
heteroscedastic,lhs,1017,18,right_heavy,0.03661440352539808
heteroscedastic,lhs,1017,18,broad_uniform,0.05667447324979721
heteroscedastic,lhs,1017,24,declared,0.032881952959034795
heteroscedastic,lhs,1017,24,forward_heavy,0.03303541391891851
heteroscedastic,lhs,1017,24,left_heavy,0.025829702679121304
heteroscedastic,lhs,1017,24,right_heavy,0.038621257180921666
heteroscedastic,lhs,1017,24,broad_uniform,0.04314249009901127
heteroscedastic,lhs,1017,30,declared,0.022815783609464336
heteroscedastic,lhs,1017,30,forward_heavy,0.02284225342756455
heteroscedastic,lhs,1017,30,left_heavy,0.018078362173881403
heteroscedastic,lhs,1017,30,right_heavy,0.026898101881035415
heteroscedastic,lhs,1017,30,broad_uniform,0.035226781255687595
heteroscedastic,lhs,1018,18,declared,0.037439521615339005
heteroscedastic,lhs,1018,18,forward_heavy,0.0400869279193327
heteroscedastic,lhs,1018,18,left_heavy,0.034278538467389964
heteroscedastic,lhs,1018,18,right_heavy,0.0317326111532562
heteroscedastic,lhs,1018,18,broad_uniform,0.07787642166912129
heteroscedastic,lhs,1018,24,declared,0.03436388668917812
heteroscedastic,lhs,1018,24,forward_heavy,0.03558549009794781
heteroscedastic,lhs,1018,24,left_heavy,0.033868720975841524
heteroscedastic,lhs,1018,24,right_heavy,0.03085243656861716
heteroscedastic,lhs,1018,24,broad_uniform,0.06070628634845738
heteroscedastic,lhs,1018,30,declared,0.03089780519177459
heteroscedastic,lhs,1018,30,forward_heavy,0.032781140326619274
heteroscedastic,lhs,1018,30,left_heavy,0.02480487757021741
heteroscedastic,lhs,1018,30,right_heavy,0.03073728760623357
heteroscedastic,lhs,1018,30,broad_uniform,0.04653756788041881
heteroscedastic,lhs,1019,18,declared,0.03752313521568682
heteroscedastic,lhs,1019,18,forward_heavy,0.029651641003886817
heteroscedastic,lhs,1019,18,left_heavy,0.03274046228760995
heteroscedastic,lhs,1019,18,right_heavy,0.05836654337803964
heteroscedastic,lhs,1019,18,broad_uniform,0.08105922487758471
heteroscedastic,lhs,1019,24,declared,0.028583893771070058
heteroscedastic,lhs,1019,24,forward_heavy,0.024378186802673233
heteroscedastic,lhs,1019,24,left_heavy,0.025031312946442525
heteroscedastic,lhs,1019,24,right_heavy,0.041366219759012425
heteroscedastic,lhs,1019,24,broad_uniform,0.049100834995349965
heteroscedastic,lhs,1019,30,declared,0.029873259631516394
heteroscedastic,lhs,1019,30,forward_heavy,0.029152243815316285
heteroscedastic,lhs,1019,30,left_heavy,0.02854951673464625
heteroscedastic,lhs,1019,30,right_heavy,0.0332705786755303
heteroscedastic,lhs,1019,30,broad_uniform,0.04751476863092969
heteroscedastic,lhs,1020,18,declared,0.021201131728231723
heteroscedastic,lhs,1020,18,forward_heavy,0.022804777470198285
heteroscedastic,lhs,1020,18,left_heavy,0.01835500605258345
heteroscedastic,lhs,1020,18,right_heavy,0.01872721643825532
heteroscedastic,lhs,1020,18,broad_uniform,0.04660449534353902
heteroscedastic,lhs,1020,24,declared,0.017560583523624024
heteroscedastic,lhs,1020,24,forward_heavy,0.018338792408896416
heteroscedastic,lhs,1020,24,left_heavy,0.014364827043583023
heteroscedastic,lhs,1020,24,right_heavy,0.018181613716928637
heteroscedastic,lhs,1020,24,broad_uniform,0.032533859989081065
heteroscedastic,lhs,1020,30,declared,0.021562625371656208
heteroscedastic,lhs,1020,30,forward_heavy,0.02400011533013583
heteroscedastic,lhs,1020,30,left_heavy,0.015016593335664165
heteroscedastic,lhs,1020,30,right_heavy,0.019389045744434695
heteroscedastic,lhs,1020,30,broad_uniform,0.032573960910502596
