scenario,seed,method,context_stage,monitor_trial,cmd_vx,cmd_vy,cmd_wz,measured_vx,measured_vy,measured_wz,predicted_vx,predicted_vy,predicted_wz,normalized_nis,cusum,legacy_alarm,signature_distance,alarm,valid,safety_events
signature_stationary_mixed_nuisance,14101,full,pre_shift,1,-0.2,0.0,-0.2,-0.06679141369893146,0.026275750344104645,-0.07282638927469082,-0.15578414966808804,0.009301438924257376,-0.19398231896876098,1.8966908516129743,0.39669085161297435,False,nan,False,True,
signature_stationary_mixed_nuisance,14102,full,pre_shift,1,-0.2,0.0,-0.2,-0.10603131128137469,0.024863307919682744,-0.07466616081094786,-0.164929719149453,0.004974958186182636,-0.1957408291940505,1.3745645330638776,0.0,False,nan,False,True,
signature_stationary_mixed_nuisance,14103,full,pre_shift,1,-0.2,0.0,-0.2,-0.06969052858877008,0.01167508518200372,-0.019136838557960865,-0.15988080883207226,0.0037367862748637825,-0.1970266962234101,2.9587777427791067,1.4587777427791067,False,nan,False,True,
signature_stationary_mixed_nuisance,14104,full,pre_shift,1,-0.2,0.0,-0.2,-0.08042606866606,0.018079103295826227,-0.05906586552672934,-0.16638701681446635,0.00167434969705846,-0.20225556581614085,2.1958766103852354,0.6958766103852354,False,nan,False,True,
signature_stationary_mixed_nuisance,14105,full,pre_shift,1,-0.2,0.0,-0.2,-0.046354621553268416,0.013996916096413098,-0.04929206614227334,-0.1563432748329524,0.006363230062445484,-0.19374654405165365,2.7539930143193456,1.2539930143193456,False,nan,False,True,
signature_stationary_mixed_nuisance,14106,full,pre_shift,1,-0.2,0.0,-0.2,-0.06633240612764106,0.024814420519176147,-0.08034445988323867,-0.16311936871326388,0.00367277997988164,-0.19683125188112835,2.019007869287782,0.519007869287782,False,nan,False,True,
signature_stationary_mixed_nuisance,14107,full,pre_shift,1,-0.2,0.0,-0.2,-0.06681200950323272,0.011886344358475283,-0.04614978708144259,-0.15626562423823462,0.008203942956860815,-0.1961107332683689,2.363283502301177,0.8632835023011771,False,nan,False,True,
signature_stationary_mixed_nuisance,14108,full,pre_shift,1,-0.2,0.0,-0.2,-0.05895251748318869,0.02112364917812971,-0.061646652635698816,-0.15711675145666726,0.008965731960267922,-0.20067168650481096,2.3747124519489407,0.8747124519489407,False,nan,False,True,
signature_stationary_mixed_nuisance,14109,full,pre_shift,1,-0.2,0.0,-0.2,-0.05057953887106409,0.017739696431532483,-0.09990110620100545,-0.15968752371217473,0.0029764281004660705,-0.2034566862997607,2.115060908874313,0.6150609088743129,False,nan,False,True,
signature_stationary_mixed_nuisance,14110,full,pre_shift,1,-0.2,0.0,-0.2,-0.06758378090688476,0.021056279886698122,-0.09720660118301964,-0.16049906979372444,0.006340191459150103,-0.19895081855411959,1.7018438187376017,0.2018438187376017,False,nan,False,True,
signature_stationary_mixed_nuisance,14111,full,pre_shift,1,-0.2,0.0,-0.2,-0.05167206275868008,0.014370189546788339,-0.06164166004371,-0.15521038743115695,0.008090309014903076,-0.20131408581502344,2.502787516992989,1.002787516992989,False,nan,False,True,
signature_stationary_mixed_nuisance,14112,full,pre_shift,1,-0.2,0.0,-0.2,-0.09724600897104628,0.008455820890985502,-0.06660013704992616,-0.17102695702811954,-0.00020609672510012926,-0.19850528787599492,1.743098138634327,0.24309813863432694,False,nan,False,True,
signature_stationary_mixed_nuisance,14113,full,pre_shift,1,-0.2,0.0,-0.2,-0.05216627504489159,0.00012543467716494682,-0.019427774595029996,-0.1573202357949832,0.00575730157061352,-0.19427343413065182,3.2366649314121347,1.7366649314121347,False,nan,False,True,
signature_stationary_mixed_nuisance,14114,full,pre_shift,1,-0.2,0.0,-0.2,-0.04713134364349983,0.005764289006210121,-0.04776047396887189,-0.1587125414990056,0.005396874700610855,-0.20513533538117196,3.0326441219586653,1.5326441219586653,False,nan,False,True,
signature_stationary_mixed_nuisance,14115,full,pre_shift,1,-0.2,0.0,-0.2,-0.0677870341403455,0.012244377642070108,-0.06658991927156543,-0.1560045438854835,0.006581021794620439,-0.19890144769587995,2.0255932307047533,0.5255932307047533,False,nan,False,True,
signature_stationary_mixed_nuisance,14116,full,pre_shift,1,-0.2,0.0,-0.2,-0.042691328814324456,0.02898877169158503,-0.0984997994536769,-0.1514904551835582,0.005721882704070078,-0.1950459970773475,2.0587169002862407,0.5587169002862407,False,nan,False,True,
signature_stationary_mixed_nuisance,14117,full,pre_shift,1,-0.2,0.0,-0.2,-0.07778775105757273,0.011144290419689942,-0.09706396785429956,-0.15612086309689327,0.007552855520881067,-0.19801516781044823,1.3696221977605754,0.0,False,nan,False,True,
signature_stationary_mixed_nuisance,14118,full,pre_shift,1,-0.2,0.0,-0.2,-0.04821634416507594,0.001003167220708523,-0.050891384253276425,-0.15383144263951393,0.006179925518404728,-0.20093532004144973,2.74088464099203,1.24088464099203,False,nan,False,True,
signature_stationary_mixed_nuisance,14119,full,pre_shift,1,-0.2,0.0,-0.2,-0.05717824726671504,0.00696088788944773,-0.04998907158706301,-0.1538567795343665,0.007996129397685852,-0.20275318978986165,2.573294696173129,1.0732946961731291,False,nan,False,True,
signature_stationary_mixed_nuisance,14120,full,pre_shift,1,-0.2,0.0,-0.2,-0.06288815053498023,-0.01979676393969279,-0.006380393729596465,-0.16104598619092322,-0.005680173043287458,-0.19795925646178714,3.4664010525048687,1.9664010525048687,False,nan,False,True,
signature_stationary_mixed_nuisance,14121,full,pre_shift,1,-0.2,0.0,-0.2,-0.06408659501658097,-0.0130797424635334,-0.028862054325343743,-0.15693662365201208,0.0015497964340337705,-0.20450253004688884,2.9839019391010577,1.4839019391010577,False,nan,False,True,
signature_stationary_mixed_nuisance,14122,full,pre_shift,1,-0.2,0.0,-0.2,-0.06828272746756882,0.019592643475840076,-0.14140554179081763,-0.15654255126269778,0.00582182989727774,-0.2028556331991778,1.1875339011599155,0.0,False,nan,False,True,
signature_stationary_mixed_nuisance,14123,full,pre_shift,1,-0.2,0.0,-0.2,-0.0649807859317574,0.016730310039044276,-0.050655951686612355,-0.1567898614255231,0.005319023744625367,-0.19540382978005658,2.3319994569245264,0.8319994569245264,False,nan,False,True,
signature_stationary_mixed_nuisance,14124,full,pre_shift,1,-0.2,0.0,-0.2,-0.09014850954504133,0.020217327434172448,-0.09707980932239305,-0.15566254051391326,0.008881704461795873,-0.20128922701789753,1.205142140279933,0.0,False,nan,False,True,
signature_stationary_mixed_nuisance,14125,full,pre_shift,1,-0.2,0.0,-0.2,-0.06682116408542205,-0.005708919851617079,-0.009191149969231855,-0.15404361527125596,0.006369850888798428,-0.1986637671944088,3.1727821831045215,1.6727821831045215,False,nan,False,True,
signature_stationary_mixed_nuisance,14126,full,pre_shift,1,-0.2,0.0,-0.2,-0.06914673180673031,0.008808073658762862,-0.06125411905185129,-0.1599738972971573,0.0030133064978275547,-0.2009571767094103,2.207353546605766,0.7073535466057659,False,nan,False,True,
signature_stationary_mixed_nuisance,14127,full,pre_shift,1,-0.2,0.0,-0.2,-0.08008857046088992,0.01535791148619423,-0.08288697978942575,-0.15832236501790883,0.006538396916088562,-0.19966910828565376,1.590910179204539,0.09091017920453903,False,nan,False,True,
signature_stationary_mixed_nuisance,14128,full,pre_shift,1,-0.2,0.0,-0.2,-0.09276059585518928,0.013325443982239976,-0.06980014312527702,-0.15843886707349894,0.0036655994917040766,-0.19438251054388334,1.4935773761413202,0.0,False,nan,False,True,
signature_stationary_mixed_nuisance,14129,full,pre_shift,1,-0.2,0.0,-0.2,-0.09848278490593042,0.022021388341842568,-0.09029693020471273,-0.16432144622048886,0.0006395786831630171,-0.19477974041788332,1.2520460327597578,0.0,False,nan,False,True,
signature_stationary_mixed_nuisance,14130,full,pre_shift,1,-0.2,0.0,-0.2,-0.07353804023036174,0.01854098131740136,-0.08333262771798977,-0.16890724805146073,-0.005039304739755732,-0.19664439790381744,1.9533261855150714,0.4533261855150714,False,nan,False,True,
signature_stationary_mixed_nuisance,14101,full,pre_shift,2,-0.2,0.0,0.2,-0.09709734396349162,-0.006545779029590099,0.08646215943895871,-0.15092839239706934,0.013810445585774959,0.18086066902996883,0.9548967583695167,0.0,False,nan,False,True,
signature_stationary_mixed_nuisance,14102,full,pre_shift,2,-0.2,0.0,0.2,-0.09018853501742827,0.010714525504377454,0.008468289807904716,-0.1537136830964471,0.00799966286529713,0.18482215376290856,2.4413592787584344,0.9413592787584344,False,nan,False,True,
signature_stationary_mixed_nuisance,14103,full,pre_shift,2,-0.2,0.0,0.2,-0.07440118498732155,-0.010209020927085071,0.07026750923643794,-0.1465727858795566,0.0071434419723524645,0.18352421809910013,1.4684051721029732,1.4271829148820798,False,nan,False,True,
signature_stationary_mixed_nuisance,14104,full,pre_shift,2,-0.2,0.0,0.2,-0.07697513466682984,0.00045881515448061385,0.06428660601779607,-0.15983453427035416,0.0005176279060079319,0.17626371828592216,1.610396877264004,0.8062734876492395,False,nan,False,True,
signature_stationary_mixed_nuisance,14105,full,pre_shift,2,-0.2,0.0,0.2,-0.08237289110324282,0.001670075117935203,0.08976261996201186,-0.1500275552605735,0.010007873094257352,0.18087856369011152,1.0744108860669133,0.8284039003862589,False,nan,False,True,
signature_stationary_mixed_nuisance,14106,full,pre_shift,2,-0.2,0.0,0.2,-0.09934330511362537,-0.008204286221208234,0.06367386143013544,-0.1608581328537826,0.0038186177841734574,0.17808089479805306,1.2929729633768596,0.3119808326646416,False,nan,False,True,
signature_stationary_mixed_nuisance,14107,full,pre_shift,2,-0.2,0.0,0.2,-0.07600875191413715,0.007444366036793666,0.04186280824051469,-0.1495061921460393,0.012469318569058578,0.18766652829652786,1.9888370072882253,1.3521205095894024,False,nan,False,True,
signature_stationary_mixed_nuisance,14108,full,pre_shift,2,-0.2,0.0,0.2,-0.06612583342996065,-0.003236990761253708,0.03354518554895915,-0.14823128013944023,0.010054025113458136,0.18020431910804455,2.184144270382619,1.5588567223315595,False,nan,False,True,
signature_stationary_mixed_nuisance,14109,full,pre_shift,2,-0.2,0.0,0.2,-0.07050911770981856,-0.015817611482089353,0.043877573558541536,-0.15177720904245115,0.0025669741206899746,0.1783338823400642,1.9707954486460393,1.0858563575203521,False,nan,False,True,
signature_stationary_mixed_nuisance,14110,full,pre_shift,2,-0.2,0.0,0.2,-0.06620193002256045,0.003584293085480756,0.024904647788593717,-0.15557464867882656,0.006849161773471157,0.18270722775870396,2.526006720393907,1.2278505391315087,False,nan,False,True,
signature_stationary_mixed_nuisance,14111,full,pre_shift,2,-0.2,0.0,0.2,-0.06421091284100983,0.00238669039172086,0.007814452575895484,-0.15304971105799936,0.00939324584495332,0.178993823512651,2.794473378583549,2.297260895576538,False,nan,False,True,
signature_stationary_mixed_nuisance,14112,full,pre_shift,2,-0.2,0.0,0.2,-0.0761426320400244,-0.002563591064107028,0.04711245189453957,-0.16303612600518608,-0.0005977677691261826,0.18554492732874636,2.1080888304762975,0.8511869691106244,False,nan,False,True,
signature_stationary_mixed_nuisance,14113,full,pre_shift,2,-0.2,0.0,0.2,-0.0724824463543783,-0.013540923999067613,0.046440059221061855,-0.1475542483058394,0.008728831767241194,0.18301453443662888,1.9088328915019772,2.1454978229141117,False,nan,False,True,
signature_stationary_mixed_nuisance,14114,full,pre_shift,2,-0.2,0.0,0.2,-0.06976270931303875,-0.00031391716018230794,0.02237647868715386,-0.15944176443114136,0.007973443996065687,0.17286617861985715,2.3987972236448565,2.4314413456035218,False,nan,False,True,
signature_stationary_mixed_nuisance,14115,full,pre_shift,2,-0.2,0.0,0.2,-0.06482090925976652,0.008563965886725249,0.022665142687271538,-0.1454557255094214,0.010848969361310036,0.183055713139892,2.3998785372417832,1.4254717679465365,False,nan,False,True,
signature_stationary_mixed_nuisance,14116,full,pre_shift,2,-0.2,0.0,0.2,-0.050915634042614843,0.0108753457828699,0.00905698904460429,-0.1450457733355246,0.009934296816546546,0.18542856353256876,3.021400483433858,2.080117383720099,False,nan,False,True,
signature_stationary_mixed_nuisance,14117,full,pre_shift,2,-0.2,0.0,0.2,-0.07269702972136523,0.0063230324098525635,0.04241653526299226,-0.1469878171887472,0.009377999972971063,0.18838032271333333,2.0040863986381936,0.5040863986381936,False,nan,False,True,
signature_stationary_mixed_nuisance,14118,full,pre_shift,2,-0.2,0.0,0.2,-0.035255545278377626,-0.0006254174403352966,0.012079619310533828,-0.14518616927022687,0.008226661530139939,0.1839449094381349,3.320591260960443,3.061475901952473,False,nan,False,True,
signature_stationary_mixed_nuisance,14119,full,pre_shift,2,-0.2,0.0,0.2,-0.07848800077275771,-0.008021606885335493,0.06890870755312341,-0.14577356000923117,0.011099207347033185,0.18035314284143616,1.3693367007641957,0.9426313969373248,False,nan,False,True,
signature_stationary_mixed_nuisance,14120,full,pre_shift,2,-0.2,0.0,0.2,-0.0946728527689406,-0.015051298138896633,0.06974773608113638,-0.15886926374085164,-0.0025793897880106334,0.18947351421375014,1.413074309583999,1.8794753620888678,False,nan,False,True,
signature_stationary_mixed_nuisance,14121,full,pre_shift,2,-0.2,0.0,0.2,-0.0689139045981482,-0.02013580178251162,0.03914442389657919,-0.14601704180170347,0.002536107580087891,0.1775983139739323,1.9816460322652765,1.9655479713663342,False,nan,False,True,
signature_stationary_mixed_nuisance,14122,full,pre_shift,2,-0.2,0.0,0.2,-0.07848877162802034,0.008452214856428344,0.014118506582265059,-0.1544917412183027,0.007855956784119607,0.17859408714479189,2.3946668423453157,0.8946668423453157,False,nan,False,True,
signature_stationary_mixed_nuisance,14123,full,pre_shift,2,-0.2,0.0,0.2,-0.09730034489848129,-0.012409162051116274,0.08942991219699445,-0.15057625446564973,0.008450829151036598,0.18314860303885647,0.9444192001509326,0.276418657075459,False,nan,False,True,
signature_stationary_mixed_nuisance,14124,full,pre_shift,2,-0.2,0.0,0.2,-0.09167832880619435,0.013012892900212274,0.04035797240821992,-0.14799020327892579,0.011433539146480627,0.18751419832566185,1.7426503931633273,0.24265039316332726,False,nan,False,True,
signature_stationary_mixed_nuisance,14125,full,pre_shift,2,-0.2,0.0,0.2,-0.08674709042301126,-0.008823196468108196,0.06358448037891574,-0.1475364566624748,0.009044710591276026,0.18479652739828784,1.4064756926046602,1.5792578757091817,False,nan,False,True,
signature_stationary_mixed_nuisance,14126,full,pre_shift,2,-0.2,0.0,0.2,-0.08005843236520235,-0.01837494805402902,0.04458443480730583,-0.15198475942944628,0.002522489361977254,0.18063942887482975,1.8382813849074022,1.045634931513168,False,nan,False,True,
signature_stationary_mixed_nuisance,14127,full,pre_shift,2,-0.2,0.0,0.2,-0.08293719476947259,0.0106285499181316,0.01152564317099289,-0.15419517336940217,0.008403597553887244,0.18264318968008986,2.4517974599032315,1.0427076391077705,False,nan,False,True,
signature_stationary_mixed_nuisance,14128,full,pre_shift,2,-0.2,0.0,0.2,-0.09016650881975613,-0.005010111672915101,0.08515768455541015,-0.14577943142915226,0.00759528431258791,0.19518719650278868,1.145654753079662,0.0,False,nan,False,True,
signature_stationary_mixed_nuisance,14129,full,pre_shift,2,-0.2,0.0,0.2,-0.07128373137463768,0.002887784062146397,0.017927855051647238,-0.15675865145113418,0.0016850071803107386,0.18561586030899044,2.6463148616391012,1.1463148616391012,False,nan,False,True,
signature_stationary_mixed_nuisance,14130,full,pre_shift,2,-0.2,0.0,0.2,-0.06084075480189481,-0.004789389775677181,0.06750811502687906,-0.1596356635146211,-0.0038349856442696714,0.18340355009932863,2.0159729076762534,0.9692990931913248,False,nan,False,True,
signature_stationary_mixed_nuisance,14101,full,pre_shift,3,0.12,-0.1,-0.15,0.03160378611207155,-0.02488757680517933,-0.03925363945728782,0.10191896781900286,-0.07496100672907977,-0.13169473677533797,1.4069699041621426,0.0,False,nan,False,True,
signature_stationary_mixed_nuisance,14102,full,pre_shift,3,0.12,-0.1,-0.15,0.03862048323507334,-0.028586932510082826,-0.023483659219002567,0.09875293702345549,-0.0836685614298502,-0.1311685474858006,1.498815553320754,0.9401748320791883,False,nan,False,True,
signature_stationary_mixed_nuisance,14103,full,pre_shift,3,0.12,-0.1,-0.15,0.011051799843106176,-0.030631281503655083,-0.02327781181150233,0.09745835183661142,-0.08452780083712202,-0.1305522001613928,1.9374166456742359,1.8645995605563157,False,nan,False,True,
signature_stationary_mixed_nuisance,14104,full,pre_shift,3,0.12,-0.1,-0.15,0.00785797725750558,-0.034237480533261734,-0.02218333348677499,0.09952615936510273,-0.08409316531230875,-0.13650939913630983,2.093078851327114,1.3993523389763534,False,nan,False,True,
signature_stationary_mixed_nuisance,14105,full,pre_shift,3,0.12,-0.1,-0.15,0.011811336123726326,-0.033614111314618104,-0.03741862396518731,0.10106249871996405,-0.08497835356242069,-0.1368420231212502,1.8633853172176815,1.1917892176039404,False,nan,False,True,
signature_stationary_mixed_nuisance,14106,full,pre_shift,3,0.12,-0.1,-0.15,0.05870363614669163,-0.03177345405226847,-0.006919085552388241,0.10893445549665742,-0.08082263561737195,-0.13248634726065175,1.552960153579898,0.36494098624453963,False,nan,False,True,
signature_stationary_mixed_nuisance,14107,full,pre_shift,3,0.12,-0.1,-0.15,0.028273081959289268,-0.039193447200053584,-0.04436576374341077,0.10453120724424854,-0.08189643905664735,-0.13142390912871338,1.3707208240623776,1.22284133365178,False,nan,False,True,
signature_stationary_mixed_nuisance,14108,full,pre_shift,3,0.12,-0.1,-0.15,0.004474199126153826,-0.02813481131377593,-0.03389937077653629,0.09817812818452362,-0.08298153160727101,-0.13637488132740885,2.041944430975612,2.1008011533071715,False,nan,False,True,
signature_stationary_mixed_nuisance,14109,full,pre_shift,3,0.12,-0.1,-0.15,0.059202138379662504,-0.02325067573640075,-0.027349888033541683,0.10854315024626512,-0.08679731637564858,-0.1334406157107944,1.457300382394623,1.043156739914975,False,nan,False,True,
signature_stationary_mixed_nuisance,14110,full,pre_shift,3,0.12,-0.1,-0.15,0.03123826068098902,-0.03166076394838007,-0.0547084308970859,0.10111565632431636,-0.08908109588258628,-0.13680739378686319,1.378966814212972,1.1068173533444807,False,nan,False,True,
signature_stationary_mixed_nuisance,14111,full,pre_shift,3,0.12,-0.1,-0.15,0.029167882335270404,-0.033936554251908,-0.039572742882392084,0.1051951626750971,-0.07864560798412862,-0.1360495086651595,1.494921842909938,2.292182738486476,False,nan,False,True,
signature_stationary_mixed_nuisance,14112,full,pre_shift,3,0.12,-0.1,-0.15,0.034074804991902394,-0.023409790063400434,-0.054427915484453054,0.09875155073216683,-0.08091699339036927,-0.13300318795873214,1.2646609428556816,0.6158479119663061,False,nan,False,True,
signature_stationary_mixed_nuisance,14113,full,pre_shift,3,0.12,-0.1,-0.15,0.05321676247577151,-0.02169044745201314,0.015515845841961872,0.11108426753554909,-0.08190126736926069,-0.1330050072536116,2.1884712187648687,2.8339690416789804,False,nan,False,True,
signature_stationary_mixed_nuisance,14114,full,pre_shift,3,0.12,-0.1,-0.15,0.035251587121682866,-0.026656426042118854,-0.051554630719151895,0.10382988737531454,-0.08771342513675788,-0.13219248121599023,1.3949078314155656,2.3263491770190874,False,nan,False,True,
signature_stationary_mixed_nuisance,14115,full,pre_shift,3,0.12,-0.1,-0.15,0.005451884724928787,-0.028754079397963928,-0.019524895732862306,0.09783504093646067,-0.08164902019002249,-0.13207405161347457,2.12237778634618,2.0478495542927164,False,nan,False,True,
signature_stationary_mixed_nuisance,14116,full,pre_shift,3,0.12,-0.1,-0.15,0.036096494974541364,-0.03153021788819697,-0.022163475971489658,0.10270209244861006,-0.0886935756113063,-0.12988030198688374,1.6288368825911899,2.208954266311289,False,nan,False,True,
signature_stationary_mixed_nuisance,14117,full,pre_shift,3,0.12,-0.1,-0.15,0.013294310588911677,-0.03900065765658122,-0.040665335626984246,0.10169932496162387,-0.08198239249525456,-0.13576495148002884,1.7000299266426266,0.7041163252808202,False,nan,False,True,
signature_stationary_mixed_nuisance,14118,full,pre_shift,3,0.12,-0.1,-0.15,0.04374566843977055,-0.018204953681175244,0.004419019237951005,0.10425039776669319,-0.07570001847101179,-0.1337465192879623,2.002155373742455,3.5636312756949278,False,nan,False,True,
signature_stationary_mixed_nuisance,14119,full,pre_shift,3,0.12,-0.1,-0.15,0.021973129099519165,-0.029271043561247795,-0.044999556573864556,0.10173838207796075,-0.08131950023142191,-0.1272563200113511,1.4890285028946462,0.931659899831971,False,nan,False,True,
signature_stationary_mixed_nuisance,14120,full,pre_shift,3,0.12,-0.1,-0.15,0.0629760245717758,-0.033010102394178745,-0.005760952080348881,0.11127696905904445,-0.08872358735734676,-0.12335564769337434,1.493532188898425,1.8730075509872928,False,nan,False,True,
signature_stationary_mixed_nuisance,14121,full,pre_shift,3,0.12,-0.1,-0.15,0.03791977803134277,-0.033447898811211414,-0.024183298478042684,0.1071195575466967,-0.07740960144815569,-0.13508862014239056,1.5553091664394991,2.0208571378058333,False,nan,False,True,
signature_stationary_mixed_nuisance,14122,full,pre_shift,3,0.12,-0.1,-0.15,0.044183140746173306,-0.03245953271888462,-0.05683167765078056,0.10641635189452638,-0.08019204415537194,-0.1346700729462934,1.096663322832755,0.4913301651780706,False,nan,False,True,
signature_stationary_mixed_nuisance,14123,full,pre_shift,3,0.12,-0.1,-0.15,0.005854259717687534,-0.03101031777390179,-0.044563669917654695,0.1027750203923514,-0.0803910013640029,-0.13623790046869869,1.9158849847300026,0.6923036418054616,False,nan,False,True,
signature_stationary_mixed_nuisance,14124,full,pre_shift,3,0.12,-0.1,-0.15,0.042275038374860095,-0.036718683357109864,-0.0073616621703553944,0.10401375596832686,-0.08181646628439285,-0.12735694313880505,1.581748731296863,0.32439912446019026,False,nan,False,True,
signature_stationary_mixed_nuisance,14125,full,pre_shift,3,0.12,-0.1,-0.15,0.04652418969536203,-0.03133650204000616,-0.02541859492805027,0.11063079526808119,-0.08531186066651913,-0.13147821681273109,1.5230291518332366,1.6022870275424184,False,nan,False,True,
signature_stationary_mixed_nuisance,14126,full,pre_shift,3,0.12,-0.1,-0.15,0.058057112889115005,-0.018273136513774522,-0.01107126403162449,0.10793386142911855,-0.07856880065191042,-0.14014441299631109,1.751473855693457,1.2971087872066251,False,nan,False,True,
signature_stationary_mixed_nuisance,14127,full,pre_shift,3,0.12,-0.1,-0.15,0.03778438666441758,-0.031477836500127705,-0.028830182146538534,0.1045325540482645,-0.08173133950632418,-0.13420593500270858,1.509302042742564,1.0520096818503346,False,nan,False,True,
signature_stationary_mixed_nuisance,14128,full,pre_shift,3,0.12,-0.1,-0.15,0.04701066757685389,-0.03280738479891868,-0.02180077997233924,0.10315047102558177,-0.08365605555630609,-0.12553948989303637,1.344841763355431,0.0,False,nan,False,True,
signature_stationary_mixed_nuisance,14129,full,pre_shift,3,0.12,-0.1,-0.15,0.03569374989576039,-0.02159490152809504,-0.04968417454293065,0.09514744156296917,-0.08234548618827085,-0.13223440109680987,1.2744669419511199,0.9207818035902211,False,nan,False,True,
signature_stationary_mixed_nuisance,14130,full,pre_shift,3,0.12,-0.1,-0.15,-0.0012311426631605178,-0.019483174820259106,-0.04805969696126383,0.09337025726592642,-0.08345727004031382,-0.13758913349357557,2.0342735160124574,1.5035726092037822,False,nan,False,True,
signature_stationary_mixed_nuisance,14101,full,pre_shift,4,0.12,0.1,0.15,0.028755258023011595,0.006750258459975032,0.026934754719435974,0.0965367154499828,0.08678925435572558,0.1328949279254621,1.9857072680857233,0.4857072680857233,False,nan,False,True,
signature_stationary_mixed_nuisance,14102,full,pre_shift,4,0.12,0.1,0.15,0.02941989084796393,0.017456513292205423,0.021286909297291604,0.10169905639545745,0.08206691426430324,0.13473463107027323,1.8998187641223332,1.3399935962015215,False,nan,False,True,
signature_stationary_mixed_nuisance,14103,full,pre_shift,4,0.12,0.1,0.15,0.03615380854139921,0.0034569203217386653,0.032599566544512994,0.09941865419072313,0.08396595949523752,0.1381444889846792,1.9195607629800415,2.2841603235363572,False,nan,False,True,
signature_stationary_mixed_nuisance,14104,full,pre_shift,4,0.12,0.1,0.15,0.041177121322328286,0.012560036679903708,0.0222879370471402,0.09668802909777524,0.08604827556643051,0.13604610746546447,1.7956741136562113,1.6950264526325647,False,nan,False,True,
signature_stationary_mixed_nuisance,14105,full,pre_shift,4,0.12,0.1,0.15,0.016046446846364394,0.01865347859581676,0.006662120633140715,0.09430747654356784,0.08674518055677362,0.12977803446704628,2.2025605747144352,1.8943497923183756,False,nan,False,True,
signature_stationary_mixed_nuisance,14106,full,pre_shift,4,0.12,0.1,0.15,0.018785364119704568,0.03225685136246477,0.04511173954584298,0.09965314300985666,0.08913299001745852,0.1364481075810882,1.659350783253031,0.5242917694975706,False,nan,False,True,
signature_stationary_mixed_nuisance,14107,full,pre_shift,4,0.12,0.1,0.15,0.021617499782894553,0.03254915421482745,0.04134418121652932,0.09809286446816459,0.08658944529370229,0.13829715682258883,1.6090654647665292,1.3319067984183093,False,nan,False,True,
signature_stationary_mixed_nuisance,14108,full,pre_shift,4,0.12,0.1,0.15,0.01910646520796101,-0.00010845982233793073,-0.007941445303744738,0.09553821511418023,0.08368113264254017,0.13472629673111386,2.7730082889710115,3.373809442278183,False,nan,False,True,
signature_stationary_mixed_nuisance,14109,full,pre_shift,4,0.12,0.1,0.15,0.02819844704367083,0.014377887508688856,0.04161931590319242,0.10741149745354532,0.08354213840927975,0.13411705868659993,1.8144579157393634,1.3576146556543385,False,nan,False,True,
signature_stationary_mixed_nuisance,14110,full,pre_shift,4,0.12,0.1,0.15,0.026141202886871266,0.030728657724013023,0.03339119496392395,0.10209846278232168,0.08563133354470678,0.13555770337746448,1.6733465825239413,1.280163935868422,False,nan,False,True,
signature_stationary_mixed_nuisance,14111,full,pre_shift,4,0.12,0.1,0.15,0.02882959474480451,0.019302418756140506,-0.017368780930393478,0.09552625108903712,0.08598337717158164,0.13258016841646222,2.4383791039082534,3.2305618423947293,False,nan,False,True,
signature_stationary_mixed_nuisance,14112,full,pre_shift,4,0.12,0.1,0.15,0.030493202331971687,0.02171885550867662,0.051541670186986466,0.1021121185117527,0.08764804348951667,0.1359744680245784,1.5509174989360301,0.6667654109023362,False,nan,False,True,
signature_stationary_mixed_nuisance,14113,full,pre_shift,4,0.12,0.1,0.15,0.022460068885695565,0.021347539056703616,0.03428048772177792,0.10302097442259059,0.08625136949659369,0.13795685951229295,1.919806491381108,3.2537755330600886,False,nan,False,True,
signature_stationary_mixed_nuisance,14114,full,pre_shift,4,0.12,0.1,0.15,0.034934834509158616,-0.0024582876378430375,0.02109703768430097,0.0961621923014467,0.0857432782912463,0.13325719373797057,2.1318798201229985,2.958228997142086,False,nan,False,True,
signature_stationary_mixed_nuisance,14115,full,pre_shift,4,0.12,0.1,0.15,0.022607752184654887,0.014752904299741963,-0.0052627459003348155,0.09422746155639533,0.08535082453916155,0.13487680596917284,2.405508909492092,2.9533584637848085,False,nan,False,True,
signature_stationary_mixed_nuisance,14116,full,pre_shift,4,0.12,0.1,0.15,-0.007872010824364386,0.026197599119753518,0.006823941075776568,0.09888138167798396,0.08239318136990177,0.13469838936276213,2.719514115470011,3.4284683817813,False,nan,False,True,
signature_stationary_mixed_nuisance,14117,full,pre_shift,4,0.12,0.1,0.15,0.0012655352898446146,0.05449263190896076,-0.001257691111425343,0.09518361246847973,0.08961781136088404,0.13826628368046334,2.383241423178798,1.5873577484596184,False,nan,False,True,
signature_stationary_mixed_nuisance,14118,full,pre_shift,4,0.12,0.1,0.15,-0.005115671509581454,0.029249342432602472,0.006536428586909885,0.10494229210381874,0.09121953151910604,0.13552248539078887,2.898318814708835,4.961950090403763,True,nan,False,True,
signature_stationary_mixed_nuisance,14119,full,pre_shift,4,0.12,0.1,0.15,0.03341504660801225,-0.0013404891843309496,0.04997632272840497,0.10169067941804277,0.08321076438040614,0.14068165307370706,1.8932820326274593,1.3249419324594303,False,nan,False,True,
signature_stationary_mixed_nuisance,14120,full,pre_shift,4,0.12,0.1,0.15,0.04450370615277101,0.02681723660773131,0.033842628468373506,0.10342784745356713,0.08906991755821728,0.1445334852221929,1.6176399913799138,1.9906475423672065,False,nan,False,True,
signature_stationary_mixed_nuisance,14121,full,pre_shift,4,0.12,0.1,0.15,0.044947878969330134,0.03506400740845529,0.044258873581608696,0.1068221175650444,0.0879510728535319,0.13745792070984822,1.3134982883866329,1.8343554261924662,False,nan,False,True,
signature_stationary_mixed_nuisance,14122,full,pre_shift,4,0.12,0.1,0.15,0.01894898666208216,0.03607868785599185,0.0022639134682165074,0.09437084271010769,0.08567434051090213,0.13097851126239105,1.9834497042494796,0.9747798694275502,False,nan,False,True,
signature_stationary_mixed_nuisance,14123,full,pre_shift,4,0.12,0.1,0.15,0.013035914779956735,0.03583744758771004,0.0013744927124782907,0.09510239459707726,0.08787121773094131,0.13679845258461373,2.2442766690048956,1.4365803108103572,False,nan,False,True,
signature_stationary_mixed_nuisance,14124,full,pre_shift,4,0.12,0.1,0.15,0.03552799915053921,0.02946305875802982,0.0530193707371346,0.09868659143629001,0.08594380217526366,0.1432230826906481,1.344171669466969,0.16857079392715923,False,nan,False,True,
signature_stationary_mixed_nuisance,14125,full,pre_shift,4,0.12,0.1,0.15,0.04426942533616788,0.02858160978404268,0.031087968974515517,0.10028429065718772,0.08625676182209004,0.13859249743964264,1.4754552416479483,1.5777422691903666,False,nan,False,True,
signature_stationary_mixed_nuisance,14126,full,pre_shift,4,0.12,0.1,0.15,0.029721793623578668,0.029019218504818624,0.04726874373838261,0.10814503890103772,0.08875048631924924,0.13522082945462013,1.6120928716693752,1.4092016588760004,False,nan,False,True,
signature_stationary_mixed_nuisance,14127,full,pre_shift,4,0.12,0.1,0.15,0.03558411232792378,0.020446975906661786,0.004934547281565323,0.09711996659354659,0.08607931408317675,0.134771184280163,1.9949645752990357,1.5469742571493703,False,nan,False,True,
signature_stationary_mixed_nuisance,14128,full,pre_shift,4,0.12,0.1,0.15,0.014204027729340696,0.046203064696106966,0.045913313000445995,0.10011642944949152,0.08629527717632639,0.14401290861264787,1.6412906005294465,0.14129060052944653,False,nan,False,True,
signature_stationary_mixed_nuisance,14129,full,pre_shift,4,0.12,0.1,0.15,0.02665905236597882,0.02168235034803349,0.02873854969043878,0.09965329551647273,0.08241406463536162,0.13405167566534743,1.7427569335800606,1.1635387371702817,False,nan,False,True,
signature_stationary_mixed_nuisance,14130,full,pre_shift,4,0.12,0.1,0.15,0.025680579387789886,0.0013422198205390238,0.004757815797794963,0.09597739956235415,0.08153659014084792,0.1347310675657036,2.382874399191605,2.386447008395387,False,nan,False,True,
signature_stationary_mixed_nuisance,14101,full,pre_shift,5,-0.2,0.0,-0.2,-0.07054100038336934,0.02762248453726594,-0.07588956079168435,-0.15578414966808804,0.009301438924257376,-0.19398231896876098,1.778560087344003,0.7642673554297263,False,0.035920819117041064,False,True,
signature_stationary_mixed_nuisance,14102,full,pre_shift,5,-0.2,0.0,-0.2,-0.10692168341679896,0.0239400381618666,-0.07307288818175489,-0.164929719149453,0.004974958186182636,-0.1957408291940505,1.3821586397023837,1.2221522359039052,False,0.01587413320674587,False,True,
signature_stationary_mixed_nuisance,14103,full,pre_shift,5,-0.2,0.0,-0.2,-0.07003797456870473,0.009212545320404919,-0.018079542113978324,-0.15988080883207226,0.0037367862748637825,-0.1970266962234101,2.970375435701172,3.754535759237529,False,0.031435290406736226,False,True,
signature_stationary_mixed_nuisance,14104,full,pre_shift,5,-0.2,0.0,-0.2,-0.08084359048641207,0.01904554160137354,-0.061832459182854425,-0.16638701681446635,0.00167434969705846,-0.20225556581614085,2.142194049870427,2.3372205025029915,False,0.019775436550154023,False,True,
signature_stationary_mixed_nuisance,14105,full,pre_shift,5,-0.2,0.0,-0.2,-0.04278047110766128,0.015316647112399228,-0.046663902604760464,-0.1563432748329524,0.006363230062445484,-0.19374654405165365,2.9006447175717462,3.294994509890122,False,0.033720741578052965,False,True,
signature_stationary_mixed_nuisance,14106,full,pre_shift,5,-0.2,0.0,-0.2,-0.06776463745937887,0.02302701613379743,-0.08149981626732769,-0.16311936871326388,0.00367277997988164,-0.19683125188112835,1.9603810309868355,0.9846728004844061,False,0.025397760897717746,False,True,
signature_stationary_mixed_nuisance,14107,full,pre_shift,5,-0.2,0.0,-0.2,-0.0682188180481446,0.009664817253149278,-0.047595706311417574,-0.15626562423823462,0.008203942956860815,-0.1961107332683689,2.304699445526304,2.1366062439446134,False,0.030604322297114697,False,True,
signature_stationary_mixed_nuisance,14108,full,pre_shift,5,-0.2,0.0,-0.2,-0.05541585250469859,0.021313394182852354,-0.05724995266459912,-0.15711675145666726,0.008965731960267922,-0.20067168650481096,2.538352716255658,4.412162158533841,True,0.035219648123556546,False,True,
signature_stationary_mixed_nuisance,14109,full,pre_shift,5,-0.2,0.0,-0.2,-0.051350287271676225,0.01314342782498039,-0.08649502624876709,-0.15968752371217473,0.0029764281004660705,-0.2034566862997607,2.2668951728478897,2.1245098285022284,False,0.09422421490664698,False,True,
signature_stationary_mixed_nuisance,14110,full,pre_shift,5,-0.2,0.0,-0.2,-0.06773552904163531,0.020181589067443773,-0.0924277456257035,-0.16049906979372444,0.006340191459150103,-0.19895081855411959,1.7585913704773768,1.5387553063457988,False,0.028732893030353746,False,True,
signature_stationary_mixed_nuisance,14111,full,pre_shift,5,-0.2,0.0,-0.2,-0.05271722449751932,0.011523769959827644,-0.05415078888779811,-0.15521038743115695,0.008090309014903076,-0.20131408581502344,2.607829379961513,4.338391222356242,True,0.05525915307311753,False,True,
signature_stationary_mixed_nuisance,14112,full,pre_shift,5,-0.2,0.0,-0.2,-0.09731637415505183,0.0063188326300770295,-0.07417771726437816,-0.17102695702811954,-0.00020609672510012926,-0.19850528787599492,1.6140477704605039,0.7808131813628401,False,0.04985996461198899,False,True,
signature_stationary_mixed_nuisance,14113,full,pre_shift,5,-0.2,0.0,-0.2,-0.05200992757288191,-0.0018145523166627252,-0.016037536461612937,-0.1573202357949832,0.00575730157061352,-0.19427343413065182,3.3186466697103794,5.072422202770468,True,0.0307253325913942,False,True,
signature_stationary_mixed_nuisance,14114,full,pre_shift,5,-0.2,0.0,-0.2,-0.04641736916361457,0.00640193476988181,-0.04798105294153005,-0.1587125414990056,0.005396874700610855,-0.20513533538117196,3.0474004824386696,4.505629479580755,True,0.009541480993405465,False,True,
signature_stationary_mixed_nuisance,14115,full,pre_shift,5,-0.2,0.0,-0.2,-0.07047862945792858,0.012825863594246872,-0.06044524428230393,-0.1560045438854835,0.006581021794620439,-0.19890144769587995,2.075536035510806,3.5288944992956144,False,0.039847201056425204,False,True,
signature_stationary_mixed_nuisance,14116,full,pre_shift,5,-0.2,0.0,-0.2,-0.041698577668445265,0.027340669034463867,-0.0925645411298873,-0.1514904551835582,0.005721882704070078,-0.1950459970773475,2.1491883484516374,4.077656730232937,True,0.03952161888729303,False,True,
signature_stationary_mixed_nuisance,14117,full,pre_shift,5,-0.2,0.0,-0.2,-0.0774472177028708,0.009914470385521417,-0.09367350136326609,-0.15612086309689327,0.007552855520881067,-0.19801516781044823,1.418747202770666,1.5061049512302844,False,0.02443419739347235,False,True,
signature_stationary_mixed_nuisance,14118,full,pre_shift,5,-0.2,0.0,-0.2,-0.04902651150348922,-9.972838637556076e-05,-0.049235106237751285,-0.15383144263951393,0.006179925518404728,-0.20093532004144973,2.7535804464196665,6.2155305368234295,False,0.017556079261232285,False,True,
signature_stationary_mixed_nuisance,14119,full,pre_shift,5,-0.2,0.0,-0.2,-0.057208143753219906,0.006989805661959546,-0.05073240109011886,-0.1538567795343665,0.007996129397685852,-0.20275318978986165,2.5580875691776646,2.383029501637095,False,0.004150894997803514,False,True,
signature_stationary_mixed_nuisance,14120,full,pre_shift,5,-0.2,0.0,-0.2,-0.06878356185902952,-0.015894383985850625,-0.0038844435413467318,-0.16104598619092322,-0.005680173043287458,-0.19795925646178714,3.383422975425812,3.874070517793019,False,0.0659166112283246,False,True,
signature_stationary_mixed_nuisance,14121,full,pre_shift,5,-0.2,0.0,-0.2,-0.06403521529620353,-0.010759991720764863,-0.032654145048450774,-0.15693662365201208,0.0015497964340337705,-0.20450253004688884,2.8946183905036302,3.2289738166960964,False,0.03584382326670251,False,True,
signature_stationary_mixed_nuisance,14122,full,pre_shift,5,-0.2,0.0,-0.2,-0.06704627794879511,0.02164932510355374,-0.13793745686915881,-0.15654255126269778,0.00582182989727774,-0.2028556331991778,1.2484758999964183,0.7232557694239685,False,0.03331892886607215,False,True,
signature_stationary_mixed_nuisance,14123,full,pre_shift,5,-0.2,0.0,-0.2,-0.06546384096903826,0.016361194474306395,-0.05168659278181082,-0.1567898614255231,0.005319023744625367,-0.19540382978005658,2.302113063391499,2.238693374201856,False,0.00812270262527319,False,True,
signature_stationary_mixed_nuisance,14124,full,pre_shift,5,-0.2,0.0,-0.2,-0.08723743702853008,0.02138321143091456,-0.09915382288598375,-0.15566254051391326,0.008881704461795873,-0.20128922701789753,1.228212193982985,0.0,False,0.027883976556962797,False,True,
signature_stationary_mixed_nuisance,14125,full,pre_shift,5,-0.2,0.0,-0.2,-0.06672040541626012,-0.006561300257891936,-0.008063871823582277,-0.15404361527125596,0.006369850888798428,-0.1986637671944088,3.204378718388727,3.2821209875790935,False,0.01237992913929559,False,True,
signature_stationary_mixed_nuisance,14126,full,pre_shift,5,-0.2,0.0,-0.2,-0.06778851893347503,0.008618630845952794,-0.05734057738114812,-0.1599738972971573,0.0030133064978275547,-0.2009571767094103,2.306290409569885,2.215492068445885,False,0.023925660430639067,False,True,
signature_stationary_mixed_nuisance,14127,full,pre_shift,5,-0.2,0.0,-0.2,-0.08012671757550792,0.01625728264488662,-0.08125055982263564,-0.15832236501790883,0.006538396916088562,-0.19966910828565376,1.6166631314604603,1.6636373886098306,False,0.01446064532886324,False,True,
signature_stationary_mixed_nuisance,14128,full,pre_shift,5,-0.2,0.0,-0.2,-0.09193668332187081,0.014629382701860023,-0.06880598103861177,-0.15843886707349894,0.0036655994917040766,-0.19438251054388334,1.5255476725742583,0.1668382731037048,False,0.018188023310245008,False,True,
signature_stationary_mixed_nuisance,14129,full,pre_shift,5,-0.2,0.0,-0.2,-0.10071458934717799,0.018530794369821094,-0.08443007176817084,-0.16432144622048886,0.0006395786831630171,-0.19477974041788332,1.2800385545577337,0.9435772917280154,False,0.056747380360286905,False,True,
signature_stationary_mixed_nuisance,14130,full,pre_shift,5,-0.2,0.0,-0.2,-0.07787796137946518,0.014339098089434687,-0.07932596835600485,-0.16890724805146073,-0.005039304739755732,-0.19664439790381744,1.8926984151422224,2.779145423537609,False,0.06492426501416991,False,True,
signature_stationary_mixed_nuisance,14101,full,pre_shift,6,-0.2,0.0,0.2,-0.09657014822397106,-0.005494233047282789,0.0847343894273804,-0.15092839239706934,0.013810445585774959,0.18086066902996883,0.9774623669125994,0.2417297223423257,False,0.01670596056238779,False,True,
signature_stationary_mixed_nuisance,14102,full,pre_shift,6,-0.2,0.0,0.2,-0.08987038340877923,0.008297242282062198,0.012981008986700075,-0.1537136830964471,0.00799966286529713,0.18482215376290856,2.3466360924305922,2.0687883283344974,False,0.03932825316443989,False,True,
signature_stationary_mixed_nuisance,14103,full,pre_shift,6,-0.2,0.0,0.2,-0.07457635778213,-0.010458557847834657,0.07179045531438684,-0.1465727858795566,0.0071434419723524645,0.18352421809910013,1.4441875829473674,3.6987233421848966,False,0.009103867286540042,False,True,
signature_stationary_mixed_nuisance,14104,full,pre_shift,6,-0.2,0.0,0.2,-0.07629752494740888,-3.265546538630471e-05,0.0634849542551985,-0.15983453427035416,0.0005176279060079319,0.17626371828592216,1.6357457085577591,2.4729662110607507,False,0.009000120153442428,False,True,
signature_stationary_mixed_nuisance,14105,full,pre_shift,6,-0.2,0.0,0.2,-0.07996511876492644,0.0031586288359445975,0.08616254136520343,-0.1500275552605735,0.010007873094257352,0.18087856369011152,1.1524960751647992,2.947490585054921,False,0.032280319946457796,False,True,
signature_stationary_mixed_nuisance,14106,full,pre_shift,6,-0.2,0.0,0.2,-0.10149308758689872,-0.009235212883076034,0.06572125684910227,-0.1608581328537826,0.0038186177841734574,0.17808089479805306,1.2346175018558025,0.7192903023402086,False,0.02304854772792731,False,True,
signature_stationary_mixed_nuisance,14107,full,pre_shift,6,-0.2,0.0,0.2,-0.07425815235482587,0.008154966798402668,0.039913026990949736,-0.1495061921460393,0.012469318569058578,0.18766652829652786,2.0556856005000252,2.6922918444446386,False,0.018777402360154283,False,True,
signature_stationary_mixed_nuisance,14108,full,pre_shift,6,-0.2,0.0,0.2,-0.06714594584679202,-0.0034207418494426566,0.03495668067576342,-0.14823128013944023,0.010054025113458136,0.18020431910804455,2.138621777784015,5.050783936317856,False,0.01094807483482583,False,True,
signature_stationary_mixed_nuisance,14109,full,pre_shift,6,-0.2,0.0,0.2,-0.07109218631709645,-0.013929451178308332,0.04587995137435237,-0.15177720904245115,0.0025669741206899746,0.1783338823400642,1.9181692056841098,2.542679034186338,False,0.026422537019875767,False,True,
signature_stationary_mixed_nuisance,14110,full,pre_shift,6,-0.2,0.0,0.2,-0.06781333532719684,0.003485300351983971,0.02573023005307773,-0.15557464867882656,0.006849161773471157,0.18270722775870396,2.474811968677336,2.513567275023135,False,0.012451857730973404,False,True,
signature_stationary_mixed_nuisance,14111,full,pre_shift,6,-0.2,0.0,0.2,-0.06285095810386118,-0.0010166678077134824,0.016567483826918063,-0.15304971105799936,0.00939324584495332,0.178993823512651,2.649524366013524,5.487915588369766,False,0.06533650259624824,False,True,
signature_stationary_mixed_nuisance,14112,full,pre_shift,6,-0.2,0.0,0.2,-0.07722684891087668,-0.002309978324310983,0.046096645227388204,-0.16303612600518608,-0.0005977677691261826,0.18554492732874636,2.1037862024111313,1.3845993837739714,False,0.010093233700252951,False,True,
signature_stationary_mixed_nuisance,14113,full,pre_shift,6,-0.2,0.0,0.2,-0.07798376645796946,-0.013611065208504797,0.05461202121799946,-0.1475542483058394,0.008728831767241194,0.18301453443662888,1.6780642117179072,5.250486414488376,False,0.06005012786829088,False,True,
signature_stationary_mixed_nuisance,14114,full,pre_shift,6,-0.2,0.0,0.2,-0.07282649717712202,-0.002714849495775773,0.026721710222030844,-0.15944176443114136,0.007973443996065687,0.17286617861985715,2.257653422414259,5.263282901995014,False,0.04429859606182783,False,True,
signature_stationary_mixed_nuisance,14115,full,pre_shift,6,-0.2,0.0,0.2,-0.06573797592283187,0.007470646560839529,0.022966066624915113,-0.1454557255094214,0.010848969361310036,0.183055713139892,2.37652564301539,4.405420142311004,True,0.0152471847892385,False,True,
signature_stationary_mixed_nuisance,14116,full,pre_shift,6,-0.2,0.0,0.2,-0.05185079739301352,0.01064149074268888,0.011595678711941306,-0.1450457733355246,0.009934296816546546,0.18542856353256876,2.9444137476321983,5.522070477865135,False,0.015877090202838964,False,True,
signature_stationary_mixed_nuisance,14117,full,pre_shift,6,-0.2,0.0,0.2,-0.07213142708642639,0.009140434869200898,0.025460427378069698,-0.1469878171887472,0.009377999972971063,0.18838032271333333,2.3417364425457925,2.347841393776077,False,0.10064963558572353,False,True,
signature_stationary_mixed_nuisance,14118,full,pre_shift,6,-0.2,0.0,0.2,-0.03472250948496564,-0.002062232511044601,0.014278861281962154,-0.14518616927022687,0.008226661530139939,0.1839449094381349,3.290765552475025,8.006296089298454,False,0.02205321840321311,False,True,
signature_stationary_mixed_nuisance,14119,full,pre_shift,6,-0.2,0.0,0.2,-0.07856288890851917,-0.008644919071834924,0.07025393267140873,-0.14577356000923117,0.011099207347033185,0.18035314284143616,1.3523148458971945,2.23534434753429,False,0.010809481092835601,False,True,
signature_stationary_mixed_nuisance,14120,full,pre_shift,6,-0.2,0.0,0.2,-0.09425772963124136,-0.012810447056894514,0.0691953330741629,-0.15886926374085164,-0.0025793897880106334,0.18947351421375014,1.4217821910608341,3.795852708853853,False,0.028333835906924988,False,True,
signature_stationary_mixed_nuisance,14121,full,pre_shift,6,-0.2,0.0,0.2,-0.06482752146251741,-0.017816615083553755,0.03736181695180819,-0.14601704180170347,0.002536107580087891,0.1775983139739323,2.0785293308045207,3.807503147500617,False,0.04231374369338541,False,True,
signature_stationary_mixed_nuisance,14122,full,pre_shift,6,-0.2,0.0,0.2,-0.08041131339338874,0.008579009165253492,0.009211442601575092,-0.1544917412183027,0.007855956784119607,0.17859408714479189,2.463020257681572,1.6862760271055404,False,0.030565985985342076,False,True,
signature_stationary_mixed_nuisance,14123,full,pre_shift,6,-0.2,0.0,0.2,-0.09795528521786392,-0.013729542234253602,0.08299297326934327,-0.15057625446564973,0.008450829151036598,0.18314860303885647,1.0217388340719933,1.7604322082738495,False,0.03966263595939158,False,True,
signature_stationary_mixed_nuisance,14124,full,pre_shift,6,-0.2,0.0,0.2,-0.08723626022167924,0.014531902418770636,0.03650031941014324,-0.14799020327892579,0.011433539146480627,0.18751419832566185,1.8781935788740463,0.37819357887404625,False,0.04273836859723025,False,True,
signature_stationary_mixed_nuisance,14125,full,pre_shift,6,-0.2,0.0,0.2,-0.08674701528701104,-0.009698443479153928,0.06225424003435539,-0.1475364566624748,0.009044710591276026,0.18479652739828784,1.4305876114024239,3.2127085989815174,False,0.013202722103463049,False,True,
signature_stationary_mixed_nuisance,14126,full,pre_shift,6,-0.2,0.0,0.2,-0.0813762601297361,-0.0173383830079791,0.04179427183984503,-0.15198475942944628,0.002522489361977254,0.18063942887482975,1.8586500208315861,2.5741420892774713,False,0.02228831900558398,False,True,
signature_stationary_mixed_nuisance,14127,full,pre_shift,6,-0.2,0.0,0.2,-0.0859257921725416,0.011363366695101674,0.0076675332220067114,-0.15419517336940217,0.008403597553887244,0.18264318968008986,2.48586537843954,2.6495027670493707,False,0.03161458138200985,False,True,
signature_stationary_mixed_nuisance,14128,full,pre_shift,6,-0.2,0.0,0.2,-0.08839564233384342,-0.0055491001113393374,0.08727311745363205,-0.14577943142915226,0.00759528431258791,0.19518719650278868,1.1424905346517888,0.0,False,0.018534005366525007,False,True,
signature_stationary_mixed_nuisance,14129,full,pre_shift,6,-0.2,0.0,0.2,-0.07187684544646969,-0.000329768711636685,0.027362430825671268,-0.15675865145113418,0.0016850071803107386,0.18561586030899044,2.441174710473087,1.8847520022011026,False,0.0662027867292571,False,True,
signature_stationary_mixed_nuisance,14130,full,pre_shift,6,-0.2,0.0,0.2,-0.05967788328668278,-0.00670167977135742,0.0661692551704448,-0.1596356635146211,-0.0038349856442696714,0.18340355009932863,2.0645300586014077,3.343675482139017,False,0.02637616625195964,False,True,
signature_stationary_mixed_nuisance,14101,full,pre_shift,7,0.12,-0.1,-0.15,0.028573652977733694,-0.025679831328211326,-0.04244336033977378,0.10191896781900286,-0.07496100672907977,-0.13169473677533797,1.4147691180725828,0.15649884041490847,False,0.029674056591845344,False,True,
signature_stationary_mixed_nuisance,14102,full,pre_shift,7,0.12,-0.1,-0.15,0.03891875380952622,-0.03162076154327661,-0.014680476227323588,0.09875293702345549,-0.0836685614298502,-0.1311685474858006,1.5807601519878964,2.1495484803223937,False,0.06192362538969785,False,True,
signature_stationary_mixed_nuisance,14103,full,pre_shift,7,0.12,-0.1,-0.15,0.011196291693944364,-0.02838997149831788,-0.02151219392250446,0.09745835183661142,-0.08452780083712202,-0.1305522001613928,1.9875492972171536,4.18627263940205,True,0.029701830272318163,False,True,
signature_stationary_mixed_nuisance,14104,full,pre_shift,7,0.12,-0.1,-0.15,0.009381303682961757,-0.033511489745874215,-0.02343288132438151,0.09952615936510273,-0.08409316531230875,-0.13650939913630983,2.0512919608027396,3.02425817186349,False,0.01577776954211033,False,True,
signature_stationary_mixed_nuisance,14105,full,pre_shift,7,0.12,-0.1,-0.15,0.02556597112152802,-0.0263704726177137,-0.058589481797657376,0.10106249871996405,-0.08497835356242069,-0.1368420231212502,1.4552138310544063,2.9027044161093274,False,0.17800148681164552,False,True,
signature_stationary_mixed_nuisance,14106,full,pre_shift,7,0.12,-0.1,-0.15,0.06059303002040024,-0.028837602189139073,-0.0031006281494964138,0.10893445549665742,-0.08082263561737195,-0.13248634726065175,1.6278144838243918,0.8471047861646004,False,0.044484899146751446,False,True,
signature_stationary_mixed_nuisance,14107,full,pre_shift,7,0.12,-0.1,-0.15,0.026818833236091084,-0.0407360800310964,-0.05141332084536049,0.10453120724424854,-0.08189643905664735,-0.13142390912871338,1.3081949393248649,2.5004867837695035,False,0.04486307444594075,False,True,
signature_stationary_mixed_nuisance,14108,full,pre_shift,7,0.12,-0.1,-0.15,0.004381131421156389,-0.03055386774415644,-0.03529297221785502,0.09817812818452362,-0.08298153160727101,-0.13637488132740885,1.9956709676619064,5.546454903979763,False,0.031220716067482362,False,True,
signature_stationary_mixed_nuisance,14109,full,pre_shift,7,0.12,-0.1,-0.15,0.05461777833527024,-0.028894203144949573,-0.024359593486874043,0.10854315024626512,-0.08679731637564858,-0.1334406157107944,1.470931532291064,2.5136105664774018,False,0.07952807990704798,False,True,
signature_stationary_mixed_nuisance,14110,full,pre_shift,7,0.12,-0.1,-0.15,0.029206507186638902,-0.03178524615383946,-0.05578132225114748,0.10111565632431636,-0.08908109588258628,-0.13680739378686319,1.399385699168616,2.412952974191751,False,0.01576585717377766,False,True,
signature_stationary_mixed_nuisance,14111,full,pre_shift,7,0.12,-0.1,-0.15,0.0263169456798602,-0.032303782814254105,-0.035030076561466485,0.1051951626750971,-0.07864560798412862,-0.1360495086651595,1.6203064884439924,5.6082220768137585,False,0.03831640865742134,False,True,
signature_stationary_mixed_nuisance,14112,full,pre_shift,7,0.12,-0.1,-0.15,0.039683280984629206,-0.02336375645530936,-0.04871723801893461,0.09875155073216683,-0.08091699339036927,-0.13300318795873214,1.2428694674586327,1.127468851232604,False,0.051104954561242574,False,True,
signature_stationary_mixed_nuisance,14113,full,pre_shift,7,0.12,-0.1,-0.15,0.048749138495323086,-0.023409241535187676,0.022548804502890017,0.11108426753554909,-0.08190126736926069,-0.1330050072536116,2.3588523659272735,6.10933878041565,False,0.054832224605990174,False,True,
signature_stationary_mixed_nuisance,14114,full,pre_shift,7,0.12,-0.1,-0.15,0.03601103755466205,-0.02558441248078655,-0.04979105808258543,0.10382988737531454,-0.08771342513675788,-0.13219248121599023,1.4160273549478275,5.179310256942841,False,0.017463813938080303,False,True,
signature_stationary_mixed_nuisance,14115,full,pre_shift,7,0.12,-0.1,-0.15,0.005651981956670556,-0.029809252932715778,-0.015940664143347303,0.09783504093646067,-0.08164902019002249,-0.13207405161347457,2.1560788852678656,5.06149902757887,False,0.023927259710728618,False,True,
signature_stationary_mixed_nuisance,14116,full,pre_shift,7,0.12,-0.1,-0.15,0.03711667261708356,-0.03178976886318627,-0.026406169880332397,0.10270209244861006,-0.0886935756113063,-0.12988030198688374,1.554048855767852,5.576119333632987,False,0.02488364253410547,False,True,
signature_stationary_mixed_nuisance,14117,full,pre_shift,7,0.12,-0.1,-0.15,0.01515827395052298,-0.03968639319877008,-0.04203608446346674,0.10169932496162387,-0.08198239249525456,-0.13576495148002884,1.6379534850720516,2.4857948788481288,False,0.017570701048798352,False,True,
signature_stationary_mixed_nuisance,14118,full,pre_shift,7,0.12,-0.1,-0.15,0.03270158471692252,-0.040700434968187676,-0.015426515697273682,0.10425039776669319,-0.07570001847101179,-0.1337465192879623,1.616700372248509,8.122996461546963,False,0.31216752163456973,False,True,
signature_stationary_mixed_nuisance,14119,full,pre_shift,7,0.12,-0.1,-0.15,0.025832852603320213,-0.03026041869914997,-0.04971518669745391,0.10173838207796075,-0.08131950023142191,-0.1272563200113511,1.3591251407008478,2.094469488235138,False,0.039991930062332766,False,True,
signature_stationary_mixed_nuisance,14120,full,pre_shift,7,0.12,-0.1,-0.15,0.06769539249787722,-0.03587289968096981,-0.006845147928464947,0.11127696905904445,-0.08872358735734676,-0.12335564769337434,1.3886423890506026,3.6844950979044553,False,0.04952971550950229,False,True,
signature_stationary_mixed_nuisance,14121,full,pre_shift,7,0.12,-0.1,-0.15,0.03991070287650698,-0.032261851771053604,-0.030726604786257803,0.1071195575466967,-0.07740960144815569,-0.13508862014239056,1.4464771178525808,3.753980265353198,False,0.04175497622060515,False,True,
signature_stationary_mixed_nuisance,14122,full,pre_shift,7,0.12,-0.1,-0.15,0.043198047790993836,-0.03074759658825036,-0.06346217114937146,0.10641635189452638,-0.08019204415537194,-0.1346700729462934,1.0727930897552873,1.2590691168608277,False,0.04317792109690697,False,True,
signature_stationary_mixed_nuisance,14123,full,pre_shift,7,0.12,-0.1,-0.15,0.007523948600431205,-0.03709450464894919,-0.022825022389094726,0.1027750203923514,-0.0803910013640029,-0.13623790046869869,2.089442747788055,2.3498749560619046,False,0.1432188963932537,False,True,
signature_stationary_mixed_nuisance,14124,full,pre_shift,7,0.12,-0.1,-0.15,0.047788760860643875,-0.030972785467073643,-0.012618317135305476,0.10401375596832686,-0.08181646628439285,-0.12735694313880505,1.4954273874232167,0.37362096629726294,False,0.08696308491484646,False,True,
signature_stationary_mixed_nuisance,14125,full,pre_shift,7,0.12,-0.1,-0.15,0.046205916744738236,-0.03128870806695538,-0.030565127168885528,0.11063079526808119,-0.08531186066651913,-0.13147821681273109,1.463360962298258,3.1760695612797756,False,0.028688304411365106,False,True,
signature_stationary_mixed_nuisance,14126,full,pre_shift,7,0.12,-0.1,-0.15,0.05811780534318832,-0.021572861141080917,-0.004968554517127621,0.10793386142911855,-0.07856880065191042,-0.14014441299631109,1.8049486168402573,2.8790907061177284,False,0.05339422943730962,False,True,
signature_stationary_mixed_nuisance,14127,full,pre_shift,7,0.12,-0.1,-0.15,0.037814935477167896,-0.03304438419866494,-0.027086955113543143,0.1045325540482645,-0.08173133950632418,-0.13420593500270858,1.5149839910816194,2.66448675813099,False,0.021846914855876753,False,True,
signature_stationary_mixed_nuisance,14128,full,pre_shift,7,0.12,-0.1,-0.15,0.04075152402195674,-0.03562013532422431,-0.006024989833642245,0.10315047102558177,-0.08365605555630609,-0.12553948989303637,1.6182827391402093,0.11828273914020926,False,0.10448132223047595,False,True,
signature_stationary_mixed_nuisance,14129,full,pre_shift,7,0.12,-0.1,-0.15,0.03854623655112903,-0.0223273892649507,-0.052566890976295376,0.09514744156296917,-0.08234548618827085,-0.13223440109680987,1.195777992974272,1.5805299951753746,False,0.0274855234073881,False,True,
signature_stationary_mixed_nuisance,14130,full,pre_shift,7,0.12,-0.1,-0.15,-0.002320265507744905,-0.01699108055094286,-0.04665864715582319,0.09337025726592642,-0.08345727004031382,-0.13758913349357557,2.1123591237637878,3.9560346059028046,False,0.03303786197306957,False,True,
signature_stationary_mixed_nuisance,14101,full,pre_shift,8,0.12,0.1,0.15,0.027005516981538538,0.008167138596280134,0.0069731085343342075,0.0965367154499828,0.08678925435572558,0.1328949279254621,2.273461538061661,0.9299603784765696,False,0.112996713967546,False,True,
signature_stationary_mixed_nuisance,14102,full,pre_shift,8,0.12,0.1,0.15,0.027474462769186154,0.017988084035350967,0.031818407464002,0.10169905639545745,0.08206691426430324,0.13473463107027323,1.7829414957536807,2.4324899760760745,False,0.0605018304842894,False,True,
signature_stationary_mixed_nuisance,14103,full,pre_shift,8,0.12,0.1,0.15,0.032463984226536485,0.004977565959070562,0.015052430373364305,0.09941865419072313,0.08396595949523752,0.1381444889846792,2.1958661762141345,4.882138815616185,False,0.10275741990278359,False,True,
signature_stationary_mixed_nuisance,14104,full,pre_shift,8,0.12,0.1,0.15,0.04132742400416031,0.011699554279984958,0.023476997281394227,0.09668802909777524,0.08604827556643051,0.13604610746546447,1.7921776421754902,3.3164358140389805,False,0.01266817126851845,False,True,
signature_stationary_mixed_nuisance,14105,full,pre_shift,8,0.12,0.1,0.15,0.018814622851853712,0.01798178484222879,0.00373402729608431,0.09430747654356784,0.08674518055677362,0.12977803446704628,2.208800685142527,3.611505101251854,False,0.026945799660358614,False,True,
signature_stationary_mixed_nuisance,14106,full,pre_shift,8,0.12,0.1,0.15,0.016912055540818847,0.03518650546447073,0.05093562816183452,0.09965314300985666,0.08913299001745852,0.1364481075810882,1.5925558778447668,0.9396606640093672,False,0.05066518546276832,False,True,
signature_stationary_mixed_nuisance,14107,full,pre_shift,8,0.12,0.1,0.15,0.02253469993539657,0.03524687190065268,0.04292771004578906,0.09809286446816459,0.08658944529370229,0.13829715682258883,1.5399073694858794,2.5403941532553826,False,0.035460580631712355,False,True,
signature_stationary_mixed_nuisance,14108,full,pre_shift,8,0.12,0.1,0.15,0.017731669723211854,0.00018057488873102993,-0.008378053129115735,0.09553821511418023,0.08368113264254017,0.13472629673111386,2.7999156651092663,6.846370569089029,False,0.01074097707432058,False,True,
signature_stationary_mixed_nuisance,14109,full,pre_shift,8,0.12,0.1,0.15,0.057540419593596404,0.03517352545021565,0.05679797226463729,0.10741149745354532,0.08354213840927975,0.13411705868659993,0.9309144669796007,1.9445250334570026,False,0.3443959801821864,False,True,
signature_stationary_mixed_nuisance,14110,full,pre_shift,8,0.12,0.1,0.15,0.022751879289443583,0.028619340171304533,0.03521139048576995,0.10209846278232168,0.08563133354470678,0.13555770337746448,1.7403383190806165,2.6532912932723676,False,0.03719603366121567,False,True,
signature_stationary_mixed_nuisance,14111,full,pre_shift,8,0.12,0.1,0.15,0.02609130626922627,0.01988567224310336,-0.020411030286643903,0.09552625108903712,0.08598337717158164,0.13258016841646222,2.529157680181466,6.637379756995225,False,0.026858389963889916,False,True,
signature_stationary_mixed_nuisance,14112,full,pre_shift,8,0.12,0.1,0.15,0.03051261743913424,0.021772801148085705,0.05544165449881184,0.1021121185117527,0.08764804348951667,0.1359744680245784,1.5093489965688978,1.1368178478015019,False,0.021677513873931516,False,True,
signature_stationary_mixed_nuisance,14113,full,pre_shift,8,0.12,0.1,0.15,0.020081245956944993,0.021829452266500585,0.0344178926592007,0.10302097442259059,0.08625136949659369,0.13795685951229295,1.9559695684811615,6.565308348896811,False,0.01804395975349793,False,True,
signature_stationary_mixed_nuisance,14114,full,pre_shift,8,0.12,0.1,0.15,0.03424573987416738,0.0005954024490775404,0.012488762701613164,0.0961621923014467,0.0857432782912463,0.13325719373797057,2.202243434888232,5.881553691831073,False,0.06138707546898719,False,True,
signature_stationary_mixed_nuisance,14115,full,pre_shift,8,0.12,0.1,0.15,0.01991393779610305,0.016816761505525663,-0.010639936920005866,0.09422746155639533,0.08535082453916155,0.13487680596917284,2.513890979318426,6.075390006897296,False,0.04391124563399703,False,True,
signature_stationary_mixed_nuisance,14116,full,pre_shift,8,0.12,0.1,0.15,-0.007625113896772843,0.025520612915261334,0.009218388527214233,0.09888138167798396,0.08239318136990177,0.13469838936276213,2.684590926676906,6.760710260309893,False,0.01586433812059027,False,True,
signature_stationary_mixed_nuisance,14117,full,pre_shift,8,0.12,0.1,0.15,0.0027243179253078546,0.0541101380804491,-0.011600792004727224,0.09518361246847973,0.08961781136088404,0.13826628368046334,2.5422759631623983,3.528070842010527,False,0.058594173221525055,False,True,
signature_stationary_mixed_nuisance,14118,full,pre_shift,8,0.12,0.1,0.15,-0.005690537173451247,0.027984621910320435,-0.0006894280843308527,0.10494229210381874,0.09121953151910604,0.13552248539078887,3.0531329904781095,9.676129452025073,False,0.04333933453001304,False,True,
signature_stationary_mixed_nuisance,14119,full,pre_shift,8,0.12,0.1,0.15,0.03453896240215072,0.0011678597435928772,0.05224037716693017,0.10169067941804277,0.08321076438040614,0.14068165307370706,1.8015387579542057,2.3960082461893437,False,0.03472394555350905,False,True,
signature_stationary_mixed_nuisance,14120,full,pre_shift,8,0.12,0.1,0.15,0.04522974195152171,0.026466240025285248,0.03721587041311439,0.10342784745356713,0.08906991755821728,0.1445334852221929,1.5629347087885563,3.7474298066930114,False,0.019933399108498312,False,True,
signature_stationary_mixed_nuisance,14121,full,pre_shift,8,0.12,0.1,0.15,0.0330355110925376,0.03030917093243593,0.03909199316941672,0.1068221175650444,0.0879510728535319,0.13745792070984822,1.6253998452947362,3.879380110647934,False,0.10768737224954734,False,True,
signature_stationary_mixed_nuisance,14122,full,pre_shift,8,0.12,0.1,0.15,0.01366478247610391,0.037056262791594186,0.002339205996226242,0.09437084271010769,0.08567434051090213,0.13097851126239105,2.066885304502513,1.8259544213633407,False,0.03967529548916226,False,True,
signature_stationary_mixed_nuisance,14123,full,pre_shift,8,0.12,0.1,0.15,0.013619523318575246,0.03989332415020617,0.0032411197150289898,0.09510239459707726,0.08787121773094131,0.13679845258461373,2.1544331892524373,3.004308145314342,False,0.051915807350972204,False,True,
signature_stationary_mixed_nuisance,14124,full,pre_shift,8,0.12,0.1,0.15,0.03251468131128349,0.031432681471817034,0.056298269332059794,0.09868659143629001,0.08594380217526366,0.1432230826906481,1.327126374299517,0.2007473405967799,False,0.0374333329040348,False,True,
signature_stationary_mixed_nuisance,14125,full,pre_shift,8,0.12,0.1,0.15,0.043657823366640466,0.026408308425541583,0.034931643722332525,0.10028429065718772,0.08625676182209004,0.13859249743964264,1.4617821686725394,3.137851729952315,False,0.03482920010805879,False,True,
signature_stationary_mixed_nuisance,14126,full,pre_shift,8,0.12,0.1,0.15,0.03150099516469099,0.03338237758307046,0.03447654573166176,0.10814503890103772,0.08875048631924924,0.13522082945462013,1.6734363640835632,3.0525270702012914,False,0.090480336732898,False,True,
signature_stationary_mixed_nuisance,14127,full,pre_shift,8,0.12,0.1,0.15,0.03666436526829494,0.021105333804583824,-0.0017413753282693525,0.09711996659354659,0.08607931408317675,0.134771184280163,2.0796193501731097,3.2441061083041,False,0.03876617219931828,False,True,
signature_stationary_mixed_nuisance,14128,full,pre_shift,8,0.12,0.1,0.15,0.013806825153249554,0.048525284164779484,0.04019206810701713,0.10011642944949152,0.08629527717632639,0.14401290861264787,1.7002192832548246,0.3185020223950339,False,0.04313845305262953,False,True,
signature_stationary_mixed_nuisance,14129,full,pre_shift,8,0.12,0.1,0.15,0.02317682654882245,0.023153122787926354,0.02951912107551085,0.09965329551647273,0.08241406463536162,0.13405167566534743,1.7735408231911916,1.8540708183665662,False,0.031232499944696665,False,True,
signature_stationary_mixed_nuisance,14130,full,pre_shift,8,0.12,0.1,0.15,0.02776844104319598,0.0030294903669955404,0.004799112906865236,0.09597739956235415,0.08153659014084792,0.1347310675657036,2.31685268832945,4.772887294232254,True,0.025831848119237288,False,True,
signature_stationary_mixed_nuisance,14101,full,pre_shift,9,-0.2,0.0,-0.2,-0.06996586736429558,0.02481499536492995,-0.08280801485876318,-0.15578414966808804,0.009301438924257376,-0.19398231896876098,1.6794530352718289,1.1094134137483986,False,0.06263094766713868,False,True,
signature_stationary_mixed_nuisance,14102,full,pre_shift,9,-0.2,0.0,-0.2,-0.1075939405755025,0.026250789051757352,-0.07528833009056679,-0.164929719149453,0.004974958186182636,-0.1957408291940505,1.3501276013652213,2.282617577441296,False,0.020912364916590688,False,True,
signature_stationary_mixed_nuisance,14103,full,pre_shift,9,-0.2,0.0,-0.2,-0.06573279006658914,0.012126115957643062,-0.020827794900891698,-0.15988080883207226,0.0037367862748637825,-0.1970266962234101,3.0087610182158215,6.390899833832006,False,0.030318391204205798,False,True,
signature_stationary_mixed_nuisance,14104,full,pre_shift,9,-0.2,0.0,-0.2,-0.07943585907605323,0.01669533337795203,-0.06075899714686701,-0.16638701681446635,0.00167434969705846,-0.20225556581614085,2.179915730010374,3.9963515440493547,False,0.020921161675738084,False,True,
signature_stationary_mixed_nuisance,14105,full,pre_shift,9,-0.2,0.0,-0.2,-0.045388455165237554,0.016478760820287344,-0.05025152448907842,-0.1563432748329524,0.006363230062445484,-0.19374654405165365,2.767817443934778,4.879322545186632,True,0.032225284339679354,False,True,
signature_stationary_mixed_nuisance,14106,full,pre_shift,9,-0.2,0.0,-0.2,-0.06700285563564579,0.0233101635862808,-0.08248892610976499,-0.16311936871326388,0.00367277997988164,-0.19683125188112835,1.9652731469131188,1.404933810922486,False,0.022769076609628514,False,True,
signature_stationary_mixed_nuisance,14107,full,pre_shift,9,-0.2,0.0,-0.2,-0.06611769763130497,0.01214678659692732,-0.047209062706466645,-0.15626562423823462,0.008203942956860815,-0.1961107332683689,2.3583996224164387,3.3987937756718214,False,0.008356162366265412,False,True,
signature_stationary_mixed_nuisance,14108,full,pre_shift,9,-0.2,0.0,-0.2,-0.05791596491362061,0.019597577546833455,-0.05880112597488511,-0.15711675145666726,0.008965731960267922,-0.20067168650481096,2.445937985975452,7.792308555064481,False,0.025857615914345624,False,True,
signature_stationary_mixed_nuisance,14109,full,pre_shift,9,-0.2,0.0,-0.2,-0.0506165257065645,0.015496488637086721,-0.09785260602308776,-0.15968752371217473,0.0029764281004660705,-0.2034566862997607,2.1342578527150358,2.5787828861720383,False,0.030262748196615844,False,True,
signature_stationary_mixed_nuisance,14110,full,pre_shift,9,-0.2,0.0,-0.2,-0.06636289833019159,0.020235846545217116,-0.09315930589532359,-0.16049906979372444,0.006340191459150103,-0.19895081855411959,1.7795496668195565,2.932840960091924,False,0.02620679888598587,False,True,
signature_stationary_mixed_nuisance,14111,full,pre_shift,9,-0.2,0.0,-0.2,-0.05235509432009773,0.01731067990250209,-0.06801186731398667,-0.15521038743115695,0.008090309014903076,-0.20131408581502344,2.3825602342450605,7.519939991240285,False,0.05125690850597779,False,True,
signature_stationary_mixed_nuisance,14112,full,pre_shift,9,-0.2,0.0,-0.2,-0.09656053689799163,0.009273402706387534,-0.07106277772564311,-0.17102695702811954,-0.00020609672510012926,-0.19850528787599492,1.682144659806484,1.3189625076079858,False,0.027259535962524395,False,True,
signature_stationary_mixed_nuisance,14113,full,pre_shift,9,-0.2,0.0,-0.2,-0.05552133859930326,-0.00025934789086203165,-0.018376850203440823,-0.1573202357949832,0.00575730157061352,-0.19427343413065182,3.1772545015735574,8.242562850470367,False,0.025130269993255207,False,True,
signature_stationary_mixed_nuisance,14114,full,pre_shift,9,-0.2,0.0,-0.2,-0.046793756136701746,0.0071906211839316055,-0.050195668811458434,-0.1587125414990056,0.005396874700610855,-0.20513533538117196,2.9939401913791905,7.375493883210263,False,0.022510515001312677,False,True,
signature_stationary_mixed_nuisance,14115,full,pre_shift,9,-0.2,0.0,-0.2,-0.06883976658628013,0.01657694060637201,-0.05939081433786224,-0.1560045438854835,0.006581021794620439,-0.19890144769587995,2.1360211133174825,6.711411120214779,False,0.06774311790081385,False,True,
signature_stationary_mixed_nuisance,14116,full,pre_shift,9,-0.2,0.0,-0.2,-0.0423818931778367,0.027715362022874602,-0.094973699810575,-0.1514904551835582,0.005721882704070078,-0.1950459970773475,2.102648452306025,7.363358712615918,False,0.025337761048009864,False,True,
signature_stationary_mixed_nuisance,14117,full,pre_shift,9,-0.2,0.0,-0.2,-0.07804015470808301,0.009690345993697528,-0.09340337207873146,-0.15612086309689327,0.007552855520881067,-0.19801516781044823,1.4109695469456824,3.43904038895621,False,0.02733376700140112,False,True,
signature_stationary_mixed_nuisance,14118,full,pre_shift,9,-0.2,0.0,-0.2,-0.046830696227480914,-0.0005838450621850442,-0.05324644875248222,-0.15383144263951393,0.006179925518404728,-0.20093532004144973,2.733736957827966,10.90986640985304,False,0.025742488224236117,False,True,
signature_stationary_mixed_nuisance,14119,full,pre_shift,9,-0.2,0.0,-0.2,-0.053870402638470864,0.00826699858115354,-0.04813263626301623,-0.1538567795343665,0.007996129397685852,-0.20275318978986165,2.6872340062771785,3.583242252466522,False,0.03051518701263355,False,True,
signature_stationary_mixed_nuisance,14120,full,pre_shift,9,-0.2,0.0,-0.2,-0.06785309686830462,-0.014393311743398177,-0.008004831581016445,-0.16104598619092322,-0.005680173043287458,-0.19795925646178714,3.301162359606222,5.548592166299233,True,0.07681933486082997,False,True,
signature_stationary_mixed_nuisance,14121,full,pre_shift,9,-0.2,0.0,-0.2,-0.06506760127142254,-0.013969861132298209,-0.03388943803227619,-0.15693662365201208,0.0015497964340337705,-0.20450253004688884,2.8558934993104326,5.235273609958367,True,0.0308703604258454,False,True,
signature_stationary_mixed_nuisance,14122,full,pre_shift,9,-0.2,0.0,-0.2,-0.06892885683785249,0.019905118182018677,-0.13495292689111507,-0.15654255126269778,0.00582182989727774,-0.2028556331991778,1.2269621563952844,1.5529165777586251,False,0.03635416876700191,False,True,
signature_stationary_mixed_nuisance,14123,full,pre_shift,9,-0.2,0.0,-0.2,-0.06686799714287409,0.016406174739120885,-0.04993148835961749,-0.1567898614255231,0.005319023744625367,-0.19540382978005658,2.30348080320043,3.807788948514772,False,0.014639936675681293,False,True,
signature_stationary_mixed_nuisance,14124,full,pre_shift,9,-0.2,0.0,-0.2,-0.08647397129642292,0.019876872528544066,-0.0948221342647061,-0.15566254051391326,0.008881704461795873,-0.20128922701789753,1.2932904684614523,0.0,False,0.029399286020308613,False,True,
signature_stationary_mixed_nuisance,14125,full,pre_shift,9,-0.2,0.0,-0.2,-0.06575533116817218,-0.0033568816480804052,-0.01067505958092212,-0.15404361527125596,0.006369850888798428,-0.1986637671944088,3.15340365294758,4.7912553828998945,False,0.031469188710759065,False,True,
signature_stationary_mixed_nuisance,14126,full,pre_shift,9,-0.2,0.0,-0.2,-0.06951764466986766,0.007225038883222714,-0.055646151995679995,-0.1599738972971573,0.0030133064978275547,-0.2009571767094103,2.296412364756143,3.8489394349574346,False,0.037003226870758056,False,True,
signature_stationary_mixed_nuisance,14127,full,pre_shift,9,-0.2,0.0,-0.2,-0.08230688997535557,0.01480401882563682,-0.08163754581663708,-0.15832236501790883,0.006538396916088562,-0.19966910828565376,1.5672821189447237,3.3113882272488233,False,0.01863295815238966,False,True,
signature_stationary_mixed_nuisance,14128,full,pre_shift,9,-0.2,0.0,-0.2,-0.09169781673094489,0.015219625897934148,-0.06667801155506678,-0.15843886707349894,0.0036655994917040766,-0.19438251054388334,1.5642077480907817,0.38270977048581556,False,0.03031659503732398,False,True,
signature_stationary_mixed_nuisance,14129,full,pre_shift,9,-0.2,0.0,-0.2,-0.10037008830364245,0.020371787591950182,-0.09297755373986698,-0.16432144622048886,0.0006395786831630171,-0.19477974041788332,1.1792310621344855,1.5333018805010517,False,0.02878710259187217,False,True,
signature_stationary_mixed_nuisance,14130,full,pre_shift,9,-0.2,0.0,-0.2,-0.07761013516949875,0.019661673232241644,-0.08355449423990115,-0.16890724805146073,-0.005039304739755732,-0.19664439790381744,1.864873314084161,5.137760608316415,False,0.03230758040561492,False,True,
signature_stationary_mixed_nuisance,14101,full,pre_shift,10,-0.2,0.0,0.2,-0.09659926920992457,-0.009906092987821337,0.08939131766710406,-0.15092839239706934,0.013810445585774959,0.18086066902996883,0.9447928585667847,0.5542062723151834,False,0.045186287308194524,False,True,
signature_stationary_mixed_nuisance,14102,full,pre_shift,10,-0.2,0.0,0.2,-0.09067632621070436,0.010278041100620453,0.008563329463486934,-0.1537136830964471,0.00799966286529713,0.18482215376290856,2.4315404288824856,3.2141580063237813,False,0.006495161833123268,False,True,
signature_stationary_mixed_nuisance,14103,full,pre_shift,10,-0.2,0.0,0.2,-0.07628642657751117,-0.008556919465923487,0.0757669632718818,-0.1465727858795566,0.0071434419723524645,0.18352421809910013,1.3523934696469873,6.2432933034789935,False,0.03925894762995993,False,True,
signature_stationary_mixed_nuisance,14104,full,pre_shift,10,-0.2,0.0,0.2,-0.07579492432437294,-0.00021872927198983866,0.06440710629742313,-0.15983453427035416,0.0005176279060079319,0.17626371828592216,1.6327972036567358,4.129148747706091,True,0.011968434996464331,False,True,
signature_stationary_mixed_nuisance,14105,full,pre_shift,10,-0.2,0.0,0.2,-0.08035852615463993,0.002982749791521297,0.0825596749789429,-0.1500275552605735,0.010007873094257352,0.18087856369011152,1.1914884189651183,4.57081096415175,False,0.045580364405158884,False,True,
signature_stationary_mixed_nuisance,14106,full,pre_shift,10,-0.2,0.0,0.2,-0.1002964009765831,-0.00720465149698997,0.066495474994537,-0.1608581328537826,0.0038186177841734574,0.17808089479805306,1.235963973740662,1.140897784663148,False,0.02117091857306528,False,True,
signature_stationary_mixed_nuisance,14107,full,pre_shift,10,-0.2,0.0,0.2,-0.07279282312850224,0.007394315829482966,0.04041481539944407,-0.1495061921460393,0.012469318569058578,0.18766652829652786,2.073987955405745,3.9727817310775664,False,0.024346807128498234,False,True,
signature_stationary_mixed_nuisance,14108,full,pre_shift,10,-0.2,0.0,0.2,-0.06429685383624452,-0.003635809276351685,0.03468198996945573,-0.14823128013944023,0.010054025113458136,0.18020431910804455,2.201118996020377,8.493427551084858,False,0.015343103904985934,False,True,
signature_stationary_mixed_nuisance,14109,full,pre_shift,10,-0.2,0.0,0.2,-0.06900195522646566,-0.012778894321923003,0.04205426543749396,-0.15177720904245115,0.0025669741206899746,0.1783338823400642,2.0194218754636997,3.098204761635738,False,0.04075883894709822,False,True,
signature_stationary_mixed_nuisance,14110,full,pre_shift,10,-0.2,0.0,0.2,-0.06949812378305578,0.004083254709831731,0.025330897884286024,-0.15557464867882656,0.006849161773471157,0.18270722775870396,2.447302050206821,3.880143010298745,False,0.02447119537474574,False,True,
signature_stationary_mixed_nuisance,14111,full,pre_shift,10,-0.2,0.0,0.2,-0.05942168773828257,0.009288881108544545,-0.006194007219865301,-0.15304971105799936,0.00939324584495332,0.178993823512651,3.209605943552526,9.229545934792812,False,0.12112275372261032,False,True,
signature_stationary_mixed_nuisance,14112,full,pre_shift,10,-0.2,0.0,0.2,-0.07846257881023622,-0.0027250212951854826,0.04991699314667423,-0.16303612600518608,-0.0005977677691261826,0.18554492732874636,2.0119124219862745,1.8308749295942603,False,0.022834892769783503,False,True,
signature_stationary_mixed_nuisance,14113,full,pre_shift,10,-0.2,0.0,0.2,-0.07382872318662818,-0.01186566523526399,0.04909702291621832,-0.1475542483058394,0.008728831767241194,0.18301453443662888,1.8311426549036174,8.573705505373985,False,0.027365513442861953,False,True,
signature_stationary_mixed_nuisance,14114,full,pre_shift,10,-0.2,0.0,0.2,-0.07236889756790012,-0.001185219891130151,0.02399782167866056,-0.15944176443114136,0.007973443996065687,0.17286617861985715,2.3142287970089757,8.189722680219239,False,0.02337297841213863,False,True,
signature_stationary_mixed_nuisance,14115,full,pre_shift,10,-0.2,0.0,0.2,-0.0630799638067225,0.009295738074144964,0.019793447985900648,-0.1454557255094214,0.010848969361310036,0.183055713139892,2.4914544947825057,7.702865614997284,False,0.022199849704705777,False,True,
signature_stationary_mixed_nuisance,14116,full,pre_shift,10,-0.2,0.0,0.2,-0.05071253510179069,0.010063995058279176,0.010366356023187332,-0.1450457733355246,0.009934296816546546,0.18542856353256876,2.9971500780883353,8.860508790704253,False,0.012564920819606102,False,True,
signature_stationary_mixed_nuisance,14117,full,pre_shift,10,-0.2,0.0,0.2,-0.07243051880255258,0.007510639661046077,0.03235583707392838,-0.1469878171887472,0.009377999972971063,0.18838032271333333,2.1991331924884014,4.138173581444612,True,0.057861922542298466,False,True,
signature_stationary_mixed_nuisance,14118,full,pre_shift,10,-0.2,0.0,0.2,-0.034880354207200336,9.698346839002786e-05,0.014883161965888347,-0.14518616927022687,0.008226661530139939,0.1839449094381349,3.2687716045267945,12.678638014379834,False,0.018201955117646367,False,True,
signature_stationary_mixed_nuisance,14119,full,pre_shift,10,-0.2,0.0,0.2,-0.07748563916965895,-0.00678715113206519,0.0717838678256229,-0.14577356000923117,0.011099207347033185,0.18035314284143616,1.3404624602780493,3.4237047127445717,False,0.02333470391629829,False,True,
signature_stationary_mixed_nuisance,14120,full,pre_shift,10,-0.2,0.0,0.2,-0.09557746804767174,-0.014351199580489879,0.07120240696902402,-0.15886926374085164,-0.0025793897880106334,0.18947351421375014,1.3757493939006702,5.424341560199903,False,0.013551614393225121,False,True,
signature_stationary_mixed_nuisance,14121,full,pre_shift,10,-0.2,0.0,0.2,-0.06981847957063372,-0.020016537079379056,0.04365599395192996,-0.14601704180170347,0.002536107580087891,0.1775983139739323,1.8874283124819202,5.622701922440287,False,0.02592659437344201,False,True,
signature_stationary_mixed_nuisance,14122,full,pre_shift,10,-0.2,0.0,0.2,-0.0798481279373879,0.009428328290728191,0.004840376187718706,-0.1544917412183027,0.007855956784119607,0.17859408714479189,2.5672533205514942,2.6201698983101194,False,0.053852177966310186,False,True,
signature_stationary_mixed_nuisance,14123,full,pre_shift,10,-0.2,0.0,0.2,-0.09714009026890233,-0.013139507010340971,0.08562470822698103,-0.15057625446564973,0.008450829151036598,0.18314860303885647,0.9957202707839525,3.3035092192987245,False,0.023055479888813606,False,True,
signature_stationary_mixed_nuisance,14124,full,pre_shift,10,-0.2,0.0,0.2,-0.08780151071273654,0.014486519101711118,0.03894767371454436,-0.14799020327892579,0.011433539146480627,0.18751419832566185,1.8240677514234183,0.32406775142341826,False,0.03416896180954555,False,True,
signature_stationary_mixed_nuisance,14125,full,pre_shift,10,-0.2,0.0,0.2,-0.08679191460990328,-0.00868685283545738,0.062060594774237005,-0.1475364566624748,0.009044710591276026,0.18479652739828784,1.4284787401501629,4.719734123050057,False,0.008641806330339948,False,True,
signature_stationary_mixed_nuisance,14126,full,pre_shift,10,-0.2,0.0,0.2,-0.07963571553688537,-0.017294152587910793,0.04012433340447679,-0.15198475942944628,0.002522489361977254,0.18063942887482975,1.9180522315003252,4.26699166645776,True,0.028383121212632624,False,True,
signature_stationary_mixed_nuisance,14127,full,pre_shift,10,-0.2,0.0,0.2,-0.08359611656910058,0.01195976493275295,0.011328478827739862,-0.15419517336940217,0.008403597553887244,0.18264318968008986,2.4455853257165554,4.256973552965379,True,0.017327653900684838,False,True,
signature_stationary_mixed_nuisance,14128,full,pre_shift,10,-0.2,0.0,0.2,-0.0882146841492576,-0.0056096019012981495,0.0904450599087935,-0.14577943142915226,0.00759528431258791,0.19518719650278868,1.1023612318708134,0.0,False,0.033367240592161895,False,True,
signature_stationary_mixed_nuisance,14129,full,pre_shift,10,-0.2,0.0,0.2,-0.0727786326199129,0.0035237823237516393,0.02916158975383009,-0.15675865145113418,0.0016850071803107386,0.18561586030899044,2.3869809549642143,2.420282835465266,False,0.063813648989352,False,True,
signature_stationary_mixed_nuisance,14130,full,pre_shift,10,-0.2,0.0,0.2,-0.05989302879753189,-0.002594600424159959,0.06375754838091786,-0.1596356635146211,-0.0038349856442696714,0.18340355009932863,2.0939616393524845,5.7317222476689,False,0.03510920991802898,False,True,
signature_stationary_mixed_nuisance,14101,full,pre_shift,11,0.12,-0.1,-0.15,0.03184348126547888,-0.0258582946939915,-0.03905872665411322,0.10191896781900286,-0.07496100672907977,-0.13169473677533797,1.392774712206412,0.4469809845215954,False,0.012301918222252748,False,True,
signature_stationary_mixed_nuisance,14102,full,pre_shift,11,0.12,-0.1,-0.15,0.03907295692337111,-0.030221182951930013,-0.024202246542675915,0.09875293702345549,-0.0836685614298502,-0.1311685474858006,1.4635039579119828,3.177661964235764,False,0.021063981704081317,False,True,
signature_stationary_mixed_nuisance,14103,full,pre_shift,11,0.12,-0.1,-0.15,0.010736643485123959,-0.02860783317362062,-0.02573766107652703,0.09745835183661142,-0.08452780083712202,-0.1305522001613928,1.937610543371022,6.680903846850016,False,0.028836843316032642,False,True,
signature_stationary_mixed_nuisance,14104,full,pre_shift,11,0.12,-0.1,-0.15,0.008467954126880402,-0.032501796575117654,-0.02399874112929603,0.09952615936510273,-0.08409316531230875,-0.13650939913630983,2.0749842923263713,4.7041330400324615,False,0.024319150979040333,False,True,
signature_stationary_mixed_nuisance,14105,full,pre_shift,11,0.12,-0.1,-0.15,0.006337572375366321,-0.020790844375103826,-0.049613604156460454,0.10106249871996405,-0.08497835356242069,-0.1368420231212502,2.0002374992558267,5.0710484634075765,False,0.178358846071461,False,True,
signature_stationary_mixed_nuisance,14106,full,pre_shift,11,0.12,-0.1,-0.15,0.05890545318614399,-0.02833379012040024,-0.001892346825770698,0.10893445549665742,-0.08082263561737195,-0.13248634726065175,1.675249597878613,1.3161473825417611,False,0.05128934109484944,False,True,
signature_stationary_mixed_nuisance,14107,full,pre_shift,11,0.12,-0.1,-0.15,0.027774682759477566,-0.03799333445820396,-0.04775037722131282,0.10453120724424854,-0.08189643905664735,-0.13142390912871338,1.3559127625651464,3.828694493642713,False,0.024316331956477623,False,True,
signature_stationary_mixed_nuisance,14108,full,pre_shift,11,0.12,-0.1,-0.15,0.004245855147053977,-0.029214638475447745,-0.03873591816059904,0.09817812818452362,-0.08298153160727101,-0.13637488132740885,1.9726558188963084,8.966083369981167,False,0.030113669931624246,False,True,
signature_stationary_mixed_nuisance,14109,full,pre_shift,11,0.12,-0.1,-0.15,0.06099790373688174,-0.014993576825159153,-0.05096184979516394,0.10854315024626512,-0.08679731637564858,-0.1334406157107944,1.2868259289985702,2.8850306906343084,False,0.16740716315218737,False,True,
signature_stationary_mixed_nuisance,14110,full,pre_shift,11,0.12,-0.1,-0.15,0.030369841140634398,-0.031988689696706867,-0.056365309208280166,0.10111565632431636,-0.08908109588258628,-0.13680739378686319,1.3712944529094695,3.751437463208214,False,0.011832555305828087,False,True,
signature_stationary_mixed_nuisance,14111,full,pre_shift,11,0.12,-0.1,-0.15,0.025021072557158706,-0.03196055327155617,-0.03429088820376217,0.1051951626750971,-0.07864560798412862,-0.1360495086651595,1.6576781223932873,9.3872240571861,False,0.04846120284694012,False,True,
signature_stationary_mixed_nuisance,14112,full,pre_shift,11,0.12,-0.1,-0.15,0.03592261038021629,-0.02454022238116194,-0.04261656005645152,0.09875155073216683,-0.08091699339036927,-0.13300318795873214,1.3474501737866074,1.6783251033808677,False,0.06840816984707102,False,True,
signature_stationary_mixed_nuisance,14113,full,pre_shift,11,0.12,-0.1,-0.15,0.05185100231996239,-0.021054955871451776,0.00888029822253374,0.11108426753554909,-0.08190126736926069,-0.1330050072536116,2.09360183448514,9.167307339859125,False,0.03895170996622995,False,True,
signature_stationary_mixed_nuisance,14114,full,pre_shift,11,0.12,-0.1,-0.15,0.030061854454723494,-0.023149307387486336,-0.05462147940391329,0.10382988737531454,-0.08771342513675788,-0.13219248121599023,1.5054352487231062,8.195157928942345,False,0.059885730998394775,False,True,
signature_stationary_mixed_nuisance,14115,full,pre_shift,11,0.12,-0.1,-0.15,0.007084876328751892,-0.030813762806774562,-0.016003913543067485,0.09783504093646067,-0.08164902019002249,-0.13207405161347457,2.111723356958684,8.314588971955969,False,0.03437362461500853,False,True,
signature_stationary_mixed_nuisance,14116,full,pre_shift,11,0.12,-0.1,-0.15,0.037860446066656527,-0.030333534340613443,-0.029935097565510178,0.10270209244861006,-0.0886935756113063,-0.12988030198688374,1.5174272456917999,8.877936036396054,False,0.04739882068604663,False,True,
signature_stationary_mixed_nuisance,14117,full,pre_shift,11,0.12,-0.1,-0.15,0.012706180967765655,-0.037777226831999855,-0.04117355018053705,0.10169932496162387,-0.08198239249525456,-0.13576495148002884,1.7187367152415354,4.356910296686147,False,0.016108748766282342,False,True,
signature_stationary_mixed_nuisance,14118,full,pre_shift,11,0.12,-0.1,-0.15,0.036461460248917846,-0.0350507337027251,-0.019168648540001616,0.10425039776669319,-0.07570001847101179,-0.1337465192879623,1.5500052413708814,12.728643255750715,False,0.25341657850880117,False,True,
signature_stationary_mixed_nuisance,14119,full,pre_shift,11,0.12,-0.1,-0.15,0.019281196193012926,-0.02193188224249402,-0.05831859134529819,0.10173838207796075,-0.08131950023142191,-0.1272563200113511,1.5113679196568652,3.435072632401437,False,0.11941970026095054,False,True,
signature_stationary_mixed_nuisance,14120,full,pre_shift,11,0.12,-0.1,-0.15,0.06892150132011093,-0.032001234026452094,-0.020129778885670586,0.11127696905904445,-0.08872358735734676,-0.12335564769337434,1.2470724063597793,5.171413966559683,False,0.09129544853959183,False,True,
signature_stationary_mixed_nuisance,14121,full,pre_shift,11,0.12,-0.1,-0.15,0.04086216296125868,-0.0346089307752962,-0.020979684568909623,0.1071195575466967,-0.07740960144815569,-0.13508862014239056,1.5410613238748727,5.66376324631516,False,0.03113042991928563,False,True,
signature_stationary_mixed_nuisance,14122,full,pre_shift,11,0.12,-0.1,-0.15,0.04229439194138921,-0.03280251090928132,-0.060893555800899314,0.10641635189452638,-0.08019204415537194,-0.1346700729462934,1.0820335502009368,2.202203448511056,False,0.02663856206175727,False,True,
signature_stationary_mixed_nuisance,14123,full,pre_shift,11,0.12,-0.1,-0.15,0.008492963366092714,-0.03490107293842017,-0.0341743444189053,0.1027750203923514,-0.0803910013640029,-0.13623790046869869,1.9378446531185152,3.74135387241724,False,0.07779443275534845,False,True,
signature_stationary_mixed_nuisance,14124,full,pre_shift,11,0.12,-0.1,-0.15,0.05030274606523172,-0.03418079743554911,-0.01727738702696899,0.10401375596832686,-0.08181646628439285,-0.12735694313880505,1.3541298238799715,0.17819757530338975,False,0.0856093816668678,False,True,
signature_stationary_mixed_nuisance,14125,full,pre_shift,11,0.12,-0.1,-0.15,0.047747319893675026,-0.03201633616153108,-0.01989912145188507,0.11063079526808119,-0.08531186066651913,-0.13147821681273109,1.5710441118551375,4.790778234905194,False,0.03299710219348468,False,True,
signature_stationary_mixed_nuisance,14126,full,pre_shift,11,0.12,-0.1,-0.15,0.05911085325074998,-0.02143157085361427,-0.008776862890767248,0.10793386142911855,-0.07856880065191042,-0.14014441299631109,1.7314934322230806,4.498485098680841,False,0.04216436212158119,False,True,
signature_stationary_mixed_nuisance,14127,full,pre_shift,11,0.12,-0.1,-0.15,0.03818762995648973,-0.03324536672286265,-0.021473713312677715,0.1045325540482645,-0.08173133950632418,-0.13420593500270858,1.5837817222982842,4.340755275263663,False,0.046548297501938125,False,True,
signature_stationary_mixed_nuisance,14128,full,pre_shift,11,0.12,-0.1,-0.15,0.041037722980730156,-0.03444305317371583,-0.005472513868120817,0.10315047102558177,-0.08365605555630609,-0.12553948989303637,1.6360536230860072,0.1360536230860072,False,0.1023084276554792,False,True,
signature_stationary_mixed_nuisance,14129,full,pre_shift,11,0.12,-0.1,-0.15,0.03931447649789158,-0.02301947937112533,-0.04478608015723676,0.09514744156296917,-0.08234548618827085,-0.13223440109680987,1.2573386433432703,2.177621478808536,False,0.04155033765452095,False,True,
signature_stationary_mixed_nuisance,14130,full,pre_shift,11,0.12,-0.1,-0.15,-0.0030411763525448423,-0.019299583020604034,-0.04700601575180102,0.09337025726592642,-0.08345727004031382,-0.13758913349357557,2.0895292980875606,6.321251545756461,False,0.014376631348053028,False,True,
signature_stationary_mixed_nuisance,14101,full,pre_shift,12,0.12,0.1,0.15,0.029019176223440524,0.0046730165871721055,0.008900825831233776,0.0965367154499828,0.08678925435572558,0.1328949279254621,2.2767742690119794,1.2237552535335747,False,0.10351568197947669,False,True,
signature_stationary_mixed_nuisance,14102,full,pre_shift,12,0.12,0.1,0.15,0.025751509182995146,0.017774755186470346,0.027251717423231472,0.10169905639545745,0.08206691426430324,0.13473463107027323,1.8768220126021875,3.5544839768379517,False,0.042432568147180626,False,True,
signature_stationary_mixed_nuisance,14103,full,pre_shift,12,0.12,0.1,0.15,0.03347637863507241,0.006123115737345885,0.012306805383010195,0.09941865419072313,0.08396595949523752,0.1381444889846792,2.2009504376266316,7.381854284476647,False,0.11910593099774108,False,True,
signature_stationary_mixed_nuisance,14104,full,pre_shift,12,0.12,0.1,0.15,0.04144702563004029,0.014137291837507514,0.02244617736458319,0.09668802909777524,0.08604827556643051,0.13604610746546447,1.7638206934948168,4.9679537335272785,False,0.019829220925893565,False,True,
signature_stationary_mixed_nuisance,14105,full,pre_shift,12,0.12,0.1,0.15,0.015488103818947042,0.014961614088444382,0.002460439782644464,0.09430747654356784,0.08674518055677362,0.12977803446704628,2.3388755084249753,5.909923971832551,False,0.05186956662513798,False,True,
signature_stationary_mixed_nuisance,14106,full,pre_shift,12,0.12,0.1,0.15,0.018865516003090284,0.03356350909122935,0.04369704662753535,0.09965314300985666,0.08913299001745852,0.1364481075810882,1.6566002999278029,1.472747682469564,False,0.018134832460027412,False,True,
signature_stationary_mixed_nuisance,14107,full,pre_shift,12,0.12,0.1,0.15,0.022411694582722786,0.033091190835551176,0.04822232690449302,0.09809286446816459,0.08658944529370229,0.13829715682258883,1.508566949712993,3.8372614433557057,False,0.03922038477650179,False,True,
signature_stationary_mixed_nuisance,14108,full,pre_shift,12,0.12,0.1,0.15,0.020597690283925826,-3.269906153521951e-05,-0.007964283668497624,0.09553821511418023,0.08368113264254017,0.13472629673111386,2.745542605340868,10.211625975322034,False,0.010694375707904501,False,True,
signature_stationary_mixed_nuisance,14109,full,pre_shift,12,0.12,0.1,0.15,0.05553833749178698,0.03449772251975692,0.053148080066345055,0.10741149745354532,0.08354213840927975,0.13411705868659993,0.9982863140639484,2.383317004698257,False,0.32479170537150864,False,True,
signature_stationary_mixed_nuisance,14110,full,pre_shift,12,0.12,0.1,0.15,0.03136622654697459,0.03057777503317045,0.033744672222454086,0.10209846278232168,0.08563133354470678,0.13555770337746448,1.5802686535513357,3.83170611675955,False,0.03742078475333775,False,True,
signature_stationary_mixed_nuisance,14111,full,pre_shift,12,0.12,0.1,0.15,0.025597631749857835,0.02130872377046956,-0.017079407441914118,0.09552625108903712,0.08598337717158164,0.13258016841646222,2.4529759787073036,10.340200035893403,False,0.03412432154970081,False,True,
signature_stationary_mixed_nuisance,14112,full,pre_shift,12,0.12,0.1,0.15,0.03084147355468054,0.02338347461655707,0.04749307409610427,0.1021121185117527,0.08764804348951667,0.1359744680245784,1.5628841437965224,1.7412092471773901,False,0.03074165724188242,False,True,
signature_stationary_mixed_nuisance,14113,full,pre_shift,12,0.12,0.1,0.15,0.02208632321511147,0.021094903932661543,0.0261464488244412,0.10302097442259059,0.08625136949659369,0.13795685951229295,2.0405644718573472,9.707871811716473,False,0.045377908901601774,False,True,
signature_stationary_mixed_nuisance,14114,full,pre_shift,12,0.12,0.1,0.15,0.0345997738123485,-0.0015704673673931442,0.0042099349009307886,0.0961621923014467,0.0857432782912463,0.13325719373797057,2.3690513247742016,9.064209253716546,False,0.09450165108265615,False,True,
signature_stationary_mixed_nuisance,14115,full,pre_shift,12,0.12,0.1,0.15,0.01827906390112126,0.0171425561655927,-0.012678921789703613,0.09422746155639533,0.08535082453916155,0.13487680596917284,2.574710961102416,9.389299933058386,False,0.05954639539318231,False,True,
signature_stationary_mixed_nuisance,14116,full,pre_shift,12,0.12,0.1,0.15,-0.008557740838336342,0.02566062179463166,0.004824418141755127,0.09888138167798396,0.08239318136990177,0.13469838936276213,2.7762855357633907,10.154221572159445,False,0.013872377446310251,False,True,
signature_stationary_mixed_nuisance,14117,full,pre_shift,12,0.12,0.1,0.15,0.004350884862943036,0.05650608777552759,-0.017865567701728573,0.09518361246847973,0.08961781136088404,0.13826628368046334,2.6084467564954994,5.465357053181647,False,0.09814342679078981,False,True,
signature_stationary_mixed_nuisance,14118,full,pre_shift,12,0.12,0.1,0.15,-0.007699046207462359,0.0287319025057736,-1.194899241149554e-05,0.10494229210381874,0.09121953151910604,0.13552248539078887,3.080280426372088,14.308923682122803,False,0.0413017144446348,False,True,
signature_stationary_mixed_nuisance,14119,full,pre_shift,12,0.12,0.1,0.15,0.035537218770698265,0.0009899689769024666,0.0592280714083634,0.10169067941804277,0.08321076438040614,0.14068165307370706,1.7167236814224838,3.6517963138239207,False,0.06099337657749348,False,True,
signature_stationary_mixed_nuisance,14120,full,pre_shift,12,0.12,0.1,0.15,0.0484165930548884,0.023195941257806815,0.07074842061110521,0.10342784745356713,0.08906991755821728,0.1445334852221929,1.1949172893219768,4.86633125588166,False,0.21182157519601977,False,True,
signature_stationary_mixed_nuisance,14121,full,pre_shift,12,0.12,0.1,0.15,0.03294654472187841,0.031062697565749663,0.04582952114363719,0.1068221175650444,0.0879510728535319,0.13745792070984822,1.5370274422634784,5.700790688578638,False,0.099631070159748,False,True,
signature_stationary_mixed_nuisance,14122,full,pre_shift,12,0.12,0.1,0.15,0.012970055054057364,0.03666687726942512,0.007896013093418686,0.09437084271010769,0.08567434051090213,0.13097851126239105,1.9966619255474092,2.6988653740584656,False,0.05345039605876839,False,True,
signature_stationary_mixed_nuisance,14123,full,pre_shift,12,0.12,0.1,0.15,0.014780982927506837,0.04041141092400141,0.001026210564553959,0.09510239459707726,0.08787121773094131,0.13679845258461373,2.1638939976774014,4.405247870094641,True,0.05854948858232862,False,True,
signature_stationary_mixed_nuisance,14124,full,pre_shift,12,0.12,0.1,0.15,0.03185019099736505,0.02890269253329563,0.054726131242552635,0.09868659143629001,0.08594380217526366,0.1432230826906481,1.3880952322412183,0.06629280754460809,False,0.028793896007775748,False,True,
signature_stationary_mixed_nuisance,14125,full,pre_shift,12,0.12,0.1,0.15,0.045306788084962746,0.029568079110303878,0.026021285209228702,0.10028429065718772,0.08625676182209004,0.13859249743964264,1.5174357778389789,4.808214012744173,True,0.03161135902221444,False,True,
signature_stationary_mixed_nuisance,14126,full,pre_shift,12,0.12,0.1,0.15,0.029387587696724095,0.02765530786329777,0.04627836096107648,0.10814503890103772,0.08875048631924924,0.13522082945462013,1.6486008114415605,4.647085910122401,False,0.01807308667064394,False,True,
signature_stationary_mixed_nuisance,14127,full,pre_shift,12,0.12,0.1,0.15,0.03688761590332129,0.02225231696139758,0.003845342839902909,0.09711996659354659,0.08607931408317675,0.134771184280163,1.9655077467905946,4.8062630220542575,False,0.025150843345695742,False,True,
signature_stationary_mixed_nuisance,14128,full,pre_shift,12,0.12,0.1,0.15,0.010970510243028364,0.045711306059025014,0.04164687317290749,0.10011642944949152,0.08629527717632639,0.14401290861264787,1.766821568734339,0.40287519182034615,False,0.03366068937407402,False,True,
signature_stationary_mixed_nuisance,14129,full,pre_shift,12,0.12,0.1,0.15,0.01910961107528237,0.019998950949470046,0.030292527828842408,0.09965329551647273,0.08241406463536162,0.13405167566534743,1.8832139525631975,2.560835431371734,False,0.058525030843790946,False,True,
signature_stationary_mixed_nuisance,14130,full,pre_shift,12,0.12,0.1,0.15,0.027212419943293643,0.0003170520340840686,0.0052520630101983955,0.09597739956235415,0.08153659014084792,0.1347310675657036,2.3691889030157474,7.190440448772208,False,0.017072627763058297,False,True,
signature_stationary_mixed_nuisance,14101,full,pre_shift,13,-0.2,0.0,-0.2,-0.06959094121037475,0.02677800026933747,-0.07447531954537281,-0.15578414966808804,0.009301438924257376,-0.19398231896876098,1.8155333021922802,1.5392885557258549,False,0.02287353745323557,False,True,
signature_stationary_mixed_nuisance,14102,full,pre_shift,13,-0.2,0.0,-0.2,-0.10565199251105432,0.02613992080565402,-0.07155477060290096,-0.164929719149453,0.004974958186182636,-0.1957408291940505,1.4347868901938947,3.4892708670318466,False,0.02368071900868831,False,True,
signature_stationary_mixed_nuisance,14103,full,pre_shift,13,-0.2,0.0,-0.2,-0.0690729004200102,0.015161765051196055,-0.018796510788062874,-0.15988080883207226,0.0037367862748637825,-0.1970266962234101,2.9875211375490274,8.869375422025675,False,0.04384699066849824,False,True,
signature_stationary_mixed_nuisance,14104,full,pre_shift,13,-0.2,0.0,-0.2,-0.08082988183243066,0.018163629785501786,-0.06285476230137313,-0.16638701681446635,0.00167434969705846,-0.20225556581614085,2.1211630800644223,5.589116813591701,False,0.021272385087921522,False,True,
signature_stationary_mixed_nuisance,14105,full,pre_shift,13,-0.2,0.0,-0.2,-0.04918669755172546,0.018498404764145018,-0.050524976985031986,-0.1563432748329524,0.006363230062445484,-0.19374654405165365,2.6682741542221513,7.078198126054703,False,0.06018545558518113,False,True,
signature_stationary_mixed_nuisance,14106,full,pre_shift,13,-0.2,0.0,-0.2,-0.06787704841451288,0.026042744623452435,-0.08782509083574155,-0.16311936871326388,0.00367277997988164,-0.19683125188112835,1.8841519907147466,1.8568996731843106,False,0.04565778172106329,False,True,
signature_stationary_mixed_nuisance,14107,full,pre_shift,13,-0.2,0.0,-0.2,-0.06943438466404148,0.007716614666259362,-0.043462318247234344,-0.15626562423823462,0.008203942956860815,-0.1961107332683689,2.3574929766769377,4.694754420032643,True,0.057362352463573574,False,True,
signature_stationary_mixed_nuisance,14108,full,pre_shift,13,-0.2,0.0,-0.2,-0.05856412184753169,0.01976429965314271,-0.05642295304094163,-0.15711675145666726,0.008965731960267922,-0.20067168650481096,2.4726917751091393,11.184317750431173,False,0.03374333440205471,False,True,
signature_stationary_mixed_nuisance,14109,full,pre_shift,13,-0.2,0.0,-0.2,-0.053626630411292654,0.013617006083676967,-0.0887847386300564,-0.15968752371217473,0.0029764281004660705,-0.2034566862997607,2.176398908101041,3.0597159127992977,False,0.08332723691424786,False,True,
signature_stationary_mixed_nuisance,14110,full,pre_shift,13,-0.2,0.0,-0.2,-0.07360143115645941,0.018053002875882077,-0.10319705382146593,-0.16049906979372444,0.006340191459150103,-0.19895081855411959,1.4892014136673433,3.8209075304268936,False,0.06606404925352873,False,True,
signature_stationary_mixed_nuisance,14111,full,pre_shift,13,-0.2,0.0,-0.2,-0.0531912150039419,0.013527716425766872,-0.05508340810254858,-0.15521038743115695,0.008090309014903076,-0.20131408581502344,2.5826265917711066,11.42282662766451,False,0.03944788991053831,False,True,
signature_stationary_mixed_nuisance,14112,full,pre_shift,13,-0.2,0.0,-0.2,-0.09536749952670304,0.010187699356944482,-0.07527330904465428,-0.17102695702811954,-0.00020609672510012926,-0.19850528787599492,1.6408812552656433,1.8820905024430334,False,0.05450158819292056,False,True,
signature_stationary_mixed_nuisance,14113,full,pre_shift,13,-0.2,0.0,-0.2,-0.05408389718253068,0.0008423655449183258,-0.014903394164121437,-0.1573202357949832,0.00575730157061352,-0.19427343413065182,3.2882588755987805,11.496130687315253,False,0.02999529394822557,False,True,
signature_stationary_mixed_nuisance,14114,full,pre_shift,13,-0.2,0.0,-0.2,-0.040389601346288426,0.007805434346787246,-0.063880886199519,-0.1587125414990056,0.005396874700610855,-0.20513533538117196,2.9149097718194494,10.479119025535995,False,0.10483568673494828,False,True,
signature_stationary_mixed_nuisance,14115,full,pre_shift,13,-0.2,0.0,-0.2,-0.07165587887296103,0.014113845616175404,-0.061835078391310284,-0.1560045438854835,0.006581021794620439,-0.19890144769587995,2.029694648585355,9.91899458164374,False,0.044805632982294015,False,True,
signature_stationary_mixed_nuisance,14116,full,pre_shift,13,-0.2,0.0,-0.2,-0.04240927216501625,0.02806861065481059,-0.09039296369136789,-0.1514904551835582,0.005721882704070078,-0.1950459970773475,2.162302912189356,10.8165244843488,False,0.04652713834640732,False,True,
signature_stationary_mixed_nuisance,14117,full,pre_shift,13,-0.2,0.0,-0.2,-0.07905596585624475,0.010408635236816068,-0.0929770343674965,-0.15612086309689327,0.007552855520881067,-0.19801516781044823,1.3977888758991925,5.363145929080839,False,0.026117921338737426,False,True,
signature_stationary_mixed_nuisance,14118,full,pre_shift,13,-0.2,0.0,-0.2,-0.048707081606882675,-0.0014774998128663714,-0.04833900927605667,-0.15383144263951393,0.006179925518404728,-0.20093532004144973,2.779574307131778,15.58849798925458,False,0.03427641139207844,False,True,
signature_stationary_mixed_nuisance,14119,full,pre_shift,13,-0.2,0.0,-0.2,-0.057965514421419416,0.007792617155783143,-0.04808096439519358,-0.1538567795343665,0.007996129397685852,-0.20275318978986165,2.592121301598592,4.743917615422513,True,0.015877158525949026,False,True,
signature_stationary_mixed_nuisance,14120,full,pre_shift,13,-0.2,0.0,-0.2,-0.07033213835275845,-0.01631923180650727,-0.003787158954397877,-0.16104598619092322,-0.005680173043287458,-0.19795925646178714,3.353491831101081,6.719823086982741,False,0.07017347305332981,False,True,
signature_stationary_mixed_nuisance,14121,full,pre_shift,13,-0.2,0.0,-0.2,-0.06511884646327326,-0.009420983897706589,-0.02795784202320505,-0.15693662365201208,0.0015497964340337705,-0.20450253004688884,2.969471651257661,7.170262339836299,False,0.04659658631466632,False,True,
signature_stationary_mixed_nuisance,14122,full,pre_shift,13,-0.2,0.0,-0.2,-0.06931779952552408,0.01823740391766068,-0.13360657183767688,-0.15654255126269778,0.00582182989727774,-0.2028556331991778,1.2254962289142222,2.424361602972688,False,0.04710545788305541,False,True,
signature_stationary_mixed_nuisance,14123,full,pre_shift,13,-0.2,0.0,-0.2,-0.06643654297940768,0.014701699582189786,-0.05181237434882552,-0.1567898614255231,0.005319023744625367,-0.19540382978005658,2.2742179549729404,5.179465825067581,False,0.028149750382890776,False,True,
signature_stationary_mixed_nuisance,14124,full,pre_shift,13,-0.2,0.0,-0.2,-0.08773181644596836,0.020525863613361135,-0.09274427367519456,-0.15566254051391326,0.008881704461795873,-0.20128922701789753,1.301935724047292,0.0,False,0.029883177791686977,False,True,
signature_stationary_mixed_nuisance,14125,full,pre_shift,13,-0.2,0.0,-0.2,-0.06634812415871705,-0.005938196252503221,-0.007518531684016437,-0.15404361527125596,0.006369850888798428,-0.1986637671944088,3.2236248460633465,6.53183885880752,False,0.010294544764533392,False,True,
signature_stationary_mixed_nuisance,14126,full,pre_shift,13,-0.2,0.0,-0.2,-0.06786170931012926,0.01255208334629644,-0.07328413180423443,-0.1599738972971573,0.0030133064978275547,-0.2009571767094103,2.0411934844172577,5.188279394539659,False,0.08210483768943398,False,True,
signature_stationary_mixed_nuisance,14127,full,pre_shift,13,-0.2,0.0,-0.2,-0.08398107262251356,0.014368994813933913,-0.08204394989103597,-0.15832236501790883,0.006538396916088562,-0.19966910828565376,1.5302519715916525,4.83651499364591,False,0.03078604007639308,False,True,
signature_stationary_mixed_nuisance,14128,full,pre_shift,13,-0.2,0.0,-0.2,-0.0915572927857301,0.014821469337246668,-0.06686686685337849,-0.15843886707349894,0.0036655994917040766,-0.19438251054388334,1.5624754191289998,0.46535061094934593,False,0.026251384657153164,False,True,
signature_stationary_mixed_nuisance,14129,full,pre_shift,13,-0.2,0.0,-0.2,-0.09914338811732726,0.022759318379515864,-0.0867607255770673,-0.16432144622048886,0.0006395786831630171,-0.19477974041788332,1.2924944411147101,2.353329872486444,False,0.022210323877252063,False,True,
signature_stationary_mixed_nuisance,14130,full,pre_shift,13,-0.2,0.0,-0.2,-0.07622378687295178,0.014044251775912819,-0.08609310999930997,-0.16890724805146073,-0.005039304739755732,-0.19664439790381744,1.8302009075533718,7.520641356325579,False,0.06134069260291306,False,True,
signature_stationary_mixed_nuisance,14101,full,pre_shift,14,-0.2,0.0,0.2,-0.0967515402493252,-0.005832819364663001,0.0830738799959105,-0.15092839239706934,0.013810445585774959,0.18086066902996883,0.9963312398532645,1.0356197955791195,False,0.020972820357369203,False,True,
signature_stationary_mixed_nuisance,14102,full,pre_shift,14,-0.2,0.0,0.2,-0.08990545346416472,0.009623289995106405,0.012527649382364047,-0.1537136830964471,0.00799966286529713,0.18482215376290856,2.3561300809174,4.345400947949247,True,0.026433744250383275,False,True,
signature_stationary_mixed_nuisance,14103,full,pre_shift,14,-0.2,0.0,0.2,-0.07417631576357224,-0.011429723351618563,0.070240401925097,-0.1465727858795566,0.0071434419723524645,0.18352421809910013,1.4773163197129222,8.846691741738598,False,0.015343824887384332,False,True,
signature_stationary_mixed_nuisance,14104,full,pre_shift,14,-0.2,0.0,0.2,-0.0753955464448326,0.0013707297266398798,0.06267481713176927,-0.15983453427035416,0.0005176279060079319,0.17626371828592216,1.66525482154762,5.7543716351393215,False,0.018368930035194367,False,True,
signature_stationary_mixed_nuisance,14105,full,pre_shift,14,-0.2,0.0,0.2,-0.0795124259044144,0.005893951413022325,0.08362750262493246,-0.1500275552605735,0.010007873094257352,0.18087856369011152,1.189100152438993,6.767298278493696,False,0.06608219929140764,False,True,
signature_stationary_mixed_nuisance,14106,full,pre_shift,14,-0.2,0.0,0.2,-0.10103586804099354,-0.007152967625958244,0.068427569100568,-0.1608581328537826,0.0038186177841734574,0.17808089479805306,1.1980734548906646,1.5549731280749752,False,0.03187979398457173,False,True,
signature_stationary_mixed_nuisance,14107,full,pre_shift,14,-0.2,0.0,0.2,-0.07141912273262704,0.012817753145128643,0.023961255195260323,-0.1495061921460393,0.012469318569058578,0.18766652829652786,2.4175478058674327,5.612302225900075,False,0.12440697095487534,False,True,
signature_stationary_mixed_nuisance,14108,full,pre_shift,14,-0.2,0.0,0.2,-0.06718172887010249,-0.0043002451402094554,0.0354079714182146,-0.14823128013944023,0.010054025113458136,0.18020431910804455,2.132972095925908,11.817289846357081,False,0.018455987424865882,False,True,
signature_stationary_mixed_nuisance,14109,full,pre_shift,14,-0.2,0.0,0.2,-0.07080643800151241,-0.013196697572260514,0.04695549084540722,-0.15177720904245115,0.0025669741206899746,0.1783338823400642,1.9030988000057212,3.462814712805019,False,0.03701642000666536,False,True,
signature_stationary_mixed_nuisance,14110,full,pre_shift,14,-0.2,0.0,0.2,-0.06718541576173945,0.0032041017178821075,0.027591418952865855,-0.15557464867882656,0.006849161773471157,0.18270722775870396,2.4531978404437353,4.774105370870629,True,0.01716784843258345,False,True,
signature_stationary_mixed_nuisance,14111,full,pre_shift,14,-0.2,0.0,0.2,-0.06463068847619573,-0.0012899459536068428,0.006951702179150872,-0.15304971105799936,0.00939324584495332,0.178993823512651,2.8127715455106266,12.735598173175136,False,0.04630439886865561,False,True,
signature_stationary_mixed_nuisance,14112,full,pre_shift,14,-0.2,0.0,0.2,-0.07935861787088909,-0.0030671401762557044,0.048618945777398524,-0.16303612600518608,-0.0005977677691261826,0.18554492732874636,2.015996237116961,2.3980867395599947,False,0.025245750716016254,False,True,
signature_stationary_mixed_nuisance,14113,full,pre_shift,14,-0.2,0.0,0.2,-0.07163027495806043,-0.012890427516649547,0.04599176758496393,-0.1475542483058394,0.008728831767241194,0.18301453443662888,1.9282008557088517,11.924331543024104,False,0.0104580097476857,False,True,
signature_stationary_mixed_nuisance,14114,full,pre_shift,14,-0.2,0.0,0.2,-0.07290040567267997,-0.0009292062809390427,0.025384004545941447,-0.15944176443114136,0.007973443996065687,0.17286617861985715,2.2772371638189552,11.25635618935495,False,0.028993609986414183,False,True,
signature_stationary_mixed_nuisance,14115,full,pre_shift,14,-0.2,0.0,0.2,-0.06639696707447722,0.008416912170625325,0.027752730851991245,-0.1454557255094214,0.010848969361310036,0.183055713139892,2.2675076244331334,10.686502206076874,False,0.0304792805066849,False,True,
signature_stationary_mixed_nuisance,14116,full,pre_shift,14,-0.2,0.0,0.2,-0.05138230392553287,0.011738767357471995,0.011313873798473378,-0.1450457733355246,0.009934296816546546,0.18542856353256876,2.9611056849281745,12.277630169276975,False,0.016876102051705234,False,True,
signature_stationary_mixed_nuisance,14117,full,pre_shift,14,-0.2,0.0,0.2,-0.07139704447483249,0.00923220536718844,0.03333318909146986,-0.1469878171887472,0.009377999972971063,0.18838032271333333,2.1981729968283585,6.061318925909198,False,0.06288981636195529,False,True,
signature_stationary_mixed_nuisance,14118,full,pre_shift,14,-0.2,0.0,0.2,-0.03559583299155429,-0.0033464334643676054,0.016219027369272786,-0.14518616927022687,0.008226661530139939,0.1839449094381349,3.2297245899079683,17.318222579162548,False,0.041129313925164335,False,True,
signature_stationary_mixed_nuisance,14119,full,pre_shift,14,-0.2,0.0,0.2,-0.07911366428612507,-0.008152967053825618,0.07183522749248956,-0.14577356000923117,0.011099207347033185,0.18035314284143616,1.3193818101332722,4.563299425555785,False,0.016941232570866396,False,True,
signature_stationary_mixed_nuisance,14120,full,pre_shift,14,-0.2,0.0,0.2,-0.09522196045976687,-0.009331037541411019,0.07015361296698237,-0.15886926374085164,-0.0025793897880106334,0.18947351421375014,1.3849609787483017,6.604784065731042,False,0.07164624142278307,False,True,
signature_stationary_mixed_nuisance,14121,full,pre_shift,14,-0.2,0.0,0.2,-0.0663201602110429,-0.020473036606761624,0.041264364973099675,-0.14601704180170347,0.002536107580087891,0.1775983139739323,1.9959632627003965,7.666225602536695,False,0.022354385177406257,False,True,
signature_stationary_mixed_nuisance,14122,full,pre_shift,14,-0.2,0.0,0.2,-0.08144213857893946,0.008699979404718748,0.00274344331118603,-0.1544917412183027,0.007855956784119607,0.17859408714479189,2.584387215189514,3.508748818162202,False,0.066694776390199,False,True,
signature_stationary_mixed_nuisance,14123,full,pre_shift,14,-0.2,0.0,0.2,-0.09194878291572643,-0.013243543178863231,0.07557842000042733,-0.15057625446564973,0.008450829151036598,0.18314860303885647,1.1957754524165618,4.875241277484143,False,0.08655453648922821,False,True,
signature_stationary_mixed_nuisance,14124,full,pre_shift,14,-0.2,0.0,0.2,-0.09218900714255543,0.01258902219734908,0.036985508169395824,-0.14799020327892579,0.011433539146480627,0.18751419832566185,1.798738080240019,0.298738080240019,False,0.019809417417995776,False,True,
signature_stationary_mixed_nuisance,14125,full,pre_shift,14,-0.2,0.0,0.2,-0.08811129917437904,-0.01074181165885322,0.06414664602472316,-0.1475364566624748,0.009044710591276026,0.18479652739828784,1.3868235929820816,6.418662451789602,False,0.026074427229156736,False,True,
signature_stationary_mixed_nuisance,14126,full,pre_shift,14,-0.2,0.0,0.2,-0.08159461139293919,-0.01700255684010095,0.042641208537719154,-0.15198475942944628,0.002522489361977254,0.18063942887482975,1.8388423882850438,5.527121782824703,False,0.023048595057046886,False,True,
signature_stationary_mixed_nuisance,14127,full,pre_shift,14,-0.2,0.0,0.2,-0.08444926367950645,0.01328913717958596,0.011768876561684068,-0.15419517336940217,0.008403597553887244,0.18264318968008986,2.4230808127521493,5.759595806398059,False,0.03499324719983076,False,True,
signature_stationary_mixed_nuisance,14128,full,pre_shift,14,-0.2,0.0,0.2,-0.089103143003535,-0.006591295260561684,0.08985811494129939,-0.14577943142915226,0.00759528431258791,0.19518719650278868,1.1018283427152518,0.0671789536645977,False,0.03361923966696342,False,True,
signature_stationary_mixed_nuisance,14129,full,pre_shift,14,-0.2,0.0,0.2,-0.07219144563149481,0.0008729038515788503,0.02081473318437446,-0.15675865145113418,0.0016850071803107386,0.18561586030899044,2.5675455869517894,3.4208754594382333,False,0.030554819372163106,False,True,
signature_stationary_mixed_nuisance,14130,full,pre_shift,14,-0.2,0.0,0.2,-0.060191442345573935,-0.0037994078004918545,0.06242908615747502,-0.1596356635146211,-0.0038349856442696714,0.18340355009932863,2.107430637528962,8.12807199385454,False,0.031158223981804345,False,True,
signature_stationary_mixed_nuisance,14101,full,pre_shift,15,0.12,-0.1,-0.15,0.028968912548085465,-0.021524945175118163,-0.0447945296943986,0.10191896781900286,-0.07496100672907977,-0.13169473677533797,1.4329331918202504,0.9685529873993699,False,0.05539451724366545,False,True,
signature_stationary_mixed_nuisance,14102,full,pre_shift,15,0.12,-0.1,-0.15,0.038956987163053305,-0.02996930378270028,-0.01059002182357611,0.09875293702345549,-0.0836685614298502,-0.1311685474858006,1.6603372823073481,4.505738230256595,False,0.07372522717841104,False,True,
signature_stationary_mixed_nuisance,14103,full,pre_shift,15,0.12,-0.1,-0.15,0.011162683803716211,-0.028178497136855208,-0.026029514881593323,0.09745835183661142,-0.08452780083712202,-0.1305522001613928,1.9308512246755472,9.277542966414146,False,0.03426879937718943,False,True,
signature_stationary_mixed_nuisance,14104,full,pre_shift,15,0.12,-0.1,-0.15,0.008315467770204437,-0.03361445321682193,-0.026307472191442135,0.09952615936510273,-0.08409316531230875,-0.13650939913630983,2.032717411312887,6.287089046452209,False,0.02441891161866338,False,True,
signature_stationary_mixed_nuisance,14105,full,pre_shift,15,0.12,-0.1,-0.15,0.020922383117089497,-0.022372664095272193,-0.0647191409121387,0.10106249871996405,-0.08497835356242069,-0.1368420231212502,1.5400513338784823,6.807349612372178,False,0.21675849872915598,False,True,
signature_stationary_mixed_nuisance,14106,full,pre_shift,15,0.12,-0.1,-0.15,0.059113491694531624,-0.02863090982960836,-0.00316456315890175,0.10893445549665742,-0.08082263561737195,-0.13248634726065175,1.640988741878228,1.6959618699532033,False,0.04457247780335049,False,True,
signature_stationary_mixed_nuisance,14107,full,pre_shift,15,0.12,-0.1,-0.15,0.028851138802763927,-0.035594622225032596,-0.05335449352827085,0.10453120724424854,-0.08189643905664735,-0.13142390912871338,1.3056275259332288,5.417929751833304,False,0.06733846937010562,False,True,
signature_stationary_mixed_nuisance,14108,full,pre_shift,15,0.12,-0.1,-0.15,0.003269814817600624,-0.028455428717360513,-0.03570558866212099,0.09817812818452362,-0.08298153160727101,-0.13637488132740885,2.0415794104445486,12.35886925680163,False,0.013811628866862241,False,True,
signature_stationary_mixed_nuisance,14109,full,pre_shift,15,0.12,-0.1,-0.15,0.06306924330909781,-0.021051692687633725,-0.055916592132607704,0.10854315024626512,-0.08679731637564858,-0.1334406157107944,1.1217948404013296,3.0846095532063487,False,0.16341807521036508,False,True,
signature_stationary_mixed_nuisance,14110,full,pre_shift,15,0.12,-0.1,-0.15,0.030713983511284855,-0.032421499858591024,-0.05437299507030659,0.10111565632431636,-0.08908109588258628,-0.13680739378686319,1.3804321506197137,4.654537521490343,False,0.010388523465727335,False,True,
signature_stationary_mixed_nuisance,14111,full,pre_shift,15,0.12,-0.1,-0.15,0.028928961141303847,-0.028686171742751218,-0.033479822159910015,0.1051951626750971,-0.07864560798412862,-0.1360495086651595,1.6333165719056184,12.868914745080755,False,0.07386456051541038,False,True,
signature_stationary_mixed_nuisance,14112,full,pre_shift,15,0.12,-0.1,-0.15,0.03631856412631498,-0.023927341362787503,-0.047712657756804236,0.09875155073216683,-0.08091699339036927,-0.13300318795873214,1.2939629443488763,2.192049683908871,False,0.04111598572092703,False,True,
signature_stationary_mixed_nuisance,14113,full,pre_shift,15,0.12,-0.1,-0.15,0.05415057179655204,-0.018682834334838617,0.027963626633333943,0.11108426753554909,-0.08190126736926069,-0.1330050072536116,2.452047732054853,12.876379275078957,False,0.07899499078122854,False,True,
signature_stationary_mixed_nuisance,14114,full,pre_shift,15,0.12,-0.1,-0.15,0.0342846448744643,-0.02569793379602339,-0.049151770460609374,0.10382988737531454,-0.08771342513675788,-0.13219248121599023,1.448286155959262,11.204642345314213,False,0.019221153068261266,False,True,
signature_stationary_mixed_nuisance,14115,full,pre_shift,15,0.12,-0.1,-0.15,0.004954615429068348,-0.026240383733415133,-0.030368493078689045,0.09783504093646067,-0.08164902019002249,-0.13207405161347457,2.020627812997223,11.207130019074096,False,0.0680369845632499,False,True,
signature_stationary_mixed_nuisance,14116,full,pre_shift,15,0.12,-0.1,-0.15,0.03700761385391882,-0.03086678689555893,-0.026224461196499158,0.10270209244861006,-0.0886935756113063,-0.12988030198688374,1.5705205503506876,12.348150719627663,False,0.02490232864954915,False,True,
signature_stationary_mixed_nuisance,14117,full,pre_shift,15,0.12,-0.1,-0.15,0.01387150413753977,-0.036822823176049846,-0.03932777917731003,0.10169932496162387,-0.08198239249525456,-0.13576495148002884,1.726148199771652,6.28746712568085,False,0.02851847401575882,False,True,
signature_stationary_mixed_nuisance,14118,full,pre_shift,15,0.12,-0.1,-0.15,0.03920089117117777,-0.03358494812285875,-0.024905537578567453,0.10425039776669319,-0.07570001847101179,-0.1337465192879623,1.4386987241880023,17.25692130335055,False,0.254076564006032,False,True,
signature_stationary_mixed_nuisance,14119,full,pre_shift,15,0.12,-0.1,-0.15,0.02326603532255946,-0.02842388541127657,-0.04708520336379101,0.10173838207796075,-0.08131950023142191,-0.1272563200113511,1.4537482917023758,4.517047717258161,False,0.01821208210938934,False,True,
signature_stationary_mixed_nuisance,14120,full,pre_shift,15,0.12,-0.1,-0.15,0.06095188855858995,-0.031792420836460014,-0.006831203404695727,0.11127696905904445,-0.08872358735734676,-0.12335564769337434,1.5185250236059586,6.623309089337001,False,0.021819017546491425,False,True,
signature_stationary_mixed_nuisance,14121,full,pre_shift,15,0.12,-0.1,-0.15,0.038052327601295725,-0.030726164493564658,-0.03500927083767409,0.1071195575466967,-0.07740960144815569,-0.13508862014239056,1.439447524896228,7.605673127432923,False,0.06910648857835747,False,True,
signature_stationary_mixed_nuisance,14122,full,pre_shift,15,0.12,-0.1,-0.15,0.04628639580580292,-0.030386588028738924,-0.07178017237925924,0.10641635189452638,-0.08019204415537194,-0.1346700729462934,0.9630994709776227,2.971848289139825,False,0.08828338538038213,False,True,
signature_stationary_mixed_nuisance,14123,full,pre_shift,15,0.12,-0.1,-0.15,0.009021456794163649,-0.03590445824790844,-0.031370290280993245,0.1027750203923514,-0.0803910013640029,-0.13623790046869869,1.9523021538839422,5.327543431368086,False,0.09811611970717174,False,True,
signature_stationary_mixed_nuisance,14124,full,pre_shift,15,0.12,-0.1,-0.15,0.047845052320132336,-0.030435255539604786,-0.013670741937617534,0.10401375596832686,-0.08181646628439285,-0.12735694313880505,1.4862177235192109,0.2849558037592299,False,0.09476509631803261,False,True,
signature_stationary_mixed_nuisance,14125,full,pre_shift,15,0.12,-0.1,-0.15,0.04802430037595698,-0.031127969172948057,-0.027057936594308787,0.11063079526808119,-0.08531186066651913,-0.13147821681273109,1.481463414974593,6.400125866764195,False,0.014302211491552452,False,True,
signature_stationary_mixed_nuisance,14126,full,pre_shift,15,0.12,-0.1,-0.15,0.05846862180514975,-0.018177512066224463,-0.020251207464377686,0.10793386142911855,-0.07856880065191042,-0.14014441299631109,1.6046554800305255,5.631777262855229,False,0.051098302082224434,False,True,
signature_stationary_mixed_nuisance,14127,full,pre_shift,15,0.12,-0.1,-0.15,0.0389756758938837,-0.03203511017140474,-0.027696834632978264,0.1045325540482645,-0.08173133950632418,-0.13420593500270858,1.5001402272900595,5.759736033688118,False,0.012671820194527398,False,True,
signature_stationary_mixed_nuisance,14128,full,pre_shift,15,0.12,-0.1,-0.15,0.04000330899154368,-0.03602041777083503,-0.002250568563925974,0.10315047102558177,-0.08365605555630609,-0.12553948989303637,1.681683347112923,0.2488623007775208,False,0.12615445688161994,False,True,
signature_stationary_mixed_nuisance,14129,full,pre_shift,15,0.12,-0.1,-0.15,0.03618083701554135,-0.027092265456542898,-0.04935687182326151,0.09514744156296917,-0.08234548618827085,-0.13223440109680987,1.1956469617749648,3.1165224212131983,False,0.06882909281496136,False,True,
signature_stationary_mixed_nuisance,14130,full,pre_shift,15,0.12,-0.1,-0.15,-0.002649373513433417,-0.017664725978994582,-0.045199919666949494,0.09337025726592642,-0.08345727004031382,-0.13758913349357557,2.1261657678279415,8.754237761682482,False,0.029524896162775986,False,True,
signature_stationary_mixed_nuisance,14101,full,pre_shift,16,0.12,0.1,0.15,0.0285955082127631,0.003912940258509963,0.007711623263029684,0.0965367154499828,0.08678925435572558,0.1328949279254621,2.3164852944291403,1.7850382818285102,False,0.112536138284645,False,True,
signature_stationary_mixed_nuisance,14102,full,pre_shift,16,0.12,0.1,0.15,0.028427776674139628,0.02248512499697928,0.029043289995156454,0.10169905639545745,0.08206691426430324,0.13473463107027323,1.7371548770967349,4.74289310735333,False,0.07653846888665142,False,True,
signature_stationary_mixed_nuisance,14103,full,pre_shift,16,0.12,0.1,0.15,0.03563441833870937,0.0022001213237762673,0.02199838704712681,0.09941865419072313,0.08396595949523752,0.1381444889846792,2.0971186781477638,9.87466164456191,False,0.06106750637285441,False,True,
signature_stationary_mixed_nuisance,14104,full,pre_shift,16,0.12,0.1,0.15,0.0409646869431236,0.01292374427813929,0.021383378832778608,0.09668802909777524,0.08604827556643051,0.13604610746546447,1.804502752646439,6.591591799098648,False,0.006944465111933207,False,True,
signature_stationary_mixed_nuisance,14105,full,pre_shift,16,0.12,0.1,0.15,0.014988550674108082,0.017911932380688944,0.0033628005125059804,0.09430747654356784,0.08674518055677362,0.12977803446704628,2.2855723897994,7.592922002171578,False,0.021885891957961746,False,True,
signature_stationary_mixed_nuisance,14106,full,pre_shift,16,0.12,0.1,0.15,0.01832178993123726,0.034757861471620084,0.027133601301809297,0.09965314300985666,0.08913299001745852,0.1364481075810882,1.8606166565012356,2.056578526454439,False,0.10470931217679204,False,True,
signature_stationary_mixed_nuisance,14107,full,pre_shift,16,0.12,0.1,0.15,0.021667075575745653,0.027470753199390054,0.053859857153231966,0.09809286446816459,0.08658944529370229,0.13829715682258883,1.5353148689167204,5.4532446207500245,False,0.09415132227516178,False,True,
signature_stationary_mixed_nuisance,14108,full,pre_shift,16,0.12,0.1,0.15,0.02073480447713721,0.00016140914564443073,-0.008134722232341086,0.09553821511418023,0.08368113264254017,0.13472629673111386,2.742262275129823,13.601131531931452,False,0.012157819438390324,False,True,
signature_stationary_mixed_nuisance,14109,full,pre_shift,16,0.12,0.1,0.15,0.03089707650896633,0.019888623826602954,0.042130720538364114,0.10741149745354532,0.08354213840927975,0.13411705868659993,1.6588314423140733,3.243440995520422,False,0.07158677874328118,False,True,
signature_stationary_mixed_nuisance,14110,full,pre_shift,16,0.12,0.1,0.15,0.029804470833604334,0.030436629625180033,0.036413596621575964,0.10209846278232168,0.08563133354470678,0.13555770337746448,1.5752982926107035,4.729835814101047,False,0.03130394205656797,False,True,
signature_stationary_mixed_nuisance,14111,full,pre_shift,16,0.12,0.1,0.15,0.025229466935367546,0.017640142078349418,-0.017085995903552073,0.09552625108903712,0.08598337717158164,0.13258016841646222,2.515867174532849,13.884781919613603,False,0.033098095206078385,False,True,
signature_stationary_mixed_nuisance,14112,full,pre_shift,16,0.12,0.1,0.15,0.03103614063318691,0.027249394617436112,0.05141080828894488,0.1021121185117527,0.08764804348951667,0.1359744680245784,1.4602688782365478,2.1523185621454184,False,0.06924424712547389,False,True,
signature_stationary_mixed_nuisance,14113,full,pre_shift,16,0.12,0.1,0.15,0.019843452972702985,0.022571323630635756,0.024715991294887867,0.10302097442259059,0.08625136949659369,0.13795685951229295,2.0814001986926893,13.457779473771646,False,0.05836756076800286,False,True,
signature_stationary_mixed_nuisance,14114,full,pre_shift,16,0.12,0.1,0.15,0.03470318517426217,-0.0012736166180556648,-0.005397420118990352,0.0961621923014467,0.0857432782912463,0.13325719373797057,2.5210111070041106,12.225653452318323,False,0.1479437186904218,False,True,
signature_stationary_mixed_nuisance,14115,full,pre_shift,16,0.12,0.1,0.15,0.019246881404110096,0.018563246965937377,-0.010365926735338003,0.09422746155639533,0.08535082453916155,0.13487680596917284,2.4927385168202734,12.19986853589437,False,0.06040386317395124,False,True,
signature_stationary_mixed_nuisance,14116,full,pre_shift,16,0.12,0.1,0.15,-0.008133496346618948,0.026044398031934996,0.0033715615313714706,0.09888138167798396,0.08239318136990177,0.13469838936276213,2.7841961946857787,13.632346914313441,False,0.01936553179686116,False,True,
signature_stationary_mixed_nuisance,14117,full,pre_shift,16,0.12,0.1,0.15,0.00037618757719814295,0.05235480977461687,-0.0010756838390479073,0.09518361246847973,0.08961781136088404,0.13826628368046334,2.4181951183427435,7.205662244023594,False,0.027486055910356855,False,True,
signature_stationary_mixed_nuisance,14118,full,pre_shift,16,0.12,0.1,0.15,-0.009234068996966686,0.027309126273490126,6.684139816435215e-05,0.10494229210381874,0.09121953151910604,0.13552248539078887,3.1447272590549225,18.90164856240547,False,0.05239655536126725,False,True,
signature_stationary_mixed_nuisance,14119,full,pre_shift,16,0.12,0.1,0.15,0.0323377719274277,0.0007848932188923599,0.051129180938894285,0.10169067941804277,0.08321076438040614,0.14068165307370706,1.8560990677668647,4.873146785025026,False,0.028391048967562414,False,True,
signature_stationary_mixed_nuisance,14120,full,pre_shift,16,0.12,0.1,0.15,0.05227007980379006,0.02633338798266731,0.06393771074631037,0.10342784745356713,0.08906991755821728,0.1445334852221929,1.1632592861914575,6.286568375528458,False,0.17626142574229783,False,True,
signature_stationary_mixed_nuisance,14121,full,pre_shift,16,0.12,0.1,0.15,0.0316169728611612,0.032342477649657836,0.04564150608589279,0.1068221175650444,0.0879510728535319,0.13745792070984822,1.5443940483765222,7.650067175809445,False,0.10140658578545578,False,True,
signature_stationary_mixed_nuisance,14122,full,pre_shift,16,0.12,0.1,0.15,0.015293850289948615,0.03696872378974803,0.003392847937292536,0.09437084271010769,0.08567434051090213,0.13097851126239105,2.019790677192773,3.491638966332598,False,0.029064507469210566,False,True,
signature_stationary_mixed_nuisance,14123,full,pre_shift,16,0.12,0.1,0.15,0.014962534262564938,0.03902952260317474,-0.003746204207163811,0.09510239459707726,0.08787121773094131,0.13679845258461373,2.25748559825433,6.085029029622415,False,0.050899629380176885,False,True,
signature_stationary_mixed_nuisance,14124,full,pre_shift,16,0.12,0.1,0.15,0.031542165906752996,0.029721805762399273,0.051132204716167605,0.09868659143629001,0.08594380217526366,0.1432230826906481,1.4223811073519534,0.20733691111118335,False,0.03051122706796694,False,True,
signature_stationary_mixed_nuisance,14125,full,pre_shift,16,0.12,0.1,0.15,0.03741795210709265,0.02609550785963131,0.03191878444744809,0.10028429065718772,0.08625676182209004,0.13859249743964264,1.5927309873012125,6.4928568540654075,False,0.05815560098211188,False,True,
signature_stationary_mixed_nuisance,14126,full,pre_shift,16,0.12,0.1,0.15,0.02910395857308621,0.029384662981962545,0.052278573747656445,0.10814503890103772,0.08875048631924924,0.13522082945462013,1.5634761727417663,5.695253435596995,False,0.028547933852747388,False,True,
signature_stationary_mixed_nuisance,14127,full,pre_shift,16,0.12,0.1,0.15,0.0356729828807589,0.020044480994494893,0.007772676436886649,0.09711996659354659,0.08607931408317675,0.134771184280163,1.9548542192001113,6.21459025288823,False,0.016562795625148504,False,True,
signature_stationary_mixed_nuisance,14128,full,pre_shift,16,0.12,0.1,0.15,0.014456437170581364,0.0509328054924024,0.03486153235312408,0.10011642944949152,0.08629527717632639,0.14401290861264787,1.736633167611051,0.4854954683885717,False,0.08525516636121153,False,True,
signature_stationary_mixed_nuisance,14129,full,pre_shift,16,0.12,0.1,0.15,0.024678213082222972,0.019658036502330185,0.03333365087114837,0.09965329551647273,0.08241406463536162,0.13405167566534743,1.7476419195711157,3.3641643407843143,False,0.03862867683675955,False,True,
signature_stationary_mixed_nuisance,14130,full,pre_shift,16,0.12,0.1,0.15,0.026953849276675074,0.004539168928892009,0.004458031681750097,0.09597739956235415,0.08153659014084792,0.1347310675657036,2.3079901267447753,9.562227888427257,False,0.04101755059527488,False,True,
signature_stationary_mixed_nuisance,14101,full,pre_shift,17,-0.2,0.0,-0.2,-0.06952460344649265,0.025180964504242426,-0.0721423679657792,-0.15578414966808804,0.009301438924257376,-0.19398231896876098,1.8455751838146837,2.1306134656431936,False,0.02414237709628686,False,True,
signature_stationary_mixed_nuisance,14102,full,pre_shift,17,-0.2,0.0,-0.2,-0.10823787811314903,0.024726517470192066,-0.07481841830093638,-0.164929719149453,0.004974958186182636,-0.1957408291940505,1.340962420073615,4.5838555274269455,False,0.015876219907581552,False,True,
signature_stationary_mixed_nuisance,14103,full,pre_shift,17,-0.2,0.0,-0.2,-0.06770466096623286,0.01443243698221694,-0.02090595146126929,-0.15988080883207226,0.0037367862748637825,-0.1970266962234101,2.9681177539846506,11.34277939854656,False,0.03854571613884571,False,True,
signature_stationary_mixed_nuisance,14104,full,pre_shift,17,-0.2,0.0,-0.2,-0.07917628726730572,0.017173954622320856,-0.06660565273769906,-0.16638701681446635,0.00167434969705846,-0.20225556581614085,2.0850635401975843,7.176655339296232,False,0.04429769958709949,False,True,
signature_stationary_mixed_nuisance,14105,full,pre_shift,17,-0.2,0.0,-0.2,-0.044259472013259395,0.01694681813717117,-0.04449811947739982,-0.1563432748329524,0.006363230062445484,-0.19374654405165365,2.903477144467434,8.996399146639012,False,0.04788481802910194,False,True,
signature_stationary_mixed_nuisance,14106,full,pre_shift,17,-0.2,0.0,-0.2,-0.06743117286457163,0.02732350057409496,-0.07920791991788471,-0.16311936871326388,0.00367277997988164,-0.19683125188112835,2.0238887740285647,2.580467300483004,False,0.03294136481679213,False,True,
signature_stationary_mixed_nuisance,14107,full,pre_shift,17,-0.2,0.0,-0.2,-0.06989178233766442,0.012707216026813264,-0.05212271972207923,-0.15626562423823462,0.008203942956860815,-0.1961107332683689,2.18950768767087,6.142752308420894,False,0.04111354238052981,False,True,
signature_stationary_mixed_nuisance,14108,full,pre_shift,17,-0.2,0.0,-0.2,-0.05916230166540456,0.02066369569301592,-0.05932128085009946,-0.15711675145666726,0.008965731960267922,-0.20067168650481096,2.409002151871467,14.51013368380292,False,0.01421952290673492,False,True,
signature_stationary_mixed_nuisance,14109,full,pre_shift,17,-0.2,0.0,-0.2,-0.05415705993978595,0.012405950359991102,-0.09038367776806434,-0.15968752371217473,0.0029764281004660705,-0.2034566862997607,2.137759353088459,3.881200348608881,False,0.08884733339567728,False,True,
signature_stationary_mixed_nuisance,14110,full,pre_shift,17,-0.2,0.0,-0.2,-0.06707825993737915,0.023227034381661932,-0.09288216697549681,-0.16049906979372444,0.006340191459150103,-0.19895081855411959,1.7770692219664628,5.00690503606751,False,0.03642113064360837,False,True,
signature_stationary_mixed_nuisance,14111,full,pre_shift,17,-0.2,0.0,-0.2,-0.05186362654612585,0.012056224943562191,-0.04950624975406365,-0.15521038743115695,0.008090309014903076,-0.20131408581502344,2.71559858015249,15.100380499766093,False,0.07337449553973294,False,True,
signature_stationary_mixed_nuisance,14112,full,pre_shift,17,-0.2,0.0,-0.2,-0.09874749662379023,0.006186278246458635,-0.06375439479783108,-0.17102695702811954,-0.00020609672510012926,-0.19850528787599492,1.7603892251456614,2.4127077872910796,False,0.0342021331220352,False,True,
signature_stationary_mixed_nuisance,14113,full,pre_shift,17,-0.2,0.0,-0.2,-0.057059554736236966,0.00010161877199086716,-0.01858336813950531,-0.1573202357949832,0.00575730157061352,-0.19427343413065182,3.135195012780226,15.092974486551872,False,0.03526666463405553,False,True,
signature_stationary_mixed_nuisance,14114,full,pre_shift,17,-0.2,0.0,-0.2,-0.05052385025080751,0.007082700243087533,-0.05409199604740275,-0.1587125414990056,0.005396874700610855,-0.20513533538117196,2.821353662594516,13.547007114912839,False,0.04578300250507722,False,True,
signature_stationary_mixed_nuisance,14115,full,pre_shift,17,-0.2,0.0,-0.2,-0.072126528013191,0.015920532448788355,-0.06156575600233095,-0.1560045438854835,0.006581021794620439,-0.19890144769587995,2.028594794581465,12.728463330475835,False,0.062059946558993447,False,True,
signature_stationary_mixed_nuisance,14116,full,pre_shift,17,-0.2,0.0,-0.2,-0.04057976251378561,0.030194314128574807,-0.09369651650959186,-0.1514904551835582,0.005721882704070078,-0.1950459970773475,2.1795352761238957,14.311882190437338,False,0.03415629810198025,False,True,
signature_stationary_mixed_nuisance,14117,full,pre_shift,17,-0.2,0.0,-0.2,-0.07743123097651716,0.010862843010003207,-0.09666605641243839,-0.15612086309689327,0.007552855520881067,-0.19801516781044823,1.3809984901976724,7.086660734221266,False,0.0048732783195952,False,True,
signature_stationary_mixed_nuisance,14118,full,pre_shift,17,-0.2,0.0,-0.2,-0.04768866919609025,0.0025333031793461293,-0.050541153295659086,-0.15383144263951393,0.006179925518404728,-0.20093532004144973,2.7580608348785147,20.159709397283983,False,0.019591392389648462,False,True,
signature_stationary_mixed_nuisance,14119,full,pre_shift,17,-0.2,0.0,-0.2,-0.05445884148437824,0.008888964966783187,-0.04773765790033638,-0.1538567795343665,0.007996129397685852,-0.20275318978986165,2.680405165717089,6.053551950742115,False,0.03338573538407325,False,True,
signature_stationary_mixed_nuisance,14120,full,pre_shift,17,-0.2,0.0,-0.2,-0.0683282240803733,-0.01641059253435852,-0.000433615163118135,-0.16104598619092322,-0.005680173043287458,-0.19795925646178714,3.4808778620864835,8.26744623761494,False,0.06627965198239467,False,True,
signature_stationary_mixed_nuisance,14121,full,pre_shift,17,-0.2,0.0,-0.2,-0.06532336729357792,-0.015030933698211447,-0.028995523129612902,-0.15693662365201208,0.0015497964340337705,-0.20450253004688884,2.960495932082065,9.11056310789151,False,0.025951063044125956,False,True,
signature_stationary_mixed_nuisance,14122,full,pre_shift,17,-0.2,0.0,-0.2,-0.06567783826411341,0.018672056123243238,-0.13973675402423857,-0.15654255126269778,0.00582182989727774,-0.2028556331991778,1.253281862335269,3.2449208286678672,False,0.023760628636948174,False,True,
signature_stationary_mixed_nuisance,14123,full,pre_shift,17,-0.2,0.0,-0.2,-0.0659568921282604,0.015148838240513761,-0.05059944967944451,-0.1567898614255231,0.005319023744625367,-0.19540382978005658,2.3080020813450197,6.893031110967435,False,0.020964242543757308,False,True,
signature_stationary_mixed_nuisance,14124,full,pre_shift,17,-0.2,0.0,-0.2,-0.08643487501772229,0.016895280866479245,-0.09343361400607733,-0.15566254051391326,0.008881704461795873,-0.20128922701789753,1.306020636816547,0.013357547927730362,False,0.05327599891942647,False,True,
signature_stationary_mixed_nuisance,14125,full,pre_shift,17,-0.2,0.0,-0.2,-0.06797319054773468,-0.006045767455181295,-0.009179947085359344,-0.15404361527125596,0.006369850888798428,-0.1986637671944088,3.1501067369266487,8.142963590992057,False,0.00924367257592332,False,True,
signature_stationary_mixed_nuisance,14126,full,pre_shift,17,-0.2,0.0,-0.2,-0.06973141978389844,0.005816588643764697,-0.05677261425531212,-0.1599738972971573,0.0030133064978275547,-0.2009571767094103,2.270939285964056,6.46619272156105,False,0.045117550576669996,False,True,
signature_stationary_mixed_nuisance,14127,full,pre_shift,17,-0.2,0.0,-0.2,-0.0830801278590844,0.014830944805750763,-0.08133322964701534,-0.15832236501790883,0.006538396916088562,-0.19966910828565376,1.5579956517459863,6.272585904634216,False,0.023968791955311052,False,True,
signature_stationary_mixed_nuisance,14128,full,pre_shift,17,-0.2,0.0,-0.2,-0.09242535733693123,0.016373778815944897,-0.0690527509997529,-0.15843886707349894,0.0036655994917040766,-0.19438251054388334,1.5185554708198052,0.504050939208377,False,0.0384044718014716,False,True,
signature_stationary_mixed_nuisance,14129,full,pre_shift,17,-0.2,0.0,-0.2,-0.09888963777596697,0.02005727261806048,-0.08458258486220908,-0.16432144622048886,0.0006395786831630171,-0.19477974041788332,1.3131257278732729,3.1772900686575873,False,0.04023742614126157,False,True,
signature_stationary_mixed_nuisance,14130,full,pre_shift,17,-0.2,0.0,-0.2,-0.07300102100727546,0.01866480176798437,-0.08956189446388697,-0.16890724805146073,-0.005039304739755732,-0.19664439790381744,1.8792114916748097,9.941439380102066,False,0.03485335490154741,False,True,
signature_stationary_mixed_nuisance,14101,full,pre_shift,18,-0.2,0.0,0.2,-0.09718269364413949,-0.008530285842643714,0.08897467374355926,-0.15092839239706934,0.013810445585774959,0.18086066902996883,0.9344699733857321,1.5650834390289257,False,0.028470391880826867,False,True,
signature_stationary_mixed_nuisance,14102,full,pre_shift,18,-0.2,0.0,0.2,-0.09004208651721211,0.008415875413644547,0.013425648090532297,-0.1537136830964471,0.00799966286529713,0.18482215376290856,2.3343589967886533,5.418214524215599,False,0.039814404625965714,False,True,
signature_stationary_mixed_nuisance,14103,full,pre_shift,18,-0.2,0.0,0.2,-0.07543216768745481,-0.011109913221109638,0.07422807412573744,-0.1465727858795566,0.0071434419723524645,0.18352421809910013,1.3981677905809171,11.240947189127477,False,0.0257911333616602,False,True,
signature_stationary_mixed_nuisance,14104,full,pre_shift,18,-0.2,0.0,0.2,-0.0748907900562711,0.0011080746832233454,0.06221227921574325,-0.15983453427035416,0.0005176279060079319,0.17626371828592216,1.6820989330696021,7.358754272365834,False,0.02050186644574219,False,True,
signature_stationary_mixed_nuisance,14105,full,pre_shift,18,-0.2,0.0,0.2,-0.07873826226039222,0.00334037172337841,0.08570912239743267,-0.1500275552605735,0.010007873094257352,0.18087856369011152,1.17959464527544,8.675993791914452,False,0.040212580980267726,False,True,
signature_stationary_mixed_nuisance,14106,full,pre_shift,18,-0.2,0.0,0.2,-0.0996707369344222,-0.008669404543101033,0.06290132773829574,-0.1608581328537826,0.0038186177841734574,0.17808089479805306,1.3001353536356983,2.380602654118702,False,0.00759554744271634,False,True,
signature_stationary_mixed_nuisance,14107,full,pre_shift,18,-0.2,0.0,0.2,-0.07700216490637413,0.011265870804248975,0.042921978283724516,-0.1495061921460393,0.012469318569058578,0.18766652829652786,1.9488685217719002,6.591620830192794,False,0.04865012205496931,False,True,
signature_stationary_mixed_nuisance,14108,full,pre_shift,18,-0.2,0.0,0.2,-0.0636597960145084,-0.0032388665295448203,0.03717691999639371,-0.14823128013944023,0.010054025113458136,0.18020431910804455,2.167447573337788,15.177581257140709,False,0.026783506268009055,False,True,
signature_stationary_mixed_nuisance,14109,full,pre_shift,18,-0.2,0.0,0.2,-0.0712492713976996,-0.014653473603676128,0.047923557767796165,-0.15177720904245115,0.0025669741206899746,0.1783338823400642,1.8843121225800485,4.26551247118893,True,0.02729376463607066,False,True,
signature_stationary_mixed_nuisance,14110,full,pre_shift,18,-0.2,0.0,0.2,-0.06754644281596958,0.004044271225976731,0.026157391876705252,-0.15557464867882656,0.006849161773471157,0.18270722775870396,2.4718423421558273,5.978747378223337,False,0.013180552848198955,False,True,
signature_stationary_mixed_nuisance,14111,full,pre_shift,18,-0.2,0.0,0.2,-0.06378451961836387,-0.002182839317564673,0.016329524791174548,-0.15304971105799936,0.00939324584495332,0.178993823512651,2.6370517376169853,16.23743223738308,False,0.07422751275935209,False,True,
signature_stationary_mixed_nuisance,14112,full,pre_shift,18,-0.2,0.0,0.2,-0.08077427186941906,-0.002561795425186621,0.049002109783823675,-0.16303612600518608,-0.0005977677691261826,0.18554492732874636,1.9808526905146386,2.8935604778057185,False,0.03470885845386734,False,True,
signature_stationary_mixed_nuisance,14113,full,pre_shift,18,-0.2,0.0,0.2,-0.07097993382836114,-0.014653413828751032,0.04879575084433335,-0.1475542483058394,0.008728831767241194,0.18301453443662888,1.9024568569637659,15.495431343515639,False,0.021905141667369194,False,True,
signature_stationary_mixed_nuisance,14114,full,pre_shift,18,-0.2,0.0,0.2,-0.07040587311075473,-0.00045141803512581624,0.020679062974589175,-0.15944176443114136,0.007973443996065687,0.17286617861985715,2.4165566477039877,14.463563762616827,False,0.010629476503219201,False,True,
signature_stationary_mixed_nuisance,14115,full,pre_shift,18,-0.2,0.0,0.2,-0.06623283709218461,0.009130542772839888,0.02405274734323303,-0.1454557255094214,0.010848969361310036,0.183055713139892,2.343856656521662,13.572319986997497,False,0.014536035062286791,False,True,
signature_stationary_mixed_nuisance,14116,full,pre_shift,18,-0.2,0.0,0.2,-0.05162168449320659,0.012087803188252777,0.008900880647779117,-0.1450457733355246,0.009934296816546546,0.18542856353256876,3.009175025961955,15.821057216399293,False,0.01599631123319749,False,True,
signature_stationary_mixed_nuisance,14117,full,pre_shift,18,-0.2,0.0,0.2,-0.07589761967868508,0.007296779290449195,0.03474839719874664,-0.1469878171887472,0.009377999972971063,0.18838032271333333,2.0922311293812217,7.678891863602487,False,0.049855998428119885,False,True,
signature_stationary_mixed_nuisance,14118,full,pre_shift,18,-0.2,0.0,0.2,-0.0346637620307697,-0.0021034878732233363,0.012692274764354219,-0.14518616927022687,0.008226661530139939,0.1839449094381349,3.326379973795891,21.986089371079874,False,0.01925644455561791,False,True,
signature_stationary_mixed_nuisance,14119,full,pre_shift,18,-0.2,0.0,0.2,-0.07953038323026647,-0.008504800258371569,0.07149145736262592,-0.14577356000923117,0.011099207347033185,0.18035314284143616,1.3190880762391706,5.872640026981285,False,0.017256882831911586,False,True,
signature_stationary_mixed_nuisance,14120,full,pre_shift,18,-0.2,0.0,0.2,-0.09368886755901937,-0.013737504896396796,0.06856184952557501,-0.15886926374085164,-0.0025793897880106334,0.18947351421375014,1.442797138105611,8.210243375720552,False,0.019039438413672005,False,True,
signature_stationary_mixed_nuisance,14121,full,pre_shift,18,-0.2,0.0,0.2,-0.06644061147133273,-0.01890690465947208,0.04072337551439141,-0.14601704180170347,0.002536107580087891,0.1775983139739323,1.9944416347140923,9.605004742605603,False,0.025000300549666475,False,True,
signature_stationary_mixed_nuisance,14122,full,pre_shift,18,-0.2,0.0,0.2,-0.08052586395274244,0.008350567623739355,0.006292561695802148,-0.1544917412183027,0.007855956784119607,0.17859408714479189,2.524063432062355,4.268984260730223,True,0.04586530962242133,False,True,
signature_stationary_mixed_nuisance,14123,full,pre_shift,18,-0.2,0.0,0.2,-0.09890369899165397,-0.01213606394959124,0.08955486347290231,-0.15057625446564973,0.008450829151036598,0.18314860303885647,0.920990718890522,6.314021829857957,False,0.011970623633103824,False,True,
signature_stationary_mixed_nuisance,14124,full,pre_shift,18,-0.2,0.0,0.2,-0.09047650859808627,0.01348608978760737,0.03798920363799678,-0.14799020327892579,0.011433539146480627,0.18751419832566185,1.8037400375101977,0.3170975854379281,False,0.016788693745703492,False,True,
signature_stationary_mixed_nuisance,14125,full,pre_shift,18,-0.2,0.0,0.2,-0.0862111000257459,-0.008822568061568052,0.061565927093286246,-0.1475364566624748,0.009044710591276026,0.18479652739828784,1.4453905100960236,8.08835410108808,False,0.01184970206813344,False,True,
signature_stationary_mixed_nuisance,14126,full,pre_shift,18,-0.2,0.0,0.2,-0.08021684637059646,-0.016922380778906537,0.04308506476063261,-0.15198475942944628,0.002522489361977254,0.18063942887482975,1.8543721236151864,6.820564845176237,False,0.020008659026638606,False,True,
signature_stationary_mixed_nuisance,14127,full,pre_shift,18,-0.2,0.0,0.2,-0.08577251706002453,0.010904974761822476,0.007462529631596278,-0.15419517336940217,0.008403597553887244,0.18264318968008986,2.4928803095529077,7.265466214187123,False,0.030522591677814504,False,True,
signature_stationary_mixed_nuisance,14128,full,pre_shift,18,-0.2,0.0,0.2,-0.08934493443135497,-0.004991154597634852,0.08708084672509274,-0.14577943142915226,0.00759528431258791,0.19518719650278868,1.1301637388124013,0.13421467802077824,False,0.012192087482872996,False,True,
signature_stationary_mixed_nuisance,14129,full,pre_shift,18,-0.2,0.0,0.2,-0.07318595827336848,-0.00012875253160179385,0.027978823664622655,-0.15675865145113418,0.0016850071803107386,0.18561586030899044,2.4020854418165034,4.07937551047409,True,0.0687340781244034,False,True,
signature_stationary_mixed_nuisance,14130,full,pre_shift,18,-0.2,0.0,0.2,-0.059786546841502176,-0.0012967210507145936,0.06571200150179747,-0.1596356635146211,-0.0038349856442696714,0.18340355009932863,2.067958550464561,10.509397930566628,False,0.045412803348295346,False,True,
signature_stationary_mixed_nuisance,14101,full,pre_shift,19,0.12,-0.1,-0.15,0.032168893342691796,-0.024579945120514722,-0.039513021055317614,0.10191896781900286,-0.07496100672907977,-0.13169473677533797,1.4006456989646938,1.4657291379936195,False,0.005758189818653591,False,True,
signature_stationary_mixed_nuisance,14102,full,pre_shift,19,0.12,-0.1,-0.15,0.0374767874528357,-0.030459300351546682,-0.017263574718235378,0.09875293702345549,-0.0836685614298502,-0.1311685474858006,1.5785228005445864,5.496737324760185,False,0.04252800029798931,False,True,
signature_stationary_mixed_nuisance,14103,full,pre_shift,19,0.12,-0.1,-0.15,0.012561985377289864,-0.029666481643315437,-0.02191249802667085,0.09745835183661142,-0.08452780083712202,-0.1305522001613928,1.9378522362838169,11.678799425411293,False,0.01787000745586041,False,True,
signature_stationary_mixed_nuisance,14104,full,pre_shift,19,0.12,-0.1,-0.15,0.008512487960945154,-0.033591153628614874,-0.019967512767100667,0.09952615936510273,-0.08409316531230875,-0.13650939913630983,2.1185628231864952,7.97731709555233,False,0.015448848158372922,False,True,
signature_stationary_mixed_nuisance,14105,full,pre_shift,19,0.12,-0.1,-0.15,0.028461035280846664,-0.02146967609217429,-0.05946192638123879,0.10106249871996405,-0.08497835356242069,-0.1368420231212502,1.4658732226345075,8.64186701454896,False,0.22844150434647678,False,True,
signature_stationary_mixed_nuisance,14106,full,pre_shift,19,0.12,-0.1,-0.15,0.061074119038637804,-0.03032173511698769,-0.0014920792230088712,0.10893445549665742,-0.08082263561737195,-0.13248634726065175,1.6306498824702924,2.5112525365889944,False,0.03905141384241053,False,True,
signature_stationary_mixed_nuisance,14107,full,pre_shift,19,0.12,-0.1,-0.15,0.03034332939806061,-0.038306454773289034,-0.050567336254747394,0.10453120724424854,-0.08189643905664735,-0.13142390912871338,1.2780780195370551,6.36969884972985,False,0.03909759362130947,False,True,
signature_stationary_mixed_nuisance,14108,full,pre_shift,19,0.12,-0.1,-0.15,0.00566190502051339,-0.029591512030101286,-0.038269395437097176,0.09817812818452362,-0.08298153160727101,-0.13637488132740885,1.9425172325486308,15.62009848968934,False,0.03151107340763546,False,True,
signature_stationary_mixed_nuisance,14109,full,pre_shift,19,0.12,-0.1,-0.15,0.06288804382663969,-0.02032044026693402,-0.05908595757406109,0.10854315024626512,-0.08679731637564858,-0.1334406157107944,1.106641985038846,3.8721544562277757,False,0.1819904076536035,False,True,
signature_stationary_mixed_nuisance,14110,full,pre_shift,19,0.12,-0.1,-0.15,0.02934936166513054,-0.032216087613210175,-0.05571680879493496,0.10111565632431636,-0.08908109588258628,-0.13680739378686319,1.3921779494796789,5.8709253277030164,False,0.016174248219885033,False,True,
signature_stationary_mixed_nuisance,14111,full,pre_shift,19,0.12,-0.1,-0.15,0.02950141582445729,-0.03170261971991282,-0.03799859198263368,0.1051951626750971,-0.07864560798412862,-0.1360495086651595,1.531446220927995,16.268878458311075,False,0.02935839975143819,False,True,
signature_stationary_mixed_nuisance,14112,full,pre_shift,19,0.12,-0.1,-0.15,0.035432437505987964,-0.025029748642217065,-0.04367283124817879,0.09875155073216683,-0.08091699339036927,-0.13300318795873214,1.3341357696578278,2.7276962474635464,False,0.06382945275013316,False,True,
signature_stationary_mixed_nuisance,14113,full,pre_shift,19,0.12,-0.1,-0.15,0.0513855768392363,-0.019686640590880444,0.0014970075574702632,0.11108426753554909,-0.08190126736926069,-0.1330050072536116,1.9889891365649024,15.98442048008054,False,0.08285009919617652,False,True,
signature_stationary_mixed_nuisance,14114,full,pre_shift,19,0.12,-0.1,-0.15,0.03416554873234048,-0.025816327670617183,-0.05269818274268713,0.10382988737531454,-0.08771342513675788,-0.13219248121599023,1.4141074743671431,14.37767123698397,False,0.01451946284512204,False,True,
signature_stationary_mixed_nuisance,14115,full,pre_shift,19,0.12,-0.1,-0.15,0.004992233277599538,-0.027484466605821732,-0.020440891327427626,0.09783504093646067,-0.08164902019002249,-0.13207405161347457,2.135839693341748,14.208159680339245,False,0.016986408692387572,False,True,
signature_stationary_mixed_nuisance,14116,full,pre_shift,19,0.12,-0.1,-0.15,0.0351708219374957,-0.034900891714529605,-0.01943927945214411,0.10270209244861006,-0.0886935756113063,-0.12988030198688374,1.633700734672809,15.954757951072102,False,0.045254768024331885,False,True,
signature_stationary_mixed_nuisance,14117,full,pre_shift,19,0.12,-0.1,-0.15,0.013871445275270377,-0.038512703299184714,-0.04242807940833643,0.10169932496162387,-0.08198239249525456,-0.13576495148002884,1.6717105913987096,7.850602455001197,False,0.012251547032106775,False,True,
signature_stationary_mixed_nuisance,14118,full,pre_shift,19,0.12,-0.1,-0.15,0.0343023969350368,-0.03955237764524972,-0.02130423812052376,0.10425039776669319,-0.07570001847101179,-0.1337465192879623,1.513701958143331,21.999791329223207,False,0.3101245721396213,False,True,
signature_stationary_mixed_nuisance,14119,full,pre_shift,19,0.12,-0.1,-0.15,0.017757434544074604,-0.02375046116384894,-0.06283288932518469,0.10173838207796075,-0.08131950023142191,-0.1272563200113511,1.4786459014444526,5.851285928425738,False,0.12443638939956318,False,True,
signature_stationary_mixed_nuisance,14120,full,pre_shift,19,0.12,-0.1,-0.15,0.06015708587124253,-0.03036752390772477,-0.03490934531799256,0.11127696905904445,-0.08872358735734676,-0.12335564769337434,1.1907884889024407,7.9010318646229925,False,0.1664922509694193,False,True,
signature_stationary_mixed_nuisance,14121,full,pre_shift,19,0.12,-0.1,-0.15,0.04114066369634648,-0.03520373672973334,-0.022725735293162845,0.1071195575466967,-0.07740960144815569,-0.13508862014239056,1.504907725119919,9.609912467725522,False,0.03281120690645207,False,True,
signature_stationary_mixed_nuisance,14122,full,pre_shift,19,0.12,-0.1,-0.15,0.04331274175311898,-0.03416782930120345,-0.04783281639930112,0.10641635189452638,-0.08019204415537194,-0.1346700729462934,1.1821294599485406,3.951113720678763,False,0.05471746514949015,False,True,
signature_stationary_mixed_nuisance,14123,full,pre_shift,19,0.12,-0.1,-0.15,0.0077691069670941856,-0.03454194867189135,-0.02721410891921394,0.1027750203923514,-0.0803910013640029,-0.13623790046869869,2.0494134599522065,6.863435289810163,False,0.10689357481008675,False,True,
signature_stationary_mixed_nuisance,14124,full,pre_shift,19,0.12,-0.1,-0.15,0.04689303633489998,-0.03282360459255192,-0.018190492695892378,0.10401375596832686,-0.08181646628439285,-0.12735694313880505,1.4042495755946496,0.22134716103257768,False,0.08413008331607028,False,True,
signature_stationary_mixed_nuisance,14125,full,pre_shift,19,0.12,-0.1,-0.15,0.04826015060849557,-0.03306018004891332,-0.02561662601403702,0.11063079526808119,-0.08531186066651913,-0.13147821681273109,1.4729793212065871,8.061333422294668,False,0.024883578914353763,False,True,
signature_stationary_mixed_nuisance,14126,full,pre_shift,19,0.12,-0.1,-0.15,0.058374494671137964,-0.01754827477404621,-0.009878398393759707,0.10793386142911855,-0.07856880065191042,-0.14014441299631109,1.7770121482876002,7.097576993463837,False,0.01145226944723447,False,True,
signature_stationary_mixed_nuisance,14127,full,pre_shift,19,0.12,-0.1,-0.15,0.037999663305312084,-0.03244035128128948,-0.02854676310933262,0.1045325540482645,-0.08173133950632418,-0.13420593500270858,1.4976827260880814,7.2631489402752045,False,0.012231072000474835,False,True,
signature_stationary_mixed_nuisance,14128,full,pre_shift,19,0.12,-0.1,-0.15,0.04013675678256065,-0.036273056716770155,-0.005531027074262139,0.10315047102558177,-0.08365605555630609,-0.12553948989303637,1.6277531042953852,0.26196778231616347,False,0.11161250281048728,False,True,
signature_stationary_mixed_nuisance,14129,full,pre_shift,19,0.12,-0.1,-0.15,0.035691450916603744,-0.020159534384314202,-0.04857458237573399,0.09514744156296917,-0.08234548618827085,-0.13223440109680987,1.3069599313046214,3.8863354417787117,False,0.018971522786037864,False,True,
signature_stationary_mixed_nuisance,14130,full,pre_shift,19,0.12,-0.1,-0.15,-0.003781365882362723,-0.02176541513105734,-0.042908892634586915,0.09337025726592642,-0.08345727004031382,-0.13758913349357557,2.1174117814124402,11.126809711979067,False,0.04432286870517192,False,True,
signature_stationary_mixed_nuisance,14101,full,pre_shift,20,0.12,0.1,0.15,0.030031373478038827,0.0033313328405440708,0.009343364987199187,0.0965367154499828,0.08678925435572558,0.1328949279254621,2.280198740798592,2.2459278787922115,False,0.10705438535602356,False,True,
signature_stationary_mixed_nuisance,14102,full,pre_shift,20,0.12,0.1,0.15,0.027152068558574098,0.018357249458193926,0.033282738408992533,0.10169905639545745,0.08206691426430324,0.13473463107027323,1.763724822414356,5.760462147174541,False,0.0695019707644356,False,True,
signature_stationary_mixed_nuisance,14103,full,pre_shift,20,0.12,0.1,0.15,0.0353170595300729,0.005315090671785214,0.012647098504087717,0.09941865419072313,0.08396595949523752,0.1381444889846792,2.181674949010977,12.360474374422271,False,0.11341203081660586,False,True,
signature_stationary_mixed_nuisance,14104,full,pre_shift,20,0.12,0.1,0.15,0.04135268277707029,0.012869349691204516,0.021165535938808065,0.09668802909777524,0.08604827556643051,0.13604610746546447,1.803361196880795,8.280678292433125,False,0.007443380861500584,False,True,
signature_stationary_mixed_nuisance,14105,full,pre_shift,20,0.12,0.1,0.15,0.014050954131998276,0.01793355991072146,0.00229850671383618,0.09430747654356784,0.08674518055677362,0.12977803446704628,2.3196093919985397,9.4614764065475,False,0.0295268286086912,False,True,
signature_stationary_mixed_nuisance,14106,full,pre_shift,20,0.12,0.1,0.15,0.018870787108132156,0.033657194870390254,0.045270721081248376,0.09965314300985666,0.08913299001745852,0.1364481075810882,1.6365290822759555,2.6477816188649497,False,0.01753718050517107,False,True,
signature_stationary_mixed_nuisance,14107,full,pre_shift,20,0.12,0.1,0.15,0.019429842291392992,0.030183849228571973,0.05511084336007242,0.09809286446816459,0.08658944529370229,0.13829715682258883,1.524923679245294,6.394622528975144,False,0.08347308411209732,False,True,
signature_stationary_mixed_nuisance,14108,full,pre_shift,20,0.12,0.1,0.15,0.020682605093801387,-9.699075815195673e-05,-0.008352485705213675,0.09553821511418023,0.08368113264254017,0.13472629673111386,2.7521946535590955,16.872293143248434,False,0.011488296280547846,False,True,
signature_stationary_mixed_nuisance,14109,full,pre_shift,20,0.12,0.1,0.15,0.053254968029650435,0.03511967767868981,0.060221529896612426,0.10741149745354532,0.08354213840927975,0.13411705868659993,0.9519128671742897,3.3240673234020655,False,0.3315638546995763,False,True,
signature_stationary_mixed_nuisance,14110,full,pre_shift,20,0.12,0.1,0.15,0.029363428634834626,0.03160035392226979,0.0313039934610074,0.10209846278232168,0.08563133354470678,0.13555770337746448,1.633005776001866,6.003931103704883,False,0.027980634386373854,False,True,
signature_stationary_mixed_nuisance,14111,full,pre_shift,20,0.12,0.1,0.15,0.02663818907276378,0.01836782269701459,-0.012203695808421872,0.09552625108903712,0.08598337717158164,0.13258016841646222,2.3926528211695928,17.16153127948067,False,0.03471154190957862,False,True,
signature_stationary_mixed_nuisance,14112,full,pre_shift,20,0.12,0.1,0.15,0.032178793497665434,0.02411089686848305,0.03826252754758909,0.1021121185117527,0.08764804348951667,0.1359744680245784,1.6378905060060136,2.86558675346956,False,0.08050750703965523,False,True,
signature_stationary_mixed_nuisance,14113,full,pre_shift,20,0.12,0.1,0.15,0.022458576342163944,0.023526830054944912,0.02243857895594051,0.10302097442259059,0.08625136949659369,0.13795685951229295,2.0488805501531915,16.533301030233734,False,0.07120527294518715,False,True,
signature_stationary_mixed_nuisance,14114,full,pre_shift,20,0.12,0.1,0.15,0.03488292572394363,-0.0021960639274626785,0.021792494018869523,0.0961621923014467,0.0857432782912463,0.13325719373797057,2.1171919257134455,14.994863162697415,False,0.005080274350307781,False,True,
signature_stationary_mixed_nuisance,14115,full,pre_shift,20,0.12,0.1,0.15,0.02008319515086001,0.015512931777802585,-0.009556207947486135,0.09422746155639533,0.08535082453916155,0.13487680596917284,2.5125396002637435,15.220699280602988,False,0.031374740531993475,False,True,
signature_stationary_mixed_nuisance,14116,full,pre_shift,20,0.12,0.1,0.15,-0.008772111730919161,0.025297189813660324,0.005967794595505172,0.09888138167798396,0.08239318136990177,0.13469838936276213,2.7685019938914603,17.223259944963562,False,0.01380711739738465,False,True,
signature_stationary_mixed_nuisance,14117,full,pre_shift,20,0.12,0.1,0.15,0.000879594455064557,0.055509671495276885,-0.0036653596085231112,0.09518361246847973,0.08961781136088404,0.13826628368046334,2.4252500669575654,8.775852521958763,False,0.018658387134643708,False,True,
signature_stationary_mixed_nuisance,14118,full,pre_shift,20,0.12,0.1,0.15,-0.0053804917530553,0.02713844261599515,0.00960983754503804,0.10494229210381874,0.09121953151910604,0.13552248539078887,2.8881435997285725,23.38793492895178,False,0.03148571850418243,False,True,
signature_stationary_mixed_nuisance,14119,full,pre_shift,20,0.12,0.1,0.15,0.033793153113730504,0.0008798811599154508,0.05457301144055142,0.10169067941804277,0.08321076438040614,0.14068165307370706,1.794136770943224,6.145422699368962,False,0.03781216831054963,False,True,
signature_stationary_mixed_nuisance,14120,full,pre_shift,20,0.12,0.1,0.15,0.04126969463054835,0.02801608260171299,0.03401970785287825,0.10342784745356713,0.08906991755821728,0.1445334852221929,1.639863297073542,8.040895161696534,False,0.02755265994698771,False,True,
signature_stationary_mixed_nuisance,14121,full,pre_shift,20,0.12,0.1,0.15,0.033836948125450184,0.03016065734357973,0.03414801529270985,0.1068221175650444,0.0879510728535319,0.13745792070984822,1.6728181332470873,9.78273060097261,False,0.11493709402591674,False,True,
signature_stationary_mixed_nuisance,14122,full,pre_shift,20,0.12,0.1,0.15,0.015481595761567745,0.037899514055173035,-0.0005876271265072575,0.09437084271010769,0.08567434051090213,0.13097851126239105,2.0709298593617222,4.522043580040485,False,0.03718072351981469,False,True,
signature_stationary_mixed_nuisance,14123,full,pre_shift,20,0.12,0.1,0.15,0.013067659758682041,0.03666503298319734,0.001431915448031792,0.09510239459707726,0.08787121773094131,0.13679845258461373,2.2330285960585914,7.596463885868754,False,0.010352218802317872,False,True,
signature_stationary_mixed_nuisance,14124,full,pre_shift,20,0.12,0.1,0.15,0.0284373093415737,0.030682557656046817,0.0557994773492948,0.09868659143629001,0.08594380217526366,0.1432230826906481,1.4054326456456623,0.12677980667823996,False,0.055100986500828786,False,True,
signature_stationary_mixed_nuisance,14125,full,pre_shift,20,0.12,0.1,0.15,0.04543138322053841,0.02647350665337595,0.03492545703214106,0.10028429065718772,0.08625676182209004,0.13859249743964264,1.4390878224481825,8.000421244742851,False,0.03489686702056181,False,True,
signature_stationary_mixed_nuisance,14126,full,pre_shift,20,0.12,0.1,0.15,0.030387886009768356,0.028905001480315173,0.04931097526403223,0.10814503890103772,0.08875048631924924,0.13522082945462013,1.5805234603126124,7.178100453776449,False,0.012385501847675508,False,True,
signature_stationary_mixed_nuisance,14127,full,pre_shift,20,0.12,0.1,0.15,0.03525429564988816,0.02261330543973723,0.0016395279331568168,0.09711996659354659,0.08607931408317675,0.134771184280163,2.020689058419994,7.783837998695199,False,0.032770809348028576,False,True,
signature_stationary_mixed_nuisance,14128,full,pre_shift,20,0.12,0.1,0.15,0.01334658674789433,0.04465264335603567,0.04528495552644151,0.10011642944949152,0.08629527717632639,0.14401290861264787,1.681078193758182,0.4430459760743455,False,0.020622594590576887,False,True,
signature_stationary_mixed_nuisance,14129,full,pre_shift,20,0.12,0.1,0.15,0.024791054185942216,0.02410248909969171,0.026104016749850037,0.09965329551647273,0.08241406463536162,0.13405167566534743,1.776141147252685,4.162476589031397,False,0.03615826363613026,False,True,
signature_stationary_mixed_nuisance,14130,full,pre_shift,20,0.12,0.1,0.15,0.02729829199866537,0.004248165839633446,0.004045087138572451,0.09597739956235415,0.08153659014084792,0.1347310675657036,2.3145882583082886,11.941397970287357,False,0.038323037091436904,False,True,
signature_stationary_mixed_nuisance,14101,full,pre_shift,21,-0.2,0.0,-0.2,-0.07049396614968366,0.027383809300054785,-0.07382877186363335,-0.15578414966808804,0.009301438924257376,-0.19398231896876098,1.8092492290835613,2.555177107875773,False,0.030369190978856663,False,True,
signature_stationary_mixed_nuisance,14102,full,pre_shift,21,-0.2,0.0,-0.2,-0.10551274519551662,0.026740009509837265,-0.06983999644257816,-0.164929719149453,0.004974958186182636,-0.1957408291940505,1.4662138371700637,5.726675984344605,False,0.03581785124146914,False,True,
signature_stationary_mixed_nuisance,14103,full,pre_shift,21,-0.2,0.0,-0.2,-0.06856624302217623,0.010331635464700699,-0.018467437191172723,-0.15988080883207226,0.0037367862748637825,-0.1970266962234101,2.995438737413687,13.855913111835958,False,0.018982355905175104,False,True,
signature_stationary_mixed_nuisance,14104,full,pre_shift,21,-0.2,0.0,-0.2,-0.07921997010846085,0.017330065650521007,-0.06289680848127262,-0.16638701681446635,0.00167434969705846,-0.20225556581614085,2.1481635537057655,8.92884184613889,False,0.024796170127492495,False,True,
signature_stationary_mixed_nuisance,14105,full,pre_shift,21,-0.2,0.0,-0.2,-0.041698111124166305,0.018979350277798814,-0.04975342352696458,-0.1563432748329524,0.006363230062445484,-0.19374654405165365,2.8828295788051417,10.844305985352642,False,0.07065197205250597,False,True,
signature_stationary_mixed_nuisance,14106,full,pre_shift,21,-0.2,0.0,-0.2,-0.06796287124572165,0.024376658619250712,-0.0962808913117567,-0.16311936871326388,0.00367277997988164,-0.19683125188112835,1.763475602953978,2.9112572218189277,False,0.08946592677416612,False,True,
signature_stationary_mixed_nuisance,14107,full,pre_shift,21,-0.2,0.0,-0.2,-0.06530316963365573,0.011466421238741715,-0.052950172821697034,-0.15626562423823462,0.008203942956860815,-0.1961107332683689,2.2702278711890806,7.164850400164225,False,0.03963619269055016,False,True,
signature_stationary_mixed_nuisance,14108,full,pre_shift,21,-0.2,0.0,-0.2,-0.059770477462272695,0.021576691317070226,-0.06274996173174942,-0.15711675145666726,0.008965731960267922,-0.20067168650481096,2.338984597380905,17.71127774062934,False,0.010187061384887553,False,True,
signature_stationary_mixed_nuisance,14109,full,pre_shift,21,-0.2,0.0,-0.2,-0.051554502062995416,0.016705661004599907,-0.10382636918928735,-0.15968752371217473,0.0029764281004660705,-0.2034566862997607,2.036787494199986,3.8608548176020516,False,0.02628898360790619,False,True,
signature_stationary_mixed_nuisance,14110,full,pre_shift,21,-0.2,0.0,-0.2,-0.06618397528129527,0.021735039265467174,-0.0946406970841821,-0.16049906979372444,0.006340191459150103,-0.19895081855411959,1.7698815483444081,6.2738126520492905,False,0.01936916407191457,False,True,
signature_stationary_mixed_nuisance,14111,full,pre_shift,21,-0.2,0.0,-0.2,-0.05104736831415198,0.01370820049620684,-0.048783742183727434,-0.15521038743115695,0.008090309014903076,-0.20131408581502344,2.7524189638328913,18.41395024331356,False,0.07204886981131071,False,True,
signature_stationary_mixed_nuisance,14112,full,pre_shift,21,-0.2,0.0,-0.2,-0.09663925682226718,0.0070028737107207814,-0.0690040821222731,-0.17102695702811954,-0.00020609672510012926,-0.19850528787599492,1.712819632573815,3.0784063860433752,False,0.022956441501754292,False,True,
signature_stationary_mixed_nuisance,14113,full,pre_shift,21,-0.2,0.0,-0.2,-0.05264595691941542,-0.0010311169354928404,-0.014707227882602017,-0.1573202357949832,0.00575730157061352,-0.19427343413065182,3.331377523462392,18.364678553696127,False,0.030141426305236002,False,True,
signature_stationary_mixed_nuisance,14114,full,pre_shift,21,-0.2,0.0,-0.2,-0.047804280945623834,0.007143482589195435,-0.050810198405644234,-0.1587125414990056,0.005396874700610855,-0.20513533538117196,2.9540263650019454,16.44888952769936,False,0.024645110476226032,False,True,
signature_stationary_mixed_nuisance,14115,full,pre_shift,21,-0.2,0.0,-0.2,-0.07007447594733308,0.015405986265889163,-0.06630525067563511,-0.1560045438854835,0.006581021794620439,-0.19890144769587995,1.988941680414446,15.709640961017433,False,0.042793676079885594,False,True,
signature_stationary_mixed_nuisance,14116,full,pre_shift,21,-0.2,0.0,-0.2,-0.040101825054716274,0.03075837903881377,-0.0974946899200181,-0.1514904551835582,0.005721882704070078,-0.1950459970773475,2.1481806975494524,17.871440642513015,False,0.02937001418059896,False,True,
signature_stationary_mixed_nuisance,14117,full,pre_shift,21,-0.2,0.0,-0.2,-0.08032953978394641,0.01036423277880161,-0.09038748431308623,-0.15612086309689327,0.007552855520881067,-0.19801516781044823,1.4086704322421897,8.684522954200952,False,0.04243216398761574,False,True,
signature_stationary_mixed_nuisance,14118,full,pre_shift,21,-0.2,0.0,-0.2,-0.04789086152487262,-0.0004570472780150868,-0.04804974923197799,-0.15383144263951393,0.006179925518404728,-0.20093532004144973,2.8031487654476632,24.691083694399442,False,0.024244389209284078,False,True,
signature_stationary_mixed_nuisance,14119,full,pre_shift,21,-0.2,0.0,-0.2,-0.05435938859417308,0.008657004164414707,-0.05179586804781833,-0.1538567795343665,0.007996129397685852,-0.20275318978986165,2.605137839793668,7.250560539162629,False,0.030913824631795844,False,True,
signature_stationary_mixed_nuisance,14120,full,pre_shift,21,-0.2,0.0,-0.2,-0.061712551170924446,-0.020158281592769618,-0.007194723065127727,-0.16104598619092322,-0.005680173043287458,-0.19795925646178714,3.477780994722826,10.01867615641936,False,0.010554623299856765,False,True,
signature_stationary_mixed_nuisance,14121,full,pre_shift,21,-0.2,0.0,-0.2,-0.06431048103002301,-0.01008731866565477,-0.03162848741921043,-0.15693662365201208,0.0015497964340337705,-0.20450253004688884,2.908873455962969,11.191604056935578,False,0.040471249935440184,False,True,
signature_stationary_mixed_nuisance,14122,full,pre_shift,21,-0.2,0.0,-0.2,-0.06637298159987903,0.020032332425922256,-0.13109378461771726,-0.15654255126269778,0.00582182989727774,-0.2028556331991778,1.3154919099031626,4.337535489943647,False,0.05914513921134926,False,True,
signature_stationary_mixed_nuisance,14123,full,pre_shift,21,-0.2,0.0,-0.2,-0.06604537546743258,0.014992950712533369,-0.050617828442032,-0.1567898614255231,0.005319023744625367,-0.19540382978005658,2.305552224288182,8.402016110156936,False,0.023010793234284153,False,True,
signature_stationary_mixed_nuisance,14124,full,pre_shift,21,-0.2,0.0,-0.2,-0.08600113134249555,0.018472855870778643,-0.09378037838917011,-0.15566254051391326,0.008881704461795873,-0.20128922701789753,1.31154211547559,0.0,False,0.04109843447414353,False,True,
signature_stationary_mixed_nuisance,14125,full,pre_shift,21,-0.2,0.0,-0.2,-0.0676765641329177,-0.006197769664289892,-0.008620971517014327,-0.15404361527125596,0.006369850888798428,-0.1986637671944088,3.1702969948307835,9.670718239573635,False,0.009203579252342107,False,True,
signature_stationary_mixed_nuisance,14126,full,pre_shift,21,-0.2,0.0,-0.2,-0.07017505306059041,0.006861961172317552,-0.05971640337148599,-0.1599738972971573,0.0030133064978275547,-0.2009571767094103,2.210339835534246,7.8884402893106955,False,0.02680868942155374,False,True,
signature_stationary_mixed_nuisance,14127,full,pre_shift,21,-0.2,0.0,-0.2,-0.08390727791547985,0.014962115098482453,-0.08265484324181965,-0.15832236501790883,0.006538396916088562,-0.19966910828565376,1.5238089360962024,7.807646934791401,False,0.02775152176894132,False,True,
signature_stationary_mixed_nuisance,14128,full,pre_shift,21,-0.2,0.0,-0.2,-0.09054590435740063,0.01598186303753063,-0.07115716298449475,-0.15843886707349894,0.0036655994917040766,-0.19438251054388334,1.5151004738370821,0.4581464499114276,False,0.037545602027906175,False,True,
signature_stationary_mixed_nuisance,14129,full,pre_shift,21,-0.2,0.0,-0.2,-0.10176101495623781,0.020004745590125717,-0.09074122810971248,-0.16432144622048886,0.0006395786831630171,-0.19477974041788332,1.1853957168868996,3.8478723059182967,False,0.034494105841594666,False,True,
signature_stationary_mixed_nuisance,14130,full,pre_shift,21,-0.2,0.0,-0.2,-0.07819514926782167,0.01768102260319612,-0.08769373462409454,-0.16890724805146073,-0.005039304739755732,-0.19664439790381744,1.7837504720057222,12.22514844229308,False,0.042533867913755324,False,True,
signature_stationary_mixed_nuisance,14101,full,pre_shift,22,-0.2,0.0,0.2,-0.09651580379709186,-0.005346177685564117,0.08662172516708956,-0.15092839239706934,0.013810445585774959,0.18086066902996883,0.9546882301776921,2.009865338053465,False,0.015584957749453083,False,True,
signature_stationary_mixed_nuisance,14102,full,pre_shift,22,-0.2,0.0,0.2,-0.08883037331068552,0.009537011788513752,0.01033138679153618,-0.1537136830964471,0.00799966286529713,0.18482215376290856,2.420581941517481,6.647257925862086,False,0.020442424300398554,False,True,
signature_stationary_mixed_nuisance,14103,full,pre_shift,22,-0.2,0.0,0.2,-0.07301407233295008,-0.009387940748952902,0.07223448135963229,-0.1465727858795566,0.0071434419723524645,0.18352421809910013,1.460765967592424,13.816679079428383,False,0.017969970635135037,False,True,
signature_stationary_mixed_nuisance,14104,full,pre_shift,22,-0.2,0.0,0.2,-0.07716371983476228,0.0015310790746372299,0.06350690072885437,-0.15983453427035416,0.0005176279060079319,0.17626371828592216,1.6173201391634333,9.046161985302325,False,0.014150142163590012,False,True,
signature_stationary_mixed_nuisance,14105,full,pre_shift,22,-0.2,0.0,0.2,-0.08060977848985332,0.004992020746466907,0.08514811248991841,-0.1500275552605735,0.010007873094257352,0.18087856369011152,1.1525264309688554,10.496832416321498,False,0.05039922432899406,False,True,
signature_stationary_mixed_nuisance,14106,full,pre_shift,22,-0.2,0.0,0.2,-0.09919201566076395,-0.009515452104458217,0.06589341272182392,-0.1608581328537826,0.0038186177841734574,0.17808089479805306,1.2664309811954078,2.6776882030143354,False,0.020538635033746606,False,True,
signature_stationary_mixed_nuisance,14107,full,pre_shift,22,-0.2,0.0,0.2,-0.07327317900604706,0.00902345701648552,0.033629112003342836,-0.1495061921460393,0.012469318569058578,0.18766652829652786,2.192096961518138,7.856947361682362,False,0.05351464887503155,False,True,
signature_stationary_mixed_nuisance,14108,full,pre_shift,22,-0.2,0.0,0.2,-0.06576148840295934,-0.004461535499105092,0.036335143373153675,-0.14823128013944023,0.010054025113458136,0.18020431910804455,2.1444828835588274,18.355760624188164,False,0.02193886884959895,False,True,
signature_stationary_mixed_nuisance,14109,full,pre_shift,22,-0.2,0.0,0.2,-0.07294558309898906,-0.016015748949741806,0.047433683561422926,-0.15177720904245115,0.0025669741206899746,0.1783338823400642,1.8655815655010952,4.226436383103147,False,0.026444582607003442,False,True,
signature_stationary_mixed_nuisance,14110,full,pre_shift,22,-0.2,0.0,0.2,-0.0689270789167165,0.0030729638424568605,0.028367448231107144,-0.15557464867882656,0.006849161773471157,0.18270722775870396,2.4007534389402463,7.174566090989536,False,0.028104176892209478,False,True,
signature_stationary_mixed_nuisance,14111,full,pre_shift,22,-0.2,0.0,0.2,-0.061345534650654635,0.0018822871799946113,0.0005870133923725429,-0.15304971105799936,0.00939324584495332,0.178993823512651,3.0188943511237376,19.9328445944373,False,0.045506807421949486,False,True,
signature_stationary_mixed_nuisance,14112,full,pre_shift,22,-0.2,0.0,0.2,-0.0814681183591896,-0.0019098642068240024,0.04382298612245729,-0.16303612600518608,-0.0005977677691261826,0.18554492732874636,2.058751059199395,3.6371574452427704,False,0.04298515221826674,False,True,
signature_stationary_mixed_nuisance,14113,full,pre_shift,22,-0.2,0.0,0.2,-0.073425656197018,-0.011873657315464078,0.04978605695191555,-0.1475542483058394,0.008728831767241194,0.18301453443662888,1.8268855408556341,18.69156409455176,False,0.02872762965309604,False,True,
signature_stationary_mixed_nuisance,14114,full,pre_shift,22,-0.2,0.0,0.2,-0.0718456121121892,-0.0007938626991902226,0.023712978660202385,-0.15944176443114136,0.007973443996065687,0.17286617861985715,2.329643440395799,17.27853296809516,False,0.017676925133871972,False,True,
signature_stationary_mixed_nuisance,14115,full,pre_shift,22,-0.2,0.0,0.2,-0.06768190455993392,0.008135510957795768,0.025027072323335096,-0.1454557255094214,0.010848969361310036,0.183055713139892,2.297728536549645,16.507369497567076,False,0.02486931608133784,False,True,
signature_stationary_mixed_nuisance,14116,full,pre_shift,22,-0.2,0.0,0.2,-0.051549710055432345,0.012105537354147386,0.010845173077503144,-0.1450457733355246,0.009934296816546546,0.18542856353256876,2.967625314271762,19.339065956784776,False,0.018859177259946847,False,True,
signature_stationary_mixed_nuisance,14117,full,pre_shift,22,-0.2,0.0,0.2,-0.07202821511266227,0.009154062600148024,0.03528687778915194,-0.1469878171887472,0.009377999972971063,0.18838032271333333,2.149260733324249,9.333783687525202,False,0.053329291477646576,False,True,
signature_stationary_mixed_nuisance,14118,full,pre_shift,22,-0.2,0.0,0.2,-0.036140745944491806,-0.0021576565518011998,0.01392956433801516,-0.14518616927022687,0.008226661530139939,0.1839449094381349,3.2609663306516925,26.452050025051136,False,0.022637181904586166,False,True,
signature_stationary_mixed_nuisance,14119,full,pre_shift,22,-0.2,0.0,0.2,-0.07980546827454953,-0.007223451749802079,0.07424530562215313,-0.14577356000923117,0.011099207347033185,0.18035314284143616,1.2713529336014735,7.021913472764103,False,0.032666291205872985,False,True,
signature_stationary_mixed_nuisance,14120,full,pre_shift,22,-0.2,0.0,0.2,-0.09174071516461557,-0.012678881775235441,0.07151089852625593,-0.15886926374085164,-0.0025793897880106334,0.18947351421375014,1.426099777669787,9.944775934089147,False,0.037603515967548226,False,True,
signature_stationary_mixed_nuisance,14121,full,pre_shift,22,-0.2,0.0,0.2,-0.06863343340924381,-0.022166129773858213,0.04058717527234929,-0.14601704180170347,0.002536107580087891,0.1775983139739323,1.9734740310298131,11.66507808796539,False,0.02669001658984959,False,True,
signature_stationary_mixed_nuisance,14122,full,pre_shift,22,-0.2,0.0,0.2,-0.0808870539421845,0.007741958518093616,0.010864533909191074,-0.1544917412183027,0.007855956784119607,0.17859408714479189,2.4196315490896114,5.257167039033259,False,0.026440123194444203,False,True,
signature_stationary_mixed_nuisance,14123,full,pre_shift,22,-0.2,0.0,0.2,-0.09626201234519581,-0.013325135218174728,0.08493448019987694,-0.15057625446564973,0.008450829151036598,0.18314860303885647,1.0166714979559364,7.918687608112872,False,0.02845757254795932,False,True,
signature_stationary_mixed_nuisance,14124,full,pre_shift,22,-0.2,0.0,0.2,-0.0911703391472223,0.01195922995464885,0.0376611494762864,-0.14799020327892579,0.011433539146480627,0.18751419832566185,1.7996136704986474,0.2996136704986474,False,0.0202757594237517,False,True,
signature_stationary_mixed_nuisance,14125,full,pre_shift,22,-0.2,0.0,0.2,-0.08820156866859433,-0.01061486911331929,0.06590207263749648,-0.1475364566624748,0.009044710591276026,0.18479652739828784,1.358490857728255,9.529209097301889,False,0.027844021806296818,False,True,
signature_stationary_mixed_nuisance,14126,full,pre_shift,22,-0.2,0.0,0.2,-0.08126013263312178,-0.017411058214309157,0.042256069212344684,-0.15198475942944628,0.002522489361977254,0.18063942887482975,1.853396586469488,8.241836875780184,False,0.019651226425352147,False,True,
signature_stationary_mixed_nuisance,14127,full,pre_shift,22,-0.2,0.0,0.2,-0.08383213499346041,0.010094915150823525,0.011909914380324757,-0.15419517336940217,0.008403597553887244,0.18264318968008986,2.4276428025273815,8.735289737318782,False,0.009482373288366465,False,True,
signature_stationary_mixed_nuisance,14128,full,pre_shift,22,-0.2,0.0,0.2,-0.08945421889802291,-0.005143934572992759,0.08968385211457078,-0.14577943142915226,0.00759528431258791,0.19518719650278868,1.0947567672571197,0.05290321716854729,False,0.0257094082399223,False,True,
signature_stationary_mixed_nuisance,14129,full,pre_shift,22,-0.2,0.0,0.2,-0.07410986812139131,0.0002872886914780924,0.02948041025270174,-0.15675865145113418,0.0016850071803107386,0.18561586030899044,2.3535523890228043,4.701424694941101,False,0.0747217377931447,False,True,
signature_stationary_mixed_nuisance,14130,full,pre_shift,22,-0.2,0.0,0.2,-0.05991986324484416,-0.005987342494973739,0.05933787878435769,-0.1596356635146211,-0.0038349856442696714,0.18340355009932863,2.160991532240883,12.886139974533963,False,0.0482469762182542,False,True,
signature_stationary_mixed_nuisance,14101,full,pre_shift,23,0.12,-0.1,-0.15,0.03187140547702559,-0.02500240693751557,-0.047258058830040424,0.10191896781900286,-0.07496100672907977,-0.13169473677533797,1.3152398430796999,1.8251051811331647,False,0.04453320160510707,False,True,
signature_stationary_mixed_nuisance,14102,full,pre_shift,23,0.12,-0.1,-0.15,0.03938417492204763,-0.03002352397821707,-0.014813193164401484,0.09875293702345549,-0.0836685614298502,-0.1311685474858006,1.5926085601316373,6.739866485993724,False,0.05169624322102995,False,True,
signature_stationary_mixed_nuisance,14103,full,pre_shift,23,0.12,-0.1,-0.15,0.009529166622706376,-0.025642601967321186,-0.02631010942410096,0.09745835183661142,-0.08452780083712202,-0.1305522001613928,1.9950039761612814,14.311683055589665,False,0.06550312309161142,False,True,
signature_stationary_mixed_nuisance,14104,full,pre_shift,23,0.12,-0.1,-0.15,0.006695020569249193,-0.03226448843688731,-0.024934405140178684,0.09952615936510273,-0.08409316531230875,-0.13650939913630983,2.1031414861438162,9.64930347144614,False,0.03017995960096935,False,True,
signature_stationary_mixed_nuisance,14105,full,pre_shift,23,0.12,-0.1,-0.15,0.011319531426431991,-0.022189989871985626,-0.0518444046581855,0.10106249871996405,-0.08497835356242069,-0.1368420231212502,1.8490716415007806,10.845904057822278,False,0.1637911799786509,False,True,
signature_stationary_mixed_nuisance,14106,full,pre_shift,23,0.12,-0.1,-0.15,0.05917010015869614,-0.03239117830680371,-0.0017167601139251169,0.10893445549665742,-0.08082263561737195,-0.13248634726065175,1.619800792713768,2.7974889957281035,False,0.030100470954745207,False,True,
signature_stationary_mixed_nuisance,14107,full,pre_shift,23,0.12,-0.1,-0.15,0.02354180971583152,-0.036145499570965724,-0.039982283211315285,0.10453120724424854,-0.08189643905664735,-0.13142390912871338,1.5391536900204745,7.8961010517028365,False,0.05645087474492235,False,True,
signature_stationary_mixed_nuisance,14108,full,pre_shift,23,0.12,-0.1,-0.15,0.005685065415256117,-0.030349396293959593,-0.03656989013086999,0.09817812818452362,-0.08298153160727101,-0.13637488132740885,1.953351297162693,18.80911192135086,False,0.03257652180774078,False,True,
signature_stationary_mixed_nuisance,14109,full,pre_shift,23,0.12,-0.1,-0.15,0.0640684187778269,-0.02309321595564891,-0.06578687793394486,0.10854315024626512,-0.08679731637564858,-0.1334406157107944,0.9908008841007856,3.7172372672039327,False,0.21635827997144444,False,True,
signature_stationary_mixed_nuisance,14110,full,pre_shift,23,0.12,-0.1,-0.15,0.02665380892563673,-0.03248024738874028,-0.05526624060691304,0.10111565632431636,-0.08908109588258628,-0.13680739378686319,1.4397358481575973,7.114301939147134,False,0.034450538967108466,False,True,
signature_stationary_mixed_nuisance,14111,full,pre_shift,23,0.12,-0.1,-0.15,0.026768265507313496,-0.029764009248862196,-0.0357901787552023,0.1051951626750971,-0.07864560798412862,-0.1360495086651595,1.6304114538822319,20.06325604831953,False,0.05878533247214098,False,True,
signature_stationary_mixed_nuisance,14112,full,pre_shift,23,0.12,-0.1,-0.15,0.037904003242082686,-0.023515377335139236,-0.045621442287741835,0.09875155073216683,-0.08091699339036927,-0.13300318795873214,1.294303816737971,3.4314612619807416,False,0.05606677265218782,False,True,
signature_stationary_mixed_nuisance,14113,full,pre_shift,23,0.12,-0.1,-0.15,0.04468778522273485,-0.022453000061027947,0.029140380914132694,0.11108426753554909,-0.08190126736926069,-0.1330050072536116,2.5648470800065146,19.756411174558277,False,0.09762948235183,False,True,
signature_stationary_mixed_nuisance,14114,full,pre_shift,23,0.12,-0.1,-0.15,0.03497580457265932,-0.02598504484191203,-0.0541063566159999,0.10382988737531454,-0.08771342513675788,-0.13219248121599023,1.3843688028769352,17.162901770972095,False,0.01659146545960786,False,True,
signature_stationary_mixed_nuisance,14115,full,pre_shift,23,0.12,-0.1,-0.15,0.0071824795206087925,-0.02860182562544407,-0.020499521576485172,0.09783504093646067,-0.08164902019002249,-0.13207405161347457,2.073187180895833,17.08055667846291,False,0.013628786628767044,False,True,
signature_stationary_mixed_nuisance,14116,full,pre_shift,23,0.12,-0.1,-0.15,0.0367754512532893,-0.03120799381800232,-0.024519252856256342,0.10270209244861006,-0.0886935756113063,-0.12988030198688374,1.5915932256166796,19.430659182401456,False,0.01452684468537686,False,True,
signature_stationary_mixed_nuisance,14117,full,pre_shift,23,0.12,-0.1,-0.15,0.014275677792038213,-0.03918464189664804,-0.04088523636411572,0.10169932496162387,-0.08198239249525456,-0.13576495148002884,1.6740577396959317,9.507841427221134,False,0.007477859919472625,False,True,
signature_stationary_mixed_nuisance,14118,full,pre_shift,23,0.12,-0.1,-0.15,0.03825563358350767,-0.030041796274162747,-0.021267486916232824,0.10425039776669319,-0.07570001847101179,-0.1337465192879623,1.541441431220288,26.493491456271425,False,0.2092706176843608,False,True,
signature_stationary_mixed_nuisance,14119,full,pre_shift,23,0.12,-0.1,-0.15,0.023292269293689785,-0.03006068437686311,-0.05001970822618414,0.10173838207796075,-0.08131950023142191,-0.1272563200113511,1.404638973198028,6.926552445962131,False,0.03104909460027436,False,True,
signature_stationary_mixed_nuisance,14120,full,pre_shift,23,0.12,-0.1,-0.15,0.06732569216547314,-0.03562381593964581,-0.023874742194279028,0.11127696905904445,-0.08872358735734676,-0.12335564769337434,1.1702302029525617,9.615006137041709,False,0.1102703081844929,False,True,
signature_stationary_mixed_nuisance,14121,full,pre_shift,23,0.12,-0.1,-0.15,0.04015609127446712,-0.036359101860073156,-0.03461399036659751,0.1071195575466967,-0.07740960144815569,-0.13508862014239056,1.351287236001786,11.516365323967177,False,0.0702666136460971,False,True,
signature_stationary_mixed_nuisance,14122,full,pre_shift,23,0.12,-0.1,-0.15,0.04518555576041389,-0.0350996912200399,-0.050729859268344626,0.10641635189452638,-0.08019204415537194,-0.1346700729462934,1.1147923924462675,4.871959431479526,False,0.04784913264488636,False,True,
signature_stationary_mixed_nuisance,14123,full,pre_shift,23,0.12,-0.1,-0.15,0.007829054448830556,-0.0380414327232325,-0.02303300292722271,0.1027750203923514,-0.0803910013640029,-0.13623790046869869,2.0702780405994177,8.48896564871229,False,0.14910110559889966,False,True,
signature_stationary_mixed_nuisance,14124,full,pre_shift,23,0.12,-0.1,-0.15,0.048702046348891415,-0.031249903473599662,-0.015843385966908645,0.10401375596832686,-0.08181646628439285,-0.12735694313880505,1.434493327462982,0.23410699796162948,False,0.09487299631948856,False,True,
signature_stationary_mixed_nuisance,14125,full,pre_shift,23,0.12,-0.1,-0.15,0.04667022561633517,-0.02951571823518063,-0.030813965773750878,0.11063079526808119,-0.08531186066651913,-0.13147821681273109,1.4740328952719386,9.503241992573827,False,0.03765041940244551,False,True,
signature_stationary_mixed_nuisance,14126,full,pre_shift,23,0.12,-0.1,-0.15,0.05839865871516239,-0.021479635194641376,-5.685971039079734e-05,0.10793386142911855,-0.07856880065191042,-0.14014441299631109,1.8875322565986652,8.629369132378848,False,0.07319024531025776,False,True,
signature_stationary_mixed_nuisance,14127,full,pre_shift,23,0.12,-0.1,-0.15,0.03939594730076198,-0.03198567422452799,-0.026694885896855706,0.1045325540482645,-0.08173133950632418,-0.13420593500270858,1.5076253639877322,8.742915101306513,False,0.017706729219860384,False,True,
signature_stationary_mixed_nuisance,14128,full,pre_shift,23,0.12,-0.1,-0.15,0.040832777497608795,-0.03500389737815567,-0.0062723407679294,0.10315047102558177,-0.08365605555630609,-0.12553948989303637,1.6207109021165274,0.17361411928507464,False,0.10071481812448277,False,True,
signature_stationary_mixed_nuisance,14129,full,pre_shift,23,0.12,-0.1,-0.15,0.0368454916899941,-0.023208861349328123,-0.04410846100331813,0.09514744156296917,-0.08234548618827085,-0.13223440109680987,1.295141817053864,4.496566511994965,False,0.037871011585591856,False,True,
signature_stationary_mixed_nuisance,14130,full,pre_shift,23,0.12,-0.1,-0.15,-0.002202995475652722,-0.01494738337406108,-0.053164290741089866,0.09337025726592642,-0.08345727004031382,-0.13758913349357557,2.0716137428848653,13.457753717418829,False,0.06377309517845174,False,True,
signature_stationary_mixed_nuisance,14101,full,pre_shift,24,0.12,0.1,0.15,0.028050428686256033,0.005222423239559716,0.008787327502742932,0.0965367154499828,0.08678925435572558,0.1328949279254621,2.2839760391388215,2.609081220271986,False,0.10273537029553519,False,True,
signature_stationary_mixed_nuisance,14102,full,pre_shift,24,0.12,0.1,0.15,0.030264153139682462,0.018091019778822683,0.01833590439084905,0.10169905639545745,0.08206691426430324,0.13473463107027323,1.9191162930307835,7.158982779024507,False,0.01918465484002656,False,True,
signature_stationary_mixed_nuisance,14103,full,pre_shift,24,0.12,0.1,0.15,0.03616538646620077,0.002998300155072192,0.018609037201815018,0.09941865419072313,0.08396595949523752,0.1381444889846792,2.123276361922927,14.93495941751259,False,0.07793633460303778,False,True,
signature_stationary_mixed_nuisance,14104,full,pre_shift,24,0.12,0.1,0.15,0.04026667448489362,0.012668488460086974,0.0258719992762195,0.09668802909777524,0.08604827556643051,0.13604610746546447,1.7559126153204978,9.905216086766638,False,0.020990364330546362,False,True,
signature_stationary_mixed_nuisance,14105,full,pre_shift,24,0.12,0.1,0.15,0.013616786881773042,0.019263416129980226,-0.0029745437522734116,0.09430747654356784,0.08674518055677362,0.12977803446704628,2.3921064686532705,11.738010526475549,False,0.0567937302429436,False,True,
signature_stationary_mixed_nuisance,14106,full,pre_shift,24,0.12,0.1,0.15,0.019772151574263555,0.032341076096410785,0.04670794044502616,0.09965314300985666,0.08913299001745852,0.1364481075810882,1.6213413168109254,2.918830312539029,False,0.011376602059205371,False,True,
signature_stationary_mixed_nuisance,14107,full,pre_shift,24,0.12,0.1,0.15,0.019961468871538532,0.03351709306557666,0.05664528437580068,0.09809286446816459,0.08658944529370229,0.13829715682258883,1.4563681199388123,7.852469171641649,False,0.08667383537503955,False,True,
signature_stationary_mixed_nuisance,14108,full,pre_shift,24,0.12,0.1,0.15,0.01942476977745798,-0.0004290616053925264,-0.004778581799370233,0.09553821511418023,0.08368113264254017,0.13472629673111386,2.7181415710478096,20.027253492398668,False,0.01816551277559086,False,True,
signature_stationary_mixed_nuisance,14109,full,pre_shift,24,0.12,0.1,0.15,0.04748168449027506,0.03929051549304466,0.06350676376413032,0.10741149745354532,0.08354213840927975,0.13411705868659993,0.9540625354756975,3.17129980267963,False,0.3615691595438236,False,True,
signature_stationary_mixed_nuisance,14110,full,pre_shift,24,0.12,0.1,0.15,0.027071778189776366,0.02992241711900768,0.035113957202993144,0.10209846278232168,0.08563133354470678,0.13555770337746448,1.6451215864539357,7.259423525601069,False,0.01540618549943445,False,True,
signature_stationary_mixed_nuisance,14111,full,pre_shift,24,0.12,0.1,0.15,0.026668212037249513,0.018872105450968648,-0.0193941662576205,0.09552625108903712,0.08598337717158164,0.13258016841646222,2.516456435876716,21.079712484196246,False,0.019846639138906094,False,True,
signature_stationary_mixed_nuisance,14112,full,pre_shift,24,0.12,0.1,0.15,0.030311817642721856,0.02164684368485964,0.052048039441967335,0.1021121185117527,0.08764804348951667,0.1359744680245784,1.5499915987080246,3.4814528606887665,False,0.003225328135535291,False,True,
signature_stationary_mixed_nuisance,14113,full,pre_shift,24,0.12,0.1,0.15,0.02043180384175356,0.02208186143504133,0.0287278821184908,0.10302097442259059,0.08625136949659369,0.13795685951229295,2.021053048900279,20.277464223458555,False,0.035294938319287025,False,True,
signature_stationary_mixed_nuisance,14114,full,pre_shift,24,0.12,0.1,0.15,0.034268302967327614,-0.002481312123826445,0.008965635986087154,0.0961621923014467,0.0857432782912463,0.13325719373797057,2.3186738609461544,17.98157563191825,False,0.06756523756749794,False,True,
signature_stationary_mixed_nuisance,14115,full,pre_shift,24,0.12,0.1,0.15,0.019680682117386245,0.015749826285719422,-0.012560126889513475,0.09422746155639533,0.08535082453916155,0.13487680596917284,2.5704865678726816,18.15104324633559,False,0.04728628001304177,False,True,
signature_stationary_mixed_nuisance,14116,full,pre_shift,24,0.12,0.1,0.15,-0.010141598613147075,0.022692934967450732,0.005335581479737341,0.09888138167798396,0.08239318136990177,0.13469838936276213,2.8494191223904584,20.780078304791914,False,0.04743780892220866,False,True,
signature_stationary_mixed_nuisance,14117,full,pre_shift,24,0.12,0.1,0.15,0.00023195364297734782,0.05351853358377597,-0.006898012306120514,0.09518361246847973,0.08961781136088404,0.13826628368046334,2.5135932263847693,10.521434653605903,False,0.034418814657891796,False,True,
signature_stationary_mixed_nuisance,14118,full,pre_shift,24,0.12,0.1,0.15,-0.0067315117995308555,0.028964926169814588,0.010777917655597805,0.10494229210381874,0.09121953151910604,0.13552248539078887,2.878291201721712,27.871782657993137,False,0.0264783814532093,False,True,
signature_stationary_mixed_nuisance,14119,full,pre_shift,24,0.12,0.1,0.15,0.04254858998564502,0.0035747869791937716,0.03945367635307999,0.10169067941804277,0.08321076438040614,0.14068165307370706,1.789325963559387,7.215878409521518,False,0.10699844498479859,False,True,
signature_stationary_mixed_nuisance,14120,full,pre_shift,24,0.12,0.1,0.15,0.05526704100401209,0.029766559500732398,0.037715170707353585,0.10342784745356713,0.08906991755821728,0.1445334852221929,1.3847554846682646,9.499761621709974,False,0.08793566686425514,False,True,
signature_stationary_mixed_nuisance,14121,full,pre_shift,24,0.12,0.1,0.15,0.033158841434203695,0.02887144170480781,0.03990948369914267,0.1068221175650444,0.0879510728535319,0.13745792070984822,1.6332606040434656,11.649625928010643,False,0.11690426300794911,False,True,
signature_stationary_mixed_nuisance,14122,full,pre_shift,24,0.12,0.1,0.15,0.015421287957164138,0.0362051390991846,-0.0013778234468375598,0.09437084271010769,0.08567434051090213,0.13097851126239105,2.1047989693155986,5.476758400795125,False,0.032353648904552605,False,True,
signature_stationary_mixed_nuisance,14123,full,pre_shift,24,0.12,0.1,0.15,0.013279176270093009,0.037389407504292524,0.0010121738339911974,0.09510239459707726,0.08787121773094131,0.13679845258461373,2.227122212043421,9.21608786075571,False,0.019580894970552577,False,True,
signature_stationary_mixed_nuisance,14124,full,pre_shift,24,0.12,0.1,0.15,0.029416892578754166,0.029818805326525484,0.04714313607991804,0.09868659143629001,0.08594380217526366,0.1432230826906481,1.5030143474832487,0.23712134544487817,False,0.05468919582700844,False,True,
signature_stationary_mixed_nuisance,14125,full,pre_shift,24,0.12,0.1,0.15,0.04652876357436006,0.02988548239152785,0.03045729795639472,0.10028429065718772,0.08625676182209004,0.13859249743964264,1.4367426781592663,9.439984670733093,False,0.023202444867601573,False,True,
signature_stationary_mixed_nuisance,14126,full,pre_shift,24,0.12,0.1,0.15,0.029532744454178972,0.028410553849539614,0.04901395582869827,0.10814503890103772,0.08875048631924924,0.13522082945462013,1.605135458370758,8.734504590749605,False,0.012398181395877025,False,True,
signature_stationary_mixed_nuisance,14127,full,pre_shift,24,0.12,0.1,0.15,0.03368800940125511,0.02105142695247447,0.0042599442446645585,0.09711996659354659,0.08607931408317675,0.134771184280163,2.024198860209943,9.267113961516456,False,0.01595501566001594,False,True,
signature_stationary_mixed_nuisance,14128,full,pre_shift,24,0.12,0.1,0.15,0.01219998751818004,0.04648217607338375,0.04606033799918847,0.10011642944949152,0.08629527717632639,0.14401290861264787,1.6780974447698747,0.3517115640549493,False,0.014756237276605976,False,True,
signature_stationary_mixed_nuisance,14129,full,pre_shift,24,0.12,0.1,0.15,0.026401646899435416,0.021375939990922598,0.03246810333307245,0.09965329551647273,0.08241406463536162,0.13405167566534743,1.7044956577879267,4.701062169782892,False,0.021150841774276636,False,True,
signature_stationary_mixed_nuisance,14130,full,pre_shift,24,0.12,0.1,0.15,0.024758783330916256,0.001166592954404263,0.007038461936410271,0.09597739956235415,0.08153659014084792,0.1347310675657036,2.364888823061133,14.322642540479961,False,0.014446706968101982,False,True,
signature_stationary_mixed_nuisance,14101,full,pre_shift,25,-0.2,0.0,-0.2,-0.06928263218431957,0.02431496611688243,-0.07483473326231564,-0.15578414966808804,0.009301438924257376,-0.19398231896876098,1.8069971739678146,2.9160783942398005,False,0.03227786856830948,False,True,
signature_stationary_mixed_nuisance,14102,full,pre_shift,25,-0.2,0.0,-0.2,-0.10584917277284868,0.02415145557314808,-0.07547536769742524,-0.164929719149453,0.004974958186182636,-0.1957408291940505,1.3610865550984725,7.020069334122979,False,0.010053859335041685,False,True,
signature_stationary_mixed_nuisance,14103,full,pre_shift,25,-0.2,0.0,-0.2,-0.06941319007061925,0.011101647462659181,-0.02242933508595657,-0.15988080883207226,0.0037367862748637825,-0.1970266962234101,2.889780012324543,16.324739429837134,False,0.01974559439883304,False,True,
signature_stationary_mixed_nuisance,14104,full,pre_shift,25,-0.2,0.0,-0.2,-0.07877339611114546,0.017462824876291312,-0.062082275076356365,-0.16638701681446635,0.00167434969705846,-0.20225556581614085,2.173036525519959,10.578252612286597,False,0.02189798846155832,False,True,
signature_stationary_mixed_nuisance,14105,full,pre_shift,25,-0.2,0.0,-0.2,-0.04420570203577185,0.012753347492952342,-0.047363146725313526,-0.1563432748329524,0.006363230062445484,-0.19374654405165365,2.8434717202914928,13.081482246767042,False,0.02433263291621265,False,True,
signature_stationary_mixed_nuisance,14106,full,pre_shift,25,-0.2,0.0,-0.2,-0.0699385152950478,0.023210754526053774,-0.08801690424169807,-0.16311936871326388,0.00367277997988164,-0.19683125188112835,1.821679942788105,3.240510255327134,False,0.05368584494118342,False,True,
signature_stationary_mixed_nuisance,14107,full,pre_shift,25,-0.2,0.0,-0.2,-0.06798497894079164,0.011742829051930727,-0.048932648759146415,-0.15626562423823462,0.008203942956860815,-0.1961107332683689,2.2861791948637222,8.638648366505372,False,0.017675893798405905,False,True,
signature_stationary_mixed_nuisance,14108,full,pre_shift,25,-0.2,0.0,-0.2,-0.058664075170659045,0.02051424684506724,-0.06004238941168777,-0.15711675145666726,0.008965731960267922,-0.20067168650481096,2.4084354592999286,20.935688951698594,False,0.01190401451788033,False,True,
signature_stationary_mixed_nuisance,14109,full,pre_shift,25,-0.2,0.0,-0.2,-0.050190118551347064,0.014883204598711477,-0.1032637089471325,-0.15968752371217473,0.0029764281004660705,-0.2034566862997607,2.073608049772068,3.744907852451698,False,0.04039369546426828,False,True,
signature_stationary_mixed_nuisance,14110,full,pre_shift,25,-0.2,0.0,-0.2,-0.06811517017392446,0.02242877220001361,-0.09620303002671057,-0.16049906979372444,0.006340191459150103,-0.19895081855411959,1.7080589161411952,7.4674824417422645,False,0.018434356920011233,False,True,
signature_stationary_mixed_nuisance,14111,full,pre_shift,25,-0.2,0.0,-0.2,-0.04916496926162675,0.011507558206933662,-0.05413568449756112,-0.15521038743115695,0.008090309014903076,-0.20131408581502344,2.696850183150493,22.276562667346738,False,0.057792592046223105,False,True,
signature_stationary_mixed_nuisance,14112,full,pre_shift,25,-0.2,0.0,-0.2,-0.09798503370648332,0.009091876351991851,-0.06883097352232767,-0.17102695702811954,-0.00020609672510012926,-0.19850528787599492,1.6940411855407147,3.675494046229481,False,0.015642200564632287,False,True,
signature_stationary_mixed_nuisance,14113,full,pre_shift,25,-0.2,0.0,-0.2,-0.052995154868054756,0.0010899818616663028,-0.017608189728012945,-0.1573202357949832,0.00575730157061352,-0.19427343413065182,3.254544889527418,22.032009112985975,False,0.01681096285229947,False,True,
signature_stationary_mixed_nuisance,14114,full,pre_shift,25,-0.2,0.0,-0.2,-0.045984823562362005,0.005775183590130933,-0.05092623901718663,-0.1587125414990056,0.005396874700610855,-0.20513533538117196,3.001395015193564,19.482970647111813,False,0.01940124718635508,False,True,
signature_stationary_mixed_nuisance,14115,full,pre_shift,25,-0.2,0.0,-0.2,-0.06887465112332447,0.013201811413383325,-0.05918742594615197,-0.1560045438854835,0.006581021794620439,-0.19890144769587995,2.130742524494048,18.781785770829636,False,0.04352983255525707,False,True,
signature_stationary_mixed_nuisance,14116,full,pre_shift,25,-0.2,0.0,-0.2,-0.04126875090027269,0.030003365659276082,-0.0969804322200052,-0.1514904551835582,0.005721882704070078,-0.1950459970773475,2.1195528111793913,21.399631115971307,False,0.01831241660379056,False,True,
signature_stationary_mixed_nuisance,14117,full,pre_shift,25,-0.2,0.0,-0.2,-0.07747452839677854,0.01024676001385011,-0.09501271936897886,-0.15612086309689327,0.007552855520881067,-0.19801516781044823,1.4013442193213141,10.422778872927218,False,0.016147422010238142,False,True,
signature_stationary_mixed_nuisance,14118,full,pre_shift,25,-0.2,0.0,-0.2,-0.04742220606730973,-0.0004564423118396418,-0.047681173400278776,-0.15383144263951393,0.006179925518404728,-0.20093532004144973,2.822841282210126,29.194623940203265,False,0.026136760014965947,False,True,
signature_stationary_mixed_nuisance,14119,full,pre_shift,25,-0.2,0.0,-0.2,-0.05584554595092769,0.007345983304774606,-0.04972229683847329,-0.1538567795343665,0.007996129397685852,-0.20275318978986165,2.6100223405280403,8.32590075004956,False,0.01076964176004928,False,True,
signature_stationary_mixed_nuisance,14120,full,pre_shift,25,-0.2,0.0,-0.2,-0.0634602821249661,-0.017959798674315897,-0.0032177159551895216,-0.16104598619092322,-0.005680173043287458,-0.19795925646178714,3.5253314784031526,11.525093100113127,False,0.02920063856732423,False,True,
signature_stationary_mixed_nuisance,14121,full,pre_shift,25,-0.2,0.0,-0.2,-0.06328509044180058,-0.010251776539817063,-0.0291235330223257,-0.15693662365201208,0.0015497964340337705,-0.20450253004688884,2.9873178536608225,13.136943781671466,False,0.03583962337736431,False,True,
signature_stationary_mixed_nuisance,14122,full,pre_shift,25,-0.2,0.0,-0.2,-0.06807724939947321,0.015822205689542863,-0.13455760553369903,-0.15654255126269778,0.00582182989727774,-0.2028556331991778,1.236785124324722,5.213543525119848,False,0.06058703140704602,False,True,
signature_stationary_mixed_nuisance,14123,full,pre_shift,25,-0.2,0.0,-0.2,-0.06522782032794794,0.0156723958946071,-0.051683858584796696,-0.1567898614255231,0.005319023744625367,-0.19540382978005658,2.3054317660209143,10.021519626776625,False,0.014511950029933529,False,True,
signature_stationary_mixed_nuisance,14124,full,pre_shift,25,-0.2,0.0,-0.2,-0.08780623308209602,0.02094914407883542,-0.0947824919152682,-0.15566254051391326,0.008881704461795873,-0.20128922701789753,1.275414745699201,0.012536091144079275,False,0.02294521088935338,False,True,
signature_stationary_mixed_nuisance,14125,full,pre_shift,25,-0.2,0.0,-0.2,-0.06681356141338794,-0.006241251518949132,-0.008687974980817212,-0.15404361527125596,0.006369850888798428,-0.1986637671944088,3.186466877144946,11.12645154787804,False,0.0072176838302685726,False,True,
signature_stationary_mixed_nuisance,14126,full,pre_shift,25,-0.2,0.0,-0.2,-0.06862325718742186,0.00810362713481384,-0.06049498783355793,-0.1599738972971573,0.0030133064978275547,-0.2009571767094103,2.2306112030301386,9.465115793779743,False,0.010454931584785596,False,True,
signature_stationary_mixed_nuisance,14127,full,pre_shift,25,-0.2,0.0,-0.2,-0.082109074951827,0.015698117348806172,-0.08187711745649669,-0.15832236501790883,0.006538396916088562,-0.19966910828565376,1.569164246727598,9.336278208244053,False,0.016057647350267504,False,True,
signature_stationary_mixed_nuisance,14128,full,pre_shift,25,-0.2,0.0,-0.2,-0.09217923581465975,0.014459938064551257,-0.06730876620463319,-0.15843886707349894,0.0036655994917040766,-0.19438251054388334,1.5453723014429148,0.3970838654978641,False,0.02024654076294566,False,True,
signature_stationary_mixed_nuisance,14129,full,pre_shift,25,-0.2,0.0,-0.2,-0.09921140715370894,0.020089961324791673,-0.08869858154264856,-0.16432144622048886,0.0006395786831630171,-0.19477974041788332,1.251761483880142,4.452823653663034,False,0.02624523178515619,False,True,
signature_stationary_mixed_nuisance,14130,full,pre_shift,25,-0.2,0.0,-0.2,-0.07926973490744853,0.016522834397517006,-0.08264715250274346,-0.16890724805146073,-0.005039304739755732,-0.19664439790381744,1.824528304044173,14.647170844524135,False,0.04823934708085379,False,True,
signature_stationary_mixed_nuisance,14101,full,pre_shift,26,-0.2,0.0,0.2,-0.09830995793478407,-0.009247643798659517,0.0938141242934943,-0.15092839239706934,0.013810445585774959,0.18086066902996883,0.8695872368699571,2.2856656311097576,False,0.05370205962464588,False,True,
signature_stationary_mixed_nuisance,14102,full,pre_shift,26,-0.2,0.0,0.2,-0.08877584939924887,0.008738189394893162,0.01168765241783877,-0.1537136830964471,0.00799966286529713,0.18482215376290856,2.3916731549981525,7.911742489121131,False,0.03212481399148123,False,True,
signature_stationary_mixed_nuisance,14103,full,pre_shift,26,-0.2,0.0,0.2,-0.0769835712041652,-0.013051146304486142,0.07179617054316778,-0.1465727858795566,0.0071434419723524645,0.18352421809910013,1.4153574717120039,16.240096901549137,False,0.04092067136481982,False,True,
signature_stationary_mixed_nuisance,14104,full,pre_shift,26,-0.2,0.0,0.2,-0.07464423487947501,0.0023990350230325133,0.06173032738531061,-0.15983453427035416,0.0005176279060079319,0.17626371828592216,1.6942567495208065,10.772509361807405,False,0.03266616646459328,False,True,
signature_stationary_mixed_nuisance,14105,full,pre_shift,26,-0.2,0.0,0.2,-0.07909663356614358,0.004734617265240514,0.0845078607296508,-0.1500275552605735,0.010007873094257352,0.18087856369011152,1.185688352483572,12.767170599250614,False,0.05354710761260407,False,True,
signature_stationary_mixed_nuisance,14106,full,pre_shift,26,-0.2,0.0,0.2,-0.09973715318232455,-0.009283389150145396,0.06455635524171324,-0.1608581328537826,0.0038186177841734574,0.17808089479805306,1.2775832285252002,3.0180934838523346,False,0.014625264239682502,False,True,
signature_stationary_mixed_nuisance,14107,full,pre_shift,26,-0.2,0.0,0.2,-0.07401619019168716,0.0075151477711031655,0.03861307295613842,-0.1495061921460393,0.012469318569058578,0.18766652829652786,2.0845810896600336,9.223229456165406,False,0.023006504355488455,False,True,
signature_stationary_mixed_nuisance,14108,full,pre_shift,26,-0.2,0.0,0.2,-0.06710457062826002,-0.0034124417374985882,0.03607864897078768,-0.14823128013944023,0.010054025113458136,0.18020431910804455,2.118915003453629,21.554603955152224,False,0.015867689075719497,False,True,
signature_stationary_mixed_nuisance,14109,full,pre_shift,26,-0.2,0.0,0.2,-0.07225213915267176,-0.013689552276086342,0.045418991979977584,-0.15177720904245115,0.0025669741206899746,0.1783338823400642,1.9025388425306398,4.147446694982338,False,0.030593105708338175,False,True,
signature_stationary_mixed_nuisance,14110,full,pre_shift,26,-0.2,0.0,0.2,-0.06750502897396586,0.004900867490900266,0.025973293299756905,-0.15557464867882656,0.006849161773471157,0.18270722775870396,2.47488155267265,8.442363994414915,False,0.019817211059310776,False,True,
signature_stationary_mixed_nuisance,14111,full,pre_shift,26,-0.2,0.0,0.2,-0.0652649437708352,0.0003623994469761577,0.006907128980749509,-0.15304971105799936,0.00939324584495332,0.178993823512651,2.797628436332932,23.57419110367967,False,0.026876853832159105,False,True,
signature_stationary_mixed_nuisance,14112,full,pre_shift,26,-0.2,0.0,0.2,-0.0797076993892687,-0.002480546635474137,0.04783583325511642,-0.16303612600518608,-0.0005977677691261826,0.18554492732874636,2.021738346428296,4.197232392657777,True,0.02580082443805168,False,True,
signature_stationary_mixed_nuisance,14113,full,pre_shift,26,-0.2,0.0,0.2,-0.07618130022304549,-0.014781774925389483,0.05314271538436793,-0.1475542483058394,0.008728831767241194,0.18301453443662888,1.7385682999024754,22.27057741288845,False,0.048220422648483294,False,True,
signature_stationary_mixed_nuisance,14114,full,pre_shift,26,-0.2,0.0,0.2,-0.07624501844036878,0.00042777035095833055,0.02475937885652682,-0.15944176443114136,0.007973443996065687,0.17286617861985715,2.2166081308158794,20.19957877792769,False,0.049041830581506365,False,True,
signature_stationary_mixed_nuisance,14115,full,pre_shift,26,-0.2,0.0,0.2,-0.06509712661233473,0.007543213524998575,0.027393628651533573,-0.1454557255094214,0.010848969361310036,0.183055713139892,2.3008031675857965,19.582588938415434,False,0.02927071356770312,False,True,
signature_stationary_mixed_nuisance,14116,full,pre_shift,26,-0.2,0.0,0.2,-0.052038893427501155,0.011480216505815013,0.014280268924872427,-0.1450457733355246,0.009934296816546546,0.18542856353256876,2.882104148055541,22.78173526402685,False,0.03104186194321583,False,True,
signature_stationary_mixed_nuisance,14117,full,pre_shift,26,-0.2,0.0,0.2,-0.07111475181914782,0.009289925348215626,0.030451792959623022,-0.1469878171887472,0.009377999972971063,0.18838032271333333,2.259342240708232,11.18212111363545,False,0.0769511809961137,False,True,
signature_stationary_mixed_nuisance,14118,full,pre_shift,26,-0.2,0.0,0.2,-0.036642253922108806,0.0008073131172498899,0.013515384184640529,-0.14518616927022687,0.008226661530139939,0.1839449094381349,3.2502577712622696,30.944881711465534,False,0.021965230569204023,False,True,
signature_stationary_mixed_nuisance,14119,full,pre_shift,26,-0.2,0.0,0.2,-0.07850987967714172,-0.007997004604855123,0.06839488815469595,-0.14577356000923117,0.011099207347033185,0.18035314284143616,1.3759654589709343,8.201866209020494,False,0.0028753199647940392,False,True,
signature_stationary_mixed_nuisance,14120,full,pre_shift,26,-0.2,0.0,0.2,-0.0933645948586023,-0.015442410507619775,0.07062401970377356,-0.15886926374085164,-0.0025793897880106334,0.18947351421375014,1.4213897507260909,11.446482850839217,False,0.011615703937150819,False,True,
signature_stationary_mixed_nuisance,14121,full,pre_shift,26,-0.2,0.0,0.2,-0.07028202759927865,-0.018474228663001767,0.0441902780535639,-0.14601704180170347,0.002536107580087891,0.1775983139739323,1.8620093774835773,13.498953159155043,False,0.036231192093365436,False,True,
signature_stationary_mixed_nuisance,14122,full,pre_shift,26,-0.2,0.0,0.2,-0.08077169538339514,0.009427084303615807,0.011111021002673117,-0.1544917412183027,0.007855956784119607,0.17859408714479189,2.416955381887091,6.130498907006938,False,0.02633564605889556,False,True,
signature_stationary_mixed_nuisance,14123,full,pre_shift,26,-0.2,0.0,0.2,-0.09760473542754944,-0.014036853504614312,0.08456853066537764,-0.15057625446564973,0.008450829151036598,0.18314860303885647,1.0082867675468827,9.529806394323508,False,0.0338837318551074,False,True,
signature_stationary_mixed_nuisance,14124,full,pre_shift,26,-0.2,0.0,0.2,-0.09310640389319079,0.013274221751700075,0.03825043011287338,-0.14799020327892579,0.011433539146480627,0.18751419832566185,1.7631338007358466,0.27566989187992585,False,0.01586859346141039,False,True,
signature_stationary_mixed_nuisance,14125,full,pre_shift,26,-0.2,0.0,0.2,-0.08717197711560093,-0.009766226572757308,0.06134428829801592,-0.1475364566624748,0.009044710591276026,0.18479652739828784,1.4389644087098297,11.065415956587868,False,0.01740848740979629,False,True,
signature_stationary_mixed_nuisance,14126,full,pre_shift,26,-0.2,0.0,0.2,-0.08140594010188057,-0.016378221082896414,0.044308403501333395,-0.15198475942944628,0.002522489361977254,0.18063942887482975,1.8105940461609455,9.775709839940689,False,0.026794577140136798,False,True,
signature_stationary_mixed_nuisance,14127,full,pre_shift,26,-0.2,0.0,0.2,-0.08394446106212902,0.010486254831366114,0.011110161414105566,-0.15419517336940217,0.008403597553887244,0.18264318968008986,2.4435048734705482,10.279783081714601,False,0.007762488543724313,False,True,
signature_stationary_mixed_nuisance,14128,full,pre_shift,26,-0.2,0.0,0.2,-0.08995209335036894,-0.005640910649047914,0.0887836083407247,-0.14577943142915226,0.00759528431258791,0.19518719650278868,1.10162740186148,0.0,False,0.021686406302617464,False,True,
signature_stationary_mixed_nuisance,14129,full,pre_shift,26,-0.2,0.0,0.2,-0.07271539968204578,0.0026591690648883177,0.020949564076098257,-0.15675865145113418,0.0016850071803107386,0.18561586030899044,2.5538154472489953,5.50663910091203,False,0.01986338597078318,False,True,
signature_stationary_mixed_nuisance,14130,full,pre_shift,26,-0.2,0.0,0.2,-0.06433665805248016,-0.005210775766007457,0.06829328964438353,-0.1596356635146211,-0.0038349856442696714,0.18340355009932863,1.922839552844297,15.070010397368431,False,0.025890349463715483,False,True,
signature_stationary_mixed_nuisance,14101,full,pre_shift,27,0.12,-0.1,-0.15,0.03249992132300992,-0.023371044304224643,-0.043445771569688624,0.10191896781900286,-0.07496100672907977,-0.13169473677533797,1.3651012371544464,2.150766868264204,False,0.03070396899504991,False,True,
signature_stationary_mixed_nuisance,14102,full,pre_shift,27,0.12,-0.1,-0.15,0.039589625757199265,-0.028470085137506148,-0.019995066943335145,0.09875293702345549,-0.0836685614298502,-0.1311685474858006,1.5352932423882206,7.947035731509352,False,0.020631999435237816,False,True,
signature_stationary_mixed_nuisance,14103,full,pre_shift,27,0.12,-0.1,-0.15,0.011971318522787969,-0.027449036388637885,-0.0235377658731693,0.09745835183661142,-0.08452780083712202,-0.1305522001613928,1.9570906672776092,16.697187568826745,False,0.04034251545560586,False,True,
signature_stationary_mixed_nuisance,14104,full,pre_shift,27,0.12,-0.1,-0.15,0.00853804163825539,-0.034114292214350056,-0.022101412414244338,0.09952615936510273,-0.08409316531230875,-0.13650939913630983,2.0811254911672257,11.353634852974631,False,0.005116110439420082,False,True,
signature_stationary_mixed_nuisance,14105,full,pre_shift,27,0.12,-0.1,-0.15,0.014440761053289874,-0.02796663621085272,-0.03718220244074566,0.10106249871996405,-0.08497835356242069,-0.1368420231212502,1.881744002758671,13.148914602009285,False,0.07306098485321251,False,True,
signature_stationary_mixed_nuisance,14106,full,pre_shift,27,0.12,-0.1,-0.15,0.05966263094543988,-0.027702312176283342,-0.00860099764038699,0.10893445549665742,-0.08082263561737195,-0.13248634726065175,1.5583642157300988,3.0764576995824333,False,0.05219147112155468,False,True,
signature_stationary_mixed_nuisance,14107,full,pre_shift,27,0.12,-0.1,-0.15,0.028646640263858072,-0.036013543573833594,-0.04681743654108209,0.10453120724424854,-0.08189643905664735,-0.13142390912871338,1.3709507025950742,9.09418015876048,False,0.04210227821521434,False,True,
signature_stationary_mixed_nuisance,14108,full,pre_shift,27,0.12,-0.1,-0.15,0.000844414678535977,-0.023628118401628918,-0.04520337041212027,0.09817812818452362,-0.08298153160727101,-0.13637488132740885,2.0476659814859386,22.102269936638162,False,0.0882583261170901,False,True,
signature_stationary_mixed_nuisance,14109,full,pre_shift,27,0.12,-0.1,-0.15,0.06256538662524581,-0.010582603981518739,-0.06208865999368031,0.10854315024626512,-0.08679731637564858,-0.1334406157107944,1.2380173528408145,3.8854640478231524,False,0.25079570842869797,False,True,
signature_stationary_mixed_nuisance,14110,full,pre_shift,27,0.12,-0.1,-0.15,0.027949377656710937,-0.030881419686326263,-0.05277901140360206,0.10111565632431636,-0.08908109588258628,-0.13680739378686319,1.4649111709705822,8.407275165385498,False,0.0275984548604452,False,True,
signature_stationary_mixed_nuisance,14111,full,pre_shift,27,0.12,-0.1,-0.15,0.02524184905948731,-0.029958687307952214,-0.03378676905980606,0.1051951626750971,-0.07864560798412862,-0.1360495086651595,1.6826902141787332,23.756881317858404,False,0.06551397827237822,False,True,
signature_stationary_mixed_nuisance,14112,full,pre_shift,27,0.12,-0.1,-0.15,0.03828957512319647,-0.02405210463452495,-0.04860037536653855,0.09875155073216683,-0.08091699339036927,-0.13300318795873214,1.254404073293091,3.951636465950868,False,0.04493283870806934,False,True,
signature_stationary_mixed_nuisance,14113,full,pre_shift,27,0.12,-0.1,-0.15,0.05237633631109582,-0.017629956342879168,0.005784814760584543,0.11108426753554909,-0.08190126736926069,-0.1330050072536116,2.0849025984476213,22.85548001133607,False,0.07439653603895167,False,True,
signature_stationary_mixed_nuisance,14114,full,pre_shift,27,0.12,-0.1,-0.15,0.033709871832694645,-0.02499953482927564,-0.05100457151623472,0.10382988737531454,-0.08771342513675788,-0.13219248121599023,1.45128394032517,20.15086271825286,False,0.02365500902793954,False,True,
signature_stationary_mixed_nuisance,14115,full,pre_shift,27,0.12,-0.1,-0.15,0.0035525873412603193,-0.026712316076735666,-0.030493818966009813,0.09783504093646067,-0.08164902019002249,-0.13207405161347457,2.0438590659086504,20.126448004324082,False,0.06744566910252683,False,True,
signature_stationary_mixed_nuisance,14116,full,pre_shift,27,0.12,-0.1,-0.15,0.0362620717347295,-0.03010931378738374,-0.02688374432670357,0.10270209244861006,-0.0886935756113063,-0.12988030198688374,1.5840369059526829,22.865772169979532,False,0.0316945690732062,False,True,
signature_stationary_mixed_nuisance,14117,full,pre_shift,27,0.12,-0.1,-0.15,0.011181233288000109,-0.03572865297287317,-0.04403350319143102,0.10169932496162387,-0.08198239249525456,-0.13576495148002884,1.7397410257716555,11.421862139407105,False,0.04744224183037566,False,True,
signature_stationary_mixed_nuisance,14118,full,pre_shift,27,0.12,-0.1,-0.15,0.039465291154244145,-0.03695861990281486,-0.03158258600235424,0.10425039776669319,-0.07570001847101179,-0.1337465192879623,1.3159592052645148,30.76084091673005,False,0.3096634766947058,False,True,
signature_stationary_mixed_nuisance,14119,full,pre_shift,27,0.12,-0.1,-0.15,0.020699423547392078,-0.025153370659317324,-0.05261345021324895,0.10173838207796075,-0.08131950023142191,-0.1272563200113511,1.4912697855743406,8.193135994594835,False,0.06724036320878433,False,True,
signature_stationary_mixed_nuisance,14120,full,pre_shift,27,0.12,-0.1,-0.15,0.06570043601698757,-0.028772092233631377,-0.032423568583318435,0.11127696905904445,-0.08872358735734676,-0.12335564769337434,1.1779846362658848,11.124467487105102,False,0.15851266899858904,False,True,
signature_stationary_mixed_nuisance,14121,full,pre_shift,27,0.12,-0.1,-0.15,0.038309744938241526,-0.02946777393290517,-0.02714275196572288,0.1071195575466967,-0.07740960144815569,-0.13508862014239056,1.5499658408408294,13.548918999995873,False,0.052471864963330485,False,True,
signature_stationary_mixed_nuisance,14122,full,pre_shift,27,0.12,-0.1,-0.15,0.04387223321748523,-0.03143422247088518,-0.0655656360876917,0.10641635189452638,-0.08019204415537194,-0.1346700729462934,1.0368130025793054,5.667311909586243,False,0.050235196821294514,False,True,
signature_stationary_mixed_nuisance,14123,full,pre_shift,27,0.12,-0.1,-0.15,0.00614445656395218,-0.037099748134061396,-0.023685108347247137,0.1027750203923514,-0.0803910013640029,-0.13623790046869869,2.10854884583767,10.138355240161179,False,0.13875292541480927,False,True,
signature_stationary_mixed_nuisance,14124,full,pre_shift,27,0.12,-0.1,-0.15,0.04472075133860832,-0.03441647501115913,-0.0159983455363826,0.10401375596832686,-0.08181646628439285,-0.12735694313880505,1.45014729819684,0.22581719007676582,False,0.05861366015982551,False,True,
signature_stationary_mixed_nuisance,14125,full,pre_shift,27,0.12,-0.1,-0.15,0.04761860802639262,-0.03383911982401056,-0.02634166203351106,0.11063079526808119,-0.08531186066651913,-0.13147821681273109,1.4636676269795474,11.029083583567417,False,0.032649906776128244,False,True,
signature_stationary_mixed_nuisance,14126,full,pre_shift,27,0.12,-0.1,-0.15,0.0548182737512207,-0.02011335426290297,-0.004164138640659237,0.10793386142911855,-0.07856880065191042,-0.14014441299631109,1.8806336651934688,10.156343505134156,False,0.0503667968370195,False,True,
signature_stationary_mixed_nuisance,14127,full,pre_shift,27,0.12,-0.1,-0.15,0.03890650427049779,-0.03367813122704212,-0.023166562269479822,0.1045325540482645,-0.08173133950632418,-0.13420593500270858,1.5436797341460935,10.323462815860696,False,0.04255247457628949,False,True,
signature_stationary_mixed_nuisance,14128,full,pre_shift,27,0.12,-0.1,-0.15,0.043146162958425646,-0.03381340137677669,-0.00853531691460322,0.10315047102558177,-0.08365605555630609,-0.12553948989303637,1.567814321441677,0.0678143214416771,False,0.07969532687918861,False,True,
signature_stationary_mixed_nuisance,14129,full,pre_shift,27,0.12,-0.1,-0.15,0.036527369754783684,-0.02384964139096244,-0.0480815002838778,0.09514744156296917,-0.08234548618827085,-0.13223440109680987,1.2480128831171686,5.2546519840291985,False,0.03015101573444128,False,True,
signature_stationary_mixed_nuisance,14130,full,pre_shift,27,0.12,-0.1,-0.15,-0.002483523278838249,-0.014670777692534668,-0.046156634201539266,0.09337025726592642,-0.08345727004031382,-0.13758913349357557,2.1591675909666206,15.729177988335053,False,0.061728618059127494,False,True,
signature_stationary_mixed_nuisance,14101,full,pre_shift,28,0.12,0.1,0.15,0.02859859568972045,0.006934778551739992,0.0019715019244051835,0.0965367154499828,0.08678925435572558,0.1328949279254621,2.3501242199911077,3.0008910882553117,False,0.1387084302797589,False,True,
signature_stationary_mixed_nuisance,14102,full,pre_shift,28,0.12,0.1,0.15,0.026976935690397195,0.01888620832408336,0.02805995102008696,0.10169905639545745,0.08206691426430324,0.13473463107027323,1.827432761176768,8.27446849268612,False,0.04516345627505548,False,True,
signature_stationary_mixed_nuisance,14103,full,pre_shift,28,0.12,0.1,0.15,0.034949243969442156,0.006096614711121646,0.026903199460044606,0.09941865419072313,0.08396595949523752,0.1381444889846792,1.9654918638282741,17.16267943265502,False,0.04652179275202791,False,True,
signature_stationary_mixed_nuisance,14104,full,pre_shift,28,0.12,0.1,0.15,0.039565891351654676,0.01337449761727317,0.024477216229308183,0.09668802909777524,0.08604827556643051,0.13604610746546447,1.7731235711065638,11.626758424081196,False,0.019596693671600326,False,True,
signature_stationary_mixed_nuisance,14105,full,pre_shift,28,0.12,0.1,0.15,0.013542059994827767,0.01760810144327199,0.006218984603296817,0.09430747654356784,0.08674518055677362,0.12977803446704628,2.273120119339208,13.922034721348492,False,0.022289246472571047,False,True,
signature_stationary_mixed_nuisance,14106,full,pre_shift,28,0.12,0.1,0.15,0.015917802904144202,0.03277301878088016,0.04566309478476233,0.09965314300985666,0.08913299001745852,0.1364481075810882,1.701201581156374,3.277659280738807,False,0.021692120141813764,False,True,
signature_stationary_mixed_nuisance,14107,full,pre_shift,28,0.12,0.1,0.15,0.02024808010279531,0.03200817177572218,0.04846260153307592,0.09809286446816459,0.08658944529370229,0.13829715682258883,1.5588259739343895,9.15300613269487,False,0.041295947791738945,False,True,
signature_stationary_mixed_nuisance,14108,full,pre_shift,28,0.12,0.1,0.15,0.02049079231668976,0.00011674008230018596,-0.006985877321919088,0.09553821511418023,0.08368113264254017,0.13472629673111386,2.727145689461194,23.329415626099355,False,0.011570660268083616,False,True,
signature_stationary_mixed_nuisance,14109,full,pre_shift,28,0.12,0.1,0.15,0.02608943410010265,0.011857562540344521,0.05138457120630668,0.10741149745354532,0.08354213840927975,0.13411705868659993,1.7997205951757442,4.185184642998896,False,0.06451866250726476,False,True,
signature_stationary_mixed_nuisance,14110,full,pre_shift,28,0.12,0.1,0.15,0.029747772467036082,0.03005253748713113,0.02317348894994517,0.10209846278232168,0.08563133354470678,0.13555770337746448,1.7558312786349333,8.66310644402043,False,0.06290736783095631,False,True,
signature_stationary_mixed_nuisance,14111,full,pre_shift,28,0.12,0.1,0.15,0.023944706515785247,0.016554321574345367,-0.002608158026255544,0.09552625108903712,0.08598337717158164,0.13258016841646222,2.299351499034761,24.556232816893164,False,0.09550931509028826,False,True,
signature_stationary_mixed_nuisance,14112,full,pre_shift,28,0.12,0.1,0.15,0.031532921036985635,0.024413406415466445,0.03471680433736031,0.1021121185117527,0.08764804348951667,0.1359744680245784,1.687578656698679,4.139215122649547,False,0.09963202444323063,False,True,
signature_stationary_mixed_nuisance,14113,full,pre_shift,28,0.12,0.1,0.15,0.016112384339415507,0.021958253378095975,0.02051597400071465,0.10302097442259059,0.08625136949659369,0.13795685951229295,2.2249076206508485,23.58038763198692,False,0.08922799351287719,False,True,
signature_stationary_mixed_nuisance,14114,full,pre_shift,28,0.12,0.1,0.15,0.035099812319088944,-0.00372184579531423,0.024941234549599952,0.0961621923014467,0.0857432782912463,0.13325719373797057,2.10329749011166,20.75416020836452,False,0.026588731203134337,False,True,
signature_stationary_mixed_nuisance,14115,full,pre_shift,28,0.12,0.1,0.15,0.01826231111225543,0.015785438050121524,-0.011935559590312032,0.09422746155639533,0.08535082453916155,0.13487680596917284,2.5829840122136547,21.209432016537736,False,0.050042644066813975,False,True,
signature_stationary_mixed_nuisance,14116,full,pre_shift,28,0.12,0.1,0.15,-0.008549040593516449,0.02475285498942736,0.0066253364862556,0.09888138167798396,0.08239318136990177,0.13469838936276213,2.759524730734445,24.125296900713977,False,0.01872810629078937,False,True,
signature_stationary_mixed_nuisance,14117,full,pre_shift,28,0.12,0.1,0.15,-2.357355141307153e-05,0.05577517756726086,-0.012390051075104115,0.09518361246847973,0.08961781136088404,0.13826628368046334,2.6034106017442604,12.525272741151365,False,0.06455066024056413,False,True,
signature_stationary_mixed_nuisance,14118,full,pre_shift,28,0.12,0.1,0.15,-0.007798868280374503,0.02693920610576187,0.007042529518805192,0.10494229210381874,0.09121953151910604,0.13552248539078887,2.9965197743760004,32.25736069110605,False,0.03477201830981378,False,True,
signature_stationary_mixed_nuisance,14119,full,pre_shift,28,0.12,0.1,0.15,0.03734945243295677,0.001578195952989936,0.04982615015581885,0.10169067941804277,0.08321076438040614,0.14068165307370706,1.7780923405790643,8.4712283351739,False,0.04605995461709345,False,True,
signature_stationary_mixed_nuisance,14120,full,pre_shift,28,0.12,0.1,0.15,0.04695017704055766,0.027987110858663095,0.03452082982283848,0.10342784745356713,0.08906991755821728,0.1445334852221929,1.539857660240229,11.16432514734533,False,0.02309565357250519,False,True,
signature_stationary_mixed_nuisance,14121,full,pre_shift,28,0.12,0.1,0.15,0.039710046107088504,0.030849457545109232,0.03320799215211858,0.1068221175650444,0.0879510728535319,0.13745792070984822,1.5823550999531089,13.631274099948982,False,0.08913089330868054,False,True,
signature_stationary_mixed_nuisance,14122,full,pre_shift,28,0.12,0.1,0.15,0.016623293333125285,0.038750394477412034,-0.007731552584935394,0.09437084271010769,0.08567434051090213,0.13097851126239105,2.161225289283252,6.328537198869496,False,0.06689468143600624,False,True,
signature_stationary_mixed_nuisance,14123,full,pre_shift,28,0.12,0.1,0.15,0.014979517582048447,0.03601147992978348,0.0009033944614956856,0.09510239459707726,0.08787121773094131,0.13679845258461373,2.212771505794557,10.851126745955735,False,0.014293930993289487,False,True,
signature_stationary_mixed_nuisance,14124,full,pre_shift,28,0.12,0.1,0.15,0.03112539414120477,0.02685407745760911,0.04960459096206496,0.09868659143629001,0.08594380217526366,0.1432230826906481,1.4859678889547878,0.21178507903155364,False,0.049116023334425704,False,True,
signature_stationary_mixed_nuisance,14125,full,pre_shift,28,0.12,0.1,0.15,0.03489757676962929,0.02707807436012441,0.025325248959282003,0.10028429065718772,0.08625676182209004,0.13859249743964264,1.7072992304702987,11.236382814037714,False,0.07654665460765148,False,True,
signature_stationary_mixed_nuisance,14126,full,pre_shift,28,0.12,0.1,0.15,0.03241494476591902,0.03078149991823691,0.04664806947240203,0.10814503890103772,0.08875048631924924,0.13522082945462013,1.544296819320902,10.200640324455058,False,0.029448257095910143,False,True,
signature_stationary_mixed_nuisance,14127,full,pre_shift,28,0.12,0.1,0.15,0.035638133346720655,0.020028123280690303,0.014817198463415367,0.09711996659354659,0.08607931408317675,0.134771184280163,1.8474520925730544,10.67091490843375,False,0.05515404099631755,False,True,
signature_stationary_mixed_nuisance,14128,full,pre_shift,28,0.12,0.1,0.15,0.011605101978341349,0.0453780534103507,0.042137253480982295,0.10011642944949152,0.08629527717632639,0.14401290861264787,1.7483313524960862,0.31614567393776327,False,0.029850370397797008,False,True,
signature_stationary_mixed_nuisance,14129,full,pre_shift,28,0.12,0.1,0.15,0.027842603772757792,0.02440412509915834,0.02448534355571367,0.09965329551647273,0.08241406463536162,0.13405167566534743,1.7427066245350205,5.497358608564219,False,0.042276519600677485,False,True,
signature_stationary_mixed_nuisance,14130,full,pre_shift,28,0.12,0.1,0.15,0.029340271876354282,0.0013416510744360347,0.002657065197913681,0.09597739956235415,0.08153659014084792,0.1347310675657036,2.358353743161232,16.587531731496284,False,0.02862765476486062,False,True,
signature_stationary_mixed_nuisance,14101,full,pre_shift,29,-0.2,0.0,-0.2,-0.06836549856164505,0.026992411873447992,-0.07337225716215832,-0.15578414966808804,0.009301438924257376,-0.19398231896876098,1.8583118893178838,3.3592029775731955,False,0.014692267069111066,False,True,
signature_stationary_mixed_nuisance,14102,full,pre_shift,29,-0.2,0.0,-0.2,-0.10614712975298107,0.025074658551817095,-0.07281741297857156,-0.164929719149453,0.004974958186182636,-0.1957408291940505,1.4021459842775874,8.176614476963707,False,0.010637372741776339,False,True,
signature_stationary_mixed_nuisance,14103,full,pre_shift,29,-0.2,0.0,-0.2,-0.0669454989914949,0.013049223764282232,-0.020906962091476727,-0.15988080883207226,0.0037367862748637825,-0.1970266962234101,2.9813418257882227,18.644021258443242,False,0.02786030177842282,False,True,
signature_stationary_mixed_nuisance,14104,full,pre_shift,29,-0.2,0.0,-0.2,-0.08095726337747422,0.018740569778666744,-0.06612969995685394,-0.16638701681446635,0.00167434969705846,-0.20225556581614085,2.064229334376166,12.19098775845736,False,0.04028418845515017,False,True,
signature_stationary_mixed_nuisance,14105,full,pre_shift,29,-0.2,0.0,-0.2,-0.04732098760614413,0.017262221055125163,-0.04500147413365379,-0.1563432748329524,0.006363230062445484,-0.19374654405165365,2.814617682005099,15.236652403353592,False,0.047768210919044415,False,True,
signature_stationary_mixed_nuisance,14106,full,pre_shift,29,-0.2,0.0,-0.2,-0.06955164512425016,0.023989360879369415,-0.08785356635559162,-0.16311936871326388,0.00367277997988164,-0.19683125188112835,1.835792187800443,3.6134514685392505,False,0.04873851298823514,False,True,
signature_stationary_mixed_nuisance,14107,full,pre_shift,29,-0.2,0.0,-0.2,-0.07029123147048985,0.012411114325502228,-0.04981271302721795,-0.15626562423823462,0.008203942956860815,-0.1961107332683689,2.2222934163959787,9.875299549090848,False,0.032783162314054225,False,True,
signature_stationary_mixed_nuisance,14108,full,pre_shift,29,-0.2,0.0,-0.2,-0.056746000561958165,0.020229283849444182,-0.06077062785201339,-0.15711675145666726,0.008965731960267922,-0.20067168650481096,2.440324518381802,24.269740144481155,False,0.019926676061276672,False,True,
signature_stationary_mixed_nuisance,14109,full,pre_shift,29,-0.2,0.0,-0.2,-0.05409170066886374,0.014078797850121977,-0.08642855478985621,-0.15968752371217473,0.0029764281004660705,-0.2034566862997607,2.199943032753401,4.8851276757522974,False,0.09124467575742201,False,True,
signature_stationary_mixed_nuisance,14110,full,pre_shift,29,-0.2,0.0,-0.2,-0.0682954412831354,0.021563092982467565,-0.09653263940655385,-0.16049906979372444,0.006340191459150103,-0.19895081855411959,1.6968958784419224,8.860002322462353,False,0.008943902615743406,False,True,
signature_stationary_mixed_nuisance,14111,full,pre_shift,29,-0.2,0.0,-0.2,-0.05072655143536877,0.00990900921157991,-0.04594032433180299,-0.15521038743115695,0.008090309014903076,-0.20131408581502344,2.8102972614108297,25.866530078303995,False,0.10375129020922054,False,True,
signature_stationary_mixed_nuisance,14112,full,pre_shift,29,-0.2,0.0,-0.2,-0.09409793749779329,0.010389065370903706,-0.07333243144088503,-0.17102695702811954,-0.00020609672510012926,-0.19850528787599492,1.696251629808284,4.3354667524578305,False,0.04988473455248298,False,True,
signature_stationary_mixed_nuisance,14113,full,pre_shift,29,-0.2,0.0,-0.2,-0.055355948204167005,0.003110366454795824,-0.019243130235476167,-0.1573202357949832,0.00575730157061352,-0.19427343413065182,3.1588952186954486,25.23928285068237,False,0.04372978023048075,False,True,
signature_stationary_mixed_nuisance,14114,full,pre_shift,29,-0.2,0.0,-0.2,-0.045626875282762665,0.00793872267774554,-0.050593219481678296,-0.1587125414990056,0.005396874700610855,-0.20513533538117196,3.0169772218115374,22.271137430176058,False,0.03319524471094889,False,True,
signature_stationary_mixed_nuisance,14115,full,pre_shift,29,-0.2,0.0,-0.2,-0.06947819675791356,0.016106071710368177,-0.06146482791619602,-0.1560045438854835,0.006581021794620439,-0.19890144769587995,2.084514628191137,21.793946644728873,False,0.057329945986075576,False,True,
signature_stationary_mixed_nuisance,14116,full,pre_shift,29,-0.2,0.0,-0.2,-0.042140700429810926,0.028384726011993818,-0.098626632205957,-0.1514904551835582,0.005721882704070078,-0.1950459970773475,2.0675097905974695,24.692806691311446,False,0.008542633130839365,False,True,
signature_stationary_mixed_nuisance,14117,full,pre_shift,29,-0.2,0.0,-0.2,-0.0763970967515062,0.00914946024282542,-0.09034144591569236,-0.15612086309689327,0.007552855520881067,-0.19801516781044823,1.4826947811159847,12.50796752226735,False,0.0459920265406067,False,True,
signature_stationary_mixed_nuisance,14118,full,pre_shift,29,-0.2,0.0,-0.2,-0.04939211519296576,0.0013921606697423318,-0.05174977188430602,-0.15383144263951393,0.006179925518404728,-0.20093532004144973,2.694729150956037,33.45208984206209,False,0.010812829498476721,False,True,
signature_stationary_mixed_nuisance,14119,full,pre_shift,29,-0.2,0.0,-0.2,-0.05406397176433542,0.007451942912117513,-0.04823988534250139,-0.1538567795343665,0.007996129397685852,-0.20275318978986165,2.6809217324381938,9.652150067612093,False,0.025038836015221947,False,True,
signature_stationary_mixed_nuisance,14120,full,pre_shift,29,-0.2,0.0,-0.2,-0.06861875521602799,-0.016767424108401742,-0.0039055374758026674,-0.16104598619092322,-0.005680173043287458,-0.19795925646178714,3.3891329526922385,13.053458100037568,False,0.057431982957303875,False,True,
signature_stationary_mixed_nuisance,14121,full,pre_shift,29,-0.2,0.0,-0.2,-0.06344090036967139,-0.008560610284426104,-0.030085793986697276,-0.15693662365201208,0.0015497964340337705,-0.20450253004688884,2.956685600332135,15.087959700281116,False,0.057083414068859036,False,True,
signature_stationary_mixed_nuisance,14122,full,pre_shift,29,-0.2,0.0,-0.2,-0.06702936312435832,0.017348863432743205,-0.1336743848603286,-0.15654255126269778,0.00582182989727774,-0.2028556331991778,1.2703816043555602,6.098918803225056,False,0.05207278314928726,False,True,
signature_stationary_mixed_nuisance,14123,full,pre_shift,29,-0.2,0.0,-0.2,-0.06648881774600139,0.011723699920858718,-0.05156923030044504,-0.1567898614255231,0.005319023744625367,-0.19540382978005658,2.2724593814742886,11.623586127430023,False,0.06370523407547758,False,True,
signature_stationary_mixed_nuisance,14124,full,pre_shift,29,-0.2,0.0,-0.2,-0.08575691020923039,0.015672875914371685,-0.09024769583524021,-0.15566254051391326,0.008881704461795873,-0.20128922701789753,1.3581304493511424,0.06991552838269599,False,0.07517672661460044,False,True,
signature_stationary_mixed_nuisance,14125,full,pre_shift,29,-0.2,0.0,-0.2,-0.06611317268219602,-0.002843294541283487,-0.009930778256027846,-0.15404361527125596,0.006369850888798428,-0.1986637671944088,3.1628047763862597,12.899187590423974,False,0.03640815015422349,False,True,
signature_stationary_mixed_nuisance,14126,full,pre_shift,29,-0.2,0.0,-0.2,-0.07161130679482906,0.00734049708219433,-0.05998927824482229,-0.1599738972971573,0.0030133064978275547,-0.2009571767094103,2.175323203015145,10.875963527470203,False,0.026378212568055073,False,True,
signature_stationary_mixed_nuisance,14127,full,pre_shift,29,-0.2,0.0,-0.2,-0.08067662154845516,0.015972397124642827,-0.08154104511659724,-0.15832236501790883,0.006538396916088562,-0.19966910828565376,1.601013517561378,10.771928425995128,False,0.01151319425441465,False,True,
signature_stationary_mixed_nuisance,14128,full,pre_shift,29,-0.2,0.0,-0.2,-0.09166980607447872,0.01593559051508819,-0.06822283070524485,-0.15843886707349894,0.0036655994917040766,-0.19438251054388334,1.5419439060479994,0.35808957998576263,False,0.03466991274264716,False,True,
signature_stationary_mixed_nuisance,14129,full,pre_shift,29,-0.2,0.0,-0.2,-0.10103571946739984,0.021609978255292085,-0.08917097930154083,-0.16432144622048886,0.0006395786831630171,-0.19477974041788332,1.22471376849363,5.222072377057849,False,0.01995242827808662,False,True,
signature_stationary_mixed_nuisance,14130,full,pre_shift,29,-0.2,0.0,-0.2,-0.075532774394348,0.018086235966340795,-0.09106430102066577,-0.16890724805146073,-0.005039304739755732,-0.19664439790381744,1.7987042245942642,16.886235956090548,False,0.04561078462892003,False,True,
signature_stationary_mixed_nuisance,14101,full,pre_shift,30,-0.2,0.0,0.2,-0.0983226681394466,-0.006823828340896171,0.09132058591403637,-0.15092839239706934,0.013810445585774959,0.18086066902996883,0.8837060752177747,2.7429090527909703,False,0.02858690181880884,False,True,
signature_stationary_mixed_nuisance,14102,full,pre_shift,30,-0.2,0.0,0.2,-0.09008308351279035,0.01059324860021937,0.008512316514781366,-0.1537136830964471,0.00799966286529713,0.18482215376290856,2.441824470239282,9.11843894720299,False,0.0017103544267926905,False,True,
signature_stationary_mixed_nuisance,14103,full,pre_shift,30,-0.2,0.0,0.2,-0.07445905921164205,-0.012347949509937818,0.07352393895636287,-0.1465727858795566,0.0071434419723524645,0.18352421809910013,1.4308089762141243,18.574830234657366,False,0.032284846810148066,False,True,
signature_stationary_mixed_nuisance,14104,full,pre_shift,30,-0.2,0.0,0.2,-0.0766012258438075,0.0005746845479945271,0.06064294929613313,-0.15983453427035416,0.0005176279060079319,0.17626371828592216,1.6704617774142292,12.36144953587159,False,0.02046927301275787,False,True,
signature_stationary_mixed_nuisance,14105,full,pre_shift,30,-0.2,0.0,0.2,-0.0755950697783306,0.005017200079778798,0.08101093048897179,-0.1500275552605735,0.010007873094257352,0.18087856369011152,1.2899971461942312,15.026649549547823,False,0.08036342035944047,False,True,
signature_stationary_mixed_nuisance,14106,full,pre_shift,30,-0.2,0.0,0.2,-0.09912956531536753,-0.010696901636218102,0.06633516207277447,-0.1608581328537826,0.0038186177841734574,0.17808089479805306,1.265486059899909,3.3789375284391596,False,0.0345214280744275,False,True,
signature_stationary_mixed_nuisance,14107,full,pre_shift,30,-0.2,0.0,0.2,-0.07452002348259146,0.01082738461135153,0.03945435284995746,-0.1495061921460393,0.012469318569058578,0.18766652829652786,2.056999819616504,10.432299368707351,False,0.045610986486483304,False,True,
signature_stationary_mixed_nuisance,14108,full,pre_shift,30,-0.2,0.0,0.2,-0.06628078237923174,-0.0035591118937362,0.03557860334844297,-0.14823128013944023,0.010054025113458136,0.18020431910804455,2.1451880420647766,24.914928186545932,False,0.012043865085810467,False,True,
signature_stationary_mixed_nuisance,14109,full,pre_shift,30,-0.2,0.0,0.2,-0.07221008131009275,-0.012900999341474718,0.044719480403579155,-0.15177720904245115,0.0025669741206899746,0.1783338823400642,1.9117462174544915,5.296873893206789,False,0.038712443958601434,False,True,
signature_stationary_mixed_nuisance,14110,full,pre_shift,30,-0.2,0.0,0.2,-0.06616040372620208,0.003596272621224755,0.024217566181348706,-0.15557464867882656,0.006849161773471157,0.18270722775870396,2.5410555782810347,9.901057900743389,False,0.003831554516958016,False,True,
signature_stationary_mixed_nuisance,14111,full,pre_shift,30,-0.2,0.0,0.2,-0.06357818553296193,-9.933507643181893e-05,0.014132582632882498,-0.15304971105799936,0.00939324584495332,0.178993823512651,2.6823025057001915,27.048832584004188,False,0.04709736552999391,False,True,
signature_stationary_mixed_nuisance,14112,full,pre_shift,30,-0.2,0.0,0.2,-0.07948344819815334,-0.0022492735203658485,0.04682323465509056,-0.16303612600518608,-0.0005977677691261826,0.18554492732874636,2.0449484749637272,4.880415227421558,False,0.024237572992873446,False,True,
signature_stationary_mixed_nuisance,14113,full,pre_shift,30,-0.2,0.0,0.2,-0.0744578305460567,-0.013021296180016467,0.051826623023807646,-0.1475542483058394,0.008728831767241194,0.18301453443662888,1.780744083779682,25.52002693446205,False,0.03371654334721686,False,True,
signature_stationary_mixed_nuisance,14114,full,pre_shift,30,-0.2,0.0,0.2,-0.07185873961303789,-0.0009922360617891069,0.02618571985726261,-0.15944176443114136,0.007973443996065687,0.17286617861985715,2.2835823844828003,23.05471981465886,False,0.027274396275183046,False,True,
signature_stationary_mixed_nuisance,14115,full,pre_shift,30,-0.2,0.0,0.2,-0.06532102191279021,0.009651983628980164,0.02034781387919824,-0.1454557255094214,0.010848969361310036,0.183055713139892,2.4365423065444314,22.730488951273305,False,0.01906483723129456,False,True,
signature_stationary_mixed_nuisance,14116,full,pre_shift,30,-0.2,0.0,0.2,-0.0514771255347454,0.012278688186501059,0.01090135697526495,-0.1450457733355246,0.009934296816546546,0.18542856353256876,2.968329197673595,26.16113588898504,False,0.02070724306699969,False,True,
signature_stationary_mixed_nuisance,14117,full,pre_shift,30,-0.2,0.0,0.2,-0.07292352102362333,0.007899463029390576,0.03905733390877793,-0.1469878171887472,0.009377999972971063,0.18838032271333333,2.0616880229888728,13.069655545256223,False,0.02718819944184416,False,True,
signature_stationary_mixed_nuisance,14118,full,pre_shift,30,-0.2,0.0,0.2,-0.03469955915304374,-0.0023418733130652646,0.01579743916502715,-0.14518616927022687,0.008226661530139939,0.1839449094381349,3.259893087216565,35.211982929278655,False,0.03004545030051347,False,True,
signature_stationary_mixed_nuisance,14119,full,pre_shift,30,-0.2,0.0,0.2,-0.0806376776196646,-0.009371556185999786,0.06889861755370741,-0.14577356000923117,0.011099207347033185,0.18035314284143616,1.3416894702564737,9.493839537868567,False,0.022814870700385743,False,True,
signature_stationary_mixed_nuisance,14120,full,pre_shift,30,-0.2,0.0,0.2,-0.09489661427036696,-0.014657937288658216,0.0708912211822167,-0.15886926374085164,-0.0025793897880106334,0.18947351421375014,1.3913983314843694,12.944856431521938,False,0.00819074348646706,False,True,
signature_stationary_mixed_nuisance,14121,full,pre_shift,30,-0.2,0.0,0.2,-0.06723819495625902,-0.021313919522902913,0.041675428582573525,-0.14601704180170347,0.002536107580087891,0.1775983139739323,1.9760758826985054,15.564035582979622,False,0.023618848348749128,False,True,
signature_stationary_mixed_nuisance,14122,full,pre_shift,30,-0.2,0.0,0.2,-0.08081989422259005,0.008850661275596701,0.008851019737034116,-0.1544917412183027,0.007855956784119607,0.17859408714479189,2.463141951293295,7.062060754518351,False,0.03403569825727988,False,True,
signature_stationary_mixed_nuisance,14123,full,pre_shift,30,-0.2,0.0,0.2,-0.0980071028221496,-0.012165798840974846,0.09061596880502142,-0.15057625446564973,0.008450829151036598,0.18314860303885647,0.9202334092739837,11.043819536704007,False,0.008840624876115255,False,True,
signature_stationary_mixed_nuisance,14124,full,pre_shift,30,-0.2,0.0,0.2,-0.09079382171304462,0.013158418104572387,0.04162699857338033,-0.14799020327892579,0.011433539146480627,0.18751419832566185,1.731040412135081,0.3009559405177771,False,0.009639995143719719,False,True,
signature_stationary_mixed_nuisance,14125,full,pre_shift,30,-0.2,0.0,0.2,-0.0873135802905625,-0.010671075453117908,0.06534365900933405,-0.1475364566624748,0.009044710591276026,0.18479652739828784,1.380001937673519,12.779189528097493,False,0.025405291544930715,False,True,
signature_stationary_mixed_nuisance,14126,full,pre_shift,30,-0.2,0.0,0.2,-0.079745588847498,-0.01880649823973576,0.039161934560166096,-0.15198475942944628,0.002522489361977254,0.18063942887482975,1.940371138131484,11.316334665601687,False,0.030685638923963286,False,True,
signature_stationary_mixed_nuisance,14127,full,pre_shift,30,-0.2,0.0,0.2,-0.08651295090609458,0.010563538450072726,0.00832918560978763,-0.15419517336940217,0.008403597553887244,0.18264318968008986,2.4611686734264104,11.733097099421538,False,0.031118466977849982,False,True,
signature_stationary_mixed_nuisance,14128,full,pre_shift,30,-0.2,0.0,0.2,-0.09056440520650717,-0.005185531579338153,0.08555734149308353,-0.14577943142915226,0.00759528431258791,0.19518719650278868,1.1361991970550946,0.0,False,0.0042208507804933565,False,True,
signature_stationary_mixed_nuisance,14129,full,pre_shift,30,-0.2,0.0,0.2,-0.0727486804520646,0.00215466718790388,0.0273853241128759,-0.15675865145113418,0.0016850071803107386,0.18561586030899044,2.4224436634669773,6.144516040524826,False,0.05435145368183328,False,True,
signature_stationary_mixed_nuisance,14130,full,pre_shift,30,-0.2,0.0,0.2,-0.06316521917778464,-0.0072159242214300135,0.06556666748537478,-0.1596356635146211,-0.0038349856442696714,0.18340355009932863,1.9907254713680096,17.376961427458557,False,0.03622174604855673,False,True,
signature_stationary_mixed_nuisance,14101,full,pre_shift,31,0.12,-0.1,-0.15,0.032654727372834674,-0.02433990296586004,-0.040982060489263596,0.10191896781900286,-0.07496100672907977,-0.13169473677533797,1.378475920284694,2.6213849730756644,False,0.013979358773713368,False,True,
signature_stationary_mixed_nuisance,14102,full,pre_shift,31,0.12,-0.1,-0.15,0.03837913446790841,-0.03057801815507797,-0.014046488318137207,0.09875293702345549,-0.0836685614298502,-0.1311685474858006,1.6101193553403121,9.228558302543302,False,0.05806190043949279,False,True,
signature_stationary_mixed_nuisance,14103,full,pre_shift,31,0.12,-0.1,-0.15,0.010671790111971804,-0.02929614214390795,-0.020281330171104874,0.09745835183661142,-0.08452780083712202,-0.1305522001613928,2.003028882094235,19.0778591167516,False,0.023728150675284533,False,True,
signature_stationary_mixed_nuisance,14104,full,pre_shift,31,0.12,-0.1,-0.15,0.007685266084915063,-0.033412049349510475,-0.024401391853220163,0.09952615936510273,-0.08409316531230875,-0.13650939913630983,2.075399033688503,12.936848569560093,False,0.016119115887135015,False,True,
signature_stationary_mixed_nuisance,14105,full,pre_shift,31,0.12,-0.1,-0.15,0.01884136486980869,-0.02957138996112163,-0.033989653193697365,0.10106249871996405,-0.08497835356242069,-0.1368420231212502,1.7948671004480836,15.321516649995907,False,0.0737433270880653,False,True,
signature_stationary_mixed_nuisance,14106,full,pre_shift,31,0.12,-0.1,-0.15,0.05635436963692937,-0.029332252768405027,-0.0017520697699168583,0.10893445549665742,-0.08082263561737195,-0.13248634726065175,1.6905800889837732,3.5695176174229326,False,0.0451305273798478,False,True,
signature_stationary_mixed_nuisance,14107,full,pre_shift,31,0.12,-0.1,-0.15,0.027673855502588825,-0.03732361171745053,-0.04509458325618133,0.10453120724424854,-0.08189643905664735,-0.13142390912871338,1.3927111420317138,10.325010510739066,False,0.024104125915064445,False,True,
signature_stationary_mixed_nuisance,14108,full,pre_shift,31,0.12,-0.1,-0.15,0.003929528808121618,-0.026599671399996142,-0.03661419528577968,0.09817812818452362,-0.08298153160727101,-0.13637488132740885,2.039821627286352,25.454749813832283,False,0.024715194042731023,False,True,
signature_stationary_mixed_nuisance,14109,full,pre_shift,31,0.12,-0.1,-0.15,0.06189265561298192,-0.013696722106601292,-0.05909353042996055,0.10854315024626512,-0.08679731637564858,-0.1334406157107944,1.2191165086494855,5.015990401856275,False,0.21385065863486333,False,True,
signature_stationary_mixed_nuisance,14110,full,pre_shift,31,0.12,-0.1,-0.15,0.031128751614438004,-0.03249273899660315,-0.055525009747200586,0.10111565632431636,-0.08908109588258628,-0.13680739378686319,1.3609074999680002,9.76196540071139,False,0.011373022454064206,False,True,
signature_stationary_mixed_nuisance,14111,full,pre_shift,31,0.12,-0.1,-0.15,0.026789532928009348,-0.030145214182442998,-0.03791698132268789,0.1051951626750971,-0.07864560798412862,-0.1360495086651595,1.5992621334970092,27.1480947175012,False,0.05117805153567617,False,True,
signature_stationary_mixed_nuisance,14112,full,pre_shift,31,0.12,-0.1,-0.15,0.04031633094569821,-0.024633588543838764,-0.04891516967050222,0.09875155073216683,-0.08091699339036927,-0.13300318795873214,1.2137912347979578,4.594206462219516,False,0.05621006305303971,False,True,
signature_stationary_mixed_nuisance,14113,full,pre_shift,31,0.12,-0.1,-0.15,0.05214614405832986,-0.020044165027166074,0.011843423672347,0.11108426753554909,-0.08190126736926069,-0.1330050072536116,2.158004863152534,26.178031797614583,False,0.029970192073632048,False,True,
signature_stationary_mixed_nuisance,14114,full,pre_shift,31,0.12,-0.1,-0.15,0.034251911954327426,-0.02378042489284442,-0.04888700314365664,0.10382988737531454,-0.08771342513675788,-0.13219248121599023,1.4818981356372711,23.03661795029613,False,0.039535145643559824,False,True,
signature_stationary_mixed_nuisance,14115,full,pre_shift,31,0.12,-0.1,-0.15,0.004467742388141051,-0.026755630886384038,-0.030688947760371312,0.09783504093646067,-0.08164902019002249,-0.13207405161347457,2.020646508248885,23.25113545952219,False,0.06723271308277243,False,True,
signature_stationary_mixed_nuisance,14116,full,pre_shift,31,0.12,-0.1,-0.15,0.03857691221142753,-0.03130946908276368,-0.025763012545648976,0.10270209244861006,-0.0886935756113063,-0.12988030198688374,1.546285200612468,26.20742108959751,False,0.026859125168541765,False,True,
signature_stationary_mixed_nuisance,14117,full,pre_shift,31,0.12,-0.1,-0.15,0.014101100508269135,-0.038612028734424306,-0.03963150497427629,0.10169932496162387,-0.08198239249525456,-0.13576495148002884,1.69939189355164,13.269047438807863,False,0.009476093344233666,False,True,
signature_stationary_mixed_nuisance,14118,full,pre_shift,31,0.12,-0.1,-0.15,0.042441545579462045,-0.034361573765782895,-0.029507402180919497,0.10425039776669319,-0.07570001847101179,-0.1337465192879623,1.3234582406588988,35.035441169937556,False,0.27640271477539996,False,True,
signature_stationary_mixed_nuisance,14119,full,pre_shift,31,0.12,-0.1,-0.15,0.01776684418503957,-0.02501301159266001,-0.0533430351619863,0.10173838207796075,-0.08131950023142191,-0.1272563200113511,1.54340575658387,9.537245294452436,False,0.07670858943693717,False,True,
signature_stationary_mixed_nuisance,14120,full,pre_shift,31,0.12,-0.1,-0.15,0.05312297983379235,-0.03760459917876962,-0.0018576704809037804,0.11127696905904445,-0.08872358735734676,-0.12335564769337434,1.6205797826702966,13.065436214192234,False,0.09339040072620616,False,True,
signature_stationary_mixed_nuisance,14121,full,pre_shift,31,0.12,-0.1,-0.15,0.038982003509116576,-0.03252505346363153,-0.02762442359164126,0.1071195575466967,-0.07740960144815569,-0.13508862014239056,1.500640884377283,15.564676467356906,False,0.02358199144811278,False,True,
signature_stationary_mixed_nuisance,14122,full,pre_shift,31,0.12,-0.1,-0.15,0.04534189613324635,-0.03382017162897572,-0.06247430077817472,0.10641635189452638,-0.08019204415537194,-0.1346700729462934,1.0158105469965482,6.577871301514898,False,0.036612411097764724,False,True,
signature_stationary_mixed_nuisance,14123,full,pre_shift,31,0.12,-0.1,-0.15,0.006715729054767249,-0.03985303183762337,-0.021284313431971524,0.1027750203923514,-0.0803910013640029,-0.13623790046869869,2.1025006947358853,11.646320231439892,False,0.17024041490735745,False,True,
signature_stationary_mixed_nuisance,14124,full,pre_shift,31,0.12,-0.1,-0.15,0.04884635123560817,-0.02908983560822713,-0.018003806079731104,0.10401375596832686,-0.08181646628439285,-0.12735694313880505,1.429125128811479,0.2300810693292561,False,0.12162378956305035,False,True,
signature_stationary_mixed_nuisance,14125,full,pre_shift,31,0.12,-0.1,-0.15,0.04756178321327033,-0.03024632521886616,-0.026038507919878398,0.11063079526808119,-0.08531186066651913,-0.13147821681273109,1.5137776864613655,12.792967214558859,False,0.015889943819024574,False,True,
signature_stationary_mixed_nuisance,14126,full,pre_shift,31,0.12,-0.1,-0.15,0.0550927620123714,-0.028328948942557497,-0.02550540298450153,0.10793386142911855,-0.07856880065191042,-0.14014441299631109,1.435582394032175,11.251917059633861,False,0.15059421564730116,False,True,
signature_stationary_mixed_nuisance,14127,full,pre_shift,31,0.12,-0.1,-0.15,0.03827873645905445,-0.0317102377644316,-0.02669437925857118,0.1045325540482645,-0.08173133950632418,-0.13420593500270858,1.5265644867856505,11.759661586207189,False,0.012716106372829128,False,True,
signature_stationary_mixed_nuisance,14128,full,pre_shift,31,0.12,-0.1,-0.15,0.04621790971465527,-0.03358903200583213,-0.015379113257892827,0.10315047102558177,-0.08365605555630609,-0.12553948989303637,1.4307587793780054,0.0,False,0.037420591690908375,False,True,
signature_stationary_mixed_nuisance,14129,full,pre_shift,31,0.12,-0.1,-0.15,0.03638145417102337,-0.01876501045741423,-0.049510445881335324,0.09514744156296917,-0.08234548618827085,-0.13223440109680987,1.3085106731890022,5.953026713713828,False,0.03572611471023174,False,True,
signature_stationary_mixed_nuisance,14130,full,pre_shift,31,0.12,-0.1,-0.15,0.0025310173525664413,-0.020199020387579217,-0.043179033489430724,0.09337025726592642,-0.08345727004031382,-0.13758913349357557,1.997293682380324,17.87425510983888,False,0.03920988740804729,False,True,
signature_stationary_mixed_nuisance,14101,full,pre_shift,32,0.12,0.1,0.15,0.02878211890829656,0.007210858549204199,-0.0006084452951036334,0.0965367154499828,0.08678925435572558,0.1328949279254621,2.386984039204591,3.5083690122802555,False,0.15312617663695746,False,True,
signature_stationary_mixed_nuisance,14102,full,pre_shift,32,0.12,0.1,0.15,0.02923239121237378,0.018479127191757937,0.023865847326099095,0.10169905639545745,0.08206691426430324,0.13473463107027323,1.8517296984159664,9.580288000959268,False,0.019247487571508928,False,True,
signature_stationary_mixed_nuisance,14103,full,pre_shift,32,0.12,0.1,0.15,0.0336860654585342,0.006206001260502648,0.00936449868308398,0.09941865419072313,0.08396595949523752,0.1381444889846792,2.242939349314059,19.82079846606566,False,0.13473736321825355,False,True,
signature_stationary_mixed_nuisance,14104,full,pre_shift,32,0.12,0.1,0.15,0.041729509848884606,0.012746424868958554,0.029527170033060476,0.09668802909777524,0.08604827556643051,0.13604610746546447,1.6866415192927613,13.123490088852854,False,0.04047814986114062,False,True,
signature_stationary_mixed_nuisance,14105,full,pre_shift,32,0.12,0.1,0.15,0.017267075077251032,0.015991449080073026,0.006155948109829617,0.09430747654356784,0.08674518055677362,0.12977803446704628,2.2312892071388513,16.052805857134757,False,0.034513402002927525,False,True,
signature_stationary_mixed_nuisance,14106,full,pre_shift,32,0.12,0.1,0.15,0.018609842168228023,0.03252762571616384,0.05270642369689189,0.09965314300985666,0.08913299001745852,0.1364481075810882,1.575469499067795,3.6449871164907277,False,0.04234679392508653,False,True,
signature_stationary_mixed_nuisance,14107,full,pre_shift,32,0.12,0.1,0.15,0.026936682032421003,0.03302479902429482,0.04767746381830683,0.09809286446816459,0.08658944529370229,0.13829715682258883,1.4371510584105416,10.262161569149608,False,0.05212372992049057,False,True,
signature_stationary_mixed_nuisance,14108,full,pre_shift,32,0.12,0.1,0.15,0.01859664068426004,0.0007505814767853633,-0.009297379663845588,0.09553821511418023,0.08368113264254017,0.13472629673111386,2.7894643807422974,26.74421419457458,False,0.013612930892932912,False,True,
signature_stationary_mixed_nuisance,14109,full,pre_shift,32,0.12,0.1,0.15,0.05271299405680789,0.037628491015354114,0.06788612906911652,0.10741149745354532,0.08354213840927975,0.13411705868659993,0.866092482889067,4.382082884745342,False,0.3693552047235253,False,True,
signature_stationary_mixed_nuisance,14110,full,pre_shift,32,0.12,0.1,0.15,0.023677368019398213,0.0294315063227599,0.028103450578845193,0.10209846278232168,0.08563133354470678,0.13555770337746448,1.8048777000360496,10.06684310074744,False,0.03788925175330853,False,True,
signature_stationary_mixed_nuisance,14111,full,pre_shift,32,0.12,0.1,0.15,0.02642904137608407,0.0207366086247915,-0.020432601929383856,0.09552625108903712,0.08598337717158164,0.13258016841646222,2.50953490212876,28.157629619629958,False,0.030085311962952006,False,True,
signature_stationary_mixed_nuisance,14112,full,pre_shift,32,0.12,0.1,0.15,0.035701206727200396,0.02564555982160205,0.027661322041572983,0.1021121185117527,0.08764804348951667,0.1359744680245784,1.694308329018652,4.788514791238168,False,0.14626694699245527,False,True,
signature_stationary_mixed_nuisance,14113,full,pre_shift,32,0.12,0.1,0.15,0.01917360866831311,0.0207351209184981,0.021922744254799585,0.10302097442259059,0.08625136949659369,0.13795685951229295,2.1621121871587294,26.840143984773313,False,0.07295926532727583,False,True,
signature_stationary_mixed_nuisance,14114,full,pre_shift,32,0.12,0.1,0.15,0.033187675679080694,-0.0038372110754090936,0.027947987434192616,0.0961621923014467,0.0857432782912463,0.13325719373797057,2.093436730803346,23.630054681099477,False,0.04360582990698569,False,True,
signature_stationary_mixed_nuisance,14115,full,pre_shift,32,0.12,0.1,0.15,0.020516099724218185,0.01546984212129872,-0.008370725392460253,0.09422746155639533,0.08535082453916155,0.13487680596917284,2.484632675751845,24.235768135274036,False,0.024528781360071028,False,True,
signature_stationary_mixed_nuisance,14116,full,pre_shift,32,0.12,0.1,0.15,-0.007935628951511018,0.024181728354505043,0.006288816996270689,0.09888138167798396,0.08239318136990177,0.13469838936276213,2.757311515664471,27.464732605261982,False,0.025377219725286126,False,True,
signature_stationary_mixed_nuisance,14117,full,pre_shift,32,0.12,0.1,0.15,-0.0006909703572891328,0.04982335530936997,0.0022341589662422706,0.09518361246847973,0.08961781136088404,0.13826628368046334,2.4070630558682393,14.176110494676102,False,0.06307308800755147,False,True,
signature_stationary_mixed_nuisance,14118,full,pre_shift,32,0.12,0.1,0.15,-0.008402111607370399,0.024937498990605277,0.009411187813724894,0.10494229210381874,0.09121953151910604,0.13552248539078887,3.005332946363516,36.54077411630107,False,0.060918993205452174,False,True,
signature_stationary_mixed_nuisance,14119,full,pre_shift,32,0.12,0.1,0.15,0.0328766037698948,-0.0010243054340510736,0.05844372274921469,0.10169067941804277,0.08321076438040614,0.14068165307370706,1.8056324382524431,9.84287773270488,False,0.04736326285207969,False,True,
signature_stationary_mixed_nuisance,14120,full,pre_shift,32,0.12,0.1,0.15,0.04686838510487283,0.027437709737255865,0.030397699214057935,0.10342784745356713,0.08906991755821728,0.1445334852221929,1.610293082356861,13.175729296549095,False,0.026678219165355177,False,True,
signature_stationary_mixed_nuisance,14121,full,pre_shift,32,0.12,0.1,0.15,0.03513398009700175,0.033255361675383774,0.03176110531999523,0.1068221175650444,0.0879510728535319,0.13745792070984822,1.6410370644543006,15.705713531811206,False,0.10122174978867297,False,True,
signature_stationary_mixed_nuisance,14122,full,pre_shift,32,0.12,0.1,0.15,0.016629842123193225,0.03595358209124246,-0.0007804350454617567,0.09437084271010769,0.08567434051090213,0.13097851126239105,2.075762497140228,7.153633798655127,False,0.02372565011240115,False,True,
signature_stationary_mixed_nuisance,14123,full,pre_shift,32,0.12,0.1,0.15,0.014226155082973565,0.03822286173984142,0.0025558221557872383,0.09510239459707726,0.08787121773094131,0.13679845258461373,2.173822469700361,12.320142701140254,False,0.03169298404371291,False,True,
signature_stationary_mixed_nuisance,14124,full,pre_shift,32,0.12,0.1,0.15,0.032023898943163834,0.02895588928371086,0.05723100806400782,0.09868659143629001,0.08594380217526366,0.1432230826906481,1.357497435723668,0.08757850505292408,False,0.03484424900020887,False,True,
signature_stationary_mixed_nuisance,14125,full,pre_shift,32,0.12,0.1,0.15,0.03510798747111148,0.027969446039568965,0.032301862097668985,0.10028429065718772,0.08625676182209004,0.13859249743964264,1.5959663940015034,12.888933608560363,False,0.06622896172145291,False,True,
signature_stationary_mixed_nuisance,14126,full,pre_shift,32,0.12,0.1,0.15,0.04003411373674132,0.03869212988049558,0.03987068923801133,0.10814503890103772,0.08875048631924924,0.13522082945462013,1.3794775994416106,11.131394659075472,False,0.14742629069439475,False,True,
signature_stationary_mixed_nuisance,14127,full,pre_shift,32,0.12,0.1,0.15,0.03636813168601428,0.02051145756760949,0.0004907361482443536,0.09711996659354659,0.08607931408317675,0.134771184280163,2.0551796179471244,12.314841204154312,False,0.0253278629913738,False,True,
signature_stationary_mixed_nuisance,14128,full,pre_shift,32,0.12,0.1,0.15,0.011755729191017432,0.04523771241119233,0.0402110356934468,0.10011642944949152,0.08629527717632639,0.14401290861264787,1.7725989874974932,0.27259898749749323,False,0.03814464780769004,False,True,
signature_stationary_mixed_nuisance,14129,full,pre_shift,32,0.12,0.1,0.15,0.026934460391852235,0.023921252405448748,0.029851963879095583,0.09965329551647273,0.08241406463536162,0.13405167566534743,1.6933966522009367,6.146423365914765,False,0.02872914161290601,False,True,
signature_stationary_mixed_nuisance,14130,full,pre_shift,32,0.12,0.1,0.15,0.025232158087635265,0.0005001870554402316,0.0052437782360386185,0.09597739956235415,0.08153659014084792,0.1347310675657036,2.398424634919544,18.772679744758424,False,0.011328388595323785,False,True,
signature_stationary_mixed_nuisance,14101,full,pre_shift,33,-0.2,0.0,-0.2,-0.0695787192627978,0.02539022029359962,-0.07448430853886623,-0.15578414966808804,0.009301438924257376,-0.19398231896876098,1.8103129086191838,3.818681920899439,False,0.024571184088314373,False,True,
signature_stationary_mixed_nuisance,14102,full,pre_shift,33,-0.2,0.0,-0.2,-0.10623509180962783,0.024715552075699018,-0.07167466538772947,-0.164929719149453,0.004974958186182636,-0.1957408291940505,1.4175668879887355,9.497854888948003,False,0.01678496365079875,False,True,
signature_stationary_mixed_nuisance,14103,full,pre_shift,33,-0.2,0.0,-0.2,-0.06901748597349484,0.011244936770130692,-0.020979036209140513,-0.15988080883207226,0.0037367862748637825,-0.1970266962234101,2.9312786522253975,21.25207711829106,False,0.012520611261255107,False,True,
signature_stationary_mixed_nuisance,14104,full,pre_shift,33,-0.2,0.0,-0.2,-0.08081235188173382,0.015223875858750941,-0.06322796620688152,-0.16638701681446635,0.00167434969705846,-0.20225556581614085,2.1021079108874243,13.725597999740279,False,0.0426154502945796,False,True,
signature_stationary_mixed_nuisance,14105,full,pre_shift,33,-0.2,0.0,-0.2,-0.04629775920234498,0.018130855739828432,-0.048574088862340846,-0.1563432748329524,0.006363230062445484,-0.19374654405165365,2.7781675961851193,17.330973453319878,False,0.051829555715587956,False,True,
signature_stationary_mixed_nuisance,14106,full,pre_shift,33,-0.2,0.0,-0.2,-0.06596086284635098,0.023407688842109198,-0.08517747239843826,-0.16311936871326388,0.00367277997988164,-0.19683125188112835,1.9523752649462172,4.097362381436945,True,0.03220514718336647,False,True,
signature_stationary_mixed_nuisance,14107,full,pre_shift,33,-0.2,0.0,-0.2,-0.06794135445958589,0.009719596610401126,-0.04915402070221373,-0.15626562423823462,0.008203942956860815,-0.1961107332683689,2.2823272215483543,11.044488790697962,False,0.03282067381535756,False,True,
signature_stationary_mixed_nuisance,14108,full,pre_shift,33,-0.2,0.0,-0.2,-0.05846813010150974,0.02075985353288646,-0.05871797263242571,-0.15711675145666726,0.008965731960267922,-0.20067168650481096,2.436902054598106,27.68111624917269,False,0.01724463976096841,False,True,
signature_stationary_mixed_nuisance,14109,full,pre_shift,33,-0.2,0.0,-0.2,-0.054580748178825245,0.012803399351361433,-0.08889865574367758,-0.15968752371217473,0.0029764281004660705,-0.2034566862997607,2.1494419736587194,5.031524858404062,False,0.09143522536489172,False,True,
signature_stationary_mixed_nuisance,14110,full,pre_shift,33,-0.2,0.0,-0.2,-0.06665224312342931,0.021058348935330037,-0.09240290296418002,-0.16049906979372444,0.006340191459150103,-0.19895081855411959,1.7862141777002343,10.353057278447674,False,0.027504210129807794,False,True,
signature_stationary_mixed_nuisance,14111,full,pre_shift,33,-0.2,0.0,-0.2,-0.05240180719749536,0.013823907605267118,-0.058995473831207054,-0.15521038743115695,0.008090309014903076,-0.20131408581502344,2.5320638688349586,29.18969348846492,False,0.017027005068816284,False,True,
signature_stationary_mixed_nuisance,14112,full,pre_shift,33,-0.2,0.0,-0.2,-0.09776358710658649,0.004760068896451284,-0.06728641102094113,-0.17102695702811954,-0.00020609672510012926,-0.19850528787599492,1.716295214346111,5.004810005584279,False,0.0465011553139712,False,True,
signature_stationary_mixed_nuisance,14113,full,pre_shift,33,-0.2,0.0,-0.2,-0.056479658159645375,0.00238131697586973,-0.017788406943956628,-0.1573202357949832,0.00575730157061352,-0.19427343413065182,3.164594898917113,28.504738883690425,False,0.042747561723397824,False,True,
signature_stationary_mixed_nuisance,14114,full,pre_shift,33,-0.2,0.0,-0.2,-0.04727643877100725,0.004506587557671837,-0.04418214621330178,-0.1587125414990056,0.005396874700610855,-0.20513533538117196,3.1009940337401027,25.23104871483958,False,0.025365938285327596,False,True,
signature_stationary_mixed_nuisance,14115,full,pre_shift,33,-0.2,0.0,-0.2,-0.06917013422886396,0.014615694947992969,-0.0613585109616673,-0.1560045438854835,0.006581021794620439,-0.19890144769587995,2.089559743046555,24.82532787832059,False,0.04267196799404037,False,True,
signature_stationary_mixed_nuisance,14116,full,pre_shift,33,-0.2,0.0,-0.2,-0.04224209542622536,0.0295060795715184,-0.09282574418791102,-0.1514904551835582,0.005721882704070078,-0.1950459970773475,2.1428993834043464,28.107631988666327,False,0.032338521527252855,False,True,
signature_stationary_mixed_nuisance,14117,full,pre_shift,33,-0.2,0.0,-0.2,-0.07675783116243376,0.008403350265557507,-0.08812734264280066,-0.15612086309689327,0.007552855520881067,-0.19801516781044823,1.5057952963197598,14.181905790995863,False,0.06076925639876943,False,True,
signature_stationary_mixed_nuisance,14118,full,pre_shift,33,-0.2,0.0,-0.2,-0.0490130114851893,-0.002116327244357328,-0.04994630185511771,-0.15383144263951393,0.006179925518404728,-0.20093532004144973,2.742082356316018,37.78285647261709,False,0.039754949660826606,False,True,
signature_stationary_mixed_nuisance,14119,full,pre_shift,33,-0.2,0.0,-0.2,-0.05498701120072828,0.006897920675528704,-0.04907330180935035,-0.1538567795343665,0.007996129397685852,-0.20275318978986165,2.6429546509483015,10.98583238365318,False,0.016476606618091246,False,True,
signature_stationary_mixed_nuisance,14120,full,pre_shift,33,-0.2,0.0,-0.2,-0.06326602877370095,-0.01835623081503577,-0.007870876644144233,-0.16104598619092322,-0.005680173043287458,-0.19795925646178714,3.418868701495525,15.09459799804462,False,0.020002281947463986,False,True,
signature_stationary_mixed_nuisance,14121,full,pre_shift,33,-0.2,0.0,-0.2,-0.06485807960350584,-0.012383358123023543,-0.03099452018069487,-0.15693662365201208,0.0015497964340337705,-0.20450253004688884,2.9178667686661686,17.123580300477375,False,0.015700081384076893,False,True,
signature_stationary_mixed_nuisance,14122,full,pre_shift,33,-0.2,0.0,-0.2,-0.0666985522249316,0.020646991918439307,-0.14057498679592353,-0.15654255126269778,0.00582182989727774,-0.2028556331991778,1.2310849002317736,6.884718698886901,False,0.017972968315914398,False,True,
signature_stationary_mixed_nuisance,14123,full,pre_shift,33,-0.2,0.0,-0.2,-0.06562962259240428,0.013621917041603296,-0.0513381964411692,-0.1567898614255231,0.005319023744625367,-0.19540382978005658,2.298643659270788,13.118786360411042,False,0.03931347401155858,False,True,
signature_stationary_mixed_nuisance,14124,full,pre_shift,33,-0.2,0.0,-0.2,-0.0835038507273238,0.018034414675777044,-0.09199667509825751,-0.15566254051391326,0.008881704461795873,-0.20128922701789753,1.3778909194904292,0.0,False,0.06160074825248648,False,True,
signature_stationary_mixed_nuisance,14125,full,pre_shift,33,-0.2,0.0,-0.2,-0.06776775767292482,-0.006495104850867685,-0.009040274387881173,-0.15404361527125596,0.006369850888798428,-0.1986637671944088,3.1592493781663653,14.548182986726728,False,0.01195804930008536,False,True,
signature_stationary_mixed_nuisance,14126,full,pre_shift,33,-0.2,0.0,-0.2,-0.06996652012258689,0.009142850629313689,-0.06012059947785375,-0.1599738972971573,0.0030133064978275547,-0.2009571767094103,2.2094021156325225,11.840796774707995,False,0.009563294689532164,False,True,
signature_stationary_mixed_nuisance,14127,full,pre_shift,33,-0.2,0.0,-0.2,-0.08101737333088116,0.014980500709316643,-0.08445228469503488,-0.15832236501790883,0.006538396916088562,-0.19966910828565376,1.5503957751286623,12.365236979282974,False,0.011911881407429818,False,True,
signature_stationary_mixed_nuisance,14128,full,pre_shift,33,-0.2,0.0,-0.2,-0.09233933398053565,0.01544550085389046,-0.07335371690762021,-0.15843886707349894,0.0036655994917040766,-0.19438251054388334,1.4502631144865943,0.2228621019840875,False,0.03318269770221725,False,True,
signature_stationary_mixed_nuisance,14129,full,pre_shift,33,-0.2,0.0,-0.2,-0.09869012344680506,0.01879378905141742,-0.08999373931155685,-0.16432144622048886,0.0006395786831630171,-0.19477974041788332,1.2379024335556659,5.884325799470431,False,0.04040728674483307,False,True,
signature_stationary_mixed_nuisance,14130,full,pre_shift,33,-0.2,0.0,-0.2,-0.07622737628384112,0.02095285280179405,-0.09864193464262253,-0.16890724805146073,-0.005039304739755732,-0.19664439790381744,1.701354138401783,18.974033883160207,False,0.09225900894808825,False,True,
signature_stationary_mixed_nuisance,14101,full,pre_shift,34,-0.2,0.0,0.2,-0.0971197708665593,-0.007943946001252686,0.08655685390153113,-0.15092839239706934,0.013810445585774959,0.18086066902996883,0.9606540770923933,3.2793359979918324,False,0.01748573696368219,False,True,
signature_stationary_mixed_nuisance,14102,full,pre_shift,34,-0.2,0.0,0.2,-0.09009466742731138,0.0075088899294352635,0.009907503039167747,-0.1537136830964471,0.00799966286529713,0.18482215376290856,2.4100745907804315,10.407929479728434,False,0.04086588025075927,False,True,
signature_stationary_mixed_nuisance,14103,full,pre_shift,34,-0.2,0.0,0.2,-0.07713344339927405,-0.011909216476516708,0.07600448470230889,-0.1465727858795566,0.0071434419723524645,0.18352421809910013,1.3489153391694346,21.100992457460492,False,0.04299273940874152,False,True,
signature_stationary_mixed_nuisance,14104,full,pre_shift,34,-0.2,0.0,0.2,-0.07723993115919968,-0.0008357923711145669,0.0672492237945524,-0.15983453427035416,0.0005176279060079319,0.17626371828592216,1.5637175119109894,13.789315511651267,False,0.023159275302016415,False,True,
signature_stationary_mixed_nuisance,14105,full,pre_shift,34,-0.2,0.0,0.2,-0.08030053395678723,0.004339260387106402,0.08790594441773528,-0.1500275552605735,0.010007873094257352,0.18087856369011152,1.1254466368220644,16.956420090141943,False,0.03793050061988229,False,True,
signature_stationary_mixed_nuisance,14106,full,pre_shift,34,-0.2,0.0,0.2,-0.10233436848694054,-0.011310410277305522,0.06542611830284457,-0.1608581328537826,0.0038186177841734574,0.17808089479805306,1.234083413052724,3.8314457944896687,False,0.045373104870145405,False,True,
signature_stationary_mixed_nuisance,14107,full,pre_shift,34,-0.2,0.0,0.2,-0.07378953646555426,0.007989916686936722,0.040601083622497015,-0.1495061921460393,0.012469318569058578,0.18766652829652786,2.0509558532596945,11.595444643957656,False,0.018625506733229377,False,True,
signature_stationary_mixed_nuisance,14108,full,pre_shift,34,-0.2,0.0,0.2,-0.06663411720083352,-0.0037050907829818142,0.0367095115613619,-0.14823128013944023,0.010054025113458136,0.18020431910804455,2.1180138641530384,28.299130113325727,False,0.018880156835737176,False,True,
signature_stationary_mixed_nuisance,14109,full,pre_shift,34,-0.2,0.0,0.2,-0.07247789863260143,-0.013369780355264173,0.043071757263326,-0.15177720904245115,0.0025669741206899746,0.1783338823400642,1.9363096329276288,5.467834491331691,False,0.033971050762832494,False,True,
signature_stationary_mixed_nuisance,14110,full,pre_shift,34,-0.2,0.0,0.2,-0.07090271734527015,0.0027474478349900607,0.025753522199627742,-0.15557464867882656,0.006849161773471157,0.18270722775870396,2.4106473802857535,11.263704658733428,False,0.03548354883547814,False,True,
signature_stationary_mixed_nuisance,14111,full,pre_shift,34,-0.2,0.0,0.2,-0.06151863115685175,0.002150443344542894,0.008760848045127742,-0.15304971105799936,0.00939324584495332,0.178993823512651,2.8353474312419302,30.52504091970685,False,0.020153908600716454,False,True,
signature_stationary_mixed_nuisance,14112,full,pre_shift,34,-0.2,0.0,0.2,-0.08238694528717876,-0.0018532843817944756,0.05067203705814436,-0.16303612600518608,-0.0005977677691261826,0.18554492732874636,1.9203010917780603,5.425111097362339,False,0.04959095291066325,False,True,
signature_stationary_mixed_nuisance,14113,full,pre_shift,34,-0.2,0.0,0.2,-0.07315870749018592,-0.014034947782642616,0.04768733876008442,-0.1475542483058394,0.008728831767241194,0.18301453443662888,1.8779291598626042,28.88266804355303,False,0.01046341436586548,False,True,
signature_stationary_mixed_nuisance,14114,full,pre_shift,34,-0.2,0.0,0.2,-0.073851233230377,0.0004239483326688853,0.021634689144346048,-0.15944176443114136,0.007973443996065687,0.17286617861985715,2.3250149034573497,26.056063618296932,False,0.030901638264872428,False,True,
signature_stationary_mixed_nuisance,14115,full,pre_shift,34,-0.2,0.0,0.2,-0.06611916171728074,0.008981174453427455,0.01952044836284489,-0.1454557255094214,0.010848969361310036,0.183055713139892,2.438615997748122,25.763943876068712,False,0.020455057573523425,False,True,
signature_stationary_mixed_nuisance,14116,full,pre_shift,34,-0.2,0.0,0.2,-0.05267300374838059,0.011051437989914715,0.01415549344046944,-0.1450457733355246,0.009934296816546546,0.18542856353256876,2.8701409253863592,29.477772914052686,False,0.031059956070941985,False,True,
signature_stationary_mixed_nuisance,14117,full,pre_shift,34,-0.2,0.0,0.2,-0.07059495985838325,0.007109241516223249,0.03651915168575546,-0.1469878171887472,0.009377999972971063,0.18838032271333333,2.1520690244651184,14.833974815460982,False,0.037355799909328205,False,True,
signature_stationary_mixed_nuisance,14118,full,pre_shift,34,-0.2,0.0,0.2,-0.03574378665274869,0.0020382705676998745,0.011188636763525819,-0.14518616927022687,0.008226661530139939,0.1839449094381349,3.322076703828771,39.60493317644586,False,0.03384219331701152,False,True,
signature_stationary_mixed_nuisance,14119,full,pre_shift,34,-0.2,0.0,0.2,-0.07899689399022769,-0.009024499085013162,0.07241159432820495,-0.14577356000923117,0.011099207347033185,0.18035314284143616,1.3175921102730268,10.803424493926208,False,0.02343242102581074,False,True,
signature_stationary_mixed_nuisance,14120,full,pre_shift,34,-0.2,0.0,0.2,-0.09395118753109294,-0.013786419196413071,0.068893860268426,-0.15886926374085164,-0.0025793897880106334,0.18947351421375014,1.4334748529880683,15.028072851032688,False,0.017293408425377826,False,True,
signature_stationary_mixed_nuisance,14121,full,pre_shift,34,-0.2,0.0,0.2,-0.06663007452161293,-0.021246218642874886,0.04343833019644633,-0.14601704180170347,0.002536107580087891,0.1775983139739323,1.9574289579969342,17.58100925847431,False,0.032059932356076966,False,True,
signature_stationary_mixed_nuisance,14122,full,pre_shift,34,-0.2,0.0,0.2,-0.0798187216752434,0.009837843841982037,0.008553181300517548,-0.1544917412183027,0.007855956784119607,0.17859408714479189,2.488136797888363,7.872855496775264,False,0.03669046460656182,False,True,
signature_stationary_mixed_nuisance,14123,full,pre_shift,34,-0.2,0.0,0.2,-0.09707653305143943,-0.01517479933890769,0.0841011759955274,-0.15057625446564973,0.008450829151036598,0.18314860303885647,1.0269177150361541,12.645704075447195,False,0.04554201326872584,False,True,
signature_stationary_mixed_nuisance,14124,full,pre_shift,34,-0.2,0.0,0.2,-0.08870365560060119,0.013296502332223606,0.036787852849901326,-0.14799020327892579,0.011433539146480627,0.18751419832566185,1.8506888566506603,0.3506888566506603,False,0.02928171135013996,False,True,
signature_stationary_mixed_nuisance,14125,full,pre_shift,34,-0.2,0.0,0.2,-0.0874893904396293,-0.011675418176905357,0.06467287812683882,-0.1475364566624748,0.009044710591276026,0.18479652739828784,1.3924603638622477,14.440643350588974,False,0.03654852736094737,False,True,
signature_stationary_mixed_nuisance,14126,full,pre_shift,34,-0.2,0.0,0.2,-0.08226147423379696,-0.016314203462162957,0.04129748752435606,-0.15198475942944628,0.002522489361977254,0.18063942887482975,1.8477154509479508,12.188512225655945,False,0.03527919381796068,False,True,
signature_stationary_mixed_nuisance,14127,full,pre_shift,34,-0.2,0.0,0.2,-0.08428969903365713,0.009822365849770974,0.012214332243790307,-0.15419517336940217,0.008403597553887244,0.18264318968008986,2.413675307706063,13.278912286989037,False,0.014474827916822175,False,True,
signature_stationary_mixed_nuisance,14128,full,pre_shift,34,-0.2,0.0,0.2,-0.08995903348086769,-0.005342528661879617,0.08959181399063144,-0.14577943142915226,0.00759528431258791,0.19518719650278868,1.089215561212124,0.0,False,0.025025957596466867,False,True,
signature_stationary_mixed_nuisance,14129,full,pre_shift,34,-0.2,0.0,0.2,-0.07213691397811405,0.0010141355248164576,0.018963700327852728,-0.15675865145113418,0.0016850071803107386,0.18561586030899044,2.6072303210806775,6.991556120551108,False,0.024875291930039994,False,True,
signature_stationary_mixed_nuisance,14130,full,pre_shift,34,-0.2,0.0,0.2,-0.061893168122794655,-0.0024709774082701265,0.06464010887816776,-0.1596356635146211,-0.0038349856442696714,0.18340355009932863,2.033662469079039,19.507696352239247,False,0.03391504720795028,False,True,
signature_stationary_mixed_nuisance,14101,full,pre_shift,35,0.12,-0.1,-0.15,0.030299200132996442,-0.023726134631608605,-0.04390317570553027,0.10191896781900286,-0.07496100672907977,-0.13169473677533797,1.392651344108742,3.171987342100574,False,0.03106179363295558,False,True,
signature_stationary_mixed_nuisance,14102,full,pre_shift,35,0.12,-0.1,-0.15,0.038026809340215094,-0.0317442444770103,-0.008969590295346193,0.09875293702345549,-0.0836685614298502,-0.1311685474858006,1.6783010982827136,10.586230578011147,False,0.08987421747979843,False,True,
signature_stationary_mixed_nuisance,14103,full,pre_shift,35,0.12,-0.1,-0.15,0.011781080999272466,-0.028536063499670316,-0.02367645716589881,0.09745835183661142,-0.08452780083712202,-0.1305522001613928,1.9445887600964777,21.545581217556972,False,0.026794925334970757,False,True,
signature_stationary_mixed_nuisance,14104,full,pre_shift,35,0.12,-0.1,-0.15,0.009338838444915926,-0.03347051644263121,-0.02621137940435469,0.09952615936510273,-0.08409316531230875,-0.13650939913630983,2.014056324917757,14.303371836569024,False,0.026543795914542506,False,True,
signature_stationary_mixed_nuisance,14105,full,pre_shift,35,0.12,-0.1,-0.15,0.020747347015102714,-0.032499580771580994,-0.04195579642804504,0.10106249871996405,-0.08497835356242069,-0.1368420231212502,1.6300315487172645,17.08645163885921,False,0.07002538938184497,False,True,
signature_stationary_mixed_nuisance,14106,full,pre_shift,35,0.12,-0.1,-0.15,0.06331442872292581,-0.02586066082210762,-0.015540876934222488,0.10893445549665742,-0.08082263561737195,-0.13248634726065175,1.445899743112581,3.77734553760225,False,0.09402998587611988,False,True,
signature_stationary_mixed_nuisance,14107,full,pre_shift,35,0.12,-0.1,-0.15,0.03180768665484083,-0.03848540943028495,-0.04317716247824911,0.10453120724424854,-0.08189643905664735,-0.13142390912871338,1.328824961001644,11.4242696049593,False,0.027556394479897585,False,True,
signature_stationary_mixed_nuisance,14108,full,pre_shift,35,0.12,-0.1,-0.15,0.0025672683017084665,-0.027216855961812385,-0.04187187985523083,0.09817812818452362,-0.08298153160727101,-0.13637488132740885,1.9985276588487215,28.79765777217445,False,0.04773833759659732,False,True,
signature_stationary_mixed_nuisance,14109,full,pre_shift,35,0.12,-0.1,-0.15,0.06427769226208196,-0.01941263255039529,-0.06157243530846095,0.10854315024626512,-0.08679731637564858,-0.1334406157107944,1.0835777034850387,5.051412194816729,False,0.19940816749186127,False,True,
signature_stationary_mixed_nuisance,14110,full,pre_shift,35,0.12,-0.1,-0.15,0.027373041446973934,-0.03205491796203187,-0.0516427028008458,0.10111565632431636,-0.08908109588258628,-0.13680739378686319,1.4702394053510395,11.233944064084467,False,0.03281155864108301,False,True,
signature_stationary_mixed_nuisance,14111,full,pre_shift,35,0.12,-0.1,-0.15,0.023521501491460657,-0.03034585340609814,-0.03306533607367434,0.1051951626750971,-0.07864560798412862,-0.1360495086651595,1.719694185733126,30.744735105439975,False,0.07034309463826466,False,True,
signature_stationary_mixed_nuisance,14112,full,pre_shift,35,0.12,-0.1,-0.15,0.03887416395102764,-0.02412070756814926,-0.0403550179212761,0.09875155073216683,-0.08091699339036927,-0.13300318795873214,1.3358431712530379,5.260954268615377,False,0.08582954152231499,False,True,
signature_stationary_mixed_nuisance,14113,full,pre_shift,35,0.12,-0.1,-0.15,0.048651147575568196,-0.021182634093820332,0.024328158094063135,0.11108426753554909,-0.08190126736926069,-0.1330050072536116,2.4295157762527917,29.81218381980582,False,0.05916604907962566,False,True,
signature_stationary_mixed_nuisance,14114,full,pre_shift,35,0.12,-0.1,-0.15,0.03671831641333336,-0.02416433273197515,-0.05410129232725353,0.10382988737531454,-0.08771342513675788,-0.13219248121599023,1.3838098745818683,25.9398734928788,False,0.035781621078186464,False,True,
signature_stationary_mixed_nuisance,14115,full,pre_shift,35,0.12,-0.1,-0.15,0.0016951050104712664,-0.02647881848353784,-0.02543133896154928,0.09783504093646067,-0.08164902019002249,-0.13207405161347457,2.154362282429553,26.418306158498265,False,0.0510458483083023,False,True,
signature_stationary_mixed_nuisance,14116,full,pre_shift,35,0.12,-0.1,-0.15,0.03767931914408071,-0.030214786227591377,-0.029641566892026457,0.10270209244861006,-0.0886935756113063,-0.12988030198688374,1.5257147427497424,29.503487656802427,False,0.04608877014938671,False,True,
signature_stationary_mixed_nuisance,14117,full,pre_shift,35,0.12,-0.1,-0.15,0.01638158635419502,-0.04011207205914456,-0.03689319935373338,0.10169932496162387,-0.08198239249525456,-0.13576495148002884,1.6704639950394664,15.004438810500448,False,0.03344342936106347,False,True,
signature_stationary_mixed_nuisance,14118,full,pre_shift,35,0.12,-0.1,-0.15,0.04133765841034513,-0.030810206565688836,-0.025096235696338277,0.10425039776669319,-0.07570001847101179,-0.1337465192879623,1.4330066665630143,39.53793984300888,False,0.22805730450759146,False,True,
signature_stationary_mixed_nuisance,14119,full,pre_shift,35,0.12,-0.1,-0.15,0.018258147029427862,-0.02441863808597781,-0.05811237416643167,0.10173838207796075,-0.08131950023142191,-0.1272563200113511,1.4990204672732717,10.80244496119948,False,0.09843855705810273,False,True,
signature_stationary_mixed_nuisance,14120,full,pre_shift,35,0.12,-0.1,-0.15,0.06995926438066995,-0.03589766748962652,-0.022852335955350873,0.11127696905904445,-0.08872358735734676,-0.12335564769337434,1.152045352422092,14.68011820345478,False,0.11316699071563105,False,True,
signature_stationary_mixed_nuisance,14121,full,pre_shift,35,0.12,-0.1,-0.15,0.03709625422791086,-0.03408474063842059,-0.02847530034471066,0.1071195575466967,-0.07740960144815569,-0.13508862014239056,1.5031409397143918,17.584150198188702,False,0.025817233665553347,False,True,
signature_stationary_mixed_nuisance,14122,full,pre_shift,35,0.12,-0.1,-0.15,0.04185475866767414,-0.03166074745456173,-0.07215918037991105,0.10641635189452638,-0.08019204415537194,-0.1346700729462934,1.0110169000790143,7.3838723968542785,False,0.08733438526947956,False,True,
signature_stationary_mixed_nuisance,14123,full,pre_shift,35,0.12,-0.1,-0.15,0.009780967745554,-0.040009389895779346,-0.026002031295232226,0.1027750203923514,-0.0803910013640029,-0.13623790046869869,1.9664766297564107,13.112180705203606,False,0.15515832119808842,False,True,
signature_stationary_mixed_nuisance,14124,full,pre_shift,35,0.12,-0.1,-0.15,0.042403402571729316,-0.034776659559061666,-0.0012124065621362135,0.10401375596832686,-0.08181646628439285,-0.12735694313880505,1.697576151829954,0.5482650084806142,False,0.04191908019694868,False,True,
signature_stationary_mixed_nuisance,14125,full,pre_shift,35,0.12,-0.1,-0.15,0.048526619597296226,-0.03338088920477449,-0.02751473643687014,0.11063079526808119,-0.08531186066651913,-0.13147821681273109,1.4406670012118223,14.381310351800797,False,0.03151569534380357,False,True,
signature_stationary_mixed_nuisance,14126,full,pre_shift,35,0.12,-0.1,-0.15,0.06292742843217794,-0.018244280954198878,-0.012253631498950436,0.10793386142911855,-0.07856880065191042,-0.14014441299631109,1.6763846481140348,12.364896873769979,False,0.035404530166813435,False,True,
signature_stationary_mixed_nuisance,14127,full,pre_shift,35,0.12,-0.1,-0.15,0.03845069855736866,-0.033185167672242805,-0.026207664708955542,0.1045325540482645,-0.08173133950632418,-0.13420593500270858,1.514294825938747,13.293207112927783,False,0.026275249311872098,False,True,
signature_stationary_mixed_nuisance,14128,full,pre_shift,35,0.12,-0.1,-0.15,0.04228319107129022,-0.03575435109738736,-0.013813096652228348,0.10315047102558177,-0.08365605555630609,-0.12553948989303637,1.4821931343788497,0.0,False,0.0668315660810088,False,True,
signature_stationary_mixed_nuisance,14129,full,pre_shift,35,0.12,-0.1,-0.15,0.034919029882005945,-0.0248883356358788,-0.04555057470642298,0.09514744156296917,-0.08234548618827085,-0.13223440109680987,1.283182599270085,6.774738719821193,False,0.04746352095604484,False,True,
signature_stationary_mixed_nuisance,14130,full,pre_shift,35,0.12,-0.1,-0.15,-0.00391591314934291,-0.017957054478843756,-0.04698968805163547,0.09337025726592642,-0.08345727004031382,-0.13758913349357557,2.1302600018869122,20.13795635412616,False,0.027694850530966614,False,True,
signature_stationary_mixed_nuisance,14101,full,pre_shift,36,0.12,0.1,0.15,0.02587068726269887,0.007680152557575328,0.0008151881903271934,0.0965367154499828,0.08678925435572558,0.1328949279254621,2.3994174605989604,4.071404802699535,True,0.14702439763820382,False,True,
signature_stationary_mixed_nuisance,14102,full,pre_shift,36,0.12,0.1,0.15,0.024950871700047537,0.017587463160460396,0.03314084594483816,0.10169905639545745,0.08206691426430324,0.13473463107027323,1.816631392645826,10.902861970656973,False,0.07320227816905839,False,True,
signature_stationary_mixed_nuisance,14103,full,pre_shift,36,0.12,0.1,0.15,0.03256373721057847,0.0040449162495172775,0.003095927108915054,0.09941865419072313,0.08396595949523752,0.1381444889846792,2.4001568636166852,22.44573808117366,False,0.1660656487120415,False,True,
signature_stationary_mixed_nuisance,14104,full,pre_shift,36,0.12,0.1,0.15,0.04113438243469534,0.012715710911422934,0.026278786863928726,0.09668802909777524,0.08604827556643051,0.13604610746546447,1.7386689934036854,14.54204082997271,False,0.022258712227196886,False,True,
signature_stationary_mixed_nuisance,14105,full,pre_shift,36,0.12,0.1,0.15,0.012968795871824519,0.019473351256105158,-0.0014697796600596604,0.09430747654356784,0.08674518055677362,0.12977803446704628,2.3766563221408794,17.963107961000087,False,0.05127644140351489,False,True,
signature_stationary_mixed_nuisance,14106,full,pre_shift,36,0.12,0.1,0.15,0.017232728486553345,0.03203167779861227,0.04162712316628362,0.09965314300985666,0.08913299001745852,0.1364481075810882,1.732976810238518,4.010322347840768,False,0.022487467893984148,False,True,
signature_stationary_mixed_nuisance,14107,full,pre_shift,36,0.12,0.1,0.15,0.02229598341260322,0.029098870865656396,0.050803578192202846,0.09809286446816459,0.08658944529370229,0.13829715682258883,1.5330178723475536,11.457287477306853,False,0.06815638014476842,False,True,
signature_stationary_mixed_nuisance,14108,full,pre_shift,36,0.12,0.1,0.15,0.019628332630912265,0.000456128103706644,-0.006608641437732479,0.09553821511418023,0.08368113264254017,0.13472629673111386,2.7291320027736456,30.026789774948096,False,0.010887032451787156,False,True,
signature_stationary_mixed_nuisance,14109,full,pre_shift,36,0.12,0.1,0.15,0.02617298262240049,0.016094341298230362,0.04512481771704936,0.10741149745354532,0.08354213840927975,0.13411705868659993,1.7918227644941958,5.343234959310925,False,0.03238724179587004,False,True,
signature_stationary_mixed_nuisance,14110,full,pre_shift,36,0.12,0.1,0.15,0.030615810829603497,0.030839633645690992,0.031861605611287376,0.10209846278232168,0.08563133354470678,0.13555770337746448,1.6146612434114458,11.348605307495912,False,0.03310093783992837,False,True,
signature_stationary_mixed_nuisance,14111,full,pre_shift,36,0.12,0.1,0.15,0.025560586390797706,0.01821065564110761,-0.021411696613923493,0.09552625108903712,0.08598337717158164,0.13258016841646222,2.583092456531913,31.827827561971887,False,0.035156043979877136,False,True,
signature_stationary_mixed_nuisance,14112,full,pre_shift,36,0.12,0.1,0.15,0.02820296870189037,0.02508434619318332,0.0368137272270457,0.1021121185117527,0.08764804348951667,0.1359744680245784,1.707767267923245,5.468721536538622,False,0.09344626712718745,False,True,
signature_stationary_mixed_nuisance,14113,full,pre_shift,36,0.12,0.1,0.15,0.025136605092042512,0.02191300751512245,0.03364901713277964,0.10302097442259059,0.08625136949659369,0.13795685951229295,1.8695402256911084,30.181724045496928,False,0.020682631825942228,False,True,
signature_stationary_mixed_nuisance,14114,full,pre_shift,36,0.12,0.1,0.15,0.03455908112540562,-0.0011880962800226923,0.0016138304274347962,0.0961621923014467,0.0857432782912463,0.13325719373797057,2.404068070453301,26.843941563332102,False,0.10943126384066654,False,True,
signature_stationary_mixed_nuisance,14115,full,pre_shift,36,0.12,0.1,0.15,0.018186400248645006,0.01743423114783773,-0.00872817768734523,0.09422746155639533,0.08535082453916155,0.13487680596917284,2.500153309999063,27.41845946849733,False,0.04991373875581712,False,True,
signature_stationary_mixed_nuisance,14116,full,pre_shift,36,0.12,0.1,0.15,-0.008531542806752857,0.02539181147057138,0.006580297056156792,0.09888138167798396,0.08239318136990177,0.13469838936276213,2.7511086810131182,30.754596337815546,False,0.011201665085919415,False,True,
signature_stationary_mixed_nuisance,14117,full,pre_shift,36,0.12,0.1,0.15,0.0003867792391211689,0.05463532331047207,-0.01215895529103215,0.09518361246847973,0.08961781136088404,0.13826628368046334,2.5964904159823132,16.100929226482762,False,0.06091310130052947,False,True,
signature_stationary_mixed_nuisance,14118,full,pre_shift,36,0.12,0.1,0.15,-0.004876097552449807,0.032918070738874976,0.00455927609114741,0.10494229210381874,0.09121953151910604,0.13552248539078887,2.8707705427280135,40.90871038573689,False,0.047187264987203555,False,True,
signature_stationary_mixed_nuisance,14119,full,pre_shift,36,0.12,0.1,0.15,0.04133519838986667,0.002367287204176084,0.03910675448358026,0.10169067941804277,0.08321076438040614,0.14068165307370706,1.8327795285762083,11.13522448977569,False,0.09484218891873919,False,True,
signature_stationary_mixed_nuisance,14120,full,pre_shift,36,0.12,0.1,0.15,0.04698895807197615,0.028678446002210766,0.03309344388067936,0.10342784745356713,0.08906991755821728,0.1445334852221929,1.5504116688415133,14.730529872296295,False,0.029558678131666773,False,True,
signature_stationary_mixed_nuisance,14121,full,pre_shift,36,0.12,0.1,0.15,0.034765075741463855,0.02831530517323142,0.03567778659850479,0.1068221175650444,0.0879510728535319,0.13745792070984822,1.6597260798839437,17.743876278072644,False,0.12115844970094339,False,True,
signature_stationary_mixed_nuisance,14122,full,pre_shift,36,0.12,0.1,0.15,0.016789071583686758,0.03819076997100685,-0.004563512524863096,0.09437084271010769,0.08567434051090213,0.13097851126239105,2.1100029244484326,7.993875321302712,False,0.04872096213030789,False,True,
signature_stationary_mixed_nuisance,14123,full,pre_shift,36,0.12,0.1,0.15,0.01424784894090253,0.034578395673857426,-0.0027414062178233475,0.09510239459707726,0.08787121773094131,0.13679845258461373,2.3065912006676377,13.918771905871244,False,0.029077243287888833,False,True,
signature_stationary_mixed_nuisance,14124,full,pre_shift,36,0.12,0.1,0.15,0.03397386847904543,0.027856136005791014,0.04391689316565188,0.09868659143629001,0.08594380217526366,0.1432230826906481,1.4963680391901226,0.5446330476707368,False,0.05553337460660927,False,True,
signature_stationary_mixed_nuisance,14125,full,pre_shift,36,0.12,0.1,0.15,0.03457291222045612,0.026697949275432804,0.04198054449258548,0.10028429065718772,0.08625676182209004,0.13859249743964264,1.498860122603492,14.38017047440429,False,0.09493915782349299,False,True,
signature_stationary_mixed_nuisance,14126,full,pre_shift,36,0.12,0.1,0.15,0.028411377830978884,0.028431448249296488,0.05194956704998079,0.10814503890103772,0.08875048631924924,0.13522082945462013,1.595502834087614,12.460399707857594,False,0.028597724925284663,False,True,
signature_stationary_mixed_nuisance,14127,full,pre_shift,36,0.12,0.1,0.15,0.032129930438886706,0.021096722489365984,0.028661587063340495,0.09711996659354659,0.08607931408317675,0.134771184280163,1.6885811235090635,13.481788236436847,False,0.13435177532292372,False,True,
signature_stationary_mixed_nuisance,14128,full,pre_shift,36,0.12,0.1,0.15,0.013623766740216925,0.04564805560814363,0.048707175881114756,0.10011642944949152,0.08629527717632639,0.14401290861264787,1.6247769837893318,0.12477698378933177,False,0.017499283756108687,False,True,
signature_stationary_mixed_nuisance,14129,full,pre_shift,36,0.12,0.1,0.15,0.02487965629977843,0.02165131200514362,0.028677456504735275,0.09965329551647273,0.08241406463536162,0.13405167566534743,1.7754793012832002,7.050218021104393,False,0.012720421002981756,False,True,
signature_stationary_mixed_nuisance,14130,full,pre_shift,36,0.12,0.1,0.15,0.025535416245185766,0.002151426786631197,0.0035119573675641324,0.09597739956235415,0.08153659014084792,0.1347310675657036,2.390549542698652,21.02850589682481,False,0.012300259278444898,False,True,
signature_stationary_mixed_nuisance,14101,full,pre_shift,37,-0.2,0.0,-0.2,-0.06976773595984834,0.02544011310562644,-0.07426693551179077,-0.15578414966808804,0.009301438924257376,-0.19398231896876098,1.8095272879097795,4.380932090609314,False,0.025002405935639738,False,True,
signature_stationary_mixed_nuisance,14102,full,pre_shift,37,-0.2,0.0,-0.2,-0.10562916881610201,0.02529483913470348,-0.07320802139708438,-0.164929719149453,0.004974958186182636,-0.1957408291940505,1.404385389128948,10.80724735978592,False,0.01014742545046647,False,True,
signature_stationary_mixed_nuisance,14103,full,pre_shift,37,-0.2,0.0,-0.2,-0.07008378335692622,0.011191926259964114,-0.019134543140253268,-0.15988080883207226,0.0037367862748637825,-0.1970266962234101,2.948538947398486,23.894277028572144,False,0.006660768061439587,False,True,
signature_stationary_mixed_nuisance,14104,full,pre_shift,37,-0.2,0.0,-0.2,-0.08159152437601926,0.01659837147901321,-0.06389487817508208,-0.16638701681446635,0.00167434969705846,-0.20225556581614085,2.0806236789795443,15.122664508952253,False,0.033639594788082275,False,True,
signature_stationary_mixed_nuisance,14105,full,pre_shift,37,-0.2,0.0,-0.2,-0.04648917579905569,0.014634909574431374,-0.04831988148485794,-0.1563432748329524,0.006363230062445484,-0.19374654405165365,2.7700621895886974,19.233170150588784,False,0.009679572395955524,False,True,
signature_stationary_mixed_nuisance,14106,full,pre_shift,37,-0.2,0.0,-0.2,-0.0657375841491601,0.02095754710939029,-0.08367072296575619,-0.16311936871326388,0.00367277997988164,-0.19683125188112835,1.9675033968405933,4.477825744681361,False,0.051805661447466435,False,True,
signature_stationary_mixed_nuisance,14107,full,pre_shift,37,-0.2,0.0,-0.2,-0.07199634936704691,0.010466777851013269,-0.04602833424218795,-0.15626562423823462,0.008203942956860815,-0.1961107332683689,2.2574746324583344,12.214762109765188,False,0.04106848338284387,False,True,
signature_stationary_mixed_nuisance,14108,full,pre_shift,37,-0.2,0.0,-0.2,-0.05822913053051568,0.019674957023328818,-0.05929436906451202,-0.15711675145666726,0.008965731960267922,-0.20067168650481096,2.4295186475110033,30.9563084224591,False,0.02292161922088751,False,True,
signature_stationary_mixed_nuisance,14109,full,pre_shift,37,-0.2,0.0,-0.2,-0.05362307037468922,0.012704902311130816,-0.09384388560616912,-0.15968752371217473,0.0029764281004660705,-0.2034566862997607,2.1032071534556716,5.946442112766596,False,0.07460439853570915,False,True,
signature_stationary_mixed_nuisance,14110,full,pre_shift,37,-0.2,0.0,-0.2,-0.06859127654930718,0.022396042602850087,-0.09358197737936845,-0.16049906979372444,0.006340191459150103,-0.19895081855411959,1.7322067063183837,11.580812013814295,False,0.0271614055728629,False,True,
signature_stationary_mixed_nuisance,14111,full,pre_shift,37,-0.2,0.0,-0.2,-0.050139698547935256,0.012749906652690443,-0.05505008096292813,-0.15521038743115695,0.008090309014903076,-0.20131408581502344,2.6566857773883594,32.98451333936025,False,0.0432553428015158,False,True,
signature_stationary_mixed_nuisance,14112,full,pre_shift,37,-0.2,0.0,-0.2,-0.0957713528410256,0.010828173668250334,-0.07350606457382795,-0.17102695702811954,-0.00020609672510012926,-0.19850528787599492,1.6623176040621568,5.6310391406007785,False,0.04962160573960267,False,True,
signature_stationary_mixed_nuisance,14113,full,pre_shift,37,-0.2,0.0,-0.2,-0.05442879164099471,-0.0040036504324791776,-0.014633175218037657,-0.1573202357949832,0.00575730157061352,-0.19427343413065182,3.2948831265723304,31.976607172069258,False,0.060288011410895556,False,True,
signature_stationary_mixed_nuisance,14114,full,pre_shift,37,-0.2,0.0,-0.2,-0.05120210259250373,0.005709116478124291,-0.046805231405662485,-0.1587125414990056,0.005396874700610855,-0.20513533538117196,2.9442923220026245,28.288233885334726,False,0.02956521658616645,False,True,
signature_stationary_mixed_nuisance,14115,full,pre_shift,37,-0.2,0.0,-0.2,-0.07552616265271445,0.014872382864531507,-0.06166262262007151,-0.1560045438854835,0.006581021794620439,-0.19890144769587995,1.9578935282607401,27.87635299675807,False,0.0698876062606734,False,True,
signature_stationary_mixed_nuisance,14116,full,pre_shift,37,-0.2,0.0,-0.2,-0.04239458403071584,0.030115368251360172,-0.09662742391800631,-0.1514904551835582,0.005721882704070078,-0.1950459970773475,2.095032872039083,31.34962920985463,False,0.017635524447861428,False,True,
signature_stationary_mixed_nuisance,14117,full,pre_shift,37,-0.2,0.0,-0.2,-0.07748492700383104,0.011870298006677148,-0.09753895851032196,-0.15612086309689327,0.007552855520881067,-0.19801516781044823,1.3700023849363063,15.970931611419068,False,0.009695333989302125,False,True,
signature_stationary_mixed_nuisance,14118,full,pre_shift,37,-0.2,0.0,-0.2,-0.04816237497272673,-0.0007852947674007186,-0.054618123025484806,-0.15383144263951393,0.006179925518404728,-0.20093532004144973,2.6764648473034147,42.0851752330403,False,0.03047276176292949,False,True,
signature_stationary_mixed_nuisance,14119,full,pre_shift,37,-0.2,0.0,-0.2,-0.055725749341278705,0.007254296087661656,-0.05015569110795217,-0.1538567795343665,0.007996129397685852,-0.20275318978986165,2.6052234614638623,12.240447951239553,False,0.011043028538608881,False,True,
signature_stationary_mixed_nuisance,14120,full,pre_shift,37,-0.2,0.0,-0.2,-0.06403604894050875,-0.020159127372526807,-0.006523677305852485,-0.16104598619092322,-0.005680173043287458,-0.19795925646178714,3.4362028577111747,16.666732730007467,False,0.009400984313768457,False,True,
signature_stationary_mixed_nuisance,14121,full,pre_shift,37,-0.2,0.0,-0.2,-0.06393782041097158,-0.012900632993063831,-0.03449297829182039,-0.15693662365201208,0.0015497964340337705,-0.20450253004688884,2.8641498198601063,19.10802609793275,False,0.031380922983862476,False,True,
signature_stationary_mixed_nuisance,14122,full,pre_shift,37,-0.2,0.0,-0.2,-0.0654569010486182,0.018847324159024747,-0.1384163291932592,-0.15654255126269778,0.00582182989727774,-0.2028556331991778,1.2690576500767403,7.762932971379452,False,0.027748760747975443,False,True,
signature_stationary_mixed_nuisance,14123,full,pre_shift,37,-0.2,0.0,-0.2,-0.06419151505593017,0.017649995807394427,-0.052922869765081176,-0.1567898614255231,0.005319023744625367,-0.19540382978005658,2.3111854825169025,14.729957388388147,False,0.017959714041843097,False,True,
signature_stationary_mixed_nuisance,14124,full,pre_shift,37,-0.2,0.0,-0.2,-0.08725709290950527,0.01753252870370686,-0.09111654486899204,-0.15566254051391326,0.008881704461795873,-0.20128922701789753,1.3247248208384728,0.3693578685092096,False,0.051481695344639804,False,True,
signature_stationary_mixed_nuisance,14125,full,pre_shift,37,-0.2,0.0,-0.2,-0.06577525082706431,-0.004425467693894829,-0.00971725070792814,-0.15404361527125596,0.006369850888798428,-0.1986637671944088,3.1789084571624193,16.05907893156671,False,0.01793706681841917,False,True,
signature_stationary_mixed_nuisance,14126,full,pre_shift,37,-0.2,0.0,-0.2,-0.06998046739190301,0.008755947543005339,-0.05953202351582583,-0.1599738972971573,0.0030133064978275547,-0.2009571767094103,2.2193834459202324,13.179783153777826,False,0.011288085343884114,False,True,
signature_stationary_mixed_nuisance,14127,full,pre_shift,37,-0.2,0.0,-0.2,-0.08191406219807935,0.01421037102069661,-0.08128393378656841,-0.15832236501790883,0.006538396916088562,-0.19966910828565376,1.5791490939578559,13.560937330394703,False,0.021332898996747438,False,True,
signature_stationary_mixed_nuisance,14128,full,pre_shift,37,-0.2,0.0,-0.2,-0.09246889960681823,0.014603047337618857,-0.06588983242977352,-0.15843886707349894,0.0036655994917040766,-0.19438251054388334,1.5634209056789603,0.18819788946829208,False,0.027042805475228554,False,True,
signature_stationary_mixed_nuisance,14129,full,pre_shift,37,-0.2,0.0,-0.2,-0.10029536648509457,0.020174695644809393,-0.09202641898669699,-0.16432144622048886,0.0006395786831630171,-0.19477974041788332,1.1918266101488029,6.742044631253195,False,0.028156691433359436,False,True,
signature_stationary_mixed_nuisance,14130,full,pre_shift,37,-0.2,0.0,-0.2,-0.07958726572419467,0.015263378526887103,-0.07933102377332883,-0.16890724805146073,-0.005039304739755732,-0.19664439790381744,1.8604860118032596,21.38899190862807,False,0.06355913321616449,False,True,
signature_stationary_mixed_nuisance,14101,full,pre_shift,38,-0.2,0.0,0.2,-0.09776207310430829,-0.006052794804849572,0.08565704795460014,-0.15092839239706934,0.013810445585774959,0.18086066902996883,0.9538202231758909,3.8347523137852053,False,0.008973539531505339,False,True,
signature_stationary_mixed_nuisance,14102,full,pre_shift,38,-0.2,0.0,0.2,-0.08999720665347982,0.008708754961648576,0.013492964732706496,-0.1537136830964471,0.00799966286529713,0.18482215376290856,2.333586596686604,11.640833956472525,False,0.037546223784640516,False,True,
signature_stationary_mixed_nuisance,14103,full,pre_shift,38,-0.2,0.0,0.2,-0.07352430010222105,-0.006345790110053333,0.07119677891011765,-0.1465727858795566,0.0071434419723524645,0.18352421809910013,1.4555895520234958,23.84986658059564,False,0.048967793633708526,False,True,
signature_stationary_mixed_nuisance,14104,full,pre_shift,38,-0.2,0.0,0.2,-0.07716121899837655,0.0005012385194888246,0.0665030049065544,-0.15983453427035416,0.0005176279060079319,0.17626371828592216,1.575659018973653,15.198323527925906,False,0.012396206613200367,False,True,
signature_stationary_mixed_nuisance,14105,full,pre_shift,38,-0.2,0.0,0.2,-0.08277329494291367,0.006452581745803803,0.08293120575091993,-0.1500275552605735,0.010007873094257352,0.18087856369011152,1.143400498287914,18.876570648876697,False,0.07086864383005129,False,True,
signature_stationary_mixed_nuisance,14106,full,pre_shift,38,-0.2,0.0,0.2,-0.09768410762364159,-0.01050860698314154,0.06504590899804504,-0.1608581328537826,0.0038186177841734574,0.17808089479805306,1.3053711844007005,4.283196929082061,False,0.03206601314720592,False,True,
signature_stationary_mixed_nuisance,14107,full,pre_shift,38,-0.2,0.0,0.2,-0.06747950462431158,0.01212476486907956,0.02800670923261158,-0.1495061921460393,0.012469318569058578,0.18766652829652786,2.411310619421387,13.126072729186575,False,0.11428093433048185,False,True,
signature_stationary_mixed_nuisance,14108,full,pre_shift,38,-0.2,0.0,0.2,-0.06723240189420701,-0.0045764021865058735,0.037892883701399156,-0.14823128013944023,0.010054025113458136,0.18020431910804455,2.087856658115735,31.544165080574835,False,0.030433535989194876,False,True,
signature_stationary_mixed_nuisance,14109,full,pre_shift,38,-0.2,0.0,0.2,-0.07212143656596473,-0.01597248221417014,0.047211179321588706,-0.15177720904245115,0.0025669741206899746,0.1783338823400642,1.8849949870747285,6.331437099841325,False,0.021894530427346723,False,True,
signature_stationary_mixed_nuisance,14110,full,pre_shift,38,-0.2,0.0,0.2,-0.07006759729288348,0.004994152404317988,0.023251075946179464,-0.15557464867882656,0.006849161773471157,0.18270722775870396,2.47645350246288,12.557265516277175,False,0.03402040760280086,False,True,
signature_stationary_mixed_nuisance,14111,full,pre_shift,38,-0.2,0.0,0.2,-0.06081025852812997,0.00033998849998602063,0.01002020394341151,-0.15304971105799936,0.00939324584495332,0.178993823512651,2.8274083207998433,34.31192166016009,False,0.037345912863613266,False,True,
signature_stationary_mixed_nuisance,14112,full,pre_shift,38,-0.2,0.0,0.2,-0.0777348214135043,-0.0015910205812795593,0.044758265577751526,-0.16303612600518608,-0.0005977677691261826,0.18554492732874636,2.118440886801416,6.249480027402194,False,0.02117052985259689,False,True,
signature_stationary_mixed_nuisance,14113,full,pre_shift,38,-0.2,0.0,0.2,-0.07390346204846736,-0.013861740202768143,0.047953477040124745,-0.1475542483058394,0.008728831767241194,0.18301453443662888,1.8598452508329686,32.33645242290223,False,0.013776751864653467,False,True,
signature_stationary_mixed_nuisance,14114,full,pre_shift,38,-0.2,0.0,0.2,-0.0724791202122422,-0.002299700578545303,0.027403703350401695,-0.15944176443114136,0.007973443996065687,0.17286617861985715,2.2510640350089717,29.0392979203437,False,0.042102857276607536,False,True,
signature_stationary_mixed_nuisance,14115,full,pre_shift,38,-0.2,0.0,0.2,-0.06446003590755527,0.00965612658977594,0.022011817008512586,-0.1454557255094214,0.010848969361310036,0.183055713139892,2.4193828982850087,28.795735895043077,False,0.014359512966600688,False,True,
signature_stationary_mixed_nuisance,14116,full,pre_shift,38,-0.2,0.0,0.2,-0.0512176846843605,0.010533333819890908,0.009569681398573324,-0.1450457733355246,0.009934296816546546,0.18542856353256876,3.002889580394601,32.85251879024923,False,0.0055717582855093675,False,True,
signature_stationary_mixed_nuisance,14117,full,pre_shift,38,-0.2,0.0,0.2,-0.07470983106224385,0.00851576168688162,0.03432975348908292,-0.1469878171887472,0.009377999972971063,0.18838032271333333,2.1198398195983397,16.59077143101741,False,0.054556011855652745,False,True,
signature_stationary_mixed_nuisance,14118,full,pre_shift,38,-0.2,0.0,0.2,-0.03339778350824581,-0.002159817874000822,0.011440654558343902,-0.14518616927022687,0.008226661530139939,0.1839449094381349,3.387337185068834,43.97251241810914,False,0.023591510558557932,False,True,
signature_stationary_mixed_nuisance,14119,full,pre_shift,38,-0.2,0.0,0.2,-0.07704790326155214,-0.008183337288894,0.06569445656906654,-0.14577356000923117,0.011099207347033185,0.18035314284143616,1.439372114475493,12.179820065715045,False,0.02070671135660076,False,True,
signature_stationary_mixed_nuisance,14120,full,pre_shift,38,-0.2,0.0,0.2,-0.0928429264477375,-0.013456865464961278,0.0699030123749666,-0.15886926374085164,-0.0025793897880106334,0.18947351421375014,1.4350195377728368,16.601752267780306,False,0.023849818133401333,False,True,
signature_stationary_mixed_nuisance,14121,full,pre_shift,38,-0.2,0.0,0.2,-0.06700992981376944,-0.01925996938231957,0.03562272071428173,-0.14601704180170347,0.002536107580087891,0.1775983139739323,2.074508725920445,19.682534823853196,False,0.026222159364466313,False,True,
signature_stationary_mixed_nuisance,14122,full,pre_shift,38,-0.2,0.0,0.2,-0.07881955012778663,0.008725245613130903,0.011167989475913381,-0.1544917412183027,0.007855956784119607,0.17859408714479189,2.449563310592095,8.712496281971546,False,0.016909169115636318,False,True,
signature_stationary_mixed_nuisance,14123,full,pre_shift,38,-0.2,0.0,0.2,-0.09625837948480859,-0.012060791882321073,0.08311103284460829,-0.15057625446564973,0.008450829151036598,0.18314860303885647,1.0329063898671975,14.262863778255344,False,0.03614841896444599,False,True,
signature_stationary_mixed_nuisance,14124,full,pre_shift,38,-0.2,0.0,0.2,-0.09547708549499984,0.0131497483563682,0.03718240545028362,-0.14799020327892579,0.011433539146480627,0.18751419832566185,1.7526791619788942,0.6220370304881038,False,0.03241019394619207,False,True,
signature_stationary_mixed_nuisance,14125,full,pre_shift,38,-0.2,0.0,0.2,-0.08690352196854084,-0.01151426610903775,0.06336344485044802,-0.1475364566624748,0.009044710591276026,0.18479652739828784,1.4200532514163824,15.979132182983092,False,0.033679317174208974,False,True,
signature_stationary_mixed_nuisance,14126,full,pre_shift,38,-0.2,0.0,0.2,-0.07951325339834531,-0.015621640116170163,0.04075653534372599,-0.15198475942944628,0.002522489361977254,0.18063942887482975,1.9009061415713786,13.580689295349206,False,0.0406435325730009,False,True,
signature_stationary_mixed_nuisance,14127,full,pre_shift,38,-0.2,0.0,0.2,-0.08605385048545629,0.01111966710200147,0.008423321421602086,-0.15419517336940217,0.008403597553887244,0.18264318968008986,2.4672359664852452,14.528173296879949,False,0.028815363954628064,False,True,
signature_stationary_mixed_nuisance,14128,full,pre_shift,38,-0.2,0.0,0.2,-0.08951236068196852,-0.006038388077910234,0.0882993710973119,-0.14577943142915226,0.00759528431258791,0.19518719650278868,1.116066735828759,0.0,False,0.022173837430261654,False,True,
signature_stationary_mixed_nuisance,14129,full,pre_shift,38,-0.2,0.0,0.2,-0.07338077271789324,0.00195426528517626,0.02267268241266301,-0.15675865145113418,0.0016850071803107386,0.18561586030899044,2.5050071802101583,7.747051811463354,False,0.03248675525061616,False,True,
signature_stationary_mixed_nuisance,14130,full,pre_shift,38,-0.2,0.0,0.2,-0.06425777747221798,-0.0031710723906132267,0.06537893619402466,-0.1596356635146211,-0.0038349856442696714,0.18340355009932863,1.967567489986167,21.856559398614237,False,0.03383559480628506,False,True,
signature_stationary_mixed_nuisance,14101,full,pre_shift,39,0.12,-0.1,-0.15,0.032377246065168654,-0.024113601094665003,-0.044900959551329285,0.10191896781900286,-0.07496100672907977,-0.13169473677533797,1.3423139432748503,3.677066257060056,False,0.033293394586504356,False,True,
signature_stationary_mixed_nuisance,14102,full,pre_shift,39,0.12,-0.1,-0.15,0.03840102079041975,-0.030488477795437115,-0.012997195870329296,0.09875293702345549,-0.0836685614298502,-0.1311685474858006,1.6266980897832093,11.767532046255734,False,0.06294003018025389,False,True,
signature_stationary_mixed_nuisance,14103,full,pre_shift,39,0.12,-0.1,-0.15,0.011937189279685456,-0.02879839708615411,-0.022094674097504107,0.09745835183661142,-0.08452780083712202,-0.1305522001613928,1.959218012267135,24.309084592862778,False,0.024660013153116653,False,True,
signature_stationary_mixed_nuisance,14104,full,pre_shift,39,0.12,-0.1,-0.15,0.005516568430521822,-0.030507923395703285,-0.02530114950862877,0.09952615936510273,-0.08409316531230875,-0.13650939913630983,2.145489738907936,15.843813266833841,False,0.05247001295352373,False,True,
signature_stationary_mixed_nuisance,14105,full,pre_shift,39,0.12,-0.1,-0.15,0.011282728950559722,-0.026913401321891323,-0.04537781800641493,0.10106249871996405,-0.08497835356242069,-0.1368420231212502,1.8547990264479985,19.231369675324697,False,0.0947893162509741,False,True,
signature_stationary_mixed_nuisance,14106,full,pre_shift,39,0.12,-0.1,-0.15,0.06145021175145959,-0.028803037815451533,0.0018708140565108185,0.10893445549665742,-0.08082263561737195,-0.13248634726065175,1.7031969751908205,4.486393904272882,False,0.06440631531880578,False,True,
signature_stationary_mixed_nuisance,14107,full,pre_shift,39,0.12,-0.1,-0.15,0.029238249783185503,-0.03668310735914846,-0.05007949791838302,0.10453120724424854,-0.08189643905664735,-0.13142390912871338,1.3194132410157473,12.945485970202322,False,0.04516415843137616,False,True,
signature_stationary_mixed_nuisance,14108,full,pre_shift,39,0.12,-0.1,-0.15,0.007006877063514136,-0.029607986642089783,-0.039856375377858626,0.09817812818452362,-0.08298153160727101,-0.13637488132740885,1.893837404129575,31.93800248470441,False,0.041971574350807256,False,True,
signature_stationary_mixed_nuisance,14109,full,pre_shift,39,0.12,-0.1,-0.15,0.05278279314437798,-0.01753780727291441,-0.022692054314263577,0.10854315024626512,-0.08679731637564858,-0.1334406157107944,1.676736072485119,6.508173172326444,False,0.08872187178533535,False,True,
signature_stationary_mixed_nuisance,14110,full,pre_shift,39,0.12,-0.1,-0.15,0.0346764684041278,-0.03174900185541589,-0.055692145839946555,0.10111565632431636,-0.08908109588258628,-0.13680739378686319,1.3110927158583405,12.368358232135515,False,0.025183522863846394,False,True,
signature_stationary_mixed_nuisance,14111,full,pre_shift,39,0.12,-0.1,-0.15,0.03000247800019555,-0.030599530652169537,-0.038565757751541224,0.1051951626750971,-0.07864560798412862,-0.1360495086651595,1.5284596953672775,34.34038135552736,False,0.04250638084145141,False,True,
signature_stationary_mixed_nuisance,14112,full,pre_shift,39,0.12,-0.1,-0.15,0.04015568971462789,-0.02355525474873627,-0.050972360448796036,0.09875155073216683,-0.08091699339036927,-0.13300318795873214,1.2094041044793593,5.958884131881554,False,0.04752305831794927,False,True,
signature_stationary_mixed_nuisance,14113,full,pre_shift,39,0.12,-0.1,-0.15,0.05827663250829213,-0.02109035806608139,0.02752234122862175,0.11108426753554909,-0.08190126736926069,-0.1330050072536116,2.363787270786362,33.20023969368859,False,0.07623491931454993,False,True,
signature_stationary_mixed_nuisance,14114,full,pre_shift,39,0.12,-0.1,-0.15,0.03586682875544529,-0.027047310376033834,-0.04961816827410095,0.10382988737531454,-0.08771342513675788,-0.13219248121599023,1.3996512160311212,28.93894913637482,False,0.012606471867491134,False,True,
signature_stationary_mixed_nuisance,14115,full,pre_shift,39,0.12,-0.1,-0.15,0.0025228587322095263,-0.02960303429225746,-0.026811605582396956,0.09783504093646067,-0.08164902019002249,-0.13207405161347457,2.0779224703498245,29.373658365392902,False,0.046787785777941966,False,True,
signature_stationary_mixed_nuisance,14116,full,pre_shift,39,0.12,-0.1,-0.15,0.038148200934779976,-0.031531797306749126,-0.03247361898292705,0.10270209244861006,-0.0886935756113063,-0.12988030198688374,1.4658148394359685,32.8183336296852,False,0.05912364591000131,False,True,
signature_stationary_mixed_nuisance,14117,full,pre_shift,39,0.12,-0.1,-0.15,0.01208925302957784,-0.037799800187574555,-0.04146597169109713,0.10169932496162387,-0.08198239249525456,-0.13576495148002884,1.7277091085537821,16.81848053957119,False,0.01786606170990094,False,True,
signature_stationary_mixed_nuisance,14118,full,pre_shift,39,0.12,-0.1,-0.15,0.03873871182829546,-0.02980393489933974,-0.019453238041401054,0.10425039776669319,-0.07570001847101179,-0.1337465192879623,1.561016817010901,44.03352923512004,False,0.19972331359596,False,True,
signature_stationary_mixed_nuisance,14119,full,pre_shift,39,0.12,-0.1,-0.15,0.02006140421763436,-0.02689045393933628,-0.049241081647371746,0.10173838207796075,-0.08131950023142191,-0.1272563200113511,1.513009659399225,12.19282972511427,False,0.0403389190330101,False,True,
signature_stationary_mixed_nuisance,14120,full,pre_shift,39,0.12,-0.1,-0.15,0.06479050926051866,-0.033508739198124665,-0.01724425173150691,0.11127696905904445,-0.08872358735734676,-0.12335564769337434,1.3098466141591625,16.41159888193947,False,0.06539702299405024,False,True,
signature_stationary_mixed_nuisance,14121,full,pre_shift,39,0.12,-0.1,-0.15,0.0389474457595492,-0.03201875261289459,-0.032370661189373394,0.1071195575466967,-0.07740960144815569,-0.13508862014239056,1.443241409842862,19.625776233696058,False,0.049415926754710626,False,True,
signature_stationary_mixed_nuisance,14122,full,pre_shift,39,0.12,-0.1,-0.15,0.045846436833126204,-0.030481509659032593,-0.06386459079118581,0.10641635189452638,-0.08019204415537194,-0.1346700729462934,1.0341606164116164,8.246656898383163,False,0.04773983061877633,False,True,
signature_stationary_mixed_nuisance,14123,full,pre_shift,39,0.12,-0.1,-0.15,0.006780925558660484,-0.036317927479536036,-0.029383335275985023,0.1027750203923514,-0.0803910013640029,-0.13623790046869869,2.0241567059827767,14.78702048423812,False,0.10750772773403708,False,True,
signature_stationary_mixed_nuisance,14124,full,pre_shift,39,0.12,-0.1,-0.15,0.04677229641004697,-0.03134774468466238,-0.017044688575655748,0.10401375596832686,-0.08181646628439285,-0.12735694313880505,1.4409906264074477,0.5630276568955515,False,0.09183193122097871,False,True,
signature_stationary_mixed_nuisance,14125,full,pre_shift,39,0.12,-0.1,-0.15,0.046697173186175424,-0.030060658043069826,-0.03040181742380812,0.11063079526808119,-0.08531186066651913,-0.13147821681273109,1.472699516461148,15.95183169944424,False,0.03197346368431972,False,True,
signature_stationary_mixed_nuisance,14126,full,pre_shift,39,0.12,-0.1,-0.15,0.057593151661318426,-0.019517740996088915,-0.004347644310581658,0.10793386142911855,-0.07856880065191042,-0.14014441299631109,1.8488238302490003,13.929513125598206,False,0.04059925984309398,False,True,
signature_stationary_mixed_nuisance,14127,full,pre_shift,39,0.12,-0.1,-0.15,0.03790021178442769,-0.030790245816444812,-0.03626458189591879,0.1045325540482645,-0.08173133950632418,-0.13420593500270858,1.4198213080304376,14.447994604910386,False,0.04219514108064463,False,True,
signature_stationary_mixed_nuisance,14128,full,pre_shift,39,0.12,-0.1,-0.15,0.042958158524870706,-0.035160916808245846,-0.016627230657352648,0.10315047102558177,-0.08365605555630609,-0.12553948989303637,1.4404212707399804,0.0,False,0.05029398587795899,False,True,
signature_stationary_mixed_nuisance,14129,full,pre_shift,39,0.12,-0.1,-0.15,0.037818370598976914,-0.02434553421321699,-0.040594916966362984,0.09514744156296917,-0.08234548618827085,-0.13223440109680987,1.305844114094772,7.5528959255581265,False,0.06294699856842643,False,True,
signature_stationary_mixed_nuisance,14130,full,pre_shift,39,0.12,-0.1,-0.15,-0.004501965131740869,-0.01643795675348844,-0.05024350233219478,0.09337025726592642,-0.08345727004031382,-0.13758913349357557,2.1314196738313416,22.48797907244558,False,0.04628156815421548,False,True,
signature_stationary_mixed_nuisance,14101,full,pre_shift,40,0.12,0.1,0.15,0.02877510150428232,0.005989179323851793,0.01902046950063643,0.0965367154499828,0.08678925435572558,0.1328949279254621,2.1070993934190736,4.28416565047913,False,0.044985927596627326,False,True,
signature_stationary_mixed_nuisance,14102,full,pre_shift,40,0.12,0.1,0.15,0.027894201938217025,0.015980673132498742,0.032176687749569034,0.10169905639545745,0.08206691426430324,0.13473463107027323,1.8019955030785397,12.069527549334275,False,0.06418092717942228,False,True,
signature_stationary_mixed_nuisance,14103,full,pre_shift,40,0.12,0.1,0.15,0.033941878306087074,0.008709356464920652,-0.004301200836497914,0.09941865419072313,0.08396595949523752,0.1381444889846792,2.426862795593608,25.235947388456385,False,0.2158402431074194,False,True,
signature_stationary_mixed_nuisance,14104,full,pre_shift,40,0.12,0.1,0.15,0.04132159935321698,0.012777442414734273,0.020867659223706037,0.09668802909777524,0.08604827556643051,0.13604610746546447,1.8094272801700049,16.153240547003847,False,0.008408871121800573,False,True,
signature_stationary_mixed_nuisance,14105,full,pre_shift,40,0.12,0.1,0.15,0.014281891916600502,0.01626100957239516,0.005427929103524229,0.09430747654356784,0.08674518055677362,0.12977803446704628,2.2936524938499643,20.02502216917466,False,0.03316977185497847,False,True,
signature_stationary_mixed_nuisance,14106,full,pre_shift,40,0.12,0.1,0.15,0.015435893848810178,0.03129720357962177,0.042341177557524264,0.09965314300985666,0.08913299001745852,0.1364481075810882,1.769217571422737,4.755611475695619,False,0.030873999131066542,False,True,
signature_stationary_mixed_nuisance,14107,full,pre_shift,40,0.12,0.1,0.15,0.01863234579571124,0.03211515676928865,0.05155182226544015,0.09809286446816459,0.08658944529370229,0.13829715682258883,1.5526547383850537,12.998140708587375,False,0.06082766182634288,False,True,
signature_stationary_mixed_nuisance,14108,full,pre_shift,40,0.12,0.1,0.15,0.020014603921057503,-5.940003062983057e-06,-0.005342472326686534,0.09553821511418023,0.08368113264254017,0.13472629673111386,2.7091540503039404,33.14715653500835,False,0.015880703902901108,False,True,
signature_stationary_mixed_nuisance,14109,full,pre_shift,40,0.12,0.1,0.15,0.048178534145175526,0.02916251886739139,0.042225330736831115,0.10741149745354532,0.08354213840927975,0.13411705868659993,1.2723568272156451,6.28052999954209,False,0.23352266884944772,False,True,
signature_stationary_mixed_nuisance,14110,full,pre_shift,40,0.12,0.1,0.15,0.027817411107017655,0.030649164877330826,0.03340673607994739,0.10209846278232168,0.08563133354470678,0.13555770337746448,1.6445878200853457,12.51294605222086,False,0.01201438845790978,False,True,
signature_stationary_mixed_nuisance,14111,full,pre_shift,40,0.12,0.1,0.15,0.027353798758895653,0.022278266356921612,-0.019191441026901658,0.09552625108903712,0.08598337717158164,0.13258016841646222,2.4489711520053317,35.2893525075327,False,0.039966899064621704,False,True,
signature_stationary_mixed_nuisance,14112,full,pre_shift,40,0.12,0.1,0.15,0.029017787055211592,0.025658089604582792,0.04936555403703629,0.1021121185117527,0.08764804348951667,0.1359744680245784,1.539238763054071,5.998122894935625,False,0.05178648661862745,False,True,
signature_stationary_mixed_nuisance,14113,full,pre_shift,40,0.12,0.1,0.15,0.020014800387619262,0.02071459856037534,0.021790368461199607,0.10302097442259059,0.08625136949659369,0.13795685951229295,2.148224665556516,33.848464359245106,False,0.07199009656236632,False,True,
signature_stationary_mixed_nuisance,14114,full,pre_shift,40,0.12,0.1,0.15,0.032199010381549466,-0.0017854730514942053,-0.005183848768259963,0.0961621923014467,0.0857432782912463,0.13325719373797057,2.5628617720127997,30.00181090838762,False,0.14754674981270685,False,True,
signature_stationary_mixed_nuisance,14115,full,pre_shift,40,0.12,0.1,0.15,0.01909878169358811,0.016542579689001545,-0.008131711705767986,0.09422746155639533,0.08535082453916155,0.13487680596917284,2.4874495023151124,30.361107867708014,False,0.037184795790367625,False,True,
signature_stationary_mixed_nuisance,14116,full,pre_shift,40,0.12,0.1,0.15,-0.008520324668627073,0.026700198202353004,0.004843503577863401,0.09888138167798396,0.08239318136990177,0.13469838936276213,2.7607006374066057,34.07903426709181,False,0.01348953559918498,False,True,
signature_stationary_mixed_nuisance,14117,full,pre_shift,40,0.12,0.1,0.15,0.00026846043591159674,0.054145140931619797,-0.0072539621079398655,0.09518361246847973,0.08961781136088404,0.13826628368046334,2.516536548167873,17.835017087739065,False,0.03434122846647731,False,True,
signature_stationary_mixed_nuisance,14118,full,pre_shift,40,0.12,0.1,0.15,-0.006935623424511383,0.02509698510227986,0.004927084994298394,0.10494229210381874,0.09121953151910604,0.13552248539078887,3.03566805597257,45.569197291092614,False,0.0542494478335681,False,True,
signature_stationary_mixed_nuisance,14119,full,pre_shift,40,0.12,0.1,0.15,0.034863203931592666,0.0010621459231673464,0.053422299800813436,0.10169067941804277,0.08321076438040614,0.14068165307370706,1.7862103149438013,12.479040040058072,False,0.0370874673188818,False,True,
signature_stationary_mixed_nuisance,14120,full,pre_shift,40,0.12,0.1,0.15,0.048642933361509565,0.027553673139163622,0.06673530180472395,0.10342784745356713,0.08906991755821728,0.1445334852221929,1.1628021316641222,16.07440101360359,False,0.18534217445748546,False,True,
signature_stationary_mixed_nuisance,14121,full,pre_shift,40,0.12,0.1,0.15,0.04078939880470087,0.03247371952627283,0.04851743243864014,0.1068221175650444,0.0879510728535319,0.13745792070984822,1.3582389034433644,19.484015137139423,False,0.04990390354806308,False,True,
signature_stationary_mixed_nuisance,14122,full,pre_shift,40,0.12,0.1,0.15,0.017133686545796813,0.037632748396235385,-0.0046546737356042206,0.09437084271010769,0.08567434051090213,0.13097851126239105,2.1115489654148365,8.858205863798,False,0.04497621812024169,False,True,
signature_stationary_mixed_nuisance,14123,full,pre_shift,40,0.12,0.1,0.15,0.014567584704094708,0.03751377894896522,0.001529074598002943,0.09510239459707726,0.08787121773094131,0.13679845258461373,2.192677575755234,15.479698059993353,False,0.02365392384511169,False,True,
signature_stationary_mixed_nuisance,14124,full,pre_shift,40,0.12,0.1,0.15,0.02701805775947819,0.028321786185095513,0.04747711335549928,0.09868659143629001,0.08594380217526366,0.1432230826906481,1.5574639421813414,0.6204915990768929,False,0.06961617632025749,False,True,
signature_stationary_mixed_nuisance,14125,full,pre_shift,40,0.12,0.1,0.15,0.04286089172202366,0.025153667412699917,0.03544965184926698,0.10028429065718772,0.08625676182209004,0.13859249743964264,1.4836093021448435,15.935441001589083,False,0.050243931251753124,False,True,
signature_stationary_mixed_nuisance,14126,full,pre_shift,40,0.12,0.1,0.15,0.032097326569240414,0.02961498956847617,0.043658803494724056,0.10814503890103772,0.08875048631924924,0.13522082945462013,1.5921683366750887,14.021681462273294,False,0.02730545776051175,False,True,
signature_stationary_mixed_nuisance,14127,full,pre_shift,40,0.12,0.1,0.15,0.03331856180612149,0.020691347697600795,0.022537052119050757,0.09711996659354659,0.08607931408317675,0.134771184280163,1.7600315974478198,14.708026202358205,False,0.09916864233853492,False,True,
signature_stationary_mixed_nuisance,14128,full,pre_shift,40,0.12,0.1,0.15,0.008543431544436408,0.04388890520560014,0.03766503487983701,0.10011642944949152,0.08629527717632639,0.14401290861264787,1.8869869702355955,0.3869869702355955,False,0.06761214644253119,False,True,
signature_stationary_mixed_nuisance,14129,full,pre_shift,40,0.12,0.1,0.15,0.02274629828688713,0.022579995033498352,0.026895286364325463,0.09965329551647273,0.08241406463536162,0.13405167566534743,1.8236138881735753,7.876509813731702,False,0.03180990490701199,False,True,
signature_stationary_mixed_nuisance,14130,full,pre_shift,40,0.12,0.1,0.15,0.026430398085848007,0.0014335165113503292,0.00482888287776455,0.09597739956235415,0.08153659014084792,0.1347310675657036,2.3677688074975487,23.355747879943127,False,0.005490295421951155,False,True,
signature_stationary_mixed_nuisance,14101,full,pre_shift,41,-0.2,0.0,-0.2,-0.07041054888594547,0.027220548619408067,-0.07485921868787564,-0.15578414966808804,0.009301438924257376,-0.19398231896876098,1.7948072261753791,4.578972876654509,False,0.030582529047868852,False,True,
signature_stationary_mixed_nuisance,14102,full,pre_shift,41,-0.2,0.0,-0.2,-0.10719184167665552,0.02432152571572094,-0.07729063469395417,-0.164929719149453,0.004974958186182636,-0.1957408291940505,1.3164758978318478,11.886003447166123,False,0.01808778509057966,False,True,
signature_stationary_mixed_nuisance,14103,full,pre_shift,41,-0.2,0.0,-0.2,-0.06312896473544025,0.011797587231477186,-0.027093673033608018,-0.15988080883207226,0.0037367862748637825,-0.1970266962234101,2.932055360149226,26.66800274860561,False,0.06444403333556933,False,True,
signature_stationary_mixed_nuisance,14104,full,pre_shift,41,-0.2,0.0,-0.2,-0.0775768416997899,0.01758849128056006,-0.06210814543565177,-0.16638701681446635,0.00167434969705846,-0.20225556581614085,2.198292660928862,16.85153320793271,False,0.027156222977837072,False,True,
signature_stationary_mixed_nuisance,14105,full,pre_shift,41,-0.2,0.0,-0.2,-0.04717192501691776,0.016785753223440156,-0.04491934159390622,-0.1563432748329524,0.006363230062445484,-0.19374654405165365,2.8176442805928215,21.342666449767485,False,0.04288914197754545,False,True,
signature_stationary_mixed_nuisance,14106,full,pre_shift,41,-0.2,0.0,-0.2,-0.06696796126754154,0.022633456556321083,-0.08098918820333617,-0.16311936871326388,0.00367277997988164,-0.19683125188112835,1.984736914584533,5.240348390280152,False,0.027868575468831744,False,True,
signature_stationary_mixed_nuisance,14107,full,pre_shift,41,-0.2,0.0,-0.2,-0.06478457282541925,0.009193946082156415,-0.04906119879555518,-0.15626562423823462,0.008203942956860815,-0.1961107332683689,2.35102763795023,13.849168346537605,False,0.04004986509836448,False,True,
signature_stationary_mixed_nuisance,14108,full,pre_shift,41,-0.2,0.0,-0.2,-0.05911752445357461,0.020722876349455993,-0.060321332883675007,-0.15711675145666726,0.008965731960267922,-0.20067168650481096,2.3929840671740568,34.040140602182404,False,0.008983204182429936,False,True,
signature_stationary_mixed_nuisance,14109,full,pre_shift,41,-0.2,0.0,-0.2,-0.05010891167408999,0.014682805387515608,-0.1005180823966817,-0.15968752371217473,0.0029764281004660705,-0.2034566862997607,2.1101597488695174,6.8906897484116065,False,0.0385115610313381,False,True,
signature_stationary_mixed_nuisance,14110,full,pre_shift,41,-0.2,0.0,-0.2,-0.0689671799256792,0.021244128982427817,-0.09246062354545995,-0.16049906979372444,0.006340191459150103,-0.19895081855411959,1.7335043243865507,12.746450376607411,False,0.028255100243923217,False,True,
signature_stationary_mixed_nuisance,14111,full,pre_shift,41,-0.2,0.0,-0.2,-0.0496375024312844,0.010144846353478969,-0.04845103778899535,-0.15521038743115695,0.008090309014903076,-0.20131408581502344,2.7877434333791324,36.57709594091183,False,0.09149288695641032,False,True,
signature_stationary_mixed_nuisance,14112,full,pre_shift,41,-0.2,0.0,-0.2,-0.10206891826824516,0.007568726656551796,-0.07288049680693243,-0.17102695702811954,-0.00020609672510012926,-0.19850528787599492,1.558073981650866,6.05619687658649,False,0.050270176776916906,False,True,
signature_stationary_mixed_nuisance,14113,full,pre_shift,41,-0.2,0.0,-0.2,-0.05599255584539153,0.0026816989522611924,-0.01725224388571681,-0.1573202357949832,0.00575730157061352,-0.19427343413065182,3.1874996441689407,35.535964003414044,False,0.04374988289789341,False,True,
signature_stationary_mixed_nuisance,14114,full,pre_shift,41,-0.2,0.0,-0.2,-0.044710617985947367,0.007025403209008258,-0.04978318021760794,-0.1587125414990056,0.005396874700610855,-0.20513533538117196,3.0586443937950683,31.560455302182685,False,0.02595674272759796,False,True,
signature_stationary_mixed_nuisance,14115,full,pre_shift,41,-0.2,0.0,-0.2,-0.06896673930468493,0.01345360479569644,-0.06292734158978401,-0.1560045438854835,0.006581021794620439,-0.19890144769587995,2.0650663903000126,30.926174258008025,False,0.026711529731486914,False,True,
signature_stationary_mixed_nuisance,14116,full,pre_shift,41,-0.2,0.0,-0.2,-0.042152363773009585,0.0286380025004057,-0.09654485074867392,-0.1514904551835582,0.005721882704070078,-0.1950459970773475,2.0941045451312976,34.6731388122231,False,0.012328948433891136,False,True,
signature_stationary_mixed_nuisance,14117,full,pre_shift,41,-0.2,0.0,-0.2,-0.0783309112372456,0.011009054475326182,-0.0952510194818156,-0.15612086309689327,0.007552855520881067,-0.19801516781044823,1.3815555987524795,17.716572686491546,False,0.01092491164743369,False,True,
signature_stationary_mixed_nuisance,14118,full,pre_shift,41,-0.2,0.0,-0.2,-0.04843648478968722,0.0026356310770519393,-0.05316603616941651,-0.15383144263951393,0.006179925518404728,-0.20093532004144973,2.6898213369445343,46.75901862803715,False,0.024053311205230247,False,True,
signature_stationary_mixed_nuisance,14119,full,pre_shift,41,-0.2,0.0,-0.2,-0.0527186855952097,0.008311086398916102,-0.049936200514252536,-0.1538567795343665,0.007996129397685852,-0.20275318978986165,2.6811956370058083,13.66023567706388,False,0.03605015575853744,False,True,
signature_stationary_mixed_nuisance,14120,full,pre_shift,41,-0.2,0.0,-0.2,-0.06791619555361793,-0.014581725845682784,-0.004141417225339192,-0.16104598619092322,-0.005680173043287458,-0.19795925646178714,3.3940129013835576,17.96841391498715,False,0.07545895548614669,False,True,
signature_stationary_mixed_nuisance,14121,full,pre_shift,41,-0.2,0.0,-0.2,-0.0650051220505466,-0.009507881733255633,-0.03336801801046733,-0.15693662365201208,0.0015497964340337705,-0.20450253004688884,2.8536804574279078,20.83769559456733,False,0.05160591270219664,False,True,
signature_stationary_mixed_nuisance,14122,full,pre_shift,41,-0.2,0.0,-0.2,-0.06927883200701178,0.01612313858608867,-0.1385406275979853,-0.15654255126269778,0.00582182989727774,-0.2028556331991778,1.1790730988967717,8.537278962694772,False,0.04674187167174545,False,True,
signature_stationary_mixed_nuisance,14123,full,pre_shift,41,-0.2,0.0,-0.2,-0.0650127282607898,0.01705531719977907,-0.05224734863834373,-0.1567898614255231,0.005319023744625367,-0.19540382978005658,2.304086826007636,16.28378488600099,False,0.009732504123213838,False,True,
signature_stationary_mixed_nuisance,14124,full,pre_shift,41,-0.2,0.0,-0.2,-0.08761460522972167,0.020346534943799798,-0.09601520443254025,-0.15566254051391326,0.008881704461795873,-0.20128922701789753,1.2601548774523803,0.3806464765292732,False,0.019109546352062225,False,True,
signature_stationary_mixed_nuisance,14125,full,pre_shift,41,-0.2,0.0,-0.2,-0.06820833809489828,-0.007081862349859227,-0.008452119044666502,-0.15404361527125596,0.006369850888798428,-0.1986637671944088,3.1656725338004463,17.60111353538953,False,0.020237584857561663,False,True,
signature_stationary_mixed_nuisance,14126,full,pre_shift,41,-0.2,0.0,-0.2,-0.07057167188980126,0.008867673422386743,-0.05528885928527808,-0.1599738972971573,0.0030133064978275547,-0.2009571767094103,2.2819868504179555,14.80366831269125,False,0.03467609020906556,False,True,
signature_stationary_mixed_nuisance,14127,full,pre_shift,41,-0.2,0.0,-0.2,-0.0820098245512492,0.015111437433718941,-0.08378167536954512,-0.15832236501790883,0.006538396916088562,-0.19966910828565376,1.5416162747031426,14.749642477061348,False,0.014917295115292047,False,True,
signature_stationary_mixed_nuisance,14128,full,pre_shift,41,-0.2,0.0,-0.2,-0.09032674421018198,0.013848768151637382,-0.06924963790454702,-0.15843886707349894,0.0036655994917040766,-0.19438251054388334,1.542272509089677,0.4292594793252724,False,0.018824762949470816,False,True,
signature_stationary_mixed_nuisance,14129,full,pre_shift,41,-0.2,0.0,-0.2,-0.100377841796943,0.019612140447364933,-0.0905470813889675,-0.16432144622048886,0.0006395786831630171,-0.19477974041788332,1.2077963558424802,7.584306169574182,False,0.03304704513732717,False,True,
signature_stationary_mixed_nuisance,14130,full,pre_shift,41,-0.2,0.0,-0.2,-0.07672559055986812,0.013520255425919902,-0.08353384583797617,-0.16890724805146073,-0.005039304739755732,-0.19664439790381744,1.8526205147356638,23.708368394678793,False,0.06677082196397198,False,True,
signature_stationary_mixed_nuisance,14101,full,pre_shift,42,-0.2,0.0,0.2,-0.09709253190363547,-0.006174444127142493,0.08345395767549721,-0.15092839239706934,0.013810445585774959,0.18086066902996883,0.9904323650124846,4.069405241666994,False,0.017344887777571608,False,True,
signature_stationary_mixed_nuisance,14102,full,pre_shift,42,-0.2,0.0,0.2,-0.09059517440740426,0.007581591567842891,0.014662021795187177,-0.1537136830964471,0.00799966286529713,0.18482215376290856,2.29932798637869,12.685331433544814,False,0.052212022879366576,False,True,
signature_stationary_mixed_nuisance,14103,full,pre_shift,42,-0.2,0.0,0.2,-0.07444527864041021,-0.013402506501701675,0.07144899498579253,-0.1465727858795566,0.0071434419723524645,0.18352421809910013,1.4648519843806254,26.632854732986235,False,0.04045584012199718,False,True,
signature_stationary_mixed_nuisance,14104,full,pre_shift,42,-0.2,0.0,0.2,-0.0761788969426984,0.001236702746306176,0.06079355027597978,-0.15983453427035416,0.0005176279060079319,0.17626371828592216,1.6765038163616237,17.028037024294335,False,0.022438417100922082,False,True,
signature_stationary_mixed_nuisance,14105,full,pre_shift,42,-0.2,0.0,0.2,-0.07534242161667314,0.005404729861783723,0.07716146174790331,-0.1500275552605735,0.010007873094257352,0.18087856369011152,1.3440265750240457,21.18669302479153,False,0.0979899579375605,False,True,
signature_stationary_mixed_nuisance,14106,full,pre_shift,42,-0.2,0.0,0.2,-0.1021467928838912,-0.010103624422539604,0.06509196750872542,-0.1608581328537826,0.0038186177841734574,0.17808089479805306,1.2380690874087634,4.978417477688915,False,0.032042712433852975,False,True,
signature_stationary_mixed_nuisance,14107,full,pre_shift,42,-0.2,0.0,0.2,-0.07320191728289202,0.008601355798481751,0.042301061955964135,-0.1495061921460393,0.012469318569058578,0.18766652829652786,2.0296966874150866,14.37886503395269,False,0.024840356526178282,False,True,
signature_stationary_mixed_nuisance,14108,full,pre_shift,42,-0.2,0.0,0.2,-0.06606642887881986,-0.004205116762368778,0.03666396272762666,-0.14823128013944023,0.010054025113458136,0.18020431910804455,2.131554263335617,34.67169486551802,False,0.02113852284424324,False,True,
signature_stationary_mixed_nuisance,14109,full,pre_shift,42,-0.2,0.0,0.2,-0.07032054763068284,-0.013565744795624007,0.043727266706931424,-0.15177720904245115,0.0025669741206899746,0.1783338823400642,1.9680624937128217,7.358752242124428,False,0.0281929102798089,False,True,
signature_stationary_mixed_nuisance,14110,full,pre_shift,42,-0.2,0.0,0.2,-0.06895135113004847,0.004041052374437899,0.025842947522747243,-0.15557464867882656,0.006849161773471157,0.18270722775870396,2.448298079663943,13.694748456271354,False,0.02110570385051084,False,True,
signature_stationary_mixed_nuisance,14111,full,pre_shift,42,-0.2,0.0,0.2,-0.06373636395216276,0.004315705813520201,0.008060402301338324,-0.15304971105799936,0.00939324584495332,0.178993823512651,2.79757368423156,37.87466962514339,False,0.024388082992746,False,True,
signature_stationary_mixed_nuisance,14112,full,pre_shift,42,-0.2,0.0,0.2,-0.07941517436991528,-0.004027464811648958,0.04855392843626929,-0.16303612600518608,-0.0005977677691261826,0.18554492732874636,2.0178971218350403,6.574093998421531,False,0.03074684240187173,False,True,
signature_stationary_mixed_nuisance,14113,full,pre_shift,42,-0.2,0.0,0.2,-0.07273019306577613,-0.01499021944296812,0.052366607524610316,-0.1475542483058394,0.008728831767241194,0.18301453443662888,1.813681534137331,35.849645537551375,False,0.037621819458985246,False,True,
signature_stationary_mixed_nuisance,14114,full,pre_shift,42,-0.2,0.0,0.2,-0.07153739152460245,-0.002445043043461519,0.022768414829714406,-0.15944176443114136,0.007973443996065687,0.17286617861985715,2.3583065614828214,32.41876186366551,False,0.02958158261667603,False,True,
signature_stationary_mixed_nuisance,14115,full,pre_shift,42,-0.2,0.0,0.2,-0.06557769076944525,0.010154697844008844,0.020926608886205515,-0.1454557255094214,0.010848969361310036,0.183055713139892,2.41968543233622,31.845859690344245,False,0.02275712524038989,False,True,
signature_stationary_mixed_nuisance,14116,full,pre_shift,42,-0.2,0.0,0.2,-0.05241028043985427,0.011439393695730507,0.010031988077803982,-0.1450457733355246,0.009934296816546546,0.18542856353256876,2.965705266082311,36.13884407830541,False,0.01389349186718791,False,True,
signature_stationary_mixed_nuisance,14117,full,pre_shift,42,-0.2,0.0,0.2,-0.07043923801741976,0.007434034458626706,0.0359468840287696,-0.1469878171887472,0.009377999972971063,0.18838032271333333,2.1658770239792036,18.38244971047075,False,0.04177092280688606,False,True,
signature_stationary_mixed_nuisance,14118,full,pre_shift,42,-0.2,0.0,0.2,-0.035121240370585005,-0.0008080208247605523,0.015543906533304834,-0.14518616927022687,0.008226661530139939,0.1839449094381349,3.2502434068444797,48.50926203488163,False,0.01940464780062425,False,True,
signature_stationary_mixed_nuisance,14119,full,pre_shift,42,-0.2,0.0,0.2,-0.07669276998111692,-0.007348016043291958,0.069570656333966,-0.14577356000923117,0.011099207347033185,0.18035314284143616,1.386342707783789,13.54657838484767,False,0.015774971777393353,False,True,
signature_stationary_mixed_nuisance,14120,full,pre_shift,42,-0.2,0.0,0.2,-0.09492788892525483,-0.013594268946066062,0.07114557962604955,-0.15886926374085164,-0.0025793897880106334,0.18947351421375014,1.3840507881389448,17.852464703126095,False,0.019883022947365873,False,True,
signature_stationary_mixed_nuisance,14121,full,pre_shift,42,-0.2,0.0,0.2,-0.06657654094017304,-0.01814072576038097,0.041216826569297205,-0.14601704180170347,0.002536107580087891,0.1775983139739323,1.979498093052289,21.317193687619618,False,0.032143766054843696,False,True,
signature_stationary_mixed_nuisance,14122,full,pre_shift,42,-0.2,0.0,0.2,-0.07845249968985568,0.009182126001389264,0.008773871158649249,-0.1544917412183027,0.007855956784119607,0.17859408714479189,2.5081866617565622,9.545465624451335,False,0.031063680216947838,False,True,
signature_stationary_mixed_nuisance,14123,full,pre_shift,42,-0.2,0.0,0.2,-0.09742765902334216,-0.013840584076560023,0.08601090351103668,-0.15057625446564973,0.008450829151036598,0.18314860303885647,0.9914143704584099,15.7751992564594,False,0.02611070940252275,False,True,
signature_stationary_mixed_nuisance,14124,full,pre_shift,42,-0.2,0.0,0.2,-0.09126344122972602,0.01374833191813499,0.03835183201552149,-0.14799020327892579,0.011433539146480627,0.18751419832566185,1.7857439982315944,0.6663904747608675,False,0.014748195820351693,False,True,
signature_stationary_mixed_nuisance,14125,full,pre_shift,42,-0.2,0.0,0.2,-0.088625591785108,-0.010181404702833465,0.06358901387934272,-0.1475364566624748,0.009044710591276026,0.18479652739828784,1.38535235552259,17.48646589091212,False,0.021639750163184313,False,True,
signature_stationary_mixed_nuisance,14126,full,pre_shift,42,-0.2,0.0,0.2,-0.07993655957745652,-0.017593034587960445,0.042607233869226685,-0.15198475942944628,0.002522489361977254,0.18063942887482975,1.8702675227885497,15.173935835479801,False,0.014729067132837349,False,True,
signature_stationary_mixed_nuisance,14127,full,pre_shift,42,-0.2,0.0,0.2,-0.08683540440179298,0.011461123138841218,0.00789808481946361,-0.15419517336940217,0.008403597553887244,0.18264318968008986,2.4661537909199462,15.715796267981295,False,0.035913293993947625,False,True,
signature_stationary_mixed_nuisance,14128,full,pre_shift,42,-0.2,0.0,0.2,-0.08868344774214976,-0.005541137637752283,0.09007314046113547,-0.14577943142915226,0.00759528431258791,0.19518719650278868,1.1000824726440612,0.029341951969333646,False,0.030033485817590726,False,True,
signature_stationary_mixed_nuisance,14129,full,pre_shift,42,-0.2,0.0,0.2,-0.07045171055814232,0.0008112110459997985,0.030459188936004265,-0.15675865145113418,0.0016850071803107386,0.18561586030899044,2.408865661545512,8.493171831119694,False,0.07453745475129658,False,True,
signature_stationary_mixed_nuisance,14130,full,pre_shift,42,-0.2,0.0,0.2,-0.06017512931906867,-0.004857519210844569,0.06670335757172355,-0.1596356635146211,-0.0038349856442696714,0.18340355009932863,2.0434855511206913,24.251853945799486,False,0.006581712360099614,False,True,
signature_stationary_mixed_nuisance,14101,full,pre_shift,43,0.12,-0.1,-0.15,0.03252870586896905,-0.024921622494827423,-0.04391623915603042,0.10191896781900286,-0.07496100672907977,-0.13169473677533797,1.3410604983570547,3.9104657400240486,False,0.02673593957479392,False,True,
signature_stationary_mixed_nuisance,14102,full,pre_shift,43,0.12,-0.1,-0.15,0.03795930152421571,-0.028944092207653104,-0.011309865933613618,0.09875293702345549,-0.0836685614298502,-0.1311685474858006,1.6784784791173808,12.863809912662195,False,0.06794371427175012,False,True,
signature_stationary_mixed_nuisance,14103,full,pre_shift,43,0.12,-0.1,-0.15,0.009720872531689403,-0.028579082480762873,-0.020298024254384605,0.09745835183661142,-0.08452780083712202,-0.1305522001613928,2.0318786457205857,27.16473337870682,False,0.03197613743160309,False,True,
signature_stationary_mixed_nuisance,14104,full,pre_shift,43,0.12,-0.1,-0.15,0.008444745758005584,-0.03333483210020544,-0.022600115846332487,0.09952615936510273,-0.08409316531230875,-0.13650939913630983,2.085188616451823,17.61322564074616,False,0.012257079540116924,False,True,
signature_stationary_mixed_nuisance,14105,full,pre_shift,43,0.12,-0.1,-0.15,0.021071438872126935,-0.01963864526215578,-0.04927497818978341,0.10106249871996405,-0.08497835356242069,-0.1368420231212502,1.7291058154566,21.41579884024813,False,0.19806920429124325,False,True,
signature_stationary_mixed_nuisance,14106,full,pre_shift,43,0.12,-0.1,-0.15,0.057513532035805066,-0.032657336057174184,0.00474320457742421,0.10893445549665742,-0.08082263561737195,-0.13248634726065175,1.7501546416626796,5.228572119351595,False,0.06627323390571156,False,True,
signature_stationary_mixed_nuisance,14107,full,pre_shift,43,0.12,-0.1,-0.15,0.02607889799283301,-0.03985938964600319,-0.015160099514636597,0.10453120724424854,-0.08189643905664735,-0.13142390912871338,1.773543125766687,14.652408159719378,False,0.1632212868431302,False,True,
signature_stationary_mixed_nuisance,14108,full,pre_shift,43,0.12,-0.1,-0.15,0.0039043925652451406,-0.028565843485366043,-0.034845255436865834,0.09817812818452362,-0.08298153160727101,-0.13637488132740885,2.036847989516765,35.208542855034786,False,0.008556219979400119,False,True,
signature_stationary_mixed_nuisance,14109,full,pre_shift,43,0.12,-0.1,-0.15,0.06307034763020246,-0.01875826094143638,-0.062305166816202746,0.10854315024626512,-0.08679731637564858,-0.1334406157107944,1.0974146636756643,6.956166905800092,False,0.20403163758580845,False,True,
signature_stationary_mixed_nuisance,14110,full,pre_shift,43,0.12,-0.1,-0.15,0.03126365603653704,-0.032496955025901914,-0.05852169089274032,0.10111565632431636,-0.08908109588258628,-0.13680739378686319,1.3288572690547509,13.523605725326105,False,0.023623719805912637,False,True,
signature_stationary_mixed_nuisance,14111,full,pre_shift,43,0.12,-0.1,-0.15,0.028597901248941876,-0.0317363248786466,-0.03732662341558382,0.1051951626750971,-0.07864560798412862,-0.1360495086651595,1.555612002909881,37.93028162805327,False,0.030474491541514614,False,True,
signature_stationary_mixed_nuisance,14112,full,pre_shift,43,0.12,-0.1,-0.15,0.037875892081199715,-0.02287691207987172,-0.05313696538057689,0.09875155073216683,-0.08091699339036927,-0.13300318795873214,1.2294296816991972,6.303523680120728,False,0.02886107515656103,False,True,
signature_stationary_mixed_nuisance,14113,full,pre_shift,43,0.12,-0.1,-0.15,0.05470814625538351,-0.018796941238242652,0.017915520815195398,0.11108426753554909,-0.08190126736926069,-0.1330050072536116,2.2560868131587473,36.60573235071012,False,0.03999243204585626,False,True,
signature_stationary_mixed_nuisance,14114,full,pre_shift,43,0.12,-0.1,-0.15,0.034287976469099604,-0.026096682702411667,-0.05015973534433512,0.10382988737531454,-0.08771342513675788,-0.13219248121599023,1.434155885044312,32.35291774870982,False,0.012505333085329896,False,True,
signature_stationary_mixed_nuisance,14115,full,pre_shift,43,0.12,-0.1,-0.15,0.004884766472009152,-0.026767200801302675,-0.021815390683233297,0.09783504093646067,-0.08164902019002249,-0.13207405161347457,2.1278971631368755,32.47375685348112,False,0.028198586457412213,False,True,
signature_stationary_mixed_nuisance,14116,full,pre_shift,43,0.12,-0.1,-0.15,0.03735506115507451,-0.03062197839606422,-0.028789444305912692,0.10270209244861006,-0.0886935756113063,-0.12988030198688374,1.5355718548087953,36.174415933114204,False,0.03955693581637439,False,True,
signature_stationary_mixed_nuisance,14117,full,pre_shift,43,0.12,-0.1,-0.15,0.014013429670132815,-0.03884427966994433,-0.03661883172770469,0.10169932496162387,-0.08198239249525456,-0.13576495148002884,1.7356859620011533,18.6181356724719,False,0.02314263597471506,False,True,
signature_stationary_mixed_nuisance,14118,full,pre_shift,43,0.12,-0.1,-0.15,0.038666733238981135,-0.029407995455593562,-0.01652251983874162,0.10425039776669319,-0.07570001847101179,-0.1337465192879623,1.6108200817822362,48.620082116663866,False,0.1856399276415673,False,True,
signature_stationary_mixed_nuisance,14119,full,pre_shift,43,0.12,-0.1,-0.15,0.02068196855654342,-0.027364855733687923,-0.0471296042528106,0.10173838207796075,-0.08131950023142191,-0.1272563200113511,1.5155187177916245,13.562097102639296,False,0.028157280538820665,False,True,
signature_stationary_mixed_nuisance,14120,full,pre_shift,43,0.12,-0.1,-0.15,0.06160926747251675,-0.032428684845352794,-0.005253195684282141,0.11127696905904445,-0.08872358735734676,-0.12335564769337434,1.5220826142407573,17.874547317366854,False,0.01249337593331436,False,True,
signature_stationary_mixed_nuisance,14121,full,pre_shift,43,0.12,-0.1,-0.15,0.03815601096846806,-0.03163379892511268,-0.032355192173057545,0.1071195575466967,-0.07740960144815569,-0.13508862014239056,1.461109016596353,21.27830270421597,False,0.05077564248543272,False,True,
signature_stationary_mixed_nuisance,14122,full,pre_shift,43,0.12,-0.1,-0.15,0.04424904778994894,-0.03176610870657854,-0.0683672819797384,0.10641635189452638,-0.08019204415537194,-0.1346700729462934,1.0042241017009383,9.049689726152273,False,0.06467191280453546,False,True,
signature_stationary_mixed_nuisance,14123,full,pre_shift,43,0.12,-0.1,-0.15,0.007047162335973304,-0.035523257309675316,-0.029635155354996088,0.1027750203923514,-0.0803910013640029,-0.13623790046869869,2.022710944162822,16.297910200622223,False,0.10066429217913513,False,True,
signature_stationary_mixed_nuisance,14124,full,pre_shift,43,0.12,-0.1,-0.15,0.04397825154808244,-0.03332821910268535,-0.009957335047353875,0.10401375596832686,-0.08181646628439285,-0.12735694313880505,1.5581073625790938,0.7244978373399613,False,0.04639059655177114,False,True,
signature_stationary_mixed_nuisance,14125,full,pre_shift,43,0.12,-0.1,-0.15,0.04811186211081266,-0.032038308937152794,-0.025975930802393504,0.11063079526808119,-0.08531186066651913,-0.13147821681273109,1.4831665948682329,17.46963248578035,False,0.014668085718055404,False,True,
signature_stationary_mixed_nuisance,14126,full,pre_shift,43,0.12,-0.1,-0.15,0.05649749453023834,-0.025402863850076583,-0.015618480834216948,0.10793386142911855,-0.07856880065191042,-0.14014441299631109,1.602893712061033,15.276829547540833,False,0.09330029591309963,False,True,
signature_stationary_mixed_nuisance,14127,full,pre_shift,43,0.12,-0.1,-0.15,0.03802881190335238,-0.031627075406280694,-0.027828367403289,0.1045325540482645,-0.08173133950632418,-0.13420593500270858,1.5181951628857175,15.733991430867013,False,0.006124092375840531,False,True,
signature_stationary_mixed_nuisance,14128,full,pre_shift,43,0.12,-0.1,-0.15,0.03947404028570746,-0.035424923170865055,-0.005414798996323106,0.10315047102558177,-0.08365605555630609,-0.12553948989303637,1.6488078691052854,0.17814982107461907,False,0.11070498642985299,False,True,
signature_stationary_mixed_nuisance,14129,full,pre_shift,43,0.12,-0.1,-0.15,0.036419816881957036,-0.023686156012732,-0.04682794546591478,0.09514744156296917,-0.08234548618827085,-0.13223440109680987,1.2652041792375766,8.25837601035727,False,0.031016500441911753,False,True,
signature_stationary_mixed_nuisance,14130,full,pre_shift,43,0.12,-0.1,-0.15,-0.0023138950897589956,-0.02243645226256825,-0.04587507293421855,0.09337025726592642,-0.08345727004031382,-0.13758913349357557,2.039935254955749,24.791789200755233,False,0.03962202080466788,False,True,
signature_stationary_mixed_nuisance,14101,full,pre_shift,44,0.12,0.1,0.15,0.02828218091288741,0.00621209750029346,0.013196203706854717,0.0965367154499828,0.08678925435572558,0.1328949279254621,2.192880590938534,4.603346330962582,False,0.07669563249574855,False,True,
signature_stationary_mixed_nuisance,14102,full,pre_shift,44,0.12,0.1,0.15,0.02752814905149709,0.01887109474537632,0.026854535947423694,0.10169905639545745,0.08206691426430324,0.13473463107027323,1.8345371298587063,13.1983470425209,False,0.038105005889063424,False,True,
signature_stationary_mixed_nuisance,14103,full,pre_shift,44,0.12,0.1,0.15,0.035075421710184136,0.004021252689324966,0.013006267061948155,0.09941865419072313,0.08396595949523752,0.1381444889846792,2.204411067465309,27.86914444617213,False,0.10935162717768977,False,True,
signature_stationary_mixed_nuisance,14104,full,pre_shift,44,0.12,0.1,0.15,0.04145264464849212,0.013384028856267329,0.027317289849553585,0.09668802909777524,0.08604827556643051,0.13604610746546447,1.709054378887984,17.822280019634142,False,0.029843795675440613,False,True,
signature_stationary_mixed_nuisance,14105,full,pre_shift,44,0.12,0.1,0.15,0.015877271840788805,0.019655463496647527,-0.001674272256024832,0.09430747654356784,0.08674518055677362,0.12977803446704628,2.3223982711162647,22.238197111364393,False,0.04799221078221939,False,True,
signature_stationary_mixed_nuisance,14106,full,pre_shift,44,0.12,0.1,0.15,0.01835296797795583,0.030534237773830308,0.03766253777737069,0.09965314300985666,0.08913299001745852,0.1364481075810882,1.7784529162661082,5.507025035617703,False,0.04675326758219459,False,True,
signature_stationary_mixed_nuisance,14107,full,pre_shift,44,0.12,0.1,0.15,0.025692838020918984,0.035943685917876333,0.04058195870240108,0.09809286446816459,0.08658944529370229,0.13829715682258883,1.5056539422181958,14.658062101937574,False,0.05163082995459065,False,True,
signature_stationary_mixed_nuisance,14108,full,pre_shift,44,0.12,0.1,0.15,0.020207953502856455,-5.5201033714691285e-05,-0.008866892790717174,0.09553821511418023,0.08368113264254017,0.13472629673111386,2.7688003144347664,36.47734316946955,False,0.009422250232551565,False,True,
signature_stationary_mixed_nuisance,14109,full,pre_shift,44,0.12,0.1,0.15,0.052526962326433585,0.03829038766662163,0.06087025546394198,0.10741149745354532,0.08354213840927975,0.13411705868659993,0.9222137386990017,6.378380644499094,False,0.3619129269753251,False,True,
signature_stationary_mixed_nuisance,14110,full,pre_shift,44,0.12,0.1,0.15,0.029318096022036253,0.029353247609213304,0.033534568450923306,0.10209846278232168,0.08563133354470678,0.13555770337746448,1.633743373307867,13.657349098633972,False,0.028480729781690233,False,True,
signature_stationary_mixed_nuisance,14111,full,pre_shift,44,0.12,0.1,0.15,0.025028037205530197,0.018555847142957733,-0.017890993451652563,0.09552625108903712,0.08598337717158164,0.13258016841646222,2.519328541206082,38.94961016925935,False,0.028859046140292017,False,True,
signature_stationary_mixed_nuisance,14112,full,pre_shift,44,0.12,0.1,0.15,0.032192660530635915,0.02388730144995281,0.04275524013616682,0.1021121185117527,0.08764804348951667,0.1359744680245784,1.5871186838412372,6.390642363961965,False,0.05713864694515461,False,True,
signature_stationary_mixed_nuisance,14113,full,pre_shift,44,0.12,0.1,0.15,0.021342683139532165,0.020100017055455992,0.03118286865224073,0.10302097442259059,0.08625136949659369,0.13795685951229295,1.9997555215416192,37.10548787225174,False,0.024556561161838728,False,True,
signature_stationary_mixed_nuisance,14114,full,pre_shift,44,0.12,0.1,0.15,0.03375157120015056,-0.003004622403127043,0.006440144606278826,0.0961621923014467,0.0857432782912463,0.13325719373797057,2.375456347960496,33.228374096670315,False,0.08214900064348853,False,True,
signature_stationary_mixed_nuisance,14115,full,pre_shift,44,0.12,0.1,0.15,0.01858843657487676,0.01874505364363718,-0.011391278624712833,0.09422746155639533,0.08535082453916155,0.13487680596917284,2.519713058718001,33.493469912199124,False,0.06688536102247114,False,True,
signature_stationary_mixed_nuisance,14116,full,pre_shift,44,0.12,0.1,0.15,-0.007683617131634794,0.02619301960084016,0.006014804571870674,0.09888138167798396,0.08239318136990177,0.13469838936276213,2.7276446871438296,37.402060620258034,False,0.004692648587861505,False,True,
signature_stationary_mixed_nuisance,14117,full,pre_shift,44,0.12,0.1,0.15,0.0035577311361569245,0.05674839552336225,-0.011952109447458005,0.09518361246847973,0.08961781136088404,0.13826628368046334,2.5096652449898174,19.62780091746172,False,0.0677724067644966,False,True,
signature_stationary_mixed_nuisance,14118,full,pre_shift,44,0.12,0.1,0.15,-0.007096240195946581,0.022987932194035013,0.006206922655347239,0.10494229210381874,0.09121953151910604,0.13552248539078887,3.0535695442117006,50.173651660875564,False,0.07955694794769584,False,True,
signature_stationary_mixed_nuisance,14119,full,pre_shift,44,0.12,0.1,0.15,0.03283396084883159,-0.0007328901133809748,0.05728195114010345,0.10169067941804277,0.08321076438040614,0.14068165307370706,1.8118465658635428,13.87394366850284,False,0.041499418755279474,False,True,
signature_stationary_mixed_nuisance,14120,full,pre_shift,44,0.12,0.1,0.15,0.04314874204428165,0.02620084834832997,0.040942432997122906,0.10342784745356713,0.08906991755821728,0.1445334852221929,1.534100719154637,17.90864803652149,False,0.04133779233477685,False,True,
signature_stationary_mixed_nuisance,14121,full,pre_shift,44,0.12,0.1,0.15,0.031005297959110844,0.028185062191610266,0.039758214635144576,0.1068221175650444,0.0879510728535319,0.13745792070984822,1.6822896582029665,21.460592362418936,False,0.13392929674693138,False,True,
signature_stationary_mixed_nuisance,14122,full,pre_shift,44,0.12,0.1,0.15,0.017080444954271815,0.03633175442017991,0.00198594038763933,0.09437084271010769,0.08567434051090213,0.13097851126239105,2.0177092313726206,9.567398957524894,False,0.013803138202433772,False,True,
signature_stationary_mixed_nuisance,14123,full,pre_shift,44,0.12,0.1,0.15,0.01429385405154516,0.036160082255578936,0.0006307630850420099,0.09510239459707726,0.08787121773094131,0.13679845258461373,2.2281280971144417,17.026038297736665,False,0.010680442259111836,False,True,
signature_stationary_mixed_nuisance,14124,full,pre_shift,44,0.12,0.1,0.15,0.033078225013406785,0.030635825102355966,0.053435867762978276,0.09868659143629001,0.08594380217526366,0.1432230826906481,1.3603478775075812,0.5848457148475426,False,0.022944515849840582,False,True,
signature_stationary_mixed_nuisance,14125,full,pre_shift,44,0.12,0.1,0.15,0.0379062410950369,0.02492299371246471,0.02107382532799874,0.10028429065718772,0.08625676182209004,0.13859249743964264,1.754337424100518,17.72396990988087,False,0.08516136818555418,False,True,
signature_stationary_mixed_nuisance,14126,full,pre_shift,44,0.12,0.1,0.15,0.02909109995690399,0.03178234309064524,0.04027441262869605,0.10814503890103772,0.08875048631924924,0.13522082945462013,1.6658320845919077,15.44266163213274,False,0.05218369715270692,False,True,
signature_stationary_mixed_nuisance,14127,full,pre_shift,44,0.12,0.1,0.15,0.034550964962303136,0.021590021974137702,-0.0014803328160942733,0.09711996659354659,0.08607931408317675,0.134771184280163,2.098082031673307,16.33207346254032,False,0.03909847674927798,False,True,
signature_stationary_mixed_nuisance,14128,full,pre_shift,44,0.12,0.1,0.15,0.014670968560981707,0.046026229601177436,0.04585902469694152,0.10011642944949152,0.08629527717632639,0.14401290861264787,1.633776728043057,0.31192654911767614,False,0.004012626718931737,False,True,
signature_stationary_mixed_nuisance,14129,full,pre_shift,44,0.12,0.1,0.15,0.02770408009043807,0.023334440451745236,0.02739763423307625,0.09965329551647273,0.08241406463536162,0.13405167566534743,1.7199779887221658,8.478353999079436,False,0.02318799337750086,False,True,
signature_stationary_mixed_nuisance,14130,full,pre_shift,44,0.12,0.1,0.15,0.026768927612442,0.0024247018433698653,0.006306776008382807,0.09597739956235415,0.08153659014084792,0.1347310675657036,2.3186034472782064,25.61039264803344,False,0.017820611534327905,False,True,
signature_stationary_mixed_nuisance,14101,full,pre_shift,45,-0.2,0.0,-0.2,-0.06911262405199801,0.022604099180596096,-0.07173117701844356,-0.15578414966808804,0.009301438924257376,-0.19398231896876098,1.8515018015262112,4.954848132488793,False,0.04917651750711789,False,True,
signature_stationary_mixed_nuisance,14102,full,pre_shift,45,-0.2,0.0,-0.2,-0.10558332329984638,0.024091169368507425,-0.07296269093903239,-0.164929719149453,0.004974958186182636,-0.1957408291940505,1.4030531697681663,13.101400212289066,False,0.013890910837414058,False,True,
signature_stationary_mixed_nuisance,14103,full,pre_shift,45,-0.2,0.0,-0.2,-0.06710754730147374,0.010631480753895573,-0.019244750464028314,-0.15988080883207226,0.0037367862748637825,-0.1970266962234101,3.0103404088527506,29.37948485502488,False,0.022603770702037763,False,True,
signature_stationary_mixed_nuisance,14104,full,pre_shift,45,-0.2,0.0,-0.2,-0.0794929325028077,0.0184188410683504,-0.05831838380149416,-0.16638701681446635,0.00167434969705846,-0.20225556581614085,2.229886118304721,18.552166137938862,False,0.008927767775209988,False,True,
signature_stationary_mixed_nuisance,14105,full,pre_shift,45,-0.2,0.0,-0.2,-0.046743778851606264,0.014822902327091358,-0.047205849014100056,-0.1563432748329524,0.006363230062445484,-0.19374654405165365,2.7837462760291096,23.521943387393502,False,0.01576892769935922,False,True,
signature_stationary_mixed_nuisance,14106,full,pre_shift,45,-0.2,0.0,-0.2,-0.06423889106323147,0.02687639287831116,-0.08383507111121064,-0.16311936871326388,0.00367277997988164,-0.19683125188112835,2.0290059855240545,6.036031021141758,False,0.035552862509443506,False,True,
signature_stationary_mixed_nuisance,14107,full,pre_shift,45,-0.2,0.0,-0.2,-0.06981080463059565,0.012407997500149894,-0.05368017718194045,-0.15626562423823462,0.008203942956860815,-0.1961107332683689,2.161100995799944,15.319163097737519,False,0.047450427589999615,False,True,
signature_stationary_mixed_nuisance,14108,full,pre_shift,45,-0.2,0.0,-0.2,-0.0569723845194991,0.020232540920974432,-0.056408560043107986,-0.15711675145666726,0.008965731960267922,-0.20067168650481096,2.5117203271957425,37.48906349666529,False,0.03421931125294854,False,True,
signature_stationary_mixed_nuisance,14109,full,pre_shift,45,-0.2,0.0,-0.2,-0.05170589164777196,0.014023764672380876,-0.10236793247048695,-0.15968752371217473,0.0029764281004660705,-0.2034566862997607,2.0438300167549497,6.922210661254043,False,0.049092434696034914,False,True,
signature_stationary_mixed_nuisance,14110,full,pre_shift,45,-0.2,0.0,-0.2,-0.06523246156899423,0.021973300309589473,-0.09000717837497098,-0.16049906979372444,0.006340191459150103,-0.19895081855411959,1.8534593894294902,14.010808488063462,False,0.04486886341337139,False,True,
signature_stationary_mixed_nuisance,14111,full,pre_shift,45,-0.2,0.0,-0.2,-0.05201036788587836,0.013802266054492876,-0.046823056731493895,-0.15521038743115695,0.008090309014903076,-0.20131408581502344,2.765120667278872,40.21473083653822,False,0.08266641308380024,False,True,
signature_stationary_mixed_nuisance,14112,full,pre_shift,45,-0.2,0.0,-0.2,-0.09949909309980673,0.00854822789113333,-0.07326864582431468,-0.17102695702811954,-0.00020609672510012926,-0.19850528787599492,1.5963135240392334,6.486955888001199,False,0.0404083395574023,False,True,
signature_stationary_mixed_nuisance,14113,full,pre_shift,45,-0.2,0.0,-0.2,-0.05451515941173883,-0.003151731749007872,-0.015266172479998358,-0.1573202357949832,0.00575730157061352,-0.19427343413065182,3.2765767484922423,38.88206462074398,False,0.04994121071836104,False,True,
signature_stationary_mixed_nuisance,14114,full,pre_shift,45,-0.2,0.0,-0.2,-0.047039802135212805,0.007644223119895983,-0.04859195115832858,-0.1587125414990056,0.005396874700610855,-0.20513533538117196,3.0186063808071126,34.74698047747743,False,0.02395781567488344,False,True,
signature_stationary_mixed_nuisance,14115,full,pre_shift,45,-0.2,0.0,-0.2,-0.07275130720357866,0.014718253963288888,-0.05966069230507225,-0.1560045438854835,0.006581021794620439,-0.19890144769587995,2.0473136216946197,34.040783533893745,False,0.060790843376311736,False,True,
signature_stationary_mixed_nuisance,14116,full,pre_shift,45,-0.2,0.0,-0.2,-0.04081104594495651,0.02740115368979312,-0.09458210564045817,-0.1514904551835582,0.005721882704070078,-0.1950459970773475,2.147102963909051,38.04916358416708,False,0.03237170808671403,False,True,
signature_stationary_mixed_nuisance,14117,full,pre_shift,45,-0.2,0.0,-0.2,-0.07889015161311344,0.008963843640567088,-0.08620286938113612,-0.15612086309689327,0.007552855520881067,-0.19801516781044823,1.4925834477555056,19.620384365217227,False,0.06667622417087099,False,True,
signature_stationary_mixed_nuisance,14118,full,pre_shift,45,-0.2,0.0,-0.2,-0.04757667815794828,0.00018628080128205453,-0.04972785706424754,-0.15383144263951393,0.006179925518404728,-0.20093532004144973,2.780497641024471,51.45414930190003,False,0.012919989363571508,False,True,
signature_stationary_mixed_nuisance,14119,full,pre_shift,45,-0.2,0.0,-0.2,-0.05820738415897147,0.007826507462743498,-0.04744674833541564,-0.1538567795343665,0.007996129397685852,-0.20275318978986165,2.59881018426103,14.97275385276387,False,0.019251037779080212,False,True,
signature_stationary_mixed_nuisance,14120,full,pre_shift,45,-0.2,0.0,-0.2,-0.06312399782440935,-0.018538466661007235,-0.008489920972812768,-0.16104598619092322,-0.005680173043287458,-0.19795925646178714,3.3973086178368965,19.805956654358386,False,0.01968703604985092,False,True,
signature_stationary_mixed_nuisance,14121,full,pre_shift,45,-0.2,0.0,-0.2,-0.06493245245345472,-0.014304213199708682,-0.03120286123042198,-0.15693662365201208,0.0015497964340337705,-0.20450253004688884,2.918000517255346,22.878592879674283,False,0.020973566238673497,False,True,
signature_stationary_mixed_nuisance,14122,full,pre_shift,45,-0.2,0.0,-0.2,-0.06557610440391878,0.018314087820650655,-0.1318373329671158,-0.15654255126269778,0.00582182989727774,-0.2028556331991778,1.3204886437325187,9.387887601257413,False,0.05877775723710449,False,True,
signature_stationary_mixed_nuisance,14123,full,pre_shift,45,-0.2,0.0,-0.2,-0.06451094761785743,0.01648056430939577,-0.050488966596532944,-0.1567898614255231,0.005319023744625367,-0.19540382978005658,2.3451728763080983,17.871211174044763,False,0.004676434892666007,False,True,
signature_stationary_mixed_nuisance,14124,full,pre_shift,45,-0.2,0.0,-0.2,-0.08890311115800255,0.020233205938437835,-0.09550899944997185,-0.15566254051391326,0.008881704461795873,-0.20128922701789753,1.2452213518216138,0.3300670666691563,False,0.012463089138594253,False,True,
signature_stationary_mixed_nuisance,14125,full,pre_shift,45,-0.2,0.0,-0.2,-0.0672070819172565,-0.005412215706104709,-0.008914372844465116,-0.15404361527125596,0.006369850888798428,-0.1986637671944088,3.170384872831832,19.394354782712703,False,0.004870131542949515,False,True,
signature_stationary_mixed_nuisance,14126,full,pre_shift,45,-0.2,0.0,-0.2,-0.06939455249519715,0.008976964147687344,-0.06312849251438574,-0.1599738972971573,0.0030133064978275547,-0.2009571767094103,2.1697873192579324,16.11244895139067,False,0.010771478002784631,False,True,
signature_stationary_mixed_nuisance,14127,full,pre_shift,45,-0.2,0.0,-0.2,-0.08042239667816561,0.01475733221155855,-0.08433578080989687,-0.15832236501790883,0.006538396916088562,-0.19966910828565376,1.5626681285177428,16.39474159105806,False,0.011261841831104439,False,True,
signature_stationary_mixed_nuisance,14128,full,pre_shift,45,-0.2,0.0,-0.2,-0.09236005814087156,0.013462612328251931,-0.06553792709873182,-0.15843886707349894,0.0036655994917040766,-0.19438251054388334,1.568033585252424,0.37996013437010023,False,0.023912739097759504,False,True,
signature_stationary_mixed_nuisance,14129,full,pre_shift,45,-0.2,0.0,-0.2,-0.09797283827059484,0.020877021352422972,-0.09015027799643531,-0.16432144622048886,0.0006395786831630171,-0.19477974041788332,1.255977903546323,8.23433190262576,False,0.014783526075304414,False,True,
signature_stationary_mixed_nuisance,14130,full,pre_shift,45,-0.2,0.0,-0.2,-0.07747222137886065,0.015078983255523919,-0.08187362702047479,-0.16890724805146073,-0.005039304739755732,-0.19664439790381744,1.8671857966777194,25.97757844471116,False,0.05223127742775602,False,True,
signature_stationary_mixed_nuisance,14101,full,pre_shift,46,-0.2,0.0,0.2,-0.09827506569617948,-0.0062571709952817306,0.08944667199887886,-0.15092839239706934,0.013810445585774959,0.18086066902996883,0.9027771918259693,4.357625324314762,False,0.018939342027892946,False,True,
signature_stationary_mixed_nuisance,14102,full,pre_shift,46,-0.2,0.0,0.2,-0.0899779695834641,0.011077158305018358,0.007659781638621826,-0.1537136830964471,0.00799966286529713,0.18482215376290856,2.4629398497265047,14.064340062015571,False,0.006556285766275762,False,True,
signature_stationary_mixed_nuisance,14103,full,pre_shift,46,-0.2,0.0,0.2,-0.07699797341211961,-0.012203654822058216,0.07383274241312213,-0.1465727858795566,0.0071434419723524645,0.18352421809910013,1.3824910128104468,29.26197586783533,False,0.03685116638929891,False,True,
signature_stationary_mixed_nuisance,14104,full,pre_shift,46,-0.2,0.0,0.2,-0.07856971247410922,-0.00029756956539562124,0.06414930130401068,-0.15983453427035416,0.0005176279060079319,0.17626371828592216,1.580962040939996,18.63312817887886,False,0.014822407767951028,False,True,
signature_stationary_mixed_nuisance,14105,full,pre_shift,46,-0.2,0.0,0.2,-0.07733575002122436,0.0011093237105227751,0.08181851498867221,-0.1500275552605735,0.010007873094257352,0.18087856369011152,1.2564728658129183,23.27841625320642,False,0.05737128452561636,False,True,
signature_stationary_mixed_nuisance,14106,full,pre_shift,46,-0.2,0.0,0.2,-0.09738129123579964,-0.011745925806218938,0.06534343384182914,-0.1608581328537826,0.0038186177841734574,0.17808089479805306,1.310076724709814,5.8461077458515724,False,0.04735306517041329,False,True,
signature_stationary_mixed_nuisance,14107,full,pre_shift,46,-0.2,0.0,0.2,-0.07463808460441602,0.009895329404837696,0.03948628247968428,-0.1495061921460393,0.012469318569058578,0.18766652829652786,2.05490901083768,15.874072108575199,False,0.03476778656698486,False,True,
signature_stationary_mixed_nuisance,14108,full,pre_shift,46,-0.2,0.0,0.2,-0.06518471958086305,-0.003844049019296572,0.03500012680277691,-0.14823128013944023,0.010054025113458136,0.18020431910804455,2.178217380825067,38.167280877490356,False,0.012965521345035584,False,True,
signature_stationary_mixed_nuisance,14109,full,pre_shift,46,-0.2,0.0,0.2,-0.07096894866743167,-0.012627330734023228,0.04466232413577669,-0.15177720904245115,0.0025669741206899746,0.1783338823400642,1.93600197014898,7.358212631403023,False,0.04025035029715377,False,True,
signature_stationary_mixed_nuisance,14110,full,pre_shift,46,-0.2,0.0,0.2,-0.06931239356211369,0.005134786832635503,0.025244647217018412,-0.15557464867882656,0.006849161773471157,0.18270722775870396,2.4526650067973375,14.9634734948608,False,0.029543515612145365,False,True,
signature_stationary_mixed_nuisance,14111,full,pre_shift,46,-0.2,0.0,0.2,-0.06422550119485135,-0.0007422131907545203,0.00910075467518449,-0.15304971105799936,0.00939324584495332,0.178993823512651,2.7752368760324715,41.489967712570696,False,0.03975891482808735,False,True,
signature_stationary_mixed_nuisance,14112,full,pre_shift,46,-0.2,0.0,0.2,-0.07673211998010163,-0.0021459031539607675,0.052806367919910675,-0.16303612600518608,-0.0005977677691261826,0.18554492732874636,1.9983535344155268,6.985309422416726,False,0.03233616435683321,False,True,
signature_stationary_mixed_nuisance,14113,full,pre_shift,46,-0.2,0.0,0.2,-0.06798401719422838,-0.007703341094342954,0.03970690156007154,-0.1475542483058394,0.008728831767241194,0.18301453443662888,2.0848639870029397,39.46692860774692,False,0.08806970486493788,False,True,
signature_stationary_mixed_nuisance,14114,full,pre_shift,46,-0.2,0.0,0.2,-0.0725712627700788,-0.0009125068063998614,0.02483576129698986,-0.15944176443114136,0.007973443996065687,0.17286617861985715,2.293627554449553,35.54060803192698,False,0.02539886422074984,False,True,
signature_stationary_mixed_nuisance,14115,full,pre_shift,46,-0.2,0.0,0.2,-0.06958807944800882,0.008828388531111321,0.022025997735749446,-0.1454557255094214,0.010848969361310036,0.183055713139892,2.322580059273427,34.86336359316717,False,0.0343950345275971,False,True,
signature_stationary_mixed_nuisance,14116,full,pre_shift,46,-0.2,0.0,0.2,-0.05286644792224233,0.010926209088554305,0.012206905144853774,-0.1450457733355246,0.009934296816546546,0.18542856353256876,2.9082825715796345,39.457446155746716,False,0.022378672843884874,False,True,
signature_stationary_mixed_nuisance,14117,full,pre_shift,46,-0.2,0.0,0.2,-0.07098281367928862,0.00861262573727153,0.03504015584047682,-0.1469878171887472,0.009377999972971063,0.18838032271333333,2.172407844578597,20.292792209795824,False,0.05146237455553045,False,True,
signature_stationary_mixed_nuisance,14118,full,pre_shift,46,-0.2,0.0,0.2,-0.03581427423208374,-0.0007580851336444313,0.01403823724124412,-0.14518616927022687,0.008226661530139939,0.1839449094381349,3.2640247004936707,53.2181740023937,False,0.011708044673831908,False,True,
signature_stationary_mixed_nuisance,14119,full,pre_shift,46,-0.2,0.0,0.2,-0.07845395484856171,-0.009742213890916633,0.0691865972944038,-0.14577356000923117,0.011099207347033185,0.18035314284143616,1.3742448283058,14.84699868106967,False,0.021564296395256543,False,True,
signature_stationary_mixed_nuisance,14120,full,pre_shift,46,-0.2,0.0,0.2,-0.09585004487023613,-0.012662612057445054,0.07005450324073537,-0.15886926374085164,-0.0025793897880106334,0.18947351421375014,1.3838297209905195,19.689786375348906,False,0.031066737766447656,False,True,
signature_stationary_mixed_nuisance,14121,full,pre_shift,46,-0.2,0.0,0.2,-0.06548824038336436,-0.01936580016735914,0.03983717999081229,-0.14601704180170347,0.002536107580087891,0.1775983139739323,2.0301607968154993,23.40875367648978,False,0.026574170091361142,False,True,
signature_stationary_mixed_nuisance,14122,full,pre_shift,46,-0.2,0.0,0.2,-0.08102555079050242,0.009389881960586224,0.008118941824819136,-0.1544917412183027,0.007855956784119607,0.17859408714479189,2.4761934947977524,10.364081096055166,False,0.039707140218298215,False,True,
signature_stationary_mixed_nuisance,14123,full,pre_shift,46,-0.2,0.0,0.2,-0.09784848873403217,-0.013841378259179426,0.08602376395149937,-0.15057625446564973,0.008450829151036598,0.18314860303885647,0.9856431854154998,17.356854359460264,False,0.026342325254869493,False,True,
signature_stationary_mixed_nuisance,14124,full,pre_shift,46,-0.2,0.0,0.2,-0.08840618626600681,0.010953827769256061,0.03880084934355819,-0.14799020327892579,0.011433539146480627,0.18751419832566185,1.816805660299108,0.6468727269682644,False,0.035826895043193654,False,True,
signature_stationary_mixed_nuisance,14125,full,pre_shift,46,-0.2,0.0,0.2,-0.08729112458295833,-0.009230100569830944,0.06731504212998707,-0.1475364566624748,0.009044710591276026,0.18479652739828784,1.3441274122366247,19.238482194949327,False,0.021691265003160973,False,True,
signature_stationary_mixed_nuisance,14126,full,pre_shift,46,-0.2,0.0,0.2,-0.07942045851618494,-0.018170957674889205,0.04258324759048866,-0.15198475942944628,0.002522489361977254,0.18063942887482975,1.882348658193851,16.494797609584523,False,0.012282961322949077,False,True,
signature_stationary_mixed_nuisance,14127,full,pre_shift,46,-0.2,0.0,0.2,-0.08601352367250503,0.012174442201999215,0.006913046113114487,-0.15419517336940217,0.008403597553887244,0.18264318968008986,2.5022484419263233,17.396990032984384,False,0.03889625638218955,False,True,
signature_stationary_mixed_nuisance,14128,full,pre_shift,46,-0.2,0.0,0.2,-0.08972074340796406,-0.004589529591431517,0.08712601317179944,-0.14577943142915226,0.00759528431258791,0.19518719650278868,1.122484126308909,0.002444260679009158,False,0.012544112372442382,False,True,
signature_stationary_mixed_nuisance,14129,full,pre_shift,46,-0.2,0.0,0.2,-0.07184110225838275,-0.0014192988571267765,0.02897706839395369,-0.15675865145113418,0.0016850071803107386,0.18561586030899044,2.410406633221461,9.144738535847221,False,0.08174654273304396,False,True,
signature_stationary_mixed_nuisance,14130,full,pre_shift,46,-0.2,0.0,0.2,-0.05963998124436819,-0.005983995660549394,0.06575357411096092,-0.1596356635146211,-0.0038349856442696714,0.18340355009932863,2.070809352153333,26.548387796864493,False,0.01978784134671699,False,True,
signature_stationary_mixed_nuisance,14101,full,pre_shift,47,0.12,-0.1,-0.15,0.03234120151802682,-0.024875102111350814,-0.04225722458528648,0.10191896781900286,-0.07496100672907977,-0.13169473677533797,1.3631584919116937,4.220783816226456,False,0.017498867263099727,False,True,
signature_stationary_mixed_nuisance,14102,full,pre_shift,47,0.12,-0.1,-0.15,0.03906025651358731,-0.029230759574595387,-0.01224203741941678,0.09875293702345549,-0.0836685614298502,-0.1311685474858006,1.6455468968272682,14.209886958842839,False,0.06304814864430125,False,True,
signature_stationary_mixed_nuisance,14103,full,pre_shift,47,0.12,-0.1,-0.15,0.009896074183482149,-0.025908573558576273,-0.026438504118611258,0.09745835183661142,-0.08452780083712202,-0.1305522001613928,1.9822103647593199,29.74418623259465,False,0.06214077569585038,False,True,
signature_stationary_mixed_nuisance,14104,full,pre_shift,47,0.12,-0.1,-0.15,0.007473718335395959,-0.033419191923807164,-0.02219627103836536,0.09952615936510273,-0.08409316531230875,-0.13650939913630983,2.1108183295332874,19.243946508412147,False,0.010590703192400418,False,True,
signature_stationary_mixed_nuisance,14105,full,pre_shift,47,0.12,-0.1,-0.15,0.015099028876221218,-0.027079650965954473,-0.04092878491962469,0.10106249871996405,-0.08497835356242069,-0.1368420231212502,1.827843391505948,23.606259644712367,False,0.08719808600224345,False,True,
signature_stationary_mixed_nuisance,14106,full,pre_shift,47,0.12,-0.1,-0.15,0.057443957192985805,-0.029847246944344936,-0.0030869047782558804,0.10893445549665742,-0.08082263561737195,-0.13248634726065175,1.6510344579372183,5.9971422037887905,False,0.03337586799900869,False,True,
signature_stationary_mixed_nuisance,14107,full,pre_shift,47,0.12,-0.1,-0.15,0.029668936250353738,-0.039977838849772934,-0.03626355724759955,0.10453120724424854,-0.08189643905664735,-0.13142390912871338,1.4297698550879634,15.803841963663162,False,0.047134361235400934,False,True,
signature_stationary_mixed_nuisance,14108,full,pre_shift,47,0.12,-0.1,-0.15,0.005454653955686278,-0.0309535223217672,-0.027313318572755128,0.09817812818452362,-0.08298153160727101,-0.13637488132740885,2.0715198808029296,38.73880075829329,False,0.051276118634408244,False,True,
signature_stationary_mixed_nuisance,14109,full,pre_shift,47,0.12,-0.1,-0.15,0.06067054881538701,-0.027965056793126303,-0.032028608653041135,0.10854315024626512,-0.08679731637564858,-0.1334406157107944,1.3145725449365557,7.172785176339579,False,0.06525610421912559,False,True,
signature_stationary_mixed_nuisance,14110,full,pre_shift,47,0.12,-0.1,-0.15,0.027965017138573404,-0.031088547614072353,-0.05353063996424498,0.10111565632431636,-0.08908109588258628,-0.13680739378686319,1.4508503664451944,14.914323861305995,False,0.025310366892465987,False,True,
signature_stationary_mixed_nuisance,14111,full,pre_shift,47,0.12,-0.1,-0.15,0.02888227336256001,-0.030479211016797996,-0.03466451613279215,0.1051951626750971,-0.07864560798412862,-0.1360495086651595,1.5978477438392418,41.587815456409935,False,0.05114090971776723,False,True,
signature_stationary_mixed_nuisance,14112,full,pre_shift,47,0.12,-0.1,-0.15,0.03831178397560011,-0.0241600638114129,-0.04564184483578926,0.09875155073216683,-0.08091699339036927,-0.13300318795873214,1.2841945135082962,6.769503935925021,False,0.05819308879872935,False,True,
signature_stationary_mixed_nuisance,14113,full,pre_shift,47,0.12,-0.1,-0.15,0.05529757592141802,-0.013739047978019019,0.0009766215144934626,0.11108426753554909,-0.08190126736926069,-0.1330050072536116,2.0243464660442902,39.991275073791215,False,0.12893458937693236,False,True,
signature_stationary_mixed_nuisance,14114,full,pre_shift,47,0.12,-0.1,-0.15,0.03345355318375325,-0.025984029764459737,-0.04942523094079349,0.10382988737531454,-0.08771342513675788,-0.13219248121599023,1.4561073927414858,35.496715424668466,False,0.019378785305934402,False,True,
signature_stationary_mixed_nuisance,14115,full,pre_shift,47,0.12,-0.1,-0.15,0.006011802616034817,-0.027642994206614247,-0.026233850843828146,0.09783504093646067,-0.08164902019002249,-0.13207405161347457,2.0331572105367255,35.3965208037039,False,0.039976086632530834,False,True,
signature_stationary_mixed_nuisance,14116,full,pre_shift,47,0.12,-0.1,-0.15,0.03675743792780262,-0.03217252835828433,-0.024424526936568797,0.10270209244861006,-0.0886935756113063,-0.12988030198688374,1.5802203403155086,39.53766649606222,False,0.01563776179043143,False,True,
signature_stationary_mixed_nuisance,14117,full,pre_shift,47,0.12,-0.1,-0.15,0.014427173197709845,-0.03883040275321031,-0.04019582758075744,0.10169932496162387,-0.08198239249525456,-0.13576495148002884,1.6830368899798305,20.475829099775655,False,0.008764203697877358,False,True,
signature_stationary_mixed_nuisance,14118,full,pre_shift,47,0.12,-0.1,-0.15,0.03940518534495499,-0.030166674702174903,-0.01728369698692786,0.10425039776669319,-0.07570001847101179,-0.1337465192879623,1.578770163943308,53.29694416633701,False,0.1945640700018765,False,True,
signature_stationary_mixed_nuisance,14119,full,pre_shift,47,0.12,-0.1,-0.15,0.01935072107633383,-0.029138545511600937,-0.04452932342164622,0.10173838207796075,-0.08131950023142191,-0.1272563200113511,1.5454516916246888,14.892450372694357,False,0.018985160356976134,False,True,
signature_stationary_mixed_nuisance,14120,full,pre_shift,47,0.12,-0.1,-0.15,0.053048958817426876,-0.034489905447016106,0.013195364918376884,0.11127696905904445,-0.08872358735734676,-0.12335564769337434,1.888936764519628,20.078723139868533,False,0.128299842116257,False,True,
signature_stationary_mixed_nuisance,14121,full,pre_shift,47,0.12,-0.1,-0.15,0.02836937412692181,-0.035000352556003714,-0.017838819153696738,0.1071195575466967,-0.07740960144815569,-0.13508862014239056,1.7929504085317036,23.701704085021483,False,0.07919924911281413,False,True,
signature_stationary_mixed_nuisance,14122,full,pre_shift,47,0.12,-0.1,-0.15,0.042874674908686974,-0.03206362605327823,-0.0699450367061444,0.10641635189452638,-0.08019204415537194,-0.1346700729462934,1.0079012135574705,9.871982309612637,False,0.07361559112230276,False,True,
signature_stationary_mixed_nuisance,14123,full,pre_shift,47,0.12,-0.1,-0.15,0.005022474015040204,-0.03362489106673921,-0.031014394835135628,0.1027750203923514,-0.0803910013640029,-0.13623790046869869,2.071089289079291,17.927943648539554,False,0.08227734106651328,False,True,
signature_stationary_mixed_nuisance,14124,full,pre_shift,47,0.12,-0.1,-0.15,0.04043596647657743,-0.036332231876444986,0.007703980814880907,0.10401375596832686,-0.08181646628439285,-0.12735694313880505,1.854179725721772,1.0010524526900364,False,0.08486020020540008,False,True,
signature_stationary_mixed_nuisance,14125,full,pre_shift,47,0.12,-0.1,-0.15,0.04440530357874688,-0.03368209771743867,-0.013645598917575079,0.11063079526808119,-0.08531186066651913,-0.13147821681273109,1.6899475531756811,19.42842974812501,False,0.07325713789805766,False,True,
signature_stationary_mixed_nuisance,14126,full,pre_shift,47,0.12,-0.1,-0.15,0.058524590954064,-0.017984900166126746,-0.014103958259037578,0.10793386142911855,-0.07856880065191042,-0.14014441299631109,1.701273330838448,16.69607094042297,False,0.017549823879277667,False,True,
signature_stationary_mixed_nuisance,14127,full,pre_shift,47,0.12,-0.1,-0.15,0.040334517079808556,-0.03272480851491764,-0.012974463660507666,0.1045325540482645,-0.08173133950632418,-0.13420593500270858,1.6816029477607577,17.578592980745142,False,0.09129145744501853,False,True,
signature_stationary_mixed_nuisance,14128,full,pre_shift,47,0.12,-0.1,-0.15,0.045177079055827525,-0.03311458101444207,-0.013385298498063256,0.10315047102558177,-0.08365605555630609,-0.12553948989303637,1.4784214103452367,0.0,False,0.048704115290936996,False,True,
signature_stationary_mixed_nuisance,14129,full,pre_shift,47,0.12,-0.1,-0.15,0.03550935539306353,-0.022147899658518128,-0.03835537065816261,0.09514744156296917,-0.08234548618827085,-0.13223440109680987,1.3940619398707241,9.038800475717945,False,0.06332995881326754,False,True,
signature_stationary_mixed_nuisance,14130,full,pre_shift,47,0.12,-0.1,-0.15,0.0014992221593034443,-0.016634227124842256,-0.045605573747217375,0.09337025726592642,-0.08345727004031382,-0.13758913349357557,2.045945660792611,27.094333457657104,False,0.042830382534498286,False,True,
signature_stationary_mixed_nuisance,14101,full,pre_shift,48,0.12,0.1,0.15,0.028208818807443005,0.00539385650167863,0.01332465949522185,0.0965367154499828,0.08678925435572558,0.1328949279254621,2.210461613133643,4.931245429360099,False,0.07758754706349544,False,True,
signature_stationary_mixed_nuisance,14102,full,pre_shift,48,0.12,0.1,0.15,0.025250432372271536,0.022161794207574068,0.032061119675696706,0.10169905639545745,0.08206691426430324,0.13473463107027323,1.7577772059778454,14.467664164820684,False,0.0890455446115489,False,True,
signature_stationary_mixed_nuisance,14103,full,pre_shift,48,0.12,0.1,0.15,0.03355034279415109,0.009619435261095375,0.009885402750689533,0.09941865419072313,0.08396595949523752,0.1381444889846792,2.1741385509606634,30.418324783555313,False,0.14900847505247028,False,True,
signature_stationary_mixed_nuisance,14104,full,pre_shift,48,0.12,0.1,0.15,0.04065921892433439,0.015766469932179308,0.015484211930229135,0.09668802909777524,0.08604827556643051,0.13604610746546447,1.8469065515147116,19.590853059926857,False,0.05521638445163294,False,True,
signature_stationary_mixed_nuisance,14105,full,pre_shift,48,0.12,0.1,0.15,0.016613864884559466,0.020181177197072082,0.004886867051344304,0.09430747654356784,0.08674518055677362,0.12977803446704628,2.195911480943301,24.30217112565567,False,0.02187149035755532,False,True,
signature_stationary_mixed_nuisance,14106,full,pre_shift,48,0.12,0.1,0.15,0.017964850533996695,0.0355382646100063,0.04434768225111258,0.09965314300985666,0.08913299001745852,0.1364481075810882,1.6395895454023754,6.136731749191166,False,0.0416511225658927,False,True,
signature_stationary_mixed_nuisance,14107,full,pre_shift,48,0.12,0.1,0.15,0.01925139896289832,0.032628362746384365,0.04967332128876935,0.09809286446816459,0.08658944529370229,0.13829715682258883,1.5548309322056861,15.858672895868848,False,0.049272763456655023,False,True,
signature_stationary_mixed_nuisance,14108,full,pre_shift,48,0.12,0.1,0.15,0.02017391472450482,0.00011438478467640231,-0.009628298037019513,0.09553821511418023,0.08368113264254017,0.13472629673111386,2.7798215589166873,40.018622317209974,False,0.01239829308522006,False,True,
signature_stationary_mixed_nuisance,14109,full,pre_shift,48,0.12,0.1,0.15,0.026411068187754988,0.014155135089627976,0.048558739436670106,0.10741149745354532,0.08354213840927975,0.13411705868659993,1.7845303527814087,7.457315529120987,False,0.04070666913306747,False,True,
signature_stationary_mixed_nuisance,14110,full,pre_shift,48,0.12,0.1,0.15,0.024863444734537204,0.027299868594558692,0.023227340295254986,0.10209846278232168,0.08563133354470678,0.13555770337746448,1.877903547733738,15.292227409039732,False,0.07147489416412114,False,True,
signature_stationary_mixed_nuisance,14111,full,pre_shift,48,0.12,0.1,0.15,0.02851519796400969,0.015884898160265244,-0.021969333150206376,0.09552625108903712,0.08598337717158164,0.13258016841646222,2.583518195596107,42.67133365200604,False,0.04983171639706922,False,True,
signature_stationary_mixed_nuisance,14112,full,pre_shift,48,0.12,0.1,0.15,0.034115795655267324,0.024027427138029668,0.038251362196694,0.1021121185117527,0.08764804348951667,0.1359744680245784,1.6068915458008446,6.876395481725866,False,0.0833900398165768,False,True,
signature_stationary_mixed_nuisance,14113,full,pre_shift,48,0.12,0.1,0.15,0.018637854073939215,0.022150855748054213,0.031265403748973776,0.10302097442259059,0.08625136949659369,0.13795685951229295,2.021023438545116,40.51229851233633,False,0.03356758554149266,False,True,
signature_stationary_mixed_nuisance,14114,full,pre_shift,48,0.12,0.1,0.15,0.03390210634515613,-0.0025449033509174182,0.013371090361414104,0.0961621923014467,0.0857432782912463,0.13325719373797057,2.259041560954544,36.25575698562301,False,0.0435646523690476,False,True,
signature_stationary_mixed_nuisance,14115,full,pre_shift,48,0.12,0.1,0.15,0.022282674860322853,0.015176638477996097,-0.009569073268980693,0.09422746155639533,0.08535082453916155,0.13487680596917284,2.4809625130298043,36.3774833167337,False,0.02461312900985193,False,True,
signature_stationary_mixed_nuisance,14116,full,pre_shift,48,0.12,0.1,0.15,-0.008479475634015717,0.023617668113211164,0.0031415338346190633,0.09888138167798396,0.08239318136990177,0.13469838936276213,2.8296829641442116,40.867349460206434,False,0.038436394361121146,False,True,
signature_stationary_mixed_nuisance,14117,full,pre_shift,48,0.12,0.1,0.15,0.0033892512528337047,0.053187680040141724,-0.0016311665491943164,0.09518361246847973,0.08961781136088404,0.13826628368046334,2.355452414564471,21.331281514340127,False,0.02237171819903416,False,True,
signature_stationary_mixed_nuisance,14118,full,pre_shift,48,0.12,0.1,0.15,-0.011880152560995824,0.023154731328362616,0.0077125630347339045,0.10494229210381874,0.09121953151910604,0.13552248539078887,3.1552393855094034,54.95218355184642,False,0.09044938307940263,False,True,
signature_stationary_mixed_nuisance,14119,full,pre_shift,48,0.12,0.1,0.15,0.03218896971545472,0.000282688217717602,0.051051131329378885,0.10169067941804277,0.08321076438040614,0.14068165307370706,1.8695425227397282,15.261992895434085,False,0.02289158243870064,False,True,
signature_stationary_mixed_nuisance,14120,full,pre_shift,48,0.12,0.1,0.15,0.047422750765006065,0.026277518479851863,0.03419323167935814,0.10342784745356713,0.08906991755821728,0.1445334852221929,1.5715748600521742,20.150297999920706,False,0.022001014577341695,False,True,
signature_stationary_mixed_nuisance,14121,full,pre_shift,48,0.12,0.1,0.15,0.03602974404288566,0.02754493483289695,0.030858901920041006,0.1068221175650444,0.0879510728535319,0.13745792070984822,1.7151051360264777,23.91680922104796,False,0.1357703404252329,False,True,
signature_stationary_mixed_nuisance,14122,full,pre_shift,48,0.12,0.1,0.15,0.015423361919696631,0.038386371601544095,-0.0037231167759707575,0.09437084271010769,0.08567434051090213,0.13097851126239105,2.118937688115882,10.490919997728518,False,0.05072072852266738,False,True,
signature_stationary_mixed_nuisance,14123,full,pre_shift,48,0.12,0.1,0.15,0.01212343348594796,0.039008449612857925,-0.0010613064842326897,0.09510239459707726,0.08787121773094131,0.13679845258461373,2.265425544503293,18.693369193042848,False,0.04238791160852358,False,True,
signature_stationary_mixed_nuisance,14124,full,pre_shift,48,0.12,0.1,0.15,0.034702634184540795,0.029322081015110166,0.05203469351488336,0.09868659143629001,0.08594380217526366,0.1432230826906481,1.3687709204018583,0.8698233730918947,False,0.00823331740467752,False,True,
signature_stationary_mixed_nuisance,14125,full,pre_shift,48,0.12,0.1,0.15,0.03431396943863233,0.025562298073382356,0.035739981336977006,0.10028429065718772,0.08625676182209004,0.13859249743964264,1.5968341696486965,19.525263917773707,False,0.08455200023467994,False,True,
signature_stationary_mixed_nuisance,14126,full,pre_shift,48,0.12,0.1,0.15,0.032078865760599366,0.02818553975370933,0.04418549321089991,0.10814503890103772,0.08875048631924924,0.13522082945462013,1.6135280709952904,16.80959901141826,False,0.026181367271121966,False,True,
signature_stationary_mixed_nuisance,14127,full,pre_shift,48,0.12,0.1,0.15,0.03541457916305132,0.021763948014753176,0.010079615704012385,0.09711996659354659,0.08607931408317675,0.134771184280163,1.895757845644975,17.97435082639012,False,0.033007537092517095,False,True,
signature_stationary_mixed_nuisance,14128,full,pre_shift,48,0.12,0.1,0.15,0.012511362139297303,0.046191141240664146,0.03816581490737782,0.10011642944949152,0.08629527717632639,0.14401290861264787,1.773894727801301,0.2738947278013011,False,0.04470778231921643,False,True,
signature_stationary_mixed_nuisance,14129,full,pre_shift,48,0.12,0.1,0.15,0.0242329948039249,0.022161189186219152,0.032980448530400185,0.09965329551647273,0.08241406463536162,0.13405167566534743,1.7242229207419664,9.26302339645991,False,0.029857678459966324,False,True,
signature_stationary_mixed_nuisance,14130,full,pre_shift,48,0.12,0.1,0.15,0.028283728733170546,0.0012660692858624647,0.00436522862585362,0.09597739956235415,0.08153659014084792,0.1347310675657036,2.348267966624934,27.94260142428204,False,0.01874558666394331,False,True,
signature_stationary_mixed_nuisance,14101,full,pre_shift,49,-0.2,0.0,-0.2,-0.069341634815271,0.027766558677012807,-0.07241371245015174,-0.15578414966808804,0.009301438924257376,-0.19398231896876098,1.855902910358978,5.287148339719077,False,0.02615991377293659,False,True,
signature_stationary_mixed_nuisance,14102,full,pre_shift,49,-0.2,0.0,-0.2,-0.10524723168981148,0.02400559230270442,-0.06840632054036051,-0.164929719149453,0.004974958186182636,-0.1957408291940505,1.4798686599604345,14.447532824781119,False,0.036820481534532455,False,True,
signature_stationary_mixed_nuisance,14103,full,pre_shift,49,-0.2,0.0,-0.2,-0.06895180880689677,0.01191201157173764,-0.018257826290958092,-0.15988080883207226,0.0037367862748637825,-0.1970266962234101,2.9943767941237454,31.91270157767906,False,0.007775651418523988,False,True,
signature_stationary_mixed_nuisance,14104,full,pre_shift,49,-0.2,0.0,-0.2,-0.0782140927460011,0.01878768929334093,-0.06525255392936341,-0.16638701681446635,0.00167434969705846,-0.20225556581614085,2.1364487785650224,20.22730183849188,False,0.03885122173977389,False,True,
signature_stationary_mixed_nuisance,14105,full,pre_shift,49,-0.2,0.0,-0.2,-0.045026489213943255,0.01570469263437647,-0.047288561814709605,-0.1563432748329524,0.006363230062445484,-0.19374654405165365,2.8275679718392515,25.62973909749492,False,0.02587643226665991,False,True,
signature_stationary_mixed_nuisance,14106,full,pre_shift,49,-0.2,0.0,-0.2,-0.0663562849932184,0.023582505580818206,-0.08992116742447775,-0.16311936871326388,0.00367277997988164,-0.19683125188112835,1.878498577884019,6.5152303270751855,False,0.05538785602625756,False,True,
signature_stationary_mixed_nuisance,14107,full,pre_shift,49,-0.2,0.0,-0.2,-0.06662220093091237,0.008037658745671783,-0.04464095087157381,-0.15626562423823462,0.008203942956860815,-0.1961107332683689,2.394367460267045,16.75304035613589,False,0.048852202324496746,False,True,
signature_stationary_mixed_nuisance,14108,full,pre_shift,49,-0.2,0.0,-0.2,-0.05804854232707171,0.02088748377857791,-0.05922442740503414,-0.15711675145666726,0.008965731960267922,-0.20067168650481096,2.4384410192040775,40.95706333641405,False,0.015214885965004676,False,True,
signature_stationary_mixed_nuisance,14109,full,pre_shift,49,-0.2,0.0,-0.2,-0.055218597953242216,0.013262357873242736,-0.09411142000385274,-0.15968752371217473,0.0029764281004660705,-0.2034566862997607,2.060717133482759,8.018032662603746,False,0.07255936128002378,False,True,
signature_stationary_mixed_nuisance,14110,full,pre_shift,49,-0.2,0.0,-0.2,-0.0677469363910804,0.020306218678005118,-0.09699714614217489,-0.16049906979372444,0.006340191459150103,-0.19895081855411959,1.6991307980553583,15.491358207095091,False,0.009519305433551936,False,True,
signature_stationary_mixed_nuisance,14111,full,pre_shift,49,-0.2,0.0,-0.2,-0.04867048768905676,0.012108990406303042,-0.04953951354844139,-0.15521038743115695,0.008090309014903076,-0.20131408581502344,2.79454775849136,43.9658814104974,False,0.07601977460519009,False,True,
signature_stationary_mixed_nuisance,14112,full,pre_shift,49,-0.2,0.0,-0.2,-0.09738210799093949,0.0077445436817193515,-0.07042719457072577,-0.17102695702811954,-0.00020609672510012926,-0.19850528787599492,1.6765947172007756,7.052990198926642,False,0.02306605174269056,False,True,
signature_stationary_mixed_nuisance,14113,full,pre_shift,49,-0.2,0.0,-0.2,-0.051517835903048675,0.005654951141630459,-0.01679391375163245,-0.1573202357949832,0.00575730157061352,-0.19427343413065182,3.307260068699138,42.319558581035466,False,0.07080250413183593,False,True,
signature_stationary_mixed_nuisance,14114,full,pre_shift,49,-0.2,0.0,-0.2,-0.0459216899275908,0.006800467343976686,-0.047447008841452934,-0.1587125414990056,0.005396874700610855,-0.20513533538117196,3.07179350985562,37.827550495478626,False,0.015666818439388882,False,True,
signature_stationary_mixed_nuisance,14115,full,pre_shift,49,-0.2,0.0,-0.2,-0.0713130044547687,0.013048846679432699,-0.0606922972412459,-0.1560045438854835,0.006581021794620439,-0.19890144769587995,2.0539123615862223,36.93139567831992,False,0.042531714558447516,False,True,
signature_stationary_mixed_nuisance,14116,full,pre_shift,49,-0.2,0.0,-0.2,-0.04241535970489413,0.028376020351617792,-0.09705533293119054,-0.1514904551835582,0.005721882704070078,-0.1950459970773475,2.079641727728951,41.44699118793538,False,0.011267190537645438,False,True,
signature_stationary_mixed_nuisance,14117,full,pre_shift,49,-0.2,0.0,-0.2,-0.07888419739170312,0.010875781099899619,-0.09565337261321094,-0.15612086309689327,0.007552855520881067,-0.19801516781044823,1.3666843556205939,21.197965869960722,False,0.011576466795185298,False,True,
signature_stationary_mixed_nuisance,14118,full,pre_shift,49,-0.2,0.0,-0.2,-0.04994743692100868,-0.0002509881663156638,-0.050309603211461225,-0.15383144263951393,0.006179925518404728,-0.20093532004144973,2.7087982642390904,56.16098181608551,False,0.020226345347129426,False,True,
signature_stationary_mixed_nuisance,14119,full,pre_shift,49,-0.2,0.0,-0.2,-0.057156659248147626,0.007694065364305747,-0.052496899136338517,-0.1538567795343665,0.007996129397685852,-0.20275318978986165,2.5267463136762385,16.288739209110325,False,0.016677137717717075,False,True,
signature_stationary_mixed_nuisance,14120,full,pre_shift,49,-0.2,0.0,-0.2,-0.06847989262183389,-0.014557989320610375,-0.0001946356825976787,-0.16104598619092322,-0.005680173043287458,-0.19795925646178714,3.4780239818734238,22.12832198179413,False,0.08405060222555281,False,True,
signature_stationary_mixed_nuisance,14121,full,pre_shift,49,-0.2,0.0,-0.2,-0.06573016952228544,-0.008637080183977262,-0.0359381604632603,-0.15693662365201208,0.0015497964340337705,-0.20450253004688884,2.779953206961508,25.196762428009468,False,0.06904475477362076,False,True,
signature_stationary_mixed_nuisance,14122,full,pre_shift,49,-0.2,0.0,-0.2,-0.07106575698386773,0.0180051919610932,-0.13909659491233187,-0.15654255126269778,0.00582182989727774,-0.2028556331991778,1.1428935775911622,10.13381357531968,False,0.03087815824589237,False,True,
signature_stationary_mixed_nuisance,14123,full,pre_shift,49,-0.2,0.0,-0.2,-0.06449564033116965,0.015742250187785637,-0.05401427867162038,-0.1567898614255231,0.005319023744625367,-0.19540382978005658,2.2800723804719496,19.473441573514798,False,0.022641709235427757,False,True,
signature_stationary_mixed_nuisance,14124,full,pre_shift,49,-0.2,0.0,-0.2,-0.08658182359578105,0.021688004805612563,-0.09900506130947925,-0.15566254051391326,0.008881704461795873,-0.20128922701789753,1.2410106453817986,0.6108340184736933,False,0.033187290489819256,False,True,
signature_stationary_mixed_nuisance,14125,full,pre_shift,49,-0.2,0.0,-0.2,-0.06691670517855973,-0.002640839100065761,-0.009775956666421207,-0.15404361527125596,0.006369850888798428,-0.1986637671944088,3.149163467101776,21.174427384875482,False,0.03849443026925895,False,True,
signature_stationary_mixed_nuisance,14126,full,pre_shift,49,-0.2,0.0,-0.2,-0.06702879161390013,0.007531202422389669,-0.060930647543788456,-0.1599738972971573,0.0030133064978275547,-0.2009571767094103,2.2576906547571425,17.5672896661754,False,0.022064455825318467,False,True,
signature_stationary_mixed_nuisance,14127,full,pre_shift,49,-0.2,0.0,-0.2,-0.08328097047660775,0.01546114200732544,-0.08047960502076955,-0.15832236501790883,0.006538396916088562,-0.19966910828565376,1.568309238386233,18.042660064776353,False,0.026467100297626854,False,True,
signature_stationary_mixed_nuisance,14128,full,pre_shift,49,-0.2,0.0,-0.2,-0.09233440473031458,0.015992992704075136,-0.07106158950849543,-0.15843886707349894,0.0036655994917040766,-0.19438251054388334,1.488183355910217,0.2620780837115182,False,0.034208568067499105,False,True,
signature_stationary_mixed_nuisance,14129,full,pre_shift,49,-0.2,0.0,-0.2,-0.09809114493107365,0.02097746795790985,-0.0913070959205729,-0.16432144622048886,0.0006395786831630171,-0.19477974041788332,1.2391178935958884,9.0021412900558,False,0.01447746636233558,False,True,
signature_stationary_mixed_nuisance,14130,full,pre_shift,49,-0.2,0.0,-0.2,-0.07398463074650832,0.019018911908903095,-0.0889182782301529,-0.16890724805146073,-0.005039304739755732,-0.19664439790381744,1.8679639607760732,28.310565385058112,False,0.03176181982560173,False,True,
signature_stationary_mixed_nuisance,14101,full,pre_shift,50,-0.2,0.0,0.2,-0.0984774964044802,-0.007030906609133068,0.08454404931997561,-0.15092839239706934,0.013810445585774959,0.18086066902996883,0.9623450817253456,4.749493421444423,False,0.015732510284600487,False,True,
signature_stationary_mixed_nuisance,14102,full,pre_shift,50,-0.2,0.0,0.2,-0.08771814989165587,0.00944952789918492,0.010999184886715358,-0.1537136830964471,0.00799966286529713,0.18482215376290856,2.423632277954195,15.371165102735313,False,0.02755177210998304,False,True,
signature_stationary_mixed_nuisance,14103,full,pre_shift,50,-0.2,0.0,0.2,-0.07647473314702925,-0.0074418293571258095,0.07479286681332764,-0.1465727858795566,0.0071434419723524645,0.18352421809910013,1.3583342529979523,31.77103583067701,False,0.04525363935484729,False,True,
signature_stationary_mixed_nuisance,14104,full,pre_shift,50,-0.2,0.0,0.2,-0.07489153893612717,0.0007122007782771294,0.0585291173502356,-0.15983453427035416,0.0005176279060079319,0.17626371828592216,1.7356266004818597,20.46292843897374,False,0.03542086564937,False,True,
signature_stationary_mixed_nuisance,14105,full,pre_shift,50,-0.2,0.0,0.2,-0.07578903956609406,0.005847166056350421,0.08272834193597918,-0.1500275552605735,0.010007873094257352,0.18087856369011152,1.2641568090312107,25.39389590652613,False,0.08040549786043184,False,True,
signature_stationary_mixed_nuisance,14106,full,pre_shift,50,-0.2,0.0,0.2,-0.09937632820750109,-0.01195179862684222,0.0671825726293696,-0.1608581328537826,0.0038186177841734574,0.17808089479805306,1.2548064932950698,6.2700368203702554,False,0.05073832764649909,False,True,
signature_stationary_mixed_nuisance,14107,full,pre_shift,50,-0.2,0.0,0.2,-0.07534750811597546,0.014414932623882553,0.018711811679318506,-0.1495061921460393,0.012469318569058578,0.18766652829652786,2.4554944504836254,17.708534806619518,False,0.15542377597242577,False,True,
signature_stationary_mixed_nuisance,14108,full,pre_shift,50,-0.2,0.0,0.2,-0.06557323865961297,-0.003203294207412247,0.034709066536318195,-0.14823128013944023,0.010054025113458136,0.18020431910804455,2.173584478882299,41.63064781529635,False,0.007587244826419187,False,True,
signature_stationary_mixed_nuisance,14109,full,pre_shift,50,-0.2,0.0,0.2,-0.06943825343711524,-0.013763275835185565,0.03994004116381181,-0.15177720904245115,0.0025669741206899746,0.1783338823400642,2.051178141188665,8.56921080379241,False,0.03458977092430745,False,True,
signature_stationary_mixed_nuisance,14110,full,pre_shift,50,-0.2,0.0,0.2,-0.06458536867465382,0.005312915306012461,0.0226531180528556,-0.15557464867882656,0.006849161773471157,0.18270722775870396,2.606006340607956,16.597364547703048,False,0.027507975703863437,False,True,
signature_stationary_mixed_nuisance,14111,full,pre_shift,50,-0.2,0.0,0.2,-0.06345008362328289,-0.0015073898752179596,0.01032808445306123,-0.15304971105799936,0.00939324584495332,0.178993823512651,2.7673580941969287,45.23323950469433,False,0.05093032186336232,False,True,
signature_stationary_mixed_nuisance,14112,full,pre_shift,50,-0.2,0.0,0.2,-0.07786123770118794,-0.002678432903619201,0.04461259517365014,-0.16303612600518608,-0.0005977677691261826,0.18554492732874636,2.1182740894639016,7.671264288390543,False,0.018591234614813306,False,True,
signature_stationary_mixed_nuisance,14113,full,pre_shift,50,-0.2,0.0,0.2,-0.07568387528520754,-0.01596433251384233,0.04924542915866898,-0.1475542483058394,0.008728831767241194,0.18301453443662888,1.8185929488588857,42.63815152989435,False,0.04103001357599053,False,True,
signature_stationary_mixed_nuisance,14114,full,pre_shift,50,-0.2,0.0,0.2,-0.07151934834514893,-0.00036404221187471923,0.024359743523601457,-0.15944176443114136,0.007973443996065687,0.17286617861985715,2.323313750444188,38.65086424592281,False,0.01671016864637074,False,True,
signature_stationary_mixed_nuisance,14115,full,pre_shift,50,-0.2,0.0,0.2,-0.06341962772769365,0.0074723403897646295,0.026717255977426968,-0.1454557255094214,0.010848969361310036,0.183055713139892,2.3467588093092,37.77815448762912,False,0.028163031494016402,False,True,
signature_stationary_mixed_nuisance,14116,full,pre_shift,50,-0.2,0.0,0.2,-0.05206031422917606,0.010521055229450045,0.009163518815656415,-0.1450457733355246,0.009934296816546546,0.18542856353256876,2.9927841388209857,42.93977532675637,False,0.009317441479534295,False,True,
signature_stationary_mixed_nuisance,14117,full,pre_shift,50,-0.2,0.0,0.2,-0.07388606010798549,0.008564505669356078,0.03738700938944361,-0.1469878171887472,0.009377999972971063,0.18838032271333333,2.0754403643857846,21.773406234346506,False,0.040471084726032884,False,True,
signature_stationary_mixed_nuisance,14118,full,pre_shift,50,-0.2,0.0,0.2,-0.03639937046238805,-0.0037881130019966924,0.01912758119491379,-0.14518616927022687,0.008226661530139939,0.1839449094381349,3.149171077196669,57.81015289328218,False,0.05623882813580848,False,True,
signature_stationary_mixed_nuisance,14119,full,pre_shift,50,-0.2,0.0,0.2,-0.07893398214291515,-0.008964941180620857,0.0706562200994572,-0.14577356000923117,0.011099207347033185,0.18035314284143616,1.3421746595937776,16.130913868704102,False,0.015602714620442869,False,True,
signature_stationary_mixed_nuisance,14120,full,pre_shift,50,-0.2,0.0,0.2,-0.09694460731053287,-0.010102397517365379,0.07017933715514756,-0.15886926374085164,-0.0025793897880106334,0.18947351421375014,1.3597972441365107,21.988119225930642,False,0.06399901723523536,False,True,
signature_stationary_mixed_nuisance,14121,full,pre_shift,50,-0.2,0.0,0.2,-0.06799693256695515,-0.01884965475834201,0.0391770332915789,-0.14601704180170347,0.002536107580087891,0.1775983139739323,1.9915582002073886,25.688320628216857,False,0.017360801157136917,False,True,
signature_stationary_mixed_nuisance,14122,full,pre_shift,50,-0.2,0.0,0.2,-0.08291080083097727,0.009520557142480075,0.008576702933869031,-0.1544917412183027,0.007855956784119607,0.17859408714479189,2.432716580755706,11.066530156075386,False,0.04608574387930152,False,True,
signature_stationary_mixed_nuisance,14123,full,pre_shift,50,-0.2,0.0,0.2,-0.09738595481572815,-0.01160213397893717,0.08684313366871252,-0.15057625446564973,0.008450829151036598,0.18314860303885647,0.9700955060456065,18.943537079560404,False,0.01756883813324856,False,True,
signature_stationary_mixed_nuisance,14124,full,pre_shift,50,-0.2,0.0,0.2,-0.09133155207042501,0.012739284724145018,0.03720023131058316,-0.14799020327892579,0.011433539146480627,0.18751419832566185,1.8061259734822983,0.9169599919559916,False,0.018044100850733543,False,True,
signature_stationary_mixed_nuisance,14125,full,pre_shift,50,-0.2,0.0,0.2,-0.0871384946129665,-0.010626901922258418,0.06429197465951542,-0.1475364566624748,0.009044710591276026,0.18479652739828784,1.39815394284277,21.072581327718254,False,0.023056488592949224,False,True,
signature_stationary_mixed_nuisance,14126,full,pre_shift,50,-0.2,0.0,0.2,-0.0776251635909645,-0.018045574500719728,0.03890618153037549,-0.15198475942944628,0.002522489361977254,0.18063942887482975,1.9785686404187455,18.04585830659415,False,0.03625152837046119,False,True,
signature_stationary_mixed_nuisance,14127,full,pre_shift,50,-0.2,0.0,0.2,-0.08406416581941212,0.010762265929174428,0.009580306209762253,-0.15419517336940217,0.008403597553887244,0.18264318968008986,2.474890725269451,19.017550790045803,False,0.013579153392833625,False,True,
signature_stationary_mixed_nuisance,14128,full,pre_shift,50,-0.2,0.0,0.2,-0.08804593390424169,-0.005209467792764949,0.08786875464671795,-0.14577943142915226,0.00759528431258791,0.19518719650278868,1.1377275632954025,0.0,False,0.021505560410987643,False,True,
signature_stationary_mixed_nuisance,14129,full,pre_shift,50,-0.2,0.0,0.2,-0.07213838110944484,0.002824280284863593,0.02338614835432619,-0.15675865145113418,0.0016850071803107386,0.18561586030899044,2.515583940959329,10.01772523101513,False,0.030942409991964667,False,True,
signature_stationary_mixed_nuisance,14130,full,pre_shift,50,-0.2,0.0,0.2,-0.057882678013625725,-0.0053046154367446495,0.06126244416784572,-0.1596356635146211,-0.0038349856442696714,0.18340355009932863,2.1808084233462584,28.99137380840437,False,0.04113247550517249,False,True,
signature_stationary_mixed_nuisance,14101,full,pre_shift,51,0.12,-0.1,-0.15,0.032396131696387824,-0.024355029358150676,-0.04696882201338921,0.10191896781900286,-0.07496100672907977,-0.13169473677533797,1.3172483508222703,4.566741772266693,False,0.0437436457829523,False,True,
signature_stationary_mixed_nuisance,14102,full,pre_shift,51,0.12,-0.1,-0.15,0.03935965016829831,-0.030651894764677116,-0.013711169829531768,0.09875293702345549,-0.0836685614298502,-0.1311685474858006,1.6021107967129762,15.47327589944829,False,0.06034662686108558,False,True,
signature_stationary_mixed_nuisance,14103,full,pre_shift,51,0.12,-0.1,-0.15,0.009704750262149855,-0.02845046199796018,-0.023030378891903097,0.09745835183661142,-0.08452780083712202,-0.1305522001613928,1.9967128505911462,32.26774868126816,False,0.028941133291948466,False,True,
signature_stationary_mixed_nuisance,14104,full,pre_shift,51,0.12,-0.1,-0.15,0.007987240106817638,-0.032929049699938484,-0.022464746201385822,0.09952615936510273,-0.08409316531230875,-0.13650939913630983,2.1017123769955735,21.064640815969312,False,0.01645586090697331,False,True,
signature_stationary_mixed_nuisance,14105,full,pre_shift,51,0.12,-0.1,-0.15,0.008569154701495687,-0.02304197009641992,-0.054363819220893034,0.10106249871996405,-0.08497835356242069,-0.1368420231212502,1.8713055589419973,25.765201465468127,False,0.1638985569632279,False,True,
signature_stationary_mixed_nuisance,14106,full,pre_shift,51,0.12,-0.1,-0.15,0.06330706015679875,-0.02690434909318748,-0.015269863279448643,0.10893445549665742,-0.08082263561737195,-0.13248634726065175,1.434300182840978,6.204337003211234,False,0.08329425628208621,False,True,
signature_stationary_mixed_nuisance,14107,full,pre_shift,51,0.12,-0.1,-0.15,0.029976998466285727,-0.04177835490788774,-0.01298534734576927,0.10453120724424854,-0.08189643905664735,-0.13142390912871338,1.7162612876177405,17.92479609423726,False,0.17772188934736788,False,True,
signature_stationary_mixed_nuisance,14108,full,pre_shift,51,0.12,-0.1,-0.15,0.0037907647156364124,-0.03033082042111709,-0.028204346554320102,0.09817812818452362,-0.08298153160727101,-0.13637488132740885,2.1035523690902833,42.23420018438663,False,0.042170692427185665,False,True,
signature_stationary_mixed_nuisance,14109,full,pre_shift,51,0.12,-0.1,-0.15,0.05917741190087813,-0.00824756340415069,-0.05412852295891828,0.10854315024626512,-0.08679731637564858,-0.1334406157107944,1.388214159575596,8.457424963368005,False,0.23938137437247364,False,True,
signature_stationary_mixed_nuisance,14110,full,pre_shift,51,0.12,-0.1,-0.15,0.029590379074000153,-0.0316477009211874,-0.052944244013259346,0.10111565632431636,-0.08908109588258628,-0.13680739378686319,1.422780155270923,16.520144702973973,False,0.015317755564732359,False,True,
signature_stationary_mixed_nuisance,14111,full,pre_shift,51,0.12,-0.1,-0.15,0.02889576481967135,-0.03229686642261736,-0.036567756631335845,0.1051951626750971,-0.07864560798412862,-0.1360495086651595,1.5537933662967491,45.287032870991084,False,0.02650603533061787,False,True,
signature_stationary_mixed_nuisance,14112,full,pre_shift,51,0.12,-0.1,-0.15,0.03692482041213573,-0.02264699209324828,-0.05057564866409018,0.09875155073216683,-0.08091699339036927,-0.13300318795873214,1.2683132027789454,7.439577491169489,False,0.031037991833554626,False,True,
signature_stationary_mixed_nuisance,14113,full,pre_shift,51,0.12,-0.1,-0.15,0.05563977621559397,-0.01824108280760602,0.024935562751953584,0.11108426753554909,-0.08190126736926069,-0.1330050072536116,2.3787189384369323,43.516870468331284,False,0.06998024331886768,False,True,
signature_stationary_mixed_nuisance,14114,full,pre_shift,51,0.12,-0.1,-0.15,0.03558463310533673,-0.025874996159643004,-0.05330642061920748,0.10382988737531454,-0.08771342513675788,-0.13219248121599023,1.3852139025246102,38.53607814844742,False,0.013992339875494595,False,True,
signature_stationary_mixed_nuisance,14115,full,pre_shift,51,0.12,-0.1,-0.15,0.004409530405059025,-0.030086396248898004,-0.02650111310634775,0.09783504093646067,-0.08164902019002249,-0.13207405161347457,2.03428241783025,38.31243690545937,False,0.04283543976665434,False,True,
signature_stationary_mixed_nuisance,14116,full,pre_shift,51,0.12,-0.1,-0.15,0.03833993526695489,-0.032833751635748545,-0.029767899961688996,0.10270209244861006,-0.0886935756113063,-0.12988030198688374,1.478895198268658,42.91867052502503,False,0.04803206323013369,False,True,
signature_stationary_mixed_nuisance,14117,full,pre_shift,51,0.12,-0.1,-0.15,0.012065604708181259,-0.03616926627423173,-0.04203457568042495,0.10169932496162387,-0.08198239249525456,-0.13576495148002884,1.7387767626376653,22.012182996984173,False,0.03724933059967928,False,True,
signature_stationary_mixed_nuisance,14118,full,pre_shift,51,0.12,-0.1,-0.15,0.0393889236390465,-0.031238732414461824,-0.018136344257709835,0.10425039776669319,-0.07570001847101179,-0.1337465192879623,1.5553453230899643,57.865498216372146,False,0.20787994754699513,False,True,
signature_stationary_mixed_nuisance,14119,full,pre_shift,51,0.12,-0.1,-0.15,0.018719599297606093,-0.027223726270777647,-0.04853420925553098,0.10173838207796075,-0.08131950023142191,-0.1272563200113511,1.5416150297965265,16.17252889850063,False,0.03975685608089443,False,True,
signature_stationary_mixed_nuisance,14120,full,pre_shift,51,0.12,-0.1,-0.15,0.064959741403013,-0.03173383855566409,-0.0038432691859496826,0.11127696905904445,-0.08872358735734676,-0.12335564769337434,1.5142460861556684,22.00236531208631,False,0.023849174087741433,False,True,
signature_stationary_mixed_nuisance,14121,full,pre_shift,51,0.12,-0.1,-0.15,0.03283081804191173,-0.037419319236003404,-0.004768121398149286,0.1071195575466967,-0.07740960144815569,-0.13508862014239056,1.8916300008178493,26.079950629034705,False,0.12417703649071073,False,True,
signature_stationary_mixed_nuisance,14122,full,pre_shift,51,0.12,-0.1,-0.15,0.047473552997149844,-0.031241981970252155,-0.06942544830117892,0.10641635189452638,-0.08019204415537194,-0.1346700729462934,0.955712156924077,10.522242312999463,False,0.07536029601478145,False,True,
signature_stationary_mixed_nuisance,14123,full,pre_shift,51,0.12,-0.1,-0.15,0.009341183264932001,-0.037657189607624826,-0.024349549377986595,0.1027750203923514,-0.0803910013640029,-0.13623790046869869,2.021872638896816,19.46540971845722,False,0.1418980105676665,False,True,
signature_stationary_mixed_nuisance,14124,full,pre_shift,51,0.12,-0.1,-0.15,0.048131804769054036,-0.03223600777300375,-0.011316124555126447,0.10401375596832686,-0.08181646628439285,-0.12735694313880505,1.4951669320423269,0.9121269239983185,False,0.07329721427746375,False,True,
signature_stationary_mixed_nuisance,14125,full,pre_shift,51,0.12,-0.1,-0.15,0.04777314823249669,-0.03157806122636914,-0.02805718824021617,0.11063079526808119,-0.08531186066651913,-0.13147821681273109,1.4679234244058958,21.04050475212415,False,0.017423715345484918,False,True,
signature_stationary_mixed_nuisance,14126,full,pre_shift,51,0.12,-0.1,-0.15,0.059236960800154476,-0.02063693655555061,-0.017604383190621967,0.10793386142911855,-0.07856880065191042,-0.14014441299631109,1.6002852159768588,18.146143522571005,False,0.04755430625372466,False,True,
signature_stationary_mixed_nuisance,14127,full,pre_shift,51,0.12,-0.1,-0.15,0.03910480665965781,-0.03165540359977579,-0.02508772276168172,0.1045325540482645,-0.08173133950632418,-0.13420593500270858,1.5371637893417318,19.054714579387536,False,0.022938289673578822,False,True,
signature_stationary_mixed_nuisance,14128,full,pre_shift,51,0.12,-0.1,-0.15,0.04396674034898338,-0.034304798323883924,-0.01313544642628272,0.10315047102558177,-0.08365605555630609,-0.12553948989303637,1.484971020751434,0.0,False,0.05604115809884392,False,True,
signature_stationary_mixed_nuisance,14129,full,pre_shift,51,0.12,-0.1,-0.15,0.03316441242192448,-0.018169643109535994,-0.05091389042884762,0.09514744156296917,-0.08234548618827085,-0.13223440109680987,1.3486737187466644,9.866398949761793,False,0.0469708967734139,False,True,
signature_stationary_mixed_nuisance,14130,full,pre_shift,51,0.12,-0.1,-0.15,-0.0030136229802117764,-0.015567057424272938,-0.0529654133385518,0.09337025726592642,-0.08345727004031382,-0.13758913349357557,2.0820024364204492,29.573376244824818,False,0.05745545636509455,False,True,
signature_stationary_mixed_nuisance,14101,full,pre_shift,52,0.12,0.1,0.15,0.03003573863705495,0.004451073784359711,0.015245432141066753,0.0965367154499828,0.08678925435572558,0.1328949279254621,2.170054582610995,5.236796354877688,False,0.07160253668434075,False,True,
signature_stationary_mixed_nuisance,14102,full,pre_shift,52,0.12,0.1,0.15,0.026874096117986277,0.01830207372701029,0.02924145911986962,0.10169905639545745,0.08206691426430324,0.13473463107027323,1.8223337203383838,15.795609619786672,False,0.0489418960576934,False,True,
signature_stationary_mixed_nuisance,14103,full,pre_shift,52,0.12,0.1,0.15,0.0351011798734167,0.0036431330694736866,0.021482950922614836,0.09941865419072313,0.08396595949523752,0.1381444889846792,2.0853759822776947,32.853124663545856,False,0.06225850199190862,False,True,
signature_stationary_mixed_nuisance,14104,full,pre_shift,52,0.12,0.1,0.15,0.041102354850641926,0.011764546804479428,0.02340229138074985,0.09668802909777524,0.08604827556643051,0.13604610746546447,1.7943558956506125,21.358996711619923,False,0.011725509285399482,False,True,
signature_stationary_mixed_nuisance,14105,full,pre_shift,52,0.12,0.1,0.15,0.013976545832825458,0.01745084333531529,0.0070056164872923515,0.09430747654356784,0.08674518055677362,0.12977803446704628,2.2558769372130523,26.52107840268118,False,0.021171381510419557,False,True,
signature_stationary_mixed_nuisance,14106,full,pre_shift,52,0.12,0.1,0.15,0.018373787437716876,0.0313143197144999,0.043025875821675066,0.09965314300985666,0.08913299001745852,0.1364481075810882,1.7039307908492944,6.408267794060528,False,0.016784951365454364,False,True,
signature_stationary_mixed_nuisance,14107,full,pre_shift,52,0.12,0.1,0.15,0.022131997895226206,0.031175650163566777,0.05373990280096876,0.09809286446816459,0.08658944529370229,0.13829715682258883,1.47726076076561,17.90205685500287,False,0.07106812212270462,False,True,
signature_stationary_mixed_nuisance,14108,full,pre_shift,52,0.12,0.1,0.15,0.017621223383984627,-0.00027247939765389636,-0.010531188368260128,0.09553821511418023,0.08368113264254017,0.13472629673111386,2.8494434920621976,43.58364367644883,False,0.017993073032216353,False,True,
signature_stationary_mixed_nuisance,14109,full,pre_shift,52,0.12,0.1,0.15,0.02589975176859646,0.015322468995745226,0.05066056199392758,0.10741149745354532,0.08354213840927975,0.13411705868659993,1.7533543430773781,8.710779306445383,False,0.054147672423276345,False,True,
signature_stationary_mixed_nuisance,14110,full,pre_shift,52,0.12,0.1,0.15,0.022655849592974113,0.029957801131682782,0.03286254682457313,0.10209846278232168,0.08563133354470678,0.13555770337746448,1.7546062055148948,16.77475090848887,False,0.02685614301921542,False,True,
signature_stationary_mixed_nuisance,14111,full,pre_shift,52,0.12,0.1,0.15,0.024956836632894105,0.020914580538322947,-0.016138266334733684,0.09552625108903712,0.08598337717158164,0.13258016841646222,2.450563803994508,46.23759667498559,False,0.03490063950044518,False,True,
signature_stationary_mixed_nuisance,14112,full,pre_shift,52,0.12,0.1,0.15,0.03649509769073545,0.027061396776156002,0.02524385155709504,0.1021121185117527,0.08764804348951667,0.1359744680245784,1.6948744769693755,7.6344519681388645,False,0.1662606842489913,False,True,
signature_stationary_mixed_nuisance,14113,full,pre_shift,52,0.12,0.1,0.15,0.020366814892650454,0.02119193669340325,0.02826560959051215,0.10302097442259059,0.08625136949659369,0.13795685951229295,2.0424098837546607,44.05928035208594,False,0.036660172544945135,False,True,
signature_stationary_mixed_nuisance,14114,full,pre_shift,52,0.12,0.1,0.15,0.03316937412640027,0.00020447178350936523,-0.006395612987711553,0.0961621923014467,0.0857432782912463,0.13325719373797057,2.5293561901183725,39.565434338565794,False,0.15682938428477358,False,True,
signature_stationary_mixed_nuisance,14115,full,pre_shift,52,0.12,0.1,0.15,0.0218170826812449,0.016025411379097396,-0.008625205198212126,0.09422746155639533,0.08535082453916155,0.13487680596917284,2.4572359537610344,39.26967285922041,False,0.025176618949122678,False,True,
signature_stationary_mixed_nuisance,14116,full,pre_shift,52,0.12,0.1,0.15,-0.008681706190023,0.024074160494438657,0.006526283314020616,0.09888138167798396,0.08239318136990177,0.13469838936276213,2.773467583163523,44.19213810818855,False,0.027216058213532505,False,True,
signature_stationary_mixed_nuisance,14117,full,pre_shift,52,0.12,0.1,0.15,0.002302224885287135,0.05702575362110384,-0.01716189527981241,0.09518361246847973,0.08961781136088404,0.13826628368046334,2.6333155618589106,23.145498558843084,False,0.09415066549103772,False,True,
signature_stationary_mixed_nuisance,14118,full,pre_shift,52,0.12,0.1,0.15,-0.009948285514458418,0.028710452163746437,-0.0005601611796561159,0.10494229210381874,0.09121953151910604,0.13552248539078887,3.153021385328613,59.51851960170076,False,0.052832604070612584,False,True,
signature_stationary_mixed_nuisance,14119,full,pre_shift,52,0.12,0.1,0.15,0.03308758124876323,0.00013861090550104134,0.05256404157215824,0.10169067941804277,0.08321076438040614,0.14068165307370706,1.8416470352272594,16.51417593372789,False,0.023536792450336956,False,True,
signature_stationary_mixed_nuisance,14120,full,pre_shift,52,0.12,0.1,0.15,0.05481525997803407,0.030937159170983306,0.05048802179733041,0.10342784745356713,0.08906991755821728,0.1445334852221929,1.2167286190210385,21.71909393110735,False,0.1289518186801646,False,True,
signature_stationary_mixed_nuisance,14121,full,pre_shift,52,0.12,0.1,0.15,0.0340230023330914,0.03083686447463882,0.04283700550221915,0.1068221175650444,0.0879510728535319,0.13745792070984822,1.5557474954052541,26.13569812443996,False,0.09457179186395939,False,True,
signature_stationary_mixed_nuisance,14122,full,pre_shift,52,0.12,0.1,0.15,0.015932990483804553,0.03747509433998181,0.0026558575912153646,0.09437084271010769,0.08567434051090213,0.13097851126239105,2.014593096037556,11.03683540903702,False,0.02781213289630455,False,True,
signature_stationary_mixed_nuisance,14123,full,pre_shift,52,0.12,0.1,0.15,0.015491267569984125,0.035889200440734764,0.00010757325179998257,0.09510239459707726,0.08787121773094131,0.13679845258461373,2.2189078323789397,20.18431755083616,False,0.018908934681456314,False,True,
signature_stationary_mixed_nuisance,14124,full,pre_shift,52,0.12,0.1,0.15,0.028067042894643818,0.03018685918608083,0.05486935304742686,0.09868659143629001,0.08594380217526366,0.1432230826906481,1.430383807955293,0.8425107319536116,False,0.055023480151723626,False,True,
signature_stationary_mixed_nuisance,14125,full,pre_shift,52,0.12,0.1,0.15,0.035167420124815364,0.026326486997603378,0.038379197320302726,0.10028429065718772,0.08625676182209004,0.13859249743964264,1.5393488333896477,21.0798535855138,False,0.0816228318178473,False,True,
signature_stationary_mixed_nuisance,14126,full,pre_shift,52,0.12,0.1,0.15,0.0281112840694063,0.028762420938990643,0.05137935083373482,0.10814503890103772,0.08875048631924924,0.13522082945462013,1.6010886819794685,18.247232204550475,False,0.025771161696806343,False,True,
signature_stationary_mixed_nuisance,14127,full,pre_shift,52,0.12,0.1,0.15,0.035032563002886735,0.020209023388020515,0.005122997551906278,0.09711996659354659,0.08607931408317675,0.134771184280163,2.0028959671114857,19.55761054649902,False,0.0050461804957110425,False,True,
signature_stationary_mixed_nuisance,14128,full,pre_shift,52,0.12,0.1,0.15,0.01090857848601836,0.04460350092448794,0.04345541507783246,0.10011642944949152,0.08629527717632639,0.14401290861264787,1.7558190987072357,0.25581909870723574,False,0.033768647133104374,False,True,
signature_stationary_mixed_nuisance,14129,full,pre_shift,52,0.12,0.1,0.15,0.026086182068320432,0.025153373869217278,0.029642212427389746,0.09965329551647273,0.08241406463536162,0.13405167566534743,1.6932181316746704,10.059617081436464,False,0.04386853617062345,False,True,
signature_stationary_mixed_nuisance,14130,full,pre_shift,52,0.12,0.1,0.15,0.026181597839978067,0.0015577798914712677,0.004180018145203637,0.09597739956235415,0.08153659014084792,0.1347310675657036,2.380053567198526,30.453429812023344,False,0.005511031492552877,False,True,
signature_stationary_mixed_nuisance,14101,full,pre_shift,53,-0.2,0.0,-0.2,-0.07024949560576019,0.02806128274443297,-0.07470319174972954,-0.15578414966808804,0.009301438924257376,-0.19398231896876098,1.8041405097251346,5.5409368646028225,False,0.03488522963038737,False,True,
signature_stationary_mixed_nuisance,14102,full,pre_shift,53,-0.2,0.0,-0.2,-0.1068199889584604,0.025730994416938883,-0.07421976312647444,-0.164929719149453,0.004974958186182636,-0.1957408291940505,1.3745458556315022,15.670155475418175,False,0.012470891887084576,False,True,
signature_stationary_mixed_nuisance,14103,full,pre_shift,53,-0.2,0.0,-0.2,-0.06977885624795625,0.01582812557511156,-0.02205673970820962,-0.15988080883207226,0.0037367862748637825,-0.1970266962234101,2.901712036158669,34.254836699704526,False,0.05439210242043904,False,True,
signature_stationary_mixed_nuisance,14104,full,pre_shift,53,-0.2,0.0,-0.2,-0.0804830493634723,0.01753794202950518,-0.06335696513308885,-0.16638701681446635,0.00167434969705846,-0.20225556581614085,2.116025001867409,21.975021713487333,False,0.02478393299311358,False,True,
signature_stationary_mixed_nuisance,14105,full,pre_shift,53,-0.2,0.0,-0.2,-0.04588499145725667,0.01569336965898909,-0.051610956742288244,-0.1563432748329524,0.006363230062445484,-0.19374654405165365,2.7280822700281604,27.74916067270934,False,0.02503792549117822,False,True,
signature_stationary_mixed_nuisance,14106,full,pre_shift,53,-0.2,0.0,-0.2,-0.066345107250777,0.02396289005504805,-0.08304484319499496,-0.16311936871326388,0.00367277997988164,-0.19683125188112835,1.9752252640085795,6.883493058069107,False,0.018394826470676792,False,True,
signature_stationary_mixed_nuisance,14107,full,pre_shift,53,-0.2,0.0,-0.2,-0.06969641806827662,0.009593473085972847,-0.04953943905567011,-0.15626562423823462,0.008203942956860815,-0.1961107332683689,2.238335357807779,18.640392212810646,False,0.04000685605595008,False,True,
signature_stationary_mixed_nuisance,14108,full,pre_shift,53,-0.2,0.0,-0.2,-0.05782475697503761,0.021361135557250055,-0.05954815273852881,-0.15711675145666726,0.008965731960267922,-0.20067168650481096,2.4393650193373135,44.523008695786146,False,0.014478231121370764,False,True,
signature_stationary_mixed_nuisance,14109,full,pre_shift,53,-0.2,0.0,-0.2,-0.05269170926062626,0.013833694033766407,-0.08847363265571281,-0.15968752371217473,0.0029764281004660705,-0.2034566862997607,2.203879565464187,9.41465887190957,False,0.08149826189745156,False,True,
signature_stationary_mixed_nuisance,14110,full,pre_shift,53,-0.2,0.0,-0.2,-0.06605547924446313,0.01831057570963398,-0.097038749299911,-0.16049906979372444,0.006340191459150103,-0.19895081855411959,1.7300502505652808,17.00480115905415,False,0.036027628750532566,False,True,
signature_stationary_mixed_nuisance,14111,full,pre_shift,53,-0.2,0.0,-0.2,-0.049242410213463435,0.015172090150757003,-0.05341438751229113,-0.15521038743115695,0.008090309014903076,-0.20131408581502344,2.710732739669989,47.448329414655575,False,0.04990787701643015,False,True,
signature_stationary_mixed_nuisance,14112,full,pre_shift,53,-0.2,0.0,-0.2,-0.09979297897044064,0.007407497496610869,-0.07183112094024441,-0.17102695702811954,-0.00020609672510012926,-0.19850528787599492,1.611956419059142,7.746408387198007,False,0.03670464765058099,False,True,
signature_stationary_mixed_nuisance,14113,full,pre_shift,53,-0.2,0.0,-0.2,-0.05546027415185878,0.0011592982074861622,-0.01952686316257308,-0.1573202357949832,0.00575730157061352,-0.19427343413065182,3.1513966172094574,45.7106769692954,False,0.02684972897319997,False,True,
signature_stationary_mixed_nuisance,14114,full,pre_shift,53,-0.2,0.0,-0.2,-0.04734337968029756,0.00789929691423974,-0.04860235602490466,-0.1587125414990056,0.005396874700610855,-0.20513533538117196,3.0103625048313116,41.07579684339711,False,0.027136640331000616,False,True,
signature_stationary_mixed_nuisance,14115,full,pre_shift,53,-0.2,0.0,-0.2,-0.07111699586419859,0.013169289591174374,-0.05855081574378129,-0.1560045438854835,0.006581021794620439,-0.19890144769587995,2.096328749979421,39.86600160919983,False,0.051904521704782984,False,True,
signature_stationary_mixed_nuisance,14116,full,pre_shift,53,-0.2,0.0,-0.2,-0.04110098636497498,0.029449511918069673,-0.096665433722324,-0.1514904551835582,0.005721882704070078,-0.1950459970773475,2.1244510233525102,44.816589131541065,False,0.016311472006303337,False,True,
signature_stationary_mixed_nuisance,14117,full,pre_shift,53,-0.2,0.0,-0.2,-0.07632275049361037,0.01087851015550882,-0.0901366714050849,-0.15612086309689327,0.007552855520881067,-0.19801516781044823,1.4875171441396544,23.13301570298274,False,0.04002040021621934,False,True,
signature_stationary_mixed_nuisance,14118,full,pre_shift,53,-0.2,0.0,-0.2,-0.048902900024190114,0.0020034378558976243,-0.054577635832934276,-0.15383144263951393,0.006179925518404728,-0.20093532004144973,2.6548339472545486,60.673353548955305,False,0.024490409095186686,False,True,
signature_stationary_mixed_nuisance,14119,full,pre_shift,53,-0.2,0.0,-0.2,-0.055995201691892066,0.00854780327113108,-0.05219246799606612,-0.1538567795343665,0.007996129397685852,-0.20275318978986165,2.5603499949528317,17.57452592868072,False,0.024793885464477066,False,True,
signature_stationary_mixed_nuisance,14120,full,pre_shift,53,-0.2,0.0,-0.2,-0.061849693217378286,-0.018023483525602537,-0.006420922504927302,-0.16104598619092322,-0.005680173043287458,-0.19795925646178714,3.4862539649025757,23.705347896009926,False,0.0233752553801925,False,True,
signature_stationary_mixed_nuisance,14121,full,pre_shift,53,-0.2,0.0,-0.2,-0.0648524323386049,-0.013046963090913433,-0.031135599082878426,-0.15693662365201208,0.0015497964340337705,-0.20450253004688884,2.9165220666927723,27.55222019113273,False,0.01377058169107641,False,True,
signature_stationary_mixed_nuisance,14122,full,pre_shift,53,-0.2,0.0,-0.2,-0.06709964492275394,0.021148762492893262,-0.13125723208054763,-0.15654255126269778,0.00582182989727774,-0.2028556331991778,1.3021373489022243,10.838972757939244,False,0.060236373377663355,False,True,
signature_stationary_mixed_nuisance,14123,full,pre_shift,53,-0.2,0.0,-0.2,-0.06460268786866954,0.014823628599316727,-0.052304647203861826,-0.1567898614255231,0.005319023744625367,-0.19540382978005658,2.306041833506244,20.990359384342405,False,0.02567538372318467,False,True,
signature_stationary_mixed_nuisance,14124,full,pre_shift,53,-0.2,0.0,-0.2,-0.08654339535819845,0.022795647960323552,-0.1028330245513695,-0.15566254051391326,0.008881704461795873,-0.20128922701789753,1.1983249452157945,0.5408356771694061,False,0.052186228334578845,False,True,
signature_stationary_mixed_nuisance,14125,full,pre_shift,53,-0.2,0.0,-0.2,-0.06661105163204342,-0.007758520140797646,-0.007624267815705291,-0.15404361527125596,0.006369850888798428,-0.1986637671944088,3.2211557632872325,22.80100934880103,False,0.027100042332805923,False,True,
signature_stationary_mixed_nuisance,14126,full,pre_shift,53,-0.2,0.0,-0.2,-0.06899329806045207,0.00770391940767684,-0.06330653754441415,-0.1599738972971573,0.0030133064978275547,-0.2009571767094103,2.1734861236753313,18.920718328225806,False,0.017936202298490342,False,True,
signature_stationary_mixed_nuisance,14127,full,pre_shift,53,-0.2,0.0,-0.2,-0.08074449116291527,0.015277676262792403,-0.08245168138051004,-0.15832236501790883,0.006538396916088562,-0.19966910828565376,1.5848109253102256,19.642421471809246,False,0.00536700970442376,False,True,
signature_stationary_mixed_nuisance,14128,full,pre_shift,53,-0.2,0.0,-0.2,-0.09062529351222205,0.014759022790770732,-0.06644615771782138,-0.15843886707349894,0.0036655994917040766,-0.19438251054388334,1.5846914596719044,0.3405105583791401,False,0.030015718689568816,False,True,
signature_stationary_mixed_nuisance,14129,full,pre_shift,53,-0.2,0.0,-0.2,-0.0965496140373762,0.02125513601744176,-0.09033485011690995,-0.16432144622048886,0.0006395786831630171,-0.19477974041788332,1.2775906870920226,9.837207768528486,False,0.01680643667343299,False,True,
signature_stationary_mixed_nuisance,14130,full,pre_shift,53,-0.2,0.0,-0.2,-0.07864467937223948,0.01757166073922687,-0.08080116777736422,-0.16890724805146073,-0.005039304739755732,-0.19664439790381744,1.8695168440579553,30.8229466560813,False,0.04092791940795676,False,True,
signature_stationary_mixed_nuisance,14101,full,pre_shift,54,-0.2,0.0,0.2,-0.09725494793561669,-0.007885284816402027,0.08583414181930173,-0.15092839239706934,0.013810445585774959,0.18086066902996883,0.9678155293238322,5.008752393926654,False,0.017140475829024452,False,True,
signature_stationary_mixed_nuisance,14102,full,pre_shift,54,-0.2,0.0,0.2,-0.09006437466336413,0.007646768076174297,0.012530536761028199,-0.1537136830964471,0.00799966286529713,0.18482215376290856,2.353377028291626,16.523532503709802,False,0.04450385186809282,False,True,
signature_stationary_mixed_nuisance,14103,full,pre_shift,54,-0.2,0.0,0.2,-0.07653335029826837,-0.01326969766023102,0.07107381381152816,-0.1465727858795566,0.0071434419723524645,0.18352421809910013,1.4339121336851868,34.18874883338971,False,0.04142125904151033,False,True,
signature_stationary_mixed_nuisance,14104,full,pre_shift,54,-0.2,0.0,0.2,-0.07640335949868897,-0.00031694604663957347,0.065384116257199,-0.15983453427035416,0.0005176279060079319,0.17626371828592216,1.605752917682054,22.080774631169387,False,0.012160956116380968,False,True,
signature_stationary_mixed_nuisance,14105,full,pre_shift,54,-0.2,0.0,0.2,-0.08081837492947935,0.0044825285611018615,0.08341662594620063,-0.1500275552605735,0.010007873094257352,0.18087856369011152,1.1706481165996878,27.419808789309027,False,0.05101141747363415,False,True,
signature_stationary_mixed_nuisance,14106,full,pre_shift,54,-0.2,0.0,0.2,-0.10071840791118822,-0.005608950409068603,0.06618067504656269,-0.1608581328537826,0.0038186177841734574,0.17808089479805306,1.229023795239855,6.612516853308962,False,0.0366455015089674,False,True,
signature_stationary_mixed_nuisance,14107,full,pre_shift,54,-0.2,0.0,0.2,-0.07652278310429303,0.007895223295329629,0.04570603987040296,-0.1495061921460393,0.012469318569058578,0.18766652829652786,1.9097309031311278,19.050123115941773,False,0.022385704476693913,False,True,
signature_stationary_mixed_nuisance,14108,full,pre_shift,54,-0.2,0.0,0.2,-0.06705368022816433,-0.003626793737444853,0.03777737289063984,-0.14823128013944023,0.010054025113458136,0.18020431910804455,2.0902550622757397,45.11326375806188,False,0.02490956360081289,False,True,
signature_stationary_mixed_nuisance,14109,full,pre_shift,54,-0.2,0.0,0.2,-0.0721055759259661,-0.014464386532230618,0.04495325036110878,-0.15177720904245115,0.0025669741206899746,0.1783338823400642,1.9162626372018297,9.830921509111398,False,0.021257346352367364,False,True,
signature_stationary_mixed_nuisance,14110,full,pre_shift,54,-0.2,0.0,0.2,-0.07093754801173531,0.0033148618575443343,0.02659634643537924,-0.15557464867882656,0.006849161773471157,0.18270722775870396,2.3925371330716145,17.897338292125763,False,0.03526838319661431,False,True,
signature_stationary_mixed_nuisance,14111,full,pre_shift,54,-0.2,0.0,0.2,-0.05792931620871455,0.004638762845345642,-0.0004394792044934041,-0.15304971105799936,0.00939324584495332,0.178993823512651,3.1127921771302987,49.06112159178588,False,0.07005966921567212,False,True,
signature_stationary_mixed_nuisance,14112,full,pre_shift,54,-0.2,0.0,0.2,-0.08179262531913317,-0.0024276166609903914,0.04822851364042735,-0.16303612600518608,-0.0005977677691261826,0.18554492732874636,1.9748845266957866,8.221292913893793,False,0.040865979380809055,False,True,
signature_stationary_mixed_nuisance,14113,full,pre_shift,54,-0.2,0.0,0.2,-0.07271210492222444,-0.012792734271253759,0.05217725715363675,-0.1475542483058394,0.008728831767241194,0.18301453443662888,1.804867145212792,46.01554411450819,False,0.033257577669458756,False,True,
signature_stationary_mixed_nuisance,14114,full,pre_shift,54,-0.2,0.0,0.2,-0.06890733961860751,0.0017711557609059226,0.02408838555610906,-0.15944176443114136,0.007973443996065687,0.17286617861985715,2.3814848874473893,41.9572817308445,False,0.028409193360069473,False,True,
signature_stationary_mixed_nuisance,14115,full,pre_shift,54,-0.2,0.0,0.2,-0.06285881149557729,0.00929500866345075,0.0223368508781342,-0.1454557255094214,0.010848969361310036,0.183055713139892,2.4444006496473425,40.81040225884717,False,0.016830028532146265,False,True,
signature_stationary_mixed_nuisance,14116,full,pre_shift,54,-0.2,0.0,0.2,-0.051750082737456765,0.010146379005076938,0.010365349205930368,-0.1450457733355246,0.009934296816546546,0.18542856353256876,2.973416412886955,46.29000554442802,False,0.013091576003967166,False,True,
signature_stationary_mixed_nuisance,14117,full,pre_shift,54,-0.2,0.0,0.2,-0.07521302022080778,0.008569222507878707,0.03162495536802253,-0.1469878171887472,0.009377999972971063,0.18838032271333333,2.1637621073588735,23.796777810341613,False,0.06859808777466013,False,True,
signature_stationary_mixed_nuisance,14118,full,pre_shift,54,-0.2,0.0,0.2,-0.03663017271777471,-0.0032107555233718125,0.016793838703935894,-0.14518616927022687,0.008226661530139939,0.1839449094381349,3.1902052865660004,62.3635588355213,False,0.04273991950198015,False,True,
signature_stationary_mixed_nuisance,14119,full,pre_shift,54,-0.2,0.0,0.2,-0.0781219633990076,-0.0065681837901619125,0.0708160410596821,-0.14577356000923117,0.011099207347033185,0.18035314284143616,1.342179502531082,17.416705431211803,False,0.021194007340017303,False,True,
signature_stationary_mixed_nuisance,14120,full,pre_shift,54,-0.2,0.0,0.2,-0.09471855883126802,-0.009665015077053238,0.07059855360734375,-0.15886926374085164,-0.0025793897880106334,0.18947351421375014,1.3865592293394817,23.591907125349408,False,0.06749504387809972,False,True,
signature_stationary_mixed_nuisance,14121,full,pre_shift,54,-0.2,0.0,0.2,-0.06843417775547297,-0.021229206472363617,0.04424981829905119,-0.14601704180170347,0.002536107580087891,0.1775983139739323,1.9095444766405487,27.961764667773277,False,0.0316705036139123,False,True,
signature_stationary_mixed_nuisance,14122,full,pre_shift,54,-0.2,0.0,0.2,-0.08104123850747201,0.009114477480710427,0.008400720557337019,-0.1544917412183027,0.007855956784119607,0.17859408714479189,2.4694179426283998,11.808390700567644,False,0.037549673235492395,False,True,
signature_stationary_mixed_nuisance,14123,full,pre_shift,54,-0.2,0.0,0.2,-0.09778556784871023,-0.013770488389618859,0.08520719527351181,-0.15057625446564973,0.008450829151036598,0.18314860303885647,0.9964028853011859,20.48676226964359,False,0.0291877752745265,False,True,
signature_stationary_mixed_nuisance,14124,full,pre_shift,54,-0.2,0.0,0.2,-0.0888510986007425,0.014572303345889753,0.03710677868617391,-0.14799020327892579,0.011433539146480627,0.18751419832566185,1.843571429133781,0.8844071063031871,False,0.03337698530084305,False,True,
signature_stationary_mixed_nuisance,14125,full,pre_shift,54,-0.2,0.0,0.2,-0.08837383756318316,-0.009591814071765507,0.06589339449970863,-0.1475364566624748,0.009044710591276026,0.18479652739828784,1.3513932520518501,22.65240260085288,False,0.01979554375090587,False,True,
signature_stationary_mixed_nuisance,14126,full,pre_shift,54,-0.2,0.0,0.2,-0.079525183283064,-0.017984609461270534,0.045698768579129107,-0.15198475942944628,0.002522489361977254,0.18063942887482975,1.826581233273199,19.247299561499005,False,0.008754432985934282,False,True,
signature_stationary_mixed_nuisance,14127,full,pre_shift,54,-0.2,0.0,0.2,-0.08426492118955257,0.012438188812768638,0.00781770205131445,-0.15419517336940217,0.008403597553887244,0.18264318968008986,2.5113285708708863,20.653750042680134,False,0.03203083865070227,False,True,
signature_stationary_mixed_nuisance,14128,full,pre_shift,54,-0.2,0.0,0.2,-0.09002722022500403,-0.0056069900724058895,0.08664040459980284,-0.14577943142915226,0.00759528431258791,0.19518719650278868,1.129005891823627,0.0,False,0.011158393695426363,False,True,
signature_stationary_mixed_nuisance,14129,full,pre_shift,54,-0.2,0.0,0.2,-0.0698340289533827,0.0031740282784048796,0.02354850877635585,-0.15675865145113418,0.0016850071803107386,0.18561586030899044,2.5597968359303733,10.89700460445886,False,0.03309203535570429,False,True,
signature_stationary_mixed_nuisance,14130,full,pre_shift,54,-0.2,0.0,0.2,-0.06040848653502292,-0.003684168659468681,0.06594221249796345,-0.1596356635146211,-0.0038349856442696714,0.18340355009932863,2.049313268599818,31.372259924681117,False,0.016615521602860943,False,True,
signature_stationary_mixed_nuisance,14101,full,pre_shift,55,0.12,-0.1,-0.15,0.031841058217801865,-0.025633912180587484,-0.0436819991315982,0.10191896781900286,-0.07496100672907977,-0.13169473677533797,1.3467197583517507,4.855472152278405,False,0.026365972228183095,False,True,
signature_stationary_mixed_nuisance,14102,full,pre_shift,55,0.12,-0.1,-0.15,0.03836819983227227,-0.027913568742317006,-0.006450896728104961,0.09875293702345549,-0.0836685614298502,-0.1311685474858006,1.7612900782726422,16.784822581982443,False,0.095017159400671,False,True,
signature_stationary_mixed_nuisance,14103,full,pre_shift,55,0.12,-0.1,-0.15,0.008948291709871117,-0.02512192569848016,-0.024221124754757687,0.09745835183661142,-0.08452780083712202,-0.1305522001613928,2.0418347191689192,34.73058355255863,False,0.07068148989532193,False,True,
signature_stationary_mixed_nuisance,14104,full,pre_shift,55,0.12,-0.1,-0.15,0.007923681353844133,-0.032717188419932174,-0.023387297715494863,0.09952615936510273,-0.08409316531230875,-0.13650939913630983,2.0926078684735936,22.67338249964298,False,0.020151863431444417,False,True,
signature_stationary_mixed_nuisance,14105,full,pre_shift,55,0.12,-0.1,-0.15,0.011418449426906632,-0.034286414274779076,-0.03306090534100941,0.10106249871996405,-0.08497835356242069,-0.1368420231212502,1.9189261019876378,27.838734891296664,False,0.025779863344673692,False,True,
signature_stationary_mixed_nuisance,14106,full,pre_shift,55,0.12,-0.1,-0.15,0.05752090010542056,-0.03053312711118858,-0.004830830734757236,0.10893445549665742,-0.08082263561737195,-0.13248634726065175,1.6178341386025907,6.730350991911553,False,0.02112676481387725,False,True,
signature_stationary_mixed_nuisance,14107,full,pre_shift,55,0.12,-0.1,-0.15,0.030627123012642407,-0.038629804188979856,-0.03231090601416055,0.10453120724424854,-0.08189643905664735,-0.13142390912871338,1.4741333481975623,19.024256464139334,False,0.06940851782896619,False,True,
signature_stationary_mixed_nuisance,14108,full,pre_shift,55,0.12,-0.1,-0.15,0.006242119036838477,-0.030275121990530136,-0.03550490196541524,0.09817812818452362,-0.08298153160727101,-0.13637488132740885,1.9557102237213282,45.56897398178321,False,0.030899777155306778,False,True,
signature_stationary_mixed_nuisance,14109,full,pre_shift,55,0.12,-0.1,-0.15,0.06570658474153052,-0.024509276859805997,-0.053318540690456814,0.10854315024626512,-0.08679731637564858,-0.1334406157107944,1.069904769261049,9.400826278372447,False,0.1523810738850591,False,True,
signature_stationary_mixed_nuisance,14110,full,pre_shift,55,0.12,-0.1,-0.15,0.03158385690957805,-0.03242069734803385,-0.060097529345122115,0.10111565632431636,-0.08908109588258628,-0.13680739378686319,1.308846871724105,17.706185163849867,False,0.031507105744174035,False,True,
signature_stationary_mixed_nuisance,14111,full,pre_shift,55,0.12,-0.1,-0.15,0.02596350482757888,-0.03335229254090381,-0.03517278278711533,0.1051951626750971,-0.07864560798412862,-0.1360495086651595,1.6135815546141075,49.174703146399985,False,0.03427443867414618,False,True,
signature_stationary_mixed_nuisance,14112,full,pre_shift,55,0.12,-0.1,-0.15,0.04058807793369929,-0.02444945919471276,-0.04677182919758991,0.09875155073216683,-0.08091699339036927,-0.13300318795873214,1.2359512118801546,7.957244125773947,False,0.06436180873006885,False,True,
signature_stationary_mixed_nuisance,14113,full,pre_shift,55,0.12,-0.1,-0.15,0.049619389009927434,-0.021617540835760764,0.02034832945218542,0.11108426753554909,-0.08190126736926069,-0.1330050072536116,2.326685753096544,46.84222986760473,False,0.037173363739786046,False,True,
signature_stationary_mixed_nuisance,14114,full,pre_shift,55,0.12,-0.1,-0.15,0.0364432594013509,-0.024257018261909916,-0.053224416452401314,0.10382988737531454,-0.08771342513675788,-0.13219248121599023,1.3955316921649104,41.85281342300941,False,0.03252789831954514,False,True,
signature_stationary_mixed_nuisance,14115,full,pre_shift,55,0.12,-0.1,-0.15,0.006862377197043775,-0.028055889154349117,-0.023262809029436688,0.09783504093646067,-0.08164902019002249,-0.13207405161347457,2.0490796751061215,41.35948193395329,False,0.02467602293183701,False,True,
signature_stationary_mixed_nuisance,14116,full,pre_shift,55,0.12,-0.1,-0.15,0.03673651491363305,-0.03090898930524764,-0.028049711585146412,0.10270209244861006,-0.0886935756113063,-0.12988030198688374,1.55068663508514,46.34069217951316,False,0.03392013624899062,False,True,
signature_stationary_mixed_nuisance,14117,full,pre_shift,55,0.12,-0.1,-0.15,0.012383242753366787,-0.03850915865853201,-0.04026886913073178,0.10169932496162387,-0.08198239249525456,-0.13576495148002884,1.7288313941564086,24.02560920449802,False,0.009216622725410526,False,True,
signature_stationary_mixed_nuisance,14118,full,pre_shift,55,0.12,-0.1,-0.15,0.040817420807984575,-0.029709318019816994,-0.030408304054816544,0.10425039776669319,-0.07570001847101179,-0.1337465192879623,1.3833585580811807,62.24691739360249,False,0.24197877273662582,False,True,
signature_stationary_mixed_nuisance,14119,full,pre_shift,55,0.12,-0.1,-0.15,0.02008994823681871,-0.025653825388611183,-0.052475115174475055,0.10173838207796075,-0.08131950023142191,-0.1272563200113511,1.497598646462596,17.414304077674398,False,0.06285036281707237,False,True,
signature_stationary_mixed_nuisance,14120,full,pre_shift,55,0.12,-0.1,-0.15,0.06578666383021814,-0.033434696734317045,-0.018859562853335135,0.11127696905904445,-0.08872358735734676,-0.12335564769337434,1.278665958130092,23.3705730834795,False,0.07567493626786127,False,True,
signature_stationary_mixed_nuisance,14121,full,pre_shift,55,0.12,-0.1,-0.15,0.040300395848626984,-0.03335653453738024,-0.026983342828135932,0.1071195575466967,-0.07740960144815569,-0.13508862014239056,1.4792384557104221,27.9410031234837,False,0.023074603376580117,False,True,
signature_stationary_mixed_nuisance,14122,full,pre_shift,55,0.12,-0.1,-0.15,0.04618254540334504,-0.03265412946134371,-0.06353603066208587,0.10641635189452638,-0.08019204415537194,-0.1346700729462934,1.0074849889446025,11.315875689512247,False,0.03996463113604403,False,True,
signature_stationary_mixed_nuisance,14123,full,pre_shift,55,0.12,-0.1,-0.15,0.005444609635742596,-0.03333477985473436,-0.03712787584264684,0.1027750203923514,-0.0803910013640029,-0.13623790046869869,1.986967072423865,20.973729342067458,False,0.05058965702025592,False,True,
signature_stationary_mixed_nuisance,14124,full,pre_shift,55,0.12,-0.1,-0.15,0.04828269472699611,-0.03215255272526549,-0.019031205028282178,0.10401375596832686,-0.08181646628439285,-0.12735694313880505,1.38535726579334,0.769764372096527,False,0.09644790861469234,False,True,
signature_stationary_mixed_nuisance,14125,full,pre_shift,55,0.12,-0.1,-0.15,0.045125856918410256,-0.02977759942939151,-0.029570022206908974,0.11063079526808119,-0.08531186066651913,-0.13147821681273109,1.5114888620370313,22.66389146288991,False,0.03180253940906552,False,True,
signature_stationary_mixed_nuisance,14126,full,pre_shift,55,0.12,-0.1,-0.15,0.05317970433006998,-0.028492652183228842,-0.023483994057622044,0.10793386142911855,-0.07856880065191042,-0.14014441299631109,1.4842626419764569,19.231562203475463,False,0.14929056905732344,False,True,
signature_stationary_mixed_nuisance,14127,full,pre_shift,55,0.12,-0.1,-0.15,0.04000070008018592,-0.031836901689470926,-0.021584445135175715,0.1045325540482645,-0.08173133950632418,-0.13420593500270858,1.570546186776899,20.724296229457032,False,0.043487373383432906,False,True,
signature_stationary_mixed_nuisance,14128,full,pre_shift,55,0.12,-0.1,-0.15,0.04566066740990473,-0.034424381374806044,-0.020150522131152693,0.10315047102558177,-0.08365605555630609,-0.12553948989303637,1.3653286213217004,0.0,False,0.024198805431520646,False,True,
signature_stationary_mixed_nuisance,14129,full,pre_shift,55,0.12,-0.1,-0.15,0.03569375225775884,-0.025399825830488488,-0.047305913729887156,0.09514744156296917,-0.08234548618827085,-0.13223440109680987,1.2467242364489313,10.643728840907793,False,0.049362669514814404,False,True,
signature_stationary_mixed_nuisance,14130,full,pre_shift,55,0.12,-0.1,-0.15,-0.001584798853515579,-0.02277809472578841,-0.04326365018939828,0.09337025726592642,-0.08345727004031382,-0.13758913349357557,2.0489145200043954,31.921174444685512,False,0.04911872567395763,False,True,
signature_stationary_mixed_nuisance,14101,full,pre_shift,56,0.12,0.1,0.15,0.02922729406845656,0.0035199147034668966,0.014303371467235574,0.0965367154499828,0.08678925435572558,0.1328949279254621,2.2147695698170633,5.570241722095468,False,0.08103268157972451,False,True,
signature_stationary_mixed_nuisance,14102,full,pre_shift,56,0.12,0.1,0.15,0.025952605433732394,0.016970176514739362,0.03154699652895469,0.10169905639545745,0.08206691426430324,0.13473463107027323,1.82892491565892,17.113747497641363,False,0.06244503872538267,False,True,
signature_stationary_mixed_nuisance,14103,full,pre_shift,56,0.12,0.1,0.15,0.036752838882079655,0.004601822680106275,0.018095693218271713,0.09941865419072313,0.08396595949523752,0.1381444889846792,2.092837219249752,35.32342077180838,False,0.08194989693919952,False,True,
signature_stationary_mixed_nuisance,14104,full,pre_shift,56,0.12,0.1,0.15,0.04066578137602032,0.01280181204604705,0.027028367938349587,0.09668802909777524,0.08604827556643051,0.13604610746546447,1.7331927748014309,22.90657527444441,False,0.02675900600485539,False,True,
signature_stationary_mixed_nuisance,14105,full,pre_shift,56,0.12,0.1,0.15,0.01457266223552796,0.016102124427383277,0.008215396802871859,0.09430747654356784,0.08674518055677362,0.12977803446704628,2.2482408127448603,28.586975704041524,False,0.0346753293196867,False,True,
signature_stationary_mixed_nuisance,14106,full,pre_shift,56,0.12,0.1,0.15,0.018178155677599454,0.031766219174052306,0.039764846748662076,0.09965314300985666,0.08913299001745852,0.1364481075810882,1.7407327492859492,6.971083741197503,False,0.03063998156334079,False,True,
signature_stationary_mixed_nuisance,14107,full,pre_shift,56,0.12,0.1,0.15,0.01910433672513123,0.03315454715584005,0.03624244042185145,0.09809286446816459,0.08658944529370229,0.13829715682258883,1.7108246056316732,19.235081069771006,False,0.034392381919157305,False,True,
signature_stationary_mixed_nuisance,14108,full,pre_shift,56,0.12,0.1,0.15,0.021526694076000358,0.0004268629430866493,-0.007242350217386053,0.09553821511418023,0.08368113264254017,0.13472629673111386,2.707458057343505,46.77643203912672,False,0.018939732130167482,False,True,
signature_stationary_mixed_nuisance,14109,full,pre_shift,56,0.12,0.1,0.15,0.056281603927931294,0.03361129378777623,0.06012132873191493,0.10741149745354532,0.08354213840927975,0.13411705868659993,0.933569208247769,8.834395486620217,False,0.32955140158168367,False,True,
signature_stationary_mixed_nuisance,14110,full,pre_shift,56,0.12,0.1,0.15,0.02514616248319769,0.028887277947203152,0.0325913990850837,0.10209846278232168,0.08563133354470678,0.13555770337746448,1.7261826075062834,17.93236777135615,False,0.02449596413014246,False,True,
signature_stationary_mixed_nuisance,14111,full,pre_shift,56,0.12,0.1,0.15,0.024779068453427942,0.018741452627307923,-0.017042141805959293,0.09552625108903712,0.08598337717158164,0.13258016841646222,2.505761341354153,50.180464487754136,False,0.029825190239861393,False,True,
signature_stationary_mixed_nuisance,14112,full,pre_shift,56,0.12,0.1,0.15,0.03471661211655545,0.024050682916067486,0.03157532393152268,0.1021121185117527,0.08764804348951667,0.1359744680245784,1.682230031049591,8.139474156823539,False,0.11859099286330115,False,True,
signature_stationary_mixed_nuisance,14113,full,pre_shift,56,0.12,0.1,0.15,0.02485488151672313,0.024385706072800325,0.02270777664468521,0.10302097442259059,0.08625136949659369,0.13795685951229295,1.9888388151052723,47.331068682710004,False,0.07660572384341514,False,True,
signature_stationary_mixed_nuisance,14114,full,pre_shift,56,0.12,0.1,0.15,0.03293167341105021,0.002445344201032954,-0.004065753730934957,0.0961621923014467,0.0857432782912463,0.13325719373797057,2.4497373929417834,42.80255081595119,False,0.15331019466714516,False,True,
signature_stationary_mixed_nuisance,14115,full,pre_shift,56,0.12,0.1,0.15,0.020826604654864092,0.01609161586019493,-0.009694429621012695,0.09422746155639533,0.08535082453916155,0.13487680596917284,2.4926280302009673,42.35210996415426,False,0.03237363255937297,False,True,
signature_stationary_mixed_nuisance,14116,full,pre_shift,56,0.12,0.1,0.15,-0.008251623916241499,0.024557923121535635,0.005314175330179525,0.09888138167798396,0.08239318136990177,0.13469838936276213,2.7759089996700954,47.616601179183256,False,0.022311161806721772,False,True,
signature_stationary_mixed_nuisance,14117,full,pre_shift,56,0.12,0.1,0.15,-0.00044371345132826484,0.05222425220837786,-0.002256947034794018,0.09518361246847973,0.08961781136088404,0.13826628368046334,2.4588930831209126,24.984502287618934,False,0.03136666441596617,False,True,
signature_stationary_mixed_nuisance,14118,full,pre_shift,56,0.12,0.1,0.15,-0.009124528546631164,0.02379472989930308,0.007880268725434268,0.10494229210381874,0.09121953151910604,0.13552248539078887,3.0670959449945916,63.81401333859708,False,0.07432737160403027,False,True,
signature_stationary_mixed_nuisance,14119,full,pre_shift,56,0.12,0.1,0.15,0.034477795608876226,0.0004090857033249264,0.05794949766102182,0.10169067941804277,0.08321076438040614,0.14068165307370706,1.7571892039961199,17.671493281670518,False,0.04997990927880415,False,True,
signature_stationary_mixed_nuisance,14120,full,pre_shift,56,0.12,0.1,0.15,0.050826439588319124,0.02689420459164047,0.061432704742165445,0.10342784745356713,0.08906991755821728,0.1445334852221929,1.196102072638743,23.066675156118244,False,0.1597960369245439,False,True,
signature_stationary_mixed_nuisance,14121,full,pre_shift,56,0.12,0.1,0.15,0.030225304092865227,0.027736020598748027,0.03945059265998159,0.1068221175650444,0.0879510728535319,0.13745792070984822,1.7066140175420195,28.14761714102572,False,0.14199642581495614,False,True,
signature_stationary_mixed_nuisance,14122,full,pre_shift,56,0.12,0.1,0.15,0.018408110977785823,0.03877973381063075,-0.01289410585542672,0.09437084271010769,0.08567434051090213,0.13097851126239105,2.2192232653409367,12.035098954853183,False,0.09080969305426631,False,True,
signature_stationary_mixed_nuisance,14123,full,pre_shift,56,0.12,0.1,0.15,0.01363769524430468,0.039825381894937485,-0.0010983478232312633,0.09510239459707726,0.08787121773094131,0.13679845258461373,2.228406477319428,21.702135819386886,False,0.05188593136416743,False,True,
signature_stationary_mixed_nuisance,14124,full,pre_shift,56,0.12,0.1,0.15,0.03124292108455144,0.030492453473954097,0.05145815924309552,0.09868659143629001,0.08594380217526366,0.1432230826906481,1.4140874735380928,0.6838518456346199,False,0.034316614101286086,False,True,
signature_stationary_mixed_nuisance,14125,full,pre_shift,56,0.12,0.1,0.15,0.047050197814259245,0.02811613281660424,0.0356767027323381,0.10028429065718772,0.08625676182209004,0.13859249743964264,1.3845141448426812,22.54840560773259,False,0.03283703802768185,False,True,
signature_stationary_mixed_nuisance,14126,full,pre_shift,56,0.12,0.1,0.15,0.02884904079776171,0.027784114038368196,0.05020069745886302,0.10814503890103772,0.08875048631924924,0.13522082945462013,1.6156353864734803,19.347197589948944,False,0.023292453023356453,False,True,
signature_stationary_mixed_nuisance,14127,full,pre_shift,56,0.12,0.1,0.15,0.03338720721357877,0.021429742152098776,0.008583385012932414,0.09711996659354659,0.08607931408317675,0.134771184280163,1.9539991943479815,21.178295423805015,False,0.028426779564167236,False,True,
signature_stationary_mixed_nuisance,14128,full,pre_shift,56,0.12,0.1,0.15,0.012333094853460791,0.044544386645858434,0.04241453885850149,0.10011642944949152,0.08629527717632639,0.14401290861264787,1.739763396468212,0.239763396468212,False,0.03140525353399021,False,True,
signature_stationary_mixed_nuisance,14129,full,pre_shift,56,0.12,0.1,0.15,0.023245559029160378,0.02317754407710975,0.02103263552072267,0.09965329551647273,0.08241406463536162,0.13405167566534743,1.8864546542697933,11.030183495177585,False,0.05269298004915922,False,True,
signature_stationary_mixed_nuisance,14130,full,pre_shift,56,0.12,0.1,0.15,0.02543567697942335,0.0043890685430492266,0.004381614933761802,0.09597739956235415,0.08153659014084792,0.1347310675657036,2.3370867241578224,32.75826116884333,False,0.038183004020779114,False,True,
signature_stationary_mixed_nuisance,14101,full,pre_shift,57,-0.2,0.0,-0.2,-0.06862239418227617,0.026551148528101136,-0.07574209261741152,-0.15578414966808804,0.009301438924257376,-0.19398231896876098,1.8158119494333844,5.8860536715288525,False,0.021101721222928534,False,True,
signature_stationary_mixed_nuisance,14102,full,pre_shift,57,-0.2,0.0,-0.2,-0.10586870679993325,0.024672925244102663,-0.07426975530770565,-0.164929719149453,0.004974958186182636,-0.1957408291940505,1.3816886366408694,16.995436134282233,False,0.003444165690464988,False,True,
signature_stationary_mixed_nuisance,14103,full,pre_shift,57,-0.2,0.0,-0.2,-0.06590153710572036,0.008988255896394093,-0.02211833384926929,-0.15988080883207226,0.0037367862748637825,-0.1970266962234101,2.971182545779834,36.79460331758821,False,0.04620401098262492,False,True,
signature_stationary_mixed_nuisance,14104,full,pre_shift,57,-0.2,0.0,-0.2,-0.080076243852336,0.017447916866986494,-0.06542489810936782,-0.16638701681446635,0.00167434969705846,-0.20225556581614085,2.087047564020677,23.493622838465086,False,0.036284402164987836,False,True,
signature_stationary_mixed_nuisance,14105,full,pre_shift,57,-0.2,0.0,-0.2,-0.043934651435770286,0.015294332324930248,-0.04854879949624603,-0.1563432748329524,0.006363230062445484,-0.19374654405165365,2.8337651541834785,29.920740858225003,False,0.02405936836843996,False,True,
signature_stationary_mixed_nuisance,14106,full,pre_shift,57,-0.2,0.0,-0.2,-0.06691612717080153,0.0275971584399525,-0.08550417455462067,-0.16311936871326388,0.00367277997988164,-0.19683125188112835,1.9470558646911706,7.4181396058886735,False,0.045266028482134964,False,True,
signature_stationary_mixed_nuisance,14107,full,pre_shift,57,-0.2,0.0,-0.2,-0.06738268803805957,0.010563611144099424,-0.045095212355443844,-0.15626562423823462,0.008203942956860815,-0.1961107332683689,2.3704419806727333,20.10552305044374,False,0.018008874807133497,False,True,
signature_stationary_mixed_nuisance,14108,full,pre_shift,57,-0.2,0.0,-0.2,-0.05855855157933933,0.020045246569293206,-0.05749523177041263,-0.15711675145666726,0.008965731960267922,-0.20067168650481096,2.455144906243055,47.731576945369774,False,0.026861734938312416,False,True,
signature_stationary_mixed_nuisance,14109,full,pre_shift,57,-0.2,0.0,-0.2,-0.0527734086017491,0.014264799978390882,-0.09017144681486473,-0.15968752371217473,0.0029764281004660705,-0.2034566862997607,2.1784051504596693,9.512800637079886,False,0.07109196145766601,False,True,
signature_stationary_mixed_nuisance,14110,full,pre_shift,57,-0.2,0.0,-0.2,-0.06589068586234295,0.021947238389134538,-0.09355471713389651,-0.16049906979372444,0.006340191459150103,-0.19895081855411959,1.7911077516521894,18.22347552300834,False,0.026113192825088994,False,True,
signature_stationary_mixed_nuisance,14111,full,pre_shift,57,-0.2,0.0,-0.2,-0.05038225985150705,0.010496022097815843,-0.046305511398067684,-0.15521038743115695,0.008090309014903076,-0.20131408581502344,2.8133486463423645,51.4938131340965,False,0.0984339432574192,False,True,
signature_stationary_mixed_nuisance,14112,full,pre_shift,57,-0.2,0.0,-0.2,-0.09594288018647051,0.010026312209921168,-0.07317470773560855,-0.17102695702811954,-0.00020609672510012926,-0.19850528787599492,1.6625667968028475,8.302040953626387,False,0.04249854185654497,False,True,
signature_stationary_mixed_nuisance,14113,full,pre_shift,57,-0.2,0.0,-0.2,-0.051717800304857904,0.0006722025911471423,-0.015649358082771438,-0.1573202357949832,0.00575730157061352,-0.19427343413065182,3.330549271689533,49.16161795439954,False,0.02230704044197512,False,True,
signature_stationary_mixed_nuisance,14114,full,pre_shift,57,-0.2,0.0,-0.2,-0.04639616909021384,0.007044674002215972,-0.04681405876107316,-0.1587125414990056,0.005396874700610855,-0.20513533538117196,3.0705904975155103,44.373141313466704,False,0.01764581339061698,False,True,
signature_stationary_mixed_nuisance,14115,full,pre_shift,57,-0.2,0.0,-0.2,-0.072584557288983,0.013070411303014517,-0.06248095760608612,-0.1560045438854835,0.006581021794620439,-0.19890144769587995,1.9990127032383167,42.85112266739257,False,0.042450081205755434,False,True,
signature_stationary_mixed_nuisance,14116,full,pre_shift,57,-0.2,0.0,-0.2,-0.04111784276170362,0.027931428558965226,-0.09222332393363904,-0.1514904551835582,0.005721882704070078,-0.1950459970773475,2.1718959480989564,48.28849712728221,False,0.03894703443162037,False,True,
signature_stationary_mixed_nuisance,14117,full,pre_shift,57,-0.2,0.0,-0.2,-0.07786608666703715,0.011180032786444158,-0.09568621830340729,-0.15612086309689327,0.007552855520881067,-0.19801516781044823,1.3857184337945565,24.87022072141349,False,0.007687582601213672,False,True,
signature_stationary_mixed_nuisance,14118,full,pre_shift,57,-0.2,0.0,-0.2,-0.048604934116670155,-0.00039705518745835347,-0.05036111032025669,-0.15383144263951393,0.006179925518404728,-0.20093532004144973,2.7436100016983995,65.05762334029548,False,0.017964693709096303,False,True,
signature_stationary_mixed_nuisance,14119,full,pre_shift,57,-0.2,0.0,-0.2,-0.056226228439534065,0.0076993036029092835,-0.04975774322577021,-0.1538567795343665,0.007996129397685852,-0.20275318978986165,2.600144009869651,18.77163729154017,False,0.01153646327195352,False,True,
signature_stationary_mixed_nuisance,14120,full,pre_shift,57,-0.2,0.0,-0.2,-0.062299298459959886,-0.018785517752262927,-0.007581355046143348,-0.16104598619092322,-0.005680173043287458,-0.19795925646178714,3.4496177727119783,25.01629292883022,False,0.014899363701342594,False,True,
signature_stationary_mixed_nuisance,14121,full,pre_shift,57,-0.2,0.0,-0.2,-0.06730464286807808,-0.01252715575322981,-0.03428883066272217,-0.15693662365201208,0.0015497964340337705,-0.20450253004688884,2.793196929716878,29.440814070742597,False,0.03853592622591766,False,True,
signature_stationary_mixed_nuisance,14122,full,pre_shift,57,-0.2,0.0,-0.2,-0.0649494089720891,0.019815001726868443,-0.14004530107847937,-0.15654255126269778,0.00582182989727774,-0.2028556331991778,1.2702517379182066,11.80535069277139,False,0.025134050715476742,False,True,
signature_stationary_mixed_nuisance,14123,full,pre_shift,57,-0.2,0.0,-0.2,-0.06490387954158355,0.013555376493064143,-0.051073045748469346,-0.1567898614255231,0.005319023744625367,-0.19540382978005658,2.3189518374354248,22.52108765682231,False,0.039758053938452324,False,True,
signature_stationary_mixed_nuisance,14124,full,pre_shift,57,-0.2,0.0,-0.2,-0.08576540626265786,0.017269260569703095,-0.09253055236402016,-0.15566254051391326,0.008881704461795873,-0.20128922701789753,1.3301870800728164,0.5140389257074363,False,0.054561202874979425,False,True,
signature_stationary_mixed_nuisance,14125,full,pre_shift,57,-0.2,0.0,-0.2,-0.06694308248129414,-0.006561548319991476,-0.010438294832997552,-0.15404361527125596,0.006369850888798428,-0.1986637671944088,3.1434265825981806,24.19183219033077,False,0.012741802076037801,False,True,
signature_stationary_mixed_nuisance,14126,full,pre_shift,57,-0.2,0.0,-0.2,-0.07025033975781877,0.008326515396032366,-0.06161216595333829,-0.1599738972971573,0.0030133064978275547,-0.2009571767094103,2.176621163422051,20.023818753370996,False,0.010115886836366175,False,True,
signature_stationary_mixed_nuisance,14127,full,pre_shift,57,-0.2,0.0,-0.2,-0.08231485357547835,0.0170227418297605,-0.08282289837217809,-0.15832236501790883,0.006538396916088562,-0.19966910828565376,1.5547421418274014,21.233037565632415,False,0.026192994092624832,False,True,
signature_stationary_mixed_nuisance,14128,full,pre_shift,57,-0.2,0.0,-0.2,-0.09224950661127142,0.014629925337690282,-0.07016388974722558,-0.15843886707349894,0.0036655994917040766,-0.19438251054388334,1.5000282494182933,0.23979164588650526,False,0.016831429942239382,False,True,
signature_stationary_mixed_nuisance,14129,full,pre_shift,57,-0.2,0.0,-0.2,-0.10280903834968366,0.01932926864394311,-0.08829915876771319,-0.16432144622048886,0.0006395786831630171,-0.19477974041788332,1.1995110511006832,10.72969454627827,False,0.04701624071385782,False,True,
signature_stationary_mixed_nuisance,14130,full,pre_shift,57,-0.2,0.0,-0.2,-0.0764186960616483,0.016231345906855685,-0.08615029714465479,-0.16890724805146073,-0.005039304739755732,-0.19664439790381744,1.8352663302901482,33.09352749913348,False,0.03875458433468048,False,True,
signature_stationary_mixed_nuisance,14101,full,pre_shift,58,-0.2,0.0,0.2,-0.0969381959724189,-0.005540981386277247,0.08786955146883323,-0.15092839239706934,0.013810445585774959,0.18086066902996883,0.9351732765324048,5.321226948061257,False,0.014838444668453054,False,True,
signature_stationary_mixed_nuisance,14102,full,pre_shift,58,-0.2,0.0,0.2,-0.0887412781646666,0.010416702330030909,0.011999728811331429,-0.1537136830964471,0.00799966286529713,0.18482215376290856,2.386128928614338,17.88156506289657,False,0.02248629326505397,False,True,
signature_stationary_mixed_nuisance,14103,full,pre_shift,58,-0.2,0.0,0.2,-0.07440100528161787,-0.00829886664766454,0.074176270046418,-0.1465727858795566,0.0071434419723524645,0.18352421809910013,1.4053019479403204,36.699905265528535,False,0.03227481391281536,False,True,
signature_stationary_mixed_nuisance,14104,full,pre_shift,58,-0.2,0.0,0.2,-0.07725369417069651,-0.0010630486129032893,0.06663705381872885,-0.15983453427035416,0.0005176279060079319,0.17626371828592216,1.5725048859025466,23.566127724367632,False,0.02315938852666156,False,True,
signature_stationary_mixed_nuisance,14105,full,pre_shift,58,-0.2,0.0,0.2,-0.07961482544469937,0.003888961496087447,0.08941849744332682,-0.1500275552605735,0.010007873094257352,0.18087856369011152,1.1208709692869114,29.541611827511915,False,0.03407423579188246,False,True,
signature_stationary_mixed_nuisance,14106,full,pre_shift,58,-0.2,0.0,0.2,-0.10024864907040076,-0.008958612587938316,0.06181529554396733,-0.1608581328537826,0.0038186177841734574,0.17808089479805306,1.3087259533522022,7.226865559240876,False,0.015405826324238927,False,True,
signature_stationary_mixed_nuisance,14107,full,pre_shift,58,-0.2,0.0,0.2,-0.07558096196236193,0.01183109362975667,0.04103617377543022,-0.1495061921460393,0.012469318569058578,0.18766652829652786,2.0086263393749997,20.61414938981874,False,0.055110844482124124,False,True,
signature_stationary_mixed_nuisance,14108,full,pre_shift,58,-0.2,0.0,0.2,-0.06457893626841443,-0.004241490649739266,0.036637517905866,-0.14823128013944023,0.010054025113458136,0.18020431910804455,2.161999475679663,48.39357642104944,False,0.02397676236773509,False,True,
signature_stationary_mixed_nuisance,14109,full,pre_shift,58,-0.2,0.0,0.2,-0.07046283284858003,-0.01364833901094607,0.0470220504121697,-0.15177720904245115,0.0025669741206899746,0.1783338823400642,1.9105282208285355,9.923328857908421,False,0.032257691315613714,False,True,
signature_stationary_mixed_nuisance,14110,full,pre_shift,58,-0.2,0.0,0.2,-0.06845549483437757,0.004945405227143624,0.02207463073016194,-0.15557464867882656,0.006849161773471157,0.18270722775870396,2.5332579494198377,19.256733472428177,False,0.02820946687587543,False,True,
signature_stationary_mixed_nuisance,14111,full,pre_shift,58,-0.2,0.0,0.2,-0.062006348868888866,0.0007180553965607147,0.0055466397573549165,-0.15304971105799936,0.00939324584495332,0.178993823512651,2.896434068636186,52.89024720273268,False,0.029012958369226495,False,True,
signature_stationary_mixed_nuisance,14112,full,pre_shift,58,-0.2,0.0,0.2,-0.07973278936555409,-0.0020207226418411965,0.04936553022494104,-0.16303612600518608,-0.0005977677691261826,0.18554492732874636,1.994707023991954,8.79674797761834,False,0.029331543199216097,False,True,
signature_stationary_mixed_nuisance,14113,full,pre_shift,58,-0.2,0.0,0.2,-0.06837838587314146,-0.010803651570476502,0.03955580771153086,-0.1475542483058394,0.008728831767241194,0.18301453443662888,2.0930815228910844,49.75469947729062,False,0.05910012913229526,False,True,
signature_stationary_mixed_nuisance,14114,full,pre_shift,58,-0.2,0.0,0.2,-0.07422346518172532,-0.002011898327248904,0.02444392788276588,-0.15944176443114136,0.007973443996065687,0.17286617861985715,2.269344728115247,45.142486041581954,False,0.039970445007368814,False,True,
signature_stationary_mixed_nuisance,14115,full,pre_shift,58,-0.2,0.0,0.2,-0.06544998991975765,0.006464179797921061,0.02431218981592029,-0.1454557255094214,0.010848969361310036,0.183055713139892,2.355167622202861,43.70629028959544,False,0.028157421083991437,False,True,
signature_stationary_mixed_nuisance,14116,full,pre_shift,58,-0.2,0.0,0.2,-0.05018749982424324,0.01035273272169343,0.008724798322823886,-0.1450457733355246,0.009934296816546546,0.18542856353256876,3.0452490191013104,49.833746146383525,False,0.008551698416529745,False,True,
signature_stationary_mixed_nuisance,14117,full,pre_shift,58,-0.2,0.0,0.2,-0.07483447360313823,0.007358779113343444,0.03483583061512131,-0.1469878171887472,0.009377999972971063,0.18838032271333333,2.1087457576321667,25.478966479045656,False,0.04663036700530034,False,True,
signature_stationary_mixed_nuisance,14118,full,pre_shift,58,-0.2,0.0,0.2,-0.03599912949527168,-0.003444631310933674,0.018752987272718416,-0.14518616927022687,0.008226661530139939,0.1839449094381349,3.166348380269527,66.723971720565,False,0.05142549104500087,False,True,
signature_stationary_mixed_nuisance,14119,full,pre_shift,58,-0.2,0.0,0.2,-0.07823723883008064,-0.010017275374184686,0.07035325749133299,-0.14577356000923117,0.011099207347033185,0.18035314284143616,1.362880890664429,18.634518182204598,False,0.026266119953959517,False,True,
signature_stationary_mixed_nuisance,14120,full,pre_shift,58,-0.2,0.0,0.2,-0.0925828120198988,-0.01390432875613671,0.06927118807425314,-0.15886926374085164,-0.0025793897880106334,0.18947351421375014,1.4500401460165178,24.96633307484674,False,0.02086703297041296,False,True,
signature_stationary_mixed_nuisance,14121,full,pre_shift,58,-0.2,0.0,0.2,-0.06773898945210076,-0.01836931997388415,0.03983500235697365,-0.14601704180170347,0.002536107580087891,0.1775983139739323,1.9825618075011546,29.923375878243753,False,0.023931580179339166,False,True,
signature_stationary_mixed_nuisance,14122,full,pre_shift,58,-0.2,0.0,0.2,-0.08022067309619016,0.00963534512715652,0.006539420410615193,-0.1544917412183027,0.007855956784119607,0.17859408714479189,2.523822883959138,12.829173576730527,False,0.046310595689703526,False,True,
signature_stationary_mixed_nuisance,14123,full,pre_shift,58,-0.2,0.0,0.2,-0.09690824563685747,-0.013220617535398011,0.086822360584814,-0.15057625446564973,0.008450829151036598,0.18314860303885647,0.9846190366186218,22.00570669344093,False,0.01790486160148754,False,True,
signature_stationary_mixed_nuisance,14124,full,pre_shift,58,-0.2,0.0,0.2,-0.09170380542607356,0.012831730246774722,0.04131453030855318,-0.14799020327892579,0.011433539146480627,0.18751419832566185,1.724342743231382,0.7383816689388183,False,0.005779451490371541,False,True,
signature_stationary_mixed_nuisance,14125,full,pre_shift,58,-0.2,0.0,0.2,-0.08731674167838697,-0.010801577073141447,0.06328427354298426,-0.1475364566624748,0.009044710591276026,0.18479652739828784,1.4118369265480029,24.103669116878773,False,0.02511769836599637,False,True,
signature_stationary_mixed_nuisance,14126,full,pre_shift,58,-0.2,0.0,0.2,-0.08233784208056735,-0.01810003100100783,0.04187834821932189,-0.15198475942944628,0.002522489361977254,0.18063942887482975,1.8449447417097724,20.368763495080767,False,0.02242570020886239,False,True,
signature_stationary_mixed_nuisance,14127,full,pre_shift,58,-0.2,0.0,0.2,-0.08528881360600349,0.00877875458586247,0.010775747719518317,-0.15419517336940217,0.008403597553887244,0.18264318968008986,2.4278329773329417,22.160870542965355,False,0.028881691561128013,False,True,
signature_stationary_mixed_nuisance,14128,full,pre_shift,58,-0.2,0.0,0.2,-0.09061166811552232,-0.005569318640839282,0.0899899531004087,-0.14577943142915226,0.00759528431258791,0.19518719650278868,1.076713265602834,0.0,False,0.027922681957614222,False,True,
signature_stationary_mixed_nuisance,14129,full,pre_shift,58,-0.2,0.0,0.2,-0.07153059686776335,0.0007434027412023908,0.022804472615084826,-0.15675865145113418,0.0016850071803107386,0.18561586030899044,2.539697841665798,11.769392387944066,False,0.03815230811642662,False,True,
signature_stationary_mixed_nuisance,14130,full,pre_shift,58,-0.2,0.0,0.2,-0.06258881124769011,-0.005369794236486044,0.06855683545465507,-0.1596356635146211,-0.0038349856442696714,0.18340355009932863,1.959375935074491,33.55290343420797,False,0.01557189316143875,False,True,
signature_stationary_mixed_nuisance,14101,full,pre_shift,59,0.12,-0.1,-0.15,0.029634424363544264,-0.025641880437720314,-0.04451851179603951,0.10191896781900286,-0.07496100672907977,-0.13169473677533797,1.3705025161402904,5.191729464201548,False,0.03379792914770173,False,True,
signature_stationary_mixed_nuisance,14102,full,pre_shift,59,0.12,-0.1,-0.15,0.037440972355140135,-0.03312563279115427,-0.004104144131417161,0.09875293702345549,-0.0836685614298502,-0.1311685474858006,1.7455877828803317,18.1271528457769,False,0.12198865415129831,False,True,
signature_stationary_mixed_nuisance,14103,full,pre_shift,59,0.12,-0.1,-0.15,0.012637186026031949,-0.029097979931264156,-0.024458722832385392,0.09745835183661142,-0.08452780083712202,-0.1305522001613928,1.9095736849391098,37.10947895046765,False,0.023208291551455092,False,True,
signature_stationary_mixed_nuisance,14104,full,pre_shift,59,0.12,-0.1,-0.15,0.008013604788561913,-0.033350570901363945,-0.023168183042023276,0.09952615936510273,-0.08409316531230875,-0.13650939913630983,2.0862631439095947,24.152390868277227,False,0.012412871891188481,False,True,
signature_stationary_mixed_nuisance,14105,full,pre_shift,59,0.12,-0.1,-0.15,0.008860514487012364,-0.018373562915057734,-0.05190897865869613,0.10106249871996405,-0.08497835356242069,-0.1368420231212502,1.9633943042196627,30.005006131731577,False,0.20788862769117897,False,True,
signature_stationary_mixed_nuisance,14106,full,pre_shift,59,0.12,-0.1,-0.15,0.06180995024838648,-0.029952119264149837,-0.003037037990209329,0.10893445549665742,-0.08082263561737195,-0.13248634726065175,1.6014819333608656,7.328347492601742,False,0.038415620807459985,False,True,
signature_stationary_mixed_nuisance,14107,full,pre_shift,59,0.12,-0.1,-0.15,0.029252089018358726,-0.03639363949389897,-0.05344697851880454,0.10453120724424854,-0.08189643905664735,-0.13142390912871338,1.2888704826866255,20.403019872505364,False,0.06179850645312069,False,True,
signature_stationary_mixed_nuisance,14108,full,pre_shift,59,0.12,-0.1,-0.15,0.003789085406471688,-0.030350931285558044,-0.031902793649248536,0.09817812818452362,-0.08298153160727101,-0.13637488132740885,2.054627039725824,48.94820346077526,False,0.030238314404313096,False,True,
signature_stationary_mixed_nuisance,14109,full,pre_shift,59,0.12,-0.1,-0.15,0.06326949242431448,-0.029177809521144134,-0.019267868424665897,0.10854315024626512,-0.08679731637564858,-0.1334406157107944,1.4405332508370472,9.863862108745469,False,0.0913743655029352,False,True,
signature_stationary_mixed_nuisance,14110,full,pre_shift,59,0.12,-0.1,-0.15,0.02907527295740742,-0.03102403815642095,-0.055073926869859714,0.10111565632431636,-0.08908109588258628,-0.13680739378686319,1.4192591804885264,19.175992652916705,False,0.01749770524641999,False,True,
signature_stationary_mixed_nuisance,14111,full,pre_shift,59,0.12,-0.1,-0.15,0.025391743698634017,-0.030468611984022065,-0.038443239818664376,0.1051951626750971,-0.07864560798412862,-0.1360495086651595,1.6153779695976664,53.00562517233035,False,0.051439742900421304,False,True,
signature_stationary_mixed_nuisance,14112,full,pre_shift,59,0.12,-0.1,-0.15,0.0352626550941992,-0.02483970261490516,-0.047431454540528314,0.09875155073216683,-0.08091699339036927,-0.13300318795873214,1.3005010443052674,8.597249021923608,False,0.043615164430322886,False,True,
signature_stationary_mixed_nuisance,14113,full,pre_shift,59,0.12,-0.1,-0.15,0.0529216497952127,-0.019944975302164245,0.008292388774531855,0.11108426753554909,-0.08190126736926069,-0.1330050072536116,2.0818145645944015,50.336514041885025,False,0.04572667109809153,False,True,
signature_stationary_mixed_nuisance,14114,full,pre_shift,59,0.12,-0.1,-0.15,0.03002744889877816,-0.02028069005013476,-0.058149726336497745,0.10382988737531454,-0.08771342513675788,-0.13219248121599023,1.5171874238958283,45.15967346547778,False,0.09532282350271573,False,True,
signature_stationary_mixed_nuisance,14115,full,pre_shift,59,0.12,-0.1,-0.15,0.006436375921649979,-0.03019900688526537,-0.014632243284323943,0.09783504093646067,-0.08164902019002249,-0.13207405161347457,2.1536660762722835,44.35995636586772,False,0.033384127265494314,False,True,
signature_stationary_mixed_nuisance,14116,full,pre_shift,59,0.12,-0.1,-0.15,0.03840856749478588,-0.03018417401584544,-0.026363348076438062,0.10270209244861006,-0.0886935756113063,-0.12988030198688374,1.5564825589826539,49.89022870536618,False,0.03317000313326234,False,True,
signature_stationary_mixed_nuisance,14117,full,pre_shift,59,0.12,-0.1,-0.15,0.012776809031842256,-0.03899739230234937,-0.03559276296961985,0.10169932496162387,-0.08198239249525456,-0.13576495148002884,1.772497316114068,25.751463795159726,False,0.028422381924945724,False,True,
signature_stationary_mixed_nuisance,14118,full,pre_shift,59,0.12,-0.1,-0.15,0.0412674553161338,-0.03472152824419466,-0.027741658629356486,0.10425039776669319,-0.07570001847101179,-0.1337465192879623,1.360962307226311,66.58493402779132,False,0.2736074476164954,False,True,
signature_stationary_mixed_nuisance,14119,full,pre_shift,59,0.12,-0.1,-0.15,0.017252046867766296,-0.02513219656155342,-0.05591140912804155,0.10173838207796075,-0.08131950023142191,-0.1272563200113511,1.5286952353341972,18.663213417538795,False,0.08653727453498712,False,True,
signature_stationary_mixed_nuisance,14120,full,pre_shift,59,0.12,-0.1,-0.15,0.06790816180345541,-0.03500174428544092,-0.020390090238707217,0.11127696905904445,-0.08872358735734676,-0.12335564769337434,1.216782608227844,24.683115683074586,False,0.09201199526739351,False,True,
signature_stationary_mixed_nuisance,14121,full,pre_shift,59,0.12,-0.1,-0.15,0.04052346456538279,-0.034541968905600885,-0.02194089765921729,0.1071195575466967,-0.07740960144815569,-0.13508862014239056,1.533287580805843,29.956663459049597,False,0.02623171062700403,False,True,
signature_stationary_mixed_nuisance,14122,full,pre_shift,59,0.12,-0.1,-0.15,0.044761234732560856,-0.03332168389093065,-0.06791980450564128,0.10641635189452638,-0.08019204415537194,-0.1346700729462934,0.9829358960710977,12.312109472801625,False,0.06267247260091384,False,True,
signature_stationary_mixed_nuisance,14123,full,pre_shift,59,0.12,-0.1,-0.15,0.008728762525653364,-0.034702057738716985,-0.027572230415463136,0.1027750203923514,-0.0803910013640029,-0.13623790046869869,2.0219123499561147,22.527619043397046,False,0.10706009676192318,False,True,
signature_stationary_mixed_nuisance,14124,full,pre_shift,59,0.12,-0.1,-0.15,0.0451105435538226,-0.03378934862541451,-0.01647038708544126,0.10401375596832686,-0.08181646628439285,-0.12735694313880505,1.444518908795254,0.6829005777340722,False,0.06566397636093475,False,True,
signature_stationary_mixed_nuisance,14125,full,pre_shift,59,0.12,-0.1,-0.15,0.04656569093552838,-0.02916356758638353,-0.02463734635806022,0.11063079526808119,-0.08531186066651913,-0.13147821681273109,1.5611929917171785,24.16486210859595,False,0.02750786640599097,False,True,
signature_stationary_mixed_nuisance,14126,full,pre_shift,59,0.12,-0.1,-0.15,0.05797760398136702,-0.019185790356372596,-0.012871213973822066,0.10793386142911855,-0.07856880065191042,-0.14014441299631109,1.710620090827841,20.57938358590861,False,0.015181020520333278,False,True,
signature_stationary_mixed_nuisance,14127,full,pre_shift,59,0.12,-0.1,-0.15,0.04000392044268373,-0.030860348039350574,-0.03155308176596313,0.1045325540482645,-0.08173133950632418,-0.13420593500270858,1.4455960791665488,22.106466622131904,False,0.0232325857418872,False,True,
signature_stationary_mixed_nuisance,14128,full,pre_shift,59,0.12,-0.1,-0.15,0.046236234401256,-0.034194857625993384,-0.01644972300092023,0.10315047102558177,-0.08365605555630609,-0.12553948989303637,1.409085106731438,0.0,False,0.03485904180654866,False,True,
signature_stationary_mixed_nuisance,14129,full,pre_shift,59,0.12,-0.1,-0.15,0.036275919906306076,-0.025745805160364666,-0.036375149674684804,0.09514744156296917,-0.08234548618827085,-0.13223440109680987,1.3571875701836211,11.626579958127687,False,0.0904237762202004,False,True,
signature_stationary_mixed_nuisance,14130,full,pre_shift,59,0.12,-0.1,-0.15,-0.0018872211400951734,-0.0185441277202026,-0.044175581174337446,0.09337025726592642,-0.08345727004031382,-0.13758913349357557,2.1068366608327023,34.159740095040675,False,0.02500744196963863,False,True,
signature_stationary_mixed_nuisance,14101,full,pre_shift,60,0.12,0.1,0.15,0.028019843865109594,0.0035298316603462935,0.03499815596109389,0.0965367154499828,0.08678925435572558,0.1328949279254621,1.9572360714737111,5.648965535675259,False,0.06045516957755415,False,True,
signature_stationary_mixed_nuisance,14102,full,pre_shift,60,0.12,0.1,0.15,0.02858689088416321,0.019307245522734336,0.027790214098758297,0.10169905639545745,0.08206691426430324,0.13473463107027323,1.797481755752566,18.42463460152947,False,0.0433120099952684,False,True,
signature_stationary_mixed_nuisance,14103,full,pre_shift,60,0.12,0.1,0.15,0.03492710289001857,0.0012259571265955031,0.014687770087853057,0.09941865419072313,0.08396595949523752,0.1381444889846792,2.2330201875102778,37.842499137977924,False,0.10371450734432693,False,True,
signature_stationary_mixed_nuisance,14104,full,pre_shift,60,0.12,0.1,0.15,0.04107258063088526,0.014038576125286941,0.022058059928376974,0.09668802909777524,0.08604827556643051,0.13604610746546447,1.7745635169355358,24.426954385212763,False,0.018540857270120694,False,True,
signature_stationary_mixed_nuisance,14105,full,pre_shift,60,0.12,0.1,0.15,0.01359643362451256,0.019998130887911882,0.0022013629220729598,0.09430747654356784,0.08674518055677362,0.12977803446704628,2.297100200911019,30.802106332642595,False,0.03468305390769119,False,True,
signature_stationary_mixed_nuisance,14106,full,pre_shift,60,0.12,0.1,0.15,0.018748838507089,0.03298142333592214,0.051263002484135824,0.09965314300985666,0.08913299001745852,0.1364481075810882,1.581142170062302,7.409489662664043,False,0.03535449952431688,False,True,
signature_stationary_mixed_nuisance,14107,full,pre_shift,60,0.12,0.1,0.15,0.02453075574878612,0.03476865936050472,0.045124926097760684,0.09809286446816459,0.08658944529370229,0.13829715682258883,1.4844878240893287,20.387507696594692,False,0.04054511484257345,False,True,
signature_stationary_mixed_nuisance,14108,full,pre_shift,60,0.12,0.1,0.15,0.019794317718550027,-0.0001895823243632368,-0.007808088075178737,0.09553821511418023,0.08368113264254017,0.13472629673111386,2.7600355437639177,50.20823900453918,False,0.0050711935273025244,False,True,
signature_stationary_mixed_nuisance,14109,full,pre_shift,60,0.12,0.1,0.15,0.04988416654700052,0.03232114564469222,0.046156773310274714,0.10741149745354532,0.08354213840927975,0.13411705868659993,1.1689347123249751,9.532796821070445,False,0.27374288580367956,False,True,
signature_stationary_mixed_nuisance,14110,full,pre_shift,60,0.12,0.1,0.15,0.02788700447692237,0.03089022779045448,0.033463071477696435,0.10209846278232168,0.08563133354470678,0.13555770337746448,1.6399801736386328,19.31597282655534,False,0.012638810204866447,False,True,
signature_stationary_mixed_nuisance,14111,full,pre_shift,60,0.12,0.1,0.15,0.026108119087912524,0.019973144003818707,-0.014562576711824315,0.09552625108903712,0.08598337717158164,0.13258016841646222,2.419516712982326,53.92514188531268,False,0.026291071784914785,False,True,
signature_stationary_mixed_nuisance,14112,full,pre_shift,60,0.12,0.1,0.15,0.03197461274438628,0.023880359565739858,0.04478465780691289,0.1021121185117527,0.08764804348951667,0.1359744680245784,1.5673205194951356,8.664569541418743,False,0.04744636065397803,False,True,
signature_stationary_mixed_nuisance,14113,full,pre_shift,60,0.12,0.1,0.15,0.021338858361750847,0.02235614303568854,0.03293929111634238,0.10302097442259059,0.08625136949659369,0.13795685951229295,1.9427038144515174,50.779217856336544,False,0.016691539967607017,False,True,
signature_stationary_mixed_nuisance,14114,full,pre_shift,60,0.12,0.1,0.15,0.035704416144346794,0.00027709995058525667,0.002286030739240465,0.0961621923014467,0.0857432782912463,0.13325719373797057,2.3479156007194524,46.007589066197234,False,0.1100942904537241,False,True,
signature_stationary_mixed_nuisance,14115,full,pre_shift,60,0.12,0.1,0.15,0.018539095246810453,0.018332570080143325,-0.010428432566848563,0.09422746155639533,0.08535082453916155,0.13487680596917284,2.5103269553752465,45.370283321242965,False,0.06058357007489354,False,True,
signature_stationary_mixed_nuisance,14116,full,pre_shift,60,0.12,0.1,0.15,-0.007414978997998407,0.026585383083479543,0.006302810496959533,0.09888138167798396,0.08239318136990177,0.13469838936276213,2.7112816882400916,51.10151039360627,False,0.006521914363571277,False,True,
signature_stationary_mixed_nuisance,14117,full,pre_shift,60,0.12,0.1,0.15,0.0016734242784609728,0.05630363271994382,-0.01561730184575251,0.09518361246847973,0.08961781136088404,0.13826628368046334,2.624074687663348,26.875538482823075,False,0.08297646705196787,False,True,
signature_stationary_mixed_nuisance,14118,full,pre_shift,60,0.12,0.1,0.15,-0.008070397323965047,0.02652324823490672,0.008276637537391548,0.10494229210381874,0.09121953151910604,0.13552248539078887,2.990298101869989,68.07523212966132,False,0.041232045398459885,False,True,
signature_stationary_mixed_nuisance,14119,full,pre_shift,60,0.12,0.1,0.15,0.036486100147840886,-0.0005931586142635517,0.06098265222636708,0.10169067941804277,0.08321076438040614,0.14068165307370706,1.7150364404388025,18.878249857977597,False,0.06563021693374518,False,True,
signature_stationary_mixed_nuisance,14120,full,pre_shift,60,0.12,0.1,0.15,0.043961753068999014,0.027839356675662275,0.031263529010629065,0.10342784745356713,0.08906991755821728,0.1445334852221929,1.6469080507515785,24.830023733826163,False,0.019583804233890584,False,True,
signature_stationary_mixed_nuisance,14121,full,pre_shift,60,0.12,0.1,0.15,0.0369343626336879,0.027218067116602195,0.031703717815927984,0.1068221175650444,0.0879510728535319,0.13745792070984822,1.6934141976103219,30.15007765665992,False,0.13326699379295806,False,True,
signature_stationary_mixed_nuisance,14122,full,pre_shift,60,0.12,0.1,0.15,0.017499027023140924,0.039764428490367626,-0.018948788507676707,0.09437084271010769,0.08567434051090213,0.13097851126239105,2.3360216069972,13.148131079798825,False,0.12695709342892203,False,True,
signature_stationary_mixed_nuisance,14123,full,pre_shift,60,0.12,0.1,0.15,0.012349001178352841,0.04070060322639206,0.0060225752961235645,0.09510239459707726,0.08787121773094131,0.13679845258461373,2.12433314947751,23.151952192874557,False,0.06622870625314609,False,True,
signature_stationary_mixed_nuisance,14124,full,pre_shift,60,0.12,0.1,0.15,0.0306381836532849,0.029777802280082977,0.05687847015499439,0.09868659143629001,0.08594380217526366,0.1432230826906481,1.3707503546443718,0.553650932378444,False,0.041170879873577496,False,True,
signature_stationary_mixed_nuisance,14125,full,pre_shift,60,0.12,0.1,0.15,0.03223664020135795,0.02726678304926708,0.03972470545163544,0.10028429065718772,0.08625676182209004,0.13859249743964264,1.5551012313866919,24.219963339982645,False,0.09979738809981609,False,True,
signature_stationary_mixed_nuisance,14126,full,pre_shift,60,0.12,0.1,0.15,0.02960117135498032,0.03001022044764421,0.050204772155298664,0.10814503890103772,0.08875048631924924,0.13522082945462013,1.5682758387503581,20.64765942465897,False,0.020500014317065746,False,True,
signature_stationary_mixed_nuisance,14127,full,pre_shift,60,0.12,0.1,0.15,0.03281342963232757,0.020380530153125152,0.022686949906912758,0.09711996659354659,0.08607931408317675,0.134771184280163,1.7700548147968247,22.37652143692873,False,0.10059394240306348,False,True,
signature_stationary_mixed_nuisance,14128,full,pre_shift,60,0.12,0.1,0.15,0.011337542099491019,0.048715903147815154,0.03640539312978556,0.10011642944949152,0.08629527717632639,0.14401290861264787,1.798692130257627,0.2986921302576271,False,0.06477638341147854,False,True,
signature_stationary_mixed_nuisance,14129,full,pre_shift,60,0.12,0.1,0.15,0.022854242667737248,0.022495784510469897,0.030744827912912824,0.09965329551647273,0.08241406463536162,0.13405167566534743,1.772338768057988,11.898918726185675,False,0.031084090707871753,False,True,
signature_stationary_mixed_nuisance,14130,full,pre_shift,60,0.12,0.1,0.15,0.027299149116182926,0.0020177048692638236,0.003392221177745711,0.09597739956235415,0.08153659014084792,0.1347310675657036,2.366104876374497,35.025844971415175,False,0.016202235848187977,False,True,
signature_stationary_mixed_nuisance,14101,full,pre_shift,61,-0.2,0.0,-0.2,-0.06869938823976703,0.027341527466015668,-0.07933102295098345,-0.15578414966808804,0.009301438924257376,-0.19398231896876098,1.7652743013003513,5.914239836975611,False,0.0408544561637954,False,True,
signature_stationary_mixed_nuisance,14102,full,pre_shift,61,-0.2,0.0,-0.2,-0.1077807839436394,0.02541048665444489,-0.07391995439684801,-0.164929719149453,0.004974958186182636,-0.1957408291940505,1.3636234057499388,18.288258007279406,False,0.014836567553186296,False,True,
signature_stationary_mixed_nuisance,14103,full,pre_shift,61,-0.2,0.0,-0.2,-0.0664643068803123,0.012196203817490894,-0.023701839420481655,-0.15988080883207226,0.0037367862748637825,-0.1970266962234101,2.9302108655811985,39.272710003559126,False,0.03488071708333914,False,True,
signature_stationary_mixed_nuisance,14104,full,pre_shift,61,-0.2,0.0,-0.2,-0.07782536559526047,0.01681291851350941,-0.061665263566842356,-0.16638701681446635,0.00167434969705846,-0.20225556581614085,2.196961964607533,25.123916349820295,False,0.028357249935011222,False,True,
signature_stationary_mixed_nuisance,14105,full,pre_shift,61,-0.2,0.0,-0.2,-0.04551737443283248,0.013326886727068625,-0.044415238839230715,-0.1563432748329524,0.006363230062445484,-0.19374654405165365,2.862769422242025,32.16487575488462,False,0.02898220368169499,False,True,
signature_stationary_mixed_nuisance,14106,full,pre_shift,61,-0.2,0.0,-0.2,-0.06803999363500941,0.025602824722169435,-0.08707028971600078,-0.16311936871326388,0.00367277997988164,-0.19683125188112835,1.889040320957122,7.798529983621165,False,0.040522676434050504,False,True,
signature_stationary_mixed_nuisance,14107,full,pre_shift,61,-0.2,0.0,-0.2,-0.06892591480626764,0.010725243386179096,-0.04269640211869362,-0.15626562423823462,0.008203942956860815,-0.1961107332683689,2.383178624635701,21.270686321230393,False,0.02840283790877909,False,True,
signature_stationary_mixed_nuisance,14108,full,pre_shift,61,-0.2,0.0,-0.2,-0.057063367151778975,0.020599941854055864,-0.059588347414751504,-0.15711675145666726,0.008965731960267922,-0.20067168650481096,2.453833376115407,51.162072380654585,False,0.01886002778972909,False,True,
signature_stationary_mixed_nuisance,14109,full,pre_shift,61,-0.2,0.0,-0.2,-0.05332753446180345,0.013950810037516668,-0.09082583095693347,-0.15968752371217473,0.0029764281004660705,-0.2034566862997607,2.1552847832933284,10.188081604363774,False,0.07190511761608676,False,True,
signature_stationary_mixed_nuisance,14110,full,pre_shift,61,-0.2,0.0,-0.2,-0.06719024269248623,0.021749987552595537,-0.08970625843451788,-0.16049906979372444,0.006340191459150103,-0.19895081855411959,1.8123943468099215,19.62836717336526,False,0.042653999604830434,False,True,
signature_stationary_mixed_nuisance,14111,full,pre_shift,61,-0.2,0.0,-0.2,-0.04775905841678883,0.012567516417717018,-0.05371982593536543,-0.15521038743115695,0.008090309014903076,-0.20131408581502344,2.7404370966205804,55.16557898193326,False,0.05679661754257999,False,True,
signature_stationary_mixed_nuisance,14112,full,pre_shift,61,-0.2,0.0,-0.2,-0.09912322094251307,0.008235761226952054,-0.07018856496206122,-0.17102695702811954,-0.00020609672510012926,-0.19850528787599492,1.6508565059912879,8.81542604741003,False,0.024182457307116385,False,True,
signature_stationary_mixed_nuisance,14113,full,pre_shift,61,-0.2,0.0,-0.2,-0.053458284046372366,-0.0008332112181866887,-0.018249011535063725,-0.1573202357949832,0.00575730157061352,-0.19427343413065182,3.2315869859968918,52.510804842333435,False,0.016481718060057424,False,True,
signature_stationary_mixed_nuisance,14114,full,pre_shift,61,-0.2,0.0,-0.2,-0.05026000743469802,0.0027320788025593967,-0.04552148711402491,-0.1587125414990056,0.005396874700610855,-0.20513533538117196,2.9965104486196243,47.50409951481686,False,0.04572470310421126,False,True,
signature_stationary_mixed_nuisance,14115,full,pre_shift,61,-0.2,0.0,-0.2,-0.06892144184244697,0.011959453666340629,-0.05662734594379443,-0.1560045438854835,0.006581021794620439,-0.19890144769587995,2.174138121049445,46.04442144229241,False,0.05605088691428152,False,True,
signature_stationary_mixed_nuisance,14116,full,pre_shift,61,-0.2,0.0,-0.2,-0.040419573132406406,0.028245225770751354,-0.09461547098170064,-0.1514904551835582,0.005721882704070078,-0.1950459970773475,2.1617429455926644,51.76325333919893,False,0.028554747414210983,False,True,
signature_stationary_mixed_nuisance,14117,full,pre_shift,61,-0.2,0.0,-0.2,-0.07609757208298519,0.009832819236900861,-0.09309311401231969,-0.15612086309689327,0.007552855520881067,-0.19801516781044823,1.4521687207866432,26.82770720360972,False,0.030019165201081593,False,True,
signature_stationary_mixed_nuisance,14118,full,pre_shift,61,-0.2,0.0,-0.2,-0.04787387650059748,0.0018884443811093437,-0.053345354189631926,-0.15383144263951393,0.006179925518404728,-0.20093532004144973,2.7019902879104865,69.2772224175718,False,0.017728583611258453,False,True,
signature_stationary_mixed_nuisance,14119,full,pre_shift,61,-0.2,0.0,-0.2,-0.05720438661035271,0.00896927287051858,-0.05338126402143345,-0.1538567795343665,0.007996129397685852,-0.20275318978986165,2.508419668763606,19.8866695267412,False,0.03139171609274384,False,True,
signature_stationary_mixed_nuisance,14120,full,pre_shift,61,-0.2,0.0,-0.2,-0.06424371780910446,-0.01891476774126514,-0.006450698709783027,-0.16104598619092322,-0.005680173043287458,-0.19795925646178714,3.431494308739854,26.761518042566017,False,0.014678396645919307,False,True,
signature_stationary_mixed_nuisance,14121,full,pre_shift,61,-0.2,0.0,-0.2,-0.06544541561217805,-0.01277616997271412,-0.030718558249560254,-0.15693662365201208,0.0015497964340337705,-0.20450253004688884,2.911901934517481,31.5619795911774,False,0.014662193368253423,False,True,
signature_stationary_mixed_nuisance,14122,full,pre_shift,61,-0.2,0.0,-0.2,-0.06909665954063586,0.019886076512532082,-0.13706267364726207,-0.15654255126269778,0.00582182989727774,-0.2028556331991778,1.2060661112835058,12.854197191082331,False,0.02508721136533688,False,True,
signature_stationary_mixed_nuisance,14123,full,pre_shift,61,-0.2,0.0,-0.2,-0.06670532209243989,0.017000192097936854,-0.05297068815193941,-0.1567898614255231,0.005319023744625367,-0.19540382978005658,2.253818248020813,23.90577044089537,False,0.018124214891961234,False,True,
signature_stationary_mixed_nuisance,14124,full,pre_shift,61,-0.2,0.0,-0.2,-0.08614685065240468,0.019958260038489963,-0.09904296205062489,-0.15566254051391326,0.008881704461795873,-0.20128922701789753,1.2428875499551022,0.2965384823335462,False,0.030764269551843318,False,True,
signature_stationary_mixed_nuisance,14125,full,pre_shift,61,-0.2,0.0,-0.2,-0.06636546650412514,-0.005965453310438763,-0.010804443269720555,-0.15404361527125596,0.006369850888798428,-0.1986637671944088,3.1443744069425885,25.864337746925234,False,0.010060236180953681,False,True,
signature_stationary_mixed_nuisance,14126,full,pre_shift,61,-0.2,0.0,-0.2,-0.06821760002512112,0.005823900363081069,-0.05623989877245035,-0.1599738972971573,0.0030133064978275547,-0.2009571767094103,2.3126591028471095,21.46031852750608,False,0.04702655584754875,False,True,
signature_stationary_mixed_nuisance,14127,full,pre_shift,61,-0.2,0.0,-0.2,-0.08136327111000477,0.01400777553071751,-0.08158719829381039,-0.15832236501790883,0.006538396916088562,-0.19966910828565376,1.5836583618577034,22.460179798786434,False,0.02049065773796539,False,True,
signature_stationary_mixed_nuisance,14128,full,pre_shift,61,-0.2,0.0,-0.2,-0.09178141982895965,0.014221655203740143,-0.06806191444472343,-0.15843886707349894,0.0036655994917040766,-0.19438251054388334,1.5386441760422231,0.33733630629985023,False,0.01636065630429083,False,True,
signature_stationary_mixed_nuisance,14129,full,pre_shift,61,-0.2,0.0,-0.2,-0.10090741086322831,0.02209872487766637,-0.08862018868699739,-0.16432144622048886,0.0006395786831630171,-0.19477974041788332,1.237564985717389,11.636483711903065,False,0.019688762845455978,False,True,
signature_stationary_mixed_nuisance,14130,full,pre_shift,61,-0.2,0.0,-0.2,-0.07334988402657705,0.017594776395476935,-0.08353901765677672,-0.16890724805146073,-0.005039304739755732,-0.19664439790381744,1.9488498181930483,35.47469478960822,False,0.011958770462676198,False,True,
signature_stationary_mixed_nuisance,14101,full,pre_shift,62,-0.2,0.0,0.2,-0.09743125048168838,-0.005293248918412301,0.08753216083307822,-0.15092839239706934,0.013810445585774959,0.18086066902996883,0.9321868017137863,5.3464266386893975,False,0.016916113880784678,False,True,
signature_stationary_mixed_nuisance,14102,full,pre_shift,62,-0.2,0.0,0.2,-0.08888280500779733,0.008511803024439558,0.01350493545317168,-0.1537136830964471,0.00799966286529713,0.18482215376290856,2.3507755223837763,19.139033529663184,False,0.04034929865041794,False,True,
signature_stationary_mixed_nuisance,14103,full,pre_shift,62,-0.2,0.0,0.2,-0.07388139737607641,-0.010674629817132205,0.07319970471292886,-0.1465727858795566,0.0071434419723524645,0.18352421809910013,1.4376375189955846,39.21034752255471,False,0.01769241718423797,False,True,
signature_stationary_mixed_nuisance,14104,full,pre_shift,62,-0.2,0.0,0.2,-0.07538262053219069,-1.9359594214400512e-05,0.06247110456399386,-0.15983453427035416,0.0005176279060079319,0.17626371828592216,1.6685216554767084,25.292438005297004,False,0.016335527387173733,False,True,
signature_stationary_mixed_nuisance,14105,full,pre_shift,62,-0.2,0.0,0.2,-0.08088880416817867,0.003145788281491793,0.08700122664472405,-0.1500275552605735,0.010007873094257352,0.18087856369011152,1.1281103349998431,31.79298608988446,False,0.02622960017604733,False,True,
signature_stationary_mixed_nuisance,14106,full,pre_shift,62,-0.2,0.0,0.2,-0.09999275963378278,-0.006943818808629935,0.060266496208842626,-0.1608581328537826,0.0038186177841734574,0.17808089479805306,1.329075852810884,7.627605836432049,False,0.025062005518310074,False,True,
signature_stationary_mixed_nuisance,14107,full,pre_shift,62,-0.2,0.0,0.2,-0.07332272237520243,0.009904950014459771,0.03897720789517286,-0.1495061921460393,0.012469318569058578,0.18766652829652786,2.0883646016034425,21.859050922833834,False,0.03963720222043996,False,True,
signature_stationary_mixed_nuisance,14108,full,pre_shift,62,-0.2,0.0,0.2,-0.06896602191692486,-0.004441479361902728,0.03519949510498517,-0.14823128013944023,0.010054025113458136,0.18020431910804455,2.1025346222981445,51.76460700295273,False,0.02688342406020836,False,True,
signature_stationary_mixed_nuisance,14109,full,pre_shift,62,-0.2,0.0,0.2,-0.06981680674770033,-0.012220992088124593,0.04417145129094194,-0.15177720904245115,0.0025669741206899746,0.1783338823400642,1.9655265179258485,10.653608122289622,False,0.045258346883455515,False,True,
signature_stationary_mixed_nuisance,14110,full,pre_shift,62,-0.2,0.0,0.2,-0.06523253496921547,0.004568761744349169,0.022287845552338786,-0.15557464867882656,0.006849161773471157,0.18270722775870396,2.599376300378611,20.72774347374387,False,0.020266394208162224,False,True,
signature_stationary_mixed_nuisance,14111,full,pre_shift,62,-0.2,0.0,0.2,-0.06456834180781283,-0.0010644852186436813,0.008690136812846378,-0.15304971105799936,0.00939324584495332,0.178993823512651,2.7773067310226636,56.44288571295592,False,0.04348814556674743,False,True,
signature_stationary_mixed_nuisance,14112,full,pre_shift,62,-0.2,0.0,0.2,-0.07907138291828993,-0.0024829058688224325,0.04594116637560699,-0.16303612600518608,-0.0005977677691261826,0.18554492732874636,2.069516868849821,9.38494291625985,False,0.021931525642808047,False,True,
signature_stationary_mixed_nuisance,14113,full,pre_shift,62,-0.2,0.0,0.2,-0.07013684933146981,-0.015002652209523593,0.04432384829717636,-0.1475542483058394,0.008728831767241194,0.18301453443662888,1.996765588620475,53.00757043095391,False,0.02743679059275576,False,True,
signature_stationary_mixed_nuisance,14114,full,pre_shift,62,-0.2,0.0,0.2,-0.07336119306755971,-0.0023481971110565895,0.026310222752269675,-0.15944176443114136,0.007973443996065687,0.17286617861985715,2.2536916072198467,48.25779112203671,False,0.042247832601680746,False,True,
signature_stationary_mixed_nuisance,14115,full,pre_shift,62,-0.2,0.0,0.2,-0.0630566702151526,0.0078120812141533056,0.02361501263652521,-0.1454557255094214,0.010848969361310036,0.183055713139892,2.4155274157002107,46.95994885799262,False,0.016582618714771492,False,True,
signature_stationary_mixed_nuisance,14116,full,pre_shift,62,-0.2,0.0,0.2,-0.05103754402950034,0.01209668428727741,0.008954871195957772,-0.1450457733355246,0.009934296816546546,0.18542856353256876,3.0212028289564885,53.28445616815542,False,0.015302065412510637,False,True,
signature_stationary_mixed_nuisance,14117,full,pre_shift,62,-0.2,0.0,0.2,-0.07106382128136252,0.00605520984125985,0.03829752391266167,-0.1469878171887472,0.009377999972971063,0.18838032271333333,2.1106824601710175,27.438389663780736,False,0.02590265955004623,False,True,
signature_stationary_mixed_nuisance,14118,full,pre_shift,62,-0.2,0.0,0.2,-0.03480839917929595,-0.0035592698154903566,0.01483539803702107,-0.14518616927022687,0.008226661530139939,0.1839449094381349,3.280630195873671,71.05785261344548,False,0.03986870649719346,False,True,
signature_stationary_mixed_nuisance,14119,full,pre_shift,62,-0.2,0.0,0.2,-0.07691803735558456,-0.008716460834040736,0.06951422376466206,-0.14577356000923117,0.011099207347033185,0.18035314284143616,1.3897700421292518,19.776439568870455,False,0.014577778873864713,False,True,
signature_stationary_mixed_nuisance,14120,full,pre_shift,62,-0.2,0.0,0.2,-0.09152218768083653,-0.013725977130496666,0.06793295298203023,-0.15886926374085164,-0.0025793897880106334,0.18947351421375014,1.4867561092070638,26.74827415177308,False,0.029707952679525446,False,True,
signature_stationary_mixed_nuisance,14121,full,pre_shift,62,-0.2,0.0,0.2,-0.06761676754791757,-0.01953067597539575,0.0405144549558209,-0.14601704180170347,0.002536107580087891,0.1775983139739323,1.978946616032948,32.04092620721035,False,0.01417716339942246,False,True,
signature_stationary_mixed_nuisance,14122,full,pre_shift,62,-0.2,0.0,0.2,-0.07844174026954209,0.009011584678276896,0.008110257647098645,-0.1544917412183027,0.007855956784119607,0.17859408714479189,2.5214795216067167,13.875676712689048,False,0.034105292959228116,False,True,
signature_stationary_mixed_nuisance,14123,full,pre_shift,62,-0.2,0.0,0.2,-0.09760883932549973,-0.01416175179266915,0.08741304029899907,-0.15057625446564973,0.008450829151036598,0.18314860303885647,0.9738118900129801,23.37958233090835,False,0.02470499981330089,False,True,
signature_stationary_mixed_nuisance,14124,full,pre_shift,62,-0.2,0.0,0.2,-0.0893656623332626,0.012241402238017889,0.039972136334907114,-0.14799020327892579,0.011433539146480627,0.18751419832566185,1.7814425178567375,0.5779810001902836,False,0.0192476826711248,False,True,
signature_stationary_mixed_nuisance,14125,full,pre_shift,62,-0.2,0.0,0.2,-0.0869830364910102,-0.012972697657976952,0.06408169222462148,-0.1475364566624748,0.009044710591276026,0.18479652739828784,1.4153846782979074,25.77972242522314,False,0.05196960013978111,False,True,
signature_stationary_mixed_nuisance,14126,full,pre_shift,62,-0.2,0.0,0.2,-0.07975316059502309,-0.016850915011610648,0.044847015405658885,-0.15198475942944628,0.002522489361977254,0.18063942887482975,1.8316292927620668,21.791947820268145,False,0.019230208379448912,False,True,
signature_stationary_mixed_nuisance,14127,full,pre_shift,62,-0.2,0.0,0.2,-0.08598399279626463,0.01318077319916787,0.008331423824259705,-0.15419517336940217,0.008403597553887244,0.18264318968008986,2.472399828901713,23.43257962768815,False,0.04250079962315579,False,True,
signature_stationary_mixed_nuisance,14128,full,pre_shift,62,-0.2,0.0,0.2,-0.08838474237857277,-0.00514240769804241,0.08867189809773629,-0.14577943142915226,0.00759528431258791,0.19518719650278868,1.1223352339236239,0.0,False,0.023363909576168657,False,True,
signature_stationary_mixed_nuisance,14129,full,pre_shift,62,-0.2,0.0,0.2,-0.0706139458999334,-0.0017472457944155925,0.026695806622432573,-0.15675865145113418,0.0016850071803107386,0.18561586030899044,2.4813362437720166,12.617819955675081,False,0.07584478678845898,False,True,
signature_stationary_mixed_nuisance,14130,full,pre_shift,62,-0.2,0.0,0.2,-0.0623600637761925,-0.003786494303277735,0.06312070216185663,-0.1596356635146211,-0.0038349856442696714,0.18340355009932863,2.0460120317782575,36.02070682138648,False,0.02947954489391101,False,True,
signature_stationary_mixed_nuisance,14101,full,pre_shift,63,0.12,-0.1,-0.15,0.03356142522811184,-0.026100326287096142,-0.043357412549974765,0.10191896781900286,-0.07496100672907977,-0.13169473677533797,1.3167156315004458,5.1631422701898435,False,0.030742756545771875,False,True,
signature_stationary_mixed_nuisance,14102,full,pre_shift,63,0.12,-0.1,-0.15,0.03857843008829997,-0.02781585050125008,-0.006469506727730936,0.09875293702345549,-0.0836685614298502,-0.1311685474858006,1.7584911423555558,19.39752467201874,False,0.09501369397224928,False,True,
signature_stationary_mixed_nuisance,14103,full,pre_shift,63,0.12,-0.1,-0.15,0.01098664573024395,-0.027699612656228167,-0.024914360699996637,0.09745835183661142,-0.08452780083712202,-0.1305522001613928,1.9554071122472487,39.665754634801964,False,0.03775975403386297,False,True,
signature_stationary_mixed_nuisance,14104,full,pre_shift,63,0.12,-0.1,-0.15,0.008330997810403893,-0.033192829902438534,-0.025549834194080585,0.09952615936510273,-0.08409316531230875,-0.13650939913630983,2.047721224578677,25.84015922987568,False,0.023059154688550465,False,True,
signature_stationary_mixed_nuisance,14105,full,pre_shift,63,0.12,-0.1,-0.15,0.011041514337560732,-0.025273942815616703,-0.046458061018190375,0.10106249871996405,-0.08497835356242069,-0.1368420231212502,1.8705210977822029,32.16350718766667,False,0.11584772388984903,False,True,
signature_stationary_mixed_nuisance,14106,full,pre_shift,63,0.12,-0.1,-0.15,0.056152844129299856,-0.03007411575948907,0.002601163181018592,0.10893445549665742,-0.08082263561737195,-0.13248634726065175,1.7547701839425638,7.882376020374613,False,0.05983776481262091,False,True,
signature_stationary_mixed_nuisance,14107,full,pre_shift,63,0.12,-0.1,-0.15,0.030957122675954546,-0.04114890707514574,-0.033606047059464135,0.10453120724424854,-0.08189643905664735,-0.13142390912871338,1.427062488392285,21.78611341122612,False,0.06736632511776124,False,True,
signature_stationary_mixed_nuisance,14108,full,pre_shift,63,0.12,-0.1,-0.15,0.006227958967505433,-0.030200617952790113,-0.036421730141132105,0.09817812818452362,-0.08298153160727101,-0.13637488132740885,1.9454365678305292,52.210043570783256,False,0.03193892762321917,False,True,
signature_stationary_mixed_nuisance,14109,full,pre_shift,63,0.12,-0.1,-0.15,0.0634862045965953,-0.022807251909292742,-0.05708059363170287,0.10854315024626512,-0.08679731637564858,-0.1334406157107944,1.0794520191798986,10.23306014146952,False,0.16807270525222548,False,True,
signature_stationary_mixed_nuisance,14110,full,pre_shift,63,0.12,-0.1,-0.15,0.03139800331883069,-0.030007515550684163,-0.054315469209810875,0.10111565632431636,-0.08908109588258628,-0.13680739378686319,1.4012154553056853,20.628958929049556,False,0.0208118996700021,False,True,
signature_stationary_mixed_nuisance,14111,full,pre_shift,63,0.12,-0.1,-0.15,0.025936130159203458,-0.029230105702910656,-0.0325127436158739,0.1051951626750971,-0.07864560798412862,-0.1360495086651595,1.694165016861186,56.637050729817105,False,0.0743793733241676,False,True,
signature_stationary_mixed_nuisance,14112,full,pre_shift,63,0.12,-0.1,-0.15,0.0377222514260669,-0.024453441580642134,-0.05033212672606933,0.09875155073216683,-0.08091699339036927,-0.13300318795873214,1.2337769828831968,9.118719899143048,False,0.036969167879768144,False,True,
signature_stationary_mixed_nuisance,14113,full,pre_shift,63,0.12,-0.1,-0.15,0.05230944081084599,-0.015498186201471384,0.03558503074712651,0.11108426753554909,-0.08190126736926069,-0.1330050072536116,2.686679401322301,54.19424983227621,False,0.13588416906499623,False,True,
signature_stationary_mixed_nuisance,14114,full,pre_shift,63,0.12,-0.1,-0.15,0.03344075415452794,-0.02655472585192238,-0.049198800076175574,0.10382988737531454,-0.08771342513675788,-0.13219248121599023,1.4507727628388254,48.20856388487553,False,0.01844484492772463,False,True,
signature_stationary_mixed_nuisance,14115,full,pre_shift,63,0.12,-0.1,-0.15,0.007219328557491677,-0.029149108029863296,-0.02491978673472484,0.09783504093646067,-0.08164902019002249,-0.13207405161347457,2.0053256082826323,47.465274466275254,False,0.03289469169675426,False,True,
signature_stationary_mixed_nuisance,14116,full,pre_shift,63,0.12,-0.1,-0.15,0.03607895076790083,-0.031771079680532124,-0.02155067561242643,0.10270209244861006,-0.0886935756113063,-0.12988030198688374,1.6341327225248319,53.418588890680255,False,0.004546505258725492,False,True,
signature_stationary_mixed_nuisance,14117,full,pre_shift,63,0.12,-0.1,-0.15,0.011797343728742034,-0.03898270811797416,-0.04004562864241568,0.10169932496162387,-0.08198239249525456,-0.13576495148002884,1.7387831525000772,27.677172816280812,False,0.011235455452179943,False,True,
signature_stationary_mixed_nuisance,14118,full,pre_shift,63,0.12,-0.1,-0.15,0.04021471205534959,-0.031986618374261096,-0.024319609511919936,0.10425039776669319,-0.07570001847101179,-0.1337465192879623,1.4487615542136882,71.00661416765917,False,0.23622943945473482,False,True,
signature_stationary_mixed_nuisance,14119,full,pre_shift,63,0.12,-0.1,-0.15,0.019992702198049078,-0.027334345001666246,-0.04936806825247559,0.10173838207796075,-0.08131950023142191,-0.1272563200113511,1.5069099247704694,19.783349493640923,False,0.03708339866683944,False,True,
signature_stationary_mixed_nuisance,14120,full,pre_shift,63,0.12,-0.1,-0.15,0.06467141479591254,-0.03275414238650359,-0.009570063610026401,0.11127696905904445,-0.08872358735734676,-0.12335564769337434,1.4233330962459403,26.671607248019022,False,0.024590771779845977,False,True,
signature_stationary_mixed_nuisance,14121,full,pre_shift,63,0.12,-0.1,-0.15,0.028736226436945806,-0.037283602331933896,-0.0013600337287530855,0.1071195575466967,-0.07740960144815569,-0.13508862014239056,2.021623731065764,32.56254993827611,False,0.15059545487656503,False,True,
signature_stationary_mixed_nuisance,14122,full,pre_shift,63,0.12,-0.1,-0.15,0.04244330776272688,-0.03302389301599881,-0.051176211148562675,0.10641635189452638,-0.08019204415537194,-0.1346700729462934,1.1726463347901805,13.548323047479228,False,0.034516308505684726,False,True,
signature_stationary_mixed_nuisance,14123,full,pre_shift,63,0.12,-0.1,-0.15,0.007980786751900181,-0.03768368181868901,-0.023608333820816774,0.1027750203923514,-0.0803910013640029,-0.13623790046869869,2.062527021932836,23.942109352841186,False,0.14402221918699504,False,True,
signature_stationary_mixed_nuisance,14124,full,pre_shift,63,0.12,-0.1,-0.15,0.04550473222605925,-0.034431576412224066,-0.010955419980327754,0.10401375596832686,-0.08181646628439285,-0.12735694313880505,1.5097740022914452,0.5877550024817288,False,0.041810591438714316,False,True,
signature_stationary_mixed_nuisance,14125,full,pre_shift,63,0.12,-0.1,-0.15,0.04727422877073525,-0.03346360202306901,-0.02878535960342806,0.11063079526808119,-0.08531186066651913,-0.13147821681273109,1.4413632389163498,25.72108566413949,False,0.032947116505605265,False,True,
signature_stationary_mixed_nuisance,14126,full,pre_shift,63,0.12,-0.1,-0.15,0.060797165577591405,-0.018164694738018215,-0.015101100133027998,0.10793386142911855,-0.07856880065191042,-0.14014441299631109,1.6590354556488023,21.950983275916947,False,0.02976767646903991,False,True,
signature_stationary_mixed_nuisance,14127,full,pre_shift,63,0.12,-0.1,-0.15,0.03779663642361049,-0.030216666433777337,-0.02921801375276488,0.1045325540482645,-0.08173133950632418,-0.13420593500270858,1.5179849085451635,23.450564536233312,False,0.015911425799808032,False,True,
signature_stationary_mixed_nuisance,14128,full,pre_shift,63,0.12,-0.1,-0.15,0.03939405232944987,-0.03486602868678963,-0.004920361816580781,0.10315047102558177,-0.08365605555630609,-0.12553948989303637,1.663586591361434,0.16358659136143405,False,0.11143040546868507,False,True,
signature_stationary_mixed_nuisance,14129,full,pre_shift,63,0.12,-0.1,-0.15,0.036291465541624136,-0.02129332195710963,-0.04572437136337282,0.09514744156296917,-0.08234548618827085,-0.13223440109680987,1.3126589099127133,12.430478865587794,False,0.022724229776238804,False,True,
signature_stationary_mixed_nuisance,14130,full,pre_shift,63,0.12,-0.1,-0.15,-0.004376462850534522,-0.018750102977062588,-0.050090764795103326,0.09337025726592642,-0.08345727004031382,-0.13758913349357557,2.093800066511847,36.61450688789833,False,0.026758865281217903,False,True,
signature_stationary_mixed_nuisance,14101,full,pre_shift,64,0.12,0.1,0.15,0.027428338259954273,0.003833183760787332,0.017813277426373692,0.0965367154499828,0.08678925435572558,0.1328949279254621,2.1875690532453858,5.850711323435229,False,0.06314552471685231,False,True,
signature_stationary_mixed_nuisance,14102,full,pre_shift,64,0.12,0.1,0.15,0.025125985579798726,0.015585841633681768,0.02756524645227977,0.10169905639545745,0.08206691426430324,0.13473463107027323,1.9173761158736504,19.81490078789239,False,0.05200065637265108,False,True,
signature_stationary_mixed_nuisance,14103,full,pre_shift,64,0.12,0.1,0.15,0.03392160948392665,0.006796023883261129,-0.0014507192070323696,0.09941865419072313,0.08396595949523752,0.1381444889846792,2.403188321575546,40.56894295637751,False,0.1943732887715511,False,True,
signature_stationary_mixed_nuisance,14104,full,pre_shift,64,0.12,0.1,0.15,0.04039608545602554,0.013146464539055498,0.027329244341712,0.09668802909777524,0.08604827556643051,0.13604610746546447,1.726276862232672,26.066436092108354,False,0.02948328491703671,False,True,
signature_stationary_mixed_nuisance,14105,full,pre_shift,64,0.12,0.1,0.15,0.016702140968691218,0.016732569281301804,0.005486925674186814,0.09430747654356784,0.08674518055677362,0.12977803446704628,2.239862955285159,32.90337014295183,False,0.025320094596965617,False,True,
signature_stationary_mixed_nuisance,14106,full,pre_shift,64,0.12,0.1,0.15,0.02223974205937422,0.034754949223654984,0.04778182512955231,0.09965314300985666,0.08913299001745852,0.1364481075810882,1.5327674543505678,7.9151434747251805,False,0.04247271479842948,False,True,
signature_stationary_mixed_nuisance,14107,full,pre_shift,64,0.12,0.1,0.15,0.022604257576282243,0.030282182592524066,0.05240777263796743,0.09809286446816459,0.08658944529370229,0.13829715682258883,1.4955258214041633,21.781639232630283,False,0.0680481005180653,False,True,
signature_stationary_mixed_nuisance,14108,full,pre_shift,64,0.12,0.1,0.15,0.02049449715536011,0.0008535951787425292,-0.008733155925340455,0.09553821511418023,0.08368113264254017,0.13472629673111386,2.74377160912559,53.453815179908844,False,0.016194462060835916,False,True,
signature_stationary_mixed_nuisance,14109,full,pre_shift,64,0.12,0.1,0.15,0.058131652402104154,0.040144891031370006,0.06816689863401441,0.10741149745354532,0.08354213840927975,0.13411705868659993,0.7727357666618007,9.505795908131322,False,0.4137714298371259,False,True,
signature_stationary_mixed_nuisance,14110,full,pre_shift,64,0.12,0.1,0.15,0.028263409716935594,0.03160784203827737,0.03457145585826073,0.10209846278232168,0.08563133354470678,0.13555770337746448,1.610153084438612,20.739112013488167,False,0.019838192240092898,False,True,
signature_stationary_mixed_nuisance,14111,full,pre_shift,64,0.12,0.1,0.15,0.02555568733425792,0.018220453847228774,-0.014387807592264117,0.09552625108903712,0.08598337717158164,0.13258016841646222,2.4509636269505517,57.58801435676766,False,0.031686589526423004,False,True,
signature_stationary_mixed_nuisance,14112,full,pre_shift,64,0.12,0.1,0.15,0.027087829143082297,0.024943822981228676,0.0534781661895941,0.1021121185117527,0.08764804348951667,0.1359744680245784,1.540491245253827,9.159211144396876,False,0.04829562808455197,False,True,
signature_stationary_mixed_nuisance,14113,full,pre_shift,64,0.12,0.1,0.15,0.020362796264043158,0.019715552871535556,0.0311388698765195,0.10302097442259059,0.08625136949659369,0.13795685951229295,2.0259043721243772,54.72015420440059,False,0.030743962023147893,False,True,
signature_stationary_mixed_nuisance,14114,full,pre_shift,64,0.12,0.1,0.15,0.034612306073373976,0.0024427806545358997,-0.005624857258372281,0.0961621923014467,0.0857432782912463,0.13325719373797057,2.4529531393755666,49.1615170242511,False,0.16061564233007591,False,True,
signature_stationary_mixed_nuisance,14115,full,pre_shift,64,0.12,0.1,0.15,0.020186201791555086,0.016105646795645745,-0.010555368817491152,0.09422746155639533,0.08535082453916155,0.13487680596917284,2.5189513593207598,48.48422582559601,False,0.038074482033073676,False,True,
signature_stationary_mixed_nuisance,14116,full,pre_shift,64,0.12,0.1,0.15,-0.007908861145703678,0.0262279650141595,0.00916849028852921,0.09888138167798396,0.08239318136990177,0.13469838936276213,2.6830562059633007,54.60164509664356,False,0.013033461029242664,False,True,
signature_stationary_mixed_nuisance,14117,full,pre_shift,64,0.12,0.1,0.15,0.0009999515860876496,0.05425643019696507,-0.012484330588815304,0.09518361246847973,0.08961781136088404,0.13826628368046334,2.5964601400512417,28.773632956332055,False,0.06246887504885137,False,True,
signature_stationary_mixed_nuisance,14118,full,pre_shift,64,0.12,0.1,0.15,-0.0062021177372491255,0.032932770063412255,-0.0013825451164238404,0.10494229210381874,0.09121953151910604,0.13552248539078887,3.0067381446344137,72.51335231229358,False,0.06415344591996919,False,True,
signature_stationary_mixed_nuisance,14119,full,pre_shift,64,0.12,0.1,0.15,0.03665657184011062,-0.0005688876885783364,0.05543656622528065,0.10169067941804277,0.08321076438040614,0.14068165307370706,1.7688431605374506,20.052192654178373,False,0.0393613488323693,False,True,
signature_stationary_mixed_nuisance,14120,full,pre_shift,64,0.12,0.1,0.15,0.05503153997059492,0.03324544348167356,0.053716247255081895,0.10342784745356713,0.08906991755821728,0.1445334852221929,1.143144775578456,26.314752023597478,False,0.15588952925570115,False,True,
signature_stationary_mixed_nuisance,14121,full,pre_shift,64,0.12,0.1,0.15,0.03234620433929515,0.029253882522317684,0.043552206999400496,0.1068221175650444,0.0879510728535319,0.13745792070984822,1.5979894174425544,32.66053935571867,False,0.11572460197971036,False,True,
signature_stationary_mixed_nuisance,14122,full,pre_shift,64,0.12,0.1,0.15,0.017976161980025017,0.03794364247939019,-0.004428516259514085,0.09437084271010769,0.08567434051090213,0.13097851126239105,2.0891874189526223,14.13751046643185,False,0.044430799974850325,False,True,
signature_stationary_mixed_nuisance,14123,full,pre_shift,64,0.12,0.1,0.15,0.012467115703425818,0.0365679883328873,0.01379842927216049,0.09510239459707726,0.08787121773094131,0.13679845258461373,2.047102738226423,24.489212091067607,False,0.06974176861912153,False,True,
signature_stationary_mixed_nuisance,14124,full,pre_shift,64,0.12,0.1,0.15,0.02331155621674423,0.030049240947499094,0.051701341231539896,0.09868659143629001,0.08594380217526366,0.1432230826906481,1.549748341428728,0.6375033439104569,False,0.08787301891129343,False,True,
signature_stationary_mixed_nuisance,14125,full,pre_shift,64,0.12,0.1,0.15,0.03406441549102926,0.026284872509366886,0.035394324020659326,0.10028429065718772,0.08625676182209004,0.13859249743964264,1.5949452734384402,25.81603093757793,False,0.08191437630875924,False,True,
signature_stationary_mixed_nuisance,14126,full,pre_shift,64,0.12,0.1,0.15,0.027596795013632627,0.028354847471333194,0.046010564615146986,0.10814503890103772,0.08875048631924924,0.13522082945462013,1.6733779286850317,22.12436120460198,False,0.018660498887780246,False,True,
signature_stationary_mixed_nuisance,14127,full,pre_shift,64,0.12,0.1,0.15,0.033837466789565174,0.01971134793606361,0.00805703906887788,0.09711996659354659,0.08607931408317675,0.134771184280163,1.981902430681884,23.932466966915197,False,0.023262213003450438,False,True,
signature_stationary_mixed_nuisance,14128,full,pre_shift,64,0.12,0.1,0.15,0.011795827584517526,0.04401005246102533,0.041785404089515636,0.10011642944949152,0.08629527717632639,0.14401290861264787,1.7634625560283528,0.42704914738978683,False,0.03966430749178989,False,True,
signature_stationary_mixed_nuisance,14129,full,pre_shift,64,0.12,0.1,0.15,0.02592072479194132,0.02201972240936935,0.025114583252522606,0.09965329551647273,0.08241406463536162,0.13405167566534743,1.799137655867194,12.729616521454988,False,0.02123536194091043,False,True,
signature_stationary_mixed_nuisance,14130,full,pre_shift,64,0.12,0.1,0.15,0.02719826475723149,0.004489223573875315,0.0033782904651270267,0.09597739956235415,0.08153659014084792,0.1347310675657036,2.3223779107232567,37.436884798621584,False,0.04151745136651196,False,True,
signature_stationary_mixed_nuisance,14101,full,pre_shift,65,-0.2,0.0,-0.2,-0.06779585573503451,0.023424421532971317,-0.07508512353733954,-0.15578414966808804,0.009301438924257376,-0.19398231896876098,1.8306210793142623,6.181332402749492,False,0.038461207778312446,False,True,
signature_stationary_mixed_nuisance,14102,full,pre_shift,65,-0.2,0.0,-0.2,-0.10602067362793012,0.024486129524378564,-0.07196234757521237,-0.164929719149453,0.004974958186182636,-0.1957408291940505,1.4142071340332691,19.72910792192566,False,0.01574390167494544,False,True,
signature_stationary_mixed_nuisance,14103,full,pre_shift,65,-0.2,0.0,-0.2,-0.06385321545355545,0.012037080663367521,-0.03796771598987372,-0.15988080883207226,0.0037367862748637825,-0.1970266962234101,2.6905821688824783,41.75952512525999,False,0.11270962884152248,False,True,
signature_stationary_mixed_nuisance,14104,full,pre_shift,65,-0.2,0.0,-0.2,-0.0795612292638665,0.01794124839856874,-0.05869593213582658,-0.16638701681446635,0.00167434969705846,-0.20225556581614085,2.220203528534866,26.78663962064322,False,0.006734517740222768,False,True,
signature_stationary_mixed_nuisance,14105,full,pre_shift,65,-0.2,0.0,-0.2,-0.047808444908032946,0.016481955735839993,-0.04550396146566273,-0.1563432748329524,0.006363230062445484,-0.19374654405165365,2.7887022049698658,34.192072347921695,False,0.038931217062502035,False,True,
signature_stationary_mixed_nuisance,14106,full,pre_shift,65,-0.2,0.0,-0.2,-0.06611105702757739,0.023784514697416412,-0.08149077166853376,-0.16311936871326388,0.00367277997988164,-0.19683125188112835,2.0027873868717836,8.417930861596965,False,0.014449622232706481,False,True,
signature_stationary_mixed_nuisance,14107,full,pre_shift,65,-0.2,0.0,-0.2,-0.0696107444656015,0.010619265157406545,-0.04600114957810574,-0.15626562423823462,0.008203942956860815,-0.1961107332683689,2.3061653362048062,22.58780456883509,False,0.025518195356644496,False,True,
signature_stationary_mixed_nuisance,14108,full,pre_shift,65,-0.2,0.0,-0.2,-0.057816012897974015,0.021628392396433587,-0.060493343150052635,-0.15711675145666726,0.008965731960267922,-0.20067168650481096,2.423521018549059,54.377336198457904,False,0.012114472808686678,False,True,
signature_stationary_mixed_nuisance,14109,full,pre_shift,65,-0.2,0.0,-0.2,-0.05020498321420439,0.01573213512022027,-0.09928028954535903,-0.15968752371217473,0.0029764281004660705,-0.2034566862997607,2.126491593802417,10.132287501933739,False,0.025471316766136086,False,True,
signature_stationary_mixed_nuisance,14110,full,pre_shift,65,-0.2,0.0,-0.2,-0.06721425859111536,0.02073295010787674,-0.09410227169254956,-0.16049906979372444,0.006340191459150103,-0.19895081855411959,1.7495275842740334,20.9886395977622,False,0.01790908653015811,False,True,
signature_stationary_mixed_nuisance,14111,full,pre_shift,65,-0.2,0.0,-0.2,-0.053070374071917524,0.012580973608851461,-0.044623611845769906,-0.15521038743115695,0.008090309014903076,-0.20131408581502344,2.779901082446441,58.8679154392141,False,0.09766608238218867,False,True,
signature_stationary_mixed_nuisance,14112,full,pre_shift,65,-0.2,0.0,-0.2,-0.09661985641566488,0.011140228815286824,-0.07843543982787157,-0.17102695702811954,-0.00020609672510012926,-0.19850528787599492,1.5720910656914509,9.231302210088327,False,0.07395425471849881,False,True,
signature_stationary_mixed_nuisance,14113,full,pre_shift,65,-0.2,0.0,-0.2,-0.05251601561061412,-0.0017411213963511745,-0.0170110885279347,-0.1573202357949832,0.00575730157061352,-0.19427343413065182,3.283811318198255,56.50396552259885,False,0.027034774877652875,False,True,
signature_stationary_mixed_nuisance,14114,full,pre_shift,65,-0.2,0.0,-0.2,-0.04971499337723508,0.0057374689834547975,-0.047828032781888984,-0.1587125414990056,0.005396874700610855,-0.20513533538117196,2.96264358315225,50.62416060740335,False,0.018461501447647036,False,True,
signature_stationary_mixed_nuisance,14115,full,pre_shift,65,-0.2,0.0,-0.2,-0.07134589021488602,0.015932174562014862,-0.06771689713504907,-0.1560045438854835,0.006581021794620439,-0.19890144769587995,1.941025921219713,48.925251746815725,False,0.053012948345469525,False,True,
signature_stationary_mixed_nuisance,14116,full,pre_shift,65,-0.2,0.0,-0.2,-0.041937200884905726,0.02841194633086317,-0.09265846738211322,-0.1514904551835582,0.005721882704070078,-0.1950459970773475,2.147189707000176,55.24883480364373,False,0.0336767971600084,False,True,
signature_stationary_mixed_nuisance,14117,full,pre_shift,65,-0.2,0.0,-0.2,-0.07717296627015563,0.010058847793370145,-0.09378501241514206,-0.15612086309689327,0.007552855520881067,-0.19801516781044823,1.4226085623031033,28.69624151863516,False,0.02313467377040179,False,True,
signature_stationary_mixed_nuisance,14118,full,pre_shift,65,-0.2,0.0,-0.2,-0.04802136659653291,-0.0004938252994643928,-0.04805259167815101,-0.15383144263951393,0.006179925518404728,-0.20093532004144973,2.7998099536765264,73.8131622659701,False,0.024511638182586247,False,True,
signature_stationary_mixed_nuisance,14119,full,pre_shift,65,-0.2,0.0,-0.2,-0.05467245474310403,0.007830559496960566,-0.04721305749342637,-0.1538567795343665,0.007996129397685852,-0.20275318978986165,2.6853852229263606,21.237577877104734,False,0.026007319373551507,False,True,
signature_stationary_mixed_nuisance,14120,full,pre_shift,65,-0.2,0.0,-0.2,-0.06199489381738291,-0.021634819677216394,-0.007303789245067483,-0.16104598619092322,-0.005680173043287458,-0.19795925646178714,3.4723585334995826,28.287110557097062,False,0.024390753446255024,False,True,
signature_stationary_mixed_nuisance,14121,full,pre_shift,65,-0.2,0.0,-0.2,-0.06359701148996288,-0.00917972826055989,-0.03281787016224578,-0.15693662365201208,0.0015497964340337705,-0.20450253004688884,2.895750060433304,34.05628941615197,False,0.05358905429290812,False,True,
signature_stationary_mixed_nuisance,14122,full,pre_shift,65,-0.2,0.0,-0.2,-0.06844849744128711,0.018152528435754805,-0.1322324577369814,-0.15654255126269778,0.00582182989727774,-0.2028556331991778,1.2553966063822435,13.892907072814094,False,0.0540604868170305,False,True,
signature_stationary_mixed_nuisance,14123,full,pre_shift,65,-0.2,0.0,-0.2,-0.06575203266856111,0.01588237217285073,-0.04834772857623714,-0.1567898614255231,0.005319023744625367,-0.19540382978005658,2.355716988656925,25.344929079724533,False,0.01752520307827262,False,True,
signature_stationary_mixed_nuisance,14124,full,pre_shift,65,-0.2,0.0,-0.2,-0.08834451690050009,0.019750266908757544,-0.09492588734538593,-0.15566254051391326,0.008881704461795873,-0.20128922701789753,1.2606621668052058,0.39816551071566275,False,0.018528795307083075,False,True,
signature_stationary_mixed_nuisance,14125,full,pre_shift,65,-0.2,0.0,-0.2,-0.06659850332211446,-0.004574321627168081,-0.0077554870622488494,-0.15404361527125596,0.006369850888798428,-0.1986637671944088,3.2087432726216107,27.524774210199542,False,0.016348921012655924,False,True,
signature_stationary_mixed_nuisance,14126,full,pre_shift,65,-0.2,0.0,-0.2,-0.06667404067375149,0.00891584320921456,-0.057309443990803816,-0.1599738972971573,0.0030133064978275547,-0.2009571767094103,2.330298261763148,22.954659466365126,False,0.028178448076959337,False,True,
signature_stationary_mixed_nuisance,14127,full,pre_shift,65,-0.2,0.0,-0.2,-0.0806162539856087,0.013704070196747433,-0.07895830902751595,-0.15832236501790883,0.006538396916088562,-0.19966910828565376,1.6366801500953467,24.069147117010544,False,0.030297726956787077,False,True,
signature_stationary_mixed_nuisance,14128,full,pre_shift,65,-0.2,0.0,-0.2,-0.09193222221735194,0.01427755072570032,-0.07074309252303951,-0.15843886707349894,0.0036655994917040766,-0.19438251054388334,1.494402587156932,0.4214517345467188,False,0.01428618635243468,False,True,
signature_stationary_mixed_nuisance,14129,full,pre_shift,65,-0.2,0.0,-0.2,-0.09813545528858508,0.017492217466249196,-0.08831027210709409,-0.16432144622048886,0.0006395786831630171,-0.19477974041788332,1.2630455953743096,12.492662116829298,False,0.05773376076348051,False,True,
signature_stationary_mixed_nuisance,14130,full,pre_shift,65,-0.2,0.0,-0.2,-0.07313064198657104,0.022092430666584777,-0.0916218554658125,-0.16890724805146073,-0.005039304739755732,-0.19664439790381744,1.869415194611702,37.80629999323329,False,0.06403074171469018,False,True,
signature_stationary_mixed_nuisance,14101,full,pre_shift,66,-0.2,0.0,0.2,-0.09878150197462279,-0.007022519672245217,0.0848340749534155,-0.15092839239706934,0.013810445585774959,0.18086066902996883,0.9554744712395253,5.636806873989017,False,0.01618755404974987,False,True,
signature_stationary_mixed_nuisance,14102,full,pre_shift,66,-0.2,0.0,0.2,-0.08852736975100954,0.007133124979453987,0.012716416737575753,-0.1537136830964471,0.00799966286529713,0.18482215376290856,2.373405470696107,20.602513392621766,False,0.05197992127630436,False,True,
signature_stationary_mixed_nuisance,14103,full,pre_shift,66,-0.2,0.0,0.2,-0.0759019380721434,-0.010363232313537552,0.06830707050666732,-0.1465727858795566,0.0071434419723524645,0.18352421809910013,1.4711159924662651,41.73064111772626,False,0.015402857150673856,False,True,
signature_stationary_mixed_nuisance,14104,full,pre_shift,66,-0.2,0.0,0.2,-0.07665046979132117,4.892613822771256e-05,0.06564383378342199,-0.15983453427035416,0.0005176279060079319,0.17626371828592216,1.5980043109724464,26.884643931615667,False,0.009406553875786726,False,True,
signature_stationary_mixed_nuisance,14105,full,pre_shift,66,-0.2,0.0,0.2,-0.07683053458027565,0.0045770066724351135,0.07865058193021275,-0.1500275552605735,0.010007873094257352,0.18087856369011152,1.2989344622405854,33.99100681016228,False,0.08184505274835112,False,True,
signature_stationary_mixed_nuisance,14106,full,pre_shift,66,-0.2,0.0,0.2,-0.0987876466201805,-0.008204854036191459,0.06574697712270894,-0.1608581328537826,0.0038186177841734574,0.17808089479805306,1.2710216163304298,8.188952477927394,False,0.012182008941234768,False,True,
signature_stationary_mixed_nuisance,14107,full,pre_shift,66,-0.2,0.0,0.2,-0.07820502687209853,0.008525724647651755,0.04234879110847447,-0.1495061921460393,0.012469318569058578,0.18766652829652786,1.9405878043452658,23.028392373180356,False,0.020883044681309512,False,True,
signature_stationary_mixed_nuisance,14108,full,pre_shift,66,-0.2,0.0,0.2,-0.06453254227952616,-0.0035293982722872648,0.037249694320570806,-0.14823128013944023,0.010054025113458136,0.18020431910804455,2.1494224746431216,55.02675867310103,False,0.023800004265058048,False,True,
signature_stationary_mixed_nuisance,14109,full,pre_shift,66,-0.2,0.0,0.2,-0.06985989416313725,-0.013389379315051823,0.04176504104869028,-0.15177720904245115,0.0025669741206899746,0.1783338823400642,2.0100819170575095,10.642369418991247,False,0.03287162701000499,False,True,
signature_stationary_mixed_nuisance,14110,full,pre_shift,66,-0.2,0.0,0.2,-0.06636050929144331,0.0044396203412715215,0.023530189271718037,-0.15557464867882656,0.006849161773471157,0.18270722775870396,2.5499334149461936,22.038573012708394,False,0.013187107899509897,False,True,
signature_stationary_mixed_nuisance,14111,full,pre_shift,66,-0.2,0.0,0.2,-0.06466214165586384,0.0009565061136783945,0.006630044099423186,-0.15304971105799936,0.00939324584495332,0.178993823512651,2.8151172980939534,60.183032737308054,False,0.01932053659057587,False,True,
signature_stationary_mixed_nuisance,14112,full,pre_shift,66,-0.2,0.0,0.2,-0.07804940435141317,-0.0030075326077882965,0.05046768076005486,-0.16303612600518608,-0.0005977677691261826,0.18554492732874636,2.0121776357164007,9.743479845804728,False,0.023743398677123634,False,True,
signature_stationary_mixed_nuisance,14113,full,pre_shift,66,-0.2,0.0,0.2,-0.07609400800478652,-0.01645326135511489,0.056648822746149526,-0.1475542483058394,0.008728831767241194,0.18301453443662888,1.6937906096182076,56.69775613221705,False,0.07216215569792335,False,True,
signature_stationary_mixed_nuisance,14114,full,pre_shift,66,-0.2,0.0,0.2,-0.07121604505917256,-0.0013621688416078585,0.027122385832893288,-0.15944176443114136,0.007973443996065687,0.17286617861985715,2.280989342804002,51.405149950207345,False,0.03121907868971756,False,True,
signature_stationary_mixed_nuisance,14115,full,pre_shift,66,-0.2,0.0,0.2,-0.06356817174683738,0.007604333748237809,0.023938382741300168,-0.1454557255094214,0.010848969361310036,0.183055713139892,2.3988069775530074,49.82405872436873,False,0.016552758011962397,False,True,
signature_stationary_mixed_nuisance,14116,full,pre_shift,66,-0.2,0.0,0.2,-0.052960619121675316,0.01112128568523926,0.00902500197064406,-0.1450457733355246,0.009934296816546546,0.18542856353256876,2.97606602449644,56.72490082814017,False,0.014928097461686437,False,True,
signature_stationary_mixed_nuisance,14117,full,pre_shift,66,-0.2,0.0,0.2,-0.07166189556807948,0.008912708500492184,0.03555276055745983,-0.1469878171887472,0.009377999972971063,0.18838032271333333,2.1503392946332505,29.34658081326841,False,0.05056285828268345,False,True,
signature_stationary_mixed_nuisance,14118,full,pre_shift,66,-0.2,0.0,0.2,-0.03422562722157188,0.00024616836686830804,0.013341079234812833,-0.14518616927022687,0.008226661530139939,0.1839449094381349,3.319049134604065,75.63221140057418,False,0.014897305584703823,False,True,
signature_stationary_mixed_nuisance,14119,full,pre_shift,66,-0.2,0.0,0.2,-0.07826533873240563,-0.008976577049485178,0.0692934146480022,-0.14577356000923117,0.011099207347033185,0.18035314284143616,1.372058815025806,21.10963669213054,False,0.012230797151508967,False,True,
signature_stationary_mixed_nuisance,14120,full,pre_shift,66,-0.2,0.0,0.2,-0.09707108774633719,-0.012311492782046126,0.06779159492339454,-0.15886926374085164,-0.0025793897880106334,0.18947351421375014,1.3989538300124795,28.186064387109543,False,0.03980505986434024,False,True,
signature_stationary_mixed_nuisance,14121,full,pre_shift,66,-0.2,0.0,0.2,-0.06670836919664774,-0.018911591380162605,0.04144399767592394,-0.14601704180170347,0.002536107580087891,0.1775983139739323,1.977182010058117,34.533471426210085,False,0.025407962600620032,False,True,
signature_stationary_mixed_nuisance,14122,full,pre_shift,66,-0.2,0.0,0.2,-0.08312385646990447,0.006931477265626207,-0.0037668335966898297,-0.1544917412183027,0.007855956784119607,0.17859408714479189,2.7021589657657112,15.095066038579805,False,0.10644472482226752,False,True,
signature_stationary_mixed_nuisance,14123,full,pre_shift,66,-0.2,0.0,0.2,-0.09853074320649687,-0.012967835347860685,0.08996862302498329,-0.15057625446564973,0.008450829151036598,0.18314860303885647,0.9253977046463936,24.770326784370926,False,0.01161739885568585,False,True,
signature_stationary_mixed_nuisance,14124,full,pre_shift,66,-0.2,0.0,0.2,-0.0919667349145005,0.013646180910751749,0.033145659131808974,-0.14799020327892579,0.011433539146480627,0.18751419832566185,1.8753071897834568,0.7734727004991195,False,0.040894812236765346,False,True,
signature_stationary_mixed_nuisance,14125,full,pre_shift,66,-0.2,0.0,0.2,-0.08765200745213424,-0.010664248517833713,0.0643317240850506,-0.1475364566624748,0.009044710591276026,0.18479652739828784,1.3902793009269487,27.41505351112649,False,0.024261454386854904,False,True,
signature_stationary_mixed_nuisance,14126,full,pre_shift,66,-0.2,0.0,0.2,-0.08212382802107526,-0.015350718940847566,0.04325079709961656,-0.15198475942944628,0.002522489361977254,0.18063942887482975,1.8118931464749874,23.266552612840112,False,0.041250419843148964,False,True,
signature_stationary_mixed_nuisance,14127,full,pre_shift,66,-0.2,0.0,0.2,-0.08498541680597496,0.01216949077956935,0.007098657799300166,-0.15419517336940217,0.008403597553887244,0.18264318968008986,2.5143031463489662,25.08345026335951,False,0.034495501642573846,False,True,
signature_stationary_mixed_nuisance,14128,full,pre_shift,66,-0.2,0.0,0.2,-0.08999243536347518,-0.004953756260023131,0.08913234843274287,-0.14577943142915226,0.00759528431258791,0.19518719650278868,1.0946397030437072,0.016091437590425972,False,0.022127660922343338,False,True,
signature_stationary_mixed_nuisance,14129,full,pre_shift,66,-0.2,0.0,0.2,-0.07124697455503722,-0.0006945106328853377,0.02465395725448569,-0.15675865145113418,0.0016850071803107386,0.18561586030899044,2.5087611106177605,13.501423227447058,False,0.05832246270392871,False,True,
signature_stationary_mixed_nuisance,14130,full,pre_shift,66,-0.2,0.0,0.2,-0.06034895633098586,-0.0021981798236833825,0.06284451617174895,-0.1596356635146211,-0.0038349856442696714,0.18340355009932863,2.0975893108059,38.40388930403919,False,0.04162607885795796,False,True,
signature_stationary_mixed_nuisance,14101,full,pre_shift,67,0.12,-0.1,-0.15,0.02974333229483678,-0.019599112495813083,-0.054608343557768654,0.10191896781900286,-0.07496100672907977,-0.13169473677533797,1.3437744090785297,5.480581283067547,False,0.10873514150563718,False,True,
signature_stationary_mixed_nuisance,14102,full,pre_shift,67,0.12,-0.1,-0.15,0.037438941466519285,-0.03160488024178275,-0.014781756859082418,0.09875293702345549,-0.0836685614298502,-0.1311685474858006,1.6006896334744967,20.70320302609626,False,0.061898996514914935,False,True,
signature_stationary_mixed_nuisance,14103,full,pre_shift,67,0.12,-0.1,-0.15,0.014180822463664708,-0.02855959726491735,-0.023627238890436483,0.09745835183661142,-0.08452780083712202,-0.1305522001613928,1.8973035344493698,42.12794465217563,False,0.03426227924427977,False,True,
signature_stationary_mixed_nuisance,14104,full,pre_shift,67,0.12,-0.1,-0.15,0.006991491317272635,-0.033670667681045624,-0.02332412344306725,0.09952615936510273,-0.08409316531230875,-0.13650939913630983,2.102292478597708,27.486936410213374,False,0.011343378503967555,False,True,
signature_stationary_mixed_nuisance,14105,full,pre_shift,67,0.12,-0.1,-0.15,0.012850769853305322,-0.027468188142380324,-0.04288511328415284,0.10106249871996405,-0.08497835356242069,-0.1368420231212502,1.8422318932211903,34.33323870338347,False,0.08294188457049438,False,True,
signature_stationary_mixed_nuisance,14106,full,pre_shift,67,0.12,-0.1,-0.15,0.060235164942433375,-0.027416822997976438,-0.0008708538881157665,0.10893445549665742,-0.08082263561737195,-0.13248634726065175,1.6777993740053718,8.366751851932765,False,0.06491826050180474,False,True,
signature_stationary_mixed_nuisance,14107,full,pre_shift,67,0.12,-0.1,-0.15,0.028854205402755285,-0.03546105525830686,-0.04948831286160694,0.10453120724424854,-0.08189643905664735,-0.13142390912871338,1.3453178143480506,22.873710187528406,False,0.054806949493815274,False,True,
signature_stationary_mixed_nuisance,14108,full,pre_shift,67,0.12,-0.1,-0.15,0.003959019143076753,-0.02801060207539474,-0.0407875518142846,0.09817812818452362,-0.08298153160727101,-0.13637488132740885,1.9698063114472635,55.49656498454829,False,0.03847553399094153,False,True,
signature_stationary_mixed_nuisance,14109,full,pre_shift,67,0.12,-0.1,-0.15,0.06481652042462867,-0.023528544047502604,-0.057259348717145414,0.10854315024626512,-0.08679731637564858,-0.1334406157107944,1.0554897478680145,10.197859166859262,False,0.17096975882914103,False,True,
signature_stationary_mixed_nuisance,14110,full,pre_shift,67,0.12,-0.1,-0.15,0.02816051918661872,-0.03197260603842732,-0.05537582094600904,0.10111565632431636,-0.08908109588258628,-0.13680739378686319,1.418982102448626,21.95755511515702,False,0.022632548640414155,False,True,
signature_stationary_mixed_nuisance,14111,full,pre_shift,67,0.12,-0.1,-0.15,0.027369780193159433,-0.03128785599838825,-0.03684106216168028,0.1051951626750971,-0.07864560798412862,-0.1360495086651595,1.5894334240886192,60.27246616139667,False,0.03861938242089413,False,True,
signature_stationary_mixed_nuisance,14112,full,pre_shift,67,0.12,-0.1,-0.15,0.03731157309666087,-0.02462787226735093,-0.047199650564626605,0.09875155073216683,-0.08091699339036927,-0.13300318795873214,1.2755049077244536,9.518984753529182,False,0.04877440542555522,False,True,
signature_stationary_mixed_nuisance,14113,full,pre_shift,67,0.12,-0.1,-0.15,0.05175417148326113,-0.01624892727985194,0.026784382236405658,0.11108426753554909,-0.08190126736926069,-0.1330050072536116,2.5039674061874018,57.70172353840445,False,0.0930314957653117,False,True,
signature_stationary_mixed_nuisance,14114,full,pre_shift,67,0.12,-0.1,-0.15,0.03181199128529338,-0.024914634564014108,-0.05648849431996159,0.10382988737531454,-0.08771342513675788,-0.13219248121599023,1.4312209911653255,51.33637094137267,False,0.042766550345935,False,True,
signature_stationary_mixed_nuisance,14115,full,pre_shift,67,0.12,-0.1,-0.15,0.0026664896596691186,-0.026704652644896375,-0.024324190540319413,0.09783504093646067,-0.08164902019002249,-0.13207405161347457,2.1445059805867746,50.468564704955504,False,0.04198825627382768,False,True,
signature_stationary_mixed_nuisance,14116,full,pre_shift,67,0.12,-0.1,-0.15,0.03802538485990963,-0.031040813219786505,-0.030151795720648574,0.10270209244861006,-0.0886935756113063,-0.12988030198688374,1.502833975379098,56.72773480351927,False,0.04686999791414671,False,True,
signature_stationary_mixed_nuisance,14117,full,pre_shift,67,0.12,-0.1,-0.15,0.013584187692014792,-0.038281514632474464,-0.0364926697979684,0.10169932496162387,-0.08198239249525456,-0.13576495148002884,1.7521555509137003,29.59873636418211,False,0.024949455774591914,False,True,
signature_stationary_mixed_nuisance,14118,full,pre_shift,67,0.12,-0.1,-0.15,0.0413388912091274,-0.031038492310011507,-0.024309906530355405,0.10425039776669319,-0.07570001847101179,-0.1337465192879623,1.4439984276025166,75.5762098281767,False,0.22694420375539429,False,True,
signature_stationary_mixed_nuisance,14119,full,pre_shift,67,0.12,-0.1,-0.15,0.02089381173620182,-0.026691832221779926,-0.05386458711427032,0.10173838207796075,-0.08131950023142191,-0.1272563200113511,1.4559580739169766,21.065594766047518,False,0.05936700220288005,False,True,
signature_stationary_mixed_nuisance,14120,full,pre_shift,67,0.12,-0.1,-0.15,0.06772530199317671,-0.03521582615426886,-0.00833393832052168,0.11127696905904445,-0.08872358735734676,-0.12335564769337434,1.3797373883273876,28.06580177543693,False,0.0459925745852698,False,True,
signature_stationary_mixed_nuisance,14121,full,pre_shift,67,0.12,-0.1,-0.15,0.038876275512172966,-0.03309353516864552,-0.02892035473957416,0.1071195575466967,-0.07740960144815569,-0.13508862014239056,1.4792529671139831,34.51272439332407,False,0.027547816603063678,False,True,
signature_stationary_mixed_nuisance,14122,full,pre_shift,67,0.12,-0.1,-0.15,0.044659631449917934,-0.031618325617404845,-0.0660784804602244,0.10641635189452638,-0.08019204415537194,-0.1346700729462934,1.018594406587331,14.613660445167136,False,0.05254658503337421,False,True,
signature_stationary_mixed_nuisance,14123,full,pre_shift,67,0.12,-0.1,-0.15,0.009006848305366993,-0.03534049999296992,-0.03032412447801817,0.1027750203923514,-0.0803910013640029,-0.13623790046869869,1.9719840882119424,25.24231087258287,False,0.09846325673428576,False,True,
signature_stationary_mixed_nuisance,14124,full,pre_shift,67,0.12,-0.1,-0.15,0.03975145904566816,-0.03509139728254671,0.004635798745656394,0.10401375596832686,-0.08181646628439285,-0.12735694313880505,1.8264273070802943,1.0999000075794139,False,0.07198086039449003,False,True,
signature_stationary_mixed_nuisance,14125,full,pre_shift,67,0.12,-0.1,-0.15,0.04780012160156325,-0.03068659392925919,-0.023259715197614043,0.11063079526808119,-0.08531186066651913,-0.13147821681273109,1.5411176386876597,27.45617114981415,False,0.01711458351821575,False,True,
signature_stationary_mixed_nuisance,14126,full,pre_shift,67,0.12,-0.1,-0.15,0.0606785837184254,-0.020347831190647165,-0.011612034353942858,0.10793386142911855,-0.07856880065191042,-0.14014441299631109,1.6841522292639335,23.450704842104045,False,0.032127861047070015,False,True,
signature_stationary_mixed_nuisance,14127,full,pre_shift,67,0.12,-0.1,-0.15,0.040027620876638095,-0.03320526441717422,-0.022727646607966907,0.1045325540482645,-0.08173133950632418,-0.13420593500270858,1.5374144147959488,25.120864678155456,False,0.04327126802984375,False,True,
signature_stationary_mixed_nuisance,14128,full,pre_shift,67,0.12,-0.1,-0.15,0.043434294622662496,-0.033451620324655616,-0.01351795556197056,0.10315047102558177,-0.08365605555630609,-0.12553948989303637,1.4966497928136322,0.012741230404058168,False,0.05324347274828204,False,True,
signature_stationary_mixed_nuisance,14129,full,pre_shift,67,0.12,-0.1,-0.15,0.03811106526974198,-0.020820949186463326,-0.04383362724223504,0.09514744156296917,-0.08234548618827085,-0.13223440109680987,1.315151181304326,13.316574408751384,False,0.03805489576145455,False,True,
signature_stationary_mixed_nuisance,14130,full,pre_shift,67,0.12,-0.1,-0.15,-0.0023143707584854377,-0.01697080607620565,-0.048930442962171264,0.09337025726592642,-0.08345727004031382,-0.13758913349357557,2.087742027303795,38.99163133134299,False,0.032703473235307284,False,True,
signature_stationary_mixed_nuisance,14101,full,pre_shift,68,0.12,0.1,0.15,0.02878717491288422,0.005845683864090092,-0.0005943403243499909,0.0965367154499828,0.08678925435572558,0.1328949279254621,2.4113800785518156,6.391961361619362,False,0.15335700047126105,False,True,
signature_stationary_mixed_nuisance,14102,full,pre_shift,68,0.12,0.1,0.15,0.028331892919708654,0.017664423353508228,0.025931257562860573,0.10169905639545745,0.08206691426430324,0.13473463107027323,1.851073749960004,21.054276776056266,False,0.02707192027095478,False,True,
signature_stationary_mixed_nuisance,14103,full,pre_shift,68,0.12,0.1,0.15,0.03556530434046589,0.003933326375802919,0.010209806959405187,0.09941865419072313,0.08396595949523752,0.1381444889846792,2.2429012915386846,42.870845943714315,False,0.12460094941452676,False,True,
signature_stationary_mixed_nuisance,14104,full,pre_shift,68,0.12,0.1,0.15,0.039948869866246045,0.012917243289592512,0.02104624955243368,0.09668802909777524,0.08604827556643051,0.13604610746546447,1.8228587569390393,27.809795167152412,False,0.01202050242230703,False,True,
signature_stationary_mixed_nuisance,14105,full,pre_shift,68,0.12,0.1,0.15,0.012321073996281856,0.019458221301580612,0.0034706953773330053,0.09430747654356784,0.08674518055677362,0.12977803446704628,2.3094445357712345,35.14268323915471,False,0.03352057346789795,False,True,
signature_stationary_mixed_nuisance,14106,full,pre_shift,68,0.12,0.1,0.15,0.01436891803083964,0.03460411105384686,0.048966343658162804,0.09965314300985666,0.08913299001745852,0.1364481075810882,1.6714120471338534,8.538163899066618,False,0.04811041107204176,False,True,
signature_stationary_mixed_nuisance,14107,full,pre_shift,68,0.12,0.1,0.15,0.01954224820940833,0.03209977828844936,0.04781829792935447,0.09809286446816459,0.08658944529370229,0.13829715682258883,1.577369870840909,22.951080058369314,False,0.03930558095103023,False,True,
signature_stationary_mixed_nuisance,14108,full,pre_shift,68,0.12,0.1,0.15,0.019305037492971428,-0.0004255201089886208,-0.006771947239160434,0.09553821511418023,0.08368113264254017,0.13472629673111386,2.755065841863695,56.75163082641199,False,0.007741635430152295,False,True,
signature_stationary_mixed_nuisance,14109,full,pre_shift,68,0.12,0.1,0.15,0.052560768038673655,0.03741842856016195,0.06090476805019471,0.10741149745354532,0.08354213840927975,0.13411705868659993,0.9303677302867578,9.62822689714602,False,0.35314153676761123,False,True,
signature_stationary_mixed_nuisance,14110,full,pre_shift,68,0.12,0.1,0.15,0.029172842496048876,0.03244147931539204,0.03570450485222451,0.10209846278232168,0.08563133354470678,0.13555770337746448,1.5694417526469087,22.02699686780393,False,0.03305278729304214,False,True,
signature_stationary_mixed_nuisance,14111,full,pre_shift,68,0.12,0.1,0.15,0.02509670152225095,0.018300003332845323,-0.008964487660834505,0.09552625108903712,0.08598337717158164,0.13258016841646222,2.3619816183562365,61.13444777975291,False,0.055208275444643504,False,True,
signature_stationary_mixed_nuisance,14112,full,pre_shift,68,0.12,0.1,0.15,0.030627291566045697,0.027970593253735715,0.04544343100885236,0.1021121185117527,0.08764804348951667,0.1359744680245784,1.5222069696445393,9.541191723173721,False,0.08517993504018787,False,True,
signature_stationary_mixed_nuisance,14113,full,pre_shift,68,0.12,0.1,0.15,0.019670031903150323,0.020848257916215456,0.032312385743971994,0.10302097442259059,0.08625136949659369,0.13795685951229295,2.0072236317199703,58.20894717012442,False,0.023572418488908196,False,True,
signature_stationary_mixed_nuisance,14114,full,pre_shift,68,0.12,0.1,0.15,0.03199620682922639,-0.0005176981102352727,-0.0014026762107809381,0.0961621923014467,0.0857432782912463,0.13325719373797057,2.478937172056709,52.31530811342938,False,0.12904887054935765,False,True,
signature_stationary_mixed_nuisance,14115,full,pre_shift,68,0.12,0.1,0.15,0.018452916297015252,0.018204643204223596,-0.015280984470549023,0.09422746155639533,0.08535082453916155,0.13487680596917284,2.6029138398472926,51.571478544802794,False,0.07642039828201073,False,True,
signature_stationary_mixed_nuisance,14116,full,pre_shift,68,0.12,0.1,0.15,-0.00828774360383341,0.025547364833701385,0.006082943302264748,0.09888138167798396,0.08239318136990177,0.13469838936276213,2.75089066352326,57.97862546704253,False,0.009582698664453245,False,True,
signature_stationary_mixed_nuisance,14117,full,pre_shift,68,0.12,0.1,0.15,0.0022835561919606405,0.05414965753042712,-0.004620854604423637,0.09518361246847973,0.08961781136088404,0.13826628368046334,2.4244196769807336,30.523156041162842,False,0.020502600810842878,False,True,
signature_stationary_mixed_nuisance,14118,full,pre_shift,68,0.12,0.1,0.15,-0.008709029067189787,0.028967207915187643,-0.0005510670203976499,0.10494229210381874,0.09121953151910604,0.13552248539078887,3.1148339790619857,77.19104380723869,False,0.04713398821884315,False,True,
signature_stationary_mixed_nuisance,14119,full,pre_shift,68,0.12,0.1,0.15,0.033463702571166036,0.00135129439508241,0.05243792884896292,0.10169067941804277,0.08321076438040614,0.14068165307370706,1.812658350487378,21.378253116534896,False,0.036321935233840835,False,True,
signature_stationary_mixed_nuisance,14120,full,pre_shift,68,0.12,0.1,0.15,0.04438288090255672,0.027776403403567785,0.03232026925132443,0.10342784745356713,0.08906991755821728,0.1445334852221929,1.6139884509973907,28.17979022643432,False,0.014697794166217743,False,True,
signature_stationary_mixed_nuisance,14121,full,pre_shift,68,0.12,0.1,0.15,0.03094556102850745,0.030119626653728828,0.04486253686711388,0.1068221175650444,0.0879510728535319,0.13745792070984822,1.5957436932133362,34.60846808653741,False,0.11761967143892671,False,True,
signature_stationary_mixed_nuisance,14122,full,pre_shift,68,0.12,0.1,0.15,0.01634373606421023,0.03671097790839728,-0.000567996364007782,0.09437084271010769,0.08567434051090213,0.13097851126239105,2.0679269990207154,15.181587444187851,False,0.025617995537845304,False,True,
signature_stationary_mixed_nuisance,14123,full,pre_shift,68,0.12,0.1,0.15,0.013002711512903739,0.03816198661482277,0.0009443865673779951,0.09510239459707726,0.08787121773094131,0.13679845258461373,2.224192467612966,25.966503340195835,False,0.029155786210376466,False,True,
signature_stationary_mixed_nuisance,14124,full,pre_shift,68,0.12,0.1,0.15,0.030800745301086046,0.03127174753418506,0.05440753320268094,0.09868659143629001,0.08594380217526366,0.1432230826906481,1.3764012492417248,0.9763012568211387,False,0.041361501719776615,False,True,
signature_stationary_mixed_nuisance,14125,full,pre_shift,68,0.12,0.1,0.15,0.03555853690173642,0.028241229875600224,0.036792784343806555,0.10028429065718772,0.08625676182209004,0.13859249743964264,1.5267718256537177,27.482942975467868,False,0.0699570059668878,False,True,
signature_stationary_mixed_nuisance,14126,full,pre_shift,68,0.12,0.1,0.15,0.02659160426577436,0.028493506559101232,0.05129757942340949,0.10814503890103772,0.08875048631924924,0.13522082945462013,1.6358800078722722,23.58658484997632,False,0.032311891810482836,False,True,
signature_stationary_mixed_nuisance,14127,full,pre_shift,68,0.12,0.1,0.15,0.034769605850530294,0.020379129722501176,0.004613250202976532,0.09711996659354659,0.08607931408317675,0.134771184280163,2.0129757545338625,25.63384043268932,False,0.006144379729205343,False,True,
signature_stationary_mixed_nuisance,14128,full,pre_shift,68,0.12,0.1,0.15,0.012420415532154103,0.04521232647282887,0.03894025577483799,0.10011642944949152,0.08629527717632639,0.14401290861264787,1.775843956468232,0.2885851868722902,False,0.04261930386643641,False,True,
signature_stationary_mixed_nuisance,14129,full,pre_shift,68,0.12,0.1,0.15,0.02701622623005455,0.02357160830909304,0.030396935916498342,0.09965329551647273,0.08241406463536162,0.13405167566534743,1.6880548118846974,13.504629220636081,False,0.025477350343417037,False,True,
signature_stationary_mixed_nuisance,14130,full,pre_shift,68,0.12,0.1,0.15,0.02545297426425003,0.004336716402671869,0.005764869743855047,0.09597739956235415,0.08153659014084792,0.1347310675657036,2.3152852753361635,39.80691660667915,False,0.0378819152916742,False,True,
signature_stationary_mixed_nuisance,14101,full,pre_shift,69,-0.2,0.0,-0.2,-0.06916171085899808,0.02604537909369999,-0.07574084674479145,-0.15578414966808804,0.009301438924257376,-0.19398231896876098,1.8028680400608843,6.694829401680247,False,0.02360303259228293,False,True,
signature_stationary_mixed_nuisance,14102,full,pre_shift,69,-0.2,0.0,-0.2,-0.10572640608117562,0.02522095057754548,-0.0710921159950709,-0.164929719149453,0.004974958186182636,-0.1957408291940505,1.4361935493521056,20.99047032540837,False,0.020469046496239734,False,True,
signature_stationary_mixed_nuisance,14103,full,pre_shift,69,-0.2,0.0,-0.2,-0.06815428564935258,0.010710897785092356,-0.019983553999717747,-0.15988080883207226,0.0037367862748637825,-0.1970266962234101,2.9712878047227425,44.34213374843706,False,0.016964570772864663,False,True,
signature_stationary_mixed_nuisance,14104,full,pre_shift,69,-0.2,0.0,-0.2,-0.07892720799027736,0.022133539345564075,-0.0602503866397697,-0.16638701681446635,0.00167434969705846,-0.20225556581614085,2.222460069810645,28.532255236963056,False,0.052215274859160436,False,True,
signature_stationary_mixed_nuisance,14105,full,pre_shift,69,-0.2,0.0,-0.2,-0.04278163058360511,0.016104038335904288,-0.049251690335090144,-0.1563432748329524,0.006363230062445484,-0.19374654405165365,2.855233739928836,36.49791697908354,False,0.03667607850612436,False,True,
signature_stationary_mixed_nuisance,14106,full,pre_shift,69,-0.2,0.0,-0.2,-0.06756848770596847,0.021607583508154584,-0.08409517723783766,-0.16311936871326388,0.00367277997988164,-0.19683125188112835,1.9221010417570967,8.960264940823714,False,0.04603251161426157,False,True,
signature_stationary_mixed_nuisance,14107,full,pre_shift,69,-0.2,0.0,-0.2,-0.06962947344492544,0.009469494409526932,-0.04703138949047097,-0.15626562423823462,0.008203942956860815,-0.1961107332683689,2.285851155988131,23.736931214357444,False,0.03662888806523431,False,True,
signature_stationary_mixed_nuisance,14108,full,pre_shift,69,-0.2,0.0,-0.2,-0.05601338168853403,0.021882063672684443,-0.06117371064478559,-0.15711675145666726,0.008965731960267922,-0.20067168650481096,2.456056710455231,57.70768753686722,False,0.023184437327105303,False,True,
signature_stationary_mixed_nuisance,14109,full,pre_shift,69,-0.2,0.0,-0.2,-0.05530326293007608,0.012382991470818713,-0.09526860350019425,-0.15968752371217473,0.0029764281004660705,-0.2034566862997607,2.0411708762759786,10.169397773421998,False,0.07927343874409745,False,True,
signature_stationary_mixed_nuisance,14110,full,pre_shift,69,-0.2,0.0,-0.2,-0.06458173928112931,0.021581813988104947,-0.09179684734712172,-0.16049906979372444,0.006340191459150103,-0.19895081855411959,1.8428297023822786,22.36982657018621,False,0.0374995622029745,False,True,
signature_stationary_mixed_nuisance,14111,full,pre_shift,69,-0.2,0.0,-0.2,-0.051487482308848406,0.016493107588277153,-0.07290587577773011,-0.15521038743115695,0.008090309014903076,-0.20131408581502344,2.322606890308535,61.957054670061446,False,0.06798566812270185,False,True,
signature_stationary_mixed_nuisance,14112,full,pre_shift,69,-0.2,0.0,-0.2,-0.09798616021826675,0.0056437567665312705,-0.07233315554123777,-0.17102695702811954,-0.00020609672510012926,-0.19850528787599492,1.63113793353408,9.672329656707802,False,0.04772795921965161,False,True,
signature_stationary_mixed_nuisance,14113,full,pre_shift,69,-0.2,0.0,-0.2,-0.05633618143000937,-5.354028366347851e-05,-0.014897533094460872,-0.1573202357949832,0.00575730157061352,-0.19427343413065182,3.2354852505873652,59.944432420711784,False,0.03905870698339733,False,True,
signature_stationary_mixed_nuisance,14114,full,pre_shift,69,-0.2,0.0,-0.2,-0.0466049683349051,0.007881829888363431,-0.04905598286447963,-0.1587125414990056,0.005396874700610855,-0.20513533538117196,3.0220282680451516,53.837336381474536,False,0.027686797795221763,False,True,
signature_stationary_mixed_nuisance,14115,full,pre_shift,69,-0.2,0.0,-0.2,-0.07278731914417738,0.014601319716613853,-0.06339400898519608,-0.1560045438854835,0.006581021794620439,-0.19890144769587995,1.9818073760520303,52.053285920854826,False,0.04958723539052107,False,True,
signature_stationary_mixed_nuisance,14116,full,pre_shift,69,-0.2,0.0,-0.2,-0.04288188036616957,0.030251652370735328,-0.09942016752550517,-0.1514904551835582,0.005721882704070078,-0.1950459970773475,2.0496176170946065,58.52824308413713,False,0.016649173356371103,False,True,
signature_stationary_mixed_nuisance,14117,full,pre_shift,69,-0.2,0.0,-0.2,-0.0760255986233349,0.009998049008081144,-0.09069856196308668,-0.15612086309689327,0.007552855520881067,-0.19801516781044823,1.4854421223706622,30.508598163533506,False,0.040178195096536015,False,True,
signature_stationary_mixed_nuisance,14118,full,pre_shift,69,-0.2,0.0,-0.2,-0.04867839282168698,-0.0016646581052461812,-0.05049225838552013,-0.15383144263951393,0.006179925518404728,-0.20093532004144973,2.7403686969644174,78.43141250420311,False,0.03358401220656693,False,True,
signature_stationary_mixed_nuisance,14119,full,pre_shift,69,-0.2,0.0,-0.2,-0.0572377111210298,0.009497548287422676,-0.05271159263053302,-0.1538567795343665,0.007996129397685852,-0.20275318978986165,2.5199037231874484,22.398156839722343,False,0.03513350253869055,False,True,
signature_stationary_mixed_nuisance,14120,full,pre_shift,69,-0.2,0.0,-0.2,-0.06432471168195177,-0.016200421359587377,-0.0039704406456075115,-0.16104598619092322,-0.005680173043287458,-0.19795925646178714,3.482246994453154,30.162037220887473,False,0.04801493600812328,False,True,
signature_stationary_mixed_nuisance,14121,full,pre_shift,69,-0.2,0.0,-0.2,-0.06425879946849451,-0.012142417657190778,-0.02957267303653757,-0.15693662365201208,0.0015497964340337705,-0.20450253004688884,2.9609995438272283,36.069467630364635,False,0.012424835148361457,False,True,
signature_stationary_mixed_nuisance,14122,full,pre_shift,69,-0.2,0.0,-0.2,-0.06716920579382732,0.017855333815421117,-0.14081255775718615,-0.15654255126269778,0.00582182989727774,-0.2028556331991778,1.2103126257512566,14.891900069939108,False,0.023360550071719607,False,True,
signature_stationary_mixed_nuisance,14123,full,pre_shift,69,-0.2,0.0,-0.2,-0.06676863879069979,0.015658143838154018,-0.0506407091287641,-0.1567898614255231,0.005319023744625367,-0.19540382978005658,2.291280520775866,26.757783860971703,False,0.018512303897384248,False,True,
signature_stationary_mixed_nuisance,14124,full,pre_shift,69,-0.2,0.0,-0.2,-0.0866664838083425,0.016687783965347223,-0.08829120409047539,-0.15566254051391326,0.008881704461795873,-0.20128922701789753,1.3725584849474644,0.848859741768603,False,0.07034946242790208,False,True,
signature_stationary_mixed_nuisance,14125,full,pre_shift,69,-0.2,0.0,-0.2,-0.06825073369622153,-0.003979620267995037,-0.008391844448952352,-0.15404361527125596,0.006369850888798428,-0.1986637671944088,3.157851414938502,29.14079439040637,False,0.024315626364015616,False,True,
signature_stationary_mixed_nuisance,14126,full,pre_shift,69,-0.2,0.0,-0.2,-0.07027515727648577,0.007999483316230124,-0.05815139558857988,-0.1599738972971573,0.0030133064978275547,-0.2009571767094103,2.2367760880061156,24.323360937982436,False,0.021546507196942767,False,True,
signature_stationary_mixed_nuisance,14127,full,pre_shift,69,-0.2,0.0,-0.2,-0.08118944485244912,0.015225495834215912,-0.08122107825189559,-0.15832236501790883,0.006538396916088562,-0.19966910828565376,1.59505849399011,25.728898926679427,False,0.012256742414907389,False,True,
signature_stationary_mixed_nuisance,14128,full,pre_shift,69,-0.2,0.0,-0.2,-0.09196905364684026,0.014870687154928012,-0.069553580782568,-0.15843886707349894,0.0036655994917040766,-0.19438251054388334,1.514315167089496,0.3029003539617863,False,0.020172572420942423,False,True,
signature_stationary_mixed_nuisance,14129,full,pre_shift,69,-0.2,0.0,-0.2,-0.09938524503826354,0.0212023171732146,-0.09461656011152669,-0.16432144622048886,0.0006395786831630171,-0.19477974041788332,1.1781364262672855,13.182765646903366,False,0.02687524333646559,False,True,
signature_stationary_mixed_nuisance,14130,full,pre_shift,69,-0.2,0.0,-0.2,-0.07783507518559797,0.016806816170386832,-0.08217898421469894,-0.16890724805146073,-0.005039304739755732,-0.19664439790381744,1.8639994350204603,40.17091604169961,False,0.038118747086803594,False,True,
signature_stationary_mixed_nuisance,14101,full,pre_shift,70,-0.2,0.0,0.2,-0.09840990373077493,-0.008228738899122512,0.08668518589383575,-0.15092839239706934,0.013810445585774959,0.18086066902996883,0.9434591839738603,6.138288585654107,False,0.023064889767271564,False,True,
signature_stationary_mixed_nuisance,14102,full,pre_shift,70,-0.2,0.0,0.2,-0.08974573275207245,0.011643715130790116,0.010823565768387937,-0.1537136830964471,0.00799966286529713,0.18482215376290856,2.3969874442653567,21.887457769673727,False,0.017779839998972924,False,True,
signature_stationary_mixed_nuisance,14103,full,pre_shift,70,-0.2,0.0,0.2,-0.07692084332169706,-0.01023087336498537,0.0693162537524619,-0.1465727858795566,0.0071434419723524645,0.18352421809910013,1.4387749377496102,44.28090868618667,False,0.018759407612586574,False,True,
signature_stationary_mixed_nuisance,14104,full,pre_shift,70,-0.2,0.0,0.2,-0.07605007063690819,-9.637855031539456e-05,0.06191170551915107,-0.15983453427035416,0.0005176279060079319,0.17626371828592216,1.662848297944718,28.695103534907773,False,0.016306491513683352,False,True,
signature_stationary_mixed_nuisance,14105,full,pre_shift,70,-0.2,0.0,0.2,-0.08367758381387493,0.0029557024877639006,0.08619258927669976,-0.1500275552605735,0.010007873094257352,0.18087856369011152,1.0921290261875913,36.090046005271134,False,0.027174839189842617,False,True,
signature_stationary_mixed_nuisance,14106,full,pre_shift,70,-0.2,0.0,0.2,-0.1000495529784552,-0.007168344347305612,0.06779666938372188,-0.1608581328537826,0.0038186177841734574,0.17808089479805306,1.2211663219217506,8.681431262745464,False,0.026790810912244115,False,True,
signature_stationary_mixed_nuisance,14107,full,pre_shift,70,-0.2,0.0,0.2,-0.07367768035208971,0.008941770165490515,0.04020800804184103,-0.1495061921460393,0.012469318569058578,0.18766652829652786,2.0599744287788755,24.29690564313632,False,0.026685270433370073,False,True,
signature_stationary_mixed_nuisance,14108,full,pre_shift,70,-0.2,0.0,0.2,-0.06582935195765266,-0.0036113979190973734,0.03590863619273861,-0.14823128013944023,0.010054025113458136,0.18020431910804455,2.1476252981985664,58.35531283506579,False,0.014099371768183225,False,True,
signature_stationary_mixed_nuisance,14109,full,pre_shift,70,-0.2,0.0,0.2,-0.07129373683411643,-0.013149683170091266,0.04633346098015139,-0.15177720904245115,0.0025669741206899746,0.1783338823400642,1.903591764866899,10.572989538288898,False,0.03646540932967739,False,True,
signature_stationary_mixed_nuisance,14110,full,pre_shift,70,-0.2,0.0,0.2,-0.0652259715319508,0.004634478121907637,0.021624165670848006,-0.15557464867882656,0.006849161773471157,0.18270722775870396,2.6119282727411295,23.481754842927337,False,0.023517441010848114,False,True,
signature_stationary_mixed_nuisance,14111,full,pre_shift,70,-0.2,0.0,0.2,-0.061930386602110345,0.0035639317504811228,0.007091355148807281,-0.15304971105799936,0.00939324584495332,0.178993823512651,2.8586336656278655,63.31568833568931,False,0.022316615663579235,False,True,
signature_stationary_mixed_nuisance,14112,full,pre_shift,70,-0.2,0.0,0.2,-0.07207254955436158,-0.0033832686472607862,0.038184733680797577,-0.16303612600518608,-0.0005977677691261826,0.18554492732874636,2.359554934436136,10.531884591143939,False,0.058396633637311,False,True,
signature_stationary_mixed_nuisance,14113,full,pre_shift,70,-0.2,0.0,0.2,-0.07560061628679504,-0.012017866130322196,0.049850113802880375,-0.1475542483058394,0.008728831767241194,0.18301453443662888,1.7888247068025314,60.233257127514314,False,0.03489166106040087,False,True,
signature_stationary_mixed_nuisance,14114,full,pre_shift,70,-0.2,0.0,0.2,-0.0724705796846689,-0.00029177901199032343,0.022281838115272293,-0.15944176443114136,0.007973443996065687,0.17286617861985715,2.342783596399887,54.680119977874426,False,0.019351054930208913,False,True,
signature_stationary_mixed_nuisance,14115,full,pre_shift,70,-0.2,0.0,0.2,-0.06538529208160794,0.009505259898867614,0.019279793842801853,-0.1454557255094214,0.010848969361310036,0.183055713139892,2.4571268811679867,53.01041280202281,False,0.022548084608199938,False,True,
signature_stationary_mixed_nuisance,14116,full,pre_shift,70,-0.2,0.0,0.2,-0.051671116729530155,0.010612514371020206,0.008457942538997927,-0.1450457733355246,0.009934296816546546,0.18542856353256876,3.017510923802847,60.045754007939976,False,0.007140709772902547,False,True,
signature_stationary_mixed_nuisance,14117,full,pre_shift,70,-0.2,0.0,0.2,-0.07327501965023878,0.00915147317811212,0.030037949364912997,-0.1469878171887472,0.009377999972971063,0.18838032271333333,2.2293381326859003,31.237936296219406,False,0.07743615881441951,False,True,
signature_stationary_mixed_nuisance,14118,full,pre_shift,70,-0.2,0.0,0.2,-0.0362689477278677,-0.0014901001599015647,0.012544799876592884,-0.14518616927022687,0.008226661530139939,0.1839449094381349,3.285873500982921,80.21728600518603,False,0.013262743749621756,False,True,
signature_stationary_mixed_nuisance,14119,full,pre_shift,70,-0.2,0.0,0.2,-0.0795339491496509,-0.008179334417931401,0.06892597153493525,-0.14577356000923117,0.011099207347033185,0.18035314284143616,1.3530208900015346,22.251177729723878,False,0.007727426318054511,False,True,
signature_stationary_mixed_nuisance,14120,full,pre_shift,70,-0.2,0.0,0.2,-0.09222395142196164,-0.012880115906537341,0.06846505247413343,-0.15886926374085164,-0.0025793897880106334,0.18947351421375014,1.465035487274415,30.12707270816189,False,0.033065436707055876,False,True,
signature_stationary_mixed_nuisance,14121,full,pre_shift,70,-0.2,0.0,0.2,-0.06778858323382864,-0.01707246879756254,0.04307628926852261,-0.14601704180170347,0.002536107580087891,0.1775983139739323,1.9197206185865963,36.48918824895123,False,0.04481080316759057,False,True,
signature_stationary_mixed_nuisance,14122,full,pre_shift,70,-0.2,0.0,0.2,-0.07998321287579722,0.009905277191804495,0.008429411457472788,-0.1544917412183027,0.007855956784119607,0.17859408714479189,2.487985904430055,15.879885974369163,False,0.03798415359033249,False,True,
signature_stationary_mixed_nuisance,14123,full,pre_shift,70,-0.2,0.0,0.2,-0.09694176493853546,-0.012262199705636653,0.08460444742442715,-0.15057625446564973,0.008450829151036598,0.18314860303885647,1.0064326114208506,26.264216472392555,False,0.026992797237460026,False,True,
signature_stationary_mixed_nuisance,14124,full,pre_shift,70,-0.2,0.0,0.2,-0.08927510169906726,0.01197941045836428,0.04425230517757512,-0.14799020327892579,0.011433539146480627,0.18751419832566185,1.7046117364498647,1.0534714782184678,False,0.030489964375282036,False,True,
signature_stationary_mixed_nuisance,14125,full,pre_shift,70,-0.2,0.0,0.2,-0.08754286400469913,-0.011238072275200817,0.06364636084391957,-0.1475364566624748,0.009044710591276026,0.18479652739828784,1.4050079392102013,29.04580232961657,False,0.030718375211009417,False,True,
signature_stationary_mixed_nuisance,14126,full,pre_shift,70,-0.2,0.0,0.2,-0.0730368163381417,-0.012298093956387002,0.033759701440182706,-0.15198475942944628,0.002522489361977254,0.18063942887482975,2.1325417240952884,24.955902662077726,False,0.1090962693353481,False,True,
signature_stationary_mixed_nuisance,14127,full,pre_shift,70,-0.2,0.0,0.2,-0.08674410113567053,0.011168344000442214,0.011042827766928215,-0.15419517336940217,0.008403597553887244,0.18264318968008986,2.398748123679036,26.627647050358462,False,0.028144939852920305,False,True,
signature_stationary_mixed_nuisance,14128,full,pre_shift,70,-0.2,0.0,0.2,-0.0892589363650683,-0.006408507815877542,0.09190409067815274,-0.14577943142915226,0.00759528431258791,0.19518719650278868,1.0722545257789617,0.0,False,0.041860799681807476,False,True,
signature_stationary_mixed_nuisance,14129,full,pre_shift,70,-0.2,0.0,0.2,-0.07207476029341874,-0.00013204996531739272,0.02503918051449608,-0.15675865145113418,0.0016850071803107386,0.18561586030899044,2.483153439871235,14.1659190867746,False,0.05493325483771546,False,True,
signature_stationary_mixed_nuisance,14130,full,pre_shift,70,-0.2,0.0,0.2,-0.05804562249572912,-0.003433152779307277,0.0644058906989363,-0.1596356635146211,-0.0038349856442696714,0.18340355009932863,2.1294105684671774,40.80032661016679,False,0.031353534237767856,False,True,
signature_stationary_mixed_nuisance,14101,full,pre_shift,71,0.12,-0.1,-0.15,0.03152945368682915,-0.02540518369648247,-0.04734043722971549,0.10191896781900286,-0.07496100672907977,-0.13169473677533797,1.311805594265818,5.950094179919924,False,0.04539326143851641,False,True,
signature_stationary_mixed_nuisance,14102,full,pre_shift,71,0.12,-0.1,-0.15,0.037708311398610736,-0.03165664615415626,-0.007022082509294702,0.09875293702345549,-0.0836685614298502,-0.1311685474858006,1.71387865764237,22.101336427316095,False,0.09939067530552448,False,True,
signature_stationary_mixed_nuisance,14103,full,pre_shift,71,0.12,-0.1,-0.15,0.010793784006568443,-0.030955473236946297,-0.024282017389409518,0.09745835183661142,-0.08452780083712202,-0.1305522001613928,1.9253400410201251,44.7062487272068,False,0.007137422862597166,False,True,
signature_stationary_mixed_nuisance,14104,full,pre_shift,71,0.12,-0.1,-0.15,0.006631470089200624,-0.031488941574397675,-0.027928090104217554,0.09952615936510273,-0.08409316531230875,-0.13650939913630983,2.0721834119513756,29.267286946859148,False,0.04770454580559894,False,True,
signature_stationary_mixed_nuisance,14105,full,pre_shift,71,0.12,-0.1,-0.15,0.010446912534355464,-0.02138498846054493,-0.044953925553670344,0.10106249871996405,-0.08497835356242069,-0.1368420231212502,1.956718817060976,36.54676482233211,False,0.158791966221388,False,True,
signature_stationary_mixed_nuisance,14106,full,pre_shift,71,0.12,-0.1,-0.15,0.05738106537633897,-0.029824189003983145,0.00494687353214286,0.10893445549665742,-0.08082263561737195,-0.13248634726065175,1.7859104571284512,8.967341719873916,False,0.07091295244907665,False,True,
signature_stationary_mixed_nuisance,14107,full,pre_shift,71,0.12,-0.1,-0.15,0.028164098152322126,-0.03552458632984194,-0.04580708854635141,0.10453120724424854,-0.08189643905664735,-0.13142390912871338,1.3957504316105938,24.192656074746914,False,0.04656106953329568,False,True,
signature_stationary_mixed_nuisance,14108,full,pre_shift,71,0.12,-0.1,-0.15,0.0024790489525923325,-0.025124685996748882,-0.04479018704814566,0.09817812818452362,-0.08298153160727101,-0.13637488132740885,1.9946384984043208,58.84995133347011,False,0.07266120225030286,False,True,
signature_stationary_mixed_nuisance,14109,full,pre_shift,71,0.12,-0.1,-0.15,0.06277180144599116,-0.02135800933959572,-0.05823964948698867,0.10854315024626512,-0.08679731637564858,-0.1334406157107944,1.0987507340954539,10.171740272384351,False,0.17509929309538433,False,True,
signature_stationary_mixed_nuisance,14110,full,pre_shift,71,0.12,-0.1,-0.15,0.028588030617474627,-0.032432207558432846,-0.05273853627449904,0.10111565632431636,-0.08908109588258628,-0.13680739378686319,1.4322351817069796,23.413990024634316,False,0.023897895294383388,False,True,
signature_stationary_mixed_nuisance,14111,full,pre_shift,71,0.12,-0.1,-0.15,0.02712390335970152,-0.029805135848733826,-0.03414346358491998,0.1051951626750971,-0.07864560798412862,-0.1360495086651595,1.6441710132502798,63.45985934893959,False,0.061562272585379996,False,True,
signature_stationary_mixed_nuisance,14112,full,pre_shift,71,0.12,-0.1,-0.15,0.04058539564789293,-0.02357975493785909,-0.05047373470188687,0.09875155073216683,-0.08091699339036927,-0.13300318795873214,1.2063871947220564,10.238271785865996,False,0.051475573926623636,False,True,
signature_stationary_mixed_nuisance,14113,full,pre_shift,71,0.12,-0.1,-0.15,0.05177555085648364,-0.016823891210420983,0.0048952119657518795,0.11108426753554909,-0.08190126736926069,-0.1330050072536116,2.083111718067106,60.81636884558142,False,0.08536929242302933,False,True,
signature_stationary_mixed_nuisance,14114,full,pre_shift,71,0.12,-0.1,-0.15,0.03279677700124968,-0.02619272598353934,-0.05319418535264863,0.10382988737531454,-0.08771342513675788,-0.13219248121599023,1.426560616661208,54.60668059453563,False,0.02059168517744872,False,True,
signature_stationary_mixed_nuisance,14115,full,pre_shift,71,0.12,-0.1,-0.15,0.004526503476719996,-0.029810759384769726,-0.022506568556678333,0.09783504093646067,-0.08164902019002249,-0.13207405161347457,2.0886820787523526,53.59909488077517,False,0.022193445435563793,False,True,
signature_stationary_mixed_nuisance,14116,full,pre_shift,71,0.12,-0.1,-0.15,0.03777042323043285,-0.03219541694329973,-0.025751174675953212,0.10270209244861006,-0.0886935756113063,-0.12988030198688374,1.547003459235901,60.09275746717588,False,0.02468544284150312,False,True,
signature_stationary_mixed_nuisance,14117,full,pre_shift,71,0.12,-0.1,-0.15,0.013258402432084353,-0.03742517253248228,-0.03801934043678173,0.10169932496162387,-0.08198239249525456,-0.13576495148002884,1.748795201710543,31.48673149792995,False,0.024576237810879097,False,True,
signature_stationary_mixed_nuisance,14118,full,pre_shift,71,0.12,-0.1,-0.15,0.039726015287965925,-0.030646965770572656,-0.0229345827585251,0.10425039776669319,-0.07570001847101179,-0.1337465192879623,1.4898744320966395,80.20716043728267,False,0.21932997129469484,False,True,
signature_stationary_mixed_nuisance,14119,full,pre_shift,71,0.12,-0.1,-0.15,0.024984461815433706,-0.029833801687035155,-0.050797471783926504,0.10173838207796075,-0.08131950023142191,-0.1272563200113511,1.3690683664146193,22.120246096138498,False,0.0393658305926634,False,True,
signature_stationary_mixed_nuisance,14120,full,pre_shift,71,0.12,-0.1,-0.15,0.06690224170504784,-0.031151817322492805,-0.020008123465620954,0.11127696905904445,-0.08872358735734676,-0.12335564769337434,1.280911525794856,29.907984233956746,False,0.0871259330369844,False,True,
signature_stationary_mixed_nuisance,14121,full,pre_shift,71,0.12,-0.1,-0.15,0.03705556049917875,-0.031366152600462924,-0.03499897624838671,0.1071195575466967,-0.07740960144815569,-0.13508862014239056,1.447356451621605,36.43654470057284,False,0.06577005897738225,False,True,
signature_stationary_mixed_nuisance,14122,full,pre_shift,71,0.12,-0.1,-0.15,0.04533363418085787,-0.02998107365409291,-0.07110901681464071,0.10641635189452638,-0.08019204415537194,-0.1346700729462934,0.9869703778867785,15.366856352255942,False,0.08554981630611211,False,True,
signature_stationary_mixed_nuisance,14123,full,pre_shift,71,0.12,-0.1,-0.15,0.005699554425131272,-0.030857519218213267,-0.039647154379965216,0.1027750203923514,-0.0803910013640029,-0.13623790046869869,1.9790957499026576,26.743312222295213,False,0.027402963002595503,False,True,
signature_stationary_mixed_nuisance,14124,full,pre_shift,71,0.12,-0.1,-0.15,0.043449401036604045,-0.031322763467121234,-0.0024338522535780594,0.10401375596832686,-0.08181646628439285,-0.12735694313880505,1.7025631258576173,1.256034604076085,False,0.07327493409074028,False,True,
signature_stationary_mixed_nuisance,14125,full,pre_shift,71,0.12,-0.1,-0.15,0.047555163346111214,-0.03031206864351489,-0.024638578804401522,0.11063079526808119,-0.08531186066651913,-0.13147821681273109,1.5311614457256006,29.076963775342172,False,0.015394388666133818,False,True,
signature_stationary_mixed_nuisance,14126,full,pre_shift,71,0.12,-0.1,-0.15,0.05655427501822946,-0.028516411557832216,-0.0282557353593075,0.10793386142911855,-0.07856880065191042,-0.14014441299631109,1.3736534485888372,24.829556110666562,False,0.16007528516900613,False,True,
signature_stationary_mixed_nuisance,14127,full,pre_shift,71,0.12,-0.1,-0.15,0.037917415611308895,-0.03290928577172369,-0.021177331105652647,0.1045325540482645,-0.08173133950632418,-0.13420593500270858,1.5965066583597933,26.724153708718255,False,0.046137436698021096,False,True,
signature_stationary_mixed_nuisance,14128,full,pre_shift,71,0.12,-0.1,-0.15,0.0423408954590611,-0.036042614886082736,-0.010120338620001477,0.10315047102558177,-0.08365605555630609,-0.12553948989303637,1.5312753751239103,0.03127537512391032,False,0.08342002472123418,False,True,
signature_stationary_mixed_nuisance,14129,full,pre_shift,71,0.12,-0.1,-0.15,0.03827504663677246,-0.0218814828141172,-0.046440612956473434,0.09514744156296917,-0.08234548618827085,-0.13223440109680987,1.2692611314502844,13.935180218224884,False,0.02602881204828415,False,True,
signature_stationary_mixed_nuisance,14130,full,pre_shift,71,0.12,-0.1,-0.15,-0.00273372895757338,-0.016591076639204925,-0.05295520775755357,0.09337025726592642,-0.08345727004031382,-0.13758913349357557,2.0594302470127626,41.359756857179555,False,0.04649511278420912,False,True,
signature_stationary_mixed_nuisance,14101,full,pre_shift,72,0.12,0.1,0.15,0.028862030761777648,0.008836209975506258,0.004724775693184956,0.0965367154499828,0.08678925435572558,0.1328949279254621,2.2672177917296414,6.717311971649566,False,0.12611599747858296,False,True,
signature_stationary_mixed_nuisance,14102,full,pre_shift,72,0.12,0.1,0.15,0.025272721085612834,0.018349223786247083,0.027479719003040866,0.10169905639545745,0.08206691426430324,0.13473463107027323,1.873449622203325,22.47478604951942,False,0.04675137437689867,False,True,
signature_stationary_mixed_nuisance,14103,full,pre_shift,72,0.12,0.1,0.15,0.03488842917958103,0.003970011447876072,0.025279847491574255,0.09941865419072313,0.08396595949523752,0.1381444889846792,2.0285538513266306,45.234802578533426,False,0.04214829425503436,False,True,
signature_stationary_mixed_nuisance,14104,full,pre_shift,72,0.12,0.1,0.15,0.04016721664518122,0.012288859034542276,0.021054355119771575,0.09668802909777524,0.08604827556643051,0.13604610746546447,1.8311213226873937,29.598408269546542,False,0.010511569904343886,False,True,
signature_stationary_mixed_nuisance,14105,full,pre_shift,72,0.12,0.1,0.15,0.015026335357151942,0.019002488969408732,0.0027773081831916104,0.09430747654356784,0.08674518055677362,0.12977803446704628,2.276581560743552,37.32334638307566,False,0.023193125629933663,False,True,
signature_stationary_mixed_nuisance,14106,full,pre_shift,72,0.12,0.1,0.15,0.01657387483040671,0.03416135148441803,0.049787114687960723,0.09965314300985666,0.08913299001745852,0.1364481075810882,1.6241007063684894,9.091442426242406,False,0.038612523102729945,False,True,
signature_stationary_mixed_nuisance,14107,full,pre_shift,72,0.12,0.1,0.15,0.014852234081510176,0.029982193138271728,0.05319688144912986,0.09809286446816459,0.08658944529370229,0.13829715682258883,1.6346137024195677,24.32726977716648,False,0.08775376620763203,False,True,
signature_stationary_mixed_nuisance,14108,full,pre_shift,72,0.12,0.1,0.15,0.019807914113788395,0.0006252628745720949,-0.00783754191858726,0.09553821511418023,0.08368113264254017,0.13472629673111386,2.744344310066531,60.09429564353664,False,0.010466796941090126,False,True,
signature_stationary_mixed_nuisance,14109,full,pre_shift,72,0.12,0.1,0.15,0.025872151447778796,0.014316453284304616,0.050358183764229875,0.10741149745354532,0.08354213840927975,0.13411705868659993,1.7734108267192408,10.445151099103592,False,0.051319836175275066,False,True,
signature_stationary_mixed_nuisance,14110,full,pre_shift,72,0.12,0.1,0.15,0.023112524021298438,0.027443389206337973,0.03215567130046361,0.10209846278232168,0.08563133354470678,0.13555770337746448,1.787993584758107,23.70198360939242,False,0.04692040307002515,False,True,
signature_stationary_mixed_nuisance,14111,full,pre_shift,72,0.12,0.1,0.15,0.023964219386731826,0.024599923035047804,-0.018577550598508553,0.09552625108903712,0.08598337717158164,0.13258016841646222,2.4620083825519434,64.42186773149153,False,0.07508511972413856,False,True,
signature_stationary_mixed_nuisance,14112,full,pre_shift,72,0.12,0.1,0.15,0.028828148709804508,0.025427818517522932,0.049054821567671436,0.1021121185117527,0.08764804348951667,0.1359744680245784,1.5502097262103864,10.288481512076382,False,0.04981731357284517,False,True,
signature_stationary_mixed_nuisance,14113,full,pre_shift,72,0.12,0.1,0.15,0.01777075211761352,0.021970698551500432,0.023184498726867068,0.10302097442259059,0.08625136949659369,0.13795685951229295,2.153237781413644,61.469606626995066,False,0.0705877415240836,False,True,
signature_stationary_mixed_nuisance,14114,full,pre_shift,72,0.12,0.1,0.15,0.031931885266958476,0.0002747191912127111,0.007046611044968062,0.0961621923014467,0.0857432782912463,0.13325719373797057,2.327357127063533,55.43403772159917,False,0.08786471966232823,False,True,
signature_stationary_mixed_nuisance,14115,full,pre_shift,72,0.12,0.1,0.15,0.019850389168904362,0.016493311874416144,-0.0021733091865615227,0.09422746155639533,0.08535082453916155,0.13487680596917284,2.37137570488056,54.47047058565573,False,0.03399679267849052,False,True,
signature_stationary_mixed_nuisance,14116,full,pre_shift,72,0.12,0.1,0.15,-0.008544778371082475,0.02479200758951442,0.00821622464086794,0.09888138167798396,0.08239318136990177,0.13469838936276213,2.7333068914783354,61.326064358654214,False,0.01978945815378679,False,True,
signature_stationary_mixed_nuisance,14117,full,pre_shift,72,0.12,0.1,0.15,0.00420173950080013,0.05677795880787957,-0.019827374437122257,0.09518361246847973,0.08961781136088404,0.13826628368046334,2.647707871639327,32.63443936956928,False,0.10908212483822212,False,True,
signature_stationary_mixed_nuisance,14118,full,pre_shift,72,0.12,0.1,0.15,-0.009913659559132478,0.026564643496913655,0.008767516082145033,0.10494229210381874,0.09121953151910604,0.13552248539078887,3.031771630369508,81.73893206765217,False,0.04954137742282937,False,True,
signature_stationary_mixed_nuisance,14119,full,pre_shift,72,0.12,0.1,0.15,0.03723999948019438,0.00031819711647412103,0.056706179755405005,0.10169067941804277,0.08321076438040614,0.14068165307370706,1.728377869113823,22.348623965252322,False,0.05073650530558872,False,True,
signature_stationary_mixed_nuisance,14120,full,pre_shift,72,0.12,0.1,0.15,0.05756551219770737,0.031449415875000684,0.04822076223200215,0.10342784745356713,0.08906991755821728,0.1445334852221929,1.2042440899861238,29.61222832394287,False,0.13578615203524383,False,True,
signature_stationary_mixed_nuisance,14121,full,pre_shift,72,0.12,0.1,0.15,0.03579247090932818,0.03051707748230524,0.0463854361131176,0.1068221175650444,0.0879510728535319,0.13745792070984822,1.4890372923377342,36.42558199291057,False,0.08744475394370212,False,True,
signature_stationary_mixed_nuisance,14122,full,pre_shift,72,0.12,0.1,0.15,0.014506715451858998,0.03743122181228455,0.0003208578286486573,0.09437084271010769,0.08567434051090213,0.13097851126239105,2.079053964351019,15.94591031660696,False,0.037539146556507245,False,True,
signature_stationary_mixed_nuisance,14123,full,pre_shift,72,0.12,0.1,0.15,0.014706109590832725,0.03502708752185214,0.009706636826027707,0.09510239459707726,0.08787121773094131,0.13679845258461373,2.087050211406861,27.330362433702074,False,0.048863750965168935,False,True,
signature_stationary_mixed_nuisance,14124,full,pre_shift,72,0.12,0.1,0.15,0.026749632037306615,0.027884148113033143,0.043563469433549586,0.09868659143629001,0.08594380217526366,0.1432230826906481,1.6153495110354976,1.3713841151115826,False,0.08414771032999016,False,True,
signature_stationary_mixed_nuisance,14125,full,pre_shift,72,0.12,0.1,0.15,0.03467310498702553,0.026309796857131917,0.03775341374620965,0.10028429065718772,0.08625676182209004,0.13859249743964264,1.5553448757711597,29.13230865111333,False,0.08292227358130942,False,True,
signature_stationary_mixed_nuisance,14126,full,pre_shift,72,0.12,0.1,0.15,0.03981011596580233,0.03967663988444417,0.03098595095004238,0.10814503890103772,0.08875048631924924,0.13522082945462013,1.4842093814915336,24.813765492158097,False,0.17641581992124247,False,True,
signature_stationary_mixed_nuisance,14127,full,pre_shift,72,0.12,0.1,0.15,0.030601957343568673,0.02013554953991043,0.035757369315891276,0.09711996659354659,0.08607931408317675,0.134771184280163,1.6363707204876539,26.86052442920591,False,0.17493997380624193,False,True,
signature_stationary_mixed_nuisance,14128,full,pre_shift,72,0.12,0.1,0.15,0.010982516976443146,0.04353834431298671,0.042912907969119604,0.10011642944949152,0.08629527717632639,0.14401290861264787,1.7717358203801814,0.3030111955040917,False,0.04378172101872554,False,True,
signature_stationary_mixed_nuisance,14129,full,pre_shift,72,0.12,0.1,0.15,0.027759390687104556,0.026755104447329762,0.019230694219332278,0.09965329551647273,0.08241406463536162,0.13405167566534743,1.7854901506182221,14.220670368843106,False,0.0829013289757435,False,True,
signature_stationary_mixed_nuisance,14130,full,pre_shift,72,0.12,0.1,0.15,0.029561984317137073,0.006734421607177061,0.0009261449095927757,0.09597739956235415,0.08153659014084792,0.1347310675657036,2.285712425971116,42.14546928315067,False,0.07592678665559723,False,True,
signature_stationary_mixed_nuisance,14101,full,pre_shift,73,-0.2,0.0,-0.2,-0.06916346355615778,0.024604660560040577,-0.07305323358726139,-0.15578414966808804,0.009301438924257376,-0.19398231896876098,1.836635780161134,7.0539477518107,False,0.026925735604360998,False,True,
signature_stationary_mixed_nuisance,14102,full,pre_shift,73,-0.2,0.0,-0.2,-0.10527281991079546,0.024921931578023124,-0.07257774671650827,-0.164929719149453,0.004974958186182636,-0.1957408291940505,1.417461802141861,22.39224785166128,False,0.012825867423690808,False,True,
signature_stationary_mixed_nuisance,14103,full,pre_shift,73,-0.2,0.0,-0.2,-0.06552334014348142,0.012090056144383209,-0.020018122429444573,-0.15988080883207226,0.0037367862748637825,-0.1970266962234101,3.0313541232725054,46.76615670180593,False,0.030608336295425535,False,True,
signature_stationary_mixed_nuisance,14104,full,pre_shift,73,-0.2,0.0,-0.2,-0.08053540793962247,0.01731542997465967,-0.061549032574380796,-0.16638701681446635,0.00167434969705846,-0.20225556581614085,2.147122229965831,30.245530499512373,False,0.016794248332455786,False,True,
signature_stationary_mixed_nuisance,14105,full,pre_shift,73,-0.2,0.0,-0.2,-0.04661502318592062,0.0188423087297004,-0.04769995700251134,-0.1563432748329524,0.006363230062445484,-0.19374654405165365,2.787489985708983,38.61083636878464,False,0.06123810470854163,False,True,
signature_stationary_mixed_nuisance,14106,full,pre_shift,73,-0.2,0.0,-0.2,-0.0659293802669165,0.023479125965083426,-0.08043128619438,-0.16311936871326388,0.00367277997988164,-0.19683125188112835,2.0212316970456925,9.612674123288098,False,0.016944482002135348,False,True,
signature_stationary_mixed_nuisance,14107,full,pre_shift,73,-0.2,0.0,-0.2,-0.0660984542985572,0.009964623352374342,-0.044884726850490386,-0.15626562423823462,0.008203942956860815,-0.1961107332683689,2.4010026949121035,25.228272472078586,False,0.025542220613216877,False,True,
signature_stationary_mixed_nuisance,14108,full,pre_shift,73,-0.2,0.0,-0.2,-0.058639364621606425,0.019427787332367635,-0.05761561295405049,-0.15711675145666726,0.008965731960267922,-0.20067168650481096,2.4495221937517577,61.0438178372884,False,0.030917488560736152,False,True,
signature_stationary_mixed_nuisance,14109,full,pre_shift,73,-0.2,0.0,-0.2,-0.054987461958317954,0.012810804382217425,-0.0959233743986627,-0.15968752371217473,0.0029764281004660705,-0.2034566862997607,2.0413493277608548,10.986500426864447,False,0.07263328186458971,False,True,
signature_stationary_mixed_nuisance,14110,full,pre_shift,73,-0.2,0.0,-0.2,-0.0664843184369125,0.01866784325841731,-0.09566649324795143,-0.16049906979372444,0.006340191459150103,-0.19895081855411959,1.7390223419740536,23.941005951366474,False,0.03203483305679653,False,True,
signature_stationary_mixed_nuisance,14111,full,pre_shift,73,-0.2,0.0,-0.2,-0.049588125732075654,0.018890688276213624,-0.07251661008007375,-0.15521038743115695,0.008090309014903076,-0.20131408581502344,2.3813840735015974,65.30325180499312,False,0.08405156550281816,False,True,
signature_stationary_mixed_nuisance,14112,full,pre_shift,73,-0.2,0.0,-0.2,-0.0949766011363193,0.007213854033892441,-0.0654791900276128,-0.17102695702811954,-0.00020609672510012926,-0.19850528787599492,1.8002445601154677,10.58872607219185,False,0.02329292223173879,False,True,
signature_stationary_mixed_nuisance,14113,full,pre_shift,73,-0.2,0.0,-0.2,-0.053574125884355034,0.0008532072416019381,-0.014011599443913617,-0.1573202357949832,0.00575730157061352,-0.19427343413065182,3.321155470121196,63.290762097116264,False,0.03300428384123891,False,True,
signature_stationary_mixed_nuisance,14114,full,pre_shift,73,-0.2,0.0,-0.2,-0.037705723138819765,0.007274124383062004,-0.06459982918561047,-0.1587125414990056,0.005396874700610855,-0.20513533538117196,2.9826971880789253,56.91673490967809,False,0.11679439714758177,False,True,
signature_stationary_mixed_nuisance,14115,full,pre_shift,73,-0.2,0.0,-0.2,-0.0712138756771606,0.017269933403179373,-0.06546471282944435,-0.1560045438854835,0.006581021794620439,-0.19890144769587995,1.9839432993080426,54.95441388496378,False,0.06770897139641789,False,True,
signature_stationary_mixed_nuisance,14116,full,pre_shift,73,-0.2,0.0,-0.2,-0.04200690653719905,0.02702917589575566,-0.09580999143764077,-0.1514904551835582,0.005721882704070078,-0.1950459970773475,2.0986079960835826,61.924672354737794,False,0.029106814991424534,False,True,
signature_stationary_mixed_nuisance,14117,full,pre_shift,73,-0.2,0.0,-0.2,-0.0777176321030643,0.009550991968163546,-0.09148810147472854,-0.15612086309689327,0.007552855520881067,-0.19801516781044823,1.4422953927078845,32.57673476227716,False,0.03683047404316046,False,True,
signature_stationary_mixed_nuisance,14118,full,pre_shift,73,-0.2,0.0,-0.2,-0.049651432053078544,0.0005261744282777427,-0.04830569180786905,-0.15383144263951393,0.006179925518404728,-0.20093532004144973,2.7536829668436336,82.9926150344958,False,0.018627337995361194,False,True,
signature_stationary_mixed_nuisance,14119,full,pre_shift,73,-0.2,0.0,-0.2,-0.05431020492251517,0.006986049655280542,-0.0503458698740376,-0.1538567795343665,0.007996129397685852,-0.20275318978986165,2.6349701163594297,23.483594081611752,False,0.020584095155992868,False,True,
signature_stationary_mixed_nuisance,14120,full,pre_shift,73,-0.2,0.0,-0.2,-0.07064036174749867,-0.01627366290288444,-0.003580715136407892,-0.16104598619092322,-0.005680173043287458,-0.19795925646178714,3.351895075265057,31.464123399207928,False,0.07243959263290647,False,True,
signature_stationary_mixed_nuisance,14121,full,pre_shift,73,-0.2,0.0,-0.2,-0.06310309470357722,-0.011026232733914088,-0.03550048368152779,-0.15693662365201208,0.0015497964340337705,-0.20450253004688884,2.8553434097803922,37.78092540269097,False,0.045479534476586994,False,True,
signature_stationary_mixed_nuisance,14122,full,pre_shift,73,-0.2,0.0,-0.2,-0.0678767138167158,0.020360363398370645,-0.1419105482920581,-0.15654255126269778,0.00582182989727774,-0.2028556331991778,1.1948347817140743,15.640745098321036,False,0.010410317182857681,False,True,
signature_stationary_mixed_nuisance,14123,full,pre_shift,73,-0.2,0.0,-0.2,-0.06354914767631767,0.016306423507869032,-0.05204598258834848,-0.1567898614255231,0.005319023744625367,-0.19540382978005658,2.337244821790893,28.167607255492968,False,0.013866548094655857,False,True,
signature_stationary_mixed_nuisance,14124,full,pre_shift,73,-0.2,0.0,-0.2,-0.08723563859448305,0.021251329597541387,-0.09779309201224583,-0.15566254051391326,0.008881704461795873,-0.20128922701789753,1.2457508388318808,1.1171349539434634,False,0.02481245665029913,False,True,
signature_stationary_mixed_nuisance,14125,full,pre_shift,73,-0.2,0.0,-0.2,-0.06685166081650971,-0.0051364087814703115,-0.008514561976335967,-0.15404361527125596,0.006369850888798428,-0.1986637671944088,3.1867859674156787,30.819094618529007,False,0.008086413937169353,False,True,
signature_stationary_mixed_nuisance,14126,full,pre_shift,73,-0.2,0.0,-0.2,-0.07230167521265086,0.007527994522130734,-0.06064747596204539,-0.1599738972971573,0.0030133064978275547,-0.2009571767094103,2.1480778160380076,25.461843308196105,False,0.027842959035717714,False,True,
signature_stationary_mixed_nuisance,14127,full,pre_shift,73,-0.2,0.0,-0.2,-0.08279611848724047,0.013957620469019234,-0.08238685067205205,-0.15832236501790883,0.006538396916088562,-0.19966910828565376,1.5455452675256278,26.90606969673154,False,0.02623201495900334,False,True,
signature_stationary_mixed_nuisance,14128,full,pre_shift,73,-0.2,0.0,-0.2,-0.09256701833550093,0.014970759852354628,-0.06862913087157971,-0.15843886707349894,0.0036655994917040766,-0.19438251054388334,1.520024505295827,0.3230357007999187,False,0.02161512867090269,False,True,
signature_stationary_mixed_nuisance,14129,full,pre_shift,73,-0.2,0.0,-0.2,-0.10074279796234263,0.020261496613621574,-0.08768064683288307,-0.16432144622048886,0.0006395786831630171,-0.19477974041788332,1.2433883073186898,13.964058676161795,False,0.03091599650058488,False,True,
signature_stationary_mixed_nuisance,14130,full,pre_shift,73,-0.2,0.0,-0.2,-0.07961589690784966,0.013441061378206302,-0.07923158766857658,-0.16890724805146073,-0.005039304739755732,-0.19664439790381744,1.853083869323494,42.49855315247416,False,0.08042223968703177,False,True,
signature_stationary_mixed_nuisance,14101,full,pre_shift,74,-0.2,0.0,0.2,-0.09632254804514961,-0.006013826771963622,0.08236058764800672,-0.15092839239706934,0.013810445585774959,0.18086066902996883,1.0113161967154232,6.565263948526123,False,0.02437350189330948,False,True,
signature_stationary_mixed_nuisance,14102,full,pre_shift,74,-0.2,0.0,0.2,-0.09095034557470626,0.01238996970862013,0.008979796819839004,-0.1537136830964471,0.00799966286529713,0.18482215376290856,2.4199159819470735,23.312163833608356,False,0.021824222933493755,False,True,
signature_stationary_mixed_nuisance,14103,full,pre_shift,74,-0.2,0.0,0.2,-0.07417469171701288,-0.01050970248403342,0.06995095569918718,-0.1465727858795566,0.0071434419723524645,0.18352421809910013,1.4779491543489314,46.74410585615487,False,0.0044538249744118285,False,True,
signature_stationary_mixed_nuisance,14104,full,pre_shift,74,-0.2,0.0,0.2,-0.0766447106061053,-0.0005160605199272698,0.0675813004315708,-0.15983453427035416,0.0005176279060079319,0.17626371828592216,1.5709295739059843,30.31646007341836,False,0.022115580521015803,False,True,
signature_stationary_mixed_nuisance,14105,full,pre_shift,74,-0.2,0.0,0.2,-0.08176264701590936,0.0024730085625181662,0.08723896804272604,-0.1500275552605735,0.010007873094257352,0.18087856369011152,1.1110244207156825,38.22186078950032,False,0.01778491168813534,False,True,
signature_stationary_mixed_nuisance,14106,full,pre_shift,74,-0.2,0.0,0.2,-0.10115516911377251,-0.010529187721235915,0.06602250424518841,-0.1608581328537826,0.0038186177841734574,0.17808089479805306,1.2398829217343685,9.352557045022467,False,0.03438459625136004,False,True,
signature_stationary_mixed_nuisance,14107,full,pre_shift,74,-0.2,0.0,0.2,-0.07439937752950067,0.006531649029615168,0.04227578808886266,-0.1495061921460393,0.012469318569058578,0.18766652829652786,2.0115452251987724,25.73981769727736,False,0.01635773912417536,False,True,
signature_stationary_mixed_nuisance,14108,full,pre_shift,74,-0.2,0.0,0.2,-0.066531083378906,-0.004921480700795397,0.03564121189302985,-0.14823128013944023,0.010054025113458136,0.18020431910804455,2.1432489122339446,61.687066749522344,False,0.02423501223969087,False,True,
signature_stationary_mixed_nuisance,14109,full,pre_shift,74,-0.2,0.0,0.2,-0.07170980589033527,-0.014525722140858788,0.045224262594925686,-0.15177720904245115,0.0025669741206899746,0.1783338823400642,1.9190882407400924,11.40558866760454,False,0.019756161749406167,False,True,
signature_stationary_mixed_nuisance,14110,full,pre_shift,74,-0.2,0.0,0.2,-0.06520289672333737,0.00493403495618163,0.025326480458142713,-0.15557464867882656,0.006849161773471157,0.18270722775870396,2.5383985046532973,24.979404456019772,False,0.018468097134822493,False,True,
signature_stationary_mixed_nuisance,14111,full,pre_shift,74,-0.2,0.0,0.2,-0.06351776914421069,0.0014915090575392854,0.008249780214431676,-0.15304971105799936,0.00939324584495332,0.178993823512651,2.803805946494124,66.60705775148725,False,0.012472875352305325,False,True,
signature_stationary_mixed_nuisance,14112,full,pre_shift,74,-0.2,0.0,0.2,-0.07962965915957587,-0.0025890384007070297,0.04842479750533613,-0.16303612600518608,-0.0005977677691261826,0.18554492732874636,2.014023529774255,11.102749601966105,False,0.025954431074214017,False,True,
signature_stationary_mixed_nuisance,14113,full,pre_shift,74,-0.2,0.0,0.2,-0.07545564850753775,-0.01320516601577486,0.05065648628143038,-0.1475542483058394,0.008728831767241194,0.18301453443662888,1.7839622631592962,63.57472436027556,False,0.0318958167785963,False,True,
signature_stationary_mixed_nuisance,14114,full,pre_shift,74,-0.2,0.0,0.2,-0.0711429403118929,0.000471003207589242,0.025371478044020488,-0.15944176443114136,0.007973443996065687,0.17286617861985715,2.3111687756674155,57.72790368534551,False,0.021686722284729457,False,True,
signature_stationary_mixed_nuisance,14115,full,pre_shift,74,-0.2,0.0,0.2,-0.06453181137926446,0.007220237679568185,0.027215814767373142,-0.1454557255094214,0.010848969361310036,0.183055713139892,2.3146917602213857,55.769105645185164,False,0.030422768572002674,False,True,
signature_stationary_mixed_nuisance,14116,full,pre_shift,74,-0.2,0.0,0.2,-0.05247339729279462,0.009742387039244758,0.01471673573658536,-0.1450457733355246,0.009934296816546546,0.18542856353256876,2.862455502200236,63.28712785693803,False,0.036235808982938156,False,True,
signature_stationary_mixed_nuisance,14117,full,pre_shift,74,-0.2,0.0,0.2,-0.07345898101039804,0.009175892932359753,0.035843360249996806,-0.1469878171887472,0.009377999972971063,0.18838032271333333,2.1127366291089085,33.18947139138607,False,0.051330774571908724,False,True,
signature_stationary_mixed_nuisance,14118,full,pre_shift,74,-0.2,0.0,0.2,-0.035542009455166425,-0.0019072202135579286,0.012033144630778578,-0.14518616927022687,0.008226661530139939,0.1839449094381349,3.3169108759817427,84.80952591047755,False,0.016154723867507947,False,True,
signature_stationary_mixed_nuisance,14119,full,pre_shift,74,-0.2,0.0,0.2,-0.0815296493158011,-0.008661700556392463,0.07119183918157654,-0.14577356000923117,0.011099207347033185,0.18035314284143616,1.2925590254564427,23.276153107068193,False,0.026399355256208706,False,True,
signature_stationary_mixed_nuisance,14120,full,pre_shift,74,-0.2,0.0,0.2,-0.09637808510632881,-0.00945444657815351,0.07128926920669428,-0.15886926374085164,-0.0025793897880106334,0.18947351421375014,1.3503184868386742,31.314441886046602,False,0.07152756917363463,False,True,
signature_stationary_mixed_nuisance,14121,full,pre_shift,74,-0.2,0.0,0.2,-0.06698998121339729,-0.01709607114925995,0.045013730352545175,-0.14601704180170347,0.002536107580087891,0.1775983139739323,1.9024510252902875,38.18337642798126,False,0.051921368184321234,False,True,
signature_stationary_mixed_nuisance,14122,full,pre_shift,74,-0.2,0.0,0.2,-0.07888654921907585,0.010929007533372856,0.004634910271738119,-0.1544917412183027,0.007855956784119607,0.17859408714479189,2.5896918152608235,16.73043691358186,False,0.06117574211479071,False,True,
signature_stationary_mixed_nuisance,14123,full,pre_shift,74,-0.2,0.0,0.2,-0.09714605048655142,-0.01271120671131869,0.08783952794445822,-0.15057625446564973,0.008450829151036598,0.18314860303885647,0.9665239305929573,27.634131186085924,False,0.009671347735632706,False,True,
signature_stationary_mixed_nuisance,14124,full,pre_shift,74,-0.2,0.0,0.2,-0.09258729543085516,0.012541429701906208,0.03994829871919183,-0.14799020327892579,0.011433539146480627,0.18751419832566185,1.7378499295460135,1.3549848834894769,False,0.009058972424049065,False,True,
signature_stationary_mixed_nuisance,14125,full,pre_shift,74,-0.2,0.0,0.2,-0.08708895815257298,-0.009189256685229867,0.06596683912601725,-0.1475364566624748,0.009044710591276026,0.18479652739828784,1.3671817610307528,30.68627637955976,False,0.014215284486731719,False,True,
signature_stationary_mixed_nuisance,14126,full,pre_shift,74,-0.2,0.0,0.2,-0.07817097481864553,-0.020446640261103304,0.04311453350652835,-0.15198475942944628,0.002522489361977254,0.18063942887482975,1.9072076607842863,25.869050968980392,False,0.030315939818522677,False,True,
signature_stationary_mixed_nuisance,14127,full,pre_shift,74,-0.2,0.0,0.2,-0.08579458816763953,0.01001136000178371,0.012912786638977934,-0.15419517336940217,0.008403597553887244,0.18264318968008986,2.3734655322583085,27.779535228989847,False,0.023140296575931373,False,True,
signature_stationary_mixed_nuisance,14128,full,pre_shift,74,-0.2,0.0,0.2,-0.08859517982646425,-0.0059527534222516484,0.08934130410904713,-0.14577943142915226,0.00759528431258791,0.19518719650278868,1.113357737031075,0.0,False,0.028372852379722664,False,True,
signature_stationary_mixed_nuisance,14129,full,pre_shift,74,-0.2,0.0,0.2,-0.07242620265143518,-0.0024261686516836487,0.028934754153379483,-0.15675865145113418,0.0016850071803107386,0.18561586030899044,2.40044221597967,14.864500892141464,False,0.09065346080209755,False,True,
signature_stationary_mixed_nuisance,14130,full,pre_shift,74,-0.2,0.0,0.2,-0.06050951045335239,-0.005692078317831721,0.06725753045720778,-0.1596356635146211,-0.0038349856442696714,0.18340355009932863,2.028123172831663,43.02667632530582,False,0.01161274855095321,False,True,
signature_stationary_mixed_nuisance,14101,full,pre_shift,75,0.12,-0.1,-0.15,0.032769904019987216,-0.025603982430407148,-0.04256014305993633,0.10191896781900286,-0.07496100672907977,-0.13169473677533797,1.3400938537214966,6.40535780224762,False,0.022068294910456986,False,True,
signature_stationary_mixed_nuisance,14102,full,pre_shift,75,0.12,-0.1,-0.15,0.03836535607319558,-0.028847439278529053,-0.0008695161641493395,0.09875293702345549,-0.0836685614298502,-0.1311685474858006,1.8380568878720382,23.650220721480395,False,0.1256895332388015,False,True,
signature_stationary_mixed_nuisance,14103,full,pre_shift,75,0.12,-0.1,-0.15,0.010924005343890921,-0.02763123879795797,-0.023188698354477132,0.09745835183661142,-0.08452780083712202,-0.1305522001613928,1.980536124956048,47.22464198111091,False,0.03751490866742619,False,True,
signature_stationary_mixed_nuisance,14104,full,pre_shift,75,0.12,-0.1,-0.15,0.0071359740463867935,-0.03227190421991764,-0.02572023379620633,0.09952615936510273,-0.08409316531230875,-0.13650939913630983,2.0825647874535367,30.899024860871897,False,0.03188051825356075,False,True,
signature_stationary_mixed_nuisance,14105,full,pre_shift,75,0.12,-0.1,-0.15,0.004563643842072905,-0.02317685759738925,-0.046862927984986626,0.10106249871996405,-0.08497835356242069,-0.1368420231212502,2.0317215419184707,38.75358233141879,False,0.1498474991861219,False,True,
signature_stationary_mixed_nuisance,14106,full,pre_shift,75,0.12,-0.1,-0.15,0.05905344214131127,-0.027724844028625902,0.0025414593373741293,0.10893445549665742,-0.08082263561737195,-0.13248634726065175,1.7530347949076877,9.605591839930154,False,0.0730053383585036,False,True,
signature_stationary_mixed_nuisance,14107,full,pre_shift,75,0.12,-0.1,-0.15,0.03180220548942398,-0.043165802432643154,-0.023021701051387997,0.10453120724424854,-0.08189643905664735,-0.13142390912871338,1.5303879889151404,25.7702056861925,False,0.13100297694683855,False,True,
signature_stationary_mixed_nuisance,14108,full,pre_shift,75,0.12,-0.1,-0.15,0.0017353363096807076,-0.02821649336843951,-0.032761651593592345,0.09817812818452362,-0.08298153160727101,-0.13637488132740885,2.1168254357769265,62.30389218529927,False,0.02058436781273541,False,True,
signature_stationary_mixed_nuisance,14109,full,pre_shift,75,0.12,-0.1,-0.15,0.06407092027892207,-0.021761522480615518,-0.058085932995004676,0.10854315024626512,-0.08679731637564858,-0.1334406157107944,1.0807043454062903,10.986293013010831,False,0.17525262395223315,False,True,
signature_stationary_mixed_nuisance,14110,full,pre_shift,75,0.12,-0.1,-0.15,0.02824592401928724,-0.032561226380655846,-0.05160847662762728,0.10111565632431636,-0.08908109588258628,-0.13680739378686319,1.449025218093681,24.928429674113453,False,0.029666977091807684,False,True,
signature_stationary_mixed_nuisance,14111,full,pre_shift,75,0.12,-0.1,-0.15,0.0255615338556535,-0.032318627724489686,-0.03470013320288469,0.1051951626750971,-0.07864560798412862,-0.1360495086651595,1.6381094421779838,66.74516719366522,False,0.042489527277758905,False,True,
signature_stationary_mixed_nuisance,14112,full,pre_shift,75,0.12,-0.1,-0.15,0.03814382124861873,-0.024979544498266643,-0.044293134452571874,0.09875155073216683,-0.08091699339036927,-0.13300318795873214,1.2906618576353794,10.893411459601484,False,0.06633203001294606,False,True,
signature_stationary_mixed_nuisance,14113,full,pre_shift,75,0.12,-0.1,-0.15,0.0551646229640575,-0.018321084268591525,0.014165295166978661,0.11108426753554909,-0.08190126736926069,-0.1330050072536116,2.1850022682128665,64.25972662848842,False,0.04498578171230047,False,True,
signature_stationary_mixed_nuisance,14114,full,pre_shift,75,0.12,-0.1,-0.15,0.035524162587653556,-0.02499869506051926,-0.05215789631750864,0.10382988737531454,-0.08771342513675788,-0.13219248121599023,1.4099733580922253,57.63787704343773,False,0.021081018058381345,False,True,
signature_stationary_mixed_nuisance,14115,full,pre_shift,75,0.12,-0.1,-0.15,0.004321395045999633,-0.030473433574470507,-0.024195254428407892,0.09783504093646067,-0.08164902019002249,-0.13207405161347457,2.061982012514632,56.3310876576998,False,0.034645706410477664,False,True,
signature_stationary_mixed_nuisance,14116,full,pre_shift,75,0.12,-0.1,-0.15,0.03615318423583245,-0.03140484418011215,-0.02452782340479001,0.10270209244861006,-0.0886935756113063,-0.12988030198688374,1.5983565880320707,63.385484444970096,False,0.013234618869256363,False,True,
signature_stationary_mixed_nuisance,14117,full,pre_shift,75,0.12,-0.1,-0.15,0.012574170529211639,-0.03772494548139771,-0.03328638752989599,0.10169932496162387,-0.08198239249525456,-0.13576495148002884,1.819346123640499,33.50881751502657,False,0.04428620380465724,False,True,
signature_stationary_mixed_nuisance,14118,full,pre_shift,75,0.12,-0.1,-0.15,0.040050104474503585,-0.03286966462786933,-0.0215010268967526,0.10425039776669319,-0.07570001847101179,-0.1337465192879623,1.4817189542746803,84.79124486475223,False,0.23459543339568276,False,True,
signature_stationary_mixed_nuisance,14119,full,pre_shift,75,0.12,-0.1,-0.15,0.01958768341995149,-0.027496607676590516,-0.05324283260878368,0.10173838207796075,-0.08131950023142191,-0.1272563200113511,1.4763361646756519,23.252489271743844,False,0.053661605751667854,False,True,
signature_stationary_mixed_nuisance,14120,full,pre_shift,75,0.12,-0.1,-0.15,0.06414370283623277,-0.03192538699250222,-0.017572710886119006,0.11127696905904445,-0.08872358735734676,-0.12335564769337434,1.334202521973359,31.148644408019962,False,0.06752414408994767,False,True,
signature_stationary_mixed_nuisance,14121,full,pre_shift,75,0.12,-0.1,-0.15,0.03851451624072737,-0.028739249009883207,-0.03890204126297507,0.1071195575466967,-0.07740960144815569,-0.13508862014239056,1.404815100574513,38.08819152855577,False,0.10084040769413145,False,True,
signature_stationary_mixed_nuisance,14122,full,pre_shift,75,0.12,-0.1,-0.15,0.04286695402523738,-0.031478552249464,-0.06574553013865601,0.10641635189452638,-0.08019204415537194,-0.1346700729462934,1.0500391805972977,16.280476094179157,False,0.05187598019417979,False,True,
signature_stationary_mixed_nuisance,14123,full,pre_shift,75,0.12,-0.1,-0.15,0.008362861433593397,-0.03680105118323434,-0.02748405569762759,0.1027750203923514,-0.0803910013640029,-0.13623790046869869,2.0092489920654297,28.143380178151354,False,0.12068155561672797,False,True,
signature_stationary_mixed_nuisance,14124,full,pre_shift,75,0.12,-0.1,-0.15,0.03997626055075171,-0.03379446258723556,0.004411941521766033,0.10401375596832686,-0.08181646628439285,-0.12735694313880505,1.8346740619062079,1.6896589453956847,False,0.07670750200122751,False,True,
signature_stationary_mixed_nuisance,14125,full,pre_shift,75,0.12,-0.1,-0.15,0.045102291179613056,-0.03166309744234705,-0.027091606192167966,0.11063079526808119,-0.08531186066651913,-0.13147821681273109,1.5170953597488666,30.70337173930863,False,0.014359910298360125,False,True,
signature_stationary_mixed_nuisance,14126,full,pre_shift,75,0.12,-0.1,-0.15,0.05756803952919267,-0.018694256704367064,-0.01339837072756304,0.10793386142911855,-0.07856880065191042,-0.14014441299631109,1.7145388154362797,26.083589784416674,False,0.01438944743642762,False,True,
signature_stationary_mixed_nuisance,14127,full,pre_shift,75,0.12,-0.1,-0.15,0.03849086915382031,-0.031010574191664978,-0.028441556500973922,0.1045325540482645,-0.08173133950632418,-0.13420593500270858,1.5084378435311907,27.787973072521037,False,0.008015066627610494,False,True,
signature_stationary_mixed_nuisance,14128,full,pre_shift,75,0.12,-0.1,-0.15,0.046858249948602756,-0.03425309591084762,-0.019777242990184633,0.10315047102558177,-0.08365605555630609,-0.12553948989303637,1.3559942988504263,0.0,False,0.021310561876283236,False,True,
signature_stationary_mixed_nuisance,14129,full,pre_shift,75,0.12,-0.1,-0.15,0.03721670313590379,-0.022635174119691272,-0.045589219791366056,0.09514744156296917,-0.08234548618827085,-0.13223440109680987,1.2818441203163478,14.646345012457813,False,0.02837209396075681,False,True,
signature_stationary_mixed_nuisance,14130,full,pre_shift,75,0.12,-0.1,-0.15,-0.0032682798534333377,-0.01585386906584266,-0.05327271442220471,0.09337025726592642,-0.08345727004031382,-0.13758913349357557,2.079892293447203,43.60656861875302,False,0.055754692699102076,False,True,
signature_stationary_mixed_nuisance,14101,full,pre_shift,76,0.12,0.1,0.15,0.02911261612873441,0.004628022805235086,0.007197043594608151,0.0965367154499828,0.08678925435572558,0.1328949279254621,2.302328768846319,7.207686571093939,False,0.11284607373204926,False,True,
signature_stationary_mixed_nuisance,14102,full,pre_shift,76,0.12,0.1,0.15,0.027424721092142036,0.023779110233166888,0.02789212730116311,0.10169905639545745,0.08206691426430324,0.13473463107027323,1.7518720318152858,23.90209275329568,False,0.08829381750327045,False,True,
signature_stationary_mixed_nuisance,14103,full,pre_shift,76,0.12,0.1,0.15,0.03614578420484384,0.004316871234588731,0.016941526298754853,0.09941865419072313,0.08396595949523752,0.1381444889846792,2.1236499848277526,47.848291965938664,False,0.0876507745707108,False,True,
signature_stationary_mixed_nuisance,14104,full,pre_shift,76,0.12,0.1,0.15,0.0408965925774956,0.012648365544538515,0.02945430872852603,0.09668802909777524,0.08604827556643051,0.13604610746546447,1.7001888073474707,31.099213668219367,False,0.03987885612395713,False,True,
signature_stationary_mixed_nuisance,14105,full,pre_shift,76,0.12,0.1,0.15,0.015387423002327124,0.018146946114233065,0.0036274014746834195,0.09430747654356784,0.08674518055677362,0.12977803446704628,2.269922677869511,39.5235050092883,False,0.018614325696502603,False,True,
signature_stationary_mixed_nuisance,14106,full,pre_shift,76,0.12,0.1,0.15,0.022711345361636423,0.03402433952778037,0.040896597179480014,0.09965314300985666,0.08913299001745852,0.1364481075810882,1.6109384680737158,9.71653030800387,False,0.0426954200627319,False,True,
signature_stationary_mixed_nuisance,14107,full,pre_shift,76,0.12,0.1,0.15,0.01970565376051285,0.029351389735716764,0.0614282170721301,0.09809286446816459,0.08658944529370229,0.13829715682258883,1.467876559005212,25.738082245197713,False,0.11930589975696713,False,True,
signature_stationary_mixed_nuisance,14108,full,pre_shift,76,0.12,0.1,0.15,0.020399092971897605,0.0012640297749479511,-0.006350994251544,0.09553821511418023,0.08368113264254017,0.13472629673111386,2.6952518308367908,63.49914401613606,False,0.021392845050433946,False,True,
signature_stationary_mixed_nuisance,14109,full,pre_shift,76,0.12,0.1,0.15,0.05361223013083468,0.034689087671934266,0.054423801969875674,0.10741149745354532,0.08354213840927975,0.13411705868659993,1.006430909779599,10.49272392279043,False,0.3201133051936971,False,True,
signature_stationary_mixed_nuisance,14110,full,pre_shift,76,0.12,0.1,0.15,0.02656041269939569,0.030150353294791595,0.034683246595946356,0.10209846278232168,0.08563133354470678,0.13555770337746448,1.657651740156923,25.086081414270375,False,0.01061821102686018,False,True,
signature_stationary_mixed_nuisance,14111,full,pre_shift,76,0.12,0.1,0.15,0.026091232787077277,0.01778885362963317,-0.017997653223907974,0.09552625108903712,0.08598337717158164,0.13258016841646222,2.516319490627189,67.76148668429241,False,0.027436090446751975,False,True,
signature_stationary_mixed_nuisance,14112,full,pre_shift,76,0.12,0.1,0.15,0.0293203969606846,0.022144785068102985,0.051252763971429124,0.1021121185117527,0.08764804348951667,0.1359744680245784,1.566482794886651,10.959894254488136,False,0.010054827172569253,False,True,
signature_stationary_mixed_nuisance,14113,full,pre_shift,76,0.12,0.1,0.15,0.022761147522004678,0.021079704173726593,0.02632653411391601,0.10302097442259059,0.08625136949659369,0.13795685951229295,2.025067252828453,64.78479388131687,False,0.04436742853284103,False,True,
signature_stationary_mixed_nuisance,14114,full,pre_shift,76,0.12,0.1,0.15,0.0360026537014862,-0.003500368918917246,0.029009329990106147,0.0961621923014467,0.0857432782912463,0.13325719373797057,2.0313963154841774,58.16927335892191,False,0.04647672664991479,False,True,
signature_stationary_mixed_nuisance,14115,full,pre_shift,76,0.12,0.1,0.15,0.01860734984212789,0.01821695576282606,-0.007611603068816874,0.09422746155639533,0.08535082453916155,0.13487680596917284,2.4597588193903834,57.29084647709018,False,0.05349503023247016,False,True,
signature_stationary_mixed_nuisance,14116,full,pre_shift,76,0.12,0.1,0.15,-0.008817216304212333,0.026250396373751345,0.0059224586716708615,0.09888138167798396,0.08239318136990177,0.13469838936276213,2.7569584245180496,64.64244286948815,False,0.008432099061498449,False,True,
signature_stationary_mixed_nuisance,14117,full,pre_shift,76,0.12,0.1,0.15,0.00014142723182164065,0.05098836977206011,0.008483359343921366,0.09518361246847973,0.08961781136088404,0.13826628368046334,2.273319777426755,34.28213729245333,False,0.07008453006062683,False,True,
signature_stationary_mixed_nuisance,14118,full,pre_shift,76,0.12,0.1,0.15,-0.0065714031375719755,0.030713642354012225,-0.0012969242149502532,0.10494229210381874,0.09121953151910604,0.13552248539078887,3.0456590115418103,86.33690387629404,False,0.04834271638224414,False,True,
signature_stationary_mixed_nuisance,14119,full,pre_shift,76,0.12,0.1,0.15,0.03456801102464832,-0.0006842178368266928,0.06134103589662991,0.10169067941804277,0.08321076438040614,0.14068165307370706,1.7427548635053347,23.49524413524918,False,0.06419841515871219,False,True,
signature_stationary_mixed_nuisance,14120,full,pre_shift,76,0.12,0.1,0.15,0.04888295578231593,0.02492751919980343,0.06412566600261618,0.10342784745356713,0.08906991755821728,0.1445334852221929,1.2236623535288875,30.87230676154885,False,0.1727449802661037,False,True,
signature_stationary_mixed_nuisance,14121,full,pre_shift,76,0.12,0.1,0.15,0.03306842863209553,0.026608000814436122,0.04082257574565433,0.1068221175650444,0.0879510728535319,0.13745792070984822,1.655873321365199,38.24406484992097,False,0.13688325193572887,False,True,
signature_stationary_mixed_nuisance,14122,full,pre_shift,76,0.12,0.1,0.15,0.0161829001279236,0.038258375148759266,-0.004128183526967983,0.09437084271010769,0.08567434051090213,0.13097851126239105,2.112059429308269,16.892535523487425,False,0.04892643340142019,False,True,
signature_stationary_mixed_nuisance,14123,full,pre_shift,76,0.12,0.1,0.15,0.014432636130412818,0.034230710405412354,0.0007354875836485586,0.09510239459707726,0.08787121773094131,0.13679845258461373,2.248689083141022,28.892069261292377,False,0.02270485753142354,False,True,
signature_stationary_mixed_nuisance,14124,full,pre_shift,76,0.12,0.1,0.15,0.03313143345894583,0.030705937233488873,0.05111898530652949,0.09868659143629001,0.08594380217526366,0.1432230826906481,1.3845242629847005,1.5741832083803853,False,0.02541394821792806,False,True,
signature_stationary_mixed_nuisance,14125,full,pre_shift,76,0.12,0.1,0.15,0.036035787240369495,0.02548301317038047,0.03781523108777081,0.10028429065718772,0.08625676182209004,0.13859249743964264,1.545510281411454,30.74888202072008,False,0.07972334195367842,False,True,
signature_stationary_mixed_nuisance,14126,full,pre_shift,76,0.12,0.1,0.15,0.027269463779406276,0.027977855587452444,0.05044529685202487,0.10814503890103772,0.08875048631924924,0.13522082945462013,1.6387182659803494,26.22230805039702,False,0.028066186829699805,False,True,
signature_stationary_mixed_nuisance,14127,full,pre_shift,76,0.12,0.1,0.15,0.03516256559657982,0.019593895153649496,0.012220172223250945,0.09711996659354659,0.08607931408317675,0.134771184280163,1.900313570766358,28.188286643287395,False,0.04196496941586321,False,True,
signature_stationary_mixed_nuisance,14128,full,pre_shift,76,0.12,0.1,0.15,0.013849618520751741,0.04655820188435065,0.04809134360769058,0.10011642944949152,0.08629527717632639,0.14401290861264787,1.6188155490326874,0.11881554903268743,False,0.013135037386457231,False,True,
signature_stationary_mixed_nuisance,14129,full,pre_shift,76,0.12,0.1,0.15,0.022788360569249357,0.023290682066581747,0.02457618624946374,0.09965329551647273,0.08241406463536162,0.13405167566534743,1.8446396571201884,14.990984669578001,False,0.04127115224719445,False,True,
signature_stationary_mixed_nuisance,14130,full,pre_shift,76,0.12,0.1,0.15,0.025698438325428657,0.0031843895510185755,0.004989732748305805,0.09597739956235415,0.08153659014084792,0.1347310675657036,2.3444190709932697,44.45098768974629,False,0.023063491682137557,False,True,
signature_stationary_mixed_nuisance,14101,full,pre_shift,77,-0.2,0.0,-0.2,-0.06776499068822943,0.020524070846616733,-0.06899127009103846,-0.15578414966808804,0.009301438924257376,-0.19398231896876098,1.9163406625781203,7.624027233672059,False,0.0753083569644761,False,True,
signature_stationary_mixed_nuisance,14102,full,pre_shift,77,-0.2,0.0,-0.2,-0.10622655325280257,0.02267606250568594,-0.07416769271654622,-0.164929719149453,0.004974958186182636,-0.1957408291940505,1.36942686728349,23.77151962057917,False,0.027515820000685823,False,True,
signature_stationary_mixed_nuisance,14103,full,pre_shift,77,-0.2,0.0,-0.2,-0.06830610879697956,0.011359153091345784,-0.019558598016850032,-0.15988080883207226,0.0037367862748637825,-0.1970266962234101,2.978668939248752,49.32696090518741,False,0.010902870772221953,False,True,
signature_stationary_mixed_nuisance,14104,full,pre_shift,77,-0.2,0.0,-0.2,-0.08110295478687314,0.017999969108937353,-0.06402535047126205,-0.16638701681446635,0.00167434969705846,-0.20225556581614085,2.0928939088794114,31.692107577098778,False,0.027991171685460885,False,True,
signature_stationary_mixed_nuisance,14105,full,pre_shift,77,-0.2,0.0,-0.2,-0.04562180353241464,0.018227288575942243,-0.044865128741284135,-0.1563432748329524,0.006363230062445484,-0.19374654405165365,2.8657211084339953,40.889226117722295,False,0.058553622463938235,False,True,
signature_stationary_mixed_nuisance,14106,full,pre_shift,77,-0.2,0.0,-0.2,-0.06766125640628214,0.023707982758511725,-0.08737929411022023,-0.16311936871326388,0.00367277997988164,-0.19683125188112835,1.8841031844739409,10.100633492477812,False,0.04253011811205956,False,True,
signature_stationary_mixed_nuisance,14107,full,pre_shift,77,-0.2,0.0,-0.2,-0.06898565240821991,0.008402670300987116,-0.042867077008511584,-0.15626562423823462,0.008203942956860815,-0.1961107332683689,2.377547643105912,26.615629888303626,False,0.04969812151921746,False,True,
signature_stationary_mixed_nuisance,14108,full,pre_shift,77,-0.2,0.0,-0.2,-0.058118456530978996,0.02130065069375729,-0.06084693391953924,-0.15711675145666726,0.008965731960267922,-0.20067168650481096,2.4087898713179405,64.40793388745399,False,0.007754171571008137,False,True,
signature_stationary_mixed_nuisance,14109,full,pre_shift,77,-0.2,0.0,-0.2,-0.0539154632683828,0.014082910873315079,-0.08562951144835312,-0.15968752371217473,0.0029764281004660705,-0.2034566862997607,2.2165457530780963,11.209269675868526,False,0.09457025730073283,False,True,
signature_stationary_mixed_nuisance,14110,full,pre_shift,77,-0.2,0.0,-0.2,-0.06820058884639374,0.019093851232333925,-0.09789833592290015,-0.16049906979372444,0.006340191459150103,-0.19895081855411959,1.6734228959861477,25.25950431025652,False,0.025217408964531313,False,True,
signature_stationary_mixed_nuisance,14111,full,pre_shift,77,-0.2,0.0,-0.2,-0.052739033443086676,0.01244588596282446,-0.04892863813342302,-0.15521038743115695,0.008090309014903076,-0.20131408581502344,2.7068405888369678,68.96832727312938,False,0.07499978809282937,False,True,
signature_stationary_mixed_nuisance,14112,full,pre_shift,77,-0.2,0.0,-0.2,-0.09609692900178077,0.005415932334618224,-0.07290950968738814,-0.17102695702811954,-0.00020609672510012926,-0.19850528787599492,1.6546457506280505,11.114540005116186,False,0.05234413364033075,False,True,
signature_stationary_mixed_nuisance,14113,full,pre_shift,77,-0.2,0.0,-0.2,-0.05304411306516814,0.001398895068489598,-0.02010541404178915,-0.1573202357949832,0.00575730157061352,-0.19427343413065182,3.1986635912807304,66.4834574725976,False,0.01751798608191341,False,True,
signature_stationary_mixed_nuisance,14114,full,pre_shift,77,-0.2,0.0,-0.2,-0.047201185728591805,0.006314567252253064,-0.05117770752633071,-0.1587125414990056,0.005396874700610855,-0.20513533538117196,2.9628100379204025,59.63208339684232,False,0.020198478739638547,False,True,
signature_stationary_mixed_nuisance,14115,full,pre_shift,77,-0.2,0.0,-0.2,-0.0695619013678519,0.013616008895473125,-0.0697984667123258,-0.1560045438854835,0.006581021794620439,-0.19890144769587995,1.9384182329829256,57.7292647100731,False,0.027792563185278642,False,True,
signature_stationary_mixed_nuisance,14116,full,pre_shift,77,-0.2,0.0,-0.2,-0.04107984252236809,0.0288244900411353,-0.0940643880925024,-0.1514904551835582,0.005721882704070078,-0.1950459970773475,2.1539022756531794,65.29634514514133,False,0.027274506477567833,False,True,
signature_stationary_mixed_nuisance,14117,full,pre_shift,77,-0.2,0.0,-0.2,-0.0771788518077107,0.010546212762672716,-0.09580471795047982,-0.15612086309689327,0.007552855520881067,-0.19801516781044823,1.396049642203366,34.17818693465669,False,0.011124210276032089,False,True,
signature_stationary_mixed_nuisance,14118,full,pre_shift,77,-0.2,0.0,-0.2,-0.04888739935419698,-0.0009232288542711893,-0.04941827460565273,-0.15383144263951393,0.006179925518404728,-0.20093532004144973,2.7528832518392794,87.58978712813332,False,0.025880421369830493,False,True,
signature_stationary_mixed_nuisance,14119,full,pre_shift,77,-0.2,0.0,-0.2,-0.05385292130231372,0.009872023435544228,-0.055482514103969115,-0.1538567795343665,0.007996129397685852,-0.20275318978986165,2.5497004388662723,24.54494457411545,False,0.05310144593789047,False,True,
signature_stationary_mixed_nuisance,14120,full,pre_shift,77,-0.2,0.0,-0.2,-0.06826064623509576,-0.015109267318803011,-0.003074681000346267,-0.16104598619092322,-0.005680173043287458,-0.19795925646178714,3.413561317251038,32.785868078799886,False,0.07240950683037324,False,True,
signature_stationary_mixed_nuisance,14121,full,pre_shift,77,-0.2,0.0,-0.2,-0.06415194467858122,-0.012268928879354086,-0.031983721364745185,-0.15693662365201208,0.0015497964340337705,-0.20450253004688884,2.910843681367893,39.65490853128886,False,0.020092415067044178,False,True,
signature_stationary_mixed_nuisance,14122,full,pre_shift,77,-0.2,0.0,-0.2,-0.06947713822499649,0.017964082039487083,-0.1393187703722085,-0.15654255126269778,0.00582182989727774,-0.2028556331991778,1.1737995248377833,16.566335048325207,False,0.024931836287303822,False,True,
signature_stationary_mixed_nuisance,14123,full,pre_shift,77,-0.2,0.0,-0.2,-0.06439324707848877,0.0165496745415918,-0.05328704462628508,-0.1567898614255231,0.005319023744625367,-0.19540382978005658,2.297207839619498,29.689277100911877,False,0.015374416759104254,False,True,
signature_stationary_mixed_nuisance,14124,full,pre_shift,77,-0.2,0.0,-0.2,-0.08671306393220955,0.020468346733488692,-0.09554313274626246,-0.15566254051391326,0.008881704461795873,-0.20128922701789753,1.2819374490944027,1.356120657474788,False,0.026170304524992586,False,True,
signature_stationary_mixed_nuisance,14125,full,pre_shift,77,-0.2,0.0,-0.2,-0.06743995317034279,-0.006015059967324237,-0.008654073213722408,-0.15404361527125596,0.006369850888798428,-0.1986637671944088,3.17390285918551,32.42278487990559,False,0.006563730623011502,False,True,
signature_stationary_mixed_nuisance,14126,full,pre_shift,77,-0.2,0.0,-0.2,-0.06972427443437233,0.006978448182917748,-0.05980035277885543,-0.1599738972971573,0.0030133064978275547,-0.2009571767094103,2.2187257813547867,26.94103383175181,False,0.024602827495794666,False,True,
signature_stationary_mixed_nuisance,14127,full,pre_shift,77,-0.2,0.0,-0.2,-0.08170389398292818,0.01433794068303511,-0.08405403819545441,-0.15832236501790883,0.006538396916088562,-0.19966910828565376,1.5420552632357312,28.230341906523126,False,0.018377079114673834,False,True,
signature_stationary_mixed_nuisance,14128,full,pre_shift,77,-0.2,0.0,-0.2,-0.09093182126496985,0.014203418027867946,-0.06705225114786631,-0.15843886707349894,0.0036655994917040766,-0.19438251054388334,1.5679732057867495,0.1867887548194369,False,0.022893880983907457,False,True,
signature_stationary_mixed_nuisance,14129,full,pre_shift,77,-0.2,0.0,-0.2,-0.10018912060888276,0.01844971159602466,-0.09030186429035574,-0.16432144622048886,0.0006395786831630171,-0.19477974041788332,1.2080826310561854,14.699067300634187,False,0.04627972032502269,False,True,
signature_stationary_mixed_nuisance,14130,full,pre_shift,77,-0.2,0.0,-0.2,-0.07797527881950718,0.01766935130118186,-0.08236813775960788,-0.16890724805146073,-0.005039304739755732,-0.19664439790381744,1.8625415047766791,44.81352919452297,False,0.033940618119140974,False,True,
signature_stationary_mixed_nuisance,14101,full,pre_shift,78,-0.2,0.0,0.2,-0.09504492490816512,-0.008640094086966608,0.074341241937655,-0.15092839239706934,0.013810445585774959,0.18086066902996883,1.1445513053452763,7.268578539017335,False,0.07372055769993516,False,True,
signature_stationary_mixed_nuisance,14102,full,pre_shift,78,-0.2,0.0,0.2,-0.08912236015378543,0.010581090551363657,0.009410060641614247,-0.1537136830964471,0.00799966286529713,0.18482215376290856,2.436964247611009,24.70848386819018,False,0.009388974210675746,False,True,
signature_stationary_mixed_nuisance,14103,full,pre_shift,78,-0.2,0.0,0.2,-0.07596639667282491,-0.014292275294003124,0.07555339536410813,-0.1465727858795566,0.0071434419723524645,0.18352421809910013,1.386620304255679,49.21358120944309,False,0.05993754411376826,False,True,
signature_stationary_mixed_nuisance,14104,full,pre_shift,78,-0.2,0.0,0.2,-0.07698181208131524,-0.0006776337237859623,0.06245897069855242,-0.15983453427035416,0.0005176279060079319,0.17626371828592216,1.63652009518432,31.828627672283098,False,0.01746126629167985,False,True,
signature_stationary_mixed_nuisance,14105,full,pre_shift,78,-0.2,0.0,0.2,-0.07754910442848478,0.005579317896014814,0.08222345043940558,-0.1500275552605735,0.010007873094257352,0.18087856369011152,1.2396621820857343,40.62888829980803,False,0.0730022100678534,False,True,
signature_stationary_mixed_nuisance,14106,full,pre_shift,78,-0.2,0.0,0.2,-0.10198873000685069,-0.008521444034082708,0.0667136916745311,-0.1608581328537826,0.0038186177841734574,0.17808089479805306,1.2111812175599537,9.811814710037766,False,0.025651013526622583,False,True,
signature_stationary_mixed_nuisance,14107,full,pre_shift,78,-0.2,0.0,0.2,-0.07287323526527383,0.007019115147169006,0.038654859000992435,-0.1495061921460393,0.012469318569058578,0.18766652829652786,2.1053082895318957,27.22093817783552,False,0.029111559218108894,False,True,
signature_stationary_mixed_nuisance,14108,full,pre_shift,78,-0.2,0.0,0.2,-0.06543345489593581,-0.003860807340615191,0.03540078125205009,-0.14823128013944023,0.010054025113458136,0.18020431910804455,2.165734567804676,65.07366845525867,False,0.013839635448850099,False,True,
signature_stationary_mixed_nuisance,14109,full,pre_shift,78,-0.2,0.0,0.2,-0.0702945516193265,-0.013598805444698037,0.046397978514963294,-0.15177720904245115,0.0025669741206899746,0.1783338823400642,1.9240816116544188,11.633351287522945,False,0.03110701396782604,False,True,
signature_stationary_mixed_nuisance,14110,full,pre_shift,78,-0.2,0.0,0.2,-0.06861509835536136,0.004958164545168374,0.024125666033808082,-0.15557464867882656,0.006849161773471157,0.18270722775870396,2.4892592887193845,26.248763598975906,False,0.02471367060524605,False,True,
signature_stationary_mixed_nuisance,14111,full,pre_shift,78,-0.2,0.0,0.2,-0.0641757847914352,0.000989888727695135,0.007717459463475697,-0.15304971105799936,0.00939324584495332,0.178993823512651,2.801446675415802,70.26977394854518,False,0.017470135789389846,False,True,
signature_stationary_mixed_nuisance,14112,full,pre_shift,78,-0.2,0.0,0.2,-0.07875654511819997,-0.0021579065712621723,0.05038251355653991,-0.16303612600518608,-0.0005977677691261826,0.18554492732874636,1.9970107001099155,11.611550705226103,False,0.026539685289860834,False,True,
signature_stationary_mixed_nuisance,14113,full,pre_shift,78,-0.2,0.0,0.2,-0.07778821047220479,-0.015540784278968102,0.05236357039014758,-0.1475542483058394,0.008728831767241194,0.18301453443662888,1.7284130618519165,66.71187053444952,False,0.05607278710939721,False,True,
signature_stationary_mixed_nuisance,14114,full,pre_shift,78,-0.2,0.0,0.2,-0.07275552020107001,-0.001978657691014778,0.024299850898567062,-0.15944176443114136,0.007973443996065687,0.17286617861985715,2.3030448234508403,60.43512822029316,False,0.031688933743354866,False,True,
signature_stationary_mixed_nuisance,14115,full,pre_shift,78,-0.2,0.0,0.2,-0.06514058133378588,0.009113892319944089,0.026026865919052424,-0.1454557255094214,0.010848969361310036,0.183055713139892,2.3253733773748935,58.554638087448,False,0.020031692793745448,False,True,
signature_stationary_mixed_nuisance,14116,full,pre_shift,78,-0.2,0.0,0.2,-0.051087998072197716,0.011384457551567707,0.009969059164395264,-0.1450457733355246,0.009934296816546546,0.18542856353256876,2.9971221115890647,66.7934672567304,False,0.00822739501693219,False,True,
signature_stationary_mixed_nuisance,14117,full,pre_shift,78,-0.2,0.0,0.2,-0.07373089810926843,0.009363189265840635,0.035111629772798636,-0.1469878171887472,0.009377999972971063,0.18838032271333333,2.1218647847162093,34.8000517193729,False,0.05608607879684556,False,True,
signature_stationary_mixed_nuisance,14118,full,pre_shift,78,-0.2,0.0,0.2,-0.03653538766574369,-0.0010698193297581174,0.012692246720102777,-0.14518616927022687,0.008226661530139939,0.1839449094381349,3.2747130962850317,89.36450022441835,False,0.011225562504617644,False,True,
signature_stationary_mixed_nuisance,14119,full,pre_shift,78,-0.2,0.0,0.2,-0.0796497889116882,-0.00832245788528504,0.07431266208528647,-0.14577356000923117,0.011099207347033185,0.18035314284143616,1.2781080452416176,24.323052619357068,False,0.03137396908384526,False,True,
signature_stationary_mixed_nuisance,14120,full,pre_shift,78,-0.2,0.0,0.2,-0.09465607412659534,-0.014545899034380555,0.06830755931267901,-0.15886926374085164,-0.0025793897880106334,0.18947351421375014,1.433766850868565,32.71963492966845,False,0.010195133248073135,False,True,
signature_stationary_mixed_nuisance,14121,full,pre_shift,78,-0.2,0.0,0.2,-0.06784817001131357,-0.020428574658212732,0.045247859978019264,-0.14601704180170347,0.002536107580087891,0.1775983139739323,1.8995967447929942,40.054505276081855,False,0.0349441352158448,False,True,
signature_stationary_mixed_nuisance,14122,full,pre_shift,78,-0.2,0.0,0.2,-0.07933697846270474,0.00877140279687562,0.0097372639650506,-0.1544917412183027,0.007855956784119607,0.17859408714479189,2.4705576470348283,17.536892695360034,False,0.02539828541523392,False,True,
signature_stationary_mixed_nuisance,14123,full,pre_shift,78,-0.2,0.0,0.2,-0.0989851273340104,-0.012318495405798734,0.08810026832916294,-0.15057625446564973,0.008450829151036598,0.18314860303885647,0.9383265950261016,29.127603695937978,False,0.014165871020473352,False,True,
signature_stationary_mixed_nuisance,14124,full,pre_shift,78,-0.2,0.0,0.2,-0.08908305361800864,0.013830133360348424,0.03860411089809827,-0.14799020327892579,0.011433539146480627,0.18751419832566185,1.81176391694292,1.667884574417708,False,0.02330110164816614,False,True,
signature_stationary_mixed_nuisance,14125,full,pre_shift,78,-0.2,0.0,0.2,-0.08821004456151915,-0.012839297976518267,0.06384326480806328,-0.1475364566624748,0.009044710591276026,0.18479652739828784,1.4006920377297833,32.323476917635375,False,0.05129746586823677,False,True,
signature_stationary_mixed_nuisance,14126,full,pre_shift,78,-0.2,0.0,0.2,-0.079892539615783,-0.017221114017921958,0.04327754660615336,-0.15198475942944628,0.002522489361977254,0.18063942887482975,1.8576666728751299,27.29870050462694,False,0.016190725615877893,False,True,
signature_stationary_mixed_nuisance,14127,full,pre_shift,78,-0.2,0.0,0.2,-0.08466012458269553,0.012055870267974503,0.009175416757901322,-0.15419517336940217,0.008403597553887244,0.18264318968008986,2.4747149069976127,29.205056813520738,False,0.025303222723400253,False,True,
signature_stationary_mixed_nuisance,14128,full,pre_shift,78,-0.2,0.0,0.2,-0.0889800159089763,-0.005567327027096718,0.09216500488586617,-0.14577943142915226,0.00759528431258791,0.19518719650278868,1.069185943127674,0.0,False,0.04044563145725761,False,True,
signature_stationary_mixed_nuisance,14129,full,pre_shift,78,-0.2,0.0,0.2,-0.07322226602941728,-0.00034015333325001514,0.023497015774068427,-0.15675865145113418,0.0016850071803107386,0.18561586030899044,2.4910717793646504,15.690139079998838,False,0.05269781669746772,False,True,
signature_stationary_mixed_nuisance,14130,full,pre_shift,78,-0.2,0.0,0.2,-0.056844633422466484,-0.00280508551202718,0.062430378892799246,-0.1596356635146211,-0.0038349856442696714,0.18340355009932863,2.1889631390224644,45.50249233354543,False,0.04717792839184966,False,True,
signature_stationary_mixed_nuisance,14101,full,pre_shift,79,0.12,-0.1,-0.15,0.032965515831996306,-0.025442744270588815,-0.03972938425017095,0.10191896781900286,-0.07496100672907977,-0.13169473677533797,1.3747495100998044,7.14332804911714,False,0.012237282685262795,False,True,
signature_stationary_mixed_nuisance,14102,full,pre_shift,79,0.12,-0.1,-0.15,0.03945743049866542,-0.02951302389397471,-0.016096221939060545,0.09875293702345549,-0.0836685614298502,-0.1311685474858006,1.5781862310314911,24.78667009922167,False,0.04305967584943622,False,True,
signature_stationary_mixed_nuisance,14103,full,pre_shift,79,0.12,-0.1,-0.15,0.010142298565941158,-0.028315860109173016,-0.023135281786437298,0.09745835183661142,-0.08452780083712202,-0.1305522001613928,1.9878607332715321,49.701441942714624,False,0.029673464400491636,False,True,
signature_stationary_mixed_nuisance,14104,full,pre_shift,79,0.12,-0.1,-0.15,0.007822181415597138,-0.03289053222787875,-0.024116809417522787,0.09952615936510273,-0.08409316531230875,-0.13650939913630983,2.0825354730422077,32.411163145325304,False,0.01997312071654235,False,True,
signature_stationary_mixed_nuisance,14105,full,pre_shift,79,0.12,-0.1,-0.15,0.008950277433659044,-0.023582712920940867,-0.04991744578933288,0.10106249871996405,-0.08497835356242069,-0.1368420231212502,1.8975740424493097,41.02646234225734,False,0.14478443077179198,False,True,
signature_stationary_mixed_nuisance,14106,full,pre_shift,79,0.12,-0.1,-0.15,0.06524037207030745,-0.026846422896095925,-0.015575465025101657,0.10893445549665742,-0.08082263561737195,-0.13248634726065175,1.4147977569332209,9.726612466970986,False,0.09102669327407643,False,True,
signature_stationary_mixed_nuisance,14107,full,pre_shift,79,0.12,-0.1,-0.15,0.026956704896462902,-0.0409636555357166,-0.024932316881001008,0.10453120724424854,-0.08189643905664735,-0.13142390912871338,1.6106125104662576,27.33155068830178,False,0.11060822333426286,False,True,
signature_stationary_mixed_nuisance,14108,full,pre_shift,79,0.12,-0.1,-0.15,0.00424106131816989,-0.027321666092837035,-0.04017205159969633,0.09817812818452362,-0.08298153160727101,-0.13637488132740885,1.979815815957706,65.55348427121638,False,0.03633848290561677,False,True,
signature_stationary_mixed_nuisance,14109,full,pre_shift,79,0.12,-0.1,-0.15,0.05917693310056643,-0.030196616363867435,-0.0232084438372789,0.10854315024626512,-0.08679731637564858,-0.1334406157107944,1.418060769705992,11.551412057228937,False,0.0898212296752484,False,True,
signature_stationary_mixed_nuisance,14110,full,pre_shift,79,0.12,-0.1,-0.15,0.028220720474581688,-0.03183035812294748,-0.0520870303424543,0.10111565632431636,-0.08908109588258628,-0.13680739378686319,1.4523634315530953,26.201127030529,False,0.026098921051890562,False,True,
signature_stationary_mixed_nuisance,14111,full,pre_shift,79,0.12,-0.1,-0.15,0.022963288907386293,-0.03130185343065068,-0.042117855964222455,0.1051951626750971,-0.07864560798412862,-0.1360495086651595,1.6086799649834047,70.37845391352859,False,0.05699728170869327,False,True,
signature_stationary_mixed_nuisance,14112,full,pre_shift,79,0.12,-0.1,-0.15,0.036194046512549746,-0.024664510953150955,-0.047650025717166845,0.09875155073216683,-0.08091699339036927,-0.13300318795873214,1.2866907980168132,11.398241503242916,False,0.04350890737785128,False,True,
signature_stationary_mixed_nuisance,14113,full,pre_shift,79,0.12,-0.1,-0.15,0.051210456387128324,-0.019240528735510867,0.003380712058952052,0.11108426753554909,-0.08190126736926069,-0.1330050072536116,2.026596359530307,67.23846689397982,False,0.07542086031178964,False,True,
signature_stationary_mixed_nuisance,14114,full,pre_shift,79,0.12,-0.1,-0.15,0.033265629735704655,-0.01968031300385782,-0.05405786244889786,0.10382988737531454,-0.08771342513675788,-0.13219248121599023,1.5094346925273978,60.44456291282056,False,0.08943552180243794,False,True,
signature_stationary_mixed_nuisance,14115,full,pre_shift,79,0.12,-0.1,-0.15,0.00406379346222593,-0.029309552067526664,-0.027876836543452608,0.09783504093646067,-0.08164902019002249,-0.13207405161347457,2.032937443333297,59.087575530781294,False,0.047952543122272526,False,True,
signature_stationary_mixed_nuisance,14116,full,pre_shift,79,0.12,-0.1,-0.15,0.0378024862342374,-0.031233534668211292,-0.027048841612202012,0.10270209244861006,-0.0886935756113063,-0.12988030198688374,1.542749848502844,66.83621710523325,False,0.02998120965936783,False,True,
signature_stationary_mixed_nuisance,14117,full,pre_shift,79,0.12,-0.1,-0.15,0.012782287455600673,-0.03755378960088778,-0.04031202486326153,0.10169932496162387,-0.08198239249525456,-0.13576495148002884,1.7294712874256124,35.02952300679851,False,0.018556040236459313,False,True,
signature_stationary_mixed_nuisance,14118,full,pre_shift,79,0.12,-0.1,-0.15,0.04032292415215864,-0.03191485815796321,-0.019842419016662435,0.10425039776669319,-0.07570001847101179,-0.1337465192879623,1.5092157378016877,89.37371596222003,False,0.21939438879117082,False,True,
signature_stationary_mixed_nuisance,14119,full,pre_shift,79,0.12,-0.1,-0.15,0.025255336897959578,-0.030797628632345787,-0.04800343669230115,0.10173838207796075,-0.08131950023142191,-0.1272563200113511,1.3800517573605535,24.203104376717622,False,0.03452924284808372,False,True,
signature_stationary_mixed_nuisance,14120,full,pre_shift,79,0.12,-0.1,-0.15,0.06510973916371254,-0.03266029668921924,-0.019274998864956427,0.11127696905904445,-0.08872358735734676,-0.12335564769337434,1.2917523883995214,32.511387318067975,False,0.07673404506847746,False,True,
signature_stationary_mixed_nuisance,14121,full,pre_shift,79,0.12,-0.1,-0.15,0.03719742356733015,-0.03644990475745604,-0.028185771142450775,0.1071195575466967,-0.07740960144815569,-0.13508862014239056,1.4823212839087903,40.036826559990644,False,0.043922560608424144,False,True,
signature_stationary_mixed_nuisance,14122,full,pre_shift,79,0.12,-0.1,-0.15,0.04382141867571595,-0.030644534332932696,-0.06937843802517919,0.10641635189452638,-0.08019204415537194,-0.1346700729462934,1.014931304021559,17.051823999381593,False,0.0733490032808039,False,True,
signature_stationary_mixed_nuisance,14123,full,pre_shift,79,0.12,-0.1,-0.15,0.009806160647322835,-0.03680407635032628,-0.02566989040115044,0.1027750203923514,-0.0803910013640029,-0.13623790046869869,2.00224625329789,29.62984994923587,False,0.13061201998219954,False,True,
signature_stationary_mixed_nuisance,14124,full,pre_shift,79,0.12,-0.1,-0.15,0.04321023271797295,-0.03432377662212734,-0.006884772860602256,0.10401375596832686,-0.08181646628439285,-0.12735694313880505,1.6029485221780846,1.7708330965957926,False,0.03078676998177802,False,True,
signature_stationary_mixed_nuisance,14125,full,pre_shift,79,0.12,-0.1,-0.15,0.04874981299611412,-0.031790622943978684,-0.019963968063637292,0.11063079526808119,-0.08531186066651913,-0.13147821681273109,1.557685368500974,32.38116228613635,False,0.03468786934523829,False,True,
signature_stationary_mixed_nuisance,14126,full,pre_shift,79,0.12,-0.1,-0.15,0.06085969151421372,-0.02172368852894623,-0.01671087499825583,0.10793386142911855,-0.07856880065191042,-0.14014441299631109,1.5853085850637851,27.384009089690725,False,0.0569450633896417,False,True,
signature_stationary_mixed_nuisance,14127,full,pre_shift,79,0.12,-0.1,-0.15,0.03946072537473156,-0.03195750619948203,-0.027035311879889227,0.1045325540482645,-0.08173133950632418,-0.13420593500270858,1.5018723064637776,29.206929119984515,False,0.016695938069282552,False,True,
signature_stationary_mixed_nuisance,14128,full,pre_shift,79,0.12,-0.1,-0.15,0.03897627145847986,-0.03531215282504119,-0.0014966447361613765,0.10315047102558177,-0.08365605555630609,-0.12553948989303637,1.7166172823417476,0.2166172823417476,False,0.13037540227165034,False,True,
signature_stationary_mixed_nuisance,14129,full,pre_shift,79,0.12,-0.1,-0.15,0.03732385301217121,-0.023150732331974243,-0.05059831741539023,0.09514744156296917,-0.08234548618827085,-0.13223440109680987,1.2207320346368453,15.410871114635682,False,0.023228977495038983,False,True,
signature_stationary_mixed_nuisance,14130,full,pre_shift,79,0.12,-0.1,-0.15,-0.0030823244283230728,-0.01310094921936588,-0.053125444675767415,0.09337025726592642,-0.08345727004031382,-0.13758913349357557,2.121707450939028,46.12419978448446,False,0.08562343098460137,False,True,
signature_stationary_mixed_nuisance,14101,full,pre_shift,80,0.12,0.1,0.15,0.02853347526624672,0.004452970871865079,0.011390823930924835,0.0965367154499828,0.08678925435572558,0.1328949279254621,2.2522396424224254,7.895567691539565,False,0.09101834562931985,False,True,
signature_stationary_mixed_nuisance,14102,full,pre_shift,80,0.12,0.1,0.15,0.027124145753682036,0.016453352886886,0.02621836752954906,0.10169905639545745,0.08206691426430324,0.13473463107027323,1.886804120007515,25.173474219229185,False,0.03430356454858781,False,True,
signature_stationary_mixed_nuisance,14103,full,pre_shift,80,0.12,0.1,0.15,0.03379327464373367,0.006709912680910567,0.0053487247899458015,0.09941865419072313,0.08396595949523752,0.1381444889846792,2.2945749496680485,50.49601689238267,False,0.1576633584736896,False,True,
signature_stationary_mixed_nuisance,14104,full,pre_shift,80,0.12,0.1,0.15,0.040700288701428854,0.014292226532644137,0.02579026876767849,0.09668802909777524,0.08604827556643051,0.13604610746546447,1.7235612659925674,32.63472441131787,False,0.029308976350713976,False,True,
signature_stationary_mixed_nuisance,14105,full,pre_shift,80,0.12,0.1,0.15,0.014949304699689027,0.01708183975706064,0.007696104944679285,0.09430747654356784,0.08674518055677362,0.12977803446704628,2.232564376008163,41.7590267182655,False,0.021917049794071004,False,True,
signature_stationary_mixed_nuisance,14106,full,pre_shift,80,0.12,0.1,0.15,0.020207120883401104,0.032219754420926144,0.042253096671735824,0.09965314300985666,0.08913299001745852,0.1364481075810882,1.666699986524238,9.893312453495223,False,0.018856419176699137,False,True,
signature_stationary_mixed_nuisance,14107,full,pre_shift,80,0.12,0.1,0.15,0.02176688540191075,0.03150339658783468,0.0462295988730206,0.09809286446816459,0.08658944529370229,0.13829715682258883,1.563126010424784,27.394676698726563,False,0.030143991443402206,False,True,
signature_stationary_mixed_nuisance,14108,full,pre_shift,80,0.12,0.1,0.15,0.020054873803985927,-0.000620679862638899,-0.007203899828854878,0.09553821511418023,0.08368113264254017,0.13472629673111386,2.753222317511451,66.80670658872782,False,0.010182155620156935,False,True,
signature_stationary_mixed_nuisance,14109,full,pre_shift,80,0.12,0.1,0.15,0.02547698003883101,0.013377861185484246,0.051154930166772916,0.10741149745354532,0.08354213840927975,0.13411705868659993,1.7886797081718973,11.840091765400835,False,0.05779751529756508,False,True,
signature_stationary_mixed_nuisance,14110,full,pre_shift,80,0.12,0.1,0.15,0.02761072326893861,0.030228026138776478,0.03624355111454036,0.10209846278232168,0.08563133354470678,0.13555770337746448,1.6178493844887079,26.31897641501771,False,0.02001120786789223,False,True,
signature_stationary_mixed_nuisance,14111,full,pre_shift,80,0.12,0.1,0.15,0.026166868888211053,0.020120298655862758,-0.013549979891590598,0.09552625108903712,0.08598337717158164,0.13258016841646222,2.3981756898136735,71.27662960334226,False,0.030271442375351423,False,True,
signature_stationary_mixed_nuisance,14112,full,pre_shift,80,0.12,0.1,0.15,0.03088087967076646,0.02632349962705184,0.03857315751229706,0.1021121185117527,0.08764804348951667,0.1359744680245784,1.6215461297040121,11.519787632946928,False,0.09225730168052955,False,True,
signature_stationary_mixed_nuisance,14113,full,pre_shift,80,0.12,0.1,0.15,0.021030949599441462,0.022608329460746552,0.03424074307574789,0.10302097442259059,0.08625136949659369,0.13795685951229295,1.9281600625295283,67.66662695650935,False,0.01877833148465877,False,True,
signature_stationary_mixed_nuisance,14114,full,pre_shift,80,0.12,0.1,0.15,0.031947047899730865,-0.0007084051214057802,-0.006213828797236423,0.0961621923014467,0.0857432782912463,0.13325719373797057,2.56491891790308,61.50948183072364,False,0.15477402018835074,False,True,
signature_stationary_mixed_nuisance,14115,full,pre_shift,80,0.12,0.1,0.15,0.02110754702222283,0.014387011204843687,-0.00828568593028773,0.09422746155639533,0.08535082453916155,0.13487680596917284,2.4904507610327653,60.07802629181406,False,0.020439860470273963,False,True,
signature_stationary_mixed_nuisance,14116,full,pre_shift,80,0.12,0.1,0.15,-0.009702136988758542,0.02373256422588978,0.005849874741838141,0.09888138167798396,0.08239318136990177,0.13469838936276213,2.8152457923730396,68.15146289760628,False,0.033905854249930555,False,True,
signature_stationary_mixed_nuisance,14117,full,pre_shift,80,0.12,0.1,0.15,0.003074443342783612,0.05325196838734907,-0.004839285624191554,0.09518361246847973,0.08961781136088404,0.13826628368046334,2.417189158820125,35.946712165618635,False,0.028343850741178074,False,True,
signature_stationary_mixed_nuisance,14118,full,pre_shift,80,0.12,0.1,0.15,-0.007360541032221496,0.028713426421119435,-0.0013638206542726683,0.10494229210381874,0.09121953151910604,0.13552248539078887,3.095566039025051,90.96928200124508,False,0.04720536293620484,False,True,
signature_stationary_mixed_nuisance,14119,full,pre_shift,80,0.12,0.1,0.15,0.03329049306489766,0.0026947549293550883,0.042296983684625374,0.10169067941804277,0.08321076438040614,0.14068165307370706,1.906841094540762,24.609945471258385,False,0.06606944719630886,False,True,
signature_stationary_mixed_nuisance,14120,full,pre_shift,80,0.12,0.1,0.15,0.04434285559364273,0.027749401186988088,0.02756419061932044,0.10342784745356713,0.08906991755821728,0.1445334852221929,1.6760644663948605,32.68745178446284,False,0.036792928024759836,False,True,
signature_stationary_mixed_nuisance,14121,full,pre_shift,80,0.12,0.1,0.15,0.03444767870401683,0.029904973472495256,0.035705296381452784,0.1068221175650444,0.0879510728535319,0.13745792070984822,1.6479179724686208,40.18474453245926,False,0.10973625335905934,False,True,
signature_stationary_mixed_nuisance,14122,full,pre_shift,80,0.12,0.1,0.15,0.013225109724215547,0.03714178439328749,0.009879095643967079,0.09437084271010769,0.08567434051090213,0.13097851126239105,1.9570793872867978,17.50890338666839,False,0.06031587806721962,False,True,
signature_stationary_mixed_nuisance,14123,full,pre_shift,80,0.12,0.1,0.15,0.012902168791981979,0.0390462677803218,0.002774698875166095,0.09510239459707726,0.08787121773094131,0.13679845258461373,2.1854905816035433,30.31534053083941,False,0.04086877347953223,False,True,
signature_stationary_mixed_nuisance,14124,full,pre_shift,80,0.12,0.1,0.15,0.03037910267986002,0.030069210278189103,0.054752669912182104,0.09868659143629001,0.08594380217526366,0.1432230826906481,1.395647645436088,1.6664807420318806,False,0.03876524676155614,False,True,
signature_stationary_mixed_nuisance,14125,full,pre_shift,80,0.12,0.1,0.15,0.04223760031109446,0.028440688619382537,0.03423838906192365,0.10028429065718772,0.08625676182209004,0.13859249743964264,1.4626253896754176,32.34378767581177,False,0.022804886175793897,False,True,
signature_stationary_mixed_nuisance,14126,full,pre_shift,80,0.12,0.1,0.15,0.030470037455181176,0.029220097539978312,0.049969476953863376,0.10814503890103772,0.08875048631924924,0.13522082945462013,1.5662715532604201,27.450280642951146,False,0.016124267918506574,False,True,
signature_stationary_mixed_nuisance,14127,full,pre_shift,80,0.12,0.1,0.15,0.03411354090523712,0.02023149862016488,0.022132490907201142,0.09711996659354659,0.08607931408317675,0.134771184280163,1.7607909906033263,29.46772011058784,False,0.096157534840413,False,True,
signature_stationary_mixed_nuisance,14128,full,pre_shift,80,0.12,0.1,0.15,0.011925472236393966,0.047898228474714935,0.033155409677733616,0.10011642944949152,0.08629527717632639,0.14401290861264787,1.8389336288049973,0.5555509111467449,False,0.07574608033321888,False,True,
signature_stationary_mixed_nuisance,14129,full,pre_shift,80,0.12,0.1,0.15,0.022631176926016332,0.024372754071261573,0.035380537506632656,0.09965329551647273,0.08241406463536162,0.13405167566534743,1.6914282790667647,15.602299393702447,False,0.05762229552061594,False,True,
signature_stationary_mixed_nuisance,14130,full,pre_shift,80,0.12,0.1,0.15,0.028941340650398613,0.001686635747877688,0.0036040401284219512,0.09597739956235415,0.08153659014084792,0.1347310675657036,2.3420911744241644,46.96629095890862,False,0.024537702868379904,False,True,
signature_stationary_mixed_nuisance,14101,full,pre_shift,81,-0.2,0.0,-0.2,-0.06956539702556708,0.025357843137038327,-0.07808351583075047,-0.15578414966808804,0.009301438924257376,-0.19398231896876098,1.7569605991587427,8.152528290698308,False,0.03711139648674895,False,True,
signature_stationary_mixed_nuisance,14102,full,pre_shift,81,-0.2,0.0,-0.2,-0.10724278664443788,0.024708335739116103,-0.07140988490208705,-0.164929719149453,0.004974958186182636,-0.1957408291940505,1.407432655435742,25.080906874664926,False,0.020146889823193095,False,True,
signature_stationary_mixed_nuisance,14103,full,pre_shift,81,-0.2,0.0,-0.2,-0.07204968516968259,0.009046258545160066,-0.01993940538120012,-0.15988080883207226,0.0037367862748637825,-0.1970266962234101,2.886026691288881,51.88204358367155,False,0.03719733486777703,False,True,
signature_stationary_mixed_nuisance,14104,full,pre_shift,81,-0.2,0.0,-0.2,-0.08021500806310347,0.01932861701467693,-0.06126686246176066,-0.16638701681446635,0.00167434969705846,-0.20225556581614085,2.1667204253054178,33.30144483662329,False,0.0198932557902387,False,True,
signature_stationary_mixed_nuisance,14105,full,pre_shift,81,-0.2,0.0,-0.2,-0.046285632473229754,0.016717474135463255,-0.05179398853235571,-0.1563432748329524,0.006363230062445484,-0.19374654405165365,2.7164754345829754,42.97550215284848,False,0.036741192507855104,False,True,
signature_stationary_mixed_nuisance,14106,full,pre_shift,81,-0.2,0.0,-0.2,-0.07044334551760847,0.024196288499225328,-0.0878110847652926,-0.16311936871326388,0.00367277997988164,-0.19683125188112835,1.8178816433331824,10.211194096828406,False,0.051406527033875646,False,True,
signature_stationary_mixed_nuisance,14107,full,pre_shift,81,-0.2,0.0,-0.2,-0.06792688842743198,0.009180288080206439,-0.04543784944131914,-0.15626562423823462,0.008203942956860815,-0.1961107332683689,2.35167144431543,28.246348143041992,False,0.03497481904384515,False,True,
signature_stationary_mixed_nuisance,14108,full,pre_shift,81,-0.2,0.0,-0.2,-0.058825464057895197,0.01963428791943929,-0.05786611497185276,-0.15711675145666726,0.008965731960267922,-0.20067168650481096,2.441135086500623,67.74784167522844,False,0.028080996052544684,False,True,
signature_stationary_mixed_nuisance,14109,full,pre_shift,81,-0.2,0.0,-0.2,-0.05320949461019879,0.012086008478419057,-0.08941146402822778,-0.15968752371217473,0.0029764281004660705,-0.2034566862997607,2.174138047705948,12.514229813106784,False,0.09350595252721992,False,True,
signature_stationary_mixed_nuisance,14110,full,pre_shift,81,-0.2,0.0,-0.2,-0.06932532682358934,0.02031167016041146,-0.09750212313350606,-0.16049906979372444,0.006340191459150103,-0.19895081855411959,1.6578675642287655,26.476843979246475,False,0.015622780740878929,False,True,
signature_stationary_mixed_nuisance,14111,full,pre_shift,81,-0.2,0.0,-0.2,-0.04912872757265769,0.011308582600491984,-0.05177142057160277,-0.15521038743115695,0.008090309014903076,-0.20131408581502344,2.741108789807642,72.5177383931499,False,0.06929262696192519,False,True,
signature_stationary_mixed_nuisance,14112,full,pre_shift,81,-0.2,0.0,-0.2,-0.09369910705747196,0.007517570385846599,-0.07469080675553345,-0.17102695702811954,-0.00020609672510012926,-0.19850528787599492,1.6756354538214948,11.695423086768422,False,0.05291265936776386,False,True,
signature_stationary_mixed_nuisance,14113,full,pre_shift,81,-0.2,0.0,-0.2,-0.056777410692814154,0.0007318303638706695,-0.013648999473520732,-0.1573202357949832,0.00575730157061352,-0.19427343413065182,3.2513526188905257,69.41797957539987,False,0.04661509585277027,False,True,
signature_stationary_mixed_nuisance,14114,full,pre_shift,81,-0.2,0.0,-0.2,-0.045652711402724686,0.00827428769339025,-0.05066194747339826,-0.1587125414990056,0.005396874700610855,-0.20513533538117196,3.01674567764049,63.02622750836413,False,0.036820781862120025,False,True,
signature_stationary_mixed_nuisance,14115,full,pre_shift,81,-0.2,0.0,-0.2,-0.07072636454765512,0.016948998820952327,-0.06130500269745386,-0.1560045438854835,0.006581021794620439,-0.19890144769587995,2.063716847556058,60.64174313937012,False,0.06900144902682302,False,True,
signature_stationary_mixed_nuisance,14116,full,pre_shift,81,-0.2,0.0,-0.2,-0.04270566076066731,0.029031268856418924,-0.09402224131757048,-0.1514904551835582,0.005721882704070078,-0.1950459970773475,2.1133957357167077,68.76485863332299,False,0.024881204995303125,False,True,
signature_stationary_mixed_nuisance,14117,full,pre_shift,81,-0.2,0.0,-0.2,-0.07774065344244699,0.011081799703832827,-0.09219549388340476,-0.15612086309689327,0.007552855520881067,-0.19801516781044823,1.4334044224266496,35.88011658804528,False,0.02706044623684902,False,True,
signature_stationary_mixed_nuisance,14118,full,pre_shift,81,-0.2,0.0,-0.2,-0.047999957238132815,-0.002827407264918116,-0.047048131914565104,-0.15383144263951393,0.006179925518404728,-0.20093532004144973,2.8257375798442013,92.29501958108928,False,0.05244973374912989,False,True,
signature_stationary_mixed_nuisance,14119,full,pre_shift,81,-0.2,0.0,-0.2,-0.05867808352278654,0.007974594117520703,-0.049707606711145005,-0.1538567795343665,0.007996129397685852,-0.20275318978986165,2.5436955593954527,25.653641030653837,False,0.01666668966994202,False,True,
signature_stationary_mixed_nuisance,14120,full,pre_shift,81,-0.2,0.0,-0.2,-0.07142961095319239,-0.017423834078177495,-0.0030390708995537007,-0.16104598619092322,-0.005680173043287458,-0.19795925646178714,3.351556882287784,34.53900866675062,False,0.07033253927971285,False,True,
signature_stationary_mixed_nuisance,14121,full,pre_shift,81,-0.2,0.0,-0.2,-0.06422593142330356,-0.012355555697533686,-0.031037515021360734,-0.15693662365201208,0.0015497964340337705,-0.20450253004688884,2.930470970128273,41.61521550258754,False,0.015132881666157586,False,True,
signature_stationary_mixed_nuisance,14122,full,pre_shift,81,-0.2,0.0,-0.2,-0.06656535872136028,0.01890091182737849,-0.13574347758498967,-0.15654255126269778,0.00582182989727774,-0.2028556331991778,1.267414611576671,17.276317998245062,False,0.03485277912678917,False,True,
signature_stationary_mixed_nuisance,14123,full,pre_shift,81,-0.2,0.0,-0.2,-0.0641769481763101,0.016190643379296668,-0.05170332716302536,-0.1567898614255231,0.005319023744625367,-0.19540382978005658,2.329758507222775,31.145099038062185,False,0.010598643657983554,False,True,
signature_stationary_mixed_nuisance,14124,full,pre_shift,81,-0.2,0.0,-0.2,-0.08746555416342011,0.017529106918922364,-0.09139054929019232,-0.15566254051391326,0.008881704461795873,-0.20128922701789753,1.3181317104892376,1.4846124525211182,False,0.049954032192982244,False,True,
signature_stationary_mixed_nuisance,14125,full,pre_shift,81,-0.2,0.0,-0.2,-0.06700184421926736,-0.007142139181163873,-0.007317538975656562,-0.15404361527125596,0.006369850888798428,-0.1986637671944088,3.2183857394180904,34.06217341522986,False,0.020759761528459708,False,True,
signature_stationary_mixed_nuisance,14126,full,pre_shift,81,-0.2,0.0,-0.2,-0.0673802101872313,0.00794950000737975,-0.05896835786978413,-0.1599738972971573,0.0030133064978275547,-0.2009571767094103,2.284748250475086,28.235028893426232,False,0.02087223046341861,False,True,
signature_stationary_mixed_nuisance,14127,full,pre_shift,81,-0.2,0.0,-0.2,-0.08210518678546463,0.014213156683425406,-0.0818356241207083,-0.15832236501790883,0.006538396916088562,-0.19966910828565376,1.5669151948631146,29.534635305450955,False,0.021127291333198142,False,True,
signature_stationary_mixed_nuisance,14128,full,pre_shift,81,-0.2,0.0,-0.2,-0.09269323202777796,0.01514502344784314,-0.06967266141899349,-0.15843886707349894,0.0036655994917040766,-0.19438251054388334,1.5007753337141378,0.5563262448608828,False,0.0227608537975824,False,True,
signature_stationary_mixed_nuisance,14129,full,pre_shift,81,-0.2,0.0,-0.2,-0.10141471047829326,0.018778122653232084,-0.09323552004052714,-0.16432144622048886,0.0006395786831630171,-0.19477974041788332,1.1528007976706605,15.255100191373108,False,0.04846298685185886,False,True,
signature_stationary_mixed_nuisance,14130,full,pre_shift,81,-0.2,0.0,-0.2,-0.07766952529304438,0.012362311734489425,-0.08449553788585533,-0.16890724805146073,-0.005039304739755732,-0.19664439790381744,1.812561752851167,47.27885271175979,False,0.08293135038637468,False,True,
signature_stationary_mixed_nuisance,14101,full,pre_shift,82,-0.2,0.0,0.2,-0.09713251563334299,-0.006369283907609556,0.08768941015755888,-0.15092839239706934,0.013810445585774959,0.18086066902996883,0.9384637325192068,7.590992023217515,False,0.007170517458330631,False,True,
signature_stationary_mixed_nuisance,14102,full,pre_shift,82,-0.2,0.0,0.2,-0.09014969717762993,0.01032140926317774,0.00959316526908114,-0.1537136830964471,0.00799966286529713,0.18482215376290856,2.417014272136643,25.99792114680157,False,0.007954730934098875,False,True,
signature_stationary_mixed_nuisance,14103,full,pre_shift,82,-0.2,0.0,0.2,-0.07667566442946755,-0.010245087457972894,0.07273341439949534,-0.1465727858795566,0.0071434419723524645,0.18352421809910013,1.3945092335264782,51.77655281719803,False,0.02125606932594891,False,True,
signature_stationary_mixed_nuisance,14104,full,pre_shift,82,-0.2,0.0,0.2,-0.07721034849040852,0.0001157535887941045,0.06304904685468632,-0.15983453427035416,0.0005176279060079319,0.17626371828592216,1.6227950024431372,33.42423983906643,False,0.008275393175079361,False,True,
signature_stationary_mixed_nuisance,14105,full,pre_shift,82,-0.2,0.0,0.2,-0.08167441812011764,0.00433127457793947,0.0857935296080509,-0.1500275552605735,0.010007873094257352,0.18087856369011152,1.1274468288217239,42.6029489816702,False,0.04022033638885906,False,True,
signature_stationary_mixed_nuisance,14106,full,pre_shift,82,-0.2,0.0,0.2,-0.10101609347123737,-0.010777940143020947,0.06333060674178086,-0.1608581328537826,0.0038186177841734574,0.17808089479805306,1.2820241398266867,9.993218236655093,False,0.03437084775549515,False,True,
signature_stationary_mixed_nuisance,14107,full,pre_shift,82,-0.2,0.0,0.2,-0.07750388874350357,0.006003032953785799,0.04527641026442794,-0.1495061921460393,0.012469318569058578,0.18766652829652786,1.902485788381421,28.64883393142341,False,0.028254265284278136,False,True,
signature_stationary_mixed_nuisance,14108,full,pre_shift,82,-0.2,0.0,0.2,-0.06639518472005523,-0.004053468333617255,0.03646650611330553,-0.14823128013944023,0.010054025113458136,0.18020431910804455,2.1279766757983327,68.37581835102678,False,0.019268158409508802,False,True,
signature_stationary_mixed_nuisance,14109,full,pre_shift,82,-0.2,0.0,0.2,-0.07204951998235135,-0.015457560524868574,0.04392932081984325,-0.15177720904245115,0.0025669741206899746,0.1783338823400642,1.9389566058015613,12.953186418908345,False,0.011891240604163694,False,True,
signature_stationary_mixed_nuisance,14110,full,pre_shift,82,-0.2,0.0,0.2,-0.06681910061142134,0.004391415538773522,0.022877702403461632,-0.15557464867882656,0.006849161773471157,0.18270722775870396,2.552690394703283,27.529534373949758,False,0.015748904073423924,False,True,
signature_stationary_mixed_nuisance,14111,full,pre_shift,82,-0.2,0.0,0.2,-0.062017820945695835,0.0035524502344227156,0.004987068217426437,-0.15304971105799936,0.00939324584495332,0.178993823512651,2.902664577713969,73.92040297086386,False,0.026541761259953743,False,True,
signature_stationary_mixed_nuisance,14112,full,pre_shift,82,-0.2,0.0,0.2,-0.07748856297825588,-0.003525703943391743,0.04780936906199737,-0.16303612600518608,-0.0005977677691261826,0.18554492732874636,2.0677174888409957,12.263140575609418,False,0.015876086017910906,False,True,
signature_stationary_mixed_nuisance,14113,full,pre_shift,82,-0.2,0.0,0.2,-0.0759875416391818,-0.015938987920741114,0.04888556284113932,-0.1475542483058394,0.008728831767241194,0.18301453443662888,1.819121206636706,69.73710078203658,False,0.041351572614623175,False,True,
signature_stationary_mixed_nuisance,14114,full,pre_shift,82,-0.2,0.0,0.2,-0.0723799264435049,0.00044434962706727796,0.026440168873203176,-0.15944176443114136,0.007973443996065687,0.17286617861985715,2.265041113208831,63.79126862157296,False,0.030805812044703024,False,True,
signature_stationary_mixed_nuisance,14115,full,pre_shift,82,-0.2,0.0,0.2,-0.06617349056071241,0.00942841933149523,0.022079748241350734,-0.1454557255094214,0.010848969361310036,0.183055713139892,2.3846043652182964,61.526347504588415,False,0.014855296432751828,False,True,
signature_stationary_mixed_nuisance,14116,full,pre_shift,82,-0.2,0.0,0.2,-0.052637311148236096,0.010112493548258788,0.012266501017605442,-0.1450457733355246,0.009934296816546546,0.18542856353256876,2.9119848965062207,70.17684352982921,False,0.02366628463656043,False,True,
signature_stationary_mixed_nuisance,14117,full,pre_shift,82,-0.2,0.0,0.2,-0.07117724165326135,0.007653025150121878,0.03342970727739693,-0.1469878171887472,0.009377999972971063,0.18838032271333333,2.201016847400903,36.58113343544618,False,0.053730064760277176,False,True,
signature_stationary_mixed_nuisance,14118,full,pre_shift,82,-0.2,0.0,0.2,-0.03578863966824835,-5.235368971892541e-05,0.01315023371330612,-0.14518616927022687,0.008226661530139939,0.1839449094381349,3.2823214776001364,94.07734105868941,False,0.010059289507717804,False,True,
signature_stationary_mixed_nuisance,14119,full,pre_shift,82,-0.2,0.0,0.2,-0.07749392297660475,-0.009389539807828624,0.07300775672543107,-0.14577356000923117,0.011099207347033185,0.18035314284143616,1.3356424530889173,25.489283483742753,False,0.029349374149224304,False,True,
signature_stationary_mixed_nuisance,14120,full,pre_shift,82,-0.2,0.0,0.2,-0.09651257324467767,-0.011054961857379617,0.07111063680108189,-0.15886926374085164,-0.0025793897880106334,0.18947351421375014,1.3542168249441886,34.39322549169481,False,0.052205697597592575,False,True,
signature_stationary_mixed_nuisance,14121,full,pre_shift,82,-0.2,0.0,0.2,-0.06710038532088576,-0.01812511998406494,0.03959999899896594,-0.14601704180170347,0.002536107580087891,0.1775983139739323,1.9974482127629454,42.112663715350486,False,0.028388348941108126,False,True,
signature_stationary_mixed_nuisance,14122,full,pre_shift,82,-0.2,0.0,0.2,-0.07977262129664936,0.008540695623307934,0.010460135940871982,-0.1544917412183027,0.007855956784119607,0.17859408714479189,2.4479557763513617,18.224273774596423,False,0.02232476373786873,False,True,
signature_stationary_mixed_nuisance,14123,full,pre_shift,82,-0.2,0.0,0.2,-0.09715824548357835,-0.011835186293137389,0.08333117607080803,-0.15057625446564973,0.008450829151036598,0.18314860303885647,1.0175207024199378,30.66261974048212,False,0.03464805087617437,False,True,
signature_stationary_mixed_nuisance,14124,full,pre_shift,82,-0.2,0.0,0.2,-0.09509899594040172,0.009289024838166442,0.03886171696458032,-0.14799020327892579,0.011433539146480627,0.18751419832566185,1.7257293600713457,1.7103418125924639,False,0.05322438407280118,False,True,
signature_stationary_mixed_nuisance,14125,full,pre_shift,82,-0.2,0.0,0.2,-0.08748102185720785,-0.010935472691629856,0.06166395315509122,-0.1475364566624748,0.009044710591276026,0.18479652739828784,1.4348642907634372,33.99703770599329,False,0.028956260245604225,False,True,
signature_stationary_mixed_nuisance,14126,full,pre_shift,82,-0.2,0.0,0.2,-0.0777888016925635,-0.01746259699629976,0.045769396003250536,-0.15198475942944628,0.002522489361977254,0.18063942887482975,1.8532994832314698,28.588328376657703,False,0.02088576141767627,False,True,
signature_stationary_mixed_nuisance,14127,full,pre_shift,82,-0.2,0.0,0.2,-0.08510375215237814,0.01198939505885973,0.006429929345772647,-0.15419517336940217,0.008403597553887244,0.18264318968008986,2.5269830203462993,30.561618325797255,False,0.03647295711586072,False,True,
signature_stationary_mixed_nuisance,14128,full,pre_shift,82,-0.2,0.0,0.2,-0.09028604929947384,-0.005106641543586162,0.0914672789667324,-0.14577943142915226,0.00759528431258791,0.19518719650278868,1.0588861326115295,0.11521237747241231,False,0.03508445551741669,False,True,
signature_stationary_mixed_nuisance,14129,full,pre_shift,82,-0.2,0.0,0.2,-0.06925604459750366,-0.0020543255094717418,0.030258262880815005,-0.15675865145113418,0.0016850071803107386,0.18561586030899044,2.439734939105372,16.19483513047848,False,0.09337371878855814,False,True,
signature_stationary_mixed_nuisance,14130,full,pre_shift,82,-0.2,0.0,0.2,-0.062036791220624145,-0.0051626047389173825,0.06686744709924541,-0.1596356635146211,-0.0038349856442696714,0.18340355009932863,1.9971151612781775,47.77596787303797,False,0.010364226901597972,False,True,
signature_stationary_mixed_nuisance,14101,full,pre_shift,83,0.12,-0.1,-0.15,0.028389154490344088,-0.020749706201333387,-0.048757762681981974,0.10191896781900286,-0.07496100672907977,-0.13169473677533797,1.4107329313782302,7.501724954595745,False,0.07739805016386037,False,True,
signature_stationary_mixed_nuisance,14102,full,pre_shift,83,0.12,-0.1,-0.15,0.037173762362945034,-0.02911732133425003,-0.003357976316833952,0.09875293702345549,-0.0836685614298502,-0.1311685474858006,1.811309232984872,26.30923037978644,False,0.11248142714775426,False,True,
signature_stationary_mixed_nuisance,14103,full,pre_shift,83,0.12,-0.1,-0.15,0.011095800731213763,-0.029040321616136816,-0.021489433741029376,0.09745835183661142,-0.08452780083712202,-0.1305522001613928,1.9813376676598269,52.25789048485786,False,0.02223295607595728,False,True,
signature_stationary_mixed_nuisance,14104,full,pre_shift,83,0.12,-0.1,-0.15,0.007492089846648627,-0.03323189726412256,-0.024153490282276195,0.09952615936510273,-0.08409316531230875,-0.13650939913630983,2.085136583407323,34.00937642247376,False,0.016870976854264474,False,True,
signature_stationary_mixed_nuisance,14105,full,pre_shift,83,0.12,-0.1,-0.15,0.01264670939517958,-0.026164073320218556,-0.04537008449888241,0.10106249871996405,-0.08497835356242069,-0.1368420231212502,1.8327972243023802,42.935746205972585,False,0.10324422429389868,False,True,
signature_stationary_mixed_nuisance,14106,full,pre_shift,83,0.12,-0.1,-0.15,0.06311537409061785,-0.024336158889004117,-0.009968120353697221,0.10893445549665742,-0.08082263561737195,-0.13248634726065175,1.5482323183806088,10.041450555035702,False,0.09961263541030164,False,True,
signature_stationary_mixed_nuisance,14107,full,pre_shift,83,0.12,-0.1,-0.15,0.03163502387846423,-0.03818732988906948,-0.045494336561169524,0.10453120724424854,-0.08189643905664735,-0.13142390912871338,1.309388235897864,28.458222167321274,False,0.02782345245252801,False,True,
signature_stationary_mixed_nuisance,14108,full,pre_shift,83,0.12,-0.1,-0.15,0.005511348042076121,-0.029465785914088098,-0.03950628150008633,0.09817812818452362,-0.08298153160727101,-0.13637488132740885,1.9322889115785047,68.80810726260529,False,0.036082807076449314,False,True,
signature_stationary_mixed_nuisance,14109,full,pre_shift,83,0.12,-0.1,-0.15,0.05184660731388117,-0.027450231968008595,-0.02311875013638228,0.10854315024626512,-0.08679731637564858,-0.1334406157107944,1.5367251326684386,12.989911551576784,False,0.07790131322704408,False,True,
signature_stationary_mixed_nuisance,14110,full,pre_shift,83,0.12,-0.1,-0.15,0.027778845922567033,-0.03240745493321264,-0.05499003556214131,0.10111565632431636,-0.08908109588258628,-0.13680739378686319,1.4225677227512146,27.452102096700973,False,0.026460416903141493,False,True,
signature_stationary_mixed_nuisance,14111,full,pre_shift,83,0.12,-0.1,-0.15,0.025639768596483915,-0.031452260858288734,-0.03578631557019228,0.1051951626750971,-0.07864560798412862,-0.1360495086651595,1.6325503833658328,74.0529533542297,False,0.04518752248199278,False,True,
signature_stationary_mixed_nuisance,14112,full,pre_shift,83,0.12,-0.1,-0.15,0.03706154888215794,-0.024376847780600883,-0.04824507156739804,0.09875155073216683,-0.08091699339036927,-0.13300318795873214,1.2714600563354252,12.034600631944842,False,0.04220334907924964,False,True,
signature_stationary_mixed_nuisance,14113,full,pre_shift,83,0.12,-0.1,-0.15,0.05491662764878566,-0.020195439798607114,0.016671107312592536,0.11108426753554909,-0.08190126736926069,-0.1330050072536116,2.20025405374294,70.43735483577952,False,0.023191465652436644,False,True,
signature_stationary_mixed_nuisance,14114,full,pre_shift,83,0.12,-0.1,-0.15,0.03271488686083824,-0.023259129536283753,-0.054002027498776105,0.10382988737531454,-0.08771342513675788,-0.13219248121599023,1.4638941708279403,63.7551627924009,False,0.048130615201830006,False,True,
signature_stationary_mixed_nuisance,14115,full,pre_shift,83,0.12,-0.1,-0.15,0.005261541396259697,-0.029448361519689516,-0.018892404494797753,0.09783504093646067,-0.08164902019002249,-0.13207405161347457,2.126369470418126,62.15271697500654,False,0.009461099023802284,False,True,
signature_stationary_mixed_nuisance,14116,full,pre_shift,83,0.12,-0.1,-0.15,0.03670602162258433,-0.0300639941025147,-0.021209373165144096,0.10270209244861006,-0.0886935756113063,-0.12988030198688374,1.6524135314371584,70.32925706126638,False,0.01956934977671424,False,True,
signature_stationary_mixed_nuisance,14117,full,pre_shift,83,0.12,-0.1,-0.15,0.014328132682816094,-0.038578147032946944,-0.03849154004935517,0.10169932496162387,-0.08198239249525456,-0.13576495148002884,1.70834830788104,36.78948174332722,False,0.015108550387450907,False,True,
signature_stationary_mixed_nuisance,14118,full,pre_shift,83,0.12,-0.1,-0.15,0.04028194998811118,-0.029037479580707452,-0.019961733931784374,0.10425039776669319,-0.07570001847101179,-0.1337465192879623,1.5417568545233333,94.11909791321274,False,0.19311494168080168,False,True,
signature_stationary_mixed_nuisance,14119,full,pre_shift,83,0.12,-0.1,-0.15,0.018415515221759812,-0.024468376198235917,-0.057832618047250144,0.10173838207796075,-0.08131950023142191,-0.1272563200113511,1.4976571925380242,25.486940676280778,False,0.09660587146605479,False,True,
signature_stationary_mixed_nuisance,14120,full,pre_shift,83,0.12,-0.1,-0.15,0.06293107424708368,-0.03069005569877983,-0.029175559256628007,0.11127696905904445,-0.08872358735734676,-0.12335564769337434,1.21877701022112,34.112002501915924,False,0.13327506437050896,False,True,
signature_stationary_mixed_nuisance,14121,full,pre_shift,83,0.12,-0.1,-0.15,0.04248617505468297,-0.03011020968210439,-0.026791314454094307,0.1071195575466967,-0.07740960144815569,-0.13508862014239056,1.4819510588312221,42.09461477418171,False,0.054904084158204025,False,True,
signature_stationary_mixed_nuisance,14122,full,pre_shift,83,0.12,-0.1,-0.15,0.04573906136073372,-0.03135493816259046,-0.0632794973878003,0.10641635189452638,-0.08019204415537194,-0.1346700729462934,1.030796807328019,17.755070581924443,False,0.03996648316747629,False,True,
signature_stationary_mixed_nuisance,14123,full,pre_shift,83,0.12,-0.1,-0.15,0.007652977206185496,-0.03591242947299987,-0.030731065311086794,0.1027750203923514,-0.0803910013640029,-0.13623790046869869,1.990872786303396,31.153492526785517,False,0.09912341934076024,False,True,
signature_stationary_mixed_nuisance,14124,full,pre_shift,83,0.12,-0.1,-0.15,0.044348470430843244,-0.03495308115127108,-0.012814883941773197,0.10401375596832686,-0.08181646628439285,-0.12735694313880505,1.4930984617355227,1.7034402743279866,False,0.040302072084755135,False,True,
signature_stationary_mixed_nuisance,14125,full,pre_shift,83,0.12,-0.1,-0.15,0.04532568143872575,-0.030808145179290314,-0.03020579437981329,0.11063079526808119,-0.08531186066651913,-0.13147821681273109,1.4868638739114761,33.98390157990477,False,0.028709391391246047,False,True,
signature_stationary_mixed_nuisance,14126,full,pre_shift,83,0.12,-0.1,-0.15,0.058629455878960846,-0.017997465396541488,-0.0130434581469322,0.10793386142911855,-0.07856880065191042,-0.14014441299631109,1.7156753900761028,28.804003766733807,False,0.012191598149325357,False,True,
signature_stationary_mixed_nuisance,14127,full,pre_shift,83,0.12,-0.1,-0.15,0.039141648627711224,-0.03295982836433619,-0.021959899763488316,0.1045325540482645,-0.08173133950632418,-0.13420593500270858,1.565159182220673,30.626777508017927,False,0.04351980942453677,False,True,
signature_stationary_mixed_nuisance,14128,full,pre_shift,83,0.12,-0.1,-0.15,0.04060134108194584,-0.035234806653561095,-0.0037557065147777995,0.10315047102558177,-0.08365605555630609,-0.12553948989303637,1.6591654204275403,0.27437779789995265,False,0.11430975171283986,False,True,
signature_stationary_mixed_nuisance,14129,full,pre_shift,83,0.12,-0.1,-0.15,0.03460382339861152,-0.025168481059555263,-0.04712557694392614,0.09514744156296917,-0.08234548618827085,-0.13223440109680987,1.2670677577496774,15.961902888228158,False,0.047518893772648695,False,True,
signature_stationary_mixed_nuisance,14130,full,pre_shift,83,0.12,-0.1,-0.15,-0.0025016924310363176,-0.019975780483429503,-0.04340434461864309,0.09337025726592642,-0.08345727004031382,-0.13758913349357557,2.1087113637744084,48.38467923681238,False,0.02809227778354344,False,True,
signature_stationary_mixed_nuisance,14101,full,pre_shift,84,0.12,0.1,0.15,0.029792404781212617,0.0032827660112887767,0.018229848204132898,0.0965367154499828,0.08678925435572558,0.1328949279254621,2.154601869599955,8.1563268241957,False,0.06536283815675968,False,True,
signature_stationary_mixed_nuisance,14102,full,pre_shift,84,0.12,0.1,0.15,0.02705741451462037,0.01948007069942465,0.03794007638243027,0.10169905639545745,0.08206691426430324,0.13473463107027323,1.692281797634255,26.501512177420697,False,0.09738621760626394,False,True,
signature_stationary_mixed_nuisance,14103,full,pre_shift,84,0.12,0.1,0.15,0.03456299907767205,0.006324284121158632,0.005718737231353464,0.09941865419072313,0.08396595949523752,0.1381444889846792,2.285786572015023,53.04367705687288,False,0.15399866537847154,False,True,
signature_stationary_mixed_nuisance,14104,full,pre_shift,84,0.12,0.1,0.15,0.040721358847770665,0.014875752173911386,0.021441566033262912,0.09668802909777524,0.08604827556643051,0.13604610746546447,1.7728623624345117,34.282238784908266,False,0.029505997883806832,False,True,
signature_stationary_mixed_nuisance,14105,full,pre_shift,84,0.12,0.1,0.15,0.012569321457622415,0.018412255269060297,-0.0015975937949345557,0.09430747654356784,0.08674518055677362,0.12977803446704628,2.403228077595734,43.83897428356832,False,0.05226465053154882,False,True,
signature_stationary_mixed_nuisance,14106,full,pre_shift,84,0.12,0.1,0.15,0.022672432719162385,0.0340592697632232,0.045263013928039796,0.09965314300985666,0.08913299001745852,0.1364481075810882,1.56141186351457,10.102862418550272,False,0.0357659101510675,False,True,
signature_stationary_mixed_nuisance,14107,full,pre_shift,84,0.12,0.1,0.15,0.019165427884138657,0.035939726248548576,0.03770823900558904,0.09809286446816459,0.08658944529370229,0.13829715682258883,1.6562726113956776,28.614494778716953,False,0.05011029732229778,False,True,
signature_stationary_mixed_nuisance,14108,full,pre_shift,84,0.12,0.1,0.15,0.019854214151536348,-0.00013589452667043378,-0.006810816116451967,0.09553821511418023,0.08368113264254017,0.13472629673111386,2.740226296909441,70.04833355951473,False,0.00825220944923817,False,True,
signature_stationary_mixed_nuisance,14109,full,pre_shift,84,0.12,0.1,0.15,0.05168028048991911,0.04005351515947935,0.06171507705755373,0.10741149745354532,0.08354213840927975,0.13411705868659993,0.9078827184221984,12.397794269998982,False,0.3789493042174949,False,True,
signature_stationary_mixed_nuisance,14110,full,pre_shift,84,0.12,0.1,0.15,0.02658831673673064,0.03021988353852956,0.030815420021788293,0.10209846278232168,0.08563133354470678,0.13555770337746448,1.706508620409979,27.658610717110953,False,0.015981775300592267,False,True,
signature_stationary_mixed_nuisance,14111,full,pre_shift,84,0.12,0.1,0.15,0.029447097265924677,0.019981850859032237,-0.02030554860632123,0.09552625108903712,0.08598337717158164,0.13258016841646222,2.473805332342414,75.02675868657211,False,0.018914952416176044,False,True,
signature_stationary_mixed_nuisance,14112,full,pre_shift,84,0.12,0.1,0.15,0.03275469685132388,0.023763672639854187,0.03704615324896054,0.1021121185117527,0.08764804348951667,0.1359744680245784,1.6482414317767244,12.182842063721568,False,0.08602003653796865,False,True,
signature_stationary_mixed_nuisance,14113,full,pre_shift,84,0.12,0.1,0.15,0.019446349519417566,0.026474646925135563,0.022420362362861126,0.10302097442259059,0.08625136949659369,0.13795685951229295,2.0656685241190478,71.00302335989856,False,0.09440450741735074,False,True,
signature_stationary_mixed_nuisance,14114,full,pre_shift,84,0.12,0.1,0.15,0.03544347023212619,-0.0009198110762392919,0.003360161330304693,0.0961621923014467,0.0857432782912463,0.13325719373797057,2.3572459289092045,64.6124087213101,False,0.10046296063605241,False,True,
signature_stationary_mixed_nuisance,14115,full,pre_shift,84,0.12,0.1,0.15,0.021980811604057245,0.014507457840669747,-0.009557056648168387,0.09422746155639533,0.08535082453916155,0.13487680596917284,2.4963945080285472,63.149111483035085,False,0.024467055834563257,False,True,
signature_stationary_mixed_nuisance,14116,full,pre_shift,84,0.12,0.1,0.15,-0.008550259497724751,0.024854974835171528,0.008040559678165056,0.09888138167798396,0.08239318136990177,0.13469838936276213,2.73568643978547,71.56494350105184,False,0.018730107951616823,False,True,
signature_stationary_mixed_nuisance,14117,full,pre_shift,84,0.12,0.1,0.15,0.0018154794773017826,0.05607503899595198,-0.017854583559476424,0.09518361246847973,0.08961781136088404,0.13826628368046334,2.666609276384854,37.956091019712076,False,0.09438451532877,False,True,
signature_stationary_mixed_nuisance,14118,full,pre_shift,84,0.12,0.1,0.15,-0.0059451548721936665,0.027854667040913248,0.005980692010248721,0.10494229210381874,0.09121953151910604,0.13552248539078887,2.9495599864315927,95.56865789964434,False,0.01866979716861495,False,True,
signature_stationary_mixed_nuisance,14119,full,pre_shift,84,0.12,0.1,0.15,0.03339481165389488,-0.000875211874818076,0.061762915188161495,0.10169067941804277,0.08321076438040614,0.14068165307370706,1.7612082601686219,25.7481489364494,False,0.0657390050243429,False,True,
signature_stationary_mixed_nuisance,14120,full,pre_shift,84,0.12,0.1,0.15,0.04096139035075497,0.028096238592665308,0.032990912234158454,0.10342784745356713,0.08906991755821728,0.1445334852221929,1.645952018656878,34.2579545205728,False,0.030301726312458668,False,True,
signature_stationary_mixed_nuisance,14121,full,pre_shift,84,0.12,0.1,0.15,0.03525843771720705,0.03086608824587271,0.041808352888278694,0.1068221175650444,0.0879510728535319,0.13745792070984822,1.5471924546606857,42.141807228842396,False,0.08791430807873106,False,True,
signature_stationary_mixed_nuisance,14122,full,pre_shift,84,0.12,0.1,0.15,0.015831987869873304,0.03710340113063206,-0.004234118612744543,0.09437084271010769,0.08567434051090213,0.13097851126239105,2.134428672650284,18.389499254574726,False,0.04430563428793574,False,True,
signature_stationary_mixed_nuisance,14123,full,pre_shift,84,0.12,0.1,0.15,0.012872194502989598,0.039173648049232186,0.0031431365176584894,0.09510239459707726,0.08787121773094131,0.13679845258461373,2.179727848917928,31.833220375703444,False,0.04286038823432282,False,True,
signature_stationary_mixed_nuisance,14124,full,pre_shift,84,0.12,0.1,0.15,0.03127588824771441,0.030476413186822218,0.05435908258283051,0.09868659143629001,0.08594380217526366,0.1432230826906481,1.3797008053880624,1.583141079716049,False,0.03373898098267241,False,True,
signature_stationary_mixed_nuisance,14125,full,pre_shift,84,0.12,0.1,0.15,0.04422145825085429,0.027960383454183644,0.030813950725304885,0.10028429065718772,0.08625676182209004,0.13859249743964264,1.487698331868301,33.97159991177307,False,0.007920555246742138,False,True,
signature_stationary_mixed_nuisance,14126,full,pre_shift,84,0.12,0.1,0.15,0.029257547479085527,0.02855447389737131,0.04959746630270865,0.10814503890103772,0.08875048631924924,0.13522082945462013,1.6016388111234805,28.905642577857286,False,0.014564311318479602,False,True,
signature_stationary_mixed_nuisance,14127,full,pre_shift,84,0.12,0.1,0.15,0.03530909978050008,0.020825432903810122,0.0025230165880381463,0.09711996659354659,0.08607931408317675,0.134771184280163,2.0324329499063825,31.15921045792431,False,0.01434324033021677,False,True,
signature_stationary_mixed_nuisance,14128,full,pre_shift,84,0.12,0.1,0.15,0.012523099884183904,0.04510992589456248,0.042041345730893055,0.10011642944949152,0.08629527717632639,0.14401290861264787,1.734721719698528,0.5090995175984807,False,0.028170738365235797,False,True,
signature_stationary_mixed_nuisance,14129,full,pre_shift,84,0.12,0.1,0.15,0.028525382107033325,0.02476001714427936,0.02099782194686951,0.09965329551647273,0.08241406463536162,0.13405167566534743,1.7750785428133007,16.236981431041457,False,0.059220490248734124,False,True,
signature_stationary_mixed_nuisance,14130,full,pre_shift,84,0.12,0.1,0.15,0.025827562945023506,0.0030082075310438037,0.003894827462349143,0.09597739956235415,0.08153659014084792,0.1347310675657036,2.3634297703988514,49.248109007211234,False,0.021395386332641753,False,True,
signature_stationary_mixed_nuisance,14101,full,pre_shift,85,-0.2,0.0,-0.2,-0.07200563651155499,0.024251204628931954,-0.07804681398053831,-0.15578414966808804,0.009301438924257376,-0.19398231896876098,1.703431937622806,8.359758761818506,False,0.05356044270461339,False,True,
signature_stationary_mixed_nuisance,14102,full,pre_shift,85,-0.2,0.0,-0.2,-0.10473343332269516,0.026033260629744218,-0.0740384057976202,-0.164929719149453,0.004974958186182636,-0.1957408291940505,1.408628487790808,26.410140665211504,False,0.01766293887634548,False,True,
signature_stationary_mixed_nuisance,14103,full,pre_shift,85,-0.2,0.0,-0.2,-0.06722936236466284,0.014738590822814306,-0.0262047731757399,-0.15988080883207226,0.0037367862748637825,-0.1970266962234101,2.864094655861774,54.40777171273466,False,0.05759606924060382,False,True,
signature_stationary_mixed_nuisance,14104,full,pre_shift,85,-0.2,0.0,-0.2,-0.08025549222389429,0.018018887904825615,-0.060718016548860373,-0.16638701681446635,0.00167434969705846,-0.20225556581614085,2.1694973226640855,34.95173610757235,False,0.009289674819770001,False,True,
signature_stationary_mixed_nuisance,14105,full,pre_shift,85,-0.2,0.0,-0.2,-0.0457759423423054,0.017250237302473867,-0.04956931134940147,-0.1563432748329524,0.006363230062445484,-0.19374654405165365,2.771167083434833,45.11014136700315,False,0.04090504867589768,False,True,
signature_stationary_mixed_nuisance,14106,full,pre_shift,85,-0.2,0.0,-0.2,-0.0650295694082547,0.021423556946407473,-0.08719686438831187,-0.16311936871326388,0.00367277997988164,-0.19683125188112835,1.9369409157576047,10.539803334307877,False,0.0577269347498932,False,True,
signature_stationary_mixed_nuisance,14107,full,pre_shift,85,-0.2,0.0,-0.2,-0.06903024493381692,0.013728231814161542,-0.06996247433426747,-0.15626562423823462,0.008203942956860815,-0.1961107332683689,1.9063779227772544,29.020872701494206,False,0.13521277886340377,False,True,
signature_stationary_mixed_nuisance,14108,full,pre_shift,85,-0.2,0.0,-0.2,-0.05933066442705745,0.021178703254372964,-0.059800721012721235,-0.15711675145666726,0.008965731960267922,-0.20067168650481096,2.398867338997253,70.94720089851198,False,0.01062722369071133,False,True,
signature_stationary_mixed_nuisance,14109,full,pre_shift,85,-0.2,0.0,-0.2,-0.04865038565812298,0.015886846697557473,-0.10501453364313441,-0.15968752371217473,0.0029764281004660705,-0.2034566862997607,2.0954811561410964,12.993275426140078,False,0.039157426962015775,False,True,
signature_stationary_mixed_nuisance,14110,full,pre_shift,85,-0.2,0.0,-0.2,-0.06722921991600252,0.02046686475026737,-0.09488252993218829,-0.16049906979372444,0.006340191459150103,-0.19895081855411959,1.7384203023479288,27.897031019458883,False,0.015079914118237649,False,True,
signature_stationary_mixed_nuisance,14111,full,pre_shift,85,-0.2,0.0,-0.2,-0.05004643274272208,0.010922998807720965,-0.05124007124508788,-0.15521038743115695,0.008090309014903076,-0.20131408581502344,2.7274402569690186,76.25419894354113,False,0.07301273880972198,False,True,
signature_stationary_mixed_nuisance,14112,full,pre_shift,85,-0.2,0.0,-0.2,-0.09622533244502694,0.006605139885819224,-0.07174308265527359,-0.17102695702811954,-0.00020609672510012926,-0.19850528787599492,1.675249773531677,12.358091837253244,False,0.037478875219203296,False,True,
signature_stationary_mixed_nuisance,14113,full,pre_shift,85,-0.2,0.0,-0.2,-0.055031658746108776,-0.00017510208812228674,-0.01391295209273226,-0.1573202357949832,0.00575730157061352,-0.19427343413065182,3.2885908181134993,72.79161417801207,False,0.037036375704845144,False,True,
signature_stationary_mixed_nuisance,14114,full,pre_shift,85,-0.2,0.0,-0.2,-0.04245299126749471,0.006939023802125309,-0.056006806285972044,-0.1587125414990056,0.005396874700610855,-0.20513533538117196,3.000043775816017,66.11245249712611,False,0.05857589135047604,False,True,
signature_stationary_mixed_nuisance,14115,full,pre_shift,85,-0.2,0.0,-0.2,-0.06874754882407519,0.013728751143179634,-0.05938845462837624,-0.1560045438854835,0.006581021794620439,-0.19890144769587995,2.1307385553216727,63.779850038356756,False,0.04463180022530151,False,True,
signature_stationary_mixed_nuisance,14116,full,pre_shift,85,-0.2,0.0,-0.2,-0.04143924680398748,0.029158948193106028,-0.09447328814885143,-0.1514904551835582,0.005721882704070078,-0.1950459970773475,2.141294167697459,72.2062376687493,False,0.024184809954494513,False,True,
signature_stationary_mixed_nuisance,14117,full,pre_shift,85,-0.2,0.0,-0.2,-0.07634431633230482,0.011633812200786133,-0.09559748683577934,-0.15612086309689327,0.007552855520881067,-0.19801516781044823,1.4149303917135272,37.8710214114256,False,0.014495487563993457,False,True,
signature_stationary_mixed_nuisance,14118,full,pre_shift,85,-0.2,0.0,-0.2,-0.04916182221563959,0.0006473241915846105,-0.054100069713420906,-0.15383144263951393,0.006179925518404728,-0.20093532004144973,2.658054897348172,96.7267127969925,False,0.019574498913287355,False,True,
signature_stationary_mixed_nuisance,14119,full,pre_shift,85,-0.2,0.0,-0.2,-0.054676317509421944,0.005870509822873314,-0.04997437187959816,-0.1538567795343665,0.007996129397685852,-0.20275318978986165,2.6325577829321385,26.88070671938154,False,0.02247545597939399,False,True,
signature_stationary_mixed_nuisance,14120,full,pre_shift,85,-0.2,0.0,-0.2,-0.0638521665785769,-0.01926393902297668,-0.004325421098595057,-0.16104598619092322,-0.005680173043287458,-0.19795925646178714,3.4807411710898974,36.2386956916627,False,0.01490339538919391,False,True,
signature_stationary_mixed_nuisance,14121,full,pre_shift,85,-0.2,0.0,-0.2,-0.06532883167145653,-0.012244145580176113,-0.03279175304401287,-0.15693662365201208,0.0015497964340337705,-0.20450253004688884,2.8677869812827956,43.509594210125194,False,0.025776943378407552,False,True,
signature_stationary_mixed_nuisance,14122,full,pre_shift,85,-0.2,0.0,-0.2,-0.0679478623559832,0.020387731010307657,-0.13546629975574814,-0.15654255126269778,0.00582182989727774,-0.2028556331991778,1.2451562464379438,18.13465550101267,False,0.03454300083666352,False,True,
signature_stationary_mixed_nuisance,14123,full,pre_shift,85,-0.2,0.0,-0.2,-0.06570655917937267,0.014735475259514552,-0.05452075003034491,-0.1567898614255231,0.005319023744625367,-0.19540382978005658,2.242063484581129,32.57528386028457,False,0.033311543947727,False,True,
signature_stationary_mixed_nuisance,14124,full,pre_shift,85,-0.2,0.0,-0.2,-0.09168721084414035,0.019817252963060434,-0.09783412008666657,-0.15566254051391326,0.008881704461795873,-0.20128922701789753,1.1709087379306042,1.2540498176466532,False,0.01278149331293497,False,True,
signature_stationary_mixed_nuisance,14125,full,pre_shift,85,-0.2,0.0,-0.2,-0.06719619715678835,-0.006603132437214329,-0.006865243953947556,-0.15404361527125596,0.006369850888798428,-0.1986637671944088,3.2234563690502545,35.69505628082332,False,0.01729411364270315,False,True,
signature_stationary_mixed_nuisance,14126,full,pre_shift,85,-0.2,0.0,-0.2,-0.06891747135908648,0.008059385709974042,-0.05761198000680247,-0.1599738972971573,0.0030133064978275547,-0.2009571767094103,2.275673368406117,29.681315946263403,False,0.0223536142580026,False,True,
signature_stationary_mixed_nuisance,14127,full,pre_shift,85,-0.2,0.0,-0.2,-0.08200805583937258,0.01440488843388257,-0.07894898258628574,-0.15832236501790883,0.006538396916088562,-0.19966910828565376,1.6123991296266003,31.27160958755091,False,0.02843469402987435,False,True,
signature_stationary_mixed_nuisance,14128,full,pre_shift,85,-0.2,0.0,-0.2,-0.09206764415229128,0.015021988194829073,-0.0687271769963922,-0.15843886707349894,0.0036655994917040766,-0.19438251054388334,1.5260535242472526,0.5351530418457333,False,0.022577868943902853,False,True,
signature_stationary_mixed_nuisance,14129,full,pre_shift,85,-0.2,0.0,-0.2,-0.09859042244627243,0.019398395645710772,-0.08975643396308965,-0.16432144622048886,0.0006395786831630171,-0.19477974041788332,1.2446694013336286,15.981650832375085,False,0.03293359732320689,False,True,
signature_stationary_mixed_nuisance,14130,full,pre_shift,85,-0.2,0.0,-0.2,-0.07102263768082472,0.022098093167768555,-0.09104647985696893,-0.16890724805146073,-0.005039304739755732,-0.19664439790381744,1.9266141445699485,49.67472315178118,False,0.06431473663923624,False,True,
signature_stationary_mixed_nuisance,14101,full,pre_shift,86,-0.2,0.0,0.2,-0.09784929058338288,-0.008558528071269835,0.08290237456368438,-0.15092839239706934,0.013810445585774959,0.18086066902996883,0.9987110081110768,7.858469769929583,False,0.03244926682519061,False,True,
signature_stationary_mixed_nuisance,14102,full,pre_shift,86,-0.2,0.0,0.2,-0.08865696000768854,0.009511583983545145,0.012569005725946693,-0.1537136830964471,0.00799966286529713,0.18482215376290856,2.3745968733306153,27.284737538542117,False,0.029407354218467713,False,True,
signature_stationary_mixed_nuisance,14103,full,pre_shift,86,-0.2,0.0,0.2,-0.0751457966073178,-0.009886836867540525,0.07350096478755752,-0.1465727858795566,0.0071434419723524645,0.18352421809910013,1.408064844159706,54.31583655689436,False,0.019162454653489414,False,True,
signature_stationary_mixed_nuisance,14104,full,pre_shift,86,-0.2,0.0,0.2,-0.07819704960736254,-0.0007313601890842947,0.06475817986164428,-0.15983453427035416,0.0005176279060079319,0.17626371828592216,1.5795363735289127,35.03127248110126,False,0.01744625539869946,False,True,
signature_stationary_mixed_nuisance,14105,full,pre_shift,86,-0.2,0.0,0.2,-0.07898575719525257,0.004747883465694977,0.07667101295108177,-0.1500275552605735,0.010007873094257352,0.18087856369011152,1.2870054374647788,44.89714680446793,False,0.08576305785293943,False,True,
signature_stationary_mixed_nuisance,14106,full,pre_shift,86,-0.2,0.0,0.2,-0.0987669018971601,-0.010074636898266745,0.06133158603829431,-0.1608581328537826,0.0038186177841734574,0.17808089479805306,1.340925295407492,10.38072862971537,False,0.027071672521568915,False,True,
signature_stationary_mixed_nuisance,14107,full,pre_shift,86,-0.2,0.0,0.2,-0.07737024913882538,0.008152139655398669,0.047951883472093684,-0.1495061921460393,0.012469318569058578,0.18766652829652786,1.8550096076235219,29.375882309117728,False,0.03629317410986115,False,True,
signature_stationary_mixed_nuisance,14108,full,pre_shift,86,-0.2,0.0,0.2,-0.06366247829945797,-0.0026815338957909543,0.033078501369872955,-0.14823128013944023,0.010054025113458136,0.18020431910804455,2.2403604279294393,71.68756132644143,False,0.019092618990109028,False,True,
signature_stationary_mixed_nuisance,14109,full,pre_shift,86,-0.2,0.0,0.2,-0.07073832213202459,-0.015304810768692827,0.04246666341776071,-0.15177720904245115,0.0025669741206899746,0.1783338823400642,1.9878553114234148,13.481130737563493,False,0.010257139324273091,False,True,
signature_stationary_mixed_nuisance,14110,full,pre_shift,86,-0.2,0.0,0.2,-0.06431929979813354,0.008255991426730171,0.010722459992118656,-0.15557464867882656,0.006849161773471157,0.18270722775870396,2.861088372775859,29.258119392234743,False,0.09898891082429476,False,True,
signature_stationary_mixed_nuisance,14111,full,pre_shift,86,-0.2,0.0,0.2,-0.06512585707444765,0.0013661727185691776,0.00982199143362099,-0.15304971105799936,0.00939324584495332,0.178993823512651,2.736059211313514,77.49025815485464,False,0.018161144574169303,False,True,
signature_stationary_mixed_nuisance,14112,full,pre_shift,86,-0.2,0.0,0.2,-0.07808604042651698,-0.003120008445214251,0.04683780401448588,-0.16303612600518608,-0.0005977677691261826,0.18554492732874636,2.074339625971325,12.93243146322457,False,0.015601246773499137,False,True,
signature_stationary_mixed_nuisance,14113,full,pre_shift,86,-0.2,0.0,0.2,-0.07607557350691012,-0.013980577302668502,0.048322883984022125,-0.1475542483058394,0.008728831767241194,0.18301453443662888,1.8159096460804942,73.10752382409257,False,0.028254539571027894,False,True,
signature_stationary_mixed_nuisance,14114,full,pre_shift,86,-0.2,0.0,0.2,-0.07564084411081101,-0.001067075633571182,0.02462859324581029,-0.15944176443114136,0.007973443996065687,0.17286617861985715,2.2340791412581433,66.84653163838426,False,0.04481135273357435,False,True,
signature_stationary_mixed_nuisance,14115,full,pre_shift,86,-0.2,0.0,0.2,-0.06287267587601561,0.009826703778025737,0.021742384563775002,-0.1454557255094214,0.010848969361310036,0.183055713139892,2.45629195317249,64.73614199152925,False,0.021658157410191278,False,True,
signature_stationary_mixed_nuisance,14116,full,pre_shift,86,-0.2,0.0,0.2,-0.05182203900639478,0.010753053949456543,0.011128657225353866,-0.1450457733355246,0.009934296816546546,0.18542856353256876,2.955068867940712,73.66130653669,False,0.013293488683768399,False,True,
signature_stationary_mixed_nuisance,14117,full,pre_shift,86,-0.2,0.0,0.2,-0.07215949454845673,0.00839781808133621,0.030836291570639763,-0.1469878171887472,0.009377999972971063,0.18838032271333333,2.2338898523269326,38.604911263752534,False,0.06947164136019952,False,True,
signature_stationary_mixed_nuisance,14118,full,pre_shift,86,-0.2,0.0,0.2,-0.03678958613353971,0.0007237298265959841,0.012783456297867663,-0.14518616927022687,0.008226661530139939,0.1839449094381349,3.2624616382902385,98.48917443528273,False,0.020488071494196937,False,True,
signature_stationary_mixed_nuisance,14119,full,pre_shift,86,-0.2,0.0,0.2,-0.0799161199528196,-0.008105771944883176,0.07099017881082952,-0.14577356000923117,0.011099207347033185,0.18035314284143616,1.3178489169651368,26.698555636346676,False,0.015455873875731671,False,True,
signature_stationary_mixed_nuisance,14120,full,pre_shift,86,-0.2,0.0,0.2,-0.09157370724349358,-0.016446980845393738,0.06760936229109782,-0.15886926374085164,-0.0025793897880106334,0.18947351421375014,1.499369945254462,36.23806563691716,False,0.03058644967098425,False,True,
signature_stationary_mixed_nuisance,14121,full,pre_shift,86,-0.2,0.0,0.2,-0.06768250540053938,-0.019741553117087397,0.042267026306840684,-0.14601704180170347,0.002536107580087891,0.1775983139739323,1.9490616169705497,43.95865582709574,False,0.02006480996615021,False,True,
signature_stationary_mixed_nuisance,14122,full,pre_shift,86,-0.2,0.0,0.2,-0.07941957093732809,0.010144155082464391,0.006223631822873795,-0.1544917412183027,0.007855956784119607,0.17859408714479189,2.5457219428754914,19.180377443888162,False,0.04914499327937532,False,True,
signature_stationary_mixed_nuisance,14123,full,pre_shift,86,-0.2,0.0,0.2,-0.0966296057231266,-0.012386683609598142,0.0861759764809403,-0.15057625446564973,0.008450829151036598,0.18314860303885647,0.9917321189355244,32.067015979220095,False,0.018703628305172772,False,True,
signature_stationary_mixed_nuisance,14124,full,pre_shift,86,-0.2,0.0,0.2,-0.09098596016423133,0.013360768297650998,0.040952414042974616,-0.14799020327892579,0.011433539146480627,0.18751419832566185,1.7411439110182412,1.4951937286648944,False,0.007367022838045197,False,True,
signature_stationary_mixed_nuisance,14125,full,pre_shift,86,-0.2,0.0,0.2,-0.086208296765686,-0.011158816397802142,0.06325039031451328,-0.1475364566624748,0.009044710591276026,0.18479652739828784,1.4302048785302592,35.625261159353585,False,0.029506247950664612,False,True,
signature_stationary_mixed_nuisance,14126,full,pre_shift,86,-0.2,0.0,0.2,-0.08193295803116751,-0.018049781114478785,0.04634382869423736,-0.15198475942944628,0.002522489361977254,0.18063942887482975,1.7746323240365716,29.955948270299974,False,0.017068621705773387,False,True,
signature_stationary_mixed_nuisance,14127,full,pre_shift,86,-0.2,0.0,0.2,-0.08729363427030844,0.012136164741360452,0.009383984057311502,-0.15419517336940217,0.008403597553887244,0.18264318968008986,2.427088037112824,32.19869762466373,False,0.03827531944308459,False,True,
signature_stationary_mixed_nuisance,14128,full,pre_shift,86,-0.2,0.0,0.2,-0.08956236932162356,-0.004809011616373355,0.08740697293373711,-0.14577943142915226,0.00759528431258791,0.19518719650278868,1.1230197109394633,0.1581727527851966,False,0.01345703465699097,False,True,
signature_stationary_mixed_nuisance,14129,full,pre_shift,86,-0.2,0.0,0.2,-0.07335941075762531,0.002127452077590207,0.027859450414582283,-0.15675865145113418,0.0016850071803107386,0.18561586030899044,2.4005538909288293,16.882204723303914,False,0.05791792959875827,False,True,
signature_stationary_mixed_nuisance,14130,full,pre_shift,86,-0.2,0.0,0.2,-0.059439114188019365,-0.004340511961764001,0.06343571434001627,-0.1596356635146211,-0.0038349856442696714,0.18340355009932863,2.110340026430909,50.28506317821209,False,0.025368941329323092,False,True,
signature_stationary_mixed_nuisance,14101,full,pre_shift,87,0.12,-0.1,-0.15,0.032634313876688026,-0.026260083155995564,-0.04313016945818725,0.10191896781900286,-0.07496100672907977,-0.13169473677533797,1.332548415240341,7.6910181851699235,False,0.02850147247213856,False,True,
signature_stationary_mixed_nuisance,14102,full,pre_shift,87,0.12,-0.1,-0.15,0.03936752528984998,-0.03269376520343152,-0.01128820637733597,0.09875293702345549,-0.0836685614298502,-0.1311685474858006,1.6111647194092822,27.3959022579514,False,0.08517159521283461,False,True,
signature_stationary_mixed_nuisance,14103,full,pre_shift,87,0.12,-0.1,-0.15,0.012706471370049948,-0.027784940192726315,-0.022845201115135647,0.09745835183661142,-0.08452780083712202,-0.1305522001613928,1.947085177655672,54.762921734550034,False,0.03756795443733236,False,True,
signature_stationary_mixed_nuisance,14104,full,pre_shift,87,0.12,-0.1,-0.15,0.008342270055214528,-0.03363125849631566,-0.023913081915647345,0.09952615936510273,-0.08409316531230875,-0.13650939913630983,2.0653421889434704,35.59661467004473,False,0.01271753026777493,False,True,
signature_stationary_mixed_nuisance,14105,full,pre_shift,87,0.12,-0.1,-0.15,0.011459379039622805,-0.028282840727526824,-0.04265103081753152,0.10106249871996405,-0.08497835356242069,-0.1368420231212502,1.8729940618139576,45.270140866281885,False,0.07274840070138518,False,True,
signature_stationary_mixed_nuisance,14106,full,pre_shift,87,0.12,-0.1,-0.15,0.05940491816703628,-0.02999400951945288,0.0013125397304676013,0.10893445549665742,-0.08082263561737195,-0.13248634726065175,1.6975581030071603,10.57828673272253,False,0.051099829712191354,False,True,
signature_stationary_mixed_nuisance,14107,full,pre_shift,87,0.12,-0.1,-0.15,0.029776185447134253,-0.04067230105448225,-0.03900970691839635,0.10453120724424854,-0.08189643905664735,-0.13142390912871338,1.3880972180402347,29.26397952715796,False,0.036638823946866794,False,True,
signature_stationary_mixed_nuisance,14108,full,pre_shift,87,0.12,-0.1,-0.15,0.002674678522495529,-0.025270255052088082,-0.04482109567140594,0.09817812818452362,-0.08298153160727101,-0.13637488132740885,1.987883202728591,72.17544452917002,False,0.07161678034880864,False,True,
signature_stationary_mixed_nuisance,14109,full,pre_shift,87,0.12,-0.1,-0.15,0.054810578665665625,-0.03426326180100871,-0.01365823223162372,0.10854315024626512,-0.08679731637564858,-0.1334406157107944,1.5439436564105493,13.525074393974043,False,0.1603725520134417,False,True,
signature_stationary_mixed_nuisance,14110,full,pre_shift,87,0.12,-0.1,-0.15,0.028209367687518663,-0.03136960528638712,-0.05566760988258798,0.10111565632431636,-0.08908109588258628,-0.13680739378686319,1.4229606664284218,29.181080058663166,False,0.022576817989492372,False,True,
signature_stationary_mixed_nuisance,14111,full,pre_shift,87,0.12,-0.1,-0.15,0.02496053100515087,-0.031026976907213684,-0.036751055888132746,0.1051951626750971,-0.07864560798412862,-0.1360495086651595,1.6381698419262547,77.6284279967809,False,0.049715669786179806,False,True,
signature_stationary_mixed_nuisance,14112,full,pre_shift,87,0.12,-0.1,-0.15,0.03945412013024874,-0.02443173979896999,-0.04849209832696193,0.09875155073216683,-0.08091699339036927,-0.13300318795873214,1.2340297112241256,12.666461174448695,False,0.05222097810437654,False,True,
signature_stationary_mixed_nuisance,14113,full,pre_shift,87,0.12,-0.1,-0.15,0.050004560062631154,-0.016943954001867118,0.013963258771313642,0.11108426753554909,-0.08190126736926069,-0.1330050072536116,2.277419318763155,73.88494314285572,False,0.06419522971923568,False,True,
signature_stationary_mixed_nuisance,14114,full,pre_shift,87,0.12,-0.1,-0.15,0.033690332702372656,-0.02547573058324354,-0.05170263565274507,0.10382988737531454,-0.08771342513675788,-0.13219248121599023,1.437037544856396,66.78356918324066,False,0.01851642916851108,False,True,
signature_stationary_mixed_nuisance,14115,full,pre_shift,87,0.12,-0.1,-0.15,0.005868925145629673,-0.02722703426137841,-0.019131975716229203,0.09783504093646067,-0.08164902019002249,-0.13207405161347457,2.138591151433385,65.37473314296264,False,0.0194420371172344,False,True,
signature_stationary_mixed_nuisance,14116,full,pre_shift,87,0.12,-0.1,-0.15,0.03722838803500157,-0.03204506093253884,-0.023654730363878825,0.10270209244861006,-0.0886935756113063,-0.12988030198688374,1.584796543575248,73.74610308026526,False,0.013244606455605174,False,True,
signature_stationary_mixed_nuisance,14117,full,pre_shift,87,0.12,-0.1,-0.15,0.012544247103476992,-0.03826942694368701,-0.03930976305122192,0.10169932496162387,-0.08198239249525456,-0.13576495148002884,1.7396995783226528,38.844610842075184,False,0.012998684401829289,False,True,
signature_stationary_mixed_nuisance,14118,full,pre_shift,87,0.12,-0.1,-0.15,0.041004142443663044,-0.030726842595416425,-0.024638074861055667,0.10425039776669319,-0.07570001847101179,-0.1337465192879623,1.4451436029372287,98.43431803821996,False,0.2257037986922944,False,True,
signature_stationary_mixed_nuisance,14119,full,pre_shift,87,0.12,-0.1,-0.15,0.021147435090275665,-0.02671275762011411,-0.0496897859556095,0.10173838207796075,-0.08131950023142191,-0.1272563200113511,1.4898198942980707,26.688375530644745,False,0.04166979494142456,False,True,
signature_stationary_mixed_nuisance,14120,full,pre_shift,87,0.12,-0.1,-0.15,0.05403999051669524,-0.027242693007480587,0.004866681962987744,0.11127696905904445,-0.08872358735734676,-0.12335564769337434,1.8414969334514275,36.579562570368594,False,0.11294896810336746,False,True,
signature_stationary_mixed_nuisance,14121,full,pre_shift,87,0.12,-0.1,-0.15,0.03757910865495774,-0.03345024929395863,-0.036800180055472476,0.1071195575466967,-0.07740960144815569,-0.13508862014239056,1.3953313469019033,43.853987173997645,False,0.07013601771020145,False,True,
signature_stationary_mixed_nuisance,14122,full,pre_shift,87,0.12,-0.1,-0.15,0.04261930965092472,-0.029811849650773898,-0.07203398476054156,0.10641635189452638,-0.08019204415537194,-0.1346700729462934,1.0212411876843466,18.701618631572508,False,0.09139557250715435,False,True,
signature_stationary_mixed_nuisance,14123,full,pre_shift,87,0.12,-0.1,-0.15,0.008037740835330268,-0.03906740980028025,-0.025517205947198217,0.1027750203923514,-0.0803910013640029,-0.13623790046869869,2.0208748256742637,32.58789080489436,False,0.14691160764683084,False,True,
signature_stationary_mixed_nuisance,14124,full,pre_shift,87,0.12,-0.1,-0.15,0.04719821817891494,-0.03396066679089996,-0.022754927751184966,0.10401375596832686,-0.08181646628439285,-0.12735694313880505,1.3300180210052888,1.3252117496701832,False,0.09868388849975168,False,True,
signature_stationary_mixed_nuisance,14125,full,pre_shift,87,0.12,-0.1,-0.15,0.0472447893159843,-0.03303919091988191,-0.02493923534916676,0.11063079526808119,-0.08531186066651913,-0.13147821681273109,1.4977715043294964,35.623032663683084,False,0.02205849716454898,False,True,
signature_stationary_mixed_nuisance,14126,full,pre_shift,87,0.12,-0.1,-0.15,0.05654781631765611,-0.018075713248523605,-0.012488848718975275,0.10793386142911855,-0.07856880065191042,-0.14014441299631109,1.7482330612923977,30.204181331592373,False,0.013577050465943557,False,True,
signature_stationary_mixed_nuisance,14127,full,pre_shift,87,0.12,-0.1,-0.15,0.0384755837262579,-0.03426109940270736,-0.01742960964261059,0.1045325540482645,-0.08173133950632418,-0.13420593500270858,1.625054598664151,32.32375222332788,False,0.07243126380825228,False,True,
signature_stationary_mixed_nuisance,14128,full,pre_shift,87,0.12,-0.1,-0.15,0.04358452237395232,-0.034259240472492694,-0.012682850536145835,0.10315047102558177,-0.08365605555630609,-0.12553948989303637,1.4970464864622317,0.1552192392474283,False,0.05911179397538035,False,True,
signature_stationary_mixed_nuisance,14129,full,pre_shift,87,0.12,-0.1,-0.15,0.03628526840104238,-0.02143840367136602,-0.05019459356180821,0.09514744156296917,-0.08234548618827085,-0.13223440109680987,1.261939251646011,16.644143974949927,False,0.005451561768809151,False,True,
signature_stationary_mixed_nuisance,14130,full,pre_shift,87,0.12,-0.1,-0.15,-0.0024515557017367436,-0.015731871495377164,-0.04729328236259819,0.09337025726592642,-0.08345727004031382,-0.13758913349357557,2.1283485403286213,50.913411718540715,False,0.047884368950816665,False,True,
signature_stationary_mixed_nuisance,14101,full,pre_shift,88,0.12,0.1,0.15,0.028640039290971964,0.0015443239443197487,0.018187218957134633,0.0965367154499828,0.08678925435572558,0.1328949279254621,2.2066827344144095,8.397700919584333,False,0.08122213813495478,False,True,
signature_stationary_mixed_nuisance,14102,full,pre_shift,88,0.12,0.1,0.15,0.02955090266010054,0.017341348065139907,0.02865404036980124,0.10169905639545745,0.08206691426430324,0.13473463107027323,1.7990889994438775,27.694991257395277,False,0.04096450497049288,False,True,
signature_stationary_mixed_nuisance,14103,full,pre_shift,88,0.12,0.1,0.15,0.03442764865842679,0.0024415280649311474,0.023742474606181632,0.09941865419072313,0.08396595949523752,0.1381444889846792,2.086094919374331,55.349016653924366,False,0.052291068989741965,False,True,
signature_stationary_mixed_nuisance,14104,full,pre_shift,88,0.12,0.1,0.15,0.04100666539710257,0.013956363526820361,0.02265649174284981,0.09668802909777524,0.08604827556643051,0.13604610746546447,1.767650745088104,35.864265415132834,False,0.017615898388838293,False,True,
signature_stationary_mixed_nuisance,14105,full,pre_shift,88,0.12,0.1,0.15,0.01228002834362849,0.01656616459396036,0.006889611043290627,0.09430747654356784,0.08674518055677362,0.12977803446704628,2.304153051327513,46.074293917609396,False,0.03749840761624807,False,True,
signature_stationary_mixed_nuisance,14106,full,pre_shift,88,0.12,0.1,0.15,0.020728860844748374,0.032249436681132136,0.045153887489732404,0.09965314300985666,0.08913299001745852,0.1364481075810882,1.6226964163434126,10.700983149065943,False,0.013884403470868343,False,True,
signature_stationary_mixed_nuisance,14107,full,pre_shift,88,0.12,0.1,0.15,0.022924136899736713,0.032928264009161795,0.04870963519846666,0.09809286446816459,0.08658944529370229,0.13829715682258883,1.4953057354355073,29.25928526259347,False,0.04223676235450977,False,True,
signature_stationary_mixed_nuisance,14108,full,pre_shift,88,0.12,0.1,0.15,0.021138236460124544,-0.00011783532190629639,-0.0003573073128212567,0.09553821511418023,0.08368113264254017,0.13472629673111386,2.606115531126773,73.2815600602968,False,0.044563585753802225,False,True,
signature_stationary_mixed_nuisance,14109,full,pre_shift,88,0.12,0.1,0.15,0.029966732802171894,0.018041317847723788,0.04165639651232427,0.10741149745354532,0.08354213840927975,0.13411705868659993,1.7080598758848973,13.73313426985894,False,0.04750329041186056,False,True,
signature_stationary_mixed_nuisance,14110,full,pre_shift,88,0.12,0.1,0.15,0.02114224392132292,0.029478640347634637,0.03523782050075254,0.10209846278232168,0.08563133354470678,0.13555770337746448,1.758668657391471,29.439748716054638,False,0.04030352644845935,False,True,
signature_stationary_mixed_nuisance,14111,full,pre_shift,88,0.12,0.1,0.15,0.02489425220294241,0.02132322973602134,-0.022138940334966488,0.09552625108903712,0.08598337717158164,0.13258016841646222,2.5603678459495534,78.68879584273046,False,0.0461575616449862,False,True,
signature_stationary_mixed_nuisance,14112,full,pre_shift,88,0.12,0.1,0.15,0.03366893742408438,0.02600784714767623,0.036817428757221264,0.1021121185117527,0.08764804348951667,0.1359744680245784,1.6021541407877924,12.768615315236488,False,0.10040071797049313,False,True,
signature_stationary_mixed_nuisance,14113,full,pre_shift,88,0.12,0.1,0.15,0.01713653157509967,0.02087491529230383,0.02942448791472113,0.10302097442259059,0.08625136949659369,0.13795685951229295,2.0947914762704882,74.4797346191262,False,0.04699599339044337,False,True,
signature_stationary_mixed_nuisance,14114,full,pre_shift,88,0.12,0.1,0.15,0.03419431173632596,-0.0020661535222617107,-6.783009641293435e-05,0.0961621923014467,0.0857432782912463,0.13325719373797057,2.454706967533637,67.7382761507743,False,0.11780353234251785,False,True,
signature_stationary_mixed_nuisance,14115,full,pre_shift,88,0.12,0.1,0.15,0.019150004073381056,0.016653252002537627,-0.013143324398226887,0.09422746155639533,0.08535082453916155,0.13487680596917284,2.5752370144680112,66.44997015743066,False,0.055597170073820694,False,True,
signature_stationary_mixed_nuisance,14116,full,pre_shift,88,0.12,0.1,0.15,-0.008647599933379586,0.024969624600324987,0.0039859877781055686,0.09888138167798396,0.08239318136990177,0.13469838936276213,2.801304884262352,75.04740796452761,False,0.022691034711609877,False,True,
signature_stationary_mixed_nuisance,14117,full,pre_shift,88,0.12,0.1,0.15,0.004000346740115515,0.05436656460722882,-0.006422307252541127,0.09518361246847973,0.08961781136088404,0.13826628368046334,2.417582679297587,39.76219352137277,False,0.03474656171909778,False,True,
signature_stationary_mixed_nuisance,14118,full,pre_shift,88,0.12,0.1,0.15,-0.007491434223459066,0.03010388324457683,-0.00032485689179691056,0.10494229210381874,0.09121953151910604,0.13552248539078887,3.0608801323900945,99.99519817061005,False,0.04307055893016652,False,True,
signature_stationary_mixed_nuisance,14119,full,pre_shift,88,0.12,0.1,0.15,0.03581944142728538,0.004414088351970682,0.04154229303903859,0.10169067941804277,0.08321076438040614,0.14068165307370706,1.84534692565739,27.033722456302137,False,0.08754802979819329,False,True,
signature_stationary_mixed_nuisance,14120,full,pre_shift,88,0.12,0.1,0.15,0.04507302540385421,0.02592989802016508,0.027661145397473837,0.10342784745356713,0.08906991755821728,0.1445334852221929,1.69738901336824,36.77695158373683,False,0.036316760535976836,False,True,
signature_stationary_mixed_nuisance,14121,full,pre_shift,88,0.12,0.1,0.15,0.048026498515920855,0.032025556250498154,0.03096144903371335,0.1068221175650444,0.0879510728535319,0.13745792070984822,1.470606889868683,43.82459406386633,False,0.08592757943119146,False,True,
signature_stationary_mixed_nuisance,14122,full,pre_shift,88,0.12,0.1,0.15,0.0169894259693927,0.03755208504793133,-0.007241610368060204,0.09437084271010769,0.08567434051090213,0.13097851126239105,2.1587721163053613,19.36039074787787,False,0.05765283355844079,False,True,
signature_stationary_mixed_nuisance,14123,full,pre_shift,88,0.12,0.1,0.15,0.012787702381656024,0.03784392435409281,0.004287384251297358,0.09510239459707726,0.08787121773094131,0.13679845258461373,2.1758311772534107,33.26372198214777,False,0.029901147889658784,False,True,
signature_stationary_mixed_nuisance,14124,full,pre_shift,88,0.12,0.1,0.15,0.03115246161106479,0.02639795486800872,0.06575883641342743,0.09868659143629001,0.08594380217526366,0.1432230826906481,1.319443851447737,1.14465560111792,False,0.08633552736894363,False,True,
signature_stationary_mixed_nuisance,14125,full,pre_shift,88,0.12,0.1,0.15,0.033658583018054355,0.026712716876050736,0.03993420138224673,0.10028429065718772,0.08625676182209004,0.13859249743964264,1.5378187783220232,35.660851442005104,False,0.09330291341331944,False,True,
signature_stationary_mixed_nuisance,14126,full,pre_shift,88,0.12,0.1,0.15,0.029693723008762118,0.0289901575187853,0.05288768557499257,0.10814503890103772,0.08875048631924924,0.13522082945462013,1.552711655860891,30.256892987453263,False,0.031219100969290318,False,True,
signature_stationary_mixed_nuisance,14127,full,pre_shift,88,0.12,0.1,0.15,0.03269903660260305,0.020514225169818164,0.02905393275981552,0.09711996659354659,0.08607931408317675,0.134771184280163,1.683799045810343,32.507551269138226,False,0.13557458582488877,False,True,
signature_stationary_mixed_nuisance,14128,full,pre_shift,88,0.12,0.1,0.15,0.013311471182011116,0.04583038524784628,0.04073705200255555,0.10011642944949152,0.08629527717632639,0.14401290861264787,1.7277959978034598,0.38301523705088814,False,0.029821346395669968,False,True,
signature_stationary_mixed_nuisance,14129,full,pre_shift,88,0.12,0.1,0.15,0.025557198418589454,0.025334443370702866,0.03159045345393498,0.09965329551647273,0.08241406463536162,0.13405167566534743,1.6733522160619645,16.81749619101189,False,0.04895917795992636,False,True,
signature_stationary_mixed_nuisance,14130,full,pre_shift,88,0.12,0.1,0.15,0.02826124048019279,0.0019504365349511607,0.0027864346438683197,0.09597739956235415,0.08153659014084792,0.1347310675657036,2.36186827065755,51.77527998919827,False,0.02274942573293129,False,True,
signature_stationary_mixed_nuisance,14101,full,pre_shift,89,-0.2,0.0,-0.2,-0.07003705855255642,0.02598914105385166,-0.07195507776493261,-0.15578414966808804,0.009301438924257376,-0.19398231896876098,1.841303874822123,8.739004794406455,False,0.023952587660826804,False,True,
signature_stationary_mixed_nuisance,14102,full,pre_shift,89,-0.2,0.0,-0.2,-0.10607777696728442,0.024428984984094456,-0.0729579275480861,-0.164929719149453,0.004974958186182636,-0.1957408291940505,1.398509489253185,27.593500746648463,False,0.010938382100336567,False,True,
signature_stationary_mixed_nuisance,14103,full,pre_shift,89,-0.2,0.0,-0.2,-0.06626739124418407,0.012603157305045968,-0.021672448860765157,-0.15988080883207226,0.0037367862748637825,-0.1970266962234101,2.979309891086805,56.82832654501117,False,0.030510116032555403,False,True,
signature_stationary_mixed_nuisance,14104,full,pre_shift,89,-0.2,0.0,-0.2,-0.08149356128598029,0.015811606003348255,-0.0635978863625973,-0.16638701681446635,0.00167434969705846,-0.20225556581614085,2.084041870715516,36.44830728584835,False,0.03867082090375926,False,True,
signature_stationary_mixed_nuisance,14105,full,pre_shift,89,-0.2,0.0,-0.2,-0.04638157604834684,0.01504759532323696,-0.04706867827921727,-0.1563432748329524,0.006363230062445484,-0.19374654405165365,2.7967352255172995,47.3710291431267,False,0.018030567519451,False,True,
signature_stationary_mixed_nuisance,14106,full,pre_shift,89,-0.2,0.0,-0.2,-0.06598623238655028,0.025396035182163837,-0.08751126158259306,-0.16311936871326388,0.00367277997988164,-0.19683125188112835,1.9287204942879257,11.129703643353869,False,0.040549338784537765,False,True,
signature_stationary_mixed_nuisance,14107,full,pre_shift,89,-0.2,0.0,-0.2,-0.06924812949982295,0.011229156224014703,-0.046311305723336534,-0.15626562423823462,0.008203942956860815,-0.1961107332683689,2.308411827701621,30.06769709029509,False,0.019263405985590818,False,True,
signature_stationary_mixed_nuisance,14108,full,pre_shift,89,-0.2,0.0,-0.2,-0.05654538811724298,0.02093287519114318,-0.058387657843340116,-0.15711675145666726,0.008965731960267922,-0.20067168650481096,2.487787779335008,74.2693478396318,False,0.025082322058949155,False,True,
signature_stationary_mixed_nuisance,14109,full,pre_shift,89,-0.2,0.0,-0.2,-0.05317950596704187,0.014864771678339618,-0.08837567296760107,-0.15968752371217473,0.0029764281004660705,-0.2034566862997607,2.1967869523272108,14.42992122218615,False,0.07573763975683945,False,True,
signature_stationary_mixed_nuisance,14110,full,pre_shift,89,-0.2,0.0,-0.2,-0.06929051510237079,0.020934578519921303,-0.09657458079929927,-0.16049906979372444,0.006340191459150103,-0.19895081855411959,1.6717155104074504,29.61146422646209,False,0.012777418366450658,False,True,
signature_stationary_mixed_nuisance,14111,full,pre_shift,89,-0.2,0.0,-0.2,-0.052016383845634916,0.010122322802967602,-0.04987926927663637,-0.15521038743115695,0.008090309014903076,-0.20131408581502344,2.7023364576132987,79.89113230034376,False,0.08423575293747337,False,True,
signature_stationary_mixed_nuisance,14112,full,pre_shift,89,-0.2,0.0,-0.2,-0.09312101379015159,0.00969583254091217,-0.07895622285039758,-0.17102695702811954,-0.00020609672510012926,-0.19850528787599492,1.626275198186302,12.89489051342279,False,0.07629234439498052,False,True,
signature_stationary_mixed_nuisance,14113,full,pre_shift,89,-0.2,0.0,-0.2,-0.05701608406292019,-0.000746024640368268,-0.018075031649752694,-0.1573202357949832,0.00575730157061352,-0.19427343413065182,3.1484596754883483,76.12819429461456,False,0.03708334608670806,False,True,
signature_stationary_mixed_nuisance,14114,full,pre_shift,89,-0.2,0.0,-0.2,-0.04684666260408804,0.008183969063586006,-0.04926877691818654,-0.1587125414990056,0.005396874700610855,-0.20513533538117196,3.0104119665921516,69.24868811736644,False,0.03145108559537082,False,True,
signature_stationary_mixed_nuisance,14115,full,pre_shift,89,-0.2,0.0,-0.2,-0.07052723380255511,0.013680340569779237,-0.06243200717364527,-0.1560045438854835,0.006581021794620439,-0.19890144769587995,2.042005546238871,66.99197570366952,False,0.035197584363323035,False,True,
signature_stationary_mixed_nuisance,14116,full,pre_shift,89,-0.2,0.0,-0.2,-0.042351269008219304,0.029421508601191044,-0.09633699047147577,-0.1514904551835582,0.005721882704070078,-0.1950459970773475,2.0959440063840225,75.64335197091162,False,0.013399043861724969,False,True,
signature_stationary_mixed_nuisance,14117,full,pre_shift,89,-0.2,0.0,-0.2,-0.07434946375341547,0.010230141360215706,-0.09180102785312255,-0.15612086309689327,0.007552855520881067,-0.19801516781044823,1.5037055170553033,39.765899038428074,False,0.03985750111896468,False,True,
signature_stationary_mixed_nuisance,14118,full,pre_shift,89,-0.2,0.0,-0.2,-0.04691736507357204,-0.0029593145658235974,-0.04861272617180797,-0.15383144263951393,0.006179925518404728,-0.20093532004144973,2.8228207502774834,101.31801892088754,False,0.051958319131476256,False,True,
signature_stationary_mixed_nuisance,14119,full,pre_shift,89,-0.2,0.0,-0.2,-0.05691261343358619,0.009240169521682998,-0.05151151811553568,-0.1538567795343665,0.007996129397685852,-0.20275318978986165,2.549878735043949,28.083601191346084,False,0.0297804749653042,False,True,
signature_stationary_mixed_nuisance,14120,full,pre_shift,89,-0.2,0.0,-0.2,-0.061142157096718525,-0.017899616955659968,-0.007055392486551126,-0.16104598619092322,-0.005680173043287458,-0.19795925646178714,3.486262821638187,38.76321440537502,False,0.02705489980313812,False,True,
signature_stationary_mixed_nuisance,14121,full,pre_shift,89,-0.2,0.0,-0.2,-0.061184532550923265,-0.0066440815099778555,-0.04150155926732064,-0.15693662365201208,0.0015497964340337705,-0.20450253004688884,2.761599262987051,45.086193326853376,False,0.10877493744355254,False,True,
signature_stationary_mixed_nuisance,14122,full,pre_shift,89,-0.2,0.0,-0.2,-0.06768689006835271,0.018841964049328707,-0.13352295291668329,-0.15654255126269778,0.00582182989727774,-0.2028556331991778,1.2624169571682107,19.12280770504608,False,0.04498796093542502,False,True,
signature_stationary_mixed_nuisance,14123,full,pre_shift,89,-0.2,0.0,-0.2,-0.06576064744311481,0.01642627599235327,-0.05335452439991169,-0.1567898614255231,0.005319023744625367,-0.19540382978005658,2.26586285652685,34.02958483867462,False,0.01643883241335997,False,True,
signature_stationary_mixed_nuisance,14124,full,pre_shift,89,-0.2,0.0,-0.2,-0.08761786143333057,0.021322459189830143,-0.09709270174956951,-0.15566254051391326,0.008881704461795873,-0.20128922701789753,1.2483496304774888,0.8930052315954089,False,0.0227503770649958,False,True,
signature_stationary_mixed_nuisance,14125,full,pre_shift,89,-0.2,0.0,-0.2,-0.06823512307636563,-0.006769668685529609,-0.00836832231236466,-0.15404361527125596,0.006369850888798428,-0.1986637671944088,3.1665138816848764,37.32736532368998,False,0.01728326310119988,False,True,
signature_stationary_mixed_nuisance,14126,full,pre_shift,89,-0.2,0.0,-0.2,-0.0687316642114479,0.007189470490238685,-0.057313000437362656,-0.1599738972971573,0.0030133064978275547,-0.2009571767094103,2.2829687319470158,31.039861719400278,False,0.029958989717865217,False,True,
signature_stationary_mixed_nuisance,14127,full,pre_shift,89,-0.2,0.0,-0.2,-0.08258362905944379,0.014495819114752884,-0.0818547002902622,-0.15832236501790883,0.006538396916088562,-0.19966910828565376,1.5586411391468509,32.566192408285076,False,0.021601681942837483,False,True,
signature_stationary_mixed_nuisance,14128,full,pre_shift,89,-0.2,0.0,-0.2,-0.09170049460859665,0.015258561068180616,-0.06932659962251658,-0.15843886707349894,0.0036655994917040766,-0.19438251054388334,1.5227455904990916,0.4057608275499798,False,0.025458902411936744,False,True,
signature_stationary_mixed_nuisance,14129,full,pre_shift,89,-0.2,0.0,-0.2,-0.09816975491015208,0.021173554817065367,-0.09055112493115049,-0.16432144622048886,0.0006395786831630171,-0.19477974041788332,1.2495561351735631,16.567052326185454,False,0.010922891269915533,False,True,
signature_stationary_mixed_nuisance,14130,full,pre_shift,89,-0.2,0.0,-0.2,-0.07848528212280487,0.012205620652455146,-0.07821524128165824,-0.16890724805146073,-0.005039304739755732,-0.19664439790381744,1.885513920673179,52.160793909871444,False,0.09125990143123654,False,True,
signature_stationary_mixed_nuisance,14101,full,pre_shift,90,-0.2,0.0,0.2,-0.09886716994457102,-0.007510618076466261,0.08633957789057194,-0.15092839239706934,0.013810445585774959,0.18086066902996883,0.9386965234698273,8.177701317876283,False,0.017485123789078866,False,True,
signature_stationary_mixed_nuisance,14102,full,pre_shift,90,-0.2,0.0,0.2,-0.09175373297062009,0.012897335169453053,0.007121992635559488,-0.1537136830964471,0.00799966286529713,0.18482215376290856,2.4497058407402226,28.543206587388685,False,0.030420580946222877,False,True,
signature_stationary_mixed_nuisance,14103,full,pre_shift,90,-0.2,0.0,0.2,-0.07676812633157232,-0.010990989497241373,0.07454286515116712,-0.1465727858795566,0.0071434419723524645,0.18352421809910013,1.3712481875142437,56.69957473252542,False,0.030749580207651533,False,True,
signature_stationary_mixed_nuisance,14104,full,pre_shift,90,-0.2,0.0,0.2,-0.0771286436120143,-0.0012577781757262007,0.07155374649325567,-0.15983453427035416,0.0005176279060079319,0.17626371828592216,1.507331741180371,36.455639027028724,False,0.04573403947108541,False,True,
signature_stationary_mixed_nuisance,14105,full,pre_shift,90,-0.2,0.0,0.2,-0.08383416138276573,0.004931337163904436,0.08267829480426932,-0.1500275552605735,0.010007873094257352,0.18087856369011152,1.1303117863616772,47.00134092948838,False,0.05761766075522731,False,True,
signature_stationary_mixed_nuisance,14106,full,pre_shift,90,-0.2,0.0,0.2,-0.10008703289105034,-0.009061219379046612,0.06887078991401208,-0.1608581328537826,0.0038186177841734574,0.17808089479805306,1.2107916019387834,10.840495245292653,False,0.031249687985329736,False,True,
signature_stationary_mixed_nuisance,14107,full,pre_shift,90,-0.2,0.0,0.2,-0.07251928131289508,0.010725979950978667,0.042739694774864036,-0.1495061921460393,0.012469318569058578,0.18766652829652786,2.033087903375709,30.6007849936708,False,0.048245541071060216,False,True,
signature_stationary_mixed_nuisance,14108,full,pre_shift,90,-0.2,0.0,0.2,-0.06570203603204096,-0.004470983908630644,0.035908859098385135,-0.14823128013944023,0.010054025113458136,0.18020431910804455,2.153525162842241,74.92287300247405,False,0.020482389361281134,False,True,
signature_stationary_mixed_nuisance,14109,full,pre_shift,90,-0.2,0.0,0.2,-0.06981681925764632,-0.013377525598681345,0.045245558156978616,-0.15177720904245115,0.0025669741206899746,0.1783338823400642,1.9513224680826255,14.881243690268777,False,0.03182023102271796,False,True,
signature_stationary_mixed_nuisance,14110,full,pre_shift,90,-0.2,0.0,0.2,-0.06619611247783264,0.003058584858268176,0.02278634337189068,-0.15557464867882656,0.006849161773471157,0.18270722775870396,2.5689491206360042,30.680413347098096,False,0.013478822346390588,False,True,
signature_stationary_mixed_nuisance,14111,full,pre_shift,90,-0.2,0.0,0.2,-0.0628904726481761,0.0013513699947795498,0.011116625428628367,-0.15304971105799936,0.00939324584495332,0.178993823512651,2.7566243528315333,81.14775665317529,False,0.024351461681060334,False,True,
signature_stationary_mixed_nuisance,14112,full,pre_shift,90,-0.2,0.0,0.2,-0.080044664032236,-0.0027947956057269557,0.048115241738372644,-0.16303612600518608,-0.0005977677691261826,0.18554492732874636,2.011282106354714,13.406172619777504,False,0.02856953530002572,False,True,
signature_stationary_mixed_nuisance,14113,full,pre_shift,90,-0.2,0.0,0.2,-0.07301986001807621,-0.013025888316092561,0.05102827803304976,-0.1475542483058394,0.008728831767241194,0.18301453443662888,1.8191971975182268,76.44739149213278,False,0.026569304790604552,False,True,
signature_stationary_mixed_nuisance,14114,full,pre_shift,90,-0.2,0.0,0.2,-0.0732013662144918,-0.003042657628311903,0.02286338692474145,-0.15944176443114136,0.007973443996065687,0.17286617861985715,2.323164324638938,70.07185244200538,False,0.04211938207542591,False,True,
signature_stationary_mixed_nuisance,14115,full,pre_shift,90,-0.2,0.0,0.2,-0.06656734893982404,0.008931640597452148,0.02443609555112329,-0.1454557255094214,0.010848969361310036,0.183055713139892,2.330153706723737,67.82212941039326,False,0.01653892575844214,False,True,
signature_stationary_mixed_nuisance,14116,full,pre_shift,90,-0.2,0.0,0.2,-0.05283409672167537,0.010555359236160059,0.011163064328178433,-0.1450457733355246,0.009934296816546546,0.18542856353256876,2.9318218997983094,77.07517387070993,False,0.01845749185460235,False,True,
signature_stationary_mixed_nuisance,14117,full,pre_shift,90,-0.2,0.0,0.2,-0.07333608090494378,0.009495915791655034,0.032528308847177424,-0.1469878171887472,0.009377999972971063,0.18838032271333333,2.1792172094130042,40.44511624784108,False,0.06790908353037256,False,True,
signature_stationary_mixed_nuisance,14118,full,pre_shift,90,-0.2,0.0,0.2,-0.03600407117832397,-0.0010503730962062563,0.014486381596743206,-0.14518616927022687,0.008226661530139939,0.1839449094381349,3.250137646528503,103.06815656741604,False,0.01534874760726601,False,True,
signature_stationary_mixed_nuisance,14119,full,pre_shift,90,-0.2,0.0,0.2,-0.07841022652557869,-0.008948210277803636,0.06655741563039987,-0.14577356000923117,0.011099207347033185,0.18035314284143616,1.4080162141245764,27.99161740547066,False,0.01746708027863935,False,True,
signature_stationary_mixed_nuisance,14120,full,pre_shift,90,-0.2,0.0,0.2,-0.09355494663115228,-0.014274447339841808,0.06606481306708609,-0.15886926374085164,-0.0025793897880106334,0.18947351421375014,1.4847288364464257,38.747943241821446,False,0.0240145148333903,False,True,
signature_stationary_mixed_nuisance,14121,full,pre_shift,90,-0.2,0.0,0.2,-0.06583142052908017,-0.018978088850890272,0.038644480675791,-0.14601704180170347,0.002536107580087891,0.1775983139739323,2.0426307947662425,45.628824121619616,False,0.02649371763818812,False,True,
signature_stationary_mixed_nuisance,14122,full,pre_shift,90,-0.2,0.0,0.2,-0.07966810649220069,0.010213395157181048,0.0038432113047912548,-0.1544917412183027,0.007855956784119607,0.17859408714479189,2.593208961472006,20.216016666518083,False,0.06176005475880471,False,True,
signature_stationary_mixed_nuisance,14123,full,pre_shift,90,-0.2,0.0,0.2,-0.09731664768191685,-0.013349528503218602,0.0883150547834148,-0.15057625446564973,0.008450829151036598,0.18314860303885647,0.9620441062275779,33.4916289449022,False,0.01328702582649797,False,True,
signature_stationary_mixed_nuisance,14124,full,pre_shift,90,-0.2,0.0,0.2,-0.0910385298192363,0.0085762740820737,0.036405178132510777,-0.14799020327892579,0.011433539146480627,0.18751419832566185,1.8260698787825476,1.2190751103779565,False,0.05982211492094928,False,True,
signature_stationary_mixed_nuisance,14125,full,pre_shift,90,-0.2,0.0,0.2,-0.08764485667556891,-0.010308632963469745,0.06480197589918807,-0.1475364566624748,0.009044710591276026,0.18479652739828784,1.381487004335096,37.20885232802508,False,0.020775959628704523,False,True,
signature_stationary_mixed_nuisance,14126,full,pre_shift,90,-0.2,0.0,0.2,-0.08130928130535384,-0.016953437242973143,0.04096620062684037,-0.15198475942944628,0.002522489361977254,0.18063942887482975,1.8728825688586237,31.412744288258903,False,0.02827761108649596,False,True,
signature_stationary_mixed_nuisance,14127,full,pre_shift,90,-0.2,0.0,0.2,-0.08501221544319047,0.010570638269746704,0.00809685382340319,-0.15419517336940217,0.008403597553887244,0.18264318968008986,2.4906858590832486,33.556878267368326,False,0.024146657333590185,False,True,
signature_stationary_mixed_nuisance,14128,full,pre_shift,90,-0.2,0.0,0.2,-0.09149011491642606,-0.005048498234641001,0.08848136606490137,-0.14577943142915226,0.00759528431258791,0.19518719650278868,1.0828454118146484,0.0,False,0.02075010872107368,False,True,
signature_stationary_mixed_nuisance,14129,full,pre_shift,90,-0.2,0.0,0.2,-0.07064184399075349,0.004091063749330117,0.024821266572634525,-0.15675865145113418,0.0016850071803107386,0.18561586030899044,2.517679704913758,17.58473203109921,False,0.04139918528426774,False,True,
signature_stationary_mixed_nuisance,14130,full,pre_shift,90,-0.2,0.0,0.2,-0.06068541496564361,-0.004327087936135717,0.06227308428352422,-0.1596356635146211,-0.0038349856442696714,0.18340355009932863,2.097701705596631,52.75849561546808,False,0.029672808696581787,False,True,
signature_stationary_mixed_nuisance,14101,full,pre_shift,91,0.12,-0.1,-0.15,0.03221389373488553,-0.024313643924621334,-0.04439640938783577,0.10191896781900286,-0.07496100672907977,-0.13169473677533797,1.3483739387341422,8.026075256610424,False,0.029778495999516322,False,True,
signature_stationary_mixed_nuisance,14102,full,pre_shift,91,0.12,-0.1,-0.15,0.04083855455422968,-0.029355268807317706,-0.01714031738442165,0.09875293702345549,-0.0836685614298502,-0.1311685474858006,1.5459997313660148,28.589206318754698,False,0.03981414484667895,False,True,
signature_stationary_mixed_nuisance,14103,full,pre_shift,91,0.12,-0.1,-0.15,0.012744079528022959,-0.02630335887970822,-0.0250341512318997,0.09745835183661142,-0.08452780083712202,-0.1305522001613928,1.93731966970757,57.13689440223299,False,0.05628521823104,False,True,
signature_stationary_mixed_nuisance,14104,full,pre_shift,91,0.12,-0.1,-0.15,0.008668396462492078,-0.03305281747644654,-0.026099461377275302,0.09952615936510273,-0.08409316531230875,-0.13650939913630983,2.0349136006055564,36.99055262763428,False,0.026946793127465174,False,True,
signature_stationary_mixed_nuisance,14105,full,pre_shift,91,0.12,-0.1,-0.15,0.010808476264267187,-0.027151914111110956,-0.048748740707749164,0.10106249871996405,-0.08497835356242069,-0.1368420231212502,1.822096502812263,47.32343743230064,False,0.10265669116682875,False,True,
signature_stationary_mixed_nuisance,14106,full,pre_shift,91,0.12,-0.1,-0.15,0.058685147284404396,-0.03249738430487165,0.004762068832532556,0.10893445549665742,-0.08082263561737195,-0.13248634726065175,1.737484224092032,11.077979469384685,False,0.0655233118879677,False,True,
signature_stationary_mixed_nuisance,14107,full,pre_shift,91,0.12,-0.1,-0.15,0.028249855570743564,-0.0387215806023081,-0.04759237144737473,0.10453120724424854,-0.08189643905664735,-0.13142390912871338,1.341370447012406,30.442155440683205,False,0.0188718024066724,False,True,
signature_stationary_mixed_nuisance,14108,full,pre_shift,91,0.12,-0.1,-0.15,0.003533643664545666,-0.028190541119913422,-0.03332973810954859,0.09817812818452362,-0.08298153160727101,-0.13637488132740885,2.0691933944539973,75.49206639692805,False,0.007458891850809889,False,True,
signature_stationary_mixed_nuisance,14109,full,pre_shift,91,0.12,-0.1,-0.15,0.05595766985490863,-0.01457644877586407,-0.05470150572749678,0.10854315024626512,-0.08679731637564858,-0.1334406157107944,1.3125725542753564,14.693816244544132,False,0.18810505423172302,False,True,
signature_stationary_mixed_nuisance,14110,full,pre_shift,91,0.12,-0.1,-0.15,0.02995588616310489,-0.03218779974027487,-0.054772885645956934,0.10111565632431636,-0.08908109588258628,-0.13680739378686319,1.3921737824644145,30.57258712956251,False,0.011288557884802578,False,True,
signature_stationary_mixed_nuisance,14111,full,pre_shift,91,0.12,-0.1,-0.15,0.028477865091185266,-0.029911271948713975,-0.03698820449402054,0.1051951626750971,-0.07864560798412862,-0.1360495086651595,1.5830403402033912,81.23079699337869,False,0.05255628073007364,False,True,
signature_stationary_mixed_nuisance,14112,full,pre_shift,91,0.12,-0.1,-0.15,0.037545157011762365,-0.02511908417044639,-0.04510930887233778,0.09875155073216683,-0.08091699339036927,-0.13300318795873214,1.2884224424637594,13.194595062241262,False,0.061246277254122475,False,True,
signature_stationary_mixed_nuisance,14113,full,pre_shift,91,0.12,-0.1,-0.15,0.0514828934898849,-0.014729166662027686,-0.00427628239494051,0.11108426753554909,-0.08190126736926069,-0.1330050072536116,1.9688506859643082,76.9162421780971,False,0.14076771498111385,False,True,
signature_stationary_mixed_nuisance,14114,full,pre_shift,91,0.12,-0.1,-0.15,0.033690617426905684,-0.02505669563162456,-0.05265325119000103,0.10382988737531454,-0.08771342513675788,-0.13219248121599023,1.4343058387160956,70.00615828072148,False,0.023694618702956787,False,True,
signature_stationary_mixed_nuisance,14115,full,pre_shift,91,0.12,-0.1,-0.15,0.0037036595937769276,-0.028100698469590932,-0.022829397194114306,0.09783504093646067,-0.08164902019002249,-0.13207405161347457,2.12314315969693,68.4452725700902,False,0.023657262792256103,False,True,
signature_stationary_mixed_nuisance,14116,full,pre_shift,91,0.12,-0.1,-0.15,0.03720786987309166,-0.032292602896527,-0.026788722019812288,0.10270209244861006,-0.0886935756113063,-0.12988030198688374,1.5410997789323455,77.11627364964228,False,0.028532615028657442,False,True,
signature_stationary_mixed_nuisance,14117,full,pre_shift,91,0.12,-0.1,-0.15,0.010628634841905765,-0.03798130033894574,-0.04089554097442136,0.10169932496162387,-0.08198239249525456,-0.13576495148002884,1.764196708401075,40.70931295624215,False,0.022946362365082518,False,True,
signature_stationary_mixed_nuisance,14118,full,pre_shift,91,0.12,-0.1,-0.15,0.036726780199436676,-0.04084486327457017,-0.018329734760640336,0.10425039776669319,-0.07570001847101179,-0.1337465192879623,1.5062465403501897,103.07440310776623,False,0.3139653988478169,False,True,
signature_stationary_mixed_nuisance,14119,full,pre_shift,91,0.12,-0.1,-0.15,0.02220793843467328,-0.02721103506615076,-0.048733114853252685,0.10173838207796075,-0.08131950023142191,-0.1272563200113511,1.4727226674872727,27.96434007295793,False,0.03310756964829619,False,True,
signature_stationary_mixed_nuisance,14120,full,pre_shift,91,0.12,-0.1,-0.15,0.061710658947624494,-0.0293852604846505,-0.026250148242440974,0.11127696905904445,-0.08872358735734676,-0.12335564769337434,1.2768273013832518,38.524770543204696,False,0.12284846763291224,False,True,
signature_stationary_mixed_nuisance,14121,full,pre_shift,91,0.12,-0.1,-0.15,0.03725516908401254,-0.03047882820053544,-0.03443619252887362,0.1071195575466967,-0.07740960144815569,-0.13508862014239056,1.461519575264136,45.59034369688375,False,0.06815013034896576,False,True,
signature_stationary_mixed_nuisance,14122,full,pre_shift,91,0.12,-0.1,-0.15,0.04571486858476138,-0.03271980666035185,-0.0650906652615217,0.10641635189452638,-0.08019204415537194,-0.1346700729462934,1.000251713642112,19.716268380160194,False,0.04728173337773783,False,True,
signature_stationary_mixed_nuisance,14123,full,pre_shift,91,0.12,-0.1,-0.15,0.006841281132225563,-0.03723473707223699,-0.023784221954744444,0.1027750203923514,-0.0803910013640029,-0.13623790046869869,2.0900068829741554,34.08163582787636,False,0.13939179271091617,False,True,
signature_stationary_mixed_nuisance,14124,full,pre_shift,91,0.12,-0.1,-0.15,0.040553010008587576,-0.03225881429768555,-0.008892694756592993,0.10401375596832686,-0.08181646628439285,-0.12735694313880505,1.636487907454564,1.3555630178325204,False,0.05771934288948553,False,True,
signature_stationary_mixed_nuisance,14125,full,pre_shift,91,0.12,-0.1,-0.15,0.0474319599530737,-0.03240404504625171,-0.02782491616849454,0.11063079526808119,-0.08531186066651913,-0.13147821681273109,1.463661065715888,37.17251339374097,False,0.019970696238400344,False,True,
signature_stationary_mixed_nuisance,14126,full,pre_shift,91,0.12,-0.1,-0.15,0.05852738732699912,-0.018436801576709468,-0.011153965282177717,0.10793386142911855,-0.07856880065191042,-0.14014441299631109,1.7387656340015398,31.65150992226044,False,0.003959800677859708,False,True,
signature_stationary_mixed_nuisance,14127,full,pre_shift,91,0.12,-0.1,-0.15,0.03983526148506936,-0.03254648104102526,-0.020983113019117334,0.1045325540482645,-0.08173133950632418,-0.13420593500270858,1.572361983531211,33.629240250899535,False,0.04789094960095715,False,True,
signature_stationary_mixed_nuisance,14128,full,pre_shift,91,0.12,-0.1,-0.15,0.04926418964857931,-0.032403007826671854,-0.030289317547024117,0.10315047102558177,-0.08365605555630609,-0.12553948989303637,1.2150859915107504,0.0,False,0.0500857094824626,False,True,
signature_stationary_mixed_nuisance,14129,full,pre_shift,91,0.12,-0.1,-0.15,0.03608952144619877,-0.024502071819058963,-0.044577382989459735,0.09514744156296917,-0.08234548618827085,-0.13223440109680987,1.2826403877916295,17.36737241889084,False,0.04618958194532571,False,True,
signature_stationary_mixed_nuisance,14130,full,pre_shift,91,0.12,-0.1,-0.15,0.00025439206896716855,-0.023361832796137825,-0.042837581378887865,0.09337025726592642,-0.08345727004031382,-0.13758913349357557,2.004709122914734,53.26320473838281,False,0.057488237278802846,False,True,
signature_stationary_mixed_nuisance,14101,full,pre_shift,92,0.12,0.1,0.15,0.030401096145227346,0.006724906445948717,0.011738034678462614,0.0965367154499828,0.08678925435572558,0.1328949279254621,2.1723633877212123,8.698438644331636,False,0.08524136720813871,False,True,
signature_stationary_mixed_nuisance,14102,full,pre_shift,92,0.12,0.1,0.15,0.026840549624528646,0.024718231425741886,0.02258685195748653,0.10169905639545745,0.08206691426430324,0.13473463107027323,1.8213779279974418,28.91058424675214,False,0.09290347519506785,False,True,
signature_stationary_mixed_nuisance,14103,full,pre_shift,92,0.12,0.1,0.15,0.03518402824040852,0.00713056770300723,0.0033423661478088986,0.09941865419072313,0.08396595949523752,0.1381444889846792,2.2999644709853193,57.93685887321831,False,0.1690441849614469,False,True,
signature_stationary_mixed_nuisance,14104,full,pre_shift,92,0.12,0.1,0.15,0.04185774984949608,0.011464202796419912,0.03246850460316839,0.09668802909777524,0.08604827556643051,0.13604610746546447,1.6695938639423797,37.16014649157666,False,0.05839654186618465,False,True,
signature_stationary_mixed_nuisance,14105,full,pre_shift,92,0.12,0.1,0.15,0.013995967245452986,0.016275775436605883,0.005781509842005543,0.09430747654356784,0.08674518055677362,0.12977803446704628,2.2934476767705476,48.11688510907119,False,0.033493328821402484,False,True,
signature_stationary_mixed_nuisance,14106,full,pre_shift,92,0.12,0.1,0.15,0.019662433275392622,0.031054979101609984,0.03916979057134213,0.09965314300985666,0.08913299001745852,0.1364481075810882,1.7287154885976246,11.306694957982309,False,0.03680577198262697,False,True,
signature_stationary_mixed_nuisance,14107,full,pre_shift,92,0.12,0.1,0.15,0.019070800448047414,0.034990685701184326,0.042977982961288824,0.09809286446816459,0.08658944529370229,0.13829715682258883,1.604489578273614,30.54664501895682,False,0.0366702344134429,False,True,
signature_stationary_mixed_nuisance,14108,full,pre_shift,92,0.12,0.1,0.15,0.021164375663547858,-0.0006453303427456227,-0.006366468579322335,0.09553821511418023,0.08368113264254017,0.13472629673111386,2.7194570406019025,76.71152343752996,False,0.018375727571204245,False,True,
signature_stationary_mixed_nuisance,14109,full,pre_shift,92,0.12,0.1,0.15,0.05304465477369158,0.04558637173263392,0.08040279166443741,0.10741149745354532,0.08354213840927975,0.13411705868659993,0.6891945630618088,13.883010807605942,False,0.479691563859272,False,True,
signature_stationary_mixed_nuisance,14110,full,pre_shift,92,0.12,0.1,0.15,0.02923470595033278,0.030842662806011507,0.03023833964528222,0.10209846278232168,0.08563133354470678,0.13555770337746448,1.6596750286622444,30.732262158224756,False,0.028232771404225043,False,True,
signature_stationary_mixed_nuisance,14111,full,pre_shift,92,0.12,0.1,0.15,0.026496281354974137,0.019596777847969253,-0.017354762370791157,0.09552625108903712,0.08598337717158164,0.13258016841646222,2.4688242391875157,82.1996212325662,False,0.01706803244334918,False,True,
signature_stationary_mixed_nuisance,14112,full,pre_shift,92,0.12,0.1,0.15,0.02889620043919765,0.02411074970845628,0.047614386281081285,0.1021121185117527,0.08764804348951667,0.1359744680245784,1.5846620248499834,13.279257087091246,False,0.03873099405539792,False,True,
signature_stationary_mixed_nuisance,14113,full,pre_shift,92,0.12,0.1,0.15,0.020615397973313937,0.024024331499519158,0.01806159244560152,0.10302097442259059,0.08625136949659369,0.13795685951229295,2.1416448151614973,77.55788699325859,False,0.09701589750516292,False,True,
signature_stationary_mixed_nuisance,14114,full,pre_shift,92,0.12,0.1,0.15,0.033669057817510326,-0.0011041353773297206,-0.00034903949593467813,0.0961621923014467,0.0857432782912463,0.13325719373797057,2.4468602046468635,70.95301848536835,False,0.12068042628927271,False,True,
signature_stationary_mixed_nuisance,14115,full,pre_shift,92,0.12,0.1,0.15,0.017130302662405915,0.017796379325898355,-0.011743460866877378,0.09422746155639533,0.08535082453916155,0.13487680596917284,2.5678125500567437,69.51308512014694,False,0.06537833414641428,False,True,
signature_stationary_mixed_nuisance,14116,full,pre_shift,92,0.12,0.1,0.15,-0.00742872947920211,0.026268088864399707,0.005424505402834361,0.09888138167798396,0.08239318136990177,0.13469838936276213,2.7302921611449746,78.34656581078725,False,0.008440786082775535,False,True,
signature_stationary_mixed_nuisance,14117,full,pre_shift,92,0.12,0.1,0.15,-0.001171149135783559,0.05761531713106337,-0.019665726789235758,0.09518361246847973,0.08961781136088404,0.13826628368046334,2.7558684879926942,41.965181444234844,False,0.11083799448947147,False,True,
signature_stationary_mixed_nuisance,14118,full,pre_shift,92,0.12,0.1,0.15,-0.006858141882279556,0.028756933377213124,-0.004247460070462581,0.10494229210381874,0.09121953151910604,0.13552248539078887,3.1309329295358506,104.70533603730208,False,0.06149846218584535,False,True,
signature_stationary_mixed_nuisance,14119,full,pre_shift,92,0.12,0.1,0.15,0.03348926558105821,-0.001320897296582121,0.054837629883355075,0.10169067941804277,0.08321076438040614,0.14068165307370706,1.8388733164631832,28.303213389421114,False,0.02701357470264616,False,True,
signature_stationary_mixed_nuisance,14120,full,pre_shift,92,0.12,0.1,0.15,0.044958413029194115,0.026809751113116478,0.031075951771844718,0.10342784745356713,0.08906991755821728,0.1445334852221929,1.6354831261436038,38.6602536693483,False,0.0157101129345878,False,True,
signature_stationary_mixed_nuisance,14121,full,pre_shift,92,0.12,0.1,0.15,0.03453187395311201,0.029175243677078966,0.04494246064063577,0.1068221175650444,0.0879510728535319,0.13745792070984822,1.5463867740656694,45.636730470949416,False,0.10472895138581693,False,True,
signature_stationary_mixed_nuisance,14122,full,pre_shift,92,0.12,0.1,0.15,0.017575350394545143,0.038714103913644195,-0.013121627290066261,0.09437084271010769,0.08567434051090213,0.13097851126239105,2.239611852258803,20.455880232419,False,0.09212765642804838,False,True,
signature_stationary_mixed_nuisance,14123,full,pre_shift,92,0.12,0.1,0.15,0.013297001200672877,0.03752247446632532,0.009008257405186966,0.09510239459707726,0.08787121773094131,0.13679845258461373,2.0946547487295244,34.676290576605886,False,0.04738894792365005,False,True,
signature_stationary_mixed_nuisance,14124,full,pre_shift,92,0.12,0.1,0.15,0.03170220637039567,0.02934784251335314,0.049426797915545946,0.09868659143629001,0.08594380217526366,0.1432230826906481,1.4451916869021868,1.3007547047347072,False,0.0338702719432996,False,True,
signature_stationary_mixed_nuisance,14125,full,pre_shift,92,0.12,0.1,0.15,0.03441571000135154,0.024923351002126545,0.0397192929590767,0.10028429065718772,0.08625676182209004,0.13859249743964264,1.5549564789073187,37.22746987264829,False,0.09666596669176569,False,True,
signature_stationary_mixed_nuisance,14126,full,pre_shift,92,0.12,0.1,0.15,0.029816403944154163,0.027048923830953933,0.04376067905854943,0.10814503890103772,0.08875048631924924,0.13522082945462013,1.677484637123567,31.828994559384007,False,0.031414320505516624,False,True,
signature_stationary_mixed_nuisance,14127,full,pre_shift,92,0.12,0.1,0.15,0.035267000996577855,0.0194715827630428,0.010095368115414274,0.09711996659354659,0.08607931408317675,0.134771184280163,1.933430432496117,34.06267068339565,False,0.031238194687879348,False,True,
signature_stationary_mixed_nuisance,14128,full,pre_shift,92,0.12,0.1,0.15,0.015273845728519204,0.04708668605076213,0.04918954401602617,0.10011642944949152,0.08629527717632639,0.14401290861264787,1.5711123986391404,0.07111239863914043,False,0.02262030139574723,False,True,
signature_stationary_mixed_nuisance,14129,full,pre_shift,92,0.12,0.1,0.15,0.02565909595662278,0.02108128911050313,0.028238683680455175,0.09965329551647273,0.08241406463536162,0.13405167566534743,1.775975219917421,17.64334763880826,False,0.010732056312162645,False,True,
signature_stationary_mixed_nuisance,14130,full,pre_shift,92,0.12,0.1,0.15,0.02895519022480118,0.001926647701258218,0.0036002495837718605,0.09597739956235415,0.08153659014084792,0.1347310675657036,2.3377393491907767,54.10094408757359,False,0.02533417876851228,False,True,
signature_stationary_mixed_nuisance,14101,full,pre_shift,93,-0.2,0.0,-0.2,-0.07064439348832721,0.02773714315711449,-0.07449693978791133,-0.15578414966808804,0.009301438924257376,-0.19398231896876098,1.7977257248792107,8.996164369210847,False,0.034311124710508074,False,True,
signature_stationary_mixed_nuisance,14102,full,pre_shift,93,-0.2,0.0,-0.2,-0.10607307870985551,0.02270946024557011,-0.07214385407189645,-0.164929719149453,0.004974958186182636,-0.1957408291940505,1.4027560942316282,28.813340340983768,False,0.030352942041779057,False,True,
signature_stationary_mixed_nuisance,14103,full,pre_shift,93,-0.2,0.0,-0.2,-0.06703418933002758,0.014922305020904964,-0.023526225901756275,-0.15988080883207226,0.0037367862748637825,-0.1970266962234101,2.9262372120024938,59.3630960852208,False,0.051012029719410976,False,True,
signature_stationary_mixed_nuisance,14104,full,pre_shift,93,-0.2,0.0,-0.2,-0.0812533947463666,0.016229665579548472,-0.06265602003857616,-0.16638701681446635,0.00167434969705846,-0.20225556581614085,2.1067404841817567,37.76688697575842,False,0.031099478596768596,False,True,
signature_stationary_mixed_nuisance,14105,full,pre_shift,93,-0.2,0.0,-0.2,-0.04592657468590742,0.015241793940092258,-0.04610862209628322,-0.1563432748329524,0.006363230062445484,-0.19374654405165365,2.824702175327298,49.44158728439849,False,0.02375456971272646,False,True,
signature_stationary_mixed_nuisance,14106,full,pre_shift,93,-0.2,0.0,-0.2,-0.06395458644662372,0.022021440749551247,-0.08021540634959257,-0.16311936871326388,0.00367277997988164,-0.19683125188112835,2.0632894780916256,11.869984436073935,False,0.038831041358395095,False,True,
signature_stationary_mixed_nuisance,14107,full,pre_shift,93,-0.2,0.0,-0.2,-0.07187759786309666,0.012683345186726916,-0.048464694951103,-0.15626562423823462,0.008203942956860815,-0.1961107332683689,2.2146590042635235,31.261304023220344,False,0.039671649329670274,False,True,
signature_stationary_mixed_nuisance,14108,full,pre_shift,93,-0.2,0.0,-0.2,-0.0589274359478179,0.02089088099806529,-0.06314155863303887,-0.15711675145666726,0.008965731960267922,-0.20067168650481096,2.348805848745211,77.56032928627518,False,0.008801787305592739,False,True,
signature_stationary_mixed_nuisance,14109,full,pre_shift,93,-0.2,0.0,-0.2,-0.05176016795410176,0.011357317108863419,-0.09118530004383411,-0.15968752371217473,0.0029764281004660705,-0.2034566862997607,2.1859365023172854,14.568947309923228,False,0.09370448791947437,False,True,
signature_stationary_mixed_nuisance,14110,full,pre_shift,93,-0.2,0.0,-0.2,-0.06482668633221934,0.022741274824720853,-0.09043052199820314,-0.16049906979372444,0.006340191459150103,-0.19895081855411959,1.859341445631907,31.09160360385666,False,0.04741939253679977,False,True,
signature_stationary_mixed_nuisance,14111,full,pre_shift,93,-0.2,0.0,-0.2,-0.05497263111247462,0.013404244931643064,-0.05278923326767995,-0.15521038743115695,0.008090309014903076,-0.20131408581502344,2.5817097655428847,83.28133099810908,False,0.055859462793972164,False,True,
signature_stationary_mixed_nuisance,14112,full,pre_shift,93,-0.2,0.0,-0.2,-0.09898280943998486,0.009090468963937202,-0.07046046229756547,-0.17102695702811954,-0.00020609672510012926,-0.19850528787599492,1.64995658306315,13.429213670154395,False,0.02601494989803745,False,True,
signature_stationary_mixed_nuisance,14113,full,pre_shift,93,-0.2,0.0,-0.2,-0.05233763206065634,-0.0008275367025501697,-0.015335354854519452,-0.1573202357949832,0.00575730157061352,-0.19427343413065182,3.3247820388497598,79.38266903210835,False,0.025696453645285493,False,True,
signature_stationary_mixed_nuisance,14114,full,pre_shift,93,-0.2,0.0,-0.2,-0.04573171105488193,0.006309416904929418,-0.04895864858972599,-0.1587125414990056,0.005396874700610855,-0.20513533538117196,3.046806605268324,72.49982509063668,False,0.013809011373655422,False,True,
signature_stationary_mixed_nuisance,14115,full,pre_shift,93,-0.2,0.0,-0.2,-0.06960004298573026,0.013258571890294302,-0.06237602561502703,-0.1560045438854835,0.006581021794620439,-0.19890144769587995,2.060520245449664,70.0736053655966,False,0.029605299881590327,False,True,
signature_stationary_mixed_nuisance,14116,full,pre_shift,93,-0.2,0.0,-0.2,-0.039784385269660515,0.02845356708599475,-0.08839097430256268,-0.1514904551835582,0.005721882704070078,-0.1950459970773475,2.2594646773176783,79.10603048810493,False,0.060248294411494104,False,True,
signature_stationary_mixed_nuisance,14117,full,pre_shift,93,-0.2,0.0,-0.2,-0.07839763241151307,0.008845582021579097,-0.09474082413575602,-0.15612086309689327,0.007552855520881067,-0.19801516781044823,1.3864795876708673,41.851661031905714,False,0.03179914628810488,False,True,
signature_stationary_mixed_nuisance,14118,full,pre_shift,93,-0.2,0.0,-0.2,-0.04971292345302149,-0.0005518101667216001,-0.05292114718366952,-0.15383144263951393,0.006179925518404728,-0.20093532004144973,2.667292801300684,105.87262883860276,False,0.02488447149325419,False,True,
signature_stationary_mixed_nuisance,14119,full,pre_shift,93,-0.2,0.0,-0.2,-0.05139081576053166,0.008007439747387197,-0.0560519108435399,-0.1538567795343665,0.007996129397685852,-0.20275318978986165,2.5977466877116355,29.400960077132748,False,0.054904817096990674,False,True,
signature_stationary_mixed_nuisance,14120,full,pre_shift,93,-0.2,0.0,-0.2,-0.0691333164465502,-0.015943187871283338,-0.0008972114465421484,-0.16104598619092322,-0.005680173043287458,-0.19795925646178714,3.4495368874331227,40.60979055678142,False,0.0723751614032153,False,True,
signature_stationary_mixed_nuisance,14121,full,pre_shift,93,-0.2,0.0,-0.2,-0.06401519425723216,-0.012811996119014969,-0.03027774208064199,-0.15693662365201208,0.0015497964340337705,-0.20450253004688884,2.9532105377218336,47.089941008671246,False,0.008562623832266003,False,True,
signature_stationary_mixed_nuisance,14122,full,pre_shift,93,-0.2,0.0,-0.2,-0.06598715923439641,0.018948190390984554,-0.1373398243064763,-0.15654255126269778,0.00582182989727774,-0.2028556331991778,1.2665019823374173,20.222382214756415,False,0.029050637925359994,False,True,
signature_stationary_mixed_nuisance,14123,full,pre_shift,93,-0.2,0.0,-0.2,-0.0669681333314607,0.017479327789369666,-0.05293542742802259,-0.1567898614255231,0.005319023744625367,-0.19540382978005658,2.2498794546017242,35.42617003120761,False,0.021202331628082858,False,True,
signature_stationary_mixed_nuisance,14124,full,pre_shift,93,-0.2,0.0,-0.2,-0.0903332798307747,0.016340756944070348,-0.09678258383254494,-0.15566254051391326,0.008881704461795873,-0.20128922701789753,1.1977636474221405,0.9985183521568477,False,0.048503216720727584,False,True,
signature_stationary_mixed_nuisance,14125,full,pre_shift,93,-0.2,0.0,-0.2,-0.0674569781977922,-0.004940535667254997,-0.010534551859228847,-0.15404361527125596,0.006369850888798428,-0.1986637671944088,3.125247055100033,38.852716927748325,False,0.012983805972783907,False,True,
signature_stationary_mixed_nuisance,14126,full,pre_shift,93,-0.2,0.0,-0.2,-0.06749521811296347,0.005581088573133997,-0.056912682322578394,-0.1599738972971573,0.0030133064978275547,-0.2009571767094103,2.315676970270668,32.64467152965467,False,0.048456037240689295,False,True,
signature_stationary_mixed_nuisance,14127,full,pre_shift,93,-0.2,0.0,-0.2,-0.08249674502775431,0.016163563487750058,-0.07997850898681808,-0.15832236501790883,0.006538396916088562,-0.19966910828565376,1.5915304694241508,34.1542011528198,False,0.02565906040885923,False,True,
signature_stationary_mixed_nuisance,14128,full,pre_shift,93,-0.2,0.0,-0.2,-0.09006426877614393,0.015996566607809445,-0.07249056982260917,-0.15843886707349894,0.0036655994917040766,-0.19438251054388334,1.5018112612000658,0.07292365983920623,False,0.04134201648954975,False,True,
signature_stationary_mixed_nuisance,14129,full,pre_shift,93,-0.2,0.0,-0.2,-0.10060225721261809,0.020728718133953557,-0.08892415812042304,-0.16432144622048886,0.0006395786831630171,-0.19477974041788332,1.230879727135035,17.374227365943298,False,0.023418984352070536,False,True,
signature_stationary_mixed_nuisance,14130,full,pre_shift,93,-0.2,0.0,-0.2,-0.07937443334985188,0.017000758555243568,-0.08474596481089705,-0.16890724805146073,-0.005039304739755732,-0.19664439790381744,1.7945461523024953,54.39549023987608,False,0.046585990464993766,False,True,
signature_stationary_mixed_nuisance,14101,full,pre_shift,94,-0.2,0.0,0.2,-0.09731621641568322,-0.007540008734179931,0.08597021312450376,-0.15092839239706934,0.013810445585774959,0.18086066902996883,0.9624568576902779,8.458621226901125,False,0.012820515056177666,False,True,
signature_stationary_mixed_nuisance,14102,full,pre_shift,94,-0.2,0.0,0.2,-0.08964768113224915,0.010877597283680924,0.010378697020392985,-0.1537136830964471,0.00799966286529713,0.18482215376290856,2.4077599285285354,29.721100269512302,False,0.011477081394462458,False,True,
signature_stationary_mixed_nuisance,14103,full,pre_shift,94,-0.2,0.0,0.2,-0.07440164332569037,-0.009060138391672171,0.07334378538694705,-0.1465727858795566,0.0071434419723524645,0.18352421809910013,1.4197684947593625,59.28286457998016,False,0.022323122593181876,False,True,
signature_stationary_mixed_nuisance,14104,full,pre_shift,94,-0.2,0.0,0.2,-0.07702522172136472,-0.0013845515032095909,0.0677181296399072,-0.15983453427035416,0.0005176279060079319,0.17626371828592216,1.561844227269743,37.82873120302816,False,0.029908233949470477,False,True,
signature_stationary_mixed_nuisance,14105,full,pre_shift,94,-0.2,0.0,0.2,-0.07847643396186596,-0.003972811665301498,0.07965732431695177,-0.1500275552605735,0.010007873094257352,0.18087856369011152,1.2772341921831414,49.21882147658163,False,0.09434887203644922,False,True,
signature_stationary_mixed_nuisance,14106,full,pre_shift,94,-0.2,0.0,0.2,-0.09776770583738553,-0.008883024685564612,0.0649062111395827,-0.1608581328537826,0.0038186177841734574,0.17808089479805306,1.300824422343738,11.670808858417672,False,0.015668887057938112,False,True,
signature_stationary_mixed_nuisance,14107,full,pre_shift,94,-0.2,0.0,0.2,-0.07388456233573608,0.01194813623303746,0.03676320242108304,-0.1495061921460393,0.012469318569058578,0.18766652829652786,2.1190103993923928,31.880314422612738,False,0.06482463716137403,False,True,
signature_stationary_mixed_nuisance,14108,full,pre_shift,94,-0.2,0.0,0.2,-0.06473683018453481,-0.003438885674445859,0.03780211803026729,-0.14823128013944023,0.010054025113458136,0.18020431910804455,2.135022887876616,78.1953521741518,False,0.02577031151805478,False,True,
signature_stationary_mixed_nuisance,14109,full,pre_shift,94,-0.2,0.0,0.2,-0.07101714135736024,-0.013394262238085005,0.04394277650206564,-0.15177720904245115,0.0025669741206899746,0.1783338823400642,1.9498854098037421,15.01883271972697,False,0.03051058982943473,False,True,
signature_stationary_mixed_nuisance,14110,full,pre_shift,94,-0.2,0.0,0.2,-0.06899475535780762,0.0028842249537823087,0.027994851232026538,-0.15557464867882656,0.006849161773471157,0.18270722775870396,2.4068070106773125,31.998410614533974,False,0.027735597655526877,False,True,
signature_stationary_mixed_nuisance,14111,full,pre_shift,94,-0.2,0.0,0.2,-0.0612008907481997,0.003597764612841177,0.009283858213746906,-0.15304971105799936,0.00939324584495332,0.178993823512651,2.8272345569430843,84.60856555505217,False,0.027533058372178495,False,True,
signature_stationary_mixed_nuisance,14112,full,pre_shift,94,-0.2,0.0,0.2,-0.07778475826514536,-0.002023976990928208,0.04918049361503823,-0.16303612600518608,-0.0005977677691261826,0.18554492732874636,2.0373495943799456,13.96656326453434,False,0.0177504318142806,False,True,
signature_stationary_mixed_nuisance,14113,full,pre_shift,94,-0.2,0.0,0.2,-0.07240972519913208,-0.012672247208930119,0.04732434092661435,-0.1475542483058394,0.008728831767241194,0.18301453443662888,1.8907543769081505,79.7734234090165,False,0.01192939027709958,False,True,
signature_stationary_mixed_nuisance,14114,full,pre_shift,94,-0.2,0.0,0.2,-0.07167060574890612,-6.846350972271511e-05,0.02422368047606344,-0.15944176443114136,0.007973443996065687,0.17286617861985715,2.322101451660925,73.3219265422976,False,0.017333345792602577,False,True,
signature_stationary_mixed_nuisance,14115,full,pre_shift,94,-0.2,0.0,0.2,-0.06584696442779424,0.007847689027905442,0.02166225877000087,-0.1454557255094214,0.010848969361310036,0.183055713139892,2.400012898311181,70.97361826390778,False,0.012842144215187156,False,True,
signature_stationary_mixed_nuisance,14116,full,pre_shift,94,-0.2,0.0,0.2,-0.052274564874894625,0.010597764487746388,0.01041463347393357,-0.1450457733355246,0.009934296816546546,0.18542856353256876,2.960781499186045,80.56681198729098,False,0.012772906786232089,False,True,
signature_stationary_mixed_nuisance,14117,full,pre_shift,94,-0.2,0.0,0.2,-0.07400410180088986,0.008530064806902571,0.029769379754002224,-0.1469878171887472,0.009377999972971063,0.18838032271333333,2.221986439579338,42.57364747148505,False,0.07605920596954718,False,True,
signature_stationary_mixed_nuisance,14118,full,pre_shift,94,-0.2,0.0,0.2,-0.035651117773667654,-0.0036250613608353305,0.012291399700720674,-0.14518616927022687,0.008226661530139939,0.1839449094381349,3.312869239296895,107.68549807789967,False,0.03762026095506526,False,True,
signature_stationary_mixed_nuisance,14119,full,pre_shift,94,-0.2,0.0,0.2,-0.0778884247636132,-0.00807699613588611,0.0719904827155339,-0.14577356000923117,0.011099207347033185,0.18035314284143616,1.336787706506328,29.237747783639076,False,0.017662063536998653,False,True,
signature_stationary_mixed_nuisance,14120,full,pre_shift,94,-0.2,0.0,0.2,-0.09714764832944618,-0.009755029589265544,0.07048594340979739,-0.15886926374085164,-0.0025793897880106334,0.18947351421375014,1.351322820129676,40.461113376911094,False,0.0686453506487633,False,True,
signature_stationary_mixed_nuisance,14121,full,pre_shift,94,-0.2,0.0,0.2,-0.06942811294895433,-0.021371950741248213,0.043336656138755626,-0.14601704180170347,0.002536107580087891,0.1775983139739323,1.9076373642250892,47.497578372896335,False,0.02819011883846764,False,True,
signature_stationary_mixed_nuisance,14122,full,pre_shift,94,-0.2,0.0,0.2,-0.07956952199706925,0.009672561433662744,0.008237980532236585,-0.1544917412183027,0.007855956784119607,0.17859408714479189,2.4997322853461843,21.2221145001026,False,0.03687261360696594,False,True,
signature_stationary_mixed_nuisance,14123,full,pre_shift,94,-0.2,0.0,0.2,-0.09781269795406938,-0.013367262609935458,0.08359177258511684,-0.15057625446564973,0.008450829151036598,0.18314860303885647,1.0138903789015445,34.940060410109155,False,0.03476773361413678,False,True,
signature_stationary_mixed_nuisance,14124,full,pre_shift,94,-0.2,0.0,0.2,-0.08990167411099324,0.01266967698417361,0.0385622575586225,-0.14799020327892579,0.011433539146480627,0.18751419832566185,1.8003224961193276,1.2988408482761753,False,0.01670258248199091,False,True,
signature_stationary_mixed_nuisance,14125,full,pre_shift,94,-0.2,0.0,0.2,-0.08889018065597527,-0.01097646932686172,0.06454670893706939,-0.1475364566624748,0.009044710591276026,0.18479652739828784,1.370788954369109,38.723505882117436,False,0.031422464345097066,False,True,
signature_stationary_mixed_nuisance,14126,full,pre_shift,94,-0.2,0.0,0.2,-0.07743308556386674,-0.0161629878085293,0.04270072256388252,-0.15198475942944628,0.002522489361977254,0.18063942887482975,1.9062971004362554,33.05096863009093,False,0.035009542526895206,False,True,
signature_stationary_mixed_nuisance,14127,full,pre_shift,94,-0.2,0.0,0.2,-0.08510623128945734,0.011685528436768844,0.010491222280725167,-0.15419517336940217,0.008403597553887244,0.18264318968008986,2.438103818893506,35.092304971713304,False,0.02115715665659121,False,True,
signature_stationary_mixed_nuisance,14128,full,pre_shift,94,-0.2,0.0,0.2,-0.08984653894981501,-0.006217187940521066,0.09264509357425046,-0.14577943142915226,0.00759528431258791,0.19518719650278868,1.0539598656445088,0.0,False,0.04430769432620865,False,True,
signature_stationary_mixed_nuisance,14129,full,pre_shift,94,-0.2,0.0,0.2,-0.07337704012610814,0.002197594121603394,0.020455258287645706,-0.15675865145113418,0.0016850071803107386,0.18561586030899044,2.550760450170021,18.42498781611332,False,0.02225204121004522,False,True,
signature_stationary_mixed_nuisance,14130,full,pre_shift,94,-0.2,0.0,0.2,-0.06699836519410733,-0.003936458787949014,0.06718069472580324,-0.1596356635146211,-0.0038349856442696714,0.18340355009932863,1.8782625251167326,54.773752764992814,False,0.04529323934267528,False,True,
signature_stationary_mixed_nuisance,14101,full,pre_shift,95,0.12,-0.1,-0.15,0.02913118076786802,-0.019471051429057112,-0.05702567137998133,0.10191896781900286,-0.07496100672907977,-0.13169473677533797,1.3329895412280772,8.291610768129202,False,0.12101410158033256,False,True,
signature_stationary_mixed_nuisance,14102,full,pre_shift,95,0.12,-0.1,-0.15,0.03899676715435634,-0.031626363412392465,-0.018970620759880392,0.09875293702345549,-0.0836685614298502,-0.1311685474858006,1.5188730500068308,29.739973319519134,False,0.045599456219608266,False,True,
signature_stationary_mixed_nuisance,14103,full,pre_shift,95,0.12,-0.1,-0.15,0.013687165100189299,-0.028169221138773244,-0.026450343552086933,0.09745835183661142,-0.08452780083712202,-0.1305522001613928,1.874648980859039,59.657513560839206,False,0.040151442058811215,False,True,
signature_stationary_mixed_nuisance,14104,full,pre_shift,95,0.12,-0.1,-0.15,0.0077270675003309796,-0.033035848389328965,-0.025706185140701752,0.09952615936510273,-0.08409316531230875,-0.13650939913630983,2.0599698235140127,38.38870102654217,False,0.024688589434067418,False,True,
signature_stationary_mixed_nuisance,14105,full,pre_shift,95,0.12,-0.1,-0.15,0.012263479066890882,-0.025436014065771638,-0.04451194184196324,0.10106249871996405,-0.08497835356242069,-0.1368420231212502,1.8623577084234446,49.58117918500508,False,0.10960641594465591,False,True,
signature_stationary_mixed_nuisance,14106,full,pre_shift,95,0.12,-0.1,-0.15,0.06132320954254865,-0.021277986588254517,-0.022304407783156704,0.10893445549665742,-0.08082263561737195,-0.13248634726065175,1.4303297521149314,11.601138610532603,False,0.15769467514355917,False,True,
signature_stationary_mixed_nuisance,14107,full,pre_shift,95,0.12,-0.1,-0.15,0.02718082841322226,-0.0419861078505091,-0.04037541249830104,0.10453120724424854,-0.08189643905664735,-0.13142390912871338,1.4065453610500336,31.78685978366277,False,0.04208209080551514,False,True,
signature_stationary_mixed_nuisance,14108,full,pre_shift,95,0.12,-0.1,-0.15,0.0038032670732666414,-0.027385225073591937,-0.042625744690277745,0.09817812818452362,-0.08298153160727101,-0.13637488132740885,1.9596231502229544,78.65497532437475,False,0.04960904002846581,False,True,
signature_stationary_mixed_nuisance,14109,full,pre_shift,95,0.12,-0.1,-0.15,0.053868303169130216,-0.011956476667411687,-0.03829050983359326,0.10854315024626512,-0.08679731637564858,-0.1334406157107944,1.5559888998095224,15.074821619536491,False,0.15835707031776025,False,True,
signature_stationary_mixed_nuisance,14110,full,pre_shift,95,0.12,-0.1,-0.15,0.029646364769511924,-0.032612323897072755,-0.05847827324953133,0.10111565632431636,-0.08908109588258628,-0.13680739378686319,1.355401145557572,31.853811760091546,False,0.026634651508215014,False,True,
signature_stationary_mixed_nuisance,14111,full,pre_shift,95,0.12,-0.1,-0.15,0.025796125338055753,-0.03303613248416829,-0.03666813095903388,0.1051951626750971,-0.07864560798412862,-0.1360495086651595,1.6012465528131743,84.70981210786535,False,0.031098445648809755,False,True,
signature_stationary_mixed_nuisance,14112,full,pre_shift,95,0.12,-0.1,-0.15,0.037378330138808764,-0.022617964481709014,-0.05287927333980888,0.09875155073216683,-0.08091699339036927,-0.13300318795873214,1.2429640830307438,13.709527347565084,False,0.026996076152151112,False,True,
signature_stationary_mixed_nuisance,14113,full,pre_shift,95,0.12,-0.1,-0.15,0.05356947588397283,-0.01737016351664191,0.00990292699734345,0.11108426753554909,-0.08190126736926069,-0.1330050072536116,2.137879528972421,80.41130293798892,False,0.06241075842809437,False,True,
signature_stationary_mixed_nuisance,14114,full,pre_shift,95,0.12,-0.1,-0.15,0.03315743147641668,-0.026283612734365205,-0.053291511299553895,0.10382988737531454,-0.08771342513675788,-0.13219248121599023,1.4182220545585642,73.24014859685617,False,0.01840044095491857,False,True,
signature_stationary_mixed_nuisance,14115,full,pre_shift,95,0.12,-0.1,-0.15,0.009075092986023226,-0.027831980616004028,-0.019322280404809218,0.09783504093646067,-0.08164902019002249,-0.13207405161347457,2.0596604861023105,71.5332787500101,False,0.028353105814639606,False,True,
signature_stationary_mixed_nuisance,14116,full,pre_shift,95,0.12,-0.1,-0.15,0.036940134967707594,-0.03103723397636518,-0.016948533308379306,0.10270209244861006,-0.0886935756113063,-0.12988030198688374,1.694449943020368,80.76126193031135,False,0.030226773003259887,False,True,
signature_stationary_mixed_nuisance,14117,full,pre_shift,95,0.12,-0.1,-0.15,0.011787671454295484,-0.038166942385921214,-0.0377235300945965,0.10169932496162387,-0.08198239249525456,-0.13576495148002884,1.7754192179248331,42.84906668940989,False,0.02217039333195139,False,True,
signature_stationary_mixed_nuisance,14118,full,pre_shift,95,0.12,-0.1,-0.15,0.039053536991412605,-0.03166293882043009,-0.02025084616719832,0.10425039776669319,-0.07570001847101179,-0.1337465192879623,1.525450232653841,107.7109483105535,False,0.219560649368764,False,True,
signature_stationary_mixed_nuisance,14119,full,pre_shift,95,0.12,-0.1,-0.15,0.019178930623872572,-0.026243545251656127,-0.051851629376384094,0.10173838207796075,-0.08131950023142191,-0.1272563200113511,1.5133254016892952,29.251073185328373,False,0.05726773836694086,False,True,
signature_stationary_mixed_nuisance,14120,full,pre_shift,95,0.12,-0.1,-0.15,0.06271609417328962,-0.03560181016434741,0.002481883317622714,0.11127696905904445,-0.08872358735734676,-0.12335564769337434,1.5902312288143776,40.55134460572547,False,0.05612501963720939,False,True,
signature_stationary_mixed_nuisance,14121,full,pre_shift,95,0.12,-0.1,-0.15,0.0387925666330043,-0.031232577552383598,-0.026556920478074442,0.1071195575466967,-0.07740960144815569,-0.13508862014239056,1.530700773891043,47.528279146787376,False,0.03129819081272564,False,True,
signature_stationary_mixed_nuisance,14122,full,pre_shift,95,0.12,-0.1,-0.15,0.045837120601500726,-0.03242101430289089,-0.06462187328987423,0.10641635189452638,-0.08019204415537194,-0.1346700729462934,1.0051433737776867,20.727257873880287,False,0.04486497405119966,False,True,
signature_stationary_mixed_nuisance,14123,full,pre_shift,95,0.12,-0.1,-0.15,0.008675914194010955,-0.03565834243908078,-0.030427663667687396,0.1027750203923514,-0.0803910013640029,-0.13623790046869869,1.9749088808103397,35.414969290919494,False,0.09974641167444041,False,True,
signature_stationary_mixed_nuisance,14124,full,pre_shift,95,0.12,-0.1,-0.15,0.04530396777162505,-0.034823047971963374,-0.018114265438082852,0.10401375596832686,-0.08181646628439285,-0.12735694313880505,1.408156022975249,1.2069968712514243,False,0.06780875909928338,False,True,
signature_stationary_mixed_nuisance,14125,full,pre_shift,95,0.12,-0.1,-0.15,0.04695984137139196,-0.03065874364315724,-0.023710399206653222,0.11063079526808119,-0.08531186066651913,-0.13147821681273109,1.5484394131604022,38.77194529527784,False,0.013096464337247848,False,True,
signature_stationary_mixed_nuisance,14126,full,pre_shift,95,0.12,-0.1,-0.15,0.059644783720730725,-0.01994250125258318,-0.019154833064283318,0.10793386142911855,-0.07856880065191042,-0.14014441299631109,1.5838384406223345,33.134807070713265,False,0.05080191024993524,False,True,
signature_stationary_mixed_nuisance,14127,full,pre_shift,95,0.12,-0.1,-0.15,0.03903109522324715,-0.030590564214423206,-0.02864308881156934,0.1045325540482645,-0.08173133950632418,-0.13420593500270858,1.5021549596452433,35.09445993135855,False,0.014261438343119865,False,True,
signature_stationary_mixed_nuisance,14128,full,pre_shift,95,0.12,-0.1,-0.15,0.04659107583988293,-0.03383373112058865,-0.019766458842717265,0.10315047102558177,-0.08365605555630609,-0.12553948989303637,1.3612823236538707,0.0,False,0.017358125400913825,False,True,
signature_stationary_mixed_nuisance,14129,full,pre_shift,95,0.12,-0.1,-0.15,0.035265651669586,-0.023207039589463966,-0.046759406731601116,0.09514744156296917,-0.08234548618827085,-0.13223440109680987,1.2884417941822124,18.21342961029553,False,0.026066511905536535,False,True,
signature_stationary_mixed_nuisance,14130,full,pre_shift,95,0.12,-0.1,-0.15,0.001974303002810002,-0.023158502179084516,-0.04606157644929793,0.09337025726592642,-0.08345727004031382,-0.13758913349357557,1.9325774055981972,55.20633017059101,False,0.052517458116285116,False,True,
signature_stationary_mixed_nuisance,14101,full,pre_shift,96,0.12,0.1,0.15,0.028245978661017426,0.002229441429827665,0.007303834512872706,0.0965367154499828,0.08678925435572558,0.1328949279254621,2.3613913012046175,9.15300206933382,False,0.12288558237459407,False,True,
signature_stationary_mixed_nuisance,14102,full,pre_shift,96,0.12,0.1,0.15,0.023878260720968866,0.017622552610570462,0.04011327070894168,0.10169905639545745,0.08206691426430324,0.13473463107027323,1.750583948841232,29.990557268360366,False,0.1118498232429962,False,True,
signature_stationary_mixed_nuisance,14103,full,pre_shift,96,0.12,0.1,0.15,0.03459001077284704,0.005753763212035544,0.008271030151408143,0.09941865419072313,0.08396595949523752,0.1381444889846792,2.2541897307911607,60.41170329163037,False,0.13862500911412215,False,True,
signature_stationary_mixed_nuisance,14104,full,pre_shift,96,0.12,0.1,0.15,0.04053044804509819,0.012316981384829447,0.021474809174026034,0.09668802909777524,0.08604827556643051,0.13604610746546447,1.8196737144093473,38.70837474095152,False,0.007139561501403195,False,True,
signature_stationary_mixed_nuisance,14105,full,pre_shift,96,0.12,0.1,0.15,0.015525478024120838,0.018247720505375896,-4.724188191747633e-05,0.09430747654356784,0.08674518055677362,0.12977803446704628,2.324561187914275,50.405740372919354,False,0.03780133594097319,False,True,
signature_stationary_mixed_nuisance,14106,full,pre_shift,96,0.12,0.1,0.15,0.017315638039491463,0.03288794391909384,0.04478081425720467,0.09965314300985666,0.08913299001745852,0.1364481075810882,1.6818640428708311,11.783002653403434,False,0.013259706273783475,False,True,
signature_stationary_mixed_nuisance,14107,full,pre_shift,96,0.12,0.1,0.15,0.026051640599018374,0.034241411424704944,0.03468312190525221,0.09809286446816459,0.08658944529370229,0.13829715682258883,1.594533547937343,31.881393331600112,False,0.05310402188354646,False,True,
signature_stationary_mixed_nuisance,14108,full,pre_shift,96,0.12,0.1,0.15,0.020348928150968653,-9.030610116563193e-05,-8.612838719916525e-05,0.09553821511418023,0.08368113264254017,0.13472629673111386,2.6145996795069006,79.76957500388164,False,0.0445344665635776,False,True,
signature_stationary_mixed_nuisance,14109,full,pre_shift,96,0.12,0.1,0.15,0.05486541569684805,0.03193360706181957,0.04439724555775882,0.10741149745354532,0.08354213840927975,0.13411705868659993,1.1264157905084449,14.701237410044936,False,0.29099302483155876,False,True,
signature_stationary_mixed_nuisance,14110,full,pre_shift,96,0.12,0.1,0.15,0.027790672679099817,0.03125111146587439,0.034757078208465596,0.10209846278232168,0.08563133354470678,0.13555770337746448,1.6209654177721105,31.974777177863658,False,0.01546107595721521,False,True,
signature_stationary_mixed_nuisance,14111,full,pre_shift,96,0.12,0.1,0.15,0.028261577430547392,0.020390655886083842,-0.02993084342834477,0.09552625108903712,0.08598337717158164,0.13258016841646222,2.671925596774271,85.88173770463962,False,0.07121825271690747,False,True,
signature_stationary_mixed_nuisance,14112,full,pre_shift,96,0.12,0.1,0.15,0.031635151685576214,0.0235566271390019,0.05068646856212868,0.1021121185117527,0.08764804348951667,0.1359744680245784,1.5133882818763011,13.722915629441385,False,0.02483597559490718,False,True,
signature_stationary_mixed_nuisance,14113,full,pre_shift,96,0.12,0.1,0.15,0.016448517238477536,0.02192489774308504,0.033115906831236205,0.10302097442259059,0.08625136949659369,0.13795685951229295,2.043899917373291,80.95520285536222,False,0.04401997634467224,False,True,
signature_stationary_mixed_nuisance,14114,full,pre_shift,96,0.12,0.1,0.15,0.032116186793960916,-0.00017823669202690282,-0.01333334815356562,0.0961621923014467,0.0857432782912463,0.13325719373797057,2.6732413359496348,74.41338993280581,False,0.19443672559569988,False,True,
signature_stationary_mixed_nuisance,14115,full,pre_shift,96,0.12,0.1,0.15,0.01872749487913086,0.017418558515383865,-0.014093357065153146,0.09422746155639533,0.08535082453916155,0.13487680596917284,2.588588386675133,72.62186713668522,False,0.0654616814254549,False,True,
signature_stationary_mixed_nuisance,14116,full,pre_shift,96,0.12,0.1,0.15,-0.007988174059985292,0.025408966200189648,0.005061051379278166,0.09888138167798396,0.08239318136990177,0.13469838936276213,2.7616037992440496,82.0228657295554,False,0.013920704778019374,False,True,
signature_stationary_mixed_nuisance,14117,full,pre_shift,96,0.12,0.1,0.15,0.001979843249468214,0.05329888914838521,-0.005278705330506744,0.09518361246847973,0.08961781136088404,0.13826628368046334,2.4481971043758484,43.79726379378574,False,0.02734449818316243,False,True,
signature_stationary_mixed_nuisance,14118,full,pre_shift,96,0.12,0.1,0.15,-0.007304587847055326,0.027477389572129723,0.004483094262613043,0.10494229210381874,0.09121953151910604,0.13552248539078887,3.016483871476409,109.22743218202991,False,0.029413982054480647,False,True,
signature_stationary_mixed_nuisance,14119,full,pre_shift,96,0.12,0.1,0.15,0.034212490991284074,0.0012591493118456574,0.0538967186121675,0.10169067941804277,0.08321076438040614,0.14068165307370706,1.7874719625732993,29.538545147901672,False,0.03953186657758722,False,True,
signature_stationary_mixed_nuisance,14120,full,pre_shift,96,0.12,0.1,0.15,0.05684375744723454,0.03328198254802956,0.041335902990752176,0.10342784745356713,0.08906991755821728,0.1445334852221929,1.2708015639825883,40.322146169708056,False,0.1266190096354045,False,True,
signature_stationary_mixed_nuisance,14121,full,pre_shift,96,0.12,0.1,0.15,0.034182982662149454,0.031084222170812956,0.04423186223219674,0.1068221175650444,0.0879510728535319,0.13745792070984822,1.5338501278759953,47.56212927466337,False,0.0915817421334443,False,True,
signature_stationary_mixed_nuisance,14122,full,pre_shift,96,0.12,0.1,0.15,0.016754743469661097,0.03747293402782463,-0.0042801593643631035,0.09437084271010769,0.08567434051090213,0.13097851126239105,2.114107051642091,21.341364925522377,False,0.0432566970025025,False,True,
signature_stationary_mixed_nuisance,14123,full,pre_shift,96,0.12,0.1,0.15,0.013671688231509622,0.03619507551495262,0.0022400899482019087,0.09510239459707726,0.08787121773094131,0.13679845258461373,2.213731293466004,36.1287005843855,False,0.007983240992426803,False,True,
signature_stationary_mixed_nuisance,14124,full,pre_shift,96,0.12,0.1,0.15,0.032520656543373085,0.029795811916897147,0.04953506684940381,0.09868659143629001,0.08594380217526366,0.1432230826906481,1.4244641170694867,1.131460988320911,False,0.029213657392822705,False,True,
signature_stationary_mixed_nuisance,14125,full,pre_shift,96,0.12,0.1,0.15,0.047925448404397886,0.0271287231669086,0.028870237885651566,0.10028429065718772,0.08625676182209004,0.13859249743964264,1.4782646180763737,38.75020991335421,False,0.03411143202428012,False,True,
signature_stationary_mixed_nuisance,14126,full,pre_shift,96,0.12,0.1,0.15,0.030444658363153243,0.029133712227857222,0.04778844376107422,0.10814503890103772,0.08875048631924924,0.13522082945462013,1.5906846454929084,33.22549171620617,False,0.006086392513212943,False,True,
signature_stationary_mixed_nuisance,14127,full,pre_shift,96,0.12,0.1,0.15,0.030899943126694664,0.018547649276976746,0.0359697161961319,0.09711996659354659,0.08607931408317675,0.134771184280163,1.653765070014532,35.24822500137308,False,0.17723135890685607,False,True,
signature_stationary_mixed_nuisance,14128,full,pre_shift,96,0.12,0.1,0.15,0.013223308942465217,0.04613525510571663,0.03836505391574097,0.10011642944949152,0.08629527717632639,0.14401290861264787,1.758617405640076,0.25861740564007607,False,0.04252429335456995,False,True,
signature_stationary_mixed_nuisance,14129,full,pre_shift,96,0.12,0.1,0.15,0.02503098950799213,0.021495476824795773,0.028659211285731498,0.09965329551647273,0.08241406463536162,0.13405167566534743,1.774717022446448,18.48814663274198,False,0.011869494967932158,False,True,
signature_stationary_mixed_nuisance,14130,full,pre_shift,96,0.12,0.1,0.15,0.028131058222182405,0.0011143031386369278,0.005075262452431527,0.09597739956235415,0.08153659014084792,0.1347310675657036,2.341139001092878,56.047469171683886,False,0.0178212385530107,False,True,
signature_stationary_mixed_nuisance,14101,full,pre_shift,97,-0.2,0.0,-0.2,-0.07180431664503167,0.026362848173542078,-0.07874546262670212,-0.15578414966808804,0.009301438924257376,-0.19398231896876098,1.7053529604453173,9.358355029779137,False,0.04862743632398888,False,True,
signature_stationary_mixed_nuisance,14102,full,pre_shift,97,-0.2,0.0,-0.2,-0.10657810162719271,0.023462680725701877,-0.0743458511812008,-0.164929719149453,0.004974958186182636,-0.1957408291940505,1.365554892172157,29.856112160532522,False,0.018026234692324655,False,True,
signature_stationary_mixed_nuisance,14103,full,pre_shift,97,-0.2,0.0,-0.2,-0.06754710149335887,0.008732113211166376,-0.019229838566699624,-0.15988080883207226,0.0037367862748637825,-0.1970266962234101,2.9987454205975936,61.91044871222796,False,0.03984925782229578,False,True,
signature_stationary_mixed_nuisance,14104,full,pre_shift,97,-0.2,0.0,-0.2,-0.07982285717599918,0.01759186587026707,-0.06097612099005031,-0.16638701681446635,0.00167434969705846,-0.20225556581614085,2.1720333103717437,39.380408051323265,False,0.012972435920618803,False,True,
signature_stationary_mixed_nuisance,14105,full,pre_shift,97,-0.2,0.0,-0.2,-0.04685415706340466,0.01612630139972993,-0.0515985469812508,-0.1563432748329524,0.006363230062445484,-0.19374654405165365,2.7038631067090972,51.609603479628454,False,0.02975577190283739,False,True,
signature_stationary_mixed_nuisance,14106,full,pre_shift,97,-0.2,0.0,-0.2,-0.0674479780526683,0.02798623555442324,-0.0856427608723284,-0.16311936871326388,0.00367277997988164,-0.19683125188112835,1.93518804142067,12.218190694824104,False,0.05001853298739236,False,True,
signature_stationary_mixed_nuisance,14107,full,pre_shift,97,-0.2,0.0,-0.2,-0.06731467124176638,0.011226803654493411,-0.04697288012067221,-0.15626562423823462,0.008203942956860815,-0.1961107332683689,2.3371938211773586,32.718587152777474,False,0.010088062876293618,False,True,
signature_stationary_mixed_nuisance,14108,full,pre_shift,97,-0.2,0.0,-0.2,-0.05836321865836471,0.02015894815433384,-0.059871630222484075,-0.15711675145666726,0.008965731960267922,-0.20067168650481096,2.4172381445940982,80.68681314847574,False,0.016136162613624015,False,True,
signature_stationary_mixed_nuisance,14109,full,pre_shift,97,-0.2,0.0,-0.2,-0.05488390875809321,0.013227518859024172,-0.09043670169864829,-0.15968752371217473,0.0029764281004660705,-0.2034566862997607,2.119763806200716,15.321001216245651,False,0.08301298171474203,False,True,
signature_stationary_mixed_nuisance,14110,full,pre_shift,97,-0.2,0.0,-0.2,-0.06882893952915362,0.021155651362101888,-0.09088307167386248,-0.16049906979372444,0.006340191459150103,-0.19895081855411959,1.7578653990507034,32.23264257691436,False,0.0362603562246714,False,True,
signature_stationary_mixed_nuisance,14111,full,pre_shift,97,-0.2,0.0,-0.2,-0.04907700570581708,0.017425216248743203,-0.07116778779003802,-0.15521038743115695,0.008090309014903076,-0.20131408581502344,2.412832615488703,86.79457032012832,False,0.06784346087453054,False,True,
signature_stationary_mixed_nuisance,14112,full,pre_shift,97,-0.2,0.0,-0.2,-0.09596679277219262,0.009665704656266167,-0.0754858463796892,-0.17102695702811954,-0.00020609672510012926,-0.19850528787599492,1.6255858942568715,13.848501523698257,False,0.05243204661547159,False,True,
signature_stationary_mixed_nuisance,14113,full,pre_shift,97,-0.2,0.0,-0.2,-0.05294385637134056,-0.0012107977470861258,-0.019315686086446463,-0.1573202357949832,0.00575730157061352,-0.19427343413065182,3.2218597271240093,82.67706258248623,False,0.017613160600443434,False,True,
signature_stationary_mixed_nuisance,14114,full,pre_shift,97,-0.2,0.0,-0.2,-0.047485312323115335,0.007748240501866244,-0.05178139464479237,-0.1587125414990056,0.005396874700610855,-0.20513533538117196,2.9432186225845567,75.85660855539037,False,0.033472507193056084,False,True,
signature_stationary_mixed_nuisance,14115,full,pre_shift,97,-0.2,0.0,-0.2,-0.07042628254455884,0.011991644052659588,-0.05811374968860199,-0.1560045438854835,0.006581021794620439,-0.19890144769587995,2.1161080896580953,73.23797522634332,False,0.05082147119344218,False,True,
signature_stationary_mixed_nuisance,14116,full,pre_shift,97,-0.2,0.0,-0.2,-0.04247288000254407,0.03127186320701401,-0.10359463157949386,-0.1514904551835582,0.005721882704070078,-0.1950459970773475,2.017775208621059,82.54064093817647,False,0.0402248749499118,False,True,
signature_stationary_mixed_nuisance,14117,full,pre_shift,97,-0.2,0.0,-0.2,-0.07496153812649117,0.013039446819420463,-0.09506454920234665,-0.15612086309689327,0.007552855520881067,-0.19801516781044823,1.4512261229961148,43.74848991678185,False,0.03304693288547198,False,True,
signature_stationary_mixed_nuisance,14118,full,pre_shift,97,-0.2,0.0,-0.2,-0.048504085097631607,-0.0009113822669943183,-0.0467175961658489,-0.15383144263951393,0.006179925518404728,-0.20093532004144973,2.8138065382040742,110.54123872023399,False,0.03338605293165882,False,True,
signature_stationary_mixed_nuisance,14119,full,pre_shift,97,-0.2,0.0,-0.2,-0.0550968925696444,0.00803936282583835,-0.049930981913844985,-0.1538567795343665,0.007996129397685852,-0.20275318978986165,2.6237103911312367,30.66225553903291,False,0.020071425409121782,False,True,
signature_stationary_mixed_nuisance,14120,full,pre_shift,97,-0.2,0.0,-0.2,-0.06296046968538879,-0.02005652102268727,-0.005101412022852686,-0.16104598619092322,-0.005680173043287458,-0.19795925646178714,3.497718968357622,42.31986513806568,False,0.00782924565230688,False,True,
signature_stationary_mixed_nuisance,14121,full,pre_shift,97,-0.2,0.0,-0.2,-0.06493816272304824,-0.011610926843832733,-0.030655921949543443,-0.15693662365201208,0.0015497964340337705,-0.20450253004688884,2.9201911527190467,48.98232042738242,False,0.021758099639062244,False,True,
signature_stationary_mixed_nuisance,14122,full,pre_shift,97,-0.2,0.0,-0.2,-0.06707255535012312,0.021318581734551954,-0.1369180015353404,-0.15654255126269778,0.00582182989727774,-0.2028556331991778,1.254887997308266,21.096252922830644,False,0.034083886333597775,False,True,
signature_stationary_mixed_nuisance,14123,full,pre_shift,97,-0.2,0.0,-0.2,-0.0655214071311558,0.012820373268321129,-0.052534601055329866,-0.1567898614255231,0.005319023744625367,-0.19540382978005658,2.277733670480948,36.90643425486645,False,0.05012514242916754,False,True,
signature_stationary_mixed_nuisance,14124,full,pre_shift,97,-0.2,0.0,-0.2,-0.08764309309051566,0.01937353694583545,-0.09624742114611237,-0.15566254051391326,0.008881704461795873,-0.20128922701789753,1.2536527447605843,0.8851137330814953,False,0.0212812810588636,False,True,
signature_stationary_mixed_nuisance,14125,full,pre_shift,97,-0.2,0.0,-0.2,-0.06539183545101768,-0.00502039230902971,-0.009929101906693799,-0.15404361527125596,0.006369850888798428,-0.1986637671944088,3.1834850169697693,40.43369493032398,False,0.01396835590806917,False,True,
signature_stationary_mixed_nuisance,14126,full,pre_shift,97,-0.2,0.0,-0.2,-0.06940482321009869,0.007209887113239721,-0.062484219655118925,-0.1599738972971573,0.0030133064978275547,-0.2009571767094103,2.1787904862166987,33.90428220242287,False,0.021194206731318724,False,True,
signature_stationary_mixed_nuisance,14127,full,pre_shift,97,-0.2,0.0,-0.2,-0.08270437994787666,0.016616037925908576,-0.08101903488096227,-0.15832236501790883,0.006538396916088562,-0.19966910828565376,1.5736913333423557,35.32191633471543,False,0.02653530324280635,False,True,
signature_stationary_mixed_nuisance,14128,full,pre_shift,97,-0.2,0.0,-0.2,-0.09201219232561007,0.012932222832245498,-0.06636801725666627,-0.15843886707349894,0.0036655994917040766,-0.19438251054388334,1.5593160082158024,0.3179334138558785,False,0.02040346045185042,False,True,
signature_stationary_mixed_nuisance,14129,full,pre_shift,97,-0.2,0.0,-0.2,-0.10075044924327635,0.018930379789264994,-0.08892553523849246,-0.16432144622048886,0.0006395786831630171,-0.19477974041788332,1.2201870395223606,18.20833367226434,False,0.042582555502313,False,True,
signature_stationary_mixed_nuisance,14130,full,pre_shift,97,-0.2,0.0,-0.2,-0.07753774883112363,0.017529758216960394,-0.08093173624591862,-0.16890724805146073,-0.005039304739755732,-0.19664439790381744,1.8920454508338242,56.43951462251771,False,0.033969020718081826,False,True,
signature_stationary_mixed_nuisance,14101,full,pre_shift,98,-0.2,0.0,0.2,-0.0973366783656534,-0.006241129472547627,0.08637791378419836,-0.15092839239706934,0.013810445585774959,0.18086066902996883,0.9503926031275493,8.808747632906686,False,0.004200395815696871,False,True,
signature_stationary_mixed_nuisance,14102,full,pre_shift,98,-0.2,0.0,0.2,-0.08751975638112375,0.007768421171017035,0.012598097677150087,-0.1537136830964471,0.00799966286529713,0.18482215376290856,2.3916769835269394,30.74778914405946,False,0.04739158083133546,False,True,
signature_stationary_mixed_nuisance,14103,full,pre_shift,98,-0.2,0.0,0.2,-0.07650672460352005,-0.012994097542922939,0.07176863740919928,-0.1465727858795566,0.0071434419723524645,0.18352421809910013,1.4234248685252622,61.83387358075322,False,0.03882929831135237,False,True,
signature_stationary_mixed_nuisance,14104,full,pre_shift,98,-0.2,0.0,0.2,-0.07601071114822458,0.00048160877755048056,0.060028887171650724,-0.15983453427035416,0.0005176279060079319,0.17626371828592216,1.6911948437180646,39.57160289504133,False,0.02463833036326975,False,True,
signature_stationary_mixed_nuisance,14105,full,pre_shift,98,-0.2,0.0,0.2,-0.08039980094187074,0.006246575911123345,0.08813304285705428,-0.1500275552605735,0.010007873094257352,0.18087856369011152,1.118555505000077,51.22815898462853,False,0.05960825018044473,False,True,
signature_stationary_mixed_nuisance,14106,full,pre_shift,98,-0.2,0.0,0.2,-0.10234749458296413,-0.009127026755447364,0.06599464174341454,-0.1608581328537826,0.0038186177841734574,0.17808089479805306,1.218267071682704,11.936457766506807,False,0.027563406190833962,False,True,
signature_stationary_mixed_nuisance,14107,full,pre_shift,98,-0.2,0.0,0.2,-0.0766442977564266,0.010657727655008753,0.04231787700316542,-0.1495061921460393,0.012469318569058578,0.18766652829652786,1.966587092569166,33.18517424534664,False,0.04050171840234996,False,True,
signature_stationary_mixed_nuisance,14108,full,pre_shift,98,-0.2,0.0,0.2,-0.06556917055767746,-0.004217207162165804,0.03680224904708435,-0.14823128013944023,0.010054025113458136,0.18020431910804455,2.1390526140793624,81.3258657625551,False,0.022211716309308367,False,True,
signature_stationary_mixed_nuisance,14109,full,pre_shift,98,-0.2,0.0,0.2,-0.0719116433115535,-0.014252207437192764,0.04438769202082007,-0.15177720904245115,0.0025669741206899746,0.1783338823400642,1.9284577064805972,15.749458922726248,False,0.02216487464963957,False,True,
signature_stationary_mixed_nuisance,14110,full,pre_shift,98,-0.2,0.0,0.2,-0.0658382744998232,0.003670650730283503,0.021667486155805875,-0.15557464867882656,0.006849161773471157,0.18270722775870396,2.5994436396595324,33.33208621657389,False,0.01820288557026651,False,True,
signature_stationary_mixed_nuisance,14111,full,pre_shift,98,-0.2,0.0,0.2,-0.06317574107439124,-0.000656128001168422,0.010514647312651424,-0.15304971105799936,0.00939324584495332,0.178993823512651,2.767418286871354,88.06198860699966,False,0.04154977317129497,False,True,
signature_stationary_mixed_nuisance,14112,full,pre_shift,98,-0.2,0.0,0.2,-0.08042897048207645,-0.002060001923992602,0.04638428632979507,-0.16303612600518608,-0.0005977677691261826,0.18554492732874636,2.0360622444379906,14.384563768136248,False,0.03151781718461791,False,True,
signature_stationary_mixed_nuisance,14113,full,pre_shift,98,-0.2,0.0,0.2,-0.07631391770710645,-0.014498523213140166,0.05024219243734462,-0.1475542483058394,0.008728831767241194,0.18301453443662888,1.782831160867737,82.95989374335397,False,0.03658481387272143,False,True,
signature_stationary_mixed_nuisance,14114,full,pre_shift,98,-0.2,0.0,0.2,-0.07299298881152194,-0.0008400654684032078,0.025574750687052374,-0.15944176443114136,0.007973443996065687,0.17286617861985715,2.2708879876616077,76.62749654305198,False,0.02985541975678638,False,True,
signature_stationary_mixed_nuisance,14115,full,pre_shift,98,-0.2,0.0,0.2,-0.06437910950590074,0.008632163466084966,0.026988750402960116,-0.1454557255094214,0.010848969361310036,0.183055713139892,2.3220047096240353,74.05997993596736,False,0.02424144561389313,False,True,
signature_stationary_mixed_nuisance,14116,full,pre_shift,98,-0.2,0.0,0.2,-0.05189239499924389,0.011472357209662797,0.011540420934514442,-0.1450457733355246,0.009934296816546546,0.18542856353256876,2.94489338447126,83.98553432264772,False,0.017167427552419758,False,True,
signature_stationary_mixed_nuisance,14117,full,pre_shift,98,-0.2,0.0,0.2,-0.06948370505747094,0.008285537616138044,0.03525906679916814,-0.1469878171887472,0.009377999972971063,0.18838032271333333,2.196580214397,44.44507013117885,False,0.05205523311342383,False,True,
signature_stationary_mixed_nuisance,14118,full,pre_shift,98,-0.2,0.0,0.2,-0.035553238405304596,-0.0037056325995456405,0.015737499976547865,-0.14518616927022687,0.008226661530139939,0.1839449094381349,3.2422364809595963,112.28347520119358,False,0.043588351175953034,False,True,
signature_stationary_mixed_nuisance,14119,full,pre_shift,98,-0.2,0.0,0.2,-0.0768343728805775,-0.008094327478786542,0.07028783074145081,-0.14577356000923117,0.011099207347033185,0.18035314284143616,1.3775790128591592,30.539834551892067,False,0.014108293870762739,False,True,
signature_stationary_mixed_nuisance,14120,full,pre_shift,98,-0.2,0.0,0.2,-0.09412659056861489,-0.014327262458999753,0.07153584991175867,-0.15886926374085164,-0.0025793897880106334,0.18947351421375014,1.3926875514644832,42.21255268953016,False,0.013993529205529954,False,True,
signature_stationary_mixed_nuisance,14121,full,pre_shift,98,-0.2,0.0,0.2,-0.06584752160647087,-0.021205404301819136,0.04257302777754172,-0.14601704180170347,0.002536107580087891,0.1775983139739323,1.986757462957468,49.46907789033989,False,0.03195788214027784,False,True,
signature_stationary_mixed_nuisance,14122,full,pre_shift,98,-0.2,0.0,0.2,-0.0799461296165518,0.010400147906371875,0.012140595411382939,-0.1544917412183027,0.007855956784119607,0.17859408714479189,2.410160442791447,22.00641336562209,False,0.028670340607817278,False,True,
signature_stationary_mixed_nuisance,14123,full,pre_shift,98,-0.2,0.0,0.2,-0.09766945227745132,-0.01428418185803694,0.08624705643791428,-0.15057625446564973,0.008450829151036598,0.18314860303885647,0.9877567084001556,36.3941909632666,False,0.029477974543891405,False,True,
signature_stationary_mixed_nuisance,14124,full,pre_shift,98,-0.2,0.0,0.2,-0.09161637618543914,0.012856832690884131,0.04416955575837684,-0.14799020327892579,0.011433539146480627,0.18751419832566185,1.6738922265141898,1.059005959595685,False,0.021269731879893613,False,True,
signature_stationary_mixed_nuisance,14125,full,pre_shift,98,-0.2,0.0,0.2,-0.08606794800846708,-0.009934461931727503,0.06055845383568692,-0.1475364566624748,0.009044710591276026,0.18479652739828784,1.4680488711374693,40.40174380146145,False,0.022340671790805178,False,True,
signature_stationary_mixed_nuisance,14126,full,pre_shift,98,-0.2,0.0,0.2,-0.08031400559555023,-0.018658236418468564,0.04176401744377072,-0.15198475942944628,0.002522489361977254,0.18063942887482975,1.8836180748424416,34.28790027726531,False,0.016167530979033562,False,True,
signature_stationary_mixed_nuisance,14127,full,pre_shift,98,-0.2,0.0,0.2,-0.08407810194257455,0.0099676788248461,0.013109907426503791,-0.15419517336940217,0.008403597553887244,0.18264318968008986,2.398097700717556,36.22001403543299,False,0.014564333653194915,False,True,
signature_stationary_mixed_nuisance,14128,full,pre_shift,98,-0.2,0.0,0.2,-0.09001517436066456,-0.006008739644576451,0.08982739346282506,-0.14577943142915226,0.00759528431258791,0.19518719650278868,1.0875369501140466,0.0,False,0.028810072841497336,False,True,
signature_stationary_mixed_nuisance,14129,full,pre_shift,98,-0.2,0.0,0.2,-0.0722459194821437,0.0027161164616451186,0.02299902260769232,-0.15675865145113418,0.0016850071803107386,0.18561586030899044,2.5215354824105156,19.22986915467486,False,0.029078621071838888,False,True,
signature_stationary_mixed_nuisance,14130,full,pre_shift,98,-0.2,0.0,0.2,-0.0614414316408786,-0.007352999872655135,0.05947089684324161,-0.1596356635146211,-0.0038349856442696714,0.18340355009932863,2.1237863659437273,57.06330098846144,False,0.05512739489751624,False,True,
signature_stationary_mixed_nuisance,14101,full,pre_shift,99,0.12,-0.1,-0.15,0.03405125080133534,-0.02523630635802586,-0.04068011150722226,0.10191896781900286,-0.07496100672907977,-0.13169473677533797,1.3490982334633947,8.65784586637008,False,0.019683027870889783,False,True,
signature_stationary_mixed_nuisance,14102,full,pre_shift,99,0.12,-0.1,-0.15,0.03881224163111598,-0.03235033536993529,-0.016504613073801213,0.09875293702345549,-0.0836685614298502,-0.1311685474858006,1.5468339840148,30.79462312807426,False,0.060976891943077385,False,True,
signature_stationary_mixed_nuisance,14103,full,pre_shift,99,0.12,-0.1,-0.15,0.011048820815499986,-0.026251689694408983,-0.025013906305950233,0.09745835183661142,-0.08452780083712202,-0.1305522001613928,1.9724885839458286,62.306362164699046,False,0.05558803560763047,False,True,
signature_stationary_mixed_nuisance,14104,full,pre_shift,99,0.12,-0.1,-0.15,0.007439193338480233,-0.032432523849737875,-0.027416165983808864,0.09952615936510273,-0.08409316531230875,-0.13650939913630983,2.0508662735243344,40.122469168565665,False,0.036920589503003254,False,True,
signature_stationary_mixed_nuisance,14105,full,pre_shift,99,0.12,-0.1,-0.15,0.024622293114031506,-0.027638797100559567,-0.05176425371137145,0.10106249871996405,-0.08497835356242069,-0.1368420231212502,1.523625395363166,51.2517843799917,False,0.1424923593106465,False,True,
signature_stationary_mixed_nuisance,14106,full,pre_shift,99,0.12,-0.1,-0.15,0.06041202396037832,-0.029112678394733478,0.003947985495930448,0.10893445549665742,-0.08082263561737195,-0.13248634726065175,1.744531129957645,12.180988896464452,False,0.06999977023522685,False,True,
signature_stationary_mixed_nuisance,14107,full,pre_shift,99,0.12,-0.1,-0.15,0.026615857075321284,-0.036959385172739896,-0.04663791685986175,0.10453120724424854,-0.08189643905664735,-0.13142390912871338,1.399479122253313,33.08465336759995,False,0.03285290026864783,False,True,
signature_stationary_mixed_nuisance,14108,full,pre_shift,99,0.12,-0.1,-0.15,0.00833364283450146,-0.0304460708324121,-0.039327897976972684,0.09817812818452362,-0.08298153160727101,-0.13637488132740885,1.8614672211813608,81.68733298373645,False,0.05004172109834965,False,True,
signature_stationary_mixed_nuisance,14109,full,pre_shift,99,0.12,-0.1,-0.15,0.05405232975792812,-0.02687991432214267,-0.01685819775915478,0.10854315024626512,-0.08679731637564858,-0.1334406157107944,1.580796257790369,15.830255180516616,False,0.08251369079228627,False,True,
signature_stationary_mixed_nuisance,14110,full,pre_shift,99,0.12,-0.1,-0.15,0.02684230332488549,-0.03227328407385371,-0.057131728943139816,0.10111565632431636,-0.08908109588258628,-0.13680739378686319,1.4200364142917847,33.25212263086568,False,0.03501155496027831,False,True,
signature_stationary_mixed_nuisance,14111,full,pre_shift,99,0.12,-0.1,-0.15,0.026860073096409736,-0.0319353910388445,-0.040197647951426975,0.1051951626750971,-0.07864560798412862,-0.1360495086651595,1.5503072355462357,88.1122958425459,False,0.03015814542924638,False,True,
signature_stationary_mixed_nuisance,14112,full,pre_shift,99,0.12,-0.1,-0.15,0.037785199068808145,-0.02345258556741241,-0.05412865885906631,0.09875155073216683,-0.08091699339036927,-0.13300318795873214,1.2133777409607422,14.09794150909699,False,0.026560297206295772,False,True,
signature_stationary_mixed_nuisance,14113,full,pre_shift,99,0.12,-0.1,-0.15,0.05215888477247143,-0.01725620053642158,0.012217127140984427,0.11108426753554909,-0.08190126736926069,-0.1330050072536116,2.204912258947973,83.66480600230194,False,0.058866120385518896,False,True,
signature_stationary_mixed_nuisance,14114,full,pre_shift,99,0.12,-0.1,-0.15,0.032437672896770894,-0.027112638573284456,-0.05190916735539606,0.10382988737531454,-0.08771342513675788,-0.13219248121599023,1.4326246980485235,76.5601212411005,False,0.020985356241485755,False,True,
signature_stationary_mixed_nuisance,14115,full,pre_shift,99,0.12,-0.1,-0.15,0.002624957764815003,-0.029488833831923335,-0.02373702017402764,0.09783504093646067,-0.08164902019002249,-0.13207405161347457,2.1180310232871977,74.67801095925456,False,0.032244015374888475,False,True,
signature_stationary_mixed_nuisance,14116,full,pre_shift,99,0.12,-0.1,-0.15,0.036725144442853776,-0.03144509222693237,-0.0262319467319369,0.10270209244861006,-0.0886935756113063,-0.12988030198688374,1.5666232243555474,84.05215754700328,False,0.023068891169220767,False,True,
signature_stationary_mixed_nuisance,14117,full,pre_shift,99,0.12,-0.1,-0.15,0.012399992477235838,-0.03599231082131985,-0.039992422232429714,0.10169932496162387,-0.08198239249525456,-0.13576495148002884,1.757941725101803,44.70301185628065,False,0.038325815165572194,False,True,
signature_stationary_mixed_nuisance,14118,full,pre_shift,99,0.12,-0.1,-0.15,0.04113088890684447,-0.029943062195944982,-0.02386672387059716,0.10425039776669319,-0.07570001847101179,-0.1337465192879623,1.4626350725003476,112.24611027369393,False,0.21580403553591554,False,True,
signature_stationary_mixed_nuisance,14119,full,pre_shift,99,0.12,-0.1,-0.15,0.018720168780754182,-0.025376965028726235,-0.05150833597696505,0.10173838207796075,-0.08131950023142191,-0.1272563200113511,1.537052283330772,30.57688683522284,False,0.0649366904112731,False,True,
signature_stationary_mixed_nuisance,14120,full,pre_shift,99,0.12,-0.1,-0.15,0.06676551022516244,-0.0342817140078157,-0.016950173725018877,0.11127696905904445,-0.08872358735734676,-0.12335564769337434,1.283718037930097,41.996270727460264,False,0.06963817777707457,False,True,
signature_stationary_mixed_nuisance,14121,full,pre_shift,99,0.12,-0.1,-0.15,0.038497871856230034,-0.03485509424069821,-0.023173590807341583,0.1071195575466967,-0.07740960144815569,-0.13508862014239056,1.544902927828703,49.51398081816859,False,0.018918854918671343,False,True,
signature_stationary_mixed_nuisance,14122,full,pre_shift,99,0.12,-0.1,-0.15,0.044607710977609745,-0.03089472733368031,-0.07007114254430864,0.10641635189452638,-0.08019204415537194,-0.1346700729462934,0.9954832295257172,21.50189659514781,False,0.07616938751288287,False,True,
signature_stationary_mixed_nuisance,14123,full,pre_shift,99,0.12,-0.1,-0.15,0.010170866807329712,-0.03765098080053825,-0.024997757292142413,0.1027750203923514,-0.0803910013640029,-0.13623790046869869,1.9947494844056557,36.888940447672255,False,0.14020209885231608,False,True,
signature_stationary_mixed_nuisance,14124,full,pre_shift,99,0.12,-0.1,-0.15,0.04275829724452989,-0.03398720144048163,-0.005880966834635047,0.10401375596832686,-0.08181646628439285,-0.12735694313880505,1.6291638705950986,1.1881698301907837,False,0.035289714761502576,False,True,
signature_stationary_mixed_nuisance,14125,full,pre_shift,99,0.12,-0.1,-0.15,0.046526954795662906,-0.02982700766831751,-0.03019431348494816,0.11063079526808119,-0.08531186066651913,-0.13147821681273109,1.4783393719059588,40.38008317336741,False,0.03255706172713938,False,True,
signature_stationary_mixed_nuisance,14126,full,pre_shift,99,0.12,-0.1,-0.15,0.05798033840473689,-0.019985483116643697,-0.005966390771956283,0.10793386142911855,-0.07856880065191042,-0.14014441299631109,1.8132627971115116,34.60116307437682,False,0.03553531858719247,False,True,
signature_stationary_mixed_nuisance,14127,full,pre_shift,99,0.12,-0.1,-0.15,0.03916328549811068,-0.03351729613270416,-0.01888452728299942,0.1045325540482645,-0.08173133950632418,-0.13420593500270858,1.6015933690052944,36.32160740443828,False,0.06164315333478635,False,True,
signature_stationary_mixed_nuisance,14128,full,pre_shift,99,0.12,-0.1,-0.15,0.042220245224914826,-0.03510354043836977,-0.005190101427539657,0.10315047102558177,-0.08365605555630609,-0.12553948989303637,1.6152324983314497,0.11523249833144966,False,0.10252077579728883,False,True,
signature_stationary_mixed_nuisance,14129,full,pre_shift,99,0.12,-0.1,-0.15,0.033901355006389744,-0.0225867567850429,-0.048535414287121235,0.09514744156296917,-0.08234548618827085,-0.13223440109680987,1.298020161929259,19.027889316604117,False,0.01893032729154874,False,True,
signature_stationary_mixed_nuisance,14130,full,pre_shift,99,0.12,-0.1,-0.15,-0.0027155065195036965,-0.015699014426137886,-0.05078771521678412,0.09337025726592642,-0.08345727004031382,-0.13758913349357557,2.0964154589186865,57.65971644738013,False,0.05078965163708323,False,True,
signature_stationary_mixed_nuisance,14101,full,pre_shift,100,0.12,0.1,0.15,0.026824925334490612,0.001905636008334025,0.008058787823087853,0.0965367154499828,0.08678925435572558,0.1328949279254621,2.3788703252815404,9.536716191651621,False,0.1218783633214738,False,True,
signature_stationary_mixed_nuisance,14102,full,pre_shift,100,0.12,0.1,0.15,0.028211286282340056,0.01812380098941326,0.02864455084902798,0.10169905639545745,0.08206691426430324,0.13473463107027323,1.8103292342578767,31.10495236233214,False,0.042602002127609104,False,True,
signature_stationary_mixed_nuisance,14103,full,pre_shift,100,0.12,0.1,0.15,0.033702245007942534,0.00216679693595408,0.008672217237056025,0.09941865419072313,0.08396595949523752,0.1381444889846792,2.328380758254742,63.13474292295379,False,0.13504449786110118,False,True,
signature_stationary_mixed_nuisance,14104,full,pre_shift,100,0.12,0.1,0.15,0.040428331235131267,0.010937781168425257,0.027832574473083287,0.09668802909777524,0.08604827556643051,0.13604610746546447,1.7571022412005821,40.37957140976625,False,0.037264859591273264,False,True,
signature_stationary_mixed_nuisance,14105,full,pre_shift,100,0.12,0.1,0.15,0.014014058314560946,0.018749237568475654,0.0034557501134079775,0.09430747654356784,0.08674518055677362,0.12977803446704628,2.2889284141166932,52.04071279410839,False,0.023010581179034192,False,True,
signature_stationary_mixed_nuisance,14106,full,pre_shift,100,0.12,0.1,0.15,0.01725797185403382,0.03172618714401658,0.050085688286767106,0.09965314300985666,0.08913299001745852,0.1364481075810882,1.6398439104141003,12.320832806878553,False,0.03044031820506871,False,True,
signature_stationary_mixed_nuisance,14107,full,pre_shift,100,0.12,0.1,0.15,0.019420050522543374,0.03692185705175607,0.05302070934070668,0.09809286446816459,0.08658944529370229,0.13829715682258883,1.462590310607274,33.047243678207224,False,0.08626711084904533,False,True,
signature_stationary_mixed_nuisance,14108,full,pre_shift,100,0.12,0.1,0.15,0.02177692941875013,-0.0016128963232804963,-0.0021697338904335716,0.09553821511418023,0.08368113264254017,0.13472629673111386,2.6554843771058567,82.8428173608423,False,0.04178108841368727,False,True,
signature_stationary_mixed_nuisance,14109,full,pre_shift,100,0.12,0.1,0.15,0.05612169064333182,0.04054623169280226,0.0691975163332013,0.10741149745354532,0.08354213840927975,0.13411705868659993,0.7836887402736407,15.113943920790257,False,0.41261629505202463,False,True,
signature_stationary_mixed_nuisance,14110,full,pre_shift,100,0.12,0.1,0.15,0.02621189326848081,0.030810999743663983,0.03397221508704371,0.10209846278232168,0.08563133354470678,0.13555770337746448,1.663630529791173,33.41575316065685,False,0.0034254392770767636,False,True,
signature_stationary_mixed_nuisance,14111,full,pre_shift,100,0.12,0.1,0.15,0.026985833605904463,0.020481802357257654,-0.02486703986446064,0.09552625108903712,0.08598337717158164,0.13258016841646222,2.5902791650024364,89.20257500754835,False,0.0461094568016642,False,True,
signature_stationary_mixed_nuisance,14112,full,pre_shift,100,0.12,0.1,0.15,0.03383175169735961,0.023077428048185668,0.051548506162076506,0.1021121185117527,0.08764804348951667,0.1359744680245784,1.4751868207619772,14.073128329858967,False,0.029275656485979126,False,True,
signature_stationary_mixed_nuisance,14113,full,pre_shift,100,0.12,0.1,0.15,0.019090380394584536,0.02238542122496316,0.03232637076210672,0.10302097442259059,0.08625136949659369,0.13795685951229295,1.9937170122133923,84.15852301451534,False,0.029419316056035136,False,True,
signature_stationary_mixed_nuisance,14114,full,pre_shift,100,0.12,0.1,0.15,0.03523114196801578,-0.0009947772913725395,0.0033434641770702244,0.0961621923014467,0.0857432782912463,0.13325719373797057,2.36306444657639,77.42318568767689,False,0.10033550000854809,False,True,
signature_stationary_mixed_nuisance,14115,full,pre_shift,100,0.12,0.1,0.15,0.019038127489239103,0.015975528590728122,-0.00791696033058307,0.09422746155639533,0.08535082453916155,0.13487680596917284,2.493914023542233,75.6719249827968,False,0.033182994876865886,False,True,
signature_stationary_mixed_nuisance,14116,full,pre_shift,100,0.12,0.1,0.15,-0.008441938594807998,0.02543473008317657,0.003939343856882636,0.09888138167798396,0.08239318136990177,0.13469838936276213,2.7911431471476322,85.34330069415091,False,0.019087245683078104,False,True,
signature_stationary_mixed_nuisance,14117,full,pre_shift,100,0.12,0.1,0.15,0.004165435776190729,0.05724010927228895,-0.01778525608210359,0.09518361246847973,0.08961781136088404,0.13826628368046334,2.60564518658134,45.808657042861995,False,0.10019681919114676,False,True,
signature_stationary_mixed_nuisance,14118,full,pre_shift,100,0.12,0.1,0.15,-0.006519827174974732,0.027157373735897963,0.007999700557282155,0.10494229210381874,0.09121953151910604,0.13552248539078887,2.9438027631814667,113.6899130368754,False,0.029163023134974323,False,True,
signature_stationary_mixed_nuisance,14119,full,pre_shift,100,0.12,0.1,0.15,0.032276505727224854,0.00034700924388386564,0.05578782044008413,0.10169067941804277,0.08321076438040614,0.14068165307370706,1.8154404103453408,30.892327245568183,False,0.03941413587494127,False,True,
signature_stationary_mixed_nuisance,14120,full,pre_shift,100,0.12,0.1,0.15,0.045051056478710605,0.026155535567962757,0.04158451476945464,0.10342784745356713,0.08906991755821728,0.1445334852221929,1.504715389616906,42.00098611707717,False,0.043972724041157187,False,True,
signature_stationary_mixed_nuisance,14121,full,pre_shift,100,0.12,0.1,0.15,0.033373274822447375,0.031309526269190174,0.05069227695920017,0.1068221175650444,0.0879510728535319,0.13745792070984822,1.471911819979234,49.485892638147824,False,0.1015639064476669,False,True,
signature_stationary_mixed_nuisance,14122,full,pre_shift,100,0.12,0.1,0.15,0.017377307114967145,0.03728538412211004,-0.0026997629062783398,0.09437084271010769,0.08567434051090213,0.13097851126239105,2.0779873633001014,22.07988395844791,False,0.03337637172452899,False,True,
signature_stationary_mixed_nuisance,14123,full,pre_shift,100,0.12,0.1,0.15,0.013537209310767353,0.0382343306087673,0.001187468813989137,0.09510239459707726,0.08787121773094131,0.13679845258461373,2.2091151268184297,37.59805557449069,False,0.03019212786285297,False,True,
signature_stationary_mixed_nuisance,14124,full,pre_shift,100,0.12,0.1,0.15,0.032605825651921265,0.03081497483435104,0.059263081080217675,0.09868659143629001,0.08594380217526366,0.1432230826906481,1.301747430844645,0.9899172610354288,False,0.043868555689360524,False,True,
signature_stationary_mixed_nuisance,14125,full,pre_shift,100,0.12,0.1,0.15,0.03748387995957201,0.026773744570422656,0.032805674347934015,0.10028429065718772,0.08625676182209004,0.13859249743964264,1.570253426709259,40.45033660007667,False,0.05432231236597861,False,True,
signature_stationary_mixed_nuisance,14126,full,pre_shift,100,0.12,0.1,0.15,0.030568636759279372,0.029651889516554213,0.049054744732580924,0.10814503890103772,0.08875048631924924,0.13522082945462013,1.5681877416682226,34.669350816045046,False,0.01405639151073333,False,True,
signature_stationary_mixed_nuisance,14127,full,pre_shift,100,0.12,0.1,0.15,0.03439026311956919,0.01970849830783558,0.018939028313612143,0.09711996659354659,0.08607931408317675,0.134771184280163,1.8103085146428988,36.63191591908118,False,0.0788110702839575,False,True,
signature_stationary_mixed_nuisance,14128,full,pre_shift,100,0.12,0.1,0.15,0.011104162626021815,0.045405727808603615,0.04067442722655248,0.10011642944949152,0.08629527717632639,0.14401290861264787,1.778943417905901,0.3941759162373506,False,0.0379037624312793,False,True,
signature_stationary_mixed_nuisance,14129,full,pre_shift,100,0.12,0.1,0.15,0.02269369158014747,0.02179830000393192,0.030225226942134573,0.09965329551647273,0.08241406463536162,0.13405167566534743,1.791134826511806,19.319024143115925,False,0.029539233305734824,False,True,
signature_stationary_mixed_nuisance,14130,full,pre_shift,100,0.12,0.1,0.15,0.028184779707049076,0.002412934470429062,0.006033331361046961,0.09597739956235415,0.08153659014084792,0.1347310675657036,2.299959144773976,58.459675592154106,False,0.023437018220806776,False,True,
signature_stationary_mixed_nuisance,14101,full,post_shift,1,-0.2,0.0,-0.2,-0.09065124658760422,0.011805986544727969,-0.10299741574912383,-0.15578414966808804,0.009301438924257376,-0.19398231896876098,1.0241538099558192,9.06087000160744,False,0.2997592115521274,False,True,
signature_stationary_mixed_nuisance,14102,full,post_shift,1,-0.2,0.0,-0.2,-0.06131159929252339,0.015770384515653255,-0.11594468291804072,-0.164929719149453,0.004974958186182636,-0.1957408291940505,1.6918780361547778,31.296830398486918,False,0.4093192594881074,False,True,
signature_stationary_mixed_nuisance,14103,full,post_shift,1,-0.2,0.0,-0.2,-0.06819099195590136,0.013345705771880349,-0.06317895900609938,-0.15988080883207226,0.0037367862748637825,-0.1970266962234101,2.1338777348424314,63.76862065779622,False,0.24580145840776596,False,True,
signature_stationary_mixed_nuisance,14104,full,post_shift,1,-0.2,0.0,-0.2,-0.07712346039185428,0.02043965241596299,-0.06381887069792697,-0.16638701681446635,0.00167434969705846,-0.20225556581614085,2.1900426031863405,41.06961401295259,False,0.0460912225160974,False,True,
signature_stationary_mixed_nuisance,14105,full,post_shift,1,-0.2,0.0,-0.2,-0.059420559218122726,0.010268203223434032,-0.08430308733124253,-0.1563432748329524,0.006363230062445484,-0.19374654405165365,1.8706604899612926,52.41137328406968,False,0.22071471778576068,False,True,
signature_stationary_mixed_nuisance,14106,full,post_shift,1,-0.2,0.0,-0.2,-0.07303460379107304,0.015847031224752554,-0.059599574228381316,-0.16311936871326388,0.00367277997988164,-0.19683125188112835,2.162938232617383,12.983771039495936,False,0.16774660498513755,False,True,
signature_stationary_mixed_nuisance,14107,full,post_shift,1,-0.2,0.0,-0.2,-0.05731481765862633,0.01859919341388227,-0.06182086445105117,-0.15626562423823462,0.008203942956860815,-0.1961107332683689,2.307559475065338,33.85480315327256,False,0.138645493851094,False,True,
signature_stationary_mixed_nuisance,14108,full,post_shift,1,-0.2,0.0,-0.2,-0.06628926993655068,-0.0021864675496844625,-0.03654268724788709,-0.15711675145666726,0.008965731960267922,-0.20067168650481096,2.684190831826091,84.02700819266839,False,0.3272574853007202,False,True,
signature_stationary_mixed_nuisance,14109,full,post_shift,1,-0.2,0.0,-0.2,-0.051735091903292604,0.01832912535525578,-0.08504643170066178,-0.15968752371217473,0.0029764281004660705,-0.2034566862997607,2.2935603579888078,15.907504278779065,False,0.08326433036560245,False,True,
signature_stationary_mixed_nuisance,14110,full,post_shift,1,-0.2,0.0,-0.2,-0.09150388712260546,0.024442762780740063,-0.10190892137958668,-0.16049906979372444,0.006340191459150103,-0.19895081855411959,1.1939717069184141,33.10972486757526,False,0.1779516860715215,False,True,
signature_stationary_mixed_nuisance,14111,full,post_shift,1,-0.2,0.0,-0.2,-0.05778857101090858,0.00751641663547502,-0.05868002869625768,-0.15521038743115695,0.008090309014903076,-0.20131408581502344,2.403806301521113,90.10638130906946,False,0.09756636706763733,False,True,
signature_stationary_mixed_nuisance,14112,full,post_shift,1,-0.2,0.0,-0.2,-0.05805466563312693,0.0071333725575995115,-0.032830705424365086,-0.17102695702811954,-0.00020609672510012926,-0.19850528787599492,3.239244453690009,15.812372783548977,False,0.3373949944151163,False,True,
signature_stationary_mixed_nuisance,14113,full,post_shift,1,-0.2,0.0,-0.2,-0.05380902604000149,0.007188869740343119,-0.0725112130251253,-0.1573202357949832,0.00575730157061352,-0.19427343413065182,2.2050033360388777,84.86352635055421,False,0.3080650118370584,False,True,
signature_stationary_mixed_nuisance,14114,full,post_shift,1,-0.2,0.0,-0.2,-0.06522534319004555,0.0021127319496839045,-0.020535510696453884,-0.1587125414990056,0.005396874700610855,-0.20513533538117196,3.175874522546902,79.0990602102238,False,0.20411671436690496,False,True,
signature_stationary_mixed_nuisance,14115,full,post_shift,1,-0.2,0.0,-0.2,-0.04876163727069872,-0.0017146367378324742,-0.061928187772073935,-0.1560045438854835,0.006581021794620439,-0.19890144769587995,2.551177984753321,76.72310296755012,False,0.22267537403565413,False,True,
signature_stationary_mixed_nuisance,14116,full,post_shift,1,-0.2,0.0,-0.2,-0.04501890067599388,0.011280086631606573,-0.072913412823042,-0.1514904551835582,0.005721882704070078,-0.1950459970773475,2.287511661694965,86.13081235584588,False,0.26359376879048313,False,True,
signature_stationary_mixed_nuisance,14117,full,post_shift,1,-0.2,0.0,-0.2,-0.032560519068688495,-0.00284268901623963,-0.03414713474946188,-0.15612086309689327,0.007552855520881067,-0.19801516781044823,3.51398093776343,47.82263798062542,False,0.5070574142228595,False,True,
signature_stationary_mixed_nuisance,14118,full,post_shift,1,-0.2,0.0,-0.2,-0.06123896211578016,0.01783076631316132,-0.055156996695018744,-0.15383144263951393,0.006179925518404728,-0.20093532004144973,2.368303941594092,114.55821697846949,False,0.23121219839005372,False,True,
signature_stationary_mixed_nuisance,14119,full,post_shift,1,-0.2,0.0,-0.2,-0.07776360400194171,0.008806887860072391,-0.02696021313142351,-0.1538567795343665,0.007996129397685852,-0.20275318978986165,2.6248378838124022,32.01716512938059,False,0.1962673286498753,False,True,
signature_stationary_mixed_nuisance,14120,full,post_shift,1,-0.2,0.0,-0.2,-0.07394145750472146,-0.0019756118906623385,-0.014803234323852062,-0.16104598619092322,-0.005680173043287458,-0.19795925646178714,3.0058449630624615,43.506831080139634,False,0.24092958318508786,False,True,
signature_stationary_mixed_nuisance,14121,full,post_shift,1,-0.2,0.0,-0.2,-0.07810239167645136,0.01738237628519143,-0.07267570563729507,-0.15693662365201208,0.0015497964340337705,-0.20450253004688884,1.8560153909215844,49.84190802906941,False,0.46288371800566486,False,True,
signature_stationary_mixed_nuisance,14122,full,post_shift,1,-0.2,0.0,-0.2,-0.04950583920689854,-0.0005180472335963777,-0.050184602412685096,-0.15654255126269778,0.00582182989727774,-0.2028556331991778,2.8279072216817256,23.407791180129635,False,0.5813872035673066,False,True,
signature_stationary_mixed_nuisance,14123,full,post_shift,1,-0.2,0.0,-0.2,-0.06124204173598044,0.01202026073544393,-0.10457559773462341,-0.1567898614255231,0.005319023744625367,-0.19540382978005658,1.6091727114175045,37.707228285908194,False,0.30645042805634537,False,True,
signature_stationary_mixed_nuisance,14124,full,post_shift,1,-0.2,0.0,-0.2,-0.04780704715679655,0.005194325052942044,-0.05119530034300812,-0.15566254051391326,0.008881704461795873,-0.20128922701789753,2.7964401157716527,2.2863573768070813,False,0.4378522942230523,False,True,
signature_stationary_mixed_nuisance,14125,full,post_shift,1,-0.2,0.0,-0.2,-0.07312886732378124,0.021132057500756453,-0.0853144697778868,-0.15404361527125596,0.006369850888798428,-0.1986637671944088,1.6098070179189634,40.56014361799563,False,0.5417093450270353,False,True,
signature_stationary_mixed_nuisance,14126,full,post_shift,1,-0.2,0.0,-0.2,-0.053425373131577365,0.021773359837125125,-0.05295572640343027,-0.1599738972971573,0.0030133064978275547,-0.2009571767094103,2.7661382523170723,35.935489068362116,False,0.20248724816458655,False,True,
signature_stationary_mixed_nuisance,14127,full,post_shift,1,-0.2,0.0,-0.2,-0.07257597933376292,0.01129375885284149,-0.10391216463208965,-0.15832236501790883,0.006538396916088562,-0.19966910828565376,1.4519381188250078,36.583854037906185,False,0.1382177762383146,False,True,
signature_stationary_mixed_nuisance,14128,full,post_shift,1,-0.2,0.0,-0.2,-0.06973946489801382,0.01130738802567186,-0.026796470552409208,-0.15843886707349894,0.0036655994917040766,-0.19438251054388334,2.7027883151500838,1.5969642313874344,False,0.2911243677774553,False,True,
signature_stationary_mixed_nuisance,14129,full,post_shift,1,-0.2,0.0,-0.2,-0.07964324550493761,0.01897811750991644,-0.037890632966483574,-0.16432144622048886,0.0006395786831630171,-0.19477974041788332,2.4314771478262993,20.250501290942225,False,0.3229887644537312,False,True,
signature_stationary_mixed_nuisance,14130,full,post_shift,1,-0.2,0.0,-0.2,-0.07396954719569211,-0.014245211821684547,-0.007639436259873965,-0.16890724805146073,-0.005039304739755732,-0.19664439790381744,3.3197872142002303,60.27946280635434,False,0.5871994302523224,False,True,
