Setup unitree ros2 environment
[go2:sport] connecting zmq: tcp://127.0.0.1:5596
[go2:sport] DRY RUN: SportClient is not initialized; commands will only be logged
[go2:sport] DRY cmd#1 seq=33 v=0.000 w=0.000 dt=0.0ms policy_zmq_lag=0.5ms
[go2:sport] DRY cmd#2 seq=34 v=0.000 w=0.000 dt=40.2ms policy_zmq_lag=0.5ms
[go2:sport] DRY cmd#3 seq=35 v=0.000 w=0.000 dt=40.0ms policy_zmq_lag=0.6ms
[go2:sport] DRY cmd#4 seq=36 v=0.000 w=0.000 dt=39.9ms policy_zmq_lag=0.6ms
[go2:sport] DRY cmd#5 seq=37 v=0.000 w=0.000 dt=39.9ms policy_zmq_lag=0.5ms
[go2:sport] DRY cmd#6 seq=38 v=0.000 w=0.000 dt=40.0ms policy_zmq_lag=0.7ms
[go2:sport] DRY cmd#7 seq=39 v=0.000 w=0.000 dt=40.0ms policy_zmq_lag=0.5ms
[go2:sport] DRY cmd#8 seq=40 v=0.000 w=0.000 dt=40.1ms policy_zmq_lag=0.5ms
[go2:sport] DRY cmd#9 seq=41 v=0.000 w=0.000 dt=39.8ms policy_zmq_lag=0.6ms
[go2:sport] DRY cmd#10 seq=42 v=0.000 w=0.000 dt=40.3ms policy_zmq_lag=0.6ms
[go2:sport] DRY cmd#11 seq=43 v=0.000 w=0.000 dt=39.7ms policy_zmq_lag=0.6ms
[go2:sport] DRY cmd#12 seq=44 v=0.000 w=0.000 dt=40.2ms policy_zmq_lag=0.7ms
[go2:sport] DRY cmd#13 seq=45 v=0.000 w=0.000 dt=39.9ms policy_zmq_lag=0.5ms
[go2:sport] DRY cmd#14 seq=46 v=0.000 w=0.000 dt=40.0ms policy_zmq_lag=0.7ms
[go2:sport] DRY cmd#15 seq=47 v=0.000 w=0.000 dt=40.6ms policy_zmq_lag=0.6ms
[go2:sport] DRY cmd#16 seq=48 v=0.000 w=0.000 dt=39.6ms policy_zmq_lag=0.6ms
[go2:sport] DRY cmd#17 seq=49 v=0.000 w=0.000 dt=39.9ms policy_zmq_lag=0.6ms
[go2:sport] DRY cmd#18 seq=50 v=0.000 w=0.000 dt=40.1ms policy_zmq_lag=0.6ms
[go2:sport] DRY cmd#19 seq=51 v=0.000 w=0.000 dt=39.8ms policy_zmq_lag=0.6ms
[go2:sport] DRY cmd#20 seq=52 v=0.000 w=0.000 dt=40.2ms policy_zmq_lag=0.6ms
[go2:sport] DRY cmd#21 seq=53 v=0.000 w=0.000 dt=40.0ms policy_zmq_lag=0.6ms
[go2:sport] DRY cmd#22 seq=54 v=0.000 w=0.000 dt=39.7ms policy_zmq_lag=0.6ms
[go2:sport] DRY cmd#23 seq=55 v=0.000 w=0.000 dt=40.1ms policy_zmq_lag=0.6ms
[go2:sport] DRY cmd#24 seq=56 v=0.000 w=0.000 dt=40.1ms policy_zmq_lag=0.6ms
[go2:sport] DRY cmd#25 seq=57 v=0.000 w=0.000 dt=40.2ms policy_zmq_lag=0.6ms
[go2:sport] DRY cmd#26 seq=58 v=0.000 w=0.000 dt=41.2ms policy_zmq_lag=0.6ms
[go2:sport] DRY cmd#27 seq=59 v=0.000 w=0.000 dt=39.2ms policy_zmq_lag=0.6ms
[go2:sport] DRY cmd#28 seq=60 v=0.000 w=0.000 dt=39.8ms policy_zmq_lag=0.9ms
[go2:sport] DRY cmd#29 seq=61 v=0.000 w=0.000 dt=39.5ms policy_zmq_lag=0.6ms
[go2:sport] DRY cmd#30 seq=62 v=0.000 w=0.000 dt=40.0ms policy_zmq_lag=0.6ms
[go2:sport] DRY cmd#31 seq=63 v=0.000 w=0.000 dt=40.1ms policy_zmq_lag=0.7ms
[go2:sport] DRY cmd#32 seq=64 v=0.000 w=0.000 dt=40.0ms policy_zmq_lag=0.6ms
[go2:sport] DRY cmd#33 seq=65 v=0.000 w=0.000 dt=40.0ms policy_zmq_lag=0.7ms
[go2:sport] DRY cmd#34 seq=66 v=0.000 w=0.000 dt=40.3ms policy_zmq_lag=0.7ms
[go2:sport] DRY cmd#35 seq=67 v=0.000 w=0.000 dt=39.7ms policy_zmq_lag=0.6ms
[go2:sport] DRY cmd#36 seq=68 v=0.000 w=0.000 dt=40.3ms policy_zmq_lag=0.7ms
[go2:sport] DRY cmd#37 seq=69 v=0.000 w=0.000 dt=39.7ms policy_zmq_lag=0.6ms
[go2:sport] DRY cmd#38 seq=70 v=0.000 w=0.000 dt=40.0ms policy_zmq_lag=0.6ms
[go2:sport] DRY cmd#39 seq=71 v=0.000 w=0.000 dt=40.0ms policy_zmq_lag=0.6ms
[go2:sport] DRY cmd#40 seq=72 v=0.000 w=0.000 dt=40.2ms policy_zmq_lag=0.8ms
[go2:sport] DRY cmd#41 seq=73 v=0.000 w=0.000 dt=39.8ms policy_zmq_lag=0.8ms
[go2:sport] DRY cmd#42 seq=74 v=0.000 w=0.000 dt=39.9ms policy_zmq_lag=0.6ms
[go2:sport] DRY cmd#43 seq=75 v=0.000 w=0.000 dt=40.0ms policy_zmq_lag=0.6ms
[go2:sport] DRY cmd#44 seq=76 v=0.000 w=0.000 dt=40.3ms policy_zmq_lag=0.8ms
[go2:sport] DRY cmd#45 seq=77 v=0.000 w=0.000 dt=40.0ms policy_zmq_lag=0.6ms
[go2:sport] DRY cmd#46 seq=78 v=0.000 w=0.000 dt=39.8ms policy_zmq_lag=0.5ms
[go2:sport] DRY cmd#47 seq=79 v=0.000 w=0.000 dt=39.9ms policy_zmq_lag=0.6ms
[go2:sport] DRY cmd#48 seq=80 v=0.000 w=0.000 dt=40.0ms policy_zmq_lag=0.5ms
[go2:sport] DRY cmd#49 seq=81 v=0.000 w=0.000 dt=40.0ms policy_zmq_lag=0.6ms
[go2:sport] DRY cmd#50 seq=82 v=0.000 w=0.000 dt=40.2ms policy_zmq_lag=0.6ms
[go2:sport] DRY cmd#51 seq=83 v=0.000 w=0.000 dt=39.7ms policy_zmq_lag=0.5ms
[go2:sport] DRY cmd#52 seq=84 v=0.000 w=0.000 dt=40.0ms policy_zmq_lag=0.6ms
[go2:sport] DRY cmd#53 seq=85 v=0.000 w=0.000 dt=40.1ms policy_zmq_lag=0.6ms
[go2:sport] DRY cmd#54 seq=86 v=0.000 w=0.000 dt=40.2ms policy_zmq_lag=0.6ms
[go2:sport] DRY cmd#55 seq=87 v=0.000 w=0.000 dt=39.8ms policy_zmq_lag=0.6ms
[go2:sport] DRY cmd#56 seq=88 v=0.000 w=0.000 dt=40.0ms policy_zmq_lag=0.6ms
[go2:sport] DRY cmd#57 seq=89 v=0.000 w=0.000 dt=40.0ms policy_zmq_lag=0.6ms
[go2:sport] DRY cmd#58 seq=90 v=0.000 w=0.000 dt=40.0ms policy_zmq_lag=0.6ms
[go2:sport] DRY cmd#59 seq=91 v=0.000 w=0.000 dt=40.1ms policy_zmq_lag=0.6ms
[go2:sport] DRY cmd#60 seq=92 v=0.000 w=0.000 dt=40.1ms policy_zmq_lag=0.6ms
[go2:sport] DRY cmd#61 seq=93 v=0.000 w=0.000 dt=40.1ms policy_zmq_lag=0.7ms
[go2:sport] DRY cmd#62 seq=94 v=0.000 w=0.000 dt=39.8ms policy_zmq_lag=0.6ms
[go2:sport] DRY cmd#63 seq=95 v=0.000 w=0.000 dt=40.0ms policy_zmq_lag=0.6ms
[go2:sport] DRY cmd#64 seq=96 v=0.000 w=0.000 dt=40.1ms policy_zmq_lag=0.7ms
[go2:sport] DRY cmd#65 seq=97 v=0.000 w=0.000 dt=40.0ms policy_zmq_lag=0.6ms
[go2:sport] DRY cmd#66 seq=98 v=0.000 w=0.000 dt=40.0ms policy_zmq_lag=0.6ms
[go2:sport] DRY cmd#67 seq=99 v=0.000 w=0.000 dt=40.0ms policy_zmq_lag=0.6ms
[go2:sport] DRY cmd#68 seq=100 v=0.000 w=0.000 dt=40.0ms policy_zmq_lag=0.5ms
[go2:sport] DRY cmd#69 seq=101 v=0.000 w=0.000 dt=40.1ms policy_zmq_lag=0.6ms
[go2:sport] DRY cmd#70 seq=102 v=0.000 w=0.000 dt=40.0ms policy_zmq_lag=0.6ms
[go2:sport] DRY cmd#71 seq=103 v=0.000 w=0.000 dt=40.3ms policy_zmq_lag=0.7ms
[go2:sport] DRY cmd#72 seq=104 v=0.000 w=0.000 dt=40.0ms policy_zmq_lag=0.6ms
[go2:sport] DRY cmd#73 seq=105 v=0.000 w=0.000 dt=39.8ms policy_zmq_lag=0.6ms
[go2:sport] DRY cmd#74 seq=106 v=0.000 w=0.000 dt=40.2ms policy_zmq_lag=0.7ms
[go2:sport] DRY cmd#75 seq=107 v=0.000 w=0.000 dt=39.8ms policy_zmq_lag=0.7ms
[go2:sport] DRY cmd#76 seq=108 v=0.000 w=0.000 dt=40.0ms policy_zmq_lag=0.7ms
[go2:sport] DRY cmd#77 seq=109 v=0.000 w=0.000 dt=40.0ms policy_zmq_lag=0.6ms
[go2:sport] DRY cmd#78 seq=110 v=0.000 w=0.000 dt=39.9ms policy_zmq_lag=0.6ms
[go2:sport] DRY cmd#79 seq=111 v=0.000 w=0.000 dt=40.1ms policy_zmq_lag=0.6ms
[go2:sport] DRY cmd#80 seq=112 v=0.000 w=0.000 dt=40.1ms policy_zmq_lag=0.6ms
[go2:sport] DRY cmd#81 seq=113 v=0.000 w=0.000 dt=40.0ms policy_zmq_lag=0.7ms
[go2:sport] DRY cmd#82 seq=114 v=0.000 w=0.000 dt=40.5ms policy_zmq_lag=0.6ms
[go2:sport] DRY cmd#83 seq=115 v=0.000 w=0.000 dt=39.4ms policy_zmq_lag=0.6ms
[go2:sport] DRY cmd#84 seq=116 v=0.000 w=0.000 dt=40.3ms policy_zmq_lag=0.7ms
[go2:sport] DRY cmd#85 seq=117 v=0.000 w=0.000 dt=39.8ms policy_zmq_lag=0.7ms
[go2:sport] DRY cmd#86 seq=118 v=0.000 w=0.000 dt=39.8ms policy_zmq_lag=0.6ms
[go2:sport] DRY cmd#87 seq=119 v=0.000 w=0.000 dt=40.0ms policy_zmq_lag=0.6ms
[go2:sport] DRY cmd#88 seq=120 v=0.000 w=0.000 dt=40.1ms policy_zmq_lag=0.6ms
[go2:sport] DRY cmd#89 seq=121 v=0.000 w=0.000 dt=40.0ms policy_zmq_lag=0.6ms
[go2:sport] DRY cmd#90 seq=122 v=0.000 w=0.000 dt=40.0ms policy_zmq_lag=0.6ms
[go2:sport] DRY cmd#91 seq=123 v=0.000 w=0.000 dt=40.1ms policy_zmq_lag=0.6ms
[go2:sport] DRY cmd#92 seq=124 v=0.000 w=0.000 dt=40.0ms policy_zmq_lag=0.6ms
[go2:sport] DRY cmd#93 seq=125 v=0.000 w=0.000 dt=39.9ms policy_zmq_lag=0.6ms
[go2:sport] DRY cmd#94 seq=126 v=0.000 w=0.000 dt=40.3ms policy_zmq_lag=0.6ms
[go2:sport] DRY cmd#95 seq=127 v=0.000 w=0.000 dt=39.7ms policy_zmq_lag=0.6ms
[go2:sport] DRY cmd#96 seq=128 v=0.000 w=0.000 dt=40.0ms policy_zmq_lag=0.6ms
[go2:sport] DRY cmd#97 seq=129 v=0.000 w=0.000 dt=40.3ms policy_zmq_lag=0.7ms
[go2:sport] DRY cmd#98 seq=130 v=0.000 w=0.000 dt=39.6ms policy_zmq_lag=0.6ms
[go2:sport] DRY cmd#99 seq=131 v=0.000 w=0.000 dt=40.1ms policy_zmq_lag=0.6ms
[go2:sport] DRY cmd#100 seq=132 v=0.000 w=0.000 dt=40.1ms policy_zmq_lag=0.6ms
[go2:sport] DRY cmd#101 seq=133 v=0.000 w=0.000 dt=40.1ms policy_zmq_lag=0.6ms
[go2:sport] DRY cmd#102 seq=134 v=0.000 w=0.000 dt=40.0ms policy_zmq_lag=0.6ms
[go2:sport] DRY cmd#103 seq=135 v=0.000 w=0.000 dt=39.8ms policy_zmq_lag=0.6ms
[go2:sport] DRY cmd#104 seq=136 v=0.000 w=0.000 dt=40.0ms policy_zmq_lag=0.6ms
[go2:sport] DRY cmd#105 seq=137 v=0.000 w=0.000 dt=40.1ms policy_zmq_lag=0.6ms
[go2:sport] DRY cmd#106 seq=138 v=0.000 w=0.000 dt=39.9ms policy_zmq_lag=0.6ms
[go2:sport] DRY cmd#107 seq=139 v=0.000 w=0.000 dt=40.1ms policy_zmq_lag=0.6ms
[go2:sport] DRY cmd#108 seq=140 v=0.000 w=0.000 dt=40.6ms policy_zmq_lag=0.9ms
[go2:sport] DRY cmd#109 seq=141 v=0.000 w=0.000 dt=39.3ms policy_zmq_lag=0.6ms
[go2:sport] DRY cmd#110 seq=142 v=0.000 w=0.000 dt=40.1ms policy_zmq_lag=0.6ms
[go2:sport] DRY cmd#111 seq=143 v=0.000 w=0.000 dt=40.8ms policy_zmq_lag=0.6ms
[go2:sport] DRY cmd#112 seq=144 v=0.000 w=0.000 dt=39.2ms policy_zmq_lag=0.6ms
[go2:sport] DRY cmd#113 seq=145 v=0.000 w=0.000 dt=39.8ms policy_zmq_lag=0.5ms
[go2:sport] DRY cmd#114 seq=146 v=0.000 w=0.000 dt=40.1ms policy_zmq_lag=0.5ms
[go2:sport] DRY cmd#115 seq=147 v=0.000 w=0.000 dt=41.1ms policy_zmq_lag=0.7ms
[go2:sport] DRY cmd#116 seq=148 v=0.000 w=0.000 dt=38.9ms policy_zmq_lag=0.6ms
[go2:sport] DRY cmd#117 seq=149 v=0.000 w=0.000 dt=39.9ms policy_zmq_lag=0.5ms
[go2:sport] DRY cmd#118 seq=150 v=0.000 w=0.000 dt=40.0ms policy_zmq_lag=0.5ms
[go2:sport] DRY cmd#119 seq=151 v=0.000 w=0.000 dt=40.0ms policy_zmq_lag=0.5ms
[go2:sport] DRY cmd#120 seq=152 v=0.000 w=0.000 dt=40.0ms policy_zmq_lag=0.5ms
[go2:sport] DRY cmd#121 seq=153 v=0.000 w=0.000 dt=40.0ms policy_zmq_lag=0.5ms
[go2:sport] DRY cmd#122 seq=154 v=0.000 w=0.000 dt=40.1ms policy_zmq_lag=0.5ms
[go2:sport] DRY cmd#123 seq=155 v=0.000 w=0.000 dt=39.9ms policy_zmq_lag=0.5ms
[go2:sport] DRY cmd#124 seq=156 v=0.000 w=0.000 dt=40.1ms policy_zmq_lag=0.6ms
[go2:sport] DRY cmd#125 seq=157 v=0.000 w=0.000 dt=40.0ms policy_zmq_lag=0.6ms
[go2:sport] DRY cmd#126 seq=158 v=0.000 w=0.000 dt=40.0ms policy_zmq_lag=0.6ms
[go2:sport] DRY cmd#127 seq=159 v=0.000 w=0.000 dt=40.0ms policy_zmq_lag=0.6ms
[go2:sport] DRY cmd#128 seq=160 v=0.000 w=0.000 dt=39.9ms policy_zmq_lag=0.5ms
[go2:sport] DRY cmd#129 seq=161 v=0.000 w=0.000 dt=40.0ms policy_zmq_lag=0.6ms
[go2:sport] DRY cmd#130 seq=162 v=0.000 w=0.000 dt=40.0ms policy_zmq_lag=0.5ms
[go2:sport] DRY cmd#131 seq=163 v=0.000 w=0.000 dt=40.1ms policy_zmq_lag=0.6ms
[go2:sport] DRY cmd#132 seq=164 v=0.000 w=0.000 dt=40.0ms policy_zmq_lag=0.6ms
[go2:sport] DRY cmd#133 seq=165 v=0.000 w=0.000 dt=40.0ms policy_zmq_lag=0.6ms
[go2:sport] DRY cmd#134 seq=166 v=0.000 w=0.000 dt=40.0ms policy_zmq_lag=0.6ms
[go2:sport] DRY cmd#135 seq=167 v=0.000 w=0.000 dt=40.2ms policy_zmq_lag=0.6ms
[go2:sport] DRY cmd#136 seq=168 v=0.000 w=0.000 dt=39.7ms policy_zmq_lag=0.5ms
[go2:sport] DRY cmd#137 seq=169 v=0.000 w=0.000 dt=40.1ms policy_zmq_lag=0.7ms
[go2:sport] DRY cmd#138 seq=170 v=0.000 w=0.000 dt=40.1ms policy_zmq_lag=0.7ms
[go2:sport] DRY cmd#139 seq=171 v=0.000 w=0.000 dt=39.8ms policy_zmq_lag=0.6ms
[go2:sport] DRY cmd#140 seq=172 v=0.000 w=0.000 dt=40.0ms policy_zmq_lag=0.6ms
[go2:sport] DRY cmd#141 seq=173 v=0.000 w=0.000 dt=40.0ms policy_zmq_lag=0.6ms
[go2:sport] DRY cmd#142 seq=174 v=0.000 w=0.000 dt=40.0ms policy_zmq_lag=0.6ms
[go2:sport] DRY cmd#143 seq=175 v=0.000 w=0.000 dt=40.1ms policy_zmq_lag=0.6ms
[go2:sport] DRY cmd#144 seq=176 v=0.000 w=0.000 dt=39.9ms policy_zmq_lag=0.6ms
[go2:sport] DRY cmd#145 seq=177 v=0.000 w=0.000 dt=40.1ms policy_zmq_lag=0.6ms
[go2:sport] DRY cmd#146 seq=178 v=0.000 w=0.000 dt=39.9ms policy_zmq_lag=0.6ms
[go2:sport] DRY cmd#147 seq=179 v=0.000 w=0.000 dt=40.1ms policy_zmq_lag=0.7ms
[go2:sport] DRY cmd#148 seq=180 v=0.000 w=0.000 dt=39.9ms policy_zmq_lag=0.6ms
[go2:sport] DRY cmd#149 seq=181 v=0.000 w=0.000 dt=39.9ms policy_zmq_lag=0.5ms
[go2:sport] DRY cmd#150 seq=182 v=0.000 w=0.000 dt=40.0ms policy_zmq_lag=0.5ms
[go2:sport] DRY cmd#151 seq=183 v=0.000 w=0.000 dt=40.0ms policy_zmq_lag=0.5ms
[go2:sport] DRY cmd#152 seq=184 v=0.000 w=0.000 dt=40.1ms policy_zmq_lag=0.5ms
[go2:sport] DRY cmd#153 seq=185 v=0.000 w=0.000 dt=39.9ms policy_zmq_lag=0.5ms
[go2:sport] DRY cmd#154 seq=186 v=0.000 w=0.000 dt=40.1ms policy_zmq_lag=0.6ms
[go2:sport] DRY cmd#155 seq=187 v=0.000 w=0.000 dt=40.0ms policy_zmq_lag=0.6ms
[go2:sport] DRY cmd#156 seq=188 v=0.000 w=0.000 dt=40.0ms policy_zmq_lag=0.6ms
[go2:sport] DRY cmd#157 seq=189 v=0.000 w=0.000 dt=40.0ms policy_zmq_lag=0.6ms
[go2:sport] DRY cmd#158 seq=190 v=0.000 w=0.000 dt=40.0ms policy_zmq_lag=0.6ms
[go2:sport] DRY cmd#159 seq=191 v=0.000 w=0.000 dt=40.0ms policy_zmq_lag=0.5ms
[go2:sport] DRY cmd#160 seq=192 v=0.000 w=0.000 dt=40.0ms policy_zmq_lag=0.5ms
[go2:sport] DRY cmd#161 seq=193 v=0.000 w=0.000 dt=40.0ms policy_zmq_lag=0.5ms
[go2:sport] DRY cmd#162 seq=194 v=0.000 w=0.000 dt=40.0ms policy_zmq_lag=0.6ms
[go2:sport] DRY cmd#163 seq=195 v=0.000 w=0.000 dt=40.1ms policy_zmq_lag=0.6ms
[go2:sport] DRY cmd#164 seq=196 v=0.000 w=0.000 dt=40.1ms policy_zmq_lag=0.7ms
[go2:sport] DRY cmd#165 seq=197 v=0.000 w=0.000 dt=40.0ms policy_zmq_lag=0.7ms
[go2:sport] DRY cmd#166 seq=198 v=0.000 w=0.000 dt=39.9ms policy_zmq_lag=0.6ms
[go2:sport] DRY cmd#167 seq=199 v=0.000 w=0.000 dt=40.1ms policy_zmq_lag=0.6ms
[go2:sport] DRY cmd#168 seq=200 v=0.000 w=0.000 dt=40.0ms policy_zmq_lag=0.6ms
[go2:sport] DRY cmd#169 seq=201 v=0.000 w=0.000 dt=40.0ms policy_zmq_lag=0.6ms
[go2:sport] DRY cmd#170 seq=202 v=0.000 w=0.000 dt=40.0ms policy_zmq_lag=0.5ms
[go2:sport] DRY cmd#171 seq=203 v=0.000 w=0.000 dt=40.0ms policy_zmq_lag=0.5ms
[go2:sport] DRY cmd#172 seq=204 v=0.000 w=0.000 dt=40.0ms policy_zmq_lag=0.5ms
[go2:sport] DRY cmd#173 seq=205 v=0.000 w=0.000 dt=40.1ms policy_zmq_lag=0.7ms
[go2:sport] DRY cmd#174 seq=206 v=0.000 w=0.000 dt=39.9ms policy_zmq_lag=0.6ms
[go2:sport] DRY cmd#175 seq=207 v=0.000 w=0.000 dt=40.1ms policy_zmq_lag=0.7ms
[go2:sport] DRY cmd#176 seq=208 v=0.000 w=0.000 dt=39.9ms policy_zmq_lag=0.5ms
[go2:sport] DRY cmd#177 seq=209 v=0.000 w=0.000 dt=40.0ms policy_zmq_lag=0.6ms
[go2:sport] DRY cmd#178 seq=210 v=0.000 w=0.000 dt=40.0ms policy_zmq_lag=0.6ms
[go2:sport] DRY cmd#179 seq=211 v=0.000 w=0.000 dt=40.1ms policy_zmq_lag=0.7ms
[go2:sport] DRY cmd#180 seq=212 v=0.000 w=0.000 dt=39.9ms policy_zmq_lag=0.6ms
[go2:sport] DRY cmd#181 seq=213 v=0.000 w=0.000 dt=40.0ms policy_zmq_lag=0.6ms
[go2:sport] DRY cmd#182 seq=214 v=0.000 w=0.000 dt=40.0ms policy_zmq_lag=0.6ms
[go2:sport] DRY cmd#183 seq=215 v=0.000 w=0.000 dt=39.9ms policy_zmq_lag=0.6ms
[go2:sport] DRY cmd#184 seq=216 v=0.000 w=0.000 dt=40.2ms policy_zmq_lag=0.7ms
[go2:sport] DRY cmd#185 seq=217 v=0.000 w=0.000 dt=40.0ms policy_zmq_lag=0.7ms
[go2:sport] DRY cmd#186 seq=218 v=0.000 w=0.000 dt=40.1ms policy_zmq_lag=0.6ms
[go2:sport] DRY cmd#187 seq=219 v=0.000 w=0.000 dt=39.8ms policy_zmq_lag=0.6ms
[go2:sport] DRY cmd#188 seq=220 v=0.000 w=0.000 dt=40.0ms policy_zmq_lag=0.6ms
[go2:sport] DRY cmd#189 seq=221 v=0.000 w=0.000 dt=39.9ms policy_zmq_lag=0.5ms
[go2:sport] DRY cmd#190 seq=222 v=0.000 w=0.000 dt=40.2ms policy_zmq_lag=0.7ms
[go2:sport] DRY cmd#191 seq=223 v=0.000 w=0.000 dt=39.9ms policy_zmq_lag=0.6ms
[go2:sport] DRY cmd#192 seq=224 v=0.000 w=0.000 dt=40.2ms policy_zmq_lag=0.6ms
[go2:sport] DRY cmd#193 seq=225 v=0.000 w=0.000 dt=39.9ms policy_zmq_lag=0.6ms
[go2:sport] DRY cmd#194 seq=226 v=0.000 w=0.000 dt=39.9ms policy_zmq_lag=0.6ms
[go2:sport] DRY cmd#195 seq=227 v=0.000 w=0.000 dt=40.0ms policy_zmq_lag=0.6ms
[go2:sport] DRY cmd#196 seq=228 v=0.000 w=0.000 dt=40.0ms policy_zmq_lag=0.6ms
[go2:sport] DRY cmd#197 seq=229 v=0.000 w=0.000 dt=40.4ms policy_zmq_lag=0.6ms
[go2:sport] DRY cmd#198 seq=230 v=0.000 w=0.000 dt=39.7ms policy_zmq_lag=0.6ms
[go2:sport] DRY cmd#199 seq=231 v=0.000 w=0.000 dt=40.0ms policy_zmq_lag=0.6ms
[go2:sport] DRY cmd#200 seq=232 v=0.000 w=0.000 dt=40.1ms policy_zmq_lag=0.7ms
[go2:sport] DRY cmd#201 seq=233 v=0.000 w=0.000 dt=39.9ms policy_zmq_lag=0.6ms
[go2:sport] DRY cmd#202 seq=234 v=0.000 w=0.000 dt=40.1ms policy_zmq_lag=0.6ms
[go2:sport] DRY cmd#203 seq=235 v=0.000 w=0.000 dt=40.1ms policy_zmq_lag=0.6ms
[go2:sport] DRY cmd#204 seq=236 v=0.000 w=0.000 dt=40.1ms policy_zmq_lag=0.8ms
[go2:sport] DRY cmd#205 seq=237 v=0.000 w=0.000 dt=39.8ms policy_zmq_lag=0.6ms
[go2:sport] DRY cmd#206 seq=238 v=0.000 w=0.000 dt=43.1ms policy_zmq_lag=0.9ms
[go2:sport] DRY cmd#207 seq=239 v=0.000 w=0.000 dt=39.5ms policy_zmq_lag=0.6ms
[go2:sport] DRY cmd#208 seq=240 v=0.000 w=0.000 dt=37.9ms policy_zmq_lag=0.6ms
[go2:sport] DRY cmd#209 seq=241 v=0.000 w=0.000 dt=39.4ms policy_zmq_lag=0.6ms
[go2:sport] DRY cmd#210 seq=242 v=0.000 w=0.000 dt=39.9ms policy_zmq_lag=0.6ms
[go2:sport] DRY cmd#211 seq=243 v=0.000 w=0.000 dt=40.3ms policy_zmq_lag=0.6ms
[go2:sport] DRY cmd#212 seq=244 v=0.000 w=0.000 dt=39.7ms policy_zmq_lag=0.6ms
[go2:sport] DRY cmd#213 seq=245 v=0.000 w=0.000 dt=40.3ms policy_zmq_lag=0.6ms
[go2:sport] DRY cmd#214 seq=246 v=0.000 w=0.000 dt=39.8ms policy_zmq_lag=0.6ms
[go2:sport] DRY cmd#215 seq=247 v=0.000 w=0.000 dt=40.0ms policy_zmq_lag=0.6ms
[go2:sport] DRY cmd#216 seq=248 v=0.000 w=0.000 dt=40.0ms policy_zmq_lag=0.6ms
[go2:sport] DRY cmd#217 seq=249 v=0.000 w=0.000 dt=40.0ms policy_zmq_lag=0.6ms
[go2:sport] DRY cmd#218 seq=250 v=0.000 w=0.000 dt=40.1ms policy_zmq_lag=0.6ms
[go2:sport] DRY cmd#219 seq=251 v=0.000 w=0.000 dt=40.0ms policy_zmq_lag=0.6ms
[go2:sport] DRY cmd#220 seq=252 v=0.000 w=0.000 dt=40.4ms policy_zmq_lag=0.8ms
[go2:sport] DRY cmd#221 seq=253 v=0.000 w=0.000 dt=39.6ms policy_zmq_lag=0.6ms
[go2:sport] DRY cmd#222 seq=254 v=0.000 w=0.000 dt=40.9ms policy_zmq_lag=0.6ms
[go2:sport] DRY cmd#223 seq=255 v=0.000 w=0.000 dt=39.1ms policy_zmq_lag=0.6ms
[go2:sport] DRY cmd#224 seq=256 v=0.000 w=0.000 dt=40.0ms policy_zmq_lag=0.6ms
[go2:sport] DRY cmd#225 seq=257 v=0.000 w=0.000 dt=40.0ms policy_zmq_lag=0.6ms
[go2:sport] DRY cmd#226 seq=258 v=0.000 w=0.000 dt=40.3ms policy_zmq_lag=1.0ms
[go2:sport] DRY cmd#227 seq=259 v=0.000 w=0.000 dt=39.6ms policy_zmq_lag=0.6ms
[go2:sport] DRY cmd#228 seq=260 v=0.000 w=0.000 dt=40.1ms policy_zmq_lag=0.6ms
[go2:sport] DRY cmd#229 seq=261 v=0.000 w=0.000 dt=40.0ms policy_zmq_lag=0.6ms
[go2:sport] DRY cmd#230 seq=262 v=0.000 w=0.000 dt=40.0ms policy_zmq_lag=0.6ms
[go2:sport] DRY cmd#231 seq=263 v=0.000 w=0.000 dt=40.0ms policy_zmq_lag=0.6ms
[go2:sport] DRY cmd#232 seq=264 v=0.000 w=0.000 dt=40.0ms policy_zmq_lag=0.6ms
[go2:sport] DRY cmd#233 seq=265 v=0.000 w=0.000 dt=40.1ms policy_zmq_lag=0.6ms
[go2:sport] DRY cmd#234 seq=266 v=0.000 w=0.000 dt=39.9ms policy_zmq_lag=0.6ms
[go2:sport] DRY cmd#235 seq=267 v=0.000 w=0.000 dt=40.0ms policy_zmq_lag=0.6ms
[go2:sport] DRY cmd#236 seq=268 v=0.000 w=0.000 dt=40.1ms policy_zmq_lag=0.7ms
[go2:sport] DRY cmd#237 seq=269 v=0.000 w=0.000 dt=39.9ms policy_zmq_lag=0.6ms
[go2:sport] DRY cmd#238 seq=270 v=0.000 w=0.000 dt=40.0ms policy_zmq_lag=0.6ms
[go2:sport] DRY cmd#239 seq=271 v=0.000 w=0.000 dt=40.1ms policy_zmq_lag=0.6ms
[go2:sport] DRY cmd#240 seq=272 v=0.000 w=0.000 dt=40.0ms policy_zmq_lag=0.7ms
[go2:sport] DRY cmd#241 seq=273 v=0.000 w=0.000 dt=39.9ms policy_zmq_lag=0.6ms
[go2:sport] DRY cmd#242 seq=274 v=0.000 w=0.000 dt=40.1ms policy_zmq_lag=0.7ms
[go2:sport] DRY cmd#243 seq=275 v=0.000 w=0.000 dt=39.9ms policy_zmq_lag=0.6ms
[go2:sport] DRY cmd#244 seq=276 v=0.000 w=0.000 dt=40.0ms policy_zmq_lag=0.6ms
[go2:sport] DRY cmd#245 seq=277 v=0.000 w=0.000 dt=40.0ms policy_zmq_lag=0.6ms
[go2:sport] DRY cmd#246 seq=278 v=0.000 w=0.000 dt=40.0ms policy_zmq_lag=0.6ms
[go2:sport] DRY cmd#247 seq=279 v=0.000 w=0.000 dt=40.0ms policy_zmq_lag=0.6ms
[go2:sport] DRY cmd#248 seq=280 v=0.000 w=0.000 dt=40.4ms policy_zmq_lag=0.6ms
[go2:sport] DRY cmd#249 seq=281 v=0.000 w=0.000 dt=39.7ms policy_zmq_lag=0.7ms
[go2:sport] DRY cmd#250 seq=282 v=0.000 w=0.000 dt=39.9ms policy_zmq_lag=0.7ms
[go2:sport] DRY cmd#251 seq=283 v=0.000 w=0.000 dt=40.0ms policy_zmq_lag=0.7ms
[go2:sport] DRY cmd#252 seq=284 v=0.000 w=0.000 dt=40.7ms policy_zmq_lag=0.7ms
[go2:sport] DRY cmd#253 seq=285 v=0.000 w=0.000 dt=39.3ms policy_zmq_lag=0.6ms
[go2:sport] DRY cmd#254 seq=286 v=0.000 w=0.000 dt=39.9ms policy_zmq_lag=0.6ms
[go2:sport] DRY cmd#255 seq=287 v=0.000 w=0.000 dt=40.3ms policy_zmq_lag=0.6ms
[go2:sport] DRY cmd#256 seq=288 v=0.000 w=0.000 dt=39.7ms policy_zmq_lag=0.6ms
[go2:sport] DRY cmd#257 seq=289 v=0.000 w=0.000 dt=40.4ms policy_zmq_lag=0.6ms
[go2:sport] DRY cmd#258 seq=290 v=0.000 w=0.000 dt=39.6ms policy_zmq_lag=0.6ms
[go2:sport] DRY cmd#259 seq=291 v=0.000 w=0.000 dt=40.0ms policy_zmq_lag=0.6ms
[go2:sport] DRY cmd#260 seq=292 v=0.000 w=0.000 dt=40.2ms policy_zmq_lag=0.6ms
[go2:sport] DRY cmd#261 seq=293 v=0.000 w=0.000 dt=39.9ms policy_zmq_lag=0.6ms
[go2:sport] DRY cmd#262 seq=294 v=0.000 w=0.000 dt=40.0ms policy_zmq_lag=0.6ms
[go2:sport] DRY cmd#263 seq=295 v=0.000 w=0.000 dt=39.9ms policy_zmq_lag=0.6ms
[go2:sport] DRY cmd#264 seq=296 v=0.000 w=0.000 dt=40.7ms policy_zmq_lag=0.7ms
[go2:sport] DRY cmd#265 seq=297 v=0.000 w=0.000 dt=39.3ms policy_zmq_lag=0.6ms
[go2:sport] DRY cmd#266 seq=298 v=0.000 w=0.000 dt=40.0ms policy_zmq_lag=0.6ms
[go2:sport] DRY cmd#267 seq=299 v=0.000 w=0.000 dt=40.0ms policy_zmq_lag=0.6ms
[go2:sport] DRY cmd#268 seq=300 v=0.000 w=0.000 dt=40.0ms policy_zmq_lag=0.6ms
[go2:sport] DRY cmd#269 seq=301 v=0.000 w=0.000 dt=40.1ms policy_zmq_lag=0.6ms
[go2:sport] DRY cmd#270 seq=302 v=0.000 w=0.000 dt=40.0ms policy_zmq_lag=0.6ms
[go2:sport] DRY cmd#271 seq=303 v=0.000 w=0.000 dt=40.0ms policy_zmq_lag=0.6ms
[go2:sport] DRY cmd#272 seq=304 v=0.000 w=0.000 dt=40.1ms policy_zmq_lag=0.6ms
[go2:sport] DRY cmd#273 seq=305 v=0.000 w=0.000 dt=39.9ms policy_zmq_lag=0.6ms
[go2:sport] DRY cmd#274 seq=306 v=0.000 w=0.000 dt=40.0ms policy_zmq_lag=0.6ms
[go2:sport] DRY cmd#275 seq=307 v=0.000 w=0.000 dt=40.5ms policy_zmq_lag=0.6ms
[go2:sport] DRY cmd#276 seq=308 v=0.000 w=0.000 dt=40.4ms policy_zmq_lag=1.3ms
[go2:sport] DRY cmd#277 seq=309 v=0.000 w=0.000 dt=39.6ms policy_zmq_lag=0.6ms
[go2:sport] DRY cmd#278 seq=310 v=0.000 w=0.000 dt=39.5ms policy_zmq_lag=0.6ms
[go2:sport] DRY cmd#279 seq=311 v=0.000 w=0.000 dt=40.0ms policy_zmq_lag=0.6ms
[go2:sport] DRY cmd#280 seq=312 v=0.000 w=0.000 dt=40.0ms policy_zmq_lag=0.6ms
[go2:sport] DRY cmd#281 seq=313 v=0.000 w=0.000 dt=40.2ms policy_zmq_lag=0.6ms
[go2:sport] DRY cmd#282 seq=314 v=0.000 w=0.000 dt=39.8ms policy_zmq_lag=0.6ms
[go2:sport] DRY cmd#283 seq=315 v=0.000 w=0.000 dt=39.9ms policy_zmq_lag=0.6ms
[go2:sport] DRY cmd#284 seq=316 v=0.000 w=0.000 dt=40.0ms policy_zmq_lag=0.6ms
[go2:sport] DRY cmd#285 seq=317 v=0.000 w=0.000 dt=40.0ms policy_zmq_lag=0.6ms
[go2:sport] DRY cmd#286 seq=318 v=0.000 w=0.000 dt=40.0ms policy_zmq_lag=0.6ms
[go2:sport] DRY cmd#287 seq=319 v=0.000 w=0.000 dt=40.0ms policy_zmq_lag=0.6ms
[go2:sport] DRY cmd#288 seq=320 v=0.000 w=0.000 dt=40.1ms policy_zmq_lag=0.7ms
[go2:sport] DRY cmd#289 seq=321 v=0.000 w=0.000 dt=40.8ms policy_zmq_lag=0.8ms
[go2:sport] DRY cmd#290 seq=322 v=0.000 w=0.000 dt=39.0ms policy_zmq_lag=0.5ms
[go2:sport] DRY cmd#291 seq=323 v=0.000 w=0.000 dt=40.0ms policy_zmq_lag=0.6ms
[go2:sport] DRY cmd#292 seq=324 v=0.000 w=0.000 dt=40.0ms policy_zmq_lag=0.6ms
[go2:sport] DRY cmd#293 seq=325 v=0.000 w=0.000 dt=40.0ms policy_zmq_lag=0.6ms
[go2:sport] DRY cmd#294 seq=326 v=0.000 w=0.000 dt=40.0ms policy_zmq_lag=0.6ms
[go2:sport] DRY cmd#295 seq=327 v=0.000 w=0.000 dt=40.3ms policy_zmq_lag=0.6ms
[go2:sport] DRY cmd#296 seq=328 v=0.000 w=0.000 dt=39.8ms policy_zmq_lag=0.7ms
[go2:sport] DRY cmd#297 seq=329 v=0.000 w=0.000 dt=39.9ms policy_zmq_lag=0.6ms
[go2:sport] DRY cmd#298 seq=330 v=0.000 w=0.000 dt=40.0ms policy_zmq_lag=0.6ms
[go2:sport] DRY cmd#299 seq=331 v=0.000 w=0.000 dt=40.1ms policy_zmq_lag=0.6ms
[go2:sport] DRY cmd#300 seq=332 v=0.000 w=0.000 dt=39.9ms policy_zmq_lag=0.6ms
[go2:sport] DRY cmd#301 seq=333 v=0.000 w=0.000 dt=40.3ms policy_zmq_lag=0.8ms
[go2:sport] DRY cmd#302 seq=334 v=0.000 w=0.000 dt=39.8ms policy_zmq_lag=0.7ms
[go2:sport] DRY cmd#303 seq=335 v=0.000 w=0.000 dt=40.4ms policy_zmq_lag=1.1ms
[go2:sport] DRY cmd#304 seq=336 v=0.000 w=0.000 dt=39.5ms policy_zmq_lag=0.6ms
[go2:sport] DRY cmd#305 seq=337 v=0.000 w=0.000 dt=40.0ms policy_zmq_lag=0.6ms
[go2:sport] DRY cmd#306 seq=338 v=0.000 w=0.000 dt=40.0ms policy_zmq_lag=0.6ms
[go2:sport] DRY cmd#307 seq=339 v=0.000 w=0.000 dt=40.0ms policy_zmq_lag=0.6ms
[go2:sport] DRY cmd#308 seq=340 v=0.000 w=0.000 dt=40.0ms policy_zmq_lag=0.6ms
[go2:sport] DRY cmd#309 seq=341 v=0.000 w=0.000 dt=40.5ms policy_zmq_lag=0.6ms
[go2:sport] DRY cmd#310 seq=342 v=0.000 w=0.000 dt=39.5ms policy_zmq_lag=0.6ms
[go2:sport] DRY cmd#311 seq=343 v=0.000 w=0.000 dt=40.0ms policy_zmq_lag=0.6ms
[go2:sport] DRY cmd#312 seq=344 v=0.000 w=0.000 dt=39.9ms policy_zmq_lag=0.6ms
[go2:sport] DRY cmd#313 seq=345 v=0.000 w=0.000 dt=40.4ms policy_zmq_lag=0.6ms
[go2:sport] DRY cmd#314 seq=346 v=0.000 w=0.000 dt=39.8ms policy_zmq_lag=0.6ms
[go2:sport] DRY cmd#315 seq=347 v=0.000 w=0.000 dt=39.8ms policy_zmq_lag=0.6ms
[go2:sport] DRY cmd#316 seq=348 v=0.000 w=0.000 dt=40.0ms policy_zmq_lag=0.6ms
[go2:sport] DRY cmd#317 seq=349 v=0.000 w=0.000 dt=40.0ms policy_zmq_lag=0.6ms
[go2:sport] DRY cmd#318 seq=350 v=0.000 w=0.000 dt=40.0ms policy_zmq_lag=0.6ms
[go2:sport] DRY cmd#319 seq=351 v=0.000 w=0.000 dt=40.0ms policy_zmq_lag=0.6ms
[go2:sport] DRY cmd#320 seq=352 v=0.000 w=0.000 dt=40.0ms policy_zmq_lag=0.6ms
[go2:sport] DRY cmd#321 seq=353 v=0.000 w=0.000 dt=39.9ms policy_zmq_lag=0.5ms
[go2:sport] DRY cmd#322 seq=354 v=0.000 w=0.000 dt=40.0ms policy_zmq_lag=0.5ms
[go2:sport] DRY cmd#323 seq=355 v=0.000 w=0.000 dt=40.0ms policy_zmq_lag=0.5ms
[go2:sport] DRY cmd#324 seq=356 v=0.000 w=0.000 dt=40.0ms policy_zmq_lag=0.6ms
[go2:sport] DRY cmd#325 seq=357 v=0.000 w=0.000 dt=40.0ms policy_zmq_lag=0.5ms
[go2:sport] DRY cmd#326 seq=358 v=0.000 w=0.000 dt=40.0ms policy_zmq_lag=0.5ms
[go2:sport] DRY cmd#327 seq=359 v=0.000 w=0.000 dt=40.0ms policy_zmq_lag=0.6ms
[go2:sport] DRY cmd#328 seq=360 v=0.000 w=0.000 dt=40.0ms policy_zmq_lag=0.5ms
[go2:sport] DRY cmd#329 seq=361 v=0.000 w=0.000 dt=40.0ms policy_zmq_lag=0.5ms
[go2:sport] DRY cmd#330 seq=362 v=0.000 w=0.000 dt=40.1ms policy_zmq_lag=0.6ms
[go2:sport] DRY cmd#331 seq=363 v=0.000 w=0.000 dt=40.0ms policy_zmq_lag=0.6ms
[go2:sport] DRY cmd#332 seq=364 v=0.000 w=0.000 dt=40.0ms policy_zmq_lag=0.6ms
[go2:sport] DRY cmd#333 seq=365 v=0.000 w=0.000 dt=40.0ms policy_zmq_lag=0.5ms
[go2:sport] DRY cmd#334 seq=366 v=0.000 w=0.000 dt=40.0ms policy_zmq_lag=0.5ms
[go2:sport] DRY cmd#335 seq=367 v=0.000 w=0.000 dt=39.9ms policy_zmq_lag=0.5ms
[go2:sport] DRY cmd#336 seq=368 v=0.000 w=0.000 dt=40.0ms policy_zmq_lag=0.5ms
[go2:sport] DRY cmd#337 seq=369 v=0.000 w=0.000 dt=40.1ms policy_zmq_lag=0.5ms
[go2:sport] DRY cmd#338 seq=370 v=0.000 w=0.000 dt=39.9ms policy_zmq_lag=0.5ms
[go2:sport] DRY cmd#339 seq=371 v=0.000 w=0.000 dt=40.1ms policy_zmq_lag=0.5ms
[go2:sport] DRY cmd#340 seq=372 v=0.000 w=0.000 dt=40.1ms policy_zmq_lag=0.7ms
[go2:sport] DRY cmd#341 seq=373 v=0.000 w=0.000 dt=40.0ms policy_zmq_lag=0.5ms
[go2:sport] DRY cmd#342 seq=374 v=0.000 w=0.000 dt=40.0ms policy_zmq_lag=0.5ms
[go2:sport] DRY cmd#343 seq=375 v=0.000 w=0.000 dt=39.9ms policy_zmq_lag=0.5ms
[go2:sport] DRY cmd#344 seq=376 v=0.000 w=0.000 dt=40.2ms policy_zmq_lag=0.7ms
[go2:sport] DRY cmd#345 seq=377 v=0.000 w=0.000 dt=39.9ms policy_zmq_lag=0.6ms
[go2:sport] DRY cmd#346 seq=378 v=0.000 w=0.000 dt=40.0ms policy_zmq_lag=0.6ms
[go2:sport] DRY cmd#347 seq=379 v=0.000 w=0.000 dt=40.1ms policy_zmq_lag=0.6ms
[go2:sport] DRY cmd#348 seq=380 v=0.000 w=0.000 dt=40.0ms policy_zmq_lag=0.6ms
[go2:sport] DRY cmd#349 seq=381 v=0.000 w=0.000 dt=39.9ms policy_zmq_lag=0.5ms
[go2:sport] DRY cmd#350 seq=382 v=0.000 w=0.000 dt=40.0ms policy_zmq_lag=0.5ms
[go2:sport] DRY cmd#351 seq=383 v=0.000 w=0.000 dt=40.1ms policy_zmq_lag=0.7ms
[go2:sport] DRY cmd#352 seq=384 v=0.000 w=0.000 dt=40.1ms policy_zmq_lag=0.7ms
[go2:sport] DRY cmd#353 seq=385 v=0.000 w=0.000 dt=39.7ms policy_zmq_lag=0.5ms
[go2:sport] DRY cmd#354 seq=386 v=0.000 w=0.000 dt=40.0ms policy_zmq_lag=0.5ms
[go2:sport] DRY cmd#355 seq=387 v=0.000 w=0.000 dt=40.1ms policy_zmq_lag=0.5ms
[go2:sport] DRY cmd#356 seq=388 v=0.015 w=-0.015 dt=48.4ms policy_zmq_lag=0.6ms action_age=42.5ms scan_age=41.9ms scan_rx_age=18.9ms odom_age=18.6ms odom_rx_age=17.0ms sensor_skew=23.3ms loop_to_send=8.3ms
[go2:sport] DRY cmd#357 seq=389 v=0.135 w=-0.135 dt=37.6ms policy_zmq_lag=0.7ms action_age=40.2ms scan_age=39.5ms scan_rx_age=16.0ms odom_age=9.3ms odom_rx_age=8.3ms sensor_skew=30.2ms loop_to_send=5.9ms
[go2:sport] DRY cmd#358 seq=390 v=0.255 w=-0.255 dt=39.7ms policy_zmq_lag=0.7ms action_age=40.5ms scan_age=39.8ms scan_rx_age=15.8ms odom_age=9.3ms odom_rx_age=8.4ms sensor_skew=30.5ms loop_to_send=5.7ms
[go2:sport] DRY cmd#359 seq=391 v=0.375 w=-0.375 dt=40.2ms policy_zmq_lag=0.7ms action_age=40.0ms scan_age=39.3ms scan_rx_age=15.7ms odom_age=9.3ms odom_rx_age=8.4ms sensor_skew=29.9ms loop_to_send=5.8ms
[go2:sport] DRY cmd#360 seq=392 v=0.495 w=-0.479 dt=39.8ms policy_zmq_lag=0.6ms action_age=39.8ms scan_age=39.2ms scan_rx_age=16.5ms odom_age=9.2ms odom_rx_age=8.5ms sensor_skew=29.9ms loop_to_send=5.7ms
[go2:sport] DRY cmd#361 seq=393 v=0.615 w=-0.599 dt=40.0ms policy_zmq_lag=0.6ms action_age=39.7ms scan_age=39.0ms scan_rx_age=16.3ms odom_age=9.0ms odom_rx_age=8.1ms sensor_skew=30.0ms loop_to_send=5.7ms
[go2:sport] DRY cmd#362 seq=394 v=0.735 w=-0.527 dt=40.2ms policy_zmq_lag=0.9ms action_age=40.1ms scan_age=39.2ms scan_rx_age=15.4ms odom_age=9.1ms odom_rx_age=8.3ms sensor_skew=30.1ms loop_to_send=5.7ms
[go2:sport] DRY cmd#363 seq=395 v=0.855 w=-0.488 dt=40.3ms policy_zmq_lag=0.6ms action_age=40.1ms scan_age=39.5ms scan_rx_age=16.4ms odom_age=9.9ms odom_rx_age=9.1ms sensor_skew=29.6ms loop_to_send=6.2ms
[go2:sport] DRY cmd#364 seq=396 v=0.900 w=-0.608 dt=40.6ms policy_zmq_lag=0.8ms action_age=40.8ms scan_age=39.9ms scan_rx_age=16.5ms odom_age=10.0ms odom_rx_age=8.9ms sensor_skew=29.9ms loop_to_send=6.6ms
[go2:sport] DRY cmd#365 seq=397 v=0.895 w=-0.507 dt=39.7ms policy_zmq_lag=0.8ms action_age=40.6ms scan_age=39.8ms scan_rx_age=13.6ms odom_age=9.8ms odom_rx_age=8.7ms sensor_skew=30.0ms loop_to_send=6.3ms
[go2:sport] DRY cmd#366 seq=398 v=0.894 w=-0.542 dt=40.0ms policy_zmq_lag=0.8ms action_age=40.3ms scan_age=39.5ms scan_rx_age=14.8ms odom_age=9.8ms odom_rx_age=8.8ms sensor_skew=29.7ms loop_to_send=6.2ms
[go2:sport] DRY cmd#367 seq=399 v=0.899 w=-0.422 dt=39.5ms policy_zmq_lag=0.6ms action_age=40.2ms scan_age=39.6ms scan_rx_age=17.2ms odom_age=9.6ms odom_rx_age=8.9ms sensor_skew=30.0ms loop_to_send=6.1ms
[go2:sport] DRY cmd#368 seq=400 v=0.895 w=-0.524 dt=39.6ms policy_zmq_lag=0.7ms action_age=39.7ms scan_age=39.0ms scan_rx_age=15.2ms odom_age=9.2ms odom_rx_age=8.4ms sensor_skew=29.9ms loop_to_send=5.6ms
[go2:sport] DRY cmd#369 seq=401 v=0.900 w=-0.644 dt=40.0ms policy_zmq_lag=0.6ms action_age=39.8ms scan_age=39.2ms scan_rx_age=17.2ms odom_age=9.2ms odom_rx_age=8.2ms sensor_skew=30.0ms loop_to_send=5.6ms
[go2:sport] DRY cmd#370 seq=402 v=0.894 w=-0.524 dt=40.0ms policy_zmq_lag=0.6ms action_age=39.5ms scan_age=38.9ms scan_rx_age=16.0ms odom_age=9.2ms odom_rx_age=8.5ms sensor_skew=29.7ms loop_to_send=5.6ms
[go2:sport] DRY cmd#371 seq=403 v=0.895 w=-0.504 dt=39.9ms policy_zmq_lag=0.6ms action_age=39.4ms scan_age=38.7ms scan_rx_age=16.1ms odom_age=9.1ms odom_rx_age=8.3ms sensor_skew=29.7ms loop_to_send=5.5ms
[go2:sport] DRY cmd#372 seq=404 v=0.898 w=-0.552 dt=40.0ms policy_zmq_lag=0.7ms action_age=39.6ms scan_age=39.0ms scan_rx_age=16.0ms odom_age=9.1ms odom_rx_age=8.3ms sensor_skew=29.9ms loop_to_send=5.4ms
[go2:sport] DRY cmd#373 seq=405 v=0.895 w=-0.496 dt=40.0ms policy_zmq_lag=0.6ms action_age=40.3ms scan_age=39.7ms scan_rx_age=13.2ms odom_age=8.8ms odom_rx_age=8.0ms sensor_skew=30.9ms loop_to_send=5.5ms
[go2:sport] DRY cmd#374 seq=406 v=0.900 w=-0.616 dt=40.4ms policy_zmq_lag=0.8ms action_age=39.8ms scan_age=39.1ms scan_rx_age=14.4ms odom_age=9.2ms odom_rx_age=8.4ms sensor_skew=29.8ms loop_to_send=5.7ms
[go2:sport] DRY cmd#375 seq=407 v=0.894 w=-0.496 dt=39.8ms policy_zmq_lag=0.6ms action_age=39.6ms scan_age=39.1ms scan_rx_age=16.5ms odom_age=9.3ms odom_rx_age=8.3ms sensor_skew=29.8ms loop_to_send=5.7ms
[go2:sport] DRY cmd#376 seq=408 v=0.894 w=-0.541 dt=40.5ms policy_zmq_lag=0.6ms action_age=40.0ms scan_age=39.4ms scan_rx_age=16.9ms odom_age=9.8ms odom_rx_age=9.0ms sensor_skew=29.6ms loop_to_send=6.1ms
[go2:sport] DRY cmd#377 seq=409 v=0.900 w=-0.661 dt=40.0ms policy_zmq_lag=0.6ms action_age=40.0ms scan_age=39.4ms scan_rx_age=16.8ms odom_age=9.8ms odom_rx_age=9.0ms sensor_skew=29.6ms loop_to_send=6.2ms
[go2:sport] DRY cmd#378 seq=410 v=0.898 w=-0.580 dt=39.2ms policy_zmq_lag=0.6ms action_age=39.4ms scan_age=38.8ms scan_rx_age=15.4ms odom_age=8.9ms odom_rx_age=8.2ms sensor_skew=29.9ms loop_to_send=5.4ms
[go2:sport] DRY cmd#379 seq=411 v=0.900 w=-0.701 dt=41.9ms policy_zmq_lag=0.8ms action_age=41.1ms scan_age=40.3ms scan_rx_age=18.4ms odom_age=10.7ms odom_rx_age=9.9ms sensor_skew=29.6ms loop_to_send=6.7ms
[go2:sport] DRY cmd#380 seq=412 v=0.894 w=-0.582 dt=38.8ms policy_zmq_lag=0.7ms action_age=40.2ms scan_age=39.5ms scan_rx_age=15.6ms odom_age=9.5ms odom_rx_age=8.7ms sensor_skew=30.0ms loop_to_send=5.9ms
[go2:sport] DRY cmd#381 seq=413 v=0.894 w=-0.504 dt=39.9ms policy_zmq_lag=0.8ms action_age=39.9ms scan_age=39.1ms scan_rx_age=16.1ms odom_age=9.5ms odom_rx_age=8.7ms sensor_skew=29.6ms loop_to_send=5.8ms
[go2:sport] DRY cmd#382 seq=414 v=0.900 w=-0.624 dt=39.8ms policy_zmq_lag=0.7ms action_age=39.8ms scan_age=39.1ms scan_rx_age=16.1ms odom_age=9.3ms odom_rx_age=8.5ms sensor_skew=29.8ms loop_to_send=5.6ms
[go2:sport] DRY cmd#383 seq=415 v=0.899 w=-0.503 dt=40.0ms policy_zmq_lag=0.8ms action_age=39.7ms scan_age=38.9ms scan_rx_age=14.5ms odom_age=9.3ms odom_rx_age=8.4ms sensor_skew=29.6ms loop_to_send=5.6ms
[go2:sport] DRY cmd#384 seq=416 v=0.900 w=-0.623 dt=40.0ms policy_zmq_lag=0.7ms action_age=39.8ms scan_age=39.1ms scan_rx_age=15.2ms odom_age=9.2ms odom_rx_age=8.4ms sensor_skew=29.9ms loop_to_send=5.6ms
[go2:sport] DRY cmd#385 seq=417 v=0.894 w=-0.509 dt=40.0ms policy_zmq_lag=0.8ms action_age=39.5ms scan_age=38.8ms scan_rx_age=13.7ms odom_age=9.3ms odom_rx_age=8.5ms sensor_skew=29.5ms loop_to_send=5.6ms
[go2:sport] DRY cmd#386 seq=418 v=0.894 w=-0.509 dt=40.0ms policy_zmq_lag=0.7ms action_age=39.7ms scan_age=39.0ms scan_rx_age=13.9ms odom_age=8.1ms odom_rx_age=7.2ms sensor_skew=30.8ms loop_to_send=5.7ms
[go2:sport] DRY cmd#387 seq=419 v=0.900 w=-0.629 dt=39.8ms policy_zmq_lag=0.7ms action_age=39.6ms scan_age=39.0ms scan_rx_age=16.7ms odom_age=9.2ms odom_rx_age=8.4ms sensor_skew=29.8ms loop_to_send=5.5ms
[go2:sport] DRY cmd#388 seq=420 v=0.898 w=-0.589 dt=40.2ms policy_zmq_lag=0.7ms action_age=39.8ms scan_age=39.0ms scan_rx_age=14.1ms odom_age=9.3ms odom_rx_age=8.4ms sensor_skew=29.7ms loop_to_send=5.7ms
[go2:sport] DRY cmd#389 seq=421 v=0.900 w=-0.709 dt=40.0ms policy_zmq_lag=0.7ms action_age=39.6ms scan_age=38.9ms scan_rx_age=15.5ms odom_age=9.1ms odom_rx_age=8.2ms sensor_skew=29.8ms loop_to_send=5.7ms
[go2:sport] DRY cmd#390 seq=422 v=0.894 w=-0.589 dt=40.1ms policy_zmq_lag=0.7ms action_age=39.9ms scan_age=39.2ms scan_rx_age=14.5ms odom_age=9.4ms odom_rx_age=8.6ms sensor_skew=29.8ms loop_to_send=5.7ms
[go2:sport] DRY cmd#391 seq=423 v=0.894 w=-0.500 dt=40.0ms policy_zmq_lag=0.8ms action_age=39.8ms scan_age=39.1ms scan_rx_age=14.9ms odom_age=9.4ms odom_rx_age=8.5ms sensor_skew=29.7ms loop_to_send=5.6ms
[go2:sport] DRY cmd#392 seq=424 v=0.900 w=-0.620 dt=39.9ms policy_zmq_lag=0.7ms action_age=39.7ms scan_age=39.0ms scan_rx_age=15.8ms odom_age=9.3ms odom_rx_age=8.5ms sensor_skew=29.7ms loop_to_send=5.6ms
[go2:sport] DRY cmd#393 seq=425 v=0.899 w=-0.500 dt=40.1ms policy_zmq_lag=0.8ms action_age=39.9ms scan_age=39.1ms scan_rx_age=13.8ms odom_age=9.3ms odom_rx_age=8.4ms sensor_skew=29.8ms loop_to_send=5.7ms
[go2:sport] DRY cmd#394 seq=426 v=0.900 w=-0.620 dt=39.7ms policy_zmq_lag=0.6ms action_age=39.5ms scan_age=38.9ms scan_rx_age=16.4ms odom_age=9.1ms odom_rx_age=8.3ms sensor_skew=29.8ms loop_to_send=5.6ms
[go2:sport] DRY cmd#395 seq=427 v=0.894 w=-0.500 dt=39.9ms policy_zmq_lag=0.6ms action_age=39.5ms scan_age=38.9ms scan_rx_age=16.0ms odom_age=9.2ms odom_rx_age=8.5ms sensor_skew=29.7ms loop_to_send=5.5ms
[go2:sport] DRY cmd#396 seq=428 v=0.895 w=-0.508 dt=39.9ms policy_zmq_lag=0.6ms action_age=39.3ms scan_age=38.7ms scan_rx_age=15.5ms odom_age=9.1ms odom_rx_age=8.4ms sensor_skew=29.6ms loop_to_send=5.4ms
[go2:sport] DRY cmd#397 seq=429 v=0.900 w=-0.628 dt=39.9ms policy_zmq_lag=0.6ms action_age=39.2ms scan_age=38.6ms scan_rx_age=15.8ms odom_age=8.9ms odom_rx_age=8.2ms sensor_skew=29.6ms loop_to_send=5.3ms
[go2:sport] DRY cmd#398 seq=430 v=0.895 w=-0.508 dt=40.1ms policy_zmq_lag=0.6ms action_age=40.1ms scan_age=39.5ms scan_rx_age=15.3ms odom_age=9.0ms odom_rx_age=8.2ms sensor_skew=30.5ms loop_to_send=5.3ms
[go2:sport] DRY cmd#399 seq=431 v=0.900 w=-0.628 dt=40.5ms policy_zmq_lag=0.7ms action_age=39.7ms scan_age=39.0ms scan_rx_age=16.5ms odom_age=8.5ms odom_rx_age=7.6ms sensor_skew=30.6ms loop_to_send=5.6ms
[go2:sport] DRY cmd#400 seq=432 v=0.894 w=-0.508 dt=40.3ms policy_zmq_lag=0.6ms action_age=39.9ms scan_age=39.3ms scan_rx_age=17.7ms odom_age=9.9ms odom_rx_age=9.1ms sensor_skew=29.4ms loop_to_send=6.1ms
[go2:sport] DRY cmd#401 seq=433 v=0.894 w=-0.502 dt=39.4ms policy_zmq_lag=0.7ms action_age=39.4ms scan_age=38.7ms scan_rx_age=15.8ms odom_age=9.2ms odom_rx_age=8.4ms sensor_skew=29.5ms loop_to_send=5.4ms
[go2:sport] DRY cmd#402 seq=434 v=0.900 w=-0.622 dt=40.0ms policy_zmq_lag=0.6ms action_age=39.5ms scan_age=38.9ms scan_rx_age=16.2ms odom_age=9.2ms odom_rx_age=8.5ms sensor_skew=29.7ms loop_to_send=5.4ms
[go2:sport] DRY cmd#403 seq=435 v=0.895 w=-0.518 dt=40.0ms policy_zmq_lag=0.6ms action_age=39.3ms scan_age=38.6ms scan_rx_age=15.6ms odom_age=9.2ms odom_rx_age=8.4ms sensor_skew=29.4ms loop_to_send=5.4ms
[go2:sport] DRY cmd#404 seq=436 v=0.900 w=-0.638 dt=40.6ms policy_zmq_lag=0.7ms action_age=40.1ms scan_age=39.4ms scan_rx_age=16.8ms odom_age=9.6ms odom_rx_age=8.7ms sensor_skew=29.8ms loop_to_send=6.0ms
[go2:sport] DRY cmd#405 seq=437 v=0.893 w=-0.536 dt=39.5ms policy_zmq_lag=0.6ms action_age=39.6ms scan_age=39.0ms scan_rx_age=16.0ms odom_age=9.4ms odom_rx_age=8.7ms sensor_skew=29.6ms loop_to_send=5.6ms
[go2:sport] DRY cmd#406 seq=438 v=0.894 w=-0.498 dt=40.0ms policy_zmq_lag=0.6ms action_age=39.7ms scan_age=39.1ms scan_rx_age=17.1ms odom_age=9.4ms odom_rx_age=8.7ms sensor_skew=29.7ms loop_to_send=5.6ms
[go2:sport] DRY cmd#407 seq=439 v=0.900 w=-0.618 dt=40.2ms policy_zmq_lag=0.7ms action_age=39.7ms scan_age=39.0ms scan_rx_age=16.8ms odom_age=9.5ms odom_rx_age=8.8ms sensor_skew=29.5ms loop_to_send=5.7ms
[go2:sport] DRY cmd#408 seq=440 v=0.895 w=-0.528 dt=39.8ms policy_zmq_lag=0.6ms action_age=39.5ms scan_age=38.8ms scan_rx_age=16.6ms odom_age=9.4ms odom_rx_age=8.6ms sensor_skew=29.4ms loop_to_send=5.6ms
[go2:sport] DRY cmd#409 seq=441 v=0.898 w=-0.548 dt=40.1ms policy_zmq_lag=0.7ms action_age=39.8ms scan_age=39.0ms scan_rx_age=15.7ms odom_age=9.5ms odom_rx_age=8.6ms sensor_skew=29.6ms loop_to_send=5.6ms
[go2:sport] DRY cmd#410 seq=442 v=0.894 w=-0.523 dt=39.6ms policy_zmq_lag=0.6ms action_age=38.5ms scan_age=37.9ms scan_rx_age=16.1ms odom_age=9.2ms odom_rx_age=8.5ms sensor_skew=28.7ms loop_to_send=5.4ms
[go2:sport] DRY cmd#411 seq=443 v=0.894 w=-0.496 dt=40.1ms policy_zmq_lag=0.6ms action_age=40.3ms scan_age=39.7ms scan_rx_age=16.2ms odom_age=9.2ms odom_rx_age=8.4ms sensor_skew=30.5ms loop_to_send=5.5ms
[go2:sport] DRY cmd#412 seq=444 v=0.900 w=-0.616 dt=39.9ms policy_zmq_lag=0.6ms action_age=39.4ms scan_age=38.8ms scan_rx_age=16.5ms odom_age=9.1ms odom_rx_age=8.4ms sensor_skew=29.7ms loop_to_send=5.4ms
[go2:sport] DRY cmd#413 seq=445 v=0.895 w=-0.496 dt=40.2ms policy_zmq_lag=0.7ms action_age=39.6ms scan_age=38.9ms scan_rx_age=16.8ms odom_age=9.4ms odom_rx_age=8.6ms sensor_skew=29.6ms loop_to_send=5.5ms
[go2:sport] DRY cmd#414 seq=446 v=0.894 w=-0.543 dt=40.0ms policy_zmq_lag=0.6ms action_age=39.5ms scan_age=38.9ms scan_rx_age=16.1ms odom_age=9.3ms odom_rx_age=8.6ms sensor_skew=29.5ms loop_to_send=5.5ms
[go2:sport] DRY cmd#415 seq=447 v=0.895 w=-0.511 dt=39.9ms policy_zmq_lag=0.7ms action_age=39.4ms scan_age=38.7ms scan_rx_age=16.3ms odom_age=9.1ms odom_rx_age=8.4ms sensor_skew=29.6ms loop_to_send=5.4ms
[go2:sport] DRY cmd#416 seq=448 v=0.895 w=-0.482 dt=40.1ms policy_zmq_lag=0.6ms action_age=40.4ms scan_age=39.7ms scan_rx_age=16.2ms odom_age=9.3ms odom_rx_age=8.5ms sensor_skew=30.4ms loop_to_send=5.4ms
[go2:sport] DRY cmd#417 seq=449 v=0.900 w=-0.602 dt=40.0ms policy_zmq_lag=0.7ms action_age=39.4ms scan_age=38.7ms scan_rx_age=16.6ms odom_age=9.2ms odom_rx_age=8.4ms sensor_skew=29.5ms loop_to_send=5.4ms
[go2:sport] DRY cmd#418 seq=450 v=0.895 w=-0.493 dt=40.5ms policy_zmq_lag=0.7ms action_age=39.9ms scan_age=39.1ms scan_rx_age=17.0ms odom_age=9.7ms odom_rx_age=8.8ms sensor_skew=29.5ms loop_to_send=5.8ms
[go2:sport] DRY cmd#419 seq=451 v=0.894 w=-0.559 dt=39.9ms policy_zmq_lag=0.7ms action_age=39.7ms scan_age=39.0ms scan_rx_age=16.0ms odom_age=22.9ms odom_rx_age=22.2ms sensor_skew=16.0ms loop_to_send=5.7ms
[go2:sport] DRY cmd#420 seq=452 v=0.900 w=-0.679 dt=39.8ms policy_zmq_lag=0.6ms action_age=39.0ms scan_age=38.3ms scan_rx_age=16.5ms odom_age=9.3ms odom_rx_age=8.4ms sensor_skew=29.1ms loop_to_send=5.6ms
[go2:sport] DRY cmd#421 seq=453 v=0.895 w=-0.559 dt=39.9ms policy_zmq_lag=0.6ms action_age=39.5ms scan_age=38.9ms scan_rx_age=16.2ms odom_age=9.5ms odom_rx_age=8.7ms sensor_skew=29.4ms loop_to_send=5.6ms
[go2:sport] DRY cmd#422 seq=454 v=0.900 w=-0.680 dt=39.9ms policy_zmq_lag=0.6ms action_age=39.4ms scan_age=38.8ms scan_rx_age=16.5ms odom_age=8.9ms odom_rx_age=8.0ms sensor_skew=29.9ms loop_to_send=5.5ms
[go2:sport] DRY cmd#423 seq=455 v=0.894 w=-0.560 dt=40.1ms policy_zmq_lag=0.6ms action_age=40.4ms scan_age=39.7ms scan_rx_age=16.9ms odom_age=9.4ms odom_rx_age=8.6ms sensor_skew=30.3ms loop_to_send=5.6ms
[go2:sport] DRY cmd#424 seq=456 v=0.894 w=-0.534 dt=39.9ms policy_zmq_lag=0.6ms action_age=39.6ms scan_age=39.0ms scan_rx_age=16.1ms odom_age=9.3ms odom_rx_age=8.4ms sensor_skew=29.6ms loop_to_send=5.6ms
[go2:sport] DRY cmd#425 seq=457 v=0.900 w=-0.654 dt=40.0ms policy_zmq_lag=0.6ms action_age=39.5ms scan_age=38.8ms scan_rx_age=16.5ms odom_age=9.4ms odom_rx_age=8.6ms sensor_skew=29.4ms loop_to_send=5.5ms
[go2:sport] DRY cmd#426 seq=458 v=0.894 w=-0.534 dt=40.0ms policy_zmq_lag=0.6ms action_age=39.6ms scan_age=39.0ms scan_rx_age=16.9ms odom_age=9.3ms odom_rx_age=8.0ms sensor_skew=29.7ms loop_to_send=5.5ms
[go2:sport] DRY cmd#427 seq=459 v=0.900 w=-0.654 dt=39.9ms policy_zmq_lag=0.6ms action_age=39.4ms scan_age=38.8ms scan_rx_age=17.5ms odom_age=9.3ms odom_rx_age=8.5ms sensor_skew=29.5ms loop_to_send=5.5ms
[go2:sport] DRY cmd#428 seq=460 v=0.894 w=-0.532 dt=41.0ms policy_zmq_lag=0.7ms action_age=40.3ms scan_age=39.6ms scan_rx_age=17.2ms odom_age=7.0ms odom_rx_age=6.1ms sensor_skew=32.6ms loop_to_send=5.6ms
[go2:sport] DRY cmd#429 seq=461 v=0.895 w=-0.505 dt=39.3ms policy_zmq_lag=0.7ms action_age=39.7ms scan_age=39.0ms scan_rx_age=13.8ms odom_age=9.4ms odom_rx_age=8.5ms sensor_skew=29.6ms loop_to_send=5.7ms
[go2:sport] DRY cmd#430 seq=462 v=0.900 w=-0.625 dt=39.9ms policy_zmq_lag=0.6ms action_age=39.6ms scan_age=39.0ms scan_rx_age=14.7ms odom_age=9.5ms odom_rx_age=8.6ms sensor_skew=29.5ms loop_to_send=5.7ms
[go2:sport] DRY cmd#431 seq=463 v=0.898 w=-0.604 dt=39.8ms policy_zmq_lag=0.6ms action_age=39.3ms scan_age=38.7ms scan_rx_age=17.2ms odom_age=9.4ms odom_rx_age=8.7ms sensor_skew=29.3ms loop_to_send=5.5ms
[go2:sport] DRY cmd#432 seq=464 v=0.900 w=-0.725 dt=40.6ms policy_zmq_lag=0.6ms action_age=40.0ms scan_age=39.4ms scan_rx_age=17.2ms odom_age=6.6ms odom_rx_age=5.9ms sensor_skew=32.7ms loop_to_send=5.5ms
[go2:sport] DRY cmd#433 seq=465 v=0.894 w=-0.607 dt=39.5ms policy_zmq_lag=0.6ms action_age=39.5ms scan_age=38.9ms scan_rx_age=16.8ms odom_age=9.4ms odom_rx_age=8.6ms sensor_skew=29.5ms loop_to_send=5.5ms
[go2:sport] DRY cmd#434 seq=466 v=0.894 w=-0.503 dt=39.9ms policy_zmq_lag=0.6ms action_age=39.3ms scan_age=38.7ms scan_rx_age=16.3ms odom_age=9.0ms odom_rx_age=8.2ms sensor_skew=29.7ms loop_to_send=5.5ms
[go2:sport] DRY cmd#435 seq=467 v=0.900 w=-0.623 dt=40.0ms policy_zmq_lag=0.6ms action_age=39.3ms scan_age=38.7ms scan_rx_age=16.3ms odom_age=9.4ms odom_rx_age=8.7ms sensor_skew=29.3ms loop_to_send=5.5ms
[go2:sport] DRY cmd#436 seq=468 v=0.900 w=-0.500 dt=41.7ms policy_zmq_lag=0.7ms action_age=41.0ms scan_age=40.3ms scan_rx_age=17.5ms odom_age=7.8ms odom_rx_age=6.7ms sensor_skew=32.6ms loop_to_send=6.1ms
[go2:sport] DRY cmd#437 seq=469 v=0.900 w=-0.617 dt=39.0ms policy_zmq_lag=0.7ms action_age=40.1ms scan_age=39.4ms scan_rx_age=16.6ms odom_age=10.1ms odom_rx_age=9.1ms sensor_skew=29.4ms loop_to_send=6.1ms
[go2:sport] DRY cmd#438 seq=470 v=0.894 w=-0.503 dt=40.2ms policy_zmq_lag=0.7ms action_age=40.4ms scan_age=39.7ms scan_rx_age=16.1ms odom_age=10.2ms odom_rx_age=9.2ms sensor_skew=29.6ms loop_to_send=6.3ms
[go2:sport] DRY cmd#439 seq=471 v=0.894 w=-0.511 dt=39.8ms policy_zmq_lag=0.7ms action_age=40.2ms scan_age=39.6ms scan_rx_age=15.8ms odom_age=9.7ms odom_rx_age=8.7ms sensor_skew=29.9ms loop_to_send=6.1ms
[go2:sport] DRY cmd#440 seq=472 v=0.900 w=-0.631 dt=40.1ms policy_zmq_lag=0.7ms action_age=39.8ms scan_age=39.1ms scan_rx_age=17.2ms odom_age=10.1ms odom_rx_age=9.2ms sensor_skew=29.0ms loop_to_send=6.2ms
[go2:sport] DRY cmd#441 seq=473 v=0.898 w=-0.609 dt=40.5ms policy_zmq_lag=0.7ms action_age=40.8ms scan_age=40.2ms scan_rx_age=17.0ms odom_age=7.4ms odom_rx_age=6.5ms sensor_skew=32.8ms loop_to_send=6.0ms
[go2:sport] DRY cmd#442 seq=474 v=0.900 w=-0.726 dt=39.1ms policy_zmq_lag=0.7ms action_age=40.0ms scan_age=39.3ms scan_rx_age=16.4ms odom_age=9.7ms odom_rx_age=8.9ms sensor_skew=29.6ms loop_to_send=5.8ms
[go2:sport] DRY cmd#443 seq=475 v=0.894 w=-0.604 dt=41.3ms policy_zmq_lag=0.7ms action_age=41.1ms scan_age=40.4ms scan_rx_age=17.4ms odom_age=7.7ms odom_rx_age=6.8ms sensor_skew=32.7ms loop_to_send=6.2ms
[go2:sport] DRY cmd#444 seq=476 v=0.894 w=-0.504 dt=39.1ms policy_zmq_lag=0.7ms action_age=40.3ms scan_age=39.6ms scan_rx_age=15.8ms odom_age=10.1ms odom_rx_age=9.1ms sensor_skew=29.6ms loop_to_send=6.2ms
[go2:sport] DRY cmd#445 seq=477 v=0.900 w=-0.624 dt=39.9ms policy_zmq_lag=0.7ms action_age=40.0ms scan_age=39.3ms scan_rx_age=16.7ms odom_age=9.9ms odom_rx_age=8.9ms sensor_skew=29.4ms loop_to_send=6.0ms
[go2:sport] DRY cmd#446 seq=478 v=0.899 w=-0.503 dt=40.3ms policy_zmq_lag=0.6ms action_age=40.2ms scan_age=39.5ms scan_rx_age=15.8ms odom_age=10.1ms odom_rx_age=9.0ms sensor_skew=29.5ms loop_to_send=6.2ms
[go2:sport] DRY cmd#447 seq=479 v=0.900 w=-0.623 dt=39.8ms policy_zmq_lag=0.7ms action_age=40.1ms scan_age=39.4ms scan_rx_age=16.8ms odom_age=10.0ms odom_rx_age=9.0ms sensor_skew=29.4ms loop_to_send=6.1ms
[go2:sport] DRY cmd#448 seq=480 v=0.894 w=-0.504 dt=39.7ms policy_zmq_lag=0.7ms action_age=40.6ms scan_age=40.0ms scan_rx_age=15.5ms odom_age=9.8ms odom_rx_age=9.0ms sensor_skew=30.1ms loop_to_send=5.9ms
[go2:sport] DRY cmd#449 seq=481 v=0.895 w=-0.516 dt=39.9ms policy_zmq_lag=0.6ms action_age=39.9ms scan_age=39.3ms scan_rx_age=15.5ms odom_age=9.8ms odom_rx_age=9.0ms sensor_skew=29.5ms loop_to_send=5.8ms
[go2:sport] DRY cmd#450 seq=482 v=0.900 w=-0.638 dt=40.5ms policy_zmq_lag=0.7ms action_age=40.3ms scan_age=39.6ms scan_rx_age=17.0ms odom_age=6.9ms odom_rx_age=6.0ms sensor_skew=32.7ms loop_to_send=5.5ms
[go2:sport] DRY cmd#451 seq=483 v=0.895 w=-0.521 dt=39.5ms policy_zmq_lag=0.7ms action_age=39.7ms scan_age=39.0ms scan_rx_age=16.5ms odom_age=9.6ms odom_rx_age=8.8ms sensor_skew=29.4ms loop_to_send=5.7ms
[go2:sport] DRY cmd#452 seq=484 v=0.900 w=-0.643 dt=40.6ms policy_zmq_lag=0.7ms action_age=40.4ms scan_age=39.7ms scan_rx_age=16.9ms odom_age=7.0ms odom_rx_age=6.1ms sensor_skew=32.7ms loop_to_send=5.6ms
[go2:sport] DRY cmd#453 seq=485 v=0.895 w=-0.523 dt=40.1ms policy_zmq_lag=0.8ms action_age=40.3ms scan_age=39.6ms scan_rx_age=14.7ms odom_age=7.1ms odom_rx_age=6.3ms sensor_skew=32.5ms loop_to_send=5.7ms
[go2:sport] DRY cmd#454 seq=486 v=0.895 w=-0.505 dt=39.9ms policy_zmq_lag=0.7ms action_age=40.4ms scan_age=39.7ms scan_rx_age=17.2ms odom_age=7.0ms odom_rx_age=6.2ms sensor_skew=32.7ms loop_to_send=5.7ms
[go2:sport] DRY cmd#455 seq=487 v=0.900 w=-0.624 dt=39.5ms policy_zmq_lag=0.6ms action_age=40.0ms scan_age=39.3ms scan_rx_age=16.7ms odom_age=6.7ms odom_rx_age=6.0ms sensor_skew=32.6ms loop_to_send=5.5ms
[go2:sport] DRY cmd#456 seq=488 v=0.895 w=-0.513 dt=40.9ms policy_zmq_lag=0.7ms action_age=40.7ms scan_age=40.0ms scan_rx_age=17.0ms odom_age=7.6ms odom_rx_age=6.9ms sensor_skew=32.4ms loop_to_send=6.4ms
[go2:sport] DRY cmd#457 seq=489 v=0.900 w=-0.633 dt=39.4ms policy_zmq_lag=0.6ms action_age=40.2ms scan_age=39.6ms scan_rx_age=16.9ms odom_age=7.0ms odom_rx_age=6.3ms sensor_skew=32.6ms loop_to_send=5.8ms
[go2:sport] DRY cmd#458 seq=490 v=0.893 w=-0.514 dt=39.8ms policy_zmq_lag=0.6ms action_age=40.1ms scan_age=39.5ms scan_rx_age=17.3ms odom_age=6.8ms odom_rx_age=6.1ms sensor_skew=32.7ms loop_to_send=5.6ms
[go2:sport] DRY cmd#459 seq=491 v=0.895 w=-0.510 dt=40.1ms policy_zmq_lag=0.7ms action_age=40.2ms scan_age=39.5ms scan_rx_age=15.9ms odom_age=6.8ms odom_rx_age=6.1ms sensor_skew=32.7ms loop_to_send=5.6ms
[go2:sport] DRY cmd#460 seq=492 v=0.900 w=-0.628 dt=39.6ms policy_zmq_lag=0.8ms action_age=39.9ms scan_age=39.1ms scan_rx_age=16.1ms odom_age=9.7ms odom_rx_age=8.8ms sensor_skew=29.4ms loop_to_send=5.7ms
[go2:sport] DRY cmd#461 seq=493 v=0.895 w=-0.508 dt=40.0ms policy_zmq_lag=0.6ms action_age=39.8ms scan_age=39.2ms scan_rx_age=15.5ms odom_age=9.8ms odom_rx_age=9.0ms sensor_skew=29.3ms loop_to_send=5.7ms
[go2:sport] DRY cmd#462 seq=494 v=0.894 w=-0.530 dt=40.1ms policy_zmq_lag=0.6ms action_age=39.9ms scan_age=39.3ms scan_rx_age=16.5ms odom_age=6.7ms odom_rx_age=5.9ms sensor_skew=32.7ms loop_to_send=5.5ms
[go2:sport] DRY cmd#463 seq=495 v=0.894 w=-0.536 dt=40.3ms policy_zmq_lag=0.7ms action_age=40.2ms scan_age=39.6ms scan_rx_age=16.8ms odom_age=6.9ms odom_rx_age=6.1ms sensor_skew=32.7ms loop_to_send=5.7ms
[go2:sport] DRY cmd#464 seq=496 v=0.894 w=-0.509 dt=40.3ms policy_zmq_lag=0.7ms action_age=40.4ms scan_age=39.6ms scan_rx_age=16.3ms odom_age=7.2ms odom_rx_age=6.3ms sensor_skew=32.5ms loop_to_send=5.7ms
[go2:sport] DRY cmd#465 seq=497 v=0.900 w=-0.628 dt=39.6ms policy_zmq_lag=0.7ms action_age=40.1ms scan_age=39.3ms scan_rx_age=16.2ms odom_age=6.8ms odom_rx_age=6.0ms sensor_skew=32.5ms loop_to_send=5.5ms
[go2:sport] DRY cmd#466 seq=498 v=0.895 w=-0.508 dt=40.2ms policy_zmq_lag=0.7ms action_age=40.2ms scan_age=39.5ms scan_rx_age=14.6ms odom_age=7.0ms odom_rx_age=6.2ms sensor_skew=32.5ms loop_to_send=5.6ms
[go2:sport] DRY cmd#467 seq=499 v=0.894 w=-0.537 dt=40.5ms policy_zmq_lag=1.4ms action_age=40.8ms scan_age=39.4ms scan_rx_age=16.0ms odom_age=6.9ms odom_rx_age=6.2ms sensor_skew=32.5ms loop_to_send=5.7ms
[go2:sport] DRY cmd#468 seq=500 v=0.898 w=-0.593 dt=39.4ms policy_zmq_lag=0.7ms action_age=40.1ms scan_age=39.4ms scan_rx_age=16.9ms odom_age=7.1ms odom_rx_age=6.2ms sensor_skew=32.4ms loop_to_send=5.8ms
[go2:sport] DRY cmd#469 seq=501 v=0.895 w=-0.511 dt=39.9ms policy_zmq_lag=0.7ms action_age=40.5ms scan_age=39.8ms scan_rx_age=16.4ms odom_age=7.0ms odom_rx_age=6.2ms sensor_skew=32.8ms loop_to_send=5.7ms
[go2:sport] DRY cmd#470 seq=502 v=0.900 w=-0.631 dt=39.7ms policy_zmq_lag=0.7ms action_age=39.9ms scan_age=39.3ms scan_rx_age=17.2ms odom_age=6.7ms odom_rx_age=6.0ms sensor_skew=32.6ms loop_to_send=5.6ms
[go2:sport] DRY cmd#471 seq=503 v=0.894 w=-0.511 dt=40.1ms policy_zmq_lag=0.6ms action_age=40.0ms scan_age=39.4ms scan_rx_age=16.5ms odom_age=6.8ms odom_rx_age=6.1ms sensor_skew=32.6ms loop_to_send=5.6ms
[go2:sport] DRY cmd#472 seq=504 v=0.894 w=-0.557 dt=39.8ms policy_zmq_lag=0.6ms action_age=39.9ms scan_age=39.2ms scan_rx_age=17.6ms odom_age=6.7ms odom_rx_age=6.0ms sensor_skew=32.5ms loop_to_send=5.6ms
[go2:sport] DRY cmd#473 seq=505 v=0.900 w=-0.677 dt=40.0ms policy_zmq_lag=0.6ms action_age=40.7ms scan_age=40.1ms scan_rx_age=17.7ms odom_age=6.7ms odom_rx_age=5.9ms sensor_skew=33.4ms loop_to_send=5.5ms
[go2:sport] DRY cmd#474 seq=506 v=0.898 w=-0.582 dt=40.2ms policy_zmq_lag=0.7ms action_age=40.2ms scan_age=39.5ms scan_rx_age=16.1ms odom_age=6.9ms odom_rx_age=6.1ms sensor_skew=32.6ms loop_to_send=5.6ms
[go2:sport] DRY cmd#475 seq=507 v=0.900 w=-0.701 dt=40.0ms policy_zmq_lag=0.6ms action_age=40.2ms scan_age=39.6ms scan_rx_age=13.5ms odom_age=7.0ms odom_rx_age=6.3ms sensor_skew=32.6ms loop_to_send=5.8ms
[go2:sport] DRY cmd#476 seq=508 v=0.894 w=-0.581 dt=39.8ms policy_zmq_lag=0.6ms action_age=39.9ms scan_age=39.3ms scan_rx_age=16.3ms odom_age=6.8ms odom_rx_age=6.1ms sensor_skew=32.6ms loop_to_send=5.6ms
[go2:sport] DRY cmd#477 seq=509 v=0.894 w=-0.492 dt=40.1ms policy_zmq_lag=0.6ms action_age=39.9ms scan_age=39.3ms scan_rx_age=16.6ms odom_age=6.8ms odom_rx_age=6.0ms sensor_skew=32.5ms loop_to_send=5.6ms
[go2:sport] DRY cmd#478 seq=510 v=0.900 w=-0.612 dt=39.9ms policy_zmq_lag=0.6ms action_age=39.8ms scan_age=39.3ms scan_rx_age=16.6ms odom_age=6.7ms odom_rx_age=6.0ms sensor_skew=32.5ms loop_to_send=5.5ms
[go2:sport] DRY cmd#479 seq=511 v=0.896 w=-0.493 dt=39.7ms policy_zmq_lag=0.6ms action_age=39.4ms scan_age=38.8ms scan_rx_age=14.8ms odom_age=9.6ms odom_rx_age=8.9ms sensor_skew=29.2ms loop_to_send=5.6ms
[go2:sport] DRY cmd#480 seq=512 v=0.900 w=-0.613 dt=40.2ms policy_zmq_lag=0.6ms action_age=39.7ms scan_age=39.1ms scan_rx_age=14.6ms odom_age=9.8ms odom_rx_age=8.9ms sensor_skew=29.3ms loop_to_send=5.7ms
[go2:sport] DRY cmd#481 seq=513 v=0.895 w=-0.497 dt=40.5ms policy_zmq_lag=0.6ms action_age=40.2ms scan_age=39.6ms scan_rx_age=16.6ms odom_age=7.1ms odom_rx_age=6.3ms sensor_skew=32.5ms loop_to_send=5.7ms
[go2:sport] DRY cmd#482 seq=514 v=0.895 w=-0.499 dt=40.7ms policy_zmq_lag=0.6ms action_age=40.8ms scan_age=40.1ms scan_rx_age=17.4ms odom_age=7.7ms odom_rx_age=6.8ms sensor_skew=32.5ms loop_to_send=6.3ms
[go2:sport] DRY cmd#483 seq=515 v=0.900 w=-0.619 dt=39.9ms policy_zmq_lag=0.6ms action_age=40.8ms scan_age=40.2ms scan_rx_age=17.3ms odom_age=7.6ms odom_rx_age=6.8ms sensor_skew=32.6ms loop_to_send=6.3ms
[go2:sport] DRY cmd#484 seq=516 v=0.898 w=-0.574 dt=40.4ms policy_zmq_lag=0.7ms action_age=41.2ms scan_age=40.5ms scan_rx_age=17.3ms odom_age=7.9ms odom_rx_age=7.1ms sensor_skew=32.5ms loop_to_send=6.5ms
[go2:sport] DRY cmd#485 seq=517 v=0.900 w=-0.694 dt=40.4ms policy_zmq_lag=0.7ms action_age=41.6ms scan_age=40.9ms scan_rx_age=16.2ms odom_age=8.4ms odom_rx_age=7.5ms sensor_skew=32.5ms loop_to_send=6.9ms
[go2:sport] DRY cmd#486 seq=518 v=0.894 w=-0.575 dt=38.7ms policy_zmq_lag=0.6ms action_age=40.3ms scan_age=39.7ms scan_rx_age=13.6ms odom_age=10.1ms odom_rx_age=9.0ms sensor_skew=29.5ms loop_to_send=6.2ms
[go2:sport] DRY cmd#487 seq=519 v=0.894 w=-0.506 dt=39.9ms policy_zmq_lag=0.6ms action_age=40.2ms scan_age=39.6ms scan_rx_age=16.1ms odom_age=7.0ms odom_rx_age=6.3ms sensor_skew=32.6ms loop_to_send=5.8ms
[go2:sport] DRY cmd#488 seq=520 v=0.900 w=-0.625 dt=39.6ms policy_zmq_lag=0.6ms action_age=39.7ms scan_age=39.2ms scan_rx_age=16.9ms odom_age=6.8ms odom_rx_age=6.1ms sensor_skew=32.4ms loop_to_send=5.6ms
[go2:sport] DRY cmd#489 seq=521 v=0.899 w=-0.504 dt=40.7ms policy_zmq_lag=0.7ms action_age=40.5ms scan_age=39.8ms scan_rx_age=16.6ms odom_age=7.3ms odom_rx_age=6.5ms sensor_skew=32.5ms loop_to_send=6.0ms
[go2:sport] DRY cmd#490 seq=522 v=0.900 w=-0.624 dt=39.6ms policy_zmq_lag=0.7ms action_age=40.1ms scan_age=39.5ms scan_rx_age=14.6ms odom_age=6.9ms odom_rx_age=6.1ms sensor_skew=32.6ms loop_to_send=5.5ms
[go2:sport] DRY cmd#491 seq=523 v=0.895 w=-0.517 dt=40.7ms policy_zmq_lag=0.6ms action_age=40.9ms scan_age=40.2ms scan_rx_age=15.2ms odom_age=7.6ms odom_rx_age=6.7ms sensor_skew=32.6ms loop_to_send=6.2ms
[go2:sport] DRY cmd#492 seq=524 v=0.894 w=-0.501 dt=39.7ms policy_zmq_lag=0.6ms action_age=40.5ms scan_age=39.9ms scan_rx_age=15.7ms odom_age=7.3ms odom_rx_age=6.5ms sensor_skew=32.5ms loop_to_send=6.0ms
[go2:sport] DRY cmd#493 seq=525 v=0.900 w=-0.622 dt=40.7ms policy_zmq_lag=0.7ms action_age=41.0ms scan_age=40.3ms scan_rx_age=17.7ms odom_age=11.1ms odom_rx_age=10.1ms sensor_skew=29.2ms loop_to_send=6.3ms
[go2:sport] DRY cmd#494 seq=526 v=0.895 w=-0.513 dt=39.6ms policy_zmq_lag=0.6ms action_age=40.9ms scan_age=40.3ms scan_rx_age=16.8ms odom_age=7.6ms odom_rx_age=6.7ms sensor_skew=32.7ms loop_to_send=6.2ms
[go2:sport] DRY cmd#495 seq=527 v=0.900 w=-0.633 dt=40.1ms policy_zmq_lag=0.7ms action_age=40.9ms scan_age=40.2ms scan_rx_age=17.2ms odom_age=7.7ms odom_rx_age=6.8ms sensor_skew=32.5ms loop_to_send=6.2ms
[go2:sport] DRY cmd#496 seq=528 v=0.895 w=-0.513 dt=40.0ms policy_zmq_lag=0.7ms action_age=41.0ms scan_age=40.3ms scan_rx_age=16.6ms odom_age=7.7ms odom_rx_age=6.8ms sensor_skew=32.6ms loop_to_send=6.3ms
[go2:sport] DRY cmd#497 seq=529 v=0.895 w=-0.499 dt=40.6ms policy_zmq_lag=0.7ms action_age=41.5ms scan_age=40.8ms scan_rx_age=17.4ms odom_age=8.3ms odom_rx_age=7.4ms sensor_skew=32.5ms loop_to_send=6.8ms
[go2:sport] DRY cmd#498 seq=530 v=0.900 w=-0.619 dt=41.7ms policy_zmq_lag=1.1ms action_age=43.9ms scan_age=42.9ms scan_rx_age=19.3ms odom_age=9.6ms odom_rx_age=8.8ms sensor_skew=33.2ms loop_to_send=8.2ms
[go2:sport] DRY cmd#499 seq=531 v=0.896 w=-0.498 dt=38.7ms policy_zmq_lag=0.6ms action_age=41.8ms scan_age=41.1ms scan_rx_age=13.1ms odom_age=11.0ms odom_rx_age=9.6ms sensor_skew=30.2ms loop_to_send=7.0ms
[go2:sport] DRY cmd#500 seq=532 v=0.900 w=-0.616 dt=39.2ms policy_zmq_lag=0.6ms action_age=41.0ms scan_age=40.3ms scan_rx_age=17.2ms odom_age=7.9ms odom_rx_age=7.1ms sensor_skew=32.4ms loop_to_send=6.6ms
[go2:sport] DRY cmd#501 seq=533 v=0.894 w=-0.549 dt=39.2ms policy_zmq_lag=0.6ms action_age=40.1ms scan_age=39.5ms scan_rx_age=16.4ms odom_age=7.1ms odom_rx_age=6.4ms sensor_skew=32.3ms loop_to_send=5.9ms
[go2:sport] DRY cmd#502 seq=534 v=0.895 w=-0.502 dt=40.5ms policy_zmq_lag=0.7ms action_age=40.9ms scan_age=40.2ms scan_rx_age=16.5ms odom_age=27.5ms odom_rx_age=25.9ms sensor_skew=12.7ms loop_to_send=6.4ms
[go2:sport] DRY cmd#503 seq=535 v=0.900 w=-0.622 dt=39.6ms policy_zmq_lag=0.6ms action_age=40.2ms scan_age=39.6ms scan_rx_age=16.6ms odom_age=10.2ms odom_rx_age=9.0ms sensor_skew=29.4ms loop_to_send=6.1ms
[go2:sport] DRY cmd#504 seq=536 v=0.895 w=-0.500 dt=40.6ms policy_zmq_lag=0.6ms action_age=40.9ms scan_age=40.3ms scan_rx_age=18.3ms odom_age=7.8ms odom_rx_age=6.8ms sensor_skew=32.5ms loop_to_send=6.2ms
[go2:sport] DRY cmd#505 seq=537 v=0.895 w=-0.505 dt=39.1ms policy_zmq_lag=0.7ms action_age=40.1ms scan_age=39.4ms scan_rx_age=16.7ms odom_age=6.9ms odom_rx_age=6.1ms sensor_skew=32.5ms loop_to_send=5.6ms
[go2:sport] DRY cmd#506 seq=538 v=0.894 w=-0.552 dt=39.9ms policy_zmq_lag=0.6ms action_age=40.0ms scan_age=39.3ms scan_rx_age=16.0ms odom_age=6.9ms odom_rx_age=6.2ms sensor_skew=32.4ms loop_to_send=5.8ms
[go2:sport] DRY cmd#507 seq=539 v=0.894 w=-0.499 dt=40.0ms policy_zmq_lag=0.6ms action_age=40.7ms scan_age=40.1ms scan_rx_age=16.6ms odom_age=6.9ms odom_rx_age=6.1ms sensor_skew=33.2ms loop_to_send=5.6ms
[go2:sport] DRY cmd#508 seq=540 v=0.900 w=-0.619 dt=40.1ms policy_zmq_lag=0.6ms action_age=40.0ms scan_age=39.4ms scan_rx_age=17.4ms odom_age=6.9ms odom_rx_age=6.1ms sensor_skew=32.4ms loop_to_send=5.6ms
[go2:sport] DRY cmd#509 seq=541 v=0.894 w=-0.499 dt=40.2ms policy_zmq_lag=0.7ms action_age=40.1ms scan_age=39.5ms scan_rx_age=15.0ms odom_age=7.0ms odom_rx_age=6.2ms sensor_skew=32.4ms loop_to_send=5.7ms
[go2:sport] DRY cmd#510 seq=542 v=0.899 w=-0.618 dt=39.9ms policy_zmq_lag=0.6ms action_age=40.1ms scan_age=39.5ms scan_rx_age=14.5ms odom_age=7.1ms odom_rx_age=6.3ms sensor_skew=32.4ms loop_to_send=5.8ms
[go2:sport] DRY cmd#511 seq=543 v=0.898 w=-0.585 dt=40.2ms policy_zmq_lag=0.8ms action_age=40.2ms scan_age=39.3ms scan_rx_age=16.6ms odom_age=7.0ms odom_rx_age=6.1ms sensor_skew=32.3ms loop_to_send=5.6ms
[go2:sport] DRY cmd#512 seq=544 v=0.894 w=-0.501 dt=39.3ms policy_zmq_lag=0.6ms action_age=39.5ms scan_age=38.8ms scan_rx_age=16.1ms odom_age=6.6ms odom_rx_age=5.9ms sensor_skew=32.2ms loop_to_send=5.4ms
[go2:sport] DRY cmd#513 seq=545 v=0.900 w=-0.621 dt=40.0ms policy_zmq_lag=0.6ms action_age=39.5ms scan_age=38.9ms scan_rx_age=16.5ms odom_age=6.6ms odom_rx_age=5.9ms sensor_skew=32.2ms loop_to_send=5.5ms
[go2:sport] DRY cmd#514 seq=546 v=0.895 w=-0.501 dt=40.1ms policy_zmq_lag=0.6ms action_age=39.6ms scan_age=39.0ms scan_rx_age=16.9ms odom_age=6.7ms odom_rx_age=5.9ms sensor_skew=32.4ms loop_to_send=5.4ms
[go2:sport] DRY cmd#515 seq=547 v=0.894 w=-0.532 dt=40.4ms policy_zmq_lag=0.6ms action_age=40.1ms scan_age=39.5ms scan_rx_age=16.8ms odom_age=7.0ms odom_rx_age=6.2ms sensor_skew=32.5ms loop_to_send=5.7ms
[go2:sport] DRY cmd#516 seq=548 v=0.898 w=-0.412 dt=39.8ms policy_zmq_lag=0.6ms action_age=40.0ms scan_age=39.4ms scan_rx_age=16.7ms odom_age=6.8ms odom_rx_age=6.0ms sensor_skew=32.6ms loop_to_send=5.6ms
[go2:sport] DRY cmd#517 seq=549 v=0.895 w=-0.502 dt=39.9ms policy_zmq_lag=0.6ms action_age=39.7ms scan_age=39.2ms scan_rx_age=16.5ms odom_age=6.8ms odom_rx_age=6.0ms sensor_skew=32.4ms loop_to_send=5.5ms
[go2:sport] DRY cmd#518 seq=550 v=0.900 w=-0.622 dt=40.0ms policy_zmq_lag=0.6ms action_age=39.8ms scan_age=39.2ms scan_rx_age=16.6ms odom_age=6.8ms odom_rx_age=6.0ms sensor_skew=32.4ms loop_to_send=5.6ms
[go2:sport] DRY cmd#519 seq=551 v=0.894 w=-0.506 dt=41.1ms policy_zmq_lag=0.6ms action_age=40.9ms scan_age=40.3ms scan_rx_age=17.2ms odom_age=11.2ms odom_rx_age=10.2ms sensor_skew=29.1ms loop_to_send=6.9ms
[go2:sport] DRY cmd#520 seq=552 v=0.895 w=-0.497 dt=39.0ms policy_zmq_lag=0.6ms action_age=39.7ms scan_age=39.1ms scan_rx_age=16.0ms odom_age=6.8ms odom_rx_age=5.9ms sensor_skew=32.3ms loop_to_send=5.5ms
[go2:sport] DRY cmd#521 seq=553 v=0.898 w=-0.569 dt=40.1ms policy_zmq_lag=0.6ms action_age=39.9ms scan_age=39.3ms scan_rx_age=15.9ms odom_age=6.9ms odom_rx_age=6.2ms sensor_skew=32.4ms loop_to_send=5.7ms
[go2:sport] DRY cmd#522 seq=554 v=0.895 w=-0.490 dt=40.3ms policy_zmq_lag=0.6ms action_age=40.2ms scan_age=39.6ms scan_rx_age=14.4ms odom_age=7.1ms odom_rx_age=6.2ms sensor_skew=32.5ms loop_to_send=5.7ms
[go2:sport] DRY cmd#523 seq=555 v=0.900 w=-0.609 dt=39.6ms policy_zmq_lag=0.6ms action_age=40.6ms scan_age=40.0ms scan_rx_age=16.6ms odom_age=6.8ms odom_rx_age=6.1ms sensor_skew=33.2ms loop_to_send=5.6ms
[go2:sport] DRY cmd#524 seq=556 v=0.894 w=-0.496 dt=40.2ms policy_zmq_lag=0.6ms action_age=39.9ms scan_age=39.4ms scan_rx_age=16.6ms odom_age=7.0ms odom_rx_age=6.2ms sensor_skew=32.4ms loop_to_send=5.7ms
[go2:sport] DRY cmd#525 seq=557 v=0.894 w=-0.557 dt=40.0ms policy_zmq_lag=0.6ms action_age=40.0ms scan_age=39.3ms scan_rx_age=17.7ms odom_age=7.0ms odom_rx_age=6.1ms sensor_skew=32.4ms loop_to_send=5.6ms
[go2:sport] DRY cmd#526 seq=558 v=0.900 w=-0.677 dt=40.0ms policy_zmq_lag=0.6ms action_age=39.9ms scan_age=39.3ms scan_rx_age=15.1ms odom_age=7.0ms odom_rx_age=6.1ms sensor_skew=32.3ms loop_to_send=5.6ms
[go2:sport] DRY cmd#527 seq=559 v=0.898 w=-0.579 dt=40.2ms policy_zmq_lag=0.7ms action_age=40.0ms scan_age=39.3ms scan_rx_age=15.3ms odom_age=7.0ms odom_rx_age=6.2ms sensor_skew=32.3ms loop_to_send=5.8ms
[go2:sport] DRY cmd#528 seq=560 v=0.900 w=-0.699 dt=39.5ms policy_zmq_lag=0.5ms action_age=39.4ms scan_age=38.9ms scan_rx_age=17.4ms odom_age=6.7ms odom_rx_age=6.0ms sensor_skew=32.1ms loop_to_send=5.5ms
[go2:sport] DRY cmd#529 seq=561 v=0.894 w=-0.578 dt=40.2ms policy_zmq_lag=0.5ms action_age=39.8ms scan_age=39.3ms scan_rx_age=15.1ms odom_age=6.9ms odom_rx_age=6.1ms sensor_skew=32.4ms loop_to_send=5.6ms
[go2:sport] DRY cmd#530 seq=562 v=0.894 w=-0.500 dt=40.1ms policy_zmq_lag=0.6ms action_age=39.9ms scan_age=39.4ms scan_rx_age=15.8ms odom_age=7.0ms odom_rx_age=6.2ms sensor_skew=32.4ms loop_to_send=5.7ms
[go2:sport] DRY cmd#531 seq=563 v=0.900 w=-0.619 dt=39.9ms policy_zmq_lag=0.6ms action_age=39.8ms scan_age=39.2ms scan_rx_age=16.3ms odom_age=10.0ms odom_rx_age=9.1ms sensor_skew=29.2ms loop_to_send=5.8ms
[go2:sport] DRY cmd#532 seq=564 v=0.899 w=-0.498 dt=40.1ms policy_zmq_lag=0.6ms action_age=39.9ms scan_age=39.3ms scan_rx_age=15.0ms odom_age=6.9ms odom_rx_age=6.0ms sensor_skew=32.4ms loop_to_send=5.5ms
[go2:sport] DRY cmd#533 seq=565 v=0.900 w=-0.618 dt=39.9ms policy_zmq_lag=0.6ms action_age=39.7ms scan_age=39.1ms scan_rx_age=16.6ms odom_age=6.8ms odom_rx_age=6.0ms sensor_skew=32.3ms loop_to_send=5.6ms
[go2:sport] DRY cmd#534 seq=566 v=0.894 w=-0.510 dt=40.5ms policy_zmq_lag=0.7ms action_age=40.1ms scan_age=39.5ms scan_rx_age=16.4ms odom_age=7.3ms odom_rx_age=6.5ms sensor_skew=32.2ms loop_to_send=5.9ms
[go2:sport] DRY cmd#535 seq=567 v=0.894 w=-0.506 dt=39.3ms policy_zmq_lag=0.6ms action_age=39.4ms scan_age=38.9ms scan_rx_age=16.3ms odom_age=6.6ms odom_rx_age=5.9ms sensor_skew=32.2ms loop_to_send=5.5ms
[go2:sport] DRY cmd#536 seq=568 v=0.900 w=-0.626 dt=40.0ms policy_zmq_lag=0.6ms action_age=39.5ms scan_age=38.9ms scan_rx_age=15.7ms odom_age=9.9ms odom_rx_age=9.2ms sensor_skew=29.0ms loop_to_send=5.5ms
[go2:sport] DRY cmd#537 seq=569 v=0.898 w=-0.567 dt=40.3ms policy_zmq_lag=0.6ms action_age=39.8ms scan_age=39.2ms scan_rx_age=15.1ms odom_age=7.0ms odom_rx_age=6.2ms sensor_skew=32.2ms loop_to_send=5.7ms
[go2:sport] DRY cmd#538 seq=570 v=0.900 w=-0.687 dt=39.9ms policy_zmq_lag=0.6ms action_age=39.7ms scan_age=39.1ms scan_rx_age=15.1ms odom_age=6.9ms odom_rx_age=6.1ms sensor_skew=32.2ms loop_to_send=5.6ms
[go2:sport] DRY cmd#539 seq=571 v=0.894 w=-0.567 dt=40.2ms policy_zmq_lag=0.6ms action_age=39.9ms scan_age=39.3ms scan_rx_age=15.4ms odom_age=7.0ms odom_rx_age=6.2ms sensor_skew=32.3ms loop_to_send=5.6ms
[go2:sport] DRY cmd#540 seq=572 v=0.894 w=-0.506 dt=39.9ms policy_zmq_lag=0.6ms action_age=39.7ms scan_age=39.1ms scan_rx_age=14.7ms odom_age=6.9ms odom_rx_age=6.2ms sensor_skew=32.1ms loop_to_send=5.6ms
[go2:sport] DRY cmd#541 seq=573 v=0.900 w=-0.626 dt=40.3ms policy_zmq_lag=0.8ms action_age=40.0ms scan_age=39.3ms scan_rx_age=14.9ms odom_age=7.0ms odom_rx_age=6.2ms sensor_skew=32.3ms loop_to_send=5.7ms
[go2:sport] DRY cmd#542 seq=574 v=0.899 w=-0.505 dt=40.8ms policy_zmq_lag=0.6ms action_age=41.0ms scan_age=40.4ms scan_rx_age=16.2ms odom_age=7.9ms odom_rx_age=6.8ms sensor_skew=32.5ms loop_to_send=6.1ms
[go2:sport] DRY cmd#543 seq=575 v=0.900 w=-0.625 dt=40.2ms policy_zmq_lag=0.6ms action_age=41.1ms scan_age=40.4ms scan_rx_age=17.2ms odom_age=8.0ms odom_rx_age=6.9ms sensor_skew=32.4ms loop_to_send=6.3ms
[go2:sport] DRY cmd#544 seq=576 v=0.894 w=-0.507 dt=39.2ms policy_zmq_lag=0.6ms action_age=39.7ms scan_age=39.1ms scan_rx_age=16.5ms odom_age=10.6ms odom_rx_age=9.4ms sensor_skew=28.5ms loop_to_send=6.3ms
[go2:sport] DRY cmd#545 seq=577 v=0.894 w=-0.506 dt=40.2ms policy_zmq_lag=0.6ms action_age=40.7ms scan_age=40.1ms scan_rx_age=16.2ms odom_age=7.6ms odom_rx_age=6.6ms sensor_skew=32.5ms loop_to_send=6.1ms
[go2:sport] DRY cmd#546 seq=578 v=0.900 w=-0.627 dt=40.7ms policy_zmq_lag=0.7ms action_age=41.3ms scan_age=40.6ms scan_rx_age=17.5ms odom_age=8.2ms odom_rx_age=6.9ms sensor_skew=32.4ms loop_to_send=6.3ms
[go2:sport] DRY cmd#547 seq=579 v=0.895 w=-0.517 dt=39.9ms policy_zmq_lag=0.7ms action_age=41.2ms scan_age=40.5ms scan_rx_age=17.1ms odom_age=9.1ms odom_rx_age=7.7ms sensor_skew=31.4ms loop_to_send=6.7ms
[go2:sport] DRY cmd#548 seq=580 v=0.899 w=-0.639 dt=41.4ms policy_zmq_lag=0.7ms action_age=43.6ms scan_age=42.9ms scan_rx_age=17.1ms odom_age=9.6ms odom_rx_age=8.2ms sensor_skew=33.3ms loop_to_send=7.5ms
[go2:sport] DRY cmd#549 seq=581 v=0.894 w=-0.556 dt=38.9ms policy_zmq_lag=0.7ms action_age=41.6ms scan_age=40.9ms scan_rx_age=17.3ms odom_age=8.4ms odom_rx_age=7.2ms sensor_skew=32.5ms loop_to_send=6.6ms
[go2:sport] DRY cmd#550 seq=582 v=0.894 w=-0.499 dt=39.0ms policy_zmq_lag=0.7ms action_age=40.8ms scan_age=40.2ms scan_rx_age=16.5ms odom_age=7.6ms odom_rx_age=6.7ms sensor_skew=32.5ms loop_to_send=6.2ms
[go2:sport] DRY cmd#551 seq=583 v=0.900 w=-0.621 dt=40.7ms policy_zmq_lag=0.9ms action_age=41.3ms scan_age=40.5ms scan_rx_age=18.0ms odom_age=7.9ms odom_rx_age=6.7ms sensor_skew=32.6ms loop_to_send=6.1ms
[go2:sport] DRY cmd#552 seq=584 v=0.894 w=-0.502 dt=39.7ms policy_zmq_lag=0.7ms action_age=40.9ms scan_age=40.2ms scan_rx_age=15.8ms odom_age=7.9ms odom_rx_age=6.8ms sensor_skew=32.3ms loop_to_send=6.1ms
[go2:sport] DRY cmd#553 seq=585 v=0.900 w=-0.623 dt=40.5ms policy_zmq_lag=0.6ms action_age=41.4ms scan_age=40.8ms scan_rx_age=18.0ms odom_age=8.3ms odom_rx_age=6.8ms sensor_skew=32.4ms loop_to_send=6.1ms
[go2:sport] DRY cmd#554 seq=586 v=0.894 w=-0.540 dt=38.7ms policy_zmq_lag=0.6ms action_age=40.1ms scan_age=39.5ms scan_rx_age=15.4ms odom_age=7.1ms odom_rx_age=6.4ms sensor_skew=32.4ms loop_to_send=5.9ms
[go2:sport] DRY cmd#555 seq=587 v=0.895 w=-0.491 dt=39.6ms policy_zmq_lag=0.6ms action_age=40.5ms scan_age=39.9ms scan_rx_age=16.3ms odom_age=6.9ms odom_rx_age=6.2ms sensor_skew=33.0ms loop_to_send=5.7ms
[go2:sport] DRY cmd#556 seq=588 v=0.900 w=-0.611 dt=40.0ms policy_zmq_lag=0.6ms action_age=39.5ms scan_age=38.9ms scan_rx_age=17.7ms odom_age=6.8ms odom_rx_age=6.1ms sensor_skew=32.1ms loop_to_send=5.6ms
[go2:sport] DRY cmd#557 seq=589 v=0.895 w=-0.517 dt=41.0ms policy_zmq_lag=0.7ms action_age=40.5ms scan_age=39.8ms scan_rx_age=18.0ms odom_age=7.6ms odom_rx_age=6.7ms sensor_skew=32.2ms loop_to_send=6.2ms
[go2:sport] DRY cmd#558 seq=590 v=0.898 w=-0.597 dt=39.6ms policy_zmq_lag=0.6ms action_age=40.0ms scan_age=39.4ms scan_rx_age=17.3ms odom_age=7.2ms odom_rx_age=6.4ms sensor_skew=32.2ms loop_to_send=5.9ms
[go2:sport] DRY cmd#559 seq=591 v=0.894 w=-0.547 dt=40.0ms policy_zmq_lag=0.6ms action_age=40.3ms scan_age=39.7ms scan_rx_age=16.2ms odom_age=7.3ms odom_rx_age=6.4ms sensor_skew=32.5ms loop_to_send=5.9ms
[go2:sport] DRY cmd#560 seq=592 v=0.895 w=-0.508 dt=40.2ms policy_zmq_lag=0.7ms action_age=41.2ms scan_age=40.5ms scan_rx_age=16.5ms odom_age=7.4ms odom_rx_age=6.4ms sensor_skew=33.2ms loop_to_send=5.9ms
[go2:sport] DRY cmd#561 seq=593 v=0.900 w=-0.627 dt=39.8ms policy_zmq_lag=0.6ms action_age=40.2ms scan_age=39.6ms scan_rx_age=17.7ms odom_age=7.4ms odom_rx_age=6.6ms sensor_skew=32.1ms loop_to_send=6.1ms
[go2:sport] DRY cmd#562 seq=594 v=0.894 w=-0.507 dt=39.7ms policy_zmq_lag=0.6ms action_age=39.9ms scan_age=39.3ms scan_rx_age=16.6ms odom_age=7.1ms odom_rx_age=6.3ms sensor_skew=32.2ms loop_to_send=5.8ms
[go2:sport] DRY cmd#563 seq=595 v=0.898 w=-0.627 dt=41.6ms policy_zmq_lag=0.7ms action_age=41.5ms scan_age=40.8ms scan_rx_age=17.7ms odom_age=8.7ms odom_rx_age=7.8ms sensor_skew=32.1ms loop_to_send=7.2ms
[go2:sport] DRY cmd#564 seq=596 v=0.898 w=-0.592 dt=40.6ms policy_zmq_lag=0.8ms action_age=41.9ms scan_age=41.2ms scan_rx_age=17.1ms odom_age=9.1ms odom_rx_age=8.1ms sensor_skew=32.1ms loop_to_send=7.5ms
[go2:sport] DRY cmd#565 seq=597 v=0.894 w=-0.503 dt=39.9ms policy_zmq_lag=0.7ms action_age=41.8ms scan_age=41.1ms scan_rx_age=15.6ms odom_age=9.0ms odom_rx_age=7.9ms sensor_skew=32.1ms loop_to_send=7.3ms
[go2:sport] DRY cmd#566 seq=598 v=0.900 w=-0.622 dt=39.5ms policy_zmq_lag=0.7ms action_age=41.5ms scan_age=40.8ms scan_rx_age=17.8ms odom_age=17.1ms odom_rx_age=16.1ms sensor_skew=23.7ms loop_to_send=7.1ms
[go2:sport] DRY cmd#567 seq=599 v=0.894 w=-0.502 dt=39.0ms policy_zmq_lag=0.6ms action_age=40.4ms scan_age=39.7ms scan_rx_age=17.1ms odom_age=7.6ms odom_rx_age=6.7ms sensor_skew=32.2ms loop_to_send=6.1ms
[go2:sport] DRY cmd#568 seq=600 v=0.894 w=-0.504 dt=39.9ms policy_zmq_lag=0.6ms action_age=40.2ms scan_age=39.6ms scan_rx_age=15.6ms odom_age=7.5ms odom_rx_age=6.7ms sensor_skew=32.1ms loop_to_send=6.1ms
[go2:sport] DRY cmd#569 seq=601 v=0.900 w=-0.385 dt=40.5ms policy_zmq_lag=0.8ms action_age=40.8ms scan_age=40.0ms scan_rx_age=10.3ms odom_age=10.9ms odom_rx_age=8.2ms sensor_skew=29.1ms loop_to_send=6.5ms
[go2:sport] DRY cmd#570 seq=602 v=0.895 w=-0.505 dt=39.2ms policy_zmq_lag=0.6ms action_age=40.8ms scan_age=40.2ms scan_rx_age=15.1ms odom_age=7.2ms odom_rx_age=6.3ms sensor_skew=33.0ms loop_to_send=5.8ms
[go2:sport] DRY cmd#571 seq=603 v=0.900 w=-0.627 dt=41.1ms policy_zmq_lag=0.6ms action_age=41.2ms scan_age=40.5ms scan_rx_age=17.7ms odom_age=8.1ms odom_rx_age=6.8ms sensor_skew=32.5ms loop_to_send=6.2ms
[go2:sport] DRY cmd#572 seq=604 v=0.895 w=-0.509 dt=39.0ms policy_zmq_lag=0.6ms action_age=40.2ms scan_age=39.6ms scan_rx_age=16.4ms odom_age=7.4ms odom_rx_age=6.6ms sensor_skew=32.2ms loop_to_send=6.0ms
[go2:sport] DRY cmd#573 seq=605 v=0.895 w=-0.488 dt=48.5ms policy_zmq_lag=0.7ms action_age=49.4ms scan_age=48.7ms scan_rx_age=24.4ms odom_age=18.8ms odom_rx_age=16.3ms sensor_skew=29.9ms loop_to_send=14.4ms
[go2:sport] DRY cmd#574 seq=606 v=0.900 w=-0.367 dt=32.3ms policy_zmq_lag=0.7ms action_age=41.0ms scan_age=40.4ms scan_rx_age=16.5ms odom_age=7.9ms odom_rx_age=6.9ms sensor_skew=32.4ms loop_to_send=6.4ms
[go2:sport] DRY cmd#575 seq=607 v=0.895 w=-0.486 dt=39.7ms policy_zmq_lag=0.7ms action_age=40.7ms scan_age=40.1ms scan_rx_age=15.2ms odom_age=8.0ms odom_rx_age=7.0ms sensor_skew=32.1ms loop_to_send=6.4ms
[go2:sport] DRY cmd#576 seq=608 v=0.900 w=-0.606 dt=40.5ms policy_zmq_lag=0.7ms action_age=41.2ms scan_age=40.6ms scan_rx_age=17.1ms odom_age=8.2ms odom_rx_age=7.2ms sensor_skew=32.4ms loop_to_send=6.7ms
[go2:sport] DRY cmd#577 seq=609 v=0.894 w=-0.507 dt=40.4ms policy_zmq_lag=0.8ms action_age=41.5ms scan_age=40.7ms scan_rx_age=17.1ms odom_age=8.4ms odom_rx_age=7.2ms sensor_skew=32.3ms loop_to_send=6.6ms
[go2:sport] DRY cmd#578 seq=610 v=0.894 w=-0.550 dt=40.1ms policy_zmq_lag=0.6ms action_age=41.6ms scan_age=41.0ms scan_rx_age=15.4ms odom_age=8.9ms odom_rx_age=7.6ms sensor_skew=32.1ms loop_to_send=6.7ms
[go2:sport] DRY cmd#579 seq=611 v=0.900 w=-0.668 dt=39.4ms policy_zmq_lag=0.7ms action_age=41.0ms scan_age=40.4ms scan_rx_age=18.3ms odom_age=8.3ms odom_rx_age=7.2ms sensor_skew=32.1ms loop_to_send=6.6ms
[go2:sport] DRY cmd#580 seq=612 v=0.898 w=-0.593 dt=40.0ms policy_zmq_lag=0.7ms action_age=41.1ms scan_age=40.4ms scan_rx_age=17.1ms odom_age=8.2ms odom_rx_age=7.2ms sensor_skew=32.2ms loop_to_send=6.5ms
[go2:sport] DRY cmd#581 seq=613 v=0.900 w=-0.712 dt=39.9ms policy_zmq_lag=0.7ms action_age=41.0ms scan_age=40.3ms scan_rx_age=18.3ms odom_age=8.2ms odom_rx_age=7.1ms sensor_skew=32.2ms loop_to_send=6.5ms
[go2:sport] DRY cmd#582 seq=614 v=0.894 w=-0.591 dt=40.9ms policy_zmq_lag=0.7ms action_age=41.8ms scan_age=41.2ms scan_rx_age=17.9ms odom_age=8.7ms odom_rx_age=7.6ms sensor_skew=32.4ms loop_to_send=7.0ms
[go2:sport] DRY cmd#583 seq=615 v=0.895 w=-0.507 dt=39.8ms policy_zmq_lag=0.7ms action_age=41.7ms scan_age=41.0ms scan_rx_age=18.5ms odom_age=8.6ms odom_rx_age=7.4ms sensor_skew=32.4ms loop_to_send=6.7ms
[go2:sport] DRY cmd#584 seq=616 v=0.900 w=-0.627 dt=39.9ms policy_zmq_lag=0.7ms action_age=41.6ms scan_age=40.9ms scan_rx_age=17.8ms odom_age=8.6ms odom_rx_age=7.4ms sensor_skew=32.3ms loop_to_send=6.7ms
[go2:sport] DRY cmd#585 seq=617 v=0.894 w=-0.507 dt=39.7ms policy_zmq_lag=0.7ms action_age=41.3ms scan_age=40.6ms scan_rx_age=16.4ms odom_age=8.4ms odom_rx_age=7.3ms sensor_skew=32.2ms loop_to_send=6.7ms
[go2:sport] DRY cmd#586 seq=618 v=0.900 w=-0.627 dt=40.1ms policy_zmq_lag=0.7ms action_age=41.3ms scan_age=40.6ms scan_rx_age=17.4ms odom_age=8.4ms odom_rx_age=7.3ms sensor_skew=32.2ms loop_to_send=6.7ms
[go2:sport] DRY cmd#587 seq=619 v=0.894 w=-0.511 dt=39.8ms policy_zmq_lag=0.7ms action_age=41.1ms scan_age=40.4ms scan_rx_age=16.1ms odom_age=8.2ms odom_rx_age=7.2ms sensor_skew=32.1ms loop_to_send=6.6ms
[go2:sport] DRY cmd#588 seq=620 v=0.894 w=-0.506 dt=39.3ms policy_zmq_lag=0.7ms action_age=40.4ms scan_age=39.8ms scan_rx_age=16.2ms odom_age=7.4ms odom_rx_age=6.4ms sensor_skew=32.4ms loop_to_send=5.9ms
[go2:sport] DRY cmd#589 seq=621 v=0.900 w=-0.627 dt=41.1ms policy_zmq_lag=0.8ms action_age=41.4ms scan_age=40.6ms scan_rx_age=17.6ms odom_age=8.4ms odom_rx_age=7.2ms sensor_skew=32.2ms loop_to_send=6.6ms
[go2:sport] DRY cmd#590 seq=622 v=0.899 w=-0.595 dt=40.0ms policy_zmq_lag=0.8ms action_age=41.6ms scan_age=40.7ms scan_rx_age=16.7ms odom_age=8.4ms odom_rx_age=7.1ms sensor_skew=32.3ms loop_to_send=6.5ms
[go2:sport] DRY cmd#591 seq=623 v=0.900 w=-0.714 dt=39.0ms policy_zmq_lag=0.6ms action_age=40.7ms scan_age=40.1ms scan_rx_age=17.1ms odom_age=7.6ms odom_rx_age=6.6ms sensor_skew=32.5ms loop_to_send=6.1ms
[go2:sport] DRY cmd#592 seq=624 v=0.894 w=-0.595 dt=39.9ms policy_zmq_lag=0.6ms action_age=40.6ms scan_age=40.0ms scan_rx_age=17.7ms odom_age=7.5ms odom_rx_age=6.6ms sensor_skew=32.5ms loop_to_send=6.1ms
[go2:sport] DRY cmd#593 seq=625 v=0.895 w=-0.499 dt=40.1ms policy_zmq_lag=0.7ms action_age=40.6ms scan_age=39.9ms scan_rx_age=17.6ms odom_age=7.9ms odom_rx_age=6.9ms sensor_skew=32.0ms loop_to_send=6.3ms
[go2:sport] DRY cmd#594 seq=626 v=0.900 w=-0.618 dt=39.5ms policy_zmq_lag=0.6ms action_age=40.2ms scan_age=39.6ms scan_rx_age=16.5ms odom_age=7.4ms odom_rx_age=6.5ms sensor_skew=32.2ms loop_to_send=6.0ms
[go2:sport] DRY cmd#595 seq=627 v=0.896 w=-0.498 dt=40.5ms policy_zmq_lag=0.7ms action_age=40.6ms scan_age=39.9ms scan_rx_age=15.7ms odom_age=8.0ms odom_rx_age=7.1ms sensor_skew=31.9ms loop_to_send=6.4ms
[go2:sport] DRY cmd#596 seq=628 v=0.900 w=-0.618 dt=40.3ms policy_zmq_lag=0.7ms action_age=41.0ms scan_age=40.3ms scan_rx_age=17.6ms odom_age=8.2ms odom_rx_age=7.2ms sensor_skew=32.1ms loop_to_send=6.6ms
[go2:sport] DRY cmd#597 seq=629 v=0.895 w=-0.511 dt=41.3ms policy_zmq_lag=0.8ms action_age=42.2ms scan_age=41.4ms scan_rx_age=17.8ms odom_age=9.1ms odom_rx_age=7.7ms sensor_skew=32.2ms loop_to_send=6.9ms
[go2:sport] DRY cmd#598 seq=630 v=0.894 w=-0.495 dt=38.0ms policy_zmq_lag=0.6ms action_age=41.1ms scan_age=40.5ms scan_rx_age=16.3ms odom_age=7.5ms odom_rx_age=6.5ms sensor_skew=33.0ms loop_to_send=6.0ms
[go2:sport] DRY cmd#599 seq=631 v=0.900 w=-0.615 dt=39.9ms policy_zmq_lag=0.7ms action_age=40.0ms scan_age=39.4ms scan_rx_age=16.7ms odom_age=7.3ms odom_rx_age=6.4ms sensor_skew=32.1ms loop_to_send=5.9ms
[go2:sport] DRY cmd#600 seq=632 v=0.895 w=-0.495 dt=40.0ms policy_zmq_lag=0.6ms action_age=40.2ms scan_age=39.6ms scan_rx_age=15.2ms odom_age=7.3ms odom_rx_age=6.4ms sensor_skew=32.2ms loop_to_send=6.0ms
[go2:sport] DRY cmd#601 seq=633 v=0.900 w=-0.615 dt=40.2ms policy_zmq_lag=0.6ms action_age=40.4ms scan_age=39.7ms scan_rx_age=16.9ms odom_age=7.6ms odom_rx_age=6.6ms sensor_skew=32.1ms loop_to_send=6.1ms
[go2:sport] DRY cmd#602 seq=634 v=0.894 w=-0.544 dt=40.6ms policy_zmq_lag=0.7ms action_age=41.1ms scan_age=40.4ms scan_rx_age=16.4ms odom_age=8.3ms odom_rx_age=7.3ms sensor_skew=32.1ms loop_to_send=6.7ms
[go2:sport] DRY cmd#603 seq=635 v=0.894 w=-0.505 dt=40.1ms policy_zmq_lag=0.7ms action_age=41.1ms scan_age=40.4ms scan_rx_age=17.7ms odom_age=8.4ms odom_rx_age=7.3ms sensor_skew=32.1ms loop_to_send=6.7ms
[go2:sport] DRY cmd#604 seq=636 v=0.900 w=-0.624 dt=39.8ms policy_zmq_lag=0.7ms action_age=41.0ms scan_age=40.3ms scan_rx_age=16.1ms odom_age=8.3ms odom_rx_age=7.4ms sensor_skew=32.0ms loop_to_send=6.7ms
[go2:sport] DRY cmd#605 seq=637 v=0.895 w=-0.503 dt=40.7ms policy_zmq_lag=0.7ms action_age=41.5ms scan_age=40.8ms scan_rx_age=18.4ms odom_age=8.7ms odom_rx_age=7.5ms sensor_skew=32.2ms loop_to_send=6.8ms
[go2:sport] DRY cmd#606 seq=638 v=0.900 w=-0.622 dt=39.8ms policy_zmq_lag=0.6ms action_age=41.5ms scan_age=40.9ms scan_rx_age=17.5ms odom_age=12.0ms odom_rx_age=10.9ms sensor_skew=28.9ms loop_to_send=7.0ms
[go2:sport] DRY cmd#607 seq=639 v=0.894 w=-0.553 dt=39.4ms policy_zmq_lag=0.6ms action_age=40.8ms scan_age=40.2ms scan_rx_age=15.9ms odom_age=8.1ms odom_rx_age=7.1ms sensor_skew=32.1ms loop_to_send=6.4ms
[go2:sport] DRY cmd#608 seq=640 v=0.894 w=-0.486 dt=39.6ms policy_zmq_lag=0.7ms action_age=41.2ms scan_age=40.6ms scan_rx_age=16.2ms odom_age=7.5ms odom_rx_age=6.5ms sensor_skew=33.1ms loop_to_send=6.0ms
[go2:sport] DRY cmd#609 seq=641 v=0.900 w=-0.606 dt=40.3ms policy_zmq_lag=0.7ms action_age=40.7ms scan_age=40.0ms scan_rx_age=16.8ms odom_age=7.8ms odom_rx_age=6.7ms sensor_skew=32.2ms loop_to_send=6.2ms
[go2:sport] DRY cmd#610 seq=642 v=0.895 w=-0.490 dt=39.6ms policy_zmq_lag=0.6ms action_age=40.3ms scan_age=39.6ms scan_rx_age=17.3ms odom_age=7.5ms odom_rx_age=6.7ms sensor_skew=32.1ms loop_to_send=6.2ms
[go2:sport] DRY cmd#611 seq=643 v=0.894 w=-0.505 dt=40.1ms policy_zmq_lag=0.6ms action_age=40.4ms scan_age=39.8ms scan_rx_age=16.8ms odom_age=7.6ms odom_rx_age=6.7ms sensor_skew=32.2ms loop_to_send=6.2ms
[go2:sport] DRY cmd#612 seq=644 v=0.893 w=-0.548 dt=40.0ms policy_zmq_lag=0.6ms action_age=40.5ms scan_age=39.9ms scan_rx_age=16.5ms odom_age=7.6ms odom_rx_age=6.7ms sensor_skew=32.2ms loop_to_send=6.2ms
[go2:sport] DRY cmd#613 seq=645 v=0.895 w=-0.494 dt=40.1ms policy_zmq_lag=0.6ms action_age=41.3ms scan_age=40.6ms scan_rx_age=15.1ms odom_age=7.7ms odom_rx_age=6.7ms sensor_skew=32.9ms loop_to_send=6.2ms
[go2:sport] DRY cmd#614 seq=646 v=0.900 w=-0.614 dt=39.9ms policy_zmq_lag=0.6ms action_age=40.5ms scan_age=39.9ms scan_rx_age=17.0ms odom_age=7.5ms odom_rx_age=6.6ms sensor_skew=32.3ms loop_to_send=6.1ms
[go2:sport] DRY cmd#615 seq=647 v=0.895 w=-0.495 dt=39.8ms policy_zmq_lag=0.6ms action_age=40.4ms scan_age=39.8ms scan_rx_age=17.3ms odom_age=7.4ms odom_rx_age=6.6ms sensor_skew=32.3ms loop_to_send=6.1ms
[go2:sport] DRY cmd#616 seq=648 v=0.897 w=-0.615 dt=39.8ms policy_zmq_lag=0.6ms action_age=40.1ms scan_age=39.5ms scan_rx_age=16.5ms odom_age=7.3ms odom_rx_age=6.4ms sensor_skew=32.1ms loop_to_send=5.9ms
[go2:sport] DRY cmd#617 seq=649 v=0.898 w=-0.648 dt=39.9ms policy_zmq_lag=0.6ms action_age=39.9ms scan_age=39.4ms scan_rx_age=15.6ms odom_age=7.3ms odom_rx_age=6.4ms sensor_skew=32.0ms loop_to_send=5.9ms
[go2:sport] DRY cmd#618 seq=650 v=0.894 w=-0.528 dt=40.1ms policy_zmq_lag=0.6ms action_age=40.0ms scan_age=39.4ms scan_rx_age=15.6ms odom_age=10.6ms odom_rx_age=9.5ms sensor_skew=28.8ms loop_to_send=6.0ms
[go2:sport] DRY cmd#619 seq=651 v=0.900 w=-0.648 dt=39.8ms policy_zmq_lag=0.6ms action_age=39.9ms scan_age=39.3ms scan_rx_age=16.4ms odom_age=7.2ms odom_rx_age=6.4ms sensor_skew=32.1ms loop_to_send=5.9ms
[go2:sport] DRY cmd#620 seq=652 v=0.894 w=-0.526 dt=40.8ms policy_zmq_lag=0.6ms action_age=40.7ms scan_age=40.0ms scan_rx_age=17.7ms odom_age=7.7ms odom_rx_age=6.6ms sensor_skew=32.3ms loop_to_send=6.1ms
[go2:sport] DRY cmd#621 seq=653 v=0.894 w=-0.541 dt=39.7ms policy_zmq_lag=0.6ms action_age=40.2ms scan_age=39.5ms scan_rx_age=17.4ms odom_age=7.6ms odom_rx_age=6.6ms sensor_skew=31.9ms loop_to_send=6.1ms
[go2:sport] DRY cmd#622 seq=654 v=0.900 w=-0.421 dt=40.6ms policy_zmq_lag=0.7ms action_age=40.8ms scan_age=40.1ms scan_rx_age=17.6ms odom_age=8.4ms odom_rx_age=7.4ms sensor_skew=31.8ms loop_to_send=6.8ms
[go2:sport] DRY cmd#623 seq=655 v=0.895 w=-0.503 dt=39.9ms policy_zmq_lag=0.6ms action_age=41.6ms scan_age=40.9ms scan_rx_age=15.9ms odom_age=8.1ms odom_rx_age=7.1ms sensor_skew=32.8ms loop_to_send=6.5ms
[go2:sport] DRY cmd#624 seq=656 v=0.900 w=-0.623 dt=40.0ms policy_zmq_lag=0.6ms action_age=40.8ms scan_age=40.2ms scan_rx_age=17.1ms odom_age=8.1ms odom_rx_age=7.0ms sensor_skew=32.1ms loop_to_send=6.4ms
[go2:sport] DRY cmd#625 seq=657 v=0.895 w=-0.502 dt=39.9ms policy_zmq_lag=0.6ms action_age=40.7ms scan_age=40.1ms scan_rx_age=16.8ms odom_age=7.9ms odom_rx_age=6.8ms sensor_skew=32.2ms loop_to_send=6.3ms
[go2:sport] DRY cmd#626 seq=658 v=0.894 w=-0.540 dt=39.7ms policy_zmq_lag=0.6ms action_age=40.4ms scan_age=39.8ms scan_rx_age=16.6ms odom_age=7.6ms odom_rx_age=6.4ms sensor_skew=32.2ms loop_to_send=5.9ms
[go2:sport] DRY cmd#627 seq=659 v=0.900 w=-0.564 dt=39.7ms policy_zmq_lag=0.6ms action_age=39.9ms scan_age=39.3ms scan_rx_age=16.5ms odom_age=7.4ms odom_rx_age=6.4ms sensor_skew=31.9ms loop_to_send=5.9ms
[go2:sport] DRY cmd#628 seq=660 v=0.895 w=-0.503 dt=41.2ms policy_zmq_lag=0.7ms action_age=41.2ms scan_age=40.6ms scan_rx_age=16.5ms odom_age=8.6ms odom_rx_age=7.2ms sensor_skew=32.0ms loop_to_send=6.5ms
[go2:sport] DRY cmd#629 seq=661 v=0.900 w=-0.621 dt=39.5ms policy_zmq_lag=0.6ms action_age=40.8ms scan_age=40.1ms scan_rx_age=16.2ms odom_age=8.2ms odom_rx_age=7.3ms sensor_skew=31.9ms loop_to_send=6.6ms
[go2:sport] DRY cmd#630 seq=662 v=0.894 w=-0.510 dt=40.1ms policy_zmq_lag=0.6ms action_age=40.9ms scan_age=40.3ms scan_rx_age=16.7ms odom_age=8.3ms odom_rx_age=7.4ms sensor_skew=32.0ms loop_to_send=6.8ms
[go2:sport] DRY cmd#631 seq=663 v=0.893 w=-0.552 dt=39.7ms policy_zmq_lag=0.6ms action_age=40.7ms scan_age=40.0ms scan_rx_age=15.9ms odom_age=8.0ms odom_rx_age=7.0ms sensor_skew=32.0ms loop_to_send=6.4ms
[go2:sport] DRY cmd#632 seq=664 v=0.900 w=-0.672 dt=40.1ms policy_zmq_lag=0.6ms action_age=40.8ms scan_age=40.1ms scan_rx_age=18.3ms odom_age=8.1ms odom_rx_age=7.1ms sensor_skew=32.0ms loop_to_send=6.5ms
[go2:sport] DRY cmd#633 seq=665 v=0.898 w=-0.568 dt=41.2ms policy_zmq_lag=0.6ms action_age=42.0ms scan_age=41.4ms scan_rx_age=18.0ms odom_age=9.2ms odom_rx_age=8.2ms sensor_skew=32.1ms loop_to_send=7.7ms
[go2:sport] DRY cmd#634 seq=666 v=0.900 w=-0.688 dt=39.5ms policy_zmq_lag=0.7ms action_age=41.5ms scan_age=40.8ms scan_rx_age=17.1ms odom_age=8.9ms odom_rx_age=7.8ms sensor_skew=31.9ms loop_to_send=7.2ms
[go2:sport] DRY cmd#635 seq=667 v=0.895 w=-0.567 dt=44.1ms policy_zmq_lag=0.7ms action_age=45.7ms scan_age=44.9ms scan_rx_age=21.0ms odom_age=13.0ms odom_rx_age=11.6ms sensor_skew=32.0ms loop_to_send=10.7ms
[go2:sport] DRY cmd#636 seq=668 v=0.895 w=-0.487 dt=36.4ms policy_zmq_lag=0.7ms action_age=42.0ms scan_age=41.4ms scan_rx_age=19.0ms odom_age=9.3ms odom_rx_age=8.1ms sensor_skew=32.1ms loop_to_send=7.5ms
[go2:sport] DRY cmd#637 seq=669 v=0.900 w=-0.608 dt=39.5ms policy_zmq_lag=0.7ms action_age=41.4ms scan_age=40.8ms scan_rx_age=17.0ms odom_age=8.6ms odom_rx_age=7.3ms sensor_skew=32.2ms loop_to_send=6.6ms
[go2:sport] DRY cmd#638 seq=670 v=0.900 w=-0.488 dt=39.8ms policy_zmq_lag=0.7ms action_age=41.2ms scan_age=40.6ms scan_rx_age=16.5ms odom_age=8.4ms odom_rx_age=7.2ms sensor_skew=32.2ms loop_to_send=6.5ms
[go2:sport] DRY cmd#639 seq=671 v=0.900 w=-0.607 dt=39.3ms policy_zmq_lag=0.6ms action_age=40.5ms scan_age=39.9ms scan_rx_age=17.1ms odom_age=7.9ms odom_rx_age=6.9ms sensor_skew=32.0ms loop_to_send=6.2ms
[go2:sport] DRY cmd#640 seq=672 v=0.894 w=-0.508 dt=39.9ms policy_zmq_lag=0.6ms action_age=40.4ms scan_age=39.7ms scan_rx_age=15.7ms odom_age=7.9ms odom_rx_age=7.0ms sensor_skew=31.8ms loop_to_send=6.3ms
[go2:sport] DRY cmd#641 seq=673 v=0.894 w=-0.510 dt=40.1ms policy_zmq_lag=0.6ms action_age=40.5ms scan_age=39.9ms scan_rx_age=16.0ms odom_age=7.9ms odom_rx_age=6.9ms sensor_skew=32.0ms loop_to_send=6.3ms
[go2:sport] DRY cmd#642 seq=674 v=0.900 w=-0.630 dt=39.7ms policy_zmq_lag=0.6ms action_age=40.1ms scan_age=39.5ms scan_rx_age=15.6ms odom_age=7.7ms odom_rx_age=6.8ms sensor_skew=31.8ms loop_to_send=6.2ms
[go2:sport] DRY cmd#643 seq=675 v=0.899 w=-0.619 dt=40.3ms policy_zmq_lag=0.7ms action_age=40.4ms scan_age=39.7ms scan_rx_age=15.7ms odom_age=7.9ms odom_rx_age=6.9ms sensor_skew=31.8ms loop_to_send=6.3ms
[go2:sport] DRY cmd#644 seq=676 v=0.900 w=-0.725 dt=40.2ms policy_zmq_lag=0.7ms action_age=40.6ms scan_age=40.0ms scan_rx_age=15.8ms odom_age=8.1ms odom_rx_age=7.1ms sensor_skew=31.8ms loop_to_send=6.4ms
[go2:sport] DRY cmd#645 seq=677 v=0.894 w=-0.605 dt=40.2ms policy_zmq_lag=0.7ms action_age=40.8ms scan_age=40.2ms scan_rx_age=16.2ms odom_age=8.3ms odom_rx_age=7.3ms sensor_skew=31.8ms loop_to_send=6.7ms
[go2:sport] DRY cmd#646 seq=678 v=0.894 w=-0.511 dt=40.1ms policy_zmq_lag=0.6ms action_age=40.8ms scan_age=40.2ms scan_rx_age=14.7ms odom_age=8.5ms odom_rx_age=7.6ms sensor_skew=31.7ms loop_to_send=6.3ms
[go2:sport] DRY cmd#647 seq=679 v=0.900 w=-0.630 dt=39.6ms policy_zmq_lag=0.7ms action_age=40.4ms scan_age=39.8ms scan_rx_age=16.9ms odom_age=8.0ms odom_rx_age=7.0ms sensor_skew=31.8ms loop_to_send=6.4ms
[go2:sport] DRY cmd#648 seq=680 v=0.895 w=-0.510 dt=39.8ms policy_zmq_lag=0.6ms action_age=41.2ms scan_age=40.6ms scan_rx_age=15.5ms odom_age=7.9ms odom_rx_age=7.0ms sensor_skew=32.7ms loop_to_send=6.3ms
[go2:sport] DRY cmd#649 seq=681 v=0.900 w=-0.631 dt=40.5ms policy_zmq_lag=0.6ms action_age=40.8ms scan_age=40.2ms scan_rx_age=17.5ms odom_age=8.2ms odom_rx_age=7.0ms sensor_skew=32.0ms loop_to_send=6.4ms
[go2:sport] DRY cmd#650 seq=682 v=0.894 w=-0.512 dt=40.3ms policy_zmq_lag=0.7ms action_age=41.1ms scan_age=40.5ms scan_rx_age=16.3ms odom_age=8.5ms odom_rx_age=7.5ms sensor_skew=32.0ms loop_to_send=7.0ms
[go2:sport] DRY cmd#651 seq=683 v=0.895 w=-0.490 dt=39.8ms policy_zmq_lag=0.7ms action_age=41.8ms scan_age=41.1ms scan_rx_age=16.4ms odom_age=8.4ms odom_rx_age=7.4ms sensor_skew=32.7ms loop_to_send=6.8ms
[go2:sport] DRY cmd#652 seq=684 v=0.900 w=-0.611 dt=39.6ms policy_zmq_lag=0.7ms action_age=40.5ms scan_age=39.9ms scan_rx_age=16.3ms odom_age=8.0ms odom_rx_age=7.2ms sensor_skew=31.9ms loop_to_send=6.1ms
[go2:sport] DRY cmd#653 seq=685 v=0.895 w=-0.496 dt=39.6ms policy_zmq_lag=0.6ms action_age=40.1ms scan_age=39.5ms scan_rx_age=15.4ms odom_age=7.7ms odom_rx_age=6.8ms sensor_skew=31.8ms loop_to_send=6.3ms
[go2:sport] DRY cmd#654 seq=686 v=0.900 w=-0.618 dt=40.4ms policy_zmq_lag=0.6ms action_age=40.2ms scan_age=39.6ms scan_rx_age=18.0ms odom_age=8.1ms odom_rx_age=7.3ms sensor_skew=31.5ms loop_to_send=6.1ms
[go2:sport] DRY cmd#655 seq=687 v=0.894 w=-0.546 dt=40.5ms policy_zmq_lag=0.7ms action_age=41.3ms scan_age=40.6ms scan_rx_age=17.3ms odom_age=8.7ms odom_rx_age=7.8ms sensor_skew=31.9ms loop_to_send=6.4ms
[go2:sport] DRY cmd#656 seq=688 v=0.894 w=-0.509 dt=39.9ms policy_zmq_lag=0.7ms action_age=41.0ms scan_age=40.3ms scan_rx_age=17.2ms odom_age=8.4ms odom_rx_age=7.2ms sensor_skew=31.8ms loop_to_send=6.5ms
[go2:sport] DRY cmd#657 seq=689 v=0.900 w=-0.627 dt=39.4ms policy_zmq_lag=0.7ms action_age=40.5ms scan_age=39.8ms scan_rx_age=18.0ms odom_age=8.0ms odom_rx_age=7.1ms sensor_skew=31.8ms loop_to_send=6.4ms
[go2:sport] DRY cmd#658 seq=690 v=0.894 w=-0.507 dt=40.5ms policy_zmq_lag=0.7ms action_age=40.8ms scan_age=40.1ms scan_rx_age=18.1ms odom_age=8.4ms odom_rx_age=7.4ms sensor_skew=31.7ms loop_to_send=6.7ms
[go2:sport] DRY cmd#659 seq=691 v=0.900 w=-0.500 dt=39.6ms policy_zmq_lag=0.7ms action_age=40.6ms scan_age=39.9ms scan_rx_age=17.5ms odom_age=8.0ms odom_rx_age=6.9ms sensor_skew=31.9ms loop_to_send=6.3ms
[go2:sport] DRY cmd#660 seq=692 v=0.894 w=-0.489 dt=40.1ms policy_zmq_lag=0.7ms action_age=40.7ms scan_age=40.0ms scan_rx_age=16.7ms odom_age=8.2ms odom_rx_age=7.1ms sensor_skew=31.9ms loop_to_send=6.5ms
[go2:sport] DRY cmd#661 seq=693 v=0.894 w=-0.502 dt=40.6ms policy_zmq_lag=0.7ms action_age=41.6ms scan_age=40.9ms scan_rx_age=16.7ms odom_age=8.7ms odom_rx_age=7.4ms sensor_skew=32.2ms loop_to_send=6.7ms
[go2:sport] DRY cmd#662 seq=694 v=0.900 w=-0.621 dt=39.9ms policy_zmq_lag=0.8ms action_age=41.2ms scan_age=40.4ms scan_rx_age=18.5ms odom_age=8.5ms odom_rx_age=7.5ms sensor_skew=31.9ms loop_to_send=6.9ms
[go2:sport] DRY cmd#663 seq=695 v=0.894 w=-0.501 dt=38.9ms policy_zmq_lag=0.7ms action_age=41.7ms scan_age=41.0ms scan_rx_age=17.1ms odom_age=7.4ms odom_rx_age=6.6ms sensor_skew=33.6ms loop_to_send=6.1ms
[go2:sport] DRY cmd#664 seq=696 v=0.894 w=-0.527 dt=40.9ms policy_zmq_lag=0.7ms action_age=40.7ms scan_age=40.0ms scan_rx_age=16.1ms odom_age=8.4ms odom_rx_age=7.4ms sensor_skew=31.6ms loop_to_send=6.7ms
[go2:sport] DRY cmd#665 seq=697 v=0.893 w=-0.529 dt=39.8ms policy_zmq_lag=0.7ms action_age=40.8ms scan_age=40.1ms scan_rx_age=16.0ms odom_age=8.4ms odom_rx_age=7.4ms sensor_skew=31.7ms loop_to_send=6.7ms
[go2:sport] DRY cmd#666 seq=698 v=0.895 w=-0.494 dt=40.5ms policy_zmq_lag=0.7ms action_age=42.1ms scan_age=41.5ms scan_rx_age=16.6ms odom_age=8.4ms odom_rx_age=7.3ms sensor_skew=33.1ms loop_to_send=6.7ms
[go2:sport] DRY cmd#667 seq=699 v=0.900 w=-0.614 dt=40.1ms policy_zmq_lag=0.7ms action_age=41.4ms scan_age=40.7ms scan_rx_age=16.6ms odom_age=8.8ms odom_rx_age=7.5ms sensor_skew=31.9ms loop_to_send=6.9ms
[go2:sport] DRY cmd#668 seq=700 v=0.895 w=-0.500 dt=39.3ms policy_zmq_lag=0.7ms action_age=40.7ms scan_age=40.0ms scan_rx_age=17.7ms odom_age=8.2ms odom_rx_age=7.3ms sensor_skew=31.8ms loop_to_send=6.6ms
[go2:sport] DRY cmd#669 seq=701 v=0.893 w=-0.546 dt=40.0ms policy_zmq_lag=0.6ms action_age=40.6ms scan_age=40.0ms scan_rx_age=17.0ms odom_age=8.2ms odom_rx_age=7.0ms sensor_skew=31.9ms loop_to_send=6.4ms
[go2:sport] DRY cmd#670 seq=702 v=0.900 w=-0.424 dt=40.8ms policy_zmq_lag=0.7ms action_age=41.5ms scan_age=40.8ms scan_rx_age=18.5ms odom_age=8.7ms odom_rx_age=7.4ms sensor_skew=32.0ms loop_to_send=6.7ms
[go2:sport] DRY cmd#671 seq=703 v=0.895 w=-0.491 dt=39.7ms policy_zmq_lag=0.7ms action_age=42.0ms scan_age=41.3ms scan_rx_age=17.8ms odom_age=8.5ms odom_rx_age=7.5ms sensor_skew=32.8ms loop_to_send=6.9ms
[go2:sport] DRY cmd#672 seq=704 v=0.900 w=-0.611 dt=39.6ms policy_zmq_lag=0.7ms action_age=40.7ms scan_age=40.0ms scan_rx_age=17.0ms odom_age=8.1ms odom_rx_age=7.2ms sensor_skew=31.9ms loop_to_send=6.7ms
[go2:sport] DRY cmd#673 seq=705 v=0.895 w=-0.509 dt=40.6ms policy_zmq_lag=0.7ms action_age=42.2ms scan_age=41.5ms scan_rx_age=16.3ms odom_age=8.7ms odom_rx_age=7.5ms sensor_skew=32.8ms loop_to_send=6.9ms
[go2:sport] DRY cmd#674 seq=706 v=0.894 w=-0.567 dt=39.6ms policy_zmq_lag=0.6ms action_age=40.9ms scan_age=40.2ms scan_rx_age=18.0ms odom_age=8.5ms odom_rx_age=7.4ms sensor_skew=31.8ms loop_to_send=6.7ms
[go2:sport] DRY cmd#675 seq=707 v=0.900 w=-0.687 dt=40.2ms policy_zmq_lag=0.7ms action_age=41.0ms scan_age=40.4ms scan_rx_age=16.2ms odom_age=8.7ms odom_rx_age=7.5ms sensor_skew=31.7ms loop_to_send=6.8ms
[go2:sport] DRY cmd#676 seq=708 v=0.895 w=-0.567 dt=39.7ms policy_zmq_lag=0.7ms action_age=40.8ms scan_age=40.1ms scan_rx_age=16.0ms odom_age=8.2ms odom_rx_age=7.0ms sensor_skew=31.9ms loop_to_send=6.3ms
[go2:sport] DRY cmd#677 seq=709 v=0.900 w=-0.687 dt=39.9ms policy_zmq_lag=0.7ms action_age=40.5ms scan_age=39.8ms scan_rx_age=15.9ms odom_age=8.1ms odom_rx_age=6.8ms sensor_skew=31.8ms loop_to_send=6.2ms
[go2:sport] DRY cmd#678 seq=710 v=0.894 w=-0.566 dt=40.8ms policy_zmq_lag=0.7ms action_age=41.3ms scan_age=40.6ms scan_rx_age=16.3ms odom_age=8.8ms odom_rx_age=7.5ms sensor_skew=31.8ms loop_to_send=6.8ms
[go2:sport] DRY cmd#679 seq=711 v=0.895 w=-0.486 dt=39.6ms policy_zmq_lag=0.7ms action_age=41.0ms scan_age=40.3ms scan_rx_age=16.1ms odom_age=8.5ms odom_rx_age=7.1ms sensor_skew=31.8ms loop_to_send=6.5ms
[go2:sport] DRY cmd#680 seq=712 v=0.900 w=-0.606 dt=40.3ms policy_zmq_lag=0.7ms action_age=37.3ms scan_age=36.7ms scan_rx_age=16.3ms odom_age=8.8ms odom_rx_age=7.6ms sensor_skew=27.8ms loop_to_send=7.0ms
[go2:sport] DRY cmd#681 seq=713 v=0.895 w=-0.504 dt=40.2ms policy_zmq_lag=0.7ms action_age=41.5ms scan_age=40.8ms scan_rx_age=16.4ms odom_age=9.0ms odom_rx_age=7.7ms sensor_skew=31.8ms loop_to_send=7.1ms
[go2:sport] DRY cmd#682 seq=714 v=0.900 w=-0.629 dt=45.2ms policy_zmq_lag=0.9ms action_age=47.0ms scan_age=46.0ms scan_rx_age=21.4ms odom_age=14.1ms odom_rx_age=12.1ms sensor_skew=31.9ms loop_to_send=10.5ms
[go2:sport] DRY cmd#683 seq=715 v=0.894 w=-0.514 dt=34.1ms policy_zmq_lag=0.6ms action_age=40.9ms scan_age=40.3ms scan_rx_age=17.5ms odom_age=15.0ms odom_rx_age=13.8ms sensor_skew=25.2ms loop_to_send=6.6ms
[go2:sport] DRY cmd#684 seq=716 v=0.893 w=-0.565 dt=39.8ms policy_zmq_lag=0.6ms action_age=40.8ms scan_age=40.1ms scan_rx_age=16.2ms odom_age=8.3ms odom_rx_age=7.2ms sensor_skew=31.9ms loop_to_send=6.6ms
[go2:sport] DRY cmd#685 seq=717 v=0.900 w=-0.686 dt=40.5ms policy_zmq_lag=0.6ms action_age=41.3ms scan_age=40.6ms scan_rx_age=15.9ms odom_age=8.8ms odom_rx_age=7.3ms sensor_skew=31.8ms loop_to_send=6.4ms
[go2:sport] DRY cmd#686 seq=718 v=0.899 w=-0.612 dt=40.4ms policy_zmq_lag=0.7ms action_age=41.6ms scan_age=40.9ms scan_rx_age=13.2ms odom_age=17.4ms odom_rx_age=14.3ms sensor_skew=23.5ms loop_to_send=7.1ms
[go2:sport] DRY cmd#687 seq=719 v=0.900 w=-0.727 dt=39.4ms policy_zmq_lag=0.7ms action_age=42.2ms scan_age=41.5ms scan_rx_age=17.5ms odom_age=11.8ms odom_rx_age=10.4ms sensor_skew=29.7ms loop_to_send=6.5ms
[go2:sport] DRY cmd#688 seq=720 v=0.894 w=-0.605 dt=42.3ms policy_zmq_lag=0.7ms action_age=43.0ms scan_age=42.3ms scan_rx_age=18.4ms odom_age=10.4ms odom_rx_age=9.1ms sensor_skew=31.9ms loop_to_send=8.3ms
[go2:sport] DRY cmd#689 seq=721 v=0.894 w=-0.505 dt=38.2ms policy_zmq_lag=0.8ms action_age=41.6ms scan_age=40.8ms scan_rx_age=16.6ms odom_age=9.0ms odom_rx_age=7.9ms sensor_skew=31.8ms loop_to_send=7.4ms
[go2:sport] DRY cmd#690 seq=722 v=0.900 w=-0.626 dt=39.2ms policy_zmq_lag=0.7ms action_age=40.8ms scan_age=40.1ms scan_rx_age=17.0ms odom_age=8.3ms odom_rx_age=6.9ms sensor_skew=31.8ms loop_to_send=6.1ms
[go2:sport] DRY cmd#691 seq=723 v=0.900 w=-0.506 dt=40.4ms policy_zmq_lag=0.7ms action_age=41.0ms scan_age=40.3ms scan_rx_age=16.1ms odom_age=8.7ms odom_rx_age=7.7ms sensor_skew=31.6ms loop_to_send=6.5ms
[go2:sport] DRY cmd#692 seq=724 v=0.900 w=-0.625 dt=39.9ms policy_zmq_lag=0.6ms action_age=41.0ms scan_age=40.4ms scan_rx_age=17.5ms odom_age=8.6ms odom_rx_age=7.4ms sensor_skew=31.8ms loop_to_send=6.7ms
[go2:sport] DRY cmd#693 seq=725 v=0.894 w=-0.506 dt=39.3ms policy_zmq_lag=0.7ms action_age=40.4ms scan_age=39.8ms scan_rx_age=17.0ms odom_age=13.9ms odom_rx_age=12.8ms sensor_skew=25.9ms loop_to_send=6.2ms
[go2:sport] DRY cmd#694 seq=726 v=0.895 w=-0.508 dt=40.3ms policy_zmq_lag=0.6ms action_age=40.6ms scan_age=39.9ms scan_rx_age=16.3ms odom_age=8.2ms odom_rx_age=7.3ms sensor_skew=31.7ms loop_to_send=6.1ms
[go2:sport] DRY cmd#695 seq=727 v=0.900 w=-0.627 dt=40.4ms policy_zmq_lag=0.7ms action_age=41.0ms scan_age=40.3ms scan_rx_age=16.3ms odom_age=8.6ms odom_rx_age=7.4ms sensor_skew=31.7ms loop_to_send=6.7ms
[go2:sport] DRY cmd#696 seq=728 v=0.900 w=-0.508 dt=39.9ms policy_zmq_lag=0.7ms action_age=40.8ms scan_age=40.2ms scan_rx_age=15.9ms odom_age=8.6ms odom_rx_age=7.4ms sensor_skew=31.6ms loop_to_send=6.8ms
[go2:sport] DRY cmd#697 seq=729 v=0.900 w=-0.628 dt=40.2ms policy_zmq_lag=0.7ms action_age=41.1ms scan_age=40.4ms scan_rx_age=16.4ms odom_age=8.7ms odom_rx_age=7.6ms sensor_skew=31.8ms loop_to_send=6.9ms
[go2:sport] DRY cmd#698 seq=730 v=0.894 w=-0.543 dt=40.1ms policy_zmq_lag=0.7ms action_age=42.1ms scan_age=41.4ms scan_rx_age=16.2ms odom_age=8.9ms odom_rx_age=7.9ms sensor_skew=32.5ms loop_to_send=6.5ms
[go2:sport] DRY cmd#699 seq=731 v=0.894 w=-0.497 dt=39.1ms policy_zmq_lag=0.6ms action_age=42.2ms scan_age=41.6ms scan_rx_age=15.3ms odom_age=7.8ms odom_rx_age=6.8ms sensor_skew=33.7ms loop_to_send=6.2ms
[go2:sport] DRY cmd#700 seq=732 v=0.900 w=-0.618 dt=40.4ms policy_zmq_lag=0.6ms action_age=40.7ms scan_age=40.1ms scan_rx_age=18.0ms odom_age=8.3ms odom_rx_age=7.4ms sensor_skew=31.7ms loop_to_send=6.3ms
[go2:sport] DRY cmd#701 seq=733 v=0.895 w=-0.500 dt=40.0ms policy_zmq_lag=0.7ms action_age=40.7ms scan_age=40.0ms scan_rx_age=17.5ms odom_age=8.5ms odom_rx_age=7.4ms sensor_skew=31.6ms loop_to_send=6.7ms
[go2:sport] DRY cmd#702 seq=734 v=0.900 w=-0.620 dt=39.6ms policy_zmq_lag=0.6ms action_age=40.4ms scan_age=39.8ms scan_rx_age=15.9ms odom_age=8.0ms odom_rx_age=6.9ms sensor_skew=31.8ms loop_to_send=6.3ms
[go2:sport] DRY cmd#703 seq=735 v=0.894 w=-0.500 dt=40.1ms policy_zmq_lag=0.7ms action_age=40.6ms scan_age=39.9ms scan_rx_age=14.7ms odom_age=8.2ms odom_rx_age=7.0ms sensor_skew=31.7ms loop_to_send=6.4ms
[go2:sport] DRY cmd#704 seq=736 v=0.894 w=-0.483 dt=40.5ms policy_zmq_lag=0.7ms action_age=41.1ms scan_age=40.4ms scan_rx_age=16.0ms odom_age=8.5ms odom_rx_age=7.6ms sensor_skew=31.9ms loop_to_send=7.0ms
[go2:sport] DRY cmd#705 seq=737 v=0.900 w=-0.603 dt=39.9ms policy_zmq_lag=0.8ms action_age=40.8ms scan_age=40.0ms scan_rx_age=16.3ms odom_age=8.3ms odom_rx_age=7.4ms sensor_skew=31.7ms loop_to_send=6.8ms
[go2:sport] DRY cmd#706 seq=738 v=0.894 w=-0.504 dt=39.0ms policy_zmq_lag=0.6ms action_age=39.8ms scan_age=39.2ms scan_rx_age=15.5ms odom_age=7.5ms odom_rx_age=6.5ms sensor_skew=31.7ms loop_to_send=6.0ms
[go2:sport] DRY cmd#707 seq=739 v=0.900 w=-0.625 dt=40.6ms policy_zmq_lag=0.6ms action_age=40.5ms scan_age=39.9ms scan_rx_age=15.8ms odom_age=8.3ms odom_rx_age=7.3ms sensor_skew=31.6ms loop_to_send=6.1ms
[go2:sport] DRY cmd#708 seq=740 v=0.894 w=-0.536 dt=40.6ms policy_zmq_lag=0.7ms action_age=41.1ms scan_age=40.4ms scan_rx_age=15.9ms odom_age=8.7ms odom_rx_age=7.8ms sensor_skew=31.7ms loop_to_send=6.4ms
[go2:sport] DRY cmd#709 seq=741 v=0.894 w=-0.495 dt=39.7ms policy_zmq_lag=0.6ms action_age=40.7ms scan_age=40.0ms scan_rx_age=16.0ms odom_age=8.6ms odom_rx_age=7.7ms sensor_skew=31.5ms loop_to_send=6.3ms
[go2:sport] DRY cmd#710 seq=742 v=0.900 w=-0.615 dt=41.0ms policy_zmq_lag=0.7ms action_age=41.8ms scan_age=41.1ms scan_rx_age=16.7ms odom_age=9.4ms odom_rx_age=8.4ms sensor_skew=31.6ms loop_to_send=7.1ms
[go2:sport] DRY cmd#711 seq=743 v=0.895 w=-0.506 dt=38.5ms policy_zmq_lag=0.6ms action_age=40.3ms scan_age=39.6ms scan_rx_age=15.9ms odom_age=7.9ms odom_rx_age=7.0ms sensor_skew=31.7ms loop_to_send=5.9ms
[go2:sport] DRY cmd#712 seq=744 v=0.900 w=-0.386 dt=40.7ms policy_zmq_lag=0.7ms action_age=40.8ms scan_age=40.1ms scan_rx_age=16.5ms odom_age=8.5ms odom_rx_age=7.1ms sensor_skew=31.6ms loop_to_send=6.4ms
[go2:sport] DRY cmd#713 seq=745 v=0.895 w=-0.476 dt=39.4ms policy_zmq_lag=0.7ms action_age=40.4ms scan_age=39.7ms scan_rx_age=15.6ms odom_age=8.0ms odom_rx_age=7.0ms sensor_skew=31.7ms loop_to_send=6.4ms
[go2:sport] DRY cmd#714 seq=746 v=0.894 w=-0.507 dt=40.6ms policy_zmq_lag=0.7ms action_age=40.9ms scan_age=40.2ms scan_rx_age=16.4ms odom_age=8.7ms odom_rx_age=7.7ms sensor_skew=31.6ms loop_to_send=6.3ms
[go2:sport] DRY cmd#715 seq=747 v=0.900 w=-0.627 dt=40.1ms policy_zmq_lag=0.7ms action_age=40.9ms scan_age=40.2ms scan_rx_age=16.6ms odom_age=8.7ms odom_rx_age=7.7ms sensor_skew=31.5ms loop_to_send=6.3ms
[go2:sport] DRY cmd#716 seq=748 v=0.895 w=-0.507 dt=40.1ms policy_zmq_lag=0.8ms action_age=41.0ms scan_age=40.3ms scan_rx_age=16.4ms odom_age=8.7ms odom_rx_age=7.7ms sensor_skew=31.5ms loop_to_send=6.3ms
[go2:sport] DRY cmd#717 seq=749 v=0.894 w=-0.516 dt=40.6ms policy_zmq_lag=0.7ms action_age=41.5ms scan_age=40.9ms scan_rx_age=17.2ms odom_age=9.2ms odom_rx_age=8.3ms sensor_skew=31.6ms loop_to_send=6.9ms
[go2:sport] DRY cmd#718 seq=750 v=0.894 w=-0.536 dt=39.9ms policy_zmq_lag=0.7ms action_age=41.4ms scan_age=40.7ms scan_rx_age=17.0ms odom_age=9.1ms odom_rx_age=8.2ms sensor_skew=31.6ms loop_to_send=6.9ms
[go2:sport] DRY cmd#719 seq=751 v=0.895 w=-0.508 dt=39.1ms policy_zmq_lag=0.7ms action_age=41.4ms scan_age=40.7ms scan_rx_age=16.0ms odom_age=8.3ms odom_rx_age=7.3ms sensor_skew=32.5ms loop_to_send=6.0ms
[go2:sport] DRY cmd#720 seq=752 v=0.900 w=-0.627 dt=39.4ms policy_zmq_lag=0.6ms action_age=40.0ms scan_age=39.4ms scan_rx_age=14.6ms odom_age=7.9ms odom_rx_age=7.0ms sensor_skew=31.6ms loop_to_send=5.8ms
[go2:sport] DRY cmd#721 seq=753 v=0.894 w=-0.506 dt=40.9ms policy_zmq_lag=0.7ms action_age=40.9ms scan_age=40.2ms scan_rx_age=17.4ms odom_age=8.7ms odom_rx_age=7.7ms sensor_skew=31.6ms loop_to_send=6.4ms
[go2:sport] DRY cmd#722 seq=754 v=0.893 w=-0.556 dt=46.1ms policy_zmq_lag=0.7ms action_age=46.9ms scan_age=46.3ms scan_rx_age=21.8ms odom_age=17.8ms odom_rx_age=16.7ms sensor_skew=28.5ms loop_to_send=12.9ms
[go2:sport] DRY cmd#723 seq=755 v=0.900 w=-0.435 dt=33.5ms policy_zmq_lag=0.6ms action_age=41.3ms scan_age=40.7ms scan_rx_age=14.7ms odom_age=8.3ms odom_rx_age=7.2ms sensor_skew=32.4ms loop_to_send=5.9ms
[go2:sport] DRY cmd#724 seq=756 v=0.895 w=-0.478 dt=39.7ms policy_zmq_lag=0.6ms action_age=41.0ms scan_age=40.4ms scan_rx_age=8.9ms odom_age=8.0ms odom_rx_age=7.2ms sensor_skew=32.4ms loop_to_send=6.0ms
[go2:sport] DRY cmd#725 seq=757 v=0.900 w=-0.598 dt=40.0ms policy_zmq_lag=0.6ms action_age=40.1ms scan_age=39.5ms scan_rx_age=16.4ms odom_age=8.1ms odom_rx_age=7.3ms sensor_skew=31.4ms loop_to_send=6.0ms
[go2:sport] DRY cmd#726 seq=758 v=0.895 w=-0.507 dt=40.5ms policy_zmq_lag=0.6ms action_age=40.7ms scan_age=40.1ms scan_rx_age=13.1ms odom_age=8.4ms odom_rx_age=7.5ms sensor_skew=31.7ms loop_to_send=6.4ms
[go2:sport] DRY cmd#727 seq=759 v=0.894 w=-0.542 dt=39.9ms policy_zmq_lag=0.7ms action_age=40.8ms scan_age=40.1ms scan_rx_age=13.3ms odom_age=8.5ms odom_rx_age=7.6ms sensor_skew=31.6ms loop_to_send=6.3ms
[go2:sport] DRY cmd#728 seq=760 v=0.900 w=-0.661 dt=39.6ms policy_zmq_lag=0.6ms action_age=40.2ms scan_age=39.6ms scan_rx_age=10.9ms odom_age=7.9ms odom_rx_age=6.9ms sensor_skew=31.7ms loop_to_send=6.3ms
[go2:sport] DRY cmd#729 seq=761 v=0.895 w=-0.541 dt=55.6ms policy_zmq_lag=0.7ms action_age=75.7ms scan_age=75.0ms scan_rx_age=51.4ms odom_age=23.4ms odom_rx_age=22.2ms sensor_skew=51.6ms loop_to_send=21.6ms
[go2:sport] DRY cmd#730 seq=762 v=0.000 w=0.000 dt=18.7ms policy_zmq_lag=0.6ms
[go2:sport] DRY cmd#731 seq=763 v=0.118 w=-0.118 dt=47.9ms policy_zmq_lag=0.7ms action_age=44.5ms scan_age=43.8ms scan_rx_age=12.5ms odom_age=10.3ms odom_rx_age=9.4ms sensor_skew=33.5ms loop_to_send=8.1ms
[go2:sport] DRY cmd#732 seq=764 v=0.240 w=-0.240 dt=40.2ms policy_zmq_lag=0.7ms action_age=42.7ms scan_age=41.9ms scan_rx_age=8.6ms odom_age=10.5ms odom_rx_age=9.4ms sensor_skew=31.5ms loop_to_send=7.7ms
[go2:sport] DRY cmd#733 seq=765 v=0.357 w=-0.357 dt=37.8ms policy_zmq_lag=0.7ms action_age=40.5ms scan_age=39.8ms scan_rx_age=13.0ms odom_age=8.1ms odom_rx_age=7.0ms sensor_skew=31.7ms loop_to_send=6.4ms
[go2:sport] DRY cmd#734 seq=766 v=0.478 w=-0.478 dt=40.0ms policy_zmq_lag=0.6ms action_age=40.3ms scan_age=39.7ms scan_rx_age=9.3ms odom_age=8.2ms odom_rx_age=7.4ms sensor_skew=31.4ms loop_to_send=6.2ms
[go2:sport] DRY cmd#735 seq=767 v=0.599 w=-0.501 dt=40.5ms policy_zmq_lag=0.6ms action_age=60.9ms scan_age=60.2ms scan_rx_age=35.4ms odom_age=8.8ms odom_rx_age=7.9ms sensor_skew=51.5ms loop_to_send=6.5ms
[go2:sport] DRY cmd#736 seq=768 v=0.718 w=-0.489 dt=40.4ms policy_zmq_lag=1.3ms action_age=40.8ms scan_age=39.5ms scan_rx_age=16.3ms odom_age=8.3ms odom_rx_age=7.2ms sensor_skew=31.2ms loop_to_send=6.5ms
[go2:sport] DRY cmd#737 seq=769 v=0.838 w=-0.587 dt=39.4ms policy_zmq_lag=0.7ms action_age=60.7ms scan_age=60.0ms scan_rx_age=28.7ms odom_age=8.5ms odom_rx_age=7.6ms sensor_skew=51.5ms loop_to_send=6.4ms
[go2:sport] DRY cmd#738 seq=770 v=0.900 w=-0.708 dt=40.0ms policy_zmq_lag=0.7ms action_age=40.6ms scan_age=39.9ms scan_rx_age=10.4ms odom_age=8.5ms odom_rx_age=7.7ms sensor_skew=31.4ms loop_to_send=6.3ms
[go2:sport] DRY cmd#739 seq=771 v=0.899 w=-0.611 dt=39.6ms policy_zmq_lag=0.8ms action_age=40.2ms scan_age=39.4ms scan_rx_age=14.2ms odom_age=8.0ms odom_rx_age=7.1ms sensor_skew=31.4ms loop_to_send=6.0ms
[go2:sport] DRY cmd#740 seq=772 v=0.900 w=-0.728 dt=39.8ms policy_zmq_lag=0.7ms action_age=40.2ms scan_age=39.6ms scan_rx_age=11.6ms odom_age=7.9ms odom_rx_age=7.0ms sensor_skew=31.6ms loop_to_send=5.8ms
[go2:sport] DRY cmd#741 seq=773 v=0.894 w=-0.607 dt=42.6ms policy_zmq_lag=0.7ms action_age=42.8ms scan_age=42.1ms scan_rx_age=16.0ms odom_age=10.7ms odom_rx_age=9.7ms sensor_skew=31.4ms loop_to_send=8.4ms
[go2:sport] DRY cmd#742 seq=774 v=0.895 w=-0.492 dt=38.0ms policy_zmq_lag=0.7ms action_age=41.0ms scan_age=40.3ms scan_rx_age=16.3ms odom_age=8.6ms odom_rx_age=7.6ms sensor_skew=31.8ms loop_to_send=6.4ms
[go2:sport] DRY cmd#743 seq=775 v=0.900 w=-0.612 dt=39.6ms policy_zmq_lag=0.6ms action_age=40.4ms scan_age=39.8ms scan_rx_age=15.9ms odom_age=8.3ms odom_rx_age=7.4ms sensor_skew=31.5ms loop_to_send=6.1ms
[go2:sport] DRY cmd#744 seq=776 v=0.895 w=-0.492 dt=40.2ms policy_zmq_lag=0.6ms action_age=40.8ms scan_age=40.2ms scan_rx_age=15.8ms odom_age=8.4ms odom_rx_age=7.5ms sensor_skew=31.7ms loop_to_send=6.2ms
[go2:sport] DRY cmd#745 seq=777 v=0.900 w=-0.611 dt=40.4ms policy_zmq_lag=0.8ms action_age=40.9ms scan_age=40.1ms scan_rx_age=13.6ms odom_age=8.7ms odom_rx_age=7.7ms sensor_skew=31.5ms loop_to_send=6.5ms
[go2:sport] DRY cmd#746 seq=778 v=0.894 w=-0.495 dt=39.8ms policy_zmq_lag=0.7ms action_age=40.8ms scan_age=40.1ms scan_rx_age=16.1ms odom_age=8.7ms odom_rx_age=7.8ms sensor_skew=31.5ms loop_to_send=6.6ms
[go2:sport] DRY cmd#747 seq=779 v=0.894 w=-0.508 dt=40.4ms policy_zmq_lag=0.7ms action_age=41.3ms scan_age=40.6ms scan_rx_age=16.1ms odom_age=8.8ms odom_rx_age=7.8ms sensor_skew=31.9ms loop_to_send=6.7ms
[go2:sport] DRY cmd#748 seq=780 v=0.900 w=-0.628 dt=42.6ms policy_zmq_lag=0.7ms action_age=63.8ms scan_age=63.1ms scan_rx_age=38.4ms odom_age=11.3ms odom_rx_age=9.9ms sensor_skew=51.8ms loop_to_send=9.2ms
[go2:sport] DRY cmd#749 seq=781 v=0.899 w=-0.509 dt=38.8ms policy_zmq_lag=0.8ms action_age=42.5ms scan_age=41.7ms scan_rx_age=16.1ms odom_age=10.2ms odom_rx_age=9.0ms sensor_skew=31.5ms loop_to_send=8.2ms
[go2:sport] DRY cmd#750 seq=782 v=0.900 w=-0.629 dt=38.1ms policy_zmq_lag=0.6ms action_age=40.6ms scan_age=40.0ms scan_rx_age=15.9ms odom_age=8.4ms odom_rx_age=7.1ms sensor_skew=31.6ms loop_to_send=6.4ms
[go2:sport] DRY cmd#751 seq=783 v=0.893 w=-0.559 dt=40.6ms policy_zmq_lag=0.8ms action_age=40.4ms scan_age=39.7ms scan_rx_age=15.1ms odom_age=8.9ms odom_rx_age=7.8ms sensor_skew=30.8ms loop_to_send=7.0ms
[go2:sport] DRY cmd#752 seq=784 v=0.895 w=-0.508 dt=39.6ms policy_zmq_lag=0.8ms action_age=40.7ms scan_age=40.0ms scan_rx_age=16.0ms odom_age=8.6ms odom_rx_age=7.6ms sensor_skew=31.4ms loop_to_send=6.3ms
[go2:sport] DRY cmd#753 seq=785 v=0.900 w=-0.629 dt=40.4ms policy_zmq_lag=0.7ms action_age=41.1ms scan_age=40.4ms scan_rx_age=15.6ms odom_age=9.0ms odom_rx_age=8.0ms sensor_skew=31.4ms loop_to_send=6.6ms
[go2:sport] DRY cmd#754 seq=786 v=0.895 w=-0.510 dt=40.0ms policy_zmq_lag=0.7ms action_age=41.2ms scan_age=40.6ms scan_rx_age=9.3ms odom_age=9.1ms odom_rx_age=8.1ms sensor_skew=31.5ms loop_to_send=6.8ms
[go2:sport] DRY cmd#755 seq=787 v=0.900 w=-0.630 dt=39.6ms policy_zmq_lag=0.7ms action_age=40.8ms scan_age=40.1ms scan_rx_age=15.4ms odom_age=8.7ms odom_rx_age=7.6ms sensor_skew=31.5ms loop_to_send=6.4ms
[go2:sport] DRY cmd#756 seq=788 v=0.894 w=-0.550 dt=40.2ms policy_zmq_lag=0.7ms action_age=41.1ms scan_age=40.4ms scan_rx_age=12.9ms odom_age=8.8ms odom_rx_age=7.0ms sensor_skew=31.6ms loop_to_send=6.4ms
[go2:sport] DRY cmd#757 seq=789 v=0.895 w=-0.491 dt=45.4ms policy_zmq_lag=0.8ms action_age=45.7ms scan_age=44.8ms scan_rx_age=22.3ms odom_age=14.1ms odom_rx_age=12.8ms sensor_skew=30.7ms loop_to_send=11.8ms
[go2:sport] DRY cmd#758 seq=790 v=0.900 w=-0.609 dt=34.0ms policy_zmq_lag=0.7ms action_age=39.5ms scan_age=38.8ms scan_rx_age=17.3ms odom_age=8.2ms odom_rx_age=7.0ms sensor_skew=30.6ms loop_to_send=6.3ms
[go2:sport] DRY cmd#759 seq=791 v=0.894 w=-0.504 dt=40.0ms policy_zmq_lag=0.7ms action_age=40.4ms scan_age=39.7ms scan_rx_age=12.4ms odom_age=8.3ms odom_rx_age=7.4ms sensor_skew=31.4ms loop_to_send=6.2ms
[go2:sport] DRY cmd#760 seq=792 v=0.895 w=-0.489 dt=40.0ms policy_zmq_lag=0.6ms action_age=60.3ms scan_age=59.7ms scan_rx_age=32.9ms odom_age=8.6ms odom_rx_age=7.1ms sensor_skew=51.1ms loop_to_send=6.3ms
[go2:sport] DRY cmd#761 seq=793 v=0.893 w=-0.560 dt=41.0ms policy_zmq_lag=0.7ms action_age=41.5ms scan_age=40.8ms scan_rx_age=16.0ms odom_age=9.3ms odom_rx_age=7.9ms sensor_skew=31.5ms loop_to_send=6.8ms
[go2:sport] DRY cmd#762 seq=794 v=0.895 w=-0.480 dt=39.9ms policy_zmq_lag=0.9ms action_age=42.2ms scan_age=41.3ms scan_rx_age=15.6ms odom_age=8.9ms odom_rx_age=7.8ms sensor_skew=32.4ms loop_to_send=6.5ms
[go2:sport] DRY cmd#763 seq=795 v=0.900 w=-0.600 dt=39.7ms policy_zmq_lag=0.7ms action_age=40.9ms scan_age=40.2ms scan_rx_age=16.4ms odom_age=12.2ms odom_rx_age=11.1ms sensor_skew=28.0ms loop_to_send=6.6ms
[go2:sport] DRY cmd#764 seq=796 v=0.895 w=-0.506 dt=39.7ms policy_zmq_lag=0.7ms action_age=40.1ms scan_age=39.4ms scan_rx_age=15.5ms odom_age=8.6ms odom_rx_age=7.6ms sensor_skew=30.8ms loop_to_send=6.3ms
[go2:sport] DRY cmd#765 seq=797 v=0.900 w=-0.387 dt=40.0ms policy_zmq_lag=0.7ms action_age=40.5ms scan_age=39.8ms scan_rx_age=15.9ms odom_age=8.3ms odom_rx_age=7.2ms sensor_skew=31.5ms loop_to_send=6.6ms
[go2:sport] DRY cmd#766 seq=798 v=0.898 w=-0.507 dt=45.4ms policy_zmq_lag=5.1ms action_age=45.9ms scan_age=40.8ms scan_rx_age=16.3ms odom_age=16.2ms odom_rx_age=13.5ms sensor_skew=24.7ms loop_to_send=7.3ms
[go2:sport] DRY cmd#767 seq=799 v=0.895 w=-0.517 dt=35.1ms policy_zmq_lag=0.7ms action_age=41.0ms scan_age=40.3ms scan_rx_age=17.1ms odom_age=16.5ms odom_rx_age=14.2ms sensor_skew=23.8ms loop_to_send=6.7ms
[go2:sport] DRY cmd#768 seq=800 v=0.900 w=-0.637 dt=39.5ms policy_zmq_lag=0.6ms action_age=39.5ms scan_age=38.8ms scan_rx_age=15.4ms odom_age=8.7ms odom_rx_age=7.1ms sensor_skew=30.1ms loop_to_send=6.4ms
[go2:sport] DRY cmd#769 seq=801 v=0.895 w=-0.517 dt=40.5ms policy_zmq_lag=0.7ms action_age=41.2ms scan_age=40.5ms scan_rx_age=17.4ms odom_age=9.1ms odom_rx_age=8.0ms sensor_skew=31.4ms loop_to_send=6.5ms
[go2:sport] DRY cmd#770 seq=802 v=0.894 w=-0.532 dt=40.3ms policy_zmq_lag=0.8ms action_age=41.4ms scan_age=40.6ms scan_rx_age=15.8ms odom_age=9.2ms odom_rx_age=7.5ms sensor_skew=31.5ms loop_to_send=6.6ms
[go2:sport] DRY cmd#771 seq=803 v=0.894 w=-0.514 dt=38.7ms policy_zmq_lag=0.6ms action_age=40.3ms scan_age=39.7ms scan_rx_age=15.4ms odom_age=8.1ms odom_rx_age=7.2ms sensor_skew=31.6ms loop_to_send=6.1ms
[go2:sport] DRY cmd#772 seq=804 v=0.895 w=-0.488 dt=39.9ms policy_zmq_lag=0.6ms action_age=39.9ms scan_age=39.3ms scan_rx_age=15.5ms odom_age=8.0ms odom_rx_age=7.1ms sensor_skew=31.4ms loop_to_send=6.0ms
[go2:sport] DRY cmd#773 seq=805 v=0.900 w=-0.610 dt=40.8ms policy_zmq_lag=0.7ms action_age=41.7ms scan_age=41.0ms scan_rx_age=13.2ms odom_age=7.7ms odom_rx_age=6.6ms sensor_skew=33.3ms loop_to_send=6.1ms
[go2:sport] DRY cmd#774 seq=806 v=0.894 w=-0.503 dt=39.7ms policy_zmq_lag=0.7ms action_age=40.6ms scan_age=39.9ms scan_rx_age=16.6ms odom_age=8.4ms odom_rx_age=7.4ms sensor_skew=31.5ms loop_to_send=6.2ms
[go2:sport] DRY cmd#775 seq=807 v=0.894 w=-0.552 dt=41.1ms policy_zmq_lag=0.7ms action_age=41.6ms scan_age=40.9ms scan_rx_age=16.9ms odom_age=9.6ms odom_rx_age=8.2ms sensor_skew=31.3ms loop_to_send=7.4ms
[go2:sport] DRY cmd#776 seq=808 v=0.900 w=-0.431 dt=39.2ms policy_zmq_lag=0.7ms action_age=40.9ms scan_age=40.2ms scan_rx_age=14.9ms odom_age=8.9ms odom_rx_age=7.7ms sensor_skew=31.4ms loop_to_send=6.3ms
[go2:sport] DRY cmd#777 seq=809 v=0.895 w=-0.511 dt=41.0ms policy_zmq_lag=0.7ms action_age=41.9ms scan_age=41.2ms scan_rx_age=15.3ms odom_age=10.0ms odom_rx_age=8.9ms sensor_skew=31.2ms loop_to_send=7.4ms
[go2:sport] DRY cmd#778 seq=810 v=0.900 w=-0.631 dt=38.9ms policy_zmq_lag=0.7ms action_age=40.8ms scan_age=40.1ms scan_rx_age=16.6ms odom_age=8.7ms odom_rx_age=7.7ms sensor_skew=31.4ms loop_to_send=6.3ms
[go2:sport] DRY cmd#779 seq=811 v=0.895 w=-0.511 dt=40.3ms policy_zmq_lag=0.6ms action_age=41.2ms scan_age=40.5ms scan_rx_age=16.6ms odom_age=9.0ms odom_rx_age=8.0ms sensor_skew=31.6ms loop_to_send=6.5ms
[go2:sport] DRY cmd#780 seq=812 v=0.894 w=-0.529 dt=39.3ms policy_zmq_lag=0.6ms action_age=40.3ms scan_age=39.6ms scan_rx_age=14.8ms odom_age=8.2ms odom_rx_age=7.3ms sensor_skew=31.4ms loop_to_send=6.1ms
[go2:sport] DRY cmd#781 seq=813 v=0.900 w=-0.649 dt=39.9ms policy_zmq_lag=0.7ms action_age=40.1ms scan_age=39.4ms scan_rx_age=17.5ms odom_age=8.1ms odom_rx_age=7.2ms sensor_skew=31.3ms loop_to_send=6.0ms
[go2:sport] DRY cmd#782 seq=814 v=0.896 w=-0.528 dt=40.7ms policy_zmq_lag=0.7ms action_age=40.8ms scan_age=40.1ms scan_rx_age=16.7ms odom_age=8.8ms odom_rx_age=7.9ms sensor_skew=31.3ms loop_to_send=6.7ms
[go2:sport] DRY cmd#783 seq=815 v=0.900 w=-0.648 dt=39.5ms policy_zmq_lag=0.6ms action_age=40.4ms scan_age=39.7ms scan_rx_age=15.9ms odom_age=8.3ms odom_rx_age=7.4ms sensor_skew=31.4ms loop_to_send=6.2ms
[go2:sport] DRY cmd#784 seq=816 v=0.894 w=-0.529 dt=40.2ms policy_zmq_lag=0.7ms action_age=40.5ms scan_age=39.8ms scan_rx_age=14.9ms odom_age=8.6ms odom_rx_age=7.7ms sensor_skew=31.2ms loop_to_send=6.4ms
[go2:sport] DRY cmd#785 seq=817 v=0.894 w=-0.503 dt=40.5ms policy_zmq_lag=0.7ms action_age=41.0ms scan_age=40.3ms scan_rx_age=15.1ms odom_age=8.9ms odom_rx_age=7.9ms sensor_skew=31.4ms loop_to_send=6.6ms
[go2:sport] DRY cmd#786 seq=818 v=0.900 w=-0.623 dt=39.5ms policy_zmq_lag=0.7ms action_age=40.3ms scan_age=39.7ms scan_rx_age=14.6ms odom_age=8.6ms odom_rx_age=7.4ms sensor_skew=31.1ms loop_to_send=6.2ms
[go2:sport] DRY cmd#787 seq=819 v=0.895 w=-0.503 dt=50.9ms policy_zmq_lag=0.6ms action_age=51.5ms scan_age=50.8ms scan_rx_age=24.6ms odom_age=25.6ms odom_rx_age=20.6ms sensor_skew=25.3ms loop_to_send=17.2ms
[go2:sport] DRY cmd#788 seq=820 v=0.900 w=-0.623 dt=29.2ms policy_zmq_lag=0.7ms action_age=60.5ms scan_age=59.8ms scan_rx_age=25.5ms odom_age=11.9ms odom_rx_age=10.8ms sensor_skew=47.9ms loop_to_send=6.4ms
[go2:sport] DRY cmd#789 seq=821 v=0.894 w=-0.525 dt=41.9ms policy_zmq_lag=0.7ms action_age=42.6ms scan_age=41.9ms scan_rx_age=14.0ms odom_age=10.5ms odom_rx_age=8.9ms sensor_skew=31.4ms loop_to_send=7.7ms
[go2:sport] DRY cmd#790 seq=822 v=0.900 w=-0.408 dt=40.4ms policy_zmq_lag=0.7ms action_age=61.3ms scan_age=60.6ms scan_rx_age=24.5ms odom_age=10.9ms odom_rx_age=9.6ms sensor_skew=49.7ms loop_to_send=8.9ms
[go2:sport] DRY cmd#791 seq=823 v=0.900 w=-0.529 dt=39.5ms policy_zmq_lag=1.4ms action_age=42.4ms scan_age=41.1ms scan_rx_age=14.3ms odom_age=9.8ms odom_rx_age=8.5ms sensor_skew=31.3ms loop_to_send=7.5ms
[go2:sport] DRY cmd#792 seq=824 v=0.900 w=-0.407 dt=38.9ms policy_zmq_lag=0.8ms action_age=40.1ms scan_age=39.3ms scan_rx_age=14.1ms odom_age=9.1ms odom_rx_age=7.9ms sensor_skew=30.2ms loop_to_send=6.5ms
[go2:sport] DRY cmd#793 seq=825 v=0.900 w=-0.527 dt=39.8ms policy_zmq_lag=0.7ms action_age=41.2ms scan_age=40.4ms scan_rx_age=16.9ms odom_age=9.1ms odom_rx_age=8.0ms sensor_skew=31.3ms loop_to_send=6.5ms
[go2:sport] DRY cmd#794 seq=826 v=0.894 w=-0.517 dt=40.2ms policy_zmq_lag=0.7ms action_age=41.5ms scan_age=40.9ms scan_rx_age=16.6ms odom_age=9.5ms odom_rx_age=8.3ms sensor_skew=31.4ms loop_to_send=6.7ms
[go2:sport] DRY cmd#795 seq=827 v=0.894 w=-0.498 dt=39.1ms policy_zmq_lag=0.7ms action_age=40.6ms scan_age=39.9ms scan_rx_age=15.8ms odom_age=8.4ms odom_rx_age=7.2ms sensor_skew=31.5ms loop_to_send=6.5ms
[go2:sport] DRY cmd#796 seq=828 v=0.900 w=-0.619 dt=40.0ms policy_zmq_lag=0.7ms action_age=40.5ms scan_age=39.8ms scan_rx_age=16.5ms odom_age=8.5ms odom_rx_age=7.0ms sensor_skew=31.3ms loop_to_send=6.3ms
[go2:sport] DRY cmd#797 seq=829 v=0.895 w=-0.499 dt=40.8ms policy_zmq_lag=0.9ms action_age=41.3ms scan_age=40.4ms scan_rx_age=12.0ms odom_age=9.0ms odom_rx_age=8.0ms sensor_skew=31.3ms loop_to_send=6.6ms
[go2:sport] DRY cmd#798 seq=830 v=0.900 w=-0.620 dt=40.0ms policy_zmq_lag=0.9ms action_age=42.3ms scan_age=41.4ms scan_rx_age=14.8ms odom_age=8.9ms odom_rx_age=7.8ms sensor_skew=32.5ms loop_to_send=6.3ms
[go2:sport] DRY cmd#799 seq=831 v=0.894 w=-0.500 dt=40.1ms policy_zmq_lag=0.7ms action_age=41.6ms scan_age=40.9ms scan_rx_age=17.4ms odom_age=9.3ms odom_rx_age=8.2ms sensor_skew=31.6ms loop_to_send=6.8ms
[go2:sport] DRY cmd#800 seq=832 v=0.894 w=-0.490 dt=39.7ms policy_zmq_lag=0.7ms action_age=41.0ms scan_age=40.3ms scan_rx_age=14.5ms odom_age=9.1ms odom_rx_age=8.0ms sensor_skew=31.2ms loop_to_send=6.5ms
[go2:sport] DRY cmd#801 seq=833 v=0.900 w=-0.609 dt=39.3ms policy_zmq_lag=0.7ms action_age=40.0ms scan_age=39.3ms scan_rx_age=15.7ms odom_age=8.2ms odom_rx_age=7.0ms sensor_skew=31.1ms loop_to_send=6.3ms
[go2:sport] DRY cmd#802 seq=834 v=0.896 w=-0.550 dt=39.9ms policy_zmq_lag=0.6ms action_age=40.1ms scan_age=39.5ms scan_rx_age=15.7ms odom_age=8.4ms odom_rx_age=7.5ms sensor_skew=31.1ms loop_to_send=6.2ms
[go2:sport] DRY cmd#803 seq=835 v=0.900 w=-0.671 dt=40.3ms policy_zmq_lag=0.7ms action_age=40.6ms scan_age=39.9ms scan_rx_age=12.3ms odom_age=8.5ms odom_rx_age=7.5ms sensor_skew=31.4ms loop_to_send=6.3ms
[go2:sport] DRY cmd#804 seq=836 v=0.894 w=-0.558 dt=39.9ms policy_zmq_lag=0.7ms action_age=40.3ms scan_age=39.7ms scan_rx_age=15.5ms odom_age=8.4ms odom_rx_age=7.3ms sensor_skew=31.3ms loop_to_send=6.1ms
[go2:sport] DRY cmd#805 seq=837 v=0.894 w=-0.517 dt=39.8ms policy_zmq_lag=0.7ms action_age=40.3ms scan_age=39.6ms scan_rx_age=15.9ms odom_age=8.2ms odom_rx_age=7.3ms sensor_skew=31.4ms loop_to_send=6.2ms
[go2:sport] DRY cmd#806 seq=838 v=0.900 w=-0.637 dt=40.1ms policy_zmq_lag=0.7ms action_age=40.2ms scan_age=39.6ms scan_rx_age=16.6ms odom_age=8.5ms odom_rx_age=7.6ms sensor_skew=31.1ms loop_to_send=6.3ms
[go2:sport] DRY cmd#807 seq=839 v=0.895 w=-0.523 dt=40.7ms policy_zmq_lag=0.6ms action_age=40.5ms scan_age=39.9ms scan_rx_age=16.1ms odom_age=9.0ms odom_rx_age=7.9ms sensor_skew=30.9ms loop_to_send=6.6ms
[go2:sport] DRY cmd#808 seq=840 v=0.900 w=-0.404 dt=39.2ms policy_zmq_lag=0.7ms action_age=40.0ms scan_age=39.3ms scan_rx_age=15.4ms odom_age=8.2ms odom_rx_age=7.2ms sensor_skew=31.1ms loop_to_send=6.1ms
[go2:sport] DRY cmd#809 seq=841 v=0.893 w=-0.525 dt=40.7ms policy_zmq_lag=0.7ms action_age=40.8ms scan_age=40.1ms scan_rx_age=15.3ms odom_age=9.0ms odom_rx_age=7.9ms sensor_skew=31.1ms loop_to_send=6.6ms
[go2:sport] DRY cmd#810 seq=842 v=0.894 w=-0.494 dt=39.4ms policy_zmq_lag=0.7ms action_age=41.1ms scan_age=40.4ms scan_rx_age=15.4ms odom_age=8.5ms odom_rx_age=7.7ms sensor_skew=31.9ms loop_to_send=6.3ms
[go2:sport] DRY cmd#811 seq=843 v=0.900 w=-0.614 dt=41.1ms policy_zmq_lag=1.4ms action_age=41.6ms scan_age=40.2ms scan_rx_age=16.9ms odom_age=8.2ms odom_rx_age=7.2ms sensor_skew=31.9ms loop_to_send=6.6ms
[go2:sport] DRY cmd#812 seq=844 v=0.895 w=-0.494 dt=39.2ms policy_zmq_lag=0.7ms action_age=40.7ms scan_age=40.0ms scan_rx_age=16.1ms odom_age=8.8ms odom_rx_age=7.9ms sensor_skew=31.2ms loop_to_send=6.6ms
[go2:sport] DRY cmd#813 seq=845 v=0.899 w=-0.614 dt=41.2ms policy_zmq_lag=0.8ms action_age=41.9ms scan_age=41.0ms scan_rx_age=17.5ms odom_age=9.8ms odom_rx_age=8.8ms sensor_skew=31.3ms loop_to_send=7.4ms
[go2:sport] DRY cmd#814 seq=846 v=0.893 w=-0.536 dt=38.8ms policy_zmq_lag=0.7ms action_age=39.9ms scan_age=39.2ms scan_rx_age=15.6ms odom_age=8.7ms odom_rx_age=7.7ms sensor_skew=30.6ms loop_to_send=6.5ms
[go2:sport] DRY cmd#815 seq=847 v=0.894 w=-0.516 dt=40.8ms policy_zmq_lag=0.8ms action_age=41.3ms scan_age=40.5ms scan_rx_age=15.6ms odom_age=9.4ms odom_rx_age=8.3ms sensor_skew=31.1ms loop_to_send=6.8ms
[go2:sport] DRY cmd#816 seq=848 v=0.900 w=-0.635 dt=39.7ms policy_zmq_lag=0.8ms action_age=41.0ms scan_age=40.3ms scan_rx_age=15.9ms odom_age=9.1ms odom_rx_age=8.1ms sensor_skew=31.1ms loop_to_send=6.7ms
[go2:sport] DRY cmd#817 seq=849 v=0.894 w=-0.516 dt=39.6ms policy_zmq_lag=0.7ms action_age=40.6ms scan_age=39.9ms scan_rx_age=17.1ms odom_age=8.7ms odom_rx_age=7.7ms sensor_skew=31.2ms loop_to_send=6.5ms
[go2:sport] DRY cmd#818 seq=850 v=0.900 w=-0.394 dt=41.0ms policy_zmq_lag=0.7ms action_age=41.5ms scan_age=40.8ms scan_rx_age=16.3ms odom_age=9.5ms odom_rx_age=8.3ms sensor_skew=31.4ms loop_to_send=6.9ms
[go2:sport] DRY cmd#819 seq=851 v=0.898 w=-0.275 dt=38.9ms policy_zmq_lag=0.7ms action_age=40.3ms scan_age=39.6ms scan_rx_age=16.2ms odom_age=8.6ms odom_rx_age=7.8ms sensor_skew=31.0ms loop_to_send=6.2ms
[go2:sport] DRY cmd#820 seq=852 v=0.895 w=-0.395 dt=40.1ms policy_zmq_lag=0.7ms action_age=40.5ms scan_age=39.8ms scan_rx_age=16.3ms odom_age=8.8ms odom_rx_age=7.9ms sensor_skew=31.0ms loop_to_send=6.3ms
[go2:sport] DRY cmd#821 seq=853 v=0.900 w=-0.515 dt=39.8ms policy_zmq_lag=0.6ms action_age=40.2ms scan_age=39.6ms scan_rx_age=16.6ms odom_age=8.6ms odom_rx_age=7.8ms sensor_skew=31.0ms loop_to_send=6.2ms
[go2:sport] DRY cmd#822 seq=854 v=0.894 w=-0.494 dt=39.9ms policy_zmq_lag=0.7ms action_age=40.2ms scan_age=39.5ms scan_rx_age=15.6ms odom_age=8.3ms odom_rx_age=7.4ms sensor_skew=31.1ms loop_to_send=6.2ms
[go2:sport] DRY cmd#823 seq=855 v=0.894 w=-0.522 dt=40.2ms policy_zmq_lag=0.7ms action_age=41.2ms scan_age=40.5ms scan_rx_age=16.6ms odom_age=8.6ms odom_rx_age=7.6ms sensor_skew=31.9ms loop_to_send=6.3ms
[go2:sport] DRY cmd#824 seq=856 v=0.894 w=-0.504 dt=40.1ms policy_zmq_lag=0.7ms action_age=40.6ms scan_age=39.9ms scan_rx_age=16.2ms odom_age=8.7ms odom_rx_age=7.9ms sensor_skew=31.2ms loop_to_send=6.2ms
[go2:sport] DRY cmd#825 seq=857 v=0.895 w=-0.501 dt=40.0ms policy_zmq_lag=0.7ms action_age=40.5ms scan_age=39.8ms scan_rx_age=16.5ms odom_age=8.7ms odom_rx_age=7.8ms sensor_skew=31.0ms loop_to_send=6.5ms
[go2:sport] DRY cmd#826 seq=858 v=0.900 w=-0.621 dt=40.2ms policy_zmq_lag=0.8ms action_age=40.8ms scan_age=40.0ms scan_rx_age=16.5ms odom_age=8.7ms odom_rx_age=7.6ms sensor_skew=31.4ms loop_to_send=6.3ms
[go2:sport] DRY cmd#827 seq=859 v=0.894 w=-0.505 dt=39.6ms policy_zmq_lag=0.7ms action_age=40.3ms scan_age=39.7ms scan_rx_age=16.4ms odom_age=8.4ms odom_rx_age=7.5ms sensor_skew=31.2ms loop_to_send=6.2ms
[go2:sport] DRY cmd#828 seq=860 v=0.894 w=-0.544 dt=40.7ms policy_zmq_lag=0.8ms action_age=41.0ms scan_age=40.2ms scan_rx_age=16.8ms odom_age=8.9ms odom_rx_age=7.5ms sensor_skew=31.3ms loop_to_send=6.8ms
[go2:sport] DRY cmd#829 seq=861 v=0.900 w=-0.664 dt=39.3ms policy_zmq_lag=0.7ms action_age=40.3ms scan_age=39.6ms scan_rx_age=16.0ms odom_age=8.7ms odom_rx_age=7.7ms sensor_skew=30.9ms loop_to_send=6.4ms
[go2:sport] DRY cmd#830 seq=862 v=0.895 w=-0.543 dt=40.8ms policy_zmq_lag=0.8ms action_age=41.2ms scan_age=40.4ms scan_rx_age=16.9ms odom_age=9.1ms odom_rx_age=8.0ms sensor_skew=31.3ms loop_to_send=6.6ms
[go2:sport] DRY cmd#831 seq=863 v=0.900 w=-0.662 dt=41.0ms policy_zmq_lag=0.6ms action_age=39.1ms scan_age=38.4ms scan_rx_age=17.0ms odom_age=10.5ms odom_rx_age=9.6ms sensor_skew=28.0ms loop_to_send=7.9ms
[go2:sport] DRY cmd#832 seq=864 v=0.895 w=-0.542 dt=38.1ms policy_zmq_lag=0.7ms action_age=40.3ms scan_age=39.6ms scan_rx_age=15.0ms odom_age=8.5ms odom_rx_age=7.6ms sensor_skew=31.1ms loop_to_send=6.1ms
[go2:sport] DRY cmd#833 seq=865 v=0.894 w=-0.572 dt=40.0ms policy_zmq_lag=0.6ms action_age=40.3ms scan_age=39.7ms scan_rx_age=16.1ms odom_age=8.6ms odom_rx_age=7.7ms sensor_skew=31.1ms loop_to_send=6.2ms
[go2:sport] DRY cmd#834 seq=866 v=0.900 w=-0.692 dt=39.9ms policy_zmq_lag=0.7ms action_age=40.2ms scan_age=39.6ms scan_rx_age=16.5ms odom_age=8.4ms odom_rx_age=7.6ms sensor_skew=31.2ms loop_to_send=6.0ms
[go2:sport] DRY cmd#835 seq=867 v=0.897 w=-0.572 dt=40.2ms policy_zmq_lag=0.7ms action_age=40.2ms scan_age=39.5ms scan_rx_age=14.5ms odom_age=8.5ms odom_rx_age=7.6ms sensor_skew=31.0ms loop_to_send=6.3ms
[go2:sport] DRY cmd#836 seq=868 v=0.900 w=-0.693 dt=40.1ms policy_zmq_lag=0.7ms action_age=40.6ms scan_age=39.8ms scan_rx_age=15.5ms odom_age=8.7ms odom_rx_age=7.9ms sensor_skew=31.1ms loop_to_send=6.2ms
[go2:sport] DRY cmd#837 seq=869 v=0.894 w=-0.572 dt=40.2ms policy_zmq_lag=0.7ms action_age=40.7ms scan_age=40.0ms scan_rx_age=16.5ms odom_age=8.9ms odom_rx_age=8.0ms sensor_skew=31.1ms loop_to_send=6.3ms
[go2:sport] DRY cmd#838 seq=870 v=0.895 w=-0.497 dt=39.6ms policy_zmq_lag=0.7ms action_age=40.2ms scan_age=39.5ms scan_rx_age=15.0ms odom_age=8.5ms odom_rx_age=7.5ms sensor_skew=31.0ms loop_to_send=6.1ms
[go2:sport] DRY cmd#839 seq=871 v=0.900 w=-0.617 dt=40.0ms policy_zmq_lag=0.7ms action_age=40.2ms scan_age=39.5ms scan_rx_age=16.5ms odom_age=8.5ms odom_rx_age=7.6ms sensor_skew=31.0ms loop_to_send=6.0ms
[go2:sport] DRY cmd#840 seq=872 v=0.898 w=-0.510 dt=39.9ms policy_zmq_lag=0.7ms action_age=40.2ms scan_age=39.5ms scan_rx_age=14.7ms odom_age=8.5ms odom_rx_age=7.6ms sensor_skew=31.0ms loop_to_send=6.1ms
[go2:sport] DRY cmd#841 seq=873 v=0.900 w=-0.630 dt=40.0ms policy_zmq_lag=0.7ms action_age=40.2ms scan_age=39.5ms scan_rx_age=16.2ms odom_age=8.4ms odom_rx_age=7.7ms sensor_skew=31.1ms loop_to_send=6.1ms
[go2:sport] DRY cmd#842 seq=874 v=0.895 w=-0.509 dt=40.2ms policy_zmq_lag=0.7ms action_age=40.4ms scan_age=39.7ms scan_rx_age=16.2ms odom_age=8.6ms odom_rx_age=7.7ms sensor_skew=31.0ms loop_to_send=6.1ms
[go2:sport] DRY cmd#843 seq=875 v=0.894 w=-0.498 dt=40.6ms policy_zmq_lag=0.7ms action_age=41.0ms scan_age=40.3ms scan_rx_age=16.5ms odom_age=9.1ms odom_rx_age=8.2ms sensor_skew=31.2ms loop_to_send=6.7ms
[go2:sport] DRY cmd#844 seq=876 v=0.900 w=-0.618 dt=39.3ms policy_zmq_lag=0.7ms action_age=40.3ms scan_age=39.7ms scan_rx_age=16.0ms odom_age=8.6ms odom_rx_age=7.7ms sensor_skew=31.1ms loop_to_send=6.1ms
[go2:sport] DRY cmd#845 seq=877 v=0.900 w=-0.498 dt=40.1ms policy_zmq_lag=0.7ms action_age=40.3ms scan_age=39.6ms scan_rx_age=16.5ms odom_age=8.7ms odom_rx_age=8.0ms sensor_skew=30.9ms loop_to_send=6.2ms
[go2:sport] DRY cmd#846 seq=878 v=0.900 w=-0.619 dt=40.0ms policy_zmq_lag=0.7ms action_age=40.5ms scan_age=39.8ms scan_rx_age=15.8ms odom_age=8.6ms odom_rx_age=7.8ms sensor_skew=31.1ms loop_to_send=6.1ms
[go2:sport] DRY cmd#847 seq=879 v=0.894 w=-0.502 dt=40.0ms policy_zmq_lag=0.7ms action_age=40.3ms scan_age=39.6ms scan_rx_age=16.0ms odom_age=8.7ms odom_rx_age=8.0ms sensor_skew=30.9ms loop_to_send=6.2ms
[go2:sport] DRY cmd#848 seq=880 v=0.894 w=-0.507 dt=40.5ms policy_zmq_lag=0.7ms action_age=41.7ms scan_age=41.0ms scan_rx_age=15.3ms odom_age=9.0ms odom_rx_age=8.1ms sensor_skew=31.9ms loop_to_send=6.8ms
[go2:sport] DRY cmd#849 seq=881 v=0.900 w=-0.628 dt=39.7ms policy_zmq_lag=0.7ms action_age=40.6ms scan_age=39.9ms scan_rx_age=15.5ms odom_age=8.9ms odom_rx_age=7.9ms sensor_skew=31.1ms loop_to_send=6.3ms
[go2:sport] DRY cmd#850 seq=882 v=0.895 w=-0.513 dt=39.8ms policy_zmq_lag=0.7ms action_age=40.3ms scan_age=39.6ms scan_rx_age=16.2ms odom_age=8.8ms odom_rx_age=8.0ms sensor_skew=30.8ms loop_to_send=6.3ms
[go2:sport] DRY cmd#851 seq=883 v=0.900 w=-0.634 dt=39.8ms policy_zmq_lag=0.6ms action_age=40.0ms scan_age=39.4ms scan_rx_age=16.1ms odom_age=8.5ms odom_rx_age=7.7ms sensor_skew=30.9ms loop_to_send=6.1ms
[go2:sport] DRY cmd#852 seq=884 v=0.895 w=-0.513 dt=40.5ms policy_zmq_lag=0.7ms action_age=40.6ms scan_age=39.9ms scan_rx_age=15.2ms odom_age=8.9ms odom_rx_age=8.0ms sensor_skew=31.0ms loop_to_send=6.4ms
[go2:sport] DRY cmd#853 seq=885 v=0.894 w=-0.502 dt=39.5ms policy_zmq_lag=0.6ms action_age=40.1ms scan_age=39.5ms scan_rx_age=15.7ms odom_age=8.5ms odom_rx_age=7.7ms sensor_skew=30.9ms loop_to_send=6.1ms
[go2:sport] DRY cmd#854 seq=886 v=0.900 w=-0.621 dt=40.4ms policy_zmq_lag=0.7ms action_age=40.4ms scan_age=39.7ms scan_rx_age=16.7ms odom_age=8.6ms odom_rx_age=7.6ms sensor_skew=31.1ms loop_to_send=6.4ms
[go2:sport] DRY cmd#855 seq=887 v=0.895 w=-0.502 dt=39.9ms policy_zmq_lag=0.6ms action_age=40.5ms scan_age=39.8ms scan_rx_age=15.6ms odom_age=8.8ms odom_rx_age=7.8ms sensor_skew=31.0ms loop_to_send=6.5ms
[go2:sport] DRY cmd#856 seq=888 v=0.900 w=-0.622 dt=40.1ms policy_zmq_lag=0.7ms action_age=40.5ms scan_age=39.8ms scan_rx_age=16.7ms odom_age=8.8ms odom_rx_age=7.8ms sensor_skew=31.0ms loop_to_send=6.5ms
[go2:sport] DRY cmd#857 seq=889 v=0.894 w=-0.540 dt=40.0ms policy_zmq_lag=0.8ms action_age=40.4ms scan_age=39.7ms scan_rx_age=16.1ms odom_age=8.7ms odom_rx_age=7.7ms sensor_skew=31.0ms loop_to_send=6.4ms
[go2:sport] DRY cmd#858 seq=890 v=0.894 w=-0.505 dt=39.9ms policy_zmq_lag=0.7ms action_age=40.5ms scan_age=39.9ms scan_rx_age=16.0ms odom_age=8.5ms odom_rx_age=7.5ms sensor_skew=31.3ms loop_to_send=6.2ms
[go2:sport] DRY cmd#859 seq=891 v=0.900 w=-0.625 dt=40.0ms policy_zmq_lag=0.7ms action_age=40.4ms scan_age=39.8ms scan_rx_age=16.7ms odom_age=8.8ms odom_rx_age=8.0ms sensor_skew=30.9ms loop_to_send=6.2ms
[go2:sport] DRY cmd#860 seq=892 v=0.895 w=-0.505 dt=39.8ms policy_zmq_lag=0.6ms action_age=40.2ms scan_age=39.5ms scan_rx_age=16.8ms odom_age=8.7ms odom_rx_age=7.9ms sensor_skew=30.9ms loop_to_send=6.2ms
[go2:sport] DRY cmd#861 seq=893 v=0.900 w=-0.385 dt=40.5ms policy_zmq_lag=0.8ms action_age=40.7ms scan_age=39.9ms scan_rx_age=15.0ms odom_age=9.0ms odom_rx_age=8.1ms sensor_skew=30.9ms loop_to_send=6.5ms
[go2:sport] DRY cmd#862 seq=894 v=0.894 w=-0.505 dt=40.1ms policy_zmq_lag=0.7ms action_age=40.8ms scan_age=40.1ms scan_rx_age=15.5ms odom_age=9.1ms odom_rx_age=8.0ms sensor_skew=31.0ms loop_to_send=6.7ms
[go2:sport] DRY cmd#863 seq=895 v=0.895 w=-0.491 dt=40.3ms policy_zmq_lag=0.7ms action_age=41.9ms scan_age=41.2ms scan_rx_age=16.9ms odom_age=9.4ms odom_rx_age=8.5ms sensor_skew=31.7ms loop_to_send=6.6ms
[go2:sport] DRY cmd#864 seq=896 v=0.900 w=-0.610 dt=39.7ms policy_zmq_lag=0.8ms action_age=40.8ms scan_age=40.1ms scan_rx_age=17.1ms odom_age=8.9ms odom_rx_age=8.0ms sensor_skew=31.1ms loop_to_send=6.6ms
[go2:sport] DRY cmd#865 seq=897 v=0.894 w=-0.490 dt=40.4ms policy_zmq_lag=0.8ms action_age=41.1ms scan_age=40.3ms scan_rx_age=17.3ms odom_age=9.2ms odom_rx_age=8.0ms sensor_skew=31.1ms loop_to_send=6.6ms
[go2:sport] DRY cmd#866 seq=898 v=0.894 w=-0.559 dt=40.6ms policy_zmq_lag=0.7ms action_age=41.7ms scan_age=41.0ms scan_rx_age=11.7ms odom_age=10.0ms odom_rx_age=8.7ms sensor_skew=31.0ms loop_to_send=6.8ms
[go2:sport] DRY cmd#867 seq=899 v=0.894 w=-0.536 dt=39.7ms policy_zmq_lag=0.8ms action_age=41.4ms scan_age=40.6ms scan_rx_age=17.3ms odom_age=9.7ms odom_rx_age=8.7ms sensor_skew=30.9ms loop_to_send=7.2ms
[go2:sport] DRY cmd#868 seq=900 v=0.895 w=-0.507 dt=41.1ms policy_zmq_lag=0.8ms action_age=43.5ms scan_age=42.7ms scan_rx_age=17.6ms odom_age=10.8ms odom_rx_age=9.5ms sensor_skew=31.9ms loop_to_send=7.8ms
[go2:sport] DRY cmd#869 seq=901 v=0.900 w=-0.627 dt=38.5ms policy_zmq_lag=0.7ms action_age=41.1ms scan_age=40.4ms scan_rx_age=17.0ms odom_age=9.2ms odom_rx_age=8.0ms sensor_skew=31.1ms loop_to_send=6.5ms
[go2:sport] DRY cmd#870 seq=902 v=0.894 w=-0.508 dt=40.1ms policy_zmq_lag=0.9ms action_age=41.3ms scan_age=40.4ms scan_rx_age=14.5ms odom_age=9.3ms odom_rx_age=8.2ms sensor_skew=31.1ms loop_to_send=6.7ms
[go2:sport] DRY cmd#871 seq=903 v=0.898 w=-0.628 dt=40.0ms policy_zmq_lag=0.8ms action_age=41.2ms scan_age=40.4ms scan_rx_age=16.9ms odom_age=9.2ms odom_rx_age=7.5ms sensor_skew=31.2ms loop_to_send=6.8ms
[go2:sport] DRY cmd#872 seq=904 v=0.900 w=-0.508 dt=40.0ms policy_zmq_lag=0.7ms action_age=41.2ms scan_age=40.4ms scan_rx_age=14.4ms odom_age=9.3ms odom_rx_age=7.8ms sensor_skew=31.2ms loop_to_send=7.1ms
[go2:sport] DRY cmd#873 seq=905 v=0.895 w=-0.493 dt=41.7ms policy_zmq_lag=0.9ms action_age=43.9ms scan_age=43.0ms scan_rx_age=17.4ms odom_age=10.2ms odom_rx_age=8.6ms sensor_skew=32.9ms loop_to_send=7.8ms
[go2:sport] DRY cmd#874 seq=906 v=0.900 w=-0.611 dt=38.0ms policy_zmq_lag=0.7ms action_age=39.0ms scan_age=38.3ms scan_rx_age=16.9ms odom_age=9.3ms odom_rx_age=8.1ms sensor_skew=29.0ms loop_to_send=6.7ms
[go2:sport] DRY cmd#875 seq=907 v=0.894 w=-0.509 dt=39.6ms policy_zmq_lag=0.7ms action_age=40.5ms scan_age=39.8ms scan_rx_age=15.3ms odom_age=8.9ms odom_rx_age=7.8ms sensor_skew=30.9ms loop_to_send=6.4ms
[go2:sport] DRY cmd#876 seq=908 v=0.894 w=-0.556 dt=40.2ms policy_zmq_lag=0.7ms action_age=40.6ms scan_age=39.9ms scan_rx_age=16.2ms odom_age=9.0ms odom_rx_age=8.0ms sensor_skew=30.9ms loop_to_send=6.6ms
[go2:sport] DRY cmd#877 seq=909 v=0.900 w=-0.436 dt=40.0ms policy_zmq_lag=0.7ms action_age=40.7ms scan_age=40.0ms scan_rx_age=15.3ms odom_age=9.0ms odom_rx_age=7.9ms sensor_skew=31.0ms loop_to_send=6.6ms
[go2:sport] DRY cmd#878 seq=910 v=0.895 w=-0.505 dt=40.3ms policy_zmq_lag=0.7ms action_age=41.0ms scan_age=40.3ms scan_rx_age=13.8ms odom_age=12.6ms odom_rx_age=11.6ms sensor_skew=27.7ms loop_to_send=6.8ms
[go2:sport] DRY cmd#879 seq=911 v=0.900 w=-0.625 dt=39.6ms policy_zmq_lag=0.7ms action_age=40.6ms scan_age=39.9ms scan_rx_age=17.0ms odom_age=9.0ms odom_rx_age=8.0ms sensor_skew=30.9ms loop_to_send=6.3ms
[go2:sport] DRY cmd#880 seq=912 v=0.895 w=-0.508 dt=39.8ms policy_zmq_lag=0.7ms action_age=40.6ms scan_age=39.9ms scan_rx_age=14.0ms odom_age=8.9ms odom_rx_age=7.8ms sensor_skew=31.0ms loop_to_send=6.3ms
[go2:sport] DRY cmd#881 seq=913 v=0.894 w=-0.499 dt=40.0ms policy_zmq_lag=0.7ms action_age=40.5ms scan_age=39.8ms scan_rx_age=15.3ms odom_age=8.7ms odom_rx_age=7.8ms sensor_skew=31.1ms loop_to_send=6.2ms
[go2:sport] DRY cmd#882 seq=914 v=0.900 w=-0.619 dt=40.1ms policy_zmq_lag=0.7ms action_age=40.5ms scan_age=39.8ms scan_rx_age=15.3ms odom_age=9.0ms odom_rx_age=8.1ms sensor_skew=30.8ms loop_to_send=6.4ms
[go2:sport] DRY cmd#883 seq=915 v=0.895 w=-0.515 dt=40.1ms policy_zmq_lag=0.7ms action_age=40.5ms scan_age=39.8ms scan_rx_age=17.1ms odom_age=9.1ms odom_rx_age=8.2ms sensor_skew=30.7ms loop_to_send=6.5ms
[go2:sport] DRY cmd#884 seq=916 v=0.900 w=-0.635 dt=39.7ms policy_zmq_lag=0.7ms action_age=40.2ms scan_age=39.5ms scan_rx_age=15.2ms odom_age=8.9ms odom_rx_age=8.0ms sensor_skew=30.6ms loop_to_send=6.2ms
[go2:sport] DRY cmd#885 seq=917 v=0.895 w=-0.515 dt=40.0ms policy_zmq_lag=0.7ms action_age=40.3ms scan_age=39.6ms scan_rx_age=13.7ms odom_age=8.9ms odom_rx_age=8.1ms sensor_skew=30.7ms loop_to_send=6.2ms
[go2:sport] DRY cmd#886 seq=918 v=0.894 w=-0.541 dt=40.1ms policy_zmq_lag=0.7ms action_age=40.3ms scan_age=39.6ms scan_rx_age=10.2ms odom_age=8.8ms odom_rx_age=7.9ms sensor_skew=30.8ms loop_to_send=6.3ms
[go2:sport] DRY cmd#887 seq=919 v=0.900 w=-0.661 dt=40.1ms policy_zmq_lag=0.8ms action_age=40.4ms scan_age=39.6ms scan_rx_age=16.1ms odom_age=8.9ms odom_rx_age=8.1ms sensor_skew=30.7ms loop_to_send=6.3ms
[go2:sport] DRY cmd#888 seq=920 v=0.899 w=-0.601 dt=40.9ms policy_zmq_lag=0.8ms action_age=41.3ms scan_age=40.5ms scan_rx_age=16.5ms odom_age=9.6ms odom_rx_age=8.5ms sensor_skew=30.9ms loop_to_send=7.3ms
[go2:sport] DRY cmd#889 seq=921 v=0.900 w=-0.722 dt=40.6ms policy_zmq_lag=0.7ms action_age=41.9ms scan_age=41.2ms scan_rx_age=17.7ms odom_age=10.5ms odom_rx_age=9.4ms sensor_skew=30.7ms loop_to_send=7.6ms
[go2:sport] DRY cmd#890 seq=922 v=0.894 w=-0.603 dt=38.2ms policy_zmq_lag=0.7ms action_age=40.3ms scan_age=39.6ms scan_rx_age=14.6ms odom_age=8.6ms odom_rx_age=7.7ms sensor_skew=31.0ms loop_to_send=6.1ms
[go2:sport] DRY cmd#891 seq=923 v=0.894 w=-0.508 dt=40.9ms policy_zmq_lag=0.7ms action_age=41.0ms scan_age=40.3ms scan_rx_age=16.6ms odom_age=9.5ms odom_rx_age=8.6ms sensor_skew=30.8ms loop_to_send=6.9ms
[go2:sport] DRY cmd#892 seq=924 v=0.900 w=-0.628 dt=39.1ms policy_zmq_lag=0.7ms action_age=40.2ms scan_age=39.4ms scan_rx_age=16.4ms odom_age=8.5ms odom_rx_age=7.6ms sensor_skew=31.0ms loop_to_send=6.0ms
[go2:sport] DRY cmd#893 seq=925 v=0.894 w=-0.507 dt=43.2ms policy_zmq_lag=1.3ms action_age=63.4ms scan_age=62.1ms scan_rx_age=37.0ms odom_age=11.1ms odom_rx_age=9.9ms sensor_skew=51.0ms loop_to_send=8.4ms
[go2:sport] DRY cmd#894 seq=926 v=0.900 w=-0.627 dt=36.9ms policy_zmq_lag=0.7ms action_age=40.2ms scan_age=39.5ms scan_rx_age=16.2ms odom_age=8.8ms odom_rx_age=7.8ms sensor_skew=30.8ms loop_to_send=6.2ms
[go2:sport] DRY cmd#895 seq=927 v=0.894 w=-0.509 dt=40.0ms policy_zmq_lag=0.6ms action_age=40.1ms scan_age=39.5ms scan_rx_age=15.0ms odom_age=8.8ms odom_rx_age=7.9ms sensor_skew=30.7ms loop_to_send=6.2ms
[go2:sport] DRY cmd#896 seq=928 v=0.894 w=-0.508 dt=40.2ms policy_zmq_lag=0.7ms action_age=40.3ms scan_age=39.6ms scan_rx_age=14.6ms odom_age=9.0ms odom_rx_age=8.1ms sensor_skew=30.6ms loop_to_send=6.3ms
[go2:sport] DRY cmd#897 seq=929 v=0.900 w=-0.628 dt=40.0ms policy_zmq_lag=0.7ms action_age=38.1ms scan_age=37.4ms scan_rx_age=16.8ms odom_age=8.9ms odom_rx_age=8.0ms sensor_skew=28.5ms loop_to_send=6.3ms
[go2:sport] DRY cmd#898 seq=930 v=0.899 w=-0.508 dt=41.7ms policy_zmq_lag=0.7ms action_age=43.0ms scan_age=42.3ms scan_rx_age=17.6ms odom_age=10.6ms odom_rx_age=9.6ms sensor_skew=31.7ms loop_to_send=7.9ms
[go2:sport] DRY cmd#899 seq=931 v=0.900 w=-0.628 dt=38.0ms policy_zmq_lag=0.7ms action_age=40.2ms scan_age=39.5ms scan_rx_age=15.7ms odom_age=8.6ms odom_rx_age=7.7ms sensor_skew=30.9ms loop_to_send=6.1ms
[go2:sport] DRY cmd#900 seq=932 v=0.894 w=-0.508 dt=40.1ms policy_zmq_lag=0.7ms action_age=40.2ms scan_age=39.5ms scan_rx_age=15.7ms odom_age=8.9ms odom_rx_age=8.0ms sensor_skew=30.6ms loop_to_send=6.2ms
[go2:sport] DRY cmd#901 seq=933 v=0.895 w=-0.490 dt=40.0ms policy_zmq_lag=0.7ms action_age=40.3ms scan_age=39.7ms scan_rx_age=16.1ms odom_age=8.9ms odom_rx_age=8.0ms sensor_skew=30.8ms loop_to_send=6.2ms
[go2:sport] DRY cmd#902 seq=934 v=0.900 w=-0.611 dt=40.2ms policy_zmq_lag=0.7ms action_age=40.5ms scan_age=39.7ms scan_rx_age=16.8ms odom_age=9.0ms odom_rx_age=7.9ms sensor_skew=30.8ms loop_to_send=6.1ms
[go2:sport] DRY cmd#903 seq=935 v=0.895 w=-0.491 dt=40.5ms policy_zmq_lag=0.7ms action_age=40.8ms scan_age=40.1ms scan_rx_age=15.6ms odom_age=9.4ms odom_rx_age=8.5ms sensor_skew=30.7ms loop_to_send=6.7ms
[go2:sport] DRY cmd#904 seq=936 v=0.900 w=-0.611 dt=39.1ms policy_zmq_lag=0.6ms action_age=40.0ms scan_age=39.4ms scan_rx_age=15.1ms odom_age=8.7ms odom_rx_age=7.8ms sensor_skew=30.7ms loop_to_send=6.0ms
[go2:sport] DRY cmd#905 seq=937 v=0.895 w=-0.493 dt=41.0ms policy_zmq_lag=0.8ms action_age=41.0ms scan_age=40.2ms scan_rx_age=16.5ms odom_age=9.6ms odom_rx_age=8.7ms sensor_skew=30.7ms loop_to_send=6.9ms
[go2:sport] DRY cmd#906 seq=938 v=0.894 w=-0.505 dt=41.0ms policy_zmq_lag=0.7ms action_age=41.4ms scan_age=40.7ms scan_rx_age=15.1ms odom_age=10.6ms odom_rx_age=9.6ms sensor_skew=30.1ms loop_to_send=7.8ms
[go2:sport] DRY cmd#907 seq=939 v=0.900 w=-0.625 dt=39.0ms policy_zmq_lag=0.7ms action_age=41.0ms scan_age=40.3ms scan_rx_age=15.9ms odom_age=9.7ms odom_rx_age=8.7ms sensor_skew=30.6ms loop_to_send=6.9ms
[go2:sport] DRY cmd#908 seq=940 v=0.894 w=-0.506 dt=39.8ms policy_zmq_lag=0.8ms action_age=41.0ms scan_age=40.2ms scan_rx_age=16.7ms odom_age=9.3ms odom_rx_age=8.3ms sensor_skew=31.0ms loop_to_send=6.9ms
[go2:sport] DRY cmd#909 seq=941 v=0.900 w=-0.627 dt=39.8ms policy_zmq_lag=0.7ms action_age=40.7ms scan_age=40.1ms scan_rx_age=15.6ms odom_age=9.3ms odom_rx_age=8.4ms sensor_skew=30.8ms loop_to_send=6.4ms
[go2:sport] DRY cmd#910 seq=942 v=0.894 w=-0.550 dt=39.7ms policy_zmq_lag=0.7ms action_age=40.5ms scan_age=39.8ms scan_rx_age=15.2ms odom_age=9.0ms odom_rx_age=8.0ms sensor_skew=30.9ms loop_to_send=6.4ms
[go2:sport] DRY cmd#911 seq=943 v=0.894 w=-0.517 dt=41.6ms policy_zmq_lag=0.7ms action_age=41.9ms scan_age=41.2ms scan_rx_age=17.4ms odom_age=10.5ms odom_rx_age=9.5ms sensor_skew=30.7ms loop_to_send=7.8ms
[go2:sport] DRY cmd#912 seq=944 v=0.900 w=-0.636 dt=38.5ms policy_zmq_lag=0.7ms action_age=40.5ms scan_age=39.8ms scan_rx_age=13.2ms odom_age=9.1ms odom_rx_age=8.1ms sensor_skew=30.7ms loop_to_send=6.4ms
[go2:sport] DRY cmd#913 seq=945 v=0.895 w=-0.516 dt=40.3ms policy_zmq_lag=0.7ms action_age=40.7ms scan_age=40.0ms scan_rx_age=14.5ms odom_age=19.2ms odom_rx_age=18.1ms sensor_skew=20.8ms loop_to_send=6.5ms
[go2:sport] DRY cmd#914 seq=946 v=0.900 w=-0.396 dt=39.6ms policy_zmq_lag=0.7ms action_age=40.4ms scan_age=39.7ms scan_rx_age=16.2ms odom_age=8.9ms odom_rx_age=7.9ms sensor_skew=30.8ms loop_to_send=6.2ms
[go2:sport] DRY cmd#915 seq=947 v=0.894 w=-0.516 dt=39.9ms policy_zmq_lag=0.7ms action_age=40.2ms scan_age=39.5ms scan_rx_age=15.2ms odom_age=8.8ms odom_rx_age=7.9ms sensor_skew=30.7ms loop_to_send=6.1ms
[go2:sport] DRY cmd#916 seq=948 v=0.894 w=-0.495 dt=40.0ms policy_zmq_lag=0.7ms action_age=40.4ms scan_age=39.7ms scan_rx_age=13.1ms odom_age=8.7ms odom_rx_age=7.8ms sensor_skew=31.0ms loop_to_send=6.1ms
[go2:sport] DRY cmd#917 seq=949 v=0.900 w=-0.616 dt=40.3ms policy_zmq_lag=0.7ms action_age=40.5ms scan_age=39.8ms scan_rx_age=15.1ms odom_age=9.1ms odom_rx_age=8.1ms sensor_skew=30.8ms loop_to_send=6.4ms
[go2:sport] DRY cmd#918 seq=950 v=0.895 w=-0.516 dt=40.2ms policy_zmq_lag=0.7ms action_age=40.8ms scan_age=40.1ms scan_rx_age=15.4ms odom_age=9.4ms odom_rx_age=8.3ms sensor_skew=30.7ms loop_to_send=6.6ms
[go2:sport] DRY cmd#919 seq=951 v=0.894 w=-0.549 dt=39.6ms policy_zmq_lag=0.7ms action_age=40.3ms scan_age=39.6ms scan_rx_age=15.9ms odom_age=9.0ms odom_rx_age=8.0ms sensor_skew=30.6ms loop_to_send=6.2ms
[go2:sport] DRY cmd#920 seq=952 v=0.894 w=-0.529 dt=39.9ms policy_zmq_lag=0.7ms action_age=40.3ms scan_age=39.6ms scan_rx_age=14.7ms odom_age=8.8ms odom_rx_age=7.8ms sensor_skew=30.8ms loop_to_send=6.1ms
[go2:sport] DRY cmd#921 seq=953 v=0.895 w=-0.493 dt=40.1ms policy_zmq_lag=0.7ms action_age=41.0ms scan_age=40.4ms scan_rx_age=16.2ms odom_age=8.9ms odom_rx_age=8.0ms sensor_skew=31.5ms loop_to_send=6.3ms
[go2:sport] DRY cmd#922 seq=954 v=0.900 w=-0.613 dt=40.0ms policy_zmq_lag=0.7ms action_age=40.2ms scan_age=39.6ms scan_rx_age=15.3ms odom_age=8.9ms odom_rx_age=7.9ms sensor_skew=30.7ms loop_to_send=6.2ms
[go2:sport] DRY cmd#923 seq=955 v=0.894 w=-0.494 dt=40.1ms policy_zmq_lag=0.7ms action_age=41.2ms scan_age=40.5ms scan_rx_age=16.2ms odom_age=9.1ms odom_rx_age=8.2ms sensor_skew=31.5ms loop_to_send=6.3ms
[go2:sport] DRY cmd#924 seq=956 v=0.898 w=-0.614 dt=40.0ms policy_zmq_lag=0.7ms action_age=40.4ms scan_age=39.7ms scan_rx_age=14.7ms odom_age=8.9ms odom_rx_age=8.0ms sensor_skew=30.8ms loop_to_send=6.3ms
[go2:sport] DRY cmd#925 seq=957 v=0.900 w=-0.729 dt=39.8ms policy_zmq_lag=0.7ms action_age=40.2ms scan_age=39.5ms scan_rx_age=16.2ms odom_age=8.8ms odom_rx_age=8.0ms sensor_skew=30.7ms loop_to_send=6.2ms
[go2:sport] DRY cmd#926 seq=958 v=0.895 w=-0.608 dt=40.2ms policy_zmq_lag=0.7ms action_age=40.4ms scan_age=39.7ms scan_rx_age=16.3ms odom_age=12.5ms odom_rx_age=11.6ms sensor_skew=27.2ms loop_to_send=6.2ms
[go2:sport] DRY cmd#927 seq=959 v=0.900 w=-0.727 dt=39.9ms policy_zmq_lag=0.7ms action_age=40.3ms scan_age=39.6ms scan_rx_age=15.0ms odom_age=9.1ms odom_rx_age=8.3ms sensor_skew=30.5ms loop_to_send=6.3ms
[go2:sport] DRY cmd#928 seq=960 v=0.894 w=-0.607 dt=39.7ms policy_zmq_lag=0.7ms action_age=40.2ms scan_age=39.5ms scan_rx_age=14.7ms odom_age=8.7ms odom_rx_age=7.7ms sensor_skew=30.8ms loop_to_send=6.0ms
[go2:sport] DRY cmd#929 seq=961 v=0.894 w=-0.558 dt=40.9ms policy_zmq_lag=0.9ms action_age=40.9ms scan_age=39.9ms scan_rx_age=13.8ms odom_age=9.3ms odom_rx_age=8.1ms sensor_skew=30.7ms loop_to_send=6.6ms
[go2:sport] DRY cmd#930 seq=962 v=0.900 w=-0.678 dt=39.4ms policy_zmq_lag=0.7ms action_age=40.4ms scan_age=39.7ms scan_rx_age=14.8ms odom_age=9.1ms odom_rx_age=8.1ms sensor_skew=30.6ms loop_to_send=6.2ms
[go2:sport] DRY cmd#931 seq=963 v=0.895 w=-0.558 dt=40.4ms policy_zmq_lag=0.9ms action_age=40.9ms scan_age=40.0ms scan_rx_age=13.1ms odom_age=9.3ms odom_rx_age=8.3ms sensor_skew=30.7ms loop_to_send=6.5ms
[go2:sport] DRY cmd#932 seq=964 v=0.900 w=-0.678 dt=39.4ms policy_zmq_lag=0.7ms action_age=40.2ms scan_age=39.6ms scan_rx_age=15.1ms odom_age=9.0ms odom_rx_age=8.2ms sensor_skew=30.5ms loop_to_send=6.2ms
[go2:sport] DRY cmd#933 seq=965 v=0.894 w=-0.557 dt=40.6ms policy_zmq_lag=0.7ms action_age=40.8ms scan_age=40.1ms scan_rx_age=16.5ms odom_age=22.6ms odom_rx_age=21.6ms sensor_skew=17.5ms loop_to_send=6.5ms
[go2:sport] DRY cmd#934 seq=966 v=0.894 w=-0.492 dt=39.6ms policy_zmq_lag=0.7ms action_age=40.3ms scan_age=39.6ms scan_rx_age=15.0ms odom_age=9.1ms odom_rx_age=8.1ms sensor_skew=30.5ms loop_to_send=6.3ms
[go2:sport] DRY cmd#935 seq=967 v=0.900 w=-0.613 dt=40.5ms policy_zmq_lag=0.7ms action_age=40.9ms scan_age=40.2ms scan_rx_age=13.2ms odom_age=9.4ms odom_rx_age=8.3ms sensor_skew=30.8ms loop_to_send=6.5ms
[go2:sport] DRY cmd#936 seq=968 v=0.896 w=-0.517 dt=39.9ms policy_zmq_lag=0.7ms action_age=40.8ms scan_age=40.1ms scan_rx_age=12.6ms odom_age=12.8ms odom_rx_age=11.7ms sensor_skew=27.3ms loop_to_send=6.4ms
[go2:sport] DRY cmd#937 seq=969 v=0.900 w=-0.636 dt=42.7ms policy_zmq_lag=1.3ms action_age=43.5ms scan_age=42.1ms scan_rx_age=17.1ms odom_age=11.4ms odom_rx_age=10.4ms sensor_skew=30.7ms loop_to_send=8.6ms
[go2:sport] DRY cmd#938 seq=970 v=0.894 w=-0.516 dt=37.9ms policy_zmq_lag=0.8ms action_age=41.3ms scan_age=40.5ms scan_rx_age=13.6ms odom_age=9.9ms odom_rx_age=8.6ms sensor_skew=30.6ms loop_to_send=6.9ms
[go2:sport] DRY cmd#939 seq=971 v=0.895 w=-0.507 dt=39.1ms policy_zmq_lag=0.7ms action_age=40.5ms scan_age=39.8ms scan_rx_age=13.6ms odom_age=9.2ms odom_rx_age=8.0ms sensor_skew=30.6ms loop_to_send=6.3ms
[go2:sport] DRY cmd#940 seq=972 v=0.900 w=-0.627 dt=40.1ms policy_zmq_lag=0.7ms action_age=40.4ms scan_age=39.7ms scan_rx_age=16.4ms odom_age=9.2ms odom_rx_age=8.3ms sensor_skew=30.5ms loop_to_send=6.4ms
[go2:sport] DRY cmd#941 seq=973 v=0.900 w=-0.506 dt=40.2ms policy_zmq_lag=0.7ms action_age=40.7ms scan_age=40.0ms scan_rx_age=17.2ms odom_age=9.3ms odom_rx_age=8.3ms sensor_skew=30.7ms loop_to_send=6.4ms
[go2:sport] DRY cmd#942 seq=974 v=0.900 w=-0.627 dt=40.4ms policy_zmq_lag=0.7ms action_age=41.0ms scan_age=40.2ms scan_rx_age=17.0ms odom_age=9.5ms odom_rx_age=8.5ms sensor_skew=30.7ms loop_to_send=6.7ms
[go2:sport] DRY cmd#943 seq=975 v=0.894 w=-0.507 dt=39.8ms policy_zmq_lag=0.9ms action_age=40.9ms scan_age=40.0ms scan_rx_age=15.0ms odom_age=9.1ms odom_rx_age=7.9ms sensor_skew=30.9ms loop_to_send=6.5ms
[go2:sport] DRY cmd#944 seq=976 v=0.895 w=-0.496 dt=47.5ms policy_zmq_lag=8.0ms action_age=45.6ms scan_age=37.6ms scan_rx_age=14.3ms odom_age=9.6ms odom_rx_age=8.5ms sensor_skew=28.0ms loop_to_send=6.7ms
[go2:sport] DRY cmd#945 seq=977 v=0.900 w=-0.615 dt=31.9ms policy_zmq_lag=0.6ms action_age=40.1ms scan_age=39.5ms scan_rx_age=13.3ms odom_age=8.9ms odom_rx_age=8.0ms sensor_skew=30.6ms loop_to_send=6.1ms
[go2:sport] DRY cmd#946 seq=978 v=0.899 w=-0.598 dt=40.5ms policy_zmq_lag=0.7ms action_age=40.6ms scan_age=39.9ms scan_rx_age=13.2ms odom_age=9.5ms odom_rx_age=8.3ms sensor_skew=30.4ms loop_to_send=6.5ms
[go2:sport] DRY cmd#947 seq=979 v=0.900 w=-0.718 dt=39.7ms policy_zmq_lag=0.7ms action_age=40.5ms scan_age=39.8ms scan_rx_age=14.9ms odom_age=9.0ms odom_rx_age=8.0ms sensor_skew=30.8ms loop_to_send=6.3ms
[go2:sport] DRY cmd#948 seq=980 v=0.894 w=-0.598 dt=40.1ms policy_zmq_lag=0.8ms action_age=41.2ms scan_age=40.4ms scan_rx_age=14.8ms odom_age=9.0ms odom_rx_age=8.1ms sensor_skew=31.4ms loop_to_send=6.3ms
[go2:sport] DRY cmd#949 seq=981 v=0.895 w=-0.489 dt=40.2ms policy_zmq_lag=0.7ms action_age=40.7ms scan_age=40.0ms scan_rx_age=16.1ms odom_age=9.2ms odom_rx_age=8.2ms sensor_skew=30.8ms loop_to_send=6.3ms
[go2:sport] DRY cmd#950 seq=982 v=0.900 w=-0.609 dt=40.2ms policy_zmq_lag=0.7ms action_age=40.8ms scan_age=40.1ms scan_rx_age=13.4ms odom_age=9.4ms odom_rx_age=8.3ms sensor_skew=30.7ms loop_to_send=6.5ms
[go2:sport] DRY cmd#951 seq=983 v=0.899 w=-0.489 dt=39.9ms policy_zmq_lag=0.7ms action_age=40.6ms scan_age=39.9ms scan_rx_age=17.2ms odom_age=9.3ms odom_rx_age=8.1ms sensor_skew=30.6ms loop_to_send=6.6ms
[go2:sport] DRY cmd#952 seq=984 v=0.900 w=-0.610 dt=40.1ms policy_zmq_lag=0.8ms action_age=40.9ms scan_age=40.2ms scan_rx_age=16.5ms odom_age=9.4ms odom_rx_age=8.3ms sensor_skew=30.8ms loop_to_send=6.5ms
[go2:sport] DRY cmd#953 seq=985 v=0.893 w=-0.547 dt=39.8ms policy_zmq_lag=0.7ms action_age=40.6ms scan_age=39.9ms scan_rx_age=13.9ms odom_age=9.4ms odom_rx_age=8.4ms sensor_skew=30.5ms loop_to_send=6.5ms
[go2:sport] DRY cmd#954 seq=986 v=0.894 w=-0.493 dt=39.8ms policy_zmq_lag=0.7ms action_age=40.4ms scan_age=39.6ms scan_rx_age=14.3ms odom_age=12.6ms odom_rx_age=11.5ms sensor_skew=27.0ms loop_to_send=6.2ms
[go2:sport] DRY cmd#955 seq=987 v=0.900 w=-0.627 dt=45.0ms policy_zmq_lag=0.8ms action_age=44.8ms scan_age=44.0ms scan_rx_age=16.2ms odom_age=13.8ms odom_rx_age=12.8ms sensor_skew=30.2ms loop_to_send=6.5ms
[go2:sport] DRY cmd#956 seq=988 v=0.895 w=-0.520 dt=36.0ms policy_zmq_lag=0.7ms action_age=41.0ms scan_age=40.3ms scan_rx_age=16.2ms odom_age=10.1ms odom_rx_age=8.6ms sensor_skew=30.2ms loop_to_send=6.7ms
[go2:sport] DRY cmd#957 seq=989 v=0.900 w=-0.639 dt=40.4ms policy_zmq_lag=0.9ms action_age=41.9ms scan_age=41.0ms scan_rx_age=18.1ms odom_age=10.3ms odom_rx_age=8.9ms sensor_skew=30.7ms loop_to_send=7.3ms
[go2:sport] DRY cmd#958 seq=990 v=0.895 w=-0.519 dt=39.8ms policy_zmq_lag=0.8ms action_age=41.6ms scan_age=40.9ms scan_rx_age=17.8ms odom_age=10.3ms odom_rx_age=9.1ms sensor_skew=30.6ms loop_to_send=7.5ms
[go2:sport] DRY cmd#959 seq=991 v=0.895 w=-0.491 dt=40.4ms policy_zmq_lag=0.7ms action_age=42.1ms scan_age=41.4ms scan_rx_age=10.7ms odom_age=14.0ms odom_rx_age=9.4ms sensor_skew=27.3ms loop_to_send=7.4ms
[go2:sport] DRY cmd#960 seq=992 v=0.900 w=-0.610 dt=38.8ms policy_zmq_lag=0.8ms action_age=40.8ms scan_age=40.0ms scan_rx_age=13.1ms odom_age=9.3ms odom_rx_age=8.1ms sensor_skew=30.7ms loop_to_send=6.7ms
[go2:sport] DRY cmd#961 seq=993 v=0.895 w=-0.496 dt=42.8ms policy_zmq_lag=1.1ms action_age=43.7ms scan_age=42.5ms scan_rx_age=13.0ms odom_age=18.5ms odom_rx_age=17.2ms sensor_skew=24.1ms loop_to_send=8.9ms
[go2:sport] DRY cmd#962 seq=994 v=0.900 w=-0.616 dt=44.8ms policy_zmq_lag=1.0ms action_age=47.9ms scan_age=46.9ms scan_rx_age=15.8ms odom_age=16.3ms odom_rx_age=15.2ms sensor_skew=30.6ms loop_to_send=13.8ms
[go2:sport] DRY cmd#963 seq=995 v=0.893 w=-0.546 dt=32.3ms policy_zmq_lag=0.9ms action_age=40.7ms scan_age=39.8ms scan_rx_age=17.2ms odom_age=9.3ms odom_rx_age=8.1ms sensor_skew=30.6ms loop_to_send=6.5ms
[go2:sport] DRY cmd#964 seq=996 v=0.894 w=-0.502 dt=40.0ms policy_zmq_lag=0.7ms action_age=40.8ms scan_age=40.1ms scan_rx_age=14.4ms odom_age=9.5ms odom_rx_age=8.5ms sensor_skew=30.6ms loop_to_send=6.6ms
[go2:sport] DRY cmd#965 seq=997 v=0.900 w=-0.622 dt=40.1ms policy_zmq_lag=0.8ms action_age=41.0ms scan_age=40.2ms scan_rx_age=14.1ms odom_age=9.3ms odom_rx_age=8.1ms sensor_skew=31.0ms loop_to_send=6.6ms
[go2:sport] DRY cmd#966 seq=998 v=0.894 w=-0.502 dt=39.7ms policy_zmq_lag=0.7ms action_age=40.6ms scan_age=39.9ms scan_rx_age=16.4ms odom_age=9.5ms odom_rx_age=8.6ms sensor_skew=30.4ms loop_to_send=6.4ms
[go2:sport] DRY cmd#967 seq=999 v=0.900 w=-0.382 dt=40.2ms policy_zmq_lag=0.8ms action_age=40.8ms scan_age=40.1ms scan_rx_age=14.1ms odom_age=9.7ms odom_rx_age=8.7ms sensor_skew=30.4ms loop_to_send=6.6ms
[go2:sport] DRY cmd#968 seq=1000 v=0.895 w=-0.422 dt=40.0ms policy_zmq_lag=0.8ms action_age=40.7ms scan_age=40.0ms scan_rx_age=15.1ms odom_age=9.6ms odom_rx_age=8.7ms sensor_skew=30.3ms loop_to_send=6.4ms
[go2:sport] DRY cmd#969 seq=1001 v=0.894 w=-0.498 dt=39.2ms policy_zmq_lag=0.6ms action_age=40.0ms scan_age=39.4ms scan_rx_age=15.5ms odom_age=8.7ms odom_rx_age=7.8ms sensor_skew=30.6ms loop_to_send=6.0ms
[go2:sport] DRY cmd#970 seq=1002 v=0.900 w=-0.620 dt=41.2ms policy_zmq_lag=0.7ms action_age=40.4ms scan_age=39.7ms scan_rx_age=15.5ms odom_age=8.8ms odom_rx_age=7.5ms sensor_skew=30.9ms loop_to_send=6.5ms
[go2:sport] DRY cmd#971 seq=1003 v=0.895 w=-0.505 dt=39.7ms policy_zmq_lag=0.9ms action_age=41.0ms scan_age=40.1ms scan_rx_age=16.2ms odom_age=9.6ms odom_rx_age=8.7ms sensor_skew=30.4ms loop_to_send=6.6ms
[go2:sport] DRY cmd#972 seq=1004 v=0.894 w=-0.556 dt=39.9ms policy_zmq_lag=0.7ms action_age=41.0ms scan_age=40.2ms scan_rx_age=14.9ms odom_age=9.6ms odom_rx_age=8.7ms sensor_skew=30.6ms loop_to_send=6.6ms
[go2:sport] DRY cmd#973 seq=1005 v=0.894 w=-0.529 dt=40.2ms policy_zmq_lag=1.0ms action_age=41.8ms scan_age=40.8ms scan_rx_age=13.6ms odom_age=9.5ms odom_rx_age=8.5ms sensor_skew=31.3ms loop_to_send=6.6ms
[go2:sport] DRY cmd#974 seq=1006 v=0.895 w=-0.513 dt=39.6ms policy_zmq_lag=0.8ms action_age=40.6ms scan_age=39.9ms scan_rx_age=14.0ms odom_age=9.5ms odom_rx_age=8.6ms sensor_skew=30.4ms loop_to_send=6.5ms
[go2:sport] DRY cmd#975 seq=1007 v=0.900 w=-0.633 dt=39.7ms policy_zmq_lag=0.7ms action_age=40.5ms scan_age=39.8ms scan_rx_age=15.0ms odom_age=9.3ms odom_rx_age=8.4ms sensor_skew=30.4ms loop_to_send=6.3ms
[go2:sport] DRY cmd#976 seq=1008 v=0.895 w=-0.513 dt=39.9ms policy_zmq_lag=0.7ms action_age=40.4ms scan_age=39.7ms scan_rx_age=12.4ms odom_age=9.1ms odom_rx_age=8.2ms sensor_skew=30.5ms loop_to_send=6.3ms
[go2:sport] DRY cmd#977 seq=1009 v=0.894 w=-0.534 dt=41.3ms policy_zmq_lag=0.8ms action_age=41.7ms scan_age=40.9ms scan_rx_age=12.2ms odom_age=10.4ms odom_rx_age=9.2ms sensor_skew=30.4ms loop_to_send=7.3ms
[go2:sport] DRY cmd#978 seq=1010 v=0.900 w=-0.654 dt=38.9ms policy_zmq_lag=0.7ms action_age=40.6ms scan_age=39.9ms scan_rx_age=15.2ms odom_age=9.6ms odom_rx_age=8.7ms sensor_skew=30.3ms loop_to_send=6.5ms
[go2:sport] DRY cmd#979 seq=1011 v=0.895 w=-0.534 dt=39.8ms policy_zmq_lag=0.7ms action_age=40.3ms scan_age=39.6ms scan_rx_age=14.2ms odom_age=9.3ms odom_rx_age=8.4ms sensor_skew=30.3ms loop_to_send=6.3ms
[go2:sport] DRY cmd#980 seq=1012 v=0.900 w=-0.654 dt=42.2ms policy_zmq_lag=2.8ms action_age=42.6ms scan_age=39.9ms scan_rx_age=13.8ms odom_age=9.3ms odom_rx_age=8.3ms sensor_skew=30.6ms loop_to_send=6.4ms
[go2:sport] DRY cmd#981 seq=1013 v=0.894 w=-0.534 dt=38.0ms policy_zmq_lag=0.7ms action_age=40.6ms scan_age=39.9ms scan_rx_age=13.6ms odom_age=9.5ms odom_rx_age=8.6ms sensor_skew=30.4ms loop_to_send=6.5ms
[go2:sport] DRY cmd#982 seq=1014 v=0.894 w=-0.553 dt=40.2ms policy_zmq_lag=0.8ms action_age=40.8ms scan_age=40.1ms scan_rx_age=10.8ms odom_age=9.6ms odom_rx_age=8.4ms sensor_skew=30.5ms loop_to_send=6.6ms
[go2:sport] DRY cmd#983 seq=1015 v=0.900 w=-0.673 dt=39.3ms policy_zmq_lag=0.7ms action_age=40.2ms scan_age=39.5ms scan_rx_age=12.6ms odom_age=8.9ms odom_rx_age=8.0ms sensor_skew=30.5ms loop_to_send=6.0ms
[go2:sport] DRY cmd#984 seq=1016 v=0.895 w=-0.553 dt=41.5ms policy_zmq_lag=0.7ms action_age=41.7ms scan_age=41.0ms scan_rx_age=15.0ms odom_age=10.7ms odom_rx_age=9.7ms sensor_skew=30.3ms loop_to_send=7.5ms
[go2:sport] DRY cmd#985 seq=1017 v=0.900 w=-0.673 dt=38.8ms policy_zmq_lag=0.7ms action_age=40.3ms scan_age=39.6ms scan_rx_age=14.7ms odom_age=9.1ms odom_rx_age=7.7ms sensor_skew=30.5ms loop_to_send=6.1ms
[go2:sport] DRY cmd#986 seq=1018 v=0.894 w=-0.554 dt=40.0ms policy_zmq_lag=0.7ms action_age=40.4ms scan_age=39.6ms scan_rx_age=9.8ms odom_age=9.1ms odom_rx_age=8.1ms sensor_skew=30.5ms loop_to_send=6.3ms
[go2:sport] DRY cmd#987 seq=1019 v=0.894 w=-0.502 dt=39.7ms policy_zmq_lag=0.7ms action_age=40.2ms scan_age=39.5ms scan_rx_age=16.2ms odom_age=9.1ms odom_rx_age=8.2ms sensor_skew=30.5ms loop_to_send=6.1ms
[go2:sport] DRY cmd#988 seq=1020 v=0.900 w=-0.622 dt=40.6ms policy_zmq_lag=0.8ms action_age=40.8ms scan_age=40.1ms scan_rx_age=15.2ms odom_age=9.5ms odom_rx_age=8.5ms sensor_skew=30.5ms loop_to_send=6.5ms
[go2:sport] DRY cmd#989 seq=1021 v=0.898 w=-0.595 dt=39.7ms policy_zmq_lag=0.7ms action_age=40.4ms scan_age=39.6ms scan_rx_age=10.4ms odom_age=9.1ms odom_rx_age=8.2ms sensor_skew=30.5ms loop_to_send=6.2ms
[go2:sport] DRY cmd#990 seq=1022 v=0.900 w=-0.715 dt=40.1ms policy_zmq_lag=0.7ms action_age=40.4ms scan_age=39.7ms scan_rx_age=15.3ms odom_age=9.2ms odom_rx_age=8.3ms sensor_skew=30.5ms loop_to_send=6.3ms
[go2:sport] DRY cmd#991 seq=1023 v=0.895 w=-0.595 dt=39.9ms policy_zmq_lag=0.7ms action_age=40.6ms scan_age=39.9ms scan_rx_age=13.9ms odom_age=9.3ms odom_rx_age=8.4ms sensor_skew=30.6ms loop_to_send=6.2ms
[go2:sport] DRY cmd#992 seq=1024 v=0.894 w=-0.499 dt=40.7ms policy_zmq_lag=0.8ms action_age=41.1ms scan_age=40.4ms scan_rx_age=13.9ms odom_age=9.9ms odom_rx_age=8.5ms sensor_skew=30.5ms loop_to_send=6.6ms
[go2:sport] DRY cmd#993 seq=1025 v=0.900 w=-0.618 dt=39.5ms policy_zmq_lag=0.7ms action_age=40.6ms scan_age=39.9ms scan_rx_age=15.5ms odom_age=9.6ms odom_rx_age=8.7ms sensor_skew=30.3ms loop_to_send=6.5ms
[go2:sport] DRY cmd#994 seq=1026 v=0.899 w=-0.498 dt=39.8ms policy_zmq_lag=0.7ms action_age=40.3ms scan_age=39.6ms scan_rx_age=12.2ms odom_age=9.3ms odom_rx_age=8.3ms sensor_skew=30.3ms loop_to_send=6.3ms
[go2:sport] DRY cmd#995 seq=1027 v=0.900 w=-0.618 dt=39.7ms policy_zmq_lag=0.7ms action_age=40.1ms scan_age=39.4ms scan_rx_age=14.8ms odom_age=8.8ms odom_rx_age=7.7ms sensor_skew=30.6ms loop_to_send=6.0ms
[go2:sport] DRY cmd#996 seq=1028 v=0.894 w=-0.500 dt=40.2ms policy_zmq_lag=0.7ms action_age=40.2ms scan_age=39.5ms scan_rx_age=15.2ms odom_age=9.4ms odom_rx_age=8.5ms sensor_skew=30.1ms loop_to_send=6.2ms
[go2:sport] DRY cmd#997 seq=1029 v=0.895 w=-0.499 dt=41.7ms policy_zmq_lag=0.7ms action_age=41.9ms scan_age=41.2ms scan_rx_age=17.0ms odom_age=11.0ms odom_rx_age=9.6ms sensor_skew=30.2ms loop_to_send=7.8ms
[go2:sport] DRY cmd#998 seq=1030 v=0.900 w=-0.619 dt=39.2ms policy_zmq_lag=0.8ms action_age=42.2ms scan_age=41.4ms scan_rx_age=10.0ms odom_age=10.1ms odom_rx_age=8.8ms sensor_skew=31.3ms loop_to_send=7.1ms
[go2:sport] DRY cmd#999 seq=1031 v=0.896 w=-0.560 dt=39.0ms policy_zmq_lag=0.7ms action_age=40.3ms scan_age=39.7ms scan_rx_age=16.0ms odom_age=9.3ms odom_rx_age=8.3ms sensor_skew=30.4ms loop_to_send=6.3ms
[go2:sport] DRY cmd#1000 seq=1032 v=0.900 w=-0.680 dt=39.9ms policy_zmq_lag=0.7ms action_age=40.3ms scan_age=39.6ms scan_rx_age=16.4ms odom_age=9.2ms odom_rx_age=8.3ms sensor_skew=30.4ms loop_to_send=6.2ms
[go2:sport] DRY cmd#1001 seq=1033 v=0.894 w=-0.560 dt=39.9ms policy_zmq_lag=0.7ms action_age=40.5ms scan_age=39.7ms scan_rx_age=13.3ms odom_age=9.0ms odom_rx_age=8.1ms sensor_skew=30.7ms loop_to_send=6.1ms
[go2:sport] DRY cmd#1002 seq=1034 v=0.895 w=-0.496 dt=40.2ms policy_zmq_lag=0.7ms action_age=40.4ms scan_age=39.7ms scan_rx_age=12.9ms odom_age=9.3ms odom_rx_age=8.4ms sensor_skew=30.3ms loop_to_send=6.3ms
[go2:sport] DRY cmd#1003 seq=1035 v=0.900 w=-0.616 dt=39.8ms policy_zmq_lag=0.7ms action_age=40.2ms scan_age=39.5ms scan_rx_age=16.3ms odom_age=9.1ms odom_rx_age=8.2ms sensor_skew=30.4ms loop_to_send=6.1ms
[go2:sport] DRY cmd#1004 seq=1036 v=0.899 w=-0.496 dt=40.2ms policy_zmq_lag=0.7ms action_age=40.2ms scan_age=39.5ms scan_rx_age=14.1ms odom_age=9.5ms odom_rx_age=8.5ms sensor_skew=30.0ms loop_to_send=6.3ms
[go2:sport] DRY cmd#1005 seq=1037 v=0.900 w=-0.616 dt=40.0ms policy_zmq_lag=0.7ms action_age=40.4ms scan_age=39.7ms scan_rx_age=16.9ms odom_age=9.4ms odom_rx_age=8.5ms sensor_skew=30.3ms loop_to_send=6.3ms
[go2:sport] DRY cmd#1006 seq=1038 v=0.894 w=-0.571 dt=40.2ms policy_zmq_lag=0.7ms action_age=40.7ms scan_age=40.0ms scan_rx_age=15.3ms odom_age=9.6ms odom_rx_age=8.7ms sensor_skew=30.4ms loop_to_send=6.5ms
[go2:sport] DRY cmd#1007 seq=1039 v=0.895 w=-0.488 dt=40.0ms policy_zmq_lag=0.8ms action_age=40.6ms scan_age=39.8ms scan_rx_age=16.4ms odom_age=9.5ms odom_rx_age=8.5ms sensor_skew=30.3ms loop_to_send=6.5ms
[go2:sport] DRY cmd#1008 seq=1040 v=0.900 w=-0.608 dt=39.7ms policy_zmq_lag=0.7ms action_age=40.4ms scan_age=39.7ms scan_rx_age=16.1ms odom_age=9.2ms odom_rx_age=8.4ms sensor_skew=30.4ms loop_to_send=6.2ms
[go2:sport] DRY cmd#1009 seq=1041 v=0.895 w=-0.501 dt=40.5ms policy_zmq_lag=0.7ms action_age=40.7ms scan_age=40.0ms scan_rx_age=13.3ms odom_age=9.6ms odom_rx_age=8.3ms sensor_skew=30.4ms loop_to_send=6.5ms
[go2:sport] DRY cmd#1010 seq=1042 v=0.900 w=-0.486 dt=40.3ms policy_zmq_lag=0.8ms action_age=41.1ms scan_age=40.2ms scan_rx_age=16.8ms odom_age=9.9ms odom_rx_age=8.8ms sensor_skew=30.4ms loop_to_send=6.9ms
[go2:sport] DRY cmd#1011 seq=1043 v=0.894 w=-0.525 dt=39.8ms policy_zmq_lag=0.7ms action_age=41.0ms scan_age=40.3ms scan_rx_age=16.6ms odom_age=9.8ms odom_rx_age=8.8ms sensor_skew=30.5ms loop_to_send=6.7ms
[go2:sport] DRY cmd#1012 seq=1044 v=0.895 w=-0.498 dt=39.8ms policy_zmq_lag=0.7ms action_age=40.9ms scan_age=40.2ms scan_rx_age=16.4ms odom_age=9.6ms odom_rx_age=8.5ms sensor_skew=30.6ms loop_to_send=6.5ms
[go2:sport] DRY cmd#1013 seq=1045 v=0.900 w=-0.618 dt=40.0ms policy_zmq_lag=0.8ms action_age=40.6ms scan_age=39.8ms scan_rx_age=16.4ms odom_age=9.5ms odom_rx_age=8.4ms sensor_skew=30.3ms loop_to_send=6.4ms
[go2:sport] DRY cmd#1014 seq=1046 v=0.895 w=-0.498 dt=40.0ms policy_zmq_lag=0.7ms action_age=40.5ms scan_age=39.7ms scan_rx_age=13.9ms odom_age=9.4ms odom_rx_age=8.4ms sensor_skew=30.3ms loop_to_send=6.4ms
[go2:sport] DRY cmd#1015 seq=1047 v=0.899 w=-0.619 dt=40.3ms policy_zmq_lag=0.7ms action_age=40.8ms scan_age=40.1ms scan_rx_age=16.6ms odom_age=13.2ms odom_rx_age=12.1ms sensor_skew=26.9ms loop_to_send=6.5ms
[go2:sport] DRY cmd#1016 seq=1048 v=0.894 w=-0.529 dt=40.5ms policy_zmq_lag=0.8ms action_age=41.3ms scan_age=40.6ms scan_rx_age=16.2ms odom_age=10.2ms odom_rx_age=9.2ms sensor_skew=30.3ms loop_to_send=7.1ms
[go2:sport] DRY cmd#1017 seq=1049 v=0.894 w=-0.501 dt=39.4ms policy_zmq_lag=0.7ms action_age=41.0ms scan_age=40.3ms scan_rx_age=16.4ms odom_age=9.6ms odom_rx_age=8.4ms sensor_skew=30.7ms loop_to_send=6.6ms
[go2:sport] DRY cmd#1018 seq=1050 v=0.900 w=-0.621 dt=39.6ms policy_zmq_lag=0.7ms action_age=40.3ms scan_age=39.6ms scan_rx_age=15.0ms odom_age=9.2ms odom_rx_age=8.2ms sensor_skew=30.4ms loop_to_send=6.2ms
[go2:sport] DRY cmd#1019 seq=1051 v=0.894 w=-0.520 dt=40.5ms policy_zmq_lag=0.7ms action_age=40.8ms scan_age=40.1ms scan_rx_age=16.7ms odom_age=9.9ms odom_rx_age=8.8ms sensor_skew=30.2ms loop_to_send=6.7ms
[go2:sport] DRY cmd#1020 seq=1052 v=0.898 w=-0.552 dt=40.1ms policy_zmq_lag=0.8ms action_age=39.0ms scan_age=38.2ms scan_rx_age=17.0ms odom_age=9.0ms odom_rx_age=7.4ms sensor_skew=29.2ms loop_to_send=6.6ms
[go2:sport] DRY cmd#1021 seq=1053 v=0.898 w=-0.427 dt=61.9ms policy_zmq_lag=0.8ms action_age=63.1ms scan_age=62.3ms scan_rx_age=34.5ms odom_age=31.4ms odom_rx_age=30.0ms sensor_skew=30.9ms loop_to_send=27.0ms
[go2:sport] DRY cmd#1022 seq=1054 v=0.895 w=-0.510 dt=18.0ms policy_zmq_lag=0.8ms action_age=40.1ms scan_age=39.4ms scan_rx_age=13.5ms odom_age=9.6ms odom_rx_age=8.0ms sensor_skew=29.7ms loop_to_send=6.5ms
[go2:sport] DRY cmd#1023 seq=1055 v=0.900 w=-0.629 dt=39.7ms policy_zmq_lag=0.8ms action_age=41.4ms scan_age=40.6ms scan_rx_age=14.3ms odom_age=9.3ms odom_rx_age=8.3ms sensor_skew=31.3ms loop_to_send=6.3ms
[go2:sport] DRY cmd#1024 seq=1056 v=0.894 w=-0.509 dt=40.1ms policy_zmq_lag=0.8ms action_age=40.5ms scan_age=39.7ms scan_rx_age=12.6ms odom_age=9.6ms odom_rx_age=8.6ms sensor_skew=30.2ms loop_to_send=6.5ms
[go2:sport] DRY cmd#1025 seq=1057 v=0.894 w=-0.559 dt=40.1ms policy_zmq_lag=0.7ms action_age=40.7ms scan_age=39.9ms scan_rx_age=14.3ms odom_age=9.7ms odom_rx_age=8.6ms sensor_skew=30.2ms loop_to_send=6.5ms
[go2:sport] DRY cmd#1026 seq=1058 v=0.895 w=-0.510 dt=40.2ms policy_zmq_lag=0.7ms action_age=40.8ms scan_age=40.1ms scan_rx_age=17.0ms odom_age=9.8ms odom_rx_age=7.6ms sensor_skew=30.3ms loop_to_send=6.5ms
[go2:sport] DRY cmd#1027 seq=1059 v=0.895 w=-0.507 dt=41.5ms policy_zmq_lag=0.8ms action_age=42.3ms scan_age=41.6ms scan_rx_age=17.3ms odom_age=37.7ms odom_rx_age=36.3ms sensor_skew=3.9ms loop_to_send=7.7ms
[go2:sport] DRY cmd#1028 seq=1060 v=0.900 w=-0.626 dt=38.5ms policy_zmq_lag=0.7ms action_age=40.9ms scan_age=40.2ms scan_rx_age=9.9ms odom_age=9.8ms odom_rx_age=8.1ms sensor_skew=30.3ms loop_to_send=6.6ms
[go2:sport] DRY cmd#1029 seq=1061 v=0.894 w=-0.507 dt=39.7ms policy_zmq_lag=0.7ms action_age=40.5ms scan_age=39.8ms scan_rx_age=13.7ms odom_age=9.5ms odom_rx_age=8.4ms sensor_skew=30.3ms loop_to_send=6.4ms
[go2:sport] DRY cmd#1030 seq=1062 v=0.893 w=-0.544 dt=40.6ms policy_zmq_lag=0.7ms action_age=41.1ms scan_age=40.3ms scan_rx_age=15.7ms odom_age=13.3ms odom_rx_age=12.2ms sensor_skew=27.1ms loop_to_send=6.9ms
[go2:sport] DRY cmd#1031 seq=1063 v=0.900 w=-0.664 dt=39.3ms policy_zmq_lag=0.7ms action_age=40.3ms scan_age=39.6ms scan_rx_age=13.2ms odom_age=9.6ms odom_rx_age=8.6ms sensor_skew=30.1ms loop_to_send=6.3ms
[go2:sport] DRY cmd#1032 seq=1064 v=0.898 w=-0.575 dt=40.0ms policy_zmq_lag=0.7ms action_age=40.3ms scan_age=39.6ms scan_rx_age=16.0ms odom_age=9.6ms odom_rx_age=8.6ms sensor_skew=30.1ms loop_to_send=6.3ms
[go2:sport] DRY cmd#1033 seq=1065 v=0.900 w=-0.695 dt=40.0ms policy_zmq_lag=0.7ms action_age=40.5ms scan_age=39.8ms scan_rx_age=16.0ms odom_age=9.5ms odom_rx_age=8.5ms sensor_skew=30.3ms loop_to_send=6.3ms
[go2:sport] DRY cmd#1034 seq=1066 v=0.894 w=-0.575 dt=40.8ms policy_zmq_lag=0.7ms action_age=41.2ms scan_age=40.5ms scan_rx_age=17.2ms odom_age=10.3ms odom_rx_age=9.1ms sensor_skew=30.2ms loop_to_send=7.0ms
[go2:sport] DRY cmd#1035 seq=1067 v=0.895 w=-0.509 dt=39.2ms policy_zmq_lag=0.7ms action_age=40.3ms scan_age=39.6ms scan_rx_age=16.0ms odom_age=12.8ms odom_rx_age=11.9ms sensor_skew=26.8ms loop_to_send=6.2ms
[go2:sport] DRY cmd#1036 seq=1068 v=0.900 w=-0.628 dt=40.8ms policy_zmq_lag=0.8ms action_age=41.2ms scan_age=40.5ms scan_rx_age=17.3ms odom_age=10.2ms odom_rx_age=9.2ms sensor_skew=30.2ms loop_to_send=7.0ms
[go2:sport] DRY cmd#1037 seq=1069 v=0.895 w=-0.508 dt=39.0ms policy_zmq_lag=0.6ms action_age=40.1ms scan_age=39.5ms scan_rx_age=12.2ms odom_age=9.4ms odom_rx_age=8.5ms sensor_skew=30.1ms loop_to_send=6.1ms
[go2:sport] DRY cmd#1038 seq=1070 v=0.900 w=-0.628 dt=40.0ms policy_zmq_lag=0.6ms action_age=40.1ms scan_age=39.5ms scan_rx_age=14.1ms odom_age=9.3ms odom_rx_age=8.5ms sensor_skew=30.1ms loop_to_send=6.1ms
[go2:sport] DRY cmd#1039 seq=1071 v=0.895 w=-0.510 dt=40.7ms policy_zmq_lag=1.0ms action_age=40.8ms scan_age=39.8ms scan_rx_age=13.5ms odom_age=9.5ms odom_rx_age=8.5ms sensor_skew=30.2ms loop_to_send=6.4ms
[go2:sport] DRY cmd#1040 seq=1072 v=0.894 w=-0.500 dt=39.7ms policy_zmq_lag=0.7ms action_age=40.6ms scan_age=39.8ms scan_rx_age=13.5ms odom_age=9.4ms odom_rx_age=8.5ms sensor_skew=30.4ms loop_to_send=6.5ms
[go2:sport] DRY cmd#1041 seq=1073 v=0.900 w=-0.620 dt=41.0ms policy_zmq_lag=0.7ms action_age=41.7ms scan_age=41.0ms scan_rx_age=14.0ms odom_age=10.7ms odom_rx_age=9.7ms sensor_skew=30.3ms loop_to_send=7.4ms
[go2:sport] DRY cmd#1042 seq=1074 v=0.898 w=-0.592 dt=41.2ms policy_zmq_lag=0.7ms action_age=42.9ms scan_age=42.2ms scan_rx_age=16.7ms odom_age=10.3ms odom_rx_age=8.8ms sensor_skew=31.9ms loop_to_send=7.5ms
[go2:sport] DRY cmd#1043 seq=1075 v=0.900 w=-0.708 dt=43.0ms policy_zmq_lag=5.4ms action_age=45.8ms scan_age=40.4ms scan_rx_age=14.8ms odom_age=10.0ms odom_rx_age=8.9ms sensor_skew=30.4ms loop_to_send=6.9ms
[go2:sport] DRY cmd#1044 seq=1076 v=0.895 w=-0.588 dt=35.8ms policy_zmq_lag=0.8ms action_age=41.4ms scan_age=40.6ms scan_rx_age=13.0ms odom_age=10.4ms odom_rx_age=8.9ms sensor_skew=30.2ms loop_to_send=7.3ms
[go2:sport] DRY cmd#1045 seq=1077 v=0.894 w=-0.508 dt=40.2ms policy_zmq_lag=0.7ms action_age=41.7ms scan_age=41.0ms scan_rx_age=16.9ms odom_age=17.1ms odom_rx_age=14.8ms sensor_skew=23.9ms loop_to_send=7.1ms
[go2:sport] DRY cmd#1046 seq=1078 v=0.900 w=-0.628 dt=39.6ms policy_zmq_lag=0.7ms action_age=41.4ms scan_age=40.7ms scan_rx_age=15.9ms odom_age=10.1ms odom_rx_age=8.8ms sensor_skew=30.6ms loop_to_send=6.9ms
[go2:sport] DRY cmd#1047 seq=1079 v=0.899 w=-0.508 dt=39.5ms policy_zmq_lag=0.8ms action_age=40.9ms scan_age=40.1ms scan_rx_age=13.3ms odom_age=9.8ms odom_rx_age=8.5ms sensor_skew=30.3ms loop_to_send=6.6ms
[go2:sport] DRY cmd#1048 seq=1080 v=0.900 w=-0.633 dt=41.7ms policy_zmq_lag=0.8ms action_age=43.5ms scan_age=42.7ms scan_rx_age=16.3ms odom_age=11.3ms odom_rx_age=9.5ms sensor_skew=31.3ms loop_to_send=6.8ms
[go2:sport] DRY cmd#1049 seq=1081 v=0.894 w=-0.517 dt=38.6ms policy_zmq_lag=0.7ms action_age=41.3ms scan_age=40.6ms scan_rx_age=14.6ms odom_age=13.5ms odom_rx_age=10.4ms sensor_skew=27.1ms loop_to_send=7.0ms
[go2:sport] DRY cmd#1050 seq=1082 v=0.895 w=-0.494 dt=40.1ms policy_zmq_lag=1.0ms action_age=41.2ms scan_age=40.2ms scan_rx_age=13.6ms odom_age=9.5ms odom_rx_age=8.1ms sensor_skew=30.7ms loop_to_send=6.8ms
[go2:sport] DRY cmd#1051 seq=1083 v=0.900 w=-0.614 dt=39.5ms policy_zmq_lag=0.8ms action_age=40.8ms scan_age=40.0ms scan_rx_age=15.0ms odom_age=9.6ms odom_rx_age=8.5ms sensor_skew=30.4ms loop_to_send=6.6ms
[go2:sport] DRY cmd#1052 seq=1084 v=0.894 w=-0.514 dt=42.3ms policy_zmq_lag=0.7ms action_age=43.0ms scan_age=42.3ms scan_rx_age=13.2ms odom_age=15.5ms odom_rx_age=10.8ms sensor_skew=26.8ms loop_to_send=7.9ms
[go2:sport] DRY cmd#1053 seq=1085 v=0.900 w=-0.631 dt=39.5ms policy_zmq_lag=2.8ms action_age=40.8ms scan_age=38.0ms scan_rx_age=17.5ms odom_age=9.6ms odom_rx_age=8.5ms sensor_skew=28.4ms loop_to_send=6.4ms
[go2:sport] DRY cmd#1054 seq=1086 v=0.895 w=-0.511 dt=38.1ms policy_zmq_lag=0.8ms action_age=40.8ms scan_age=40.0ms scan_rx_age=14.3ms odom_age=9.9ms odom_rx_age=8.8ms sensor_skew=30.1ms loop_to_send=6.6ms
[go2:sport] DRY cmd#1055 seq=1087 v=0.894 w=-0.506 dt=39.7ms policy_zmq_lag=0.7ms action_age=39.9ms scan_age=39.1ms scan_rx_age=14.1ms odom_age=9.5ms odom_rx_age=8.5ms sensor_skew=29.6ms loop_to_send=6.4ms
[go2:sport] DRY cmd#1056 seq=1088 v=0.900 w=-0.626 dt=40.5ms policy_zmq_lag=0.8ms action_age=41.0ms scan_age=40.2ms scan_rx_age=17.1ms odom_age=10.0ms odom_rx_age=8.7ms sensor_skew=30.1ms loop_to_send=6.8ms
[go2:sport] DRY cmd#1057 seq=1089 v=0.897 w=-0.506 dt=39.2ms policy_zmq_lag=0.7ms action_age=40.3ms scan_age=39.6ms scan_rx_age=16.3ms odom_age=9.5ms odom_rx_age=8.7ms sensor_skew=30.1ms loop_to_send=6.1ms
[go2:sport] DRY cmd#1058 seq=1090 v=0.900 w=-0.626 dt=41.4ms policy_zmq_lag=1.1ms action_age=41.6ms scan_age=40.5ms scan_rx_age=14.9ms odom_age=10.4ms odom_rx_age=9.3ms sensor_skew=30.1ms loop_to_send=7.1ms
[go2:sport] DRY cmd#1059 seq=1091 v=0.894 w=-0.540 dt=39.2ms policy_zmq_lag=0.7ms action_age=40.3ms scan_age=39.6ms scan_rx_age=14.9ms odom_age=10.1ms odom_rx_age=9.0ms sensor_skew=29.5ms loop_to_send=6.8ms
[go2:sport] DRY cmd#1060 seq=1092 v=0.894 w=-0.498 dt=39.4ms policy_zmq_lag=0.7ms action_age=40.4ms scan_age=39.7ms scan_rx_age=16.3ms odom_age=9.6ms odom_rx_age=8.7ms sensor_skew=30.2ms loop_to_send=6.2ms
[go2:sport] DRY cmd#1061 seq=1093 v=0.900 w=-0.619 dt=40.2ms policy_zmq_lag=0.7ms action_age=38.1ms scan_age=37.4ms scan_rx_age=16.5ms odom_age=9.6ms odom_rx_age=8.7ms sensor_skew=27.8ms loop_to_send=6.1ms
[go2:sport] DRY cmd#1062 seq=1094 v=0.895 w=-0.500 dt=40.1ms policy_zmq_lag=0.7ms action_age=40.5ms scan_age=39.8ms scan_rx_age=8.7ms odom_age=9.7ms odom_rx_age=7.8ms sensor_skew=30.2ms loop_to_send=6.4ms
[go2:sport] DRY cmd#1063 seq=1095 v=0.894 w=-0.503 dt=40.3ms policy_zmq_lag=0.8ms action_age=61.1ms scan_age=60.3ms scan_rx_age=36.2ms odom_age=10.0ms odom_rx_age=9.1ms sensor_skew=50.3ms loop_to_send=6.4ms
[go2:sport] DRY cmd#1064 seq=1096 v=0.894 w=-0.565 dt=39.4ms policy_zmq_lag=0.7ms action_age=40.2ms scan_age=39.5ms scan_rx_age=10.8ms odom_age=9.4ms odom_rx_age=8.5ms sensor_skew=30.1ms loop_to_send=6.1ms
[go2:sport] DRY cmd#1065 seq=1097 v=0.894 w=-0.498 dt=40.3ms policy_zmq_lag=0.7ms action_age=41.1ms scan_age=40.4ms scan_rx_age=12.7ms odom_age=9.6ms odom_rx_age=8.8ms sensor_skew=30.8ms loop_to_send=6.3ms
[go2:sport] DRY cmd#1066 seq=1098 v=0.900 w=-0.618 dt=40.3ms policy_zmq_lag=0.7ms action_age=40.8ms scan_age=40.2ms scan_rx_age=13.8ms odom_age=9.9ms odom_rx_age=9.0ms sensor_skew=30.2ms loop_to_send=6.6ms
[go2:sport] DRY cmd#1067 seq=1099 v=0.895 w=-0.517 dt=40.2ms policy_zmq_lag=0.8ms action_age=41.0ms scan_age=40.3ms scan_rx_age=16.9ms odom_age=10.1ms odom_rx_age=9.2ms sensor_skew=30.2ms loop_to_send=6.8ms
[go2:sport] DRY cmd#1068 seq=1100 v=0.892 w=-0.628 dt=41.8ms policy_zmq_lag=0.8ms action_age=42.8ms scan_age=42.0ms scan_rx_age=16.5ms odom_age=11.5ms odom_rx_age=10.2ms sensor_skew=30.5ms loop_to_send=8.2ms
[go2:sport] DRY cmd#1069 seq=1101 v=0.900 w=-0.730 dt=37.9ms policy_zmq_lag=0.6ms action_age=60.8ms scan_age=60.2ms scan_rx_age=31.6ms odom_age=10.1ms odom_rx_age=9.1ms sensor_skew=50.1ms loop_to_send=6.7ms
[go2:sport] DRY cmd#1070 seq=1102 v=0.000 w=0.000 dt=36.2ms policy_zmq_lag=2.7ms
[go2:sport] DRY cmd#1071 seq=1103 v=0.000 w=0.000 dt=39.9ms policy_zmq_lag=2.9ms
[go2:sport] DRY cmd#1072 seq=1104 v=0.119 w=-0.119 dt=44.7ms policy_zmq_lag=0.7ms action_age=42.5ms scan_age=41.9ms scan_rx_age=15.5ms odom_age=9.4ms odom_rx_age=8.5ms sensor_skew=32.5ms loop_to_send=6.9ms
[go2:sport] DRY cmd#1073 seq=1105 v=0.238 w=-0.238 dt=39.5ms policy_zmq_lag=0.7ms action_age=41.7ms scan_age=41.0ms scan_rx_age=17.1ms odom_age=13.6ms odom_rx_age=12.2ms sensor_skew=27.4ms loop_to_send=6.6ms
[go2:sport] DRY cmd#1074 seq=1106 v=0.357 w=-0.324 dt=39.8ms policy_zmq_lag=0.7ms action_age=38.7ms scan_age=38.0ms scan_rx_age=11.7ms odom_age=9.9ms odom_rx_age=8.7ms sensor_skew=28.1ms loop_to_send=6.7ms
[go2:sport] DRY cmd#1075 seq=1107 v=0.478 w=-0.444 dt=39.9ms policy_zmq_lag=0.7ms action_age=40.7ms scan_age=40.0ms scan_rx_age=12.5ms odom_age=9.8ms odom_rx_age=8.7ms sensor_skew=30.2ms loop_to_send=6.5ms
[go2:sport] DRY cmd#1076 seq=1108 v=0.598 w=-0.564 dt=40.6ms policy_zmq_lag=0.8ms action_age=41.2ms scan_age=40.4ms scan_rx_age=16.7ms odom_age=10.3ms odom_rx_age=9.3ms sensor_skew=30.1ms loop_to_send=7.1ms
[go2:sport] DRY cmd#1077 seq=1109 v=0.718 w=-0.444 dt=39.1ms policy_zmq_lag=0.7ms action_age=60.3ms scan_age=59.7ms scan_rx_age=35.6ms odom_age=9.7ms odom_rx_age=8.6ms sensor_skew=50.0ms loop_to_send=6.3ms
[go2:sport] DRY cmd#1078 seq=1110 v=0.838 w=-0.492 dt=40.4ms policy_zmq_lag=0.8ms action_age=60.9ms scan_age=60.2ms scan_rx_age=27.1ms odom_age=10.1ms odom_rx_age=9.1ms sensor_skew=50.1ms loop_to_send=6.6ms
[go2:sport] DRY cmd#1079 seq=1111 v=0.900 w=-0.372 dt=39.7ms policy_zmq_lag=0.7ms action_age=40.6ms scan_age=39.9ms scan_rx_age=14.3ms odom_age=9.8ms odom_rx_age=8.9ms sensor_skew=30.0ms loop_to_send=6.4ms
[go2:sport] DRY cmd#1080 seq=1112 v=0.000 w=0.000 dt=79.4ms policy_zmq_lag=0.8ms
[go2:sport] STALE_DROP cmd#1081 seq=1113 reasons=action_age=290.2ms>80.0ms,odom_age=260.1ms>50.0ms policy_zmq_lag=13.5ms action_age=290.2ms scan_age=276.7ms scan_rx_age=250.5ms odom_age=246.6ms odom_rx_age=245.4ms sensor_skew=30.1ms loop_to_send=243.0ms
[go2:sport] DRY cmd#1082 seq=1114 v=0.000 w=0.000 dt=137.7ms policy_zmq_lag=5.1ms
[go2:sport] DRY cmd#1083 seq=1115 v=0.000 w=0.000 dt=548.8ms policy_zmq_lag=1.6ms
[go2:sport] STALE_DROP cmd#1084 seq=1116 reasons=action_age=116.3ms>80.0ms,odom_age=85.3ms>50.0ms policy_zmq_lag=0.6ms action_age=116.3ms scan_age=115.6ms scan_rx_age=86.0ms odom_age=84.7ms odom_rx_age=83.8ms sensor_skew=31.0ms loop_to_send=81.2ms
[go2:sport] DRY cmd#1085 seq=1117 v=0.000 w=0.000 dt=3.0ms policy_zmq_lag=0.4ms
[go2:sport] DRY cmd#1086 seq=1118 v=0.107 w=-0.107 dt=42.1ms policy_zmq_lag=0.6ms action_age=40.0ms scan_age=39.4ms scan_rx_age=16.5ms odom_age=9.9ms odom_rx_age=8.5ms sensor_skew=29.5ms loop_to_send=6.0ms
[go2:sport] DRY cmd#1087 seq=1119 v=0.226 w=-0.226 dt=39.8ms policy_zmq_lag=0.6ms action_age=40.1ms scan_age=39.5ms scan_rx_age=15.6ms odom_age=9.7ms odom_rx_age=8.6ms sensor_skew=29.8ms loop_to_send=6.0ms
[go2:sport] DRY cmd#1088 seq=1120 v=0.346 w=-0.346 dt=40.0ms policy_zmq_lag=0.6ms action_age=39.5ms scan_age=38.8ms scan_rx_age=16.2ms odom_age=9.6ms odom_rx_age=8.2ms sensor_skew=29.2ms loop_to_send=6.0ms
[go2:sport] DRY cmd#1089 seq=1121 v=0.466 w=-0.466 dt=40.0ms policy_zmq_lag=0.6ms action_age=40.1ms scan_age=39.5ms scan_rx_age=16.4ms odom_age=9.7ms odom_rx_age=8.9ms sensor_skew=29.8ms loop_to_send=6.1ms
[go2:sport] DRY cmd#1090 seq=1122 v=0.586 w=-0.497 dt=40.0ms policy_zmq_lag=0.6ms action_age=39.8ms scan_age=39.2ms scan_rx_age=16.5ms odom_age=9.8ms odom_rx_age=8.9ms sensor_skew=29.5ms loop_to_send=6.1ms
[go2:sport] DRY cmd#1091 seq=1123 v=0.706 w=-0.617 dt=40.0ms policy_zmq_lag=0.6ms action_age=40.1ms scan_age=39.4ms scan_rx_age=16.5ms odom_age=9.6ms odom_rx_age=8.7ms sensor_skew=29.8ms loop_to_send=6.0ms
[go2:sport] DRY cmd#1092 seq=1124 v=0.826 w=-0.510 dt=40.0ms policy_zmq_lag=0.6ms action_age=40.0ms scan_age=39.4ms scan_rx_age=16.8ms odom_age=9.6ms odom_rx_age=8.7ms sensor_skew=29.7ms loop_to_send=6.0ms
[go2:sport] DRY cmd#1093 seq=1125 v=0.898 w=-0.553 dt=40.0ms policy_zmq_lag=0.7ms action_age=40.0ms scan_age=39.4ms scan_rx_age=16.3ms odom_age=9.6ms odom_rx_age=8.7ms sensor_skew=29.7ms loop_to_send=6.1ms
[go2:sport] DRY cmd#1094 seq=1126 v=0.894 w=-0.553 dt=40.1ms policy_zmq_lag=0.6ms action_age=40.1ms scan_age=39.5ms scan_rx_age=16.2ms odom_age=9.8ms odom_rx_age=8.8ms sensor_skew=29.7ms loop_to_send=6.1ms
[go2:sport] DRY cmd#1095 seq=1127 v=0.895 w=-0.506 dt=39.9ms policy_zmq_lag=0.6ms action_age=40.3ms scan_age=39.7ms scan_rx_age=16.2ms odom_age=9.7ms odom_rx_age=8.8ms sensor_skew=30.0ms loop_to_send=6.0ms
[go2:sport] DRY cmd#1096 seq=1128 v=0.900 w=-0.626 dt=40.4ms policy_zmq_lag=0.7ms action_age=39.7ms scan_age=39.0ms scan_rx_age=16.9ms odom_age=9.9ms odom_rx_age=9.0ms sensor_skew=29.0ms loop_to_send=6.3ms
[go2:sport] DRY cmd#1097 seq=1129 v=0.895 w=-0.507 dt=39.5ms policy_zmq_lag=0.6ms action_age=39.9ms scan_age=39.3ms scan_rx_age=16.8ms odom_age=9.7ms odom_rx_age=8.9ms sensor_skew=29.6ms loop_to_send=6.0ms
[go2:sport] DRY cmd#1098 seq=1130 v=0.894 w=-0.546 dt=39.9ms policy_zmq_lag=0.6ms action_age=39.7ms scan_age=39.1ms scan_rx_age=16.2ms odom_age=9.5ms odom_rx_age=8.7ms sensor_skew=29.6ms loop_to_send=5.9ms
[go2:sport] DRY cmd#1099 seq=1131 v=0.898 w=-0.599 dt=40.3ms policy_zmq_lag=0.7ms action_age=40.3ms scan_age=39.6ms scan_rx_age=16.3ms odom_age=9.6ms odom_rx_age=8.6ms sensor_skew=30.0ms loop_to_send=6.0ms
[go2:sport] DRY cmd#1100 seq=1132 v=0.895 w=-0.485 dt=40.1ms policy_zmq_lag=0.6ms action_age=41.0ms scan_age=40.3ms scan_rx_age=16.2ms odom_age=9.7ms odom_rx_age=8.8ms sensor_skew=30.6ms loop_to_send=6.2ms
[go2:sport] DRY cmd#1101 seq=1133 v=0.900 w=-0.605 dt=39.8ms policy_zmq_lag=0.6ms action_age=40.3ms scan_age=39.7ms scan_rx_age=16.4ms odom_age=19.8ms odom_rx_age=18.8ms sensor_skew=19.9ms loop_to_send=6.1ms
[go2:sport] DRY cmd#1102 seq=1134 v=0.895 w=-0.497 dt=40.4ms policy_zmq_lag=0.7ms action_age=40.6ms scan_age=39.9ms scan_rx_age=16.2ms odom_age=9.9ms odom_rx_age=8.8ms sensor_skew=29.9ms loop_to_send=6.4ms
[go2:sport] DRY cmd#1103 seq=1135 v=0.894 w=-0.559 dt=39.3ms policy_zmq_lag=0.6ms action_age=39.9ms scan_age=39.3ms scan_rx_age=15.7ms odom_age=9.7ms odom_rx_age=8.9ms sensor_skew=29.6ms loop_to_send=5.9ms
[go2:sport] DRY cmd#1104 seq=1136 v=0.900 w=-0.679 dt=40.2ms policy_zmq_lag=0.6ms action_age=40.0ms scan_age=39.4ms scan_rx_age=16.4ms odom_age=9.8ms odom_rx_age=9.0ms sensor_skew=29.6ms loop_to_send=6.0ms
[go2:sport] DRY cmd#1105 seq=1137 v=0.895 w=-0.559 dt=40.0ms policy_zmq_lag=0.7ms action_age=39.7ms scan_age=39.0ms scan_rx_age=14.6ms odom_age=9.7ms odom_rx_age=9.0ms sensor_skew=29.2ms loop_to_send=6.0ms
[go2:sport] DRY cmd#1106 seq=1138 v=0.900 w=-0.679 dt=39.9ms policy_zmq_lag=0.6ms action_age=40.0ms scan_age=39.4ms scan_rx_age=16.5ms odom_age=9.7ms odom_rx_age=8.9ms sensor_skew=29.7ms loop_to_send=6.0ms
[go2:sport] DRY cmd#1107 seq=1139 v=0.894 w=-0.559 dt=40.1ms policy_zmq_lag=0.6ms action_age=40.1ms scan_age=39.4ms scan_rx_age=14.8ms odom_age=9.8ms odom_rx_age=8.0ms sensor_skew=29.6ms loop_to_send=6.1ms
[go2:sport] DRY cmd#1108 seq=1140 v=0.894 w=-0.502 dt=39.9ms policy_zmq_lag=0.6ms action_age=41.9ms scan_age=41.2ms scan_rx_age=16.0ms odom_age=9.7ms odom_rx_age=8.7ms sensor_skew=31.6ms loop_to_send=6.0ms
[go2:sport] DRY cmd#1109 seq=1141 v=0.900 w=-0.622 dt=39.9ms policy_zmq_lag=0.6ms action_age=40.0ms scan_age=39.4ms scan_rx_age=16.6ms odom_age=9.7ms odom_rx_age=8.8ms sensor_skew=29.7ms loop_to_send=5.9ms
[go2:sport] DRY cmd#1110 seq=1142 v=0.895 w=-0.515 dt=40.5ms policy_zmq_lag=0.7ms action_age=40.4ms scan_age=39.7ms scan_rx_age=16.8ms odom_age=10.1ms odom_rx_age=9.3ms sensor_skew=29.6ms loop_to_send=6.3ms
[go2:sport] DRY cmd#1111 seq=1143 v=0.900 w=-0.635 dt=39.6ms policy_zmq_lag=0.6ms action_age=40.0ms scan_age=39.4ms scan_rx_age=16.8ms odom_age=9.7ms odom_rx_age=8.9ms sensor_skew=29.7ms loop_to_send=6.0ms
[go2:sport] DRY cmd#1112 seq=1144 v=0.895 w=-0.515 dt=40.0ms policy_zmq_lag=0.6ms action_age=40.0ms scan_age=39.4ms scan_rx_age=16.3ms odom_age=9.8ms odom_rx_age=9.0ms sensor_skew=29.5ms loop_to_send=6.0ms
[go2:sport] DRY cmd#1113 seq=1145 v=0.894 w=-0.519 dt=40.1ms policy_zmq_lag=0.6ms action_age=40.1ms scan_age=39.5ms scan_rx_age=16.6ms odom_age=9.9ms odom_rx_age=9.1ms sensor_skew=29.6ms loop_to_send=6.1ms
[go2:sport] DRY cmd#1114 seq=1146 v=0.900 w=-0.639 dt=39.7ms policy_zmq_lag=0.6ms action_age=39.8ms scan_age=39.2ms scan_rx_age=16.6ms odom_age=9.7ms odom_rx_age=8.9ms sensor_skew=29.5ms loop_to_send=5.9ms
[go2:sport] DRY cmd#1115 seq=1147 v=0.899 w=-0.587 dt=41.9ms policy_zmq_lag=0.7ms action_age=41.9ms scan_age=41.2ms scan_rx_age=17.9ms odom_age=11.5ms odom_rx_age=10.3ms sensor_skew=29.7ms loop_to_send=7.7ms
[go2:sport] DRY cmd#1116 seq=1148 v=0.900 w=-0.707 dt=38.2ms policy_zmq_lag=0.6ms action_age=39.9ms scan_age=39.3ms scan_rx_age=16.7ms odom_age=9.7ms odom_rx_age=8.8ms sensor_skew=29.6ms loop_to_send=5.9ms
[go2:sport] DRY cmd#1117 seq=1149 v=0.894 w=-0.587 dt=41.2ms policy_zmq_lag=0.7ms action_age=41.2ms scan_age=40.5ms scan_rx_age=17.7ms odom_age=10.9ms odom_rx_age=9.9ms sensor_skew=29.6ms loop_to_send=7.0ms
[go2:sport] DRY cmd#1118 seq=1150 v=0.894 w=-0.509 dt=38.7ms policy_zmq_lag=0.6ms action_age=39.9ms scan_age=39.3ms scan_rx_age=16.3ms odom_age=9.6ms odom_rx_age=8.7ms sensor_skew=29.7ms loop_to_send=5.8ms
[go2:sport] DRY cmd#1119 seq=1151 v=0.900 w=-0.629 dt=40.1ms policy_zmq_lag=0.6ms action_age=40.0ms scan_age=39.4ms scan_rx_age=16.7ms odom_age=9.7ms odom_rx_age=8.9ms sensor_skew=29.7ms loop_to_send=6.0ms
[go2:sport] DRY cmd#1120 seq=1152 v=0.898 w=-0.589 dt=42.0ms policy_zmq_lag=0.7ms action_age=41.9ms scan_age=41.3ms scan_rx_age=18.2ms odom_age=11.6ms odom_rx_age=10.8ms sensor_skew=29.6ms loop_to_send=7.8ms
[go2:sport] DRY cmd#1121 seq=1153 v=0.900 w=-0.708 dt=38.7ms policy_zmq_lag=0.8ms action_age=40.6ms scan_age=39.9ms scan_rx_age=17.4ms odom_age=10.3ms odom_rx_age=9.5ms sensor_skew=29.5ms loop_to_send=6.5ms
[go2:sport] DRY cmd#1122 seq=1154 v=0.894 w=-0.588 dt=39.5ms policy_zmq_lag=0.6ms action_age=40.1ms scan_age=39.5ms scan_rx_age=16.3ms odom_age=10.0ms odom_rx_age=9.1ms sensor_skew=29.5ms loop_to_send=6.1ms
[go2:sport] DRY cmd#1123 seq=1155 v=0.895 w=-0.510 dt=39.9ms policy_zmq_lag=0.6ms action_age=40.1ms scan_age=39.5ms scan_rx_age=16.9ms odom_age=9.9ms odom_rx_age=9.1ms sensor_skew=29.6ms loop_to_send=6.0ms
[go2:sport] DRY cmd#1124 seq=1156 v=0.900 w=-0.630 dt=39.7ms policy_zmq_lag=0.7ms action_age=39.7ms scan_age=39.0ms scan_rx_age=16.6ms odom_age=9.5ms odom_rx_age=8.7ms sensor_skew=29.5ms loop_to_send=5.7ms
[go2:sport] DRY cmd#1125 seq=1157 v=0.895 w=-0.515 dt=40.4ms policy_zmq_lag=0.6ms action_age=41.3ms scan_age=40.7ms scan_rx_age=16.2ms odom_age=9.1ms odom_rx_age=7.8ms sensor_skew=31.6ms loop_to_send=6.2ms
[go2:sport] DRY cmd#1126 seq=1158 v=0.900 w=-0.635 dt=40.0ms policy_zmq_lag=0.6ms action_age=40.1ms scan_age=39.5ms scan_rx_age=17.0ms odom_age=10.0ms odom_rx_age=9.1ms sensor_skew=29.5ms loop_to_send=6.1ms
[go2:sport] DRY cmd#1127 seq=1159 v=0.894 w=-0.544 dt=40.2ms policy_zmq_lag=0.6ms action_age=40.4ms scan_age=39.8ms scan_rx_age=16.7ms odom_age=10.1ms odom_rx_age=9.2ms sensor_skew=29.6ms loop_to_send=6.1ms
[go2:sport] DRY cmd#1128 seq=1160 v=0.894 w=-0.492 dt=39.8ms policy_zmq_lag=0.6ms action_age=40.1ms scan_age=39.5ms scan_rx_age=16.8ms odom_age=10.0ms odom_rx_age=9.0ms sensor_skew=29.5ms loop_to_send=6.1ms
[go2:sport] DRY cmd#1129 seq=1161 v=0.900 w=-0.612 dt=39.9ms policy_zmq_lag=0.6ms action_age=39.7ms scan_age=39.1ms scan_rx_age=16.7ms odom_age=9.8ms odom_rx_age=8.8ms sensor_skew=29.3ms loop_to_send=6.0ms
[go2:sport] DRY cmd#1130 seq=1162 v=0.895 w=-0.508 dt=39.8ms policy_zmq_lag=0.6ms action_age=39.9ms scan_age=39.3ms scan_rx_age=16.7ms odom_age=9.5ms odom_rx_age=8.6ms sensor_skew=29.8ms loop_to_send=5.9ms
[go2:sport] DRY cmd#1131 seq=1163 v=0.900 w=-0.628 dt=40.1ms policy_zmq_lag=0.6ms action_age=39.8ms scan_age=39.2ms scan_rx_age=16.6ms odom_age=9.6ms odom_rx_age=8.8ms sensor_skew=29.6ms loop_to_send=5.9ms
[go2:sport] DRY cmd#1132 seq=1164 v=0.894 w=-0.508 dt=39.9ms policy_zmq_lag=0.6ms action_age=39.9ms scan_age=39.3ms scan_rx_age=16.1ms odom_age=9.7ms odom_rx_age=8.9ms sensor_skew=29.6ms loop_to_send=5.9ms
[go2:sport] DRY cmd#1133 seq=1165 v=0.895 w=-0.491 dt=40.0ms policy_zmq_lag=0.6ms action_age=39.8ms scan_age=39.3ms scan_rx_age=16.1ms odom_age=9.7ms odom_rx_age=8.9ms sensor_skew=29.6ms loop_to_send=5.9ms
[go2:sport] DRY cmd#1134 seq=1166 v=0.900 w=-0.611 dt=40.1ms policy_zmq_lag=0.6ms action_age=40.0ms scan_age=39.5ms scan_rx_age=16.4ms odom_age=9.8ms odom_rx_age=9.0ms sensor_skew=29.7ms loop_to_send=6.0ms
[go2:sport] DRY cmd#1135 seq=1167 v=0.894 w=-0.505 dt=40.2ms policy_zmq_lag=0.6ms action_age=40.1ms scan_age=39.5ms scan_rx_age=17.0ms odom_age=9.9ms odom_rx_age=8.8ms sensor_skew=29.6ms loop_to_send=6.1ms
[go2:sport] DRY cmd#1136 seq=1168 v=0.899 w=-0.625 dt=39.9ms policy_zmq_lag=0.6ms action_age=40.1ms scan_age=39.4ms scan_rx_age=16.5ms odom_age=9.9ms odom_rx_age=9.0ms sensor_skew=29.6ms loop_to_send=6.0ms
[go2:sport] DRY cmd#1137 seq=1169 v=0.893 w=-0.564 dt=42.1ms policy_zmq_lag=1.6ms action_age=42.1ms scan_age=40.5ms scan_rx_age=17.8ms odom_age=10.8ms odom_rx_age=9.7ms sensor_skew=29.7ms loop_to_send=7.1ms
[go2:sport] DRY cmd#1138 seq=1170 v=0.895 w=-0.491 dt=37.9ms policy_zmq_lag=0.6ms action_age=41.9ms scan_age=41.3ms scan_rx_age=16.3ms odom_age=9.4ms odom_rx_age=8.5ms sensor_skew=31.9ms loop_to_send=6.1ms
[go2:sport] DRY cmd#1139 seq=1171 v=0.900 w=-0.611 dt=40.2ms policy_zmq_lag=0.6ms action_age=40.3ms scan_age=39.7ms scan_rx_age=16.7ms odom_age=10.1ms odom_rx_age=9.2ms sensor_skew=29.6ms loop_to_send=6.1ms
[go2:sport] DRY cmd#1140 seq=1172 v=0.894 w=-0.498 dt=39.9ms policy_zmq_lag=0.6ms action_age=40.0ms scan_age=39.4ms scan_rx_age=16.3ms odom_age=9.7ms odom_rx_age=8.8ms sensor_skew=29.7ms loop_to_send=6.0ms
[go2:sport] DRY cmd#1141 seq=1173 v=0.900 w=-0.379 dt=39.9ms policy_zmq_lag=0.6ms action_age=40.0ms scan_age=39.4ms scan_rx_age=16.5ms odom_age=9.9ms odom_rx_age=9.0ms sensor_skew=29.5ms loop_to_send=6.0ms
[go2:sport] DRY cmd#1142 seq=1174 v=0.895 w=-0.399 dt=40.2ms policy_zmq_lag=0.6ms action_age=40.3ms scan_age=39.7ms scan_rx_age=16.7ms odom_age=10.0ms odom_rx_age=9.0ms sensor_skew=29.7ms loop_to_send=6.1ms
[go2:sport] DRY cmd#1143 seq=1175 v=0.894 w=-0.487 dt=39.8ms policy_zmq_lag=0.6ms action_age=40.0ms scan_age=39.4ms scan_rx_age=16.4ms odom_age=9.5ms odom_rx_age=8.5ms sensor_skew=29.9ms loop_to_send=5.9ms
[go2:sport] DRY cmd#1144 seq=1176 v=0.900 w=-0.608 dt=40.1ms policy_zmq_lag=0.6ms action_age=40.0ms scan_age=39.4ms scan_rx_age=16.9ms odom_age=9.8ms odom_rx_age=8.9ms sensor_skew=29.6ms loop_to_send=6.0ms
[go2:sport] DRY cmd#1145 seq=1177 v=0.895 w=-0.493 dt=40.2ms policy_zmq_lag=0.6ms action_age=40.1ms scan_age=39.5ms scan_rx_age=16.4ms odom_age=9.9ms odom_rx_age=9.0ms sensor_skew=29.5ms loop_to_send=6.1ms
[go2:sport] DRY cmd#1146 seq=1178 v=0.894 w=-0.528 dt=40.1ms policy_zmq_lag=0.6ms action_age=40.3ms scan_age=39.7ms scan_rx_age=16.6ms odom_age=10.1ms odom_rx_age=8.9ms sensor_skew=29.7ms loop_to_send=6.2ms
[go2:sport] DRY cmd#1147 seq=1179 v=0.894 w=-0.534 dt=40.2ms policy_zmq_lag=0.6ms action_age=40.5ms scan_age=39.9ms scan_rx_age=17.1ms odom_age=7.2ms odom_rx_age=6.4ms sensor_skew=32.7ms loop_to_send=5.9ms
[go2:sport] DRY cmd#1148 seq=1180 v=0.895 w=-0.523 dt=39.4ms policy_zmq_lag=0.5ms action_age=40.0ms scan_age=39.4ms scan_rx_age=16.9ms odom_age=9.9ms odom_rx_age=9.1ms sensor_skew=29.6ms loop_to_send=5.9ms
[go2:sport] DRY cmd#1149 seq=1181 v=0.900 w=-0.645 dt=40.4ms policy_zmq_lag=0.7ms action_age=40.3ms scan_age=39.6ms scan_rx_age=17.2ms odom_age=6.9ms odom_rx_age=6.1ms sensor_skew=32.8ms loop_to_send=5.6ms
[go2:sport] DRY cmd#1150 seq=1182 v=0.895 w=-0.525 dt=40.2ms policy_zmq_lag=0.7ms action_age=41.4ms scan_age=40.7ms scan_rx_age=16.5ms odom_age=7.1ms odom_rx_age=6.2ms sensor_skew=33.6ms loop_to_send=5.7ms
[go2:sport] DRY cmd#1151 seq=1183 v=0.894 w=-0.538 dt=38.9ms policy_zmq_lag=0.5ms action_age=39.4ms scan_age=38.9ms scan_rx_age=16.6ms odom_age=9.4ms odom_rx_age=8.6ms sensor_skew=29.5ms loop_to_send=5.5ms
[go2:sport] DRY cmd#1152 seq=1184 v=0.900 w=-0.566 dt=39.9ms policy_zmq_lag=0.6ms action_age=39.2ms scan_age=38.6ms scan_rx_age=16.4ms odom_age=9.2ms odom_rx_age=8.4ms sensor_skew=29.5ms loop_to_send=5.4ms
[go2:sport] DRY cmd#1153 seq=1185 v=0.895 w=-0.524 dt=40.2ms policy_zmq_lag=0.6ms action_age=39.5ms scan_age=38.9ms scan_rx_age=16.3ms odom_age=9.3ms odom_rx_age=8.5ms sensor_skew=29.6ms loop_to_send=5.6ms
[go2:sport] DRY cmd#1154 seq=1186 v=0.900 w=-0.644 dt=40.1ms policy_zmq_lag=0.5ms action_age=39.6ms scan_age=39.0ms scan_rx_age=16.7ms odom_age=9.4ms odom_rx_age=8.6ms sensor_skew=29.6ms loop_to_send=5.6ms
[go2:sport] DRY cmd#1155 seq=1187 v=0.894 w=-0.524 dt=40.0ms policy_zmq_lag=0.6ms action_age=39.4ms scan_age=38.9ms scan_rx_age=15.7ms odom_age=9.4ms odom_rx_age=8.6ms sensor_skew=29.5ms loop_to_send=5.6ms
[go2:sport] DRY cmd#1156 seq=1188 v=0.894 w=-0.552 dt=41.1ms policy_zmq_lag=0.7ms action_age=40.6ms scan_age=39.9ms scan_rx_age=14.7ms odom_age=7.1ms odom_rx_age=6.3ms sensor_skew=32.8ms loop_to_send=5.8ms
[go2:sport] DRY cmd#1157 seq=1189 v=0.900 w=-0.672 dt=39.8ms policy_zmq_lag=0.7ms action_age=40.0ms scan_age=39.3ms scan_rx_age=15.4ms odom_age=6.9ms odom_rx_age=6.0ms sensor_skew=32.5ms loop_to_send=5.5ms
[go2:sport] DRY cmd#1158 seq=1190 v=0.896 w=-0.554 dt=39.4ms policy_zmq_lag=0.7ms action_age=39.6ms scan_age=38.9ms scan_rx_age=14.5ms odom_age=9.5ms odom_rx_age=8.7ms sensor_skew=29.4ms loop_to_send=5.7ms
[go2:sport] DRY cmd#1159 seq=1191 v=0.900 w=-0.676 dt=40.6ms policy_zmq_lag=0.7ms action_age=40.3ms scan_age=39.6ms scan_rx_age=15.3ms odom_age=6.9ms odom_rx_age=6.0ms sensor_skew=32.7ms loop_to_send=5.5ms
[go2:sport] DRY cmd#1160 seq=1192 v=0.894 w=-0.559 dt=39.4ms policy_zmq_lag=0.7ms action_age=39.6ms scan_age=38.9ms scan_rx_age=14.1ms odom_age=9.5ms odom_rx_age=8.7ms sensor_skew=29.4ms loop_to_send=5.7ms
[go2:sport] DRY cmd#1161 seq=1193 v=0.895 w=-0.506 dt=40.7ms policy_zmq_lag=0.7ms action_age=40.3ms scan_age=39.6ms scan_rx_age=14.8ms odom_age=6.9ms odom_rx_age=6.1ms sensor_skew=32.6ms loop_to_send=5.6ms
[go2:sport] DRY cmd#1162 seq=1194 v=0.900 w=-0.626 dt=39.9ms policy_zmq_lag=0.7ms action_age=40.4ms scan_age=39.7ms scan_rx_age=15.2ms odom_age=6.9ms odom_rx_age=6.1ms sensor_skew=32.8ms loop_to_send=5.6ms
[go2:sport] DRY cmd#1163 seq=1195 v=0.895 w=-0.513 dt=39.4ms policy_zmq_lag=0.7ms action_age=39.8ms scan_age=39.1ms scan_rx_age=13.9ms odom_age=9.5ms odom_rx_age=8.6ms sensor_skew=29.6ms loop_to_send=5.7ms
[go2:sport] DRY cmd#1164 seq=1196 v=0.900 w=-0.634 dt=39.8ms policy_zmq_lag=0.6ms action_age=39.4ms scan_age=38.9ms scan_rx_age=16.7ms odom_age=9.6ms odom_rx_age=8.7ms sensor_skew=29.3ms loop_to_send=5.6ms
[go2:sport] DRY cmd#1165 seq=1197 v=0.894 w=-0.512 dt=40.7ms policy_zmq_lag=0.6ms action_age=40.1ms scan_age=39.5ms scan_rx_age=17.0ms odom_age=6.9ms odom_rx_age=6.2ms sensor_skew=32.6ms loop_to_send=5.7ms
[go2:sport] DRY cmd#1166 seq=1198 v=0.894 w=-0.520 dt=39.4ms policy_zmq_lag=0.6ms action_age=39.5ms scan_age=38.8ms scan_rx_age=16.3ms odom_age=9.5ms odom_rx_age=8.7ms sensor_skew=29.4ms loop_to_send=5.6ms
[go2:sport] DRY cmd#1167 seq=1199 v=0.900 w=-0.640 dt=40.0ms policy_zmq_lag=0.6ms action_age=39.5ms scan_age=38.9ms scan_rx_age=16.4ms odom_age=9.5ms odom_rx_age=8.8ms sensor_skew=29.4ms loop_to_send=5.6ms
[go2:sport] DRY cmd#1168 seq=1200 v=0.899 w=-0.598 dt=40.2ms policy_zmq_lag=0.7ms action_age=39.9ms scan_age=39.1ms scan_rx_age=16.2ms odom_age=9.5ms odom_rx_age=8.6ms sensor_skew=29.6ms loop_to_send=5.6ms
[go2:sport] DRY cmd#1169 seq=1201 v=0.900 w=-0.719 dt=40.4ms policy_zmq_lag=0.6ms action_age=40.3ms scan_age=39.7ms scan_rx_age=15.4ms odom_age=7.0ms odom_rx_age=6.2ms sensor_skew=32.6ms loop_to_send=5.7ms
[go2:sport] DRY cmd#1170 seq=1202 v=0.894 w=-0.599 dt=40.1ms policy_zmq_lag=0.7ms action_age=40.3ms scan_age=39.6ms scan_rx_age=15.3ms odom_age=7.0ms odom_rx_age=6.1ms sensor_skew=32.7ms loop_to_send=5.6ms
[go2:sport] DRY cmd#1171 seq=1203 v=0.895 w=-0.497 dt=39.1ms policy_zmq_lag=0.6ms action_age=39.6ms scan_age=39.0ms scan_rx_age=14.7ms odom_age=9.5ms odom_rx_age=8.7ms sensor_skew=29.5ms loop_to_send=5.6ms
[go2:sport] DRY cmd#1172 seq=1204 v=0.900 w=-0.617 dt=39.9ms policy_zmq_lag=0.6ms action_age=39.4ms scan_age=38.8ms scan_rx_age=16.5ms odom_age=8.7ms odom_rx_age=8.0ms sensor_skew=30.1ms loop_to_send=5.5ms
[go2:sport] DRY cmd#1173 seq=1205 v=0.895 w=-0.501 dt=40.3ms policy_zmq_lag=0.6ms action_age=39.7ms scan_age=39.1ms scan_rx_age=14.8ms odom_age=9.7ms odom_rx_age=8.9ms sensor_skew=29.4ms loop_to_send=5.7ms
[go2:sport] DRY cmd#1174 seq=1206 v=0.900 w=-0.623 dt=40.5ms policy_zmq_lag=0.6ms action_age=40.2ms scan_age=39.6ms scan_rx_age=16.9ms odom_age=6.9ms odom_rx_age=6.1ms sensor_skew=32.7ms loop_to_send=5.6ms
[go2:sport] DRY cmd#1175 seq=1207 v=0.895 w=-0.504 dt=40.4ms policy_zmq_lag=0.6ms action_age=41.5ms scan_age=40.9ms scan_rx_age=15.1ms odom_age=10.6ms odom_rx_age=9.7ms sensor_skew=30.3ms loop_to_send=6.3ms
[go2:sport] DRY cmd#1176 seq=1208 v=0.894 w=-0.503 dt=40.2ms policy_zmq_lag=0.6ms action_age=40.7ms scan_age=40.1ms scan_rx_age=17.8ms odom_age=7.5ms odom_rx_age=6.7ms sensor_skew=32.7ms loop_to_send=6.1ms
[go2:sport] DRY cmd#1177 seq=1209 v=0.900 w=-0.623 dt=40.0ms policy_zmq_lag=0.7ms action_age=40.9ms scan_age=40.2ms scan_rx_age=17.9ms odom_age=7.5ms odom_rx_age=6.7ms sensor_skew=32.7ms loop_to_send=6.2ms
[go2:sport] DRY cmd#1178 seq=1210 v=0.896 w=-0.534 dt=40.6ms policy_zmq_lag=0.8ms action_age=41.6ms scan_age=40.8ms scan_rx_age=18.0ms odom_age=8.0ms odom_rx_age=7.3ms sensor_skew=32.8ms loop_to_send=6.8ms
[go2:sport] DRY cmd#1179 seq=1211 v=0.900 w=-0.654 dt=38.6ms policy_zmq_lag=0.6ms action_age=40.1ms scan_age=39.5ms scan_rx_age=16.9ms odom_age=6.8ms odom_rx_age=6.0ms sensor_skew=32.7ms loop_to_send=5.6ms
[go2:sport] DRY cmd#1180 seq=1212 v=0.894 w=-0.557 dt=40.0ms policy_zmq_lag=0.6ms action_age=40.1ms scan_age=39.5ms scan_rx_age=16.6ms odom_age=6.8ms odom_rx_age=6.1ms sensor_skew=32.6ms loop_to_send=5.6ms
[go2:sport] DRY cmd#1181 seq=1213 v=0.894 w=-0.503 dt=39.7ms policy_zmq_lag=0.7ms action_age=40.0ms scan_age=39.3ms scan_rx_age=15.6ms odom_age=9.8ms odom_rx_age=8.9ms sensor_skew=29.6ms loop_to_send=5.9ms
[go2:sport] DRY cmd#1182 seq=1214 v=0.900 w=-0.626 dt=41.6ms policy_zmq_lag=0.7ms action_age=41.4ms scan_age=40.7ms scan_rx_age=17.9ms odom_age=8.1ms odom_rx_age=7.1ms sensor_skew=32.6ms loop_to_send=6.5ms
[go2:sport] DRY cmd#1183 seq=1215 v=0.895 w=-0.513 dt=39.1ms policy_zmq_lag=0.7ms action_age=40.5ms scan_age=39.8ms scan_rx_age=14.6ms odom_age=10.4ms odom_rx_age=9.4ms sensor_skew=29.4ms loop_to_send=6.4ms
[go2:sport] DRY cmd#1184 seq=1216 v=0.900 w=-0.393 dt=40.1ms policy_zmq_lag=0.8ms action_age=40.6ms scan_age=39.8ms scan_rx_age=15.2ms odom_age=10.5ms odom_rx_age=9.4ms sensor_skew=29.4ms loop_to_send=6.5ms
[go2:sport] DRY cmd#1185 seq=1217 v=0.894 w=-0.513 dt=39.6ms policy_zmq_lag=0.7ms action_age=40.4ms scan_age=39.7ms scan_rx_age=16.5ms odom_age=16.9ms odom_rx_age=15.6ms sensor_skew=22.8ms loop_to_send=6.2ms
[go2:sport] DRY cmd#1186 seq=1218 v=0.895 w=-0.491 dt=40.8ms policy_zmq_lag=0.7ms action_age=41.8ms scan_age=41.1ms scan_rx_age=17.4ms odom_age=7.7ms odom_rx_age=6.7ms sensor_skew=33.4ms loop_to_send=6.2ms
[go2:sport] DRY cmd#1187 seq=1219 v=0.900 w=-0.611 dt=39.8ms policy_zmq_lag=0.7ms action_age=41.0ms scan_age=40.3ms scan_rx_age=17.4ms odom_age=7.5ms odom_rx_age=6.6ms sensor_skew=32.9ms loop_to_send=6.1ms
[go2:sport] DRY cmd#1188 seq=1220 v=0.895 w=-0.495 dt=39.7ms policy_zmq_lag=0.6ms action_age=40.6ms scan_age=40.0ms scan_rx_age=17.7ms odom_age=7.2ms odom_rx_age=6.4ms sensor_skew=32.7ms loop_to_send=5.9ms
[go2:sport] DRY cmd#1189 seq=1221 v=0.899 w=-0.616 dt=45.5ms policy_zmq_lag=0.7ms action_age=46.1ms scan_age=45.5ms scan_rx_age=22.8ms odom_age=15.9ms odom_rx_age=14.1ms sensor_skew=29.6ms loop_to_send=11.1ms
[go2:sport] DRY cmd#1190 seq=1222 v=0.893 w=-0.537 dt=39.3ms policy_zmq_lag=0.6ms action_age=44.8ms scan_age=44.1ms scan_rx_age=19.8ms odom_age=15.3ms odom_rx_age=13.7ms sensor_skew=28.8ms loop_to_send=10.7ms
[go2:sport] DRY cmd#1191 seq=1223 v=0.895 w=-0.497 dt=35.2ms policy_zmq_lag=0.6ms action_age=40.2ms scan_age=39.6ms scan_rx_age=17.0ms odom_age=7.3ms odom_rx_age=6.5ms sensor_skew=32.3ms loop_to_send=5.9ms
[go2:sport] DRY cmd#1192 seq=1224 v=0.900 w=-0.617 dt=40.2ms policy_zmq_lag=0.6ms action_age=40.8ms scan_age=40.1ms scan_rx_age=17.4ms odom_age=7.5ms odom_rx_age=6.6ms sensor_skew=32.6ms loop_to_send=6.1ms
[go2:sport] DRY cmd#1193 seq=1225 v=0.894 w=-0.506 dt=39.5ms policy_zmq_lag=0.6ms action_age=40.3ms scan_age=39.7ms scan_rx_age=17.3ms odom_age=10.2ms odom_rx_age=9.3ms sensor_skew=29.5ms loop_to_send=6.2ms
[go2:sport] DRY cmd#1194 seq=1226 v=0.900 w=-0.387 dt=40.2ms policy_zmq_lag=0.7ms action_age=40.6ms scan_age=39.9ms scan_rx_age=16.7ms odom_age=10.5ms odom_rx_age=8.1ms sensor_skew=29.4ms loop_to_send=6.5ms
[go2:sport] DRY cmd#1195 seq=1227 v=0.900 w=-0.265 dt=39.9ms policy_zmq_lag=0.6ms action_age=40.5ms scan_age=40.0ms scan_rx_age=16.5ms odom_age=7.3ms odom_rx_age=6.5ms sensor_skew=32.7ms loop_to_send=6.0ms
[go2:sport] DRY cmd#1196 seq=1228 v=0.895 w=-0.385 dt=39.9ms policy_zmq_lag=0.7ms action_age=40.3ms scan_age=39.7ms scan_rx_age=16.6ms odom_age=7.1ms odom_rx_age=6.4ms sensor_skew=32.5ms loop_to_send=5.9ms
[go2:sport] DRY cmd#1197 seq=1229 v=0.900 w=-0.504 dt=39.7ms policy_zmq_lag=0.6ms action_age=40.0ms scan_age=39.4ms scan_rx_age=16.9ms odom_age=6.9ms odom_rx_age=6.3ms sensor_skew=32.5ms loop_to_send=5.8ms
[go2:sport] DRY cmd#1198 seq=1230 v=0.895 w=-0.500 dt=40.1ms policy_zmq_lag=0.6ms action_age=40.3ms scan_age=39.6ms scan_rx_age=16.5ms odom_age=7.0ms odom_rx_age=6.3ms sensor_skew=32.6ms loop_to_send=5.9ms
[go2:sport] DRY cmd#1199 seq=1231 v=0.894 w=-0.554 dt=39.9ms policy_zmq_lag=0.6ms action_age=40.0ms scan_age=39.4ms scan_rx_age=17.1ms odom_age=6.9ms odom_rx_age=6.2ms sensor_skew=32.5ms loop_to_send=5.7ms
[go2:sport] DRY cmd#1200 seq=1232 v=0.898 w=-0.433 dt=40.3ms policy_zmq_lag=0.8ms action_age=41.1ms scan_age=40.4ms scan_rx_age=16.2ms odom_age=7.1ms odom_rx_age=6.2ms sensor_skew=33.3ms loop_to_send=5.7ms
[go2:sport] DRY cmd#1201 seq=1233 v=0.895 w=-0.511 dt=40.0ms policy_zmq_lag=0.7ms action_age=40.3ms scan_age=39.6ms scan_rx_age=16.3ms odom_age=7.1ms odom_rx_age=6.2ms sensor_skew=32.6ms loop_to_send=5.8ms
[go2:sport] DRY cmd#1202 seq=1234 v=0.900 w=-0.631 dt=39.6ms policy_zmq_lag=0.6ms action_age=40.0ms scan_age=39.4ms scan_rx_age=15.1ms odom_age=6.9ms odom_rx_age=6.1ms sensor_skew=32.5ms loop_to_send=5.6ms
[go2:sport] DRY cmd#1203 seq=1235 v=0.894 w=-0.511 dt=40.2ms policy_zmq_lag=0.6ms action_age=40.2ms scan_age=39.6ms scan_rx_age=14.7ms odom_age=7.0ms odom_rx_age=6.2ms sensor_skew=32.6ms loop_to_send=5.7ms
[go2:sport] DRY cmd#1204 seq=1236 v=0.894 w=-0.554 dt=40.0ms policy_zmq_lag=0.7ms action_age=39.4ms scan_age=38.7ms scan_rx_age=16.2ms odom_age=7.0ms odom_rx_age=6.2ms sensor_skew=31.7ms loop_to_send=5.8ms
[go2:sport] DRY cmd#1205 seq=1237 v=0.900 w=-0.674 dt=39.7ms policy_zmq_lag=0.6ms action_age=39.8ms scan_age=39.2ms scan_rx_age=16.7ms odom_age=6.8ms odom_rx_age=6.0ms sensor_skew=32.4ms loop_to_send=5.6ms
[go2:sport] DRY cmd#1206 seq=1238 v=0.895 w=-0.554 dt=39.9ms policy_zmq_lag=0.6ms action_age=39.8ms scan_age=39.3ms scan_rx_age=16.3ms odom_age=6.6ms odom_rx_age=5.9ms sensor_skew=32.6ms loop_to_send=5.4ms
[go2:sport] DRY cmd#1207 seq=1239 v=0.900 w=-0.674 dt=40.2ms policy_zmq_lag=0.7ms action_age=40.0ms scan_age=39.4ms scan_rx_age=17.0ms odom_age=6.7ms odom_rx_age=6.0ms sensor_skew=32.7ms loop_to_send=5.6ms
[go2:sport] DRY cmd#1208 seq=1240 v=0.895 w=-0.554 dt=40.0ms policy_zmq_lag=0.6ms action_age=40.0ms scan_age=39.3ms scan_rx_age=16.8ms odom_age=6.8ms odom_rx_age=6.1ms sensor_skew=32.5ms loop_to_send=5.7ms
[go2:sport] DRY cmd#1209 seq=1241 v=0.894 w=-0.554 dt=40.1ms policy_zmq_lag=0.6ms action_age=40.1ms scan_age=39.5ms scan_rx_age=16.5ms odom_age=7.0ms odom_rx_age=6.2ms sensor_skew=32.5ms loop_to_send=5.7ms
[go2:sport] DRY cmd#1210 seq=1242 v=0.900 w=-0.674 dt=39.8ms policy_zmq_lag=0.6ms action_age=39.9ms scan_age=39.3ms scan_rx_age=16.5ms odom_age=6.8ms odom_rx_age=6.1ms sensor_skew=32.5ms loop_to_send=5.6ms
[go2:sport] DRY cmd#1211 seq=1243 v=0.897 w=-0.554 dt=40.4ms policy_zmq_lag=0.7ms action_age=40.4ms scan_age=39.7ms scan_rx_age=14.4ms odom_age=7.1ms odom_rx_age=6.2ms sensor_skew=32.7ms loop_to_send=5.7ms
[go2:sport] DRY cmd#1212 seq=1244 v=0.900 w=-0.672 dt=39.4ms policy_zmq_lag=0.7ms action_age=39.8ms scan_age=39.1ms scan_rx_age=15.4ms odom_age=9.9ms odom_rx_age=9.0ms sensor_skew=29.2ms loop_to_send=5.7ms
[go2:sport] DRY cmd#1213 seq=1245 v=0.894 w=-0.551 dt=40.4ms policy_zmq_lag=0.7ms action_age=40.1ms scan_age=39.5ms scan_rx_age=15.1ms odom_age=10.3ms odom_rx_age=9.5ms sensor_skew=29.2ms loop_to_send=5.9ms
[go2:sport] DRY cmd#1214 seq=1246 v=0.894 w=-0.511 dt=39.7ms policy_zmq_lag=0.6ms action_age=40.0ms scan_age=39.3ms scan_rx_age=16.3ms odom_age=6.8ms odom_rx_age=6.1ms sensor_skew=32.5ms loop_to_send=5.6ms
[go2:sport] DRY cmd#1215 seq=1247 v=0.900 w=-0.631 dt=40.3ms policy_zmq_lag=0.7ms action_age=40.2ms scan_age=39.5ms scan_rx_age=15.2ms odom_age=7.1ms odom_rx_age=6.2ms sensor_skew=32.4ms loop_to_send=5.7ms
[go2:sport] DRY cmd#1216 seq=1248 v=0.898 w=-0.543 dt=39.4ms policy_zmq_lag=0.6ms action_age=39.6ms scan_age=38.9ms scan_rx_age=16.3ms odom_age=9.7ms odom_rx_age=9.0ms sensor_skew=29.2ms loop_to_send=5.6ms
[go2:sport] DRY cmd#1217 seq=1249 v=0.900 w=-0.664 dt=40.3ms policy_zmq_lag=0.6ms action_age=40.0ms scan_age=39.3ms scan_rx_age=16.8ms odom_age=6.8ms odom_rx_age=6.1ms sensor_skew=32.5ms loop_to_send=5.6ms
[go2:sport] DRY cmd#1218 seq=1250 v=0.894 w=-0.543 dt=40.3ms policy_zmq_lag=0.7ms action_age=40.4ms scan_age=39.7ms scan_rx_age=17.0ms odom_age=7.1ms odom_rx_age=6.2ms sensor_skew=32.6ms loop_to_send=5.7ms
[go2:sport] DRY cmd#1219 seq=1251 v=0.895 w=-0.494 dt=39.7ms policy_zmq_lag=0.8ms action_age=40.1ms scan_age=39.3ms scan_rx_age=16.2ms odom_age=10.0ms odom_rx_age=9.1ms sensor_skew=29.3ms loop_to_send=5.8ms
[go2:sport] DRY cmd#1220 seq=1252 v=0.900 w=-0.615 dt=40.1ms policy_zmq_lag=0.6ms action_age=40.1ms scan_age=39.5ms scan_rx_age=17.2ms odom_age=7.0ms odom_rx_age=6.3ms sensor_skew=32.5ms loop_to_send=5.8ms
[go2:sport] DRY cmd#1221 seq=1253 v=0.900 w=-0.495 dt=39.8ms policy_zmq_lag=0.6ms action_age=40.0ms scan_age=39.4ms scan_rx_age=16.4ms odom_age=6.9ms odom_rx_age=6.1ms sensor_skew=32.5ms loop_to_send=5.6ms
[go2:sport] DRY cmd#1222 seq=1254 v=0.900 w=-0.615 dt=40.1ms policy_zmq_lag=0.6ms action_age=40.1ms scan_age=39.5ms scan_rx_age=16.6ms odom_age=6.9ms odom_rx_age=6.2ms sensor_skew=32.6ms loop_to_send=5.7ms
[go2:sport] DRY cmd#1223 seq=1255 v=0.894 w=-0.504 dt=40.0ms policy_zmq_lag=0.6ms action_age=39.9ms scan_age=39.3ms scan_rx_age=16.1ms odom_age=6.9ms odom_rx_age=6.1ms sensor_skew=32.4ms loop_to_send=5.6ms
[go2:sport] DRY cmd#1224 seq=1256 v=0.894 w=-0.518 dt=40.1ms policy_zmq_lag=0.6ms action_age=40.2ms scan_age=39.6ms scan_rx_age=16.0ms odom_age=7.0ms odom_rx_age=6.2ms sensor_skew=32.5ms loop_to_send=5.7ms
[go2:sport] DRY cmd#1225 seq=1257 v=0.900 w=-0.637 dt=39.9ms policy_zmq_lag=0.6ms action_age=40.9ms scan_age=40.2ms scan_rx_age=15.7ms odom_age=6.9ms odom_rx_age=6.2ms sensor_skew=33.3ms loop_to_send=5.7ms
[go2:sport] DRY cmd#1226 seq=1258 v=0.895 w=-0.517 dt=40.6ms policy_zmq_lag=0.8ms action_age=40.7ms scan_age=39.9ms scan_rx_age=15.3ms odom_age=7.4ms odom_rx_age=6.4ms sensor_skew=32.5ms loop_to_send=5.9ms
[go2:sport] DRY cmd#1227 seq=1259 v=0.900 w=-0.636 dt=39.6ms policy_zmq_lag=0.7ms action_age=39.7ms scan_age=39.0ms scan_rx_age=16.8ms odom_age=7.1ms odom_rx_age=6.3ms sensor_skew=31.9ms loop_to_send=5.8ms
[go2:sport] DRY cmd#1228 seq=1260 v=0.895 w=-0.516 dt=40.1ms policy_zmq_lag=0.7ms action_age=40.2ms scan_age=39.5ms scan_rx_age=16.7ms odom_age=7.2ms odom_rx_age=6.4ms sensor_skew=32.3ms loop_to_send=5.9ms
[go2:sport] DRY cmd#1229 seq=1261 v=0.894 w=-0.511 dt=39.4ms policy_zmq_lag=0.6ms action_age=39.8ms scan_age=39.2ms scan_rx_age=16.2ms odom_age=6.7ms odom_rx_age=6.0ms sensor_skew=32.5ms loop_to_send=5.6ms
[go2:sport] DRY cmd#1230 seq=1262 v=0.900 w=-0.631 dt=40.1ms policy_zmq_lag=0.6ms action_age=39.8ms scan_age=39.2ms scan_rx_age=14.8ms odom_age=6.9ms odom_rx_age=6.1ms sensor_skew=32.3ms loop_to_send=5.7ms
[go2:sport] DRY cmd#1231 seq=1263 v=0.895 w=-0.523 dt=40.0ms policy_zmq_lag=0.6ms action_age=39.8ms scan_age=39.2ms scan_rx_age=16.5ms odom_age=6.9ms odom_rx_age=6.1ms sensor_skew=32.4ms loop_to_send=5.7ms
[go2:sport] DRY cmd#1232 seq=1264 v=0.900 w=-0.643 dt=40.0ms policy_zmq_lag=0.6ms action_age=39.8ms scan_age=39.2ms scan_rx_age=16.8ms odom_age=6.8ms odom_rx_age=6.1ms sensor_skew=32.4ms loop_to_send=5.6ms
[go2:sport] DRY cmd#1233 seq=1265 v=0.894 w=-0.567 dt=40.2ms policy_zmq_lag=0.6ms action_age=40.1ms scan_age=39.5ms scan_rx_age=16.8ms odom_age=10.2ms odom_rx_age=9.3ms sensor_skew=29.3ms loop_to_send=6.0ms
[go2:sport] DRY cmd#1234 seq=1266 v=0.894 w=-0.510 dt=40.3ms policy_zmq_lag=0.7ms action_age=40.4ms scan_age=39.7ms scan_rx_age=16.4ms odom_age=7.3ms odom_rx_age=6.4ms sensor_skew=32.4ms loop_to_send=5.9ms
[go2:sport] DRY cmd#1235 seq=1267 v=0.900 w=-0.631 dt=40.6ms policy_zmq_lag=0.6ms action_age=41.2ms scan_age=40.5ms scan_rx_age=17.4ms odom_age=7.8ms odom_rx_age=6.6ms sensor_skew=32.7ms loop_to_send=6.0ms
[go2:sport] DRY cmd#1236 seq=1268 v=0.895 w=-0.514 dt=38.9ms policy_zmq_lag=0.6ms action_age=39.9ms scan_age=39.3ms scan_rx_age=15.3ms odom_age=7.0ms odom_rx_age=6.2ms sensor_skew=32.3ms loop_to_send=5.7ms
[go2:sport] DRY cmd#1237 seq=1269 v=0.900 w=-0.394 dt=39.8ms policy_zmq_lag=0.6ms action_age=39.8ms scan_age=39.2ms scan_rx_age=16.9ms odom_age=6.9ms odom_rx_age=6.2ms sensor_skew=32.3ms loop_to_send=5.7ms
[go2:sport] DRY cmd#1238 seq=1270 v=0.894 w=-0.515 dt=40.2ms policy_zmq_lag=0.6ms action_age=40.1ms scan_age=39.4ms scan_rx_age=16.7ms odom_age=6.9ms odom_rx_age=6.2ms sensor_skew=32.5ms loop_to_send=5.7ms
[go2:sport] DRY cmd#1239 seq=1271 v=0.895 w=-0.485 dt=39.7ms policy_zmq_lag=0.6ms action_age=40.4ms scan_age=39.8ms scan_rx_age=15.9ms odom_age=6.7ms odom_rx_age=6.0ms sensor_skew=33.1ms loop_to_send=5.5ms
[go2:sport] DRY cmd#1240 seq=1272 v=0.900 w=-0.604 dt=40.2ms policy_zmq_lag=0.7ms action_age=39.9ms scan_age=39.2ms scan_rx_age=14.4ms odom_age=8.6ms odom_rx_age=7.6ms sensor_skew=30.6ms loop_to_send=5.9ms
[go2:sport] DRY cmd#1241 seq=1273 v=0.895 w=-0.502 dt=41.0ms policy_zmq_lag=0.7ms action_age=40.8ms scan_age=40.2ms scan_rx_age=17.6ms odom_age=7.8ms odom_rx_age=6.8ms sensor_skew=32.4ms loop_to_send=6.2ms
[go2:sport] DRY cmd#1242 seq=1274 v=0.894 w=-0.549 dt=39.4ms policy_zmq_lag=0.6ms action_age=40.3ms scan_age=39.6ms scan_rx_age=15.4ms odom_age=7.3ms odom_rx_age=6.5ms sensor_skew=32.4ms loop_to_send=6.0ms
[go2:sport] DRY cmd#1243 seq=1275 v=0.894 w=-0.545 dt=40.0ms policy_zmq_lag=0.6ms action_age=40.3ms scan_age=39.7ms scan_rx_age=16.6ms odom_age=7.2ms odom_rx_age=6.4ms sensor_skew=32.5ms loop_to_send=5.9ms
[go2:sport] DRY cmd#1244 seq=1276 v=0.895 w=-0.499 dt=40.1ms policy_zmq_lag=0.6ms action_age=41.0ms scan_age=40.4ms scan_rx_age=16.7ms odom_age=7.3ms odom_rx_age=6.5ms sensor_skew=33.1ms loop_to_send=6.0ms
[go2:sport] DRY cmd#1245 seq=1277 v=0.900 w=-0.620 dt=40.6ms policy_zmq_lag=0.7ms action_age=41.0ms scan_age=40.3ms scan_rx_age=15.3ms odom_age=7.8ms odom_rx_age=6.7ms sensor_skew=32.5ms loop_to_send=6.1ms
[go2:sport] DRY cmd#1246 seq=1278 v=0.894 w=-0.500 dt=40.0ms policy_zmq_lag=0.7ms action_age=41.2ms scan_age=40.5ms scan_rx_age=15.1ms odom_age=7.8ms odom_rx_age=6.6ms sensor_skew=32.7ms loop_to_send=6.0ms
[go2:sport] DRY cmd#1247 seq=1279 v=0.897 w=-0.618 dt=39.2ms policy_zmq_lag=0.6ms action_age=40.2ms scan_age=39.6ms scan_rx_age=15.1ms odom_age=7.2ms odom_rx_age=6.4ms sensor_skew=32.4ms loop_to_send=6.0ms
[go2:sport] DRY cmd#1248 seq=1280 v=0.900 w=-0.493 dt=45.9ms policy_zmq_lag=0.7ms action_age=46.1ms scan_age=45.4ms scan_rx_age=18.0ms odom_age=16.3ms odom_rx_age=13.8ms sensor_skew=29.2ms loop_to_send=10.5ms
[go2:sport] DRY cmd#1249 seq=1281 v=0.895 w=-0.503 dt=34.1ms policy_zmq_lag=0.6ms action_age=40.1ms scan_age=39.4ms scan_rx_age=16.2ms odom_age=7.2ms odom_rx_age=6.4ms sensor_skew=32.2ms loop_to_send=5.9ms
[go2:sport] DRY cmd#1250 seq=1282 v=0.900 w=-0.622 dt=40.0ms policy_zmq_lag=0.6ms action_age=40.9ms scan_age=40.3ms scan_rx_age=16.7ms odom_age=7.2ms odom_rx_age=6.4ms sensor_skew=33.1ms loop_to_send=5.9ms
[go2:sport] DRY cmd#1251 seq=1283 v=0.894 w=-0.505 dt=45.4ms policy_zmq_lag=4.2ms action_age=45.6ms scan_age=41.4ms scan_rx_age=18.3ms odom_age=18.8ms odom_rx_age=17.5ms sensor_skew=22.6ms loop_to_send=7.6ms
[go2:sport] DRY cmd#1252 seq=1284 v=0.894 w=-0.549 dt=35.2ms policy_zmq_lag=0.6ms action_age=40.7ms scan_age=40.1ms scan_rx_age=16.0ms odom_age=7.6ms odom_rx_age=6.8ms sensor_skew=32.4ms loop_to_send=6.3ms
[go2:sport] DRY cmd#1253 seq=1285 v=0.900 w=-0.668 dt=39.1ms policy_zmq_lag=0.6ms action_age=39.7ms scan_age=39.1ms scan_rx_age=16.4ms odom_age=6.8ms odom_rx_age=6.1ms sensor_skew=32.2ms loop_to_send=5.7ms
[go2:sport] DRY cmd#1254 seq=1286 v=0.895 w=-0.548 dt=40.0ms policy_zmq_lag=0.6ms action_age=39.8ms scan_age=39.2ms scan_rx_age=16.2ms odom_age=6.9ms odom_rx_age=6.2ms sensor_skew=32.3ms loop_to_send=5.7ms
[go2:sport] DRY cmd#1255 seq=1287 v=0.900 w=-0.669 dt=40.4ms policy_zmq_lag=0.8ms action_age=40.3ms scan_age=39.5ms scan_rx_age=15.4ms odom_age=7.2ms odom_rx_age=6.3ms sensor_skew=32.3ms loop_to_send=5.8ms
[go2:sport] DRY cmd#1256 seq=1288 v=0.895 w=-0.548 dt=40.2ms policy_zmq_lag=0.6ms action_age=40.5ms scan_age=39.8ms scan_rx_age=17.0ms odom_age=7.3ms odom_rx_age=6.4ms sensor_skew=32.5ms loop_to_send=5.9ms
[go2:sport] DRY cmd#1257 seq=1289 v=0.894 w=-0.512 dt=39.8ms policy_zmq_lag=0.7ms action_age=40.3ms scan_age=39.6ms scan_rx_age=16.2ms odom_age=7.2ms odom_rx_age=6.4ms sensor_skew=32.4ms loop_to_send=5.9ms
[go2:sport] DRY cmd#1258 seq=1290 v=0.900 w=-0.632 dt=39.7ms policy_zmq_lag=0.6ms action_age=39.9ms scan_age=39.3ms scan_rx_age=15.4ms odom_age=6.9ms odom_rx_age=6.1ms sensor_skew=32.4ms loop_to_send=5.7ms
[go2:sport] DRY cmd#1259 seq=1291 v=0.895 w=-0.512 dt=40.6ms policy_zmq_lag=0.7ms action_age=40.4ms scan_age=39.7ms scan_rx_age=15.4ms odom_age=7.5ms odom_rx_age=6.6ms sensor_skew=32.2ms loop_to_send=6.2ms
[go2:sport] DRY cmd#1260 seq=1292 v=0.900 w=-0.632 dt=39.3ms policy_zmq_lag=0.7ms action_age=39.7ms scan_age=39.0ms scan_rx_age=17.4ms odom_age=6.9ms odom_rx_age=6.1ms sensor_skew=32.2ms loop_to_send=5.6ms
[go2:sport] DRY cmd#1261 seq=1293 v=0.894 w=-0.511 dt=40.0ms policy_zmq_lag=0.6ms action_age=39.7ms scan_age=39.0ms scan_rx_age=16.0ms odom_age=6.8ms odom_rx_age=6.1ms sensor_skew=32.2ms loop_to_send=5.6ms
[go2:sport] DRY cmd#1262 seq=1294 v=0.894 w=-0.558 dt=40.0ms policy_zmq_lag=0.6ms action_age=39.9ms scan_age=39.2ms scan_rx_age=15.3ms odom_age=6.8ms odom_rx_age=6.1ms sensor_skew=32.4ms loop_to_send=5.6ms
[go2:sport] DRY cmd#1263 seq=1295 v=0.900 w=-0.679 dt=40.2ms policy_zmq_lag=0.7ms action_age=40.0ms scan_age=39.3ms scan_rx_age=14.7ms odom_age=7.0ms odom_rx_age=6.1ms sensor_skew=32.4ms loop_to_send=5.6ms
[go2:sport] DRY cmd#1264 seq=1296 v=0.900 w=-0.559 dt=39.8ms policy_zmq_lag=0.6ms action_age=39.9ms scan_age=39.3ms scan_rx_age=14.4ms odom_age=6.8ms odom_rx_age=6.1ms sensor_skew=32.4ms loop_to_send=5.7ms
[go2:sport] DRY cmd#1265 seq=1297 v=0.900 w=-0.679 dt=39.8ms policy_zmq_lag=0.6ms action_age=39.6ms scan_age=39.0ms scan_rx_age=16.5ms odom_age=6.8ms odom_rx_age=6.0ms sensor_skew=32.2ms loop_to_send=5.6ms
[go2:sport] DRY cmd#1266 seq=1298 v=0.894 w=-0.559 dt=40.2ms policy_zmq_lag=0.6ms action_age=39.8ms scan_age=39.1ms scan_rx_age=16.8ms odom_age=6.9ms odom_rx_age=6.2ms sensor_skew=32.2ms loop_to_send=5.7ms
[go2:sport] DRY cmd#1267 seq=1299 v=0.894 w=-0.487 dt=40.2ms policy_zmq_lag=0.8ms action_age=40.2ms scan_age=39.4ms scan_rx_age=14.7ms odom_age=7.0ms odom_rx_age=6.2ms sensor_skew=32.4ms loop_to_send=5.7ms
[go2:sport] DRY cmd#1268 seq=1300 v=0.900 w=-0.607 dt=39.6ms policy_zmq_lag=0.6ms action_age=39.7ms scan_age=39.1ms scan_rx_age=16.4ms odom_age=6.9ms odom_rx_age=6.1ms sensor_skew=32.2ms loop_to_send=5.6ms
[go2:sport] DRY cmd#1269 seq=1301 v=0.900 w=-0.487 dt=40.0ms policy_zmq_lag=0.6ms action_age=39.6ms scan_age=39.0ms scan_rx_age=16.2ms odom_age=6.9ms odom_rx_age=6.1ms sensor_skew=32.2ms loop_to_send=5.6ms
[go2:sport] DRY cmd#1270 seq=1302 v=0.900 w=-0.607 dt=40.0ms policy_zmq_lag=0.6ms action_age=39.7ms scan_age=39.1ms scan_rx_age=16.6ms odom_age=6.9ms odom_rx_age=6.1ms sensor_skew=32.2ms loop_to_send=5.6ms
[go2:sport] DRY cmd#1271 seq=1303 v=0.894 w=-0.509 dt=40.1ms policy_zmq_lag=0.6ms action_age=39.9ms scan_age=39.3ms scan_rx_age=16.4ms odom_age=6.8ms odom_rx_age=6.1ms sensor_skew=32.4ms loop_to_send=5.6ms
[go2:sport] DRY cmd#1272 seq=1304 v=0.894 w=-0.495 dt=40.1ms policy_zmq_lag=0.6ms action_age=39.9ms scan_age=39.2ms scan_rx_age=16.7ms odom_age=7.0ms odom_rx_age=6.1ms sensor_skew=32.2ms loop_to_send=5.7ms
[go2:sport] DRY cmd#1273 seq=1305 v=0.900 w=-0.614 dt=39.8ms policy_zmq_lag=0.6ms action_age=39.7ms scan_age=39.1ms scan_rx_age=17.3ms odom_age=6.9ms odom_rx_age=6.1ms sensor_skew=32.2ms loop_to_send=5.7ms
[go2:sport] DRY cmd#1274 seq=1306 v=0.899 w=-0.494 dt=40.0ms policy_zmq_lag=0.7ms action_age=39.9ms scan_age=39.2ms scan_rx_age=16.0ms odom_age=6.8ms odom_rx_age=6.0ms sensor_skew=32.4ms loop_to_send=5.5ms
[go2:sport] DRY cmd#1275 seq=1307 v=0.900 w=-0.614 dt=40.2ms policy_zmq_lag=0.7ms action_age=40.8ms scan_age=40.1ms scan_rx_age=15.1ms odom_age=7.0ms odom_rx_age=6.1ms sensor_skew=33.0ms loop_to_send=5.6ms
[go2:sport] DRY cmd#1276 seq=1308 v=0.894 w=-0.493 dt=40.1ms policy_zmq_lag=0.6ms action_age=40.1ms scan_age=39.5ms scan_rx_age=15.2ms odom_age=6.9ms odom_rx_age=6.2ms sensor_skew=32.6ms loop_to_send=5.7ms
[go2:sport] DRY cmd#1277 seq=1309 v=0.895 w=-0.491 dt=39.9ms policy_zmq_lag=0.7ms action_age=40.0ms scan_age=39.4ms scan_rx_age=16.0ms odom_age=7.1ms odom_rx_age=6.3ms sensor_skew=32.3ms loop_to_send=5.7ms
[go2:sport] DRY cmd#1278 seq=1310 v=0.900 w=-0.611 dt=40.0ms policy_zmq_lag=0.6ms action_age=40.0ms scan_age=39.4ms scan_rx_age=15.0ms odom_age=7.1ms odom_rx_age=6.2ms sensor_skew=32.3ms loop_to_send=5.7ms
[go2:sport] DRY cmd#1279 seq=1311 v=0.895 w=-0.493 dt=40.0ms policy_zmq_lag=0.7ms action_age=39.9ms scan_age=39.2ms scan_rx_age=15.3ms odom_age=7.0ms odom_rx_age=6.2ms sensor_skew=32.2ms loop_to_send=5.7ms
[go2:sport] DRY cmd#1280 seq=1312 v=0.900 w=-0.612 dt=39.6ms policy_zmq_lag=0.6ms action_age=39.5ms scan_age=38.9ms scan_rx_age=16.5ms odom_age=6.8ms odom_rx_age=6.1ms sensor_skew=32.1ms loop_to_send=5.6ms
[go2:sport] DRY cmd#1281 seq=1313 v=0.894 w=-0.506 dt=40.4ms policy_zmq_lag=0.6ms action_age=39.9ms scan_age=39.3ms scan_rx_age=16.6ms odom_age=7.0ms odom_rx_age=6.1ms sensor_skew=32.3ms loop_to_send=5.6ms
[go2:sport] DRY cmd#1282 seq=1314 v=0.894 w=-0.491 dt=40.2ms policy_zmq_lag=0.8ms action_age=40.2ms scan_age=39.4ms scan_rx_age=14.8ms odom_age=7.1ms odom_rx_age=6.3ms sensor_skew=32.3ms loop_to_send=5.8ms
[go2:sport] DRY cmd#1283 seq=1315 v=0.900 w=-0.611 dt=39.4ms policy_zmq_lag=0.6ms action_age=39.4ms scan_age=38.8ms scan_rx_age=16.7ms odom_age=6.8ms odom_rx_age=6.1ms sensor_skew=32.0ms loop_to_send=5.7ms
[go2:sport] DRY cmd#1284 seq=1316 v=0.895 w=-0.537 dt=40.1ms policy_zmq_lag=0.6ms action_age=39.6ms scan_age=39.0ms scan_rx_age=16.2ms odom_age=6.8ms odom_rx_age=6.1ms sensor_skew=32.2ms loop_to_send=5.6ms
[go2:sport] DRY cmd#1285 seq=1317 v=0.900 w=-0.657 dt=39.9ms policy_zmq_lag=0.6ms action_age=39.6ms scan_age=39.0ms scan_rx_age=16.4ms odom_age=6.7ms odom_rx_age=6.0ms sensor_skew=32.3ms loop_to_send=5.5ms
[go2:sport] DRY cmd#1286 seq=1318 v=0.894 w=-0.537 dt=40.3ms policy_zmq_lag=0.7ms action_age=39.9ms scan_age=39.2ms scan_rx_age=16.5ms odom_age=6.9ms odom_rx_age=6.2ms sensor_skew=32.3ms loop_to_send=5.6ms
[go2:sport] DRY cmd#1287 seq=1319 v=0.895 w=-0.513 dt=40.1ms policy_zmq_lag=0.7ms action_age=39.9ms scan_age=39.1ms scan_rx_age=14.8ms odom_age=7.0ms odom_rx_age=6.2ms sensor_skew=32.1ms loop_to_send=5.7ms
[go2:sport] DRY cmd#1288 seq=1320 v=0.900 w=-0.634 dt=40.5ms policy_zmq_lag=0.7ms action_age=40.5ms scan_age=39.8ms scan_rx_age=15.9ms odom_age=7.4ms odom_rx_age=6.4ms sensor_skew=32.4ms loop_to_send=5.9ms
[go2:sport] DRY cmd#1289 seq=1321 v=0.895 w=-0.516 dt=39.1ms policy_zmq_lag=0.6ms action_age=39.5ms scan_age=38.9ms scan_rx_age=15.8ms odom_age=6.9ms odom_rx_age=6.2ms sensor_skew=32.1ms loop_to_send=5.7ms
[go2:sport] DRY cmd#1290 seq=1322 v=0.900 w=-0.396 dt=40.0ms policy_zmq_lag=0.6ms action_age=39.7ms scan_age=39.1ms scan_rx_age=16.3ms odom_age=6.8ms odom_rx_age=6.1ms sensor_skew=32.3ms loop_to_send=5.6ms
[go2:sport] DRY cmd#1291 seq=1323 v=0.894 w=-0.516 dt=40.1ms policy_zmq_lag=0.6ms action_age=39.6ms scan_age=39.0ms scan_rx_age=16.3ms odom_age=6.9ms odom_rx_age=6.2ms sensor_skew=32.1ms loop_to_send=5.7ms
[go2:sport] DRY cmd#1292 seq=1324 v=0.895 w=-0.483 dt=39.9ms policy_zmq_lag=0.6ms action_age=40.4ms scan_age=39.8ms scan_rx_age=15.4ms odom_age=6.9ms odom_rx_age=6.2ms sensor_skew=32.9ms loop_to_send=5.7ms
[go2:sport] DRY cmd#1293 seq=1325 v=0.900 w=-0.603 dt=39.9ms policy_zmq_lag=0.6ms action_age=39.6ms scan_age=39.0ms scan_rx_age=16.5ms odom_age=6.7ms odom_rx_age=6.1ms sensor_skew=32.3ms loop_to_send=5.6ms
[go2:sport] DRY cmd#1294 seq=1326 v=0.895 w=-0.502 dt=40.1ms policy_zmq_lag=0.6ms action_age=39.7ms scan_age=39.1ms scan_rx_age=17.2ms odom_age=6.9ms odom_rx_age=6.1ms sensor_skew=32.2ms loop_to_send=5.6ms
[go2:sport] DRY cmd#1295 seq=1327 v=0.893 w=-0.549 dt=40.1ms policy_zmq_lag=0.6ms action_age=39.7ms scan_age=39.0ms scan_rx_age=16.7ms odom_age=6.9ms odom_rx_age=6.1ms sensor_skew=32.2ms loop_to_send=5.7ms
[go2:sport] DRY cmd#1296 seq=1328 v=0.893 w=-0.546 dt=40.3ms policy_zmq_lag=0.7ms action_age=40.1ms scan_age=39.3ms scan_rx_age=17.0ms odom_age=7.1ms odom_rx_age=6.2ms sensor_skew=32.3ms loop_to_send=5.7ms
[go2:sport] DRY cmd#1297 seq=1329 v=0.895 w=-0.489 dt=40.6ms policy_zmq_lag=0.7ms action_age=41.5ms scan_age=40.8ms scan_rx_age=14.6ms odom_age=7.7ms odom_rx_age=6.7ms sensor_skew=33.1ms loop_to_send=6.2ms
[go2:sport] DRY cmd#1298 seq=1330 v=0.900 w=-0.610 dt=40.5ms policy_zmq_lag=0.7ms action_age=41.0ms scan_age=40.3ms scan_rx_age=16.2ms odom_age=8.0ms odom_rx_age=7.0ms sensor_skew=32.3ms loop_to_send=6.4ms
[go2:sport] DRY cmd#1299 seq=1331 v=0.895 w=-0.491 dt=39.4ms policy_zmq_lag=0.6ms action_age=40.4ms scan_age=39.8ms scan_rx_age=17.4ms odom_age=7.8ms odom_rx_age=7.1ms sensor_skew=32.0ms loop_to_send=6.0ms
[go2:sport] DRY cmd#1300 seq=1332 v=0.894 w=-0.534 dt=39.6ms policy_zmq_lag=0.7ms action_age=40.9ms scan_age=40.3ms scan_rx_age=16.4ms odom_age=7.2ms odom_rx_age=6.4ms sensor_skew=33.1ms loop_to_send=5.9ms
[go2:sport] DRY cmd#1301 seq=1333 v=0.900 w=-0.654 dt=39.7ms policy_zmq_lag=0.7ms action_age=39.7ms scan_age=39.0ms scan_rx_age=15.4ms odom_age=7.0ms odom_rx_age=6.1ms sensor_skew=32.0ms loop_to_send=5.6ms
[go2:sport] DRY cmd#1302 seq=1334 v=0.895 w=-0.534 dt=40.1ms policy_zmq_lag=0.7ms action_age=40.0ms scan_age=39.3ms scan_rx_age=14.5ms odom_age=7.0ms odom_rx_age=6.2ms sensor_skew=32.2ms loop_to_send=5.7ms
[go2:sport] DRY cmd#1303 seq=1335 v=0.900 w=-0.654 dt=39.8ms policy_zmq_lag=0.7ms action_age=39.6ms scan_age=38.9ms scan_rx_age=14.2ms odom_age=6.9ms odom_rx_age=6.2ms sensor_skew=31.9ms loop_to_send=5.7ms
[go2:sport] DRY cmd#1304 seq=1336 v=0.894 w=-0.533 dt=40.0ms policy_zmq_lag=0.7ms action_age=39.6ms scan_age=38.9ms scan_rx_age=14.5ms odom_age=6.8ms odom_rx_age=6.0ms sensor_skew=32.1ms loop_to_send=5.5ms
[go2:sport] DRY cmd#1305 seq=1337 v=0.894 w=-0.562 dt=40.1ms policy_zmq_lag=0.8ms action_age=39.7ms scan_age=38.9ms scan_rx_age=15.4ms odom_age=6.8ms odom_rx_age=6.0ms sensor_skew=32.1ms loop_to_send=5.5ms
[go2:sport] DRY cmd#1306 seq=1338 v=0.898 w=-0.441 dt=40.6ms policy_zmq_lag=0.6ms action_age=40.3ms scan_age=39.7ms scan_rx_age=15.2ms odom_age=7.5ms odom_rx_age=6.7ms sensor_skew=32.2ms loop_to_send=6.2ms
[go2:sport] DRY cmd#1307 seq=1339 v=0.895 w=-0.501 dt=39.1ms policy_zmq_lag=0.6ms action_age=39.3ms scan_age=38.7ms scan_rx_age=16.1ms odom_age=6.7ms odom_rx_age=6.0ms sensor_skew=32.0ms loop_to_send=5.5ms
[go2:sport] DRY cmd#1308 seq=1340 v=0.900 w=-0.621 dt=40.1ms policy_zmq_lag=0.6ms action_age=39.4ms scan_age=38.8ms scan_rx_age=16.7ms odom_age=6.7ms odom_rx_age=6.0ms sensor_skew=32.1ms loop_to_send=5.5ms
[go2:sport] DRY cmd#1309 seq=1341 v=0.894 w=-0.501 dt=40.3ms policy_zmq_lag=0.6ms action_age=39.8ms scan_age=39.1ms scan_rx_age=14.3ms odom_age=7.0ms odom_rx_age=6.2ms sensor_skew=32.1ms loop_to_send=5.7ms
[go2:sport] DRY cmd#1310 seq=1342 v=0.894 w=-0.548 dt=39.7ms policy_zmq_lag=0.6ms action_age=39.5ms scan_age=38.9ms scan_rx_age=14.5ms odom_age=6.8ms odom_rx_age=6.1ms sensor_skew=32.2ms loop_to_send=5.6ms
[go2:sport] DRY cmd#1311 seq=1343 v=0.900 w=-0.670 dt=40.5ms policy_zmq_lag=0.6ms action_age=40.0ms scan_age=39.4ms scan_rx_age=17.3ms odom_age=7.4ms odom_rx_age=6.7ms sensor_skew=32.0ms loop_to_send=5.6ms
[go2:sport] DRY cmd#1312 seq=1344 v=0.895 w=-0.550 dt=40.0ms policy_zmq_lag=0.7ms action_age=40.1ms scan_age=39.4ms scan_rx_age=15.8ms odom_age=7.0ms odom_rx_age=6.1ms sensor_skew=32.4ms loop_to_send=5.6ms
[go2:sport] DRY cmd#1313 seq=1345 v=0.900 w=-0.669 dt=39.5ms policy_zmq_lag=0.7ms action_age=39.5ms scan_age=38.8ms scan_rx_age=14.3ms odom_age=6.7ms odom_rx_age=6.0ms sensor_skew=32.0ms loop_to_send=5.5ms
[go2:sport] DRY cmd#1314 seq=1346 v=0.894 w=-0.548 dt=40.2ms policy_zmq_lag=0.7ms action_age=39.6ms scan_age=38.9ms scan_rx_age=14.5ms odom_age=6.9ms odom_rx_age=6.1ms sensor_skew=32.0ms loop_to_send=5.6ms
[go2:sport] DRY cmd#1315 seq=1347 v=0.894 w=-0.542 dt=40.0ms policy_zmq_lag=0.7ms action_age=39.7ms scan_age=39.0ms scan_rx_age=14.7ms odom_age=6.9ms odom_rx_age=6.1ms sensor_skew=32.1ms loop_to_send=5.6ms
[go2:sport] DRY cmd#1316 seq=1348 v=0.900 w=-0.662 dt=40.0ms policy_zmq_lag=0.7ms action_age=39.8ms scan_age=39.1ms scan_rx_age=15.4ms odom_age=6.9ms odom_rx_age=6.2ms sensor_skew=32.2ms loop_to_send=5.7ms
[go2:sport] DRY cmd#1317 seq=1349 v=0.900 w=-0.541 dt=40.3ms policy_zmq_lag=0.7ms action_age=40.1ms scan_age=39.3ms scan_rx_age=14.9ms odom_age=7.1ms odom_rx_age=6.2ms sensor_skew=32.2ms loop_to_send=5.6ms
[go2:sport] DRY cmd#1318 seq=1350 v=0.900 w=-0.660 dt=39.6ms policy_zmq_lag=0.7ms action_age=39.7ms scan_age=39.0ms scan_rx_age=15.1ms odom_age=6.9ms odom_rx_age=6.1ms sensor_skew=32.1ms loop_to_send=5.6ms
[go2:sport] DRY cmd#1319 seq=1351 v=0.894 w=-0.539 dt=40.4ms policy_zmq_lag=0.6ms action_age=40.0ms scan_age=39.5ms scan_rx_age=15.1ms odom_age=7.4ms odom_rx_age=6.7ms sensor_skew=32.1ms loop_to_send=5.6ms
[go2:sport] DRY cmd#1320 seq=1352 v=0.894 w=-0.495 dt=40.0ms policy_zmq_lag=0.6ms action_age=39.9ms scan_age=39.3ms scan_rx_age=16.8ms odom_age=7.3ms odom_rx_age=6.6ms sensor_skew=32.0ms loop_to_send=5.5ms
[go2:sport] DRY cmd#1321 seq=1353 v=0.900 w=-0.615 dt=39.9ms policy_zmq_lag=0.6ms action_age=40.0ms scan_age=39.4ms scan_rx_age=17.2ms odom_age=7.3ms odom_rx_age=6.6ms sensor_skew=32.1ms loop_to_send=5.5ms
[go2:sport] DRY cmd#1322 seq=1354 v=0.900 w=-0.495 dt=40.0ms policy_zmq_lag=0.6ms action_age=39.8ms scan_age=39.2ms scan_rx_age=15.8ms odom_age=7.2ms odom_rx_age=6.5ms sensor_skew=32.0ms loop_to_send=5.5ms
[go2:sport] DRY cmd#1323 seq=1355 v=0.900 w=-0.614 dt=40.0ms policy_zmq_lag=0.8ms action_age=39.8ms scan_age=39.1ms scan_rx_age=16.0ms odom_age=7.2ms odom_rx_age=6.3ms sensor_skew=31.9ms loop_to_send=5.7ms
[go2:sport] DRY cmd#1324 seq=1356 v=0.894 w=-0.514 dt=40.1ms policy_zmq_lag=0.6ms action_age=39.9ms scan_age=39.3ms scan_rx_age=15.5ms odom_age=7.3ms odom_rx_age=6.7ms sensor_skew=31.9ms loop_to_send=5.6ms
[go2:sport] DRY cmd#1325 seq=1357 v=0.894 w=-0.497 dt=40.0ms policy_zmq_lag=0.6ms action_age=40.7ms scan_age=40.1ms scan_rx_age=15.6ms odom_age=7.4ms odom_rx_age=6.7ms sensor_skew=32.7ms loop_to_send=5.6ms
[go2:sport] DRY cmd#1326 seq=1358 v=0.900 w=-0.615 dt=39.5ms policy_zmq_lag=0.6ms action_age=39.5ms scan_age=38.9ms scan_rx_age=16.2ms odom_age=6.8ms odom_rx_age=6.1ms sensor_skew=32.1ms loop_to_send=5.6ms
[go2:sport] DRY cmd#1327 seq=1359 v=0.899 w=-0.494 dt=40.5ms policy_zmq_lag=0.6ms action_age=40.0ms scan_age=39.4ms scan_rx_age=15.8ms odom_age=7.4ms odom_rx_age=6.7ms sensor_skew=32.1ms loop_to_send=5.6ms
[go2:sport] DRY cmd#1328 seq=1360 v=0.900 w=-0.614 dt=40.0ms policy_zmq_lag=0.6ms action_age=40.1ms scan_age=39.5ms scan_rx_age=15.8ms odom_age=7.4ms odom_rx_age=6.7ms sensor_skew=32.1ms loop_to_send=5.6ms
[go2:sport] DRY cmd#1329 seq=1361 v=0.894 w=-0.516 dt=39.9ms policy_zmq_lag=0.6ms action_age=39.8ms scan_age=39.2ms scan_rx_age=15.8ms odom_age=7.3ms odom_rx_age=6.6ms sensor_skew=31.9ms loop_to_send=5.5ms
[go2:sport] DRY cmd#1330 seq=1362 v=0.894 w=-0.497 dt=40.0ms policy_zmq_lag=0.6ms action_age=39.9ms scan_age=39.4ms scan_rx_age=15.8ms odom_age=7.3ms odom_rx_age=6.6ms sensor_skew=32.0ms loop_to_send=5.5ms
[go2:sport] DRY cmd#1331 seq=1363 v=0.900 w=-0.617 dt=39.9ms policy_zmq_lag=0.6ms action_age=39.7ms scan_age=39.1ms scan_rx_age=15.7ms odom_age=6.8ms odom_rx_age=6.0ms sensor_skew=32.3ms loop_to_send=5.5ms
[go2:sport] DRY cmd#1332 seq=1364 v=0.895 w=-0.499 dt=40.0ms policy_zmq_lag=0.6ms action_age=39.8ms scan_age=39.2ms scan_rx_age=15.7ms odom_age=7.2ms odom_rx_age=6.5ms sensor_skew=32.0ms loop_to_send=5.4ms
[go2:sport] DRY cmd#1333 seq=1365 v=0.900 w=-0.619 dt=40.3ms policy_zmq_lag=0.7ms action_age=40.0ms scan_age=39.3ms scan_rx_age=15.0ms odom_age=7.5ms odom_rx_age=6.7ms sensor_skew=31.9ms loop_to_send=5.5ms
[go2:sport] DRY cmd#1334 seq=1366 v=0.895 w=-0.504 dt=39.5ms policy_zmq_lag=0.7ms action_age=39.6ms scan_age=38.9ms scan_rx_age=15.2ms odom_age=6.9ms odom_rx_age=6.1ms sensor_skew=31.9ms loop_to_send=5.6ms
[go2:sport] DRY cmd#1335 seq=1367 v=0.895 w=-0.503 dt=40.8ms policy_zmq_lag=0.6ms action_age=40.6ms scan_age=40.0ms scan_rx_age=17.3ms odom_age=7.8ms odom_rx_age=7.1ms sensor_skew=32.2ms loop_to_send=5.8ms
[go2:sport] DRY cmd#1336 seq=1368 v=0.900 w=-0.623 dt=39.7ms policy_zmq_lag=0.6ms action_age=40.2ms scan_age=39.6ms scan_rx_age=16.8ms odom_age=7.6ms odom_rx_age=6.8ms sensor_skew=32.0ms loop_to_send=5.7ms
[go2:sport] DRY cmd#1337 seq=1369 v=0.895 w=-0.508 dt=40.0ms policy_zmq_lag=0.7ms action_age=40.2ms scan_age=39.4ms scan_rx_age=15.3ms odom_age=7.3ms odom_rx_age=6.4ms sensor_skew=32.1ms loop_to_send=5.8ms
[go2:sport] DRY cmd#1338 seq=1370 v=0.900 w=-0.628 dt=39.7ms policy_zmq_lag=0.8ms action_age=39.8ms scan_age=39.0ms scan_rx_age=14.6ms odom_age=7.0ms odom_rx_age=6.1ms sensor_skew=32.0ms loop_to_send=5.6ms
[go2:sport] DRY cmd#1339 seq=1371 v=0.894 w=-0.534 dt=40.0ms policy_zmq_lag=0.7ms action_age=39.9ms scan_age=39.2ms scan_rx_age=14.5ms odom_age=7.1ms odom_rx_age=6.2ms sensor_skew=32.1ms loop_to_send=5.6ms
[go2:sport] DRY cmd#1340 seq=1372 v=0.894 w=-0.495 dt=40.4ms policy_zmq_lag=0.6ms action_age=40.3ms scan_age=39.7ms scan_rx_age=15.0ms odom_age=7.6ms odom_rx_age=6.1ms sensor_skew=32.1ms loop_to_send=5.5ms
[go2:sport] DRY cmd#1341 seq=1373 v=0.900 w=-0.614 dt=39.7ms policy_zmq_lag=0.6ms action_age=40.0ms scan_age=39.4ms scan_rx_age=17.1ms odom_age=7.4ms odom_rx_age=6.7ms sensor_skew=32.0ms loop_to_send=5.6ms
[go2:sport] DRY cmd#1342 seq=1374 v=0.895 w=-0.506 dt=40.3ms policy_zmq_lag=0.7ms action_age=40.4ms scan_age=39.7ms scan_rx_age=17.8ms odom_age=7.7ms odom_rx_age=7.0ms sensor_skew=32.0ms loop_to_send=5.8ms
[go2:sport] DRY cmd#1343 seq=1375 v=0.898 w=-0.506 dt=40.0ms policy_zmq_lag=0.7ms action_age=40.2ms scan_age=39.5ms scan_rx_age=16.9ms odom_age=7.8ms odom_rx_age=7.0ms sensor_skew=31.7ms loop_to_send=5.8ms
[go2:sport] DRY cmd#1344 seq=1376 v=0.894 w=-0.543 dt=39.9ms policy_zmq_lag=0.7ms action_age=40.3ms scan_age=39.6ms scan_rx_age=15.6ms odom_age=7.6ms odom_rx_age=6.8ms sensor_skew=32.0ms loop_to_send=5.6ms
[go2:sport] DRY cmd#1345 seq=1377 v=0.895 w=-0.511 dt=39.5ms policy_zmq_lag=0.7ms action_age=39.9ms scan_age=39.2ms scan_rx_age=15.9ms odom_age=7.0ms odom_rx_age=6.2ms sensor_skew=32.1ms loop_to_send=5.6ms
[go2:sport] DRY cmd#1346 seq=1378 v=0.900 w=-0.631 dt=40.1ms policy_zmq_lag=0.8ms action_age=39.7ms scan_age=39.0ms scan_rx_age=14.6ms odom_age=7.0ms odom_rx_age=6.2ms sensor_skew=32.0ms loop_to_send=5.6ms
[go2:sport] DRY cmd#1347 seq=1379 v=0.895 w=-0.509 dt=40.6ms policy_zmq_lag=0.8ms action_age=40.4ms scan_age=39.6ms scan_rx_age=15.3ms odom_age=7.7ms odom_rx_age=6.9ms sensor_skew=31.9ms loop_to_send=5.7ms
[go2:sport] DRY cmd#1348 seq=1380 v=0.894 w=-0.544 dt=40.0ms policy_zmq_lag=0.8ms action_age=40.4ms scan_age=39.6ms scan_rx_age=15.5ms odom_age=7.7ms odom_rx_age=6.8ms sensor_skew=31.9ms loop_to_send=5.7ms
[go2:sport] DRY cmd#1349 seq=1381 v=0.893 w=-0.541 dt=40.0ms policy_zmq_lag=0.8ms action_age=40.3ms scan_age=39.5ms scan_rx_age=15.4ms odom_age=7.6ms odom_rx_age=6.8ms sensor_skew=31.9ms loop_to_send=5.7ms
[go2:sport] DRY cmd#1350 seq=1382 v=0.895 w=-0.489 dt=40.1ms policy_zmq_lag=0.7ms action_age=41.3ms scan_age=40.5ms scan_rx_age=13.6ms odom_age=7.8ms odom_rx_age=7.0ms sensor_skew=32.7ms loop_to_send=5.8ms
[go2:sport] DRY cmd#1351 seq=1383 v=0.900 w=-0.609 dt=39.8ms policy_zmq_lag=0.8ms action_age=40.5ms scan_age=39.7ms scan_rx_age=17.1ms odom_age=7.4ms odom_rx_age=6.3ms sensor_skew=32.4ms loop_to_send=5.7ms
[go2:sport] DRY cmd#1352 seq=1384 v=0.894 w=-0.495 dt=39.5ms policy_zmq_lag=0.6ms action_age=39.8ms scan_age=39.1ms scan_rx_age=17.3ms odom_age=7.2ms odom_rx_age=6.5ms sensor_skew=31.9ms loop_to_send=5.4ms
[go2:sport] DRY cmd#1353 seq=1385 v=0.897 w=-0.615 dt=40.1ms policy_zmq_lag=0.6ms action_age=40.0ms scan_age=39.3ms scan_rx_age=16.6ms odom_age=7.4ms odom_rx_age=6.6ms sensor_skew=32.0ms loop_to_send=5.5ms
[go2:sport] DRY cmd#1354 seq=1386 v=0.900 w=-0.730 dt=40.0ms policy_zmq_lag=0.6ms action_age=39.9ms scan_age=39.3ms scan_rx_age=16.7ms odom_age=7.4ms odom_rx_age=6.6ms sensor_skew=31.9ms loop_to_send=5.5ms
[go2:sport] DRY cmd#1355 seq=1387 v=0.894 w=-0.610 dt=40.2ms policy_zmq_lag=0.7ms action_age=40.2ms scan_age=39.6ms scan_rx_age=15.7ms odom_age=7.5ms odom_rx_age=6.7ms sensor_skew=32.0ms loop_to_send=5.6ms
[go2:sport] DRY cmd#1356 seq=1388 v=0.900 w=-0.727 dt=40.3ms policy_zmq_lag=0.7ms action_age=40.4ms scan_age=39.7ms scan_rx_age=17.2ms odom_age=7.8ms odom_rx_age=7.0ms sensor_skew=31.9ms loop_to_send=5.9ms
[go2:sport] DRY cmd#1357 seq=1389 v=0.895 w=-0.607 dt=39.5ms policy_zmq_lag=0.6ms action_age=40.0ms scan_age=39.4ms scan_rx_age=16.2ms odom_age=7.4ms odom_rx_age=6.7ms sensor_skew=32.0ms loop_to_send=5.6ms
[go2:sport] DRY cmd#1358 seq=1390 v=0.893 w=-0.566 dt=39.9ms policy_zmq_lag=0.5ms action_age=39.8ms scan_age=39.3ms scan_rx_age=15.8ms odom_age=7.3ms odom_rx_age=6.6ms sensor_skew=31.9ms loop_to_send=5.5ms
[go2:sport] DRY cmd#1359 seq=1391 v=0.900 w=-0.447 dt=39.5ms policy_zmq_lag=0.5ms action_age=39.3ms scan_age=38.7ms scan_rx_age=15.3ms odom_age=10.1ms odom_rx_age=9.3ms sensor_skew=28.6ms loop_to_send=5.5ms
[go2:sport] DRY cmd#1360 seq=1392 v=0.895 w=-0.482 dt=40.2ms policy_zmq_lag=0.6ms action_age=39.6ms scan_age=39.0ms scan_rx_age=14.3ms odom_age=6.9ms odom_rx_age=6.1ms sensor_skew=32.1ms loop_to_send=5.6ms
[go2:sport] DRY cmd#1361 seq=1393 v=0.900 w=-0.603 dt=40.5ms policy_zmq_lag=0.6ms action_age=40.0ms scan_age=39.4ms scan_rx_age=16.9ms odom_age=7.5ms odom_rx_age=6.7ms sensor_skew=31.9ms loop_to_send=5.7ms
[go2:sport] DRY cmd#1362 seq=1394 v=0.894 w=-0.499 dt=40.0ms policy_zmq_lag=0.7ms action_age=40.1ms scan_age=39.4ms scan_rx_age=16.6ms odom_age=7.5ms odom_rx_age=6.7ms sensor_skew=32.0ms loop_to_send=5.6ms
[go2:sport] DRY cmd#1363 seq=1395 v=0.894 w=-0.547 dt=40.0ms policy_zmq_lag=0.6ms action_age=40.0ms scan_age=39.4ms scan_rx_age=16.8ms odom_age=7.4ms odom_rx_age=6.7ms sensor_skew=31.9ms loop_to_send=5.6ms
[go2:sport] DRY cmd#1364 seq=1396 v=0.900 w=-0.667 dt=39.9ms policy_zmq_lag=0.6ms action_age=40.1ms scan_age=39.4ms scan_rx_age=16.9ms odom_age=7.4ms odom_rx_age=6.6ms sensor_skew=32.0ms loop_to_send=5.5ms
[go2:sport] DRY cmd#1365 seq=1397 v=0.898 w=-0.590 dt=40.4ms policy_zmq_lag=0.8ms action_age=40.4ms scan_age=39.6ms scan_rx_age=16.0ms odom_age=7.8ms odom_rx_age=7.0ms sensor_skew=31.8ms loop_to_send=5.8ms
[go2:sport] DRY cmd#1366 seq=1398 v=0.900 w=-0.710 dt=40.0ms policy_zmq_lag=0.8ms action_age=40.5ms scan_age=39.7ms scan_rx_age=15.4ms odom_age=7.8ms odom_rx_age=7.0ms sensor_skew=31.9ms loop_to_send=5.8ms
[go2:sport] DRY cmd#1367 seq=1399 v=0.895 w=-0.590 dt=40.0ms policy_zmq_lag=0.8ms action_age=40.5ms scan_age=39.7ms scan_rx_age=15.3ms odom_age=7.8ms odom_rx_age=7.0ms sensor_skew=31.9ms loop_to_send=5.8ms
[go2:sport] DRY cmd#1368 seq=1400 v=0.895 w=-0.513 dt=39.5ms policy_zmq_lag=0.8ms action_age=39.8ms scan_age=39.0ms scan_rx_age=15.0ms odom_age=33.8ms odom_rx_age=32.9ms sensor_skew=5.3ms loop_to_send=5.7ms
[go2:sport] DRY cmd#1369 seq=1401 v=0.900 w=-0.634 dt=40.4ms policy_zmq_lag=0.8ms action_age=40.3ms scan_age=39.5ms scan_rx_age=15.1ms odom_age=7.6ms odom_rx_age=6.8ms sensor_skew=31.9ms loop_to_send=5.6ms
[go2:sport] DRY cmd#1370 seq=1402 v=0.899 w=-0.515 dt=39.8ms policy_zmq_lag=0.8ms action_age=40.1ms scan_age=39.4ms scan_rx_age=14.6ms odom_age=7.4ms odom_rx_age=6.7ms sensor_skew=31.9ms loop_to_send=5.6ms
[go2:sport] DRY cmd#1371 seq=1403 v=0.900 w=-0.635 dt=40.0ms policy_zmq_lag=0.8ms action_age=40.0ms scan_age=39.2ms scan_rx_age=15.7ms odom_age=7.5ms odom_rx_age=6.7ms sensor_skew=31.7ms loop_to_send=5.6ms
[go2:sport] DRY cmd#1372 seq=1404 v=0.894 w=-0.515 dt=39.9ms policy_zmq_lag=0.6ms action_age=40.0ms scan_age=39.4ms scan_rx_age=15.2ms odom_age=7.5ms odom_rx_age=6.7ms sensor_skew=31.8ms loop_to_send=5.6ms
[go2:sport] DRY cmd#1373 seq=1405 v=0.894 w=-0.506 dt=40.1ms policy_zmq_lag=0.6ms action_age=40.0ms scan_age=39.4ms scan_rx_age=14.9ms odom_age=7.6ms odom_rx_age=6.8ms sensor_skew=31.8ms loop_to_send=5.6ms
[go2:sport] DRY cmd#1374 seq=1406 v=0.900 w=-0.624 dt=39.9ms policy_zmq_lag=0.8ms action_age=39.9ms scan_age=39.2ms scan_rx_age=16.6ms odom_age=7.3ms odom_rx_age=6.4ms sensor_skew=31.9ms loop_to_send=5.8ms
[go2:sport] DRY cmd#1375 seq=1407 v=0.895 w=-0.520 dt=40.3ms policy_zmq_lag=0.7ms action_age=41.0ms scan_age=40.3ms scan_rx_age=15.8ms odom_age=7.7ms odom_rx_age=6.9ms sensor_skew=32.7ms loop_to_send=5.7ms
[go2:sport] DRY cmd#1376 seq=1408 v=0.900 w=-0.640 dt=39.9ms policy_zmq_lag=0.7ms action_age=40.0ms scan_age=39.4ms scan_rx_age=16.6ms odom_age=7.6ms odom_rx_age=6.7ms sensor_skew=31.8ms loop_to_send=5.6ms
[go2:sport] DRY cmd#1377 seq=1409 v=0.894 w=-0.520 dt=40.1ms policy_zmq_lag=0.7ms action_age=40.2ms scan_age=39.5ms scan_rx_age=15.9ms odom_age=7.6ms odom_rx_age=6.8ms sensor_skew=31.8ms loop_to_send=5.7ms
[go2:sport] DRY cmd#1378 seq=1410 v=0.895 w=-0.500 dt=40.1ms policy_zmq_lag=0.6ms action_age=40.2ms scan_age=39.5ms scan_rx_age=15.8ms odom_age=7.8ms odom_rx_age=7.0ms sensor_skew=31.7ms loop_to_send=5.8ms
[go2:sport] DRY cmd#1379 seq=1411 v=0.900 w=-0.620 dt=40.0ms policy_zmq_lag=0.7ms action_age=40.3ms scan_age=39.6ms scan_rx_age=15.3ms odom_age=7.6ms odom_rx_age=6.2ms sensor_skew=32.0ms loop_to_send=5.7ms
[go2:sport] DRY cmd#1380 seq=1412 v=0.899 w=-0.500 dt=39.9ms policy_zmq_lag=0.7ms action_age=40.0ms scan_age=39.4ms scan_rx_age=14.7ms odom_age=7.6ms odom_rx_age=6.7ms sensor_skew=31.8ms loop_to_send=5.6ms
[go2:sport] DRY cmd#1381 seq=1413 v=0.900 w=-0.619 dt=40.0ms policy_zmq_lag=0.7ms action_age=40.0ms scan_age=39.3ms scan_rx_age=15.7ms odom_age=7.6ms odom_rx_age=6.8ms sensor_skew=31.7ms loop_to_send=5.7ms
[go2:sport] DRY cmd#1382 seq=1414 v=0.894 w=-0.523 dt=39.6ms policy_zmq_lag=0.6ms action_age=39.8ms scan_age=39.2ms scan_rx_age=16.6ms odom_age=7.4ms odom_rx_age=6.7ms sensor_skew=31.8ms loop_to_send=5.6ms
[go2:sport] DRY cmd#1383 seq=1415 v=0.894 w=-0.511 dt=40.0ms policy_zmq_lag=0.6ms action_age=39.7ms scan_age=39.1ms scan_rx_age=15.7ms odom_age=7.4ms odom_rx_age=6.7ms sensor_skew=31.7ms loop_to_send=5.6ms
[go2:sport] DRY cmd#1384 seq=1416 v=0.900 w=-0.631 dt=39.9ms policy_zmq_lag=0.6ms action_age=39.7ms scan_age=39.1ms scan_rx_age=16.7ms odom_age=10.5ms odom_rx_age=9.8ms sensor_skew=28.6ms loop_to_send=5.6ms
[go2:sport] DRY cmd#1385 seq=1417 v=0.895 w=-0.510 dt=40.3ms policy_zmq_lag=0.6ms action_age=39.9ms scan_age=39.3ms scan_rx_age=16.6ms odom_age=7.4ms odom_rx_age=6.6ms sensor_skew=31.9ms loop_to_send=5.5ms
[go2:sport] DRY cmd#1386 seq=1418 v=0.900 w=-0.630 dt=40.2ms policy_zmq_lag=0.8ms action_age=40.1ms scan_age=39.3ms scan_rx_age=15.1ms odom_age=7.5ms odom_rx_age=6.7ms sensor_skew=31.9ms loop_to_send=5.5ms
[go2:sport] DRY cmd#1387 seq=1419 v=0.895 w=-0.510 dt=40.5ms policy_zmq_lag=0.6ms action_age=40.6ms scan_age=39.9ms scan_rx_age=17.2ms odom_age=8.2ms odom_rx_age=7.3ms sensor_skew=31.8ms loop_to_send=6.2ms
[go2:sport] DRY cmd#1388 seq=1420 v=0.894 w=-0.496 dt=39.0ms policy_zmq_lag=0.6ms action_age=39.8ms scan_age=39.2ms scan_rx_age=15.3ms odom_age=7.2ms odom_rx_age=6.5ms sensor_skew=32.0ms loop_to_send=5.4ms
[go2:sport] DRY cmd#1389 seq=1421 v=0.900 w=-0.617 dt=40.2ms policy_zmq_lag=0.6ms action_age=39.7ms scan_age=39.1ms scan_rx_age=16.5ms odom_age=7.3ms odom_rx_age=6.5ms sensor_skew=31.7ms loop_to_send=5.3ms
[go2:sport] DRY cmd#1390 seq=1422 v=0.895 w=-0.502 dt=40.0ms policy_zmq_lag=0.6ms action_age=39.6ms scan_age=39.0ms scan_rx_age=16.3ms odom_age=7.3ms odom_rx_age=6.5ms sensor_skew=31.8ms loop_to_send=5.4ms
[go2:sport] DRY cmd#1391 seq=1423 v=0.900 w=-0.622 dt=39.8ms policy_zmq_lag=0.6ms action_age=39.5ms scan_age=38.9ms scan_rx_age=16.2ms odom_age=7.1ms odom_rx_age=6.4ms sensor_skew=31.7ms loop_to_send=5.3ms
[go2:sport] DRY cmd#1392 seq=1424 v=0.894 w=-0.514 dt=40.1ms policy_zmq_lag=0.6ms action_age=39.6ms scan_age=39.0ms scan_rx_age=16.3ms odom_age=7.2ms odom_rx_age=6.4ms sensor_skew=31.9ms loop_to_send=5.3ms
[go2:sport] DRY cmd#1393 seq=1425 v=0.895 w=-0.501 dt=40.2ms policy_zmq_lag=0.7ms action_age=39.7ms scan_age=39.1ms scan_rx_age=15.5ms odom_age=7.2ms odom_rx_age=6.4ms sensor_skew=31.9ms loop_to_send=5.3ms
[go2:sport] DRY cmd#1394 seq=1426 v=0.900 w=-0.622 dt=40.5ms policy_zmq_lag=0.7ms action_age=40.3ms scan_age=39.6ms scan_rx_age=15.6ms odom_age=7.6ms odom_rx_age=6.7ms sensor_skew=32.0ms loop_to_send=5.5ms
[go2:sport] DRY cmd#1395 seq=1427 v=0.895 w=-0.510 dt=39.4ms policy_zmq_lag=0.6ms action_age=39.5ms scan_age=38.9ms scan_rx_age=15.0ms odom_age=7.2ms odom_rx_age=6.5ms sensor_skew=31.7ms loop_to_send=5.4ms
[go2:sport] DRY cmd#1396 seq=1428 v=0.898 w=-0.562 dt=39.8ms policy_zmq_lag=0.6ms action_age=39.5ms scan_age=38.9ms scan_rx_age=16.3ms odom_age=7.0ms odom_rx_age=6.3ms sensor_skew=31.9ms loop_to_send=5.2ms
[go2:sport] DRY cmd#1397 seq=1429 v=0.895 w=-0.508 dt=39.9ms policy_zmq_lag=0.6ms action_age=39.4ms scan_age=38.8ms scan_rx_age=15.1ms odom_age=7.0ms odom_rx_age=6.4ms sensor_skew=31.7ms loop_to_send=5.3ms
[go2:sport] DRY cmd#1398 seq=1430 v=0.895 w=-0.515 dt=40.2ms policy_zmq_lag=0.6ms action_age=39.6ms scan_age=39.0ms scan_rx_age=16.2ms odom_age=7.3ms odom_rx_age=6.5ms sensor_skew=31.7ms loop_to_send=5.4ms
[go2:sport] DRY cmd#1399 seq=1431 v=0.900 w=-0.634 dt=39.8ms policy_zmq_lag=0.6ms action_age=39.3ms scan_age=38.7ms scan_rx_age=16.2ms odom_age=10.3ms odom_rx_age=9.6ms sensor_skew=28.4ms loop_to_send=5.3ms
[go2:sport] DRY cmd#1400 seq=1432 v=0.894 w=-0.514 dt=40.3ms policy_zmq_lag=0.6ms action_age=40.5ms scan_age=39.9ms scan_rx_age=15.4ms odom_age=7.3ms odom_rx_age=6.5ms sensor_skew=32.6ms loop_to_send=5.5ms
[go2:sport] DRY cmd#1401 seq=1433 v=0.894 w=-0.548 dt=39.8ms policy_zmq_lag=0.6ms action_age=39.5ms scan_age=38.9ms scan_rx_age=16.2ms odom_age=7.1ms odom_rx_age=6.4ms sensor_skew=31.8ms loop_to_send=5.3ms
[go2:sport] DRY cmd#1402 seq=1434 v=0.898 w=-0.612 dt=39.9ms policy_zmq_lag=0.7ms action_age=39.4ms scan_age=38.8ms scan_rx_age=15.2ms odom_age=7.0ms odom_rx_age=6.3ms sensor_skew=31.8ms loop_to_send=5.2ms
[go2:sport] DRY cmd#1403 seq=1435 v=0.895 w=-0.492 dt=40.7ms policy_zmq_lag=0.9ms action_age=40.3ms scan_age=39.5ms scan_rx_age=14.8ms odom_age=7.6ms odom_rx_age=6.7ms sensor_skew=31.9ms loop_to_send=5.5ms
[go2:sport] DRY cmd#1404 seq=1436 v=0.900 w=-0.611 dt=39.3ms policy_zmq_lag=0.6ms action_age=39.4ms scan_age=38.8ms scan_rx_age=14.9ms odom_age=7.1ms odom_rx_age=5.9ms sensor_skew=31.7ms loop_to_send=5.3ms
[go2:sport] DRY cmd#1405 seq=1437 v=0.894 w=-0.516 dt=40.4ms policy_zmq_lag=0.6ms action_age=39.8ms scan_age=39.2ms scan_rx_age=16.5ms odom_age=7.4ms odom_rx_age=6.5ms sensor_skew=31.8ms loop_to_send=5.3ms
[go2:sport] DRY cmd#1406 seq=1438 v=0.893 w=-0.563 dt=39.8ms policy_zmq_lag=0.6ms action_age=39.5ms scan_age=38.9ms scan_rx_age=14.1ms odom_age=7.4ms odom_rx_age=6.5ms sensor_skew=31.5ms loop_to_send=5.3ms
[go2:sport] DRY cmd#1407 seq=1439 v=0.900 w=-0.683 dt=40.2ms policy_zmq_lag=0.8ms action_age=39.9ms scan_age=39.0ms scan_rx_age=14.6ms odom_age=7.4ms odom_rx_age=6.5ms sensor_skew=31.7ms loop_to_send=5.3ms
[go2:sport] DRY cmd#1408 seq=1440 v=0.896 w=-0.562 dt=40.0ms policy_zmq_lag=0.7ms action_age=40.0ms scan_age=39.2ms scan_rx_age=14.8ms odom_age=7.4ms odom_rx_age=6.6ms sensor_skew=31.8ms loop_to_send=5.4ms
[go2:sport] DRY cmd#1409 seq=1441 v=0.900 w=-0.682 dt=39.9ms policy_zmq_lag=0.7ms action_age=39.8ms scan_age=39.1ms scan_rx_age=15.1ms odom_age=7.4ms odom_rx_age=6.6ms sensor_skew=31.7ms loop_to_send=5.4ms
[go2:sport] DRY cmd#1410 seq=1442 v=0.894 w=-0.563 dt=39.8ms policy_zmq_lag=0.6ms action_age=39.5ms scan_age=38.9ms scan_rx_age=15.3ms odom_age=7.4ms odom_rx_age=6.6ms sensor_skew=31.5ms loop_to_send=5.4ms
[go2:sport] DRY cmd#1411 seq=1443 v=0.895 w=-0.514 dt=39.6ms policy_zmq_lag=0.5ms action_age=39.2ms scan_age=38.7ms scan_rx_age=16.2ms odom_age=7.0ms odom_rx_age=6.3ms sensor_skew=31.6ms loop_to_send=5.2ms
[go2:sport] DRY cmd#1412 seq=1444 v=0.900 w=-0.634 dt=40.2ms policy_zmq_lag=0.6ms action_age=39.4ms scan_age=38.8ms scan_rx_age=16.5ms odom_age=7.2ms odom_rx_age=6.5ms sensor_skew=31.7ms loop_to_send=5.4ms
[go2:sport] DRY cmd#1413 seq=1445 v=0.895 w=-0.521 dt=40.2ms policy_zmq_lag=0.6ms action_age=39.7ms scan_age=39.1ms scan_rx_age=16.4ms odom_age=7.5ms odom_rx_age=6.6ms sensor_skew=31.7ms loop_to_send=5.4ms
[go2:sport] DRY cmd#1414 seq=1446 v=0.900 w=-0.641 dt=40.0ms policy_zmq_lag=0.6ms action_age=39.7ms scan_age=39.1ms scan_rx_age=16.8ms odom_age=7.4ms odom_rx_age=6.5ms sensor_skew=31.7ms loop_to_send=5.4ms
[go2:sport] DRY cmd#1415 seq=1447 v=0.894 w=-0.522 dt=39.5ms policy_zmq_lag=0.6ms action_age=39.1ms scan_age=38.5ms scan_rx_age=15.2ms odom_age=7.0ms odom_rx_age=6.3ms sensor_skew=31.5ms loop_to_send=5.2ms
[go2:sport] DRY cmd#1416 seq=1448 v=0.894 w=-0.495 dt=40.4ms policy_zmq_lag=0.8ms action_age=39.6ms scan_age=38.8ms scan_rx_age=14.2ms odom_age=7.2ms odom_rx_age=6.5ms sensor_skew=31.6ms loop_to_send=5.3ms
[go2:sport] DRY cmd#1417 seq=1449 v=0.900 w=-0.615 dt=39.9ms policy_zmq_lag=0.7ms action_age=39.4ms scan_age=38.7ms scan_rx_age=14.5ms odom_age=7.1ms odom_rx_age=6.3ms sensor_skew=31.6ms loop_to_send=5.2ms
[go2:sport] DRY cmd#1418 seq=1450 v=0.899 w=-0.601 dt=40.4ms policy_zmq_lag=0.7ms action_age=39.9ms scan_age=39.2ms scan_rx_age=15.7ms odom_age=7.6ms odom_rx_age=6.7ms sensor_skew=31.6ms loop_to_send=5.5ms
[go2:sport] DRY cmd#1419 seq=1451 v=0.900 w=-0.721 dt=39.7ms policy_zmq_lag=0.7ms action_age=39.7ms scan_age=39.0ms scan_rx_age=15.6ms odom_age=7.3ms odom_rx_age=6.5ms sensor_skew=31.6ms loop_to_send=5.3ms
[go2:sport] DRY cmd#1420 seq=1452 v=0.894 w=-0.601 dt=41.2ms policy_zmq_lag=0.6ms action_age=40.8ms scan_age=40.2ms scan_rx_age=16.7ms odom_age=8.6ms odom_rx_age=7.8ms sensor_skew=31.6ms loop_to_send=6.5ms
[go2:sport] DRY cmd#1421 seq=1453 v=0.894 w=-0.489 dt=38.6ms policy_zmq_lag=0.5ms action_age=39.4ms scan_age=38.9ms scan_rx_age=15.5ms odom_age=7.3ms odom_rx_age=6.5ms sensor_skew=31.6ms loop_to_send=5.4ms
[go2:sport] DRY cmd#1422 seq=1454 v=0.900 w=-0.610 dt=40.2ms policy_zmq_lag=0.6ms action_age=39.6ms scan_age=39.0ms scan_rx_age=16.6ms odom_age=7.3ms odom_rx_age=6.4ms sensor_skew=31.7ms loop_to_send=5.2ms
[go2:sport] DRY cmd#1423 seq=1455 v=0.895 w=-0.490 dt=39.9ms policy_zmq_lag=0.6ms action_age=39.5ms scan_age=39.0ms scan_rx_age=15.3ms odom_age=7.2ms odom_rx_age=6.4ms sensor_skew=31.7ms loop_to_send=5.3ms
[go2:sport] DRY cmd#1424 seq=1456 v=0.900 w=-0.610 dt=40.5ms policy_zmq_lag=0.6ms action_age=39.9ms scan_age=39.3ms scan_rx_age=15.2ms odom_age=7.0ms odom_rx_age=6.2ms sensor_skew=32.3ms loop_to_send=5.7ms
[go2:sport] DRY cmd#1425 seq=1457 v=0.894 w=-0.496 dt=40.3ms policy_zmq_lag=0.6ms action_age=41.0ms scan_age=40.4ms scan_rx_age=16.1ms odom_age=8.0ms odom_rx_age=7.2ms sensor_skew=32.4ms loop_to_send=6.0ms
[go2:sport] DRY cmd#1426 seq=1458 v=0.894 w=-0.503 dt=39.9ms policy_zmq_lag=0.6ms action_age=40.3ms scan_age=39.7ms scan_rx_age=16.2ms odom_age=7.8ms odom_rx_age=7.0ms sensor_skew=31.9ms loop_to_send=5.8ms
[go2:sport] DRY cmd#1427 seq=1459 v=0.900 w=-0.623 dt=39.8ms policy_zmq_lag=0.6ms action_age=40.0ms scan_age=39.3ms scan_rx_age=16.0ms odom_age=7.7ms odom_rx_age=6.9ms sensor_skew=31.6ms loop_to_send=5.7ms
[go2:sport] DRY cmd#1428 seq=1460 v=0.896 w=-0.549 dt=40.6ms policy_zmq_lag=0.7ms action_age=40.4ms scan_age=39.8ms scan_rx_age=16.6ms odom_age=8.2ms odom_rx_age=7.3ms sensor_skew=31.6ms loop_to_send=5.9ms
[go2:sport] DRY cmd#1429 seq=1461 v=0.900 w=-0.668 dt=39.7ms policy_zmq_lag=0.6ms action_age=40.3ms scan_age=39.6ms scan_rx_age=16.7ms odom_age=7.9ms odom_rx_age=7.1ms sensor_skew=31.7ms loop_to_send=5.9ms
[go2:sport] DRY cmd#1430 seq=1462 v=0.893 w=-0.548 dt=47.4ms policy_zmq_lag=0.7ms action_age=47.6ms scan_age=46.9ms scan_rx_age=20.4ms odom_age=18.5ms odom_rx_age=16.0ms sensor_skew=28.5ms loop_to_send=13.4ms
[go2:sport] DRY cmd#1431 seq=1463 v=0.894 w=-0.507 dt=32.6ms policy_zmq_lag=0.6ms action_age=40.2ms scan_age=39.6ms scan_rx_age=15.7ms odom_age=7.9ms odom_rx_age=6.9ms sensor_skew=31.7ms loop_to_send=5.7ms
[go2:sport] DRY cmd#1432 seq=1464 v=0.900 w=-0.627 dt=39.7ms policy_zmq_lag=0.6ms action_age=39.8ms scan_age=39.2ms scan_rx_age=15.9ms odom_age=7.5ms odom_rx_age=6.6ms sensor_skew=31.8ms loop_to_send=5.5ms
[go2:sport] DRY cmd#1433 seq=1465 v=0.895 w=-0.508 dt=39.8ms policy_zmq_lag=0.6ms action_age=39.6ms scan_age=39.0ms scan_rx_age=15.6ms odom_age=7.4ms odom_rx_age=6.6ms sensor_skew=31.6ms loop_to_send=5.5ms
[go2:sport] DRY cmd#1434 seq=1466 v=0.900 w=-0.628 dt=40.7ms policy_zmq_lag=0.6ms action_age=40.2ms scan_age=39.6ms scan_rx_age=16.5ms odom_age=7.9ms odom_rx_age=7.0ms sensor_skew=31.6ms loop_to_send=6.1ms
[go2:sport] DRY cmd#1435 seq=1467 v=0.894 w=-0.558 dt=39.3ms policy_zmq_lag=0.6ms action_age=39.5ms scan_age=38.9ms scan_rx_age=15.6ms odom_age=7.4ms odom_rx_age=6.7ms sensor_skew=31.5ms loop_to_send=5.6ms
[go2:sport] DRY cmd#1436 seq=1468 v=0.894 w=-0.494 dt=40.2ms policy_zmq_lag=0.6ms action_age=40.6ms scan_age=40.0ms scan_rx_age=15.5ms odom_age=7.7ms odom_rx_age=6.9ms sensor_skew=32.3ms loop_to_send=5.8ms
[go2:sport] DRY cmd#1437 seq=1469 v=0.900 w=-0.613 dt=39.8ms policy_zmq_lag=0.6ms action_age=39.5ms scan_age=38.9ms scan_rx_age=15.7ms odom_age=7.5ms odom_rx_age=6.4ms sensor_skew=31.5ms loop_to_send=5.6ms
[go2:sport] DRY cmd#1438 seq=1470 v=0.895 w=-0.493 dt=40.0ms policy_zmq_lag=0.6ms action_age=39.7ms scan_age=39.1ms scan_rx_age=17.0ms odom_age=7.6ms odom_rx_age=6.9ms sensor_skew=31.5ms loop_to_send=5.4ms
[go2:sport] DRY cmd#1439 seq=1471 v=0.895 w=-0.613 dt=40.1ms policy_zmq_lag=0.6ms action_age=39.8ms scan_age=39.2ms scan_rx_age=15.8ms odom_age=7.6ms odom_rx_age=6.9ms sensor_skew=31.6ms loop_to_send=5.4ms
[go2:sport] DRY cmd#1440 seq=1472 v=0.893 w=-0.537 dt=39.6ms policy_zmq_lag=0.6ms action_age=39.4ms scan_age=38.8ms scan_rx_age=15.3ms odom_age=7.2ms odom_rx_age=6.5ms sensor_skew=31.6ms loop_to_send=5.4ms
[go2:sport] DRY cmd#1441 seq=1473 v=0.895 w=-0.489 dt=40.1ms policy_zmq_lag=0.6ms action_age=40.1ms scan_age=39.5ms scan_rx_age=15.4ms odom_age=7.2ms odom_rx_age=6.5ms sensor_skew=32.3ms loop_to_send=5.4ms
[go2:sport] DRY cmd#1442 seq=1474 v=0.900 w=-0.610 dt=41.5ms policy_zmq_lag=0.7ms action_age=40.9ms scan_age=40.2ms scan_rx_age=16.7ms odom_age=8.7ms odom_rx_age=7.7ms sensor_skew=31.5ms loop_to_send=6.3ms
[go2:sport] DRY cmd#1443 seq=1475 v=0.895 w=-0.491 dt=39.5ms policy_zmq_lag=0.6ms action_age=40.4ms scan_age=39.8ms scan_rx_age=14.4ms odom_age=7.4ms odom_rx_age=6.5ms sensor_skew=32.4ms loop_to_send=6.0ms
[go2:sport] DRY cmd#1444 seq=1476 v=0.899 w=-0.548 dt=39.4ms policy_zmq_lag=0.6ms action_age=39.7ms scan_age=39.1ms scan_rx_age=15.7ms odom_age=7.7ms odom_rx_age=7.0ms sensor_skew=31.4ms loop_to_send=5.5ms
[go2:sport] DRY cmd#1445 seq=1477 v=0.900 w=-0.429 dt=39.7ms policy_zmq_lag=0.6ms action_age=39.5ms scan_age=38.9ms scan_rx_age=15.4ms odom_age=7.4ms odom_rx_age=6.7ms sensor_skew=31.5ms loop_to_send=5.5ms
[go2:sport] DRY cmd#1446 seq=1478 v=0.895 w=-0.497 dt=40.2ms policy_zmq_lag=0.6ms action_age=39.6ms scan_age=39.0ms scan_rx_age=15.6ms odom_age=7.5ms odom_rx_age=6.7ms sensor_skew=31.5ms loop_to_send=5.5ms
[go2:sport] DRY cmd#1447 seq=1479 v=0.900 w=-0.617 dt=40.0ms policy_zmq_lag=0.7ms action_age=39.7ms scan_age=39.0ms scan_rx_age=16.4ms odom_age=7.6ms odom_rx_age=6.9ms sensor_skew=31.5ms loop_to_send=5.4ms
[go2:sport] DRY cmd#1448 seq=1480 v=0.894 w=-0.498 dt=39.8ms policy_zmq_lag=0.6ms action_age=39.4ms scan_age=38.8ms scan_rx_age=15.0ms odom_age=7.3ms odom_rx_age=6.6ms sensor_skew=31.4ms loop_to_send=5.5ms
[go2:sport] DRY cmd#1449 seq=1481 v=0.894 w=-0.538 dt=40.1ms policy_zmq_lag=0.7ms action_age=39.6ms scan_age=38.9ms scan_rx_age=15.3ms odom_age=7.3ms odom_rx_age=6.6ms sensor_skew=31.6ms loop_to_send=5.5ms
[go2:sport] DRY cmd#1450 seq=1482 v=0.898 w=-0.417 dt=40.3ms policy_zmq_lag=0.7ms action_age=40.5ms scan_age=39.9ms scan_rx_age=15.7ms odom_age=7.7ms odom_rx_age=7.0ms sensor_skew=32.2ms loop_to_send=5.5ms
[go2:sport] DRY cmd#1451 seq=1483 v=0.895 w=-0.515 dt=39.7ms policy_zmq_lag=0.6ms action_age=39.4ms scan_age=38.8ms scan_rx_age=15.2ms odom_age=7.3ms odom_rx_age=6.5ms sensor_skew=31.5ms loop_to_send=5.4ms
[go2:sport] DRY cmd#1452 seq=1484 v=0.900 w=-0.635 dt=40.2ms policy_zmq_lag=0.8ms action_age=39.6ms scan_age=38.9ms scan_rx_age=15.3ms odom_age=7.4ms odom_rx_age=6.6ms sensor_skew=31.5ms loop_to_send=5.4ms
[go2:sport] DRY cmd#1453 seq=1485 v=0.894 w=-0.514 dt=41.3ms policy_zmq_lag=0.7ms action_age=40.9ms scan_age=40.2ms scan_rx_age=16.8ms odom_age=8.7ms odom_rx_age=7.7ms sensor_skew=31.4ms loop_to_send=6.3ms
[go2:sport] DRY cmd#1454 seq=1486 v=0.894 w=-0.545 dt=38.8ms policy_zmq_lag=0.7ms action_age=39.6ms scan_age=38.8ms scan_rx_age=15.3ms odom_age=7.5ms odom_rx_age=6.6ms sensor_skew=31.4ms loop_to_send=5.5ms
[go2:sport] DRY cmd#1455 seq=1487 v=0.900 w=-0.574 dt=40.2ms policy_zmq_lag=0.6ms action_age=39.9ms scan_age=39.2ms scan_rx_age=14.6ms odom_age=7.8ms odom_rx_age=6.9ms sensor_skew=31.4ms loop_to_send=5.8ms
[go2:sport] DRY cmd#1456 seq=1488 v=0.895 w=-0.498 dt=39.9ms policy_zmq_lag=0.6ms action_age=39.8ms scan_age=39.2ms scan_rx_age=15.8ms odom_age=7.8ms odom_rx_age=7.0ms sensor_skew=31.4ms loop_to_send=5.8ms
[go2:sport] DRY cmd#1457 seq=1489 v=0.900 w=-0.618 dt=39.8ms policy_zmq_lag=0.6ms action_age=39.6ms scan_age=38.9ms scan_rx_age=15.6ms odom_age=7.6ms odom_rx_age=7.0ms sensor_skew=31.3ms loop_to_send=5.5ms
[go2:sport] DRY cmd#1458 seq=1490 v=0.894 w=-0.499 dt=40.0ms policy_zmq_lag=0.7ms action_age=39.7ms scan_age=39.0ms scan_rx_age=14.6ms odom_age=7.4ms odom_rx_age=6.7ms sensor_skew=31.5ms loop_to_send=5.5ms
[go2:sport] DRY cmd#1459 seq=1491 v=0.893 w=-0.563 dt=40.3ms policy_zmq_lag=0.6ms action_age=40.0ms scan_age=39.4ms scan_rx_age=15.1ms odom_age=8.0ms odom_rx_age=7.2ms sensor_skew=31.4ms loop_to_send=5.9ms
[go2:sport] DRY cmd#1460 seq=1492 v=0.900 w=-0.683 dt=40.1ms policy_zmq_lag=0.6ms action_age=40.2ms scan_age=39.6ms scan_rx_age=16.4ms odom_age=8.1ms odom_rx_age=7.3ms sensor_skew=31.5ms loop_to_send=6.1ms
[go2:sport] DRY cmd#1461 seq=1493 v=0.897 w=-0.560 dt=41.0ms policy_zmq_lag=0.7ms action_age=41.0ms scan_age=40.4ms scan_rx_age=16.9ms odom_age=8.9ms odom_rx_age=8.0ms sensor_skew=31.5ms loop_to_send=6.2ms
[go2:sport] DRY cmd#1462 seq=1494 v=0.900 w=-0.678 dt=39.1ms policy_zmq_lag=0.7ms action_age=40.3ms scan_age=39.6ms scan_rx_age=15.9ms odom_age=8.0ms odom_rx_age=7.3ms sensor_skew=31.6ms loop_to_send=6.0ms
[go2:sport] DRY cmd#1463 seq=1495 v=0.894 w=-0.558 dt=39.6ms policy_zmq_lag=0.7ms action_age=39.9ms scan_age=39.2ms scan_rx_age=15.5ms odom_age=7.7ms odom_rx_age=7.0ms sensor_skew=31.5ms loop_to_send=5.5ms
[go2:sport] DRY cmd#1464 seq=1496 v=0.894 w=-0.504 dt=40.1ms policy_zmq_lag=0.6ms action_age=39.8ms scan_age=39.2ms scan_rx_age=15.9ms odom_age=7.8ms odom_rx_age=7.1ms sensor_skew=31.4ms loop_to_send=5.6ms
[go2:sport] DRY cmd#1465 seq=1497 v=0.900 w=-0.625 dt=40.6ms policy_zmq_lag=0.6ms action_age=40.5ms scan_age=39.8ms scan_rx_age=16.8ms odom_age=8.4ms odom_rx_age=7.2ms sensor_skew=31.4ms loop_to_send=5.9ms
[go2:sport] DRY cmd#1466 seq=1498 v=0.896 w=-0.506 dt=43.4ms policy_zmq_lag=0.7ms action_age=44.1ms scan_age=43.4ms scan_rx_age=18.4ms odom_age=12.2ms odom_rx_age=10.9ms sensor_skew=31.2ms loop_to_send=9.8ms
[go2:sport] DRY cmd#1467 seq=1499 v=0.900 w=-0.628 dt=36.6ms policy_zmq_lag=0.6ms action_age=40.6ms scan_age=40.0ms scan_rx_age=16.5ms odom_age=8.4ms odom_rx_age=7.4ms sensor_skew=31.6ms loop_to_send=6.0ms
[go2:sport] DRY cmd#1468 seq=1500 v=0.894 w=-0.509 dt=39.8ms policy_zmq_lag=0.9ms action_age=40.5ms scan_age=39.6ms scan_rx_age=15.8ms odom_age=7.8ms odom_rx_age=6.7ms sensor_skew=31.7ms loop_to_send=6.1ms
[go2:sport] DRY cmd#1469 seq=1501 v=0.895 w=-0.480 dt=40.3ms policy_zmq_lag=0.6ms action_age=40.7ms scan_age=40.1ms scan_rx_age=16.2ms odom_age=8.5ms odom_rx_age=7.5ms sensor_skew=31.6ms loop_to_send=6.1ms
[go2:sport] DRY cmd#1470 seq=1502 v=0.900 w=-0.599 dt=39.5ms policy_zmq_lag=0.6ms action_age=40.0ms scan_age=39.4ms scan_rx_age=17.4ms odom_age=8.0ms odom_rx_age=7.0ms sensor_skew=31.4ms loop_to_send=5.7ms
[go2:sport] DRY cmd#1471 seq=1503 v=0.900 w=-0.478 dt=42.2ms policy_zmq_lag=0.7ms action_age=42.3ms scan_age=41.6ms scan_rx_age=18.0ms odom_age=10.1ms odom_rx_age=9.2ms sensor_skew=31.5ms loop_to_send=7.3ms
[go2:sport] DRY cmd#1472 seq=1504 v=0.900 w=-0.596 dt=37.9ms policy_zmq_lag=0.6ms action_age=40.2ms scan_age=39.6ms scan_rx_age=16.1ms odom_age=8.2ms odom_rx_age=7.3ms sensor_skew=31.5ms loop_to_send=5.8ms
[go2:sport] DRY cmd#1473 seq=1505 v=0.894 w=-0.507 dt=39.4ms policy_zmq_lag=0.6ms action_age=39.6ms scan_age=39.0ms scan_rx_age=15.7ms odom_age=7.7ms odom_rx_age=6.9ms sensor_skew=31.4ms loop_to_send=5.7ms
[go2:sport] DRY cmd#1474 seq=1506 v=0.895 w=-0.494 dt=40.0ms policy_zmq_lag=0.6ms action_age=39.6ms scan_age=38.9ms scan_rx_age=15.9ms odom_age=7.6ms odom_rx_age=6.8ms sensor_skew=31.3ms loop_to_send=5.6ms
[go2:sport] DRY cmd#1475 seq=1507 v=0.900 w=-0.615 dt=40.3ms policy_zmq_lag=0.6ms action_age=40.7ms scan_age=40.1ms scan_rx_age=15.8ms odom_age=7.9ms odom_rx_age=6.9ms sensor_skew=32.3ms loop_to_send=5.6ms
[go2:sport] DRY cmd#1476 seq=1508 v=0.895 w=-0.496 dt=39.5ms policy_zmq_lag=0.6ms action_age=39.5ms scan_age=38.9ms scan_rx_age=15.7ms odom_age=7.6ms odom_rx_age=6.9ms sensor_skew=31.3ms loop_to_send=5.4ms
[go2:sport] DRY cmd#1477 seq=1509 v=0.900 w=-0.616 dt=40.2ms policy_zmq_lag=0.6ms action_age=39.8ms scan_age=39.1ms scan_rx_age=15.8ms odom_age=7.8ms odom_rx_age=7.0ms sensor_skew=31.4ms loop_to_send=5.5ms
[go2:sport] DRY cmd#1478 seq=1510 v=0.894 w=-0.520 dt=39.9ms policy_zmq_lag=0.7ms action_age=39.7ms scan_age=39.0ms scan_rx_age=15.6ms odom_age=7.6ms odom_rx_age=6.8ms sensor_skew=31.4ms loop_to_send=5.6ms
[go2:sport] DRY cmd#1479 seq=1511 v=0.894 w=-0.499 dt=39.8ms policy_zmq_lag=0.6ms action_age=39.6ms scan_age=39.0ms scan_rx_age=15.6ms odom_age=7.6ms odom_rx_age=6.9ms sensor_skew=31.4ms loop_to_send=5.4ms
[go2:sport] DRY cmd#1480 seq=1512 v=0.900 w=-0.620 dt=41.0ms policy_zmq_lag=0.7ms action_age=40.5ms scan_age=39.9ms scan_rx_age=16.8ms odom_age=8.4ms odom_rx_age=7.5ms sensor_skew=31.5ms loop_to_send=6.1ms
[go2:sport] DRY cmd#1481 seq=1513 v=0.896 w=-0.550 dt=39.7ms policy_zmq_lag=0.6ms action_age=40.2ms scan_age=39.6ms scan_rx_age=16.2ms odom_age=8.1ms odom_rx_age=7.2ms sensor_skew=31.5ms loop_to_send=5.9ms
[go2:sport] DRY cmd#1482 seq=1514 v=0.900 w=-0.670 dt=39.9ms policy_zmq_lag=0.6ms action_age=39.9ms scan_age=39.3ms scan_rx_age=14.6ms odom_age=8.0ms odom_rx_age=7.0ms sensor_skew=31.4ms loop_to_send=5.8ms
[go2:sport] DRY cmd#1483 seq=1515 v=0.894 w=-0.550 dt=40.2ms policy_zmq_lag=0.6ms action_age=40.2ms scan_age=39.5ms scan_rx_age=16.5ms odom_age=8.0ms odom_rx_age=7.1ms sensor_skew=31.5ms loop_to_send=5.9ms
[go2:sport] DRY cmd#1484 seq=1516 v=0.894 w=-0.494 dt=39.9ms policy_zmq_lag=0.6ms action_age=40.1ms scan_age=39.4ms scan_rx_age=16.0ms odom_age=8.2ms odom_rx_age=7.4ms sensor_skew=31.3ms loop_to_send=5.8ms
[go2:sport] DRY cmd#1485 seq=1517 v=0.900 w=-0.614 dt=40.9ms policy_zmq_lag=0.7ms action_age=41.0ms scan_age=40.3ms scan_rx_age=16.8ms odom_age=9.0ms odom_rx_age=8.0ms sensor_skew=31.4ms loop_to_send=6.6ms
[go2:sport] DRY cmd#1486 seq=1518 v=0.894 w=-0.494 dt=40.0ms policy_zmq_lag=0.7ms action_age=41.0ms scan_age=40.3ms scan_rx_age=16.7ms odom_age=9.0ms odom_rx_age=8.0ms sensor_skew=31.3ms loop_to_send=6.6ms
[go2:sport] DRY cmd#1487 seq=1519 v=0.900 w=-0.373 dt=40.2ms policy_zmq_lag=0.7ms action_age=41.3ms scan_age=40.6ms scan_rx_age=17.0ms odom_age=9.1ms odom_rx_age=8.1ms sensor_skew=31.4ms loop_to_send=6.4ms
[go2:sport] DRY cmd#1488 seq=1520 v=0.894 w=-0.497 dt=41.9ms policy_zmq_lag=0.7ms action_age=43.1ms scan_age=42.4ms scan_rx_age=16.9ms odom_age=11.0ms odom_rx_age=8.9ms sensor_skew=31.5ms loop_to_send=7.1ms
[go2:sport] DRY cmd#1489 seq=1521 v=0.895 w=-0.494 dt=37.5ms policy_zmq_lag=0.7ms action_age=41.3ms scan_age=40.6ms scan_rx_age=16.5ms odom_age=8.5ms odom_rx_age=7.7ms sensor_skew=32.1ms loop_to_send=6.2ms
[go2:sport] DRY cmd#1490 seq=1522 v=0.900 w=-0.613 dt=39.6ms policy_zmq_lag=0.6ms action_age=40.1ms scan_age=39.4ms scan_rx_age=16.2ms odom_age=8.2ms odom_rx_age=7.3ms sensor_skew=31.2ms loop_to_send=6.0ms
[go2:sport] DRY cmd#1491 seq=1523 v=0.895 w=-0.503 dt=40.5ms policy_zmq_lag=0.7ms action_age=40.7ms scan_age=40.1ms scan_rx_age=16.7ms odom_age=15.3ms odom_rx_age=14.5ms sensor_skew=24.8ms loop_to_send=6.3ms
[go2:sport] DRY cmd#1492 seq=1524 v=0.894 w=-0.516 dt=39.3ms policy_zmq_lag=0.6ms action_age=40.0ms scan_age=39.4ms scan_rx_age=15.7ms odom_age=8.0ms odom_rx_age=7.1ms sensor_skew=31.4ms loop_to_send=5.9ms
[go2:sport] DRY cmd#1493 seq=1525 v=0.893 w=-0.541 dt=39.9ms policy_zmq_lag=0.6ms action_age=39.9ms scan_age=39.3ms scan_rx_age=15.3ms odom_age=8.0ms odom_rx_age=7.2ms sensor_skew=31.3ms loop_to_send=5.7ms
[go2:sport] DRY cmd#1494 seq=1526 v=0.895 w=-0.508 dt=39.8ms policy_zmq_lag=0.6ms action_age=40.5ms scan_age=39.9ms scan_rx_age=16.1ms odom_age=7.8ms odom_rx_age=7.1ms sensor_skew=32.2ms loop_to_send=5.6ms
[go2:sport] DRY cmd#1495 seq=1527 v=0.900 w=-0.628 dt=39.8ms policy_zmq_lag=0.6ms action_age=39.5ms scan_age=38.9ms scan_rx_age=15.9ms odom_age=7.7ms odom_rx_age=7.0ms sensor_skew=31.2ms loop_to_send=5.5ms
[go2:sport] DRY cmd#1496 seq=1528 v=0.895 w=-0.507 dt=40.2ms policy_zmq_lag=0.6ms action_age=39.7ms scan_age=39.1ms scan_rx_age=16.1ms odom_age=7.8ms odom_rx_age=7.2ms sensor_skew=31.2ms loop_to_send=5.7ms
[go2:sport] DRY cmd#1497 seq=1529 v=0.898 w=-0.622 dt=39.7ms policy_zmq_lag=0.6ms action_age=39.4ms scan_age=38.8ms scan_rx_age=15.7ms odom_age=7.6ms odom_rx_age=6.9ms sensor_skew=31.3ms loop_to_send=5.4ms
[go2:sport] DRY cmd#1498 seq=1530 v=0.900 w=-0.502 dt=40.0ms policy_zmq_lag=0.6ms action_age=39.4ms scan_age=38.8ms scan_rx_age=16.2ms odom_age=7.6ms odom_rx_age=6.9ms sensor_skew=31.2ms loop_to_send=5.4ms
[go2:sport] DRY cmd#1499 seq=1531 v=0.894 w=-0.485 dt=40.4ms policy_zmq_lag=0.8ms action_age=39.9ms scan_age=39.1ms scan_rx_age=16.0ms odom_age=7.8ms odom_rx_age=6.9ms sensor_skew=31.3ms loop_to_send=5.6ms
[go2:sport] DRY cmd#1500 seq=1532 v=0.900 w=-0.605 dt=39.8ms policy_zmq_lag=0.6ms action_age=40.3ms scan_age=39.7ms scan_rx_age=15.8ms odom_age=7.8ms odom_rx_age=7.1ms sensor_skew=31.9ms loop_to_send=5.5ms
[go2:sport] DRY cmd#1501 seq=1533 v=0.895 w=-0.502 dt=39.9ms policy_zmq_lag=0.6ms action_age=39.6ms scan_age=39.0ms scan_rx_age=16.0ms odom_age=10.9ms odom_rx_age=10.1ms sensor_skew=28.0ms loop_to_send=5.5ms
[go2:sport] DRY cmd#1502 seq=1534 v=0.893 w=-0.565 dt=40.0ms policy_zmq_lag=0.6ms action_age=39.7ms scan_age=39.1ms scan_rx_age=15.9ms odom_age=7.6ms odom_rx_age=6.9ms sensor_skew=31.4ms loop_to_send=5.4ms
[go2:sport] DRY cmd#1503 seq=1535 v=0.900 w=-0.446 dt=39.9ms policy_zmq_lag=0.6ms action_age=39.5ms scan_age=38.9ms scan_rx_age=15.5ms odom_age=7.6ms odom_rx_age=6.8ms sensor_skew=31.3ms loop_to_send=5.4ms
[go2:sport] DRY cmd#1504 seq=1536 v=0.895 w=-0.509 dt=40.1ms policy_zmq_lag=0.6ms action_age=39.5ms scan_age=38.9ms scan_rx_age=15.3ms odom_age=7.6ms odom_rx_age=6.8ms sensor_skew=31.3ms loop_to_send=5.4ms
[go2:sport] DRY cmd#1505 seq=1537 v=0.900 w=-0.629 dt=39.8ms policy_zmq_lag=0.6ms action_age=39.4ms scan_age=38.8ms scan_rx_age=15.0ms odom_age=7.5ms odom_rx_age=6.7ms sensor_skew=31.3ms loop_to_send=5.2ms
[go2:sport] DRY cmd#1506 seq=1538 v=0.895 w=-0.508 dt=40.3ms policy_zmq_lag=0.6ms action_age=39.6ms scan_age=39.0ms scan_rx_age=15.5ms odom_age=7.6ms odom_rx_age=6.9ms sensor_skew=31.4ms loop_to_send=5.4ms
[go2:sport] DRY cmd#1507 seq=1539 v=0.894 w=-0.504 dt=40.0ms policy_zmq_lag=0.7ms action_age=39.8ms scan_age=39.1ms scan_rx_age=14.3ms odom_age=7.8ms odom_rx_age=7.0ms sensor_skew=31.3ms loop_to_send=5.5ms
[go2:sport] DRY cmd#1508 seq=1540 v=0.900 w=-0.625 dt=40.3ms policy_zmq_lag=0.6ms action_age=40.0ms scan_age=39.4ms scan_rx_age=15.5ms odom_age=8.0ms odom_rx_age=6.8ms sensor_skew=31.4ms loop_to_send=5.5ms
[go2:sport] DRY cmd#1509 seq=1541 v=0.895 w=-0.506 dt=39.5ms policy_zmq_lag=0.6ms action_age=39.5ms scan_age=38.8ms scan_rx_age=15.5ms odom_age=7.6ms odom_rx_age=6.9ms sensor_skew=31.2ms loop_to_send=5.4ms
[go2:sport] DRY cmd#1510 seq=1542 v=0.900 w=-0.626 dt=40.0ms policy_zmq_lag=0.7ms action_age=39.4ms scan_age=38.8ms scan_rx_age=15.9ms odom_age=7.7ms odom_rx_age=7.0ms sensor_skew=31.1ms loop_to_send=5.4ms
[go2:sport] DRY cmd#1511 seq=1543 v=0.894 w=-0.506 dt=40.0ms policy_zmq_lag=0.6ms action_age=39.5ms scan_age=38.9ms scan_rx_age=15.7ms odom_age=7.7ms odom_rx_age=6.9ms sensor_skew=31.2ms loop_to_send=5.4ms
[go2:sport] DRY cmd#1512 seq=1544 v=0.894 w=-0.553 dt=39.9ms policy_zmq_lag=0.6ms action_age=39.4ms scan_age=38.8ms scan_rx_age=15.8ms odom_age=7.6ms odom_rx_age=6.8ms sensor_skew=31.2ms loop_to_send=5.4ms
[go2:sport] DRY cmd#1513 seq=1545 v=0.900 w=-0.674 dt=40.3ms policy_zmq_lag=0.7ms action_age=39.6ms scan_age=39.0ms scan_rx_age=14.6ms odom_age=7.9ms odom_rx_age=7.1ms sensor_skew=31.1ms loop_to_send=5.6ms
[go2:sport] DRY cmd#1514 seq=1546 v=0.899 w=-0.592 dt=40.2ms policy_zmq_lag=0.7ms action_age=39.9ms scan_age=39.2ms scan_rx_age=14.2ms odom_age=7.9ms odom_rx_age=7.1ms sensor_skew=31.3ms loop_to_send=5.6ms
[go2:sport] DRY cmd#1515 seq=1547 v=0.900 w=-0.712 dt=39.9ms policy_zmq_lag=0.7ms action_age=39.9ms scan_age=39.2ms scan_rx_age=14.8ms odom_age=7.8ms odom_rx_age=7.0ms sensor_skew=31.3ms loop_to_send=5.4ms
[go2:sport] DRY cmd#1516 seq=1548 v=0.894 w=-0.593 dt=39.9ms policy_zmq_lag=0.7ms action_age=39.7ms scan_age=38.9ms scan_rx_age=14.0ms odom_age=7.7ms odom_rx_age=6.8ms sensor_skew=31.2ms loop_to_send=5.6ms
[go2:sport] DRY cmd#1517 seq=1549 v=0.894 w=-0.490 dt=39.6ms policy_zmq_lag=0.6ms action_age=39.4ms scan_age=38.8ms scan_rx_age=15.8ms odom_age=7.5ms odom_rx_age=6.8ms sensor_skew=31.3ms loop_to_send=5.3ms
[go2:sport] DRY cmd#1518 seq=1550 v=0.900 w=-0.610 dt=40.1ms policy_zmq_lag=0.6ms action_age=39.4ms scan_age=38.8ms scan_rx_age=15.7ms odom_age=7.6ms odom_rx_age=6.9ms sensor_skew=31.2ms loop_to_send=5.4ms
[go2:sport] DRY cmd#1519 seq=1551 v=0.900 w=-0.490 dt=40.0ms policy_zmq_lag=0.6ms action_age=39.4ms scan_age=38.8ms scan_rx_age=15.4ms odom_age=7.6ms odom_rx_age=6.9ms sensor_skew=31.2ms loop_to_send=5.4ms
[go2:sport] DRY cmd#1520 seq=1552 v=0.900 w=-0.610 dt=40.1ms policy_zmq_lag=0.6ms action_age=39.5ms scan_age=38.9ms scan_rx_age=16.1ms odom_age=7.7ms odom_rx_age=6.9ms sensor_skew=31.1ms loop_to_send=5.4ms
[go2:sport] DRY cmd#1521 seq=1553 v=0.894 w=-0.492 dt=40.1ms policy_zmq_lag=0.6ms action_age=39.6ms scan_age=38.9ms scan_rx_age=15.4ms odom_age=7.8ms odom_rx_age=7.0ms sensor_skew=31.1ms loop_to_send=5.5ms
[go2:sport] DRY cmd#1522 seq=1554 v=0.895 w=-0.498 dt=39.9ms policy_zmq_lag=0.6ms action_age=39.5ms scan_age=38.9ms scan_rx_age=15.4ms odom_age=7.7ms odom_rx_age=6.9ms sensor_skew=31.2ms loop_to_send=5.5ms
[go2:sport] DRY cmd#1523 seq=1555 v=0.900 w=-0.619 dt=40.2ms policy_zmq_lag=0.6ms action_age=39.8ms scan_age=39.2ms scan_rx_age=17.2ms odom_age=7.9ms odom_rx_age=6.8ms sensor_skew=31.4ms loop_to_send=5.6ms
[go2:sport] DRY cmd#1524 seq=1556 v=0.900 w=-0.499 dt=40.1ms policy_zmq_lag=0.7ms action_age=39.8ms scan_age=39.1ms scan_rx_age=16.3ms odom_age=8.0ms odom_rx_age=7.2ms sensor_skew=31.1ms loop_to_send=5.7ms
[go2:sport] DRY cmd#1525 seq=1557 v=0.900 w=-0.620 dt=40.9ms policy_zmq_lag=0.6ms action_age=41.5ms scan_age=40.9ms scan_rx_age=17.0ms odom_age=8.9ms odom_rx_age=7.7ms sensor_skew=32.0ms loop_to_send=6.3ms
[go2:sport] DRY cmd#1526 seq=1558 v=0.894 w=-0.509 dt=39.4ms policy_zmq_lag=0.6ms action_age=40.1ms scan_age=39.5ms scan_rx_age=15.5ms odom_age=8.2ms odom_rx_age=7.3ms sensor_skew=31.3ms loop_to_send=5.9ms
[go2:sport] DRY cmd#1527 seq=1559 v=0.894 w=-0.498 dt=39.7ms policy_zmq_lag=0.6ms action_age=39.8ms scan_age=39.2ms scan_rx_age=15.9ms odom_age=7.9ms odom_rx_age=7.1ms sensor_skew=31.2ms loop_to_send=5.8ms
[go2:sport] DRY cmd#1528 seq=1560 v=0.900 w=-0.618 dt=40.2ms policy_zmq_lag=0.6ms action_age=40.0ms scan_age=39.3ms scan_rx_age=16.1ms odom_age=8.1ms odom_rx_age=7.1ms sensor_skew=31.2ms loop_to_send=5.8ms
[go2:sport] DRY cmd#1529 seq=1561 v=0.895 w=-0.499 dt=39.9ms policy_zmq_lag=0.6ms action_age=39.8ms scan_age=39.2ms scan_rx_age=16.2ms odom_age=7.9ms odom_rx_age=7.0ms sensor_skew=31.3ms loop_to_send=5.8ms
[go2:sport] DRY cmd#1530 seq=1562 v=0.900 w=-0.619 dt=40.3ms policy_zmq_lag=0.6ms action_age=40.2ms scan_age=39.6ms scan_rx_age=16.3ms odom_age=8.4ms odom_rx_age=7.5ms sensor_skew=31.2ms loop_to_send=5.8ms
[go2:sport] DRY cmd#1531 seq=1563 v=0.895 w=-0.500 dt=40.2ms policy_zmq_lag=0.6ms action_age=40.4ms scan_age=39.8ms scan_rx_age=16.4ms odom_age=8.6ms odom_rx_age=7.9ms sensor_skew=31.1ms loop_to_send=6.1ms
[go2:sport] DRY cmd#1532 seq=1564 v=0.894 w=-0.509 dt=39.8ms policy_zmq_lag=0.8ms action_age=40.1ms scan_age=39.3ms scan_rx_age=15.4ms odom_age=8.3ms odom_rx_age=7.4ms sensor_skew=31.0ms loop_to_send=5.8ms
[go2:sport] DRY cmd#1533 seq=1565 v=0.900 w=-0.629 dt=39.9ms policy_zmq_lag=0.8ms action_age=40.1ms scan_age=39.4ms scan_rx_age=15.6ms odom_age=7.9ms odom_rx_age=7.0ms sensor_skew=31.4ms loop_to_send=5.7ms
[go2:sport] DRY cmd#1534 seq=1566 v=0.894 w=-0.509 dt=39.4ms policy_zmq_lag=0.6ms action_age=39.5ms scan_age=38.9ms scan_rx_age=16.0ms odom_age=7.8ms odom_rx_age=7.1ms sensor_skew=31.1ms loop_to_send=5.5ms
[go2:sport] DRY cmd#1535 seq=1567 v=0.900 w=-0.629 dt=39.8ms policy_zmq_lag=0.6ms action_age=39.3ms scan_age=38.7ms scan_rx_age=16.0ms odom_age=7.6ms odom_rx_age=6.9ms sensor_skew=31.1ms loop_to_send=5.3ms
[go2:sport] DRY cmd#1536 seq=1568 v=0.894 w=-0.539 dt=40.3ms policy_zmq_lag=0.6ms action_age=39.7ms scan_age=39.0ms scan_rx_age=16.1ms odom_age=7.8ms odom_rx_age=7.0ms sensor_skew=31.2ms loop_to_send=5.5ms
[go2:sport] DRY cmd#1537 seq=1569 v=0.895 w=-0.482 dt=42.6ms policy_zmq_lag=1.9ms action_age=42.1ms scan_age=40.2ms scan_rx_age=15.7ms odom_age=8.9ms odom_rx_age=7.6ms sensor_skew=31.3ms loop_to_send=6.1ms
[go2:sport] DRY cmd#1538 seq=1570 v=0.900 w=-0.601 dt=38.6ms policy_zmq_lag=0.7ms action_age=35.5ms scan_age=34.8ms scan_rx_age=11.8ms odom_age=8.7ms odom_rx_age=7.5ms sensor_skew=26.1ms loop_to_send=6.1ms
[go2:sport] DRY cmd#1539 seq=1571 v=0.894 w=-0.492 dt=40.0ms policy_zmq_lag=0.6ms action_age=40.8ms scan_age=40.1ms scan_rx_age=16.1ms odom_age=8.9ms odom_rx_age=7.9ms sensor_skew=31.2ms loop_to_send=6.5ms
[go2:sport] DRY cmd#1540 seq=1572 v=0.900 w=-0.492 dt=39.1ms policy_zmq_lag=0.6ms action_age=39.8ms scan_age=39.2ms scan_rx_age=16.0ms odom_age=8.0ms odom_rx_age=7.2ms sensor_skew=31.1ms loop_to_send=5.9ms
[go2:sport] DRY cmd#1541 seq=1573 v=0.895 w=-0.423 dt=40.2ms policy_zmq_lag=0.7ms action_age=40.1ms scan_age=39.4ms scan_rx_age=16.1ms odom_age=8.2ms odom_rx_age=7.1ms sensor_skew=31.2ms loop_to_send=5.7ms
[go2:sport] DRY cmd#1542 seq=1574 v=0.894 w=-0.480 dt=40.1ms policy_zmq_lag=0.7ms action_age=40.0ms scan_age=39.4ms scan_rx_age=16.3ms odom_age=8.2ms odom_rx_age=7.3ms sensor_skew=31.2ms loop_to_send=5.9ms
[go2:sport] DRY cmd#1543 seq=1575 v=0.900 w=-0.600 dt=40.4ms policy_zmq_lag=0.7ms action_age=40.5ms scan_age=39.9ms scan_rx_age=16.5ms odom_age=8.6ms odom_rx_age=7.7ms sensor_skew=31.2ms loop_to_send=6.3ms
[go2:sport] DRY cmd#1544 seq=1576 v=0.894 w=-0.496 dt=39.6ms policy_zmq_lag=0.6ms action_age=40.2ms scan_age=39.5ms scan_rx_age=17.0ms odom_age=8.2ms odom_rx_age=7.2ms sensor_skew=31.3ms loop_to_send=5.8ms
[go2:sport] DRY cmd#1545 seq=1577 v=0.894 w=-0.549 dt=39.9ms policy_zmq_lag=0.6ms action_age=39.9ms scan_age=39.3ms scan_rx_age=15.8ms odom_age=8.1ms odom_rx_age=7.2ms sensor_skew=31.2ms loop_to_send=5.9ms
[go2:sport] DRY cmd#1546 seq=1578 v=0.893 w=-0.548 dt=40.2ms policy_zmq_lag=0.7ms action_age=40.2ms scan_age=39.5ms scan_rx_age=15.5ms odom_age=8.3ms odom_rx_age=7.3ms sensor_skew=31.2ms loop_to_send=5.9ms
[go2:sport] DRY cmd#1547 seq=1579 v=0.895 w=-0.524 dt=40.2ms policy_zmq_lag=0.6ms action_age=41.0ms scan_age=40.4ms scan_rx_age=16.1ms odom_age=8.6ms odom_rx_age=7.9ms sensor_skew=31.8ms loop_to_send=6.3ms
[go2:sport] DRY cmd#1548 seq=1580 v=0.900 w=-0.644 dt=39.6ms policy_zmq_lag=0.6ms action_age=39.9ms scan_age=39.3ms scan_rx_age=16.6ms odom_age=8.4ms odom_rx_age=7.6ms sensor_skew=30.9ms loop_to_send=6.0ms
[go2:sport] DRY cmd#1549 seq=1581 v=0.894 w=-0.524 dt=39.8ms policy_zmq_lag=0.6ms action_age=39.8ms scan_age=39.2ms scan_rx_age=16.5ms odom_age=8.1ms odom_rx_age=7.4ms sensor_skew=31.1ms loop_to_send=5.7ms
[go2:sport] DRY cmd#1550 seq=1582 v=0.894 w=-0.559 dt=40.3ms policy_zmq_lag=0.6ms action_age=40.6ms scan_age=40.0ms scan_rx_age=15.4ms odom_age=8.3ms odom_rx_age=7.5ms sensor_skew=31.7ms loop_to_send=5.9ms
[go2:sport] DRY cmd#1551 seq=1583 v=0.900 w=-0.439 dt=39.7ms policy_zmq_lag=0.6ms action_age=39.8ms scan_age=39.2ms scan_rx_age=16.2ms odom_age=7.8ms odom_rx_age=7.0ms sensor_skew=31.3ms loop_to_send=5.4ms
[go2:sport] DRY cmd#1552 seq=1584 v=0.895 w=-0.481 dt=39.9ms policy_zmq_lag=0.6ms action_age=39.7ms scan_age=39.1ms scan_rx_age=14.6ms odom_age=7.8ms odom_rx_age=6.9ms sensor_skew=31.3ms loop_to_send=5.4ms
[go2:sport] DRY cmd#1553 seq=1585 v=0.900 w=-0.600 dt=39.8ms policy_zmq_lag=0.6ms action_age=39.4ms scan_age=38.8ms scan_rx_age=15.2ms odom_age=7.8ms odom_rx_age=6.9ms sensor_skew=31.0ms loop_to_send=5.4ms
[go2:sport] DRY cmd#1554 seq=1586 v=0.894 w=-0.508 dt=40.1ms policy_zmq_lag=0.6ms action_age=39.5ms scan_age=38.9ms scan_rx_age=14.9ms odom_age=7.9ms odom_rx_age=7.0ms sensor_skew=31.0ms loop_to_send=5.4ms
[go2:sport] DRY cmd#1555 seq=1587 v=0.893 w=-0.569 dt=39.7ms policy_zmq_lag=0.6ms action_age=39.3ms scan_age=38.7ms scan_rx_age=16.1ms odom_age=7.8ms odom_rx_age=7.1ms sensor_skew=31.0ms loop_to_send=5.3ms
[go2:sport] DRY cmd#1556 seq=1588 v=0.900 w=-0.689 dt=39.9ms policy_zmq_lag=0.6ms action_age=39.1ms scan_age=38.6ms scan_rx_age=15.9ms odom_age=7.6ms odom_rx_age=6.9ms sensor_skew=31.0ms loop_to_send=5.2ms
[go2:sport] DRY cmd#1557 seq=1589 v=0.895 w=-0.569 dt=40.0ms policy_zmq_lag=0.6ms action_age=39.3ms scan_age=38.7ms scan_rx_age=15.2ms odom_age=7.6ms odom_rx_age=6.8ms sensor_skew=31.1ms loop_to_send=5.3ms
[go2:sport] DRY cmd#1558 seq=1590 v=0.900 w=-0.689 dt=39.9ms policy_zmq_lag=0.6ms action_age=39.2ms scan_age=38.6ms scan_rx_age=15.2ms odom_age=6.5ms odom_rx_age=5.8ms sensor_skew=32.1ms loop_to_send=5.3ms
[go2:sport] DRY cmd#1559 seq=1591 v=0.894 w=-0.569 dt=40.5ms policy_zmq_lag=0.8ms action_age=39.6ms scan_age=38.9ms scan_rx_age=15.5ms odom_age=8.0ms odom_rx_age=7.2ms sensor_skew=30.9ms loop_to_send=5.5ms
[go2:sport] DRY cmd#1560 seq=1592 v=0.894 w=-0.498 dt=40.6ms policy_zmq_lag=0.6ms action_age=40.3ms scan_age=39.8ms scan_rx_age=16.8ms odom_age=8.6ms odom_rx_age=7.1ms sensor_skew=31.2ms loop_to_send=5.9ms
[go2:sport] DRY cmd#1561 seq=1593 v=0.900 w=-0.617 dt=39.2ms policy_zmq_lag=0.6ms action_age=39.5ms scan_age=38.9ms scan_rx_age=16.1ms odom_age=7.8ms odom_rx_age=7.1ms sensor_skew=31.1ms loop_to_send=5.4ms
[go2:sport] DRY cmd#1562 seq=1594 v=0.895 w=-0.523 dt=40.2ms policy_zmq_lag=0.7ms action_age=39.6ms scan_age=38.9ms scan_rx_age=16.0ms odom_age=7.9ms odom_rx_age=7.1ms sensor_skew=31.0ms loop_to_send=5.4ms
[go2:sport] DRY cmd#1563 seq=1595 v=0.900 w=-0.643 dt=40.1ms policy_zmq_lag=0.7ms action_age=39.6ms scan_age=38.9ms scan_rx_age=15.4ms odom_age=7.8ms odom_rx_age=6.9ms sensor_skew=31.1ms loop_to_send=5.6ms
[go2:sport] DRY cmd#1564 seq=1596 v=0.895 w=-0.523 dt=39.9ms policy_zmq_lag=0.7ms action_age=39.5ms scan_age=38.7ms scan_rx_age=14.6ms odom_age=7.9ms odom_rx_age=7.1ms sensor_skew=30.8ms loop_to_send=5.4ms
[go2:sport] DRY cmd#1565 seq=1597 v=0.893 w=-0.558 dt=39.8ms policy_zmq_lag=0.5ms action_age=39.3ms scan_age=38.8ms scan_rx_age=16.0ms odom_age=7.8ms odom_rx_age=7.0ms sensor_skew=31.0ms loop_to_send=5.4ms
[go2:sport] DRY cmd#1566 seq=1598 v=0.900 w=-0.679 dt=40.0ms policy_zmq_lag=0.5ms action_age=39.4ms scan_age=38.8ms scan_rx_age=15.9ms odom_age=7.8ms odom_rx_age=7.1ms sensor_skew=31.0ms loop_to_send=5.3ms
[go2:sport] DRY cmd#1567 seq=1599 v=0.899 w=-0.597 dt=40.3ms policy_zmq_lag=0.6ms action_age=39.6ms scan_age=39.0ms scan_rx_age=15.3ms odom_age=7.8ms odom_rx_age=6.8ms sensor_skew=31.2ms loop_to_send=5.5ms
[go2:sport] DRY cmd#1568 seq=1600 v=0.900 w=-0.716 dt=39.6ms policy_zmq_lag=0.5ms action_age=39.2ms scan_age=38.7ms scan_rx_age=16.0ms odom_age=7.3ms odom_rx_age=6.5ms sensor_skew=31.4ms loop_to_send=5.3ms
[go2:sport] DRY cmd#1569 seq=1601 v=0.894 w=-0.596 dt=40.0ms policy_zmq_lag=0.5ms action_age=39.1ms scan_age=38.6ms scan_rx_age=15.4ms odom_age=7.7ms odom_rx_age=7.0ms sensor_skew=30.9ms loop_to_send=5.2ms
[go2:sport] DRY cmd#1570 seq=1602 v=0.895 w=-0.498 dt=40.1ms policy_zmq_lag=0.5ms action_age=39.3ms scan_age=38.8ms scan_rx_age=15.6ms odom_age=7.3ms odom_rx_age=6.4ms sensor_skew=31.5ms loop_to_send=5.2ms
[go2:sport] DRY cmd#1571 seq=1603 v=0.900 w=-0.618 dt=40.0ms policy_zmq_lag=0.5ms action_age=39.2ms scan_age=38.7ms scan_rx_age=16.1ms odom_age=7.8ms odom_rx_age=7.0ms sensor_skew=30.9ms loop_to_send=5.3ms
[go2:sport] DRY cmd#1572 seq=1604 v=0.898 w=-0.595 dt=40.0ms policy_zmq_lag=0.5ms action_age=39.3ms scan_age=38.8ms scan_rx_age=15.6ms odom_age=7.7ms odom_rx_age=6.9ms sensor_skew=31.1ms loop_to_send=5.3ms
[go2:sport] DRY cmd#1573 seq=1605 v=0.900 w=-0.715 dt=40.1ms policy_zmq_lag=0.6ms action_age=39.3ms scan_age=38.7ms scan_rx_age=15.8ms odom_age=7.7ms odom_rx_age=7.0ms sensor_skew=30.9ms loop_to_send=5.3ms
[go2:sport] DRY cmd#1574 seq=1606 v=0.894 w=-0.595 dt=40.0ms policy_zmq_lag=0.7ms action_age=39.3ms scan_age=38.7ms scan_rx_age=16.0ms odom_age=7.7ms odom_rx_age=7.0ms sensor_skew=30.9ms loop_to_send=5.3ms
[go2:sport] DRY cmd#1575 seq=1607 v=0.894 w=-0.475 dt=40.0ms policy_zmq_lag=0.6ms action_age=40.1ms scan_age=39.5ms scan_rx_age=15.9ms odom_age=7.3ms odom_rx_age=6.4ms sensor_skew=32.2ms loop_to_send=5.3ms
[go2:sport] DRY cmd#1576 seq=1608 v=0.900 w=-0.596 dt=40.8ms policy_zmq_lag=0.6ms action_age=40.1ms scan_age=39.5ms scan_rx_age=16.3ms odom_age=8.5ms odom_rx_age=7.7ms sensor_skew=31.0ms loop_to_send=6.0ms
[go2:sport] DRY cmd#1577 seq=1609 v=0.899 w=-0.476 dt=40.2ms policy_zmq_lag=0.7ms action_age=40.2ms scan_age=39.5ms scan_rx_age=16.6ms odom_age=8.6ms odom_rx_age=7.9ms sensor_skew=30.9ms loop_to_send=6.1ms
[go2:sport] DRY cmd#1578 seq=1610 v=0.900 w=-0.596 dt=39.6ms policy_zmq_lag=0.6ms action_age=39.9ms scan_age=39.3ms scan_rx_age=16.5ms odom_age=8.2ms odom_rx_age=7.5ms sensor_skew=31.0ms loop_to_send=5.8ms
[go2:sport] DRY cmd#1579 seq=1611 v=0.893 w=-0.560 dt=39.4ms policy_zmq_lag=0.6ms action_age=39.3ms scan_age=38.7ms scan_rx_age=15.4ms odom_age=7.8ms odom_rx_age=7.1ms sensor_skew=30.9ms loop_to_send=5.3ms
[go2:sport] DRY cmd#1580 seq=1612 v=0.894 w=-0.506 dt=40.3ms policy_zmq_lag=0.7ms action_age=39.7ms scan_age=39.0ms scan_rx_age=14.2ms odom_age=7.9ms odom_rx_age=7.1ms sensor_skew=31.1ms loop_to_send=5.5ms
[go2:sport] DRY cmd#1581 seq=1613 v=0.900 w=-0.626 dt=40.1ms policy_zmq_lag=0.8ms action_age=39.7ms scan_age=38.9ms scan_rx_age=15.4ms odom_age=8.0ms odom_rx_age=7.1ms sensor_skew=30.9ms loop_to_send=5.5ms
[go2:sport] DRY cmd#1582 seq=1614 v=0.895 w=-0.520 dt=40.0ms policy_zmq_lag=0.8ms action_age=39.7ms scan_age=39.0ms scan_rx_age=16.2ms odom_age=8.1ms odom_rx_age=7.3ms sensor_skew=30.8ms loop_to_send=5.6ms
[go2:sport] DRY cmd#1583 seq=1615 v=0.900 w=-0.573 dt=39.6ms policy_zmq_lag=0.5ms action_age=39.4ms scan_age=38.9ms scan_rx_age=15.8ms odom_age=8.1ms odom_rx_age=7.4ms sensor_skew=30.8ms loop_to_send=5.5ms
[go2:sport] DRY cmd#1584 seq=1616 v=0.894 w=-0.517 dt=40.0ms policy_zmq_lag=0.5ms action_age=39.5ms scan_age=38.9ms scan_rx_age=15.9ms odom_age=8.0ms odom_rx_age=7.3ms sensor_skew=31.0ms loop_to_send=5.5ms
[go2:sport] DRY cmd#1585 seq=1617 v=0.894 w=-0.501 dt=39.9ms policy_zmq_lag=0.5ms action_age=39.3ms scan_age=38.8ms scan_rx_age=15.8ms odom_age=7.8ms odom_rx_age=7.1ms sensor_skew=31.0ms loop_to_send=5.4ms
[go2:sport] DRY cmd#1586 seq=1618 v=0.900 w=-0.621 dt=40.1ms policy_zmq_lag=0.7ms action_age=39.6ms scan_age=38.9ms scan_rx_age=15.4ms odom_age=7.9ms odom_rx_age=7.1ms sensor_skew=31.0ms loop_to_send=5.4ms
[go2:sport] DRY cmd#1587 seq=1619 v=0.894 w=-0.501 dt=40.0ms policy_zmq_lag=0.7ms action_age=39.4ms scan_age=38.7ms scan_rx_age=14.3ms odom_age=7.8ms odom_rx_age=7.0ms sensor_skew=30.9ms loop_to_send=5.3ms
[go2:sport] DRY cmd#1588 seq=1620 v=0.900 w=-0.621 dt=39.9ms policy_zmq_lag=0.6ms action_age=39.3ms scan_age=38.7ms scan_rx_age=14.5ms odom_age=7.8ms odom_rx_age=7.0ms sensor_skew=30.9ms loop_to_send=5.3ms
[go2:sport] DRY cmd#1589 seq=1621 v=0.894 w=-0.571 dt=40.2ms policy_zmq_lag=0.6ms action_age=39.4ms scan_age=38.9ms scan_rx_age=15.1ms odom_age=8.1ms odom_rx_age=7.3ms sensor_skew=30.8ms loop_to_send=5.5ms
[go2:sport] DRY cmd#1590 seq=1622 v=0.895 w=-0.508 dt=39.8ms policy_zmq_lag=0.5ms action_age=39.3ms scan_age=38.8ms scan_rx_age=13.8ms odom_age=7.8ms odom_rx_age=7.0ms sensor_skew=30.9ms loop_to_send=5.3ms
[go2:sport] DRY cmd#1591 seq=1623 v=0.900 w=-0.628 dt=40.0ms policy_zmq_lag=0.6ms action_age=39.4ms scan_age=38.8ms scan_rx_age=14.4ms odom_age=7.9ms odom_rx_age=7.1ms sensor_skew=30.9ms loop_to_send=5.4ms
[go2:sport] DRY cmd#1592 seq=1624 v=0.894 w=-0.508 dt=40.1ms policy_zmq_lag=0.6ms action_age=39.4ms scan_age=38.9ms scan_rx_age=13.3ms odom_age=8.0ms odom_rx_age=7.1ms sensor_skew=30.9ms loop_to_send=5.4ms
[go2:sport] DRY cmd#1593 seq=1625 v=0.900 w=-0.388 dt=39.9ms policy_zmq_lag=0.6ms action_age=39.4ms scan_age=38.8ms scan_rx_age=15.4ms odom_age=7.9ms odom_rx_age=7.1ms sensor_skew=30.9ms loop_to_send=5.4ms
[go2:sport] DRY cmd#1594 seq=1626 v=0.898 w=-0.268 dt=40.6ms policy_zmq_lag=0.6ms action_age=39.9ms scan_age=39.2ms scan_rx_age=16.7ms odom_age=8.6ms odom_rx_age=7.8ms sensor_skew=30.7ms loop_to_send=5.9ms
[go2:sport] DRY cmd#1595 seq=1627 v=0.895 w=-0.388 dt=40.6ms policy_zmq_lag=0.7ms action_age=40.6ms scan_age=39.9ms scan_rx_age=16.4ms odom_age=9.0ms odom_rx_age=8.2ms sensor_skew=30.9ms loop_to_send=6.4ms
[go2:sport] DRY cmd#1596 seq=1628 v=0.900 w=-0.508 dt=38.8ms policy_zmq_lag=0.5ms action_age=39.3ms scan_age=38.7ms scan_rx_age=15.4ms odom_age=7.8ms odom_rx_age=6.9ms sensor_skew=31.0ms loop_to_send=5.3ms
[go2:sport] DRY cmd#1597 seq=1629 v=0.895 w=-0.490 dt=40.2ms policy_zmq_lag=0.6ms action_age=39.6ms scan_age=39.0ms scan_rx_age=15.5ms odom_age=8.2ms odom_rx_age=7.4ms sensor_skew=30.8ms loop_to_send=5.5ms
[go2:sport] DRY cmd#1598 seq=1630 v=0.894 w=-0.543 dt=40.5ms policy_zmq_lag=0.6ms action_age=40.0ms scan_age=39.4ms scan_rx_age=15.8ms odom_age=8.6ms odom_rx_age=7.9ms sensor_skew=30.8ms loop_to_send=6.0ms
[go2:sport] DRY cmd#1599 seq=1631 v=0.894 w=-0.547 dt=39.6ms policy_zmq_lag=0.8ms action_age=39.7ms scan_age=38.9ms scan_rx_age=16.1ms odom_age=7.9ms odom_rx_age=7.1ms sensor_skew=31.0ms loop_to_send=5.4ms
[go2:sport] DRY cmd#1600 seq=1632 v=0.895 w=-0.526 dt=39.7ms policy_zmq_lag=0.6ms action_age=40.2ms scan_age=39.6ms scan_rx_age=15.5ms odom_age=7.9ms odom_rx_age=7.1ms sensor_skew=31.8ms loop_to_send=5.4ms
[go2:sport] DRY cmd#1601 seq=1633 v=0.900 w=-0.646 dt=40.0ms policy_zmq_lag=0.6ms action_age=39.4ms scan_age=38.8ms scan_rx_age=16.3ms odom_age=7.9ms odom_rx_age=7.1ms sensor_skew=30.9ms loop_to_send=5.3ms
[go2:sport] DRY cmd#1602 seq=1634 v=0.894 w=-0.526 dt=40.0ms policy_zmq_lag=0.6ms action_age=39.4ms scan_age=38.8ms scan_rx_age=15.3ms odom_age=7.9ms odom_rx_age=7.2ms sensor_skew=30.9ms loop_to_send=5.4ms
[go2:sport] DRY cmd#1603 seq=1635 v=0.894 w=-0.551 dt=40.0ms policy_zmq_lag=0.6ms action_age=39.5ms scan_age=38.9ms scan_rx_age=15.6ms odom_age=6.7ms odom_rx_age=5.9ms sensor_skew=32.2ms loop_to_send=5.4ms
[go2:sport] DRY cmd#1604 seq=1636 v=0.900 w=-0.577 dt=39.9ms policy_zmq_lag=0.6ms action_age=39.3ms scan_age=38.7ms scan_rx_age=15.6ms odom_age=7.9ms odom_rx_age=7.1ms sensor_skew=30.8ms loop_to_send=5.3ms
[go2:sport] DRY cmd#1605 seq=1637 v=0.895 w=-0.514 dt=40.6ms policy_zmq_lag=0.7ms action_age=40.0ms scan_age=39.3ms scan_rx_age=16.2ms odom_age=8.4ms odom_rx_age=7.3ms sensor_skew=30.9ms loop_to_send=5.6ms
[go2:sport] DRY cmd#1606 seq=1638 v=0.900 w=-0.633 dt=39.2ms policy_zmq_lag=0.5ms action_age=39.3ms scan_age=38.7ms scan_rx_age=15.1ms odom_age=7.9ms odom_rx_age=7.2ms sensor_skew=30.9ms loop_to_send=5.2ms
[go2:sport] DRY cmd#1607 seq=1639 v=0.894 w=-0.513 dt=40.3ms policy_zmq_lag=0.7ms action_age=39.7ms scan_age=39.0ms scan_rx_age=13.2ms odom_age=8.0ms odom_rx_age=7.2ms sensor_skew=31.0ms loop_to_send=5.4ms
[go2:sport] DRY cmd#1608 seq=1640 v=0.894 w=-0.551 dt=39.9ms policy_zmq_lag=0.6ms action_age=39.4ms scan_age=38.8ms scan_rx_age=15.5ms odom_age=8.1ms odom_rx_age=7.4ms sensor_skew=30.7ms loop_to_send=5.4ms
[go2:sport] DRY cmd#1609 seq=1641 v=0.900 w=-0.671 dt=40.0ms policy_zmq_lag=0.6ms action_age=39.3ms scan_age=38.7ms scan_rx_age=16.5ms odom_age=8.0ms odom_rx_age=7.3ms sensor_skew=30.6ms loop_to_send=5.4ms
[go2:sport] DRY cmd#1610 seq=1642 v=0.895 w=-0.551 dt=40.2ms policy_zmq_lag=0.7ms action_age=39.6ms scan_age=38.9ms scan_rx_age=14.9ms odom_age=8.0ms odom_rx_age=7.2ms sensor_skew=30.9ms loop_to_send=5.5ms
[go2:sport] DRY cmd#1611 seq=1643 v=0.900 w=-0.671 dt=39.6ms policy_zmq_lag=0.6ms action_age=39.3ms scan_age=38.7ms scan_rx_age=15.2ms odom_age=7.9ms odom_rx_age=7.1ms sensor_skew=30.8ms loop_to_send=5.3ms
[go2:sport] DRY cmd#1612 seq=1644 v=0.894 w=-0.550 dt=40.6ms policy_zmq_lag=0.8ms action_age=39.9ms scan_age=39.1ms scan_rx_age=16.1ms odom_age=8.4ms odom_rx_age=7.3ms sensor_skew=30.7ms loop_to_send=5.6ms
[go2:sport] DRY cmd#1613 seq=1645 v=0.894 w=-0.503 dt=39.5ms policy_zmq_lag=0.6ms action_age=39.4ms scan_age=38.8ms scan_rx_age=15.1ms odom_age=8.0ms odom_rx_age=7.3ms sensor_skew=30.8ms loop_to_send=5.4ms
[go2:sport] DRY cmd#1614 seq=1646 v=0.900 w=-0.623 dt=39.9ms policy_zmq_lag=0.6ms action_age=39.3ms scan_age=38.7ms scan_rx_age=15.5ms odom_age=7.9ms odom_rx_age=7.2ms sensor_skew=30.8ms loop_to_send=5.3ms
[go2:sport] DRY cmd#1615 seq=1647 v=0.898 w=-0.575 dt=40.1ms policy_zmq_lag=0.6ms action_age=39.4ms scan_age=38.8ms scan_rx_age=16.0ms odom_age=7.9ms odom_rx_age=7.1ms sensor_skew=30.9ms loop_to_send=5.3ms
[go2:sport] DRY cmd#1616 seq=1648 v=0.900 w=-0.695 dt=40.0ms policy_zmq_lag=0.6ms action_age=39.5ms scan_age=38.9ms scan_rx_age=15.8ms odom_age=8.0ms odom_rx_age=7.3ms sensor_skew=30.8ms loop_to_send=5.4ms
[go2:sport] DRY cmd#1617 seq=1649 v=0.894 w=-0.574 dt=40.0ms policy_zmq_lag=0.6ms action_age=39.4ms scan_age=38.8ms scan_rx_age=15.6ms odom_age=8.0ms odom_rx_age=7.2ms sensor_skew=30.9ms loop_to_send=5.3ms
[go2:sport] DRY cmd#1618 seq=1650 v=0.894 w=-0.505 dt=40.1ms policy_zmq_lag=0.6ms action_age=39.5ms scan_age=38.9ms scan_rx_age=15.6ms odom_age=8.1ms odom_rx_age=7.4ms sensor_skew=30.8ms loop_to_send=5.4ms
[go2:sport] DRY cmd#1619 seq=1651 v=0.900 w=-0.625 dt=39.8ms policy_zmq_lag=0.6ms action_age=39.2ms scan_age=38.7ms scan_rx_age=15.8ms odom_age=7.8ms odom_rx_age=7.1ms sensor_skew=30.9ms loop_to_send=5.2ms
[go2:sport] DRY cmd#1620 seq=1652 v=0.899 w=-0.596 dt=40.1ms policy_zmq_lag=0.6ms action_age=39.4ms scan_age=38.8ms scan_rx_age=15.2ms odom_age=7.9ms odom_rx_age=7.2ms sensor_skew=30.9ms loop_to_send=5.3ms
[go2:sport] DRY cmd#1621 seq=1653 v=0.900 w=-0.716 dt=40.2ms policy_zmq_lag=0.7ms action_age=39.6ms scan_age=38.9ms scan_rx_age=14.3ms odom_age=8.0ms odom_rx_age=7.2ms sensor_skew=30.8ms loop_to_send=5.4ms
[go2:sport] DRY cmd#1622 seq=1654 v=0.894 w=-0.596 dt=40.1ms policy_zmq_lag=0.7ms action_age=39.6ms scan_age=38.9ms scan_rx_age=13.4ms odom_age=8.2ms odom_rx_age=7.4ms sensor_skew=30.7ms loop_to_send=5.5ms
[go2:sport] DRY cmd#1623 seq=1655 v=0.895 w=-0.500 dt=40.0ms policy_zmq_lag=0.7ms action_age=39.5ms scan_age=38.8ms scan_rx_age=13.4ms odom_age=8.1ms odom_rx_age=7.3ms sensor_skew=30.7ms loop_to_send=5.5ms
[go2:sport] DRY cmd#1624 seq=1656 v=0.900 w=-0.620 dt=40.2ms policy_zmq_lag=0.6ms action_age=39.7ms scan_age=39.1ms scan_rx_age=15.9ms odom_age=8.4ms odom_rx_age=7.7ms sensor_skew=30.7ms loop_to_send=5.7ms
[go2:sport] DRY cmd#1625 seq=1657 v=0.895 w=-0.503 dt=40.2ms policy_zmq_lag=0.6ms action_age=40.8ms scan_age=40.2ms scan_rx_age=16.1ms odom_age=8.7ms odom_rx_age=7.9ms sensor_skew=31.5ms loop_to_send=5.9ms
[go2:sport] DRY cmd#1626 seq=1658 v=0.900 w=-0.623 dt=39.8ms policy_zmq_lag=0.6ms action_age=39.8ms scan_age=39.2ms scan_rx_age=16.6ms odom_age=8.5ms odom_rx_age=7.7ms sensor_skew=30.8ms loop_to_send=5.7ms
[go2:sport] DRY cmd#1627 seq=1659 v=0.894 w=-0.504 dt=39.8ms policy_zmq_lag=0.6ms action_age=39.6ms scan_age=39.0ms scan_rx_age=15.8ms odom_age=8.3ms odom_rx_age=7.6ms sensor_skew=30.7ms loop_to_send=5.6ms
[go2:sport] DRY cmd#1628 seq=1660 v=0.894 w=-0.499 dt=40.1ms policy_zmq_lag=0.6ms action_age=39.7ms scan_age=39.2ms scan_rx_age=15.8ms odom_age=8.4ms odom_rx_age=7.6ms sensor_skew=30.8ms loop_to_send=5.6ms
[go2:sport] DRY cmd#1629 seq=1661 v=0.900 w=-0.619 dt=39.6ms policy_zmq_lag=0.6ms action_age=39.3ms scan_age=38.7ms scan_rx_age=16.2ms odom_age=8.1ms odom_rx_age=7.2ms sensor_skew=30.7ms loop_to_send=5.3ms
[go2:sport] DRY cmd#1630 seq=1662 v=0.895 w=-0.542 dt=40.2ms policy_zmq_lag=0.6ms action_age=39.7ms scan_age=39.0ms scan_rx_age=15.4ms odom_age=8.2ms odom_rx_age=7.4ms sensor_skew=30.9ms loop_to_send=5.5ms
[go2:sport] DRY cmd#1631 seq=1663 v=0.900 w=-0.662 dt=40.2ms policy_zmq_lag=0.7ms action_age=39.7ms scan_age=39.1ms scan_rx_age=15.8ms odom_age=8.3ms odom_rx_age=7.5ms sensor_skew=30.8ms loop_to_send=5.6ms
[go2:sport] DRY cmd#1632 seq=1664 v=0.893 w=-0.558 dt=39.6ms policy_zmq_lag=0.6ms action_age=39.3ms scan_age=38.8ms scan_rx_age=16.4ms odom_age=8.0ms odom_rx_age=7.3ms sensor_skew=30.7ms loop_to_send=5.3ms
[go2:sport] DRY cmd#1633 seq=1665 v=0.894 w=-0.509 dt=40.0ms policy_zmq_lag=0.6ms action_age=39.3ms scan_age=38.7ms scan_rx_age=16.2ms odom_age=8.0ms odom_rx_age=7.3ms sensor_skew=30.7ms loop_to_send=5.3ms
[go2:sport] DRY cmd#1634 seq=1666 v=0.900 w=-0.629 dt=39.9ms policy_zmq_lag=0.6ms action_age=39.2ms scan_age=38.6ms scan_rx_age=16.3ms odom_age=7.9ms odom_rx_age=7.2ms sensor_skew=30.7ms loop_to_send=5.2ms
[go2:sport] DRY cmd#1635 seq=1667 v=0.895 w=-0.518 dt=40.1ms policy_zmq_lag=0.6ms action_age=39.3ms scan_age=38.7ms scan_rx_age=16.3ms odom_age=8.0ms odom_rx_age=7.2ms sensor_skew=30.7ms loop_to_send=5.3ms
[go2:sport] DRY cmd#1636 seq=1668 v=0.900 w=-0.398 dt=39.9ms policy_zmq_lag=0.6ms action_age=39.3ms scan_age=38.7ms scan_rx_age=16.0ms odom_age=8.0ms odom_rx_age=7.2ms sensor_skew=30.7ms loop_to_send=5.2ms
[go2:sport] DRY cmd#1637 seq=1669 v=0.893 w=-0.518 dt=40.4ms policy_zmq_lag=0.7ms action_age=39.7ms scan_age=38.9ms scan_rx_age=15.4ms odom_age=8.2ms odom_rx_age=7.4ms sensor_skew=30.7ms loop_to_send=5.5ms
[go2:sport] DRY cmd#1638 seq=1670 v=0.895 w=-0.479 dt=39.9ms policy_zmq_lag=0.7ms action_age=40.2ms scan_age=39.4ms scan_rx_age=14.7ms odom_age=8.1ms odom_rx_age=7.3ms sensor_skew=31.3ms loop_to_send=5.4ms
[go2:sport] DRY cmd#1639 seq=1671 v=0.900 w=-0.599 dt=40.0ms policy_zmq_lag=0.7ms action_age=39.5ms scan_age=38.8ms scan_rx_age=15.3ms odom_age=8.0ms odom_rx_age=7.2ms sensor_skew=30.8ms loop_to_send=5.4ms
[go2:sport] DRY cmd#1640 seq=1672 v=0.895 w=-0.491 dt=40.1ms policy_zmq_lag=0.7ms action_age=39.5ms scan_age=38.7ms scan_rx_age=15.8ms odom_age=8.1ms odom_rx_age=7.3ms sensor_skew=30.6ms loop_to_send=5.4ms
[go2:sport] DRY cmd#1641 seq=1673 v=0.895 w=-0.611 dt=40.2ms policy_zmq_lag=0.5ms action_age=39.9ms scan_age=39.3ms scan_rx_age=15.9ms odom_age=8.6ms odom_rx_age=7.6ms sensor_skew=30.7ms loop_to_send=5.8ms
[go2:sport] DRY cmd#1642 seq=1674 v=0.893 w=-0.547 dt=39.6ms policy_zmq_lag=0.6ms action_age=39.4ms scan_age=38.8ms scan_rx_age=15.5ms odom_age=8.1ms odom_rx_age=7.4ms sensor_skew=30.7ms loop_to_send=5.3ms
[go2:sport] DRY cmd#1643 seq=1675 v=0.895 w=-0.491 dt=40.0ms policy_zmq_lag=0.6ms action_age=39.4ms scan_age=38.8ms scan_rx_age=15.8ms odom_age=8.1ms odom_rx_age=7.4ms sensor_skew=30.7ms loop_to_send=5.3ms
[go2:sport] DRY cmd#1644 seq=1676 v=0.900 w=-0.611 dt=39.9ms policy_zmq_lag=0.6ms action_age=39.3ms scan_age=38.8ms scan_rx_age=16.1ms odom_age=8.0ms odom_rx_age=7.2ms sensor_skew=30.7ms loop_to_send=5.3ms
[go2:sport] DRY cmd#1645 seq=1677 v=0.895 w=-0.509 dt=40.0ms policy_zmq_lag=0.5ms action_age=39.2ms scan_age=38.7ms scan_rx_age=16.3ms odom_age=7.9ms odom_rx_age=7.0ms sensor_skew=30.8ms loop_to_send=5.2ms
[go2:sport] DRY cmd#1646 seq=1678 v=0.900 w=-0.389 dt=40.0ms policy_zmq_lag=0.6ms action_age=39.1ms scan_age=38.6ms scan_rx_age=16.4ms odom_age=8.0ms odom_rx_age=7.3ms sensor_skew=30.5ms loop_to_send=5.2ms
[go2:sport] DRY cmd#1647 seq=1679 v=0.900 w=-0.509 dt=40.5ms policy_zmq_lag=0.7ms action_age=39.7ms scan_age=39.0ms scan_rx_age=15.9ms odom_age=8.4ms odom_rx_age=7.5ms sensor_skew=30.6ms loop_to_send=5.6ms
[go2:sport] DRY cmd#1648 seq=1680 v=0.895 w=-0.487 dt=39.8ms policy_zmq_lag=0.7ms action_age=39.6ms scan_age=38.9ms scan_rx_age=13.3ms odom_age=8.3ms odom_rx_age=7.5ms sensor_skew=30.7ms loop_to_send=5.4ms
[go2:sport] DRY cmd#1649 seq=1681 v=0.900 w=-0.607 dt=40.1ms policy_zmq_lag=0.7ms action_age=39.7ms scan_age=39.0ms scan_rx_age=15.3ms odom_age=8.3ms odom_rx_age=7.4ms sensor_skew=30.7ms loop_to_send=5.5ms
[go2:sport] DRY cmd#1650 seq=1682 v=0.894 w=-0.490 dt=39.9ms policy_zmq_lag=0.7ms action_age=40.2ms scan_age=39.5ms scan_rx_age=14.6ms odom_age=8.3ms odom_rx_age=7.4ms sensor_skew=31.3ms loop_to_send=5.5ms
[go2:sport] DRY cmd#1651 seq=1683 v=0.894 w=-0.538 dt=39.8ms policy_zmq_lag=0.6ms action_age=39.3ms scan_age=38.7ms scan_rx_age=15.8ms odom_age=8.1ms odom_rx_age=7.4ms sensor_skew=30.6ms loop_to_send=5.3ms
[go2:sport] DRY cmd#1652 seq=1684 v=0.898 w=-0.418 dt=40.0ms policy_zmq_lag=0.6ms action_age=39.5ms scan_age=38.9ms scan_rx_age=16.2ms odom_age=8.1ms odom_rx_age=7.4ms sensor_skew=30.8ms loop_to_send=5.4ms
[go2:sport] DRY cmd#1653 seq=1685 v=0.895 w=-0.499 dt=40.1ms policy_zmq_lag=0.7ms action_age=39.6ms scan_age=39.0ms scan_rx_age=15.9ms odom_age=8.3ms odom_rx_age=7.6ms sensor_skew=30.6ms loop_to_send=5.5ms
[go2:sport] DRY cmd#1654 seq=1686 v=0.900 w=-0.619 dt=40.0ms policy_zmq_lag=0.7ms action_age=39.6ms scan_age=38.9ms scan_rx_age=14.8ms odom_age=8.3ms odom_rx_age=7.5ms sensor_skew=30.6ms loop_to_send=5.5ms
[go2:sport] DRY cmd#1655 seq=1687 v=0.894 w=-0.499 dt=40.4ms policy_zmq_lag=0.6ms action_age=39.9ms scan_age=39.3ms scan_rx_age=15.3ms odom_age=8.7ms odom_rx_age=8.0ms sensor_skew=30.6ms loop_to_send=5.9ms
[go2:sport] DRY cmd#1656 seq=1688 v=0.894 w=-0.550 dt=39.7ms policy_zmq_lag=0.7ms action_age=39.6ms scan_age=38.9ms scan_rx_age=15.8ms odom_age=8.3ms odom_rx_age=7.5ms sensor_skew=30.5ms loop_to_send=5.5ms
[go2:sport] DRY cmd#1657 seq=1689 v=0.900 w=-0.670 dt=39.6ms policy_zmq_lag=0.6ms action_age=39.2ms scan_age=38.7ms scan_rx_age=14.2ms odom_age=8.2ms odom_rx_age=7.5ms sensor_skew=30.5ms loop_to_send=5.3ms
[go2:sport] DRY cmd#1658 seq=1690 v=0.895 w=-0.550 dt=40.0ms policy_zmq_lag=0.6ms action_age=39.4ms scan_age=38.8ms scan_rx_age=15.8ms odom_age=8.1ms odom_rx_age=7.4ms sensor_skew=30.7ms loop_to_send=5.3ms
[go2:sport] DRY cmd#1659 seq=1691 v=0.900 w=-0.670 dt=40.0ms policy_zmq_lag=0.6ms action_age=39.3ms scan_age=38.7ms scan_rx_age=16.3ms odom_age=7.9ms odom_rx_age=7.1ms sensor_skew=30.7ms loop_to_send=5.2ms
[go2:sport] DRY cmd#1660 seq=1692 v=0.894 w=-0.550 dt=40.1ms policy_zmq_lag=0.6ms action_age=39.3ms scan_age=38.7ms scan_rx_age=15.3ms odom_age=8.2ms odom_rx_age=7.4ms sensor_skew=30.6ms loop_to_send=5.3ms
[go2:sport] DRY cmd#1661 seq=1693 v=0.894 w=-0.555 dt=40.0ms policy_zmq_lag=0.6ms action_age=39.2ms scan_age=38.6ms scan_rx_age=15.7ms odom_age=8.1ms odom_rx_age=7.4ms sensor_skew=30.5ms loop_to_send=5.3ms
[go2:sport] DRY cmd#1662 seq=1694 v=0.900 w=-0.675 dt=40.2ms policy_zmq_lag=0.6ms action_age=39.4ms scan_age=38.8ms scan_rx_age=13.4ms odom_age=8.2ms odom_rx_age=7.5ms sensor_skew=30.5ms loop_to_send=5.4ms
[go2:sport] DRY cmd#1663 seq=1695 v=0.897 w=-0.554 dt=40.5ms policy_zmq_lag=0.6ms action_age=40.1ms scan_age=39.5ms scan_rx_age=13.9ms odom_age=8.8ms odom_rx_age=8.0ms sensor_skew=30.7ms loop_to_send=5.9ms
[go2:sport] DRY cmd#1664 seq=1696 v=0.900 w=-0.674 dt=39.6ms policy_zmq_lag=0.6ms action_age=39.6ms scan_age=39.0ms scan_rx_age=16.5ms odom_age=8.2ms odom_rx_age=7.2ms sensor_skew=30.8ms loop_to_send=5.5ms
[go2:sport] DRY cmd#1665 seq=1697 v=0.894 w=-0.554 dt=40.5ms policy_zmq_lag=0.6ms action_age=40.0ms scan_age=39.4ms scan_rx_age=16.1ms odom_age=8.9ms odom_rx_age=7.8ms sensor_skew=30.5ms loop_to_send=6.0ms
[go2:sport] DRY cmd#1666 seq=1698 v=0.895 w=-0.495 dt=40.4ms policy_zmq_lag=0.7ms action_age=40.5ms scan_age=39.8ms scan_rx_age=16.0ms odom_age=9.1ms odom_rx_age=8.0ms sensor_skew=30.8ms loop_to_send=6.1ms
[go2:sport] DRY cmd#1667 seq=1699 v=0.900 w=-0.615 dt=39.5ms policy_zmq_lag=0.7ms action_age=39.9ms scan_age=39.2ms scan_rx_age=15.7ms odom_age=8.8ms odom_rx_age=8.0ms sensor_skew=30.5ms loop_to_send=5.9ms
[go2:sport] DRY cmd#1668 seq=1700 v=0.898 w=-0.577 dt=40.0ms policy_zmq_lag=0.7ms action_age=40.1ms scan_age=39.4ms scan_rx_age=15.8ms odom_age=8.8ms odom_rx_age=8.0ms sensor_skew=30.6ms loop_to_send=5.9ms
[go2:sport] DRY cmd#1669 seq=1701 v=0.900 w=-0.697 dt=40.2ms policy_zmq_lag=0.8ms action_age=40.2ms scan_age=39.4ms scan_rx_age=14.7ms odom_age=8.9ms odom_rx_age=7.9ms sensor_skew=30.5ms loop_to_send=6.0ms
[go2:sport] DRY cmd#1670 seq=1702 v=0.894 w=-0.577 dt=41.7ms policy_zmq_lag=0.7ms action_age=41.8ms scan_age=41.1ms scan_rx_age=17.9ms odom_age=10.6ms odom_rx_age=8.9ms sensor_skew=30.5ms loop_to_send=7.5ms
[go2:sport] DRY cmd#1671 seq=1703 v=0.895 w=-0.493 dt=38.5ms policy_zmq_lag=0.8ms action_age=40.5ms scan_age=39.7ms scan_rx_age=13.9ms odom_age=9.0ms odom_rx_age=8.0ms sensor_skew=30.7ms loop_to_send=6.2ms
[go2:sport] DRY cmd#1672 seq=1704 v=0.900 w=-0.614 dt=39.7ms policy_zmq_lag=0.7ms action_age=40.3ms scan_age=39.6ms scan_rx_age=16.5ms odom_age=8.5ms odom_rx_age=7.6ms sensor_skew=31.0ms loop_to_send=5.9ms
[go2:sport] DRY cmd#1673 seq=1705 v=0.900 w=-0.494 dt=40.5ms policy_zmq_lag=0.7ms action_age=40.7ms scan_age=40.0ms scan_rx_age=16.7ms odom_age=12.8ms odom_rx_age=11.9ms sensor_skew=27.2ms loop_to_send=6.3ms
[go2:sport] DRY cmd#1674 seq=1706 v=0.900 w=-0.613 dt=39.5ms policy_zmq_lag=0.6ms action_age=40.2ms scan_age=39.6ms scan_rx_age=16.2ms odom_age=9.1ms odom_rx_age=7.9ms sensor_skew=30.5ms loop_to_send=6.0ms
[go2:sport] DRY cmd#1675 seq=1707 v=0.894 w=-0.511 dt=40.1ms policy_zmq_lag=0.6ms action_age=40.9ms scan_age=40.3ms scan_rx_age=15.9ms odom_age=8.9ms odom_rx_age=7.7ms sensor_skew=31.4ms loop_to_send=6.1ms
[go2:sport] DRY cmd#1676 seq=1708 v=0.895 w=-0.496 dt=39.6ms policy_zmq_lag=0.6ms action_age=39.8ms scan_age=39.2ms scan_rx_age=15.6ms odom_age=8.7ms odom_rx_age=7.9ms sensor_skew=30.5ms loop_to_send=5.7ms
[go2:sport] DRY cmd#1677 seq=1709 v=0.900 w=-0.616 dt=40.1ms policy_zmq_lag=0.6ms action_age=39.8ms scan_age=39.1ms scan_rx_age=15.9ms odom_age=8.7ms odom_rx_age=7.8ms sensor_skew=30.5ms loop_to_send=5.8ms
[go2:sport] DRY cmd#1678 seq=1710 v=0.895 w=-0.500 dt=39.9ms policy_zmq_lag=0.6ms action_age=39.8ms scan_age=39.1ms scan_rx_age=16.1ms odom_age=8.6ms odom_rx_age=7.8ms sensor_skew=30.5ms loop_to_send=5.6ms
[go2:sport] DRY cmd#1679 seq=1711 v=0.900 w=-0.620 dt=40.0ms policy_zmq_lag=0.6ms action_age=39.7ms scan_age=39.1ms scan_rx_age=16.6ms odom_age=8.5ms odom_rx_age=7.7ms sensor_skew=30.6ms loop_to_send=5.6ms
[go2:sport] DRY cmd#1680 seq=1712 v=0.895 w=-0.500 dt=40.1ms policy_zmq_lag=0.6ms action_age=39.6ms scan_age=38.9ms scan_rx_age=14.8ms odom_age=8.6ms odom_rx_age=7.8ms sensor_skew=30.3ms loop_to_send=5.7ms
[go2:sport] DRY cmd#1681 seq=1713 v=0.894 w=-0.492 dt=39.9ms policy_zmq_lag=0.6ms action_age=39.6ms scan_age=39.0ms scan_rx_age=15.7ms odom_age=8.5ms odom_rx_age=7.8ms sensor_skew=30.5ms loop_to_send=5.6ms
[go2:sport] DRY cmd#1682 seq=1714 v=0.900 w=-0.612 dt=39.9ms policy_zmq_lag=0.6ms action_age=39.6ms scan_age=39.0ms scan_rx_age=16.1ms odom_age=8.4ms odom_rx_age=7.7ms sensor_skew=30.6ms loop_to_send=5.5ms
[go2:sport] DRY cmd#1683 seq=1715 v=0.895 w=-0.541 dt=39.9ms policy_zmq_lag=0.6ms action_age=39.4ms scan_age=38.8ms scan_rx_age=15.9ms odom_age=8.4ms odom_rx_age=7.6ms sensor_skew=30.4ms loop_to_send=5.4ms
[go2:sport] DRY cmd#1684 seq=1716 v=0.900 w=-0.661 dt=40.4ms policy_zmq_lag=1.0ms action_age=39.8ms scan_age=38.8ms scan_rx_age=15.7ms odom_age=8.5ms odom_rx_age=7.7ms sensor_skew=30.4ms loop_to_send=5.5ms
[go2:sport] DRY cmd#1685 seq=1717 v=0.894 w=-0.542 dt=40.4ms policy_zmq_lag=0.7ms action_age=40.3ms scan_age=39.5ms scan_rx_age=15.2ms odom_age=9.1ms odom_rx_age=8.3ms sensor_skew=30.4ms loop_to_send=6.1ms
[go2:sport] DRY cmd#1686 seq=1718 v=0.894 w=-0.496 dt=39.9ms policy_zmq_lag=0.7ms action_age=40.3ms scan_age=39.6ms scan_rx_age=13.6ms odom_age=9.1ms odom_rx_age=8.3ms sensor_skew=30.5ms loop_to_send=6.1ms
[go2:sport] DRY cmd#1687 seq=1719 v=0.900 w=-0.616 dt=39.8ms policy_zmq_lag=0.7ms action_age=40.2ms scan_age=39.5ms scan_rx_age=15.9ms odom_age=9.0ms odom_rx_age=8.1ms sensor_skew=30.5ms loop_to_send=6.0ms
[go2:sport] DRY cmd#1688 seq=1720 v=0.894 w=-0.522 dt=39.7ms policy_zmq_lag=0.6ms action_age=39.8ms scan_age=39.1ms scan_rx_age=16.3ms odom_age=8.8ms odom_rx_age=8.0ms sensor_skew=30.4ms loop_to_send=5.8ms
[go2:sport] DRY cmd#1689 seq=1721 v=0.900 w=-0.497 dt=39.7ms policy_zmq_lag=0.6ms action_age=39.4ms scan_age=38.9ms scan_rx_age=16.0ms odom_age=8.5ms odom_rx_age=7.7ms sensor_skew=30.4ms loop_to_send=5.5ms
[go2:sport] DRY cmd#1690 seq=1722 v=0.894 w=-0.545 dt=40.0ms policy_zmq_lag=0.6ms action_age=39.5ms scan_age=38.9ms scan_rx_age=15.9ms odom_age=8.5ms odom_rx_age=7.7ms sensor_skew=30.4ms loop_to_send=5.5ms
[go2:sport] DRY cmd#1691 seq=1723 v=0.894 w=-0.489 dt=40.1ms policy_zmq_lag=0.6ms action_age=40.3ms scan_age=39.7ms scan_rx_age=15.9ms odom_age=8.4ms odom_rx_age=7.6ms sensor_skew=31.3ms loop_to_send=5.6ms
[go2:sport] DRY cmd#1692 seq=1724 v=0.900 w=-0.609 dt=39.7ms policy_zmq_lag=0.6ms action_age=39.4ms scan_age=38.8ms scan_rx_age=15.9ms odom_age=8.1ms odom_rx_age=7.3ms sensor_skew=30.7ms loop_to_send=5.3ms
[go2:sport] DRY cmd#1693 seq=1725 v=0.894 w=-0.496 dt=40.5ms policy_zmq_lag=0.7ms action_age=39.9ms scan_age=39.2ms scan_rx_age=15.9ms odom_age=8.7ms odom_rx_age=7.8ms sensor_skew=30.5ms loop_to_send=5.7ms
[go2:sport] DRY cmd#1694 seq=1726 v=0.894 w=-0.544 dt=39.9ms policy_zmq_lag=0.7ms action_age=39.7ms scan_age=39.0ms scan_rx_age=15.8ms odom_age=8.6ms odom_rx_age=7.8ms sensor_skew=30.4ms loop_to_send=5.6ms
[go2:sport] DRY cmd#1695 seq=1727 v=0.893 w=-0.519 dt=40.0ms policy_zmq_lag=0.7ms action_age=39.8ms scan_age=39.1ms scan_rx_age=13.4ms odom_age=8.7ms odom_rx_age=7.8ms sensor_skew=30.4ms loop_to_send=5.6ms
[go2:sport] DRY cmd#1696 seq=1728 v=0.895 w=-0.504 dt=40.0ms policy_zmq_lag=0.7ms action_age=40.4ms scan_age=39.7ms scan_rx_age=16.1ms odom_age=8.3ms odom_rx_age=7.3ms sensor_skew=31.4ms loop_to_send=5.6ms
[go2:sport] DRY cmd#1697 seq=1729 v=0.900 w=-0.624 dt=39.9ms policy_zmq_lag=0.7ms action_age=39.7ms scan_age=39.0ms scan_rx_age=15.8ms odom_age=8.6ms odom_rx_age=7.7ms sensor_skew=30.4ms loop_to_send=5.6ms
[go2:sport] DRY cmd#1698 seq=1730 v=0.894 w=-0.513 dt=40.1ms policy_zmq_lag=0.6ms action_age=39.7ms scan_age=39.0ms scan_rx_age=13.8ms odom_age=8.6ms odom_rx_age=7.8ms sensor_skew=30.4ms loop_to_send=5.7ms
[go2:sport] DRY cmd#1699 seq=1731 v=0.897 w=-0.623 dt=39.8ms policy_zmq_lag=0.6ms action_age=39.6ms scan_age=39.0ms scan_rx_age=14.0ms odom_age=8.5ms odom_rx_age=7.7ms sensor_skew=30.5ms loop_to_send=5.5ms
[go2:sport] DRY cmd#1700 seq=1732 v=0.900 w=-0.585 dt=40.0ms policy_zmq_lag=0.6ms action_age=40.4ms scan_age=39.8ms scan_rx_age=16.0ms odom_age=8.6ms odom_rx_age=7.9ms sensor_skew=31.2ms loop_to_send=5.5ms
[go2:sport] DRY cmd#1701 seq=1733 v=0.895 w=-0.488 dt=39.9ms policy_zmq_lag=0.6ms action_age=39.6ms scan_age=39.0ms scan_rx_age=15.8ms odom_age=8.5ms odom_rx_age=7.8ms sensor_skew=30.5ms loop_to_send=5.4ms
[go2:sport] DRY cmd#1702 seq=1734 v=0.900 w=-0.608 dt=40.0ms policy_zmq_lag=0.6ms action_age=39.6ms scan_age=38.9ms scan_rx_age=15.9ms odom_age=8.5ms odom_rx_age=7.7ms sensor_skew=30.4ms loop_to_send=5.4ms
[go2:sport] DRY cmd#1703 seq=1735 v=0.894 w=-0.504 dt=40.0ms policy_zmq_lag=0.6ms action_age=39.6ms scan_age=39.0ms scan_rx_age=15.5ms odom_age=8.5ms odom_rx_age=7.7ms sensor_skew=30.5ms loop_to_send=5.5ms
[go2:sport] DRY cmd#1704 seq=1736 v=0.894 w=-0.548 dt=40.0ms policy_zmq_lag=0.6ms action_age=39.5ms scan_age=38.9ms scan_rx_age=15.7ms odom_age=8.5ms odom_rx_age=7.7ms sensor_skew=30.4ms loop_to_send=5.5ms
[go2:sport] DRY cmd#1705 seq=1737 v=0.900 w=-0.428 dt=40.0ms policy_zmq_lag=0.7ms action_age=39.6ms scan_age=39.0ms scan_rx_age=14.5ms odom_age=8.6ms odom_rx_age=7.8ms sensor_skew=30.4ms loop_to_send=5.5ms
[go2:sport] DRY cmd#1706 seq=1738 v=0.895 w=-0.496 dt=39.8ms policy_zmq_lag=0.6ms action_age=39.5ms scan_age=38.9ms scan_rx_age=15.8ms odom_age=8.5ms odom_rx_age=7.7ms sensor_skew=30.4ms loop_to_send=5.4ms
[go2:sport] DRY cmd#1707 seq=1739 v=0.900 w=-0.616 dt=40.1ms policy_zmq_lag=0.6ms action_age=39.5ms scan_age=38.9ms scan_rx_age=15.6ms odom_age=8.6ms odom_rx_age=7.9ms sensor_skew=30.3ms loop_to_send=5.5ms
[go2:sport] DRY cmd#1708 seq=1740 v=0.895 w=-0.509 dt=40.1ms policy_zmq_lag=0.7ms action_age=39.6ms scan_age=39.0ms scan_rx_age=15.9ms odom_age=8.6ms odom_rx_age=7.8ms sensor_skew=30.3ms loop_to_send=5.6ms
[go2:sport] DRY cmd#1709 seq=1741 v=0.894 w=-0.549 dt=39.7ms policy_zmq_lag=0.6ms action_age=39.5ms scan_age=38.9ms scan_rx_age=16.1ms odom_age=8.4ms odom_rx_age=7.6ms sensor_skew=30.5ms loop_to_send=5.4ms
[go2:sport] DRY cmd#1710 seq=1742 v=0.900 w=-0.669 dt=40.0ms policy_zmq_lag=0.6ms action_age=39.4ms scan_age=38.8ms scan_rx_age=16.0ms odom_age=8.4ms odom_rx_age=7.7ms sensor_skew=30.4ms loop_to_send=5.3ms
[go2:sport] DRY cmd#1711 seq=1743 v=0.895 w=-0.549 dt=40.0ms policy_zmq_lag=0.6ms action_age=39.5ms scan_age=38.9ms scan_rx_age=15.7ms odom_age=8.5ms odom_rx_age=7.7ms sensor_skew=30.4ms loop_to_send=5.4ms
[go2:sport] DRY cmd#1712 seq=1744 v=0.900 w=-0.669 dt=40.0ms policy_zmq_lag=0.6ms action_age=39.4ms scan_age=38.8ms scan_rx_age=15.9ms odom_age=8.4ms odom_rx_age=7.7ms sensor_skew=30.4ms loop_to_send=5.3ms
[go2:sport] DRY cmd#1713 seq=1745 v=0.895 w=-0.549 dt=40.1ms policy_zmq_lag=0.6ms action_age=39.5ms scan_age=38.9ms scan_rx_age=16.1ms odom_age=8.5ms odom_rx_age=7.7ms sensor_skew=30.5ms loop_to_send=5.4ms
[go2:sport] DRY cmd#1714 seq=1746 v=0.895 w=-0.492 dt=40.6ms policy_zmq_lag=0.7ms action_age=40.0ms scan_age=39.2ms scan_rx_age=14.1ms odom_age=9.1ms odom_rx_age=8.3ms sensor_skew=30.2ms loop_to_send=5.9ms
[go2:sport] DRY cmd#1715 seq=1747 v=0.900 w=-0.612 dt=39.4ms policy_zmq_lag=0.6ms action_age=39.4ms scan_age=38.8ms scan_rx_age=16.4ms odom_age=8.5ms odom_rx_age=7.7ms sensor_skew=30.3ms loop_to_send=5.4ms
[go2:sport] DRY cmd#1716 seq=1748 v=0.899 w=-0.623 dt=40.0ms policy_zmq_lag=0.6ms action_age=39.4ms scan_age=38.8ms scan_rx_age=15.8ms odom_age=8.5ms odom_rx_age=7.7ms sensor_skew=30.3ms loop_to_send=5.4ms
[go2:sport] DRY cmd#1717 seq=1749 v=0.900 w=-0.729 dt=40.3ms policy_zmq_lag=0.7ms action_age=39.7ms scan_age=39.0ms scan_rx_age=16.3ms odom_age=8.7ms odom_rx_age=7.9ms sensor_skew=30.3ms loop_to_send=5.6ms
[go2:sport] DRY cmd#1718 seq=1750 v=0.894 w=-0.609 dt=39.9ms policy_zmq_lag=0.7ms action_age=39.6ms scan_age=38.8ms scan_rx_age=13.5ms odom_age=8.6ms odom_rx_age=7.8ms sensor_skew=30.3ms loop_to_send=5.5ms
[go2:sport] DRY cmd#1719 seq=1751 v=0.894 w=-0.493 dt=41.0ms policy_zmq_lag=0.8ms action_age=40.7ms scan_age=39.9ms scan_rx_age=14.5ms odom_age=9.4ms odom_rx_age=8.5ms sensor_skew=30.5ms loop_to_send=6.3ms
[go2:sport] DRY cmd#1720 seq=1752 v=0.900 w=-0.613 dt=40.0ms policy_zmq_lag=0.7ms action_age=40.6ms scan_age=39.9ms scan_rx_age=16.7ms odom_age=9.5ms odom_rx_age=8.7ms sensor_skew=30.4ms loop_to_send=6.4ms
[go2:sport] DRY cmd#1721 seq=1753 v=0.900 w=-0.493 dt=39.7ms policy_zmq_lag=0.6ms action_age=40.3ms scan_age=39.7ms scan_rx_age=16.5ms odom_age=9.3ms odom_rx_age=8.5ms sensor_skew=30.4ms loop_to_send=6.2ms
[go2:sport] DRY cmd#1722 seq=1754 v=0.900 w=-0.613 dt=40.5ms policy_zmq_lag=0.7ms action_age=40.9ms scan_age=40.2ms scan_rx_age=17.0ms odom_age=9.9ms odom_rx_age=9.0ms sensor_skew=30.3ms loop_to_send=6.7ms
[go2:sport] DRY cmd#1723 seq=1755 v=0.894 w=-0.506 dt=39.2ms policy_zmq_lag=0.6ms action_age=40.0ms scan_age=39.4ms scan_rx_age=16.2ms odom_age=9.0ms odom_rx_age=8.0ms sensor_skew=30.4ms loop_to_send=6.0ms
[go2:sport] DRY cmd#1724 seq=1756 v=0.894 w=-0.493 dt=40.1ms policy_zmq_lag=0.7ms action_age=40.1ms scan_age=39.4ms scan_rx_age=16.0ms odom_age=9.2ms odom_rx_age=8.4ms sensor_skew=30.2ms loop_to_send=6.0ms
[go2:sport] DRY cmd#1725 seq=1757 v=0.900 w=-0.613 dt=39.8ms policy_zmq_lag=0.6ms action_age=40.8ms scan_age=40.2ms scan_rx_age=16.1ms odom_age=9.0ms odom_rx_age=8.2ms sensor_skew=31.2ms loop_to_send=5.8ms
[go2:sport] DRY cmd#1726 seq=1758 v=0.899 w=-0.492 dt=45.0ms policy_zmq_lag=1.7ms action_age=44.9ms scan_age=43.2ms scan_rx_age=19.7ms odom_age=12.8ms odom_rx_age=11.7ms sensor_skew=30.4ms loop_to_send=9.4ms
[go2:sport] DRY cmd#1727 seq=1759 v=0.900 w=-0.612 dt=37.6ms policy_zmq_lag=0.7ms action_age=42.7ms scan_age=41.9ms scan_rx_age=16.7ms odom_age=11.5ms odom_rx_age=9.7ms sensor_skew=30.4ms loop_to_send=8.0ms
[go2:sport] DRY cmd#1728 seq=1760 v=0.894 w=-0.495 dt=38.3ms policy_zmq_lag=1.6ms action_age=40.8ms scan_age=39.2ms scan_rx_age=14.7ms odom_age=8.2ms odom_rx_age=7.4ms sensor_skew=31.0ms loop_to_send=5.8ms
[go2:sport] DRY cmd#1729 seq=1761 v=0.894 w=-0.498 dt=38.9ms policy_zmq_lag=0.6ms action_age=39.9ms scan_age=39.2ms scan_rx_age=16.0ms odom_age=8.8ms odom_rx_age=8.1ms sensor_skew=30.4ms loop_to_send=5.7ms
[go2:sport] DRY cmd#1730 seq=1762 v=0.900 w=-0.618 dt=40.1ms policy_zmq_lag=0.6ms action_age=39.8ms scan_age=39.1ms scan_rx_age=16.2ms odom_age=8.9ms odom_rx_age=8.1ms sensor_skew=30.2ms loop_to_send=5.8ms
[go2:sport] DRY cmd#1731 seq=1763 v=0.894 w=-0.498 dt=39.9ms policy_zmq_lag=0.6ms action_age=39.0ms scan_age=38.3ms scan_rx_age=15.8ms odom_age=8.8ms odom_rx_age=7.8ms sensor_skew=29.5ms loop_to_send=5.7ms
[go2:sport] DRY cmd#1732 seq=1764 v=0.900 w=-0.618 dt=40.1ms policy_zmq_lag=0.6ms action_age=40.0ms scan_age=39.4ms scan_rx_age=16.3ms odom_age=9.1ms odom_rx_age=8.3ms sensor_skew=30.2ms loop_to_send=5.8ms
[go2:sport] DRY cmd#1733 seq=1765 v=0.895 w=-0.498 dt=40.5ms policy_zmq_lag=0.7ms action_age=40.4ms scan_age=39.8ms scan_rx_age=15.8ms odom_age=9.3ms odom_rx_age=8.4ms sensor_skew=30.4ms loop_to_send=6.2ms
[go2:sport] DRY cmd#1734 seq=1766 v=0.894 w=-0.500 dt=39.8ms policy_zmq_lag=0.6ms action_age=40.2ms scan_age=39.6ms scan_rx_age=17.0ms odom_age=9.4ms odom_rx_age=8.6ms sensor_skew=30.3ms loop_to_send=6.1ms
[go2:sport] DRY cmd#1735 seq=1767 v=0.900 w=-0.620 dt=40.0ms policy_zmq_lag=0.7ms action_age=40.1ms scan_age=39.5ms scan_rx_age=16.5ms odom_age=9.2ms odom_rx_age=8.4ms sensor_skew=30.3ms loop_to_send=6.0ms
[go2:sport] DRY cmd#1736 seq=1768 v=0.895 w=-0.500 dt=39.4ms policy_zmq_lag=0.6ms action_age=39.6ms scan_age=39.0ms scan_rx_age=16.2ms odom_age=8.8ms odom_rx_age=8.1ms sensor_skew=30.2ms loop_to_send=5.5ms
[go2:sport] DRY cmd#1737 seq=1769 v=0.900 w=-0.620 dt=39.9ms policy_zmq_lag=0.6ms action_age=39.4ms scan_age=38.8ms scan_rx_age=16.3ms odom_age=8.7ms odom_rx_age=8.0ms sensor_skew=30.1ms loop_to_send=5.4ms
[go2:sport] DRY cmd#1738 seq=1770 v=0.893 w=-0.524 dt=39.9ms policy_zmq_lag=0.6ms action_age=39.3ms scan_age=38.7ms scan_rx_age=16.0ms odom_age=8.6ms odom_rx_age=7.9ms sensor_skew=30.1ms loop_to_send=5.3ms
[go2:sport] DRY cmd#1739 seq=1771 v=0.894 w=-0.522 dt=40.0ms policy_zmq_lag=0.6ms action_age=39.4ms scan_age=38.8ms scan_rx_age=15.8ms odom_age=8.5ms odom_rx_age=7.8ms sensor_skew=30.3ms loop_to_send=5.4ms
[go2:sport] DRY cmd#1740 seq=1772 v=0.900 w=-0.642 dt=40.1ms policy_zmq_lag=0.6ms action_age=39.4ms scan_age=38.9ms scan_rx_age=16.1ms odom_age=8.6ms odom_rx_age=7.9ms sensor_skew=30.3ms loop_to_send=5.4ms
[go2:sport] DRY cmd#1741 seq=1773 v=0.895 w=-0.522 dt=40.0ms policy_zmq_lag=0.6ms action_age=39.5ms scan_age=39.0ms scan_rx_age=15.6ms odom_age=8.6ms odom_rx_age=7.8ms sensor_skew=30.4ms loop_to_send=5.4ms
[go2:sport] DRY cmd#1742 seq=1774 v=0.900 w=-0.402 dt=40.0ms policy_zmq_lag=0.6ms action_age=39.5ms scan_age=38.9ms scan_rx_age=15.8ms odom_age=8.6ms odom_rx_age=7.9ms sensor_skew=30.3ms loop_to_send=5.4ms
[go2:sport] DRY cmd#1743 seq=1775 v=0.894 w=-0.522 dt=40.3ms policy_zmq_lag=0.6ms action_age=39.8ms scan_age=39.2ms scan_rx_age=16.2ms odom_age=18.8ms odom_rx_age=17.9ms sensor_skew=20.4ms loop_to_send=5.6ms
[go2:sport] DRY cmd#1744 seq=1776 v=0.895 w=-0.490 dt=39.6ms policy_zmq_lag=0.6ms action_age=39.6ms scan_age=39.0ms scan_rx_age=15.7ms odom_age=8.4ms odom_rx_age=7.7ms sensor_skew=30.6ms loop_to_send=5.3ms
[go2:sport] DRY cmd#1745 seq=1777 v=0.900 w=-0.611 dt=40.7ms policy_zmq_lag=0.6ms action_age=40.1ms scan_age=39.5ms scan_rx_age=16.1ms odom_age=9.2ms odom_rx_age=8.3ms sensor_skew=30.3ms loop_to_send=5.9ms
[go2:sport] DRY cmd#1746 seq=1778 v=0.895 w=-0.500 dt=40.1ms policy_zmq_lag=0.7ms action_age=40.1ms scan_age=39.4ms scan_rx_age=16.4ms odom_age=9.2ms odom_rx_age=8.4ms sensor_skew=30.2ms loop_to_send=6.0ms
[go2:sport] DRY cmd#1747 seq=1779 v=0.894 w=-0.557 dt=39.4ms policy_zmq_lag=0.6ms action_age=39.5ms scan_age=38.9ms scan_rx_age=15.9ms odom_age=8.7ms odom_rx_age=7.9ms sensor_skew=30.2ms loop_to_send=5.4ms
[go2:sport] DRY cmd#1748 seq=1780 v=0.894 w=-0.535 dt=40.1ms policy_zmq_lag=0.6ms action_age=39.7ms scan_age=39.1ms scan_rx_age=16.1ms odom_age=8.7ms odom_rx_age=7.8ms sensor_skew=30.4ms loop_to_send=5.5ms
[go2:sport] DRY cmd#1749 seq=1781 v=0.895 w=-0.495 dt=39.8ms policy_zmq_lag=0.6ms action_age=39.7ms scan_age=39.1ms scan_rx_age=15.8ms odom_age=8.6ms odom_rx_age=7.8ms sensor_skew=30.5ms loop_to_send=5.4ms
[go2:sport] DRY cmd#1750 seq=1782 v=0.900 w=-0.614 dt=40.0ms policy_zmq_lag=0.6ms action_age=40.3ms scan_age=39.6ms scan_rx_age=15.7ms odom_age=8.7ms odom_rx_age=7.9ms sensor_skew=30.9ms loop_to_send=5.4ms
[go2:sport] DRY cmd#1751 seq=1783 v=0.894 w=-0.501 dt=40.1ms policy_zmq_lag=0.6ms action_age=39.6ms scan_age=39.0ms scan_rx_age=16.9ms odom_age=8.7ms odom_rx_age=8.0ms sensor_skew=30.3ms loop_to_send=5.5ms
[go2:sport] DRY cmd#1752 seq=1784 v=0.894 w=-0.537 dt=39.9ms policy_zmq_lag=0.6ms action_age=39.4ms scan_age=38.8ms scan_rx_age=15.9ms odom_age=8.6ms odom_rx_age=7.9ms sensor_skew=30.2ms loop_to_send=5.4ms
[go2:sport] DRY cmd#1753 seq=1785 v=0.900 w=-0.581 dt=40.2ms policy_zmq_lag=0.6ms action_age=39.8ms scan_age=39.2ms scan_rx_age=16.0ms odom_age=8.8ms odom_rx_age=7.1ms sensor_skew=30.4ms loop_to_send=5.4ms
[go2:sport] DRY cmd#1754 seq=1786 v=0.895 w=-0.491 dt=40.0ms policy_zmq_lag=0.6ms action_age=39.6ms scan_age=38.9ms scan_rx_age=13.7ms odom_age=8.8ms odom_rx_age=8.0ms sensor_skew=30.2ms loop_to_send=5.5ms
[go2:sport] DRY cmd#1755 seq=1787 v=0.900 w=-0.611 dt=39.9ms policy_zmq_lag=0.6ms action_age=39.5ms scan_age=38.9ms scan_rx_age=15.2ms odom_age=8.7ms odom_rx_age=7.9ms sensor_skew=30.2ms loop_to_send=5.4ms
[go2:sport] DRY cmd#1756 seq=1788 v=0.894 w=-0.499 dt=40.0ms policy_zmq_lag=0.6ms action_age=39.6ms scan_age=39.0ms scan_rx_age=15.6ms odom_age=8.7ms odom_rx_age=7.9ms sensor_skew=30.3ms loop_to_send=5.4ms
[go2:sport] DRY cmd#1757 seq=1789 v=0.894 w=-0.554 dt=40.0ms policy_zmq_lag=0.6ms action_age=39.4ms scan_age=38.8ms scan_rx_age=14.3ms odom_age=8.7ms odom_rx_age=8.0ms sensor_skew=30.0ms loop_to_send=5.4ms
[go2:sport] DRY cmd#1758 seq=1790 v=0.900 w=-0.674 dt=40.5ms policy_zmq_lag=0.7ms action_age=40.0ms scan_age=39.3ms scan_rx_age=16.8ms odom_age=8.9ms odom_rx_age=7.7ms sensor_skew=30.4ms loop_to_send=5.8ms
[go2:sport] DRY cmd#1759 seq=1791 v=0.895 w=-0.554 dt=39.6ms policy_zmq_lag=0.6ms action_age=39.6ms scan_age=39.0ms scan_rx_age=14.1ms odom_age=8.8ms odom_rx_age=8.0ms sensor_skew=30.2ms loop_to_send=5.5ms
[go2:sport] DRY cmd#1760 seq=1792 v=0.900 w=-0.676 dt=41.3ms policy_zmq_lag=0.8ms action_age=40.8ms scan_age=40.0ms scan_rx_age=16.7ms odom_age=8.7ms odom_rx_age=7.7ms sensor_skew=31.3ms loop_to_send=6.2ms
[go2:sport] DRY cmd#1761 seq=1793 v=0.895 w=-0.557 dt=38.7ms policy_zmq_lag=0.6ms action_age=39.5ms scan_age=38.9ms scan_rx_age=16.0ms odom_age=8.8ms odom_rx_age=8.0ms sensor_skew=30.1ms loop_to_send=5.5ms
[go2:sport] DRY cmd#1762 seq=1794 v=0.894 w=-0.498 dt=39.9ms policy_zmq_lag=0.6ms action_age=39.5ms scan_age=38.9ms scan_rx_age=16.3ms odom_age=8.8ms odom_rx_age=8.1ms sensor_skew=30.1ms loop_to_send=5.4ms
[go2:sport] DRY cmd#1763 seq=1795 v=0.900 w=-0.619 dt=40.3ms policy_zmq_lag=0.6ms action_age=39.8ms scan_age=39.2ms scan_rx_age=16.0ms odom_age=7.1ms odom_rx_age=6.0ms sensor_skew=32.1ms loop_to_send=5.5ms
[go2:sport] DRY cmd#1764 seq=1796 v=0.898 w=-0.581 dt=39.6ms policy_zmq_lag=0.6ms action_age=39.3ms scan_age=38.7ms scan_rx_age=14.9ms odom_age=8.6ms odom_rx_age=7.8ms sensor_skew=30.1ms loop_to_send=5.3ms
[go2:sport] DRY cmd#1765 seq=1797 v=0.900 w=-0.701 dt=40.1ms policy_zmq_lag=0.6ms action_age=39.5ms scan_age=38.9ms scan_rx_age=16.1ms odom_age=8.7ms odom_rx_age=7.9ms sensor_skew=30.2ms loop_to_send=5.3ms
[go2:sport] DRY cmd#1766 seq=1798 v=0.894 w=-0.581 dt=40.2ms policy_zmq_lag=0.6ms action_age=39.7ms scan_age=39.1ms scan_rx_age=16.0ms odom_age=8.7ms odom_rx_age=7.9ms sensor_skew=30.3ms loop_to_send=5.5ms
[go2:sport] DRY cmd#1767 seq=1799 v=0.895 w=-0.506 dt=39.9ms policy_zmq_lag=0.6ms action_age=39.5ms scan_age=38.9ms scan_rx_age=15.3ms odom_age=8.8ms odom_rx_age=8.0ms sensor_skew=30.1ms loop_to_send=5.4ms
[go2:sport] DRY cmd#1768 seq=1800 v=0.900 w=-0.626 dt=39.8ms policy_zmq_lag=0.6ms action_age=39.4ms scan_age=38.7ms scan_rx_age=15.9ms odom_age=8.5ms odom_rx_age=7.7ms sensor_skew=30.2ms loop_to_send=5.3ms
[go2:sport] DRY cmd#1769 seq=1801 v=0.900 w=-0.506 dt=40.2ms policy_zmq_lag=0.6ms action_age=39.6ms scan_age=38.9ms scan_rx_age=15.9ms odom_age=8.7ms odom_rx_age=8.0ms sensor_skew=30.2ms loop_to_send=5.4ms
[go2:sport] DRY cmd#1770 seq=1802 v=0.900 w=-0.626 dt=40.3ms policy_zmq_lag=0.8ms action_age=39.9ms scan_age=39.1ms scan_rx_age=16.4ms odom_age=8.9ms odom_rx_age=7.9ms sensor_skew=30.3ms loop_to_send=5.6ms
[go2:sport] DRY cmd#1771 seq=1803 v=0.894 w=-0.511 dt=39.7ms policy_zmq_lag=0.6ms action_age=39.6ms scan_age=38.9ms scan_rx_age=15.9ms odom_age=8.8ms odom_rx_age=8.0ms sensor_skew=30.1ms loop_to_send=5.5ms
[go2:sport] DRY cmd#1772 seq=1804 v=0.894 w=-0.509 dt=39.9ms policy_zmq_lag=0.6ms action_age=39.5ms scan_age=38.9ms scan_rx_age=16.1ms odom_age=8.8ms odom_rx_age=8.1ms sensor_skew=30.1ms loop_to_send=5.4ms
[go2:sport] DRY cmd#1773 seq=1805 v=0.900 w=-0.629 dt=40.0ms policy_zmq_lag=0.7ms action_age=39.6ms scan_age=38.9ms scan_rx_age=14.8ms odom_age=8.7ms odom_rx_age=7.9ms sensor_skew=30.2ms loop_to_send=5.4ms
[go2:sport] DRY cmd#1774 seq=1806 v=0.900 w=-0.509 dt=39.9ms policy_zmq_lag=0.6ms action_age=39.4ms scan_age=38.7ms scan_rx_age=15.9ms odom_age=8.7ms odom_rx_age=8.0ms sensor_skew=30.0ms loop_to_send=5.4ms
[go2:sport] DRY cmd#1775 seq=1807 v=0.900 w=-0.629 dt=39.9ms policy_zmq_lag=0.6ms action_age=40.1ms scan_age=39.6ms scan_rx_age=15.9ms odom_age=8.6ms odom_rx_age=7.9ms sensor_skew=30.9ms loop_to_send=5.3ms
[go2:sport] DRY cmd#1776 seq=1808 v=0.894 w=-0.516 dt=40.5ms policy_zmq_lag=0.6ms action_age=39.8ms scan_age=39.2ms scan_rx_age=15.9ms odom_age=9.0ms odom_rx_age=8.1ms sensor_skew=30.3ms loop_to_send=5.7ms
[go2:sport] DRY cmd#1777 seq=1809 v=0.895 w=-0.489 dt=40.1ms policy_zmq_lag=0.7ms action_age=39.9ms scan_age=39.2ms scan_rx_age=16.1ms odom_age=9.1ms odom_rx_age=8.3ms sensor_skew=30.2ms loop_to_send=5.8ms
[go2:sport] DRY cmd#1778 seq=1810 v=0.900 w=-0.609 dt=39.8ms policy_zmq_lag=0.6ms action_age=39.6ms scan_age=39.0ms scan_rx_age=16.1ms odom_age=9.1ms odom_rx_age=8.3ms sensor_skew=29.9ms loop_to_send=5.6ms
[go2:sport] DRY cmd#1779 seq=1811 v=0.899 w=-0.489 dt=40.0ms policy_zmq_lag=0.7ms action_age=39.6ms scan_age=39.0ms scan_rx_age=16.3ms odom_age=9.0ms odom_rx_age=8.3ms sensor_skew=29.9ms loop_to_send=5.5ms
[go2:sport] DRY cmd#1780 seq=1812 v=0.900 w=-0.609 dt=40.0ms policy_zmq_lag=0.7ms action_age=39.6ms scan_age=38.9ms scan_rx_age=16.1ms odom_age=8.9ms odom_rx_age=8.2ms sensor_skew=30.0ms loop_to_send=5.5ms
[go2:sport] DRY cmd#1781 seq=1813 v=0.893 w=-0.552 dt=40.0ms policy_zmq_lag=0.7ms action_age=39.6ms scan_age=38.9ms scan_rx_age=13.5ms odom_age=8.9ms odom_rx_age=8.1ms sensor_skew=30.0ms loop_to_send=5.5ms
[go2:sport] DRY cmd#1782 seq=1814 v=0.894 w=-0.496 dt=39.8ms policy_zmq_lag=0.6ms action_age=39.5ms scan_age=38.9ms scan_rx_age=16.0ms odom_age=8.9ms odom_rx_age=8.2ms sensor_skew=29.9ms loop_to_send=5.5ms
[go2:sport] DRY cmd#1783 seq=1815 v=0.900 w=-0.616 dt=39.8ms policy_zmq_lag=0.6ms action_age=39.2ms scan_age=38.6ms scan_rx_age=15.8ms odom_age=8.7ms odom_rx_age=8.0ms sensor_skew=29.9ms loop_to_send=5.2ms
[go2:sport] DRY cmd#1784 seq=1816 v=0.894 w=-0.496 dt=40.0ms policy_zmq_lag=0.6ms action_age=39.3ms scan_age=38.8ms scan_rx_age=16.0ms odom_age=8.6ms odom_rx_age=7.8ms sensor_skew=30.2ms loop_to_send=5.2ms
[go2:sport] DRY cmd#1785 seq=1817 v=0.900 w=-0.616 dt=40.0ms policy_zmq_lag=0.6ms action_age=39.2ms scan_age=38.6ms scan_rx_age=16.2ms odom_age=8.6ms odom_rx_age=7.8ms sensor_skew=30.1ms loop_to_send=5.2ms
[go2:sport] DRY cmd#1786 seq=1818 v=0.894 w=-0.517 dt=40.5ms policy_zmq_lag=0.7ms action_age=39.7ms scan_age=39.0ms scan_rx_age=16.3ms odom_age=8.7ms odom_rx_age=7.8ms sensor_skew=30.3ms loop_to_send=5.6ms
[go2:sport] DRY cmd#1787 seq=1819 v=0.894 w=-0.501 dt=39.7ms policy_zmq_lag=0.6ms action_age=40.2ms scan_age=39.6ms scan_rx_age=16.1ms odom_age=8.8ms odom_rx_age=8.1ms sensor_skew=30.8ms loop_to_send=5.3ms
[go2:sport] DRY cmd#1788 seq=1820 v=0.900 w=-0.621 dt=39.8ms policy_zmq_lag=0.6ms action_age=39.2ms scan_age=38.6ms scan_rx_age=16.0ms odom_age=8.6ms odom_rx_age=7.9ms sensor_skew=30.0ms loop_to_send=5.2ms
[go2:sport] DRY cmd#1789 seq=1821 v=0.894 w=-0.501 dt=40.7ms policy_zmq_lag=0.7ms action_age=39.8ms scan_age=39.1ms scan_rx_age=15.8ms odom_age=9.2ms odom_rx_age=8.4ms sensor_skew=29.9ms loop_to_send=5.7ms
[go2:sport] DRY cmd#1790 seq=1822 v=0.900 w=-0.621 dt=39.5ms policy_zmq_lag=0.6ms action_age=39.4ms scan_age=38.8ms scan_rx_age=15.7ms odom_age=8.8ms odom_rx_age=8.0ms sensor_skew=30.0ms loop_to_send=5.3ms
[go2:sport] DRY cmd#1791 seq=1823 v=0.894 w=-0.538 dt=40.4ms policy_zmq_lag=0.7ms action_age=39.8ms scan_age=39.1ms scan_rx_age=15.9ms odom_age=9.0ms odom_rx_age=8.2ms sensor_skew=30.0ms loop_to_send=5.6ms
[go2:sport] DRY cmd#1792 seq=1824 v=0.895 w=-0.480 dt=39.7ms policy_zmq_lag=0.7ms action_age=39.5ms scan_age=38.8ms scan_rx_age=13.8ms odom_age=7.4ms odom_rx_age=6.5ms sensor_skew=31.4ms loop_to_send=5.4ms
[go2:sport] DRY cmd#1793 seq=1825 v=0.900 w=-0.600 dt=40.5ms policy_zmq_lag=0.6ms action_age=40.0ms scan_age=39.4ms scan_rx_age=14.5ms odom_age=9.5ms odom_rx_age=8.3ms sensor_skew=29.9ms loop_to_send=5.9ms
[go2:sport] DRY cmd#1794 seq=1826 v=0.894 w=-0.485 dt=39.5ms policy_zmq_lag=0.6ms action_age=39.5ms scan_age=38.9ms scan_rx_age=16.0ms odom_age=9.0ms odom_rx_age=8.2ms sensor_skew=30.0ms loop_to_send=5.4ms
[go2:sport] DRY cmd#1795 seq=1827 v=0.898 w=-0.505 dt=40.1ms policy_zmq_lag=0.6ms action_age=39.7ms scan_age=39.1ms scan_rx_age=16.3ms odom_age=9.1ms odom_rx_age=8.3ms sensor_skew=30.0ms loop_to_send=5.6ms
[go2:sport] DRY cmd#1796 seq=1828 v=0.894 w=-0.533 dt=39.9ms policy_zmq_lag=0.6ms action_age=39.6ms scan_age=39.0ms scan_rx_age=16.2ms odom_age=8.8ms odom_rx_age=7.9ms sensor_skew=30.2ms loop_to_send=5.5ms
[go2:sport] DRY cmd#1797 seq=1829 v=0.894 w=-0.497 dt=40.8ms policy_zmq_lag=0.7ms action_age=40.5ms scan_age=39.8ms scan_rx_age=15.4ms odom_age=9.6ms odom_rx_age=8.5ms sensor_skew=30.2ms loop_to_send=6.2ms
[go2:sport] DRY cmd#1798 seq=1830 v=0.900 w=-0.616 dt=40.0ms policy_zmq_lag=0.6ms action_age=41.9ms scan_age=41.3ms scan_rx_age=16.6ms odom_age=9.7ms odom_rx_age=8.6ms sensor_skew=31.6ms loop_to_send=6.3ms
[go2:sport] DRY cmd#1799 seq=1831 v=0.895 w=-0.497 dt=39.9ms policy_zmq_lag=0.6ms action_age=40.2ms scan_age=39.6ms scan_rx_age=16.3ms odom_age=9.5ms odom_rx_age=8.5ms sensor_skew=30.0ms loop_to_send=6.2ms
[go2:sport] DRY cmd#1800 seq=1832 v=0.894 w=-0.545 dt=39.5ms policy_zmq_lag=0.6ms action_age=40.6ms scan_age=40.0ms scan_rx_age=16.1ms odom_age=9.2ms odom_rx_age=8.4ms sensor_skew=30.9ms loop_to_send=5.7ms
[go2:sport] DRY cmd#1801 seq=1833 v=0.894 w=-0.518 dt=40.4ms policy_zmq_lag=0.6ms action_age=40.2ms scan_age=39.6ms scan_rx_age=16.4ms odom_age=9.4ms odom_rx_age=8.4ms sensor_skew=30.2ms loop_to_send=6.1ms
[go2:sport] DRY cmd#1802 seq=1834 v=0.895 w=-0.497 dt=39.9ms policy_zmq_lag=0.6ms action_age=40.4ms scan_age=39.8ms scan_rx_age=16.4ms odom_age=9.4ms odom_rx_age=8.4ms sensor_skew=30.4ms loop_to_send=6.0ms
[go2:sport] DRY cmd#1803 seq=1835 v=0.900 w=-0.617 dt=39.9ms policy_zmq_lag=0.6ms action_age=39.9ms scan_age=39.3ms scan_rx_age=16.2ms odom_age=9.2ms odom_rx_age=8.3ms sensor_skew=30.1ms loop_to_send=5.9ms
[go2:sport] DRY cmd#1804 seq=1836 v=0.894 w=-0.497 dt=39.8ms policy_zmq_lag=0.6ms action_age=39.7ms scan_age=39.1ms scan_rx_age=16.8ms odom_age=9.3ms odom_rx_age=8.6ms sensor_skew=29.8ms loop_to_send=5.7ms
[go2:sport] DRY cmd#1805 seq=1837 v=0.894 w=-0.559 dt=39.7ms policy_zmq_lag=0.6ms action_age=39.4ms scan_age=38.8ms scan_rx_age=16.3ms odom_age=8.9ms odom_rx_age=8.2ms sensor_skew=29.9ms loop_to_send=5.4ms
[go2:sport] DRY cmd#1806 seq=1838 v=0.900 w=-0.679 dt=39.9ms policy_zmq_lag=0.6ms action_age=39.5ms scan_age=38.8ms scan_rx_age=16.4ms odom_age=8.8ms odom_rx_age=8.1ms sensor_skew=30.0ms loop_to_send=5.3ms
[go2:sport] DRY cmd#1807 seq=1839 v=0.895 w=-0.559 dt=40.0ms policy_zmq_lag=0.6ms action_age=39.4ms scan_age=38.8ms scan_rx_age=16.2ms odom_age=8.8ms odom_rx_age=8.1ms sensor_skew=30.0ms loop_to_send=5.3ms
[go2:sport] DRY cmd#1808 seq=1840 v=0.900 w=-0.680 dt=40.2ms policy_zmq_lag=0.6ms action_age=39.6ms scan_age=39.0ms scan_rx_age=15.9ms odom_age=7.6ms odom_rx_age=6.8ms sensor_skew=31.4ms loop_to_send=5.3ms
[go2:sport] DRY cmd#1809 seq=1841 v=0.894 w=-0.560 dt=40.0ms policy_zmq_lag=0.6ms action_age=39.4ms scan_age=38.8ms scan_rx_age=16.1ms odom_age=8.9ms odom_rx_age=8.2ms sensor_skew=29.8ms loop_to_send=5.4ms
[go2:sport] DRY cmd#1810 seq=1842 v=0.893 w=-0.564 dt=40.0ms policy_zmq_lag=0.6ms action_age=39.6ms scan_age=38.9ms scan_rx_age=16.4ms odom_age=8.9ms odom_rx_age=8.1ms sensor_skew=30.1ms loop_to_send=5.4ms
[go2:sport] DRY cmd#1811 seq=1843 v=0.900 w=-0.684 dt=39.9ms policy_zmq_lag=0.6ms action_age=39.3ms scan_age=38.7ms scan_rx_age=16.1ms odom_age=8.9ms odom_rx_age=8.1ms sensor_skew=29.9ms loop_to_send=5.3ms
[go2:sport] DRY cmd#1812 seq=1844 v=0.894 w=-0.564 dt=39.9ms policy_zmq_lag=0.6ms action_age=39.3ms scan_age=38.7ms scan_rx_age=15.8ms odom_age=8.7ms odom_rx_age=8.0ms sensor_skew=30.0ms loop_to_send=5.2ms
[go2:sport] DRY cmd#1813 seq=1845 v=0.900 w=-0.684 dt=40.3ms policy_zmq_lag=0.7ms action_age=39.6ms scan_age=38.9ms scan_rx_age=15.1ms odom_age=8.9ms odom_rx_age=8.1ms sensor_skew=30.0ms loop_to_send=5.4ms
[go2:sport] DRY cmd#1814 seq=1846 v=0.895 w=-0.564 dt=40.1ms policy_zmq_lag=0.7ms action_age=39.7ms scan_age=39.0ms scan_rx_age=16.5ms odom_age=9.1ms odom_rx_age=8.3ms sensor_skew=29.9ms loop_to_send=5.5ms
[go2:sport] DRY cmd#1815 seq=1847 v=0.894 w=-0.511 dt=39.9ms policy_zmq_lag=0.7ms action_age=39.6ms scan_age=38.9ms scan_rx_age=14.1ms odom_age=9.0ms odom_rx_age=8.2ms sensor_skew=29.9ms loop_to_send=5.4ms
[go2:sport] DRY cmd#1816 seq=1848 v=0.900 w=-0.631 dt=40.1ms policy_zmq_lag=0.7ms action_age=39.6ms scan_age=38.9ms scan_rx_age=14.2ms odom_age=9.0ms odom_rx_age=8.1ms sensor_skew=30.0ms loop_to_send=5.4ms
[go2:sport] DRY cmd#1817 seq=1849 v=0.898 w=-0.578 dt=39.9ms policy_zmq_lag=0.7ms action_age=39.4ms scan_age=38.7ms scan_rx_age=13.5ms odom_age=8.9ms odom_rx_age=8.2ms sensor_skew=29.8ms loop_to_send=5.3ms
[go2:sport] DRY cmd#1818 seq=1850 v=0.900 w=-0.698 dt=39.9ms policy_zmq_lag=0.7ms action_age=39.5ms scan_age=38.8ms scan_rx_age=15.1ms odom_age=8.9ms odom_rx_age=8.1ms sensor_skew=29.9ms loop_to_send=5.3ms
[go2:sport] DRY cmd#1819 seq=1851 v=0.894 w=-0.578 dt=39.9ms policy_zmq_lag=0.6ms action_age=39.3ms scan_age=38.7ms scan_rx_age=16.0ms odom_age=9.0ms odom_rx_age=8.3ms sensor_skew=29.7ms loop_to_send=5.3ms
[go2:sport] DRY cmd#1820 seq=1852 v=0.894 w=-0.494 dt=40.2ms policy_zmq_lag=0.6ms action_age=39.4ms scan_age=38.8ms scan_rx_age=14.1ms odom_age=9.0ms odom_rx_age=8.1ms sensor_skew=29.9ms loop_to_send=5.5ms
[go2:sport] DRY cmd#1821 seq=1853 v=0.900 w=-0.615 dt=40.9ms policy_zmq_lag=0.6ms action_age=40.4ms scan_age=39.8ms scan_rx_age=15.0ms odom_age=9.8ms odom_rx_age=8.9ms sensor_skew=30.0ms loop_to_send=5.9ms
[go2:sport] DRY cmd#1822 seq=1854 v=0.899 w=-0.496 dt=38.9ms policy_zmq_lag=0.6ms action_age=39.3ms scan_age=38.6ms scan_rx_age=16.0ms odom_age=8.8ms odom_rx_age=8.1ms sensor_skew=29.9ms loop_to_send=5.2ms
[go2:sport] DRY cmd#1823 seq=1855 v=0.900 w=-0.616 dt=40.2ms policy_zmq_lag=0.6ms action_age=39.3ms scan_age=38.7ms scan_rx_age=14.5ms odom_age=8.9ms odom_rx_age=8.1ms sensor_skew=29.7ms loop_to_send=5.4ms
[go2:sport] DRY cmd#1824 seq=1856 v=0.895 w=-0.500 dt=40.2ms policy_zmq_lag=0.6ms action_age=39.6ms scan_age=39.0ms scan_rx_age=15.6ms odom_age=9.2ms odom_rx_age=8.3ms sensor_skew=29.8ms loop_to_send=5.5ms
[go2:sport] DRY cmd#1825 seq=1857 v=0.894 w=-0.497 dt=39.7ms policy_zmq_lag=0.6ms action_age=40.0ms scan_age=39.4ms scan_rx_age=16.1ms odom_age=8.9ms odom_rx_age=8.2ms sensor_skew=30.5ms loop_to_send=5.3ms
[go2:sport] DRY cmd#1826 seq=1858 v=0.900 w=-0.617 dt=40.4ms policy_zmq_lag=0.7ms action_age=39.8ms scan_age=39.1ms scan_rx_age=16.7ms odom_age=9.1ms odom_rx_age=8.0ms sensor_skew=30.0ms loop_to_send=5.5ms
[go2:sport] DRY cmd#1827 seq=1859 v=0.894 w=-0.527 dt=39.7ms policy_zmq_lag=0.6ms action_age=39.4ms scan_age=38.8ms scan_rx_age=15.9ms odom_age=8.9ms odom_rx_age=8.2ms sensor_skew=29.9ms loop_to_send=5.4ms
[go2:sport] DRY cmd#1828 seq=1860 v=0.900 w=-0.647 dt=39.9ms policy_zmq_lag=0.7ms action_age=39.3ms scan_age=38.6ms scan_rx_age=16.1ms odom_age=8.9ms odom_rx_age=8.1ms sensor_skew=29.7ms loop_to_send=5.2ms
[go2:sport] DRY cmd#1829 seq=1861 v=0.894 w=-0.527 dt=40.2ms policy_zmq_lag=0.7ms action_age=39.6ms scan_age=38.9ms scan_rx_age=16.0ms odom_age=9.0ms odom_rx_age=8.3ms sensor_skew=29.9ms loop_to_send=5.4ms
[go2:sport] DRY cmd#1830 seq=1862 v=0.894 w=-0.498 dt=39.9ms policy_zmq_lag=0.7ms action_age=39.5ms scan_age=38.9ms scan_rx_age=15.9ms odom_age=9.0ms odom_rx_age=8.2ms sensor_skew=29.9ms loop_to_send=5.3ms
[go2:sport] DRY cmd#1831 seq=1863 v=0.900 w=-0.618 dt=39.9ms policy_zmq_lag=0.7ms action_age=39.3ms scan_age=38.7ms scan_rx_age=16.1ms odom_age=8.8ms odom_rx_age=8.0ms sensor_skew=29.8ms loop_to_send=5.3ms
[go2:sport] DRY cmd#1832 seq=1864 v=0.898 w=-0.498 dt=40.0ms policy_zmq_lag=0.6ms action_age=39.3ms scan_age=38.7ms scan_rx_age=15.6ms odom_age=8.8ms odom_rx_age=7.9ms sensor_skew=29.9ms loop_to_send=5.3ms
[go2:sport] DRY cmd#1833 seq=1865 v=0.900 w=-0.618 dt=40.0ms policy_zmq_lag=0.7ms action_age=39.4ms scan_age=38.7ms scan_rx_age=16.2ms odom_age=8.9ms odom_rx_age=8.1ms sensor_skew=29.9ms loop_to_send=5.2ms
[go2:sport] DRY cmd#1834 seq=1866 v=0.893 w=-0.549 dt=40.0ms policy_zmq_lag=0.6ms action_age=39.4ms scan_age=38.7ms scan_rx_age=15.9ms odom_age=8.8ms odom_rx_age=8.0ms sensor_skew=30.0ms loop_to_send=5.3ms
[go2:sport] DRY cmd#1835 seq=1867 v=0.894 w=-0.511 dt=39.9ms policy_zmq_lag=0.6ms action_age=39.4ms scan_age=38.8ms scan_rx_age=15.8ms odom_age=8.9ms odom_rx_age=8.1ms sensor_skew=29.9ms loop_to_send=5.2ms
[go2:sport] DRY cmd#1836 seq=1868 v=0.900 w=-0.631 dt=40.1ms policy_zmq_lag=0.6ms action_age=39.3ms scan_age=38.7ms scan_rx_age=16.2ms odom_age=8.9ms odom_rx_age=8.2ms sensor_skew=29.8ms loop_to_send=5.3ms
[go2:sport] DRY cmd#1837 seq=1869 v=0.895 w=-0.511 dt=40.0ms policy_zmq_lag=0.6ms action_age=39.4ms scan_age=38.8ms scan_rx_age=16.5ms odom_age=8.9ms odom_rx_age=8.1ms sensor_skew=29.9ms loop_to_send=5.3ms
[go2:sport] DRY cmd#1838 seq=1870 v=0.900 w=-0.391 dt=40.0ms policy_zmq_lag=0.6ms action_age=39.5ms scan_age=38.9ms scan_rx_age=15.9ms odom_age=9.0ms odom_rx_age=8.3ms sensor_skew=29.8ms loop_to_send=5.4ms
[go2:sport] DRY cmd#1839 seq=1871 v=0.895 w=-0.511 dt=40.0ms policy_zmq_lag=0.6ms action_age=39.4ms scan_age=38.8ms scan_rx_age=16.3ms odom_age=9.0ms odom_rx_age=8.3ms sensor_skew=29.8ms loop_to_send=5.3ms
[go2:sport] DRY cmd#1840 seq=1872 v=0.895 w=-0.473 dt=39.9ms policy_zmq_lag=0.6ms action_age=39.3ms scan_age=38.8ms scan_rx_age=16.1ms odom_age=8.9ms odom_rx_age=8.1ms sensor_skew=29.8ms loop_to_send=5.3ms
[go2:sport] DRY cmd#1841 seq=1873 v=0.900 w=-0.593 dt=40.0ms policy_zmq_lag=0.6ms action_age=39.3ms scan_age=38.7ms scan_rx_age=16.4ms odom_age=8.9ms odom_rx_age=8.1ms sensor_skew=29.8ms loop_to_send=5.3ms
[go2:sport] DRY cmd#1842 seq=1874 v=0.895 w=-0.497 dt=40.1ms policy_zmq_lag=0.6ms action_age=39.5ms scan_age=38.9ms scan_rx_age=15.5ms odom_age=9.0ms odom_rx_age=8.3ms sensor_skew=29.9ms loop_to_send=5.4ms
[go2:sport] DRY cmd#1843 seq=1875 v=0.899 w=-0.617 dt=39.8ms policy_zmq_lag=0.6ms action_age=39.2ms scan_age=38.7ms scan_rx_age=16.0ms odom_age=8.8ms odom_rx_age=8.0ms sensor_skew=29.9ms loop_to_send=5.3ms
[go2:sport] DRY cmd#1844 seq=1876 v=0.894 w=-0.527 dt=40.2ms policy_zmq_lag=0.6ms action_age=39.6ms scan_age=39.0ms scan_rx_age=16.0ms odom_age=9.1ms odom_rx_age=8.4ms sensor_skew=29.9ms loop_to_send=5.5ms
[go2:sport] DRY cmd#1845 seq=1877 v=0.895 w=-0.502 dt=39.9ms policy_zmq_lag=0.6ms action_age=39.6ms scan_age=39.0ms scan_rx_age=15.2ms odom_age=9.0ms odom_rx_age=8.1ms sensor_skew=30.0ms loop_to_send=5.4ms
[go2:sport] DRY cmd#1846 seq=1878 v=0.900 w=-0.622 dt=40.1ms policy_zmq_lag=0.6ms action_age=39.5ms scan_age=38.9ms scan_rx_age=15.0ms odom_age=9.1ms odom_rx_age=8.2ms sensor_skew=29.8ms loop_to_send=5.4ms
[go2:sport] DRY cmd#1847 seq=1879 v=0.894 w=-0.502 dt=40.0ms policy_zmq_lag=0.6ms action_age=39.6ms scan_age=39.0ms scan_rx_age=14.3ms odom_age=9.2ms odom_rx_age=8.3ms sensor_skew=29.8ms loop_to_send=5.5ms
[go2:sport] DRY cmd#1848 seq=1880 v=0.898 w=-0.579 dt=40.0ms policy_zmq_lag=0.7ms action_age=39.7ms scan_age=39.0ms scan_rx_age=15.8ms odom_age=9.2ms odom_rx_age=8.4ms sensor_skew=29.8ms loop_to_send=5.5ms
[go2:sport] DRY cmd#1849 seq=1881 v=0.898 w=-0.459 dt=39.7ms policy_zmq_lag=0.6ms action_age=39.4ms scan_age=38.8ms scan_rx_age=16.2ms odom_age=9.1ms odom_rx_age=8.3ms sensor_skew=29.7ms loop_to_send=5.3ms
[go2:sport] DRY cmd#1850 seq=1882 v=0.895 w=-0.475 dt=40.0ms policy_zmq_lag=0.6ms action_age=40.0ms scan_age=39.4ms scan_rx_age=16.0ms odom_age=9.0ms odom_rx_age=8.3ms sensor_skew=30.4ms loop_to_send=5.3ms
[go2:sport] DRY cmd#1851 seq=1883 v=0.900 w=-0.595 dt=39.9ms policy_zmq_lag=0.6ms action_age=39.3ms scan_age=38.7ms scan_rx_age=16.1ms odom_age=8.9ms odom_rx_age=8.1ms sensor_skew=29.8ms loop_to_send=5.2ms
[go2:sport] DRY cmd#1852 seq=1884 v=0.894 w=-0.484 dt=40.0ms policy_zmq_lag=0.6ms action_age=39.3ms scan_age=38.7ms scan_rx_age=15.8ms odom_age=8.9ms odom_rx_age=8.2ms sensor_skew=29.8ms loop_to_send=5.2ms
[go2:sport] DRY cmd#1853 seq=1885 v=0.894 w=-0.557 dt=40.5ms policy_zmq_lag=0.7ms action_age=39.8ms scan_age=39.1ms scan_rx_age=16.3ms odom_age=9.3ms odom_rx_age=8.4ms sensor_skew=29.8ms loop_to_send=5.5ms
[go2:sport] DRY cmd#1854 seq=1886 v=0.898 w=-0.581 dt=40.1ms policy_zmq_lag=0.7ms action_age=39.7ms scan_age=39.0ms scan_rx_age=14.5ms odom_age=8.5ms odom_rx_age=7.5ms sensor_skew=30.5ms loop_to_send=5.6ms
[go2:sport] DRY cmd#1855 seq=1887 v=0.895 w=-0.492 dt=39.8ms policy_zmq_lag=0.7ms action_age=39.7ms scan_age=39.0ms scan_rx_age=13.7ms odom_age=9.2ms odom_rx_age=8.4ms sensor_skew=29.8ms loop_to_send=5.4ms
[go2:sport] DRY cmd#1856 seq=1888 v=0.900 w=-0.612 dt=40.3ms policy_zmq_lag=0.5ms action_age=39.9ms scan_age=39.4ms scan_rx_age=16.4ms odom_age=8.3ms odom_rx_age=7.2ms sensor_skew=31.1ms loop_to_send=5.8ms
[go2:sport] DRY cmd#1857 seq=1889 v=0.894 w=-0.503 dt=39.6ms policy_zmq_lag=0.6ms action_age=39.6ms scan_age=39.1ms scan_rx_age=16.2ms odom_age=9.3ms odom_rx_age=8.5ms sensor_skew=29.7ms loop_to_send=5.6ms
[go2:sport] DRY cmd#1858 seq=1890 v=0.894 w=-0.550 dt=40.2ms policy_zmq_lag=0.8ms action_age=39.8ms scan_age=39.1ms scan_rx_age=14.4ms odom_age=9.3ms odom_rx_age=8.4ms sensor_skew=29.7ms loop_to_send=5.5ms
[go2:sport] DRY cmd#1859 seq=1891 v=0.900 w=-0.669 dt=39.9ms policy_zmq_lag=0.7ms action_age=39.6ms scan_age=38.8ms scan_rx_age=15.1ms odom_age=9.2ms odom_rx_age=8.4ms sensor_skew=29.6ms loop_to_send=5.4ms
[go2:sport] DRY cmd#1860 seq=1892 v=0.895 w=-0.549 dt=39.9ms policy_zmq_lag=0.7ms action_age=39.5ms scan_age=38.7ms scan_rx_age=13.8ms odom_age=9.2ms odom_rx_age=8.4ms sensor_skew=29.5ms loop_to_send=5.4ms
[go2:sport] DRY cmd#1861 seq=1893 v=0.900 w=-0.669 dt=39.7ms policy_zmq_lag=0.6ms action_age=39.3ms scan_age=38.7ms scan_rx_age=15.9ms odom_age=8.8ms odom_rx_age=7.9ms sensor_skew=29.8ms loop_to_send=5.3ms
[go2:sport] DRY cmd#1862 seq=1894 v=0.894 w=-0.549 dt=40.1ms policy_zmq_lag=0.6ms action_age=39.4ms scan_age=38.8ms scan_rx_age=16.4ms odom_age=9.1ms odom_rx_age=8.3ms sensor_skew=29.7ms loop_to_send=5.3ms
[go2:sport] DRY cmd#1863 seq=1895 v=0.895 w=-0.490 dt=39.9ms policy_zmq_lag=0.6ms action_age=39.3ms scan_age=38.7ms scan_rx_age=16.3ms odom_age=9.0ms odom_rx_age=8.3ms sensor_skew=29.6ms loop_to_send=5.2ms
[go2:sport] DRY cmd#1864 seq=1896 v=0.900 w=-0.610 dt=40.0ms policy_zmq_lag=0.7ms action_age=39.4ms scan_age=38.7ms scan_rx_age=16.3ms odom_age=8.7ms odom_rx_age=7.9ms sensor_skew=30.0ms loop_to_send=5.2ms
[go2:sport] DRY cmd#1865 seq=1897 v=0.895 w=-0.497 dt=40.3ms policy_zmq_lag=0.7ms action_age=39.7ms scan_age=38.9ms scan_rx_age=14.3ms odom_age=9.2ms odom_rx_age=8.4ms sensor_skew=29.7ms loop_to_send=5.3ms
[go2:sport] DRY cmd#1866 seq=1898 v=0.900 w=-0.617 dt=40.0ms policy_zmq_lag=0.5ms action_age=39.6ms scan_age=39.1ms scan_rx_age=16.7ms odom_age=9.0ms odom_rx_age=8.1ms sensor_skew=30.0ms loop_to_send=5.5ms
[go2:sport] DRY cmd#1867 seq=1899 v=0.895 w=-0.497 dt=39.9ms policy_zmq_lag=0.6ms action_age=39.4ms scan_age=38.8ms scan_rx_age=16.4ms odom_age=9.2ms odom_rx_age=8.4ms sensor_skew=29.6ms loop_to_send=5.4ms
[go2:sport] DRY cmd#1868 seq=1900 v=0.895 w=-0.511 dt=39.8ms policy_zmq_lag=0.6ms action_age=39.4ms scan_age=38.8ms scan_rx_age=16.1ms odom_age=9.0ms odom_rx_age=8.2ms sensor_skew=29.8ms loop_to_send=5.2ms
[go2:sport] DRY cmd#1869 seq=1901 v=0.900 w=-0.631 dt=40.4ms policy_zmq_lag=0.7ms action_age=39.6ms scan_age=39.0ms scan_rx_age=16.6ms odom_age=9.3ms odom_rx_age=8.5ms sensor_skew=29.7ms loop_to_send=5.5ms
[go2:sport] DRY cmd#1870 seq=1902 v=0.898 w=-0.583 dt=39.7ms policy_zmq_lag=0.6ms action_age=39.5ms scan_age=38.9ms scan_rx_age=15.6ms odom_age=9.0ms odom_rx_age=8.2ms sensor_skew=29.9ms loop_to_send=5.3ms
[go2:sport] DRY cmd#1871 seq=1903 v=0.900 w=-0.703 dt=39.9ms policy_zmq_lag=0.6ms action_age=39.4ms scan_age=38.7ms scan_rx_age=16.1ms odom_age=8.9ms odom_rx_age=8.2ms sensor_skew=29.8ms loop_to_send=5.2ms
[go2:sport] DRY cmd#1872 seq=1904 v=0.894 w=-0.583 dt=40.0ms policy_zmq_lag=0.6ms action_age=39.4ms scan_age=38.8ms scan_rx_age=16.1ms odom_age=9.0ms odom_rx_age=8.3ms sensor_skew=29.8ms loop_to_send=5.2ms
[go2:sport] DRY cmd#1873 seq=1905 v=0.894 w=-0.493 dt=40.6ms policy_zmq_lag=0.7ms action_age=39.9ms scan_age=39.2ms scan_rx_age=16.2ms odom_age=9.4ms odom_rx_age=8.5ms sensor_skew=29.8ms loop_to_send=5.6ms
[go2:sport] DRY cmd#1874 seq=1906 v=0.900 w=-0.613 dt=39.8ms policy_zmq_lag=0.7ms action_age=39.6ms scan_age=38.9ms scan_rx_age=14.3ms odom_age=9.4ms odom_rx_age=8.5ms sensor_skew=29.5ms loop_to_send=5.5ms
[go2:sport] DRY cmd#1875 seq=1907 v=0.899 w=-0.493 dt=40.0ms policy_zmq_lag=0.7ms action_age=40.4ms scan_age=39.7ms scan_rx_age=15.6ms odom_age=9.4ms odom_rx_age=8.5ms sensor_skew=30.3ms loop_to_send=5.5ms
[go2:sport] DRY cmd#1876 seq=1908 v=0.900 w=-0.613 dt=40.0ms policy_zmq_lag=0.7ms action_age=39.7ms scan_age=39.0ms scan_rx_age=16.0ms odom_age=9.1ms odom_rx_age=8.1ms sensor_skew=29.9ms loop_to_send=5.5ms
[go2:sport] DRY cmd#1877 seq=1909 v=0.895 w=-0.497 dt=40.0ms policy_zmq_lag=0.7ms action_age=39.7ms scan_age=39.0ms scan_rx_age=15.8ms odom_age=9.4ms odom_rx_age=8.6ms sensor_skew=29.6ms loop_to_send=5.5ms
[go2:sport] DRY cmd#1878 seq=1910 v=0.895 w=-0.490 dt=40.0ms policy_zmq_lag=0.7ms action_age=39.6ms scan_age=38.9ms scan_rx_age=15.8ms odom_age=9.4ms odom_rx_age=8.5ms sensor_skew=29.5ms loop_to_send=5.5ms
[go2:sport] DRY cmd#1879 seq=1911 v=0.900 w=-0.610 dt=39.7ms policy_zmq_lag=0.6ms action_age=39.2ms scan_age=38.6ms scan_rx_age=16.7ms odom_age=9.1ms odom_rx_age=8.4ms sensor_skew=29.5ms loop_to_send=5.3ms
[go2:sport] DRY cmd#1880 seq=1912 v=0.898 w=-0.584 dt=40.3ms policy_zmq_lag=0.7ms action_age=39.5ms scan_age=38.9ms scan_rx_age=16.1ms odom_age=9.4ms odom_rx_age=8.7ms sensor_skew=29.5ms loop_to_send=5.5ms
[go2:sport] DRY cmd#1881 seq=1913 v=0.900 w=-0.704 dt=40.1ms policy_zmq_lag=0.7ms action_age=39.7ms scan_age=39.1ms scan_rx_age=16.1ms odom_age=9.5ms odom_rx_age=8.6ms sensor_skew=29.6ms loop_to_send=5.6ms
[go2:sport] DRY cmd#1882 seq=1914 v=0.894 w=-0.584 dt=39.6ms policy_zmq_lag=0.6ms action_age=39.4ms scan_age=38.8ms scan_rx_age=16.1ms odom_age=9.2ms odom_rx_age=8.5ms sensor_skew=29.6ms loop_to_send=5.4ms
[go2:sport] DRY cmd#1883 seq=1915 v=0.894 w=-0.514 dt=40.0ms policy_zmq_lag=0.6ms action_age=39.5ms scan_age=38.8ms scan_rx_age=16.3ms odom_age=9.2ms odom_rx_age=8.4ms sensor_skew=29.6ms loop_to_send=5.4ms
[go2:sport] DRY cmd#1884 seq=1916 v=0.900 w=-0.634 dt=39.9ms policy_zmq_lag=0.6ms action_age=39.5ms scan_age=38.8ms scan_rx_age=16.2ms odom_age=8.9ms odom_rx_age=8.2ms sensor_skew=29.9ms loop_to_send=5.2ms
[go2:sport] DRY cmd#1885 seq=1917 v=0.899 w=-0.514 dt=40.2ms policy_zmq_lag=0.7ms action_age=39.5ms scan_age=38.8ms scan_rx_age=15.4ms odom_age=9.2ms odom_rx_age=8.4ms sensor_skew=29.6ms loop_to_send=5.4ms
[go2:sport] DRY cmd#1886 seq=1918 v=0.900 w=-0.635 dt=40.5ms policy_zmq_lag=0.7ms action_age=40.1ms scan_age=39.4ms scan_rx_age=16.7ms odom_age=9.8ms odom_rx_age=9.0ms sensor_skew=29.6ms loop_to_send=5.6ms
[go2:sport] DRY cmd#1887 seq=1919 v=0.894 w=-0.573 dt=39.7ms policy_zmq_lag=0.7ms action_age=39.7ms scan_age=38.9ms scan_rx_age=12.9ms odom_age=9.3ms odom_rx_age=8.4ms sensor_skew=29.6ms loop_to_send=5.5ms
[go2:sport] DRY cmd#1888 seq=1920 v=0.895 w=-0.486 dt=40.0ms policy_zmq_lag=0.7ms action_age=39.7ms scan_age=39.0ms scan_rx_age=14.5ms odom_age=9.1ms odom_rx_age=8.1ms sensor_skew=29.9ms loop_to_send=5.5ms
[go2:sport] DRY cmd#1889 seq=1921 v=0.900 w=-0.606 dt=39.8ms policy_zmq_lag=0.7ms action_age=39.6ms scan_age=38.9ms scan_rx_age=14.4ms odom_age=9.3ms odom_rx_age=8.4ms sensor_skew=29.6ms loop_to_send=5.3ms
[go2:sport] DRY cmd#1890 seq=1922 v=0.894 w=-0.496 dt=40.6ms policy_zmq_lag=0.6ms action_age=40.1ms scan_age=39.5ms scan_rx_age=16.4ms odom_age=6.7ms odom_rx_age=6.0ms sensor_skew=32.8ms loop_to_send=5.5ms
[go2:sport] DRY cmd#1891 seq=1923 v=0.899 w=-0.615 dt=39.3ms policy_zmq_lag=0.6ms action_age=39.4ms scan_age=38.8ms scan_rx_age=16.1ms odom_age=9.2ms odom_rx_age=8.5ms sensor_skew=29.6ms loop_to_send=5.3ms
[go2:sport] DRY cmd#1892 seq=1924 v=0.894 w=-0.567 dt=40.6ms policy_zmq_lag=0.7ms action_age=40.0ms scan_age=39.2ms scan_rx_age=16.6ms odom_age=9.6ms odom_rx_age=8.4ms sensor_skew=29.6ms loop_to_send=5.7ms
[go2:sport] DRY cmd#1893 seq=1925 v=0.894 w=-0.497 dt=39.5ms policy_zmq_lag=0.6ms action_age=39.5ms scan_age=39.0ms scan_rx_age=16.4ms odom_age=9.0ms odom_rx_age=8.2ms sensor_skew=29.9ms loop_to_send=5.5ms
[go2:sport] DRY cmd#1894 seq=1926 v=0.900 w=-0.617 dt=39.9ms policy_zmq_lag=0.6ms action_age=39.5ms scan_age=38.9ms scan_rx_age=16.4ms odom_age=9.1ms odom_rx_age=8.3ms sensor_skew=29.8ms loop_to_send=5.3ms
[go2:sport] DRY cmd#1895 seq=1927 v=0.895 w=-0.502 dt=40.0ms policy_zmq_lag=0.6ms action_age=39.4ms scan_age=38.8ms scan_rx_age=15.3ms odom_age=9.1ms odom_rx_age=8.4ms sensor_skew=29.6ms loop_to_send=5.4ms
[go2:sport] DRY cmd#1896 seq=1928 v=0.899 w=-0.622 dt=39.9ms policy_zmq_lag=0.6ms action_age=39.2ms scan_age=38.5ms scan_rx_age=15.9ms odom_age=7.7ms odom_rx_age=7.0ms sensor_skew=30.8ms loop_to_send=5.3ms
[go2:sport] DRY cmd#1897 seq=1929 v=0.894 w=-0.522 dt=40.9ms policy_zmq_lag=0.7ms action_age=40.2ms scan_age=39.5ms scan_rx_age=14.5ms odom_age=6.6ms odom_rx_age=5.8ms sensor_skew=32.9ms loop_to_send=5.3ms
[go2:sport] DRY cmd#1898 seq=1930 v=0.894 w=-0.483 dt=39.4ms policy_zmq_lag=0.7ms action_age=39.7ms scan_age=39.1ms scan_rx_age=13.7ms odom_age=9.3ms odom_rx_age=8.5ms sensor_skew=29.7ms loop_to_send=5.4ms
[go2:sport] DRY cmd#1899 seq=1931 v=0.900 w=-0.605 dt=40.5ms policy_zmq_lag=0.7ms action_age=40.1ms scan_age=39.4ms scan_rx_age=15.1ms odom_age=6.6ms odom_rx_age=5.8ms sensor_skew=32.8ms loop_to_send=5.3ms
[go2:sport] DRY cmd#1900 seq=1932 v=0.894 w=-0.489 dt=40.1ms policy_zmq_lag=0.6ms action_age=40.7ms scan_age=40.1ms scan_rx_age=15.9ms odom_age=7.1ms odom_rx_age=6.0ms sensor_skew=33.0ms loop_to_send=5.4ms
[go2:sport] DRY cmd#1901 seq=1933 v=0.895 w=-0.500 dt=39.9ms policy_zmq_lag=0.6ms action_age=40.0ms scan_age=39.4ms scan_rx_age=14.5ms odom_age=6.6ms odom_rx_age=5.8ms sensor_skew=32.8ms loop_to_send=5.3ms
[go2:sport] DRY cmd#1902 seq=1934 v=0.898 w=-0.381 dt=41.5ms policy_zmq_lag=0.7ms action_age=41.6ms scan_age=41.0ms scan_rx_age=16.4ms odom_age=11.3ms odom_rx_age=10.4ms sensor_skew=29.6ms loop_to_send=7.0ms
[go2:sport] DRY cmd#1903 seq=1935 v=0.895 w=-0.493 dt=39.5ms policy_zmq_lag=0.6ms action_age=41.1ms scan_age=40.5ms scan_rx_age=17.8ms odom_age=10.8ms odom_rx_age=9.9ms sensor_skew=29.7ms loop_to_send=7.0ms
[go2:sport] DRY cmd#1904 seq=1936 v=0.900 w=-0.613 dt=39.2ms policy_zmq_lag=0.6ms action_age=40.3ms scan_age=39.7ms scan_rx_age=16.7ms odom_age=10.0ms odom_rx_age=9.2ms sensor_skew=29.6ms loop_to_send=6.2ms
[go2:sport] DRY cmd#1905 seq=1937 v=0.894 w=-0.523 dt=41.0ms policy_zmq_lag=0.7ms action_age=41.2ms scan_age=40.5ms scan_rx_age=17.2ms odom_age=7.8ms odom_rx_age=6.9ms sensor_skew=32.7ms loop_to_send=6.3ms
[go2:sport] DRY cmd#1906 seq=1938 v=0.894 w=-0.561 dt=40.0ms policy_zmq_lag=0.7ms action_age=41.3ms scan_age=40.7ms scan_rx_age=17.6ms odom_age=7.8ms odom_rx_age=7.0ms sensor_skew=32.9ms loop_to_send=6.4ms
[go2:sport] DRY cmd#1907 seq=1939 v=0.898 w=-0.560 dt=40.5ms policy_zmq_lag=0.7ms action_age=41.6ms scan_age=40.9ms scan_rx_age=18.1ms odom_age=8.2ms odom_rx_age=7.4ms sensor_skew=32.7ms loop_to_send=6.8ms
[go2:sport] DRY cmd#1908 seq=1940 v=0.895 w=-0.513 dt=40.4ms policy_zmq_lag=0.7ms action_age=42.2ms scan_age=41.5ms scan_rx_age=18.0ms odom_age=8.6ms odom_rx_age=7.5ms sensor_skew=32.9ms loop_to_send=6.8ms
[go2:sport] DRY cmd#1909 seq=1941 v=0.900 w=-0.632 dt=38.4ms policy_zmq_lag=0.6ms action_age=40.3ms scan_age=39.6ms scan_rx_age=16.7ms odom_age=7.1ms odom_rx_age=6.3ms sensor_skew=32.5ms loop_to_send=5.7ms
[go2:sport] DRY cmd#1910 seq=1942 v=0.894 w=-0.512 dt=40.1ms policy_zmq_lag=0.7ms action_age=40.8ms scan_age=40.1ms scan_rx_age=16.8ms odom_age=7.2ms odom_rx_age=6.4ms sensor_skew=32.9ms loop_to_send=5.9ms
[go2:sport] DRY cmd#1911 seq=1943 v=0.894 w=-0.553 dt=40.2ms policy_zmq_lag=0.7ms action_age=40.9ms scan_age=40.3ms scan_rx_age=17.5ms odom_age=7.4ms odom_rx_age=6.5ms sensor_skew=32.9ms loop_to_send=6.0ms
[go2:sport] DRY cmd#1912 seq=1944 v=0.900 w=-0.671 dt=39.6ms policy_zmq_lag=0.6ms action_age=40.6ms scan_age=39.9ms scan_rx_age=16.2ms odom_age=10.4ms odom_rx_age=9.2ms sensor_skew=29.5ms loop_to_send=6.3ms
[go2:sport] DRY cmd#1913 seq=1945 v=0.898 w=-0.580 dt=39.2ms policy_zmq_lag=0.6ms action_age=39.8ms scan_age=39.2ms scan_rx_age=15.7ms odom_age=7.8ms odom_rx_age=6.8ms sensor_skew=31.4ms loop_to_send=5.6ms
[go2:sport] DRY cmd#1914 seq=1946 v=0.900 w=-0.702 dt=40.5ms policy_zmq_lag=0.6ms action_age=40.2ms scan_age=39.5ms scan_rx_age=17.3ms odom_age=7.9ms odom_rx_age=7.0ms sensor_skew=31.6ms loop_to_send=5.6ms
[go2:sport] DRY cmd#1915 seq=1947 v=0.895 w=-0.581 dt=40.1ms policy_zmq_lag=0.7ms action_age=40.2ms scan_age=39.6ms scan_rx_age=16.9ms odom_age=6.9ms odom_rx_age=6.1ms sensor_skew=32.7ms loop_to_send=5.5ms
[go2:sport] DRY cmd#1916 seq=1948 v=0.894 w=-0.506 dt=39.8ms policy_zmq_lag=0.7ms action_age=40.2ms scan_age=39.5ms scan_rx_age=16.5ms odom_age=6.7ms odom_rx_age=5.9ms sensor_skew=32.8ms loop_to_send=5.4ms
[go2:sport] DRY cmd#1917 seq=1949 v=0.900 w=-0.625 dt=39.9ms policy_zmq_lag=0.6ms action_age=39.9ms scan_age=39.3ms scan_rx_age=17.1ms odom_age=6.7ms odom_rx_age=5.9ms sensor_skew=32.7ms loop_to_send=5.5ms
[go2:sport] DRY cmd#1918 seq=1950 v=0.895 w=-0.507 dt=39.4ms policy_zmq_lag=0.6ms action_age=39.4ms scan_age=38.8ms scan_rx_age=15.7ms odom_age=9.3ms odom_rx_age=8.4ms sensor_skew=29.5ms loop_to_send=5.5ms
[go2:sport] DRY cmd#1919 seq=1951 v=0.900 w=-0.628 dt=40.2ms policy_zmq_lag=0.6ms action_age=39.8ms scan_age=39.2ms scan_rx_age=16.6ms odom_age=6.4ms odom_rx_age=5.8ms sensor_skew=32.7ms loop_to_send=5.3ms
[go2:sport] DRY cmd#1920 seq=1952 v=0.895 w=-0.507 dt=41.5ms policy_zmq_lag=0.7ms action_age=41.2ms scan_age=40.4ms scan_rx_age=17.3ms odom_age=7.7ms odom_rx_age=6.8ms sensor_skew=32.7ms loop_to_send=6.2ms
[go2:sport] DRY cmd#1921 seq=1953 v=0.894 w=-0.508 dt=40.3ms policy_zmq_lag=0.8ms action_age=41.5ms scan_age=40.7ms scan_rx_age=15.2ms odom_age=7.9ms odom_rx_age=7.1ms sensor_skew=32.8ms loop_to_send=6.5ms
[go2:sport] DRY cmd#1922 seq=1954 v=0.900 w=-0.628 dt=39.2ms policy_zmq_lag=0.8ms action_age=40.5ms scan_age=39.8ms scan_rx_age=15.2ms odom_age=7.1ms odom_rx_age=6.2ms sensor_skew=32.6ms loop_to_send=5.6ms
[go2:sport] DRY cmd#1923 seq=1955 v=0.898 w=-0.605 dt=39.6ms policy_zmq_lag=0.6ms action_age=40.3ms scan_age=39.8ms scan_rx_age=15.2ms odom_age=6.9ms odom_rx_age=6.1ms sensor_skew=32.9ms loop_to_send=5.6ms
[go2:sport] DRY cmd#1924 seq=1956 v=0.900 w=-0.724 dt=40.0ms policy_zmq_lag=0.6ms action_age=40.2ms scan_age=39.6ms scan_rx_age=17.3ms odom_age=6.9ms odom_rx_age=6.1ms sensor_skew=32.6ms loop_to_send=5.5ms
[go2:sport] DRY cmd#1925 seq=1957 v=0.894 w=-0.604 dt=41.2ms policy_zmq_lag=1.6ms action_age=42.1ms scan_age=40.5ms scan_rx_age=16.9ms odom_age=7.2ms odom_rx_age=6.3ms sensor_skew=33.3ms loop_to_send=5.8ms
[go2:sport] DRY cmd#1926 seq=1958 v=0.895 w=-0.494 dt=38.8ms policy_zmq_lag=0.6ms action_age=40.2ms scan_age=39.6ms scan_rx_age=16.1ms odom_age=9.7ms odom_rx_age=8.5ms sensor_skew=29.9ms loop_to_send=6.0ms
[go2:sport] DRY cmd#1927 seq=1959 v=0.900 w=-0.614 dt=40.0ms policy_zmq_lag=0.6ms action_age=40.2ms scan_age=39.6ms scan_rx_age=16.6ms odom_age=10.0ms odom_rx_age=8.8ms sensor_skew=29.6ms loop_to_send=6.0ms
[go2:sport] DRY cmd#1928 seq=1960 v=0.899 w=-0.495 dt=43.9ms policy_zmq_lag=0.9ms action_age=44.0ms scan_age=43.1ms scan_rx_age=19.6ms odom_age=13.0ms odom_rx_age=11.7ms sensor_skew=30.2ms loop_to_send=9.8ms
[go2:sport] DRY cmd#1929 seq=1961 v=0.900 w=-0.617 dt=36.6ms policy_zmq_lag=0.6ms action_age=40.6ms scan_age=40.0ms scan_rx_age=17.1ms odom_age=7.4ms odom_rx_age=6.4ms sensor_skew=32.6ms loop_to_send=5.9ms
[go2:sport] DRY cmd#1930 seq=1962 v=0.894 w=-0.501 dt=39.5ms policy_zmq_lag=0.6ms action_age=39.4ms scan_age=38.8ms scan_rx_age=15.8ms odom_age=10.0ms odom_rx_age=8.8ms sensor_skew=28.8ms loop_to_send=5.9ms
[go2:sport] DRY cmd#1931 seq=1963 v=0.894 w=-0.500 dt=40.9ms policy_zmq_lag=0.6ms action_age=41.0ms scan_age=40.4ms scan_rx_age=16.5ms odom_age=7.7ms odom_rx_age=6.7ms sensor_skew=32.7ms loop_to_send=6.1ms
[go2:sport] DRY cmd#1932 seq=1964 v=0.900 w=-0.618 dt=39.3ms policy_zmq_lag=0.6ms action_age=40.3ms scan_age=39.6ms scan_rx_age=16.5ms odom_age=10.1ms odom_rx_age=8.9ms sensor_skew=29.5ms loop_to_send=6.1ms
[go2:sport] DRY cmd#1933 seq=1965 v=0.895 w=-0.498 dt=40.4ms policy_zmq_lag=0.7ms action_age=40.8ms scan_age=40.2ms scan_rx_age=16.5ms odom_age=7.4ms odom_rx_age=6.4ms sensor_skew=32.8ms loop_to_send=5.8ms
[go2:sport] DRY cmd#1934 seq=1966 v=0.900 w=-0.617 dt=39.5ms policy_zmq_lag=0.6ms action_age=40.3ms scan_age=39.7ms scan_rx_age=17.0ms odom_age=7.0ms odom_rx_age=6.2ms sensor_skew=32.7ms loop_to_send=5.7ms
[go2:sport] DRY cmd#1935 seq=1967 v=0.895 w=-0.506 dt=40.0ms policy_zmq_lag=0.7ms action_age=40.2ms scan_age=39.5ms scan_rx_age=16.8ms odom_age=6.9ms odom_rx_age=6.0ms sensor_skew=32.6ms loop_to_send=5.5ms
[go2:sport] DRY cmd#1936 seq=1968 v=0.895 w=-0.484 dt=39.8ms policy_zmq_lag=0.6ms action_age=40.1ms scan_age=39.4ms scan_rx_age=16.8ms odom_age=6.8ms odom_rx_age=6.1ms sensor_skew=32.6ms loop_to_send=5.6ms
[go2:sport] DRY cmd#1937 seq=1969 v=0.900 w=-0.604 dt=40.1ms policy_zmq_lag=0.6ms action_age=40.0ms scan_age=39.4ms scan_rx_age=17.1ms odom_age=7.0ms odom_rx_age=6.2ms sensor_skew=32.5ms loop_to_send=5.7ms
[go2:sport] DRY cmd#1938 seq=1970 v=0.895 w=-0.506 dt=40.3ms policy_zmq_lag=0.7ms action_age=40.5ms scan_age=39.9ms scan_rx_age=16.5ms odom_age=7.1ms odom_rx_age=6.3ms sensor_skew=32.7ms loop_to_send=5.7ms
[go2:sport] DRY cmd#1939 seq=1971 v=0.900 w=-0.627 dt=40.3ms policy_zmq_lag=0.8ms action_age=40.7ms scan_age=39.9ms scan_rx_age=17.4ms odom_age=7.2ms odom_rx_age=6.3ms sensor_skew=32.6ms loop_to_send=5.7ms
[go2:sport] DRY cmd#1940 seq=1972 v=0.893 w=-0.542 dt=39.8ms policy_zmq_lag=0.7ms action_age=40.7ms scan_age=40.0ms scan_rx_age=15.0ms odom_age=7.4ms odom_rx_age=6.5ms sensor_skew=32.7ms loop_to_send=5.9ms
[go2:sport] DRY cmd#1941 seq=1973 v=0.895 w=-0.496 dt=40.3ms policy_zmq_lag=0.6ms action_age=41.2ms scan_age=40.5ms scan_rx_age=16.8ms odom_age=7.7ms odom_rx_age=6.7ms sensor_skew=32.8ms loop_to_send=6.1ms
[go2:sport] DRY cmd#1942 seq=1974 v=0.900 w=-0.614 dt=39.3ms policy_zmq_lag=0.7ms action_age=40.2ms scan_age=39.5ms scan_rx_age=15.7ms odom_age=10.1ms odom_rx_age=9.1ms sensor_skew=29.4ms loop_to_send=5.9ms
[go2:sport] DRY cmd#1943 seq=1975 v=0.895 w=-0.498 dt=40.6ms policy_zmq_lag=0.7ms action_age=39.5ms scan_age=38.9ms scan_rx_age=14.4ms odom_age=7.5ms odom_rx_age=6.7ms sensor_skew=31.4ms loop_to_send=6.2ms
[go2:sport] DRY cmd#1944 seq=1976 v=0.898 w=-0.607 dt=39.7ms policy_zmq_lag=0.7ms action_age=40.6ms scan_age=39.9ms scan_rx_age=16.9ms odom_age=7.3ms odom_rx_age=6.6ms sensor_skew=32.6ms loop_to_send=6.1ms
[go2:sport] DRY cmd#1945 seq=1977 v=0.894 w=-0.548 dt=39.5ms policy_zmq_lag=0.6ms action_age=40.1ms scan_age=39.5ms scan_rx_age=16.8ms odom_age=6.8ms odom_rx_age=6.1ms sensor_skew=32.6ms loop_to_send=5.6ms
[go2:sport] DRY cmd#1946 seq=1978 v=0.895 w=-0.504 dt=41.0ms policy_zmq_lag=0.7ms action_age=41.8ms scan_age=41.1ms scan_rx_age=15.7ms odom_age=7.7ms odom_rx_age=6.8ms sensor_skew=33.4ms loop_to_send=6.2ms
[go2:sport] DRY cmd#1947 seq=1979 v=0.900 w=-0.624 dt=39.3ms policy_zmq_lag=0.6ms action_age=40.4ms scan_age=39.8ms scan_rx_age=16.4ms odom_age=7.0ms odom_rx_age=6.2ms sensor_skew=32.7ms loop_to_send=5.7ms
[go2:sport] DRY cmd#1948 seq=1980 v=0.894 w=-0.506 dt=40.0ms policy_zmq_lag=0.7ms action_age=40.3ms scan_age=39.6ms scan_rx_age=17.2ms odom_age=7.1ms odom_rx_age=6.3ms sensor_skew=32.6ms loop_to_send=5.8ms
[go2:sport] DRY cmd#1949 seq=1981 v=0.894 w=-0.626 dt=40.2ms policy_zmq_lag=0.8ms action_age=40.6ms scan_age=39.8ms scan_rx_age=16.8ms odom_age=7.2ms odom_rx_age=6.4ms sensor_skew=32.6ms loop_to_send=5.9ms
[go2:sport] DRY cmd#1950 seq=1982 v=0.895 w=-0.507 dt=39.7ms policy_zmq_lag=0.8ms action_age=40.8ms scan_age=40.1ms scan_rx_age=13.8ms odom_age=10.2ms odom_rx_age=9.1ms sensor_skew=29.9ms loop_to_send=6.0ms
[go2:sport] DRY cmd#1951 seq=1983 v=0.894 w=-0.489 dt=39.8ms policy_zmq_lag=0.7ms action_age=40.6ms scan_age=40.0ms scan_rx_age=16.0ms odom_age=10.1ms odom_rx_age=9.1ms sensor_skew=29.9ms loop_to_send=5.9ms
[go2:sport] DRY cmd#1952 seq=1984 v=0.900 w=-0.610 dt=40.3ms policy_zmq_lag=0.7ms action_age=40.4ms scan_age=39.8ms scan_rx_age=16.4ms odom_age=10.1ms odom_rx_age=9.0ms sensor_skew=29.6ms loop_to_send=6.0ms
[go2:sport] DRY cmd#1953 seq=1985 v=0.894 w=-0.488 dt=40.9ms policy_zmq_lag=0.7ms action_age=41.3ms scan_age=40.6ms scan_rx_age=17.2ms odom_age=7.9ms odom_rx_age=7.0ms sensor_skew=32.8ms loop_to_send=6.4ms
[go2:sport] DRY cmd#1954 seq=1986 v=0.894 w=-0.529 dt=39.8ms policy_zmq_lag=0.7ms action_age=41.0ms scan_age=40.4ms scan_rx_age=17.6ms odom_age=7.9ms odom_rx_age=7.0ms sensor_skew=32.5ms loop_to_send=6.4ms
[go2:sport] DRY cmd#1955 seq=1987 v=0.900 w=-0.409 dt=39.6ms policy_zmq_lag=0.7ms action_age=40.7ms scan_age=40.0ms scan_rx_age=16.7ms odom_age=7.4ms odom_rx_age=6.4ms sensor_skew=32.6ms loop_to_send=5.8ms
[go2:sport] DRY cmd#1956 seq=1988 v=0.895 w=-0.498 dt=39.9ms policy_zmq_lag=0.6ms action_age=40.5ms scan_age=39.9ms scan_rx_age=16.8ms odom_age=7.3ms odom_rx_age=6.3ms sensor_skew=32.6ms loop_to_send=5.7ms
[go2:sport] DRY cmd#1957 seq=1989 v=0.900 w=-0.619 dt=40.2ms policy_zmq_lag=0.6ms action_age=40.8ms scan_age=40.2ms scan_rx_age=17.2ms odom_age=7.4ms odom_rx_age=6.3ms sensor_skew=32.7ms loop_to_send=5.7ms
[go2:sport] DRY cmd#1958 seq=1990 v=0.894 w=-0.502 dt=39.5ms policy_zmq_lag=0.6ms action_age=40.3ms scan_age=39.6ms scan_rx_age=16.4ms odom_age=10.0ms odom_rx_age=8.6ms sensor_skew=29.7ms loop_to_send=6.1ms
[go2:sport] DRY cmd#1959 seq=1991 v=0.895 w=-0.492 dt=41.2ms policy_zmq_lag=0.7ms action_age=40.5ms scan_age=39.8ms scan_rx_age=12.4ms odom_age=8.2ms odom_rx_age=7.2ms sensor_skew=31.6ms loop_to_send=6.6ms
[go2:sport] DRY cmd#1960 seq=1992 v=0.900 w=-0.373 dt=39.8ms policy_zmq_lag=0.7ms action_age=41.4ms scan_age=40.7ms scan_rx_age=17.2ms odom_age=8.0ms odom_rx_age=7.0ms sensor_skew=32.7ms loop_to_send=6.4ms
[go2:sport] DRY cmd#1961 seq=1993 v=0.895 w=-0.492 dt=39.3ms policy_zmq_lag=0.6ms action_age=40.5ms scan_age=39.9ms scan_rx_age=16.6ms odom_age=7.2ms odom_rx_age=6.3ms sensor_skew=32.6ms loop_to_send=5.8ms
[go2:sport] DRY cmd#1962 seq=1994 v=0.900 w=-0.612 dt=39.7ms policy_zmq_lag=0.6ms action_age=40.2ms scan_age=39.7ms scan_rx_age=16.6ms odom_age=7.0ms odom_rx_age=6.2ms sensor_skew=32.6ms loop_to_send=5.7ms
[go2:sport] DRY cmd#1963 seq=1995 v=0.894 w=-0.504 dt=41.8ms policy_zmq_lag=0.7ms action_age=42.1ms scan_age=41.4ms scan_rx_age=14.9ms odom_age=8.9ms odom_rx_age=7.7ms sensor_skew=32.5ms loop_to_send=7.1ms
[go2:sport] DRY cmd#1964 seq=1996 v=0.894 w=-0.542 dt=39.9ms policy_zmq_lag=0.8ms action_age=41.9ms scan_age=41.1ms scan_rx_age=16.7ms odom_age=11.6ms odom_rx_age=9.9ms sensor_skew=29.6ms loop_to_send=7.6ms
[go2:sport] DRY cmd#1965 seq=1997 v=0.900 w=-0.662 dt=40.0ms policy_zmq_lag=0.8ms action_age=42.0ms scan_age=41.2ms scan_rx_age=17.7ms odom_age=12.0ms odom_rx_age=10.5ms sensor_skew=29.2ms loop_to_send=7.4ms
[go2:sport] DRY cmd#1966 seq=1998 v=0.898 w=-0.567 dt=51.1ms policy_zmq_lag=0.9ms action_age=53.3ms scan_age=52.3ms scan_rx_age=23.2ms odom_age=22.9ms odom_rx_age=18.5ms sensor_skew=29.5ms loop_to_send=14.7ms
[go2:sport] DRY cmd#1967 seq=1999 v=0.900 w=-0.675 dt=29.2ms policy_zmq_lag=0.9ms action_age=41.5ms scan_age=40.6ms scan_rx_age=17.3ms odom_age=11.2ms odom_rx_age=9.2ms sensor_skew=29.4ms loop_to_send=7.7ms
[go2:sport] DRY cmd#1968 seq=2000 v=0.894 w=-0.554 dt=40.5ms policy_zmq_lag=1.0ms action_age=42.7ms scan_age=41.7ms scan_rx_age=16.6ms odom_age=12.1ms odom_rx_age=9.2ms sensor_skew=29.6ms loop_to_send=7.6ms
[go2:sport] DRY cmd#1969 seq=2001 v=0.894 w=-0.516 dt=39.1ms policy_zmq_lag=0.8ms action_age=41.8ms scan_age=41.0ms scan_rx_age=17.0ms odom_age=11.8ms odom_rx_age=10.5ms sensor_skew=29.2ms loop_to_send=7.4ms
[go2:sport] DRY cmd#1970 seq=2002 v=0.900 w=-0.637 dt=40.6ms policy_zmq_lag=0.9ms action_age=42.5ms scan_age=41.6ms scan_rx_age=17.7ms odom_age=12.1ms odom_rx_age=10.6ms sensor_skew=29.6ms loop_to_send=7.6ms
[go2:sport] DRY cmd#1971 seq=2003 v=0.899 w=-0.514 dt=40.7ms policy_zmq_lag=0.8ms action_age=43.2ms scan_age=42.3ms scan_rx_age=18.6ms odom_age=9.8ms odom_rx_age=8.4ms sensor_skew=32.5ms loop_to_send=7.5ms
[go2:sport] DRY cmd#1972 seq=2004 v=0.900 w=-0.634 dt=42.3ms policy_zmq_lag=0.8ms action_age=45.5ms scan_age=44.7ms scan_rx_age=20.9ms odom_age=14.3ms odom_rx_age=11.0ms sensor_skew=30.4ms loop_to_send=9.8ms
[go2:sport] DRY cmd#1973 seq=2005 v=0.894 w=-0.517 dt=37.1ms policy_zmq_lag=0.7ms action_age=42.5ms scan_age=41.8ms scan_rx_age=15.9ms odom_age=11.1ms odom_rx_age=9.3ms sensor_skew=30.7ms loop_to_send=7.9ms
[go2:sport] DRY cmd#1974 seq=2006 v=0.895 w=-0.510 dt=38.1ms policy_zmq_lag=0.7ms action_age=40.7ms scan_age=40.1ms scan_rx_age=16.9ms odom_age=10.4ms odom_rx_age=9.0ms sensor_skew=29.7ms loop_to_send=6.4ms
[go2:sport] DRY cmd#1975 seq=2007 v=0.900 w=-0.633 dt=40.6ms policy_zmq_lag=0.7ms action_age=41.9ms scan_age=41.2ms scan_rx_age=17.3ms odom_age=10.2ms odom_rx_age=6.9ms sensor_skew=31.0ms loop_to_send=6.1ms
[go2:sport] DRY cmd#1976 seq=2008 v=0.899 w=-0.571 dt=39.5ms policy_zmq_lag=0.6ms action_age=40.7ms scan_age=40.1ms scan_rx_age=16.7ms odom_age=7.6ms odom_rx_age=6.6ms sensor_skew=32.5ms loop_to_send=6.0ms
[go2:sport] DRY cmd#1977 seq=2009 v=0.900 w=-0.690 dt=39.7ms policy_zmq_lag=0.6ms action_age=40.5ms scan_age=39.9ms scan_rx_age=16.9ms odom_age=7.2ms odom_rx_age=6.3ms sensor_skew=32.7ms loop_to_send=5.8ms
[go2:sport] DRY cmd#1978 seq=2010 v=0.894 w=-0.570 dt=40.2ms policy_zmq_lag=0.6ms action_age=40.7ms scan_age=40.0ms scan_rx_age=17.0ms odom_age=7.3ms odom_rx_age=6.4ms sensor_skew=32.7ms loop_to_send=5.9ms
[go2:sport] DRY cmd#1979 seq=2011 v=0.895 w=-0.489 dt=40.0ms policy_zmq_lag=0.6ms action_age=40.5ms scan_age=39.9ms scan_rx_age=17.0ms odom_age=7.4ms odom_rx_age=6.4ms sensor_skew=32.5ms loop_to_send=5.9ms
[go2:sport] DRY cmd#1980 seq=2012 v=0.900 w=-0.608 dt=39.5ms policy_zmq_lag=0.7ms action_age=40.1ms scan_age=39.4ms scan_rx_age=16.6ms odom_age=6.9ms odom_rx_age=6.1ms sensor_skew=32.5ms loop_to_send=5.6ms
[go2:sport] DRY cmd#1981 seq=2013 v=0.899 w=-0.488 dt=40.7ms policy_zmq_lag=0.7ms action_age=40.9ms scan_age=40.2ms scan_rx_age=15.4ms odom_age=7.7ms odom_rx_age=6.7ms sensor_skew=32.6ms loop_to_send=6.1ms
[go2:sport] DRY cmd#1982 seq=2014 v=0.900 w=-0.607 dt=39.7ms policy_zmq_lag=0.7ms action_age=40.5ms scan_age=39.9ms scan_rx_age=16.6ms odom_age=7.4ms odom_rx_age=6.5ms sensor_skew=32.4ms loop_to_send=6.0ms
[go2:sport] DRY cmd#1983 seq=2015 v=0.894 w=-0.502 dt=40.3ms policy_zmq_lag=0.7ms action_age=40.9ms scan_age=40.1ms scan_rx_age=16.7ms odom_age=7.5ms odom_rx_age=6.6ms sensor_skew=32.6ms loop_to_send=6.1ms
[go2:sport] DRY cmd#1984 seq=2016 v=0.894 w=-0.495 dt=39.5ms policy_zmq_lag=0.6ms action_age=40.3ms scan_age=39.7ms scan_rx_age=14.7ms odom_age=7.1ms odom_rx_age=6.2ms sensor_skew=32.6ms loop_to_send=5.7ms
[go2:sport] DRY cmd#1985 seq=2017 v=0.900 w=-0.615 dt=39.8ms policy_zmq_lag=0.6ms action_age=40.0ms scan_age=39.4ms scan_rx_age=16.1ms odom_age=6.9ms odom_rx_age=6.1ms sensor_skew=32.5ms loop_to_send=5.6ms
[go2:sport] DRY cmd#1986 seq=2018 v=0.895 w=-0.494 dt=40.2ms policy_zmq_lag=0.6ms action_age=40.3ms scan_age=39.6ms scan_rx_age=16.3ms odom_age=7.1ms odom_rx_age=6.2ms sensor_skew=32.5ms loop_to_send=5.7ms
[go2:sport] DRY cmd#1987 seq=2019 v=0.900 w=-0.614 dt=40.3ms policy_zmq_lag=0.7ms action_age=40.5ms scan_age=39.8ms scan_rx_age=16.8ms odom_age=7.4ms odom_rx_age=6.5ms sensor_skew=32.3ms loop_to_send=6.0ms
[go2:sport] DRY cmd#1988 seq=2020 v=0.894 w=-0.540 dt=40.1ms policy_zmq_lag=0.7ms action_age=40.6ms scan_age=39.9ms scan_rx_age=17.0ms odom_age=7.5ms odom_rx_age=6.6ms sensor_skew=32.4ms loop_to_send=6.0ms
[go2:sport] DRY cmd#1989 seq=2021 v=0.894 w=-0.501 dt=40.5ms policy_zmq_lag=0.7ms action_age=41.1ms scan_age=40.4ms scan_rx_age=17.2ms odom_age=8.0ms odom_rx_age=7.1ms sensor_skew=32.5ms loop_to_send=6.6ms
[go2:sport] DRY cmd#1990 seq=2022 v=0.900 w=-0.621 dt=39.0ms policy_zmq_lag=0.6ms action_age=40.2ms scan_age=39.5ms scan_rx_age=16.9ms odom_age=7.0ms odom_rx_age=6.2ms sensor_skew=32.5ms loop_to_send=5.7ms
[go2:sport] DRY cmd#1991 seq=2023 v=0.895 w=-0.506 dt=40.0ms policy_zmq_lag=0.7ms action_age=40.2ms scan_age=39.6ms scan_rx_age=16.6ms odom_age=7.0ms odom_rx_age=6.2ms sensor_skew=32.6ms loop_to_send=5.7ms
[go2:sport] DRY cmd#1992 seq=2024 v=0.900 w=-0.626 dt=39.9ms policy_zmq_lag=0.6ms action_age=40.1ms scan_age=39.4ms scan_rx_age=16.7ms odom_age=6.9ms odom_rx_age=6.1ms sensor_skew=32.5ms loop_to_send=5.6ms
[go2:sport] DRY cmd#1993 seq=2025 v=0.895 w=-0.510 dt=40.6ms policy_zmq_lag=0.7ms action_age=40.6ms scan_age=40.0ms scan_rx_age=17.2ms odom_age=10.8ms odom_rx_age=10.0ms sensor_skew=29.2ms loop_to_send=6.3ms
[go2:sport] DRY cmd#1994 seq=2026 v=0.894 w=-0.486 dt=40.2ms policy_zmq_lag=0.7ms action_age=41.0ms scan_age=40.3ms scan_rx_age=17.2ms odom_age=7.8ms odom_rx_age=6.9ms sensor_skew=32.5ms loop_to_send=6.3ms
[go2:sport] DRY cmd#1995 seq=2027 v=0.900 w=-0.607 dt=39.7ms policy_zmq_lag=0.7ms action_age=40.6ms scan_age=39.9ms scan_rx_age=17.2ms odom_age=7.5ms odom_rx_age=6.5ms sensor_skew=32.4ms loop_to_send=5.9ms
[go2:sport] DRY cmd#1996 seq=2028 v=0.894 w=-0.502 dt=39.9ms policy_zmq_lag=0.7ms action_age=40.5ms scan_age=39.8ms scan_rx_age=16.7ms odom_age=7.4ms odom_rx_age=6.5ms sensor_skew=32.4ms loop_to_send=5.9ms
[go2:sport] DRY cmd#1997 seq=2029 v=0.894 w=-0.505 dt=39.9ms policy_zmq_lag=0.7ms action_age=40.3ms scan_age=39.6ms scan_rx_age=16.3ms odom_age=7.4ms odom_rx_age=6.5ms sensor_skew=32.2ms loop_to_send=6.0ms
[go2:sport] DRY cmd#1998 seq=2030 v=0.893 w=-0.550 dt=40.2ms policy_zmq_lag=0.7ms action_age=40.8ms scan_age=40.1ms scan_rx_age=17.0ms odom_age=7.6ms odom_rx_age=6.7ms sensor_skew=32.5ms loop_to_send=6.1ms
[go2:sport] DRY cmd#1999 seq=2031 v=0.895 w=-0.498 dt=40.1ms policy_zmq_lag=0.8ms action_age=41.1ms scan_age=40.3ms scan_rx_age=15.7ms odom_age=7.6ms odom_rx_age=6.7ms sensor_skew=32.7ms loop_to_send=6.1ms
[go2:sport] DRY cmd#2000 seq=2032 v=0.900 w=-0.617 dt=39.7ms policy_zmq_lag=0.8ms action_age=40.3ms scan_age=39.5ms scan_rx_age=14.2ms odom_age=10.4ms odom_rx_age=9.2ms sensor_skew=29.1ms loop_to_send=6.2ms
[go2:sport] DRY cmd#2001 seq=2033 v=0.894 w=-0.500 dt=40.0ms policy_zmq_lag=0.7ms action_age=40.4ms scan_age=39.7ms scan_rx_age=15.3ms odom_age=7.4ms odom_rx_age=6.6ms sensor_skew=32.3ms loop_to_send=6.0ms
[go2:sport] DRY cmd#2002 seq=2034 v=0.894 w=-0.556 dt=40.0ms policy_zmq_lag=0.7ms action_age=40.4ms scan_age=39.7ms scan_rx_age=16.8ms odom_age=7.4ms odom_rx_age=6.5ms sensor_skew=32.3ms loop_to_send=6.0ms
[go2:sport] DRY cmd#2003 seq=2035 v=0.898 w=-0.588 dt=39.7ms policy_zmq_lag=0.6ms action_age=40.2ms scan_age=39.5ms scan_rx_age=16.6ms odom_age=7.0ms odom_rx_age=6.1ms sensor_skew=32.5ms loop_to_send=5.6ms
[go2:sport] DRY cmd#2004 seq=2036 v=0.895 w=-0.485 dt=40.5ms policy_zmq_lag=0.6ms action_age=41.3ms scan_age=40.7ms scan_rx_age=16.9ms odom_age=7.7ms odom_rx_age=6.7ms sensor_skew=33.0ms loop_to_send=6.1ms
[go2:sport] DRY cmd#2005 seq=2037 v=0.900 w=-0.605 dt=39.8ms policy_zmq_lag=0.6ms action_age=40.4ms scan_age=39.8ms scan_rx_age=16.8ms odom_age=7.4ms odom_rx_age=6.5ms sensor_skew=32.3ms loop_to_send=5.9ms
[go2:sport] DRY cmd#2006 seq=2038 v=0.894 w=-0.492 dt=40.1ms policy_zmq_lag=0.6ms action_age=40.7ms scan_age=40.1ms scan_rx_age=16.6ms odom_age=7.5ms odom_rx_age=6.6ms sensor_skew=32.5ms loop_to_send=6.0ms
[go2:sport] DRY cmd#2007 seq=2039 v=0.894 w=-0.562 dt=41.1ms policy_zmq_lag=0.8ms action_age=41.8ms scan_age=40.9ms scan_rx_age=17.6ms odom_age=8.4ms odom_rx_age=7.4ms sensor_skew=32.6ms loop_to_send=6.9ms
[go2:sport] DRY cmd#2008 seq=2040 v=0.900 w=-0.682 dt=39.5ms policy_zmq_lag=0.7ms action_age=41.3ms scan_age=40.6ms scan_rx_age=17.7ms odom_age=8.0ms odom_rx_age=7.1ms sensor_skew=32.7ms loop_to_send=6.5ms
[go2:sport] DRY cmd#2009 seq=2041 v=0.895 w=-0.562 dt=40.3ms policy_zmq_lag=0.7ms action_age=41.5ms scan_age=40.9ms scan_rx_age=17.7ms odom_age=8.3ms odom_rx_age=7.3ms sensor_skew=32.5ms loop_to_send=6.8ms
[go2:sport] DRY cmd#2010 seq=2042 v=0.900 w=-0.682 dt=39.7ms policy_zmq_lag=0.7ms action_age=41.1ms scan_age=40.4ms scan_rx_age=17.9ms odom_age=7.9ms odom_rx_age=7.0ms sensor_skew=32.5ms loop_to_send=6.4ms
[go2:sport] DRY cmd#2011 seq=2043 v=0.895 w=-0.563 dt=39.4ms policy_zmq_lag=1.0ms action_age=40.4ms scan_age=39.5ms scan_rx_age=16.5ms odom_age=7.0ms odom_rx_age=6.1ms sensor_skew=32.4ms loop_to_send=5.6ms
[go2:sport] DRY cmd#2012 seq=2044 v=0.895 w=-0.487 dt=39.9ms policy_zmq_lag=0.7ms action_age=40.4ms scan_age=39.8ms scan_rx_age=14.9ms odom_age=7.5ms odom_rx_age=6.6ms sensor_skew=32.3ms loop_to_send=6.0ms
[go2:sport] DRY cmd#2013 seq=2045 v=0.900 w=-0.367 dt=40.5ms policy_zmq_lag=0.7ms action_age=40.8ms scan_age=40.2ms scan_rx_age=17.4ms odom_age=17.5ms odom_rx_age=16.3ms sensor_skew=22.7ms loop_to_send=6.4ms
[go2:sport] DRY cmd#2014 seq=2046 v=0.895 w=-0.488 dt=40.5ms policy_zmq_lag=0.7ms action_age=41.3ms scan_age=40.7ms scan_rx_age=17.4ms odom_age=8.3ms odom_rx_age=7.3ms sensor_skew=32.4ms loop_to_send=6.6ms
[go2:sport] DRY cmd#2015 seq=2047 v=0.900 w=-0.607 dt=39.6ms policy_zmq_lag=0.6ms action_age=41.1ms scan_age=40.4ms scan_rx_age=17.7ms odom_age=8.1ms odom_rx_age=7.2ms sensor_skew=32.4ms loop_to_send=6.6ms
[go2:sport] DRY cmd#2016 seq=2048 v=0.894 w=-0.493 dt=39.0ms policy_zmq_lag=0.7ms action_age=40.1ms scan_age=39.4ms scan_rx_age=16.4ms odom_age=6.9ms odom_rx_age=6.1ms sensor_skew=32.5ms loop_to_send=5.6ms
[go2:sport] DRY cmd#2017 seq=2049 v=0.893 w=-0.540 dt=40.1ms policy_zmq_lag=0.7ms action_age=40.2ms scan_age=39.5ms scan_rx_age=16.6ms odom_age=7.0ms odom_rx_age=6.1ms sensor_skew=32.5ms loop_to_send=5.6ms
[go2:sport] DRY cmd#2018 seq=2050 v=0.900 w=-0.659 dt=40.0ms policy_zmq_lag=0.7ms action_age=40.2ms scan_age=39.6ms scan_rx_age=16.9ms odom_age=9.7ms odom_rx_age=7.9ms sensor_skew=29.9ms loop_to_send=6.1ms
[go2:sport] DRY cmd#2019 seq=2051 v=0.898 w=-0.598 dt=41.0ms policy_zmq_lag=0.7ms action_age=41.3ms scan_age=40.5ms scan_rx_age=17.1ms odom_age=8.0ms odom_rx_age=6.9ms sensor_skew=32.6ms loop_to_send=6.2ms
[go2:sport] DRY cmd#2020 seq=2052 v=0.900 w=-0.718 dt=40.2ms policy_zmq_lag=0.7ms action_age=41.4ms scan_age=40.7ms scan_rx_age=17.4ms odom_age=8.2ms odom_rx_age=6.9ms sensor_skew=32.5ms loop_to_send=6.2ms
[go2:sport] DRY cmd#2021 seq=2053 v=0.895 w=-0.600 dt=38.8ms policy_zmq_lag=0.6ms action_age=40.2ms scan_age=39.6ms scan_rx_age=16.5ms odom_age=7.2ms odom_rx_age=6.3ms sensor_skew=32.4ms loop_to_send=5.8ms
[go2:sport] DRY cmd#2022 seq=2054 v=0.895 w=-0.500 dt=39.9ms policy_zmq_lag=0.7ms action_age=40.1ms scan_age=39.4ms scan_rx_age=16.5ms odom_age=7.0ms odom_rx_age=6.2ms sensor_skew=32.4ms loop_to_send=5.8ms
[go2:sport] DRY cmd#2023 seq=2055 v=0.900 w=-0.621 dt=40.6ms policy_zmq_lag=0.6ms action_age=40.7ms scan_age=40.0ms scan_rx_age=17.4ms odom_age=7.5ms odom_rx_age=6.4ms sensor_skew=32.6ms loop_to_send=5.9ms
[go2:sport] DRY cmd#2024 seq=2056 v=0.900 w=-0.503 dt=39.3ms policy_zmq_lag=0.6ms action_age=40.1ms scan_age=39.5ms scan_rx_age=16.3ms odom_age=7.0ms odom_rx_age=6.1ms sensor_skew=32.5ms loop_to_send=5.7ms
[go2:sport] DRY cmd#2025 seq=2057 v=0.900 w=-0.623 dt=40.2ms policy_zmq_lag=0.7ms action_age=40.8ms scan_age=40.1ms scan_rx_age=17.5ms odom_age=7.0ms odom_rx_age=6.1ms sensor_skew=33.1ms loop_to_send=5.6ms
[go2:sport] DRY cmd#2026 seq=2058 v=0.894 w=-0.512 dt=39.9ms policy_zmq_lag=0.7ms action_age=40.1ms scan_age=39.4ms scan_rx_age=16.7ms odom_age=7.1ms odom_rx_age=6.2ms sensor_skew=32.4ms loop_to_send=5.8ms
[go2:sport] DRY cmd#2027 seq=2059 v=0.894 w=-0.496 dt=40.2ms policy_zmq_lag=0.6ms action_age=40.3ms scan_age=39.7ms scan_rx_age=16.6ms odom_age=7.3ms odom_rx_age=6.3ms sensor_skew=32.4ms loop_to_send=5.8ms
[go2:sport] DRY cmd#2028 seq=2060 v=0.900 w=-0.616 dt=39.9ms policy_zmq_lag=0.7ms action_age=40.3ms scan_age=39.7ms scan_rx_age=17.0ms odom_age=7.2ms odom_rx_age=6.3ms sensor_skew=32.5ms loop_to_send=5.8ms
[go2:sport] DRY cmd#2029 seq=2061 v=0.899 w=-0.601 dt=39.9ms policy_zmq_lag=0.6ms action_age=40.3ms scan_age=39.6ms scan_rx_age=16.3ms odom_age=7.2ms odom_rx_age=6.2ms sensor_skew=32.4ms loop_to_send=5.7ms
[go2:sport] DRY cmd#2030 seq=2062 v=0.900 w=-0.721 dt=40.0ms policy_zmq_lag=0.6ms action_age=40.1ms scan_age=39.4ms scan_rx_age=16.9ms odom_age=7.2ms odom_rx_age=6.2ms sensor_skew=32.3ms loop_to_send=5.7ms
[go2:sport] DRY cmd#2031 seq=2063 v=0.894 w=-0.601 dt=40.1ms policy_zmq_lag=0.6ms action_age=40.1ms scan_age=39.5ms scan_rx_age=16.5ms odom_age=7.3ms odom_rx_age=6.4ms sensor_skew=32.2ms loop_to_send=5.8ms
[go2:sport] DRY cmd#2032 seq=2064 v=0.894 w=-0.497 dt=40.0ms policy_zmq_lag=0.6ms action_age=40.2ms scan_age=39.6ms scan_rx_age=15.7ms odom_age=7.2ms odom_rx_age=6.3ms sensor_skew=32.4ms loop_to_send=5.8ms
[go2:sport] DRY cmd#2033 seq=2065 v=0.900 w=-0.618 dt=40.3ms policy_zmq_lag=0.7ms action_age=40.6ms scan_age=39.8ms scan_rx_age=17.1ms odom_age=7.4ms odom_rx_age=6.3ms sensor_skew=32.5ms loop_to_send=5.7ms
[go2:sport] DRY cmd#2034 seq=2066 v=0.895 w=-0.499 dt=39.8ms policy_zmq_lag=0.7ms action_age=40.3ms scan_age=39.6ms scan_rx_age=16.2ms odom_age=7.2ms odom_rx_age=6.3ms sensor_skew=32.4ms loop_to_send=5.8ms
[go2:sport] DRY cmd#2035 seq=2067 v=0.900 w=-0.619 dt=39.7ms policy_zmq_lag=0.6ms action_age=39.9ms scan_age=39.3ms scan_rx_age=16.5ms odom_age=7.0ms odom_rx_age=6.1ms sensor_skew=32.3ms loop_to_send=5.6ms
[go2:sport] DRY cmd#2036 seq=2068 v=0.895 w=-0.524 dt=40.0ms policy_zmq_lag=0.6ms action_age=39.9ms scan_age=39.3ms scan_rx_age=16.4ms odom_age=7.0ms odom_rx_age=6.1ms sensor_skew=32.3ms loop_to_send=5.7ms
[go2:sport] DRY cmd#2037 seq=2069 v=0.894 w=-0.491 dt=40.4ms policy_zmq_lag=0.6ms action_age=40.5ms scan_age=39.9ms scan_rx_age=16.8ms odom_age=7.4ms odom_rx_age=6.3ms sensor_skew=32.5ms loop_to_send=5.8ms
[go2:sport] DRY cmd#2038 seq=2070 v=0.900 w=-0.610 dt=39.4ms policy_zmq_lag=0.6ms action_age=39.8ms scan_age=39.2ms scan_rx_age=16.5ms odom_age=6.9ms odom_rx_age=6.1ms sensor_skew=32.3ms loop_to_send=5.6ms
[go2:sport] DRY cmd#2039 seq=2071 v=0.895 w=-0.504 dt=40.0ms policy_zmq_lag=0.6ms action_age=39.9ms scan_age=39.3ms scan_rx_age=17.0ms odom_age=6.9ms odom_rx_age=6.1ms sensor_skew=32.3ms loop_to_send=5.6ms
[go2:sport] DRY cmd#2040 seq=2072 v=0.900 w=-0.625 dt=40.9ms policy_zmq_lag=0.7ms action_age=40.7ms scan_age=40.0ms scan_rx_age=15.6ms odom_age=7.7ms odom_rx_age=6.7ms sensor_skew=32.3ms loop_to_send=6.1ms
[go2:sport] DRY cmd#2041 seq=2073 v=0.893 w=-0.553 dt=40.1ms policy_zmq_lag=0.7ms action_age=41.0ms scan_age=40.3ms scan_rx_age=17.3ms odom_age=8.0ms odom_rx_age=7.0ms sensor_skew=32.3ms loop_to_send=6.4ms
[go2:sport] DRY cmd#2042 seq=2074 v=0.895 w=-0.494 dt=39.4ms policy_zmq_lag=0.7ms action_age=41.1ms scan_age=40.4ms scan_rx_age=16.5ms odom_age=7.5ms odom_rx_age=6.6ms sensor_skew=32.9ms loop_to_send=6.0ms
[go2:sport] DRY cmd#2043 seq=2075 v=0.900 w=-0.614 dt=40.1ms policy_zmq_lag=0.7ms action_age=40.4ms scan_age=39.7ms scan_rx_age=16.9ms odom_age=7.5ms odom_rx_age=6.5ms sensor_skew=32.2ms loop_to_send=6.0ms
[go2:sport] DRY cmd#2044 seq=2076 v=0.894 w=-0.497 dt=40.1ms policy_zmq_lag=0.7ms action_age=40.5ms scan_age=39.8ms scan_rx_age=16.4ms odom_age=7.5ms odom_rx_age=6.6ms sensor_skew=32.4ms loop_to_send=6.1ms
[go2:sport] DRY cmd#2045 seq=2077 v=0.900 w=-0.377 dt=39.6ms policy_zmq_lag=0.6ms action_age=40.2ms scan_age=39.6ms scan_rx_age=16.5ms odom_age=7.1ms odom_rx_age=6.2ms sensor_skew=32.5ms loop_to_send=5.7ms
[go2:sport] DRY cmd#2046 seq=2078 v=0.896 w=-0.496 dt=40.1ms policy_zmq_lag=0.7ms action_age=40.2ms scan_age=39.5ms scan_rx_age=16.6ms odom_age=7.2ms odom_rx_age=6.5ms sensor_skew=32.3ms loop_to_send=6.0ms
[go2:sport] DRY cmd#2047 seq=2079 v=0.894 w=-0.501 dt=40.1ms policy_zmq_lag=0.7ms action_age=40.4ms scan_age=39.7ms scan_rx_age=16.3ms odom_age=7.2ms odom_rx_age=6.3ms sensor_skew=32.5ms loop_to_send=5.9ms
[go2:sport] DRY cmd#2048 seq=2080 v=0.900 w=-0.621 dt=40.3ms policy_zmq_lag=0.7ms action_age=40.6ms scan_age=39.9ms scan_rx_age=17.1ms odom_age=7.5ms odom_rx_age=6.6ms sensor_skew=32.4ms loop_to_send=6.0ms
[go2:sport] DRY cmd#2049 seq=2081 v=0.894 w=-0.513 dt=39.6ms policy_zmq_lag=0.7ms action_age=40.1ms scan_age=39.4ms scan_rx_age=16.2ms odom_age=7.2ms odom_rx_age=6.3ms sensor_skew=32.2ms loop_to_send=5.8ms
[go2:sport] DRY cmd#2050 seq=2082 v=0.894 w=-0.525 dt=40.1ms policy_zmq_lag=0.7ms action_age=40.9ms scan_age=40.2ms scan_rx_age=16.5ms odom_age=7.5ms odom_rx_age=6.6ms sensor_skew=32.7ms loop_to_send=6.0ms
[go2:sport] DRY cmd#2051 seq=2083 v=0.893 w=-0.542 dt=40.1ms policy_zmq_lag=0.6ms action_age=40.3ms scan_age=39.7ms scan_rx_age=16.4ms odom_age=7.6ms odom_rx_age=6.6ms sensor_skew=32.1ms loop_to_send=6.0ms
[go2:sport] DRY cmd#2052 seq=2084 v=0.895 w=-0.505 dt=40.2ms policy_zmq_lag=0.6ms action_age=40.7ms scan_age=40.1ms scan_rx_age=16.8ms odom_age=7.7ms odom_rx_age=6.7ms sensor_skew=32.3ms loop_to_send=6.1ms
[go2:sport] DRY cmd#2053 seq=2085 v=0.900 w=-0.625 dt=39.8ms policy_zmq_lag=0.7ms action_age=40.3ms scan_age=39.7ms scan_rx_age=17.0ms odom_age=7.2ms odom_rx_age=6.3ms sensor_skew=32.5ms loop_to_send=5.8ms
[go2:sport] DRY cmd#2054 seq=2086 v=0.894 w=-0.506 dt=39.7ms policy_zmq_lag=0.6ms action_age=40.1ms scan_age=39.4ms scan_rx_age=16.5ms odom_age=7.2ms odom_rx_age=6.3ms sensor_skew=32.3ms loop_to_send=5.8ms
[go2:sport] DRY cmd#2055 seq=2087 v=0.893 w=-0.543 dt=39.8ms policy_zmq_lag=0.6ms action_age=39.7ms scan_age=39.1ms scan_rx_age=16.3ms odom_age=7.0ms odom_rx_age=6.3ms sensor_skew=32.1ms loop_to_send=5.8ms
[go2:sport] DRY cmd#2056 seq=2088 v=0.900 w=-0.423 dt=40.2ms policy_zmq_lag=0.6ms action_age=40.1ms scan_age=39.5ms scan_rx_age=16.5ms odom_age=7.2ms odom_rx_age=6.4ms sensor_skew=32.3ms loop_to_send=5.9ms
[go2:sport] DRY cmd#2057 seq=2089 v=0.895 w=-0.510 dt=40.0ms policy_zmq_lag=0.6ms action_age=40.1ms scan_age=39.5ms scan_rx_age=15.6ms odom_age=7.2ms odom_rx_age=6.4ms sensor_skew=32.3ms loop_to_send=5.9ms
[go2:sport] DRY cmd#2058 seq=2090 v=0.900 w=-0.632 dt=41.0ms policy_zmq_lag=0.8ms action_age=41.0ms scan_age=40.2ms scan_rx_age=17.7ms odom_age=8.1ms odom_rx_age=6.8ms sensor_skew=32.1ms loop_to_send=6.1ms
[go2:sport] DRY cmd#2059 seq=2091 v=0.894 w=-0.513 dt=39.9ms policy_zmq_lag=0.6ms action_age=40.8ms scan_age=40.2ms scan_rx_age=15.6ms odom_age=8.0ms odom_rx_age=7.1ms sensor_skew=32.2ms loop_to_send=6.7ms
[go2:sport] DRY cmd#2060 seq=2092 v=0.894 w=-0.572 dt=39.1ms policy_zmq_lag=0.6ms action_age=40.0ms scan_age=39.4ms scan_rx_age=16.6ms odom_age=7.1ms odom_rx_age=6.3ms sensor_skew=32.2ms loop_to_send=5.8ms
[go2:sport] DRY cmd#2061 seq=2093 v=0.900 w=-0.693 dt=40.6ms policy_zmq_lag=0.7ms action_age=40.5ms scan_age=39.8ms scan_rx_age=17.2ms odom_age=7.6ms odom_rx_age=6.6ms sensor_skew=32.2ms loop_to_send=6.0ms
[go2:sport] DRY cmd#2062 seq=2094 v=0.895 w=-0.573 dt=39.7ms policy_zmq_lag=0.7ms action_age=40.2ms scan_age=39.5ms scan_rx_age=15.6ms odom_age=7.4ms odom_rx_age=6.5ms sensor_skew=32.1ms loop_to_send=6.0ms
[go2:sport] DRY cmd#2063 seq=2095 v=0.900 w=-0.695 dt=40.5ms policy_zmq_lag=0.7ms action_age=40.7ms scan_age=40.0ms scan_rx_age=16.6ms odom_age=7.8ms odom_rx_age=6.6ms sensor_skew=32.2ms loop_to_send=6.0ms
[go2:sport] DRY cmd#2064 seq=2096 v=0.894 w=-0.576 dt=39.6ms policy_zmq_lag=0.7ms action_age=40.4ms scan_age=39.8ms scan_rx_age=16.7ms odom_age=7.5ms odom_rx_age=6.6ms sensor_skew=32.3ms loop_to_send=6.1ms
[go2:sport] DRY cmd#2065 seq=2097 v=0.894 w=-0.501 dt=40.5ms policy_zmq_lag=0.8ms action_age=40.8ms scan_age=40.0ms scan_rx_age=16.0ms odom_age=7.8ms odom_rx_age=6.7ms sensor_skew=32.2ms loop_to_send=6.1ms
[go2:sport] DRY cmd#2066 seq=2098 v=0.900 w=-0.621 dt=42.7ms policy_zmq_lag=0.7ms action_age=43.5ms scan_age=42.8ms scan_rx_age=18.0ms odom_age=14.1ms odom_rx_age=10.9ms sensor_skew=28.8ms loop_to_send=9.0ms
[go2:sport] DRY cmd#2067 seq=2099 v=0.895 w=-0.508 dt=37.1ms policy_zmq_lag=0.7ms action_age=40.8ms scan_age=40.2ms scan_rx_age=16.1ms odom_age=7.8ms odom_rx_age=6.9ms sensor_skew=32.3ms loop_to_send=6.5ms
[go2:sport] DRY cmd#2068 seq=2100 v=0.900 w=-0.628 dt=40.0ms policy_zmq_lag=0.7ms action_age=40.9ms scan_age=40.2ms scan_rx_age=17.6ms odom_age=7.9ms odom_rx_age=6.9ms sensor_skew=32.3ms loop_to_send=6.4ms
[go2:sport] DRY cmd#2069 seq=2101 v=0.894 w=-0.508 dt=39.2ms policy_zmq_lag=0.7ms action_age=40.0ms scan_age=39.4ms scan_rx_age=15.3ms odom_age=7.2ms odom_rx_age=6.3ms sensor_skew=32.2ms loop_to_send=5.7ms
[go2:sport] DRY cmd#2070 seq=2102 v=0.894 w=-0.512 dt=40.0ms policy_zmq_lag=0.6ms action_age=40.0ms scan_age=39.3ms scan_rx_age=16.3ms odom_age=7.2ms odom_rx_age=6.3ms sensor_skew=32.1ms loop_to_send=5.8ms
[go2:sport] DRY cmd#2071 seq=2103 v=0.900 w=-0.633 dt=40.7ms policy_zmq_lag=1.2ms action_age=40.8ms scan_age=39.6ms scan_rx_age=16.8ms odom_age=7.3ms odom_rx_age=6.4ms sensor_skew=32.2ms loop_to_send=5.8ms
[go2:sport] DRY cmd#2072 seq=2104 v=0.899 w=-0.592 dt=39.5ms policy_zmq_lag=0.7ms action_age=40.4ms scan_age=39.7ms scan_rx_age=15.2ms odom_age=7.5ms odom_rx_age=6.6ms sensor_skew=32.2ms loop_to_send=6.0ms
[go2:sport] DRY cmd#2073 seq=2105 v=0.900 w=-0.713 dt=40.1ms policy_zmq_lag=0.7ms action_age=40.4ms scan_age=39.7ms scan_rx_age=17.0ms odom_age=7.6ms odom_rx_age=6.6ms sensor_skew=32.2ms loop_to_send=5.9ms
[go2:sport] DRY cmd#2074 seq=2106 v=0.894 w=-0.593 dt=40.1ms policy_zmq_lag=0.7ms action_age=40.5ms scan_age=39.8ms scan_rx_age=16.8ms odom_age=7.7ms odom_rx_age=6.6ms sensor_skew=32.1ms loop_to_send=6.1ms
[go2:sport] DRY cmd#2075 seq=2107 v=0.894 w=-0.488 dt=40.4ms policy_zmq_lag=0.7ms action_age=41.7ms scan_age=41.0ms scan_rx_age=14.6ms odom_age=7.9ms odom_rx_age=6.7ms sensor_skew=33.1ms loop_to_send=6.1ms
[go2:sport] DRY cmd#2076 seq=2108 v=0.900 w=-0.608 dt=40.0ms policy_zmq_lag=0.7ms action_age=40.9ms scan_age=40.3ms scan_rx_age=17.4ms odom_age=8.0ms odom_rx_age=6.7ms sensor_skew=32.3ms loop_to_send=6.1ms
[go2:sport] DRY cmd#2077 seq=2109 v=0.896 w=-0.490 dt=39.5ms policy_zmq_lag=0.6ms action_age=40.5ms scan_age=39.9ms scan_rx_age=15.7ms odom_age=7.7ms odom_rx_age=6.6ms sensor_skew=32.2ms loop_to_send=6.1ms
[go2:sport] DRY cmd#2078 seq=2110 v=0.900 w=-0.610 dt=40.0ms policy_zmq_lag=0.7ms action_age=40.5ms scan_age=39.8ms scan_rx_age=16.9ms odom_age=7.4ms odom_rx_age=6.4ms sensor_skew=32.4ms loop_to_send=5.8ms
[go2:sport] DRY cmd#2079 seq=2111 v=0.894 w=-0.493 dt=39.6ms policy_zmq_lag=0.6ms action_age=40.1ms scan_age=39.5ms scan_rx_age=16.4ms odom_age=7.2ms odom_rx_age=6.3ms sensor_skew=32.2ms loop_to_send=5.8ms
[go2:sport] DRY cmd#2080 seq=2112 v=0.895 w=-0.504 dt=40.1ms policy_zmq_lag=0.6ms action_age=40.2ms scan_age=39.6ms scan_rx_age=15.4ms odom_age=7.3ms odom_rx_age=6.3ms sensor_skew=32.3ms loop_to_send=5.8ms
[go2:sport] DRY cmd#2081 seq=2113 v=0.900 w=-0.626 dt=41.5ms policy_zmq_lag=0.7ms action_age=41.5ms scan_age=40.8ms scan_rx_age=18.1ms odom_age=8.7ms odom_rx_age=7.3ms sensor_skew=32.1ms loop_to_send=6.6ms
[go2:sport] DRY cmd#2082 seq=2114 v=0.898 w=-0.568 dt=38.8ms policy_zmq_lag=0.7ms action_age=40.4ms scan_age=39.8ms scan_rx_age=15.6ms odom_age=7.6ms odom_rx_age=6.6ms sensor_skew=32.2ms loop_to_send=6.0ms
[go2:sport] DRY cmd#2083 seq=2115 v=0.900 w=-0.690 dt=40.9ms policy_zmq_lag=0.7ms action_age=41.1ms scan_age=40.4ms scan_rx_age=18.3ms odom_age=8.0ms odom_rx_age=6.7ms sensor_skew=32.5ms loop_to_send=6.2ms
[go2:sport] DRY cmd#2084 seq=2116 v=0.894 w=-0.573 dt=39.0ms policy_zmq_lag=0.7ms action_age=40.3ms scan_age=39.7ms scan_rx_age=16.6ms odom_age=7.5ms odom_rx_age=6.6ms sensor_skew=32.1ms loop_to_send=6.0ms
[go2:sport] DRY cmd#2085 seq=2117 v=0.894 w=-0.503 dt=39.8ms policy_zmq_lag=0.7ms action_age=40.1ms scan_age=39.5ms scan_rx_age=15.6ms odom_age=7.4ms odom_rx_age=6.5ms sensor_skew=32.1ms loop_to_send=5.9ms
[go2:sport] DRY cmd#2086 seq=2118 v=0.900 w=-0.623 dt=39.8ms policy_zmq_lag=0.6ms action_age=39.8ms scan_age=39.2ms scan_rx_age=16.4ms odom_age=7.1ms odom_rx_age=6.3ms sensor_skew=32.1ms loop_to_send=5.8ms
[go2:sport] DRY cmd#2087 seq=2119 v=0.895 w=-0.503 dt=40.1ms policy_zmq_lag=0.6ms action_age=39.8ms scan_age=39.1ms scan_rx_age=16.6ms odom_age=7.0ms odom_rx_age=6.2ms sensor_skew=32.1ms loop_to_send=5.7ms
[go2:sport] DRY cmd#2088 seq=2120 v=0.900 w=-0.623 dt=39.9ms policy_zmq_lag=0.6ms action_age=39.8ms scan_age=39.1ms scan_rx_age=16.1ms odom_age=7.0ms odom_rx_age=6.1ms sensor_skew=32.1ms loop_to_send=5.6ms
[go2:sport] DRY cmd#2089 seq=2121 v=0.893 w=-0.553 dt=39.9ms policy_zmq_lag=0.6ms action_age=39.7ms scan_age=39.1ms scan_rx_age=16.0ms odom_age=6.9ms odom_rx_age=6.1ms sensor_skew=32.2ms loop_to_send=5.6ms
[go2:sport] DRY cmd#2090 seq=2122 v=0.894 w=-0.493 dt=41.4ms policy_zmq_lag=0.7ms action_age=41.3ms scan_age=40.6ms scan_rx_age=16.3ms odom_age=8.3ms odom_rx_age=7.0ms sensor_skew=32.3ms loop_to_send=6.2ms
[go2:sport] DRY cmd#2091 seq=2123 v=0.900 w=-0.611 dt=38.8ms policy_zmq_lag=0.6ms action_age=39.8ms scan_age=39.2ms scan_rx_age=16.5ms odom_age=7.1ms odom_rx_age=6.3ms sensor_skew=32.1ms loop_to_send=5.8ms
[go2:sport] DRY cmd#2092 seq=2124 v=0.895 w=-0.490 dt=39.8ms policy_zmq_lag=0.6ms action_age=39.6ms scan_age=39.0ms scan_rx_age=16.7ms odom_age=6.9ms odom_rx_age=6.1ms sensor_skew=32.1ms loop_to_send=5.6ms
[go2:sport] DRY cmd#2093 seq=2125 v=0.899 w=-0.610 dt=40.1ms policy_zmq_lag=0.6ms action_age=39.7ms scan_age=39.0ms scan_rx_age=16.1ms odom_age=7.0ms odom_rx_age=6.2ms sensor_skew=32.0ms loop_to_send=5.7ms
[go2:sport] DRY cmd#2094 seq=2126 v=0.894 w=-0.569 dt=40.2ms policy_zmq_lag=0.7ms action_age=40.0ms scan_age=39.3ms scan_rx_age=16.3ms odom_age=7.1ms odom_rx_age=6.3ms sensor_skew=32.1ms loop_to_send=5.8ms
[go2:sport] DRY cmd#2095 seq=2127 v=0.894 w=-0.491 dt=40.0ms policy_zmq_lag=0.7ms action_age=40.1ms scan_age=39.4ms scan_rx_age=16.1ms odom_age=7.2ms odom_rx_age=6.3ms sensor_skew=32.2ms loop_to_send=5.8ms
[go2:sport] DRY cmd#2096 seq=2128 v=0.900 w=-0.611 dt=40.3ms policy_zmq_lag=0.7ms action_age=40.2ms scan_age=39.5ms scan_rx_age=16.7ms odom_age=7.5ms odom_rx_age=6.6ms sensor_skew=32.0ms loop_to_send=6.0ms
[go2:sport] DRY cmd#2097 seq=2129 v=0.894 w=-0.497 dt=40.2ms policy_zmq_lag=0.7ms action_age=40.4ms scan_age=39.7ms scan_rx_age=15.9ms odom_age=7.8ms odom_rx_age=6.8ms sensor_skew=32.0ms loop_to_send=6.1ms
[go2:sport] DRY cmd#2098 seq=2130 v=0.899 w=-0.616 dt=40.3ms policy_zmq_lag=0.7ms action_age=40.7ms scan_age=40.1ms scan_rx_age=15.3ms odom_age=8.1ms odom_rx_age=7.1ms sensor_skew=32.0ms loop_to_send=6.5ms
[go2:sport] DRY cmd#2099 seq=2131 v=0.898 w=-0.594 dt=40.0ms policy_zmq_lag=0.7ms action_age=40.8ms scan_age=40.1ms scan_rx_age=17.2ms odom_age=8.0ms odom_rx_age=7.2ms sensor_skew=32.1ms loop_to_send=6.7ms
[go2:sport] DRY cmd#2100 seq=2132 v=0.895 w=-0.489 dt=39.9ms policy_zmq_lag=0.7ms action_age=41.2ms scan_age=40.5ms scan_rx_age=16.7ms odom_age=7.4ms odom_rx_age=6.4ms sensor_skew=33.1ms loop_to_send=5.9ms
[go2:sport] DRY cmd#2101 seq=2133 v=0.900 w=-0.608 dt=39.6ms policy_zmq_lag=0.7ms action_age=40.3ms scan_age=39.6ms scan_rx_age=17.0ms odom_age=7.4ms odom_rx_age=6.3ms sensor_skew=32.3ms loop_to_send=5.8ms
[go2:sport] DRY cmd#2102 seq=2134 v=0.894 w=-0.508 dt=39.6ms policy_zmq_lag=0.6ms action_age=39.8ms scan_age=39.2ms scan_rx_age=15.3ms odom_age=7.2ms odom_rx_age=6.3ms sensor_skew=32.0ms loop_to_send=5.8ms
[go2:sport] DRY cmd#2103 seq=2135 v=0.894 w=-0.522 dt=40.3ms policy_zmq_lag=0.7ms action_age=40.2ms scan_age=39.5ms scan_rx_age=16.7ms odom_age=7.4ms odom_rx_age=6.5ms sensor_skew=32.1ms loop_to_send=5.9ms
[go2:sport] DRY cmd#2104 seq=2136 v=0.898 w=-0.401 dt=40.0ms policy_zmq_lag=0.7ms action_age=40.2ms scan_age=39.5ms scan_rx_age=14.6ms odom_age=7.6ms odom_rx_age=6.8ms sensor_skew=31.9ms loop_to_send=5.7ms
[go2:sport] DRY cmd#2105 seq=2137 v=0.894 w=-0.498 dt=40.3ms policy_zmq_lag=0.7ms action_age=60.5ms scan_age=59.8ms scan_rx_age=12.0ms odom_age=7.8ms odom_rx_age=7.0ms sensor_skew=52.0ms loop_to_send=5.8ms
[go2:sport] DRY cmd#2106 seq=2138 v=0.900 w=-0.618 dt=40.1ms policy_zmq_lag=0.6ms action_age=40.6ms scan_age=40.0ms scan_rx_age=17.7ms odom_age=8.0ms odom_rx_age=7.2ms sensor_skew=32.0ms loop_to_send=6.0ms
[go2:sport] DRY cmd#2107 seq=2139 v=0.894 w=-0.514 dt=40.3ms policy_zmq_lag=0.6ms action_age=41.0ms scan_age=40.4ms scan_rx_age=7.5ms odom_age=8.1ms odom_rx_age=6.7ms sensor_skew=32.3ms loop_to_send=5.9ms
[go2:sport] DRY cmd#2108 seq=2140 v=0.000 w=0.000 dt=73.2ms policy_zmq_lag=0.6ms
[go2:sport] DRY cmd#2109 seq=2141 v=0.000 w=0.000 dt=40.6ms policy_zmq_lag=0.6ms
[go2:sport] DRY cmd#2110 seq=2142 v=0.000 w=0.000 dt=40.1ms policy_zmq_lag=0.6ms
[go2:sport] DRY cmd#2111 seq=2143 v=0.121 w=-0.121 dt=46.9ms policy_zmq_lag=0.7ms action_age=61.6ms scan_age=61.0ms scan_rx_age=26.3ms odom_age=9.1ms odom_rx_age=7.1ms sensor_skew=51.9ms loop_to_send=6.3ms
[go2:sport] DRY cmd#2112 seq=2144 v=0.241 w=-0.241 dt=39.4ms policy_zmq_lag=0.7ms action_age=61.0ms scan_age=60.3ms scan_rx_age=23.3ms odom_age=7.8ms odom_rx_age=6.4ms sensor_skew=52.5ms loop_to_send=5.8ms
[go2:sport] DRY cmd#2113 seq=2145 v=0.357 w=-0.357 dt=38.8ms policy_zmq_lag=0.6ms action_age=40.0ms scan_age=39.3ms scan_rx_age=8.5ms odom_age=7.3ms odom_rx_age=6.3ms sensor_skew=32.1ms loop_to_send=5.7ms
[go2:sport] DRY cmd#2114 seq=2146 v=0.479 w=-0.479 dt=40.7ms policy_zmq_lag=0.7ms action_age=40.6ms scan_age=39.9ms scan_rx_age=15.8ms odom_age=7.9ms odom_rx_age=7.0ms sensor_skew=32.0ms loop_to_send=5.8ms
[go2:sport] DRY cmd#2115 seq=2147 v=0.718 w=-0.511 dt=80.0ms policy_zmq_lag=0.7ms action_age=40.5ms scan_age=39.8ms scan_rx_age=15.1ms odom_age=8.0ms odom_rx_age=7.2ms sensor_skew=31.8ms loop_to_send=6.1ms
[go2:sport] DRY cmd#2116 seq=2148 v=0.838 w=-0.518 dt=39.9ms policy_zmq_lag=0.7ms action_age=40.5ms scan_age=39.8ms scan_rx_age=9.5ms odom_age=7.9ms odom_rx_age=7.1ms sensor_skew=31.9ms loop_to_send=6.0ms
[go2:sport] DRY cmd#2117 seq=2149 v=0.900 w=-0.639 dt=40.1ms policy_zmq_lag=0.7ms action_age=40.7ms scan_age=40.0ms scan_rx_age=11.3ms odom_age=8.0ms odom_rx_age=7.2ms sensor_skew=32.0ms loop_to_send=5.9ms
[go2:sport] DRY cmd#2118 seq=2150 v=0.895 w=-0.527 dt=39.5ms policy_zmq_lag=0.6ms action_age=40.1ms scan_age=39.4ms scan_rx_age=8.6ms odom_age=7.6ms odom_rx_age=6.6ms sensor_skew=31.8ms loop_to_send=5.9ms
[go2:sport] DRY cmd#2119 seq=2151 v=0.900 w=-0.649 dt=40.5ms policy_zmq_lag=0.7ms action_age=40.5ms scan_age=39.9ms scan_rx_age=14.5ms odom_age=8.0ms odom_rx_age=7.2ms sensor_skew=31.8ms loop_to_send=5.9ms
[go2:sport] DRY cmd#2120 seq=2152 v=0.900 w=-0.728 dt=39.5ms policy_zmq_lag=0.6ms action_age=60.1ms scan_age=59.4ms scan_rx_age=34.7ms odom_age=7.6ms odom_rx_age=6.9ms sensor_skew=51.9ms loop_to_send=5.8ms
[go2:sport] DRY cmd#2121 seq=2153 v=0.895 w=-0.608 dt=39.9ms policy_zmq_lag=0.7ms action_age=40.0ms scan_age=39.3ms scan_rx_age=10.8ms odom_age=7.4ms odom_rx_age=6.5ms sensor_skew=31.9ms loop_to_send=5.9ms
[go2:sport] DRY cmd#2122 seq=2154 v=0.900 w=-0.728 dt=40.8ms policy_zmq_lag=0.7ms action_age=40.7ms scan_age=40.0ms scan_rx_age=15.0ms odom_age=8.2ms odom_rx_age=7.4ms sensor_skew=31.8ms loop_to_send=6.2ms
[go2:sport] DRY cmd#2123 seq=2155 v=0.894 w=-0.608 dt=39.6ms policy_zmq_lag=0.6ms action_age=60.4ms scan_age=59.8ms scan_rx_age=27.9ms odom_age=7.9ms odom_rx_age=7.1ms sensor_skew=51.9ms loop_to_send=5.9ms
[go2:sport] DRY cmd#2124 seq=2156 v=0.894 w=-0.502 dt=40.1ms policy_zmq_lag=0.6ms action_age=60.4ms scan_age=59.8ms scan_rx_age=29.3ms odom_age=7.9ms odom_rx_age=7.1ms sensor_skew=51.9ms loop_to_send=5.8ms
[go2:sport] DRY cmd#2125 seq=2157 v=0.000 w=0.000 dt=34.2ms policy_zmq_lag=0.6ms
[go2:sport] DRY cmd#2126 seq=2158 v=0.000 w=0.000 dt=39.8ms policy_zmq_lag=0.5ms
[go2:sport] DRY cmd#2127 seq=2159 v=0.118 w=-0.118 dt=45.5ms policy_zmq_lag=0.7ms action_age=40.0ms scan_age=39.4ms scan_rx_age=8.7ms odom_age=7.5ms odom_rx_age=6.6ms sensor_skew=31.9ms loop_to_send=6.0ms
[go2:sport] DRY cmd#2128 seq=2160 v=0.239 w=-0.239 dt=40.6ms policy_zmq_lag=0.6ms action_age=40.8ms scan_age=40.1ms scan_rx_age=16.4ms odom_age=8.2ms odom_rx_age=7.3ms sensor_skew=31.9ms loop_to_send=6.1ms
[go2:sport] DRY cmd#2129 seq=2161 v=0.359 w=-0.359 dt=40.1ms policy_zmq_lag=0.8ms action_age=60.8ms scan_age=60.0ms scan_rx_age=28.5ms odom_age=8.1ms odom_rx_age=7.3ms sensor_skew=51.9ms loop_to_send=6.0ms
[go2:sport] STALE_DROP cmd#2130 seq=2162 reasons=action_age=80.9ms>80.0ms policy_zmq_lag=0.6ms action_age=80.9ms scan_age=80.2ms scan_rx_age=7.6ms odom_age=8.3ms odom_rx_age=6.7ms sensor_skew=71.9ms loop_to_send=5.8ms
[go2:sport] DRY cmd#2131 seq=2163 v=0.599 w=-0.482 dt=39.4ms policy_zmq_lag=0.6ms action_age=60.3ms scan_age=59.7ms scan_rx_age=36.6ms odom_age=7.8ms odom_rx_age=7.0ms sensor_skew=51.9ms loop_to_send=5.8ms
[go2:sport] DRY cmd#2132 seq=2164 v=0.000 w=0.000 dt=34.3ms policy_zmq_lag=0.5ms
[go2:sport] DRY cmd#2133 seq=2165 v=0.118 w=-0.118 dt=45.7ms policy_zmq_lag=0.6ms action_age=60.1ms scan_age=59.5ms scan_rx_age=35.5ms odom_age=7.8ms odom_rx_age=7.1ms sensor_skew=51.7ms loop_to_send=5.9ms
[go2:sport] DRY cmd#2134 seq=2166 v=0.000 w=0.000 dt=34.1ms policy_zmq_lag=0.5ms
[go2:sport] DRY cmd#2135 seq=2167 v=0.000 w=0.000 dt=40.2ms policy_zmq_lag=0.6ms
[go2:sport] STALE_DROP cmd#2136 seq=2168 reasons=action_age=81.9ms>80.0ms policy_zmq_lag=0.6ms action_age=81.9ms scan_age=81.3ms scan_rx_age=17.3ms odom_age=9.5ms odom_rx_age=7.6ms sensor_skew=71.8ms loop_to_send=6.7ms
[go2:sport] DRY cmd#2137 seq=2169 v=0.000 w=0.000 dt=32.9ms policy_zmq_lag=0.5ms
[go2:sport] DRY cmd#2138 seq=2170 v=0.000 w=0.000 dt=42.5ms policy_zmq_lag=2.9ms
[go2:sport] DRY cmd#2139 seq=2171 v=0.119 w=-0.119 dt=43.6ms policy_zmq_lag=0.7ms action_age=40.9ms scan_age=40.2ms scan_rx_age=10.7ms odom_age=8.3ms odom_rx_age=7.3ms sensor_skew=31.9ms loop_to_send=6.1ms
[go2:sport] DRY cmd#2140 seq=2172 v=0.238 w=-0.238 dt=40.6ms policy_zmq_lag=0.8ms action_age=41.4ms scan_age=40.7ms scan_rx_age=16.4ms odom_age=8.9ms odom_rx_age=8.1ms sensor_skew=31.8ms loop_to_send=6.8ms
[go2:sport] DRY cmd#2141 seq=2173 v=0.359 w=-0.359 dt=39.1ms policy_zmq_lag=0.7ms action_age=41.1ms scan_age=40.5ms scan_rx_age=16.2ms odom_age=8.1ms odom_rx_age=7.1ms sensor_skew=32.4ms loop_to_send=5.7ms
[go2:sport] DRY cmd#2142 seq=2174 v=0.477 w=-0.477 dt=39.4ms policy_zmq_lag=0.6ms action_age=40.0ms scan_age=39.4ms scan_rx_age=14.6ms odom_age=7.6ms odom_rx_age=6.8ms sensor_skew=31.8ms loop_to_send=5.7ms
[go2:sport] DRY cmd#2143 seq=2175 v=0.599 w=-0.560 dt=42.0ms policy_zmq_lag=0.7ms action_age=61.9ms scan_age=61.1ms scan_rx_age=37.4ms odom_age=9.5ms odom_rx_age=8.7ms sensor_skew=51.7ms loop_to_send=7.0ms
[go2:sport] DRY cmd#2144 seq=2176 v=0.717 w=-0.679 dt=39.9ms policy_zmq_lag=0.8ms action_age=41.9ms scan_age=41.1ms scan_rx_age=17.6ms odom_age=9.3ms odom_rx_age=8.5ms sensor_skew=31.8ms loop_to_send=7.4ms
[go2:sport] DRY cmd#2145 seq=2177 v=0.838 w=-0.559 dt=39.3ms policy_zmq_lag=0.8ms action_age=41.1ms scan_age=40.4ms scan_rx_age=16.6ms odom_age=8.7ms odom_rx_age=7.9ms sensor_skew=31.7ms loop_to_send=6.7ms
[go2:sport] DRY cmd#2146 seq=2178 v=0.895 w=-0.485 dt=41.7ms policy_zmq_lag=0.7ms action_age=42.7ms scan_age=42.0ms scan_rx_age=18.3ms odom_age=9.9ms odom_rx_age=8.0ms sensor_skew=32.1ms loop_to_send=6.9ms
[go2:sport] DRY cmd#2147 seq=2179 v=0.900 w=-0.604 dt=40.0ms policy_zmq_lag=0.7ms action_age=42.9ms scan_age=42.2ms scan_rx_age=19.2ms odom_age=10.0ms odom_rx_age=8.2ms sensor_skew=32.2ms loop_to_send=7.2ms
[go2:sport] DRY cmd#2148 seq=2180 v=0.894 w=-0.493 dt=38.2ms policy_zmq_lag=0.7ms action_age=41.6ms scan_age=40.9ms scan_rx_age=16.3ms odom_age=8.4ms odom_rx_age=7.1ms sensor_skew=32.5ms loop_to_send=6.5ms
[go2:sport] DRY cmd#2149 seq=2181 v=0.899 w=-0.515 dt=39.4ms policy_zmq_lag=0.6ms action_age=40.5ms scan_age=39.8ms scan_rx_age=14.5ms odom_age=8.0ms odom_rx_age=7.1ms sensor_skew=31.8ms loop_to_send=5.9ms
[go2:sport] DRY cmd#2150 seq=2182 v=0.900 w=-0.395 dt=40.7ms policy_zmq_lag=0.6ms action_age=41.1ms scan_age=40.5ms scan_rx_age=16.1ms odom_age=18.6ms odom_rx_age=17.1ms sensor_skew=21.9ms loop_to_send=6.6ms
[go2:sport] DRY cmd#2151 seq=2183 v=0.895 w=-0.487 dt=39.7ms policy_zmq_lag=0.7ms action_age=40.9ms scan_age=40.2ms scan_rx_age=15.1ms odom_age=8.4ms odom_rx_age=7.6ms sensor_skew=31.8ms loop_to_send=6.3ms
[go2:sport] DRY cmd#2152 seq=2184 v=0.900 w=-0.608 dt=41.4ms policy_zmq_lag=0.8ms action_age=42.3ms scan_age=41.5ms scan_rx_age=17.1ms odom_age=9.7ms odom_rx_age=8.7ms sensor_skew=31.8ms loop_to_send=7.5ms
[go2:sport] DRY cmd#2153 seq=2185 v=0.895 w=-0.489 dt=38.4ms policy_zmq_lag=0.7ms action_age=40.5ms scan_age=39.8ms scan_rx_age=15.1ms odom_age=8.2ms odom_rx_age=7.1ms sensor_skew=31.7ms loop_to_send=6.4ms
[go2:sport] DRY cmd#2154 seq=2186 v=0.894 w=-0.556 dt=40.1ms policy_zmq_lag=0.7ms action_age=40.8ms scan_age=40.1ms scan_rx_age=16.2ms odom_age=8.1ms odom_rx_age=7.1ms sensor_skew=32.0ms loop_to_send=6.5ms
[go2:sport] DRY cmd#2155 seq=2187 v=0.898 w=-0.436 dt=39.3ms policy_zmq_lag=0.6ms action_age=40.1ms scan_age=39.5ms scan_rx_age=14.4ms odom_age=7.6ms odom_rx_age=6.6ms sensor_skew=31.9ms loop_to_send=6.0ms
[go2:sport] DRY cmd#2156 seq=2188 v=0.895 w=-0.516 dt=40.1ms policy_zmq_lag=0.7ms action_age=40.2ms scan_age=39.5ms scan_rx_age=14.7ms odom_age=7.6ms odom_rx_age=6.6ms sensor_skew=32.0ms loop_to_send=6.1ms
[go2:sport] DRY cmd#2157 seq=2189 v=0.900 w=-0.637 dt=40.2ms policy_zmq_lag=0.7ms action_age=40.4ms scan_age=39.7ms scan_rx_age=15.8ms odom_age=8.0ms odom_rx_age=7.2ms sensor_skew=31.7ms loop_to_send=6.0ms
[go2:sport] DRY cmd#2158 seq=2190 v=0.895 w=-0.516 dt=40.8ms policy_zmq_lag=0.7ms action_age=40.6ms scan_age=39.9ms scan_rx_age=16.6ms odom_age=8.9ms odom_rx_age=7.8ms sensor_skew=31.0ms loop_to_send=6.6ms
[go2:sport] DRY cmd#2159 seq=2191 v=0.894 w=-0.544 dt=39.0ms policy_zmq_lag=0.7ms action_age=40.4ms scan_age=39.7ms scan_rx_age=15.4ms odom_age=7.9ms odom_rx_age=7.1ms sensor_skew=31.8ms loop_to_send=5.9ms
[go2:sport] DRY cmd#2160 seq=2192 v=0.900 w=-0.665 dt=40.0ms policy_zmq_lag=0.6ms action_age=40.3ms scan_age=39.7ms scan_rx_age=15.4ms odom_age=7.8ms odom_rx_age=7.0ms sensor_skew=31.8ms loop_to_send=5.8ms
[go2:sport] DRY cmd#2161 seq=2193 v=0.895 w=-0.546 dt=39.5ms policy_zmq_lag=0.6ms action_age=39.7ms scan_age=39.1ms scan_rx_age=14.9ms odom_age=7.1ms odom_rx_age=6.3ms sensor_skew=32.0ms loop_to_send=5.7ms
[go2:sport] DRY cmd#2162 seq=2194 v=0.900 w=-0.667 dt=41.0ms policy_zmq_lag=0.8ms action_age=40.7ms scan_age=39.9ms scan_rx_age=16.3ms odom_age=8.3ms odom_rx_age=7.5ms sensor_skew=31.6ms loop_to_send=6.3ms
[go2:sport] DRY cmd#2163 seq=2195 v=0.900 w=-0.725 dt=39.8ms policy_zmq_lag=0.7ms action_age=40.6ms scan_age=39.9ms scan_rx_age=15.0ms odom_age=7.8ms odom_rx_age=6.5ms sensor_skew=32.1ms loop_to_send=5.9ms
[go2:sport] DRY cmd#2164 seq=2196 v=0.893 w=-0.605 dt=41.2ms policy_zmq_lag=0.8ms action_age=41.8ms scan_age=41.0ms scan_rx_age=15.4ms odom_age=15.6ms odom_rx_age=13.4ms sensor_skew=25.4ms loop_to_send=6.9ms
[go2:sport] DRY cmd#2165 seq=2197 v=0.900 w=-0.723 dt=38.5ms policy_zmq_lag=0.7ms action_age=40.3ms scan_age=39.5ms scan_rx_age=15.8ms odom_age=7.7ms odom_rx_age=6.7ms sensor_skew=31.9ms loop_to_send=6.1ms
[go2:sport] DRY cmd#2166 seq=2198 v=0.897 w=-0.579 dt=48.5ms policy_zmq_lag=0.7ms action_age=48.6ms scan_age=47.9ms scan_rx_age=23.5ms odom_age=22.8ms odom_rx_age=21.9ms sensor_skew=25.1ms loop_to_send=6.3ms
[go2:sport] DRY cmd#2167 seq=2199 v=0.900 w=-0.676 dt=32.4ms policy_zmq_lag=0.6ms action_age=40.4ms scan_age=39.8ms scan_rx_age=16.3ms odom_age=8.6ms odom_rx_age=7.3ms sensor_skew=31.2ms loop_to_send=6.4ms
[go2:sport] DRY cmd#2168 seq=2200 v=0.895 w=-0.557 dt=39.5ms policy_zmq_lag=0.7ms action_age=40.7ms scan_age=40.0ms scan_rx_age=10.1ms odom_age=8.1ms odom_rx_age=7.0ms sensor_skew=31.9ms loop_to_send=6.4ms
[go2:sport] DRY cmd#2169 seq=2201 v=0.895 w=-0.499 dt=40.7ms policy_zmq_lag=0.8ms action_age=41.3ms scan_age=40.5ms scan_rx_age=16.4ms odom_age=8.6ms odom_rx_age=7.1ms sensor_skew=31.9ms loop_to_send=6.4ms
[go2:sport] DRY cmd#2170 seq=2202 v=0.900 w=-0.619 dt=40.1ms policy_zmq_lag=0.7ms action_age=41.3ms scan_age=40.5ms scan_rx_age=17.2ms odom_age=9.0ms odom_rx_age=8.0ms sensor_skew=31.5ms loop_to_send=6.4ms
[go2:sport] DRY cmd#2171 seq=2203 v=0.898 w=-0.571 dt=39.3ms policy_zmq_lag=0.7ms action_age=40.7ms scan_age=40.0ms scan_rx_age=16.0ms odom_age=8.3ms odom_rx_age=7.4ms sensor_skew=31.7ms loop_to_send=6.0ms
[go2:sport] DRY cmd#2172 seq=2204 v=0.900 w=-0.690 dt=39.3ms policy_zmq_lag=0.6ms action_age=39.8ms scan_age=39.2ms scan_rx_age=16.1ms odom_age=7.7ms odom_rx_age=6.9ms sensor_skew=31.5ms loop_to_send=5.8ms
[go2:sport] DRY cmd#2173 seq=2205 v=0.894 w=-0.569 dt=40.5ms policy_zmq_lag=0.6ms action_age=41.0ms scan_age=40.3ms scan_rx_age=15.6ms odom_age=8.1ms odom_rx_age=7.3ms sensor_skew=32.2ms loop_to_send=6.1ms
[go2:sport] DRY cmd#2174 seq=2206 v=0.895 w=-0.504 dt=40.9ms policy_zmq_lag=0.8ms action_age=41.2ms scan_age=40.4ms scan_rx_age=16.4ms odom_age=21.9ms odom_rx_age=20.9ms sensor_skew=18.5ms loop_to_send=6.5ms
[go2:sport] DRY cmd#2175 seq=2207 v=0.900 w=-0.263 dt=80.6ms policy_zmq_lag=0.7ms action_age=39.0ms scan_age=38.2ms scan_rx_age=17.2ms odom_age=9.5ms odom_rx_age=8.5ms sensor_skew=28.7ms loop_to_send=6.8ms
[go2:sport] DRY cmd#2176 seq=2208 v=0.900 w=-0.381 dt=39.3ms policy_zmq_lag=0.7ms action_age=41.3ms scan_age=40.6ms scan_rx_age=17.9ms odom_age=8.9ms odom_rx_age=8.0ms sensor_skew=31.7ms loop_to_send=6.7ms
[go2:sport] DRY cmd#2177 seq=2209 v=0.894 w=-0.488 dt=46.7ms policy_zmq_lag=0.7ms action_age=47.4ms scan_age=46.7ms scan_rx_age=17.5ms odom_age=38.9ms odom_rx_age=37.4ms sensor_skew=7.8ms loop_to_send=11.0ms
[go2:sport] DRY cmd#2178 seq=2210 v=0.894 w=-0.477 dt=34.0ms policy_zmq_lag=0.7ms action_age=41.9ms scan_age=41.2ms scan_rx_age=17.2ms odom_age=9.4ms odom_rx_age=7.6ms sensor_skew=31.8ms loop_to_send=6.7ms
[go2:sport] DRY cmd#2179 seq=2211 v=0.900 w=-0.594 dt=38.4ms policy_zmq_lag=0.7ms action_age=40.3ms scan_age=39.7ms scan_rx_age=16.4ms odom_age=8.1ms odom_rx_age=7.3ms sensor_skew=31.5ms loop_to_send=6.2ms
[go2:sport] DRY cmd#2180 seq=2212 v=0.895 w=-0.506 dt=41.1ms policy_zmq_lag=0.8ms action_age=41.6ms scan_age=40.8ms scan_rx_age=16.8ms odom_age=9.2ms odom_rx_age=8.2ms sensor_skew=31.6ms loop_to_send=6.9ms
[go2:sport] DRY cmd#2181 seq=2213 v=0.900 w=-0.627 dt=40.0ms policy_zmq_lag=0.7ms action_age=41.4ms scan_age=40.7ms scan_rx_age=17.3ms odom_age=9.0ms odom_rx_age=8.1ms sensor_skew=31.7ms loop_to_send=6.8ms
[go2:sport] DRY cmd#2182 seq=2214 v=0.894 w=-0.511 dt=38.3ms policy_zmq_lag=0.6ms action_age=39.9ms scan_age=39.3ms scan_rx_age=15.1ms odom_age=7.7ms odom_rx_age=7.0ms sensor_skew=31.6ms loop_to_send=5.8ms
[go2:sport] DRY cmd#2183 seq=2215 v=0.895 w=-0.495 dt=40.8ms policy_zmq_lag=0.7ms action_age=40.6ms scan_age=39.9ms scan_rx_age=16.2ms odom_age=8.3ms odom_rx_age=7.5ms sensor_skew=31.5ms loop_to_send=6.4ms
[go2:sport] DRY cmd#2184 seq=2216 v=0.900 w=-0.616 dt=39.8ms policy_zmq_lag=0.6ms action_age=40.5ms scan_age=39.9ms scan_rx_age=16.2ms odom_age=8.3ms odom_rx_age=7.3ms sensor_skew=31.6ms loop_to_send=5.8ms
[go2:sport] DRY cmd#2185 seq=2217 v=0.894 w=-0.507 dt=39.8ms policy_zmq_lag=0.6ms action_age=60.1ms scan_age=59.5ms scan_rx_age=35.6ms odom_age=7.9ms odom_rx_age=7.0ms sensor_skew=51.6ms loop_to_send=5.7ms
[go2:sport] DRY cmd#2186 seq=2218 v=0.900 w=-0.626 dt=40.3ms policy_zmq_lag=0.7ms action_age=40.5ms scan_age=39.9ms scan_rx_age=15.9ms odom_age=8.0ms odom_rx_age=6.8ms sensor_skew=31.9ms loop_to_send=6.3ms
[go2:sport] DRY cmd#2187 seq=2219 v=0.893 w=-0.560 dt=39.9ms policy_zmq_lag=0.7ms action_age=40.4ms scan_age=39.7ms scan_rx_age=15.8ms odom_age=7.9ms odom_rx_age=7.0ms sensor_skew=31.8ms loop_to_send=5.9ms
[go2:sport] DRY cmd#2188 seq=2220 v=0.895 w=-0.494 dt=41.0ms policy_zmq_lag=0.7ms action_age=41.4ms scan_age=40.6ms scan_rx_age=16.6ms odom_age=9.0ms odom_rx_age=8.0ms sensor_skew=31.7ms loop_to_send=6.7ms
[go2:sport] DRY cmd#2189 seq=2221 v=0.900 w=-0.613 dt=39.1ms policy_zmq_lag=0.7ms action_age=40.4ms scan_age=39.7ms scan_rx_age=15.1ms odom_age=8.1ms odom_rx_age=6.8ms sensor_skew=31.6ms loop_to_send=6.1ms
[go2:sport] DRY cmd#2190 seq=2222 v=0.894 w=-0.492 dt=40.3ms policy_zmq_lag=0.7ms action_age=40.9ms scan_age=40.1ms scan_rx_age=14.6ms odom_age=8.5ms odom_rx_age=7.4ms sensor_skew=31.7ms loop_to_send=6.1ms
[go2:sport] DRY cmd#2191 seq=2223 v=0.900 w=-0.373 dt=40.0ms policy_zmq_lag=0.7ms action_age=40.8ms scan_age=40.1ms scan_rx_age=15.3ms odom_age=8.5ms odom_rx_age=7.6ms sensor_skew=31.6ms loop_to_send=6.2ms
[go2:sport] DRY cmd#2192 seq=2224 v=0.894 w=-0.492 dt=39.5ms policy_zmq_lag=0.7ms action_age=40.3ms scan_age=39.7ms scan_rx_age=14.3ms odom_age=8.2ms odom_rx_age=7.3ms sensor_skew=31.5ms loop_to_send=6.0ms
[go2:sport] DRY cmd#2193 seq=2225 v=0.895 w=-0.497 dt=40.5ms policy_zmq_lag=0.7ms action_age=41.6ms scan_age=40.9ms scan_rx_age=16.0ms odom_age=18.2ms odom_rx_age=16.9ms sensor_skew=22.7ms loop_to_send=6.3ms
[go2:sport] DRY cmd#2194 seq=2226 v=0.900 w=-0.618 dt=39.9ms policy_zmq_lag=0.7ms action_age=40.7ms scan_age=40.0ms scan_rx_age=15.8ms odom_age=8.3ms odom_rx_age=7.3ms sensor_skew=31.7ms loop_to_send=6.1ms
[go2:sport] DRY cmd#2195 seq=2227 v=0.895 w=-0.499 dt=39.2ms policy_zmq_lag=0.7ms action_age=40.0ms scan_age=39.3ms scan_rx_age=14.6ms odom_age=7.7ms odom_rx_age=6.8ms sensor_skew=31.7ms loop_to_send=5.7ms
[go2:sport] DRY cmd#2196 seq=2228 v=0.894 w=-0.541 dt=40.0ms policy_zmq_lag=0.7ms action_age=40.1ms scan_age=39.4ms scan_rx_age=15.7ms odom_age=7.7ms odom_rx_age=6.9ms sensor_skew=31.7ms loop_to_send=5.8ms
[go2:sport] DRY cmd#2197 seq=2229 v=0.894 w=-0.538 dt=42.3ms policy_zmq_lag=0.7ms action_age=43.0ms scan_age=42.3ms scan_rx_age=16.7ms odom_age=10.0ms odom_rx_age=8.9ms sensor_skew=32.3ms loop_to_send=7.5ms
[go2:sport] DRY cmd#2198 seq=2230 v=0.895 w=-0.481 dt=38.4ms policy_zmq_lag=0.7ms action_age=41.5ms scan_age=40.8ms scan_rx_age=16.4ms odom_age=8.6ms odom_rx_age=7.7ms sensor_skew=32.3ms loop_to_send=6.1ms
[go2:sport] DRY cmd#2199 seq=2231 v=0.900 w=-0.600 dt=39.5ms policy_zmq_lag=0.7ms action_age=40.4ms scan_age=39.7ms scan_rx_age=15.0ms odom_age=8.1ms odom_rx_age=7.3ms sensor_skew=31.6ms loop_to_send=6.1ms
[go2:sport] DRY cmd#2200 seq=2232 v=0.894 w=-0.507 dt=39.7ms policy_zmq_lag=0.7ms action_age=40.0ms scan_age=39.4ms scan_rx_age=15.5ms odom_age=7.7ms odom_rx_age=6.9ms sensor_skew=31.7ms loop_to_send=5.7ms
[go2:sport] DRY cmd#2201 seq=2233 v=0.898 w=-0.569 dt=41.3ms policy_zmq_lag=0.8ms action_age=41.2ms scan_age=40.4ms scan_rx_age=16.8ms odom_age=8.0ms odom_rx_age=7.0ms sensor_skew=32.5ms loop_to_send=6.1ms
[go2:sport] DRY cmd#2202 seq=2234 v=0.900 w=-0.686 dt=38.9ms policy_zmq_lag=0.7ms action_age=40.1ms scan_age=39.4ms scan_rx_age=15.5ms odom_age=7.9ms odom_rx_age=7.0ms sensor_skew=31.5ms loop_to_send=5.9ms
[go2:sport] DRY cmd#2203 seq=2235 v=0.895 w=-0.565 dt=40.3ms policy_zmq_lag=0.7ms action_age=40.6ms scan_age=39.9ms scan_rx_age=13.6ms odom_age=18.1ms odom_rx_age=17.2ms sensor_skew=21.8ms loop_to_send=5.9ms
[go2:sport] DRY cmd#2204 seq=2236 v=0.900 w=-0.686 dt=44.7ms policy_zmq_lag=0.8ms action_age=45.0ms scan_age=44.3ms scan_rx_age=19.2ms odom_age=12.8ms odom_rx_age=11.8ms sensor_skew=31.5ms loop_to_send=10.3ms
[go2:sport] DRY cmd#2205 seq=2237 v=0.895 w=-0.566 dt=36.1ms policy_zmq_lag=0.7ms action_age=41.2ms scan_age=40.5ms scan_rx_age=16.5ms odom_age=9.0ms odom_rx_age=8.0ms sensor_skew=31.4ms loop_to_send=6.6ms
[go2:sport] DRY cmd#2206 seq=2238 v=0.894 w=-0.539 dt=39.4ms policy_zmq_lag=0.7ms action_age=40.7ms scan_age=40.1ms scan_rx_age=15.4ms odom_age=8.4ms odom_rx_age=7.4ms sensor_skew=31.7ms loop_to_send=6.1ms
[go2:sport] DRY cmd#2207 seq=2239 v=0.898 w=-0.419 dt=39.5ms policy_zmq_lag=0.7ms action_age=40.1ms scan_age=39.4ms scan_rx_age=15.9ms odom_age=8.0ms odom_rx_age=7.2ms sensor_skew=31.4ms loop_to_send=5.9ms
[go2:sport] DRY cmd#2208 seq=2240 v=0.895 w=-0.497 dt=39.9ms policy_zmq_lag=0.7ms action_age=40.1ms scan_age=39.4ms scan_rx_age=15.6ms odom_age=7.7ms odom_rx_age=6.9ms sensor_skew=31.7ms loop_to_send=5.7ms
[go2:sport] DRY cmd#2209 seq=2241 v=0.900 w=-0.617 dt=40.1ms policy_zmq_lag=0.7ms action_age=40.2ms scan_age=39.5ms scan_rx_age=15.6ms odom_age=8.1ms odom_rx_age=7.2ms sensor_skew=31.4ms loop_to_send=5.9ms
[go2:sport] DRY cmd#2210 seq=2242 v=0.894 w=-0.498 dt=40.0ms policy_zmq_lag=0.7ms action_age=40.2ms scan_age=39.5ms scan_rx_age=13.8ms odom_age=8.1ms odom_rx_age=7.2ms sensor_skew=31.4ms loop_to_send=6.0ms
[go2:sport] DRY cmd#2211 seq=2243 v=0.894 w=-0.541 dt=39.7ms policy_zmq_lag=0.6ms action_age=39.8ms scan_age=39.1ms scan_rx_age=15.5ms odom_age=7.7ms odom_rx_age=6.9ms sensor_skew=31.5ms loop_to_send=5.8ms
[go2:sport] DRY cmd#2212 seq=2244 v=0.900 w=-0.662 dt=40.3ms policy_zmq_lag=0.7ms action_age=40.1ms scan_age=39.4ms scan_rx_age=14.9ms odom_age=8.0ms odom_rx_age=7.1ms sensor_skew=31.4ms loop_to_send=5.9ms
[go2:sport] DRY cmd#2213 seq=2245 v=0.896 w=-0.552 dt=40.1ms policy_zmq_lag=0.6ms action_age=40.3ms scan_age=39.6ms scan_rx_age=14.5ms odom_age=8.0ms odom_rx_age=7.1ms sensor_skew=31.6ms loop_to_send=5.9ms
[go2:sport] DRY cmd#2214 seq=2246 v=0.900 w=-0.671 dt=40.0ms policy_zmq_lag=0.7ms action_age=40.2ms scan_age=39.5ms scan_rx_age=15.9ms odom_age=8.1ms odom_rx_age=7.2ms sensor_skew=31.4ms loop_to_send=6.0ms
[go2:sport] DRY cmd#2215 seq=2247 v=0.894 w=-0.551 dt=39.9ms policy_zmq_lag=0.7ms action_age=40.2ms scan_age=39.5ms scan_rx_age=15.3ms odom_age=7.9ms odom_rx_age=7.1ms sensor_skew=31.5ms loop_to_send=5.9ms
[go2:sport] DRY cmd#2216 seq=2248 v=0.895 w=-0.494 dt=39.9ms policy_zmq_lag=0.7ms action_age=40.0ms scan_age=39.3ms scan_rx_age=15.8ms odom_age=7.9ms odom_rx_age=6.9ms sensor_skew=31.5ms loop_to_send=5.7ms
[go2:sport] DRY cmd#2217 seq=2249 v=0.900 w=-0.614 dt=39.8ms policy_zmq_lag=0.7ms action_age=40.0ms scan_age=39.3ms scan_rx_age=14.8ms odom_age=7.6ms odom_rx_age=6.8ms sensor_skew=31.7ms loop_to_send=5.7ms
[go2:sport] DRY cmd#2218 seq=2250 v=0.899 w=-0.494 dt=40.5ms policy_zmq_lag=0.7ms action_age=40.5ms scan_age=39.8ms scan_rx_age=14.7ms odom_age=8.3ms odom_rx_age=7.4ms sensor_skew=31.5ms loop_to_send=6.1ms
[go2:sport] DRY cmd#2219 seq=2251 v=0.900 w=-0.617 dt=41.4ms policy_zmq_lag=0.7ms action_age=41.8ms scan_age=41.1ms scan_rx_age=16.9ms odom_age=9.6ms odom_rx_age=8.4ms sensor_skew=31.5ms loop_to_send=6.6ms
[go2:sport] DRY cmd#2220 seq=2252 v=0.894 w=-0.503 dt=38.4ms policy_zmq_lag=0.7ms action_age=40.1ms scan_age=39.4ms scan_rx_age=15.9ms odom_age=8.0ms odom_rx_age=7.1ms sensor_skew=31.3ms loop_to_send=5.9ms
[go2:sport] DRY cmd#2221 seq=2253 v=0.894 w=-0.501 dt=40.2ms policy_zmq_lag=0.7ms action_age=40.5ms scan_age=39.8ms scan_rx_age=16.2ms odom_age=8.2ms odom_rx_age=7.3ms sensor_skew=31.6ms loop_to_send=6.1ms
[go2:sport] DRY cmd#2222 seq=2254 v=0.900 w=-0.621 dt=39.8ms policy_zmq_lag=0.7ms action_age=40.8ms scan_age=40.2ms scan_rx_age=16.2ms odom_age=8.0ms odom_rx_age=7.1ms sensor_skew=32.2ms loop_to_send=5.8ms
[go2:sport] DRY cmd#2223 seq=2255 v=0.900 w=-0.501 dt=40.1ms policy_zmq_lag=0.7ms action_age=40.3ms scan_age=39.5ms scan_rx_age=15.7ms odom_age=17.7ms odom_rx_age=16.5ms sensor_skew=21.8ms loop_to_send=5.9ms
[go2:sport] DRY cmd#2224 seq=2256 v=0.900 w=-0.622 dt=41.1ms policy_zmq_lag=0.8ms action_age=41.6ms scan_age=40.8ms scan_rx_age=16.8ms odom_age=9.1ms odom_rx_age=8.0ms sensor_skew=31.6ms loop_to_send=6.5ms
[go2:sport] DRY cmd#2225 seq=2257 v=0.894 w=-0.503 dt=39.1ms policy_zmq_lag=0.7ms action_age=40.6ms scan_age=40.0ms scan_rx_age=16.0ms odom_age=8.3ms odom_rx_age=7.3ms sensor_skew=31.7ms loop_to_send=6.0ms
[go2:sport] DRY cmd#2226 seq=2258 v=0.894 w=-0.492 dt=40.2ms policy_zmq_lag=0.7ms action_age=40.7ms scan_age=40.0ms scan_rx_age=16.7ms odom_age=8.5ms odom_rx_age=7.3ms sensor_skew=31.5ms loop_to_send=6.5ms
[go2:sport] DRY cmd#2227 seq=2259 v=0.900 w=-0.612 dt=39.6ms policy_zmq_lag=0.7ms action_age=40.2ms scan_age=39.5ms scan_rx_age=15.0ms odom_age=8.2ms odom_rx_age=7.3ms sensor_skew=31.3ms loop_to_send=6.1ms
[go2:sport] DRY cmd#2228 seq=2260 v=0.899 w=-0.491 dt=40.2ms policy_zmq_lag=0.7ms action_age=40.4ms scan_age=39.7ms scan_rx_age=14.2ms odom_age=8.2ms odom_rx_age=7.3ms sensor_skew=31.5ms loop_to_send=6.0ms
[go2:sport] DRY cmd#2229 seq=2261 v=0.900 w=-0.611 dt=40.3ms policy_zmq_lag=0.7ms action_age=40.8ms scan_age=40.1ms scan_rx_age=15.9ms odom_age=8.7ms odom_rx_age=7.7ms sensor_skew=31.4ms loop_to_send=6.3ms
[go2:sport] DRY cmd#2230 seq=2262 v=0.894 w=-0.518 dt=40.3ms policy_zmq_lag=0.7ms action_age=41.1ms scan_age=40.4ms scan_rx_age=16.5ms odom_age=8.9ms odom_rx_age=7.9ms sensor_skew=31.5ms loop_to_send=6.4ms
[go2:sport] DRY cmd#2231 seq=2263 v=0.894 w=-0.501 dt=39.7ms policy_zmq_lag=0.7ms action_age=40.8ms scan_age=40.1ms scan_rx_age=15.1ms odom_age=8.7ms odom_rx_age=7.7ms sensor_skew=31.5ms loop_to_send=6.2ms
[go2:sport] DRY cmd#2232 seq=2264 v=0.900 w=-0.621 dt=39.6ms policy_zmq_lag=0.7ms action_age=40.4ms scan_age=39.7ms scan_rx_age=14.1ms odom_age=8.2ms odom_rx_age=7.2ms sensor_skew=31.5ms loop_to_send=5.9ms
[go2:sport] DRY cmd#2233 seq=2265 v=0.895 w=-0.505 dt=42.7ms policy_zmq_lag=0.7ms action_age=43.0ms scan_age=42.3ms scan_rx_age=16.3ms odom_age=10.9ms odom_rx_age=9.5ms sensor_skew=31.4ms loop_to_send=8.4ms
[go2:sport] DRY cmd#2234 seq=2266 v=0.900 w=-0.624 dt=39.2ms policy_zmq_lag=2.3ms action_age=42.4ms scan_age=40.1ms scan_rx_age=14.9ms odom_age=8.7ms odom_rx_age=7.5ms sensor_skew=31.5ms loop_to_send=6.1ms
[go2:sport] DRY cmd#2235 seq=2267 v=0.895 w=-0.505 dt=38.1ms policy_zmq_lag=0.7ms action_age=40.4ms scan_age=39.7ms scan_rx_age=14.1ms odom_age=8.3ms odom_rx_age=7.2ms sensor_skew=31.4ms loop_to_send=5.9ms
[go2:sport] DRY cmd#2236 seq=2268 v=0.894 w=-0.487 dt=39.6ms policy_zmq_lag=0.7ms action_age=40.1ms scan_age=39.4ms scan_rx_age=15.7ms odom_age=7.8ms odom_rx_age=6.9ms sensor_skew=31.6ms loop_to_send=5.8ms
[go2:sport] DRY cmd#2237 seq=2269 v=0.900 w=-0.607 dt=41.9ms policy_zmq_lag=1.6ms action_age=41.9ms scan_age=40.3ms scan_rx_age=15.6ms odom_age=10.5ms odom_rx_age=9.3ms sensor_skew=29.8ms loop_to_send=6.7ms
[go2:sport] DRY cmd#2238 seq=2270 v=0.895 w=-0.501 dt=39.2ms policy_zmq_lag=0.8ms action_age=41.4ms scan_age=40.6ms scan_rx_age=14.8ms odom_age=8.7ms odom_rx_age=7.5ms sensor_skew=32.0ms loop_to_send=6.2ms
[go2:sport] DRY cmd#2239 seq=2271 v=0.900 w=-0.620 dt=40.2ms policy_zmq_lag=0.7ms action_age=41.4ms scan_age=40.7ms scan_rx_age=16.9ms odom_age=9.1ms odom_rx_age=7.7ms sensor_skew=31.5ms loop_to_send=6.8ms
[go2:sport] DRY cmd#2240 seq=2272 v=0.894 w=-0.541 dt=39.2ms policy_zmq_lag=0.7ms action_age=40.6ms scan_age=40.0ms scan_rx_age=14.6ms odom_age=8.4ms odom_rx_age=7.4ms sensor_skew=31.5ms loop_to_send=6.1ms
[go2:sport] DRY cmd#2241 seq=2273 v=0.894 w=-0.507 dt=39.5ms policy_zmq_lag=0.6ms action_age=40.1ms scan_age=39.5ms scan_rx_age=14.6ms odom_age=8.0ms odom_rx_age=7.2ms sensor_skew=31.5ms loop_to_send=5.7ms
[go2:sport] DRY cmd#2242 seq=2274 v=0.900 w=-0.627 dt=40.1ms policy_zmq_lag=0.7ms action_age=40.1ms scan_age=39.5ms scan_rx_age=14.8ms odom_age=8.2ms odom_rx_age=7.3ms sensor_skew=31.3ms loop_to_send=6.0ms
[go2:sport] DRY cmd#2243 seq=2275 v=0.895 w=-0.507 dt=39.8ms policy_zmq_lag=0.6ms action_age=40.0ms scan_age=39.3ms scan_rx_age=14.3ms odom_age=8.0ms odom_rx_age=7.1ms sensor_skew=31.4ms loop_to_send=5.9ms
[go2:sport] DRY cmd#2244 seq=2276 v=0.898 w=-0.520 dt=40.2ms policy_zmq_lag=0.6ms action_age=40.2ms scan_age=39.6ms scan_rx_age=16.3ms odom_age=8.1ms odom_rx_age=7.1ms sensor_skew=31.5ms loop_to_send=5.9ms
[go2:sport] DRY cmd#2245 seq=2277 v=0.894 w=-0.554 dt=40.0ms policy_zmq_lag=0.7ms action_age=37.6ms scan_age=36.9ms scan_rx_age=15.8ms odom_age=8.1ms odom_rx_age=7.3ms sensor_skew=28.8ms loop_to_send=6.1ms
[go2:sport] DRY cmd#2246 seq=2278 v=0.895 w=-0.489 dt=40.1ms policy_zmq_lag=0.6ms action_age=40.4ms scan_age=39.8ms scan_rx_age=12.6ms odom_age=7.5ms odom_rx_age=6.6ms sensor_skew=32.3ms loop_to_send=6.0ms
[go2:sport] DRY cmd#2247 seq=2279 v=0.900 w=-0.609 dt=40.0ms policy_zmq_lag=0.7ms action_age=40.9ms scan_age=40.3ms scan_rx_age=13.2ms odom_age=8.3ms odom_rx_age=7.5ms sensor_skew=32.0ms loop_to_send=5.9ms
[go2:sport] DRY cmd#2248 seq=2280 v=0.895 w=-0.507 dt=39.8ms policy_zmq_lag=0.7ms action_age=40.1ms scan_age=39.3ms scan_rx_age=15.8ms odom_age=8.0ms odom_rx_age=7.2ms sensor_skew=31.3ms loop_to_send=5.7ms
[go2:sport] DRY cmd#2249 seq=2281 v=0.893 w=-0.546 dt=40.6ms policy_zmq_lag=0.7ms action_age=40.6ms scan_age=39.9ms scan_rx_age=16.7ms odom_age=8.6ms odom_rx_age=7.8ms sensor_skew=31.3ms loop_to_send=6.2ms
[go2:sport] DRY cmd#2250 seq=2282 v=0.893 w=-0.524 dt=40.1ms policy_zmq_lag=0.7ms action_age=40.8ms scan_age=40.0ms scan_rx_age=17.0ms odom_age=7.8ms odom_rx_age=6.7ms sensor_skew=32.3ms loop_to_send=6.2ms
[go2:sport] DRY cmd#2251 seq=2283 v=0.895 w=-0.509 dt=39.8ms policy_zmq_lag=0.7ms action_age=41.3ms scan_age=40.6ms scan_rx_age=15.2ms odom_age=7.6ms odom_rx_age=6.6ms sensor_skew=33.1ms loop_to_send=6.0ms
[go2:sport] DRY cmd#2252 seq=2284 v=0.900 w=-0.628 dt=39.5ms policy_zmq_lag=0.7ms action_age=40.2ms scan_age=39.5ms scan_rx_age=15.7ms odom_age=8.1ms odom_rx_age=7.2ms sensor_skew=31.4ms loop_to_send=5.9ms
[go2:sport] DRY cmd#2253 seq=2285 v=0.894 w=-0.508 dt=40.0ms policy_zmq_lag=0.7ms action_age=40.0ms scan_age=39.3ms scan_rx_age=14.4ms odom_age=7.9ms odom_rx_age=7.0ms sensor_skew=31.4ms loop_to_send=5.8ms
[go2:sport] DRY cmd#2254 seq=2286 v=0.897 w=-0.628 dt=39.8ms policy_zmq_lag=0.6ms action_age=39.9ms scan_age=39.3ms scan_rx_age=15.2ms odom_age=7.9ms odom_rx_age=7.0ms sensor_skew=31.3ms loop_to_send=5.9ms
[go2:sport] DRY cmd#2255 seq=2287 v=0.900 w=-0.726 dt=40.0ms policy_zmq_lag=0.6ms action_age=39.9ms scan_age=39.3ms scan_rx_age=15.4ms odom_age=8.0ms odom_rx_age=7.2ms sensor_skew=31.3ms loop_to_send=5.7ms
[go2:sport] DRY cmd#2256 seq=2288 v=0.895 w=-0.605 dt=40.5ms policy_zmq_lag=0.7ms action_age=40.5ms scan_age=39.8ms scan_rx_age=13.3ms odom_age=8.4ms odom_rx_age=7.6ms sensor_skew=31.4ms loop_to_send=6.0ms
[go2:sport] DRY cmd#2257 seq=2289 v=0.900 w=-0.725 dt=39.8ms policy_zmq_lag=0.7ms action_age=40.3ms scan_age=39.6ms scan_rx_age=14.8ms odom_age=8.3ms odom_rx_age=7.4ms sensor_skew=31.3ms loop_to_send=5.8ms
[go2:sport] DRY cmd#2258 seq=2290 v=0.894 w=-0.606 dt=40.6ms policy_zmq_lag=0.7ms action_age=40.9ms scan_age=40.2ms scan_rx_age=15.1ms odom_age=8.9ms odom_rx_age=8.0ms sensor_skew=31.3ms loop_to_send=6.6ms
[go2:sport] DRY cmd#2259 seq=2291 v=0.894 w=-0.566 dt=39.4ms policy_zmq_lag=0.7ms action_age=40.1ms scan_age=39.4ms scan_rx_age=16.1ms odom_age=8.1ms odom_rx_age=7.2ms sensor_skew=31.3ms loop_to_send=5.9ms
[go2:sport] DRY cmd#2260 seq=2292 v=0.900 w=-0.688 dt=40.9ms policy_zmq_lag=0.7ms action_age=41.0ms scan_age=40.3ms scan_rx_age=14.8ms odom_age=8.9ms odom_rx_age=7.7ms sensor_skew=31.4ms loop_to_send=6.1ms
[go2:sport] DRY cmd#2261 seq=2293 v=0.895 w=-0.571 dt=39.1ms policy_zmq_lag=0.7ms action_age=40.3ms scan_age=39.6ms scan_rx_age=14.2ms odom_age=8.2ms odom_rx_age=7.3ms sensor_skew=31.4ms loop_to_send=6.1ms
[go2:sport] DRY cmd#2262 seq=2294 v=0.900 w=-0.691 dt=39.9ms policy_zmq_lag=0.7ms action_age=40.0ms scan_age=39.4ms scan_rx_age=16.4ms odom_age=7.9ms odom_rx_age=7.1ms sensor_skew=31.5ms loop_to_send=5.9ms
[go2:sport] DRY cmd#2263 seq=2295 v=0.894 w=-0.571 dt=40.1ms policy_zmq_lag=0.6ms action_age=40.1ms scan_age=39.5ms scan_rx_age=14.2ms odom_age=7.8ms odom_rx_age=6.7ms sensor_skew=31.6ms loop_to_send=5.9ms
[go2:sport] DRY cmd#2264 seq=2296 v=0.895 w=-0.493 dt=39.9ms policy_zmq_lag=0.7ms action_age=40.1ms scan_age=39.4ms scan_rx_age=14.9ms odom_age=8.0ms odom_rx_age=7.1ms sensor_skew=31.4ms loop_to_send=5.9ms
[go2:sport] DRY cmd#2265 seq=2297 v=0.900 w=-0.613 dt=40.9ms policy_zmq_lag=0.7ms action_age=41.1ms scan_age=40.4ms scan_rx_age=16.9ms odom_age=9.1ms odom_rx_age=8.0ms sensor_skew=31.3ms loop_to_send=6.6ms
[go2:sport] DRY cmd#2266 seq=2298 v=0.898 w=-0.577 dt=40.0ms policy_zmq_lag=0.7ms action_age=41.0ms scan_age=40.3ms scan_rx_age=16.3ms odom_age=9.0ms odom_rx_age=8.1ms sensor_skew=31.3ms loop_to_send=6.6ms
[go2:sport] DRY cmd#2267 seq=2299 v=0.900 w=-0.697 dt=39.7ms policy_zmq_lag=0.7ms action_age=40.7ms scan_age=40.0ms scan_rx_age=15.4ms odom_age=8.8ms odom_rx_age=7.9ms sensor_skew=31.2ms loop_to_send=6.5ms
[go2:sport] DRY cmd#2268 seq=2300 v=0.894 w=-0.576 dt=39.6ms policy_zmq_lag=0.7ms action_age=40.3ms scan_age=39.6ms scan_rx_age=14.7ms odom_age=8.2ms odom_rx_age=7.2ms sensor_skew=31.4ms loop_to_send=5.9ms
[go2:sport] DRY cmd#2269 seq=2301 v=0.894 w=-0.496 dt=40.1ms policy_zmq_lag=0.7ms action_age=40.4ms scan_age=39.6ms scan_rx_age=14.6ms odom_age=8.3ms odom_rx_age=7.4ms sensor_skew=31.3ms loop_to_send=6.2ms
[go2:sport] DRY cmd#2270 seq=2302 v=0.900 w=-0.617 dt=39.9ms policy_zmq_lag=0.7ms action_age=40.1ms scan_age=39.4ms scan_rx_age=16.5ms odom_age=8.4ms odom_rx_age=7.5ms sensor_skew=31.1ms loop_to_send=5.8ms
[go2:sport] DRY cmd#2271 seq=2303 v=0.900 w=-0.497 dt=39.9ms policy_zmq_lag=0.7ms action_age=40.1ms scan_age=39.5ms scan_rx_age=13.2ms odom_age=8.1ms odom_rx_age=7.3ms sensor_skew=31.4ms loop_to_send=5.7ms
[go2:sport] DRY cmd#2272 seq=2304 v=0.900 w=-0.616 dt=39.9ms policy_zmq_lag=0.8ms action_age=40.8ms scan_age=40.1ms scan_rx_age=16.1ms odom_age=8.1ms odom_rx_age=7.2ms sensor_skew=32.0ms loop_to_send=5.9ms
[go2:sport] DRY cmd#2273 seq=2305 v=0.894 w=-0.495 dt=40.4ms policy_zmq_lag=0.7ms action_age=40.4ms scan_age=39.7ms scan_rx_age=16.7ms odom_age=8.5ms odom_rx_age=7.4ms sensor_skew=31.2ms loop_to_send=6.0ms
[go2:sport] DRY cmd#2274 seq=2306 v=0.894 w=-0.502 dt=39.7ms policy_zmq_lag=0.7ms action_age=40.1ms scan_age=39.5ms scan_rx_age=15.3ms odom_age=8.0ms odom_rx_age=7.0ms sensor_skew=31.4ms loop_to_send=5.8ms
[go2:sport] DRY cmd#2275 seq=2307 v=0.900 w=-0.621 dt=40.1ms policy_zmq_lag=0.7ms action_age=40.2ms scan_age=39.5ms scan_rx_age=15.3ms odom_age=8.3ms odom_rx_age=7.5ms sensor_skew=31.2ms loop_to_send=5.9ms
[go2:sport] DRY cmd#2276 seq=2308 v=0.899 w=-0.592 dt=39.9ms policy_zmq_lag=0.7ms action_age=40.1ms scan_age=39.4ms scan_rx_age=15.7ms odom_age=8.3ms odom_rx_age=7.4ms sensor_skew=31.1ms loop_to_send=5.9ms
[go2:sport] DRY cmd#2277 seq=2309 v=0.900 w=-0.712 dt=39.9ms policy_zmq_lag=0.7ms action_age=40.2ms scan_age=39.5ms scan_rx_age=14.7ms odom_age=8.3ms odom_rx_age=7.5ms sensor_skew=31.2ms loop_to_send=5.9ms
[go2:sport] DRY cmd#2278 seq=2310 v=0.894 w=-0.591 dt=40.3ms policy_zmq_lag=0.7ms action_age=40.4ms scan_age=39.8ms scan_rx_age=13.8ms odom_age=8.3ms odom_rx_age=7.2ms sensor_skew=31.4ms loop_to_send=6.1ms
[go2:sport] DRY cmd#2279 seq=2311 v=0.894 w=-0.506 dt=39.8ms policy_zmq_lag=0.7ms action_age=40.3ms scan_age=39.6ms scan_rx_age=16.4ms odom_age=8.4ms odom_rx_age=7.5ms sensor_skew=31.3ms loop_to_send=6.0ms
[go2:sport] DRY cmd#2280 seq=2312 v=0.900 w=-0.627 dt=40.5ms policy_zmq_lag=0.7ms action_age=40.8ms scan_age=40.2ms scan_rx_age=16.0ms odom_age=8.6ms odom_rx_age=7.5ms sensor_skew=31.6ms loop_to_send=6.2ms
[go2:sport] DRY cmd#2281 seq=2313 v=0.899 w=-0.507 dt=39.6ms policy_zmq_lag=0.6ms action_age=40.2ms scan_age=39.6ms scan_rx_age=14.7ms odom_age=8.6ms odom_rx_age=7.8ms sensor_skew=31.0ms loop_to_send=6.0ms
[go2:sport] DRY cmd#2282 seq=2314 v=0.900 w=-0.627 dt=39.7ms policy_zmq_lag=0.7ms action_age=40.0ms scan_age=39.4ms scan_rx_age=15.0ms odom_age=8.1ms odom_rx_age=7.2ms sensor_skew=31.3ms loop_to_send=5.7ms
[go2:sport] DRY cmd#2283 seq=2315 v=0.894 w=-0.506 dt=41.5ms policy_zmq_lag=0.7ms action_age=41.5ms scan_age=40.8ms scan_rx_age=15.4ms odom_age=9.4ms odom_rx_age=8.1ms sensor_skew=31.3ms loop_to_send=6.6ms
[go2:sport] DRY cmd#2284 seq=2316 v=0.895 w=-0.499 dt=40.4ms policy_zmq_lag=0.7ms action_age=42.0ms scan_age=41.3ms scan_rx_age=17.0ms odom_age=9.8ms odom_rx_age=8.1ms sensor_skew=31.5ms loop_to_send=7.4ms
[go2:sport] DRY cmd#2285 seq=2317 v=0.900 w=-0.621 dt=40.5ms policy_zmq_lag=0.7ms action_age=42.4ms scan_age=41.6ms scan_rx_age=16.6ms odom_age=10.4ms odom_rx_age=9.2ms sensor_skew=31.3ms loop_to_send=7.2ms
[go2:sport] DRY cmd#2286 seq=2318 v=0.894 w=-0.504 dt=38.0ms policy_zmq_lag=0.7ms action_age=40.4ms scan_age=39.7ms scan_rx_age=16.5ms odom_age=8.6ms odom_rx_age=7.5ms sensor_skew=31.1ms loop_to_send=6.0ms
[go2:sport] DRY cmd#2287 seq=2319 v=0.900 w=-0.622 dt=40.2ms policy_zmq_lag=0.7ms action_age=40.7ms scan_age=40.0ms scan_rx_age=15.1ms odom_age=8.8ms odom_rx_age=7.9ms sensor_skew=31.2ms loop_to_send=6.6ms
[go2:sport] DRY cmd#2288 seq=2320 v=0.895 w=-0.510 dt=39.9ms policy_zmq_lag=0.7ms action_age=40.5ms scan_age=39.8ms scan_rx_age=16.7ms odom_age=8.6ms odom_rx_age=7.6ms sensor_skew=31.2ms loop_to_send=6.3ms
[go2:sport] DRY cmd#2289 seq=2321 v=0.895 w=-0.495 dt=39.7ms policy_zmq_lag=0.7ms action_age=40.3ms scan_age=39.6ms scan_rx_age=15.9ms odom_age=8.5ms odom_rx_age=7.5ms sensor_skew=31.2ms loop_to_send=6.1ms
[go2:sport] DRY cmd#2290 seq=2322 v=0.900 w=-0.616 dt=40.6ms policy_zmq_lag=0.7ms action_age=41.0ms scan_age=40.3ms scan_rx_age=15.8ms odom_age=15.8ms odom_rx_age=14.5ms sensor_skew=24.5ms loop_to_send=6.4ms
[go2:sport] DRY cmd#2291 seq=2323 v=0.894 w=-0.518 dt=39.0ms policy_zmq_lag=0.6ms action_age=39.8ms scan_age=39.1ms scan_rx_age=14.7ms odom_age=8.1ms odom_rx_age=7.3ms sensor_skew=31.0ms loop_to_send=5.7ms
[go2:sport] DRY cmd#2292 seq=2324 v=0.900 w=-0.638 dt=39.9ms policy_zmq_lag=0.6ms action_age=39.8ms scan_age=39.2ms scan_rx_age=14.2ms odom_age=8.0ms odom_rx_age=7.2ms sensor_skew=31.2ms loop_to_send=5.7ms
[go2:sport] DRY cmd#2293 seq=2325 v=0.894 w=-0.535 dt=40.1ms policy_zmq_lag=0.7ms action_age=39.9ms scan_age=39.3ms scan_rx_age=14.7ms odom_age=8.0ms odom_rx_age=7.3ms sensor_skew=31.2ms loop_to_send=5.7ms
[go2:sport] DRY cmd#2294 seq=2326 v=0.895 w=-0.480 dt=41.1ms policy_zmq_lag=0.7ms action_age=41.0ms scan_age=40.3ms scan_rx_age=16.7ms odom_age=9.1ms odom_rx_age=8.2ms sensor_skew=31.2ms loop_to_send=6.8ms
[go2:sport] DRY cmd#2295 seq=2327 v=0.900 w=-0.601 dt=39.7ms policy_zmq_lag=0.7ms action_age=40.6ms scan_age=39.9ms scan_rx_age=16.8ms odom_age=8.8ms odom_rx_age=7.9ms sensor_skew=31.2ms loop_to_send=6.2ms
[go2:sport] DRY cmd#2296 seq=2328 v=0.895 w=-0.489 dt=39.7ms policy_zmq_lag=0.6ms action_age=40.4ms scan_age=39.8ms scan_rx_age=16.1ms odom_age=8.4ms odom_rx_age=7.2ms sensor_skew=31.4ms loop_to_send=5.7ms
[go2:sport] DRY cmd#2297 seq=2329 v=0.898 w=-0.558 dt=39.6ms policy_zmq_lag=0.7ms action_age=40.6ms scan_age=39.9ms scan_rx_age=16.4ms odom_age=8.1ms odom_rx_age=6.9ms sensor_skew=31.8ms loop_to_send=5.8ms
[go2:sport] DRY cmd#2298 seq=2330 v=0.894 w=-0.567 dt=40.3ms policy_zmq_lag=0.7ms action_age=40.3ms scan_age=39.6ms scan_rx_age=15.0ms odom_age=8.4ms odom_rx_age=7.5ms sensor_skew=31.2ms loop_to_send=6.0ms
[go2:sport] DRY cmd#2299 seq=2331 v=0.895 w=-0.491 dt=39.6ms policy_zmq_lag=0.7ms action_age=40.7ms scan_age=40.0ms scan_rx_age=15.8ms odom_age=8.1ms odom_rx_age=7.3ms sensor_skew=32.0ms loop_to_send=5.8ms
[go2:sport] DRY cmd#2300 seq=2332 v=0.900 w=-0.612 dt=40.2ms policy_zmq_lag=0.7ms action_age=40.1ms scan_age=39.4ms scan_rx_age=15.8ms odom_age=8.3ms odom_rx_age=7.4ms sensor_skew=31.2ms loop_to_send=5.9ms
[go2:sport] DRY cmd#2301 seq=2333 v=0.895 w=-0.491 dt=40.1ms policy_zmq_lag=0.7ms action_age=40.3ms scan_age=39.7ms scan_rx_age=14.5ms odom_age=8.5ms odom_rx_age=7.6ms sensor_skew=31.2ms loop_to_send=5.9ms
[go2:sport] DRY cmd#2302 seq=2334 v=0.894 w=-0.550 dt=40.0ms policy_zmq_lag=0.7ms action_age=40.3ms scan_age=39.6ms scan_rx_age=15.1ms odom_age=8.5ms odom_rx_age=7.5ms sensor_skew=31.1ms loop_to_send=6.2ms
[go2:sport] DRY cmd#2303 seq=2335 v=0.894 w=-0.495 dt=40.4ms policy_zmq_lag=0.7ms action_age=40.7ms scan_age=40.0ms scan_rx_age=14.6ms odom_age=8.3ms odom_rx_age=6.9ms sensor_skew=31.8ms loop_to_send=6.3ms
[go2:sport] DRY cmd#2304 seq=2336 v=0.895 w=-0.512 dt=39.6ms policy_zmq_lag=0.7ms action_age=40.5ms scan_age=39.8ms scan_rx_age=14.8ms odom_age=8.5ms odom_rx_age=7.5ms sensor_skew=31.3ms loop_to_send=6.1ms
[go2:sport] DRY cmd#2305 seq=2337 v=0.900 w=-0.647 dt=46.1ms policy_zmq_lag=0.7ms action_age=46.6ms scan_age=45.9ms scan_rx_age=22.5ms odom_age=24.5ms odom_rx_age=23.3ms sensor_skew=21.4ms loop_to_send=7.1ms
[go2:sport] DRY cmd#2306 seq=2338 v=0.894 w=-0.542 dt=34.4ms policy_zmq_lag=0.7ms action_age=40.8ms scan_age=40.1ms scan_rx_age=16.4ms odom_age=8.7ms odom_rx_age=7.2ms sensor_skew=31.3ms loop_to_send=6.4ms
[go2:sport] DRY cmd#2307 seq=2339 v=0.894 w=-0.540 dt=40.7ms policy_zmq_lag=0.9ms action_age=41.7ms scan_age=40.9ms scan_rx_age=16.6ms odom_age=9.4ms odom_rx_age=8.1ms sensor_skew=31.4ms loop_to_send=6.6ms
[go2:sport] DRY cmd#2308 seq=2340 v=0.900 w=-0.660 dt=40.4ms policy_zmq_lag=0.9ms action_age=41.3ms scan_age=40.4ms scan_rx_age=14.6ms odom_age=9.5ms odom_rx_age=8.3ms sensor_skew=30.9ms loop_to_send=6.9ms
[go2:sport] DRY cmd#2309 seq=2341 v=0.895 w=-0.541 dt=38.7ms policy_zmq_lag=0.7ms action_age=40.5ms scan_age=39.8ms scan_rx_age=16.1ms odom_age=8.6ms odom_rx_age=7.6ms sensor_skew=31.3ms loop_to_send=6.2ms
[go2:sport] DRY cmd#2310 seq=2342 v=0.900 w=-0.662 dt=40.9ms policy_zmq_lag=1.0ms action_age=41.9ms scan_age=40.9ms scan_rx_age=15.6ms odom_age=9.3ms odom_rx_age=8.3ms sensor_skew=31.6ms loop_to_send=6.6ms
[go2:sport] DRY cmd#2311 seq=2343 v=0.895 w=-0.543 dt=39.1ms policy_zmq_lag=0.7ms action_age=40.6ms scan_age=39.9ms scan_rx_age=15.7ms odom_age=8.7ms odom_rx_age=7.2ms sensor_skew=31.3ms loop_to_send=6.5ms
[go2:sport] DRY cmd#2312 seq=2344 v=0.895 w=-0.500 dt=40.8ms policy_zmq_lag=0.7ms action_age=41.4ms scan_age=40.7ms scan_rx_age=15.4ms odom_age=9.5ms odom_rx_age=8.2ms sensor_skew=31.3ms loop_to_send=6.6ms
[go2:sport] DRY cmd#2313 seq=2345 v=0.900 w=-0.619 dt=39.3ms policy_zmq_lag=0.7ms action_age=40.9ms scan_age=40.1ms scan_rx_age=16.1ms odom_age=8.7ms odom_rx_age=7.3ms sensor_skew=31.5ms loop_to_send=6.5ms
[go2:sport] DRY cmd#2314 seq=2346 v=0.895 w=-0.516 dt=39.6ms policy_zmq_lag=0.7ms action_age=40.2ms scan_age=39.6ms scan_rx_age=14.3ms odom_age=8.5ms odom_rx_age=7.7ms sensor_skew=31.1ms loop_to_send=6.1ms
[go2:sport] DRY cmd#2315 seq=2347 v=0.900 w=-0.637 dt=39.8ms policy_zmq_lag=0.7ms action_age=40.2ms scan_age=39.5ms scan_rx_age=13.1ms odom_age=8.3ms odom_rx_age=7.4ms sensor_skew=31.3ms loop_to_send=5.8ms
[go2:sport] DRY cmd#2316 seq=2348 v=0.894 w=-0.517 dt=40.3ms policy_zmq_lag=0.7ms action_age=40.4ms scan_age=39.8ms scan_rx_age=16.5ms odom_age=8.8ms odom_rx_age=7.9ms sensor_skew=31.0ms loop_to_send=6.2ms
[go2:sport] DRY cmd#2317 seq=2349 v=0.894 w=-0.504 dt=40.5ms policy_zmq_lag=0.6ms action_age=41.0ms scan_age=40.4ms scan_rx_age=16.9ms odom_age=9.1ms odom_rx_age=8.2ms sensor_skew=31.3ms loop_to_send=6.6ms
[go2:sport] DRY cmd#2318 seq=2350 v=0.900 w=-0.623 dt=40.8ms policy_zmq_lag=0.7ms action_age=41.8ms scan_age=41.1ms scan_rx_age=17.6ms odom_age=10.0ms odom_rx_age=9.0ms sensor_skew=31.1ms loop_to_send=7.6ms
[go2:sport] DRY cmd#2319 seq=2351 v=0.898 w=-0.587 dt=38.2ms policy_zmq_lag=0.7ms action_age=39.9ms scan_age=39.2ms scan_rx_age=14.8ms odom_age=8.2ms odom_rx_age=7.3ms sensor_skew=31.1ms loop_to_send=5.8ms
[go2:sport] DRY cmd#2320 seq=2352 v=0.900 w=-0.707 dt=40.2ms policy_zmq_lag=0.7ms action_age=40.3ms scan_age=39.6ms scan_rx_age=15.3ms odom_age=8.4ms odom_rx_age=7.6ms sensor_skew=31.1ms loop_to_send=6.0ms
[go2:sport] DRY cmd#2321 seq=2353 v=0.895 w=-0.587 dt=40.1ms policy_zmq_lag=0.6ms action_age=40.4ms scan_age=39.7ms scan_rx_age=16.5ms odom_age=8.6ms odom_rx_age=7.7ms sensor_skew=31.1ms loop_to_send=6.1ms
[go2:sport] DRY cmd#2322 seq=2354 v=0.894 w=-0.499 dt=40.0ms policy_zmq_lag=0.7ms action_age=40.9ms scan_age=40.2ms scan_rx_age=15.9ms odom_age=8.5ms odom_rx_age=7.6ms sensor_skew=31.7ms loop_to_send=6.0ms
[go2:sport] DRY cmd#2323 seq=2355 v=0.900 w=-0.619 dt=40.3ms policy_zmq_lag=0.7ms action_age=40.5ms scan_age=39.8ms scan_rx_age=16.6ms odom_age=8.8ms odom_rx_age=7.8ms sensor_skew=31.1ms loop_to_send=6.1ms
[go2:sport] DRY cmd#2324 seq=2356 v=0.899 w=-0.500 dt=40.1ms policy_zmq_lag=0.7ms action_age=40.5ms scan_age=39.8ms scan_rx_age=14.9ms odom_age=8.7ms odom_rx_age=7.6ms sensor_skew=31.1ms loop_to_send=6.2ms
[go2:sport] DRY cmd#2325 seq=2357 v=0.900 w=-0.620 dt=40.0ms policy_zmq_lag=0.8ms action_age=40.4ms scan_age=39.6ms scan_rx_age=12.8ms odom_age=8.7ms odom_rx_age=7.6ms sensor_skew=31.0ms loop_to_send=6.3ms
[go2:sport] DRY cmd#2326 seq=2358 v=0.894 w=-0.499 dt=40.4ms policy_zmq_lag=0.7ms action_age=40.9ms scan_age=40.2ms scan_rx_age=15.7ms odom_age=9.2ms odom_rx_age=8.3ms sensor_skew=31.0ms loop_to_send=6.7ms
[go2:sport] DRY cmd#2327 seq=2359 v=0.894 w=-0.512 dt=40.5ms policy_zmq_lag=0.8ms action_age=41.5ms scan_age=40.7ms scan_rx_age=16.2ms odom_age=9.7ms odom_rx_age=8.8ms sensor_skew=31.0ms loop_to_send=7.0ms
[go2:sport] DRY cmd#2328 seq=2360 v=0.900 w=-0.633 dt=38.9ms policy_zmq_lag=0.7ms action_age=40.3ms scan_age=39.6ms scan_rx_age=15.4ms odom_age=8.5ms odom_rx_age=7.3ms sensor_skew=31.1ms loop_to_send=5.8ms
[go2:sport] DRY cmd#2329 seq=2361 v=0.896 w=-0.548 dt=40.1ms policy_zmq_lag=0.7ms action_age=40.5ms scan_age=39.8ms scan_rx_age=15.0ms odom_age=8.6ms odom_rx_age=7.6ms sensor_skew=31.2ms loop_to_send=6.0ms
[go2:sport] DRY cmd#2330 seq=2362 v=0.900 w=-0.668 dt=40.5ms policy_zmq_lag=0.7ms action_age=40.9ms scan_age=40.2ms scan_rx_age=16.6ms odom_age=9.2ms odom_rx_age=8.4ms sensor_skew=30.9ms loop_to_send=6.7ms
[go2:sport] DRY cmd#2331 seq=2363 v=0.894 w=-0.548 dt=39.5ms policy_zmq_lag=0.7ms action_age=40.3ms scan_age=39.6ms scan_rx_age=14.6ms odom_age=8.6ms odom_rx_age=7.7ms sensor_skew=31.0ms loop_to_send=6.2ms
[go2:sport] DRY cmd#2332 seq=2364 v=0.894 w=-0.498 dt=40.2ms policy_zmq_lag=0.7ms action_age=40.5ms scan_age=39.9ms scan_rx_age=16.8ms odom_age=9.0ms odom_rx_age=8.0ms sensor_skew=30.9ms loop_to_send=6.2ms
[go2:sport] DRY cmd#2333 seq=2365 v=0.900 w=-0.618 dt=39.5ms policy_zmq_lag=0.7ms action_age=40.0ms scan_age=39.3ms scan_rx_age=15.3ms odom_age=8.4ms odom_rx_age=7.6ms sensor_skew=30.9ms loop_to_send=5.9ms
[go2:sport] DRY cmd#2334 seq=2366 v=0.899 w=-0.497 dt=40.6ms policy_zmq_lag=0.7ms action_age=40.6ms scan_age=39.9ms scan_rx_age=16.7ms odom_age=8.9ms odom_rx_age=7.9ms sensor_skew=31.0ms loop_to_send=6.3ms
[go2:sport] DRY cmd#2335 seq=2367 v=0.900 w=-0.617 dt=39.3ms policy_zmq_lag=0.6ms action_age=39.9ms scan_age=39.3ms scan_rx_age=16.5ms odom_age=8.4ms odom_rx_age=7.6ms sensor_skew=30.8ms loop_to_send=5.7ms
[go2:sport] DRY cmd#2336 seq=2368 v=0.894 w=-0.546 dt=40.4ms policy_zmq_lag=0.7ms action_age=40.2ms scan_age=39.5ms scan_rx_age=16.0ms odom_age=8.6ms odom_rx_age=7.7ms sensor_skew=30.9ms loop_to_send=6.1ms
[go2:sport] DRY cmd#2337 seq=2369 v=0.894 w=-0.503 dt=39.5ms policy_zmq_lag=0.6ms action_age=39.9ms scan_age=39.3ms scan_rx_age=14.4ms odom_age=8.2ms odom_rx_age=7.4ms sensor_skew=31.1ms loop_to_send=5.7ms
[go2:sport] DRY cmd#2338 seq=2370 v=0.900 w=-0.623 dt=40.4ms policy_zmq_lag=0.7ms action_age=40.2ms scan_age=39.5ms scan_rx_age=14.7ms odom_age=8.7ms odom_rx_age=7.7ms sensor_skew=30.8ms loop_to_send=5.8ms
[go2:sport] DRY cmd#2339 seq=2371 v=0.895 w=-0.509 dt=39.8ms policy_zmq_lag=0.6ms action_age=40.0ms scan_age=39.3ms scan_rx_age=16.5ms odom_age=8.6ms odom_rx_age=7.7ms sensor_skew=30.8ms loop_to_send=5.9ms
[go2:sport] DRY cmd#2340 seq=2372 v=0.898 w=-0.629 dt=40.3ms policy_zmq_lag=0.7ms action_age=40.2ms scan_age=39.6ms scan_rx_age=15.2ms odom_age=8.5ms odom_rx_age=7.7ms sensor_skew=31.0ms loop_to_send=6.1ms
[go2:sport] DRY cmd#2341 seq=2373 v=0.894 w=-0.509 dt=39.9ms policy_zmq_lag=0.6ms action_age=40.1ms scan_age=39.5ms scan_rx_age=15.2ms odom_age=8.6ms odom_rx_age=7.6ms sensor_skew=30.9ms loop_to_send=6.0ms
[go2:sport] DRY cmd#2342 seq=2374 v=0.895 w=-0.487 dt=40.2ms policy_zmq_lag=0.7ms action_age=41.1ms scan_age=40.4ms scan_rx_age=15.1ms odom_age=8.7ms odom_rx_age=7.9ms sensor_skew=31.7ms loop_to_send=6.2ms
[go2:sport] DRY cmd#2343 seq=2375 v=0.900 w=-0.607 dt=39.6ms policy_zmq_lag=0.7ms action_age=40.0ms scan_age=39.2ms scan_rx_age=14.0ms odom_age=8.4ms odom_rx_age=7.6ms sensor_skew=30.8ms loop_to_send=5.8ms
[go2:sport] DRY cmd#2344 seq=2376 v=0.895 w=-0.513 dt=40.2ms policy_zmq_lag=0.7ms action_age=40.2ms scan_age=39.6ms scan_rx_age=13.5ms odom_age=8.8ms odom_rx_age=7.8ms sensor_skew=30.8ms loop_to_send=6.0ms
[go2:sport] DRY cmd#2345 seq=2377 v=0.899 w=-0.633 dt=39.9ms policy_zmq_lag=0.7ms action_age=40.2ms scan_age=39.4ms scan_rx_age=12.0ms odom_age=8.5ms odom_rx_age=7.6ms sensor_skew=31.0ms loop_to_send=6.0ms
[go2:sport] DRY cmd#2346 seq=2378 v=0.895 w=-0.533 dt=40.3ms policy_zmq_lag=0.7ms action_age=40.5ms scan_age=39.8ms scan_rx_age=16.4ms odom_age=8.8ms odom_rx_age=7.8ms sensor_skew=31.0ms loop_to_send=6.1ms
[go2:sport] DRY cmd#2347 seq=2379 v=0.894 w=-0.482 dt=39.9ms policy_zmq_lag=0.7ms action_age=41.1ms scan_age=40.4ms scan_rx_age=15.2ms odom_age=8.8ms odom_rx_age=8.0ms sensor_skew=31.6ms loop_to_send=6.2ms
[go2:sport] DRY cmd#2348 seq=2380 v=0.900 w=-0.602 dt=40.2ms policy_zmq_lag=0.7ms action_age=40.6ms scan_age=40.0ms scan_rx_age=15.5ms odom_age=9.0ms odom_rx_age=8.1ms sensor_skew=31.0ms loop_to_send=6.3ms
[go2:sport] DRY cmd#2349 seq=2381 v=0.895 w=-0.503 dt=39.9ms policy_zmq_lag=0.7ms action_age=40.4ms scan_age=39.7ms scan_rx_age=15.3ms odom_age=9.0ms odom_rx_age=8.2ms sensor_skew=30.7ms loop_to_send=6.3ms
[go2:sport] DRY cmd#2350 seq=2382 v=0.895 w=-0.516 dt=40.0ms policy_zmq_lag=0.7ms action_age=40.5ms scan_age=39.8ms scan_rx_age=14.8ms odom_age=8.9ms odom_rx_age=7.8ms sensor_skew=31.0ms loop_to_send=6.1ms
[go2:sport] DRY cmd#2351 seq=2383 v=0.898 w=-0.396 dt=39.8ms policy_zmq_lag=0.7ms action_age=40.2ms scan_age=39.5ms scan_rx_age=16.5ms odom_age=8.7ms odom_rx_age=7.8ms sensor_skew=30.8ms loop_to_send=6.1ms
[go2:sport] DRY cmd#2352 seq=2384 v=0.894 w=-0.499 dt=40.1ms policy_zmq_lag=0.7ms action_age=40.4ms scan_age=39.7ms scan_rx_age=16.1ms odom_age=8.8ms odom_rx_age=7.9ms sensor_skew=30.9ms loop_to_send=6.1ms
[go2:sport] DRY cmd#2353 seq=2385 v=0.900 w=-0.620 dt=43.2ms policy_zmq_lag=3.0ms action_age=43.5ms scan_age=40.5ms scan_rx_age=16.6ms odom_age=9.6ms odom_rx_age=8.7ms sensor_skew=30.9ms loop_to_send=6.9ms
[go2:sport] DRY cmd#2354 seq=2386 v=0.894 w=-0.500 dt=36.5ms policy_zmq_lag=0.7ms action_age=40.2ms scan_age=39.5ms scan_rx_age=14.2ms odom_age=8.5ms odom_rx_age=7.7ms sensor_skew=31.0ms loop_to_send=5.9ms
[go2:sport] DRY cmd#2355 seq=2387 v=0.894 w=-0.555 dt=41.1ms policy_zmq_lag=0.7ms action_age=41.2ms scan_age=40.5ms scan_rx_age=16.3ms odom_age=9.5ms odom_rx_age=8.5ms sensor_skew=31.0ms loop_to_send=6.7ms
[go2:sport] DRY cmd#2356 seq=2388 v=0.898 w=-0.587 dt=39.7ms policy_zmq_lag=0.7ms action_age=40.9ms scan_age=40.2ms scan_rx_age=15.5ms odom_age=9.2ms odom_rx_age=8.4ms sensor_skew=30.9ms loop_to_send=6.6ms
[go2:sport] DRY cmd#2357 seq=2389 v=0.895 w=-0.512 dt=39.5ms policy_zmq_lag=0.7ms action_age=40.2ms scan_age=39.5ms scan_rx_age=15.6ms odom_age=8.5ms odom_rx_age=7.7ms sensor_skew=31.0ms loop_to_send=6.0ms
[go2:sport] DRY cmd#2358 seq=2390 v=0.900 w=-0.632 dt=40.0ms policy_zmq_lag=0.7ms action_age=40.2ms scan_age=39.5ms scan_rx_age=16.5ms odom_age=8.6ms odom_rx_age=7.7ms sensor_skew=30.9ms loop_to_send=6.0ms
[go2:sport] DRY cmd#2359 seq=2391 v=0.895 w=-0.511 dt=41.6ms policy_zmq_lag=0.7ms action_age=41.8ms scan_age=41.1ms scan_rx_age=15.9ms odom_age=10.1ms odom_rx_age=9.1ms sensor_skew=31.0ms loop_to_send=7.4ms
[go2:sport] DRY cmd#2360 seq=2392 v=0.893 w=-0.556 dt=39.1ms policy_zmq_lag=0.7ms action_age=40.9ms scan_age=40.2ms scan_rx_age=16.8ms odom_age=12.5ms odom_rx_age=11.6ms sensor_skew=27.7ms loop_to_send=6.4ms
[go2:sport] DRY cmd#2361 seq=2393 v=0.900 w=-0.675 dt=39.8ms policy_zmq_lag=0.7ms action_age=40.7ms scan_age=40.0ms scan_rx_age=16.7ms odom_age=9.1ms odom_rx_age=8.1ms sensor_skew=31.0ms loop_to_send=6.5ms
[go2:sport] DRY cmd#2362 seq=2394 v=0.898 w=-0.595 dt=40.2ms policy_zmq_lag=0.7ms action_age=41.0ms scan_age=40.3ms scan_rx_age=16.3ms odom_age=9.4ms odom_rx_age=8.5ms sensor_skew=30.9ms loop_to_send=6.7ms
[go2:sport] DRY cmd#2363 seq=2395 v=0.900 w=-0.715 dt=39.1ms policy_zmq_lag=0.6ms action_age=40.1ms scan_age=39.4ms scan_rx_age=16.1ms odom_age=8.4ms odom_rx_age=7.5ms sensor_skew=31.0ms loop_to_send=5.9ms
[go2:sport] DRY cmd#2364 seq=2396 v=0.894 w=-0.594 dt=40.6ms policy_zmq_lag=0.7ms action_age=40.7ms scan_age=40.0ms scan_rx_age=16.1ms odom_age=9.2ms odom_rx_age=8.0ms sensor_skew=30.8ms loop_to_send=6.2ms
[go2:sport] DRY cmd#2365 seq=2397 v=0.895 w=-0.497 dt=39.7ms policy_zmq_lag=0.7ms action_age=40.2ms scan_age=39.5ms scan_rx_age=14.8ms odom_age=8.7ms odom_rx_age=7.7ms sensor_skew=30.8ms loop_to_send=6.0ms
[go2:sport] DRY cmd#2366 seq=2398 v=0.900 w=-0.618 dt=40.7ms policy_zmq_lag=0.7ms action_age=41.0ms scan_age=40.3ms scan_rx_age=16.7ms odom_age=22.7ms odom_rx_age=21.9ms sensor_skew=17.6ms loop_to_send=6.4ms
[go2:sport] DRY cmd#2367 seq=2399 v=0.898 w=-0.499 dt=39.2ms policy_zmq_lag=0.7ms action_age=40.1ms scan_age=39.5ms scan_rx_age=15.9ms odom_age=8.6ms odom_rx_age=7.7ms sensor_skew=30.9ms loop_to_send=6.0ms
[go2:sport] DRY cmd#2368 seq=2400 v=0.900 w=-0.619 dt=40.0ms policy_zmq_lag=0.7ms action_age=40.3ms scan_age=39.6ms scan_rx_age=15.8ms odom_age=8.7ms odom_rx_age=7.8ms sensor_skew=30.9ms loop_to_send=6.0ms
[go2:sport] DRY cmd#2369 seq=2401 v=0.895 w=-0.499 dt=40.3ms policy_zmq_lag=0.7ms action_age=40.5ms scan_age=39.8ms scan_rx_age=16.1ms odom_age=8.8ms odom_rx_age=7.8ms sensor_skew=31.0ms loop_to_send=6.2ms
[go2:sport] DRY cmd#2370 seq=2402 v=0.895 w=-0.498 dt=40.7ms policy_zmq_lag=0.8ms action_age=41.0ms scan_age=40.3ms scan_rx_age=16.2ms odom_age=9.6ms odom_rx_age=8.5ms sensor_skew=30.7ms loop_to_send=6.7ms
[go2:sport] DRY cmd#2371 seq=2403 v=0.900 w=-0.617 dt=39.3ms policy_zmq_lag=0.7ms action_age=40.5ms scan_age=39.8ms scan_rx_age=16.7ms odom_age=8.9ms odom_rx_age=8.0ms sensor_skew=31.0ms loop_to_send=6.3ms
[go2:sport] DRY cmd#2372 seq=2404 v=0.898 w=-0.582 dt=39.7ms policy_zmq_lag=0.7ms action_age=40.9ms scan_age=40.2ms scan_rx_age=15.6ms odom_age=8.7ms odom_rx_age=7.8ms sensor_skew=31.5ms loop_to_send=6.0ms
[go2:sport] DRY cmd#2373 seq=2405 v=0.900 w=-0.702 dt=40.0ms policy_zmq_lag=0.7ms action_age=40.1ms scan_age=39.4ms scan_rx_age=14.7ms odom_age=8.8ms odom_rx_age=7.9ms sensor_skew=30.6ms loop_to_send=6.0ms
[go2:sport] DRY cmd#2374 seq=2406 v=0.894 w=-0.582 dt=40.3ms policy_zmq_lag=0.7ms action_age=40.4ms scan_age=39.8ms scan_rx_age=16.0ms odom_age=12.2ms odom_rx_age=11.3ms sensor_skew=27.5ms loop_to_send=6.2ms
[go2:sport] DRY cmd#2375 seq=2407 v=0.894 w=-0.520 dt=40.0ms policy_zmq_lag=0.7ms action_age=40.4ms scan_age=39.7ms scan_rx_age=16.1ms odom_age=8.9ms odom_rx_age=8.0ms sensor_skew=30.7ms loop_to_send=6.2ms
[go2:sport] DRY cmd#2376 seq=2408 v=0.900 w=-0.640 dt=40.0ms policy_zmq_lag=0.7ms action_age=40.4ms scan_age=39.7ms scan_rx_age=16.1ms odom_age=8.2ms odom_rx_age=7.0ms sensor_skew=31.5ms loop_to_send=6.0ms
[go2:sport] DRY cmd#2377 seq=2409 v=0.899 w=-0.520 dt=40.5ms policy_zmq_lag=0.7ms action_age=40.8ms scan_age=40.1ms scan_rx_age=14.1ms odom_age=9.2ms odom_rx_age=8.2ms sensor_skew=30.9ms loop_to_send=6.4ms
[go2:sport] DRY cmd#2378 seq=2410 v=0.900 w=-0.639 dt=39.4ms policy_zmq_lag=0.7ms action_age=40.3ms scan_age=39.6ms scan_rx_age=14.5ms odom_age=8.8ms odom_rx_age=7.8ms sensor_skew=30.8ms loop_to_send=6.0ms
[go2:sport] DRY cmd#2379 seq=2411 v=0.894 w=-0.519 dt=40.4ms policy_zmq_lag=0.7ms action_age=40.7ms scan_age=40.0ms scan_rx_age=15.5ms odom_age=9.2ms odom_rx_age=8.2ms sensor_skew=30.8ms loop_to_send=6.4ms
[go2:sport] DRY cmd#2380 seq=2412 v=0.895 w=-0.495 dt=40.0ms policy_zmq_lag=0.7ms action_age=40.6ms scan_age=39.9ms scan_rx_age=16.4ms odom_age=9.0ms odom_rx_age=8.0ms sensor_skew=31.0ms loop_to_send=6.5ms
[go2:sport] DRY cmd#2381 seq=2413 v=0.900 w=-0.616 dt=40.1ms policy_zmq_lag=0.6ms action_age=40.6ms scan_age=40.0ms scan_rx_age=15.4ms odom_age=9.1ms odom_rx_age=8.1ms sensor_skew=30.9ms loop_to_send=6.4ms
[go2:sport] DRY cmd#2382 seq=2414 v=0.894 w=-0.505 dt=40.4ms policy_zmq_lag=0.8ms action_age=41.1ms scan_age=40.3ms scan_rx_age=15.3ms odom_age=9.4ms odom_rx_age=8.6ms sensor_skew=30.9ms loop_to_send=6.7ms
[go2:sport] DRY cmd#2383 seq=2415 v=0.900 w=-0.625 dt=38.9ms policy_zmq_lag=0.7ms action_age=39.9ms scan_age=39.2ms scan_rx_age=16.4ms odom_age=8.4ms odom_rx_age=7.6ms sensor_skew=30.8ms loop_to_send=5.8ms
[go2:sport] DRY cmd#2384 seq=2416 v=0.894 w=-0.505 dt=40.4ms policy_zmq_lag=0.7ms action_age=40.2ms scan_age=39.5ms scan_rx_age=16.7ms odom_age=8.8ms odom_rx_age=7.9ms sensor_skew=30.8ms loop_to_send=6.0ms
[go2:sport] DRY cmd#2385 seq=2417 v=0.894 w=-0.502 dt=39.9ms policy_zmq_lag=0.7ms action_age=40.2ms scan_age=39.5ms scan_rx_age=15.8ms odom_age=8.7ms odom_rx_age=7.8ms sensor_skew=30.8ms loop_to_send=6.0ms
[go2:sport] DRY cmd#2386 seq=2418 v=0.900 w=-0.622 dt=40.0ms policy_zmq_lag=0.7ms action_age=40.2ms scan_age=39.6ms scan_rx_age=16.4ms odom_age=8.8ms odom_rx_age=8.0ms sensor_skew=30.7ms loop_to_send=6.0ms
[go2:sport] DRY cmd#2387 seq=2419 v=0.895 w=-0.510 dt=39.8ms policy_zmq_lag=0.7ms action_age=39.9ms scan_age=39.2ms scan_rx_age=14.2ms odom_age=8.4ms odom_rx_age=7.6ms sensor_skew=30.8ms loop_to_send=5.8ms
[go2:sport] DRY cmd#2388 seq=2420 v=0.900 w=-0.630 dt=40.2ms policy_zmq_lag=0.7ms action_age=40.2ms scan_age=39.5ms scan_rx_age=14.8ms odom_age=8.7ms odom_rx_age=7.8ms sensor_skew=30.8ms loop_to_send=5.9ms
[go2:sport] DRY cmd#2389 seq=2421 v=0.894 w=-0.546 dt=40.5ms policy_zmq_lag=0.7ms action_age=40.7ms scan_age=40.0ms scan_rx_age=16.1ms odom_age=9.2ms odom_rx_age=8.3ms sensor_skew=30.7ms loop_to_send=6.4ms
[go2:sport] DRY cmd#2390 seq=2422 v=0.894 w=-0.494 dt=39.5ms policy_zmq_lag=0.7ms action_age=40.2ms scan_age=39.4ms scan_rx_age=15.3ms odom_age=8.5ms odom_rx_age=7.6ms sensor_skew=30.9ms loop_to_send=5.9ms
[go2:sport] DRY cmd#2391 seq=2423 v=0.900 w=-0.614 dt=40.2ms policy_zmq_lag=0.7ms action_age=40.3ms scan_age=39.6ms scan_rx_age=15.1ms odom_age=8.8ms odom_rx_age=7.9ms sensor_skew=30.8ms loop_to_send=6.0ms
[go2:sport] DRY cmd#2392 seq=2424 v=0.895 w=-0.497 dt=40.1ms policy_zmq_lag=0.7ms action_age=40.4ms scan_age=39.7ms scan_rx_age=16.8ms odom_age=8.9ms odom_rx_age=8.0ms sensor_skew=30.8ms loop_to_send=6.1ms
[go2:sport] DRY cmd#2393 seq=2425 v=0.898 w=-0.557 dt=39.9ms policy_zmq_lag=0.7ms action_age=40.3ms scan_age=39.6ms scan_rx_age=13.6ms odom_age=8.8ms odom_rx_age=7.8ms sensor_skew=30.8ms loop_to_send=6.0ms
[go2:sport] DRY cmd#2394 seq=2426 v=0.894 w=-0.566 dt=39.9ms policy_zmq_lag=0.7ms action_age=40.2ms scan_age=39.5ms scan_rx_age=15.9ms odom_age=8.7ms odom_rx_age=7.8ms sensor_skew=30.8ms loop_to_send=5.9ms
[go2:sport] DRY cmd#2395 seq=2427 v=0.895 w=-0.499 dt=39.8ms policy_zmq_lag=0.7ms action_age=40.5ms scan_age=39.9ms scan_rx_age=15.9ms odom_age=8.5ms odom_rx_age=7.6ms sensor_skew=31.4ms loop_to_send=5.7ms
[go2:sport] DRY cmd#2396 seq=2428 v=0.900 w=-0.619 dt=40.1ms policy_zmq_lag=0.7ms action_age=40.1ms scan_age=39.4ms scan_rx_age=16.0ms odom_age=8.6ms odom_rx_age=7.8ms sensor_skew=30.8ms loop_to_send=5.8ms
[go2:sport] DRY cmd#2397 seq=2429 v=0.895 w=-0.505 dt=40.8ms policy_zmq_lag=0.8ms action_age=41.4ms scan_age=40.6ms scan_rx_age=16.1ms odom_age=9.2ms odom_rx_age=8.1ms sensor_skew=31.5ms loop_to_send=6.4ms
[go2:sport] DRY cmd#2398 seq=2430 v=0.895 w=-0.624 dt=39.7ms policy_zmq_lag=0.7ms action_age=40.5ms scan_age=39.8ms scan_rx_age=16.3ms odom_age=9.2ms odom_rx_age=8.1ms sensor_skew=30.7ms loop_to_send=6.3ms
[go2:sport] DRY cmd#2399 seq=2431 v=0.898 w=-0.584 dt=41.3ms policy_zmq_lag=0.7ms action_age=41.9ms scan_age=41.2ms scan_rx_age=18.0ms odom_age=8.7ms odom_rx_age=7.1ms sensor_skew=32.5ms loop_to_send=6.4ms
[go2:sport] DRY cmd#2400 seq=2432 v=0.894 w=-0.489 dt=38.6ms policy_zmq_lag=0.8ms action_age=41.0ms scan_age=40.2ms scan_rx_age=15.4ms odom_age=8.8ms odom_rx_age=7.6ms sensor_skew=31.5ms loop_to_send=6.2ms
[go2:sport] DRY cmd#2401 seq=2433 v=0.900 w=-0.610 dt=40.0ms policy_zmq_lag=0.7ms action_age=40.3ms scan_age=39.6ms scan_rx_age=16.3ms odom_age=9.2ms odom_rx_age=8.0ms sensor_skew=30.5ms loop_to_send=6.1ms
[go2:sport] DRY cmd#2402 seq=2434 v=0.894 w=-0.502 dt=39.9ms policy_zmq_lag=0.7ms action_age=40.4ms scan_age=39.7ms scan_rx_age=15.5ms odom_age=9.1ms odom_rx_age=8.2ms sensor_skew=30.7ms loop_to_send=6.1ms
[go2:sport] DRY cmd#2403 seq=2435 v=0.894 w=-0.526 dt=39.9ms policy_zmq_lag=0.7ms action_age=40.3ms scan_age=39.6ms scan_rx_age=16.1ms odom_age=8.8ms odom_rx_age=7.9ms sensor_skew=30.8ms loop_to_send=6.1ms
[go2:sport] DRY cmd#2404 seq=2436 v=0.899 w=-0.406 dt=40.0ms policy_zmq_lag=0.8ms action_age=40.2ms scan_age=39.5ms scan_rx_age=15.7ms odom_age=8.6ms odom_rx_age=7.6ms sensor_skew=30.8ms loop_to_send=6.0ms
[go2:sport] DRY cmd#2405 seq=2437 v=0.895 w=-0.487 dt=39.8ms policy_zmq_lag=0.7ms action_age=39.3ms scan_age=38.6ms scan_rx_age=13.2ms odom_age=8.6ms odom_rx_age=7.6ms sensor_skew=30.0ms loop_to_send=5.9ms
[go2:sport] DRY cmd#2406 seq=2438 v=0.900 w=-0.607 dt=40.2ms policy_zmq_lag=0.7ms action_age=40.3ms scan_age=39.6ms scan_rx_age=16.2ms odom_age=9.0ms odom_rx_age=8.1ms sensor_skew=30.7ms loop_to_send=6.0ms
[go2:sport] DRY cmd#2407 seq=2439 v=0.895 w=-0.503 dt=40.4ms policy_zmq_lag=0.7ms action_age=40.6ms scan_age=40.0ms scan_rx_age=16.3ms odom_age=9.3ms odom_rx_age=8.4ms sensor_skew=30.6ms loop_to_send=6.4ms
[go2:sport] DRY cmd#2408 seq=2440 v=0.894 w=-0.509 dt=40.0ms policy_zmq_lag=0.7ms action_age=40.5ms scan_age=39.8ms scan_rx_age=13.9ms odom_age=9.3ms odom_rx_age=8.2ms sensor_skew=30.6ms loop_to_send=6.3ms
[go2:sport] DRY cmd#2409 seq=2441 v=0.900 w=-0.388 dt=40.2ms policy_zmq_lag=0.8ms action_age=40.8ms scan_age=40.1ms scan_rx_age=10.6ms odom_age=9.3ms odom_rx_age=8.1ms sensor_skew=30.8ms loop_to_send=6.2ms
[go2:sport] DRY cmd#2410 seq=2442 v=0.895 w=-0.509 dt=40.1ms policy_zmq_lag=0.8ms action_age=40.8ms scan_age=40.0ms scan_rx_age=12.0ms odom_age=9.2ms odom_rx_age=7.9ms sensor_skew=30.8ms loop_to_send=6.2ms
[go2:sport] DRY cmd#2411 seq=2443 v=0.900 w=-0.628 dt=39.5ms policy_zmq_lag=0.7ms action_age=40.5ms scan_age=39.7ms scan_rx_age=14.4ms odom_age=8.9ms odom_rx_age=7.8ms sensor_skew=30.8ms loop_to_send=6.1ms
[go2:sport] DRY cmd#2412 seq=2444 v=0.894 w=-0.508 dt=41.0ms policy_zmq_lag=0.9ms action_age=41.5ms scan_age=40.6ms scan_rx_age=11.4ms odom_age=9.7ms odom_rx_age=8.5ms sensor_skew=30.9ms loop_to_send=7.0ms
[go2:sport] DRY cmd#2413 seq=2445 v=0.893 w=-0.551 dt=39.2ms policy_zmq_lag=0.7ms action_age=40.5ms scan_age=39.8ms scan_rx_age=15.6ms odom_age=8.9ms odom_rx_age=7.7ms sensor_skew=30.9ms loop_to_send=6.3ms
[go2:sport] DRY cmd#2414 seq=2446 v=0.900 w=-0.671 dt=39.9ms policy_zmq_lag=0.7ms action_age=40.5ms scan_age=39.7ms scan_rx_age=14.8ms odom_age=8.9ms odom_rx_age=7.7ms sensor_skew=30.8ms loop_to_send=6.2ms
[go2:sport] DRY cmd#2415 seq=2447 v=0.898 w=-0.580 dt=41.0ms policy_zmq_lag=0.7ms action_age=38.9ms scan_age=38.2ms scan_rx_age=16.1ms odom_age=10.0ms odom_rx_age=8.6ms sensor_skew=28.2ms loop_to_send=6.8ms
[go2:sport] DRY cmd#2416 seq=2448 v=0.900 w=-0.699 dt=39.5ms policy_zmq_lag=0.8ms action_age=41.0ms scan_age=40.3ms scan_rx_age=15.7ms odom_age=9.6ms odom_rx_age=8.5ms sensor_skew=30.7ms loop_to_send=6.5ms
[go2:sport] DRY cmd#2417 seq=2449 v=0.894 w=-0.580 dt=39.9ms policy_zmq_lag=0.8ms action_age=40.8ms scan_age=40.0ms scan_rx_age=15.9ms odom_age=9.4ms odom_rx_age=8.1ms sensor_skew=30.6ms loop_to_send=6.6ms
[go2:sport] DRY cmd#2418 seq=2450 v=0.894 w=-0.494 dt=40.6ms policy_zmq_lag=0.8ms action_age=41.3ms scan_age=40.6ms scan_rx_age=13.9ms odom_age=9.8ms odom_rx_age=8.6ms sensor_skew=30.7ms loop_to_send=7.0ms
[go2:sport] DRY cmd#2419 seq=2451 v=0.900 w=-0.614 dt=39.5ms policy_zmq_lag=0.7ms action_age=40.8ms scan_age=40.1ms scan_rx_age=15.6ms odom_age=9.3ms odom_rx_age=8.0ms sensor_skew=30.8ms loop_to_send=6.6ms
[go2:sport] DRY cmd#2420 seq=2452 v=0.899 w=-0.494 dt=39.7ms policy_zmq_lag=0.7ms action_age=40.6ms scan_age=39.8ms scan_rx_age=12.3ms odom_age=9.3ms odom_rx_age=8.3ms sensor_skew=30.5ms loop_to_send=6.3ms
[go2:sport] DRY cmd#2421 seq=2453 v=0.900 w=-0.614 dt=47.4ms policy_zmq_lag=0.7ms action_age=48.1ms scan_age=47.4ms scan_rx_age=20.8ms odom_age=16.8ms odom_rx_age=14.8ms sensor_skew=30.6ms loop_to_send=13.8ms
[go2:sport] DRY cmd#2422 seq=2454 v=0.894 w=-0.496 dt=33.2ms policy_zmq_lag=0.8ms action_age=42.1ms scan_age=41.2ms scan_rx_age=11.2ms odom_age=9.9ms odom_rx_age=7.7ms sensor_skew=31.3ms loop_to_send=6.4ms
[go2:sport] DRY cmd#2423 seq=2455 v=0.894 w=-0.504 dt=39.0ms policy_zmq_lag=0.7ms action_age=40.3ms scan_age=39.6ms scan_rx_age=16.0ms odom_age=9.0ms odom_rx_age=8.2ms sensor_skew=30.6ms loop_to_send=5.9ms
[go2:sport] DRY cmd#2424 seq=2456 v=0.900 w=-0.624 dt=40.6ms policy_zmq_lag=0.8ms action_age=60.8ms scan_age=60.1ms scan_rx_age=22.2ms odom_age=9.6ms odom_rx_age=8.3ms sensor_skew=50.5ms loop_to_send=6.5ms
[go2:sport] DRY cmd#2425 seq=2457 v=0.899 w=-0.599 dt=39.8ms policy_zmq_lag=0.8ms action_age=40.7ms scan_age=39.9ms scan_rx_age=16.4ms odom_age=9.2ms odom_rx_age=8.2ms sensor_skew=30.7ms loop_to_send=6.4ms
[go2:sport] DRY cmd#2426 seq=2458 v=0.894 w=-0.487 dt=40.5ms policy_zmq_lag=0.8ms action_age=61.2ms scan_age=60.4ms scan_rx_age=30.2ms odom_age=9.8ms odom_rx_age=8.6ms sensor_skew=50.7ms loop_to_send=6.7ms
[go2:sport] DRY cmd#2427 seq=2459 v=0.894 w=-0.534 dt=39.2ms policy_zmq_lag=0.9ms action_age=40.4ms scan_age=39.5ms scan_rx_age=15.1ms odom_age=8.9ms odom_rx_age=8.0ms sensor_skew=30.6ms loop_to_send=6.0ms
[go2:sport] DRY cmd#2428 seq=2460 v=0.899 w=-0.413 dt=44.6ms policy_zmq_lag=3.9ms action_age=68.2ms scan_age=64.3ms scan_rx_age=36.5ms odom_age=13.5ms odom_rx_age=9.4ms sensor_skew=50.8ms loop_to_send=7.4ms
[go2:sport] DRY cmd#2429 seq=2461 v=0.900 w=-0.534 dt=36.2ms policy_zmq_lag=0.8ms action_age=41.2ms scan_age=40.4ms scan_rx_age=7.2ms odom_age=19.7ms odom_rx_age=18.5ms sensor_skew=20.7ms loop_to_send=6.5ms
[go2:sport] DRY cmd#2430 seq=2462 v=0.899 w=-0.415 dt=39.4ms policy_zmq_lag=0.7ms action_age=40.5ms scan_age=39.8ms scan_rx_age=9.4ms odom_age=9.2ms odom_rx_age=8.2ms sensor_skew=30.6ms loop_to_send=6.4ms
[go2:sport] STALE_DROP cmd#2431 seq=2463 reasons=action_age=1350.4ms>80.0ms,odom_age=1309.7ms>50.0ms policy_zmq_lag=2.1ms action_age=1350.4ms scan_age=1348.4ms scan_rx_age=1321.8ms odom_age=1307.6ms odom_rx_age=1306.4ms sensor_skew=40.8ms loop_to_send=1294.4ms
[go2:sport] DRY cmd#2432 seq=2464 v=0.000 w=0.000 dt=3.9ms policy_zmq_lag=0.5ms
[go2:sport] DRY cmd#2433 seq=2465 v=0.000 w=0.000 dt=33.3ms policy_zmq_lag=0.5ms
[go2:sport] DRY cmd#2434 seq=2466 v=0.000 w=0.000 dt=32.2ms policy_zmq_lag=0.5ms
[go2:sport] DRY cmd#2435 seq=2467 v=0.000 w=0.000 dt=34.8ms policy_zmq_lag=0.5ms
[go2:sport] DRY cmd#2436 seq=2468 v=0.000 w=0.000 dt=40.5ms policy_zmq_lag=0.6ms
[go2:sport] DRY cmd#2437 seq=2469 v=0.000 w=0.000 dt=39.5ms policy_zmq_lag=0.7ms
[go2:sport] DRY cmd#2438 seq=2470 v=0.000 w=0.000 dt=40.0ms policy_zmq_lag=0.5ms
[go2:sport] DRY cmd#2439 seq=2471 v=0.000 w=0.000 dt=40.3ms policy_zmq_lag=0.6ms
[go2:sport] DRY cmd#2440 seq=2472 v=0.000 w=0.000 dt=40.5ms policy_zmq_lag=0.6ms
[go2:sport] DRY cmd#2441 seq=2473 v=0.000 w=0.000 dt=39.2ms policy_zmq_lag=0.6ms
[go2:sport] DRY cmd#2442 seq=2474 v=0.118 w=-0.118 dt=53.4ms policy_zmq_lag=0.7ms action_age=47.8ms scan_age=47.1ms scan_rx_age=23.2ms odom_age=16.9ms odom_rx_age=15.8ms sensor_skew=30.2ms loop_to_send=13.7ms
[go2:sport] DRY cmd#2443 seq=2475 v=0.238 w=-0.238 dt=32.9ms policy_zmq_lag=0.7ms action_age=40.7ms scan_age=40.0ms scan_rx_age=13.1ms odom_age=9.6ms odom_rx_age=8.5ms sensor_skew=30.4ms loop_to_send=6.4ms
[go2:sport] DRY cmd#2444 seq=2476 v=0.359 w=-0.359 dt=40.3ms policy_zmq_lag=0.7ms action_age=40.3ms scan_age=39.5ms scan_rx_age=16.6ms odom_age=9.9ms odom_rx_age=8.9ms sensor_skew=29.7ms loop_to_send=6.3ms
[go2:sport] DRY cmd#2445 seq=2477 v=0.479 w=-0.479 dt=39.9ms policy_zmq_lag=0.6ms action_age=39.7ms scan_age=39.1ms scan_rx_age=16.6ms odom_age=9.0ms odom_rx_age=7.3ms sensor_skew=30.1ms loop_to_send=6.4ms
[go2:sport] DRY cmd#2446 seq=2478 v=0.598 w=-0.360 dt=39.1ms policy_zmq_lag=0.6ms action_age=39.9ms scan_age=39.3ms scan_rx_age=16.0ms odom_age=8.9ms odom_rx_age=7.9ms sensor_skew=30.4ms loop_to_send=5.8ms
[go2:sport] DRY cmd#2447 seq=2479 v=0.718 w=-0.480 dt=39.8ms policy_zmq_lag=0.7ms action_age=39.8ms scan_age=39.1ms scan_rx_age=15.2ms odom_age=8.6ms odom_rx_age=7.6ms sensor_skew=30.5ms loop_to_send=5.7ms
[go2:sport] DRY cmd#2448 seq=2480 v=0.838 w=-0.494 dt=40.8ms policy_zmq_lag=1.2ms action_age=40.5ms scan_age=39.3ms scan_rx_age=12.7ms odom_age=9.0ms odom_rx_age=7.9ms sensor_skew=30.3ms loop_to_send=6.0ms
[go2:sport] DRY cmd#2449 seq=2481 v=0.894 w=-0.497 dt=43.3ms policy_zmq_lag=0.7ms action_age=42.4ms scan_age=41.7ms scan_rx_age=19.3ms odom_age=13.0ms odom_rx_age=11.3ms sensor_skew=28.7ms loop_to_send=8.9ms
[go2:sport] DRY cmd#2450 seq=2482 v=0.900 w=-0.618 dt=39.9ms policy_zmq_lag=0.7ms action_age=43.9ms scan_age=43.1ms scan_rx_age=19.3ms odom_age=11.8ms odom_rx_age=10.0ms sensor_skew=31.3ms loop_to_send=8.6ms
[go2:sport] DRY cmd#2451 seq=2483 v=0.896 w=-0.501 dt=36.3ms policy_zmq_lag=0.6ms action_age=38.9ms scan_age=38.3ms scan_rx_age=14.0ms odom_age=9.1ms odom_rx_age=8.2ms sensor_skew=29.2ms loop_to_send=6.0ms
[go2:sport] DRY cmd#2452 seq=2484 v=0.900 w=-0.621 dt=39.9ms policy_zmq_lag=0.6ms action_age=38.4ms scan_age=37.7ms scan_rx_age=11.4ms odom_age=9.1ms odom_rx_age=8.0ms sensor_skew=28.6ms loop_to_send=6.0ms
[go2:sport] DRY cmd#2453 seq=2485 v=0.895 w=-0.504 dt=40.0ms policy_zmq_lag=0.8ms action_age=39.4ms scan_age=38.7ms scan_rx_age=15.0ms odom_age=8.7ms odom_rx_age=7.3ms sensor_skew=29.9ms loop_to_send=5.9ms
[go2:sport] DRY cmd#2454 seq=2486 v=0.894 w=-0.488 dt=40.7ms policy_zmq_lag=1.3ms action_age=40.7ms scan_age=39.4ms scan_rx_age=15.9ms odom_age=8.5ms odom_rx_age=7.5ms sensor_skew=30.9ms loop_to_send=5.8ms
[go2:sport] DRY cmd#2455 seq=2487 v=0.900 w=-0.607 dt=39.6ms policy_zmq_lag=0.6ms action_age=39.0ms scan_age=38.4ms scan_rx_age=16.0ms odom_age=9.3ms odom_rx_age=8.1ms sensor_skew=29.1ms loop_to_send=6.1ms
[go2:sport] DRY cmd#2456 seq=2488 v=0.895 w=-0.488 dt=39.5ms policy_zmq_lag=0.6ms action_age=39.8ms scan_age=39.2ms scan_rx_age=14.9ms odom_age=9.0ms odom_rx_age=8.1ms sensor_skew=30.3ms loop_to_send=5.7ms
[go2:sport] DRY cmd#2457 seq=2489 v=0.899 w=-0.608 dt=39.9ms policy_zmq_lag=0.6ms action_age=39.7ms scan_age=39.1ms scan_rx_age=15.8ms odom_age=8.8ms odom_rx_age=8.0ms sensor_skew=30.3ms loop_to_send=5.6ms
[go2:sport] DRY cmd#2458 seq=2490 v=0.894 w=-0.561 dt=39.7ms policy_zmq_lag=0.6ms action_age=39.4ms scan_age=38.8ms scan_rx_age=16.4ms odom_age=8.7ms odom_rx_age=8.1ms sensor_skew=30.1ms loop_to_send=5.4ms
[go2:sport] DRY cmd#2459 seq=2491 v=0.894 w=-0.495 dt=40.3ms policy_zmq_lag=0.6ms action_age=39.8ms scan_age=39.2ms scan_rx_age=16.3ms odom_age=8.9ms odom_rx_age=8.1ms sensor_skew=30.3ms loop_to_send=5.6ms
[go2:sport] DRY cmd#2460 seq=2492 v=0.900 w=-0.616 dt=39.8ms policy_zmq_lag=0.6ms action_age=39.5ms scan_age=38.9ms scan_rx_age=16.5ms odom_age=12.0ms odom_rx_age=11.4ms sensor_skew=26.8ms loop_to_send=5.4ms
[go2:sport] DRY cmd#2461 seq=2493 v=0.894 w=-0.503 dt=40.0ms policy_zmq_lag=0.6ms action_age=39.4ms scan_age=38.8ms scan_rx_age=16.0ms odom_age=8.8ms odom_rx_age=8.1ms sensor_skew=30.1ms loop_to_send=5.4ms
[go2:sport] DRY cmd#2462 seq=2494 v=0.899 w=-0.622 dt=40.0ms policy_zmq_lag=0.6ms action_age=39.7ms scan_age=39.1ms scan_rx_age=16.0ms odom_age=8.8ms odom_rx_age=8.1ms sensor_skew=30.3ms loop_to_send=5.5ms
[go2:sport] DRY cmd#2463 seq=2495 v=0.898 w=-0.573 dt=40.0ms policy_zmq_lag=0.6ms action_age=39.7ms scan_age=39.1ms scan_rx_age=16.3ms odom_age=8.9ms odom_rx_age=8.2ms sensor_skew=30.2ms loop_to_send=5.5ms
[go2:sport] DRY cmd#2464 seq=2496 v=0.895 w=-0.476 dt=40.1ms policy_zmq_lag=0.6ms action_age=39.8ms scan_age=39.2ms scan_rx_age=16.2ms odom_age=8.7ms odom_rx_age=7.8ms sensor_skew=30.4ms loop_to_send=5.6ms
[go2:sport] DRY cmd#2465 seq=2497 v=0.900 w=-0.596 dt=40.1ms policy_zmq_lag=0.6ms action_age=40.5ms scan_age=39.9ms scan_rx_age=16.3ms odom_age=8.8ms odom_rx_age=7.9ms sensor_skew=31.0ms loop_to_send=5.7ms
[go2:sport] DRY cmd#2466 seq=2498 v=0.895 w=-0.501 dt=39.9ms policy_zmq_lag=0.6ms action_age=39.6ms scan_age=39.0ms scan_rx_age=16.1ms odom_age=8.9ms odom_rx_age=8.2ms sensor_skew=30.1ms loop_to_send=5.5ms
[go2:sport] DRY cmd#2467 seq=2499 v=0.894 w=-0.531 dt=40.0ms policy_zmq_lag=0.6ms action_age=39.6ms scan_age=39.0ms scan_rx_age=14.8ms odom_age=8.8ms odom_rx_age=7.9ms sensor_skew=30.1ms loop_to_send=5.5ms
[go2:sport] DRY cmd#2468 seq=2500 v=0.893 w=-0.527 dt=40.1ms policy_zmq_lag=0.6ms action_age=39.7ms scan_age=39.1ms scan_rx_age=16.3ms odom_age=9.0ms odom_rx_age=8.1ms sensor_skew=30.1ms loop_to_send=5.6ms
[go2:sport] DRY cmd#2469 seq=2501 v=0.895 w=-0.505 dt=40.1ms policy_zmq_lag=0.6ms action_age=39.8ms scan_age=39.2ms scan_rx_age=14.9ms odom_age=9.0ms odom_rx_age=8.1ms sensor_skew=30.1ms loop_to_send=5.7ms
[go2:sport] DRY cmd#2470 seq=2502 v=0.900 w=-0.625 dt=39.9ms policy_zmq_lag=0.6ms action_age=39.8ms scan_age=39.2ms scan_rx_age=16.5ms odom_age=9.0ms odom_rx_age=8.2ms sensor_skew=30.2ms loop_to_send=5.6ms
[go2:sport] DRY cmd#2471 seq=2503 v=0.894 w=-0.505 dt=40.0ms policy_zmq_lag=0.6ms action_age=39.8ms scan_age=39.2ms scan_rx_age=16.4ms odom_age=9.0ms odom_rx_age=8.1ms sensor_skew=30.2ms loop_to_send=5.7ms
[go2:sport] DRY cmd#2472 seq=2504 v=0.893 w=-0.552 dt=40.0ms policy_zmq_lag=0.6ms action_age=39.7ms scan_age=39.1ms scan_rx_age=16.2ms odom_age=9.0ms odom_rx_age=8.2ms sensor_skew=30.1ms loop_to_send=5.6ms
[go2:sport] DRY cmd#2473 seq=2505 v=0.900 w=-0.432 dt=39.9ms policy_zmq_lag=0.6ms action_age=39.6ms scan_age=39.1ms scan_rx_age=16.1ms odom_age=8.9ms odom_rx_age=8.2ms sensor_skew=30.2ms loop_to_send=5.5ms
[go2:sport] DRY cmd#2474 seq=2506 v=0.895 w=-0.491 dt=40.0ms policy_zmq_lag=0.6ms action_age=39.7ms scan_age=39.1ms scan_rx_age=13.6ms odom_age=8.8ms odom_rx_age=7.8ms sensor_skew=30.3ms loop_to_send=5.4ms
[go2:sport] DRY cmd#2475 seq=2507 v=0.900 w=-0.611 dt=40.2ms policy_zmq_lag=0.6ms action_age=39.8ms scan_age=39.2ms scan_rx_age=16.2ms odom_age=8.9ms odom_rx_age=8.0ms sensor_skew=30.3ms loop_to_send=5.6ms
[go2:sport] DRY cmd#2476 seq=2508 v=0.894 w=-0.501 dt=40.1ms policy_zmq_lag=0.6ms action_age=39.9ms scan_age=39.3ms scan_rx_age=16.3ms odom_age=9.1ms odom_rx_age=8.2ms sensor_skew=30.2ms loop_to_send=5.7ms
[go2:sport] DRY cmd#2477 seq=2509 v=0.894 w=-0.548 dt=40.2ms policy_zmq_lag=0.7ms action_age=40.0ms scan_age=39.4ms scan_rx_age=16.5ms odom_age=9.1ms odom_rx_age=8.2ms sensor_skew=30.3ms loop_to_send=5.8ms
[go2:sport] DRY cmd#2478 seq=2510 v=0.900 w=-0.668 dt=40.1ms policy_zmq_lag=0.7ms action_age=40.2ms scan_age=39.5ms scan_rx_age=13.4ms odom_age=9.1ms odom_rx_age=8.0ms sensor_skew=30.4ms loop_to_send=5.8ms
[go2:sport] DRY cmd#2479 seq=2511 v=0.895 w=-0.548 dt=40.2ms policy_zmq_lag=0.7ms action_age=40.2ms scan_age=39.6ms scan_rx_age=16.3ms odom_age=9.6ms odom_rx_age=8.7ms sensor_skew=30.0ms loop_to_send=6.1ms
[go2:sport] DRY cmd#2480 seq=2512 v=0.900 w=-0.668 dt=39.5ms policy_zmq_lag=0.6ms action_age=38.9ms scan_age=38.3ms scan_rx_age=16.4ms odom_age=8.8ms odom_rx_age=8.0ms sensor_skew=29.5ms loop_to_send=5.6ms
[go2:sport] DRY cmd#2481 seq=2513 v=0.894 w=-0.548 dt=41.3ms policy_zmq_lag=0.8ms action_age=41.1ms scan_age=40.3ms scan_rx_age=17.0ms odom_age=10.2ms odom_rx_age=9.3ms sensor_skew=30.1ms loop_to_send=6.7ms
[go2:sport] DRY cmd#2482 seq=2514 v=0.895 w=-0.489 dt=39.4ms policy_zmq_lag=0.7ms action_age=40.5ms scan_age=39.8ms scan_rx_age=16.7ms odom_age=9.7ms odom_rx_age=8.9ms sensor_skew=30.1ms loop_to_send=6.2ms
[go2:sport] DRY cmd#2483 seq=2515 v=0.900 w=-0.610 dt=40.8ms policy_zmq_lag=0.7ms action_age=41.2ms scan_age=40.5ms scan_rx_age=17.6ms odom_age=10.2ms odom_rx_age=8.9ms sensor_skew=30.3ms loop_to_send=6.8ms
[go2:sport] DRY cmd#2484 seq=2516 v=0.895 w=-0.501 dt=39.4ms policy_zmq_lag=0.7ms action_age=39.5ms scan_age=38.8ms scan_rx_age=15.9ms odom_age=8.6ms odom_rx_age=7.2ms sensor_skew=30.2ms loop_to_send=6.4ms
[go2:sport] DRY cmd#2485 seq=2517 v=0.900 w=-0.621 dt=39.7ms policy_zmq_lag=0.7ms action_age=40.3ms scan_age=39.5ms scan_rx_age=16.3ms odom_age=9.1ms odom_rx_age=8.0ms sensor_skew=30.4ms loop_to_send=6.1ms
[go2:sport] DRY cmd#2486 seq=2518 v=0.894 w=-0.501 dt=40.6ms policy_zmq_lag=0.7ms action_age=40.8ms scan_age=40.1ms scan_rx_age=16.8ms odom_age=9.9ms odom_rx_age=8.8ms sensor_skew=30.2ms loop_to_send=6.7ms
[go2:sport] DRY cmd#2487 seq=2519 v=0.894 w=-0.512 dt=39.6ms policy_zmq_lag=0.7ms action_age=40.6ms scan_age=39.9ms scan_rx_age=16.0ms odom_age=8.4ms odom_rx_age=6.8ms sensor_skew=31.5ms loop_to_send=6.0ms
[go2:sport] DRY cmd#2488 seq=2520 v=0.900 w=-0.631 dt=39.7ms policy_zmq_lag=0.7ms action_age=40.2ms scan_age=39.6ms scan_rx_age=16.4ms odom_age=9.2ms odom_rx_age=8.2ms sensor_skew=30.4ms loop_to_send=5.9ms
[go2:sport] DRY cmd#2489 seq=2521 v=0.899 w=-0.598 dt=40.3ms policy_zmq_lag=0.6ms action_age=40.5ms scan_age=39.9ms scan_rx_age=16.3ms odom_age=9.6ms odom_rx_age=8.4ms sensor_skew=30.3ms loop_to_send=6.2ms
[go2:sport] DRY cmd#2490 seq=2522 v=0.900 w=-0.718 dt=39.7ms policy_zmq_lag=0.7ms action_age=40.8ms scan_age=40.1ms scan_rx_age=16.3ms odom_age=9.4ms odom_rx_age=8.5ms sensor_skew=30.7ms loop_to_send=5.9ms
[go2:sport] DRY cmd#2491 seq=2523 v=0.894 w=-0.597 dt=41.1ms policy_zmq_lag=0.7ms action_age=41.3ms scan_age=40.5ms scan_rx_age=17.5ms odom_age=10.4ms odom_rx_age=9.6ms sensor_skew=30.1ms loop_to_send=6.6ms
[go2:sport] DRY cmd#2492 seq=2524 v=0.894 w=-0.478 dt=39.7ms policy_zmq_lag=0.7ms action_age=40.8ms scan_age=40.1ms scan_rx_age=15.8ms odom_age=10.1ms odom_rx_age=9.2ms sensor_skew=30.0ms loop_to_send=6.6ms
[go2:sport] DRY cmd#2493 seq=2525 v=0.900 w=-0.598 dt=44.2ms policy_zmq_lag=0.6ms action_age=45.1ms scan_age=44.4ms scan_rx_age=21.2ms odom_age=14.4ms odom_rx_age=13.5ms sensor_skew=30.0ms loop_to_send=11.0ms
[go2:sport] DRY cmd#2494 seq=2526 v=0.896 w=-0.478 dt=40.4ms policy_zmq_lag=0.7ms action_age=45.6ms scan_age=44.9ms scan_rx_age=21.2ms odom_age=14.5ms odom_rx_age=13.0ms sensor_skew=30.4ms loop_to_send=11.3ms
[go2:sport] DRY cmd#2495 seq=2527 v=0.900 w=-0.598 dt=35.6ms policy_zmq_lag=0.7ms action_age=41.1ms scan_age=40.4ms scan_rx_age=14.9ms odom_age=10.1ms odom_rx_age=8.8ms sensor_skew=30.3ms loop_to_send=6.8ms
[go2:sport] DRY cmd#2496 seq=2528 v=0.894 w=-0.480 dt=39.0ms policy_zmq_lag=0.6ms action_age=40.1ms scan_age=39.5ms scan_rx_age=16.5ms odom_age=9.4ms odom_rx_age=8.5ms sensor_skew=30.0ms loop_to_send=5.9ms
[go2:sport] DRY cmd#2497 seq=2529 v=0.895 w=-0.498 dt=40.7ms policy_zmq_lag=0.8ms action_age=40.7ms scan_age=39.9ms scan_rx_age=16.7ms odom_age=9.9ms odom_rx_age=8.9ms sensor_skew=30.0ms loop_to_send=6.4ms
[go2:sport] DRY cmd#2498 seq=2530 v=0.900 w=-0.618 dt=39.7ms policy_zmq_lag=0.7ms action_age=40.4ms scan_age=39.7ms scan_rx_age=17.0ms odom_age=9.7ms odom_rx_age=8.7ms sensor_skew=30.0ms loop_to_send=6.2ms
[go2:sport] DRY cmd#2499 seq=2531 v=0.898 w=-0.590 dt=40.5ms policy_zmq_lag=0.6ms action_age=40.9ms scan_age=40.3ms scan_rx_age=11.5ms odom_age=10.2ms odom_rx_age=8.7ms sensor_skew=30.1ms loop_to_send=6.7ms
[go2:sport] DRY cmd#2500 seq=2532 v=0.900 w=-0.710 dt=39.1ms policy_zmq_lag=0.6ms action_age=40.1ms scan_age=39.5ms scan_rx_age=17.2ms odom_age=9.4ms odom_rx_age=8.5ms sensor_skew=30.1ms loop_to_send=5.8ms
[go2:sport] DRY cmd#2501 seq=2533 v=0.894 w=-0.590 dt=39.7ms policy_zmq_lag=0.6ms action_age=39.7ms scan_age=39.1ms scan_rx_age=16.0ms odom_age=9.1ms odom_rx_age=8.4ms sensor_skew=30.0ms loop_to_send=5.6ms
[go2:sport] DRY cmd#2502 seq=2534 v=0.895 w=-0.499 dt=39.9ms policy_zmq_lag=0.6ms action_age=39.6ms scan_age=39.0ms scan_rx_age=16.4ms odom_age=9.0ms odom_rx_age=8.2ms sensor_skew=30.0ms loop_to_send=5.5ms
[go2:sport] DRY cmd#2503 seq=2535 v=0.900 w=-0.619 dt=39.8ms policy_zmq_lag=0.6ms action_age=39.4ms scan_age=38.8ms scan_rx_age=16.4ms odom_age=8.8ms odom_rx_age=8.1ms sensor_skew=30.1ms loop_to_send=5.3ms
[go2:sport] DRY cmd#2504 seq=2536 v=0.895 w=-0.499 dt=40.1ms policy_zmq_lag=0.6ms action_age=39.4ms scan_age=38.8ms scan_rx_age=16.0ms odom_age=8.8ms odom_rx_age=8.1ms sensor_skew=30.0ms loop_to_send=5.3ms
[go2:sport] DRY cmd#2505 seq=2537 v=0.900 w=-0.619 dt=40.4ms policy_zmq_lag=0.8ms action_age=39.8ms scan_age=39.0ms scan_rx_age=15.9ms odom_age=8.9ms odom_rx_age=8.2ms sensor_skew=30.0ms loop_to_send=5.5ms
[go2:sport] DRY cmd#2506 seq=2538 v=0.893 w=-0.557 dt=40.0ms policy_zmq_lag=0.8ms action_age=39.9ms scan_age=39.0ms scan_rx_age=16.0ms odom_age=8.9ms odom_rx_age=8.1ms sensor_skew=30.1ms loop_to_send=5.6ms
[go2:sport] DRY cmd#2507 seq=2539 v=0.895 w=-0.488 dt=40.1ms policy_zmq_lag=0.6ms action_age=40.1ms scan_age=39.5ms scan_rx_age=15.9ms odom_age=9.4ms odom_rx_age=8.6ms sensor_skew=30.1ms loop_to_send=5.9ms
[go2:sport] DRY cmd#2508 seq=2540 v=0.900 w=-0.608 dt=39.7ms policy_zmq_lag=0.7ms action_age=39.6ms scan_age=38.9ms scan_rx_age=16.4ms odom_age=8.9ms odom_rx_age=8.0ms sensor_skew=30.1ms loop_to_send=5.5ms
[go2:sport] DRY cmd#2509 seq=2541 v=0.895 w=-0.488 dt=39.7ms policy_zmq_lag=0.6ms action_age=39.4ms scan_age=38.7ms scan_rx_age=16.7ms odom_age=8.8ms odom_rx_age=8.1ms sensor_skew=29.9ms loop_to_send=5.3ms
[go2:sport] DRY cmd#2510 seq=2542 v=0.894 w=-0.531 dt=40.0ms policy_zmq_lag=0.6ms action_age=39.4ms scan_age=38.7ms scan_rx_age=16.2ms odom_age=8.8ms odom_rx_age=8.1ms sensor_skew=29.9ms loop_to_send=5.3ms
[go2:sport] DRY cmd#2511 seq=2543 v=0.893 w=-0.556 dt=40.4ms policy_zmq_lag=0.7ms action_age=39.9ms scan_age=39.1ms scan_rx_age=16.1ms odom_age=9.0ms odom_rx_age=8.3ms sensor_skew=30.1ms loop_to_send=5.6ms
[go2:sport] DRY cmd#2512 seq=2544 v=0.895 w=-0.502 dt=40.3ms policy_zmq_lag=0.6ms action_age=40.8ms scan_age=40.1ms scan_rx_age=16.5ms odom_age=9.4ms odom_rx_age=8.6ms sensor_skew=30.7ms loop_to_send=5.9ms
[go2:sport] DRY cmd#2513 seq=2545 v=0.900 w=-0.622 dt=41.2ms policy_zmq_lag=0.8ms action_age=41.4ms scan_age=40.5ms scan_rx_age=16.6ms odom_age=10.4ms odom_rx_age=9.5ms sensor_skew=30.1ms loop_to_send=6.9ms
[go2:sport] DRY cmd#2514 seq=2546 v=0.895 w=-0.503 dt=38.8ms policy_zmq_lag=0.7ms action_age=40.0ms scan_age=39.3ms scan_rx_age=16.9ms odom_age=9.5ms odom_rx_age=8.7ms sensor_skew=29.8ms loop_to_send=5.9ms
[go2:sport] DRY cmd#2515 seq=2547 v=0.893 w=-0.623 dt=39.5ms policy_zmq_lag=0.6ms action_age=40.2ms scan_age=39.6ms scan_rx_age=15.8ms odom_age=8.9ms odom_rx_age=7.9ms sensor_skew=30.7ms loop_to_send=5.5ms
[go2:sport] DRY cmd#2516 seq=2548 v=0.898 w=-0.537 dt=39.9ms policy_zmq_lag=0.6ms action_age=39.5ms scan_age=38.9ms scan_rx_age=16.0ms odom_age=8.8ms odom_rx_age=8.1ms sensor_skew=30.1ms loop_to_send=5.4ms
[go2:sport] DRY cmd#2517 seq=2549 v=0.895 w=-0.498 dt=40.0ms policy_zmq_lag=0.6ms action_age=39.4ms scan_age=38.8ms scan_rx_age=16.2ms odom_age=8.8ms odom_rx_age=8.1ms sensor_skew=29.9ms loop_to_send=5.3ms
[go2:sport] DRY cmd#2518 seq=2550 v=0.900 w=-0.618 dt=40.0ms policy_zmq_lag=0.6ms action_age=39.6ms scan_age=39.0ms scan_rx_age=16.5ms odom_age=8.9ms odom_rx_age=8.1ms sensor_skew=30.1ms loop_to_send=5.4ms
[go2:sport] DRY cmd#2519 seq=2551 v=0.894 w=-0.498 dt=40.0ms policy_zmq_lag=0.6ms action_age=39.6ms scan_age=39.0ms scan_rx_age=15.9ms odom_age=8.9ms odom_rx_age=8.2ms sensor_skew=30.1ms loop_to_send=5.4ms
[go2:sport] DRY cmd#2520 seq=2552 v=0.894 w=-0.527 dt=40.0ms policy_zmq_lag=0.6ms action_age=39.6ms scan_age=39.0ms scan_rx_age=16.1ms odom_age=8.8ms odom_rx_age=8.0ms sensor_skew=30.2ms loop_to_send=5.4ms
[go2:sport] DRY cmd#2521 seq=2553 v=0.898 w=-0.407 dt=40.3ms policy_zmq_lag=0.6ms action_age=39.7ms scan_age=39.1ms scan_rx_age=16.2ms odom_age=9.2ms odom_rx_age=8.3ms sensor_skew=29.9ms loop_to_send=5.6ms
[go2:sport] DRY cmd#2522 seq=2554 v=0.895 w=-0.504 dt=40.0ms policy_zmq_lag=0.7ms action_age=39.9ms scan_age=39.2ms scan_rx_age=16.5ms odom_age=9.2ms odom_rx_age=8.5ms sensor_skew=30.0ms loop_to_send=5.6ms
[go2:sport] DRY cmd#2523 seq=2555 v=0.900 w=-0.624 dt=39.9ms policy_zmq_lag=0.7ms action_age=39.8ms scan_age=39.1ms scan_rx_age=15.1ms odom_age=9.0ms odom_rx_age=8.2ms sensor_skew=30.1ms loop_to_send=5.5ms
[go2:sport] DRY cmd#2524 seq=2556 v=0.894 w=-0.504 dt=40.0ms policy_zmq_lag=0.7ms action_age=39.6ms scan_age=38.9ms scan_rx_age=14.1ms odom_age=9.0ms odom_rx_age=8.1ms sensor_skew=29.9ms loop_to_send=5.5ms
[go2:sport] DRY cmd#2525 seq=2557 v=0.893 w=-0.562 dt=39.8ms policy_zmq_lag=0.6ms action_age=39.5ms scan_age=38.9ms scan_rx_age=16.3ms odom_age=8.9ms odom_rx_age=8.2ms sensor_skew=30.0ms loop_to_send=5.4ms
[go2:sport] DRY cmd#2526 seq=2558 v=0.900 w=-0.682 dt=39.8ms policy_zmq_lag=0.6ms action_age=39.3ms scan_age=38.7ms scan_rx_age=16.2ms odom_age=8.7ms odom_rx_age=8.0ms sensor_skew=29.9ms loop_to_send=5.2ms
[go2:sport] DRY cmd#2527 seq=2559 v=0.895 w=-0.562 dt=40.3ms policy_zmq_lag=0.6ms action_age=39.6ms scan_age=39.0ms scan_rx_age=16.2ms odom_age=9.0ms odom_rx_age=8.2ms sensor_skew=30.0ms loop_to_send=5.5ms
[go2:sport] DRY cmd#2528 seq=2560 v=0.900 w=-0.682 dt=40.5ms policy_zmq_lag=0.9ms action_age=40.2ms scan_age=39.3ms scan_rx_age=16.5ms odom_age=9.2ms odom_rx_age=8.2ms sensor_skew=30.1ms loop_to_send=5.7ms
[go2:sport] DRY cmd#2529 seq=2561 v=0.894 w=-0.562 dt=40.1ms policy_zmq_lag=0.7ms action_age=40.2ms scan_age=39.5ms scan_rx_age=16.5ms odom_age=9.7ms odom_rx_age=9.0ms sensor_skew=29.8ms loop_to_send=5.9ms
[go2:sport] DRY cmd#2530 seq=2562 v=0.894 w=-0.554 dt=40.3ms policy_zmq_lag=0.9ms action_age=40.3ms scan_age=39.5ms scan_rx_age=16.5ms odom_age=9.2ms odom_rx_age=8.2ms sensor_skew=30.3ms loop_to_send=6.1ms
[go2:sport] DRY cmd#2531 seq=2563 v=0.900 w=-0.674 dt=39.7ms policy_zmq_lag=0.6ms action_age=40.2ms scan_age=39.6ms scan_rx_age=16.1ms odom_age=9.5ms odom_rx_age=8.4ms sensor_skew=30.1ms loop_to_send=6.0ms
[go2:sport] DRY cmd#2532 seq=2564 v=0.899 w=-0.616 dt=40.1ms policy_zmq_lag=0.6ms action_age=37.7ms scan_age=37.0ms scan_rx_age=15.1ms odom_age=9.4ms odom_rx_age=8.2ms sensor_skew=27.6ms loop_to_send=6.0ms
[go2:sport] DRY cmd#2533 seq=2565 v=0.900 w=-0.728 dt=42.1ms policy_zmq_lag=0.7ms action_age=42.4ms scan_age=41.7ms scan_rx_age=18.4ms odom_age=10.1ms odom_rx_age=7.7ms sensor_skew=31.6ms loop_to_send=6.8ms
[go2:sport] DRY cmd#2534 seq=2566 v=0.894 w=-0.612 dt=37.6ms policy_zmq_lag=0.6ms action_age=40.0ms scan_age=39.4ms scan_rx_age=14.6ms odom_age=9.4ms odom_rx_age=8.5ms sensor_skew=30.0ms loop_to_send=5.8ms
[go2:sport] DRY cmd#2535 seq=2567 v=0.895 w=-0.498 dt=40.1ms policy_zmq_lag=0.6ms action_age=40.1ms scan_age=39.5ms scan_rx_age=16.2ms odom_age=9.3ms odom_rx_age=8.3ms sensor_skew=30.1ms loop_to_send=5.9ms
[go2:sport] DRY cmd#2536 seq=2568 v=0.900 w=-0.618 dt=39.8ms policy_zmq_lag=0.6ms action_age=39.8ms scan_age=39.2ms scan_rx_age=16.0ms odom_age=9.2ms odom_rx_age=8.2ms sensor_skew=30.0ms loop_to_send=5.7ms
[go2:sport] DRY cmd#2537 seq=2569 v=0.895 w=-0.498 dt=39.7ms policy_zmq_lag=0.6ms action_age=39.6ms scan_age=39.0ms scan_rx_age=16.0ms odom_age=9.2ms odom_rx_age=8.5ms sensor_skew=29.8ms loop_to_send=5.5ms
[go2:sport] DRY cmd#2538 seq=2570 v=0.900 w=-0.619 dt=41.1ms policy_zmq_lag=0.6ms action_age=40.7ms scan_age=40.1ms scan_rx_age=17.0ms odom_age=10.3ms odom_rx_age=9.5ms sensor_skew=29.9ms loop_to_send=6.2ms
[go2:sport] DRY cmd#2539 seq=2571 v=0.894 w=-0.500 dt=39.3ms policy_zmq_lag=0.7ms action_age=40.1ms scan_age=39.4ms scan_rx_age=16.6ms odom_age=9.2ms odom_rx_age=8.1ms sensor_skew=30.2ms loop_to_send=5.8ms
[go2:sport] DRY cmd#2540 seq=2572 v=0.895 w=-0.492 dt=39.7ms policy_zmq_lag=0.7ms action_age=40.6ms scan_age=39.9ms scan_rx_age=14.3ms odom_age=9.1ms odom_rx_age=8.3ms sensor_skew=30.8ms loop_to_send=5.5ms
[go2:sport] DRY cmd#2541 seq=2573 v=0.900 w=-0.613 dt=40.1ms policy_zmq_lag=0.7ms action_age=39.8ms scan_age=39.2ms scan_rx_age=14.4ms odom_age=7.8ms odom_rx_age=7.0ms sensor_skew=31.4ms loop_to_send=5.4ms
[go2:sport] DRY cmd#2542 seq=2574 v=0.900 w=-0.494 dt=39.7ms policy_zmq_lag=0.6ms action_age=39.5ms scan_age=38.9ms scan_rx_age=16.2ms odom_age=9.0ms odom_rx_age=8.3ms sensor_skew=29.9ms loop_to_send=5.3ms
[go2:sport] DRY cmd#2543 seq=2575 v=0.900 w=-0.614 dt=40.0ms policy_zmq_lag=0.6ms action_age=39.5ms scan_age=38.9ms scan_rx_age=16.4ms odom_age=15.6ms odom_rx_age=14.7ms sensor_skew=23.3ms loop_to_send=5.3ms
[go2:sport] DRY cmd#2544 seq=2576 v=0.894 w=-0.508 dt=40.7ms policy_zmq_lag=0.7ms action_age=40.2ms scan_age=39.5ms scan_rx_age=15.3ms odom_age=9.4ms odom_rx_age=8.3ms sensor_skew=30.1ms loop_to_send=5.9ms
[go2:sport] DRY cmd#2545 seq=2577 v=0.894 w=-0.501 dt=39.9ms policy_zmq_lag=0.7ms action_age=40.1ms scan_age=39.5ms scan_rx_age=16.2ms odom_age=9.5ms odom_rx_age=8.7ms sensor_skew=29.9ms loop_to_send=5.9ms
[go2:sport] DRY cmd#2546 seq=2578 v=0.900 w=-0.621 dt=39.9ms policy_zmq_lag=0.6ms action_age=40.1ms scan_age=39.4ms scan_rx_age=16.2ms odom_age=9.4ms odom_rx_age=8.7ms sensor_skew=30.0ms loop_to_send=5.8ms
[go2:sport] DRY cmd#2547 seq=2579 v=0.895 w=-0.501 dt=39.8ms policy_zmq_lag=0.7ms action_age=39.8ms scan_age=39.2ms scan_rx_age=16.4ms odom_age=9.2ms odom_rx_age=8.4ms sensor_skew=30.0ms loop_to_send=5.6ms
[go2:sport] DRY cmd#2548 seq=2580 v=0.900 w=-0.621 dt=40.0ms policy_zmq_lag=0.7ms action_age=39.8ms scan_age=39.2ms scan_rx_age=16.3ms odom_age=9.3ms odom_rx_age=8.5ms sensor_skew=29.9ms loop_to_send=5.5ms
[go2:sport] DRY cmd#2549 seq=2581 v=0.895 w=-0.519 dt=39.7ms policy_zmq_lag=0.6ms action_age=39.3ms scan_age=38.8ms scan_rx_age=16.0ms odom_age=9.0ms odom_rx_age=8.3ms sensor_skew=29.7ms loop_to_send=5.3ms
[go2:sport] DRY cmd#2550 seq=2582 v=0.894 w=-0.485 dt=40.4ms policy_zmq_lag=0.7ms action_age=39.9ms scan_age=39.2ms scan_rx_age=16.3ms odom_age=9.4ms odom_rx_age=8.5ms sensor_skew=29.8ms loop_to_send=5.6ms
[go2:sport] DRY cmd#2551 seq=2583 v=0.900 w=-0.605 dt=39.9ms policy_zmq_lag=0.8ms action_age=39.7ms scan_age=39.0ms scan_rx_age=14.2ms odom_age=9.2ms odom_rx_age=8.3ms sensor_skew=29.8ms loop_to_send=5.5ms
[go2:sport] DRY cmd#2552 seq=2584 v=0.895 w=-0.518 dt=40.2ms policy_zmq_lag=0.6ms action_age=40.0ms scan_age=39.4ms scan_rx_age=14.6ms odom_age=9.5ms odom_rx_age=8.2ms sensor_skew=29.9ms loop_to_send=5.8ms
[go2:sport] DRY cmd#2553 seq=2585 v=0.900 w=-0.638 dt=40.0ms policy_zmq_lag=0.6ms action_age=40.0ms scan_age=39.3ms scan_rx_age=16.8ms odom_age=9.5ms odom_rx_age=8.7ms sensor_skew=29.8ms loop_to_send=5.9ms
[go2:sport] DRY cmd#2554 seq=2586 v=0.894 w=-0.558 dt=39.4ms policy_zmq_lag=0.6ms action_age=39.4ms scan_age=38.8ms scan_rx_age=16.1ms odom_age=8.9ms odom_rx_age=8.2ms sensor_skew=29.9ms loop_to_send=5.3ms
[go2:sport] DRY cmd#2555 seq=2587 v=0.894 w=-0.508 dt=39.9ms policy_zmq_lag=0.6ms action_age=39.4ms scan_age=38.9ms scan_rx_age=16.1ms odom_age=9.0ms odom_rx_age=8.3ms sensor_skew=29.8ms loop_to_send=5.3ms
[go2:sport] DRY cmd#2556 seq=2588 v=0.900 w=-0.628 dt=39.9ms policy_zmq_lag=0.6ms action_age=39.4ms scan_age=38.8ms scan_rx_age=16.4ms odom_age=8.9ms odom_rx_age=8.1ms sensor_skew=30.0ms loop_to_send=5.2ms
[go2:sport] DRY cmd#2557 seq=2589 v=0.895 w=-0.508 dt=40.0ms policy_zmq_lag=0.6ms action_age=39.4ms scan_age=38.8ms scan_rx_age=16.1ms odom_age=7.5ms odom_rx_age=6.7ms sensor_skew=31.3ms loop_to_send=5.2ms
[go2:sport] DRY cmd#2558 seq=2590 v=0.900 w=-0.388 dt=40.3ms policy_zmq_lag=0.6ms action_age=39.7ms scan_age=39.1ms scan_rx_age=15.9ms odom_age=9.1ms odom_rx_age=8.2ms sensor_skew=30.0ms loop_to_send=5.5ms
[go2:sport] DRY cmd#2559 seq=2591 v=0.893 w=-0.508 dt=39.9ms policy_zmq_lag=0.6ms action_age=39.5ms scan_age=38.8ms scan_rx_age=15.8ms odom_age=9.1ms odom_rx_age=8.3ms sensor_skew=29.7ms loop_to_send=5.4ms
[go2:sport] DRY cmd#2560 seq=2592 v=0.894 w=-0.496 dt=39.8ms policy_zmq_lag=0.6ms action_age=40.1ms scan_age=39.5ms scan_rx_age=16.0ms odom_age=9.0ms odom_rx_age=8.3ms sensor_skew=30.5ms loop_to_send=5.3ms
[go2:sport] DRY cmd#2561 seq=2593 v=0.900 w=-0.616 dt=39.9ms policy_zmq_lag=0.6ms action_age=39.3ms scan_age=38.7ms scan_rx_age=16.3ms odom_age=8.9ms odom_rx_age=8.1ms sensor_skew=29.8ms loop_to_send=5.2ms
[go2:sport] DRY cmd#2562 seq=2594 v=0.895 w=-0.500 dt=40.3ms policy_zmq_lag=0.6ms action_age=39.7ms scan_age=39.1ms scan_rx_age=16.6ms odom_age=9.1ms odom_rx_age=8.3ms sensor_skew=29.9ms loop_to_send=5.4ms
[go2:sport] DRY cmd#2563 seq=2595 v=0.893 w=-0.545 dt=40.2ms policy_zmq_lag=0.7ms action_age=39.8ms scan_age=39.1ms scan_rx_age=16.1ms odom_age=9.2ms odom_rx_age=8.4ms sensor_skew=29.9ms loop_to_send=5.5ms
[go2:sport] DRY cmd#2564 seq=2596 v=0.893 w=-0.544 dt=39.9ms policy_zmq_lag=0.7ms action_age=39.6ms scan_age=38.9ms scan_rx_age=16.4ms odom_age=9.2ms odom_rx_age=8.4ms sensor_skew=29.7ms loop_to_send=5.4ms
[go2:sport] DRY cmd#2565 seq=2597 v=0.894 w=-0.509 dt=39.8ms policy_zmq_lag=0.6ms action_age=40.0ms scan_age=39.4ms scan_rx_age=16.1ms odom_age=9.1ms odom_rx_age=8.3ms sensor_skew=30.4ms loop_to_send=5.3ms
[go2:sport] DRY cmd#2566 seq=2598 v=0.900 w=-0.629 dt=40.1ms policy_zmq_lag=0.6ms action_age=39.6ms scan_age=38.9ms scan_rx_age=16.5ms odom_age=9.1ms odom_rx_age=8.4ms sensor_skew=29.8ms loop_to_send=5.4ms
[go2:sport] DRY cmd#2567 seq=2599 v=0.895 w=-0.509 dt=39.9ms policy_zmq_lag=0.6ms action_age=39.5ms scan_age=38.9ms scan_rx_age=16.3ms odom_age=9.1ms odom_rx_age=8.3ms sensor_skew=29.8ms loop_to_send=5.3ms
[go2:sport] DRY cmd#2568 seq=2600 v=0.898 w=-0.499 dt=40.2ms policy_zmq_lag=0.7ms action_age=39.6ms scan_age=38.9ms scan_rx_age=16.6ms odom_age=8.9ms odom_rx_age=8.0ms sensor_skew=29.9ms loop_to_send=5.4ms
[go2:sport] DRY cmd#2569 seq=2601 v=0.900 w=-0.379 dt=39.8ms policy_zmq_lag=0.6ms action_age=39.4ms scan_age=38.9ms scan_rx_age=16.4ms odom_age=9.2ms odom_rx_age=8.4ms sensor_skew=29.7ms loop_to_send=5.4ms
[go2:sport] DRY cmd#2570 seq=2602 v=0.895 w=-0.479 dt=40.5ms policy_zmq_lag=0.6ms action_age=40.1ms scan_age=39.5ms scan_rx_age=13.8ms odom_age=9.6ms odom_rx_age=8.7ms sensor_skew=29.9ms loop_to_send=5.4ms
[go2:sport] DRY cmd#2571 seq=2603 v=0.900 w=-0.598 dt=39.5ms policy_zmq_lag=0.6ms action_age=39.4ms scan_age=38.8ms scan_rx_age=16.6ms odom_age=9.0ms odom_rx_age=8.3ms sensor_skew=29.7ms loop_to_send=5.3ms
[go2:sport] DRY cmd#2572 seq=2604 v=0.895 w=-0.496 dt=40.2ms policy_zmq_lag=0.7ms action_age=39.6ms scan_age=38.9ms scan_rx_age=15.5ms odom_age=9.1ms odom_rx_age=8.4ms sensor_skew=29.7ms loop_to_send=5.4ms
[go2:sport] DRY cmd#2573 seq=2605 v=0.893 w=-0.558 dt=39.8ms policy_zmq_lag=0.6ms action_age=39.4ms scan_age=38.8ms scan_rx_age=14.1ms odom_age=9.1ms odom_rx_age=8.0ms sensor_skew=29.7ms loop_to_send=5.3ms
[go2:sport] DRY cmd#2574 seq=2606 v=0.898 w=-0.438 dt=40.3ms policy_zmq_lag=0.5ms action_age=39.7ms scan_age=39.1ms scan_rx_age=16.7ms odom_age=9.5ms odom_rx_age=8.8ms sensor_skew=29.6ms loop_to_send=5.8ms
[go2:sport] DRY cmd#2575 seq=2607 v=0.895 w=-0.508 dt=39.6ms policy_zmq_lag=0.5ms action_age=39.5ms scan_age=38.9ms scan_rx_age=16.2ms odom_age=9.1ms odom_rx_age=8.4ms sensor_skew=29.8ms loop_to_send=5.3ms
[go2:sport] DRY cmd#2576 seq=2608 v=0.900 w=-0.628 dt=39.9ms policy_zmq_lag=0.6ms action_age=39.2ms scan_age=38.6ms scan_rx_age=16.4ms odom_age=9.0ms odom_rx_age=8.3ms sensor_skew=29.6ms loop_to_send=5.2ms
[go2:sport] DRY cmd#2577 seq=2609 v=0.894 w=-0.508 dt=40.0ms policy_zmq_lag=0.6ms action_age=39.2ms scan_age=38.7ms scan_rx_age=15.9ms odom_age=9.0ms odom_rx_age=8.2ms sensor_skew=29.6ms loop_to_send=5.2ms
[go2:sport] DRY cmd#2578 seq=2610 v=0.894 w=-0.546 dt=40.2ms policy_zmq_lag=0.6ms action_age=39.5ms scan_age=39.0ms scan_rx_age=16.2ms odom_age=9.2ms odom_rx_age=8.3ms sensor_skew=29.8ms loop_to_send=5.4ms
[go2:sport] DRY cmd#2579 seq=2611 v=0.900 w=-0.666 dt=40.2ms policy_zmq_lag=0.7ms action_age=39.6ms scan_age=39.0ms scan_rx_age=16.1ms odom_age=9.3ms odom_rx_age=8.4ms sensor_skew=29.7ms loop_to_send=5.5ms
[go2:sport] DRY cmd#2580 seq=2612 v=0.895 w=-0.546 dt=40.1ms policy_zmq_lag=0.8ms action_age=39.7ms scan_age=39.0ms scan_rx_age=15.7ms odom_age=9.3ms odom_rx_age=8.5ms sensor_skew=29.6ms loop_to_send=5.5ms
[go2:sport] DRY cmd#2581 seq=2613 v=0.900 w=-0.666 dt=39.6ms policy_zmq_lag=0.6ms action_age=39.5ms scan_age=38.9ms scan_rx_age=16.6ms odom_age=9.0ms odom_rx_age=8.3ms sensor_skew=29.9ms loop_to_send=5.3ms
[go2:sport] DRY cmd#2582 seq=2614 v=0.895 w=-0.546 dt=40.2ms policy_zmq_lag=0.7ms action_age=39.5ms scan_age=38.8ms scan_rx_age=14.4ms odom_age=9.2ms odom_rx_age=8.4ms sensor_skew=29.6ms loop_to_send=5.4ms
[go2:sport] DRY cmd#2583 seq=2615 v=0.894 w=-0.569 dt=40.0ms policy_zmq_lag=0.6ms action_age=39.6ms scan_age=38.9ms scan_rx_age=14.2ms odom_age=9.2ms odom_rx_age=8.5ms sensor_skew=29.7ms loop_to_send=5.4ms
[go2:sport] DRY cmd#2584 seq=2616 v=0.900 w=-0.689 dt=40.2ms policy_zmq_lag=0.6ms action_age=39.8ms scan_age=39.2ms scan_rx_age=16.5ms odom_age=9.5ms odom_rx_age=8.8ms sensor_skew=29.7ms loop_to_send=5.6ms
[go2:sport] DRY cmd#2585 seq=2617 v=0.899 w=-0.585 dt=39.7ms policy_zmq_lag=0.6ms action_age=39.4ms scan_age=38.8ms scan_rx_age=16.1ms odom_age=9.1ms odom_rx_age=8.4ms sensor_skew=29.7ms loop_to_send=5.3ms
[go2:sport] DRY cmd#2586 seq=2618 v=0.900 w=-0.705 dt=40.1ms policy_zmq_lag=0.6ms action_age=39.5ms scan_age=39.0ms scan_rx_age=16.2ms odom_age=9.2ms odom_rx_age=8.4ms sensor_skew=29.8ms loop_to_send=5.3ms
[go2:sport] DRY cmd#2587 seq=2619 v=0.894 w=-0.585 dt=40.1ms policy_zmq_lag=0.6ms action_age=39.7ms scan_age=39.1ms scan_rx_age=16.2ms odom_age=9.2ms odom_rx_age=8.3ms sensor_skew=29.9ms loop_to_send=5.4ms
[go2:sport] DRY cmd#2588 seq=2620 v=0.895 w=-0.486 dt=40.1ms policy_zmq_lag=0.7ms action_age=39.7ms scan_age=39.1ms scan_rx_age=13.3ms odom_age=9.4ms odom_rx_age=8.6ms sensor_skew=29.7ms loop_to_send=5.5ms
[go2:sport] DRY cmd#2589 seq=2621 v=0.900 w=-0.606 dt=39.6ms policy_zmq_lag=0.6ms action_age=39.3ms scan_age=38.7ms scan_rx_age=16.0ms odom_age=7.7ms odom_rx_age=7.0ms sensor_skew=30.9ms loop_to_send=5.2ms
[go2:sport] DRY cmd#2590 seq=2622 v=0.900 w=-0.485 dt=40.2ms policy_zmq_lag=0.7ms action_age=40.2ms scan_age=39.5ms scan_rx_age=13.8ms odom_age=9.2ms odom_rx_age=8.4ms sensor_skew=30.3ms loop_to_send=5.3ms
[go2:sport] DRY cmd#2591 seq=2623 v=0.900 w=-0.605 dt=39.9ms policy_zmq_lag=0.6ms action_age=39.5ms scan_age=38.9ms scan_rx_age=16.3ms odom_age=9.1ms odom_rx_age=8.3ms sensor_skew=29.8ms loop_to_send=5.4ms
[go2:sport] DRY cmd#2592 seq=2624 v=0.894 w=-0.504 dt=39.9ms policy_zmq_lag=0.6ms action_age=39.3ms scan_age=38.7ms scan_rx_age=16.2ms odom_age=9.1ms odom_rx_age=8.4ms sensor_skew=29.6ms loop_to_send=5.3ms
[go2:sport] DRY cmd#2593 seq=2625 v=0.895 w=-0.499 dt=40.5ms policy_zmq_lag=0.6ms action_age=39.8ms scan_age=39.2ms scan_rx_age=16.4ms odom_age=9.6ms odom_rx_age=8.8ms sensor_skew=29.6ms loop_to_send=5.8ms
[go2:sport] DRY cmd#2594 seq=2626 v=0.900 w=-0.620 dt=39.7ms policy_zmq_lag=0.7ms action_age=39.6ms scan_age=38.9ms scan_rx_age=15.0ms odom_age=9.3ms odom_rx_age=8.3ms sensor_skew=29.7ms loop_to_send=5.3ms
[go2:sport] DRY cmd#2595 seq=2627 v=0.899 w=-0.500 dt=40.0ms policy_zmq_lag=0.7ms action_age=39.6ms scan_age=38.9ms scan_rx_age=14.2ms odom_age=9.3ms odom_rx_age=8.5ms sensor_skew=29.6ms loop_to_send=5.4ms
[go2:sport] DRY cmd#2596 seq=2628 v=0.900 w=-0.620 dt=39.9ms policy_zmq_lag=0.7ms action_age=39.5ms scan_age=38.8ms scan_rx_age=15.2ms odom_age=9.1ms odom_rx_age=8.2ms sensor_skew=29.7ms loop_to_send=5.3ms
[go2:sport] DRY cmd#2597 seq=2629 v=0.894 w=-0.501 dt=40.3ms policy_zmq_lag=0.6ms action_age=39.9ms scan_age=39.3ms scan_rx_age=13.6ms odom_age=9.5ms odom_rx_age=8.7ms sensor_skew=29.7ms loop_to_send=5.6ms
[go2:sport] DRY cmd#2598 seq=2630 v=0.894 w=-0.508 dt=40.0ms policy_zmq_lag=0.7ms action_age=39.7ms scan_age=39.1ms scan_rx_age=16.2ms odom_age=9.4ms odom_rx_age=8.5ms sensor_skew=29.6ms loop_to_send=5.6ms
[go2:sport] DRY cmd#2599 seq=2631 v=0.900 w=-0.628 dt=39.7ms policy_zmq_lag=0.7ms action_age=39.6ms scan_age=38.9ms scan_rx_age=14.5ms odom_age=9.3ms odom_rx_age=8.4ms sensor_skew=29.7ms loop_to_send=5.4ms
[go2:sport] DRY cmd#2600 seq=2632 v=0.895 w=-0.522 dt=40.1ms policy_zmq_lag=0.7ms action_age=39.6ms scan_age=38.9ms scan_rx_age=13.5ms odom_age=9.3ms odom_rx_age=8.4ms sensor_skew=29.6ms loop_to_send=5.4ms
[go2:sport] DRY cmd#2601 seq=2633 v=0.900 w=-0.642 dt=40.0ms policy_zmq_lag=0.8ms action_age=39.7ms scan_age=38.9ms scan_rx_age=14.4ms odom_age=9.3ms odom_rx_age=8.4ms sensor_skew=29.6ms loop_to_send=5.3ms
[go2:sport] DRY cmd#2602 seq=2634 v=0.894 w=-0.522 dt=40.3ms policy_zmq_lag=0.6ms action_age=39.8ms scan_age=39.2ms scan_rx_age=16.6ms odom_age=6.5ms odom_rx_age=5.8ms sensor_skew=32.8ms loop_to_send=5.3ms
[go2:sport] DRY cmd#2603 seq=2635 v=0.894 w=-0.501 dt=39.3ms policy_zmq_lag=0.5ms action_age=39.4ms scan_age=38.9ms scan_rx_age=16.1ms odom_age=9.1ms odom_rx_age=8.4ms sensor_skew=29.7ms loop_to_send=5.3ms
[go2:sport] DRY cmd#2604 seq=2636 v=0.900 w=-0.622 dt=40.4ms policy_zmq_lag=0.6ms action_age=39.6ms scan_age=39.0ms scan_rx_age=16.7ms odom_age=9.3ms odom_rx_age=8.5ms sensor_skew=29.7ms loop_to_send=5.5ms
[go2:sport] DRY cmd#2605 seq=2637 v=0.895 w=-0.509 dt=40.2ms policy_zmq_lag=0.7ms action_age=39.8ms scan_age=39.2ms scan_rx_age=15.4ms odom_age=9.7ms odom_rx_age=8.8ms sensor_skew=29.5ms loop_to_send=5.8ms
[go2:sport] DRY cmd#2606 seq=2638 v=0.900 w=-0.629 dt=39.6ms policy_zmq_lag=0.6ms action_age=39.4ms scan_age=38.8ms scan_rx_age=16.5ms odom_age=9.2ms odom_rx_age=8.4ms sensor_skew=29.6ms loop_to_send=5.3ms
[go2:sport] DRY cmd#2607 seq=2639 v=0.893 w=-0.530 dt=39.8ms policy_zmq_lag=0.6ms action_age=39.4ms scan_age=38.8ms scan_rx_age=16.4ms odom_age=9.1ms odom_rx_age=8.3ms sensor_skew=29.7ms loop_to_send=5.2ms
[go2:sport] DRY cmd#2608 seq=2640 v=0.894 w=-0.519 dt=40.0ms policy_zmq_lag=0.6ms action_age=39.4ms scan_age=38.7ms scan_rx_age=15.9ms odom_age=9.1ms odom_rx_age=8.4ms sensor_skew=29.6ms loop_to_send=5.2ms
[go2:sport] DRY cmd#2609 seq=2641 v=0.900 w=-0.639 dt=40.1ms policy_zmq_lag=0.7ms action_age=39.5ms scan_age=38.8ms scan_rx_age=16.5ms odom_age=9.1ms odom_rx_age=8.2ms sensor_skew=29.8ms loop_to_send=5.2ms
[go2:sport] DRY cmd#2610 seq=2642 v=0.895 w=-0.519 dt=40.1ms policy_zmq_lag=0.7ms action_age=39.5ms scan_age=38.8ms scan_rx_age=15.9ms odom_age=9.2ms odom_rx_age=8.4ms sensor_skew=29.6ms loop_to_send=5.3ms
[go2:sport] DRY cmd#2611 seq=2643 v=0.900 w=-0.399 dt=40.0ms policy_zmq_lag=0.7ms action_age=39.5ms scan_age=38.8ms scan_rx_age=16.2ms odom_age=9.2ms odom_rx_age=8.3ms sensor_skew=29.7ms loop_to_send=5.3ms
[go2:sport] DRY cmd#2612 seq=2644 v=0.894 w=-0.519 dt=39.8ms policy_zmq_lag=0.6ms action_age=39.3ms scan_age=38.7ms scan_rx_age=15.7ms odom_age=9.0ms odom_rx_age=8.2ms sensor_skew=29.7ms loop_to_send=5.2ms
[go2:sport] DRY cmd#2613 seq=2645 v=0.894 w=-0.488 dt=40.1ms policy_zmq_lag=0.6ms action_age=39.6ms scan_age=39.0ms scan_rx_age=15.6ms odom_age=9.1ms odom_rx_age=8.4ms sensor_skew=29.9ms loop_to_send=5.3ms
[go2:sport] DRY cmd#2614 seq=2646 v=0.900 w=-0.608 dt=40.3ms policy_zmq_lag=0.7ms action_age=39.6ms scan_age=38.9ms scan_rx_age=14.4ms odom_age=9.4ms odom_rx_age=8.6ms sensor_skew=29.5ms loop_to_send=5.4ms
[go2:sport] DRY cmd#2615 seq=2647 v=0.894 w=-0.489 dt=40.5ms policy_zmq_lag=0.6ms action_age=40.6ms scan_age=40.0ms scan_rx_age=16.9ms odom_age=6.6ms odom_rx_age=5.9ms sensor_skew=33.3ms loop_to_send=5.4ms
[go2:sport] DRY cmd#2616 seq=2648 v=0.894 w=-0.527 dt=39.5ms policy_zmq_lag=0.6ms action_age=39.7ms scan_age=39.1ms scan_rx_age=16.3ms odom_age=16.0ms odom_rx_age=15.2ms sensor_skew=23.0ms loop_to_send=5.4ms
[go2:sport] DRY cmd#2617 seq=2649 v=0.893 w=-0.549 dt=39.8ms policy_zmq_lag=0.7ms action_age=39.5ms scan_age=38.8ms scan_rx_age=15.9ms odom_age=9.2ms odom_rx_age=8.5ms sensor_skew=29.6ms loop_to_send=5.3ms
[go2:sport] DRY cmd#2618 seq=2650 v=0.895 w=-0.477 dt=39.9ms policy_zmq_lag=0.6ms action_age=40.0ms scan_age=39.3ms scan_rx_age=15.7ms odom_age=9.0ms odom_rx_age=8.3ms sensor_skew=30.3ms loop_to_send=5.3ms
[go2:sport] DRY cmd#2619 seq=2651 v=0.900 w=-0.597 dt=40.2ms policy_zmq_lag=0.6ms action_age=39.5ms scan_age=38.9ms scan_rx_age=16.3ms odom_age=9.4ms odom_rx_age=8.6ms sensor_skew=29.5ms loop_to_send=5.4ms
[go2:sport] DRY cmd#2620 seq=2652 v=0.894 w=-0.511 dt=40.7ms policy_zmq_lag=0.7ms action_age=40.1ms scan_age=39.4ms scan_rx_age=14.9ms odom_age=6.7ms odom_rx_age=5.9ms sensor_skew=32.8ms loop_to_send=5.4ms
[go2:sport] DRY cmd#2621 seq=2653 v=0.898 w=-0.620 dt=40.1ms policy_zmq_lag=0.8ms action_age=40.2ms scan_age=39.4ms scan_rx_age=14.8ms odom_age=6.6ms odom_rx_age=5.8ms sensor_skew=32.8ms loop_to_send=5.4ms
[go2:sport] DRY cmd#2622 seq=2654 v=0.900 w=-0.726 dt=39.1ms policy_zmq_lag=0.6ms action_age=39.4ms scan_age=38.8ms scan_rx_age=16.4ms odom_age=9.3ms odom_rx_age=8.5ms sensor_skew=29.5ms loop_to_send=5.3ms
[go2:sport] DRY cmd#2623 seq=2655 v=0.895 w=-0.604 dt=40.8ms policy_zmq_lag=0.7ms action_age=40.3ms scan_age=39.6ms scan_rx_age=16.2ms odom_age=6.6ms odom_rx_age=5.8ms sensor_skew=33.0ms loop_to_send=5.3ms
[go2:sport] DRY cmd#2624 seq=2656 v=0.900 w=-0.722 dt=39.2ms policy_zmq_lag=0.6ms action_age=39.2ms scan_age=38.6ms scan_rx_age=16.3ms odom_age=9.2ms odom_rx_age=8.5ms sensor_skew=29.4ms loop_to_send=5.2ms
[go2:sport] DRY cmd#2625 seq=2657 v=0.895 w=-0.601 dt=40.6ms policy_zmq_lag=0.7ms action_age=40.0ms scan_age=39.4ms scan_rx_age=16.5ms odom_age=6.5ms odom_rx_age=5.8ms sensor_skew=32.9ms loop_to_send=5.3ms
[go2:sport] DRY cmd#2626 seq=2658 v=0.894 w=-0.556 dt=39.8ms policy_zmq_lag=0.8ms action_age=39.7ms scan_age=39.0ms scan_rx_age=16.4ms odom_age=9.5ms odom_rx_age=8.7ms sensor_skew=29.5ms loop_to_send=5.4ms
[go2:sport] DRY cmd#2627 seq=2659 v=0.898 w=-0.434 dt=39.9ms policy_zmq_lag=0.6ms action_age=39.7ms scan_age=39.1ms scan_rx_age=16.6ms odom_age=6.2ms odom_rx_age=5.5ms sensor_skew=32.9ms loop_to_send=5.0ms
[go2:sport] DRY cmd#2628 seq=2660 v=0.895 w=-0.502 dt=40.4ms policy_zmq_lag=0.6ms action_age=40.2ms scan_age=39.6ms scan_rx_age=16.6ms odom_age=6.6ms odom_rx_age=5.8ms sensor_skew=33.0ms loop_to_send=5.4ms
[go2:sport] DRY cmd#2629 seq=2661 v=0.900 w=-0.621 dt=39.5ms policy_zmq_lag=0.6ms action_age=39.6ms scan_age=39.0ms scan_rx_age=16.5ms odom_age=9.4ms odom_rx_age=8.7ms sensor_skew=29.6ms loop_to_send=5.4ms
[go2:sport] DRY cmd#2630 seq=2662 v=0.894 w=-0.499 dt=40.7ms policy_zmq_lag=0.6ms action_age=40.3ms scan_age=39.7ms scan_rx_age=16.3ms odom_age=6.7ms odom_rx_age=5.9ms sensor_skew=33.0ms loop_to_send=5.4ms
[go2:sport] DRY cmd#2631 seq=2663 v=0.894 w=-0.548 dt=39.9ms policy_zmq_lag=0.6ms action_age=39.9ms scan_age=39.3ms scan_rx_age=16.8ms odom_age=6.6ms odom_rx_age=5.9ms sensor_skew=32.7ms loop_to_send=5.4ms
[go2:sport] DRY cmd#2632 seq=2664 v=0.900 w=-0.668 dt=39.7ms policy_zmq_lag=0.6ms action_age=39.8ms scan_age=39.2ms scan_rx_age=16.6ms odom_age=6.4ms odom_rx_age=5.7ms sensor_skew=32.8ms loop_to_send=5.2ms
[go2:sport] DRY cmd#2633 seq=2665 v=0.898 w=-0.585 dt=40.5ms policy_zmq_lag=0.8ms action_age=39.6ms scan_age=38.9ms scan_rx_age=16.6ms odom_age=6.6ms odom_rx_age=5.8ms sensor_skew=32.2ms loop_to_send=5.4ms
[go2:sport] DRY cmd#2634 seq=2666 v=0.900 w=-0.703 dt=39.3ms policy_zmq_lag=0.6ms action_age=39.6ms scan_age=38.9ms scan_rx_age=16.0ms odom_age=9.3ms odom_rx_age=8.4ms sensor_skew=29.6ms loop_to_send=5.4ms
[go2:sport] DRY cmd#2635 seq=2667 v=0.894 w=-0.582 dt=40.4ms policy_zmq_lag=0.7ms action_age=40.0ms scan_age=39.3ms scan_rx_age=16.6ms odom_age=6.4ms odom_rx_age=5.7ms sensor_skew=32.9ms loop_to_send=5.2ms
[go2:sport] DRY cmd#2636 seq=2668 v=0.894 w=-0.506 dt=40.0ms policy_zmq_lag=0.6ms action_age=39.9ms scan_age=39.3ms scan_rx_age=16.9ms odom_age=6.5ms odom_rx_age=5.7ms sensor_skew=32.8ms loop_to_send=5.3ms
[go2:sport] DRY cmd#2637 seq=2669 v=0.900 w=-0.626 dt=41.4ms policy_zmq_lag=1.0ms action_age=41.5ms scan_age=40.5ms scan_rx_age=17.4ms odom_age=7.6ms odom_rx_age=6.7ms sensor_skew=32.9ms loop_to_send=6.2ms
[go2:sport] DRY cmd#2638 seq=2670 v=0.900 w=-0.506 dt=38.6ms policy_zmq_lag=0.6ms action_age=39.4ms scan_age=38.8ms scan_rx_age=16.2ms odom_age=6.5ms odom_rx_age=5.8ms sensor_skew=32.3ms loop_to_send=5.3ms
[go2:sport] DRY cmd#2639 seq=2671 v=0.900 w=-0.626 dt=39.7ms policy_zmq_lag=0.6ms action_age=39.7ms scan_age=39.1ms scan_rx_age=16.6ms odom_age=6.4ms odom_rx_age=5.7ms sensor_skew=32.8ms loop_to_send=5.2ms
[go2:sport] DRY cmd#2640 seq=2672 v=0.894 w=-0.505 dt=40.4ms policy_zmq_lag=0.6ms action_age=40.7ms scan_age=40.1ms scan_rx_age=16.5ms odom_age=6.7ms odom_rx_age=5.9ms sensor_skew=33.4ms loop_to_send=5.4ms
[go2:sport] DRY cmd#2641 seq=2673 v=0.894 w=-0.498 dt=39.5ms policy_zmq_lag=0.6ms action_age=39.5ms scan_age=38.9ms scan_rx_age=15.8ms odom_age=9.5ms odom_rx_age=8.7ms sensor_skew=29.4ms loop_to_send=5.5ms
[go2:sport] DRY cmd#2642 seq=2674 v=0.900 w=-0.618 dt=40.3ms policy_zmq_lag=0.7ms action_age=39.9ms scan_age=39.3ms scan_rx_age=15.5ms odom_age=9.6ms odom_rx_age=8.6ms sensor_skew=29.6ms loop_to_send=5.7ms
[go2:sport] DRY cmd#2643 seq=2675 v=0.900 w=-0.496 dt=40.5ms policy_zmq_lag=0.7ms action_age=40.1ms scan_age=39.4ms scan_rx_age=16.0ms odom_age=6.8ms odom_rx_age=6.0ms sensor_skew=32.6ms loop_to_send=5.5ms
[go2:sport] DRY cmd#2644 seq=2676 v=0.900 w=-0.616 dt=39.7ms policy_zmq_lag=0.6ms action_age=40.0ms scan_age=39.4ms scan_rx_age=17.0ms odom_age=6.7ms odom_rx_age=5.9ms sensor_skew=32.7ms loop_to_send=5.4ms
[go2:sport] DRY cmd#2645 seq=2677 v=0.895 w=-0.495 dt=39.9ms policy_zmq_lag=0.6ms action_age=39.9ms scan_age=39.3ms scan_rx_age=16.6ms odom_age=6.5ms odom_rx_age=5.8ms sensor_skew=32.7ms loop_to_send=5.3ms
[go2:sport] DRY cmd#2646 seq=2678 v=0.894 w=-0.489 dt=39.9ms policy_zmq_lag=0.6ms action_age=39.8ms scan_age=39.2ms scan_rx_age=16.5ms odom_age=6.6ms odom_rx_age=5.9ms sensor_skew=32.6ms loop_to_send=5.4ms
[go2:sport] DRY cmd#2647 seq=2679 v=0.900 w=-0.608 dt=39.4ms policy_zmq_lag=0.6ms action_age=39.3ms scan_age=38.7ms scan_rx_age=16.3ms odom_age=9.2ms odom_rx_age=8.4ms sensor_skew=29.6ms loop_to_send=5.2ms
[go2:sport] DRY cmd#2648 seq=2680 v=0.899 w=-0.486 dt=40.6ms policy_zmq_lag=0.6ms action_age=39.9ms scan_age=39.3ms scan_rx_age=16.7ms odom_age=6.5ms odom_rx_age=5.7ms sensor_skew=32.8ms loop_to_send=5.3ms
[go2:sport] DRY cmd#2649 seq=2681 v=0.900 w=-0.606 dt=40.1ms policy_zmq_lag=0.6ms action_age=40.0ms scan_age=39.4ms scan_rx_age=16.7ms odom_age=6.5ms odom_rx_age=5.7ms sensor_skew=32.9ms loop_to_send=5.2ms
[go2:sport] DRY cmd#2650 seq=2682 v=0.894 w=-0.497 dt=39.9ms policy_zmq_lag=0.6ms action_age=39.9ms scan_age=39.3ms scan_rx_age=16.1ms odom_age=6.5ms odom_rx_age=5.7ms sensor_skew=32.8ms loop_to_send=5.3ms
[go2:sport] DRY cmd#2651 seq=2683 v=0.894 w=-0.500 dt=40.5ms policy_zmq_lag=0.8ms action_age=40.2ms scan_age=39.4ms scan_rx_age=14.6ms odom_age=6.7ms odom_rx_age=5.9ms sensor_skew=32.7ms loop_to_send=5.4ms
[go2:sport] DRY cmd#2652 seq=2684 v=0.900 w=-0.619 dt=39.3ms policy_zmq_lag=0.6ms action_age=39.7ms scan_age=39.1ms scan_rx_age=15.7ms odom_age=6.4ms odom_rx_age=5.7ms sensor_skew=32.7ms loop_to_send=5.2ms
[go2:sport] DRY cmd#2653 seq=2685 v=0.895 w=-0.499 dt=40.1ms policy_zmq_lag=0.5ms action_age=39.6ms scan_age=39.1ms scan_rx_age=17.2ms odom_age=6.5ms odom_rx_age=5.8ms sensor_skew=32.6ms loop_to_send=5.3ms
[go2:sport] DRY cmd#2654 seq=2686 v=0.900 w=-0.620 dt=40.2ms policy_zmq_lag=0.6ms action_age=40.0ms scan_age=39.3ms scan_rx_age=16.6ms odom_age=6.6ms odom_rx_age=5.8ms sensor_skew=32.7ms loop_to_send=5.4ms
[go2:sport] DRY cmd#2655 seq=2687 v=0.894 w=-0.502 dt=39.9ms policy_zmq_lag=0.6ms action_age=39.9ms scan_age=39.3ms scan_rx_age=16.4ms odom_age=6.5ms odom_rx_age=5.7ms sensor_skew=32.8ms loop_to_send=5.3ms
[go2:sport] DRY cmd#2656 seq=2688 v=0.895 w=-0.484 dt=39.9ms policy_zmq_lag=0.6ms action_age=39.6ms scan_age=39.0ms scan_rx_age=15.9ms odom_age=6.4ms odom_rx_age=5.6ms sensor_skew=32.6ms loop_to_send=5.2ms
[go2:sport] DRY cmd#2657 seq=2689 v=0.900 w=-0.603 dt=39.7ms policy_zmq_lag=0.6ms action_age=39.4ms scan_age=38.8ms scan_rx_age=16.2ms odom_age=9.3ms odom_rx_age=8.4ms sensor_skew=29.5ms loop_to_send=5.3ms
[go2:sport] DRY cmd#2658 seq=2690 v=0.895 w=-0.507 dt=40.4ms policy_zmq_lag=0.6ms action_age=39.8ms scan_age=39.2ms scan_rx_age=16.3ms odom_age=6.4ms odom_rx_age=5.6ms sensor_skew=32.7ms loop_to_send=5.2ms
[go2:sport] DRY cmd#2659 seq=2691 v=0.900 w=-0.628 dt=41.2ms policy_zmq_lag=0.6ms action_age=40.3ms scan_age=39.7ms scan_rx_age=15.3ms odom_age=7.7ms odom_rx_age=6.8ms sensor_skew=32.0ms loop_to_send=6.2ms
[go2:sport] DRY cmd#2660 seq=2692 v=0.894 w=-0.540 dt=39.5ms policy_zmq_lag=0.6ms action_age=40.5ms scan_age=39.9ms scan_rx_age=17.4ms odom_age=7.3ms odom_rx_age=6.6ms sensor_skew=32.5ms loop_to_send=6.1ms
[go2:sport] DRY cmd#2661 seq=2693 v=0.894 w=-0.505 dt=39.4ms policy_zmq_lag=0.6ms action_age=39.9ms scan_age=39.3ms scan_rx_age=16.2ms odom_age=6.7ms odom_rx_age=5.9ms sensor_skew=32.6ms loop_to_send=5.5ms
[go2:sport] DRY cmd#2662 seq=2694 v=0.900 w=-0.624 dt=40.6ms policy_zmq_lag=0.8ms action_age=40.6ms scan_age=39.7ms scan_rx_age=16.1ms odom_age=10.2ms odom_rx_age=8.3ms sensor_skew=29.5ms loop_to_send=6.1ms
[go2:sport] DRY cmd#2663 seq=2695 v=0.895 w=-0.504 dt=39.9ms policy_zmq_lag=0.7ms action_age=40.6ms scan_age=39.9ms scan_rx_age=16.6ms odom_age=10.3ms odom_rx_age=9.3ms sensor_skew=29.6ms loop_to_send=6.2ms
[go2:sport] DRY cmd#2664 seq=2696 v=0.898 w=-0.540 dt=40.2ms policy_zmq_lag=0.8ms action_age=40.7ms scan_age=39.9ms scan_rx_age=16.1ms odom_age=10.2ms odom_rx_age=9.0ms sensor_skew=29.7ms loop_to_send=6.2ms
[go2:sport] DRY cmd#2665 seq=2697 v=0.894 w=-0.565 dt=40.0ms policy_zmq_lag=0.6ms action_age=41.4ms scan_age=40.8ms scan_rx_age=16.8ms odom_age=7.3ms odom_rx_age=6.4ms sensor_skew=33.5ms loop_to_send=5.9ms
[go2:sport] DRY cmd#2666 seq=2698 v=0.895 w=-0.494 dt=40.0ms policy_zmq_lag=0.7ms action_age=40.8ms scan_age=40.1ms scan_rx_age=17.0ms odom_age=7.2ms odom_rx_age=6.3ms sensor_skew=32.9ms loop_to_send=5.7ms
[go2:sport] DRY cmd#2667 seq=2699 v=0.900 w=-0.612 dt=39.4ms policy_zmq_lag=0.6ms action_age=40.0ms scan_age=39.4ms scan_rx_age=16.4ms odom_age=9.7ms odom_rx_age=8.5ms sensor_skew=29.6ms loop_to_send=5.8ms
[go2:sport] DRY cmd#2668 seq=2700 v=0.895 w=-0.504 dt=40.8ms policy_zmq_lag=0.6ms action_age=40.7ms scan_age=40.1ms scan_rx_age=17.6ms odom_age=7.4ms odom_rx_age=6.4ms sensor_skew=32.7ms loop_to_send=5.8ms
[go2:sport] DRY cmd#2669 seq=2701 v=0.894 w=-0.524 dt=39.4ms policy_zmq_lag=0.6ms action_age=40.1ms scan_age=39.5ms scan_rx_age=16.4ms odom_age=10.0ms odom_rx_age=8.5ms sensor_skew=29.4ms loop_to_send=5.9ms
[go2:sport] DRY cmd#2670 seq=2702 v=0.893 w=-0.540 dt=40.6ms policy_zmq_lag=0.6ms action_age=40.8ms scan_age=40.1ms scan_rx_age=17.4ms odom_age=7.4ms odom_rx_age=6.3ms sensor_skew=32.7ms loop_to_send=5.8ms
[go2:sport] DRY cmd#2671 seq=2703 v=0.895 w=-0.500 dt=39.9ms policy_zmq_lag=0.6ms action_age=41.3ms scan_age=40.7ms scan_rx_age=16.7ms odom_age=7.3ms odom_rx_age=6.2ms sensor_skew=33.4ms loop_to_send=5.7ms
[go2:sport] DRY cmd#2672 seq=2704 v=0.900 w=-0.618 dt=39.6ms policy_zmq_lag=0.6ms action_age=40.3ms scan_age=39.6ms scan_rx_age=16.5ms odom_age=10.1ms odom_rx_age=8.8ms sensor_skew=29.6ms loop_to_send=6.0ms
[go2:sport] DRY cmd#2673 seq=2705 v=0.894 w=-0.497 dt=40.2ms policy_zmq_lag=0.7ms action_age=40.5ms scan_age=39.9ms scan_rx_age=17.4ms odom_age=7.3ms odom_rx_age=6.4ms sensor_skew=32.6ms loop_to_send=5.8ms
[go2:sport] DRY cmd#2674 seq=2706 v=0.894 w=-0.555 dt=39.9ms policy_zmq_lag=0.7ms action_age=40.4ms scan_age=39.7ms scan_rx_age=16.6ms odom_age=7.1ms odom_rx_age=6.2ms sensor_skew=32.7ms loop_to_send=5.7ms
[go2:sport] DRY cmd#2675 seq=2707 v=0.900 w=-0.675 dt=40.2ms policy_zmq_lag=0.6ms action_age=40.6ms scan_age=39.9ms scan_rx_age=16.9ms odom_age=7.3ms odom_rx_age=6.4ms sensor_skew=32.6ms loop_to_send=5.9ms
[go2:sport] DRY cmd#2676 seq=2708 v=0.895 w=-0.555 dt=40.0ms policy_zmq_lag=0.6ms action_age=40.6ms scan_age=39.9ms scan_rx_age=16.6ms odom_age=7.3ms odom_rx_age=6.5ms sensor_skew=32.6ms loop_to_send=5.9ms
[go2:sport] DRY cmd#2677 seq=2709 v=0.900 w=-0.676 dt=43.1ms policy_zmq_lag=0.6ms action_age=43.7ms scan_age=43.1ms scan_rx_age=19.8ms odom_age=10.5ms odom_rx_age=9.4ms sensor_skew=32.5ms loop_to_send=8.6ms
[go2:sport] DRY cmd#2678 seq=2710 v=0.894 w=-0.558 dt=36.9ms policy_zmq_lag=0.7ms action_age=40.5ms scan_age=39.9ms scan_rx_age=15.3ms odom_age=7.3ms odom_rx_age=6.4ms sensor_skew=32.6ms loop_to_send=5.9ms
[go2:sport] DRY cmd#2679 seq=2711 v=0.894 w=-0.539 dt=40.3ms policy_zmq_lag=0.7ms action_age=40.8ms scan_age=40.1ms scan_rx_age=16.6ms odom_age=7.5ms odom_rx_age=6.5ms sensor_skew=32.6ms loop_to_send=6.0ms
[go2:sport] DRY cmd#2680 seq=2712 v=0.900 w=-0.659 dt=42.7ms policy_zmq_lag=0.7ms action_age=43.5ms scan_age=42.8ms scan_rx_age=20.0ms odom_age=10.2ms odom_rx_age=9.2ms sensor_skew=32.6ms loop_to_send=8.6ms
[go2:sport] DRY cmd#2681 seq=2713 v=0.895 w=-0.540 dt=38.9ms policy_zmq_lag=0.7ms action_age=40.9ms scan_age=40.2ms scan_rx_age=11.6ms odom_age=12.4ms odom_rx_age=10.7ms sensor_skew=27.9ms loop_to_send=7.9ms
[go2:sport] DRY cmd#2682 seq=2714 v=0.900 w=-0.661 dt=38.8ms policy_zmq_lag=0.7ms action_age=41.3ms scan_age=40.6ms scan_rx_age=17.5ms odom_age=8.0ms odom_rx_age=7.1ms sensor_skew=32.6ms loop_to_send=6.4ms
[go2:sport] DRY cmd#2683 seq=2715 v=0.894 w=-0.541 dt=38.9ms policy_zmq_lag=0.6ms action_age=40.1ms scan_age=39.5ms scan_rx_age=16.5ms odom_age=7.0ms odom_rx_age=6.2ms sensor_skew=32.6ms loop_to_send=5.6ms
[go2:sport] DRY cmd#2684 seq=2716 v=0.895 w=-0.500 dt=40.4ms policy_zmq_lag=0.6ms action_age=40.5ms scan_age=39.9ms scan_rx_age=17.2ms odom_age=7.1ms odom_rx_age=6.2ms sensor_skew=32.8ms loop_to_send=5.6ms
[go2:sport] DRY cmd#2685 seq=2717 v=0.900 w=-0.619 dt=39.3ms policy_zmq_lag=0.6ms action_age=39.7ms scan_age=39.1ms scan_rx_age=16.7ms odom_age=6.6ms odom_rx_age=5.8ms sensor_skew=32.5ms loop_to_send=5.3ms
[go2:sport] DRY cmd#2686 seq=2718 v=0.898 w=-0.588 dt=39.9ms policy_zmq_lag=0.6ms action_age=39.6ms scan_age=39.1ms scan_rx_age=16.2ms odom_age=6.5ms odom_rx_age=5.8ms sensor_skew=32.5ms loop_to_send=5.4ms
[go2:sport] DRY cmd#2687 seq=2719 v=0.900 w=-0.709 dt=40.4ms policy_zmq_lag=0.7ms action_age=40.0ms scan_age=39.4ms scan_rx_age=17.0ms odom_age=6.8ms odom_rx_age=5.9ms sensor_skew=32.6ms loop_to_send=5.5ms
[go2:sport] DRY cmd#2688 seq=2720 v=0.894 w=-0.589 dt=40.0ms policy_zmq_lag=0.7ms action_age=40.0ms scan_age=39.3ms scan_rx_age=15.2ms odom_age=6.8ms odom_rx_age=6.0ms sensor_skew=32.5ms loop_to_send=5.5ms
[go2:sport] DRY cmd#2689 seq=2721 v=0.895 w=-0.486 dt=40.0ms policy_zmq_lag=0.8ms action_age=40.0ms scan_age=39.2ms scan_rx_age=15.0ms odom_age=6.8ms odom_rx_age=6.0ms sensor_skew=32.4ms loop_to_send=5.5ms
[go2:sport] DRY cmd#2690 seq=2722 v=0.900 w=-0.606 dt=40.2ms policy_zmq_lag=0.9ms action_age=41.2ms scan_age=40.3ms scan_rx_age=15.3ms odom_age=6.9ms odom_rx_age=6.0ms sensor_skew=33.5ms loop_to_send=5.6ms
[go2:sport] DRY cmd#2691 seq=2723 v=0.899 w=-0.486 dt=39.7ms policy_zmq_lag=0.8ms action_age=40.0ms scan_age=39.2ms scan_rx_age=14.4ms odom_age=6.7ms odom_rx_age=5.9ms sensor_skew=32.5ms loop_to_send=5.4ms
[go2:sport] DRY cmd#2692 seq=2724 v=0.900 w=-0.606 dt=41.4ms policy_zmq_lag=0.6ms action_age=41.4ms scan_age=40.8ms scan_rx_age=15.8ms odom_age=8.3ms odom_rx_age=7.5ms sensor_skew=32.5ms loop_to_send=7.0ms
[go2:sport] DRY cmd#2693 seq=2725 v=0.894 w=-0.492 dt=42.5ms policy_zmq_lag=0.6ms action_age=43.9ms scan_age=43.3ms scan_rx_age=20.3ms odom_age=10.7ms odom_rx_age=9.9ms sensor_skew=32.6ms loop_to_send=9.4ms
[go2:sport] DRY cmd#2694 seq=2726 v=0.894 w=-0.491 dt=36.6ms policy_zmq_lag=0.7ms action_age=40.4ms scan_age=39.7ms scan_rx_age=17.0ms odom_age=7.2ms odom_rx_age=6.4ms sensor_skew=32.5ms loop_to_send=6.0ms
[go2:sport] DRY cmd#2695 seq=2727 v=0.900 w=-0.611 dt=39.3ms policy_zmq_lag=0.6ms action_age=39.5ms scan_age=38.9ms scan_rx_age=16.5ms odom_age=6.6ms odom_rx_age=5.9ms sensor_skew=32.3ms loop_to_send=5.4ms
[go2:sport] DRY cmd#2696 seq=2728 v=0.900 w=-0.491 dt=39.9ms policy_zmq_lag=0.6ms action_age=39.6ms scan_age=39.0ms scan_rx_age=16.2ms odom_age=6.6ms odom_rx_age=5.9ms sensor_skew=32.4ms loop_to_send=5.4ms
[go2:sport] DRY cmd#2697 seq=2729 v=0.900 w=-0.612 dt=40.1ms policy_zmq_lag=0.6ms action_age=39.8ms scan_age=39.2ms scan_rx_age=16.9ms odom_age=6.6ms odom_rx_age=5.8ms sensor_skew=32.7ms loop_to_send=5.3ms
[go2:sport] DRY cmd#2698 seq=2730 v=0.894 w=-0.510 dt=39.9ms policy_zmq_lag=0.6ms action_age=39.6ms scan_age=39.0ms scan_rx_age=16.2ms odom_age=6.6ms odom_rx_age=5.9ms sensor_skew=32.4ms loop_to_send=5.4ms
[go2:sport] DRY cmd#2699 seq=2731 v=0.894 w=-0.502 dt=40.4ms policy_zmq_lag=0.6ms action_age=40.1ms scan_age=39.5ms scan_rx_age=16.4ms odom_age=6.9ms odom_rx_age=6.1ms sensor_skew=32.6ms loop_to_send=5.6ms
[go2:sport] DRY cmd#2700 seq=2732 v=0.900 w=-0.622 dt=39.7ms policy_zmq_lag=0.6ms action_age=39.7ms scan_age=39.1ms scan_rx_age=15.9ms odom_age=6.6ms odom_rx_age=5.8ms sensor_skew=32.5ms loop_to_send=5.4ms
[go2:sport] DRY cmd#2701 seq=2733 v=0.899 w=-0.501 dt=40.3ms policy_zmq_lag=0.6ms action_age=39.9ms scan_age=39.3ms scan_rx_age=14.9ms odom_age=6.7ms odom_rx_age=5.9ms sensor_skew=32.6ms loop_to_send=5.4ms
[go2:sport] DRY cmd#2702 seq=2734 v=0.900 w=-0.620 dt=39.5ms policy_zmq_lag=0.6ms action_age=39.4ms scan_age=38.8ms scan_rx_age=15.7ms odom_age=9.5ms odom_rx_age=8.8ms sensor_skew=29.3ms loop_to_send=5.3ms
[go2:sport] DRY cmd#2703 seq=2735 v=0.894 w=-0.519 dt=40.8ms policy_zmq_lag=0.7ms action_age=40.3ms scan_age=39.6ms scan_rx_age=14.3ms odom_age=7.0ms odom_rx_age=6.1ms sensor_skew=32.6ms loop_to_send=5.6ms
[go2:sport] DRY cmd#2704 seq=2736 v=0.894 w=-0.503 dt=40.0ms policy_zmq_lag=0.6ms action_age=40.3ms scan_age=39.7ms scan_rx_age=16.6ms odom_age=7.1ms odom_rx_age=6.2ms sensor_skew=32.6ms loop_to_send=5.6ms
[go2:sport] DRY cmd#2705 seq=2737 v=0.900 w=-0.623 dt=39.8ms policy_zmq_lag=0.6ms action_age=39.9ms scan_age=39.3ms scan_rx_age=14.1ms odom_age=7.0ms odom_rx_age=6.1ms sensor_skew=32.4ms loop_to_send=5.6ms
[go2:sport] DRY cmd#2706 seq=2738 v=0.895 w=-0.506 dt=40.1ms policy_zmq_lag=0.6ms action_age=40.1ms scan_age=39.5ms scan_rx_age=16.4ms odom_age=7.0ms odom_rx_age=6.2ms sensor_skew=32.5ms loop_to_send=5.7ms
[go2:sport] DRY cmd#2707 seq=2739 v=0.900 w=-0.625 dt=39.6ms policy_zmq_lag=0.7ms action_age=39.7ms scan_age=39.0ms scan_rx_age=16.0ms odom_age=6.5ms odom_rx_age=5.8ms sensor_skew=32.5ms loop_to_send=5.4ms
[go2:sport] DRY cmd#2708 seq=2740 v=0.894 w=-0.505 dt=40.1ms policy_zmq_lag=0.6ms action_age=39.9ms scan_age=39.3ms scan_rx_age=16.4ms odom_age=6.7ms odom_rx_age=6.0ms sensor_skew=32.6ms loop_to_send=5.5ms
[go2:sport] DRY cmd#2709 seq=2741 v=0.895 w=-0.498 dt=39.9ms policy_zmq_lag=0.6ms action_age=39.9ms scan_age=39.3ms scan_rx_age=16.3ms odom_age=6.7ms odom_rx_age=5.9ms sensor_skew=32.6ms loop_to_send=5.4ms
[go2:sport] DRY cmd#2710 seq=2742 v=0.900 w=-0.618 dt=40.1ms policy_zmq_lag=0.6ms action_age=39.9ms scan_age=39.3ms scan_rx_age=14.1ms odom_age=6.8ms odom_rx_age=5.9ms sensor_skew=32.5ms loop_to_send=5.4ms
[go2:sport] DRY cmd#2711 seq=2743 v=0.895 w=-0.503 dt=39.8ms policy_zmq_lag=0.6ms action_age=39.7ms scan_age=39.1ms scan_rx_age=16.0ms odom_age=6.7ms odom_rx_age=6.0ms sensor_skew=32.4ms loop_to_send=5.5ms
[go2:sport] DRY cmd#2712 seq=2744 v=0.900 w=-0.624 dt=40.1ms policy_zmq_lag=0.6ms action_age=39.8ms scan_age=39.2ms scan_rx_age=16.1ms odom_age=6.8ms odom_rx_age=6.0ms sensor_skew=32.4ms loop_to_send=5.6ms
[go2:sport] DRY cmd#2713 seq=2745 v=0.894 w=-0.551 dt=39.8ms policy_zmq_lag=0.6ms action_age=39.5ms scan_age=38.9ms scan_rx_age=15.8ms odom_age=6.6ms odom_rx_age=5.9ms sensor_skew=32.4ms loop_to_send=5.4ms
[go2:sport] DRY cmd#2714 seq=2746 v=0.894 w=-0.494 dt=40.6ms policy_zmq_lag=0.7ms action_age=40.2ms scan_age=39.6ms scan_rx_age=14.4ms odom_age=6.9ms odom_rx_age=6.0ms sensor_skew=32.6ms loop_to_send=5.5ms
[go2:sport] DRY cmd#2715 seq=2747 v=0.900 w=-0.613 dt=39.7ms policy_zmq_lag=0.7ms action_age=40.4ms scan_age=39.8ms scan_rx_age=14.4ms odom_age=6.7ms odom_rx_age=6.0ms sensor_skew=33.0ms loop_to_send=5.5ms
[go2:sport] DRY cmd#2716 seq=2748 v=0.894 w=-0.496 dt=40.2ms policy_zmq_lag=0.7ms action_age=40.0ms scan_age=39.3ms scan_rx_age=14.1ms odom_age=6.8ms odom_rx_age=6.0ms sensor_skew=32.5ms loop_to_send=5.5ms
[go2:sport] DRY cmd#2717 seq=2749 v=0.898 w=-0.566 dt=39.8ms policy_zmq_lag=0.6ms action_age=39.7ms scan_age=39.1ms scan_rx_age=15.0ms odom_age=6.7ms odom_rx_age=5.9ms sensor_skew=32.4ms loop_to_send=5.5ms
[go2:sport] DRY cmd#2718 seq=2750 v=0.894 w=-0.532 dt=39.7ms policy_zmq_lag=0.6ms action_age=39.5ms scan_age=38.9ms scan_rx_age=16.3ms odom_age=6.4ms odom_rx_age=5.8ms sensor_skew=32.4ms loop_to_send=5.3ms
[go2:sport] DRY cmd#2719 seq=2751 v=0.895 w=-0.508 dt=40.1ms policy_zmq_lag=0.6ms action_age=39.7ms scan_age=39.0ms scan_rx_age=15.9ms odom_age=6.6ms odom_rx_age=5.9ms sensor_skew=32.4ms loop_to_send=5.4ms
[go2:sport] DRY cmd#2720 seq=2752 v=0.900 w=-0.629 dt=40.1ms policy_zmq_lag=0.6ms action_age=39.6ms scan_age=38.9ms scan_rx_age=16.2ms odom_age=6.5ms odom_rx_age=5.8ms sensor_skew=32.4ms loop_to_send=5.3ms
[go2:sport] DRY cmd#2721 seq=2753 v=0.895 w=-0.509 dt=40.2ms policy_zmq_lag=0.7ms action_age=39.8ms scan_age=39.1ms scan_rx_age=15.9ms odom_age=9.7ms odom_rx_age=8.7ms sensor_skew=29.4ms loop_to_send=5.7ms
[go2:sport] DRY cmd#2722 seq=2754 v=0.894 w=-0.561 dt=39.7ms policy_zmq_lag=0.7ms action_age=39.5ms scan_age=38.8ms scan_rx_age=14.0ms odom_age=13.1ms odom_rx_age=12.3ms sensor_skew=25.7ms loop_to_send=5.3ms
[go2:sport] DRY cmd#2723 seq=2755 v=0.895 w=-0.521 dt=39.8ms policy_zmq_lag=0.6ms action_age=39.5ms scan_age=38.9ms scan_rx_age=13.6ms odom_age=6.5ms odom_rx_age=5.8ms sensor_skew=32.4ms loop_to_send=5.3ms
[go2:sport] DRY cmd#2724 seq=2756 v=0.895 w=-0.509 dt=40.1ms policy_zmq_lag=0.6ms action_age=39.7ms scan_age=39.1ms scan_rx_age=16.2ms odom_age=6.6ms odom_rx_age=5.8ms sensor_skew=32.5ms loop_to_send=5.4ms
[go2:sport] DRY cmd#2725 seq=2757 v=0.900 w=-0.629 dt=39.9ms policy_zmq_lag=0.6ms action_age=39.5ms scan_age=38.9ms scan_rx_age=16.6ms odom_age=6.4ms odom_rx_age=5.7ms sensor_skew=32.5ms loop_to_send=5.3ms
[go2:sport] DRY cmd#2726 seq=2758 v=0.894 w=-0.509 dt=40.7ms policy_zmq_lag=0.6ms action_age=40.3ms scan_age=39.7ms scan_rx_age=16.4ms odom_age=7.1ms odom_rx_age=6.2ms sensor_skew=32.6ms loop_to_send=5.7ms
[go2:sport] DRY cmd#2727 seq=2759 v=0.893 w=-0.535 dt=40.7ms policy_zmq_lag=0.6ms action_age=40.9ms scan_age=40.2ms scan_rx_age=17.0ms odom_age=7.6ms odom_rx_age=6.4ms sensor_skew=32.7ms loop_to_send=5.8ms
[go2:sport] DRY cmd#2728 seq=2760 v=0.900 w=-0.653 dt=39.2ms policy_zmq_lag=0.6ms action_age=40.1ms scan_age=39.5ms scan_rx_age=16.5ms odom_age=9.7ms odom_rx_age=7.7ms sensor_skew=29.8ms loop_to_send=5.9ms
[go2:sport] DRY cmd#2729 seq=2761 v=0.896 w=-0.534 dt=40.1ms policy_zmq_lag=0.6ms action_age=40.1ms scan_age=39.5ms scan_rx_age=16.4ms odom_age=8.4ms odom_rx_age=7.2ms sensor_skew=31.1ms loop_to_send=5.8ms
[go2:sport] DRY cmd#2730 seq=2762 v=0.900 w=-0.654 dt=39.8ms policy_zmq_lag=0.6ms action_age=40.0ms scan_age=39.4ms scan_rx_age=16.6ms odom_age=6.9ms odom_rx_age=6.1ms sensor_skew=32.5ms loop_to_send=5.7ms
[go2:sport] DRY cmd#2731 seq=2763 v=0.895 w=-0.534 dt=40.0ms policy_zmq_lag=0.6ms action_age=40.0ms scan_age=39.4ms scan_rx_age=16.0ms odom_age=7.0ms odom_rx_age=6.2ms sensor_skew=32.4ms loop_to_send=5.7ms
[go2:sport] DRY cmd#2732 seq=2764 v=0.894 w=-0.513 dt=40.2ms policy_zmq_lag=0.6ms action_age=40.2ms scan_age=39.5ms scan_rx_age=16.3ms odom_age=7.1ms odom_rx_age=6.2ms sensor_skew=32.5ms loop_to_send=5.7ms
[go2:sport] DRY cmd#2733 seq=2765 v=0.900 w=-0.633 dt=39.8ms policy_zmq_lag=0.6ms action_age=39.8ms scan_age=39.2ms scan_rx_age=16.6ms odom_age=6.9ms odom_rx_age=6.1ms sensor_skew=32.3ms loop_to_send=5.7ms
[go2:sport] DRY cmd#2734 seq=2766 v=0.895 w=-0.511 dt=40.8ms policy_zmq_lag=0.6ms action_age=40.6ms scan_age=39.9ms scan_rx_age=15.9ms odom_age=11.0ms odom_rx_age=9.3ms sensor_skew=29.0ms loop_to_send=6.0ms
[go2:sport] DRY cmd#2735 seq=2767 v=0.900 w=-0.632 dt=40.4ms policy_zmq_lag=0.8ms action_age=41.1ms scan_age=40.3ms scan_rx_age=17.6ms odom_age=7.8ms odom_rx_age=6.7ms sensor_skew=32.5ms loop_to_send=6.1ms
[go2:sport] DRY cmd#2736 seq=2768 v=0.895 w=-0.513 dt=39.3ms policy_zmq_lag=0.6ms action_age=40.2ms scan_age=39.6ms scan_rx_age=15.3ms odom_age=7.1ms odom_rx_age=6.2ms sensor_skew=32.5ms loop_to_send=5.7ms
[go2:sport] DRY cmd#2737 seq=2769 v=0.894 w=-0.505 dt=42.9ms policy_zmq_lag=0.7ms action_age=43.1ms scan_age=42.4ms scan_rx_age=19.8ms odom_age=16.1ms odom_rx_age=14.9ms sensor_skew=26.3ms loop_to_send=8.0ms
[go2:sport] DRY cmd#2738 seq=2770 v=0.900 w=-0.623 dt=38.5ms policy_zmq_lag=1.0ms action_age=41.1ms scan_age=40.1ms scan_rx_age=17.9ms odom_age=8.4ms odom_rx_age=7.6ms sensor_skew=31.7ms loop_to_send=7.1ms
[go2:sport] DRY cmd#2739 seq=2771 v=0.898 w=-0.584 dt=39.3ms policy_zmq_lag=0.8ms action_age=40.9ms scan_age=40.1ms scan_rx_age=15.7ms odom_age=7.9ms odom_rx_age=7.0ms sensor_skew=32.3ms loop_to_send=6.5ms
[go2:sport] DRY cmd#2740 seq=2772 v=0.900 w=-0.704 dt=38.9ms policy_zmq_lag=0.6ms action_age=40.5ms scan_age=39.9ms scan_rx_age=16.7ms odom_age=7.0ms odom_rx_age=6.2ms sensor_skew=32.9ms loop_to_send=5.6ms
[go2:sport] DRY cmd#2741 seq=2773 v=0.895 w=-0.585 dt=39.6ms policy_zmq_lag=0.6ms action_age=39.2ms scan_age=38.7ms scan_rx_age=16.4ms odom_age=6.6ms odom_rx_age=5.9ms sensor_skew=32.1ms loop_to_send=5.4ms
[go2:sport] DRY cmd#2742 seq=2774 v=0.894 w=-0.508 dt=40.6ms policy_zmq_lag=0.6ms action_age=40.0ms scan_age=39.3ms scan_rx_age=16.6ms odom_age=6.9ms odom_rx_age=6.0ms sensor_skew=32.5ms loop_to_send=5.5ms
[go2:sport] DRY cmd#2743 seq=2775 v=0.900 w=-0.627 dt=39.9ms policy_zmq_lag=0.7ms action_age=39.8ms scan_age=39.1ms scan_rx_age=14.3ms odom_age=6.8ms odom_rx_age=6.0ms sensor_skew=32.3ms loop_to_send=5.5ms
[go2:sport] DRY cmd#2744 seq=2776 v=0.899 w=-0.506 dt=40.4ms policy_zmq_lag=0.7ms action_age=40.2ms scan_age=39.5ms scan_rx_age=14.9ms odom_age=6.8ms odom_rx_age=6.0ms sensor_skew=32.7ms loop_to_send=5.5ms
[go2:sport] DRY cmd#2745 seq=2777 v=0.900 w=-0.625 dt=39.7ms policy_zmq_lag=0.6ms action_age=40.0ms scan_age=39.4ms scan_rx_age=16.9ms odom_age=7.2ms odom_rx_age=6.5ms sensor_skew=32.2ms loop_to_send=5.4ms
[go2:sport] DRY cmd#2746 seq=2778 v=0.894 w=-0.508 dt=39.6ms policy_zmq_lag=0.6ms action_age=39.6ms scan_age=39.0ms scan_rx_age=15.9ms odom_age=6.7ms odom_rx_age=5.9ms sensor_skew=32.3ms loop_to_send=5.5ms
[go2:sport] DRY cmd#2747 seq=2779 v=0.894 w=-0.518 dt=40.2ms policy_zmq_lag=0.6ms action_age=39.8ms scan_age=39.2ms scan_rx_age=15.6ms odom_age=6.9ms odom_rx_age=6.1ms sensor_skew=32.3ms loop_to_send=5.6ms
[go2:sport] DRY cmd#2748 seq=2780 v=0.900 w=-0.637 dt=39.6ms policy_zmq_lag=0.6ms action_age=39.5ms scan_age=38.9ms scan_rx_age=16.0ms odom_age=6.6ms odom_rx_age=5.9ms sensor_skew=32.3ms loop_to_send=5.4ms
[go2:sport] DRY cmd#2749 seq=2781 v=0.898 w=-0.599 dt=40.1ms policy_zmq_lag=0.6ms action_age=39.5ms scan_age=38.9ms scan_rx_age=14.8ms odom_age=6.6ms odom_rx_age=5.9ms sensor_skew=32.3ms loop_to_send=5.4ms
[go2:sport] DRY cmd#2750 seq=2782 v=0.900 w=-0.719 dt=39.9ms policy_zmq_lag=0.6ms action_age=39.4ms scan_age=38.8ms scan_rx_age=16.2ms odom_age=6.6ms odom_rx_age=5.8ms sensor_skew=32.2ms loop_to_send=5.4ms
[go2:sport] DRY cmd#2751 seq=2783 v=0.894 w=-0.599 dt=40.0ms policy_zmq_lag=0.6ms action_age=39.5ms scan_age=38.9ms scan_rx_age=15.8ms odom_age=6.6ms odom_rx_age=5.8ms sensor_skew=32.3ms loop_to_send=5.4ms
[go2:sport] DRY cmd#2752 seq=2784 v=0.894 w=-0.496 dt=40.3ms policy_zmq_lag=0.6ms action_age=39.9ms scan_age=39.3ms scan_rx_age=16.3ms odom_age=6.8ms odom_rx_age=5.9ms sensor_skew=32.5ms loop_to_send=5.4ms
[go2:sport] DRY cmd#2753 seq=2785 v=0.900 w=-0.615 dt=39.5ms policy_zmq_lag=0.6ms action_age=39.3ms scan_age=38.7ms scan_rx_age=15.7ms odom_age=6.5ms odom_rx_age=5.7ms sensor_skew=32.2ms loop_to_send=5.3ms
[go2:sport] DRY cmd#2754 seq=2786 v=0.899 w=-0.495 dt=40.6ms policy_zmq_lag=0.7ms action_age=40.0ms scan_age=39.3ms scan_rx_age=15.6ms odom_age=7.0ms odom_rx_age=6.1ms sensor_skew=32.3ms loop_to_send=5.5ms
[go2:sport] DRY cmd#2755 seq=2787 v=0.900 w=-0.614 dt=39.7ms policy_zmq_lag=0.6ms action_age=39.6ms scan_age=39.0ms scan_rx_age=16.6ms odom_age=6.7ms odom_rx_age=6.0ms sensor_skew=32.3ms loop_to_send=5.5ms
[go2:sport] DRY cmd#2756 seq=2788 v=0.894 w=-0.543 dt=39.8ms policy_zmq_lag=0.6ms action_age=39.4ms scan_age=38.8ms scan_rx_age=15.7ms odom_age=6.5ms odom_rx_age=5.8ms sensor_skew=32.3ms loop_to_send=5.3ms
[go2:sport] DRY cmd#2757 seq=2789 v=0.894 w=-0.498 dt=40.3ms policy_zmq_lag=0.7ms action_age=39.8ms scan_age=39.1ms scan_rx_age=15.9ms odom_age=6.7ms odom_rx_age=5.9ms sensor_skew=32.4ms loop_to_send=5.4ms
[go2:sport] DRY cmd#2758 seq=2790 v=0.900 w=-0.617 dt=39.8ms policy_zmq_lag=0.6ms action_age=39.5ms scan_age=38.9ms scan_rx_age=14.0ms odom_age=6.5ms odom_rx_age=5.8ms sensor_skew=32.3ms loop_to_send=5.4ms
[go2:sport] DRY cmd#2759 seq=2791 v=0.895 w=-0.497 dt=40.0ms policy_zmq_lag=0.6ms action_age=39.4ms scan_age=38.8ms scan_rx_age=16.4ms odom_age=6.5ms odom_rx_age=5.8ms sensor_skew=32.3ms loop_to_send=5.4ms
[go2:sport] DRY cmd#2760 seq=2792 v=0.899 w=-0.618 dt=40.1ms policy_zmq_lag=0.6ms action_age=39.6ms scan_age=39.0ms scan_rx_age=16.1ms odom_age=10.0ms odom_rx_age=9.2ms sensor_skew=29.0ms loop_to_send=5.4ms
[go2:sport] DRY cmd#2761 seq=2793 v=0.894 w=-0.557 dt=39.9ms policy_zmq_lag=0.6ms action_age=39.4ms scan_age=38.8ms scan_rx_age=15.8ms odom_age=6.5ms odom_rx_age=5.7ms sensor_skew=32.4ms loop_to_send=5.3ms
[go2:sport] DRY cmd#2762 seq=2794 v=0.895 w=-0.493 dt=40.3ms policy_zmq_lag=0.6ms action_age=39.8ms scan_age=39.2ms scan_rx_age=15.9ms odom_age=16.6ms odom_rx_age=15.1ms sensor_skew=22.5ms loop_to_send=5.5ms
[go2:sport] DRY cmd#2763 seq=2795 v=0.900 w=-0.612 dt=39.8ms policy_zmq_lag=0.6ms action_age=39.5ms scan_age=38.9ms scan_rx_age=15.8ms odom_age=6.6ms odom_rx_age=5.9ms sensor_skew=32.3ms loop_to_send=5.4ms
[go2:sport] DRY cmd#2764 seq=2796 v=0.894 w=-0.497 dt=40.1ms policy_zmq_lag=0.6ms action_age=39.6ms scan_age=39.0ms scan_rx_age=13.6ms odom_age=6.8ms odom_rx_age=6.0ms sensor_skew=32.3ms loop_to_send=5.5ms
[go2:sport] DRY cmd#2765 seq=2797 v=0.892 w=-0.616 dt=39.8ms policy_zmq_lag=0.6ms action_age=40.2ms scan_age=39.5ms scan_rx_age=17.1ms odom_age=6.6ms odom_rx_age=5.9ms sensor_skew=32.9ms loop_to_send=5.4ms
[go2:sport] DRY cmd#2766 seq=2798 v=0.894 w=-0.526 dt=40.3ms policy_zmq_lag=0.8ms action_age=39.7ms scan_age=39.0ms scan_rx_age=16.4ms odom_age=6.8ms odom_rx_age=6.0ms sensor_skew=32.2ms loop_to_send=5.5ms
[go2:sport] DRY cmd#2767 seq=2799 v=0.895 w=-0.490 dt=39.7ms policy_zmq_lag=0.6ms action_age=39.7ms scan_age=39.1ms scan_rx_age=16.2ms odom_age=10.0ms odom_rx_age=9.2ms sensor_skew=29.1ms loop_to_send=5.4ms
[go2:sport] DRY cmd#2768 seq=2800 v=0.900 w=-0.612 dt=40.8ms policy_zmq_lag=0.7ms action_age=40.3ms scan_age=39.6ms scan_rx_age=17.1ms odom_age=7.2ms odom_rx_age=6.1ms sensor_skew=32.4ms loop_to_send=5.5ms
[go2:sport] DRY cmd#2769 seq=2801 v=0.895 w=-0.512 dt=39.6ms policy_zmq_lag=0.6ms action_age=39.9ms scan_age=39.3ms scan_rx_age=14.9ms odom_age=7.2ms odom_rx_age=6.5ms sensor_skew=32.1ms loop_to_send=5.9ms
[go2:sport] DRY cmd#2770 seq=2802 v=0.894 w=-0.524 dt=39.9ms policy_zmq_lag=0.7ms action_age=39.8ms scan_age=39.1ms scan_rx_age=16.4ms odom_age=6.9ms odom_rx_age=6.1ms sensor_skew=32.2ms loop_to_send=5.5ms
[go2:sport] DRY cmd#2771 seq=2803 v=0.898 w=-0.404 dt=39.8ms policy_zmq_lag=0.7ms action_age=39.8ms scan_age=39.1ms scan_rx_age=16.0ms odom_age=6.8ms odom_rx_age=6.0ms sensor_skew=32.3ms loop_to_send=5.5ms
[go2:sport] DRY cmd#2772 seq=2804 v=0.895 w=-0.493 dt=39.9ms policy_zmq_lag=0.7ms action_age=39.7ms scan_age=39.0ms scan_rx_age=16.2ms odom_age=6.7ms odom_rx_age=5.9ms sensor_skew=32.3ms loop_to_send=5.4ms
[go2:sport] DRY cmd#2773 seq=2805 v=0.900 w=-0.616 dt=42.2ms policy_zmq_lag=0.7ms action_age=41.9ms scan_age=41.2ms scan_rx_age=17.1ms odom_age=8.8ms odom_rx_age=7.2ms sensor_skew=32.4ms loop_to_send=6.5ms
[go2:sport] DRY cmd#2774 seq=2806 v=0.894 w=-0.498 dt=38.9ms policy_zmq_lag=0.6ms action_age=40.8ms scan_age=40.2ms scan_rx_age=15.0ms odom_age=8.1ms odom_rx_age=7.3ms sensor_skew=32.1ms loop_to_send=6.2ms
[go2:sport] DRY cmd#2775 seq=2807 v=0.894 w=-0.545 dt=39.1ms policy_zmq_lag=0.6ms action_age=40.0ms scan_age=39.4ms scan_rx_age=15.6ms odom_age=7.2ms odom_rx_age=6.4ms sensor_skew=32.2ms loop_to_send=5.9ms
[go2:sport] DRY cmd#2776 seq=2808 v=0.898 w=-0.585 dt=40.2ms policy_zmq_lag=0.7ms action_age=40.0ms scan_age=39.4ms scan_rx_age=15.7ms odom_age=7.2ms odom_rx_age=6.4ms sensor_skew=32.1ms loop_to_send=5.9ms
[go2:sport] DRY cmd#2777 seq=2809 v=0.895 w=-0.512 dt=44.3ms policy_zmq_lag=0.7ms action_age=44.5ms scan_age=43.8ms scan_rx_age=18.5ms odom_age=11.6ms odom_rx_age=10.5ms sensor_skew=32.2ms loop_to_send=9.7ms
[go2:sport] DRY cmd#2778 seq=2810 v=0.900 w=-0.631 dt=36.9ms policy_zmq_lag=0.7ms action_age=41.3ms scan_age=40.7ms scan_rx_age=15.5ms odom_age=8.4ms odom_rx_age=7.4ms sensor_skew=32.2ms loop_to_send=6.8ms
[go2:sport] DRY cmd#2779 seq=2811 v=0.894 w=-0.512 dt=38.6ms policy_zmq_lag=0.6ms action_age=40.0ms scan_age=39.4ms scan_rx_age=16.5ms odom_age=7.2ms odom_rx_age=6.4ms sensor_skew=32.2ms loop_to_send=5.9ms
[go2:sport] DRY cmd#2780 seq=2812 v=0.894 w=-0.556 dt=40.7ms policy_zmq_lag=0.6ms action_age=40.7ms scan_age=40.1ms scan_rx_age=17.4ms odom_age=7.9ms odom_rx_age=7.1ms sensor_skew=32.1ms loop_to_send=6.0ms
[go2:sport] DRY cmd#2781 seq=2813 v=0.900 w=-0.676 dt=39.4ms policy_zmq_lag=0.6ms action_age=40.1ms scan_age=39.5ms scan_rx_age=17.1ms odom_age=7.3ms odom_rx_age=6.6ms sensor_skew=32.2ms loop_to_send=5.4ms
[go2:sport] DRY cmd#2782 seq=2814 v=0.898 w=-0.575 dt=39.4ms policy_zmq_lag=0.6ms action_age=39.4ms scan_age=38.8ms scan_rx_age=16.0ms odom_age=6.5ms odom_rx_age=5.7ms sensor_skew=32.3ms loop_to_send=5.2ms
[go2:sport] DRY cmd#2783 seq=2815 v=0.900 w=-0.696 dt=40.9ms policy_zmq_lag=0.7ms action_age=40.5ms scan_age=39.8ms scan_rx_age=15.2ms odom_age=7.6ms odom_rx_age=6.6ms sensor_skew=32.2ms loop_to_send=6.0ms
[go2:sport] DRY cmd#2784 seq=2816 v=0.894 w=-0.576 dt=39.9ms policy_zmq_lag=0.7ms action_age=40.4ms scan_age=39.6ms scan_rx_age=15.6ms odom_age=7.4ms odom_rx_age=6.5ms sensor_skew=32.2ms loop_to_send=5.9ms
[go2:sport] DRY cmd#2785 seq=2817 v=0.895 w=-0.498 dt=39.9ms policy_zmq_lag=0.7ms action_age=40.0ms scan_age=39.3ms scan_rx_age=16.8ms odom_age=7.3ms odom_rx_age=6.7ms sensor_skew=32.0ms loop_to_send=5.6ms
[go2:sport] DRY cmd#2786 seq=2818 v=0.900 w=-0.618 dt=39.6ms policy_zmq_lag=0.6ms action_age=39.8ms scan_age=39.2ms scan_rx_age=16.4ms odom_age=7.0ms odom_rx_age=6.3ms sensor_skew=32.2ms loop_to_send=5.3ms
[go2:sport] DRY cmd#2787 seq=2819 v=0.896 w=-0.499 dt=39.7ms policy_zmq_lag=0.6ms action_age=39.4ms scan_age=38.8ms scan_rx_age=15.1ms odom_age=16.5ms odom_rx_age=15.7ms sensor_skew=22.4ms loop_to_send=5.3ms
[go2:sport] DRY cmd#2788 seq=2820 v=0.900 w=-0.620 dt=40.3ms policy_zmq_lag=0.6ms action_age=39.6ms scan_age=39.0ms scan_rx_age=15.8ms odom_age=7.0ms odom_rx_age=6.2ms sensor_skew=32.0ms loop_to_send=5.2ms
[go2:sport] DRY cmd#2789 seq=2821 v=0.895 w=-0.502 dt=40.2ms policy_zmq_lag=0.6ms action_age=39.8ms scan_age=39.1ms scan_rx_age=16.2ms odom_age=7.1ms odom_rx_age=6.3ms sensor_skew=32.0ms loop_to_send=5.8ms
[go2:sport] DRY cmd#2790 seq=2822 v=0.894 w=-0.498 dt=40.1ms policy_zmq_lag=0.6ms action_age=40.6ms scan_age=40.0ms scan_rx_age=16.4ms odom_age=7.1ms odom_rx_age=6.2ms sensor_skew=33.0ms loop_to_send=5.7ms
[go2:sport] DRY cmd#2791 seq=2823 v=0.900 w=-0.618 dt=39.8ms policy_zmq_lag=0.6ms action_age=39.8ms scan_age=39.2ms scan_rx_age=16.5ms odom_age=7.0ms odom_rx_age=6.1ms sensor_skew=32.2ms loop_to_send=5.7ms
[go2:sport] DRY cmd#2792 seq=2824 v=0.898 w=-0.575 dt=40.2ms policy_zmq_lag=0.6ms action_age=40.0ms scan_age=39.4ms scan_rx_age=15.5ms odom_age=7.1ms odom_rx_age=6.3ms sensor_skew=32.2ms loop_to_send=5.8ms
[go2:sport] DRY cmd#2793 seq=2825 v=0.900 w=-0.696 dt=40.3ms policy_zmq_lag=0.7ms action_age=40.1ms scan_age=39.4ms scan_rx_age=14.9ms odom_age=7.4ms odom_rx_age=6.6ms sensor_skew=32.1ms loop_to_send=5.5ms
[go2:sport] DRY cmd#2794 seq=2826 v=0.895 w=-0.576 dt=39.7ms policy_zmq_lag=0.6ms action_age=39.8ms scan_age=39.2ms scan_rx_age=14.6ms odom_age=7.1ms odom_rx_age=5.9ms sensor_skew=32.1ms loop_to_send=5.4ms
[go2:sport] DRY cmd#2795 seq=2827 v=0.894 w=-0.502 dt=39.8ms policy_zmq_lag=0.6ms action_age=39.6ms scan_age=39.1ms scan_rx_age=16.8ms odom_age=7.1ms odom_rx_age=6.4ms sensor_skew=32.0ms loop_to_send=5.3ms
[go2:sport] DRY cmd#2796 seq=2828 v=0.900 w=-0.621 dt=40.1ms policy_zmq_lag=0.7ms action_age=39.8ms scan_age=39.1ms scan_rx_age=15.1ms odom_age=6.9ms odom_rx_age=6.1ms sensor_skew=32.2ms loop_to_send=5.5ms
[go2:sport] DRY cmd#2797 seq=2829 v=0.899 w=-0.500 dt=40.2ms policy_zmq_lag=0.7ms action_age=39.8ms scan_age=39.2ms scan_rx_age=14.6ms odom_age=7.1ms odom_rx_age=5.9ms sensor_skew=32.1ms loop_to_send=5.4ms
[go2:sport] DRY cmd#2798 seq=2830 v=0.900 w=-0.619 dt=39.4ms policy_zmq_lag=0.7ms action_age=39.3ms scan_age=38.6ms scan_rx_age=14.4ms odom_age=6.6ms odom_rx_age=5.8ms sensor_skew=32.0ms loop_to_send=5.3ms
[go2:sport] DRY cmd#2799 seq=2831 v=0.894 w=-0.498 dt=40.4ms policy_zmq_lag=0.6ms action_age=39.8ms scan_age=39.2ms scan_rx_age=15.2ms odom_age=7.1ms odom_rx_age=6.4ms sensor_skew=32.1ms loop_to_send=5.3ms
[go2:sport] DRY cmd#2800 seq=2832 v=0.894 w=-0.506 dt=40.1ms policy_zmq_lag=0.6ms action_age=39.7ms scan_age=39.2ms scan_rx_age=16.7ms odom_age=7.2ms odom_rx_age=6.4ms sensor_skew=32.0ms loop_to_send=5.4ms
[go2:sport] DRY cmd#2801 seq=2833 v=0.900 w=-0.626 dt=39.8ms policy_zmq_lag=0.6ms action_age=39.7ms scan_age=39.1ms scan_rx_age=16.0ms odom_age=6.9ms odom_rx_age=6.2ms sensor_skew=32.1ms loop_to_send=5.2ms
[go2:sport] DRY cmd#2802 seq=2834 v=0.894 w=-0.506 dt=40.0ms policy_zmq_lag=0.6ms action_age=39.6ms scan_age=39.0ms scan_rx_age=15.4ms odom_age=6.6ms odom_rx_age=5.7ms sensor_skew=32.4ms loop_to_send=5.3ms
[go2:sport] DRY cmd#2803 seq=2835 v=0.900 w=-0.626 dt=40.0ms policy_zmq_lag=0.6ms action_age=39.5ms scan_age=38.9ms scan_rx_age=16.1ms odom_age=6.9ms odom_rx_age=6.2ms sensor_skew=32.0ms loop_to_send=5.1ms
[go2:sport] DRY cmd#2804 seq=2836 v=0.894 w=-0.506 dt=40.1ms policy_zmq_lag=0.6ms action_age=39.7ms scan_age=39.1ms scan_rx_age=15.5ms odom_age=7.0ms odom_rx_age=6.3ms sensor_skew=32.1ms loop_to_send=5.2ms
[go2:sport] DRY cmd#2805 seq=2837 v=0.894 w=-0.494 dt=40.2ms policy_zmq_lag=0.6ms action_age=39.9ms scan_age=39.2ms scan_rx_age=15.6ms odom_age=7.1ms odom_rx_age=6.4ms sensor_skew=32.1ms loop_to_send=5.3ms
[go2:sport] DRY cmd#2806 seq=2838 v=0.900 w=-0.614 dt=39.8ms policy_zmq_lag=0.6ms action_age=39.6ms scan_age=39.0ms scan_rx_age=16.4ms odom_age=7.0ms odom_rx_age=6.2ms sensor_skew=32.0ms loop_to_send=5.2ms
[go2:sport] DRY cmd#2807 seq=2839 v=0.895 w=-0.507 dt=40.0ms policy_zmq_lag=0.6ms action_age=39.6ms scan_age=39.0ms scan_rx_age=15.4ms odom_age=7.0ms odom_rx_age=6.3ms sensor_skew=32.0ms loop_to_send=5.2ms
[go2:sport] DRY cmd#2808 seq=2840 v=0.900 w=-0.627 dt=39.9ms policy_zmq_lag=0.6ms action_age=39.5ms scan_age=38.9ms scan_rx_age=16.1ms odom_age=6.9ms odom_rx_age=6.2ms sensor_skew=32.0ms loop_to_send=5.1ms
[go2:sport] DRY cmd#2809 seq=2841 v=0.894 w=-0.549 dt=40.2ms policy_zmq_lag=0.6ms action_age=39.7ms scan_age=39.1ms scan_rx_age=15.6ms odom_age=7.1ms odom_rx_age=6.3ms sensor_skew=32.0ms loop_to_send=5.2ms
[go2:sport] DRY cmd#2810 seq=2842 v=0.894 w=-0.500 dt=40.2ms policy_zmq_lag=0.6ms action_age=40.1ms scan_age=39.5ms scan_rx_age=15.6ms odom_age=7.2ms odom_rx_age=6.4ms sensor_skew=32.3ms loop_to_send=5.4ms
[go2:sport] DRY cmd#2811 seq=2843 v=0.900 w=-0.620 dt=39.6ms policy_zmq_lag=0.6ms action_age=39.4ms scan_age=38.8ms scan_rx_age=16.1ms odom_age=6.8ms odom_rx_age=6.1ms sensor_skew=32.0ms loop_to_send=5.1ms
[go2:sport] DRY cmd#2812 seq=2844 v=0.895 w=-0.500 dt=40.2ms policy_zmq_lag=0.6ms action_age=39.7ms scan_age=39.1ms scan_rx_age=16.5ms odom_age=7.0ms odom_rx_age=6.3ms sensor_skew=32.0ms loop_to_send=5.2ms
[go2:sport] DRY cmd#2813 seq=2845 v=0.898 w=-0.583 dt=40.0ms policy_zmq_lag=0.6ms action_age=39.7ms scan_age=39.2ms scan_rx_age=15.6ms odom_age=7.0ms odom_rx_age=6.3ms sensor_skew=32.1ms loop_to_send=5.2ms
[go2:sport] DRY cmd#2814 seq=2846 v=0.894 w=-0.557 dt=40.0ms policy_zmq_lag=0.6ms action_age=39.7ms scan_age=39.1ms scan_rx_age=15.5ms odom_age=7.0ms odom_rx_age=6.3ms sensor_skew=32.1ms loop_to_send=5.2ms
[go2:sport] DRY cmd#2815 seq=2847 v=0.895 w=-0.517 dt=39.7ms policy_zmq_lag=0.7ms action_age=40.1ms scan_age=39.4ms scan_rx_age=13.8ms odom_age=6.6ms odom_rx_age=5.8ms sensor_skew=32.8ms loop_to_send=5.3ms
[go2:sport] DRY cmd#2816 seq=2848 v=0.900 w=-0.639 dt=40.6ms policy_zmq_lag=0.7ms action_age=40.1ms scan_age=39.3ms scan_rx_age=15.0ms odom_age=7.3ms odom_rx_age=6.5ms sensor_skew=32.0ms loop_to_send=5.3ms
[go2:sport] DRY cmd#2817 seq=2849 v=0.895 w=-0.520 dt=40.1ms policy_zmq_lag=0.8ms action_age=40.2ms scan_age=39.4ms scan_rx_age=15.1ms odom_age=7.2ms odom_rx_age=6.2ms sensor_skew=32.2ms loop_to_send=5.7ms
[go2:sport] DRY cmd#2818 seq=2850 v=0.894 w=-0.641 dt=40.0ms policy_zmq_lag=0.6ms action_age=40.1ms scan_age=39.5ms scan_rx_age=17.2ms odom_age=7.6ms odom_rx_age=6.8ms sensor_skew=31.9ms loop_to_send=5.6ms
[go2:sport] DRY cmd#2819 seq=2851 v=0.898 w=-0.601 dt=39.6ms policy_zmq_lag=0.6ms action_age=39.7ms scan_age=39.2ms scan_rx_age=16.9ms odom_age=7.1ms odom_rx_age=6.4ms sensor_skew=32.1ms loop_to_send=5.2ms
[go2:sport] DRY cmd#2820 seq=2852 v=0.894 w=-0.489 dt=39.9ms policy_zmq_lag=0.6ms action_age=39.9ms scan_age=39.3ms scan_rx_age=14.5ms odom_age=6.9ms odom_rx_age=6.0ms sensor_skew=32.4ms loop_to_send=5.5ms
[go2:sport] DRY cmd#2821 seq=2853 v=0.900 w=-0.609 dt=40.0ms policy_zmq_lag=0.6ms action_age=39.8ms scan_age=39.2ms scan_rx_age=16.7ms odom_age=7.1ms odom_rx_age=6.3ms sensor_skew=32.1ms loop_to_send=5.3ms
[go2:sport] DRY cmd#2822 seq=2854 v=0.894 w=-0.495 dt=40.6ms policy_zmq_lag=1.0ms action_age=40.3ms scan_age=39.3ms scan_rx_age=15.8ms odom_age=7.3ms odom_rx_age=6.5ms sensor_skew=32.0ms loop_to_send=5.4ms
[go2:sport] DRY cmd#2823 seq=2855 v=0.893 w=-0.562 dt=39.7ms policy_zmq_lag=0.6ms action_age=40.0ms scan_age=39.5ms scan_rx_age=16.9ms odom_age=7.5ms odom_rx_age=6.7ms sensor_skew=32.0ms loop_to_send=5.6ms
[go2:sport] DRY cmd#2824 seq=2856 v=0.900 w=-0.441 dt=40.4ms policy_zmq_lag=0.7ms action_age=40.5ms scan_age=39.8ms scan_rx_age=16.7ms odom_age=7.8ms odom_rx_age=7.0ms sensor_skew=32.0ms loop_to_send=5.8ms
[go2:sport] DRY cmd#2825 seq=2857 v=0.895 w=-0.509 dt=40.9ms policy_zmq_lag=1.4ms action_age=41.4ms scan_age=39.9ms scan_rx_age=16.0ms odom_age=7.7ms odom_rx_age=6.6ms sensor_skew=32.2ms loop_to_send=6.0ms
[go2:sport] DRY cmd#2826 seq=2858 v=0.900 w=-0.628 dt=39.3ms policy_zmq_lag=0.7ms action_age=40.5ms scan_age=39.9ms scan_rx_age=16.8ms odom_age=7.8ms odom_rx_age=6.9ms sensor_skew=32.0ms loop_to_send=6.1ms
[go2:sport] DRY cmd#2827 seq=2859 v=0.895 w=-0.508 dt=39.8ms policy_zmq_lag=0.6ms action_age=40.4ms scan_age=39.8ms scan_rx_age=15.3ms odom_age=7.6ms odom_rx_age=6.5ms sensor_skew=32.2ms loop_to_send=5.9ms
[go2:sport] DRY cmd#2828 seq=2860 v=0.894 w=-0.495 dt=39.8ms policy_zmq_lag=0.6ms action_age=40.2ms scan_age=39.6ms scan_rx_age=15.6ms odom_age=7.6ms odom_rx_age=6.6ms sensor_skew=32.0ms loop_to_send=6.0ms
[go2:sport] DRY cmd#2829 seq=2861 v=0.900 w=-0.373 dt=40.3ms policy_zmq_lag=0.6ms action_age=40.6ms scan_age=40.0ms scan_rx_age=16.9ms odom_age=7.9ms odom_rx_age=7.0ms sensor_skew=32.2ms loop_to_send=5.7ms
[go2:sport] DRY cmd#2830 seq=2862 v=0.895 w=-0.491 dt=39.5ms policy_zmq_lag=0.6ms action_age=40.1ms scan_age=39.5ms scan_rx_age=15.4ms odom_age=7.4ms odom_rx_age=6.4ms sensor_skew=32.1ms loop_to_send=5.8ms
[go2:sport] DRY cmd#2831 seq=2863 v=0.900 w=-0.611 dt=40.1ms policy_zmq_lag=0.6ms action_age=40.0ms scan_age=39.4ms scan_rx_age=16.6ms odom_age=7.4ms odom_rx_age=6.5ms sensor_skew=32.0ms loop_to_send=5.9ms
[go2:sport] DRY cmd#2832 seq=2864 v=0.894 w=-0.511 dt=40.2ms policy_zmq_lag=0.6ms action_age=40.2ms scan_age=39.6ms scan_rx_age=16.9ms odom_age=7.8ms odom_rx_age=6.9ms sensor_skew=31.8ms loop_to_send=5.6ms
[go2:sport] DRY cmd#2833 seq=2865 v=0.894 w=-0.559 dt=41.0ms policy_zmq_lag=0.7ms action_age=41.4ms scan_age=40.7ms scan_rx_age=17.2ms odom_age=8.5ms odom_rx_age=6.8ms sensor_skew=32.2ms loop_to_send=5.9ms
[go2:sport] DRY cmd#2834 seq=2866 v=0.900 w=-0.678 dt=39.7ms policy_zmq_lag=0.7ms action_age=40.9ms scan_age=40.2ms scan_rx_age=16.2ms odom_age=8.1ms odom_rx_age=6.4ms sensor_skew=32.1ms loop_to_send=5.9ms
[go2:sport] DRY cmd#2835 seq=2867 v=0.898 w=-0.594 dt=40.4ms policy_zmq_lag=0.7ms action_age=41.4ms scan_age=40.7ms scan_rx_age=16.7ms odom_age=8.7ms odom_rx_age=7.4ms sensor_skew=32.0ms loop_to_send=6.6ms
[go2:sport] DRY cmd#2836 seq=2868 v=0.900 w=-0.713 dt=38.8ms policy_zmq_lag=0.6ms action_age=40.2ms scan_age=39.6ms scan_rx_age=16.3ms odom_age=7.6ms odom_rx_age=6.6ms sensor_skew=32.0ms loop_to_send=5.8ms
[go2:sport] DRY cmd#2837 seq=2869 v=0.894 w=-0.592 dt=40.4ms policy_zmq_lag=0.6ms action_age=40.6ms scan_age=40.0ms scan_rx_age=17.0ms odom_age=8.0ms odom_rx_age=7.1ms sensor_skew=32.0ms loop_to_send=5.8ms
[go2:sport] DRY cmd#2838 seq=2870 v=0.894 w=-0.498 dt=39.2ms policy_zmq_lag=0.6ms action_age=39.8ms scan_age=39.2ms scan_rx_age=15.1ms odom_age=7.1ms odom_rx_age=6.2ms sensor_skew=32.1ms loop_to_send=5.7ms
[go2:sport] DRY cmd#2839 seq=2871 v=0.900 w=-0.620 dt=40.6ms policy_zmq_lag=0.6ms action_age=40.4ms scan_age=39.8ms scan_rx_age=16.8ms odom_age=7.6ms odom_rx_age=6.8ms sensor_skew=32.1ms loop_to_send=5.6ms
[go2:sport] DRY cmd#2840 seq=2872 v=0.899 w=-0.501 dt=39.1ms policy_zmq_lag=0.6ms action_age=40.0ms scan_age=39.4ms scan_rx_age=15.3ms odom_age=7.0ms odom_rx_age=6.4ms sensor_skew=32.4ms loop_to_send=5.3ms
[go2:sport] DRY cmd#2841 seq=2873 v=0.900 w=-0.622 dt=40.0ms policy_zmq_lag=0.6ms action_age=39.3ms scan_age=38.7ms scan_rx_age=16.6ms odom_age=6.9ms odom_rx_age=6.3ms sensor_skew=31.8ms loop_to_send=5.2ms
[go2:sport] DRY cmd#2842 seq=2874 v=0.894 w=-0.502 dt=40.2ms policy_zmq_lag=0.6ms action_age=39.6ms scan_age=39.0ms scan_rx_age=16.2ms odom_age=7.1ms odom_rx_age=6.4ms sensor_skew=31.9ms loop_to_send=5.3ms
[go2:sport] DRY cmd#2843 seq=2875 v=0.894 w=-0.504 dt=40.0ms policy_zmq_lag=0.6ms action_age=39.6ms scan_age=39.0ms scan_rx_age=16.3ms odom_age=10.3ms odom_rx_age=9.5ms sensor_skew=28.7ms loop_to_send=5.4ms
[go2:sport] DRY cmd#2844 seq=2876 v=0.900 w=-0.624 dt=40.0ms policy_zmq_lag=0.6ms action_age=39.4ms scan_age=38.8ms scan_rx_age=15.4ms odom_age=7.0ms odom_rx_age=6.3ms sensor_skew=31.8ms loop_to_send=5.2ms
[go2:sport] DRY cmd#2845 seq=2877 v=0.899 w=-0.595 dt=40.2ms policy_zmq_lag=0.6ms action_age=39.6ms scan_age=38.9ms scan_rx_age=15.6ms odom_age=7.2ms odom_rx_age=6.4ms sensor_skew=31.7ms loop_to_send=5.3ms
[go2:sport] DRY cmd#2846 seq=2878 v=0.900 w=-0.714 dt=39.7ms policy_zmq_lag=0.6ms action_age=39.4ms scan_age=38.8ms scan_rx_age=16.1ms odom_age=7.1ms odom_rx_age=6.4ms sensor_skew=31.7ms loop_to_send=5.3ms
[go2:sport] DRY cmd#2847 seq=2879 v=0.894 w=-0.594 dt=40.2ms policy_zmq_lag=0.6ms action_age=39.7ms scan_age=39.1ms scan_rx_age=15.5ms odom_age=7.2ms odom_rx_age=6.4ms sensor_skew=32.0ms loop_to_send=5.3ms
[go2:sport] DRY cmd#2848 seq=2880 v=0.894 w=-0.500 dt=40.7ms policy_zmq_lag=0.8ms action_age=40.3ms scan_age=39.6ms scan_rx_age=16.0ms odom_age=7.6ms odom_rx_age=6.7ms sensor_skew=31.9ms loop_to_send=5.6ms
[go2:sport] DRY cmd#2849 seq=2881 v=0.900 w=-0.619 dt=39.3ms policy_zmq_lag=0.6ms action_age=39.6ms scan_age=39.0ms scan_rx_age=16.7ms odom_age=7.2ms odom_rx_age=6.4ms sensor_skew=31.8ms loop_to_send=5.3ms
[go2:sport] DRY cmd#2850 seq=2882 v=0.896 w=-0.499 dt=39.9ms policy_zmq_lag=0.6ms action_age=39.6ms scan_age=39.0ms scan_rx_age=16.1ms odom_age=7.1ms odom_rx_age=6.3ms sensor_skew=32.0ms loop_to_send=5.2ms
[go2:sport] DRY cmd#2851 seq=2883 v=0.900 w=-0.619 dt=39.9ms policy_zmq_lag=0.6ms action_age=39.4ms scan_age=38.9ms scan_rx_age=16.7ms odom_age=7.0ms odom_rx_age=6.3ms sensor_skew=31.9ms loop_to_send=5.3ms
[go2:sport] DRY cmd#2852 seq=2884 v=0.894 w=-0.498 dt=40.2ms policy_zmq_lag=0.6ms action_age=39.6ms scan_age=39.0ms scan_rx_age=16.6ms odom_age=6.8ms odom_rx_age=5.8ms sensor_skew=32.2ms loop_to_send=5.3ms
[go2:sport] DRY cmd#2853 seq=2885 v=0.894 w=-0.508 dt=40.2ms policy_zmq_lag=0.6ms action_age=39.8ms scan_age=39.2ms scan_rx_age=15.9ms odom_age=7.3ms odom_rx_age=6.4ms sensor_skew=32.0ms loop_to_send=5.3ms
[go2:sport] DRY cmd#2854 seq=2886 v=0.900 w=-0.626 dt=39.4ms policy_zmq_lag=0.6ms action_age=39.2ms scan_age=38.7ms scan_rx_age=16.0ms odom_age=6.9ms odom_rx_age=6.2ms sensor_skew=31.8ms loop_to_send=5.1ms
[go2:sport] DRY cmd#2855 seq=2887 v=0.895 w=-0.519 dt=40.1ms policy_zmq_lag=0.6ms action_age=39.4ms scan_age=38.9ms scan_rx_age=15.4ms odom_age=6.9ms odom_rx_age=6.1ms sensor_skew=32.0ms loop_to_send=5.1ms
[go2:sport] DRY cmd#2856 seq=2888 v=0.900 w=-0.639 dt=40.2ms policy_zmq_lag=0.6ms action_age=39.5ms scan_age=38.9ms scan_rx_age=15.5ms odom_age=7.0ms odom_rx_age=6.3ms sensor_skew=31.8ms loop_to_send=5.2ms
[go2:sport] DRY cmd#2857 seq=2889 v=0.894 w=-0.548 dt=40.2ms policy_zmq_lag=0.6ms action_age=39.5ms scan_age=39.0ms scan_rx_age=15.6ms odom_age=7.1ms odom_rx_age=6.4ms sensor_skew=31.8ms loop_to_send=5.2ms
[go2:sport] DRY cmd#2858 seq=2890 v=0.894 w=-0.498 dt=39.8ms policy_zmq_lag=0.6ms action_age=39.4ms scan_age=38.8ms scan_rx_age=15.5ms odom_age=7.0ms odom_rx_age=6.3ms sensor_skew=31.8ms loop_to_send=5.2ms
[go2:sport] DRY cmd#2859 seq=2891 v=0.900 w=-0.618 dt=40.0ms policy_zmq_lag=0.6ms action_age=39.5ms scan_age=38.9ms scan_rx_age=16.5ms odom_age=7.0ms odom_rx_age=6.3ms sensor_skew=31.9ms loop_to_send=5.2ms
[go2:sport] DRY cmd#2860 seq=2892 v=0.895 w=-0.517 dt=40.8ms policy_zmq_lag=0.6ms action_age=40.3ms scan_age=39.7ms scan_rx_age=16.5ms odom_age=7.8ms odom_rx_age=7.0ms sensor_skew=31.8ms loop_to_send=5.7ms
[go2:sport] DRY cmd#2861 seq=2893 v=0.900 w=-0.637 dt=40.0ms policy_zmq_lag=0.6ms action_age=40.4ms scan_age=39.8ms scan_rx_age=17.1ms odom_age=7.9ms odom_rx_age=7.1ms sensor_skew=31.9ms loop_to_send=5.8ms
[go2:sport] DRY cmd#2862 seq=2894 v=0.894 w=-0.516 dt=40.8ms policy_zmq_lag=0.6ms action_age=41.0ms scan_age=40.4ms scan_rx_age=17.0ms odom_age=8.7ms odom_rx_age=7.9ms sensor_skew=31.7ms loop_to_send=6.3ms
[go2:sport] DRY cmd#2863 seq=2895 v=0.895 w=-0.496 dt=39.0ms policy_zmq_lag=0.6ms action_age=40.1ms scan_age=39.5ms scan_rx_age=16.0ms odom_age=7.8ms odom_rx_age=7.0ms sensor_skew=31.7ms loop_to_send=5.8ms
[go2:sport] DRY cmd#2864 seq=2896 v=0.900 w=-0.616 dt=40.0ms policy_zmq_lag=0.6ms action_age=40.1ms scan_age=39.5ms scan_rx_age=16.0ms odom_age=7.7ms odom_rx_age=7.0ms sensor_skew=31.8ms loop_to_send=5.7ms
[go2:sport] DRY cmd#2865 seq=2897 v=0.894 w=-0.511 dt=39.8ms policy_zmq_lag=0.6ms action_age=40.6ms scan_age=40.0ms scan_rx_age=15.5ms odom_age=7.6ms odom_rx_age=6.4ms sensor_skew=32.4ms loop_to_send=5.9ms
[go2:sport] DRY cmd#2866 seq=2898 v=0.894 w=-0.530 dt=40.1ms policy_zmq_lag=0.6ms action_age=39.9ms scan_age=39.3ms scan_rx_age=16.8ms odom_age=7.6ms odom_rx_age=6.8ms sensor_skew=31.7ms loop_to_send=5.6ms
[go2:sport] DRY cmd#2867 seq=2899 v=0.893 w=-0.564 dt=40.2ms policy_zmq_lag=0.6ms action_age=40.2ms scan_age=39.5ms scan_rx_age=16.9ms odom_age=7.8ms odom_rx_age=6.9ms sensor_skew=31.7ms loop_to_send=5.8ms
[go2:sport] DRY cmd#2868 seq=2900 v=0.895 w=-0.519 dt=39.9ms policy_zmq_lag=0.6ms action_age=40.8ms scan_age=40.2ms scan_rx_age=16.4ms odom_age=7.8ms odom_rx_age=7.0ms sensor_skew=32.4ms loop_to_send=5.8ms
[go2:sport] DRY cmd#2869 seq=2901 v=0.900 w=-0.639 dt=40.0ms policy_zmq_lag=0.6ms action_age=40.1ms scan_age=39.5ms scan_rx_age=17.0ms odom_age=7.8ms odom_rx_age=7.0ms sensor_skew=31.7ms loop_to_send=5.8ms
[go2:sport] DRY cmd#2870 seq=2902 v=0.895 w=-0.519 dt=40.1ms policy_zmq_lag=0.6ms action_age=40.2ms scan_age=39.6ms scan_rx_age=17.4ms odom_age=7.8ms odom_rx_age=7.0ms sensor_skew=31.8ms loop_to_send=5.8ms
[go2:sport] DRY cmd#2871 seq=2903 v=0.893 w=-0.627 dt=39.9ms policy_zmq_lag=0.6ms action_age=40.0ms scan_age=39.4ms scan_rx_age=16.8ms odom_age=7.7ms odom_rx_age=6.9ms sensor_skew=31.7ms loop_to_send=5.8ms
[go2:sport] DRY cmd#2872 seq=2904 v=0.898 w=-0.589 dt=40.2ms policy_zmq_lag=0.6ms action_age=40.3ms scan_age=39.6ms scan_rx_age=17.0ms odom_age=7.1ms odom_rx_age=6.0ms sensor_skew=32.5ms loop_to_send=5.4ms
[go2:sport] DRY cmd#2873 seq=2905 v=0.895 w=-0.487 dt=39.5ms policy_zmq_lag=0.6ms action_age=40.4ms scan_age=39.8ms scan_rx_age=15.6ms odom_age=7.4ms odom_rx_age=6.6ms sensor_skew=32.4ms loop_to_send=5.4ms
[go2:sport] DRY cmd#2874 seq=2906 v=0.900 w=-0.607 dt=40.0ms policy_zmq_lag=0.7ms action_age=39.9ms scan_age=39.1ms scan_rx_age=15.6ms odom_age=7.3ms odom_rx_age=6.6ms sensor_skew=31.8ms loop_to_send=5.4ms
[go2:sport] DRY cmd#2875 seq=2907 v=0.894 w=-0.501 dt=40.0ms policy_zmq_lag=0.7ms action_age=39.8ms scan_age=39.1ms scan_rx_age=15.7ms odom_age=7.3ms odom_rx_age=6.5ms sensor_skew=31.8ms loop_to_send=5.4ms
[go2:sport] DRY cmd#2876 seq=2908 v=0.894 w=-0.555 dt=39.7ms policy_zmq_lag=0.6ms action_age=39.4ms scan_age=38.8ms scan_rx_age=15.3ms odom_age=7.1ms odom_rx_age=6.4ms sensor_skew=31.8ms loop_to_send=5.3ms
[go2:sport] DRY cmd#2877 seq=2909 v=0.900 w=-0.676 dt=40.3ms policy_zmq_lag=0.6ms action_age=39.8ms scan_age=39.2ms scan_rx_age=16.7ms odom_age=7.2ms odom_rx_age=6.4ms sensor_skew=32.0ms loop_to_send=5.3ms
[go2:sport] DRY cmd#2878 seq=2910 v=0.894 w=-0.556 dt=40.3ms policy_zmq_lag=0.7ms action_age=40.1ms scan_age=39.5ms scan_rx_age=14.9ms odom_age=7.4ms odom_rx_age=6.5ms sensor_skew=32.1ms loop_to_send=5.3ms
[go2:sport] DRY cmd#2879 seq=2911 v=0.900 w=-0.675 dt=39.6ms policy_zmq_lag=0.7ms action_age=39.6ms scan_age=39.0ms scan_rx_age=15.2ms odom_age=7.2ms odom_rx_age=6.4ms sensor_skew=31.7ms loop_to_send=5.2ms
[go2:sport] DRY cmd#2880 seq=2912 v=0.894 w=-0.555 dt=40.1ms policy_zmq_lag=0.7ms action_age=39.7ms scan_age=39.1ms scan_rx_age=14.7ms odom_age=7.3ms odom_rx_age=6.5ms sensor_skew=31.7ms loop_to_send=5.3ms
[go2:sport] DRY cmd#2881 seq=2913 v=0.895 w=-0.496 dt=39.9ms policy_zmq_lag=0.6ms action_age=39.5ms scan_age=38.9ms scan_rx_age=15.9ms odom_age=7.4ms odom_rx_age=6.7ms sensor_skew=31.5ms loop_to_send=5.3ms
[go2:sport] DRY cmd#2882 seq=2914 v=0.900 w=-0.616 dt=40.1ms policy_zmq_lag=0.6ms action_age=39.7ms scan_age=39.1ms scan_rx_age=15.9ms odom_age=7.4ms odom_rx_age=6.7ms sensor_skew=31.7ms loop_to_send=5.3ms
[go2:sport] DRY cmd#2883 seq=2915 v=0.898 w=-0.583 dt=39.6ms policy_zmq_lag=0.6ms action_age=39.3ms scan_age=38.7ms scan_rx_age=15.5ms odom_age=7.0ms odom_rx_age=6.3ms sensor_skew=31.7ms loop_to_send=5.2ms
[go2:sport] DRY cmd#2884 seq=2916 v=0.900 w=-0.703 dt=40.0ms policy_zmq_lag=0.6ms action_age=39.2ms scan_age=38.7ms scan_rx_age=16.2ms odom_age=7.0ms odom_rx_age=6.2ms sensor_skew=31.7ms loop_to_send=5.1ms
[go2:sport] DRY cmd#2885 seq=2917 v=0.894 w=-0.583 dt=40.4ms policy_zmq_lag=0.6ms action_age=39.6ms scan_age=39.0ms scan_rx_age=15.6ms odom_age=7.4ms odom_rx_age=6.5ms sensor_skew=31.6ms loop_to_send=5.3ms
[go2:sport] DRY cmd#2886 seq=2918 v=0.894 w=-0.499 dt=40.0ms policy_zmq_lag=0.6ms action_age=39.8ms scan_age=39.1ms scan_rx_age=14.7ms odom_age=7.3ms odom_rx_age=6.5ms sensor_skew=31.8ms loop_to_send=5.4ms
[go2:sport] DRY cmd#2887 seq=2919 v=0.900 w=-0.620 dt=41.3ms policy_zmq_lag=0.6ms action_age=41.0ms scan_age=40.4ms scan_rx_age=17.9ms odom_age=8.5ms odom_rx_age=7.6ms sensor_skew=32.0ms loop_to_send=6.5ms
[go2:sport] DRY cmd#2888 seq=2920 v=0.899 w=-0.501 dt=39.2ms policy_zmq_lag=0.7ms action_age=40.2ms scan_age=39.6ms scan_rx_age=16.1ms odom_age=7.9ms odom_rx_age=7.1ms sensor_skew=31.7ms loop_to_send=5.9ms
[go2:sport] DRY cmd#2889 seq=2921 v=0.900 w=-0.620 dt=40.0ms policy_zmq_lag=0.8ms action_age=40.3ms scan_age=39.5ms scan_rx_age=16.3ms odom_age=8.3ms odom_rx_age=7.2ms sensor_skew=31.2ms loop_to_send=5.9ms
[go2:sport] DRY cmd#2890 seq=2922 v=0.894 w=-0.502 dt=39.9ms policy_zmq_lag=0.6ms action_age=40.8ms scan_age=40.2ms scan_rx_age=16.0ms odom_age=7.8ms odom_rx_age=7.0ms sensor_skew=32.4ms loop_to_send=5.7ms
[go2:sport] DRY cmd#2891 seq=2923 v=0.894 w=-0.508 dt=39.2ms policy_zmq_lag=0.6ms action_age=39.3ms scan_age=38.7ms scan_rx_age=14.9ms odom_age=7.1ms odom_rx_age=5.9ms sensor_skew=31.6ms loop_to_send=5.3ms
[go2:sport] DRY cmd#2892 seq=2924 v=0.900 w=-0.628 dt=40.1ms policy_zmq_lag=0.6ms action_age=39.3ms scan_age=38.8ms scan_rx_age=16.5ms odom_age=13.8ms odom_rx_age=13.0ms sensor_skew=24.9ms loop_to_send=5.3ms
[go2:sport] DRY cmd#2893 seq=2925 v=0.898 w=-0.594 dt=39.8ms policy_zmq_lag=0.5ms action_age=39.1ms scan_age=38.6ms scan_rx_age=15.3ms odom_age=7.0ms odom_rx_age=6.2ms sensor_skew=31.6ms loop_to_send=5.2ms
[go2:sport] DRY cmd#2894 seq=2926 v=0.900 w=-0.713 dt=40.2ms policy_zmq_lag=0.6ms action_age=39.4ms scan_age=38.8ms scan_rx_age=16.3ms odom_age=7.1ms odom_rx_age=6.4ms sensor_skew=31.6ms loop_to_send=5.3ms
[go2:sport] DRY cmd#2895 seq=2927 v=0.894 w=-0.593 dt=40.0ms policy_zmq_lag=0.6ms action_age=39.5ms scan_age=38.8ms scan_rx_age=16.2ms odom_age=7.1ms odom_rx_age=6.3ms sensor_skew=31.8ms loop_to_send=5.2ms
[go2:sport] DRY cmd#2896 seq=2928 v=0.895 w=-0.494 dt=39.9ms policy_zmq_lag=0.6ms action_age=39.4ms scan_age=38.7ms scan_rx_age=15.5ms odom_age=7.0ms odom_rx_age=6.3ms sensor_skew=31.7ms loop_to_send=5.2ms
[go2:sport] DRY cmd#2897 seq=2929 v=0.900 w=-0.615 dt=40.2ms policy_zmq_lag=0.6ms action_age=39.6ms scan_age=39.0ms scan_rx_age=16.5ms odom_age=7.2ms odom_rx_age=6.3ms sensor_skew=31.8ms loop_to_send=5.3ms
[go2:sport] DRY cmd#2898 seq=2930 v=0.899 w=-0.495 dt=40.1ms policy_zmq_lag=0.6ms action_age=39.7ms scan_age=39.1ms scan_rx_age=16.5ms odom_age=7.0ms odom_rx_age=6.3ms sensor_skew=32.1ms loop_to_send=5.2ms
[go2:sport] DRY cmd#2899 seq=2931 v=0.900 w=-0.614 dt=40.2ms policy_zmq_lag=0.7ms action_age=39.9ms scan_age=39.2ms scan_rx_age=15.9ms odom_age=7.6ms odom_rx_age=6.8ms sensor_skew=31.6ms loop_to_send=5.6ms
[go2:sport] DRY cmd#2900 seq=2932 v=0.894 w=-0.547 dt=39.8ms policy_zmq_lag=0.7ms action_age=39.6ms scan_age=38.9ms scan_rx_age=14.7ms odom_age=7.4ms odom_rx_age=6.6ms sensor_skew=31.6ms loop_to_send=5.4ms
[go2:sport] DRY cmd#2901 seq=2933 v=0.894 w=-0.507 dt=40.1ms policy_zmq_lag=0.7ms action_age=40.0ms scan_age=39.3ms scan_rx_age=14.3ms odom_age=7.4ms odom_rx_age=6.6ms sensor_skew=31.9ms loop_to_send=5.4ms
[go2:sport] DRY cmd#2902 seq=2934 v=0.900 w=-0.626 dt=39.8ms policy_zmq_lag=0.7ms action_age=39.5ms scan_age=38.9ms scan_rx_age=14.8ms odom_age=7.3ms odom_rx_age=6.5ms sensor_skew=31.6ms loop_to_send=5.4ms
[go2:sport] DRY cmd#2903 seq=2935 v=0.895 w=-0.506 dt=40.0ms policy_zmq_lag=0.7ms action_age=39.4ms scan_age=38.7ms scan_rx_age=14.5ms odom_age=7.3ms odom_rx_age=6.5ms sensor_skew=31.4ms loop_to_send=5.4ms
[go2:sport] DRY cmd#2904 seq=2936 v=0.900 w=-0.627 dt=40.1ms policy_zmq_lag=0.7ms action_age=39.6ms scan_age=38.9ms scan_rx_age=14.4ms odom_age=7.4ms odom_rx_age=6.6ms sensor_skew=31.6ms loop_to_send=5.4ms
[go2:sport] DRY cmd#2905 seq=2937 v=0.895 w=-0.506 dt=40.3ms policy_zmq_lag=0.6ms action_age=39.9ms scan_age=39.3ms scan_rx_age=15.9ms odom_age=7.7ms odom_rx_age=7.0ms sensor_skew=31.6ms loop_to_send=5.5ms
[go2:sport] DRY cmd#2906 seq=2938 v=0.895 w=-0.481 dt=39.7ms policy_zmq_lag=0.6ms action_age=39.7ms scan_age=39.1ms scan_rx_age=15.8ms odom_age=7.5ms odom_rx_age=6.8ms sensor_skew=31.6ms loop_to_send=5.3ms
[go2:sport] DRY cmd#2907 seq=2939 v=0.900 w=-0.601 dt=39.8ms policy_zmq_lag=0.6ms action_age=39.6ms scan_age=39.0ms scan_rx_age=16.2ms odom_age=10.6ms odom_rx_age=9.9ms sensor_skew=28.4ms loop_to_send=5.3ms
[go2:sport] DRY cmd#2908 seq=2940 v=0.895 w=-0.500 dt=40.2ms policy_zmq_lag=0.7ms action_age=39.6ms scan_age=38.9ms scan_rx_age=15.7ms odom_age=7.4ms odom_rx_age=6.5ms sensor_skew=31.6ms loop_to_send=5.4ms
[go2:sport] DRY cmd#2909 seq=2941 v=0.899 w=-0.620 dt=39.8ms policy_zmq_lag=0.5ms action_age=39.6ms scan_age=39.0ms scan_rx_age=15.2ms odom_age=7.5ms odom_rx_age=6.8ms sensor_skew=31.5ms loop_to_send=5.4ms
[go2:sport] DRY cmd#2910 seq=2942 v=0.893 w=-0.534 dt=40.4ms policy_zmq_lag=0.6ms action_age=39.9ms scan_age=39.3ms scan_rx_age=16.0ms odom_age=7.7ms odom_rx_age=6.9ms sensor_skew=31.6ms loop_to_send=5.8ms
[go2:sport] DRY cmd#2911 seq=2943 v=0.895 w=-0.486 dt=40.4ms policy_zmq_lag=0.7ms action_age=40.3ms scan_age=39.6ms scan_rx_age=15.8ms odom_age=8.1ms odom_rx_age=7.2ms sensor_skew=31.5ms loop_to_send=5.9ms
[go2:sport] DRY cmd#2912 seq=2944 v=0.900 w=-0.606 dt=40.1ms policy_zmq_lag=0.7ms action_age=40.4ms scan_age=39.7ms scan_rx_age=15.2ms odom_age=8.1ms odom_rx_age=7.2ms sensor_skew=31.6ms loop_to_send=5.9ms
[go2:sport] DRY cmd#2913 seq=2945 v=0.895 w=-0.486 dt=40.2ms policy_zmq_lag=0.7ms action_age=40.7ms scan_age=40.0ms scan_rx_age=14.5ms odom_age=8.4ms odom_rx_age=7.4ms sensor_skew=31.6ms loop_to_send=6.1ms
[go2:sport] DRY cmd#2914 seq=2946 v=0.898 w=-0.580 dt=40.0ms policy_zmq_lag=0.8ms action_age=40.5ms scan_age=39.8ms scan_rx_age=15.6ms odom_age=8.2ms odom_rx_age=7.3ms sensor_skew=31.5ms loop_to_send=6.0ms
[go2:sport] DRY cmd#2915 seq=2947 v=0.898 w=-0.462 dt=42.1ms policy_zmq_lag=1.0ms action_age=43.5ms scan_age=42.5ms scan_rx_age=17.2ms odom_age=10.1ms odom_rx_age=8.7ms sensor_skew=32.4ms loop_to_send=8.2ms
[go2:sport] DRY cmd#2916 seq=2948 v=0.895 w=-0.508 dt=37.4ms policy_zmq_lag=0.7ms action_age=40.0ms scan_age=39.3ms scan_rx_age=15.8ms odom_age=7.8ms odom_rx_age=7.0ms sensor_skew=31.5ms loop_to_send=5.8ms
[go2:sport] DRY cmd#2917 seq=2949 v=0.900 w=-0.629 dt=40.0ms policy_zmq_lag=0.6ms action_age=40.1ms scan_age=39.5ms scan_rx_age=16.0ms odom_age=7.8ms odom_rx_age=7.0ms sensor_skew=31.7ms loop_to_send=5.8ms
[go2:sport] DRY cmd#2918 seq=2950 v=0.895 w=-0.509 dt=39.9ms policy_zmq_lag=0.6ms action_age=39.9ms scan_age=39.3ms scan_rx_age=16.1ms odom_age=7.8ms odom_rx_age=6.9ms sensor_skew=31.5ms loop_to_send=5.7ms
[go2:sport] DRY cmd#2919 seq=2951 v=0.893 w=-0.561 dt=40.5ms policy_zmq_lag=0.7ms action_age=40.4ms scan_age=39.7ms scan_rx_age=16.5ms odom_age=9.2ms odom_rx_age=7.1ms sensor_skew=30.5ms loop_to_send=6.2ms
[go2:sport] DRY cmd#2920 seq=2952 v=0.898 w=-0.584 dt=41.4ms policy_zmq_lag=0.7ms action_age=41.9ms scan_age=41.2ms scan_rx_age=15.9ms odom_age=9.6ms odom_rx_age=8.8ms sensor_skew=31.7ms loop_to_send=7.4ms
[go2:sport] DRY cmd#2921 seq=2953 v=0.894 w=-0.511 dt=38.3ms policy_zmq_lag=0.6ms action_age=40.1ms scan_age=39.5ms scan_rx_age=16.1ms odom_age=7.5ms odom_rx_age=6.4ms sensor_skew=32.0ms loop_to_send=5.8ms
[go2:sport] DRY cmd#2922 seq=2954 v=0.900 w=-0.631 dt=39.5ms policy_zmq_lag=0.6ms action_age=39.6ms scan_age=39.0ms scan_rx_age=16.3ms odom_age=7.6ms odom_rx_age=6.9ms sensor_skew=31.4ms loop_to_send=5.4ms
[go2:sport] DRY cmd#2923 seq=2955 v=0.894 w=-0.511 dt=40.2ms policy_zmq_lag=0.6ms action_age=39.8ms scan_age=39.1ms scan_rx_age=15.7ms odom_age=7.6ms odom_rx_age=6.9ms sensor_skew=31.5ms loop_to_send=5.5ms
[go2:sport] DRY cmd#2924 seq=2956 v=0.894 w=-0.550 dt=39.8ms policy_zmq_lag=0.6ms action_age=39.6ms scan_age=39.0ms scan_rx_age=15.6ms odom_age=7.5ms odom_rx_age=6.8ms sensor_skew=31.5ms loop_to_send=5.4ms
[go2:sport] DRY cmd#2925 seq=2957 v=0.900 w=-0.670 dt=40.2ms policy_zmq_lag=0.7ms action_age=39.8ms scan_age=39.1ms scan_rx_age=16.0ms odom_age=7.4ms odom_rx_age=6.5ms sensor_skew=31.7ms loop_to_send=5.4ms
[go2:sport] DRY cmd#2926 seq=2958 v=0.898 w=-0.589 dt=40.0ms policy_zmq_lag=0.6ms action_age=39.8ms scan_age=39.3ms scan_rx_age=15.7ms odom_age=7.7ms odom_rx_age=7.0ms sensor_skew=31.6ms loop_to_send=5.5ms
[go2:sport] DRY cmd#2927 seq=2959 v=0.900 w=-0.709 dt=40.0ms policy_zmq_lag=0.6ms action_age=39.9ms scan_age=39.3ms scan_rx_age=16.5ms odom_age=7.7ms odom_rx_age=6.9ms sensor_skew=31.6ms loop_to_send=5.4ms
[go2:sport] DRY cmd#2928 seq=2960 v=0.894 w=-0.588 dt=40.2ms policy_zmq_lag=0.6ms action_age=40.0ms scan_age=39.4ms scan_rx_age=16.0ms odom_age=7.8ms odom_rx_age=6.6ms sensor_skew=31.6ms loop_to_send=5.5ms
[go2:sport] DRY cmd#2929 seq=2961 v=0.894 w=-0.508 dt=39.9ms policy_zmq_lag=0.6ms action_age=40.0ms scan_age=39.3ms scan_rx_age=15.8ms odom_age=7.7ms odom_rx_age=7.0ms sensor_skew=31.6ms loop_to_send=5.4ms
[go2:sport] DRY cmd#2930 seq=2962 v=0.900 w=-0.626 dt=39.5ms policy_zmq_lag=0.6ms action_age=39.3ms scan_age=38.8ms scan_rx_age=14.8ms odom_age=7.3ms odom_rx_age=6.5ms sensor_skew=31.4ms loop_to_send=5.4ms
[go2:sport] DRY cmd#2931 seq=2963 v=0.899 w=-0.506 dt=40.6ms policy_zmq_lag=0.6ms action_age=40.0ms scan_age=39.4ms scan_rx_age=15.6ms odom_age=8.0ms odom_rx_age=7.2ms sensor_skew=31.4ms loop_to_send=6.0ms
[go2:sport] DRY cmd#2932 seq=2964 v=0.900 w=-0.628 dt=40.7ms policy_zmq_lag=0.7ms action_age=40.8ms scan_age=40.2ms scan_rx_age=16.1ms odom_age=8.6ms odom_rx_age=7.9ms sensor_skew=31.5ms loop_to_send=6.2ms
[go2:sport] DRY cmd#2933 seq=2965 v=0.894 w=-0.522 dt=39.2ms policy_zmq_lag=0.7ms action_age=40.0ms scan_age=39.3ms scan_rx_age=15.8ms odom_age=7.7ms odom_rx_age=6.8ms sensor_skew=31.6ms loop_to_send=5.6ms
[go2:sport] DRY cmd#2934 seq=2966 v=0.894 w=-0.504 dt=39.7ms policy_zmq_lag=0.6ms action_age=39.6ms scan_age=39.0ms scan_rx_age=15.6ms odom_age=7.6ms odom_rx_age=6.9ms sensor_skew=31.5ms loop_to_send=5.4ms
[go2:sport] DRY cmd#2935 seq=2967 v=0.900 w=-0.624 dt=40.0ms policy_zmq_lag=0.6ms action_age=39.7ms scan_age=39.0ms scan_rx_age=15.5ms odom_age=7.5ms odom_rx_age=6.6ms sensor_skew=31.5ms loop_to_send=5.4ms
[go2:sport] DRY cmd#2936 seq=2968 v=0.898 w=-0.590 dt=40.3ms policy_zmq_lag=0.6ms action_age=39.8ms scan_age=39.2ms scan_rx_age=15.7ms odom_age=7.8ms odom_rx_age=7.0ms sensor_skew=31.4ms loop_to_send=5.5ms
[go2:sport] DRY cmd#2937 seq=2969 v=0.900 w=-0.710 dt=39.8ms policy_zmq_lag=0.6ms action_age=39.7ms scan_age=39.1ms scan_rx_age=15.5ms odom_age=7.7ms odom_rx_age=6.9ms sensor_skew=31.4ms loop_to_send=5.4ms
[go2:sport] DRY cmd#2938 seq=2970 v=0.894 w=-0.590 dt=40.1ms policy_zmq_lag=0.6ms action_age=39.7ms scan_age=39.1ms scan_rx_age=15.7ms odom_age=7.7ms odom_rx_age=7.0ms sensor_skew=31.4ms loop_to_send=5.5ms
[go2:sport] DRY cmd#2939 seq=2971 v=0.894 w=-0.508 dt=40.0ms policy_zmq_lag=0.7ms action_age=39.7ms scan_age=39.1ms scan_rx_age=15.3ms odom_age=7.7ms odom_rx_age=6.9ms sensor_skew=31.4ms loop_to_send=5.7ms
[go2:sport] DRY cmd#2940 seq=2972 v=0.900 w=-0.628 dt=39.9ms policy_zmq_lag=0.6ms action_age=40.3ms scan_age=39.7ms scan_rx_age=15.6ms odom_age=7.5ms odom_rx_age=6.8ms sensor_skew=32.2ms loop_to_send=5.3ms
[go2:sport] DRY cmd#2941 seq=2973 v=0.899 w=-0.508 dt=40.0ms policy_zmq_lag=0.7ms action_age=39.7ms scan_age=39.0ms scan_rx_age=15.6ms odom_age=7.5ms odom_rx_age=6.8ms sensor_skew=31.5ms loop_to_send=5.3ms
[go2:sport] DRY cmd#2942 seq=2974 v=0.900 w=-0.628 dt=40.0ms policy_zmq_lag=0.7ms action_age=39.7ms scan_age=39.0ms scan_rx_age=16.4ms odom_age=7.6ms odom_rx_age=6.8ms sensor_skew=31.4ms loop_to_send=5.3ms
[go2:sport] DRY cmd#2943 seq=2975 v=0.894 w=-0.517 dt=40.1ms policy_zmq_lag=0.7ms action_age=39.8ms scan_age=39.2ms scan_rx_age=15.5ms odom_age=7.7ms odom_rx_age=6.9ms sensor_skew=31.5ms loop_to_send=5.4ms
[go2:sport] DRY cmd#2944 seq=2976 v=0.894 w=-0.503 dt=39.9ms policy_zmq_lag=0.7ms action_age=39.8ms scan_age=39.1ms scan_rx_age=15.1ms odom_age=7.6ms odom_rx_age=6.9ms sensor_skew=31.5ms loop_to_send=5.4ms
[go2:sport] DRY cmd#2945 seq=2977 v=0.900 w=-0.623 dt=39.9ms policy_zmq_lag=0.7ms action_age=39.6ms scan_age=39.0ms scan_rx_age=15.7ms odom_age=20.8ms odom_rx_age=20.0ms sensor_skew=18.2ms loop_to_send=5.4ms
[go2:sport] DRY cmd#2946 seq=2978 v=0.895 w=-0.514 dt=40.4ms policy_zmq_lag=0.7ms action_age=39.9ms scan_age=39.2ms scan_rx_age=14.7ms odom_age=7.8ms odom_rx_age=7.0ms sensor_skew=31.4ms loop_to_send=5.5ms
[go2:sport] DRY cmd#2947 seq=2979 v=0.900 w=-0.633 dt=39.6ms policy_zmq_lag=0.6ms action_age=39.5ms scan_age=38.9ms scan_rx_age=15.5ms odom_age=7.6ms odom_rx_age=6.9ms sensor_skew=31.4ms loop_to_send=5.4ms
[go2:sport] DRY cmd#2948 seq=2980 v=0.894 w=-0.528 dt=40.2ms policy_zmq_lag=0.6ms action_age=39.6ms scan_age=39.1ms scan_rx_age=15.9ms odom_age=7.7ms odom_rx_age=6.8ms sensor_skew=31.4ms loop_to_send=5.5ms
[go2:sport] DRY cmd#2949 seq=2981 v=0.894 w=-0.497 dt=39.9ms policy_zmq_lag=0.6ms action_age=39.8ms scan_age=39.2ms scan_rx_age=15.8ms odom_age=7.7ms odom_rx_age=7.0ms sensor_skew=31.5ms loop_to_send=5.5ms
[go2:sport] DRY cmd#2950 seq=2982 v=0.900 w=-0.617 dt=39.9ms policy_zmq_lag=0.6ms action_age=39.7ms scan_age=39.1ms scan_rx_age=15.5ms odom_age=7.7ms odom_rx_age=6.9ms sensor_skew=31.5ms loop_to_send=5.5ms
[go2:sport] DRY cmd#2951 seq=2983 v=0.897 w=-0.496 dt=40.4ms policy_zmq_lag=0.7ms action_age=40.0ms scan_age=39.3ms scan_rx_age=15.9ms odom_age=8.0ms odom_rx_age=7.2ms sensor_skew=31.3ms loop_to_send=5.6ms
[go2:sport] DRY cmd#2952 seq=2984 v=0.900 w=-0.616 dt=39.7ms policy_zmq_lag=0.7ms action_age=39.8ms scan_age=39.1ms scan_rx_age=15.2ms odom_age=7.7ms odom_rx_age=7.0ms sensor_skew=31.4ms loop_to_send=5.4ms
[go2:sport] DRY cmd#2953 seq=2985 v=0.894 w=-0.534 dt=41.5ms policy_zmq_lag=0.7ms action_age=41.3ms scan_age=40.6ms scan_rx_age=16.6ms odom_age=9.2ms odom_rx_age=8.4ms sensor_skew=31.4ms loop_to_send=6.8ms
[go2:sport] DRY cmd#2954 seq=2986 v=0.894 w=-0.507 dt=38.3ms policy_zmq_lag=0.6ms action_age=39.7ms scan_age=39.1ms scan_rx_age=15.6ms odom_age=7.6ms odom_rx_age=6.9ms sensor_skew=31.5ms loop_to_send=5.4ms
[go2:sport] DRY cmd#2955 seq=2987 v=0.900 w=-0.628 dt=40.2ms policy_zmq_lag=0.6ms action_age=39.8ms scan_age=39.3ms scan_rx_age=15.9ms odom_age=7.8ms odom_rx_age=7.1ms sensor_skew=31.4ms loop_to_send=5.5ms
[go2:sport] DRY cmd#2956 seq=2988 v=0.895 w=-0.517 dt=40.2ms policy_zmq_lag=0.7ms action_age=39.9ms scan_age=39.2ms scan_rx_age=14.6ms odom_age=7.9ms odom_rx_age=7.1ms sensor_skew=31.3ms loop_to_send=5.6ms
[go2:sport] DRY cmd#2957 seq=2989 v=0.898 w=-0.564 dt=39.6ms policy_zmq_lag=0.6ms action_age=39.5ms scan_age=38.9ms scan_rx_age=15.5ms odom_age=7.6ms odom_rx_age=6.9ms sensor_skew=31.3ms loop_to_send=5.4ms
[go2:sport] DRY cmd#2958 seq=2990 v=0.893 w=-0.553 dt=40.2ms policy_zmq_lag=0.7ms action_age=39.8ms scan_age=39.1ms scan_rx_age=15.7ms odom_age=7.7ms odom_rx_age=7.0ms sensor_skew=31.4ms loop_to_send=5.5ms
[go2:sport] DRY cmd#2959 seq=2991 v=0.895 w=-0.492 dt=40.7ms policy_zmq_lag=0.7ms action_age=41.1ms scan_age=40.4ms scan_rx_age=16.0ms odom_age=7.9ms odom_rx_age=7.0ms sensor_skew=32.5ms loop_to_send=5.7ms
[go2:sport] DRY cmd#2960 seq=2992 v=0.900 w=-0.610 dt=38.9ms policy_zmq_lag=0.6ms action_age=39.5ms scan_age=38.9ms scan_rx_age=15.6ms odom_age=7.5ms odom_rx_age=6.8ms sensor_skew=31.4ms loop_to_send=5.2ms
[go2:sport] DRY cmd#2961 seq=2993 v=0.894 w=-0.496 dt=40.0ms policy_zmq_lag=0.6ms action_age=39.3ms scan_age=38.7ms scan_rx_age=16.9ms odom_age=7.4ms odom_rx_age=6.7ms sensor_skew=31.3ms loop_to_send=5.2ms
[go2:sport] DRY cmd#2962 seq=2994 v=0.895 w=-0.617 dt=40.7ms policy_zmq_lag=0.8ms action_age=40.1ms scan_age=39.3ms scan_rx_age=14.9ms odom_age=8.0ms odom_rx_age=7.1ms sensor_skew=31.4ms loop_to_send=5.6ms
[go2:sport] DRY cmd#2963 seq=2995 v=0.896 w=-0.525 dt=39.5ms policy_zmq_lag=0.6ms action_age=39.6ms scan_age=39.0ms scan_rx_age=15.0ms odom_age=7.6ms odom_rx_age=6.9ms sensor_skew=31.4ms loop_to_send=5.4ms
[go2:sport] DRY cmd#2964 seq=2996 v=0.895 w=-0.491 dt=40.7ms policy_zmq_lag=0.7ms action_age=40.9ms scan_age=40.2ms scan_rx_age=16.3ms odom_age=7.8ms odom_rx_age=7.0ms sensor_skew=32.4ms loop_to_send=5.8ms
[go2:sport] DRY cmd#2965 seq=2997 v=0.900 w=-0.611 dt=40.2ms policy_zmq_lag=0.7ms action_age=41.2ms scan_age=40.5ms scan_rx_age=16.3ms odom_age=8.4ms odom_rx_age=7.3ms sensor_skew=32.1ms loop_to_send=5.9ms
[go2:sport] DRY cmd#2966 seq=2998 v=0.895 w=-0.499 dt=39.5ms policy_zmq_lag=0.6ms action_age=40.1ms scan_age=39.5ms scan_rx_age=15.7ms odom_age=8.0ms odom_rx_age=7.2ms sensor_skew=31.5ms loop_to_send=5.7ms
[go2:sport] DRY cmd#2967 seq=2999 v=0.894 w=-0.515 dt=40.2ms policy_zmq_lag=0.6ms action_age=40.3ms scan_age=39.6ms scan_rx_age=16.4ms odom_age=8.3ms odom_rx_age=7.4ms sensor_skew=31.3ms loop_to_send=6.0ms
[go2:sport] DRY cmd#2968 seq=3000 v=0.900 w=-0.395 dt=40.2ms policy_zmq_lag=0.6ms action_age=40.4ms scan_age=39.7ms scan_rx_age=16.6ms odom_age=8.4ms odom_rx_age=7.6ms sensor_skew=31.3ms loop_to_send=5.9ms
[go2:sport] DRY cmd#2969 seq=3001 v=0.895 w=-0.501 dt=40.1ms policy_zmq_lag=0.7ms action_age=40.5ms scan_age=39.8ms scan_rx_age=16.0ms odom_age=7.6ms odom_rx_age=6.6ms sensor_skew=32.2ms loop_to_send=5.8ms
[go2:sport] DRY cmd#2970 seq=3002 v=0.900 w=-0.620 dt=39.9ms policy_zmq_lag=0.8ms action_age=40.3ms scan_age=39.5ms scan_rx_age=15.1ms odom_age=8.2ms odom_rx_age=7.3ms sensor_skew=31.3ms loop_to_send=6.0ms
[go2:sport] DRY cmd#2971 seq=3003 v=0.894 w=-0.499 dt=39.9ms policy_zmq_lag=0.7ms action_age=40.2ms scan_age=39.5ms scan_rx_age=15.4ms odom_age=8.2ms odom_rx_age=7.3ms sensor_skew=31.3ms loop_to_send=5.9ms
[go2:sport] DRY cmd#2972 seq=3004 v=0.895 w=-0.509 dt=40.0ms policy_zmq_lag=0.7ms action_age=40.3ms scan_age=39.6ms scan_rx_age=15.6ms odom_age=8.2ms odom_rx_age=7.3ms sensor_skew=31.4ms loop_to_send=6.0ms
[go2:sport] DRY cmd#2973 seq=3005 v=0.899 w=-0.444 dt=42.7ms policy_zmq_lag=1.7ms action_age=42.9ms scan_age=41.1ms scan_rx_age=16.6ms odom_age=9.9ms odom_rx_age=8.9ms sensor_skew=31.2ms loop_to_send=7.1ms
[go2:sport] DRY cmd#2974 seq=3006 v=0.894 w=-0.511 dt=37.4ms policy_zmq_lag=0.7ms action_age=40.4ms scan_age=39.7ms scan_rx_age=15.6ms odom_age=8.4ms odom_rx_age=7.5ms sensor_skew=31.3ms loop_to_send=6.1ms
[go2:sport] DRY cmd#2975 seq=3007 v=0.900 w=-0.630 dt=39.6ms policy_zmq_lag=0.7ms action_age=40.0ms scan_age=39.4ms scan_rx_age=16.0ms odom_age=8.0ms odom_rx_age=7.1ms sensor_skew=31.4ms loop_to_send=5.8ms
[go2:sport] DRY cmd#2976 seq=3008 v=0.895 w=-0.510 dt=40.0ms policy_zmq_lag=0.6ms action_age=39.9ms scan_age=39.3ms scan_rx_age=15.3ms odom_age=8.0ms odom_rx_age=7.1ms sensor_skew=31.2ms loop_to_send=5.8ms
[go2:sport] DRY cmd#2977 seq=3009 v=0.893 w=-0.544 dt=40.2ms policy_zmq_lag=0.6ms action_age=40.1ms scan_age=39.5ms scan_rx_age=13.6ms odom_age=8.1ms odom_rx_age=6.8ms sensor_skew=31.4ms loop_to_send=6.1ms
[go2:sport] DRY cmd#2978 seq=3010 v=0.900 w=-0.664 dt=39.8ms policy_zmq_lag=0.7ms action_age=40.0ms scan_age=39.4ms scan_rx_age=15.9ms odom_age=7.7ms odom_rx_age=6.7ms sensor_skew=31.7ms loop_to_send=5.6ms
[go2:sport] DRY cmd#2979 seq=3011 v=0.898 w=-0.592 dt=40.1ms policy_zmq_lag=0.6ms action_age=40.2ms scan_age=39.6ms scan_rx_age=16.4ms odom_age=8.1ms odom_rx_age=7.2ms sensor_skew=31.5ms loop_to_send=5.7ms
[go2:sport] DRY cmd#2980 seq=3012 v=0.900 w=-0.712 dt=39.5ms policy_zmq_lag=0.6ms action_age=39.5ms scan_age=38.9ms scan_rx_age=15.1ms odom_age=7.7ms odom_rx_age=7.1ms sensor_skew=31.2ms loop_to_send=5.4ms
[go2:sport] DRY cmd#2981 seq=3013 v=0.894 w=-0.592 dt=40.0ms policy_zmq_lag=0.6ms action_age=39.7ms scan_age=39.1ms scan_rx_age=16.0ms odom_age=7.7ms odom_rx_age=7.0ms sensor_skew=31.4ms loop_to_send=5.4ms
[go2:sport] DRY cmd#2982 seq=3014 v=0.895 w=-0.507 dt=40.1ms policy_zmq_lag=0.6ms action_age=39.6ms scan_age=39.0ms scan_rx_age=16.1ms odom_age=7.8ms odom_rx_age=7.1ms sensor_skew=31.1ms loop_to_send=5.5ms
[go2:sport] DRY cmd#2983 seq=3015 v=0.900 w=-0.628 dt=40.4ms policy_zmq_lag=0.6ms action_age=40.1ms scan_age=39.5ms scan_rx_age=16.3ms odom_age=8.2ms odom_rx_age=7.5ms sensor_skew=31.3ms loop_to_send=5.9ms
[go2:sport] DRY cmd#2984 seq=3016 v=0.898 w=-0.508 dt=40.0ms policy_zmq_lag=0.6ms action_age=40.1ms scan_age=39.5ms scan_rx_age=16.3ms odom_age=8.3ms odom_rx_age=7.5ms sensor_skew=31.2ms loop_to_send=5.9ms
[go2:sport] DRY cmd#2985 seq=3017 v=0.900 w=-0.628 dt=39.4ms policy_zmq_lag=0.6ms action_age=39.4ms scan_age=38.8ms scan_rx_age=15.7ms odom_age=7.6ms odom_rx_age=6.8ms sensor_skew=31.2ms loop_to_send=5.3ms
[go2:sport] DRY cmd#2986 seq=3018 v=0.894 w=-0.507 dt=40.1ms policy_zmq_lag=0.6ms action_age=39.7ms scan_age=39.1ms scan_rx_age=15.9ms odom_age=7.7ms odom_rx_age=6.9ms sensor_skew=31.4ms loop_to_send=5.4ms
[go2:sport] DRY cmd#2987 seq=3019 v=0.895 w=-0.501 dt=40.2ms policy_zmq_lag=0.6ms action_age=39.8ms scan_age=39.1ms scan_rx_age=16.1ms odom_age=7.9ms odom_rx_age=7.1ms sensor_skew=31.2ms loop_to_send=5.5ms
[go2:sport] DRY cmd#2988 seq=3020 v=0.900 w=-0.620 dt=39.7ms policy_zmq_lag=0.6ms action_age=39.5ms scan_age=39.0ms scan_rx_age=12.9ms odom_age=7.7ms odom_rx_age=7.0ms sensor_skew=31.3ms loop_to_send=5.4ms
[go2:sport] DRY cmd#2989 seq=3021 v=0.898 w=-0.576 dt=40.0ms policy_zmq_lag=0.6ms action_age=39.7ms scan_age=39.1ms scan_rx_age=15.9ms odom_age=7.6ms odom_rx_age=6.9ms sensor_skew=31.4ms loop_to_send=5.4ms
[go2:sport] DRY cmd#2990 seq=3022 v=0.900 w=-0.696 dt=39.9ms policy_zmq_lag=0.6ms action_age=40.1ms scan_age=39.6ms scan_rx_age=15.8ms odom_age=7.7ms odom_rx_age=6.9ms sensor_skew=31.9ms loop_to_send=5.4ms
[go2:sport] DRY cmd#2991 seq=3023 v=0.894 w=-0.576 dt=40.2ms policy_zmq_lag=0.6ms action_age=39.2ms scan_age=38.6ms scan_rx_age=16.1ms odom_age=7.8ms odom_rx_age=7.0ms sensor_skew=30.8ms loop_to_send=5.5ms
[go2:sport] DRY cmd#2992 seq=3024 v=0.894 w=-0.496 dt=40.1ms policy_zmq_lag=0.5ms action_age=39.7ms scan_age=39.1ms scan_rx_age=16.1ms odom_age=7.9ms odom_rx_age=7.1ms sensor_skew=31.2ms loop_to_send=5.5ms
[go2:sport] DRY cmd#2993 seq=3025 v=0.900 w=-0.616 dt=39.7ms policy_zmq_lag=0.5ms action_age=39.4ms scan_age=38.9ms scan_rx_age=15.9ms odom_age=7.6ms odom_rx_age=6.9ms sensor_skew=31.2ms loop_to_send=5.4ms
[go2:sport] DRY cmd#2994 seq=3026 v=0.899 w=-0.496 dt=40.1ms policy_zmq_lag=0.5ms action_age=39.5ms scan_age=39.0ms scan_rx_age=15.9ms odom_age=7.8ms odom_rx_age=7.0ms sensor_skew=31.2ms loop_to_send=5.5ms
[go2:sport] DRY cmd#2995 seq=3027 v=0.900 w=-0.616 dt=39.9ms policy_zmq_lag=0.6ms action_age=39.5ms scan_age=38.8ms scan_rx_age=15.5ms odom_age=7.6ms odom_rx_age=6.8ms sensor_skew=31.3ms loop_to_send=5.3ms
[go2:sport] DRY cmd#2996 seq=3028 v=0.894 w=-0.496 dt=40.1ms policy_zmq_lag=0.6ms action_age=39.6ms scan_age=39.0ms scan_rx_age=15.6ms odom_age=7.8ms odom_rx_age=7.0ms sensor_skew=31.2ms loop_to_send=5.5ms
[go2:sport] DRY cmd#2997 seq=3029 v=0.894 w=-0.505 dt=40.1ms policy_zmq_lag=0.6ms action_age=39.8ms scan_age=39.2ms scan_rx_age=15.8ms odom_age=7.7ms odom_rx_age=7.0ms sensor_skew=31.4ms loop_to_send=5.6ms
[go2:sport] DRY cmd#2998 seq=3030 v=0.900 w=-0.625 dt=40.0ms policy_zmq_lag=0.7ms action_age=39.6ms scan_age=38.9ms scan_rx_age=14.8ms odom_age=7.7ms odom_rx_age=6.9ms sensor_skew=31.2ms loop_to_send=5.3ms
[go2:sport] DRY cmd#2999 seq=3031 v=0.895 w=-0.505 dt=40.2ms policy_zmq_lag=0.7ms action_age=39.9ms scan_age=39.1ms scan_rx_age=14.4ms odom_age=7.9ms odom_rx_age=7.0ms sensor_skew=31.2ms loop_to_send=5.5ms
[go2:sport] DRY cmd#3000 seq=3032 v=0.900 w=-0.625 dt=39.9ms policy_zmq_lag=0.8ms action_age=39.7ms scan_age=38.9ms scan_rx_age=15.4ms odom_age=7.8ms odom_rx_age=7.0ms sensor_skew=31.1ms loop_to_send=5.4ms
[go2:sport] DRY cmd#3001 seq=3033 v=0.894 w=-0.505 dt=39.8ms policy_zmq_lag=0.6ms action_age=39.4ms scan_age=38.8ms scan_rx_age=16.1ms odom_age=7.7ms odom_rx_age=7.0ms sensor_skew=31.1ms loop_to_send=5.3ms
[go2:sport] DRY cmd#3002 seq=3034 v=0.894 w=-0.507 dt=40.1ms policy_zmq_lag=0.6ms action_age=39.6ms scan_age=39.0ms scan_rx_age=16.2ms odom_age=7.8ms odom_rx_age=7.1ms sensor_skew=31.2ms loop_to_send=5.4ms
[go2:sport] DRY cmd#3003 seq=3035 v=0.900 w=-0.627 dt=39.8ms policy_zmq_lag=0.6ms action_age=39.5ms scan_age=38.8ms scan_rx_age=15.9ms odom_age=7.4ms odom_rx_age=6.7ms sensor_skew=31.4ms loop_to_send=5.2ms
[go2:sport] DRY cmd#3004 seq=3036 v=0.895 w=-0.519 dt=40.1ms policy_zmq_lag=0.6ms action_age=39.4ms scan_age=38.8ms scan_rx_age=15.1ms odom_age=7.7ms odom_rx_age=6.9ms sensor_skew=31.1ms loop_to_send=5.3ms
[go2:sport] DRY cmd#3005 seq=3037 v=0.900 w=-0.640 dt=40.4ms policy_zmq_lag=0.8ms action_age=40.0ms scan_age=39.2ms scan_rx_age=15.8ms odom_age=7.9ms odom_rx_age=7.0ms sensor_skew=31.3ms loop_to_send=5.5ms
[go2:sport] DRY cmd#3006 seq=3038 v=0.894 w=-0.534 dt=39.8ms policy_zmq_lag=0.6ms action_age=39.7ms scan_age=39.1ms scan_rx_age=15.6ms odom_age=7.8ms odom_rx_age=7.0ms sensor_skew=31.2ms loop_to_send=5.5ms
[go2:sport] DRY cmd#3007 seq=3039 v=0.895 w=-0.504 dt=40.5ms policy_zmq_lag=0.6ms action_age=40.2ms scan_age=39.6ms scan_rx_age=16.6ms odom_age=8.3ms odom_rx_age=7.5ms sensor_skew=31.3ms loop_to_send=5.9ms
[go2:sport] DRY cmd#3008 seq=3040 v=0.900 w=-0.623 dt=39.4ms policy_zmq_lag=0.6ms action_age=39.5ms scan_age=38.9ms scan_rx_age=16.3ms odom_age=7.8ms odom_rx_age=7.1ms sensor_skew=31.1ms loop_to_send=5.4ms
[go2:sport] DRY cmd#3009 seq=3041 v=0.895 w=-0.507 dt=40.0ms policy_zmq_lag=0.6ms action_age=39.6ms scan_age=39.0ms scan_rx_age=16.2ms odom_age=7.8ms odom_rx_age=7.0ms sensor_skew=31.2ms loop_to_send=5.4ms
[go2:sport] DRY cmd#3010 seq=3042 v=0.898 w=-0.583 dt=39.9ms policy_zmq_lag=0.6ms action_age=39.3ms scan_age=38.8ms scan_rx_age=15.3ms odom_age=7.8ms odom_rx_age=7.1ms sensor_skew=31.0ms loop_to_send=5.3ms
[go2:sport] DRY cmd#3011 seq=3043 v=0.894 w=-0.551 dt=40.2ms policy_zmq_lag=0.6ms action_age=39.7ms scan_age=39.0ms scan_rx_age=15.7ms odom_age=7.8ms odom_rx_age=7.1ms sensor_skew=31.2ms loop_to_send=5.4ms
[go2:sport] DRY cmd#3012 seq=3044 v=0.895 w=-0.495 dt=42.0ms policy_zmq_lag=1.2ms action_age=41.8ms scan_age=40.7ms scan_rx_age=17.0ms odom_age=7.8ms odom_rx_age=6.7ms sensor_skew=32.9ms loop_to_send=6.1ms
[go2:sport] DRY cmd#3013 seq=3045 v=0.900 w=-0.613 dt=38.8ms policy_zmq_lag=0.6ms action_age=39.9ms scan_age=39.3ms scan_rx_age=16.6ms odom_age=8.4ms odom_rx_age=7.3ms sensor_skew=30.9ms loop_to_send=6.0ms
[go2:sport] DRY cmd#3014 seq=3046 v=0.895 w=-0.497 dt=40.2ms policy_zmq_lag=0.7ms action_age=40.6ms scan_age=39.9ms scan_rx_age=16.5ms odom_age=8.6ms odom_rx_age=7.5ms sensor_skew=31.4ms loop_to_send=6.1ms
[go2:sport] DRY cmd#3015 seq=3047 v=0.893 w=-0.552 dt=39.7ms policy_zmq_lag=0.6ms action_age=40.8ms scan_age=40.1ms scan_rx_age=15.2ms odom_age=8.3ms odom_rx_age=7.2ms sensor_skew=31.9ms loop_to_send=5.8ms
[go2:sport] DRY cmd#3016 seq=3048 v=0.898 w=-0.596 dt=39.9ms policy_zmq_lag=0.6ms action_age=40.1ms scan_age=39.5ms scan_rx_age=16.2ms odom_age=8.3ms odom_rx_age=7.3ms sensor_skew=31.2ms loop_to_send=5.8ms
[go2:sport] DRY cmd#3017 seq=3049 v=0.895 w=-0.476 dt=40.6ms policy_zmq_lag=0.8ms action_age=41.3ms scan_age=40.5ms scan_rx_age=16.6ms odom_age=8.2ms odom_rx_age=6.9ms sensor_skew=32.3ms loop_to_send=6.2ms
[go2:sport] DRY cmd#3018 seq=3050 v=0.900 w=-0.596 dt=39.4ms policy_zmq_lag=0.6ms action_age=40.0ms scan_age=39.4ms scan_rx_age=16.4ms odom_age=8.4ms odom_rx_age=7.5ms sensor_skew=31.1ms loop_to_send=5.8ms
[go2:sport] DRY cmd#3019 seq=3051 v=0.895 w=-0.494 dt=39.9ms policy_zmq_lag=0.6ms action_age=40.1ms scan_age=39.4ms scan_rx_age=16.0ms odom_age=8.1ms odom_rx_age=7.1ms sensor_skew=31.4ms loop_to_send=5.8ms
[go2:sport] DRY cmd#3020 seq=3052 v=0.894 w=-0.540 dt=39.6ms policy_zmq_lag=0.6ms action_age=39.7ms scan_age=39.2ms scan_rx_age=16.3ms odom_age=8.0ms odom_rx_age=7.4ms sensor_skew=31.1ms loop_to_send=5.5ms
[go2:sport] DRY cmd#3021 seq=3053 v=0.899 w=-0.420 dt=40.2ms policy_zmq_lag=0.6ms action_age=39.7ms scan_age=39.1ms scan_rx_age=15.3ms odom_age=7.9ms odom_rx_age=7.1ms sensor_skew=31.2ms loop_to_send=5.6ms
[go2:sport] DRY cmd#3022 seq=3054 v=0.895 w=-0.498 dt=40.5ms policy_zmq_lag=0.7ms action_age=40.3ms scan_age=39.7ms scan_rx_age=16.8ms odom_age=11.7ms odom_rx_age=10.7ms sensor_skew=27.9ms loop_to_send=6.0ms
[go2:sport] DRY cmd#3023 seq=3055 v=0.900 w=-0.618 dt=40.3ms policy_zmq_lag=0.7ms action_age=40.5ms scan_age=39.9ms scan_rx_age=16.0ms odom_age=8.7ms odom_rx_age=7.6ms sensor_skew=31.2ms loop_to_send=6.3ms
[go2:sport] DRY cmd#3024 seq=3056 v=0.894 w=-0.497 dt=40.0ms policy_zmq_lag=0.7ms action_age=40.6ms scan_age=39.9ms scan_rx_age=16.1ms odom_age=8.6ms odom_rx_age=7.4ms sensor_skew=31.3ms loop_to_send=5.9ms
[go2:sport] DRY cmd#3025 seq=3057 v=0.894 w=-0.502 dt=39.7ms policy_zmq_lag=0.7ms action_age=40.3ms scan_age=39.7ms scan_rx_age=16.4ms odom_age=8.5ms odom_rx_age=7.6ms sensor_skew=31.1ms loop_to_send=5.9ms
[go2:sport] DRY cmd#3026 seq=3058 v=0.900 w=-0.383 dt=39.6ms policy_zmq_lag=0.6ms action_age=40.0ms scan_age=39.4ms scan_rx_age=16.2ms odom_age=8.1ms odom_rx_age=7.2ms sensor_skew=31.3ms loop_to_send=5.8ms
[go2:sport] DRY cmd#3027 seq=3059 v=0.895 w=-0.503 dt=40.0ms policy_zmq_lag=0.6ms action_age=39.8ms scan_age=39.3ms scan_rx_age=16.3ms odom_age=8.1ms odom_rx_age=7.3ms sensor_skew=31.1ms loop_to_send=5.7ms
[go2:sport] DRY cmd#3028 seq=3060 v=0.900 w=-0.623 dt=40.2ms policy_zmq_lag=0.6ms action_age=40.1ms scan_age=39.5ms scan_rx_age=16.4ms odom_age=8.3ms odom_rx_age=7.4ms sensor_skew=31.2ms loop_to_send=5.8ms
[go2:sport] DRY cmd#3029 seq=3061 v=0.894 w=-0.504 dt=40.0ms policy_zmq_lag=0.6ms action_age=40.1ms scan_age=39.5ms scan_rx_age=16.7ms odom_age=8.5ms odom_rx_age=7.5ms sensor_skew=30.9ms loop_to_send=6.0ms
[go2:sport] DRY cmd#3030 seq=3062 v=0.894 w=-0.537 dt=40.1ms policy_zmq_lag=0.6ms action_age=40.3ms scan_age=39.7ms scan_rx_age=16.0ms odom_age=8.4ms odom_rx_age=7.2ms sensor_skew=31.4ms loop_to_send=5.8ms
[go2:sport] DRY cmd#3031 seq=3063 v=0.900 w=-0.655 dt=39.5ms policy_zmq_lag=0.6ms action_age=39.9ms scan_age=39.3ms scan_rx_age=15.5ms odom_age=7.9ms odom_rx_age=7.0ms sensor_skew=31.4ms loop_to_send=5.7ms
[go2:sport] DRY cmd#3032 seq=3064 v=0.898 w=-0.591 dt=41.1ms policy_zmq_lag=0.6ms action_age=41.0ms scan_age=40.4ms scan_rx_age=17.0ms odom_age=7.8ms odom_rx_age=6.6ms sensor_skew=32.5ms loop_to_send=6.0ms
[go2:sport] DRY cmd#3033 seq=3065 v=0.900 w=-0.709 dt=39.0ms policy_zmq_lag=0.6ms action_age=39.9ms scan_age=39.2ms scan_rx_age=16.2ms odom_age=8.0ms odom_rx_age=7.2ms sensor_skew=31.2ms loop_to_send=5.6ms
[go2:sport] DRY cmd#3034 seq=3066 v=0.894 w=-0.587 dt=41.5ms policy_zmq_lag=0.7ms action_age=41.4ms scan_age=40.7ms scan_rx_age=17.0ms odom_age=9.5ms odom_rx_age=8.3ms sensor_skew=31.2ms loop_to_send=6.6ms
[go2:sport] DRY cmd#3035 seq=3067 v=0.894 w=-0.514 dt=38.6ms policy_zmq_lag=0.6ms action_age=40.1ms scan_age=39.5ms scan_rx_age=16.3ms odom_age=8.3ms odom_rx_age=7.5ms sensor_skew=31.2ms loop_to_send=5.9ms
[go2:sport] DRY cmd#3036 seq=3068 v=0.900 w=-0.633 dt=40.2ms policy_zmq_lag=0.6ms action_age=40.2ms scan_age=39.6ms scan_rx_age=16.3ms odom_age=8.4ms odom_rx_age=7.5ms sensor_skew=31.2ms loop_to_send=6.2ms
[go2:sport] DRY cmd#3037 seq=3069 v=0.899 w=-0.513 dt=40.7ms policy_zmq_lag=0.6ms action_age=40.8ms scan_age=40.2ms scan_rx_age=17.1ms odom_age=9.3ms odom_rx_age=8.6ms sensor_skew=30.9ms loop_to_send=6.7ms
[go2:sport] DRY cmd#3038 seq=3070 v=0.900 w=-0.633 dt=39.0ms policy_zmq_lag=0.6ms action_age=39.9ms scan_age=39.3ms scan_rx_age=16.0ms odom_age=8.1ms odom_rx_age=7.3ms sensor_skew=31.2ms loop_to_send=5.7ms
[go2:sport] DRY cmd#3039 seq=3071 v=0.894 w=-0.512 dt=41.3ms policy_zmq_lag=0.7ms action_age=41.0ms scan_age=40.3ms scan_rx_age=17.1ms odom_age=9.2ms odom_rx_age=8.1ms sensor_skew=31.1ms loop_to_send=6.5ms
[go2:sport] DRY cmd#3040 seq=3072 v=0.895 w=-0.506 dt=39.0ms policy_zmq_lag=0.6ms action_age=40.7ms scan_age=40.1ms scan_rx_age=16.4ms odom_age=8.2ms odom_rx_age=7.2ms sensor_skew=31.9ms loop_to_send=5.9ms
[go2:sport] DRY cmd#3041 seq=3073 v=0.900 w=-0.626 dt=39.8ms policy_zmq_lag=0.6ms action_age=39.9ms scan_age=39.3ms scan_rx_age=16.2ms odom_age=8.2ms odom_rx_age=7.3ms sensor_skew=31.1ms loop_to_send=5.7ms
[go2:sport] DRY cmd#3042 seq=3074 v=0.899 w=-0.597 dt=40.1ms policy_zmq_lag=0.6ms action_age=40.0ms scan_age=39.4ms scan_rx_age=16.3ms odom_age=8.3ms odom_rx_age=7.4ms sensor_skew=31.1ms loop_to_send=5.8ms
[go2:sport] DRY cmd#3043 seq=3075 v=0.900 w=-0.718 dt=40.3ms policy_zmq_lag=0.7ms action_age=40.4ms scan_age=39.7ms scan_rx_age=16.7ms odom_age=8.4ms odom_rx_age=7.5ms sensor_skew=31.3ms loop_to_send=5.8ms
[go2:sport] DRY cmd#3044 seq=3076 v=0.894 w=-0.599 dt=39.3ms policy_zmq_lag=0.6ms action_age=39.6ms scan_age=39.0ms scan_rx_age=16.0ms odom_age=8.1ms odom_rx_age=7.4ms sensor_skew=30.9ms loop_to_send=5.5ms
[go2:sport] DRY cmd#3045 seq=3077 v=0.894 w=-0.504 dt=40.0ms policy_zmq_lag=0.6ms action_age=39.6ms scan_age=39.0ms scan_rx_age=16.4ms odom_age=8.0ms odom_rx_age=7.2ms sensor_skew=31.0ms loop_to_send=5.5ms
[go2:sport] DRY cmd#3046 seq=3078 v=0.900 w=-0.624 dt=40.0ms policy_zmq_lag=0.6ms action_age=39.6ms scan_age=39.0ms scan_rx_age=15.6ms odom_age=7.9ms odom_rx_age=7.1ms sensor_skew=31.0ms loop_to_send=5.5ms
[go2:sport] DRY cmd#3047 seq=3079 v=0.899 w=-0.504 dt=40.0ms policy_zmq_lag=0.6ms action_age=39.6ms scan_age=39.0ms scan_rx_age=14.4ms odom_age=8.0ms odom_rx_age=7.3ms sensor_skew=31.0ms loop_to_send=5.5ms
[go2:sport] DRY cmd#3048 seq=3080 v=0.900 w=-0.624 dt=39.8ms policy_zmq_lag=0.6ms action_age=39.4ms scan_age=38.8ms scan_rx_age=16.4ms odom_age=7.9ms odom_rx_age=7.2ms sensor_skew=30.9ms loop_to_send=5.3ms
[go2:sport] DRY cmd#3049 seq=3081 v=0.895 w=-0.517 dt=39.9ms policy_zmq_lag=0.6ms action_age=39.5ms scan_age=38.9ms scan_rx_age=15.7ms odom_age=7.8ms odom_rx_age=7.1ms sensor_skew=31.1ms loop_to_send=5.3ms
[go2:sport] DRY cmd#3050 seq=3082 v=0.895 w=-0.491 dt=40.1ms policy_zmq_lag=0.6ms action_age=39.7ms scan_age=39.1ms scan_rx_age=16.1ms odom_age=7.9ms odom_rx_age=7.1ms sensor_skew=31.2ms loop_to_send=5.4ms
[go2:sport] DRY cmd#3051 seq=3083 v=0.900 w=-0.611 dt=39.8ms policy_zmq_lag=0.6ms action_age=39.2ms scan_age=38.6ms scan_rx_age=16.2ms odom_age=7.8ms odom_rx_age=7.1ms sensor_skew=30.9ms loop_to_send=5.2ms
[go2:sport] DRY cmd#3052 seq=3084 v=0.895 w=-0.507 dt=40.2ms policy_zmq_lag=0.6ms action_age=39.5ms scan_age=39.0ms scan_rx_age=14.0ms odom_age=8.0ms odom_rx_age=6.7ms sensor_skew=31.0ms loop_to_send=5.4ms
[go2:sport] DRY cmd#3053 seq=3085 v=0.900 w=-0.626 dt=40.2ms policy_zmq_lag=0.8ms action_age=39.7ms scan_age=38.9ms scan_rx_age=16.3ms odom_age=8.0ms odom_rx_age=7.1ms sensor_skew=31.0ms loop_to_send=5.4ms
[go2:sport] DRY cmd#3054 seq=3086 v=0.894 w=-0.537 dt=39.8ms policy_zmq_lag=0.6ms action_age=39.7ms scan_age=39.0ms scan_rx_age=14.1ms odom_age=8.0ms odom_rx_age=7.2ms sensor_skew=31.0ms loop_to_send=5.4ms
[go2:sport] DRY cmd#3055 seq=3087 v=0.894 w=-0.509 dt=40.0ms policy_zmq_lag=0.6ms action_age=39.6ms scan_age=39.0ms scan_rx_age=14.1ms odom_age=8.0ms odom_rx_age=7.1ms sensor_skew=31.0ms loop_to_send=5.4ms
[go2:sport] DRY cmd#3056 seq=3088 v=0.900 w=-0.629 dt=40.0ms policy_zmq_lag=0.6ms action_age=39.6ms scan_age=38.9ms scan_rx_age=15.4ms odom_age=7.9ms odom_rx_age=7.1ms sensor_skew=31.0ms loop_to_send=5.4ms
[go2:sport] DRY cmd#3057 seq=3089 v=0.895 w=-0.508 dt=40.0ms policy_zmq_lag=0.6ms action_age=39.6ms scan_age=39.1ms scan_rx_age=15.0ms odom_age=7.7ms odom_rx_age=6.8ms sensor_skew=31.4ms loop_to_send=5.3ms
[go2:sport] DRY cmd#3058 seq=3090 v=0.900 w=-0.627 dt=39.9ms policy_zmq_lag=0.6ms action_age=39.4ms scan_age=38.9ms scan_rx_age=16.4ms odom_age=7.9ms odom_rx_age=7.2ms sensor_skew=30.9ms loop_to_send=5.4ms
[go2:sport] DRY cmd#3059 seq=3091 v=0.894 w=-0.553 dt=39.9ms policy_zmq_lag=0.6ms action_age=39.3ms scan_age=38.8ms scan_rx_age=15.6ms odom_age=7.9ms odom_rx_age=7.2ms sensor_skew=30.8ms loop_to_send=5.3ms
[go2:sport] DRY cmd#3060 seq=3092 v=0.894 w=-0.492 dt=40.1ms policy_zmq_lag=0.6ms action_age=39.7ms scan_age=39.1ms scan_rx_age=15.5ms odom_age=7.9ms odom_rx_age=7.0ms sensor_skew=31.2ms loop_to_send=5.4ms
[go2:sport] DRY cmd#3061 seq=3093 v=0.900 w=-0.613 dt=40.3ms policy_zmq_lag=0.6ms action_age=39.7ms scan_age=39.1ms scan_rx_age=16.6ms odom_age=7.6ms odom_rx_age=6.6ms sensor_skew=31.5ms loop_to_send=5.4ms
[go2:sport] DRY cmd#3062 seq=3094 v=0.895 w=-0.494 dt=39.6ms policy_zmq_lag=0.6ms action_age=39.4ms scan_age=38.8ms scan_rx_age=16.1ms odom_age=7.8ms odom_rx_age=7.1ms sensor_skew=31.0ms loop_to_send=5.3ms
[go2:sport] DRY cmd#3063 seq=3095 v=0.895 w=-0.500 dt=40.2ms policy_zmq_lag=0.6ms action_age=39.5ms scan_age=38.9ms scan_rx_age=16.3ms odom_age=11.4ms odom_rx_age=10.7ms sensor_skew=27.4ms loop_to_send=5.4ms
[go2:sport] DRY cmd#3064 seq=3096 v=0.893 w=-0.546 dt=39.9ms policy_zmq_lag=0.6ms action_age=39.4ms scan_age=38.8ms scan_rx_age=16.2ms odom_age=7.9ms odom_rx_age=7.1ms sensor_skew=30.9ms loop_to_send=5.3ms
[go2:sport] DRY cmd#3065 seq=3097 v=0.894 w=-0.502 dt=40.9ms policy_zmq_lag=0.6ms action_age=41.0ms scan_age=40.4ms scan_rx_age=16.9ms odom_age=7.1ms odom_rx_age=6.0ms sensor_skew=33.2ms loop_to_send=5.4ms
[go2:sport] DRY cmd#3066 seq=3098 v=0.900 w=-0.620 dt=39.0ms policy_zmq_lag=0.6ms action_age=39.5ms scan_age=38.9ms scan_rx_age=16.0ms odom_age=7.8ms odom_rx_age=7.0ms sensor_skew=31.1ms loop_to_send=5.3ms
[go2:sport] DRY cmd#3067 seq=3099 v=0.894 w=-0.500 dt=40.0ms policy_zmq_lag=0.6ms action_age=39.4ms scan_age=38.8ms scan_rx_age=16.0ms odom_age=7.8ms odom_rx_age=6.9ms sensor_skew=31.0ms loop_to_send=5.3ms
[go2:sport] DRY cmd#3068 seq=3100 v=0.897 w=-0.620 dt=40.1ms policy_zmq_lag=0.6ms action_age=39.5ms scan_age=38.9ms scan_rx_age=16.0ms odom_age=8.0ms odom_rx_age=7.2ms sensor_skew=30.9ms loop_to_send=5.3ms
[go2:sport] DRY cmd#3069 seq=3101 v=0.898 w=-0.592 dt=40.0ms policy_zmq_lag=0.7ms action_age=39.6ms scan_age=38.9ms scan_rx_age=16.1ms odom_age=7.8ms odom_rx_age=7.0ms sensor_skew=31.1ms loop_to_send=5.3ms
[go2:sport] DRY cmd#3070 seq=3102 v=0.894 w=-0.479 dt=40.0ms policy_zmq_lag=0.6ms action_age=39.7ms scan_age=39.1ms scan_rx_age=15.4ms odom_age=7.8ms odom_rx_age=7.1ms sensor_skew=31.3ms loop_to_send=5.3ms
[go2:sport] DRY cmd#3071 seq=3103 v=0.900 w=-0.599 dt=40.6ms policy_zmq_lag=0.8ms action_age=40.0ms scan_age=39.3ms scan_rx_age=15.3ms odom_age=8.4ms odom_rx_age=7.6ms sensor_skew=30.8ms loop_to_send=5.8ms
[go2:sport] DRY cmd#3072 seq=3104 v=0.895 w=-0.502 dt=39.7ms policy_zmq_lag=0.7ms action_age=39.8ms scan_age=39.1ms scan_rx_age=14.8ms odom_age=8.3ms odom_rx_age=7.5ms sensor_skew=30.8ms loop_to_send=5.6ms
[go2:sport] DRY cmd#3073 seq=3105 v=0.893 w=-0.571 dt=40.9ms policy_zmq_lag=0.6ms action_age=40.8ms scan_age=40.2ms scan_rx_age=16.8ms odom_age=9.2ms odom_rx_age=8.4ms sensor_skew=31.0ms loop_to_send=6.4ms
[go2:sport] DRY cmd#3074 seq=3106 v=0.900 w=-0.451 dt=39.3ms policy_zmq_lag=0.6ms action_age=40.0ms scan_age=39.5ms scan_rx_age=16.2ms odom_age=8.5ms odom_rx_age=7.7ms sensor_skew=31.0ms loop_to_send=5.9ms
[go2:sport] DRY cmd#3075 seq=3107 v=0.895 w=-0.506 dt=39.4ms policy_zmq_lag=0.6ms action_age=39.4ms scan_age=38.8ms scan_rx_age=15.2ms odom_age=7.9ms odom_rx_age=7.2ms sensor_skew=30.9ms loop_to_send=5.2ms
[go2:sport] DRY cmd#3076 seq=3108 v=0.900 w=-0.626 dt=39.9ms policy_zmq_lag=0.5ms action_age=39.3ms scan_age=38.7ms scan_rx_age=16.0ms odom_age=7.8ms odom_rx_age=7.1ms sensor_skew=30.9ms loop_to_send=5.2ms
[go2:sport] DRY cmd#3077 seq=3109 v=0.894 w=-0.506 dt=40.1ms policy_zmq_lag=0.6ms action_age=39.4ms scan_age=38.8ms scan_rx_age=16.1ms odom_age=7.9ms odom_rx_age=7.2ms sensor_skew=30.9ms loop_to_send=5.2ms
[go2:sport] DRY cmd#3078 seq=3110 v=0.895 w=-0.488 dt=40.8ms policy_zmq_lag=0.7ms action_age=40.2ms scan_age=39.5ms scan_rx_age=15.1ms odom_age=8.6ms odom_rx_age=7.8ms sensor_skew=30.9ms loop_to_send=5.9ms
[go2:sport] DRY cmd#3079 seq=3111 v=0.900 w=-0.368 dt=39.4ms policy_zmq_lag=0.7ms action_age=39.5ms scan_age=38.8ms scan_rx_age=16.5ms odom_age=8.1ms odom_rx_age=7.3ms sensor_skew=30.8ms loop_to_send=5.4ms
[go2:sport] DRY cmd#3080 seq=3112 v=0.895 w=-0.489 dt=40.6ms policy_zmq_lag=0.7ms action_age=40.0ms scan_age=39.4ms scan_rx_age=14.1ms odom_age=8.4ms odom_rx_age=7.4ms sensor_skew=31.0ms loop_to_send=5.8ms
[go2:sport] DRY cmd#3081 seq=3113 v=0.900 w=-0.608 dt=39.6ms policy_zmq_lag=0.7ms action_age=39.8ms scan_age=39.1ms scan_rx_age=15.1ms odom_age=8.2ms odom_rx_age=7.4ms sensor_skew=30.9ms loop_to_send=5.5ms
[go2:sport] DRY cmd#3082 seq=3114 v=0.895 w=-0.512 dt=39.9ms policy_zmq_lag=0.7ms action_age=39.7ms scan_age=39.0ms scan_rx_age=14.7ms odom_age=8.1ms odom_rx_age=7.3ms sensor_skew=30.9ms loop_to_send=5.5ms
[go2:sport] DRY cmd#3083 seq=3115 v=0.893 w=-0.570 dt=40.0ms policy_zmq_lag=0.7ms action_age=39.6ms scan_age=38.9ms scan_rx_age=15.1ms odom_age=8.1ms odom_rx_age=7.3ms sensor_skew=30.8ms loop_to_send=5.4ms
[go2:sport] DRY cmd#3084 seq=3116 v=0.900 w=-0.690 dt=39.8ms policy_zmq_lag=0.6ms action_age=39.4ms scan_age=38.8ms scan_rx_age=16.1ms odom_age=8.0ms odom_rx_age=7.3ms sensor_skew=30.8ms loop_to_send=5.3ms
[go2:sport] DRY cmd#3085 seq=3117 v=0.898 w=-0.610 dt=39.9ms policy_zmq_lag=0.6ms action_age=39.3ms scan_age=38.7ms scan_rx_age=15.6ms odom_age=7.6ms odom_rx_age=6.8ms sensor_skew=31.1ms loop_to_send=5.2ms
[go2:sport] DRY cmd#3086 seq=3118 v=0.900 w=-0.730 dt=40.0ms policy_zmq_lag=0.6ms action_age=39.4ms scan_age=38.8ms scan_rx_age=16.1ms odom_age=8.0ms odom_rx_age=7.3ms sensor_skew=30.8ms loop_to_send=5.2ms
[go2:sport] DRY cmd#3087 seq=3119 v=0.894 w=-0.610 dt=40.0ms policy_zmq_lag=0.6ms action_age=39.3ms scan_age=38.7ms scan_rx_age=15.7ms odom_age=8.0ms odom_rx_age=7.3ms sensor_skew=30.7ms loop_to_send=5.2ms
[go2:sport] DRY cmd#3088 seq=3120 v=0.894 w=-0.494 dt=40.0ms policy_zmq_lag=0.6ms action_age=39.3ms scan_age=38.7ms scan_rx_age=16.3ms odom_age=8.0ms odom_rx_age=7.2ms sensor_skew=30.7ms loop_to_send=5.2ms
[go2:sport] DRY cmd#3089 seq=3121 v=0.900 w=-0.614 dt=40.0ms policy_zmq_lag=0.6ms action_age=39.3ms scan_age=38.6ms scan_rx_age=16.2ms odom_age=7.9ms odom_rx_age=7.2ms sensor_skew=30.7ms loop_to_send=5.2ms
[go2:sport] DRY cmd#3090 seq=3122 v=0.899 w=-0.494 dt=40.0ms policy_zmq_lag=0.6ms action_age=39.9ms scan_age=39.3ms scan_rx_age=15.7ms odom_age=7.9ms odom_rx_age=7.2ms sensor_skew=31.4ms loop_to_send=5.2ms
[go2:sport] DRY cmd#3091 seq=3123 v=0.900 w=-0.614 dt=39.9ms policy_zmq_lag=0.6ms action_age=39.4ms scan_age=38.8ms scan_rx_age=16.2ms odom_age=7.9ms odom_rx_age=7.2ms sensor_skew=31.0ms loop_to_send=5.2ms
[go2:sport] DRY cmd#3092 seq=3124 v=0.894 w=-0.494 dt=40.4ms policy_zmq_lag=0.6ms action_age=39.6ms scan_age=39.0ms scan_rx_age=15.7ms odom_age=8.2ms odom_rx_age=7.5ms sensor_skew=30.7ms loop_to_send=5.5ms
[go2:sport] DRY cmd#3093 seq=3125 v=0.894 w=-0.520 dt=42.7ms policy_zmq_lag=0.8ms action_age=42.4ms scan_age=41.6ms scan_rx_age=18.3ms odom_age=10.7ms odom_rx_age=9.8ms sensor_skew=30.8ms loop_to_send=7.9ms
[go2:sport] DRY cmd#3094 seq=3126 v=0.900 w=-0.640 dt=37.2ms policy_zmq_lag=0.6ms action_age=39.5ms scan_age=38.9ms scan_rx_age=15.8ms odom_age=8.1ms odom_rx_age=7.3ms sensor_skew=30.8ms loop_to_send=5.4ms
[go2:sport] DRY cmd#3095 seq=3127 v=0.900 w=-0.520 dt=39.9ms policy_zmq_lag=0.6ms action_age=39.5ms scan_age=38.9ms scan_rx_age=15.4ms odom_age=8.0ms odom_rx_age=7.1ms sensor_skew=30.9ms loop_to_send=5.3ms
[go2:sport] DRY cmd#3096 seq=3128 v=0.900 w=-0.640 dt=40.3ms policy_zmq_lag=0.6ms action_age=39.8ms scan_age=39.2ms scan_rx_age=15.9ms odom_age=8.3ms odom_rx_age=7.6ms sensor_skew=30.8ms loop_to_send=5.6ms
[go2:sport] DRY cmd#3097 seq=3129 v=0.894 w=-0.520 dt=39.8ms policy_zmq_lag=0.6ms action_age=39.5ms scan_age=39.0ms scan_rx_age=15.7ms odom_age=8.2ms odom_rx_age=7.4ms sensor_skew=30.8ms loop_to_send=5.4ms
[go2:sport] DRY cmd#3098 seq=3130 v=0.895 w=-0.511 dt=40.2ms policy_zmq_lag=0.6ms action_age=39.8ms scan_age=39.2ms scan_rx_age=15.8ms odom_age=8.4ms odom_rx_age=7.6ms sensor_skew=30.8ms loop_to_send=5.6ms
[go2:sport] DRY cmd#3099 seq=3131 v=0.900 w=-0.631 dt=40.0ms policy_zmq_lag=0.7ms action_age=39.6ms scan_age=38.9ms scan_rx_age=15.8ms odom_age=8.3ms odom_rx_age=7.4ms sensor_skew=30.7ms loop_to_send=5.5ms
[go2:sport] DRY cmd#3100 seq=3132 v=0.895 w=-0.511 dt=40.0ms policy_zmq_lag=0.6ms action_age=39.9ms scan_age=39.2ms scan_rx_age=15.7ms odom_age=8.3ms odom_rx_age=7.3ms sensor_skew=30.9ms loop_to_send=5.6ms
[go2:sport] DRY cmd#3101 seq=3133 v=0.900 w=-0.631 dt=39.7ms policy_zmq_lag=0.6ms action_age=39.4ms scan_age=38.7ms scan_rx_age=15.5ms odom_age=8.0ms odom_rx_age=7.3ms sensor_skew=30.7ms loop_to_send=5.2ms
[go2:sport] DRY cmd#3102 seq=3134 v=0.894 w=-0.511 dt=40.3ms policy_zmq_lag=0.7ms action_age=39.7ms scan_age=39.0ms scan_rx_age=16.3ms odom_age=8.2ms odom_rx_age=7.4ms sensor_skew=30.8ms loop_to_send=5.4ms
[go2:sport] DRY cmd#3103 seq=3135 v=0.895 w=-0.496 dt=40.0ms policy_zmq_lag=0.8ms action_age=39.7ms scan_age=38.9ms scan_rx_age=15.7ms odom_age=8.3ms odom_rx_age=7.5ms sensor_skew=30.6ms loop_to_send=5.4ms
[go2:sport] DRY cmd#3104 seq=3136 v=0.900 w=-0.616 dt=39.8ms policy_zmq_lag=0.6ms action_age=39.5ms scan_age=38.9ms scan_rx_age=16.1ms odom_age=8.2ms odom_rx_age=7.5ms sensor_skew=30.7ms loop_to_send=5.4ms
[go2:sport] DRY cmd#3105 seq=3137 v=0.895 w=-0.525 dt=40.0ms policy_zmq_lag=0.6ms action_age=39.6ms scan_age=39.0ms scan_rx_age=15.7ms odom_age=8.2ms odom_rx_age=7.3ms sensor_skew=30.8ms loop_to_send=5.4ms
[go2:sport] DRY cmd#3106 seq=3138 v=0.900 w=-0.645 dt=40.0ms policy_zmq_lag=0.6ms action_age=39.6ms scan_age=39.0ms scan_rx_age=16.3ms odom_age=8.3ms odom_rx_age=7.5ms sensor_skew=30.8ms loop_to_send=5.4ms
[go2:sport] DRY cmd#3107 seq=3139 v=0.894 w=-0.544 dt=40.1ms policy_zmq_lag=0.6ms action_age=39.7ms scan_age=39.1ms scan_rx_age=15.7ms odom_age=8.0ms odom_rx_age=7.2ms sensor_skew=31.1ms loop_to_send=5.5ms
[go2:sport] DRY cmd#3108 seq=3140 v=0.895 w=-0.509 dt=39.8ms policy_zmq_lag=0.6ms action_age=39.6ms scan_age=38.9ms scan_rx_age=15.7ms odom_age=8.1ms odom_rx_age=7.4ms sensor_skew=30.8ms loop_to_send=5.3ms
[go2:sport] DRY cmd#3109 seq=3141 v=0.900 w=-0.629 dt=40.3ms policy_zmq_lag=0.6ms action_age=39.7ms scan_age=39.1ms scan_rx_age=14.9ms odom_age=8.4ms odom_rx_age=7.6ms sensor_skew=30.6ms loop_to_send=5.6ms
[go2:sport] DRY cmd#3110 seq=3142 v=0.895 w=-0.512 dt=40.0ms policy_zmq_lag=0.7ms action_age=39.7ms scan_age=39.1ms scan_rx_age=15.7ms odom_age=8.4ms odom_rx_age=7.7ms sensor_skew=30.6ms loop_to_send=5.6ms
[go2:sport] DRY cmd#3111 seq=3143 v=0.900 w=-0.570 dt=39.8ms policy_zmq_lag=0.6ms action_age=39.7ms scan_age=39.1ms scan_rx_age=16.0ms odom_age=8.3ms odom_rx_age=7.5ms sensor_skew=30.8ms loop_to_send=5.5ms
[go2:sport] DRY cmd#3112 seq=3144 v=0.894 w=-0.509 dt=40.0ms policy_zmq_lag=0.6ms action_age=39.6ms scan_age=39.0ms scan_rx_age=15.7ms odom_age=8.2ms odom_rx_age=7.5ms sensor_skew=30.7ms loop_to_send=5.4ms
[go2:sport] DRY cmd#3113 seq=3145 v=0.894 w=-0.498 dt=40.0ms policy_zmq_lag=0.6ms action_age=39.7ms scan_age=39.0ms scan_rx_age=15.9ms odom_age=8.3ms odom_rx_age=7.6ms sensor_skew=30.8ms loop_to_send=5.4ms
[go2:sport] DRY cmd#3114 seq=3146 v=0.900 w=-0.618 dt=39.8ms policy_zmq_lag=0.6ms action_age=39.3ms scan_age=38.7ms scan_rx_age=16.2ms odom_age=8.0ms odom_rx_age=7.2ms sensor_skew=30.7ms loop_to_send=5.2ms
[go2:sport] DRY cmd#3115 seq=3147 v=0.895 w=-0.500 dt=40.4ms policy_zmq_lag=0.7ms action_age=40.3ms scan_age=39.6ms scan_rx_age=14.4ms odom_age=8.3ms odom_rx_age=7.5ms sensor_skew=31.3ms loop_to_send=5.5ms
[go2:sport] DRY cmd#3116 seq=3148 v=0.894 w=-0.536 dt=39.9ms policy_zmq_lag=0.7ms action_age=39.6ms scan_age=38.8ms scan_rx_age=14.6ms odom_age=8.2ms odom_rx_age=7.4ms sensor_skew=30.6ms loop_to_send=5.4ms
[go2:sport] DRY cmd#3117 seq=3149 v=0.893 w=-0.558 dt=40.9ms policy_zmq_lag=0.7ms action_age=40.6ms scan_age=39.9ms scan_rx_age=16.2ms odom_age=9.2ms odom_rx_age=8.4ms sensor_skew=30.7ms loop_to_send=6.0ms
[go2:sport] DRY cmd#3118 seq=3150 v=0.895 w=-0.523 dt=39.6ms policy_zmq_lag=0.7ms action_age=40.3ms scan_age=39.6ms scan_rx_age=16.1ms odom_age=8.8ms odom_rx_age=8.0ms sensor_skew=30.8ms loop_to_send=5.9ms
[go2:sport] DRY cmd#3119 seq=3151 v=0.900 w=-0.643 dt=39.6ms policy_zmq_lag=0.7ms action_age=39.7ms scan_age=39.0ms scan_rx_age=15.7ms odom_age=8.3ms odom_rx_age=7.4ms sensor_skew=30.7ms loop_to_send=5.5ms
[go2:sport] DRY cmd#3120 seq=3152 v=0.894 w=-0.523 dt=39.6ms policy_zmq_lag=0.6ms action_age=39.3ms scan_age=38.7ms scan_rx_age=16.1ms odom_age=8.1ms odom_rx_age=7.3ms sensor_skew=30.6ms loop_to_send=5.2ms
[go2:sport] DRY cmd#3121 seq=3153 v=0.894 w=-0.548 dt=40.1ms policy_zmq_lag=0.6ms action_age=39.4ms scan_age=38.8ms scan_rx_age=15.9ms odom_age=8.1ms odom_rx_age=7.4ms sensor_skew=30.7ms loop_to_send=5.3ms
[go2:sport] DRY cmd#3122 seq=3154 v=0.900 w=-0.428 dt=40.1ms policy_zmq_lag=0.6ms action_age=39.6ms scan_age=39.0ms scan_rx_age=15.9ms odom_age=8.1ms odom_rx_age=7.3ms sensor_skew=30.9ms loop_to_send=5.3ms
[go2:sport] DRY cmd#3123 seq=3155 v=0.894 w=-0.495 dt=40.1ms policy_zmq_lag=0.7ms action_age=40.0ms scan_age=39.3ms scan_rx_age=15.7ms odom_age=8.3ms odom_rx_age=7.5ms sensor_skew=31.0ms loop_to_send=5.4ms
[go2:sport] DRY cmd#3124 seq=3156 v=0.900 w=-0.615 dt=39.9ms policy_zmq_lag=0.7ms action_age=39.5ms scan_age=38.8ms scan_rx_age=15.0ms odom_age=8.2ms odom_rx_age=7.4ms sensor_skew=30.7ms loop_to_send=5.3ms
[go2:sport] DRY cmd#3125 seq=3157 v=0.894 w=-0.496 dt=40.2ms policy_zmq_lag=0.7ms action_age=39.6ms scan_age=38.9ms scan_rx_age=14.8ms odom_age=8.3ms odom_rx_age=7.5ms sensor_skew=30.6ms loop_to_send=5.4ms
[go2:sport] DRY cmd#3126 seq=3158 v=0.894 w=-0.560 dt=40.0ms policy_zmq_lag=0.7ms action_age=39.6ms scan_age=38.9ms scan_rx_age=15.2ms odom_age=8.3ms odom_rx_age=7.5ms sensor_skew=30.6ms loop_to_send=5.4ms
[go2:sport] DRY cmd#3127 seq=3159 v=0.900 w=-0.680 dt=39.9ms policy_zmq_lag=0.6ms action_age=39.6ms scan_age=39.0ms scan_rx_age=15.4ms odom_age=8.3ms odom_rx_age=7.5ms sensor_skew=30.8ms loop_to_send=5.4ms
[go2:sport] DRY cmd#3128 seq=3160 v=0.895 w=-0.560 dt=39.9ms policy_zmq_lag=0.6ms action_age=39.4ms scan_age=38.9ms scan_rx_age=15.9ms odom_age=8.2ms odom_rx_age=7.1ms sensor_skew=30.7ms loop_to_send=5.3ms
[go2:sport] DRY cmd#3129 seq=3161 v=0.900 w=-0.680 dt=40.3ms policy_zmq_lag=0.6ms action_age=39.7ms scan_age=39.1ms scan_rx_age=16.4ms odom_age=8.3ms odom_rx_age=7.5ms sensor_skew=30.8ms loop_to_send=5.5ms
[go2:sport] DRY cmd#3130 seq=3162 v=0.894 w=-0.560 dt=39.8ms policy_zmq_lag=0.6ms action_age=39.4ms scan_age=38.7ms scan_rx_age=16.2ms odom_age=8.3ms odom_rx_age=7.6ms sensor_skew=30.4ms loop_to_send=5.3ms
[go2:sport] DRY cmd#3131 seq=3163 v=0.894 w=-0.502 dt=40.0ms policy_zmq_lag=0.6ms action_age=39.5ms scan_age=38.9ms scan_rx_age=16.5ms odom_age=8.2ms odom_rx_age=7.5ms sensor_skew=30.6ms loop_to_send=5.4ms
[go2:sport] DRY cmd#3132 seq=3164 v=0.900 w=-0.568 dt=40.2ms policy_zmq_lag=0.6ms action_age=39.7ms scan_age=39.1ms scan_rx_age=15.3ms odom_age=8.3ms odom_rx_age=7.6ms sensor_skew=30.7ms loop_to_send=5.5ms
[go2:sport] DRY cmd#3133 seq=3165 v=0.895 w=-0.506 dt=39.7ms policy_zmq_lag=0.6ms action_age=39.4ms scan_age=38.8ms scan_rx_age=15.2ms odom_age=7.9ms odom_rx_age=7.2ms sensor_skew=30.9ms loop_to_send=5.3ms
[go2:sport] DRY cmd#3134 seq=3166 v=0.900 w=-0.626 dt=40.9ms policy_zmq_lag=0.7ms action_age=40.3ms scan_age=39.6ms scan_rx_age=16.4ms odom_age=8.9ms odom_rx_age=8.0ms sensor_skew=30.7ms loop_to_send=6.1ms
[go2:sport] DRY cmd#3135 seq=3167 v=0.894 w=-0.506 dt=40.1ms policy_zmq_lag=0.7ms action_age=40.4ms scan_age=39.7ms scan_rx_age=16.5ms odom_age=9.1ms odom_rx_age=8.2ms sensor_skew=30.7ms loop_to_send=6.2ms
[go2:sport] DRY cmd#3136 seq=3168 v=0.894 w=-0.520 dt=39.4ms policy_zmq_lag=0.7ms action_age=39.9ms scan_age=39.2ms scan_rx_age=13.4ms odom_age=8.4ms odom_rx_age=7.6ms sensor_skew=30.8ms loop_to_send=5.6ms
[go2:sport] DRY cmd#3137 seq=3169 v=0.900 w=-0.640 dt=40.0ms policy_zmq_lag=0.6ms action_age=39.8ms scan_age=39.2ms scan_rx_age=16.0ms odom_age=8.5ms odom_rx_age=7.8ms sensor_skew=30.7ms loop_to_send=5.6ms
[go2:sport] DRY cmd#3138 seq=3170 v=0.898 w=-0.589 dt=39.9ms policy_zmq_lag=0.6ms action_age=39.7ms scan_age=39.1ms scan_rx_age=15.9ms odom_age=8.4ms odom_rx_age=7.7ms sensor_skew=30.7ms loop_to_send=5.4ms
[go2:sport] DRY cmd#3139 seq=3171 v=0.900 w=-0.709 dt=39.9ms policy_zmq_lag=0.6ms action_age=39.6ms scan_age=39.0ms scan_rx_age=15.7ms odom_age=8.3ms odom_rx_age=7.6ms sensor_skew=30.7ms loop_to_send=5.3ms
[go2:sport] DRY cmd#3140 seq=3172 v=0.894 w=-0.589 dt=39.9ms policy_zmq_lag=0.6ms action_age=39.9ms scan_age=39.3ms scan_rx_age=15.7ms odom_age=8.1ms odom_rx_age=7.4ms sensor_skew=31.1ms loop_to_send=5.2ms
[go2:sport] DRY cmd#3141 seq=3173 v=0.894 w=-0.496 dt=40.2ms policy_zmq_lag=0.6ms action_age=39.6ms scan_age=39.0ms scan_rx_age=16.5ms odom_age=8.3ms odom_rx_age=7.5ms sensor_skew=30.7ms loop_to_send=5.4ms
[go2:sport] DRY cmd#3142 seq=3174 v=0.900 w=-0.616 dt=40.3ms policy_zmq_lag=0.8ms action_age=39.9ms scan_age=39.1ms scan_rx_age=16.1ms odom_age=8.3ms odom_rx_age=7.4ms sensor_skew=30.8ms loop_to_send=5.5ms
[go2:sport] DRY cmd#3143 seq=3175 v=0.900 w=-0.496 dt=39.9ms policy_zmq_lag=0.7ms action_age=39.7ms scan_age=39.0ms scan_rx_age=15.7ms odom_age=8.4ms odom_rx_age=7.6ms sensor_skew=30.5ms loop_to_send=5.5ms
[go2:sport] DRY cmd#3144 seq=3176 v=0.900 w=-0.617 dt=40.0ms policy_zmq_lag=0.7ms action_age=39.7ms scan_age=39.0ms scan_rx_age=15.9ms odom_age=8.4ms odom_rx_age=7.6ms sensor_skew=30.5ms loop_to_send=5.4ms
[go2:sport] DRY cmd#3145 seq=3177 v=0.894 w=-0.517 dt=40.0ms policy_zmq_lag=0.7ms action_age=39.8ms scan_age=39.0ms scan_rx_age=14.4ms odom_age=8.4ms odom_rx_age=7.6ms sensor_skew=30.6ms loop_to_send=5.4ms
[go2:sport] DRY cmd#3146 seq=3178 v=0.895 w=-0.498 dt=39.8ms policy_zmq_lag=0.5ms action_age=39.5ms scan_age=39.0ms scan_rx_age=16.3ms odom_age=8.3ms odom_rx_age=7.6ms sensor_skew=30.7ms loop_to_send=5.4ms
[go2:sport] DRY cmd#3147 seq=3179 v=0.900 w=-0.618 dt=40.1ms policy_zmq_lag=0.6ms action_age=39.6ms scan_age=39.0ms scan_rx_age=16.2ms odom_age=8.3ms odom_rx_age=7.5ms sensor_skew=30.7ms loop_to_send=5.3ms
[go2:sport] DRY cmd#3148 seq=3180 v=0.900 w=-0.498 dt=40.0ms policy_zmq_lag=0.6ms action_age=39.5ms scan_age=38.9ms scan_rx_age=15.9ms odom_age=8.4ms odom_rx_age=7.7ms sensor_skew=30.5ms loop_to_send=5.4ms
[go2:sport] DRY cmd#3149 seq=3181 v=0.900 w=-0.618 dt=39.9ms policy_zmq_lag=0.6ms action_age=39.3ms scan_age=38.7ms scan_rx_age=16.4ms odom_age=8.0ms odom_rx_age=7.3ms sensor_skew=30.7ms loop_to_send=5.3ms
[go2:sport] DRY cmd#3150 seq=3182 v=0.894 w=-0.565 dt=40.5ms policy_zmq_lag=0.6ms action_age=39.9ms scan_age=39.3ms scan_rx_age=16.4ms odom_age=8.8ms odom_rx_age=8.0ms sensor_skew=30.5ms loop_to_send=5.8ms
[go2:sport] DRY cmd#3151 seq=3183 v=0.895 w=-0.500 dt=40.0ms policy_zmq_lag=0.6ms action_age=39.9ms scan_age=39.3ms scan_rx_age=16.1ms odom_age=8.7ms odom_rx_age=8.0ms sensor_skew=30.5ms loop_to_send=5.8ms
[go2:sport] DRY cmd#3152 seq=3184 v=0.900 w=-0.620 dt=40.1ms policy_zmq_lag=0.6ms action_age=40.1ms scan_age=39.4ms scan_rx_age=16.1ms odom_age=8.8ms odom_rx_age=8.0ms sensor_skew=30.7ms loop_to_send=5.8ms
[go2:sport] DRY cmd#3153 seq=3185 v=0.895 w=-0.501 dt=39.8ms policy_zmq_lag=0.6ms action_age=39.8ms scan_age=39.2ms scan_rx_age=16.0ms odom_age=8.7ms odom_rx_age=8.0ms sensor_skew=30.5ms loop_to_send=5.7ms
[go2:sport] DRY cmd#3154 seq=3186 v=0.900 w=-0.622 dt=40.0ms policy_zmq_lag=0.6ms action_age=39.8ms scan_age=39.2ms scan_rx_age=16.5ms odom_age=8.6ms odom_rx_age=7.8ms sensor_skew=30.6ms loop_to_send=5.6ms
[go2:sport] DRY cmd#3155 seq=3187 v=0.895 w=-0.502 dt=40.3ms policy_zmq_lag=0.6ms action_age=40.2ms scan_age=39.5ms scan_rx_age=16.2ms odom_age=8.8ms odom_rx_age=7.9ms sensor_skew=30.7ms loop_to_send=5.9ms
[go2:sport] DRY cmd#3156 seq=3188 v=0.895 w=-0.478 dt=42.7ms policy_zmq_lag=0.8ms action_age=42.7ms scan_age=42.0ms scan_rx_age=17.9ms odom_age=11.5ms odom_rx_age=10.5ms sensor_skew=30.5ms loop_to_send=8.1ms
[go2:sport] DRY cmd#3157 seq=3189 v=0.900 w=-0.596 dt=37.2ms policy_zmq_lag=0.6ms action_age=40.0ms scan_age=39.4ms scan_rx_age=16.5ms odom_age=8.8ms odom_rx_age=8.0ms sensor_skew=30.5ms loop_to_send=5.7ms
[go2:sport] DRY cmd#3158 seq=3190 v=0.894 w=-0.506 dt=40.0ms policy_zmq_lag=0.6ms action_age=39.9ms scan_age=39.3ms scan_rx_age=16.1ms odom_age=8.8ms odom_rx_age=8.0ms sensor_skew=30.5ms loop_to_send=5.7ms
[go2:sport] DRY cmd#3159 seq=3191 v=0.899 w=-0.626 dt=40.4ms policy_zmq_lag=0.6ms action_age=40.4ms scan_age=39.8ms scan_rx_age=16.7ms odom_age=9.3ms odom_rx_age=8.4ms sensor_skew=30.6ms loop_to_send=6.2ms
[go2:sport] DRY cmd#3160 seq=3192 v=0.893 w=-0.562 dt=39.7ms policy_zmq_lag=0.8ms action_age=40.1ms scan_age=39.3ms scan_rx_age=15.7ms odom_age=8.7ms odom_rx_age=7.7ms sensor_skew=30.6ms loop_to_send=5.7ms
[go2:sport] DRY cmd#3161 seq=3193 v=0.894 w=-0.506 dt=39.7ms policy_zmq_lag=0.6ms action_age=39.9ms scan_age=39.3ms scan_rx_age=15.7ms odom_age=8.7ms odom_rx_age=7.9ms sensor_skew=30.6ms loop_to_send=5.6ms
[go2:sport] DRY cmd#3162 seq=3194 v=0.900 w=-0.626 dt=40.1ms policy_zmq_lag=0.6ms action_age=39.8ms scan_age=39.2ms scan_rx_age=16.0ms odom_age=8.8ms odom_rx_age=8.0ms sensor_skew=30.4ms loop_to_send=5.7ms
[go2:sport] DRY cmd#3163 seq=3195 v=0.894 w=-0.506 dt=39.7ms policy_zmq_lag=0.6ms action_age=39.6ms scan_age=39.1ms scan_rx_age=15.8ms odom_age=8.6ms odom_rx_age=7.8ms sensor_skew=30.5ms loop_to_send=5.4ms
[go2:sport] DRY cmd#3164 seq=3196 v=0.900 w=-0.386 dt=40.0ms policy_zmq_lag=0.6ms action_age=39.5ms scan_age=38.9ms scan_rx_age=16.1ms odom_age=8.5ms odom_rx_age=7.9ms sensor_skew=30.4ms loop_to_send=5.4ms
[go2:sport] DRY cmd#3165 seq=3197 v=0.895 w=-0.451 dt=40.1ms policy_zmq_lag=0.6ms action_age=40.3ms scan_age=39.7ms scan_rx_age=16.1ms odom_age=8.6ms odom_rx_age=7.9ms sensor_skew=31.0ms loop_to_send=5.5ms
[go2:sport] DRY cmd#3166 seq=3198 v=0.895 w=-0.503 dt=40.3ms policy_zmq_lag=0.7ms action_age=39.9ms scan_age=39.2ms scan_rx_age=16.3ms odom_age=8.7ms odom_rx_age=7.9ms sensor_skew=30.4ms loop_to_send=5.7ms
[go2:sport] DRY cmd#3167 seq=3199 v=0.900 w=-0.623 dt=39.6ms policy_zmq_lag=0.6ms action_age=39.5ms scan_age=38.9ms scan_rx_age=15.5ms odom_age=8.6ms odom_rx_age=7.8ms sensor_skew=30.4ms loop_to_send=5.4ms
[go2:sport] DRY cmd#3168 seq=3200 v=0.894 w=-0.503 dt=40.0ms policy_zmq_lag=0.6ms action_age=39.6ms scan_age=39.0ms scan_rx_age=15.8ms odom_age=8.4ms odom_rx_age=7.6ms sensor_skew=30.6ms loop_to_send=5.4ms
[go2:sport] DRY cmd#3169 seq=3201 v=0.893 w=-0.557 dt=40.2ms policy_zmq_lag=0.6ms action_age=39.8ms scan_age=39.2ms scan_rx_age=15.8ms odom_age=8.7ms odom_rx_age=7.9ms sensor_skew=30.5ms loop_to_send=5.6ms
[go2:sport] DRY cmd#3170 seq=3202 v=0.893 w=-0.550 dt=39.9ms policy_zmq_lag=0.6ms action_age=39.6ms scan_age=39.0ms scan_rx_age=16.0ms odom_age=8.6ms odom_rx_age=7.8ms sensor_skew=30.5ms loop_to_send=5.5ms
[go2:sport] DRY cmd#3171 seq=3203 v=0.895 w=-0.504 dt=39.9ms policy_zmq_lag=0.6ms action_age=39.6ms scan_age=39.0ms scan_rx_age=15.8ms odom_age=8.5ms odom_rx_age=7.6ms sensor_skew=30.6ms loop_to_send=5.4ms
[go2:sport] DRY cmd#3172 seq=3204 v=0.900 w=-0.624 dt=40.0ms policy_zmq_lag=0.6ms action_age=39.6ms scan_age=39.0ms scan_rx_age=15.9ms odom_age=8.5ms odom_rx_age=7.6ms sensor_skew=30.5ms loop_to_send=5.4ms
[go2:sport] DRY cmd#3173 seq=3205 v=0.894 w=-0.504 dt=40.3ms policy_zmq_lag=0.7ms action_age=39.8ms scan_age=39.1ms scan_rx_age=14.5ms odom_age=8.7ms odom_rx_age=7.8ms sensor_skew=30.4ms loop_to_send=5.6ms
[go2:sport] DRY cmd#3174 seq=3206 v=0.894 w=-0.543 dt=39.7ms policy_zmq_lag=0.6ms action_age=39.6ms scan_age=39.0ms scan_rx_age=15.8ms odom_age=8.5ms odom_rx_age=7.8ms sensor_skew=30.5ms loop_to_send=5.4ms
[go2:sport] DRY cmd#3175 seq=3207 v=0.900 w=-0.423 dt=40.0ms policy_zmq_lag=0.6ms action_age=39.7ms scan_age=39.1ms scan_rx_age=16.0ms odom_age=8.5ms odom_rx_age=7.8ms sensor_skew=30.5ms loop_to_send=5.4ms
[go2:sport] DRY cmd#3176 seq=3208 v=0.896 w=-0.492 dt=40.0ms policy_zmq_lag=0.6ms action_age=39.5ms scan_age=38.9ms scan_rx_age=15.6ms odom_age=8.5ms odom_rx_age=7.8ms sensor_skew=30.4ms loop_to_send=5.4ms
[go2:sport] DRY cmd#3177 seq=3209 v=0.900 w=-0.612 dt=40.0ms policy_zmq_lag=0.6ms action_age=39.6ms scan_age=39.0ms scan_rx_age=16.0ms odom_age=8.5ms odom_rx_age=7.8ms sensor_skew=30.5ms loop_to_send=5.4ms
[go2:sport] DRY cmd#3178 seq=3210 v=0.894 w=-0.497 dt=39.9ms policy_zmq_lag=0.6ms action_age=39.4ms scan_age=38.8ms scan_rx_age=15.8ms odom_age=8.4ms odom_rx_age=7.7ms sensor_skew=30.4ms loop_to_send=5.3ms
[go2:sport] DRY cmd#3179 seq=3211 v=0.893 w=-0.564 dt=40.1ms policy_zmq_lag=0.6ms action_age=39.6ms scan_age=38.9ms scan_rx_age=16.3ms odom_age=8.6ms odom_rx_age=7.9ms sensor_skew=30.3ms loop_to_send=5.4ms
[go2:sport] DRY cmd#3180 seq=3212 v=0.900 w=-0.684 dt=40.1ms policy_zmq_lag=0.6ms action_age=39.5ms scan_age=38.9ms scan_rx_age=16.2ms odom_age=8.5ms odom_rx_age=7.6ms sensor_skew=30.4ms loop_to_send=5.4ms
[go2:sport] DRY cmd#3181 seq=3213 v=0.895 w=-0.564 dt=40.1ms policy_zmq_lag=0.7ms action_age=39.8ms scan_age=39.1ms scan_rx_age=15.4ms odom_age=8.6ms odom_rx_age=7.8ms sensor_skew=30.5ms loop_to_send=5.5ms
[go2:sport] DRY cmd#3182 seq=3214 v=0.900 w=-0.684 dt=39.9ms policy_zmq_lag=0.7ms action_age=39.7ms scan_age=39.1ms scan_rx_age=14.6ms odom_age=18.6ms odom_rx_age=17.7ms sensor_skew=20.4ms loop_to_send=5.5ms
[go2:sport] DRY cmd#3183 seq=3215 v=0.894 w=-0.564 dt=40.1ms policy_zmq_lag=0.7ms action_age=39.8ms scan_age=39.1ms scan_rx_age=13.7ms odom_age=8.6ms odom_rx_age=7.7ms sensor_skew=30.5ms loop_to_send=5.6ms
[go2:sport] DRY cmd#3184 seq=3216 v=0.895 w=-0.505 dt=40.0ms policy_zmq_lag=0.7ms action_age=39.7ms scan_age=39.0ms scan_rx_age=13.9ms odom_age=8.7ms odom_rx_age=7.9ms sensor_skew=30.3ms loop_to_send=5.6ms
[go2:sport] DRY cmd#3185 seq=3217 v=0.900 w=-0.625 dt=39.9ms policy_zmq_lag=0.6ms action_age=39.7ms scan_age=39.1ms scan_rx_age=16.1ms odom_age=8.7ms odom_rx_age=7.8ms sensor_skew=30.4ms loop_to_send=5.5ms
[go2:sport] DRY cmd#3186 seq=3218 v=0.895 w=-0.505 dt=39.9ms policy_zmq_lag=0.6ms action_age=39.6ms scan_age=38.9ms scan_rx_age=15.7ms odom_age=8.4ms odom_rx_age=7.7ms sensor_skew=30.5ms loop_to_send=5.3ms
[go2:sport] DRY cmd#3187 seq=3219 v=0.900 w=-0.625 dt=40.0ms policy_zmq_lag=0.6ms action_age=39.5ms scan_age=38.9ms scan_rx_age=15.8ms odom_age=8.4ms odom_rx_age=7.7ms sensor_skew=30.5ms loop_to_send=5.3ms
[go2:sport] DRY cmd#3188 seq=3220 v=0.894 w=-0.505 dt=40.5ms policy_zmq_lag=0.8ms action_age=40.0ms scan_age=39.2ms scan_rx_age=13.5ms odom_age=8.8ms odom_rx_age=7.9ms sensor_skew=30.5ms loop_to_send=5.7ms
[go2:sport] DRY cmd#3189 seq=3221 v=0.894 w=-0.506 dt=39.7ms policy_zmq_lag=0.6ms action_age=39.6ms scan_age=39.0ms scan_rx_age=16.0ms odom_age=8.8ms odom_rx_age=8.1ms sensor_skew=30.2ms loop_to_send=5.5ms
[go2:sport] DRY cmd#3190 seq=3222 v=0.900 w=-0.626 dt=39.9ms policy_zmq_lag=0.6ms action_age=40.3ms scan_age=39.7ms scan_rx_age=16.1ms odom_age=8.6ms odom_rx_age=7.8ms sensor_skew=31.2ms loop_to_send=5.5ms
[go2:sport] DRY cmd#3191 seq=3223 v=0.899 w=-0.616 dt=39.9ms policy_zmq_lag=0.6ms action_age=39.5ms scan_age=38.9ms scan_rx_age=15.6ms odom_age=8.5ms odom_rx_age=7.8ms sensor_skew=30.4ms loop_to_send=5.3ms
[go2:sport] DRY cmd#3192 seq=3224 v=0.900 w=-0.729 dt=40.1ms policy_zmq_lag=0.6ms action_age=39.6ms scan_age=39.0ms scan_rx_age=15.7ms odom_age=17.5ms odom_rx_age=16.4ms sensor_skew=21.5ms loop_to_send=5.4ms
[go2:sport] DRY cmd#3193 seq=3225 v=0.894 w=-0.609 dt=40.1ms policy_zmq_lag=0.6ms action_age=39.0ms scan_age=38.4ms scan_rx_age=15.9ms odom_age=8.6ms odom_rx_age=7.8ms sensor_skew=29.8ms loop_to_send=5.5ms
[go2:sport] DRY cmd#3194 seq=3226 v=0.895 w=-0.498 dt=40.1ms policy_zmq_lag=0.6ms action_age=39.7ms scan_age=39.1ms scan_rx_age=15.9ms odom_age=8.7ms odom_rx_age=8.0ms sensor_skew=30.4ms loop_to_send=5.6ms
[go2:sport] DRY cmd#3195 seq=3227 v=0.900 w=-0.618 dt=39.9ms policy_zmq_lag=0.6ms action_age=39.5ms scan_age=38.9ms scan_rx_age=16.1ms odom_age=8.6ms odom_rx_age=7.8ms sensor_skew=30.3ms loop_to_send=5.4ms
[go2:sport] DRY cmd#3196 seq=3228 v=0.895 w=-0.498 dt=40.3ms policy_zmq_lag=0.7ms action_age=40.0ms scan_age=39.3ms scan_rx_age=15.5ms odom_age=8.8ms odom_rx_age=7.9ms sensor_skew=30.5ms loop_to_send=5.6ms
[go2:sport] DRY cmd#3197 seq=3229 v=0.900 w=-0.618 dt=40.0ms policy_zmq_lag=0.8ms action_age=39.8ms scan_age=39.0ms scan_rx_age=13.2ms odom_age=8.8ms odom_rx_age=8.0ms sensor_skew=30.2ms loop_to_send=5.6ms
[go2:sport] DRY cmd#3198 seq=3230 v=0.894 w=-0.500 dt=39.8ms policy_zmq_lag=0.6ms action_age=39.7ms scan_age=39.1ms scan_rx_age=15.5ms odom_age=8.8ms odom_rx_age=7.9ms sensor_skew=30.3ms loop_to_send=5.6ms
[go2:sport] DRY cmd#3199 seq=3231 v=0.895 w=-0.501 dt=40.0ms policy_zmq_lag=0.6ms action_age=39.9ms scan_age=39.3ms scan_rx_age=13.7ms odom_age=8.8ms odom_rx_age=8.0ms sensor_skew=30.5ms loop_to_send=5.7ms
[go2:sport] DRY cmd#3200 seq=3232 v=0.900 w=-0.622 dt=41.2ms policy_zmq_lag=0.7ms action_age=41.0ms scan_age=40.2ms scan_rx_age=17.4ms odom_age=9.8ms odom_rx_age=8.7ms sensor_skew=30.4ms loop_to_send=6.5ms
[go2:sport] DRY cmd#3201 seq=3233 v=0.897 w=-0.571 dt=39.0ms policy_zmq_lag=0.6ms action_age=40.1ms scan_age=39.5ms scan_rx_age=16.4ms odom_age=9.2ms odom_rx_age=8.4ms sensor_skew=30.3ms loop_to_send=5.8ms
[go2:sport] DRY cmd#3202 seq=3234 v=0.900 w=-0.690 dt=39.5ms policy_zmq_lag=0.6ms action_age=39.4ms scan_age=38.8ms scan_rx_age=15.7ms odom_age=8.5ms odom_rx_age=7.7ms sensor_skew=30.4ms loop_to_send=5.3ms
[go2:sport] DRY cmd#3203 seq=3235 v=0.893 w=-0.570 dt=40.1ms policy_zmq_lag=0.6ms action_age=39.6ms scan_age=39.0ms scan_rx_age=16.0ms odom_age=8.7ms odom_rx_age=8.0ms sensor_skew=30.3ms loop_to_send=5.4ms
[go2:sport] DRY cmd#3204 seq=3236 v=0.895 w=-0.497 dt=40.3ms policy_zmq_lag=0.7ms action_age=39.9ms scan_age=39.2ms scan_rx_age=14.9ms odom_age=8.9ms odom_rx_age=8.1ms sensor_skew=30.3ms loop_to_send=5.6ms
[go2:sport] DRY cmd#3205 seq=3237 v=0.900 w=-0.617 dt=40.1ms policy_zmq_lag=0.7ms action_age=40.0ms scan_age=39.3ms scan_rx_age=15.8ms odom_age=8.9ms odom_rx_age=8.0ms sensor_skew=30.4ms loop_to_send=5.7ms
[go2:sport] DRY cmd#3206 seq=3238 v=0.895 w=-0.497 dt=40.1ms policy_zmq_lag=0.7ms action_age=40.1ms scan_age=39.4ms scan_rx_age=15.9ms odom_age=9.0ms odom_rx_age=8.1ms sensor_skew=30.4ms loop_to_send=5.8ms
[go2:sport] DRY cmd#3207 seq=3239 v=0.900 w=-0.617 dt=39.8ms policy_zmq_lag=0.6ms action_age=39.8ms scan_age=39.2ms scan_rx_age=16.1ms odom_age=8.9ms odom_rx_age=8.1ms sensor_skew=30.3ms loop_to_send=5.7ms
[go2:sport] DRY cmd#3208 seq=3240 v=0.893 w=-0.563 dt=40.1ms policy_zmq_lag=0.6ms action_age=40.0ms scan_age=39.3ms scan_rx_age=16.4ms odom_age=9.0ms odom_rx_age=8.1ms sensor_skew=30.4ms loop_to_send=5.7ms
[go2:sport] DRY cmd#3209 seq=3241 v=0.894 w=-0.509 dt=40.0ms policy_zmq_lag=0.7ms action_age=40.5ms scan_age=39.8ms scan_rx_age=16.1ms odom_age=8.8ms odom_rx_age=7.9ms sensor_skew=31.1ms loop_to_send=5.7ms
[go2:sport] DRY cmd#3210 seq=3242 v=0.900 w=-0.629 dt=40.0ms policy_zmq_lag=0.6ms action_age=40.1ms scan_age=39.4ms scan_rx_age=16.6ms odom_age=8.7ms odom_rx_age=7.6ms sensor_skew=30.7ms loop_to_send=5.8ms
[go2:sport] DRY cmd#3211 seq=3243 v=0.895 w=-0.509 dt=40.1ms policy_zmq_lag=0.6ms action_age=39.9ms scan_age=39.3ms scan_rx_age=16.7ms odom_age=9.2ms odom_rx_age=8.3ms sensor_skew=30.2ms loop_to_send=5.9ms
[go2:sport] DRY cmd#3212 seq=3244 v=0.895 w=-0.629 dt=39.8ms policy_zmq_lag=0.6ms action_age=39.9ms scan_age=39.3ms scan_rx_age=16.3ms odom_age=8.7ms odom_rx_age=7.7ms sensor_skew=30.6ms loop_to_send=5.7ms
[go2:sport] DRY cmd#3213 seq=3245 v=0.894 w=-0.540 dt=40.2ms policy_zmq_lag=0.6ms action_age=40.1ms scan_age=39.5ms scan_rx_age=15.8ms odom_age=9.0ms odom_rx_age=8.2ms sensor_skew=30.4ms loop_to_send=5.8ms
[go2:sport] DRY cmd#3214 seq=3246 v=0.895 w=-0.489 dt=40.0ms policy_zmq_lag=0.6ms action_age=40.3ms scan_age=39.7ms scan_rx_age=16.5ms odom_age=9.2ms odom_rx_age=8.3ms sensor_skew=30.5ms loop_to_send=5.9ms
[go2:sport] DRY cmd#3215 seq=3247 v=0.900 w=-0.609 dt=39.8ms policy_zmq_lag=0.6ms action_age=40.4ms scan_age=39.8ms scan_rx_age=16.6ms odom_age=8.9ms odom_rx_age=8.2ms sensor_skew=30.9ms loop_to_send=5.6ms
[go2:sport] DRY cmd#3216 seq=3248 v=0.894 w=-0.508 dt=40.5ms policy_zmq_lag=0.7ms action_age=40.4ms scan_age=39.7ms scan_rx_age=15.7ms odom_age=9.3ms odom_rx_age=8.2ms sensor_skew=30.4ms loop_to_send=6.0ms
[go2:sport] DRY cmd#3217 seq=3249 v=0.897 w=-0.628 dt=39.7ms policy_zmq_lag=0.6ms action_age=40.1ms scan_age=39.5ms scan_rx_age=15.4ms odom_age=9.1ms odom_rx_age=8.3ms sensor_skew=30.4ms loop_to_send=5.8ms
[go2:sport] DRY cmd#3218 seq=3250 v=0.900 w=-0.508 dt=39.7ms policy_zmq_lag=0.6ms action_age=39.7ms scan_age=39.1ms scan_rx_age=16.3ms odom_age=9.0ms odom_rx_age=8.1ms sensor_skew=30.2ms loop_to_send=5.5ms
[go2:sport] DRY cmd#3219 seq=3251 v=0.895 w=-0.494 dt=40.2ms policy_zmq_lag=0.6ms action_age=40.1ms scan_age=39.6ms scan_rx_age=16.8ms odom_age=8.3ms odom_rx_age=7.0ms sensor_skew=31.3ms loop_to_send=5.7ms
[go2:sport] DRY cmd#3220 seq=3252 v=0.900 w=-0.614 dt=39.7ms policy_zmq_lag=0.6ms action_age=39.6ms scan_age=39.1ms scan_rx_age=15.2ms odom_age=8.8ms odom_rx_age=8.0ms sensor_skew=30.3ms loop_to_send=5.5ms
[go2:sport] DRY cmd#3221 seq=3253 v=0.894 w=-0.511 dt=40.5ms policy_zmq_lag=0.6ms action_age=40.2ms scan_age=39.5ms scan_rx_age=16.3ms odom_age=9.3ms odom_rx_age=8.5ms sensor_skew=30.2ms loop_to_send=6.0ms
[go2:sport] DRY cmd#3222 seq=3254 v=0.894 w=-0.553 dt=40.3ms policy_zmq_lag=0.8ms action_age=40.4ms scan_age=39.7ms scan_rx_age=16.3ms odom_age=9.4ms odom_rx_age=8.5ms sensor_skew=30.3ms loop_to_send=6.1ms
[go2:sport] DRY cmd#3223 seq=3255 v=0.898 w=-0.433 dt=39.1ms policy_zmq_lag=0.6ms action_age=39.6ms scan_age=39.0ms scan_rx_age=16.2ms odom_age=8.8ms odom_rx_age=8.1ms sensor_skew=30.2ms loop_to_send=5.4ms
[go2:sport] DRY cmd#3224 seq=3256 v=0.895 w=-0.513 dt=40.2ms policy_zmq_lag=0.7ms action_age=39.8ms scan_age=39.1ms scan_rx_age=15.4ms odom_age=8.8ms odom_rx_age=8.0ms sensor_skew=30.2ms loop_to_send=5.6ms
[go2:sport] DRY cmd#3225 seq=3257 v=0.900 w=-0.633 dt=39.9ms policy_zmq_lag=0.7ms action_age=39.6ms scan_age=38.9ms scan_rx_age=15.3ms odom_age=8.7ms odom_rx_age=7.8ms sensor_skew=30.2ms loop_to_send=5.4ms
[go2:sport] DRY cmd#3226 seq=3258 v=0.895 w=-0.513 dt=39.9ms policy_zmq_lag=0.6ms action_age=39.6ms scan_age=39.0ms scan_rx_age=16.2ms odom_age=8.8ms odom_rx_age=8.1ms sensor_skew=30.1ms loop_to_send=5.5ms
[go2:sport] DRY cmd#3227 seq=3259 v=0.894 w=-0.549 dt=40.0ms policy_zmq_lag=0.6ms action_age=39.7ms scan_age=39.1ms scan_rx_age=15.9ms odom_age=8.8ms odom_rx_age=8.0ms sensor_skew=30.2ms loop_to_send=5.4ms
[go2:sport] DRY cmd#3228 seq=3260 v=0.900 w=-0.573 dt=40.1ms policy_zmq_lag=0.6ms action_age=39.9ms scan_age=39.2ms scan_rx_age=16.3ms odom_age=8.9ms odom_rx_age=8.0ms sensor_skew=30.4ms loop_to_send=5.6ms
[go2:sport] DRY cmd#3229 seq=3261 v=0.895 w=-0.515 dt=39.9ms policy_zmq_lag=0.6ms action_age=39.7ms scan_age=39.1ms scan_rx_age=14.0ms odom_age=8.9ms odom_rx_age=8.0ms sensor_skew=30.2ms loop_to_send=5.5ms
[go2:sport] DRY cmd#3230 seq=3262 v=0.900 w=-0.635 dt=40.0ms policy_zmq_lag=0.6ms action_age=39.8ms scan_age=39.2ms scan_rx_age=14.9ms odom_age=8.9ms odom_rx_age=7.9ms sensor_skew=30.3ms loop_to_send=5.5ms
[go2:sport] DRY cmd#3231 seq=3263 v=0.894 w=-0.515 dt=40.0ms policy_zmq_lag=0.7ms action_age=39.6ms scan_age=39.0ms scan_rx_age=16.4ms odom_age=12.1ms odom_rx_age=11.4ms sensor_skew=26.8ms loop_to_send=5.5ms
[go2:sport] DRY cmd#3232 seq=3264 v=0.894 w=-0.562 dt=40.0ms policy_zmq_lag=0.6ms action_age=39.7ms scan_age=39.2ms scan_rx_age=15.7ms odom_age=9.0ms odom_rx_age=8.2ms sensor_skew=30.2ms loop_to_send=5.5ms
[go2:sport] DRY cmd#3233 seq=3265 v=0.900 w=-0.683 dt=40.0ms policy_zmq_lag=0.6ms action_age=39.7ms scan_age=39.1ms scan_rx_age=16.4ms odom_age=8.8ms odom_rx_age=8.1ms sensor_skew=30.2ms loop_to_send=5.4ms
[go2:sport] DRY cmd#3234 seq=3266 v=0.896 w=-0.563 dt=40.3ms policy_zmq_lag=0.8ms action_age=40.0ms scan_age=39.2ms scan_rx_age=13.9ms odom_age=9.0ms odom_rx_age=8.2ms sensor_skew=30.2ms loop_to_send=5.6ms
[go2:sport] DRY cmd#3235 seq=3267 v=0.900 w=-0.683 dt=39.7ms policy_zmq_lag=0.6ms action_age=39.6ms scan_age=38.9ms scan_rx_age=14.8ms odom_age=15.5ms odom_rx_age=14.1ms sensor_skew=23.4ms loop_to_send=5.4ms
[go2:sport] DRY cmd#3236 seq=3268 v=0.894 w=-0.563 dt=40.0ms policy_zmq_lag=0.6ms action_age=39.6ms scan_age=39.0ms scan_rx_age=16.1ms odom_age=8.8ms odom_rx_age=8.1ms sensor_skew=30.2ms loop_to_send=5.5ms
[go2:sport] DRY cmd#3237 seq=3269 v=0.894 w=-0.487 dt=39.9ms policy_zmq_lag=0.6ms action_age=39.6ms scan_age=39.0ms scan_rx_age=15.8ms odom_age=8.7ms odom_rx_age=8.0ms sensor_skew=30.3ms loop_to_send=5.4ms
[go2:sport] DRY cmd#3238 seq=3270 v=0.900 w=-0.607 dt=40.0ms policy_zmq_lag=0.6ms action_age=39.6ms scan_age=39.0ms scan_rx_age=16.2ms odom_age=8.7ms odom_rx_age=8.0ms sensor_skew=30.2ms loop_to_send=5.4ms
[go2:sport] DRY cmd#3239 seq=3271 v=0.898 w=-0.575 dt=40.0ms policy_zmq_lag=0.7ms action_age=39.6ms scan_age=39.0ms scan_rx_age=16.0ms odom_age=8.7ms odom_rx_age=7.9ms sensor_skew=30.3ms loop_to_send=5.3ms
[go2:sport] DRY cmd#3240 seq=3272 v=0.900 w=-0.695 dt=40.1ms policy_zmq_lag=0.6ms action_age=40.2ms scan_age=39.6ms scan_rx_age=16.3ms odom_age=8.7ms odom_rx_age=7.9ms sensor_skew=30.9ms loop_to_send=5.4ms
[go2:sport] DRY cmd#3241 seq=3273 v=0.894 w=-0.576 dt=39.9ms policy_zmq_lag=0.6ms action_age=39.4ms scan_age=38.8ms scan_rx_age=15.7ms odom_age=8.7ms odom_rx_age=8.0ms sensor_skew=30.1ms loop_to_send=5.3ms
[go2:sport] DRY cmd#3242 seq=3274 v=0.894 w=-0.524 dt=40.1ms policy_zmq_lag=0.6ms action_age=39.6ms scan_age=39.0ms scan_rx_age=15.8ms odom_age=8.9ms odom_rx_age=8.1ms sensor_skew=30.1ms loop_to_send=5.5ms
[go2:sport] DRY cmd#3243 seq=3275 v=0.900 w=-0.644 dt=39.9ms policy_zmq_lag=0.6ms action_age=39.5ms scan_age=38.9ms scan_rx_age=16.3ms odom_age=8.8ms odom_rx_age=8.0ms sensor_skew=30.1ms loop_to_send=5.4ms
[go2:sport] DRY cmd#3244 seq=3276 v=0.900 w=-0.524 dt=40.4ms policy_zmq_lag=0.8ms action_age=40.0ms scan_age=39.3ms scan_rx_age=15.5ms odom_age=9.0ms odom_rx_age=8.2ms sensor_skew=30.2ms loop_to_send=5.6ms
[go2:sport] DRY cmd#3245 seq=3277 v=0.900 w=-0.644 dt=39.9ms policy_zmq_lag=0.8ms action_age=39.9ms scan_age=39.1ms scan_rx_age=16.1ms odom_age=7.8ms odom_rx_age=7.1ms sensor_skew=31.3ms loop_to_send=5.5ms
[go2:sport] DRY cmd#3246 seq=3278 v=0.894 w=-0.524 dt=39.9ms policy_zmq_lag=0.7ms action_age=39.9ms scan_age=39.1ms scan_rx_age=15.9ms odom_age=8.8ms odom_rx_age=8.0ms sensor_skew=30.3ms loop_to_send=5.5ms
[go2:sport] DRY cmd#3247 seq=3279 v=0.895 w=-0.500 dt=40.1ms policy_zmq_lag=0.7ms action_age=39.9ms scan_age=39.1ms scan_rx_age=16.0ms odom_age=9.0ms odom_rx_age=8.2ms sensor_skew=30.2ms loop_to_send=5.6ms
[go2:sport] DRY cmd#3248 seq=3280 v=0.900 w=-0.620 dt=39.7ms policy_zmq_lag=0.6ms action_age=39.6ms scan_age=39.0ms scan_rx_age=15.8ms odom_age=8.8ms odom_rx_age=8.1ms sensor_skew=30.2ms loop_to_send=5.4ms
[go2:sport] DRY cmd#3249 seq=3281 v=0.895 w=-0.512 dt=39.9ms policy_zmq_lag=0.6ms action_age=39.5ms scan_age=38.9ms scan_rx_age=15.8ms odom_age=8.7ms odom_rx_age=8.0ms sensor_skew=30.1ms loop_to_send=5.3ms
[go2:sport] DRY cmd#3250 seq=3282 v=0.900 w=-0.632 dt=40.0ms policy_zmq_lag=0.6ms action_age=39.4ms scan_age=38.8ms scan_rx_age=16.5ms odom_age=8.7ms odom_rx_age=8.0ms sensor_skew=30.1ms loop_to_send=5.3ms
[go2:sport] DRY cmd#3251 seq=3283 v=0.894 w=-0.512 dt=39.9ms policy_zmq_lag=0.6ms action_age=39.3ms scan_age=38.7ms scan_rx_age=16.3ms odom_age=8.7ms odom_rx_age=7.9ms sensor_skew=30.0ms loop_to_send=5.2ms
[go2:sport] DRY cmd#3252 seq=3284 v=0.895 w=-0.501 dt=40.7ms policy_zmq_lag=0.6ms action_age=40.0ms scan_age=39.4ms scan_rx_age=15.2ms odom_age=9.4ms odom_rx_age=8.6ms sensor_skew=30.0ms loop_to_send=5.9ms
[go2:sport] DRY cmd#3253 seq=3285 v=0.900 w=-0.621 dt=40.0ms policy_zmq_lag=0.6ms action_age=40.0ms scan_age=39.4ms scan_rx_age=17.0ms odom_age=9.4ms odom_rx_age=8.7ms sensor_skew=30.0ms loop_to_send=5.9ms
[go2:sport] DRY cmd#3254 seq=3286 v=0.896 w=-0.546 dt=40.1ms policy_zmq_lag=0.7ms action_age=40.2ms scan_age=39.5ms scan_rx_age=16.9ms odom_age=9.4ms odom_rx_age=8.7ms sensor_skew=30.1ms loop_to_send=6.0ms
[go2:sport] DRY cmd#3255 seq=3287 v=0.900 w=-0.666 dt=40.2ms policy_zmq_lag=0.7ms action_age=40.6ms scan_age=39.9ms scan_rx_age=17.0ms odom_age=9.5ms odom_rx_age=8.6ms sensor_skew=30.3ms loop_to_send=6.2ms
[go2:sport] DRY cmd#3256 seq=3288 v=0.893 w=-0.548 dt=39.5ms policy_zmq_lag=0.6ms action_age=40.0ms scan_age=39.3ms scan_rx_age=16.1ms odom_age=9.1ms odom_rx_age=7.9ms sensor_skew=30.2ms loop_to_send=5.7ms
[go2:sport] DRY cmd#3257 seq=3289 v=0.894 w=-0.486 dt=39.6ms policy_zmq_lag=0.6ms action_age=39.4ms scan_age=38.8ms scan_rx_age=16.0ms odom_age=8.8ms odom_rx_age=8.0ms sensor_skew=29.9ms loop_to_send=5.4ms
[go2:sport] DRY cmd#3258 seq=3290 v=0.900 w=-0.606 dt=39.8ms policy_zmq_lag=0.6ms action_age=39.5ms scan_age=38.9ms scan_rx_age=16.1ms odom_age=8.8ms odom_rx_age=8.1ms sensor_skew=30.1ms loop_to_send=5.3ms
[go2:sport] DRY cmd#3259 seq=3291 v=0.895 w=-0.516 dt=40.0ms policy_zmq_lag=0.6ms action_age=39.5ms scan_age=38.9ms scan_rx_age=16.3ms odom_age=8.8ms odom_rx_age=8.0ms sensor_skew=30.1ms loop_to_send=5.3ms
[go2:sport] DRY cmd#3260 seq=3292 v=0.900 w=-0.396 dt=40.4ms policy_zmq_lag=0.8ms action_age=40.0ms scan_age=39.3ms scan_rx_age=15.2ms odom_age=9.0ms odom_rx_age=8.2ms sensor_skew=30.2ms loop_to_send=5.6ms
[go2:sport] DRY cmd#3261 seq=3293 v=0.894 w=-0.516 dt=40.3ms policy_zmq_lag=0.7ms action_age=40.1ms scan_age=39.4ms scan_rx_age=16.9ms odom_age=9.3ms odom_rx_age=8.4ms sensor_skew=30.1ms loop_to_send=5.9ms
[go2:sport] DRY cmd#3262 seq=3294 v=0.895 w=-0.493 dt=39.8ms policy_zmq_lag=0.6ms action_age=40.3ms scan_age=39.7ms scan_rx_age=16.3ms odom_age=9.1ms odom_rx_age=8.2ms sensor_skew=30.5ms loop_to_send=5.9ms
[go2:sport] DRY cmd#3263 seq=3295 v=0.900 w=-0.614 dt=40.2ms policy_zmq_lag=0.7ms action_age=40.2ms scan_age=39.5ms scan_rx_age=16.1ms odom_age=9.6ms odom_rx_age=8.8ms sensor_skew=30.0ms loop_to_send=5.8ms
[go2:sport] DRY cmd#3264 seq=3296 v=0.894 w=-0.496 dt=39.4ms policy_zmq_lag=0.6ms action_age=39.7ms scan_age=39.1ms scan_rx_age=16.7ms odom_age=8.9ms odom_rx_age=8.1ms sensor_skew=30.1ms loop_to_send=5.4ms
[go2:sport] DRY cmd#3265 seq=3297 v=0.894 w=-0.545 dt=40.0ms policy_zmq_lag=0.6ms action_age=40.3ms scan_age=39.7ms scan_rx_age=16.2ms odom_age=8.9ms odom_rx_age=8.2ms sensor_skew=30.8ms loop_to_send=5.5ms
[go2:sport] DRY cmd#3266 seq=3298 v=0.894 w=-0.541 dt=39.8ms policy_zmq_lag=0.6ms action_age=39.5ms scan_age=38.9ms scan_rx_age=15.9ms odom_age=8.8ms odom_rx_age=8.0ms sensor_skew=30.1ms loop_to_send=5.3ms
[go2:sport] DRY cmd#3267 seq=3299 v=0.895 w=-0.491 dt=41.8ms policy_zmq_lag=0.8ms action_age=41.5ms scan_age=40.7ms scan_rx_age=17.2ms odom_age=10.4ms odom_rx_age=9.7ms sensor_skew=30.3ms loop_to_send=6.5ms
[go2:sport] DRY cmd#3268 seq=3300 v=0.900 w=-0.610 dt=38.5ms policy_zmq_lag=0.7ms action_age=39.7ms scan_age=38.9ms scan_rx_age=15.7ms odom_age=8.9ms odom_rx_age=8.0ms sensor_skew=30.0ms loop_to_send=5.4ms
[go2:sport] DRY cmd#3269 seq=3301 v=0.894 w=-0.513 dt=39.9ms policy_zmq_lag=0.6ms action_age=39.6ms scan_age=39.0ms scan_rx_age=16.3ms odom_age=8.9ms odom_rx_age=8.2ms sensor_skew=30.1ms loop_to_send=5.4ms
[go2:sport] DRY cmd#3270 seq=3302 v=0.898 w=-0.630 dt=40.0ms policy_zmq_lag=0.6ms action_age=39.4ms scan_age=38.8ms scan_rx_age=16.2ms odom_age=8.7ms odom_rx_age=8.0ms sensor_skew=30.1ms loop_to_send=5.4ms
[go2:sport] DRY cmd#3271 seq=3303 v=0.900 w=-0.510 dt=40.2ms policy_zmq_lag=0.7ms action_age=39.6ms scan_age=38.9ms scan_rx_age=16.4ms odom_age=9.0ms odom_rx_age=8.1ms sensor_skew=30.0ms loop_to_send=5.4ms
[go2:sport] DRY cmd#3272 seq=3304 v=0.895 w=-0.493 dt=39.8ms policy_zmq_lag=0.6ms action_age=39.7ms scan_age=39.1ms scan_rx_age=13.8ms odom_age=8.9ms odom_rx_age=8.1ms sensor_skew=30.1ms loop_to_send=5.4ms
[go2:sport] DRY cmd#3273 seq=3305 v=0.900 w=-0.613 dt=40.0ms policy_zmq_lag=0.6ms action_age=39.5ms scan_age=38.9ms scan_rx_age=16.4ms odom_age=8.9ms odom_rx_age=8.1ms sensor_skew=30.0ms loop_to_send=5.3ms
[go2:sport] DRY cmd#3274 seq=3306 v=0.894 w=-0.493 dt=40.1ms policy_zmq_lag=0.6ms action_age=39.6ms scan_age=39.0ms scan_rx_age=16.1ms odom_age=9.0ms odom_rx_age=8.2ms sensor_skew=30.0ms loop_to_send=5.4ms
[go2:sport] DRY cmd#3275 seq=3307 v=0.893 w=-0.538 dt=39.9ms policy_zmq_lag=0.6ms action_age=39.5ms scan_age=38.9ms scan_rx_age=15.9ms odom_age=8.3ms odom_rx_age=7.5ms sensor_skew=30.6ms loop_to_send=5.3ms
[go2:sport] DRY cmd#3276 seq=3308 v=0.898 w=-0.419 dt=39.8ms policy_zmq_lag=0.6ms action_age=39.4ms scan_age=38.7ms scan_rx_age=16.4ms odom_age=8.6ms odom_rx_age=7.9ms sensor_skew=30.1ms loop_to_send=5.2ms
[go2:sport] DRY cmd#3277 seq=3309 v=0.895 w=-0.495 dt=40.1ms policy_zmq_lag=0.6ms action_age=39.6ms scan_age=38.9ms scan_rx_age=15.8ms odom_age=8.8ms odom_rx_age=8.0ms sensor_skew=30.1ms loop_to_send=5.3ms
[go2:sport] DRY cmd#3278 seq=3310 v=0.900 w=-0.615 dt=40.0ms policy_zmq_lag=0.6ms action_age=39.5ms scan_age=38.9ms scan_rx_age=16.2ms odom_age=8.8ms odom_rx_age=8.0ms sensor_skew=30.1ms loop_to_send=5.3ms
[go2:sport] DRY cmd#3279 seq=3311 v=0.894 w=-0.508 dt=40.0ms policy_zmq_lag=0.6ms action_age=39.5ms scan_age=38.9ms scan_rx_age=15.4ms odom_age=8.9ms odom_rx_age=8.1ms sensor_skew=30.1ms loop_to_send=5.3ms
[go2:sport] DRY cmd#3280 seq=3312 v=0.894 w=-0.548 dt=39.9ms policy_zmq_lag=0.6ms action_age=39.5ms scan_age=38.9ms scan_rx_age=16.2ms odom_age=8.8ms odom_rx_age=8.1ms sensor_skew=30.1ms loop_to_send=5.3ms
[go2:sport] DRY cmd#3281 seq=3313 v=0.900 w=-0.668 dt=40.1ms policy_zmq_lag=0.6ms action_age=39.5ms scan_age=39.0ms scan_rx_age=16.4ms odom_age=8.9ms odom_rx_age=8.1ms sensor_skew=30.0ms loop_to_send=5.3ms
[go2:sport] DRY cmd#3282 seq=3314 v=0.895 w=-0.548 dt=39.9ms policy_zmq_lag=0.6ms action_age=39.5ms scan_age=38.9ms scan_rx_age=16.1ms odom_age=8.9ms odom_rx_age=8.1ms sensor_skew=30.0ms loop_to_send=5.3ms
[go2:sport] DRY cmd#3283 seq=3315 v=0.900 w=-0.668 dt=40.0ms policy_zmq_lag=0.6ms action_age=39.3ms scan_age=38.8ms scan_rx_age=16.3ms odom_age=8.8ms odom_rx_age=8.1ms sensor_skew=29.9ms loop_to_send=5.2ms
[go2:sport] DRY cmd#3284 seq=3316 v=0.894 w=-0.548 dt=40.1ms policy_zmq_lag=0.6ms action_age=39.4ms scan_age=38.9ms scan_rx_age=16.3ms odom_age=8.9ms odom_rx_age=8.1ms sensor_skew=30.0ms loop_to_send=5.4ms
[go2:sport] DRY cmd#3285 seq=3317 v=0.894 w=-0.546 dt=40.2ms policy_zmq_lag=0.7ms action_age=39.8ms scan_age=39.1ms scan_rx_age=16.5ms odom_age=9.0ms odom_rx_age=8.2ms sensor_skew=30.1ms loop_to_send=5.5ms
[go2:sport] DRY cmd#3286 seq=3318 v=0.900 w=-0.666 dt=40.1ms policy_zmq_lag=0.7ms action_age=39.8ms scan_age=39.1ms scan_rx_age=14.2ms odom_age=9.1ms odom_rx_age=8.3ms sensor_skew=30.0ms loop_to_send=5.5ms
[go2:sport] DRY cmd#3287 seq=3319 v=0.899 w=-0.604 dt=39.9ms policy_zmq_lag=0.6ms action_age=39.7ms scan_age=39.1ms scan_rx_age=13.7ms odom_age=9.0ms odom_rx_age=8.0ms sensor_skew=30.1ms loop_to_send=5.4ms
[go2:sport] DRY cmd#3288 seq=3320 v=0.900 w=-0.724 dt=39.8ms policy_zmq_lag=0.6ms action_age=39.4ms scan_age=38.8ms scan_rx_age=15.2ms odom_age=8.9ms odom_rx_age=8.1ms sensor_skew=29.9ms loop_to_send=5.3ms
[go2:sport] DRY cmd#3289 seq=3321 v=0.894 w=-0.604 dt=40.8ms policy_zmq_lag=1.0ms action_age=40.4ms scan_age=39.4ms scan_rx_age=16.4ms odom_age=7.5ms odom_rx_age=6.4ms sensor_skew=31.9ms loop_to_send=5.8ms
[go2:sport] DRY cmd#3290 seq=3322 v=0.894 w=-0.493 dt=39.8ms policy_zmq_lag=0.7ms action_age=40.8ms scan_age=40.2ms scan_rx_age=16.6ms odom_age=9.5ms odom_rx_age=8.7ms sensor_skew=30.6ms loop_to_send=5.9ms
[go2:sport] DRY cmd#3291 seq=3323 v=0.900 w=-0.613 dt=39.5ms policy_zmq_lag=0.7ms action_age=39.6ms scan_age=38.9ms scan_rx_age=15.1ms odom_age=9.1ms odom_rx_age=8.3ms sensor_skew=29.8ms loop_to_send=5.4ms
[go2:sport] DRY cmd#3292 seq=3324 v=0.900 w=-0.493 dt=40.3ms policy_zmq_lag=0.7ms action_age=39.9ms scan_age=39.2ms scan_rx_age=14.1ms odom_age=9.2ms odom_rx_age=8.3ms sensor_skew=30.0ms loop_to_send=5.6ms
[go2:sport] DRY cmd#3293 seq=3325 v=0.900 w=-0.613 dt=39.9ms policy_zmq_lag=0.7ms action_age=39.9ms scan_age=39.2ms scan_rx_age=16.6ms odom_age=8.3ms odom_rx_age=7.4ms sensor_skew=30.9ms loop_to_send=5.6ms
[go2:sport] DRY cmd#3294 seq=3326 v=0.894 w=-0.513 dt=40.0ms policy_zmq_lag=0.7ms action_age=39.9ms scan_age=39.3ms scan_rx_age=16.6ms odom_age=9.3ms odom_rx_age=8.5ms sensor_skew=29.9ms loop_to_send=5.6ms
[go2:sport] DRY cmd#3295 seq=3327 v=0.894 w=-0.515 dt=39.6ms policy_zmq_lag=0.6ms action_age=39.4ms scan_age=38.8ms scan_rx_age=16.5ms odom_age=9.1ms odom_rx_age=8.4ms sensor_skew=29.8ms loop_to_send=5.4ms
[go2:sport] DRY cmd#3296 seq=3328 v=0.900 w=-0.634 dt=39.9ms policy_zmq_lag=0.6ms action_age=39.4ms scan_age=38.8ms scan_rx_age=16.3ms odom_age=8.9ms odom_rx_age=8.1ms sensor_skew=29.9ms loop_to_send=5.3ms
[go2:sport] DRY cmd#3297 seq=3329 v=0.899 w=-0.515 dt=40.1ms policy_zmq_lag=0.6ms action_age=39.5ms scan_age=39.0ms scan_rx_age=16.2ms odom_age=8.9ms odom_rx_age=8.2ms sensor_skew=30.0ms loop_to_send=5.4ms
[go2:sport] DRY cmd#3298 seq=3330 v=0.900 w=-0.635 dt=40.1ms policy_zmq_lag=0.6ms action_age=39.7ms scan_age=39.1ms scan_rx_age=16.5ms odom_age=9.1ms odom_rx_age=8.2ms sensor_skew=30.0ms loop_to_send=5.5ms
[go2:sport] DRY cmd#3299 seq=3331 v=0.894 w=-0.515 dt=39.9ms policy_zmq_lag=0.6ms action_age=39.6ms scan_age=39.0ms scan_rx_age=16.5ms odom_age=9.2ms odom_rx_age=8.5ms sensor_skew=29.9ms loop_to_send=5.4ms
[go2:sport] DRY cmd#3300 seq=3332 v=0.894 w=-0.523 dt=40.4ms policy_zmq_lag=0.7ms action_age=40.0ms scan_age=39.4ms scan_rx_age=16.6ms odom_age=9.2ms odom_rx_age=8.4ms sensor_skew=30.1ms loop_to_send=5.7ms
[go2:sport] DRY cmd#3301 seq=3333 v=0.900 w=-0.643 dt=39.8ms policy_zmq_lag=0.6ms action_age=39.8ms scan_age=39.2ms scan_rx_age=16.5ms odom_age=8.3ms odom_rx_age=7.3ms sensor_skew=30.9ms loop_to_send=5.5ms
[go2:sport] DRY cmd#3302 seq=3334 v=0.895 w=-0.523 dt=40.8ms policy_zmq_lag=0.7ms action_age=40.6ms scan_age=39.9ms scan_rx_age=14.2ms odom_age=9.9ms odom_rx_age=8.7ms sensor_skew=30.0ms loop_to_send=6.2ms
[go2:sport] DRY cmd#3303 seq=3335 v=0.900 w=-0.642 dt=39.7ms policy_zmq_lag=0.7ms action_age=40.3ms scan_age=39.6ms scan_rx_age=15.3ms odom_age=9.6ms odom_rx_age=8.8ms sensor_skew=30.0ms loop_to_send=6.0ms
[go2:sport] DRY cmd#3304 seq=3336 v=0.895 w=-0.522 dt=40.3ms policy_zmq_lag=0.7ms action_age=40.1ms scan_age=39.3ms scan_rx_age=16.3ms odom_age=9.8ms odom_rx_age=8.7ms sensor_skew=29.5ms loop_to_send=6.2ms
[go2:sport] DRY cmd#3305 seq=3337 v=0.895 w=-0.502 dt=39.3ms policy_zmq_lag=0.6ms action_age=39.8ms scan_age=39.2ms scan_rx_age=16.2ms odom_age=9.5ms odom_rx_age=8.5ms sensor_skew=29.7ms loop_to_send=5.8ms
[go2:sport] DRY cmd#3306 seq=3338 v=0.900 w=-0.622 dt=40.5ms policy_zmq_lag=0.8ms action_age=40.3ms scan_age=39.5ms scan_rx_age=16.2ms odom_age=9.7ms odom_rx_age=8.9ms sensor_skew=29.8ms loop_to_send=6.0ms
[go2:sport] DRY cmd#3307 seq=3339 v=0.895 w=-0.502 dt=39.6ms policy_zmq_lag=0.6ms action_age=40.0ms scan_age=39.4ms scan_rx_age=16.3ms odom_age=9.6ms odom_rx_age=8.6ms sensor_skew=29.8ms loop_to_send=5.8ms
[go2:sport] DRY cmd#3308 seq=3340 v=0.900 w=-0.622 dt=40.2ms policy_zmq_lag=0.7ms action_age=40.1ms scan_age=39.4ms scan_rx_age=16.6ms odom_age=9.7ms odom_rx_age=8.8ms sensor_skew=29.8ms loop_to_send=5.9ms
[go2:sport] DRY cmd#3309 seq=3341 v=0.894 w=-0.538 dt=39.6ms policy_zmq_lag=0.7ms action_age=39.9ms scan_age=39.2ms scan_rx_age=16.4ms odom_age=9.4ms odom_rx_age=8.6ms sensor_skew=29.8ms loop_to_send=5.6ms
[go2:sport] DRY cmd#3310 seq=3342 v=0.894 w=-0.505 dt=39.8ms policy_zmq_lag=0.7ms action_age=39.8ms scan_age=39.1ms scan_rx_age=15.8ms odom_age=9.1ms odom_rx_age=8.3ms sensor_skew=30.0ms loop_to_send=5.4ms
[go2:sport] DRY cmd#3311 seq=3343 v=0.900 w=-0.625 dt=40.3ms policy_zmq_lag=0.6ms action_age=40.1ms scan_age=39.5ms scan_rx_age=16.9ms odom_age=9.7ms odom_rx_age=9.0ms sensor_skew=29.8ms loop_to_send=5.9ms
[go2:sport] DRY cmd#3312 seq=3344 v=0.894 w=-0.518 dt=40.0ms policy_zmq_lag=0.6ms action_age=40.0ms scan_age=39.4ms scan_rx_age=16.5ms odom_age=9.6ms odom_rx_age=8.8ms sensor_skew=29.8ms loop_to_send=5.9ms
[go2:sport] DRY cmd#3313 seq=3345 v=0.900 w=-0.398 dt=39.9ms policy_zmq_lag=0.6ms action_age=39.8ms scan_age=39.3ms scan_rx_age=16.7ms odom_age=9.6ms odom_rx_age=8.8ms sensor_skew=29.7ms loop_to_send=5.8ms
[go2:sport] DRY cmd#3314 seq=3346 v=0.894 w=-0.518 dt=39.6ms policy_zmq_lag=0.5ms action_age=39.6ms scan_age=39.1ms scan_rx_age=16.2ms odom_age=9.2ms odom_rx_age=8.5ms sensor_skew=29.9ms loop_to_send=5.4ms
[go2:sport] DRY cmd#3315 seq=3347 v=0.895 w=-0.487 dt=40.0ms policy_zmq_lag=0.5ms action_age=40.2ms scan_age=39.7ms scan_rx_age=15.9ms odom_age=8.9ms odom_rx_age=8.1ms sensor_skew=30.7ms loop_to_send=5.4ms
[go2:sport] DRY cmd#3316 seq=3348 v=0.900 w=-0.607 dt=39.9ms policy_zmq_lag=0.6ms action_age=39.4ms scan_age=38.8ms scan_rx_age=16.0ms odom_age=8.9ms odom_rx_age=8.2ms sensor_skew=29.8ms loop_to_send=5.3ms
[go2:sport] DRY cmd#3317 seq=3349 v=0.895 w=-0.506 dt=40.0ms policy_zmq_lag=0.6ms action_age=39.3ms scan_age=38.7ms scan_rx_age=15.9ms odom_age=8.0ms odom_rx_age=7.2ms sensor_skew=30.7ms loop_to_send=5.3ms
[go2:sport] DRY cmd#3318 seq=3350 v=0.894 w=-0.546 dt=39.9ms policy_zmq_lag=0.6ms action_age=39.3ms scan_age=38.7ms scan_rx_age=16.4ms odom_age=8.9ms odom_rx_age=8.2ms sensor_skew=29.8ms loop_to_send=5.2ms
[go2:sport] DRY cmd#3319 seq=3351 v=0.894 w=-0.542 dt=40.0ms policy_zmq_lag=0.6ms action_age=39.3ms scan_age=38.7ms scan_rx_age=16.2ms odom_age=9.0ms odom_rx_age=8.2ms sensor_skew=29.7ms loop_to_send=5.2ms
[go2:sport] DRY cmd#3320 seq=3352 v=0.895 w=-0.499 dt=40.0ms policy_zmq_lag=0.6ms action_age=40.1ms scan_age=39.4ms scan_rx_age=16.3ms odom_age=12.2ms odom_rx_age=11.5ms sensor_skew=27.2ms loop_to_send=5.2ms
[go2:sport] DRY cmd#3321 seq=3353 v=0.900 w=-0.619 dt=40.0ms policy_zmq_lag=0.6ms action_age=39.3ms scan_age=38.7ms scan_rx_age=16.7ms odom_age=8.9ms odom_rx_age=8.1ms sensor_skew=29.8ms loop_to_send=5.2ms
[go2:sport] DRY cmd#3322 seq=3354 v=0.894 w=-0.506 dt=40.4ms policy_zmq_lag=0.8ms action_age=39.7ms scan_age=38.9ms scan_rx_age=16.8ms odom_age=9.1ms odom_rx_age=8.3ms sensor_skew=29.8ms loop_to_send=5.4ms
[go2:sport] DRY cmd#3323 seq=3355 v=0.894 w=-0.536 dt=39.8ms policy_zmq_lag=0.6ms action_age=39.6ms scan_age=39.0ms scan_rx_age=16.0ms odom_age=9.1ms odom_rx_age=8.4ms sensor_skew=29.9ms loop_to_send=5.4ms
[go2:sport] DRY cmd#3324 seq=3356 v=0.900 w=-0.656 dt=40.0ms policy_zmq_lag=0.6ms action_age=39.4ms scan_age=38.8ms scan_rx_age=16.0ms odom_age=9.1ms odom_rx_age=8.3ms sensor_skew=29.7ms loop_to_send=5.4ms
[go2:sport] DRY cmd#3325 seq=3357 v=0.895 w=-0.535 dt=40.1ms policy_zmq_lag=0.6ms action_age=39.6ms scan_age=38.9ms scan_rx_age=15.6ms odom_age=9.1ms odom_rx_age=8.3ms sensor_skew=29.9ms loop_to_send=5.3ms
[go2:sport] DRY cmd#3326 seq=3358 v=0.900 w=-0.655 dt=39.8ms policy_zmq_lag=0.6ms action_age=39.3ms scan_age=38.7ms scan_rx_age=16.0ms odom_age=9.0ms odom_rx_age=8.2ms sensor_skew=29.7ms loop_to_send=5.2ms
[go2:sport] DRY cmd#3327 seq=3359 v=0.894 w=-0.536 dt=40.1ms policy_zmq_lag=0.6ms action_age=39.5ms scan_age=38.9ms scan_rx_age=16.1ms odom_age=9.0ms odom_rx_age=8.2ms sensor_skew=29.9ms loop_to_send=5.3ms
[go2:sport] DRY cmd#3328 seq=3360 v=0.893 w=-0.573 dt=40.2ms policy_zmq_lag=0.6ms action_age=39.6ms scan_age=39.0ms scan_rx_age=16.6ms odom_age=12.6ms odom_rx_age=11.9ms sensor_skew=26.3ms loop_to_send=5.4ms
[go2:sport] DRY cmd#3329 seq=3361 v=0.900 w=-0.693 dt=39.8ms policy_zmq_lag=0.6ms action_age=39.4ms scan_age=38.8ms scan_rx_age=16.5ms odom_age=9.1ms odom_rx_age=8.4ms sensor_skew=29.7ms loop_to_send=5.3ms
[go2:sport] DRY cmd#3330 seq=3362 v=0.895 w=-0.573 dt=40.3ms policy_zmq_lag=0.7ms action_age=40.0ms scan_age=39.3ms scan_rx_age=16.1ms odom_age=8.5ms odom_rx_age=7.7ms sensor_skew=30.7ms loop_to_send=5.5ms
[go2:sport] DRY cmd#3331 seq=3363 v=0.900 w=-0.693 dt=39.8ms policy_zmq_lag=0.6ms action_age=39.6ms scan_age=38.9ms scan_rx_age=14.3ms odom_age=9.2ms odom_rx_age=8.3ms sensor_skew=29.8ms loop_to_send=5.3ms
[go2:sport] DRY cmd#3332 seq=3364 v=0.894 w=-0.573 dt=39.9ms policy_zmq_lag=0.6ms action_age=39.5ms scan_age=38.9ms scan_rx_age=15.5ms odom_age=9.1ms odom_rx_age=8.3ms sensor_skew=29.8ms loop_to_send=5.3ms
[go2:sport] DRY cmd#3333 seq=3365 v=0.895 w=-0.490 dt=40.0ms policy_zmq_lag=0.6ms action_age=39.4ms scan_age=38.8ms scan_rx_age=16.4ms odom_age=9.1ms odom_rx_age=8.4ms sensor_skew=29.7ms loop_to_send=5.3ms
[go2:sport] DRY cmd#3334 seq=3366 v=0.900 w=-0.610 dt=39.9ms policy_zmq_lag=0.6ms action_age=39.5ms scan_age=38.8ms scan_rx_age=16.3ms odom_age=9.0ms odom_rx_age=8.3ms sensor_skew=29.8ms loop_to_send=5.2ms
[go2:sport] DRY cmd#3335 seq=3367 v=0.898 w=-0.575 dt=39.9ms policy_zmq_lag=0.6ms action_age=39.2ms scan_age=38.6ms scan_rx_age=16.0ms odom_age=8.9ms odom_rx_age=8.0ms sensor_skew=29.8ms loop_to_send=5.1ms
[go2:sport] DRY cmd#3336 seq=3368 v=0.900 w=-0.695 dt=40.3ms policy_zmq_lag=0.7ms action_age=39.6ms scan_age=38.9ms scan_rx_age=16.4ms odom_age=9.2ms odom_rx_age=8.4ms sensor_skew=29.8ms loop_to_send=5.4ms
[go2:sport] DRY cmd#3337 seq=3369 v=0.894 w=-0.575 dt=41.4ms policy_zmq_lag=0.6ms action_age=41.0ms scan_age=40.4ms scan_rx_age=17.0ms odom_age=10.7ms odom_rx_age=10.0ms sensor_skew=29.7ms loop_to_send=6.8ms
[go2:sport] DRY cmd#3338 seq=3370 v=0.895 w=-0.514 dt=39.1ms policy_zmq_lag=0.6ms action_age=40.0ms scan_age=39.4ms scan_rx_age=16.5ms odom_age=9.8ms odom_rx_age=9.0ms sensor_skew=29.7ms loop_to_send=6.0ms
[go2:sport] DRY cmd#3339 seq=3371 v=0.900 w=-0.635 dt=39.7ms policy_zmq_lag=0.6ms action_age=39.8ms scan_age=39.2ms scan_rx_age=15.5ms odom_age=9.4ms odom_rx_age=8.7ms sensor_skew=29.8ms loop_to_send=5.6ms
[go2:sport] DRY cmd#3340 seq=3372 v=0.899 w=-0.515 dt=39.9ms policy_zmq_lag=0.6ms action_age=40.4ms scan_age=39.8ms scan_rx_age=15.8ms odom_age=9.4ms odom_rx_age=8.7ms sensor_skew=30.4ms loop_to_send=5.6ms
[go2:sport] DRY cmd#3341 seq=3373 v=0.900 w=-0.635 dt=39.7ms policy_zmq_lag=0.6ms action_age=39.3ms scan_age=38.8ms scan_rx_age=16.0ms odom_age=9.0ms odom_rx_age=8.2ms sensor_skew=29.7ms loop_to_send=5.3ms
[go2:sport] DRY cmd#3342 seq=3374 v=0.895 w=-0.515 dt=40.6ms policy_zmq_lag=0.6ms action_age=40.0ms scan_age=39.4ms scan_rx_age=15.8ms odom_age=9.7ms odom_rx_age=8.8ms sensor_skew=29.7ms loop_to_send=5.8ms
[go2:sport] DRY cmd#3343 seq=3375 v=0.894 w=-0.499 dt=40.1ms policy_zmq_lag=0.6ms action_age=40.0ms scan_age=39.4ms scan_rx_age=16.6ms odom_age=9.8ms odom_rx_age=8.9ms sensor_skew=29.7ms loop_to_send=5.9ms
[go2:sport] DRY cmd#3344 seq=3376 v=0.900 w=-0.619 dt=39.7ms policy_zmq_lag=0.7ms action_age=39.7ms scan_age=39.1ms scan_rx_age=16.5ms odom_age=9.3ms odom_rx_age=8.5ms sensor_skew=29.8ms loop_to_send=5.5ms
[go2:sport] DRY cmd#3345 seq=3377 v=0.898 w=-0.585 dt=39.8ms policy_zmq_lag=0.6ms action_age=39.6ms scan_age=38.9ms scan_rx_age=15.8ms odom_age=9.3ms odom_rx_age=8.4ms sensor_skew=29.7ms loop_to_send=5.4ms
[go2:sport] DRY cmd#3346 seq=3378 v=0.900 w=-0.705 dt=40.6ms policy_zmq_lag=0.7ms action_age=40.2ms scan_age=39.5ms scan_rx_age=16.1ms odom_age=9.8ms odom_rx_age=8.9ms sensor_skew=29.7ms loop_to_send=5.8ms
[go2:sport] DRY cmd#3347 seq=3379 v=0.894 w=-0.585 dt=39.7ms policy_zmq_lag=0.6ms action_age=39.9ms scan_age=39.2ms scan_rx_age=13.5ms odom_age=9.6ms odom_rx_age=8.8ms sensor_skew=29.6ms loop_to_send=5.6ms
[go2:sport] DRY cmd#3348 seq=3380 v=0.894 w=-0.494 dt=39.9ms policy_zmq_lag=0.8ms action_age=39.8ms scan_age=39.0ms scan_rx_age=13.9ms odom_age=9.4ms odom_rx_age=8.5ms sensor_skew=29.7ms loop_to_send=5.5ms
[go2:sport] DRY cmd#3349 seq=3381 v=0.900 w=-0.615 dt=40.0ms policy_zmq_lag=0.6ms action_age=39.7ms scan_age=39.1ms scan_rx_age=17.0ms odom_age=6.7ms odom_rx_age=5.9ms sensor_skew=32.4ms loop_to_send=5.4ms
[go2:sport] DRY cmd#3350 seq=3382 v=0.899 w=-0.495 dt=39.7ms policy_zmq_lag=0.6ms action_age=39.5ms scan_age=38.9ms scan_rx_age=16.4ms odom_age=9.1ms odom_rx_age=8.4ms sensor_skew=29.7ms loop_to_send=5.3ms
[go2:sport] DRY cmd#3351 seq=3383 v=0.900 w=-0.617 dt=40.6ms policy_zmq_lag=0.6ms action_age=40.0ms scan_age=39.4ms scan_rx_age=17.1ms odom_age=6.5ms odom_rx_age=5.7ms sensor_skew=32.9ms loop_to_send=5.3ms
[go2:sport] DRY cmd#3352 seq=3384 v=0.894 w=-0.508 dt=39.3ms policy_zmq_lag=0.6ms action_age=39.3ms scan_age=38.7ms scan_rx_age=15.6ms odom_age=9.1ms odom_rx_age=8.3ms sensor_skew=29.6ms loop_to_send=5.2ms
[go2:sport] DRY cmd#3353 seq=3385 v=0.895 w=-0.510 dt=40.0ms policy_zmq_lag=0.6ms action_age=39.3ms scan_age=38.7ms scan_rx_age=15.6ms odom_age=9.1ms odom_rx_age=8.3ms sensor_skew=29.6ms loop_to_send=5.2ms
[go2:sport] DRY cmd#3354 seq=3386 v=0.900 w=-0.630 dt=40.0ms policy_zmq_lag=0.6ms action_age=39.3ms scan_age=38.7ms scan_rx_age=16.3ms odom_age=9.0ms odom_rx_age=8.2ms sensor_skew=29.7ms loop_to_send=5.3ms
[go2:sport] DRY cmd#3355 seq=3387 v=0.895 w=-0.510 dt=40.0ms policy_zmq_lag=0.6ms action_age=39.3ms scan_age=38.6ms scan_rx_age=15.8ms odom_age=9.1ms odom_rx_age=8.3ms sensor_skew=29.6ms loop_to_send=5.2ms
[go2:sport] DRY cmd#3356 seq=3388 v=0.900 w=-0.630 dt=40.9ms policy_zmq_lag=0.6ms action_age=40.2ms scan_age=39.6ms scan_rx_age=16.2ms odom_age=10.0ms odom_rx_age=9.0ms sensor_skew=29.6ms loop_to_send=6.0ms
[go2:sport] DRY cmd#3357 seq=3389 v=0.894 w=-0.510 dt=39.3ms policy_zmq_lag=0.6ms action_age=39.4ms scan_age=38.8ms scan_rx_age=15.8ms odom_age=9.3ms odom_rx_age=8.5ms sensor_skew=29.5ms loop_to_send=5.4ms
[go2:sport] DRY cmd#3358 seq=3390 v=0.894 w=-0.499 dt=40.1ms policy_zmq_lag=0.6ms action_age=39.7ms scan_age=39.1ms scan_rx_age=13.7ms odom_age=9.3ms odom_rx_age=8.3ms sensor_skew=29.8ms loop_to_send=5.4ms
[go2:sport] DRY cmd#3359 seq=3391 v=0.900 w=-0.619 dt=39.8ms policy_zmq_lag=0.6ms action_age=39.5ms scan_age=38.9ms scan_rx_age=14.2ms odom_age=9.2ms odom_rx_age=8.4ms sensor_skew=29.7ms loop_to_send=5.3ms
[go2:sport] DRY cmd#3360 seq=3392 v=0.895 w=-0.499 dt=40.1ms policy_zmq_lag=0.6ms action_age=39.6ms scan_age=39.0ms scan_rx_age=16.7ms odom_age=9.3ms odom_rx_age=8.6ms sensor_skew=29.7ms loop_to_send=5.3ms
[go2:sport] DRY cmd#3361 seq=3393 v=0.899 w=-0.619 dt=40.0ms policy_zmq_lag=0.6ms action_age=39.6ms scan_age=39.0ms scan_rx_age=16.3ms odom_age=9.3ms odom_rx_age=8.5ms sensor_skew=29.7ms loop_to_send=5.3ms
[go2:sport] DRY cmd#3362 seq=3394 v=0.898 w=-0.573 dt=39.9ms policy_zmq_lag=0.7ms action_age=39.6ms scan_age=38.9ms scan_rx_age=16.0ms odom_age=9.1ms odom_rx_age=8.3ms sensor_skew=29.8ms loop_to_send=5.3ms
[go2:sport] DRY cmd#3363 seq=3395 v=0.895 w=-0.502 dt=40.3ms policy_zmq_lag=0.7ms action_age=39.6ms scan_age=38.9ms scan_rx_age=15.6ms odom_age=9.4ms odom_rx_age=8.6ms sensor_skew=29.5ms loop_to_send=5.4ms
[go2:sport] DRY cmd#3364 seq=3396 v=0.900 w=-0.624 dt=40.6ms policy_zmq_lag=0.8ms action_age=40.3ms scan_age=39.5ms scan_rx_age=15.2ms odom_age=6.7ms odom_rx_age=5.8ms sensor_skew=32.8ms loop_to_send=5.3ms
[go2:sport] DRY cmd#3365 seq=3397 v=0.894 w=-0.504 dt=39.9ms policy_zmq_lag=0.6ms action_age=40.8ms scan_age=40.2ms scan_rx_age=16.2ms odom_age=6.7ms odom_rx_age=5.9ms sensor_skew=33.5ms loop_to_send=5.4ms
[go2:sport] DRY cmd#3366 seq=3398 v=0.894 w=-0.549 dt=39.3ms policy_zmq_lag=0.6ms action_age=39.5ms scan_age=38.9ms scan_rx_age=15.2ms odom_age=9.4ms odom_rx_age=8.6ms sensor_skew=29.5ms loop_to_send=5.4ms
[go2:sport] DRY cmd#3367 seq=3399 v=0.894 w=-0.495 dt=39.8ms policy_zmq_lag=0.6ms action_age=39.4ms scan_age=38.8ms scan_rx_age=16.2ms odom_age=9.2ms odom_rx_age=8.4ms sensor_skew=29.6ms loop_to_send=5.3ms
[go2:sport] DRY cmd#3368 seq=3400 v=0.895 w=-0.523 dt=40.4ms policy_zmq_lag=0.6ms action_age=39.8ms scan_age=39.2ms scan_rx_age=16.1ms odom_age=7.5ms odom_rx_age=6.6ms sensor_skew=31.7ms loop_to_send=5.3ms
[go2:sport] DRY cmd#3369 seq=3401 v=0.900 w=-0.642 dt=39.6ms policy_zmq_lag=0.6ms action_age=39.4ms scan_age=38.8ms scan_rx_age=16.2ms odom_age=9.0ms odom_rx_age=8.2ms sensor_skew=29.7ms loop_to_send=5.2ms
[go2:sport] DRY cmd#3370 seq=3402 v=0.894 w=-0.522 dt=40.2ms policy_zmq_lag=0.6ms action_age=39.5ms scan_age=38.8ms scan_rx_age=16.2ms odom_age=9.2ms odom_rx_age=8.4ms sensor_skew=29.6ms loop_to_send=5.3ms
[go2:sport] DRY cmd#3371 seq=3403 v=0.894 w=-0.550 dt=40.7ms policy_zmq_lag=0.6ms action_age=40.1ms scan_age=39.5ms scan_rx_age=16.9ms odom_age=9.9ms odom_rx_age=9.0ms sensor_skew=29.6ms loop_to_send=5.5ms
[go2:sport] DRY cmd#3372 seq=3404 v=0.900 w=-0.579 dt=40.0ms policy_zmq_lag=0.7ms action_age=40.0ms scan_age=39.3ms scan_rx_age=14.4ms odom_age=6.5ms odom_rx_age=5.8ms sensor_skew=32.8ms loop_to_send=5.3ms
[go2:sport] DRY cmd#3373 seq=3405 v=0.895 w=-0.501 dt=40.1ms policy_zmq_lag=0.7ms action_age=39.4ms scan_age=38.6ms scan_rx_age=14.5ms odom_age=6.6ms odom_rx_age=5.8ms sensor_skew=32.0ms loop_to_send=5.4ms
[go2:sport] DRY cmd#3374 seq=3406 v=0.900 w=-0.621 dt=40.2ms policy_zmq_lag=0.8ms action_age=40.4ms scan_age=39.6ms scan_rx_age=15.1ms odom_age=6.7ms odom_rx_age=5.9ms sensor_skew=32.9ms loop_to_send=5.3ms
[go2:sport] DRY cmd#3375 seq=3407 v=0.894 w=-0.501 dt=40.3ms policy_zmq_lag=0.6ms action_age=40.7ms scan_age=40.1ms scan_rx_age=17.5ms odom_age=7.2ms odom_rx_age=6.5ms sensor_skew=32.9ms loop_to_send=5.9ms
[go2:sport] DRY cmd#3376 seq=3408 v=0.894 w=-0.548 dt=40.0ms policy_zmq_lag=0.6ms action_age=40.7ms scan_age=40.2ms scan_rx_age=17.1ms odom_age=7.2ms odom_rx_age=6.4ms sensor_skew=32.9ms loop_to_send=5.9ms
[go2:sport] DRY cmd#3377 seq=3409 v=0.900 w=-0.668 dt=40.6ms policy_zmq_lag=0.6ms action_age=41.3ms scan_age=40.7ms scan_rx_age=15.5ms odom_age=7.8ms odom_rx_age=7.0ms sensor_skew=32.9ms loop_to_send=6.4ms
[go2:sport] DRY cmd#3378 seq=3410 v=0.896 w=-0.550 dt=38.5ms policy_zmq_lag=0.5ms action_age=39.6ms scan_age=39.1ms scan_rx_age=16.1ms odom_age=9.6ms odom_rx_age=8.8ms sensor_skew=29.4ms loop_to_send=5.6ms
[go2:sport] DRY cmd#3379 seq=3411 v=0.900 w=-0.672 dt=41.0ms policy_zmq_lag=0.5ms action_age=40.7ms scan_age=40.2ms scan_rx_age=17.6ms odom_age=7.2ms odom_rx_age=6.4ms sensor_skew=32.9ms loop_to_send=5.9ms
[go2:sport] DRY cmd#3380 seq=3412 v=0.894 w=-0.552 dt=39.8ms policy_zmq_lag=0.6ms action_age=40.6ms scan_age=40.0ms scan_rx_age=16.9ms odom_age=7.0ms odom_rx_age=6.2ms sensor_skew=33.0ms loop_to_send=5.7ms
[go2:sport] DRY cmd#3381 seq=3413 v=0.895 w=-0.527 dt=40.1ms policy_zmq_lag=0.6ms action_age=40.5ms scan_age=39.9ms scan_rx_age=17.2ms odom_age=7.1ms odom_rx_age=6.3ms sensor_skew=32.8ms loop_to_send=5.7ms
[go2:sport] DRY cmd#3382 seq=3414 v=0.900 w=-0.644 dt=38.9ms policy_zmq_lag=0.6ms action_age=39.4ms scan_age=38.8ms scan_rx_age=15.8ms odom_age=9.1ms odom_rx_age=8.2ms sensor_skew=29.7ms loop_to_send=5.3ms
[go2:sport] DRY cmd#3383 seq=3415 v=0.895 w=-0.522 dt=41.0ms policy_zmq_lag=0.8ms action_age=40.4ms scan_age=39.6ms scan_rx_age=14.5ms odom_age=6.7ms odom_rx_age=5.9ms sensor_skew=32.9ms loop_to_send=5.4ms
[go2:sport] DRY cmd#3384 seq=3416 v=0.900 w=-0.642 dt=40.0ms policy_zmq_lag=0.7ms action_age=40.5ms scan_age=39.7ms scan_rx_age=15.3ms odom_age=6.8ms odom_rx_age=5.9ms sensor_skew=33.0ms loop_to_send=5.4ms
[go2:sport] DRY cmd#3385 seq=3417 v=0.894 w=-0.524 dt=39.4ms policy_zmq_lag=0.7ms action_age=39.7ms scan_age=39.0ms scan_rx_age=13.9ms odom_age=9.6ms odom_rx_age=8.8ms sensor_skew=29.4ms loop_to_send=5.5ms
[go2:sport] DRY cmd#3386 seq=3418 v=0.894 w=-0.512 dt=40.7ms policy_zmq_lag=0.8ms action_age=40.0ms scan_age=39.2ms scan_rx_age=15.3ms odom_age=6.8ms odom_rx_age=6.0ms sensor_skew=32.4ms loop_to_send=5.5ms
[go2:sport] DRY cmd#3387 seq=3419 v=0.900 w=-0.630 dt=39.2ms policy_zmq_lag=0.7ms action_age=39.6ms scan_age=38.9ms scan_rx_age=14.5ms odom_age=9.4ms odom_rx_age=8.6ms sensor_skew=29.4ms loop_to_send=5.5ms
[go2:sport] DRY cmd#3388 seq=3420 v=0.899 w=-0.595 dt=40.9ms policy_zmq_lag=0.6ms action_age=40.6ms scan_age=40.0ms scan_rx_age=14.7ms odom_age=7.1ms odom_rx_age=6.2ms sensor_skew=32.9ms loop_to_send=5.7ms
[go2:sport] DRY cmd#3389 seq=3421 v=0.900 w=-0.715 dt=39.9ms policy_zmq_lag=0.6ms action_age=40.5ms scan_age=39.8ms scan_rx_age=17.4ms odom_age=7.0ms odom_rx_age=6.2ms sensor_skew=32.8ms loop_to_send=5.7ms
[go2:sport] DRY cmd#3390 seq=3422 v=0.894 w=-0.595 dt=39.9ms policy_zmq_lag=0.6ms action_age=41.0ms scan_age=40.3ms scan_rx_age=16.8ms odom_age=6.9ms odom_rx_age=6.1ms sensor_skew=33.5ms loop_to_send=5.6ms
[go2:sport] DRY cmd#3391 seq=3423 v=0.894 w=-0.500 dt=40.1ms policy_zmq_lag=0.6ms action_age=40.5ms scan_age=39.9ms scan_rx_age=16.8ms odom_age=7.1ms odom_rx_age=6.2ms sensor_skew=32.8ms loop_to_send=5.7ms
[go2:sport] DRY cmd#3392 seq=3424 v=0.900 w=-0.620 dt=40.0ms policy_zmq_lag=0.6ms action_age=40.5ms scan_age=39.9ms scan_rx_age=17.2ms odom_age=7.0ms odom_rx_age=6.2ms sensor_skew=32.9ms loop_to_send=5.7ms
[go2:sport] DRY cmd#3393 seq=3425 v=0.895 w=-0.500 dt=39.8ms policy_zmq_lag=0.6ms action_age=40.4ms scan_age=39.7ms scan_rx_age=16.6ms odom_age=6.9ms odom_rx_age=6.1ms sensor_skew=32.8ms loop_to_send=5.6ms
[go2:sport] DRY cmd#3394 seq=3426 v=0.900 w=-0.629 dt=48.7ms policy_zmq_lag=0.6ms action_age=48.9ms scan_age=48.3ms scan_rx_age=21.0ms odom_age=18.8ms odom_rx_age=17.2ms sensor_skew=29.5ms loop_to_send=11.4ms
[go2:sport] DRY cmd#3395 seq=3427 v=0.894 w=-0.517 dt=31.6ms policy_zmq_lag=0.6ms action_age=40.6ms scan_age=40.0ms scan_rx_age=14.7ms odom_age=7.1ms odom_rx_age=6.2ms sensor_skew=32.9ms loop_to_send=5.7ms
[go2:sport] DRY cmd#3396 seq=3428 v=0.895 w=-0.493 dt=39.8ms policy_zmq_lag=0.7ms action_age=40.5ms scan_age=39.8ms scan_rx_age=16.7ms odom_age=7.0ms odom_rx_age=6.2ms sensor_skew=32.9ms loop_to_send=5.7ms
[go2:sport] DRY cmd#3397 seq=3429 v=0.900 w=-0.614 dt=40.1ms policy_zmq_lag=0.6ms action_age=40.5ms scan_age=39.9ms scan_rx_age=17.0ms odom_age=7.1ms odom_rx_age=6.2ms sensor_skew=32.8ms loop_to_send=5.6ms
[go2:sport] DRY cmd#3398 seq=3430 v=0.897 w=-0.572 dt=39.9ms policy_zmq_lag=0.6ms action_age=40.3ms scan_age=39.7ms scan_rx_age=16.2ms odom_age=8.8ms odom_rx_age=7.5ms sensor_skew=30.9ms loop_to_send=5.9ms
[go2:sport] DRY cmd#3399 seq=3431 v=0.900 w=-0.692 dt=39.9ms policy_zmq_lag=0.6ms action_age=40.2ms scan_age=39.6ms scan_rx_age=16.9ms odom_age=6.9ms odom_rx_age=6.1ms sensor_skew=32.7ms loop_to_send=5.6ms
[go2:sport] DRY cmd#3400 seq=3432 v=0.894 w=-0.572 dt=39.9ms policy_zmq_lag=0.6ms action_age=40.3ms scan_age=39.6ms scan_rx_age=16.6ms odom_age=6.8ms odom_rx_age=6.1ms sensor_skew=32.8ms loop_to_send=5.6ms
[go2:sport] DRY cmd#3401 seq=3433 v=0.895 w=-0.506 dt=40.0ms policy_zmq_lag=0.6ms action_age=40.3ms scan_age=39.7ms scan_rx_age=15.8ms odom_age=6.9ms odom_rx_age=6.1ms sensor_skew=32.8ms loop_to_send=5.7ms
[go2:sport] DRY cmd#3402 seq=3434 v=0.900 w=-0.626 dt=39.8ms policy_zmq_lag=0.6ms action_age=40.1ms scan_age=39.5ms scan_rx_age=15.7ms odom_age=6.7ms odom_rx_age=6.0ms sensor_skew=32.8ms loop_to_send=5.6ms
[go2:sport] DRY cmd#3403 seq=3435 v=0.895 w=-0.506 dt=39.9ms policy_zmq_lag=0.6ms action_age=39.8ms scan_age=39.2ms scan_rx_age=16.5ms odom_age=6.6ms odom_rx_age=5.9ms sensor_skew=32.6ms loop_to_send=5.4ms
[go2:sport] DRY cmd#3404 seq=3436 v=0.900 w=-0.626 dt=40.3ms policy_zmq_lag=0.6ms action_age=40.2ms scan_age=39.6ms scan_rx_age=16.6ms odom_age=6.9ms odom_rx_age=6.1ms sensor_skew=32.7ms loop_to_send=5.7ms
[go2:sport] DRY cmd#3405 seq=3437 v=0.894 w=-0.546 dt=40.0ms policy_zmq_lag=0.6ms action_age=40.2ms scan_age=39.5ms scan_rx_age=16.6ms odom_age=6.8ms odom_rx_age=6.0ms sensor_skew=32.7ms loop_to_send=5.5ms
[go2:sport] DRY cmd#3406 seq=3438 v=0.894 w=-0.513 dt=39.9ms policy_zmq_lag=0.6ms action_age=40.4ms scan_age=39.8ms scan_rx_age=16.5ms odom_age=6.8ms odom_rx_age=6.1ms sensor_skew=33.0ms loop_to_send=5.6ms
[go2:sport] DRY cmd#3407 seq=3439 v=0.900 w=-0.633 dt=40.2ms policy_zmq_lag=0.6ms action_age=40.3ms scan_age=39.6ms scan_rx_age=17.1ms odom_age=6.8ms odom_rx_age=6.0ms sensor_skew=32.8ms loop_to_send=5.5ms
[go2:sport] DRY cmd#3408 seq=3440 v=0.895 w=-0.514 dt=40.5ms policy_zmq_lag=0.6ms action_age=40.8ms scan_age=40.1ms scan_rx_age=17.0ms odom_age=10.3ms odom_rx_age=8.6ms sensor_skew=29.8ms loop_to_send=6.4ms
[go2:sport] DRY cmd#3409 seq=3441 v=0.899 w=-0.638 dt=42.0ms policy_zmq_lag=1.8ms action_age=42.8ms scan_age=41.0ms scan_rx_age=16.6ms odom_age=8.6ms odom_rx_age=6.9ms sensor_skew=32.4ms loop_to_send=6.2ms
[go2:sport] DRY cmd#3410 seq=3442 v=0.894 w=-0.555 dt=37.6ms policy_zmq_lag=0.7ms action_age=40.5ms scan_age=39.8ms scan_rx_age=14.8ms odom_age=9.8ms odom_rx_age=8.5ms sensor_skew=30.0ms loop_to_send=6.1ms
[go2:sport] DRY cmd#3411 seq=3443 v=0.895 w=-0.492 dt=40.2ms policy_zmq_lag=0.6ms action_age=40.5ms scan_age=39.9ms scan_rx_age=16.4ms odom_age=7.2ms odom_rx_age=6.3ms sensor_skew=32.7ms loop_to_send=5.7ms
[go2:sport] DRY cmd#3412 seq=3444 v=0.900 w=-0.610 dt=39.3ms policy_zmq_lag=0.6ms action_age=39.9ms scan_age=39.3ms scan_rx_age=16.4ms odom_age=9.7ms odom_rx_age=8.8ms sensor_skew=29.5ms loop_to_send=5.8ms
[go2:sport] DRY cmd#3413 seq=3445 v=0.895 w=-0.498 dt=40.1ms policy_zmq_lag=0.6ms action_age=40.0ms scan_age=39.4ms scan_rx_age=16.1ms odom_age=10.0ms odom_rx_age=9.0ms sensor_skew=29.4ms loop_to_send=5.8ms
[go2:sport] DRY cmd#3414 seq=3446 v=0.899 w=-0.573 dt=40.7ms policy_zmq_lag=0.7ms action_age=40.7ms scan_age=40.0ms scan_rx_age=17.0ms odom_age=7.3ms odom_rx_age=6.4ms sensor_skew=32.7ms loop_to_send=5.9ms
[go2:sport] DRY cmd#3415 seq=3447 v=0.900 w=-0.453 dt=39.8ms policy_zmq_lag=0.6ms action_age=41.1ms scan_age=40.5ms scan_rx_age=17.1ms odom_age=7.2ms odom_rx_age=6.1ms sensor_skew=33.3ms loop_to_send=5.6ms
[go2:sport] DRY cmd#3416 seq=3448 v=0.895 w=-0.484 dt=39.4ms policy_zmq_lag=0.6ms action_age=40.0ms scan_age=39.4ms scan_rx_age=16.3ms odom_age=6.7ms odom_rx_age=6.0ms sensor_skew=32.8ms loop_to_send=5.5ms
[go2:sport] DRY cmd#3417 seq=3449 v=0.900 w=-0.605 dt=40.2ms policy_zmq_lag=0.6ms action_age=40.1ms scan_age=39.5ms scan_rx_age=17.0ms odom_age=6.7ms odom_rx_age=5.9ms sensor_skew=32.7ms loop_to_send=5.4ms
[go2:sport] DRY cmd#3418 seq=3450 v=0.895 w=-0.499 dt=39.7ms policy_zmq_lag=0.7ms action_age=39.8ms scan_age=39.1ms scan_rx_age=16.3ms odom_age=6.5ms odom_rx_age=5.8ms sensor_skew=32.7ms loop_to_send=5.4ms
[go2:sport] DRY cmd#3419 seq=3451 v=0.893 w=-0.551 dt=42.1ms policy_zmq_lag=0.7ms action_age=41.8ms scan_age=41.1ms scan_rx_age=18.0ms odom_age=8.5ms odom_rx_age=7.6ms sensor_skew=32.6ms loop_to_send=6.9ms
[go2:sport] DRY cmd#3420 seq=3452 v=0.899 w=-0.432 dt=39.7ms policy_zmq_lag=0.8ms action_age=41.5ms scan_age=40.7ms scan_rx_age=17.4ms odom_age=8.1ms odom_rx_age=7.2ms sensor_skew=32.6ms loop_to_send=6.6ms
[go2:sport] DRY cmd#3421 seq=3453 v=0.895 w=-0.511 dt=39.0ms policy_zmq_lag=0.7ms action_age=40.6ms scan_age=40.0ms scan_rx_age=16.9ms odom_age=7.2ms odom_rx_age=6.3ms sensor_skew=32.8ms loop_to_send=5.7ms
[go2:sport] DRY cmd#3422 seq=3454 v=0.900 w=-0.633 dt=40.3ms policy_zmq_lag=0.6ms action_age=40.9ms scan_age=40.3ms scan_rx_age=17.6ms odom_age=7.4ms odom_rx_age=6.3ms sensor_skew=32.8ms loop_to_send=5.7ms
[go2:sport] DRY cmd#3423 seq=3455 v=0.895 w=-0.515 dt=39.3ms policy_zmq_lag=0.6ms action_age=40.3ms scan_age=39.7ms scan_rx_age=16.6ms odom_age=10.2ms odom_rx_age=9.4ms sensor_skew=29.4ms loop_to_send=5.9ms
[go2:sport] DRY cmd#3424 seq=3456 v=0.894 w=-0.546 dt=40.0ms policy_zmq_lag=0.6ms action_age=40.2ms scan_age=39.6ms scan_rx_age=16.6ms odom_age=7.0ms odom_rx_age=6.2ms sensor_skew=32.6ms loop_to_send=5.7ms
[go2:sport] DRY cmd#3425 seq=3457 v=0.900 w=-0.426 dt=40.0ms policy_zmq_lag=0.7ms action_age=40.1ms scan_age=39.5ms scan_rx_age=14.3ms odom_age=6.9ms odom_rx_age=6.0ms sensor_skew=32.6ms loop_to_send=5.5ms
[go2:sport] DRY cmd#3426 seq=3458 v=0.894 w=-0.525 dt=41.2ms policy_zmq_lag=0.7ms action_age=41.6ms scan_age=40.9ms scan_rx_age=17.6ms odom_age=8.1ms odom_rx_age=7.2ms sensor_skew=32.8ms loop_to_send=6.5ms
[go2:sport] DRY cmd#3427 seq=3459 v=0.900 w=-0.643 dt=38.6ms policy_zmq_lag=0.6ms action_age=40.0ms scan_age=39.3ms scan_rx_age=16.7ms odom_age=10.1ms odom_rx_age=9.3ms sensor_skew=29.2ms loop_to_send=5.7ms
[go2:sport] DRY cmd#3428 seq=3460 v=0.895 w=-0.522 dt=40.6ms policy_zmq_lag=0.7ms action_age=40.7ms scan_age=40.0ms scan_rx_age=16.9ms odom_age=7.3ms odom_rx_age=6.5ms sensor_skew=32.7ms loop_to_send=5.9ms
[go2:sport] DRY cmd#3429 seq=3461 v=0.893 w=-0.557 dt=39.7ms policy_zmq_lag=0.7ms action_age=40.3ms scan_age=39.7ms scan_rx_age=16.1ms odom_age=7.1ms odom_rx_age=6.3ms sensor_skew=32.6ms loop_to_send=5.8ms
[go2:sport] DRY cmd#3430 seq=3462 v=0.900 w=-0.676 dt=39.9ms policy_zmq_lag=0.9ms action_age=40.1ms scan_age=39.2ms scan_rx_age=14.8ms odom_age=9.8ms odom_rx_age=8.7ms sensor_skew=29.4ms loop_to_send=5.8ms
[go2:sport] DRY cmd#3431 seq=3463 v=0.899 w=-0.608 dt=40.1ms policy_zmq_lag=0.7ms action_age=40.4ms scan_age=39.7ms scan_rx_age=16.4ms odom_age=7.1ms odom_rx_age=6.2ms sensor_skew=32.6ms loop_to_send=5.7ms
[go2:sport] DRY cmd#3432 seq=3464 v=0.900 w=-0.727 dt=39.5ms policy_zmq_lag=0.6ms action_age=39.9ms scan_age=39.3ms scan_rx_age=16.4ms odom_age=16.4ms odom_rx_age=15.5ms sensor_skew=22.8ms loop_to_send=5.6ms
[go2:sport] DRY cmd#3433 seq=3465 v=0.895 w=-0.606 dt=40.2ms policy_zmq_lag=0.6ms action_age=40.2ms scan_age=39.6ms scan_rx_age=16.6ms odom_age=6.9ms odom_rx_age=6.1ms sensor_skew=32.7ms loop_to_send=5.6ms
[go2:sport] DRY cmd#3434 seq=3466 v=0.894 w=-0.521 dt=40.1ms policy_zmq_lag=0.6ms action_age=40.2ms scan_age=39.5ms scan_rx_age=16.8ms odom_age=7.0ms odom_rx_age=6.1ms sensor_skew=32.5ms loop_to_send=5.6ms
[go2:sport] DRY cmd#3435 seq=3467 v=0.900 w=-0.641 dt=40.0ms policy_zmq_lag=0.7ms action_age=40.3ms scan_age=39.6ms scan_rx_age=17.2ms odom_age=6.8ms odom_rx_age=6.0ms sensor_skew=32.8ms loop_to_send=5.5ms
[go2:sport] DRY cmd#3436 seq=3468 v=0.899 w=-0.521 dt=40.1ms policy_zmq_lag=0.7ms action_age=40.3ms scan_age=39.6ms scan_rx_age=16.4ms odom_age=7.0ms odom_rx_age=6.2ms sensor_skew=32.6ms loop_to_send=5.7ms
[go2:sport] DRY cmd#3437 seq=3469 v=0.900 w=-0.642 dt=40.9ms policy_zmq_lag=0.8ms action_age=41.1ms scan_age=40.3ms scan_rx_age=16.6ms odom_age=7.8ms odom_rx_age=6.7ms sensor_skew=32.6ms loop_to_send=6.0ms
[go2:sport] DRY cmd#3438 seq=3470 v=0.894 w=-0.524 dt=39.4ms policy_zmq_lag=0.7ms action_age=40.7ms scan_age=40.0ms scan_rx_age=16.7ms odom_age=7.4ms odom_rx_age=6.6ms sensor_skew=32.6ms loop_to_send=6.0ms
[go2:sport] DRY cmd#3439 seq=3471 v=0.895 w=-0.504 dt=39.9ms policy_zmq_lag=0.7ms action_age=40.5ms scan_age=39.9ms scan_rx_age=15.6ms odom_age=10.4ms odom_rx_age=9.3ms sensor_skew=29.5ms loop_to_send=6.3ms
[go2:sport] DRY cmd#3440 seq=3472 v=0.900 w=-0.625 dt=40.0ms policy_zmq_lag=0.7ms action_age=40.9ms scan_age=40.2ms scan_rx_age=16.9ms odom_age=7.3ms odom_rx_age=6.5ms sensor_skew=32.8ms loop_to_send=6.0ms
[go2:sport] DRY cmd#3441 seq=3473 v=0.900 w=-0.504 dt=40.5ms policy_zmq_lag=0.8ms action_age=41.1ms scan_age=40.3ms scan_rx_age=14.7ms odom_age=7.6ms odom_rx_age=6.6ms sensor_skew=32.8ms loop_to_send=6.0ms
[go2:sport] DRY cmd#3442 seq=3474 v=0.900 w=-0.622 dt=39.6ms policy_zmq_lag=0.7ms action_age=40.7ms scan_age=40.0ms scan_rx_age=16.9ms odom_age=14.0ms odom_rx_age=13.2ms sensor_skew=26.0ms loop_to_send=6.2ms
[go2:sport] DRY cmd#3443 seq=3475 v=0.895 w=-0.512 dt=39.8ms policy_zmq_lag=0.6ms action_age=40.5ms scan_age=39.8ms scan_rx_age=16.7ms odom_age=7.2ms odom_rx_age=6.3ms sensor_skew=32.7ms loop_to_send=5.8ms
[go2:sport] DRY cmd#3444 seq=3476 v=0.894 w=-0.499 dt=40.5ms policy_zmq_lag=0.8ms action_age=40.9ms scan_age=40.1ms scan_rx_age=17.0ms odom_age=9.1ms odom_rx_age=7.9ms sensor_skew=31.0ms loop_to_send=6.3ms
[go2:sport] DRY cmd#3445 seq=3477 v=0.900 w=-0.620 dt=40.2ms policy_zmq_lag=0.7ms action_age=41.2ms scan_age=40.5ms scan_rx_age=15.8ms odom_age=7.7ms odom_rx_age=6.6ms sensor_skew=32.8ms loop_to_send=6.0ms
[go2:sport] DRY cmd#3446 seq=3478 v=0.895 w=-0.503 dt=39.1ms policy_zmq_lag=0.6ms action_age=40.2ms scan_age=39.6ms scan_rx_age=15.0ms odom_age=10.3ms odom_rx_age=9.2ms sensor_skew=29.3ms loop_to_send=6.0ms
[go2:sport] DRY cmd#3447 seq=3479 v=0.900 w=-0.625 dt=40.8ms policy_zmq_lag=0.7ms action_age=40.6ms scan_age=40.0ms scan_rx_age=17.5ms odom_age=7.6ms odom_rx_age=6.6ms sensor_skew=32.3ms loop_to_send=6.1ms
[go2:sport] DRY cmd#3448 seq=3480 v=0.894 w=-0.512 dt=44.0ms policy_zmq_lag=0.7ms action_age=45.2ms scan_age=44.5ms scan_rx_age=19.8ms odom_age=11.8ms odom_rx_age=10.1ms sensor_skew=32.7ms loop_to_send=9.3ms
[go2:sport] DRY cmd#3449 seq=3481 v=0.895 w=-0.476 dt=35.1ms policy_zmq_lag=0.6ms action_age=40.3ms scan_age=39.6ms scan_rx_age=16.0ms odom_age=7.1ms odom_rx_age=6.2ms sensor_skew=32.6ms loop_to_send=5.8ms
[go2:sport] DRY cmd#3450 seq=3482 v=0.900 w=-0.597 dt=40.3ms policy_zmq_lag=0.7ms action_age=40.4ms scan_age=39.7ms scan_rx_age=16.8ms odom_age=7.2ms odom_rx_age=6.3ms sensor_skew=32.5ms loop_to_send=5.8ms
[go2:sport] DRY cmd#3451 seq=3483 v=0.895 w=-0.515 dt=40.4ms policy_zmq_lag=0.7ms action_age=40.9ms scan_age=40.2ms scan_rx_age=16.8ms odom_age=7.7ms odom_rx_age=6.8ms sensor_skew=32.5ms loop_to_send=6.2ms
[go2:sport] DRY cmd#3452 seq=3484 v=0.900 w=-0.640 dt=46.6ms policy_zmq_lag=4.2ms action_age=47.5ms scan_age=43.2ms scan_rx_age=19.7ms odom_age=26.8ms odom_rx_age=25.5ms sensor_skew=16.4ms loop_to_send=7.5ms
[go2:sport] DRY cmd#3453 seq=3485 v=0.894 w=-0.539 dt=33.1ms policy_zmq_lag=0.7ms action_age=40.3ms scan_age=39.6ms scan_rx_age=12.0ms odom_age=10.5ms odom_rx_age=7.4ms sensor_skew=29.2ms loop_to_send=6.3ms
[go2:sport] DRY cmd#3454 seq=3486 v=0.895 w=-0.499 dt=40.4ms policy_zmq_lag=0.7ms action_age=40.6ms scan_age=39.9ms scan_rx_age=16.9ms odom_age=11.2ms odom_rx_age=10.0ms sensor_skew=28.8ms loop_to_send=6.4ms
[go2:sport] DRY cmd#3455 seq=3487 v=0.900 w=-0.620 dt=39.7ms policy_zmq_lag=0.7ms action_age=40.6ms scan_age=39.9ms scan_rx_age=16.4ms odom_age=7.5ms odom_rx_age=6.6ms sensor_skew=32.4ms loop_to_send=6.0ms
[go2:sport] DRY cmd#3456 seq=3488 v=0.894 w=-0.500 dt=39.9ms policy_zmq_lag=0.6ms action_age=40.0ms scan_age=39.3ms scan_rx_age=16.6ms odom_age=11.9ms odom_rx_age=10.5ms sensor_skew=27.4ms loop_to_send=6.2ms
[go2:sport] DRY cmd#3457 seq=3489 v=0.900 w=-0.499 dt=40.0ms policy_zmq_lag=0.6ms action_age=40.6ms scan_age=40.0ms scan_rx_age=16.7ms odom_age=7.5ms odom_rx_age=6.6ms sensor_skew=32.5ms loop_to_send=6.1ms
[go2:sport] DRY cmd#3458 seq=3490 v=0.894 w=-0.563 dt=39.9ms policy_zmq_lag=0.6ms action_age=40.4ms scan_age=39.7ms scan_rx_age=16.7ms odom_age=7.3ms odom_rx_age=6.3ms sensor_skew=32.5ms loop_to_send=5.8ms
[go2:sport] DRY cmd#3459 seq=3491 v=0.895 w=-0.503 dt=41.3ms policy_zmq_lag=0.7ms action_age=41.9ms scan_age=41.2ms scan_rx_age=17.9ms odom_age=8.7ms odom_rx_age=7.9ms sensor_skew=32.6ms loop_to_send=7.4ms
[go2:sport] DRY cmd#3460 seq=3492 v=0.900 w=-0.624 dt=38.5ms policy_zmq_lag=0.7ms action_age=40.3ms scan_age=39.6ms scan_rx_age=16.9ms odom_age=7.2ms odom_rx_age=6.3ms sensor_skew=32.4ms loop_to_send=5.8ms
[go2:sport] DRY cmd#3461 seq=3493 v=0.895 w=-0.504 dt=39.4ms policy_zmq_lag=0.6ms action_age=39.8ms scan_age=39.2ms scan_rx_age=17.0ms odom_age=6.6ms odom_rx_age=5.9ms sensor_skew=32.6ms loop_to_send=5.4ms
[go2:sport] DRY cmd#3462 seq=3494 v=0.894 w=-0.515 dt=40.4ms policy_zmq_lag=0.8ms action_age=40.2ms scan_age=39.4ms scan_rx_age=16.4ms odom_age=6.9ms odom_rx_age=6.1ms sensor_skew=32.5ms loop_to_send=5.6ms
[go2:sport] DRY cmd#3463 seq=3495 v=0.893 w=-0.540 dt=39.8ms policy_zmq_lag=0.6ms action_age=39.8ms scan_age=39.2ms scan_rx_age=16.3ms odom_age=6.8ms odom_rx_age=6.0ms sensor_skew=32.4ms loop_to_send=5.6ms
[go2:sport] DRY cmd#3464 seq=3496 v=0.895 w=-0.521 dt=39.9ms policy_zmq_lag=0.6ms action_age=40.4ms scan_age=39.8ms scan_rx_age=16.3ms odom_age=6.7ms odom_rx_age=5.9ms sensor_skew=33.1ms loop_to_send=5.4ms
[go2:sport] DRY cmd#3465 seq=3497 v=0.900 w=-0.641 dt=40.3ms policy_zmq_lag=0.7ms action_age=40.7ms scan_age=40.0ms scan_rx_age=16.7ms odom_age=6.9ms odom_rx_age=6.1ms sensor_skew=33.1ms loop_to_send=5.6ms
[go2:sport] DRY cmd#3466 seq=3498 v=0.895 w=-0.522 dt=39.6ms policy_zmq_lag=0.6ms action_age=39.7ms scan_age=39.1ms scan_rx_age=16.3ms odom_age=6.6ms odom_rx_age=5.9ms sensor_skew=32.5ms loop_to_send=5.5ms
[go2:sport] DRY cmd#3467 seq=3499 v=0.893 w=-0.535 dt=40.5ms policy_zmq_lag=0.6ms action_age=40.3ms scan_age=39.7ms scan_rx_age=16.6ms odom_age=6.9ms odom_rx_age=6.0ms sensor_skew=32.8ms loop_to_send=5.5ms
[go2:sport] DRY cmd#3468 seq=3500 v=0.900 w=-0.416 dt=39.9ms policy_zmq_lag=0.7ms action_age=40.2ms scan_age=39.5ms scan_rx_age=14.2ms odom_age=6.9ms odom_rx_age=6.0ms sensor_skew=32.5ms loop_to_send=5.5ms
[go2:sport] DRY cmd#3469 seq=3501 v=0.895 w=-0.471 dt=39.6ms policy_zmq_lag=0.6ms action_age=39.9ms scan_age=39.2ms scan_rx_age=16.1ms odom_age=6.7ms odom_rx_age=5.9ms sensor_skew=32.6ms loop_to_send=5.5ms
[go2:sport] DRY cmd#3470 seq=3502 v=0.900 w=-0.591 dt=39.9ms policy_zmq_lag=0.6ms action_age=39.7ms scan_age=39.1ms scan_rx_age=16.3ms odom_age=6.6ms odom_rx_age=5.9ms sensor_skew=32.5ms loop_to_send=5.4ms
[go2:sport] DRY cmd#3471 seq=3503 v=0.895 w=-0.513 dt=40.6ms policy_zmq_lag=0.7ms action_age=40.1ms scan_age=39.4ms scan_rx_age=16.5ms odom_age=6.9ms odom_rx_age=6.1ms sensor_skew=32.5ms loop_to_send=5.6ms
[go2:sport] DRY cmd#3472 seq=3504 v=0.894 w=-0.560 dt=39.8ms policy_zmq_lag=0.7ms action_age=39.9ms scan_age=39.2ms scan_rx_age=16.1ms odom_age=6.9ms odom_rx_age=6.1ms sensor_skew=32.3ms loop_to_send=5.6ms
[go2:sport] DRY cmd#3473 seq=3505 v=0.900 w=-0.680 dt=40.9ms policy_zmq_lag=0.8ms action_age=40.9ms scan_age=40.2ms scan_rx_age=17.2ms odom_age=7.6ms odom_rx_age=6.8ms sensor_skew=32.5ms loop_to_send=6.2ms
[go2:sport] DRY cmd#3474 seq=3506 v=0.895 w=-0.560 dt=39.8ms policy_zmq_lag=0.9ms action_age=40.7ms scan_age=39.8ms scan_rx_age=15.1ms odom_age=7.4ms odom_rx_age=6.5ms sensor_skew=32.4ms loop_to_send=6.0ms
[go2:sport] DRY cmd#3475 seq=3507 v=0.900 w=-0.679 dt=39.0ms policy_zmq_lag=0.6ms action_age=39.6ms scan_age=39.0ms scan_rx_age=14.9ms odom_age=6.7ms odom_rx_age=6.0ms sensor_skew=32.3ms loop_to_send=5.5ms
[go2:sport] DRY cmd#3476 seq=3508 v=0.894 w=-0.559 dt=40.3ms policy_zmq_lag=0.8ms action_age=40.0ms scan_age=39.2ms scan_rx_age=15.9ms odom_age=6.9ms odom_rx_age=6.1ms sensor_skew=32.3ms loop_to_send=5.6ms
[go2:sport] DRY cmd#3477 seq=3509 v=0.895 w=-0.485 dt=40.1ms policy_zmq_lag=0.7ms action_age=40.2ms scan_age=39.5ms scan_rx_age=16.6ms odom_age=7.1ms odom_rx_age=6.4ms sensor_skew=32.4ms loop_to_send=6.0ms
[go2:sport] DRY cmd#3478 seq=3510 v=0.900 w=-0.605 dt=39.5ms policy_zmq_lag=0.6ms action_age=39.5ms scan_age=38.9ms scan_rx_age=16.5ms odom_age=6.5ms odom_rx_age=5.7ms sensor_skew=32.4ms loop_to_send=5.3ms
[go2:sport] DRY cmd#3479 seq=3511 v=0.895 w=-0.512 dt=40.2ms policy_zmq_lag=0.7ms action_age=39.8ms scan_age=39.1ms scan_rx_age=15.2ms odom_age=6.6ms odom_rx_age=5.9ms sensor_skew=32.5ms loop_to_send=5.4ms
[go2:sport] DRY cmd#3480 seq=3512 v=0.900 w=-0.634 dt=40.7ms policy_zmq_lag=0.6ms action_age=40.4ms scan_age=39.7ms scan_rx_age=17.1ms odom_age=7.3ms odom_rx_age=6.0ms sensor_skew=32.5ms loop_to_send=5.4ms
[go2:sport] DRY cmd#3481 seq=3513 v=0.894 w=-0.516 dt=39.4ms policy_zmq_lag=0.6ms action_age=39.8ms scan_age=39.2ms scan_rx_age=15.9ms odom_age=6.7ms odom_rx_age=5.9ms sensor_skew=32.5ms loop_to_send=5.5ms
[go2:sport] DRY cmd#3482 seq=3514 v=0.895 w=-0.499 dt=40.0ms policy_zmq_lag=0.6ms action_age=39.9ms scan_age=39.3ms scan_rx_age=15.5ms odom_age=6.7ms odom_rx_age=5.9ms sensor_skew=32.6ms loop_to_send=5.4ms
[go2:sport] DRY cmd#3483 seq=3515 v=0.900 w=-0.619 dt=39.8ms policy_zmq_lag=0.6ms action_age=39.6ms scan_age=38.9ms scan_rx_age=15.8ms odom_age=6.5ms odom_rx_age=5.8ms sensor_skew=32.4ms loop_to_send=5.3ms
[go2:sport] DRY cmd#3484 seq=3516 v=0.899 w=-0.594 dt=40.0ms policy_zmq_lag=0.6ms action_age=39.5ms scan_age=38.9ms scan_rx_age=15.0ms odom_age=6.6ms odom_rx_age=5.8ms sensor_skew=32.3ms loop_to_send=5.4ms
[go2:sport] DRY cmd#3485 seq=3517 v=0.900 w=-0.714 dt=40.1ms policy_zmq_lag=0.6ms action_age=39.7ms scan_age=39.1ms scan_rx_age=16.1ms odom_age=6.6ms odom_rx_age=5.9ms sensor_skew=32.5ms loop_to_send=5.4ms
[go2:sport] DRY cmd#3486 seq=3518 v=0.894 w=-0.594 dt=39.9ms policy_zmq_lag=0.6ms action_age=39.6ms scan_age=39.0ms scan_rx_age=15.1ms odom_age=6.5ms odom_rx_age=5.8ms sensor_skew=32.5ms loop_to_send=5.3ms
[go2:sport] DRY cmd#3487 seq=3519 v=0.895 w=-0.499 dt=40.4ms policy_zmq_lag=0.8ms action_age=40.1ms scan_age=39.3ms scan_rx_age=15.8ms odom_age=6.9ms odom_rx_age=6.1ms sensor_skew=32.4ms loop_to_send=5.6ms
[go2:sport] DRY cmd#3488 seq=3520 v=0.900 w=-0.619 dt=39.9ms policy_zmq_lag=0.7ms action_age=39.9ms scan_age=39.2ms scan_rx_age=14.6ms odom_age=6.8ms odom_rx_age=6.0ms sensor_skew=32.4ms loop_to_send=5.5ms
[go2:sport] DRY cmd#3489 seq=3521 v=0.898 w=-0.592 dt=40.3ms policy_zmq_lag=0.9ms action_age=40.2ms scan_age=39.3ms scan_rx_age=15.8ms odom_age=6.9ms odom_rx_age=6.1ms sensor_skew=32.4ms loop_to_send=5.6ms
[go2:sport] DRY cmd#3490 seq=3522 v=0.900 w=-0.712 dt=39.9ms policy_zmq_lag=0.8ms action_age=40.6ms scan_age=39.8ms scan_rx_age=16.4ms odom_age=7.0ms odom_rx_age=6.2ms sensor_skew=32.9ms loop_to_send=5.7ms
[go2:sport] DRY cmd#3491 seq=3523 v=0.894 w=-0.592 dt=39.5ms policy_zmq_lag=0.6ms action_age=39.6ms scan_age=39.1ms scan_rx_age=16.1ms odom_age=6.6ms odom_rx_age=5.9ms sensor_skew=32.4ms loop_to_send=5.4ms
[go2:sport] DRY cmd#3492 seq=3524 v=0.894 w=-0.514 dt=40.9ms policy_zmq_lag=0.6ms action_age=40.5ms scan_age=39.8ms scan_rx_age=16.9ms odom_age=20.6ms odom_rx_age=19.8ms sensor_skew=19.2ms loop_to_send=6.2ms
[go2:sport] DRY cmd#3493 seq=3525 v=0.900 w=-0.634 dt=39.2ms policy_zmq_lag=0.6ms action_age=39.6ms scan_age=39.0ms scan_rx_age=16.2ms odom_age=6.6ms odom_rx_age=5.9ms sensor_skew=32.5ms loop_to_send=5.4ms
[go2:sport] DRY cmd#3494 seq=3526 v=0.899 w=-0.514 dt=40.0ms policy_zmq_lag=0.6ms action_age=39.5ms scan_age=38.9ms scan_rx_age=13.1ms odom_age=6.6ms odom_rx_age=5.9ms sensor_skew=32.3ms loop_to_send=5.5ms
[go2:sport] DRY cmd#3495 seq=3527 v=0.900 w=-0.637 dt=41.9ms policy_zmq_lag=0.8ms action_age=41.4ms scan_age=40.7ms scan_rx_age=17.5ms odom_age=8.3ms odom_rx_age=6.7ms sensor_skew=32.3ms loop_to_send=6.1ms
[go2:sport] DRY cmd#3496 seq=3528 v=0.893 w=-0.551 dt=38.6ms policy_zmq_lag=0.7ms action_age=39.9ms scan_age=39.2ms scan_rx_age=16.3ms odom_age=7.0ms odom_rx_age=6.0ms sensor_skew=32.2ms loop_to_send=5.5ms
[go2:sport] DRY cmd#3497 seq=3529 v=0.894 w=-0.502 dt=40.2ms policy_zmq_lag=0.6ms action_age=40.1ms scan_age=39.6ms scan_rx_age=13.4ms odom_age=7.3ms odom_rx_age=6.7ms sensor_skew=32.2ms loop_to_send=5.6ms
[go2:sport] DRY cmd#3498 seq=3530 v=0.900 w=-0.620 dt=39.3ms policy_zmq_lag=0.6ms action_age=39.5ms scan_age=38.9ms scan_rx_age=16.4ms odom_age=6.6ms odom_rx_age=5.9ms sensor_skew=32.3ms loop_to_send=5.4ms
[go2:sport] DRY cmd#3499 seq=3531 v=0.895 w=-0.506 dt=40.9ms policy_zmq_lag=0.6ms action_age=40.4ms scan_age=39.8ms scan_rx_age=14.6ms odom_age=7.6ms odom_rx_age=6.7ms sensor_skew=32.3ms loop_to_send=6.1ms
[go2:sport] DRY cmd#3500 seq=3532 v=0.900 w=-0.626 dt=39.2ms policy_zmq_lag=0.6ms action_age=39.7ms scan_age=39.0ms scan_rx_age=16.5ms odom_age=6.7ms odom_rx_age=5.9ms sensor_skew=32.4ms loop_to_send=5.4ms
[go2:sport] DRY cmd#3501 seq=3533 v=0.894 w=-0.506 dt=40.2ms policy_zmq_lag=0.6ms action_age=39.9ms scan_age=39.3ms scan_rx_age=16.5ms odom_age=6.9ms odom_rx_age=6.2ms sensor_skew=32.3ms loop_to_send=5.7ms
[go2:sport] DRY cmd#3502 seq=3534 v=0.894 w=-0.496 dt=40.3ms policy_zmq_lag=0.7ms action_age=40.4ms scan_age=39.7ms scan_rx_age=14.1ms odom_age=7.0ms odom_rx_age=6.2ms sensor_skew=32.7ms loop_to_send=5.7ms
[go2:sport] DRY cmd#3503 seq=3535 v=0.900 w=-0.616 dt=40.4ms policy_zmq_lag=0.7ms action_age=40.6ms scan_age=40.0ms scan_rx_age=16.8ms odom_age=7.6ms odom_rx_age=6.8ms sensor_skew=32.3ms loop_to_send=6.2ms
[go2:sport] DRY cmd#3504 seq=3536 v=0.895 w=-0.513 dt=39.6ms policy_zmq_lag=0.6ms action_age=40.3ms scan_age=39.6ms scan_rx_age=16.5ms odom_age=7.3ms odom_rx_age=6.7ms sensor_skew=32.3ms loop_to_send=5.5ms
[go2:sport] DRY cmd#3505 seq=3537 v=0.900 w=-0.634 dt=41.3ms policy_zmq_lag=0.7ms action_age=41.4ms scan_age=40.7ms scan_rx_age=18.0ms odom_age=8.5ms odom_rx_age=7.3ms sensor_skew=32.2ms loop_to_send=6.3ms
[go2:sport] DRY cmd#3506 seq=3538 v=0.893 w=-0.549 dt=38.7ms policy_zmq_lag=0.6ms action_age=40.2ms scan_age=39.6ms scan_rx_age=17.0ms odom_age=7.3ms odom_rx_age=6.5ms sensor_skew=32.3ms loop_to_send=6.0ms
[go2:sport] DRY cmd#3507 seq=3539 v=0.894 w=-0.499 dt=39.9ms policy_zmq_lag=0.7ms action_age=40.1ms scan_age=39.5ms scan_rx_age=16.4ms odom_age=7.2ms odom_rx_age=6.4ms sensor_skew=32.3ms loop_to_send=5.4ms
[go2:sport] DRY cmd#3508 seq=3540 v=0.900 w=-0.618 dt=39.9ms policy_zmq_lag=0.6ms action_age=39.9ms scan_age=39.2ms scan_rx_age=16.6ms odom_age=6.9ms odom_rx_age=5.9ms sensor_skew=32.3ms loop_to_send=5.4ms
[go2:sport] DRY cmd#3509 seq=3541 v=0.894 w=-0.505 dt=39.9ms policy_zmq_lag=0.7ms action_age=39.7ms scan_age=39.0ms scan_rx_age=14.0ms odom_age=6.8ms odom_rx_age=6.0ms sensor_skew=32.2ms loop_to_send=5.4ms
[go2:sport] DRY cmd#3510 seq=3542 v=0.900 w=-0.385 dt=39.9ms policy_zmq_lag=0.6ms action_age=39.7ms scan_age=39.1ms scan_rx_age=15.9ms odom_age=6.7ms odom_rx_age=5.8ms sensor_skew=32.4ms loop_to_send=5.3ms
[go2:sport] DRY cmd#3511 seq=3543 v=0.896 w=-0.407 dt=40.1ms policy_zmq_lag=0.6ms action_age=39.7ms scan_age=39.1ms scan_rx_age=16.3ms odom_age=6.9ms odom_rx_age=6.1ms sensor_skew=32.2ms loop_to_send=5.5ms
[go2:sport] DRY cmd#3512 seq=3544 v=0.895 w=-0.499 dt=39.8ms policy_zmq_lag=0.6ms action_age=39.6ms scan_age=39.0ms scan_rx_age=15.9ms odom_age=6.7ms odom_rx_age=5.9ms sensor_skew=32.4ms loop_to_send=5.5ms
[go2:sport] DRY cmd#3513 seq=3545 v=0.900 w=-0.619 dt=40.1ms policy_zmq_lag=0.6ms action_age=39.6ms scan_age=39.0ms scan_rx_age=16.5ms odom_age=6.8ms odom_rx_age=6.0ms sensor_skew=32.2ms loop_to_send=5.5ms
[go2:sport] DRY cmd#3514 seq=3546 v=0.895 w=-0.499 dt=39.9ms policy_zmq_lag=0.6ms action_age=39.6ms scan_age=39.1ms scan_rx_age=15.1ms odom_age=6.6ms odom_rx_age=5.9ms sensor_skew=32.4ms loop_to_send=5.4ms
[go2:sport] DRY cmd#3515 seq=3547 v=0.894 w=-0.537 dt=40.1ms policy_zmq_lag=0.6ms action_age=40.2ms scan_age=39.6ms scan_rx_age=14.4ms odom_age=6.8ms odom_rx_age=6.0ms sensor_skew=32.9ms loop_to_send=5.6ms
[go2:sport] DRY cmd#3516 seq=3548 v=0.894 w=-0.539 dt=40.1ms policy_zmq_lag=0.7ms action_age=39.7ms scan_age=39.0ms scan_rx_age=15.9ms odom_age=6.7ms odom_rx_age=5.9ms sensor_skew=32.2ms loop_to_send=5.4ms
[go2:sport] DRY cmd#3517 seq=3549 v=0.895 w=-0.501 dt=40.2ms policy_zmq_lag=0.6ms action_age=40.1ms scan_age=39.5ms scan_rx_age=13.9ms odom_age=7.1ms odom_rx_age=6.4ms sensor_skew=32.4ms loop_to_send=5.4ms
[go2:sport] DRY cmd#3518 seq=3550 v=0.900 w=-0.621 dt=40.0ms policy_zmq_lag=0.6ms action_age=39.7ms scan_age=39.1ms scan_rx_age=16.5ms odom_age=7.0ms odom_rx_age=6.4ms sensor_skew=32.1ms loop_to_send=5.3ms
[go2:sport] DRY cmd#3519 seq=3551 v=0.894 w=-0.501 dt=40.2ms policy_zmq_lag=0.6ms action_age=40.0ms scan_age=39.3ms scan_rx_age=15.6ms odom_age=7.2ms odom_rx_age=6.5ms sensor_skew=32.2ms loop_to_send=5.4ms
[go2:sport] DRY cmd#3520 seq=3552 v=0.893 w=-0.545 dt=39.8ms policy_zmq_lag=0.6ms action_age=39.8ms scan_age=39.1ms scan_rx_age=16.5ms odom_age=6.8ms odom_rx_age=6.0ms sensor_skew=32.3ms loop_to_send=5.5ms
[go2:sport] DRY cmd#3521 seq=3553 v=0.900 w=-0.664 dt=39.5ms policy_zmq_lag=0.6ms action_age=39.2ms scan_age=38.6ms scan_rx_age=16.2ms odom_age=6.4ms odom_rx_age=5.7ms sensor_skew=32.2ms loop_to_send=5.2ms
[go2:sport] DRY cmd#3522 seq=3554 v=0.895 w=-0.544 dt=40.4ms policy_zmq_lag=0.6ms action_age=39.7ms scan_age=39.1ms scan_rx_age=14.9ms odom_age=6.7ms odom_rx_age=5.9ms sensor_skew=32.4ms loop_to_send=5.4ms
[go2:sport] DRY cmd#3523 seq=3555 v=0.900 w=-0.665 dt=40.1ms policy_zmq_lag=0.6ms action_age=39.9ms scan_age=39.3ms scan_rx_age=16.4ms odom_age=7.0ms odom_rx_age=6.3ms sensor_skew=32.3ms loop_to_send=5.2ms
[go2:sport] DRY cmd#3524 seq=3556 v=0.894 w=-0.546 dt=40.1ms policy_zmq_lag=0.7ms action_age=40.0ms scan_age=39.3ms scan_rx_age=16.2ms odom_age=6.8ms odom_rx_age=5.9ms sensor_skew=32.5ms loop_to_send=5.4ms
[go2:sport] DRY cmd#3525 seq=3557 v=0.894 w=-0.553 dt=39.7ms policy_zmq_lag=0.7ms action_age=39.7ms scan_age=39.0ms scan_rx_age=14.9ms odom_age=6.7ms odom_rx_age=5.9ms sensor_skew=32.3ms loop_to_send=5.4ms
[go2:sport] DRY cmd#3526 seq=3558 v=0.900 w=-0.674 dt=40.8ms policy_zmq_lag=0.7ms action_age=40.3ms scan_age=39.6ms scan_rx_age=17.3ms odom_age=7.5ms odom_rx_age=6.7ms sensor_skew=32.2ms loop_to_send=6.2ms
[go2:sport] DRY cmd#3527 seq=3559 v=0.895 w=-0.554 dt=39.7ms policy_zmq_lag=0.6ms action_age=40.0ms scan_age=39.4ms scan_rx_age=16.7ms odom_age=7.3ms odom_rx_age=6.5ms sensor_skew=32.2ms loop_to_send=6.0ms
[go2:sport] DRY cmd#3528 seq=3560 v=0.900 w=-0.674 dt=39.5ms policy_zmq_lag=0.6ms action_age=39.5ms scan_age=38.9ms scan_rx_age=16.3ms odom_age=6.8ms odom_rx_age=5.9ms sensor_skew=32.2ms loop_to_send=5.4ms
[go2:sport] DRY cmd#3529 seq=3561 v=0.894 w=-0.554 dt=40.2ms policy_zmq_lag=0.7ms action_age=39.9ms scan_age=39.2ms scan_rx_age=14.5ms odom_age=6.9ms odom_rx_age=6.1ms sensor_skew=32.3ms loop_to_send=5.5ms
[go2:sport] DRY cmd#3530 seq=3562 v=0.894 w=-0.480 dt=40.1ms policy_zmq_lag=0.8ms action_age=39.8ms scan_age=39.0ms scan_rx_age=14.4ms odom_age=6.9ms odom_rx_age=6.1ms sensor_skew=32.1ms loop_to_send=5.6ms
[go2:sport] DRY cmd#3531 seq=3563 v=0.900 w=-0.602 dt=40.4ms policy_zmq_lag=0.6ms action_age=40.4ms scan_age=39.8ms scan_rx_age=17.3ms odom_age=7.3ms odom_rx_age=6.2ms sensor_skew=32.5ms loop_to_send=5.7ms
[go2:sport] DRY cmd#3532 seq=3564 v=0.895 w=-0.518 dt=39.7ms policy_zmq_lag=0.6ms action_age=39.9ms scan_age=39.3ms scan_rx_age=16.5ms odom_age=7.2ms odom_rx_age=6.4ms sensor_skew=32.1ms loop_to_send=5.4ms
[go2:sport] DRY cmd#3533 seq=3565 v=0.900 w=-0.636 dt=39.3ms policy_zmq_lag=0.5ms action_age=39.3ms scan_age=38.8ms scan_rx_age=16.0ms odom_age=6.4ms odom_rx_age=5.7ms sensor_skew=32.3ms loop_to_send=5.3ms
[go2:sport] DRY cmd#3534 seq=3566 v=0.894 w=-0.520 dt=40.4ms policy_zmq_lag=0.8ms action_age=39.7ms scan_age=39.0ms scan_rx_age=14.0ms odom_age=6.7ms odom_rx_age=5.9ms sensor_skew=32.2ms loop_to_send=5.4ms
[go2:sport] DRY cmd#3535 seq=3567 v=0.895 w=-0.480 dt=40.0ms policy_zmq_lag=0.7ms action_age=39.7ms scan_age=39.0ms scan_rx_age=14.3ms odom_age=6.8ms odom_rx_age=6.0ms sensor_skew=32.2ms loop_to_send=5.4ms
[go2:sport] DRY cmd#3536 seq=3568 v=0.900 w=-0.603 dt=41.9ms policy_zmq_lag=0.7ms action_age=41.6ms scan_age=40.9ms scan_rx_age=16.2ms odom_age=8.6ms odom_rx_age=7.3ms sensor_skew=32.2ms loop_to_send=6.6ms
[go2:sport] DRY cmd#3537 seq=3569 v=0.900 w=-0.484 dt=38.6ms policy_zmq_lag=0.6ms action_age=40.1ms scan_age=39.5ms scan_rx_age=15.2ms odom_age=8.1ms odom_rx_age=7.0ms sensor_skew=31.3ms loop_to_send=5.7ms
[go2:sport] DRY cmd#3538 seq=3570 v=0.900 w=-0.605 dt=41.1ms policy_zmq_lag=1.3ms action_age=41.2ms scan_age=39.9ms scan_rx_age=17.1ms odom_age=7.8ms odom_rx_age=7.1ms sensor_skew=32.1ms loop_to_send=5.9ms
[go2:sport] DRY cmd#3539 seq=3571 v=0.894 w=-0.516 dt=38.9ms policy_zmq_lag=0.6ms action_age=39.5ms scan_age=38.9ms scan_rx_age=10.2ms odom_age=7.3ms odom_rx_age=6.5ms sensor_skew=31.5ms loop_to_send=5.9ms
[go2:sport] DRY cmd#3540 seq=3572 v=0.894 w=-0.514 dt=40.3ms policy_zmq_lag=0.6ms action_age=40.9ms scan_age=40.3ms scan_rx_age=16.6ms odom_age=7.3ms odom_rx_age=6.3ms sensor_skew=33.0ms loop_to_send=5.8ms
[go2:sport] DRY cmd#3541 seq=3573 v=0.900 w=-0.634 dt=40.5ms policy_zmq_lag=0.6ms action_age=40.9ms scan_age=40.3ms scan_rx_age=17.5ms odom_age=8.1ms odom_rx_age=7.0ms sensor_skew=32.1ms loop_to_send=6.3ms
[go2:sport] DRY cmd#3542 seq=3574 v=0.898 w=-0.599 dt=38.9ms policy_zmq_lag=0.6ms action_age=39.8ms scan_age=39.2ms scan_rx_age=16.3ms odom_age=7.1ms odom_rx_age=6.2ms sensor_skew=32.1ms loop_to_send=5.7ms
[go2:sport] DRY cmd#3543 seq=3575 v=0.900 w=-0.719 dt=40.1ms policy_zmq_lag=0.6ms action_age=40.0ms scan_age=39.4ms scan_rx_age=16.5ms odom_age=7.1ms odom_rx_age=6.3ms sensor_skew=32.2ms loop_to_send=5.7ms
[go2:sport] DRY cmd#3544 seq=3576 v=0.894 w=-0.599 dt=40.3ms policy_zmq_lag=0.6ms action_age=40.3ms scan_age=39.7ms scan_rx_age=16.3ms odom_age=7.4ms odom_rx_age=6.5ms sensor_skew=32.2ms loop_to_send=5.9ms
[go2:sport] DRY cmd#3545 seq=3577 v=0.894 w=-0.509 dt=39.8ms policy_zmq_lag=0.6ms action_age=40.2ms scan_age=39.5ms scan_rx_age=16.9ms odom_age=7.4ms odom_rx_age=6.7ms sensor_skew=32.2ms loop_to_send=5.6ms
[go2:sport] DRY cmd#3546 seq=3578 v=0.900 w=-0.629 dt=39.9ms policy_zmq_lag=0.6ms action_age=40.1ms scan_age=39.5ms scan_rx_age=17.1ms odom_age=7.4ms odom_rx_age=6.7ms sensor_skew=32.1ms loop_to_send=5.6ms
[go2:sport] DRY cmd#3547 seq=3579 v=0.899 w=-0.509 dt=39.7ms policy_zmq_lag=0.6ms action_age=39.7ms scan_age=39.2ms scan_rx_age=16.6ms odom_age=7.2ms odom_rx_age=6.6ms sensor_skew=32.0ms loop_to_send=5.5ms
[go2:sport] DRY cmd#3548 seq=3580 v=0.900 w=-0.630 dt=40.1ms policy_zmq_lag=0.6ms action_age=39.9ms scan_age=39.3ms scan_rx_age=16.9ms odom_age=7.1ms odom_rx_age=6.4ms sensor_skew=32.2ms loop_to_send=5.3ms
[go2:sport] DRY cmd#3549 seq=3581 v=0.894 w=-0.555 dt=40.0ms policy_zmq_lag=0.6ms action_age=39.7ms scan_age=39.1ms scan_rx_age=15.7ms odom_age=7.1ms odom_rx_age=6.4ms sensor_skew=32.0ms loop_to_send=5.3ms
[go2:sport] DRY cmd#3550 seq=3582 v=0.895 w=-0.509 dt=40.1ms policy_zmq_lag=0.6ms action_age=40.0ms scan_age=39.4ms scan_rx_age=15.7ms odom_age=7.1ms odom_rx_age=6.4ms sensor_skew=32.2ms loop_to_send=5.3ms
[go2:sport] DRY cmd#3551 seq=3583 v=0.900 w=-0.629 dt=39.9ms policy_zmq_lag=0.6ms action_age=39.9ms scan_age=39.3ms scan_rx_age=15.4ms odom_age=7.0ms odom_rx_age=6.3ms sensor_skew=32.3ms loop_to_send=5.2ms
[go2:sport] DRY cmd#3552 seq=3584 v=0.895 w=-0.527 dt=40.2ms policy_zmq_lag=0.6ms action_age=40.0ms scan_age=39.4ms scan_rx_age=15.6ms odom_age=7.3ms odom_rx_age=6.5ms sensor_skew=32.1ms loop_to_send=5.4ms
[go2:sport] DRY cmd#3553 seq=3585 v=0.900 w=-0.407 dt=39.8ms policy_zmq_lag=0.6ms action_age=39.8ms scan_age=39.2ms scan_rx_age=15.4ms odom_age=7.1ms odom_rx_age=6.3ms sensor_skew=32.1ms loop_to_send=5.2ms
[go2:sport] DRY cmd#3554 seq=3586 v=0.895 w=-0.499 dt=39.7ms policy_zmq_lag=0.7ms action_age=39.6ms scan_age=39.0ms scan_rx_age=16.1ms odom_age=6.7ms odom_rx_age=5.9ms sensor_skew=32.2ms loop_to_send=5.4ms
[go2:sport] DRY cmd#3555 seq=3587 v=0.895 w=-0.475 dt=40.9ms policy_zmq_lag=0.7ms action_age=41.1ms scan_age=40.4ms scan_rx_age=15.7ms odom_age=7.6ms odom_rx_age=6.8ms sensor_skew=32.7ms loop_to_send=6.3ms
[go2:sport] DRY cmd#3556 seq=3588 v=0.900 w=-0.596 dt=39.4ms policy_zmq_lag=0.6ms action_age=39.8ms scan_age=39.2ms scan_rx_age=16.9ms odom_age=7.2ms odom_rx_age=6.5ms sensor_skew=32.0ms loop_to_send=5.4ms
[go2:sport] DRY cmd#3557 seq=3589 v=0.895 w=-0.522 dt=40.0ms policy_zmq_lag=0.6ms action_age=39.9ms scan_age=39.3ms scan_rx_age=16.3ms odom_age=7.1ms odom_rx_age=6.4ms sensor_skew=32.1ms loop_to_send=5.4ms
[go2:sport] DRY cmd#3558 seq=3590 v=0.899 w=-0.642 dt=39.8ms policy_zmq_lag=0.6ms action_age=39.6ms scan_age=39.0ms scan_rx_age=16.8ms odom_age=7.0ms odom_rx_age=6.3ms sensor_skew=32.1ms loop_to_send=5.2ms
[go2:sport] DRY cmd#3559 seq=3591 v=0.893 w=-0.541 dt=40.0ms policy_zmq_lag=0.6ms action_age=39.7ms scan_age=39.1ms scan_rx_age=15.4ms odom_age=7.0ms odom_rx_age=6.3ms sensor_skew=32.1ms loop_to_send=5.2ms
[go2:sport] DRY cmd#3560 seq=3592 v=0.895 w=-0.496 dt=40.1ms policy_zmq_lag=0.6ms action_age=39.9ms scan_age=39.3ms scan_rx_age=15.5ms odom_age=7.1ms odom_rx_age=6.3ms sensor_skew=32.2ms loop_to_send=5.2ms
[go2:sport] DRY cmd#3561 seq=3593 v=0.900 w=-0.616 dt=39.8ms policy_zmq_lag=0.6ms action_age=39.5ms scan_age=38.9ms scan_rx_age=16.2ms odom_age=6.8ms odom_rx_age=6.1ms sensor_skew=32.0ms loop_to_send=5.0ms
[go2:sport] DRY cmd#3562 seq=3594 v=0.895 w=-0.496 dt=40.7ms policy_zmq_lag=0.6ms action_age=40.2ms scan_age=39.5ms scan_rx_age=14.3ms odom_age=7.5ms odom_rx_age=6.6ms sensor_skew=32.1ms loop_to_send=5.5ms
[go2:sport] DRY cmd#3563 seq=3595 v=0.900 w=-0.376 dt=40.4ms policy_zmq_lag=0.6ms action_age=40.5ms scan_age=39.9ms scan_rx_age=17.3ms odom_age=7.9ms odom_rx_age=7.1ms sensor_skew=32.0ms loop_to_send=5.9ms
[go2:sport] DRY cmd#3564 seq=3596 v=0.900 w=-0.256 dt=39.5ms policy_zmq_lag=0.6ms action_age=40.1ms scan_age=39.5ms scan_rx_age=16.9ms odom_age=7.3ms odom_rx_age=6.6ms sensor_skew=32.2ms loop_to_send=5.5ms
[go2:sport] DRY cmd#3565 seq=3597 v=0.895 w=-0.377 dt=40.0ms policy_zmq_lag=0.6ms action_age=40.6ms scan_age=40.0ms scan_rx_age=15.7ms odom_age=7.3ms odom_rx_age=6.5ms sensor_skew=32.7ms loop_to_send=5.4ms
[go2:sport] DRY cmd#3566 seq=3598 v=0.900 w=-0.496 dt=39.7ms policy_zmq_lag=0.6ms action_age=39.8ms scan_age=39.1ms scan_rx_age=16.5ms odom_age=7.1ms odom_rx_age=6.4ms sensor_skew=32.0ms loop_to_send=5.3ms
[go2:sport] DRY cmd#3567 seq=3599 v=0.894 w=-0.493 dt=40.1ms policy_zmq_lag=0.7ms action_age=40.0ms scan_age=39.3ms scan_rx_age=16.1ms odom_age=7.2ms odom_rx_age=6.4ms sensor_skew=32.1ms loop_to_send=5.3ms
[go2:sport] DRY cmd#3568 seq=3600 v=0.894 w=-0.545 dt=40.1ms policy_zmq_lag=0.6ms action_age=40.0ms scan_age=39.4ms scan_rx_age=15.7ms odom_age=7.2ms odom_rx_age=6.4ms sensor_skew=32.1ms loop_to_send=5.3ms
[go2:sport] DRY cmd#3569 seq=3601 v=0.898 w=-0.425 dt=39.9ms policy_zmq_lag=0.7ms action_age=39.8ms scan_age=39.1ms scan_rx_age=15.5ms odom_age=7.0ms odom_rx_age=6.3ms sensor_skew=32.0ms loop_to_send=5.2ms
[go2:sport] DRY cmd#3570 seq=3602 v=0.895 w=-0.527 dt=40.0ms policy_zmq_lag=0.6ms action_age=39.7ms scan_age=39.1ms scan_rx_age=16.1ms odom_age=7.1ms odom_rx_age=6.4ms sensor_skew=32.0ms loop_to_send=5.3ms
[go2:sport] DRY cmd#3571 seq=3603 v=0.900 w=-0.647 dt=39.9ms policy_zmq_lag=0.6ms action_age=39.6ms scan_age=39.1ms scan_rx_age=15.5ms odom_age=7.0ms odom_rx_age=6.3ms sensor_skew=32.0ms loop_to_send=5.2ms
[go2:sport] DRY cmd#3572 seq=3604 v=0.895 w=-0.527 dt=40.2ms policy_zmq_lag=0.7ms action_age=39.9ms scan_age=39.2ms scan_rx_age=15.3ms odom_age=7.1ms odom_rx_age=6.4ms sensor_skew=32.1ms loop_to_send=5.3ms
[go2:sport] DRY cmd#3573 seq=3605 v=0.894 w=-0.556 dt=40.1ms policy_zmq_lag=0.6ms action_age=40.0ms scan_age=39.4ms scan_rx_age=14.1ms odom_age=7.2ms odom_rx_age=6.4ms sensor_skew=32.1ms loop_to_send=5.3ms
[go2:sport] DRY cmd#3574 seq=3606 v=0.900 w=-0.675 dt=39.6ms policy_zmq_lag=0.6ms action_age=39.4ms scan_age=38.8ms scan_rx_age=16.5ms odom_age=6.4ms odom_rx_age=5.7ms sensor_skew=32.4ms loop_to_send=5.2ms
[go2:sport] DRY cmd#3575 seq=3607 v=0.895 w=-0.555 dt=40.4ms policy_zmq_lag=0.6ms action_age=39.8ms scan_age=39.2ms scan_rx_age=16.5ms odom_age=7.2ms odom_rx_age=6.5ms sensor_skew=32.0ms loop_to_send=5.4ms
[go2:sport] DRY cmd#3576 seq=3608 v=0.900 w=-0.675 dt=39.9ms policy_zmq_lag=0.6ms action_age=39.7ms scan_age=39.1ms scan_rx_age=16.9ms odom_age=7.2ms odom_rx_age=6.4ms sensor_skew=32.0ms loop_to_send=5.3ms
[go2:sport] DRY cmd#3577 seq=3609 v=0.894 w=-0.555 dt=40.1ms policy_zmq_lag=0.6ms action_age=39.9ms scan_age=39.4ms scan_rx_age=16.5ms odom_age=7.3ms odom_rx_age=6.6ms sensor_skew=32.1ms loop_to_send=5.5ms
[go2:sport] DRY cmd#3578 seq=3610 v=0.894 w=-0.554 dt=39.7ms policy_zmq_lag=0.6ms action_age=39.7ms scan_age=39.1ms scan_rx_age=16.5ms odom_age=7.0ms odom_rx_age=6.2ms sensor_skew=32.1ms loop_to_send=5.2ms
[go2:sport] DRY cmd#3579 seq=3611 v=0.900 w=-0.674 dt=40.1ms policy_zmq_lag=0.5ms action_age=39.6ms scan_age=39.1ms scan_rx_age=16.9ms odom_age=7.2ms odom_rx_age=6.4ms sensor_skew=31.9ms loop_to_send=5.3ms
[go2:sport] DRY cmd#3580 seq=3612 v=0.897 w=-0.554 dt=40.4ms policy_zmq_lag=0.6ms action_age=39.8ms scan_age=39.1ms scan_rx_age=16.7ms odom_age=7.5ms odom_rx_age=6.7ms sensor_skew=31.7ms loop_to_send=5.5ms
[go2:sport] DRY cmd#3581 seq=3613 v=0.900 w=-0.674 dt=39.7ms policy_zmq_lag=0.6ms action_age=39.8ms scan_age=39.2ms scan_rx_age=16.7ms odom_age=7.2ms odom_rx_age=6.4ms sensor_skew=32.0ms loop_to_send=5.3ms
[go2:sport] DRY cmd#3582 seq=3614 v=0.894 w=-0.554 dt=40.1ms policy_zmq_lag=0.6ms action_age=39.8ms scan_age=39.2ms scan_rx_age=16.6ms odom_age=7.2ms odom_rx_age=6.5ms sensor_skew=32.0ms loop_to_send=5.3ms
[go2:sport] DRY cmd#3583 seq=3615 v=0.895 w=-0.497 dt=39.9ms policy_zmq_lag=0.6ms action_age=39.7ms scan_age=39.1ms scan_rx_age=16.4ms odom_age=7.2ms odom_rx_age=6.4ms sensor_skew=31.9ms loop_to_send=5.3ms
[go2:sport] DRY cmd#3584 seq=3616 v=0.900 w=-0.617 dt=40.1ms policy_zmq_lag=0.6ms action_age=39.7ms scan_age=39.1ms scan_rx_age=16.7ms odom_age=7.2ms odom_rx_age=6.5ms sensor_skew=31.8ms loop_to_send=5.3ms
[go2:sport] DRY cmd#3585 seq=3617 v=0.898 w=-0.577 dt=39.9ms policy_zmq_lag=0.6ms action_age=39.6ms scan_age=39.0ms scan_rx_age=16.4ms odom_age=7.0ms odom_rx_age=6.3ms sensor_skew=32.0ms loop_to_send=5.2ms
[go2:sport] DRY cmd#3586 seq=3618 v=0.900 w=-0.696 dt=39.8ms policy_zmq_lag=0.6ms action_age=39.5ms scan_age=38.9ms scan_rx_age=16.5ms odom_age=6.9ms odom_rx_age=6.2ms sensor_skew=32.0ms loop_to_send=5.1ms
[go2:sport] DRY cmd#3587 seq=3619 v=0.894 w=-0.576 dt=40.7ms policy_zmq_lag=0.6ms action_age=40.1ms scan_age=39.5ms scan_rx_age=16.9ms odom_age=7.5ms odom_rx_age=6.7ms sensor_skew=32.0ms loop_to_send=5.6ms
[go2:sport] DRY cmd#3588 seq=3620 v=0.894 w=-0.500 dt=40.0ms policy_zmq_lag=0.6ms action_age=40.0ms scan_age=39.3ms scan_rx_age=16.8ms odom_age=7.5ms odom_rx_age=6.6ms sensor_skew=31.9ms loop_to_send=5.4ms
[go2:sport] DRY cmd#3589 seq=3621 v=0.900 w=-0.620 dt=39.7ms policy_zmq_lag=0.7ms action_age=39.7ms scan_age=39.1ms scan_rx_age=16.8ms odom_age=7.2ms odom_rx_age=6.5ms sensor_skew=31.8ms loop_to_send=5.4ms
[go2:sport] DRY cmd#3590 seq=3622 v=0.899 w=-0.499 dt=40.2ms policy_zmq_lag=0.7ms action_age=40.7ms scan_age=40.0ms scan_rx_age=15.7ms odom_age=7.4ms odom_rx_age=6.6ms sensor_skew=32.6ms loop_to_send=5.5ms
[go2:sport] DRY cmd#3591 seq=3623 v=0.900 w=-0.619 dt=39.7ms policy_zmq_lag=0.6ms action_age=39.7ms scan_age=39.1ms scan_rx_age=15.5ms odom_age=7.2ms odom_rx_age=6.5ms sensor_skew=31.8ms loop_to_send=5.3ms
[go2:sport] DRY cmd#3592 seq=3624 v=0.894 w=-0.498 dt=40.3ms policy_zmq_lag=0.7ms action_age=40.0ms scan_age=39.3ms scan_rx_age=15.8ms odom_age=7.4ms odom_rx_age=6.5ms sensor_skew=32.0ms loop_to_send=5.4ms
[go2:sport] DRY cmd#3593 seq=3625 v=0.894 w=-0.512 dt=39.7ms policy_zmq_lag=0.6ms action_age=39.7ms scan_age=39.1ms scan_rx_age=16.4ms odom_age=7.2ms odom_rx_age=6.5ms sensor_skew=31.9ms loop_to_send=5.4ms
[go2:sport] DRY cmd#3594 seq=3626 v=0.900 w=-0.633 dt=40.1ms policy_zmq_lag=0.6ms action_age=39.8ms scan_age=39.2ms scan_rx_age=16.4ms odom_age=7.2ms odom_rx_age=6.4ms sensor_skew=32.1ms loop_to_send=5.3ms
[go2:sport] DRY cmd#3595 seq=3627 v=0.895 w=-0.513 dt=40.2ms policy_zmq_lag=0.6ms action_age=40.0ms scan_age=39.4ms scan_rx_age=14.4ms odom_age=7.5ms odom_rx_age=6.6ms sensor_skew=31.9ms loop_to_send=5.4ms
[go2:sport] DRY cmd#3596 seq=3628 v=0.900 w=-0.632 dt=39.9ms policy_zmq_lag=0.6ms action_age=40.0ms scan_age=39.4ms scan_rx_age=15.5ms odom_age=7.4ms odom_rx_age=6.7ms sensor_skew=32.0ms loop_to_send=5.5ms
[go2:sport] DRY cmd#3597 seq=3629 v=0.893 w=-0.557 dt=39.6ms policy_zmq_lag=0.5ms action_age=39.6ms scan_age=39.0ms scan_rx_age=15.4ms odom_age=7.1ms odom_rx_age=6.4ms sensor_skew=31.9ms loop_to_send=5.3ms
[go2:sport] DRY cmd#3598 seq=3630 v=0.895 w=-0.509 dt=40.0ms policy_zmq_lag=0.5ms action_age=39.5ms scan_age=39.0ms scan_rx_age=16.3ms odom_age=7.2ms odom_rx_age=6.4ms sensor_skew=31.8ms loop_to_send=5.4ms
[go2:sport] DRY cmd#3599 seq=3631 v=0.900 w=-0.629 dt=39.8ms policy_zmq_lag=0.5ms action_age=39.4ms scan_age=38.8ms scan_rx_age=16.3ms odom_age=7.0ms odom_rx_age=6.3ms sensor_skew=31.8ms loop_to_send=5.2ms
[go2:sport] DRY cmd#3600 seq=3632 v=0.895 w=-0.512 dt=40.0ms policy_zmq_lag=0.5ms action_age=39.4ms scan_age=38.9ms scan_rx_age=16.0ms odom_age=7.0ms odom_rx_age=6.2ms sensor_skew=31.9ms loop_to_send=5.2ms
[go2:sport] DRY cmd#3601 seq=3633 v=0.900 w=-0.632 dt=40.2ms policy_zmq_lag=0.5ms action_age=39.7ms scan_age=39.1ms scan_rx_age=16.6ms odom_age=7.1ms odom_rx_age=6.4ms sensor_skew=32.0ms loop_to_send=5.3ms
[go2:sport] DRY cmd#3602 seq=3634 v=0.894 w=-0.558 dt=40.3ms policy_zmq_lag=0.7ms action_age=39.9ms scan_age=39.2ms scan_rx_age=16.3ms odom_age=7.3ms odom_rx_age=6.5ms sensor_skew=31.9ms loop_to_send=5.4ms
[go2:sport] DRY cmd#3603 seq=3635 v=0.894 w=-0.502 dt=39.9ms policy_zmq_lag=0.6ms action_age=39.9ms scan_age=39.3ms scan_rx_age=15.3ms odom_age=7.3ms odom_rx_age=6.5ms sensor_skew=32.0ms loop_to_send=5.4ms
[go2:sport] DRY cmd#3604 seq=3636 v=0.900 w=-0.622 dt=39.7ms policy_zmq_lag=0.6ms action_age=39.6ms scan_age=39.0ms scan_rx_age=16.3ms odom_age=7.1ms odom_rx_age=6.3ms sensor_skew=31.9ms loop_to_send=5.3ms
[go2:sport] DRY cmd#3605 seq=3637 v=0.895 w=-0.512 dt=40.1ms policy_zmq_lag=0.6ms action_age=39.5ms scan_age=38.9ms scan_rx_age=16.6ms odom_age=7.1ms odom_rx_age=6.4ms sensor_skew=31.8ms loop_to_send=5.3ms
[go2:sport] DRY cmd#3606 seq=3638 v=0.894 w=-0.528 dt=40.1ms policy_zmq_lag=0.6ms action_age=39.7ms scan_age=39.0ms scan_rx_age=16.3ms odom_age=7.1ms odom_rx_age=6.4ms sensor_skew=31.9ms loop_to_send=5.3ms
[go2:sport] DRY cmd#3607 seq=3639 v=0.893 w=-0.537 dt=40.5ms policy_zmq_lag=0.6ms action_age=40.2ms scan_age=39.6ms scan_rx_age=17.0ms odom_age=7.3ms odom_rx_age=6.1ms sensor_skew=32.3ms loop_to_send=5.4ms
[go2:sport] DRY cmd#3608 seq=3640 v=0.895 w=-0.501 dt=39.4ms policy_zmq_lag=0.6ms action_age=39.7ms scan_age=39.1ms scan_rx_age=16.3ms odom_age=7.1ms odom_rx_age=6.3ms sensor_skew=32.0ms loop_to_send=5.2ms
[go2:sport] DRY cmd#3609 seq=3641 v=0.900 w=-0.621 dt=40.5ms policy_zmq_lag=0.8ms action_age=40.1ms scan_age=39.4ms scan_rx_age=16.9ms odom_age=7.5ms odom_rx_age=6.6ms sensor_skew=31.9ms loop_to_send=5.4ms
[go2:sport] DRY cmd#3610 seq=3642 v=0.895 w=-0.507 dt=40.0ms policy_zmq_lag=0.7ms action_age=40.2ms scan_age=39.5ms scan_rx_age=15.1ms odom_age=7.4ms odom_rx_age=6.5ms sensor_skew=32.0ms loop_to_send=5.4ms
[go2:sport] DRY cmd#3611 seq=3643 v=0.893 w=-0.560 dt=40.1ms policy_zmq_lag=0.7ms action_age=40.3ms scan_age=39.6ms scan_rx_age=15.3ms odom_age=7.6ms odom_rx_age=6.6ms sensor_skew=32.0ms loop_to_send=5.4ms
[go2:sport] DRY cmd#3612 seq=3644 v=0.900 w=-0.441 dt=39.8ms policy_zmq_lag=0.7ms action_age=40.0ms scan_age=39.2ms scan_rx_age=15.0ms odom_age=7.4ms odom_rx_age=6.5ms sensor_skew=31.8ms loop_to_send=5.3ms
[go2:sport] DRY cmd#3613 seq=3645 v=0.895 w=-0.502 dt=40.2ms policy_zmq_lag=0.7ms action_age=40.1ms scan_age=39.4ms scan_rx_age=15.3ms odom_age=6.7ms odom_rx_age=5.9ms sensor_skew=32.7ms loop_to_send=5.4ms
[go2:sport] DRY cmd#3614 seq=3646 v=0.900 w=-0.621 dt=39.7ms policy_zmq_lag=0.8ms action_age=39.9ms scan_age=39.2ms scan_rx_age=15.4ms odom_age=7.4ms odom_rx_age=6.5ms sensor_skew=31.8ms loop_to_send=5.4ms
[go2:sport] DRY cmd#3615 seq=3647 v=0.894 w=-0.500 dt=40.2ms policy_zmq_lag=0.7ms action_age=40.7ms scan_age=40.0ms scan_rx_age=15.2ms odom_age=7.5ms odom_rx_age=6.6ms sensor_skew=32.5ms loop_to_send=5.4ms
[go2:sport] DRY cmd#3616 seq=3648 v=0.894 w=-0.552 dt=39.7ms policy_zmq_lag=0.7ms action_age=39.7ms scan_age=39.0ms scan_rx_age=14.9ms odom_age=7.3ms odom_rx_age=6.5ms sensor_skew=31.7ms loop_to_send=5.4ms
[go2:sport] DRY cmd#3617 seq=3649 v=0.900 w=-0.672 dt=39.9ms policy_zmq_lag=0.7ms action_age=39.6ms scan_age=38.9ms scan_rx_age=14.9ms odom_age=7.2ms odom_rx_age=6.4ms sensor_skew=31.7ms loop_to_send=5.3ms
[go2:sport] DRY cmd#3618 seq=3650 v=0.895 w=-0.552 dt=39.8ms policy_zmq_lag=0.6ms action_age=39.4ms scan_age=38.8ms scan_rx_age=15.7ms odom_age=7.1ms odom_rx_age=6.4ms sensor_skew=31.7ms loop_to_send=5.3ms
[go2:sport] DRY cmd#3619 seq=3651 v=0.900 w=-0.673 dt=40.0ms policy_zmq_lag=0.6ms action_age=39.4ms scan_age=38.8ms scan_rx_age=16.6ms odom_age=7.1ms odom_rx_age=6.4ms sensor_skew=31.7ms loop_to_send=5.3ms
[go2:sport] DRY cmd#3620 seq=3652 v=0.894 w=-0.553 dt=40.2ms policy_zmq_lag=0.6ms action_age=39.6ms scan_age=39.0ms scan_rx_age=16.4ms odom_age=7.2ms odom_rx_age=6.4ms sensor_skew=31.8ms loop_to_send=5.3ms
[go2:sport] DRY cmd#3621 seq=3653 v=0.894 w=-0.499 dt=39.9ms policy_zmq_lag=0.6ms action_age=39.6ms scan_age=39.0ms scan_rx_age=16.4ms odom_age=7.1ms odom_rx_age=6.4ms sensor_skew=31.9ms loop_to_send=5.3ms
[go2:sport] DRY cmd#3622 seq=3654 v=0.900 w=-0.619 dt=40.0ms policy_zmq_lag=0.6ms action_age=39.7ms scan_age=39.0ms scan_rx_age=16.2ms odom_age=7.1ms odom_rx_age=6.3ms sensor_skew=31.9ms loop_to_send=5.2ms
[go2:sport] DRY cmd#3623 seq=3655 v=0.895 w=-0.528 dt=39.8ms policy_zmq_lag=0.6ms action_age=39.4ms scan_age=38.8ms scan_rx_age=15.4ms odom_age=7.0ms odom_rx_age=6.2ms sensor_skew=31.8ms loop_to_send=5.1ms
[go2:sport] DRY cmd#3624 seq=3656 v=0.900 w=-0.647 dt=40.0ms policy_zmq_lag=0.6ms action_age=39.4ms scan_age=38.8ms scan_rx_age=16.1ms odom_age=6.6ms odom_rx_age=5.7ms sensor_skew=32.1ms loop_to_send=5.2ms
[go2:sport] DRY cmd#3625 seq=3657 v=0.894 w=-0.526 dt=40.2ms policy_zmq_lag=0.6ms action_age=39.7ms scan_age=39.0ms scan_rx_age=15.5ms odom_age=7.0ms odom_rx_age=6.3ms sensor_skew=32.0ms loop_to_send=5.2ms
[go2:sport] DRY cmd#3626 seq=3658 v=0.893 w=-0.564 dt=39.8ms policy_zmq_lag=0.5ms action_age=39.4ms scan_age=38.9ms scan_rx_age=15.4ms odom_age=7.1ms odom_rx_age=6.3ms sensor_skew=31.8ms loop_to_send=5.2ms
[go2:sport] DRY cmd#3627 seq=3659 v=0.900 w=-0.685 dt=40.5ms policy_zmq_lag=0.7ms action_age=39.8ms scan_age=39.1ms scan_rx_age=15.4ms odom_age=7.3ms odom_rx_age=6.5ms sensor_skew=31.8ms loop_to_send=5.3ms
[go2:sport] DRY cmd#3628 seq=3660 v=0.899 w=-0.613 dt=40.3ms policy_zmq_lag=0.7ms action_age=40.1ms scan_age=39.4ms scan_rx_age=14.8ms odom_age=7.6ms odom_rx_age=6.7ms sensor_skew=31.8ms loop_to_send=5.6ms
[go2:sport] DRY cmd#3629 seq=3661 v=0.900 w=-0.726 dt=40.2ms policy_zmq_lag=0.6ms action_age=40.4ms scan_age=39.8ms scan_rx_age=16.1ms odom_age=7.8ms odom_rx_age=6.6ms sensor_skew=32.0ms loop_to_send=5.9ms
[go2:sport] DRY cmd#3630 seq=3662 v=0.894 w=-0.606 dt=40.4ms policy_zmq_lag=0.7ms action_age=40.5ms scan_age=39.9ms scan_rx_age=16.1ms odom_age=8.2ms odom_rx_age=7.5ms sensor_skew=31.6ms loop_to_send=6.2ms
[go2:sport] DRY cmd#3631 seq=3663 v=0.894 w=-0.507 dt=40.9ms policy_zmq_lag=0.7ms action_age=41.7ms scan_age=41.0ms scan_rx_age=17.5ms odom_age=9.1ms odom_rx_age=7.5ms sensor_skew=31.9ms loop_to_send=6.7ms
[go2:sport] DRY cmd#3632 seq=3664 v=0.900 w=-0.626 dt=38.8ms policy_zmq_lag=0.7ms action_age=40.3ms scan_age=39.6ms scan_rx_age=16.2ms odom_age=8.0ms odom_rx_age=7.2ms sensor_skew=31.6ms loop_to_send=5.9ms
[go2:sport] DRY cmd#3633 seq=3665 v=0.900 w=-0.507 dt=39.8ms policy_zmq_lag=0.7ms action_age=40.2ms scan_age=39.5ms scan_rx_age=16.1ms odom_age=7.8ms odom_rx_age=7.0ms sensor_skew=31.7ms loop_to_send=5.8ms
[go2:sport] DRY cmd#3634 seq=3666 v=0.900 w=-0.626 dt=40.1ms policy_zmq_lag=0.6ms action_age=40.2ms scan_age=39.5ms scan_rx_age=15.7ms odom_age=8.0ms odom_rx_age=7.2ms sensor_skew=31.6ms loop_to_send=6.1ms
[go2:sport] DRY cmd#3635 seq=3667 v=0.894 w=-0.505 dt=40.4ms policy_zmq_lag=0.8ms action_age=44.9ms scan_age=44.1ms scan_rx_age=15.0ms odom_age=8.1ms odom_rx_age=7.1ms sensor_skew=36.0ms loop_to_send=6.0ms
[go2:sport] DRY cmd#3636 seq=3668 v=0.895 w=-0.515 dt=39.3ms policy_zmq_lag=0.6ms action_age=40.0ms scan_age=39.4ms scan_rx_age=15.5ms odom_age=7.7ms odom_rx_age=6.9ms sensor_skew=31.7ms loop_to_send=5.8ms
[go2:sport] DRY cmd#3637 seq=3669 v=0.900 w=-0.636 dt=40.4ms policy_zmq_lag=0.6ms action_age=40.5ms scan_age=39.9ms scan_rx_age=16.5ms odom_age=8.0ms odom_rx_age=7.1ms sensor_skew=31.8ms loop_to_send=5.8ms
[go2:sport] DRY cmd#3638 seq=3670 v=0.900 w=-0.518 dt=40.8ms policy_zmq_lag=0.7ms action_age=41.2ms scan_age=40.5ms scan_rx_age=16.3ms odom_age=10.7ms odom_rx_age=9.0ms sensor_skew=29.8ms loop_to_send=6.9ms
[go2:sport] DRY cmd#3639 seq=3671 v=0.900 w=-0.638 dt=39.0ms policy_zmq_lag=0.7ms action_age=40.3ms scan_age=39.6ms scan_rx_age=15.9ms odom_age=7.5ms odom_rx_age=6.5ms sensor_skew=32.2ms loop_to_send=5.7ms
[go2:sport] DRY cmd#3640 seq=3672 v=0.895 w=-0.519 dt=39.8ms policy_zmq_lag=0.6ms action_age=40.7ms scan_age=40.0ms scan_rx_age=16.0ms odom_age=7.7ms odom_rx_age=7.0ms sensor_skew=32.3ms loop_to_send=5.8ms
[go2:sport] DRY cmd#3641 seq=3673 v=0.895 w=-0.499 dt=40.0ms policy_zmq_lag=0.6ms action_age=40.0ms scan_age=39.4ms scan_rx_age=16.0ms odom_age=7.7ms odom_rx_age=6.8ms sensor_skew=31.8ms loop_to_send=5.7ms
[go2:sport] DRY cmd#3642 seq=3674 v=0.900 w=-0.619 dt=39.8ms policy_zmq_lag=0.6ms action_age=39.8ms scan_age=39.2ms scan_rx_age=16.6ms odom_age=7.4ms odom_rx_age=6.6ms sensor_skew=31.8ms loop_to_send=5.4ms
[go2:sport] DRY cmd#3643 seq=3675 v=0.895 w=-0.500 dt=39.8ms policy_zmq_lag=0.6ms action_age=39.6ms scan_age=39.1ms scan_rx_age=15.5ms odom_age=7.3ms odom_rx_age=6.6ms sensor_skew=31.7ms loop_to_send=5.5ms
[go2:sport] DRY cmd#3644 seq=3676 v=0.900 w=-0.620 dt=39.9ms policy_zmq_lag=0.6ms action_age=39.4ms scan_age=38.8ms scan_rx_age=15.0ms odom_age=7.2ms odom_rx_age=6.5ms sensor_skew=31.6ms loop_to_send=5.4ms
[go2:sport] DRY cmd#3645 seq=3677 v=0.894 w=-0.499 dt=40.7ms policy_zmq_lag=0.7ms action_age=40.1ms scan_age=39.4ms scan_rx_age=15.7ms odom_age=7.7ms odom_rx_age=6.8ms sensor_skew=31.7ms loop_to_send=5.6ms
[go2:sport] DRY cmd#3646 seq=3678 v=0.895 w=-0.496 dt=39.7ms policy_zmq_lag=0.8ms action_age=39.9ms scan_age=39.1ms scan_rx_age=15.6ms odom_age=7.4ms odom_rx_age=6.6ms sensor_skew=31.7ms loop_to_send=5.5ms
[go2:sport] DRY cmd#3647 seq=3679 v=0.900 w=-0.617 dt=40.5ms policy_zmq_lag=0.7ms action_age=40.4ms scan_age=39.7ms scan_rx_age=15.4ms odom_age=7.9ms odom_rx_age=7.0ms sensor_skew=31.7ms loop_to_send=5.8ms
[go2:sport] DRY cmd#3648 seq=3680 v=0.895 w=-0.504 dt=39.5ms policy_zmq_lag=0.8ms action_age=39.9ms scan_age=39.1ms scan_rx_age=13.4ms odom_age=7.4ms odom_rx_age=6.6ms sensor_skew=31.8ms loop_to_send=5.4ms
[go2:sport] DRY cmd#3649 seq=3681 v=0.900 w=-0.624 dt=40.2ms policy_zmq_lag=0.7ms action_age=40.0ms scan_age=39.3ms scan_rx_age=14.8ms odom_age=7.6ms odom_rx_age=6.8ms sensor_skew=31.7ms loop_to_send=5.6ms
[go2:sport] DRY cmd#3650 seq=3682 v=0.894 w=-0.560 dt=39.6ms policy_zmq_lag=0.7ms action_age=39.7ms scan_age=39.0ms scan_rx_age=13.7ms odom_age=7.4ms odom_rx_age=6.5ms sensor_skew=31.7ms loop_to_send=5.4ms
[go2:sport] DRY cmd#3651 seq=3683 v=0.894 w=-0.515 dt=40.2ms policy_zmq_lag=0.7ms action_age=39.9ms scan_age=39.2ms scan_rx_age=14.2ms odom_age=7.6ms odom_rx_age=6.7ms sensor_skew=31.6ms loop_to_send=5.5ms
[go2:sport] DRY cmd#3652 seq=3684 v=0.900 w=-0.635 dt=39.9ms policy_zmq_lag=0.6ms action_age=39.8ms scan_age=39.1ms scan_rx_age=15.0ms odom_age=7.4ms odom_rx_age=6.6ms sensor_skew=31.7ms loop_to_send=5.4ms
[go2:sport] DRY cmd#3653 seq=3685 v=0.895 w=-0.514 dt=40.1ms policy_zmq_lag=0.6ms action_age=39.8ms scan_age=39.2ms scan_rx_age=14.7ms odom_age=7.6ms odom_rx_age=6.9ms sensor_skew=31.5ms loop_to_send=5.5ms
[go2:sport] DRY cmd#3654 seq=3686 v=0.900 w=-0.391 dt=41.5ms policy_zmq_lag=0.6ms action_age=41.4ms scan_age=40.8ms scan_rx_age=18.2ms odom_age=9.0ms odom_rx_age=7.2ms sensor_skew=31.7ms loop_to_send=6.0ms
[go2:sport] DRY cmd#3655 seq=3687 v=0.894 w=-0.508 dt=38.0ms policy_zmq_lag=0.6ms action_age=39.2ms scan_age=38.6ms scan_rx_age=16.1ms odom_age=7.2ms odom_rx_age=6.4ms sensor_skew=31.5ms loop_to_send=5.4ms
[go2:sport] DRY cmd#3656 seq=3688 v=0.895 w=-0.505 dt=40.1ms policy_zmq_lag=0.6ms action_age=39.5ms scan_age=38.9ms scan_rx_age=15.1ms odom_age=7.3ms odom_rx_age=6.5ms sensor_skew=31.6ms loop_to_send=5.4ms
[go2:sport] DRY cmd#3657 seq=3689 v=0.900 w=-0.626 dt=40.2ms policy_zmq_lag=0.6ms action_age=39.7ms scan_age=39.1ms scan_rx_age=16.6ms odom_age=7.3ms odom_rx_age=6.5ms sensor_skew=31.8ms loop_to_send=5.4ms
[go2:sport] DRY cmd#3658 seq=3690 v=0.895 w=-0.506 dt=39.8ms policy_zmq_lag=0.6ms action_age=39.5ms scan_age=39.0ms scan_rx_age=16.7ms odom_age=7.3ms odom_rx_age=6.5ms sensor_skew=31.7ms loop_to_send=5.4ms
[go2:sport] DRY cmd#3659 seq=3691 v=0.894 w=-0.542 dt=40.1ms policy_zmq_lag=0.6ms action_age=39.5ms scan_age=38.9ms scan_rx_age=16.3ms odom_age=7.4ms odom_rx_age=6.5ms sensor_skew=31.6ms loop_to_send=5.4ms
[go2:sport] DRY cmd#3660 seq=3692 v=0.894 w=-0.532 dt=40.2ms policy_zmq_lag=0.6ms action_age=39.8ms scan_age=39.3ms scan_rx_age=15.7ms odom_age=7.6ms odom_rx_age=6.9ms sensor_skew=31.6ms loop_to_send=5.5ms
[go2:sport] DRY cmd#3661 seq=3693 v=0.895 w=-0.496 dt=40.0ms policy_zmq_lag=0.6ms action_age=40.0ms scan_age=39.4ms scan_rx_age=15.5ms odom_age=7.5ms odom_rx_age=6.7ms sensor_skew=31.9ms loop_to_send=5.5ms
[go2:sport] DRY cmd#3662 seq=3694 v=0.900 w=-0.616 dt=39.7ms policy_zmq_lag=0.6ms action_age=39.4ms scan_age=38.7ms scan_rx_age=15.3ms odom_age=7.3ms odom_rx_age=6.5ms sensor_skew=31.5ms loop_to_send=5.4ms
[go2:sport] DRY cmd#3663 seq=3695 v=0.895 w=-0.497 dt=40.5ms policy_zmq_lag=0.8ms action_age=40.0ms scan_age=39.2ms scan_rx_age=15.7ms odom_age=7.6ms odom_rx_age=6.8ms sensor_skew=31.6ms loop_to_send=5.6ms
[go2:sport] DRY cmd#3664 seq=3696 v=0.898 w=-0.617 dt=39.5ms policy_zmq_lag=0.6ms action_age=39.6ms scan_age=39.0ms scan_rx_age=14.9ms odom_age=7.3ms odom_rx_age=6.6ms sensor_skew=31.7ms loop_to_send=5.5ms
[go2:sport] DRY cmd#3665 seq=3697 v=0.900 w=-0.496 dt=40.2ms policy_zmq_lag=0.6ms action_age=40.4ms scan_age=39.7ms scan_rx_age=15.6ms odom_age=7.5ms odom_rx_age=6.7ms sensor_skew=32.3ms loop_to_send=5.5ms
[go2:sport] DRY cmd#3666 seq=3698 v=0.894 w=-0.495 dt=40.0ms policy_zmq_lag=0.6ms action_age=40.0ms scan_age=39.4ms scan_rx_age=16.1ms odom_age=20.8ms odom_rx_age=19.9ms sensor_skew=18.6ms loop_to_send=5.6ms
[go2:sport] DRY cmd#3667 seq=3699 v=0.900 w=-0.615 dt=40.4ms policy_zmq_lag=0.7ms action_age=40.2ms scan_age=39.6ms scan_rx_age=15.9ms odom_age=8.0ms odom_rx_age=7.1ms sensor_skew=31.6ms loop_to_send=5.9ms
[go2:sport] DRY cmd#3668 seq=3700 v=0.895 w=-0.512 dt=39.3ms policy_zmq_lag=0.6ms action_age=39.4ms scan_age=38.7ms scan_rx_age=15.4ms odom_age=7.3ms odom_rx_age=6.5ms sensor_skew=31.5ms loop_to_send=5.4ms
[go2:sport] DRY cmd#3669 seq=3701 v=0.894 w=-0.532 dt=40.5ms policy_zmq_lag=0.6ms action_age=39.9ms scan_age=39.3ms scan_rx_age=15.3ms odom_age=7.7ms odom_rx_age=7.0ms sensor_skew=31.6ms loop_to_send=5.5ms
[go2:sport] DRY cmd#3670 seq=3702 v=0.900 w=-0.651 dt=39.6ms policy_zmq_lag=0.6ms action_age=39.5ms scan_age=38.9ms scan_rx_age=15.7ms odom_age=7.3ms odom_rx_age=6.5ms sensor_skew=31.6ms loop_to_send=5.5ms
[go2:sport] DRY cmd#3671 seq=3703 v=0.895 w=-0.531 dt=40.0ms policy_zmq_lag=0.6ms action_age=39.7ms scan_age=39.1ms scan_rx_age=15.2ms odom_age=7.4ms odom_rx_age=6.6ms sensor_skew=31.6ms loop_to_send=5.5ms
[go2:sport] DRY cmd#3672 seq=3704 v=0.900 w=-0.652 dt=40.1ms policy_zmq_lag=0.6ms action_age=39.7ms scan_age=39.1ms scan_rx_age=16.5ms odom_age=7.4ms odom_rx_age=6.7ms sensor_skew=31.6ms loop_to_send=5.3ms
[go2:sport] DRY cmd#3673 seq=3705 v=0.895 w=-0.533 dt=40.7ms policy_zmq_lag=0.7ms action_age=40.4ms scan_age=39.7ms scan_rx_age=16.3ms odom_age=8.2ms odom_rx_age=7.4ms sensor_skew=31.5ms loop_to_send=6.1ms
[go2:sport] DRY cmd#3674 seq=3706 v=0.894 w=-0.555 dt=40.2ms policy_zmq_lag=0.7ms action_age=40.5ms scan_age=39.8ms scan_rx_age=16.1ms odom_age=8.3ms odom_rx_age=7.1ms sensor_skew=31.5ms loop_to_send=6.1ms
[go2:sport] DRY cmd#3675 seq=3707 v=0.900 w=-0.674 dt=39.1ms policy_zmq_lag=0.6ms action_age=39.7ms scan_age=39.2ms scan_rx_age=16.5ms odom_age=7.6ms odom_rx_age=6.8ms sensor_skew=31.6ms loop_to_send=5.4ms
[go2:sport] DRY cmd#3676 seq=3708 v=0.895 w=-0.554 dt=40.1ms policy_zmq_lag=0.6ms action_age=39.7ms scan_age=39.1ms scan_rx_age=16.3ms odom_age=7.6ms odom_rx_age=6.9ms sensor_skew=31.5ms loop_to_send=5.4ms
[go2:sport] DRY cmd#3677 seq=3709 v=0.900 w=-0.674 dt=40.0ms policy_zmq_lag=0.6ms action_age=39.8ms scan_age=39.2ms scan_rx_age=16.7ms odom_age=7.6ms odom_rx_age=6.8ms sensor_skew=31.6ms loop_to_send=5.4ms
[go2:sport] DRY cmd#3678 seq=3710 v=0.894 w=-0.554 dt=40.5ms policy_zmq_lag=0.7ms action_age=40.2ms scan_age=39.5ms scan_rx_age=15.1ms odom_age=7.9ms odom_rx_age=7.0ms sensor_skew=31.6ms loop_to_send=5.7ms
[go2:sport] DRY cmd#3679 seq=3711 v=0.894 w=-0.549 dt=39.4ms policy_zmq_lag=0.6ms action_age=39.7ms scan_age=39.1ms scan_rx_age=15.8ms odom_age=7.2ms odom_rx_age=6.5ms sensor_skew=31.9ms loop_to_send=5.4ms
[go2:sport] DRY cmd#3680 seq=3712 v=0.900 w=-0.669 dt=39.8ms policy_zmq_lag=0.6ms action_age=39.5ms scan_age=38.9ms scan_rx_age=16.5ms odom_age=7.4ms odom_rx_age=6.7ms sensor_skew=31.5ms loop_to_send=5.2ms
[go2:sport] DRY cmd#3681 seq=3713 v=0.899 w=-0.644 dt=40.0ms policy_zmq_lag=0.6ms action_age=39.6ms scan_age=39.0ms scan_rx_age=16.0ms odom_age=7.3ms odom_rx_age=6.5ms sensor_skew=31.6ms loop_to_send=5.4ms
[go2:sport] DRY cmd#3682 seq=3714 v=0.900 w=-0.731 dt=40.2ms policy_zmq_lag=0.7ms action_age=39.8ms scan_age=39.1ms scan_rx_age=15.9ms odom_age=7.6ms odom_rx_age=6.9ms sensor_skew=31.5ms loop_to_send=5.3ms
[go2:sport] DRY cmd#3683 seq=3715 v=0.894 w=-0.611 dt=40.6ms policy_zmq_lag=0.7ms action_age=40.4ms scan_age=39.7ms scan_rx_age=16.4ms odom_age=7.2ms odom_rx_age=6.2ms sensor_skew=32.6ms loop_to_send=5.7ms
[go2:sport] DRY cmd#3684 seq=3716 v=0.894 w=-0.499 dt=40.0ms policy_zmq_lag=0.6ms action_age=40.3ms scan_age=39.7ms scan_rx_age=16.4ms odom_age=8.0ms odom_rx_age=7.1ms sensor_skew=31.7ms loop_to_send=5.7ms
[go2:sport] DRY cmd#3685 seq=3717 v=0.900 w=-0.618 dt=39.8ms policy_zmq_lag=0.6ms action_age=40.2ms scan_age=39.5ms scan_rx_age=16.4ms odom_age=8.0ms odom_rx_age=7.1ms sensor_skew=31.5ms loop_to_send=5.9ms
[go2:sport] DRY cmd#3686 seq=3718 v=0.900 w=-0.497 dt=40.1ms policy_zmq_lag=0.7ms action_age=40.2ms scan_age=39.5ms scan_rx_age=15.9ms odom_age=8.1ms odom_rx_age=7.1ms sensor_skew=31.4ms loop_to_send=5.8ms
[go2:sport] DRY cmd#3687 seq=3719 v=0.900 w=-0.617 dt=40.0ms policy_zmq_lag=0.7ms action_age=40.2ms scan_age=39.5ms scan_rx_age=16.0ms odom_age=8.0ms odom_rx_age=7.1ms sensor_skew=31.5ms loop_to_send=5.8ms
[go2:sport] DRY cmd#3688 seq=3720 v=0.894 w=-0.498 dt=40.7ms policy_zmq_lag=0.8ms action_age=40.8ms scan_age=40.0ms scan_rx_age=15.0ms odom_age=8.4ms odom_rx_age=7.4ms sensor_skew=31.5ms loop_to_send=6.1ms
[go2:sport] DRY cmd#3689 seq=3721 v=0.894 w=-0.505 dt=40.1ms policy_zmq_lag=0.8ms action_age=41.0ms scan_age=40.2ms scan_rx_age=15.1ms odom_age=8.0ms odom_rx_age=6.7ms sensor_skew=32.2ms loop_to_send=6.1ms
[go2:sport] DRY cmd#3690 seq=3722 v=0.900 w=-0.623 dt=38.8ms policy_zmq_lag=0.6ms action_age=40.2ms scan_age=39.6ms scan_rx_age=15.6ms odom_age=7.6ms odom_rx_age=6.7ms sensor_skew=32.1ms loop_to_send=5.6ms
[go2:sport] DRY cmd#3691 seq=3723 v=0.899 w=-0.503 dt=40.0ms policy_zmq_lag=0.6ms action_age=39.8ms scan_age=39.2ms scan_rx_age=15.8ms odom_age=7.6ms odom_rx_age=6.0ms sensor_skew=31.6ms loop_to_send=5.6ms
[go2:sport] DRY cmd#3692 seq=3724 v=0.900 w=-0.624 dt=40.5ms policy_zmq_lag=0.6ms action_age=40.3ms scan_age=39.7ms scan_rx_age=16.2ms odom_age=8.1ms odom_rx_age=7.3ms sensor_skew=31.6ms loop_to_send=5.7ms
[go2:sport] DRY cmd#3693 seq=3725 v=0.894 w=-0.510 dt=39.7ms policy_zmq_lag=0.6ms action_age=40.0ms scan_age=39.4ms scan_rx_age=16.0ms odom_age=7.8ms odom_rx_age=7.0ms sensor_skew=31.6ms loop_to_send=5.8ms
[go2:sport] DRY cmd#3694 seq=3726 v=0.894 w=-0.506 dt=41.0ms policy_zmq_lag=0.6ms action_age=40.8ms scan_age=40.2ms scan_rx_age=17.0ms odom_age=9.5ms odom_rx_age=6.9ms sensor_skew=30.7ms loop_to_send=5.9ms
[go2:sport] DRY cmd#3695 seq=3727 v=0.900 w=-0.624 dt=39.4ms policy_zmq_lag=0.8ms action_age=40.2ms scan_age=39.4ms scan_rx_age=15.9ms odom_age=7.9ms odom_rx_age=7.0ms sensor_skew=31.5ms loop_to_send=5.8ms
[go2:sport] DRY cmd#3696 seq=3728 v=0.894 w=-0.503 dt=40.0ms policy_zmq_lag=0.6ms action_age=40.1ms scan_age=39.5ms scan_rx_age=16.5ms odom_age=8.2ms odom_rx_age=7.3ms sensor_skew=31.4ms loop_to_send=5.8ms
[go2:sport] DRY cmd#3697 seq=3729 v=0.900 w=-0.623 dt=39.8ms policy_zmq_lag=0.6ms action_age=39.9ms scan_age=39.3ms scan_rx_age=16.3ms odom_age=8.0ms odom_rx_age=7.2ms sensor_skew=31.3ms loop_to_send=5.6ms
[go2:sport] DRY cmd#3698 seq=3730 v=0.894 w=-0.506 dt=40.0ms policy_zmq_lag=0.6ms action_age=39.9ms scan_age=39.3ms scan_rx_age=16.2ms odom_age=7.9ms odom_rx_age=7.1ms sensor_skew=31.4ms loop_to_send=5.6ms
[go2:sport] DRY cmd#3699 seq=3731 v=0.895 w=-0.493 dt=40.0ms policy_zmq_lag=0.7ms action_age=40.1ms scan_age=39.5ms scan_rx_age=15.6ms odom_age=7.9ms odom_rx_age=7.1ms sensor_skew=31.6ms loop_to_send=5.5ms
[go2:sport] DRY cmd#3700 seq=3732 v=0.900 w=-0.613 dt=39.9ms policy_zmq_lag=0.7ms action_age=39.8ms scan_age=39.2ms scan_rx_age=15.4ms odom_age=7.8ms odom_rx_age=7.0ms sensor_skew=31.4ms loop_to_send=5.4ms
[go2:sport] DRY cmd#3701 seq=3733 v=0.895 w=-0.494 dt=39.9ms policy_zmq_lag=0.7ms action_age=39.8ms scan_age=39.1ms scan_rx_age=13.3ms odom_age=7.8ms odom_rx_age=7.0ms sensor_skew=31.3ms loop_to_send=5.5ms
[go2:sport] DRY cmd#3702 seq=3734 v=0.900 w=-0.614 dt=40.0ms policy_zmq_lag=0.7ms action_age=39.7ms scan_age=39.1ms scan_rx_age=15.0ms odom_age=7.7ms odom_rx_age=6.9ms sensor_skew=31.4ms loop_to_send=5.4ms
[go2:sport] DRY cmd#3703 seq=3735 v=0.894 w=-0.551 dt=40.3ms policy_zmq_lag=0.8ms action_age=40.0ms scan_age=39.2ms scan_rx_age=14.3ms odom_age=8.0ms odom_rx_age=7.1ms sensor_skew=31.2ms loop_to_send=5.5ms
[go2:sport] DRY cmd#3704 seq=3736 v=0.894 w=-0.489 dt=39.7ms policy_zmq_lag=0.8ms action_age=39.7ms scan_age=39.0ms scan_rx_age=14.1ms odom_age=7.6ms odom_rx_age=6.7ms sensor_skew=31.4ms loop_to_send=5.5ms
[go2:sport] DRY cmd#3705 seq=3737 v=0.900 w=-0.610 dt=39.7ms policy_zmq_lag=0.6ms action_age=39.5ms scan_age=38.9ms scan_rx_age=15.9ms odom_age=7.5ms odom_rx_age=6.8ms sensor_skew=31.4ms loop_to_send=5.3ms
[go2:sport] DRY cmd#3706 seq=3738 v=0.894 w=-0.507 dt=40.1ms policy_zmq_lag=0.6ms action_age=39.6ms scan_age=39.0ms scan_rx_age=16.0ms odom_age=7.6ms odom_rx_age=6.9ms sensor_skew=31.4ms loop_to_send=5.4ms
[go2:sport] DRY cmd#3707 seq=3739 v=0.900 w=-0.487 dt=39.9ms policy_zmq_lag=0.6ms action_age=39.5ms scan_age=38.9ms scan_rx_age=15.8ms odom_age=7.5ms odom_rx_age=6.8ms sensor_skew=31.4ms loop_to_send=5.3ms
[go2:sport] DRY cmd#3708 seq=3740 v=0.896 w=-0.399 dt=40.2ms policy_zmq_lag=0.7ms action_age=39.7ms scan_age=39.1ms scan_rx_age=16.0ms odom_age=7.6ms odom_rx_age=6.8ms sensor_skew=31.5ms loop_to_send=5.4ms
[go2:sport] DRY cmd#3709 seq=3741 v=0.895 w=-0.497 dt=40.0ms policy_zmq_lag=0.6ms action_age=39.8ms scan_age=39.1ms scan_rx_age=16.2ms odom_age=7.5ms odom_rx_age=6.8ms sensor_skew=31.6ms loop_to_send=5.4ms
[go2:sport] DRY cmd#3710 seq=3742 v=0.900 w=-0.617 dt=39.8ms policy_zmq_lag=0.6ms action_age=39.6ms scan_age=39.0ms scan_rx_age=15.9ms odom_age=7.5ms odom_rx_age=6.8ms sensor_skew=31.5ms loop_to_send=5.3ms
[go2:sport] DRY cmd#3711 seq=3743 v=0.894 w=-0.502 dt=40.0ms policy_zmq_lag=0.6ms action_age=39.6ms scan_age=38.9ms scan_rx_age=15.1ms odom_age=7.5ms odom_rx_age=6.8ms sensor_skew=31.4ms loop_to_send=5.3ms
[go2:sport] DRY cmd#3712 seq=3744 v=0.894 w=-0.534 dt=40.1ms policy_zmq_lag=0.6ms action_age=39.6ms scan_age=39.0ms scan_rx_age=16.1ms odom_age=7.6ms odom_rx_age=6.9ms sensor_skew=31.3ms loop_to_send=5.4ms
[go2:sport] DRY cmd#3713 seq=3745 v=0.894 w=-0.550 dt=39.9ms policy_zmq_lag=0.7ms action_age=39.6ms scan_age=38.9ms scan_rx_age=15.8ms odom_age=7.5ms odom_rx_age=6.8ms sensor_skew=31.4ms loop_to_send=5.3ms
[go2:sport] DRY cmd#3714 seq=3746 v=0.895 w=-0.503 dt=40.0ms policy_zmq_lag=0.6ms action_age=39.8ms scan_age=39.2ms scan_rx_age=15.4ms odom_age=7.5ms odom_rx_age=6.8ms sensor_skew=31.7ms loop_to_send=5.3ms
[go2:sport] DRY cmd#3715 seq=3747 v=0.900 w=-0.623 dt=40.0ms policy_zmq_lag=0.7ms action_age=40.3ms scan_age=39.6ms scan_rx_age=15.2ms odom_age=7.6ms odom_rx_age=6.9ms sensor_skew=32.0ms loop_to_send=5.4ms
[go2:sport] DRY cmd#3716 seq=3748 v=0.895 w=-0.503 dt=40.1ms policy_zmq_lag=0.7ms action_age=39.7ms scan_age=39.0ms scan_rx_age=15.6ms odom_age=7.6ms odom_rx_age=6.9ms sensor_skew=31.4ms loop_to_send=5.4ms
[go2:sport] DRY cmd#3717 seq=3749 v=0.893 w=-0.558 dt=40.0ms policy_zmq_lag=0.6ms action_age=39.6ms scan_age=39.0ms scan_rx_age=16.1ms odom_age=7.7ms odom_rx_age=6.9ms sensor_skew=31.3ms loop_to_send=5.4ms
[go2:sport] DRY cmd#3718 seq=3750 v=0.900 w=-0.438 dt=39.9ms policy_zmq_lag=0.6ms action_age=39.6ms scan_age=39.0ms scan_rx_age=16.0ms odom_age=7.5ms odom_rx_age=6.8ms sensor_skew=31.4ms loop_to_send=5.3ms
[go2:sport] DRY cmd#3719 seq=3751 v=0.895 w=-0.503 dt=40.8ms policy_zmq_lag=0.7ms action_age=40.5ms scan_age=39.8ms scan_rx_age=16.8ms odom_age=8.1ms odom_rx_age=7.1ms sensor_skew=31.7ms loop_to_send=5.7ms
[go2:sport] DRY cmd#3720 seq=3752 v=0.900 w=-0.622 dt=39.2ms policy_zmq_lag=0.6ms action_age=39.4ms scan_age=38.8ms scan_rx_age=15.5ms odom_age=7.6ms odom_rx_age=6.8ms sensor_skew=31.3ms loop_to_send=5.4ms
[go2:sport] DRY cmd#3721 seq=3753 v=0.895 w=-0.501 dt=40.1ms policy_zmq_lag=0.6ms action_age=39.5ms scan_age=39.0ms scan_rx_age=15.8ms odom_age=7.6ms odom_rx_age=6.8ms sensor_skew=31.3ms loop_to_send=5.4ms
[go2:sport] DRY cmd#3722 seq=3754 v=0.893 w=-0.557 dt=40.0ms policy_zmq_lag=0.6ms action_age=39.6ms scan_age=39.0ms scan_rx_age=15.7ms odom_age=7.6ms odom_rx_age=6.8ms sensor_skew=31.4ms loop_to_send=5.3ms
[go2:sport] DRY cmd#3723 seq=3755 v=0.900 w=-0.677 dt=39.9ms policy_zmq_lag=0.6ms action_age=39.6ms scan_age=38.9ms scan_rx_age=15.7ms odom_age=7.5ms odom_rx_age=6.8ms sensor_skew=31.4ms loop_to_send=5.3ms
[go2:sport] DRY cmd#3724 seq=3756 v=0.895 w=-0.557 dt=40.6ms policy_zmq_lag=0.8ms action_age=40.1ms scan_age=39.3ms scan_rx_age=14.4ms odom_age=8.0ms odom_rx_age=7.2ms sensor_skew=31.3ms loop_to_send=5.6ms
[go2:sport] DRY cmd#3725 seq=3757 v=0.900 w=-0.676 dt=39.4ms policy_zmq_lag=0.6ms action_age=39.4ms scan_age=38.9ms scan_rx_age=15.8ms odom_age=7.5ms odom_rx_age=6.9ms sensor_skew=31.3ms loop_to_send=5.3ms
[go2:sport] DRY cmd#3726 seq=3758 v=0.894 w=-0.556 dt=40.2ms policy_zmq_lag=0.6ms action_age=39.6ms scan_age=39.1ms scan_rx_age=16.4ms odom_age=7.8ms odom_rx_age=7.1ms sensor_skew=31.3ms loop_to_send=5.6ms
[go2:sport] DRY cmd#3727 seq=3759 v=0.894 w=-0.494 dt=39.9ms policy_zmq_lag=0.6ms action_age=39.7ms scan_age=39.1ms scan_rx_age=16.0ms odom_age=7.6ms odom_rx_age=6.8ms sensor_skew=31.5ms loop_to_send=5.4ms
[go2:sport] DRY cmd#3728 seq=3760 v=0.900 w=-0.615 dt=40.2ms policy_zmq_lag=0.6ms action_age=39.7ms scan_age=39.2ms scan_rx_age=16.2ms odom_age=7.2ms odom_rx_age=6.4ms sensor_skew=31.9ms loop_to_send=5.3ms
[go2:sport] DRY cmd#3729 seq=3761 v=0.895 w=-0.502 dt=39.8ms policy_zmq_lag=0.6ms action_age=39.6ms scan_age=39.0ms scan_rx_age=15.9ms odom_age=14.4ms odom_rx_age=13.6ms sensor_skew=24.6ms loop_to_send=5.4ms
[go2:sport] DRY cmd#3730 seq=3762 v=0.900 w=-0.622 dt=39.9ms policy_zmq_lag=0.6ms action_age=39.4ms scan_age=38.8ms scan_rx_age=15.7ms odom_age=7.6ms odom_rx_age=6.8ms sensor_skew=31.3ms loop_to_send=5.3ms
[go2:sport] DRY cmd#3731 seq=3763 v=0.895 w=-0.502 dt=40.0ms policy_zmq_lag=0.5ms action_age=39.5ms scan_age=39.0ms scan_rx_age=15.8ms odom_age=7.6ms odom_rx_age=6.8ms sensor_skew=31.4ms loop_to_send=5.4ms
[go2:sport] DRY cmd#3732 seq=3764 v=0.894 w=-0.509 dt=40.0ms policy_zmq_lag=0.6ms action_age=39.5ms scan_age=39.0ms scan_rx_age=14.1ms odom_age=7.6ms odom_rx_age=6.8ms sensor_skew=31.4ms loop_to_send=5.4ms
[go2:sport] DRY cmd#3733 seq=3765 v=0.900 w=-0.630 dt=40.2ms policy_zmq_lag=0.6ms action_age=39.7ms scan_age=39.1ms scan_rx_age=16.0ms odom_age=7.8ms odom_rx_age=7.0ms sensor_skew=31.3ms loop_to_send=5.4ms
[go2:sport] DRY cmd#3734 seq=3766 v=0.899 w=-0.637 dt=40.4ms policy_zmq_lag=0.6ms action_age=40.0ms scan_age=39.4ms scan_rx_age=14.9ms odom_age=8.2ms odom_rx_age=7.5ms sensor_skew=31.1ms loop_to_send=5.9ms
[go2:sport] DRY cmd#3735 seq=3767 v=0.900 w=-0.730 dt=40.3ms policy_zmq_lag=0.8ms action_age=40.4ms scan_age=39.6ms scan_rx_age=15.8ms odom_age=8.3ms odom_rx_age=7.4ms sensor_skew=31.4ms loop_to_send=6.1ms
[go2:sport] DRY cmd#3736 seq=3768 v=0.894 w=-0.610 dt=40.1ms policy_zmq_lag=0.8ms action_age=40.6ms scan_age=39.8ms scan_rx_age=15.4ms odom_age=8.5ms odom_rx_age=7.6ms sensor_skew=31.3ms loop_to_send=5.9ms
[go2:sport] DRY cmd#3737 seq=3769 v=0.895 w=-0.520 dt=39.3ms policy_zmq_lag=0.7ms action_age=39.9ms scan_age=39.2ms scan_rx_age=15.9ms odom_age=7.9ms odom_rx_age=7.1ms sensor_skew=31.3ms loop_to_send=5.6ms
[go2:sport] DRY cmd#3738 seq=3770 v=0.900 w=-0.640 dt=39.7ms policy_zmq_lag=0.5ms action_age=39.7ms scan_age=39.2ms scan_rx_age=15.9ms odom_age=7.7ms odom_rx_age=6.0ms sensor_skew=31.4ms loop_to_send=5.4ms
[go2:sport] DRY cmd#3739 seq=3771 v=0.899 w=-0.619 dt=39.9ms policy_zmq_lag=0.6ms action_age=39.5ms scan_age=38.9ms scan_rx_age=15.3ms odom_age=7.6ms odom_rx_age=6.9ms sensor_skew=31.3ms loop_to_send=5.3ms
[go2:sport] DRY cmd#3740 seq=3772 v=0.900 w=-0.730 dt=40.7ms policy_zmq_lag=0.7ms action_age=40.8ms scan_age=40.1ms scan_rx_age=14.6ms odom_age=7.8ms odom_rx_age=6.9ms sensor_skew=32.3ms loop_to_send=5.7ms
[go2:sport] DRY cmd#3741 seq=3773 v=0.894 w=-0.610 dt=40.1ms policy_zmq_lag=0.7ms action_age=40.4ms scan_age=39.7ms scan_rx_age=16.4ms odom_age=8.2ms odom_rx_age=7.4ms sensor_skew=31.5ms loop_to_send=5.9ms
[go2:sport] DRY cmd#3742 seq=3774 v=0.895 w=-0.504 dt=40.0ms policy_zmq_lag=0.6ms action_age=40.3ms scan_age=39.6ms scan_rx_age=16.5ms odom_age=8.3ms odom_rx_age=7.4ms sensor_skew=31.4ms loop_to_send=5.8ms
[go2:sport] DRY cmd#3743 seq=3775 v=0.900 w=-0.623 dt=39.4ms policy_zmq_lag=0.6ms action_age=39.7ms scan_age=39.1ms scan_rx_age=16.0ms odom_age=7.8ms odom_rx_age=7.0ms sensor_skew=31.3ms loop_to_send=5.5ms
[go2:sport] DRY cmd#3744 seq=3776 v=0.899 w=-0.503 dt=40.1ms policy_zmq_lag=0.7ms action_age=39.8ms scan_age=39.1ms scan_rx_age=16.0ms odom_age=7.8ms odom_rx_age=7.0ms sensor_skew=31.3ms loop_to_send=5.4ms
[go2:sport] DRY cmd#3745 seq=3777 v=0.900 w=-0.622 dt=40.0ms policy_zmq_lag=0.7ms action_age=39.7ms scan_age=39.0ms scan_rx_age=15.9ms odom_age=7.8ms odom_rx_age=7.0ms sensor_skew=31.2ms loop_to_send=5.4ms
[go2:sport] DRY cmd#3746 seq=3778 v=0.893 w=-0.573 dt=40.1ms policy_zmq_lag=0.8ms action_age=39.8ms scan_age=39.1ms scan_rx_age=16.2ms odom_age=7.8ms odom_rx_age=7.1ms sensor_skew=31.2ms loop_to_send=5.4ms
[go2:sport] DRY cmd#3747 seq=3779 v=0.894 w=-0.509 dt=40.0ms policy_zmq_lag=0.7ms action_age=39.7ms scan_age=39.1ms scan_rx_age=16.1ms odom_age=7.8ms odom_rx_age=7.1ms sensor_skew=31.2ms loop_to_send=5.5ms
[go2:sport] DRY cmd#3748 seq=3780 v=0.900 w=-0.629 dt=40.2ms policy_zmq_lag=0.6ms action_age=40.0ms scan_age=39.4ms scan_rx_age=16.3ms odom_age=8.2ms odom_rx_age=7.4ms sensor_skew=31.3ms loop_to_send=5.8ms
[go2:sport] DRY cmd#3749 seq=3781 v=0.895 w=-0.509 dt=40.1ms policy_zmq_lag=0.6ms action_age=40.1ms scan_age=39.5ms scan_rx_age=15.3ms odom_age=8.2ms odom_rx_age=7.4ms sensor_skew=31.3ms loop_to_send=5.7ms
[go2:sport] DRY cmd#3750 seq=3782 v=0.900 w=-0.629 dt=39.9ms policy_zmq_lag=0.6ms action_age=40.0ms scan_age=39.5ms scan_rx_age=16.4ms odom_age=8.2ms odom_rx_age=7.4ms sensor_skew=31.3ms loop_to_send=5.7ms
[go2:sport] DRY cmd#3751 seq=3783 v=0.894 w=-0.523 dt=39.6ms policy_zmq_lag=0.6ms action_age=39.6ms scan_age=39.1ms scan_rx_age=15.6ms odom_age=7.8ms odom_rx_age=7.1ms sensor_skew=31.3ms loop_to_send=5.4ms
[go2:sport] DRY cmd#3752 seq=3784 v=0.895 w=-0.499 dt=39.9ms policy_zmq_lag=0.6ms action_age=39.4ms scan_age=38.8ms scan_rx_age=15.4ms odom_age=7.6ms odom_rx_age=6.8ms sensor_skew=31.2ms loop_to_send=5.3ms
[go2:sport] DRY cmd#3753 seq=3785 v=0.900 w=-0.619 dt=40.3ms policy_zmq_lag=0.6ms action_age=39.9ms scan_age=39.3ms scan_rx_age=16.2ms odom_age=7.9ms odom_rx_age=7.1ms sensor_skew=31.4ms loop_to_send=5.6ms
[go2:sport] DRY cmd#3754 seq=3786 v=0.894 w=-0.499 dt=39.9ms policy_zmq_lag=0.6ms action_age=39.8ms scan_age=39.3ms scan_rx_age=15.5ms odom_age=14.6ms odom_rx_age=13.7ms sensor_skew=24.7ms loop_to_send=5.5ms
[go2:sport] DRY cmd#3755 seq=3787 v=0.900 w=-0.619 dt=39.5ms policy_zmq_lag=0.5ms action_age=39.2ms scan_age=38.7ms scan_rx_age=15.8ms odom_age=7.5ms odom_rx_age=6.8ms sensor_skew=31.1ms loop_to_send=5.2ms
[go2:sport] DRY cmd#3756 seq=3788 v=0.893 w=-0.546 dt=40.1ms policy_zmq_lag=0.5ms action_age=39.3ms scan_age=38.7ms scan_rx_age=15.8ms odom_age=7.6ms odom_rx_age=6.9ms sensor_skew=31.1ms loop_to_send=5.3ms
[go2:sport] DRY cmd#3757 seq=3789 v=0.895 w=-0.518 dt=40.0ms policy_zmq_lag=0.5ms action_age=39.5ms scan_age=38.9ms scan_rx_age=15.3ms odom_age=7.7ms odom_rx_age=6.9ms sensor_skew=31.3ms loop_to_send=5.3ms
[go2:sport] DRY cmd#3758 seq=3790 v=0.900 w=-0.638 dt=40.0ms policy_zmq_lag=0.5ms action_age=39.3ms scan_age=38.7ms scan_rx_age=16.0ms odom_age=7.6ms odom_rx_age=6.8ms sensor_skew=31.1ms loop_to_send=5.2ms
[go2:sport] DRY cmd#3759 seq=3791 v=0.894 w=-0.518 dt=40.0ms policy_zmq_lag=0.5ms action_age=39.3ms scan_age=38.8ms scan_rx_age=15.3ms odom_age=7.6ms odom_rx_age=6.9ms sensor_skew=31.1ms loop_to_send=5.2ms
[go2:sport] DRY cmd#3760 seq=3792 v=0.900 w=-0.398 dt=40.4ms policy_zmq_lag=0.8ms action_age=39.7ms scan_age=39.0ms scan_rx_age=14.7ms odom_age=7.7ms odom_rx_age=6.9ms sensor_skew=31.2ms loop_to_send=5.4ms
[go2:sport] DRY cmd#3761 seq=3793 v=0.898 w=-0.278 dt=39.9ms policy_zmq_lag=0.7ms action_age=39.7ms scan_age=39.0ms scan_rx_age=14.8ms odom_age=7.8ms odom_rx_age=6.9ms sensor_skew=31.2ms loop_to_send=5.4ms
[go2:sport] DRY cmd#3762 seq=3794 v=0.894 w=-0.398 dt=40.0ms policy_zmq_lag=0.7ms action_age=39.6ms scan_age=38.9ms scan_rx_age=14.6ms odom_age=11.0ms odom_rx_age=10.2ms sensor_skew=27.9ms loop_to_send=5.3ms
[go2:sport] DRY cmd#3763 seq=3795 v=0.900 w=-0.518 dt=40.1ms policy_zmq_lag=0.7ms action_age=39.7ms scan_age=39.0ms scan_rx_age=15.2ms odom_age=7.8ms odom_rx_age=7.0ms sensor_skew=31.2ms loop_to_send=5.4ms
[go2:sport] DRY cmd#3764 seq=3796 v=0.894 w=-0.506 dt=40.1ms policy_zmq_lag=0.8ms action_age=39.8ms scan_age=39.0ms scan_rx_age=14.8ms odom_age=7.8ms odom_rx_age=7.0ms sensor_skew=31.2ms loop_to_send=5.4ms
[go2:sport] DRY cmd#3765 seq=3797 v=0.894 w=-0.533 dt=39.9ms policy_zmq_lag=0.7ms action_age=40.1ms scan_age=39.4ms scan_rx_age=14.1ms odom_age=7.8ms odom_rx_age=7.0ms sensor_skew=31.6ms loop_to_send=5.4ms
[go2:sport] DRY cmd#3766 seq=3798 v=0.893 w=-0.535 dt=39.9ms policy_zmq_lag=0.6ms action_age=39.6ms scan_age=39.0ms scan_rx_age=16.1ms odom_age=8.0ms odom_rx_age=7.4ms sensor_skew=31.0ms loop_to_send=5.4ms
[go2:sport] DRY cmd#3767 seq=3799 v=0.895 w=-0.493 dt=40.2ms policy_zmq_lag=0.7ms action_age=39.7ms scan_age=39.0ms scan_rx_age=15.1ms odom_age=7.9ms odom_rx_age=7.1ms sensor_skew=31.1ms loop_to_send=5.5ms
[go2:sport] DRY cmd#3768 seq=3800 v=0.900 w=-0.613 dt=40.0ms policy_zmq_lag=0.7ms action_age=39.7ms scan_age=39.0ms scan_rx_age=14.9ms odom_age=7.9ms odom_rx_age=7.0ms sensor_skew=31.1ms loop_to_send=5.5ms
[go2:sport] DRY cmd#3769 seq=3801 v=0.894 w=-0.510 dt=40.2ms policy_zmq_lag=0.6ms action_age=40.0ms scan_age=39.4ms scan_rx_age=15.4ms odom_age=8.2ms odom_rx_age=7.4ms sensor_skew=31.2ms loop_to_send=5.8ms
[go2:sport] DRY cmd#3770 seq=3802 v=0.893 w=-0.556 dt=39.9ms policy_zmq_lag=0.6ms action_age=40.0ms scan_age=39.4ms scan_rx_age=16.4ms odom_age=8.2ms odom_rx_age=7.4ms sensor_skew=31.2ms loop_to_send=5.8ms
[go2:sport] DRY cmd#3771 seq=3803 v=0.900 w=-0.676 dt=39.5ms policy_zmq_lag=0.6ms action_age=39.5ms scan_age=38.9ms scan_rx_age=16.0ms odom_age=7.7ms odom_rx_age=7.0ms sensor_skew=31.2ms loop_to_send=5.3ms
[go2:sport] DRY cmd#3772 seq=3804 v=0.895 w=-0.556 dt=40.0ms policy_zmq_lag=0.6ms action_age=39.4ms scan_age=38.9ms scan_rx_age=15.6ms odom_age=7.7ms odom_rx_age=7.0ms sensor_skew=31.1ms loop_to_send=5.3ms
[go2:sport] DRY cmd#3773 seq=3805 v=0.900 w=-0.676 dt=39.9ms policy_zmq_lag=0.6ms action_age=39.4ms scan_age=38.8ms scan_rx_age=15.5ms odom_age=7.6ms odom_rx_age=6.8ms sensor_skew=31.3ms loop_to_send=5.2ms
[go2:sport] DRY cmd#3774 seq=3806 v=0.894 w=-0.556 dt=40.4ms policy_zmq_lag=0.7ms action_age=39.8ms scan_age=39.1ms scan_rx_age=15.8ms odom_age=7.9ms odom_rx_age=7.0ms sensor_skew=31.2ms loop_to_send=5.5ms
[go2:sport] DRY cmd#3775 seq=3807 v=0.894 w=-0.552 dt=40.0ms policy_zmq_lag=0.6ms action_age=39.8ms scan_age=39.1ms scan_rx_age=16.2ms odom_age=8.0ms odom_rx_age=7.2ms sensor_skew=31.1ms loop_to_send=5.5ms
[go2:sport] DRY cmd#3776 seq=3808 v=0.900 w=-0.672 dt=39.9ms policy_zmq_lag=0.6ms action_age=39.6ms scan_age=39.0ms scan_rx_age=16.2ms odom_age=7.8ms odom_rx_age=7.0ms sensor_skew=31.2ms loop_to_send=5.4ms
[go2:sport] DRY cmd#3777 seq=3809 v=0.895 w=-0.552 dt=40.1ms policy_zmq_lag=0.7ms action_age=39.6ms scan_age=39.0ms scan_rx_age=16.3ms odom_age=7.9ms odom_rx_age=7.1ms sensor_skew=31.0ms loop_to_send=5.5ms
[go2:sport] DRY cmd#3778 seq=3810 v=0.900 w=-0.672 dt=40.0ms policy_zmq_lag=0.6ms action_age=39.6ms scan_age=39.0ms scan_rx_age=16.1ms odom_age=8.0ms odom_rx_age=7.2ms sensor_skew=31.0ms loop_to_send=5.5ms
[go2:sport] DRY cmd#3779 seq=3811 v=0.894 w=-0.551 dt=40.3ms policy_zmq_lag=0.7ms action_age=39.9ms scan_age=39.3ms scan_rx_age=16.6ms odom_age=8.3ms odom_rx_age=7.2ms sensor_skew=31.0ms loop_to_send=5.7ms
[go2:sport] DRY cmd#3780 seq=3812 v=0.895 w=-0.496 dt=39.5ms policy_zmq_lag=0.6ms action_age=39.5ms scan_age=38.9ms scan_rx_age=16.0ms odom_age=7.8ms odom_rx_age=7.1ms sensor_skew=31.1ms loop_to_send=5.4ms
[go2:sport] DRY cmd#3781 seq=3813 v=0.900 w=-0.616 dt=39.8ms policy_zmq_lag=0.6ms action_age=39.3ms scan_age=38.8ms scan_rx_age=16.0ms odom_age=7.6ms odom_rx_age=6.9ms sensor_skew=31.1ms loop_to_send=5.1ms
[go2:sport] DRY cmd#3782 seq=3814 v=0.894 w=-0.517 dt=40.0ms policy_zmq_lag=0.6ms action_age=39.2ms scan_age=38.7ms scan_rx_age=15.9ms odom_age=7.6ms odom_rx_age=7.0ms sensor_skew=31.0ms loop_to_send=5.2ms
[go2:sport] DRY cmd#3783 seq=3815 v=0.900 w=-0.637 dt=40.0ms policy_zmq_lag=0.6ms action_age=39.3ms scan_age=38.7ms scan_rx_age=15.9ms odom_age=7.6ms odom_rx_age=6.9ms sensor_skew=31.1ms loop_to_send=5.1ms
[go2:sport] DRY cmd#3784 seq=3816 v=0.894 w=-0.517 dt=40.3ms policy_zmq_lag=0.6ms action_age=39.5ms scan_age=38.9ms scan_rx_age=16.2ms odom_age=7.5ms odom_rx_age=6.7ms sensor_skew=31.4ms loop_to_send=5.3ms
[go2:sport] DRY cmd#3785 seq=3817 v=0.894 w=-0.515 dt=39.8ms policy_zmq_lag=0.6ms action_age=39.4ms scan_age=38.8ms scan_rx_age=16.1ms odom_age=7.8ms odom_rx_age=7.1ms sensor_skew=31.1ms loop_to_send=5.2ms
[go2:sport] DRY cmd#3786 seq=3818 v=0.900 w=-0.635 dt=39.9ms policy_zmq_lag=0.6ms action_age=39.4ms scan_age=38.8ms scan_rx_age=15.9ms odom_age=7.6ms odom_rx_age=6.8ms sensor_skew=31.2ms loop_to_send=5.1ms
[go2:sport] DRY cmd#3787 seq=3819 v=0.900 w=-0.515 dt=40.5ms policy_zmq_lag=0.9ms action_age=39.8ms scan_age=39.0ms scan_rx_age=15.8ms odom_age=7.9ms odom_rx_age=7.1ms sensor_skew=31.1ms loop_to_send=5.4ms
[go2:sport] DRY cmd#3788 seq=3820 v=0.900 w=-0.635 dt=40.2ms policy_zmq_lag=0.6ms action_age=40.0ms scan_age=39.4ms scan_rx_age=16.3ms odom_age=8.4ms odom_rx_age=7.7ms sensor_skew=31.0ms loop_to_send=5.8ms
[go2:sport] DRY cmd#3789 seq=3821 v=0.894 w=-0.515 dt=39.5ms policy_zmq_lag=0.6ms action_age=39.6ms scan_age=39.0ms scan_rx_age=16.0ms odom_age=7.9ms odom_rx_age=7.1ms sensor_skew=31.1ms loop_to_send=5.4ms
[go2:sport] DRY cmd#3790 seq=3822 v=0.895 w=-0.507 dt=39.9ms policy_zmq_lag=0.6ms action_age=40.1ms scan_age=39.5ms scan_rx_age=16.0ms odom_age=7.8ms odom_rx_age=7.1ms sensor_skew=31.7ms loop_to_send=5.3ms
[go2:sport] DRY cmd#3791 seq=3823 v=0.900 w=-0.627 dt=40.0ms policy_zmq_lag=0.6ms action_age=39.5ms scan_age=39.0ms scan_rx_age=16.0ms odom_age=7.7ms odom_rx_age=7.0ms sensor_skew=31.2ms loop_to_send=5.3ms
[go2:sport] DRY cmd#3792 seq=3824 v=0.898 w=-0.612 dt=40.1ms policy_zmq_lag=0.7ms action_age=39.5ms scan_age=38.8ms scan_rx_age=15.9ms odom_age=7.8ms odom_rx_age=7.0ms sensor_skew=31.0ms loop_to_send=5.3ms
[go2:sport] DRY cmd#3793 seq=3825 v=0.900 w=-0.730 dt=39.8ms policy_zmq_lag=0.6ms action_age=39.3ms scan_age=38.7ms scan_rx_age=14.8ms odom_age=7.8ms odom_rx_age=7.0ms sensor_skew=31.0ms loop_to_send=5.2ms
[go2:sport] DRY cmd#3794 seq=3826 v=0.894 w=-0.610 dt=40.1ms policy_zmq_lag=0.6ms action_age=39.7ms scan_age=39.1ms scan_rx_age=15.2ms odom_age=7.9ms odom_rx_age=7.1ms sensor_skew=31.2ms loop_to_send=5.4ms
[go2:sport] DRY cmd#3795 seq=3827 v=0.894 w=-0.512 dt=39.9ms policy_zmq_lag=0.6ms action_age=39.6ms scan_age=39.0ms scan_rx_age=15.5ms odom_age=7.8ms odom_rx_age=7.0ms sensor_skew=31.2ms loop_to_send=5.3ms
[go2:sport] DRY cmd#3796 seq=3828 v=0.900 w=-0.632 dt=40.0ms policy_zmq_lag=0.6ms action_age=39.5ms scan_age=38.9ms scan_rx_age=16.2ms odom_age=7.8ms odom_rx_age=7.1ms sensor_skew=31.0ms loop_to_send=5.3ms
[go2:sport] DRY cmd#3797 seq=3829 v=0.899 w=-0.512 dt=40.0ms policy_zmq_lag=0.6ms action_age=39.6ms scan_age=39.0ms scan_rx_age=15.4ms odom_age=7.8ms odom_rx_age=7.1ms sensor_skew=31.1ms loop_to_send=5.3ms
[go2:sport] DRY cmd#3798 seq=3830 v=0.900 w=-0.632 dt=40.0ms policy_zmq_lag=0.6ms action_age=39.5ms scan_age=38.9ms scan_rx_age=16.4ms odom_age=8.0ms odom_rx_age=7.2ms sensor_skew=30.9ms loop_to_send=5.4ms
[go2:sport] DRY cmd#3799 seq=3831 v=0.893 w=-0.574 dt=39.9ms policy_zmq_lag=0.6ms action_age=39.4ms scan_age=38.8ms scan_rx_age=15.3ms odom_age=7.7ms odom_rx_age=7.0ms sensor_skew=31.1ms loop_to_send=5.2ms
[go2:sport] DRY cmd#3800 seq=3832 v=0.894 w=-0.513 dt=40.3ms policy_zmq_lag=0.7ms action_age=39.8ms scan_age=39.1ms scan_rx_age=15.8ms odom_age=8.0ms odom_rx_age=7.2ms sensor_skew=31.1ms loop_to_send=5.4ms
[go2:sport] DRY cmd#3801 seq=3833 v=0.900 w=-0.633 dt=39.9ms policy_zmq_lag=0.7ms action_age=39.5ms scan_age=38.8ms scan_rx_age=14.8ms odom_age=7.8ms odom_rx_age=7.0ms sensor_skew=31.0ms loop_to_send=5.3ms
[go2:sport] DRY cmd#3802 seq=3834 v=0.895 w=-0.515 dt=40.1ms policy_zmq_lag=0.7ms action_age=39.7ms scan_age=39.0ms scan_rx_age=13.9ms odom_age=7.9ms odom_rx_age=7.1ms sensor_skew=31.1ms loop_to_send=5.4ms
[go2:sport] DRY cmd#3803 seq=3835 v=0.900 w=-0.395 dt=39.8ms policy_zmq_lag=0.7ms action_age=39.5ms scan_age=38.8ms scan_rx_age=14.4ms odom_age=7.8ms odom_rx_age=7.0ms sensor_skew=31.0ms loop_to_send=5.2ms
[go2:sport] DRY cmd#3804 seq=3836 v=0.894 w=-0.515 dt=40.3ms policy_zmq_lag=0.8ms action_age=39.8ms scan_age=39.1ms scan_rx_age=14.8ms odom_age=8.0ms odom_rx_age=7.3ms sensor_skew=31.0ms loop_to_send=5.5ms
[go2:sport] DRY cmd#3805 seq=3837 v=0.894 w=-0.505 dt=40.1ms policy_zmq_lag=0.7ms action_age=39.9ms scan_age=39.1ms scan_rx_age=14.7ms odom_age=8.2ms odom_rx_age=7.4ms sensor_skew=30.9ms loop_to_send=5.6ms
[go2:sport] DRY cmd#3806 seq=3838 v=0.900 w=-0.625 dt=39.8ms policy_zmq_lag=0.7ms action_age=39.8ms scan_age=39.0ms scan_rx_age=15.3ms odom_age=8.1ms odom_rx_age=7.3ms sensor_skew=31.0ms loop_to_send=5.4ms
[go2:sport] DRY cmd#3807 seq=3839 v=0.895 w=-0.505 dt=40.9ms policy_zmq_lag=0.6ms action_age=40.6ms scan_age=40.0ms scan_rx_age=17.0ms odom_age=9.1ms odom_rx_age=8.4ms sensor_skew=30.9ms loop_to_send=6.5ms
[go2:sport] DRY cmd#3808 seq=3840 v=0.899 w=-0.625 dt=38.9ms policy_zmq_lag=0.6ms action_age=39.5ms scan_age=38.9ms scan_rx_age=16.0ms odom_age=7.9ms odom_rx_age=7.2ms sensor_skew=31.0ms loop_to_send=5.3ms
[go2:sport] DRY cmd#3809 seq=3841 v=0.893 w=-0.547 dt=40.9ms policy_zmq_lag=0.6ms action_age=40.3ms scan_age=39.7ms scan_rx_age=14.5ms odom_age=8.8ms odom_rx_age=7.8ms sensor_skew=30.9ms loop_to_send=6.1ms
[go2:sport] DRY cmd#3810 seq=3842 v=0.894 w=-0.517 dt=39.7ms policy_zmq_lag=0.6ms action_age=40.2ms scan_age=39.6ms scan_rx_age=15.5ms odom_age=8.4ms odom_rx_age=7.3ms sensor_skew=31.2ms loop_to_send=5.9ms
[go2:sport] DRY cmd#3811 seq=3843 v=0.900 w=-0.637 dt=40.3ms policy_zmq_lag=0.6ms action_age=40.3ms scan_age=39.7ms scan_rx_age=15.3ms odom_age=8.7ms odom_rx_age=7.7ms sensor_skew=31.0ms loop_to_send=6.0ms
[go2:sport] DRY cmd#3812 seq=3844 v=0.894 w=-0.533 dt=39.7ms policy_zmq_lag=0.6ms action_age=39.9ms scan_age=39.2ms scan_rx_age=15.9ms odom_age=8.4ms odom_rx_age=7.5ms sensor_skew=30.8ms loop_to_send=5.8ms
[go2:sport] DRY cmd#3813 seq=3845 v=0.898 w=-0.519 dt=40.2ms policy_zmq_lag=0.6ms action_age=40.2ms scan_age=39.6ms scan_rx_age=16.5ms odom_age=8.7ms odom_rx_age=7.7ms sensor_skew=30.9ms loop_to_send=5.9ms
[go2:sport] DRY cmd#3814 seq=3846 v=0.898 w=-0.399 dt=39.8ms policy_zmq_lag=0.6ms action_age=40.2ms scan_age=39.6ms scan_rx_age=16.0ms odom_age=8.5ms odom_rx_age=7.7ms sensor_skew=31.1ms loop_to_send=5.9ms
[go2:sport] DRY cmd#3815 seq=3847 v=0.895 w=-0.503 dt=39.7ms policy_zmq_lag=0.6ms action_age=40.3ms scan_age=39.7ms scan_rx_age=15.5ms odom_age=8.2ms odom_rx_age=7.4ms sensor_skew=31.5ms loop_to_send=5.6ms
[go2:sport] DRY cmd#3816 seq=3848 v=0.900 w=-0.623 dt=39.7ms policy_zmq_lag=0.6ms action_age=39.5ms scan_age=38.9ms scan_rx_age=16.4ms odom_age=8.1ms odom_rx_age=7.4ms sensor_skew=30.8ms loop_to_send=5.4ms
[go2:sport] DRY cmd#3817 seq=3849 v=0.895 w=-0.503 dt=40.2ms policy_zmq_lag=0.6ms action_age=39.9ms scan_age=39.2ms scan_rx_age=15.7ms odom_age=8.2ms odom_rx_age=7.5ms sensor_skew=31.0ms loop_to_send=5.5ms
[go2:sport] DRY cmd#3818 seq=3850 v=0.894 w=-0.540 dt=40.0ms policy_zmq_lag=0.6ms action_age=39.8ms scan_age=39.1ms scan_rx_age=16.4ms odom_age=8.2ms odom_rx_age=7.5ms sensor_skew=30.9ms loop_to_send=5.6ms
[go2:sport] DRY cmd#3819 seq=3851 v=0.894 w=-0.530 dt=39.8ms policy_zmq_lag=0.6ms action_age=39.6ms scan_age=38.9ms scan_rx_age=14.4ms odom_age=8.1ms odom_rx_age=7.3ms sensor_skew=30.9ms loop_to_send=5.4ms
[go2:sport] DRY cmd#3820 seq=3852 v=0.895 w=-0.487 dt=40.1ms policy_zmq_lag=0.6ms action_age=39.7ms scan_age=39.1ms scan_rx_age=15.5ms odom_age=8.2ms odom_rx_age=7.4ms sensor_skew=30.9ms loop_to_send=5.5ms
[go2:sport] DRY cmd#3821 seq=3853 v=0.900 w=-0.607 dt=39.9ms policy_zmq_lag=0.6ms action_age=39.6ms scan_age=39.0ms scan_rx_age=15.5ms odom_age=8.0ms odom_rx_age=7.3ms sensor_skew=31.0ms loop_to_send=5.4ms
[go2:sport] DRY cmd#3822 seq=3854 v=0.895 w=-0.509 dt=40.1ms policy_zmq_lag=0.6ms action_age=39.6ms scan_age=38.9ms scan_rx_age=16.0ms odom_age=8.1ms odom_rx_age=7.3ms sensor_skew=30.8ms loop_to_send=5.5ms
[go2:sport] DRY cmd#3823 seq=3855 v=0.894 w=-0.551 dt=39.9ms policy_zmq_lag=0.6ms action_age=39.7ms scan_age=39.0ms scan_rx_age=15.6ms odom_age=8.0ms odom_rx_age=7.2ms sensor_skew=31.0ms loop_to_send=5.4ms
[go2:sport] DRY cmd#3824 seq=3856 v=0.900 w=-0.671 dt=40.0ms policy_zmq_lag=0.6ms action_age=39.5ms scan_age=38.8ms scan_rx_age=15.7ms odom_age=8.1ms odom_rx_age=7.3ms sensor_skew=30.8ms loop_to_send=5.4ms
[go2:sport] DRY cmd#3825 seq=3857 v=0.895 w=-0.551 dt=39.8ms policy_zmq_lag=0.6ms action_age=39.3ms scan_age=38.7ms scan_rx_age=15.8ms odom_age=7.9ms odom_rx_age=7.2ms sensor_skew=30.8ms loop_to_send=5.3ms
[go2:sport] DRY cmd#3826 seq=3858 v=0.900 w=-0.671 dt=40.2ms policy_zmq_lag=0.6ms action_age=39.6ms scan_age=38.9ms scan_rx_age=16.2ms odom_age=8.0ms odom_rx_age=7.3ms sensor_skew=30.9ms loop_to_send=5.4ms
[go2:sport] DRY cmd#3827 seq=3859 v=0.894 w=-0.551 dt=39.9ms policy_zmq_lag=0.6ms action_age=39.5ms scan_age=38.9ms scan_rx_age=16.3ms odom_age=8.0ms odom_rx_age=7.2ms sensor_skew=30.9ms loop_to_send=5.3ms
[go2:sport] DRY cmd#3828 seq=3860 v=0.893 w=-0.566 dt=40.6ms policy_zmq_lag=0.6ms action_age=40.1ms scan_age=39.5ms scan_rx_age=15.3ms odom_age=8.6ms odom_rx_age=7.9ms sensor_skew=30.9ms loop_to_send=5.9ms
[go2:sport] DRY cmd#3829 seq=3861 v=0.900 w=-0.686 dt=39.5ms policy_zmq_lag=0.6ms action_age=39.7ms scan_age=39.0ms scan_rx_age=15.9ms odom_age=8.0ms odom_rx_age=7.3ms sensor_skew=31.0ms loop_to_send=5.4ms
[go2:sport] DRY cmd#3830 seq=3862 v=0.897 w=-0.567 dt=39.9ms policy_zmq_lag=0.6ms action_age=39.6ms scan_age=39.0ms scan_rx_age=15.3ms odom_age=8.0ms odom_rx_age=7.2ms sensor_skew=30.9ms loop_to_send=5.3ms
[go2:sport] DRY cmd#3831 seq=3863 v=0.900 w=-0.687 dt=40.0ms policy_zmq_lag=0.6ms action_age=39.5ms scan_age=38.9ms scan_rx_age=16.0ms odom_age=8.0ms odom_rx_age=7.2ms sensor_skew=30.8ms loop_to_send=5.4ms
[go2:sport] DRY cmd#3832 seq=3864 v=0.894 w=-0.566 dt=40.3ms policy_zmq_lag=0.7ms action_age=39.9ms scan_age=39.2ms scan_rx_age=15.8ms odom_age=11.6ms odom_rx_age=10.8ms sensor_skew=27.5ms loop_to_send=5.6ms
[go2:sport] DRY cmd#3833 seq=3865 v=0.894 w=-0.491 dt=39.5ms policy_zmq_lag=0.6ms action_age=39.5ms scan_age=38.9ms scan_rx_age=16.0ms odom_age=7.9ms odom_rx_age=7.1ms sensor_skew=31.0ms loop_to_send=5.2ms
[go2:sport] DRY cmd#3834 seq=3866 v=0.900 w=-0.611 dt=40.1ms policy_zmq_lag=0.6ms action_age=39.6ms scan_age=38.9ms scan_rx_age=16.2ms odom_age=8.1ms odom_rx_age=7.4ms sensor_skew=30.8ms loop_to_send=5.4ms
[go2:sport] DRY cmd#3835 seq=3867 v=0.898 w=-0.574 dt=39.8ms policy_zmq_lag=0.6ms action_age=39.3ms scan_age=38.6ms scan_rx_age=16.1ms odom_age=7.8ms odom_rx_age=7.0ms sensor_skew=30.8ms loop_to_send=5.1ms
[go2:sport] DRY cmd#3836 seq=3868 v=0.900 w=-0.694 dt=40.2ms policy_zmq_lag=0.6ms action_age=39.5ms scan_age=38.9ms scan_rx_age=16.3ms odom_age=8.0ms odom_rx_age=7.2ms sensor_skew=30.9ms loop_to_send=5.3ms
[go2:sport] DRY cmd#3837 seq=3869 v=0.894 w=-0.574 dt=40.2ms policy_zmq_lag=0.7ms action_age=39.8ms scan_age=39.1ms scan_rx_age=16.2ms odom_age=8.1ms odom_rx_age=7.2ms sensor_skew=31.0ms loop_to_send=5.5ms
[go2:sport] DRY cmd#3838 seq=3870 v=0.894 w=-0.504 dt=40.0ms policy_zmq_lag=0.7ms action_age=39.6ms scan_age=38.9ms scan_rx_age=15.8ms odom_age=8.1ms odom_rx_age=7.3ms sensor_skew=30.8ms loop_to_send=5.5ms
[go2:sport] DRY cmd#3839 seq=3871 v=0.900 w=-0.624 dt=39.6ms policy_zmq_lag=0.6ms action_age=39.3ms scan_age=38.7ms scan_rx_age=16.0ms odom_age=7.9ms odom_rx_age=7.2ms sensor_skew=30.8ms loop_to_send=5.2ms
[go2:sport] DRY cmd#3840 seq=3872 v=0.899 w=-0.504 dt=40.0ms policy_zmq_lag=0.6ms action_age=39.9ms scan_age=39.3ms scan_rx_age=15.6ms odom_age=8.0ms odom_rx_age=7.3ms sensor_skew=31.4ms loop_to_send=5.2ms
[go2:sport] DRY cmd#3841 seq=3873 v=0.900 w=-0.624 dt=40.0ms policy_zmq_lag=0.6ms action_age=39.3ms scan_age=38.7ms scan_rx_age=16.3ms odom_age=7.9ms odom_rx_age=7.1ms sensor_skew=30.9ms loop_to_send=5.2ms
[go2:sport] DRY cmd#3842 seq=3874 v=0.894 w=-0.506 dt=40.1ms policy_zmq_lag=0.6ms action_age=39.4ms scan_age=38.8ms scan_rx_age=15.9ms odom_age=8.0ms odom_rx_age=7.2ms sensor_skew=30.8ms loop_to_send=5.3ms
[go2:sport] DRY cmd#3843 seq=3875 v=0.894 w=-0.513 dt=40.0ms policy_zmq_lag=0.6ms action_age=39.6ms scan_age=39.0ms scan_rx_age=15.7ms odom_age=8.1ms odom_rx_age=7.4ms sensor_skew=31.0ms loop_to_send=5.3ms
[go2:sport] DRY cmd#3844 seq=3876 v=0.900 w=-0.633 dt=39.8ms policy_zmq_lag=0.6ms action_age=39.2ms scan_age=38.7ms scan_rx_age=16.3ms odom_age=7.8ms odom_rx_age=6.9ms sensor_skew=30.9ms loop_to_send=5.2ms
[go2:sport] DRY cmd#3845 seq=3877 v=0.895 w=-0.513 dt=40.3ms policy_zmq_lag=0.6ms action_age=39.7ms scan_age=39.1ms scan_rx_age=15.8ms odom_age=8.1ms odom_rx_age=7.3ms sensor_skew=31.0ms loop_to_send=5.4ms
[go2:sport] DRY cmd#3846 seq=3878 v=0.900 w=-0.633 dt=40.5ms policy_zmq_lag=0.6ms action_age=40.0ms scan_age=39.4ms scan_rx_age=16.3ms odom_age=8.6ms odom_rx_age=7.9ms sensor_skew=30.7ms loop_to_send=5.9ms
[go2:sport] DRY cmd#3847 seq=3879 v=0.894 w=-0.513 dt=39.6ms policy_zmq_lag=0.7ms action_age=39.7ms scan_age=39.1ms scan_rx_age=16.1ms odom_age=8.2ms odom_rx_age=7.4ms sensor_skew=30.9ms loop_to_send=5.4ms
[go2:sport] DRY cmd#3848 seq=3880 v=0.894 w=-0.517 dt=39.9ms policy_zmq_lag=0.6ms action_age=39.7ms scan_age=39.1ms scan_rx_age=15.7ms odom_age=8.2ms odom_rx_age=7.4ms sensor_skew=30.9ms loop_to_send=5.4ms
[go2:sport] DRY cmd#3849 seq=3881 v=0.900 w=-0.637 dt=40.1ms policy_zmq_lag=0.6ms action_age=39.7ms scan_age=39.1ms scan_rx_age=15.8ms odom_age=8.1ms odom_rx_age=7.2ms sensor_skew=30.9ms loop_to_send=5.4ms
[go2:sport] DRY cmd#3850 seq=3882 v=0.896 w=-0.517 dt=40.0ms policy_zmq_lag=0.6ms action_age=39.5ms scan_age=38.9ms scan_rx_age=15.6ms odom_age=8.2ms odom_rx_age=7.4ms sensor_skew=30.7ms loop_to_send=5.4ms
[go2:sport] DRY cmd#3851 seq=3883 v=0.900 w=-0.637 dt=39.9ms policy_zmq_lag=0.6ms action_age=39.5ms scan_age=38.9ms scan_rx_age=16.3ms odom_age=8.1ms odom_rx_age=7.4ms sensor_skew=30.7ms loop_to_send=5.3ms
[go2:sport] DRY cmd#3852 seq=3884 v=0.894 w=-0.564 dt=39.9ms policy_zmq_lag=0.6ms action_age=39.5ms scan_age=38.9ms scan_rx_age=16.5ms odom_age=8.1ms odom_rx_age=7.3ms sensor_skew=30.8ms loop_to_send=5.3ms
[go2:sport] DRY cmd#3853 seq=3885 v=0.894 w=-0.518 dt=40.1ms policy_zmq_lag=0.6ms action_age=39.7ms scan_age=39.1ms scan_rx_age=16.6ms odom_age=8.2ms odom_rx_age=7.5ms sensor_skew=30.8ms loop_to_send=5.4ms
[go2:sport] DRY cmd#3854 seq=3886 v=0.900 w=-0.638 dt=40.0ms policy_zmq_lag=0.6ms action_age=39.7ms scan_age=39.1ms scan_rx_age=16.6ms odom_age=8.3ms odom_rx_age=7.6ms sensor_skew=30.8ms loop_to_send=5.4ms
[go2:sport] DRY cmd#3855 seq=3887 v=0.895 w=-0.518 dt=40.0ms policy_zmq_lag=0.6ms action_age=39.7ms scan_age=39.1ms scan_rx_age=16.6ms odom_age=8.3ms odom_rx_age=7.5ms sensor_skew=30.8ms loop_to_send=5.4ms
[go2:sport] DRY cmd#3856 seq=3888 v=0.900 w=-0.398 dt=40.0ms policy_zmq_lag=0.6ms action_age=39.6ms scan_age=39.0ms scan_rx_age=15.8ms odom_age=8.3ms odom_rx_age=7.5ms sensor_skew=30.7ms loop_to_send=5.5ms
[go2:sport] DRY cmd#3857 seq=3889 v=0.894 w=-0.518 dt=40.0ms policy_zmq_lag=0.6ms action_age=39.7ms scan_age=39.1ms scan_rx_age=16.0ms odom_age=8.1ms odom_rx_age=7.2ms sensor_skew=30.9ms loop_to_send=5.4ms
[go2:sport] DRY cmd#3858 seq=3890 v=0.895 w=-0.496 dt=40.1ms policy_zmq_lag=0.6ms action_age=39.9ms scan_age=39.3ms scan_rx_age=15.6ms odom_age=8.3ms odom_rx_age=7.6ms sensor_skew=31.0ms loop_to_send=5.5ms
[go2:sport] DRY cmd#3859 seq=3891 v=0.900 w=-0.616 dt=39.8ms policy_zmq_lag=0.6ms action_age=39.5ms scan_age=38.9ms scan_rx_age=15.9ms odom_age=8.0ms odom_rx_age=7.1ms sensor_skew=30.9ms loop_to_send=5.3ms
[go2:sport] DRY cmd#3860 seq=3892 v=0.895 w=-0.508 dt=40.2ms policy_zmq_lag=0.6ms action_age=39.6ms scan_age=39.0ms scan_rx_age=15.8ms odom_age=8.3ms odom_rx_age=7.5ms sensor_skew=30.7ms loop_to_send=5.5ms
[go2:sport] DRY cmd#3861 seq=3893 v=0.895 w=-0.628 dt=40.4ms policy_zmq_lag=0.6ms action_age=40.0ms scan_age=39.4ms scan_rx_age=15.9ms odom_age=8.7ms odom_rx_age=7.9ms sensor_skew=30.8ms loop_to_send=5.9ms
[go2:sport] DRY cmd#3862 seq=3894 v=0.893 w=-0.543 dt=41.0ms policy_zmq_lag=0.7ms action_age=41.1ms scan_age=40.4ms scan_rx_age=17.9ms odom_age=9.7ms odom_rx_age=8.9ms sensor_skew=30.8ms loop_to_send=6.8ms
[go2:sport] DRY cmd#3863 seq=3895 v=0.894 w=-0.505 dt=39.0ms policy_zmq_lag=0.6ms action_age=40.7ms scan_age=40.1ms scan_rx_age=16.1ms odom_age=8.6ms odom_rx_age=7.9ms sensor_skew=31.4ms loop_to_send=5.9ms
[go2:sport] DRY cmd#3864 seq=3896 v=0.900 w=-0.625 dt=40.4ms policy_zmq_lag=0.7ms action_age=40.5ms scan_age=39.7ms scan_rx_age=16.2ms odom_age=8.8ms odom_rx_age=7.8ms sensor_skew=31.0ms loop_to_send=6.1ms
[go2:sport] DRY cmd#3865 seq=3897 v=0.894 w=-0.513 dt=39.7ms policy_zmq_lag=0.6ms action_age=40.7ms scan_age=40.1ms scan_rx_age=16.1ms odom_age=8.7ms odom_rx_age=7.9ms sensor_skew=31.3ms loop_to_send=5.7ms
[go2:sport] DRY cmd#3866 seq=3898 v=0.898 w=-0.559 dt=40.0ms policy_zmq_lag=0.6ms action_age=40.1ms scan_age=39.5ms scan_rx_age=17.0ms odom_age=8.8ms odom_rx_age=8.0ms sensor_skew=30.7ms loop_to_send=5.9ms
[go2:sport] DRY cmd#3867 seq=3899 v=0.900 w=-0.588 dt=40.0ms policy_zmq_lag=0.7ms action_age=40.1ms scan_age=39.4ms scan_rx_age=16.3ms odom_age=8.8ms odom_rx_age=7.9ms sensor_skew=30.7ms loop_to_send=5.9ms
[go2:sport] DRY cmd#3868 seq=3900 v=0.895 w=-0.529 dt=40.1ms policy_zmq_lag=0.6ms action_age=40.3ms scan_age=39.6ms scan_rx_age=17.0ms odom_age=8.8ms odom_rx_age=7.9ms sensor_skew=30.8ms loop_to_send=6.0ms
[go2:sport] DRY cmd#3869 seq=3901 v=0.900 w=-0.649 dt=40.0ms policy_zmq_lag=0.7ms action_age=40.3ms scan_age=39.6ms scan_rx_age=16.6ms odom_age=8.9ms odom_rx_age=7.9ms sensor_skew=30.7ms loop_to_send=6.0ms
[go2:sport] DRY cmd#3870 seq=3902 v=0.894 w=-0.529 dt=40.0ms policy_zmq_lag=0.7ms action_age=40.3ms scan_age=39.6ms scan_rx_age=15.9ms odom_age=8.9ms odom_rx_age=7.9ms sensor_skew=30.8ms loop_to_send=5.9ms
[go2:sport] DRY cmd#3871 seq=3903 v=0.894 w=-0.538 dt=40.2ms policy_zmq_lag=0.7ms action_age=40.4ms scan_age=39.7ms scan_rx_age=15.5ms odom_age=8.8ms odom_rx_age=7.8ms sensor_skew=30.9ms loop_to_send=6.1ms
[go2:sport] DRY cmd#3872 seq=3904 v=0.898 w=-0.418 dt=39.7ms policy_zmq_lag=0.8ms action_age=40.1ms scan_age=39.4ms scan_rx_age=14.5ms odom_age=8.3ms odom_rx_age=7.3ms sensor_skew=31.1ms loop_to_send=5.7ms
[go2:sport] DRY cmd#3873 seq=3905 v=0.895 w=-0.494 dt=40.9ms policy_zmq_lag=0.6ms action_age=41.0ms scan_age=40.4ms scan_rx_age=16.2ms odom_age=9.5ms odom_rx_age=6.9ms sensor_skew=30.9ms loop_to_send=6.1ms
[go2:sport] DRY cmd#3874 seq=3906 v=0.900 w=-0.612 dt=39.1ms policy_zmq_lag=0.6ms action_age=40.1ms scan_age=39.5ms scan_rx_age=16.6ms odom_age=8.8ms odom_rx_age=7.9ms sensor_skew=30.7ms loop_to_send=5.9ms
[go2:sport] DRY cmd#3875 seq=3907 v=0.895 w=-0.497 dt=40.0ms policy_zmq_lag=0.6ms action_age=40.1ms scan_age=39.4ms scan_rx_age=15.9ms odom_age=8.8ms odom_rx_age=7.9ms sensor_skew=30.7ms loop_to_send=5.9ms
[go2:sport] DRY cmd#3876 seq=3908 v=0.894 w=-0.555 dt=40.6ms policy_zmq_lag=1.1ms action_age=40.7ms scan_age=39.6ms scan_rx_age=16.2ms odom_age=7.7ms odom_rx_age=6.8ms sensor_skew=31.9ms loop_to_send=6.2ms
[go2:sport] DRY cmd#3877 seq=3909 v=0.900 w=-0.676 dt=40.0ms policy_zmq_lag=0.6ms action_age=40.6ms scan_age=39.9ms scan_rx_age=16.8ms odom_age=8.7ms odom_rx_age=7.4ms sensor_skew=31.2ms loop_to_send=6.0ms
[go2:sport] DRY cmd#3878 seq=3910 v=0.895 w=-0.558 dt=38.9ms policy_zmq_lag=0.6ms action_age=39.6ms scan_age=39.0ms scan_rx_age=15.9ms odom_age=8.2ms odom_rx_age=7.5ms sensor_skew=30.7ms loop_to_send=5.5ms
[go2:sport] DRY cmd#3879 seq=3911 v=0.900 w=-0.678 dt=40.1ms policy_zmq_lag=0.6ms action_age=39.7ms scan_age=39.1ms scan_rx_age=15.8ms odom_age=7.9ms odom_rx_age=6.9ms sensor_skew=31.2ms loop_to_send=5.5ms
[go2:sport] DRY cmd#3880 seq=3912 v=0.894 w=-0.558 dt=40.0ms policy_zmq_lag=0.6ms action_age=39.6ms scan_age=39.0ms scan_rx_age=15.8ms odom_age=8.4ms odom_rx_age=7.7ms sensor_skew=30.6ms loop_to_send=5.5ms
[go2:sport] DRY cmd#3881 seq=3913 v=0.894 w=-0.528 dt=40.0ms policy_zmq_lag=0.6ms action_age=39.6ms scan_age=39.0ms scan_rx_age=16.0ms odom_age=8.4ms odom_rx_age=7.7ms sensor_skew=30.6ms loop_to_send=5.5ms
[go2:sport] DRY cmd#3882 seq=3914 v=0.900 w=-0.648 dt=40.3ms policy_zmq_lag=0.7ms action_age=40.0ms scan_age=39.3ms scan_rx_age=16.6ms odom_age=8.6ms odom_rx_age=7.8ms sensor_skew=30.7ms loop_to_send=5.7ms
[go2:sport] DRY cmd#3883 seq=3915 v=0.897 w=-0.528 dt=39.7ms policy_zmq_lag=0.6ms action_age=39.7ms scan_age=39.1ms scan_rx_age=15.7ms odom_age=8.5ms odom_rx_age=7.7ms sensor_skew=30.6ms loop_to_send=5.5ms
[go2:sport] DRY cmd#3884 seq=3916 v=0.900 w=-0.648 dt=40.0ms policy_zmq_lag=0.6ms action_age=39.7ms scan_age=39.1ms scan_rx_age=16.0ms odom_age=8.5ms odom_rx_age=7.7ms sensor_skew=30.7ms loop_to_send=5.5ms
[go2:sport] DRY cmd#3885 seq=3917 v=0.894 w=-0.528 dt=39.9ms policy_zmq_lag=0.6ms action_age=39.5ms scan_age=38.9ms scan_rx_age=15.9ms odom_age=8.3ms odom_rx_age=7.5ms sensor_skew=30.6ms loop_to_send=5.4ms
[go2:sport] DRY cmd#3886 seq=3918 v=0.895 w=-0.509 dt=40.4ms policy_zmq_lag=0.8ms action_age=40.0ms scan_age=39.2ms scan_rx_age=13.6ms odom_age=8.5ms odom_rx_age=7.6ms sensor_skew=30.7ms loop_to_send=5.6ms
[go2:sport] DRY cmd#3887 seq=3919 v=0.900 w=-0.629 dt=39.7ms policy_zmq_lag=0.6ms action_age=39.6ms scan_age=38.9ms scan_rx_age=15.3ms odom_age=8.4ms odom_rx_age=7.5ms sensor_skew=30.6ms loop_to_send=5.5ms
[go2:sport] DRY cmd#3888 seq=3920 v=0.898 w=-0.543 dt=40.7ms policy_zmq_lag=0.6ms action_age=40.4ms scan_age=39.7ms scan_rx_age=16.5ms odom_age=9.1ms odom_rx_age=8.3ms sensor_skew=30.6ms loop_to_send=6.1ms
[go2:sport] DRY cmd#3889 seq=3921 v=0.900 w=-0.663 dt=40.0ms policy_zmq_lag=0.9ms action_age=40.3ms scan_age=39.4ms scan_rx_age=16.2ms odom_age=8.9ms odom_rx_age=8.0ms sensor_skew=30.5ms loop_to_send=5.9ms
[go2:sport] DRY cmd#3890 seq=3922 v=0.894 w=-0.543 dt=39.2ms policy_zmq_lag=0.6ms action_age=40.2ms scan_age=39.6ms scan_rx_age=15.7ms odom_age=8.3ms odom_rx_age=7.6ms sensor_skew=31.3ms loop_to_send=5.4ms
[go2:sport] DRY cmd#3891 seq=3923 v=0.894 w=-0.509 dt=40.0ms policy_zmq_lag=0.6ms action_age=39.5ms scan_age=38.9ms scan_rx_age=15.9ms odom_age=8.4ms odom_rx_age=7.6ms sensor_skew=30.6ms loop_to_send=5.4ms
[go2:sport] DRY cmd#3892 seq=3924 v=0.900 w=-0.629 dt=40.0ms policy_zmq_lag=0.6ms action_age=39.6ms scan_age=39.0ms scan_rx_age=16.0ms odom_age=8.4ms odom_rx_age=7.7ms sensor_skew=30.6ms loop_to_send=5.5ms
[go2:sport] DRY cmd#3893 seq=3925 v=0.899 w=-0.509 dt=40.4ms policy_zmq_lag=0.7ms action_age=40.1ms scan_age=39.5ms scan_rx_age=15.7ms odom_age=8.7ms odom_rx_age=7.9ms sensor_skew=30.7ms loop_to_send=5.8ms
[go2:sport] DRY cmd#3894 seq=3926 v=0.900 w=-0.629 dt=39.9ms policy_zmq_lag=0.7ms action_age=39.8ms scan_age=39.2ms scan_rx_age=16.8ms odom_age=8.5ms odom_rx_age=7.6ms sensor_skew=30.7ms loop_to_send=5.6ms
[go2:sport] DRY cmd#3895 seq=3927 v=0.895 w=-0.509 dt=39.9ms policy_zmq_lag=0.7ms action_age=39.7ms scan_age=39.0ms scan_rx_age=14.6ms odom_age=8.5ms odom_rx_age=7.7ms sensor_skew=30.5ms loop_to_send=5.5ms
[go2:sport] DRY cmd#3896 seq=3928 v=0.894 w=-0.506 dt=40.6ms policy_zmq_lag=0.7ms action_age=40.3ms scan_age=39.6ms scan_rx_age=15.4ms odom_age=9.2ms odom_rx_age=8.3ms sensor_skew=30.4ms loop_to_send=6.0ms
[go2:sport] DRY cmd#3897 seq=3929 v=0.900 w=-0.626 dt=39.2ms policy_zmq_lag=0.6ms action_age=39.6ms scan_age=39.0ms scan_rx_age=15.8ms odom_age=8.5ms odom_rx_age=7.7ms sensor_skew=30.5ms loop_to_send=5.5ms
[go2:sport] DRY cmd#3898 seq=3930 v=0.895 w=-0.510 dt=40.3ms policy_zmq_lag=0.7ms action_age=39.9ms scan_age=39.2ms scan_rx_age=13.6ms odom_age=8.7ms odom_rx_age=7.8ms sensor_skew=30.5ms loop_to_send=5.7ms
[go2:sport] DRY cmd#3899 seq=3931 v=0.900 w=-0.630 dt=39.9ms policy_zmq_lag=0.7ms action_age=39.9ms scan_age=39.2ms scan_rx_age=14.7ms odom_age=8.6ms odom_rx_age=7.7ms sensor_skew=30.6ms loop_to_send=5.6ms
[go2:sport] DRY cmd#3900 seq=3932 v=0.895 w=-0.510 dt=39.7ms policy_zmq_lag=0.6ms action_age=39.5ms scan_age=38.9ms scan_rx_age=15.6ms odom_age=8.4ms odom_rx_age=7.7ms sensor_skew=30.5ms loop_to_send=5.4ms
[go2:sport] DRY cmd#3901 seq=3933 v=0.894 w=-0.508 dt=40.5ms policy_zmq_lag=0.8ms action_age=40.0ms scan_age=39.3ms scan_rx_age=15.8ms odom_age=8.6ms odom_rx_age=7.8ms sensor_skew=30.7ms loop_to_send=5.7ms
[go2:sport] DRY cmd#3902 seq=3934 v=0.900 w=-0.628 dt=41.1ms policy_zmq_lag=0.7ms action_age=41.0ms scan_age=40.3ms scan_rx_age=17.8ms odom_age=9.8ms odom_rx_age=9.1ms sensor_skew=30.5ms loop_to_send=6.8ms
[go2:sport] DRY cmd#3903 seq=3935 v=0.895 w=-0.534 dt=39.3ms policy_zmq_lag=0.7ms action_age=40.4ms scan_age=39.7ms scan_rx_age=15.6ms odom_age=9.1ms odom_rx_age=8.3ms sensor_skew=30.6ms loop_to_send=6.0ms
[go2:sport] DRY cmd#3904 seq=3936 v=0.900 w=-0.654 dt=40.1ms policy_zmq_lag=0.7ms action_age=40.5ms scan_age=39.8ms scan_rx_age=16.3ms odom_age=9.1ms odom_rx_age=8.2ms sensor_skew=30.7ms loop_to_send=6.1ms
[go2:sport] DRY cmd#3905 seq=3937 v=0.893 w=-0.549 dt=39.6ms policy_zmq_lag=0.8ms action_age=40.2ms scan_age=39.4ms scan_rx_age=13.7ms odom_age=8.7ms odom_rx_age=7.7ms sensor_skew=30.7ms loop_to_send=5.7ms
[go2:sport] DRY cmd#3906 seq=3938 v=0.894 w=-0.501 dt=39.6ms policy_zmq_lag=0.6ms action_age=39.2ms scan_age=38.6ms scan_rx_age=15.6ms odom_age=8.6ms odom_rx_age=7.8ms sensor_skew=30.0ms loop_to_send=5.6ms
[go2:sport] DRY cmd#3907 seq=3939 v=0.900 w=-0.621 dt=39.9ms policy_zmq_lag=0.6ms action_age=39.6ms scan_age=39.0ms scan_rx_age=16.7ms odom_age=8.5ms odom_rx_age=7.7ms sensor_skew=30.5ms loop_to_send=5.5ms
[go2:sport] DRY cmd#3908 seq=3940 v=0.895 w=-0.501 dt=39.9ms policy_zmq_lag=0.6ms action_age=39.5ms scan_age=38.9ms scan_rx_age=15.8ms odom_age=8.5ms odom_rx_age=7.7ms sensor_skew=30.4ms loop_to_send=5.4ms
[go2:sport] DRY cmd#3909 seq=3941 v=0.900 w=-0.381 dt=40.0ms policy_zmq_lag=0.6ms action_age=39.7ms scan_age=39.1ms scan_rx_age=15.7ms odom_age=8.5ms odom_rx_age=7.7ms sensor_skew=30.6ms loop_to_send=5.4ms
[go2:sport] DRY cmd#3910 seq=3942 v=0.894 w=-0.501 dt=40.0ms policy_zmq_lag=0.6ms action_age=39.6ms scan_age=38.9ms scan_rx_age=15.9ms odom_age=8.5ms odom_rx_age=7.7ms sensor_skew=30.5ms loop_to_send=5.4ms
[go2:sport] DRY cmd#3911 seq=3943 v=0.895 w=-0.491 dt=39.9ms policy_zmq_lag=0.6ms action_age=40.1ms scan_age=39.5ms scan_rx_age=15.6ms odom_age=8.5ms odom_rx_age=7.8ms sensor_skew=31.0ms loop_to_send=5.4ms
[go2:sport] DRY cmd#3912 seq=3944 v=0.900 w=-0.611 dt=40.0ms policy_zmq_lag=0.6ms action_age=39.6ms scan_age=39.0ms scan_rx_age=15.9ms odom_age=8.4ms odom_rx_age=7.7ms sensor_skew=30.6ms loop_to_send=5.4ms
[go2:sport] DRY cmd#3913 seq=3945 v=0.895 w=-0.497 dt=40.1ms policy_zmq_lag=0.6ms action_age=39.8ms scan_age=39.2ms scan_rx_age=16.0ms odom_age=8.5ms odom_rx_age=7.8ms sensor_skew=30.7ms loop_to_send=5.5ms
[go2:sport] DRY cmd#3914 seq=3946 v=0.893 w=-0.567 dt=39.9ms policy_zmq_lag=0.7ms action_age=39.6ms scan_age=39.0ms scan_rx_age=15.8ms odom_age=8.4ms odom_rx_age=7.7ms sensor_skew=30.5ms loop_to_send=5.4ms
[go2:sport] DRY cmd#3915 seq=3947 v=0.894 w=-0.552 dt=40.0ms policy_zmq_lag=0.6ms action_age=40.1ms scan_age=39.5ms scan_rx_age=15.7ms odom_age=8.5ms odom_rx_age=7.7ms sensor_skew=31.0ms loop_to_send=5.4ms
[go2:sport] DRY cmd#3916 seq=3948 v=0.895 w=-0.492 dt=40.3ms policy_zmq_lag=0.7ms action_age=40.4ms scan_age=39.8ms scan_rx_age=16.0ms odom_age=8.4ms odom_rx_age=7.4ms sensor_skew=31.4ms loop_to_send=5.6ms
[go2:sport] DRY cmd#3917 seq=3949 v=0.900 w=-0.613 dt=40.1ms policy_zmq_lag=0.7ms action_age=39.9ms scan_age=39.2ms scan_rx_age=15.8ms odom_age=8.7ms odom_rx_age=7.9ms sensor_skew=30.5ms loop_to_send=5.6ms
[go2:sport] DRY cmd#3918 seq=3950 v=0.894 w=-0.493 dt=39.8ms policy_zmq_lag=0.7ms action_age=39.7ms scan_age=39.0ms scan_rx_age=15.3ms odom_age=8.6ms odom_rx_age=7.9ms sensor_skew=30.4ms loop_to_send=5.5ms
[go2:sport] DRY cmd#3919 seq=3951 v=0.898 w=-0.613 dt=39.8ms policy_zmq_lag=0.6ms action_age=39.5ms scan_age=38.9ms scan_rx_age=15.8ms odom_age=8.5ms odom_rx_age=7.8ms sensor_skew=30.4ms loop_to_send=5.3ms
[go2:sport] DRY cmd#3920 seq=3952 v=0.900 w=-0.727 dt=40.4ms policy_zmq_lag=0.7ms action_age=39.9ms scan_age=39.2ms scan_rx_age=16.4ms odom_age=8.7ms odom_rx_age=7.9ms sensor_skew=30.4ms loop_to_send=5.6ms
[go2:sport] DRY cmd#3921 seq=3953 v=0.895 w=-0.607 dt=39.9ms policy_zmq_lag=0.7ms action_age=39.7ms scan_age=39.0ms scan_rx_age=15.8ms odom_age=8.5ms odom_rx_age=7.7ms sensor_skew=30.5ms loop_to_send=5.5ms
[go2:sport] DRY cmd#3922 seq=3954 v=0.900 w=-0.729 dt=40.9ms policy_zmq_lag=0.6ms action_age=40.8ms scan_age=40.2ms scan_rx_age=17.1ms odom_age=7.5ms odom_rx_age=6.4ms sensor_skew=32.7ms loop_to_send=5.7ms
[go2:sport] DRY cmd#3923 seq=3955 v=0.894 w=-0.612 dt=39.1ms policy_zmq_lag=0.6ms action_age=39.9ms scan_age=39.3ms scan_rx_age=16.1ms odom_age=8.6ms odom_rx_age=7.8ms sensor_skew=30.6ms loop_to_send=5.7ms
[go2:sport] DRY cmd#3924 seq=3956 v=0.893 w=-0.577 dt=40.4ms policy_zmq_lag=0.7ms action_age=40.3ms scan_age=39.7ms scan_rx_age=16.5ms odom_age=9.2ms odom_rx_age=8.3ms sensor_skew=30.4ms loop_to_send=6.0ms
[go2:sport] DRY cmd#3925 seq=3957 v=0.900 w=-0.457 dt=40.2ms policy_zmq_lag=0.7ms action_age=40.5ms scan_age=39.7ms scan_rx_age=16.1ms odom_age=9.0ms odom_rx_age=8.0ms sensor_skew=30.7ms loop_to_send=6.1ms
[go2:sport] DRY cmd#3926 seq=3958 v=0.895 w=-0.503 dt=40.0ms policy_zmq_lag=0.7ms action_age=40.4ms scan_age=39.7ms scan_rx_age=15.2ms odom_age=9.2ms odom_rx_age=8.3ms sensor_skew=30.5ms loop_to_send=6.1ms
[go2:sport] DRY cmd#3927 seq=3959 v=0.900 w=-0.623 dt=39.7ms policy_zmq_lag=0.6ms action_age=40.2ms scan_age=39.5ms scan_rx_age=16.5ms odom_age=12.1ms odom_rx_age=11.1ms sensor_skew=27.4ms loop_to_send=5.9ms
[go2:sport] DRY cmd#3928 seq=3960 v=0.894 w=-0.511 dt=40.5ms policy_zmq_lag=0.6ms action_age=40.6ms scan_age=40.0ms scan_rx_age=16.8ms odom_age=8.0ms odom_rx_age=7.1ms sensor_skew=31.9ms loop_to_send=5.8ms
[go2:sport] DRY cmd#3929 seq=3961 v=0.893 w=-0.555 dt=47.5ms policy_zmq_lag=0.7ms action_age=48.2ms scan_age=47.4ms scan_rx_age=24.4ms odom_age=16.8ms odom_rx_age=14.9ms sensor_skew=30.7ms loop_to_send=13.8ms
[go2:sport] DRY cmd#3930 seq=3962 v=0.900 w=-0.675 dt=33.2ms policy_zmq_lag=0.7ms action_age=43.2ms scan_age=42.5ms scan_rx_age=16.2ms odom_age=10.1ms odom_rx_age=9.2ms sensor_skew=32.4ms loop_to_send=7.0ms
[go2:sport] DRY cmd#3931 seq=3963 v=0.898 w=-0.575 dt=39.2ms policy_zmq_lag=0.7ms action_age=40.5ms scan_age=39.9ms scan_rx_age=16.6ms odom_age=9.3ms odom_rx_age=8.5ms sensor_skew=30.5ms loop_to_send=6.2ms
[go2:sport] DRY cmd#3932 seq=3964 v=0.900 w=-0.696 dt=40.1ms policy_zmq_lag=0.7ms action_age=40.6ms scan_age=39.8ms scan_rx_age=15.4ms odom_age=9.3ms odom_rx_age=8.1ms sensor_skew=30.5ms loop_to_send=6.1ms
[go2:sport] DRY cmd#3933 seq=3965 v=0.894 w=-0.576 dt=40.0ms policy_zmq_lag=0.6ms action_age=40.6ms scan_age=40.0ms scan_rx_age=15.9ms odom_age=9.5ms odom_rx_age=8.6ms sensor_skew=30.5ms loop_to_send=6.2ms
[go2:sport] DRY cmd#3934 seq=3966 v=0.895 w=-0.508 dt=39.8ms policy_zmq_lag=0.7ms action_age=40.4ms scan_age=39.7ms scan_rx_age=15.7ms odom_age=9.3ms odom_rx_age=8.5ms sensor_skew=30.4ms loop_to_send=6.1ms
[go2:sport] DRY cmd#3935 seq=3967 v=0.900 w=-0.628 dt=39.3ms policy_zmq_lag=0.6ms action_age=39.8ms scan_age=39.2ms scan_rx_age=16.5ms odom_age=8.7ms odom_rx_age=7.8ms sensor_skew=30.5ms loop_to_send=5.6ms
[go2:sport] DRY cmd#3936 seq=3968 v=0.900 w=-0.508 dt=40.0ms policy_zmq_lag=0.6ms action_age=39.7ms scan_age=39.1ms scan_rx_age=16.3ms odom_age=18.8ms odom_rx_age=18.1ms sensor_skew=20.2ms loop_to_send=5.5ms
[go2:sport] DRY cmd#3937 seq=3969 v=0.900 w=-0.628 dt=39.9ms policy_zmq_lag=0.6ms action_age=39.7ms scan_age=39.0ms scan_rx_age=16.2ms odom_age=8.6ms odom_rx_age=7.8ms sensor_skew=30.4ms loop_to_send=5.4ms
[go2:sport] DRY cmd#3938 seq=3970 v=0.894 w=-0.508 dt=40.3ms policy_zmq_lag=0.8ms action_age=39.9ms scan_age=39.1ms scan_rx_age=16.6ms odom_age=8.6ms odom_rx_age=7.7ms sensor_skew=30.5ms loop_to_send=5.6ms
[go2:sport] DRY cmd#3939 seq=3971 v=0.894 w=-0.484 dt=39.5ms policy_zmq_lag=0.6ms action_age=39.4ms scan_age=38.9ms scan_rx_age=15.9ms odom_age=8.5ms odom_rx_age=7.7ms sensor_skew=30.4ms loop_to_send=5.3ms
[go2:sport] DRY cmd#3940 seq=3972 v=0.900 w=-0.604 dt=40.1ms policy_zmq_lag=0.5ms action_age=40.0ms scan_age=39.5ms scan_rx_age=16.2ms odom_age=8.5ms odom_rx_age=7.8ms sensor_skew=31.0ms loop_to_send=5.4ms
[go2:sport] DRY cmd#3941 seq=3973 v=0.899 w=-0.541 dt=39.9ms policy_zmq_lag=0.6ms action_age=39.4ms scan_age=38.9ms scan_rx_age=16.0ms odom_age=8.4ms odom_rx_age=7.6ms sensor_skew=30.5ms loop_to_send=5.3ms
[go2:sport] DRY cmd#3942 seq=3974 v=0.900 w=-0.661 dt=40.6ms policy_zmq_lag=0.7ms action_age=40.1ms scan_age=39.3ms scan_rx_age=14.5ms odom_age=8.7ms odom_rx_age=7.7ms sensor_skew=30.6ms loop_to_send=5.7ms
[go2:sport] DRY cmd#3943 seq=3975 v=0.894 w=-0.541 dt=40.5ms policy_zmq_lag=0.7ms action_age=40.4ms scan_age=39.7ms scan_rx_age=16.3ms odom_age=9.4ms odom_rx_age=8.6ms sensor_skew=30.3ms loop_to_send=6.2ms
[go2:sport] DRY cmd#3944 seq=3976 v=0.894 w=-0.504 dt=39.3ms policy_zmq_lag=0.6ms action_age=39.8ms scan_age=39.2ms scan_rx_age=16.1ms odom_age=7.9ms odom_rx_age=7.1ms sensor_skew=31.3ms loop_to_send=5.5ms
[go2:sport] DRY cmd#3945 seq=3977 v=0.900 w=-0.624 dt=39.9ms policy_zmq_lag=0.6ms action_age=39.7ms scan_age=39.1ms scan_rx_age=16.4ms odom_age=8.7ms odom_rx_age=8.0ms sensor_skew=30.4ms loop_to_send=5.5ms
[go2:sport] DRY cmd#3946 seq=3978 v=0.899 w=-0.504 dt=40.1ms policy_zmq_lag=0.8ms action_age=39.9ms scan_age=39.1ms scan_rx_age=16.1ms odom_age=8.6ms odom_rx_age=7.8ms sensor_skew=30.5ms loop_to_send=5.4ms
[go2:sport] DRY cmd#3947 seq=3979 v=0.900 w=-0.624 dt=39.7ms policy_zmq_lag=0.6ms action_age=39.6ms scan_age=38.9ms scan_rx_age=16.3ms odom_age=8.4ms odom_rx_age=7.7ms sensor_skew=30.5ms loop_to_send=5.3ms
[go2:sport] DRY cmd#3948 seq=3980 v=0.894 w=-0.504 dt=40.1ms policy_zmq_lag=0.6ms action_age=39.7ms scan_age=39.1ms scan_rx_age=16.1ms odom_age=8.6ms odom_rx_age=7.9ms sensor_skew=30.5ms loop_to_send=5.4ms
[go2:sport] DRY cmd#3949 seq=3981 v=0.895 w=-0.497 dt=39.9ms policy_zmq_lag=0.6ms action_age=39.5ms scan_age=38.9ms scan_rx_age=16.0ms odom_age=8.5ms odom_rx_age=7.8ms sensor_skew=30.3ms loop_to_send=5.3ms
[go2:sport] DRY cmd#3950 seq=3982 v=0.900 w=-0.619 dt=40.7ms policy_zmq_lag=0.6ms action_age=40.2ms scan_age=39.5ms scan_rx_age=15.2ms odom_age=9.1ms odom_rx_age=7.4ms sensor_skew=30.4ms loop_to_send=5.4ms
[go2:sport] DRY cmd#3951 seq=3983 v=0.894 w=-0.500 dt=39.6ms policy_zmq_lag=0.7ms action_age=39.9ms scan_age=39.3ms scan_rx_age=16.1ms odom_age=8.8ms odom_rx_age=8.0ms sensor_skew=30.4ms loop_to_send=5.6ms
[go2:sport] DRY cmd#3952 seq=3984 v=0.900 w=-0.620 dt=39.8ms policy_zmq_lag=0.6ms action_age=39.8ms scan_age=39.1ms scan_rx_age=15.9ms odom_age=8.7ms odom_rx_age=7.8ms sensor_skew=30.5ms loop_to_send=5.5ms
[go2:sport] DRY cmd#3953 seq=3985 v=0.894 w=-0.516 dt=40.1ms policy_zmq_lag=0.7ms action_age=39.8ms scan_age=39.1ms scan_rx_age=14.7ms odom_age=8.7ms odom_rx_age=7.7ms sensor_skew=30.4ms loop_to_send=5.5ms
[go2:sport] DRY cmd#3954 seq=3986 v=0.894 w=-0.508 dt=40.0ms policy_zmq_lag=0.7ms action_age=40.0ms scan_age=39.4ms scan_rx_age=14.7ms odom_age=8.8ms odom_rx_age=8.0ms sensor_skew=30.6ms loop_to_send=5.5ms
[go2:sport] DRY cmd#3955 seq=3987 v=0.900 w=-0.628 dt=40.0ms policy_zmq_lag=0.7ms action_age=39.8ms scan_age=39.1ms scan_rx_age=15.5ms odom_age=8.7ms odom_rx_age=7.9ms sensor_skew=30.4ms loop_to_send=5.5ms
[go2:sport] DRY cmd#3956 seq=3988 v=0.894 w=-0.507 dt=39.8ms policy_zmq_lag=0.6ms action_age=39.5ms scan_age=38.9ms scan_rx_age=16.1ms odom_age=8.6ms odom_rx_age=7.9ms sensor_skew=30.3ms loop_to_send=5.4ms
[go2:sport] DRY cmd#3957 seq=3989 v=0.900 w=-0.627 dt=39.9ms policy_zmq_lag=0.6ms action_age=39.6ms scan_age=39.0ms scan_rx_age=16.4ms odom_age=8.6ms odom_rx_age=7.9ms sensor_skew=30.4ms loop_to_send=5.3ms
[go2:sport] DRY cmd#3958 seq=3990 v=0.894 w=-0.551 dt=40.0ms policy_zmq_lag=0.6ms action_age=39.4ms scan_age=38.8ms scan_rx_age=16.2ms odom_age=8.5ms odom_rx_age=7.7ms sensor_skew=30.3ms loop_to_send=5.3ms
[go2:sport] DRY cmd#3959 seq=3991 v=0.894 w=-0.504 dt=40.1ms policy_zmq_lag=0.6ms action_age=39.6ms scan_age=39.1ms scan_rx_age=16.2ms odom_age=8.6ms odom_rx_age=7.9ms sensor_skew=30.5ms loop_to_send=5.4ms
[go2:sport] DRY cmd#3960 seq=3992 v=0.900 w=-0.624 dt=40.1ms policy_zmq_lag=0.6ms action_age=39.5ms scan_age=38.9ms scan_rx_age=16.4ms odom_age=8.7ms odom_rx_age=7.9ms sensor_skew=30.2ms loop_to_send=5.5ms
[go2:sport] DRY cmd#3961 seq=3993 v=0.895 w=-0.507 dt=40.2ms policy_zmq_lag=0.7ms action_age=39.8ms scan_age=39.0ms scan_rx_age=16.0ms odom_age=8.8ms odom_rx_age=7.9ms sensor_skew=30.3ms loop_to_send=5.5ms
[go2:sport] DRY cmd#3962 seq=3994 v=0.898 w=-0.496 dt=40.0ms policy_zmq_lag=0.8ms action_age=39.9ms scan_age=39.1ms scan_rx_age=15.1ms odom_age=8.8ms odom_rx_age=8.0ms sensor_skew=30.3ms loop_to_send=5.5ms
[go2:sport] DRY cmd#3963 seq=3995 v=0.895 w=-0.472 dt=39.7ms policy_zmq_lag=0.6ms action_age=39.6ms scan_age=39.0ms scan_rx_age=16.0ms odom_age=8.6ms odom_rx_age=8.0ms sensor_skew=30.4ms loop_to_send=5.4ms
[go2:sport] DRY cmd#3964 seq=3996 v=0.895 w=-0.507 dt=40.0ms policy_zmq_lag=0.6ms action_age=39.4ms scan_age=38.7ms scan_rx_age=15.9ms odom_age=8.6ms odom_rx_age=7.8ms sensor_skew=30.2ms loop_to_send=5.3ms
[go2:sport] DRY cmd#3965 seq=3997 v=0.900 w=-0.628 dt=40.4ms policy_zmq_lag=0.6ms action_age=40.6ms scan_age=39.9ms scan_rx_age=16.6ms odom_age=6.8ms odom_rx_age=5.8ms sensor_skew=33.1ms loop_to_send=5.4ms
[go2:sport] DRY cmd#3966 seq=3998 v=0.895 w=-0.509 dt=39.7ms policy_zmq_lag=0.6ms action_age=39.6ms scan_age=39.0ms scan_rx_age=14.7ms odom_age=8.8ms odom_rx_age=7.6ms sensor_skew=30.3ms loop_to_send=5.5ms
[go2:sport] DRY cmd#3967 seq=3999 v=0.894 w=-0.551 dt=40.0ms policy_zmq_lag=0.6ms action_age=39.6ms scan_age=39.0ms scan_rx_age=16.4ms odom_age=8.8ms odom_rx_age=8.0ms sensor_skew=30.3ms loop_to_send=5.5ms
[go2:sport] DRY cmd#3968 seq=4000 v=0.894 w=-0.522 dt=39.9ms policy_zmq_lag=0.6ms action_age=39.7ms scan_age=39.1ms scan_rx_age=16.1ms odom_age=8.6ms odom_rx_age=7.7ms sensor_skew=30.5ms loop_to_send=5.4ms
[go2:sport] DRY cmd#3969 seq=4001 v=0.895 w=-0.511 dt=40.2ms policy_zmq_lag=0.7ms action_age=39.5ms scan_age=38.8ms scan_rx_age=16.1ms odom_age=8.8ms odom_rx_age=8.0ms sensor_skew=30.0ms loop_to_send=5.5ms
[go2:sport] DRY cmd#3970 seq=4002 v=0.900 w=-0.630 dt=39.8ms policy_zmq_lag=0.6ms action_age=39.6ms scan_age=38.9ms scan_rx_age=16.1ms odom_age=8.6ms odom_rx_age=7.6ms sensor_skew=30.4ms loop_to_send=5.4ms
[go2:sport] DRY cmd#3971 seq=4003 v=0.894 w=-0.510 dt=40.0ms policy_zmq_lag=0.6ms action_age=39.6ms scan_age=39.0ms scan_rx_age=16.8ms odom_age=8.6ms odom_rx_age=7.8ms sensor_skew=30.4ms loop_to_send=5.4ms
[go2:sport] DRY cmd#3972 seq=4004 v=0.893 w=-0.561 dt=40.0ms policy_zmq_lag=0.6ms action_age=39.7ms scan_age=39.1ms scan_rx_age=15.9ms odom_age=8.7ms odom_rx_age=8.0ms sensor_skew=30.3ms loop_to_send=5.4ms
[go2:sport] DRY cmd#3973 seq=4005 v=0.900 w=-0.681 dt=40.8ms policy_zmq_lag=0.8ms action_age=40.4ms scan_age=39.6ms scan_rx_age=15.6ms odom_age=8.8ms odom_rx_age=7.7ms sensor_skew=30.7ms loop_to_send=5.9ms
[go2:sport] DRY cmd#3974 seq=4006 v=0.895 w=-0.561 dt=39.3ms policy_zmq_lag=0.6ms action_age=39.6ms scan_age=39.0ms scan_rx_age=16.0ms odom_age=8.7ms odom_rx_age=8.0ms sensor_skew=30.2ms loop_to_send=5.4ms
[go2:sport] DRY cmd#3975 seq=4007 v=0.900 w=-0.681 dt=39.9ms policy_zmq_lag=0.6ms action_age=39.6ms scan_age=39.0ms scan_rx_age=16.2ms odom_age=8.7ms odom_rx_age=8.0ms sensor_skew=30.3ms loop_to_send=5.3ms
[go2:sport] DRY cmd#3976 seq=4008 v=0.894 w=-0.561 dt=40.0ms policy_zmq_lag=0.6ms action_age=39.5ms scan_age=39.0ms scan_rx_age=16.2ms odom_age=8.6ms odom_rx_age=7.9ms sensor_skew=30.3ms loop_to_send=5.3ms
[go2:sport] DRY cmd#3977 seq=4009 v=0.893 w=-0.581 dt=40.0ms policy_zmq_lag=0.6ms action_age=39.4ms scan_age=38.9ms scan_rx_age=13.1ms odom_age=8.5ms odom_rx_age=7.8ms sensor_skew=30.3ms loop_to_send=5.3ms
[go2:sport] DRY cmd#3978 seq=4010 v=0.900 w=-0.701 dt=40.3ms policy_zmq_lag=0.7ms action_age=39.7ms scan_age=39.1ms scan_rx_age=16.4ms odom_age=8.8ms odom_rx_age=7.8ms sensor_skew=30.3ms loop_to_send=5.5ms
[go2:sport] DRY cmd#3979 seq=4011 v=0.895 w=-0.581 dt=40.3ms policy_zmq_lag=0.7ms action_age=40.1ms scan_age=39.4ms scan_rx_age=15.9ms odom_age=9.1ms odom_rx_age=8.2ms sensor_skew=30.3ms loop_to_send=5.9ms
[go2:sport] DRY cmd#3980 seq=4012 v=0.900 w=-0.701 dt=39.8ms policy_zmq_lag=0.6ms action_age=39.9ms scan_age=39.3ms scan_rx_age=16.3ms odom_age=9.1ms odom_rx_age=8.1ms sensor_skew=30.3ms loop_to_send=5.8ms
[go2:sport] DRY cmd#3981 seq=4013 v=0.894 w=-0.581 dt=39.8ms policy_zmq_lag=0.6ms action_age=39.8ms scan_age=39.2ms scan_rx_age=16.3ms odom_age=9.0ms odom_rx_age=8.2ms sensor_skew=30.3ms loop_to_send=5.6ms
[go2:sport] DRY cmd#3982 seq=4014 v=0.894 w=-0.504 dt=40.0ms policy_zmq_lag=0.6ms action_age=39.7ms scan_age=39.0ms scan_rx_age=16.4ms odom_age=8.9ms odom_rx_age=8.1ms sensor_skew=30.1ms loop_to_send=5.5ms
[go2:sport] DRY cmd#3983 seq=4015 v=0.900 w=-0.624 dt=39.6ms policy_zmq_lag=0.5ms action_age=39.3ms scan_age=38.8ms scan_rx_age=16.3ms odom_age=8.6ms odom_rx_age=7.9ms sensor_skew=30.2ms loop_to_send=5.2ms
[go2:sport] DRY cmd#3984 seq=4016 v=0.898 w=-0.595 dt=40.1ms policy_zmq_lag=0.6ms action_age=39.6ms scan_age=39.0ms scan_rx_age=16.1ms odom_age=8.7ms odom_rx_age=7.9ms sensor_skew=30.3ms loop_to_send=5.3ms
[go2:sport] DRY cmd#3985 seq=4017 v=0.900 w=-0.715 dt=40.0ms policy_zmq_lag=0.6ms action_age=39.4ms scan_age=38.9ms scan_rx_age=16.3ms odom_age=8.6ms odom_rx_age=7.9ms sensor_skew=30.2ms loop_to_send=5.3ms
[go2:sport] DRY cmd#3986 seq=4018 v=0.894 w=-0.595 dt=39.9ms policy_zmq_lag=0.6ms action_age=39.3ms scan_age=38.7ms scan_rx_age=16.0ms odom_age=8.5ms odom_rx_age=7.7ms sensor_skew=30.2ms loop_to_send=5.2ms
[go2:sport] DRY cmd#3987 seq=4019 v=0.894 w=-0.498 dt=40.4ms policy_zmq_lag=0.7ms action_age=39.9ms scan_age=39.2ms scan_rx_age=16.1ms odom_age=8.9ms odom_rx_age=8.0ms sensor_skew=30.3ms loop_to_send=5.5ms
[go2:sport] DRY cmd#3988 seq=4020 v=0.900 w=-0.618 dt=39.9ms policy_zmq_lag=0.7ms action_age=39.6ms scan_age=39.0ms scan_rx_age=16.1ms odom_age=8.8ms odom_rx_age=8.0ms sensor_skew=30.2ms loop_to_send=5.4ms
[go2:sport] DRY cmd#3989 seq=4021 v=0.899 w=-0.498 dt=40.2ms policy_zmq_lag=0.6ms action_age=39.7ms scan_age=39.1ms scan_rx_age=16.1ms odom_age=9.2ms odom_rx_age=8.4ms sensor_skew=29.9ms loop_to_send=5.7ms
[go2:sport] DRY cmd#3990 seq=4022 v=0.900 w=-0.618 dt=39.5ms policy_zmq_lag=0.6ms action_age=40.1ms scan_age=39.5ms scan_rx_age=16.1ms odom_age=8.7ms odom_rx_age=7.9ms sensor_skew=30.8ms loop_to_send=5.3ms
[go2:sport] DRY cmd#3991 seq=4023 v=0.894 w=-0.508 dt=40.0ms policy_zmq_lag=0.6ms action_age=39.6ms scan_age=39.0ms scan_rx_age=15.9ms odom_age=8.7ms odom_rx_age=8.0ms sensor_skew=30.3ms loop_to_send=5.3ms
[go2:sport] DRY cmd#3992 seq=4024 v=0.894 w=-0.512 dt=40.2ms policy_zmq_lag=0.6ms action_age=39.7ms scan_age=39.1ms scan_rx_age=13.9ms odom_age=8.8ms odom_rx_age=8.0ms sensor_skew=30.3ms loop_to_send=5.5ms
[go2:sport] DRY cmd#3993 seq=4025 v=0.900 w=-0.632 dt=40.1ms policy_zmq_lag=0.7ms action_age=39.7ms scan_age=39.0ms scan_rx_age=14.9ms odom_age=8.8ms odom_rx_age=7.9ms sensor_skew=30.2ms loop_to_send=5.5ms
[go2:sport] DRY cmd#3994 seq=4026 v=0.898 w=-0.609 dt=40.1ms policy_zmq_lag=0.7ms action_age=39.9ms scan_age=39.2ms scan_rx_age=13.9ms odom_age=8.9ms odom_rx_age=8.0ms sensor_skew=30.3ms loop_to_send=5.5ms
[go2:sport] DRY cmd#3995 seq=4027 v=0.900 w=-0.728 dt=39.7ms policy_zmq_lag=0.6ms action_age=39.6ms scan_age=39.0ms scan_rx_age=15.9ms odom_age=8.8ms odom_rx_age=8.0ms sensor_skew=30.2ms loop_to_send=5.3ms
[go2:sport] DRY cmd#3996 seq=4028 v=0.894 w=-0.608 dt=40.3ms policy_zmq_lag=0.7ms action_age=39.9ms scan_age=39.3ms scan_rx_age=14.1ms odom_age=8.9ms odom_rx_age=7.9ms sensor_skew=30.3ms loop_to_send=5.6ms
[go2:sport] DRY cmd#3997 seq=4029 v=0.895 w=-0.511 dt=39.8ms policy_zmq_lag=0.6ms action_age=39.7ms scan_age=39.1ms scan_rx_age=15.7ms odom_age=8.9ms odom_rx_age=8.1ms sensor_skew=30.2ms loop_to_send=5.4ms
[go2:sport] DRY cmd#3998 seq=4030 v=0.900 w=-0.631 dt=39.9ms policy_zmq_lag=0.6ms action_age=39.4ms scan_age=38.8ms scan_rx_age=16.2ms odom_age=8.7ms odom_rx_age=7.9ms sensor_skew=30.1ms loop_to_send=5.3ms
[go2:sport] DRY cmd#3999 seq=4031 v=0.899 w=-0.511 dt=39.8ms policy_zmq_lag=0.6ms action_age=39.4ms scan_age=38.8ms scan_rx_age=16.0ms odom_age=8.5ms odom_rx_age=7.8ms sensor_skew=30.3ms loop_to_send=5.2ms
[go2:sport] DRY cmd#4000 seq=4032 v=0.900 w=-0.631 dt=40.1ms policy_zmq_lag=0.6ms action_age=39.5ms scan_age=38.9ms scan_rx_age=15.3ms odom_age=8.8ms odom_rx_age=8.0ms sensor_skew=30.2ms loop_to_send=5.3ms
[go2:sport] DRY cmd#4001 seq=4033 v=0.893 w=-0.563 dt=40.0ms policy_zmq_lag=0.6ms action_age=39.4ms scan_age=38.8ms scan_rx_age=15.9ms odom_age=8.8ms odom_rx_age=8.0ms sensor_skew=30.1ms loop_to_send=5.3ms
[go2:sport] DRY cmd#4002 seq=4034 v=0.894 w=-0.516 dt=40.0ms policy_zmq_lag=0.6ms action_age=39.4ms scan_age=38.8ms scan_rx_age=16.0ms odom_age=8.8ms odom_rx_age=8.1ms sensor_skew=30.0ms loop_to_send=5.3ms
[go2:sport] DRY cmd#4003 seq=4035 v=0.900 w=-0.636 dt=39.9ms policy_zmq_lag=0.5ms action_age=39.5ms scan_age=38.9ms scan_rx_age=16.1ms odom_age=8.7ms odom_rx_age=7.9ms sensor_skew=30.3ms loop_to_send=5.3ms
[go2:sport] DRY cmd#4004 seq=4036 v=0.895 w=-0.516 dt=40.1ms policy_zmq_lag=0.6ms action_age=39.5ms scan_age=38.9ms scan_rx_age=16.8ms odom_age=8.7ms odom_rx_age=8.0ms sensor_skew=30.2ms loop_to_send=5.3ms
[go2:sport] DRY cmd#4005 seq=4037 v=0.900 w=-0.498 dt=40.2ms policy_zmq_lag=0.7ms action_age=39.7ms scan_age=39.1ms scan_rx_age=14.8ms odom_age=8.9ms odom_rx_age=8.0ms sensor_skew=30.1ms loop_to_send=5.4ms
[go2:sport] DRY cmd#4006 seq=4038 v=0.895 w=-0.519 dt=39.8ms policy_zmq_lag=0.6ms action_age=39.5ms scan_age=38.9ms scan_rx_age=16.2ms odom_age=8.6ms odom_rx_age=7.7ms sensor_skew=30.3ms loop_to_send=5.3ms
[go2:sport] DRY cmd#4007 seq=4039 v=0.895 w=-0.503 dt=40.0ms policy_zmq_lag=0.6ms action_age=39.6ms scan_age=39.0ms scan_rx_age=16.4ms odom_age=8.8ms odom_rx_age=8.0ms sensor_skew=30.3ms loop_to_send=5.4ms
[go2:sport] DRY cmd#4008 seq=4040 v=0.900 w=-0.623 dt=39.9ms policy_zmq_lag=0.6ms action_age=39.5ms scan_age=38.9ms scan_rx_age=16.4ms odom_age=8.8ms odom_rx_age=8.0ms sensor_skew=30.1ms loop_to_send=5.3ms
[go2:sport] DRY cmd#4009 seq=4041 v=0.894 w=-0.503 dt=40.0ms policy_zmq_lag=0.6ms action_age=39.3ms scan_age=38.7ms scan_rx_age=16.1ms odom_age=8.7ms odom_rx_age=8.0ms sensor_skew=30.0ms loop_to_send=5.3ms
[go2:sport] DRY cmd#4010 seq=4042 v=0.899 w=-0.623 dt=40.0ms policy_zmq_lag=0.6ms action_age=39.3ms scan_age=38.7ms scan_rx_age=15.7ms odom_age=8.7ms odom_rx_age=7.9ms sensor_skew=30.0ms loop_to_send=5.2ms
[go2:sport] DRY cmd#4011 seq=4043 v=0.893 w=-0.555 dt=40.3ms policy_zmq_lag=0.7ms action_age=39.8ms scan_age=39.1ms scan_rx_age=14.9ms odom_age=8.8ms odom_rx_age=8.0ms sensor_skew=30.3ms loop_to_send=5.4ms
[go2:sport] DRY cmd#4012 seq=4044 v=0.895 w=-0.494 dt=40.0ms policy_zmq_lag=0.6ms action_age=39.8ms scan_age=39.2ms scan_rx_age=13.9ms odom_age=8.9ms odom_rx_age=8.1ms sensor_skew=30.3ms loop_to_send=5.5ms
[go2:sport] DRY cmd#4013 seq=4045 v=0.900 w=-0.614 dt=40.0ms policy_zmq_lag=0.7ms action_age=39.8ms scan_age=39.2ms scan_rx_age=13.9ms odom_age=8.9ms odom_rx_age=8.0ms sensor_skew=30.3ms loop_to_send=5.5ms
[go2:sport] DRY cmd#4014 seq=4046 v=0.894 w=-0.496 dt=40.0ms policy_zmq_lag=0.7ms action_age=39.8ms scan_age=39.1ms scan_rx_age=14.0ms odom_age=8.8ms odom_rx_age=7.9ms sensor_skew=30.3ms loop_to_send=5.4ms
[go2:sport] DRY cmd#4015 seq=4047 v=0.898 w=-0.616 dt=40.0ms policy_zmq_lag=0.7ms action_age=40.3ms scan_age=39.7ms scan_rx_age=14.2ms odom_age=9.0ms odom_rx_age=8.1ms sensor_skew=30.7ms loop_to_send=5.4ms
[go2:sport] DRY cmd#4016 seq=4048 v=0.898 w=-0.495 dt=40.2ms policy_zmq_lag=0.6ms action_age=40.0ms scan_age=39.4ms scan_rx_age=14.5ms odom_age=9.3ms odom_rx_age=8.4ms sensor_skew=30.1ms loop_to_send=5.4ms
[go2:sport] DRY cmd#4017 seq=4049 v=0.895 w=-0.509 dt=39.5ms policy_zmq_lag=0.6ms action_age=39.3ms scan_age=38.7ms scan_rx_age=16.2ms odom_age=8.7ms odom_rx_age=7.9ms sensor_skew=30.0ms loop_to_send=5.2ms
[go2:sport] DRY cmd#4018 seq=4050 v=0.900 w=-0.629 dt=40.0ms policy_zmq_lag=0.6ms action_age=39.3ms scan_age=38.8ms scan_rx_age=16.5ms odom_age=8.6ms odom_rx_age=7.9ms sensor_skew=30.1ms loop_to_send=5.2ms
[go2:sport] DRY cmd#4019 seq=4051 v=0.894 w=-0.509 dt=40.1ms policy_zmq_lag=0.6ms action_age=39.4ms scan_age=38.8ms scan_rx_age=16.0ms odom_age=8.7ms odom_rx_age=8.0ms sensor_skew=30.1ms loop_to_send=5.2ms
[go2:sport] DRY cmd#4020 seq=4052 v=0.894 w=-0.549 dt=40.5ms policy_zmq_lag=0.7ms action_age=39.8ms scan_age=39.1ms scan_rx_age=14.2ms odom_age=9.2ms odom_rx_age=8.4ms sensor_skew=29.9ms loop_to_send=5.6ms
[go2:sport] DRY cmd#4021 seq=4053 v=0.894 w=-0.524 dt=39.9ms policy_zmq_lag=0.7ms action_age=39.8ms scan_age=39.1ms scan_rx_age=14.1ms odom_age=9.0ms odom_rx_age=8.2ms sensor_skew=30.2ms loop_to_send=5.5ms
[go2:sport] DRY cmd#4022 seq=4054 v=0.894 w=-0.510 dt=39.9ms policy_zmq_lag=0.7ms action_age=39.7ms scan_age=39.1ms scan_rx_age=13.5ms odom_age=8.9ms odom_rx_age=8.1ms sensor_skew=30.2ms loop_to_send=5.4ms
[go2:sport] DRY cmd#4023 seq=4055 v=0.900 w=-0.630 dt=39.9ms policy_zmq_lag=0.7ms action_age=39.6ms scan_age=38.9ms scan_rx_age=13.0ms odom_age=8.9ms odom_rx_age=8.1ms sensor_skew=30.0ms loop_to_send=5.4ms
[go2:sport] DRY cmd#4024 seq=4056 v=0.894 w=-0.510 dt=39.9ms policy_zmq_lag=0.6ms action_age=39.6ms scan_age=39.0ms scan_rx_age=16.2ms odom_age=8.8ms odom_rx_age=8.1ms sensor_skew=30.2ms loop_to_send=5.3ms
[go2:sport] DRY cmd#4025 seq=4057 v=0.894 w=-0.550 dt=40.0ms policy_zmq_lag=0.6ms action_age=39.5ms scan_age=38.8ms scan_rx_age=16.1ms odom_age=8.8ms odom_rx_age=8.1ms sensor_skew=30.0ms loop_to_send=5.2ms
[go2:sport] DRY cmd#4026 seq=4058 v=0.900 w=-0.670 dt=40.3ms policy_zmq_lag=0.7ms action_age=39.8ms scan_age=39.1ms scan_rx_age=16.4ms odom_age=9.0ms odom_rx_age=8.2ms sensor_skew=30.1ms loop_to_send=5.4ms
[go2:sport] DRY cmd#4027 seq=4059 v=0.898 w=-0.584 dt=39.9ms policy_zmq_lag=0.7ms action_age=39.7ms scan_age=39.0ms scan_rx_age=14.1ms odom_age=8.9ms odom_rx_age=8.0ms sensor_skew=30.2ms loop_to_send=5.4ms
[go2:sport] DRY cmd#4028 seq=4060 v=0.900 w=-0.704 dt=40.1ms policy_zmq_lag=0.7ms action_age=39.8ms scan_age=39.1ms scan_rx_age=16.1ms odom_age=9.0ms odom_rx_age=8.1ms sensor_skew=30.1ms loop_to_send=5.5ms
[go2:sport] DRY cmd#4029 seq=4061 v=0.894 w=-0.584 dt=39.7ms policy_zmq_lag=0.6ms action_age=39.6ms scan_age=39.0ms scan_rx_age=16.1ms odom_age=8.0ms odom_rx_age=7.3ms sensor_skew=31.0ms loop_to_send=5.3ms
[go2:sport] DRY cmd#4030 seq=4062 v=0.895 w=-0.502 dt=40.1ms policy_zmq_lag=0.6ms action_age=39.7ms scan_age=39.1ms scan_rx_age=16.5ms odom_age=9.0ms odom_rx_age=8.0ms sensor_skew=30.1ms loop_to_send=5.4ms
[go2:sport] DRY cmd#4031 seq=4063 v=0.900 w=-0.622 dt=40.0ms policy_zmq_lag=0.6ms action_age=39.6ms scan_age=39.0ms scan_rx_age=16.5ms odom_age=8.7ms odom_rx_age=7.9ms sensor_skew=30.3ms loop_to_send=5.4ms
[go2:sport] DRY cmd#4032 seq=4064 v=0.896 w=-0.502 dt=39.9ms policy_zmq_lag=0.6ms action_age=39.5ms scan_age=38.9ms scan_rx_age=16.0ms odom_age=8.9ms odom_rx_age=8.2ms sensor_skew=29.9ms loop_to_send=5.4ms
[go2:sport] DRY cmd#4033 seq=4065 v=0.900 w=-0.622 dt=39.9ms policy_zmq_lag=0.6ms action_age=39.4ms scan_age=38.8ms scan_rx_age=16.0ms odom_age=8.9ms odom_rx_age=8.1ms sensor_skew=30.0ms loop_to_send=5.3ms
[go2:sport] DRY cmd#4034 seq=4066 v=0.894 w=-0.502 dt=40.0ms policy_zmq_lag=0.6ms action_age=39.4ms scan_age=38.9ms scan_rx_age=16.2ms odom_age=8.9ms odom_rx_age=8.1ms sensor_skew=30.0ms loop_to_send=5.3ms
[go2:sport] DRY cmd#4035 seq=4067 v=0.894 w=-0.508 dt=39.9ms policy_zmq_lag=0.6ms action_age=39.5ms scan_age=38.9ms scan_rx_age=15.9ms odom_age=8.8ms odom_rx_age=8.0ms sensor_skew=30.1ms loop_to_send=5.2ms
[go2:sport] DRY cmd#4036 seq=4068 v=0.900 w=-0.628 dt=40.0ms policy_zmq_lag=0.6ms action_age=39.5ms scan_age=38.9ms scan_rx_age=16.1ms odom_age=8.8ms odom_rx_age=8.1ms sensor_skew=30.1ms loop_to_send=5.2ms
[go2:sport] DRY cmd#4037 seq=4069 v=0.898 w=-0.590 dt=39.9ms policy_zmq_lag=0.6ms action_age=39.4ms scan_age=38.8ms scan_rx_age=15.5ms odom_age=8.8ms odom_rx_age=8.0ms sensor_skew=30.0ms loop_to_send=5.2ms
[go2:sport] DRY cmd#4038 seq=4070 v=0.900 w=-0.710 dt=40.2ms policy_zmq_lag=0.6ms action_age=39.4ms scan_age=38.9ms scan_rx_age=16.3ms odom_age=8.9ms odom_rx_age=8.2ms sensor_skew=30.0ms loop_to_send=5.3ms
[go2:sport] DRY cmd#4039 seq=4071 v=0.894 w=-0.591 dt=39.9ms policy_zmq_lag=0.6ms action_age=39.4ms scan_age=38.8ms scan_rx_age=16.3ms odom_age=8.8ms odom_rx_age=8.1ms sensor_skew=30.0ms loop_to_send=5.2ms
[go2:sport] DRY cmd#4040 seq=4072 v=0.894 w=-0.509 dt=39.9ms policy_zmq_lag=0.6ms action_age=39.9ms scan_age=39.3ms scan_rx_age=16.3ms odom_age=8.7ms odom_rx_age=8.0ms sensor_skew=30.5ms loop_to_send=5.2ms
[go2:sport] DRY cmd#4041 seq=4073 v=0.900 w=-0.629 dt=40.0ms policy_zmq_lag=0.6ms action_age=39.3ms scan_age=38.8ms scan_rx_age=16.3ms odom_age=8.7ms odom_rx_age=7.9ms sensor_skew=30.0ms loop_to_send=5.2ms
[go2:sport] DRY cmd#4042 seq=4074 v=0.899 w=-0.509 dt=40.1ms policy_zmq_lag=0.6ms action_age=39.4ms scan_age=38.8ms scan_rx_age=15.9ms odom_age=8.8ms odom_rx_age=8.0ms sensor_skew=30.0ms loop_to_send=5.3ms
[go2:sport] DRY cmd#4043 seq=4075 v=0.900 w=-0.629 dt=40.0ms policy_zmq_lag=0.6ms action_age=39.4ms scan_age=38.8ms scan_rx_age=16.2ms odom_age=8.7ms odom_rx_age=7.9ms sensor_skew=30.0ms loop_to_send=5.2ms
[go2:sport] DRY cmd#4044 seq=4076 v=0.894 w=-0.517 dt=40.5ms policy_zmq_lag=0.7ms action_age=39.9ms scan_age=39.2ms scan_rx_age=16.5ms odom_age=9.2ms odom_rx_age=8.0ms sensor_skew=30.0ms loop_to_send=5.6ms
[go2:sport] DRY cmd#4045 seq=4077 v=0.895 w=-0.507 dt=39.7ms policy_zmq_lag=0.6ms action_age=39.7ms scan_age=39.1ms scan_rx_age=16.3ms odom_age=8.2ms odom_rx_age=7.5ms sensor_skew=30.9ms loop_to_send=5.4ms
[go2:sport] DRY cmd#4046 seq=4078 v=0.900 w=-0.627 dt=39.8ms policy_zmq_lag=0.6ms action_age=39.3ms scan_age=38.7ms scan_rx_age=16.1ms odom_age=8.8ms odom_rx_age=8.1ms sensor_skew=29.9ms loop_to_send=5.2ms
[go2:sport] DRY cmd#4047 seq=4079 v=0.895 w=-0.520 dt=40.3ms policy_zmq_lag=0.6ms action_age=39.7ms scan_age=39.0ms scan_rx_age=16.0ms odom_age=9.1ms odom_rx_age=8.4ms sensor_skew=29.9ms loop_to_send=5.4ms
[go2:sport] DRY cmd#4048 seq=4080 v=0.900 w=-0.640 dt=41.1ms policy_zmq_lag=0.6ms action_age=40.8ms scan_age=40.2ms scan_rx_age=17.2ms odom_age=10.3ms odom_rx_age=9.6ms sensor_skew=29.8ms loop_to_send=6.6ms
[go2:sport] DRY cmd#4049 seq=4081 v=0.894 w=-0.520 dt=39.3ms policy_zmq_lag=0.6ms action_age=40.2ms scan_age=39.6ms scan_rx_age=16.2ms odom_age=9.5ms odom_rx_age=8.7ms sensor_skew=30.1ms loop_to_send=5.9ms
[go2:sport] DRY cmd#4050 seq=4082 v=0.894 w=-0.499 dt=40.0ms policy_zmq_lag=0.6ms action_age=40.1ms scan_age=39.5ms scan_rx_age=16.0ms odom_age=9.6ms odom_rx_age=8.7ms sensor_skew=30.0ms loop_to_send=5.8ms
[go2:sport] DRY cmd#4051 seq=4083 v=0.900 w=-0.618 dt=39.7ms policy_zmq_lag=0.6ms action_age=39.8ms scan_age=39.2ms scan_rx_age=16.5ms odom_age=9.3ms odom_rx_age=8.4ms sensor_skew=30.0ms loop_to_send=5.6ms
[go2:sport] DRY cmd#4052 seq=4084 v=0.898 w=-0.498 dt=39.8ms policy_zmq_lag=0.6ms action_age=39.6ms scan_age=39.0ms scan_rx_age=15.5ms odom_age=9.1ms odom_rx_age=8.4ms sensor_skew=29.9ms loop_to_send=5.4ms
[go2:sport] DRY cmd#4053 seq=4085 v=0.900 w=-0.618 dt=40.2ms policy_zmq_lag=0.6ms action_age=39.8ms scan_age=39.2ms scan_rx_age=17.2ms odom_age=8.2ms odom_rx_age=7.4ms sensor_skew=31.0ms loop_to_send=5.6ms
[go2:sport] DRY cmd#4054 seq=4086 v=0.894 w=-0.567 dt=40.0ms policy_zmq_lag=0.6ms action_age=39.8ms scan_age=39.2ms scan_rx_age=15.8ms odom_age=9.2ms odom_rx_age=8.3ms sensor_skew=30.0ms loop_to_send=5.5ms
[go2:sport] DRY cmd#4055 seq=4087 v=0.894 w=-0.490 dt=39.9ms policy_zmq_lag=0.7ms action_age=39.9ms scan_age=39.2ms scan_rx_age=14.5ms odom_age=9.2ms odom_rx_age=8.2ms sensor_skew=30.0ms loop_to_send=5.5ms
[go2:sport] DRY cmd#4056 seq=4088 v=0.900 w=-0.610 dt=40.1ms policy_zmq_lag=0.6ms action_age=39.7ms scan_age=39.0ms scan_rx_age=16.1ms odom_age=9.2ms odom_rx_age=8.4ms sensor_skew=29.8ms loop_to_send=5.5ms
[go2:sport] DRY cmd#4057 seq=4089 v=0.895 w=-0.502 dt=40.9ms policy_zmq_lag=0.7ms action_age=40.6ms scan_age=39.9ms scan_rx_age=16.2ms odom_age=9.9ms odom_rx_age=8.9ms sensor_skew=30.0ms loop_to_send=6.3ms
[go2:sport] DRY cmd#4058 seq=4090 v=0.898 w=-0.554 dt=40.1ms policy_zmq_lag=0.7ms action_age=42.3ms scan_age=41.7ms scan_rx_age=16.5ms odom_age=9.9ms odom_rx_age=8.9ms sensor_skew=31.8ms loop_to_send=6.3ms
[go2:sport] DRY cmd#4059 seq=4091 v=0.894 w=-0.573 dt=39.5ms policy_zmq_lag=0.6ms action_age=40.3ms scan_age=39.6ms scan_rx_age=16.2ms odom_age=9.5ms odom_rx_age=8.5ms sensor_skew=30.2ms loop_to_send=6.0ms
[go2:sport] DRY cmd#4060 seq=4092 v=0.895 w=-0.492 dt=39.8ms policy_zmq_lag=0.6ms action_age=40.7ms scan_age=40.1ms scan_rx_age=16.0ms odom_age=9.4ms odom_rx_age=8.4ms sensor_skew=30.7ms loop_to_send=5.9ms
[go2:sport] DRY cmd#4061 seq=4093 v=0.900 w=-0.612 dt=39.9ms policy_zmq_lag=0.7ms action_age=40.0ms scan_age=39.2ms scan_rx_age=16.6ms odom_age=8.0ms odom_rx_age=7.0ms sensor_skew=31.3ms loop_to_send=5.7ms
[go2:sport] DRY cmd#4062 seq=4094 v=0.895 w=-0.517 dt=40.4ms policy_zmq_lag=0.6ms action_age=40.3ms scan_age=39.7ms scan_rx_age=16.6ms odom_age=9.8ms odom_rx_age=8.8ms sensor_skew=29.9ms loop_to_send=6.1ms
[go2:sport] DRY cmd#4063 seq=4095 v=0.898 w=-0.637 dt=40.5ms policy_zmq_lag=0.6ms action_age=40.8ms scan_age=40.2ms scan_rx_age=16.4ms odom_age=10.3ms odom_rx_age=9.3ms sensor_skew=30.0ms loop_to_send=6.5ms
[go2:sport] DRY cmd#4064 seq=4096 v=0.894 w=-0.541 dt=39.1ms policy_zmq_lag=0.6ms action_age=39.9ms scan_age=39.3ms scan_rx_age=16.4ms odom_age=9.4ms odom_rx_age=8.5ms sensor_skew=29.9ms loop_to_send=5.7ms
[go2:sport] DRY cmd#4065 seq=4097 v=0.895 w=-0.500 dt=39.7ms policy_zmq_lag=0.6ms action_age=40.2ms scan_age=39.6ms scan_rx_age=16.5ms odom_age=9.3ms odom_rx_age=8.6ms sensor_skew=30.3ms loop_to_send=5.5ms
[go2:sport] DRY cmd#4066 seq=4098 v=0.900 w=-0.620 dt=40.0ms policy_zmq_lag=0.6ms action_age=39.6ms scan_age=39.0ms scan_rx_age=16.7ms odom_age=9.3ms odom_rx_age=8.6ms sensor_skew=29.7ms loop_to_send=5.4ms
[go2:sport] DRY cmd#4067 seq=4099 v=0.894 w=-0.516 dt=40.0ms policy_zmq_lag=0.6ms action_age=39.6ms scan_age=39.0ms scan_rx_age=16.1ms odom_age=9.3ms odom_rx_age=8.5ms sensor_skew=29.7ms loop_to_send=5.5ms
[go2:sport] DRY cmd#4068 seq=4100 v=0.895 w=-0.521 dt=42.1ms policy_zmq_lag=0.8ms action_age=41.7ms scan_age=40.9ms scan_rx_age=14.3ms odom_age=14.2ms odom_rx_age=13.0ms sensor_skew=26.7ms loop_to_send=7.1ms
[go2:sport] DRY cmd#4069 seq=4101 v=0.899 w=-0.402 dt=38.8ms policy_zmq_lag=0.7ms action_age=39.9ms scan_age=39.2ms scan_rx_age=16.5ms odom_age=8.8ms odom_rx_age=7.7ms sensor_skew=30.4ms loop_to_send=6.4ms
[go2:sport] DRY cmd#4070 seq=4102 v=0.895 w=-0.503 dt=40.0ms policy_zmq_lag=0.6ms action_age=40.5ms scan_age=39.9ms scan_rx_age=16.5ms odom_age=9.8ms odom_rx_age=8.6ms sensor_skew=30.1ms loop_to_send=6.2ms
[go2:sport] DRY cmd#4071 seq=4103 v=0.900 w=-0.622 dt=39.6ms policy_zmq_lag=0.6ms action_age=40.2ms scan_age=39.6ms scan_rx_age=16.3ms odom_age=9.6ms odom_rx_age=8.7ms sensor_skew=30.0ms loop_to_send=5.9ms
[go2:sport] DRY cmd#4072 seq=4104 v=0.894 w=-0.502 dt=40.0ms policy_zmq_lag=0.6ms action_age=40.3ms scan_age=39.7ms scan_rx_age=16.5ms odom_age=9.7ms odom_rx_age=8.7ms sensor_skew=30.0ms loop_to_send=5.8ms
[go2:sport] DRY cmd#4073 seq=4105 v=0.894 w=-0.516 dt=41.0ms policy_zmq_lag=0.7ms action_age=41.2ms scan_age=40.5ms scan_rx_age=16.8ms odom_age=10.6ms odom_rx_age=9.3ms sensor_skew=29.9ms loop_to_send=6.8ms
[go2:sport] DRY cmd#4074 seq=4106 v=0.898 w=-0.587 dt=38.9ms policy_zmq_lag=0.6ms action_age=40.0ms scan_age=39.4ms scan_rx_age=16.2ms odom_age=9.6ms odom_rx_age=8.6ms sensor_skew=29.8ms loop_to_send=5.8ms
[go2:sport] DRY cmd#4075 seq=4107 v=0.895 w=-0.509 dt=39.7ms policy_zmq_lag=0.6ms action_age=39.7ms scan_age=39.1ms scan_rx_age=16.3ms odom_age=9.4ms odom_rx_age=8.6ms sensor_skew=29.7ms loop_to_send=5.5ms
[go2:sport] DRY cmd#4076 seq=4108 v=0.900 w=-0.629 dt=39.9ms policy_zmq_lag=0.6ms action_age=39.4ms scan_age=38.8ms scan_rx_age=16.5ms odom_age=9.2ms odom_rx_age=8.4ms sensor_skew=29.7ms loop_to_send=5.4ms
[go2:sport] DRY cmd#4077 seq=4109 v=0.894 w=-0.509 dt=40.3ms policy_zmq_lag=0.7ms action_age=39.9ms scan_age=39.2ms scan_rx_age=15.9ms odom_age=8.3ms odom_rx_age=7.5ms sensor_skew=30.9ms loop_to_send=5.5ms
[go2:sport] DRY cmd#4078 seq=4110 v=0.893 w=-0.575 dt=40.0ms policy_zmq_lag=0.6ms action_age=39.9ms scan_age=39.2ms scan_rx_age=16.1ms odom_age=9.5ms odom_rx_age=8.6ms sensor_skew=29.8ms loop_to_send=5.7ms
[go2:sport] DRY cmd#4079 seq=4111 v=0.900 w=-0.695 dt=39.8ms policy_zmq_lag=0.7ms action_age=39.5ms scan_age=38.8ms scan_rx_age=16.4ms odom_age=9.1ms odom_rx_age=8.3ms sensor_skew=29.7ms loop_to_send=5.4ms
[go2:sport] DRY cmd#4080 seq=4112 v=0.898 w=-0.592 dt=39.8ms policy_zmq_lag=0.6ms action_age=39.6ms scan_age=39.0ms scan_rx_age=13.5ms odom_age=9.1ms odom_rx_age=8.3ms sensor_skew=29.9ms loop_to_send=5.3ms
[go2:sport] DRY cmd#4081 seq=4113 v=0.900 w=-0.712 dt=39.9ms policy_zmq_lag=0.6ms action_age=39.5ms scan_age=38.9ms scan_rx_age=16.5ms odom_age=9.0ms odom_rx_age=8.3ms sensor_skew=29.8ms loop_to_send=5.2ms
[go2:sport] DRY cmd#4082 seq=4114 v=0.894 w=-0.592 dt=40.1ms policy_zmq_lag=0.6ms action_age=39.5ms scan_age=38.9ms scan_rx_age=15.8ms odom_age=9.1ms odom_rx_age=8.4ms sensor_skew=29.8ms loop_to_send=5.3ms
[go2:sport] DRY cmd#4083 seq=4115 v=0.894 w=-0.506 dt=40.1ms policy_zmq_lag=0.6ms action_age=39.5ms scan_age=38.9ms scan_rx_age=16.1ms odom_age=9.1ms odom_rx_age=8.4ms sensor_skew=29.8ms loop_to_send=5.3ms
[go2:sport] DRY cmd#4084 seq=4116 v=0.900 w=-0.626 dt=40.1ms policy_zmq_lag=0.7ms action_age=39.7ms scan_age=39.1ms scan_rx_age=16.3ms odom_age=9.1ms odom_rx_age=8.4ms sensor_skew=29.9ms loop_to_send=5.4ms
[go2:sport] DRY cmd#4085 seq=4117 v=0.899 w=-0.505 dt=39.9ms policy_zmq_lag=0.6ms action_age=39.6ms scan_age=39.0ms scan_rx_age=15.8ms odom_age=12.5ms odom_rx_age=11.8ms sensor_skew=26.5ms loop_to_send=5.3ms
[go2:sport] DRY cmd#4086 seq=4118 v=0.900 w=-0.625 dt=40.0ms policy_zmq_lag=0.7ms action_age=39.6ms scan_age=38.9ms scan_rx_age=16.1ms odom_age=9.1ms odom_rx_age=8.2ms sensor_skew=29.9ms loop_to_send=5.3ms
[go2:sport] DRY cmd#4087 seq=4119 v=0.894 w=-0.505 dt=40.1ms policy_zmq_lag=0.7ms action_age=39.7ms scan_age=39.0ms scan_rx_age=14.4ms odom_age=9.2ms odom_rx_age=8.4ms sensor_skew=29.8ms loop_to_send=5.4ms
[go2:sport] DRY cmd#4088 seq=4120 v=0.894 w=-0.506 dt=40.4ms policy_zmq_lag=0.6ms action_age=40.1ms scan_age=39.4ms scan_rx_age=16.5ms odom_age=9.6ms odom_rx_age=8.9ms sensor_skew=29.8ms loop_to_send=5.8ms
[go2:sport] DRY cmd#4089 seq=4121 v=0.900 w=-0.626 dt=40.0ms policy_zmq_lag=0.7ms action_age=40.0ms scan_age=39.3ms scan_rx_age=16.7ms odom_age=9.7ms odom_rx_age=8.9ms sensor_skew=29.6ms loop_to_send=5.8ms
[go2:sport] DRY cmd#4090 seq=4122 v=0.898 w=-0.589 dt=40.6ms policy_zmq_lag=0.6ms action_age=41.2ms scan_age=40.6ms scan_rx_age=17.2ms odom_age=10.3ms odom_rx_age=9.5ms sensor_skew=30.3ms loop_to_send=6.4ms
[go2:sport] DRY cmd#4091 seq=4123 v=0.900 w=-0.709 dt=39.4ms policy_zmq_lag=0.7ms action_age=40.0ms scan_age=39.3ms scan_rx_age=14.5ms odom_age=9.6ms odom_rx_age=8.8ms sensor_skew=29.7ms loop_to_send=5.8ms
[go2:sport] DRY cmd#4092 seq=4124 v=0.894 w=-0.589 dt=40.4ms policy_zmq_lag=0.7ms action_age=40.3ms scan_age=39.6ms scan_rx_age=14.9ms odom_age=16.5ms odom_rx_age=15.6ms sensor_skew=23.1ms loop_to_send=6.1ms
[go2:sport] DRY cmd#4093 seq=4125 v=0.894 w=-0.507 dt=39.4ms policy_zmq_lag=0.7ms action_age=39.8ms scan_age=39.1ms scan_rx_age=14.4ms odom_age=9.4ms odom_rx_age=8.5ms sensor_skew=29.7ms loop_to_send=5.5ms
[go2:sport] DRY cmd#4094 seq=4126 v=0.900 w=-0.627 dt=40.1ms policy_zmq_lag=0.7ms action_age=39.9ms scan_age=39.2ms scan_rx_age=14.5ms odom_age=9.5ms odom_rx_age=8.6ms sensor_skew=29.7ms loop_to_send=5.6ms
[go2:sport] DRY cmd#4095 seq=4127 v=0.899 w=-0.507 dt=39.9ms policy_zmq_lag=0.7ms action_age=39.9ms scan_age=39.1ms scan_rx_age=13.7ms odom_age=9.4ms odom_rx_age=8.5ms sensor_skew=29.8ms loop_to_send=5.5ms
[go2:sport] DRY cmd#4096 seq=4128 v=0.900 w=-0.627 dt=39.7ms policy_zmq_lag=0.6ms action_age=39.5ms scan_age=38.9ms scan_rx_age=16.4ms odom_age=9.2ms odom_rx_age=8.5ms sensor_skew=29.7ms loop_to_send=5.3ms
[go2:sport] DRY cmd#4097 seq=4129 v=0.894 w=-0.515 dt=40.2ms policy_zmq_lag=0.6ms action_age=39.7ms scan_age=39.1ms scan_rx_age=15.2ms odom_age=9.2ms odom_rx_age=8.3ms sensor_skew=29.9ms loop_to_send=5.5ms
[go2:sport] DRY cmd#4098 seq=4130 v=0.895 w=-0.498 dt=39.9ms policy_zmq_lag=0.7ms action_age=39.6ms scan_age=38.9ms scan_rx_age=16.2ms odom_age=9.2ms odom_rx_age=8.5ms sensor_skew=29.7ms loop_to_send=5.4ms
[go2:sport] DRY cmd#4099 seq=4131 v=0.900 w=-0.618 dt=40.4ms policy_zmq_lag=0.7ms action_age=40.0ms scan_age=39.3ms scan_rx_age=16.5ms odom_age=9.6ms odom_rx_age=8.6ms sensor_skew=29.8ms loop_to_send=5.7ms
[go2:sport] DRY cmd#4100 seq=4132 v=0.895 w=-0.516 dt=39.8ms policy_zmq_lag=0.7ms action_age=39.7ms scan_age=38.9ms scan_rx_age=16.1ms odom_age=9.2ms odom_rx_age=8.5ms sensor_skew=29.7ms loop_to_send=5.6ms
