scenario,seed,method,phase,recovery_trial,source,cmd_vx,cmd_vy,cmd_wz,measured_vx,measured_vy,measured_wz,predicted_vx,predicted_vy,predicted_wz,rolling_rmse,target_rmse,recovered,valid,safety_events
confirm_mixed_context,10101,frozen,adaptation,1,fixed,-0.35,-0.12,-0.35,-0.07939440537791483,-0.016776956952119677,-0.11976469791171426,nan,nan,nan,nan,0.14,False,True,
confirm_mixed_context,10102,frozen,adaptation,1,fixed,-0.35,-0.12,-0.35,-0.10810642118942092,-0.007742886254756557,-0.13486330094247048,nan,nan,nan,nan,0.14,False,True,
confirm_mixed_context,10103,frozen,adaptation,1,fixed,-0.35,-0.12,-0.35,-0.18312993547188877,0.002715673553315287,-0.087705017684776,nan,nan,nan,nan,0.14,False,True,
confirm_mixed_context,10104,frozen,adaptation,1,fixed,-0.35,-0.12,-0.35,-0.11909352358543997,-0.0013587896162431305,-0.16780880523893404,nan,nan,nan,nan,0.14,False,True,
confirm_mixed_context,10105,frozen,adaptation,1,fixed,-0.35,-0.12,-0.35,-0.11901238117916571,-0.029541640855894984,-0.07676748034982801,nan,nan,nan,nan,0.14,False,True,
confirm_mixed_context,10106,frozen,adaptation,1,fixed,-0.35,-0.12,-0.35,-0.09190797730166295,-0.029066529904665798,-0.08581541370893929,nan,nan,nan,nan,0.14,False,True,
confirm_mixed_context,10107,frozen,adaptation,1,fixed,-0.35,-0.12,-0.35,-0.13736244269428566,-0.05236345954405622,-0.1592350191303356,nan,nan,nan,nan,0.14,False,True,
confirm_mixed_context,10108,frozen,adaptation,1,fixed,-0.35,-0.12,-0.35,-0.13773405606848463,0.012815838485368493,-0.0794235657126317,nan,nan,nan,nan,0.14,False,True,
confirm_mixed_context,10109,frozen,adaptation,1,fixed,-0.35,-0.12,-0.35,-0.11807084959147825,0.016621433409107492,-0.12452679999543509,nan,nan,nan,nan,0.14,False,True,
confirm_mixed_context,10110,frozen,adaptation,1,fixed,-0.35,-0.12,-0.35,-0.13083906634811077,-0.04580560551220039,-0.15069419083749172,nan,nan,nan,nan,0.14,False,True,
confirm_mixed_context,10111,frozen,adaptation,1,fixed,-0.35,-0.12,-0.35,-0.13576548312313155,-0.029746553262902868,-0.21708817313849488,nan,nan,nan,nan,0.14,False,True,
confirm_mixed_context,10112,frozen,adaptation,1,fixed,-0.35,-0.12,-0.35,-0.15069120171170253,-0.0024465979969414665,-0.14042074704059843,nan,nan,nan,nan,0.14,False,True,
confirm_mixed_context,10113,frozen,adaptation,1,fixed,-0.35,-0.12,-0.35,-0.17073180061640436,-0.11420811034019777,-0.2573122337062067,nan,nan,nan,nan,0.14,False,True,
confirm_mixed_context,10114,frozen,adaptation,1,fixed,-0.35,-0.12,-0.35,-0.08554351454622686,-0.013533545424597476,-0.12517850714940384,nan,nan,nan,nan,0.14,False,True,
confirm_mixed_context,10115,frozen,adaptation,1,fixed,-0.35,-0.12,-0.35,-0.11716538775788872,-0.004711219221096614,-0.12970474311381355,nan,nan,nan,nan,0.14,False,True,
confirm_mixed_context,10116,frozen,adaptation,1,fixed,-0.35,-0.12,-0.35,-0.0917930553159243,-0.012189834078455093,-0.11788342060688596,nan,nan,nan,nan,0.14,False,True,
confirm_mixed_context,10117,frozen,adaptation,1,fixed,-0.35,-0.12,-0.35,-0.10944507739446467,-0.022773252983626844,-0.19552230557491349,nan,nan,nan,nan,0.14,False,True,
confirm_mixed_context,10118,frozen,adaptation,1,fixed,-0.35,-0.12,-0.35,-0.12119302841361679,-0.008252464256088754,-0.19949115929248326,nan,nan,nan,nan,0.14,False,True,
confirm_mixed_context,10119,frozen,adaptation,1,fixed,-0.35,-0.12,-0.35,-0.15072526927505403,-0.00944430223466408,-0.1255235812654496,nan,nan,nan,nan,0.14,False,True,
confirm_mixed_context,10120,frozen,adaptation,1,fixed,-0.35,-0.12,-0.35,-0.1097800137013651,-0.013566044410616873,-0.22226046763452417,nan,nan,nan,nan,0.14,False,True,
confirm_mixed_context,10121,frozen,adaptation,1,fixed,-0.35,-0.12,-0.35,-0.12509341380242023,-0.013572019875117875,-0.1917934418013952,nan,nan,nan,nan,0.14,False,True,
confirm_mixed_context,10122,frozen,adaptation,1,fixed,-0.35,-0.12,-0.35,-0.08978106242221122,-0.02655528951254803,-0.1869057769164198,nan,nan,nan,nan,0.14,False,True,
confirm_mixed_context,10123,frozen,adaptation,1,fixed,-0.35,-0.12,-0.35,-0.10354121516927357,-0.03283063930886319,-0.18372029739477466,nan,nan,nan,nan,0.14,False,True,
confirm_mixed_context,10124,frozen,adaptation,1,fixed,-0.35,-0.12,-0.35,-0.09774575047416402,-0.019567500284593153,-0.1556982824417195,nan,nan,nan,nan,0.14,False,True,
confirm_mixed_context,10125,frozen,adaptation,1,fixed,-0.35,-0.12,-0.35,-0.14084406485400255,-0.0008570136118010174,-0.20736035651206355,nan,nan,nan,nan,0.14,False,True,
confirm_mixed_context,10126,frozen,adaptation,1,fixed,-0.35,-0.12,-0.35,-0.14997773946642817,-0.06290594708653716,-0.19937728068261062,nan,nan,nan,nan,0.14,False,True,
confirm_mixed_context,10127,frozen,adaptation,1,fixed,-0.35,-0.12,-0.35,-0.12274157324399486,0.0073933499457623526,-0.16291465529301127,nan,nan,nan,nan,0.14,False,True,
confirm_mixed_context,10128,frozen,adaptation,1,fixed,-0.35,-0.12,-0.35,-0.09637407332726072,-0.019520664611255793,-0.1572558728324441,nan,nan,nan,nan,0.14,False,True,
confirm_mixed_context,10129,frozen,adaptation,1,fixed,-0.35,-0.12,-0.35,-0.14724855594448644,-0.015652517145428074,-0.18599635676463622,nan,nan,nan,nan,0.14,False,True,
confirm_mixed_context,10130,frozen,adaptation,1,fixed,-0.35,-0.12,-0.35,-0.09220754186298782,-0.00043036655153395794,-0.1741265728893516,nan,nan,nan,nan,0.14,False,True,
confirm_mixed_context,10131,frozen,adaptation,1,fixed,-0.35,-0.12,-0.35,-0.1254094866252807,-0.0004502484390139584,-0.1721915523121943,nan,nan,nan,nan,0.14,False,True,
confirm_mixed_context,10132,frozen,adaptation,1,fixed,-0.35,-0.12,-0.35,-0.10175566919735399,-0.017868830306021374,-0.21206946590168857,nan,nan,nan,nan,0.14,False,True,
confirm_mixed_context,10133,frozen,adaptation,1,fixed,-0.35,-0.12,-0.35,-0.09835171410765095,0.010217578656136423,-0.16015141333529337,nan,nan,nan,nan,0.14,False,True,
confirm_mixed_context,10134,frozen,adaptation,1,fixed,-0.35,-0.12,-0.35,-0.07053000218518529,-0.00217474321297042,-0.16647096205936393,nan,nan,nan,nan,0.14,False,True,
confirm_mixed_context,10135,frozen,adaptation,1,fixed,-0.35,-0.12,-0.35,-0.05253295342440444,-0.02352871037189018,-0.12910607299272853,nan,nan,nan,nan,0.14,False,True,
confirm_mixed_context,10136,frozen,adaptation,1,fixed,-0.35,-0.12,-0.35,-0.08287982153679402,-0.017843962044374353,-0.15180774511335196,nan,nan,nan,nan,0.14,False,True,
confirm_mixed_context,10137,frozen,adaptation,1,fixed,-0.35,-0.12,-0.35,-0.12248262344923405,0.002453840731629494,-0.2238395632125835,nan,nan,nan,nan,0.14,False,True,
confirm_mixed_context,10138,frozen,adaptation,1,fixed,-0.35,-0.12,-0.35,-0.12211352007169148,0.0071645154679316455,-0.15471409171031206,nan,nan,nan,nan,0.14,False,True,
confirm_mixed_context,10139,frozen,adaptation,1,fixed,-0.35,-0.12,-0.35,-0.10027150893595156,-0.027735601075706252,-0.16463432016442509,nan,nan,nan,nan,0.14,False,True,
confirm_mixed_context,10140,frozen,adaptation,1,fixed,-0.35,-0.12,-0.35,-0.07118537350471577,-0.03782787269819314,-0.10540196367749283,nan,nan,nan,nan,0.14,False,True,
confirm_mixed_context,10141,frozen,adaptation,1,fixed,-0.35,-0.12,-0.35,-0.1391651055526913,0.01915886991358537,-0.14127913853488874,nan,nan,nan,nan,0.14,False,True,
confirm_mixed_context,10142,frozen,adaptation,1,fixed,-0.35,-0.12,-0.35,-0.12049071587733814,-0.0055503327654198905,-0.2178426410845565,nan,nan,nan,nan,0.14,False,True,
confirm_mixed_context,10143,frozen,adaptation,1,fixed,-0.35,-0.12,-0.35,-0.12797511227973685,0.0011735736842251221,-0.16755189148722094,nan,nan,nan,nan,0.075,False,True,
confirm_mixed_context,10144,frozen,adaptation,1,fixed,-0.35,-0.12,-0.35,-0.09448535557243079,-0.002695429485763237,-0.20583213972867218,nan,nan,nan,nan,0.14,False,True,
confirm_mixed_context,10145,frozen,adaptation,1,fixed,-0.35,-0.12,-0.35,-0.09613273074333815,0.004354689518499915,-0.10505998056672976,nan,nan,nan,nan,0.14,False,True,
confirm_mixed_context,10146,frozen,adaptation,1,fixed,-0.35,-0.12,-0.35,-0.07175550043402093,-0.005494071312181057,-0.17086744764902864,nan,nan,nan,nan,0.14,False,True,
confirm_mixed_context,10147,frozen,adaptation,1,fixed,-0.35,-0.12,-0.35,-0.2009408207223,-0.034887477485988166,-0.18826126389369588,nan,nan,nan,nan,0.14,False,True,
confirm_mixed_context,10148,frozen,adaptation,1,fixed,-0.35,-0.12,-0.35,-0.12909100234118598,-0.013604547603045088,-0.16023866257609237,nan,nan,nan,nan,0.14,False,True,
confirm_mixed_context,10149,frozen,adaptation,1,fixed,-0.35,-0.12,-0.35,-0.058955928273119795,-0.009652380361417303,-0.12678931795881626,nan,nan,nan,nan,0.14,False,True,
confirm_mixed_context,10150,frozen,adaptation,1,fixed,-0.35,-0.12,-0.35,-0.20107611956234972,-0.12637589162414448,-0.1380404198781417,nan,nan,nan,nan,0.14,False,True,
confirm_mixed_context,10151,frozen,adaptation,1,fixed,-0.35,-0.12,-0.35,-0.12003687073263793,-0.004759802945369075,-0.09961622976402369,nan,nan,nan,nan,0.14,False,True,
confirm_mixed_context,10152,frozen,adaptation,1,fixed,-0.35,-0.12,-0.35,-0.11140270521984989,-0.000715061123683123,-0.15249466397300065,nan,nan,nan,nan,0.14,False,True,
confirm_mixed_context,10153,frozen,adaptation,1,fixed,-0.35,-0.12,-0.35,-0.1539615129887187,0.009213640036316806,-0.18785569804896743,nan,nan,nan,nan,0.14,False,True,
confirm_mixed_context,10154,frozen,adaptation,1,fixed,-0.35,-0.12,-0.35,-0.1409190720482096,-0.006215701313242702,-0.20256168642128286,nan,nan,nan,nan,0.14,False,True,
confirm_mixed_context,10155,frozen,adaptation,1,fixed,-0.35,-0.12,-0.35,-0.10848918300546102,0.00343421346258796,-0.16806412722346928,nan,nan,nan,nan,0.14,False,True,
confirm_mixed_context,10156,frozen,adaptation,1,fixed,-0.35,-0.12,-0.35,-0.08339329729587719,-0.020020397719740755,-0.16144555944889188,nan,nan,nan,nan,0.14,False,True,
confirm_mixed_context,10157,frozen,adaptation,1,fixed,-0.35,-0.12,-0.35,-0.1518875499113256,-0.047850906423212984,-0.19509916352450915,nan,nan,nan,nan,0.14,False,True,
confirm_mixed_context,10158,frozen,adaptation,1,fixed,-0.35,-0.12,-0.35,-0.1405613718385745,-0.008936229108664377,-0.15935723415475678,nan,nan,nan,nan,0.14,False,True,
confirm_mixed_context,10159,frozen,adaptation,1,fixed,-0.35,-0.12,-0.35,-0.09986947504084472,-0.012320437480835418,-0.1336042821999333,nan,nan,nan,nan,0.14,False,True,
confirm_mixed_context,10160,frozen,adaptation,1,fixed,-0.35,-0.12,-0.35,-0.13173987961302225,-0.004337127380802566,-0.193304259663224,nan,nan,nan,nan,0.14,False,True,
confirm_mixed_context,10161,frozen,adaptation,1,fixed,-0.35,-0.12,-0.35,-0.13822173539757082,0.004850913803187016,-0.11549598020898477,nan,nan,nan,nan,0.14,False,True,
confirm_mixed_context,10162,frozen,adaptation,1,fixed,-0.35,-0.12,-0.35,-0.10375558474266727,-0.024956859959202455,-0.11710618141817476,nan,nan,nan,nan,0.14,False,True,
confirm_mixed_context,10163,frozen,adaptation,1,fixed,-0.35,-0.12,-0.35,-0.15328138651117762,0.006887302554526529,-0.21108255211958726,nan,nan,nan,nan,0.14,False,True,
confirm_mixed_context,10164,frozen,adaptation,1,fixed,-0.35,-0.12,-0.35,-0.12547801135789383,-0.041269981700756866,-0.14025522776612165,nan,nan,nan,nan,0.14,False,True,
confirm_mixed_context,10165,frozen,adaptation,1,fixed,-0.35,-0.12,-0.35,-0.12887630706874556,-0.0048365119017413525,-0.1870652128860875,nan,nan,nan,nan,0.14,False,True,
confirm_mixed_context,10166,frozen,adaptation,1,fixed,-0.35,-0.12,-0.35,-0.10531738469955294,-0.018619606657479963,-0.13097579889059224,nan,nan,nan,nan,0.14,False,True,
confirm_mixed_context,10167,frozen,adaptation,1,fixed,-0.35,-0.12,-0.35,-0.10565344644567472,-0.014145948579400327,-0.1840864012593165,nan,nan,nan,nan,0.14,False,True,
confirm_mixed_context,10168,frozen,adaptation,1,fixed,-0.35,-0.12,-0.35,-0.1065618458109606,-0.005584094124532738,-0.20672392684020935,nan,nan,nan,nan,0.14,False,True,
confirm_mixed_context,10169,frozen,adaptation,1,fixed,-0.35,-0.12,-0.35,-0.0729011455098347,-0.04041402296796693,-0.16442773035415642,nan,nan,nan,nan,0.14,False,True,
confirm_mixed_context,10170,frozen,adaptation,1,fixed,-0.35,-0.12,-0.35,-0.09680456128265406,-0.040284157767795405,-0.199583014164346,nan,nan,nan,nan,0.14,False,True,
confirm_mixed_context,10171,frozen,adaptation,1,fixed,-0.35,-0.12,-0.35,-0.09196202386355258,-0.03930052497795676,-0.13028045495974835,nan,nan,nan,nan,0.14,False,True,
confirm_mixed_context,10172,frozen,adaptation,1,fixed,-0.35,-0.12,-0.35,-0.10735636062453374,-0.024316816229914766,-0.1774154326221436,nan,nan,nan,nan,0.14,False,True,
confirm_mixed_context,10101,frozen,validation,1,rolling_fixed_holdout,-0.3,0.0,-0.35,-0.049364300095182896,-0.004075499092664642,-0.11773467708574513,-0.2929526465640053,-0.0006791196415200476,-0.2918204456717855,nan,0.14,False,True,
confirm_mixed_context,10102,frozen,validation,1,rolling_fixed_holdout,-0.3,0.0,-0.35,-0.11153495649416023,0.017832764634391908,-0.12592217908301706,-0.29260311761036695,-0.005193561307064151,-0.2975524204927295,nan,0.14,False,True,
confirm_mixed_context,10103,frozen,validation,1,rolling_fixed_holdout,-0.3,0.0,-0.35,-0.18373205849698007,0.0012529051042486593,-0.046829941142482276,-0.3087912361545952,-0.0032546491052741506,-0.3020387824492803,nan,0.14,False,True,
confirm_mixed_context,10104,frozen,validation,1,rolling_fixed_holdout,-0.3,0.0,-0.35,-0.13808420295310558,0.013216432243032034,-0.1520481829646382,-0.30966132875820246,0.0009806755154748692,-0.309126496617778,nan,0.14,False,True,
confirm_mixed_context,10105,frozen,validation,1,rolling_fixed_holdout,-0.3,0.0,-0.35,-0.08512871139018548,-0.009724455512433915,-0.11099981159082975,-0.29427719862122087,0.004511143149358361,-0.31571352641418005,nan,0.14,False,True,
confirm_mixed_context,10106,frozen,validation,1,rolling_fixed_holdout,-0.3,0.0,-0.35,-0.056413288337274145,0.0019377955177846073,-0.11650162479339211,-0.31007471482208504,0.00032400375495187614,-0.31116669183534074,nan,0.14,False,True,
confirm_mixed_context,10107,frozen,validation,1,rolling_fixed_holdout,-0.3,0.0,-0.35,-0.07437832519676263,-0.0027344205097309133,-0.14839021122062585,-0.3063479618180181,-0.0048388186110168855,-0.29086869821112993,nan,0.14,False,True,
confirm_mixed_context,10108,frozen,validation,1,rolling_fixed_holdout,-0.3,0.0,-0.35,-0.13141283714503815,0.024978720077083745,-0.0500682495342067,-0.31456709687761314,-0.0001477288572011577,-0.30389569383870735,nan,0.14,False,True,
confirm_mixed_context,10109,frozen,validation,1,rolling_fixed_holdout,-0.3,0.0,-0.35,-0.12055648302401002,0.03483127334064465,-0.107296674277182,-0.28180827730896096,0.002877595849352475,-0.3383483861281701,nan,0.14,False,True,
confirm_mixed_context,10110,frozen,validation,1,rolling_fixed_holdout,-0.3,0.0,-0.35,-0.060635559312775096,-0.004704316697658065,-0.1353161799997416,-0.29634532004476266,-0.011681162040441846,-0.29195991448118536,nan,0.14,False,True,
confirm_mixed_context,10111,frozen,validation,1,rolling_fixed_holdout,-0.3,0.0,-0.35,-0.1202618242711432,-0.00016563248370373362,-0.18174246664607738,-0.3142162341573986,0.000237647661038015,-0.3083190421932041,nan,0.14,False,True,
confirm_mixed_context,10112,frozen,validation,1,rolling_fixed_holdout,-0.3,0.0,-0.35,-0.1490724101215702,0.003970144675658795,-0.11091572022703003,-0.3040977191994335,0.0031225552849133654,-0.3077228794925742,nan,0.14,False,True,
confirm_mixed_context,10113,frozen,validation,1,rolling_fixed_holdout,-0.3,0.0,-0.35,-0.09850758930500289,-0.011621561138564326,-0.16875575124387435,-0.28405296486691806,0.011674149560687427,-0.31991675886211746,nan,0.14,False,True,
confirm_mixed_context,10114,frozen,validation,1,rolling_fixed_holdout,-0.3,0.0,-0.35,-0.0963695790384754,0.0135187419280455,-0.1298143005239882,-0.3088323062428823,-0.013430888648978376,-0.2926001305715779,nan,0.14,False,True,
confirm_mixed_context,10115,frozen,validation,1,rolling_fixed_holdout,-0.3,0.0,-0.35,-0.1265294783050414,0.016389746065080264,-0.09212379530058491,-0.3122017927724595,0.0010103983640458772,-0.30645767548260394,nan,0.14,False,True,
confirm_mixed_context,10116,frozen,validation,1,rolling_fixed_holdout,-0.3,0.0,-0.35,-0.08145736566564743,0.007422361185046338,-0.13778148694362014,-0.3019376053969263,-0.007324988095685425,-0.2793026553289212,nan,0.14,False,True,
confirm_mixed_context,10117,frozen,validation,1,rolling_fixed_holdout,-0.3,0.0,-0.35,-0.09583446472557222,0.0030810303172602574,-0.21087332745874773,-0.30885797541230586,-0.0033308014599315546,-0.3079072135170981,nan,0.14,False,True,
confirm_mixed_context,10118,frozen,validation,1,rolling_fixed_holdout,-0.3,0.0,-0.35,-0.10275164868379626,0.0046680404305738275,-0.18905752942525242,-0.3121389206086664,-0.0020940892434201043,-0.3107586165261631,nan,0.14,False,True,
confirm_mixed_context,10119,frozen,validation,1,rolling_fixed_holdout,-0.3,0.0,-0.35,-0.15348124218886047,0.0016002361052440872,-0.09768869528329852,-0.2925151926484182,-0.003785793288961461,-0.291377037585591,nan,0.14,False,True,
confirm_mixed_context,10120,frozen,validation,1,rolling_fixed_holdout,-0.3,0.0,-0.35,-0.13167242978135982,0.0057126915175805745,-0.1851501983556405,-0.3009079916292792,-0.000882556158062868,-0.3032254723183063,nan,0.14,False,True,
confirm_mixed_context,10121,frozen,validation,1,rolling_fixed_holdout,-0.3,0.0,-0.35,-0.10067306212385957,-0.0003960048602604303,-0.1821718925087694,-0.30615768045479697,-0.000399322562213958,-0.2979371957968403,nan,0.14,False,True,
confirm_mixed_context,10122,frozen,validation,1,rolling_fixed_holdout,-0.3,0.0,-0.35,-0.09006825843705425,-0.011130682344831519,-0.1841640247381029,-0.3153294681557355,0.0005561259673860861,-0.3034268800918467,nan,0.14,False,True,
confirm_mixed_context,10123,frozen,validation,1,rolling_fixed_holdout,-0.3,0.0,-0.35,-0.09117228733307932,-0.0079180267945919,-0.1822415004162912,-0.3047772415929241,0.0003895843805455831,-0.31085299391504373,nan,0.14,False,True,
confirm_mixed_context,10124,frozen,validation,1,rolling_fixed_holdout,-0.3,0.0,-0.35,-0.10329118972580903,0.0027410940753245377,-0.15439362114505384,-0.29968669013599725,0.0035838323387046996,-0.3148328552915797,nan,0.14,False,True,
confirm_mixed_context,10125,frozen,validation,1,rolling_fixed_holdout,-0.3,0.0,-0.35,-0.1501192997375197,0.0047036063758738806,-0.1591061913649885,-0.31227182129110553,-0.0033373720516700327,-0.31286526830244205,nan,0.14,False,True,
confirm_mixed_context,10126,frozen,validation,1,rolling_fixed_holdout,-0.3,0.0,-0.35,-0.0849991606288108,-0.012161006517430904,-0.18835132976491512,-0.3000414331400214,-0.0059925915378472965,-0.29988304383665937,nan,0.14,False,True,
confirm_mixed_context,10127,frozen,validation,1,rolling_fixed_holdout,-0.3,0.0,-0.35,-0.11525578446184259,0.027021768408031024,-0.13553444838874143,-0.30706885020350044,-0.0034194461008313836,-0.3137040719969927,nan,0.14,False,True,
confirm_mixed_context,10128,frozen,validation,1,rolling_fixed_holdout,-0.3,0.0,-0.35,-0.11767203842997288,-0.0021546853286261753,-0.13045328060709033,-0.29894616060811485,0.001162404337851052,-0.30442994598250844,nan,0.14,False,True,
confirm_mixed_context,10129,frozen,validation,1,rolling_fixed_holdout,-0.3,0.0,-0.35,-0.13154336959307103,0.007791234670598013,-0.1695185905763192,-0.30226324501971824,0.005440095157149162,-0.2954581301147867,nan,0.14,False,True,
confirm_mixed_context,10130,frozen,validation,1,rolling_fixed_holdout,-0.3,0.0,-0.35,-0.11006000766503427,0.019796413697641204,-0.13472197425892096,-0.30687146183814773,0.011111966891235761,-0.3114472732533203,nan,0.14,False,True,
confirm_mixed_context,10131,frozen,validation,1,rolling_fixed_holdout,-0.3,0.0,-0.35,-0.1509234957377088,0.01108298402150627,-0.1224865893680425,-0.3094923957937527,-0.009473749573674098,-0.3030518646106812,nan,0.14,False,True,
confirm_mixed_context,10132,frozen,validation,1,rolling_fixed_holdout,-0.3,0.0,-0.35,-0.10624576174471051,-0.0032740876493289966,-0.18725330423153486,-0.29976840777342595,0.0010840624577034396,-0.29658349806842965,nan,0.14,False,True,
confirm_mixed_context,10133,frozen,validation,1,rolling_fixed_holdout,-0.3,0.0,-0.35,-0.11919618194807523,0.023695780676265397,-0.14172506099906115,-0.3066077076477348,-0.0017829670563029867,-0.2900233391562804,nan,0.14,False,True,
confirm_mixed_context,10134,frozen,validation,1,rolling_fixed_holdout,-0.3,0.0,-0.35,-0.08731446848388207,0.006512668901132944,-0.16924375005463244,-0.29455648721898703,0.012222507950008545,-0.3083158336757294,nan,0.14,False,True,
confirm_mixed_context,10135,frozen,validation,1,rolling_fixed_holdout,-0.3,0.0,-0.35,-0.09764539243009608,0.005564743614232008,-0.12303349238143675,-0.3004420521792325,-0.0038540766724978674,-0.2998104200776861,nan,0.14,False,True,
confirm_mixed_context,10136,frozen,validation,1,rolling_fixed_holdout,-0.3,0.0,-0.35,-0.11447104878357924,0.009894743138243655,-0.16439678073185238,-0.292723352716252,0.00483032133708602,-0.3125659404650246,nan,0.14,False,True,
confirm_mixed_context,10137,frozen,validation,1,rolling_fixed_holdout,-0.3,0.0,-0.35,-0.11457684310789171,0.0174232639228913,-0.2266168867982339,-0.3106538287528323,0.006493165071614036,-0.3181934227749021,nan,0.14,False,True,
confirm_mixed_context,10138,frozen,validation,1,rolling_fixed_holdout,-0.3,0.0,-0.35,-0.1416147504385967,0.018086319994016564,-0.14176687617444303,-0.30398511588131927,0.008394245136207335,-0.3161125684483777,nan,0.14,False,True,
confirm_mixed_context,10139,frozen,validation,1,rolling_fixed_holdout,-0.3,0.0,-0.35,-0.09481753158248958,-0.0003801161169572829,-0.19089942616675568,-0.30750707242048825,-0.0018312819856855704,-0.31314953284387176,nan,0.14,False,True,
confirm_mixed_context,10140,frozen,validation,1,rolling_fixed_holdout,-0.3,0.0,-0.35,-0.05965839005244041,0.006906134489239486,-0.1423426322308497,-0.29791851597201957,0.0013456192906921192,-0.3027364357107874,nan,0.14,False,True,
confirm_mixed_context,10141,frozen,validation,1,rolling_fixed_holdout,-0.3,0.0,-0.35,-0.1496214793509433,0.02386289796141252,-0.1285898453749104,-0.312896353905787,0.002706672013094644,-0.31373412801442924,nan,0.14,False,True,
confirm_mixed_context,10142,frozen,validation,1,rolling_fixed_holdout,-0.3,0.0,-0.35,-0.1340766745821378,0.008083016516714727,-0.1946108229741761,-0.30478314477957397,0.0020252307470055085,-0.2869021354552196,nan,0.14,False,True,
confirm_mixed_context,10143,frozen,validation,1,rolling_fixed_holdout,-0.3,0.0,-0.35,-0.12862940434913672,0.020217119103571726,-0.17330052031400195,-0.31121585432566007,-0.011367779663954681,-0.2886158957228074,nan,0.075,False,True,
confirm_mixed_context,10144,frozen,validation,1,rolling_fixed_holdout,-0.3,0.0,-0.35,-0.11984178884367269,0.0023523338115739316,-0.19930506590563093,-0.3083035210152745,0.005349167619071695,-0.31114948026112776,nan,0.14,False,True,
confirm_mixed_context,10145,frozen,validation,1,rolling_fixed_holdout,-0.3,0.0,-0.35,-0.11302164984666925,0.015427732371192807,-0.13104134051931812,-0.3124356753208578,-0.007362571126151615,-0.28635488335672943,nan,0.14,False,True,
confirm_mixed_context,10146,frozen,validation,1,rolling_fixed_holdout,-0.3,0.0,-0.35,-0.08834294103761282,0.009969051163561251,-0.16740262394893854,-0.30854551967760036,-0.0011451015058542183,-0.2975652143965847,nan,0.14,False,True,
confirm_mixed_context,10147,frozen,validation,1,rolling_fixed_holdout,-0.3,0.0,-0.35,-0.12430749231698801,0.006196386805135387,-0.16955351168175825,-0.30288968729784144,0.0033243113849096106,-0.3106866964743048,nan,0.14,False,True,
confirm_mixed_context,10148,frozen,validation,1,rolling_fixed_holdout,-0.3,0.0,-0.35,-0.12793826180075668,0.027016151763768974,-0.1448087624557111,-0.30141906430541815,-0.0012012282143536426,-0.3130189840174006,nan,0.14,False,True,
confirm_mixed_context,10149,frozen,validation,1,rolling_fixed_holdout,-0.3,0.0,-0.35,-0.06144894456642841,0.0053052281053570715,-0.15809999068516653,-0.28613645611296173,0.00292615449988162,-0.31050847059411113,nan,0.14,False,True,
confirm_mixed_context,10150,frozen,validation,1,rolling_fixed_holdout,-0.3,0.0,-0.35,-0.08408733727016621,0.005109753371869298,-0.10764335883701648,-0.29362529625870154,-0.0037299297323149026,-0.2946811167668483,nan,0.14,False,True,
confirm_mixed_context,10151,frozen,validation,1,rolling_fixed_holdout,-0.3,0.0,-0.35,-0.1281402707999657,0.013703871002564523,-0.0757827472265211,-0.3029770615195714,-0.01435830273258961,-0.3412971156797974,nan,0.14,False,True,
confirm_mixed_context,10152,frozen,validation,1,rolling_fixed_holdout,-0.3,0.0,-0.35,-0.13463606834486863,-0.007381604744028915,-0.09297996281866082,-0.2989270302885618,0.001790621001784239,-0.3015871458383174,nan,0.14,False,True,
confirm_mixed_context,10153,frozen,validation,1,rolling_fixed_holdout,-0.3,0.0,-0.35,-0.13462073018076984,0.022176185454532513,-0.18268424650855064,-0.30987827920664973,-0.006411064568559432,-0.2848605474884651,nan,0.14,False,True,
confirm_mixed_context,10154,frozen,validation,1,rolling_fixed_holdout,-0.3,0.0,-0.35,-0.16669893560505597,0.00779478100724817,-0.16678478992053622,-0.3116183778207635,0.00016305959142316268,-0.3041744260752019,nan,0.14,False,True,
confirm_mixed_context,10155,frozen,validation,1,rolling_fixed_holdout,-0.3,0.0,-0.35,-0.11613804389749978,0.01699104525340973,-0.11144315912908408,-0.271725168735094,0.002452639915777315,-0.3056960525759663,nan,0.14,False,True,
confirm_mixed_context,10156,frozen,validation,1,rolling_fixed_holdout,-0.3,0.0,-0.35,-0.0660689873394447,0.010180144524535735,-0.16497330841201444,-0.29871704815479494,-0.009693144107468807,-0.283239496391874,nan,0.14,False,True,
confirm_mixed_context,10157,frozen,validation,1,rolling_fixed_holdout,-0.3,0.0,-0.35,-0.09648328532676641,0.018804579685434687,-0.21070450626316964,-0.30955670656440054,0.0033872010631209163,-0.3099392524714139,nan,0.14,False,True,
confirm_mixed_context,10158,frozen,validation,1,rolling_fixed_holdout,-0.3,0.0,-0.35,-0.13644551302352315,0.019902731263473094,-0.13585701825920785,-0.30734230670048296,-0.0012417867898805056,-0.3094545327926132,nan,0.14,False,True,
confirm_mixed_context,10159,frozen,validation,1,rolling_fixed_holdout,-0.3,0.0,-0.35,-0.11375583830120245,0.0096755627541313,-0.12269424825757813,-0.299136201239346,-0.006604264206105145,-0.28729366396073563,nan,0.14,False,True,
confirm_mixed_context,10160,frozen,validation,1,rolling_fixed_holdout,-0.3,0.0,-0.35,-0.14650934514048036,0.0024367324916346605,-0.13167973589725146,-0.31033833960190677,-0.0069130640070512875,-0.2991700832179428,nan,0.14,False,True,
confirm_mixed_context,10161,frozen,validation,1,rolling_fixed_holdout,-0.3,0.0,-0.35,-0.1388528714763029,0.01935682194499181,-0.0929650108033565,-0.3146253722049281,0.00017045772146560316,-0.29454599112081825,nan,0.14,False,True,
confirm_mixed_context,10162,frozen,validation,1,rolling_fixed_holdout,-0.3,0.0,-0.35,-0.07447090262691154,0.014106511816295637,-0.132541322663728,-0.311108808637706,-0.009859538930736047,-0.3088177351855468,nan,0.14,False,True,
confirm_mixed_context,10163,frozen,validation,1,rolling_fixed_holdout,-0.3,0.0,-0.35,-0.14662366618436318,0.024679442759838587,-0.16906900766428568,-0.30762239341130515,0.004610089558403253,-0.3188037607347175,nan,0.14,False,True,
confirm_mixed_context,10164,frozen,validation,1,rolling_fixed_holdout,-0.3,0.0,-0.35,-0.10318186231780833,-0.0003514195733916917,-0.13926043739925772,-0.2993939092912847,0.005324670892946302,-0.31374368934209973,nan,0.14,False,True,
confirm_mixed_context,10165,frozen,validation,1,rolling_fixed_holdout,-0.3,0.0,-0.35,-0.11136045411198658,0.006688764733224224,-0.19486277517760242,-0.30683253400361343,0.0016832346928753077,-0.306860800354814,nan,0.14,False,True,
confirm_mixed_context,10166,frozen,validation,1,rolling_fixed_holdout,-0.3,0.0,-0.35,-0.12750503574768823,0.004813274864816663,-0.11290586077146259,-0.3097825730406699,0.0031779469992711325,-0.303345678896169,nan,0.14,False,True,
confirm_mixed_context,10167,frozen,validation,1,rolling_fixed_holdout,-0.3,0.0,-0.35,-0.12388213412385364,-0.0011393811897061228,-0.17238333246252754,-0.3003478988902816,-0.0011262185768064438,-0.29572991540552646,nan,0.14,False,True,
confirm_mixed_context,10168,frozen,validation,1,rolling_fixed_holdout,-0.3,0.0,-0.35,-0.10520726342363503,0.005686706037615655,-0.18533488027342693,-0.2993407293815032,-0.001900862522513626,-0.29325901048367103,nan,0.14,False,True,
confirm_mixed_context,10169,frozen,validation,1,rolling_fixed_holdout,-0.3,0.0,-0.35,-0.08358780129968735,-0.0028081315458570915,-0.1840516408778037,-0.2908321269936981,-0.007579646685045164,-0.2969684830571945,nan,0.14,False,True,
confirm_mixed_context,10170,frozen,validation,1,rolling_fixed_holdout,-0.3,0.0,-0.35,-0.08259917906205212,-0.014470045398455474,-0.18852811889148705,-0.30638627566316456,-0.0002196627596919088,-0.3030072103426007,nan,0.14,False,True,
confirm_mixed_context,10171,frozen,validation,1,rolling_fixed_holdout,-0.3,0.0,-0.35,-0.06719196901210639,-0.0031950175716087856,-0.14865609962050205,-0.30342450494690965,-0.008030372449796968,-0.30347907689161313,nan,0.14,False,True,
confirm_mixed_context,10172,frozen,validation,1,rolling_fixed_holdout,-0.3,0.0,-0.35,-0.11330572509082104,-0.0011433128736085185,-0.1613429469260675,-0.3156481689634343,-0.014175389454254712,-0.2914180017444004,nan,0.14,False,True,
confirm_mixed_context,10101,frozen,adaptation,2,fixed,0.35,0.12,0.35,0.20766558375353456,0.04499192664852726,0.2194856740774621,nan,nan,nan,nan,0.14,False,True,
confirm_mixed_context,10102,frozen,adaptation,2,fixed,0.35,0.12,0.35,0.1797788119690664,0.06451124228359606,0.19158764209683882,nan,nan,nan,nan,0.14,False,True,
confirm_mixed_context,10103,frozen,adaptation,2,fixed,0.35,0.12,0.35,0.19343294182077486,0.02967400504533486,0.23005126023873465,nan,nan,nan,nan,0.14,False,True,
confirm_mixed_context,10104,frozen,adaptation,2,fixed,0.35,0.12,0.35,0.2514501162028087,0.06792441624713566,0.18720871947326254,nan,nan,nan,nan,0.14,False,True,
confirm_mixed_context,10105,frozen,adaptation,2,fixed,0.35,0.12,0.35,0.255727762795578,0.061445444779565046,0.1533030190359175,nan,nan,nan,nan,0.14,False,True,
confirm_mixed_context,10106,frozen,adaptation,2,fixed,0.35,0.12,0.35,0.1326765508810206,0.06913793861273855,0.1967111643727671,nan,nan,nan,nan,0.14,False,True,
confirm_mixed_context,10107,frozen,adaptation,2,fixed,0.35,0.12,0.35,0.1709931489996521,0.09088788232043837,0.19383607233296543,nan,nan,nan,nan,0.14,False,True,
confirm_mixed_context,10108,frozen,adaptation,2,fixed,0.35,0.12,0.35,0.23522014293631302,0.03477386840462413,0.193338689806235,nan,nan,nan,nan,0.14,False,True,
confirm_mixed_context,10109,frozen,adaptation,2,fixed,0.35,0.12,0.35,0.19091399436759135,0.0116627972068529,0.1428168501671137,nan,nan,nan,nan,0.14,False,True,
confirm_mixed_context,10110,frozen,adaptation,2,fixed,0.35,0.12,0.35,0.20365671391647444,0.06363122213974058,0.25228643066874246,nan,nan,nan,nan,0.14,False,True,
confirm_mixed_context,10111,frozen,adaptation,2,fixed,0.35,0.12,0.35,0.1324404202666735,0.0783419250944465,0.1917876407860447,nan,nan,nan,nan,0.14,False,True,
confirm_mixed_context,10112,frozen,adaptation,2,fixed,0.35,0.12,0.35,0.22632776395485862,0.06409000003492882,0.14216229738087371,nan,nan,nan,nan,0.14,False,True,
confirm_mixed_context,10113,frozen,adaptation,2,fixed,0.35,0.12,0.35,0.11622878671121396,0.06601540782258207,0.162056453846031,nan,nan,nan,nan,0.14,False,True,
confirm_mixed_context,10114,frozen,adaptation,2,fixed,0.35,0.12,0.35,0.22431423153070681,0.058383423226117816,0.1842313803081768,nan,nan,nan,nan,0.14,False,True,
confirm_mixed_context,10115,frozen,adaptation,2,fixed,0.35,0.12,0.35,0.1926903667415425,0.04925195283799246,0.18385319537170686,nan,nan,nan,nan,0.14,False,True,
confirm_mixed_context,10116,frozen,adaptation,2,fixed,0.35,0.12,0.35,0.1521947839435959,0.09061209358424627,0.14745987260755675,nan,nan,nan,nan,0.14,False,True,
confirm_mixed_context,10117,frozen,adaptation,2,fixed,0.35,0.12,0.35,0.22637154394339754,0.05838421581344826,0.18576616589053654,nan,nan,nan,nan,0.14,False,True,
confirm_mixed_context,10118,frozen,adaptation,2,fixed,0.35,0.12,0.35,0.14214625150995147,0.05913900803410166,0.24544299922779358,nan,nan,nan,nan,0.14,False,True,
confirm_mixed_context,10119,frozen,adaptation,2,fixed,0.35,0.12,0.35,0.1368003179207553,0.04764109907165185,0.17106105459215196,nan,nan,nan,nan,0.14,False,True,
confirm_mixed_context,10120,frozen,adaptation,2,fixed,0.35,0.12,0.35,0.25224233143056124,0.08238711587506764,0.18886462238871532,nan,nan,nan,nan,0.14,False,True,
confirm_mixed_context,10121,frozen,adaptation,2,fixed,0.35,0.12,0.35,0.2022887624701929,0.04200622266568469,0.2396627427944876,nan,nan,nan,nan,0.14,False,True,
confirm_mixed_context,10122,frozen,adaptation,2,fixed,0.35,0.12,0.35,0.12215599960776535,0.06387717048308175,0.15988024861729908,nan,nan,nan,nan,0.14,False,True,
confirm_mixed_context,10123,frozen,adaptation,2,fixed,0.35,0.12,0.35,0.18346077140129008,0.05224162004669017,0.21714021037398468,nan,nan,nan,nan,0.14,False,True,
confirm_mixed_context,10124,frozen,adaptation,2,fixed,0.35,0.12,0.35,0.10151034671647596,0.03564705466672137,0.14295913197692642,nan,nan,nan,nan,0.14,False,True,
confirm_mixed_context,10125,frozen,adaptation,2,fixed,0.35,0.12,0.35,0.24516159996029482,0.03850344240806883,0.18274394277964626,nan,nan,nan,nan,0.14,False,True,
confirm_mixed_context,10126,frozen,adaptation,2,fixed,0.35,0.12,0.35,0.14409564064007332,0.0555793852068163,0.14868048093072536,nan,nan,nan,nan,0.14,False,True,
confirm_mixed_context,10127,frozen,adaptation,2,fixed,0.35,0.12,0.35,0.11742200410084574,0.021785289153303463,0.17276101874344266,nan,nan,nan,nan,0.14,False,True,
confirm_mixed_context,10128,frozen,adaptation,2,fixed,0.35,0.12,0.35,0.12214161246975197,0.08274843499969767,0.15717801822233868,nan,nan,nan,nan,0.14,False,True,
confirm_mixed_context,10129,frozen,adaptation,2,fixed,0.35,0.12,0.35,0.15622491161305407,0.061779022230174334,0.21659003609153224,nan,nan,nan,nan,0.14,False,True,
confirm_mixed_context,10130,frozen,adaptation,2,fixed,0.35,0.12,0.35,0.22130914659873013,0.02093997166588419,0.23664877723178873,nan,nan,nan,nan,0.14,False,True,
confirm_mixed_context,10131,frozen,adaptation,2,fixed,0.35,0.12,0.35,0.22923475859548356,0.06672149005001805,0.19378523399077482,nan,nan,nan,nan,0.14,False,True,
confirm_mixed_context,10132,frozen,adaptation,2,fixed,0.35,0.12,0.35,0.17099591771644304,0.07991130929853078,0.22671992984848574,nan,nan,nan,nan,0.14,False,True,
confirm_mixed_context,10133,frozen,adaptation,2,fixed,0.35,0.12,0.35,0.20747707949454172,0.016328149284143206,0.23087309597950273,nan,nan,nan,nan,0.14,False,True,
confirm_mixed_context,10134,frozen,adaptation,2,fixed,0.35,0.12,0.35,0.1777240088881218,0.04102796032059872,0.16509219291487146,nan,nan,nan,nan,0.14,False,True,
confirm_mixed_context,10135,frozen,adaptation,2,fixed,0.35,0.12,0.35,0.12344136947304045,0.06765934267656204,0.1827895166498689,nan,nan,nan,nan,0.14,False,True,
confirm_mixed_context,10136,frozen,adaptation,2,fixed,0.35,0.12,0.35,0.2265932786869232,0.06506556557992184,0.17259356448950897,nan,nan,nan,nan,0.14,False,True,
confirm_mixed_context,10137,frozen,adaptation,2,fixed,0.35,0.12,0.35,0.1956965428986142,0.027786812228228246,0.23434463312248238,nan,nan,nan,nan,0.14,False,True,
confirm_mixed_context,10138,frozen,adaptation,2,fixed,0.35,0.12,0.35,0.20106650773367427,0.02726106231905635,0.20048657454580182,nan,nan,nan,nan,0.14,False,True,
confirm_mixed_context,10139,frozen,adaptation,2,fixed,0.35,0.12,0.35,0.2431445370012821,0.04805355715398707,0.1464938311069825,nan,nan,nan,nan,0.14,False,True,
confirm_mixed_context,10140,frozen,adaptation,2,fixed,0.35,0.12,0.35,0.1881380262992172,0.06164791682619822,0.2313835585823808,nan,nan,nan,nan,0.14,False,True,
confirm_mixed_context,10141,frozen,adaptation,2,fixed,0.35,0.12,0.35,0.21548676714654152,0.010647200616026043,0.15298058992102087,nan,nan,nan,nan,0.14,False,True,
confirm_mixed_context,10142,frozen,adaptation,2,fixed,0.35,0.12,0.35,0.11548416120549405,0.04641137675003431,0.19984907706946195,nan,nan,nan,nan,0.14,False,True,
confirm_mixed_context,10143,frozen,adaptation,2,fixed,0.35,0.12,0.35,0.24572243276596872,0.023203526245187543,0.22147976813138986,nan,nan,nan,nan,0.075,False,True,
confirm_mixed_context,10144,frozen,adaptation,2,fixed,0.35,0.12,0.35,0.1002273821533305,0.03906735898660069,0.19249340597146566,nan,nan,nan,nan,0.14,False,True,
confirm_mixed_context,10145,frozen,adaptation,2,fixed,0.35,0.12,0.35,0.23222973363600302,0.04451356365206249,0.18133994893179323,nan,nan,nan,nan,0.14,False,True,
confirm_mixed_context,10146,frozen,adaptation,2,fixed,0.35,0.12,0.35,0.14829587635025676,0.05199797858917939,0.23185232640521664,nan,nan,nan,nan,0.14,False,True,
confirm_mixed_context,10147,frozen,adaptation,2,fixed,0.35,0.12,0.35,0.2164180093185362,0.0872971812971426,0.22904272730080422,nan,nan,nan,nan,0.14,False,True,
confirm_mixed_context,10148,frozen,adaptation,2,fixed,0.35,0.12,0.35,0.23483501061858425,0.05235593663749169,0.21166698483837224,nan,nan,nan,nan,0.14,False,True,
confirm_mixed_context,10149,frozen,adaptation,2,fixed,0.35,0.12,0.35,0.18117888370054655,0.030420107604517514,0.13039124476771596,nan,nan,nan,nan,0.14,False,True,
confirm_mixed_context,10150,frozen,adaptation,2,fixed,0.35,0.12,0.35,0.12218428244340444,0.0820142853626591,0.13764849683648014,nan,nan,nan,nan,0.14,False,True,
confirm_mixed_context,10151,frozen,adaptation,2,fixed,0.35,0.12,0.35,0.12311398316502327,0.04133280486033327,0.1657497084974875,nan,nan,nan,nan,0.14,False,True,
confirm_mixed_context,10152,frozen,adaptation,2,fixed,0.35,0.12,0.35,0.19374855596441667,0.06754095249916857,0.27618235451839845,nan,nan,nan,nan,0.14,False,True,
confirm_mixed_context,10153,frozen,adaptation,2,fixed,0.35,0.12,0.35,0.2337407075197384,0.02001531233402577,0.24319944702010746,nan,nan,nan,nan,0.14,False,True,
confirm_mixed_context,10154,frozen,adaptation,2,fixed,0.35,0.12,0.35,0.20547928968733703,0.07815909518925591,0.20522165326146866,nan,nan,nan,nan,0.14,False,True,
confirm_mixed_context,10155,frozen,adaptation,2,fixed,0.35,0.12,0.35,0.18206779407660068,0.012290927384465102,0.17096843134081044,nan,nan,nan,nan,0.14,False,True,
confirm_mixed_context,10156,frozen,adaptation,2,fixed,0.35,0.12,0.35,0.15391335532708025,0.049567962218485924,0.20721342466670395,nan,nan,nan,nan,0.14,False,True,
confirm_mixed_context,10157,frozen,adaptation,2,fixed,0.35,0.12,0.35,0.16609091512218233,0.03774089273492992,0.20384798590478662,nan,nan,nan,nan,0.14,False,True,
confirm_mixed_context,10158,frozen,adaptation,2,fixed,0.35,0.12,0.35,0.21577780916086622,0.0671737478652805,0.2147682982752175,nan,nan,nan,nan,0.14,False,True,
confirm_mixed_context,10159,frozen,adaptation,2,fixed,0.35,0.12,0.35,0.13596746794766865,0.055611446171979724,0.12961245366876706,nan,nan,nan,nan,0.14,False,True,
confirm_mixed_context,10160,frozen,adaptation,2,fixed,0.35,0.12,0.35,0.20877594847565648,0.04823903619930454,0.2959817756713981,nan,nan,nan,nan,0.14,False,True,
confirm_mixed_context,10161,frozen,adaptation,2,fixed,0.35,0.12,0.35,0.20673040073216173,0.032190713532405206,0.23605038834087758,nan,nan,nan,nan,0.14,False,True,
confirm_mixed_context,10162,frozen,adaptation,2,fixed,0.35,0.12,0.35,0.25813576705671804,0.055814360256321006,0.21212217743640205,nan,nan,nan,nan,0.14,False,True,
confirm_mixed_context,10163,frozen,adaptation,2,fixed,0.35,0.12,0.35,0.2307083575214818,0.03942038364464431,0.22629932337937408,nan,nan,nan,nan,0.14,False,True,
confirm_mixed_context,10164,frozen,adaptation,2,fixed,0.35,0.12,0.35,0.22647959068138288,0.09965652877018821,0.18009650304809072,nan,nan,nan,nan,0.14,False,True,
confirm_mixed_context,10165,frozen,adaptation,2,fixed,0.35,0.12,0.35,0.21566868368565006,0.04943019483312426,0.2709293994160151,nan,nan,nan,nan,0.14,False,True,
confirm_mixed_context,10166,frozen,adaptation,2,fixed,0.35,0.12,0.35,0.2455353399755404,0.10358571784842525,0.17257672267612306,nan,nan,nan,nan,0.14,False,True,
confirm_mixed_context,10167,frozen,adaptation,2,fixed,0.35,0.12,0.35,0.09884641026419197,0.04180265805767428,0.18031519063272478,nan,nan,nan,nan,0.14,False,True,
confirm_mixed_context,10168,frozen,adaptation,2,fixed,0.35,0.12,0.35,0.1903561264752917,0.017416415434432068,0.18441574472882094,nan,nan,nan,nan,0.14,False,True,
confirm_mixed_context,10169,frozen,adaptation,2,fixed,0.35,0.12,0.35,0.07046204426872626,0.05153547060340388,0.17391604785884845,nan,nan,nan,nan,0.14,False,True,
confirm_mixed_context,10170,frozen,adaptation,2,fixed,0.35,0.12,0.35,0.08483975143718246,0.04784922523469769,0.17507584743567595,nan,nan,nan,nan,0.14,False,True,
confirm_mixed_context,10171,frozen,adaptation,2,fixed,0.35,0.12,0.35,0.17695780800957597,0.10272392204510294,0.18700953772997214,nan,nan,nan,nan,0.14,False,True,
confirm_mixed_context,10172,frozen,adaptation,2,fixed,0.35,0.12,0.35,0.12321271871962981,0.04417018270309279,0.1415295196307766,nan,nan,nan,nan,0.14,False,True,
confirm_mixed_context,10101,frozen,validation,2,rolling_fixed_holdout,-0.3,0.0,0.35,-0.13768827161448322,-0.009512847628456042,0.18031802357431687,-0.29536074060161893,0.002503336391517928,0.2984390476610577,nan,0.14,False,True,
confirm_mixed_context,10102,frozen,validation,2,rolling_fixed_holdout,-0.3,0.0,0.35,-0.10353191180769358,-0.02099107916185029,0.11798793219951546,-0.28659037894017,0.001919105051756778,0.28427308962559034,nan,0.14,False,True,
confirm_mixed_context,10103,frozen,validation,2,rolling_fixed_holdout,-0.3,0.0,0.35,-0.143799006757182,-0.004401273283638527,0.2027876072056765,-0.30996303706988976,-0.010532056723632943,0.33885940849483553,nan,0.14,False,True,
confirm_mixed_context,10104,frozen,validation,2,rolling_fixed_holdout,-0.3,0.0,0.35,-0.10716151215814186,0.019786807541112995,0.12662799640339029,-0.3167709825921615,-0.010760831049734253,0.324698911041848,nan,0.14,False,True,
confirm_mixed_context,10105,frozen,validation,2,rolling_fixed_holdout,-0.3,0.0,0.35,-0.11003985981220178,-0.020667392526513808,0.15273342765077438,-0.2902424937626703,-0.010096774674603428,0.32487310330094565,nan,0.14,False,True,
confirm_mixed_context,10106,frozen,validation,2,rolling_fixed_holdout,-0.3,0.0,0.35,-0.12466102076133542,-0.01803705260324423,0.14937873935299106,-0.30795933873151743,-0.01016180793644684,0.3295224487068991,nan,0.14,False,True,
confirm_mixed_context,10107,frozen,validation,2,rolling_fixed_holdout,-0.3,0.0,0.35,-0.1144980830515434,-0.022621045898074926,0.14266284277738123,-0.3090097345596862,-0.0035318835544922078,0.29389257964852594,nan,0.14,False,True,
confirm_mixed_context,10108,frozen,validation,2,rolling_fixed_holdout,-0.3,0.0,0.35,-0.13079388614714857,0.009856941374423804,0.14820122663282925,-0.3168051633087113,-0.008509889236585105,0.32725247593298973,nan,0.14,False,True,
confirm_mixed_context,10109,frozen,validation,2,rolling_fixed_holdout,-0.3,0.0,0.35,-0.11372957852482002,-0.007109727505449746,0.14644483110680673,-0.2430684032424242,0.012117431103715897,0.3021478811937405,nan,0.14,False,True,
confirm_mixed_context,10110,frozen,validation,2,rolling_fixed_holdout,-0.3,0.0,0.35,-0.11869754510477014,-0.0031762336209231606,0.16723913149728176,-0.29680442214457287,-0.004537670658046295,0.29741647304503716,nan,0.14,False,True,
confirm_mixed_context,10111,frozen,validation,2,rolling_fixed_holdout,-0.3,0.0,0.35,-0.10247225945812707,-0.0019192386391805798,0.14895105450698648,-0.31289973097328583,-0.01201328116918821,0.3209079994867626,nan,0.14,False,True,
confirm_mixed_context,10112,frozen,validation,2,rolling_fixed_holdout,-0.3,0.0,0.35,-0.16172659689459357,0.018337746115723856,0.12202947196695532,-0.3045100216095235,-0.011146437386977948,0.33043267138153104,nan,0.14,False,True,
confirm_mixed_context,10113,frozen,validation,2,rolling_fixed_holdout,-0.3,0.0,0.35,-0.11529798260913551,-0.014714704805619946,0.1518370100319586,-0.2656206054169983,0.008068467589614877,0.30098687648217487,nan,0.14,False,True,
confirm_mixed_context,10114,frozen,validation,2,rolling_fixed_holdout,-0.3,0.0,0.35,-0.11896488502024566,-0.022984334519872692,0.1460971025110715,-0.31173800267385293,-0.00956211290500382,0.292983792372337,nan,0.14,False,True,
confirm_mixed_context,10115,frozen,validation,2,rolling_fixed_holdout,-0.3,0.0,0.35,-0.13804389933452207,0.028002904614633565,0.1615867649258924,-0.30892322344455875,-0.010070280839461944,0.33216760348408775,nan,0.14,False,True,
confirm_mixed_context,10116,frozen,validation,2,rolling_fixed_holdout,-0.3,0.0,0.35,-0.09082602106851906,0.0074872314127294335,0.13742832207248357,-0.30044397272868667,-0.0031326653451056122,0.3062136203682512,nan,0.14,False,True,
confirm_mixed_context,10117,frozen,validation,2,rolling_fixed_holdout,-0.3,0.0,0.35,-0.10276624652280422,-0.03340966671253023,0.12374241008309016,-0.3097092669214811,-0.011507758691716727,0.33298123588151096,nan,0.14,False,True,
confirm_mixed_context,10118,frozen,validation,2,rolling_fixed_holdout,-0.3,0.0,0.35,-0.10982055612795158,0.0062552598030209345,0.16443214398276546,-0.3068424288901388,-0.005833152061706929,0.3337394154928024,nan,0.14,False,True,
confirm_mixed_context,10119,frozen,validation,2,rolling_fixed_holdout,-0.3,0.0,0.35,-0.1447979176270465,0.00022816193397252703,0.1851805445098724,-0.2900345075859347,0.0001599848002791191,0.2881982651664561,nan,0.14,False,True,
confirm_mixed_context,10120,frozen,validation,2,rolling_fixed_holdout,-0.3,0.0,0.35,-0.07452689115514805,-0.033406923919151545,0.11903664960361239,-0.30172429949918067,-0.01365404579227626,0.3181099124659131,nan,0.14,False,True,
confirm_mixed_context,10121,frozen,validation,2,rolling_fixed_holdout,-0.3,0.0,0.35,-0.11544539364357387,-0.021008313799089243,0.14720815595627249,-0.31362164522743796,-0.002400345287467755,0.2990023493912708,nan,0.14,False,True,
confirm_mixed_context,10122,frozen,validation,2,rolling_fixed_holdout,-0.3,0.0,0.35,-0.10515483235124545,-0.01346025421378285,0.08997684488902562,-0.3189131696744313,-0.007911489154357973,0.3356504237389009,nan,0.14,False,True,
confirm_mixed_context,10123,frozen,validation,2,rolling_fixed_holdout,-0.3,0.0,0.35,-0.08056958035391447,0.009722610695650991,0.0973984380876113,-0.2990223065415697,0.0028784242139819737,0.32897036528176893,nan,0.14,False,True,
confirm_mixed_context,10124,frozen,validation,2,rolling_fixed_holdout,-0.3,0.0,0.35,-0.11340859430025042,-0.03125654839692783,0.13178256685023887,-0.3031624975141971,-0.008428547084695214,0.3259111516982033,nan,0.14,False,True,
confirm_mixed_context,10125,frozen,validation,2,rolling_fixed_holdout,-0.3,0.0,0.35,-0.12155212241617247,0.03001660494531636,0.09431155159052317,-0.30743666542020065,-0.0036177722161545803,0.31965686407062066,nan,0.14,False,True,
confirm_mixed_context,10126,frozen,validation,2,rolling_fixed_holdout,-0.3,0.0,0.35,-0.12406710272201124,-0.014951395954736402,0.09456177797193227,-0.30091739949993257,-0.00822163493150895,0.31367995670192955,nan,0.14,False,True,
confirm_mixed_context,10127,frozen,validation,2,rolling_fixed_holdout,-0.3,0.0,0.35,-0.09291113912392077,-0.008753411132256824,0.11010732652892372,-0.2976161465763215,-0.009677158883243426,0.32572876832565234,nan,0.14,False,True,
confirm_mixed_context,10128,frozen,validation,2,rolling_fixed_holdout,-0.3,0.0,0.35,-0.11589740564507951,-0.011704283880434862,0.1537463110070536,-0.3018433402963508,-0.010445477090568037,0.3213842838434475,nan,0.14,False,True,
confirm_mixed_context,10129,frozen,validation,2,rolling_fixed_holdout,-0.3,0.0,0.35,-0.11001140151750377,-6.516501283917004e-05,0.15222817811653935,-0.30442351287788916,0.013314570977135063,0.29493684509194723,nan,0.14,False,True,
confirm_mixed_context,10130,frozen,validation,2,rolling_fixed_holdout,-0.3,0.0,0.35,-0.12762330227288307,-0.03126920580674727,0.1727159754758137,-0.31139848776950224,0.004794340067483726,0.31248283496769985,nan,0.14,False,True,
confirm_mixed_context,10131,frozen,validation,2,rolling_fixed_holdout,-0.3,0.0,0.35,-0.12310001169294443,0.021583596034191035,0.09947601916387369,-0.3021337416140351,-0.003313273609273036,0.3026460795666316,nan,0.14,False,True,
confirm_mixed_context,10132,frozen,validation,2,rolling_fixed_holdout,-0.3,0.0,0.35,-0.15329591081683533,0.017320476905371758,0.1735314783695955,-0.3005037845468445,0.009323263093150146,0.28705077008734514,nan,0.14,False,True,
confirm_mixed_context,10133,frozen,validation,2,rolling_fixed_holdout,-0.3,0.0,0.35,-0.13254389035969202,-0.02872658918558932,0.16593728310374703,-0.3061883717090457,0.004184143291530919,0.2869558940270572,nan,0.14,False,True,
confirm_mixed_context,10134,frozen,validation,2,rolling_fixed_holdout,-0.3,0.0,0.35,-0.11120473694811456,-0.029322555282260878,0.14091740471269493,-0.29071382788737876,0.001996137970998598,0.31322383668666526,nan,0.14,False,True,
confirm_mixed_context,10135,frozen,validation,2,rolling_fixed_holdout,-0.3,0.0,0.35,-0.11959530004439417,-0.03405759908208361,0.19094577755923173,-0.30201437546600657,0.007751583602790677,0.29926892167297486,nan,0.14,False,True,
confirm_mixed_context,10136,frozen,validation,2,rolling_fixed_holdout,-0.3,0.0,0.35,-0.13315405894392465,0.030357017633742153,0.14755798351302712,-0.2885101639812932,-0.0033659095589208764,0.31196248475926086,nan,0.14,False,True,
confirm_mixed_context,10137,frozen,validation,2,rolling_fixed_holdout,-0.3,0.0,0.35,-0.11118357476010114,0.006278898300374655,0.14563354309797213,-0.31053264301921124,-0.00669332887165102,0.3287445017050311,nan,0.14,False,True,
confirm_mixed_context,10138,frozen,validation,2,rolling_fixed_holdout,-0.3,0.0,0.35,-0.11586913016179799,-0.019982454323707734,0.1727390077121734,-0.30264898365770365,-0.011923491431077515,0.34477521089746405,nan,0.14,False,True,
confirm_mixed_context,10139,frozen,validation,2,rolling_fixed_holdout,-0.3,0.0,0.35,-0.06766761849419106,-0.011821273750854861,0.12789964597523198,-0.29777475133619463,-0.005844732065347782,0.337506574161945,nan,0.14,False,True,
confirm_mixed_context,10140,frozen,validation,2,rolling_fixed_holdout,-0.3,0.0,0.35,-0.13048724401597486,-0.02425876238197475,0.1423306602885351,-0.29646199822046254,-0.011136967134301692,0.32412904516312196,nan,0.14,False,True,
confirm_mixed_context,10141,frozen,validation,2,rolling_fixed_holdout,-0.3,0.0,0.35,-0.10598962839870324,-0.028492493683446262,0.14848129995783435,-0.31690245194316613,-0.0029600888616339535,0.32263467500762466,nan,0.14,False,True,
confirm_mixed_context,10142,frozen,validation,2,rolling_fixed_holdout,-0.3,0.0,0.35,-0.14010147157727146,0.0036480766763257134,0.17400540080443008,-0.3124841064432791,0.005317206925607251,0.29752500107670127,nan,0.14,False,True,
confirm_mixed_context,10143,frozen,validation,2,rolling_fixed_holdout,-0.3,0.0,0.35,-0.11803092572987926,-0.007534882765480712,0.16904336985729884,-0.30006291227341164,-0.010138288145235404,0.29902113972105077,nan,0.075,False,True,
confirm_mixed_context,10144,frozen,validation,2,rolling_fixed_holdout,-0.3,0.0,0.35,-0.11985531988633837,-0.027316608855446595,0.15146308109319354,-0.3062401615909543,-0.007767624380711636,0.32455363963142664,nan,0.14,False,True,
confirm_mixed_context,10145,frozen,validation,2,rolling_fixed_holdout,-0.3,0.0,0.35,-0.12958784254410663,-0.023009865956163507,0.17277503614570283,-0.3159321807569354,-0.004579055511155896,0.29961830590162286,nan,0.14,False,True,
confirm_mixed_context,10146,frozen,validation,2,rolling_fixed_holdout,-0.3,0.0,0.35,-0.09710584274779684,-0.004590511285165363,0.15531279915487103,-0.31117885529736034,-0.00881448170733307,0.3160474461758251,nan,0.14,False,True,
confirm_mixed_context,10147,frozen,validation,2,rolling_fixed_holdout,-0.3,0.0,0.35,-0.10369100528707696,-0.026362626731538986,0.1436476737911457,-0.30517641119041267,-0.008510961530815589,0.3230798846412344,nan,0.14,False,True,
confirm_mixed_context,10148,frozen,validation,2,rolling_fixed_holdout,-0.3,0.0,0.35,-0.1253196705607144,-0.01987682554405861,0.1237136965510498,-0.2922691040757048,-0.0010089201995230183,0.3267494029649513,nan,0.14,False,True,
confirm_mixed_context,10149,frozen,validation,2,rolling_fixed_holdout,-0.3,0.0,0.35,-0.09377874405713749,0.026240466278234207,0.07206110064097383,-0.2593552547361537,0.020177949718281053,0.26797598272539475,nan,0.14,False,True,
confirm_mixed_context,10150,frozen,validation,2,rolling_fixed_holdout,-0.3,0.0,0.35,-0.08406880071974131,-0.006807689112217451,0.12819708183615808,-0.29342417112524993,-0.0009062306137295202,0.28983696425216987,nan,0.14,False,True,
confirm_mixed_context,10151,frozen,validation,2,rolling_fixed_holdout,-0.3,0.0,0.35,-0.12185794577788955,-0.03564718277458256,0.18737309472824382,-0.29970414390073813,-0.0043958780454971215,0.3439279378894612,nan,0.14,False,True,
confirm_mixed_context,10152,frozen,validation,2,rolling_fixed_holdout,-0.3,0.0,0.35,-0.12078694063475176,-0.04132175214752078,0.2036266155617243,-0.3044516674676371,0.0005317229940562963,0.3007038857402973,nan,0.14,False,True,
confirm_mixed_context,10153,frozen,validation,2,rolling_fixed_holdout,-0.3,0.0,0.35,-0.11116943579943687,0.01317687003487873,0.13529154493391576,-0.31760879643192835,-0.00456868291247043,0.3038895733086748,nan,0.14,False,True,
confirm_mixed_context,10154,frozen,validation,2,rolling_fixed_holdout,-0.3,0.0,0.35,-0.11348305952829608,-0.029046207125938295,0.16655772103581926,-0.3139651930804076,-0.0014565399668413706,0.3080147666341576,nan,0.14,False,True,
confirm_mixed_context,10155,frozen,validation,2,rolling_fixed_holdout,-0.3,0.0,0.35,-0.0960076525819062,-0.016311730781586868,0.08848411090319938,-0.2433129470304534,0.015556733522769935,0.2629187405844421,nan,0.14,False,True,
confirm_mixed_context,10156,frozen,validation,2,rolling_fixed_holdout,-0.3,0.0,0.35,-0.12240905827010638,-0.008675260942415337,0.11555905998379479,-0.3010322544487466,-0.006898549096128243,0.294287563046136,nan,0.14,False,True,
confirm_mixed_context,10157,frozen,validation,2,rolling_fixed_holdout,-0.3,0.0,0.35,-0.10452639024189994,-0.021517343450305416,0.08515604625625464,-0.3138028723012282,-0.0024249667571278524,0.3150853316459596,nan,0.14,False,True,
confirm_mixed_context,10158,frozen,validation,2,rolling_fixed_holdout,-0.3,0.0,0.35,-0.09764017460072083,-0.011813677174493385,0.16223785975266045,-0.3056448664504934,-0.013973378614881873,0.3282202539454424,nan,0.14,False,True,
confirm_mixed_context,10159,frozen,validation,2,rolling_fixed_holdout,-0.3,0.0,0.35,-0.1489057262422225,0.035162427793580885,0.13657103873213378,-0.30326537439961704,-0.004476911921955109,0.29771050841680424,nan,0.14,False,True,
confirm_mixed_context,10160,frozen,validation,2,rolling_fixed_holdout,-0.3,0.0,0.35,-0.1304673819582861,-0.03584818571082937,0.19456582669917014,-0.31612534252572555,-0.009022716100131249,0.32447978608531863,nan,0.14,False,True,
confirm_mixed_context,10161,frozen,validation,2,rolling_fixed_holdout,-0.3,0.0,0.35,-0.12400672279361495,0.008489956122425878,0.16809544475448543,-0.3139912886089683,-0.0010234589866966854,0.29720578633241845,nan,0.14,False,True,
confirm_mixed_context,10162,frozen,validation,2,rolling_fixed_holdout,-0.3,0.0,0.35,-0.07709204143215724,-0.01113258057340872,0.10908426350903278,-0.30500487397550613,-0.011344879143595915,0.3343993931443256,nan,0.14,False,True,
confirm_mixed_context,10163,frozen,validation,2,rolling_fixed_holdout,-0.3,0.0,0.35,-0.11515347989886154,-0.025286231558449467,0.14239084760832024,-0.3030145249707615,-0.009468160224994625,0.3319287314531221,nan,0.14,False,True,
confirm_mixed_context,10164,frozen,validation,2,rolling_fixed_holdout,-0.3,0.0,0.35,-0.11018962611004458,-0.011933472623996263,0.1696448764936619,-0.29785394787585967,-0.0066323722743882475,0.32720843322533744,nan,0.14,False,True,
confirm_mixed_context,10165,frozen,validation,2,rolling_fixed_holdout,-0.3,0.0,0.35,-0.12555254731070523,-0.014713423337324652,0.1948899276991211,-0.30628345028306975,-0.005204282128981704,0.33053416338103503,nan,0.14,False,True,
confirm_mixed_context,10166,frozen,validation,2,rolling_fixed_holdout,-0.3,0.0,0.35,-0.1173771633439493,-0.031124114156825342,0.18914423152136156,-0.3150121521526841,-0.0018013429189607938,0.3207528601330561,nan,0.14,False,True,
confirm_mixed_context,10167,frozen,validation,2,rolling_fixed_holdout,-0.3,0.0,0.35,-0.1494325634685166,0.016173533674606663,0.19814980038561664,-0.3051524248677877,-0.0018249073919102867,0.3051082474750811,nan,0.14,False,True,
confirm_mixed_context,10168,frozen,validation,2,rolling_fixed_holdout,-0.3,0.0,0.35,-0.1181023410316594,-0.026982420789460154,0.150414883756567,-0.29583114636453295,0.0035700972391059464,0.2898694578450831,nan,0.14,False,True,
confirm_mixed_context,10169,frozen,validation,2,rolling_fixed_holdout,-0.3,0.0,0.35,-0.12642476145601367,-0.0019119544645736807,0.1586678450944995,-0.2856204310372442,0.0008615734809172408,0.2866250603119242,nan,0.14,False,True,
confirm_mixed_context,10170,frozen,validation,2,rolling_fixed_holdout,-0.3,0.0,0.35,-0.12474433853995288,-0.017566112300948664,0.12027800201362684,-0.3085803241289007,-0.012488837622682299,0.32451228244123853,nan,0.14,False,True,
confirm_mixed_context,10171,frozen,validation,2,rolling_fixed_holdout,-0.3,0.0,0.35,-0.1167985617560188,-0.02658360912188068,0.19008162513598442,-0.29549441960712175,-0.002465309263800414,0.2944041493953407,nan,0.14,False,True,
confirm_mixed_context,10172,frozen,validation,2,rolling_fixed_holdout,-0.3,0.0,0.35,-0.154510438541218,0.020449380768065104,0.1444353193395706,-0.31340707318566025,-0.009542527118991019,0.3095741630827107,nan,0.14,False,True,
confirm_mixed_context,10101,frozen,adaptation,3,fixed,-0.2,0.2,0.45,-0.12175073705167554,0.06661182247378657,0.27343142415388827,nan,nan,nan,nan,0.14,False,True,
confirm_mixed_context,10102,frozen,adaptation,3,fixed,-0.2,0.2,0.45,-0.10823852877378994,0.043832420616499425,0.17366309395034701,nan,nan,nan,nan,0.14,False,True,
confirm_mixed_context,10103,frozen,adaptation,3,fixed,-0.2,0.2,0.45,-0.14033552116886283,0.07013017463296717,0.3167405230333562,nan,nan,nan,nan,0.14,False,True,
confirm_mixed_context,10104,frozen,adaptation,3,fixed,-0.2,0.2,0.45,-0.040521494778249414,0.10828580144117399,0.285013648641307,nan,nan,nan,nan,0.14,False,True,
confirm_mixed_context,10105,frozen,adaptation,3,fixed,-0.2,0.2,0.45,-0.06834591169951966,0.0898227374307852,0.18026546077318994,nan,nan,nan,nan,0.14,False,True,
confirm_mixed_context,10106,frozen,adaptation,3,fixed,-0.2,0.2,0.45,-0.11997246509825628,0.05097721960243781,0.3273871660528921,nan,nan,nan,nan,0.14,False,True,
confirm_mixed_context,10107,frozen,adaptation,3,fixed,-0.2,0.2,0.45,-0.08696467338475487,0.10459353852001294,0.2946564831333849,nan,nan,nan,nan,0.14,False,True,
confirm_mixed_context,10108,frozen,adaptation,3,fixed,-0.2,0.2,0.45,-0.10048962771536353,0.0638758345744087,0.24773160102326172,nan,nan,nan,nan,0.14,False,True,
confirm_mixed_context,10109,frozen,adaptation,3,fixed,-0.2,0.2,0.45,-0.09739124010561383,0.0675509160492748,0.20782566297117694,nan,nan,nan,nan,0.14,False,True,
confirm_mixed_context,10110,frozen,adaptation,3,fixed,-0.2,0.2,0.45,-0.1268352501694277,0.07386159822300517,0.32353054572941453,nan,nan,nan,nan,0.14,False,True,
confirm_mixed_context,10111,frozen,adaptation,3,fixed,-0.2,0.2,0.45,-0.14500627492947885,0.072440396485606,0.2745992441404905,nan,nan,nan,nan,0.14,False,True,
confirm_mixed_context,10112,frozen,adaptation,3,fixed,-0.2,0.2,0.45,-0.13089858138185426,0.054652853391114795,0.1921373308729157,nan,nan,nan,nan,0.14,False,True,
confirm_mixed_context,10113,frozen,adaptation,3,fixed,-0.2,0.2,0.45,-0.10462521645999882,0.05852585193224229,0.24987364621171546,nan,nan,nan,nan,0.14,False,True,
confirm_mixed_context,10114,frozen,adaptation,3,fixed,-0.2,0.2,0.45,-0.11831772717611813,0.07953683790316105,0.2693715475943939,nan,nan,nan,nan,0.14,False,True,
confirm_mixed_context,10115,frozen,adaptation,3,fixed,-0.2,0.2,0.45,-0.09048257545700342,0.12763657833307512,0.306418353580344,nan,nan,nan,nan,0.14,False,True,
confirm_mixed_context,10116,frozen,adaptation,3,fixed,-0.2,0.2,0.45,-0.15064004169388215,0.11062253769215227,0.2419273185742935,nan,nan,nan,nan,0.14,False,True,
confirm_mixed_context,10117,frozen,adaptation,3,fixed,-0.2,0.2,0.45,-0.045031874267715113,0.06773397559628484,0.1463897847216211,nan,nan,nan,nan,0.14,False,True,
confirm_mixed_context,10118,frozen,adaptation,3,fixed,-0.2,0.2,0.45,-0.12921177805153464,0.036792646062298706,0.25202192203121765,nan,nan,nan,nan,0.14,False,True,
confirm_mixed_context,10119,frozen,adaptation,3,fixed,-0.2,0.2,0.45,-0.11629037298705586,0.03655844035630657,0.25407051623243515,nan,nan,nan,nan,0.14,False,True,
confirm_mixed_context,10120,frozen,adaptation,3,fixed,-0.2,0.2,0.45,-0.05833046838260358,0.075471746767661,0.22146188913747933,nan,nan,nan,nan,0.14,False,True,
confirm_mixed_context,10121,frozen,adaptation,3,fixed,-0.2,0.2,0.45,-0.08663878602656327,0.0843769066943052,0.2629844603786251,nan,nan,nan,nan,0.14,False,True,
confirm_mixed_context,10122,frozen,adaptation,3,fixed,-0.2,0.2,0.45,-0.1276990179197189,0.0590437870217104,0.22704924523806227,nan,nan,nan,nan,0.14,False,True,
confirm_mixed_context,10123,frozen,adaptation,3,fixed,-0.2,0.2,0.45,-0.058243734031373326,0.11011652698589082,0.2636381520318481,nan,nan,nan,nan,0.14,False,True,
confirm_mixed_context,10124,frozen,adaptation,3,fixed,-0.2,0.2,0.45,-0.14484228378079975,0.06127298867037802,0.21156607225283378,nan,nan,nan,nan,0.14,False,True,
confirm_mixed_context,10125,frozen,adaptation,3,fixed,-0.2,0.2,0.45,-0.07798721209314086,0.11085831818322198,0.25470253758009603,nan,nan,nan,nan,0.14,False,True,
confirm_mixed_context,10126,frozen,adaptation,3,fixed,-0.2,0.2,0.45,-0.11833744623596772,0.09079305119181168,0.20412561214469035,nan,nan,nan,nan,0.14,False,True,
confirm_mixed_context,10127,frozen,adaptation,3,fixed,-0.2,0.2,0.45,-0.07652267529561177,0.02492845062286813,0.181572405462719,nan,nan,nan,nan,0.14,False,True,
confirm_mixed_context,10128,frozen,adaptation,3,fixed,-0.2,0.2,0.45,-0.14774013546032502,0.056950762448589536,0.26553987494855436,nan,nan,nan,nan,0.14,False,True,
confirm_mixed_context,10129,frozen,adaptation,3,fixed,-0.2,0.2,0.45,-0.08888828044058669,0.12172166127044423,0.3116744885212288,nan,nan,nan,nan,0.14,False,True,
confirm_mixed_context,10130,frozen,adaptation,3,fixed,-0.2,0.2,0.45,-0.08849126881624127,0.04274330214953419,0.23996578710746103,nan,nan,nan,nan,0.14,False,True,
confirm_mixed_context,10131,frozen,adaptation,3,fixed,-0.2,0.2,0.45,-0.09557975589514586,0.13364559763441738,0.2514711506597968,nan,nan,nan,nan,0.14,False,True,
confirm_mixed_context,10132,frozen,adaptation,3,fixed,-0.2,0.2,0.45,-0.10052061794587452,0.1415252221499002,0.27440915369418983,nan,nan,nan,nan,0.14,False,True,
confirm_mixed_context,10133,frozen,adaptation,3,fixed,-0.2,0.2,0.45,-0.09682714938706238,0.05107406821438488,0.2179100321411223,nan,nan,nan,nan,0.14,False,True,
confirm_mixed_context,10134,frozen,adaptation,3,fixed,-0.2,0.2,0.45,-0.11444152395034,0.03624746267595497,0.21454785939399038,nan,nan,nan,nan,0.14,False,True,
confirm_mixed_context,10135,frozen,adaptation,3,fixed,-0.2,0.2,0.45,-0.14672826638507913,0.06896387599645577,0.289440918692427,nan,nan,nan,nan,0.14,False,True,
confirm_mixed_context,10136,frozen,adaptation,3,fixed,-0.2,0.2,0.45,-0.09905609141412745,0.1422783568340609,0.29376559119986656,nan,nan,nan,nan,0.14,False,True,
confirm_mixed_context,10137,frozen,adaptation,3,fixed,-0.2,0.2,0.45,-0.11431586014418219,0.07424134893790851,0.24820039340952255,nan,nan,nan,nan,0.14,False,True,
confirm_mixed_context,10138,frozen,adaptation,3,fixed,-0.2,0.2,0.45,-0.12475964036059334,0.05683386610109702,0.2618645544835834,nan,nan,nan,nan,0.14,False,True,
confirm_mixed_context,10139,frozen,adaptation,3,fixed,-0.2,0.2,0.45,-0.06351986209649226,0.08186657676375922,0.1628368204426749,nan,nan,nan,nan,0.14,False,True,
confirm_mixed_context,10140,frozen,adaptation,3,fixed,-0.2,0.2,0.45,-0.12090939077923839,0.07500483425000082,0.22857013241257632,nan,nan,nan,nan,0.14,False,True,
confirm_mixed_context,10141,frozen,adaptation,3,fixed,-0.2,0.2,0.45,-0.05687148673550532,0.06641802845951167,0.14891358223425846,nan,nan,nan,nan,0.14,False,True,
confirm_mixed_context,10142,frozen,adaptation,3,fixed,-0.2,0.2,0.45,-0.19425861452102766,0.11562345291898227,0.31747962508926886,nan,nan,nan,nan,0.14,False,True,
confirm_mixed_context,10143,frozen,adaptation,3,fixed,-0.2,0.2,0.45,-0.09932805691772538,0.07525941469913057,0.31670700559518383,nan,nan,nan,nan,0.075,False,True,
confirm_mixed_context,10144,frozen,adaptation,3,fixed,-0.2,0.2,0.45,-0.1265222876468428,0.04717386898843575,0.24549741968196795,nan,nan,nan,nan,0.14,False,True,
confirm_mixed_context,10145,frozen,adaptation,3,fixed,-0.2,0.2,0.45,-0.08492593407730956,0.08580224788955343,0.2704980133386953,nan,nan,nan,nan,0.14,False,True,
confirm_mixed_context,10146,frozen,adaptation,3,fixed,-0.2,0.2,0.45,-0.1514446351765775,0.04926349551399319,0.309010071592446,nan,nan,nan,nan,0.14,False,True,
confirm_mixed_context,10147,frozen,adaptation,3,fixed,-0.2,0.2,0.45,-0.06664333845335278,0.06533001869989008,0.261090325830356,nan,nan,nan,nan,0.14,False,True,
confirm_mixed_context,10148,frozen,adaptation,3,fixed,-0.2,0.2,0.45,-0.12057459561271054,0.06451865642589528,0.22281575203978363,nan,nan,nan,nan,0.14,False,True,
confirm_mixed_context,10149,frozen,adaptation,3,fixed,-0.2,0.2,0.45,-0.12206796724183881,0.0878759359436074,0.18165553555811392,nan,nan,nan,nan,0.14,False,True,
confirm_mixed_context,10150,frozen,adaptation,3,fixed,-0.2,0.2,0.45,-0.11361436887721356,0.09967240758052065,0.3004269599071892,nan,nan,nan,nan,0.14,False,True,
confirm_mixed_context,10151,frozen,adaptation,3,fixed,-0.2,0.2,0.45,-0.1180705483797828,0.02009071114031506,0.2703663070016043,nan,nan,nan,nan,0.14,False,True,
confirm_mixed_context,10152,frozen,adaptation,3,fixed,-0.2,0.2,0.45,-0.08043561066212537,0.08796829076300544,0.3245766257847118,nan,nan,nan,nan,0.14,False,True,
confirm_mixed_context,10153,frozen,adaptation,3,fixed,-0.2,0.2,0.45,-0.08095970940556389,0.10403780519936644,0.22680196183193502,nan,nan,nan,nan,0.14,False,True,
confirm_mixed_context,10154,frozen,adaptation,3,fixed,-0.2,0.2,0.45,-0.10070977383227898,0.06976562111301891,0.2722412810749289,nan,nan,nan,nan,0.14,False,True,
confirm_mixed_context,10155,frozen,adaptation,3,fixed,-0.2,0.2,0.45,-0.11499994681136821,0.05397313214699515,0.22528993695498054,nan,nan,nan,nan,0.14,False,True,
confirm_mixed_context,10156,frozen,adaptation,3,fixed,-0.2,0.2,0.45,-0.1313946328073809,0.08336376972533575,0.23961731680929862,nan,nan,nan,nan,0.14,False,True,
confirm_mixed_context,10157,frozen,adaptation,3,fixed,-0.2,0.2,0.45,-0.09524692127979542,0.03401698475194174,0.16281956395451375,nan,nan,nan,nan,0.14,False,True,
confirm_mixed_context,10158,frozen,adaptation,3,fixed,-0.2,0.2,0.45,-0.14743478551561692,0.07720177697633805,0.2949378236243386,nan,nan,nan,nan,0.14,False,True,
confirm_mixed_context,10159,frozen,adaptation,3,fixed,-0.2,0.2,0.45,-0.0888766907938297,0.1445460881809577,0.24980589772981782,nan,nan,nan,nan,0.14,False,True,
confirm_mixed_context,10160,frozen,adaptation,3,fixed,-0.2,0.2,0.45,-0.12894985046614205,0.073760027227642,0.3228637941741902,nan,nan,nan,nan,0.14,False,True,
confirm_mixed_context,10161,frozen,adaptation,3,fixed,-0.2,0.2,0.45,-0.09932461562908396,0.10452030632114902,0.296508565668736,nan,nan,nan,nan,0.14,False,True,
confirm_mixed_context,10162,frozen,adaptation,3,fixed,-0.2,0.2,0.45,-0.07464126909991957,0.07746291288075934,0.13965977920375436,nan,nan,nan,nan,0.14,False,True,
confirm_mixed_context,10163,frozen,adaptation,3,fixed,-0.2,0.2,0.45,-0.08190110096860082,0.06619957868448213,0.21942774317716646,nan,nan,nan,nan,0.14,False,True,
confirm_mixed_context,10164,frozen,adaptation,3,fixed,-0.2,0.2,0.45,-0.08069671544917513,0.12689535675625976,0.33854171123783255,nan,nan,nan,nan,0.14,False,True,
confirm_mixed_context,10165,frozen,adaptation,3,fixed,-0.2,0.2,0.45,-0.0754703486715781,0.10380018421534629,0.30874092990502205,nan,nan,nan,nan,0.14,False,True,
confirm_mixed_context,10166,frozen,adaptation,3,fixed,-0.2,0.2,0.45,-0.0755829998260413,0.10662008544627014,0.2792014998114318,nan,nan,nan,nan,0.14,False,True,
confirm_mixed_context,10167,frozen,adaptation,3,fixed,-0.2,0.2,0.45,-0.11082874550739749,0.13763010786135457,0.3195705731577946,nan,nan,nan,nan,0.14,False,True,
confirm_mixed_context,10168,frozen,adaptation,3,fixed,-0.2,0.2,0.45,-0.1179008547219583,0.06315945441850686,0.19810752728677564,nan,nan,nan,nan,0.14,False,True,
confirm_mixed_context,10169,frozen,adaptation,3,fixed,-0.2,0.2,0.45,-0.16794857947804423,0.11688604044473512,0.29997002853039423,nan,nan,nan,nan,0.14,False,True,
confirm_mixed_context,10170,frozen,adaptation,3,fixed,-0.2,0.2,0.45,-0.15664190926820953,0.08170034080292879,0.25313382351254116,nan,nan,nan,nan,0.14,False,True,
confirm_mixed_context,10171,frozen,adaptation,3,fixed,-0.2,0.2,0.45,-0.11400340991141869,0.035609599109791605,0.24098797890574922,nan,nan,nan,nan,0.14,False,True,
confirm_mixed_context,10172,frozen,adaptation,3,fixed,-0.2,0.2,0.45,-0.14779877784734943,0.07147567685168216,0.2991302889583445,nan,nan,nan,nan,0.14,False,True,
confirm_mixed_context,10101,frozen,validation,3,rolling_fixed_holdout,0.2,-0.18,-0.3,0.1016053895206578,-0.08868702445345847,-0.04757350373216213,0.19625781983274737,-0.1676501188007501,-0.2527122793521865,nan,0.14,False,True,
confirm_mixed_context,10102,frozen,validation,3,rolling_fixed_holdout,0.2,-0.18,-0.3,0.08855525794998304,-0.07001014466590903,0.0035749919033474715,0.19845245447930232,-0.1698935716380634,-0.2424995289126767,nan,0.14,False,True,
confirm_mixed_context,10103,frozen,validation,3,rolling_fixed_holdout,0.2,-0.18,-0.3,0.07995516203555948,-0.07213820338522743,-0.0461320167493601,0.20709493200633133,-0.16700433885745414,-0.26816859240310875,nan,0.14,False,True,
confirm_mixed_context,10104,frozen,validation,3,rolling_fixed_holdout,0.2,-0.18,-0.3,0.07833226201516134,-0.0995036997394905,-0.034988376650261055,0.2067228523000089,-0.17993996251915922,-0.27071591257866023,nan,0.14,False,True,
confirm_mixed_context,10105,frozen,validation,3,rolling_fixed_holdout,0.2,-0.18,-0.3,0.07776997714126459,-0.06975589312509983,-0.03930715288402133,0.19729359530536006,-0.17732981745475784,-0.2686823786843251,nan,0.14,False,True,
confirm_mixed_context,10106,frozen,validation,3,rolling_fixed_holdout,0.2,-0.18,-0.3,0.07324232351866866,-0.05061749890062708,-0.022098757772281916,0.19988087243914152,-0.18186560079326838,-0.27195501473239847,nan,0.14,False,True,
confirm_mixed_context,10107,frozen,validation,3,rolling_fixed_holdout,0.2,-0.18,-0.3,0.08848457416541518,-0.0754844116030173,-0.044342527042200944,0.19614406823194422,-0.17359161391289124,-0.2521100682701004,nan,0.14,False,True,
confirm_mixed_context,10108,frozen,validation,3,rolling_fixed_holdout,0.2,-0.18,-0.3,0.09377273422282584,-0.06844920655102699,-0.02197702951449779,0.20030949384565924,-0.17111923325066852,-0.26497041463893006,nan,0.14,False,True,
confirm_mixed_context,10109,frozen,validation,3,rolling_fixed_holdout,0.2,-0.18,-0.3,0.08436592503286282,-0.07183332926771588,-0.03563526543869121,0.18713205882128403,-0.19381780721588698,-0.27414711591574586,nan,0.14,False,True,
confirm_mixed_context,10110,frozen,validation,3,rolling_fixed_holdout,0.2,-0.18,-0.3,0.09233212929734702,-0.0864846342182062,-0.040446284520796086,0.19655825978061378,-0.18012775138116033,-0.24245459444573475,nan,0.14,False,True,
confirm_mixed_context,10111,frozen,validation,3,rolling_fixed_holdout,0.2,-0.18,-0.3,0.08066321316910775,-0.07121895263224044,-0.05152582608478211,0.2047112947445358,-0.18342075944181072,-0.270772359770108,nan,0.14,False,True,
confirm_mixed_context,10112,frozen,validation,3,rolling_fixed_holdout,0.2,-0.18,-0.3,0.11048120076665936,-0.07743440299232242,-0.02206273044606643,0.19471930113247068,-0.1760704262925628,-0.2670574368362401,nan,0.14,False,True,
confirm_mixed_context,10113,frozen,validation,3,rolling_fixed_holdout,0.2,-0.18,-0.3,0.09394612945263739,-0.08967624367066844,-0.028291770706360273,0.19395579001215763,-0.16511987125510263,-0.25229255450290605,nan,0.14,False,True,
confirm_mixed_context,10114,frozen,validation,3,rolling_fixed_holdout,0.2,-0.18,-0.3,0.11058755378241744,-0.08677557313278063,-0.008095156722534637,0.20315214288671765,-0.16585976057932392,-0.24522043982088731,nan,0.14,False,True,
confirm_mixed_context,10115,frozen,validation,3,rolling_fixed_holdout,0.2,-0.18,-0.3,0.08147647284821179,-0.08160474641664972,-0.026615352318631012,0.20183567863213694,-0.18537765671742518,-0.2780072321012503,nan,0.14,False,True,
confirm_mixed_context,10116,frozen,validation,3,rolling_fixed_holdout,0.2,-0.18,-0.3,0.09601357921369659,-0.08480500553943049,-0.01684572171903272,0.21004888711810363,-0.17286467030548475,-0.2521556179250898,nan,0.14,False,True,
confirm_mixed_context,10117,frozen,validation,3,rolling_fixed_holdout,0.2,-0.18,-0.3,0.05835869742597609,-0.06846316258971863,-0.04851936883566437,0.19092036809224172,-0.178791010271555,-0.2700497565774802,nan,0.14,False,True,
confirm_mixed_context,10118,frozen,validation,3,rolling_fixed_holdout,0.2,-0.18,-0.3,0.10927853694476238,-0.0745961514335844,-0.01819673025278869,0.19564963531430993,-0.18096769223496453,-0.2668876447393643,nan,0.14,False,True,
confirm_mixed_context,10119,frozen,validation,3,rolling_fixed_holdout,0.2,-0.18,-0.3,0.07456359368771606,-0.06881676514121615,-0.03895079237464838,0.2028475885229354,-0.17698442934661202,-0.254064030798532,nan,0.14,False,True,
confirm_mixed_context,10120,frozen,validation,3,rolling_fixed_holdout,0.2,-0.18,-0.3,0.07499426337043191,-0.07995711314967528,-0.06318119882904007,0.19860179234308603,-0.16219657750541625,-0.26615143810791136,nan,0.14,False,True,
confirm_mixed_context,10121,frozen,validation,3,rolling_fixed_holdout,0.2,-0.18,-0.3,0.056991544015395044,-0.0677296646755777,-0.051859793059259036,0.19867801331752286,-0.1818634513846329,-0.26071314869808565,nan,0.14,False,True,
confirm_mixed_context,10122,frozen,validation,3,rolling_fixed_holdout,0.2,-0.18,-0.3,0.07869683473762237,-0.07631505239695154,-0.04552926939710943,0.20326456436617063,-0.17919581100923718,-0.26805177674385705,nan,0.14,False,True,
confirm_mixed_context,10123,frozen,validation,3,rolling_fixed_holdout,0.2,-0.18,-0.3,0.0750828354223011,-0.0762582421039192,-0.060000464361778055,0.20127155267418276,-0.17374345038648958,-0.2670720988466734,nan,0.14,False,True,
confirm_mixed_context,10124,frozen,validation,3,rolling_fixed_holdout,0.2,-0.18,-0.3,0.0864101788476543,-0.06434127835841613,-0.053176233652911735,0.20296325495641976,-0.1785741910808022,-0.26853874790661975,nan,0.14,False,True,
confirm_mixed_context,10125,frozen,validation,3,rolling_fixed_holdout,0.2,-0.18,-0.3,0.1093800842846058,-0.10371096234817051,-0.03929098394206395,0.19804877239804286,-0.18008309005939477,-0.27178830654069486,nan,0.14,False,True,
confirm_mixed_context,10126,frozen,validation,3,rolling_fixed_holdout,0.2,-0.18,-0.3,0.09780854116711077,-0.09013345357310681,-0.04069174487377698,0.20497785465944562,-0.17809312260839918,-0.2563221942792062,nan,0.14,False,True,
confirm_mixed_context,10127,frozen,validation,3,rolling_fixed_holdout,0.2,-0.18,-0.3,0.050611849560164186,-0.04679570788276391,-0.07187548421128201,0.18234470752161427,-0.17627231629127005,-0.2571821741851304,nan,0.14,False,True,
confirm_mixed_context,10128,frozen,validation,3,rolling_fixed_holdout,0.2,-0.18,-0.3,0.08319866503881798,-0.07643461700874477,-0.05204984225746612,0.1912969408390351,-0.1794246648315328,-0.266531573797507,nan,0.14,False,True,
confirm_mixed_context,10129,frozen,validation,3,rolling_fixed_holdout,0.2,-0.18,-0.3,0.06592472300451752,-0.08527680498856935,-0.04361173750982525,0.20134573691227758,-0.17721658214499653,-0.25701528623685443,nan,0.14,False,True,
confirm_mixed_context,10130,frozen,validation,3,rolling_fixed_holdout,0.2,-0.18,-0.3,0.09874706101858473,-0.08238825301792697,0.003007765777531581,0.19622420960552833,-0.16683250272898925,-0.27062807082945584,nan,0.14,False,True,
confirm_mixed_context,10131,frozen,validation,3,rolling_fixed_holdout,0.2,-0.18,-0.3,0.08896626165519593,-0.08235320648897775,-0.028035217044116437,0.20042349242603602,-0.1874951364076313,-0.26545918523542006,nan,0.14,False,True,
confirm_mixed_context,10132,frozen,validation,3,rolling_fixed_holdout,0.2,-0.18,-0.3,0.09313499806709089,-0.08580418742640308,-0.021247144819309387,0.20622892905344875,-0.16221797643931404,-0.24462765566713673,nan,0.14,False,True,
confirm_mixed_context,10133,frozen,validation,3,rolling_fixed_holdout,0.2,-0.18,-0.3,0.1036545652903986,-0.07640350822716746,-0.010856596556470165,0.20813551210018585,-0.1834789020184373,-0.2513707281884678,nan,0.14,False,True,
confirm_mixed_context,10134,frozen,validation,3,rolling_fixed_holdout,0.2,-0.18,-0.3,0.10483729585746449,-0.07229911164376088,-0.03868619908593108,0.20067732883005618,-0.17760521673901847,-0.25842447381328254,nan,0.14,False,True,
confirm_mixed_context,10135,frozen,validation,3,rolling_fixed_holdout,0.2,-0.18,-0.3,0.10531142077849083,-0.07168652726130983,-0.03992817393436282,0.20649690687148453,-0.17369114164978783,-0.2607007627450082,nan,0.14,False,True,
confirm_mixed_context,10136,frozen,validation,3,rolling_fixed_holdout,0.2,-0.18,-0.3,0.1340728406942,-0.15104391124912742,-0.038581628891008635,0.19996766763250864,-0.17220607728597484,-0.2688422859688692,nan,0.14,False,True,
confirm_mixed_context,10137,frozen,validation,3,rolling_fixed_holdout,0.2,-0.18,-0.3,0.07993079484940004,-0.07894262428437425,-0.07635036313564096,0.19847822179038158,-0.1846774688133125,-0.2746069991430449,nan,0.14,False,True,
confirm_mixed_context,10138,frozen,validation,3,rolling_fixed_holdout,0.2,-0.18,-0.3,0.09531501549659781,-0.0764297183234229,-0.054676317002418345,0.18820627456026195,-0.17654757482793804,-0.2894963550711761,nan,0.14,False,True,
confirm_mixed_context,10139,frozen,validation,3,rolling_fixed_holdout,0.2,-0.18,-0.3,0.0827187317784562,-0.10218281262966693,-0.06881475086348357,0.19354571583881178,-0.1843009159824066,-0.2677235727901437,nan,0.14,False,True,
confirm_mixed_context,10140,frozen,validation,3,rolling_fixed_holdout,0.2,-0.18,-0.3,0.0920939053540706,-0.07501907797550421,-0.0445014637547695,0.20182681680901357,-0.1621309320426978,-0.2647997833691972,nan,0.14,False,True,
confirm_mixed_context,10141,frozen,validation,3,rolling_fixed_holdout,0.2,-0.18,-0.3,0.053604269353378364,-0.06305614829645946,-0.07084297112444556,0.20052547666576043,-0.18000246812474946,-0.27453398768513454,nan,0.14,False,True,
confirm_mixed_context,10142,frozen,validation,3,rolling_fixed_holdout,0.2,-0.18,-0.3,0.12404180157480683,-0.11063824643606361,-0.0709907870027705,0.2095363009945884,-0.17327681722736823,-0.25271176082325153,nan,0.14,False,True,
confirm_mixed_context,10143,frozen,validation,3,rolling_fixed_holdout,0.2,-0.18,-0.3,0.09623876024674645,-0.12579767905187073,-0.047968086354481645,0.202921911060484,-0.18648233589704125,-0.2501155240412923,nan,0.075,False,True,
confirm_mixed_context,10144,frozen,validation,3,rolling_fixed_holdout,0.2,-0.18,-0.3,0.07409216702453836,-0.06511411013294079,-0.049518195823791224,0.200979911407842,-0.18305439787690095,-0.2784873023239795,nan,0.14,False,True,
confirm_mixed_context,10145,frozen,validation,3,rolling_fixed_holdout,0.2,-0.18,-0.3,0.0792107007453327,-0.07209756275947551,-0.023409580624296263,0.20947777953862246,-0.17264695701828714,-0.2440002877712759,nan,0.14,False,True,
confirm_mixed_context,10146,frozen,validation,3,rolling_fixed_holdout,0.2,-0.18,-0.3,0.11511229245969352,-0.08990928742062708,-0.012380878330959563,0.20693489690475042,-0.17137454017451617,-0.25493715034601167,nan,0.14,False,True,
confirm_mixed_context,10147,frozen,validation,3,rolling_fixed_holdout,0.2,-0.18,-0.3,0.05813760895369866,-0.06274713205919738,-0.03718720364896724,0.20294369129119616,-0.17680610453841844,-0.2739536305665367,nan,0.14,False,True,
confirm_mixed_context,10148,frozen,validation,3,rolling_fixed_holdout,0.2,-0.18,-0.3,0.12628670311630086,-0.11291588764005847,-0.0020673417246971026,0.21002639939236892,-0.17244910030317956,-0.262897614389824,nan,0.14,False,True,
confirm_mixed_context,10149,frozen,validation,3,rolling_fixed_holdout,0.2,-0.18,-0.3,0.1320749228212378,-0.12340455814571027,-0.019763886517705685,0.19522922254352781,-0.184005564840289,-0.24766762309544185,nan,0.14,False,True,
confirm_mixed_context,10150,frozen,validation,3,rolling_fixed_holdout,0.2,-0.18,-0.3,0.07174115054744452,-0.06392106653194723,-0.0587965648955869,0.19527450063298157,-0.17683485343385502,-0.25110080875888685,nan,0.14,False,True,
confirm_mixed_context,10151,frozen,validation,3,rolling_fixed_holdout,0.2,-0.18,-0.3,0.07258375306494726,-0.05707984511826209,-0.038941273579012836,0.2074106628958704,-0.19490794413920687,-0.2861246863452706,nan,0.14,False,True,
confirm_mixed_context,10152,frozen,validation,3,rolling_fixed_holdout,0.2,-0.18,-0.3,0.07658325336974312,-0.06944078980623646,-0.036570385439796745,0.19566872074709604,-0.17800253358023907,-0.2563542630225221,nan,0.14,False,True,
confirm_mixed_context,10153,frozen,validation,3,rolling_fixed_holdout,0.2,-0.18,-0.3,0.06476537237877357,-0.0772604918438532,-0.05366002180439073,0.20821994167872632,-0.16613675515388796,-0.2496755999734993,nan,0.14,False,True,
confirm_mixed_context,10154,frozen,validation,3,rolling_fixed_holdout,0.2,-0.18,-0.3,0.07068969988810724,-0.07784560762812791,-0.06320535546683564,0.21122158220849058,-0.16893258682113252,-0.26193665025177365,nan,0.14,False,True,
confirm_mixed_context,10155,frozen,validation,3,rolling_fixed_holdout,0.2,-0.18,-0.3,0.08395396355966868,-0.0642335554606874,-0.060815802340444855,0.19751690609362033,-0.17942356721548833,-0.241623307875958,nan,0.14,False,True,
confirm_mixed_context,10156,frozen,validation,3,rolling_fixed_holdout,0.2,-0.18,-0.3,0.08765464091512903,-0.08509547934847524,-0.07347970296979721,0.1978918959825421,-0.17698012527416396,-0.25646118780772964,nan,0.14,False,True,
confirm_mixed_context,10157,frozen,validation,3,rolling_fixed_holdout,0.2,-0.18,-0.3,0.07524532942385517,-0.048641296151828335,-0.06815917290250495,0.20741017431370634,-0.17090585717125797,-0.2618449133306217,nan,0.14,False,True,
confirm_mixed_context,10158,frozen,validation,3,rolling_fixed_holdout,0.2,-0.18,-0.3,0.09878821838247723,-0.0783787292231452,-0.0458850538784949,0.19291482884655506,-0.18090123666100283,-0.2766428278334939,nan,0.14,False,True,
confirm_mixed_context,10159,frozen,validation,3,rolling_fixed_holdout,0.2,-0.18,-0.3,0.05774800720210694,-0.0895081512590163,-0.04325707397696432,0.20537787996954635,-0.17266623147088772,-0.25024998974554574,nan,0.14,False,True,
confirm_mixed_context,10160,frozen,validation,3,rolling_fixed_holdout,0.2,-0.18,-0.3,0.09584619677872003,-0.07169355486335702,-0.05627025583098433,0.20101717591615692,-0.1722485844989901,-0.2579971535583152,nan,0.14,False,True,
confirm_mixed_context,10161,frozen,validation,3,rolling_fixed_holdout,0.2,-0.18,-0.3,0.09295283003199857,-0.07348242203661388,-0.029477358230367248,0.19888849539734005,-0.178585523185191,-0.253609790780399,nan,0.14,False,True,
confirm_mixed_context,10162,frozen,validation,3,rolling_fixed_holdout,0.2,-0.18,-0.3,0.07031204415655422,-0.08700800134156153,-0.05650338075689092,0.2047949933699406,-0.1819185353555091,-0.26283730686178813,nan,0.14,False,True,
confirm_mixed_context,10163,frozen,validation,3,rolling_fixed_holdout,0.2,-0.18,-0.3,0.05957945763111654,-0.0666586000582477,-0.05746281183149538,0.20028504434366,-0.18629697266321701,-0.27812277176198263,nan,0.14,False,True,
confirm_mixed_context,10164,frozen,validation,3,rolling_fixed_holdout,0.2,-0.18,-0.3,0.11514196872218171,-0.11850615189591832,-0.033101371944597675,0.20140495518277196,-0.18101067711367338,-0.2760753283941161,nan,0.14,False,True,
confirm_mixed_context,10165,frozen,validation,3,rolling_fixed_holdout,0.2,-0.18,-0.3,0.057390955139073885,-0.072512897034626,-0.0941859844326198,0.21157177915991882,-0.18128672921569106,-0.2626555546304371,nan,0.14,False,True,
confirm_mixed_context,10166,frozen,validation,3,rolling_fixed_holdout,0.2,-0.18,-0.3,0.1077376959278128,-0.07391167677386332,-0.03197899405824656,0.19650802088910063,-0.1812858730444604,-0.2654356418484456,nan,0.14,False,True,
confirm_mixed_context,10167,frozen,validation,3,rolling_fixed_holdout,0.2,-0.18,-0.3,0.07012397307201026,-0.09536574411853237,-0.05844924533486543,0.20423213531592055,-0.17947711013038883,-0.2561694746589618,nan,0.14,False,True,
confirm_mixed_context,10168,frozen,validation,3,rolling_fixed_holdout,0.2,-0.18,-0.3,0.1006254123506065,-0.06577722398268657,-0.057653624517986814,0.2054659625804357,-0.1803353418116639,-0.25986888714864914,nan,0.14,False,True,
confirm_mixed_context,10169,frozen,validation,3,rolling_fixed_holdout,0.2,-0.18,-0.3,0.09242846015538735,-0.0878134579155309,-0.040011797910536585,0.2006468151716925,-0.17403616563921417,-0.24966419994004324,nan,0.14,False,True,
confirm_mixed_context,10170,frozen,validation,3,rolling_fixed_holdout,0.2,-0.18,-0.3,0.09647452377440385,-0.0866475104921466,-0.02263800471086145,0.1987737074711997,-0.17592856811143678,-0.2693411448527378,nan,0.14,False,True,
confirm_mixed_context,10171,frozen,validation,3,rolling_fixed_holdout,0.2,-0.18,-0.3,0.10302233210890198,-0.08398801099791822,-0.037451773128584165,0.20352257801998966,-0.19681327954592237,-0.2518416912768062,nan,0.14,False,True,
confirm_mixed_context,10172,frozen,validation,3,rolling_fixed_holdout,0.2,-0.18,-0.3,0.09693305802252218,-0.0904546743934919,-0.07902480743835401,0.20481792249187794,-0.18623753419778694,-0.2631504748673758,nan,0.14,False,True,
confirm_mixed_context,10101,frozen,adaptation,4,fixed,0.2,-0.2,-0.45,0.13049510856777,-0.17474574424861886,-0.222744268661678,nan,nan,nan,nan,0.14,False,True,
confirm_mixed_context,10102,frozen,adaptation,4,fixed,0.2,-0.2,-0.45,0.08382635994643281,-0.054946899579500344,-0.07149073646932039,nan,nan,nan,nan,0.14,False,True,
confirm_mixed_context,10103,frozen,adaptation,4,fixed,0.2,-0.2,-0.45,0.07575568564902499,-0.0836727201435992,-0.12934062836782204,nan,nan,nan,nan,0.14,False,True,
confirm_mixed_context,10104,frozen,adaptation,4,fixed,0.2,-0.2,-0.45,0.0691297460343256,-0.13780308100663052,-0.1827720123673541,nan,nan,nan,nan,0.14,False,True,
confirm_mixed_context,10105,frozen,adaptation,4,fixed,0.2,-0.2,-0.45,0.07784497562799345,-0.11183761578898037,-0.09913674738215712,nan,nan,nan,nan,0.14,False,True,
confirm_mixed_context,10106,frozen,adaptation,4,fixed,0.2,-0.2,-0.45,0.07743424385499066,-0.07072889561499943,-0.10991989607670608,nan,nan,nan,nan,0.14,False,True,
confirm_mixed_context,10107,frozen,adaptation,4,fixed,0.2,-0.2,-0.45,0.08550449219252924,-0.08912262239068199,-0.09598110827226311,nan,nan,nan,nan,0.14,False,True,
confirm_mixed_context,10108,frozen,adaptation,4,fixed,0.2,-0.2,-0.45,0.09058423120558734,-0.07818165241113717,-0.09389600780790429,nan,nan,nan,nan,0.14,False,True,
confirm_mixed_context,10109,frozen,adaptation,4,fixed,0.2,-0.2,-0.45,0.07714871397971859,-0.06882601295162409,-0.10933326453068762,nan,nan,nan,nan,0.14,False,True,
confirm_mixed_context,10110,frozen,adaptation,4,fixed,0.2,-0.2,-0.45,0.11890562016006807,-0.16327829761539916,-0.20887434203436614,nan,nan,nan,nan,0.14,False,True,
confirm_mixed_context,10111,frozen,adaptation,4,fixed,0.2,-0.2,-0.45,0.07423002427080118,-0.08339369789993827,-0.10462559044864865,nan,nan,nan,nan,0.14,False,True,
confirm_mixed_context,10112,frozen,adaptation,4,fixed,0.2,-0.2,-0.45,0.11574092624854762,-0.09225708164545597,-0.10083995628037008,nan,nan,nan,nan,0.14,False,True,
confirm_mixed_context,10113,frozen,adaptation,4,fixed,0.2,-0.2,-0.45,0.09451837336389524,-0.09795087757874756,-0.1361674861964836,nan,nan,nan,nan,0.14,False,True,
confirm_mixed_context,10114,frozen,adaptation,4,fixed,0.2,-0.2,-0.45,0.13671382086419728,-0.11625383756989381,-0.0841008061246441,nan,nan,nan,nan,0.14,False,True,
confirm_mixed_context,10115,frozen,adaptation,4,fixed,0.2,-0.2,-0.45,0.09521859198333335,-0.1134445514023386,-0.09514695910575065,nan,nan,nan,nan,0.14,False,True,
confirm_mixed_context,10116,frozen,adaptation,4,fixed,0.2,-0.2,-0.45,0.1175065934242715,-0.1345121025815758,-0.12300304609261324,nan,nan,nan,nan,0.14,False,True,
confirm_mixed_context,10117,frozen,adaptation,4,fixed,0.2,-0.2,-0.45,0.046770614945395854,-0.04562161109148325,-0.1680641505446332,nan,nan,nan,nan,0.14,False,True,
confirm_mixed_context,10118,frozen,adaptation,4,fixed,0.2,-0.2,-0.45,0.12029402604150173,-0.0911322745404326,-0.08443551461245095,nan,nan,nan,nan,0.14,False,True,
confirm_mixed_context,10119,frozen,adaptation,4,fixed,0.2,-0.2,-0.45,0.07565171451701018,-0.09073731333827098,-0.11883487649663488,nan,nan,nan,nan,0.14,False,True,
confirm_mixed_context,10120,frozen,adaptation,4,fixed,0.2,-0.2,-0.45,0.058892928101764226,-0.07849788238572682,-0.15761984387749972,nan,nan,nan,nan,0.14,False,True,
confirm_mixed_context,10121,frozen,adaptation,4,fixed,0.2,-0.2,-0.45,0.06867035003411433,-0.08911636615537516,-0.16735945356249365,nan,nan,nan,nan,0.14,False,True,
confirm_mixed_context,10122,frozen,adaptation,4,fixed,0.2,-0.2,-0.45,0.08246798251068259,-0.0862967273019094,-0.10261878568384107,nan,nan,nan,nan,0.14,False,True,
confirm_mixed_context,10123,frozen,adaptation,4,fixed,0.2,-0.2,-0.45,0.07858767587878432,-0.13057887236459942,-0.10995796913547777,nan,nan,nan,nan,0.14,False,True,
confirm_mixed_context,10124,frozen,adaptation,4,fixed,0.2,-0.2,-0.45,0.10935459799827738,-0.08171925558210083,-0.1514850892223321,nan,nan,nan,nan,0.14,False,True,
confirm_mixed_context,10125,frozen,adaptation,4,fixed,0.2,-0.2,-0.45,0.10008737542697356,-0.10478094016530368,-0.09609130620459094,nan,nan,nan,nan,0.14,False,True,
confirm_mixed_context,10126,frozen,adaptation,4,fixed,0.2,-0.2,-0.45,0.09162349436220905,-0.09116610853756255,-0.15372307103203875,nan,nan,nan,nan,0.14,False,True,
confirm_mixed_context,10127,frozen,adaptation,4,fixed,0.2,-0.2,-0.45,0.05947767043446568,-0.06078727259867643,-0.1679906180627981,nan,nan,nan,nan,0.14,False,True,
confirm_mixed_context,10128,frozen,adaptation,4,fixed,0.2,-0.2,-0.45,0.09159746987902873,-0.08389929458630031,-0.13225785575454543,nan,nan,nan,nan,0.14,False,True,
confirm_mixed_context,10129,frozen,adaptation,4,fixed,0.2,-0.2,-0.45,0.06870271373418309,-0.10319738858821136,-0.14031173287259646,nan,nan,nan,nan,0.14,False,True,
confirm_mixed_context,10130,frozen,adaptation,4,fixed,0.2,-0.2,-0.45,0.10503002334565795,-0.07764604526858297,-0.08596451158324142,nan,nan,nan,nan,0.14,False,True,
confirm_mixed_context,10131,frozen,adaptation,4,fixed,0.2,-0.2,-0.45,0.08719548863777385,-0.12687094704657392,-0.13352537667950065,nan,nan,nan,nan,0.14,False,True,
confirm_mixed_context,10132,frozen,adaptation,4,fixed,0.2,-0.2,-0.45,0.09319268531089887,-0.1087468791761586,-0.10468521382288808,nan,nan,nan,nan,0.14,False,True,
confirm_mixed_context,10133,frozen,adaptation,4,fixed,0.2,-0.2,-0.45,0.11850661354262124,-0.09309244083928567,-0.06162973303134303,nan,nan,nan,nan,0.14,False,True,
confirm_mixed_context,10134,frozen,adaptation,4,fixed,0.2,-0.2,-0.45,0.11893023909386363,-0.08100361501599308,-0.13001974632676974,nan,nan,nan,nan,0.14,False,True,
confirm_mixed_context,10135,frozen,adaptation,4,fixed,0.2,-0.2,-0.45,0.13948156572607062,-0.07733482186792591,-0.10604901515977612,nan,nan,nan,nan,0.14,False,True,
confirm_mixed_context,10136,frozen,adaptation,4,fixed,0.2,-0.2,-0.45,0.14068335805767743,-0.17890923448792012,-0.19420039185930477,nan,nan,nan,nan,0.14,False,False,BASE_HEIGHT_LIMIT
confirm_mixed_context,10137,frozen,adaptation,4,fixed,0.2,-0.2,-0.45,0.08181848015938799,-0.13192601342137972,-0.21758074775780537,nan,nan,nan,nan,0.14,False,True,
confirm_mixed_context,10138,frozen,adaptation,4,fixed,0.2,-0.2,-0.45,0.10600497771975245,-0.08947572125285148,-0.12672150102523277,nan,nan,nan,nan,0.14,False,True,
confirm_mixed_context,10139,frozen,adaptation,4,fixed,0.2,-0.2,-0.45,0.06393254385265969,-0.0936747617228406,-0.1577059312293935,nan,nan,nan,nan,0.14,False,True,
confirm_mixed_context,10140,frozen,adaptation,4,fixed,0.2,-0.2,-0.45,0.12223371079732058,-0.13521049312411337,-0.0788791921291979,nan,nan,nan,nan,0.14,False,True,
confirm_mixed_context,10141,frozen,adaptation,4,fixed,0.2,-0.2,-0.45,0.03920133561675646,-0.05222589311674059,-0.14810288339761063,nan,nan,nan,nan,0.14,False,True,
confirm_mixed_context,10142,frozen,adaptation,4,fixed,0.2,-0.2,-0.45,0.12782798647049248,-0.13267332770310045,-0.17696891408525733,nan,nan,nan,nan,0.14,False,True,
confirm_mixed_context,10143,frozen,adaptation,4,fixed,0.2,-0.2,-0.45,0.08978962049720668,-0.09466732622688571,-0.14639370279144026,nan,nan,nan,nan,0.075,False,True,
confirm_mixed_context,10144,frozen,adaptation,4,fixed,0.2,-0.2,-0.45,0.08662377686308499,-0.0731325627136904,-0.15476271989435278,nan,nan,nan,nan,0.14,False,True,
confirm_mixed_context,10145,frozen,adaptation,4,fixed,0.2,-0.2,-0.45,0.08569181186476771,-0.08303658139674491,-0.0904099612598584,nan,nan,nan,nan,0.14,False,True,
confirm_mixed_context,10146,frozen,adaptation,4,fixed,0.2,-0.2,-0.45,0.13379285262524981,-0.11322490037056164,-0.11200110203110542,nan,nan,nan,nan,0.14,False,True,
confirm_mixed_context,10147,frozen,adaptation,4,fixed,0.2,-0.2,-0.45,0.03607998996530062,-0.05208229118177484,-0.12330652434755843,nan,nan,nan,nan,0.14,False,True,
confirm_mixed_context,10148,frozen,adaptation,4,fixed,0.2,-0.2,-0.45,0.11651219243155281,-0.09431443762362182,-0.07539966705992802,nan,nan,nan,nan,0.14,False,True,
confirm_mixed_context,10149,frozen,adaptation,4,fixed,0.2,-0.2,-0.45,0.14305527061150378,-0.1591611925322971,-0.16930230625418383,nan,nan,nan,nan,0.14,False,False,BASE_HEIGHT_LIMIT
confirm_mixed_context,10150,frozen,adaptation,4,fixed,0.2,-0.2,-0.45,0.07913624727552865,-0.0719008405737372,-0.15824947826181324,nan,nan,nan,nan,0.14,False,True,
confirm_mixed_context,10151,frozen,adaptation,4,fixed,0.2,-0.2,-0.45,0.07889194537628556,-0.06508043330726412,-0.135413721505355,nan,nan,nan,nan,0.14,False,True,
confirm_mixed_context,10152,frozen,adaptation,4,fixed,0.2,-0.2,-0.45,0.06973162776359507,-0.0780354313763073,-0.12188869126009098,nan,nan,nan,nan,0.14,False,True,
confirm_mixed_context,10153,frozen,adaptation,4,fixed,0.2,-0.2,-0.45,0.054813669087150886,-0.1696166413938996,-0.2417163786320388,nan,nan,nan,nan,0.14,False,True,
confirm_mixed_context,10154,frozen,adaptation,4,fixed,0.2,-0.2,-0.45,0.0588290508442459,-0.07106643481666905,-0.14860658696580725,nan,nan,nan,nan,0.14,False,True,
confirm_mixed_context,10155,frozen,adaptation,4,fixed,0.2,-0.2,-0.45,0.135611837215699,-0.07326867452725759,-0.16279821222642346,nan,nan,nan,nan,0.14,False,True,
confirm_mixed_context,10156,frozen,adaptation,4,fixed,0.2,-0.2,-0.45,0.08974774461075728,-0.10028095721646757,-0.13329210740367753,nan,nan,nan,nan,0.14,False,True,
confirm_mixed_context,10157,frozen,adaptation,4,fixed,0.2,-0.2,-0.45,0.08432081478076418,-0.044771865075533615,-0.13247662035435556,nan,nan,nan,nan,0.14,False,True,
confirm_mixed_context,10158,frozen,adaptation,4,fixed,0.2,-0.2,-0.45,0.11489008003577632,-0.1033324398910805,-0.10984446858570406,nan,nan,nan,nan,0.14,False,True,
confirm_mixed_context,10159,frozen,adaptation,4,fixed,0.2,-0.2,-0.45,0.07322071598944506,-0.10488245079429687,-0.16652508683084438,nan,nan,nan,nan,0.14,False,True,
confirm_mixed_context,10160,frozen,adaptation,4,fixed,0.2,-0.2,-0.45,0.11177962156665795,-0.07130794271716229,-0.13603198441170392,nan,nan,nan,nan,0.14,False,True,
confirm_mixed_context,10161,frozen,adaptation,4,fixed,0.2,-0.2,-0.45,0.09486765107455676,-0.0887759046142673,-0.11401483347239383,nan,nan,nan,nan,0.14,False,True,
confirm_mixed_context,10162,frozen,adaptation,4,fixed,0.2,-0.2,-0.45,0.07488850304780013,-0.13736053531546152,-0.09893928998485949,nan,nan,nan,nan,0.14,False,True,
confirm_mixed_context,10163,frozen,adaptation,4,fixed,0.2,-0.2,-0.45,0.04300038484308715,-0.05360915189364131,-0.15866470665194682,nan,nan,nan,nan,0.14,False,True,
confirm_mixed_context,10164,frozen,adaptation,4,fixed,0.2,-0.2,-0.45,0.10691037859071165,-0.1479727990421382,-0.1660176354180609,nan,nan,nan,nan,0.14,False,True,
confirm_mixed_context,10165,frozen,adaptation,4,fixed,0.2,-0.2,-0.45,0.038307830848623686,-0.05241204845861571,-0.18400724140959004,nan,nan,nan,nan,0.14,False,True,
confirm_mixed_context,10166,frozen,adaptation,4,fixed,0.2,-0.2,-0.45,0.10238788211466332,-0.07208580998199608,-0.0901427535657669,nan,nan,nan,nan,0.14,False,True,
confirm_mixed_context,10167,frozen,adaptation,4,fixed,0.2,-0.2,-0.45,0.07686928797878709,-0.10686425529939986,-0.20731945085307762,nan,nan,nan,nan,0.14,False,True,
confirm_mixed_context,10168,frozen,adaptation,4,fixed,0.2,-0.2,-0.45,0.1405972748918093,-0.07354840218218048,-0.18076437509538137,nan,nan,nan,nan,0.14,False,True,
confirm_mixed_context,10169,frozen,adaptation,4,fixed,0.2,-0.2,-0.45,0.13612312915202618,-0.1555957906448094,-0.12899537249425425,nan,nan,nan,nan,0.14,False,True,
confirm_mixed_context,10170,frozen,adaptation,4,fixed,0.2,-0.2,-0.45,0.11644100253133902,-0.09839510982586683,-0.12365149463970376,nan,nan,nan,nan,0.14,False,True,
confirm_mixed_context,10171,frozen,adaptation,4,fixed,0.2,-0.2,-0.45,0.0965737738616241,-0.07802208218810677,-0.12665217312546737,nan,nan,nan,nan,0.14,False,True,
confirm_mixed_context,10172,frozen,adaptation,4,fixed,0.2,-0.2,-0.45,0.10345364484104008,-0.11432767603852464,-0.17233367279497006,nan,nan,nan,nan,0.14,False,True,
confirm_mixed_context,10101,frozen,validation,4,rolling_fixed_holdout,0.2,-0.18,0.3,0.07618435030311141,-0.045864835749450716,0.05049692814858469,0.19838855653692902,-0.1568597162200867,0.2806265561919805,0.14891266807267498,0.14,False,True,
confirm_mixed_context,10102,frozen,validation,4,rolling_fixed_holdout,0.2,-0.18,0.3,0.08841556885027513,-0.05616967934414459,0.05632365385904962,0.20778820296445502,-0.15887687252004934,0.2907964158587091,0.15460748551877312,0.14,False,True,
confirm_mixed_context,10103,frozen,validation,4,rolling_fixed_holdout,0.2,-0.18,0.3,0.09710952295859805,-0.06576089738610466,0.13390402494378956,0.20525760227177575,-0.16976378201365366,0.29548513314060143,0.1443493108503712,0.14,False,True,
confirm_mixed_context,10104,frozen,validation,4,rolling_fixed_holdout,0.2,-0.18,0.3,0.10913839736051495,-0.0594467950677246,0.07697939531147069,0.20139324841481268,-0.1694980076421868,0.2867008749133292,0.15315850427586714,0.14,False,True,
confirm_mixed_context,10105,frozen,validation,4,rolling_fixed_holdout,0.2,-0.18,0.3,0.1204159818418782,-0.05508285809318798,0.11684600819832897,0.19506921439816088,-0.180392494428843,0.29515728377956746,0.15264659674916184,0.14,False,True,
confirm_mixed_context,10106,frozen,validation,4,rolling_fixed_holdout,0.2,-0.18,0.3,0.06734890581483019,-0.052148492289184736,0.10404687638503901,0.19867126457662088,-0.17905482986211652,0.29360605809256296,0.1666653983453674,0.14,False,True,
confirm_mixed_context,10107,frozen,validation,4,rolling_fixed_holdout,0.2,-0.18,0.3,0.11327681965900585,-0.0442850815167518,0.09765405946900292,0.19767566191118172,-0.1645117155702171,0.27382322426315436,0.14496556941661776,0.14,False,True,
confirm_mixed_context,10108,frozen,validation,4,rolling_fixed_holdout,0.2,-0.18,0.3,0.10552291485876589,-0.05505575789984961,0.08334368175610961,0.20298179203254132,-0.16900254606297085,0.29237370309959937,0.16142974018477815,0.14,False,True,
confirm_mixed_context,10109,frozen,validation,4,rolling_fixed_holdout,0.2,-0.18,0.3,0.06866435392922285,-0.044900078225918086,0.021204830155347444,0.19472910608605543,-0.17726429680666653,0.29257765748648845,0.16102136004040543,0.14,False,True,
confirm_mixed_context,10110,frozen,validation,4,rolling_fixed_holdout,0.2,-0.18,0.3,0.08121341415479268,-0.038449716240752385,0.10877460549991146,0.20580972624299504,-0.17007334661906534,0.28957674884016377,0.14571461654043033,0.14,False,True,
confirm_mixed_context,10111,frozen,validation,4,rolling_fixed_holdout,0.2,-0.18,0.3,0.10494319209362056,-0.02045712359937657,0.17417886901827467,0.2003975744537589,-0.1753021298620244,0.28507423330145415,0.144055376516208,0.14,False,True,
confirm_mixed_context,10112,frozen,validation,4,rolling_fixed_holdout,0.2,-0.18,0.3,0.10701377418386482,-0.05051350764696698,0.10555394804417564,0.20039053334642204,-0.17292830260506645,0.29529719030831303,0.14832665745553755,0.14,False,True,
confirm_mixed_context,10113,frozen,validation,4,rolling_fixed_holdout,0.2,-0.18,0.3,0.10607229854917086,-0.030976788451046344,0.06527650310770677,0.19438779331451955,-0.15660232339527314,0.29664843171543465,0.1432263559809636,0.14,False,True,
confirm_mixed_context,10114,frozen,validation,4,rolling_fixed_holdout,0.2,-0.18,0.3,0.10472449750799957,-0.05910832513525716,0.05947480842098461,0.21194156092327232,-0.1660438253910389,0.2899889960543935,0.15231591414782905,0.14,False,True,
confirm_mixed_context,10115,frozen,validation,4,rolling_fixed_holdout,0.2,-0.18,0.3,0.09244119469272033,-0.06341446705844646,0.0854843028572121,0.19884797066108523,-0.17832455700476124,0.2840978202702112,0.15621138744873453,0.14,False,True,
confirm_mixed_context,10116,frozen,validation,4,rolling_fixed_holdout,0.2,-0.18,0.3,0.05166101279168033,-0.05195296834029134,0.03911977982977785,0.20873843008699322,-0.1582658009719223,0.2739475247115178,0.1603764614749445,0.14,False,True,
confirm_mixed_context,10117,frozen,validation,4,rolling_fixed_holdout,0.2,-0.18,0.3,0.08480031900607862,-0.054199409619057386,0.06973501755913625,0.1948694696459415,-0.17999237316278244,0.2896470878156731,0.15733262155515013,0.14,False,True,
confirm_mixed_context,10118,frozen,validation,4,rolling_fixed_holdout,0.2,-0.18,0.3,0.08478252849765171,-0.04287646562750968,0.16031303032264319,0.2114983278398898,-0.17068489178394944,0.3029145540780919,0.14710476293241107,0.14,False,True,
confirm_mixed_context,10119,frozen,validation,4,rolling_fixed_holdout,0.2,-0.18,0.3,0.10041990059314479,-0.032903954826571505,0.16165152617410408,0.20599863496436216,-0.16867785208704225,0.27355969968109173,0.13074037153816884,0.14,True,True,
confirm_mixed_context,10120,frozen,validation,4,rolling_fixed_holdout,0.2,-0.18,0.3,0.112292516140374,-0.06874483884889408,0.06486237650921581,0.19358391114212356,-0.15573865222648456,0.27841382937554243,0.1464253085433597,0.14,False,True,
confirm_mixed_context,10121,frozen,validation,4,rolling_fixed_holdout,0.2,-0.18,0.3,0.09044284459547759,-0.047882201160605604,0.09943415167408827,0.20659992538694766,-0.17633565396620432,0.2828406786501307,0.14681028184874023,0.14,False,True,
confirm_mixed_context,10122,frozen,validation,4,rolling_fixed_holdout,0.2,-0.18,0.3,0.06467735655823766,-0.04868506282394171,0.09948404529227364,0.2074076283535778,-0.17728196734360438,0.29206875124743903,0.16350268729017983,0.14,False,True,
confirm_mixed_context,10123,frozen,validation,4,rolling_fixed_holdout,0.2,-0.18,0.3,0.11774240650248326,-0.04541134167863279,0.10534662732596342,0.204171147340776,-0.16773156392060412,0.29057084659035504,0.1551012568447188,0.14,False,True,
confirm_mixed_context,10124,frozen,validation,4,rolling_fixed_holdout,0.2,-0.18,0.3,0.06597601877205236,-0.0597792628012261,0.08117122693492958,0.19897906848723285,-0.1819045793388793,0.29199033606638697,0.15507796719705805,0.14,False,True,
confirm_mixed_context,10125,frozen,validation,4,rolling_fixed_holdout,0.2,-0.18,0.3,0.10967721766951538,-0.06938834148814182,0.06312931552712875,0.20399852597069087,-0.17343284509138596,0.2850254243373064,0.1508791707586305,0.14,False,True,
confirm_mixed_context,10126,frozen,validation,4,rolling_fixed_holdout,0.2,-0.18,0.3,0.0951677915683939,-0.05188654711171674,0.07815820719567354,0.20724817604099527,-0.17218604480059763,0.29263559796486066,0.15187929244376733,0.14,False,True,
confirm_mixed_context,10127,frozen,validation,4,rolling_fixed_holdout,0.2,-0.18,0.3,0.07574189429037313,-0.046535973939215845,0.036694644229161834,0.20339746194596905,-0.1605970070740156,0.2845691665625527,0.16254868077265633,0.14,False,True,
confirm_mixed_context,10128,frozen,validation,4,rolling_fixed_holdout,0.2,-0.18,0.3,0.06410900481268489,-0.04796859448714553,0.09426340907176675,0.19375099742896143,-0.17045505617242174,0.2815600947866092,0.1474798811325413,0.14,False,True,
confirm_mixed_context,10129,frozen,validation,4,rolling_fixed_holdout,0.2,-0.18,0.3,0.11630051922939619,-0.0418719311986497,0.15108601655927184,0.2111985283257854,-0.16534387922800065,0.27144299435448394,0.13367311677365926,0.14,True,True,
confirm_mixed_context,10130,frozen,validation,4,rolling_fixed_holdout,0.2,-0.18,0.3,0.06498272134125803,-0.04175122876246178,0.024189141853959515,0.20342238105697513,-0.1662935999858059,0.2808711982314564,0.16246073605954797,0.14,False,True,
confirm_mixed_context,10131,frozen,validation,4,rolling_fixed_holdout,0.2,-0.18,0.3,0.12051116189775651,-0.09109304003362881,0.13382270091864007,0.21061182100005826,-0.19090322217855005,0.2804997443756988,0.14478821737676686,0.14,False,True,
confirm_mixed_context,10132,frozen,validation,4,rolling_fixed_holdout,0.2,-0.18,0.3,0.06460655579746692,-0.03389745255100596,0.14255992474851403,0.209820497042001,-0.15876263456497533,0.2786933883994139,0.1315873352987566,0.14,True,True,
confirm_mixed_context,10133,frozen,validation,4,rolling_fixed_holdout,0.2,-0.18,0.3,0.09693884637317196,-0.07613199908835784,0.1610075734863565,0.21596777246308102,-0.17959084273302361,0.28041605096022776,0.1363219565477622,0.14,True,True,
confirm_mixed_context,10134,frozen,validation,4,rolling_fixed_holdout,0.2,-0.18,0.3,0.07692933129894748,-0.05733927639163003,0.024783736241403984,0.19822994070810793,-0.16879182751799834,0.2988974207037886,0.15706957054291776,0.14,False,True,
confirm_mixed_context,10135,frozen,validation,4,rolling_fixed_holdout,0.2,-0.18,0.3,0.09321760927389391,-0.0594121588521932,0.09928982614441587,0.21531437068983036,-0.15794819108784997,0.2720061533440949,0.14231882937404736,0.14,False,True,
confirm_mixed_context,10136,frozen,validation,4,rolling_fixed_holdout,0.2,-0.18,0.3,0.12491301890773832,-0.06311552889382509,0.10476865775237575,0.1968126626496576,-0.16449414749998803,0.28518114234856257,0.1328724359137282,0.14,True,True,
confirm_mixed_context,10137,frozen,validation,4,rolling_fixed_holdout,0.2,-0.18,0.3,0.09696796261875641,-0.05018440670273779,0.10375556300988956,0.19421065854856392,-0.18944818730937013,0.2887552661529066,0.14376031624547186,0.14,False,True,
confirm_mixed_context,10138,frozen,validation,4,rolling_fixed_holdout,0.2,-0.18,0.3,0.11402949927709177,-0.06386349527354589,0.10526454633377329,0.18405426879574285,-0.17387921146776877,0.27376743048905205,0.1415967212630696,0.14,False,True,
confirm_mixed_context,10139,frozen,validation,4,rolling_fixed_holdout,0.2,-0.18,0.3,0.11027736771873375,-0.06322430580973769,0.07266857286428695,0.20854247980422183,-0.17630659965340348,0.30074427932921693,0.1554983920801092,0.14,False,True,
confirm_mixed_context,10140,frozen,validation,4,rolling_fixed_holdout,0.2,-0.18,0.3,0.07943991593948008,-0.060258605550536436,0.06237446248538231,0.19698163798214086,-0.15589074498582045,0.2858122103552448,0.15393249567620032,0.14,False,True,
confirm_mixed_context,10141,frozen,validation,4,rolling_fixed_holdout,0.2,-0.18,0.3,0.071511638237717,-0.05086093605575898,0.021277582230606468,0.2011272609397015,-0.1793168156912727,0.28396291010536256,0.16225166000002236,0.14,False,True,
confirm_mixed_context,10142,frozen,validation,4,rolling_fixed_holdout,0.2,-0.18,0.3,0.08516316254156525,-0.055243775289325656,0.08803831866543284,0.21930386550498368,-0.16767664307565794,0.27990522486461933,0.1272706867593759,0.14,True,True,
confirm_mixed_context,10143,frozen,validation,4,rolling_fixed_holdout,0.2,-0.18,0.3,0.0715113949192627,-0.04392799034934172,0.05344461787298934,0.20181476481638513,-0.17806098180802615,0.28137955214708976,0.1415751174371797,0.075,False,True,
confirm_mixed_context,10144,frozen,validation,4,rolling_fixed_holdout,0.2,-0.18,0.3,0.05723664255364304,-0.06200721949139331,0.07685995246819129,0.19658636533677395,-0.1772780700455969,0.28137142453223646,0.15002380680722338,0.14,False,True,
confirm_mixed_context,10145,frozen,validation,4,rolling_fixed_holdout,0.2,-0.18,0.3,0.09885432791497778,-0.06626858464012873,0.08737749148019433,0.21706377881601172,-0.164772558040339,0.28725026252587527,0.14575274570433425,0.14,False,True,
confirm_mixed_context,10146,frozen,validation,4,rolling_fixed_holdout,0.2,-0.18,0.3,0.057810007453307555,-0.053023500569925615,0.07656102506880196,0.20920564282654103,-0.16393977519675557,0.29366327994473906,0.15638992241855196,0.14,False,True,
confirm_mixed_context,10147,frozen,validation,4,rolling_fixed_holdout,0.2,-0.18,0.3,0.1127495178353961,-0.04002335657602248,0.15904532297570517,0.20626553358502128,-0.1761494964914491,0.2861946181721794,0.1467448182229071,0.14,False,True,
confirm_mixed_context,10148,frozen,validation,4,rolling_fixed_holdout,0.2,-0.18,0.3,0.11883977672482261,-0.08102386791231453,0.1278248935945156,0.21863956664536033,-0.15903335899947385,0.29722365152864677,0.14490470619480547,0.14,False,True,
confirm_mixed_context,10149,frozen,validation,4,rolling_fixed_holdout,0.2,-0.18,0.3,0.10073753094366869,-0.06307210093187043,0.06414537752501535,0.2121633424860026,-0.1762368344048683,0.2913128771619333,0.15165244272273098,0.14,False,True,
confirm_mixed_context,10150,frozen,validation,4,rolling_fixed_holdout,0.2,-0.18,0.3,0.07862070825924491,-0.0477097286924962,0.03509650883933764,0.20007732485947896,-0.16730668442246494,0.2816578508244526,0.1591115803517705,0.14,False,True,
confirm_mixed_context,10151,frozen,validation,4,rolling_fixed_holdout,0.2,-0.18,0.3,0.052163588902118536,-0.062240646145252994,0.09822331885645234,0.20276835174707963,-0.17453640859156921,0.299122011104733,0.1665571822311544,0.14,False,True,
confirm_mixed_context,10152,frozen,validation,4,rolling_fixed_holdout,0.2,-0.18,0.3,0.08703875316155332,-0.057252620893840006,0.15677008907660253,0.19704415556248125,-0.16923122278592698,0.28145363583583227,0.13843150671807947,0.14,True,True,
confirm_mixed_context,10153,frozen,validation,4,rolling_fixed_holdout,0.2,-0.18,0.3,0.10968294962307906,-0.04843710732576878,0.1414547788644281,0.20978011983218572,-0.15941540773222537,0.28091537782048104,0.1360193126912841,0.14,True,True,
confirm_mixed_context,10154,frozen,validation,4,rolling_fixed_holdout,0.2,-0.18,0.3,0.10633836220449552,-0.06198039936865395,0.13489767048419202,0.21428404670346413,-0.16956060373771964,0.2790195343279965,0.1330530061821624,0.14,True,True,
confirm_mixed_context,10155,frozen,validation,4,rolling_fixed_holdout,0.2,-0.18,0.3,0.09642853536039435,-0.06965361211223839,0.04862782897632947,0.19420288308433348,-0.15864533562384756,0.28112528962181227,0.14308675922763942,0.14,False,True,
confirm_mixed_context,10156,frozen,validation,4,rolling_fixed_holdout,0.2,-0.18,0.3,0.036162173917838665,-0.06478897908983855,0.061832437858649024,0.20037004821511958,-0.1746488900887386,0.27231160381824476,0.14993676706937462,0.14,False,True,
confirm_mixed_context,10157,frozen,validation,4,rolling_fixed_holdout,0.2,-0.18,0.3,0.058951069638183015,-0.05317433467135439,0.07234717270999552,0.21242256388373493,-0.16729654372683223,0.28704045502882025,0.1594561259137256,0.14,False,True,
confirm_mixed_context,10158,frozen,validation,4,rolling_fixed_holdout,0.2,-0.18,0.3,0.12573234319695295,-0.06021899854511581,0.11860073554398329,0.19867569803912657,-0.18467170874657543,0.28866708036408356,0.14518989818246242,0.14,False,True,
confirm_mixed_context,10159,frozen,validation,4,rolling_fixed_holdout,0.2,-0.18,0.3,0.03703609121280269,-0.06592821183934185,0.059025678625346086,0.2106175905454748,-0.1698004358581104,0.28243162219251294,0.1515129506488698,0.14,False,True,
confirm_mixed_context,10160,frozen,validation,4,rolling_fixed_holdout,0.2,-0.18,0.3,0.08338584441305458,-0.07424457140632132,0.1147829122545967,0.19715719263665035,-0.17274939428430658,0.29482562673027823,0.13661838105307209,0.14,True,True,
confirm_mixed_context,10161,frozen,validation,4,rolling_fixed_holdout,0.2,-0.18,0.3,0.11438946624033909,-0.05258296157792824,0.14712123078503447,0.2053535010164141,-0.1769710766914755,0.28122748140060916,0.14112312014525064,0.14,False,True,
confirm_mixed_context,10162,frozen,validation,4,rolling_fixed_holdout,0.2,-0.18,0.3,0.09835912808585845,-0.060907680853377055,0.0707380549353959,0.21642791734444403,-0.17445377008418936,0.30445256202506177,0.16869085187379979,0.14,False,True,
confirm_mixed_context,10163,frozen,validation,4,rolling_fixed_holdout,0.2,-0.18,0.3,0.08810654349801642,-0.045462645517406926,0.038029486412116606,0.20598045243071628,-0.19300347431744336,0.2939288846040894,0.1592062957417109,0.14,False,True,
confirm_mixed_context,10164,frozen,validation,4,rolling_fixed_holdout,0.2,-0.18,0.3,0.13557046043356705,-0.06772061164068573,0.14783154700552362,0.20055138570225348,-0.1787503720933669,0.28673600259010157,0.14002294528709117,0.14,False,True,
confirm_mixed_context,10165,frozen,validation,4,rolling_fixed_holdout,0.2,-0.18,0.3,0.09632609332321941,-0.049457042118043276,0.06681123482113546,0.21246185422801953,-0.17770493415352606,0.2965817134435761,0.14394627686681163,0.14,False,True,
confirm_mixed_context,10166,frozen,validation,4,rolling_fixed_holdout,0.2,-0.18,0.3,0.1439346369517354,-0.045337523363729766,0.14033185486046162,0.19773937241007206,-0.17964101691454307,0.2860661728128481,0.14224907980030715,0.14,False,True,
confirm_mixed_context,10167,frozen,validation,4,rolling_fixed_holdout,0.2,-0.18,0.3,0.08068374225340393,-0.0423053605935294,0.14385829864766123,0.20800153227889628,-0.17071414716905742,0.28559495912860755,0.1288759744736033,0.14,True,True,
confirm_mixed_context,10168,frozen,validation,4,rolling_fixed_holdout,0.2,-0.18,0.3,0.07676010834418297,-0.0626599041596737,0.05848854174048067,0.2118924439990719,-0.17159627263418425,0.27456053711155676,0.1423559675583389,0.14,False,True,
confirm_mixed_context,10169,frozen,validation,4,rolling_fixed_holdout,0.2,-0.18,0.3,0.08856303970059448,-0.0571779823870178,0.12290206335219579,0.20604938101513892,-0.16515087443635892,0.28179064750229865,0.1326818434848047,0.14,True,True,
confirm_mixed_context,10170,frozen,validation,4,rolling_fixed_holdout,0.2,-0.18,0.3,0.0646321309827674,-0.052227759033841005,0.12923141471502075,0.20171745906993366,-0.17185688377405306,0.28355170792136297,0.151420833869292,0.14,False,True,
confirm_mixed_context,10171,frozen,validation,4,rolling_fixed_holdout,0.2,-0.18,0.3,0.09567864477936183,-0.034912209082178354,0.12083150323579211,0.2043137440908107,-0.18456912558452265,0.29003968931136487,0.14572219643331918,0.14,False,True,
confirm_mixed_context,10172,frozen,validation,4,rolling_fixed_holdout,0.2,-0.18,0.3,0.0849433119260719,-0.0409964447558082,0.12090590052615825,0.2058380500312365,-0.17510628066482517,0.2687762367207291,0.1355951990259342,0.14,True,True,
confirm_mixed_context,10101,frozen,adaptation,5,fixed,-0.38,0.05,0.25,-0.1300881750287653,0.015196831125459958,0.11796565556909674,nan,nan,nan,nan,0.14,False,True,
confirm_mixed_context,10102,frozen,adaptation,5,fixed,-0.38,0.05,0.25,-0.10368026449943762,0.015616193938304334,0.05587823879663543,nan,nan,nan,nan,0.14,False,True,
confirm_mixed_context,10103,frozen,adaptation,5,fixed,-0.38,0.05,0.25,-0.16582872932519044,-0.007618438172225538,0.16368890382513407,nan,nan,nan,nan,0.14,False,True,
confirm_mixed_context,10104,frozen,adaptation,5,fixed,-0.38,0.05,0.25,-0.15397667660160985,0.024057644411444666,0.11097189536991832,nan,nan,nan,nan,0.14,False,True,
confirm_mixed_context,10105,frozen,adaptation,5,fixed,-0.38,0.05,0.25,-0.1382846344998949,-0.017816886863285142,0.08959916795696557,nan,nan,nan,nan,0.14,False,True,
confirm_mixed_context,10106,frozen,adaptation,5,fixed,-0.38,0.05,0.25,-0.10350050704832012,0.001148696668031693,0.11559097734789928,nan,nan,nan,nan,0.14,False,True,
confirm_mixed_context,10107,frozen,adaptation,5,fixed,-0.38,0.05,0.25,-0.11429867785135114,0.0020585087523125123,0.07414016489618387,nan,nan,nan,nan,0.14,False,True,
confirm_mixed_context,10108,frozen,adaptation,5,fixed,-0.38,0.05,0.25,-0.17312235029887346,0.01195446435432305,0.12842447132102106,nan,nan,nan,nan,0.14,False,True,
confirm_mixed_context,10109,frozen,adaptation,5,fixed,-0.38,0.05,0.25,-0.12715450960134567,0.02597311670306652,0.10885133588814355,nan,nan,nan,nan,0.14,False,True,
confirm_mixed_context,10110,frozen,adaptation,5,fixed,-0.38,0.05,0.25,-0.11261280679638308,0.020766666293865796,0.14492838772677505,nan,nan,nan,nan,0.14,False,True,
confirm_mixed_context,10111,frozen,adaptation,5,fixed,-0.38,0.05,0.25,-0.11606730388081485,0.006917017116853276,0.10118595684641044,nan,nan,nan,nan,0.14,False,True,
confirm_mixed_context,10112,frozen,adaptation,5,fixed,-0.38,0.05,0.25,-0.20999279321471684,0.003453881411879314,0.07564635062244089,nan,nan,nan,nan,0.14,False,True,
confirm_mixed_context,10113,frozen,adaptation,5,fixed,-0.38,0.05,0.25,-0.0884337064996061,0.014162475973484233,0.08242283194439536,nan,nan,nan,nan,0.14,False,True,
confirm_mixed_context,10114,frozen,adaptation,5,fixed,-0.38,0.05,0.25,-0.12360746387441246,0.008169368557456235,0.08725110988232732,nan,nan,nan,nan,0.14,False,True,
confirm_mixed_context,10115,frozen,adaptation,5,fixed,-0.38,0.05,0.25,-0.17861269400198104,0.016183107740126067,0.1413560641199949,nan,nan,nan,nan,0.14,False,True,
confirm_mixed_context,10116,frozen,adaptation,5,fixed,-0.38,0.05,0.25,-0.12141535126138592,0.021271546001772224,0.106837700042376,nan,nan,nan,nan,0.14,False,True,
confirm_mixed_context,10117,frozen,adaptation,5,fixed,-0.38,0.05,0.25,-0.10555608137667914,-0.0217140395124051,0.034359381666926266,nan,nan,nan,nan,0.14,False,True,
confirm_mixed_context,10118,frozen,adaptation,5,fixed,-0.38,0.05,0.25,-0.13693206871667585,0.029821635779300932,0.11808825617197845,nan,nan,nan,nan,0.14,False,True,
confirm_mixed_context,10119,frozen,adaptation,5,fixed,-0.38,0.05,0.25,-0.1556927948433654,-0.010503795019764879,0.15266631085407223,nan,nan,nan,nan,0.14,False,True,
confirm_mixed_context,10120,frozen,adaptation,5,fixed,-0.38,0.05,0.25,-0.10880465611064125,-0.011030514868047365,0.03667950541293337,nan,nan,nan,nan,0.14,False,True,
confirm_mixed_context,10121,frozen,adaptation,5,fixed,-0.38,0.05,0.25,-0.1190093441077826,-0.0005420227781771647,0.05345518825666245,nan,nan,nan,nan,0.14,False,True,
confirm_mixed_context,10122,frozen,adaptation,5,fixed,-0.38,0.05,0.25,-0.128432949010807,-0.002298091682709843,0.03943269112339991,nan,nan,nan,nan,0.14,False,True,
confirm_mixed_context,10123,frozen,adaptation,5,fixed,-0.38,0.05,0.25,-0.11913663111320971,0.009978608281269735,0.056871092833225785,nan,nan,nan,nan,0.14,False,True,
confirm_mixed_context,10124,frozen,adaptation,5,fixed,-0.38,0.05,0.25,-0.1274754387242815,-0.005169220004569812,0.07452324358264924,nan,nan,nan,nan,0.14,False,True,
confirm_mixed_context,10125,frozen,adaptation,5,fixed,-0.38,0.05,0.25,-0.18116530281768833,0.024065043948312183,0.08826120612783052,nan,nan,nan,nan,0.14,False,True,
confirm_mixed_context,10126,frozen,adaptation,5,fixed,-0.38,0.05,0.25,-0.14621072100987603,-0.0004125531857221463,0.046571827589380894,nan,nan,nan,nan,0.14,False,True,
confirm_mixed_context,10127,frozen,adaptation,5,fixed,-0.38,0.05,0.25,-0.1375046429460536,0.0008055644678677231,0.045793880456385626,nan,nan,nan,nan,0.14,False,True,
confirm_mixed_context,10128,frozen,adaptation,5,fixed,-0.38,0.05,0.25,-0.12475126268258604,-0.0055975780037748335,0.10313953730202967,nan,nan,nan,nan,0.14,False,True,
confirm_mixed_context,10129,frozen,adaptation,5,fixed,-0.38,0.05,0.25,-0.1429277927417523,0.016469469747229282,0.11132844538941902,nan,nan,nan,nan,0.14,False,True,
confirm_mixed_context,10130,frozen,adaptation,5,fixed,-0.38,0.05,0.25,-0.10760109804790266,-0.002353522166692387,0.08111534806243323,nan,nan,nan,nan,0.14,False,True,
confirm_mixed_context,10131,frozen,adaptation,5,fixed,-0.38,0.05,0.25,-0.1774025566879792,0.007276305045675361,0.06534793026843631,nan,nan,nan,nan,0.14,False,True,
confirm_mixed_context,10132,frozen,adaptation,5,fixed,-0.38,0.05,0.25,-0.16345085227041112,0.00048079407112063287,0.11066737307468927,nan,nan,nan,nan,0.14,False,True,
confirm_mixed_context,10133,frozen,adaptation,5,fixed,-0.38,0.05,0.25,-0.11339484437697529,-0.0015525668650030193,0.06306151939193502,nan,nan,nan,nan,0.14,False,True,
confirm_mixed_context,10134,frozen,adaptation,5,fixed,-0.38,0.05,0.25,-0.13257960386847467,-0.009827321917614533,0.06739419607621525,nan,nan,nan,nan,0.14,False,True,
confirm_mixed_context,10135,frozen,adaptation,5,fixed,-0.38,0.05,0.25,-0.1192848661544676,-0.007282451526724054,0.14379209722799882,nan,nan,nan,nan,0.14,False,True,
confirm_mixed_context,10136,frozen,adaptation,5,fixed,-0.38,0.05,0.25,-0.1694252450302603,0.0266936061593169,0.12418225219318473,nan,nan,nan,nan,0.14,False,True,
confirm_mixed_context,10137,frozen,adaptation,5,fixed,-0.38,0.05,0.25,-0.13346945724544465,0.02630596555821304,0.10446424850575639,nan,nan,nan,nan,0.14,False,True,
confirm_mixed_context,10138,frozen,adaptation,5,fixed,-0.38,0.05,0.25,-0.13125283142689018,0.009493840827016877,0.12498572281780694,nan,nan,nan,nan,0.14,False,True,
confirm_mixed_context,10139,frozen,adaptation,5,fixed,-0.38,0.05,0.25,-0.09629632684598964,0.004573513911672006,0.06156161054494825,nan,nan,nan,nan,0.14,False,True,
confirm_mixed_context,10140,frozen,adaptation,5,fixed,-0.38,0.05,0.25,-0.12957180701618792,0.0058572724691961795,0.05606910942612511,nan,nan,nan,nan,0.14,False,True,
confirm_mixed_context,10141,frozen,adaptation,5,fixed,-0.38,0.05,0.25,-0.114184149746652,0.006734898646387106,0.07698238478442009,nan,nan,nan,nan,0.14,False,True,
confirm_mixed_context,10142,frozen,adaptation,5,fixed,-0.38,0.05,0.25,-0.19544429269287852,0.004409126842558224,0.11681063768350282,nan,nan,nan,nan,0.14,False,True,
confirm_mixed_context,10143,frozen,adaptation,5,fixed,-0.38,0.05,0.25,-0.12261780339626614,0.02647215330635102,0.1509239476435534,nan,nan,nan,nan,0.075,False,True,
confirm_mixed_context,10144,frozen,adaptation,5,fixed,-0.38,0.05,0.25,-0.10949922085910488,-0.005562983708742347,0.07652255035629368,nan,nan,nan,nan,0.14,False,True,
confirm_mixed_context,10145,frozen,adaptation,5,fixed,-0.38,0.05,0.25,-0.11866447441353702,0.007060560249869826,0.09239068664312419,nan,nan,nan,nan,0.14,False,True,
confirm_mixed_context,10146,frozen,adaptation,5,fixed,-0.38,0.05,0.25,-0.10277189652657315,0.019150211831667163,0.1455497791987751,nan,nan,nan,nan,0.14,False,True,
confirm_mixed_context,10147,frozen,adaptation,5,fixed,-0.38,0.05,0.25,-0.09074629664140947,0.015082374299163226,0.056439149017629885,nan,nan,nan,nan,0.14,False,True,
confirm_mixed_context,10148,frozen,adaptation,5,fixed,-0.38,0.05,0.25,-0.135348135804904,0.017240954146365357,0.06329776533495075,nan,nan,nan,nan,0.14,False,True,
confirm_mixed_context,10149,frozen,adaptation,5,fixed,-0.38,0.05,0.25,-0.13387921293650212,0.028720421528689064,0.03951058411387153,nan,nan,nan,nan,0.14,False,True,
confirm_mixed_context,10150,frozen,adaptation,5,fixed,-0.38,0.05,0.25,-0.07304695935071003,0.02124111654711466,0.10684331142175593,nan,nan,nan,nan,0.14,False,True,
confirm_mixed_context,10151,frozen,adaptation,5,fixed,-0.38,0.05,0.25,-0.10489291132048661,-0.01275965927624685,0.14578094071242637,nan,nan,nan,nan,0.14,False,True,
confirm_mixed_context,10152,frozen,adaptation,5,fixed,-0.38,0.05,0.25,-0.10731245335477857,-0.014293656824759629,0.15530588691605274,nan,nan,nan,nan,0.14,False,True,
confirm_mixed_context,10153,frozen,adaptation,5,fixed,-0.38,0.05,0.25,-0.1411993044876627,0.034068318170449974,0.08548301257797923,nan,nan,nan,nan,0.14,False,True,
confirm_mixed_context,10154,frozen,adaptation,5,fixed,-0.38,0.05,0.25,-0.13969338766957518,0.0023098048751078477,0.10631808622190742,nan,nan,nan,nan,0.14,False,True,
confirm_mixed_context,10155,frozen,adaptation,5,fixed,-0.38,0.05,0.25,-0.14309711977346115,0.013649629182609603,0.05924864869049712,nan,nan,nan,nan,0.14,False,True,
confirm_mixed_context,10156,frozen,adaptation,5,fixed,-0.38,0.05,0.25,-0.1400954523705434,0.015912437238190642,0.07312503164224286,nan,nan,nan,nan,0.14,False,True,
confirm_mixed_context,10157,frozen,adaptation,5,fixed,-0.38,0.05,0.25,-0.1538695393242333,-0.024838437535667016,0.03618294252307197,nan,nan,nan,nan,0.14,False,True,
confirm_mixed_context,10158,frozen,adaptation,5,fixed,-0.38,0.05,0.25,-0.12519302287920886,0.014005710674727589,0.13411407687709817,nan,nan,nan,nan,0.14,False,True,
confirm_mixed_context,10159,frozen,adaptation,5,fixed,-0.38,0.05,0.25,-0.18055506844141955,0.02339000521750292,0.11320139368966875,nan,nan,nan,nan,0.14,False,True,
confirm_mixed_context,10160,frozen,adaptation,5,fixed,-0.38,0.05,0.25,-0.1267358392174391,-0.001925251243650949,0.13310380685972628,nan,nan,nan,nan,0.14,False,True,
confirm_mixed_context,10161,frozen,adaptation,5,fixed,-0.38,0.05,0.25,-0.15706961891765456,0.0051846448748584855,0.13601972012949587,nan,nan,nan,nan,0.14,False,True,
confirm_mixed_context,10162,frozen,adaptation,5,fixed,-0.38,0.05,0.25,-0.09860911765897097,0.012366595728637783,0.03148704945255162,nan,nan,nan,nan,0.14,False,True,
confirm_mixed_context,10163,frozen,adaptation,5,fixed,-0.38,0.05,0.25,-0.11762186604325889,0.009410699734757683,0.057796635934656046,nan,nan,nan,nan,0.14,False,True,
confirm_mixed_context,10164,frozen,adaptation,5,fixed,-0.38,0.05,0.25,-0.12908924993330878,0.0039916837558706866,0.13554674077249712,nan,nan,nan,nan,0.14,False,True,
confirm_mixed_context,10165,frozen,adaptation,5,fixed,-0.38,0.05,0.25,-0.12906357575664468,0.007648741337480488,0.11043269227426991,nan,nan,nan,nan,0.14,False,True,
confirm_mixed_context,10166,frozen,adaptation,5,fixed,-0.38,0.05,0.25,-0.10437043943559436,-0.010046970391022238,0.147442495222314,nan,nan,nan,nan,0.14,False,True,
confirm_mixed_context,10167,frozen,adaptation,5,fixed,-0.38,0.05,0.25,-0.1466409874956381,0.006918088645738105,0.13620262129407112,nan,nan,nan,nan,0.14,False,True,
confirm_mixed_context,10168,frozen,adaptation,5,fixed,-0.38,0.05,0.25,-0.1279434544662936,-0.0004645547174655319,0.08583272265213311,nan,nan,nan,nan,0.14,False,True,
confirm_mixed_context,10169,frozen,adaptation,5,fixed,-0.38,0.05,0.25,-0.1530417020161235,0.011440230718568084,0.1161474985128866,nan,nan,nan,nan,0.14,False,True,
confirm_mixed_context,10170,frozen,adaptation,5,fixed,-0.38,0.05,0.25,-0.1498130165478927,-0.00024781888120124426,0.053787875710610146,nan,nan,nan,nan,0.14,False,True,
confirm_mixed_context,10171,frozen,adaptation,5,fixed,-0.38,0.05,0.25,-0.1041313315116462,-0.0012747731600469727,0.12707004821723247,nan,nan,nan,nan,0.14,False,True,
confirm_mixed_context,10172,frozen,adaptation,5,fixed,-0.38,0.05,0.25,-0.17195956353045422,0.006296069311617675,0.12040717070597871,nan,nan,nan,nan,0.14,False,True,
confirm_mixed_context,10101,frozen,validation,5,rolling_fixed_holdout,0.2,0.18,-0.3,0.1330485708950755,0.04545497430078807,-0.08124297411735784,0.1893068880726251,0.13493881838359165,-0.2914709698289264,0.13898899434298057,0.14,True,True,
confirm_mixed_context,10102,frozen,validation,5,rolling_fixed_holdout,0.2,0.18,-0.3,0.04758142053433086,0.057329463076789725,-0.07838924812237234,0.199702087616711,0.13454518135550944,-0.29476787546257677,0.15811165342647548,0.14,False,True,
confirm_mixed_context,10103,frozen,validation,5,rolling_fixed_holdout,0.2,0.18,-0.3,0.032892187601370006,0.04577022994868335,-0.038675493653754243,0.17971694920013426,0.13907285094678665,-0.27069528961436906,0.1453000026653105,0.14,False,True,
confirm_mixed_context,10104,frozen,validation,5,rolling_fixed_holdout,0.2,0.18,-0.3,0.07376274509397508,0.06922804656884007,-0.1309641686296143,0.17116864815296426,0.15300094193672162,-0.2857902879598099,0.14936120756346694,0.14,False,True,
confirm_mixed_context,10105,frozen,validation,5,rolling_fixed_holdout,0.2,0.18,-0.3,0.053363384442581346,0.02421806818083351,-0.038046578214550285,0.17062264364927066,0.14259075059012072,-0.28395834250969343,0.1532951338109406,0.14,False,True,
confirm_mixed_context,10106,frozen,validation,5,rolling_fixed_holdout,0.2,0.18,-0.3,0.060318579902588716,0.0694151123540377,-0.08896079144770055,0.17534380219649587,0.13960046215481572,-0.2792803151797044,0.154236116159291,0.14,False,True,
confirm_mixed_context,10107,frozen,validation,5,rolling_fixed_holdout,0.2,0.18,-0.3,0.08984827582736937,0.07860568921293778,-0.07534262057847832,0.19078530020759019,0.1543258698956086,-0.2788815410049925,0.14006416878121788,0.14,False,True,
confirm_mixed_context,10108,frozen,validation,5,rolling_fixed_holdout,0.2,0.18,-0.3,0.09170474306562652,0.07758225554165725,-0.05000644278891606,0.1805412280996936,0.13898375484859402,-0.2663153314893774,0.15070974861697098,0.14,False,True,
confirm_mixed_context,10109,frozen,validation,5,rolling_fixed_holdout,0.2,0.18,-0.3,0.02030426248193871,0.035119288566092005,-0.027008451634000147,0.1926972041768166,0.14945422271439687,-0.29106711978637795,0.16912649412886574,0.14,False,True,
confirm_mixed_context,10110,frozen,validation,5,rolling_fixed_holdout,0.2,0.18,-0.3,0.07560179246661593,0.035534772911393654,-0.03775930521751112,0.20263594205029564,0.16562584500155939,-0.27553278200564996,0.1483929341637352,0.14,False,True,
confirm_mixed_context,10111,frozen,validation,5,rolling_fixed_holdout,0.2,0.18,-0.3,0.0342509738286339,0.030327075692809066,-0.08032748749012741,0.1656162091979449,0.13717479700202603,-0.2793834091129559,0.1482340023290876,0.14,False,True,
confirm_mixed_context,10112,frozen,validation,5,rolling_fixed_holdout,0.2,0.18,-0.3,0.09453449099946756,0.07097957704541455,-0.11476616538993013,0.16913192761564277,0.13938785796540598,-0.27955824118192846,0.14102122879036136,0.14,False,True,
confirm_mixed_context,10113,frozen,validation,5,rolling_fixed_holdout,0.2,0.18,-0.3,0.015072152670705946,0.04661219853172907,-0.07022372252114326,0.1734405535340735,0.1452876366887435,-0.27700445790193806,0.14886283026934333,0.14,False,True,
confirm_mixed_context,10114,frozen,validation,5,rolling_fixed_holdout,0.2,0.18,-0.3,0.11563456271277409,0.07740109359100716,-0.09241912226919151,0.19456665692087594,0.13605790534400997,-0.26531973903736433,0.14306212323920955,0.14,False,True,
confirm_mixed_context,10115,frozen,validation,5,rolling_fixed_holdout,0.2,0.18,-0.3,0.041803044321560824,0.04626946295026391,-0.07214648186988482,0.17399793087523932,0.13804119301131607,-0.27681181400587734,0.1527415198361547,0.14,False,True,
confirm_mixed_context,10116,frozen,validation,5,rolling_fixed_holdout,0.2,0.18,-0.3,0.06974002024822958,0.04370042041898574,-0.09723284866660713,0.18282295140306903,0.11556099069675746,-0.28241656623976424,0.15600073486798413,0.14,False,True,
confirm_mixed_context,10117,frozen,validation,5,rolling_fixed_holdout,0.2,0.18,-0.3,0.043385070161341764,0.0734099269667163,-0.1061359264738859,0.17029248488884902,0.14305596068923354,-0.290215394426324,0.15733410717777166,0.14,False,True,
confirm_mixed_context,10118,frozen,validation,5,rolling_fixed_holdout,0.2,0.18,-0.3,0.048299716426932295,0.02089669711964247,-0.046883463108740316,0.17265090765645735,0.16343771265400417,-0.27630335561543873,0.1552933974860043,0.14,False,True,
confirm_mixed_context,10119,frozen,validation,5,rolling_fixed_holdout,0.2,0.18,-0.3,0.03427630900907414,0.0354255665645949,-0.08609670985674131,0.1777584624588521,0.13824294346842136,-0.2661888261457163,0.13286384825070488,0.14,True,True,
confirm_mixed_context,10120,frozen,validation,5,rolling_fixed_holdout,0.2,0.18,-0.3,0.07199685264626011,0.07388463488307032,-0.1444283796973158,0.17017283134375139,0.13131437789327668,-0.27376909963028345,0.14268970670221842,0.14,False,True,
confirm_mixed_context,10121,frozen,validation,5,rolling_fixed_holdout,0.2,0.18,-0.3,0.009818626589528458,0.012036270371534978,-0.030257042364430067,0.18826809365754157,0.15528569758042485,-0.2765622573258575,0.1622868966934816,0.14,False,True,
confirm_mixed_context,10122,frozen,validation,5,rolling_fixed_holdout,0.2,0.18,-0.3,0.07140415887291113,0.0724640711744007,-0.08523440346843193,0.17223931596179615,0.13535729210630573,-0.2694075801677094,0.15909582212552978,0.14,False,True,
confirm_mixed_context,10123,frozen,validation,5,rolling_fixed_holdout,0.2,0.18,-0.3,0.05014255822937461,0.047301869494326465,-0.05489098024711799,0.17665769075282772,0.12262689892887331,-0.27681465385039666,0.1574192504831939,0.14,False,True,
confirm_mixed_context,10124,frozen,validation,5,rolling_fixed_holdout,0.2,0.18,-0.3,0.04421605405200052,0.03940805101489474,-0.08267364745652288,0.16462910636057174,0.1364033544585424,-0.2854296680716179,0.15526720415385267,0.14,False,True,
confirm_mixed_context,10125,frozen,validation,5,rolling_fixed_holdout,0.2,0.18,-0.3,0.09583975237080587,0.07407083754711766,-0.134082355182261,0.18096464516199334,0.1433949465753862,-0.2795156118129356,0.14616692806066683,0.14,False,True,
confirm_mixed_context,10126,frozen,validation,5,rolling_fixed_holdout,0.2,0.18,-0.3,0.05586790235611168,0.023682815967909793,-0.050820190790813194,0.18523425161890028,0.1352522397077755,-0.2817119571606154,0.1582670945314966,0.14,False,True,
confirm_mixed_context,10127,frozen,validation,5,rolling_fixed_holdout,0.2,0.18,-0.3,-0.008273714852079905,0.015246050990176915,-0.05092710125415933,0.1590646713579028,0.16979067166301817,-0.2654307744600772,0.16968096289841073,0.14,False,True,
confirm_mixed_context,10128,frozen,validation,5,rolling_fixed_holdout,0.2,0.18,-0.3,0.042332055180638484,0.018339191123223263,-0.04869134503119048,0.17656607849202405,0.1570184205357249,-0.2792693097280232,0.15499502492136677,0.14,False,True,
confirm_mixed_context,10129,frozen,validation,5,rolling_fixed_holdout,0.2,0.18,-0.3,0.016440231934006816,0.016042116984141958,-0.034874098972930506,0.18627677680167257,0.11594668666872641,-0.2807547600554533,0.14963653991833464,0.14,True,True,
confirm_mixed_context,10130,frozen,validation,5,rolling_fixed_holdout,0.2,0.18,-0.3,0.09696736398949309,0.05538745859067852,-0.07167397770864686,0.17974522692261616,0.14782975883574825,-0.27170439524974266,0.15866364084792509,0.14,False,True,
confirm_mixed_context,10131,frozen,validation,5,rolling_fixed_holdout,0.2,0.18,-0.3,0.04480661101868824,0.0567836130811716,-0.057019703883176696,0.19492269806498205,0.15011028714363187,-0.2866122266891435,0.15202808811730192,0.14,False,True,
confirm_mixed_context,10132,frozen,validation,5,rolling_fixed_holdout,0.2,0.18,-0.3,0.08813149243239478,0.05242993911802603,-0.1435280820238458,0.18479939356754607,0.10811666143000685,-0.2591085483841271,0.12388306341243478,0.14,True,True,
confirm_mixed_context,10133,frozen,validation,5,rolling_fixed_holdout,0.2,0.18,-0.3,0.0814272697150607,0.0807342623759546,-0.09012859012010442,0.19405705541969653,0.1656585037034689,-0.28698302987216906,0.13659207823285816,0.14,True,True,
confirm_mixed_context,10134,frozen,validation,5,rolling_fixed_holdout,0.2,0.18,-0.3,0.07443025859381518,0.06985848797754915,-0.14019817930233994,0.16218078555311238,0.12812464502250467,-0.27322495123292756,0.14790721216950362,0.14,False,True,
confirm_mixed_context,10135,frozen,validation,5,rolling_fixed_holdout,0.2,0.18,-0.3,0.048137778285172864,0.029445942716031563,-0.08394670741334014,0.19536736841305893,0.12392655509594831,-0.28525224646403985,0.1419264971629878,0.14,False,True,
confirm_mixed_context,10136,frozen,validation,5,rolling_fixed_holdout,0.2,0.18,-0.3,0.07158586721090392,0.06783219056410496,-0.13603951601064423,0.17477421641649046,0.1381983918737377,-0.26569851389990856,0.12600200792660127,0.14,True,True,
confirm_mixed_context,10137,frozen,validation,5,rolling_fixed_holdout,0.2,0.18,-0.3,0.015333325035014037,-0.00534881468891,-0.06519304781418273,0.17378424562395292,0.14205941103482436,-0.28460436247092274,0.1570641146336655,0.14,False,True,
confirm_mixed_context,10138,frozen,validation,5,rolling_fixed_holdout,0.2,0.18,-0.3,0.03338906827787787,0.03358410870278069,-0.06979198503685774,0.1743832524863305,0.13719039838789338,-0.2921209347346922,0.1482635239707078,0.14,False,True,
confirm_mixed_context,10139,frozen,validation,5,rolling_fixed_holdout,0.2,0.18,-0.3,0.028777617772345124,0.037451647704950936,-0.10219435298139834,0.1843919489793731,0.17031621539827596,-0.27883160483072145,0.15891362858310665,0.14,False,True,
confirm_mixed_context,10140,frozen,validation,5,rolling_fixed_holdout,0.2,0.18,-0.3,0.05529954712211636,0.06565871174694869,-0.056188681111462385,0.17244644055272515,0.13896032266380376,-0.2753720552052684,0.1497095665660089,0.14,False,True,
confirm_mixed_context,10141,frozen,validation,5,rolling_fixed_holdout,0.2,0.18,-0.3,0.05293023824484401,0.06485879633245958,-0.13317924419993227,0.1902737751948379,0.16144187908722732,-0.2844543749955702,0.15958233045864914,0.14,False,True,
confirm_mixed_context,10142,frozen,validation,5,rolling_fixed_holdout,0.2,0.18,-0.3,0.04040297198839788,0.017785600558529475,-0.07237808345722885,0.16731377079862506,0.13557596747480402,-0.27373054512447376,0.13759923256073672,0.14,True,True,
confirm_mixed_context,10143,frozen,validation,5,rolling_fixed_holdout,0.2,0.18,-0.3,0.0989854490502291,0.06241282532640816,-0.13919369516000155,0.197378780469034,0.15118446281936232,-0.26806757063385245,0.13755581904808606,0.075,False,True,
confirm_mixed_context,10144,frozen,validation,5,rolling_fixed_holdout,0.2,0.18,-0.3,0.03185143642162872,0.05085801847317985,-0.05941339709420953,0.16136610727655862,0.1338698792524183,-0.28611374637479,0.15734987557967975,0.14,False,True,
confirm_mixed_context,10145,frozen,validation,5,rolling_fixed_holdout,0.2,0.18,-0.3,0.05948218956186962,0.07549956814157,-0.07891089027381479,0.18633337247540122,0.13406350549318646,-0.2776020120618021,0.14419830839514416,0.14,False,True,
confirm_mixed_context,10146,frozen,validation,5,rolling_fixed_holdout,0.2,0.18,-0.3,0.06452953440632972,0.05546134213404753,-0.10485715253169131,0.18107065912043768,0.14145842691613605,-0.2890655425348951,0.15352761893654163,0.14,False,True,
confirm_mixed_context,10147,frozen,validation,5,rolling_fixed_holdout,0.2,0.18,-0.3,0.06319903806512223,0.05967310581831113,-0.09615971597968405,0.1559173253361123,0.1225783008730427,-0.2870787220023855,0.14594344974802126,0.14,False,True,
confirm_mixed_context,10148,frozen,validation,5,rolling_fixed_holdout,0.2,0.18,-0.3,0.06239347670390074,0.08193313476725113,-0.05573548555861577,0.17933422708642002,0.11892187772227471,-0.2878910741639822,0.14768252041869936,0.14,False,True,
confirm_mixed_context,10149,frozen,validation,5,rolling_fixed_holdout,0.2,0.18,-0.3,0.06436342437861672,0.020894037960139982,-0.0973030031639872,0.2081204564526599,0.14157663209929952,-0.2907906540966084,0.15136350338484944,0.14,False,True,
confirm_mixed_context,10150,frozen,validation,5,rolling_fixed_holdout,0.2,0.18,-0.3,0.04360187369145313,0.05845453889649278,-0.05262603299421282,0.17647780447532893,0.1504811779977977,-0.26753341707175354,0.15735856609867904,0.14,False,True,
confirm_mixed_context,10151,frozen,validation,5,rolling_fixed_holdout,0.2,0.18,-0.3,0.06940556332164649,0.05529681447945214,-0.030211877247896014,0.20108031317611486,0.14266180130895115,-0.31101595262525844,0.1670489149959424,0.14,False,True,
confirm_mixed_context,10152,frozen,validation,5,rolling_fixed_holdout,0.2,0.18,-0.3,0.02990106497463098,0.017391702592207636,-0.04114568317506238,0.18509101133255035,0.15134437633073078,-0.26577742112898844,0.14487161956551217,0.14,True,True,
confirm_mixed_context,10153,frozen,validation,5,rolling_fixed_holdout,0.2,0.18,-0.3,0.041995597750306334,-0.003811730767577261,-0.0315027448205108,0.1793070865606596,0.13854952903978504,-0.26115108835190215,0.15052744495154896,0.14,True,True,
confirm_mixed_context,10154,frozen,validation,5,rolling_fixed_holdout,0.2,0.18,-0.3,0.0501867912175753,0.052382708705957355,-0.13144630297529034,0.18282548663519477,0.13582926833037723,-0.2622205997403193,0.13359132268238905,0.14,True,True,
confirm_mixed_context,10155,frozen,validation,5,rolling_fixed_holdout,0.2,0.18,-0.3,0.06788696240986913,0.06783328721164693,-0.12195409350451006,0.1910567027322953,0.13110349385166295,-0.283332512344407,0.1380669646658143,0.14,True,True,
confirm_mixed_context,10156,frozen,validation,5,rolling_fixed_holdout,0.2,0.18,-0.3,0.04065089410405016,0.020919061898417326,-0.04970432008485275,0.18023260473346658,0.14215961012060924,-0.2722902755328335,0.1541082634728077,0.14,False,True,
confirm_mixed_context,10157,frozen,validation,5,rolling_fixed_holdout,0.2,0.18,-0.3,0.013376891912084753,0.047002251447132215,-0.10071129115700904,0.1812034475687106,0.14451966556972565,-0.26437012918539216,0.161784108703024,0.14,False,True,
confirm_mixed_context,10158,frozen,validation,5,rolling_fixed_holdout,0.2,0.18,-0.3,0.06165207386840203,0.058108631515473685,-0.10966979982384954,0.1809107525477865,0.15491798812987814,-0.28644021884258264,0.14376335927325207,0.14,False,True,
confirm_mixed_context,10159,frozen,validation,5,rolling_fixed_holdout,0.2,0.18,-0.3,0.037211332321274125,0.03509204061940549,-0.058742049751400224,0.17170906402147187,0.13435070520516604,-0.26039656847824943,0.15339401293291852,0.14,False,True,
confirm_mixed_context,10160,frozen,validation,5,rolling_fixed_holdout,0.2,0.18,-0.3,0.07205419622184951,0.06131046796139483,-0.07054229569054764,0.17955079836999763,0.13921073193884742,-0.2788979058697482,0.1384529525466549,0.14,True,True,
confirm_mixed_context,10161,frozen,validation,5,rolling_fixed_holdout,0.2,0.18,-0.3,0.04914929674237035,0.061906279489701975,-0.11284470309200584,0.17619657590824936,0.1336465588847656,-0.26573364206159067,0.13283841900171078,0.14,True,True,
confirm_mixed_context,10162,frozen,validation,5,rolling_fixed_holdout,0.2,0.18,-0.3,0.03808252446297976,0.04362277571735295,-0.021939548665132896,0.19189512502356498,0.16404277180924784,-0.2908441305891467,0.174237138224381,0.14,False,True,
confirm_mixed_context,10163,frozen,validation,5,rolling_fixed_holdout,0.2,0.18,-0.3,0.05305659335568071,0.0635758041489189,-0.07205409729804746,0.1722051152938492,0.13919246597662172,-0.28268451015398427,0.16322154946262477,0.14,False,True,
confirm_mixed_context,10164,frozen,validation,5,rolling_fixed_holdout,0.2,0.18,-0.3,0.03244907968973651,0.048256701465532854,-0.06360327918227238,0.16780473036560783,0.12782399261089,-0.2793720403141057,0.140685694654157,0.14,False,True,
confirm_mixed_context,10165,frozen,validation,5,rolling_fixed_holdout,0.2,0.18,-0.3,0.017036322195717966,0.014279007898351813,-0.019628552527150067,0.1768640055448737,0.14514791933407653,-0.2846431601502452,0.16092770713709087,0.14,False,True,
confirm_mixed_context,10166,frozen,validation,5,rolling_fixed_holdout,0.2,0.18,-0.3,0.08809562409886747,0.04782502073250367,-0.13262904947870463,0.19633611693286296,0.17101859113996667,-0.2842490795933597,0.13638297878672093,0.14,True,True,
confirm_mixed_context,10167,frozen,validation,5,rolling_fixed_holdout,0.2,0.18,-0.3,0.009700383367044428,0.008178647737827395,-0.07104115359456756,0.18816787308833133,0.16145748930468282,-0.2877775600804388,0.1458519151350052,0.14,True,True,
confirm_mixed_context,10168,frozen,validation,5,rolling_fixed_holdout,0.2,0.18,-0.3,0.08898132409616051,0.07280668500579145,-0.15654614401503336,0.1826229867687626,0.13728402435622156,-0.2845244868443,0.13634949297719814,0.14,True,True,
confirm_mixed_context,10169,frozen,validation,5,rolling_fixed_holdout,0.2,0.18,-0.3,0.03863836674761952,0.04887326234569392,-0.08797078878086076,0.19545600776951205,0.15340081820265364,-0.2832216101427932,0.13819404644106736,0.14,True,True,
confirm_mixed_context,10170,frozen,validation,5,rolling_fixed_holdout,0.2,0.18,-0.3,0.03483042899128824,0.025407059208912067,-0.06573262967012393,0.18510274275202998,0.15804142384102307,-0.2828061909048487,0.157861912420734,0.14,False,True,
confirm_mixed_context,10171,frozen,validation,5,rolling_fixed_holdout,0.2,0.18,-0.3,0.06824427555696315,0.05655118040509175,-0.12720084498453105,0.19657276519139785,0.14608655900901568,-0.2776325009880217,0.13605593972691557,0.14,True,True,
confirm_mixed_context,10172,frozen,validation,5,rolling_fixed_holdout,0.2,0.18,-0.3,0.04048088389652754,0.029795752452084615,-0.08798972199126014,0.18838140636260944,0.1397300632704326,-0.27489113920987673,0.1388923844466845,0.14,True,True,
confirm_mixed_context,10101,frozen,adaptation,6,fixed,0.38,-0.05,-0.25,0.25486788018281886,-0.05211772870543354,-0.06763029877876685,nan,nan,nan,nan,0.14,False,True,
confirm_mixed_context,10102,frozen,adaptation,6,fixed,0.38,-0.05,-0.25,0.2186950098362475,0.02807566687738645,-0.024867439140170162,nan,nan,nan,nan,0.14,False,True,
confirm_mixed_context,10103,frozen,adaptation,6,fixed,0.38,-0.05,-0.25,0.15906548002564797,-0.02839972390275776,-0.07990002502971162,nan,nan,nan,nan,0.14,False,True,
confirm_mixed_context,10104,frozen,adaptation,6,fixed,0.38,-0.05,-0.25,0.22419518714534625,-0.046017218131128246,-0.039052492182886055,nan,nan,nan,nan,0.14,False,True,
confirm_mixed_context,10105,frozen,adaptation,6,fixed,0.38,-0.05,-0.25,0.23053123870617165,-0.0049735386325140485,-0.02587242619084605,nan,nan,nan,nan,0.14,False,True,
confirm_mixed_context,10106,frozen,adaptation,6,fixed,0.38,-0.05,-0.25,0.2162607136540231,0.026567476003722366,-0.06357350826579913,nan,nan,nan,nan,0.14,False,True,
confirm_mixed_context,10107,frozen,adaptation,6,fixed,0.38,-0.05,-0.25,0.24228101259456597,0.0056007754969051825,0.012704766139830004,nan,nan,nan,nan,0.14,False,True,
confirm_mixed_context,10108,frozen,adaptation,6,fixed,0.38,-0.05,-0.25,0.2383561751235318,0.01567782864062535,-0.041914715792409483,nan,nan,nan,nan,0.14,False,True,
confirm_mixed_context,10109,frozen,adaptation,6,fixed,0.38,-0.05,-0.25,0.21716861473927854,-0.06944118131369126,-0.044585683034345874,nan,nan,nan,nan,0.14,False,True,
confirm_mixed_context,10110,frozen,adaptation,6,fixed,0.38,-0.05,-0.25,0.2560814967478442,-0.02054241801757489,-0.04657736763585249,nan,nan,nan,nan,0.14,False,True,
confirm_mixed_context,10111,frozen,adaptation,6,fixed,0.38,-0.05,-0.25,0.1679931230673067,0.008823470606267399,-0.055479625375755036,nan,nan,nan,nan,0.14,False,True,
confirm_mixed_context,10112,frozen,adaptation,6,fixed,0.38,-0.05,-0.25,0.25710278000156445,0.010489788231547111,-0.02792612211304545,nan,nan,nan,nan,0.14,False,True,
confirm_mixed_context,10113,frozen,adaptation,6,fixed,0.38,-0.05,-0.25,0.2086551325505591,-0.00920471819644011,-0.06074518167916502,nan,nan,nan,nan,0.14,False,True,
confirm_mixed_context,10114,frozen,adaptation,6,fixed,0.38,-0.05,-0.25,0.26067562548263296,-0.00468218654797255,-0.008539984893182098,nan,nan,nan,nan,0.14,False,True,
confirm_mixed_context,10115,frozen,adaptation,6,fixed,0.38,-0.05,-0.25,0.22525429948888048,-0.031411669285970154,-0.034749419758065704,nan,nan,nan,nan,0.14,False,True,
confirm_mixed_context,10116,frozen,adaptation,6,fixed,0.38,-0.05,-0.25,0.22964114057048068,-0.020069105886917016,-0.06984795551789982,nan,nan,nan,nan,0.14,False,True,
confirm_mixed_context,10117,frozen,adaptation,6,fixed,0.38,-0.05,-0.25,0.20935564955697142,-0.008909103308036055,-0.06700380327975035,nan,nan,nan,nan,0.14,False,True,
confirm_mixed_context,10118,frozen,adaptation,6,fixed,0.38,-0.05,-0.25,0.24468599533100455,0.0024222340761931396,-0.026310421849876215,nan,nan,nan,nan,0.14,False,True,
confirm_mixed_context,10119,frozen,adaptation,6,fixed,0.38,-0.05,-0.25,0.18995711409270433,0.03456240364626253,-0.06313621703413273,nan,nan,nan,nan,0.14,False,True,
confirm_mixed_context,10120,frozen,adaptation,6,fixed,0.38,-0.05,-0.25,0.2239802437886714,0.027194896642218875,-0.09335147054764883,nan,nan,nan,nan,0.14,False,True,
confirm_mixed_context,10121,frozen,adaptation,6,fixed,0.38,-0.05,-0.25,0.18583704235439327,-0.004471385832821527,-0.010597554673042162,nan,nan,nan,nan,0.14,False,True,
confirm_mixed_context,10122,frozen,adaptation,6,fixed,0.38,-0.05,-0.25,0.208978687302898,0.030964101285631068,-0.04685011128219963,nan,nan,nan,nan,0.14,False,True,
confirm_mixed_context,10123,frozen,adaptation,6,fixed,0.38,-0.05,-0.25,0.22279809280325655,-0.021064325883996243,-0.011137671306074603,nan,nan,nan,nan,0.14,False,True,
confirm_mixed_context,10124,frozen,adaptation,6,fixed,0.38,-0.05,-0.25,0.15492822455578859,-0.008836704884773306,-0.08589716630981085,nan,nan,nan,nan,0.14,False,True,
confirm_mixed_context,10125,frozen,adaptation,6,fixed,0.38,-0.05,-0.25,0.2516743724168127,-0.04379857371813639,-0.038960171728545004,nan,nan,nan,nan,0.14,False,True,
confirm_mixed_context,10126,frozen,adaptation,6,fixed,0.38,-0.05,-0.25,0.23933856110141344,-0.020723531146207654,-0.08329950797621054,nan,nan,nan,nan,0.14,False,True,
confirm_mixed_context,10127,frozen,adaptation,6,fixed,0.38,-0.05,-0.25,0.12204586167911836,-0.017224519823324673,0.03639386170567158,nan,nan,nan,nan,0.14,False,True,
confirm_mixed_context,10128,frozen,adaptation,6,fixed,0.38,-0.05,-0.25,0.19700781042441565,0.04225671793073913,-0.06992339283979421,nan,nan,nan,nan,0.14,False,True,
confirm_mixed_context,10129,frozen,adaptation,6,fixed,0.38,-0.05,-0.25,0.20286280695273426,-0.030462882932388392,0.011583392230415865,nan,nan,nan,nan,0.14,False,True,
confirm_mixed_context,10130,frozen,adaptation,6,fixed,0.38,-0.05,-0.25,0.255837557416657,0.009425851281260882,-0.0007299878000956564,nan,nan,nan,nan,0.14,False,True,
confirm_mixed_context,10131,frozen,adaptation,6,fixed,0.38,-0.05,-0.25,0.23423512633452834,-0.039564046641658565,-0.010031213951041703,nan,nan,nan,nan,0.14,False,True,
confirm_mixed_context,10132,frozen,adaptation,6,fixed,0.38,-0.05,-0.25,0.22926952687294105,-0.020328569711040644,-0.06542602716898878,nan,nan,nan,nan,0.14,False,True,
confirm_mixed_context,10133,frozen,adaptation,6,fixed,0.38,-0.05,-0.25,0.24738956183070626,-0.002744529727871962,0.020965739991456133,nan,nan,nan,nan,0.14,False,True,
confirm_mixed_context,10134,frozen,adaptation,6,fixed,0.38,-0.05,-0.25,0.23421730593547183,0.009131503929144021,-0.08479365733080235,nan,nan,nan,nan,0.14,False,True,
confirm_mixed_context,10135,frozen,adaptation,6,fixed,0.38,-0.05,-0.25,0.2491217470554839,0.024825337089358003,-0.05581244491033603,nan,nan,nan,nan,0.14,False,True,
confirm_mixed_context,10136,frozen,adaptation,6,fixed,0.38,-0.05,-0.25,0.2625505202684055,-0.05160500207131529,-0.07279114677124013,nan,nan,nan,nan,0.14,False,True,
confirm_mixed_context,10137,frozen,adaptation,6,fixed,0.38,-0.05,-0.25,0.2002162084676472,-0.07378117969549211,-0.06855175777431861,nan,nan,nan,nan,0.14,False,True,
confirm_mixed_context,10138,frozen,adaptation,6,fixed,0.38,-0.05,-0.25,0.23903011459345214,-0.025908111077098627,-0.0705821083258354,nan,nan,nan,nan,0.14,False,True,
confirm_mixed_context,10139,frozen,adaptation,6,fixed,0.38,-0.05,-0.25,0.12009551528340957,-0.0362793084878091,-0.09695992105000038,nan,nan,nan,nan,0.14,False,True,
confirm_mixed_context,10140,frozen,adaptation,6,fixed,0.38,-0.05,-0.25,0.23051463543068237,-0.015604919372531058,0.0022593632660123913,nan,nan,nan,nan,0.14,False,True,
confirm_mixed_context,10141,frozen,adaptation,6,fixed,0.38,-0.05,-0.25,0.18619471930953518,-0.014775350024723159,-0.09506194650480614,nan,nan,nan,nan,0.14,False,True,
confirm_mixed_context,10142,frozen,adaptation,6,fixed,0.38,-0.05,-0.25,0.2462069707548332,-0.04336785688690424,-0.10192447071906256,nan,nan,nan,nan,0.14,False,True,
confirm_mixed_context,10143,frozen,adaptation,6,fixed,0.38,-0.05,-0.25,0.2415374056035276,-0.06423468122860872,-0.06988128886158637,nan,nan,nan,nan,0.075,False,True,
confirm_mixed_context,10144,frozen,adaptation,6,fixed,0.38,-0.05,-0.25,0.18870694016238207,0.052632891644052,-0.08606916736326069,nan,nan,nan,nan,0.14,False,True,
confirm_mixed_context,10145,frozen,adaptation,6,fixed,0.38,-0.05,-0.25,0.22870266309762308,-0.021729642960199903,-0.04154632462912282,nan,nan,nan,nan,0.14,False,True,
confirm_mixed_context,10146,frozen,adaptation,6,fixed,0.38,-0.05,-0.25,0.22792587595345176,-0.015836098220616355,-0.08051394654381597,nan,nan,nan,nan,0.14,False,True,
confirm_mixed_context,10147,frozen,adaptation,6,fixed,0.38,-0.05,-0.25,0.15269790624575594,0.016508221868260425,-0.02337871973684381,nan,nan,nan,nan,0.14,False,True,
confirm_mixed_context,10148,frozen,adaptation,6,fixed,0.38,-0.05,-0.25,0.26362179141791037,-0.0106741557365938,0.027669056372538216,nan,nan,nan,nan,0.14,False,True,
confirm_mixed_context,10149,frozen,adaptation,6,fixed,0.38,-0.05,-0.25,0.18051625070057797,-0.035852179121690864,-0.06523338705971284,nan,nan,nan,nan,0.14,False,True,
confirm_mixed_context,10150,frozen,adaptation,6,fixed,0.38,-0.05,-0.25,0.2044925771270087,0.014733458641347294,-0.04571398126482558,nan,nan,nan,nan,0.14,False,True,
confirm_mixed_context,10151,frozen,adaptation,6,fixed,0.38,-0.05,-0.25,0.2131546136221586,0.057382828022436674,-0.06314831846406521,nan,nan,nan,nan,0.14,False,True,
confirm_mixed_context,10152,frozen,adaptation,6,fixed,0.38,-0.05,-0.25,0.2121636118284967,0.038349207367382405,-0.035312418106503964,nan,nan,nan,nan,0.14,False,True,
confirm_mixed_context,10153,frozen,adaptation,6,fixed,0.38,-0.05,-0.25,0.1762236426590408,-0.07800253554269364,0.033397859716770416,nan,nan,nan,nan,0.14,False,True,
confirm_mixed_context,10154,frozen,adaptation,6,fixed,0.38,-0.05,-0.25,0.18828321321021474,0.017449168687677666,-0.06375019772095065,nan,nan,nan,nan,0.14,False,True,
confirm_mixed_context,10155,frozen,adaptation,6,fixed,0.38,-0.05,-0.25,0.2328224904599183,-0.006910697731788686,-0.04952802265853423,nan,nan,nan,nan,0.14,False,True,
confirm_mixed_context,10156,frozen,adaptation,6,fixed,0.38,-0.05,-0.25,0.20388606865581152,-0.04717639947897081,-0.06888803570286756,nan,nan,nan,nan,0.14,False,True,
confirm_mixed_context,10157,frozen,adaptation,6,fixed,0.38,-0.05,-0.25,0.19267458989336636,0.009486196963827792,-0.06517244737207543,nan,nan,nan,nan,0.14,False,True,
confirm_mixed_context,10158,frozen,adaptation,6,fixed,0.38,-0.05,-0.25,0.23989754209661948,-0.009260640582584594,-0.0878016661595279,nan,nan,nan,nan,0.14,False,True,
confirm_mixed_context,10159,frozen,adaptation,6,fixed,0.38,-0.05,-0.25,0.18362783846905104,-0.04557087627235634,-0.009872243703596996,nan,nan,nan,nan,0.14,False,True,
confirm_mixed_context,10160,frozen,adaptation,6,fixed,0.38,-0.05,-0.25,0.21246228653338003,0.015913975097077683,-0.04720985206971634,nan,nan,nan,nan,0.14,False,True,
confirm_mixed_context,10161,frozen,adaptation,6,fixed,0.38,-0.05,-0.25,0.19329957612828624,-0.0008708843881264589,-0.06387321457276145,nan,nan,nan,nan,0.14,False,True,
confirm_mixed_context,10162,frozen,adaptation,6,fixed,0.38,-0.05,-0.25,0.21211082569197032,-0.05978443098424085,0.03388143955145246,nan,nan,nan,nan,0.14,False,True,
confirm_mixed_context,10163,frozen,adaptation,6,fixed,0.38,-0.05,-0.25,0.20662689196229123,-0.01710878581550219,-0.023207354707984133,nan,nan,nan,nan,0.14,False,True,
confirm_mixed_context,10164,frozen,adaptation,6,fixed,0.38,-0.05,-0.25,0.24332876764718273,-0.016420414398882838,-0.08394970371016246,nan,nan,nan,nan,0.14,False,True,
confirm_mixed_context,10165,frozen,adaptation,6,fixed,0.38,-0.05,-0.25,0.11068858122035065,-0.042194821261997306,-0.02538394352426935,nan,nan,nan,nan,0.14,False,True,
confirm_mixed_context,10166,frozen,adaptation,6,fixed,0.38,-0.05,-0.25,0.2622373326365876,0.05091224931311291,-0.07992670332189297,nan,nan,nan,nan,0.14,False,True,
confirm_mixed_context,10167,frozen,adaptation,6,fixed,0.38,-0.05,-0.25,0.17577160587131127,-0.02900260165300632,-0.10868514538213621,nan,nan,nan,nan,0.14,False,True,
confirm_mixed_context,10168,frozen,adaptation,6,fixed,0.38,-0.05,-0.25,0.24561125157283506,0.009535184813493644,-0.12786761035945454,nan,nan,nan,nan,0.14,False,True,
confirm_mixed_context,10169,frozen,adaptation,6,fixed,0.38,-0.05,-0.25,0.23307807831339783,-0.021888074211239786,-0.035408215775981994,nan,nan,nan,nan,0.14,False,True,
confirm_mixed_context,10170,frozen,adaptation,6,fixed,0.38,-0.05,-0.25,0.18850076295221818,-0.00108444086938237,-0.059959819194419665,nan,nan,nan,nan,0.14,False,True,
confirm_mixed_context,10171,frozen,adaptation,6,fixed,0.38,-0.05,-0.25,0.2203948205717217,0.018390094727204466,-0.10547523898213237,nan,nan,nan,nan,0.14,False,True,
confirm_mixed_context,10172,frozen,adaptation,6,fixed,0.38,-0.05,-0.25,0.2093634154438061,-0.0075633414245482155,-0.11308069138104392,nan,nan,nan,nan,0.14,False,True,
confirm_mixed_context,10101,frozen,validation,6,rolling_fixed_holdout,0.2,0.18,0.3,0.0038708200445061506,0.045238088945800226,0.12948801939202903,0.1931877486082513,0.151885225471411,0.24370096647649314,0.1452345294535464,0.14,True,True,
confirm_mixed_context,10102,frozen,validation,6,rolling_fixed_holdout,0.2,0.18,0.3,-0.0047425712183424605,0.01756835454984984,0.09503536015457366,0.2054648925328067,0.14814303003850873,0.24260594045572306,0.1636356488124649,0.14,False,True,
confirm_mixed_context,10103,frozen,validation,6,rolling_fixed_holdout,0.2,0.18,0.3,0.0028052866044700193,0.027388155909790844,0.0977363759012034,0.18313306375673455,0.1678305524888041,0.28215828228621365,0.15637430954743894,0.14,False,True,
confirm_mixed_context,10104,frozen,validation,6,rolling_fixed_holdout,0.2,0.18,0.3,0.11528107572432045,0.09240521900494365,0.1284102481987216,0.18416319779244286,0.1838618614500219,0.27124710394057766,0.1345100057923625,0.14,True,True,
confirm_mixed_context,10105,frozen,validation,6,rolling_fixed_holdout,0.2,0.18,0.3,0.07840580255240577,0.05789439535861432,0.12093887317194277,0.17835219907866645,0.16939729711978993,0.27381955246356354,0.1487645406910925,0.14,False,True,
confirm_mixed_context,10106,frozen,validation,6,rolling_fixed_holdout,0.2,0.18,0.3,0.021197454131843676,0.06307712454992012,0.152517890920297,0.18814136444576837,0.16858484051793063,0.271897317105184,0.1507223994030376,0.14,False,True,
confirm_mixed_context,10107,frozen,validation,6,rolling_fixed_holdout,0.2,0.18,0.3,0.04271967749766776,0.06091839823922988,0.13393318664844014,0.20024287875105806,0.17755371096263917,0.25062489854288605,0.13735002585942643,0.14,True,True,
confirm_mixed_context,10108,frozen,validation,6,rolling_fixed_holdout,0.2,0.18,0.3,0.062368348674856015,0.05029737652213832,0.13818355357903966,0.19520709451313503,0.1670464823901715,0.28065916283394826,0.14638420899405985,0.14,False,True,
confirm_mixed_context,10109,frozen,validation,6,rolling_fixed_holdout,0.2,0.18,0.3,0.013978280043229818,0.018404141486463833,0.10377520699461093,0.2019656226823965,0.15329563116119863,0.2828826718871961,0.17970300408855647,0.14,False,True,
confirm_mixed_context,10110,frozen,validation,6,rolling_fixed_holdout,0.2,0.18,0.3,0.0069534310001520515,0.05214383087509017,0.1509865787992402,0.20539753091697177,0.1758624549999314,0.25740305720345813,0.1531846182246685,0.14,False,True,
confirm_mixed_context,10111,frozen,validation,6,rolling_fixed_holdout,0.2,0.18,0.3,0.057776009302627176,0.09237400667975057,0.17822080423445474,0.17820158828012342,0.16710993347277742,0.26884699261658856,0.1347930255412327,0.14,True,True,
confirm_mixed_context,10112,frozen,validation,6,rolling_fixed_holdout,0.2,0.18,0.3,0.049224397344765906,0.048196642379024164,0.09789427044712802,0.18942580476550855,0.16783535650192363,0.27798565541193276,0.1415268791185454,0.14,False,True,
confirm_mixed_context,10113,frozen,validation,6,rolling_fixed_holdout,0.2,0.18,0.3,-0.021058266808248228,0.024904287133653585,0.10660576959597884,0.17034677889157981,0.16704622202562355,0.27494967827984884,0.15961932659205094,0.14,False,True,
confirm_mixed_context,10114,frozen,validation,6,rolling_fixed_holdout,0.2,0.18,0.3,0.06015665114229546,0.05806084598239341,0.11423831498466402,0.2096176228708276,0.1588392007191916,0.25776460131284146,0.14135610363187084,0.14,False,True,
confirm_mixed_context,10115,frozen,validation,6,rolling_fixed_holdout,0.2,0.18,0.3,0.030175509962443035,0.04729921825314201,0.09701039270512243,0.1891233512584599,0.16490541122400892,0.26901050227000195,0.15515911183047293,0.14,False,True,
confirm_mixed_context,10116,frozen,validation,6,rolling_fixed_holdout,0.2,0.18,0.3,0.011526597929271042,0.06491007509005771,0.11958522386453713,0.18801832626802714,0.13520219730255126,0.2474483694963195,0.15053601540109432,0.14,False,True,
confirm_mixed_context,10117,frozen,validation,6,rolling_fixed_holdout,0.2,0.18,0.3,0.07236906296753656,0.06554884564027023,0.13987183917301182,0.1866102206530503,0.16747461104457237,0.26495559401383373,0.14406251865555783,0.14,False,True,
confirm_mixed_context,10118,frozen,validation,6,rolling_fixed_holdout,0.2,0.18,0.3,0.02849933367539716,0.062460311359280124,0.14645411114250634,0.19068861210428842,0.17194603484366805,0.2914689029542636,0.1530483439219563,0.14,False,True,
confirm_mixed_context,10119,frozen,validation,6,rolling_fixed_holdout,0.2,0.18,0.3,0.006962391392900985,0.034044848983346074,0.12079059283907917,0.1913889880038745,0.17244713327967554,0.2584105474077178,0.14498129687278438,0.14,True,True,
confirm_mixed_context,10120,frozen,validation,6,rolling_fixed_holdout,0.2,0.18,0.3,0.07733012008523203,0.06854659869877996,0.1231760833644043,0.1811740775183878,0.16199443683383818,0.26963760431899636,0.12703420448637248,0.14,True,True,
confirm_mixed_context,10121,frozen,validation,6,rolling_fixed_holdout,0.2,0.18,0.3,0.016252193728668325,0.03769757514813592,0.1270760449201296,0.19894018935815486,0.17879555973325081,0.2627903623576349,0.1645916165025059,0.14,False,True,
confirm_mixed_context,10122,frozen,validation,6,rolling_fixed_holdout,0.2,0.18,0.3,0.02031068028993036,0.04468535997653721,0.08888455124801702,0.18622914994105455,0.16019110903861117,0.2854679617136974,0.15197982278576078,0.14,False,True,
confirm_mixed_context,10123,frozen,validation,6,rolling_fixed_holdout,0.2,0.18,0.3,0.057004997591419554,0.0549050209920057,0.12489050294950933,0.19901340754675312,0.1492739498303842,0.2736453115473129,0.1435199543180814,0.14,False,True,
confirm_mixed_context,10124,frozen,validation,6,rolling_fixed_holdout,0.2,0.18,0.3,0.017540989772889298,0.0402458749298427,0.048737086399517335,0.17074388566353446,0.1599498860532235,0.27010177222194154,0.15860952815607274,0.14,False,True,
confirm_mixed_context,10125,frozen,validation,6,rolling_fixed_holdout,0.2,0.18,0.3,0.10340041391914889,0.07406178315152717,0.1158628609749971,0.20603475907998356,0.1732704956756075,0.2649325313403164,0.13307590248388337,0.14,True,True,
confirm_mixed_context,10126,frozen,validation,6,rolling_fixed_holdout,0.2,0.18,0.3,0.029282424861733575,0.046948150805756386,0.1161336176511394,0.19784789139948317,0.1584970014083341,0.26199033070408695,0.1536715188467314,0.14,False,True,
confirm_mixed_context,10127,frozen,validation,6,rolling_fixed_holdout,0.2,0.18,0.3,0.023560767090831793,0.04109655486587571,0.10571867071979052,0.18835456495989727,0.18296599898529656,0.26632752425497874,0.16587673368042472,0.14,False,True,
confirm_mixed_context,10128,frozen,validation,6,rolling_fixed_holdout,0.2,0.18,0.3,0.02611323394143978,0.06698650572774958,0.13283191259644084,0.183022871386634,0.17889453335968492,0.2692455397783586,0.15312147860237096,0.14,False,True,
confirm_mixed_context,10129,frozen,validation,6,rolling_fixed_holdout,0.2,0.18,0.3,0.039593007507334736,0.06394816907382804,0.1627493380267999,0.19319841009779873,0.1306741952743807,0.24984986847611343,0.1431740676059976,0.14,True,True,
confirm_mixed_context,10130,frozen,validation,6,rolling_fixed_holdout,0.2,0.18,0.3,0.08344833190389271,0.061314409815062705,0.16566475747649403,0.18462769666919387,0.1642175058033696,0.28556326416961497,0.1534826539855555,0.14,False,True,
confirm_mixed_context,10131,frozen,validation,6,rolling_fixed_holdout,0.2,0.18,0.3,0.039545480105212034,0.06145254202145667,0.13849175717650644,0.2054888199509191,0.15126546021757467,0.2564382997922348,0.14517644727960002,0.14,False,True,
confirm_mixed_context,10132,frozen,validation,6,rolling_fixed_holdout,0.2,0.18,0.3,0.05120222047813325,0.0952332524440565,0.1697563724819136,0.1953286399131917,0.13337829156730938,0.27013630721680915,0.12310125161247365,0.14,True,True,
confirm_mixed_context,10133,frozen,validation,6,rolling_fixed_holdout,0.2,0.18,0.3,0.04343112842798922,0.03790244642614819,0.13834279123288662,0.20013011141630577,0.18095804993938214,0.24805760859535433,0.13995967923583347,0.14,True,True,
confirm_mixed_context,10134,frozen,validation,6,rolling_fixed_holdout,0.2,0.18,0.3,-0.004768956063270095,0.024910105365744412,0.0783762092205976,0.16642869437237545,0.16241904780442212,0.27623231332340853,0.15464718524773113,0.14,False,True,
confirm_mixed_context,10135,frozen,validation,6,rolling_fixed_holdout,0.2,0.18,0.3,-0.036044401572452825,0.03230695734417209,0.10918698791417271,0.19439607467595335,0.13783503123889593,0.2595202401457688,0.15324218603743398,0.14,False,True,
confirm_mixed_context,10136,frozen,validation,6,rolling_fixed_holdout,0.2,0.18,0.3,0.052564626922352566,0.06293878056159245,0.11570037350177988,0.18651947970561103,0.1698831333054498,0.28189312652892007,0.12754656180009455,0.14,True,True,
confirm_mixed_context,10137,frozen,validation,6,rolling_fixed_holdout,0.2,0.18,0.3,0.008675151460719647,0.036945740931297565,0.11843519807847469,0.1806391052061815,0.16539789990342602,0.26995112509025243,0.15589000264153227,0.14,False,True,
confirm_mixed_context,10138,frozen,validation,6,rolling_fixed_holdout,0.2,0.18,0.3,0.0359569218699269,0.03660388412394709,0.11314404462900994,0.1883221075219897,0.1583269960706675,0.26870072550346435,0.14761049575000376,0.14,False,True,
confirm_mixed_context,10139,frozen,validation,6,rolling_fixed_holdout,0.2,0.18,0.3,0.07806831085128675,0.06051204209812791,0.10681281525889495,0.1960340303730713,0.17802284121392248,0.2883432419033131,0.14910857758220697,0.14,False,True,
confirm_mixed_context,10140,frozen,validation,6,rolling_fixed_holdout,0.2,0.18,0.3,0.006066832286779856,0.035067389310454354,0.090750990356766,0.1849996514135363,0.17114112570807025,0.27631385671637576,0.156298750112103,0.14,False,True,
confirm_mixed_context,10141,frozen,validation,6,rolling_fixed_holdout,0.2,0.18,0.3,0.08922941012485308,0.05051930334974917,0.11883026484390265,0.1842008299645456,0.17179529822379622,0.2851264004096737,0.1531650971135974,0.14,False,True,
confirm_mixed_context,10142,frozen,validation,6,rolling_fixed_holdout,0.2,0.18,0.3,0.005423625002996132,0.06396633167753675,0.16827873953988537,0.1866394268509124,0.16648028845626656,0.2535980783156226,0.13930021623219338,0.14,True,True,
confirm_mixed_context,10143,frozen,validation,6,rolling_fixed_holdout,0.2,0.18,0.3,0.1308894415726954,0.08735933352538496,0.18758864508720174,0.1907371629885814,0.16325405041784655,0.2572315820865437,0.12623209253504752,0.075,False,True,
confirm_mixed_context,10144,frozen,validation,6,rolling_fixed_holdout,0.2,0.18,0.3,-0.020694404783450544,0.039448642710352935,0.1346837556409905,0.1740338342644291,0.1610039781834202,0.2665650402560696,0.1586698476316321,0.14,False,True,
confirm_mixed_context,10145,frozen,validation,6,rolling_fixed_holdout,0.2,0.18,0.3,0.04440055812247199,0.04822160958047903,0.11471123185241137,0.19949928664808567,0.1576213103414725,0.2584236209461803,0.14578576301778665,0.14,False,True,
confirm_mixed_context,10146,frozen,validation,6,rolling_fixed_holdout,0.2,0.18,0.3,0.012179539737202113,0.08668492753839056,0.20080073602361787,0.19051298714301745,0.16355668046333582,0.26256163460414933,0.14511332565436424,0.14,False,True,
confirm_mixed_context,10147,frozen,validation,6,rolling_fixed_holdout,0.2,0.18,0.3,0.041677230898723605,0.051864659609048014,0.14317283865165015,0.17729850280334294,0.14779638133437836,0.26368737421917493,0.13680968994936185,0.14,True,True,
confirm_mixed_context,10148,frozen,validation,6,rolling_fixed_holdout,0.2,0.18,0.3,0.041161992217203645,0.04561365360364225,0.13788574242278645,0.19437552482000128,0.13623452215937326,0.27518627388047645,0.142246229327167,0.14,False,True,
confirm_mixed_context,10149,frozen,validation,6,rolling_fixed_holdout,0.2,0.18,0.3,0.020596116928394165,0.03540921386095238,0.07277542742309576,0.212769504181245,0.15417088260388814,0.2581627690896833,0.15665763015953993,0.14,False,True,
confirm_mixed_context,10150,frozen,validation,6,rolling_fixed_holdout,0.2,0.18,0.3,0.059495681974834624,0.1014030558183871,0.17552390891613318,0.18880314108884202,0.1831861004292501,0.2597744149889068,0.1465309134392098,0.14,False,True,
confirm_mixed_context,10151,frozen,validation,6,rolling_fixed_holdout,0.2,0.18,0.3,0.0043543610788038065,0.03354352607923916,0.10640296767316078,0.20598379715367207,0.1583270955004273,0.2772595475325732,0.1739650555033064,0.14,False,True,
confirm_mixed_context,10152,frozen,validation,6,rolling_fixed_holdout,0.2,0.18,0.3,0.07736063488421063,0.10312379358208223,0.22121339138247875,0.19459948134657407,0.18065304100742463,0.2684614690777376,0.13812225996954294,0.14,True,True,
confirm_mixed_context,10153,frozen,validation,6,rolling_fixed_holdout,0.2,0.18,0.3,0.057468979409446855,0.04302572084247485,0.16773421080593523,0.1958076724425353,0.17618886149312754,0.2628059630928851,0.1433100906150261,0.14,True,True,
confirm_mixed_context,10154,frozen,validation,6,rolling_fixed_holdout,0.2,0.18,0.3,0.040020232039667133,0.037112694443479255,0.12994998534768148,0.1926975507703749,0.16164963068650215,0.2812356409373106,0.1338227958676997,0.14,True,True,
confirm_mixed_context,10155,frozen,validation,6,rolling_fixed_holdout,0.2,0.18,0.3,-0.0003748185209501345,0.02203227816252406,0.07826272166925037,0.19318627452444553,0.1574762161786082,0.25193630277153367,0.14764298770507628,0.14,True,True,
confirm_mixed_context,10156,frozen,validation,6,rolling_fixed_holdout,0.2,0.18,0.3,0.015875737255820102,0.04871046361942567,0.08898109439691751,0.1849569598077668,0.16359203494441169,0.25069139963719317,0.15520831694665255,0.14,False,True,
confirm_mixed_context,10157,frozen,validation,6,rolling_fixed_holdout,0.2,0.18,0.3,0.013050859899423964,0.040581637766305495,0.07145881786546245,0.1878130413196623,0.1679543628125964,0.2898137458472845,0.16111720335149007,0.14,False,True,
confirm_mixed_context,10158,frozen,validation,6,rolling_fixed_holdout,0.2,0.18,0.3,0.021279613603677368,0.03792348916224495,0.12337775556910091,0.19306177250308876,0.17860618880446877,0.2686686050139081,0.14364430413864998,0.14,False,True,
confirm_mixed_context,10159,frozen,validation,6,rolling_fixed_holdout,0.2,0.18,0.3,0.014179271055437474,0.033791471914951854,0.05914964992206972,0.18380504689157265,0.17000048636617798,0.2645221385343262,0.16342588280469678,0.14,False,True,
confirm_mixed_context,10160,frozen,validation,6,rolling_fixed_holdout,0.2,0.18,0.3,0.055899979835552366,0.07836257555554497,0.20382320102300636,0.18228493666181012,0.17064815146868734,0.2661751104332214,0.1311303630241197,0.14,True,True,
confirm_mixed_context,10161,frozen,validation,6,rolling_fixed_holdout,0.2,0.18,0.3,-0.006866505482786472,0.022322655844150895,0.0909089678642056,0.19301764238185767,0.16201372834942504,0.2611829016602618,0.143573125088653,0.14,True,True,
confirm_mixed_context,10162,frozen,validation,6,rolling_fixed_holdout,0.2,0.18,0.3,0.05963920791837129,0.05710182231666484,0.13330362343624705,0.20385321644090434,0.17245234612023283,0.27485439440136905,0.16220660602171216,0.14,False,True,
confirm_mixed_context,10163,frozen,validation,6,rolling_fixed_holdout,0.2,0.18,0.3,0.060383611401633515,0.0430334181357655,0.15919911598084066,0.18600124302476886,0.166665482045015,0.2783782892603034,0.1563908163874031,0.14,False,True,
confirm_mixed_context,10164,frozen,validation,6,rolling_fixed_holdout,0.2,0.18,0.3,0.03773141458384339,0.05819101036975071,0.132092403914039,0.17343824361075635,0.14898909369161548,0.27632796750568484,0.13690076564469983,0.14,True,True,
confirm_mixed_context,10165,frozen,validation,6,rolling_fixed_holdout,0.2,0.18,0.3,0.023838698947920393,0.04457174095864417,0.17170591062540386,0.17811697267210258,0.16171844681228595,0.2726334696310526,0.16003405626247974,0.14,False,True,
confirm_mixed_context,10166,frozen,validation,6,rolling_fixed_holdout,0.2,0.18,0.3,0.11986006409109425,0.10512183242718197,0.14767215040022666,0.19574812784905393,0.18571075084690922,0.27194570049412214,0.1270370829191408,0.14,True,True,
confirm_mixed_context,10167,frozen,validation,6,rolling_fixed_holdout,0.2,0.18,0.3,-0.003578113174346281,0.06914493505212202,0.18061604836885053,0.1936016905411693,0.18188152182114511,0.2544629372695789,0.15174084850321218,0.14,True,True,
confirm_mixed_context,10168,frozen,validation,6,rolling_fixed_holdout,0.2,0.18,0.3,0.019173928409417004,0.02719234982121439,0.10134507731709073,0.1838949655036034,0.14717095715696255,0.25254249911491355,0.1400934790959359,0.14,True,True,
confirm_mixed_context,10169,frozen,validation,6,rolling_fixed_holdout,0.2,0.18,0.3,0.0318470887200029,0.10265087329536371,0.1700642676316242,0.2030557455859285,0.15939771945653655,0.24432171521178034,0.1370808485044456,0.14,True,True,
confirm_mixed_context,10170,frozen,validation,6,rolling_fixed_holdout,0.2,0.18,0.3,0.012608393539307079,0.07563888822960034,0.11621451041818097,0.19458661222511153,0.18006866687575113,0.2684081851385871,0.15564277380945618,0.14,False,True,
confirm_mixed_context,10171,frozen,validation,6,rolling_fixed_holdout,0.2,0.18,0.3,-0.005559652200173705,0.03608817673148085,0.1007555247414343,0.19424259995985257,0.1569792301999272,0.26136504547362543,0.14693210979831603,0.14,True,True,
confirm_mixed_context,10172,frozen,validation,6,rolling_fixed_holdout,0.2,0.18,0.3,0.01857145176280251,0.047327804316088386,0.08729349243529252,0.20863716730726903,0.17084395813803302,0.2540701381212786,0.14642128339180416,0.14,True,True,
confirm_mixed_context,10101,frozen,adaptation,7,fixed,0.05,0.22,-0.55,0.0006051633339817575,-0.0224167526457295,-0.19058619370054491,nan,nan,nan,nan,0.14,False,True,
confirm_mixed_context,10102,frozen,adaptation,7,fixed,0.05,0.22,-0.55,-0.04878742516490007,-0.010330568893318518,-0.11846122219475774,nan,nan,nan,nan,0.14,False,True,
confirm_mixed_context,10103,frozen,adaptation,7,fixed,0.05,0.22,-0.55,-0.06167190494468486,-0.013239516662605469,-0.14410215719827157,nan,nan,nan,nan,0.14,False,True,
confirm_mixed_context,10104,frozen,adaptation,7,fixed,0.05,0.22,-0.55,-0.05020296680779415,-0.0023373838015414332,-0.17762644463143928,nan,nan,nan,nan,0.14,False,True,
confirm_mixed_context,10105,frozen,adaptation,7,fixed,0.05,0.22,-0.55,-0.03505024660742526,0.009028502735137976,-0.23002099245752114,nan,nan,nan,nan,0.14,False,True,
confirm_mixed_context,10106,frozen,adaptation,7,fixed,0.05,0.22,-0.55,-0.009802131756071482,0.006907800865292254,-0.17605052084871395,nan,nan,nan,nan,0.14,False,True,
confirm_mixed_context,10107,frozen,adaptation,7,fixed,0.05,0.22,-0.55,-0.02335562421783042,0.029525050627072964,-0.16868221784728502,nan,nan,nan,nan,0.14,False,True,
confirm_mixed_context,10108,frozen,adaptation,7,fixed,0.05,0.22,-0.55,0.015050990926755015,0.05360150308824101,-0.14360463623087644,nan,nan,nan,nan,0.14,False,True,
confirm_mixed_context,10109,frozen,adaptation,7,fixed,0.05,0.22,-0.55,-0.05356582561383387,0.0016378177176787126,-0.10450561246934549,nan,nan,nan,nan,0.14,False,True,
confirm_mixed_context,10110,frozen,adaptation,7,fixed,0.05,0.22,-0.55,-0.007046308674692309,-0.02351603301452088,-0.17975200850286457,nan,nan,nan,nan,0.14,False,True,
confirm_mixed_context,10111,frozen,adaptation,7,fixed,0.05,0.22,-0.55,-0.054926396676574646,-0.012493182268413387,-0.2046764785583925,nan,nan,nan,nan,0.14,False,True,
confirm_mixed_context,10112,frozen,adaptation,7,fixed,0.05,0.22,-0.55,-0.008187409592005588,0.02358896969741367,-0.20114938517399447,nan,nan,nan,nan,0.14,False,True,
confirm_mixed_context,10113,frozen,adaptation,7,fixed,0.05,0.22,-0.55,-0.0737017860291797,-0.012736569045514751,-0.16474584055549618,nan,nan,nan,nan,0.14,False,True,
confirm_mixed_context,10114,frozen,adaptation,7,fixed,0.05,0.22,-0.55,0.005911830879571268,0.04079330926890139,-0.2026832652485552,nan,nan,nan,nan,0.14,False,True,
confirm_mixed_context,10115,frozen,adaptation,7,fixed,0.05,0.22,-0.55,-0.02982439497987141,-0.0034161719699707075,-0.1567149526713358,nan,nan,nan,nan,0.14,False,True,
confirm_mixed_context,10116,frozen,adaptation,7,fixed,0.05,0.22,-0.55,-0.019639471544399958,-0.016725424157688042,-0.12300576424663542,nan,nan,nan,nan,0.14,False,True,
confirm_mixed_context,10117,frozen,adaptation,7,fixed,0.05,0.22,-0.55,-0.04983130014658132,0.01997432135818676,-0.20384343210926986,nan,nan,nan,nan,0.14,False,True,
confirm_mixed_context,10118,frozen,adaptation,7,fixed,0.05,0.22,-0.55,-0.03424242703643753,-0.0008366274966148588,-0.14302976593845176,nan,nan,nan,nan,0.14,False,True,
confirm_mixed_context,10119,frozen,adaptation,7,fixed,0.05,0.22,-0.55,-0.06055916258182729,-0.0022648080265393125,-0.16675316306675894,nan,nan,nan,nan,0.14,False,True,
confirm_mixed_context,10120,frozen,adaptation,7,fixed,0.05,0.22,-0.55,-0.023732395046769484,0.04646656616054921,-0.20705927176182215,nan,nan,nan,nan,0.14,False,True,
confirm_mixed_context,10121,frozen,adaptation,7,fixed,0.05,0.22,-0.55,-0.06390427402869778,-0.005230173742413033,-0.19380266531305093,nan,nan,nan,nan,0.14,False,True,
confirm_mixed_context,10122,frozen,adaptation,7,fixed,0.05,0.22,-0.55,0.009696175172075756,0.037794438300329365,-0.22484740415505705,nan,nan,nan,nan,0.14,False,True,
confirm_mixed_context,10123,frozen,adaptation,7,fixed,0.05,0.22,-0.55,-0.04506506308339641,-0.0008609699560398239,-0.18835173191772944,nan,nan,nan,nan,0.14,False,True,
confirm_mixed_context,10124,frozen,adaptation,7,fixed,0.05,0.22,-0.55,-0.010128889366090812,0.029673106971056053,-0.1569892276208642,nan,nan,nan,nan,0.14,False,True,
confirm_mixed_context,10125,frozen,adaptation,7,fixed,0.05,0.22,-0.55,-0.019498123988194588,0.022561476328680906,-0.21853484603479456,nan,nan,nan,nan,0.14,False,True,
confirm_mixed_context,10126,frozen,adaptation,7,fixed,0.05,0.22,-0.55,-0.013498329389014109,0.009245172837165066,-0.23069695252865027,nan,nan,nan,nan,0.14,False,True,
confirm_mixed_context,10127,frozen,adaptation,7,fixed,0.05,0.22,-0.55,-0.09705167739039917,-0.012493390108294252,-0.13434333532755638,nan,nan,nan,nan,0.14,False,True,
confirm_mixed_context,10128,frozen,adaptation,7,fixed,0.05,0.22,-0.55,-0.026862249249057595,-0.018461803637583353,-0.09528917583528076,nan,nan,nan,nan,0.14,False,True,
confirm_mixed_context,10129,frozen,adaptation,7,fixed,0.05,0.22,-0.55,-0.07275153240558317,0.005090684242876514,-0.19973997161762216,nan,nan,nan,nan,0.14,False,True,
confirm_mixed_context,10130,frozen,adaptation,7,fixed,0.05,0.22,-0.55,0.005191025649843455,0.008812209968601957,-0.18170703952635353,nan,nan,nan,nan,0.14,False,True,
confirm_mixed_context,10131,frozen,adaptation,7,fixed,0.05,0.22,-0.55,-0.08235270535826834,-0.013311579326995435,-0.13845623647791006,nan,nan,nan,nan,0.14,False,True,
confirm_mixed_context,10132,frozen,adaptation,7,fixed,0.05,0.22,-0.55,-0.015330207614107432,-0.011169312399402324,-0.16918665986475978,nan,nan,nan,nan,0.14,False,True,
confirm_mixed_context,10133,frozen,adaptation,7,fixed,0.05,0.22,-0.55,-0.03119974959037672,0.019706265066561708,-0.16821874499791223,nan,nan,nan,nan,0.14,False,True,
confirm_mixed_context,10134,frozen,adaptation,7,fixed,0.05,0.22,-0.55,-0.008671965755696094,0.005994466943936452,-0.1920613559529469,nan,nan,nan,nan,0.14,False,True,
confirm_mixed_context,10135,frozen,adaptation,7,fixed,0.05,0.22,-0.55,-0.018989780980495093,-0.007547701531991091,-0.16220188682358072,nan,nan,nan,nan,0.14,False,True,
confirm_mixed_context,10136,frozen,adaptation,7,fixed,0.05,0.22,-0.55,-0.035714540497609526,0.031920473479505926,-0.2222664060549937,nan,nan,nan,nan,0.14,False,True,
confirm_mixed_context,10137,frozen,adaptation,7,fixed,0.05,0.22,-0.55,-0.0599193159746886,-0.0033121524832649307,-0.1929764420652371,nan,nan,nan,nan,0.14,False,True,
confirm_mixed_context,10138,frozen,adaptation,7,fixed,0.05,0.22,-0.55,-0.04386754132272298,0.01802355948367672,-0.1963814783721594,nan,nan,nan,nan,0.14,False,True,
confirm_mixed_context,10139,frozen,adaptation,7,fixed,0.05,0.22,-0.55,-0.05479593383779039,0.029222091198667713,-0.2054954820479912,nan,nan,nan,nan,0.14,False,True,
confirm_mixed_context,10140,frozen,adaptation,7,fixed,0.05,0.22,-0.55,0.008536166695683646,0.05022803756165565,-0.21526811220588937,nan,nan,nan,nan,0.14,False,True,
confirm_mixed_context,10141,frozen,adaptation,7,fixed,0.05,0.22,-0.55,-0.053809202368222175,-0.003668970438799572,-0.11912373481809806,nan,nan,nan,nan,0.14,False,True,
confirm_mixed_context,10142,frozen,adaptation,7,fixed,0.05,0.22,-0.55,-0.03031528585975703,-0.005354203254228011,-0.17227332676215074,nan,nan,nan,nan,0.14,False,True,
confirm_mixed_context,10143,frozen,adaptation,7,fixed,0.05,0.22,-0.55,-0.021500460078956733,0.0032654132049932403,-0.19948865348244138,nan,nan,nan,nan,0.075,False,True,
confirm_mixed_context,10144,frozen,adaptation,7,fixed,0.05,0.22,-0.55,-0.043443884254988095,-0.006527947949390097,-0.13241140145084904,nan,nan,nan,nan,0.14,False,True,
confirm_mixed_context,10145,frozen,adaptation,7,fixed,0.05,0.22,-0.55,-0.06374304892870898,0.00969650377121629,-0.1418664705196098,nan,nan,nan,nan,0.14,False,True,
confirm_mixed_context,10146,frozen,adaptation,7,fixed,0.05,0.22,-0.55,-0.019084123252030266,-0.01317294512471295,-0.14201653520510285,nan,nan,nan,nan,0.14,False,True,
confirm_mixed_context,10147,frozen,adaptation,7,fixed,0.05,0.22,-0.55,-0.07016515747861865,-0.017277377576426948,-0.1351187780003481,nan,nan,nan,nan,0.14,False,True,
confirm_mixed_context,10148,frozen,adaptation,7,fixed,0.05,0.22,-0.55,-0.0542604397750868,0.02102282660661784,-0.13364515164455393,nan,nan,nan,nan,0.14,False,True,
confirm_mixed_context,10149,frozen,adaptation,7,fixed,0.05,0.22,-0.55,-0.028944814044339497,-0.003619425490956564,-0.20082096465189422,nan,nan,nan,nan,0.14,False,True,
confirm_mixed_context,10150,frozen,adaptation,7,fixed,0.05,0.22,-0.55,-0.05683399122975306,-0.011246751569642506,-0.11525508908645656,nan,nan,nan,nan,0.14,False,True,
confirm_mixed_context,10151,frozen,adaptation,7,fixed,0.05,0.22,-0.55,-0.02476944697095655,-0.010152112133251599,-0.10584791650404603,nan,nan,nan,nan,0.14,False,True,
confirm_mixed_context,10152,frozen,adaptation,7,fixed,0.05,0.22,-0.55,0.007419425106061995,0.11383463455764554,-0.2830321319472216,nan,nan,nan,nan,0.14,False,True,
confirm_mixed_context,10153,frozen,adaptation,7,fixed,0.05,0.22,-0.55,-0.04904015353421627,0.013199353694381109,-0.2903819273232099,nan,nan,nan,nan,0.14,False,True,
confirm_mixed_context,10154,frozen,adaptation,7,fixed,0.05,0.22,-0.55,-0.060444690360557635,-0.013534466190138766,-0.16925662547087725,nan,nan,nan,nan,0.14,False,True,
confirm_mixed_context,10155,frozen,adaptation,7,fixed,0.05,0.22,-0.55,-0.01929074405664422,0.01903855046028128,-0.16386389961871892,nan,nan,nan,nan,0.14,False,True,
confirm_mixed_context,10156,frozen,adaptation,7,fixed,0.05,0.22,-0.55,-0.00918808654884988,0.02553056875289502,-0.1823926382490166,nan,nan,nan,nan,0.14,False,True,
confirm_mixed_context,10157,frozen,adaptation,7,fixed,0.05,0.22,-0.55,-0.058965071799030815,-0.009456693501974464,-0.11092885660175145,nan,nan,nan,nan,0.14,False,True,
confirm_mixed_context,10158,frozen,adaptation,7,fixed,0.05,0.22,-0.55,-0.06389317095425517,-0.01631870959836117,-0.1332575485025986,nan,nan,nan,nan,0.14,False,True,
confirm_mixed_context,10159,frozen,adaptation,7,fixed,0.05,0.22,-0.55,-0.012371998493571094,0.018198192875024055,-0.1805953643319182,nan,nan,nan,nan,0.14,False,True,
confirm_mixed_context,10160,frozen,adaptation,7,fixed,0.05,0.22,-0.55,-0.0273621188561753,6.775812182072081e-05,-0.15019644078683797,nan,nan,nan,nan,0.14,False,True,
confirm_mixed_context,10161,frozen,adaptation,7,fixed,0.05,0.22,-0.55,-0.05389776063032958,-0.010590479317078128,-0.15422172760175806,nan,nan,nan,nan,0.14,False,True,
confirm_mixed_context,10162,frozen,adaptation,7,fixed,0.05,0.22,-0.55,-0.04688289708009593,0.02348597041913407,-0.1703346266143581,nan,nan,nan,nan,0.14,False,True,
confirm_mixed_context,10163,frozen,adaptation,7,fixed,0.05,0.22,-0.55,-0.06547983406353299,0.0013850313732099808,-0.12345343585199912,nan,nan,nan,nan,0.14,False,True,
confirm_mixed_context,10164,frozen,adaptation,7,fixed,0.05,0.22,-0.55,-0.07198644467797002,0.017964839273554797,-0.17530034334075412,nan,nan,nan,nan,0.14,False,True,
confirm_mixed_context,10165,frozen,adaptation,7,fixed,0.05,0.22,-0.55,-0.06764268503783555,0.01086170028259704,-0.20649604206803304,nan,nan,nan,nan,0.14,False,True,
confirm_mixed_context,10166,frozen,adaptation,7,fixed,0.05,0.22,-0.55,-0.051808895365442476,-0.009251277281080541,-0.17655333933412595,nan,nan,nan,nan,0.14,False,True,
confirm_mixed_context,10167,frozen,adaptation,7,fixed,0.05,0.22,-0.55,-0.06290052579547376,-0.003447818019137961,-0.1960652864920471,nan,nan,nan,nan,0.14,False,True,
confirm_mixed_context,10168,frozen,adaptation,7,fixed,0.05,0.22,-0.55,0.015321137961195497,0.023093696337192837,-0.26927668534411137,nan,nan,nan,nan,0.14,False,True,
confirm_mixed_context,10169,frozen,adaptation,7,fixed,0.05,0.22,-0.55,-0.02406882689720027,0.023320159198352147,-0.20186301483780708,nan,nan,nan,nan,0.14,False,True,
confirm_mixed_context,10170,frozen,adaptation,7,fixed,0.05,0.22,-0.55,-0.02362061858227257,0.012706682263398186,-0.1758474543618893,nan,nan,nan,nan,0.14,False,True,
confirm_mixed_context,10171,frozen,adaptation,7,fixed,0.05,0.22,-0.55,-0.02480320123515753,0.009404664317335505,-0.19858302204099296,nan,nan,nan,nan,0.14,False,True,
confirm_mixed_context,10172,frozen,adaptation,7,fixed,0.05,0.22,-0.55,-0.026116972637922477,0.011366778199564454,-0.17353032508863905,nan,nan,nan,nan,0.14,False,True,
confirm_mixed_context,10101,frozen,validation,7,rolling_fixed_holdout,0.35,0.0,-0.5,0.2707388314530423,-0.07108675520638413,-0.23646674559163877,0.3355706067777874,-0.011273026134529542,-0.4042522928925413,0.1389764619194117,0.14,True,True,
confirm_mixed_context,10102,frozen,validation,7,rolling_fixed_holdout,0.35,0.0,-0.5,0.10491056196684237,-0.0023106810450577724,-0.12970913511275894,0.34723568599564064,0.005657950987637388,-0.39650327470880653,0.17527997174012186,0.14,False,True,
confirm_mixed_context,10103,frozen,validation,7,rolling_fixed_holdout,0.35,0.0,-0.5,0.12874004234962846,-0.0007216701123565718,-0.19246963169249784,0.3335844457694326,-0.021507976124811024,-0.4132023675359993,0.1607500625569024,0.14,False,True,
confirm_mixed_context,10104,frozen,validation,7,rolling_fixed_holdout,0.35,0.0,-0.5,0.17297385965536205,-0.04428302690496164,-0.19246332506829328,0.33527977076782,-0.02465934294793864,-0.42112010720022125,0.1346618958817566,0.14,True,True,
confirm_mixed_context,10105,frozen,validation,7,rolling_fixed_holdout,0.35,0.0,-0.5,0.14876684635014395,-0.03359485442014366,-0.17398834822136283,0.3196312373001518,-0.029030270002240427,-0.4177382824509328,0.15158307130120263,0.14,False,True,
confirm_mixed_context,10106,frozen,validation,7,rolling_fixed_holdout,0.35,0.0,-0.5,0.202220071132033,0.012219539526066052,-0.23365936894665823,0.32175070831937547,-0.027520700977090938,-0.41756297365010747,0.1374174784131265,0.14,True,True,
confirm_mixed_context,10107,frozen,validation,7,rolling_fixed_holdout,0.35,0.0,-0.5,0.2092992048839171,-0.014262906182097346,-0.15961877121385265,0.34374435320222374,-0.017369866992226445,-0.3956573634019281,0.14017750127408066,0.14,True,True,
confirm_mixed_context,10108,frozen,validation,7,rolling_fixed_holdout,0.35,0.0,-0.5,0.22010998548494934,-0.0030310769770596734,-0.14324393619840897,0.3326647380941162,-0.021854091882294015,-0.4054134354298111,0.14661706458163035,0.14,False,True,
confirm_mixed_context,10109,frozen,validation,7,rolling_fixed_holdout,0.35,0.0,-0.5,0.19507034458187225,-0.03354976218653339,-0.2037806264263121,0.31991175434100066,-0.003128941578539726,-0.4380296029279246,0.17714693268548,0.14,False,True,
confirm_mixed_context,10110,frozen,validation,7,rolling_fixed_holdout,0.35,0.0,-0.5,0.2504164821210954,-0.07148500931647161,-0.23057792755068182,0.34320364815271504,0.009136156538330244,-0.38553478330116975,0.14727177481599957,0.14,False,True,
confirm_mixed_context,10111,frozen,validation,7,rolling_fixed_holdout,0.35,0.0,-0.5,0.16914358428052328,-0.013760111089972535,-0.2099908627697228,0.3199489872665334,-0.027434024614579073,-0.41702089914209234,0.1315846950728573,0.14,True,True,
confirm_mixed_context,10112,frozen,validation,7,rolling_fixed_holdout,0.35,0.0,-0.5,0.21893701450149175,-0.0008881764070536878,-0.21319141589117693,0.31684275267114675,-0.022657375917269462,-0.41870827903901364,0.1341042424147095,0.14,True,True,
confirm_mixed_context,10113,frozen,validation,7,rolling_fixed_holdout,0.35,0.0,-0.5,0.1609452426819962,-0.013316106291836091,-0.19448650079214852,0.3286993642605751,-0.01952468826569724,-0.40703177141344876,0.1615614982575805,0.14,False,True,
confirm_mixed_context,10114,frozen,validation,7,rolling_fixed_holdout,0.35,0.0,-0.5,0.2512759707015332,-0.004816531266742243,-0.18788236857836293,0.344958714538756,0.0030736705348163177,-0.375973725646412,0.13321184101655814,0.14,True,True,
confirm_mixed_context,10115,frozen,validation,7,rolling_fixed_holdout,0.35,0.0,-0.5,0.20488325088050072,-0.039508137857207,-0.2039314317437349,0.3219029652050186,-0.02827289699797967,-0.42244412411542664,0.14776298819496592,0.14,False,True,
confirm_mixed_context,10116,frozen,validation,7,rolling_fixed_holdout,0.35,0.0,-0.5,0.2217280920172398,-0.02877551320285104,-0.1794511287939671,0.33330507974685136,-0.01626063162831966,-0.396106270288698,0.14587360302722532,0.14,False,True,
confirm_mixed_context,10117,frozen,validation,7,rolling_fixed_holdout,0.35,0.0,-0.5,0.15822188107510382,0.012370656900369585,-0.24553213919008626,0.31323645342635775,-0.0203315308238763,-0.428115957981291,0.13804086646931515,0.14,True,True,
confirm_mixed_context,10118,frozen,validation,7,rolling_fixed_holdout,0.35,0.0,-0.5,0.24185320599766566,-0.02100052283616257,-0.21541660087530193,0.317345886080197,-0.009048971169378667,-0.4181531467539841,0.14358725454723692,0.14,False,True,
confirm_mixed_context,10119,frozen,validation,7,rolling_fixed_holdout,0.35,0.0,-0.5,0.11254138569883661,-0.042021453252611966,-0.2044648173814759,0.33238400588447675,-0.03179482602143246,-0.3863790674079508,0.14700689920786503,0.14,True,True,
confirm_mixed_context,10120,frozen,validation,7,rolling_fixed_holdout,0.35,0.0,-0.5,0.15393076648255108,0.04575320239678381,-0.26509054293469425,0.3245038709154164,-0.021569561129099697,-0.40333350327476764,0.12354211666906459,0.14,True,True,
confirm_mixed_context,10121,frozen,validation,7,rolling_fixed_holdout,0.35,0.0,-0.5,0.13563333777816014,-0.025599069669116483,-0.15239002907372487,0.34236171726890735,-0.023104000966566594,-0.3961266925529601,0.17090784823020302,0.14,False,True,
confirm_mixed_context,10122,frozen,validation,7,rolling_fixed_holdout,0.35,0.0,-0.5,0.19541434605932767,0.015836831230542518,-0.20184566288016564,0.33291878407782943,-0.023686641481851917,-0.41862370363284634,0.14972721214961882,0.14,False,True,
confirm_mixed_context,10123,frozen,validation,7,rolling_fixed_holdout,0.35,0.0,-0.5,0.18966590571442188,-0.049526185614393724,-0.17682125138893257,0.32370049091970277,-0.022101431243908325,-0.41209720628667956,0.14518444291722865,0.14,False,True,
confirm_mixed_context,10124,frozen,validation,7,rolling_fixed_holdout,0.35,0.0,-0.5,0.1233244522302386,-0.029986692103603503,-0.1856246638599089,0.31898342363166377,-0.03176994227698774,-0.4175013013879726,0.1635342437941606,0.14,False,True,
confirm_mixed_context,10125,frozen,validation,7,rolling_fixed_holdout,0.35,0.0,-0.5,0.21021787691469898,-0.03271251918847085,-0.19150430714593547,0.3295552856728865,-0.01992900867184347,-0.4188226736850554,0.1325515565546202,0.14,True,True,
confirm_mixed_context,10126,frozen,validation,7,rolling_fixed_holdout,0.35,0.0,-0.5,0.22421232010326575,-0.03767519281335416,-0.23087395142563313,0.3349507936242784,-0.008479544885822966,-0.39886837301214634,0.1469121318095138,0.14,False,True,
confirm_mixed_context,10127,frozen,validation,7,rolling_fixed_holdout,0.35,0.0,-0.5,0.1105313767330928,-0.0005825235680313517,-0.13132740307535468,0.278762530293021,-0.00839657635193154,-0.3695433782678788,0.17000843441406377,0.14,False,True,
confirm_mixed_context,10128,frozen,validation,7,rolling_fixed_holdout,0.35,0.0,-0.5,0.1168504476054686,-0.01328727497204259,-0.15952967550718353,0.3258670687595896,-0.01842691185864263,-0.4119889764655896,0.16342931922623322,0.14,False,True,
confirm_mixed_context,10129,frozen,validation,7,rolling_fixed_holdout,0.35,0.0,-0.5,0.15682170977303003,-0.04867423486169611,-0.15044641434026265,0.34156724339449235,-0.016280321737871063,-0.3979109197567547,0.1500199638434483,0.14,True,True,
confirm_mixed_context,10130,frozen,validation,7,rolling_fixed_holdout,0.35,0.0,-0.5,0.21198150913725713,0.020741822008984084,-0.15342021796352465,0.3364938567972302,-0.020740794858944627,-0.4116744143686779,0.15140818620392985,0.14,False,True,
confirm_mixed_context,10131,frozen,validation,7,rolling_fixed_holdout,0.35,0.0,-0.5,0.17715633323267332,-0.04155248456853214,-0.1385259730742129,0.33005134327348934,-0.0023856016837154183,-0.4156830181948337,0.1513257210504263,0.14,False,True,
confirm_mixed_context,10132,frozen,validation,7,rolling_fixed_holdout,0.35,0.0,-0.5,0.21312153164366995,-0.053153000703575114,-0.20761744313461736,0.33377357205108577,-0.018954615971103737,-0.37784541634839997,0.11475440006671227,0.14,True,True,
confirm_mixed_context,10133,frozen,validation,7,rolling_fixed_holdout,0.35,0.0,-0.5,0.2268745699197201,0.01770803158452685,-0.14849089565149284,0.35362840606544504,-0.018776492766558194,-0.39651917704241046,0.13956831358680122,0.14,True,True,
confirm_mixed_context,10134,frozen,validation,7,rolling_fixed_holdout,0.35,0.0,-0.5,0.2214664333351208,0.0069391954966224086,-0.243922272994247,0.3199087809569225,-0.04329905469608777,-0.40140778994600357,0.14590119128687684,0.14,False,True,
confirm_mixed_context,10135,frozen,validation,7,rolling_fixed_holdout,0.35,0.0,-0.5,0.22233234653059541,0.04312997179336425,-0.2508881728158452,0.3492550796892387,-0.0031886001217371254,-0.4135893179848527,0.14638433545289478,0.14,False,True,
confirm_mixed_context,10136,frozen,validation,7,rolling_fixed_holdout,0.35,0.0,-0.5,0.2240836889641769,-0.0625682050598852,-0.23702964189371675,0.3242426143410357,-0.030825591040126887,-0.40228185113024983,0.12102178384240882,0.14,True,True,
confirm_mixed_context,10137,frozen,validation,7,rolling_fixed_holdout,0.35,0.0,-0.5,0.14913438612757365,-0.06485986836293262,-0.18589352827224467,0.32077519507425833,-0.029229291160306908,-0.42671712046030885,0.16222602017506638,0.14,False,True,
confirm_mixed_context,10138,frozen,validation,7,rolling_fixed_holdout,0.35,0.0,-0.5,0.20763471641744255,-0.024944208438289546,-0.22042076142416037,0.3130587541804413,-0.022173858651482903,-0.4466666477765067,0.1443325395438697,0.14,False,True,
confirm_mixed_context,10139,frozen,validation,7,rolling_fixed_holdout,0.35,0.0,-0.5,0.16381364552658864,-0.03330342398343017,-0.2447268998751172,0.3179701764799737,-0.009911042432419614,-0.4285353237459949,0.1489705419439129,0.14,False,True,
confirm_mixed_context,10140,frozen,validation,7,rolling_fixed_holdout,0.35,0.0,-0.5,0.23043676623705747,-0.016276347765473966,-0.15712044485031387,0.3277549170624489,-0.025223875287697452,-0.4138817289323992,0.1582370828249077,0.14,False,True,
confirm_mixed_context,10141,frozen,validation,7,rolling_fixed_holdout,0.35,0.0,-0.5,0.14212251359470143,0.008809195096130401,-0.25149042374611597,0.3515506843211837,-0.01019794389266986,-0.42834587841438887,0.15282384533918972,0.14,False,True,
confirm_mixed_context,10142,frozen,validation,7,rolling_fixed_holdout,0.35,0.0,-0.5,0.23833117413849897,-0.06808325424771255,-0.27667222117858853,0.3353054798630051,-0.03607269988973989,-0.3924729482077749,0.1330531505769695,0.14,True,True,
confirm_mixed_context,10143,frozen,validation,7,rolling_fixed_holdout,0.35,0.0,-0.5,0.14861303474724402,-0.056817307147445026,-0.22704840860507466,0.33324665179314056,-0.008375812595430895,-0.3898812679248838,0.1285293988530005,0.075,False,True,
confirm_mixed_context,10144,frozen,validation,7,rolling_fixed_holdout,0.35,0.0,-0.5,0.17393076025206566,0.056227620973934696,-0.21634131840422702,0.31049339900291606,-0.028550568435059997,-0.4303506552279545,0.15580780779532874,0.14,False,True,
confirm_mixed_context,10145,frozen,validation,7,rolling_fixed_holdout,0.35,0.0,-0.5,0.17888911988072156,-0.012356102740518184,-0.16486306772117,0.3444449784035855,-0.01724794603554798,-0.38491303320901016,0.14581854349803178,0.14,False,True,
confirm_mixed_context,10146,frozen,validation,7,rolling_fixed_holdout,0.35,0.0,-0.5,0.22493930899284822,-0.022471388250833207,-0.20785208552650883,0.3419464122547622,-0.022494003884969156,-0.41354124007466764,0.13987842793726687,0.14,True,True,
confirm_mixed_context,10147,frozen,validation,7,rolling_fixed_holdout,0.35,0.0,-0.5,0.13390218884670863,0.016709301629706734,-0.17942951688249556,0.30915911991531053,-0.026301483941523412,-0.4255605565392931,0.13775325519862158,0.14,True,True,
confirm_mixed_context,10148,frozen,validation,7,rolling_fixed_holdout,0.35,0.0,-0.5,0.2204693550013579,0.002705379780644388,-0.15149572578193457,0.3312552686880509,-0.016704995088439065,-0.4151854742194357,0.14329499600695098,0.14,False,True,
confirm_mixed_context,10149,frozen,validation,7,rolling_fixed_holdout,0.35,0.0,-0.5,0.2322557585223378,-0.08827050888626292,-0.2283566845335809,0.35518072452744776,-0.005654783785838851,-0.40933857946452734,0.1553460244927855,0.14,False,True,
confirm_mixed_context,10150,frozen,validation,7,rolling_fixed_holdout,0.35,0.0,-0.5,0.15760475120255613,-0.008847056549693536,-0.2094238655810139,0.32911911575780317,-0.02469981218259942,-0.38741358885251514,0.14549157986989086,0.14,False,True,
confirm_mixed_context,10151,frozen,validation,7,rolling_fixed_holdout,0.35,0.0,-0.5,0.1988696597979034,0.0726828627080931,-0.18064526668669123,0.34967746635149666,-0.017463290433210574,-0.48453637471286276,0.1798403679598521,0.14,False,True,
confirm_mixed_context,10152,frozen,validation,7,rolling_fixed_holdout,0.35,0.0,-0.5,0.17202877697092311,0.06589945997246394,-0.18879818527224423,0.3358704959407721,-0.026729459516202446,-0.3903379371820382,0.13865534248409764,0.14,True,True,
confirm_mixed_context,10153,frozen,validation,7,rolling_fixed_holdout,0.35,0.0,-0.5,0.1465652772538476,-0.0916822356734057,-0.09548903085226262,0.34175167941028445,-0.0255266865055422,-0.38621908266374017,0.15983098511809923,0.14,True,True,
confirm_mixed_context,10154,frozen,validation,7,rolling_fixed_holdout,0.35,0.0,-0.5,0.1289853060021624,0.019728378876427834,-0.26240473177686696,0.34927546192324543,-0.021946509506935,-0.3993393501533631,0.13428140597878735,0.14,True,True,
confirm_mixed_context,10155,frozen,validation,7,rolling_fixed_holdout,0.35,0.0,-0.5,0.21414086861912837,0.024256007897692427,-0.24393006310267,0.33866309720029386,-0.0030052207761278186,-0.3898961970478042,0.1415037865504181,0.14,True,True,
confirm_mixed_context,10156,frozen,validation,7,rolling_fixed_holdout,0.35,0.0,-0.5,0.2203210944357179,-0.04154441692276685,-0.215639146791872,0.3283423583750939,-0.0158629202425274,-0.3901640657550373,0.15214720818768085,0.14,False,True,
confirm_mixed_context,10157,frozen,validation,7,rolling_fixed_holdout,0.35,0.0,-0.5,0.12966796514962614,0.012841339899422695,-0.24127974850843428,0.3474593650281568,-0.017380744120117544,-0.40833397879674543,0.16274424913526106,0.14,False,True,
confirm_mixed_context,10158,frozen,validation,7,rolling_fixed_holdout,0.35,0.0,-0.5,0.20398777633595291,-0.01912181459383689,-0.22014550163340588,0.32466126628456043,-0.020480481528148613,-0.4282643047623149,0.13930236093245757,0.14,True,True,
confirm_mixed_context,10159,frozen,validation,7,rolling_fixed_holdout,0.35,0.0,-0.5,0.177931075727628,-0.0642908334429354,-0.18596631135499986,0.32642877298659645,-0.030154132108465105,-0.3818020534381456,0.16085936807663495,0.14,False,True,
confirm_mixed_context,10160,frozen,validation,7,rolling_fixed_holdout,0.35,0.0,-0.5,0.14192882881070557,0.002792740501286622,-0.17740699054447107,0.3311418799750492,-0.01930072012970604,-0.40338638864634485,0.13899414354499037,0.14,True,True,
confirm_mixed_context,10161,frozen,validation,7,rolling_fixed_holdout,0.35,0.0,-0.5,0.1891076080971366,0.009730479187182041,-0.2261998136060818,0.32632589784346083,-0.032619196709100795,-0.39235937075095395,0.13634694872042127,0.14,True,True,
confirm_mixed_context,10162,frozen,validation,7,rolling_fixed_holdout,0.35,0.0,-0.5,0.1710377499853168,-0.0524119376956648,-0.15486490394348923,0.3404649923927098,0.002965142416818075,-0.41949761564158333,0.17026134760504602,0.14,False,True,
confirm_mixed_context,10163,frozen,validation,7,rolling_fixed_holdout,0.35,0.0,-0.5,0.15550534742028396,0.007187953710786478,-0.168820799752483,0.3223098685596359,-0.03364314729489442,-0.42918393260078574,0.16020162223066955,0.14,False,True,
confirm_mixed_context,10164,frozen,validation,7,rolling_fixed_holdout,0.35,0.0,-0.5,0.19759544783838504,-0.043380415229116,-0.21259776191774876,0.3138684537288806,-0.032941779191677185,-0.4254015183963116,0.13336390984297178,0.14,True,True,
confirm_mixed_context,10165,frozen,validation,7,rolling_fixed_holdout,0.35,0.0,-0.5,0.14066039241982453,-0.061103594297192594,-0.14561938201925934,0.33481872995828266,-0.02629974225628366,-0.42219390592860495,0.17290352711083243,0.14,False,True,
confirm_mixed_context,10166,frozen,validation,7,rolling_fixed_holdout,0.35,0.0,-0.5,0.19786927263510654,0.013494990525614502,-0.2656426061298095,0.3488103469553058,-0.010471660981935565,-0.4187782979208439,0.11781263324486485,0.14,True,True,
confirm_mixed_context,10167,frozen,validation,7,rolling_fixed_holdout,0.35,0.0,-0.5,0.11544469355297457,-0.054984074395897226,-0.18733364043465092,0.3456524172761764,-0.019415768754401534,-0.40686292292716814,0.1619167011657046,0.14,True,True,
confirm_mixed_context,10168,frozen,validation,7,rolling_fixed_holdout,0.35,0.0,-0.5,0.24107781581502158,0.007127118187539479,-0.28157694593757154,0.3357869682803131,-0.0191079040831623,-0.4005994584647421,0.12725713381809572,0.14,True,True,
confirm_mixed_context,10169,frozen,validation,7,rolling_fixed_holdout,0.35,0.0,-0.5,0.2304862373380267,-0.03491627547136464,-0.18443770426514594,0.338597287420883,0.014377357104477006,-0.3915439945307295,0.1352174445674191,0.14,True,True,
confirm_mixed_context,10170,frozen,validation,7,rolling_fixed_holdout,0.35,0.0,-0.5,0.22836545599475447,-0.0008894176821058094,-0.21719393135997475,0.33952852677851114,-0.018191455433492366,-0.41538056833783815,0.14813618137030948,0.14,False,True,
confirm_mixed_context,10171,frozen,validation,7,rolling_fixed_holdout,0.35,0.0,-0.5,0.20609884216760677,-0.013475341964872812,-0.2500136893573296,0.3389416204446934,-0.0177830392193843,-0.4068902789669439,0.13920957982667959,0.14,True,True,
confirm_mixed_context,10172,frozen,validation,7,rolling_fixed_holdout,0.35,0.0,-0.5,0.20979777848591738,-0.023057828353154234,-0.2679828376539507,0.34002017396589923,-0.01677770282246643,-0.40318048984992544,0.14078063981531777,0.14,True,True,
confirm_mixed_context,10101,frozen,adaptation,8,fixed,-0.05,-0.22,0.55,-0.1056467040477393,-0.00664386787474247,0.16579036768817434,nan,nan,nan,nan,0.14,False,True,
confirm_mixed_context,10102,frozen,adaptation,8,fixed,-0.05,-0.22,0.55,-0.020846355661497593,-0.11269685968038956,0.2426546059358987,nan,nan,nan,nan,0.14,False,True,
confirm_mixed_context,10103,frozen,adaptation,8,fixed,-0.05,-0.22,0.55,-0.05062412704442733,-0.06415832815053395,0.3201422665635314,nan,nan,nan,nan,0.14,False,True,
confirm_mixed_context,10104,frozen,adaptation,8,fixed,-0.05,-0.22,0.55,0.00627973343364283,-0.04206309692469871,0.26268543103356634,nan,nan,nan,nan,0.14,False,True,
confirm_mixed_context,10105,frozen,adaptation,8,fixed,-0.05,-0.22,0.55,0.03980278208706261,-0.05436743258902374,0.2664014947609296,nan,nan,nan,nan,0.14,False,True,
confirm_mixed_context,10106,frozen,adaptation,8,fixed,-0.05,-0.22,0.55,-0.08927994018616518,0.0019337306981414368,0.07038008308644833,nan,nan,nan,nan,0.14,False,True,
confirm_mixed_context,10107,frozen,adaptation,8,fixed,-0.05,-0.22,0.55,-0.034639058564277764,-0.033072642234819837,0.25026292326025495,nan,nan,nan,nan,0.14,False,True,
confirm_mixed_context,10108,frozen,adaptation,8,fixed,-0.05,-0.22,0.55,-0.04279506773274185,-0.06354985863783166,0.29458543458846653,nan,nan,nan,nan,0.14,False,True,
confirm_mixed_context,10109,frozen,adaptation,8,fixed,-0.05,-0.22,0.55,-0.005272179953336443,-0.11482247568465365,0.21104640506164501,nan,nan,nan,nan,0.14,False,True,
confirm_mixed_context,10110,frozen,adaptation,8,fixed,-0.05,-0.22,0.55,-0.09257498190837496,-0.018656372827373608,0.23611505776311112,nan,nan,nan,nan,0.14,False,True,
confirm_mixed_context,10111,frozen,adaptation,8,fixed,-0.05,-0.22,0.55,-0.056088245611183585,-0.05514311712749858,0.34333226488746377,nan,nan,nan,nan,0.14,False,True,
confirm_mixed_context,10112,frozen,adaptation,8,fixed,-0.05,-0.22,0.55,-0.04293855577477284,-0.07058740203175068,0.2831103036251117,nan,nan,nan,nan,0.14,False,True,
confirm_mixed_context,10113,frozen,adaptation,8,fixed,-0.05,-0.22,0.55,-0.002210712786588312,-0.009856984880603449,0.18607831803196745,nan,nan,nan,nan,0.14,False,True,
confirm_mixed_context,10114,frozen,adaptation,8,fixed,-0.05,-0.22,0.55,-0.0727965490622075,-0.02772255460769293,0.15719188220190772,nan,nan,nan,nan,0.14,False,True,
confirm_mixed_context,10115,frozen,adaptation,8,fixed,-0.05,-0.22,0.55,-0.047650339658797815,-0.05502621236043138,0.3227818401915312,nan,nan,nan,nan,0.14,False,True,
confirm_mixed_context,10116,frozen,adaptation,8,fixed,-0.05,-0.22,0.55,-0.09465031506517878,-0.0015774320038010035,0.06402666436222182,nan,nan,nan,nan,0.14,False,True,
confirm_mixed_context,10117,frozen,adaptation,8,fixed,-0.05,-0.22,0.55,0.0208951822033314,-0.11804908816343805,0.24734726032364615,nan,nan,nan,nan,0.14,False,True,
confirm_mixed_context,10118,frozen,adaptation,8,fixed,-0.05,-0.22,0.55,-0.08648779719058107,-0.008696707173277024,0.17647267519889143,nan,nan,nan,nan,0.14,False,True,
confirm_mixed_context,10119,frozen,adaptation,8,fixed,-0.05,-0.22,0.55,-0.029334143774277722,-0.0768072649180021,0.35608699738497096,nan,nan,nan,nan,0.14,False,True,
confirm_mixed_context,10120,frozen,adaptation,8,fixed,-0.05,-0.22,0.55,0.0005724213641417187,-0.038637567887086555,0.13020027620439023,nan,nan,nan,nan,0.14,False,True,
confirm_mixed_context,10121,frozen,adaptation,8,fixed,-0.05,-0.22,0.55,-0.044937584191265145,-0.03310668691037627,0.269525189751821,nan,nan,nan,nan,0.14,False,True,
confirm_mixed_context,10122,frozen,adaptation,8,fixed,-0.05,-0.22,0.55,-0.09872808577929659,-0.05877480541160773,0.23958744073050975,nan,nan,nan,nan,0.14,False,True,
confirm_mixed_context,10123,frozen,adaptation,8,fixed,-0.05,-0.22,0.55,0.02452315046361508,-0.051327565949497465,0.27040917509264434,nan,nan,nan,nan,0.14,False,True,
confirm_mixed_context,10124,frozen,adaptation,8,fixed,-0.05,-0.22,0.55,-0.09638474902194594,-0.06514698727563528,0.19736885099865317,nan,nan,nan,nan,0.14,False,True,
confirm_mixed_context,10125,frozen,adaptation,8,fixed,-0.05,-0.22,0.55,-0.026676829555208156,-0.04199090565421918,0.22913113470463028,nan,nan,nan,nan,0.14,False,True,
confirm_mixed_context,10126,frozen,adaptation,8,fixed,-0.05,-0.22,0.55,-0.06254320600369377,-0.049797523437178394,0.21435954998750187,nan,nan,nan,nan,0.14,False,True,
confirm_mixed_context,10127,frozen,adaptation,8,fixed,-0.05,-0.22,0.55,0.04450422233128855,-0.19915409682038113,0.277240148039528,nan,nan,nan,nan,0.14,False,True,
confirm_mixed_context,10128,frozen,adaptation,8,fixed,-0.05,-0.22,0.55,-0.10630659953528375,-0.054072848268709214,0.23226930949420282,nan,nan,nan,nan,0.14,False,True,
confirm_mixed_context,10129,frozen,adaptation,8,fixed,-0.05,-0.22,0.55,-0.01133753519173539,-0.052294544399700514,0.35183428049112603,nan,nan,nan,nan,0.14,False,True,
confirm_mixed_context,10130,frozen,adaptation,8,fixed,-0.05,-0.22,0.55,-0.07739398161247107,0.007542903264344399,0.030226651437036966,nan,nan,nan,nan,0.14,False,True,
confirm_mixed_context,10131,frozen,adaptation,8,fixed,-0.05,-0.22,0.55,0.062460788824309256,-0.04902628895393212,0.1382062202001171,nan,nan,nan,nan,0.14,False,True,
confirm_mixed_context,10132,frozen,adaptation,8,fixed,-0.05,-0.22,0.55,-0.08203248317219225,-0.04450374579441459,0.30132716557953004,nan,nan,nan,nan,0.14,False,False,
confirm_mixed_context,10133,frozen,adaptation,8,fixed,-0.05,-0.22,0.55,-0.019209851545026104,-0.0603047394628952,0.2412424547812505,nan,nan,nan,nan,0.14,False,True,
confirm_mixed_context,10134,frozen,adaptation,8,fixed,-0.05,-0.22,0.55,-0.034546577526280604,-0.12617331506802312,0.24070481998006227,nan,nan,nan,nan,0.14,False,True,
confirm_mixed_context,10135,frozen,adaptation,8,fixed,-0.05,-0.22,0.55,-0.07439270701249234,-0.0042486429562201625,0.10190556336197024,nan,nan,nan,nan,0.14,False,True,
confirm_mixed_context,10136,frozen,adaptation,8,fixed,-0.05,-0.22,0.55,0.001079098397601454,-0.051703614523211004,0.290533193307576,nan,nan,nan,nan,0.14,False,True,
confirm_mixed_context,10137,frozen,adaptation,8,fixed,-0.05,-0.22,0.55,-0.04834848804330404,-0.031187873734908472,0.29935683736097746,nan,nan,nan,nan,0.14,False,True,
confirm_mixed_context,10138,frozen,adaptation,8,fixed,-0.05,-0.22,0.55,-0.028303895457918497,-0.03514610585248953,0.2637139278409668,nan,nan,nan,nan,0.14,False,True,
confirm_mixed_context,10139,frozen,adaptation,8,fixed,-0.05,-0.22,0.55,0.05751714292449423,-0.072328021934007,0.2226752592684739,nan,nan,nan,nan,0.14,False,True,
confirm_mixed_context,10140,frozen,adaptation,8,fixed,-0.05,-0.22,0.55,-0.08029284806689896,-0.03530975089807256,0.156974534437486,nan,nan,nan,nan,0.14,False,True,
confirm_mixed_context,10141,frozen,adaptation,8,fixed,-0.05,-0.22,0.55,-0.007685758491659713,-0.08883637307244976,0.18974355911049,nan,nan,nan,nan,0.14,False,True,
confirm_mixed_context,10142,frozen,adaptation,8,fixed,-0.05,-0.22,0.55,-0.11017830225133098,-0.04366755030011648,0.24650615972176831,nan,nan,nan,nan,0.14,False,True,
confirm_mixed_context,10143,frozen,adaptation,8,fixed,-0.05,-0.22,0.55,-0.07235667079428819,-0.0010673054305276213,0.0034911621953608567,nan,nan,nan,nan,0.075,False,True,
confirm_mixed_context,10144,frozen,adaptation,8,fixed,-0.05,-0.22,0.55,-0.08115977157923066,-0.03375484687492163,0.06763015300048245,nan,nan,nan,nan,0.14,False,True,
confirm_mixed_context,10145,frozen,adaptation,8,fixed,-0.05,-0.22,0.55,0.03176966771892166,-0.07373577093764978,0.2584759548196312,nan,nan,nan,nan,0.14,False,True,
confirm_mixed_context,10146,frozen,adaptation,8,fixed,-0.05,-0.22,0.55,-0.0863014966277806,0.008154451770579585,0.07532777511975589,nan,nan,nan,nan,0.14,False,True,
confirm_mixed_context,10147,frozen,adaptation,8,fixed,-0.05,-0.22,0.55,-0.04006660695324279,-0.017864571455610972,0.22073571584814114,nan,nan,nan,nan,0.14,False,True,
confirm_mixed_context,10148,frozen,adaptation,8,fixed,-0.05,-0.22,0.55,0.007343862746630132,-0.10265546124186128,0.2166415307556056,nan,nan,nan,nan,0.14,False,True,
confirm_mixed_context,10149,frozen,adaptation,8,fixed,-0.05,-0.22,0.55,-0.015781996159987682,-0.053449667490842394,0.2371039519399827,nan,nan,nan,nan,0.14,False,True,
confirm_mixed_context,10150,frozen,adaptation,8,fixed,-0.05,-0.22,0.55,-0.0681013313085254,-0.0011295433518156654,0.12923263270288488,nan,nan,nan,nan,0.14,False,True,
confirm_mixed_context,10151,frozen,adaptation,8,fixed,-0.05,-0.22,0.55,-0.1038404111252769,-0.03892286511671462,0.12882674122676108,nan,nan,nan,nan,0.14,False,True,
confirm_mixed_context,10152,frozen,adaptation,8,fixed,-0.05,-0.22,0.55,-0.06839440876722841,0.00914803381146882,0.0326807219659481,nan,nan,nan,nan,0.14,False,True,
confirm_mixed_context,10153,frozen,adaptation,8,fixed,-0.05,-0.22,0.55,-0.05167785834359157,-0.018467692065906798,0.2596678868287958,nan,nan,nan,nan,0.14,False,True,
confirm_mixed_context,10154,frozen,adaptation,8,fixed,-0.05,-0.22,0.55,-0.04902970356023624,-0.04296007114384476,0.25833938925113875,nan,nan,nan,nan,0.14,False,True,
confirm_mixed_context,10155,frozen,adaptation,8,fixed,-0.05,-0.22,0.55,-0.041556165099183306,-0.031131531136586572,0.15315655309223872,nan,nan,nan,nan,0.14,False,True,
confirm_mixed_context,10156,frozen,adaptation,8,fixed,-0.05,-0.22,0.55,-0.10045736362443768,-0.04612698094469278,0.17753282958858904,nan,nan,nan,nan,0.14,False,True,
confirm_mixed_context,10157,frozen,adaptation,8,fixed,-0.05,-0.22,0.55,-0.007308424408593298,-0.20062387201302614,0.29004933097822677,nan,nan,nan,nan,0.14,False,True,
confirm_mixed_context,10158,frozen,adaptation,8,fixed,-0.05,-0.22,0.55,-0.04720505094135682,-0.03072471009778835,0.27030213983986184,nan,nan,nan,nan,0.14,False,True,
confirm_mixed_context,10159,frozen,adaptation,8,fixed,-0.05,-0.22,0.55,-0.10339142018704751,-0.04924075198708582,0.23750814426233785,nan,nan,nan,nan,0.14,False,True,
confirm_mixed_context,10160,frozen,adaptation,8,fixed,-0.05,-0.22,0.55,-0.05595795631718729,-0.08047991106673158,0.24420423743431455,nan,nan,nan,nan,0.14,False,True,
confirm_mixed_context,10161,frozen,adaptation,8,fixed,-0.05,-0.22,0.55,-0.0006966635848866576,-0.0510132141475157,0.32701508636788734,nan,nan,nan,nan,0.14,False,True,
confirm_mixed_context,10162,frozen,adaptation,8,fixed,-0.05,-0.22,0.55,0.04728200106109015,-0.09625440872542484,0.2956134077844963,nan,nan,nan,nan,0.14,False,True,
confirm_mixed_context,10163,frozen,adaptation,8,fixed,-0.05,-0.22,0.55,-0.03346064150904637,-0.021138511875665757,0.0904880369287504,nan,nan,nan,nan,0.14,False,True,
confirm_mixed_context,10164,frozen,adaptation,8,fixed,-0.05,-0.22,0.55,0.08191945740092783,-0.047962616679987156,0.2708858037177185,nan,nan,nan,nan,0.14,False,True,
confirm_mixed_context,10165,frozen,adaptation,8,fixed,-0.05,-0.22,0.55,-0.007896396104604731,-0.048014329674450906,0.31804661480856394,nan,nan,nan,nan,0.14,False,True,
confirm_mixed_context,10166,frozen,adaptation,8,fixed,-0.05,-0.22,0.55,0.018893039318651005,-0.038707734659173265,0.2667500651669479,nan,nan,nan,nan,0.14,False,True,
confirm_mixed_context,10167,frozen,adaptation,8,fixed,-0.05,-0.22,0.55,-0.033759732329097084,-0.06553472029414174,0.344844075914517,nan,nan,nan,nan,0.14,False,True,
confirm_mixed_context,10168,frozen,adaptation,8,fixed,-0.05,-0.22,0.55,-0.09001033802464649,-0.03541353659846319,0.18741844206715175,nan,nan,nan,nan,0.14,False,True,
confirm_mixed_context,10169,frozen,adaptation,8,fixed,-0.05,-0.22,0.55,-0.08733446087469234,-0.04380933021353586,0.2697096501524583,nan,nan,nan,nan,0.14,False,True,
confirm_mixed_context,10170,frozen,adaptation,8,fixed,-0.05,-0.22,0.55,-0.09883300539954173,-0.05169786946084475,0.26564455856286806,nan,nan,nan,nan,0.14,False,True,
confirm_mixed_context,10171,frozen,adaptation,8,fixed,-0.05,-0.22,0.55,-0.05423943065583714,-0.03438645690291998,0.3031811259003302,nan,nan,nan,nan,0.14,False,True,
confirm_mixed_context,10172,frozen,adaptation,8,fixed,-0.05,-0.22,0.55,-0.04991152415507877,-0.06551017831044793,0.29063860729132596,nan,nan,nan,nan,0.14,False,True,
confirm_mixed_context,10101,frozen,validation,8,rolling_fixed_holdout,0.35,0.0,0.5,0.17803712329418805,0.006257220543875375,0.3011144341824862,0.34250498738213847,0.027092956732371703,0.4100580201491057,0.12613240977235254,0.14,True,True,
confirm_mixed_context,10102,frozen,validation,8,rolling_fixed_holdout,0.35,0.0,0.5,0.18767290911262166,0.005066047702895002,0.2738071629040798,0.36466088491867277,0.03936889511803748,0.4213593186477732,0.1691088949165489,0.14,False,True,
confirm_mixed_context,10103,frozen,validation,8,rolling_fixed_holdout,0.35,0.0,0.5,0.21202544300817103,-0.03354720834305621,0.3078073832441814,0.3363114513719017,0.014547185701598223,0.4672123920218546,0.15933088453106212,0.14,False,True,
confirm_mixed_context,10104,frozen,validation,8,rolling_fixed_holdout,0.35,0.0,0.5,0.22948763607993564,0.0017611380084444263,0.26111076811742195,0.34594629044861325,0.030788832150068526,0.4583046273656787,0.1311142096992923,0.14,True,True,
confirm_mixed_context,10105,frozen,validation,8,rolling_fixed_holdout,0.35,0.0,0.5,0.2622783063918515,0.04035013643046814,0.2498899922091527,0.3253324463126874,0.003242904863054968,0.47204954966830537,0.15203241133016707,0.14,False,True,
confirm_mixed_context,10106,frozen,validation,8,rolling_fixed_holdout,0.35,0.0,0.5,0.17857497180795975,0.015360531528794604,0.2887443779879125,0.3384274566389168,0.01512818332792727,0.46443814919878135,0.13346050252762626,0.14,True,True,
confirm_mixed_context,10107,frozen,validation,8,rolling_fixed_holdout,0.35,0.0,0.5,0.23126229230634873,0.05398372224670796,0.31669337586656465,0.35811860434351217,0.02795878810935566,0.4010966242333886,0.13136378530095083,0.14,True,True,
confirm_mixed_context,10108,frozen,validation,8,rolling_fixed_holdout,0.35,0.0,0.5,0.20851900000943216,-0.005136002247439219,0.26177507679054146,0.35692461975429046,0.018948270681713637,0.4586939969565071,0.14524819325227276,0.14,False,True,
confirm_mixed_context,10109,frozen,validation,8,rolling_fixed_holdout,0.35,0.0,0.5,0.17441711253996536,-0.07555953172954712,0.24666255769266032,0.3359791521060328,0.021745923999786757,0.4825948874800541,0.17338572562120064,0.14,False,True,
confirm_mixed_context,10110,frozen,validation,8,rolling_fixed_holdout,0.35,0.0,0.5,0.19103356326529183,0.04514462919620852,0.3159592814797401,0.3585249671776617,0.037848470373865066,0.42307002579487335,0.13973444685632475,0.14,True,True,
confirm_mixed_context,10111,frozen,validation,8,rolling_fixed_holdout,0.35,0.0,0.5,0.1472975426815743,0.06747907399799759,0.28931544039227636,0.33301543437108644,0.023274449226378127,0.4476460462474381,0.13659607477539012,0.14,True,True,
confirm_mixed_context,10112,frozen,validation,8,rolling_fixed_holdout,0.35,0.0,0.5,0.22644241729632095,0.015412172113579209,0.26394008388543316,0.35094227788925975,0.019592491640080856,0.46766483356757776,0.13326719364816575,0.14,True,True,
confirm_mixed_context,10113,frozen,validation,8,rolling_fixed_holdout,0.35,0.0,0.5,0.21640950348347063,0.043510107084506776,0.31881613078632637,0.31762580929266787,0.018584336048256406,0.4573590430915431,0.1489326511130962,0.14,False,True,
confirm_mixed_context,10114,frozen,validation,8,rolling_fixed_holdout,0.35,0.0,0.5,0.19839594736653363,-0.002098697759630421,0.2661474035757239,0.37674092573644236,0.03523725204381306,0.4235474442314051,0.12742740472438557,0.14,True,True,
confirm_mixed_context,10115,frozen,validation,8,rolling_fixed_holdout,0.35,0.0,0.5,0.19683835124424712,-0.005093306536898773,0.2552485818997817,0.33957021167042917,0.016991999482807666,0.4475923327595022,0.14602768325975654,0.14,False,True,
confirm_mixed_context,10116,frozen,validation,8,rolling_fixed_holdout,0.35,0.0,0.5,0.16778766236555095,0.020665630363203128,0.24432342341777857,0.33905377427640054,0.031737192452160126,0.39935472625934965,0.13469683830305368,0.14,True,True,
confirm_mixed_context,10117,frozen,validation,8,rolling_fixed_holdout,0.35,0.0,0.5,0.2250653676267238,0.0037180511055125124,0.2733763311754111,0.3409931793722412,0.011460214847487077,0.45160281564291255,0.12833122572213215,0.14,True,True,
confirm_mixed_context,10118,frozen,validation,8,rolling_fixed_holdout,0.35,0.0,0.5,0.19183540003515145,0.015227773182093427,0.361192995601389,0.3649676209217823,0.017461973399729117,0.49161493195877626,0.14191257663523338,0.14,False,True,
confirm_mixed_context,10119,frozen,validation,8,rolling_fixed_holdout,0.35,0.0,0.5,0.16977903156892254,0.04243571667621519,0.2764879336071136,0.3523649142356464,0.02632819946154827,0.40614368549100716,0.14934165304393116,0.14,True,True,
confirm_mixed_context,10120,frozen,validation,8,rolling_fixed_holdout,0.35,0.0,0.5,0.22813461854570793,0.006461979480773647,0.24351986613042576,0.33235484395967513,0.028514402788557124,0.4397563679810172,0.12014863954767645,0.14,True,True,
confirm_mixed_context,10121,frozen,validation,8,rolling_fixed_holdout,0.35,0.0,0.5,0.20302232011210755,0.028808070923106003,0.32474046085774044,0.3665289569925527,0.01689317797556581,0.4378507662850252,0.16496300749935977,0.14,False,True,
confirm_mixed_context,10122,frozen,validation,8,rolling_fixed_holdout,0.35,0.0,0.5,0.13585721859691366,0.04927886010632511,0.2579801484456319,0.3581619882925486,0.012350407028209415,0.46046356604557676,0.15459720487707204,0.14,False,True,
confirm_mixed_context,10123,frozen,validation,8,rolling_fixed_holdout,0.35,0.0,0.5,0.23743718130662012,0.05149852240887452,0.30036450454236013,0.357621779275388,0.02141255509902094,0.45983727922524487,0.14052970120549038,0.14,False,True,
confirm_mixed_context,10124,frozen,validation,8,rolling_fixed_holdout,0.35,0.0,0.5,0.13447400239261273,0.026459221411806157,0.23190345932363318,0.3218634256206737,-0.0037004806432080575,0.46437618422886123,0.16681832861995105,0.14,False,True,
confirm_mixed_context,10125,frozen,validation,8,rolling_fixed_holdout,0.35,0.0,0.5,0.21004591144009013,-0.020465639794677182,0.2501149922227108,0.3713968634861284,0.028087002616896423,0.4433022724411879,0.13152697592615892,0.14,True,True,
confirm_mixed_context,10126,frozen,validation,8,rolling_fixed_holdout,0.35,0.0,0.5,0.1950585487747198,0.040261587876442274,0.273853844080022,0.3547067291057292,0.03136061715869173,0.4486542864926967,0.14203448062157806,0.14,False,True,
confirm_mixed_context,10127,frozen,validation,8,rolling_fixed_holdout,0.35,0.0,0.5,0.184951707070593,-0.05449349693494506,0.2956520158104577,0.34958823673853473,0.03172541580870689,0.4521995654726635,0.16205266487802575,0.14,False,True,
confirm_mixed_context,10128,frozen,validation,8,rolling_fixed_holdout,0.35,0.0,0.5,0.07972383504734717,0.02728873445521668,0.20707304843995897,0.3369476812378592,0.023093535693539953,0.4431246136399358,0.17689962519806435,0.14,False,True,
confirm_mixed_context,10129,frozen,validation,8,rolling_fixed_holdout,0.35,0.0,0.5,0.24031552517712604,0.04535414872081099,0.36600772229971995,0.3644574817659977,0.019622907136784044,0.4042915642579803,0.14401217922126988,0.14,True,True,
confirm_mixed_context,10130,frozen,validation,8,rolling_fixed_holdout,0.35,0.0,0.5,0.18788053298600735,-0.04966934774137186,0.31360751423596334,0.3520712927028646,0.001740177150152785,0.4591808531959947,0.13702931205840374,0.14,True,True,
confirm_mixed_context,10131,frozen,validation,8,rolling_fixed_holdout,0.35,0.0,0.5,0.2504433336146216,0.023022143004325087,0.2495390985076868,0.36001610851103294,-0.002906116506490087,0.42758837532733696,0.15263773630319435,0.14,False,True,
confirm_mixed_context,10132,frozen,validation,8,rolling_fixed_holdout,0.35,0.0,0.5,0.18426966785027016,0.05833095339985573,0.3235994958442378,0.35245324238420256,0.01947451201462974,0.4150974522927367,0.10838955957321057,0.14,True,True,
confirm_mixed_context,10133,frozen,validation,8,rolling_fixed_holdout,0.35,0.0,0.5,0.21219393041270362,-0.027724691710855145,0.2904840537187776,0.372599766853908,0.008632800924145619,0.4139257398921531,0.14050845684600874,0.14,True,True,
confirm_mixed_context,10134,frozen,validation,8,rolling_fixed_holdout,0.35,0.0,0.5,0.1503721180650359,1.76989053841926e-05,0.26058468735870666,0.3202541721259628,0.01433164835194038,0.4669774157907155,0.13688037058332236,0.14,True,True,
confirm_mixed_context,10135,frozen,validation,8,rolling_fixed_holdout,0.35,0.0,0.5,0.16864733269232354,-0.005348791182828879,0.29928058272909286,0.3605576203555347,0.0372981360424406,0.41337860031964785,0.14559053942601688,0.14,False,True,
confirm_mixed_context,10136,frozen,validation,8,rolling_fixed_holdout,0.35,0.0,0.5,0.21883416860764995,0.01430145272339976,0.2626268973236962,0.3341027160083302,0.021420284544997923,0.4596654287649324,0.1224476476406661,0.14,True,True,
confirm_mixed_context,10137,frozen,validation,8,rolling_fixed_holdout,0.35,0.0,0.5,0.20224370743075523,0.007722711278211212,0.33974038915258936,0.32556426771802444,-0.004620887447385961,0.4582608166582525,0.153334971971424,0.14,False,True,
confirm_mixed_context,10138,frozen,validation,8,rolling_fixed_holdout,0.35,0.0,0.5,0.21183100991079512,-0.013394800258597999,0.279041678196702,0.3272840838455188,0.00858758175855947,0.4472736605176227,0.1433809241163287,0.14,False,True,
confirm_mixed_context,10139,frozen,validation,8,rolling_fixed_holdout,0.35,0.0,0.5,0.2500144906560376,-0.0035273834157532402,0.24365103902231827,0.3546842168552317,0.012463520018590666,0.4792819586459665,0.14679290796592454,0.14,False,True,
confirm_mixed_context,10140,frozen,validation,8,rolling_fixed_holdout,0.35,0.0,0.5,0.16041020987723548,0.0031537084212108967,0.31388716891001966,0.33701262698892676,0.026377822887902323,0.4484553122980536,0.1520466105403528,0.14,False,True,
confirm_mixed_context,10141,frozen,validation,8,rolling_fixed_holdout,0.35,0.0,0.5,0.22592763163498794,-0.06946048880195195,0.20723101423216805,0.34379220461552745,0.00440863547093342,0.4692896271080028,0.14887921557876724,0.14,False,True,
confirm_mixed_context,10142,frozen,validation,8,rolling_fixed_holdout,0.35,0.0,0.5,0.17365694574437496,0.02821237533926068,0.30851197542298936,0.3731778990504625,0.014274266034548613,0.4094143948478804,0.12753237590308292,0.14,True,True,
confirm_mixed_context,10143,frozen,validation,8,rolling_fixed_holdout,0.35,0.0,0.5,0.22959564580124137,-0.038233685152110286,0.29881159227995235,0.3242304633804101,0.021720377663446675,0.40733731107801263,0.10631744312607484,0.075,False,True,
confirm_mixed_context,10144,frozen,validation,8,rolling_fixed_holdout,0.35,0.0,0.5,0.15788456474634183,-0.019138829055645328,0.3288699245323923,0.32341047047206983,0.014941529196950557,0.44633407372281636,0.1469524701609287,0.14,False,True,
confirm_mixed_context,10145,frozen,validation,8,rolling_fixed_holdout,0.35,0.0,0.5,0.237699209321283,-0.03444415808772025,0.2466579746657858,0.3728000218825358,0.02679612341655201,0.4259696844698694,0.14308687069327072,0.14,False,True,
confirm_mixed_context,10146,frozen,validation,8,rolling_fixed_holdout,0.35,0.0,0.5,0.11534157695382805,0.007422937070517828,0.3248965695394997,0.35760018010416716,0.01802497667652138,0.4447760286550971,0.13711551289850682,0.14,True,True,
confirm_mixed_context,10147,frozen,validation,8,rolling_fixed_holdout,0.35,0.0,0.5,0.2601540312591298,0.06035841087743504,0.33607691814038493,0.34319306060218363,0.008354473298388286,0.4489545105338951,0.13121554727413134,0.14,True,True,
confirm_mixed_context,10148,frozen,validation,8,rolling_fixed_holdout,0.35,0.0,0.5,0.23751542276848103,-0.021828359992747345,0.25282905677033546,0.3632380447092318,0.025779873519495292,0.4756506630931344,0.14982830240539316,0.14,False,True,
confirm_mixed_context,10149,frozen,validation,8,rolling_fixed_holdout,0.35,0.0,0.5,0.16714047648379554,0.013276970589822764,0.2195836035286721,0.3750728054998211,0.019824408617179518,0.4355861910835388,0.15882313193784003,0.14,False,True,
confirm_mixed_context,10150,frozen,validation,8,rolling_fixed_holdout,0.35,0.0,0.5,0.16781607677282548,0.06477907559432262,0.25948389152764406,0.349149000400001,0.032778453836780144,0.4161607224445617,0.13620427648367772,0.14,True,True,
confirm_mixed_context,10151,frozen,validation,8,rolling_fixed_holdout,0.35,0.0,0.5,0.1787675013333424,-0.004877834145501518,0.2911688456770219,0.35107306464913407,0.03340466885752489,0.47887457751168155,0.177681005578935,0.14,False,True,
confirm_mixed_context,10152,frozen,validation,8,rolling_fixed_holdout,0.35,0.0,0.5,0.18480211732528562,-0.007617480477776031,0.3792998643797797,0.3492769320433803,0.025038413789159893,0.42994055784967994,0.13576944834997204,0.14,True,True,
confirm_mixed_context,10153,frozen,validation,8,rolling_fixed_holdout,0.35,0.0,0.5,0.2191911645713758,-0.01101787801772207,0.3398059959276945,0.36575267395834865,0.035120602243000405,0.40800804207534797,0.15626553118356762,0.14,True,True,
confirm_mixed_context,10154,frozen,validation,8,rolling_fixed_holdout,0.35,0.0,0.5,0.23972674462193738,0.007291146558700271,0.314099056633024,0.366405768674091,0.011406649571671245,0.4383901232404652,0.13035012173184995,0.14,True,True,
confirm_mixed_context,10155,frozen,validation,8,rolling_fixed_holdout,0.35,0.0,0.5,0.17328118982929816,-0.039877053129159616,0.2592805761196811,0.3273819506783632,0.05678587835903632,0.4148744423616199,0.13724845420942997,0.14,True,True,
confirm_mixed_context,10156,frozen,validation,8,rolling_fixed_holdout,0.35,0.0,0.5,0.12300378640800304,0.0017249096862810296,0.2550609941509894,0.3383430498182649,0.01821307082735794,0.3999698273305253,0.14778695193307942,0.14,False,True,
confirm_mixed_context,10157,frozen,validation,8,rolling_fixed_holdout,0.35,0.0,0.5,0.15275179200180372,-0.026106944527348044,0.2956653974837561,0.36280317725653494,0.01836190849682913,0.45541571868932784,0.159889788177853,0.14,False,True,
confirm_mixed_context,10158,frozen,validation,8,rolling_fixed_holdout,0.35,0.0,0.5,0.2204192052666222,0.020573543212579797,0.27021504744528835,0.34909849938233123,0.00672679676387046,0.458674596371263,0.14005864727154033,0.14,True,True,
confirm_mixed_context,10159,frozen,validation,8,rolling_fixed_holdout,0.35,0.0,0.5,0.16457781405211094,0.021462838443137167,0.233102665219964,0.349546804761519,0.023449627287543903,0.4164103040065485,0.15478420715449145,0.14,False,True,
confirm_mixed_context,10160,frozen,validation,8,rolling_fixed_holdout,0.35,0.0,0.5,0.18529787770291206,-0.028558527170403348,0.3850356295428779,0.3304481779620467,0.023775412910864744,0.45164367871550337,0.1307077043123908,0.14,True,True,
confirm_mixed_context,10161,frozen,validation,8,rolling_fixed_holdout,0.35,0.0,0.5,0.20502623369886086,-0.00964551971713759,0.28174617814171427,0.3579830984761553,0.0084551010571673,0.412326801869556,0.13605430107561398,0.14,True,True,
confirm_mixed_context,10162,frozen,validation,8,rolling_fixed_holdout,0.35,0.0,0.5,0.2541276009126385,-0.014610590610435775,0.27534180007621173,0.37310764775595145,0.026262772972797974,0.48429478823532884,0.16479783784906957,0.14,False,True,
confirm_mixed_context,10163,frozen,validation,8,rolling_fixed_holdout,0.35,0.0,0.5,0.23393060187113976,-0.043481457704290696,0.2875769680920937,0.3476622140839829,-0.005114994818038097,0.47642291583397667,0.14631510450862342,0.14,False,True,
confirm_mixed_context,10164,frozen,validation,8,rolling_fixed_holdout,0.35,0.0,0.5,0.2736427909788467,0.0660561568798872,0.27947724988128025,0.32111919498795266,-0.0010202170308982893,0.459408943468768,0.13438603488922196,0.14,True,True,
confirm_mixed_context,10165,frozen,validation,8,rolling_fixed_holdout,0.35,0.0,0.5,0.2103879787069767,-0.018273174139872013,0.3539450797640553,0.3386587577154835,0.0012692716379903417,0.459235788481019,0.15914864118858602,0.14,False,True,
confirm_mixed_context,10166,frozen,validation,8,rolling_fixed_holdout,0.35,0.0,0.5,0.2762694855047341,0.06668769584730537,0.2637188872106991,0.34887261611770515,0.010989981627156588,0.45127202891249335,0.11829925336644247,0.14,True,True,
confirm_mixed_context,10167,frozen,validation,8,rolling_fixed_holdout,0.35,0.0,0.5,0.12214087147729445,0.03917388544377152,0.26385553569509534,0.35731984342986783,0.020832636054094824,0.4287491052299106,0.16947264771867063,0.14,True,True,
confirm_mixed_context,10168,frozen,validation,8,rolling_fixed_holdout,0.35,0.0,0.5,0.15805339145274758,-0.015618731489856015,0.285084337008156,0.34683294572528234,0.008137467094422658,0.41665643026496224,0.11938412876022395,0.14,True,True,
confirm_mixed_context,10169,frozen,validation,8,rolling_fixed_holdout,0.35,0.0,0.5,0.12872062425177164,0.049521022241319546,0.2980376566250525,0.3535002540471977,0.03489381792943136,0.4109255998363274,0.13909883913885915,0.14,True,True,
confirm_mixed_context,10170,frozen,validation,8,rolling_fixed_holdout,0.35,0.0,0.5,0.13526015068535818,0.05064640271762371,0.31140183235801205,0.35544890459654627,0.017250938791386606,0.4492481939495873,0.15138627056237236,0.14,False,True,
confirm_mixed_context,10171,frozen,validation,8,rolling_fixed_holdout,0.35,0.0,0.5,0.19408196523835777,0.07109905125260907,0.31572690835859357,0.33642396168594396,0.01583233681047729,0.4254294608295195,0.13072611362068326,0.14,True,True,
confirm_mixed_context,10172,frozen,validation,8,rolling_fixed_holdout,0.35,0.0,0.5,0.12956432455641603,0.03489610775288983,0.235396982282839,0.36973467499113194,0.041494540699225986,0.40134272957522854,0.1496181161145709,0.14,True,True,
confirm_mixed_context,10101,frozen,adaptation,9,fixed,0.28,0.14,-0.3,0.1894471446968324,0.01429327955709196,-0.07110484010820244,nan,nan,nan,nan,0.14,False,True,
confirm_mixed_context,10102,frozen,adaptation,9,fixed,0.28,0.14,-0.3,0.10342226600330998,0.07658687547107439,-0.09726923495067537,nan,nan,nan,nan,0.14,False,True,
confirm_mixed_context,10103,frozen,adaptation,9,fixed,0.28,0.14,-0.3,0.08678650193193317,0.05225969007400019,-0.08633315745616316,nan,nan,nan,nan,0.14,False,True,
confirm_mixed_context,10104,frozen,adaptation,9,fixed,0.28,0.14,-0.3,0.11030519498722423,0.03671287578616058,-0.11672711523874837,nan,nan,nan,nan,0.14,False,True,
confirm_mixed_context,10105,frozen,adaptation,9,fixed,0.28,0.14,-0.3,0.13355293706795437,0.026056905871744244,-0.07363346218189415,nan,nan,nan,nan,0.14,False,True,
confirm_mixed_context,10106,frozen,adaptation,9,fixed,0.28,0.14,-0.3,0.11700666573041053,0.07442228914113838,-0.08287284030917913,nan,nan,nan,nan,0.14,False,True,
confirm_mixed_context,10107,frozen,adaptation,9,fixed,0.28,0.14,-0.3,0.15415146309621508,0.08144277223783909,-0.04852944403058375,nan,nan,nan,nan,0.14,False,True,
confirm_mixed_context,10108,frozen,adaptation,9,fixed,0.28,0.14,-0.3,0.168938984388521,0.05978753915733702,-0.06989184629626971,nan,nan,nan,nan,0.14,False,True,
confirm_mixed_context,10109,frozen,adaptation,9,fixed,0.28,0.14,-0.3,0.11534437824578381,0.0325327329246862,-0.057277247201320214,nan,nan,nan,nan,0.14,False,True,
confirm_mixed_context,10110,frozen,adaptation,9,fixed,0.28,0.14,-0.3,0.18374159001986698,0.021941354684973643,-0.0961007123541772,nan,nan,nan,nan,0.14,False,True,
confirm_mixed_context,10111,frozen,adaptation,9,fixed,0.28,0.14,-0.3,0.10080326207384613,0.04187683829338786,-0.10655148552103069,nan,nan,nan,nan,0.14,False,True,
confirm_mixed_context,10112,frozen,adaptation,9,fixed,0.28,0.14,-0.3,0.1591130342186185,0.05010814602163012,-0.10241305753628814,nan,nan,nan,nan,0.14,False,True,
confirm_mixed_context,10113,frozen,adaptation,9,fixed,0.28,0.14,-0.3,0.07919388103458871,0.05737791633810554,-0.10256491509342604,nan,nan,nan,nan,0.14,False,True,
confirm_mixed_context,10114,frozen,adaptation,9,fixed,0.28,0.14,-0.3,0.11834729901062392,0.04997461494472821,-0.040297257689903304,nan,nan,nan,nan,0.14,False,True,
confirm_mixed_context,10115,frozen,adaptation,9,fixed,0.28,0.14,-0.3,0.12441756835641883,0.04749636044798641,-0.09285473237126302,nan,nan,nan,nan,0.14,False,True,
confirm_mixed_context,10116,frozen,adaptation,9,fixed,0.28,0.14,-0.3,0.13308450931949736,0.048977928161223164,-0.10736077721285424,nan,nan,nan,nan,0.14,False,True,
confirm_mixed_context,10117,frozen,adaptation,9,fixed,0.28,0.14,-0.3,0.06317587667237916,0.04245512481026516,-0.08360940676574102,nan,nan,nan,nan,0.14,False,True,
confirm_mixed_context,10118,frozen,adaptation,9,fixed,0.28,0.14,-0.3,0.11548535138806788,0.021566385334171857,-0.05486568865602686,nan,nan,nan,nan,0.14,False,True,
confirm_mixed_context,10119,frozen,adaptation,9,fixed,0.28,0.14,-0.3,0.08294367479179506,0.047308941357363854,-0.07715657571798558,nan,nan,nan,nan,0.14,False,True,
confirm_mixed_context,10120,frozen,adaptation,9,fixed,0.28,0.14,-0.3,0.12001187368790313,0.08589689517078684,-0.14168656965693469,nan,nan,nan,nan,0.14,False,True,
confirm_mixed_context,10121,frozen,adaptation,9,fixed,0.28,0.14,-0.3,0.08285276187402627,0.016227877896398603,-0.046611952273763295,nan,nan,nan,nan,0.14,False,True,
confirm_mixed_context,10122,frozen,adaptation,9,fixed,0.28,0.14,-0.3,0.11957308327317531,0.06724299722346001,-0.08080615207948252,nan,nan,nan,nan,0.14,False,True,
confirm_mixed_context,10123,frozen,adaptation,9,fixed,0.28,0.14,-0.3,0.12291214736670435,0.025686007802822847,-0.07986461018876118,nan,nan,nan,nan,0.14,False,True,
confirm_mixed_context,10124,frozen,adaptation,9,fixed,0.28,0.14,-0.3,0.08346715396859568,0.04423428354965759,-0.08413172088088637,nan,nan,nan,nan,0.14,False,True,
confirm_mixed_context,10125,frozen,adaptation,9,fixed,0.28,0.14,-0.3,0.1692054605252558,0.04289623506471878,-0.09742691050924773,nan,nan,nan,nan,0.14,False,True,
confirm_mixed_context,10126,frozen,adaptation,9,fixed,0.28,0.14,-0.3,0.13999780342017418,0.034737893340941774,-0.0889834146075161,nan,nan,nan,nan,0.14,False,True,
confirm_mixed_context,10127,frozen,adaptation,9,fixed,0.28,0.14,-0.3,0.03101069719425134,0.00864357521421262,0.009432495697584056,nan,nan,nan,nan,0.14,False,True,
confirm_mixed_context,10128,frozen,adaptation,9,fixed,0.28,0.14,-0.3,0.11870809495772278,0.06050602876053508,-0.11946518939052063,nan,nan,nan,nan,0.14,False,True,
confirm_mixed_context,10129,frozen,adaptation,9,fixed,0.28,0.14,-0.3,0.07977563230184226,0.023774987151016003,-0.02441139387150567,nan,nan,nan,nan,0.14,False,True,
confirm_mixed_context,10130,frozen,adaptation,9,fixed,0.28,0.14,-0.3,0.1441962130308867,0.04384056789524907,-0.06556058912169999,nan,nan,nan,nan,0.14,False,True,
confirm_mixed_context,10131,frozen,adaptation,9,fixed,0.28,0.14,-0.3,0.1158681527508606,0.0461113683176324,-0.06006345446316893,nan,nan,nan,nan,0.14,False,True,
confirm_mixed_context,10132,frozen,adaptation,9,fixed,0.28,0.14,-0.3,0.14725774135610484,0.024280549342303805,-0.10368501909404523,nan,nan,nan,nan,0.14,False,True,
confirm_mixed_context,10133,frozen,adaptation,9,fixed,0.28,0.14,-0.3,0.085140358498209,0.023778055616052417,-0.028187680063458346,nan,nan,nan,nan,0.14,False,True,
confirm_mixed_context,10134,frozen,adaptation,9,fixed,0.28,0.14,-0.3,0.13854980449564075,0.07898041897702432,-0.11092834202565852,nan,nan,nan,nan,0.14,False,True,
confirm_mixed_context,10135,frozen,adaptation,9,fixed,0.28,0.14,-0.3,0.12913586314317946,0.07844778718915416,-0.13252863802917533,nan,nan,nan,nan,0.14,False,True,
confirm_mixed_context,10136,frozen,adaptation,9,fixed,0.28,0.14,-0.3,0.1438433744332923,0.04171938380653818,-0.13331666463287623,nan,nan,nan,nan,0.14,False,True,
confirm_mixed_context,10137,frozen,adaptation,9,fixed,0.28,0.14,-0.3,0.1073622280229295,0.008019311643374128,-0.07621063621206449,nan,nan,nan,nan,0.14,False,True,
confirm_mixed_context,10138,frozen,adaptation,9,fixed,0.28,0.14,-0.3,0.11538040568847155,0.04140221360036198,-0.09019117565261173,nan,nan,nan,nan,0.14,False,True,
confirm_mixed_context,10139,frozen,adaptation,9,fixed,0.28,0.14,-0.3,0.13392022232760997,0.05643236123681781,-0.13284407193258424,nan,nan,nan,nan,0.14,False,True,
confirm_mixed_context,10140,frozen,adaptation,9,fixed,0.28,0.14,-0.3,0.11551590091561546,0.06910719836274055,-0.034218611049346204,nan,nan,nan,nan,0.14,False,True,
confirm_mixed_context,10141,frozen,adaptation,9,fixed,0.28,0.14,-0.3,0.09536819384650615,0.04999877009646762,-0.13514186150387053,nan,nan,nan,nan,0.14,False,True,
confirm_mixed_context,10142,frozen,adaptation,9,fixed,0.28,0.14,-0.3,0.11143809316722748,0.0034108444074284804,-0.09756075593430177,nan,nan,nan,nan,0.14,False,True,
confirm_mixed_context,10143,frozen,adaptation,9,fixed,0.28,0.14,-0.3,0.18572096178269681,0.0375371112449686,-0.1269240023954275,nan,nan,nan,nan,0.075,False,True,
confirm_mixed_context,10144,frozen,adaptation,9,fixed,0.28,0.14,-0.3,0.08940025874730301,0.07015083901126598,-0.11495972360845741,nan,nan,nan,nan,0.14,False,True,
confirm_mixed_context,10145,frozen,adaptation,9,fixed,0.28,0.14,-0.3,0.1175237639537472,0.05565812774084986,-0.0523161377530698,nan,nan,nan,nan,0.14,False,True,
confirm_mixed_context,10146,frozen,adaptation,9,fixed,0.28,0.14,-0.3,0.12421852639461231,0.041682808914943935,-0.11763248393929428,nan,nan,nan,nan,0.14,False,True,
confirm_mixed_context,10147,frozen,adaptation,9,fixed,0.28,0.14,-0.3,0.11465289041319188,0.06327319258450367,-0.09501797015142538,nan,nan,nan,nan,0.14,False,True,
confirm_mixed_context,10148,frozen,adaptation,9,fixed,0.28,0.14,-0.3,0.1447804369269283,0.08364947411186106,-0.044866846931035,nan,nan,nan,nan,0.14,False,True,
confirm_mixed_context,10149,frozen,adaptation,9,fixed,0.28,0.14,-0.3,0.1682660237959135,0.01243218454298934,-0.09223289709102706,nan,nan,nan,nan,0.14,False,True,
confirm_mixed_context,10150,frozen,adaptation,9,fixed,0.28,0.14,-0.3,0.09818055219524954,0.05671385285254904,-0.09073583643960971,nan,nan,nan,nan,0.14,False,True,
confirm_mixed_context,10151,frozen,adaptation,9,fixed,0.28,0.14,-0.3,0.12672229027579412,0.08489046695257108,-0.11727906252112746,nan,nan,nan,nan,0.14,False,True,
confirm_mixed_context,10152,frozen,adaptation,9,fixed,0.28,0.14,-0.3,0.10579144857169193,0.04815435590302002,-0.09257007055667497,nan,nan,nan,nan,0.14,False,True,
confirm_mixed_context,10153,frozen,adaptation,9,fixed,0.28,0.14,-0.3,0.09437519749176757,-0.018939973296336506,-0.005897807031115327,nan,nan,nan,nan,0.14,False,True,
confirm_mixed_context,10154,frozen,adaptation,9,fixed,0.28,0.14,-0.3,0.10064215664145174,0.0715766331210988,-0.15023336901398468,nan,nan,nan,nan,0.14,False,True,
confirm_mixed_context,10155,frozen,adaptation,9,fixed,0.28,0.14,-0.3,0.12471190829760913,0.06835622596052054,-0.1222933434688322,nan,nan,nan,nan,0.14,False,True,
confirm_mixed_context,10156,frozen,adaptation,9,fixed,0.28,0.14,-0.3,0.11890957256280693,0.01765139578615913,-0.08200409848104792,nan,nan,nan,nan,0.14,False,True,
confirm_mixed_context,10157,frozen,adaptation,9,fixed,0.28,0.14,-0.3,0.05102563438984746,0.04981525576684247,-0.09807422535640598,nan,nan,nan,nan,0.14,False,True,
confirm_mixed_context,10158,frozen,adaptation,9,fixed,0.28,0.14,-0.3,0.1170447587582762,0.04963427374647229,-0.12359965930735489,nan,nan,nan,nan,0.14,False,True,
confirm_mixed_context,10159,frozen,adaptation,9,fixed,0.28,0.14,-0.3,0.08270989913239299,0.02170737202746189,-0.053701383854598495,nan,nan,nan,nan,0.14,False,True,
confirm_mixed_context,10160,frozen,adaptation,9,fixed,0.28,0.14,-0.3,0.14986137391620155,0.09734844491385504,-0.10182401787559288,nan,nan,nan,nan,0.14,False,True,
confirm_mixed_context,10161,frozen,adaptation,9,fixed,0.28,0.14,-0.3,0.12201047256866634,0.05367465336499236,-0.11336249541429237,nan,nan,nan,nan,0.14,False,True,
confirm_mixed_context,10162,frozen,adaptation,9,fixed,0.28,0.14,-0.3,0.11543555645594093,0.0557773732336242,0.0031300293017594164,nan,nan,nan,nan,0.14,False,True,
confirm_mixed_context,10163,frozen,adaptation,9,fixed,0.28,0.14,-0.3,0.09720097872890866,0.05370369682330779,-0.0658314347565323,nan,nan,nan,nan,0.14,False,True,
confirm_mixed_context,10164,frozen,adaptation,9,fixed,0.28,0.14,-0.3,0.1280715818108213,0.05043569038765067,-0.09879259130505966,nan,nan,nan,nan,0.14,False,True,
confirm_mixed_context,10165,frozen,adaptation,9,fixed,0.28,0.14,-0.3,0.08808055577044416,0.0054405037094074,-0.060244057749171576,nan,nan,nan,nan,0.14,False,True,
confirm_mixed_context,10166,frozen,adaptation,9,fixed,0.28,0.14,-0.3,0.14740195283733767,0.06851412583138594,-0.1194937838196177,nan,nan,nan,nan,0.14,False,True,
confirm_mixed_context,10167,frozen,adaptation,9,fixed,0.28,0.14,-0.3,0.05356855952078825,0.00653747974026658,-0.0533582747656578,nan,nan,nan,nan,0.14,False,True,
confirm_mixed_context,10168,frozen,adaptation,9,fixed,0.28,0.14,-0.3,0.17047151497670773,0.059242697434457224,-0.15975283052265898,nan,nan,nan,nan,0.14,False,True,
confirm_mixed_context,10169,frozen,adaptation,9,fixed,0.28,0.14,-0.3,0.08783538541294354,0.048605118202848914,-0.08903945762260493,nan,nan,nan,nan,0.14,False,True,
confirm_mixed_context,10170,frozen,adaptation,9,fixed,0.28,0.14,-0.3,0.08845958055599581,0.03838696848548317,-0.05383560209055587,nan,nan,nan,nan,0.14,False,True,
confirm_mixed_context,10171,frozen,adaptation,9,fixed,0.28,0.14,-0.3,0.13230720451507214,0.05574091839708451,-0.16088344023013473,nan,nan,nan,nan,0.14,False,True,
confirm_mixed_context,10172,frozen,adaptation,9,fixed,0.28,0.14,-0.3,0.09323936215747852,0.025381400318987436,-0.0969827545528021,nan,nan,nan,nan,0.14,False,True,
confirm_mixed_context,10101,frozen,validation,9,rolling_fixed_holdout,-0.3,0.0,-0.35,-0.04813488772154589,-0.008580522861271646,-0.1252290477723402,-0.2929526465640053,-0.0006791196415200476,-0.2918204456717855,0.13641093303781174,0.14,True,True,
confirm_mixed_context,10102,frozen,validation,9,rolling_fixed_holdout,-0.3,0.0,-0.35,-0.11298276568003697,0.01416226962817416,-0.12032158299940482,-0.29260311761036695,-0.005193561307064151,-0.2975524204927295,0.16615756427349138,0.14,False,True,
confirm_mixed_context,10103,frozen,validation,9,rolling_fixed_holdout,-0.3,0.0,-0.35,-0.18835543894378012,0.009534601681488578,-0.05636962860476821,-0.3087912361545952,-0.0032546491052741506,-0.3020387824492803,0.15693989643074688,0.14,False,True,
confirm_mixed_context,10104,frozen,validation,9,rolling_fixed_holdout,-0.3,0.0,-0.35,-0.14128085503999027,0.010282247088241036,-0.1403827116559735,-0.30966132875820246,0.0009806755154748692,-0.309126496617778,0.13623731279507134,0.14,True,True,
confirm_mixed_context,10105,frozen,validation,9,rolling_fixed_holdout,-0.3,0.0,-0.35,-0.07939495328597569,-0.0062079830500093745,-0.11174600509073984,-0.29427719862122087,0.004511143149358361,-0.31571352641418005,0.15193854467371073,0.14,False,True,
confirm_mixed_context,10106,frozen,validation,9,rolling_fixed_holdout,-0.3,0.0,-0.35,-0.055375597412424434,0.0011354041158695963,-0.11799598565230933,-0.31007471482208504,0.00032400375495187614,-0.31116669183534074,0.14763394571320032,0.14,True,True,
confirm_mixed_context,10107,frozen,validation,9,rolling_fixed_holdout,-0.3,0.0,-0.35,-0.07799086242602675,-0.0023949875785277217,-0.1512681818906437,-0.3063479618180181,-0.0048388186110168855,-0.29086869821112993,0.1358211598607941,0.14,True,True,
confirm_mixed_context,10108,frozen,validation,9,rolling_fixed_holdout,-0.3,0.0,-0.35,-0.13269326812288892,0.021384897370056454,-0.04874159515489595,-0.31456709687761314,-0.0001477288572011577,-0.30389569383870735,0.1563538212006964,0.14,False,True,
confirm_mixed_context,10109,frozen,validation,9,rolling_fixed_holdout,-0.3,0.0,-0.35,-0.12374537323641105,0.034105516769572346,-0.10557352884825379,-0.28180827730896096,0.002877595849352475,-0.3383483861281701,0.1654226237352623,0.14,False,True,
confirm_mixed_context,10110,frozen,validation,9,rolling_fixed_holdout,-0.3,0.0,-0.35,-0.06669191217376305,0.002887552700692311,-0.13358547165279683,-0.29634532004476266,-0.011681162040441846,-0.29195991448118536,0.13624316451788027,0.14,True,True,
confirm_mixed_context,10111,frozen,validation,9,rolling_fixed_holdout,-0.3,0.0,-0.35,-0.1195915718720111,-0.0010502946243751033,-0.18869243571782185,-0.3142162341573986,0.000237647661038015,-0.3083190421932041,0.1315916265461241,0.14,True,True,
confirm_mixed_context,10112,frozen,validation,9,rolling_fixed_holdout,-0.3,0.0,-0.35,-0.1490687817819848,0.005875288736882836,-0.11495639797091882,-0.3040977191994335,0.0031225552849133654,-0.3077228794925742,0.14051135942181672,0.14,True,True,
confirm_mixed_context,10113,frozen,validation,9,rolling_fixed_holdout,-0.3,0.0,-0.35,-0.1079216011541707,-0.013267023080610315,-0.16016725815958088,-0.28405296486691806,0.011674149560687427,-0.31991675886211746,0.14310828422023839,0.14,False,True,
confirm_mixed_context,10114,frozen,validation,9,rolling_fixed_holdout,-0.3,0.0,-0.35,-0.09935750440355458,0.0095572338952401,-0.13309172905801656,-0.3088323062428823,-0.013430888648978376,-0.2926001305715779,0.13697277037630967,0.14,True,True,
confirm_mixed_context,10115,frozen,validation,9,rolling_fixed_holdout,-0.3,0.0,-0.35,-0.13147338774030048,0.011745521879952476,-0.08343953832552682,-0.3122017927724595,0.0010103983640458772,-0.30645767548260394,0.1501717526296278,0.14,False,True,
confirm_mixed_context,10116,frozen,validation,9,rolling_fixed_holdout,-0.3,0.0,-0.35,-0.0833388520286966,0.0019355826409706853,-0.13775981589111935,-0.3019376053969263,-0.007324988095685425,-0.2793026553289212,0.139457193968037,0.14,True,True,
confirm_mixed_context,10117,frozen,validation,9,rolling_fixed_holdout,-0.3,0.0,-0.35,-0.09623132039985863,0.006962784115875948,-0.21438264507370283,-0.30885797541230586,-0.0033308014599315546,-0.3079072135170981,0.12807823999568252,0.14,True,True,
confirm_mixed_context,10118,frozen,validation,9,rolling_fixed_holdout,-0.3,0.0,-0.35,-0.0959484240360761,0.01204857977813305,-0.19672372118001283,-0.3121389206086664,-0.0020940892434201043,-0.3107586165261631,0.13329097531072812,0.14,True,True,
confirm_mixed_context,10119,frozen,validation,9,rolling_fixed_holdout,-0.3,0.0,-0.35,-0.1534156149832543,0.0021495795396015357,-0.09320889001660466,-0.2925151926484182,-0.003785793288961461,-0.291377037585591,0.14795775753388776,0.14,True,True,
confirm_mixed_context,10120,frozen,validation,9,rolling_fixed_holdout,-0.3,0.0,-0.35,-0.1340349973747835,0.006317327475215941,-0.1776269262824198,-0.3009079916292792,-0.000882556158062868,-0.3032254723183063,0.12491198778733677,0.14,True,True,
confirm_mixed_context,10121,frozen,validation,9,rolling_fixed_holdout,-0.3,0.0,-0.35,-0.10070809781670785,0.004428281901167103,-0.17571695148202063,-0.30615768045479697,-0.000399322562213958,-0.2979371957968403,0.15019245470408743,0.14,False,True,
confirm_mixed_context,10122,frozen,validation,9,rolling_fixed_holdout,-0.3,0.0,-0.35,-0.08587298429904934,-0.012799887460938783,-0.18273808727826973,-0.3153294681557355,0.0005561259673860861,-0.3034268800918467,0.15972761963709178,0.14,False,True,
confirm_mixed_context,10123,frozen,validation,9,rolling_fixed_holdout,-0.3,0.0,-0.35,-0.09349752505530153,-0.008892425309657318,-0.18645138720789864,-0.3047772415929241,0.0003895843805455831,-0.31085299391504373,0.1373117321413707,0.14,True,True,
confirm_mixed_context,10124,frozen,validation,9,rolling_fixed_holdout,-0.3,0.0,-0.35,-0.11072183232637013,-0.005513333200453261,-0.16394789923315906,-0.29968669013599725,0.0035838323387046996,-0.3148328552915797,0.16519675316704371,0.14,False,True,
confirm_mixed_context,10125,frozen,validation,9,rolling_fixed_holdout,-0.3,0.0,-0.35,-0.147050543588791,0.005212647145371034,-0.15786029694942727,-0.31227182129110553,-0.0033373720516700327,-0.31286526830244205,0.13716989093027745,0.14,True,True,
confirm_mixed_context,10126,frozen,validation,9,rolling_fixed_holdout,-0.3,0.0,-0.35,-0.08989487064628314,-0.011449623661776993,-0.18564339107416233,-0.3000414331400214,-0.0059925915378472965,-0.29988304383665937,0.13442258707881352,0.14,True,True,
confirm_mixed_context,10127,frozen,validation,9,rolling_fixed_holdout,-0.3,0.0,-0.35,-0.11724815767243284,0.027665169045135687,-0.12801618863180303,-0.30706885020350044,-0.0034194461008313836,-0.3137040719969927,0.15511096347242379,0.14,False,True,
confirm_mixed_context,10128,frozen,validation,9,rolling_fixed_holdout,-0.3,0.0,-0.35,-0.11643424678978587,-0.0020937712597283572,-0.13696197857510728,-0.29894616060811485,0.001162404337851052,-0.30442994598250844,0.16991947865748178,0.14,False,True,
confirm_mixed_context,10129,frozen,validation,9,rolling_fixed_holdout,-0.3,0.0,-0.35,-0.1265162696712089,0.0062251752501012655,-0.1753257210908637,-0.30226324501971824,0.005440095157149162,-0.2954581301147867,0.1274463383973414,0.14,True,True,
confirm_mixed_context,10130,frozen,validation,9,rolling_fixed_holdout,-0.3,0.0,-0.35,-0.11099990533008101,0.019585507847728653,-0.13252387519296793,-0.30687146183814773,0.011111966891235761,-0.3114472732533203,0.14152900670564864,0.14,True,True,
confirm_mixed_context,10131,frozen,validation,9,rolling_fixed_holdout,-0.3,0.0,-0.35,-0.1442286979612638,0.014693692821645735,-0.12458490967385338,-0.3094923957937527,-0.009473749573674098,-0.3030518646106812,0.14587909303390184,0.14,False,True,
confirm_mixed_context,10132,frozen,validation,9,rolling_fixed_holdout,-0.3,0.0,-0.35,-0.10416033870686008,-0.005557909949274917,-0.1892009586927066,-0.29976840777342595,0.0010840624577034396,-0.29658349806842965,0.11726489364614194,0.14,True,True,
confirm_mixed_context,10133,frozen,validation,9,rolling_fixed_holdout,-0.3,0.0,-0.35,-0.11764113650400052,0.024103118248969317,-0.1534673333692466,-0.3066077076477348,-0.0017829670563029867,-0.2900233391562804,0.1394298654756503,0.14,True,True,
confirm_mixed_context,10134,frozen,validation,9,rolling_fixed_holdout,-0.3,0.0,-0.35,-0.08756972615591756,0.005243914421540515,-0.165226672849897,-0.29455648721898703,0.012222507950008545,-0.3083158336757294,0.1470290039676113,0.14,True,True,
confirm_mixed_context,10135,frozen,validation,9,rolling_fixed_holdout,-0.3,0.0,-0.35,-0.09538465450767003,0.007406425994173562,-0.12416473627498378,-0.3004420521792325,-0.0038540766724978674,-0.2998104200776861,0.14613319984565423,0.14,False,True,
confirm_mixed_context,10136,frozen,validation,9,rolling_fixed_holdout,-0.3,0.0,-0.35,-0.11334865234490826,0.007559593023551356,-0.1717372442451703,-0.292723352716252,0.00483032133708602,-0.3125659404650246,0.12894633161928729,0.14,True,True,
confirm_mixed_context,10137,frozen,validation,9,rolling_fixed_holdout,-0.3,0.0,-0.35,-0.11456804269468011,0.01934741954037318,-0.22751933828533807,-0.3106538287528323,0.006493165071614036,-0.3181934227749021,0.13964204723083937,0.14,True,True,
confirm_mixed_context,10138,frozen,validation,9,rolling_fixed_holdout,-0.3,0.0,-0.35,-0.14054569886071167,0.019357034698548613,-0.14517824738587348,-0.30398511588131927,0.008394245136207335,-0.3161125684483777,0.13623033668413936,0.14,True,True,
confirm_mixed_context,10139,frozen,validation,9,rolling_fixed_holdout,-0.3,0.0,-0.35,-0.09559855965998681,-0.0008479418066010111,-0.1884296478472508,-0.30750707242048825,-0.0018312819856855704,-0.31314953284387176,0.1431693624798757,0.14,False,True,
confirm_mixed_context,10140,frozen,validation,9,rolling_fixed_holdout,-0.3,0.0,-0.35,-0.05947355511114745,0.008084298651952987,-0.1421312133063234,-0.29791851597201957,0.0013456192906921192,-0.3027364357107874,0.15625183616579438,0.14,False,True,
confirm_mixed_context,10141,frozen,validation,9,rolling_fixed_holdout,-0.3,0.0,-0.35,-0.15412732416146047,0.019790616488997714,-0.13626120045069204,-0.312896353905787,0.002706672013094644,-0.31373412801442924,0.15052703293911934,0.14,False,True,
confirm_mixed_context,10142,frozen,validation,9,rolling_fixed_holdout,-0.3,0.0,-0.35,-0.13678565649508212,0.007660056225752165,-0.19879980030985017,-0.30478314477957397,0.0020252307470055085,-0.2869021354552196,0.11571058595175579,0.14,True,True,
confirm_mixed_context,10143,frozen,validation,9,rolling_fixed_holdout,-0.3,0.0,-0.35,-0.11499564505736351,0.028154526618595146,-0.15675103449634004,-0.31121585432566007,-0.011367779663954681,-0.2886158957228074,0.11508090716583351,0.075,False,True,
confirm_mixed_context,10144,frozen,validation,9,rolling_fixed_holdout,-0.3,0.0,-0.35,-0.11269834518144156,0.013317965834497326,-0.1883269854275086,-0.3083035210152745,0.005349167619071695,-0.31114948026112776,0.1406806449229635,0.14,False,True,
confirm_mixed_context,10145,frozen,validation,9,rolling_fixed_holdout,-0.3,0.0,-0.35,-0.1103461349089565,0.024486843951740497,-0.12154406110880178,-0.3124356753208578,-0.007362571126151615,-0.28635488335672943,0.14597496539081442,0.14,False,True,
confirm_mixed_context,10146,frozen,validation,9,rolling_fixed_holdout,-0.3,0.0,-0.35,-0.08820963761476268,0.005842918515346295,-0.17548574049292462,-0.30854551967760036,-0.0011451015058542183,-0.2975652143965847,0.13970147772352765,0.14,True,True,
confirm_mixed_context,10147,frozen,validation,9,rolling_fixed_holdout,-0.3,0.0,-0.35,-0.12178855439527547,0.010088203620713842,-0.16624857101169227,-0.30288968729784144,0.0033243113849096106,-0.3106866964743048,0.13270021652873737,0.14,True,True,
confirm_mixed_context,10148,frozen,validation,9,rolling_fixed_holdout,-0.3,0.0,-0.35,-0.1283941369576428,0.025128807430717187,-0.15028530647096608,-0.30141906430541815,-0.0012012282143536426,-0.3130189840174006,0.14650252129873062,0.14,False,True,
confirm_mixed_context,10149,frozen,validation,9,rolling_fixed_holdout,-0.3,0.0,-0.35,-0.06269201496780312,0.0071310699234762385,-0.14903922115242324,-0.28613645611296173,0.00292615449988162,-0.31050847059411113,0.1596994628220641,0.14,False,True,
confirm_mixed_context,10150,frozen,validation,9,rolling_fixed_holdout,-0.3,0.0,-0.35,-0.071369220551635,0.012849945757626352,-0.11481544304477433,-0.29362529625870154,-0.0037299297323149026,-0.2946811167668483,0.13914425255101076,0.14,True,True,
confirm_mixed_context,10151,frozen,validation,9,rolling_fixed_holdout,-0.3,0.0,-0.35,-0.1333411663155272,0.008603324249813119,-0.06790107665142874,-0.3029770615195714,-0.01435830273258961,-0.3412971156797974,0.17773426674691564,0.14,False,True,
confirm_mixed_context,10152,frozen,validation,9,rolling_fixed_holdout,-0.3,0.0,-0.35,-0.13490010548503434,0.00043130667227976935,-0.09275956235138418,-0.2989270302885618,0.001790621001784239,-0.3015871458383174,0.12885039798655867,0.14,True,True,
confirm_mixed_context,10153,frozen,validation,9,rolling_fixed_holdout,-0.3,0.0,-0.35,-0.14158374967401674,0.020020045764456765,-0.19456399428121396,-0.30987827920664973,-0.006411064568559432,-0.2848605474884651,0.14093218809004676,0.14,True,True,
confirm_mixed_context,10154,frozen,validation,9,rolling_fixed_holdout,-0.3,0.0,-0.35,-0.16855523239010406,0.003321175114926187,-0.1526730531943959,-0.3116183778207635,0.00016305959142316268,-0.3041744260752019,0.13091513967560955,0.14,True,True,
confirm_mixed_context,10155,frozen,validation,9,rolling_fixed_holdout,-0.3,0.0,-0.35,-0.11826325986649322,0.014372801408927851,-0.11071056927091841,-0.271725168735094,0.002452639915777315,-0.3056960525759663,0.1421679601068243,0.14,True,True,
confirm_mixed_context,10156,frozen,validation,9,rolling_fixed_holdout,-0.3,0.0,-0.35,-0.0665511015511837,0.008128900349992217,-0.1548747501588509,-0.29871704815479494,-0.009693144107468807,-0.283239496391874,0.1440662827799426,0.14,False,True,
confirm_mixed_context,10157,frozen,validation,9,rolling_fixed_holdout,-0.3,0.0,-0.35,-0.09509794160964138,0.01710513858945716,-0.20493031831333913,-0.30955670656440054,0.0033872010631209163,-0.3099392524714139,0.1579886436282927,0.14,False,True,
confirm_mixed_context,10158,frozen,validation,9,rolling_fixed_holdout,-0.3,0.0,-0.35,-0.14070803147962144,0.017306494241188148,-0.1406114427718774,-0.30734230670048296,-0.0012417867898805056,-0.3094545327926132,0.14058616591294895,0.14,True,True,
confirm_mixed_context,10159,frozen,validation,9,rolling_fixed_holdout,-0.3,0.0,-0.35,-0.1150032814515559,0.009164869481674968,-0.12359875210073061,-0.299136201239346,-0.006604264206105145,-0.28729366396073563,0.15270913639394798,0.14,False,True,
confirm_mixed_context,10160,frozen,validation,9,rolling_fixed_holdout,-0.3,0.0,-0.35,-0.1462162308598127,0.005531074078742474,-0.12840545651578364,-0.31033833960190677,-0.0069130640070512875,-0.2991700832179428,0.12917349366532252,0.14,True,True,
confirm_mixed_context,10161,frozen,validation,9,rolling_fixed_holdout,-0.3,0.0,-0.35,-0.13934615458976404,0.00663753415778371,-0.09073176922966615,-0.3146253722049281,0.00017045772146560316,-0.29454599112081825,0.14427157026889104,0.14,True,True,
confirm_mixed_context,10162,frozen,validation,9,rolling_fixed_holdout,-0.3,0.0,-0.35,-0.07599597472500352,0.007639246495663455,-0.14254496026409322,-0.311108808637706,-0.009859538930736047,-0.3088177351855468,0.15776085552426322,0.14,False,True,
confirm_mixed_context,10163,frozen,validation,9,rolling_fixed_holdout,-0.3,0.0,-0.35,-0.14842351356439015,0.021100855078688124,-0.16785750732344035,-0.30762239341130515,0.004610089558403253,-0.3188037607347175,0.14172123375174883,0.14,False,True,
confirm_mixed_context,10164,frozen,validation,9,rolling_fixed_holdout,-0.3,0.0,-0.35,-0.09963023750412861,-0.00021542836187923438,-0.1395436748582757,-0.2993939092912847,0.005324670892946302,-0.31374368934209973,0.13409849443608787,0.14,True,True,
confirm_mixed_context,10165,frozen,validation,9,rolling_fixed_holdout,-0.3,0.0,-0.35,-0.10945275006758291,0.007992686198951564,-0.204163183537099,-0.30683253400361343,0.0016832346928753077,-0.306860800354814,0.14159230384343718,0.14,False,True,
confirm_mixed_context,10166,frozen,validation,9,rolling_fixed_holdout,-0.3,0.0,-0.35,-0.1255628514864341,0.007171421410481724,-0.11041773835057929,-0.3097825730406699,0.0031779469992711325,-0.303345678896169,0.1255751137913729,0.14,True,True,
confirm_mixed_context,10167,frozen,validation,9,rolling_fixed_holdout,-0.3,0.0,-0.35,-0.12760658608311323,-0.0024638594269450285,-0.17543340956819214,-0.3003478988902816,-0.0011262185768064438,-0.29572991540552646,0.15455436519001867,0.14,True,True,
confirm_mixed_context,10168,frozen,validation,9,rolling_fixed_holdout,-0.3,0.0,-0.35,-0.10169307142434483,0.00683412331204198,-0.19068190027840662,-0.2993407293815032,-0.001900862522513626,-0.29325901048367103,0.1262897653871413,0.14,True,True,
confirm_mixed_context,10169,frozen,validation,9,rolling_fixed_holdout,-0.3,0.0,-0.35,-0.08881218746016951,-0.007799516171117946,-0.19075834673752695,-0.2908321269936981,-0.007579646685045164,-0.2969684830571945,0.13248706737341454,0.14,True,True,
confirm_mixed_context,10170,frozen,validation,9,rolling_fixed_holdout,-0.3,0.0,-0.35,-0.07611718794845201,-0.007562206098981525,-0.18964528261337424,-0.30638627566316456,-0.0002196627596919088,-0.3030072103426007,0.1453867696250393,0.14,False,True,
confirm_mixed_context,10171,frozen,validation,9,rolling_fixed_holdout,-0.3,0.0,-0.35,-0.07013863244319105,-0.009089667730438775,-0.14621813866388336,-0.30342450494690965,-0.008030372449796968,-0.30347907689161313,0.14056782351574287,0.14,True,True,
confirm_mixed_context,10172,frozen,validation,9,rolling_fixed_holdout,-0.3,0.0,-0.35,-0.11419809717143468,-0.002823137556958386,-0.15684252198374482,-0.3156481689634343,-0.014175389454254712,-0.2914180017444004,0.1467867716104606,0.14,True,True,
confirm_mixed_context,10101,frozen,adaptation,10,fixed,-0.28,-0.14,0.3,-0.13691515421879277,-0.021293673539908547,0.1449229515979617,nan,nan,nan,nan,0.14,False,True,
confirm_mixed_context,10102,frozen,adaptation,10,fixed,-0.28,-0.14,0.3,-0.1053648325322463,-0.09212953973444636,0.025740128187307747,nan,nan,nan,nan,0.14,False,True,
confirm_mixed_context,10103,frozen,adaptation,10,fixed,-0.28,-0.14,0.3,-0.11593713731275306,-0.04494043704678676,0.18035925611019277,nan,nan,nan,nan,0.14,False,True,
confirm_mixed_context,10104,frozen,adaptation,10,fixed,-0.28,-0.14,0.3,-0.11757830539582353,-0.04013901579203983,0.1637080786407245,nan,nan,nan,nan,0.14,False,True,
confirm_mixed_context,10105,frozen,adaptation,10,fixed,-0.28,-0.14,0.3,-0.12451654171035093,-0.0476620631092823,0.15112252996463926,nan,nan,nan,nan,0.14,False,True,
confirm_mixed_context,10106,frozen,adaptation,10,fixed,-0.28,-0.14,0.3,-0.11096857986736701,-0.016901759522405514,0.11039497905364691,nan,nan,nan,nan,0.14,False,True,
confirm_mixed_context,10107,frozen,adaptation,10,fixed,-0.28,-0.14,0.3,-0.11177369228715742,-0.03268674690526763,0.11581599548645638,nan,nan,nan,nan,0.14,False,True,
confirm_mixed_context,10108,frozen,adaptation,10,fixed,-0.28,-0.14,0.3,-0.0984627747593612,-0.04616254004140212,0.14115666744440672,nan,nan,nan,nan,0.14,False,True,
confirm_mixed_context,10109,frozen,adaptation,10,fixed,-0.28,-0.14,0.3,-0.09693479732079861,-0.01752734911716359,0.10902758770684262,nan,nan,nan,nan,0.14,False,True,
confirm_mixed_context,10110,frozen,adaptation,10,fixed,-0.28,-0.14,0.3,-0.12510961417307928,-0.0150121799433608,0.12937758872707633,nan,nan,nan,nan,0.14,False,True,
confirm_mixed_context,10111,frozen,adaptation,10,fixed,-0.28,-0.14,0.3,-0.09160486065156533,-0.03073473300731552,0.11820575497691704,nan,nan,nan,nan,0.14,False,True,
confirm_mixed_context,10112,frozen,adaptation,10,fixed,-0.28,-0.14,0.3,-0.10781890385771566,-0.024750274848349216,0.04051169129454499,nan,nan,nan,nan,0.14,False,True,
confirm_mixed_context,10113,frozen,adaptation,10,fixed,-0.28,-0.14,0.3,-0.08208120302164496,-0.012019224411708988,0.09469757821630259,nan,nan,nan,nan,0.14,False,True,
confirm_mixed_context,10114,frozen,adaptation,10,fixed,-0.28,-0.14,0.3,-0.12179537781212137,-0.03703279199830417,0.1207243380649371,nan,nan,nan,nan,0.14,False,True,
confirm_mixed_context,10115,frozen,adaptation,10,fixed,-0.28,-0.14,0.3,-0.1007358706045944,-0.039446091906498545,0.14928957130684434,nan,nan,nan,nan,0.14,False,True,
confirm_mixed_context,10116,frozen,adaptation,10,fixed,-0.28,-0.14,0.3,-0.11877660333006747,-0.04449785279678403,0.053817610327098295,nan,nan,nan,nan,0.14,False,True,
confirm_mixed_context,10117,frozen,adaptation,10,fixed,-0.28,-0.14,0.3,-0.07722318643055416,-0.042945962659376447,0.0946547781725013,nan,nan,nan,nan,0.14,False,True,
confirm_mixed_context,10118,frozen,adaptation,10,fixed,-0.28,-0.14,0.3,-0.10821758156305052,-0.017537892317979673,0.12029895634328795,nan,nan,nan,nan,0.14,False,True,
confirm_mixed_context,10119,frozen,adaptation,10,fixed,-0.28,-0.14,0.3,-0.11563885621483178,-0.04635802267563189,0.13875801783069505,nan,nan,nan,nan,0.14,False,True,
confirm_mixed_context,10120,frozen,adaptation,10,fixed,-0.28,-0.14,0.3,-0.09425848538025858,-0.061435651697807875,0.1132437186495306,nan,nan,nan,nan,0.14,False,True,
confirm_mixed_context,10121,frozen,adaptation,10,fixed,-0.28,-0.14,0.3,-0.11200990867433513,-0.03294070387694836,0.11426703329134962,nan,nan,nan,nan,0.14,False,True,
confirm_mixed_context,10122,frozen,adaptation,10,fixed,-0.28,-0.14,0.3,-0.10132161777135351,-0.0541478231226359,0.06949013107680355,nan,nan,nan,nan,0.14,False,True,
confirm_mixed_context,10123,frozen,adaptation,10,fixed,-0.28,-0.14,0.3,-0.10215997956679897,-0.04792472917131709,0.10969134486165816,nan,nan,nan,nan,0.14,False,True,
confirm_mixed_context,10124,frozen,adaptation,10,fixed,-0.28,-0.14,0.3,-0.12281477282522806,-0.06516414980021079,0.07960089887552564,nan,nan,nan,nan,0.14,False,True,
confirm_mixed_context,10125,frozen,adaptation,10,fixed,-0.28,-0.14,0.3,-0.09388871722379717,-0.03855406954801007,0.07911830900870188,nan,nan,nan,nan,0.14,False,True,
confirm_mixed_context,10126,frozen,adaptation,10,fixed,-0.28,-0.14,0.3,-0.1216458272985269,-0.053848045440182755,0.05805755637001209,nan,nan,nan,nan,0.14,False,True,
confirm_mixed_context,10127,frozen,adaptation,10,fixed,-0.28,-0.14,0.3,-0.08167152495245071,-0.047839033245249546,0.010053584946725924,nan,nan,nan,nan,0.14,False,True,
confirm_mixed_context,10128,frozen,adaptation,10,fixed,-0.28,-0.14,0.3,-0.09569950418793084,-0.043740642871532086,0.08937434887802702,nan,nan,nan,nan,0.14,False,True,
confirm_mixed_context,10129,frozen,adaptation,10,fixed,-0.28,-0.14,0.3,-0.11558092959483515,-0.041845332027919825,0.14617678272992296,nan,nan,nan,nan,0.14,False,True,
confirm_mixed_context,10130,frozen,adaptation,10,fixed,-0.28,-0.14,0.3,-0.11280100549429195,-0.018271358082540823,0.10635309440017066,nan,nan,nan,nan,0.14,False,True,
confirm_mixed_context,10131,frozen,adaptation,10,fixed,-0.28,-0.14,0.3,-0.06567130664938213,-0.036621015752005215,0.04046727012455106,nan,nan,nan,nan,0.14,False,True,
confirm_mixed_context,10132,frozen,adaptation,10,fixed,-0.28,-0.14,0.3,-0.11624574156623335,-0.029368984296354417,0.12469661341812095,nan,nan,nan,nan,0.14,False,True,
confirm_mixed_context,10133,frozen,adaptation,10,fixed,-0.28,-0.14,0.3,-0.11824355904299232,-0.034730180709885296,0.12617128239474076,nan,nan,nan,nan,0.14,False,True,
confirm_mixed_context,10134,frozen,adaptation,10,fixed,-0.28,-0.14,0.3,-0.10565503041965293,-0.050396518494298014,0.09134293906962111,nan,nan,nan,nan,0.14,False,True,
confirm_mixed_context,10135,frozen,adaptation,10,fixed,-0.28,-0.14,0.3,-0.11554163194403838,-0.03754133693977004,0.15426106891087873,nan,nan,nan,nan,0.14,False,True,
confirm_mixed_context,10136,frozen,adaptation,10,fixed,-0.28,-0.14,0.3,-0.12582974831656804,-0.048061383665044165,0.1747037242425475,nan,nan,nan,nan,0.14,False,True,
confirm_mixed_context,10137,frozen,adaptation,10,fixed,-0.28,-0.14,0.3,-0.12084606191055497,-0.03284176167042437,0.1616973459336515,nan,nan,nan,nan,0.14,False,True,
confirm_mixed_context,10138,frozen,adaptation,10,fixed,-0.28,-0.14,0.3,-0.12838826990051105,-0.04426279572594631,0.16650467776415817,nan,nan,nan,nan,0.14,False,True,
confirm_mixed_context,10139,frozen,adaptation,10,fixed,-0.28,-0.14,0.3,-0.09638615066616305,-0.0564565580805198,0.11811856328603659,nan,nan,nan,nan,0.14,False,True,
confirm_mixed_context,10140,frozen,adaptation,10,fixed,-0.28,-0.14,0.3,-0.12361032818654255,-0.043023009557810056,0.12255966549407837,nan,nan,nan,nan,0.14,False,True,
confirm_mixed_context,10141,frozen,adaptation,10,fixed,-0.28,-0.14,0.3,-0.0958428036012464,-0.03219460734539118,0.1148206278524239,nan,nan,nan,nan,0.14,False,True,
confirm_mixed_context,10142,frozen,adaptation,10,fixed,-0.28,-0.14,0.3,-0.10399635336691244,-0.017193381608242214,0.11866248104809875,nan,nan,nan,nan,0.14,False,True,
confirm_mixed_context,10143,frozen,adaptation,10,fixed,-0.28,-0.14,0.3,-0.09940987297701771,-5.551310159095964e-05,0.10129596873411252,nan,nan,nan,nan,0.075,False,True,
confirm_mixed_context,10144,frozen,adaptation,10,fixed,-0.28,-0.14,0.3,-0.10737978836186138,-0.061333957568990426,0.06321860695905233,nan,nan,nan,nan,0.14,False,True,
confirm_mixed_context,10145,frozen,adaptation,10,fixed,-0.28,-0.14,0.3,-0.11660263052560961,-0.030780223954466467,0.12077015138023922,nan,nan,nan,nan,0.14,False,True,
confirm_mixed_context,10146,frozen,adaptation,10,fixed,-0.28,-0.14,0.3,-0.10196719582141725,-0.013170804911476788,0.1200982755570737,nan,nan,nan,nan,0.14,False,True,
confirm_mixed_context,10147,frozen,adaptation,10,fixed,-0.28,-0.14,0.3,-0.07904659161160014,-0.016129827237963145,0.09504580099636449,nan,nan,nan,nan,0.14,False,True,
confirm_mixed_context,10148,frozen,adaptation,10,fixed,-0.28,-0.14,0.3,-0.10207981888725703,-0.05517172923866316,0.06198031112536439,nan,nan,nan,nan,0.14,False,True,
confirm_mixed_context,10149,frozen,adaptation,10,fixed,-0.28,-0.14,0.3,-0.07832091267497232,-0.03531249995646196,0.07300687645714488,nan,nan,nan,nan,0.14,False,True,
confirm_mixed_context,10150,frozen,adaptation,10,fixed,-0.28,-0.14,0.3,-0.07311684752965833,-0.002465818689213761,0.07958922048316895,nan,nan,nan,nan,0.14,False,True,
confirm_mixed_context,10151,frozen,adaptation,10,fixed,-0.28,-0.14,0.3,-0.11871869006704276,-0.046472733453371745,0.153887612484973,nan,nan,nan,nan,0.14,False,True,
confirm_mixed_context,10152,frozen,adaptation,10,fixed,-0.28,-0.14,0.3,-0.11745872802562628,-0.033701590769295346,0.1456289373528893,nan,nan,nan,nan,0.14,False,True,
confirm_mixed_context,10153,frozen,adaptation,10,fixed,-0.28,-0.14,0.3,-0.10846289279282006,-0.016439977169486534,0.12647849141485587,nan,nan,nan,nan,0.14,False,True,
confirm_mixed_context,10154,frozen,adaptation,10,fixed,-0.28,-0.14,0.3,-0.11666880977994415,-0.05228333019164954,0.1492946536123938,nan,nan,nan,nan,0.14,False,True,
confirm_mixed_context,10155,frozen,adaptation,10,fixed,-0.28,-0.14,0.3,-0.08191344689588245,-0.0547002584947068,0.08573930308828015,nan,nan,nan,nan,0.14,False,True,
confirm_mixed_context,10156,frozen,adaptation,10,fixed,-0.28,-0.14,0.3,-0.12137881267937602,-0.04607184210222532,0.07862425512521523,nan,nan,nan,nan,0.14,False,True,
confirm_mixed_context,10157,frozen,adaptation,10,fixed,-0.28,-0.14,0.3,-0.10630248882050236,-0.09811419901443151,-0.02326258038116314,nan,nan,nan,nan,0.14,False,True,
confirm_mixed_context,10158,frozen,adaptation,10,fixed,-0.28,-0.14,0.3,-0.11222341042817562,-0.027493800699668197,0.14352386899656538,nan,nan,nan,nan,0.14,False,True,
confirm_mixed_context,10159,frozen,adaptation,10,fixed,-0.28,-0.14,0.3,-0.08283542569729915,-0.024887556072274546,0.07773908657561471,nan,nan,nan,nan,0.14,False,True,
confirm_mixed_context,10160,frozen,adaptation,10,fixed,-0.28,-0.14,0.3,-0.11999354532748818,-0.03836726124605879,0.14789025338332148,nan,nan,nan,nan,0.14,False,True,
confirm_mixed_context,10161,frozen,adaptation,10,fixed,-0.28,-0.14,0.3,-0.09206288549758881,-0.048340844754305994,0.1738854107454602,nan,nan,nan,nan,0.14,False,True,
confirm_mixed_context,10162,frozen,adaptation,10,fixed,-0.28,-0.14,0.3,-0.10285413069865783,-0.0545904173718612,0.10715098039450974,nan,nan,nan,nan,0.14,False,True,
confirm_mixed_context,10163,frozen,adaptation,10,fixed,-0.28,-0.14,0.3,-0.09358758525683532,-0.034762279076023764,0.05885554270370969,nan,nan,nan,nan,0.14,False,True,
confirm_mixed_context,10164,frozen,adaptation,10,fixed,-0.28,-0.14,0.3,-0.12264639767023727,-0.04734625882457507,0.16667704568396682,nan,nan,nan,nan,0.14,False,True,
confirm_mixed_context,10165,frozen,adaptation,10,fixed,-0.28,-0.14,0.3,-0.1295518913336277,-0.03626338970489163,0.14998403246034755,nan,nan,nan,nan,0.14,False,True,
confirm_mixed_context,10166,frozen,adaptation,10,fixed,-0.28,-0.14,0.3,-0.12363002869007976,-0.04278420894522689,0.17366904720563067,nan,nan,nan,nan,0.14,False,True,
confirm_mixed_context,10167,frozen,adaptation,10,fixed,-0.28,-0.14,0.3,-0.10183225489001389,-0.035788543535140604,0.1493768902655355,nan,nan,nan,nan,0.14,False,True,
confirm_mixed_context,10168,frozen,adaptation,10,fixed,-0.28,-0.14,0.3,-0.12370747911758481,-0.05010853797244539,0.12108807466712573,nan,nan,nan,nan,0.14,False,True,
confirm_mixed_context,10169,frozen,adaptation,10,fixed,-0.28,-0.14,0.3,-0.12301861114346568,-0.04591924241428263,0.14274164619025598,nan,nan,nan,nan,0.14,False,True,
confirm_mixed_context,10170,frozen,adaptation,10,fixed,-0.28,-0.14,0.3,-0.1286771590937954,-0.049994234553474425,0.09141318925740356,nan,nan,nan,nan,0.14,False,True,
confirm_mixed_context,10171,frozen,adaptation,10,fixed,-0.28,-0.14,0.3,-0.12604507679993823,-0.036340584856689874,0.16483341860815226,nan,nan,nan,nan,0.14,False,True,
confirm_mixed_context,10172,frozen,adaptation,10,fixed,-0.28,-0.14,0.3,-0.09962560908595074,-0.03208877963133229,0.11366444481663243,nan,nan,nan,nan,0.14,False,True,
confirm_mixed_context,10101,frozen,validation,10,rolling_fixed_holdout,-0.3,0.0,0.35,-0.13353288292638663,-0.006557953830205615,0.1727348696207423,-0.29536074060161893,0.002503336391517928,0.2984390476610577,0.13073768465020075,0.14,True,True,
confirm_mixed_context,10102,frozen,validation,10,rolling_fixed_holdout,-0.3,0.0,0.35,-0.10758017728116569,-0.018176890273906687,0.12905602149243633,-0.28659037894017,0.001919105051756778,0.28427308962559034,0.1593808002038656,0.14,False,True,
confirm_mixed_context,10103,frozen,validation,10,rolling_fixed_holdout,-0.3,0.0,0.35,-0.1490575051340814,-0.007850397413629674,0.20755033755646435,-0.30996303706988976,-0.010532056723632943,0.33885940849483553,0.1450424688355696,0.14,False,True,
confirm_mixed_context,10104,frozen,validation,10,rolling_fixed_holdout,-0.3,0.0,0.35,-0.10631750331237604,0.021536340580332314,0.12086109793221698,-0.3167709825921615,-0.010760831049734253,0.324698911041848,0.15168483266159055,0.14,True,True,
confirm_mixed_context,10105,frozen,validation,10,rolling_fixed_holdout,-0.3,0.0,0.35,-0.10468974895857647,-0.020472626182720687,0.1555708531757962,-0.2902424937626703,-0.010096774674603428,0.32487310330094565,0.15663915703687098,0.14,False,True,
confirm_mixed_context,10106,frozen,validation,10,rolling_fixed_holdout,-0.3,0.0,0.35,-0.12557754175931818,-0.014638682725520838,0.14730789228948338,-0.30795933873151743,-0.01016180793644684,0.3295224487068991,0.15132225416070835,0.14,True,True,
confirm_mixed_context,10107,frozen,validation,10,rolling_fixed_holdout,-0.3,0.0,0.35,-0.11770724736505986,-0.023973382636709034,0.14756685524563484,-0.3090097345596862,-0.0035318835544922078,0.29389257964852594,0.13776793681547908,0.14,True,True,
confirm_mixed_context,10108,frozen,validation,10,rolling_fixed_holdout,-0.3,0.0,0.35,-0.12894405007784712,0.010145200960971162,0.15600280513786186,-0.3168051633087113,-0.008509889236585105,0.32725247593298973,0.15988242646325582,0.14,False,True,
confirm_mixed_context,10109,frozen,validation,10,rolling_fixed_holdout,-0.3,0.0,0.35,-0.11036940862823758,-0.011192895581373737,0.1425827814771422,-0.2430684032424242,0.012117431103715897,0.3021478811937405,0.15448158194193526,0.14,False,True,
confirm_mixed_context,10110,frozen,validation,10,rolling_fixed_holdout,-0.3,0.0,0.35,-0.11762587678236958,-0.0017761667745322767,0.16124198723281966,-0.29680442214457287,-0.004537670658046295,0.29741647304503716,0.1314634424846866,0.14,True,True,
confirm_mixed_context,10111,frozen,validation,10,rolling_fixed_holdout,-0.3,0.0,0.35,-0.10952713684578613,-0.002846897853598506,0.1549442514160772,-0.31289973097328583,-0.01201328116918821,0.3209079994867626,0.1438992093959085,0.14,True,True,
confirm_mixed_context,10112,frozen,validation,10,rolling_fixed_holdout,-0.3,0.0,0.35,-0.1570619964957964,0.016841129091489018,0.11423834099623564,-0.3045100216095235,-0.011146437386977948,0.33043267138153104,0.14135733517655275,0.14,True,True,
confirm_mixed_context,10113,frozen,validation,10,rolling_fixed_holdout,-0.3,0.0,0.35,-0.1207523454623903,-0.017685690465831926,0.161521729227476,-0.2656206054169983,0.008068467589614877,0.30098687648217487,0.12964068808395396,0.14,True,True,
confirm_mixed_context,10114,frozen,validation,10,rolling_fixed_holdout,-0.3,0.0,0.35,-0.11617343716742634,-0.022087646208121262,0.13952586866510894,-0.31173800267385293,-0.00956211290500382,0.292983792372337,0.1396410716768955,0.14,True,True,
confirm_mixed_context,10115,frozen,validation,10,rolling_fixed_holdout,-0.3,0.0,0.35,-0.1384098925777465,0.029959165839388617,0.16367474049364292,-0.30892322344455875,-0.010070280839461944,0.33216760348408775,0.14748050446572625,0.14,False,True,
confirm_mixed_context,10116,frozen,validation,10,rolling_fixed_holdout,-0.3,0.0,0.35,-0.09175311709898258,0.006791568140332241,0.1400446111311398,-0.30044397272868667,-0.0031326653451056122,0.3062136203682512,0.14497209904835923,0.14,True,True,
confirm_mixed_context,10117,frozen,validation,10,rolling_fixed_holdout,-0.3,0.0,0.35,-0.09997388017452197,-0.04002547353036567,0.12137874522691212,-0.3097092669214811,-0.011507758691716727,0.33298123588151096,0.14356774933859226,0.14,True,True,
confirm_mixed_context,10118,frozen,validation,10,rolling_fixed_holdout,-0.3,0.0,0.35,-0.11069677153399532,0.0011361042190861496,0.15735272009946458,-0.3068424288901388,-0.005833152061706929,0.3337394154928024,0.13647649046862526,0.14,True,True,
confirm_mixed_context,10119,frozen,validation,10,rolling_fixed_holdout,-0.3,0.0,0.35,-0.14494121106738958,-0.001130214568610114,0.18383582392392503,-0.2900345075859347,0.0001599848002791191,0.2881982651664561,0.1361786849734533,0.14,True,True,
confirm_mixed_context,10120,frozen,validation,10,rolling_fixed_holdout,-0.3,0.0,0.35,-0.07114049771121422,-0.03385138535576849,0.11304137052159341,-0.30172429949918067,-0.01365404579227626,0.3181099124659131,0.14197973514894716,0.14,True,True,
confirm_mixed_context,10121,frozen,validation,10,rolling_fixed_holdout,-0.3,0.0,0.35,-0.11603905443603318,-0.021353694755300225,0.14821326463517154,-0.31362164522743796,-0.002400345287467755,0.2990023493912708,0.14751463717298227,0.14,False,True,
confirm_mixed_context,10122,frozen,validation,10,rolling_fixed_holdout,-0.3,0.0,0.35,-0.10557283889049311,-0.013425234581497374,0.09003942982193279,-0.3189131696744313,-0.007911489154357973,0.3356504237389009,0.16646036922032775,0.14,False,True,
confirm_mixed_context,10123,frozen,validation,10,rolling_fixed_holdout,-0.3,0.0,0.35,-0.07835453367407387,0.007756943400046303,0.09491852907959591,-0.2990223065415697,0.0028784242139819737,0.32897036528176893,0.15235719900292607,0.14,True,True,
confirm_mixed_context,10124,frozen,validation,10,rolling_fixed_holdout,-0.3,0.0,0.35,-0.12336648347858357,-0.03449038851543142,0.143429179173618,-0.3031624975141971,-0.008428547084695214,0.3259111516982033,0.15994337589283222,0.14,False,True,
confirm_mixed_context,10125,frozen,validation,10,rolling_fixed_holdout,-0.3,0.0,0.35,-0.11959473499851325,0.030034177010942464,0.09099792114383978,-0.30743666542020065,-0.0036177722161545803,0.31965686407062066,0.15052435028800396,0.14,True,True,
confirm_mixed_context,10126,frozen,validation,10,rolling_fixed_holdout,-0.3,0.0,0.35,-0.12424543100008757,-0.018028699513220878,0.0907095580806716,-0.30091739949993257,-0.00822163493150895,0.31367995670192955,0.14015660922450343,0.14,True,True,
confirm_mixed_context,10127,frozen,validation,10,rolling_fixed_holdout,-0.3,0.0,0.35,-0.08831125163665259,-0.007083960238594342,0.107942198235457,-0.2976161465763215,-0.009677158883243426,0.32572876832565234,0.15991665716969042,0.14,False,True,
confirm_mixed_context,10128,frozen,validation,10,rolling_fixed_holdout,-0.3,0.0,0.35,-0.1183499333804502,-0.012112364563978302,0.1504288927535279,-0.3018433402963508,-0.010445477090568037,0.3213842838434475,0.17166274753916616,0.14,False,True,
confirm_mixed_context,10129,frozen,validation,10,rolling_fixed_holdout,-0.3,0.0,0.35,-0.11379083724155155,0.002099669021317739,0.15082562924718698,-0.30442351287788916,0.013314570977135063,0.29493684509194723,0.13432298728159908,0.14,True,True,
confirm_mixed_context,10130,frozen,validation,10,rolling_fixed_holdout,-0.3,0.0,0.35,-0.12881916179523387,-0.02535349315844718,0.1690511275313638,-0.31139848776950224,0.004794340067483726,0.31248283496769985,0.14719044091557623,0.14,True,True,
confirm_mixed_context,10131,frozen,validation,10,rolling_fixed_holdout,-0.3,0.0,0.35,-0.1254269069189443,0.0217865108158181,0.08872976756768643,-0.3021337416140351,-0.003313273609273036,0.3026460795666316,0.15369587701286522,0.14,False,True,
confirm_mixed_context,10132,frozen,validation,10,rolling_fixed_holdout,-0.3,0.0,0.35,-0.15941214591119596,0.011156319898742247,0.18938094382382661,-0.3005037845468445,0.009323263093150146,0.28705077008734514,0.11624638662782735,0.14,True,True,
confirm_mixed_context,10133,frozen,validation,10,rolling_fixed_holdout,-0.3,0.0,0.35,-0.1275695804281686,-0.02945083067981352,0.16304673552307855,-0.3061883717090457,0.004184143291530919,0.2869558940270572,0.13681523250889804,0.14,True,True,
confirm_mixed_context,10134,frozen,validation,10,rolling_fixed_holdout,-0.3,0.0,0.35,-0.1130335059991826,-0.025196383817880787,0.14971516133760512,-0.29071382788737876,0.001996137970998598,0.31322383668666526,0.13877162604389479,0.14,True,True,
confirm_mixed_context,10135,frozen,validation,10,rolling_fixed_holdout,-0.3,0.0,0.35,-0.12284799782238427,-0.03470442044456399,0.1834535824871328,-0.30201437546600657,0.007751583602790677,0.29926892167297486,0.13439251185546186,0.14,True,True,
confirm_mixed_context,10136,frozen,validation,10,rolling_fixed_holdout,-0.3,0.0,0.35,-0.11908855882736902,0.016063858612699985,0.1481326221710128,-0.2885101639812932,-0.0033659095589208764,0.31196248475926086,0.12859700261862858,0.14,True,True,
confirm_mixed_context,10137,frozen,validation,10,rolling_fixed_holdout,-0.3,0.0,0.35,-0.11113291182236278,0.006103349048889657,0.14459258898579336,-0.31053264301921124,-0.00669332887165102,0.3287445017050311,0.14106916634301542,0.14,True,True,
confirm_mixed_context,10138,frozen,validation,10,rolling_fixed_holdout,-0.3,0.0,0.35,-0.11077631796307442,-0.017563911629255666,0.1650504940449288,-0.30264898365770365,-0.011923491431077515,0.34477521089746405,0.13833016569061873,0.14,True,True,
confirm_mixed_context,10139,frozen,validation,10,rolling_fixed_holdout,-0.3,0.0,0.35,-0.0750964643363467,-0.01301670731889275,0.12682204696036525,-0.29777475133619463,-0.005844732065347782,0.337506574161945,0.15256600437140758,0.14,False,True,
confirm_mixed_context,10140,frozen,validation,10,rolling_fixed_holdout,-0.3,0.0,0.35,-0.12795988895823837,-0.0263400240795078,0.15161179715320164,-0.29646199822046254,-0.011136967134301692,0.32412904516312196,0.14899534036896095,0.14,False,True,
confirm_mixed_context,10141,frozen,validation,10,rolling_fixed_holdout,-0.3,0.0,0.35,-0.10745401923582468,-0.030015191074247913,0.1576016102031411,-0.31690245194316613,-0.0029600888616339535,0.32263467500762466,0.15608634002808294,0.14,False,True,
confirm_mixed_context,10142,frozen,validation,10,rolling_fixed_holdout,-0.3,0.0,0.35,-0.1447092122728303,0.005683991405459292,0.1696719079642946,-0.3124841064432791,0.005317206925607251,0.29752500107670127,0.11348075157481191,0.14,True,True,
confirm_mixed_context,10143,frozen,validation,10,rolling_fixed_holdout,-0.3,0.0,0.35,-0.11205484610772613,-0.00452145233606176,0.1638122278947358,-0.30006291227341164,-0.010138288145235404,0.29902113972105077,0.12857926137526474,0.075,False,True,
confirm_mixed_context,10144,frozen,validation,10,rolling_fixed_holdout,-0.3,0.0,0.35,-0.12277292350041132,-0.033217691784260206,0.16125251633539694,-0.3062401615909543,-0.007767624380711636,0.32455363963142664,0.13795538428180076,0.14,True,True,
confirm_mixed_context,10145,frozen,validation,10,rolling_fixed_holdout,-0.3,0.0,0.35,-0.12752398552073366,-0.025256513449957586,0.17344506262253284,-0.3159321807569354,-0.004579055511155896,0.29961830590162286,0.1445890780720879,0.14,False,True,
confirm_mixed_context,10146,frozen,validation,10,rolling_fixed_holdout,-0.3,0.0,0.35,-0.09724739400160229,-0.005961847851807396,0.14926771481180176,-0.31117885529736034,-0.00881448170733307,0.3160474461758251,0.14895799954144906,0.14,True,True,
confirm_mixed_context,10147,frozen,validation,10,rolling_fixed_holdout,-0.3,0.0,0.35,-0.10226160160627365,-0.026107762305720466,0.14951508422736454,-0.30517641119041267,-0.008510961530815589,0.3230798846412344,0.14165721507121862,0.14,True,True,
confirm_mixed_context,10148,frozen,validation,10,rolling_fixed_holdout,-0.3,0.0,0.35,-0.12915681647838687,-0.02218979422442718,0.14564017746255536,-0.2922691040757048,-0.0010089201995230183,0.3267494029649513,0.149128775444077,0.14,False,True,
confirm_mixed_context,10149,frozen,validation,10,rolling_fixed_holdout,-0.3,0.0,0.35,-0.09232222704831129,0.025864206960611758,0.0746395765808739,-0.2593552547361537,0.020177949718281053,0.26797598272539475,0.15436832083464574,0.14,False,True,
confirm_mixed_context,10150,frozen,validation,10,rolling_fixed_holdout,-0.3,0.0,0.35,-0.08861619450540714,-0.008834999785468221,0.13152326542180645,-0.29342417112524993,-0.0009062306137295202,0.28983696425216987,0.14969381054309264,0.14,True,True,
confirm_mixed_context,10151,frozen,validation,10,rolling_fixed_holdout,-0.3,0.0,0.35,-0.12144884081908965,-0.036920701642947605,0.19406653479079333,-0.29970414390073813,-0.0043958780454971215,0.3439279378894612,0.1705255486008926,0.14,False,True,
confirm_mixed_context,10152,frozen,validation,10,rolling_fixed_holdout,-0.3,0.0,0.35,-0.1190056130934863,-0.041778617871263676,0.20207346340588195,-0.3044516674676371,0.0005317229940562963,0.3007038857402973,0.13636634262175823,0.14,True,True,
confirm_mixed_context,10153,frozen,validation,10,rolling_fixed_holdout,-0.3,0.0,0.35,-0.11729315907634182,0.009204319296165742,0.13055762083452305,-0.31760879643192835,-0.00456868291247043,0.3038895733086748,0.14798478004081353,0.14,True,True,
confirm_mixed_context,10154,frozen,validation,10,rolling_fixed_holdout,-0.3,0.0,0.35,-0.11166689140100357,-0.029970348211751152,0.16187391527445782,-0.3139651930804076,-0.0014565399668413706,0.3080147666341576,0.13135604045994234,0.14,True,True,
confirm_mixed_context,10155,frozen,validation,10,rolling_fixed_holdout,-0.3,0.0,0.35,-0.08908943655565207,-0.012025636339077175,0.09071494838083652,-0.2433129470304534,0.015556733522769935,0.2629187405844421,0.1325289594364731,0.14,True,True,
confirm_mixed_context,10156,frozen,validation,10,rolling_fixed_holdout,-0.3,0.0,0.35,-0.12023003626577813,-0.008922815549691208,0.12260503604433341,-0.3010322544487466,-0.006898549096128243,0.294287563046136,0.14238828889401453,0.14,False,True,
confirm_mixed_context,10157,frozen,validation,10,rolling_fixed_holdout,-0.3,0.0,0.35,-0.11296516274804924,-0.027752215540206952,0.06969450985942573,-0.3138028723012282,-0.0024249667571278524,0.3150853316459596,0.15975876162676872,0.14,False,True,
confirm_mixed_context,10158,frozen,validation,10,rolling_fixed_holdout,-0.3,0.0,0.35,-0.10210406924531223,-0.011701293144006239,0.1642009706268221,-0.3056448664504934,-0.013973378614881873,0.3282202539454424,0.13997018174291612,0.14,True,True,
confirm_mixed_context,10159,frozen,validation,10,rolling_fixed_holdout,-0.3,0.0,0.35,-0.14853856794523834,0.03561070331012124,0.13738481919583306,-0.30326537439961704,-0.004476911921955109,0.29771050841680424,0.1418887573912493,0.14,False,True,
confirm_mixed_context,10160,frozen,validation,10,rolling_fixed_holdout,-0.3,0.0,0.35,-0.12848507073281776,-0.03804502238523212,0.18911937064641615,-0.31612534252572555,-0.009022716100131249,0.32447978608531863,0.13730305898394407,0.14,True,True,
confirm_mixed_context,10161,frozen,validation,10,rolling_fixed_holdout,-0.3,0.0,0.35,-0.12248824619254808,0.007040203593862531,0.16795748375572567,-0.3139912886089683,-0.0010234589866966854,0.29720578633241845,0.13377671466742042,0.14,True,True,
confirm_mixed_context,10162,frozen,validation,10,rolling_fixed_holdout,-0.3,0.0,0.35,-0.0830478918570455,-0.012500764889677858,0.10384669458844245,-0.30500487397550613,-0.011344879143595915,0.3343993931443256,0.17003494515016782,0.14,False,True,
confirm_mixed_context,10163,frozen,validation,10,rolling_fixed_holdout,-0.3,0.0,0.35,-0.1105400120373474,-0.024126847484926685,0.14312051809063145,-0.3030145249707615,-0.009468160224994625,0.3319287314531221,0.1496274267091004,0.14,False,True,
confirm_mixed_context,10164,frozen,validation,10,rolling_fixed_holdout,-0.3,0.0,0.35,-0.11153542285445553,-0.007467985379990579,0.16720781144599503,-0.29785394787585967,-0.0066323722743882475,0.32720843322533744,0.1380337613657833,0.14,True,True,
confirm_mixed_context,10165,frozen,validation,10,rolling_fixed_holdout,-0.3,0.0,0.35,-0.12812099896758797,-0.015386759012615483,0.19298686030959242,-0.30628345028306975,-0.005204282128981704,0.33053416338103503,0.1424879702425931,0.14,False,True,
confirm_mixed_context,10166,frozen,validation,10,rolling_fixed_holdout,-0.3,0.0,0.35,-0.1128282014354068,-0.03240079625479844,0.19313161923064326,-0.3150121521526841,-0.0018013429189607938,0.3207528601330561,0.13528786617192484,0.14,True,True,
confirm_mixed_context,10167,frozen,validation,10,rolling_fixed_holdout,-0.3,0.0,0.35,-0.15134733399642417,0.028284710878549287,0.18772120161792358,-0.3051524248677877,-0.0018249073919102867,0.3051082474750811,0.14942784190230193,0.14,True,True,
confirm_mixed_context,10168,frozen,validation,10,rolling_fixed_holdout,-0.3,0.0,0.35,-0.1190424261820848,-0.02704327943834176,0.15222794799690542,-0.29583114636453295,0.0035700972391059464,0.2898694578450831,0.12183914501956421,0.14,True,True,
confirm_mixed_context,10169,frozen,validation,10,rolling_fixed_holdout,-0.3,0.0,0.35,-0.12746925983958923,-0.0019270014050303856,0.16068100998682436,-0.2856204310372442,0.0008615734809172408,0.2866250603119242,0.13337558869338192,0.14,True,True,
confirm_mixed_context,10170,frozen,validation,10,rolling_fixed_holdout,-0.3,0.0,0.35,-0.12780941023301007,-0.015694825833680974,0.12094327075166161,-0.3085803241289007,-0.012488837622682299,0.32451228244123853,0.14736347698984625,0.14,False,True,
confirm_mixed_context,10171,frozen,validation,10,rolling_fixed_holdout,-0.3,0.0,0.35,-0.11790908734450127,-0.02732172862222012,0.1853641440051365,-0.29549441960712175,-0.002465309263800414,0.2944041493953407,0.1293653952190994,0.14,True,True,
confirm_mixed_context,10172,frozen,validation,10,rolling_fixed_holdout,-0.3,0.0,0.35,-0.15702912338870523,0.020213165642500502,0.1598223716200416,-0.31340707318566025,-0.009542527118991019,0.3095741630827107,0.13757594063276682,0.14,True,True,
confirm_mixed_context,10101,frozen,adaptation,11,fixed,0.15,-0.18,0.6,-0.040635305222644,-0.026494855869197,0.32023955202369075,nan,nan,nan,nan,0.14,False,True,
confirm_mixed_context,10102,frozen,adaptation,11,fixed,0.15,-0.18,0.6,0.0031325058256084924,-0.06812697483906545,0.30954567012940976,nan,nan,nan,nan,0.14,False,True,
confirm_mixed_context,10103,frozen,adaptation,11,fixed,0.15,-0.18,0.6,0.040797440180469755,-0.07127673780075856,0.3629429433284955,nan,nan,nan,nan,0.14,False,True,
confirm_mixed_context,10104,frozen,adaptation,11,fixed,0.15,-0.18,0.6,0.11937244682167023,-0.05066997566295068,0.3348960632241559,nan,nan,nan,nan,0.14,False,True,
confirm_mixed_context,10105,frozen,adaptation,11,fixed,0.15,-0.18,0.6,0.13783687558211336,-0.02735551782936549,0.3083414028381778,nan,nan,nan,nan,0.14,False,True,
confirm_mixed_context,10106,frozen,adaptation,11,fixed,0.15,-0.18,0.6,-0.04077249710337467,-0.008369231136824588,0.2256193319773327,nan,nan,nan,nan,0.14,False,True,
confirm_mixed_context,10107,frozen,adaptation,11,fixed,0.15,-0.18,0.6,0.08992435929384698,-0.037763908323588134,0.32830530358019167,nan,nan,nan,nan,0.14,False,True,
confirm_mixed_context,10108,frozen,adaptation,11,fixed,0.15,-0.18,0.6,0.04328398076499132,-0.06542032026174698,0.3067600811493102,nan,nan,nan,nan,0.14,False,True,
confirm_mixed_context,10109,frozen,adaptation,11,fixed,0.15,-0.18,0.6,0.0026822085274858715,-0.02478050668466829,0.1348689357605719,nan,nan,nan,nan,0.14,False,True,
confirm_mixed_context,10110,frozen,adaptation,11,fixed,0.15,-0.18,0.6,-0.010271331644029436,-0.03606725653539757,0.3944010496508756,nan,nan,nan,nan,0.14,False,True,
confirm_mixed_context,10111,frozen,adaptation,11,fixed,0.15,-0.18,0.6,0.012012585550687346,0.014588022209549424,0.3564704525990901,nan,nan,nan,nan,0.14,False,True,
confirm_mixed_context,10112,frozen,adaptation,11,fixed,0.15,-0.18,0.6,0.06839360021268756,-0.05777526613946667,0.29278927305296043,nan,nan,nan,nan,0.14,False,True,
confirm_mixed_context,10113,frozen,adaptation,11,fixed,0.15,-0.18,0.6,0.08457326394046881,-0.009724939670320943,0.24357333453453625,nan,nan,nan,nan,0.14,False,True,
confirm_mixed_context,10114,frozen,adaptation,11,fixed,0.15,-0.18,0.6,0.04495448992656795,-0.040895756445729584,0.25166154085097525,nan,nan,nan,nan,0.14,False,True,
confirm_mixed_context,10115,frozen,adaptation,11,fixed,0.15,-0.18,0.6,0.020524626361336566,-0.06390681288629094,0.3707035571515997,nan,nan,nan,nan,0.14,False,True,
confirm_mixed_context,10116,frozen,adaptation,11,fixed,0.15,-0.18,0.6,-0.07471248424626885,-0.013988981850420162,0.22331641855930973,nan,nan,nan,nan,0.14,False,True,
confirm_mixed_context,10117,frozen,adaptation,11,fixed,0.15,-0.18,0.6,0.07252959305498227,-0.02867722657691419,0.1664568705101726,nan,nan,nan,nan,0.14,False,True,
confirm_mixed_context,10118,frozen,adaptation,11,fixed,0.15,-0.18,0.6,-0.031088359695500636,-0.03816288610312073,0.3748214960115358,nan,nan,nan,nan,0.14,False,False,
confirm_mixed_context,10119,frozen,adaptation,11,fixed,0.15,-0.18,0.6,0.051012395528935835,-0.03369066406655386,0.3745991922410186,nan,nan,nan,nan,0.14,False,True,
confirm_mixed_context,10120,frozen,adaptation,11,fixed,0.15,-0.18,0.6,0.0968151952449864,-0.05182134444050314,0.18036963776538617,nan,nan,nan,nan,0.14,False,True,
confirm_mixed_context,10121,frozen,adaptation,11,fixed,0.15,-0.18,0.6,0.06168365390723817,-0.04021659256763463,0.33763825692077126,nan,nan,nan,nan,0.14,False,True,
confirm_mixed_context,10122,frozen,adaptation,11,fixed,0.15,-0.18,0.6,-0.025929735809463887,-0.05575118899341666,0.303068847170072,nan,nan,nan,nan,0.14,False,True,
confirm_mixed_context,10123,frozen,adaptation,11,fixed,0.15,-0.18,0.6,0.12650112560256932,-0.027397206942942252,0.34262761266528297,nan,nan,nan,nan,0.14,False,True,
confirm_mixed_context,10124,frozen,adaptation,11,fixed,0.15,-0.18,0.6,-0.04666471948891021,-0.0674760111772461,0.29076724723026653,nan,nan,nan,nan,0.14,False,True,
confirm_mixed_context,10125,frozen,adaptation,11,fixed,0.15,-0.18,0.6,0.08576547766416726,-0.05271875392237507,0.22866683083210915,nan,nan,nan,nan,0.14,False,True,
confirm_mixed_context,10126,frozen,adaptation,11,fixed,0.15,-0.18,0.6,0.03897986212518962,-0.041927272349178334,0.2706489540606811,nan,nan,nan,nan,0.14,False,True,
confirm_mixed_context,10127,frozen,adaptation,11,fixed,0.15,-0.18,0.6,0.0608072997578117,-0.1393331320147351,0.3466336934551727,nan,nan,nan,nan,0.14,False,True,
confirm_mixed_context,10128,frozen,adaptation,11,fixed,0.15,-0.18,0.6,-0.05684394048621132,-0.06358602581119958,0.32365369153107737,nan,nan,nan,nan,0.14,False,True,
confirm_mixed_context,10129,frozen,adaptation,11,fixed,0.15,-0.18,0.6,0.09528589941099452,-0.02516461196598126,0.3942676409803585,nan,nan,nan,nan,0.14,False,True,
confirm_mixed_context,10130,frozen,adaptation,11,fixed,0.15,-0.18,0.6,0.011805575546189271,-0.08684306200136013,0.332541635247144,nan,nan,nan,nan,0.14,False,True,
confirm_mixed_context,10131,frozen,adaptation,11,fixed,0.15,-0.18,0.6,0.14804215734893128,-0.04043928165377934,0.2339543422582239,nan,nan,nan,nan,0.14,False,True,
confirm_mixed_context,10132,frozen,adaptation,11,fixed,0.15,-0.18,0.6,-0.019503489014989408,-0.0348815586818933,0.42532460122380283,nan,nan,nan,nan,0.14,False,True,
confirm_mixed_context,10133,frozen,adaptation,11,fixed,0.15,-0.18,0.6,0.02577577776896719,-0.0034427983045472207,0.0989045769391069,nan,nan,nan,nan,0.14,False,True,
confirm_mixed_context,10134,frozen,adaptation,11,fixed,0.15,-0.18,0.6,-0.057815641890337055,-0.026313021888446565,0.22963414681301503,nan,nan,nan,nan,0.14,False,True,
confirm_mixed_context,10135,frozen,adaptation,11,fixed,0.15,-0.18,0.6,-0.03840062073326586,-0.00978223795526666,0.21779426075893563,nan,nan,nan,nan,0.14,False,True,
confirm_mixed_context,10136,frozen,adaptation,11,fixed,0.15,-0.18,0.6,0.12392310948927732,-0.043216896224852946,0.3270661029640925,nan,nan,nan,nan,0.14,False,True,
confirm_mixed_context,10137,frozen,adaptation,11,fixed,0.15,-0.18,0.6,0.04313954911768439,-0.039318776930459855,0.3807739309988648,nan,nan,nan,nan,0.14,False,True,
confirm_mixed_context,10138,frozen,adaptation,11,fixed,0.15,-0.18,0.6,0.06699672368874511,-0.0456866842360015,0.2852743405009005,nan,nan,nan,nan,0.14,False,True,
confirm_mixed_context,10139,frozen,adaptation,11,fixed,0.15,-0.18,0.6,0.12094678337042263,-0.05942417305569529,0.2560425497015219,nan,nan,nan,nan,0.14,False,True,
confirm_mixed_context,10140,frozen,adaptation,11,fixed,0.15,-0.18,0.6,-0.02757468300722402,-0.033726429469071645,0.28093359701369097,nan,nan,nan,nan,0.14,False,True,
confirm_mixed_context,10141,frozen,adaptation,11,fixed,0.15,-0.18,0.6,0.04785223782244774,-0.13265492469755732,0.30479288913629027,nan,nan,nan,nan,0.14,False,True,
confirm_mixed_context,10142,frozen,adaptation,11,fixed,0.15,-0.18,0.6,-0.022266247680646025,-0.05299411380106199,0.37877618594143686,nan,nan,nan,nan,0.14,False,True,
confirm_mixed_context,10143,frozen,adaptation,11,fixed,0.15,-0.18,0.6,0.055219968999045306,-0.07771298242106169,0.361774046079089,nan,nan,nan,nan,0.075,False,True,
confirm_mixed_context,10144,frozen,adaptation,11,fixed,0.15,-0.18,0.6,-0.05366143880207403,-0.02346783450983026,0.2117163794680185,nan,nan,nan,nan,0.14,False,True,
confirm_mixed_context,10145,frozen,adaptation,11,fixed,0.15,-0.18,0.6,0.07614053428476245,-0.005312494621435823,0.14854881703143624,nan,nan,nan,nan,0.14,False,True,
confirm_mixed_context,10146,frozen,adaptation,11,fixed,0.15,-0.18,0.6,-0.06982719032211543,0.003028304961864683,0.14552024167740843,nan,nan,nan,nan,0.14,False,True,
confirm_mixed_context,10147,frozen,adaptation,11,fixed,0.15,-0.18,0.6,0.11951897849277444,-0.02719378236783346,0.37678799344566366,nan,nan,nan,nan,0.14,False,True,
confirm_mixed_context,10148,frozen,adaptation,11,fixed,0.15,-0.18,0.6,0.08459887893518085,-0.023420321229435687,0.1361427397968278,nan,nan,nan,nan,0.14,False,True,
confirm_mixed_context,10149,frozen,adaptation,11,fixed,0.15,-0.18,0.6,0.04835028883693746,-0.042597030814194047,0.2708156957962587,nan,nan,nan,nan,0.14,False,True,
confirm_mixed_context,10150,frozen,adaptation,11,fixed,0.15,-0.18,0.6,0.00873109303970511,-0.03362667979595336,0.3094576169742166,nan,nan,nan,nan,0.14,False,True,
confirm_mixed_context,10151,frozen,adaptation,11,fixed,0.15,-0.18,0.6,-0.062169575000916084,-0.04724728855991972,0.28560109712764725,nan,nan,nan,nan,0.14,False,True,
confirm_mixed_context,10152,frozen,adaptation,11,fixed,0.15,-0.18,0.6,-0.022694173328627863,0.005582544841256177,0.09288458645302387,nan,nan,nan,nan,0.14,False,True,
confirm_mixed_context,10153,frozen,adaptation,11,fixed,0.15,-0.18,0.6,0.11190322345093542,-0.030515043398395822,0.37253020780732155,nan,nan,nan,nan,0.14,False,True,
confirm_mixed_context,10154,frozen,adaptation,11,fixed,0.15,-0.18,0.6,0.07886195038632877,-0.05513428517260444,0.352592381136869,nan,nan,nan,nan,0.14,False,True,
confirm_mixed_context,10155,frozen,adaptation,11,fixed,0.15,-0.18,0.6,-0.0021177434820039134,-0.028408957427733167,0.1950243286591783,nan,nan,nan,nan,0.14,False,True,
confirm_mixed_context,10156,frozen,adaptation,11,fixed,0.15,-0.18,0.6,-0.05799141183919046,-0.04611956761763027,0.2921349903062116,nan,nan,nan,nan,0.14,False,True,
confirm_mixed_context,10157,frozen,adaptation,11,fixed,0.15,-0.18,0.6,0.006854151775509373,-0.12333475835098967,0.2946353322632722,nan,nan,nan,nan,0.14,False,True,
confirm_mixed_context,10158,frozen,adaptation,11,fixed,0.15,-0.18,0.6,0.09900523856470674,-0.041069524860913156,0.3387971793655242,nan,nan,nan,nan,0.14,False,True,
confirm_mixed_context,10159,frozen,adaptation,11,fixed,0.15,-0.18,0.6,-0.03951584395503456,-0.05450100524145957,0.3136802444279084,nan,nan,nan,nan,0.14,False,True,
confirm_mixed_context,10160,frozen,adaptation,11,fixed,0.15,-0.18,0.6,-0.016144955306425082,-0.009157693584390275,0.17964146251570554,nan,nan,nan,nan,0.14,False,True,
confirm_mixed_context,10161,frozen,adaptation,11,fixed,0.15,-0.18,0.6,0.07656562752345769,-0.05854063312013579,0.38580317816976656,nan,nan,nan,nan,0.14,False,True,
confirm_mixed_context,10162,frozen,adaptation,11,fixed,0.15,-0.18,0.6,0.09627270961597294,-0.045866300577764356,0.24294332682942288,nan,nan,nan,nan,0.14,False,True,
confirm_mixed_context,10163,frozen,adaptation,11,fixed,0.15,-0.18,0.6,0.06687458841739514,-0.016735227182578832,0.15962108211312104,nan,nan,nan,nan,0.14,False,True,
confirm_mixed_context,10164,frozen,adaptation,11,fixed,0.15,-0.18,0.6,0.15044375261766021,-0.01556163751579874,0.32825351562781524,nan,nan,nan,nan,0.14,False,True,
confirm_mixed_context,10165,frozen,adaptation,11,fixed,0.15,-0.18,0.6,0.08292932695946503,-0.03578981243107221,0.3228345494619243,nan,nan,nan,nan,0.14,False,True,
confirm_mixed_context,10166,frozen,adaptation,11,fixed,0.15,-0.18,0.6,0.14257922916998894,-0.03621323369513134,0.33964583902255463,nan,nan,nan,nan,0.14,False,True,
confirm_mixed_context,10167,frozen,adaptation,11,fixed,0.15,-0.18,0.6,-0.0122021882773909,-0.005748027290988531,0.32469576294068464,nan,nan,nan,nan,0.14,False,True,
confirm_mixed_context,10168,frozen,adaptation,11,fixed,0.15,-0.18,0.6,-0.04247267360780134,-0.043696862999501346,0.29701743472883946,nan,nan,nan,nan,0.14,False,True,
confirm_mixed_context,10169,frozen,adaptation,11,fixed,0.15,-0.18,0.6,-0.012881072113255267,-0.05441723675196954,0.38875459980099397,nan,nan,nan,nan,0.14,False,True,
confirm_mixed_context,10170,frozen,adaptation,11,fixed,0.15,-0.18,0.6,-0.047671924927288306,-0.05182996325860207,0.36533531724979845,nan,nan,nan,nan,0.14,False,True,
confirm_mixed_context,10171,frozen,adaptation,11,fixed,0.15,-0.18,0.6,0.03833717825966061,-0.047321141593410776,0.397282023405649,nan,nan,nan,nan,0.14,False,True,
confirm_mixed_context,10172,frozen,adaptation,11,fixed,0.15,-0.18,0.6,0.0119779494111219,-0.04082538331005662,0.31844127158644636,nan,nan,nan,nan,0.14,False,True,
confirm_mixed_context,10101,frozen,validation,11,rolling_fixed_holdout,0.2,-0.18,-0.3,0.11077158460668038,-0.11865467877708397,-0.037831805792163296,0.19625781983274737,-0.1676501188007501,-0.2527122793521865,0.136948087051767,0.14,True,True,
confirm_mixed_context,10102,frozen,validation,11,rolling_fixed_holdout,0.2,-0.18,-0.3,0.0877011897496979,-0.05835493440781911,-0.01113642891027806,0.19845245447930232,-0.1698935716380634,-0.2424995289126767,0.14522924126065914,0.14,False,True,
confirm_mixed_context,10103,frozen,validation,11,rolling_fixed_holdout,0.2,-0.18,-0.3,0.08019942157550973,-0.0729483600142561,-0.04357020972860082,0.20709493200633133,-0.16700433885745414,-0.26816859240310875,0.140453136790546,0.14,False,True,
confirm_mixed_context,10104,frozen,validation,11,rolling_fixed_holdout,0.2,-0.18,-0.3,0.07370273818534233,-0.08882903307700665,-0.04712250681985632,0.2067228523000089,-0.17993996251915922,-0.27071591257866023,0.1508522464388006,0.14,True,True,
confirm_mixed_context,10105,frozen,validation,11,rolling_fixed_holdout,0.2,-0.18,-0.3,0.07830317465773884,-0.07410264290223124,-0.017256832156245468,0.19729359530536006,-0.17732981745475784,-0.2686823786843251,0.1564794383359074,0.14,False,True,
confirm_mixed_context,10106,frozen,validation,11,rolling_fixed_holdout,0.2,-0.18,-0.3,0.08496999516587622,-0.06546447696079043,-0.06306782855932044,0.19988087243914152,-0.18186560079326838,-0.27195501473239847,0.15691857957213415,0.14,True,True,
confirm_mixed_context,10107,frozen,validation,11,rolling_fixed_holdout,0.2,-0.18,-0.3,0.08814799543541595,-0.07587452572842422,-0.0339284107390918,0.19614406823194422,-0.17359161391289124,-0.2521100682701004,0.13625212585634902,0.14,True,True,
confirm_mixed_context,10108,frozen,validation,11,rolling_fixed_holdout,0.2,-0.18,-0.3,0.08986407034772372,-0.06762497704658857,-0.020645514824897453,0.20030949384565924,-0.17111923325066852,-0.26497041463893006,0.16010331775062062,0.14,False,True,
confirm_mixed_context,10109,frozen,validation,11,rolling_fixed_holdout,0.2,-0.18,-0.3,0.08421246777943164,-0.07554116061472958,-0.040043648452191154,0.18713205882128403,-0.19381780721588698,-0.27414711591574586,0.15662523312888416,0.14,False,True,
confirm_mixed_context,10110,frozen,validation,11,rolling_fixed_holdout,0.2,-0.18,-0.3,0.09098583187656419,-0.09055529421232056,-0.040520855523753126,0.19655825978061378,-0.18012775138116033,-0.24245459444573475,0.13790600069820508,0.14,True,True,
confirm_mixed_context,10111,frozen,validation,11,rolling_fixed_holdout,0.2,-0.18,-0.3,0.08297998073839678,-0.07554614937291705,-0.06075877674642017,0.2047112947445358,-0.18342075944181072,-0.270772359770108,0.14527395313041,0.14,True,True,
confirm_mixed_context,10112,frozen,validation,11,rolling_fixed_holdout,0.2,-0.18,-0.3,0.1064556859255985,-0.07709339624465969,-0.016006858901857733,0.19471930113247068,-0.1760704262925628,-0.2670574368362401,0.14947113789800295,0.14,True,True,
confirm_mixed_context,10113,frozen,validation,11,rolling_fixed_holdout,0.2,-0.18,-0.3,0.08679553512194131,-0.07547231288061595,-0.015351371666021395,0.19395579001215763,-0.16511987125510263,-0.25229255450290605,0.13037961922055055,0.14,True,True,
confirm_mixed_context,10114,frozen,validation,11,rolling_fixed_holdout,0.2,-0.18,-0.3,0.10107078215488505,-0.0747981204699194,-0.043015390999799376,0.20315214288671765,-0.16585976057932392,-0.24522043982088731,0.14415795292110373,0.14,True,True,
confirm_mixed_context,10115,frozen,validation,11,rolling_fixed_holdout,0.2,-0.18,-0.3,0.08551428722634358,-0.08260385804189378,-0.025739558036742532,0.20183567863213694,-0.18537765671742518,-0.2780072321012503,0.15469605915983395,0.14,False,True,
confirm_mixed_context,10116,frozen,validation,11,rolling_fixed_holdout,0.2,-0.18,-0.3,0.08147977612710576,-0.06251232864634054,-0.01304428419239126,0.21004888711810363,-0.17286467030548475,-0.2521556179250898,0.1523535643309691,0.14,True,True,
confirm_mixed_context,10117,frozen,validation,11,rolling_fixed_holdout,0.2,-0.18,-0.3,0.06545819351062587,-0.07129493539750843,-0.04881810751590736,0.19092036809224172,-0.178791010271555,-0.2700497565774802,0.14864504367362044,0.14,True,True,
confirm_mixed_context,10118,frozen,validation,11,rolling_fixed_holdout,0.2,-0.18,-0.3,0.09359948629827797,-0.07174274941424455,-0.04825955617785166,0.19564963531430993,-0.18096769223496453,-0.2668876447393643,0.143384233267333,0.14,True,True,
confirm_mixed_context,10119,frozen,validation,11,rolling_fixed_holdout,0.2,-0.18,-0.3,0.0769733758060869,-0.0674115180352921,-0.037312607574594134,0.2028475885229354,-0.17698442934661202,-0.254064030798532,0.13411412266107792,0.14,True,True,
confirm_mixed_context,10120,frozen,validation,11,rolling_fixed_holdout,0.2,-0.18,-0.3,0.08016277606763766,-0.08061211330909912,-0.06908211316520659,0.19860179234308603,-0.16219657750541625,-0.26615143810791136,0.14395613683666436,0.14,True,True,
confirm_mixed_context,10121,frozen,validation,11,rolling_fixed_holdout,0.2,-0.18,-0.3,0.05553299185966437,-0.06471796134592511,-0.04925886315449216,0.19867801331752286,-0.1818634513846329,-0.26071314869808565,0.14080213263771957,0.14,False,True,
confirm_mixed_context,10122,frozen,validation,11,rolling_fixed_holdout,0.2,-0.18,-0.3,0.07488564759059448,-0.07527878619958939,-0.04262923354424091,0.20326456436617063,-0.17919581100923718,-0.26805177674385705,0.16910095042837422,0.14,False,True,
confirm_mixed_context,10123,frozen,validation,11,rolling_fixed_holdout,0.2,-0.18,-0.3,0.07947494430295143,-0.09180845390909353,-0.038083576794619,0.20127155267418276,-0.17374345038648958,-0.2670720988466734,0.15233294992925775,0.14,True,True,
confirm_mixed_context,10124,frozen,validation,11,rolling_fixed_holdout,0.2,-0.18,-0.3,0.08696006667128386,-0.06607193889067971,-0.04743679483539944,0.20296325495641976,-0.1785741910808022,-0.26853874790661975,0.15543749652021413,0.14,False,True,
confirm_mixed_context,10125,frozen,validation,11,rolling_fixed_holdout,0.2,-0.18,-0.3,0.113496374388154,-0.11082650958301245,-0.0234777047570329,0.19804877239804286,-0.18008309005939477,-0.27178830654069486,0.15259320163589532,0.14,True,True,
confirm_mixed_context,10126,frozen,validation,11,rolling_fixed_holdout,0.2,-0.18,-0.3,0.09923483654016657,-0.08885135851171928,-0.04874184251214532,0.20497785465944562,-0.17809312260839918,-0.2563221942792062,0.1462373245309546,0.14,True,True,
confirm_mixed_context,10127,frozen,validation,11,rolling_fixed_holdout,0.2,-0.18,-0.3,0.04259385700714026,-0.04398861097156766,-0.07840398606646172,0.18234470752161427,-0.17627231629127005,-0.2571821741851304,0.15566024301279355,0.14,False,True,
confirm_mixed_context,10128,frozen,validation,11,rolling_fixed_holdout,0.2,-0.18,-0.3,0.08347893925906893,-0.07565303574009867,-0.04486105323083605,0.1912969408390351,-0.1794246648315328,-0.266531573797507,0.16271094422400678,0.14,False,True,
confirm_mixed_context,10129,frozen,validation,11,rolling_fixed_holdout,0.2,-0.18,-0.3,0.0728146129672545,-0.0886652514034458,-0.055163935739120894,0.20134573691227758,-0.17721658214499653,-0.25701528623685443,0.1242304898840186,0.14,True,True,
confirm_mixed_context,10130,frozen,validation,11,rolling_fixed_holdout,0.2,-0.18,-0.3,0.08626729577670368,-0.0721141810077427,-0.008604970168729544,0.19622420960552833,-0.16683250272898925,-0.27062807082945584,0.14882291972578526,0.14,True,True,
confirm_mixed_context,10131,frozen,validation,11,rolling_fixed_holdout,0.2,-0.18,-0.3,0.09908760938669936,-0.1171095231535068,-0.013388726239364048,0.20042349242603602,-0.1874951364076313,-0.26545918523542006,0.14733881783770844,0.14,False,True,
confirm_mixed_context,10132,frozen,validation,11,rolling_fixed_holdout,0.2,-0.18,-0.3,0.09407223000097927,-0.08504881094779676,-0.023321621574712303,0.20622892905344875,-0.16221797643931404,-0.24462765566713673,0.12415220080670522,0.14,True,True,
confirm_mixed_context,10133,frozen,validation,11,rolling_fixed_holdout,0.2,-0.18,-0.3,0.08376331536211114,-0.06144302409500441,-0.02074019062101448,0.20813551210018585,-0.1834789020184373,-0.2513707281884678,0.13821988941951077,0.14,True,True,
confirm_mixed_context,10134,frozen,validation,11,rolling_fixed_holdout,0.2,-0.18,-0.3,0.10706866111262667,-0.07608389196948678,-0.02573622778595309,0.20067732883005618,-0.17760521673901847,-0.25842447381328254,0.1492445662314008,0.14,True,True,
confirm_mixed_context,10135,frozen,validation,11,rolling_fixed_holdout,0.2,-0.18,-0.3,0.11878139290584208,-0.07456309442115899,-0.01982073168716317,0.20649690687148453,-0.17369114164978783,-0.2607007627450082,0.14362952472648483,0.14,True,True,
confirm_mixed_context,10136,frozen,validation,11,rolling_fixed_holdout,0.2,-0.18,-0.3,0.13603064376592677,-0.14802620915608863,-0.044756443025529676,0.19996766763250864,-0.17220607728597484,-0.2688422859688692,0.13384868524639396,0.14,True,True,
confirm_mixed_context,10137,frozen,validation,11,rolling_fixed_holdout,0.2,-0.18,-0.3,0.07109603892750918,-0.06985016101764,-0.0756150490289625,0.19847822179038158,-0.1846774688133125,-0.2746069991430449,0.13512011192739173,0.14,True,True,
confirm_mixed_context,10138,frozen,validation,11,rolling_fixed_holdout,0.2,-0.18,-0.3,0.0853750277617937,-0.0790038350057771,-0.043514973111634964,0.18820627456026195,-0.17654757482793804,-0.2894963550711761,0.14373285404403333,0.14,True,True,
confirm_mixed_context,10139,frozen,validation,11,rolling_fixed_holdout,0.2,-0.18,-0.3,0.08866654064970533,-0.10291604595912189,-0.04309967360737069,0.19354571583881178,-0.1843009159824066,-0.2677235727901437,0.1552682320435877,0.14,False,True,
confirm_mixed_context,10140,frozen,validation,11,rolling_fixed_holdout,0.2,-0.18,-0.3,0.0938750825344318,-0.08032567940690633,-0.060858907964869646,0.20182681680901357,-0.1621309320426978,-0.2647997833691972,0.14458436310104372,0.14,False,True,
confirm_mixed_context,10141,frozen,validation,11,rolling_fixed_holdout,0.2,-0.18,-0.3,0.055849195195680164,-0.06445414749504529,-0.06198771380852792,0.20052547666576043,-0.18000246812474946,-0.27453398768513454,0.15713970005678346,0.14,False,True,
confirm_mixed_context,10142,frozen,validation,11,rolling_fixed_holdout,0.2,-0.18,-0.3,0.11980148639614793,-0.10645889735742077,-0.05910838992755334,0.2095363009945884,-0.17327681722736823,-0.25271176082325153,0.12271080785842506,0.14,True,True,
confirm_mixed_context,10143,frozen,validation,11,rolling_fixed_holdout,0.2,-0.18,-0.3,0.08992216384055296,-0.09354686584183591,-0.054043793464522365,0.202921911060484,-0.18648233589704125,-0.2501155240412923,0.1275705342333785,0.075,False,True,
confirm_mixed_context,10144,frozen,validation,11,rolling_fixed_holdout,0.2,-0.18,-0.3,0.07645055183367465,-0.06750276560754055,-0.0515931711692743,0.200979911407842,-0.18305439787690095,-0.2784873023239795,0.14055967076500284,0.14,True,True,
confirm_mixed_context,10145,frozen,validation,11,rolling_fixed_holdout,0.2,-0.18,-0.3,0.08026810374496396,-0.07874546502013072,0.0063582557974961075,0.20947777953862246,-0.17264695701828714,-0.2440002877712759,0.14810170747823648,0.14,False,True,
confirm_mixed_context,10146,frozen,validation,11,rolling_fixed_holdout,0.2,-0.18,-0.3,0.11301360534851815,-0.08809018428431926,-0.018895181669838678,0.20693489690475042,-0.17137454017451617,-0.25493715034601167,0.1532254440426741,0.14,True,True,
confirm_mixed_context,10147,frozen,validation,11,rolling_fixed_holdout,0.2,-0.18,-0.3,0.05775831905245549,-0.06494109169617467,-0.013574623319937753,0.20294369129119616,-0.17680610453841844,-0.2739536305665367,0.14406178985660062,0.14,True,True,
confirm_mixed_context,10148,frozen,validation,11,rolling_fixed_holdout,0.2,-0.18,-0.3,0.12210139131925507,-0.10344232094327589,0.0013367435880426851,0.21002639939236892,-0.17244910030317956,-0.262897614389824,0.14916508578547905,0.14,False,True,
confirm_mixed_context,10149,frozen,validation,11,rolling_fixed_holdout,0.2,-0.18,-0.3,0.12523874301547147,-0.12978816389345166,-0.03233200688264443,0.19522922254352781,-0.184005564840289,-0.24766762309544185,0.15423796861057962,0.14,False,True,
confirm_mixed_context,10150,frozen,validation,11,rolling_fixed_holdout,0.2,-0.18,-0.3,0.07963841848965798,-0.06753308963284466,-0.038411106692210754,0.19527450063298157,-0.17683485343385502,-0.25110080875888685,0.1522348795741316,0.14,True,True,
confirm_mixed_context,10151,frozen,validation,11,rolling_fixed_holdout,0.2,-0.18,-0.3,0.07074258525468602,-0.054282312955946176,-0.02172669134444441,0.2074106628958704,-0.19490794413920687,-0.2861246863452706,0.16685534030981575,0.14,False,True,
confirm_mixed_context,10152,frozen,validation,11,rolling_fixed_holdout,0.2,-0.18,-0.3,0.07726320049355638,-0.07062936147364644,-0.041156124175066464,0.19566872074709604,-0.17800253358023907,-0.2563542630225221,0.1350820614410845,0.14,True,True,
confirm_mixed_context,10153,frozen,validation,11,rolling_fixed_holdout,0.2,-0.18,-0.3,0.06382815926010324,-0.06695105093204866,-0.058413917907881904,0.20821994167872632,-0.16613675515388796,-0.2496755999734993,0.13008443154496935,0.14,True,True,
confirm_mixed_context,10154,frozen,validation,11,rolling_fixed_holdout,0.2,-0.18,-0.3,0.06770742557137463,-0.07930464673494375,-0.05427299050965644,0.21122158220849058,-0.16893258682113252,-0.26193665025177365,0.13222170457644128,0.14,True,True,
confirm_mixed_context,10155,frozen,validation,11,rolling_fixed_holdout,0.2,-0.18,-0.3,0.11708071379506048,-0.07684879616231109,-0.029888304373034195,0.19751690609362033,-0.17942356721548833,-0.241623307875958,0.13995097510966195,0.14,True,True,
confirm_mixed_context,10156,frozen,validation,11,rolling_fixed_holdout,0.2,-0.18,-0.3,0.0838225577298441,-0.09114936378894362,-0.055768236642254304,0.1978918959825421,-0.17698012527416396,-0.25646118780772964,0.14752469055781148,0.14,False,True,
confirm_mixed_context,10157,frozen,validation,11,rolling_fixed_holdout,0.2,-0.18,-0.3,0.07688448586518386,-0.04700514520853326,-0.07193071147568414,0.20741017431370634,-0.17090585717125797,-0.2618449133306217,0.15771189575549327,0.14,False,True,
confirm_mixed_context,10158,frozen,validation,11,rolling_fixed_holdout,0.2,-0.18,-0.3,0.08521793306855531,-0.07103834083780614,-0.04243443241908252,0.19291482884655506,-0.18090123666100283,-0.2766428278334939,0.14598644277214698,0.14,True,True,
confirm_mixed_context,10159,frozen,validation,11,rolling_fixed_holdout,0.2,-0.18,-0.3,0.05850045371818914,-0.09318315427286203,-0.05287783251015233,0.20537787996954635,-0.17266623147088772,-0.25024998974554574,0.14343024486278025,0.14,False,True,
confirm_mixed_context,10160,frozen,validation,11,rolling_fixed_holdout,0.2,-0.18,-0.3,0.0985078817657225,-0.0695967149177162,-0.04303007388916396,0.20101717591615692,-0.1722485844989901,-0.2579971535583152,0.13106155647676798,0.14,True,True,
confirm_mixed_context,10161,frozen,validation,11,rolling_fixed_holdout,0.2,-0.18,-0.3,0.09665584338392066,-0.07212401165935135,-0.03274782164393904,0.19888849539734005,-0.178585523185191,-0.253609790780399,0.1405610004326095,0.14,True,True,
confirm_mixed_context,10162,frozen,validation,11,rolling_fixed_holdout,0.2,-0.18,-0.3,0.07252994958845836,-0.09715366136596575,-0.03322773733859722,0.2047949933699406,-0.1819185353555091,-0.26283730686178813,0.1639460244968874,0.14,False,True,
confirm_mixed_context,10163,frozen,validation,11,rolling_fixed_holdout,0.2,-0.18,-0.3,0.06298701912869259,-0.06634708608227664,-0.05109504793403245,0.20028504434366,-0.18629697266321701,-0.27812277176198263,0.14610522014967195,0.14,False,True,
confirm_mixed_context,10164,frozen,validation,11,rolling_fixed_holdout,0.2,-0.18,-0.3,0.09718433116977895,-0.08268433217412965,-0.07585787588264194,0.20140495518277196,-0.18101067711367338,-0.2760753283941161,0.13854693921734118,0.14,True,True,
confirm_mixed_context,10165,frozen,validation,11,rolling_fixed_holdout,0.2,-0.18,-0.3,0.07410394609884981,-0.11013543695453604,-0.08813138443919259,0.21157177915991882,-0.18128672921569106,-0.2626555546304371,0.12337281643993589,0.14,True,True,
confirm_mixed_context,10166,frozen,validation,11,rolling_fixed_holdout,0.2,-0.18,-0.3,0.10200632864950392,-0.07322898041323493,-0.03724604562327737,0.19650802088910063,-0.1812858730444604,-0.2654356418484456,0.1430334710551933,0.14,True,True,
confirm_mixed_context,10167,frozen,validation,11,rolling_fixed_holdout,0.2,-0.18,-0.3,0.08117984944913495,-0.09848973283010969,-0.07720273003822684,0.20423213531592055,-0.17947711013038883,-0.2561694746589618,0.13516048144903223,0.14,True,True,
confirm_mixed_context,10168,frozen,validation,11,rolling_fixed_holdout,0.2,-0.18,-0.3,0.10076680984562456,-0.07017010915059792,-0.05978998934958721,0.2054659625804357,-0.1803353418116639,-0.25986888714864914,0.13461139286906706,0.14,True,True,
confirm_mixed_context,10169,frozen,validation,11,rolling_fixed_holdout,0.2,-0.18,-0.3,0.10674668134840731,-0.10444938056315443,-0.03789945806985372,0.2006468151716925,-0.17403616563921417,-0.24966419994004324,0.13384118597868233,0.14,True,True,
confirm_mixed_context,10170,frozen,validation,11,rolling_fixed_holdout,0.2,-0.18,-0.3,0.09595477270570227,-0.08763212444768399,-0.021624387273729482,0.1987737074711997,-0.17592856811143678,-0.2693411448527378,0.15502391955460132,0.14,False,True,
confirm_mixed_context,10171,frozen,validation,11,rolling_fixed_holdout,0.2,-0.18,-0.3,0.10815073361808036,-0.08117472915685478,-0.020810962570878107,0.20352257801998966,-0.19681327954592237,-0.2518416912768062,0.13975934734567533,0.14,True,True,
confirm_mixed_context,10172,frozen,validation,11,rolling_fixed_holdout,0.2,-0.18,-0.3,0.09540319015556607,-0.09179869295512677,-0.07923503845207183,0.20481792249187794,-0.18623753419778694,-0.2631504748673758,0.14334257393004124,0.14,True,True,
confirm_mixed_context,10101,frozen,adaptation,12,fixed,-0.15,0.18,-0.6,-0.011521702699874443,-0.01072752168245112,-0.2550805715614512,nan,nan,nan,nan,0.14,False,True,
confirm_mixed_context,10102,frozen,adaptation,12,fixed,-0.15,0.18,-0.6,-0.07908681046940208,-0.009582913897896693,-0.13618394889649063,nan,nan,nan,nan,0.14,False,True,
confirm_mixed_context,10103,frozen,adaptation,12,fixed,-0.15,0.18,-0.6,-0.09758406601992621,-0.01356204686981717,-0.18489557686457167,nan,nan,nan,nan,0.14,False,True,
confirm_mixed_context,10104,frozen,adaptation,12,fixed,-0.15,0.18,-0.6,-0.09770040167254371,-0.023400650962756037,-0.17906421228132072,nan,nan,nan,nan,0.14,False,True,
confirm_mixed_context,10105,frozen,adaptation,12,fixed,-0.15,0.18,-0.6,-0.07641869243756187,0.009962801399386354,-0.31377552882925663,nan,nan,nan,nan,0.14,False,True,
confirm_mixed_context,10106,frozen,adaptation,12,fixed,-0.15,0.18,-0.6,-0.05164173374173443,0.011173636371558208,-0.17133171486609505,nan,nan,nan,nan,0.14,False,True,
confirm_mixed_context,10107,frozen,adaptation,12,fixed,-0.15,0.18,-0.6,-0.07805278506600638,-0.0010096090599311987,-0.22498674941777472,nan,nan,nan,nan,0.14,False,True,
confirm_mixed_context,10108,frozen,adaptation,12,fixed,-0.15,0.18,-0.6,-0.036618572207491804,0.04446813487918904,-0.17377785600464457,nan,nan,nan,nan,0.14,False,True,
confirm_mixed_context,10109,frozen,adaptation,12,fixed,-0.15,0.18,-0.6,-0.08613706099719327,-0.00871910454326026,-0.12578350758895543,nan,nan,nan,nan,0.14,False,True,
confirm_mixed_context,10110,frozen,adaptation,12,fixed,-0.15,0.18,-0.6,-0.007140874904039991,0.0045345278681397875,-0.2780213412968866,nan,nan,nan,nan,0.14,False,True,
confirm_mixed_context,10111,frozen,adaptation,12,fixed,-0.15,0.18,-0.6,-0.10976214090097475,-0.025902932159324148,-0.2980650299171397,nan,nan,nan,nan,0.14,False,True,
confirm_mixed_context,10112,frozen,adaptation,12,fixed,-0.15,0.18,-0.6,-0.07310114327146115,-0.004981742584866542,-0.21179672098346228,nan,nan,nan,nan,0.14,False,True,
confirm_mixed_context,10113,frozen,adaptation,12,fixed,-0.15,0.18,-0.6,-0.10278182008357428,-0.012799592166601604,-0.22061509647494296,nan,nan,nan,nan,0.14,False,True,
confirm_mixed_context,10114,frozen,adaptation,12,fixed,-0.15,0.18,-0.6,-0.0592139278725578,0.02115402321103525,-0.1947953673466645,nan,nan,nan,nan,0.14,False,True,
confirm_mixed_context,10115,frozen,adaptation,12,fixed,-0.15,0.18,-0.6,-0.059364908769824094,-0.008996495819577344,-0.19671378536134093,nan,nan,nan,nan,0.14,False,True,
confirm_mixed_context,10116,frozen,adaptation,12,fixed,-0.15,0.18,-0.6,-0.04037322574348205,-0.011047544562511195,-0.14347086796111272,nan,nan,nan,nan,0.14,False,True,
confirm_mixed_context,10117,frozen,adaptation,12,fixed,-0.15,0.18,-0.6,-0.08383617698288998,0.014192931935434312,-0.24565814526113475,nan,nan,nan,nan,0.14,False,True,
confirm_mixed_context,10118,frozen,adaptation,12,fixed,-0.15,0.18,-0.6,-0.05985148609142055,-0.012763018681117507,-0.2762034596310073,nan,nan,nan,nan,0.14,False,True,
confirm_mixed_context,10119,frozen,adaptation,12,fixed,-0.15,0.18,-0.6,-0.10657804766655192,-0.012460544175856734,-0.21204540078658365,nan,nan,nan,nan,0.14,False,True,
confirm_mixed_context,10120,frozen,adaptation,12,fixed,-0.15,0.18,-0.6,-0.07991947274678417,-0.0004889575959902679,-0.17817105963233215,nan,nan,nan,nan,0.14,False,True,
confirm_mixed_context,10121,frozen,adaptation,12,fixed,-0.15,0.18,-0.6,-0.08589434038974096,0.002774773079774988,-0.30995974967164797,nan,nan,nan,nan,0.14,False,True,
confirm_mixed_context,10122,frozen,adaptation,12,fixed,-0.15,0.18,-0.6,-0.04765244827726254,-0.006322710611365445,-0.19174349795915546,nan,nan,nan,nan,0.14,False,True,
confirm_mixed_context,10123,frozen,adaptation,12,fixed,-0.15,0.18,-0.6,-0.07975139470122494,-0.014287644545380234,-0.2980953924749769,nan,nan,nan,nan,0.14,False,True,
confirm_mixed_context,10124,frozen,adaptation,12,fixed,-0.15,0.18,-0.6,-0.056406333250086,0.009795142264742138,-0.19528539425119723,nan,nan,nan,nan,0.14,False,True,
confirm_mixed_context,10125,frozen,adaptation,12,fixed,-0.15,0.18,-0.6,-0.07927507296271658,-0.011741561306140824,-0.1434350647327923,nan,nan,nan,nan,0.14,False,True,
confirm_mixed_context,10126,frozen,adaptation,12,fixed,-0.15,0.18,-0.6,-0.03798970169376528,0.008678761258089298,-0.33459189725631006,nan,nan,nan,nan,0.14,False,True,
confirm_mixed_context,10127,frozen,adaptation,12,fixed,-0.15,0.18,-0.6,-0.12271343031033564,-0.011761654741912644,-0.16896376542340213,nan,nan,nan,nan,0.14,False,True,
confirm_mixed_context,10128,frozen,adaptation,12,fixed,-0.15,0.18,-0.6,-0.049350048387494766,-0.0174390182748404,-0.1524984043411192,nan,nan,nan,nan,0.14,False,True,
confirm_mixed_context,10129,frozen,adaptation,12,fixed,-0.15,0.18,-0.6,-0.12550047959185148,-0.01029785494471044,-0.28935780037425773,nan,nan,nan,nan,0.14,False,True,
confirm_mixed_context,10130,frozen,adaptation,12,fixed,-0.15,0.18,-0.6,-0.04480402289402292,-0.01580240482192997,-0.1404616277667835,nan,nan,nan,nan,0.14,False,True,
confirm_mixed_context,10131,frozen,adaptation,12,fixed,-0.15,0.18,-0.6,-0.12643195396593393,-0.018476939265768943,-0.16425146910977503,nan,nan,nan,nan,0.14,False,True,
confirm_mixed_context,10132,frozen,adaptation,12,fixed,-0.15,0.18,-0.6,-0.04577340674376194,-0.04143711219760143,-0.2614931309049597,nan,nan,nan,nan,0.14,False,True,
confirm_mixed_context,10133,frozen,adaptation,12,fixed,-0.15,0.18,-0.6,-0.07430996134014793,0.00017240801597369495,-0.15941592519781483,nan,nan,nan,nan,0.14,False,True,
confirm_mixed_context,10134,frozen,adaptation,12,fixed,-0.15,0.18,-0.6,-0.03647541649486176,-0.005651712211652904,-0.18399464093594134,nan,nan,nan,nan,0.14,False,True,
confirm_mixed_context,10135,frozen,adaptation,12,fixed,-0.15,0.18,-0.6,-0.04990745670366706,-0.017656603373771212,-0.13222959326196126,nan,nan,nan,nan,0.14,False,True,
confirm_mixed_context,10136,frozen,adaptation,12,fixed,-0.15,0.18,-0.6,-0.09122880605060305,0.0022561660732988115,-0.23359998733822246,nan,nan,nan,nan,0.14,False,True,
confirm_mixed_context,10137,frozen,adaptation,12,fixed,-0.15,0.18,-0.6,-0.08362035582915944,-0.005960928668977122,-0.33443985199966214,nan,nan,nan,nan,0.14,False,True,
confirm_mixed_context,10138,frozen,adaptation,12,fixed,-0.15,0.18,-0.6,-0.09153567142305431,-0.013068968162896656,-0.1908948720531764,nan,nan,nan,nan,0.14,False,True,
confirm_mixed_context,10139,frozen,adaptation,12,fixed,-0.15,0.18,-0.6,-0.09456750753031207,-0.0007024451705752979,-0.24943535859911276,nan,nan,nan,nan,0.14,False,True,
confirm_mixed_context,10140,frozen,adaptation,12,fixed,-0.15,0.18,-0.6,-0.03904997635567556,0.02450219044348715,-0.18880951617195996,nan,nan,nan,nan,0.14,False,True,
confirm_mixed_context,10141,frozen,adaptation,12,fixed,-0.15,0.18,-0.6,-0.08463425138588436,-0.0005208315566578646,-0.15744826511638224,nan,nan,nan,nan,0.14,False,True,
confirm_mixed_context,10142,frozen,adaptation,12,fixed,-0.15,0.18,-0.6,-0.08057001875765313,-0.015103301104259635,-0.2353762694820763,nan,nan,nan,nan,0.14,False,True,
confirm_mixed_context,10143,frozen,adaptation,12,fixed,-0.15,0.18,-0.6,-0.08032900045712155,-0.01412607678496688,-0.16217925774846617,nan,nan,nan,nan,0.075,False,True,
confirm_mixed_context,10144,frozen,adaptation,12,fixed,-0.15,0.18,-0.6,-0.06833544324350216,-0.012126650970927908,-0.15220234071312516,nan,nan,nan,nan,0.14,False,True,
confirm_mixed_context,10145,frozen,adaptation,12,fixed,-0.15,0.18,-0.6,-0.10138303728211599,-3.874499637833745e-05,-0.16336982117157267,nan,nan,nan,nan,0.14,False,True,
confirm_mixed_context,10146,frozen,adaptation,12,fixed,-0.15,0.18,-0.6,-0.03881705555508642,-0.0020347029945569552,-0.17437994775090374,nan,nan,nan,nan,0.14,False,True,
confirm_mixed_context,10147,frozen,adaptation,12,fixed,-0.15,0.18,-0.6,-0.11533403373850364,-0.020364673655157182,-0.227992798070863,nan,nan,nan,nan,0.14,False,True,
confirm_mixed_context,10148,frozen,adaptation,12,fixed,-0.15,0.18,-0.6,-0.1104923110178437,0.00898071571085576,-0.17157405760925926,nan,nan,nan,nan,0.14,False,True,
confirm_mixed_context,10149,frozen,adaptation,12,fixed,-0.15,0.18,-0.6,-0.028300215710223873,-0.010972794002481816,-0.2805387364225642,nan,nan,nan,nan,0.14,False,True,
confirm_mixed_context,10150,frozen,adaptation,12,fixed,-0.15,0.18,-0.6,-0.09359777689499772,-0.008144749839024714,-0.2091532172395215,nan,nan,nan,nan,0.14,False,True,
confirm_mixed_context,10151,frozen,adaptation,12,fixed,-0.15,0.18,-0.6,-0.05567244688384982,-0.005640968773515176,-0.12690729376659038,nan,nan,nan,nan,0.14,False,True,
confirm_mixed_context,10152,frozen,adaptation,12,fixed,-0.15,0.18,-0.6,-0.06183461575486974,-0.0030219610117085175,-0.16257980863679833,nan,nan,nan,nan,0.14,False,True,
confirm_mixed_context,10153,frozen,adaptation,12,fixed,-0.15,0.18,-0.6,-0.11725464768713127,0.018056089212502527,-0.338254600674297,nan,nan,nan,nan,0.14,False,True,
confirm_mixed_context,10154,frozen,adaptation,12,fixed,-0.15,0.18,-0.6,-0.09587820608339298,-0.00740616187504303,-0.1957035854922777,nan,nan,nan,nan,0.14,False,True,
confirm_mixed_context,10155,frozen,adaptation,12,fixed,-0.15,0.18,-0.6,-0.049353228449108784,-0.006274606913537437,-0.1654980150112789,nan,nan,nan,nan,0.14,False,True,
confirm_mixed_context,10156,frozen,adaptation,12,fixed,-0.15,0.18,-0.6,-0.03882242115444202,-0.00237099893386068,-0.2142916089151026,nan,nan,nan,nan,0.14,False,True,
confirm_mixed_context,10157,frozen,adaptation,12,fixed,-0.15,0.18,-0.6,-0.07677301186938672,-0.020410692170521303,-0.1345148277043977,nan,nan,nan,nan,0.14,False,True,
confirm_mixed_context,10158,frozen,adaptation,12,fixed,-0.15,0.18,-0.6,-0.10596405909257167,-0.011787275449013973,-0.18262419110933267,nan,nan,nan,nan,0.14,False,True,
confirm_mixed_context,10159,frozen,adaptation,12,fixed,-0.15,0.18,-0.6,-0.05303286442173655,-0.007655728774950396,-0.19242554222942848,nan,nan,nan,nan,0.14,False,True,
confirm_mixed_context,10160,frozen,adaptation,12,fixed,-0.15,0.18,-0.6,-0.05531889106567017,0.015189441060521417,-0.16933217840407602,nan,nan,nan,nan,0.14,False,True,
confirm_mixed_context,10161,frozen,adaptation,12,fixed,-0.15,0.18,-0.6,-0.0876046371609504,-0.019447408883857705,-0.1775910671478488,nan,nan,nan,nan,0.14,False,True,
confirm_mixed_context,10162,frozen,adaptation,12,fixed,-0.15,0.18,-0.6,-0.07634939309745284,0.01830269090360382,-0.24424943755056408,nan,nan,nan,nan,0.14,False,True,
confirm_mixed_context,10163,frozen,adaptation,12,fixed,-0.15,0.18,-0.6,-0.09532296581553322,-0.008327083498205792,-0.1517552314499544,nan,nan,nan,nan,0.14,False,True,
confirm_mixed_context,10164,frozen,adaptation,12,fixed,-0.15,0.18,-0.6,-0.11758250798924554,0.0011396625352138251,-0.2481240024608011,nan,nan,nan,nan,0.14,False,True,
confirm_mixed_context,10165,frozen,adaptation,12,fixed,-0.15,0.18,-0.6,-0.10619857997131234,0.007722588960941319,-0.28006136631500045,nan,nan,nan,nan,0.14,False,True,
confirm_mixed_context,10166,frozen,adaptation,12,fixed,-0.15,0.18,-0.6,-0.10282198275636065,-0.013616925462619616,-0.19828287621954774,nan,nan,nan,nan,0.14,False,True,
confirm_mixed_context,10167,frozen,adaptation,12,fixed,-0.15,0.18,-0.6,-0.08556760752100127,-0.01178167818337569,-0.2547447138579241,nan,nan,nan,nan,0.14,False,True,
confirm_mixed_context,10168,frozen,adaptation,12,fixed,-0.15,0.18,-0.6,-0.019359562482203,0.04097840958453247,-0.3024768783992793,nan,nan,nan,nan,0.14,False,True,
confirm_mixed_context,10169,frozen,adaptation,12,fixed,-0.15,0.18,-0.6,-0.06613757040083075,-0.00035019852768191685,-0.22943353204641787,nan,nan,nan,nan,0.14,False,True,
confirm_mixed_context,10170,frozen,adaptation,12,fixed,-0.15,0.18,-0.6,-0.056528588080754984,-0.017668124347973484,-0.2773946558511512,nan,nan,nan,nan,0.14,False,True,
confirm_mixed_context,10171,frozen,adaptation,12,fixed,-0.15,0.18,-0.6,-0.06700320369093757,-0.02056387274385775,-0.2413718544057926,nan,nan,nan,nan,0.14,False,True,
confirm_mixed_context,10172,frozen,adaptation,12,fixed,-0.15,0.18,-0.6,-0.05989989037199555,-0.012478198534404513,-0.24055645752794277,nan,nan,nan,nan,0.14,False,True,
confirm_mixed_context,10101,frozen,validation,12,rolling_fixed_holdout,0.2,-0.18,0.3,0.07890045372031504,-0.04935107827564952,0.06611212448737258,0.19838855653692902,-0.1568597162200867,0.2806265561919805,0.1465027834716112,0.14,True,True,
confirm_mixed_context,10102,frozen,validation,12,rolling_fixed_holdout,0.2,-0.18,0.3,0.09406626890673138,-0.05482427304758836,0.061755405803095624,0.20778820296445502,-0.15887687252004934,0.2907964158587091,0.15139482836019122,0.14,False,True,
confirm_mixed_context,10103,frozen,validation,12,rolling_fixed_holdout,0.2,-0.18,0.3,0.09492876271189994,-0.06523382293873822,0.13271576459723916,0.20525760227177575,-0.16976378201365366,0.29548513314060143,0.1423457635166221,0.14,False,True,
confirm_mixed_context,10104,frozen,validation,12,rolling_fixed_holdout,0.2,-0.18,0.3,0.10867941096538733,-0.06060293186850251,0.088307063651266,0.20139324841481268,-0.1694980076421868,0.2867008749133292,0.15264344545030137,0.14,True,True,
confirm_mixed_context,10105,frozen,validation,12,rolling_fixed_holdout,0.2,-0.18,0.3,0.11290751798196692,-0.036802821662689944,0.11009261872190165,0.19506921439816088,-0.180392494428843,0.29515728377956746,0.1583086658064017,0.14,False,True,
confirm_mixed_context,10106,frozen,validation,12,rolling_fixed_holdout,0.2,-0.18,0.3,0.068108066754907,-0.05206128532782347,0.10043136094824759,0.19867126457662088,-0.17905482986211652,0.29360605809256296,0.16061099169531562,0.14,True,True,
confirm_mixed_context,10107,frozen,validation,12,rolling_fixed_holdout,0.2,-0.18,0.3,0.11053516284279759,-0.0515464662100233,0.13275135330104143,0.19767566191118172,-0.1645117155702171,0.27382322426315436,0.1411671170063889,0.14,True,True,
confirm_mixed_context,10108,frozen,validation,12,rolling_fixed_holdout,0.2,-0.18,0.3,0.1024584970778465,-0.05520658180328653,0.09840474050549643,0.20298179203254132,-0.16900254606297085,0.29237370309959937,0.15992027694123498,0.14,False,True,
confirm_mixed_context,10109,frozen,validation,12,rolling_fixed_holdout,0.2,-0.18,0.3,0.06661811760042491,-0.04379035400839441,0.02009735278087122,0.19472910608605543,-0.17726429680666653,0.29257765748648845,0.1611459200225909,0.14,False,True,
confirm_mixed_context,10110,frozen,validation,12,rolling_fixed_holdout,0.2,-0.18,0.3,0.0860466415896486,-0.037622815009820086,0.11817740702164378,0.20580972624299504,-0.17007334661906534,0.28957674884016377,0.14430914114674065,0.14,True,True,
confirm_mixed_context,10111,frozen,validation,12,rolling_fixed_holdout,0.2,-0.18,0.3,0.0992573668867492,-0.018923526799949443,0.1749811488976017,0.2003975744537589,-0.1753021298620244,0.28507423330145415,0.1409918995658606,0.14,True,True,
confirm_mixed_context,10112,frozen,validation,12,rolling_fixed_holdout,0.2,-0.18,0.3,0.10854131436897117,-0.0523335185058238,0.10340475325352047,0.20039053334642204,-0.17292830260506645,0.29529719030831303,0.15024426698983853,0.14,True,True,
confirm_mixed_context,10113,frozen,validation,12,rolling_fixed_holdout,0.2,-0.18,0.3,0.10670290796561617,-0.05680189843199234,0.16294874311077467,0.19438779331451955,-0.15660232339527314,0.29664843171543465,0.13211432511219542,0.14,True,True,
confirm_mixed_context,10114,frozen,validation,12,rolling_fixed_holdout,0.2,-0.18,0.3,0.10738595690602777,-0.05778019241020973,0.10158516616458667,0.21194156092327232,-0.1660438253910389,0.2899889960543935,0.14420800922732674,0.14,True,True,
confirm_mixed_context,10115,frozen,validation,12,rolling_fixed_holdout,0.2,-0.18,0.3,0.09141819190574492,-0.06464463525832366,0.08452434133989235,0.19884797066108523,-0.17832455700476124,0.2840978202702112,0.15642038466942018,0.14,False,True,
confirm_mixed_context,10116,frozen,validation,12,rolling_fixed_holdout,0.2,-0.18,0.3,0.05359836058359373,-0.05232458655329583,0.030267258417248623,0.20873843008699322,-0.1582658009719223,0.2739475247115178,0.1632283654869673,0.14,True,True,
confirm_mixed_context,10117,frozen,validation,12,rolling_fixed_holdout,0.2,-0.18,0.3,0.0837443876006736,-0.05965932750036945,0.10211027183524314,0.1948694696459415,-0.17999237316278244,0.2896470878156731,0.1532642578440017,0.14,True,True,
confirm_mixed_context,10118,frozen,validation,12,rolling_fixed_holdout,0.2,-0.18,0.3,0.08852358561210236,-0.040563420459255074,0.16422342421676348,0.2114983278398898,-0.17068489178394944,0.3029145540780919,0.14462838448384346,0.14,True,True,
confirm_mixed_context,10119,frozen,validation,12,rolling_fixed_holdout,0.2,-0.18,0.3,0.09996416474357257,-0.03176733085405353,0.16605642966402523,0.20599863496436216,-0.16867785208704225,0.27355969968109173,0.13133172277128285,0.14,True,True,
confirm_mixed_context,10120,frozen,validation,12,rolling_fixed_holdout,0.2,-0.18,0.3,0.11030205711519733,-0.06681258468359288,0.05591514084357119,0.19358391114212356,-0.15573865222648456,0.27841382937554243,0.14809143619029447,0.14,True,True,
confirm_mixed_context,10121,frozen,validation,12,rolling_fixed_holdout,0.2,-0.18,0.3,0.09255338706668799,-0.04831595549633918,0.10272318559533301,0.20659992538694766,-0.17633565396620432,0.2828406786501307,0.14721597736423847,0.14,False,True,
confirm_mixed_context,10122,frozen,validation,12,rolling_fixed_holdout,0.2,-0.18,0.3,0.0638339569759739,-0.050522095104802586,0.09612256044701978,0.2074076283535778,-0.17728196734360438,0.29206875124743903,0.1649331418995447,0.14,False,True,
confirm_mixed_context,10123,frozen,validation,12,rolling_fixed_holdout,0.2,-0.18,0.3,0.11735179746828611,-0.041712810065658926,0.1073577339979453,0.204171147340776,-0.16773156392060412,0.29057084659035504,0.15670254018045598,0.14,True,True,
confirm_mixed_context,10124,frozen,validation,12,rolling_fixed_holdout,0.2,-0.18,0.3,0.06329905779954309,-0.06162001705337143,0.09001954538617248,0.19897906848723285,-0.1819045793388793,0.29199033606638697,0.15097777265087275,0.14,False,True,
confirm_mixed_context,10125,frozen,validation,12,rolling_fixed_holdout,0.2,-0.18,0.3,0.10698999380609749,-0.060649362803987035,0.06480605678972383,0.20399852597069087,-0.17343284509138596,0.2850254243373064,0.1539292984915079,0.14,True,True,
confirm_mixed_context,10126,frozen,validation,12,rolling_fixed_holdout,0.2,-0.18,0.3,0.09179963268619307,-0.05734110026800671,0.08532735724359207,0.20724817604099527,-0.17218604480059763,0.29263559796486066,0.1499990921416027,0.14,True,True,
confirm_mixed_context,10127,frozen,validation,12,rolling_fixed_holdout,0.2,-0.18,0.3,0.0733344572298653,-0.054894723407868655,0.03630209415031859,0.20339746194596905,-0.1605970070740156,0.2845691665625527,0.16366663505144213,0.14,False,True,
confirm_mixed_context,10128,frozen,validation,12,rolling_fixed_holdout,0.2,-0.18,0.3,0.06584176477449817,-0.04707194921804185,0.09968778603830653,0.19375099742896143,-0.17045505617242174,0.2815600947866092,0.14732556573723962,0.14,False,True,
confirm_mixed_context,10129,frozen,validation,12,rolling_fixed_holdout,0.2,-0.18,0.3,0.11073153504284271,-0.04167277734181,0.15126084601644751,0.2111985283257854,-0.16534387922800065,0.27144299435448394,0.1314950910452016,0.14,True,True,
confirm_mixed_context,10130,frozen,validation,12,rolling_fixed_holdout,0.2,-0.18,0.3,0.07232849765649371,-0.04355483484380693,0.04696401021666969,0.20342238105697513,-0.1662935999858059,0.2808711982314564,0.15862665253279834,0.14,True,True,
confirm_mixed_context,10131,frozen,validation,12,rolling_fixed_holdout,0.2,-0.18,0.3,0.12601123315776513,-0.09696576679728716,0.1355589664445727,0.21061182100005826,-0.19090322217855005,0.2804997443756988,0.14523373356422434,0.14,False,True,
confirm_mixed_context,10132,frozen,validation,12,rolling_fixed_holdout,0.2,-0.18,0.3,0.06158378694536458,-0.03468717905584472,0.148393280561941,0.209820497042001,-0.15876263456497533,0.2786933883994139,0.12946839149316372,0.14,True,True,
confirm_mixed_context,10133,frozen,validation,12,rolling_fixed_holdout,0.2,-0.18,0.3,0.09358384067101559,-0.04819642666297442,0.06808507439895298,0.21596777246308102,-0.17959084273302361,0.28041605096022776,0.14840649901425237,0.14,True,True,
confirm_mixed_context,10134,frozen,validation,12,rolling_fixed_holdout,0.2,-0.18,0.3,0.07792669290367979,-0.05979489260234425,0.026209771355881817,0.19822994070810793,-0.16879182751799834,0.2988974207037886,0.15714544329088062,0.14,True,True,
confirm_mixed_context,10135,frozen,validation,12,rolling_fixed_holdout,0.2,-0.18,0.3,0.08831788739636792,-0.057959826700777366,0.07658787441201419,0.21531437068983036,-0.15794819108784997,0.2720061533440949,0.1472528130658086,0.14,True,True,
confirm_mixed_context,10136,frozen,validation,12,rolling_fixed_holdout,0.2,-0.18,0.3,0.12810499338306489,-0.06356366901732445,0.10492070195244772,0.1968126626496576,-0.16449414749998803,0.28518114234856257,0.1323585658737787,0.14,True,True,
confirm_mixed_context,10137,frozen,validation,12,rolling_fixed_holdout,0.2,-0.18,0.3,0.0945638761178293,-0.05099095771472778,0.09819786504406403,0.19421065854856392,-0.18944818730937013,0.2887552661529066,0.1458006423754821,0.14,True,True,
confirm_mixed_context,10138,frozen,validation,12,rolling_fixed_holdout,0.2,-0.18,0.3,0.11858622549417795,-0.06581666400133039,0.09833490098346298,0.18405426879574285,-0.17387921146776877,0.27376743048905205,0.14506754575351277,0.14,True,True,
confirm_mixed_context,10139,frozen,validation,12,rolling_fixed_holdout,0.2,-0.18,0.3,0.10305631693454091,-0.058429306816058235,0.07274065605073776,0.20854247980422183,-0.17630659965340348,0.30074427932921693,0.15800140681786523,0.14,False,True,
confirm_mixed_context,10140,frozen,validation,12,rolling_fixed_holdout,0.2,-0.18,0.3,0.08391715250956597,-0.061882821944636096,0.06657720400573226,0.19698163798214086,-0.15589074498582045,0.2858122103552448,0.1501955263651971,0.14,False,True,
confirm_mixed_context,10141,frozen,validation,12,rolling_fixed_holdout,0.2,-0.18,0.3,0.07258125179377078,-0.05645336382944992,0.03310490537445533,0.2011272609397015,-0.1793168156912727,0.28396291010536256,0.15886064258452437,0.14,False,True,
confirm_mixed_context,10142,frozen,validation,12,rolling_fixed_holdout,0.2,-0.18,0.3,0.08353528615960559,-0.05555535769618632,0.1000736533695707,0.21930386550498368,-0.16767664307565794,0.27990522486461933,0.12710062034900965,0.14,True,True,
confirm_mixed_context,10143,frozen,validation,12,rolling_fixed_holdout,0.2,-0.18,0.3,0.061740013264664516,-0.050377716603595205,0.08181848610431051,0.20181476481638513,-0.17806098180802615,0.28137955214708976,0.14338508633041797,0.075,False,True,
confirm_mixed_context,10144,frozen,validation,12,rolling_fixed_holdout,0.2,-0.18,0.3,0.05785064782286416,-0.06553830893108614,0.08395799665123252,0.19658636533677395,-0.1772780700455969,0.28137142453223646,0.14872557641300568,0.14,True,True,
confirm_mixed_context,10145,frozen,validation,12,rolling_fixed_holdout,0.2,-0.18,0.3,0.09762417687712388,-0.05066272438618954,0.05755026634950889,0.21706377881601172,-0.164772558040339,0.28725026252587527,0.15521572597534825,0.14,False,True,
confirm_mixed_context,10146,frozen,validation,12,rolling_fixed_holdout,0.2,-0.18,0.3,0.05470925660150303,-0.05247612227565753,0.09237905773884077,0.20920564282654103,-0.16393977519675557,0.29366327994473906,0.15421098616587803,0.14,True,True,
confirm_mixed_context,10147,frozen,validation,12,rolling_fixed_holdout,0.2,-0.18,0.3,0.10908672422650377,-0.036015220722341736,0.13568109001384865,0.20626553358502128,-0.1761494964914491,0.2861946181721794,0.15232640643534495,0.14,True,True,
confirm_mixed_context,10148,frozen,validation,12,rolling_fixed_holdout,0.2,-0.18,0.3,0.11233701371385656,-0.0564914477208645,0.06779410691649221,0.21863956664536033,-0.15903335899947385,0.29722365152864677,0.15103351622182856,0.14,False,True,
confirm_mixed_context,10149,frozen,validation,12,rolling_fixed_holdout,0.2,-0.18,0.3,0.0945805644106922,-0.059801967108633156,0.06155881495849542,0.2121633424860026,-0.1762368344048683,0.2913128771619333,0.1515767375592997,0.14,False,True,
confirm_mixed_context,10150,frozen,validation,12,rolling_fixed_holdout,0.2,-0.18,0.3,0.07970116575059852,-0.0484211882081216,0.03666667942075957,0.20007732485947896,-0.16730668442246494,0.2816578508244526,0.16028543792634392,0.14,True,True,
confirm_mixed_context,10151,frozen,validation,12,rolling_fixed_holdout,0.2,-0.18,0.3,0.05504288852786845,-0.06078356201986852,0.09745686310512235,0.20276835174707963,-0.17453640859156921,0.299122011104733,0.1690984946300329,0.14,False,True,
confirm_mixed_context,10152,frozen,validation,12,rolling_fixed_holdout,0.2,-0.18,0.3,0.08047311424381469,-0.058092066829025055,0.1318344196324449,0.19704415556248125,-0.16923122278592698,0.28145363583583227,0.14041893790080592,0.14,True,True,
confirm_mixed_context,10153,frozen,validation,12,rolling_fixed_holdout,0.2,-0.18,0.3,0.10780096003172698,-0.04513257772353939,0.11364075535319339,0.20978011983218572,-0.15941540773222537,0.28091537782048104,0.137308676304287,0.14,True,True,
confirm_mixed_context,10154,frozen,validation,12,rolling_fixed_holdout,0.2,-0.18,0.3,0.10695662229075255,-0.06137673962464875,0.12873713089927913,0.21428404670346413,-0.16956060373771964,0.2790195343279965,0.13665220252546814,0.14,True,True,
confirm_mixed_context,10155,frozen,validation,12,rolling_fixed_holdout,0.2,-0.18,0.3,0.09220920454204452,-0.07495335248370043,0.06551494487398367,0.19420288308433348,-0.15864533562384756,0.28112528962181227,0.14190077708451534,0.14,True,True,
confirm_mixed_context,10156,frozen,validation,12,rolling_fixed_holdout,0.2,-0.18,0.3,0.03792797002948495,-0.06380868042984247,0.040038659230744275,0.20037004821511958,-0.1746488900887386,0.27231160381824476,0.1544195275223305,0.14,False,True,
confirm_mixed_context,10157,frozen,validation,12,rolling_fixed_holdout,0.2,-0.18,0.3,0.056132384535768375,-0.04463442204585861,0.06101044367380352,0.21242256388373493,-0.16729654372683223,0.28704045502882025,0.16263954484804344,0.14,False,True,
confirm_mixed_context,10158,frozen,validation,12,rolling_fixed_holdout,0.2,-0.18,0.3,0.1262827597374958,-0.06421363174376185,0.11954612977480415,0.19867569803912657,-0.18467170874657543,0.28866708036408356,0.14486493270625436,0.14,True,True,
confirm_mixed_context,10159,frozen,validation,12,rolling_fixed_holdout,0.2,-0.18,0.3,0.036240759801993934,-0.06597299263896635,0.06444929394231586,0.2106175905454748,-0.1698004358581104,0.28243162219251294,0.1493740743068178,0.14,False,True,
confirm_mixed_context,10160,frozen,validation,12,rolling_fixed_holdout,0.2,-0.18,0.3,0.08869958781053983,-0.06527926839552495,0.12238722833715636,0.19715719263665035,-0.17274939428430658,0.29482562673027823,0.138723158698833,0.14,True,True,
confirm_mixed_context,10161,frozen,validation,12,rolling_fixed_holdout,0.2,-0.18,0.3,0.11798605622831848,-0.051631262284662846,0.1474569466257711,0.2053535010164141,-0.1769710766914755,0.28122748140060916,0.14069816965215737,0.14,True,True,
confirm_mixed_context,10162,frozen,validation,12,rolling_fixed_holdout,0.2,-0.18,0.3,0.1021299727059128,-0.06554990974229624,0.06321475270227907,0.21642791734444403,-0.17445377008418936,0.30445256202506177,0.16984578895642224,0.14,False,True,
confirm_mixed_context,10163,frozen,validation,12,rolling_fixed_holdout,0.2,-0.18,0.3,0.08854700729530302,-0.04406050814152479,0.027282853221631195,0.20598045243071628,-0.19300347431744336,0.2939288846040894,0.1615461478061332,0.14,False,True,
confirm_mixed_context,10164,frozen,validation,12,rolling_fixed_holdout,0.2,-0.18,0.3,0.13480258422738284,-0.07063174114625631,0.15632712317544725,0.20055138570225348,-0.1787503720933669,0.28673600259010157,0.13669717390685512,0.14,True,True,
confirm_mixed_context,10165,frozen,validation,12,rolling_fixed_holdout,0.2,-0.18,0.3,0.08629670489517338,-0.05561887698287963,0.11897682308307114,0.21246185422801953,-0.17770493415352606,0.2965817134435761,0.1345036976260429,0.14,True,True,
confirm_mixed_context,10166,frozen,validation,12,rolling_fixed_holdout,0.2,-0.18,0.3,0.14558125998006685,-0.04521225309746571,0.13797510314349642,0.19773937241007206,-0.17964101691454307,0.2860661728128481,0.14279232628432112,0.14,True,True,
confirm_mixed_context,10167,frozen,validation,12,rolling_fixed_holdout,0.2,-0.18,0.3,0.07760620921992445,-0.040882288326461895,0.13876775836312571,0.20800153227889628,-0.17071414716905742,0.28559495912860755,0.12642596915634,0.14,True,True,
confirm_mixed_context,10168,frozen,validation,12,rolling_fixed_holdout,0.2,-0.18,0.3,0.08033637416516878,-0.061967912152605754,0.06951825191923512,0.2118924439990719,-0.17159627263418425,0.27456053711155676,0.1400289100877103,0.14,True,True,
confirm_mixed_context,10169,frozen,validation,12,rolling_fixed_holdout,0.2,-0.18,0.3,0.08965732011459585,-0.0570825517610656,0.12601715700432295,0.20604938101513892,-0.16515087443635892,0.28179064750229865,0.12941190263366753,0.14,True,True,
confirm_mixed_context,10170,frozen,validation,12,rolling_fixed_holdout,0.2,-0.18,0.3,0.06345023009393909,-0.056331584948701885,0.12276021553764212,0.20171745906993366,-0.17185688377405306,0.28355170792136297,0.15223524809358469,0.14,False,True,
confirm_mixed_context,10171,frozen,validation,12,rolling_fixed_holdout,0.2,-0.18,0.3,0.0939851933014848,-0.03453578941355493,0.11311734865524956,0.2043137440908107,-0.18456912558452265,0.29003968931136487,0.14861182771861914,0.14,True,True,
confirm_mixed_context,10172,frozen,validation,12,rolling_fixed_holdout,0.2,-0.18,0.3,0.08739578776265045,-0.04412053163239536,0.11513405873922315,0.2058380500312365,-0.17510628066482517,0.2687762367207291,0.13419312861716282,0.14,True,True,
