Setup unitree ros2 environment
[go2:sport] connecting zmq: tcp://192.168.123.222:5596
[go2:sport] auto-selected interface: eth0
[go2:sport] ChannelFactoryInitialize iface=eth0
[go2:sport] SportClient ready
[go2:sport] joystick commands disabled for DCLP
[go2:sport] gait switch 'economic' success
[go2:sport] obstacle avoid disabled
[go2:sport] remote-command source forced to API
[go2:sport] cmd#1 seq=81 policy_v=0.000 policy_w=0.000 sent_v=0.000 sent_w=0.000 ret=0 dt=0.0ms move_ms=0.2 policy_zmq_lag=35.9ms
[go2:sport] cmd#2 seq=82 policy_v=0.000 policy_w=0.000 sent_v=0.000 sent_w=0.000 ret=0 dt=14.7ms move_ms=0.2 policy_zmq_lag=0.6ms
[go2:sport] cmd#3 seq=83 policy_v=0.000 policy_w=0.000 sent_v=0.000 sent_w=0.000 ret=0 dt=50.1ms move_ms=0.5 policy_zmq_lag=0.7ms
[go2:sport] cmd#4 seq=84 policy_v=0.000 policy_w=0.000 sent_v=0.000 sent_w=0.000 ret=0 dt=50.2ms move_ms=0.5 policy_zmq_lag=0.7ms
[go2:sport] cmd#5 seq=85 policy_v=0.000 policy_w=0.000 sent_v=0.000 sent_w=0.000 ret=0 dt=49.8ms move_ms=0.4 policy_zmq_lag=0.5ms
[go2:sport] cmd#6 seq=86 policy_v=0.000 policy_w=0.000 sent_v=0.000 sent_w=0.000 ret=0 dt=50.1ms move_ms=0.3 policy_zmq_lag=0.7ms
[go2:sport] cmd#7 seq=87 policy_v=0.000 policy_w=0.000 sent_v=0.000 sent_w=0.000 ret=0 dt=49.8ms move_ms=0.4 policy_zmq_lag=0.6ms
[go2:sport] cmd#8 seq=88 policy_v=0.000 policy_w=0.000 sent_v=0.000 sent_w=0.000 ret=0 dt=50.0ms move_ms=0.5 policy_zmq_lag=0.6ms
[go2:sport] cmd#9 seq=89 policy_v=0.000 policy_w=0.000 sent_v=0.000 sent_w=0.000 ret=0 dt=50.0ms move_ms=0.5 policy_zmq_lag=0.6ms
[go2:sport] cmd#10 seq=90 policy_v=0.000 policy_w=0.000 sent_v=0.000 sent_w=0.000 ret=0 dt=50.0ms move_ms=0.5 policy_zmq_lag=0.6ms
[go2:sport] cmd#11 seq=91 policy_v=0.000 policy_w=0.000 sent_v=0.000 sent_w=0.000 ret=0 dt=49.9ms move_ms=0.4 policy_zmq_lag=0.5ms
[go2:sport] cmd#12 seq=92 policy_v=0.000 policy_w=0.000 sent_v=0.000 sent_w=0.000 ret=0 dt=50.2ms move_ms=0.4 policy_zmq_lag=0.6ms
[go2:sport] cmd#13 seq=93 policy_v=0.000 policy_w=0.000 sent_v=0.000 sent_w=0.000 ret=0 dt=49.9ms move_ms=0.4 policy_zmq_lag=0.5ms
[go2:sport] cmd#14 seq=94 policy_v=0.000 policy_w=0.000 sent_v=0.000 sent_w=0.000 ret=0 dt=50.1ms move_ms=0.4 policy_zmq_lag=0.6ms
[go2:sport] cmd#15 seq=95 policy_v=0.000 policy_w=0.000 sent_v=0.000 sent_w=0.000 ret=0 dt=50.3ms move_ms=0.4 policy_zmq_lag=0.5ms
[go2:sport] cmd#16 seq=96 policy_v=0.000 policy_w=0.000 sent_v=0.000 sent_w=0.000 ret=0 dt=52.8ms move_ms=0.4 policy_zmq_lag=0.6ms
[go2:sport] cmd#17 seq=97 policy_v=0.000 policy_w=0.000 sent_v=0.000 sent_w=0.000 ret=0 dt=46.8ms move_ms=0.4 policy_zmq_lag=0.5ms
[go2:sport] cmd#18 seq=98 policy_v=0.000 policy_w=0.000 sent_v=0.000 sent_w=0.000 ret=0 dt=50.2ms move_ms=0.4 policy_zmq_lag=0.5ms
[go2:sport] cmd#19 seq=99 policy_v=0.000 policy_w=0.000 sent_v=0.000 sent_w=0.000 ret=0 dt=49.8ms move_ms=0.4 policy_zmq_lag=0.5ms
[go2:sport] cmd#20 seq=100 policy_v=0.000 policy_w=0.000 sent_v=0.000 sent_w=0.000 ret=0 dt=50.0ms move_ms=0.4 policy_zmq_lag=0.6ms
[go2:sport] cmd#21 seq=101 policy_v=0.000 policy_w=0.000 sent_v=0.000 sent_w=0.000 ret=0 dt=50.0ms move_ms=0.4 policy_zmq_lag=0.5ms
[go2:sport] cmd#22 seq=102 policy_v=0.000 policy_w=0.000 sent_v=0.000 sent_w=0.000 ret=0 dt=50.1ms move_ms=0.4 policy_zmq_lag=0.6ms
[go2:sport] cmd#23 seq=103 policy_v=0.000 policy_w=0.000 sent_v=0.000 sent_w=0.000 ret=0 dt=49.9ms move_ms=0.4 policy_zmq_lag=0.6ms
[go2:sport] cmd#24 seq=104 policy_v=0.000 policy_w=0.000 sent_v=0.000 sent_w=0.000 ret=0 dt=50.1ms move_ms=0.4 policy_zmq_lag=0.5ms
[go2:sport] cmd#25 seq=105 policy_v=0.000 policy_w=0.000 sent_v=0.000 sent_w=0.000 ret=0 dt=50.0ms move_ms=0.5 policy_zmq_lag=0.6ms
[go2:sport] cmd#26 seq=106 policy_v=0.000 policy_w=0.000 sent_v=0.000 sent_w=0.000 ret=0 dt=50.0ms move_ms=0.4 policy_zmq_lag=0.5ms
[go2:sport] cmd#27 seq=107 policy_v=0.000 policy_w=0.000 sent_v=0.000 sent_w=0.000 ret=0 dt=50.0ms move_ms=0.4 policy_zmq_lag=0.5ms
[go2:sport] cmd#28 seq=108 policy_v=0.000 policy_w=0.000 sent_v=0.000 sent_w=0.000 ret=0 dt=50.0ms move_ms=0.4 policy_zmq_lag=0.5ms
[go2:sport] cmd#29 seq=109 policy_v=0.000 policy_w=0.000 sent_v=0.000 sent_w=0.000 ret=0 dt=50.2ms move_ms=0.4 policy_zmq_lag=0.8ms
[go2:sport] cmd#30 seq=110 policy_v=0.000 policy_w=0.000 sent_v=0.000 sent_w=0.000 ret=0 dt=49.8ms move_ms=0.5 policy_zmq_lag=0.6ms
[go2:sport] cmd#31 seq=111 policy_v=0.000 policy_w=0.000 sent_v=0.000 sent_w=0.000 ret=0 dt=49.8ms move_ms=0.4 policy_zmq_lag=0.5ms
[go2:sport] cmd#32 seq=112 policy_v=0.000 policy_w=0.000 sent_v=0.000 sent_w=0.000 ret=0 dt=50.4ms move_ms=0.6 policy_zmq_lag=0.7ms
[go2:sport] cmd#33 seq=113 policy_v=0.000 policy_w=0.000 sent_v=0.000 sent_w=0.000 ret=0 dt=49.5ms move_ms=0.4 policy_zmq_lag=0.5ms
[go2:sport] cmd#34 seq=114 policy_v=0.000 policy_w=0.000 sent_v=0.000 sent_w=0.000 ret=0 dt=50.4ms move_ms=0.4 policy_zmq_lag=0.5ms
[go2:sport] cmd#35 seq=115 policy_v=0.000 policy_w=0.000 sent_v=0.000 sent_w=0.000 ret=0 dt=49.8ms move_ms=0.6 policy_zmq_lag=0.7ms
[go2:sport] cmd#36 seq=116 policy_v=0.000 policy_w=0.000 sent_v=0.000 sent_w=0.000 ret=0 dt=49.9ms move_ms=0.4 policy_zmq_lag=0.6ms
[go2:sport] cmd#37 seq=117 policy_v=0.000 policy_w=0.000 sent_v=0.000 sent_w=0.000 ret=0 dt=50.0ms move_ms=0.4 policy_zmq_lag=0.6ms
[go2:sport] cmd#38 seq=118 policy_v=0.000 policy_w=0.000 sent_v=0.000 sent_w=0.000 ret=0 dt=50.0ms move_ms=0.4 policy_zmq_lag=0.6ms
[go2:sport] cmd#39 seq=119 policy_v=0.000 policy_w=0.000 sent_v=0.000 sent_w=0.000 ret=0 dt=50.0ms move_ms=0.4 policy_zmq_lag=0.6ms
[go2:sport] cmd#40 seq=120 policy_v=0.000 policy_w=0.000 sent_v=0.000 sent_w=0.000 ret=0 dt=50.0ms move_ms=0.4 policy_zmq_lag=0.6ms
[go2:sport] cmd#41 seq=121 policy_v=0.000 policy_w=0.000 sent_v=0.000 sent_w=0.000 ret=0 dt=49.9ms move_ms=0.4 policy_zmq_lag=0.5ms
[go2:sport] cmd#42 seq=122 policy_v=0.000 policy_w=0.000 sent_v=0.000 sent_w=0.000 ret=0 dt=50.5ms move_ms=0.4 policy_zmq_lag=0.5ms
[go2:sport] cmd#43 seq=123 policy_v=0.000 policy_w=0.000 sent_v=0.000 sent_w=0.000 ret=0 dt=49.6ms move_ms=0.4 policy_zmq_lag=0.6ms
[go2:sport] cmd#44 seq=124 policy_v=0.000 policy_w=0.000 sent_v=0.000 sent_w=0.000 ret=0 dt=51.0ms move_ms=0.4 policy_zmq_lag=0.5ms
[go2:sport] cmd#45 seq=125 policy_v=0.000 policy_w=0.000 sent_v=0.000 sent_w=0.000 ret=0 dt=49.0ms move_ms=0.6 policy_zmq_lag=0.6ms
[go2:sport] cmd#46 seq=126 policy_v=0.000 policy_w=0.000 sent_v=0.000 sent_w=0.000 ret=0 dt=50.0ms move_ms=0.5 policy_zmq_lag=0.7ms
[go2:sport] cmd#47 seq=127 policy_v=0.000 policy_w=0.000 sent_v=0.000 sent_w=0.000 ret=0 dt=49.8ms move_ms=0.4 policy_zmq_lag=0.5ms
[go2:sport] cmd#48 seq=128 policy_v=0.000 policy_w=0.000 sent_v=0.000 sent_w=0.000 ret=0 dt=50.2ms move_ms=0.6 policy_zmq_lag=0.7ms
[go2:sport] cmd#49 seq=129 policy_v=0.000 policy_w=0.000 sent_v=0.000 sent_w=0.000 ret=0 dt=49.7ms move_ms=0.4 policy_zmq_lag=0.5ms
[go2:sport] cmd#50 seq=130 policy_v=0.000 policy_w=0.000 sent_v=0.000 sent_w=0.000 ret=0 dt=50.2ms move_ms=0.4 policy_zmq_lag=0.5ms
[go2:sport] cmd#51 seq=131 policy_v=0.000 policy_w=0.000 sent_v=0.000 sent_w=0.000 ret=0 dt=49.8ms move_ms=0.4 policy_zmq_lag=0.5ms
[go2:sport] cmd#52 seq=132 policy_v=0.000 policy_w=0.000 sent_v=0.000 sent_w=0.000 ret=0 dt=51.2ms move_ms=0.6 policy_zmq_lag=0.7ms
[go2:sport] cmd#53 seq=133 policy_v=0.000 policy_w=0.000 sent_v=0.000 sent_w=0.000 ret=0 dt=48.8ms move_ms=0.4 policy_zmq_lag=0.5ms
[go2:sport] cmd#54 seq=134 policy_v=0.000 policy_w=0.000 sent_v=0.000 sent_w=0.000 ret=0 dt=50.3ms move_ms=0.4 policy_zmq_lag=0.6ms
[go2:sport] cmd#55 seq=135 policy_v=0.000 policy_w=0.000 sent_v=0.000 sent_w=0.000 ret=0 dt=49.9ms move_ms=0.6 policy_zmq_lag=0.6ms
[go2:sport] cmd#56 seq=136 policy_v=0.000 policy_w=0.000 sent_v=0.000 sent_w=0.000 ret=0 dt=49.9ms move_ms=0.4 policy_zmq_lag=0.5ms
[go2:sport] cmd#57 seq=137 policy_v=0.000 policy_w=0.000 sent_v=0.000 sent_w=0.000 ret=0 dt=50.0ms move_ms=0.4 policy_zmq_lag=0.5ms
[go2:sport] cmd#58 seq=138 policy_v=0.000 policy_w=0.000 sent_v=0.000 sent_w=0.000 ret=0 dt=50.4ms move_ms=0.6 policy_zmq_lag=0.6ms
[go2:sport] cmd#59 seq=139 policy_v=0.000 policy_w=0.000 sent_v=0.000 sent_w=0.000 ret=0 dt=49.6ms move_ms=0.6 policy_zmq_lag=0.6ms
[go2:sport] cmd#60 seq=140 policy_v=0.000 policy_w=0.000 sent_v=0.000 sent_w=0.000 ret=0 dt=50.1ms move_ms=0.4 policy_zmq_lag=0.5ms
[go2:sport] cmd#61 seq=141 policy_v=0.000 policy_w=0.000 sent_v=0.000 sent_w=0.000 ret=0 dt=49.8ms move_ms=0.4 policy_zmq_lag=0.5ms
[go2:sport] cmd#62 seq=142 policy_v=0.000 policy_w=0.000 sent_v=0.000 sent_w=0.000 ret=0 dt=50.5ms move_ms=0.6 policy_zmq_lag=0.6ms
[go2:sport] cmd#63 seq=143 policy_v=0.000 policy_w=0.000 sent_v=0.000 sent_w=0.000 ret=0 dt=49.6ms move_ms=0.4 policy_zmq_lag=0.6ms
[go2:sport] cmd#64 seq=144 policy_v=0.000 policy_w=0.000 sent_v=0.000 sent_w=0.000 ret=0 dt=49.9ms move_ms=0.4 policy_zmq_lag=0.5ms
[go2:sport] cmd#65 seq=145 policy_v=0.000 policy_w=0.000 sent_v=0.000 sent_w=0.000 ret=0 dt=50.0ms move_ms=0.4 policy_zmq_lag=0.5ms
[go2:sport] cmd#66 seq=146 policy_v=0.000 policy_w=0.000 sent_v=0.000 sent_w=0.000 ret=0 dt=50.3ms move_ms=0.5 policy_zmq_lag=0.7ms
[go2:sport] cmd#67 seq=147 policy_v=0.000 policy_w=0.000 sent_v=0.000 sent_w=0.000 ret=0 dt=49.7ms move_ms=0.4 policy_zmq_lag=0.5ms
[go2:sport] cmd#68 seq=148 policy_v=0.000 policy_w=0.000 sent_v=0.000 sent_w=0.000 ret=0 dt=50.2ms move_ms=0.6 policy_zmq_lag=0.7ms
[go2:sport] cmd#69 seq=149 policy_v=0.000 policy_w=0.000 sent_v=0.000 sent_w=0.000 ret=0 dt=49.9ms move_ms=0.6 policy_zmq_lag=0.7ms
[go2:sport] cmd#70 seq=150 policy_v=0.000 policy_w=0.000 sent_v=0.000 sent_w=0.000 ret=0 dt=50.8ms move_ms=0.4 policy_zmq_lag=0.6ms
[go2:sport] cmd#71 seq=151 policy_v=0.000 policy_w=0.000 sent_v=0.000 sent_w=0.000 ret=0 dt=49.1ms move_ms=0.6 policy_zmq_lag=0.6ms
[go2:sport] cmd#72 seq=152 policy_v=0.000 policy_w=0.000 sent_v=0.000 sent_w=0.000 ret=0 dt=50.5ms move_ms=0.4 policy_zmq_lag=0.5ms
[go2:sport] cmd#73 seq=153 policy_v=0.000 policy_w=0.000 sent_v=0.000 sent_w=0.000 ret=0 dt=49.5ms move_ms=0.4 policy_zmq_lag=0.5ms
[go2:sport] cmd#74 seq=154 policy_v=0.000 policy_w=0.000 sent_v=0.000 sent_w=0.000 ret=0 dt=50.0ms move_ms=0.4 policy_zmq_lag=0.6ms
[go2:sport] cmd#75 seq=155 policy_v=0.000 policy_w=0.000 sent_v=0.000 sent_w=0.000 ret=0 dt=49.9ms move_ms=0.4 policy_zmq_lag=0.5ms
[go2:sport] cmd#76 seq=156 policy_v=0.000 policy_w=0.000 sent_v=0.000 sent_w=0.000 ret=0 dt=50.1ms move_ms=0.4 policy_zmq_lag=0.5ms
[go2:sport] cmd#77 seq=157 policy_v=0.000 policy_w=0.000 sent_v=0.000 sent_w=0.000 ret=0 dt=50.5ms move_ms=0.4 policy_zmq_lag=0.5ms
[go2:sport] cmd#78 seq=158 policy_v=0.000 policy_w=0.000 sent_v=0.000 sent_w=0.000 ret=0 dt=50.3ms move_ms=0.4 policy_zmq_lag=0.5ms
[go2:sport] cmd#79 seq=159 policy_v=0.000 policy_w=0.000 sent_v=0.000 sent_w=0.000 ret=0 dt=49.2ms move_ms=0.4 policy_zmq_lag=0.6ms
[go2:sport] cmd#80 seq=160 policy_v=0.000 policy_w=0.000 sent_v=0.000 sent_w=0.000 ret=0 dt=50.0ms move_ms=0.4 policy_zmq_lag=0.5ms
[go2:sport] cmd#81 seq=161 policy_v=0.000 policy_w=0.000 sent_v=0.000 sent_w=0.000 ret=0 dt=50.2ms move_ms=0.5 policy_zmq_lag=0.7ms
[go2:sport] cmd#82 seq=162 policy_v=0.000 policy_w=0.000 sent_v=0.000 sent_w=0.000 ret=0 dt=49.7ms move_ms=0.4 policy_zmq_lag=0.6ms
[go2:sport] cmd#83 seq=163 policy_v=0.000 policy_w=0.000 sent_v=0.000 sent_w=0.000 ret=0 dt=50.0ms move_ms=0.6 policy_zmq_lag=0.6ms
[go2:sport] cmd#84 seq=164 policy_v=0.000 policy_w=0.000 sent_v=0.000 sent_w=0.000 ret=0 dt=50.9ms move_ms=0.4 policy_zmq_lag=0.5ms
[go2:sport] cmd#85 seq=165 policy_v=0.000 policy_w=0.000 sent_v=0.000 sent_w=0.000 ret=0 dt=49.7ms move_ms=0.4 policy_zmq_lag=0.5ms
[go2:sport] cmd#86 seq=166 policy_v=0.000 policy_w=0.000 sent_v=0.000 sent_w=0.000 ret=0 dt=49.5ms move_ms=0.4 policy_zmq_lag=0.6ms
[go2:sport] cmd#87 seq=167 policy_v=0.000 policy_w=0.000 sent_v=0.000 sent_w=0.000 ret=0 dt=49.9ms move_ms=0.4 policy_zmq_lag=0.5ms
[go2:sport] cmd#88 seq=168 policy_v=0.000 policy_w=0.000 sent_v=0.000 sent_w=0.000 ret=0 dt=50.4ms move_ms=0.4 policy_zmq_lag=0.6ms
[go2:sport] cmd#89 seq=169 policy_v=0.000 policy_w=0.000 sent_v=0.000 sent_w=0.000 ret=0 dt=49.7ms move_ms=0.5 policy_zmq_lag=0.6ms
[go2:sport] cmd#90 seq=170 policy_v=0.000 policy_w=0.000 sent_v=0.000 sent_w=0.000 ret=0 dt=49.9ms move_ms=0.4 policy_zmq_lag=0.6ms
[go2:sport] cmd#91 seq=171 policy_v=0.000 policy_w=0.000 sent_v=0.000 sent_w=0.000 ret=0 dt=50.1ms move_ms=0.4 policy_zmq_lag=0.5ms
[go2:sport] cmd#92 seq=172 policy_v=0.000 policy_w=0.000 sent_v=0.000 sent_w=0.000 ret=0 dt=50.4ms move_ms=0.4 policy_zmq_lag=0.5ms
[go2:sport] cmd#93 seq=173 policy_v=0.000 policy_w=0.000 sent_v=0.000 sent_w=0.000 ret=0 dt=49.4ms move_ms=0.4 policy_zmq_lag=0.5ms
[go2:sport] cmd#94 seq=174 policy_v=0.000 policy_w=0.000 sent_v=0.000 sent_w=0.000 ret=0 dt=50.3ms move_ms=0.5 policy_zmq_lag=0.6ms
[go2:sport] cmd#95 seq=175 policy_v=0.000 policy_w=0.000 sent_v=0.000 sent_w=0.000 ret=0 dt=49.9ms move_ms=0.4 policy_zmq_lag=0.5ms
[go2:sport] cmd#96 seq=176 policy_v=0.000 policy_w=0.000 sent_v=0.000 sent_w=0.000 ret=0 dt=50.6ms move_ms=0.4 policy_zmq_lag=0.6ms
[go2:sport] cmd#97 seq=177 policy_v=0.000 policy_w=0.000 sent_v=0.000 sent_w=0.000 ret=0 dt=49.4ms move_ms=0.4 policy_zmq_lag=0.6ms
[go2:sport] cmd#98 seq=178 policy_v=0.000 policy_w=0.000 sent_v=0.000 sent_w=0.000 ret=0 dt=50.0ms move_ms=0.5 policy_zmq_lag=0.6ms
[go2:sport] cmd#99 seq=179 policy_v=0.000 policy_w=0.000 sent_v=0.000 sent_w=0.000 ret=0 dt=50.0ms move_ms=0.4 policy_zmq_lag=0.5ms
[go2:sport] cmd#100 seq=180 policy_v=0.000 policy_w=0.000 sent_v=0.000 sent_w=0.000 ret=0 dt=50.0ms move_ms=0.4 policy_zmq_lag=0.5ms
[go2:sport] cmd#101 seq=181 policy_v=0.000 policy_w=0.000 sent_v=0.000 sent_w=0.000 ret=0 dt=49.9ms move_ms=0.4 policy_zmq_lag=0.6ms
[go2:sport] cmd#102 seq=182 policy_v=0.000 policy_w=0.000 sent_v=0.000 sent_w=0.000 ret=0 dt=50.3ms move_ms=0.4 policy_zmq_lag=0.6ms
[go2:sport] cmd#103 seq=183 policy_v=0.000 policy_w=0.000 sent_v=0.000 sent_w=0.000 ret=0 dt=49.7ms move_ms=0.4 policy_zmq_lag=0.6ms
[go2:sport] cmd#104 seq=184 policy_v=0.000 policy_w=0.000 sent_v=0.000 sent_w=0.000 ret=0 dt=50.3ms move_ms=0.4 policy_zmq_lag=0.5ms
[go2:sport] cmd#105 seq=185 policy_v=0.000 policy_w=0.000 sent_v=0.000 sent_w=0.000 ret=0 dt=50.2ms move_ms=0.4 policy_zmq_lag=0.6ms
[go2:sport] cmd#106 seq=186 policy_v=0.000 policy_w=0.000 sent_v=0.000 sent_w=0.000 ret=0 dt=49.5ms move_ms=0.4 policy_zmq_lag=0.5ms
[go2:sport] cmd#107 seq=187 policy_v=0.000 policy_w=0.000 sent_v=0.000 sent_w=0.000 ret=0 dt=50.3ms move_ms=0.4 policy_zmq_lag=0.5ms
[go2:sport] cmd#108 seq=188 policy_v=0.000 policy_w=0.000 sent_v=0.000 sent_w=0.000 ret=0 dt=49.9ms move_ms=0.4 policy_zmq_lag=0.6ms
[go2:sport] cmd#109 seq=189 policy_v=0.000 policy_w=0.000 sent_v=0.000 sent_w=0.000 ret=0 dt=50.6ms move_ms=0.4 policy_zmq_lag=0.5ms
[go2:sport] cmd#110 seq=190 policy_v=0.000 policy_w=0.000 sent_v=0.000 sent_w=0.000 ret=0 dt=49.4ms move_ms=0.4 policy_zmq_lag=0.5ms
[go2:sport] cmd#111 seq=191 policy_v=0.000 policy_w=0.000 sent_v=0.000 sent_w=0.000 ret=0 dt=49.8ms move_ms=0.4 policy_zmq_lag=0.5ms
[go2:sport] cmd#112 seq=192 policy_v=0.000 policy_w=0.000 sent_v=0.000 sent_w=0.000 ret=0 dt=50.2ms move_ms=0.5 policy_zmq_lag=0.5ms
[go2:sport] cmd#113 seq=193 policy_v=0.000 policy_w=0.000 sent_v=0.000 sent_w=0.000 ret=0 dt=50.6ms move_ms=0.4 policy_zmq_lag=0.5ms
[go2:sport] cmd#114 seq=194 policy_v=0.000 policy_w=0.000 sent_v=0.000 sent_w=0.000 ret=0 dt=49.4ms move_ms=0.4 policy_zmq_lag=0.6ms
[go2:sport] cmd#115 seq=195 policy_v=0.000 policy_w=0.000 sent_v=0.000 sent_w=0.000 ret=0 dt=49.6ms move_ms=0.4 policy_zmq_lag=0.5ms
[go2:sport] cmd#116 seq=196 policy_v=0.000 policy_w=0.000 sent_v=0.000 sent_w=0.000 ret=0 dt=51.7ms move_ms=0.4 policy_zmq_lag=0.6ms
[go2:sport] cmd#117 seq=197 policy_v=0.000 policy_w=0.000 sent_v=0.000 sent_w=0.000 ret=0 dt=48.4ms move_ms=0.4 policy_zmq_lag=0.5ms
[go2:sport] cmd#118 seq=198 policy_v=0.000 policy_w=0.000 sent_v=0.000 sent_w=0.000 ret=0 dt=50.1ms move_ms=0.4 policy_zmq_lag=0.6ms
[go2:sport] cmd#119 seq=199 policy_v=0.000 policy_w=0.000 sent_v=0.000 sent_w=0.000 ret=0 dt=49.9ms move_ms=0.4 policy_zmq_lag=0.5ms
[go2:sport] cmd#120 seq=200 policy_v=0.000 policy_w=0.000 sent_v=0.000 sent_w=0.000 ret=0 dt=50.3ms move_ms=0.4 policy_zmq_lag=0.5ms
[go2:sport] cmd#121 seq=201 policy_v=0.000 policy_w=0.000 sent_v=0.000 sent_w=0.000 ret=0 dt=50.3ms move_ms=0.4 policy_zmq_lag=0.5ms
[go2:sport] cmd#122 seq=202 policy_v=0.000 policy_w=0.000 sent_v=0.000 sent_w=0.000 ret=0 dt=49.7ms move_ms=0.4 policy_zmq_lag=0.6ms
[go2:sport] cmd#123 seq=203 policy_v=0.000 policy_w=0.000 sent_v=0.000 sent_w=0.000 ret=0 dt=50.3ms move_ms=0.4 policy_zmq_lag=0.5ms
[go2:sport] cmd#124 seq=204 policy_v=0.000 policy_w=0.000 sent_v=0.000 sent_w=0.000 ret=0 dt=49.5ms move_ms=0.4 policy_zmq_lag=0.6ms
[go2:sport] cmd#125 seq=205 policy_v=0.000 policy_w=0.000 sent_v=0.000 sent_w=0.000 ret=0 dt=49.7ms move_ms=0.4 policy_zmq_lag=0.6ms
[go2:sport] cmd#126 seq=206 policy_v=0.000 policy_w=0.000 sent_v=0.000 sent_w=0.000 ret=0 dt=50.3ms move_ms=0.4 policy_zmq_lag=0.6ms
[go2:sport] cmd#127 seq=207 policy_v=0.000 policy_w=0.000 sent_v=0.000 sent_w=0.000 ret=0 dt=49.6ms move_ms=0.4 policy_zmq_lag=0.5ms
[go2:sport] cmd#128 seq=208 policy_v=0.000 policy_w=0.000 sent_v=0.000 sent_w=0.000 ret=0 dt=50.4ms move_ms=0.4 policy_zmq_lag=0.6ms
[go2:sport] cmd#129 seq=209 policy_v=0.000 policy_w=0.000 sent_v=0.000 sent_w=0.000 ret=0 dt=50.3ms move_ms=0.4 policy_zmq_lag=0.5ms
[go2:sport] cmd#130 seq=210 policy_v=0.000 policy_w=0.000 sent_v=0.000 sent_w=0.000 ret=0 dt=49.6ms move_ms=0.4 policy_zmq_lag=0.6ms
[go2:sport] cmd#131 seq=211 policy_v=0.000 policy_w=0.000 sent_v=0.000 sent_w=0.000 ret=0 dt=50.3ms move_ms=0.4 policy_zmq_lag=0.6ms
[go2:sport] cmd#132 seq=212 policy_v=0.000 policy_w=0.000 sent_v=0.000 sent_w=0.000 ret=0 dt=50.1ms move_ms=0.5 policy_zmq_lag=0.6ms
[go2:sport] cmd#133 seq=213 policy_v=0.000 policy_w=0.000 sent_v=0.000 sent_w=0.000 ret=0 dt=50.0ms move_ms=0.4 policy_zmq_lag=0.6ms
[go2:sport] cmd#134 seq=214 policy_v=0.000 policy_w=0.000 sent_v=0.000 sent_w=0.000 ret=0 dt=49.6ms move_ms=0.4 policy_zmq_lag=0.6ms
[go2:sport] cmd#135 seq=215 policy_v=0.000 policy_w=0.000 sent_v=0.000 sent_w=0.000 ret=0 dt=50.2ms move_ms=0.4 policy_zmq_lag=0.5ms
[go2:sport] cmd#136 seq=216 policy_v=0.000 policy_w=0.000 sent_v=0.000 sent_w=0.000 ret=0 dt=50.2ms move_ms=0.4 policy_zmq_lag=0.6ms
[go2:sport] cmd#137 seq=217 policy_v=0.000 policy_w=0.000 sent_v=0.000 sent_w=0.000 ret=0 dt=49.8ms move_ms=0.4 policy_zmq_lag=0.5ms
[go2:sport] cmd#138 seq=218 policy_v=0.000 policy_w=0.000 sent_v=0.000 sent_w=0.000 ret=0 dt=49.7ms move_ms=0.4 policy_zmq_lag=0.5ms
[go2:sport] cmd#139 seq=219 policy_v=0.000 policy_w=0.000 sent_v=0.000 sent_w=0.000 ret=0 dt=50.3ms move_ms=0.4 policy_zmq_lag=0.6ms
[go2:sport] cmd#140 seq=220 policy_v=0.000 policy_w=0.000 sent_v=0.000 sent_w=0.000 ret=0 dt=49.4ms move_ms=0.4 policy_zmq_lag=0.5ms
[go2:sport] cmd#141 seq=221 policy_v=0.000 policy_w=0.000 sent_v=0.000 sent_w=0.000 ret=0 dt=49.9ms move_ms=0.4 policy_zmq_lag=0.5ms
[go2:sport] cmd#142 seq=222 policy_v=0.000 policy_w=0.000 sent_v=0.000 sent_w=0.000 ret=0 dt=50.4ms move_ms=0.4 policy_zmq_lag=0.6ms
[go2:sport] cmd#143 seq=223 policy_v=0.000 policy_w=0.000 sent_v=0.000 sent_w=0.000 ret=0 dt=49.7ms move_ms=0.4 policy_zmq_lag=0.5ms
[go2:sport] cmd#144 seq=224 policy_v=0.000 policy_w=0.000 sent_v=0.000 sent_w=0.000 ret=0 dt=50.5ms move_ms=0.4 policy_zmq_lag=0.5ms
[go2:sport] cmd#145 seq=225 policy_v=0.000 policy_w=0.000 sent_v=0.000 sent_w=0.000 ret=0 dt=50.3ms move_ms=0.4 policy_zmq_lag=0.5ms
[go2:sport] cmd#146 seq=226 policy_v=0.000 policy_w=0.000 sent_v=0.000 sent_w=0.000 ret=0 dt=49.4ms move_ms=0.4 policy_zmq_lag=0.5ms
[go2:sport] cmd#147 seq=227 policy_v=0.000 policy_w=0.000 sent_v=0.000 sent_w=0.000 ret=0 dt=51.2ms move_ms=0.4 policy_zmq_lag=0.6ms
[go2:sport] cmd#148 seq=228 policy_v=0.000 policy_w=0.000 sent_v=0.000 sent_w=0.000 ret=0 dt=49.0ms move_ms=0.4 policy_zmq_lag=0.6ms
[go2:sport] cmd#149 seq=229 policy_v=0.000 policy_w=0.000 sent_v=0.000 sent_w=0.000 ret=0 dt=49.7ms move_ms=0.4 policy_zmq_lag=0.5ms
[go2:sport] cmd#150 seq=230 policy_v=0.000 policy_w=0.000 sent_v=0.000 sent_w=0.000 ret=0 dt=51.3ms move_ms=0.4 policy_zmq_lag=1.0ms
[go2:sport] cmd#151 seq=231 policy_v=0.000 policy_w=0.000 sent_v=0.000 sent_w=0.000 ret=0 dt=48.7ms move_ms=0.4 policy_zmq_lag=0.6ms
[go2:sport] cmd#152 seq=232 policy_v=0.000 policy_w=0.000 sent_v=0.000 sent_w=0.000 ret=0 dt=49.9ms move_ms=0.4 policy_zmq_lag=0.5ms
[go2:sport] cmd#153 seq=233 policy_v=0.000 policy_w=0.000 sent_v=0.000 sent_w=0.000 ret=0 dt=50.3ms move_ms=0.4 policy_zmq_lag=0.5ms
[go2:sport] cmd#154 seq=234 policy_v=0.000 policy_w=0.000 sent_v=0.000 sent_w=0.000 ret=0 dt=49.8ms move_ms=0.4 policy_zmq_lag=0.5ms
[go2:sport] cmd#155 seq=235 policy_v=0.000 policy_w=0.000 sent_v=0.000 sent_w=0.000 ret=0 dt=50.6ms move_ms=0.6 policy_zmq_lag=0.7ms
[go2:sport] cmd#156 seq=236 policy_v=0.000 policy_w=0.000 sent_v=0.000 sent_w=0.000 ret=0 dt=49.3ms move_ms=0.4 policy_zmq_lag=0.6ms
[go2:sport] cmd#157 seq=237 policy_v=0.000 policy_w=0.000 sent_v=0.000 sent_w=0.000 ret=0 dt=50.4ms move_ms=0.3 policy_zmq_lag=0.5ms
[go2:sport] cmd#158 seq=238 policy_v=0.000 policy_w=0.000 sent_v=0.000 sent_w=0.000 ret=0 dt=49.5ms move_ms=0.4 policy_zmq_lag=0.6ms
[go2:sport] cmd#159 seq=239 policy_v=0.000 policy_w=0.000 sent_v=0.000 sent_w=0.000 ret=0 dt=50.5ms move_ms=0.4 policy_zmq_lag=0.5ms
[go2:sport] cmd#160 seq=240 policy_v=0.000 policy_w=0.000 sent_v=0.000 sent_w=0.000 ret=0 dt=49.6ms move_ms=0.4 policy_zmq_lag=0.6ms
[go2:sport] cmd#161 seq=241 policy_v=0.000 policy_w=0.000 sent_v=0.000 sent_w=0.000 ret=0 dt=50.2ms move_ms=0.4 policy_zmq_lag=0.5ms
[go2:sport] cmd#162 seq=242 policy_v=0.000 policy_w=0.000 sent_v=0.000 sent_w=0.000 ret=0 dt=50.5ms move_ms=0.4 policy_zmq_lag=0.6ms
[go2:sport] cmd#163 seq=243 policy_v=0.000 policy_w=0.000 sent_v=0.000 sent_w=0.000 ret=0 dt=49.6ms move_ms=0.4 policy_zmq_lag=0.5ms
[go2:sport] cmd#164 seq=244 policy_v=0.000 policy_w=0.000 sent_v=0.000 sent_w=0.000 ret=0 dt=50.0ms move_ms=0.4 policy_zmq_lag=0.6ms
[go2:sport] cmd#165 seq=245 policy_v=0.000 policy_w=0.000 sent_v=0.000 sent_w=0.000 ret=0 dt=50.3ms move_ms=0.4 policy_zmq_lag=0.6ms
[go2:sport] cmd#166 seq=246 policy_v=0.000 policy_w=0.000 sent_v=0.000 sent_w=0.000 ret=0 dt=49.6ms move_ms=0.4 policy_zmq_lag=0.6ms
[go2:sport] cmd#167 seq=247 policy_v=0.000 policy_w=0.000 sent_v=0.000 sent_w=0.000 ret=0 dt=50.1ms move_ms=0.5 policy_zmq_lag=0.5ms
[go2:sport] cmd#168 seq=248 policy_v=0.000 policy_w=0.000 sent_v=0.000 sent_w=0.000 ret=0 dt=49.7ms move_ms=0.4 policy_zmq_lag=0.5ms
[go2:sport] cmd#169 seq=249 policy_v=0.000 policy_w=0.000 sent_v=0.000 sent_w=0.000 ret=0 dt=49.8ms move_ms=0.4 policy_zmq_lag=0.5ms
[go2:sport] cmd#170 seq=250 policy_v=0.000 policy_w=0.000 sent_v=0.000 sent_w=0.000 ret=0 dt=51.0ms move_ms=0.4 policy_zmq_lag=0.6ms
[go2:sport] cmd#171 seq=251 policy_v=0.000 policy_w=0.000 sent_v=0.000 sent_w=0.000 ret=0 dt=49.9ms move_ms=0.8 policy_zmq_lag=0.7ms
[go2:sport] cmd#172 seq=252 policy_v=0.000 policy_w=0.000 sent_v=0.000 sent_w=0.000 ret=0 dt=50.0ms move_ms=0.8 policy_zmq_lag=0.6ms
[go2:sport] cmd#173 seq=253 policy_v=0.000 policy_w=0.000 sent_v=0.000 sent_w=0.000 ret=0 dt=49.6ms move_ms=0.5 policy_zmq_lag=0.5ms
[go2:sport] cmd#174 seq=254 policy_v=0.000 policy_w=0.000 sent_v=0.000 sent_w=0.000 ret=0 dt=50.4ms move_ms=0.4 policy_zmq_lag=0.6ms
[go2:sport] cmd#175 seq=255 policy_v=0.000 policy_w=0.000 sent_v=0.000 sent_w=0.000 ret=0 dt=50.4ms move_ms=0.4 policy_zmq_lag=0.5ms
[go2:sport] cmd#176 seq=256 policy_v=0.000 policy_w=0.000 sent_v=0.000 sent_w=0.000 ret=0 dt=49.2ms move_ms=0.4 policy_zmq_lag=0.6ms
[go2:sport] cmd#177 seq=257 policy_v=0.000 policy_w=0.000 sent_v=0.000 sent_w=0.000 ret=0 dt=50.3ms move_ms=0.4 policy_zmq_lag=0.5ms
[go2:sport] cmd#178 seq=258 policy_v=0.000 policy_w=0.000 sent_v=0.000 sent_w=0.000 ret=0 dt=49.3ms move_ms=0.4 policy_zmq_lag=0.5ms
[go2:sport] cmd#179 seq=259 policy_v=0.000 policy_w=0.000 sent_v=0.000 sent_w=0.000 ret=0 dt=50.6ms move_ms=0.4 policy_zmq_lag=0.6ms
[go2:sport] cmd#180 seq=260 policy_v=0.000 policy_w=0.000 sent_v=0.000 sent_w=0.000 ret=0 dt=49.7ms move_ms=0.4 policy_zmq_lag=0.6ms
[go2:sport] cmd#181 seq=261 policy_v=0.000 policy_w=0.000 sent_v=0.000 sent_w=0.000 ret=0 dt=50.5ms move_ms=0.4 policy_zmq_lag=0.5ms
[go2:sport] cmd#182 seq=262 policy_v=0.000 policy_w=0.000 sent_v=0.000 sent_w=0.000 ret=0 dt=49.4ms move_ms=0.4 policy_zmq_lag=0.6ms
[go2:sport] cmd#183 seq=263 policy_v=0.000 policy_w=0.000 sent_v=0.000 sent_w=0.000 ret=0 dt=50.2ms move_ms=0.4 policy_zmq_lag=0.5ms
[go2:sport] cmd#184 seq=264 policy_v=0.000 policy_w=0.000 sent_v=0.000 sent_w=0.000 ret=0 dt=50.3ms move_ms=0.4 policy_zmq_lag=0.5ms
[go2:sport] cmd#185 seq=265 policy_v=0.000 policy_w=0.000 sent_v=0.000 sent_w=0.000 ret=0 dt=49.3ms move_ms=0.4 policy_zmq_lag=0.5ms
[go2:sport] cmd#186 seq=266 policy_v=0.000 policy_w=0.000 sent_v=0.000 sent_w=0.000 ret=0 dt=50.3ms move_ms=0.4 policy_zmq_lag=0.6ms
[go2:sport] cmd#187 seq=267 policy_v=0.000 policy_w=0.000 sent_v=0.000 sent_w=0.000 ret=0 dt=49.8ms move_ms=0.4 policy_zmq_lag=0.6ms
[go2:sport] cmd#188 seq=268 policy_v=0.000 policy_w=0.000 sent_v=0.000 sent_w=0.000 ret=0 dt=50.2ms move_ms=0.5 policy_zmq_lag=0.7ms
[go2:sport] cmd#189 seq=269 policy_v=0.000 policy_w=0.000 sent_v=0.000 sent_w=0.000 ret=0 dt=50.1ms move_ms=0.4 policy_zmq_lag=0.5ms
[go2:sport] cmd#190 seq=270 policy_v=0.000 policy_w=0.000 sent_v=0.000 sent_w=0.000 ret=0 dt=50.2ms move_ms=0.4 policy_zmq_lag=0.6ms
[go2:sport] cmd#191 seq=271 policy_v=0.000 policy_w=0.000 sent_v=0.000 sent_w=0.000 ret=0 dt=51.2ms move_ms=0.4 policy_zmq_lag=0.7ms
[go2:sport] cmd#192 seq=272 policy_v=0.000 policy_w=0.000 sent_v=0.000 sent_w=0.000 ret=0 dt=49.0ms move_ms=0.4 policy_zmq_lag=0.5ms
[go2:sport] cmd#193 seq=273 policy_v=0.000 policy_w=0.000 sent_v=0.000 sent_w=0.000 ret=0 dt=49.3ms move_ms=0.4 policy_zmq_lag=0.6ms
[go2:sport] cmd#194 seq=274 policy_v=0.000 policy_w=0.000 sent_v=0.000 sent_w=0.000 ret=0 dt=50.7ms move_ms=0.4 policy_zmq_lag=0.5ms
[go2:sport] cmd#195 seq=275 policy_v=0.000 policy_w=0.000 sent_v=0.000 sent_w=0.000 ret=0 dt=49.5ms move_ms=0.4 policy_zmq_lag=0.5ms
[go2:sport] cmd#196 seq=276 policy_v=0.000 policy_w=0.000 sent_v=0.000 sent_w=0.000 ret=0 dt=49.8ms move_ms=0.4 policy_zmq_lag=0.5ms
[go2:sport] cmd#197 seq=277 policy_v=0.000 policy_w=0.000 sent_v=0.000 sent_w=0.000 ret=0 dt=50.1ms move_ms=0.4 policy_zmq_lag=0.5ms
[go2:sport] cmd#198 seq=278 policy_v=0.000 policy_w=0.000 sent_v=0.000 sent_w=0.000 ret=0 dt=49.8ms move_ms=0.4 policy_zmq_lag=0.6ms
[go2:sport] cmd#199 seq=279 policy_v=0.000 policy_w=0.000 sent_v=0.000 sent_w=0.000 ret=0 dt=50.2ms move_ms=0.4 policy_zmq_lag=0.5ms
[go2:sport] cmd#200 seq=280 policy_v=0.000 policy_w=0.000 sent_v=0.000 sent_w=0.000 ret=0 dt=50.8ms move_ms=0.4 policy_zmq_lag=0.6ms
[go2:sport] cmd#201 seq=281 policy_v=0.000 policy_w=0.000 sent_v=0.000 sent_w=0.000 ret=0 dt=49.7ms move_ms=0.4 policy_zmq_lag=0.6ms
[go2:sport] cmd#202 seq=282 policy_v=0.000 policy_w=0.000 sent_v=0.000 sent_w=0.000 ret=0 dt=50.0ms move_ms=0.4 policy_zmq_lag=0.6ms
[go2:sport] cmd#203 seq=283 policy_v=0.000 policy_w=0.000 sent_v=0.000 sent_w=0.000 ret=0 dt=49.7ms move_ms=0.4 policy_zmq_lag=0.6ms
[go2:sport] cmd#204 seq=284 policy_v=0.000 policy_w=0.000 sent_v=0.000 sent_w=0.000 ret=0 dt=50.4ms move_ms=0.4 policy_zmq_lag=0.6ms
[go2:sport] cmd#205 seq=285 policy_v=0.000 policy_w=0.000 sent_v=0.000 sent_w=0.000 ret=0 dt=49.4ms move_ms=0.3 policy_zmq_lag=0.5ms
[go2:sport] cmd#206 seq=286 policy_v=0.000 policy_w=0.000 sent_v=0.000 sent_w=0.000 ret=0 dt=50.4ms move_ms=0.4 policy_zmq_lag=0.6ms
[go2:sport] cmd#207 seq=287 policy_v=0.000 policy_w=0.000 sent_v=0.000 sent_w=0.000 ret=0 dt=49.6ms move_ms=0.4 policy_zmq_lag=0.5ms
[go2:sport] cmd#208 seq=288 policy_v=0.000 policy_w=0.000 sent_v=0.000 sent_w=0.000 ret=0 dt=49.8ms move_ms=0.4 policy_zmq_lag=0.5ms
[go2:sport] cmd#209 seq=289 policy_v=0.000 policy_w=0.000 sent_v=0.000 sent_w=0.000 ret=0 dt=50.4ms move_ms=0.4 policy_zmq_lag=0.5ms
[go2:sport] cmd#210 seq=290 policy_v=0.000 policy_w=0.000 sent_v=0.000 sent_w=0.000 ret=0 dt=49.8ms move_ms=0.4 policy_zmq_lag=0.5ms
[go2:sport] cmd#211 seq=291 policy_v=0.000 policy_w=0.000 sent_v=0.000 sent_w=0.000 ret=0 dt=50.2ms move_ms=0.4 policy_zmq_lag=0.5ms
[go2:sport] cmd#212 seq=292 policy_v=0.000 policy_w=0.000 sent_v=0.000 sent_w=0.000 ret=0 dt=49.7ms move_ms=0.4 policy_zmq_lag=0.6ms
[go2:sport] cmd#213 seq=293 policy_v=0.000 policy_w=0.000 sent_v=0.000 sent_w=0.000 ret=0 dt=50.1ms move_ms=0.4 policy_zmq_lag=0.5ms
[go2:sport] cmd#214 seq=294 policy_v=0.000 policy_w=0.000 sent_v=0.000 sent_w=0.000 ret=0 dt=50.3ms move_ms=0.4 policy_zmq_lag=0.5ms
[go2:sport] cmd#215 seq=295 policy_v=0.000 policy_w=0.000 sent_v=0.000 sent_w=0.000 ret=0 dt=49.7ms move_ms=0.4 policy_zmq_lag=0.5ms
[go2:sport] cmd#216 seq=296 policy_v=0.000 policy_w=0.000 sent_v=0.000 sent_w=0.000 ret=0 dt=50.4ms move_ms=0.6 policy_zmq_lag=0.6ms
[go2:sport] cmd#217 seq=297 policy_v=0.000 policy_w=0.000 sent_v=0.000 sent_w=0.000 ret=0 dt=49.9ms move_ms=0.5 policy_zmq_lag=0.6ms
[go2:sport] cmd#218 seq=298 policy_v=0.000 policy_w=0.000 sent_v=0.000 sent_w=0.000 ret=0 dt=49.9ms move_ms=0.4 policy_zmq_lag=0.8ms
[go2:sport] cmd#219 seq=299 policy_v=0.000 policy_w=0.000 sent_v=0.000 sent_w=0.000 ret=0 dt=49.8ms move_ms=0.4 policy_zmq_lag=0.5ms
[go2:sport] cmd#220 seq=300 policy_v=0.000 policy_w=0.000 sent_v=0.000 sent_w=0.000 ret=0 dt=50.3ms move_ms=0.4 policy_zmq_lag=0.5ms
[go2:sport] cmd#221 seq=301 policy_v=0.000 policy_w=0.000 sent_v=0.000 sent_w=0.000 ret=0 dt=49.7ms move_ms=0.4 policy_zmq_lag=0.5ms
[go2:sport] cmd#222 seq=302 policy_v=0.000 policy_w=0.000 sent_v=0.000 sent_w=0.000 ret=0 dt=50.1ms move_ms=0.4 policy_zmq_lag=0.6ms
[go2:sport] cmd#223 seq=303 policy_v=0.000 policy_w=0.000 sent_v=0.000 sent_w=0.000 ret=0 dt=49.8ms move_ms=0.4 policy_zmq_lag=0.5ms
[go2:sport] cmd#224 seq=304 policy_v=0.000 policy_w=0.000 sent_v=0.000 sent_w=0.000 ret=0 dt=50.9ms move_ms=0.6 policy_zmq_lag=0.6ms
[go2:sport] cmd#225 seq=305 policy_v=0.086 policy_w=-0.086 sent_v=0.086 sent_w=-0.086 ret=0 dt=58.3ms move_ms=0.4 policy_zmq_lag=0.7ms scan_age=41.4ms loop_to_send=8.3ms
[go2:sport] cmd#226 seq=306 policy_v=0.235 policy_w=-0.235 sent_v=0.235 sent_w=-0.235 ret=0 dt=47.1ms move_ms=0.4 policy_zmq_lag=0.6ms scan_age=48.7ms loop_to_send=5.9ms
[go2:sport] cmd#227 seq=307 policy_v=0.384 policy_w=-0.384 sent_v=0.384 sent_w=-0.384 ret=0 dt=49.8ms move_ms=0.4 policy_zmq_lag=0.6ms scan_age=38.4ms loop_to_send=6.0ms
[go2:sport] cmd#228 seq=308 policy_v=0.534 policy_w=-0.534 sent_v=0.534 sent_w=-0.534 ret=0 dt=50.0ms move_ms=0.4 policy_zmq_lag=0.6ms scan_age=28.5ms loop_to_send=6.0ms
[go2:sport] cmd#229 seq=309 policy_v=0.684 policy_w=-0.684 sent_v=0.684 sent_w=-0.684 ret=0 dt=49.9ms move_ms=0.4 policy_zmq_lag=0.6ms scan_age=38.3ms loop_to_send=5.9ms
[go2:sport] cmd#230 seq=310 policy_v=0.833 policy_w=-0.609 sent_v=0.833 sent_w=-0.609 ret=0 dt=49.7ms move_ms=0.4 policy_zmq_lag=0.5ms scan_age=48.1ms loop_to_send=5.9ms
[go2:sport] cmd#231 seq=311 policy_v=0.899 policy_w=-0.761 sent_v=0.899 sent_w=-0.761 ret=0 dt=51.2ms move_ms=0.4 policy_zmq_lag=0.6ms scan_age=39.3ms loop_to_send=6.3ms
[go2:sport] cmd#232 seq=312 policy_v=0.900 policy_w=-0.611 sent_v=0.900 sent_w=-0.611 ret=0 dt=49.9ms move_ms=0.4 policy_zmq_lag=0.6ms scan_age=49.1ms loop_to_send=6.1ms
[go2:sport] cmd#233 seq=313 policy_v=0.899 policy_w=-0.758 sent_v=0.899 sent_w=-0.758 ret=0 dt=49.2ms move_ms=0.4 policy_zmq_lag=0.6ms scan_age=39.2ms loop_to_send=6.2ms
[go2:sport] cmd#234 seq=314 policy_v=0.900 policy_w=-0.605 sent_v=0.900 sent_w=-0.605 ret=0 dt=51.9ms move_ms=0.4 policy_zmq_lag=1.0ms scan_age=50.0ms loop_to_send=6.7ms
[go2:sport] cmd#235 seq=315 policy_v=0.899 policy_w=-0.753 sent_v=0.899 sent_w=-0.753 ret=0 dt=48.4ms move_ms=0.4 policy_zmq_lag=0.6ms scan_age=39.4ms loop_to_send=6.1ms
[go2:sport] cmd#236 seq=316 policy_v=0.899 policy_w=-0.804 sent_v=0.899 sent_w=-0.804 ret=0 dt=49.7ms move_ms=0.4 policy_zmq_lag=0.6ms scan_age=28.5ms loop_to_send=6.1ms
[go2:sport] cmd#237 seq=317 policy_v=0.899 policy_w=-0.797 sent_v=0.899 sent_w=-0.797 ret=0 dt=50.0ms move_ms=0.4 policy_zmq_lag=0.6ms scan_age=39.3ms loop_to_send=6.0ms
[go2:sport] cmd#238 seq=318 policy_v=0.899 policy_w=-0.780 sent_v=0.899 sent_w=-0.780 ret=0 dt=49.9ms move_ms=0.4 policy_zmq_lag=0.6ms scan_age=28.2ms loop_to_send=6.0ms
[go2:sport] cmd#239 seq=319 policy_v=0.899 policy_w=-0.727 sent_v=0.899 sent_w=-0.727 ret=0 dt=49.8ms move_ms=0.4 policy_zmq_lag=0.6ms scan_age=39.0ms loop_to_send=6.0ms
[go2:sport] cmd#240 seq=320 policy_v=0.900 policy_w=-0.572 sent_v=0.900 sent_w=-0.572 ret=0 dt=52.0ms move_ms=0.4 policy_zmq_lag=0.7ms scan_age=50.2ms loop_to_send=6.6ms
[go2:sport] cmd#241 seq=321 policy_v=0.899 policy_w=-0.479 sent_v=0.899 sent_w=-0.479 ret=0 dt=48.8ms move_ms=0.4 policy_zmq_lag=0.6ms scan_age=39.9ms loop_to_send=6.2ms
[go2:sport] cmd#242 seq=322 policy_v=0.900 policy_w=-0.331 sent_v=0.900 sent_w=-0.331 ret=0 dt=49.5ms move_ms=0.4 policy_zmq_lag=0.6ms scan_age=48.5ms loop_to_send=6.3ms
[go2:sport] cmd#243 seq=323 policy_v=0.899 policy_w=-0.176 sent_v=0.899 sent_w=-0.176 ret=0 dt=54.1ms move_ms=0.4 policy_zmq_lag=1.6ms scan_age=41.5ms loop_to_send=7.7ms
[go2:sport] cmd#244 seq=324 policy_v=0.900 policy_w=-0.031 sent_v=0.900 sent_w=-0.031 ret=0 dt=46.2ms move_ms=0.4 policy_zmq_lag=0.6ms scan_age=48.9ms loop_to_send=6.6ms
[go2:sport] cmd#245 seq=325 policy_v=0.899 policy_w=-0.182 sent_v=0.899 sent_w=-0.182 ret=0 dt=49.8ms move_ms=0.4 policy_zmq_lag=0.6ms scan_age=39.6ms loop_to_send=6.1ms
[go2:sport] cmd#246 seq=326 policy_v=0.900 policy_w=-0.031 sent_v=0.900 sent_w=-0.031 ret=0 dt=50.3ms move_ms=0.4 policy_zmq_lag=0.6ms scan_age=48.8ms loop_to_send=6.1ms
[go2:sport] cmd#247 seq=327 policy_v=0.898 policy_w=-0.181 sent_v=0.898 sent_w=-0.181 ret=0 dt=50.2ms move_ms=0.4 policy_zmq_lag=0.7ms scan_age=39.9ms loop_to_send=6.2ms
[go2:sport] cmd#248 seq=328 policy_v=0.887 policy_w=-0.330 sent_v=0.887 sent_w=-0.330 ret=0 dt=49.4ms move_ms=0.4 policy_zmq_lag=0.6ms scan_age=28.5ms loop_to_send=5.9ms
[go2:sport] cmd#249 seq=329 policy_v=0.897 policy_w=-0.481 sent_v=0.897 sent_w=-0.481 ret=0 dt=51.0ms move_ms=0.6 policy_zmq_lag=0.7ms scan_age=40.1ms loop_to_send=6.6ms
[go2:sport] cmd#250 seq=330 policy_v=0.900 policy_w=-0.332 sent_v=0.900 sent_w=-0.332 ret=0 dt=48.6ms move_ms=0.4 policy_zmq_lag=0.6ms scan_age=48.0ms loop_to_send=5.9ms
[go2:sport] cmd#251 seq=331 policy_v=0.893 policy_w=-0.358 sent_v=0.893 sent_w=-0.358 ret=0 dt=50.8ms move_ms=0.5 policy_zmq_lag=0.6ms scan_age=38.7ms loop_to_send=6.4ms
[go2:sport] cmd#252 seq=332 policy_v=0.790 policy_w=-0.507 sent_v=0.790 sent_w=-0.507 ret=0 dt=49.9ms move_ms=0.4 policy_zmq_lag=0.6ms scan_age=29.0ms loop_to_send=6.4ms
[go2:sport] cmd#253 seq=333 policy_v=0.864 policy_w=-0.358 sent_v=0.864 sent_w=-0.358 ret=0 dt=49.2ms move_ms=0.4 policy_zmq_lag=0.6ms scan_age=38.0ms loop_to_send=5.8ms
[go2:sport] cmd#254 seq=334 policy_v=0.900 policy_w=-0.205 sent_v=0.900 sent_w=-0.205 ret=0 dt=52.0ms move_ms=0.4 policy_zmq_lag=0.7ms scan_age=50.0ms loop_to_send=6.7ms
[go2:sport] cmd#255 seq=335 policy_v=0.809 policy_w=-0.352 sent_v=0.809 sent_w=-0.352 ret=0 dt=48.6ms move_ms=0.4 policy_zmq_lag=0.6ms scan_age=38.5ms loop_to_send=6.1ms
[go2:sport] cmd#256 seq=336 policy_v=0.900 policy_w=-0.202 sent_v=0.900 sent_w=-0.202 ret=0 dt=50.3ms move_ms=0.4 policy_zmq_lag=0.6ms scan_age=49.0ms loop_to_send=6.2ms
[go2:sport] cmd#257 seq=337 policy_v=0.751 policy_w=-0.351 sent_v=0.751 sent_w=-0.351 ret=0 dt=49.4ms move_ms=0.5 policy_zmq_lag=0.6ms scan_age=38.3ms loop_to_send=6.0ms
[go2:sport] cmd#258 seq=338 policy_v=0.601 policy_w=-0.501 sent_v=0.601 sent_w=-0.501 ret=0 dt=50.0ms move_ms=0.4 policy_zmq_lag=0.6ms scan_age=29.3ms loop_to_send=5.9ms
[go2:sport] cmd#259 seq=339 policy_v=0.450 policy_w=-0.651 sent_v=0.450 sent_w=-0.651 ret=0 dt=50.6ms move_ms=0.4 policy_zmq_lag=0.6ms scan_age=40.0ms loop_to_send=6.3ms
[go2:sport] cmd#260 seq=340 policy_v=0.301 policy_w=-0.791 sent_v=0.301 sent_w=-0.791 ret=0 dt=49.9ms move_ms=0.4 policy_zmq_lag=0.7ms scan_age=48.9ms loop_to_send=6.5ms
[go2:sport] cmd#261 seq=341 policy_v=0.150 policy_w=-0.749 sent_v=0.150 sent_w=-0.749 ret=0 dt=49.8ms move_ms=0.4 policy_zmq_lag=0.7ms scan_age=38.6ms loop_to_send=6.1ms
[go2:sport] cmd#262 seq=342 policy_v=-0.002 policy_w=-0.752 sent_v=-0.002 sent_w=-0.752 ret=0 dt=51.2ms move_ms=0.4 policy_zmq_lag=0.7ms scan_age=49.7ms loop_to_send=6.5ms
[go2:sport] cmd#263 seq=343 policy_v=-0.150 policy_w=-0.604 sent_v=-0.150 sent_w=-0.604 ret=0 dt=49.2ms move_ms=0.4 policy_zmq_lag=0.7ms scan_age=38.9ms loop_to_send=6.4ms
[go2:sport] cmd#264 seq=344 policy_v=-0.303 policy_w=-0.503 sent_v=-0.303 sent_w=-0.503 ret=0 dt=77.6ms move_ms=0.4 policy_zmq_lag=0.7ms scan_age=76.6ms loop_to_send=32.8ms
[go2:sport] cmd#265 seq=345 policy_v=-0.450 policy_w=-0.607 sent_v=-0.450 sent_w=-0.607 ret=0 dt=21.8ms move_ms=0.4 policy_zmq_lag=0.6ms scan_age=38.5ms loop_to_send=6.0ms
[go2:sport] cmd#266 seq=346 policy_v=-0.601 policy_w=-0.455 sent_v=-0.601 sent_w=-0.455 ret=0 dt=50.5ms move_ms=0.4 policy_zmq_lag=0.6ms scan_age=49.9ms loop_to_send=6.1ms
[go2:sport] cmd#267 seq=347 policy_v=-0.750 policy_w=-0.457 sent_v=-0.750 sent_w=-0.457 ret=0 dt=50.7ms move_ms=0.5 policy_zmq_lag=0.6ms scan_age=39.8ms loop_to_send=7.0ms
[go2:sport] cmd#268 seq=348 policy_v=-0.897 policy_w=-0.608 sent_v=-0.897 sent_w=-0.608 ret=0 dt=49.5ms move_ms=0.4 policy_zmq_lag=0.6ms scan_age=50.1ms loop_to_send=6.2ms
[go2:sport] cmd#269 seq=349 policy_v=-0.894 policy_w=-0.515 sent_v=-0.894 sent_w=-0.515 ret=0 dt=48.9ms move_ms=0.4 policy_zmq_lag=0.6ms scan_age=38.0ms loop_to_send=5.8ms
[go2:sport] cmd#270 seq=350 policy_v=-0.896 policy_w=-0.618 sent_v=-0.896 sent_w=-0.618 ret=0 dt=49.9ms move_ms=0.4 policy_zmq_lag=0.6ms scan_age=28.9ms loop_to_send=5.9ms
[go2:sport] cmd#271 seq=351 policy_v=-0.893 policy_w=-0.468 sent_v=-0.893 sent_w=-0.468 ret=0 dt=49.9ms move_ms=0.4 policy_zmq_lag=0.5ms scan_age=38.0ms loop_to_send=5.7ms
[go2:sport] cmd#272 seq=352 policy_v=-0.743 policy_w=-0.618 sent_v=-0.743 sent_w=-0.618 ret=0 dt=50.4ms move_ms=0.6 policy_zmq_lag=0.7ms scan_age=48.1ms loop_to_send=5.8ms
[go2:sport] cmd#273 seq=353 policy_v=-0.593 policy_w=-0.468 sent_v=-0.593 sent_w=-0.468 ret=0 dt=50.0ms move_ms=0.6 policy_zmq_lag=0.7ms scan_age=39.0ms loop_to_send=5.8ms
[go2:sport] cmd#274 seq=354 policy_v=-0.443 policy_w=-0.618 sent_v=-0.443 sent_w=-0.618 ret=0 dt=50.2ms move_ms=0.6 policy_zmq_lag=0.7ms scan_age=49.3ms loop_to_send=6.0ms
[go2:sport] cmd#275 seq=355 policy_v=-0.593 policy_w=-0.468 sent_v=-0.593 sent_w=-0.468 ret=0 dt=50.1ms move_ms=0.4 policy_zmq_lag=0.6ms scan_age=38.4ms loop_to_send=6.0ms
[go2:sport] cmd#276 seq=356 policy_v=-0.443 policy_w=-0.318 sent_v=-0.443 sent_w=-0.318 ret=0 dt=49.9ms move_ms=0.4 policy_zmq_lag=0.6ms scan_age=29.3ms loop_to_send=6.0ms
[go2:sport] cmd#277 seq=357 policy_v=-0.294 policy_w=-0.169 sent_v=-0.294 sent_w=-0.169 ret=0 dt=49.9ms move_ms=0.4 policy_zmq_lag=0.6ms scan_age=38.3ms loop_to_send=6.1ms
[go2:sport] cmd#278 seq=358 policy_v=-0.144 policy_w=-0.020 sent_v=-0.144 sent_w=-0.020 ret=0 dt=49.6ms move_ms=0.4 policy_zmq_lag=0.6ms scan_age=28.0ms loop_to_send=5.9ms
[go2:sport] cmd#279 seq=359 policy_v=0.006 policy_w=-0.170 sent_v=0.006 sent_w=-0.170 ret=0 dt=50.2ms move_ms=0.5 policy_zmq_lag=0.6ms scan_age=38.9ms loop_to_send=5.9ms
[go2:sport] cmd#280 seq=360 policy_v=0.158 policy_w=-0.322 sent_v=0.158 sent_w=-0.322 ret=0 dt=50.7ms move_ms=0.4 policy_zmq_lag=0.6ms scan_age=49.7ms loop_to_send=6.2ms
[go2:sport] cmd#281 seq=361 policy_v=0.307 policy_w=-0.172 sent_v=0.307 sent_w=-0.172 ret=0 dt=50.3ms move_ms=0.4 policy_zmq_lag=0.7ms scan_age=38.9ms loop_to_send=6.4ms
[go2:sport] cmd#282 seq=362 policy_v=0.357 policy_w=-0.322 sent_v=0.357 sent_w=-0.322 ret=0 dt=49.8ms move_ms=0.4 policy_zmq_lag=0.6ms scan_age=48.8ms loop_to_send=6.2ms
[go2:sport] cmd#283 seq=363 policy_v=0.506 policy_w=-0.173 sent_v=0.506 sent_w=-0.173 ret=0 dt=49.5ms move_ms=0.4 policy_zmq_lag=0.6ms scan_age=38.4ms loop_to_send=6.0ms
[go2:sport] cmd#284 seq=364 policy_v=0.351 policy_w=-0.327 sent_v=0.351 sent_w=-0.327 ret=0 dt=52.2ms move_ms=0.4 policy_zmq_lag=0.7ms scan_age=50.6ms loop_to_send=6.8ms
[go2:sport] cmd#285 seq=365 policy_v=0.202 policy_w=-0.417 sent_v=0.202 sent_w=-0.417 ret=0 dt=51.7ms move_ms=0.6 policy_zmq_lag=1.0ms scan_age=42.0ms loop_to_send=8.5ms
[go2:sport] cmd#286 seq=366 policy_v=0.350 policy_w=-0.565 sent_v=0.350 sent_w=-0.565 ret=0 dt=46.4ms move_ms=0.4 policy_zmq_lag=0.7ms scan_age=48.6ms loop_to_send=6.1ms
[go2:sport] cmd#287 seq=367 policy_v=0.499 policy_w=-0.415 sent_v=0.499 sent_w=-0.415 ret=0 dt=50.1ms move_ms=0.4 policy_zmq_lag=0.7ms scan_age=39.7ms loop_to_send=6.3ms
[go2:sport] cmd#288 seq=368 policy_v=0.650 policy_w=-0.264 sent_v=0.650 sent_w=-0.264 ret=0 dt=50.5ms move_ms=0.5 policy_zmq_lag=0.7ms scan_age=30.2ms loop_to_send=6.5ms
[go2:sport] cmd#289 seq=369 policy_v=0.800 policy_w=-0.412 sent_v=0.800 sent_w=-0.412 ret=0 dt=50.3ms move_ms=0.4 policy_zmq_lag=0.6ms scan_age=39.6ms loop_to_send=7.2ms
[go2:sport] cmd#290 seq=370 policy_v=0.900 policy_w=-0.262 sent_v=0.900 sent_w=-0.262 ret=0 dt=48.9ms move_ms=0.4 policy_zmq_lag=0.6ms scan_age=28.6ms loop_to_send=6.1ms
[go2:sport] cmd#291 seq=371 policy_v=0.750 policy_w=-0.412 sent_v=0.750 sent_w=-0.412 ret=0 dt=49.7ms move_ms=0.4 policy_zmq_lag=0.6ms scan_age=39.2ms loop_to_send=6.0ms
[go2:sport] cmd#292 seq=372 policy_v=0.876 policy_w=-0.553 sent_v=0.876 sent_w=-0.553 ret=0 dt=52.1ms move_ms=0.4 policy_zmq_lag=0.6ms scan_age=51.3ms loop_to_send=7.9ms
[go2:sport] cmd#293 seq=373 policy_v=0.889 policy_w=-0.404 sent_v=0.889 sent_w=-0.404 ret=0 dt=47.8ms move_ms=0.4 policy_zmq_lag=0.6ms scan_age=39.1ms loop_to_send=6.0ms
[go2:sport] cmd#294 seq=374 policy_v=0.899 policy_w=-0.254 sent_v=0.899 sent_w=-0.254 ret=0 dt=50.0ms move_ms=0.4 policy_zmq_lag=0.6ms scan_age=29.1ms loop_to_send=6.0ms
[go2:sport] cmd#295 seq=375 policy_v=0.887 policy_w=-0.104 sent_v=0.887 sent_w=-0.104 ret=0 dt=50.6ms move_ms=0.4 policy_zmq_lag=0.7ms scan_age=38.9ms loop_to_send=6.6ms
[go2:sport] cmd#296 seq=376 policy_v=0.861 policy_w=-0.257 sent_v=0.861 sent_w=-0.257 ret=0 dt=50.5ms move_ms=0.4 policy_zmq_lag=0.6ms scan_age=49.4ms loop_to_send=6.3ms
[go2:sport] cmd#297 seq=377 policy_v=0.897 policy_w=-0.109 sent_v=0.897 sent_w=-0.109 ret=0 dt=49.1ms move_ms=1.1 policy_zmq_lag=0.6ms scan_age=38.4ms loop_to_send=6.1ms
[go2:sport] cmd#298 seq=378 policy_v=0.886 policy_w=0.043 sent_v=0.886 sent_w=0.043 ret=0 dt=50.4ms move_ms=0.4 policy_zmq_lag=0.6ms scan_age=48.8ms loop_to_send=6.1ms
[go2:sport] cmd#299 seq=379 policy_v=0.898 policy_w=0.191 sent_v=0.898 sent_w=0.191 ret=0 dt=49.4ms move_ms=0.4 policy_zmq_lag=0.6ms scan_age=38.2ms loop_to_send=6.0ms
[go2:sport] cmd#300 seq=380 policy_v=0.899 policy_w=0.342 sent_v=0.899 sent_w=0.342 ret=0 dt=50.4ms move_ms=0.4 policy_zmq_lag=0.6ms scan_age=29.5ms loop_to_send=6.0ms
[go2:sport] cmd#301 seq=381 policy_v=0.899 policy_w=0.491 sent_v=0.899 sent_w=0.491 ret=0 dt=49.8ms move_ms=0.4 policy_zmq_lag=0.6ms scan_age=38.4ms loop_to_send=6.1ms
[go2:sport] cmd#302 seq=382 policy_v=0.899 policy_w=0.641 sent_v=0.899 sent_w=0.641 ret=0 dt=50.1ms move_ms=0.4 policy_zmq_lag=0.6ms scan_age=48.6ms loop_to_send=6.4ms
[go2:sport] cmd#303 seq=383 policy_v=0.900 policy_w=0.773 sent_v=0.900 sent_w=0.773 ret=0 dt=50.7ms move_ms=0.4 policy_zmq_lag=0.6ms scan_age=39.3ms loop_to_send=6.9ms
[go2:sport] cmd#304 seq=384 policy_v=0.900 policy_w=0.809 sent_v=0.900 sent_w=0.809 ret=0 dt=49.9ms move_ms=0.4 policy_zmq_lag=0.6ms scan_age=49.0ms loop_to_send=6.2ms
[go2:sport] cmd#305 seq=385 policy_v=0.900 policy_w=0.802 sent_v=0.900 sent_w=0.802 ret=0 dt=49.0ms move_ms=0.4 policy_zmq_lag=0.6ms scan_age=38.0ms loop_to_send=6.0ms
[go2:sport] cmd#306 seq=386 policy_v=0.900 policy_w=0.779 sent_v=0.900 sent_w=0.779 ret=0 dt=64.3ms move_ms=0.4 policy_zmq_lag=0.7ms scan_age=59.5ms loop_to_send=16.5ms
[go2:sport] cmd#307 seq=387 policy_v=0.900 policy_w=0.791 sent_v=0.900 sent_w=0.791 ret=0 dt=36.1ms move_ms=0.4 policy_zmq_lag=0.6ms scan_age=39.7ms loop_to_send=6.4ms
[go2:sport] cmd#308 seq=388 policy_v=0.899 policy_w=0.789 sent_v=0.899 sent_w=0.789 ret=0 dt=50.3ms move_ms=0.4 policy_zmq_lag=0.6ms scan_age=28.9ms loop_to_send=6.1ms
[go2:sport] cmd#309 seq=389 policy_v=0.900 policy_w=0.763 sent_v=0.900 sent_w=0.763 ret=0 dt=50.1ms move_ms=0.5 policy_zmq_lag=0.7ms scan_age=38.9ms loop_to_send=6.3ms
[go2:sport] cmd#310 seq=390 policy_v=0.900 policy_w=0.785 sent_v=0.900 sent_w=0.785 ret=0 dt=49.6ms move_ms=0.4 policy_zmq_lag=0.6ms scan_age=48.5ms loop_to_send=6.0ms
[go2:sport] cmd#311 seq=391 policy_v=0.900 policy_w=0.808 sent_v=0.900 sent_w=0.808 ret=0 dt=49.6ms move_ms=0.4 policy_zmq_lag=0.6ms scan_age=39.1ms loop_to_send=5.8ms
[go2:sport] cmd#312 seq=392 policy_v=0.900 policy_w=0.820 sent_v=0.900 sent_w=0.820 ret=0 dt=50.8ms move_ms=0.4 policy_zmq_lag=0.6ms scan_age=49.0ms loop_to_send=6.0ms
[go2:sport] cmd#313 seq=393 policy_v=0.900 policy_w=0.818 sent_v=0.900 sent_w=0.818 ret=0 dt=49.1ms move_ms=0.6 policy_zmq_lag=0.7ms scan_age=37.9ms loop_to_send=5.9ms
[go2:sport] cmd#314 seq=394 policy_v=0.900 policy_w=0.826 sent_v=0.900 sent_w=0.826 ret=0 dt=51.0ms move_ms=0.4 policy_zmq_lag=0.7ms scan_age=49.6ms loop_to_send=6.0ms
[go2:sport] cmd#315 seq=395 policy_v=0.900 policy_w=0.833 sent_v=0.900 sent_w=0.833 ret=0 dt=48.8ms move_ms=0.4 policy_zmq_lag=0.6ms scan_age=37.9ms loop_to_send=5.8ms
[go2:sport] cmd#316 seq=396 policy_v=0.900 policy_w=0.831 sent_v=0.900 sent_w=0.831 ret=0 dt=51.6ms move_ms=0.6 policy_zmq_lag=0.6ms scan_age=49.2ms loop_to_send=6.3ms
[go2:sport] cmd#317 seq=397 policy_v=0.900 policy_w=0.831 sent_v=0.900 sent_w=0.831 ret=0 dt=49.1ms move_ms=0.5 policy_zmq_lag=0.7ms scan_age=39.3ms loop_to_send=6.2ms
[go2:sport] cmd#318 seq=398 policy_v=0.900 policy_w=0.826 sent_v=0.900 sent_w=0.826 ret=0 dt=50.6ms move_ms=0.5 policy_zmq_lag=0.6ms scan_age=49.0ms loop_to_send=6.2ms
[go2:sport] cmd#319 seq=399 policy_v=0.900 policy_w=0.820 sent_v=0.900 sent_w=0.820 ret=0 dt=49.4ms move_ms=0.5 policy_zmq_lag=0.6ms scan_age=38.4ms loop_to_send=6.1ms
[go2:sport] cmd#320 seq=400 policy_v=0.900 policy_w=0.812 sent_v=0.900 sent_w=0.812 ret=0 dt=50.3ms move_ms=0.5 policy_zmq_lag=0.6ms scan_age=48.8ms loop_to_send=6.0ms
[go2:sport] cmd#321 seq=401 policy_v=0.900 policy_w=0.814 sent_v=0.900 sent_w=0.814 ret=0 dt=51.0ms move_ms=0.4 policy_zmq_lag=0.7ms scan_age=39.5ms loop_to_send=7.2ms
[go2:sport] cmd#322 seq=402 policy_v=0.900 policy_w=0.819 sent_v=0.900 sent_w=0.819 ret=0 dt=51.3ms move_ms=0.4 policy_zmq_lag=0.6ms scan_age=50.7ms loop_to_send=7.3ms
[go2:sport] cmd#323 seq=403 policy_v=0.900 policy_w=0.809 sent_v=0.900 sent_w=0.809 ret=0 dt=48.4ms move_ms=0.5 policy_zmq_lag=0.7ms scan_age=39.3ms loop_to_send=7.1ms
[go2:sport] cmd#324 seq=404 policy_v=0.900 policy_w=0.812 sent_v=0.900 sent_w=0.812 ret=0 dt=49.5ms move_ms=0.4 policy_zmq_lag=0.6ms scan_age=48.9ms loop_to_send=6.1ms
[go2:sport] cmd#325 seq=405 policy_v=0.900 policy_w=0.824 sent_v=0.900 sent_w=0.824 ret=0 dt=50.6ms move_ms=0.6 policy_zmq_lag=0.7ms scan_age=40.3ms loop_to_send=7.2ms
[go2:sport] cmd#326 seq=406 policy_v=0.900 policy_w=0.810 sent_v=0.900 sent_w=0.810 ret=0 dt=56.5ms move_ms=0.4 policy_zmq_lag=0.8ms scan_age=55.8ms loop_to_send=13.0ms
[go2:sport] cmd#327 seq=407 policy_v=0.900 policy_w=0.794 sent_v=0.900 sent_w=0.794 ret=0 dt=47.7ms move_ms=0.4 policy_zmq_lag=0.6ms scan_age=43.6ms loop_to_send=8.1ms
[go2:sport] cmd#328 seq=408 policy_v=0.900 policy_w=0.760 sent_v=0.900 sent_w=0.760 ret=0 dt=45.2ms move_ms=0.4 policy_zmq_lag=0.6ms scan_age=49.7ms loop_to_send=6.1ms
[go2:sport] cmd#329 seq=409 policy_v=0.900 policy_w=0.654 sent_v=0.900 sent_w=0.654 ret=0 dt=49.3ms move_ms=0.4 policy_zmq_lag=0.6ms scan_age=38.0ms loop_to_send=5.9ms
[go2:sport] cmd#330 seq=410 policy_v=0.900 policy_w=0.614 sent_v=0.900 sent_w=0.614 ret=0 dt=51.1ms move_ms=0.4 policy_zmq_lag=0.7ms scan_age=50.0ms loop_to_send=6.4ms
[go2:sport] cmd#331 seq=411 policy_v=0.900 policy_w=0.468 sent_v=0.900 sent_w=0.468 ret=0 dt=48.8ms move_ms=0.4 policy_zmq_lag=0.6ms scan_age=38.0ms loop_to_send=6.1ms
[go2:sport] cmd#332 seq=412 policy_v=0.900 policy_w=0.620 sent_v=0.900 sent_w=0.620 ret=0 dt=50.6ms move_ms=0.4 policy_zmq_lag=0.6ms scan_age=48.5ms loop_to_send=6.1ms
[go2:sport] cmd#333 seq=413 policy_v=0.899 policy_w=0.539 sent_v=0.899 sent_w=0.539 ret=0 dt=51.1ms move_ms=0.4 policy_zmq_lag=0.6ms scan_age=40.5ms loop_to_send=7.2ms
[go2:sport] cmd#334 seq=414 policy_v=0.900 policy_w=0.691 sent_v=0.900 sent_w=0.691 ret=0 dt=49.7ms move_ms=0.5 policy_zmq_lag=0.6ms scan_age=49.3ms loop_to_send=6.4ms
[go2:sport] cmd#335 seq=415 policy_v=0.899 policy_w=0.683 sent_v=0.899 sent_w=0.683 ret=0 dt=48.9ms move_ms=0.4 policy_zmq_lag=0.6ms scan_age=38.2ms loop_to_send=6.1ms
[go2:sport] cmd#336 seq=416 policy_v=0.900 policy_w=0.699 sent_v=0.900 sent_w=0.699 ret=0 dt=50.3ms move_ms=0.5 policy_zmq_lag=0.6ms scan_age=48.4ms loop_to_send=6.1ms
[go2:sport] cmd#337 seq=417 policy_v=0.899 policy_w=0.547 sent_v=0.899 sent_w=0.547 ret=0 dt=75.2ms move_ms=0.5 policy_zmq_lag=4.6ms scan_age=59.8ms loop_to_send=26.5ms
[go2:sport] cmd#338 seq=418 policy_v=0.900 policy_w=0.539 sent_v=0.900 sent_w=0.539 ret=0 dt=25.9ms move_ms=0.5 policy_zmq_lag=0.7ms scan_age=49.7ms loop_to_send=6.6ms
[go2:sport] cmd#339 seq=419 policy_v=0.899 policy_w=0.390 sent_v=0.899 sent_w=0.390 ret=0 dt=49.4ms move_ms=0.4 policy_zmq_lag=0.6ms scan_age=40.0ms loop_to_send=6.3ms
[go2:sport] cmd#340 seq=420 policy_v=0.900 policy_w=0.460 sent_v=0.900 sent_w=0.460 ret=0 dt=49.8ms move_ms=0.4 policy_zmq_lag=0.7ms scan_age=49.8ms loop_to_send=6.8ms
[go2:sport] cmd#341 seq=421 policy_v=0.899 policy_w=0.306 sent_v=0.899 sent_w=0.306 ret=0 dt=50.9ms move_ms=0.5 policy_zmq_lag=0.7ms scan_age=40.9ms loop_to_send=6.5ms
[go2:sport] cmd#342 seq=422 policy_v=0.900 policy_w=0.452 sent_v=0.900 sent_w=0.452 ret=0 dt=48.6ms move_ms=0.4 policy_zmq_lag=0.6ms scan_age=48.4ms loop_to_send=6.5ms
[go2:sport] cmd#343 seq=423 policy_v=0.899 policy_w=0.475 sent_v=0.899 sent_w=0.475 ret=0 dt=50.6ms move_ms=0.5 policy_zmq_lag=0.6ms scan_age=39.2ms loop_to_send=6.4ms
[go2:sport] cmd#344 seq=424 policy_v=0.899 policy_w=0.538 sent_v=0.899 sent_w=0.538 ret=0 dt=49.3ms move_ms=0.4 policy_zmq_lag=0.6ms scan_age=48.4ms loop_to_send=6.4ms
[go2:sport] cmd#345 seq=425 policy_v=0.900 policy_w=0.604 sent_v=0.900 sent_w=0.604 ret=0 dt=49.8ms move_ms=0.4 policy_zmq_lag=0.6ms scan_age=38.2ms loop_to_send=6.1ms
[go2:sport] cmd#346 seq=426 policy_v=0.899 policy_w=0.626 sent_v=0.899 sent_w=0.626 ret=0 dt=50.5ms move_ms=0.4 policy_zmq_lag=0.6ms scan_age=48.6ms loop_to_send=6.1ms
[go2:sport] cmd#347 seq=427 policy_v=0.899 policy_w=0.477 sent_v=0.899 sent_w=0.477 ret=0 dt=61.6ms move_ms=0.5 policy_zmq_lag=0.7ms scan_age=51.1ms loop_to_send=17.8ms
[go2:sport] cmd#348 seq=428 policy_v=0.899 policy_w=0.434 sent_v=0.899 sent_w=0.434 ret=0 dt=43.0ms move_ms=0.4 policy_zmq_lag=0.6ms scan_age=54.2ms loop_to_send=7.0ms
[go2:sport] cmd#349 seq=429 policy_v=0.898 policy_w=0.295 sent_v=0.898 sent_w=0.295 ret=0 dt=46.2ms move_ms=0.4 policy_zmq_lag=0.6ms scan_age=39.4ms loop_to_send=6.9ms
[go2:sport] cmd#350 seq=430 policy_v=0.900 policy_w=0.289 sent_v=0.900 sent_w=0.289 ret=0 dt=50.2ms move_ms=0.5 policy_zmq_lag=0.7ms scan_age=49.5ms loop_to_send=6.7ms
[go2:sport] cmd#351 seq=431 policy_v=0.899 policy_w=0.141 sent_v=0.899 sent_w=0.141 ret=0 dt=49.8ms move_ms=0.4 policy_zmq_lag=0.7ms scan_age=39.4ms loop_to_send=7.0ms
[go2:sport] cmd#352 seq=432 policy_v=0.899 policy_w=0.291 sent_v=0.899 sent_w=0.291 ret=0 dt=48.9ms move_ms=0.4 policy_zmq_lag=0.6ms scan_age=48.3ms loop_to_send=5.9ms
[go2:sport] cmd#353 seq=433 policy_v=0.899 policy_w=0.399 sent_v=0.899 sent_w=0.399 ret=0 dt=49.5ms move_ms=0.4 policy_zmq_lag=0.6ms scan_age=37.9ms loop_to_send=5.8ms
[go2:sport] cmd#354 seq=434 policy_v=0.899 policy_w=0.461 sent_v=0.899 sent_w=0.461 ret=0 dt=50.5ms move_ms=0.4 policy_zmq_lag=0.6ms scan_age=48.4ms loop_to_send=6.0ms
[go2:sport] cmd#355 seq=435 policy_v=0.900 policy_w=0.609 sent_v=0.900 sent_w=0.609 ret=0 dt=49.4ms move_ms=0.4 policy_zmq_lag=0.6ms scan_age=37.8ms loop_to_send=5.8ms
[go2:sport] cmd#356 seq=436 policy_v=0.899 policy_w=0.515 sent_v=0.899 sent_w=0.515 ret=0 dt=50.7ms move_ms=0.5 policy_zmq_lag=0.7ms scan_age=48.2ms loop_to_send=5.9ms
[go2:sport] cmd#357 seq=437 policy_v=0.899 policy_w=0.366 sent_v=0.899 sent_w=0.366 ret=0 dt=49.7ms move_ms=0.6 policy_zmq_lag=0.7ms scan_age=37.9ms loop_to_send=5.8ms
[go2:sport] cmd#358 seq=438 policy_v=0.899 policy_w=0.280 sent_v=0.899 sent_w=0.280 ret=0 dt=50.3ms move_ms=0.4 policy_zmq_lag=0.6ms scan_age=48.4ms loop_to_send=6.1ms
[go2:sport] cmd#359 seq=439 policy_v=0.898 policy_w=0.131 sent_v=0.898 sent_w=0.131 ret=0 dt=50.1ms move_ms=0.6 policy_zmq_lag=0.8ms scan_age=38.5ms loop_to_send=6.3ms
[go2:sport] cmd#360 seq=440 policy_v=0.900 policy_w=-0.022 sent_v=0.900 sent_w=-0.022 ret=0 dt=51.8ms move_ms=0.5 policy_zmq_lag=0.7ms scan_age=51.1ms loop_to_send=7.2ms
[go2:sport] cmd#361 seq=441 policy_v=0.899 policy_w=-0.170 sent_v=0.899 sent_w=-0.170 ret=0 dt=48.0ms move_ms=0.5 policy_zmq_lag=0.6ms scan_age=38.4ms loop_to_send=6.1ms
[go2:sport] cmd#362 seq=442 policy_v=0.899 policy_w=-0.019 sent_v=0.899 sent_w=-0.019 ret=0 dt=50.1ms move_ms=0.4 policy_zmq_lag=0.6ms scan_age=48.3ms loop_to_send=6.0ms
[go2:sport] cmd#363 seq=443 policy_v=0.899 policy_w=0.130 sent_v=0.899 sent_w=0.130 ret=0 dt=49.6ms move_ms=0.4 policy_zmq_lag=0.6ms scan_age=37.9ms loop_to_send=6.0ms
[go2:sport] cmd#364 seq=444 policy_v=0.899 policy_w=0.281 sent_v=0.899 sent_w=0.281 ret=0 dt=50.6ms move_ms=0.4 policy_zmq_lag=0.6ms scan_age=48.5ms loop_to_send=6.1ms
[go2:sport] cmd#365 seq=445 policy_v=0.900 policy_w=0.430 sent_v=0.900 sent_w=0.430 ret=0 dt=49.5ms move_ms=0.4 policy_zmq_lag=0.6ms scan_age=38.0ms loop_to_send=6.0ms
[go2:sport] cmd#366 seq=446 policy_v=0.899 policy_w=0.580 sent_v=0.899 sent_w=0.580 ret=0 dt=50.3ms move_ms=0.4 policy_zmq_lag=0.6ms scan_age=48.2ms loop_to_send=6.1ms
[go2:sport] cmd#367 seq=447 policy_v=0.899 policy_w=0.430 sent_v=0.899 sent_w=0.430 ret=0 dt=50.1ms move_ms=0.4 policy_zmq_lag=0.6ms scan_age=38.4ms loop_to_send=6.2ms
[go2:sport] cmd#368 seq=448 policy_v=0.899 policy_w=0.317 sent_v=0.899 sent_w=0.317 ret=0 dt=50.4ms move_ms=0.4 policy_zmq_lag=0.6ms scan_age=48.7ms loop_to_send=6.3ms
[go2:sport] cmd#369 seq=449 policy_v=0.899 policy_w=0.168 sent_v=0.899 sent_w=0.168 ret=0 dt=49.2ms move_ms=0.4 policy_zmq_lag=0.6ms scan_age=37.9ms loop_to_send=5.9ms
[go2:sport] cmd#370 seq=450 policy_v=0.900 policy_w=0.017 sent_v=0.900 sent_w=0.017 ret=0 dt=50.7ms move_ms=0.4 policy_zmq_lag=0.6ms scan_age=48.7ms loop_to_send=6.2ms
[go2:sport] cmd#371 seq=451 policy_v=0.899 policy_w=-0.133 sent_v=0.899 sent_w=-0.133 ret=0 dt=50.3ms move_ms=0.5 policy_zmq_lag=0.7ms scan_age=38.9ms loop_to_send=6.5ms
[go2:sport] cmd#372 seq=452 policy_v=0.899 policy_w=0.017 sent_v=0.899 sent_w=0.017 ret=0 dt=50.0ms move_ms=0.5 policy_zmq_lag=0.7ms scan_age=49.8ms loop_to_send=6.6ms
[go2:sport] cmd#373 seq=453 policy_v=0.899 policy_w=0.167 sent_v=0.899 sent_w=0.167 ret=0 dt=49.4ms move_ms=0.6 policy_zmq_lag=0.7ms scan_age=39.6ms loop_to_send=6.0ms
[go2:sport] cmd#374 seq=454 policy_v=0.899 policy_w=0.316 sent_v=0.899 sent_w=0.316 ret=0 dt=49.9ms move_ms=0.5 policy_zmq_lag=0.7ms scan_age=48.0ms loop_to_send=6.1ms
[go2:sport] cmd#375 seq=455 policy_v=0.899 policy_w=0.466 sent_v=0.899 sent_w=0.466 ret=0 dt=49.4ms move_ms=0.4 policy_zmq_lag=0.6ms scan_age=37.6ms loop_to_send=5.8ms
[go2:sport] cmd#376 seq=456 policy_v=0.899 policy_w=0.617 sent_v=0.899 sent_w=0.617 ret=0 dt=50.7ms move_ms=0.4 policy_zmq_lag=0.6ms scan_age=48.4ms loop_to_send=6.2ms
[go2:sport] cmd#377 seq=457 policy_v=0.899 policy_w=0.519 sent_v=0.899 sent_w=0.519 ret=0 dt=52.1ms move_ms=0.4 policy_zmq_lag=0.7ms scan_age=40.4ms loop_to_send=7.4ms
[go2:sport] cmd#378 seq=458 policy_v=0.899 policy_w=0.429 sent_v=0.899 sent_w=0.429 ret=0 dt=48.0ms move_ms=0.4 policy_zmq_lag=0.6ms scan_age=48.5ms loop_to_send=6.1ms
[go2:sport] cmd#379 seq=459 policy_v=0.899 policy_w=0.329 sent_v=0.899 sent_w=0.329 ret=0 dt=49.7ms move_ms=0.4 policy_zmq_lag=0.6ms scan_age=39.1ms loop_to_send=6.0ms
[go2:sport] cmd#380 seq=460 policy_v=0.899 policy_w=0.179 sent_v=0.899 sent_w=0.179 ret=0 dt=50.2ms move_ms=0.4 policy_zmq_lag=0.6ms scan_age=49.3ms loop_to_send=6.2ms
[go2:sport] cmd#381 seq=461 policy_v=0.899 policy_w=0.030 sent_v=0.899 sent_w=0.030 ret=0 dt=49.7ms move_ms=0.4 policy_zmq_lag=0.7ms scan_age=37.8ms loop_to_send=6.0ms
[go2:sport] cmd#382 seq=462 policy_v=0.899 policy_w=0.181 sent_v=0.899 sent_w=0.181 ret=0 dt=50.4ms move_ms=0.4 policy_zmq_lag=0.6ms scan_age=48.3ms loop_to_send=6.1ms
[go2:sport] cmd#383 seq=463 policy_v=0.899 policy_w=0.331 sent_v=0.899 sent_w=0.331 ret=0 dt=50.8ms move_ms=0.4 policy_zmq_lag=0.6ms scan_age=39.1ms loop_to_send=6.9ms
[go2:sport] cmd#384 seq=464 policy_v=0.899 policy_w=0.432 sent_v=0.899 sent_w=0.432 ret=0 dt=49.9ms move_ms=0.6 policy_zmq_lag=0.8ms scan_age=48.9ms loop_to_send=6.3ms
[go2:sport] cmd#385 seq=465 policy_v=0.898 policy_w=0.429 sent_v=0.898 sent_w=0.429 ret=0 dt=49.5ms move_ms=0.6 policy_zmq_lag=0.8ms scan_age=38.2ms loop_to_send=6.3ms
[go2:sport] cmd#386 seq=466 policy_v=0.898 policy_w=0.540 sent_v=0.898 sent_w=0.540 ret=0 dt=50.0ms move_ms=0.5 policy_zmq_lag=0.7ms scan_age=49.4ms loop_to_send=6.2ms
[go2:sport] cmd#387 seq=467 policy_v=0.898 policy_w=0.443 sent_v=0.898 sent_w=0.443 ret=0 dt=49.5ms move_ms=0.4 policy_zmq_lag=0.7ms scan_age=37.9ms loop_to_send=6.1ms
[go2:sport] cmd#388 seq=468 policy_v=0.898 policy_w=0.330 sent_v=0.898 sent_w=0.330 ret=0 dt=51.7ms move_ms=0.4 policy_zmq_lag=0.7ms scan_age=30.6ms loop_to_send=7.0ms
[go2:sport] cmd#389 seq=469 policy_v=0.898 policy_w=0.176 sent_v=0.898 sent_w=0.176 ret=0 dt=55.0ms move_ms=0.4 policy_zmq_lag=0.7ms scan_age=44.6ms loop_to_send=10.6ms
[go2:sport] cmd#390 seq=470 policy_v=0.898 policy_w=0.030 sent_v=0.898 sent_w=0.030 ret=0 dt=44.4ms move_ms=0.4 policy_zmq_lag=0.6ms scan_age=49.1ms loop_to_send=6.4ms
[go2:sport] cmd#391 seq=471 policy_v=0.898 policy_w=-0.118 sent_v=0.898 sent_w=-0.118 ret=0 dt=49.0ms move_ms=0.4 policy_zmq_lag=0.7ms scan_age=38.1ms loop_to_send=6.0ms
[go2:sport] cmd#392 seq=472 policy_v=0.898 policy_w=0.035 sent_v=0.898 sent_w=0.035 ret=0 dt=51.2ms move_ms=0.4 policy_zmq_lag=0.7ms scan_age=50.1ms loop_to_send=6.2ms
[go2:sport] cmd#393 seq=473 policy_v=0.899 policy_w=0.181 sent_v=0.899 sent_w=0.181 ret=0 dt=48.5ms move_ms=0.4 policy_zmq_lag=0.7ms scan_age=37.7ms loop_to_send=6.0ms
[go2:sport] cmd#394 seq=474 policy_v=0.899 policy_w=0.331 sent_v=0.899 sent_w=0.331 ret=0 dt=50.0ms move_ms=0.4 policy_zmq_lag=0.6ms scan_age=47.9ms loop_to_send=5.9ms
[go2:sport] cmd#395 seq=475 policy_v=0.898 policy_w=0.481 sent_v=0.898 sent_w=0.481 ret=0 dt=49.9ms move_ms=0.6 policy_zmq_lag=0.7ms scan_age=37.7ms loop_to_send=5.8ms
[go2:sport] cmd#396 seq=476 policy_v=0.899 policy_w=0.632 sent_v=0.899 sent_w=0.632 ret=0 dt=50.4ms move_ms=0.4 policy_zmq_lag=0.6ms scan_age=48.1ms loop_to_send=5.9ms
[go2:sport] cmd#397 seq=477 policy_v=0.898 policy_w=0.627 sent_v=0.898 sent_w=0.627 ret=0 dt=49.6ms move_ms=0.6 policy_zmq_lag=0.8ms scan_age=38.5ms loop_to_send=5.8ms
[go2:sport] cmd#398 seq=478 policy_v=0.898 policy_w=0.524 sent_v=0.898 sent_w=0.524 ret=0 dt=50.2ms move_ms=0.6 policy_zmq_lag=0.7ms scan_age=47.7ms loop_to_send=5.8ms
[go2:sport] cmd#399 seq=479 policy_v=0.898 policy_w=0.429 sent_v=0.898 sent_w=0.429 ret=0 dt=50.0ms move_ms=0.4 policy_zmq_lag=0.6ms scan_age=37.9ms loop_to_send=5.9ms
[go2:sport] cmd#400 seq=480 policy_v=0.898 policy_w=0.384 sent_v=0.898 sent_w=0.384 ret=0 dt=50.4ms move_ms=0.4 policy_zmq_lag=0.6ms scan_age=49.9ms loop_to_send=6.2ms
[go2:sport] cmd#401 seq=481 policy_v=0.897 policy_w=0.360 sent_v=0.897 sent_w=0.360 ret=0 dt=49.5ms move_ms=0.4 policy_zmq_lag=0.6ms scan_age=38.8ms loop_to_send=6.0ms
[go2:sport] cmd#402 seq=482 policy_v=0.897 policy_w=0.492 sent_v=0.897 sent_w=0.492 ret=0 dt=51.5ms move_ms=0.4 policy_zmq_lag=0.6ms scan_age=49.3ms loop_to_send=7.0ms
[go2:sport] cmd#403 seq=483 policy_v=0.898 policy_w=0.594 sent_v=0.898 sent_w=0.594 ret=0 dt=49.1ms move_ms=0.4 policy_zmq_lag=0.6ms scan_age=39.4ms loop_to_send=6.7ms
[go2:sport] cmd#404 seq=484 policy_v=0.898 policy_w=0.626 sent_v=0.898 sent_w=0.626 ret=0 dt=50.1ms move_ms=0.4 policy_zmq_lag=0.7ms scan_age=48.5ms loop_to_send=6.1ms
[go2:sport] cmd#405 seq=485 policy_v=0.897 policy_w=0.661 sent_v=0.897 sent_w=0.661 ret=0 dt=49.3ms move_ms=0.4 policy_zmq_lag=0.6ms scan_age=37.9ms loop_to_send=5.9ms
[go2:sport] cmd#406 seq=486 policy_v=0.897 policy_w=0.734 sent_v=0.897 sent_w=0.734 ret=0 dt=50.3ms move_ms=0.4 policy_zmq_lag=0.6ms scan_age=48.0ms loop_to_send=6.1ms
[go2:sport] cmd#407 seq=487 policy_v=0.897 policy_w=0.686 sent_v=0.897 sent_w=0.686 ret=0 dt=50.2ms move_ms=0.4 policy_zmq_lag=0.6ms scan_age=38.3ms loop_to_send=6.0ms
[go2:sport] cmd#408 seq=488 policy_v=0.000 policy_w=0.000 sent_v=0.000 sent_w=0.000 ret=0 dt=44.3ms move_ms=0.4 policy_zmq_lag=0.5ms
[go2:sport] cmd#409 seq=489 policy_v=0.000 policy_w=0.000 sent_v=0.000 sent_w=0.000 ret=0 dt=50.7ms move_ms=0.4 policy_zmq_lag=0.5ms
[go2:sport] cmd#410 seq=490 policy_v=0.000 policy_w=0.000 sent_v=0.000 sent_w=0.000 ret=0 dt=49.1ms move_ms=0.4 policy_zmq_lag=0.5ms
[go2:sport] cmd#411 seq=491 policy_v=0.000 policy_w=0.000 sent_v=0.000 sent_w=0.000 ret=0 dt=50.0ms move_ms=0.4 policy_zmq_lag=0.5ms
[go2:sport] cmd#412 seq=492 policy_v=0.000 policy_w=0.000 sent_v=0.000 sent_w=0.000 ret=0 dt=51.0ms move_ms=0.4 policy_zmq_lag=0.5ms
[go2:sport] cmd#413 seq=493 policy_v=0.000 policy_w=0.000 sent_v=0.000 sent_w=0.000 ret=0 dt=50.0ms move_ms=0.5 policy_zmq_lag=0.7ms
[go2:sport] cmd#414 seq=494 policy_v=0.000 policy_w=0.000 sent_v=0.000 sent_w=0.000 ret=0 dt=48.8ms move_ms=0.4 policy_zmq_lag=0.5ms
[go2:sport] cmd#415 seq=495 policy_v=0.000 policy_w=0.000 sent_v=0.000 sent_w=0.000 ret=0 dt=49.9ms move_ms=0.4 policy_zmq_lag=0.5ms
[go2:sport] cmd#416 seq=496 policy_v=0.000 policy_w=0.000 sent_v=0.000 sent_w=0.000 ret=0 dt=50.4ms move_ms=0.4 policy_zmq_lag=0.5ms
[go2:sport] cmd#417 seq=497 policy_v=0.000 policy_w=0.000 sent_v=0.000 sent_w=0.000 ret=0 dt=49.7ms move_ms=0.4 policy_zmq_lag=0.5ms
[go2:sport] cmd#418 seq=498 policy_v=0.000 policy_w=0.000 sent_v=0.000 sent_w=0.000 ret=0 dt=50.0ms move_ms=0.4 policy_zmq_lag=0.5ms
[go2:sport] cmd#419 seq=499 policy_v=0.000 policy_w=0.000 sent_v=0.000 sent_w=0.000 ret=0 dt=50.3ms move_ms=0.4 policy_zmq_lag=0.4ms
[go2:sport] cmd#420 seq=500 policy_v=0.000 policy_w=0.000 sent_v=0.000 sent_w=0.000 ret=0 dt=51.1ms move_ms=0.5 policy_zmq_lag=0.6ms
[go2:sport] cmd#421 seq=501 policy_v=0.000 policy_w=0.000 sent_v=0.000 sent_w=0.000 ret=0 dt=49.1ms move_ms=0.5 policy_zmq_lag=0.6ms
[go2:sport] cmd#422 seq=502 policy_v=0.000 policy_w=0.000 sent_v=0.000 sent_w=0.000 ret=0 dt=50.2ms move_ms=0.5 policy_zmq_lag=0.6ms
[go2:sport] cmd#423 seq=503 policy_v=0.000 policy_w=0.000 sent_v=0.000 sent_w=0.000 ret=0 dt=49.5ms move_ms=0.4 policy_zmq_lag=0.5ms
[go2:sport] cmd#424 seq=504 policy_v=0.000 policy_w=0.000 sent_v=0.000 sent_w=0.000 ret=0 dt=50.5ms move_ms=0.4 policy_zmq_lag=0.6ms
[go2:sport] cmd#425 seq=505 policy_v=0.000 policy_w=0.000 sent_v=0.000 sent_w=0.000 ret=0 dt=49.4ms move_ms=0.4 policy_zmq_lag=0.6ms
[go2:sport] cmd#426 seq=506 policy_v=0.000 policy_w=0.000 sent_v=0.000 sent_w=0.000 ret=0 dt=50.4ms move_ms=0.4 policy_zmq_lag=0.5ms
[go2:sport] cmd#427 seq=507 policy_v=0.000 policy_w=0.000 sent_v=0.000 sent_w=0.000 ret=0 dt=49.7ms move_ms=0.5 policy_zmq_lag=0.6ms
[go2:sport] cmd#428 seq=508 policy_v=0.000 policy_w=0.000 sent_v=0.000 sent_w=0.000 ret=0 dt=50.4ms move_ms=0.4 policy_zmq_lag=0.6ms
[go2:sport] cmd#429 seq=509 policy_v=0.000 policy_w=0.000 sent_v=0.000 sent_w=0.000 ret=0 dt=64.4ms move_ms=0.4 policy_zmq_lag=0.5ms
[go2:sport] cmd#430 seq=510 policy_v=0.000 policy_w=0.000 sent_v=0.000 sent_w=0.000 ret=0 dt=35.9ms move_ms=0.4 policy_zmq_lag=0.5ms
[go2:sport] cmd#431 seq=511 policy_v=0.000 policy_w=0.000 sent_v=0.000 sent_w=0.000 ret=0 dt=49.5ms move_ms=0.4 policy_zmq_lag=0.6ms
[go2:sport] cmd#432 seq=512 policy_v=0.000 policy_w=0.000 sent_v=0.000 sent_w=0.000 ret=0 dt=50.1ms move_ms=0.4 policy_zmq_lag=0.5ms
[go2:sport] cmd#433 seq=513 policy_v=0.000 policy_w=0.000 sent_v=0.000 sent_w=0.000 ret=0 dt=50.3ms move_ms=0.4 policy_zmq_lag=0.5ms
[go2:sport] cmd#434 seq=514 policy_v=0.000 policy_w=0.000 sent_v=0.000 sent_w=0.000 ret=0 dt=50.0ms move_ms=0.4 policy_zmq_lag=0.5ms
[go2:sport] cmd#435 seq=515 policy_v=0.000 policy_w=0.000 sent_v=0.000 sent_w=0.000 ret=0 dt=49.7ms move_ms=0.4 policy_zmq_lag=0.5ms
[go2:sport] cmd#436 seq=516 policy_v=0.000 policy_w=0.000 sent_v=0.000 sent_w=0.000 ret=0 dt=49.5ms move_ms=0.4 policy_zmq_lag=0.5ms
[go2:sport] cmd#437 seq=517 policy_v=0.000 policy_w=0.000 sent_v=0.000 sent_w=0.000 ret=0 dt=50.4ms move_ms=0.5 policy_zmq_lag=0.5ms
[go2:sport] cmd#438 seq=518 policy_v=0.000 policy_w=0.000 sent_v=0.000 sent_w=0.000 ret=0 dt=50.0ms move_ms=0.5 policy_zmq_lag=0.7ms
[go2:sport] cmd#439 seq=519 policy_v=0.000 policy_w=0.000 sent_v=0.000 sent_w=0.000 ret=0 dt=49.8ms move_ms=0.6 policy_zmq_lag=0.6ms
[go2:sport] cmd#440 seq=520 policy_v=0.000 policy_w=0.000 sent_v=0.000 sent_w=0.000 ret=0 dt=49.9ms move_ms=0.4 policy_zmq_lag=0.5ms
[go2:sport] cmd#441 seq=521 policy_v=0.000 policy_w=0.000 sent_v=0.000 sent_w=0.000 ret=0 dt=50.0ms move_ms=0.4 policy_zmq_lag=0.5ms
[go2:sport] cmd#442 seq=522 policy_v=0.000 policy_w=0.000 sent_v=0.000 sent_w=0.000 ret=0 dt=50.5ms move_ms=0.4 policy_zmq_lag=0.6ms
[go2:sport] cmd#443 seq=523 policy_v=0.000 policy_w=0.000 sent_v=0.000 sent_w=0.000 ret=0 dt=49.5ms move_ms=0.5 policy_zmq_lag=0.6ms
[go2:sport] cmd#444 seq=524 policy_v=0.000 policy_w=0.000 sent_v=0.000 sent_w=0.000 ret=0 dt=50.3ms move_ms=0.5 policy_zmq_lag=0.5ms
[go2:sport] cmd#445 seq=525 policy_v=0.000 policy_w=0.000 sent_v=0.000 sent_w=0.000 ret=0 dt=49.7ms move_ms=0.4 policy_zmq_lag=0.5ms
[go2:sport] cmd#446 seq=526 policy_v=0.000 policy_w=0.000 sent_v=0.000 sent_w=0.000 ret=0 dt=50.9ms move_ms=0.5 policy_zmq_lag=0.5ms
[go2:sport] cmd#447 seq=527 policy_v=0.000 policy_w=0.000 sent_v=0.000 sent_w=0.000 ret=0 dt=49.0ms move_ms=0.4 policy_zmq_lag=0.5ms
[go2:sport] cmd#448 seq=528 policy_v=0.000 policy_w=0.000 sent_v=0.000 sent_w=0.000 ret=0 dt=51.1ms move_ms=0.4 policy_zmq_lag=0.5ms
[go2:sport] cmd#449 seq=529 policy_v=0.000 policy_w=0.000 sent_v=0.000 sent_w=0.000 ret=0 dt=49.0ms move_ms=0.4 policy_zmq_lag=0.6ms
[go2:sport] cmd#450 seq=530 policy_v=0.000 policy_w=0.000 sent_v=0.000 sent_w=0.000 ret=0 dt=51.2ms move_ms=0.6 policy_zmq_lag=0.6ms
[go2:sport] cmd#451 seq=531 policy_v=0.000 policy_w=0.000 sent_v=0.000 sent_w=0.000 ret=0 dt=52.7ms move_ms=0.4 policy_zmq_lag=0.6ms
[go2:sport] cmd#452 seq=532 policy_v=0.000 policy_w=0.000 sent_v=0.000 sent_w=0.000 ret=0 dt=46.5ms move_ms=0.4 policy_zmq_lag=0.5ms
[go2:sport] cmd#453 seq=533 policy_v=0.000 policy_w=0.000 sent_v=0.000 sent_w=0.000 ret=0 dt=50.0ms move_ms=0.4 policy_zmq_lag=0.5ms
[go2:sport] cmd#454 seq=534 policy_v=0.000 policy_w=0.000 sent_v=0.000 sent_w=0.000 ret=0 dt=50.0ms move_ms=0.5 policy_zmq_lag=0.6ms
[go2:sport] cmd#455 seq=535 policy_v=0.000 policy_w=0.000 sent_v=0.000 sent_w=0.000 ret=0 dt=49.9ms move_ms=0.4 policy_zmq_lag=0.5ms
[go2:sport] cmd#456 seq=536 policy_v=0.000 policy_w=0.000 sent_v=0.000 sent_w=0.000 ret=0 dt=49.9ms move_ms=0.4 policy_zmq_lag=0.5ms
[go2:sport] cmd#457 seq=537 policy_v=0.000 policy_w=0.000 sent_v=0.000 sent_w=0.000 ret=0 dt=50.1ms move_ms=0.4 policy_zmq_lag=0.5ms
[go2:sport] cmd#458 seq=538 policy_v=0.000 policy_w=0.000 sent_v=0.000 sent_w=0.000 ret=0 dt=50.1ms move_ms=0.4 policy_zmq_lag=0.6ms
[go2:sport] cmd#459 seq=539 policy_v=0.000 policy_w=0.000 sent_v=0.000 sent_w=0.000 ret=0 dt=50.1ms move_ms=0.4 policy_zmq_lag=0.6ms
[go2:sport] cmd#460 seq=540 policy_v=0.000 policy_w=0.000 sent_v=0.000 sent_w=0.000 ret=0 dt=50.2ms move_ms=0.4 policy_zmq_lag=0.9ms
[go2:sport] cmd#461 seq=541 policy_v=0.000 policy_w=0.000 sent_v=0.000 sent_w=0.000 ret=0 dt=49.8ms move_ms=0.5 policy_zmq_lag=0.6ms
[go2:sport] cmd#462 seq=542 policy_v=0.000 policy_w=0.000 sent_v=0.000 sent_w=0.000 ret=0 dt=50.1ms move_ms=0.4 policy_zmq_lag=0.6ms
[go2:sport] cmd#463 seq=543 policy_v=0.000 policy_w=0.000 sent_v=0.000 sent_w=0.000 ret=0 dt=49.9ms move_ms=0.4 policy_zmq_lag=0.6ms
[go2:sport] cmd#464 seq=544 policy_v=0.000 policy_w=0.000 sent_v=0.000 sent_w=0.000 ret=0 dt=49.8ms move_ms=0.4 policy_zmq_lag=0.6ms
[go2:sport] cmd#465 seq=545 policy_v=0.000 policy_w=0.000 sent_v=0.000 sent_w=0.000 ret=0 dt=49.8ms move_ms=0.5 policy_zmq_lag=0.6ms
[go2:sport] cmd#466 seq=546 policy_v=0.000 policy_w=0.000 sent_v=0.000 sent_w=0.000 ret=0 dt=50.4ms move_ms=0.4 policy_zmq_lag=0.5ms
[go2:sport] cmd#467 seq=547 policy_v=0.000 policy_w=0.000 sent_v=0.000 sent_w=0.000 ret=0 dt=49.9ms move_ms=0.5 policy_zmq_lag=0.5ms
[go2:sport] cmd#468 seq=548 policy_v=0.000 policy_w=0.000 sent_v=0.000 sent_w=0.000 ret=0 dt=50.5ms move_ms=0.4 policy_zmq_lag=0.6ms
[go2:sport] cmd#469 seq=549 policy_v=0.000 policy_w=0.000 sent_v=0.000 sent_w=0.000 ret=0 dt=49.8ms move_ms=0.4 policy_zmq_lag=0.6ms
[go2:sport] cmd#470 seq=550 policy_v=0.000 policy_w=0.000 sent_v=0.000 sent_w=0.000 ret=0 dt=49.8ms move_ms=0.4 policy_zmq_lag=0.5ms
[go2:sport] cmd#471 seq=551 policy_v=0.000 policy_w=0.000 sent_v=0.000 sent_w=0.000 ret=0 dt=49.6ms move_ms=0.4 policy_zmq_lag=0.6ms
[go2:sport] cmd#472 seq=552 policy_v=0.000 policy_w=0.000 sent_v=0.000 sent_w=0.000 ret=0 dt=50.5ms move_ms=0.4 policy_zmq_lag=0.6ms
[go2:sport] cmd#473 seq=553 policy_v=0.000 policy_w=0.000 sent_v=0.000 sent_w=0.000 ret=0 dt=49.9ms move_ms=0.4 policy_zmq_lag=0.5ms
[go2:sport] cmd#474 seq=554 policy_v=0.000 policy_w=0.000 sent_v=0.000 sent_w=0.000 ret=0 dt=50.1ms move_ms=0.5 policy_zmq_lag=0.7ms
[go2:sport] cmd#475 seq=555 policy_v=0.000 policy_w=0.000 sent_v=0.000 sent_w=0.000 ret=0 dt=49.6ms move_ms=0.4 policy_zmq_lag=0.6ms
[go2:sport] cmd#476 seq=556 policy_v=0.000 policy_w=0.000 sent_v=0.000 sent_w=0.000 ret=0 dt=50.2ms move_ms=0.4 policy_zmq_lag=0.6ms
[go2:sport] cmd#477 seq=557 policy_v=0.000 policy_w=0.000 sent_v=0.000 sent_w=0.000 ret=0 dt=50.2ms move_ms=0.5 policy_zmq_lag=0.6ms
[go2:sport] cmd#478 seq=558 policy_v=0.000 policy_w=0.000 sent_v=0.000 sent_w=0.000 ret=0 dt=49.7ms move_ms=0.4 policy_zmq_lag=0.5ms
[go2:sport] cmd#479 seq=559 policy_v=0.000 policy_w=0.000 sent_v=0.000 sent_w=0.000 ret=0 dt=50.3ms move_ms=0.4 policy_zmq_lag=0.5ms
[go2:sport] cmd#480 seq=560 policy_v=0.000 policy_w=0.000 sent_v=0.000 sent_w=0.000 ret=0 dt=49.8ms move_ms=0.4 policy_zmq_lag=0.5ms
[go2:sport] cmd#481 seq=561 policy_v=0.000 policy_w=0.000 sent_v=0.000 sent_w=0.000 ret=0 dt=50.5ms move_ms=0.6 policy_zmq_lag=0.7ms
[go2:sport] cmd#482 seq=562 policy_v=0.000 policy_w=0.000 sent_v=0.000 sent_w=0.000 ret=0 dt=49.8ms move_ms=0.4 policy_zmq_lag=0.5ms
[go2:sport] cmd#483 seq=563 policy_v=0.000 policy_w=0.000 sent_v=0.000 sent_w=0.000 ret=0 dt=49.4ms move_ms=0.4 policy_zmq_lag=0.5ms
[go2:sport] cmd#484 seq=564 policy_v=0.000 policy_w=0.000 sent_v=0.000 sent_w=0.000 ret=0 dt=50.7ms move_ms=0.4 policy_zmq_lag=0.5ms
[go2:sport] cmd#485 seq=565 policy_v=0.000 policy_w=0.000 sent_v=0.000 sent_w=0.000 ret=0 dt=51.9ms move_ms=0.4 policy_zmq_lag=0.6ms
[go2:sport] cmd#486 seq=566 policy_v=0.000 policy_w=0.000 sent_v=0.000 sent_w=0.000 ret=0 dt=48.5ms move_ms=0.4 policy_zmq_lag=0.5ms
[go2:sport] cmd#487 seq=567 policy_v=0.000 policy_w=0.000 sent_v=0.000 sent_w=0.000 ret=0 dt=49.9ms move_ms=0.5 policy_zmq_lag=0.5ms
[go2:sport] cmd#488 seq=568 policy_v=0.000 policy_w=0.000 sent_v=0.000 sent_w=0.000 ret=0 dt=49.7ms move_ms=0.4 policy_zmq_lag=0.6ms
[go2:sport] cmd#489 seq=569 policy_v=0.000 policy_w=0.000 sent_v=0.000 sent_w=0.000 ret=0 dt=49.8ms move_ms=0.4 policy_zmq_lag=0.6ms
[go2:sport] cmd#490 seq=570 policy_v=0.000 policy_w=0.000 sent_v=0.000 sent_w=0.000 ret=0 dt=50.1ms move_ms=0.4 policy_zmq_lag=0.6ms
[go2:sport] cmd#491 seq=571 policy_v=0.000 policy_w=0.000 sent_v=0.000 sent_w=0.000 ret=0 dt=50.2ms move_ms=0.4 policy_zmq_lag=0.5ms
[go2:sport] cmd#492 seq=572 policy_v=0.000 policy_w=0.000 sent_v=0.000 sent_w=0.000 ret=0 dt=50.8ms move_ms=0.4 policy_zmq_lag=0.5ms
[go2:sport] cmd#493 seq=573 policy_v=0.000 policy_w=0.000 sent_v=0.000 sent_w=0.000 ret=0 dt=48.5ms move_ms=0.4 policy_zmq_lag=0.6ms
[go2:sport] cmd#494 seq=574 policy_v=0.000 policy_w=0.000 sent_v=0.000 sent_w=0.000 ret=0 dt=50.5ms move_ms=0.4 policy_zmq_lag=0.6ms
[go2:sport] cmd#495 seq=575 policy_v=0.000 policy_w=0.000 sent_v=0.000 sent_w=0.000 ret=0 dt=49.4ms move_ms=0.4 policy_zmq_lag=0.6ms
[go2:sport] cmd#496 seq=576 policy_v=0.000 policy_w=0.000 sent_v=0.000 sent_w=0.000 ret=0 dt=50.7ms move_ms=0.4 policy_zmq_lag=0.5ms
[go2:sport] cmd#497 seq=577 policy_v=0.000 policy_w=0.000 sent_v=0.000 sent_w=0.000 ret=0 dt=49.8ms move_ms=0.4 policy_zmq_lag=0.7ms
[go2:sport] cmd#498 seq=578 policy_v=0.000 policy_w=0.000 sent_v=0.000 sent_w=0.000 ret=0 dt=49.6ms move_ms=0.4 policy_zmq_lag=0.6ms
[go2:sport] cmd#499 seq=579 policy_v=0.000 policy_w=0.000 sent_v=0.000 sent_w=0.000 ret=0 dt=50.2ms move_ms=0.4 policy_zmq_lag=0.6ms
[go2:sport] cmd#500 seq=580 policy_v=0.000 policy_w=0.000 sent_v=0.000 sent_w=0.000 ret=0 dt=50.3ms move_ms=0.5 policy_zmq_lag=0.5ms
[go2:sport] cmd#501 seq=581 policy_v=0.000 policy_w=0.000 sent_v=0.000 sent_w=0.000 ret=0 dt=49.9ms move_ms=0.5 policy_zmq_lag=0.7ms
[go2:sport] cmd#502 seq=582 policy_v=0.000 policy_w=0.000 sent_v=0.000 sent_w=0.000 ret=0 dt=50.0ms move_ms=0.4 policy_zmq_lag=0.6ms
[go2:sport] cmd#503 seq=583 policy_v=0.000 policy_w=0.000 sent_v=0.000 sent_w=0.000 ret=0 dt=50.1ms move_ms=0.4 policy_zmq_lag=0.5ms
[go2:sport] cmd#504 seq=584 policy_v=0.000 policy_w=0.000 sent_v=0.000 sent_w=0.000 ret=0 dt=50.8ms move_ms=0.4 policy_zmq_lag=0.6ms
[go2:sport] cmd#505 seq=585 policy_v=0.000 policy_w=0.000 sent_v=0.000 sent_w=0.000 ret=0 dt=48.7ms move_ms=0.4 policy_zmq_lag=0.5ms
[go2:sport] cmd#506 seq=586 policy_v=0.000 policy_w=0.000 sent_v=0.000 sent_w=0.000 ret=0 dt=50.7ms move_ms=0.4 policy_zmq_lag=0.6ms
[go2:sport] cmd#507 seq=587 policy_v=0.000 policy_w=0.000 sent_v=0.000 sent_w=0.000 ret=0 dt=49.8ms move_ms=0.4 policy_zmq_lag=0.5ms
[go2:sport] cmd#508 seq=588 policy_v=0.000 policy_w=0.000 sent_v=0.000 sent_w=0.000 ret=0 dt=49.9ms move_ms=0.4 policy_zmq_lag=0.5ms
[go2:sport] cmd#509 seq=589 policy_v=0.000 policy_w=0.000 sent_v=0.000 sent_w=0.000 ret=0 dt=49.8ms move_ms=0.4 policy_zmq_lag=0.5ms
[go2:sport] cmd#510 seq=590 policy_v=0.000 policy_w=0.000 sent_v=0.000 sent_w=0.000 ret=0 dt=49.9ms move_ms=0.4 policy_zmq_lag=0.5ms
[go2:sport] cmd#511 seq=591 policy_v=0.000 policy_w=0.000 sent_v=0.000 sent_w=0.000 ret=0 dt=50.3ms move_ms=0.4 policy_zmq_lag=0.5ms
[go2:sport] cmd#512 seq=592 policy_v=0.000 policy_w=0.000 sent_v=0.000 sent_w=0.000 ret=0 dt=50.7ms move_ms=0.4 policy_zmq_lag=0.5ms
[go2:sport] cmd#513 seq=593 policy_v=0.000 policy_w=0.000 sent_v=0.000 sent_w=0.000 ret=0 dt=49.4ms move_ms=0.5 policy_zmq_lag=0.5ms
[go2:sport] cmd#514 seq=594 policy_v=0.000 policy_w=0.000 sent_v=0.000 sent_w=0.000 ret=0 dt=50.1ms move_ms=0.4 policy_zmq_lag=0.6ms
[go2:sport] cmd#515 seq=595 policy_v=0.000 policy_w=0.000 sent_v=0.000 sent_w=0.000 ret=0 dt=49.5ms move_ms=0.4 policy_zmq_lag=0.5ms
[go2:sport] cmd#516 seq=596 policy_v=0.000 policy_w=0.000 sent_v=0.000 sent_w=0.000 ret=0 dt=50.6ms move_ms=0.4 policy_zmq_lag=0.5ms
[go2:sport] cmd#517 seq=597 policy_v=0.000 policy_w=0.000 sent_v=0.000 sent_w=0.000 ret=0 dt=49.8ms move_ms=0.4 policy_zmq_lag=0.5ms
[go2:sport] cmd#518 seq=598 policy_v=0.000 policy_w=0.000 sent_v=0.000 sent_w=0.000 ret=0 dt=50.1ms move_ms=0.5 policy_zmq_lag=0.6ms
[go2:sport] cmd#519 seq=599 policy_v=0.000 policy_w=0.000 sent_v=0.000 sent_w=0.000 ret=0 dt=49.4ms move_ms=0.4 policy_zmq_lag=0.5ms
[go2:sport] cmd#520 seq=600 policy_v=0.000 policy_w=0.000 sent_v=0.000 sent_w=0.000 ret=0 dt=50.0ms move_ms=0.4 policy_zmq_lag=0.5ms
[go2:sport] cmd#521 seq=601 policy_v=0.000 policy_w=0.000 sent_v=0.000 sent_w=0.000 ret=0 dt=50.5ms move_ms=0.6 policy_zmq_lag=0.7ms
[go2:sport] cmd#522 seq=602 policy_v=0.000 policy_w=0.000 sent_v=0.000 sent_w=0.000 ret=0 dt=49.9ms move_ms=0.4 policy_zmq_lag=0.6ms
[go2:sport] cmd#523 seq=603 policy_v=0.000 policy_w=0.000 sent_v=0.000 sent_w=0.000 ret=0 dt=50.0ms move_ms=0.4 policy_zmq_lag=0.6ms
[go2:sport] cmd#524 seq=604 policy_v=0.000 policy_w=0.000 sent_v=0.000 sent_w=0.000 ret=0 dt=49.9ms move_ms=0.4 policy_zmq_lag=0.6ms
[go2:sport] cmd#525 seq=605 policy_v=0.000 policy_w=0.000 sent_v=0.000 sent_w=0.000 ret=0 dt=49.9ms move_ms=0.4 policy_zmq_lag=0.5ms
[go2:sport] cmd#526 seq=606 policy_v=0.000 policy_w=0.000 sent_v=0.000 sent_w=0.000 ret=0 dt=50.3ms move_ms=0.4 policy_zmq_lag=0.6ms
[go2:sport] cmd#527 seq=607 policy_v=0.000 policy_w=0.000 sent_v=0.000 sent_w=0.000 ret=0 dt=50.0ms move_ms=0.4 policy_zmq_lag=0.5ms
[go2:sport] cmd#528 seq=608 policy_v=0.000 policy_w=0.000 sent_v=0.000 sent_w=0.000 ret=0 dt=49.9ms move_ms=0.4 policy_zmq_lag=0.5ms
[go2:sport] cmd#529 seq=609 policy_v=0.000 policy_w=0.000 sent_v=0.000 sent_w=0.000 ret=0 dt=49.9ms move_ms=0.4 policy_zmq_lag=0.5ms
[go2:sport] cmd#530 seq=610 policy_v=0.000 policy_w=0.000 sent_v=0.000 sent_w=0.000 ret=0 dt=50.4ms move_ms=0.4 policy_zmq_lag=0.6ms
[go2:sport] cmd#531 seq=611 policy_v=0.000 policy_w=0.000 sent_v=0.000 sent_w=0.000 ret=0 dt=49.8ms move_ms=0.4 policy_zmq_lag=0.5ms
[go2:sport] cmd#532 seq=612 policy_v=0.000 policy_w=0.000 sent_v=0.000 sent_w=0.000 ret=0 dt=50.0ms move_ms=0.4 policy_zmq_lag=0.6ms
[go2:sport] cmd#533 seq=613 policy_v=0.000 policy_w=0.000 sent_v=0.000 sent_w=0.000 ret=0 dt=50.0ms move_ms=0.4 policy_zmq_lag=0.6ms
[go2:sport] cmd#534 seq=614 policy_v=0.000 policy_w=0.000 sent_v=0.000 sent_w=0.000 ret=0 dt=49.7ms move_ms=0.5 policy_zmq_lag=0.6ms
[go2:sport] cmd#535 seq=615 policy_v=0.000 policy_w=0.000 sent_v=0.000 sent_w=0.000 ret=0 dt=52.2ms move_ms=0.4 policy_zmq_lag=0.6ms
[go2:sport] cmd#536 seq=616 policy_v=0.000 policy_w=0.000 sent_v=0.000 sent_w=0.000 ret=0 dt=50.3ms move_ms=0.4 policy_zmq_lag=0.5ms
[go2:sport] cmd#537 seq=617 policy_v=0.000 policy_w=0.000 sent_v=0.000 sent_w=0.000 ret=0 dt=47.5ms move_ms=0.4 policy_zmq_lag=0.5ms
[go2:sport] cmd#538 seq=618 policy_v=0.000 policy_w=0.000 sent_v=0.000 sent_w=0.000 ret=0 dt=50.3ms move_ms=0.4 policy_zmq_lag=0.6ms
[go2:sport] cmd#539 seq=619 policy_v=0.000 policy_w=0.000 sent_v=0.000 sent_w=0.000 ret=0 dt=49.8ms move_ms=0.4 policy_zmq_lag=0.5ms
[go2:sport] cmd#540 seq=620 policy_v=0.000 policy_w=0.000 sent_v=0.000 sent_w=0.000 ret=0 dt=50.0ms move_ms=0.4 policy_zmq_lag=0.6ms
[go2:sport] cmd#541 seq=621 policy_v=0.000 policy_w=0.000 sent_v=0.000 sent_w=0.000 ret=0 dt=49.6ms move_ms=0.4 policy_zmq_lag=0.5ms
[go2:sport] cmd#542 seq=622 policy_v=0.000 policy_w=0.000 sent_v=0.000 sent_w=0.000 ret=0 dt=50.3ms move_ms=0.4 policy_zmq_lag=0.5ms
[go2:sport] cmd#543 seq=623 policy_v=0.000 policy_w=0.000 sent_v=0.000 sent_w=0.000 ret=0 dt=49.7ms move_ms=0.4 policy_zmq_lag=0.5ms
[go2:sport] cmd#544 seq=624 policy_v=0.000 policy_w=0.000 sent_v=0.000 sent_w=0.000 ret=0 dt=50.6ms move_ms=0.4 policy_zmq_lag=0.5ms
[go2:sport] cmd#545 seq=625 policy_v=0.000 policy_w=0.000 sent_v=0.000 sent_w=0.000 ret=0 dt=49.5ms move_ms=0.4 policy_zmq_lag=0.5ms
[go2:sport] cmd#546 seq=626 policy_v=0.000 policy_w=0.000 sent_v=0.000 sent_w=0.000 ret=0 dt=50.7ms move_ms=0.4 policy_zmq_lag=0.5ms
[go2:sport] cmd#547 seq=627 policy_v=0.000 policy_w=0.000 sent_v=0.000 sent_w=0.000 ret=0 dt=49.1ms move_ms=0.4 policy_zmq_lag=0.5ms
[go2:sport] cmd#548 seq=628 policy_v=0.000 policy_w=0.000 sent_v=0.000 sent_w=0.000 ret=0 dt=50.4ms move_ms=0.5 policy_zmq_lag=0.6ms
[go2:sport] cmd#549 seq=629 policy_v=0.000 policy_w=0.000 sent_v=0.000 sent_w=0.000 ret=0 dt=49.9ms move_ms=0.4 policy_zmq_lag=0.5ms
[go2:sport] cmd#550 seq=630 policy_v=0.000 policy_w=0.000 sent_v=0.000 sent_w=0.000 ret=0 dt=50.6ms move_ms=0.4 policy_zmq_lag=0.5ms
[go2:sport] cmd#551 seq=631 policy_v=0.000 policy_w=0.000 sent_v=0.000 sent_w=0.000 ret=0 dt=49.5ms move_ms=0.4 policy_zmq_lag=0.5ms
[go2:sport] cmd#552 seq=632 policy_v=0.000 policy_w=0.000 sent_v=0.000 sent_w=0.000 ret=0 dt=50.0ms move_ms=0.4 policy_zmq_lag=0.6ms
[go2:sport] cmd#553 seq=633 policy_v=0.000 policy_w=0.000 sent_v=0.000 sent_w=0.000 ret=0 dt=49.8ms move_ms=0.4 policy_zmq_lag=0.5ms
[go2:sport] cmd#554 seq=634 policy_v=0.000 policy_w=0.000 sent_v=0.000 sent_w=0.000 ret=0 dt=50.7ms move_ms=0.4 policy_zmq_lag=0.5ms
[go2:sport] cmd#555 seq=635 policy_v=0.000 policy_w=0.000 sent_v=0.000 sent_w=0.000 ret=0 dt=49.7ms move_ms=0.5 policy_zmq_lag=0.6ms
[go2:sport] cmd#556 seq=636 policy_v=0.000 policy_w=0.000 sent_v=0.000 sent_w=0.000 ret=0 dt=50.6ms move_ms=0.4 policy_zmq_lag=0.6ms
[go2:sport] cmd#557 seq=637 policy_v=0.000 policy_w=0.000 sent_v=0.000 sent_w=0.000 ret=0 dt=49.4ms move_ms=0.4 policy_zmq_lag=0.8ms
[go2:sport] cmd#558 seq=638 policy_v=0.000 policy_w=0.000 sent_v=0.000 sent_w=0.000 ret=0 dt=52.4ms move_ms=0.5 policy_zmq_lag=0.5ms
[go2:sport] cmd#559 seq=639 policy_v=0.000 policy_w=0.000 sent_v=0.000 sent_w=0.000 ret=0 dt=47.5ms move_ms=0.4 policy_zmq_lag=0.5ms
[go2:sport] cmd#560 seq=640 policy_v=0.000 policy_w=0.000 sent_v=0.000 sent_w=0.000 ret=0 dt=49.9ms move_ms=0.4 policy_zmq_lag=0.5ms
[go2:sport] cmd#561 seq=641 policy_v=0.000 policy_w=0.000 sent_v=0.000 sent_w=0.000 ret=0 dt=50.1ms move_ms=0.4 policy_zmq_lag=0.5ms
[go2:sport] cmd#562 seq=642 policy_v=0.000 policy_w=0.000 sent_v=0.000 sent_w=0.000 ret=0 dt=49.8ms move_ms=0.4 policy_zmq_lag=0.6ms
[go2:sport] cmd#563 seq=643 policy_v=0.000 policy_w=0.000 sent_v=0.000 sent_w=0.000 ret=0 dt=49.9ms move_ms=0.4 policy_zmq_lag=0.5ms
[go2:sport] cmd#564 seq=644 policy_v=0.000 policy_w=0.000 sent_v=0.000 sent_w=0.000 ret=0 dt=50.0ms move_ms=0.4 policy_zmq_lag=0.5ms
[go2:sport] cmd#565 seq=645 policy_v=0.000 policy_w=0.000 sent_v=0.000 sent_w=0.000 ret=0 dt=49.9ms move_ms=0.5 policy_zmq_lag=0.6ms
[go2:sport] cmd#566 seq=646 policy_v=0.000 policy_w=0.000 sent_v=0.000 sent_w=0.000 ret=0 dt=50.3ms move_ms=0.4 policy_zmq_lag=0.6ms
[go2:sport] cmd#567 seq=647 policy_v=0.000 policy_w=0.000 sent_v=0.000 sent_w=0.000 ret=0 dt=50.1ms move_ms=0.4 policy_zmq_lag=0.6ms
[go2:sport] cmd#568 seq=648 policy_v=0.000 policy_w=0.000 sent_v=0.000 sent_w=0.000 ret=0 dt=50.3ms move_ms=0.4 policy_zmq_lag=0.6ms
[go2:sport] cmd#569 seq=649 policy_v=0.000 policy_w=0.000 sent_v=0.000 sent_w=0.000 ret=0 dt=49.6ms move_ms=0.4 policy_zmq_lag=0.5ms
[go2:sport] cmd#570 seq=650 policy_v=0.000 policy_w=0.000 sent_v=0.000 sent_w=0.000 ret=0 dt=49.9ms move_ms=0.4 policy_zmq_lag=0.5ms
[go2:sport] cmd#571 seq=651 policy_v=0.000 policy_w=0.000 sent_v=0.000 sent_w=0.000 ret=0 dt=50.2ms move_ms=0.4 policy_zmq_lag=0.5ms
[go2:sport] cmd#572 seq=652 policy_v=0.000 policy_w=0.000 sent_v=0.000 sent_w=0.000 ret=0 dt=50.3ms move_ms=0.4 policy_zmq_lag=0.5ms
[go2:sport] cmd#573 seq=653 policy_v=0.000 policy_w=0.000 sent_v=0.000 sent_w=0.000 ret=0 dt=49.4ms move_ms=0.4 policy_zmq_lag=0.5ms
[go2:sport] cmd#574 seq=654 policy_v=0.000 policy_w=0.000 sent_v=0.000 sent_w=0.000 ret=0 dt=50.5ms move_ms=0.4 policy_zmq_lag=0.5ms
[go2:sport] cmd#575 seq=655 policy_v=0.000 policy_w=0.000 sent_v=0.000 sent_w=0.000 ret=0 dt=49.5ms move_ms=0.4 policy_zmq_lag=0.5ms
[go2:sport] cmd#576 seq=656 policy_v=0.000 policy_w=0.000 sent_v=0.000 sent_w=0.000 ret=0 dt=49.9ms move_ms=0.4 policy_zmq_lag=0.5ms
[go2:sport] cmd#577 seq=657 policy_v=0.000 policy_w=0.000 sent_v=0.000 sent_w=0.000 ret=0 dt=50.0ms move_ms=0.4 policy_zmq_lag=0.5ms
[go2:sport] cmd#578 seq=658 policy_v=0.000 policy_w=0.000 sent_v=0.000 sent_w=0.000 ret=0 dt=50.3ms move_ms=0.4 policy_zmq_lag=0.5ms
[go2:sport] cmd#579 seq=659 policy_v=0.000 policy_w=0.000 sent_v=0.000 sent_w=0.000 ret=0 dt=51.9ms move_ms=0.4 policy_zmq_lag=0.5ms
[go2:sport] cmd#580 seq=660 policy_v=0.000 policy_w=0.000 sent_v=0.000 sent_w=0.000 ret=0 dt=50.7ms move_ms=0.4 policy_zmq_lag=0.5ms
[go2:sport] cmd#581 seq=661 policy_v=0.000 policy_w=0.000 sent_v=0.000 sent_w=0.000 ret=0 dt=47.2ms move_ms=0.4 policy_zmq_lag=0.5ms
[go2:sport] cmd#582 seq=662 policy_v=0.000 policy_w=0.000 sent_v=0.000 sent_w=0.000 ret=0 dt=50.7ms move_ms=0.4 policy_zmq_lag=0.6ms
[go2:sport] cmd#583 seq=663 policy_v=0.000 policy_w=0.000 sent_v=0.000 sent_w=0.000 ret=0 dt=49.2ms move_ms=0.4 policy_zmq_lag=0.5ms
[go2:sport] cmd#584 seq=664 policy_v=0.000 policy_w=0.000 sent_v=0.000 sent_w=0.000 ret=0 dt=50.0ms move_ms=0.6 policy_zmq_lag=0.6ms
[go2:sport] cmd#585 seq=665 policy_v=0.000 policy_w=0.000 sent_v=0.000 sent_w=0.000 ret=0 dt=50.0ms move_ms=0.4 policy_zmq_lag=0.5ms
[go2:sport] cmd#586 seq=666 policy_v=0.000 policy_w=0.000 sent_v=0.000 sent_w=0.000 ret=0 dt=49.9ms move_ms=0.4 policy_zmq_lag=0.5ms
[go2:sport] cmd#587 seq=667 policy_v=0.000 policy_w=0.000 sent_v=0.000 sent_w=0.000 ret=0 dt=49.9ms move_ms=0.3 policy_zmq_lag=0.5ms
[go2:sport] cmd#588 seq=668 policy_v=0.000 policy_w=0.000 sent_v=0.000 sent_w=0.000 ret=0 dt=50.3ms move_ms=0.4 policy_zmq_lag=0.6ms
[go2:sport] cmd#589 seq=669 policy_v=0.000 policy_w=0.000 sent_v=0.000 sent_w=0.000 ret=0 dt=49.9ms move_ms=0.4 policy_zmq_lag=0.5ms
[go2:sport] cmd#590 seq=670 policy_v=0.000 policy_w=0.000 sent_v=0.000 sent_w=0.000 ret=0 dt=50.4ms move_ms=0.4 policy_zmq_lag=0.6ms
[go2:sport] cmd#591 seq=671 policy_v=0.000 policy_w=0.000 sent_v=0.000 sent_w=0.000 ret=0 dt=49.8ms move_ms=0.4 policy_zmq_lag=0.7ms
[go2:sport] cmd#592 seq=672 policy_v=0.000 policy_w=0.000 sent_v=0.000 sent_w=0.000 ret=0 dt=49.7ms move_ms=0.4 policy_zmq_lag=0.5ms
[go2:sport] cmd#593 seq=673 policy_v=0.000 policy_w=0.000 sent_v=0.000 sent_w=0.000 ret=0 dt=50.1ms move_ms=0.4 policy_zmq_lag=0.5ms
[go2:sport] cmd#594 seq=674 policy_v=0.000 policy_w=0.000 sent_v=0.000 sent_w=0.000 ret=0 dt=50.0ms move_ms=0.4 policy_zmq_lag=0.6ms
[go2:sport] cmd#595 seq=675 policy_v=0.000 policy_w=0.000 sent_v=0.000 sent_w=0.000 ret=0 dt=50.0ms move_ms=0.4 policy_zmq_lag=0.5ms
[go2:sport] cmd#596 seq=676 policy_v=0.000 policy_w=0.000 sent_v=0.000 sent_w=0.000 ret=0 dt=50.7ms move_ms=0.4 policy_zmq_lag=0.5ms
[go2:sport] cmd#597 seq=677 policy_v=0.000 policy_w=0.000 sent_v=0.000 sent_w=0.000 ret=0 dt=49.5ms move_ms=0.4 policy_zmq_lag=0.5ms
[go2:sport] cmd#598 seq=678 policy_v=0.000 policy_w=0.000 sent_v=0.000 sent_w=0.000 ret=0 dt=49.8ms move_ms=0.4 policy_zmq_lag=0.5ms
[go2:sport] cmd#599 seq=679 policy_v=0.000 policy_w=0.000 sent_v=0.000 sent_w=0.000 ret=0 dt=50.2ms move_ms=0.4 policy_zmq_lag=0.5ms
[go2:sport] cmd#600 seq=680 policy_v=0.000 policy_w=0.000 sent_v=0.000 sent_w=0.000 ret=0 dt=49.7ms move_ms=0.4 policy_zmq_lag=0.5ms
[go2:sport] cmd#601 seq=681 policy_v=0.000 policy_w=0.000 sent_v=0.000 sent_w=0.000 ret=0 dt=50.7ms move_ms=0.4 policy_zmq_lag=0.6ms
[go2:sport] cmd#602 seq=682 policy_v=0.000 policy_w=0.000 sent_v=0.000 sent_w=0.000 ret=0 dt=49.6ms move_ms=0.4 policy_zmq_lag=0.6ms
[go2:sport] cmd#603 seq=683 policy_v=0.000 policy_w=0.000 sent_v=0.000 sent_w=0.000 ret=0 dt=49.6ms move_ms=0.4 policy_zmq_lag=0.5ms
[go2:sport] cmd#604 seq=684 policy_v=0.000 policy_w=0.000 sent_v=0.000 sent_w=0.000 ret=0 dt=50.4ms move_ms=0.4 policy_zmq_lag=0.5ms
[go2:sport] cmd#605 seq=685 policy_v=0.000 policy_w=0.000 sent_v=0.000 sent_w=0.000 ret=0 dt=50.0ms move_ms=0.4 policy_zmq_lag=0.5ms
[go2:sport] cmd#606 seq=686 policy_v=0.000 policy_w=0.000 sent_v=0.000 sent_w=0.000 ret=0 dt=50.2ms move_ms=0.4 policy_zmq_lag=0.5ms
[go2:sport] cmd#607 seq=687 policy_v=0.000 policy_w=0.000 sent_v=0.000 sent_w=0.000 ret=0 dt=49.2ms move_ms=0.4 policy_zmq_lag=0.5ms
[go2:sport] cmd#608 seq=688 policy_v=0.000 policy_w=0.000 sent_v=0.000 sent_w=0.000 ret=0 dt=50.4ms move_ms=0.5 policy_zmq_lag=0.5ms
[go2:sport] cmd#609 seq=689 policy_v=0.000 policy_w=0.000 sent_v=0.000 sent_w=0.000 ret=0 dt=49.6ms move_ms=0.4 policy_zmq_lag=0.5ms
[go2:sport] cmd#610 seq=690 policy_v=0.000 policy_w=0.000 sent_v=0.000 sent_w=0.000 ret=0 dt=50.1ms move_ms=0.4 policy_zmq_lag=0.5ms
[go2:sport] cmd#611 seq=691 policy_v=0.000 policy_w=0.000 sent_v=0.000 sent_w=0.000 ret=0 dt=50.5ms move_ms=0.4 policy_zmq_lag=0.5ms
[go2:sport] cmd#612 seq=692 policy_v=0.000 policy_w=0.000 sent_v=0.000 sent_w=0.000 ret=0 dt=49.5ms move_ms=0.4 policy_zmq_lag=0.6ms
[go2:sport] cmd#613 seq=693 policy_v=0.000 policy_w=0.000 sent_v=0.000 sent_w=0.000 ret=0 dt=50.3ms move_ms=0.4 policy_zmq_lag=0.6ms
[go2:sport] cmd#614 seq=694 policy_v=0.000 policy_w=0.000 sent_v=0.000 sent_w=0.000 ret=0 dt=49.7ms move_ms=0.4 policy_zmq_lag=0.6ms
[go2:sport] cmd#615 seq=695 policy_v=0.000 policy_w=0.000 sent_v=0.000 sent_w=0.000 ret=0 dt=50.3ms move_ms=0.4 policy_zmq_lag=0.5ms
[go2:sport] cmd#616 seq=696 policy_v=0.000 policy_w=0.000 sent_v=0.000 sent_w=0.000 ret=0 dt=49.8ms move_ms=0.4 policy_zmq_lag=0.5ms
[go2:sport] cmd#617 seq=697 policy_v=0.000 policy_w=0.000 sent_v=0.000 sent_w=0.000 ret=0 dt=49.7ms move_ms=0.4 policy_zmq_lag=0.5ms
[go2:sport] cmd#618 seq=698 policy_v=0.000 policy_w=0.000 sent_v=0.000 sent_w=0.000 ret=0 dt=50.6ms move_ms=0.6 policy_zmq_lag=0.7ms
[go2:sport] cmd#619 seq=699 policy_v=0.000 policy_w=0.000 sent_v=0.000 sent_w=0.000 ret=0 dt=49.7ms move_ms=0.4 policy_zmq_lag=0.5ms
[go2:sport] cmd#620 seq=700 policy_v=0.000 policy_w=0.000 sent_v=0.000 sent_w=0.000 ret=0 dt=50.3ms move_ms=0.5 policy_zmq_lag=0.6ms
[go2:sport] cmd#621 seq=701 policy_v=0.000 policy_w=0.000 sent_v=0.000 sent_w=0.000 ret=0 dt=49.4ms move_ms=0.4 policy_zmq_lag=0.5ms
[go2:sport] cmd#622 seq=702 policy_v=0.000 policy_w=0.000 sent_v=0.000 sent_w=0.000 ret=0 dt=50.3ms move_ms=0.4 policy_zmq_lag=0.6ms
[go2:sport] cmd#623 seq=703 policy_v=0.000 policy_w=0.000 sent_v=0.000 sent_w=0.000 ret=0 dt=50.4ms move_ms=0.4 policy_zmq_lag=0.5ms
[go2:sport] cmd#624 seq=704 policy_v=0.000 policy_w=0.000 sent_v=0.000 sent_w=0.000 ret=0 dt=50.2ms move_ms=0.4 policy_zmq_lag=0.7ms
[go2:sport] cmd#625 seq=705 policy_v=0.000 policy_w=0.000 sent_v=0.000 sent_w=0.000 ret=0 dt=49.1ms move_ms=0.4 policy_zmq_lag=0.5ms
[go2:sport] cmd#626 seq=706 policy_v=0.000 policy_w=0.000 sent_v=0.000 sent_w=0.000 ret=0 dt=50.1ms move_ms=0.4 policy_zmq_lag=0.5ms
[go2:sport] cmd#627 seq=707 policy_v=0.000 policy_w=0.000 sent_v=0.000 sent_w=0.000 ret=0 dt=50.0ms move_ms=0.3 policy_zmq_lag=0.5ms
[go2:sport] cmd#628 seq=708 policy_v=0.000 policy_w=0.000 sent_v=0.000 sent_w=0.000 ret=0 dt=50.8ms move_ms=0.6 policy_zmq_lag=0.6ms
[go2:sport] cmd#629 seq=709 policy_v=0.000 policy_w=0.000 sent_v=0.000 sent_w=0.000 ret=0 dt=49.1ms move_ms=0.3 policy_zmq_lag=0.5ms
[go2:sport] cmd#630 seq=710 policy_v=0.000 policy_w=0.000 sent_v=0.000 sent_w=0.000 ret=0 dt=50.6ms move_ms=0.4 policy_zmq_lag=0.5ms
[go2:sport] cmd#631 seq=711 policy_v=0.000 policy_w=0.000 sent_v=0.000 sent_w=0.000 ret=0 dt=49.6ms move_ms=0.3 policy_zmq_lag=0.5ms
[go2:sport] cmd#632 seq=712 policy_v=0.000 policy_w=0.000 sent_v=0.000 sent_w=0.000 ret=0 dt=50.8ms move_ms=0.4 policy_zmq_lag=0.5ms
[go2:sport] cmd#633 seq=713 policy_v=0.000 policy_w=0.000 sent_v=0.000 sent_w=0.000 ret=0 dt=49.5ms move_ms=0.4 policy_zmq_lag=0.5ms
[go2:sport] cmd#634 seq=714 policy_v=0.000 policy_w=0.000 sent_v=0.000 sent_w=0.000 ret=0 dt=50.2ms move_ms=0.4 policy_zmq_lag=0.6ms
[go2:sport] cmd#635 seq=715 policy_v=0.000 policy_w=0.000 sent_v=0.000 sent_w=0.000 ret=0 dt=50.1ms move_ms=0.5 policy_zmq_lag=0.6ms
[go2:sport] cmd#636 seq=716 policy_v=0.000 policy_w=0.000 sent_v=0.000 sent_w=0.000 ret=0 dt=49.6ms move_ms=0.4 policy_zmq_lag=0.5ms
[go2:sport] cmd#637 seq=717 policy_v=0.000 policy_w=0.000 sent_v=0.000 sent_w=0.000 ret=0 dt=49.7ms move_ms=0.4 policy_zmq_lag=0.5ms
[go2:sport] cmd#638 seq=718 policy_v=0.000 policy_w=0.000 sent_v=0.000 sent_w=0.000 ret=0 dt=50.6ms move_ms=0.4 policy_zmq_lag=0.5ms
[go2:sport] cmd#639 seq=719 policy_v=0.000 policy_w=0.000 sent_v=0.000 sent_w=0.000 ret=0 dt=49.3ms move_ms=0.3 policy_zmq_lag=0.5ms
[go2:sport] cmd#640 seq=720 policy_v=0.000 policy_w=0.000 sent_v=0.000 sent_w=0.000 ret=0 dt=50.5ms move_ms=0.4 policy_zmq_lag=0.5ms
[go2:sport] cmd#641 seq=721 policy_v=0.000 policy_w=0.000 sent_v=0.000 sent_w=0.000 ret=0 dt=49.6ms move_ms=0.4 policy_zmq_lag=0.5ms
[go2:sport] cmd#642 seq=722 policy_v=0.000 policy_w=0.000 sent_v=0.000 sent_w=0.000 ret=0 dt=53.2ms move_ms=0.4 policy_zmq_lag=1.5ms
[go2:sport] cmd#643 seq=723 policy_v=0.000 policy_w=0.000 sent_v=0.000 sent_w=0.000 ret=0 dt=51.4ms move_ms=0.3 policy_zmq_lag=0.8ms
[go2:sport] cmd#644 seq=724 policy_v=0.000 policy_w=0.000 sent_v=0.000 sent_w=0.000 ret=0 dt=45.5ms move_ms=0.5 policy_zmq_lag=0.7ms
[go2:sport] cmd#645 seq=725 policy_v=0.000 policy_w=0.000 sent_v=0.000 sent_w=0.000 ret=0 dt=50.0ms move_ms=0.4 policy_zmq_lag=0.5ms
[go2:sport] cmd#646 seq=726 policy_v=0.000 policy_w=0.000 sent_v=0.000 sent_w=0.000 ret=0 dt=50.3ms move_ms=0.5 policy_zmq_lag=0.5ms
[go2:sport] cmd#647 seq=727 policy_v=0.000 policy_w=0.000 sent_v=0.000 sent_w=0.000 ret=0 dt=49.8ms move_ms=0.4 policy_zmq_lag=0.5ms
[go2:sport] cmd#648 seq=728 policy_v=0.000 policy_w=0.000 sent_v=0.000 sent_w=0.000 ret=0 dt=50.4ms move_ms=0.4 policy_zmq_lag=0.6ms
[go2:sport] cmd#649 seq=729 policy_v=0.000 policy_w=0.000 sent_v=0.000 sent_w=0.000 ret=0 dt=49.5ms move_ms=0.5 policy_zmq_lag=0.5ms
[go2:sport] cmd#650 seq=730 policy_v=0.000 policy_w=0.000 sent_v=0.000 sent_w=0.000 ret=0 dt=50.5ms move_ms=0.4 policy_zmq_lag=0.6ms
[go2:sport] cmd#651 seq=731 policy_v=0.000 policy_w=0.000 sent_v=0.000 sent_w=0.000 ret=0 dt=49.5ms move_ms=0.4 policy_zmq_lag=0.5ms
[go2:sport] cmd#652 seq=732 policy_v=0.000 policy_w=0.000 sent_v=0.000 sent_w=0.000 ret=0 dt=50.0ms move_ms=0.4 policy_zmq_lag=0.5ms
[go2:sport] cmd#653 seq=733 policy_v=0.000 policy_w=0.000 sent_v=0.000 sent_w=0.000 ret=0 dt=50.3ms move_ms=0.4 policy_zmq_lag=0.5ms
[go2:sport] cmd#654 seq=734 policy_v=0.000 policy_w=0.000 sent_v=0.000 sent_w=0.000 ret=0 dt=50.4ms move_ms=0.4 policy_zmq_lag=0.5ms
[go2:sport] cmd#655 seq=735 policy_v=0.000 policy_w=0.000 sent_v=0.000 sent_w=0.000 ret=0 dt=49.1ms move_ms=0.3 policy_zmq_lag=0.5ms
[go2:sport] cmd#656 seq=736 policy_v=0.000 policy_w=0.000 sent_v=0.000 sent_w=0.000 ret=0 dt=50.4ms move_ms=0.4 policy_zmq_lag=0.5ms
[go2:sport] cmd#657 seq=737 policy_v=0.000 policy_w=0.000 sent_v=0.000 sent_w=0.000 ret=0 dt=49.6ms move_ms=0.4 policy_zmq_lag=0.6ms
[go2:sport] cmd#658 seq=738 policy_v=0.000 policy_w=0.000 sent_v=0.000 sent_w=0.000 ret=0 dt=50.1ms move_ms=0.4 policy_zmq_lag=0.5ms
[go2:sport] cmd#659 seq=739 policy_v=0.000 policy_w=0.000 sent_v=0.000 sent_w=0.000 ret=0 dt=50.5ms move_ms=0.4 policy_zmq_lag=0.5ms
[go2:sport] cmd#660 seq=740 policy_v=0.000 policy_w=0.000 sent_v=0.000 sent_w=0.000 ret=0 dt=49.8ms move_ms=0.4 policy_zmq_lag=0.5ms
[go2:sport] cmd#661 seq=741 policy_v=0.000 policy_w=0.000 sent_v=0.000 sent_w=0.000 ret=0 dt=50.1ms move_ms=0.4 policy_zmq_lag=0.7ms
[go2:sport] cmd#662 seq=742 policy_v=0.000 policy_w=0.000 sent_v=0.000 sent_w=0.000 ret=0 dt=50.2ms move_ms=0.4 policy_zmq_lag=0.5ms
[go2:sport] cmd#663 seq=743 policy_v=0.000 policy_w=0.000 sent_v=0.000 sent_w=0.000 ret=0 dt=49.5ms move_ms=0.4 policy_zmq_lag=0.6ms
[go2:sport] cmd#664 seq=744 policy_v=0.000 policy_w=0.000 sent_v=0.000 sent_w=0.000 ret=0 dt=50.1ms move_ms=0.4 policy_zmq_lag=0.5ms
[go2:sport] cmd#665 seq=745 policy_v=0.000 policy_w=0.000 sent_v=0.000 sent_w=0.000 ret=0 dt=50.0ms move_ms=0.4 policy_zmq_lag=0.5ms
[go2:sport] cmd#666 seq=746 policy_v=0.000 policy_w=0.000 sent_v=0.000 sent_w=0.000 ret=0 dt=50.1ms move_ms=0.4 policy_zmq_lag=0.5ms
[go2:sport] cmd#667 seq=747 policy_v=0.000 policy_w=0.000 sent_v=0.000 sent_w=0.000 ret=0 dt=49.7ms move_ms=0.4 policy_zmq_lag=0.6ms
[go2:sport] cmd#668 seq=748 policy_v=0.000 policy_w=0.000 sent_v=0.000 sent_w=0.000 ret=0 dt=50.0ms move_ms=0.4 policy_zmq_lag=0.5ms
[go2:sport] cmd#669 seq=749 policy_v=0.000 policy_w=0.000 sent_v=0.000 sent_w=0.000 ret=0 dt=50.0ms move_ms=0.4 policy_zmq_lag=0.5ms
[go2:sport] cmd#670 seq=750 policy_v=0.000 policy_w=0.000 sent_v=0.000 sent_w=0.000 ret=0 dt=50.3ms move_ms=0.4 policy_zmq_lag=0.6ms
[go2:sport] cmd#671 seq=751 policy_v=0.000 policy_w=0.000 sent_v=0.000 sent_w=0.000 ret=0 dt=49.9ms move_ms=0.4 policy_zmq_lag=0.5ms
[go2:sport] cmd#672 seq=752 policy_v=0.000 policy_w=0.000 sent_v=0.000 sent_w=0.000 ret=0 dt=50.0ms move_ms=0.4 policy_zmq_lag=0.5ms
[go2:sport] cmd#673 seq=753 policy_v=0.000 policy_w=0.000 sent_v=0.000 sent_w=0.000 ret=0 dt=50.1ms move_ms=0.4 policy_zmq_lag=0.5ms
[go2:sport] cmd#674 seq=754 policy_v=0.000 policy_w=0.000 sent_v=0.000 sent_w=0.000 ret=0 dt=50.0ms move_ms=0.4 policy_zmq_lag=0.6ms
[go2:sport] cmd#675 seq=755 policy_v=0.000 policy_w=0.000 sent_v=0.000 sent_w=0.000 ret=0 dt=50.7ms move_ms=0.4 policy_zmq_lag=0.9ms
[go2:sport] cmd#676 seq=756 policy_v=0.000 policy_w=0.000 sent_v=0.000 sent_w=0.000 ret=0 dt=50.6ms move_ms=0.4 policy_zmq_lag=0.5ms
[go2:sport] cmd#677 seq=757 policy_v=0.000 policy_w=0.000 sent_v=0.000 sent_w=0.000 ret=0 dt=48.7ms move_ms=0.4 policy_zmq_lag=0.5ms
[go2:sport] cmd#678 seq=758 policy_v=0.000 policy_w=0.000 sent_v=0.000 sent_w=0.000 ret=0 dt=49.9ms move_ms=0.4 policy_zmq_lag=0.6ms
[go2:sport] cmd#679 seq=759 policy_v=0.000 policy_w=0.000 sent_v=0.000 sent_w=0.000 ret=0 dt=50.6ms move_ms=0.4 policy_zmq_lag=0.9ms
[go2:sport] cmd#680 seq=760 policy_v=0.000 policy_w=0.000 sent_v=0.000 sent_w=0.000 ret=0 dt=49.3ms move_ms=0.4 policy_zmq_lag=0.6ms
[go2:sport] cmd#681 seq=761 policy_v=0.000 policy_w=0.000 sent_v=0.000 sent_w=0.000 ret=0 dt=49.7ms move_ms=0.4 policy_zmq_lag=0.5ms
[go2:sport] cmd#682 seq=762 policy_v=0.000 policy_w=0.000 sent_v=0.000 sent_w=0.000 ret=0 dt=50.4ms move_ms=0.5 policy_zmq_lag=0.6ms
[go2:sport] cmd#683 seq=763 policy_v=0.000 policy_w=0.000 sent_v=0.000 sent_w=0.000 ret=0 dt=49.8ms move_ms=0.4 policy_zmq_lag=0.5ms
[go2:sport] cmd#684 seq=764 policy_v=0.000 policy_w=0.000 sent_v=0.000 sent_w=0.000 ret=0 dt=50.8ms move_ms=0.4 policy_zmq_lag=0.6ms
[go2:sport] cmd#685 seq=765 policy_v=0.000 policy_w=0.000 sent_v=0.000 sent_w=0.000 ret=0 dt=49.9ms move_ms=0.4 policy_zmq_lag=0.5ms
[go2:sport] cmd#686 seq=766 policy_v=0.000 policy_w=0.000 sent_v=0.000 sent_w=0.000 ret=0 dt=52.1ms move_ms=0.4 policy_zmq_lag=0.6ms
[go2:sport] cmd#687 seq=767 policy_v=0.000 policy_w=0.000 sent_v=0.000 sent_w=0.000 ret=0 dt=48.2ms move_ms=0.4 policy_zmq_lag=0.9ms
[go2:sport] cmd#688 seq=768 policy_v=0.000 policy_w=0.000 sent_v=0.000 sent_w=0.000 ret=0 dt=48.9ms move_ms=0.4 policy_zmq_lag=0.5ms
[go2:sport] cmd#689 seq=769 policy_v=0.000 policy_w=0.000 sent_v=0.000 sent_w=0.000 ret=0 dt=49.7ms move_ms=0.4 policy_zmq_lag=0.5ms
[go2:sport] cmd#690 seq=770 policy_v=0.000 policy_w=0.000 sent_v=0.000 sent_w=0.000 ret=0 dt=50.9ms move_ms=0.4 policy_zmq_lag=0.5ms
[go2:sport] cmd#691 seq=771 policy_v=0.000 policy_w=0.000 sent_v=0.000 sent_w=0.000 ret=0 dt=49.4ms move_ms=0.4 policy_zmq_lag=0.5ms
[go2:sport] cmd#692 seq=772 policy_v=0.000 policy_w=0.000 sent_v=0.000 sent_w=0.000 ret=0 dt=49.9ms move_ms=0.4 policy_zmq_lag=0.6ms
[go2:sport] cmd#693 seq=773 policy_v=0.000 policy_w=0.000 sent_v=0.000 sent_w=0.000 ret=0 dt=50.0ms move_ms=0.5 policy_zmq_lag=0.5ms
[go2:sport] cmd#694 seq=774 policy_v=0.000 policy_w=0.000 sent_v=0.000 sent_w=0.000 ret=0 dt=50.1ms move_ms=0.4 policy_zmq_lag=0.6ms
[go2:sport] cmd#695 seq=775 policy_v=0.000 policy_w=0.000 sent_v=0.000 sent_w=0.000 ret=0 dt=49.9ms move_ms=0.4 policy_zmq_lag=0.6ms
[go2:sport] cmd#696 seq=776 policy_v=0.000 policy_w=0.000 sent_v=0.000 sent_w=0.000 ret=0 dt=50.0ms move_ms=0.5 policy_zmq_lag=0.6ms
[go2:sport] cmd#697 seq=777 policy_v=0.000 policy_w=0.000 sent_v=0.000 sent_w=0.000 ret=0 dt=50.1ms move_ms=0.4 policy_zmq_lag=0.5ms
[go2:sport] cmd#698 seq=778 policy_v=0.000 policy_w=0.000 sent_v=0.000 sent_w=0.000 ret=0 dt=50.8ms move_ms=0.4 policy_zmq_lag=0.6ms
[go2:sport] cmd#699 seq=779 policy_v=0.000 policy_w=0.000 sent_v=0.000 sent_w=0.000 ret=0 dt=49.3ms move_ms=0.4 policy_zmq_lag=0.6ms
[go2:sport] cmd#700 seq=780 policy_v=0.000 policy_w=0.000 sent_v=0.000 sent_w=0.000 ret=0 dt=50.1ms move_ms=0.4 policy_zmq_lag=0.5ms
[go2:sport] cmd#701 seq=781 policy_v=0.000 policy_w=0.000 sent_v=0.000 sent_w=0.000 ret=0 dt=49.7ms move_ms=0.4 policy_zmq_lag=0.5ms
[go2:sport] cmd#702 seq=782 policy_v=0.000 policy_w=0.000 sent_v=0.000 sent_w=0.000 ret=0 dt=49.9ms move_ms=0.4 policy_zmq_lag=0.6ms
[go2:sport] cmd#703 seq=783 policy_v=0.000 policy_w=0.000 sent_v=0.000 sent_w=0.000 ret=0 dt=50.0ms move_ms=0.4 policy_zmq_lag=0.6ms
[go2:sport] cmd#704 seq=784 policy_v=0.000 policy_w=0.000 sent_v=0.000 sent_w=0.000 ret=0 dt=51.2ms move_ms=0.4 policy_zmq_lag=0.5ms
[go2:sport] cmd#705 seq=785 policy_v=0.000 policy_w=0.000 sent_v=0.000 sent_w=0.000 ret=0 dt=49.0ms move_ms=0.4 policy_zmq_lag=0.6ms
[go2:sport] cmd#706 seq=786 policy_v=0.000 policy_w=0.000 sent_v=0.000 sent_w=0.000 ret=0 dt=50.5ms move_ms=0.4 policy_zmq_lag=0.6ms
[go2:sport] cmd#707 seq=787 policy_v=0.000 policy_w=0.000 sent_v=0.000 sent_w=0.000 ret=0 dt=51.5ms move_ms=0.3 policy_zmq_lag=0.7ms
[go2:sport] cmd#708 seq=788 policy_v=0.000 policy_w=0.000 sent_v=0.000 sent_w=0.000 ret=0 dt=48.4ms move_ms=0.4 policy_zmq_lag=0.5ms
[go2:sport] cmd#709 seq=789 policy_v=0.000 policy_w=0.000 sent_v=0.000 sent_w=0.000 ret=0 dt=49.4ms move_ms=0.4 policy_zmq_lag=0.5ms
[go2:sport] cmd#710 seq=790 policy_v=0.000 policy_w=0.000 sent_v=0.000 sent_w=0.000 ret=0 dt=50.6ms move_ms=0.5 policy_zmq_lag=0.6ms
[go2:sport] cmd#711 seq=791 policy_v=0.000 policy_w=0.000 sent_v=0.000 sent_w=0.000 ret=0 dt=49.7ms move_ms=0.4 policy_zmq_lag=0.5ms
[go2:sport] cmd#712 seq=792 policy_v=0.000 policy_w=0.000 sent_v=0.000 sent_w=0.000 ret=0 dt=49.9ms move_ms=0.4 policy_zmq_lag=0.5ms
[go2:sport] cmd#713 seq=793 policy_v=0.000 policy_w=0.000 sent_v=0.000 sent_w=0.000 ret=0 dt=50.1ms move_ms=0.4 policy_zmq_lag=0.6ms
[go2:sport] cmd#714 seq=794 policy_v=0.000 policy_w=0.000 sent_v=0.000 sent_w=0.000 ret=0 dt=50.6ms move_ms=0.4 policy_zmq_lag=0.6ms
[go2:sport] cmd#715 seq=795 policy_v=0.000 policy_w=0.000 sent_v=0.000 sent_w=0.000 ret=0 dt=49.2ms move_ms=0.4 policy_zmq_lag=0.5ms
[go2:sport] cmd#716 seq=796 policy_v=0.000 policy_w=0.000 sent_v=0.000 sent_w=0.000 ret=0 dt=50.5ms move_ms=0.4 policy_zmq_lag=0.5ms
[go2:sport] cmd#717 seq=797 policy_v=0.000 policy_w=0.000 sent_v=0.000 sent_w=0.000 ret=0 dt=49.6ms move_ms=0.4 policy_zmq_lag=0.5ms
[go2:sport] cmd#718 seq=798 policy_v=0.000 policy_w=0.000 sent_v=0.000 sent_w=0.000 ret=0 dt=50.2ms move_ms=0.4 policy_zmq_lag=0.6ms
[go2:sport] cmd#719 seq=799 policy_v=0.000 policy_w=0.000 sent_v=0.000 sent_w=0.000 ret=0 dt=49.9ms move_ms=0.4 policy_zmq_lag=0.5ms
[go2:sport] cmd#720 seq=800 policy_v=0.000 policy_w=0.000 sent_v=0.000 sent_w=0.000 ret=0 dt=50.3ms move_ms=0.4 policy_zmq_lag=0.5ms
[go2:sport] cmd#721 seq=801 policy_v=0.000 policy_w=0.000 sent_v=0.000 sent_w=0.000 ret=0 dt=50.0ms move_ms=0.4 policy_zmq_lag=0.9ms
[go2:sport] cmd#722 seq=802 policy_v=0.000 policy_w=0.000 sent_v=0.000 sent_w=0.000 ret=0 dt=50.0ms move_ms=0.6 policy_zmq_lag=0.6ms
[go2:sport] cmd#723 seq=803 policy_v=0.000 policy_w=0.000 sent_v=0.000 sent_w=0.000 ret=0 dt=50.3ms move_ms=0.4 policy_zmq_lag=0.6ms
[go2:sport] cmd#724 seq=804 policy_v=0.000 policy_w=0.000 sent_v=0.000 sent_w=0.000 ret=0 dt=49.6ms move_ms=0.4 policy_zmq_lag=0.6ms
[go2:sport] cmd#725 seq=805 policy_v=0.000 policy_w=0.000 sent_v=0.000 sent_w=0.000 ret=0 dt=49.9ms move_ms=0.4 policy_zmq_lag=0.5ms
[go2:sport] cmd#726 seq=806 policy_v=0.000 policy_w=0.000 sent_v=0.000 sent_w=0.000 ret=0 dt=50.4ms move_ms=0.5 policy_zmq_lag=0.7ms
[go2:sport] cmd#727 seq=807 policy_v=0.000 policy_w=0.000 sent_v=0.000 sent_w=0.000 ret=0 dt=49.4ms move_ms=0.4 policy_zmq_lag=0.6ms
[go2:sport] cmd#728 seq=808 policy_v=0.000 policy_w=0.000 sent_v=0.000 sent_w=0.000 ret=0 dt=50.4ms move_ms=0.4 policy_zmq_lag=0.7ms
[go2:sport] cmd#729 seq=809 policy_v=0.000 policy_w=0.000 sent_v=0.000 sent_w=0.000 ret=0 dt=50.8ms move_ms=0.4 policy_zmq_lag=0.6ms
[go2:sport] cmd#730 seq=810 policy_v=0.000 policy_w=0.000 sent_v=0.000 sent_w=0.000 ret=0 dt=49.0ms move_ms=0.4 policy_zmq_lag=0.5ms
[go2:sport] cmd#731 seq=811 policy_v=0.000 policy_w=0.000 sent_v=0.000 sent_w=0.000 ret=0 dt=49.7ms move_ms=0.4 policy_zmq_lag=0.5ms
[go2:sport] cmd#732 seq=812 policy_v=0.000 policy_w=0.000 sent_v=0.000 sent_w=0.000 ret=0 dt=50.0ms move_ms=0.4 policy_zmq_lag=0.6ms
[go2:sport] cmd#733 seq=813 policy_v=0.000 policy_w=0.000 sent_v=0.000 sent_w=0.000 ret=0 dt=50.0ms move_ms=0.4 policy_zmq_lag=0.5ms
[go2:sport] cmd#734 seq=814 policy_v=0.000 policy_w=0.000 sent_v=0.000 sent_w=0.000 ret=0 dt=50.3ms move_ms=0.4 policy_zmq_lag=0.5ms
[go2:sport] cmd#735 seq=815 policy_v=0.000 policy_w=0.000 sent_v=0.000 sent_w=0.000 ret=0 dt=49.7ms move_ms=0.4 policy_zmq_lag=0.5ms
[go2:sport] cmd#736 seq=816 policy_v=0.000 policy_w=0.000 sent_v=0.000 sent_w=0.000 ret=0 dt=50.0ms move_ms=0.5 policy_zmq_lag=0.6ms
[go2:sport] cmd#737 seq=817 policy_v=0.000 policy_w=0.000 sent_v=0.000 sent_w=0.000 ret=0 dt=50.0ms move_ms=0.6 policy_zmq_lag=0.6ms
[go2:sport] cmd#738 seq=818 policy_v=0.000 policy_w=0.000 sent_v=0.000 sent_w=0.000 ret=0 dt=50.0ms move_ms=0.4 policy_zmq_lag=0.6ms
[go2:sport] cmd#739 seq=819 policy_v=0.000 policy_w=0.000 sent_v=0.000 sent_w=0.000 ret=0 dt=50.0ms move_ms=0.4 policy_zmq_lag=0.6ms
[go2:sport] cmd#740 seq=820 policy_v=0.000 policy_w=0.000 sent_v=0.000 sent_w=0.000 ret=0 dt=50.6ms move_ms=0.4 policy_zmq_lag=0.5ms
[go2:sport] cmd#741 seq=821 policy_v=0.000 policy_w=0.000 sent_v=0.000 sent_w=0.000 ret=0 dt=49.3ms move_ms=0.4 policy_zmq_lag=0.5ms
[go2:sport] cmd#742 seq=822 policy_v=0.000 policy_w=0.000 sent_v=0.000 sent_w=0.000 ret=0 dt=50.5ms move_ms=0.4 policy_zmq_lag=0.6ms
[go2:sport] cmd#743 seq=823 policy_v=0.000 policy_w=0.000 sent_v=0.000 sent_w=0.000 ret=0 dt=49.5ms move_ms=0.4 policy_zmq_lag=0.5ms
[go2:sport] cmd#744 seq=824 policy_v=0.000 policy_w=0.000 sent_v=0.000 sent_w=0.000 ret=0 dt=51.0ms move_ms=0.5 policy_zmq_lag=0.6ms
[go2:sport] cmd#745 seq=825 policy_v=0.000 policy_w=0.000 sent_v=0.000 sent_w=0.000 ret=0 dt=49.5ms move_ms=0.4 policy_zmq_lag=0.5ms
[go2:sport] cmd#746 seq=826 policy_v=0.000 policy_w=0.000 sent_v=0.000 sent_w=0.000 ret=0 dt=50.1ms move_ms=0.4 policy_zmq_lag=0.6ms
[go2:sport] cmd#747 seq=827 policy_v=0.000 policy_w=0.000 sent_v=0.000 sent_w=0.000 ret=0 dt=49.3ms move_ms=0.4 policy_zmq_lag=0.5ms
[go2:sport] cmd#748 seq=828 policy_v=0.000 policy_w=0.000 sent_v=0.000 sent_w=0.000 ret=0 dt=50.3ms move_ms=0.4 policy_zmq_lag=0.5ms
[go2:sport] cmd#749 seq=829 policy_v=0.000 policy_w=0.000 sent_v=0.000 sent_w=0.000 ret=0 dt=49.8ms move_ms=0.4 policy_zmq_lag=0.5ms
[go2:sport] cmd#750 seq=830 policy_v=0.000 policy_w=0.000 sent_v=0.000 sent_w=0.000 ret=0 dt=50.1ms move_ms=0.4 policy_zmq_lag=0.5ms
[go2:sport] cmd#751 seq=831 policy_v=0.000 policy_w=0.000 sent_v=0.000 sent_w=0.000 ret=0 dt=50.2ms move_ms=0.4 policy_zmq_lag=0.5ms
[go2:sport] cmd#752 seq=832 policy_v=0.000 policy_w=0.000 sent_v=0.000 sent_w=0.000 ret=0 dt=49.9ms move_ms=0.4 policy_zmq_lag=0.6ms
[go2:sport] cmd#753 seq=833 policy_v=0.000 policy_w=0.000 sent_v=0.000 sent_w=0.000 ret=0 dt=50.0ms move_ms=0.6 policy_zmq_lag=0.7ms
[go2:sport] cmd#754 seq=834 policy_v=0.000 policy_w=0.000 sent_v=0.000 sent_w=0.000 ret=0 dt=51.6ms move_ms=0.4 policy_zmq_lag=0.6ms
[go2:sport] cmd#755 seq=835 policy_v=0.000 policy_w=0.000 sent_v=0.000 sent_w=0.000 ret=0 dt=48.3ms move_ms=0.5 policy_zmq_lag=0.7ms
[go2:sport] cmd#756 seq=836 policy_v=0.000 policy_w=0.000 sent_v=0.000 sent_w=0.000 ret=0 dt=50.3ms move_ms=0.4 policy_zmq_lag=0.5ms
[go2:sport] cmd#757 seq=837 policy_v=0.000 policy_w=0.000 sent_v=0.000 sent_w=0.000 ret=0 dt=49.7ms move_ms=0.5 policy_zmq_lag=0.7ms
[go2:sport] cmd#758 seq=838 policy_v=0.000 policy_w=0.000 sent_v=0.000 sent_w=0.000 ret=0 dt=50.1ms move_ms=0.4 policy_zmq_lag=0.6ms
[go2:sport] cmd#759 seq=839 policy_v=0.000 policy_w=0.000 sent_v=0.000 sent_w=0.000 ret=0 dt=50.6ms move_ms=0.4 policy_zmq_lag=0.5ms
[go2:sport] cmd#760 seq=840 policy_v=0.000 policy_w=0.000 sent_v=0.000 sent_w=0.000 ret=0 dt=49.4ms move_ms=0.4 policy_zmq_lag=0.5ms
[go2:sport] cmd#761 seq=841 policy_v=0.000 policy_w=0.000 sent_v=0.000 sent_w=0.000 ret=0 dt=49.8ms move_ms=0.4 policy_zmq_lag=0.6ms
[go2:sport] cmd#762 seq=842 policy_v=0.000 policy_w=0.000 sent_v=0.000 sent_w=0.000 ret=0 dt=50.1ms move_ms=0.4 policy_zmq_lag=0.6ms
[go2:sport] cmd#763 seq=843 policy_v=0.000 policy_w=0.000 sent_v=0.000 sent_w=0.000 ret=0 dt=50.1ms move_ms=0.4 policy_zmq_lag=0.6ms
[go2:sport] cmd#764 seq=844 policy_v=0.000 policy_w=0.000 sent_v=0.000 sent_w=0.000 ret=0 dt=50.6ms move_ms=0.5 policy_zmq_lag=0.6ms
[go2:sport] cmd#765 seq=845 policy_v=0.000 policy_w=0.000 sent_v=0.000 sent_w=0.000 ret=0 dt=49.4ms move_ms=0.7 policy_zmq_lag=0.7ms
[go2:sport] cmd#766 seq=846 policy_v=0.000 policy_w=0.000 sent_v=0.000 sent_w=0.000 ret=0 dt=50.0ms move_ms=0.4 policy_zmq_lag=0.5ms
[go2:sport] cmd#767 seq=847 policy_v=0.000 policy_w=0.000 sent_v=0.000 sent_w=0.000 ret=0 dt=49.8ms move_ms=0.4 policy_zmq_lag=0.5ms
[go2:sport] cmd#768 seq=848 policy_v=0.000 policy_w=0.000 sent_v=0.000 sent_w=0.000 ret=0 dt=50.5ms move_ms=0.4 policy_zmq_lag=0.6ms
[go2:sport] cmd#769 seq=849 policy_v=0.000 policy_w=0.000 sent_v=0.000 sent_w=0.000 ret=0 dt=49.6ms move_ms=0.4 policy_zmq_lag=0.5ms
[go2:sport] cmd#770 seq=850 policy_v=0.000 policy_w=0.000 sent_v=0.000 sent_w=0.000 ret=0 dt=50.2ms move_ms=0.5 policy_zmq_lag=0.6ms
[go2:sport] cmd#771 seq=851 policy_v=0.000 policy_w=0.000 sent_v=0.000 sent_w=0.000 ret=0 dt=49.9ms move_ms=0.4 policy_zmq_lag=0.5ms
[go2:sport] cmd#772 seq=852 policy_v=0.000 policy_w=0.000 sent_v=0.000 sent_w=0.000 ret=0 dt=50.5ms move_ms=0.5 policy_zmq_lag=0.6ms
[go2:sport] cmd#773 seq=853 policy_v=0.000 policy_w=0.000 sent_v=0.000 sent_w=0.000 ret=0 dt=49.6ms move_ms=0.5 policy_zmq_lag=0.7ms
[go2:sport] remote-command source restored
[go2:sport] joystick commands restored
