scenario,seed,method,phase,recovery_trial,source,cmd_vx,cmd_vy,cmd_wz,measured_vx,measured_vy,measured_wz,predicted_vx,predicted_vy,predicted_wz,rolling_rmse,target_rmse,recovered,valid,safety_events
confirm_friction_payload,10101,passive,adaptation,1,fixed,-0.35,-0.12,-0.35,-0.16052866137079164,-0.12194838262743501,-0.27788589151913173,nan,nan,nan,nan,0.14,False,True,
confirm_friction_payload,10102,passive,adaptation,1,fixed,-0.35,-0.12,-0.35,-0.10268575256140261,0.04140865146669028,-0.24718475922323327,nan,nan,nan,nan,0.1328210869158238,False,True,
confirm_friction_payload,10103,passive,adaptation,1,fixed,-0.35,-0.12,-0.35,-0.1255871884941457,0.03175358430214282,-0.1554955929085179,nan,nan,nan,nan,0.14,False,True,
confirm_friction_payload,10104,passive,adaptation,1,fixed,-0.35,-0.12,-0.35,-0.11241063627860826,0.0477041249504148,-0.23137383932188427,nan,nan,nan,nan,0.14,False,True,
confirm_friction_payload,10105,passive,adaptation,1,fixed,-0.35,-0.12,-0.35,-0.2415398622119729,-0.1464773746784082,-0.2553809392690007,nan,nan,nan,nan,0.14,False,True,
confirm_friction_payload,10106,passive,adaptation,1,fixed,-0.35,-0.12,-0.35,-0.1803046753438486,-0.11856651978544391,-0.23854879397130394,nan,nan,nan,nan,0.14,False,True,
confirm_friction_payload,10107,passive,adaptation,1,fixed,-0.35,-0.12,-0.35,-0.08775705850431603,0.017548029004142835,-0.28708536687385555,nan,nan,nan,nan,0.14,False,True,
confirm_friction_payload,10108,passive,adaptation,1,fixed,-0.35,-0.12,-0.35,-0.10192185590211587,0.03937699967647031,-0.16621366192138487,nan,nan,nan,nan,0.14,False,True,
confirm_friction_payload,10109,passive,adaptation,1,fixed,-0.35,-0.12,-0.35,-0.14734967047596556,0.029081304871744693,-0.18611673158199643,nan,nan,nan,nan,0.13874413128194593,False,True,
confirm_friction_payload,10110,passive,adaptation,1,fixed,-0.35,-0.12,-0.35,-0.20994584758572804,-0.15802205266356562,-0.26272977061866715,nan,nan,nan,nan,0.14,False,True,
confirm_friction_payload,10111,passive,adaptation,1,fixed,-0.35,-0.12,-0.35,-0.15088202518418936,-0.023749439189065354,-0.3390696661840815,nan,nan,nan,nan,0.14,False,True,
confirm_friction_payload,10112,passive,adaptation,1,fixed,-0.35,-0.12,-0.35,-0.10350897688573432,0.042450028903215226,-0.23558556317437548,nan,nan,nan,nan,0.14,False,True,
confirm_friction_payload,10113,passive,adaptation,1,fixed,-0.35,-0.12,-0.35,-0.21206358974826164,-0.16423771210391436,-0.29713371612208683,nan,nan,nan,nan,0.13741472515514244,False,True,
confirm_friction_payload,10114,passive,adaptation,1,fixed,-0.35,-0.12,-0.35,-0.06550938023747366,0.04839967013132205,-0.2310527400873423,nan,nan,nan,nan,0.14,False,True,
confirm_friction_payload,10115,passive,adaptation,1,fixed,-0.35,-0.12,-0.35,-0.08989046306990121,0.04100555330527372,-0.19159219518485945,nan,nan,nan,nan,0.14,False,True,
confirm_friction_payload,10116,passive,adaptation,1,fixed,-0.35,-0.12,-0.35,-0.17889706966854324,-0.09183886858787378,-0.22359968670449087,nan,nan,nan,nan,0.14,False,True,
confirm_friction_payload,10117,passive,adaptation,1,fixed,-0.35,-0.12,-0.35,-0.15889381203618888,-0.011380952154387017,-0.35770338422075193,nan,nan,nan,nan,0.14,False,True,
confirm_friction_payload,10118,passive,adaptation,1,fixed,-0.35,-0.12,-0.35,-0.18989824279404713,-0.0948220409815032,-0.2489642762472259,nan,nan,nan,nan,0.14,False,True,
confirm_friction_payload,10119,passive,adaptation,1,fixed,-0.35,-0.12,-0.35,-0.10675907320129853,0.030646333789556914,-0.2060737707946793,nan,nan,nan,nan,0.13149388015904118,False,True,
confirm_friction_payload,10120,passive,adaptation,1,fixed,-0.35,-0.12,-0.35,-0.12263558708099609,0.053355356607860886,-0.25297764623262436,nan,nan,nan,nan,0.14,False,True,
confirm_friction_payload,10121,passive,adaptation,1,fixed,-0.35,-0.12,-0.35,-0.2375221057483705,-0.1379228010004295,-0.28989183471991126,nan,nan,nan,nan,0.14,False,True,
confirm_friction_payload,10122,passive,adaptation,1,fixed,-0.35,-0.12,-0.35,-0.07137074698627759,0.049312536561255435,-0.2699974070201756,nan,nan,nan,nan,0.14,False,True,
confirm_friction_payload,10123,passive,adaptation,1,fixed,-0.35,-0.12,-0.35,-0.12829736566662042,-0.002236276337075534,-0.31383467918985186,nan,nan,nan,nan,0.14,False,True,
confirm_friction_payload,10124,passive,adaptation,1,fixed,-0.35,-0.12,-0.35,-0.09389470966120453,0.02464771168005232,-0.2790754574526066,nan,nan,nan,nan,0.14,False,True,
confirm_friction_payload,10125,passive,adaptation,1,fixed,-0.35,-0.12,-0.35,-0.12858213468089222,0.04252595588175828,-0.24529996092693138,nan,nan,nan,nan,0.14,False,True,
confirm_friction_payload,10126,passive,adaptation,1,fixed,-0.35,-0.12,-0.35,-0.2160446218265386,-0.15306097368347726,-0.30732758542674155,nan,nan,nan,nan,0.14,False,True,
confirm_friction_payload,10127,passive,adaptation,1,fixed,-0.35,-0.12,-0.35,-0.24301431245430985,-0.07075639453439234,-0.22200405315911137,nan,nan,nan,nan,0.14,False,True,
confirm_friction_payload,10128,passive,adaptation,1,fixed,-0.35,-0.12,-0.35,-0.07845807209120409,0.04814320934583821,-0.23286427105651555,nan,nan,nan,nan,0.14,False,True,
confirm_friction_payload,10129,passive,adaptation,1,fixed,-0.35,-0.12,-0.35,-0.21055629930334005,-0.04749170264826458,-0.29479188719705585,nan,nan,nan,nan,0.14,False,True,
confirm_friction_payload,10130,passive,adaptation,1,fixed,-0.35,-0.12,-0.35,-0.1101629311134243,0.0471351063147946,-0.23149479539493636,nan,nan,nan,nan,0.14,False,True,
confirm_friction_payload,10131,passive,adaptation,1,fixed,-0.35,-0.12,-0.35,-0.13965624798496795,0.03831190006951509,-0.2300229809705541,nan,nan,nan,nan,0.14,False,True,
confirm_friction_payload,10132,passive,adaptation,1,fixed,-0.35,-0.12,-0.35,-0.0876406308888283,0.04704728764117466,-0.25830415635030257,nan,nan,nan,nan,0.14,False,True,
confirm_friction_payload,10133,passive,adaptation,1,fixed,-0.35,-0.12,-0.35,-0.10677516857559785,0.04722875808195177,-0.2449235322241415,nan,nan,nan,nan,0.14,False,True,
confirm_friction_payload,10134,passive,adaptation,1,fixed,-0.35,-0.12,-0.35,-0.07678970635275213,0.04956413563054762,-0.2811921030963472,nan,nan,nan,nan,0.14,False,True,
confirm_friction_payload,10135,passive,adaptation,1,fixed,-0.35,-0.12,-0.35,-0.026294767647174217,0.04589056067745226,-0.18940865388508338,nan,nan,nan,nan,0.14,False,True,
confirm_friction_payload,10136,passive,adaptation,1,fixed,-0.35,-0.12,-0.35,-0.07344023756832903,0.04665543073241001,-0.2483559291774825,nan,nan,nan,nan,0.13509441202791128,False,True,
confirm_friction_payload,10137,passive,adaptation,1,fixed,-0.35,-0.12,-0.35,-0.18845843782309674,-0.014297537789219219,-0.2963740012161827,nan,nan,nan,nan,0.14,False,True,
confirm_friction_payload,10138,passive,adaptation,1,fixed,-0.35,-0.12,-0.35,-0.1071758163690758,0.04863071618640496,-0.2204169977581494,nan,nan,nan,nan,0.14,False,True,
confirm_friction_payload,10139,passive,adaptation,1,fixed,-0.35,-0.12,-0.35,-0.17884129452072384,-0.006497982172142828,-0.2847929887043277,nan,nan,nan,nan,0.14,False,True,
confirm_friction_payload,10140,passive,adaptation,1,fixed,-0.35,-0.12,-0.35,-0.06880095750324455,0.039490658928271874,-0.2828541769272593,nan,nan,nan,nan,0.14,False,True,
confirm_friction_payload,10141,passive,adaptation,1,fixed,-0.35,-0.12,-0.35,-0.1642654601890226,0.027460127346950088,-0.18659486982476187,nan,nan,nan,nan,0.14,False,True,
confirm_friction_payload,10142,passive,adaptation,1,fixed,-0.35,-0.12,-0.35,-0.11339804011631521,0.043991042638945335,-0.2848433100622955,nan,nan,nan,nan,0.14,False,True,
confirm_friction_payload,10143,passive,adaptation,1,fixed,-0.35,-0.12,-0.35,-0.17469942560695578,-0.003970622026274678,-0.2126915184441361,nan,nan,nan,nan,0.14,False,True,
confirm_friction_payload,10144,passive,adaptation,1,fixed,-0.35,-0.12,-0.35,-0.13372821309846916,0.017505336153450457,-0.313144825481139,nan,nan,nan,nan,0.14,False,True,
confirm_friction_payload,10145,passive,adaptation,1,fixed,-0.35,-0.12,-0.35,-0.15204485258312517,0.01705232137235445,-0.2070372828141601,nan,nan,nan,nan,0.14,False,True,
confirm_friction_payload,10146,passive,adaptation,1,fixed,-0.35,-0.12,-0.35,-0.048214707548900934,0.046764969864958476,-0.2388077328964919,nan,nan,nan,nan,0.14,False,True,
confirm_friction_payload,10147,passive,adaptation,1,fixed,-0.35,-0.12,-0.35,-0.2744056793267234,-0.12562475047332258,-0.2632562712379811,nan,nan,nan,nan,0.14,False,True,
confirm_friction_payload,10148,passive,adaptation,1,fixed,-0.35,-0.12,-0.35,-0.11741044677052878,0.05343551967500694,-0.2500143076624136,nan,nan,nan,nan,0.14,False,True,
confirm_friction_payload,10149,passive,adaptation,1,fixed,-0.35,-0.12,-0.35,-0.06225534350829266,0.03831576006388562,-0.27519901308340844,nan,nan,nan,nan,0.13879247939217293,False,True,
confirm_friction_payload,10150,passive,adaptation,1,fixed,-0.35,-0.12,-0.35,-0.2332273357272066,-0.1782336651830027,-0.26514171343158716,nan,nan,nan,nan,0.1356116642251496,False,True,
confirm_friction_payload,10151,passive,adaptation,1,fixed,-0.35,-0.12,-0.35,-0.08002276881134464,0.04135790314486161,-0.18234739603841746,nan,nan,nan,nan,0.14,False,True,
confirm_friction_payload,10152,passive,adaptation,1,fixed,-0.35,-0.12,-0.35,-0.09432766867552432,0.039635868449468606,-0.20279993923679437,nan,nan,nan,nan,0.14,False,True,
confirm_friction_payload,10153,passive,adaptation,1,fixed,-0.35,-0.12,-0.35,-0.25903525480162953,-0.09438128220318877,-0.23287451541416104,nan,nan,nan,nan,0.14,False,True,
confirm_friction_payload,10154,passive,adaptation,1,fixed,-0.35,-0.12,-0.35,-0.16480505369692658,0.01681860095271743,-0.2544550324407195,nan,nan,nan,nan,0.14,False,True,
confirm_friction_payload,10155,passive,adaptation,1,fixed,-0.35,-0.12,-0.35,-0.11226949049879778,0.02926390180197344,-0.25090251250787965,nan,nan,nan,nan,0.14,False,True,
confirm_friction_payload,10156,passive,adaptation,1,fixed,-0.35,-0.12,-0.35,-0.1528342847110802,-0.026260142361974836,-0.27591427677694347,nan,nan,nan,nan,0.14,False,True,
confirm_friction_payload,10157,passive,adaptation,1,fixed,-0.35,-0.12,-0.35,-0.189171992950467,-0.0562074723141777,-0.2557973213848743,nan,nan,nan,nan,0.14,False,True,
confirm_friction_payload,10158,passive,adaptation,1,fixed,-0.35,-0.12,-0.35,-0.11141111717782823,0.03527489402864559,-0.25359038304073916,nan,nan,nan,nan,0.14,False,True,
confirm_friction_payload,10159,passive,adaptation,1,fixed,-0.35,-0.12,-0.35,-0.10043227784950927,0.0501365190680149,-0.2341381284339603,nan,nan,nan,nan,0.14,False,True,
confirm_friction_payload,10160,passive,adaptation,1,fixed,-0.35,-0.12,-0.35,-0.106101932296986,0.040296691097161066,-0.22122798483901526,nan,nan,nan,nan,0.14,False,True,
confirm_friction_payload,10161,passive,adaptation,1,fixed,-0.35,-0.12,-0.35,-0.09655357568747981,0.03845129834708169,-0.18254127053972408,nan,nan,nan,nan,0.14,False,True,
confirm_friction_payload,10162,passive,adaptation,1,fixed,-0.35,-0.12,-0.35,-0.2039983336413415,-0.03517115059301562,-0.30355186816600255,nan,nan,nan,nan,0.14,False,True,
confirm_friction_payload,10163,passive,adaptation,1,fixed,-0.35,-0.12,-0.35,-0.19822824263444944,0.006301074163003144,-0.29236457686556716,nan,nan,nan,nan,0.14,False,True,
confirm_friction_payload,10164,passive,adaptation,1,fixed,-0.35,-0.12,-0.35,-0.20795415147034066,-0.08230019776309802,-0.2196582390986162,nan,nan,nan,nan,0.14,False,True,
confirm_friction_payload,10165,passive,adaptation,1,fixed,-0.35,-0.12,-0.35,-0.24033653556323725,-0.08883563655167437,-0.22178422133764558,nan,nan,nan,nan,0.14,False,True,
confirm_friction_payload,10166,passive,adaptation,1,fixed,-0.35,-0.12,-0.35,-0.16261135629816212,-0.03280904527687745,-0.20698768696531217,nan,nan,nan,nan,0.14,False,True,
confirm_friction_payload,10167,passive,adaptation,1,fixed,-0.35,-0.12,-0.35,-0.11389005258109515,0.018053050553620047,-0.25847303375376496,nan,nan,nan,nan,0.14,False,True,
confirm_friction_payload,10168,passive,adaptation,1,fixed,-0.35,-0.12,-0.35,-0.0919925207590699,0.04758343450495434,-0.2623188471017534,nan,nan,nan,nan,0.14,False,True,
confirm_friction_payload,10169,passive,adaptation,1,fixed,-0.35,-0.12,-0.35,-0.06391177660038198,0.03588323440291849,-0.25338740335674553,nan,nan,nan,nan,0.13600628137377527,False,True,
confirm_friction_payload,10170,passive,adaptation,1,fixed,-0.35,-0.12,-0.35,-0.18612277722492557,-0.13291928608750178,-0.30573665396199834,nan,nan,nan,nan,0.14,False,True,
confirm_friction_payload,10171,passive,adaptation,1,fixed,-0.35,-0.12,-0.35,-0.18442950236493835,-0.13978242415353548,-0.26868005070363854,nan,nan,nan,nan,0.13435273571828163,False,True,
confirm_friction_payload,10172,passive,adaptation,1,fixed,-0.35,-0.12,-0.35,-0.0751486112813637,0.04467720327627599,-0.24403324686345298,nan,nan,nan,nan,0.14,False,True,
confirm_friction_payload,10101,passive,validation,1,rolling_fixed_holdout,-0.3,0.0,-0.35,-0.06142316022499307,0.047991945376487884,-0.2361774369134621,-0.20929276322798285,-0.004106391756221954,-0.29040065752655925,nan,0.14,False,True,
confirm_friction_payload,10102,passive,validation,1,rolling_fixed_holdout,-0.3,0.0,-0.35,-0.13288813341498396,0.029215680366023282,-0.17986506653125983,-0.1753850710901092,0.07331282086321723,-0.2858554956248916,nan,0.1328210869158238,False,True,
confirm_friction_payload,10103,passive,validation,1,rolling_fixed_holdout,-0.3,0.0,-0.35,-0.18070419264639373,0.0352833908697736,-0.1360314266654217,-0.20146602554894907,0.06685557318396607,-0.24217113391090148,nan,0.14,False,True,
confirm_friction_payload,10104,passive,validation,1,rolling_fixed_holdout,-0.3,0.0,-0.35,-0.14080374725621136,0.036687823377430595,-0.17672268458179705,-0.19453409867188962,0.07715348078984997,-0.2663512614682684,nan,0.14,False,True,
confirm_friction_payload,10105,passive,validation,1,rolling_fixed_holdout,-0.3,0.0,-0.35,-0.10783919230877391,0.048796835396345974,-0.22829240400118445,-0.24496229401307654,-0.012237290606926186,-0.29154044092348436,nan,0.14,False,True,
confirm_friction_payload,10106,passive,validation,1,rolling_fixed_holdout,-0.3,0.0,-0.35,-0.07415685232498673,0.04162983572629092,-0.17591297586408494,-0.22577757608863364,-0.0008015984965261399,-0.2815181243540624,nan,0.14,False,True,
confirm_friction_payload,10107,passive,validation,1,rolling_fixed_holdout,-0.3,0.0,-0.35,-0.0920721866091826,0.04586874007108273,-0.23560486073407313,-0.1781018252868513,0.06364727841975024,-0.2933535462473218,nan,0.14,False,True,
confirm_friction_payload,10108,passive,validation,1,rolling_fixed_holdout,-0.3,0.0,-0.35,-0.14225613140257984,0.0350796450653432,-0.08268766002982936,-0.19223882938639508,0.07068660177447232,-0.24892349859203863,nan,0.14,False,True,
confirm_friction_payload,10109,passive,validation,1,rolling_fixed_holdout,-0.3,0.0,-0.35,-0.15749794113751034,0.03168328945911957,-0.15031064178063044,-0.19586241780872202,0.06990609372359026,-0.2708879810912681,nan,0.13874413128194593,False,True,
confirm_friction_payload,10110,passive,validation,1,rolling_fixed_holdout,-0.3,0.0,-0.35,-0.07329869933772373,0.040608775875914174,-0.20905538196840598,-0.2333601897949583,-0.023285532269598924,-0.288023082046265,nan,0.14,False,True,
confirm_friction_payload,10111,passive,validation,1,rolling_fixed_holdout,-0.3,0.0,-0.35,-0.11572543127427222,0.03873265506468106,-0.22950556995805454,-0.21564310603597317,0.04195805985750036,-0.32023058038500773,nan,0.14,False,True,
confirm_friction_payload,10112,passive,validation,1,rolling_fixed_holdout,-0.3,0.0,-0.35,-0.1327896210431239,0.023163028305791797,-0.18515824447568927,-0.18624402800772227,0.07155240073458487,-0.2728780561704348,nan,0.14,False,True,
confirm_friction_payload,10113,passive,validation,1,rolling_fixed_holdout,-0.3,0.0,-0.35,-0.11018873144154619,0.0528077737764199,-0.25310108228311307,-0.22963485245751403,-0.020502011208570623,-0.3046059839576419,nan,0.13741472515514244,False,True,
confirm_friction_payload,10114,passive,validation,1,rolling_fixed_holdout,-0.3,0.0,-0.35,-0.10646093247487724,0.04075455612541305,-0.18403280475802775,-0.1704907391272078,0.07180346708944407,-0.27063977826217467,nan,0.14,False,True,
confirm_friction_payload,10115,passive,validation,1,rolling_fixed_holdout,-0.3,0.0,-0.35,-0.13646819396478893,0.0336410088731049,-0.13139561286165274,-0.18338609009172346,0.07551351533917063,-0.2610613969512932,nan,0.14,False,True,
confirm_friction_payload,10116,passive,validation,1,rolling_fixed_holdout,-0.3,0.0,-0.35,-0.09651020423922561,0.04060830505036686,-0.22211971422474705,-0.22350814144929604,0.0026107618303125826,-0.26002642830684886,nan,0.14,False,True,
confirm_friction_payload,10117,passive,validation,1,rolling_fixed_holdout,-0.3,0.0,-0.35,-0.14024985483271277,0.0264225905851308,-0.24695144688636247,-0.21507311933356324,0.042963985566345717,-0.3183500594226043,nan,0.14,False,True,
confirm_friction_payload,10118,passive,validation,1,rolling_fixed_holdout,-0.3,0.0,-0.35,-0.10616413849250984,0.04324854281140604,-0.24157010982201352,-0.23192829613434568,0.011334425577328886,-0.2838235360443577,nan,0.14,False,True,
confirm_friction_payload,10119,passive,validation,1,rolling_fixed_holdout,-0.3,0.0,-0.35,-0.13159565577164614,0.031439974786074826,-0.14361451402482212,-0.17715067531330567,0.07240090046818244,-0.26476321710449774,nan,0.13149388015904118,False,True,
confirm_friction_payload,10120,passive,validation,1,rolling_fixed_holdout,-0.3,0.0,-0.35,-0.14239836452176147,0.025903400103697544,-0.20347537106697838,-0.190168766239411,0.08442267647092945,-0.28868178657866006,nan,0.14,False,True,
confirm_friction_payload,10121,passive,validation,1,rolling_fixed_holdout,-0.3,0.0,-0.35,-0.12177347246364746,0.054392956814568565,-0.24365814796702648,-0.2508316858884995,-0.01192869208733689,-0.2947192377111689,nan,0.14,False,True,
confirm_friction_payload,10122,passive,validation,1,rolling_fixed_holdout,-0.3,0.0,-0.35,-0.09363728501090673,0.035376554064400406,-0.25192345908722996,-0.17804633072217196,0.0790786711542262,-0.2896200992855176,nan,0.14,False,True,
confirm_friction_payload,10123,passive,validation,1,rolling_fixed_holdout,-0.3,0.0,-0.35,-0.11024144283361775,0.04633515549964678,-0.2568398460930486,-0.19911284074642246,0.04746287123788189,-0.30036783144100987,nan,0.14,False,True,
confirm_friction_payload,10124,passive,validation,1,rolling_fixed_holdout,-0.3,0.0,-0.35,-0.11001942574762999,0.03236552528150216,-0.20906545594426051,-0.18302587335637047,0.06536394738265833,-0.29098963224542596,nan,0.14,False,True,
confirm_friction_payload,10125,passive,validation,1,rolling_fixed_holdout,-0.3,0.0,-0.35,-0.14401903999879095,0.01446711056575099,-0.17709537416259283,-0.2043801997220438,0.07008063788143953,-0.27832123366546313,nan,0.14,False,True,
confirm_friction_payload,10126,passive,validation,1,rolling_fixed_holdout,-0.3,0.0,-0.35,-0.11681970726738893,0.03880127278184,-0.2743867562036005,-0.24030420887076004,-0.01979788440220854,-0.30053565750502936,nan,0.14,False,True,
confirm_friction_payload,10127,passive,validation,1,rolling_fixed_holdout,-0.3,0.0,-0.35,-0.18848890171521815,0.016239940032819707,-0.2571198016167762,-0.248695722779764,0.02271433932062129,-0.2715798388651972,nan,0.14,False,True,
confirm_friction_payload,10128,passive,validation,1,rolling_fixed_holdout,-0.3,0.0,-0.35,-0.10713102209812532,0.02529019073082699,-0.21279265850075174,-0.17183671008468632,0.07954816012478619,-0.2698253660782153,nan,0.14,False,True,
confirm_friction_payload,10129,passive,validation,1,rolling_fixed_holdout,-0.3,0.0,-0.35,-0.12277667742910593,0.040241134841122066,-0.21949571411993218,-0.23438756526531043,0.03749862580783907,-0.3007309922999402,nan,0.14,False,True,
confirm_friction_payload,10130,passive,validation,1,rolling_fixed_holdout,-0.3,0.0,-0.35,-0.14117956421770753,0.031845674581920676,-0.14705095954668096,-0.19036921382423208,0.08059066712137442,-0.2677616331505141,nan,0.14,False,True,
confirm_friction_payload,10131,passive,validation,1,rolling_fixed_holdout,-0.3,0.0,-0.35,-0.15413780356753085,0.019356248072020618,-0.17984211355869864,-0.20684784277569204,0.06667255356027615,-0.2734720249847051,nan,0.14,False,True,
confirm_friction_payload,10132,passive,validation,1,rolling_fixed_holdout,-0.3,0.0,-0.35,-0.10621992814723125,0.030277153600867964,-0.23663911395335457,-0.1756537585227639,0.06953542233062045,-0.2812086685207766,nan,0.14,False,True,
confirm_friction_payload,10133,passive,validation,1,rolling_fixed_holdout,-0.3,0.0,-0.35,-0.14511590420594792,0.02771969630686848,-0.16071828521325535,-0.18751101906947829,0.07787001779108647,-0.2833918472179361,nan,0.14,False,True,
confirm_friction_payload,10134,passive,validation,1,rolling_fixed_holdout,-0.3,0.0,-0.35,-0.11232323546212167,0.027555440699528297,-0.23060155310491603,-0.1694299036340216,0.08115792285946384,-0.30180996111525477,nan,0.14,False,True,
confirm_friction_payload,10135,passive,validation,1,rolling_fixed_holdout,-0.3,0.0,-0.35,-0.10086817583798074,0.035589699953932796,-0.15747340495444415,-0.14244746024541044,0.07625022721055306,-0.26043651187519046,nan,0.14,False,True,
confirm_friction_payload,10136,passive,validation,1,rolling_fixed_holdout,-0.3,0.0,-0.35,-0.1184548314809756,0.038842957926519414,-0.21367993379584818,-0.15937044903423803,0.08224711888584677,-0.28428045725715717,nan,0.13509441202791128,False,True,
confirm_friction_payload,10137,passive,validation,1,rolling_fixed_holdout,-0.3,0.0,-0.35,-0.13479898754345918,0.029932771726635325,-0.21101393202560248,-0.23039785279024938,0.04604989242470776,-0.2957756537315188,nan,0.14,False,True,
confirm_friction_payload,10138,passive,validation,1,rolling_fixed_holdout,-0.3,0.0,-0.35,-0.14799746775046146,0.025200094451121566,-0.14614601462815868,-0.18728265012358059,0.08170615007343081,-0.27189459378329445,nan,0.14,False,True,
confirm_friction_payload,10139,passive,validation,1,rolling_fixed_holdout,-0.3,0.0,-0.35,-0.13896381669577113,0.03809082305093537,-0.21933111702578414,-0.22195929834640818,0.052060816415923146,-0.2914244905069155,nan,0.14,False,True,
confirm_friction_payload,10140,passive,validation,1,rolling_fixed_holdout,-0.3,0.0,-0.35,-0.10033400548101337,0.03542239258333499,-0.24101490339814183,-0.16717917703517127,0.07386297952044428,-0.2996413000253947,nan,0.14,False,True,
confirm_friction_payload,10141,passive,validation,1,rolling_fixed_holdout,-0.3,0.0,-0.35,-0.1744049141537514,0.0041168847025834215,-0.14845516661871566,-0.21789460528740504,0.06792525196479683,-0.2537821748458137,nan,0.14,False,True,
confirm_friction_payload,10142,passive,validation,1,rolling_fixed_holdout,-0.3,0.0,-0.35,-0.12394650420725736,0.025070736534624556,-0.20701295003996387,-0.19173568282367337,0.07944895499760411,-0.29048492157049005,nan,0.14,False,True,
confirm_friction_payload,10143,passive,validation,1,rolling_fixed_holdout,-0.3,0.0,-0.35,-0.13368511753565634,0.037395107283105106,-0.1683487488527233,-0.2218147538755983,0.050054467256331676,-0.25947976432622033,nan,0.14,False,True,
confirm_friction_payload,10144,passive,validation,1,rolling_fixed_holdout,-0.3,0.0,-0.35,-0.128668432518283,0.02739210132300188,-0.20003482111839355,-0.20654927904873635,0.06229450475417712,-0.304385186817178,nan,0.14,False,True,
confirm_friction_payload,10145,passive,validation,1,rolling_fixed_holdout,-0.3,0.0,-0.35,-0.14500482854761962,0.038861917426569935,-0.1461116458899663,-0.21470064413941042,0.05638795291246267,-0.25931106352940614,nan,0.14,False,True,
confirm_friction_payload,10146,passive,validation,1,rolling_fixed_holdout,-0.3,0.0,-0.35,-0.10420244030225513,0.035224947862806624,-0.18406367631000864,-0.16407206283589165,0.07396424961333962,-0.27301252715979146,nan,0.14,False,True,
confirm_friction_payload,10147,passive,validation,1,rolling_fixed_holdout,-0.3,0.0,-0.35,-0.14377512964274503,0.029507832700857505,-0.2287744523695446,-0.2693581041336062,-0.0048749932895081295,-0.2822973034502084,nan,0.14,False,True,
confirm_friction_payload,10148,passive,validation,1,rolling_fixed_holdout,-0.3,0.0,-0.35,-0.14441822978913293,0.03185568082145298,-0.17491251161243626,-0.19295428107584597,0.0749284945450706,-0.2802376706750371,nan,0.14,False,True,
confirm_friction_payload,10149,passive,validation,1,rolling_fixed_holdout,-0.3,0.0,-0.35,-0.09560171840628345,0.03313857559728898,-0.2671484543557525,-0.1620741008777656,0.06732401633672812,-0.298192657135435,nan,0.13879247939217293,False,True,
confirm_friction_payload,10150,passive,validation,1,rolling_fixed_holdout,-0.3,0.0,-0.35,-0.09623212266361787,0.039165898115205836,-0.2093995758876244,-0.23915028855054854,-0.027671266651014957,-0.2929161657710645,nan,0.1356116642251496,False,True,
confirm_friction_payload,10151,passive,validation,1,rolling_fixed_holdout,-0.3,0.0,-0.35,-0.12577795181174067,0.033938888985430335,-0.09714226791360168,-0.1639208421076374,0.07480104445665423,-0.2732423274128666,nan,0.14,False,True,
confirm_friction_payload,10152,passive,validation,1,rolling_fixed_holdout,-0.3,0.0,-0.35,-0.14278449929959428,0.029580310818724847,-0.12853928460431788,-0.17642610905731412,0.0767935741959536,-0.2641260968492653,nan,0.14,False,True,
confirm_friction_payload,10153,passive,validation,1,rolling_fixed_holdout,-0.3,0.0,-0.35,-0.12538768052628346,0.04211990865330061,-0.21001113040534858,-0.2611375141630663,0.010911404367088649,-0.26875607585566696,nan,0.14,False,True,
confirm_friction_payload,10154,passive,validation,1,rolling_fixed_holdout,-0.3,0.0,-0.35,-0.15242616072850051,0.01442686387289845,-0.1749135583426918,-0.2218893210849238,0.058725977340634936,-0.27603804932216697,nan,0.14,False,True,
confirm_friction_payload,10155,passive,validation,1,rolling_fixed_holdout,-0.3,0.0,-0.35,-0.1364129056648977,0.005722749639459784,-0.14893174757102762,-0.18622187300641133,0.06620098004180815,-0.28365921684329914,nan,0.14,False,True,
confirm_friction_payload,10156,passive,validation,1,rolling_fixed_holdout,-0.3,0.0,-0.35,-0.10684342822614377,0.035885075529117495,-0.23355471678971987,-0.20669118289938623,0.04127715938006685,-0.28365737321758416,nan,0.14,False,True,
confirm_friction_payload,10157,passive,validation,1,rolling_fixed_holdout,-0.3,0.0,-0.35,-0.12263616346836125,0.03167407603852007,-0.19724370303710942,-0.22951419601874892,0.02624795629035122,-0.2811198686474915,nan,0.14,False,True,
confirm_friction_payload,10158,passive,validation,1,rolling_fixed_holdout,-0.3,0.0,-0.35,-0.13378686858471867,0.03228617175338239,-0.18347222310885575,-0.18478311887904145,0.07505967505521687,-0.2814166106977869,nan,0.14,False,True,
confirm_friction_payload,10159,passive,validation,1,rolling_fixed_holdout,-0.3,0.0,-0.35,-0.12300624343307345,0.02703351595524635,-0.18910241639603656,-0.18574986892263573,0.07480242854738509,-0.2689992282749197,nan,0.14,False,True,
confirm_friction_payload,10160,passive,validation,1,rolling_fixed_holdout,-0.3,0.0,-0.35,-0.14422815404824735,0.022472823141129583,-0.1391065300861799,-0.18819760926156273,0.07290619850646496,-0.26834819259600384,nan,0.14,False,True,
confirm_friction_payload,10161,passive,validation,1,rolling_fixed_holdout,-0.3,0.0,-0.35,-0.14643300027356193,0.02937744503159366,-0.12740480563388829,-0.18605315244042606,0.0686477020288225,-0.24906405330616732,nan,0.14,False,True,
confirm_friction_payload,10162,passive,validation,1,rolling_fixed_holdout,-0.3,0.0,-0.35,-0.13440128601250131,0.040200521725861804,-0.2311711270879742,-0.23585968317606598,0.0335702336899875,-0.2985381707704328,nan,0.14,False,True,
confirm_friction_payload,10163,passive,validation,1,rolling_fixed_holdout,-0.3,0.0,-0.35,-0.15375629064341878,0.01730120763153771,-0.17269193736044808,-0.23359579471452233,0.05451461418075609,-0.2941872671643613,nan,0.14,False,True,
confirm_friction_payload,10164,passive,validation,1,rolling_fixed_holdout,-0.3,0.0,-0.35,-0.10575391246052074,0.04730035639053335,-0.20225004758567952,-0.23388555246373374,0.019570055206958495,-0.27370261932970885,nan,0.14,False,True,
confirm_friction_payload,10165,passive,validation,1,rolling_fixed_holdout,-0.3,0.0,-0.35,-0.11216000767810447,0.04645622099656391,-0.1805457675367845,-0.25193595243616873,0.011249771264219997,-0.2655338314772264,nan,0.14,False,True,
confirm_friction_payload,10166,passive,validation,1,rolling_fixed_holdout,-0.3,0.0,-0.35,-0.11258998002089245,0.04052286629703008,-0.16500050764738824,-0.21381484615394242,0.04119702906863161,-0.2574718751494198,nan,0.14,False,True,
confirm_friction_payload,10167,passive,validation,1,rolling_fixed_holdout,-0.3,0.0,-0.35,-0.11868583278262076,0.0340712047963107,-0.18552028014161154,-0.18631545044997755,0.06306800213676483,-0.2823019080816234,nan,0.14,False,True,
confirm_friction_payload,10168,passive,validation,1,rolling_fixed_holdout,-0.3,0.0,-0.35,-0.11687184244579375,0.01870420319617365,-0.22194211401374989,-0.17499889031724575,0.07853916985373449,-0.2864492006830725,nan,0.14,False,True,
confirm_friction_payload,10169,passive,validation,1,rolling_fixed_holdout,-0.3,0.0,-0.35,-0.09074512647643934,0.036981469324809335,-0.23817817920939421,-0.15747846309758035,0.06751656136934724,-0.2863178449332341,nan,0.13600628137377527,False,True,
confirm_friction_payload,10170,passive,validation,1,rolling_fixed_holdout,-0.3,0.0,-0.35,-0.09943984539778801,0.044345188477493615,-0.2660579260653572,-0.22291138271389638,-0.005914172887503985,-0.30061586814168495,nan,0.14,False,True,
confirm_friction_payload,10171,passive,validation,1,rolling_fixed_holdout,-0.3,0.0,-0.35,-0.07320529580276008,0.04599678234309291,-0.21972945697954938,-0.2129843561314105,-0.007870557251886758,-0.30004712670562284,nan,0.13435273571828163,False,True,
confirm_friction_payload,10172,passive,validation,1,rolling_fixed_holdout,-0.3,0.0,-0.35,-0.10977645027039357,0.031702163859753676,-0.2000558765294465,-0.1751812579049252,0.07150915454971755,-0.27477994356518604,nan,0.14,False,True,
confirm_friction_payload,10101,passive,adaptation,2,fixed,0.35,0.12,0.35,0.22496541708070664,0.07785176668195913,0.2650881833633687,nan,nan,nan,nan,0.14,False,True,
confirm_friction_payload,10102,passive,adaptation,2,fixed,0.35,0.12,0.35,0.16176534442090262,0.07752989812398507,0.27480470418155095,nan,nan,nan,nan,0.1328210869158238,False,True,
confirm_friction_payload,10103,passive,adaptation,2,fixed,0.35,0.12,0.35,0.17703824591107195,0.07697529379077313,0.2766142014210436,nan,nan,nan,nan,0.14,False,True,
confirm_friction_payload,10104,passive,adaptation,2,fixed,0.35,0.12,0.35,0.2802220868613877,0.07490288462203194,0.23795707289509438,nan,nan,nan,nan,0.14,False,True,
confirm_friction_payload,10105,passive,adaptation,2,fixed,0.35,0.12,0.35,0.3311742726033372,0.12395835368964822,0.23993629986295228,nan,nan,nan,nan,0.14,False,True,
confirm_friction_payload,10106,passive,adaptation,2,fixed,0.35,0.12,0.35,0.2238576050536953,0.11313680673276248,0.2533999052202014,nan,nan,nan,nan,0.14,False,True,
confirm_friction_payload,10107,passive,adaptation,2,fixed,0.35,0.12,0.35,0.2666490636567429,0.11267352399075888,0.3032928794584577,nan,nan,nan,nan,0.14,False,True,
confirm_friction_payload,10108,passive,adaptation,2,fixed,0.35,0.12,0.35,0.2575579687659321,0.05941811153362157,0.2633822203606812,nan,nan,nan,nan,0.14,False,True,
confirm_friction_payload,10109,passive,adaptation,2,fixed,0.35,0.12,0.35,0.1354435532543765,0.018702890366985397,0.08540861835900397,nan,nan,nan,nan,0.13874413128194593,False,False,BASE_HEIGHT_LIMIT
confirm_friction_payload,10110,passive,adaptation,2,fixed,0.35,0.12,0.35,0.24347860724637654,0.10959338529500916,0.25550116417782415,nan,nan,nan,nan,0.14,False,True,
confirm_friction_payload,10111,passive,adaptation,2,fixed,0.35,0.12,0.35,0.21811163154122734,0.1436667696901059,0.27225778154795705,nan,nan,nan,nan,0.14,False,True,
confirm_friction_payload,10112,passive,adaptation,2,fixed,0.35,0.12,0.35,0.2504894403847051,0.09034613759551843,0.23803169894931137,nan,nan,nan,nan,0.14,False,True,
confirm_friction_payload,10113,passive,adaptation,2,fixed,0.35,0.12,0.35,0.24860515099358155,0.10926965696892622,0.25190190912164245,nan,nan,nan,nan,0.13741472515514244,False,True,
confirm_friction_payload,10114,passive,adaptation,2,fixed,0.35,0.12,0.35,0.22464880092200745,0.08429741887996432,0.2371810464747196,nan,nan,nan,nan,0.14,False,True,
confirm_friction_payload,10115,passive,adaptation,2,fixed,0.35,0.12,0.35,0.22583306778118778,0.08211142608483901,0.23426269461322252,nan,nan,nan,nan,0.14,False,True,
confirm_friction_payload,10116,passive,adaptation,2,fixed,0.35,0.12,0.35,0.16474803942496893,0.0867396339534897,0.2015489243306954,nan,nan,nan,nan,0.14,False,True,
confirm_friction_payload,10117,passive,adaptation,2,fixed,0.35,0.12,0.35,0.2594672170349742,0.05046120968376708,0.2485764037648286,nan,nan,nan,nan,0.14,False,True,
confirm_friction_payload,10118,passive,adaptation,2,fixed,0.35,0.12,0.35,0.17805862366000452,0.11736552279943477,0.32274700614155766,nan,nan,nan,nan,0.14,False,True,
confirm_friction_payload,10119,passive,adaptation,2,fixed,0.35,0.12,0.35,0.24261692954148362,0.1123812268476784,0.2458961254194587,nan,nan,nan,nan,0.13149388015904118,False,True,
confirm_friction_payload,10120,passive,adaptation,2,fixed,0.35,0.12,0.35,0.2920972871436097,0.08518605910698389,0.26754982685481693,nan,nan,nan,nan,0.14,False,True,
confirm_friction_payload,10121,passive,adaptation,2,fixed,0.35,0.12,0.35,0.2530979984119171,0.100274388016746,0.25808712533319295,nan,nan,nan,nan,0.14,False,True,
confirm_friction_payload,10122,passive,adaptation,2,fixed,0.35,0.12,0.35,0.18370737342326363,0.13039333621005228,0.25623230118970214,nan,nan,nan,nan,0.14,False,True,
confirm_friction_payload,10123,passive,adaptation,2,fixed,0.35,0.12,0.35,0.28072222138974867,0.09989996396987745,0.27988468308061193,nan,nan,nan,nan,0.14,False,True,
confirm_friction_payload,10124,passive,adaptation,2,fixed,0.35,0.12,0.35,0.13786017489519986,0.09719566295570053,0.20985748910272378,nan,nan,nan,nan,0.14,False,True,
confirm_friction_payload,10125,passive,adaptation,2,fixed,0.35,0.12,0.35,0.27185538190080805,0.04060285191303403,0.2638316639067988,nan,nan,nan,nan,0.14,False,False,BASE_HEIGHT_LIMIT
confirm_friction_payload,10126,passive,adaptation,2,fixed,0.35,0.12,0.35,0.25664129938281655,0.1079302287512833,0.24773563125150405,nan,nan,nan,nan,0.14,False,True,
confirm_friction_payload,10127,passive,adaptation,2,fixed,0.35,0.12,0.35,0.07407790660524284,0.02895430721371954,0.1893704237101272,nan,nan,nan,nan,0.14,False,False,BASE_HEIGHT_LIMIT
confirm_friction_payload,10128,passive,adaptation,2,fixed,0.35,0.12,0.35,0.17440185516494805,0.13837581938515894,0.24854599543230774,nan,nan,nan,nan,0.14,False,True,
confirm_friction_payload,10129,passive,adaptation,2,fixed,0.35,0.12,0.35,0.2544787186562255,0.10631195429140142,0.3094523018271166,nan,nan,nan,nan,0.14,False,True,
confirm_friction_payload,10130,passive,adaptation,2,fixed,0.35,0.12,0.35,0.26826500381815427,0.041143062305187245,0.29755094709648755,nan,nan,nan,nan,0.14,False,True,
confirm_friction_payload,10131,passive,adaptation,2,fixed,0.35,0.12,0.35,0.06456942041580575,0.03684725515135609,0.0683026530104057,nan,nan,nan,nan,0.14,False,False,BASE_HEIGHT_LIMIT
confirm_friction_payload,10132,passive,adaptation,2,fixed,0.35,0.12,0.35,0.23230761804556713,0.110773828417145,0.25950125947642066,nan,nan,nan,nan,0.14,False,True,
confirm_friction_payload,10133,passive,adaptation,2,fixed,0.35,0.12,0.35,0.24326543201691214,0.04107358641636093,0.3156512475425609,nan,nan,nan,nan,0.14,False,True,
confirm_friction_payload,10134,passive,adaptation,2,fixed,0.35,0.12,0.35,0.16810785084824842,0.07654361779030207,0.2538583484722616,nan,nan,nan,nan,0.14,False,True,
confirm_friction_payload,10135,passive,adaptation,2,fixed,0.35,0.12,0.35,0.11988025353564659,0.07008146684491846,0.18366473829175617,nan,nan,nan,nan,0.14,False,True,
confirm_friction_payload,10136,passive,adaptation,2,fixed,0.35,0.12,0.35,0.07723082109472508,0.005369159685389565,0.060210848547118855,nan,nan,nan,nan,0.13509441202791128,False,False,BASE_HEIGHT_LIMIT
confirm_friction_payload,10137,passive,adaptation,2,fixed,0.35,0.12,0.35,0.20632862135005012,0.07672141619013162,0.21703331468809176,nan,nan,nan,nan,0.14,False,True,
confirm_friction_payload,10138,passive,adaptation,2,fixed,0.35,0.12,0.35,0.2027886401359074,0.029371769696546604,0.22062671476074455,nan,nan,nan,nan,0.14,False,True,
confirm_friction_payload,10139,passive,adaptation,2,fixed,0.35,0.12,0.35,0.32793666626199014,0.07262890250860816,0.2083197630598264,nan,nan,nan,nan,0.14,False,True,
confirm_friction_payload,10140,passive,adaptation,2,fixed,0.35,0.12,0.35,0.07259695227723846,0.046133856069492885,0.20737265746974867,nan,nan,nan,nan,0.14,False,False,BASE_HEIGHT_LIMIT
confirm_friction_payload,10141,passive,adaptation,2,fixed,0.35,0.12,0.35,0.28134500935538154,0.015865487504132404,0.1983359437722441,nan,nan,nan,nan,0.14,False,True,
confirm_friction_payload,10142,passive,adaptation,2,fixed,0.35,0.12,0.35,0.14485104744823665,0.10405030303232776,0.25211379780721166,nan,nan,nan,nan,0.14,False,True,
confirm_friction_payload,10143,passive,adaptation,2,fixed,0.35,0.12,0.35,0.19779469060576146,0.02988782307826498,0.19735387334359417,nan,nan,nan,nan,0.14,False,True,
confirm_friction_payload,10144,passive,adaptation,2,fixed,0.35,0.12,0.35,0.15562125491712478,0.09784861233931849,0.2618253454442564,nan,nan,nan,nan,0.14,False,True,
confirm_friction_payload,10145,passive,adaptation,2,fixed,0.35,0.12,0.35,0.26772832002807734,0.04588927135834823,0.2599394646850465,nan,nan,nan,nan,0.14,False,False,BASE_HEIGHT_LIMIT
confirm_friction_payload,10146,passive,adaptation,2,fixed,0.35,0.12,0.35,0.1166030114967108,0.08072993323221721,0.24548434974107208,nan,nan,nan,nan,0.14,False,True,
confirm_friction_payload,10147,passive,adaptation,2,fixed,0.35,0.12,0.35,0.2853263643107057,0.11857926270807179,0.2931729057369772,nan,nan,nan,nan,0.14,False,True,
confirm_friction_payload,10148,passive,adaptation,2,fixed,0.35,0.12,0.35,0.06028279102363514,-0.000885338260602115,0.043760098396323596,nan,nan,nan,nan,0.14,False,False,BASE_HEIGHT_LIMIT
confirm_friction_payload,10149,passive,adaptation,2,fixed,0.35,0.12,0.35,0.13595490710560393,0.015505373387260128,0.22403323598898017,nan,nan,nan,nan,0.13879247939217293,False,True,
confirm_friction_payload,10150,passive,adaptation,2,fixed,0.35,0.12,0.35,0.22916790425994688,0.13854866665001025,0.2662124426182696,nan,nan,nan,nan,0.1356116642251496,False,True,
confirm_friction_payload,10151,passive,adaptation,2,fixed,0.35,0.12,0.35,0.09686303622990933,0.051538006670029876,0.19590868728372854,nan,nan,nan,nan,0.14,False,True,
confirm_friction_payload,10152,passive,adaptation,2,fixed,0.35,0.12,0.35,0.16633389704832735,0.08265567034458694,0.26030618119853943,nan,nan,nan,nan,0.14,False,True,
confirm_friction_payload,10153,passive,adaptation,2,fixed,0.35,0.12,0.35,0.23596608616704204,0.0813126601943485,0.316414792255877,nan,nan,nan,nan,0.14,False,True,
confirm_friction_payload,10154,passive,adaptation,2,fixed,0.35,0.12,0.35,0.2693737818125405,0.08713769267127044,0.262622729066804,nan,nan,nan,nan,0.14,False,True,
confirm_friction_payload,10155,passive,adaptation,2,fixed,0.35,0.12,0.35,0.20887307426934915,0.02345397311358317,0.24364923085219692,nan,nan,nan,nan,0.14,False,True,
confirm_friction_payload,10156,passive,adaptation,2,fixed,0.35,0.12,0.35,0.13782315133639944,0.0612529489496733,0.2441232519382061,nan,nan,nan,nan,0.14,False,True,
confirm_friction_payload,10157,passive,adaptation,2,fixed,0.35,0.12,0.35,0.13311332805186704,0.007961852219277935,0.23168721859043426,nan,nan,nan,nan,0.14,False,True,
confirm_friction_payload,10158,passive,adaptation,2,fixed,0.35,0.12,0.35,0.19899299320443098,0.09794408443358658,0.25160733693216525,nan,nan,nan,nan,0.14,False,True,
confirm_friction_payload,10159,passive,adaptation,2,fixed,0.35,0.12,0.35,0.18378649855248488,0.06799604518485991,0.21827594852823798,nan,nan,nan,nan,0.14,False,True,
confirm_friction_payload,10160,passive,adaptation,2,fixed,0.35,0.12,0.35,0.21963097109392002,0.07240311185105186,0.32763606131196,nan,nan,nan,nan,0.14,False,True,
confirm_friction_payload,10161,passive,adaptation,2,fixed,0.35,0.12,0.35,0.2174686642067173,0.07646086456407705,0.2679408589097122,nan,nan,nan,nan,0.14,False,True,
confirm_friction_payload,10162,passive,adaptation,2,fixed,0.35,0.12,0.35,0.2925162693573363,0.06123600039180941,0.2925177573349331,nan,nan,nan,nan,0.14,False,True,
confirm_friction_payload,10163,passive,adaptation,2,fixed,0.35,0.12,0.35,0.08188297804309336,0.060821641592303376,0.06519204361764747,nan,nan,nan,nan,0.14,False,False,BASE_HEIGHT_LIMIT
confirm_friction_payload,10164,passive,adaptation,2,fixed,0.35,0.12,0.35,0.27877547283475024,0.11112129171339671,0.25539859396768144,nan,nan,nan,nan,0.14,False,True,
confirm_friction_payload,10165,passive,adaptation,2,fixed,0.35,0.12,0.35,0.28513074176019904,0.06882343568065222,0.29095957611547385,nan,nan,nan,nan,0.14,False,True,
confirm_friction_payload,10166,passive,adaptation,2,fixed,0.35,0.12,0.35,0.28620268259247295,0.1293431577993024,0.2129421508480075,nan,nan,nan,nan,0.14,False,True,
confirm_friction_payload,10167,passive,adaptation,2,fixed,0.35,0.12,0.35,0.22717899377261014,0.11967877251010174,0.2637257382343719,nan,nan,nan,nan,0.14,False,True,
confirm_friction_payload,10168,passive,adaptation,2,fixed,0.35,0.12,0.35,0.15123995837891024,0.015243956931418811,0.22093128760460376,nan,nan,nan,nan,0.14,False,True,
confirm_friction_payload,10169,passive,adaptation,2,fixed,0.35,0.12,0.35,0.17087291800050716,0.12868924622304304,0.2726090121535306,nan,nan,nan,nan,0.13600628137377527,False,True,
confirm_friction_payload,10170,passive,adaptation,2,fixed,0.35,0.12,0.35,0.17923982957834775,0.13144527229584402,0.3016641996134695,nan,nan,nan,nan,0.14,False,True,
confirm_friction_payload,10171,passive,adaptation,2,fixed,0.35,0.12,0.35,0.22443228907705887,0.12749298749074026,0.21854771083047206,nan,nan,nan,nan,0.13435273571828163,False,True,
confirm_friction_payload,10172,passive,adaptation,2,fixed,0.35,0.12,0.35,0.22268830286211233,0.11181962585433347,0.22704811232089772,nan,nan,nan,nan,0.14,False,True,
confirm_friction_payload,10101,passive,validation,2,rolling_fixed_holdout,-0.3,0.0,0.35,-0.04804551753539696,0.04371100225629254,-0.059168657597575586,-0.25165849680742874,0.014873884572708357,0.2911513395208332,nan,0.14,False,True,
confirm_friction_payload,10102,passive,validation,2,rolling_fixed_holdout,-0.3,0.0,0.35,-0.035140489700061034,0.026964406729567864,-0.016328240340959695,-0.19197417633730313,0.03775786187101146,0.28268037635277515,nan,0.1328210869158238,False,True,
confirm_friction_payload,10103,passive,validation,2,rolling_fixed_holdout,-0.3,0.0,0.35,-0.03889258729064566,0.017129179157192583,-0.0034902645223801876,-0.27303022318713244,0.004745739978883422,0.35487192006735996,nan,0.14,False,True,
confirm_friction_payload,10104,passive,validation,2,rolling_fixed_holdout,-0.3,0.0,0.35,-0.06857343589009621,0.02031393125485342,0.06401812864417322,-0.2857837149733434,0.01556527203820546,0.2970720415007981,nan,0.14,False,True,
confirm_friction_payload,10105,passive,validation,2,rolling_fixed_holdout,-0.3,0.0,0.35,-0.04124385750743307,0.03929339543117891,-0.06459555573859935,-0.2469234636081836,0.0058564465878935615,0.31112717587985417,nan,0.14,False,True,
confirm_friction_payload,10106,passive,validation,2,rolling_fixed_holdout,-0.3,0.0,0.35,-0.05044865948850326,0.032773751081338925,-0.03889924515633335,-0.2655852210695395,-0.01227620673861377,0.33019013987111157,nan,0.14,False,True,
confirm_friction_payload,10107,passive,validation,2,rolling_fixed_holdout,-0.3,0.0,0.35,-0.04968902191729967,0.03282734425886611,-0.023762122841900483,-0.25817632235987353,0.017516814864180063,0.28627009086002864,nan,0.14,False,True,
confirm_friction_payload,10108,passive,validation,2,rolling_fixed_holdout,-0.3,0.0,0.35,-0.05421405237799093,0.0351999202363652,-0.07522723279771404,-0.27949179236920557,0.006993189544452909,0.3479617382559299,nan,0.14,False,True,
confirm_friction_payload,10109,passive,validation,2,rolling_fixed_holdout,-0.3,0.0,0.35,-0.03583714290777845,0.028226200761658268,-0.029777923858538172,-0.21338959638885374,0.03727811747195114,0.29838041911748125,nan,0.13874413128194593,False,True,
confirm_friction_payload,10110,passive,validation,2,rolling_fixed_holdout,-0.3,0.0,0.35,-0.04761874227181896,0.024255185736426783,-0.04116897456568975,-0.2651421071867168,-0.002423205191713928,0.3000158669891328,nan,0.14,False,True,
confirm_friction_payload,10111,passive,validation,2,rolling_fixed_holdout,-0.3,0.0,0.35,-0.036643250950168405,-0.0002589363047202519,0.03532273837274576,-0.27051422874897146,-0.010722483658579552,0.30934450471795427,nan,0.14,False,True,
confirm_friction_payload,10112,passive,validation,2,rolling_fixed_holdout,-0.3,0.0,0.35,-0.0691706179867851,0.008025780414885149,0.080017598977048,-0.25799878135449245,0.015884412633185102,0.3040047151222687,nan,0.14,False,True,
confirm_friction_payload,10113,passive,validation,2,rolling_fixed_holdout,-0.3,0.0,0.35,-0.02960234567648174,0.024518241375729024,-0.011560766371200073,-0.2258192718225936,0.014183509135692931,0.26509129667982456,nan,0.13741472515514244,False,True,
confirm_friction_payload,10114,passive,validation,2,rolling_fixed_holdout,-0.3,0.0,0.35,-0.05058755998308766,0.03928341378605454,-0.04260866547011177,-0.26539112139468185,0.013630707998873203,0.30701772987563813,nan,0.14,False,True,
confirm_friction_payload,10115,passive,validation,2,rolling_fixed_holdout,-0.3,0.0,0.35,-0.059241187825312756,0.025741160017770985,-0.016665634075232878,-0.2519859212013094,0.006703440932618752,0.33855350930481404,nan,0.14,False,True,
confirm_friction_payload,10116,passive,validation,2,rolling_fixed_holdout,-0.3,0.0,0.35,-0.05430426101675457,0.021512821085826982,-0.030314445345939887,-0.25980125882835015,-0.0009745560718592305,0.3148296772939396,nan,0.14,False,True,
confirm_friction_payload,10117,passive,validation,2,rolling_fixed_holdout,-0.3,0.0,0.35,-0.03476947191209004,0.013317995226416466,-0.02555681207441521,-0.28267552707474963,0.0069697187959550655,0.29677232127554126,nan,0.14,False,True,
confirm_friction_payload,10118,passive,validation,2,rolling_fixed_holdout,-0.3,0.0,0.35,-0.055905197377066417,0.015557830836695551,-0.018176177260331713,-0.2743491936621944,-0.008064909610319883,0.32958467235432537,nan,0.14,False,True,
confirm_friction_payload,10119,passive,validation,2,rolling_fixed_holdout,-0.3,0.0,0.35,-0.03873453527099832,0.01864080047401874,-0.006516865457779686,-0.20731685551857634,0.03482569547442579,0.27422784737765626,nan,0.13149388015904118,False,True,
confirm_friction_payload,10120,passive,validation,2,rolling_fixed_holdout,-0.3,0.0,0.35,-0.046512767348366874,0.010274701993949852,-0.0160432691737195,-0.24649012609393428,0.02147839018077341,0.30918508705581527,nan,0.14,False,True,
confirm_friction_payload,10121,passive,validation,2,rolling_fixed_holdout,-0.3,0.0,0.35,-0.030113025369958857,0.030577504750989,-0.009210772006715308,-0.280193805558635,0.0002336808890248899,0.2905062089434774,nan,0.14,False,True,
confirm_friction_payload,10122,passive,validation,2,rolling_fixed_holdout,-0.3,0.0,0.35,-0.04569547073481709,0.01816475741761244,0.0621760692271799,-0.2716733556276365,0.0011547908554296645,0.342908562894694,nan,0.14,False,True,
confirm_friction_payload,10123,passive,validation,2,rolling_fixed_holdout,-0.3,0.0,0.35,-0.05884595873043818,0.015556468287747325,0.056213521573606026,-0.2724984350718533,0.011803212789881721,0.3062182301194608,nan,0.14,False,True,
confirm_friction_payload,10124,passive,validation,2,rolling_fixed_holdout,-0.3,0.0,0.35,-0.12881303147603274,-0.00535751874609137,-0.027680253408154023,-0.25678130923842757,0.006688358693089811,0.3070905857642023,nan,0.14,False,True,
confirm_friction_payload,10125,passive,validation,2,rolling_fixed_holdout,-0.3,0.0,0.35,-0.08536103789400552,0.013230606524124429,0.12595013457709586,-0.2932624162174974,0.008920480570138774,0.3127779264637673,nan,0.14,False,True,
confirm_friction_payload,10126,passive,validation,2,rolling_fixed_holdout,-0.3,0.0,0.35,-0.03302504397999053,0.01935516836671834,0.00014092363040954463,-0.2768598427160905,-0.0037023058056866024,0.29480149996633076,nan,0.14,False,True,
confirm_friction_payload,10127,passive,validation,2,rolling_fixed_holdout,-0.3,0.0,0.35,-0.028406677455975974,0.02784063033025042,-0.009236137182836224,-0.2716104063516811,0.0023242952955848,0.3037702492591971,nan,0.14,False,True,
confirm_friction_payload,10128,passive,validation,2,rolling_fixed_holdout,-0.3,0.0,0.35,-0.04693382389413107,0.014847075034465897,0.02873379831150573,-0.23741100394541062,0.028226953299397138,0.3054188346074399,nan,0.14,False,True,
confirm_friction_payload,10129,passive,validation,2,rolling_fixed_holdout,-0.3,0.0,0.35,-0.05140737253209769,0.016906657962778838,-0.004051285011582142,-0.26518818671584116,0.01692175216502886,0.2869439400062628,nan,0.14,False,True,
confirm_friction_payload,10130,passive,validation,2,rolling_fixed_holdout,-0.3,0.0,0.35,-0.04482332612001081,0.03303581583157406,-0.03736368008287199,-0.28266632554431353,0.02829445397709953,0.29757465810170025,nan,0.14,False,True,
confirm_friction_payload,10131,passive,validation,2,rolling_fixed_holdout,-0.3,0.0,0.35,-0.08137581666659954,0.0048601499089189395,0.13287661778117044,-0.28332438953258404,0.00808002569778366,0.312444253484177,nan,0.14,False,True,
confirm_friction_payload,10132,passive,validation,2,rolling_fixed_holdout,-0.3,0.0,0.35,-0.06172635749482167,0.0076461798228614234,0.05328701187472458,-0.2596906774344974,0.011742669584960915,0.3024249068519792,nan,0.14,False,True,
confirm_friction_payload,10133,passive,validation,2,rolling_fixed_holdout,-0.3,0.0,0.35,-0.0446012620808923,0.03013806176940692,-0.043439581596200504,-0.2573533938804765,0.02860693963480099,0.3084483424914257,nan,0.14,False,True,
confirm_friction_payload,10134,passive,validation,2,rolling_fixed_holdout,-0.3,0.0,0.35,-0.03831628643248183,0.030800861827405365,-0.018345666151952298,-0.20939199435425654,0.031739110452828546,0.2929473648967246,nan,0.14,False,True,
confirm_friction_payload,10135,passive,validation,2,rolling_fixed_holdout,-0.3,0.0,0.35,-0.03910053719606888,0.03258288908841539,-0.029100449817440092,-0.20078101065770104,0.037391091810327536,0.3041418590236511,nan,0.14,False,True,
confirm_friction_payload,10136,passive,validation,2,rolling_fixed_holdout,-0.3,0.0,0.35,-0.049256824525166436,0.026251195190322606,-0.018124216601447547,-0.21032025628209358,0.03413781347650845,0.2602683234139162,nan,0.13509441202791128,False,True,
confirm_friction_payload,10137,passive,validation,2,rolling_fixed_holdout,-0.3,0.0,0.35,-0.02083818491736619,0.015017748728900552,-0.0004574995617418198,-0.28408107290272094,0.013864803966596085,0.2975681567322501,nan,0.14,False,True,
confirm_friction_payload,10138,passive,validation,2,rolling_fixed_holdout,-0.3,0.0,0.35,-0.050596774931357925,0.036447614995452196,-0.04573981515776405,-0.2673410576449914,0.014365016080180175,0.35067821995231857,nan,0.14,False,True,
confirm_friction_payload,10139,passive,validation,2,rolling_fixed_holdout,-0.3,0.0,0.35,-0.046112938505210754,0.027528245110719957,-0.014377241225704055,-0.28085606281083725,0.013824464786697856,0.31201231812954994,nan,0.14,False,True,
confirm_friction_payload,10140,passive,validation,2,rolling_fixed_holdout,-0.3,0.0,0.35,-0.04171672277037274,0.03581700444655424,-0.028760310098847334,-0.25494716141505064,0.008129327243119714,0.30846429330316777,nan,0.14,False,True,
confirm_friction_payload,10141,passive,validation,2,rolling_fixed_holdout,-0.3,0.0,0.35,-0.03391883701096856,0.02446263407415206,-0.017938945314170417,-0.2911610086061991,0.012404661298361042,0.3396984333300653,nan,0.14,False,True,
confirm_friction_payload,10142,passive,validation,2,rolling_fixed_holdout,-0.3,0.0,0.35,-0.06932556378070666,0.006373086318239144,-0.010718959303121682,-0.24129588201254076,0.036799457691534455,0.3008683569100263,nan,0.14,False,True,
confirm_friction_payload,10143,passive,validation,2,rolling_fixed_holdout,-0.3,0.0,0.35,-0.03699374901380256,0.035568697223490604,-0.026367727658949503,-0.26807816698996884,0.015224031779854857,0.3154206226514416,nan,0.14,False,True,
confirm_friction_payload,10144,passive,validation,2,rolling_fixed_holdout,-0.3,0.0,0.35,-0.034350628446069946,0.029534003549375295,-0.009710205741205492,-0.27018901587925626,0.009799678132715301,0.2944124449070912,nan,0.14,False,True,
confirm_friction_payload,10145,passive,validation,2,rolling_fixed_holdout,-0.3,0.0,0.35,-0.041883372724694584,0.03627959325471649,-0.04663091376440122,-0.2944684778102012,0.0005930562197679326,0.3073204886667012,nan,0.14,False,True,
confirm_friction_payload,10146,passive,validation,2,rolling_fixed_holdout,-0.3,0.0,0.35,-0.049940022554224986,0.030263053397069948,-0.03071329716432245,-0.24829105684678704,0.01795256737292898,0.2976649578131267,nan,0.14,False,True,
confirm_friction_payload,10147,passive,validation,2,rolling_fixed_holdout,-0.3,0.0,0.35,-0.040261942567396763,0.021066303342475126,-0.0243775266072032,-0.293603843898595,-0.005037032368350055,0.2986887112653352,nan,0.14,False,True,
confirm_friction_payload,10148,passive,validation,2,rolling_fixed_holdout,-0.3,0.0,0.35,-0.037518092749825566,0.0287811933221356,-0.025591699193388998,-0.2724285260595064,0.010694811917967173,0.2893255089464557,nan,0.14,False,True,
confirm_friction_payload,10149,passive,validation,2,rolling_fixed_holdout,-0.3,0.0,0.35,-0.04210841615576066,0.019025170668682295,0.00753089110199884,-0.19015674765965954,0.04659613968769289,0.2802614238075503,nan,0.13879247939217293,False,True,
confirm_friction_payload,10150,passive,validation,2,rolling_fixed_holdout,-0.3,0.0,0.35,-0.04277545241747916,0.03196811846758413,-0.03449163381268826,-0.22004742668175623,0.00963354867334136,0.2747137321629237,nan,0.1356116642251496,False,True,
confirm_friction_payload,10151,passive,validation,2,rolling_fixed_holdout,-0.3,0.0,0.35,-0.03718941669163293,0.027711213991219535,-0.02318338856110848,-0.1934208815936198,0.04917477466601741,0.30943293620045464,nan,0.14,False,True,
confirm_friction_payload,10152,passive,validation,2,rolling_fixed_holdout,-0.3,0.0,0.35,-0.03872346505225808,0.03133101302721636,-0.05018032005924023,-0.22423606842963434,0.036263659785645545,0.2883766093683526,nan,0.14,False,True,
confirm_friction_payload,10153,passive,validation,2,rolling_fixed_holdout,-0.3,0.0,0.35,-0.0064073578302247455,0.01477374228164919,-0.015172682033517567,-0.2894690419637433,0.003918793690577942,0.30636058115827597,nan,0.14,False,True,
confirm_friction_payload,10154,passive,validation,2,rolling_fixed_holdout,-0.3,0.0,0.35,-0.04312254387661361,0.020382477181173676,-0.0004151796099903449,-0.29207869560321453,0.009469385748252403,0.3019519173530246,nan,0.14,False,True,
confirm_friction_payload,10155,passive,validation,2,rolling_fixed_holdout,-0.3,0.0,0.35,-0.050161555075139516,0.02763044313928101,-0.00447599830069634,-0.2327569793270696,0.031559907100866876,0.28958435378401176,nan,0.14,False,True,
confirm_friction_payload,10156,passive,validation,2,rolling_fixed_holdout,-0.3,0.0,0.35,-0.03517492061652793,0.01908405754969396,-0.005386275090956357,-0.25828594919627346,0.008109412440904285,0.29981400003827996,nan,0.14,False,True,
confirm_friction_payload,10157,passive,validation,2,rolling_fixed_holdout,-0.3,0.0,0.35,-0.19825082451611895,-0.10174572656506171,0.13719352750467737,-0.2649411249141882,0.014288746788723187,0.3011426042339343,nan,0.14,False,True,
confirm_friction_payload,10158,passive,validation,2,rolling_fixed_holdout,-0.3,0.0,0.35,-0.04684433873482533,0.02465821312413901,-0.03641610022958241,-0.24934209954583006,0.014850099968232765,0.29478161096393063,nan,0.14,False,True,
confirm_friction_payload,10159,passive,validation,2,rolling_fixed_holdout,-0.3,0.0,0.35,-0.04790269807732789,0.005612890684219171,0.04304327531659152,-0.260865915862837,0.014388726831306582,0.31138133745012725,nan,0.14,False,True,
confirm_friction_payload,10160,passive,validation,2,rolling_fixed_holdout,-0.3,0.0,0.35,-0.038576743511516604,0.030619568299014938,-0.03642834041299037,-0.27919503285867314,0.008549333428079368,0.3303317720072355,nan,0.14,False,True,
confirm_friction_payload,10161,passive,validation,2,rolling_fixed_holdout,-0.3,0.0,0.35,-0.04865614608891187,0.027626501969845757,-0.04097641327470368,-0.2636496728571991,0.012440591894437705,0.30771129632775734,nan,0.14,False,True,
confirm_friction_payload,10162,passive,validation,2,rolling_fixed_holdout,-0.3,0.0,0.35,-0.053537470772800334,0.027629094293156707,-0.009284585170648596,-0.2829974168660561,0.00915436739880409,0.2976215025477268,nan,0.14,False,True,
confirm_friction_payload,10163,passive,validation,2,rolling_fixed_holdout,-0.3,0.0,0.35,-0.0318810914548805,0.022892710464186825,-0.015528579541592692,-0.28449684220734983,0.00677872651165319,0.28839217213069684,nan,0.14,False,True,
confirm_friction_payload,10164,passive,validation,2,rolling_fixed_holdout,-0.3,0.0,0.35,-0.0531316253808589,0.03645229504309198,-0.06879996929869595,-0.26585911060460427,0.0027171161301817503,0.3427574235938496,nan,0.14,False,True,
confirm_friction_payload,10165,passive,validation,2,rolling_fixed_holdout,-0.3,0.0,0.35,-0.019766047565827262,0.026810832897424145,-0.026557616844601735,-0.2854869435381644,0.005719818067585322,0.2999342018179166,nan,0.14,False,True,
confirm_friction_payload,10166,passive,validation,2,rolling_fixed_holdout,-0.3,0.0,0.35,-0.04233673844755846,0.03564735744054154,-0.05592637255062922,-0.2713315416241119,0.016353755225625637,0.31041038863422277,nan,0.14,False,True,
confirm_friction_payload,10167,passive,validation,2,rolling_fixed_holdout,-0.3,0.0,0.35,-0.050542766394090416,0.01215245851146948,0.017603266422882215,-0.2478258017314647,0.021918686423154567,0.28837299262732846,nan,0.14,False,True,
confirm_friction_payload,10168,passive,validation,2,rolling_fixed_holdout,-0.3,0.0,0.35,-0.058037475327432954,0.033337412335433116,-0.0162685481723915,-0.21255134409979523,0.04425051955040127,0.2827801596900681,nan,0.14,False,True,
confirm_friction_payload,10169,passive,validation,2,rolling_fixed_holdout,-0.3,0.0,0.35,-0.0517425068367837,0.015660554240742683,-0.009422808092945852,-0.19264635829398608,0.0316901167403809,0.27486864613527257,nan,0.13600628137377527,False,True,
confirm_friction_payload,10170,passive,validation,2,rolling_fixed_holdout,-0.3,0.0,0.35,-0.06463966511922287,0.026036971755464534,-0.029434696463985666,-0.24597364545164369,0.007982410347529174,0.2747435113142258,nan,0.14,False,True,
confirm_friction_payload,10171,passive,validation,2,rolling_fixed_holdout,-0.3,0.0,0.35,-0.04832824075594565,0.037747045014715576,-0.05424808290247626,-0.20858649543345667,0.020715831478544774,0.27485711394436957,nan,0.13435273571828163,False,True,
confirm_friction_payload,10172,passive,validation,2,rolling_fixed_holdout,-0.3,0.0,0.35,-0.05923459411293355,0.015006109781494527,0.011933918044085187,-0.2677552377924572,0.010497561248986086,0.3241572134296193,nan,0.14,False,True,
confirm_friction_payload,10101,passive,adaptation,3,fixed,-0.2,0.2,0.45,-0.03657309607760821,0.031975086450235474,0.23916850339155563,nan,nan,nan,nan,0.14,False,True,
confirm_friction_payload,10102,passive,adaptation,3,fixed,-0.2,0.2,0.45,-0.02819341556732035,0.014610326515202712,0.006993022545460075,nan,nan,nan,nan,0.1328210869158238,False,True,
confirm_friction_payload,10103,passive,adaptation,3,fixed,-0.2,0.2,0.45,-0.13550708115544724,0.10698825775461164,0.34879903886602776,nan,nan,nan,nan,0.14,False,True,
confirm_friction_payload,10104,passive,adaptation,3,fixed,-0.2,0.2,0.45,-0.061815097728294736,0.1474460032205003,0.3110758609117784,nan,nan,nan,nan,0.14,False,True,
confirm_friction_payload,10105,passive,adaptation,3,fixed,-0.2,0.2,0.45,-0.026416968042641955,0.028074942564727052,0.3340627814978141,nan,nan,nan,nan,0.14,False,True,
confirm_friction_payload,10106,passive,adaptation,3,fixed,-0.2,0.2,0.45,-0.042142396463994904,0.03113995207451393,-0.001789682499201584,nan,nan,nan,nan,0.14,False,True,
confirm_friction_payload,10107,passive,adaptation,3,fixed,-0.2,0.2,0.45,-0.04345944956457596,0.02350050923282204,0.3113527860412636,nan,nan,nan,nan,0.14,False,True,
confirm_friction_payload,10108,passive,adaptation,3,fixed,-0.2,0.2,0.45,-0.08261181912696686,0.10851059384012297,0.3845664136834371,nan,nan,nan,nan,0.14,False,True,
confirm_friction_payload,10109,passive,adaptation,3,fixed,-0.2,0.2,0.45,-0.0029901655610506707,0.011067953403089796,0.023243294129693722,nan,nan,nan,nan,0.13874413128194593,False,True,
confirm_friction_payload,10110,passive,adaptation,3,fixed,-0.2,0.2,0.45,-0.04461328318314546,0.04099561215662809,0.33237300282650806,nan,nan,nan,nan,0.14,False,True,
confirm_friction_payload,10111,passive,adaptation,3,fixed,-0.2,0.2,0.45,-0.1112173687495683,0.10691142406306775,0.27945567363420787,nan,nan,nan,nan,0.14,False,True,
confirm_friction_payload,10112,passive,adaptation,3,fixed,-0.2,0.2,0.45,-0.13408024357039175,0.12783664565520747,0.25059146861107084,nan,nan,nan,nan,0.14,False,True,
confirm_friction_payload,10113,passive,adaptation,3,fixed,-0.2,0.2,0.45,0.00233486180393483,0.014542993607161114,0.04364459767375247,nan,nan,nan,nan,0.13741472515514244,False,True,
confirm_friction_payload,10114,passive,adaptation,3,fixed,-0.2,0.2,0.45,-0.049466738134607974,0.036553382114500474,0.020526771135487194,nan,nan,nan,nan,0.14,False,True,
confirm_friction_payload,10115,passive,adaptation,3,fixed,-0.2,0.2,0.45,-0.1271568411132843,0.16975238410423607,0.35249803736140145,nan,nan,nan,nan,0.14,False,True,
confirm_friction_payload,10116,passive,adaptation,3,fixed,-0.2,0.2,0.45,-0.051793729722662225,0.015291522032957165,0.22288443831783641,nan,nan,nan,nan,0.14,False,True,
confirm_friction_payload,10117,passive,adaptation,3,fixed,-0.2,0.2,0.45,-0.028037561258295,0.0014878691111234557,0.14664402982275995,nan,nan,nan,nan,0.14,False,True,
confirm_friction_payload,10118,passive,adaptation,3,fixed,-0.2,0.2,0.45,-0.0501079357072606,0.014444598147617463,0.13584361328434785,nan,nan,nan,nan,0.14,False,True,
confirm_friction_payload,10119,passive,adaptation,3,fixed,-0.2,0.2,0.45,-0.1231886075947836,0.12046064539159414,0.33987623856518123,nan,nan,nan,nan,0.13149388015904118,False,True,
confirm_friction_payload,10120,passive,adaptation,3,fixed,-0.2,0.2,0.45,-0.04547873350095814,0.02324730173488838,0.21089603701658474,nan,nan,nan,nan,0.14,False,True,
confirm_friction_payload,10121,passive,adaptation,3,fixed,-0.2,0.2,0.45,0.01195410791921894,0.015756877361930648,0.0885169681141637,nan,nan,nan,nan,0.14,False,True,
confirm_friction_payload,10122,passive,adaptation,3,fixed,-0.2,0.2,0.45,-0.1054550622981357,0.045955975991494515,0.31447299235721243,nan,nan,nan,nan,0.14,False,True,
confirm_friction_payload,10123,passive,adaptation,3,fixed,-0.2,0.2,0.45,-0.053360198806345224,0.07188874559464017,0.2510775591411529,nan,nan,nan,nan,0.14,False,True,
confirm_friction_payload,10124,passive,adaptation,3,fixed,-0.2,0.2,0.45,-0.03450654419458738,0.015998740846894347,0.022893895612453717,nan,nan,nan,nan,0.14,False,True,
confirm_friction_payload,10125,passive,adaptation,3,fixed,-0.2,0.2,0.45,-0.08198951837802954,0.10344454298636346,0.28158777469118995,nan,nan,nan,nan,0.14,False,True,
confirm_friction_payload,10126,passive,adaptation,3,fixed,-0.2,0.2,0.45,-0.012286847079417018,0.011939747910728474,0.10278500437436584,nan,nan,nan,nan,0.14,False,True,
confirm_friction_payload,10127,passive,adaptation,3,fixed,-0.2,0.2,0.45,0.004639253400708101,0.011267392750425235,0.017594598906816555,nan,nan,nan,nan,0.14,False,True,
confirm_friction_payload,10128,passive,adaptation,3,fixed,-0.2,0.2,0.45,-0.12873292191704788,0.05218871017887511,0.3188930075130347,nan,nan,nan,nan,0.14,False,True,
confirm_friction_payload,10129,passive,adaptation,3,fixed,-0.2,0.2,0.45,-0.0820875868883687,0.1338684943517769,0.3541136981777811,nan,nan,nan,nan,0.14,False,True,
confirm_friction_payload,10130,passive,adaptation,3,fixed,-0.2,0.2,0.45,-0.041686982778747786,0.017986019329570193,-0.0015837551821270344,nan,nan,nan,nan,0.14,False,True,
confirm_friction_payload,10131,passive,adaptation,3,fixed,-0.2,0.2,0.45,-0.10343205772029004,0.1421792814317033,0.3281232774879212,nan,nan,nan,nan,0.14,False,True,
confirm_friction_payload,10132,passive,adaptation,3,fixed,-0.2,0.2,0.45,-0.11570234593606187,0.13645326283220238,0.271060986930102,nan,nan,nan,nan,0.14,False,True,
confirm_friction_payload,10133,passive,adaptation,3,fixed,-0.2,0.2,0.45,-0.04698659624325447,0.025317336834333765,-0.01999845768657582,nan,nan,nan,nan,0.14,False,True,
confirm_friction_payload,10134,passive,adaptation,3,fixed,-0.2,0.2,0.45,-0.04877579363045287,0.03297377110404276,-0.003437089598618336,nan,nan,nan,nan,0.14,False,True,
confirm_friction_payload,10135,passive,adaptation,3,fixed,-0.2,0.2,0.45,-0.07084245966276277,0.03962769611368332,-0.01281993611806867,nan,nan,nan,nan,0.14,False,True,
confirm_friction_payload,10136,passive,adaptation,3,fixed,-0.2,0.2,0.45,-0.11203642938006707,0.1321617067863517,0.330013915624276,nan,nan,nan,nan,0.13509441202791128,False,True,
confirm_friction_payload,10137,passive,adaptation,3,fixed,-0.2,0.2,0.45,-0.03311314545195376,0.03321614160947347,0.3063262717334656,nan,nan,nan,nan,0.14,False,True,
confirm_friction_payload,10138,passive,adaptation,3,fixed,-0.2,0.2,0.45,-0.05104100950544475,0.04180517386279552,0.04627775707115468,nan,nan,nan,nan,0.14,False,True,
confirm_friction_payload,10139,passive,adaptation,3,fixed,-0.2,0.2,0.45,-0.041848750638243934,0.025515207731587813,0.3050352942400245,nan,nan,nan,nan,0.14,False,True,
confirm_friction_payload,10140,passive,adaptation,3,fixed,-0.2,0.2,0.45,-0.03751317559834224,0.030231307815273493,0.045168460470695906,nan,nan,nan,nan,0.14,False,True,
confirm_friction_payload,10141,passive,adaptation,3,fixed,-0.2,0.2,0.45,-0.02434071911075787,0.0024780643419500883,0.12092461509911451,nan,nan,nan,nan,0.14,False,True,
confirm_friction_payload,10142,passive,adaptation,3,fixed,-0.2,0.2,0.45,-0.1414280586526278,0.11438571247489752,0.24154313631254704,nan,nan,nan,nan,0.14,False,True,
confirm_friction_payload,10143,passive,adaptation,3,fixed,-0.2,0.2,0.45,0.01233578234965731,0.014176311702203697,0.04917484459827298,nan,nan,nan,nan,0.14,False,True,
confirm_friction_payload,10144,passive,adaptation,3,fixed,-0.2,0.2,0.45,-0.03478003850640024,0.018126802114924453,-0.005844362074008957,nan,nan,nan,nan,0.14,False,True,
confirm_friction_payload,10145,passive,adaptation,3,fixed,-0.2,0.2,0.45,-0.025433559046090133,0.028703988796620783,0.0158574376993027,nan,nan,nan,nan,0.14,False,True,
confirm_friction_payload,10146,passive,adaptation,3,fixed,-0.2,0.2,0.45,-0.06834616030672115,0.0257540366213328,0.13157901929005747,nan,nan,nan,nan,0.14,False,True,
confirm_friction_payload,10147,passive,adaptation,3,fixed,-0.2,0.2,0.45,-0.01589156312442801,0.015011660944953991,0.21860655520367517,nan,nan,nan,nan,0.14,False,True,
confirm_friction_payload,10148,passive,adaptation,3,fixed,-0.2,0.2,0.45,-0.020737565069450983,0.02273496056455057,0.017672733374503057,nan,nan,nan,nan,0.14,False,True,
confirm_friction_payload,10149,passive,adaptation,3,fixed,-0.2,0.2,0.45,-0.12558649655919427,0.11177249341349438,0.3205116882618836,nan,nan,nan,nan,0.13879247939217293,False,True,
confirm_friction_payload,10150,passive,adaptation,3,fixed,-0.2,0.2,0.45,-0.010244842381124648,0.011647582978734998,0.13972666252611216,nan,nan,nan,nan,0.1356116642251496,False,True,
confirm_friction_payload,10151,passive,adaptation,3,fixed,-0.2,0.2,0.45,-0.05013663709319149,0.03399687124876221,-0.04027274123833735,nan,nan,nan,nan,0.14,False,True,
confirm_friction_payload,10152,passive,adaptation,3,fixed,-0.2,0.2,0.45,-0.03049491109927171,0.026033171015683976,-0.012941061693929392,nan,nan,nan,nan,0.14,False,True,
confirm_friction_payload,10153,passive,adaptation,3,fixed,-0.2,0.2,0.45,0.0016681954859066783,0.030611679180388613,0.2665586453797462,nan,nan,nan,nan,0.14,False,True,
confirm_friction_payload,10154,passive,adaptation,3,fixed,-0.2,0.2,0.45,-0.06418330937874743,0.03245093322818237,0.3201516006254423,nan,nan,nan,nan,0.14,False,True,
confirm_friction_payload,10155,passive,adaptation,3,fixed,-0.2,0.2,0.45,-0.06982695132753654,0.03877060414742929,-0.025720905815950608,nan,nan,nan,nan,0.14,False,True,
confirm_friction_payload,10156,passive,adaptation,3,fixed,-0.2,0.2,0.45,-0.020828383401047656,0.01260891772453133,0.1251856831111418,nan,nan,nan,nan,0.14,False,True,
confirm_friction_payload,10157,passive,adaptation,3,fixed,-0.2,0.2,0.45,-0.007762263517369346,0.0046659986341636775,0.01181978829208925,nan,nan,nan,nan,0.14,False,True,
confirm_friction_payload,10158,passive,adaptation,3,fixed,-0.2,0.2,0.45,-0.042379635342416885,0.017736742901050196,0.187681511268834,nan,nan,nan,nan,0.14,False,True,
confirm_friction_payload,10159,passive,adaptation,3,fixed,-0.2,0.2,0.45,-0.12434405891094374,0.16296207825897727,0.3053113126887479,nan,nan,nan,nan,0.14,False,True,
confirm_friction_payload,10160,passive,adaptation,3,fixed,-0.2,0.2,0.45,-0.04617137792000706,0.032498176559015685,-0.03699209981801983,nan,nan,nan,nan,0.14,False,True,
confirm_friction_payload,10161,passive,adaptation,3,fixed,-0.2,0.2,0.45,-0.10999171978144544,0.08136320046069,0.3785014860688496,nan,nan,nan,nan,0.14,False,True,
confirm_friction_payload,10162,passive,adaptation,3,fixed,-0.2,0.2,0.45,-0.02937118537741627,0.018962855839209897,0.30156956745815033,nan,nan,nan,nan,0.14,False,True,
confirm_friction_payload,10163,passive,adaptation,3,fixed,-0.2,0.2,0.45,-0.00687822627657594,0.012623656594831108,0.03095025327456516,nan,nan,nan,nan,0.14,False,True,
confirm_friction_payload,10164,passive,adaptation,3,fixed,-0.2,0.2,0.45,-0.09237727657822978,0.1473862764803831,0.38242702312763593,nan,nan,nan,nan,0.14,False,True,
confirm_friction_payload,10165,passive,adaptation,3,fixed,-0.2,0.2,0.45,0.01592382134631591,0.019903684559272636,0.13642459704230125,nan,nan,nan,nan,0.14,False,True,
confirm_friction_payload,10166,passive,adaptation,3,fixed,-0.2,0.2,0.45,-0.07590632043575822,0.10946877968007392,0.3787216395606463,nan,nan,nan,nan,0.14,False,True,
confirm_friction_payload,10167,passive,adaptation,3,fixed,-0.2,0.2,0.45,-0.13205023020913187,0.1218224766596273,0.34605946547744526,nan,nan,nan,nan,0.14,False,True,
confirm_friction_payload,10168,passive,adaptation,3,fixed,-0.2,0.2,0.45,-0.05104588578473953,0.032617540764925734,0.014893884983539978,nan,nan,nan,nan,0.14,False,True,
confirm_friction_payload,10169,passive,adaptation,3,fixed,-0.2,0.2,0.45,-0.1468504568206824,0.11261210377510208,0.30674489564690716,nan,nan,nan,nan,0.13600628137377527,False,True,
confirm_friction_payload,10170,passive,adaptation,3,fixed,-0.2,0.2,0.45,-0.05215860160056815,0.014878398461614314,0.13937407852765668,nan,nan,nan,nan,0.14,False,True,
confirm_friction_payload,10171,passive,adaptation,3,fixed,-0.2,0.2,0.45,-0.127118522427967,0.1030271453292772,0.3857043877760967,nan,nan,nan,nan,0.13435273571828163,False,True,
confirm_friction_payload,10172,passive,adaptation,3,fixed,-0.2,0.2,0.45,-0.1464228677606248,0.11985251378599167,0.3180117505378744,nan,nan,nan,nan,0.14,False,True,
confirm_friction_payload,10101,passive,validation,3,rolling_fixed_holdout,0.2,-0.18,-0.3,0.144782262177419,-0.1679616044560851,-0.13963978823105802,0.19792227073612118,-0.162259608867142,-0.24990323808937565,nan,0.14,False,True,
confirm_friction_payload,10102,passive,validation,3,rolling_fixed_holdout,0.2,-0.18,-0.3,0.09881097893521541,-0.05476413912378696,-0.13038641232022702,0.1994198814994041,-0.17597551445051487,-0.24567078120916824,nan,0.1328210869158238,False,True,
confirm_friction_payload,10103,passive,validation,3,rolling_fixed_holdout,0.2,-0.18,-0.3,0.09436321739272249,-0.07178296773415511,-0.13894275005849466,0.20516011677000334,-0.16971705565068518,-0.2638773496379179,nan,0.14,False,True,
confirm_friction_payload,10104,passive,validation,3,rolling_fixed_holdout,0.2,-0.18,-0.3,0.08947609991684635,-0.08620451793760976,-0.1255544925081914,0.20180336452584907,-0.17447349504287796,-0.2460671021178531,nan,0.14,False,True,
confirm_friction_payload,10105,passive,validation,3,rolling_fixed_holdout,0.2,-0.18,-0.3,0.0806355208710488,-0.07480325201412873,-0.11234846565768296,0.1877913858306172,-0.1845059708881648,-0.25591400650592633,nan,0.14,False,True,
confirm_friction_payload,10106,passive,validation,3,rolling_fixed_holdout,0.2,-0.18,-0.3,0.0949292258850978,-0.06629404297901338,-0.1237803621665943,0.203809359249787,-0.18208131838240882,-0.2720668931697259,nan,0.14,False,False,BASE_HEIGHT_LIMIT
confirm_friction_payload,10107,passive,validation,3,rolling_fixed_holdout,0.2,-0.18,-0.3,0.08901559063910623,-0.0673747221890122,-0.10887756394326628,0.1975653090080417,-0.1746236235850595,-0.25054029611148293,nan,0.14,False,False,BASE_HEIGHT_LIMIT
confirm_friction_payload,10108,passive,validation,3,rolling_fixed_holdout,0.2,-0.18,-0.3,0.13830468514246858,-0.10539214351040922,-0.16580789159994716,0.2016483701210611,-0.16457517268844432,-0.26210539774235764,nan,0.14,False,True,
confirm_friction_payload,10109,passive,validation,3,rolling_fixed_holdout,0.2,-0.18,-0.3,0.11632358609333368,-0.07331680112346205,-0.12387906811212232,0.1989543873626291,-0.1936690669236383,-0.27217373660243854,nan,0.13874413128194593,False,True,
confirm_friction_payload,10110,passive,validation,3,rolling_fixed_holdout,0.2,-0.18,-0.3,0.13533985520868064,-0.11945674323194684,-0.13969560027218506,0.20485647266285875,-0.17201199474906903,-0.24333004889454884,nan,0.14,False,True,
confirm_friction_payload,10111,passive,validation,3,rolling_fixed_holdout,0.2,-0.18,-0.3,0.06382152527599298,-0.0702143588746469,-0.14353107454770872,0.19947974915414818,-0.18067891895612714,-0.2603396254462033,nan,0.14,False,True,
confirm_friction_payload,10112,passive,validation,3,rolling_fixed_holdout,0.2,-0.18,-0.3,0.1056658377054681,-0.09275730593607813,-0.08124907625258874,0.18919551135755522,-0.17664431052707766,-0.2451479770714251,nan,0.14,False,False,BASE_HEIGHT_LIMIT
confirm_friction_payload,10113,passive,validation,3,rolling_fixed_holdout,0.2,-0.18,-0.3,0.09801909279870219,-0.07047456757214321,-0.13739813948756519,0.19575710606596058,-0.1693117872500565,-0.23581681915605052,nan,0.13741472515514244,False,False,BASE_HEIGHT_LIMIT
confirm_friction_payload,10114,passive,validation,3,rolling_fixed_holdout,0.2,-0.18,-0.3,0.07559144722771473,-0.06182619781869191,-0.09505523283190775,0.2105206483822196,-0.16230289400433692,-0.24870926025244378,nan,0.14,False,False,BASE_HEIGHT_LIMIT
confirm_friction_payload,10115,passive,validation,3,rolling_fixed_holdout,0.2,-0.18,-0.3,0.08422047404973464,-0.0813054676955806,-0.09573647541128331,0.1990647491267468,-0.18313425852636733,-0.27317715659560154,nan,0.14,False,False,BASE_HEIGHT_LIMIT
confirm_friction_payload,10116,passive,validation,3,rolling_fixed_holdout,0.2,-0.18,-0.3,0.09499315027498269,-0.06658846228907336,-0.09203542634859126,0.21506142963904085,-0.17779676633700764,-0.24547631547128426,nan,0.14,False,False,BASE_HEIGHT_LIMIT
confirm_friction_payload,10117,passive,validation,3,rolling_fixed_holdout,0.2,-0.18,-0.3,0.09046204973518773,-0.06258951578743353,-0.14114972176330798,0.1937379855176466,-0.17509975425925095,-0.2481077801228651,nan,0.14,False,True,
confirm_friction_payload,10118,passive,validation,3,rolling_fixed_holdout,0.2,-0.18,-0.3,0.10124757740214732,-0.06770263358053794,-0.1319543227404473,0.20541190036419874,-0.18143151239727684,-0.26525775927954665,nan,0.14,False,False,BASE_HEIGHT_LIMIT
confirm_friction_payload,10119,passive,validation,3,rolling_fixed_holdout,0.2,-0.18,-0.3,0.08937707778241658,-0.06443769383859138,-0.12274449161910417,0.19777349934640734,-0.17102187099733504,-0.24739108174415447,nan,0.13149388015904118,False,False,BASE_HEIGHT_LIMIT
confirm_friction_payload,10120,passive,validation,3,rolling_fixed_holdout,0.2,-0.18,-0.3,0.08672438109957496,-0.05646491304522845,-0.1523865120493,0.1947020853702586,-0.1641602383428537,-0.26317931763815333,nan,0.14,False,False,BASE_HEIGHT_LIMIT
confirm_friction_payload,10121,passive,validation,3,rolling_fixed_holdout,0.2,-0.18,-0.3,0.062143009229613015,-0.06163857598901751,-0.12222566048789073,0.2061694426302586,-0.17450017328555859,-0.25416631492477526,nan,0.14,False,True,
confirm_friction_payload,10122,passive,validation,3,rolling_fixed_holdout,0.2,-0.18,-0.3,0.09706655104907541,-0.06664637596866757,-0.12502360677461813,0.2059185558500211,-0.1819686363764015,-0.2599440585680466,nan,0.14,False,False,BASE_HEIGHT_LIMIT
confirm_friction_payload,10123,passive,validation,3,rolling_fixed_holdout,0.2,-0.18,-0.3,0.10961541053767124,-0.1238759158989278,-0.10733950703922779,0.20641180703802717,-0.1784382451825385,-0.2501304091810175,nan,0.14,False,True,
confirm_friction_payload,10124,passive,validation,3,rolling_fixed_holdout,0.2,-0.18,-0.3,0.09920517837304005,-0.05717611176805095,-0.16874575938026692,0.20427699997603985,-0.18691665662963766,-0.24934060613936496,nan,0.14,False,False,BASE_HEIGHT_LIMIT
confirm_friction_payload,10125,passive,validation,3,rolling_fixed_holdout,0.2,-0.18,-0.3,0.12277623357465943,-0.12756273479291896,-0.17937847650003524,0.19564307240063217,-0.18106075111199335,-0.267343863686107,nan,0.14,False,True,
confirm_friction_payload,10126,passive,validation,3,rolling_fixed_holdout,0.2,-0.18,-0.3,0.11855293074411598,-0.07770320208393328,-0.10274979071492824,0.2095181289565131,-0.17995898585256495,-0.2456879334967789,nan,0.14,False,False,BASE_HEIGHT_LIMIT
confirm_friction_payload,10127,passive,validation,3,rolling_fixed_holdout,0.2,-0.18,-0.3,0.06643335349176047,-0.041287401851733296,-0.1593425091901081,0.19509610729763835,-0.17328420513940226,-0.261782574816209,nan,0.14,False,True,
confirm_friction_payload,10128,passive,validation,3,rolling_fixed_holdout,0.2,-0.18,-0.3,0.14546360984598597,-0.09889291381914926,-0.19786494956537234,0.18667740097690771,-0.1843283607200292,-0.24546194832947316,nan,0.14,False,True,
confirm_friction_payload,10129,passive,validation,3,rolling_fixed_holdout,0.2,-0.18,-0.3,0.08386483356625611,-0.10089006232147617,-0.14502091368239592,0.20191855940280523,-0.17120559165629676,-0.25674641147576605,nan,0.14,False,True,
confirm_friction_payload,10130,passive,validation,3,rolling_fixed_holdout,0.2,-0.18,-0.3,0.14127580937399642,-0.0987554586649191,-0.10703905602972823,0.20054015879006526,-0.16771008237443852,-0.2592140786923489,nan,0.14,False,True,
confirm_friction_payload,10131,passive,validation,3,rolling_fixed_holdout,0.2,-0.18,-0.3,0.09676280115663367,-0.08137316022741893,-0.13234874259015175,0.19967330977416517,-0.18464344712680938,-0.2635473933918732,nan,0.14,False,True,
confirm_friction_payload,10132,passive,validation,3,rolling_fixed_holdout,0.2,-0.18,-0.3,0.09731084617872897,-0.08854229585242039,-0.0894027399467835,0.20532524369692717,-0.16227528012886852,-0.2372218166416735,nan,0.14,False,False,BASE_HEIGHT_LIMIT
confirm_friction_payload,10133,passive,validation,3,rolling_fixed_holdout,0.2,-0.18,-0.3,0.08892031720677247,-0.06099097180731531,-0.10163519281875312,0.21264215859725175,-0.1785111679658976,-0.268609834049142,nan,0.14,False,False,BASE_HEIGHT_LIMIT
confirm_friction_payload,10134,passive,validation,3,rolling_fixed_holdout,0.2,-0.18,-0.3,0.15785025214857126,-0.12343821944450242,-0.26585055040410416,0.19392541566071195,-0.18333159157898815,-0.24843158257384076,nan,0.14,False,False,BASE_HEIGHT_LIMIT
confirm_friction_payload,10135,passive,validation,3,rolling_fixed_holdout,0.2,-0.18,-0.3,0.14734352226606107,-0.07830978410827802,-0.17899888566488423,0.2062338758631891,-0.1727905381512126,-0.2553745326277881,nan,0.14,False,True,
confirm_friction_payload,10136,passive,validation,3,rolling_fixed_holdout,0.2,-0.18,-0.3,0.049508140540433024,-0.0331442177745061,-0.026758481268508966,0.18721872528520908,-0.17073511470251312,-0.2478622521567687,nan,0.13509441202791128,False,False,BASE_HEIGHT_LIMIT
confirm_friction_payload,10137,passive,validation,3,rolling_fixed_holdout,0.2,-0.18,-0.3,0.10388542425517196,-0.14031994811944837,-0.18198854270900752,0.20446253298617395,-0.1856714248591238,-0.2492547446025527,nan,0.14,False,True,
confirm_friction_payload,10138,passive,validation,3,rolling_fixed_holdout,0.2,-0.18,-0.3,0.0861423276550895,-0.0673294618848053,-0.10846699346025356,0.19533387106902245,-0.17814598751315455,-0.2785193529923939,nan,0.14,False,False,BASE_HEIGHT_LIMIT
confirm_friction_payload,10139,passive,validation,3,rolling_fixed_holdout,0.2,-0.18,-0.3,0.10577201202380791,-0.0775844153442625,-0.1415389950291221,0.201219249725358,-0.1832712332313713,-0.2456886447255104,nan,0.14,False,True,
confirm_friction_payload,10140,passive,validation,3,rolling_fixed_holdout,0.2,-0.18,-0.3,0.0770889620740692,-0.05255087917254155,-0.0922696422936343,0.19142205957248565,-0.17213514565995747,-0.2615174438201186,nan,0.14,False,False,BASE_HEIGHT_LIMIT
confirm_friction_payload,10141,passive,validation,3,rolling_fixed_holdout,0.2,-0.18,-0.3,0.054418268249890274,-0.05484995340888431,-0.14335600020144193,0.20201074714966752,-0.1723341573566262,-0.26227694290592124,nan,0.14,False,True,
confirm_friction_payload,10142,passive,validation,3,rolling_fixed_holdout,0.2,-0.18,-0.3,0.1406304902555109,-0.16744913184863242,-0.1902409788375894,0.20782654688463473,-0.17300729627925537,-0.24984386436395273,nan,0.14,False,True,
confirm_friction_payload,10143,passive,validation,3,rolling_fixed_holdout,0.2,-0.18,-0.3,0.09720086100747893,-0.07038778915005355,-0.13017801134098772,0.21549148253455633,-0.1839362835398054,-0.24945892105413126,nan,0.14,False,False,BASE_HEIGHT_LIMIT
confirm_friction_payload,10144,passive,validation,3,rolling_fixed_holdout,0.2,-0.18,-0.3,0.1197582757245457,-0.06602533626568911,-0.17481065498455733,0.2079521760857969,-0.18838926178236,-0.26381700656676077,nan,0.14,False,True,
confirm_friction_payload,10145,passive,validation,3,rolling_fixed_holdout,0.2,-0.18,-0.3,0.09207008537347867,-0.07155600600448053,-0.10940262211121148,0.2058455081942008,-0.17913342236764637,-0.24892221577926973,nan,0.14,False,False,BASE_HEIGHT_LIMIT
confirm_friction_payload,10146,passive,validation,3,rolling_fixed_holdout,0.2,-0.18,-0.3,0.14275871028807235,-0.11373460346657747,-0.14777713305799423,0.2119269859624809,-0.17517701249236547,-0.2437536475534933,nan,0.14,False,True,
confirm_friction_payload,10147,passive,validation,3,rolling_fixed_holdout,0.2,-0.18,-0.3,0.028869454211785738,-0.06223270784001946,-0.11301531561816738,0.2063481359468236,-0.18366393700852487,-0.2622491870577181,nan,0.14,False,True,
confirm_friction_payload,10148,passive,validation,3,rolling_fixed_holdout,0.2,-0.18,-0.3,0.08865311315405468,-0.05721600042788221,-0.08618877328502464,0.20593118289248755,-0.18371613021950714,-0.24635809704020428,nan,0.14,False,False,BASE_HEIGHT_LIMIT
confirm_friction_payload,10149,passive,validation,3,rolling_fixed_holdout,0.2,-0.18,-0.3,0.18621886876810495,-0.19914030468576704,-0.23968960732122832,0.19945134463029437,-0.1759551711984053,-0.24130110205081814,nan,0.13879247939217293,False,True,
confirm_friction_payload,10150,passive,validation,3,rolling_fixed_holdout,0.2,-0.18,-0.3,0.0726234390724586,-0.0542308999696195,-0.1761832996658038,0.19447698340206312,-0.17860702843259674,-0.2453836834335357,nan,0.1356116642251496,False,True,
confirm_friction_payload,10151,passive,validation,3,rolling_fixed_holdout,0.2,-0.18,-0.3,0.10396431853215352,-0.05554433989717629,-0.15679700198456117,0.2181475457122672,-0.19058978332444346,-0.26491043936866115,nan,0.14,False,True,
confirm_friction_payload,10152,passive,validation,3,rolling_fixed_holdout,0.2,-0.18,-0.3,0.11004842075791064,-0.05718804834937355,-0.14322837538824654,0.19829561426003675,-0.17643421832110648,-0.24486352267016698,nan,0.14,False,True,
confirm_friction_payload,10153,passive,validation,3,rolling_fixed_holdout,0.2,-0.18,-0.3,0.07582128948791939,-0.2036512402502467,-0.14093750415438383,0.2182376704962536,-0.16315031211276873,-0.25026716124442544,nan,0.14,False,True,
confirm_friction_payload,10154,passive,validation,3,rolling_fixed_holdout,0.2,-0.18,-0.3,0.0656489036097236,-0.06380205014114336,-0.12664108249337933,0.2121362924807437,-0.17145654060647084,-0.24838158244772834,nan,0.14,False,False,BASE_HEIGHT_LIMIT
confirm_friction_payload,10155,passive,validation,3,rolling_fixed_holdout,0.2,-0.18,-0.3,0.16103584768817303,-0.1051364965431769,-0.24419173447030007,0.20545621003368641,-0.1758834797493291,-0.24581753771864498,nan,0.14,False,False,BASE_HEIGHT_LIMIT
confirm_friction_payload,10156,passive,validation,3,rolling_fixed_holdout,0.2,-0.18,-0.3,0.11375002795387268,-0.08279970918728868,-0.16194987131598204,0.2084340001800598,-0.17471274276319237,-0.2561008855480916,nan,0.14,False,True,
confirm_friction_payload,10157,passive,validation,3,rolling_fixed_holdout,0.2,-0.18,-0.3,0.10689997116743603,-0.07204505313649495,-0.12845292264546765,0.22020869030945256,-0.16259863989422313,-0.24230819297573408,nan,0.14,False,False,BASE_HEIGHT_LIMIT
confirm_friction_payload,10158,passive,validation,3,rolling_fixed_holdout,0.2,-0.18,-0.3,0.09659285527319429,-0.07300382259960889,-0.11818180552640438,0.20131597726157988,-0.1774264471148734,-0.2575913656562953,nan,0.14,False,False,BASE_HEIGHT_LIMIT
confirm_friction_payload,10159,passive,validation,3,rolling_fixed_holdout,0.2,-0.18,-0.3,0.10642888461127534,-0.15414840332673918,-0.1794554520433391,0.20373608465474372,-0.17250045466497232,-0.24574121921136333,nan,0.14,False,True,
confirm_friction_payload,10160,passive,validation,3,rolling_fixed_holdout,0.2,-0.18,-0.3,0.12429849495949886,-0.05712832763519077,-0.1602977332149025,0.20276614426090897,-0.17333516033451274,-0.26285168437582007,nan,0.14,False,True,
confirm_friction_payload,10161,passive,validation,3,rolling_fixed_holdout,0.2,-0.18,-0.3,0.10962219767858859,-0.07790550824179805,-0.14560227057166675,0.19999429571272526,-0.1759099681104496,-0.24768567303273514,nan,0.14,False,True,
confirm_friction_payload,10162,passive,validation,3,rolling_fixed_holdout,0.2,-0.18,-0.3,0.10334377886022826,-0.1273491921456949,-0.11874125321404957,0.21411205574263711,-0.17107657549494656,-0.24362717480269255,nan,0.14,False,True,
confirm_friction_payload,10163,passive,validation,3,rolling_fixed_holdout,0.2,-0.18,-0.3,0.03668614130309082,-0.05622708390683331,-0.13459066887512056,0.19894952506514496,-0.1954856718581223,-0.2602981147966034,nan,0.14,False,True,
confirm_friction_payload,10164,passive,validation,3,rolling_fixed_holdout,0.2,-0.18,-0.3,0.1348802256903325,-0.15099433423854716,-0.22578134610320325,0.19385975195326663,-0.18517607021910176,-0.27133400286671533,nan,0.14,False,True,
confirm_friction_payload,10165,passive,validation,3,rolling_fixed_holdout,0.2,-0.18,-0.3,0.08053764261267264,-0.09721425326683017,-0.1428851165050183,0.2155405614992281,-0.18625592511426026,-0.25003148307198564,nan,0.14,False,True,
confirm_friction_payload,10166,passive,validation,3,rolling_fixed_holdout,0.2,-0.18,-0.3,0.09646017486540814,-0.07004735815201885,-0.16286153516425744,0.1925135225866114,-0.17619291126624045,-0.2448107859905682,nan,0.14,False,True,
confirm_friction_payload,10167,passive,validation,3,rolling_fixed_holdout,0.2,-0.18,-0.3,0.09833831440114861,-0.07857562611579386,-0.13536282836712016,0.20003729913562426,-0.16896954294612962,-0.2426438891773432,nan,0.14,False,False,BASE_HEIGHT_LIMIT
confirm_friction_payload,10168,passive,validation,3,rolling_fixed_holdout,0.2,-0.18,-0.3,0.15381981580589638,-0.1246351252897516,-0.2469508865309642,0.20344340216609938,-0.18794106228136556,-0.25290453361588094,nan,0.14,False,False,BASE_HEIGHT_LIMIT
confirm_friction_payload,10169,passive,validation,3,rolling_fixed_holdout,0.2,-0.18,-0.3,0.05857788666108664,-0.04975141978119965,-0.09253356067545541,0.19720284173614264,-0.17307225684695404,-0.24528175379071365,nan,0.13600628137377527,False,False,BASE_HEIGHT_LIMIT
confirm_friction_payload,10170,passive,validation,3,rolling_fixed_holdout,0.2,-0.18,-0.3,0.09570090543161353,-0.061621766463213816,-0.09325415226154754,0.2021561121807603,-0.18036708019403505,-0.24860833990676817,nan,0.14,False,False,BASE_HEIGHT_LIMIT
confirm_friction_payload,10171,passive,validation,3,rolling_fixed_holdout,0.2,-0.18,-0.3,0.0878681588823531,-0.06958810388131273,-0.0979370275616441,0.19699538915020906,-0.18779764939624413,-0.23269380663321465,nan,0.13435273571828163,False,False,BASE_HEIGHT_LIMIT
confirm_friction_payload,10172,passive,validation,3,rolling_fixed_holdout,0.2,-0.18,-0.3,0.13202844643334372,-0.13470606277038577,-0.18417620748292926,0.20956719595152262,-0.18349875239356359,-0.2583465729003549,nan,0.14,False,True,
confirm_friction_payload,10101,passive,adaptation,4,fixed,0.2,-0.2,-0.45,0.17791102868490755,-0.2245921219279972,-0.31219844779174016,nan,nan,nan,nan,0.14,False,True,
confirm_friction_payload,10102,passive,adaptation,4,fixed,0.2,-0.2,-0.45,0.10225957698259369,-0.05368193624975368,-0.1904472293703724,nan,nan,nan,nan,0.1328210869158238,False,True,
confirm_friction_payload,10103,passive,adaptation,4,fixed,0.2,-0.2,-0.45,0.09864267273019645,-0.061945979417528996,-0.16897524946466883,nan,nan,nan,nan,0.14,False,False,BASE_HEIGHT_LIMIT
confirm_friction_payload,10104,passive,adaptation,4,fixed,0.2,-0.2,-0.45,0.09095666352375546,-0.14664723067981494,-0.27271421711842453,nan,nan,nan,nan,0.14,False,True,
confirm_friction_payload,10105,passive,adaptation,4,fixed,0.2,-0.2,-0.45,0.0965782573240599,-0.097231353986609,-0.1997149984911094,nan,nan,nan,nan,0.14,False,True,
confirm_friction_payload,10106,passive,adaptation,4,fixed,0.2,-0.2,-0.45,0.11427061114101746,-0.10435583784969243,-0.17588305295247428,nan,nan,nan,nan,0.14,False,True,
confirm_friction_payload,10107,passive,adaptation,4,fixed,0.2,-0.2,-0.45,0.10932119778350119,-0.09834476012889083,-0.1623239764497555,nan,nan,nan,nan,0.14,False,True,
confirm_friction_payload,10108,passive,adaptation,4,fixed,0.2,-0.2,-0.45,0.07985707240321233,-0.06226121470833561,-0.11351982343557578,nan,nan,nan,nan,0.14,False,False,BASE_HEIGHT_LIMIT
confirm_friction_payload,10109,passive,adaptation,4,fixed,0.2,-0.2,-0.45,0.11281340757173773,-0.04921205445080001,-0.17067934353533235,nan,nan,nan,nan,0.13874413128194593,False,False,BASE_HEIGHT_LIMIT
confirm_friction_payload,10110,passive,adaptation,4,fixed,0.2,-0.2,-0.45,0.14421945547382653,-0.21495617322974392,-0.2980042325659487,nan,nan,nan,nan,0.14,False,True,
confirm_friction_payload,10111,passive,adaptation,4,fixed,0.2,-0.2,-0.45,0.07208788057602966,-0.05435180695405718,-0.1650899641435836,nan,nan,nan,nan,0.14,False,True,
confirm_friction_payload,10112,passive,adaptation,4,fixed,0.2,-0.2,-0.45,0.09918563094274767,-0.05425432244373545,-0.09170087511406573,nan,nan,nan,nan,0.14,False,False,BASE_HEIGHT_LIMIT
confirm_friction_payload,10113,passive,adaptation,4,fixed,0.2,-0.2,-0.45,0.09850009010138915,-0.05553677247522121,-0.16020827890962844,nan,nan,nan,nan,0.13741472515514244,False,True,
confirm_friction_payload,10114,passive,adaptation,4,fixed,0.2,-0.2,-0.45,0.090210967305401,-0.04981889866465916,-0.10053911680516531,nan,nan,nan,nan,0.14,False,False,BASE_HEIGHT_LIMIT
confirm_friction_payload,10115,passive,adaptation,4,fixed,0.2,-0.2,-0.45,0.1273252463990259,-0.1542088014092087,-0.25752067502606063,nan,nan,nan,nan,0.14,False,True,
confirm_friction_payload,10116,passive,adaptation,4,fixed,0.2,-0.2,-0.45,0.16952198269932045,-0.17251170564619506,-0.2629462988118795,nan,nan,nan,nan,0.14,False,True,
confirm_friction_payload,10117,passive,adaptation,4,fixed,0.2,-0.2,-0.45,0.07090910843645609,-0.01522674181742167,-0.18414282227134074,nan,nan,nan,nan,0.14,False,True,
confirm_friction_payload,10118,passive,adaptation,4,fixed,0.2,-0.2,-0.45,0.09377663631450563,-0.06777406967785957,-0.10780828424310954,nan,nan,nan,nan,0.14,False,False,BASE_HEIGHT_LIMIT
confirm_friction_payload,10119,passive,adaptation,4,fixed,0.2,-0.2,-0.45,0.09806860428778094,-0.07054437348355093,-0.1650443562878824,nan,nan,nan,nan,0.13149388015904118,False,True,
confirm_friction_payload,10120,passive,adaptation,4,fixed,0.2,-0.2,-0.45,0.08141955022968644,-0.040917729987087106,-0.18442961605079466,nan,nan,nan,nan,0.14,False,True,
confirm_friction_payload,10121,passive,adaptation,4,fixed,0.2,-0.2,-0.45,0.07589680326753778,-0.11674081106286197,-0.251515467113972,nan,nan,nan,nan,0.14,False,True,
confirm_friction_payload,10122,passive,adaptation,4,fixed,0.2,-0.2,-0.45,0.10810831787568148,-0.0965686221859892,-0.1974405134581898,nan,nan,nan,nan,0.14,False,True,
confirm_friction_payload,10123,passive,adaptation,4,fixed,0.2,-0.2,-0.45,0.10043137339320388,-0.1801466421896033,-0.24397113596597267,nan,nan,nan,nan,0.14,False,True,
confirm_friction_payload,10124,passive,adaptation,4,fixed,0.2,-0.2,-0.45,0.13228212410152726,-0.08668121628944787,-0.22806823644821278,nan,nan,nan,nan,0.14,False,True,
confirm_friction_payload,10125,passive,adaptation,4,fixed,0.2,-0.2,-0.45,0.13971910863931034,-0.11890695197438447,-0.20008263434420964,nan,nan,nan,nan,0.14,False,True,
confirm_friction_payload,10126,passive,adaptation,4,fixed,0.2,-0.2,-0.45,0.14114531334782418,-0.10198539873911831,-0.18552919505079243,nan,nan,nan,nan,0.14,False,True,
confirm_friction_payload,10127,passive,adaptation,4,fixed,0.2,-0.2,-0.45,0.07240304839532126,-0.020593637637331724,-0.20527154575635737,nan,nan,nan,nan,0.14,False,True,
confirm_friction_payload,10128,passive,adaptation,4,fixed,0.2,-0.2,-0.45,0.17874027313390478,-0.1112664964081459,-0.32081316802173626,nan,nan,nan,nan,0.14,False,True,
confirm_friction_payload,10129,passive,adaptation,4,fixed,0.2,-0.2,-0.45,0.08527810323069568,-0.16688900815613264,-0.2601623058382363,nan,nan,nan,nan,0.14,False,True,
confirm_friction_payload,10130,passive,adaptation,4,fixed,0.2,-0.2,-0.45,0.13393432210015518,-0.1005038380050722,-0.22361844232055025,nan,nan,nan,nan,0.14,False,True,
confirm_friction_payload,10131,passive,adaptation,4,fixed,0.2,-0.2,-0.45,0.11645773064618907,-0.10832312403760619,-0.2103622119487095,nan,nan,nan,nan,0.14,False,True,
confirm_friction_payload,10132,passive,adaptation,4,fixed,0.2,-0.2,-0.45,0.14403635781342264,-0.17709190442563846,-0.2622274254774343,nan,nan,nan,nan,0.14,False,True,
confirm_friction_payload,10133,passive,adaptation,4,fixed,0.2,-0.2,-0.45,0.13022248985121385,-0.11077345491309004,-0.21818010718566544,nan,nan,nan,nan,0.14,False,True,
confirm_friction_payload,10134,passive,adaptation,4,fixed,0.2,-0.2,-0.45,0.2104254016660621,-0.1159256341110472,-0.3024492639980539,nan,nan,nan,nan,0.14,False,True,
confirm_friction_payload,10135,passive,adaptation,4,fixed,0.2,-0.2,-0.45,0.21758111727347912,-0.09002071645900266,-0.24646460046563212,nan,nan,nan,nan,0.14,False,True,
confirm_friction_payload,10136,passive,adaptation,4,fixed,0.2,-0.2,-0.45,0.16984630345971774,-0.19801629185222722,-0.2954624518058276,nan,nan,nan,nan,0.13509441202791128,False,True,
confirm_friction_payload,10137,passive,adaptation,4,fixed,0.2,-0.2,-0.45,0.10509631995983763,-0.20782840289193028,-0.32104073616453593,nan,nan,nan,nan,0.14,False,True,
confirm_friction_payload,10138,passive,adaptation,4,fixed,0.2,-0.2,-0.45,0.09699913356691826,-0.04973689075262794,-0.1270054967555908,nan,nan,nan,nan,0.14,False,False,BASE_HEIGHT_LIMIT
confirm_friction_payload,10139,passive,adaptation,4,fixed,0.2,-0.2,-0.45,0.1043027499254589,-0.03823950447182851,-0.1392972223404836,nan,nan,nan,nan,0.14,False,True,
confirm_friction_payload,10140,passive,adaptation,4,fixed,0.2,-0.2,-0.45,0.17839529718159128,-0.15645092155820942,-0.2496924342723062,nan,nan,nan,nan,0.14,False,True,
confirm_friction_payload,10141,passive,adaptation,4,fixed,0.2,-0.2,-0.45,0.062411258586663194,-0.025886786359908036,-0.16321479434119504,nan,nan,nan,nan,0.14,False,True,
confirm_friction_payload,10142,passive,adaptation,4,fixed,0.2,-0.2,-0.45,0.17920983673831578,-0.20968795721605238,-0.3367406704402668,nan,nan,nan,nan,0.14,False,True,
confirm_friction_payload,10143,passive,adaptation,4,fixed,0.2,-0.2,-0.45,0.09348140376869012,-0.08000807386628152,-0.2104924038708891,nan,nan,nan,nan,0.14,False,True,
confirm_friction_payload,10144,passive,adaptation,4,fixed,0.2,-0.2,-0.45,0.10627141323327034,-0.05175724313439812,-0.22670704545265485,nan,nan,nan,nan,0.14,False,True,
confirm_friction_payload,10145,passive,adaptation,4,fixed,0.2,-0.2,-0.45,0.09754516298684503,-0.05888158543231046,-0.13654506054052634,nan,nan,nan,nan,0.14,False,False,BASE_HEIGHT_LIMIT
confirm_friction_payload,10146,passive,adaptation,4,fixed,0.2,-0.2,-0.45,0.08975201335508265,-0.06619893482009476,-0.12156190167784683,nan,nan,nan,nan,0.14,False,False,BASE_HEIGHT_LIMIT
confirm_friction_payload,10147,passive,adaptation,4,fixed,0.2,-0.2,-0.45,0.04793272645961859,-0.036284155376480894,-0.12959294608874605,nan,nan,nan,nan,0.14,False,True,
confirm_friction_payload,10148,passive,adaptation,4,fixed,0.2,-0.2,-0.45,0.09842081827360884,-0.061372098861952204,-0.11251013148202776,nan,nan,nan,nan,0.14,False,False,BASE_HEIGHT_LIMIT
confirm_friction_payload,10149,passive,adaptation,4,fixed,0.2,-0.2,-0.45,0.22363704765409625,-0.2282161802801204,-0.3212320377820363,nan,nan,nan,nan,0.13879247939217293,False,True,
confirm_friction_payload,10150,passive,adaptation,4,fixed,0.2,-0.2,-0.45,0.09180571766373426,-0.047179874762530966,-0.211402760422041,nan,nan,nan,nan,0.1356116642251496,False,True,
confirm_friction_payload,10151,passive,adaptation,4,fixed,0.2,-0.2,-0.45,0.12898777917290882,-0.07095223958271368,-0.2610366076091531,nan,nan,nan,nan,0.14,False,True,
confirm_friction_payload,10152,passive,adaptation,4,fixed,0.2,-0.2,-0.45,0.12964211252314975,-0.08627674514960681,-0.22335041455928867,nan,nan,nan,nan,0.14,False,True,
confirm_friction_payload,10153,passive,adaptation,4,fixed,0.2,-0.2,-0.45,0.06922824598759111,-0.23275741892064067,-0.3049426439674352,nan,nan,nan,nan,0.14,False,True,
confirm_friction_payload,10154,passive,adaptation,4,fixed,0.2,-0.2,-0.45,0.05964292865800551,-0.04878384251109304,-0.15290384560561796,nan,nan,nan,nan,0.14,False,True,
confirm_friction_payload,10155,passive,adaptation,4,fixed,0.2,-0.2,-0.45,0.21741125634847408,-0.09765725406816067,-0.29943319165366267,nan,nan,nan,nan,0.14,False,True,
confirm_friction_payload,10156,passive,adaptation,4,fixed,0.2,-0.2,-0.45,0.1430981445233503,-0.16202679233656256,-0.27247539521267633,nan,nan,nan,nan,0.14,False,True,
confirm_friction_payload,10157,passive,adaptation,4,fixed,0.2,-0.2,-0.45,0.12940695088972717,-0.06588559943818693,-0.16252862349647212,nan,nan,nan,nan,0.14,False,True,
confirm_friction_payload,10158,passive,adaptation,4,fixed,0.2,-0.2,-0.45,0.11611722807109333,-0.12168177965994606,-0.2576576133748033,nan,nan,nan,nan,0.14,False,True,
confirm_friction_payload,10159,passive,adaptation,4,fixed,0.2,-0.2,-0.45,0.11397239895179812,-0.19391572308276667,-0.28808728236485387,nan,nan,nan,nan,0.14,False,True,
confirm_friction_payload,10160,passive,adaptation,4,fixed,0.2,-0.2,-0.45,0.17461857666568867,-0.07837668820572918,-0.23043061140902926,nan,nan,nan,nan,0.14,False,True,
confirm_friction_payload,10161,passive,adaptation,4,fixed,0.2,-0.2,-0.45,0.1548093117444878,-0.12954634166261017,-0.26955458799770576,nan,nan,nan,nan,0.14,False,True,
confirm_friction_payload,10162,passive,adaptation,4,fixed,0.2,-0.2,-0.45,0.09304660687896367,-0.1603425009919445,-0.2615504980860294,nan,nan,nan,nan,0.14,False,True,
confirm_friction_payload,10163,passive,adaptation,4,fixed,0.2,-0.2,-0.45,0.055358802218678387,-0.034054093796571754,-0.15419668406845904,nan,nan,nan,nan,0.14,False,True,
confirm_friction_payload,10164,passive,adaptation,4,fixed,0.2,-0.2,-0.45,0.1299879190529007,-0.17954429492170892,-0.31066002001453125,nan,nan,nan,nan,0.14,False,True,
confirm_friction_payload,10165,passive,adaptation,4,fixed,0.2,-0.2,-0.45,0.07632914016315301,-0.184488642674171,-0.2769804556444622,nan,nan,nan,nan,0.14,False,True,
confirm_friction_payload,10166,passive,adaptation,4,fixed,0.2,-0.2,-0.45,0.10873573301435986,-0.07207223549469562,-0.14017209799786284,nan,nan,nan,nan,0.14,False,False,BASE_HEIGHT_LIMIT
confirm_friction_payload,10167,passive,adaptation,4,fixed,0.2,-0.2,-0.45,0.11193425747593815,-0.0904703789672866,-0.17375050033127004,nan,nan,nan,nan,0.14,False,True,
confirm_friction_payload,10168,passive,adaptation,4,fixed,0.2,-0.2,-0.45,0.20823838848921042,-0.12806109096577223,-0.31468342081543826,nan,nan,nan,nan,0.14,False,True,
confirm_friction_payload,10169,passive,adaptation,4,fixed,0.2,-0.2,-0.45,0.17342504385993499,-0.18086530830806571,-0.2633106819173699,nan,nan,nan,nan,0.13600628137377527,False,True,
confirm_friction_payload,10170,passive,adaptation,4,fixed,0.2,-0.2,-0.45,0.1688383110015293,-0.149920261666771,-0.2791830525812669,nan,nan,nan,nan,0.14,False,True,
confirm_friction_payload,10171,passive,adaptation,4,fixed,0.2,-0.2,-0.45,0.17866611602342108,-0.17000874255440143,-0.26981328964974666,nan,nan,nan,nan,0.13435273571828163,False,True,
confirm_friction_payload,10172,passive,adaptation,4,fixed,0.2,-0.2,-0.45,0.1741961376331612,-0.1614095517924387,-0.2994523396535919,nan,nan,nan,nan,0.14,False,True,
confirm_friction_payload,10101,passive,validation,4,rolling_fixed_holdout,0.2,-0.18,0.3,0.030057740125993403,-0.015347109809175676,0.13189132230824588,0.14134949347963036,-0.12921563787206874,0.2889250724662675,0.14650359361851992,0.14,False,True,
confirm_friction_payload,10102,passive,validation,4,rolling_fixed_holdout,0.2,-0.18,0.3,0.0968705083787184,-0.08816763685091529,0.24147811828773766,0.13585263985138704,-0.12659401504491835,0.35102373778396445,0.12322244307431265,0.1328210869158238,True,True,
confirm_friction_payload,10103,passive,validation,4,rolling_fixed_holdout,0.2,-0.18,0.3,0.09846852531729779,-0.10726401899183094,0.251617048065937,0.15624988568947537,-0.16636686095443512,0.2833816390681575,0.14183536369811164,0.14,False,True,
confirm_friction_payload,10104,passive,validation,4,rolling_fixed_holdout,0.2,-0.18,0.3,0.13848628472008986,-0.12333187337402374,0.2540321390375228,0.12304604627032867,-0.16616068330605624,0.2778878909467302,0.11241611831373881,0.14,True,True,
confirm_friction_payload,10105,passive,validation,4,rolling_fixed_holdout,0.2,-0.18,0.3,0.14193592654684195,-0.11046950981587794,0.29763720925567005,0.13726527889963755,-0.13577729780027206,0.3195129014164019,0.1461696788363081,0.14,False,True,
confirm_friction_payload,10106,passive,validation,4,rolling_fixed_holdout,0.2,-0.18,0.3,0.0792188124682114,-0.07461581932393338,0.2599024814762142,0.13696992778763442,-0.1318057903783048,0.3585680443153339,nan,0.14,False,True,
confirm_friction_payload,10107,passive,validation,4,rolling_fixed_holdout,0.2,-0.18,0.3,0.11617811544822379,-0.013487715961196758,0.23432928379786755,0.12645849342712254,-0.13498141475966055,0.30591878412724166,nan,0.14,False,True,
confirm_friction_payload,10108,passive,validation,4,rolling_fixed_holdout,0.2,-0.18,0.3,0.12297944138651637,-0.12316815001419155,0.23931648539061964,0.1415866006155061,-0.16472503692421084,0.2718026813936495,0.15328401789738783,0.14,False,True,
confirm_friction_payload,10109,passive,validation,4,rolling_fixed_holdout,0.2,-0.18,0.3,0.11843894701377491,-0.1564999349758386,0.1733018529656966,0.16527169565034067,-0.17032757291395523,0.3229649896436577,0.1368861479142914,0.13874413128194593,True,True,
confirm_friction_payload,10110,passive,validation,4,rolling_fixed_holdout,0.2,-0.18,0.3,0.03911861521252226,0.006671307723798061,0.12066612298921782,0.1523317308544897,-0.12874472796766329,0.2874244682351487,0.15211593150731267,0.14,False,True,
confirm_friction_payload,10111,passive,validation,4,rolling_fixed_holdout,0.2,-0.18,0.3,0.10711258896555804,-0.014412979295501399,0.3122040464021617,0.1278528067344023,-0.14609266494595735,0.31864874507276253,0.13234395266483018,0.14,True,True,
confirm_friction_payload,10112,passive,validation,4,rolling_fixed_holdout,0.2,-0.18,0.3,0.11685534584532668,-0.06769640578196066,0.22995713347131436,0.1423400688702865,-0.17779621533529053,0.28373594405707064,nan,0.14,False,True,
confirm_friction_payload,10113,passive,validation,4,rolling_fixed_holdout,0.2,-0.18,0.3,0.13339319145057194,-0.07713819582965369,0.23490129615950747,0.12742955979777748,-0.09513741411896698,0.3475613729817227,nan,0.13741472515514244,False,True,
confirm_friction_payload,10114,passive,validation,4,rolling_fixed_holdout,0.2,-0.18,0.3,0.11272821980558327,-0.11710278060207585,0.25884383947217404,0.15167375765390867,-0.14887071264205606,0.3183255573931911,nan,0.14,False,True,
confirm_friction_payload,10115,passive,validation,4,rolling_fixed_holdout,0.2,-0.18,0.3,0.10701968555892875,-0.10302938554618031,0.26398508616840355,0.1374777747059894,-0.18192033404200597,0.28838475282586246,nan,0.14,False,True,
confirm_friction_payload,10116,passive,validation,4,rolling_fixed_holdout,0.2,-0.18,0.3,0.02463859851417651,0.004430577007843688,0.1136201651292867,0.16253162963848886,-0.14938131572900945,0.3014488607333178,nan,0.14,False,True,
confirm_friction_payload,10117,passive,validation,4,rolling_fixed_holdout,0.2,-0.18,0.3,0.13286946624671295,-0.09765753020991898,0.16460630127397874,0.11652998512874849,-0.12634875167655224,0.33158729833882655,0.14145111071517166,0.14,False,True,
confirm_friction_payload,10118,passive,validation,4,rolling_fixed_holdout,0.2,-0.18,0.3,0.03695835684170843,0.010718714059625468,0.09311903911526813,0.14316494081676376,-0.13979933978607215,0.3056625162605287,nan,0.14,False,True,
confirm_friction_payload,10119,passive,validation,4,rolling_fixed_holdout,0.2,-0.18,0.3,0.13155480233192057,-0.01419123718540819,0.2588706168280373,0.1510235906090952,-0.1436911960584938,0.2887350440253374,nan,0.13149388015904118,False,True,
confirm_friction_payload,10120,passive,validation,4,rolling_fixed_holdout,0.2,-0.18,0.3,0.16526221066811375,-0.1344749062876768,0.21839968855874572,0.12039066434599698,-0.12199213760120951,0.31426275946587356,nan,0.14,False,True,
confirm_friction_payload,10121,passive,validation,4,rolling_fixed_holdout,0.2,-0.18,0.3,0.1019790574838941,-0.06540413110846635,0.2351963896043557,0.12486328084421966,-0.11614392774534149,0.31495849065366727,0.14062453814697803,0.14,False,True,
confirm_friction_payload,10122,passive,validation,4,rolling_fixed_holdout,0.2,-0.18,0.3,0.05846454580733183,-0.011572747959377142,0.24775165340082297,0.13230935997614798,-0.15037288705770765,0.3200787291728562,nan,0.14,False,True,
confirm_friction_payload,10123,passive,validation,4,rolling_fixed_holdout,0.2,-0.18,0.3,0.13332974261432107,-0.06705511255811127,0.2525188320423864,0.14434656843737334,-0.15827626612935358,0.3147514674898334,0.11655088538150607,0.14,True,True,
confirm_friction_payload,10124,passive,validation,4,rolling_fixed_holdout,0.2,-0.18,0.3,0.016148055862086775,-0.01665961864798235,0.16134870548358338,0.1237979727003864,-0.15212076208372366,0.34563038766710225,nan,0.14,False,True,
confirm_friction_payload,10125,passive,validation,4,rolling_fixed_holdout,0.2,-0.18,0.3,0.13917440586441052,-0.13611761528010427,0.22385216828505947,0.15433610538822398,-0.1669469560228824,0.30588309210852804,0.09956074942436663,0.14,True,True,
confirm_friction_payload,10126,passive,validation,4,rolling_fixed_holdout,0.2,-0.18,0.3,0.07248052025473248,-0.05340693529092196,0.16823543021826234,0.1423435565687436,-0.11258901144824847,0.3302585473207688,nan,0.14,False,True,
confirm_friction_payload,10127,passive,validation,4,rolling_fixed_holdout,0.2,-0.18,0.3,0.1388060128904922,-0.1726226608122211,0.24107956729036542,0.12259480545862123,-0.10568095558733583,0.33811513788775316,0.13548650957705127,0.14,True,True,
confirm_friction_payload,10128,passive,validation,4,rolling_fixed_holdout,0.2,-0.18,0.3,0.05508934048499766,-0.023429302950637977,0.2680950461291344,0.13913313787787152,-0.14635574426241657,0.27491385253142775,0.1143396628614977,0.14,True,True,
confirm_friction_payload,10129,passive,validation,4,rolling_fixed_holdout,0.2,-0.18,0.3,0.10906319673587206,0.00573063640342854,0.19848310685645187,0.1495860281578568,-0.14818726532750617,0.28298667533977306,0.13331708940132145,0.14,True,True,
confirm_friction_payload,10130,passive,validation,4,rolling_fixed_holdout,0.2,-0.18,0.3,0.12068084855844884,-0.16076391406639462,0.24490028189733432,0.12548594936156088,-0.12909706499378495,0.328701827559734,0.13772407319998117,0.14,True,True,
confirm_friction_payload,10131,passive,validation,4,rolling_fixed_holdout,0.2,-0.18,0.3,0.18466093939829611,-0.11289694455787083,0.2311779978089479,0.155364956464667,-0.18689518562433718,0.30087124991255615,0.10664638819671211,0.14,True,True,
confirm_friction_payload,10132,passive,validation,4,rolling_fixed_holdout,0.2,-0.18,0.3,0.0686683997516344,-0.009465240667337858,0.2683813106891073,0.15299224302768188,-0.1673677653681918,0.31061336546820423,nan,0.14,False,True,
confirm_friction_payload,10133,passive,validation,4,rolling_fixed_holdout,0.2,-0.18,0.3,0.15805195572109135,-0.18836970276623374,0.2832325216034159,0.15053073435671094,-0.1510236978558295,0.3540252085732236,nan,0.14,False,True,
confirm_friction_payload,10134,passive,validation,4,rolling_fixed_holdout,0.2,-0.18,0.3,0.09621644623794562,-0.12602446934900777,0.1928657719974269,0.12864583935610355,-0.15549847053174887,0.34332044336586365,nan,0.14,False,True,
confirm_friction_payload,10135,passive,validation,4,rolling_fixed_holdout,0.2,-0.18,0.3,0.10610701514194004,-0.08693176650692773,0.27340777260304416,0.14755576589107214,-0.1302014838552158,0.32346388395515446,0.12094125819704261,0.14,True,True,
confirm_friction_payload,10136,passive,validation,4,rolling_fixed_holdout,0.2,-0.18,0.3,0.1571412904422475,-0.13160792619431155,0.2917345919025034,0.14283062041569652,-0.15744899820908864,0.27368644270490533,nan,0.13509441202791128,False,True,
confirm_friction_payload,10137,passive,validation,4,rolling_fixed_holdout,0.2,-0.18,0.3,0.10082827142204528,-0.08271895697739239,0.23592443663378174,0.13384372726181942,-0.16712741196556613,0.28716969420810917,0.12982007755305644,0.14,True,True,
confirm_friction_payload,10138,passive,validation,4,rolling_fixed_holdout,0.2,-0.18,0.3,0.1431041885043553,-0.14883148840298868,0.2573675620136615,0.1433211684625405,-0.1740108379649055,0.32184779668432095,nan,0.14,False,True,
confirm_friction_payload,10139,passive,validation,4,rolling_fixed_holdout,0.2,-0.18,0.3,0.15885357377777073,-0.051302932942497666,0.10621551532246175,0.14066582497343666,-0.12696175096020035,0.3216188186765396,0.14653890265246844,0.14,False,True,
confirm_friction_payload,10140,passive,validation,4,rolling_fixed_holdout,0.2,-0.18,0.3,0.08873465217365245,-0.10884496797943141,0.29672830676542705,0.12381213261701172,-0.14325008081042326,0.3391583147248793,nan,0.14,False,True,
confirm_friction_payload,10141,passive,validation,4,rolling_fixed_holdout,0.2,-0.18,0.3,0.1261350908796276,-0.20297656279287557,0.1956346391790939,0.11769345317262397,-0.1278755488894787,0.33192992739145993,0.15419040219043514,0.14,False,True,
confirm_friction_payload,10142,passive,validation,4,rolling_fixed_holdout,0.2,-0.18,0.3,0.03708256970843756,-0.01333296471014837,0.15563427269492927,0.16090733289962522,-0.16238112572414493,0.28937208354489846,0.13090663943496342,0.14,True,True,
confirm_friction_payload,10143,passive,validation,4,rolling_fixed_holdout,0.2,-0.18,0.3,0.10667207154278581,-0.15491435489404928,0.21404114237996125,0.1335179097711321,-0.14206098104517004,0.3345612401257132,nan,0.14,False,True,
confirm_friction_payload,10144,passive,validation,4,rolling_fixed_holdout,0.2,-0.18,0.3,0.07770954800751563,-0.054647556406336374,0.19365370372504656,0.12237433256031818,-0.13507356421262834,0.3325332937255351,0.13695997871865986,0.14,True,True,
confirm_friction_payload,10145,passive,validation,4,rolling_fixed_holdout,0.2,-0.18,0.3,0.1848707776802133,-0.1706615277217762,0.27596156888196427,0.15022783118558686,-0.1510082396949327,0.31985081939804944,nan,0.14,False,True,
confirm_friction_payload,10146,passive,validation,4,rolling_fixed_holdout,0.2,-0.18,0.3,0.06938347661765133,-0.08519155270115723,0.1892893302257553,0.14735049187939117,-0.151815764184572,0.30705445376294804,0.12989776080657933,0.14,True,True,
confirm_friction_payload,10147,passive,validation,4,rolling_fixed_holdout,0.2,-0.18,0.3,0.12466322387352034,-0.030381990019752333,0.2639995706387142,0.136628386102972,-0.11518263831143093,0.3160002335383467,0.1493336904452011,0.14,False,True,
confirm_friction_payload,10148,passive,validation,4,rolling_fixed_holdout,0.2,-0.18,0.3,0.17748712088134327,-0.17594705669825247,0.2660556465665548,0.1487474961033705,-0.15832027073522487,0.32143575237220595,nan,0.14,False,True,
confirm_friction_payload,10149,passive,validation,4,rolling_fixed_holdout,0.2,-0.18,0.3,0.11021103430930801,-0.09582970531730921,0.1812498679687144,0.17437396888412365,-0.17933841933813546,0.2970209137568808,0.10360990262393031,0.13879247939217293,True,True,
confirm_friction_payload,10150,passive,validation,4,rolling_fixed_holdout,0.2,-0.18,0.3,0.07498118336126415,-0.005008375244938562,0.20094262412948846,0.13276344469083395,-0.09830483468835273,0.31680147858338975,0.13539222887316543,0.1356116642251496,True,True,
confirm_friction_payload,10151,passive,validation,4,rolling_fixed_holdout,0.2,-0.18,0.3,0.032683511525758435,-0.0534791263701298,0.2003010170150086,0.14417970027779017,-0.1352935168713777,0.3418529187924658,0.14484587594651188,0.14,False,True,
confirm_friction_payload,10152,passive,validation,4,rolling_fixed_holdout,0.2,-0.18,0.3,0.1128494558326265,-0.11416267953044397,0.29698693952130856,0.12730367530573886,-0.13119661103633912,0.33600287719070504,0.13075515519862355,0.14,True,True,
confirm_friction_payload,10153,passive,validation,4,rolling_fixed_holdout,0.2,-0.18,0.3,0.09136309560802194,-0.07460703055544621,0.24426967207135633,0.1391558346701807,-0.128134066392199,0.2880661427871982,0.14359128570325624,0.14,False,True,
confirm_friction_payload,10154,passive,validation,4,rolling_fixed_holdout,0.2,-0.18,0.3,0.1201812890001281,-0.09360617107678572,0.27123410066942394,0.13170318639175402,-0.12886210611640583,0.30252965134486043,nan,0.14,False,True,
confirm_friction_payload,10155,passive,validation,4,rolling_fixed_holdout,0.2,-0.18,0.3,0.14994798899988532,-0.188738106563089,0.2180721659984041,0.1549510030886567,-0.13413336115538763,0.32969100074132457,nan,0.14,False,True,
confirm_friction_payload,10156,passive,validation,4,rolling_fixed_holdout,0.2,-0.18,0.3,0.020477019415558146,-0.04695059576254014,0.1571538798155264,0.13367251010045728,-0.13829096560956644,0.30008378955786785,0.1364483485619924,0.14,True,True,
confirm_friction_payload,10157,passive,validation,4,rolling_fixed_holdout,0.2,-0.18,0.3,0.10757780514356736,-0.17446385931588348,0.2174882030609838,0.13396187971617732,-0.10451736757260226,0.3444042263141918,nan,0.14,False,True,
confirm_friction_payload,10158,passive,validation,4,rolling_fixed_holdout,0.2,-0.18,0.3,0.13348788865363947,-0.09602798244581345,0.25064031277674914,0.12984574661020587,-0.13916629141193596,0.30039530300752915,nan,0.14,False,True,
confirm_friction_payload,10159,passive,validation,4,rolling_fixed_holdout,0.2,-0.18,0.3,0.02212324965506048,-0.018324978408073955,0.20419544875421658,0.14180310497638413,-0.17874394512464603,0.28501288466297353,0.12610381226530695,0.14,True,True,
confirm_friction_payload,10160,passive,validation,4,rolling_fixed_holdout,0.2,-0.18,0.3,0.09079306431696198,-0.11381980352476367,0.25980802221776556,0.1271284700075243,-0.1393586087957423,0.35265556338071696,0.14573067430534672,0.14,False,True,
confirm_friction_payload,10161,passive,validation,4,rolling_fixed_holdout,0.2,-0.18,0.3,0.13994280557419927,-0.10670291646396304,0.2818156693408322,0.14149126476603557,-0.1655693655240721,0.28077363179987663,0.1346633404208905,0.14,True,True,
confirm_friction_payload,10162,passive,validation,4,rolling_fixed_holdout,0.2,-0.18,0.3,0.18126463602799683,-0.15528628959129176,0.2924211180152547,0.14418889166730153,-0.12978185742644055,0.30250432866281646,0.12713692139072014,0.14,True,True,
confirm_friction_payload,10163,passive,validation,4,rolling_fixed_holdout,0.2,-0.18,0.3,0.12162281358110072,-0.13929143533348937,0.2426983897052901,0.1272752145796631,-0.15040862622782722,0.352181621115532,0.14509460764855112,0.14,False,True,
confirm_friction_payload,10164,passive,validation,4,rolling_fixed_holdout,0.2,-0.18,0.3,0.21130870121252085,-0.08347919579461258,0.23837109869839762,0.14801039769150096,-0.17043828049148066,0.28891326074844437,0.14688651447307957,0.14,False,True,
confirm_friction_payload,10165,passive,validation,4,rolling_fixed_holdout,0.2,-0.18,0.3,0.11598078765373657,-0.11112415617458826,0.23107098332089424,0.13755132456226984,-0.14181524019503952,0.3147921582713276,0.14482752100984786,0.14,False,True,
confirm_friction_payload,10166,passive,validation,4,rolling_fixed_holdout,0.2,-0.18,0.3,0.17166728044092122,-0.06642294840229063,0.194417356490586,0.14317658072182546,-0.1574875115576146,0.2583083049075709,0.14323835004362453,0.14,False,True,
confirm_friction_payload,10167,passive,validation,4,rolling_fixed_holdout,0.2,-0.18,0.3,0.12526323480694404,-0.01678745486210011,0.23952982321939406,0.15055554425699422,-0.14405390734777077,0.30197353657534737,nan,0.14,False,True,
confirm_friction_payload,10168,passive,validation,4,rolling_fixed_holdout,0.2,-0.18,0.3,0.07835416508899637,-0.14110010383071436,0.19677989848602118,0.1509889860670402,-0.15356348409984116,0.3228648056682685,nan,0.14,False,True,
confirm_friction_payload,10169,passive,validation,4,rolling_fixed_holdout,0.2,-0.18,0.3,0.07877772545786087,-0.008265605661134533,0.22680083806998777,0.16004983505435455,-0.16371783961401243,0.29781296093497206,nan,0.13600628137377527,False,True,
confirm_friction_payload,10170,passive,validation,4,rolling_fixed_holdout,0.2,-0.18,0.3,0.03798123805482978,0.007257461251492976,0.11857264340255533,0.1463273289520452,-0.12385285093006404,0.31387748432673646,nan,0.14,False,True,
confirm_friction_payload,10171,passive,validation,4,rolling_fixed_holdout,0.2,-0.18,0.3,0.11107583176764778,-0.01142394354131215,0.23076662630123923,0.17352557776670144,-0.15015165079624374,0.29778760291725026,nan,0.13435273571828163,False,True,
confirm_friction_payload,10172,passive,validation,4,rolling_fixed_holdout,0.2,-0.18,0.3,0.1082024878203636,-0.03760484446379448,0.20958972144314553,0.17185484119967595,-0.18101640000681518,0.2879028769059521,0.12815235646547646,0.14,True,True,
confirm_friction_payload,10101,passive,adaptation,5,fixed,-0.38,0.05,0.25,-0.06223080062179442,0.01933445577251032,-0.03233073332147229,nan,nan,nan,nan,0.14,False,True,
confirm_friction_payload,10102,passive,adaptation,5,stopped_after_recovery,0.0,0.0,0.0,0.0029364528644994017,0.004828989616117888,0.040326101698523166,nan,nan,nan,nan,0.1328210869158238,False,True,
confirm_friction_payload,10103,passive,adaptation,5,fixed,-0.38,0.05,0.25,-0.1035227852572668,0.012743854048062915,0.05863748359571469,nan,nan,nan,nan,0.14,False,True,
confirm_friction_payload,10104,passive,adaptation,5,stopped_after_recovery,0.0,0.0,0.0,0.011991973440073979,0.008594623463475259,0.056430476813644256,nan,nan,nan,nan,0.14,False,True,
confirm_friction_payload,10105,passive,adaptation,5,fixed,-0.38,0.05,0.25,-0.04151085750935171,0.021765408284969305,-0.0076211226829314615,nan,nan,nan,nan,0.14,False,True,
confirm_friction_payload,10106,passive,adaptation,5,fixed,-0.38,0.05,0.25,-0.06485818304864997,0.032507977055412696,-0.0434716817939487,nan,nan,nan,nan,0.14,False,True,
confirm_friction_payload,10107,passive,adaptation,5,fixed,-0.38,0.05,0.25,-0.060817475945926534,0.017557725054364228,0.04274364184878146,nan,nan,nan,nan,0.14,False,True,
confirm_friction_payload,10108,passive,adaptation,5,fixed,-0.38,0.05,0.25,-0.06189796224209255,0.0216823398263301,-0.02396604671077939,nan,nan,nan,nan,0.14,False,True,
confirm_friction_payload,10109,passive,adaptation,5,stopped_after_recovery,0.0,0.0,0.0,-0.00946236877719766,-0.007759129725526668,0.05969727793534003,nan,nan,nan,nan,0.13874413128194593,False,True,
confirm_friction_payload,10110,passive,adaptation,5,fixed,-0.38,0.05,0.25,-0.0754477395668974,0.022084796683100674,-0.0739032890884205,nan,nan,nan,nan,0.14,False,True,
confirm_friction_payload,10111,passive,adaptation,5,stopped_after_recovery,0.0,0.0,0.0,0.004025302653840918,0.003686873961260378,0.023628315227769585,nan,nan,nan,nan,0.14,False,True,
confirm_friction_payload,10112,passive,adaptation,5,fixed,-0.38,0.05,0.25,-0.1738999022579728,0.01268594996644316,0.13230216963062638,nan,nan,nan,nan,0.14,False,True,
confirm_friction_payload,10113,passive,adaptation,5,fixed,-0.38,0.05,0.25,-0.03449920032633231,0.018142780311053153,0.011599693210691906,nan,nan,nan,nan,0.13741472515514244,False,True,
confirm_friction_payload,10114,passive,adaptation,5,fixed,-0.38,0.05,0.25,-0.0651281753837971,0.016037399791802937,0.018104999477935667,nan,nan,nan,nan,0.14,False,True,
confirm_friction_payload,10115,passive,adaptation,5,fixed,-0.38,0.05,0.25,-0.09388567661079414,0.014494339570748912,0.0825666521041516,nan,nan,nan,nan,0.14,False,True,
confirm_friction_payload,10116,passive,adaptation,5,fixed,-0.38,0.05,0.25,-0.10751617116408321,0.009679768785617415,-0.010496171602888668,nan,nan,nan,nan,0.14,False,True,
confirm_friction_payload,10117,passive,adaptation,5,fixed,-0.38,0.05,0.25,-0.04485015840566229,0.015400305748661436,0.06779009793070506,nan,nan,nan,nan,0.14,False,True,
confirm_friction_payload,10118,passive,adaptation,5,fixed,-0.38,0.05,0.25,-0.11881807078451775,0.009013570863946024,-0.01809452570092237,nan,nan,nan,nan,0.14,False,True,
confirm_friction_payload,10119,passive,adaptation,5,fixed,-0.38,0.05,0.25,-0.08045134771215316,0.0010553217462844257,0.03557090709260383,nan,nan,nan,nan,0.13149388015904118,False,True,
confirm_friction_payload,10120,passive,adaptation,5,fixed,-0.38,0.05,0.25,-0.10448937814457615,0.001171030993546722,0.08903838370593016,nan,nan,nan,nan,0.14,False,True,
confirm_friction_payload,10121,passive,adaptation,5,fixed,-0.38,0.05,0.25,-0.03635490314636169,0.010767488953252684,0.02540582351243036,nan,nan,nan,nan,0.14,False,True,
confirm_friction_payload,10122,passive,adaptation,5,fixed,-0.38,0.05,0.25,-0.09478989874734588,0.03000081567262017,0.11459530926721657,nan,nan,nan,nan,0.14,False,True,
confirm_friction_payload,10123,passive,adaptation,5,stopped_after_recovery,0.0,0.0,0.0,0.013022644520907237,0.009833054670124308,0.06914359488560419,nan,nan,nan,nan,0.14,False,True,
confirm_friction_payload,10124,passive,adaptation,5,fixed,-0.38,0.05,0.25,-0.08479002724438824,0.007956572628455569,0.016808063353478293,nan,nan,nan,nan,0.14,False,True,
confirm_friction_payload,10125,passive,adaptation,5,stopped_after_recovery,0.0,0.0,0.0,0.012014311679912465,0.010108297350664949,0.04852287032737494,nan,nan,nan,nan,0.14,False,True,
confirm_friction_payload,10126,passive,adaptation,5,fixed,-0.38,0.05,0.25,-0.07231134503289369,0.008743920799357548,0.002625968691018345,nan,nan,nan,nan,0.14,False,True,
confirm_friction_payload,10127,passive,adaptation,5,stopped_after_recovery,0.0,0.0,0.0,-0.027283185086949796,-0.018279735501338962,0.05152707540235235,nan,nan,nan,nan,0.14,False,True,
confirm_friction_payload,10128,passive,adaptation,5,stopped_after_recovery,0.0,0.0,0.0,-0.001555090236351329,0.007149206737430393,0.034438764896992935,nan,nan,nan,nan,0.14,False,True,
confirm_friction_payload,10129,passive,adaptation,5,stopped_after_recovery,0.0,0.0,0.0,-0.005839996215505241,0.0070952892220811775,0.06159293576278936,nan,nan,nan,nan,0.14,False,True,
confirm_friction_payload,10130,passive,adaptation,5,stopped_after_recovery,0.0,0.0,0.0,0.01578132363251086,0.010702417079002997,0.07313805291140649,nan,nan,nan,nan,0.14,False,True,
confirm_friction_payload,10131,passive,adaptation,5,stopped_after_recovery,0.0,0.0,0.0,0.002463593303312128,0.006607793088673325,0.0391716367736867,nan,nan,nan,nan,0.14,False,True,
confirm_friction_payload,10132,passive,adaptation,5,fixed,-0.38,0.05,0.25,-0.13262875503097493,0.010270503698279003,0.12788451954828906,nan,nan,nan,nan,0.14,False,True,
confirm_friction_payload,10133,passive,adaptation,5,fixed,-0.38,0.05,0.25,-0.0651246155226166,0.027952146942195093,0.061909252194512994,nan,nan,nan,nan,0.14,False,True,
confirm_friction_payload,10134,passive,adaptation,5,fixed,-0.38,0.05,0.25,-0.07499646369035001,0.014411106194317383,0.02365690115275008,nan,nan,nan,nan,0.14,False,True,
confirm_friction_payload,10135,passive,adaptation,5,stopped_after_recovery,0.0,0.0,0.0,0.004405589859803396,0.01206045240654467,0.05979337834660365,nan,nan,nan,nan,0.14,False,True,
confirm_friction_payload,10136,passive,adaptation,5,fixed,-0.38,0.05,0.25,-0.07368484059517337,0.01764580649135732,0.045405054919988,nan,nan,nan,nan,0.13509441202791128,False,True,
confirm_friction_payload,10137,passive,adaptation,5,stopped_after_recovery,0.0,0.0,0.0,0.004298777374153164,0.00612883060259552,0.031558064476770696,nan,nan,nan,nan,0.14,False,True,
confirm_friction_payload,10138,passive,adaptation,5,fixed,-0.38,0.05,0.25,-0.07160526103916456,0.014125133170912949,0.008479424193356124,nan,nan,nan,nan,0.14,False,True,
confirm_friction_payload,10139,passive,adaptation,5,fixed,-0.38,0.05,0.25,-0.04568763716715217,0.010750418852836358,0.05168068501329925,nan,nan,nan,nan,0.14,False,True,
confirm_friction_payload,10140,passive,adaptation,5,fixed,-0.38,0.05,0.25,-0.06596553791547548,0.015350946797144542,0.006515692234045441,nan,nan,nan,nan,0.14,False,True,
confirm_friction_payload,10141,passive,adaptation,5,fixed,-0.38,0.05,0.25,-0.04214455657831127,0.008121955331227075,0.04006468126756256,nan,nan,nan,nan,0.14,False,True,
confirm_friction_payload,10142,passive,adaptation,5,stopped_after_recovery,0.0,0.0,0.0,0.00769307081983663,0.005562275354694243,0.006769784453715891,nan,nan,nan,nan,0.14,False,True,
confirm_friction_payload,10143,passive,adaptation,5,fixed,-0.38,0.05,0.25,-0.040790930189401275,0.016550661135234,-0.025485438521508377,nan,nan,nan,nan,0.14,False,True,
confirm_friction_payload,10144,passive,adaptation,5,stopped_after_recovery,0.0,0.0,0.0,0.002379949842758195,0.006410574368488353,0.032026674563227255,nan,nan,nan,nan,0.14,False,True,
confirm_friction_payload,10145,passive,adaptation,5,fixed,-0.38,0.05,0.25,-0.0540842462176021,0.022977979718520506,-0.025495424222503543,nan,nan,nan,nan,0.14,False,True,
confirm_friction_payload,10146,passive,adaptation,5,stopped_after_recovery,0.0,0.0,0.0,0.002624285925788963,0.004072521948102475,0.051872600352921065,nan,nan,nan,nan,0.14,False,True,
confirm_friction_payload,10147,passive,adaptation,5,fixed,-0.38,0.05,0.25,-0.05232348787217184,0.016290083401736984,0.06458007527493945,nan,nan,nan,nan,0.14,False,True,
confirm_friction_payload,10148,passive,adaptation,5,fixed,-0.38,0.05,0.25,-0.05025630468938519,0.014701660664912825,0.019226716293287666,nan,nan,nan,nan,0.14,False,True,
confirm_friction_payload,10149,passive,adaptation,5,stopped_after_recovery,0.0,0.0,0.0,0.01137888811599078,0.00924763113325252,0.0498438473784301,nan,nan,nan,nan,0.13879247939217293,False,True,
confirm_friction_payload,10150,passive,adaptation,5,stopped_after_recovery,0.0,0.0,0.0,-0.003416914694753674,0.002615861091875996,0.054888019335433046,nan,nan,nan,nan,0.1356116642251496,False,True,
confirm_friction_payload,10151,passive,adaptation,5,fixed,-0.38,0.05,0.25,-0.07367199361382136,0.017585598157716802,-0.016769804898591364,nan,nan,nan,nan,0.14,False,True,
confirm_friction_payload,10152,passive,adaptation,5,stopped_after_recovery,0.0,0.0,0.0,0.0007470210624673166,0.017100243557148627,0.07154071809657449,nan,nan,nan,nan,0.14,False,True,
confirm_friction_payload,10153,passive,adaptation,5,fixed,-0.38,0.05,0.25,-0.0498174240549484,0.010082314725538997,0.006482983919040402,nan,nan,nan,nan,0.14,False,True,
confirm_friction_payload,10154,passive,adaptation,5,fixed,-0.38,0.05,0.25,-0.060999987310934,0.002759293423201739,0.07584364202285206,nan,nan,nan,nan,0.14,False,True,
confirm_friction_payload,10155,passive,adaptation,5,fixed,-0.38,0.05,0.25,-0.08533682950133485,0.02149113689082221,0.08314016450565388,nan,nan,nan,nan,0.14,False,True,
confirm_friction_payload,10156,passive,adaptation,5,stopped_after_recovery,0.0,0.0,0.0,0.0037759330605055368,0.00612954964471323,0.029812266303328627,nan,nan,nan,nan,0.14,False,True,
confirm_friction_payload,10157,passive,adaptation,5,fixed,-0.38,0.05,0.25,-0.24808799178029892,-0.06023185550240612,0.04793192391559122,nan,nan,nan,nan,0.14,False,True,
confirm_friction_payload,10158,passive,adaptation,5,fixed,-0.38,0.05,0.25,-0.07407187430509146,0.008185633982856067,0.011031883740198633,nan,nan,nan,nan,0.14,False,True,
confirm_friction_payload,10159,passive,adaptation,5,stopped_after_recovery,0.0,0.0,0.0,0.0039109219878819485,0.005778085478264554,0.028057623218459917,nan,nan,nan,nan,0.14,False,True,
confirm_friction_payload,10160,passive,adaptation,5,fixed,-0.38,0.05,0.25,-0.05768239394946518,0.013851840966492375,0.02049955759767398,nan,nan,nan,nan,0.14,False,True,
confirm_friction_payload,10161,passive,adaptation,5,stopped_after_recovery,0.0,0.0,0.0,0.005092066748768151,0.014553169481730428,0.06041671921513598,nan,nan,nan,nan,0.14,False,True,
confirm_friction_payload,10162,passive,adaptation,5,stopped_after_recovery,0.0,0.0,0.0,0.010050867910934663,0.0060116604983187945,0.0720811803171958,nan,nan,nan,nan,0.14,False,True,
confirm_friction_payload,10163,passive,adaptation,5,fixed,-0.38,0.05,0.25,-0.04147438152498407,0.012788516114719694,0.037009634008066505,nan,nan,nan,nan,0.14,False,True,
confirm_friction_payload,10164,passive,adaptation,5,fixed,-0.38,0.05,0.25,-0.06057778796567583,0.021677907419837907,-0.011989310548911607,nan,nan,nan,nan,0.14,False,True,
confirm_friction_payload,10165,passive,adaptation,5,fixed,-0.38,0.05,0.25,-0.022970885514854676,0.011619908662129813,-0.00493883860396483,nan,nan,nan,nan,0.14,False,True,
confirm_friction_payload,10166,passive,adaptation,5,fixed,-0.38,0.05,0.25,-0.06177167873100119,0.022112636134602494,-0.007781097146859012,nan,nan,nan,nan,0.14,False,True,
confirm_friction_payload,10167,passive,adaptation,5,fixed,-0.38,0.05,0.25,-0.13682917887995916,0.013369248226030472,0.12189319747138104,nan,nan,nan,nan,0.14,False,True,
confirm_friction_payload,10168,passive,adaptation,5,fixed,-0.38,0.05,0.25,-0.07651438950107718,0.010006607324147465,0.06243994542912133,nan,nan,nan,nan,0.14,False,True,
confirm_friction_payload,10169,passive,adaptation,5,fixed,-0.38,0.05,0.25,-0.1174607525665908,0.003889228742399869,0.09403658389074529,nan,nan,nan,nan,0.13600628137377527,False,True,
confirm_friction_payload,10170,passive,adaptation,5,fixed,-0.38,0.05,0.25,-0.10010953117087085,0.00924945234586727,-0.022211390824491434,nan,nan,nan,nan,0.14,False,True,
confirm_friction_payload,10171,passive,adaptation,5,fixed,-0.38,0.05,0.25,-0.06651252238156326,0.019758574363184452,-0.0016227520316373732,nan,nan,nan,nan,0.13435273571828163,False,True,
confirm_friction_payload,10172,passive,adaptation,5,stopped_after_recovery,0.0,0.0,0.0,-0.0009757878067775141,0.00810909183898639,0.047381954716949885,nan,nan,nan,nan,0.14,False,True,
confirm_friction_payload,10101,passive,validation,5,rolling_fixed_holdout,0.2,0.18,-0.3,0.12904742756767454,0.01792623754340217,-0.14119754519791805,0.14705791145435984,0.12739825071638014,-0.2750224892487189,0.14650359361851992,0.14,False,False,BASE_HEIGHT_LIMIT
confirm_friction_payload,10102,passive,validation,5,rolling_fixed_holdout,0.2,0.18,-0.3,0.038568523196536995,-0.019832733048374743,-0.1835354489608422,0.16808056839273963,0.11531651191778539,-0.31070856978508554,0.13491738771101922,0.1328210869158238,True,True,
confirm_friction_payload,10103,passive,validation,5,rolling_fixed_holdout,0.2,0.18,-0.3,0.020770810448214178,-0.020196902197974955,-0.14339055146760532,0.15957394211345266,0.15284908101128758,-0.2886363608836093,0.15785576689567093,0.14,False,True,
confirm_friction_payload,10104,passive,validation,5,rolling_fixed_holdout,0.2,0.18,-0.3,0.08516657393266307,-0.003123904963908656,-0.16964971675546836,0.1607014331255358,0.13026023282607274,-0.28391872212683694,0.12098386626213234,0.14,True,True,
confirm_friction_payload,10105,passive,validation,5,rolling_fixed_holdout,0.2,0.18,-0.3,0.08661058162782546,0.0029406586543292844,-0.19548991773915386,0.18029312264380973,0.16084670000306445,-0.30276207309417397,0.151403634946718,0.14,False,True,
confirm_friction_payload,10106,passive,validation,5,rolling_fixed_holdout,0.2,0.18,-0.3,0.111001352947406,0.013367328300381384,-0.1505511021070164,0.14730927942984667,0.13012438931386575,-0.29231063840028076,0.1505182578053449,0.14,False,True,
confirm_friction_payload,10107,passive,validation,5,rolling_fixed_holdout,0.2,0.18,-0.3,0.11778808163740534,0.013021777355681224,-0.12590353666921084,0.15708551269154822,0.13456638374449625,-0.2845356624610608,0.13302456491937506,0.14,True,True,
confirm_friction_payload,10108,passive,validation,5,rolling_fixed_holdout,0.2,0.18,-0.3,0.1773724707617479,0.07349049158436578,-0.07704582255945429,0.142680650901405,0.11417997726134439,-0.27746283284795326,0.15641225891048108,0.14,False,True,
confirm_friction_payload,10109,passive,validation,5,rolling_fixed_holdout,0.2,0.18,-0.3,0.07355952059887526,-0.010861901854761928,-0.17219701149344255,0.14665566701592636,0.10419171901762543,-0.2923418386658151,0.14153835201444515,0.13874413128194593,True,True,
confirm_friction_payload,10110,passive,validation,5,rolling_fixed_holdout,0.2,0.18,-0.3,0.1516507789138138,0.014647066919530414,-0.15056017455281542,0.1635076477839089,0.13900428099662518,-0.26113859926987204,0.14987937051425784,0.14,False,True,
confirm_friction_payload,10111,passive,validation,5,rolling_fixed_holdout,0.2,0.18,-0.3,0.03719523632109815,-0.02244481337492189,-0.17511899507043785,0.1552202400395717,0.1222866252918333,-0.2893368757129926,0.1413850841674219,0.14,True,True,
confirm_friction_payload,10112,passive,validation,5,rolling_fixed_holdout,0.2,0.18,-0.3,0.1164614851606737,0.004226550192111077,-0.15051312318524013,0.14088769122642084,0.12216746532912776,-0.27688634845174726,0.10989473093287479,0.14,True,True,
confirm_friction_payload,10113,passive,validation,5,rolling_fixed_holdout,0.2,0.18,-0.3,0.03466546064472851,-0.01742723921590951,-0.15089443762789378,0.16834912067175892,0.15047369830986437,-0.2815950783092786,0.1334276461263384,0.13741472515514244,True,True,
confirm_friction_payload,10114,passive,validation,5,rolling_fixed_holdout,0.2,0.18,-0.3,0.14282113715982767,0.03292838056043699,-0.11949368693491744,0.13525791718065797,0.10499902467786695,-0.27229168173493745,0.1342461994959867,0.14,True,True,
confirm_friction_payload,10115,passive,validation,5,rolling_fixed_holdout,0.2,0.18,-0.3,0.10015107418839808,0.0039030830982228785,-0.17497720398956818,0.14421494934540008,0.11793358108808535,-0.2887481118362386,0.13543037506227237,0.14,True,True,
confirm_friction_payload,10116,passive,validation,5,rolling_fixed_holdout,0.2,0.18,-0.3,0.1314343668624928,0.0112162121640831,-0.18208893127240536,0.15675809194627005,0.13091795376567225,-0.2894946891652709,0.15419856572184965,0.14,False,True,
confirm_friction_payload,10117,passive,validation,5,rolling_fixed_holdout,0.2,0.18,-0.3,0.0627842331550016,-0.0022040172485106933,-0.16397081103682662,0.15328208422016967,0.10345393934919911,-0.2842423824680122,0.14802866160376496,0.14,False,True,
confirm_friction_payload,10118,passive,validation,5,rolling_fixed_holdout,0.2,0.18,-0.3,0.11569160458482947,0.007138871175223263,-0.15361518334616445,0.1598916368064514,0.16785291784597567,-0.26307107944785785,0.15987166772261452,0.14,False,True,
confirm_friction_payload,10119,passive,validation,5,rolling_fixed_holdout,0.2,0.18,-0.3,0.03700497968668908,-0.02439401114963406,-0.16629472659553562,0.1410066345136493,0.09216096364068593,-0.2811763660758386,0.12300743992711777,0.13149388015904118,True,True,
confirm_friction_payload,10120,passive,validation,5,rolling_fixed_holdout,0.2,0.18,-0.3,0.09889480623097115,0.0018650372191349757,-0.12833816344710736,0.14902302377575463,0.09764710837003499,-0.28812256347821136,0.13147677296624213,0.14,True,True,
confirm_friction_payload,10121,passive,validation,5,rolling_fixed_holdout,0.2,0.18,-0.3,0.05283592200231393,-0.015583618388411265,-0.1664040283627915,0.16372963750951455,0.12796438049674277,-0.2787873310370355,0.14696222903072856,0.14,False,True,
confirm_friction_payload,10122,passive,validation,5,rolling_fixed_holdout,0.2,0.18,-0.3,0.135379222600148,0.012363381852673118,-0.11468594251862481,0.13573417156359818,0.11525309747160387,-0.2888911925461689,0.13276090819315778,0.14,True,True,
confirm_friction_payload,10123,passive,validation,5,rolling_fixed_holdout,0.2,0.18,-0.3,0.10477459794027161,0.005866751026147185,-0.14963088524382984,0.15353409904561424,0.1219956989680794,-0.2725529702039509,0.12389124412477866,0.14,True,True,
confirm_friction_payload,10124,passive,validation,5,rolling_fixed_holdout,0.2,0.18,-0.3,0.1010308774862152,0.003239328211066812,-0.17692919297889376,0.14410297775037112,0.13469629203197686,-0.29320338863412587,0.1409127088103372,0.14,False,True,
confirm_friction_payload,10125,passive,validation,5,rolling_fixed_holdout,0.2,0.18,-0.3,0.11941333490070291,0.013889082442232381,-0.15133402951238203,0.15350973827745434,0.10741126845934412,-0.28561189409867455,0.10404510807580794,0.14,True,True,
confirm_friction_payload,10126,passive,validation,5,rolling_fixed_holdout,0.2,0.18,-0.3,0.10411474519662213,0.0033647589644941606,-0.146479000209779,0.1670558636360994,0.13892401509607408,-0.2774600256002564,0.14151170081696007,0.14,False,True,
confirm_friction_payload,10127,passive,validation,5,rolling_fixed_holdout,0.2,0.18,-0.3,0.00456542851834741,-0.004912769528135648,-0.0870301197192882,0.17425182106158918,0.13605836566270058,-0.2949003402099011,0.1602809046748227,0.14,True,True,
confirm_friction_payload,10128,passive,validation,5,rolling_fixed_holdout,0.2,0.18,-0.3,0.10735207685590084,0.009307818724499404,-0.16650558330345377,0.1461843964418418,0.13680444318246937,-0.2855543499967347,0.12194095775858685,0.14,True,True,
confirm_friction_payload,10129,passive,validation,5,rolling_fixed_holdout,0.2,0.18,-0.3,0.053315838160619675,-0.008757812795485861,-0.14472357593044702,0.1601482122060927,0.1171357375736093,-0.2732932713176547,0.140833880451876,0.14,True,True,
confirm_friction_payload,10130,passive,validation,5,rolling_fixed_holdout,0.2,0.18,-0.3,0.19906051236115155,0.09074268493719502,-0.09828737756337033,0.14599595181900443,0.11843783917525486,-0.2880084781291391,0.14370839878356614,0.14,True,True,
confirm_friction_payload,10131,passive,validation,5,rolling_fixed_holdout,0.2,0.18,-0.3,0.03518799624769903,-0.015089622427619673,-0.14068264380730988,0.1707768521073847,0.1157672469693214,-0.3128495531394245,0.12511560881956985,0.14,True,True,
confirm_friction_payload,10132,passive,validation,5,rolling_fixed_holdout,0.2,0.18,-0.3,0.13661559593973413,0.01693589608563267,-0.1709537545400301,0.15256236544771898,0.1054186573749186,-0.27780906089162,0.11653106769980646,0.14,True,True,
confirm_friction_payload,10133,passive,validation,5,rolling_fixed_holdout,0.2,0.18,-0.3,0.10774792002639996,0.02051617178153436,-0.11883827943734517,0.1457535327500135,0.11349545251090645,-0.29388901270128054,0.14013307907271919,0.14,False,True,
confirm_friction_payload,10134,passive,validation,5,rolling_fixed_holdout,0.2,0.18,-0.3,0.1272748880111599,0.012608156105468187,-0.14780206497819665,0.1387443939911755,0.1240224688154343,-0.2811056207751943,0.1265726706277729,0.14,True,True,
confirm_friction_payload,10135,passive,validation,5,rolling_fixed_holdout,0.2,0.18,-0.3,0.11270922712518529,0.030195024179498917,-0.11822538481471156,0.136983490926257,0.10976034856818116,-0.3028080297404741,0.12991297471511515,0.14,True,True,
confirm_friction_payload,10136,passive,validation,5,rolling_fixed_holdout,0.2,0.18,-0.3,0.08509127797454494,-0.002813816402841903,-0.18547961750336883,0.13695333732763038,0.1088325641222105,-0.25653956436534253,0.10545570653775684,0.13509441202791128,True,True,
confirm_friction_payload,10137,passive,validation,5,rolling_fixed_holdout,0.2,0.18,-0.3,0.07001886089225634,-0.007517871660409219,-0.17897977398359852,0.14608806086542936,0.12318849214217813,-0.28150802767222716,0.1351043719609184,0.14,True,True,
confirm_friction_payload,10138,passive,validation,5,rolling_fixed_holdout,0.2,0.18,-0.3,0.07581518013307317,-0.005709275676570194,-0.1803755690847242,0.13346611137147482,0.1327527808237766,-0.3026638471237818,0.14927700485914877,0.14,False,True,
confirm_friction_payload,10139,passive,validation,5,rolling_fixed_holdout,0.2,0.18,-0.3,0.07950452626047702,-0.000264248830920993,-0.19010495695331764,0.15601030857812775,0.11026405259713913,-0.2769449003868813,0.15028133356538853,0.14,False,True,
confirm_friction_payload,10140,passive,validation,5,rolling_fixed_holdout,0.2,0.18,-0.3,0.15305009812880468,0.030724467753643757,-0.12179419794947702,0.15646124328550046,0.1455508665290478,-0.27917004767518633,0.13276408069747372,0.14,True,True,
confirm_friction_payload,10141,passive,validation,5,rolling_fixed_holdout,0.2,0.18,-0.3,0.051036603422927575,-0.011869605524201366,-0.20575164306408997,0.1616436304638315,0.11740804353092525,-0.3125749265499374,0.16036348315958188,0.14,False,True,
confirm_friction_payload,10142,passive,validation,5,rolling_fixed_holdout,0.2,0.18,-0.3,0.0895761379874066,-0.0049040538844998495,-0.16692040102692768,0.13193426914993933,0.11941725035519016,-0.27912070554599894,0.13569498635530275,0.14,True,True,
confirm_friction_payload,10143,passive,validation,5,rolling_fixed_holdout,0.2,0.18,-0.3,0.12019177417674545,0.009200650360255025,-0.17401893268960422,0.15326028157243363,0.11012412305969362,-0.275909229039211,0.13660675082522442,0.14,True,True,
confirm_friction_payload,10144,passive,validation,5,rolling_fixed_holdout,0.2,0.18,-0.3,0.04437222609246095,-0.010920082612500964,-0.1638280253025386,0.1359264386682353,0.11235687581685021,-0.2831611685628783,0.14281211660917212,0.14,True,True,
confirm_friction_payload,10145,passive,validation,5,rolling_fixed_holdout,0.2,0.18,-0.3,0.07030779184289135,-0.004026644959922262,-0.17786302345806568,0.16614924562050973,0.1298460946351273,-0.2700978721163999,0.1436026201197799,0.14,False,True,
confirm_friction_payload,10146,passive,validation,5,rolling_fixed_holdout,0.2,0.18,-0.3,0.10507622960102025,0.004163149858348839,-0.15403737316247992,0.137114087200444,0.12197080038748823,-0.2788416793420392,0.1353899668748703,0.14,True,True,
confirm_friction_payload,10147,passive,validation,5,rolling_fixed_holdout,0.2,0.18,-0.3,0.04659240963026323,-0.017001277336207144,-0.18066361339974993,0.15574157981721912,0.12353137479249873,-0.2929673827882851,0.15600848259967603,0.14,False,True,
confirm_friction_payload,10148,passive,validation,5,rolling_fixed_holdout,0.2,0.18,-0.3,0.06930270601006222,-0.0035473501478091034,-0.1569601337836074,0.15372001442646066,0.1259826050781842,-0.27219182893423877,0.1327194855399873,0.14,True,True,
confirm_friction_payload,10149,passive,validation,5,rolling_fixed_holdout,0.2,0.18,-0.3,0.09170066807715192,-0.0012465367653247171,-0.1851986735009241,0.15408031845137402,0.11750919672231207,-0.30575522775476,0.11357714204276463,0.13879247939217293,True,True,
confirm_friction_payload,10150,passive,validation,5,rolling_fixed_holdout,0.2,0.18,-0.3,0.052058124885899636,-0.0159740992993151,-0.17507787083786777,0.17116700642442376,0.1533530839389217,-0.2866680945662004,0.1424242011349623,0.1356116642251496,True,True,
confirm_friction_payload,10151,passive,validation,5,rolling_fixed_holdout,0.2,0.18,-0.3,0.1068540109210492,0.052099084730749576,-0.08213810232784277,0.13925033378948942,0.08459990623521976,-0.3133613267338033,0.15088574905028157,0.14,False,True,
confirm_friction_payload,10152,passive,validation,5,rolling_fixed_holdout,0.2,0.18,-0.3,0.07603982072553397,0.03563452943441375,-0.13099510396666086,0.1384421797528494,0.11301183472419696,-0.2961362984267006,0.13557630367724038,0.14,True,True,
confirm_friction_payload,10153,passive,validation,5,rolling_fixed_holdout,0.2,0.18,-0.3,0.05299677451544948,-0.014960976005793165,-0.11600213809701312,0.15569079714914863,0.12963194035010853,-0.2622099389583075,0.152041229618949,0.14,False,True,
confirm_friction_payload,10154,passive,validation,5,rolling_fixed_holdout,0.2,0.18,-0.3,0.03164174224334325,-0.026481509768920896,-0.18706657708491453,0.16692669636338706,0.11382543583964688,-0.2730590812826161,0.1348689926966567,0.14,True,True,
confirm_friction_payload,10155,passive,validation,5,rolling_fixed_holdout,0.2,0.18,-0.3,0.10091601940141169,0.0012295049470501692,-0.13085441781104704,0.15217058788653967,0.12176328675376315,-0.2920799628292884,0.12997840629111,0.14,True,True,
confirm_friction_payload,10156,passive,validation,5,rolling_fixed_holdout,0.2,0.18,-0.3,0.1367302867625514,0.017162449050910848,-0.16621022865406979,0.13454036123699267,0.12273205318877202,-0.28230799778348287,0.1401003587103801,0.14,True,True,
confirm_friction_payload,10157,passive,validation,5,rolling_fixed_holdout,0.2,0.18,-0.3,0.012859475025581716,-0.022970779655520503,-0.14148952794132869,0.14925057424001523,0.12308138684967337,-0.28235766441203064,0.10983031227158237,0.14,True,True,
confirm_friction_payload,10158,passive,validation,5,rolling_fixed_holdout,0.2,0.18,-0.3,0.042847275115795946,-0.01967030839618165,-0.18946716673192635,0.12442611696358075,0.09555264775895791,-0.28239773661832407,0.12836602131525032,0.14,True,True,
confirm_friction_payload,10159,passive,validation,5,rolling_fixed_holdout,0.2,0.18,-0.3,0.1070422712501612,-0.001298694759221085,-0.18516613510680785,0.15079707042422197,0.1273809832439571,-0.2784640705497978,0.1308311164108123,0.14,True,True,
confirm_friction_payload,10160,passive,validation,5,rolling_fixed_holdout,0.2,0.18,-0.3,0.16403503242210968,0.148557853304897,-0.11985220483159324,0.14537456692433384,0.12155557620646558,-0.29197405511525343,0.14842848300816391,0.14,False,True,
confirm_friction_payload,10161,passive,validation,5,rolling_fixed_holdout,0.2,0.18,-0.3,0.05214132799617345,-0.01326425075739695,-0.1872868930002156,0.1459196985467668,0.1028123227326908,-0.28270805797258886,0.1387657058300735,0.14,True,True,
confirm_friction_payload,10162,passive,validation,5,rolling_fixed_holdout,0.2,0.18,-0.3,0.11770726789367167,0.02965306713809498,-0.14362690734777778,0.1699359590129635,0.12120775002255145,-0.2650013227018315,0.130681330136907,0.14,True,True,
confirm_friction_payload,10163,passive,validation,5,rolling_fixed_holdout,0.2,0.18,-0.3,0.06362016853142924,-0.007428727419877086,-0.16829499267087328,0.16040943069195276,0.11440320573472512,-0.28277773945767376,0.1492834338153383,0.14,False,True,
confirm_friction_payload,10164,passive,validation,5,rolling_fixed_holdout,0.2,0.18,-0.3,0.05731973359954127,-0.008784839948041566,-0.16061098420095213,0.16623066893224844,0.14113472506187516,-0.29023697862764664,0.15485369091097984,0.14,False,True,
confirm_friction_payload,10165,passive,validation,5,rolling_fixed_holdout,0.2,0.18,-0.3,0.07448579517798917,-0.0017054510118723256,-0.11645654827128482,0.17300119072495326,0.13842561996973518,-0.27072722249848236,0.15188860814067168,0.14,False,True,
confirm_friction_payload,10166,passive,validation,5,rolling_fixed_holdout,0.2,0.18,-0.3,0.08755412706559772,0.005740590940156257,-0.15879768184004905,0.1655545125677158,0.15479238711816284,-0.27535031011460115,0.14980371337518128,0.14,False,True,
confirm_friction_payload,10167,passive,validation,5,rolling_fixed_holdout,0.2,0.18,-0.3,0.05539703310033129,-0.01597058411847048,-0.16800532601895823,0.15521052903692006,0.11967432153569983,-0.29551204760751343,0.12664563074825988,0.14,True,True,
confirm_friction_payload,10168,passive,validation,5,rolling_fixed_holdout,0.2,0.18,-0.3,0.1401833750154644,0.01863432062632626,-0.1556999517763028,0.15031502338961902,0.13313101504599015,-0.2916324781574772,0.12164232210720535,0.14,True,True,
confirm_friction_payload,10169,passive,validation,5,rolling_fixed_holdout,0.2,0.18,-0.3,0.08388652126880447,-0.004896794466135745,-0.16791386955407203,0.162892824337248,0.1330187353883732,-0.2957401882948224,0.12451611748108533,0.13600628137377527,True,True,
confirm_friction_payload,10170,passive,validation,5,rolling_fixed_holdout,0.2,0.18,-0.3,0.10539143333599056,-0.0006106798399482497,-0.16849079404454786,0.15456096658406096,0.15538874963405191,-0.2742314524770915,0.14425242894946202,0.14,False,True,
confirm_friction_payload,10171,passive,validation,5,rolling_fixed_holdout,0.2,0.18,-0.3,0.08629986925725075,-0.0059955809894762365,-0.18976046090371157,0.15116331784857678,0.11639406703274366,-0.2762814792798471,0.13462396500349655,0.13435273571828163,False,True,
confirm_friction_payload,10172,passive,validation,5,rolling_fixed_holdout,0.2,0.18,-0.3,0.09909280392527701,-0.008411185062341297,-0.1692986655591501,0.13752145947128763,0.10512954466219145,-0.301857731367326,0.13465091002582122,0.14,True,True,
confirm_friction_payload,10101,passive,adaptation,6,fixed,0.38,-0.05,-0.25,-0.002380589112019303,0.016044065227162705,0.0043819646392885565,nan,nan,nan,nan,0.14,False,False,BASE_HEIGHT_LIMIT
confirm_friction_payload,10102,passive,adaptation,6,stopped_after_recovery,0.0,0.0,0.0,0.0029364528644994017,0.004828989616117888,0.040326101698523166,nan,nan,nan,nan,0.1328210869158238,False,True,
confirm_friction_payload,10103,passive,adaptation,6,fixed,0.38,-0.05,-0.25,0.26446690750310653,-0.023222721362510614,-0.15482247701003657,nan,nan,nan,nan,0.14,False,False,BASE_HEIGHT_LIMIT
confirm_friction_payload,10104,passive,adaptation,6,stopped_after_recovery,0.0,0.0,0.0,0.011991973440073979,0.008594623463475259,0.056430476813644256,nan,nan,nan,nan,0.14,False,True,
confirm_friction_payload,10105,passive,adaptation,6,fixed,0.38,-0.05,-0.25,0.26015923569934135,-0.04468412552214719,-0.20467751902857728,nan,nan,nan,nan,0.14,False,True,
confirm_friction_payload,10106,passive,adaptation,6,fixed,0.38,-0.05,-0.25,0.2828493657697615,0.013106563677853091,-0.13364005565995107,nan,nan,nan,nan,0.14,False,True,
confirm_friction_payload,10107,passive,adaptation,6,stopped_after_recovery,0.0,0.0,0.0,0.00899977052613983,0.008778811154964934,0.07501322346215643,nan,nan,nan,nan,0.14,False,True,
confirm_friction_payload,10108,passive,adaptation,6,fixed,0.38,-0.05,-0.25,0.3120518093666717,-0.013554371985720626,-0.12890515516369608,nan,nan,nan,nan,0.14,False,True,
confirm_friction_payload,10109,passive,adaptation,6,stopped_after_recovery,0.0,0.0,0.0,-0.00946236877719766,-0.007759129725526668,0.05969727793534003,nan,nan,nan,nan,0.13874413128194593,False,True,
confirm_friction_payload,10110,passive,adaptation,6,fixed,0.38,-0.05,-0.25,0.04258128782625577,0.005102614603679245,0.0011789661637452238,nan,nan,nan,nan,0.14,False,False,BASE_HEIGHT_LIMIT
confirm_friction_payload,10111,passive,adaptation,6,stopped_after_recovery,0.0,0.0,0.0,0.004025302653840918,0.003686873961260378,0.023628315227769585,nan,nan,nan,nan,0.14,False,True,
confirm_friction_payload,10112,passive,adaptation,6,stopped_after_recovery,0.0,0.0,0.0,0.00777089143346347,0.01035547848498496,0.039898791075948604,nan,nan,nan,nan,0.14,False,True,
confirm_friction_payload,10113,passive,adaptation,6,stopped_after_recovery,0.0,0.0,0.0,0.008257318668421752,0.00047602448283440914,0.04887518493279042,nan,nan,nan,nan,0.13741472515514244,False,True,
confirm_friction_payload,10114,passive,adaptation,6,stopped_after_recovery,0.0,0.0,0.0,0.012676755029314542,0.009799862787284492,0.07184328750759134,nan,nan,nan,nan,0.14,False,True,
confirm_friction_payload,10115,passive,adaptation,6,stopped_after_recovery,0.0,0.0,0.0,0.004623684947665896,0.011799572987285383,0.05746408780609867,nan,nan,nan,nan,0.14,False,True,
confirm_friction_payload,10116,passive,adaptation,6,fixed,0.38,-0.05,-0.25,0.29805086604006137,-0.03438862369849726,-0.1801563472531914,nan,nan,nan,nan,0.14,False,True,
confirm_friction_payload,10117,passive,adaptation,6,fixed,0.38,-0.05,-0.25,0.25672632118838257,-0.013033769980104257,-0.14749060480930182,nan,nan,nan,nan,0.14,False,True,
confirm_friction_payload,10118,passive,adaptation,6,fixed,0.38,-0.05,-0.25,0.10135521649269184,0.007308415120411516,-0.0046859960283084905,nan,nan,nan,nan,0.14,False,False,BASE_HEIGHT_LIMIT
confirm_friction_payload,10119,passive,adaptation,6,stopped_after_recovery,0.0,0.0,0.0,-0.007968746289365718,0.01471724791087015,0.06982497858522982,nan,nan,nan,nan,0.13149388015904118,False,True,
confirm_friction_payload,10120,passive,adaptation,6,stopped_after_recovery,0.0,0.0,0.0,0.015348352890653397,0.010906888634576185,0.04904767051657201,nan,nan,nan,nan,0.14,False,True,
confirm_friction_payload,10121,passive,adaptation,6,fixed,0.38,-0.05,-0.25,0.11416201309689983,-0.013100899655584603,-0.023807802850222305,nan,nan,nan,nan,0.14,False,False,BASE_HEIGHT_LIMIT
confirm_friction_payload,10122,passive,adaptation,6,stopped_after_recovery,0.0,0.0,0.0,-5.125977681095207e-05,0.007231166322144317,0.04340786814004804,nan,nan,nan,nan,0.14,False,True,
confirm_friction_payload,10123,passive,adaptation,6,stopped_after_recovery,0.0,0.0,0.0,0.013022644520907237,0.009833054670124308,0.06914359488560419,nan,nan,nan,nan,0.14,False,True,
confirm_friction_payload,10124,passive,adaptation,6,fixed,0.38,-0.05,-0.25,0.08254745071657033,-0.018012389805047862,0.0005422987244037599,nan,nan,nan,nan,0.14,False,False,BASE_HEIGHT_LIMIT
confirm_friction_payload,10125,passive,adaptation,6,stopped_after_recovery,0.0,0.0,0.0,0.012014311679912465,0.010108297350664949,0.04852287032737494,nan,nan,nan,nan,0.14,False,True,
confirm_friction_payload,10126,passive,adaptation,6,fixed,0.38,-0.05,-0.25,0.07445736522898926,-0.012964456401117139,0.02823748917913041,nan,nan,nan,nan,0.14,False,False,BASE_HEIGHT_LIMIT
confirm_friction_payload,10127,passive,adaptation,6,stopped_after_recovery,0.0,0.0,0.0,-0.027283185086949796,-0.018279735501338962,0.05152707540235235,nan,nan,nan,nan,0.14,False,True,
confirm_friction_payload,10128,passive,adaptation,6,stopped_after_recovery,0.0,0.0,0.0,-0.001555090236351329,0.007149206737430393,0.034438764896992935,nan,nan,nan,nan,0.14,False,True,
confirm_friction_payload,10129,passive,adaptation,6,stopped_after_recovery,0.0,0.0,0.0,-0.005839996215505241,0.0070952892220811775,0.06159293576278936,nan,nan,nan,nan,0.14,False,True,
confirm_friction_payload,10130,passive,adaptation,6,stopped_after_recovery,0.0,0.0,0.0,0.01578132363251086,0.010702417079002997,0.07313805291140649,nan,nan,nan,nan,0.14,False,True,
confirm_friction_payload,10131,passive,adaptation,6,stopped_after_recovery,0.0,0.0,0.0,0.002463593303312128,0.006607793088673325,0.0391716367736867,nan,nan,nan,nan,0.14,False,True,
confirm_friction_payload,10132,passive,adaptation,6,stopped_after_recovery,0.0,0.0,0.0,0.004405352764013511,0.008261122596100887,0.044830968355414946,nan,nan,nan,nan,0.14,False,True,
confirm_friction_payload,10133,passive,adaptation,6,fixed,0.38,-0.05,-0.25,0.3061002615603423,-0.02230207095381098,-0.08936390915811963,nan,nan,nan,nan,0.14,False,True,
confirm_friction_payload,10134,passive,adaptation,6,stopped_after_recovery,0.0,0.0,0.0,0.0036382045567720013,0.008195823674710922,0.04179939617601186,nan,nan,nan,nan,0.14,False,True,
confirm_friction_payload,10135,passive,adaptation,6,stopped_after_recovery,0.0,0.0,0.0,0.004405589859803396,0.01206045240654467,0.05979337834660365,nan,nan,nan,nan,0.14,False,True,
confirm_friction_payload,10136,passive,adaptation,6,stopped_after_recovery,0.0,0.0,0.0,0.014144946650468747,0.009926728148228394,0.06378148353200978,nan,nan,nan,nan,0.13509441202791128,False,True,
confirm_friction_payload,10137,passive,adaptation,6,stopped_after_recovery,0.0,0.0,0.0,0.004298777374153164,0.00612883060259552,0.031558064476770696,nan,nan,nan,nan,0.14,False,True,
confirm_friction_payload,10138,passive,adaptation,6,fixed,0.38,-0.05,-0.25,0.29441767744976627,-0.054716780619590843,-0.14724741791487203,nan,nan,nan,nan,0.14,False,True,
confirm_friction_payload,10139,passive,adaptation,6,fixed,0.38,-0.05,-0.25,0.05408074342369457,-0.02487945352413891,0.016833172812843713,nan,nan,nan,nan,0.14,False,False,BASE_HEIGHT_LIMIT
confirm_friction_payload,10140,passive,adaptation,6,stopped_after_recovery,0.0,0.0,0.0,0.007071627871383454,0.007490498996565735,0.08050853980848231,nan,nan,nan,nan,0.14,False,True,
confirm_friction_payload,10141,passive,adaptation,6,fixed,0.38,-0.05,-0.25,0.09479742502627991,-0.03814339451636996,-0.07734176166838777,nan,nan,nan,nan,0.14,False,False,BASE_HEIGHT_LIMIT
confirm_friction_payload,10142,passive,adaptation,6,stopped_after_recovery,0.0,0.0,0.0,0.00769307081983663,0.005562275354694243,0.006769784453715891,nan,nan,nan,nan,0.14,False,True,
confirm_friction_payload,10143,passive,adaptation,6,stopped_after_recovery,0.0,0.0,0.0,0.0024151480056103197,-0.003407418575199102,0.0761750038858427,nan,nan,nan,nan,0.14,False,True,
confirm_friction_payload,10144,passive,adaptation,6,stopped_after_recovery,0.0,0.0,0.0,0.002379949842758195,0.006410574368488353,0.032026674563227255,nan,nan,nan,nan,0.14,False,True,
confirm_friction_payload,10145,passive,adaptation,6,fixed,0.38,-0.05,-0.25,0.05919784384941715,-0.01589418455008875,0.03122112680255824,nan,nan,nan,nan,0.14,False,False,BASE_HEIGHT_LIMIT
confirm_friction_payload,10146,passive,adaptation,6,stopped_after_recovery,0.0,0.0,0.0,0.002624285925788963,0.004072521948102475,0.051872600352921065,nan,nan,nan,nan,0.14,False,True,
confirm_friction_payload,10147,passive,adaptation,6,fixed,0.38,-0.05,-0.25,0.20657636868677873,0.006295315630404037,-0.10382455603656351,nan,nan,nan,nan,0.14,False,True,
confirm_friction_payload,10148,passive,adaptation,6,stopped_after_recovery,0.0,0.0,0.0,0.006643540556432803,0.006353368203518851,0.07749503599891606,nan,nan,nan,nan,0.14,False,True,
confirm_friction_payload,10149,passive,adaptation,6,stopped_after_recovery,0.0,0.0,0.0,0.01137888811599078,0.00924763113325252,0.0498438473784301,nan,nan,nan,nan,0.13879247939217293,False,True,
confirm_friction_payload,10150,passive,adaptation,6,stopped_after_recovery,0.0,0.0,0.0,-0.003416914694753674,0.002615861091875996,0.054888019335433046,nan,nan,nan,nan,0.1356116642251496,False,True,
confirm_friction_payload,10151,passive,adaptation,6,fixed,0.38,-0.05,-0.25,0.07972459836849947,-0.024135272313582354,0.017501896903943607,nan,nan,nan,nan,0.14,False,False,BASE_HEIGHT_LIMIT
confirm_friction_payload,10152,passive,adaptation,6,stopped_after_recovery,0.0,0.0,0.0,0.0007470210624673166,0.017100243557148627,0.07154071809657449,nan,nan,nan,nan,0.14,False,True,
confirm_friction_payload,10153,passive,adaptation,6,fixed,0.38,-0.05,-0.25,0.11814408339365169,-0.05328466374202144,-0.047612468045987746,nan,nan,nan,nan,0.14,False,False,BASE_HEIGHT_LIMIT
confirm_friction_payload,10154,passive,adaptation,6,stopped_after_recovery,0.0,0.0,0.0,0.0007003004088612574,0.0067030067028526884,0.039213708313849044,nan,nan,nan,nan,0.14,False,True,
confirm_friction_payload,10155,passive,adaptation,6,stopped_after_recovery,0.0,0.0,0.0,0.013140960084196704,0.010742647152161347,0.04884607312749636,nan,nan,nan,nan,0.14,False,True,
confirm_friction_payload,10156,passive,adaptation,6,stopped_after_recovery,0.0,0.0,0.0,0.0037759330605055368,0.00612954964471323,0.029812266303328627,nan,nan,nan,nan,0.14,False,True,
confirm_friction_payload,10157,passive,adaptation,6,stopped_after_recovery,0.0,0.0,0.0,0.005441465404127763,0.0017910613667910628,0.01346330479134538,nan,nan,nan,nan,0.14,False,True,
confirm_friction_payload,10158,passive,adaptation,6,stopped_after_recovery,0.0,0.0,0.0,2.2575510244760706e-06,0.006345455842689152,0.04540799991506592,nan,nan,nan,nan,0.14,False,True,
confirm_friction_payload,10159,passive,adaptation,6,stopped_after_recovery,0.0,0.0,0.0,0.0039109219878819485,0.005778085478264554,0.028057623218459917,nan,nan,nan,nan,0.14,False,True,
confirm_friction_payload,10160,passive,adaptation,6,fixed,0.38,-0.05,-0.25,0.07317384537707713,-0.01691121199544274,0.009452066830228274,nan,nan,nan,nan,0.14,False,False,BASE_HEIGHT_LIMIT
confirm_friction_payload,10161,passive,adaptation,6,stopped_after_recovery,0.0,0.0,0.0,0.005092066748768151,0.014553169481730428,0.06041671921513598,nan,nan,nan,nan,0.14,False,True,
confirm_friction_payload,10162,passive,adaptation,6,stopped_after_recovery,0.0,0.0,0.0,0.010050867910934663,0.0060116604983187945,0.0720811803171958,nan,nan,nan,nan,0.14,False,True,
confirm_friction_payload,10163,passive,adaptation,6,fixed,0.38,-0.05,-0.25,0.17899242712039212,-0.015928021130869288,-0.10902938198312905,nan,nan,nan,nan,0.14,False,True,
confirm_friction_payload,10164,passive,adaptation,6,fixed,0.38,-0.05,-0.25,0.28841616046905105,-0.047833283554351354,-0.1510149314735353,nan,nan,nan,nan,0.14,False,True,
confirm_friction_payload,10165,passive,adaptation,6,fixed,0.38,-0.05,-0.25,0.17904760394763888,-0.06831700205105336,-0.12453015310703032,nan,nan,nan,nan,0.14,False,True,
confirm_friction_payload,10166,passive,adaptation,6,fixed,0.38,-0.05,-0.25,0.2987679659051194,0.019397999339763237,-0.16454594174037943,nan,nan,nan,nan,0.14,False,True,
confirm_friction_payload,10167,passive,adaptation,6,stopped_after_recovery,0.0,0.0,0.0,-0.001315339669874314,0.006298393644809474,0.045533359069788365,nan,nan,nan,nan,0.14,False,True,
confirm_friction_payload,10168,passive,adaptation,6,stopped_after_recovery,0.0,0.0,0.0,0.005846398272603607,0.00871904619595712,0.04372475200571972,nan,nan,nan,nan,0.14,False,True,
confirm_friction_payload,10169,passive,adaptation,6,stopped_after_recovery,0.0,0.0,0.0,-0.0006507726382989466,0.007465601777550579,0.05113654587996206,nan,nan,nan,nan,0.13600628137377527,False,True,
confirm_friction_payload,10170,passive,adaptation,6,fixed,0.38,-0.05,-0.25,0.3036456614987119,-0.004446613661868209,-0.15411798675299165,nan,nan,nan,nan,0.14,False,True,
confirm_friction_payload,10171,passive,adaptation,6,fixed,0.38,-0.05,-0.25,0.28827405108787396,-0.0071204061339776555,-0.14486820017616278,nan,nan,nan,nan,0.13435273571828163,False,True,
confirm_friction_payload,10172,passive,adaptation,6,stopped_after_recovery,0.0,0.0,0.0,-0.0009757878067775141,0.00810909183898639,0.047381954716949885,nan,nan,nan,nan,0.14,False,True,
confirm_friction_payload,10101,passive,validation,6,rolling_fixed_holdout,0.2,0.18,0.3,0.11317863673131805,0.1288259241518301,0.23737656213256703,0.17579397254230816,0.09865775366038959,0.24041811960386963,0.13990469115947832,0.14,True,True,
confirm_friction_payload,10102,passive,validation,6,rolling_fixed_holdout,0.2,0.18,0.3,0.033455964462245705,0.08466146550432511,0.17235613536164132,0.17594005085108363,0.09955363549384519,0.16289482713524187,0.10203184520873021,0.1328210869158238,True,True,
confirm_friction_payload,10103,passive,validation,6,rolling_fixed_holdout,0.2,0.18,0.3,0.046148902883508036,0.07271707216786961,0.19007707818271083,0.1434100367127325,0.15294203737266865,0.27374789645796277,0.10744016136139181,0.14,True,True,
confirm_friction_payload,10104,passive,validation,6,rolling_fixed_holdout,0.2,0.18,0.3,0.14278570827460485,0.1032846879283421,0.1869151427880224,0.22460244341576374,0.152629901929555,0.2244388143932608,0.08399658900413895,0.14,True,True,
confirm_friction_payload,10105,passive,validation,6,rolling_fixed_holdout,0.2,0.18,0.3,0.178878555409308,0.13842152777091432,0.20851598944280225,0.21967751345373318,0.12766318934173904,0.2438455973091118,0.08827773650420134,0.14,True,True,
confirm_friction_payload,10106,passive,validation,6,rolling_fixed_holdout,0.2,0.18,0.3,0.1260905299450639,0.1544679372860411,0.2587495171662612,0.17493202872717387,0.11142423268240421,0.17280745715713472,0.14362901387155033,0.14,False,True,
confirm_friction_payload,10107,passive,validation,6,rolling_fixed_holdout,0.2,0.18,0.3,0.16264252742223856,0.15430346407984805,0.25265056433719524,0.2008373051890776,0.12873587141652335,0.2520738424518202,0.1301944725144927,0.14,True,True,
confirm_friction_payload,10108,passive,validation,6,rolling_fixed_holdout,0.2,0.18,0.3,0.1586480631889356,0.118651351522374,0.2595911086858008,0.178823327635251,0.12219459322267648,0.273486793793241,0.07277570436981114,0.14,True,True,
confirm_friction_payload,10109,passive,validation,6,rolling_fixed_holdout,0.2,0.18,0.3,0.05338165925211926,0.03735663424463702,0.17832433042518409,0.2320583290363905,0.1012600207924673,0.21504753575259195,0.1074166890511477,0.13874413128194593,True,True,
confirm_friction_payload,10110,passive,validation,6,rolling_fixed_holdout,0.2,0.18,0.3,0.1485132584453794,0.15677195259589702,0.26446099613425433,0.18283818704499238,0.11580504378880413,0.27025366690070063,0.09487742307445257,0.14,True,True,
confirm_friction_payload,10111,passive,validation,6,rolling_fixed_holdout,0.2,0.18,0.3,0.11515217497205511,0.16656135931059649,0.19606309493575688,0.18523074647017632,0.15619725566430595,0.2191106927821845,0.09812129754531036,0.14,True,True,
confirm_friction_payload,10112,passive,validation,6,rolling_fixed_holdout,0.2,0.18,0.3,0.08709503386261884,0.13825477567307062,0.17513031676150137,0.17486795751253442,0.1577245812457657,0.22519644825252816,0.10901770852615553,0.14,True,True,
confirm_friction_payload,10113,passive,validation,6,rolling_fixed_holdout,0.2,0.18,0.3,0.12037027771797859,0.1355444824459126,0.23008616984158295,0.18748284669086018,0.10650836407779063,0.18121352566810883,0.12880104623847505,0.13741472515514244,True,True,
confirm_friction_payload,10114,passive,validation,6,rolling_fixed_holdout,0.2,0.18,0.3,0.12242669901329369,0.13481879015988338,0.2646267821766555,0.18033314860509772,0.11729409459116609,0.18295974105741136,0.13355075924598125,0.14,True,True,
confirm_friction_payload,10115,passive,validation,6,rolling_fixed_holdout,0.2,0.18,0.3,0.026790099902004,0.07648617327387609,0.11527775831047912,0.16324835809278224,0.16366045982156643,0.2516149172111871,0.14263498282225515,0.14,True,True,
confirm_friction_payload,10116,passive,validation,6,rolling_fixed_holdout,0.2,0.18,0.3,0.10508256363963678,0.14090831669316198,0.19387661666865297,0.1589977041619977,0.10099801052256459,0.2066427929798766,0.1502719240529808,0.14,False,True,
confirm_friction_payload,10117,passive,validation,6,rolling_fixed_holdout,0.2,0.18,0.3,0.1513921341460934,0.0860613600709066,0.25707875996964236,0.19758864374166826,0.07970151420903769,0.1850538696992163,0.09350498330080595,0.14,True,True,
confirm_friction_payload,10118,passive,validation,6,rolling_fixed_holdout,0.2,0.18,0.3,0.1054109771314932,0.127150386607144,0.2575757320951891,0.16074233644339775,0.13243017878049557,0.24594679931099586,0.15580746212275343,0.14,False,True,
confirm_friction_payload,10119,passive,validation,6,rolling_fixed_holdout,0.2,0.18,0.3,0.15020885111994062,0.1586081134029902,0.2421263822016884,0.15939320364349235,0.13806500927091,0.2530981910040203,0.11682132007189142,0.13149388015904118,True,True,
confirm_friction_payload,10120,passive,validation,6,rolling_fixed_holdout,0.2,0.18,0.3,0.19956367450557447,0.12105399754099946,0.2137053669596364,0.2057179744050042,0.10849731134885453,0.22247422187889987,0.12739030912783264,0.14,True,True,
confirm_friction_payload,10121,passive,validation,6,rolling_fixed_holdout,0.2,0.18,0.3,0.14994016596487675,0.14470612477189207,0.23232430586344205,0.1963702885778146,0.10135050096282408,0.19162966696846298,0.09642564848992953,0.14,True,True,
confirm_friction_payload,10122,passive,validation,6,rolling_fixed_holdout,0.2,0.18,0.3,0.1289371223249896,0.16363664499262923,0.23845187010445731,0.15585283341419828,0.1408678888670979,0.23760102765567337,0.12983749519586033,0.14,True,True,
confirm_friction_payload,10123,passive,validation,6,rolling_fixed_holdout,0.2,0.18,0.3,0.17440387346315323,0.1419034640421966,0.24881063190352026,0.22171783937129452,0.13702758693425376,0.22181023812113776,0.08114599466014394,0.14,True,True,
confirm_friction_payload,10124,passive,validation,6,rolling_fixed_holdout,0.2,0.18,0.3,0.033959507996910894,0.10417919462439673,0.1600987426468936,0.15655111522012327,0.12285957095527589,0.15711155147015987,0.14157826812624538,0.14,False,True,
confirm_friction_payload,10125,passive,validation,6,rolling_fixed_holdout,0.2,0.18,0.3,0.12433271699136243,0.07662636299635223,0.2420982828394871,0.26171520531294906,0.14937751630584606,0.22701202795329448,0.07966215305383198,0.14,True,True,
confirm_friction_payload,10126,passive,validation,6,rolling_fixed_holdout,0.2,0.18,0.3,0.13332412346838748,0.14240077005164525,0.20352833904098958,0.19652267080553898,0.1052206010349539,0.19193264284081352,0.13737162817916068,0.14,True,True,
confirm_friction_payload,10127,passive,validation,6,rolling_fixed_holdout,0.2,0.18,0.3,0.05176627396849515,0.036261052175428694,0.2330714954574976,0.24239026219147972,0.12378568635758719,0.18203950644145436,0.12816324751476452,0.14,True,True,
confirm_friction_payload,10128,passive,validation,6,rolling_fixed_holdout,0.2,0.18,0.3,0.07340326919801157,0.15881113978405945,0.22709997193413606,0.15917807304908366,0.14904946269011135,0.23010641059373405,0.07793246305028771,0.14,True,True,
confirm_friction_payload,10129,passive,validation,6,rolling_fixed_holdout,0.2,0.18,0.3,0.157853994595046,0.1611028814339355,0.281322984505273,0.19713385799764874,0.1383647580309369,0.25802137155339794,0.0958438921565038,0.14,True,True,
confirm_friction_payload,10130,passive,validation,6,rolling_fixed_holdout,0.2,0.18,0.3,0.13361177302896582,0.10084254434262915,0.24458644859665282,0.21847753189746819,0.09824579455510854,0.1735550101042171,0.08722776158335015,0.14,True,True,
confirm_friction_payload,10131,passive,validation,6,rolling_fixed_holdout,0.2,0.18,0.3,0.1418630903854176,0.13117063669531648,0.24479019809419353,0.2496558338544372,0.14997870436095095,0.23494022473859966,0.10282626865163845,0.14,True,True,
confirm_friction_payload,10132,passive,validation,6,rolling_fixed_holdout,0.2,0.18,0.3,0.1412763356462406,0.16469508958181603,0.22859557320762913,0.17614726954184504,0.15312353578344265,0.22982082188667846,0.11400166202547743,0.14,True,True,
confirm_friction_payload,10133,passive,validation,6,rolling_fixed_holdout,0.2,0.18,0.3,0.07608740109618484,0.07646701819651976,0.2430953856994952,0.1855622407543162,0.09795785035833544,0.17488401626893998,0.13945893726153635,0.14,True,True,
confirm_friction_payload,10134,passive,validation,6,rolling_fixed_holdout,0.2,0.18,0.3,0.07448359172108131,0.1013344580605545,0.18641224625313305,0.15509118955496964,0.12148354543080456,0.17794525853511295,0.1251725198858268,0.14,True,True,
confirm_friction_payload,10135,passive,validation,6,rolling_fixed_holdout,0.2,0.18,0.3,0.02408057355068004,0.08948918979750213,0.15061397084312173,0.14842165587489548,0.09899031073598935,0.14220876114542577,0.0821259524961179,0.14,True,True,
confirm_friction_payload,10136,passive,validation,6,rolling_fixed_holdout,0.2,0.18,0.3,0.14088712358099018,0.13730261550134687,0.20798389842362522,0.17811102192356038,0.1668884092406586,0.28901896215940065,0.10556832265916517,0.13509441202791128,True,True,
confirm_friction_payload,10137,passive,validation,6,rolling_fixed_holdout,0.2,0.18,0.3,0.04359049784947378,0.0782426063948233,0.15978541038296323,0.19439756802195912,0.11684617036469541,0.21436505263751812,0.08569947570012262,0.14,True,True,
confirm_friction_payload,10138,passive,validation,6,rolling_fixed_holdout,0.2,0.18,0.3,0.037920633967550604,0.06750293693728532,0.1743154008825542,0.16460445341450597,0.10493002194041794,0.1689578096602401,0.14841743094680893,0.14,False,True,
confirm_friction_payload,10139,passive,validation,6,rolling_fixed_holdout,0.2,0.18,0.3,0.1365757583237643,0.05234653704680731,0.2017641671163834,0.2110030182086372,0.10606233300796879,0.22792318866611577,0.09928938190813638,0.14,True,True,
confirm_friction_payload,10140,passive,validation,6,rolling_fixed_holdout,0.2,0.18,0.3,0.03259628085064506,0.08828994442012979,0.1912793647736404,0.21815091181087456,0.15449394033791705,0.21123827877902732,0.1418169159545202,0.14,True,True,
confirm_friction_payload,10141,passive,validation,6,rolling_fixed_holdout,0.2,0.18,0.3,0.13264889784015796,0.011519421525116168,0.1895671355483841,0.2036452953868362,0.08583047368309062,0.1777255157943047,0.10209341372435227,0.14,True,True,
confirm_friction_payload,10142,passive,validation,6,rolling_fixed_holdout,0.2,0.18,0.3,0.04716233287348819,0.12137489462182624,0.20557680650430418,0.1373873372554115,0.14621015017318972,0.21606772727023688,0.09230327845545809,0.14,True,True,
confirm_friction_payload,10143,passive,validation,6,rolling_fixed_holdout,0.2,0.18,0.3,0.11602859370844588,0.0812308216913223,0.22533285860837746,0.18048647274041996,0.08956810779467728,0.1771629509383496,0.13361934951836607,0.14,True,True,
confirm_friction_payload,10144,passive,validation,6,rolling_fixed_holdout,0.2,0.18,0.3,0.09089336835660652,0.11408423481543595,0.26203163607601426,0.1773916166749856,0.1168301306512296,0.15749468457723845,0.09775023176245563,0.14,True,True,
confirm_friction_payload,10145,passive,validation,6,rolling_fixed_holdout,0.2,0.18,0.3,0.13488990812226861,0.10250318119413193,0.22327281703234508,0.22311269938456674,0.14382750059147162,0.22017293034444224,0.14112120761000274,0.14,False,True,
confirm_friction_payload,10146,passive,validation,6,rolling_fixed_holdout,0.2,0.18,0.3,0.07138164464021374,0.11310898648547867,0.24296246429567012,0.15703612685891372,0.11773825555737413,0.19801460230144732,0.08267244054377726,0.14,True,True,
confirm_friction_payload,10147,passive,validation,6,rolling_fixed_holdout,0.2,0.18,0.3,0.18478643207691978,0.15722720197565157,0.25019290692920104,0.2065294950351968,0.1073082495434792,0.21567386201993083,0.10286912786738955,0.14,True,True,
confirm_friction_payload,10148,passive,validation,6,rolling_fixed_holdout,0.2,0.18,0.3,0.0348217693496444,0.06775413568722194,0.19283485652716295,0.22146854855568623,0.14401733851507897,0.2096052101505595,0.14053572454185634,0.14,True,True,
confirm_friction_payload,10149,passive,validation,6,rolling_fixed_holdout,0.2,0.18,0.3,0.04788187879927007,0.0722105611463283,0.15272735522761233,0.14474404001193913,0.10377776686298609,0.2232298525166302,0.07804174360941574,0.13879247939217293,True,True,
confirm_friction_payload,10150,passive,validation,6,rolling_fixed_holdout,0.2,0.18,0.3,0.1217519893847499,0.16488231465912412,0.25338984367294204,0.19505685112723276,0.12026414375657754,0.20001920608124235,0.10250874007385245,0.1356116642251496,True,True,
confirm_friction_payload,10151,passive,validation,6,rolling_fixed_holdout,0.2,0.18,0.3,0.044599784294155974,0.08008881398647685,0.1768310524827541,0.13054473153975651,0.08597537568070827,0.15664243934297792,0.11012277326676502,0.14,True,True,
confirm_friction_payload,10152,passive,validation,6,rolling_fixed_holdout,0.2,0.18,0.3,0.1160907298236564,0.10180505554491923,0.2165847967266663,0.176806911247322,0.1107856242987493,0.16315244290735914,0.08069142854239525,0.14,True,True,
confirm_friction_payload,10153,passive,validation,6,rolling_fixed_holdout,0.2,0.18,0.3,0.13569777186083287,0.12096788257798435,0.2712321313228832,0.18140699781518474,0.11124638035933818,0.26753679906646255,0.08942899240903382,0.14,True,True,
confirm_friction_payload,10154,passive,validation,6,rolling_fixed_holdout,0.2,0.18,0.3,0.16484884700141578,0.13990854227127691,0.22054330246538714,0.19471354447045344,0.11854098912576616,0.24561582990631575,0.13014067440983554,0.14,True,True,
confirm_friction_payload,10155,passive,validation,6,rolling_fixed_holdout,0.2,0.18,0.3,0.05097125445237044,0.07243661634395436,0.2245330845819212,0.167329766626819,0.09871782150603226,0.16032403547626584,0.12806098799473725,0.14,True,True,
confirm_friction_payload,10156,passive,validation,6,rolling_fixed_holdout,0.2,0.18,0.3,0.027137339170331624,0.08541757249127373,0.1612422048296832,0.16731422008523306,0.10233500484565407,0.18495805802127407,0.09703493504673513,0.14,True,True,
confirm_friction_payload,10157,passive,validation,6,rolling_fixed_holdout,0.2,0.18,0.3,0.03142823617821988,0.05624272679491234,0.1656267144994762,0.17054350939520713,0.08651283804475574,0.16560154057001186,0.11050420114949544,0.14,True,True,
confirm_friction_payload,10158,passive,validation,6,rolling_fixed_holdout,0.2,0.18,0.3,0.060603367090859256,0.10637726913349876,0.17638564366557308,0.16418538261638346,0.10988840515275178,0.21965609896993088,0.1279077226849646,0.14,True,True,
confirm_friction_payload,10159,passive,validation,6,rolling_fixed_holdout,0.2,0.18,0.3,0.12388646800054622,0.140570539823063,0.18961308568486418,0.17175957169492295,0.15451023064117642,0.22383529985629394,0.08737992628773812,0.14,True,True,
confirm_friction_payload,10160,passive,validation,6,rolling_fixed_holdout,0.2,0.18,0.3,0.07194680119694667,0.08533770002445591,0.2276139956431566,0.17482421430877063,0.11277838165714081,0.1845038152910482,0.08399909677400769,0.14,True,True,
confirm_friction_payload,10161,passive,validation,6,rolling_fixed_holdout,0.2,0.18,0.3,0.0502304927979746,0.09227182233752895,0.15449998922589556,0.1821839964416066,0.12164500416715232,0.2521261809336592,0.08700598177295739,0.14,True,True,
confirm_friction_payload,10162,passive,validation,6,rolling_fixed_holdout,0.2,0.18,0.3,0.15570591301107517,0.11927130689108831,0.23841863773262753,0.22924318328246224,0.10386842493043941,0.24091320233831648,0.07268539125740703,0.14,True,True,
confirm_friction_payload,10163,passive,validation,6,rolling_fixed_holdout,0.2,0.18,0.3,0.13016792521545845,0.09140659472069967,0.22723349146198898,0.21570581776522493,0.12128167680306902,0.18994109233687442,0.10024316130459415,0.14,True,True,
confirm_friction_payload,10164,passive,validation,6,rolling_fixed_holdout,0.2,0.18,0.3,0.17016611681654054,0.17238042264168082,0.24412335270562982,0.18090115943159618,0.15429305883870273,0.26727647913625974,0.0779764469179778,0.14,True,True,
confirm_friction_payload,10165,passive,validation,6,rolling_fixed_holdout,0.2,0.18,0.3,0.1397106666469835,0.123572072011533,0.27428347777422957,0.22199638574477976,0.10872226731591271,0.22317417306450155,0.09521732841825792,0.14,True,True,
confirm_friction_payload,10166,passive,validation,6,rolling_fixed_holdout,0.2,0.18,0.3,0.17414634548925598,0.16507653002412054,0.18279383152302034,0.1909911846897662,0.15605887459082493,0.25423896051216327,0.0855130682516316,0.14,True,True,
confirm_friction_payload,10167,passive,validation,6,rolling_fixed_holdout,0.2,0.18,0.3,0.12658110605811404,0.1654844970958921,0.2558476768647897,0.16486364026104477,0.15130737863149488,0.2402443311937992,0.12233769315982859,0.14,True,True,
confirm_friction_payload,10168,passive,validation,6,rolling_fixed_holdout,0.2,0.18,0.3,0.060154150863725435,0.07488056874950601,0.18752586494711643,0.1507041896755521,0.09943393874483392,0.16457899852889507,0.12102714893679803,0.14,True,True,
confirm_friction_payload,10169,passive,validation,6,rolling_fixed_holdout,0.2,0.18,0.3,0.09375568661548132,0.17125812363534812,0.23943374358978123,0.14251555365262938,0.1596001729355022,0.2438296820390629,0.12277376259976779,0.13600628137377527,True,True,
confirm_friction_payload,10170,passive,validation,6,rolling_fixed_holdout,0.2,0.18,0.3,0.10006508073467134,0.16130104489074168,0.24683374099093683,0.15550478589820343,0.12437839051036025,0.21874567819662785,0.140227632318525,0.14,False,True,
confirm_friction_payload,10171,passive,validation,6,rolling_fixed_holdout,0.2,0.18,0.3,0.11909957056452178,0.17176927452204438,0.18623213313783699,0.1459541084028313,0.12173150145489633,0.2559114362733644,0.12802105608356168,0.13435273571828163,True,True,
confirm_friction_payload,10172,passive,validation,6,rolling_fixed_holdout,0.2,0.18,0.3,0.11746279154618162,0.1604758359383329,0.21328983089339712,0.1767120690745358,0.13900360976038498,0.21707245465115824,0.08194087321800392,0.14,True,True,
confirm_friction_payload,10101,passive,adaptation,7,stopped_after_recovery,0.0,0.0,0.0,0.0021807553735035978,0.0036863650814998625,0.08911016460191015,nan,nan,nan,nan,0.14,False,True,
confirm_friction_payload,10102,passive,adaptation,7,stopped_after_recovery,0.0,0.0,0.0,0.0029364528644994017,0.004828989616117888,0.040326101698523166,nan,nan,nan,nan,0.1328210869158238,False,True,
confirm_friction_payload,10103,passive,adaptation,7,stopped_after_recovery,0.0,0.0,0.0,-0.010590394464771504,0.012804104518692303,0.07116477744303672,nan,nan,nan,nan,0.14,False,True,
confirm_friction_payload,10104,passive,adaptation,7,stopped_after_recovery,0.0,0.0,0.0,0.011991973440073979,0.008594623463475259,0.056430476813644256,nan,nan,nan,nan,0.14,False,True,
confirm_friction_payload,10105,passive,adaptation,7,stopped_after_recovery,0.0,0.0,0.0,0.007154172841064843,0.007249816261491175,0.07813537928527706,nan,nan,nan,nan,0.14,False,True,
confirm_friction_payload,10106,passive,adaptation,7,fixed,0.05,0.22,-0.55,-0.027901697141441816,-0.037667516877193684,-0.18942988647186695,nan,nan,nan,nan,0.14,False,True,
confirm_friction_payload,10107,passive,adaptation,7,stopped_after_recovery,0.0,0.0,0.0,0.00899977052613983,0.008778811154964934,0.07501322346215643,nan,nan,nan,nan,0.14,False,True,
confirm_friction_payload,10108,passive,adaptation,7,stopped_after_recovery,0.0,0.0,0.0,0.00854180061254885,0.019513010034493922,0.07045964501046695,nan,nan,nan,nan,0.14,False,True,
confirm_friction_payload,10109,passive,adaptation,7,stopped_after_recovery,0.0,0.0,0.0,-0.00946236877719766,-0.007759129725526668,0.05969727793534003,nan,nan,nan,nan,0.13874413128194593,False,True,
confirm_friction_payload,10110,passive,adaptation,7,stopped_after_recovery,0.0,0.0,0.0,-0.0027472360906160604,-0.001582483767165242,0.09709612174378295,nan,nan,nan,nan,0.14,False,True,
confirm_friction_payload,10111,passive,adaptation,7,stopped_after_recovery,0.0,0.0,0.0,0.004025302653840918,0.003686873961260378,0.023628315227769585,nan,nan,nan,nan,0.14,False,True,
confirm_friction_payload,10112,passive,adaptation,7,stopped_after_recovery,0.0,0.0,0.0,0.00777089143346347,0.01035547848498496,0.039898791075948604,nan,nan,nan,nan,0.14,False,True,
confirm_friction_payload,10113,passive,adaptation,7,stopped_after_recovery,0.0,0.0,0.0,0.008257318668421752,0.00047602448283440914,0.04887518493279042,nan,nan,nan,nan,0.13741472515514244,False,True,
confirm_friction_payload,10114,passive,adaptation,7,stopped_after_recovery,0.0,0.0,0.0,0.012676755029314542,0.009799862787284492,0.07184328750759134,nan,nan,nan,nan,0.14,False,True,
confirm_friction_payload,10115,passive,adaptation,7,stopped_after_recovery,0.0,0.0,0.0,0.004623684947665896,0.011799572987285383,0.05746408780609867,nan,nan,nan,nan,0.14,False,True,
confirm_friction_payload,10116,passive,adaptation,7,fixed,0.05,0.22,-0.55,-0.009166949237977937,-0.027784490395269444,-0.1677564334207897,nan,nan,nan,nan,0.14,False,True,
confirm_friction_payload,10117,passive,adaptation,7,stopped_after_recovery,0.0,0.0,0.0,0.01651890584074702,0.0016485720011109653,0.03369460784891222,nan,nan,nan,nan,0.14,False,True,
confirm_friction_payload,10118,passive,adaptation,7,fixed,0.05,0.22,-0.55,-0.020170569087184075,-0.033000432552615276,-0.15320157361704378,nan,nan,nan,nan,0.14,False,True,
confirm_friction_payload,10119,passive,adaptation,7,stopped_after_recovery,0.0,0.0,0.0,-0.007968746289365718,0.01471724791087015,0.06982497858522982,nan,nan,nan,nan,0.13149388015904118,False,True,
confirm_friction_payload,10120,passive,adaptation,7,stopped_after_recovery,0.0,0.0,0.0,0.015348352890653397,0.010906888634576185,0.04904767051657201,nan,nan,nan,nan,0.14,False,True,
confirm_friction_payload,10121,passive,adaptation,7,stopped_after_recovery,0.0,0.0,0.0,-0.00455584942863772,0.0016927899104523913,0.05471724858616426,nan,nan,nan,nan,0.14,False,True,
confirm_friction_payload,10122,passive,adaptation,7,stopped_after_recovery,0.0,0.0,0.0,-5.125977681095207e-05,0.007231166322144317,0.04340786814004804,nan,nan,nan,nan,0.14,False,True,
confirm_friction_payload,10123,passive,adaptation,7,stopped_after_recovery,0.0,0.0,0.0,0.013022644520907237,0.009833054670124308,0.06914359488560419,nan,nan,nan,nan,0.14,False,True,
confirm_friction_payload,10124,passive,adaptation,7,fixed,0.05,0.22,-0.55,-0.014437201609778872,-0.02319681714537109,-0.15469542016349258,nan,nan,nan,nan,0.14,False,True,
confirm_friction_payload,10125,passive,adaptation,7,stopped_after_recovery,0.0,0.0,0.0,0.012014311679912465,0.010108297350664949,0.04852287032737494,nan,nan,nan,nan,0.14,False,True,
confirm_friction_payload,10126,passive,adaptation,7,stopped_after_recovery,0.0,0.0,0.0,0.012078234871554377,2.6762795796259723e-05,0.009240877000893091,nan,nan,nan,nan,0.14,False,True,
confirm_friction_payload,10127,passive,adaptation,7,stopped_after_recovery,0.0,0.0,0.0,-0.027283185086949796,-0.018279735501338962,0.05152707540235235,nan,nan,nan,nan,0.14,False,True,
confirm_friction_payload,10128,passive,adaptation,7,stopped_after_recovery,0.0,0.0,0.0,-0.001555090236351329,0.007149206737430393,0.034438764896992935,nan,nan,nan,nan,0.14,False,True,
confirm_friction_payload,10129,passive,adaptation,7,stopped_after_recovery,0.0,0.0,0.0,-0.005839996215505241,0.0070952892220811775,0.06159293576278936,nan,nan,nan,nan,0.14,False,True,
confirm_friction_payload,10130,passive,adaptation,7,stopped_after_recovery,0.0,0.0,0.0,0.01578132363251086,0.010702417079002997,0.07313805291140649,nan,nan,nan,nan,0.14,False,True,
confirm_friction_payload,10131,passive,adaptation,7,stopped_after_recovery,0.0,0.0,0.0,0.002463593303312128,0.006607793088673325,0.0391716367736867,nan,nan,nan,nan,0.14,False,True,
confirm_friction_payload,10132,passive,adaptation,7,stopped_after_recovery,0.0,0.0,0.0,0.004405352764013511,0.008261122596100887,0.044830968355414946,nan,nan,nan,nan,0.14,False,True,
confirm_friction_payload,10133,passive,adaptation,7,stopped_after_recovery,0.0,0.0,0.0,0.010560260302297729,0.008783602851848708,0.07783627608997173,nan,nan,nan,nan,0.14,False,True,
confirm_friction_payload,10134,passive,adaptation,7,stopped_after_recovery,0.0,0.0,0.0,0.0036382045567720013,0.008195823674710922,0.04179939617601186,nan,nan,nan,nan,0.14,False,True,
confirm_friction_payload,10135,passive,adaptation,7,stopped_after_recovery,0.0,0.0,0.0,0.004405589859803396,0.01206045240654467,0.05979337834660365,nan,nan,nan,nan,0.14,False,True,
confirm_friction_payload,10136,passive,adaptation,7,stopped_after_recovery,0.0,0.0,0.0,0.014144946650468747,0.009926728148228394,0.06378148353200978,nan,nan,nan,nan,0.13509441202791128,False,True,
confirm_friction_payload,10137,passive,adaptation,7,stopped_after_recovery,0.0,0.0,0.0,0.004298777374153164,0.00612883060259552,0.031558064476770696,nan,nan,nan,nan,0.14,False,True,
confirm_friction_payload,10138,passive,adaptation,7,fixed,0.05,0.22,-0.55,-0.037929040749011746,-0.030162526802939096,-0.12426961461538401,nan,nan,nan,nan,0.14,False,True,
confirm_friction_payload,10139,passive,adaptation,7,stopped_after_recovery,0.0,0.0,0.0,0.012327262608765805,0.009170211492637822,0.05238898282086142,nan,nan,nan,nan,0.14,False,True,
confirm_friction_payload,10140,passive,adaptation,7,stopped_after_recovery,0.0,0.0,0.0,0.007071627871383454,0.007490498996565735,0.08050853980848231,nan,nan,nan,nan,0.14,False,True,
confirm_friction_payload,10141,passive,adaptation,7,stopped_after_recovery,0.0,0.0,0.0,0.007118592930673826,0.006607894990772362,0.02902272910052771,nan,nan,nan,nan,0.14,False,True,
confirm_friction_payload,10142,passive,adaptation,7,stopped_after_recovery,0.0,0.0,0.0,0.00769307081983663,0.005562275354694243,0.006769784453715891,nan,nan,nan,nan,0.14,False,True,
confirm_friction_payload,10143,passive,adaptation,7,stopped_after_recovery,0.0,0.0,0.0,0.0024151480056103197,-0.003407418575199102,0.0761750038858427,nan,nan,nan,nan,0.14,False,True,
confirm_friction_payload,10144,passive,adaptation,7,stopped_after_recovery,0.0,0.0,0.0,0.002379949842758195,0.006410574368488353,0.032026674563227255,nan,nan,nan,nan,0.14,False,True,
confirm_friction_payload,10145,passive,adaptation,7,fixed,0.05,0.22,-0.55,-0.0456472318738608,-0.0313957525208553,-0.12364906460918546,nan,nan,nan,nan,0.14,False,True,
confirm_friction_payload,10146,passive,adaptation,7,stopped_after_recovery,0.0,0.0,0.0,0.002624285925788963,0.004072521948102475,0.051872600352921065,nan,nan,nan,nan,0.14,False,True,
confirm_friction_payload,10147,passive,adaptation,7,stopped_after_recovery,0.0,0.0,0.0,-0.0017678864702909325,0.006583498873352683,0.04922328770484887,nan,nan,nan,nan,0.14,False,True,
confirm_friction_payload,10148,passive,adaptation,7,stopped_after_recovery,0.0,0.0,0.0,0.006643540556432803,0.006353368203518851,0.07749503599891606,nan,nan,nan,nan,0.14,False,True,
confirm_friction_payload,10149,passive,adaptation,7,stopped_after_recovery,0.0,0.0,0.0,0.01137888811599078,0.00924763113325252,0.0498438473784301,nan,nan,nan,nan,0.13879247939217293,False,True,
confirm_friction_payload,10150,passive,adaptation,7,stopped_after_recovery,0.0,0.0,0.0,-0.003416914694753674,0.002615861091875996,0.054888019335433046,nan,nan,nan,nan,0.1356116642251496,False,True,
confirm_friction_payload,10151,passive,adaptation,7,stopped_after_recovery,0.0,0.0,0.0,-0.00722278877305476,0.0129742327241286,0.07124931934280512,nan,nan,nan,nan,0.14,False,True,
confirm_friction_payload,10152,passive,adaptation,7,stopped_after_recovery,0.0,0.0,0.0,0.0007470210624673166,0.017100243557148627,0.07154071809657449,nan,nan,nan,nan,0.14,False,True,
confirm_friction_payload,10153,passive,adaptation,7,stopped_after_recovery,0.0,0.0,0.0,-0.021547829538575525,-0.020605444263281675,0.07588564353198515,nan,nan,nan,nan,0.14,False,True,
confirm_friction_payload,10154,passive,adaptation,7,stopped_after_recovery,0.0,0.0,0.0,0.0007003004088612574,0.0067030067028526884,0.039213708313849044,nan,nan,nan,nan,0.14,False,True,
confirm_friction_payload,10155,passive,adaptation,7,stopped_after_recovery,0.0,0.0,0.0,0.013140960084196704,0.010742647152161347,0.04884607312749636,nan,nan,nan,nan,0.14,False,True,
confirm_friction_payload,10156,passive,adaptation,7,stopped_after_recovery,0.0,0.0,0.0,0.0037759330605055368,0.00612954964471323,0.029812266303328627,nan,nan,nan,nan,0.14,False,True,
confirm_friction_payload,10157,passive,adaptation,7,stopped_after_recovery,0.0,0.0,0.0,0.005441465404127763,0.0017910613667910628,0.01346330479134538,nan,nan,nan,nan,0.14,False,True,
confirm_friction_payload,10158,passive,adaptation,7,stopped_after_recovery,0.0,0.0,0.0,2.2575510244760706e-06,0.006345455842689152,0.04540799991506592,nan,nan,nan,nan,0.14,False,True,
confirm_friction_payload,10159,passive,adaptation,7,stopped_after_recovery,0.0,0.0,0.0,0.0039109219878819485,0.005778085478264554,0.028057623218459917,nan,nan,nan,nan,0.14,False,True,
confirm_friction_payload,10160,passive,adaptation,7,stopped_after_recovery,0.0,0.0,0.0,0.002648270815092575,0.013494774675757236,0.06640103582670294,nan,nan,nan,nan,0.14,False,True,
confirm_friction_payload,10161,passive,adaptation,7,stopped_after_recovery,0.0,0.0,0.0,0.005092066748768151,0.014553169481730428,0.06041671921513598,nan,nan,nan,nan,0.14,False,True,
confirm_friction_payload,10162,passive,adaptation,7,stopped_after_recovery,0.0,0.0,0.0,0.010050867910934663,0.0060116604983187945,0.0720811803171958,nan,nan,nan,nan,0.14,False,True,
confirm_friction_payload,10163,passive,adaptation,7,stopped_after_recovery,0.0,0.0,0.0,0.0012275140377978498,0.004956361146431346,0.04955150916075438,nan,nan,nan,nan,0.14,False,True,
confirm_friction_payload,10164,passive,adaptation,7,stopped_after_recovery,0.0,0.0,0.0,0.009536521103830044,0.0100998895654093,0.0698841812113049,nan,nan,nan,nan,0.14,False,True,
confirm_friction_payload,10165,passive,adaptation,7,stopped_after_recovery,0.0,0.0,0.0,-0.005347436083170959,-0.012853302848402996,0.09369848086128012,nan,nan,nan,nan,0.14,False,True,
confirm_friction_payload,10166,passive,adaptation,7,stopped_after_recovery,0.0,0.0,0.0,0.011606919710743626,0.01350908551344503,0.05676146480259145,nan,nan,nan,nan,0.14,False,True,
confirm_friction_payload,10167,passive,adaptation,7,stopped_after_recovery,0.0,0.0,0.0,-0.001315339669874314,0.006298393644809474,0.045533359069788365,nan,nan,nan,nan,0.14,False,True,
confirm_friction_payload,10168,passive,adaptation,7,stopped_after_recovery,0.0,0.0,0.0,0.005846398272603607,0.00871904619595712,0.04372475200571972,nan,nan,nan,nan,0.14,False,True,
confirm_friction_payload,10169,passive,adaptation,7,stopped_after_recovery,0.0,0.0,0.0,-0.0006507726382989466,0.007465601777550579,0.05113654587996206,nan,nan,nan,nan,0.13600628137377527,False,True,
confirm_friction_payload,10170,passive,adaptation,7,fixed,0.05,0.22,-0.55,-0.014020787188273336,-0.025659299825813126,-0.1361545490943549,nan,nan,nan,nan,0.14,False,True,
confirm_friction_payload,10171,passive,adaptation,7,stopped_after_recovery,0.0,0.0,0.0,0.003938740886498388,0.008860183896179626,0.055190468719324044,nan,nan,nan,nan,0.13435273571828163,False,True,
confirm_friction_payload,10172,passive,adaptation,7,stopped_after_recovery,0.0,0.0,0.0,-0.0009757878067775141,0.00810909183898639,0.047381954716949885,nan,nan,nan,nan,0.14,False,True,
confirm_friction_payload,10101,passive,validation,7,rolling_fixed_holdout,0.35,0.0,-0.5,0.3269349936930057,-0.06433154033814245,-0.3019779132687381,0.2683445249433263,-0.017210531077666062,-0.40205212213277275,0.08442650949078533,0.14,True,True,
confirm_friction_payload,10102,passive,validation,7,rolling_fixed_holdout,0.35,0.0,-0.5,0.055375001469833644,-0.01959995844539676,-0.0027730048986939625,0.21591032312256384,0.03210899942249293,-0.3275074679132392,0.10203184520873021,0.1328210869158238,True,False,BASE_HEIGHT_LIMIT
confirm_friction_payload,10103,passive,validation,7,rolling_fixed_holdout,0.35,0.0,-0.5,0.08881642310622198,-0.01752424436795098,-0.14322006253448458,0.2879729567429002,-0.04010565712359733,-0.45560866432863756,0.10744016136139181,0.14,True,False,BASE_HEIGHT_LIMIT
confirm_friction_payload,10104,passive,validation,7,rolling_fixed_holdout,0.35,0.0,-0.5,0.07024196496796299,-0.04182644925235891,-0.14144905868269264,0.20281070172790241,-0.039731637406233825,-0.3718500917102001,0.08399658900413895,0.14,True,False,BASE_HEIGHT_LIMIT
confirm_friction_payload,10105,passive,validation,7,rolling_fixed_holdout,0.35,0.0,-0.5,0.19963730355656537,-0.047039934169594844,-0.3508968936523171,0.24606863330197767,0.04083946412557465,-0.37765542316389966,0.07070010056174791,0.14,True,True,
confirm_friction_payload,10106,passive,validation,7,rolling_fixed_holdout,0.35,0.0,-0.5,0.2681474048781015,0.02698277620342301,-0.3457681961422977,0.23074652850725075,0.013556056444738172,-0.256337059820376,0.077775500127373,0.14,True,True,
confirm_friction_payload,10107,passive,validation,7,rolling_fixed_holdout,0.35,0.0,-0.5,0.23496061499966062,-0.006103121404355327,-0.22436063832544242,0.24105860564902606,0.012896639610641105,-0.34657185847646094,0.0810964582715213,0.14,True,True,
confirm_friction_payload,10108,passive,validation,7,rolling_fixed_holdout,0.35,0.0,-0.5,0.3053791503585852,0.034046563356056415,-0.28436958673421625,0.2751259657847427,-0.002087259444712428,-0.36794287697479944,0.06829639928792974,0.14,True,True,
confirm_friction_payload,10109,passive,validation,7,rolling_fixed_holdout,0.35,0.0,-0.5,0.23050970179761573,-0.035500321286110206,-0.3194701682653005,0.26031597177895743,-0.04144951984920875,-0.4113207227001923,0.09332588341397106,0.13874413128194593,True,True,
confirm_friction_payload,10110,passive,validation,7,rolling_fixed_holdout,0.35,0.0,-0.5,0.31156837419185973,-0.05653898718572084,-0.2889906708879668,0.2754828075115494,-0.0002670418352270066,-0.4082431289378063,0.09503325738591067,0.14,True,True,
confirm_friction_payload,10111,passive,validation,7,rolling_fixed_holdout,0.35,0.0,-0.5,0.13679999307077462,-0.029261510348180784,-0.27935910748365383,0.1883746145432876,0.025192462950732995,-0.3303467141082613,0.08139849041306225,0.14,True,True,
confirm_friction_payload,10112,passive,validation,7,rolling_fixed_holdout,0.35,0.0,-0.5,0.03994108492247172,-0.001682052246779942,-0.0013727422655808728,0.25764836350047776,-0.0657350194387567,-0.4031559705559011,0.10901770852615553,0.14,True,False,BASE_HEIGHT_LIMIT
confirm_friction_payload,10113,passive,validation,7,rolling_fixed_holdout,0.35,0.0,-0.5,0.07314944162517109,-0.02389550811642841,-0.16276476801769618,0.26996028922886384,0.08460652138216278,-0.3130064897423766,0.12880104623847505,0.13741472515514244,True,False,BASE_HEIGHT_LIMIT
confirm_friction_payload,10114,passive,validation,7,rolling_fixed_holdout,0.35,0.0,-0.5,0.2826901143139874,0.0053392699763134335,-0.27991651945120155,0.2634755790735186,-0.05095549368672557,-0.3775962297983893,0.06956534128923977,0.14,True,True,
confirm_friction_payload,10115,passive,validation,7,rolling_fixed_holdout,0.35,0.0,-0.5,0.25161964026435274,-0.051193585612349685,-0.35942644952569897,0.23336884572100264,-0.06395369025279214,-0.4235990819691415,0.08419089994732036,0.14,True,True,
confirm_friction_payload,10116,passive,validation,7,rolling_fixed_holdout,0.35,0.0,-0.5,0.313589255269745,-0.019972449146250446,-0.2986714321485085,0.24642587001719216,-0.022050231188190068,-0.31228236843707174,0.0973914546870013,0.14,True,True,
confirm_friction_payload,10117,passive,validation,7,rolling_fixed_holdout,0.35,0.0,-0.5,0.20887861774731908,0.022051485514314878,-0.3572151741896379,0.2119183744300412,0.0545947291143683,-0.3037986441861727,0.07856807685406089,0.14,True,True,
confirm_friction_payload,10118,passive,validation,7,rolling_fixed_holdout,0.35,0.0,-0.5,0.29073206420048925,-0.015302483053918136,-0.24189384299289443,0.27421611748338187,-0.031046316046422794,-0.3623397774880342,0.10689793771136423,0.14,True,True,
confirm_friction_payload,10119,passive,validation,7,rolling_fixed_holdout,0.35,0.0,-0.5,0.06267468892691755,-0.0065881075173575806,-0.12460380280753743,0.23768852435637364,-0.01916170747201644,-0.3673984982895872,0.11682132007189142,0.13149388015904118,True,False,BASE_HEIGHT_LIMIT
confirm_friction_payload,10120,passive,validation,7,rolling_fixed_holdout,0.35,0.0,-0.5,0.07503983472315556,0.012128893391026116,-0.09627106081960939,0.22423771890231184,0.002974708094677407,-0.3470702833286992,0.12739030912783264,0.14,True,False,BASE_HEIGHT_LIMIT
confirm_friction_payload,10121,passive,validation,7,rolling_fixed_holdout,0.35,0.0,-0.5,0.20165581784496314,-0.02635295790188984,-0.2818134943364732,0.24999292471384327,0.03955030325151089,-0.3447021338721718,0.07709294984980182,0.14,True,True,
confirm_friction_payload,10122,passive,validation,7,rolling_fixed_holdout,0.35,0.0,-0.5,0.08741263457458133,-0.02526604159013503,0.013505314890627724,0.21064912101129607,-0.006166008555674503,-0.3716835780984938,0.12983749519586033,0.14,True,False,BASE_HEIGHT_LIMIT
confirm_friction_payload,10123,passive,validation,7,rolling_fixed_holdout,0.35,0.0,-0.5,0.15614106283220974,-0.04941305731340988,-0.25125982500943567,0.1993773812455154,-0.04214122958332661,-0.34194555603908094,0.06857258807685096,0.14,True,True,
confirm_friction_payload,10124,passive,validation,7,rolling_fixed_holdout,0.35,0.0,-0.5,0.04988998646717245,0.010270073726195348,-0.0029922932650547304,0.20052754817555465,-0.02319394693749441,-0.2917259944614214,0.14157826812624538,0.14,False,False,BASE_HEIGHT_LIMIT
confirm_friction_payload,10125,passive,validation,7,rolling_fixed_holdout,0.35,0.0,-0.5,0.23943012816128761,-0.03702868975023629,-0.28037660208487003,0.23150090705634718,-0.023260909656311748,-0.34512242238628477,0.07342094718088113,0.14,True,True,
confirm_friction_payload,10126,passive,validation,7,rolling_fixed_holdout,0.35,0.0,-0.5,0.26141395923224103,-0.0408014806745646,-0.29757648612845666,0.27497243692696843,0.05158371512489694,-0.32111758112431227,0.08607782291843395,0.14,True,True,
confirm_friction_payload,10127,passive,validation,7,rolling_fixed_holdout,0.35,0.0,-0.5,0.07365500841594964,-0.02665261380923502,-0.2123242309823466,0.2289866534698523,0.07436193277142036,-0.3213693987957128,0.12873140513659515,0.14,True,True,
confirm_friction_payload,10128,passive,validation,7,rolling_fixed_holdout,0.35,0.0,-0.5,0.06965660512718681,0.007026745223485803,-0.010637233183181575,0.2308776828927011,0.005929716673854181,-0.3928917198511632,0.07793246305028771,0.14,True,False,BASE_HEIGHT_LIMIT
confirm_friction_payload,10129,passive,validation,7,rolling_fixed_holdout,0.35,0.0,-0.5,0.18921023324016184,-0.06466914277727755,-0.26874076678083053,0.2180467865249408,-0.03195235876537105,-0.3627775849042017,0.0864165952339704,0.14,True,True,
confirm_friction_payload,10130,passive,validation,7,rolling_fixed_holdout,0.35,0.0,-0.5,0.3089344597379733,0.048184297220672745,-0.23970889782341906,0.20752713268602066,-0.014174879235299302,-0.31652483286144284,0.081625541687307,0.14,True,True,
confirm_friction_payload,10131,passive,validation,7,rolling_fixed_holdout,0.35,0.0,-0.5,0.1987526033785663,-0.05223682040182106,-0.2543465766329688,0.23238167044896965,-0.010765020809776527,-0.3726058034989712,0.09365119523966162,0.14,True,True,
confirm_friction_payload,10132,passive,validation,7,rolling_fixed_holdout,0.35,0.0,-0.5,0.2736594229871945,-0.056667697872263216,-0.2796326298559207,0.23803935472865165,-0.06198522916257577,-0.36628619523503364,0.07273588592657582,0.14,True,True,
confirm_friction_payload,10133,passive,validation,7,rolling_fixed_holdout,0.35,0.0,-0.5,0.25786415785646705,0.030939211796368066,-0.27168654385585445,0.2463781857616102,0.0059341813611660695,-0.2782340631711919,0.07365158193461845,0.14,True,True,
confirm_friction_payload,10134,passive,validation,7,rolling_fixed_holdout,0.35,0.0,-0.5,0.3092953463205152,0.03845238427661098,-0.38234776847901547,0.2533742734551227,-0.01910222693258563,-0.3635094103436397,0.07563143685169078,0.14,True,True,
confirm_friction_payload,10135,passive,validation,7,rolling_fixed_holdout,0.35,0.0,-0.5,0.3098243018067092,0.07143979957701121,-0.30849727692678475,0.22500510542771965,0.007634520469686857,-0.3612528572105705,0.0799774446160901,0.14,True,True,
confirm_friction_payload,10136,passive,validation,7,rolling_fixed_holdout,0.35,0.0,-0.5,0.2663843647988545,-0.05839879500311581,-0.34275343791591156,0.2639226519720618,-0.07341017320311602,-0.38354104232240716,0.05174057485349777,0.13509441202791128,True,True,
confirm_friction_payload,10137,passive,validation,7,rolling_fixed_holdout,0.35,0.0,-0.5,0.1601246915312865,-0.10094485999611856,-0.29487713822339917,0.19249748816206058,-0.04502155298941997,-0.38656518068861967,0.0836747969932492,0.14,True,True,
confirm_friction_payload,10138,passive,validation,7,rolling_fixed_holdout,0.35,0.0,-0.5,0.2193548338365216,-0.02219968525805173,-0.27311733401057264,0.24860375102033036,-0.054452283256800814,-0.3066009826595591,0.14841743094680893,0.14,False,False,BASE_HEIGHT_LIMIT
confirm_friction_payload,10139,passive,validation,7,rolling_fixed_holdout,0.35,0.0,-0.5,0.19261020690381403,-0.03282061216110846,-0.32154704641588505,0.26085764511422477,0.019776347397147072,-0.34534126792446607,0.0890523563598093,0.14,True,True,
confirm_friction_payload,10140,passive,validation,7,rolling_fixed_holdout,0.35,0.0,-0.5,0.31118110862650944,-0.0007878610941057549,-0.261207816146251,0.27090757037792607,-0.008324838597164368,-0.3453491709344385,0.08667406510195781,0.14,True,True,
confirm_friction_payload,10141,passive,validation,7,rolling_fixed_holdout,0.35,0.0,-0.5,0.02801026909857938,-0.0054081443435421974,-0.2107382823456354,0.23898845060497625,0.01943575690804367,-0.36271560096004435,0.10938259717094456,0.14,True,True,
confirm_friction_payload,10142,passive,validation,7,rolling_fixed_holdout,0.35,0.0,-0.5,0.2922565212355289,-0.06593825962736743,-0.31694701663994923,0.22926429799030762,-0.06370910803153222,-0.38592311581454675,0.09258812331397942,0.14,True,True,
confirm_friction_payload,10143,passive,validation,7,rolling_fixed_holdout,0.35,0.0,-0.5,0.24272144732978063,-0.04935814110954548,-0.3186305579622716,0.22298075149584956,-0.006004799742628521,-0.35176055519737087,0.06257207892617496,0.14,True,True,
confirm_friction_payload,10144,passive,validation,7,rolling_fixed_holdout,0.35,0.0,-0.5,0.06729686036329047,-0.022806563478715017,0.015551704133324344,0.16847750202078288,0.01733321473911374,-0.31215605813377373,0.09775023176245563,0.14,True,False,BASE_HEIGHT_LIMIT
confirm_friction_payload,10145,passive,validation,7,rolling_fixed_holdout,0.35,0.0,-0.5,0.06231571018772398,-0.02267355535899334,-0.13381348158639722,0.3058203307704615,-0.041056748759009686,-0.33469408839305337,0.14112120761000274,0.14,False,False,BASE_HEIGHT_LIMIT
confirm_friction_payload,10146,passive,validation,7,rolling_fixed_holdout,0.35,0.0,-0.5,0.303880378532564,-0.0011366725731920802,-0.2792049120484861,0.2284170277306103,-0.046520661698449164,-0.3820670076977271,0.08295626974935773,0.14,True,True,
confirm_friction_payload,10147,passive,validation,7,rolling_fixed_holdout,0.35,0.0,-0.5,0.08700254417962049,-0.021432613714520873,-0.21445090869184125,0.18236048611017067,0.06568858024989298,-0.28513278343596793,0.08172559895268965,0.14,True,True,
confirm_friction_payload,10148,passive,validation,7,rolling_fixed_holdout,0.35,0.0,-0.5,0.237617667818714,0.009506228110428545,-0.2680808060277342,0.29142322821637506,-0.03776130120165597,-0.358504883547646,0.08926849624854741,0.14,True,True,
confirm_friction_payload,10149,passive,validation,7,rolling_fixed_holdout,0.35,0.0,-0.5,0.33287514319639167,-0.0825595034406636,-0.3714330445498228,0.2608765242101076,-0.06147516504506574,-0.4213740986139099,0.08190104727768745,0.13879247939217293,True,True,
confirm_friction_payload,10150,passive,validation,7,rolling_fixed_holdout,0.35,0.0,-0.5,0.06611220668761741,-0.023467264019556667,-0.23147654310464683,0.23530811232157445,0.09167712188307896,-0.33909195404419884,0.10250874007385245,0.1356116642251496,True,False,BASE_HEIGHT_LIMIT
confirm_friction_payload,10151,passive,validation,7,rolling_fixed_holdout,0.35,0.0,-0.5,0.29154404309140364,0.07343570282336348,-0.3377297756367473,0.21428847083545474,-0.016835389028560424,-0.4129549330192923,0.10096898185943996,0.14,True,True,
confirm_friction_payload,10152,passive,validation,7,rolling_fixed_holdout,0.35,0.0,-0.5,0.2598603115550692,0.057695169444073005,-0.26844201312405863,0.1961374879432151,0.00011114691463870423,-0.3320046550710811,0.06904894861414511,0.14,True,True,
confirm_friction_payload,10153,passive,validation,7,rolling_fixed_holdout,0.35,0.0,-0.5,0.1000629444878655,-0.04659744306346403,-0.153855954812252,0.24710575855499858,-0.041450219847213386,-0.3935842035680169,0.08942899240903382,0.14,True,False,BASE_HEIGHT_LIMIT
confirm_friction_payload,10154,passive,validation,7,rolling_fixed_holdout,0.35,0.0,-0.5,0.0768491397725144,-0.02145433541417307,-0.18179935577715656,0.2435207714289736,0.011520325498000314,-0.3375867500917083,0.13014067440983554,0.14,True,False,BASE_HEIGHT_LIMIT
confirm_friction_payload,10155,passive,validation,7,rolling_fixed_holdout,0.35,0.0,-0.5,0.2863563176852647,0.04185519789210066,-0.34890218263763945,0.2818145832465442,-0.008627596825875609,-0.357253022613238,0.08144847854311332,0.14,True,True,
confirm_friction_payload,10156,passive,validation,7,rolling_fixed_holdout,0.35,0.0,-0.5,0.30385776831260103,-0.03858214904103511,-0.2934689375483444,0.1898839452803796,-0.021734294632099537,-0.3479131806796797,0.0926237585434611,0.14,True,True,
confirm_friction_payload,10157,passive,validation,7,rolling_fixed_holdout,0.35,0.0,-0.5,0.0655232891557384,-0.008928766575271965,-0.1423696898789702,0.20116489112076202,0.0034961701967686845,-0.3145136301616167,0.11050420114949544,0.14,True,False,BASE_HEIGHT_LIMIT
confirm_friction_payload,10158,passive,validation,7,rolling_fixed_holdout,0.35,0.0,-0.5,0.07101689614062867,-0.01508526922274129,-0.16976873868839523,0.20830629564142233,-0.026176687511149536,-0.3774099650460059,0.1279077226849646,0.14,True,False,BASE_HEIGHT_LIMIT
confirm_friction_payload,10159,passive,validation,7,rolling_fixed_holdout,0.35,0.0,-0.5,0.2528037149783419,-0.08070138048803156,-0.3229977573073701,0.19612658405544983,-0.06752390662291437,-0.38469975030487785,0.08397261718655341,0.14,True,True,
confirm_friction_payload,10160,passive,validation,7,rolling_fixed_holdout,0.35,0.0,-0.5,0.2991187737663606,0.07982507371948348,-0.26443420619598823,0.2557960488173076,0.006738470286167406,-0.3324214201217957,0.07434852476142334,0.14,True,True,
confirm_friction_payload,10161,passive,validation,7,rolling_fixed_holdout,0.35,0.0,-0.5,0.03504757373945871,-0.02244750901387969,-0.012860736002397177,0.21309492570775057,-0.03254765008960156,-0.39224818654680044,0.08700598177295739,0.14,True,False,BASE_HEIGHT_LIMIT
confirm_friction_payload,10162,passive,validation,7,rolling_fixed_holdout,0.35,0.0,-0.5,0.22193001553685693,-0.05430946878283943,-0.2962905000288924,0.221237168068316,-0.02249252477425237,-0.34504693188478114,0.05553511817517752,0.14,True,True,
confirm_friction_payload,10163,passive,validation,7,rolling_fixed_holdout,0.35,0.0,-0.5,0.0928904534388047,-0.022139192216181026,-0.2200204124238032,0.1663163763249902,0.04317826919461011,-0.27331190645848424,0.07722116232244468,0.14,True,True,
confirm_friction_payload,10164,passive,validation,7,rolling_fixed_holdout,0.35,0.0,-0.5,0.24029981924420618,-0.06372445190183132,-0.339367657804081,0.26275404010735776,-0.011555347062768074,-0.3862834468545367,0.07728130107647588,0.14,True,True,
confirm_friction_payload,10165,passive,validation,7,rolling_fixed_holdout,0.35,0.0,-0.5,0.15392647517680463,-0.0685180930273175,-0.2492949278307893,0.18153705501379386,-0.01693894426751624,-0.326381833436669,0.08191798133557975,0.14,True,True,
confirm_friction_payload,10166,passive,validation,7,rolling_fixed_holdout,0.35,0.0,-0.5,0.22463851225702908,0.021046317915242113,-0.34830372289173156,0.28339530504888777,0.026953156022202374,-0.3681148154742591,0.07326933485506923,0.14,True,True,
confirm_friction_payload,10167,passive,validation,7,rolling_fixed_holdout,0.35,0.0,-0.5,0.23247169142864038,-0.05596354992563071,-0.3364802334469809,0.2413519337446372,-0.00936090173012153,-0.3613766757870092,0.07645064448564984,0.14,True,True,
confirm_friction_payload,10168,passive,validation,7,rolling_fixed_holdout,0.35,0.0,-0.5,0.3237292035739753,0.034253980527194895,-0.3729620676710263,0.2658420606912778,-0.023683531034317046,-0.3764564200995041,0.07586554728976144,0.14,True,True,
confirm_friction_payload,10169,passive,validation,7,rolling_fixed_holdout,0.35,0.0,-0.5,0.27636083337747047,-0.030465788138013896,-0.2579466177668571,0.26797543761643006,-0.03650905163630004,-0.3974995325906949,0.09107237970878784,0.13600628137377527,True,True,
confirm_friction_payload,10170,passive,validation,7,rolling_fixed_holdout,0.35,0.0,-0.5,0.3050620582115774,0.006339529966962714,-0.2930320752694968,0.26451519050717565,-0.0018702084309503287,-0.27611653495974675,0.09670862098725908,0.14,True,True,
confirm_friction_payload,10171,passive,validation,7,rolling_fixed_holdout,0.35,0.0,-0.5,0.25727486066151495,-0.002408791203221463,-0.3258269082900086,0.2690432857716602,0.01788670641431747,-0.3693178529130761,0.07350258153512418,0.13435273571828163,True,True,
confirm_friction_payload,10172,passive,validation,7,rolling_fixed_holdout,0.35,0.0,-0.5,0.25988575401840813,-0.03437652082570759,-0.3789334940545311,0.21712258785163857,-0.03517348038937288,-0.4066752504283709,0.07598046989903894,0.14,True,True,
confirm_friction_payload,10101,passive,adaptation,8,stopped_after_recovery,0.0,0.0,0.0,0.0021807553735035978,0.0036863650814998625,0.08911016460191015,nan,nan,nan,nan,0.14,False,True,
confirm_friction_payload,10102,passive,adaptation,8,stopped_after_recovery,0.0,0.0,0.0,0.0029364528644994017,0.004828989616117888,0.040326101698523166,nan,nan,nan,nan,0.1328210869158238,False,True,
confirm_friction_payload,10103,passive,adaptation,8,stopped_after_recovery,0.0,0.0,0.0,-0.010590394464771504,0.012804104518692303,0.07116477744303672,nan,nan,nan,nan,0.14,False,True,
confirm_friction_payload,10104,passive,adaptation,8,stopped_after_recovery,0.0,0.0,0.0,0.011991973440073979,0.008594623463475259,0.056430476813644256,nan,nan,nan,nan,0.14,False,True,
confirm_friction_payload,10105,passive,adaptation,8,stopped_after_recovery,0.0,0.0,0.0,0.007154172841064843,0.007249816261491175,0.07813537928527706,nan,nan,nan,nan,0.14,False,True,
confirm_friction_payload,10106,passive,adaptation,8,stopped_after_recovery,0.0,0.0,0.0,-0.0014444335783730803,0.00404398849664071,0.07536130347726308,nan,nan,nan,nan,0.14,False,True,
confirm_friction_payload,10107,passive,adaptation,8,stopped_after_recovery,0.0,0.0,0.0,0.00899977052613983,0.008778811154964934,0.07501322346215643,nan,nan,nan,nan,0.14,False,True,
confirm_friction_payload,10108,passive,adaptation,8,stopped_after_recovery,0.0,0.0,0.0,0.00854180061254885,0.019513010034493922,0.07045964501046695,nan,nan,nan,nan,0.14,False,True,
confirm_friction_payload,10109,passive,adaptation,8,stopped_after_recovery,0.0,0.0,0.0,-0.00946236877719766,-0.007759129725526668,0.05969727793534003,nan,nan,nan,nan,0.13874413128194593,False,True,
confirm_friction_payload,10110,passive,adaptation,8,stopped_after_recovery,0.0,0.0,0.0,-0.0027472360906160604,-0.001582483767165242,0.09709612174378295,nan,nan,nan,nan,0.14,False,True,
confirm_friction_payload,10111,passive,adaptation,8,stopped_after_recovery,0.0,0.0,0.0,0.004025302653840918,0.003686873961260378,0.023628315227769585,nan,nan,nan,nan,0.14,False,True,
confirm_friction_payload,10112,passive,adaptation,8,stopped_after_recovery,0.0,0.0,0.0,0.00777089143346347,0.01035547848498496,0.039898791075948604,nan,nan,nan,nan,0.14,False,True,
confirm_friction_payload,10113,passive,adaptation,8,stopped_after_recovery,0.0,0.0,0.0,0.008257318668421752,0.00047602448283440914,0.04887518493279042,nan,nan,nan,nan,0.13741472515514244,False,True,
confirm_friction_payload,10114,passive,adaptation,8,stopped_after_recovery,0.0,0.0,0.0,0.012676755029314542,0.009799862787284492,0.07184328750759134,nan,nan,nan,nan,0.14,False,True,
confirm_friction_payload,10115,passive,adaptation,8,stopped_after_recovery,0.0,0.0,0.0,0.004623684947665896,0.011799572987285383,0.05746408780609867,nan,nan,nan,nan,0.14,False,True,
confirm_friction_payload,10116,passive,adaptation,8,stopped_after_recovery,0.0,0.0,0.0,0.007269226299789584,0.0059758722774958745,0.025453533618203846,nan,nan,nan,nan,0.14,False,True,
confirm_friction_payload,10117,passive,adaptation,8,stopped_after_recovery,0.0,0.0,0.0,0.01651890584074702,0.0016485720011109653,0.03369460784891222,nan,nan,nan,nan,0.14,False,True,
confirm_friction_payload,10118,passive,adaptation,8,stopped_after_recovery,0.0,0.0,0.0,0.00025242168062779914,0.0042418674526458035,0.04459887582859485,nan,nan,nan,nan,0.14,False,True,
confirm_friction_payload,10119,passive,adaptation,8,stopped_after_recovery,0.0,0.0,0.0,-0.007968746289365718,0.01471724791087015,0.06982497858522982,nan,nan,nan,nan,0.13149388015904118,False,True,
confirm_friction_payload,10120,passive,adaptation,8,stopped_after_recovery,0.0,0.0,0.0,0.015348352890653397,0.010906888634576185,0.04904767051657201,nan,nan,nan,nan,0.14,False,True,
confirm_friction_payload,10121,passive,adaptation,8,stopped_after_recovery,0.0,0.0,0.0,-0.00455584942863772,0.0016927899104523913,0.05471724858616426,nan,nan,nan,nan,0.14,False,True,
confirm_friction_payload,10122,passive,adaptation,8,stopped_after_recovery,0.0,0.0,0.0,-5.125977681095207e-05,0.007231166322144317,0.04340786814004804,nan,nan,nan,nan,0.14,False,True,
confirm_friction_payload,10123,passive,adaptation,8,stopped_after_recovery,0.0,0.0,0.0,0.013022644520907237,0.009833054670124308,0.06914359488560419,nan,nan,nan,nan,0.14,False,True,
confirm_friction_payload,10124,passive,adaptation,8,fixed,-0.05,-0.22,0.55,-0.09411560772580499,-0.22855870280642426,0.2518472267206994,nan,nan,nan,nan,0.14,False,True,
confirm_friction_payload,10125,passive,adaptation,8,stopped_after_recovery,0.0,0.0,0.0,0.012014311679912465,0.010108297350664949,0.04852287032737494,nan,nan,nan,nan,0.14,False,True,
confirm_friction_payload,10126,passive,adaptation,8,stopped_after_recovery,0.0,0.0,0.0,0.012078234871554377,2.6762795796259723e-05,0.009240877000893091,nan,nan,nan,nan,0.14,False,True,
confirm_friction_payload,10127,passive,adaptation,8,stopped_after_recovery,0.0,0.0,0.0,-0.027283185086949796,-0.018279735501338962,0.05152707540235235,nan,nan,nan,nan,0.14,False,True,
confirm_friction_payload,10128,passive,adaptation,8,stopped_after_recovery,0.0,0.0,0.0,-0.001555090236351329,0.007149206737430393,0.034438764896992935,nan,nan,nan,nan,0.14,False,True,
confirm_friction_payload,10129,passive,adaptation,8,stopped_after_recovery,0.0,0.0,0.0,-0.005839996215505241,0.0070952892220811775,0.06159293576278936,nan,nan,nan,nan,0.14,False,True,
confirm_friction_payload,10130,passive,adaptation,8,stopped_after_recovery,0.0,0.0,0.0,0.01578132363251086,0.010702417079002997,0.07313805291140649,nan,nan,nan,nan,0.14,False,True,
confirm_friction_payload,10131,passive,adaptation,8,stopped_after_recovery,0.0,0.0,0.0,0.002463593303312128,0.006607793088673325,0.0391716367736867,nan,nan,nan,nan,0.14,False,True,
confirm_friction_payload,10132,passive,adaptation,8,stopped_after_recovery,0.0,0.0,0.0,0.004405352764013511,0.008261122596100887,0.044830968355414946,nan,nan,nan,nan,0.14,False,True,
confirm_friction_payload,10133,passive,adaptation,8,stopped_after_recovery,0.0,0.0,0.0,0.010560260302297729,0.008783602851848708,0.07783627608997173,nan,nan,nan,nan,0.14,False,True,
confirm_friction_payload,10134,passive,adaptation,8,stopped_after_recovery,0.0,0.0,0.0,0.0036382045567720013,0.008195823674710922,0.04179939617601186,nan,nan,nan,nan,0.14,False,True,
confirm_friction_payload,10135,passive,adaptation,8,stopped_after_recovery,0.0,0.0,0.0,0.004405589859803396,0.01206045240654467,0.05979337834660365,nan,nan,nan,nan,0.14,False,True,
confirm_friction_payload,10136,passive,adaptation,8,stopped_after_recovery,0.0,0.0,0.0,0.014144946650468747,0.009926728148228394,0.06378148353200978,nan,nan,nan,nan,0.13509441202791128,False,True,
confirm_friction_payload,10137,passive,adaptation,8,stopped_after_recovery,0.0,0.0,0.0,0.004298777374153164,0.00612883060259552,0.031558064476770696,nan,nan,nan,nan,0.14,False,True,
confirm_friction_payload,10138,passive,adaptation,8,fixed,-0.05,-0.22,0.55,-0.023162427504732686,-0.19502056136223875,0.41685204660573294,nan,nan,nan,nan,0.14,False,True,
confirm_friction_payload,10139,passive,adaptation,8,stopped_after_recovery,0.0,0.0,0.0,0.012327262608765805,0.009170211492637822,0.05238898282086142,nan,nan,nan,nan,0.14,False,True,
confirm_friction_payload,10140,passive,adaptation,8,stopped_after_recovery,0.0,0.0,0.0,0.007071627871383454,0.007490498996565735,0.08050853980848231,nan,nan,nan,nan,0.14,False,True,
confirm_friction_payload,10141,passive,adaptation,8,stopped_after_recovery,0.0,0.0,0.0,0.007118592930673826,0.006607894990772362,0.02902272910052771,nan,nan,nan,nan,0.14,False,True,
confirm_friction_payload,10142,passive,adaptation,8,stopped_after_recovery,0.0,0.0,0.0,0.00769307081983663,0.005562275354694243,0.006769784453715891,nan,nan,nan,nan,0.14,False,True,
confirm_friction_payload,10143,passive,adaptation,8,stopped_after_recovery,0.0,0.0,0.0,0.0024151480056103197,-0.003407418575199102,0.0761750038858427,nan,nan,nan,nan,0.14,False,True,
confirm_friction_payload,10144,passive,adaptation,8,stopped_after_recovery,0.0,0.0,0.0,0.002379949842758195,0.006410574368488353,0.032026674563227255,nan,nan,nan,nan,0.14,False,True,
confirm_friction_payload,10145,passive,adaptation,8,fixed,-0.05,-0.22,0.55,0.01328081735342393,-0.20890076097234994,0.4256507912302319,nan,nan,nan,nan,0.14,False,True,
confirm_friction_payload,10146,passive,adaptation,8,stopped_after_recovery,0.0,0.0,0.0,0.002624285925788963,0.004072521948102475,0.051872600352921065,nan,nan,nan,nan,0.14,False,True,
confirm_friction_payload,10147,passive,adaptation,8,stopped_after_recovery,0.0,0.0,0.0,-0.0017678864702909325,0.006583498873352683,0.04922328770484887,nan,nan,nan,nan,0.14,False,True,
confirm_friction_payload,10148,passive,adaptation,8,stopped_after_recovery,0.0,0.0,0.0,0.006643540556432803,0.006353368203518851,0.07749503599891606,nan,nan,nan,nan,0.14,False,True,
confirm_friction_payload,10149,passive,adaptation,8,stopped_after_recovery,0.0,0.0,0.0,0.01137888811599078,0.00924763113325252,0.0498438473784301,nan,nan,nan,nan,0.13879247939217293,False,True,
confirm_friction_payload,10150,passive,adaptation,8,stopped_after_recovery,0.0,0.0,0.0,-0.003416914694753674,0.002615861091875996,0.054888019335433046,nan,nan,nan,nan,0.1356116642251496,False,True,
confirm_friction_payload,10151,passive,adaptation,8,stopped_after_recovery,0.0,0.0,0.0,-0.00722278877305476,0.0129742327241286,0.07124931934280512,nan,nan,nan,nan,0.14,False,True,
confirm_friction_payload,10152,passive,adaptation,8,stopped_after_recovery,0.0,0.0,0.0,0.0007470210624673166,0.017100243557148627,0.07154071809657449,nan,nan,nan,nan,0.14,False,True,
confirm_friction_payload,10153,passive,adaptation,8,stopped_after_recovery,0.0,0.0,0.0,-0.021547829538575525,-0.020605444263281675,0.07588564353198515,nan,nan,nan,nan,0.14,False,True,
confirm_friction_payload,10154,passive,adaptation,8,stopped_after_recovery,0.0,0.0,0.0,0.0007003004088612574,0.0067030067028526884,0.039213708313849044,nan,nan,nan,nan,0.14,False,True,
confirm_friction_payload,10155,passive,adaptation,8,stopped_after_recovery,0.0,0.0,0.0,0.013140960084196704,0.010742647152161347,0.04884607312749636,nan,nan,nan,nan,0.14,False,True,
confirm_friction_payload,10156,passive,adaptation,8,stopped_after_recovery,0.0,0.0,0.0,0.0037759330605055368,0.00612954964471323,0.029812266303328627,nan,nan,nan,nan,0.14,False,True,
confirm_friction_payload,10157,passive,adaptation,8,stopped_after_recovery,0.0,0.0,0.0,0.005441465404127763,0.0017910613667910628,0.01346330479134538,nan,nan,nan,nan,0.14,False,True,
confirm_friction_payload,10158,passive,adaptation,8,stopped_after_recovery,0.0,0.0,0.0,2.2575510244760706e-06,0.006345455842689152,0.04540799991506592,nan,nan,nan,nan,0.14,False,True,
confirm_friction_payload,10159,passive,adaptation,8,stopped_after_recovery,0.0,0.0,0.0,0.0039109219878819485,0.005778085478264554,0.028057623218459917,nan,nan,nan,nan,0.14,False,True,
confirm_friction_payload,10160,passive,adaptation,8,stopped_after_recovery,0.0,0.0,0.0,0.002648270815092575,0.013494774675757236,0.06640103582670294,nan,nan,nan,nan,0.14,False,True,
confirm_friction_payload,10161,passive,adaptation,8,stopped_after_recovery,0.0,0.0,0.0,0.005092066748768151,0.014553169481730428,0.06041671921513598,nan,nan,nan,nan,0.14,False,True,
confirm_friction_payload,10162,passive,adaptation,8,stopped_after_recovery,0.0,0.0,0.0,0.010050867910934663,0.0060116604983187945,0.0720811803171958,nan,nan,nan,nan,0.14,False,True,
confirm_friction_payload,10163,passive,adaptation,8,stopped_after_recovery,0.0,0.0,0.0,0.0012275140377978498,0.004956361146431346,0.04955150916075438,nan,nan,nan,nan,0.14,False,True,
confirm_friction_payload,10164,passive,adaptation,8,stopped_after_recovery,0.0,0.0,0.0,0.009536521103830044,0.0100998895654093,0.0698841812113049,nan,nan,nan,nan,0.14,False,True,
confirm_friction_payload,10165,passive,adaptation,8,stopped_after_recovery,0.0,0.0,0.0,-0.005347436083170959,-0.012853302848402996,0.09369848086128012,nan,nan,nan,nan,0.14,False,True,
confirm_friction_payload,10166,passive,adaptation,8,stopped_after_recovery,0.0,0.0,0.0,0.011606919710743626,0.01350908551344503,0.05676146480259145,nan,nan,nan,nan,0.14,False,True,
confirm_friction_payload,10167,passive,adaptation,8,stopped_after_recovery,0.0,0.0,0.0,-0.001315339669874314,0.006298393644809474,0.045533359069788365,nan,nan,nan,nan,0.14,False,True,
confirm_friction_payload,10168,passive,adaptation,8,stopped_after_recovery,0.0,0.0,0.0,0.005846398272603607,0.00871904619595712,0.04372475200571972,nan,nan,nan,nan,0.14,False,True,
confirm_friction_payload,10169,passive,adaptation,8,stopped_after_recovery,0.0,0.0,0.0,-0.0006507726382989466,0.007465601777550579,0.05113654587996206,nan,nan,nan,nan,0.13600628137377527,False,True,
confirm_friction_payload,10170,passive,adaptation,8,stopped_after_recovery,0.0,0.0,0.0,0.005819411940035533,0.005561917266252988,0.02798694539788566,nan,nan,nan,nan,0.14,False,True,
confirm_friction_payload,10171,passive,adaptation,8,stopped_after_recovery,0.0,0.0,0.0,0.003938740886498388,0.008860183896179626,0.055190468719324044,nan,nan,nan,nan,0.13435273571828163,False,True,
confirm_friction_payload,10172,passive,adaptation,8,stopped_after_recovery,0.0,0.0,0.0,-0.0009757878067775141,0.00810909183898639,0.047381954716949885,nan,nan,nan,nan,0.14,False,True,
confirm_friction_payload,10101,passive,validation,8,rolling_fixed_holdout,0.35,0.0,0.5,0.02240259880078667,0.018346083048297823,0.20396713749699022,0.24473561604199034,0.017560478544165037,0.4050842119483577,0.11561440574365081,0.14,True,True,
confirm_friction_payload,10102,passive,validation,8,rolling_fixed_holdout,0.35,0.0,0.5,0.14090219637980347,0.005841393222548929,0.3069247948274889,0.2263361106188457,-0.0018170693647975974,0.41671603576533206,0.09408899027187326,0.1328210869158238,True,True,
confirm_friction_payload,10103,passive,validation,8,rolling_fixed_holdout,0.35,0.0,0.5,0.23204333931532195,-0.0471948009320928,0.36410875893585154,0.21439658993712374,-0.007454093317265263,0.4421621931846593,0.09531877955225966,0.14,True,True,
confirm_friction_payload,10104,passive,validation,8,rolling_fixed_holdout,0.35,0.0,0.5,0.3070843786253448,-0.014557183129743773,0.33202389567189594,0.2984973088360285,-0.005580973103120734,0.3612712384671883,0.06502738203882193,0.14,True,True,
confirm_friction_payload,10105,passive,validation,8,rolling_fixed_holdout,0.35,0.0,0.5,0.011062304350442273,-0.014665739485242538,-0.0017566354316678138,0.28750474547330923,-0.010053694433021584,0.44087123389289945,0.07070010056174791,0.14,True,False,BASE_HEIGHT_LIMIT
confirm_friction_payload,10106,passive,validation,8,rolling_fixed_holdout,0.35,0.0,0.5,0.05652542788868299,0.023481217797590142,0.2598662005763141,0.25259346038939234,0.02556306109712086,0.4124191534726131,0.077775500127373,0.14,True,False,BASE_HEIGHT_LIMIT
confirm_friction_payload,10107,passive,validation,8,rolling_fixed_holdout,0.35,0.0,0.5,0.221537830371321,0.05850852148452783,0.3775265501099228,0.27672580608833197,0.01213586353181312,0.40987633543640273,0.07369464568615497,0.14,True,True,
confirm_friction_payload,10108,passive,validation,8,rolling_fixed_holdout,0.35,0.0,0.5,0.2689737093232282,-0.023092458585705567,0.37309597263055405,0.2520026036851629,-0.0006991424017105655,0.4429829910869489,0.06983188031408172,0.14,True,True,
confirm_friction_payload,10109,passive,validation,8,rolling_fixed_holdout,0.35,0.0,0.5,0.27125159720267844,-0.1080637177852521,0.32426066773938206,0.32582831736490764,0.002094519312426064,0.476522925589364,0.09917590959737355,0.13874413128194593,True,True,
confirm_friction_payload,10110,passive,validation,8,rolling_fixed_holdout,0.35,0.0,0.5,0.12895684311714758,0.06206265331257906,0.30151156885257824,0.2675161802141435,0.03373610367250247,0.4110659074505961,0.08236909743370945,0.14,True,True,
confirm_friction_payload,10111,passive,validation,8,rolling_fixed_holdout,0.35,0.0,0.5,0.20988784423889695,0.09591816286984796,0.3755582592951636,0.2561337951111337,0.028910566964263754,0.3927889739055335,0.07562128443674397,0.14,True,True,
confirm_friction_payload,10112,passive,validation,8,rolling_fixed_holdout,0.35,0.0,0.5,0.24646134711425552,0.03202958527214755,0.35276164847126534,0.25294611448361826,0.006932544935660555,0.37621043418554484,0.069493421079666,0.14,True,True,
confirm_friction_payload,10113,passive,validation,8,rolling_fixed_holdout,0.35,0.0,0.5,0.12036759591456431,0.07178437351194314,0.1614810161406159,0.24985889218958424,0.016450465547772037,0.3951743735604027,0.12880104623847505,0.13741472515514244,True,False,BASE_HEIGHT_LIMIT
confirm_friction_payload,10114,passive,validation,8,rolling_fixed_holdout,0.35,0.0,0.5,0.192948319833314,-0.01663563634676532,0.315105599558739,0.259251169806884,0.012536429553263785,0.39870314381799565,0.07316854746787553,0.14,True,True,
confirm_friction_payload,10115,passive,validation,8,rolling_fixed_holdout,0.35,0.0,0.5,0.2333045808631337,0.015235393073755958,0.34914443165907433,0.24176932007310437,-0.0034894720531956076,0.39700821798985203,0.08166174407836968,0.14,True,True,
confirm_friction_payload,10116,passive,validation,8,rolling_fixed_holdout,0.35,0.0,0.5,0.04513536846502017,0.010686894541718932,0.2735570811749241,0.23647707322900832,0.01372165409447174,0.3621734539317579,0.08182433386451404,0.14,True,True,
confirm_friction_payload,10117,passive,validation,8,rolling_fixed_holdout,0.35,0.0,0.5,0.3186237462665826,-0.03776356789705853,0.35569677859884424,0.2615803547182221,-0.01795997169343654,0.3839878521642487,0.0642579502077005,0.14,True,True,
confirm_friction_payload,10118,passive,validation,8,rolling_fixed_holdout,0.35,0.0,0.5,0.06568478757838529,0.02379825841535363,0.26419390697004275,0.2088376533011673,0.03637705751823676,0.42692607207621097,0.09360755981971779,0.14,True,True,
confirm_friction_payload,10119,passive,validation,8,rolling_fixed_holdout,0.35,0.0,0.5,0.2285913952553186,0.05252686700735847,0.33581270173303807,0.2653303170716376,0.019780215352257883,0.3819483200069008,0.07119087805163123,0.13149388015904118,True,True,
confirm_friction_payload,10120,passive,validation,8,rolling_fixed_holdout,0.35,0.0,0.5,0.02731805346510148,0.002264368979476398,0.027524791297164276,0.2837246316997035,0.0011823262370824629,0.4100899327911387,0.12739030912783264,0.14,True,False,BASE_HEIGHT_LIMIT
confirm_friction_payload,10121,passive,validation,8,rolling_fixed_holdout,0.35,0.0,0.5,0.08656649271056305,0.036843728472213906,0.2135418578192547,0.26374611464225534,0.023430148300038443,0.39339568125102015,0.07709294984980182,0.14,True,False,BASE_HEIGHT_LIMIT
confirm_friction_payload,10122,passive,validation,8,rolling_fixed_holdout,0.35,0.0,0.5,0.09281311590621394,0.044813017814455465,0.31733644116994025,0.23659613240920935,0.019029834558921644,0.41073233701456285,0.09228052666329879,0.14,True,True,
confirm_friction_payload,10123,passive,validation,8,rolling_fixed_holdout,0.35,0.0,0.5,0.029293077875472095,-0.007292928353184681,0.042739474253856595,0.3112142175052902,0.012558104180879957,0.3945157905743996,0.06857258807685096,0.14,True,False,BASE_HEIGHT_LIMIT
confirm_friction_payload,10124,passive,validation,8,rolling_fixed_holdout,0.35,0.0,0.5,0.05684777092882631,0.0009313865018591309,0.30155538306994795,0.20440312951015258,0.00030473535290593894,0.3344585659803737,0.14157826812624538,0.14,False,False,BASE_HEIGHT_LIMIT
confirm_friction_payload,10125,passive,validation,8,rolling_fixed_holdout,0.35,0.0,0.5,0.2827777032545228,-0.04005198033670494,0.3201069781217383,0.3855482474675402,0.019810403125371384,0.3971743110467199,0.08003274928042833,0.14,True,True,
confirm_friction_payload,10126,passive,validation,8,rolling_fixed_holdout,0.35,0.0,0.5,0.08185702414706854,0.043503916722050916,0.15989082521540704,0.26828459253547926,0.01997405414378372,0.38933094597425194,0.08607782291843395,0.14,True,False,BASE_HEIGHT_LIMIT
confirm_friction_payload,10127,passive,validation,8,rolling_fixed_holdout,0.35,0.0,0.5,0.2748145451538915,-0.07046036359286455,0.4235044597902631,0.31304016109021293,0.030871053747016295,0.42482133639204767,0.12794282151711878,0.14,True,True,
confirm_friction_payload,10128,passive,validation,8,rolling_fixed_holdout,0.35,0.0,0.5,0.08299964905864263,0.05104289627431621,0.30871408863170036,0.2246038226857433,0.02566120707572089,0.374062761016876,0.08494350094073343,0.14,True,True,
confirm_friction_payload,10129,passive,validation,8,rolling_fixed_holdout,0.35,0.0,0.5,0.05094480499493556,0.05958066174127097,0.10579864291350738,0.2951866261327709,0.017819076129891948,0.40198777542229075,0.0864165952339704,0.14,True,False,BASE_HEIGHT_LIMIT
confirm_friction_payload,10130,passive,validation,8,rolling_fixed_holdout,0.35,0.0,0.5,0.27390668187164763,-0.05461133842013783,0.3998096060786327,0.28848985562483465,-0.02285691463968912,0.40150241232522593,0.07806410254237925,0.14,True,True,
confirm_friction_payload,10131,passive,validation,8,rolling_fixed_holdout,0.35,0.0,0.5,0.05849191944433226,-0.0043578556467393234,0.021642192508509687,0.36121616771416565,-0.008657646579795002,0.4142911862789075,0.09365119523966162,0.14,True,False,BASE_HEIGHT_LIMIT
confirm_friction_payload,10132,passive,validation,8,rolling_fixed_holdout,0.35,0.0,0.5,0.0738319773863036,0.02561478564504309,0.3209351664442219,0.2645575386668127,0.026501253946498958,0.39980319997483393,0.07759727077485545,0.14,True,True,
confirm_friction_payload,10133,passive,validation,8,rolling_fixed_holdout,0.35,0.0,0.5,0.2769901607801961,-0.08976174412042569,0.4146222171731942,0.28225730908712954,-0.029244842167656472,0.4658984682462201,0.07357029579084491,0.14,True,True,
confirm_friction_payload,10134,passive,validation,8,rolling_fixed_holdout,0.35,0.0,0.5,0.1274562549868156,0.009503893200703715,0.30244953905335564,0.18947107864866938,-0.0222274535620675,0.42777790575998714,0.07339635361358271,0.14,True,True,
confirm_friction_payload,10135,passive,validation,8,rolling_fixed_holdout,0.35,0.0,0.5,0.04331807775858962,0.00015291580005439526,0.2845552015885655,0.19440929996694187,-0.0007877020490799847,0.3570358611645993,0.0799774446160901,0.14,True,False,BASE_HEIGHT_LIMIT
confirm_friction_payload,10136,passive,validation,8,rolling_fixed_holdout,0.35,0.0,0.5,0.2644421464275058,-0.007919921843728561,0.3660979357314606,0.26743830461535595,0.048632453316634384,0.4286002353917423,0.05630307764537469,0.13509441202791128,True,True,
confirm_friction_payload,10137,passive,validation,8,rolling_fixed_holdout,0.35,0.0,0.5,0.03431636794869802,0.04327701475705123,0.12835692960357667,0.2637855921172155,-0.008846975615064858,0.3668795431417945,0.0836747969932492,0.14,True,False,BASE_HEIGHT_LIMIT
confirm_friction_payload,10138,passive,validation,8,rolling_fixed_holdout,0.35,0.0,0.5,0.25639099661771186,-0.04614057921562236,0.3661263049962745,0.25044987035510224,-0.023274315010085093,0.3938777250159798,0.0713256184777873,0.14,True,True,
confirm_friction_payload,10139,passive,validation,8,rolling_fixed_holdout,0.35,0.0,0.5,0.3429719600013111,-0.013176516472350448,0.2591959198147241,0.309475829357333,-0.005355041956340696,0.37101013320894505,0.06855400339710946,0.14,True,True,
confirm_friction_payload,10140,passive,validation,8,rolling_fixed_holdout,0.35,0.0,0.5,0.030289078085033522,0.03970539947160624,0.13775624148897503,0.2801978924105172,0.03629124330128139,0.45358870415652847,0.1438026692356434,0.14,True,True,
confirm_friction_payload,10141,passive,validation,8,rolling_fixed_holdout,0.35,0.0,0.5,0.3091632548690043,-0.10398076016510009,0.30247036423164436,0.28132985246638414,-0.04695457426891441,0.38699425763297457,0.10426639533899015,0.14,True,True,
confirm_friction_payload,10142,passive,validation,8,rolling_fixed_holdout,0.35,0.0,0.5,0.05755679633885452,0.024659501860534727,0.30892094247095125,0.22773348565636645,0.01369365673825731,0.3823391390014937,0.09258812331397942,0.14,True,False,BASE_HEIGHT_LIMIT
confirm_friction_payload,10143,passive,validation,8,rolling_fixed_holdout,0.35,0.0,0.5,0.269855784714687,-0.06067027615198703,0.33171767397330115,0.24079181687334741,-0.03847414440441551,0.3712706790183445,0.053598819345614335,0.14,True,True,
confirm_friction_payload,10144,passive,validation,8,rolling_fixed_holdout,0.35,0.0,0.5,0.03532614587396472,0.017083253565243543,0.2329910836081505,0.22295236612632297,0.005201868800591908,0.3788779624809381,0.09775023176245563,0.14,True,False,BASE_HEIGHT_LIMIT
confirm_friction_payload,10145,passive,validation,8,rolling_fixed_holdout,0.35,0.0,0.5,0.32641806996756983,-0.058756360816018545,0.3454633782538773,0.32353106335867854,0.07957101521412296,0.4032610010015926,0.07698016318612531,0.14,True,True,
confirm_friction_payload,10146,passive,validation,8,rolling_fixed_holdout,0.35,0.0,0.5,0.05822981018514525,0.025606781514393863,0.23845809989519598,0.203009816514825,0.005688592355346958,0.3886748037925371,0.09224861767906345,0.14,True,True,
confirm_friction_payload,10147,passive,validation,8,rolling_fixed_holdout,0.35,0.0,0.5,0.018326879556580977,-0.012030358660790108,0.04813416422437492,0.28089082075297445,0.01406652323657983,0.40718777892517954,0.08172559895268965,0.14,True,False,BASE_HEIGHT_LIMIT
confirm_friction_payload,10148,passive,validation,8,rolling_fixed_holdout,0.35,0.0,0.5,0.28954488480019736,-0.05005773627714348,0.3548152455492961,0.3017001772576921,0.046190600638114754,0.4501329896997411,0.09570776404352073,0.14,True,True,
confirm_friction_payload,10149,passive,validation,8,rolling_fixed_holdout,0.35,0.0,0.5,0.1543927152756757,0.017992260499534316,0.3110192009506442,0.22252945412427583,-0.03811681267744566,0.3952089184227729,0.07685408675447523,0.13879247939217293,True,True,
confirm_friction_payload,10150,passive,validation,8,rolling_fixed_holdout,0.35,0.0,0.5,0.12079732442314516,0.05301827737733692,0.2933960402041897,0.2535910522009232,0.034407856322640554,0.38794637438085255,0.09912550478622491,0.1356116642251496,True,True,
confirm_friction_payload,10151,passive,validation,8,rolling_fixed_holdout,0.35,0.0,0.5,0.05620384774546679,-0.0003685394075056045,0.28563439852773187,0.1852928828856588,-0.014717300456259505,0.3870263187291329,0.10096898185943996,0.14,True,False,BASE_HEIGHT_LIMIT
confirm_friction_payload,10152,passive,validation,8,rolling_fixed_holdout,0.35,0.0,0.5,0.2399083835579542,-0.021713321131223918,0.41163713972606336,0.22878197638057005,-0.0016656587509562785,0.3934236027365521,0.06834300964896241,0.14,True,True,
confirm_friction_payload,10153,passive,validation,8,rolling_fixed_holdout,0.35,0.0,0.5,-0.023696629368898103,0.048534414661529586,-0.03139239512570555,0.27007906043033414,0.02132950045370403,0.42073334052445516,0.08942899240903382,0.14,True,False,BASE_HEIGHT_LIMIT
confirm_friction_payload,10154,passive,validation,8,rolling_fixed_holdout,0.35,0.0,0.5,0.2875594530244887,0.0016576345655622518,0.4040573737873802,0.2833289387498767,0.0016501699148318305,0.3808946245135752,0.06472340478132628,0.14,True,True,
confirm_friction_payload,10155,passive,validation,8,rolling_fixed_holdout,0.35,0.0,0.5,0.22888372292477102,-0.0901492661696999,0.374905399864303,0.23574338658886707,-0.024593329779444405,0.3972406108794339,0.07582011643585226,0.14,True,True,
confirm_friction_payload,10156,passive,validation,8,rolling_fixed_holdout,0.35,0.0,0.5,0.08750932977081965,0.03406463659359162,0.22035745722334282,0.2178812959591975,-0.003521680051632587,0.36447097922566374,0.09153459017276842,0.14,True,True,
confirm_friction_payload,10157,passive,validation,8,rolling_fixed_holdout,0.35,0.0,0.5,0.1329351029827453,0.03440015459003964,0.22621421497182087,0.21297151854918192,-0.02296855176762235,0.37011245913044194,0.11050420114949544,0.14,True,False,BASE_HEIGHT_LIMIT
confirm_friction_payload,10158,passive,validation,8,rolling_fixed_holdout,0.35,0.0,0.5,0.24844076200392207,0.01235321973729977,0.3693992112444202,0.23803435216515134,0.017631766539781848,0.3939085996094496,0.06209403265248892,0.14,True,True,
confirm_friction_payload,10159,passive,validation,8,rolling_fixed_holdout,0.35,0.0,0.5,0.0936585160744938,-0.0034333493448708945,0.30740546874568375,0.24675877542675373,-0.008890584999928454,0.35710943885026797,0.07301129486010091,0.14,True,True,
confirm_friction_payload,10160,passive,validation,8,rolling_fixed_holdout,0.35,0.0,0.5,0.22129916674045155,-0.048385056063065625,0.4150170578569036,0.2328492378943216,-0.00823417368281405,0.45358965667001494,0.07010267607100588,0.14,True,True,
confirm_friction_payload,10161,passive,validation,8,rolling_fixed_holdout,0.35,0.0,0.5,0.2552103047694219,-0.00595722044285836,0.3804815169886001,0.25367517294765074,-0.010517352594802435,0.3794700544375512,0.07226781991747416,0.14,True,True,
confirm_friction_payload,10162,passive,validation,8,rolling_fixed_holdout,0.35,0.0,0.5,0.3474238255927256,-0.029102001352829955,0.385997952490251,0.31259114292624735,0.004225203798977457,0.39795089332627626,0.05578972827461215,0.14,True,True,
confirm_friction_payload,10163,passive,validation,8,rolling_fixed_holdout,0.35,0.0,0.5,0.31549153273064007,-0.07338362688858922,0.3883819396351129,0.27390333330744243,-0.0020230370727703072,0.43537293394800286,0.0755233082406425,0.14,True,True,
confirm_friction_payload,10164,passive,validation,8,rolling_fixed_holdout,0.35,0.0,0.5,0.2959796510242122,0.07605579687571028,0.3335160189474611,0.2616617725540517,0.008206162845792656,0.4574458932889741,0.08097614337116785,0.14,True,True,
confirm_friction_payload,10165,passive,validation,8,rolling_fixed_holdout,0.35,0.0,0.5,0.28781486667487505,-0.022164621548359565,0.4296864812813462,0.26997230458959276,-0.004463576697423712,0.4340475080712549,0.07786789278560574,0.14,True,True,
confirm_friction_payload,10166,passive,validation,8,rolling_fixed_holdout,0.35,0.0,0.5,0.28746778965546077,0.05557226822571263,0.3185660772856824,0.26137529593935177,0.034980771653909094,0.3809229431649309,0.068451578944627,0.14,True,True,
confirm_friction_payload,10167,passive,validation,8,rolling_fixed_holdout,0.35,0.0,0.5,0.09285787005657808,0.056185411453471786,0.2132511250161689,0.2631556480594392,0.021134190558652195,0.38958167317151116,0.07645064448564984,0.14,True,False,BASE_HEIGHT_LIMIT
confirm_friction_payload,10168,passive,validation,8,rolling_fixed_holdout,0.35,0.0,0.5,0.18153650314554035,-0.014415288843368271,0.3267861381846072,0.20677543690447364,-0.04576189495123726,0.3901742509611561,0.06669338087761617,0.14,True,True,
confirm_friction_payload,10169,passive,validation,8,rolling_fixed_holdout,0.35,0.0,0.5,0.09361672020284652,0.04905891875145367,0.3544055583572429,0.2207854080090913,0.029132732990804464,0.4124601766434393,0.08349457689901643,0.13600628137377527,True,True,
confirm_friction_payload,10170,passive,validation,8,rolling_fixed_holdout,0.35,0.0,0.5,0.07813774002219354,0.03700822936949322,0.3369007768728432,0.22691564625981733,0.04030752598046735,0.40612531816005776,0.07751113149983624,0.14,True,True,
confirm_friction_payload,10171,passive,validation,8,rolling_fixed_holdout,0.35,0.0,0.5,0.12201442449105372,0.054201161011179035,0.29164060714375917,0.23901655416198914,0.028039999613791486,0.4096114487654085,0.07387231058382968,0.13435273571828163,True,True,
confirm_friction_payload,10172,passive,validation,8,rolling_fixed_holdout,0.35,0.0,0.5,0.11201574178256063,0.01486252573606179,0.2906403684817331,0.28963868783312974,0.013228461776538514,0.37378675237856596,0.08009933275015277,0.14,True,True,
confirm_friction_payload,10101,passive,adaptation,9,stopped_after_recovery,0.0,0.0,0.0,0.0021807553735035978,0.0036863650814998625,0.08911016460191015,nan,nan,nan,nan,0.14,False,True,
confirm_friction_payload,10102,passive,adaptation,9,stopped_after_recovery,0.0,0.0,0.0,0.0029364528644994017,0.004828989616117888,0.040326101698523166,nan,nan,nan,nan,0.1328210869158238,False,True,
confirm_friction_payload,10103,passive,adaptation,9,stopped_after_recovery,0.0,0.0,0.0,-0.010590394464771504,0.012804104518692303,0.07116477744303672,nan,nan,nan,nan,0.14,False,True,
confirm_friction_payload,10104,passive,adaptation,9,stopped_after_recovery,0.0,0.0,0.0,0.011991973440073979,0.008594623463475259,0.056430476813644256,nan,nan,nan,nan,0.14,False,True,
confirm_friction_payload,10105,passive,adaptation,9,stopped_after_recovery,0.0,0.0,0.0,0.007154172841064843,0.007249816261491175,0.07813537928527706,nan,nan,nan,nan,0.14,False,True,
confirm_friction_payload,10106,passive,adaptation,9,stopped_after_recovery,0.0,0.0,0.0,-0.0014444335783730803,0.00404398849664071,0.07536130347726308,nan,nan,nan,nan,0.14,False,True,
confirm_friction_payload,10107,passive,adaptation,9,stopped_after_recovery,0.0,0.0,0.0,0.00899977052613983,0.008778811154964934,0.07501322346215643,nan,nan,nan,nan,0.14,False,True,
confirm_friction_payload,10108,passive,adaptation,9,stopped_after_recovery,0.0,0.0,0.0,0.00854180061254885,0.019513010034493922,0.07045964501046695,nan,nan,nan,nan,0.14,False,True,
confirm_friction_payload,10109,passive,adaptation,9,stopped_after_recovery,0.0,0.0,0.0,-0.00946236877719766,-0.007759129725526668,0.05969727793534003,nan,nan,nan,nan,0.13874413128194593,False,True,
confirm_friction_payload,10110,passive,adaptation,9,stopped_after_recovery,0.0,0.0,0.0,-0.0027472360906160604,-0.001582483767165242,0.09709612174378295,nan,nan,nan,nan,0.14,False,True,
confirm_friction_payload,10111,passive,adaptation,9,stopped_after_recovery,0.0,0.0,0.0,0.004025302653840918,0.003686873961260378,0.023628315227769585,nan,nan,nan,nan,0.14,False,True,
confirm_friction_payload,10112,passive,adaptation,9,stopped_after_recovery,0.0,0.0,0.0,0.00777089143346347,0.01035547848498496,0.039898791075948604,nan,nan,nan,nan,0.14,False,True,
confirm_friction_payload,10113,passive,adaptation,9,stopped_after_recovery,0.0,0.0,0.0,0.008257318668421752,0.00047602448283440914,0.04887518493279042,nan,nan,nan,nan,0.13741472515514244,False,True,
confirm_friction_payload,10114,passive,adaptation,9,stopped_after_recovery,0.0,0.0,0.0,0.012676755029314542,0.009799862787284492,0.07184328750759134,nan,nan,nan,nan,0.14,False,True,
confirm_friction_payload,10115,passive,adaptation,9,stopped_after_recovery,0.0,0.0,0.0,0.004623684947665896,0.011799572987285383,0.05746408780609867,nan,nan,nan,nan,0.14,False,True,
confirm_friction_payload,10116,passive,adaptation,9,stopped_after_recovery,0.0,0.0,0.0,0.007269226299789584,0.0059758722774958745,0.025453533618203846,nan,nan,nan,nan,0.14,False,True,
confirm_friction_payload,10117,passive,adaptation,9,stopped_after_recovery,0.0,0.0,0.0,0.01651890584074702,0.0016485720011109653,0.03369460784891222,nan,nan,nan,nan,0.14,False,True,
confirm_friction_payload,10118,passive,adaptation,9,stopped_after_recovery,0.0,0.0,0.0,0.00025242168062779914,0.0042418674526458035,0.04459887582859485,nan,nan,nan,nan,0.14,False,True,
confirm_friction_payload,10119,passive,adaptation,9,stopped_after_recovery,0.0,0.0,0.0,-0.007968746289365718,0.01471724791087015,0.06982497858522982,nan,nan,nan,nan,0.13149388015904118,False,True,
confirm_friction_payload,10120,passive,adaptation,9,stopped_after_recovery,0.0,0.0,0.0,0.015348352890653397,0.010906888634576185,0.04904767051657201,nan,nan,nan,nan,0.14,False,True,
confirm_friction_payload,10121,passive,adaptation,9,stopped_after_recovery,0.0,0.0,0.0,-0.00455584942863772,0.0016927899104523913,0.05471724858616426,nan,nan,nan,nan,0.14,False,True,
confirm_friction_payload,10122,passive,adaptation,9,stopped_after_recovery,0.0,0.0,0.0,-5.125977681095207e-05,0.007231166322144317,0.04340786814004804,nan,nan,nan,nan,0.14,False,True,
confirm_friction_payload,10123,passive,adaptation,9,stopped_after_recovery,0.0,0.0,0.0,0.013022644520907237,0.009833054670124308,0.06914359488560419,nan,nan,nan,nan,0.14,False,True,
confirm_friction_payload,10124,passive,adaptation,9,fixed,0.28,0.14,-0.3,0.22747656889483323,0.08633951159840965,-0.15227941369648043,nan,nan,nan,nan,0.14,False,True,
confirm_friction_payload,10125,passive,adaptation,9,stopped_after_recovery,0.0,0.0,0.0,0.012014311679912465,0.010108297350664949,0.04852287032737494,nan,nan,nan,nan,0.14,False,True,
confirm_friction_payload,10126,passive,adaptation,9,stopped_after_recovery,0.0,0.0,0.0,0.012078234871554377,2.6762795796259723e-05,0.009240877000893091,nan,nan,nan,nan,0.14,False,True,
confirm_friction_payload,10127,passive,adaptation,9,stopped_after_recovery,0.0,0.0,0.0,-0.027283185086949796,-0.018279735501338962,0.05152707540235235,nan,nan,nan,nan,0.14,False,True,
confirm_friction_payload,10128,passive,adaptation,9,stopped_after_recovery,0.0,0.0,0.0,-0.001555090236351329,0.007149206737430393,0.034438764896992935,nan,nan,nan,nan,0.14,False,True,
confirm_friction_payload,10129,passive,adaptation,9,stopped_after_recovery,0.0,0.0,0.0,-0.005839996215505241,0.0070952892220811775,0.06159293576278936,nan,nan,nan,nan,0.14,False,True,
confirm_friction_payload,10130,passive,adaptation,9,stopped_after_recovery,0.0,0.0,0.0,0.01578132363251086,0.010702417079002997,0.07313805291140649,nan,nan,nan,nan,0.14,False,True,
confirm_friction_payload,10131,passive,adaptation,9,stopped_after_recovery,0.0,0.0,0.0,0.002463593303312128,0.006607793088673325,0.0391716367736867,nan,nan,nan,nan,0.14,False,True,
confirm_friction_payload,10132,passive,adaptation,9,stopped_after_recovery,0.0,0.0,0.0,0.004405352764013511,0.008261122596100887,0.044830968355414946,nan,nan,nan,nan,0.14,False,True,
confirm_friction_payload,10133,passive,adaptation,9,stopped_after_recovery,0.0,0.0,0.0,0.010560260302297729,0.008783602851848708,0.07783627608997173,nan,nan,nan,nan,0.14,False,True,
confirm_friction_payload,10134,passive,adaptation,9,stopped_after_recovery,0.0,0.0,0.0,0.0036382045567720013,0.008195823674710922,0.04179939617601186,nan,nan,nan,nan,0.14,False,True,
confirm_friction_payload,10135,passive,adaptation,9,stopped_after_recovery,0.0,0.0,0.0,0.004405589859803396,0.01206045240654467,0.05979337834660365,nan,nan,nan,nan,0.14,False,True,
confirm_friction_payload,10136,passive,adaptation,9,stopped_after_recovery,0.0,0.0,0.0,0.014144946650468747,0.009926728148228394,0.06378148353200978,nan,nan,nan,nan,0.13509441202791128,False,True,
confirm_friction_payload,10137,passive,adaptation,9,stopped_after_recovery,0.0,0.0,0.0,0.004298777374153164,0.00612883060259552,0.031558064476770696,nan,nan,nan,nan,0.14,False,True,
confirm_friction_payload,10138,passive,adaptation,9,stopped_after_recovery,0.0,0.0,0.0,0.002192821464339846,0.008569005187875284,0.05852438136169938,nan,nan,nan,nan,0.14,False,True,
confirm_friction_payload,10139,passive,adaptation,9,stopped_after_recovery,0.0,0.0,0.0,0.012327262608765805,0.009170211492637822,0.05238898282086142,nan,nan,nan,nan,0.14,False,True,
confirm_friction_payload,10140,passive,adaptation,9,stopped_after_recovery,0.0,0.0,0.0,0.007071627871383454,0.007490498996565735,0.08050853980848231,nan,nan,nan,nan,0.14,False,True,
confirm_friction_payload,10141,passive,adaptation,9,stopped_after_recovery,0.0,0.0,0.0,0.007118592930673826,0.006607894990772362,0.02902272910052771,nan,nan,nan,nan,0.14,False,True,
confirm_friction_payload,10142,passive,adaptation,9,stopped_after_recovery,0.0,0.0,0.0,0.00769307081983663,0.005562275354694243,0.006769784453715891,nan,nan,nan,nan,0.14,False,True,
confirm_friction_payload,10143,passive,adaptation,9,stopped_after_recovery,0.0,0.0,0.0,0.0024151480056103197,-0.003407418575199102,0.0761750038858427,nan,nan,nan,nan,0.14,False,True,
confirm_friction_payload,10144,passive,adaptation,9,stopped_after_recovery,0.0,0.0,0.0,0.002379949842758195,0.006410574368488353,0.032026674563227255,nan,nan,nan,nan,0.14,False,True,
confirm_friction_payload,10145,passive,adaptation,9,stopped_after_recovery,0.0,0.0,0.0,0.00586232791721709,0.006523266333848381,0.08765309738648544,nan,nan,nan,nan,0.14,False,True,
confirm_friction_payload,10146,passive,adaptation,9,stopped_after_recovery,0.0,0.0,0.0,0.002624285925788963,0.004072521948102475,0.051872600352921065,nan,nan,nan,nan,0.14,False,True,
confirm_friction_payload,10147,passive,adaptation,9,stopped_after_recovery,0.0,0.0,0.0,-0.0017678864702909325,0.006583498873352683,0.04922328770484887,nan,nan,nan,nan,0.14,False,True,
confirm_friction_payload,10148,passive,adaptation,9,stopped_after_recovery,0.0,0.0,0.0,0.006643540556432803,0.006353368203518851,0.07749503599891606,nan,nan,nan,nan,0.14,False,True,
confirm_friction_payload,10149,passive,adaptation,9,stopped_after_recovery,0.0,0.0,0.0,0.01137888811599078,0.00924763113325252,0.0498438473784301,nan,nan,nan,nan,0.13879247939217293,False,True,
confirm_friction_payload,10150,passive,adaptation,9,stopped_after_recovery,0.0,0.0,0.0,-0.003416914694753674,0.002615861091875996,0.054888019335433046,nan,nan,nan,nan,0.1356116642251496,False,True,
confirm_friction_payload,10151,passive,adaptation,9,stopped_after_recovery,0.0,0.0,0.0,-0.00722278877305476,0.0129742327241286,0.07124931934280512,nan,nan,nan,nan,0.14,False,True,
confirm_friction_payload,10152,passive,adaptation,9,stopped_after_recovery,0.0,0.0,0.0,0.0007470210624673166,0.017100243557148627,0.07154071809657449,nan,nan,nan,nan,0.14,False,True,
confirm_friction_payload,10153,passive,adaptation,9,stopped_after_recovery,0.0,0.0,0.0,-0.021547829538575525,-0.020605444263281675,0.07588564353198515,nan,nan,nan,nan,0.14,False,True,
confirm_friction_payload,10154,passive,adaptation,9,stopped_after_recovery,0.0,0.0,0.0,0.0007003004088612574,0.0067030067028526884,0.039213708313849044,nan,nan,nan,nan,0.14,False,True,
confirm_friction_payload,10155,passive,adaptation,9,stopped_after_recovery,0.0,0.0,0.0,0.013140960084196704,0.010742647152161347,0.04884607312749636,nan,nan,nan,nan,0.14,False,True,
confirm_friction_payload,10156,passive,adaptation,9,stopped_after_recovery,0.0,0.0,0.0,0.0037759330605055368,0.00612954964471323,0.029812266303328627,nan,nan,nan,nan,0.14,False,True,
confirm_friction_payload,10157,passive,adaptation,9,stopped_after_recovery,0.0,0.0,0.0,0.005441465404127763,0.0017910613667910628,0.01346330479134538,nan,nan,nan,nan,0.14,False,True,
confirm_friction_payload,10158,passive,adaptation,9,stopped_after_recovery,0.0,0.0,0.0,2.2575510244760706e-06,0.006345455842689152,0.04540799991506592,nan,nan,nan,nan,0.14,False,True,
confirm_friction_payload,10159,passive,adaptation,9,stopped_after_recovery,0.0,0.0,0.0,0.0039109219878819485,0.005778085478264554,0.028057623218459917,nan,nan,nan,nan,0.14,False,True,
confirm_friction_payload,10160,passive,adaptation,9,stopped_after_recovery,0.0,0.0,0.0,0.002648270815092575,0.013494774675757236,0.06640103582670294,nan,nan,nan,nan,0.14,False,True,
confirm_friction_payload,10161,passive,adaptation,9,stopped_after_recovery,0.0,0.0,0.0,0.005092066748768151,0.014553169481730428,0.06041671921513598,nan,nan,nan,nan,0.14,False,True,
confirm_friction_payload,10162,passive,adaptation,9,stopped_after_recovery,0.0,0.0,0.0,0.010050867910934663,0.0060116604983187945,0.0720811803171958,nan,nan,nan,nan,0.14,False,True,
confirm_friction_payload,10163,passive,adaptation,9,stopped_after_recovery,0.0,0.0,0.0,0.0012275140377978498,0.004956361146431346,0.04955150916075438,nan,nan,nan,nan,0.14,False,True,
confirm_friction_payload,10164,passive,adaptation,9,stopped_after_recovery,0.0,0.0,0.0,0.009536521103830044,0.0100998895654093,0.0698841812113049,nan,nan,nan,nan,0.14,False,True,
confirm_friction_payload,10165,passive,adaptation,9,stopped_after_recovery,0.0,0.0,0.0,-0.005347436083170959,-0.012853302848402996,0.09369848086128012,nan,nan,nan,nan,0.14,False,True,
confirm_friction_payload,10166,passive,adaptation,9,stopped_after_recovery,0.0,0.0,0.0,0.011606919710743626,0.01350908551344503,0.05676146480259145,nan,nan,nan,nan,0.14,False,True,
confirm_friction_payload,10167,passive,adaptation,9,stopped_after_recovery,0.0,0.0,0.0,-0.001315339669874314,0.006298393644809474,0.045533359069788365,nan,nan,nan,nan,0.14,False,True,
confirm_friction_payload,10168,passive,adaptation,9,stopped_after_recovery,0.0,0.0,0.0,0.005846398272603607,0.00871904619595712,0.04372475200571972,nan,nan,nan,nan,0.14,False,True,
confirm_friction_payload,10169,passive,adaptation,9,stopped_after_recovery,0.0,0.0,0.0,-0.0006507726382989466,0.007465601777550579,0.05113654587996206,nan,nan,nan,nan,0.13600628137377527,False,True,
confirm_friction_payload,10170,passive,adaptation,9,stopped_after_recovery,0.0,0.0,0.0,0.005819411940035533,0.005561917266252988,0.02798694539788566,nan,nan,nan,nan,0.14,False,True,
confirm_friction_payload,10171,passive,adaptation,9,stopped_after_recovery,0.0,0.0,0.0,0.003938740886498388,0.008860183896179626,0.055190468719324044,nan,nan,nan,nan,0.13435273571828163,False,True,
confirm_friction_payload,10172,passive,adaptation,9,stopped_after_recovery,0.0,0.0,0.0,-0.0009757878067775141,0.00810909183898639,0.047381954716949885,nan,nan,nan,nan,0.14,False,True,
confirm_friction_payload,10101,passive,validation,9,rolling_fixed_holdout,-0.3,0.0,-0.35,-0.06142316022499307,0.047991945376487884,-0.2361774369134621,-0.16726879562628988,-0.0013954168398040182,-0.3268195298219242,0.10497904320072465,0.14,True,True,
confirm_friction_payload,10102,passive,validation,9,rolling_fixed_holdout,-0.3,0.0,-0.35,-0.13288813341498396,0.029215680366023282,-0.17986506653125983,-0.1534078265587601,0.06530308912268347,-0.2945941234610394,0.09404012290860057,0.1328210869158238,True,True,
confirm_friction_payload,10103,passive,validation,9,rolling_fixed_holdout,-0.3,0.0,-0.35,-0.18070419264639373,0.0352833908697736,-0.1360314266654217,-0.15789493363927212,0.06322639626350958,-0.2739258037582542,0.10062436299121,0.14,True,True,
confirm_friction_payload,10104,passive,validation,9,rolling_fixed_holdout,-0.3,0.0,-0.35,-0.14080374725621136,0.036687823377430595,-0.17672268458179705,-0.17714962603932632,0.07861380398056564,-0.2668091505665678,0.07029420451622008,0.14,True,True,
confirm_friction_payload,10105,passive,validation,9,rolling_fixed_holdout,-0.3,0.0,-0.35,-0.10783919230877391,0.048796835396345974,-0.22829240400118445,-0.2002248056364385,-0.01869635232028257,-0.3304535770875401,0.08284953372838913,0.14,True,True,
confirm_friction_payload,10106,passive,validation,9,rolling_fixed_holdout,-0.3,0.0,-0.35,-0.07415685232498673,0.04162983572629092,-0.17591297586408494,-0.17986828189183116,-0.023953941114258113,-0.2990969475202112,0.08509699986842108,0.14,True,True,
confirm_friction_payload,10107,passive,validation,9,rolling_fixed_holdout,-0.3,0.0,-0.35,-0.0920721866091826,0.04586874007108273,-0.23560486073407313,-0.1326155593987159,0.054388253079551155,-0.32841363069507207,0.05324400892081097,0.14,True,True,
confirm_friction_payload,10108,passive,validation,9,rolling_fixed_holdout,-0.3,0.0,-0.35,-0.14225613140257984,0.0350796450653432,-0.08268766002982936,-0.14735611222618447,0.06422571641928232,-0.3042797945892001,0.07386380532997387,0.14,True,True,
confirm_friction_payload,10109,passive,validation,9,rolling_fixed_holdout,-0.3,0.0,-0.35,-0.15749794113751034,0.03168328945911957,-0.15031064178063044,-0.19262444979953358,0.06783454679987641,-0.27264075934677884,0.092430430334701,0.13874413128194593,True,True,
confirm_friction_payload,10110,passive,validation,9,rolling_fixed_holdout,-0.3,0.0,-0.35,-0.07329869933772373,0.040608775875914174,-0.20905538196840598,-0.18783575213618622,-0.018561545208066778,-0.3345660737758742,0.08463447170929167,0.14,True,True,
confirm_friction_payload,10111,passive,validation,9,rolling_fixed_holdout,-0.3,0.0,-0.35,-0.11572543127427222,0.03873265506468106,-0.22950556995805454,-0.19682174100009495,0.0311483048110882,-0.3303050983691892,0.05589782909201903,0.14,True,True,
confirm_friction_payload,10112,passive,validation,9,rolling_fixed_holdout,-0.3,0.0,-0.35,-0.1327896210431239,0.023163028305791797,-0.18515824447568927,-0.16441022081919304,0.06482207746720742,-0.2849720867683314,0.06769205336261423,0.14,True,True,
confirm_friction_payload,10113,passive,validation,9,rolling_fixed_holdout,-0.3,0.0,-0.35,-0.11018873144154619,0.0528077737764199,-0.25310108228311307,-0.18672993323328765,-0.027911190836027975,-0.327563619716288,0.09212809816555967,0.13741472515514244,True,True,
confirm_friction_payload,10114,passive,validation,9,rolling_fixed_holdout,-0.3,0.0,-0.35,-0.10646093247487724,0.04075455612541305,-0.18403280475802775,-0.12691227071729472,0.06887912323228171,-0.2923809746331043,0.06363542202393813,0.14,True,True,
confirm_friction_payload,10115,passive,validation,9,rolling_fixed_holdout,-0.3,0.0,-0.35,-0.13646819396478893,0.0336410088731049,-0.13139561286165274,-0.14222692651237406,0.06611319311368884,-0.29083633201087916,0.08095484079918766,0.14,True,True,
confirm_friction_payload,10116,passive,validation,9,rolling_fixed_holdout,-0.3,0.0,-0.35,-0.09651020423922561,0.04060830505036686,-0.22211971422474705,-0.18574801085515202,-0.019092558384132624,-0.27796249659268946,0.07554406004245907,0.14,True,True,
confirm_friction_payload,10117,passive,validation,9,rolling_fixed_holdout,-0.3,0.0,-0.35,-0.14024985483271277,0.0264225905851308,-0.24695144688636247,-0.1604249869984881,0.03462079084724372,-0.3438912290742173,0.04618970128761849,0.14,True,True,
confirm_friction_payload,10118,passive,validation,9,rolling_fixed_holdout,-0.3,0.0,-0.35,-0.10616413849250984,0.04324854281140604,-0.24157010982201352,-0.20101020824527158,-0.015401264545681413,-0.29209428406315685,0.08184005297990161,0.14,True,True,
confirm_friction_payload,10119,passive,validation,9,rolling_fixed_holdout,-0.3,0.0,-0.35,-0.13159565577164614,0.031439974786074826,-0.14361451402482212,-0.14196266680474276,0.05068551714179204,-0.29708589076959563,0.07461449012226884,0.13149388015904118,True,True,
confirm_friction_payload,10120,passive,validation,9,rolling_fixed_holdout,-0.3,0.0,-0.35,-0.14239836452176147,0.025903400103697544,-0.20347537106697838,-0.1560336187029804,0.06768121884881967,-0.30976631305666413,0.07192508291349206,0.14,True,True,
confirm_friction_payload,10121,passive,validation,9,rolling_fixed_holdout,-0.3,0.0,-0.35,-0.12177347246364746,0.054392956814568565,-0.24365814796702648,-0.19480568760570383,-0.014538326222582401,-0.3193709905949289,0.08045564428184034,0.14,True,True,
confirm_friction_payload,10122,passive,validation,9,rolling_fixed_holdout,-0.3,0.0,-0.35,-0.09363728501090673,0.035376554064400406,-0.25192345908722996,-0.12913664229126592,0.07107513626810408,-0.31503077134691576,0.08101220696666024,0.14,True,True,
confirm_friction_payload,10123,passive,validation,9,rolling_fixed_holdout,-0.3,0.0,-0.35,-0.11024144283361775,0.04633515549964678,-0.2568398460930486,-0.18283806612662487,0.04690230961170187,-0.30628414067976034,0.06571793099196903,0.14,True,True,
confirm_friction_payload,10124,passive,validation,9,rolling_fixed_holdout,-0.3,0.0,-0.35,-0.11001942574762999,0.03236552528150216,-0.20906545594426051,-0.15226075686291504,0.030648963760898998,-0.2734353099837534,0.09910900092722755,0.14,True,True,
confirm_friction_payload,10125,passive,validation,9,rolling_fixed_holdout,-0.3,0.0,-0.35,-0.14401903999879095,0.01446711056575099,-0.17709537416259283,-0.19767095345556046,0.06412823917312285,-0.28727897139420655,0.07439117509329304,0.14,True,True,
confirm_friction_payload,10126,passive,validation,9,rolling_fixed_holdout,-0.3,0.0,-0.35,-0.11681970726738893,0.03880127278184,-0.2743867562036005,-0.19354983908041162,-0.02341508173598465,-0.3317597318686156,0.07490432395051272,0.14,True,True,
confirm_friction_payload,10127,passive,validation,9,rolling_fixed_holdout,-0.3,0.0,-0.35,-0.18848890171521815,0.016239940032819707,-0.2571198016167762,-0.23603148218156672,0.007886496275240629,-0.2815146472097711,0.09464020070179123,0.14,True,True,
confirm_friction_payload,10128,passive,validation,9,rolling_fixed_holdout,-0.3,0.0,-0.35,-0.10713102209812532,0.02529019073082699,-0.21279265850075174,-0.15664321387569657,0.07107376201994708,-0.26817276971531656,0.07744813506632386,0.14,True,True,
confirm_friction_payload,10129,passive,validation,9,rolling_fixed_holdout,-0.3,0.0,-0.35,-0.12277667742910593,0.040241134841122066,-0.21949571411993218,-0.21774836854662455,0.03533384407685611,-0.30650641410680507,0.07839793114002376,0.14,True,True,
confirm_friction_payload,10130,passive,validation,9,rolling_fixed_holdout,-0.3,0.0,-0.35,-0.14117956421770753,0.031845674581920676,-0.14705095954668096,-0.1755884837699008,0.07796557105042931,-0.2772782260254068,0.06697091635230792,0.14,True,True,
confirm_friction_payload,10131,passive,validation,9,rolling_fixed_holdout,-0.3,0.0,-0.35,-0.15413780356753085,0.019356248072020618,-0.17984211355869864,-0.19881506534210971,0.06114048228101233,-0.28134404245105465,0.09491225521019672,0.14,True,True,
confirm_friction_payload,10132,passive,validation,9,rolling_fixed_holdout,-0.3,0.0,-0.35,-0.10621992814723125,0.030277153600867964,-0.23663911395335457,-0.13993244300794022,0.06155706480657737,-0.2969961423676547,0.06982861135436079,0.14,True,True,
confirm_friction_payload,10133,passive,validation,9,rolling_fixed_holdout,-0.3,0.0,-0.35,-0.14511590420594792,0.02771969630686848,-0.16071828521325535,-0.1409856325191954,0.06964373306316768,-0.30476101300985586,0.06241108344849113,0.14,True,True,
confirm_friction_payload,10134,passive,validation,9,rolling_fixed_holdout,-0.3,0.0,-0.35,-0.11232323546212167,0.027555440699528297,-0.23060155310491603,-0.1391875986950277,0.0682358641677113,-0.31522435345088784,0.060461674676961216,0.14,True,True,
confirm_friction_payload,10135,passive,validation,9,rolling_fixed_holdout,-0.3,0.0,-0.35,-0.10086817583798074,0.035589699953932796,-0.15747340495444415,-0.1253621108603002,0.07159469610454416,-0.26197621232569074,0.08340561904294021,0.14,True,True,
confirm_friction_payload,10136,passive,validation,9,rolling_fixed_holdout,-0.3,0.0,-0.35,-0.1184548314809756,0.038842957926519414,-0.21367993379584818,-0.13300504572133032,0.06923559330352262,-0.30982991068117666,0.048491042274173085,0.13509441202791128,True,True,
confirm_friction_payload,10137,passive,validation,9,rolling_fixed_holdout,-0.3,0.0,-0.35,-0.13479898754345918,0.029932771726635325,-0.21101393202560248,-0.21059403422260325,0.04664594390336989,-0.29333373862254236,0.08464511483449601,0.14,True,True,
confirm_friction_payload,10138,passive,validation,9,rolling_fixed_holdout,-0.3,0.0,-0.35,-0.14799746775046146,0.025200094451121566,-0.14614601462815868,-0.15807415403984268,0.04478506719015592,-0.26322585389084435,0.07662091661363285,0.14,True,True,
confirm_friction_payload,10139,passive,validation,9,rolling_fixed_holdout,-0.3,0.0,-0.35,-0.13896381669577113,0.03809082305093537,-0.21933111702578414,-0.17253106307145893,0.041045785969751725,-0.325251660457802,0.05995807842229576,0.14,True,True,
confirm_friction_payload,10140,passive,validation,9,rolling_fixed_holdout,-0.3,0.0,-0.35,-0.10033400548101337,0.03542239258333499,-0.24101490339814183,-0.13289247484659777,0.0660532921354474,-0.32686486186779723,0.13526366770487436,0.14,True,True,
confirm_friction_payload,10141,passive,validation,9,rolling_fixed_holdout,-0.3,0.0,-0.35,-0.1744049141537514,0.0041168847025834215,-0.14845516661871566,-0.16116546434586718,0.05902851759913871,-0.28470296659678584,0.09654617589118489,0.14,True,True,
confirm_friction_payload,10142,passive,validation,9,rolling_fixed_holdout,-0.3,0.0,-0.35,-0.12394650420725736,0.025070736534624556,-0.20701295003996387,-0.17280572819851273,0.08127943901561822,-0.2897046404119788,0.07060545084830652,0.14,True,True,
confirm_friction_payload,10143,passive,validation,9,rolling_fixed_holdout,-0.3,0.0,-0.35,-0.13368511753565634,0.037395107283105106,-0.1683487488527233,-0.16695126679860064,0.044109103226351,-0.29588024991077444,0.050190714114641446,0.14,True,True,
confirm_friction_payload,10144,passive,validation,9,rolling_fixed_holdout,-0.3,0.0,-0.35,-0.128668432518283,0.02739210132300188,-0.20003482111839355,-0.18397238123679305,0.051566479974598116,-0.31301197164046796,0.0914671309960345,0.14,True,True,
confirm_friction_payload,10145,passive,validation,9,rolling_fixed_holdout,-0.3,0.0,-0.35,-0.14500482854761962,0.038861917426569935,-0.1461116458899663,-0.18608026826284713,0.03420600052543379,-0.25804868831450617,0.08258201240975206,0.14,True,True,
confirm_friction_payload,10146,passive,validation,9,rolling_fixed_holdout,-0.3,0.0,-0.35,-0.10420244030225513,0.035224947862806624,-0.18406367631000864,-0.14567716074411352,0.07576749136739012,-0.27075376224464115,0.08292342308296831,0.14,True,True,
confirm_friction_payload,10147,passive,validation,9,rolling_fixed_holdout,-0.3,0.0,-0.35,-0.14377512964274503,0.029507832700857505,-0.2287744523695446,-0.20977551194579783,-0.012584574068968736,-0.3189681092322512,0.0838516622774689,0.14,True,True,
confirm_friction_payload,10148,passive,validation,9,rolling_fixed_holdout,-0.3,0.0,-0.35,-0.14441822978913293,0.03185568082145298,-0.17491251161243626,-0.1533090442748669,0.06986226506116694,-0.30192273404338865,0.0867910431149954,0.14,True,True,
confirm_friction_payload,10149,passive,validation,9,rolling_fixed_holdout,-0.3,0.0,-0.35,-0.09560171840628345,0.03313857559728898,-0.2671484543557525,-0.14684865993211305,0.07642831378420324,-0.2944380013305158,0.06027406147613665,0.13879247939217293,True,True,
confirm_friction_payload,10150,passive,validation,9,rolling_fixed_holdout,-0.3,0.0,-0.35,-0.09623212266361787,0.039165898115205836,-0.2093995758876244,-0.22336853067565057,-0.04276678364665404,-0.2991559599263632,0.10139729377703784,0.1356116642251496,True,True,
confirm_friction_payload,10151,passive,validation,9,rolling_fixed_holdout,-0.3,0.0,-0.35,-0.12577795181174067,0.033938888985430335,-0.09714226791360168,-0.12589988364800242,0.05805720965139301,-0.29904751156057985,0.10186687544204986,0.14,True,True,
confirm_friction_payload,10152,passive,validation,9,rolling_fixed_holdout,-0.3,0.0,-0.35,-0.14278449929959428,0.029580310818724847,-0.12853928460431788,-0.15615986258216222,0.06988090259407323,-0.2701768095897768,0.058281296488923384,0.14,True,True,
confirm_friction_payload,10153,passive,validation,9,rolling_fixed_holdout,-0.3,0.0,-0.35,-0.12538768052628346,0.04211990865330061,-0.21001113040534858,-0.20241553922619637,0.01431737594463169,-0.30692036631789527,0.08072199378456803,0.14,True,True,
confirm_friction_payload,10154,passive,validation,9,rolling_fixed_holdout,-0.3,0.0,-0.35,-0.15242616072850051,0.01442686387289845,-0.1749135583426918,-0.1642910251604952,0.04722458550928066,-0.308515376303985,0.07471066092256556,0.14,True,True,
confirm_friction_payload,10155,passive,validation,9,rolling_fixed_holdout,-0.3,0.0,-0.35,-0.1364129056648977,0.005722749639459784,-0.14893174757102762,-0.15218373903534682,0.06018103789330054,-0.2908586937650324,0.06402659822500412,0.14,True,True,
confirm_friction_payload,10156,passive,validation,9,rolling_fixed_holdout,-0.3,0.0,-0.35,-0.10684342822614377,0.035885075529117495,-0.23355471678971987,-0.18547050964664644,0.04051901783549946,-0.287383455812663,0.08417034799911562,0.14,True,True,
confirm_friction_payload,10157,passive,validation,9,rolling_fixed_holdout,-0.3,0.0,-0.35,-0.12263616346836125,0.03167407603852007,-0.19724370303710942,-0.20794828814782348,0.011891689095767724,-0.3045611793109376,0.10038666449055356,0.14,True,True,
confirm_friction_payload,10158,passive,validation,9,rolling_fixed_holdout,-0.3,0.0,-0.35,-0.13378686858471867,0.03228617175338239,-0.18347222310885575,-0.14193946329022958,0.06551766460361587,-0.3128262744486257,0.07060545083779143,0.14,True,True,
confirm_friction_payload,10159,passive,validation,9,rolling_fixed_holdout,-0.3,0.0,-0.35,-0.12300624343307345,0.02703351595524635,-0.18910241639603656,-0.16567288360842597,0.08028082228144846,-0.267515565424748,0.06297796118586721,0.14,True,True,
confirm_friction_payload,10160,passive,validation,9,rolling_fixed_holdout,-0.3,0.0,-0.35,-0.14422815404824735,0.022472823141129583,-0.1391065300861799,-0.14054838029647077,0.06450773607765413,-0.29754778536484777,0.06779470298651483,0.14,True,True,
confirm_friction_payload,10161,passive,validation,9,rolling_fixed_holdout,-0.3,0.0,-0.35,-0.14643300027356193,0.02937744503159366,-0.12740480563388829,-0.17215742081511218,0.0666340968589671,-0.2511049376787843,0.07987200059050267,0.14,True,True,
confirm_friction_payload,10162,passive,validation,9,rolling_fixed_holdout,-0.3,0.0,-0.35,-0.13440128601250131,0.040200521725861804,-0.2311711270879742,-0.21943707317969313,0.033972397371591995,-0.30259599610667665,0.04460891827993363,0.14,True,True,
confirm_friction_payload,10163,passive,validation,9,rolling_fixed_holdout,-0.3,0.0,-0.35,-0.15375629064341878,0.01730120763153771,-0.17269193736044808,-0.17616249377784401,0.0403965817629321,-0.32408283356619594,0.0677510136657663,0.14,True,True,
confirm_friction_payload,10164,passive,validation,9,rolling_fixed_holdout,-0.3,0.0,-0.35,-0.10575391246052074,0.04730035639053335,-0.20225004758567952,-0.18876218235764677,0.013215348201098128,-0.3224089568062015,0.06457268993413005,0.14,True,True,
confirm_friction_payload,10165,passive,validation,9,rolling_fixed_holdout,-0.3,0.0,-0.35,-0.11216000767810447,0.04645622099656391,-0.1805457675367845,-0.19024788976390916,0.011735323227793134,-0.30356215550163057,0.059200051632958474,0.14,True,True,
confirm_friction_payload,10166,passive,validation,9,rolling_fixed_holdout,-0.3,0.0,-0.35,-0.11258998002089245,0.04052286629703008,-0.16500050764738824,-0.1709723371874343,0.032992525919470356,-0.3051083668121142,0.05585534034026447,0.14,True,True,
confirm_friction_payload,10167,passive,validation,9,rolling_fixed_holdout,-0.3,0.0,-0.35,-0.11868583278262076,0.0340712047963107,-0.18552028014161154,-0.15134412451557133,0.04832120768707083,-0.30336703710537194,0.0733474772641309,0.14,True,True,
confirm_friction_payload,10168,passive,validation,9,rolling_fixed_holdout,-0.3,0.0,-0.35,-0.11687184244579375,0.01870420319617365,-0.22194211401374989,-0.1408024119517493,0.0681902226033983,-0.29641520719151054,0.050211278161700755,0.14,True,True,
confirm_friction_payload,10169,passive,validation,9,rolling_fixed_holdout,-0.3,0.0,-0.35,-0.09074512647643934,0.036981469324809335,-0.23817817920939421,-0.13024986703126876,0.05467592255469219,-0.3032497616275114,0.06335212732283958,0.13600628137377527,True,True,
confirm_friction_payload,10170,passive,validation,9,rolling_fixed_holdout,-0.3,0.0,-0.35,-0.09943984539778801,0.044345188477493615,-0.2660579260653572,-0.18913544831749302,-0.03390109582937371,-0.3097966491270178,0.06470575214052296,0.14,True,True,
confirm_friction_payload,10171,passive,validation,9,rolling_fixed_holdout,-0.3,0.0,-0.35,-0.07320529580276008,0.04599678234309291,-0.21972945697954938,-0.1771717250516158,-0.018578638088574993,-0.3366005260890956,0.07497271162141363,0.13435273571828163,True,True,
confirm_friction_payload,10172,passive,validation,9,rolling_fixed_holdout,-0.3,0.0,-0.35,-0.10977645027039357,0.031702163859753676,-0.2000558765294465,-0.1602901099705276,0.06993087500306476,-0.2748946797480737,0.06749356952210507,0.14,True,True,
confirm_friction_payload,10101,passive,adaptation,10,stopped_after_recovery,0.0,0.0,0.0,0.0021807553735035978,0.0036863650814998625,0.08911016460191015,nan,nan,nan,nan,0.14,False,True,
confirm_friction_payload,10102,passive,adaptation,10,stopped_after_recovery,0.0,0.0,0.0,0.0029364528644994017,0.004828989616117888,0.040326101698523166,nan,nan,nan,nan,0.1328210869158238,False,True,
confirm_friction_payload,10103,passive,adaptation,10,stopped_after_recovery,0.0,0.0,0.0,-0.010590394464771504,0.012804104518692303,0.07116477744303672,nan,nan,nan,nan,0.14,False,True,
confirm_friction_payload,10104,passive,adaptation,10,stopped_after_recovery,0.0,0.0,0.0,0.011991973440073979,0.008594623463475259,0.056430476813644256,nan,nan,nan,nan,0.14,False,True,
confirm_friction_payload,10105,passive,adaptation,10,stopped_after_recovery,0.0,0.0,0.0,0.007154172841064843,0.007249816261491175,0.07813537928527706,nan,nan,nan,nan,0.14,False,True,
confirm_friction_payload,10106,passive,adaptation,10,stopped_after_recovery,0.0,0.0,0.0,-0.0014444335783730803,0.00404398849664071,0.07536130347726308,nan,nan,nan,nan,0.14,False,True,
confirm_friction_payload,10107,passive,adaptation,10,stopped_after_recovery,0.0,0.0,0.0,0.00899977052613983,0.008778811154964934,0.07501322346215643,nan,nan,nan,nan,0.14,False,True,
confirm_friction_payload,10108,passive,adaptation,10,stopped_after_recovery,0.0,0.0,0.0,0.00854180061254885,0.019513010034493922,0.07045964501046695,nan,nan,nan,nan,0.14,False,True,
confirm_friction_payload,10109,passive,adaptation,10,stopped_after_recovery,0.0,0.0,0.0,-0.00946236877719766,-0.007759129725526668,0.05969727793534003,nan,nan,nan,nan,0.13874413128194593,False,True,
confirm_friction_payload,10110,passive,adaptation,10,stopped_after_recovery,0.0,0.0,0.0,-0.0027472360906160604,-0.001582483767165242,0.09709612174378295,nan,nan,nan,nan,0.14,False,True,
confirm_friction_payload,10111,passive,adaptation,10,stopped_after_recovery,0.0,0.0,0.0,0.004025302653840918,0.003686873961260378,0.023628315227769585,nan,nan,nan,nan,0.14,False,True,
confirm_friction_payload,10112,passive,adaptation,10,stopped_after_recovery,0.0,0.0,0.0,0.00777089143346347,0.01035547848498496,0.039898791075948604,nan,nan,nan,nan,0.14,False,True,
confirm_friction_payload,10113,passive,adaptation,10,stopped_after_recovery,0.0,0.0,0.0,0.008257318668421752,0.00047602448283440914,0.04887518493279042,nan,nan,nan,nan,0.13741472515514244,False,True,
confirm_friction_payload,10114,passive,adaptation,10,stopped_after_recovery,0.0,0.0,0.0,0.012676755029314542,0.009799862787284492,0.07184328750759134,nan,nan,nan,nan,0.14,False,True,
confirm_friction_payload,10115,passive,adaptation,10,stopped_after_recovery,0.0,0.0,0.0,0.004623684947665896,0.011799572987285383,0.05746408780609867,nan,nan,nan,nan,0.14,False,True,
confirm_friction_payload,10116,passive,adaptation,10,stopped_after_recovery,0.0,0.0,0.0,0.007269226299789584,0.0059758722774958745,0.025453533618203846,nan,nan,nan,nan,0.14,False,True,
confirm_friction_payload,10117,passive,adaptation,10,stopped_after_recovery,0.0,0.0,0.0,0.01651890584074702,0.0016485720011109653,0.03369460784891222,nan,nan,nan,nan,0.14,False,True,
confirm_friction_payload,10118,passive,adaptation,10,stopped_after_recovery,0.0,0.0,0.0,0.00025242168062779914,0.0042418674526458035,0.04459887582859485,nan,nan,nan,nan,0.14,False,True,
confirm_friction_payload,10119,passive,adaptation,10,stopped_after_recovery,0.0,0.0,0.0,-0.007968746289365718,0.01471724791087015,0.06982497858522982,nan,nan,nan,nan,0.13149388015904118,False,True,
confirm_friction_payload,10120,passive,adaptation,10,stopped_after_recovery,0.0,0.0,0.0,0.015348352890653397,0.010906888634576185,0.04904767051657201,nan,nan,nan,nan,0.14,False,True,
confirm_friction_payload,10121,passive,adaptation,10,stopped_after_recovery,0.0,0.0,0.0,-0.00455584942863772,0.0016927899104523913,0.05471724858616426,nan,nan,nan,nan,0.14,False,True,
confirm_friction_payload,10122,passive,adaptation,10,stopped_after_recovery,0.0,0.0,0.0,-5.125977681095207e-05,0.007231166322144317,0.04340786814004804,nan,nan,nan,nan,0.14,False,True,
confirm_friction_payload,10123,passive,adaptation,10,stopped_after_recovery,0.0,0.0,0.0,0.013022644520907237,0.009833054670124308,0.06914359488560419,nan,nan,nan,nan,0.14,False,True,
confirm_friction_payload,10124,passive,adaptation,10,stopped_after_recovery,0.0,0.0,0.0,0.005399872185848047,0.005966520608642512,0.02073993650496555,nan,nan,nan,nan,0.14,False,True,
confirm_friction_payload,10125,passive,adaptation,10,stopped_after_recovery,0.0,0.0,0.0,0.012014311679912465,0.010108297350664949,0.04852287032737494,nan,nan,nan,nan,0.14,False,True,
confirm_friction_payload,10126,passive,adaptation,10,stopped_after_recovery,0.0,0.0,0.0,0.012078234871554377,2.6762795796259723e-05,0.009240877000893091,nan,nan,nan,nan,0.14,False,True,
confirm_friction_payload,10127,passive,adaptation,10,stopped_after_recovery,0.0,0.0,0.0,-0.027283185086949796,-0.018279735501338962,0.05152707540235235,nan,nan,nan,nan,0.14,False,True,
confirm_friction_payload,10128,passive,adaptation,10,stopped_after_recovery,0.0,0.0,0.0,-0.001555090236351329,0.007149206737430393,0.034438764896992935,nan,nan,nan,nan,0.14,False,True,
confirm_friction_payload,10129,passive,adaptation,10,stopped_after_recovery,0.0,0.0,0.0,-0.005839996215505241,0.0070952892220811775,0.06159293576278936,nan,nan,nan,nan,0.14,False,True,
confirm_friction_payload,10130,passive,adaptation,10,stopped_after_recovery,0.0,0.0,0.0,0.01578132363251086,0.010702417079002997,0.07313805291140649,nan,nan,nan,nan,0.14,False,True,
confirm_friction_payload,10131,passive,adaptation,10,stopped_after_recovery,0.0,0.0,0.0,0.002463593303312128,0.006607793088673325,0.0391716367736867,nan,nan,nan,nan,0.14,False,True,
confirm_friction_payload,10132,passive,adaptation,10,stopped_after_recovery,0.0,0.0,0.0,0.004405352764013511,0.008261122596100887,0.044830968355414946,nan,nan,nan,nan,0.14,False,True,
confirm_friction_payload,10133,passive,adaptation,10,stopped_after_recovery,0.0,0.0,0.0,0.010560260302297729,0.008783602851848708,0.07783627608997173,nan,nan,nan,nan,0.14,False,True,
confirm_friction_payload,10134,passive,adaptation,10,stopped_after_recovery,0.0,0.0,0.0,0.0036382045567720013,0.008195823674710922,0.04179939617601186,nan,nan,nan,nan,0.14,False,True,
confirm_friction_payload,10135,passive,adaptation,10,stopped_after_recovery,0.0,0.0,0.0,0.004405589859803396,0.01206045240654467,0.05979337834660365,nan,nan,nan,nan,0.14,False,True,
confirm_friction_payload,10136,passive,adaptation,10,stopped_after_recovery,0.0,0.0,0.0,0.014144946650468747,0.009926728148228394,0.06378148353200978,nan,nan,nan,nan,0.13509441202791128,False,True,
confirm_friction_payload,10137,passive,adaptation,10,stopped_after_recovery,0.0,0.0,0.0,0.004298777374153164,0.00612883060259552,0.031558064476770696,nan,nan,nan,nan,0.14,False,True,
confirm_friction_payload,10138,passive,adaptation,10,stopped_after_recovery,0.0,0.0,0.0,0.002192821464339846,0.008569005187875284,0.05852438136169938,nan,nan,nan,nan,0.14,False,True,
confirm_friction_payload,10139,passive,adaptation,10,stopped_after_recovery,0.0,0.0,0.0,0.012327262608765805,0.009170211492637822,0.05238898282086142,nan,nan,nan,nan,0.14,False,True,
confirm_friction_payload,10140,passive,adaptation,10,stopped_after_recovery,0.0,0.0,0.0,0.007071627871383454,0.007490498996565735,0.08050853980848231,nan,nan,nan,nan,0.14,False,True,
confirm_friction_payload,10141,passive,adaptation,10,stopped_after_recovery,0.0,0.0,0.0,0.007118592930673826,0.006607894990772362,0.02902272910052771,nan,nan,nan,nan,0.14,False,True,
confirm_friction_payload,10142,passive,adaptation,10,stopped_after_recovery,0.0,0.0,0.0,0.00769307081983663,0.005562275354694243,0.006769784453715891,nan,nan,nan,nan,0.14,False,True,
confirm_friction_payload,10143,passive,adaptation,10,stopped_after_recovery,0.0,0.0,0.0,0.0024151480056103197,-0.003407418575199102,0.0761750038858427,nan,nan,nan,nan,0.14,False,True,
confirm_friction_payload,10144,passive,adaptation,10,stopped_after_recovery,0.0,0.0,0.0,0.002379949842758195,0.006410574368488353,0.032026674563227255,nan,nan,nan,nan,0.14,False,True,
confirm_friction_payload,10145,passive,adaptation,10,stopped_after_recovery,0.0,0.0,0.0,0.00586232791721709,0.006523266333848381,0.08765309738648544,nan,nan,nan,nan,0.14,False,True,
confirm_friction_payload,10146,passive,adaptation,10,stopped_after_recovery,0.0,0.0,0.0,0.002624285925788963,0.004072521948102475,0.051872600352921065,nan,nan,nan,nan,0.14,False,True,
confirm_friction_payload,10147,passive,adaptation,10,stopped_after_recovery,0.0,0.0,0.0,-0.0017678864702909325,0.006583498873352683,0.04922328770484887,nan,nan,nan,nan,0.14,False,True,
confirm_friction_payload,10148,passive,adaptation,10,stopped_after_recovery,0.0,0.0,0.0,0.006643540556432803,0.006353368203518851,0.07749503599891606,nan,nan,nan,nan,0.14,False,True,
confirm_friction_payload,10149,passive,adaptation,10,stopped_after_recovery,0.0,0.0,0.0,0.01137888811599078,0.00924763113325252,0.0498438473784301,nan,nan,nan,nan,0.13879247939217293,False,True,
confirm_friction_payload,10150,passive,adaptation,10,stopped_after_recovery,0.0,0.0,0.0,-0.003416914694753674,0.002615861091875996,0.054888019335433046,nan,nan,nan,nan,0.1356116642251496,False,True,
confirm_friction_payload,10151,passive,adaptation,10,stopped_after_recovery,0.0,0.0,0.0,-0.00722278877305476,0.0129742327241286,0.07124931934280512,nan,nan,nan,nan,0.14,False,True,
confirm_friction_payload,10152,passive,adaptation,10,stopped_after_recovery,0.0,0.0,0.0,0.0007470210624673166,0.017100243557148627,0.07154071809657449,nan,nan,nan,nan,0.14,False,True,
confirm_friction_payload,10153,passive,adaptation,10,stopped_after_recovery,0.0,0.0,0.0,-0.021547829538575525,-0.020605444263281675,0.07588564353198515,nan,nan,nan,nan,0.14,False,True,
confirm_friction_payload,10154,passive,adaptation,10,stopped_after_recovery,0.0,0.0,0.0,0.0007003004088612574,0.0067030067028526884,0.039213708313849044,nan,nan,nan,nan,0.14,False,True,
confirm_friction_payload,10155,passive,adaptation,10,stopped_after_recovery,0.0,0.0,0.0,0.013140960084196704,0.010742647152161347,0.04884607312749636,nan,nan,nan,nan,0.14,False,True,
confirm_friction_payload,10156,passive,adaptation,10,stopped_after_recovery,0.0,0.0,0.0,0.0037759330605055368,0.00612954964471323,0.029812266303328627,nan,nan,nan,nan,0.14,False,True,
confirm_friction_payload,10157,passive,adaptation,10,stopped_after_recovery,0.0,0.0,0.0,0.005441465404127763,0.0017910613667910628,0.01346330479134538,nan,nan,nan,nan,0.14,False,True,
confirm_friction_payload,10158,passive,adaptation,10,stopped_after_recovery,0.0,0.0,0.0,2.2575510244760706e-06,0.006345455842689152,0.04540799991506592,nan,nan,nan,nan,0.14,False,True,
confirm_friction_payload,10159,passive,adaptation,10,stopped_after_recovery,0.0,0.0,0.0,0.0039109219878819485,0.005778085478264554,0.028057623218459917,nan,nan,nan,nan,0.14,False,True,
confirm_friction_payload,10160,passive,adaptation,10,stopped_after_recovery,0.0,0.0,0.0,0.002648270815092575,0.013494774675757236,0.06640103582670294,nan,nan,nan,nan,0.14,False,True,
confirm_friction_payload,10161,passive,adaptation,10,stopped_after_recovery,0.0,0.0,0.0,0.005092066748768151,0.014553169481730428,0.06041671921513598,nan,nan,nan,nan,0.14,False,True,
confirm_friction_payload,10162,passive,adaptation,10,stopped_after_recovery,0.0,0.0,0.0,0.010050867910934663,0.0060116604983187945,0.0720811803171958,nan,nan,nan,nan,0.14,False,True,
confirm_friction_payload,10163,passive,adaptation,10,stopped_after_recovery,0.0,0.0,0.0,0.0012275140377978498,0.004956361146431346,0.04955150916075438,nan,nan,nan,nan,0.14,False,True,
confirm_friction_payload,10164,passive,adaptation,10,stopped_after_recovery,0.0,0.0,0.0,0.009536521103830044,0.0100998895654093,0.0698841812113049,nan,nan,nan,nan,0.14,False,True,
confirm_friction_payload,10165,passive,adaptation,10,stopped_after_recovery,0.0,0.0,0.0,-0.005347436083170959,-0.012853302848402996,0.09369848086128012,nan,nan,nan,nan,0.14,False,True,
confirm_friction_payload,10166,passive,adaptation,10,stopped_after_recovery,0.0,0.0,0.0,0.011606919710743626,0.01350908551344503,0.05676146480259145,nan,nan,nan,nan,0.14,False,True,
confirm_friction_payload,10167,passive,adaptation,10,stopped_after_recovery,0.0,0.0,0.0,-0.001315339669874314,0.006298393644809474,0.045533359069788365,nan,nan,nan,nan,0.14,False,True,
confirm_friction_payload,10168,passive,adaptation,10,stopped_after_recovery,0.0,0.0,0.0,0.005846398272603607,0.00871904619595712,0.04372475200571972,nan,nan,nan,nan,0.14,False,True,
confirm_friction_payload,10169,passive,adaptation,10,stopped_after_recovery,0.0,0.0,0.0,-0.0006507726382989466,0.007465601777550579,0.05113654587996206,nan,nan,nan,nan,0.13600628137377527,False,True,
confirm_friction_payload,10170,passive,adaptation,10,stopped_after_recovery,0.0,0.0,0.0,0.005819411940035533,0.005561917266252988,0.02798694539788566,nan,nan,nan,nan,0.14,False,True,
confirm_friction_payload,10171,passive,adaptation,10,stopped_after_recovery,0.0,0.0,0.0,0.003938740886498388,0.008860183896179626,0.055190468719324044,nan,nan,nan,nan,0.13435273571828163,False,True,
confirm_friction_payload,10172,passive,adaptation,10,stopped_after_recovery,0.0,0.0,0.0,-0.0009757878067775141,0.00810909183898639,0.047381954716949885,nan,nan,nan,nan,0.14,False,True,
confirm_friction_payload,10101,passive,validation,10,rolling_fixed_holdout,-0.3,0.0,0.35,-0.04804551753539696,0.04371100225629254,-0.059168657597575586,-0.12956786352747754,-0.017315428738737617,0.18575507114676554,0.12837604116837628,0.14,True,True,
confirm_friction_payload,10102,passive,validation,10,rolling_fixed_holdout,-0.3,0.0,0.35,-0.035140489700061034,0.026964406729567864,-0.016328240340959695,-0.13719309990250023,-0.007154136062384861,0.20109154529787843,0.09736572765976576,0.1328210869158238,True,True,
confirm_friction_payload,10103,passive,validation,10,rolling_fixed_holdout,-0.3,0.0,0.35,-0.03889258729064566,0.017129179157192583,-0.0034902645223801876,-0.16843175762178988,-0.0256497207298248,0.2710054631015968,0.10998254320581771,0.14,True,True,
confirm_friction_payload,10104,passive,validation,10,rolling_fixed_holdout,-0.3,0.0,0.35,-0.06857343589009621,0.02031393125485342,0.06401812864417322,-0.2285021859655758,0.0056617666687072375,0.28870443921404143,0.0908372549729535,0.14,True,True,
confirm_friction_payload,10105,passive,validation,10,rolling_fixed_holdout,-0.3,0.0,0.35,-0.04124385750743307,0.03929339543117891,-0.06459555573859935,-0.11276118609247279,-0.03590118268998204,0.2145005636744145,0.10239388324266471,0.14,True,True,
confirm_friction_payload,10106,passive,validation,10,rolling_fixed_holdout,-0.3,0.0,0.35,-0.05044865948850326,0.032773751081338925,-0.03889924515633335,-0.13184544185731897,-0.025248864926804563,0.15784338959543207,0.09153845920555373,0.14,True,True,
confirm_friction_payload,10107,passive,validation,10,rolling_fixed_holdout,-0.3,0.0,0.35,-0.04968902191729967,0.03282734425886611,-0.023762122841900483,-0.12741694555953598,-0.030764831788628766,0.20902438601493978,0.0895271709473668,0.14,True,True,
confirm_friction_payload,10108,passive,validation,10,rolling_fixed_holdout,-0.3,0.0,0.35,-0.05421405237799093,0.0351999202363652,-0.07522723279771404,-0.14767364010852702,-0.017773708854786748,0.2393941436207093,0.12089429451292445,0.14,True,True,
confirm_friction_payload,10109,passive,validation,10,rolling_fixed_holdout,-0.3,0.0,0.35,-0.03583714290777845,0.028226200761658268,-0.029777923858538172,-0.16444865635635494,0.005765536199225367,0.2277666057516026,0.11125706421449023,0.13874413128194593,True,True,
confirm_friction_payload,10110,passive,validation,10,rolling_fixed_holdout,-0.3,0.0,0.35,-0.04761874227181896,0.024255185736426783,-0.04116897456568975,-0.1401161850766715,-0.02443220062243666,0.18507714780083434,0.10999220754396176,0.14,True,True,
confirm_friction_payload,10111,passive,validation,10,rolling_fixed_holdout,-0.3,0.0,0.35,-0.036643250950168405,-0.0002589363047202519,0.03532273837274576,-0.22978752666991276,-0.03781860168619692,0.2722531895776831,0.10279294454847739,0.14,True,True,
confirm_friction_payload,10112,passive,validation,10,rolling_fixed_holdout,-0.3,0.0,0.35,-0.0691706179867851,0.008025780414885149,0.080017598977048,-0.19228554054596042,-0.01804781395790397,0.2525407092230523,0.07643680289418012,0.14,True,True,
confirm_friction_payload,10113,passive,validation,10,rolling_fixed_holdout,-0.3,0.0,0.35,-0.02960234567648174,0.024518241375729024,-0.011560766371200073,-0.09482186417617088,-0.03267819855131684,0.15669216094994043,0.10191224733151738,0.13741472515514244,True,True,
confirm_friction_payload,10114,passive,validation,10,rolling_fixed_holdout,-0.3,0.0,0.35,-0.05058755998308766,0.03928341378605454,-0.04260866547011177,-0.14072298004755465,-0.02455662130358262,0.18874536136390596,0.09308976650365464,0.14,True,True,
confirm_friction_payload,10115,passive,validation,10,rolling_fixed_holdout,-0.3,0.0,0.35,-0.059241187825312756,0.025741160017770985,-0.016665634075232878,-0.150462929878005,-0.021779182683913607,0.2625645991853273,0.10098899031806442,0.14,True,True,
confirm_friction_payload,10116,passive,validation,10,rolling_fixed_holdout,-0.3,0.0,0.35,-0.05430426101675457,0.021512821085826982,-0.030314445345939887,-0.15100457321145513,-0.022569471283520236,0.19184563687172412,0.10184527109323172,0.14,True,True,
confirm_friction_payload,10117,passive,validation,10,rolling_fixed_holdout,-0.3,0.0,0.35,-0.03476947191209004,0.013317995226416466,-0.02555681207441521,-0.13046543001298871,-0.037948119470995745,0.2071498975971687,0.0837546295949252,0.14,True,True,
confirm_friction_payload,10118,passive,validation,10,rolling_fixed_holdout,-0.3,0.0,0.35,-0.055905197377066417,0.015557830836695551,-0.018176177260331713,-0.16444802602041828,-0.029914928728854064,0.1911070266347218,0.10598649308584324,0.14,True,True,
confirm_friction_payload,10119,passive,validation,10,rolling_fixed_holdout,-0.3,0.0,0.35,-0.03873453527099832,0.01864080047401874,-0.006516865457779686,-0.12158655353818934,-0.018759494135945947,0.20424135117962994,0.08260898510337401,0.13149388015904118,True,True,
confirm_friction_payload,10120,passive,validation,10,rolling_fixed_holdout,-0.3,0.0,0.35,-0.046512767348366874,0.010274701993949852,-0.0160432691737195,-0.13945734054844403,-0.041080700019103716,0.23081494333921906,0.10121538715635901,0.14,True,True,
confirm_friction_payload,10121,passive,validation,10,rolling_fixed_holdout,-0.3,0.0,0.35,-0.030113025369958857,0.030577504750989,-0.009210772006715308,-0.11934134054900199,-0.03727885139425587,0.18599838533102228,0.08307459997209737,0.14,True,True,
confirm_friction_payload,10122,passive,validation,10,rolling_fixed_holdout,-0.3,0.0,0.35,-0.04569547073481709,0.01816475741761244,0.0621760692271799,-0.15516158961446935,-0.033265577335894386,0.26938488618280537,0.08915587836518854,0.14,True,True,
confirm_friction_payload,10123,passive,validation,10,rolling_fixed_holdout,-0.3,0.0,0.35,-0.05884595873043818,0.015556468287747325,0.056213521573606026,-0.21829725777303122,-0.015451312054117998,0.2742716648673474,0.08887652954244582,0.14,True,True,
confirm_friction_payload,10124,passive,validation,10,rolling_fixed_holdout,-0.3,0.0,0.35,-0.12881303147603274,-0.00535751874609137,-0.027680253408154023,-0.12628311329205924,-0.029514941585317905,0.14275071639306539,0.08347148287716515,0.14,True,True,
confirm_friction_payload,10125,passive,validation,10,rolling_fixed_holdout,-0.3,0.0,0.35,-0.08536103789400552,0.013230606524124429,0.12595013457709586,-0.2510732186580224,-0.01027748599174253,0.28617084350904404,0.08930197950741121,0.14,True,True,
confirm_friction_payload,10126,passive,validation,10,rolling_fixed_holdout,-0.3,0.0,0.35,-0.03302504397999053,0.01935516836671834,0.00014092363040954463,-0.1395970517238399,-0.04101381897598183,0.17793364695818373,0.07876453705387998,0.14,True,True,
confirm_friction_payload,10127,passive,validation,10,rolling_fixed_holdout,-0.3,0.0,0.35,-0.028406677455975974,0.02784063033025042,-0.009236137182836224,-0.2069267719738197,-0.051917228019184455,0.22109225295814539,0.1126057977003914,0.14,True,True,
confirm_friction_payload,10128,passive,validation,10,rolling_fixed_holdout,-0.3,0.0,0.35,-0.04693382389413107,0.014847075034465897,0.02873379831150573,-0.204134505787815,-0.013995151932481164,0.2999588513419157,0.10768378638202179,0.14,True,True,
confirm_friction_payload,10129,passive,validation,10,rolling_fixed_holdout,-0.3,0.0,0.35,-0.05140737253209769,0.016906657962778838,-0.004051285011582142,-0.22188664733815017,0.0032876382914034685,0.2797925057842914,0.10792677955923105,0.14,True,True,
confirm_friction_payload,10130,passive,validation,10,rolling_fixed_holdout,-0.3,0.0,0.35,-0.04482332612001081,0.03303581583157406,-0.03736368008287199,-0.22430615734554624,-0.01593920787112323,0.21738169322585263,0.10842612044088619,0.14,True,True,
confirm_friction_payload,10131,passive,validation,10,rolling_fixed_holdout,-0.3,0.0,0.35,-0.08137581666659954,0.0048601499089189395,0.13287661778117044,-0.24578361474463783,0.002270656465677526,0.29634859973177474,0.08977307035258736,0.14,True,True,
confirm_friction_payload,10132,passive,validation,10,rolling_fixed_holdout,-0.3,0.0,0.35,-0.06172635749482167,0.0076461798228614234,0.05328701187472458,-0.17112349470373067,-0.014309174327264718,0.2513418257221543,0.09523502329117904,0.14,True,True,
confirm_friction_payload,10133,passive,validation,10,rolling_fixed_holdout,-0.3,0.0,0.35,-0.0446012620808923,0.03013806176940692,-0.043439581596200504,-0.12992136702447624,-0.02037656167771216,0.20095144751843103,0.09092146581120562,0.14,True,True,
confirm_friction_payload,10134,passive,validation,10,rolling_fixed_holdout,-0.3,0.0,0.35,-0.03831628643248183,0.030800861827405365,-0.018345666151952298,-0.11933339664325024,-0.027011508457070357,0.18043604584603629,0.08480974794363547,0.14,True,True,
confirm_friction_payload,10135,passive,validation,10,rolling_fixed_holdout,-0.3,0.0,0.35,-0.03910053719606888,0.03258288908841539,-0.029100449817440092,-0.1590635432953385,0.0045899095544911644,0.22150164280596765,0.10019292742923258,0.14,True,True,
confirm_friction_payload,10136,passive,validation,10,rolling_fixed_holdout,-0.3,0.0,0.35,-0.049256824525166436,0.026251195190322606,-0.018124216601447547,-0.12307379394334471,-0.006076455061796819,0.2044340196920975,0.07927544034533672,0.13509441202791128,True,True,
confirm_friction_payload,10137,passive,validation,10,rolling_fixed_holdout,-0.3,0.0,0.35,-0.02083818491736619,0.015017748728900552,-0.0004574995617418198,-0.22706817979425645,-0.020093826122394732,0.28828229594716986,0.12238230027344503,0.14,True,True,
confirm_friction_payload,10138,passive,validation,10,rolling_fixed_holdout,-0.3,0.0,0.35,-0.050596774931357925,0.036447614995452196,-0.04573981515776405,-0.12936824624670032,-0.011797114365324848,0.1856216066493605,0.08900374081498579,0.14,True,True,
confirm_friction_payload,10139,passive,validation,10,rolling_fixed_holdout,-0.3,0.0,0.35,-0.046112938505210754,0.027528245110719957,-0.014377241225704055,-0.13098306418389882,-0.03819918301118314,0.22145729968691502,0.09182025901486426,0.14,True,True,
confirm_friction_payload,10140,passive,validation,10,rolling_fixed_holdout,-0.3,0.0,0.35,-0.04171672277037274,0.03581700444655424,-0.028760310098847334,-0.12954676241227683,-0.032466196733442435,0.18443777148588797,0.14088216194023345,0.14,True,True,
confirm_friction_payload,10141,passive,validation,10,rolling_fixed_holdout,-0.3,0.0,0.35,-0.03391883701096856,0.02446263407415206,-0.017938945314170417,-0.1288656186183093,-0.04693004779059467,0.21694486293918416,0.11917540776650036,0.14,True,True,
confirm_friction_payload,10142,passive,validation,10,rolling_fixed_holdout,-0.3,0.0,0.35,-0.06932556378070666,0.006373086318239144,-0.010718959303121682,-0.20987468882890156,0.021244245587578862,0.2763671353267453,0.10503026692179238,0.14,True,True,
confirm_friction_payload,10143,passive,validation,10,rolling_fixed_holdout,-0.3,0.0,0.35,-0.03699374901380256,0.035568697223490604,-0.026367727658949503,-0.11749201794805815,-0.03509789035247069,0.1701091018800543,0.07840148134919854,0.14,True,True,
confirm_friction_payload,10144,passive,validation,10,rolling_fixed_holdout,-0.3,0.0,0.35,-0.034350628446069946,0.029534003549375295,-0.009710205741205492,-0.21164676887936354,-0.038847186455418334,0.2101930944916153,0.11442296404660904,0.14,True,True,
confirm_friction_payload,10145,passive,validation,10,rolling_fixed_holdout,-0.3,0.0,0.35,-0.041883372724694584,0.03627959325471649,-0.04663091376440122,-0.12144088611094275,-0.017427567099555348,0.1486891713803209,0.08831123747777903,0.14,True,True,
confirm_friction_payload,10146,passive,validation,10,rolling_fixed_holdout,-0.3,0.0,0.35,-0.049940022554224986,0.030263053397069948,-0.03071329716432245,-0.20419246604370359,-0.01227197274507817,0.2549265526594786,0.12258679475313601,0.14,True,True,
confirm_friction_payload,10147,passive,validation,10,rolling_fixed_holdout,-0.3,0.0,0.35,-0.040261942567396763,0.021066303342475126,-0.0243775266072032,-0.1389005831111817,-0.044090905064301245,0.21357768298430138,0.09604505709217123,0.14,True,True,
confirm_friction_payload,10148,passive,validation,10,rolling_fixed_holdout,-0.3,0.0,0.35,-0.037518092749825566,0.0287811933221356,-0.025591699193388998,-0.13116641049734676,-0.02472079069531064,0.18015891518951002,0.0928366243979832,0.14,True,True,
confirm_friction_payload,10149,passive,validation,10,rolling_fixed_holdout,-0.3,0.0,0.35,-0.04210841615576066,0.019025170668682295,0.00753089110199884,-0.16764901356707979,0.041838326090770234,0.27382273362853676,0.0980809223810013,0.13879247939217293,True,True,
confirm_friction_payload,10150,passive,validation,10,rolling_fixed_holdout,-0.3,0.0,0.35,-0.04277545241747916,0.03196811846758413,-0.03449163381268826,-0.16475577158543223,-0.05217164271688792,0.22374043252047274,0.11427613971807493,0.1356116642251496,True,True,
confirm_friction_payload,10151,passive,validation,10,rolling_fixed_holdout,-0.3,0.0,0.35,-0.03718941669163293,0.027711213991219535,-0.02318338856110848,-0.10780648121178585,-0.01219185553968245,0.16361898055488758,0.09592812803350166,0.14,True,True,
confirm_friction_payload,10152,passive,validation,10,rolling_fixed_holdout,-0.3,0.0,0.35,-0.03872346505225808,0.03133101302721636,-0.05018032005924023,-0.16841472397884993,-0.009615550248513842,0.2083863832512557,0.09978793190878504,0.14,True,True,
confirm_friction_payload,10153,passive,validation,10,rolling_fixed_holdout,-0.3,0.0,0.35,-0.0064073578302247455,0.01477374228164919,-0.015172682033517567,-0.1282129202494085,-0.030005512184763095,0.20803738523322943,0.10715626200515961,0.14,True,True,
confirm_friction_payload,10154,passive,validation,10,rolling_fixed_holdout,-0.3,0.0,0.35,-0.04312254387661361,0.020382477181173676,-0.0004151796099903449,-0.14171454973444625,-0.04275534518088482,0.22847001034398245,0.08548519564927556,0.14,True,True,
confirm_friction_payload,10155,passive,validation,10,rolling_fixed_holdout,-0.3,0.0,0.35,-0.050161555075139516,0.02763044313928101,-0.00447599830069634,-0.1367515093911839,-0.019752763205320264,0.19669800939314674,0.08218577841262562,0.14,True,True,
confirm_friction_payload,10156,passive,validation,10,rolling_fixed_holdout,-0.3,0.0,0.35,-0.03517492061652793,0.01908405754969396,-0.005386275090956357,-0.2017216827873446,-0.034448445969220975,0.24759615276662839,0.1151525192812086,0.14,True,True,
confirm_friction_payload,10157,passive,validation,10,rolling_fixed_holdout,-0.3,0.0,0.35,-0.19825082451611895,-0.10174572656506171,0.13719352750467737,-0.20759160792738954,-0.06899354805715724,0.18384864939934384,0.09245275219653593,0.14,True,True,
confirm_friction_payload,10158,passive,validation,10,rolling_fixed_holdout,-0.3,0.0,0.35,-0.04684433873482533,0.02465821312413901,-0.03641610022958241,-0.1317083614578636,-0.034615836398424034,0.19295474696165316,0.08877890572234882,0.14,True,True,
confirm_friction_payload,10159,passive,validation,10,rolling_fixed_holdout,-0.3,0.0,0.35,-0.04790269807732789,0.005612890684219171,0.04304327531659152,-0.22389814855728984,0.012693361247032232,0.29815086442513195,0.10802846377811663,0.14,True,True,
confirm_friction_payload,10160,passive,validation,10,rolling_fixed_holdout,-0.3,0.0,0.35,-0.038576743511516604,0.030619568299014938,-0.03642834041299037,-0.14053043791723507,-0.035672408167711285,0.19167633485744726,0.09520991942211605,0.14,True,True,
confirm_friction_payload,10161,passive,validation,10,rolling_fixed_holdout,-0.3,0.0,0.35,-0.04865614608891187,0.027626501969845757,-0.04097641327470368,-0.2263808875858429,-0.009932426746278063,0.31049833179062597,0.1296509219031802,0.14,True,True,
confirm_friction_payload,10162,passive,validation,10,rolling_fixed_holdout,-0.3,0.0,0.35,-0.053537470772800334,0.027629094293156707,-0.009284585170648596,-0.2241283370286997,-0.029957688548969297,0.2815393009594994,0.10615408584102425,0.14,True,True,
confirm_friction_payload,10163,passive,validation,10,rolling_fixed_holdout,-0.3,0.0,0.35,-0.0318810914548805,0.022892710464186825,-0.015528579541592692,-0.1268994187319886,-0.04151525563938726,0.17572486853799105,0.08908664959256639,0.14,True,True,
confirm_friction_payload,10164,passive,validation,10,rolling_fixed_holdout,-0.3,0.0,0.35,-0.0531316253808589,0.03645229504309198,-0.06879996929869595,-0.12766662500216033,-0.019353411133603112,0.23398349223040124,0.11158132082219968,0.14,True,True,
confirm_friction_payload,10165,passive,validation,10,rolling_fixed_holdout,-0.3,0.0,0.35,-0.019766047565827262,0.026810832897424145,-0.026557616844601735,-0.12291691906163447,-0.03372482201584327,0.18746528755647743,0.08782682177619215,0.14,True,True,
confirm_friction_payload,10166,passive,validation,10,rolling_fixed_holdout,-0.3,0.0,0.35,-0.04233673844755846,0.03564735744054154,-0.05592637255062922,-0.12968016415652933,-0.015428572731171902,0.20927255138551148,0.09684026765556282,0.14,True,True,
confirm_friction_payload,10167,passive,validation,10,rolling_fixed_holdout,-0.3,0.0,0.35,-0.050542766394090416,0.01215245851146948,0.017603266422882215,-0.16510727358863692,-0.017350220440923717,0.2456030731375702,0.0846154718106689,0.14,True,True,
confirm_friction_payload,10168,passive,validation,10,rolling_fixed_holdout,-0.3,0.0,0.35,-0.058037475327432954,0.033337412335433116,-0.0162685481723915,-0.12012816653829941,-0.018769495321073273,0.18930453396574626,0.07624303745837722,0.14,True,True,
confirm_friction_payload,10169,passive,validation,10,rolling_fixed_holdout,-0.3,0.0,0.35,-0.0517425068367837,0.015660554240742683,-0.009422808092945852,-0.13803912021112846,-0.009740686692891402,0.22964348217083325,0.09612239046065013,0.13600628137377527,True,True,
confirm_friction_payload,10170,passive,validation,10,rolling_fixed_holdout,-0.3,0.0,0.35,-0.06463966511922287,0.026036971755464534,-0.029434696463985666,-0.13913609242918148,-0.0244718883881809,0.1550566161941632,0.0852223253298322,0.14,True,True,
confirm_friction_payload,10171,passive,validation,10,rolling_fixed_holdout,-0.3,0.0,0.35,-0.04832824075594565,0.037747045014715576,-0.05424808290247626,-0.12398014972655236,-0.00848501400008489,0.20353921963307822,0.10554842790284032,0.13435273571828163,True,True,
confirm_friction_payload,10172,passive,validation,10,rolling_fixed_holdout,-0.3,0.0,0.35,-0.05923459411293355,0.015006109781494527,0.011933918044085187,-0.23936252352095816,0.003587059008376733,0.31095746968439386,0.11995495390764639,0.14,True,True,
confirm_friction_payload,10101,passive,adaptation,11,stopped_after_recovery,0.0,0.0,0.0,0.0021807553735035978,0.0036863650814998625,0.08911016460191015,nan,nan,nan,nan,0.14,False,True,
confirm_friction_payload,10102,passive,adaptation,11,stopped_after_recovery,0.0,0.0,0.0,0.0029364528644994017,0.004828989616117888,0.040326101698523166,nan,nan,nan,nan,0.1328210869158238,False,True,
confirm_friction_payload,10103,passive,adaptation,11,stopped_after_recovery,0.0,0.0,0.0,-0.010590394464771504,0.012804104518692303,0.07116477744303672,nan,nan,nan,nan,0.14,False,True,
confirm_friction_payload,10104,passive,adaptation,11,stopped_after_recovery,0.0,0.0,0.0,0.011991973440073979,0.008594623463475259,0.056430476813644256,nan,nan,nan,nan,0.14,False,True,
confirm_friction_payload,10105,passive,adaptation,11,stopped_after_recovery,0.0,0.0,0.0,0.007154172841064843,0.007249816261491175,0.07813537928527706,nan,nan,nan,nan,0.14,False,True,
confirm_friction_payload,10106,passive,adaptation,11,stopped_after_recovery,0.0,0.0,0.0,-0.0014444335783730803,0.00404398849664071,0.07536130347726308,nan,nan,nan,nan,0.14,False,True,
confirm_friction_payload,10107,passive,adaptation,11,stopped_after_recovery,0.0,0.0,0.0,0.00899977052613983,0.008778811154964934,0.07501322346215643,nan,nan,nan,nan,0.14,False,True,
confirm_friction_payload,10108,passive,adaptation,11,stopped_after_recovery,0.0,0.0,0.0,0.00854180061254885,0.019513010034493922,0.07045964501046695,nan,nan,nan,nan,0.14,False,True,
confirm_friction_payload,10109,passive,adaptation,11,stopped_after_recovery,0.0,0.0,0.0,-0.00946236877719766,-0.007759129725526668,0.05969727793534003,nan,nan,nan,nan,0.13874413128194593,False,True,
confirm_friction_payload,10110,passive,adaptation,11,stopped_after_recovery,0.0,0.0,0.0,-0.0027472360906160604,-0.001582483767165242,0.09709612174378295,nan,nan,nan,nan,0.14,False,True,
confirm_friction_payload,10111,passive,adaptation,11,stopped_after_recovery,0.0,0.0,0.0,0.004025302653840918,0.003686873961260378,0.023628315227769585,nan,nan,nan,nan,0.14,False,True,
confirm_friction_payload,10112,passive,adaptation,11,stopped_after_recovery,0.0,0.0,0.0,0.00777089143346347,0.01035547848498496,0.039898791075948604,nan,nan,nan,nan,0.14,False,True,
confirm_friction_payload,10113,passive,adaptation,11,stopped_after_recovery,0.0,0.0,0.0,0.008257318668421752,0.00047602448283440914,0.04887518493279042,nan,nan,nan,nan,0.13741472515514244,False,True,
confirm_friction_payload,10114,passive,adaptation,11,stopped_after_recovery,0.0,0.0,0.0,0.012676755029314542,0.009799862787284492,0.07184328750759134,nan,nan,nan,nan,0.14,False,True,
confirm_friction_payload,10115,passive,adaptation,11,stopped_after_recovery,0.0,0.0,0.0,0.004623684947665896,0.011799572987285383,0.05746408780609867,nan,nan,nan,nan,0.14,False,True,
confirm_friction_payload,10116,passive,adaptation,11,stopped_after_recovery,0.0,0.0,0.0,0.007269226299789584,0.0059758722774958745,0.025453533618203846,nan,nan,nan,nan,0.14,False,True,
confirm_friction_payload,10117,passive,adaptation,11,stopped_after_recovery,0.0,0.0,0.0,0.01651890584074702,0.0016485720011109653,0.03369460784891222,nan,nan,nan,nan,0.14,False,True,
confirm_friction_payload,10118,passive,adaptation,11,stopped_after_recovery,0.0,0.0,0.0,0.00025242168062779914,0.0042418674526458035,0.04459887582859485,nan,nan,nan,nan,0.14,False,True,
confirm_friction_payload,10119,passive,adaptation,11,stopped_after_recovery,0.0,0.0,0.0,-0.007968746289365718,0.01471724791087015,0.06982497858522982,nan,nan,nan,nan,0.13149388015904118,False,True,
confirm_friction_payload,10120,passive,adaptation,11,stopped_after_recovery,0.0,0.0,0.0,0.015348352890653397,0.010906888634576185,0.04904767051657201,nan,nan,nan,nan,0.14,False,True,
confirm_friction_payload,10121,passive,adaptation,11,stopped_after_recovery,0.0,0.0,0.0,-0.00455584942863772,0.0016927899104523913,0.05471724858616426,nan,nan,nan,nan,0.14,False,True,
confirm_friction_payload,10122,passive,adaptation,11,stopped_after_recovery,0.0,0.0,0.0,-5.125977681095207e-05,0.007231166322144317,0.04340786814004804,nan,nan,nan,nan,0.14,False,True,
confirm_friction_payload,10123,passive,adaptation,11,stopped_after_recovery,0.0,0.0,0.0,0.013022644520907237,0.009833054670124308,0.06914359488560419,nan,nan,nan,nan,0.14,False,True,
confirm_friction_payload,10124,passive,adaptation,11,stopped_after_recovery,0.0,0.0,0.0,0.005399872185848047,0.005966520608642512,0.02073993650496555,nan,nan,nan,nan,0.14,False,True,
confirm_friction_payload,10125,passive,adaptation,11,stopped_after_recovery,0.0,0.0,0.0,0.012014311679912465,0.010108297350664949,0.04852287032737494,nan,nan,nan,nan,0.14,False,True,
confirm_friction_payload,10126,passive,adaptation,11,stopped_after_recovery,0.0,0.0,0.0,0.012078234871554377,2.6762795796259723e-05,0.009240877000893091,nan,nan,nan,nan,0.14,False,True,
confirm_friction_payload,10127,passive,adaptation,11,stopped_after_recovery,0.0,0.0,0.0,-0.027283185086949796,-0.018279735501338962,0.05152707540235235,nan,nan,nan,nan,0.14,False,True,
confirm_friction_payload,10128,passive,adaptation,11,stopped_after_recovery,0.0,0.0,0.0,-0.001555090236351329,0.007149206737430393,0.034438764896992935,nan,nan,nan,nan,0.14,False,True,
confirm_friction_payload,10129,passive,adaptation,11,stopped_after_recovery,0.0,0.0,0.0,-0.005839996215505241,0.0070952892220811775,0.06159293576278936,nan,nan,nan,nan,0.14,False,True,
confirm_friction_payload,10130,passive,adaptation,11,stopped_after_recovery,0.0,0.0,0.0,0.01578132363251086,0.010702417079002997,0.07313805291140649,nan,nan,nan,nan,0.14,False,True,
confirm_friction_payload,10131,passive,adaptation,11,stopped_after_recovery,0.0,0.0,0.0,0.002463593303312128,0.006607793088673325,0.0391716367736867,nan,nan,nan,nan,0.14,False,True,
confirm_friction_payload,10132,passive,adaptation,11,stopped_after_recovery,0.0,0.0,0.0,0.004405352764013511,0.008261122596100887,0.044830968355414946,nan,nan,nan,nan,0.14,False,True,
confirm_friction_payload,10133,passive,adaptation,11,stopped_after_recovery,0.0,0.0,0.0,0.010560260302297729,0.008783602851848708,0.07783627608997173,nan,nan,nan,nan,0.14,False,True,
confirm_friction_payload,10134,passive,adaptation,11,stopped_after_recovery,0.0,0.0,0.0,0.0036382045567720013,0.008195823674710922,0.04179939617601186,nan,nan,nan,nan,0.14,False,True,
confirm_friction_payload,10135,passive,adaptation,11,stopped_after_recovery,0.0,0.0,0.0,0.004405589859803396,0.01206045240654467,0.05979337834660365,nan,nan,nan,nan,0.14,False,True,
confirm_friction_payload,10136,passive,adaptation,11,stopped_after_recovery,0.0,0.0,0.0,0.014144946650468747,0.009926728148228394,0.06378148353200978,nan,nan,nan,nan,0.13509441202791128,False,True,
confirm_friction_payload,10137,passive,adaptation,11,stopped_after_recovery,0.0,0.0,0.0,0.004298777374153164,0.00612883060259552,0.031558064476770696,nan,nan,nan,nan,0.14,False,True,
confirm_friction_payload,10138,passive,adaptation,11,stopped_after_recovery,0.0,0.0,0.0,0.002192821464339846,0.008569005187875284,0.05852438136169938,nan,nan,nan,nan,0.14,False,True,
confirm_friction_payload,10139,passive,adaptation,11,stopped_after_recovery,0.0,0.0,0.0,0.012327262608765805,0.009170211492637822,0.05238898282086142,nan,nan,nan,nan,0.14,False,True,
confirm_friction_payload,10140,passive,adaptation,11,stopped_after_recovery,0.0,0.0,0.0,0.007071627871383454,0.007490498996565735,0.08050853980848231,nan,nan,nan,nan,0.14,False,True,
confirm_friction_payload,10141,passive,adaptation,11,stopped_after_recovery,0.0,0.0,0.0,0.007118592930673826,0.006607894990772362,0.02902272910052771,nan,nan,nan,nan,0.14,False,True,
confirm_friction_payload,10142,passive,adaptation,11,stopped_after_recovery,0.0,0.0,0.0,0.00769307081983663,0.005562275354694243,0.006769784453715891,nan,nan,nan,nan,0.14,False,True,
confirm_friction_payload,10143,passive,adaptation,11,stopped_after_recovery,0.0,0.0,0.0,0.0024151480056103197,-0.003407418575199102,0.0761750038858427,nan,nan,nan,nan,0.14,False,True,
confirm_friction_payload,10144,passive,adaptation,11,stopped_after_recovery,0.0,0.0,0.0,0.002379949842758195,0.006410574368488353,0.032026674563227255,nan,nan,nan,nan,0.14,False,True,
confirm_friction_payload,10145,passive,adaptation,11,stopped_after_recovery,0.0,0.0,0.0,0.00586232791721709,0.006523266333848381,0.08765309738648544,nan,nan,nan,nan,0.14,False,True,
confirm_friction_payload,10146,passive,adaptation,11,stopped_after_recovery,0.0,0.0,0.0,0.002624285925788963,0.004072521948102475,0.051872600352921065,nan,nan,nan,nan,0.14,False,True,
confirm_friction_payload,10147,passive,adaptation,11,stopped_after_recovery,0.0,0.0,0.0,-0.0017678864702909325,0.006583498873352683,0.04922328770484887,nan,nan,nan,nan,0.14,False,True,
confirm_friction_payload,10148,passive,adaptation,11,stopped_after_recovery,0.0,0.0,0.0,0.006643540556432803,0.006353368203518851,0.07749503599891606,nan,nan,nan,nan,0.14,False,True,
confirm_friction_payload,10149,passive,adaptation,11,stopped_after_recovery,0.0,0.0,0.0,0.01137888811599078,0.00924763113325252,0.0498438473784301,nan,nan,nan,nan,0.13879247939217293,False,True,
confirm_friction_payload,10150,passive,adaptation,11,stopped_after_recovery,0.0,0.0,0.0,-0.003416914694753674,0.002615861091875996,0.054888019335433046,nan,nan,nan,nan,0.1356116642251496,False,True,
confirm_friction_payload,10151,passive,adaptation,11,stopped_after_recovery,0.0,0.0,0.0,-0.00722278877305476,0.0129742327241286,0.07124931934280512,nan,nan,nan,nan,0.14,False,True,
confirm_friction_payload,10152,passive,adaptation,11,stopped_after_recovery,0.0,0.0,0.0,0.0007470210624673166,0.017100243557148627,0.07154071809657449,nan,nan,nan,nan,0.14,False,True,
confirm_friction_payload,10153,passive,adaptation,11,stopped_after_recovery,0.0,0.0,0.0,-0.021547829538575525,-0.020605444263281675,0.07588564353198515,nan,nan,nan,nan,0.14,False,True,
confirm_friction_payload,10154,passive,adaptation,11,stopped_after_recovery,0.0,0.0,0.0,0.0007003004088612574,0.0067030067028526884,0.039213708313849044,nan,nan,nan,nan,0.14,False,True,
confirm_friction_payload,10155,passive,adaptation,11,stopped_after_recovery,0.0,0.0,0.0,0.013140960084196704,0.010742647152161347,0.04884607312749636,nan,nan,nan,nan,0.14,False,True,
confirm_friction_payload,10156,passive,adaptation,11,stopped_after_recovery,0.0,0.0,0.0,0.0037759330605055368,0.00612954964471323,0.029812266303328627,nan,nan,nan,nan,0.14,False,True,
confirm_friction_payload,10157,passive,adaptation,11,stopped_after_recovery,0.0,0.0,0.0,0.005441465404127763,0.0017910613667910628,0.01346330479134538,nan,nan,nan,nan,0.14,False,True,
confirm_friction_payload,10158,passive,adaptation,11,stopped_after_recovery,0.0,0.0,0.0,2.2575510244760706e-06,0.006345455842689152,0.04540799991506592,nan,nan,nan,nan,0.14,False,True,
confirm_friction_payload,10159,passive,adaptation,11,stopped_after_recovery,0.0,0.0,0.0,0.0039109219878819485,0.005778085478264554,0.028057623218459917,nan,nan,nan,nan,0.14,False,True,
confirm_friction_payload,10160,passive,adaptation,11,stopped_after_recovery,0.0,0.0,0.0,0.002648270815092575,0.013494774675757236,0.06640103582670294,nan,nan,nan,nan,0.14,False,True,
confirm_friction_payload,10161,passive,adaptation,11,stopped_after_recovery,0.0,0.0,0.0,0.005092066748768151,0.014553169481730428,0.06041671921513598,nan,nan,nan,nan,0.14,False,True,
confirm_friction_payload,10162,passive,adaptation,11,stopped_after_recovery,0.0,0.0,0.0,0.010050867910934663,0.0060116604983187945,0.0720811803171958,nan,nan,nan,nan,0.14,False,True,
confirm_friction_payload,10163,passive,adaptation,11,stopped_after_recovery,0.0,0.0,0.0,0.0012275140377978498,0.004956361146431346,0.04955150916075438,nan,nan,nan,nan,0.14,False,True,
confirm_friction_payload,10164,passive,adaptation,11,stopped_after_recovery,0.0,0.0,0.0,0.009536521103830044,0.0100998895654093,0.0698841812113049,nan,nan,nan,nan,0.14,False,True,
confirm_friction_payload,10165,passive,adaptation,11,stopped_after_recovery,0.0,0.0,0.0,-0.005347436083170959,-0.012853302848402996,0.09369848086128012,nan,nan,nan,nan,0.14,False,True,
confirm_friction_payload,10166,passive,adaptation,11,stopped_after_recovery,0.0,0.0,0.0,0.011606919710743626,0.01350908551344503,0.05676146480259145,nan,nan,nan,nan,0.14,False,True,
confirm_friction_payload,10167,passive,adaptation,11,stopped_after_recovery,0.0,0.0,0.0,-0.001315339669874314,0.006298393644809474,0.045533359069788365,nan,nan,nan,nan,0.14,False,True,
confirm_friction_payload,10168,passive,adaptation,11,stopped_after_recovery,0.0,0.0,0.0,0.005846398272603607,0.00871904619595712,0.04372475200571972,nan,nan,nan,nan,0.14,False,True,
confirm_friction_payload,10169,passive,adaptation,11,stopped_after_recovery,0.0,0.0,0.0,-0.0006507726382989466,0.007465601777550579,0.05113654587996206,nan,nan,nan,nan,0.13600628137377527,False,True,
confirm_friction_payload,10170,passive,adaptation,11,stopped_after_recovery,0.0,0.0,0.0,0.005819411940035533,0.005561917266252988,0.02798694539788566,nan,nan,nan,nan,0.14,False,True,
confirm_friction_payload,10171,passive,adaptation,11,stopped_after_recovery,0.0,0.0,0.0,0.003938740886498388,0.008860183896179626,0.055190468719324044,nan,nan,nan,nan,0.13435273571828163,False,True,
confirm_friction_payload,10172,passive,adaptation,11,stopped_after_recovery,0.0,0.0,0.0,-0.0009757878067775141,0.00810909183898639,0.047381954716949885,nan,nan,nan,nan,0.14,False,True,
confirm_friction_payload,10101,passive,validation,11,rolling_fixed_holdout,0.2,-0.18,-0.3,0.144782262177419,-0.1679616044560851,-0.13963978823105802,0.18316746817180235,-0.17958451940302136,-0.23849517410061388,0.1269769398478499,0.14,True,True,
confirm_friction_payload,10102,passive,validation,11,rolling_fixed_holdout,0.2,-0.18,-0.3,0.09881097893521541,-0.05476413912378696,-0.13038641232022702,0.1432910748548162,-0.10145392342854609,-0.176509784828462,0.09102828841498935,0.1328210869158238,True,True,
confirm_friction_payload,10103,passive,validation,11,rolling_fixed_holdout,0.2,-0.18,-0.3,0.09436321739272249,-0.07178296773415511,-0.13894275005849466,0.20125311812978333,-0.16882939868974453,-0.25852504739552373,0.1145282807762364,0.14,True,True,
confirm_friction_payload,10104,passive,validation,11,rolling_fixed_holdout,0.2,-0.18,-0.3,0.08947609991684635,-0.08620451793760976,-0.1255544925081914,0.13311612821573487,-0.15151376004031292,-0.21867159636157588,0.09279029792653155,0.14,True,True,
confirm_friction_payload,10105,passive,validation,11,rolling_fixed_holdout,0.2,-0.18,-0.3,0.0806355208710488,-0.07480325201412873,-0.11234846565768296,0.12834355152851623,-0.13224933028635708,-0.181557076991093,0.1053373746079973,0.14,True,True,
confirm_friction_payload,10106,passive,validation,11,rolling_fixed_holdout,0.2,-0.18,-0.3,0.0949292258850978,-0.06629404297901338,-0.1237803621665943,0.15377456681636487,-0.10931188682073147,-0.18587441014296124,0.09153845920555373,0.14,True,False,BASE_HEIGHT_LIMIT
confirm_friction_payload,10107,passive,validation,11,rolling_fixed_holdout,0.2,-0.18,-0.3,0.08901559063910623,-0.0673747221890122,-0.10887756394326628,0.14606911670635594,-0.12337002079639696,-0.17041358775251805,0.0895271709473668,0.14,True,False,BASE_HEIGHT_LIMIT
confirm_friction_payload,10108,passive,validation,11,rolling_fixed_holdout,0.2,-0.18,-0.3,0.13830468514246858,-0.10539214351040922,-0.16580789159994716,0.19604689375714346,-0.1350065882943356,-0.20556261849684593,0.11971193844908402,0.14,True,True,
confirm_friction_payload,10109,passive,validation,11,rolling_fixed_holdout,0.2,-0.18,-0.3,0.11632358609333368,-0.07331680112346205,-0.12387906811212232,0.1989543873626291,-0.1936690669236383,-0.27217373660243854,0.12331568800983937,0.13874413128194593,True,True,
confirm_friction_payload,10110,passive,validation,11,rolling_fixed_holdout,0.2,-0.18,-0.3,0.13533985520868064,-0.11945674323194684,-0.13969560027218506,0.1719668531006567,-0.17655417282342303,-0.22878457415268652,0.1076367651893951,0.14,True,True,
confirm_friction_payload,10111,passive,validation,11,rolling_fixed_holdout,0.2,-0.18,-0.3,0.06382152527599298,-0.0702143588746469,-0.14353107454770872,0.12486603186325307,-0.10581551462549028,-0.1713939266915875,0.10179307981343334,0.14,True,True,
confirm_friction_payload,10112,passive,validation,11,rolling_fixed_holdout,0.2,-0.18,-0.3,0.1056658377054681,-0.09275730593607813,-0.08124907625258874,0.18720488819951722,-0.17552139608689632,-0.242806038528721,0.07643680289418012,0.14,True,False,BASE_HEIGHT_LIMIT
confirm_friction_payload,10113,passive,validation,11,rolling_fixed_holdout,0.2,-0.18,-0.3,0.09801909279870219,-0.07047456757214321,-0.13739813948756519,0.14342612697979562,-0.09145366624360857,-0.16094589079827124,0.10191224733151738,0.13741472515514244,True,False,BASE_HEIGHT_LIMIT
confirm_friction_payload,10114,passive,validation,11,rolling_fixed_holdout,0.2,-0.18,-0.3,0.07559144722771473,-0.06182619781869191,-0.09505523283190775,0.20667540055644468,-0.1617167696502563,-0.2449691434457568,0.09308976650365464,0.14,True,False,BASE_HEIGHT_LIMIT
confirm_friction_payload,10115,passive,validation,11,rolling_fixed_holdout,0.2,-0.18,-0.3,0.08422047404973464,-0.0813054676955806,-0.09573647541128331,0.15774080827347972,-0.16262564944642863,-0.22158239902800692,0.10098899031806442,0.14,True,False,BASE_HEIGHT_LIMIT
confirm_friction_payload,10116,passive,validation,11,rolling_fixed_holdout,0.2,-0.18,-0.3,0.09499315027498269,-0.06658846228907336,-0.09203542634859126,0.19051067661585527,-0.148071989027744,-0.22009222865127764,0.10184527109323172,0.14,True,False,BASE_HEIGHT_LIMIT
confirm_friction_payload,10117,passive,validation,11,rolling_fixed_holdout,0.2,-0.18,-0.3,0.09046204973518773,-0.06258951578743353,-0.14114972176330798,0.12199257166160705,-0.08151855191144024,-0.1682925990888019,0.08283801726448176,0.14,True,True,
confirm_friction_payload,10118,passive,validation,11,rolling_fixed_holdout,0.2,-0.18,-0.3,0.10124757740214732,-0.06770263358053794,-0.1319543227404473,0.21027949129048887,-0.14867549504039312,-0.29466220775878144,0.10598649308584324,0.14,True,False,BASE_HEIGHT_LIMIT
confirm_friction_payload,10119,passive,validation,11,rolling_fixed_holdout,0.2,-0.18,-0.3,0.08937707778241658,-0.06443769383859138,-0.12274449161910417,0.14609612127156513,-0.11161675919454334,-0.17574286069250916,0.08260898510337401,0.13149388015904118,True,False,BASE_HEIGHT_LIMIT
confirm_friction_payload,10120,passive,validation,11,rolling_fixed_holdout,0.2,-0.18,-0.3,0.08672438109957496,-0.05646491304522845,-0.1523865120493,0.130630988885683,-0.09103010772242488,-0.18451886664226735,0.10121538715635901,0.14,True,False,BASE_HEIGHT_LIMIT
confirm_friction_payload,10121,passive,validation,11,rolling_fixed_holdout,0.2,-0.18,-0.3,0.062143009229613015,-0.06163857598901751,-0.12222566048789073,0.13516566929127197,-0.12821920854273414,-0.21183980845101844,0.08893871247412473,0.14,True,True,
confirm_friction_payload,10122,passive,validation,11,rolling_fixed_holdout,0.2,-0.18,-0.3,0.09706655104907541,-0.06664637596866757,-0.12502360677461813,0.14706371319932285,-0.12770251239371244,-0.18492178632529555,0.08915587836518854,0.14,True,False,BASE_HEIGHT_LIMIT
confirm_friction_payload,10123,passive,validation,11,rolling_fixed_holdout,0.2,-0.18,-0.3,0.10961541053767124,-0.1238759158989278,-0.10733950703922779,0.14408909934611094,-0.16852246937666082,-0.2010622192092766,0.09298868209097175,0.14,True,True,
confirm_friction_payload,10124,passive,validation,11,rolling_fixed_holdout,0.2,-0.18,-0.3,0.09920517837304005,-0.05717611176805095,-0.16874575938026692,0.16679086233634455,-0.10981572138278342,-0.2240719644299783,0.08347148287716515,0.14,True,False,BASE_HEIGHT_LIMIT
confirm_friction_payload,10125,passive,validation,11,rolling_fixed_holdout,0.2,-0.18,-0.3,0.12277623357465943,-0.12756273479291896,-0.17937847650003524,0.16258039268343544,-0.14154965321003915,-0.19108352688105162,0.08811483517657624,0.14,True,True,
confirm_friction_payload,10126,passive,validation,11,rolling_fixed_holdout,0.2,-0.18,-0.3,0.11855293074411598,-0.07770320208393328,-0.10274979071492824,0.1703346220093101,-0.12166574651703885,-0.17783209828021426,0.07876453705387998,0.14,True,False,BASE_HEIGHT_LIMIT
confirm_friction_payload,10127,passive,validation,11,rolling_fixed_holdout,0.2,-0.18,-0.3,0.06643335349176047,-0.041287401851733296,-0.1593425091901081,0.12470735442462444,-0.07868213993142256,-0.1891885323410962,0.09644648413675967,0.14,True,True,
confirm_friction_payload,10128,passive,validation,11,rolling_fixed_holdout,0.2,-0.18,-0.3,0.14546360984598597,-0.09889291381914926,-0.19786494956537234,0.17362184195236324,-0.13362467024933344,-0.23868153458148128,0.10620463845743587,0.14,True,True,
confirm_friction_payload,10129,passive,validation,11,rolling_fixed_holdout,0.2,-0.18,-0.3,0.08386483356625611,-0.10089006232147617,-0.14502091368239592,0.13731393182442686,-0.1574359220547157,-0.2154796575078356,0.11112832552218922,0.14,True,True,
confirm_friction_payload,10130,passive,validation,11,rolling_fixed_holdout,0.2,-0.18,-0.3,0.14127580937399642,-0.0987554586649191,-0.10703905602972823,0.15365078867480492,-0.12187435863838769,-0.19755040691171993,0.10403597561646875,0.14,True,True,
confirm_friction_payload,10131,passive,validation,11,rolling_fixed_holdout,0.2,-0.18,-0.3,0.09676280115663367,-0.08137316022741893,-0.13234874259015175,0.1528479177715245,-0.14087212714448163,-0.19487040253697133,0.08908564901719473,0.14,True,True,
confirm_friction_payload,10132,passive,validation,11,rolling_fixed_holdout,0.2,-0.18,-0.3,0.09731084617872897,-0.08854229585242039,-0.0894027399467835,0.16859738180390837,-0.165660919518782,-0.20580985325618387,0.09523502329117904,0.14,True,False,BASE_HEIGHT_LIMIT
confirm_friction_payload,10133,passive,validation,11,rolling_fixed_holdout,0.2,-0.18,-0.3,0.08892031720677247,-0.06099097180731531,-0.10163519281875312,0.1664921023144525,-0.12305860530538469,-0.18100720713626833,0.09092146581120562,0.14,True,False,BASE_HEIGHT_LIMIT
confirm_friction_payload,10134,passive,validation,11,rolling_fixed_holdout,0.2,-0.18,-0.3,0.15785025214857126,-0.12343821944450242,-0.26585055040410416,0.19416101399428823,-0.13834115328482802,-0.22667855234269915,0.08480974794363547,0.14,True,False,BASE_HEIGHT_LIMIT
confirm_friction_payload,10135,passive,validation,11,rolling_fixed_holdout,0.2,-0.18,-0.3,0.14734352226606107,-0.07830978410827802,-0.17899888566488423,0.20126939994158188,-0.11890901809061473,-0.20916120652972223,0.09587661887479289,0.14,True,True,
confirm_friction_payload,10136,passive,validation,11,rolling_fixed_holdout,0.2,-0.18,-0.3,0.049508140540433024,-0.0331442177745061,-0.026758481268508966,0.17731253225149546,-0.17518471791888038,-0.2314572791509271,0.07927544034533672,0.13509441202791128,True,False,BASE_HEIGHT_LIMIT
confirm_friction_payload,10137,passive,validation,11,rolling_fixed_holdout,0.2,-0.18,-0.3,0.10388542425517196,-0.14031994811944837,-0.18198854270900752,0.14305138281535423,-0.18637053477780108,-0.23827983969643643,0.11523183988770172,0.14,True,True,
confirm_friction_payload,10138,passive,validation,11,rolling_fixed_holdout,0.2,-0.18,-0.3,0.0861423276550895,-0.0673294618848053,-0.10846699346025356,0.20494960021884684,-0.12514294846109572,-0.27901982054417374,0.08900374081498579,0.14,True,False,BASE_HEIGHT_LIMIT
confirm_friction_payload,10139,passive,validation,11,rolling_fixed_holdout,0.2,-0.18,-0.3,0.10577201202380791,-0.0775844153442625,-0.1415389950291221,0.15051939925707392,-0.09727191453772464,-0.15500182565573176,0.08932728947042741,0.14,True,True,
confirm_friction_payload,10140,passive,validation,11,rolling_fixed_holdout,0.2,-0.18,-0.3,0.0770889620740692,-0.05255087917254155,-0.0922696422936343,0.17845436947315227,-0.15205057415382864,-0.20851427203216305,0.14088216194023345,0.14,True,False,BASE_HEIGHT_LIMIT
confirm_friction_payload,10141,passive,validation,11,rolling_fixed_holdout,0.2,-0.18,-0.3,0.054418268249890274,-0.05484995340888431,-0.14335600020144193,0.12407994557110713,-0.08752616828585935,-0.17407793228625756,0.0953377930213953,0.14,True,True,
confirm_friction_payload,10142,passive,validation,11,rolling_fixed_holdout,0.2,-0.18,-0.3,0.1406304902555109,-0.16744913184863242,-0.1902409788375894,0.1841586618279044,-0.18049897373820867,-0.24592384098150732,0.10355130134130618,0.14,True,True,
confirm_friction_payload,10143,passive,validation,11,rolling_fixed_holdout,0.2,-0.18,-0.3,0.09720086100747893,-0.07038778915005355,-0.13017801134098772,0.14691738835157261,-0.12014907373465378,-0.18855887409495029,0.07840148134919854,0.14,True,False,BASE_HEIGHT_LIMIT
confirm_friction_payload,10144,passive,validation,11,rolling_fixed_holdout,0.2,-0.18,-0.3,0.1197582757245457,-0.06602533626568911,-0.17481065498455733,0.1428221093195273,-0.10625296530201388,-0.19759895249295248,0.10081381522204537,0.14,True,True,
confirm_friction_payload,10145,passive,validation,11,rolling_fixed_holdout,0.2,-0.18,-0.3,0.09207008537347867,-0.07155600600448053,-0.10940262211121148,0.2127413479826326,-0.15764506652486449,-0.28571777871231524,0.08831123747777903,0.14,True,False,BASE_HEIGHT_LIMIT
confirm_friction_payload,10146,passive,validation,11,rolling_fixed_holdout,0.2,-0.18,-0.3,0.14275871028807235,-0.11373460346657747,-0.14777713305799423,0.2119269859624809,-0.17517701249236547,-0.2437536475534933,0.12239490178346348,0.14,True,True,
confirm_friction_payload,10147,passive,validation,11,rolling_fixed_holdout,0.2,-0.18,-0.3,0.028869454211785738,-0.06223270784001946,-0.11301531561816738,0.10614094155790789,-0.09177645065949692,-0.14492335504712206,0.0976394077368973,0.14,True,True,
confirm_friction_payload,10148,passive,validation,11,rolling_fixed_holdout,0.2,-0.18,-0.3,0.08865311315405468,-0.05721600042788221,-0.08618877328502464,0.2040754974276045,-0.18355245685509997,-0.2444821502659135,0.0928366243979832,0.14,True,False,BASE_HEIGHT_LIMIT
confirm_friction_payload,10149,passive,validation,11,rolling_fixed_holdout,0.2,-0.18,-0.3,0.18621886876810495,-0.19914030468576704,-0.23968960732122832,0.208819185530467,-0.19554451828590452,-0.23495408195448989,0.09480773433500532,0.13879247939217293,True,True,
confirm_friction_payload,10150,passive,validation,11,rolling_fixed_holdout,0.2,-0.18,-0.3,0.0726234390724586,-0.0542308999696195,-0.1761832996658038,0.1367137226826736,-0.09187208224040064,-0.1885479166668279,0.11261029083718468,0.1356116642251496,True,True,
confirm_friction_payload,10151,passive,validation,11,rolling_fixed_holdout,0.2,-0.18,-0.3,0.10396431853215352,-0.05554433989717629,-0.15679700198456117,0.16366682814665318,-0.11633212557636192,-0.21147252925957327,0.09697364811073449,0.14,True,True,
confirm_friction_payload,10152,passive,validation,11,rolling_fixed_holdout,0.2,-0.18,-0.3,0.11004842075791064,-0.05718804834937355,-0.14322837538824654,0.15288486937848608,-0.11668933801312029,-0.19109210168556046,0.09820944879936495,0.14,True,True,
confirm_friction_payload,10153,passive,validation,11,rolling_fixed_holdout,0.2,-0.18,-0.3,0.07582128948791939,-0.2036512402502467,-0.14093750415438383,0.13709266021053973,-0.18377186788762173,-0.23285543255744834,0.09016556758865009,0.14,True,True,
confirm_friction_payload,10154,passive,validation,11,rolling_fixed_holdout,0.2,-0.18,-0.3,0.0656489036097236,-0.06380205014114336,-0.12664108249337933,0.12867288221940087,-0.09764027087488304,-0.16476386485652875,0.08548519564927556,0.14,True,False,BASE_HEIGHT_LIMIT
confirm_friction_payload,10155,passive,validation,11,rolling_fixed_holdout,0.2,-0.18,-0.3,0.16103584768817303,-0.1051364965431769,-0.24419173447030007,0.206765485690081,-0.12461302209925389,-0.22615061850856338,0.08218577841262562,0.14,True,False,BASE_HEIGHT_LIMIT
confirm_friction_payload,10156,passive,validation,11,rolling_fixed_holdout,0.2,-0.18,-0.3,0.11375002795387268,-0.08279970918728868,-0.16194987131598204,0.16200571234026603,-0.15552070722756373,-0.2206165611397047,0.11326293500201438,0.14,True,True,
confirm_friction_payload,10157,passive,validation,11,rolling_fixed_holdout,0.2,-0.18,-0.3,0.10689997116743603,-0.07204505313649495,-0.12845292264546765,0.15946505066312489,-0.10082897036589752,-0.16357610251502266,0.09245275219653593,0.14,True,False,BASE_HEIGHT_LIMIT
confirm_friction_payload,10158,passive,validation,11,rolling_fixed_holdout,0.2,-0.18,-0.3,0.09659285527319429,-0.07300382259960889,-0.11818180552640438,0.15073491041324455,-0.13846832239144471,-0.2153350615365373,0.08877890572234882,0.14,True,False,BASE_HEIGHT_LIMIT
confirm_friction_payload,10159,passive,validation,11,rolling_fixed_holdout,0.2,-0.18,-0.3,0.10642888461127534,-0.15414840332673918,-0.1794554520433391,0.14768510808331717,-0.17620001840061977,-0.2232512396001738,0.10683130378405103,0.14,True,True,
confirm_friction_payload,10160,passive,validation,11,rolling_fixed_holdout,0.2,-0.18,-0.3,0.12429849495949886,-0.05712832763519077,-0.1602977332149025,0.17851889245808417,-0.1158329196228228,-0.19835133693690202,0.09344005703396888,0.14,True,True,
confirm_friction_payload,10161,passive,validation,11,rolling_fixed_holdout,0.2,-0.18,-0.3,0.10962219767858859,-0.07790550824179805,-0.14560227057166675,0.1674430432839998,-0.14575291486130373,-0.21522925406826754,0.12473351326077144,0.14,True,True,
confirm_friction_payload,10162,passive,validation,11,rolling_fixed_holdout,0.2,-0.18,-0.3,0.10334377886022826,-0.1273491921456949,-0.11874125321404957,0.1440578328283285,-0.15201832378828184,-0.20803948251340487,0.10880972141022957,0.14,True,True,
confirm_friction_payload,10163,passive,validation,11,rolling_fixed_holdout,0.2,-0.18,-0.3,0.03668614130309082,-0.05622708390683331,-0.13459066887512056,0.1043795137978423,-0.09784344581961765,-0.15572648108780995,0.08636187922086772,0.14,True,True,
confirm_friction_payload,10164,passive,validation,11,rolling_fixed_holdout,0.2,-0.18,-0.3,0.1348802256903325,-0.15099433423854716,-0.22578134610320325,0.1532993389714964,-0.1686104696269078,-0.22136692386432222,0.10979028272286559,0.14,True,True,
confirm_friction_payload,10165,passive,validation,11,rolling_fixed_holdout,0.2,-0.18,-0.3,0.08053764261267264,-0.09721425326683017,-0.1428851165050183,0.11617818154005209,-0.17038566850126216,-0.20276683238042606,0.08822678527366315,0.14,True,True,
confirm_friction_payload,10166,passive,validation,11,rolling_fixed_holdout,0.2,-0.18,-0.3,0.09646017486540814,-0.07004735815201885,-0.16286153516425744,0.1697277393740396,-0.14877154867541634,-0.20004192186422556,0.10066641851019702,0.14,True,True,
confirm_friction_payload,10167,passive,validation,11,rolling_fixed_holdout,0.2,-0.18,-0.3,0.09833831440114861,-0.07857562611579386,-0.13536282836712016,0.15050326256056615,-0.12031381877401105,-0.17409607540207866,0.0846154718106689,0.14,True,False,BASE_HEIGHT_LIMIT
confirm_friction_payload,10168,passive,validation,11,rolling_fixed_holdout,0.2,-0.18,-0.3,0.15381981580589638,-0.1246351252897516,-0.2469508865309642,0.2000392852212974,-0.14723377410661323,-0.2364684053852171,0.07624303745837722,0.14,True,False,BASE_HEIGHT_LIMIT
confirm_friction_payload,10169,passive,validation,11,rolling_fixed_holdout,0.2,-0.18,-0.3,0.05857788666108664,-0.04975141978119965,-0.09253356067545541,0.1817777321511195,-0.16944922905449733,-0.2136476766167552,0.09612239046065013,0.13600628137377527,True,False,BASE_HEIGHT_LIMIT
confirm_friction_payload,10170,passive,validation,11,rolling_fixed_holdout,0.2,-0.18,-0.3,0.09570090543161353,-0.061621766463213816,-0.09325415226154754,0.1826393482863442,-0.13076096644012106,-0.2313402953295332,0.0852223253298322,0.14,True,False,BASE_HEIGHT_LIMIT
confirm_friction_payload,10171,passive,validation,11,rolling_fixed_holdout,0.2,-0.18,-0.3,0.0878681588823531,-0.06958810388131273,-0.0979370275616441,0.18295734314803733,-0.15767250002207311,-0.19192201790649632,0.10554842790284032,0.13435273571828163,True,False,BASE_HEIGHT_LIMIT
confirm_friction_payload,10172,passive,validation,11,rolling_fixed_holdout,0.2,-0.18,-0.3,0.13202844643334372,-0.13470606277038577,-0.18417620748292926,0.18392456390883807,-0.16663607276512812,-0.2318681651176302,0.12112618021519722,0.14,True,True,
confirm_friction_payload,10101,passive,adaptation,12,stopped_after_recovery,0.0,0.0,0.0,0.0021807553735035978,0.0036863650814998625,0.08911016460191015,nan,nan,nan,nan,0.14,False,True,
confirm_friction_payload,10102,passive,adaptation,12,stopped_after_recovery,0.0,0.0,0.0,0.0029364528644994017,0.004828989616117888,0.040326101698523166,nan,nan,nan,nan,0.1328210869158238,False,True,
confirm_friction_payload,10103,passive,adaptation,12,stopped_after_recovery,0.0,0.0,0.0,-0.010590394464771504,0.012804104518692303,0.07116477744303672,nan,nan,nan,nan,0.14,False,True,
confirm_friction_payload,10104,passive,adaptation,12,stopped_after_recovery,0.0,0.0,0.0,0.011991973440073979,0.008594623463475259,0.056430476813644256,nan,nan,nan,nan,0.14,False,True,
confirm_friction_payload,10105,passive,adaptation,12,stopped_after_recovery,0.0,0.0,0.0,0.007154172841064843,0.007249816261491175,0.07813537928527706,nan,nan,nan,nan,0.14,False,True,
confirm_friction_payload,10106,passive,adaptation,12,stopped_after_recovery,0.0,0.0,0.0,-0.0014444335783730803,0.00404398849664071,0.07536130347726308,nan,nan,nan,nan,0.14,False,True,
confirm_friction_payload,10107,passive,adaptation,12,stopped_after_recovery,0.0,0.0,0.0,0.00899977052613983,0.008778811154964934,0.07501322346215643,nan,nan,nan,nan,0.14,False,True,
confirm_friction_payload,10108,passive,adaptation,12,stopped_after_recovery,0.0,0.0,0.0,0.00854180061254885,0.019513010034493922,0.07045964501046695,nan,nan,nan,nan,0.14,False,True,
confirm_friction_payload,10109,passive,adaptation,12,stopped_after_recovery,0.0,0.0,0.0,-0.00946236877719766,-0.007759129725526668,0.05969727793534003,nan,nan,nan,nan,0.13874413128194593,False,True,
confirm_friction_payload,10110,passive,adaptation,12,stopped_after_recovery,0.0,0.0,0.0,-0.0027472360906160604,-0.001582483767165242,0.09709612174378295,nan,nan,nan,nan,0.14,False,True,
confirm_friction_payload,10111,passive,adaptation,12,stopped_after_recovery,0.0,0.0,0.0,0.004025302653840918,0.003686873961260378,0.023628315227769585,nan,nan,nan,nan,0.14,False,True,
confirm_friction_payload,10112,passive,adaptation,12,stopped_after_recovery,0.0,0.0,0.0,0.00777089143346347,0.01035547848498496,0.039898791075948604,nan,nan,nan,nan,0.14,False,True,
confirm_friction_payload,10113,passive,adaptation,12,stopped_after_recovery,0.0,0.0,0.0,0.008257318668421752,0.00047602448283440914,0.04887518493279042,nan,nan,nan,nan,0.13741472515514244,False,True,
confirm_friction_payload,10114,passive,adaptation,12,stopped_after_recovery,0.0,0.0,0.0,0.012676755029314542,0.009799862787284492,0.07184328750759134,nan,nan,nan,nan,0.14,False,True,
confirm_friction_payload,10115,passive,adaptation,12,stopped_after_recovery,0.0,0.0,0.0,0.004623684947665896,0.011799572987285383,0.05746408780609867,nan,nan,nan,nan,0.14,False,True,
confirm_friction_payload,10116,passive,adaptation,12,stopped_after_recovery,0.0,0.0,0.0,0.007269226299789584,0.0059758722774958745,0.025453533618203846,nan,nan,nan,nan,0.14,False,True,
confirm_friction_payload,10117,passive,adaptation,12,stopped_after_recovery,0.0,0.0,0.0,0.01651890584074702,0.0016485720011109653,0.03369460784891222,nan,nan,nan,nan,0.14,False,True,
confirm_friction_payload,10118,passive,adaptation,12,stopped_after_recovery,0.0,0.0,0.0,0.00025242168062779914,0.0042418674526458035,0.04459887582859485,nan,nan,nan,nan,0.14,False,True,
confirm_friction_payload,10119,passive,adaptation,12,stopped_after_recovery,0.0,0.0,0.0,-0.007968746289365718,0.01471724791087015,0.06982497858522982,nan,nan,nan,nan,0.13149388015904118,False,True,
confirm_friction_payload,10120,passive,adaptation,12,stopped_after_recovery,0.0,0.0,0.0,0.015348352890653397,0.010906888634576185,0.04904767051657201,nan,nan,nan,nan,0.14,False,True,
confirm_friction_payload,10121,passive,adaptation,12,stopped_after_recovery,0.0,0.0,0.0,-0.00455584942863772,0.0016927899104523913,0.05471724858616426,nan,nan,nan,nan,0.14,False,True,
confirm_friction_payload,10122,passive,adaptation,12,stopped_after_recovery,0.0,0.0,0.0,-5.125977681095207e-05,0.007231166322144317,0.04340786814004804,nan,nan,nan,nan,0.14,False,True,
confirm_friction_payload,10123,passive,adaptation,12,stopped_after_recovery,0.0,0.0,0.0,0.013022644520907237,0.009833054670124308,0.06914359488560419,nan,nan,nan,nan,0.14,False,True,
confirm_friction_payload,10124,passive,adaptation,12,stopped_after_recovery,0.0,0.0,0.0,0.005399872185848047,0.005966520608642512,0.02073993650496555,nan,nan,nan,nan,0.14,False,True,
confirm_friction_payload,10125,passive,adaptation,12,stopped_after_recovery,0.0,0.0,0.0,0.012014311679912465,0.010108297350664949,0.04852287032737494,nan,nan,nan,nan,0.14,False,True,
confirm_friction_payload,10126,passive,adaptation,12,stopped_after_recovery,0.0,0.0,0.0,0.012078234871554377,2.6762795796259723e-05,0.009240877000893091,nan,nan,nan,nan,0.14,False,True,
confirm_friction_payload,10127,passive,adaptation,12,stopped_after_recovery,0.0,0.0,0.0,-0.027283185086949796,-0.018279735501338962,0.05152707540235235,nan,nan,nan,nan,0.14,False,True,
confirm_friction_payload,10128,passive,adaptation,12,stopped_after_recovery,0.0,0.0,0.0,-0.001555090236351329,0.007149206737430393,0.034438764896992935,nan,nan,nan,nan,0.14,False,True,
confirm_friction_payload,10129,passive,adaptation,12,stopped_after_recovery,0.0,0.0,0.0,-0.005839996215505241,0.0070952892220811775,0.06159293576278936,nan,nan,nan,nan,0.14,False,True,
confirm_friction_payload,10130,passive,adaptation,12,stopped_after_recovery,0.0,0.0,0.0,0.01578132363251086,0.010702417079002997,0.07313805291140649,nan,nan,nan,nan,0.14,False,True,
confirm_friction_payload,10131,passive,adaptation,12,stopped_after_recovery,0.0,0.0,0.0,0.002463593303312128,0.006607793088673325,0.0391716367736867,nan,nan,nan,nan,0.14,False,True,
confirm_friction_payload,10132,passive,adaptation,12,stopped_after_recovery,0.0,0.0,0.0,0.004405352764013511,0.008261122596100887,0.044830968355414946,nan,nan,nan,nan,0.14,False,True,
confirm_friction_payload,10133,passive,adaptation,12,stopped_after_recovery,0.0,0.0,0.0,0.010560260302297729,0.008783602851848708,0.07783627608997173,nan,nan,nan,nan,0.14,False,True,
confirm_friction_payload,10134,passive,adaptation,12,stopped_after_recovery,0.0,0.0,0.0,0.0036382045567720013,0.008195823674710922,0.04179939617601186,nan,nan,nan,nan,0.14,False,True,
confirm_friction_payload,10135,passive,adaptation,12,stopped_after_recovery,0.0,0.0,0.0,0.004405589859803396,0.01206045240654467,0.05979337834660365,nan,nan,nan,nan,0.14,False,True,
confirm_friction_payload,10136,passive,adaptation,12,stopped_after_recovery,0.0,0.0,0.0,0.014144946650468747,0.009926728148228394,0.06378148353200978,nan,nan,nan,nan,0.13509441202791128,False,True,
confirm_friction_payload,10137,passive,adaptation,12,stopped_after_recovery,0.0,0.0,0.0,0.004298777374153164,0.00612883060259552,0.031558064476770696,nan,nan,nan,nan,0.14,False,True,
confirm_friction_payload,10138,passive,adaptation,12,stopped_after_recovery,0.0,0.0,0.0,0.002192821464339846,0.008569005187875284,0.05852438136169938,nan,nan,nan,nan,0.14,False,True,
confirm_friction_payload,10139,passive,adaptation,12,stopped_after_recovery,0.0,0.0,0.0,0.012327262608765805,0.009170211492637822,0.05238898282086142,nan,nan,nan,nan,0.14,False,True,
confirm_friction_payload,10140,passive,adaptation,12,stopped_after_recovery,0.0,0.0,0.0,0.007071627871383454,0.007490498996565735,0.08050853980848231,nan,nan,nan,nan,0.14,False,True,
confirm_friction_payload,10141,passive,adaptation,12,stopped_after_recovery,0.0,0.0,0.0,0.007118592930673826,0.006607894990772362,0.02902272910052771,nan,nan,nan,nan,0.14,False,True,
confirm_friction_payload,10142,passive,adaptation,12,stopped_after_recovery,0.0,0.0,0.0,0.00769307081983663,0.005562275354694243,0.006769784453715891,nan,nan,nan,nan,0.14,False,True,
confirm_friction_payload,10143,passive,adaptation,12,stopped_after_recovery,0.0,0.0,0.0,0.0024151480056103197,-0.003407418575199102,0.0761750038858427,nan,nan,nan,nan,0.14,False,True,
confirm_friction_payload,10144,passive,adaptation,12,stopped_after_recovery,0.0,0.0,0.0,0.002379949842758195,0.006410574368488353,0.032026674563227255,nan,nan,nan,nan,0.14,False,True,
confirm_friction_payload,10145,passive,adaptation,12,stopped_after_recovery,0.0,0.0,0.0,0.00586232791721709,0.006523266333848381,0.08765309738648544,nan,nan,nan,nan,0.14,False,True,
confirm_friction_payload,10146,passive,adaptation,12,stopped_after_recovery,0.0,0.0,0.0,0.002624285925788963,0.004072521948102475,0.051872600352921065,nan,nan,nan,nan,0.14,False,True,
confirm_friction_payload,10147,passive,adaptation,12,stopped_after_recovery,0.0,0.0,0.0,-0.0017678864702909325,0.006583498873352683,0.04922328770484887,nan,nan,nan,nan,0.14,False,True,
confirm_friction_payload,10148,passive,adaptation,12,stopped_after_recovery,0.0,0.0,0.0,0.006643540556432803,0.006353368203518851,0.07749503599891606,nan,nan,nan,nan,0.14,False,True,
confirm_friction_payload,10149,passive,adaptation,12,stopped_after_recovery,0.0,0.0,0.0,0.01137888811599078,0.00924763113325252,0.0498438473784301,nan,nan,nan,nan,0.13879247939217293,False,True,
confirm_friction_payload,10150,passive,adaptation,12,stopped_after_recovery,0.0,0.0,0.0,-0.003416914694753674,0.002615861091875996,0.054888019335433046,nan,nan,nan,nan,0.1356116642251496,False,True,
confirm_friction_payload,10151,passive,adaptation,12,stopped_after_recovery,0.0,0.0,0.0,-0.00722278877305476,0.0129742327241286,0.07124931934280512,nan,nan,nan,nan,0.14,False,True,
confirm_friction_payload,10152,passive,adaptation,12,stopped_after_recovery,0.0,0.0,0.0,0.0007470210624673166,0.017100243557148627,0.07154071809657449,nan,nan,nan,nan,0.14,False,True,
confirm_friction_payload,10153,passive,adaptation,12,stopped_after_recovery,0.0,0.0,0.0,-0.021547829538575525,-0.020605444263281675,0.07588564353198515,nan,nan,nan,nan,0.14,False,True,
confirm_friction_payload,10154,passive,adaptation,12,stopped_after_recovery,0.0,0.0,0.0,0.0007003004088612574,0.0067030067028526884,0.039213708313849044,nan,nan,nan,nan,0.14,False,True,
confirm_friction_payload,10155,passive,adaptation,12,stopped_after_recovery,0.0,0.0,0.0,0.013140960084196704,0.010742647152161347,0.04884607312749636,nan,nan,nan,nan,0.14,False,True,
confirm_friction_payload,10156,passive,adaptation,12,stopped_after_recovery,0.0,0.0,0.0,0.0037759330605055368,0.00612954964471323,0.029812266303328627,nan,nan,nan,nan,0.14,False,True,
confirm_friction_payload,10157,passive,adaptation,12,stopped_after_recovery,0.0,0.0,0.0,0.005441465404127763,0.0017910613667910628,0.01346330479134538,nan,nan,nan,nan,0.14,False,True,
confirm_friction_payload,10158,passive,adaptation,12,stopped_after_recovery,0.0,0.0,0.0,2.2575510244760706e-06,0.006345455842689152,0.04540799991506592,nan,nan,nan,nan,0.14,False,True,
confirm_friction_payload,10159,passive,adaptation,12,stopped_after_recovery,0.0,0.0,0.0,0.0039109219878819485,0.005778085478264554,0.028057623218459917,nan,nan,nan,nan,0.14,False,True,
confirm_friction_payload,10160,passive,adaptation,12,stopped_after_recovery,0.0,0.0,0.0,0.002648270815092575,0.013494774675757236,0.06640103582670294,nan,nan,nan,nan,0.14,False,True,
confirm_friction_payload,10161,passive,adaptation,12,stopped_after_recovery,0.0,0.0,0.0,0.005092066748768151,0.014553169481730428,0.06041671921513598,nan,nan,nan,nan,0.14,False,True,
confirm_friction_payload,10162,passive,adaptation,12,stopped_after_recovery,0.0,0.0,0.0,0.010050867910934663,0.0060116604983187945,0.0720811803171958,nan,nan,nan,nan,0.14,False,True,
confirm_friction_payload,10163,passive,adaptation,12,stopped_after_recovery,0.0,0.0,0.0,0.0012275140377978498,0.004956361146431346,0.04955150916075438,nan,nan,nan,nan,0.14,False,True,
confirm_friction_payload,10164,passive,adaptation,12,stopped_after_recovery,0.0,0.0,0.0,0.009536521103830044,0.0100998895654093,0.0698841812113049,nan,nan,nan,nan,0.14,False,True,
confirm_friction_payload,10165,passive,adaptation,12,stopped_after_recovery,0.0,0.0,0.0,-0.005347436083170959,-0.012853302848402996,0.09369848086128012,nan,nan,nan,nan,0.14,False,True,
confirm_friction_payload,10166,passive,adaptation,12,stopped_after_recovery,0.0,0.0,0.0,0.011606919710743626,0.01350908551344503,0.05676146480259145,nan,nan,nan,nan,0.14,False,True,
confirm_friction_payload,10167,passive,adaptation,12,stopped_after_recovery,0.0,0.0,0.0,-0.001315339669874314,0.006298393644809474,0.045533359069788365,nan,nan,nan,nan,0.14,False,True,
confirm_friction_payload,10168,passive,adaptation,12,stopped_after_recovery,0.0,0.0,0.0,0.005846398272603607,0.00871904619595712,0.04372475200571972,nan,nan,nan,nan,0.14,False,True,
confirm_friction_payload,10169,passive,adaptation,12,stopped_after_recovery,0.0,0.0,0.0,-0.0006507726382989466,0.007465601777550579,0.05113654587996206,nan,nan,nan,nan,0.13600628137377527,False,True,
confirm_friction_payload,10170,passive,adaptation,12,stopped_after_recovery,0.0,0.0,0.0,0.005819411940035533,0.005561917266252988,0.02798694539788566,nan,nan,nan,nan,0.14,False,True,
confirm_friction_payload,10171,passive,adaptation,12,stopped_after_recovery,0.0,0.0,0.0,0.003938740886498388,0.008860183896179626,0.055190468719324044,nan,nan,nan,nan,0.13435273571828163,False,True,
confirm_friction_payload,10172,passive,adaptation,12,stopped_after_recovery,0.0,0.0,0.0,-0.0009757878067775141,0.00810909183898639,0.047381954716949885,nan,nan,nan,nan,0.14,False,True,
confirm_friction_payload,10101,passive,validation,12,rolling_fixed_holdout,0.2,-0.18,0.3,0.030057740125993403,-0.015347109809175676,0.13189132230824588,0.14682176774969602,-0.12924475478568148,0.2880343783506493,0.11349897918041922,0.14,True,True,
confirm_friction_payload,10102,passive,validation,12,rolling_fixed_holdout,0.2,-0.18,0.3,0.0968705083787184,-0.08816763685091529,0.24147811828773766,0.13585263985138704,-0.12659401504491835,0.35102373778396445,0.08898431745217128,0.1328210869158238,True,True,
confirm_friction_payload,10103,passive,validation,12,rolling_fixed_holdout,0.2,-0.18,0.3,0.09846852531729779,-0.10726401899183094,0.251617048065937,0.1596444901970089,-0.16714934769063128,0.28477829681759403,0.11469018944474009,0.14,True,True,
confirm_friction_payload,10104,passive,validation,12,rolling_fixed_holdout,0.2,-0.18,0.3,0.13848628472008986,-0.12333187337402374,0.2540321390375228,0.12304604627032867,-0.16616068330605624,0.2778878909467302,0.09352030096885969,0.14,True,True,
confirm_friction_payload,10105,passive,validation,12,rolling_fixed_holdout,0.2,-0.18,0.3,0.14193592654684195,-0.11046950981587794,0.29763720925567005,0.14573383434933768,-0.1337708704201127,0.31917597938943354,0.10147995289380891,0.14,True,True,
confirm_friction_payload,10106,passive,validation,12,rolling_fixed_holdout,0.2,-0.18,0.3,0.0792188124682114,-0.07461581932393338,0.2599024814762142,0.142129094055674,-0.13782391571300537,0.35495420165424607,0.09394811531911668,0.14,True,True,
confirm_friction_payload,10107,passive,validation,12,rolling_fixed_holdout,0.2,-0.18,0.3,0.11617811544822379,-0.013487715961196758,0.23432928379786755,0.13180274174067402,-0.13529239017975683,0.3052975020628345,0.09172631798210609,0.14,True,True,
confirm_friction_payload,10108,passive,validation,12,rolling_fixed_holdout,0.2,-0.18,0.3,0.12297944138651637,-0.12316815001419155,0.23931648539061964,0.14553284285405002,-0.16312119769401398,0.283133247549807,0.11913665636731517,0.14,True,True,
confirm_friction_payload,10109,passive,validation,12,rolling_fixed_holdout,0.2,-0.18,0.3,0.11843894701377491,-0.1564999349758386,0.1733018529656966,0.16527169565034067,-0.17032757291395523,0.3229649896436577,0.11866178146257435,0.13874413128194593,True,True,
confirm_friction_payload,10110,passive,validation,12,rolling_fixed_holdout,0.2,-0.18,0.3,0.03911861521252226,0.006671307723798061,0.12066612298921782,0.15808229127047252,-0.12781491775735482,0.2862575852885978,0.1178573557597486,0.14,True,True,
confirm_friction_payload,10111,passive,validation,12,rolling_fixed_holdout,0.2,-0.18,0.3,0.10711258896555804,-0.014412979295501399,0.3122040464021617,0.1278528067344023,-0.14609266494595735,0.31864874507276253,0.10615538931004145,0.14,True,True,
confirm_friction_payload,10112,passive,validation,12,rolling_fixed_holdout,0.2,-0.18,0.3,0.11685534584532668,-0.06769640578196066,0.22995713347131436,0.14438036580123903,-0.17898127494615726,0.2843875266819678,0.07938611213355044,0.14,True,True,
confirm_friction_payload,10113,passive,validation,12,rolling_fixed_holdout,0.2,-0.18,0.3,0.13339319145057194,-0.07713819582965369,0.23490129615950747,0.13261745864865754,-0.09423169601637468,0.3470712882969639,0.07872074444159873,0.13741472515514244,True,True,
confirm_friction_payload,10114,passive,validation,12,rolling_fixed_holdout,0.2,-0.18,0.3,0.11272821980558327,-0.11710278060207585,0.25884383947217404,0.15505517879566194,-0.14939706074577594,0.3191667632801398,0.09008430221309989,0.14,True,True,
confirm_friction_payload,10115,passive,validation,12,rolling_fixed_holdout,0.2,-0.18,0.3,0.10701968555892875,-0.10302938554618031,0.26398508616840355,0.14244754160820394,-0.1838313253623778,0.2875425347931965,0.10251435481065724,0.14,True,True,
confirm_friction_payload,10116,passive,validation,12,rolling_fixed_holdout,0.2,-0.18,0.3,0.02463859851417651,0.004430577007843688,0.1136201651292867,0.16529724339493945,-0.15608700968952208,0.298437742378609,0.12893063468533073,0.14,True,True,
confirm_friction_payload,10117,passive,validation,12,rolling_fixed_holdout,0.2,-0.18,0.3,0.13286946624671295,-0.09765753020991898,0.16460630127397874,0.12381227652481029,-0.1264284231787718,0.33163365394836136,0.09429875528323287,0.14,True,True,
confirm_friction_payload,10118,passive,validation,12,rolling_fixed_holdout,0.2,-0.18,0.3,0.03695835684170843,0.010718714059625468,0.09311903911526813,0.14477445188173607,-0.14270569021334845,0.29809362370873144,0.12811053534461958,0.14,True,True,
confirm_friction_payload,10119,passive,validation,12,rolling_fixed_holdout,0.2,-0.18,0.3,0.13155480233192057,-0.01419123718540819,0.2588706168280373,0.1549052611135363,-0.14613475064401532,0.2879223749224563,0.09131562494454357,0.13149388015904118,True,True,
confirm_friction_payload,10120,passive,validation,12,rolling_fixed_holdout,0.2,-0.18,0.3,0.16526221066811375,-0.1344749062876768,0.21839968855874572,0.12412566922625863,-0.12344826365494727,0.31397789602988235,0.08975222975782167,0.14,True,True,
confirm_friction_payload,10121,passive,validation,12,rolling_fixed_holdout,0.2,-0.18,0.3,0.1019790574838941,-0.06540413110846635,0.2351963896043557,0.13179822533575067,-0.11537297829272421,0.31436465965608135,0.08847792646011884,0.14,True,True,
confirm_friction_payload,10122,passive,validation,12,rolling_fixed_holdout,0.2,-0.18,0.3,0.05846454580733183,-0.011572747959377142,0.24775165340082297,0.13741049218003915,-0.15037299588160996,0.3196047058896107,0.1019814053708311,0.14,True,True,
confirm_friction_payload,10123,passive,validation,12,rolling_fixed_holdout,0.2,-0.18,0.3,0.13332974261432107,-0.06705511255811127,0.2525188320423864,0.14434656843737334,-0.15827626612935358,0.3147514674898334,0.0939557296763367,0.14,True,True,
confirm_friction_payload,10124,passive,validation,12,rolling_fixed_holdout,0.2,-0.18,0.3,0.016148055862086775,-0.01665961864798235,0.16134870548358338,0.11873744249493093,-0.16424106576171013,0.25744523712244,0.08779400268336894,0.14,True,True,
confirm_friction_payload,10125,passive,validation,12,rolling_fixed_holdout,0.2,-0.18,0.3,0.13917440586441052,-0.13611761528010427,0.22385216828505947,0.15433610538822398,-0.1669469560228824,0.30588309210852804,0.08215606311008966,0.14,True,True,
confirm_friction_payload,10126,passive,validation,12,rolling_fixed_holdout,0.2,-0.18,0.3,0.07248052025473248,-0.05340693529092196,0.16823543021826234,0.148316022051762,-0.11151557627059988,0.32948777148971314,0.09312415596869343,0.14,True,True,
confirm_friction_payload,10127,passive,validation,12,rolling_fixed_holdout,0.2,-0.18,0.3,0.1388060128904922,-0.1726226608122211,0.24107956729036542,0.12259480545862123,-0.10568095558733583,0.33811513788775316,0.09749017075081529,0.14,True,True,
confirm_friction_payload,10128,passive,validation,12,rolling_fixed_holdout,0.2,-0.18,0.3,0.05508934048499766,-0.023429302950637977,0.2680950461291344,0.13913313787787152,-0.14635574426241657,0.27491385253142775,0.10512193222449956,0.14,True,True,
confirm_friction_payload,10129,passive,validation,12,rolling_fixed_holdout,0.2,-0.18,0.3,0.10906319673587206,0.00573063640342854,0.19848310685645187,0.1495860281578568,-0.14818726532750617,0.28298667533977306,0.11899680398450338,0.14,True,True,
confirm_friction_payload,10130,passive,validation,12,rolling_fixed_holdout,0.2,-0.18,0.3,0.12068084855844884,-0.16076391406639462,0.24490028189733432,0.12548594936156088,-0.12909706499378495,0.328701827559734,0.10673429239222824,0.14,True,True,
confirm_friction_payload,10131,passive,validation,12,rolling_fixed_holdout,0.2,-0.18,0.3,0.18466093939829611,-0.11289694455787083,0.2311779978089479,0.155364956464667,-0.18689518562433718,0.30087124991255615,0.08640510640926656,0.14,True,True,
confirm_friction_payload,10132,passive,validation,12,rolling_fixed_holdout,0.2,-0.18,0.3,0.0686683997516344,-0.009465240667337858,0.2683813106891073,0.1568377234008948,-0.16930446669421045,0.3102263498689869,0.10610687428805819,0.14,True,True,
confirm_friction_payload,10133,passive,validation,12,rolling_fixed_holdout,0.2,-0.18,0.3,0.15805195572109135,-0.18836970276623374,0.2832325216034159,0.15568973377059453,-0.15334629470439579,0.3550829663705168,0.09345017025574133,0.14,True,True,
confirm_friction_payload,10134,passive,validation,12,rolling_fixed_holdout,0.2,-0.18,0.3,0.09621644623794562,-0.12602446934900777,0.1928657719974269,0.13172617728343677,-0.15678891000403922,0.343149711891502,0.09323375245133725,0.14,True,True,
confirm_friction_payload,10135,passive,validation,12,rolling_fixed_holdout,0.2,-0.18,0.3,0.10610701514194004,-0.08693176650692773,0.27340777260304416,0.14755576589107214,-0.1302014838552158,0.32346388395515446,0.09235584860413852,0.14,True,True,
confirm_friction_payload,10136,passive,validation,12,rolling_fixed_holdout,0.2,-0.18,0.3,0.1571412904422475,-0.13160792619431155,0.2917345919025034,0.1472709082669488,-0.15990904181107599,0.2732370704252497,0.07893069270720993,0.13509441202791128,True,True,
confirm_friction_payload,10137,passive,validation,12,rolling_fixed_holdout,0.2,-0.18,0.3,0.10082827142204528,-0.08271895697739239,0.23592443663378174,0.13384372726181942,-0.16712741196556613,0.28716969420810917,0.11460050019857022,0.14,True,True,
confirm_friction_payload,10138,passive,validation,12,rolling_fixed_holdout,0.2,-0.18,0.3,0.1431041885043553,-0.14883148840298868,0.2573675620136615,0.17579345141801822,-0.16300401699581082,0.2818884159799545,0.08136974802269233,0.14,True,True,
confirm_friction_payload,10139,passive,validation,12,rolling_fixed_holdout,0.2,-0.18,0.3,0.15885357377777073,-0.051302932942497666,0.10621551532246175,0.14763328964031858,-0.1271401907929725,0.3210105030422841,0.1057043291390637,0.14,True,True,
confirm_friction_payload,10140,passive,validation,12,rolling_fixed_holdout,0.2,-0.18,0.3,0.08873465217365245,-0.10884496797943141,0.29672830676542705,0.1292705961371941,-0.14386148164794582,0.33877672881693255,0.1396579929436105,0.14,True,True,
confirm_friction_payload,10141,passive,validation,12,rolling_fixed_holdout,0.2,-0.18,0.3,0.1261350908796276,-0.20297656279287557,0.1956346391790939,0.12477263710412627,-0.12832993268568435,0.3312252904492637,0.1007717573669627,0.14,True,True,
confirm_friction_payload,10142,passive,validation,12,rolling_fixed_holdout,0.2,-0.18,0.3,0.03708256970843756,-0.01333296471014837,0.15563427269492927,0.16090733289962522,-0.16238112572414493,0.28937208354489846,0.12089165289703599,0.14,True,True,
confirm_friction_payload,10143,passive,validation,12,rolling_fixed_holdout,0.2,-0.18,0.3,0.10667207154278581,-0.15491435489404928,0.21404114237996125,0.1395896246728674,-0.1421646326096738,0.33349879936891025,0.08461232961384954,0.14,True,True,
confirm_friction_payload,10144,passive,validation,12,rolling_fixed_holdout,0.2,-0.18,0.3,0.07770954800751563,-0.054647556406336374,0.19365370372504656,0.12237433256031818,-0.13507356421262834,0.3325332937255351,0.10460021875784162,0.14,True,True,
confirm_friction_payload,10145,passive,validation,12,rolling_fixed_holdout,0.2,-0.18,0.3,0.1848707776802133,-0.1706615277217762,0.27596156888196427,0.19966842780850463,-0.15574753546490536,0.28869740541594435,0.08400869278216372,0.14,True,True,
confirm_friction_payload,10146,passive,validation,12,rolling_fixed_holdout,0.2,-0.18,0.3,0.06938347661765133,-0.08519155270115723,0.1892893302257553,0.14735049187939117,-0.151815764184572,0.30705445376294804,0.1155527897093526,0.14,True,True,
confirm_friction_payload,10147,passive,validation,12,rolling_fixed_holdout,0.2,-0.18,0.3,0.12466322387352034,-0.030381990019752333,0.2639995706387142,0.14665517155727906,-0.11374146207840517,0.3165163512130684,0.09260702815342127,0.14,True,True,
confirm_friction_payload,10148,passive,validation,12,rolling_fixed_holdout,0.2,-0.18,0.3,0.17748712088134327,-0.17594705669825247,0.2660556465665548,0.1534085425689662,-0.15874385203676586,0.32203731201032837,0.08856615679492233,0.14,True,True,
confirm_friction_payload,10149,passive,validation,12,rolling_fixed_holdout,0.2,-0.18,0.3,0.11021103430930801,-0.09582970531730921,0.1812498679687144,0.17437396888412365,-0.17933841933813546,0.2970209137568808,0.09894310175072607,0.13879247939217293,True,True,
confirm_friction_payload,10150,passive,validation,12,rolling_fixed_holdout,0.2,-0.18,0.3,0.07498118336126415,-0.005008375244938562,0.20094262412948846,0.13276344469083395,-0.09830483468835273,0.31680147858338975,0.11207101054382111,0.1356116642251496,True,True,
confirm_friction_payload,10151,passive,validation,12,rolling_fixed_holdout,0.2,-0.18,0.3,0.032683511525758435,-0.0534791263701298,0.2003010170150086,0.1467318636009723,-0.1369040657589353,0.3408982571089081,0.10520015621345057,0.14,True,True,
confirm_friction_payload,10152,passive,validation,12,rolling_fixed_holdout,0.2,-0.18,0.3,0.1128494558326265,-0.11416267953044397,0.29698693952130856,0.12730367530573886,-0.13119661103633912,0.33600287719070504,0.09870200692141863,0.14,True,True,
confirm_friction_payload,10153,passive,validation,12,rolling_fixed_holdout,0.2,-0.18,0.3,0.09136309560802194,-0.07460703055544621,0.24426967207135633,0.1461326891350199,-0.12811155021032725,0.287141562439173,0.09267366557896624,0.14,True,True,
confirm_friction_payload,10154,passive,validation,12,rolling_fixed_holdout,0.2,-0.18,0.3,0.1201812890001281,-0.09360617107678572,0.27123410066942394,0.13852285985144802,-0.129378048088967,0.3018468253958831,0.08576552304061646,0.14,True,True,
confirm_friction_payload,10155,passive,validation,12,rolling_fixed_holdout,0.2,-0.18,0.3,0.14994798899988532,-0.188738106563089,0.2180721659984041,0.15912869869160914,-0.135083834648698,0.32950395890343215,0.08840968104609137,0.14,True,True,
confirm_friction_payload,10156,passive,validation,12,rolling_fixed_holdout,0.2,-0.18,0.3,0.020477019415558146,-0.04695059576254014,0.1571538798155264,0.13367251010045728,-0.13829096560956644,0.30008378955786785,0.11414496000214483,0.14,True,True,
confirm_friction_payload,10157,passive,validation,12,rolling_fixed_holdout,0.2,-0.18,0.3,0.10757780514356736,-0.17446385931588348,0.2174882030609838,0.13353242560555212,-0.10668801518494991,0.3439109354989148,0.0730538911547024,0.14,True,True,
confirm_friction_payload,10158,passive,validation,12,rolling_fixed_holdout,0.2,-0.18,0.3,0.13348788865363947,-0.09602798244581345,0.25064031277674914,0.1344652284969929,-0.1398673183494735,0.2995890714797994,0.08479645159664363,0.14,True,True,
confirm_friction_payload,10159,passive,validation,12,rolling_fixed_holdout,0.2,-0.18,0.3,0.02212324965506048,-0.018324978408073955,0.20419544875421658,0.14180310497638413,-0.17874394512464603,0.28501288466297353,0.11460226318974266,0.14,True,True,
confirm_friction_payload,10160,passive,validation,12,rolling_fixed_holdout,0.2,-0.18,0.3,0.09079306431696198,-0.11381980352476367,0.25980802221776556,0.13343371824112854,-0.13990400052439544,0.35205984485331443,0.09684532242324342,0.14,True,True,
confirm_friction_payload,10161,passive,validation,12,rolling_fixed_holdout,0.2,-0.18,0.3,0.13994280557419927,-0.10670291646396304,0.2818156693408322,0.14149126476603557,-0.1655693655240721,0.28077363179987663,0.12587889678380926,0.14,True,True,
confirm_friction_payload,10162,passive,validation,12,rolling_fixed_holdout,0.2,-0.18,0.3,0.18126463602799683,-0.15528628959129176,0.2924211180152547,0.14418889166730153,-0.12978185742644055,0.30250432866281646,0.10867939566977562,0.14,True,True,
confirm_friction_payload,10163,passive,validation,12,rolling_fixed_holdout,0.2,-0.18,0.3,0.12162281358110072,-0.13929143533348937,0.2426983897052901,0.13819086727274588,-0.15072597226996287,0.35259359186808303,0.08801166070023504,0.14,True,True,
confirm_friction_payload,10164,passive,validation,12,rolling_fixed_holdout,0.2,-0.18,0.3,0.21130870121252085,-0.08347919579461258,0.23837109869839762,0.15554754093504186,-0.17156430496843736,0.2897033422927927,0.10685280509322982,0.14,True,True,
confirm_friction_payload,10165,passive,validation,12,rolling_fixed_holdout,0.2,-0.18,0.3,0.11598078765373657,-0.11112415617458826,0.23107098332089424,0.14896457081015738,-0.14137961968236618,0.31556417647657126,0.09214992667047149,0.14,True,True,
confirm_friction_payload,10166,passive,validation,12,rolling_fixed_holdout,0.2,-0.18,0.3,0.17166728044092122,-0.06642294840229063,0.194417356490586,0.14494244219850327,-0.15563455528797634,0.2680257980406465,0.10436420904537685,0.14,True,True,
confirm_friction_payload,10167,passive,validation,12,rolling_fixed_holdout,0.2,-0.18,0.3,0.12526323480694404,-0.01678745486210011,0.23952982321939406,0.1540056827219494,-0.1455873186414681,0.30158771709239285,0.09366342435439944,0.14,True,True,
confirm_friction_payload,10168,passive,validation,12,rolling_fixed_holdout,0.2,-0.18,0.3,0.07835416508899637,-0.14110010383071436,0.19677989848602118,0.15445751636631927,-0.15533868421532276,0.3225518725755727,0.08408783542026603,0.14,True,True,
confirm_friction_payload,10169,passive,validation,12,rolling_fixed_holdout,0.2,-0.18,0.3,0.07877772545786087,-0.008265605661134533,0.22680083806998777,0.16234692552510288,-0.16598996356513657,0.29740340799753967,0.10333514350537253,0.13600628137377527,True,True,
confirm_friction_payload,10170,passive,validation,12,rolling_fixed_holdout,0.2,-0.18,0.3,0.03798123805482978,0.007257461251492976,0.11857264340255533,0.14899867712501896,-0.13066009752548244,0.3102872335761109,0.1130107524045212,0.14,True,True,
confirm_friction_payload,10171,passive,validation,12,rolling_fixed_holdout,0.2,-0.18,0.3,0.11107583176764778,-0.01142394354131215,0.23076662630123923,0.1797437111682406,-0.1515883000850869,0.29812482740754054,0.11552136672451237,0.13435273571828163,True,True,
confirm_friction_payload,10172,passive,validation,12,rolling_fixed_holdout,0.2,-0.18,0.3,0.1082024878203636,-0.03760484446379448,0.20958972144314553,0.17185484119967595,-0.18101640000681518,0.2879028769059521,0.11844272975824013,0.14,True,True,
